SET DB_CLOSE_DELAY -1;        
;             
CREATE USER IF NOT EXISTS SA SALT 'de6a6fb6a9156220' HASH '485e439bf4bffce69e31b07f1d2a96fe9b2528fd42a6ec9474f3b52efb0474f4' ADMIN;           
CREATE SEQUENCE PUBLIC.HIBERNATE_SEQUENCE START WITH 318;     
CREATE MEMORY TABLE PUBLIC.AREAS(
    ID BIGINT NOT NULL,
    CREATED_AT TIMESTAMP NOT NULL,
    UPDATED_AT TIMESTAMP NOT NULL,
    DESCRIPTION VARCHAR(255) NOT NULL,
    TITLE VARCHAR(255) NOT NULL,
    CREATED_BY_ID BIGINT NOT NULL
);           
ALTER TABLE PUBLIC.AREAS ADD CONSTRAINT PUBLIC.CONSTRAINT_3 PRIMARY KEY(ID);  
-- 10 +/- SELECT COUNT(*) FROM PUBLIC.AREAS;  
INSERT INTO PUBLIC.AREAS(ID, CREATED_AT, UPDATED_AT, DESCRIPTION, TITLE, CREATED_BY_ID) VALUES
(21, TIMESTAMP '2018-11-26 20:53:46.808', TIMESTAMP '2018-11-26 20:53:46.808', 'Nice description for test area #0', 'Area 0', 1),
(22, TIMESTAMP '2018-11-26 20:53:46.813', TIMESTAMP '2018-11-26 20:53:46.813', 'Nice description for test area #1', 'Area 1', 1),
(23, TIMESTAMP '2018-11-26 20:53:46.816', TIMESTAMP '2018-11-26 20:53:46.816', 'Nice description for test area #2', 'Area 2', 1),
(24, TIMESTAMP '2018-11-26 20:53:46.819', TIMESTAMP '2018-11-26 20:53:46.819', 'Nice description for test area #3', 'Area 3', 1),
(25, TIMESTAMP '2018-11-26 20:53:46.822', TIMESTAMP '2018-11-26 20:53:46.822', 'Nice description for test area #4', 'Area 4', 1),
(26, TIMESTAMP '2018-11-26 20:53:46.829', TIMESTAMP '2018-11-26 20:53:46.829', 'Nice description for test area #5', 'Area 5', 1),
(27, TIMESTAMP '2018-11-26 20:53:46.833', TIMESTAMP '2018-11-26 20:53:46.833', 'Nice description for test area #6', 'Area 6', 1),
(28, TIMESTAMP '2018-11-26 20:53:46.841', TIMESTAMP '2018-11-26 20:53:46.841', 'Nice description for test area #7', 'Area 7', 1),
(29, TIMESTAMP '2018-11-26 20:53:46.846', TIMESTAMP '2018-11-26 20:53:46.846', 'Nice description for test area #8', 'Area 8', 1),
(30, TIMESTAMP '2018-11-26 20:53:46.85', TIMESTAMP '2018-11-26 20:53:46.85', 'Nice description for test area #9', 'Area 9', 1);    
CREATE MEMORY TABLE PUBLIC.BALLOT_MODEL(
    ID BIGINT NOT NULL,
    LEVEL INTEGER NOT NULL,
    VOTE_COUNT INTEGER NOT NULL,
    CHECKSUM_CHECKSUM VARCHAR(255) NOT NULL,
    POLL_ID BIGINT NOT NULL
);               
ALTER TABLE PUBLIC.BALLOT_MODEL ADD CONSTRAINT PUBLIC.CONSTRAINT_6 PRIMARY KEY(ID);           
-- 6 +/- SELECT COUNT(*) FROM PUBLIC.BALLOT_MODEL;            
INSERT INTO PUBLIC.BALLOT_MODEL(ID, LEVEL, VOTE_COUNT, CHECKSUM_CHECKSUM, POLL_ID) VALUES
(312, 0, 6, '$2a$10$1IdrGrRAN2Wp3U7QI.JIzudrdFJiWiSqhdx8m4U3LVB9OmTHz0UNC', 245),
(313, 1, 1, '$2a$10$1IdrGrRAN2Wp3U7QI.JIzuDNJ3/Zr9uzAFIaV9ADuZZUJf/k1bPsK', 245),
(314, 1, 1, '$2a$10$1IdrGrRAN2Wp3U7QI.JIzuFcrzE/6aZBHqv/w1In./MQYaeXJZjFW', 245),
(315, 1, 3, '$2a$10$1IdrGrRAN2Wp3U7QI.JIzuVBghJ8LozssO47FYlBL4hCyZGb93Iny', 245),
(316, 2, 1, '$2a$10$1IdrGrRAN2Wp3U7QI.JIzu0foiqzes0JKn0.cs99U7OZdE9lP/z6.', 245),
(317, 2, 1, '$2a$10$1IdrGrRAN2Wp3U7QI.JIzuod99LObZZ7vEbdh//FLKvyEAGtcrV4e', 245);   
CREATE MEMORY TABLE PUBLIC.BALLOT_MODEL_VOTE_ORDER(
    BALLOT_MODEL_ID BIGINT NOT NULL,
    VOTE_ORDER_ID BIGINT NOT NULL,
    VOTE_ORDER_ORDER INTEGER NOT NULL
);      
ALTER TABLE PUBLIC.BALLOT_MODEL_VOTE_ORDER ADD CONSTRAINT PUBLIC.CONSTRAINT_E PRIMARY KEY(BALLOT_MODEL_ID, VOTE_ORDER_ORDER); 
-- 2 +/- SELECT COUNT(*) FROM PUBLIC.BALLOT_MODEL_VOTE_ORDER; 
INSERT INTO PUBLIC.BALLOT_MODEL_VOTE_ORDER(BALLOT_MODEL_ID, VOTE_ORDER_ID, VOTE_ORDER_ORDER) VALUES
(317, 267, 0),
(317, 260, 1);           
CREATE MEMORY TABLE PUBLIC.CHECKSUMS(
    CHECKSUM VARCHAR(255) NOT NULL,
    EXPIRES_AT TIMESTAMP,
    REQUESTED_DELEGATION_AT TIMESTAMP,
    TRANSITIVE BOOLEAN NOT NULL,
    AREA_ID BIGINT,
    DELEGATED_TO_CHECKSUM VARCHAR(255),
    PUBLIC_PROXY_ID BIGINT,
    REQUESTED_DELEGATION_TO_ID BIGINT
);         
ALTER TABLE PUBLIC.CHECKSUMS ADD CONSTRAINT PUBLIC.CONSTRAINT_B PRIMARY KEY(CHECKSUM);        
-- 6 +/- SELECT COUNT(*) FROM PUBLIC.CHECKSUMS;               
INSERT INTO PUBLIC.CHECKSUMS(CHECKSUM, EXPIRES_AT, REQUESTED_DELEGATION_AT, TRANSITIVE, AREA_ID, DELEGATED_TO_CHECKSUM, PUBLIC_PROXY_ID, REQUESTED_DELEGATION_TO_ID) VALUES
('$2a$10$1IdrGrRAN2Wp3U7QI.JIzuDNJ3/Zr9uzAFIaV9ADuZZUJf/k1bPsK', TIMESTAMP '2018-11-27 20:53:47.33', NULL, TRUE, 21, '$2a$10$1IdrGrRAN2Wp3U7QI.JIzudrdFJiWiSqhdx8m4U3LVB9OmTHz0UNC', 2, NULL),
('$2a$10$1IdrGrRAN2Wp3U7QI.JIzuFcrzE/6aZBHqv/w1In./MQYaeXJZjFW', TIMESTAMP '2018-11-27 20:53:47.595', NULL, TRUE, 21, '$2a$10$1IdrGrRAN2Wp3U7QI.JIzudrdFJiWiSqhdx8m4U3LVB9OmTHz0UNC', 3, NULL),
('$2a$10$1IdrGrRAN2Wp3U7QI.JIzuVBghJ8LozssO47FYlBL4hCyZGb93Iny', TIMESTAMP '2018-11-27 20:53:47.843', NULL, TRUE, 21, '$2a$10$1IdrGrRAN2Wp3U7QI.JIzudrdFJiWiSqhdx8m4U3LVB9OmTHz0UNC', 4, NULL),
('$2a$10$1IdrGrRAN2Wp3U7QI.JIzu0foiqzes0JKn0.cs99U7OZdE9lP/z6.', TIMESTAMP '2018-11-27 20:53:48.15', NULL, TRUE, 21, '$2a$10$1IdrGrRAN2Wp3U7QI.JIzuVBghJ8LozssO47FYlBL4hCyZGb93Iny', 5, NULL),
('$2a$10$1IdrGrRAN2Wp3U7QI.JIzuod99LObZZ7vEbdh//FLKvyEAGtcrV4e', TIMESTAMP '2018-11-27 20:53:48.393', NULL, FALSE, 21, '$2a$10$1IdrGrRAN2Wp3U7QI.JIzuVBghJ8LozssO47FYlBL4hCyZGb93Iny', 6, NULL),
('$2a$10$1IdrGrRAN2Wp3U7QI.JIzudrdFJiWiSqhdx8m4U3LVB9OmTHz0UNC', TIMESTAMP '2018-11-27 20:53:55.251', NULL, TRUE, 21, NULL, 1, NULL);        
CREATE MEMORY TABLE PUBLIC.COMMENTS(
    ID BIGINT NOT NULL,
    CREATED_AT TIMESTAMP NOT NULL,
    UPDATED_AT TIMESTAMP NOT NULL,
    COMMENT VARCHAR(255) NOT NULL,
    CREATED_BY_ID BIGINT NOT NULL,
    PARENT_ID BIGINT
);       
ALTER TABLE PUBLIC.COMMENTS ADD CONSTRAINT PUBLIC.CONSTRAINT_A PRIMARY KEY(ID);               
-- 90 +/- SELECT COUNT(*) FROM PUBLIC.COMMENTS;               
INSERT INTO PUBLIC.COMMENTS(ID, CREATED_AT, UPDATED_AT, COMMENT, CREATED_BY_ID, PARENT_ID) VALUES
(203, TIMESTAMP '2018-11-26 20:53:53.901', TIMESTAMP '2018-11-26 20:53:53.901', 'Comment on root level. I really like this idea, but needs to be improved.', 2, NULL),
(204, TIMESTAMP '2018-11-26 20:53:53.945', TIMESTAMP '2018-11-26 20:53:53.945', 'Reply 0 Lorem ipsum dolor sit amet, ', 16, 203),
(205, TIMESTAMP '2018-11-26 20:53:53.946', TIMESTAMP '2018-11-26 20:53:53.946', 'Reply 1 Lorem ipsum dolor sit amet, consectetur adipis', 12, 203),
(206, TIMESTAMP '2018-11-26 20:53:53.952', TIMESTAMP '2018-11-26 20:53:53.952', 'Reply 2 Lorem ipsum dolor sit amet, consectetur adipiscing elit, sed do eiusmod tempor incididunt', 5, 203),
(207, TIMESTAMP '2018-11-26 20:53:53.953', TIMESTAMP '2018-11-26 20:53:53.953', 'Reply 3 Lorem ipsum dolor sit amet, consectetur adipiscing elit, sed do eiusmod tempor in', 17, 203),
(208, TIMESTAMP '2018-11-26 20:53:53.972', TIMESTAMP '2018-11-26 20:53:53.972', 'Reply 4 Lorem ipsum dolor sit amet, consectetur adipiscing elit, sed do eiusmod tempor incididunt ut', 17, 203),
(211, TIMESTAMP '2018-11-26 20:53:54.03', TIMESTAMP '2018-11-26 20:53:54.03', 'Comment on root level. I really like this idea, but needs to be improved.', 3, NULL),
(212, TIMESTAMP '2018-11-26 20:53:54.032', TIMESTAMP '2018-11-26 20:53:54.032', 'Reply 0 Lorem ipsum dolor sit amet, consectetur adipiscing elit, sed do eiusmod tempor incididunt ut', 18, 211),
(213, TIMESTAMP '2018-11-26 20:53:54.033', TIMESTAMP '2018-11-26 20:53:54.033', 'Reply 1 Lorem ipsum dolor sit am', 3, 211),
(214, TIMESTAMP '2018-11-26 20:53:54.034', TIMESTAMP '2018-11-26 20:53:54.034', 'Reply 2 Lorem ipsum dolor s', 10, 211),
(215, TIMESTAMP '2018-11-26 20:53:54.035', TIMESTAMP '2018-11-26 20:53:54.035', 'Reply 3 Lorem ipsum do', 18, 211),
(216, TIMESTAMP '2018-11-26 20:53:54.037', TIMESTAMP '2018-11-26 20:53:54.037', 'Reply 4 Lorem ipsum dolor sit amet, consectetur adipiscing elit, sed do eiusmod tempor incididunt ut l', 10, 211),
(218, TIMESTAMP '2018-11-26 20:53:54.071', TIMESTAMP '2018-11-26 20:53:54.071', 'Comment on root level. I really like this idea, but needs to be improved.', 16, NULL),
(219, TIMESTAMP '2018-11-26 20:53:54.072', TIMESTAMP '2018-11-26 20:53:54.072', 'Reply 0 Lorem ipsum dolor sit amet, consectetur adipiscing elit, sed do eiusmod tempor inci', 6, 218),
(220, TIMESTAMP '2018-11-26 20:53:54.073', TIMESTAMP '2018-11-26 20:53:54.073', 'Reply 1 Lorem ipsum dolor sit amet, consectetur adi', 11, 218),
(221, TIMESTAMP '2018-11-26 20:53:54.074', TIMESTAMP '2018-11-26 20:53:54.074', 'Reply 2 Lorem ipsum dolor sit amet, cons', 3, 218),
(222, TIMESTAMP '2018-11-26 20:53:54.075', TIMESTAMP '2018-11-26 20:53:54.075', 'Reply 3 Lorem ipsum d', 18, 218),
(223, TIMESTAMP '2018-11-26 20:53:54.076', TIMESTAMP '2018-11-26 20:53:54.076', 'Reply 4 Lorem ipsum dolor sit amet, consectetur adipiscing elit, sed do ei', 7, 218),
(225, TIMESTAMP '2018-11-26 20:53:54.112', TIMESTAMP '2018-11-26 20:53:54.112', 'Comment on root level. I really like this idea, but needs to be improved.', 4, NULL),
(226, TIMESTAMP '2018-11-26 20:53:54.114', TIMESTAMP '2018-11-26 20:53:54.114', 'Reply 0 Lorem ipsum dolor sit amet, consectetur adipiscing elit, sed do eiusmod temp', 5, 225),
(227, TIMESTAMP '2018-11-26 20:53:54.115', TIMESTAMP '2018-11-26 20:53:54.115', 'Reply 1 Lorem ipsum dolor sit ', 14, 225),
(228, TIMESTAMP '2018-11-26 20:53:54.116', TIMESTAMP '2018-11-26 20:53:54.116', 'Reply 2 Lorem ipsum dolor sit amet, consectetur adipiscing elit, sed do eiu', 15, 225),
(229, TIMESTAMP '2018-11-26 20:53:54.117', TIMESTAMP '2018-11-26 20:53:54.117', 'Reply 3 Lorem ipsum dolor sit amet, consectetur adipiscing elit, sed do eiusmod tempor incididun', 1, 225),
(230, TIMESTAMP '2018-11-26 20:53:54.118', TIMESTAMP '2018-11-26 20:53:54.118', 'Reply 4 Lorem ipsum dolor sit amet, consectetur adipiscing elit, sed do eiusm', 16, 225),
(232, TIMESTAMP '2018-11-26 20:53:54.161', TIMESTAMP '2018-11-26 20:53:54.161', 'Comment on root level. I really like this idea, but needs to be improved.', 20, NULL);              
INSERT INTO PUBLIC.COMMENTS(ID, CREATED_AT, UPDATED_AT, COMMENT, CREATED_BY_ID, PARENT_ID) VALUES
(233, TIMESTAMP '2018-11-26 20:53:54.163', TIMESTAMP '2018-11-26 20:53:54.163', 'Reply 0 Lorem ipsum dolor si', 4, 232),
(234, TIMESTAMP '2018-11-26 20:53:54.165', TIMESTAMP '2018-11-26 20:53:54.165', 'Reply 1 Lorem ipsum dolor sit amet, consectetur adipiscing elit, sed do eiusmod tempor in', 4, 232),
(235, TIMESTAMP '2018-11-26 20:53:54.166', TIMESTAMP '2018-11-26 20:53:54.166', 'Reply 2 Lorem ipsum dolor sit amet, consect', 13, 232),
(236, TIMESTAMP '2018-11-26 20:53:54.176', TIMESTAMP '2018-11-26 20:53:54.176', 'Reply 3 Lorem ipsum dol', 5, 232),
(237, TIMESTAMP '2018-11-26 20:53:54.178', TIMESTAMP '2018-11-26 20:53:54.178', 'Reply 4 Lorem ipsu', 9, 232),
(239, TIMESTAMP '2018-11-26 20:53:54.222', TIMESTAMP '2018-11-26 20:53:54.222', 'Comment on root level. I really like this idea, but needs to be improved.', 17, NULL),
(240, TIMESTAMP '2018-11-26 20:53:54.223', TIMESTAMP '2018-11-26 20:53:54.223', 'Reply 0 Lorem ipsum dolor sit amet, consectetur adipiscing elit, sed do eiusmod tempor incididun', 1, 239),
(241, TIMESTAMP '2018-11-26 20:53:54.224', TIMESTAMP '2018-11-26 20:53:54.224', 'Reply 1 Lorem ipsum dolor sit amet, consectetur adipiscing elit, sed do eiusmod temp', 6, 239),
(242, TIMESTAMP '2018-11-26 20:53:54.225', TIMESTAMP '2018-11-26 20:53:54.225', 'Reply 2 Lorem ipsum dolor sit amet, consectetur adipiscing elit, sed do eiusmod tempor incidid', 9, 239),
(243, TIMESTAMP '2018-11-26 20:53:54.226', TIMESTAMP '2018-11-26 20:53:54.226', 'Reply 3 Lorem ipsum dolor sit amet, consectetur adipiscing elit, sed do eiusm', 5, 239),
(244, TIMESTAMP '2018-11-26 20:53:54.227', TIMESTAMP '2018-11-26 20:53:54.227', 'Reply 4 Lorem ipsum dolor sit amet, consectetur adipiscing elit, s', 8, 239),
(247, TIMESTAMP '2018-11-26 20:53:54.252', TIMESTAMP '2018-11-26 20:53:54.252', 'Comment on root level. I really like this idea, but needs to be improved.', 19, NULL),
(248, TIMESTAMP '2018-11-26 20:53:54.253', TIMESTAMP '2018-11-26 20:53:54.253', 'Reply 0 Lorem ipsum dolor sit amet,', 19, 247),
(249, TIMESTAMP '2018-11-26 20:53:54.254', TIMESTAMP '2018-11-26 20:53:54.254', 'Reply 1 Lorem ipsum dolor sit amet, consectetur adipiscing elit, s', 20, 247),
(250, TIMESTAMP '2018-11-26 20:53:54.255', TIMESTAMP '2018-11-26 20:53:54.255', 'Reply 2 Lorem ipsum dolor sit amet, ', 18, 247),
(251, TIMESTAMP '2018-11-26 20:53:54.256', TIMESTAMP '2018-11-26 20:53:54.256', 'Reply 3 Lorem ipsum dolor sit amet, cons', 12, 247),
(252, TIMESTAMP '2018-11-26 20:53:54.258', TIMESTAMP '2018-11-26 20:53:54.258', 'Reply 4 Lorem ipsum dolor s', 1, 247),
(254, TIMESTAMP '2018-11-26 20:53:54.291', TIMESTAMP '2018-11-26 20:53:54.291', 'Comment on root level. I really like this idea, but needs to be improved.', 18, NULL),
(255, TIMESTAMP '2018-11-26 20:53:54.293', TIMESTAMP '2018-11-26 20:53:54.293', 'Reply 0 Lorem ipsum dolor sit amet, consectetur adipiscing elit, sed do eiusmod tempor i', 2, 254),
(256, TIMESTAMP '2018-11-26 20:53:54.294', TIMESTAMP '2018-11-26 20:53:54.294', 'Reply 1 Lorem ipsum dolor sit amet, consec', 3, 254),
(257, TIMESTAMP '2018-11-26 20:53:54.295', TIMESTAMP '2018-11-26 20:53:54.295', 'Reply 2 Lorem ipsum dolor sit amet, consectetur adipiscing elit, sed ', 4, 254),
(258, TIMESTAMP '2018-11-26 20:53:54.296', TIMESTAMP '2018-11-26 20:53:54.296', 'Reply 3 Lorem ipsum dolor sit amet, consectetur adi', 6, 254),
(259, TIMESTAMP '2018-11-26 20:53:54.297', TIMESTAMP '2018-11-26 20:53:54.297', 'Reply 4 Lorem ipsum dolor sit amet, consectetur adipiscing elit, sed do e', 13, 254),
(261, TIMESTAMP '2018-11-26 20:53:54.331', TIMESTAMP '2018-11-26 20:53:54.331', 'Comment on root level. I really like this idea, but needs to be improved.', 10, NULL),
(262, TIMESTAMP '2018-11-26 20:53:54.332', TIMESTAMP '2018-11-26 20:53:54.332', 'Reply 0 Lorem ipsum dolor sit amet, consectetur adipiscing elit, sed do ei', 12, 261),
(263, TIMESTAMP '2018-11-26 20:53:54.333', TIMESTAMP '2018-11-26 20:53:54.333', 'Reply 1 Lorem ipsum dolor sit amet, consectetur adipiscing elit, sed do eiusmod t', 17, 261);         
INSERT INTO PUBLIC.COMMENTS(ID, CREATED_AT, UPDATED_AT, COMMENT, CREATED_BY_ID, PARENT_ID) VALUES
(264, TIMESTAMP '2018-11-26 20:53:54.334', TIMESTAMP '2018-11-26 20:53:54.334', 'Reply 2 Lorem ipsum dolor sit amet, consectetur adipiscing elit, sed do eiusmod tempor incididu', 12, 261),
(265, TIMESTAMP '2018-11-26 20:53:54.335', TIMESTAMP '2018-11-26 20:53:54.335', 'Reply 3 Lorem ipsum dolor sit amet, consectetur adipiscing elit, sed d', 17, 261),
(266, TIMESTAMP '2018-11-26 20:53:54.336', TIMESTAMP '2018-11-26 20:53:54.336', 'Reply 4 Lorem ipsum dolor sit amet, consectetur adipi', 3, 261),
(268, TIMESTAMP '2018-11-26 20:53:54.368', TIMESTAMP '2018-11-26 20:53:54.368', 'Comment on root level. I really like this idea, but needs to be improved.', 14, NULL),
(269, TIMESTAMP '2018-11-26 20:53:54.369', TIMESTAMP '2018-11-26 20:53:54.369', 'Reply 0 Lorem ipsum dolor sit amet, consectetur adipiscing elit, sed do eiusmod tempo', 13, 268),
(270, TIMESTAMP '2018-11-26 20:53:54.37', TIMESTAMP '2018-11-26 20:53:54.37', 'Reply 1 Lorem ipsum dolor sit amet, consectetur adipiscing elit, sed do e', 3, 268),
(271, TIMESTAMP '2018-11-26 20:53:54.371', TIMESTAMP '2018-11-26 20:53:54.371', 'Reply 2 Lorem ipsum dolor sit amet, consectetur adipisc', 16, 268),
(272, TIMESTAMP '2018-11-26 20:53:54.372', TIMESTAMP '2018-11-26 20:53:54.372', 'Reply 3 Lorem ipsum dolor sit amet, consectetur adipiscing elit, sed do', 18, 268),
(273, TIMESTAMP '2018-11-26 20:53:54.373', TIMESTAMP '2018-11-26 20:53:54.373', 'Reply 4 Lorem ipsum dolor sit amet, consectetur adipi', 3, 268),
(275, TIMESTAMP '2018-11-26 20:53:54.573', TIMESTAMP '2018-11-26 20:53:54.573', 'Comment on root level. I really like this idea, but needs to be improved.', 16, NULL),
(276, TIMESTAMP '2018-11-26 20:53:54.574', TIMESTAMP '2018-11-26 20:53:54.574', 'Reply 0 Lorem ipsum dolor sit amet, consectetur adipis', 18, 275),
(277, TIMESTAMP '2018-11-26 20:53:54.576', TIMESTAMP '2018-11-26 20:53:54.576', 'Reply 1 Lorem ipsum dolor sit amet, consectetur adipiscing elit, sed do eiusmod tempor incididunt ut l', 16, 275),
(278, TIMESTAMP '2018-11-26 20:53:54.577', TIMESTAMP '2018-11-26 20:53:54.577', 'Reply 2 Lorem ipsum dolor sit amet, consectetur adipiscing elit, sed do eiusmod tempor incidid', 3, 275),
(279, TIMESTAMP '2018-11-26 20:53:54.579', TIMESTAMP '2018-11-26 20:53:54.579', 'Reply 3 Lorem ipsum dolor sit amet, consectet', 4, 275),
(280, TIMESTAMP '2018-11-26 20:53:54.609', TIMESTAMP '2018-11-26 20:53:54.609', 'Reply 4 Lorem ipsum dolor s', 15, 275),
(283, TIMESTAMP '2018-11-26 20:53:54.642', TIMESTAMP '2018-11-26 20:53:54.642', 'Comment on root level. I really like this idea, but needs to be improved.', 20, NULL),
(284, TIMESTAMP '2018-11-26 20:53:54.644', TIMESTAMP '2018-11-26 20:53:54.644', 'Reply 0 Lorem ipsum dolor sit amet, consectetur adipiscing elit, sed do eiusmod ', 20, 283),
(285, TIMESTAMP '2018-11-26 20:53:54.648', TIMESTAMP '2018-11-26 20:53:54.648', 'Reply 1 Lorem ipsum dolor sit amet, consectetur adipiscing elit, sed do ', 19, 283),
(286, TIMESTAMP '2018-11-26 20:53:54.649', TIMESTAMP '2018-11-26 20:53:54.649', 'Reply 2 Lorem ipsum dolor sit amet, consectetur adipiscing elit, sed do eiusmod tempor', 19, 283),
(287, TIMESTAMP '2018-11-26 20:53:54.65', TIMESTAMP '2018-11-26 20:53:54.65', 'Reply 3 Lorem ipsum dolor sit amet, consectetur adipiscing ', 7, 283),
(288, TIMESTAMP '2018-11-26 20:53:54.654', TIMESTAMP '2018-11-26 20:53:54.654', 'Reply 4 Lorem ipsum dolor sit amet, consectetur adipiscing elit, sed do eiusmod tempor i', 8, 283),
(290, TIMESTAMP '2018-11-26 20:53:54.686', TIMESTAMP '2018-11-26 20:53:54.686', 'Comment on root level. I really like this idea, but needs to be improved.', 8, NULL),
(291, TIMESTAMP '2018-11-26 20:53:54.689', TIMESTAMP '2018-11-26 20:53:54.689', 'Reply 0 Lorem ipsum dol', 20, 290),
(292, TIMESTAMP '2018-11-26 20:53:54.69', TIMESTAMP '2018-11-26 20:53:54.69', 'Reply 1 Lorem ipsum dolor sit amet, consectetur ', 6, 290),
(293, TIMESTAMP '2018-11-26 20:53:54.691', TIMESTAMP '2018-11-26 20:53:54.691', 'Reply 2 Lorem ipsum dolor sit amet, consectetur adipiscing elit', 20, 290);         
INSERT INTO PUBLIC.COMMENTS(ID, CREATED_AT, UPDATED_AT, COMMENT, CREATED_BY_ID, PARENT_ID) VALUES
(294, TIMESTAMP '2018-11-26 20:53:54.694', TIMESTAMP '2018-11-26 20:53:54.694', 'Reply 3 Lorem ipsum dolor sit amet, consectetur adipiscing elit, sed do eiusmod tempor incididunt', 19, 290),
(295, TIMESTAMP '2018-11-26 20:53:54.696', TIMESTAMP '2018-11-26 20:53:54.696', 'Reply 4 Lorem ipsum dolor sit amet, consectetur adipiscing elit, sed do eiusmod tempor inci', 15, 290),
(297, TIMESTAMP '2018-11-26 20:53:54.741', TIMESTAMP '2018-11-26 20:53:54.741', 'Comment on root level. I really like this idea, but needs to be improved.', 11, NULL),
(298, TIMESTAMP '2018-11-26 20:53:54.742', TIMESTAMP '2018-11-26 20:53:54.742', 'Reply 0 Lorem ipsum dolor sit amet, consectetur adipiscing elit, sed do eiusmod tempor in', 10, 297),
(299, TIMESTAMP '2018-11-26 20:53:54.743', TIMESTAMP '2018-11-26 20:53:54.743', 'Reply 1 Lorem ipsum dolor sit am', 7, 297),
(300, TIMESTAMP '2018-11-26 20:53:54.744', TIMESTAMP '2018-11-26 20:53:54.744', 'Reply 2 Lorem ipsum dolor sit amet, consectetur adipiscing elit, sed do eiusmod tempor incididunt ut labo', 3, 297),
(301, TIMESTAMP '2018-11-26 20:53:54.745', TIMESTAMP '2018-11-26 20:53:54.745', 'Reply 3 Lorem ipsum dolor sit amet, consectetur adipiscing elit, sed do eiusmod tempor incididunt ', 12, 297),
(302, TIMESTAMP '2018-11-26 20:53:54.746', TIMESTAMP '2018-11-26 20:53:54.746', 'Reply 4 Lorem ipsum dolor sit amet,', 1, 297),
(304, TIMESTAMP '2018-11-26 20:53:54.814', TIMESTAMP '2018-11-26 20:53:54.814', 'Comment on root level. I really like this idea, but needs to be improved.', 17, NULL),
(305, TIMESTAMP '2018-11-26 20:53:54.815', TIMESTAMP '2018-11-26 20:53:54.815', 'Reply 0 Lorem ipsum dolor sit amet, consectetur adipiscin', 3, 304),
(306, TIMESTAMP '2018-11-26 20:53:54.816', TIMESTAMP '2018-11-26 20:53:54.816', 'Reply 1 Lorem ipsum dol', 4, 304),
(307, TIMESTAMP '2018-11-26 20:53:54.817', TIMESTAMP '2018-11-26 20:53:54.817', 'Reply 2 Lorem ipsum dolor sit amet, consectetur adipiscing elit, sed do eiusmod tempor inc', 17, 304),
(308, TIMESTAMP '2018-11-26 20:53:54.818', TIMESTAMP '2018-11-26 20:53:54.818', 'Reply 3 Lorem ipsum dolor sit amet, consectetur ', 2, 304),
(309, TIMESTAMP '2018-11-26 20:53:54.819', TIMESTAMP '2018-11-26 20:53:54.819', 'Reply 4 Lorem ipsum dolor sit amet, consectetur adipiscing elit, sed do eiusmod tempor incididunt ut la', 17, 304);         
CREATE MEMORY TABLE PUBLIC.COMMENTS_DOWN_VOTERS(
    COMMENT_MODEL_ID BIGINT NOT NULL,
    DOWN_VOTERS_ID BIGINT NOT NULL
);               
ALTER TABLE PUBLIC.COMMENTS_DOWN_VOTERS ADD CONSTRAINT PUBLIC.CONSTRAINT_2 PRIMARY KEY(COMMENT_MODEL_ID, DOWN_VOTERS_ID);     
-- 205 +/- SELECT COUNT(*) FROM PUBLIC.COMMENTS_DOWN_VOTERS;  
INSERT INTO PUBLIC.COMMENTS_DOWN_VOTERS(COMMENT_MODEL_ID, DOWN_VOTERS_ID) VALUES
(203, 4),
(203, 13),
(203, 18),
(203, 20),
(203, 16),
(204, 19),
(204, 15),
(205, 6),
(206, 1),
(206, 19),
(207, 17),
(207, 1),
(207, 9),
(208, 2),
(208, 14),
(208, 10),
(208, 3),
(208, 16),
(208, 9),
(211, 3),
(211, 16),
(212, 14),
(212, 7),
(212, 10),
(213, 19),
(213, 9),
(215, 13),
(215, 8),
(215, 1),
(215, 3),
(216, 4),
(216, 13),
(216, 10),
(216, 19),
(216, 9),
(219, 17),
(219, 1),
(220, 13),
(221, 11),
(221, 16),
(222, 18),
(223, 8),
(223, 20),
(225, 4),
(225, 8),
(225, 7),
(225, 16),
(226, 8),
(226, 7),
(226, 14),
(226, 10),
(226, 1),
(227, 19),
(227, 16),
(227, 15),
(228, 2),
(228, 8),
(228, 18),
(229, 6),
(229, 18),
(229, 20),
(229, 15),
(230, 10),
(230, 16),
(232, 17),
(233, 14),
(234, 4),
(234, 11),
(234, 19),
(234, 5),
(235, 8),
(235, 14),
(235, 10),
(235, 15),
(236, 7),
(236, 19),
(237, 11),
(240, 5),
(241, 12),
(242, 4),
(242, 18),
(242, 7),
(242, 1),
(243, 10),
(244, 17),
(244, 14),
(244, 9),
(248, 6),
(248, 13),
(248, 11),
(248, 14),
(249, 2),
(249, 7),
(249, 9),
(250, 2),
(250, 18),
(250, 20),
(250, 5),
(251, 16),
(252, 15),
(252, 5),
(252, 9),
(254, 8),
(254, 7),
(254, 5),
(255, 17),
(255, 7),
(255, 16),
(256, 1),
(256, 15),
(257, 4),
(257, 11),
(258, 10),
(258, 19),
(258, 16),
(259, 1),
(259, 19),
(261, 6),
(261, 14),
(262, 13),
(262, 14),
(263, 1),
(264, 14),
(264, 7),
(264, 3),
(264, 12),
(266, 14),
(266, 12),
(268, 8),
(268, 18),
(268, 3),
(268, 19),
(268, 16),
(269, 17),
(269, 10),
(270, 14),
(271, 4),
(271, 6),
(271, 11),
(271, 1),
(271, 5),
(272, 6),
(272, 13),
(272, 7),
(272, 15),
(272, 9),
(273, 13),
(273, 14),
(273, 10),
(273, 1),
(273, 15),
(275, 10),
(275, 15),
(275, 5),
(276, 14),
(276, 3),
(277, 13),
(278, 20),
(278, 19),
(279, 12),
(280, 17),
(280, 7),
(280, 12),
(284, 12),
(285, 14),
(285, 3),
(288, 15),
(290, 6),
(290, 15),
(291, 1),
(291, 9),
(292, 4),
(293, 14),
(295, 6),
(295, 8),
(295, 7),
(297, 8),
(297, 11),
(297, 17),
(297, 16),
(298, 10),
(299, 7),
(299, 10),
(299, 5),
(300, 11),
(302, 18),
(302, 14),
(304, 5),
(305, 4),
(305, 19),
(305, 12),
(306, 6),
(306, 8),
(306, 17),
(306, 14),
(306, 16),
(307, 1),
(307, 16),
(308, 6),
(308, 19),
(308, 15),
(308, 9),
(309, 6),
(309, 3),
(309, 12);          
CREATE MEMORY TABLE PUBLIC.COMMENTS_UP_VOTERS(
    COMMENT_MODEL_ID BIGINT NOT NULL,
    UP_VOTERS_ID BIGINT NOT NULL
);   
ALTER TABLE PUBLIC.COMMENTS_UP_VOTERS ADD CONSTRAINT PUBLIC.CONSTRAINT_20 PRIMARY KEY(COMMENT_MODEL_ID, UP_VOTERS_ID);        
-- 224 +/- SELECT COUNT(*) FROM PUBLIC.COMMENTS_UP_VOTERS;    
INSERT INTO PUBLIC.COMMENTS_UP_VOTERS(COMMENT_MODEL_ID, UP_VOTERS_ID) VALUES
(203, 18),
(205, 6),
(205, 19),
(206, 6),
(206, 18),
(207, 15),
(207, 12),
(208, 14),
(208, 1),
(208, 15),
(211, 18),
(211, 3),
(212, 11),
(212, 19),
(212, 5),
(213, 8),
(213, 17),
(214, 12),
(215, 5),
(215, 9),
(216, 16),
(216, 5),
(218, 4),
(218, 18),
(218, 14),
(218, 1),
(218, 15),
(219, 6),
(219, 17),
(221, 20),
(222, 11),
(222, 1),
(225, 8),
(225, 18),
(225, 15),
(225, 16),
(226, 11),
(226, 8),
(226, 18),
(226, 1),
(227, 10),
(227, 1),
(227, 15),
(229, 14),
(229, 15),
(230, 17),
(232, 4),
(232, 13),
(232, 1),
(232, 16),
(232, 9),
(233, 2),
(233, 4),
(233, 16),
(233, 5),
(235, 3),
(235, 16),
(236, 11),
(236, 9),
(237, 8),
(237, 15),
(237, 16),
(237, 12),
(239, 4),
(239, 6),
(239, 8),
(239, 11),
(239, 20),
(239, 5),
(240, 8),
(240, 19),
(240, 12),
(241, 16),
(242, 2),
(242, 6),
(242, 17),
(242, 1),
(242, 3),
(243, 13),
(244, 2),
(244, 14),
(244, 10),
(244, 19),
(244, 9),
(247, 2),
(247, 19),
(248, 8),
(248, 12),
(249, 13),
(249, 8),
(249, 18),
(249, 15),
(249, 16),
(250, 2),
(251, 2),
(251, 18),
(251, 15),
(252, 14),
(252, 9),
(254, 8),
(254, 14),
(254, 1),
(254, 9),
(255, 1),
(255, 19),
(255, 15),
(255, 9),
(256, 13),
(256, 12),
(257, 7),
(257, 1),
(257, 5),
(258, 11),
(259, 17),
(259, 20),
(259, 16),
(261, 8),
(261, 19),
(262, 7),
(263, 13),
(263, 18),
(263, 14),
(263, 3),
(264, 2),
(264, 17),
(264, 1),
(264, 3),
(264, 16),
(264, 12),
(264, 5),
(265, 3),
(265, 15),
(266, 6),
(266, 13),
(266, 14),
(266, 3),
(268, 18),
(268, 10),
(269, 8),
(269, 5),
(270, 17),
(270, 3),
(270, 15),
(271, 3),
(271, 16),
(272, 7),
(273, 8),
(273, 1),
(273, 12),
(275, 20),
(275, 1),
(276, 19),
(276, 12),
(277, 11),
(277, 20),
(277, 5),
(278, 18),
(278, 7),
(278, 1),
(278, 5),
(278, 12),
(279, 2),
(280, 13),
(280, 3),
(283, 13),
(283, 8),
(283, 9),
(284, 11),
(284, 20),
(285, 14),
(286, 1),
(286, 3),
(287, 7),
(287, 19),
(287, 12),
(287, 9),
(290, 2),
(290, 13),
(290, 3),
(290, 19),
(290, 15),
(291, 13),
(291, 6),
(291, 18),
(291, 7),
(291, 1),
(292, 13),
(292, 1),
(292, 5),
(293, 13),
(293, 8),
(293, 17),
(293, 19),
(293, 12),
(294, 2),
(294, 13),
(294, 19),
(295, 11),
(297, 4),
(297, 11),
(297, 15),
(297, 5),
(298, 6),
(298, 14),
(299, 13),
(299, 9),
(300, 17),
(300, 9),
(301, 15),
(302, 4),
(302, 3),
(304, 14),
(304, 12),
(306, 4),
(306, 20),
(306, 3),
(307, 17),
(307, 3),
(307, 9),
(308, 4),
(309, 14),
(309, 10),
(309, 19),
(309, 12);        
CREATE MEMORY TABLE PUBLIC.DELEGATIONS(
    ID BIGINT NOT NULL,
    CREATED_AT TIMESTAMP NOT NULL,
    UPDATED_AT TIMESTAMP NOT NULL,
    AREA_ID BIGINT NOT NULL,
    FROM_USER_ID BIGINT NOT NULL,
    TO_PROXY_ID BIGINT NOT NULL
);
ALTER TABLE PUBLIC.DELEGATIONS ADD CONSTRAINT PUBLIC.CONSTRAINT_8 PRIMARY KEY(ID);            
-- 5 +/- SELECT COUNT(*) FROM PUBLIC.DELEGATIONS;             
INSERT INTO PUBLIC.DELEGATIONS(ID, CREATED_AT, UPDATED_AT, AREA_ID, FROM_USER_ID, TO_PROXY_ID) VALUES
(31, TIMESTAMP '2018-11-26 20:53:47.437', TIMESTAMP '2018-11-26 20:53:47.437', 21, 2, 1),
(32, TIMESTAMP '2018-11-26 20:53:47.683', TIMESTAMP '2018-11-26 20:53:47.683', 21, 3, 1),
(33, TIMESTAMP '2018-11-26 20:53:47.938', TIMESTAMP '2018-11-26 20:53:47.938', 21, 4, 1),
(34, TIMESTAMP '2018-11-26 20:53:48.235', TIMESTAMP '2018-11-26 20:53:48.235', 21, 5, 4),
(35, TIMESTAMP '2018-11-26 20:53:48.488', TIMESTAMP '2018-11-26 20:53:48.488', 21, 6, 4);  
CREATE MEMORY TABLE PUBLIC.KEY_VALUE(
    ID BIGINT NOT NULL,
    KEY VARCHAR(255) NOT NULL,
    VALUE VARCHAR(255)
);    
ALTER TABLE PUBLIC.KEY_VALUE ADD CONSTRAINT PUBLIC.CONSTRAINT_7 PRIMARY KEY(ID);              
-- 0 +/- SELECT COUNT(*) FROM PUBLIC.KEY_VALUE;               
CREATE MEMORY TABLE PUBLIC.LAWS(
    ID BIGINT NOT NULL,
    CREATED_AT TIMESTAMP NOT NULL,
    UPDATED_AT TIMESTAMP NOT NULL,
    DESCRIPTION VARCHAR(1000) NOT NULL,
    REACHED_QUORUM_AT TIMESTAMP,
    STATUS INTEGER NOT NULL,
    TITLE VARCHAR(255) NOT NULL,
    AREA_ID BIGINT NOT NULL,
    CREATED_BY_ID BIGINT NOT NULL,
    POLL_ID BIGINT
);        
ALTER TABLE PUBLIC.LAWS ADD CONSTRAINT PUBLIC.CONSTRAINT_23 PRIMARY KEY(ID);  
-- 183 +/- SELECT COUNT(*) FROM PUBLIC.LAWS;  
INSERT INTO PUBLIC.LAWS(ID, CREATED_AT, UPDATED_AT, DESCRIPTION, REACHED_QUORUM_AT, STATUS, TITLE, AREA_ID, CREATED_BY_ID, POLL_ID) VALUES
(36, TIMESTAMP '2018-11-25 20:53:48.583', TIMESTAMP '2018-11-26 20:53:48.583', 'pZxbuS5t Lorem ipsum dolor sit amet, consectetur adipiscing elit, sed do eiusmod tempor incididunt ut labore et dolore magna aliqua. Ut enim ad minim veniam, quis nostrud exercitation ullamco lab', NULL, 0, 'Idea 0 that suggest that we definitely need a longer title for ideas', 21, 17, NULL),
(37, TIMESTAMP '2018-11-24 20:53:48.609', TIMESTAMP '2018-11-25 20:53:48.609', 'tBMaXENG Lorem ipsum dolor sit ame', NULL, 0, 'Idea 1 that suggest that we definitely need a longer title for ideas', 22, 18, NULL),
(38, TIMESTAMP '2018-11-23 20:53:48.735', TIMESTAMP '2018-11-24 20:53:48.735', 'JCraTNXF Lorem ipsum dolor sit amet, consectetur adipiscing elit, sed do eiusmod tempor incididunt ut labore et dolore magna aliqua. Ut enim ad minim veniam, quis nostrud exerci', NULL, 0, 'Idea 2 that suggest that we definitely need a longer title for ideas', 23, 14, NULL),
(39, TIMESTAMP '2018-11-22 20:53:48.807', TIMESTAMP '2018-11-23 20:53:48.808', 'LQsTbxna Lorem ipsum dolor sit amet, consectetur adipiscing elit, sed do eiusmod tempor incididunt ut labore et dolore magna aliqua. Ut enim ad minim veniam, quis nostrud exercitation ullamco laboris nisi ut aliquip ex ea commodo consequat. Duis a', NULL, 0, 'Idea 3 that suggest that we definitely need a longer title for ideas', 24, 4, NULL),
(40, TIMESTAMP '2018-11-21 20:53:48.851', TIMESTAMP '2018-11-22 20:53:48.851', 'GylvuuUI Lorem ipsum dolor sit amet, consectetur adipiscing elit, sed do eiusmod tempor incididunt ut labore et dolore magna aliqua.', NULL, 0, 'Idea 4 that suggest that we definitely need a longer title for ideas', 25, 6, NULL),
(41, TIMESTAMP '2018-11-20 20:53:48.931', TIMESTAMP '2018-11-21 20:53:48.932', 'XlgSH2Jc Lorem ipsum dolor sit amet, consectetur adipiscing elit, sed do eiusmod tempor incididunt ut labore et dolore magna aliqua. Ut enim ad minim veniam, quis nostrud exercitation ullamco laboris nisi ut aliquip ex ea commodo consequat. Duis aute irure dolor in repr', NULL, 0, 'Idea 5 that suggest that we definitely need a longer title for ideas', 26, 18, NULL),
(42, TIMESTAMP '2018-11-19 20:53:48.965', TIMESTAMP '2018-11-20 20:53:48.965', 'PIdHs1ka Lorem ipsum dolor sit amet, consectetur adipiscing elit, sed do eiusmod tempor incididunt ut labore et dolore magna aliqua. Ut enim ad minim veniam, quis nostrud exercitation ullamco laboris nisi ut aliquip ex ea commodo consequat. Duis aute irure dolor in reprehenderit in voluptate velit esse cillum dolore eu fugiat nulla pariatur. Excep', NULL, 0, 'Idea 6 that suggest that we definitely need a longer title for ideas', 27, 3, NULL),
(43, TIMESTAMP '2018-11-18 20:53:49.009', TIMESTAMP '2018-11-19 20:53:49.009', 'lGZsxXzU Lorem ipsum dolor sit amet, consectet', NULL, 0, 'Idea 7 that suggest that we definitely need a longer title for ideas', 28, 2, NULL),
(44, TIMESTAMP '2018-11-17 20:53:49.217', TIMESTAMP '2018-11-18 20:53:49.217', 'Vx69NBZf Lorem ipsum dolor sit amet, consectetur ', NULL, 0, 'Idea 8 that suggest that we definitely need a longer title for ideas', 29, 19, NULL),
(45, TIMESTAMP '2018-11-16 20:53:49.317', TIMESTAMP '2018-11-17 20:53:49.317', 'pLA9KyEU Lorem ipsum dolor sit amet, consectetur adipiscing elit, sed do eiusmod tempor incididunt ut labore et dolore m', NULL, 0, 'Idea 9 that suggest that we definitely need a longer title for ideas', 30, 14, NULL),
(46, TIMESTAMP '2018-11-15 20:53:49.34', TIMESTAMP '2018-11-16 20:53:49.34', '1OXhNyuR Lorem ipsum dolor sit amet, consectetur adipiscing elit, sed do eiusmod tempor incididunt ut labore et dolore magna aliqua. Ut enim ad minim veniam, quis nostrud exercitation ullamco laboris nisi ut aliquip ex ea commodo consequat. Duis aute irure dolor in reprehenderit in voluptate velit esse cillum dolore eu fugiat nulla pariatur. Excepteur sint occ', NULL, 0, 'Idea 10 that suggest that we definitely need a longer title for ideas', 21, 11, NULL),
(47, TIMESTAMP '2018-11-14 20:53:49.363', TIMESTAMP '2018-11-15 20:53:49.363', 'ZAXfOaZz Lorem ipsum dolor sit amet, consectetur adipiscing elit, sed do eiusmod tempor incididunt ut labore et dolore magna aliqua. Ut enim ad minim veniam, quis nostrud exercitation ullamco ', NULL, 0, 'Idea 11 that suggest that we definitely need a longer title for ideas', 22, 19, NULL);           
INSERT INTO PUBLIC.LAWS(ID, CREATED_AT, UPDATED_AT, DESCRIPTION, REACHED_QUORUM_AT, STATUS, TITLE, AREA_ID, CREATED_BY_ID, POLL_ID) VALUES
(48, TIMESTAMP '2018-11-13 20:53:49.488', TIMESTAMP '2018-11-14 20:53:49.488', 'Ad81hFah Lorem ipsum dolor sit amet, consectetur adipiscing elit, sed do eiusmod tempor incididunt ut labore et dolore magna aliqua. Ut enim ad minim veniam, quis nostrud exercitation ullamco laboris nisi ut aliquip ex ea commodo consequat. Duis aute irure dolor in reprehenderit in voluptate velit esse cillum dolore eu fugiat nulla pariatur. Excepteur sint occaecat cupidatat non proident, su', NULL, 0, 'Idea 12 that suggest that we definitely need a longer title for ideas', 23, 5, NULL),
(49, TIMESTAMP '2018-11-12 20:53:49.52', TIMESTAMP '2018-11-13 20:53:49.521', '5wxGSBXC Lorem ipsum dolor sit amet, consectetur adipiscing elit, sed do eiusmod tempor incididunt ut labore et dolore magna aliqua. Ut enim ad minim veniam, quis nostrud exercitation ullamco laboris nisi ut aliquip ex ea commodo consequat. Duis aute irure dolor in reprehenderit in voluptate velit esse cillum dolore eu fugiat nulla pa', NULL, 0, 'Idea 13 that suggest that we definitely need a longer title for ideas', 24, 15, NULL),
(50, TIMESTAMP '2018-11-11 20:53:49.526', TIMESTAMP '2018-11-12 20:53:49.527', 'sssqehK9 Lorem ipsum dolor sit amet, consectetur adipiscing elit, sed do eiusmod tempor incididunt ut labore et dolore magna aliqua. Ut enim ad minim veniam, quis nostrud exercitation ullamco laboris nisi ut aliquip ex ea commodo consequat. Duis aute irure dolor in reprehenderit in voluptate velit esse cillum dolore eu fugiat nulla pariatur. Excepteur sint occaecat cupidatat non proident, sunt in culpa q', NULL, 0, 'Idea 14 that suggest that we definitely need a longer title for ideas', 25, 5, NULL),
(51, TIMESTAMP '2018-11-10 20:53:49.738', TIMESTAMP '2018-11-11 20:53:49.739', 'aDF0gnHC Lorem ipsum dolor sit amet, consectetur adipiscing elit, sed do eiusmod tempor incididunt ut labore et dolore magna aliqua. Ut enim ad minim veniam, quis nostrud exercitation ullamco laboris nisi ut aliquip ex ea commodo consequat. Duis aute irure dolor in reprehenderit in voluptate velit esse cillum dolore eu fugiat nulla pariatur. Excepteur sint occaecat cupi', NULL, 0, 'Idea 15 that suggest that we definitely need a longer title for ideas', 26, 10, NULL),
(52, TIMESTAMP '2018-11-09 20:53:49.753', TIMESTAMP '2018-11-10 20:53:49.754', 'OXGoUDdD Lorem ipsum dolor sit amet, consectetur adipiscing elit, sed do eiusmod tempor incididunt ut labore et dolore magna aliqua. Ut enim ad minim veniam, quis nostrud exercitation ullamco laboris nisi ut aliquip ex ea commodo consequat. Duis aute irure dolor in reprehenderit in voluptate velit esse cillum dolore eu fugiat nulla pariatur. Excepteur sint occaecat cupidatat non proident, sunt in cul', NULL, 0, 'Idea 16 that suggest that we definitely need a longer title for ideas', 27, 6, NULL),
(53, TIMESTAMP '2018-11-08 20:53:49.783', TIMESTAMP '2018-11-09 20:53:49.783', 'oaq7Nr3o Lorem ipsum dolor sit amet, consectetur adipiscing elit, sed do eiusmod tempor incididunt ut labore et dolore magna aliqua. Ut enim ad minim veniam, quis nostrud', NULL, 0, 'Idea 17 that suggest that we definitely need a longer title for ideas', 28, 1, NULL),
(54, TIMESTAMP '2018-11-07 20:53:49.933', TIMESTAMP '2018-11-08 20:53:49.935', 'PTkT0qQS Lorem ipsum dolor sit amet, consectetur adipiscing elit, sed do eiusmod tempor incididunt ut labore et dolore magna aliqua. Ut enim ad minim veniam, quis no', NULL, 0, 'Idea 18 that suggest that we definitely need a longer title for ideas', 29, 16, NULL),
(55, TIMESTAMP '2018-11-06 20:53:49.957', TIMESTAMP '2018-11-07 20:53:49.957', 'Llsfy9W8 Lorem ipsum dolor sit amet, consectetur adipi', NULL, 0, 'Idea 19 that suggest that we definitely need a longer title for ideas', 30, 3, NULL),
(56, TIMESTAMP '2018-11-05 20:53:49.971', TIMESTAMP '2018-11-06 20:53:49.971', '7ZIwAaGm Lorem ipsum dolor sit amet, consectetur adipiscing elit, sed do eiusmod tempor incididunt ut labore et dolor', NULL, 0, 'Idea 20 that suggest that we definitely need a longer title for ideas', 21, 7, NULL);            
INSERT INTO PUBLIC.LAWS(ID, CREATED_AT, UPDATED_AT, DESCRIPTION, REACHED_QUORUM_AT, STATUS, TITLE, AREA_ID, CREATED_BY_ID, POLL_ID) VALUES
(57, TIMESTAMP '2018-11-04 20:53:49.995', TIMESTAMP '2018-11-05 20:53:49.995', 'ALhlu4PY Lorem ipsum dolor sit amet, consectetur adipiscing elit, sed do eiusmod tempor incididunt ut labore et dolore magna aliqua. Ut enim ad minim veniam, qui', NULL, 0, 'Idea 21 that suggest that we definitely need a longer title for ideas', 22, 15, NULL),
(58, TIMESTAMP '2018-11-03 20:53:50.019', TIMESTAMP '2018-11-04 20:53:50.019', 'KxzI28Se Lorem ipsum dolor sit amet, consectetur adipiscing elit, sed do eiusmod tempor incididunt ut labore et dolore magna aliqua. Ut enim ad minim veniam, quis nostrud exercitation ullamco laboris nisi ut aliquip ex ea commodo consequat. Duis aute irure dolor in reprehenderit in voluptate velit esse cillu', NULL, 0, 'Idea 22 that suggest that we definitely need a longer title for ideas', 23, 12, NULL),
(59, TIMESTAMP '2018-11-02 20:53:50.052', TIMESTAMP '2018-11-03 20:53:50.052', 'J6lRyYpR Lorem ipsum dolor sit amet, consectetur adipiscing elit, sed do eiusmod tempor incididunt ut labore et dolore magna aliqua. Ut enim ad minim veniam, q', NULL, 0, 'Idea 23 that suggest that we definitely need a longer title for ideas', 24, 2, NULL),
(60, TIMESTAMP '2018-11-01 20:53:50.071', TIMESTAMP '2018-11-02 20:53:50.072', 'BUCgaHOJ Lorem ipsum dolor sit amet, consectetur adipiscing elit, sed do eiusmod tempor incididunt ut labore et dolore magna aliqua. Ut enim ad minim veniam, quis nostrud exercitation ullamco laboris nisi ut aliquip ex ea commodo consequat. Duis aute irure dolor in reprehenderit in voluptate velit esse cillum dolore eu fu', NULL, 0, 'Idea 24 that suggest that we definitely need a longer title for ideas', 25, 19, NULL),
(61, TIMESTAMP '2018-10-31 20:53:50.094', TIMESTAMP '2018-11-01 20:53:50.094', 'xFItPgBQ Lorem ipsum dolor sit amet, consectetur a', NULL, 0, 'Idea 25 that suggest that we definitely need a longer title for ideas', 26, 18, NULL),
(62, TIMESTAMP '2018-10-30 20:53:50.099', TIMESTAMP '2018-10-31 20:53:50.099', 'uMcHq6yJ Lorem ipsum dolor sit amet, consectetur adipisci', NULL, 0, 'Idea 26 that suggest that we definitely need a longer title for ideas', 27, 18, NULL),
(63, TIMESTAMP '2018-10-29 20:53:50.128', TIMESTAMP '2018-10-30 20:53:50.128', 'ekLdv1m8 Lorem ipsum dolor sit amet, consectetur adipiscing elit, sed do eiusmod tempor incididunt ut labore et dolore magna aliqua. Ut enim ad minim veniam, quis nostrud exercitation ullamco laboris nisi ut aliqui', NULL, 0, 'Idea 27 that suggest that we definitely need a longer title for ideas', 28, 1, NULL),
(64, TIMESTAMP '2018-10-28 20:53:50.203', TIMESTAMP '2018-10-29 20:53:50.203', 'lCHUTtg1 Lorem ipsum dolor sit amet, consectetur adipiscing elit, sed do eiusmod tempor incididunt ut labore et dolore magna aliqua. Ut enim ad minim veniam, quis nostrud exercitation ullamco laboris nisi ut aliquip ex ea commodo consequat. Duis aute irure dolor in reprehenderit in voluptate ', NULL, 0, 'Idea 28 that suggest that we definitely need a longer title for ideas', 29, 15, NULL),
(65, TIMESTAMP '2018-10-27 20:53:50.21', TIMESTAMP '2018-10-28 20:53:50.21', 'AsfE6KGa Lorem ipsum dolor sit amet, consectetur adipiscing elit, sed do eiusmod tempor in', NULL, 0, 'Idea 29 that suggest that we definitely need a longer title for ideas', 30, 9, NULL),
(66, TIMESTAMP '2018-10-26 20:53:50.255', TIMESTAMP '2018-10-27 20:53:50.256', 'yG1J2G55 Lorem ipsum dolor sit amet, consectetur adipiscing elit, sed do eiusmod tempor incididunt ut labore et dolore magna aliqua. Ut enim ad minim veniam, quis nostrud exercitation ullamco laboris nisi ut aliquip ex ea commodo consequat. Duis aute irure dolor in reprehenderit in vol', NULL, 0, 'Idea 30 that suggest that we definitely need a longer title for ideas', 21, 8, NULL),
(67, TIMESTAMP '2018-10-25 20:53:50.264', TIMESTAMP '2018-10-26 20:53:50.264', 'xUPhWf30 Lorem ipsum dolor sit amet, consectetur adipiscing elit, sed do eiusmod tempor incididunt ut labore et dolore magna aliqua. Ut enim a', NULL, 0, 'Idea 31 that suggest that we definitely need a longer title for ideas', 22, 18, NULL);               
INSERT INTO PUBLIC.LAWS(ID, CREATED_AT, UPDATED_AT, DESCRIPTION, REACHED_QUORUM_AT, STATUS, TITLE, AREA_ID, CREATED_BY_ID, POLL_ID) VALUES
(68, TIMESTAMP '2018-10-24 20:53:50.288', TIMESTAMP '2018-10-25 20:53:50.289', 'QFiaLKSV Lorem ipsum dolor sit amet, consectetur adipiscing elit, sed do eiusmod tempor incididunt ut labore et dolore magna aliqua. Ut enim ad minim veniam, quis nostrud', NULL, 0, 'Idea 32 that suggest that we definitely need a longer title for ideas', 23, 7, NULL),
(69, TIMESTAMP '2018-10-23 20:53:50.318', TIMESTAMP '2018-10-24 20:53:50.319', 'Gln2za6A Lorem ipsum dolor sit amet, consectetur adipiscing elit, sed do eiusmod tempor incididunt ut labore et dolore magna aliqua. Ut enim ad minim veniam, quis nostrud exercitation ullamco laboris nisi ut aliquip ex ea commodo consequat. Duis aute irure dolor in reprehenderit in voluptate velit esse cillum dolore eu fugiat nulla pariatur. Excepteur sint occaecat cupidatat non proide', NULL, 0, 'Idea 33 that suggest that we definitely need a longer title for ideas', 24, 5, NULL),
(70, TIMESTAMP '2018-10-22 20:53:50.398', TIMESTAMP '2018-10-23 20:53:50.406', 'YzTaqMEZ Lorem ipsum dolor sit amet, consectetur adipiscing elit, sed do eiusmod tempor incididunt ut labore et dolore magna aliqua. Ut enim ad minim veniam, quis nostrud exercitation ullamco laboris nisi ut aliquip ex ea commodo consequa', NULL, 0, 'Idea 34 that suggest that we definitely need a longer title for ideas', 25, 18, NULL),
(71, TIMESTAMP '2018-10-21 20:53:50.493', TIMESTAMP '2018-10-22 20:53:50.493', 'kKL8XkeQ Lorem ipsum dolor sit amet, consectetur adipiscing elit, sed do eiusmod tempor incididunt ut labore et dolore magna aliqua. Ut enim ad minim veniam, quis nostrud exercita', NULL, 0, 'Idea 35 that suggest that we definitely need a longer title for ideas', 26, 6, NULL),
(72, TIMESTAMP '2018-10-20 20:53:50.547', TIMESTAMP '2018-10-21 20:53:50.547', '2M10pzq6 Lorem ', NULL, 0, 'Idea 36 that suggest that we definitely need a longer title for ideas', 27, 20, NULL),
(73, TIMESTAMP '2018-10-19 20:53:50.581', TIMESTAMP '2018-10-20 20:53:50.581', 'aO9mFovS Lorem ipsum dolor sit amet, consectetur adipiscin', NULL, 0, 'Idea 37 that suggest that we definitely need a longer title for ideas', 28, 16, NULL),
(74, TIMESTAMP '2018-10-18 20:53:50.597', TIMESTAMP '2018-10-19 20:53:50.598', 'JThcdkhy Lorem ipsum dolor sit amet, consectetur adipiscing elit, sed do eiusmod tempor incididunt ut labore et dolore magna aliqua. Ut enim ad minim veniam, quis nostrud exercitation ullamco laboris nisi ut aliquip ex ea commodo consequat. Duis aute i', NULL, 0, 'Idea 38 that suggest that we definitely need a longer title for ideas', 29, 19, NULL),
(75, TIMESTAMP '2018-10-17 20:53:50.624', TIMESTAMP '2018-10-18 20:53:50.624', 'iPi9d0wf Lorem ipsum dolor sit amet, cons', NULL, 0, 'Idea 39 that suggest that we definitely need a longer title for ideas', 30, 4, NULL),
(76, TIMESTAMP '2018-10-16 20:53:50.685', TIMESTAMP '2018-10-17 20:53:50.685', '6NgQPRQI Lorem ipsum dolor sit amet, consectetur adipiscing elit, sed do eiusmod tempor incididunt ut labore et dolore magna aliqua. Ut enim ad minim veniam, quis nostrud exercitation ullamco laboris nisi ut aliquip ex ea commodo consequat. Duis aute irure dolor in reprehender', NULL, 0, 'Idea 40 that suggest that we definitely need a longer title for ideas', 21, 14, NULL),
(77, TIMESTAMP '2018-10-15 20:53:50.825', TIMESTAMP '2018-10-16 20:53:50.826', '485jVMQg Lorem ipsum dolor sit amet, consectetur adipiscing elit, sed do eiusmod tempor incididunt ut labore et dolore magna aliqua. Ut enim ad minim veniam, quis nostrud exercitation ullamco laboris nisi ut aliquip ex ea commodo consequat. Duis aute irure dolor in reprehenderit in voluptate velit esse cillum dolore e', NULL, 0, 'Idea 41 that suggest that we definitely need a longer title for ideas', 22, 3, NULL),
(78, TIMESTAMP '2018-10-14 20:53:50.885', TIMESTAMP '2018-10-15 20:53:50.888', 'UCS8Dyqu Lorem ipsum dolor sit amet, consectetur adipiscing elit, sed do eiusmod tempor incididunt ut labore et dolore magna aliqua. Ut enim ad minim veniam, quis nostrud exercitation ullamco laboris nisi ut aliquip ex ea commodo consequat. Duis aute irure', NULL, 0, 'Idea 42 that suggest that we definitely need a longer title for ideas', 23, 19, NULL); 
INSERT INTO PUBLIC.LAWS(ID, CREATED_AT, UPDATED_AT, DESCRIPTION, REACHED_QUORUM_AT, STATUS, TITLE, AREA_ID, CREATED_BY_ID, POLL_ID) VALUES
(79, TIMESTAMP '2018-10-13 20:53:50.905', TIMESTAMP '2018-10-14 20:53:50.905', 'rNA8fvGN Lorem ipsum dolor sit amet, consectetur adipiscing elit, sed do eiusmod tempor incididunt ut labore et dolore magna aliqua. Ut enim ad minim veniam, quis nostrud exercitation ullamco laboris nisi ut aliquip ex ea commodo consequat. Duis aute irure dolor in r', NULL, 0, 'Idea 43 that suggest that we definitely need a longer title for ideas', 24, 7, NULL),
(80, TIMESTAMP '2018-10-12 20:53:50.951', TIMESTAMP '2018-10-13 20:53:50.952', 'OnBv3BGg Lorem ipsum dolor sit amet, consectetur adipiscing elit, sed do eiusmod tempor incididunt ut labore et dolore magna aliqua. Ut enim ad minim veniam, quis nostrud exercitation ullamco laboris nisi ut aliquip ex ea commodo consequat. Duis aute irure dolor in reprehenderit in voluptate velit esse cillum ', NULL, 0, 'Idea 44 that suggest that we definitely need a longer title for ideas', 25, 16, NULL),
(81, TIMESTAMP '2018-10-11 20:53:50.974', TIMESTAMP '2018-10-12 20:53:50.974', 'agPaTstU Lorem ipsum dolor sit amet, consectetur adipiscing elit, sed do eiusmod tempor incididunt ut labore et dolore magna a', NULL, 0, 'Idea 45 that suggest that we definitely need a longer title for ideas', 26, 3, NULL),
(82, TIMESTAMP '2018-10-10 20:53:50.988', TIMESTAMP '2018-10-11 20:53:50.988', 'sjD5QXgr Lorem ipsum dolor', NULL, 0, 'Idea 46 that suggest that we definitely need a longer title for ideas', 27, 4, NULL),
(83, TIMESTAMP '2018-10-09 20:53:51.014', TIMESTAMP '2018-10-10 20:53:51.015', 'YoFpHcP7 Lorem ipsum dolor sit amet, consectetur adipiscing elit, sed do eiusmod tempor incididunt ut labore et dolore magna aliqua. Ut enim ad minim', NULL, 0, 'Idea 47 that suggest that we definitely need a longer title for ideas', 28, 16, NULL),
(84, TIMESTAMP '2018-10-08 20:53:51.064', TIMESTAMP '2018-10-09 20:53:51.065', 'EvCHmKSh Lorem ipsum dolor sit amet, consectetur adipiscing elit, sed do eiusmod tempor incididunt ut labore et dolore magna aliqua. Ut enim ad minim veniam, quis nostrud exercitation ullamco laboris nisi ut aliquip ex ea commodo consequat. Duis aute irure dolor in reprehenderit in volupt', NULL, 0, 'Idea 48 that suggest that we definitely need a longer title for ideas', 29, 12, NULL),
(85, TIMESTAMP '2018-10-07 20:53:51.096', TIMESTAMP '2018-10-08 20:53:51.097', 'qRv8QNgS Lorem ipsum dolor sit amet, consectetur adipisci', NULL, 0, 'Idea 49 that suggest that we definitely need a longer title for ideas', 30, 9, NULL),
(86, TIMESTAMP '2018-10-06 20:53:51.138', TIMESTAMP '2018-10-07 20:53:51.139', 'xa8rLlbz Lorem ipsum dolor sit amet, consectetur adipiscing elit, sed do eiusmod tempor incididunt ut labore et dolore magna aliqua. Ut enim ad minim veniam, quis nostrud exercitation ullamco laboris nisi ut aliquip ex ea commodo cons', NULL, 0, 'Idea 50 that suggest that we definitely need a longer title for ideas', 21, 15, NULL),
(87, TIMESTAMP '2018-10-05 20:53:51.15', TIMESTAMP '2018-10-06 20:53:51.151', '1uuM27qK Lorem ipsum dolor sit amet, consectetur adipiscing elit, sed do eiusmod tempor incididunt ut labore et dolore magna aliqua. Ut enim ad minim veniam, quis nostrud exercitation ullamco laboris nisi ut aliquip ex ea commodo consequat. Duis aute irure dolor in reprehenderit in voluptate velit esse cillum dolore eu fugiat nulla pariatur. Excepteur sint occaecat cupidatat non proident, sunt in culpa q', NULL, 0, 'Idea 51 that suggest that we definitely need a longer title for ideas', 22, 18, NULL),
(88, TIMESTAMP '2018-10-04 20:53:51.19', TIMESTAMP '2018-10-05 20:53:51.19', '3vYDMAnq Lorem ipsum dolor sit amet, consectetur adipiscing elit, sed do eiusmod tempor incididunt ut labore et dolore magna aliqua. Ut enim ad minim veniam, quis nostrud exercitation ullamco laboris nisi ut aliquip ex ea commod', NULL, 0, 'Idea 52 that suggest that we definitely need a longer title for ideas', 23, 17, NULL),
(89, TIMESTAMP '2018-10-03 20:53:51.209', TIMESTAMP '2018-10-04 20:53:51.209', '2cUh8ZwT Lorem ipsum dolor sit amet, consectetur adipiscing elit, sed do eiusmod tempor incididunt ut labore et dolore magna aliqua. Ut enim ad minim veniam, quis nostrud exercitation ullamco laboris nisi ut aliquip ex ea commodo consequat. Duis aute irure dolor in reprehenderit in voluptate velit esse cillum d', NULL, 0, 'Idea 53 that suggest that we definitely need a longer title for ideas', 24, 19, NULL);              
INSERT INTO PUBLIC.LAWS(ID, CREATED_AT, UPDATED_AT, DESCRIPTION, REACHED_QUORUM_AT, STATUS, TITLE, AREA_ID, CREATED_BY_ID, POLL_ID) VALUES
(90, TIMESTAMP '2018-10-02 20:53:51.226', TIMESTAMP '2018-10-03 20:53:51.226', 'GFqsHCLa Lorem ipsum dolor sit amet, consectetur adipiscing elit, sed do eiusmod tempor incididunt ut labore et dolore magna aliqua. Ut enim ad minim veniam, quis nostrud exercitation ullamco laboris nisi ut aliquip ex ea commodo consequat. Duis aute irure dolor', NULL, 0, 'Idea 54 that suggest that we definitely need a longer title for ideas', 25, 12, NULL),
(91, TIMESTAMP '2018-10-01 20:53:51.259', TIMESTAMP '2018-10-02 20:53:51.26', 'EjlqXnx1 Lorem ipsum dolor sit amet, consectetur adipiscing elit, sed do eiusmod tempor incididunt ut labore et dolore magna aliqua. Ut enim ad minim veniam, quis nostrud exercitation ullamco laboris nisi ut aliquip ex ea c', NULL, 0, 'Idea 55 that suggest that we definitely need a longer title for ideas', 26, 17, NULL),
(92, TIMESTAMP '2018-09-30 20:53:51.274', TIMESTAMP '2018-10-01 20:53:51.274', 'BpzCuiK3 Lorem ipsum dolor sit amet, consectetur adipiscing elit, sed do eiusmod tempor incididunt ut labore et dolore magna al', NULL, 0, 'Idea 56 that suggest that we definitely need a longer title for ideas', 27, 18, NULL),
(93, TIMESTAMP '2018-09-29 20:53:51.294', TIMESTAMP '2018-09-30 20:53:51.294', 'QrpHbBmd Lorem ipsum dolor sit amet, consectetur adipiscing elit, sed do eiusmod tempor incididunt ut labore et dolore magna aliqua. Ut enim ad minim veniam, quis nostrud exercitation ullamco laboris nisi ut aliquip ex ea commodo', NULL, 0, 'Idea 57 that suggest that we definitely need a longer title for ideas', 28, 1, NULL),
(94, TIMESTAMP '2018-09-28 20:53:51.319', TIMESTAMP '2018-09-29 20:53:51.319', 'BragCZsb Lorem ipsum dolor sit amet, consectetur adipiscing elit, sed do eiusmod tempor incididunt ut labore et dolore magna aliqua. Ut enim ad minim veniam, quis nostrud exercitation ullamco laboris nisi ', NULL, 0, 'Idea 58 that suggest that we definitely need a longer title for ideas', 29, 17, NULL),
(95, TIMESTAMP '2018-09-27 20:53:51.355', TIMESTAMP '2018-09-28 20:53:51.356', '4qptdzij L', NULL, 0, 'Idea 59 that suggest that we definitely need a longer title for ideas', 30, 20, NULL),
(96, TIMESTAMP '2018-09-26 20:53:51.367', TIMESTAMP '2018-09-27 20:53:51.368', 'q1k9QBfE Lorem ipsum dolor sit amet, consectetur adipiscing elit, sed do eiusmod tempor incididunt ut labore et dolore magna aliqua. Ut enim ad minim veniam, quis nostrud exercitation ullamco laboris nisi ut aliquip ex ea commodo consequat. Duis aute irure dolor in reprehenderit in voluptate velit esse cillum dolore eu fugiat nulla pariatur. Excepteur sint occaecat ', NULL, 0, 'Idea 60 that suggest that we definitely need a longer title for ideas', 21, 6, NULL),
(97, TIMESTAMP '2018-09-25 20:53:51.389', TIMESTAMP '2018-09-26 20:53:51.39', 'XpalFJ7O Lorem ipsum dolor sit amet, consectetur adipiscing elit, sed do e', NULL, 0, 'Idea 61 that suggest that we definitely need a longer title for ideas', 22, 12, NULL),
(98, TIMESTAMP '2018-09-24 20:53:51.432', TIMESTAMP '2018-09-25 20:53:51.433', 'J9G6aQp8 Lorem ipsum dolor sit amet, consectetur adipiscing elit, sed do eiusmod tempor incididunt ut labore et dolore magna aliqua. Ut enim ad minim veniam, quis nostrud exercitation ullamco laboris nisi ut aliquip ex ea commodo consequat. Duis aute irure dolor in reprehenderit in voluptate velit esse cillum dolore eu fugiat nulla pariatur. Excepteu', NULL, 0, 'Idea 62 that suggest that we definitely need a longer title for ideas', 23, 10, NULL),
(99, TIMESTAMP '2018-09-23 20:53:51.438', TIMESTAMP '2018-09-24 20:53:51.439', 'afV99bSE Lorem ipsum dolor sit amet, consectetur adipiscing eli', NULL, 0, 'Idea 63 that suggest that we definitely need a longer title for ideas', 24, 19, NULL),
(100, TIMESTAMP '2018-09-22 20:53:51.443', TIMESTAMP '2018-09-23 20:53:51.443', 'bSBtgEU3 Lorem ipsum dolor sit amet, consectetur adipiscing elit, sed do eiusmod tempor incididunt ut labore et dolore magna aliqua. Ut enim ad minim veniam, quis nostrud exercitation ullamco laboris nisi ut aliquip ex ea commodo consequat. Duis aute irure dolor in reprehenderit in voluptate velit esse cillum dolore eu fugiat nulla pariatur. Excepteur sint occaecat cupidatat non pr', NULL, 0, 'Idea 64 that suggest that we definitely need a longer title for ideas', 25, 11, NULL);       
INSERT INTO PUBLIC.LAWS(ID, CREATED_AT, UPDATED_AT, DESCRIPTION, REACHED_QUORUM_AT, STATUS, TITLE, AREA_ID, CREATED_BY_ID, POLL_ID) VALUES
(101, TIMESTAMP '2018-09-21 20:53:51.455', TIMESTAMP '2018-09-22 20:53:51.455', 'tWtvxz1B Lorem ipsum dolor sit amet, consectetur adipiscing elit, sed do eiusmod tempor incididunt ut labore et dolore magna aliqua. Ut enim ad minim veniam, quis nostrud exercitation ullamco laboris nisi ut aliquip ex ea commodo consequat. Duis aute irure dolor in repre', NULL, 0, 'Idea 65 that suggest that we definitely need a longer title for ideas', 26, 6, NULL),
(102, TIMESTAMP '2018-09-20 20:53:51.468', TIMESTAMP '2018-09-21 20:53:51.468', 'rUeZDkXr Lorem ipsum dolor sit amet, consectetur adipiscing elit, sed do eiusmod tempor incididunt ut labore et dolore magna aliqua. Ut enim ad minim v', NULL, 0, 'Idea 66 that suggest that we definitely need a longer title for ideas', 27, 20, NULL),
(103, TIMESTAMP '2018-09-19 20:53:51.498', TIMESTAMP '2018-09-20 20:53:51.499', '7uhsb87q Lorem ipsum dolor sit amet, consectetur adipiscing elit, sed do eiusmod tempor incididunt ut labore et dolore magna aliqua. Ut enim ad minim veniam, quis nostrud exercitation ullamco laboris nisi ut aliquip ex ea commodo consequat. Duis aute irure dolor in reprehenderit in voluptate velit esse cillum dolore eu fugiat nulla pariatur. Excepteur sint occaecat cupidatat non pr', NULL, 0, 'Idea 67 that suggest that we definitely need a longer title for ideas', 28, 19, NULL),
(104, TIMESTAMP '2018-09-18 20:53:51.517', TIMESTAMP '2018-09-19 20:53:51.517', 'xRqnYOhr Lorem ipsum dolor sit amet, consectetur adipiscing elit, sed do eiusmod tempor incididunt ut labore et dolore magna aliqua. Ut enim ad minim veniam, quis nostrud exercitation ullamco laboris nisi ut aliquip ex ea commodo consequat. Duis aute irure dolor in reprehenderi', NULL, 0, 'Idea 68 that suggest that we definitely need a longer title for ideas', 29, 13, NULL),
(105, TIMESTAMP '2018-09-17 20:53:51.53', TIMESTAMP '2018-09-18 20:53:51.53', '5EV6TSb8 Lorem ipsum dolor sit amet, consectetur adipiscing elit, sed do eiusmod tempor incididunt ut labore et dolore magna aliqua. Ut enim ad minim veniam, quis nostrud exercitation ullamco laboris nisi ut aliquip ex ea commodo consequat. Duis aute ', NULL, 0, 'Idea 69 that suggest that we definitely need a longer title for ideas', 30, 20, NULL),
(106, TIMESTAMP '2018-09-16 20:53:51.538', TIMESTAMP '2018-09-17 20:53:51.538', 'OlmUTpvV ', NULL, 0, 'Idea 70 that suggest that we definitely need a longer title for ideas', 21, 7, NULL),
(107, TIMESTAMP '2018-09-15 20:53:51.586', TIMESTAMP '2018-09-16 20:53:51.586', 'w46IE5b8 Lorem ipsum d', NULL, 0, 'Idea 71 that suggest that we definitely need a longer title for ideas', 22, 19, NULL),
(108, TIMESTAMP '2018-09-14 20:53:51.613', TIMESTAMP '2018-09-15 20:53:51.613', '3t1twHc1 Lorem ipsum dolor', NULL, 0, 'Idea 72 that suggest that we definitely need a longer title for ideas', 23, 5, NULL),
(109, TIMESTAMP '2018-09-13 20:53:51.677', TIMESTAMP '2018-09-14 20:53:51.677', 'dAAxZuOO Lorem ipsum dolor sit amet, consectetur adipiscing elit, sed do eiusmod tempor incididunt ut labore et dolore magna aliqua. Ut enim ad minim veniam, quis nostrud exercitation ullam', NULL, 0, 'Idea 73 that suggest that we definitely need a longer title for ideas', 24, 5, NULL),
(110, TIMESTAMP '2018-09-12 20:53:51.7', TIMESTAMP '2018-09-13 20:53:51.7', 'bBG6q7o3 Lorem ipsum dolor sit amet, consecte', NULL, 0, 'Idea 74 that suggest that we definitely need a longer title for ideas', 25, 1, NULL),
(111, TIMESTAMP '2018-09-11 20:53:51.819', TIMESTAMP '2018-09-12 20:53:51.819', '6fne8TjO Lorem ipsum dolor sit amet, consectetur adipiscing elit, sed do eiusmod tempor incididunt ut labore et dolore magna aliqua. Ut enim ad minim veniam, quis nostrud exercitation ullamco laboris nisi ut aliquip ex ea commodo consequat. Duis aute irure dolor in reprehenderit in volu', NULL, 0, 'Idea 75 that suggest that we definitely need a longer title for ideas', 26, 20, NULL),
(112, TIMESTAMP '2018-09-10 20:53:51.86', TIMESTAMP '2018-09-11 20:53:51.861', '9OMFGg66 Lorem ipsum dolor sit amet, consectetur adipiscing elit, sed do eiusmod tempor incididunt', NULL, 0, 'Idea 76 that suggest that we definitely need a longer title for ideas', 27, 16, NULL);             
INSERT INTO PUBLIC.LAWS(ID, CREATED_AT, UPDATED_AT, DESCRIPTION, REACHED_QUORUM_AT, STATUS, TITLE, AREA_ID, CREATED_BY_ID, POLL_ID) VALUES
(113, TIMESTAMP '2018-09-09 20:53:51.885', TIMESTAMP '2018-09-10 20:53:51.885', 'Q9oG1qFX Lorem ipsum dolor sit amet, consectetur adipiscing elit, sed do eiusmod tempor incididunt ut labore et dolore magna aliqua. Ut enim ad minim veniam, quis nostrud exercitation ullamco laboris nisi ut aliquip ex ea commodo consequat. Duis aute irure dolor in reprehenderit in voluptate velit esse cillum dolore eu fugiat nulla pariatur. Excepteur sint occaecat cupidatat non p', NULL, 0, 'Idea 77 that suggest that we definitely need a longer title for ideas', 28, 9, NULL),
(114, TIMESTAMP '2018-09-08 20:53:51.932', TIMESTAMP '2018-09-09 20:53:51.932', 'MsydWW68 Lorem ipsum dolor sit amet, consectetur adipiscing elit, sed do eiusmod tempor incididunt ut labore et dolore magna aliqua. Ut enim ad minim veniam, quis nostrud exercitation ullamco laboris nisi ut aliquip ex ea commodo consequat. Duis aute irure dolor in reprehender', NULL, 0, 'Idea 78 that suggest that we definitely need a longer title for ideas', 29, 9, NULL),
(115, TIMESTAMP '2018-09-07 20:53:51.983', TIMESTAMP '2018-09-08 20:53:51.983', 'm39yqqum Lorem ipsum dolor sit amet, consectetur adipiscing elit, sed do eiusmod tempor incididunt ut labore et dolore magna aliqua. Ut enim ad minim veniam, quis nostrud exercitation ullamco laboris nisi ut aliquip ex ea commodo consequat. Duis aute irure dolor in reprehenderit in vol', NULL, 0, 'Idea 79 that suggest that we definitely need a longer title for ideas', 30, 12, NULL),
(116, TIMESTAMP '2018-09-06 20:53:52.028', TIMESTAMP '2018-09-07 20:53:52.028', 'qqCz9aJX Lorem ipsum dolor sit amet, consectetur adipiscing elit, sed do eiusmod tempor incididunt ut labore et dolore magna aliqua. Ut enim ad minim veniam, quis nostrud exercitation ullamco laboris nisi ut al', NULL, 0, 'Idea 80 that suggest that we definitely need a longer title for ideas', 21, 7, NULL),
(117, TIMESTAMP '2018-09-05 20:53:52.126', TIMESTAMP '2018-09-06 20:53:52.127', 'ebthhwzZ Lorem ipsum dolor sit amet, consectetur adipiscing elit, sed do eiusmod tempor incididunt ut labore et dolore magna aliqua. Ut enim ad minim veniam, quis nostrud exercitation ullamco', NULL, 0, 'Idea 81 that suggest that we definitely need a longer title for ideas', 22, 12, NULL),
(118, TIMESTAMP '2018-09-04 20:53:52.141', TIMESTAMP '2018-09-05 20:53:52.141', 'qEOwPpVK Lorem ipsum dolor sit amet, consectetur adipiscing elit, sed do eiusmod tempor incididunt ut labore et dolore magna aliqua. Ut enim ad minim veniam, quis nostrud exercitation ullamco laboris nisi ut aliquip ex ea commodo consequat. Duis aute irure dolor in reprehenderit in voluptate velit esse cillum dolore eu f', NULL, 0, 'Idea 82 that suggest that we definitely need a longer title for ideas', 23, 8, NULL),
(119, TIMESTAMP '2018-09-03 20:53:52.148', TIMESTAMP '2018-09-04 20:53:52.15', 'eBhygUrf Lorem ipsum dolor sit amet, consectetur adipiscing elit, sed do eiusmod tempor incididunt ut labore et dolore magna aliqua. Ut enim ad minim veniam, quis nostrud exercitation ', NULL, 0, 'Idea 83 that suggest that we definitely need a longer title for ideas', 24, 7, NULL),
(120, TIMESTAMP '2018-09-02 20:53:52.164', TIMESTAMP '2018-09-03 20:53:52.164', 'sYoK5O2b Lorem ipsum dolor sit amet, consectetur adipiscing elit, sed do eiusmod temp', NULL, 0, 'Idea 84 that suggest that we definitely need a longer title for ideas', 25, 11, NULL),
(121, TIMESTAMP '2018-09-01 20:53:52.17', TIMESTAMP '2018-09-02 20:53:52.17', 'DbTX1U0p Lorem ipsum dolor sit amet, consectetur adipiscing elit, sed do eiusmod tempor incididunt ut labore et dolore magna aliqua. Ut enim ad minim veniam, quis', NULL, 0, 'Idea 85 that suggest that we definitely need a longer title for ideas', 26, 18, NULL),
(122, TIMESTAMP '2018-08-31 20:53:52.181', TIMESTAMP '2018-09-01 20:53:52.182', 'BObuR5vC Lorem ipsum dolor sit amet, consectetur adipiscing elit, sed do eiusmod tempor incididunt ut labore et dolore magna aliqua. Ut enim ad minim veniam, quis nostrud exercitation ullamco laboris nisi ut aliquip ex ea commodo consequat. Duis aute irure dolor in reprehenderit in voluptate velit esse cillum dolore eu fugiat nulla pariatur. Excepteur sint occ', NULL, 0, 'Idea 86 that suggest that we definitely need a longer title for ideas', 27, 2, NULL);   
INSERT INTO PUBLIC.LAWS(ID, CREATED_AT, UPDATED_AT, DESCRIPTION, REACHED_QUORUM_AT, STATUS, TITLE, AREA_ID, CREATED_BY_ID, POLL_ID) VALUES
(123, TIMESTAMP '2018-08-30 20:53:52.189', TIMESTAMP '2018-08-31 20:53:52.19', 'ubY4rrnu Lorem ipsum dolor sit amet, consectetur adipiscing elit, sed do eiusmod tempor incididunt ut labore et dolore magna aliqua. Ut enim ad minim veniam, quis nostrud exercitation ullamco laboris nisi ut aliquip ex ea commodo consequat. Duis aute irure dolor in repre', NULL, 0, 'Idea 87 that suggest that we definitely need a longer title for ideas', 28, 18, NULL),
(124, TIMESTAMP '2018-08-29 20:53:52.321', TIMESTAMP '2018-08-30 20:53:52.321', '1ELa9Vv8 Lorem ipsum dolor sit am', NULL, 0, 'Idea 88 that suggest that we definitely need a longer title for ideas', 29, 12, NULL),
(125, TIMESTAMP '2018-08-28 20:53:52.343', TIMESTAMP '2018-08-29 20:53:52.343', 'yUQqEQlu Lorem ipsum dolor sit amet, consectetur adipiscing elit, sed do eiusmod tempor incidi', NULL, 0, 'Idea 89 that suggest that we definitely need a longer title for ideas', 30, 3, NULL),
(126, TIMESTAMP '2018-08-27 20:53:52.364', TIMESTAMP '2018-08-28 20:53:52.364', 'oUr2xAdm Lorem ipsum dolor sit amet, consectetur adipiscing elit, sed do eiusmod tempor incididunt ut labore et dolore magna aliqua. Ut enim ad minim veniam, quis nostrud exercitation ullamco laboris nisi ut aliquip ex ea ', NULL, 0, 'Idea 90 that suggest that we definitely need a longer title for ideas', 21, 20, NULL),
(127, TIMESTAMP '2018-08-26 20:53:52.374', TIMESTAMP '2018-08-27 20:53:52.375', 'FRjlZTje Lorem ipsum dolor sit amet, consectetur adipiscing elit, sed do eiusmod tempor incididunt ut', NULL, 0, 'Idea 91 that suggest that we definitely need a longer title for ideas', 22, 7, NULL),
(128, TIMESTAMP '2018-08-25 20:53:52.382', TIMESTAMP '2018-08-26 20:53:52.382', 'TG2rZal1 Lorem ipsum dolor sit amet, consectetur adipiscing elit, sed do eiusmod tempor incididunt ut labore et dolore magna aliqua. Ut enim ad minim veniam, quis nostrud exercitation ullamco laboris nisi ut aliquip ex ea commodo consequat. Duis aute irure dolor in reprehenderit in voluptate velit esse', NULL, 0, 'Idea 92 that suggest that we definitely need a longer title for ideas', 23, 13, NULL),
(129, TIMESTAMP '2018-08-24 20:53:52.387', TIMESTAMP '2018-08-25 20:53:52.387', '7Wcs6lJ9 Lorem ipsum dolor sit amet, consectetur adipiscing elit, sed do eiusmod tempor incididunt ut labore et dolore magna aliqua. Ut enim ad minim veniam, quis nostrud exercitation ullamco laboris nisi ut aliquip ex ea commodo consequat. Duis aute irure dolor in reprehenderit in ', NULL, 0, 'Idea 93 that suggest that we definitely need a longer title for ideas', 24, 20, NULL),
(130, TIMESTAMP '2018-08-23 20:53:52.392', TIMESTAMP '2018-08-24 20:53:52.392', 'WOgJN7oO Lorem ipsum dolor sit amet, consectetur adipiscing elit, sed do eiusmod tempor incididunt ut labore et dolore magna aliqua. Ut enim ad minim veniam, quis nostrud exercitation ullamco laboris nisi ut aliquip ex ea commodo consequat. Duis aute irure dolor in reprehenderit in voluptate velit esse cillum dolore eu fugiat nulla pariatur. Excepteu', NULL, 0, 'Idea 94 that suggest that we definitely need a longer title for ideas', 25, 1, NULL),
(131, TIMESTAMP '2018-08-22 20:53:52.397', TIMESTAMP '2018-08-23 20:53:52.4', 'XuuYt28V Lorem ipsum dolor sit amet, consectetur adipiscing elit, sed do eiusmod tempor incididunt ut labore et dolore magna aliqua. Ut enim ad minim veniam, quis nostrud exercitation ullamco laboris', NULL, 0, 'Idea 95 that suggest that we definitely need a longer title for ideas', 26, 18, NULL),
(132, TIMESTAMP '2018-08-21 20:53:52.404', TIMESTAMP '2018-08-22 20:53:52.404', 'OwUkTtmN Lorem ipsum dolor sit amet, consectetur adipiscing elit, sed do eiusmod tempor incididunt ut labore et dolore magna aliqua. Ut enim ad minim veniam, quis nostrud exercitation ullamco laboris nisi ut aliquip ex ea com', NULL, 0, 'Idea 96 that suggest that we definitely need a longer title for ideas', 27, 7, NULL),
(133, TIMESTAMP '2018-08-20 20:53:52.448', TIMESTAMP '2018-08-21 20:53:52.448', 'ei3JTnSv Lorem ipsum dolor sit amet, consectetur adipiscing elit, sed do eiusmod tempor incididunt ut labore et', NULL, 0, 'Idea 97 that suggest that we definitely need a longer title for ideas', 28, 2, NULL);        
INSERT INTO PUBLIC.LAWS(ID, CREATED_AT, UPDATED_AT, DESCRIPTION, REACHED_QUORUM_AT, STATUS, TITLE, AREA_ID, CREATED_BY_ID, POLL_ID) VALUES
(134, TIMESTAMP '2018-08-19 20:53:52.459', TIMESTAMP '2018-08-20 20:53:52.459', '35gJOd0x Lorem ipsum dolor sit amet, consectetur adipiscing elit, sed do eiusmod tempor incididunt ut labore et dolore magna aliqua. Ut enim ad minim veniam, quis nostru', NULL, 0, 'Idea 98 that suggest that we definitely need a longer title for ideas', 29, 5, NULL),
(135, TIMESTAMP '2018-08-18 20:53:52.465', TIMESTAMP '2018-08-19 20:53:52.465', 'PWMhforc Lorem ipsum dolor sit amet, consectetur adipiscing elit, sed do eiusmod tempor incididunt ut labore et dolore magna aliqua. Ut enim ad minim veniam, quis nostrud exercitation ullamco laboris nisi ut aliquip ex ea commodo consequat. Duis aute irure dolor in reprehenderit in voluptate velit esse cillum dolore eu fugiat nulla pariatur. Excepteur sint occaecat cupidatat non proident, sun', NULL, 0, 'Idea 99 that suggest that we definitely need a longer title for ideas', 30, 7, NULL),
(136, TIMESTAMP '2018-08-17 20:53:52.507', TIMESTAMP '2018-08-18 20:53:52.507', 'Qsz6VPBQ Lorem ipsum dolor sit amet, consectetur adipiscing elit, sed do eiusmod tempor incididunt ut labore et dolore magna aliqua. Ut enim ad minim veniam, quis nostrud exercitation ullamco laboris nisi ut aliquip ex ea commodo consequat. Duis aute irure dolor in reprehenderit in voluptate velit esse cillum dolore eu fugiat nulla pariatur. Excepteur sint occaecat cupidatat non proident, sunt in culp', NULL, 0, 'Idea 100 that suggest that we definitely need a longer title for ideas', 21, 1, NULL),
(137, TIMESTAMP '2018-08-16 20:53:52.519', TIMESTAMP '2018-08-17 20:53:52.519', '2wls9h2G Lorem ipsum dolor sit amet, consectetur adipiscing elit, sed do eiu', NULL, 0, 'Idea 101 that suggest that we definitely need a longer title for ideas', 22, 13, NULL),
(138, TIMESTAMP '2018-08-15 20:53:52.564', TIMESTAMP '2018-08-16 20:53:52.565', 'o1o8yngu Lorem ipsum dolor sit amet, consectetur adipiscing elit, sed do eiusmod tempor incididunt ut labore et dolore magna aliqua. Ut enim ad minim veniam, quis nostrud exercitation ullamco laboris nisi ut aliquip ex ea commodo consequat. Duis aute irure dolor in reprehenderit in voluptate velit esse cillum dolore e', NULL, 0, 'Idea 102 that suggest that we definitely need a longer title for ideas', 23, 8, NULL),
(139, TIMESTAMP '2018-08-14 20:53:52.574', TIMESTAMP '2018-08-15 20:53:52.574', 'he3M5Wc5 Lorem ipsum dolor sit amet, consectetur adipiscing elit, sed do eiusmod tempor incididunt ut labore et dolore magna aliqua. Ut enim ad minim veniam, quis nostrud exercitation ullamco laboris nisi ut aliquip ex ea commodo consequat. Duis aute irure dolor in reprehenderit in voluptate velit esse cillum dolore eu fugiat nulla p', NULL, 0, 'Idea 103 that suggest that we definitely need a longer title for ideas', 24, 5, NULL),
(140, TIMESTAMP '2018-08-13 20:53:52.591', TIMESTAMP '2018-08-14 20:53:52.591', 'Qd0Eb8j9 Lorem ipsum dolor sit amet, consectetur adipiscing elit, sed do eiusmod tempor incididunt ut labore et dolore magna aliqua. Ut enim ad minim veniam, quis nostrud exercitation ullamco laboris nisi ut aliquip ex ea', NULL, 0, 'Idea 104 that suggest that we definitely need a longer title for ideas', 25, 18, NULL),
(141, TIMESTAMP '2018-08-12 20:53:52.598', TIMESTAMP '2018-08-13 20:53:52.598', 'YTCcrYqa Lorem ipsum dolor sit amet, consectetur adipiscing elit, sed do eiusmod tempor incididunt ut labore et dolore magna aliqua. Ut enim ad minim veniam, quis nostrud exercitation ullamco ', NULL, 0, 'Idea 105 that suggest that we definitely need a longer title for ideas', 26, 7, NULL),
(142, TIMESTAMP '2018-08-11 20:53:52.628', TIMESTAMP '2018-08-12 20:53:52.628', 'h8Tb78nM Lorem ipsum dolor sit amet, consectetur adipiscing elit, sed do eiusmod tempor incididunt ut labore et dolore magna aliqua. Ut enim ad minim veniam, quis nostrud exercitation ullamco laboris nisi ut aliquip ex ea commodo consequat. Duis aute irure dolor in rep', NULL, 0, 'Idea 106 that suggest that we definitely need a longer title for ideas', 27, 6, NULL);  
INSERT INTO PUBLIC.LAWS(ID, CREATED_AT, UPDATED_AT, DESCRIPTION, REACHED_QUORUM_AT, STATUS, TITLE, AREA_ID, CREATED_BY_ID, POLL_ID) VALUES
(143, TIMESTAMP '2018-08-10 20:53:52.639', TIMESTAMP '2018-08-11 20:53:52.64', 'Va1NK65x Lorem ipsum dolor sit amet, consectetur adipiscing elit, sed do eiusmod tempor incididunt ut labore et dolore magna aliqua. Ut enim ad minim veniam, quis nostrud exercitation ullamco laboris nisi ut aliquip ex ea commodo consequat. Duis aute irure dolor in reprehenderit in voluptate velit esse cillum dolore eu fugiat nulla pariatur. Excepteur sint o', NULL, 0, 'Idea 107 that suggest that we definitely need a longer title for ideas', 28, 20, NULL),
(144, TIMESTAMP '2018-08-09 20:53:52.665', TIMESTAMP '2018-08-10 20:53:52.666', 'xHyaYs1Q Lorem ipsum dolo', NULL, 0, 'Idea 108 that suggest that we definitely need a longer title for ideas', 29, 5, NULL),
(145, TIMESTAMP '2018-08-08 20:53:52.675', TIMESTAMP '2018-08-09 20:53:52.677', '7VyOKRvs Lorem ipsum dolor sit amet, consectetur adipiscing elit, sed do eiusmod tempor incididunt ut labore et dolore magna aliqua. Ut enim ad minim veniam, quis nostrud exercitation ullamco laboris nisi ut aliquip ex ea commodo consequat. Duis aute irure dolor in reprehenderit in voluptate velit esse cillum dolore eu fugiat nulla p', NULL, 0, 'Idea 109 that suggest that we definitely need a longer title for ideas', 30, 4, NULL),
(146, TIMESTAMP '2018-08-07 20:53:52.692', TIMESTAMP '2018-08-08 20:53:52.692', 'C4rwELHn Lorem ipsum dolor sit amet, consectetur adipiscing elit, sed do eiusmod tempor incididunt ut labore et dolore magna aliqua. Ut enim ad minim veniam, quis nostrud exercitati', NULL, 0, 'Idea 110 that suggest that we definitely need a longer title for ideas', 21, 15, NULL),
(147, TIMESTAMP '2018-11-23 20:53:52.71', TIMESTAMP '2018-11-24 20:53:52.711', 'C7wg6051 Lorem ipsum dolor sit amet, consectetur adipiscing elit, sed do eiusmod tempor incididunt ut labore et dolore magna aliqua. Ut enim ad minim veniam, quis nostrud exercitation ullamco laboris nisi ut aliquip ex ea commodo consequat. Duis aute i', TIMESTAMP '2018-11-26 20:53:52.708', 1, 'Proposal 0 that reached its quorum', 24, 18, NULL),
(148, TIMESTAMP '2018-11-23 20:53:52.734', TIMESTAMP '2018-11-24 20:53:52.734', 'i9OnkRgF Lorem ipsum dolor sit amet, consectetur adipiscing elit, sed do eiusmod tempor inc', TIMESTAMP '2018-11-26 20:53:52.729', 1, 'Proposal 1 that reached its quorum', 28, 11, NULL),
(149, TIMESTAMP '2018-11-19 20:53:52.772', TIMESTAMP '2018-11-20 20:53:52.773', 'v31AQMDF Lorem ipsum dolor sit amet, consectetur adipiscing elit, sed do eiusmod tempor incididunt ut labore et dolore magna aliqua. Ut enim ad minim veniam, quis nostrud exercitation ullamco laboris nisi', TIMESTAMP '2018-11-26 20:53:52.77', 1, 'Proposal 2 that reached its quorum', 23, 2, NULL),
(150, TIMESTAMP '2018-11-17 20:53:52.793', TIMESTAMP '2018-11-18 20:53:52.794', 'aiHuYxdG Lorem ipsum dolor sit amet, consectetur adi', TIMESTAMP '2018-11-26 20:53:52.791', 1, 'Proposal 3 that reached its quorum', 26, 6, NULL),
(151, TIMESTAMP '2018-11-17 20:53:52.821', TIMESTAMP '2018-11-18 20:53:52.821', 'OS4elkLy Lorem ipsum dolor sit amet, consectetur adipiscing elit, sed do eiusmod tempor incididunt ut labore et dolore magna aliqua. Ut enim ad minim veniam', TIMESTAMP '2018-11-26 20:53:52.815', 1, 'Proposal 4 that reached its quorum', 26, 8, NULL),
(152, TIMESTAMP '2018-11-21 20:53:52.842', TIMESTAMP '2018-11-22 20:53:52.843', '4iozsWoD Lorem ipsum dolor sit amet, consectetur adipiscing elit, sed do eiusmod tempor incididunt ut labore et dolore magna aliqua. Ut enim ad minim veniam, quis nostrud exercitation ullamco laboris nisi ut aliquip ex ea commodo consequat. Duis aute irure dolor in reprehenderit in voluptate velit esse cillum dolore eu fugiat nulla pariatur. Excepteur sin', TIMESTAMP '2018-11-26 20:53:52.838', 1, 'Proposal 5 that reached its quorum', 25, 19, NULL),
(153, TIMESTAMP '2018-11-22 20:53:52.863', TIMESTAMP '2018-11-23 20:53:52.863', 'K2WsXIrj Lorem ipsum dolor sit amet, consectetur adipiscing elit, sed do eiusmod tempor incididunt ut labore et dolore magna aliqua. Ut enim ad minim veni', TIMESTAMP '2018-11-26 20:53:52.861', 1, 'Proposal 6 that reached its quorum', 28, 3, NULL);            
INSERT INTO PUBLIC.LAWS(ID, CREATED_AT, UPDATED_AT, DESCRIPTION, REACHED_QUORUM_AT, STATUS, TITLE, AREA_ID, CREATED_BY_ID, POLL_ID) VALUES
(154, TIMESTAMP '2018-11-24 20:53:52.884', TIMESTAMP '2018-11-25 20:53:52.884', 'QWjt6RSA Lorem ipsum dolor sit amet, consectetur ', TIMESTAMP '2018-11-26 20:53:52.882', 1, 'Proposal 7 that reached its quorum', 27, 9, NULL),
(155, TIMESTAMP '2018-11-21 20:53:52.902', TIMESTAMP '2018-11-22 20:53:52.902', 'Pxy9i1FH Lorem ipsum dolor sit amet, consectetur adipiscing elit, sed do eiusmod tempor incididunt ut labore et dolore magna aliqua. Ut enim ad minim veniam, quis nostrud exercitation ullamco laboris nisi ut aliquip ex ea commodo consequat. Duis aute irure dolor in reprehenderit in voluptate velit esse cillum dolore eu fugiat nulla pariatur. Excep', TIMESTAMP '2018-11-26 20:53:52.899', 1, 'Proposal 8 that reached its quorum', 21, 17, NULL),
(156, TIMESTAMP '2018-11-23 20:53:52.918', TIMESTAMP '2018-11-24 20:53:52.918', '8hOldOf6 Lorem ipsum dolor sit amet, consectetur adipiscing elit, sed do eiusmod tempor incididunt ut labore et dolore magna aliqua. Ut enim ad minim veniam, quis nostrud exercitation ullamco laboris nisi ut aliquip ex ea commodo consequat. Duis aute irure dolor in reprehenderit in voluptate velit esse cil', TIMESTAMP '2018-11-26 20:53:52.916', 1, 'Proposal 9 that reached its quorum', 22, 14, NULL),
(157, TIMESTAMP '2018-11-17 20:53:52.936', TIMESTAMP '2018-11-18 20:53:52.936', 'dctM2V5T Lorem ipsum dolor sit amet, consectetur adipiscing elit, sed ', TIMESTAMP '2018-11-26 20:53:52.934', 1, 'Proposal 10 that reached its quorum', 22, 7, NULL),
(158, TIMESTAMP '2018-11-24 20:53:52.951', TIMESTAMP '2018-11-25 20:53:52.951', '8KRSJ8Cz Lorem ipsum dolor sit amet, consectetur adipiscing elit, sed do eiusmod tempor incididunt ut labore et dolore magna aliqua. Ut enim ad minim veniam, quis nostrud exercitation ullamco l', TIMESTAMP '2018-11-26 20:53:52.949', 1, 'Proposal 11 that reached its quorum', 21, 16, NULL),
(159, TIMESTAMP '2018-11-20 20:53:53.055', TIMESTAMP '2018-11-21 20:53:53.056', 'k6B0Qa0S Lorem ipsum dolor sit amet, consectetur adipiscing elit, sed do eiusmod tempor incididunt ut labore et d', TIMESTAMP '2018-11-26 20:53:53.053', 1, 'Proposal 12 that reached its quorum', 24, 9, NULL),
(160, TIMESTAMP '2018-11-24 20:53:53.073', TIMESTAMP '2018-11-25 20:53:53.074', 'S2MHLq4w Lorem ipsum dolor sit amet, consectetur adipiscing elit, sed do eius', TIMESTAMP '2018-11-26 20:53:53.072', 1, 'Proposal 13 that reached its quorum', 22, 9, NULL),
(161, TIMESTAMP '2018-11-22 20:53:53.094', TIMESTAMP '2018-11-23 20:53:53.094', 'vrjUpXSI Lorem ipsum dolor sit amet, consectetur adipiscing elit, sed do eiusmod tempor incididunt ut labore et dolore magna aliqua. Ut enim ad minim veniam, quis', TIMESTAMP '2018-11-26 20:53:53.091', 1, 'Proposal 14 that reached its quorum', 23, 16, NULL),
(162, TIMESTAMP '2018-11-23 20:53:53.117', TIMESTAMP '2018-11-24 20:53:53.117', 'taYNlYlC Lorem ipsum dolor sit amet, consectetur adipiscing elit, sed do eiusmod tempor incididunt ut labore et dolore magna aliqua. Ut enim ad minim veniam, quis nostrud exercitation ullamco laboris nisi ut aliquip ex ea commodo consequat. Duis aute irure dolor in reprehenderit in voluptate velit esse cillum dolore eu fugiat nulla pariatur. Excepteur sint occaecat cupidatat non p', TIMESTAMP '2018-11-26 20:53:53.114', 1, 'Proposal 15 that reached its quorum', 23, 1, NULL),
(163, TIMESTAMP '2018-11-24 20:53:53.133', TIMESTAMP '2018-11-25 20:53:53.133', 'UmElJ9VC Lorem ipsum dolor sit amet, consectetur adipiscing elit, sed do eiusmod tempor incididunt ut labore et dolore magna aliqua. Ut enim ad minim veniam, quis nostrud exercitation ullamco laboris nisi ut aliquip ex ea commodo consequat. Duis aute irure dolor in reprehenderit in voluptate velit esse cillum dolore eu fugiat nulla pariatur. Excepteur sint occaecat cupidatat ', TIMESTAMP '2018-11-26 20:53:53.131', 1, 'Proposal 16 that reached its quorum', 28, 4, NULL),
(164, TIMESTAMP '2018-11-19 20:53:53.153', TIMESTAMP '2018-11-20 20:53:53.153', 'vvwzmjus Lorem ipsum dolor sit amet, consectetur adipiscing elit, sed do eiusmod tempor incididunt ut labore et dolore magna aliqua. Ut enim ad minim veniam, quis nostrud exercitation ullamco laboris nisi ut aliquip ex ea commodo consequat. Duis aute irure dolor in reprehenderit in voluptate velit esse cillum dolore eu fugiat nulla pariatur. Except', TIMESTAMP '2018-11-26 20:53:53.151', 1, 'Proposal 17 that reached its quorum', 28, 11, NULL);             
INSERT INTO PUBLIC.LAWS(ID, CREATED_AT, UPDATED_AT, DESCRIPTION, REACHED_QUORUM_AT, STATUS, TITLE, AREA_ID, CREATED_BY_ID, POLL_ID) VALUES
(165, TIMESTAMP '2018-11-20 20:53:53.167', TIMESTAMP '2018-11-21 20:53:53.167', 'KSa08e4O Lorem ips', TIMESTAMP '2018-11-26 20:53:53.165', 1, 'Proposal 18 that reached its quorum', 25, 13, NULL),
(166, TIMESTAMP '2018-11-26 20:53:53.188', TIMESTAMP '2018-11-26 20:53:53.189', 'g6woDyY2 Lorem ipsum dolor sit amet, consectetur adipiscing elit, sed do eiusmod tempor incididunt ut labore et dolore magna aliqua. Ut enim ad minim veniam, quis nostrud exercitation ullamco laboris nisi ut aliquip ex ea commodo consequat. Duis aute irure dolor in reprehenderi', TIMESTAMP '2018-11-26 20:53:53.187', 1, 'Proposal 19 that reached its quorum', 28, 20, NULL),
(167, TIMESTAMP '2018-11-17 20:53:53.205', TIMESTAMP '2018-11-18 20:53:53.205', 'Cij7l01s Lorem ipsum dolor sit amet, consectetur adipiscing elit, sed do eiusmod tempor incididunt ut labore et dolore magna aliqua. Ut enim ad minim veniam, quis nostrud exercitation ullamco laboris nisi ut aliquip ex ea commodo conseq', TIMESTAMP '2018-11-26 20:53:53.203', 1, 'Proposal 20 that reached its quorum', 21, 18, NULL),
(168, TIMESTAMP '2018-11-17 20:53:53.232', TIMESTAMP '2018-11-18 20:53:53.232', 'ChOPeYPa Lorem ipsum dolor sit amet, consectetur ', TIMESTAMP '2018-11-26 20:53:53.23', 1, 'Proposal 21 that reached its quorum', 22, 20, NULL),
(169, TIMESTAMP '2018-11-17 20:53:53.257', TIMESTAMP '2018-11-18 20:53:53.257', 'djzACwVb Lorem ipsum dolor sit amet, consectetur adipiscing elit, sed do eiusmod tempor incididunt ut labore et dolore magna aliqua. Ut enim ad minim veniam, quis nostrud exercitation ullamco laboris nisi ut aliquip ex ea commodo consequat. Duis aute irure dolor in reprehenderit in voluptate velit esse cillum dolore eu fugiat nulla pariatur. Excepteur sint occaecat cupidatat non proident, sunt in culpa q', TIMESTAMP '2018-11-26 20:53:53.255', 1, 'Proposal 22 that reached its quorum', 25, 10, NULL),
(170, TIMESTAMP '2018-11-18 20:53:53.273', TIMESTAMP '2018-11-19 20:53:53.273', 'Oe3YtwQz Lorem ipsum dolor sit amet, consectetur adipiscing elit, sed do eiusmod tempor incididunt ut labore et dolore magna aliqua. Ut enim ad minim veniam, quis nostrud exercitation ullamco laboris nisi ut aliquip ex ea commodo consequat. Duis aute irure dolor in reprehenderit in voluptate velit esse cillum dolore eu fugiat nulla pariatur. Excepteur sint occaecat cupidatat non pr', TIMESTAMP '2018-11-26 20:53:53.271', 1, 'Proposal 23 that reached its quorum', 29, 9, NULL),
(171, TIMESTAMP '2018-11-26 20:53:53.29', TIMESTAMP '2018-11-26 20:53:53.29', '2V4il2Ei Lorem ipsum dolor sit amet, cons', TIMESTAMP '2018-11-26 20:53:53.288', 1, 'Proposal 24 that reached its quorum', 27, 7, NULL),
(172, TIMESTAMP '2018-11-18 20:53:53.305', TIMESTAMP '2018-11-19 20:53:53.305', 'WZXphGPi Lorem ipsum dolor sit amet, consectetur adipiscing elit, sed do eiusmod tempor incididunt ut labore et dolore magna aliqua. Ut enim ad minim veniam, quis nostrud exercitation ullamco laboris nisi ut aliquip ex ea commodo consequat. Duis aute irure dolor in reprehenderit in voluptate velit esse c', TIMESTAMP '2018-11-26 20:53:53.302', 1, 'Proposal 25 that reached its quorum', 23, 18, NULL),
(173, TIMESTAMP '2018-11-22 20:53:53.319', TIMESTAMP '2018-11-23 20:53:53.319', 'w7GdYmGu Lorem ipsum dolor sit amet, consectetur adipiscing elit, sed do eiusmod tempor incididunt ut labore et dolore magna aliqua. Ut enim ad minim veniam, quis nostrud exercitat', TIMESTAMP '2018-11-26 20:53:53.318', 1, 'Proposal 26 that reached its quorum', 27, 1, NULL),
(174, TIMESTAMP '2018-11-18 20:53:53.335', TIMESTAMP '2018-11-19 20:53:53.335', 'FnqLt86p Lorem ipsum dolor sit amet, consectetur adipiscing elit, sed do eiusmod tempor incididunt ut labore et dolore magna aliqua. Ut ', TIMESTAMP '2018-11-26 20:53:53.333', 1, 'Proposal 27 that reached its quorum', 30, 6, NULL),
(175, TIMESTAMP '2018-11-18 20:53:53.351', TIMESTAMP '2018-11-19 20:53:53.351', '9wdILWGR Lorem ipsum dolor sit amet, consectetur adipiscing elit, sed do eiusmod tempor incididunt ut labore et dolore magna aliqua. Ut enim ad minim veniam, quis nostrud exercitation ullamco laboris nisi ut aliquip ex ea commodo consequat. Duis aute irure dolor in reprehenderit in voluptate velit esse cillum dolore eu fugiat nulla pariatur. Excepteur sint occaecat cupidatat non proident, sunt in cul', TIMESTAMP '2018-11-26 20:53:53.349', 1, 'Proposal 28 that reached its quorum', 28, 3, NULL);      
INSERT INTO PUBLIC.LAWS(ID, CREATED_AT, UPDATED_AT, DESCRIPTION, REACHED_QUORUM_AT, STATUS, TITLE, AREA_ID, CREATED_BY_ID, POLL_ID) VALUES
(176, TIMESTAMP '2018-11-25 20:53:53.382', TIMESTAMP '2018-11-26 20:53:53.382', '8lapvJJf Lorem ipsum dolor sit amet, consectetur adipiscing elit, sed do eiusmod tempor incididunt ut labore et dolore magna aliqua. Ut', TIMESTAMP '2018-11-26 20:53:53.376', 1, 'Proposal 29 that reached its quorum', 26, 13, NULL),
(177, TIMESTAMP '2018-11-23 20:53:53.427', TIMESTAMP '2018-11-24 20:53:53.427', 'QVCqlA1D Lorem ipsum dolor sit amet, consectetur adipiscing elit, sed do eiusmod tempor incididunt ut labore et dolore magn', TIMESTAMP '2018-11-26 20:53:53.425', 1, 'Proposal 30 that reached its quorum', 28, 17, NULL),
(178, TIMESTAMP '2018-11-18 20:53:53.446', TIMESTAMP '2018-11-19 20:53:53.446', 'Ss1XBIPo Lorem ipsum dolor sit amet, consectetur adipisc', TIMESTAMP '2018-11-26 20:53:53.444', 1, 'Proposal 31 that reached its quorum', 28, 2, NULL),
(179, TIMESTAMP '2018-11-19 20:53:53.464', TIMESTAMP '2018-11-20 20:53:53.464', 'aD0dQavg Lorem ipsum dolor sit amet, consectetur adipiscing elit, sed do eiusmod tempor incididunt ut labore et dolore magna aliqua. Ut enim ad minim veniam, quis nostrud exercitation ullamco laboris nisi ut aliquip ex ea commodo consequat. Duis aute ir', TIMESTAMP '2018-11-26 20:53:53.462', 1, 'Proposal 32 that reached its quorum', 28, 11, NULL),
(180, TIMESTAMP '2018-11-17 20:53:53.484', TIMESTAMP '2018-11-18 20:53:53.484', 'ulQXkORK Lorem ipsum dolor sit amet, consectetur adipiscing elit, sed do eiusmod tempor incididunt ut labore et dolore magna aliqua. Ut enim ad minim veniam, q', TIMESTAMP '2018-11-26 20:53:53.482', 1, 'Proposal 33 that reached its quorum', 29, 6, NULL),
(181, TIMESTAMP '2018-11-25 20:53:53.5', TIMESTAMP '2018-11-26 20:53:53.5', 'jB5LxHec Lorem ipsum dolor sit amet, consectetur adipiscing elit, sed do eiusmod tempor incididunt ut labore et dolore magna aliqua. Ut enim ad minim veniam, quis nostrud exercitation ullamco laboris nisi ut aliquip ex ea co', TIMESTAMP '2018-11-26 20:53:53.498', 1, 'Proposal 34 that reached its quorum', 24, 15, NULL),
(182, TIMESTAMP '2018-11-25 20:53:53.52', TIMESTAMP '2018-11-26 20:53:53.52', '3m2mQQvb Lorem ipsum dolor sit amet, consectetur adipiscing elit, sed do eiusmod tempor incididunt ut labore et dolore magna aliqua. Ut enim ad minim veniam, quis nostrud exercitation ullamco laboris nisi ut aliquip ex ea commodo consequat. Duis aute irure dolor in reprehenderit in voluptate velit esse cillum dolore eu fugiat nulla pariatur. Excepteur sint occ', TIMESTAMP '2018-11-26 20:53:53.518', 1, 'Proposal 35 that reached its quorum', 29, 8, NULL),
(183, TIMESTAMP '2018-11-23 20:53:53.535', TIMESTAMP '2018-11-24 20:53:53.535', 'N9LesJ4p Lorem ipsum dolor sit amet, consectetur adipiscing elit, sed do eiusmod tempor incididunt ut labore et dolore magna aliqua. Ut enim ad minim ven', TIMESTAMP '2018-11-26 20:53:53.532', 1, 'Proposal 36 that reached its quorum', 24, 13, NULL),
(184, TIMESTAMP '2018-11-23 20:53:53.55', TIMESTAMP '2018-11-24 20:53:53.55', 'lOsOPWhU Lorem ipsum dolor sit amet, consectetur adipiscing elit, sed do eiusmod tempor incididunt ut labore et dolore magna aliqua. Ut enim ad minim veniam, quis nostrud exercit', TIMESTAMP '2018-11-26 20:53:53.548', 1, 'Proposal 37 that reached its quorum', 23, 5, NULL),
(185, TIMESTAMP '2018-11-18 20:53:53.564', TIMESTAMP '2018-11-19 20:53:53.564', 'MiDE2m1j Lorem ipsum', TIMESTAMP '2018-11-26 20:53:53.562', 1, 'Proposal 38 that reached its quorum', 21, 7, NULL),
(186, TIMESTAMP '2018-11-23 20:53:53.606', TIMESTAMP '2018-11-24 20:53:53.606', 'cdMlKBka Lorem ipsum dolor sit amet, consectetur adipiscing elit, sed do eiusmod tempor incididunt ut labore et dolore magna aliqua. Ut enim ad minim veniam, quis nostrud exercitation ullamco laboris nisi ut aliquip ex ea commodo consequat. Duis aute irure dolor in reprehenderit in voluptate velit', TIMESTAMP '2018-11-26 20:53:53.601', 1, 'Proposal 39 that reached its quorum', 29, 4, NULL),
(187, TIMESTAMP '2018-11-17 20:53:53.627', TIMESTAMP '2018-11-18 20:53:53.628', 'oFYvp0HV ', TIMESTAMP '2018-11-26 20:53:53.625', 1, 'Proposal 40 that reached its quorum', 30, 16, NULL);            
INSERT INTO PUBLIC.LAWS(ID, CREATED_AT, UPDATED_AT, DESCRIPTION, REACHED_QUORUM_AT, STATUS, TITLE, AREA_ID, CREATED_BY_ID, POLL_ID) VALUES
(188, TIMESTAMP '2018-11-25 20:53:53.647', TIMESTAMP '2018-11-26 20:53:53.647', 'zW3rvSim Lorem ipsum dolor sit amet, consectetur adipiscing elit, sed do eiusmod tempor incididunt ut labore et dolore magna aliqua. Ut enim ad minim veniam, quis nostrud exercitation ullamco laboris nisi ut aliquip ex ea commodo consequat. Duis aute irure dolor in reprehenderit in v', TIMESTAMP '2018-11-26 20:53:53.645', 1, 'Proposal 41 that reached its quorum', 29, 14, NULL),
(189, TIMESTAMP '2018-11-25 20:53:53.663', TIMESTAMP '2018-11-26 20:53:53.663', '1CoE4Wpg Lorem ipsum dolor sit amet, consectetur adipiscing elit, sed do eiusmod tempor incididunt ut labore et dolore magna aliqua. Ut enim ad minim veniam, quis nostrud exercitation ullamco laboris nisi ut aliquip ex ea commodo consequat. Duis aute irure dolor in reprehenderit in', TIMESTAMP '2018-11-26 20:53:53.66', 1, 'Proposal 42 that reached its quorum', 22, 17, NULL),
(190, TIMESTAMP '2018-11-18 20:53:53.68', TIMESTAMP '2018-11-19 20:53:53.68', 'nF8FGMIR Lorem ipsum dolor sit amet, consectetur adipiscing elit, sed do eiusmod tempor incididunt ut labore et dolore magna aliqua. Ut enim ad minim veniam, quis nostrud exercitation ullamco laboris nisi ut aliquip ex ea commodo consequat. ', TIMESTAMP '2018-11-26 20:53:53.678', 1, 'Proposal 43 that reached its quorum', 28, 9, NULL),
(191, TIMESTAMP '2018-11-24 20:53:53.695', TIMESTAMP '2018-11-25 20:53:53.695', 'L75Sstjg Lorem ipsum dolor sit amet, consectetur adipiscing elit, sed do eiusmod tempor incididunt ut labore et dolore magna aliqua. Ut enim ad minim veniam, quis nostrud exercitation ullamco laboris nisi ut aliquip ex ea commodo consequat. Duis aute irure dolor in reprehenderit in volupt', TIMESTAMP '2018-11-26 20:53:53.693', 1, 'Proposal 44 that reached its quorum', 27, 19, NULL),
(192, TIMESTAMP '2018-11-24 20:53:53.709', TIMESTAMP '2018-11-25 20:53:53.709', 'b8ytefFa Lorem ipsum dolor sit amet, consectetur adipiscing elit, sed do eiusmod tempor incididunt ut labore et dolore ', TIMESTAMP '2018-11-26 20:53:53.706', 1, 'Proposal 45 that reached its quorum', 27, 13, NULL),
(193, TIMESTAMP '2018-11-17 20:53:53.725', TIMESTAMP '2018-11-18 20:53:53.725', 'uqihE5O0 Lorem ipsum dolor sit amet, consectetur adipiscing elit, sed do eiusmod tempor incididunt ut labore et dolore magna aliqua. Ut enim ad minim veniam, quis nostrud exercitation ullamco laboris nisi ut aliquip ex ea commodo consequat. Duis aute irure dolor in reprehenderit in voluptate velit esse cill', TIMESTAMP '2018-11-26 20:53:53.723', 1, 'Proposal 46 that reached its quorum', 21, 5, NULL),
(194, TIMESTAMP '2018-11-26 20:53:53.741', TIMESTAMP '2018-11-26 20:53:53.741', 'Oc9HwQMZ Lorem ipsum dolor sit amet, conse', TIMESTAMP '2018-11-26 20:53:53.739', 1, 'Proposal 47 that reached its quorum', 30, 10, NULL),
(195, TIMESTAMP '2018-11-20 20:53:53.757', TIMESTAMP '2018-11-21 20:53:53.758', 'XP6Zx9X0 Lorem ipsum dolor sit amet, consectetur adipiscing elit, sed do eiusmod tempor incididunt ut labore et dolore magna aliqua. Ut enim ad minim veniam, quis nostrud exercitation ullamco laboris nisi ut aliquip ex ea commodo consequat. Duis aute irure dolor in reprehenderit in voluptate velit esse cil', TIMESTAMP '2018-11-26 20:53:53.755', 1, 'Proposal 48 that reached its quorum', 21, 8, NULL),
(196, TIMESTAMP '2018-11-18 20:53:53.78', TIMESTAMP '2018-11-19 20:53:53.78', 'aRll6bMT Lorem ipsum dolor sit amet, consectetur adipiscing elit, sed do eiusmod tempor incid', TIMESTAMP '2018-11-26 20:53:53.776', 1, 'Proposal 49 that reached its quorum', 26, 2, NULL),
(197, TIMESTAMP '2018-11-23 20:53:53.806', TIMESTAMP '2018-11-24 20:53:53.806', 'Lorem ipsum dolor sit amet, consectetur adipiscing elit, sed do eiusmod tempor incididunt ut labore et dolore magna aliqua. Ut enim ad minim veniam, quis nostrud exercitation ullamco laboris nisi ut aliquip ex ea commodo consequat. Duis aute irure dolor in reprehenderit in voluptate velit esse cillum dolore eu fugiat nulla pariatur. Excepteur sint occaecat cupidatat non proident, sunt i', TIMESTAMP '2018-11-26 20:53:53.804', 1, 'Proposal 0 for user testuser1@liquido.de', 30, 1, NULL);         
INSERT INTO PUBLIC.LAWS(ID, CREATED_AT, UPDATED_AT, DESCRIPTION, REACHED_QUORUM_AT, STATUS, TITLE, AREA_ID, CREATED_BY_ID, POLL_ID) VALUES
(198, TIMESTAMP '2018-11-25 20:53:53.822', TIMESTAMP '2018-11-26 20:53:53.824', 'Lorem ipsum dolor sit amet, consectetur adipiscing elit, sed do eiusmod tempor incididunt ut labore et dolore magna aliqua. Ut enim ad minim ve', TIMESTAMP '2018-11-26 20:53:53.821', 1, 'Proposal 1 for user testuser1@liquido.de', 26, 1, NULL),
(199, TIMESTAMP '2018-11-25 20:53:53.837', TIMESTAMP '2018-11-26 20:53:53.837', 'Lorem ipsum dolor sit amet, consectetur adipiscing elit, sed do eiusmod tempor incididunt ut labore et dolore magna aliqua. Ut enim ad minim veniam, quis nostrud exercitation ullamco laboris nisi ut aliquip ex ea commodo consequat. Duis aute irure dolor in reprehenderit in voluptate velit esse cillum dolore eu fugiat nulla pariatur. Excepteur sint occaecat cupida', TIMESTAMP '2018-11-26 20:53:53.835', 1, 'Proposal 2 for user testuser1@liquido.de', 21, 1, NULL),
(200, TIMESTAMP '2018-11-17 20:53:53.852', TIMESTAMP '2018-11-18 20:53:53.852', 'Lorem ipsum dolor sit amet, consectetur adipiscing elit, sed do eiusmod tempor incididunt ut labore et dolore magna aliqua. Ut enim ad minim veniam, quis nostrud exercitation ullamco laboris nisi ut aliquip ex ea commodo consequat. Duis aute irure dolor in reprehenderit in voluptate velit esse cillum dolore eu fugiat nulla pariatur. Excepteur sint oc', TIMESTAMP '2018-11-26 20:53:53.85', 1, 'Proposal 3 for user testuser1@liquido.de', 21, 1, NULL),
(201, TIMESTAMP '2018-11-19 20:53:53.873', TIMESTAMP '2018-11-20 20:53:53.873', 'Lorem ipsum dolor sit amet, consectetur adipiscing elit, sed do eiusmod tempor incididunt ut labore et dolore magna aliqua. Ut enim ad minim veniam, quis nostrud exercitation ullamco laboris nisi ut aliquip ex ea commodo consequat. Duis aute irure dolor in reprehenderit in voluptate velit esse cillum dolore', TIMESTAMP '2018-11-26 20:53:53.871', 1, 'Proposal 4 for user testuser1@liquido.de', 30, 1, NULL),
(202, TIMESTAMP '2018-11-16 20:53:53.896', TIMESTAMP '2018-11-26 20:53:54.01', 'Lorem ipsum dolor sit amet, consectetur adipiscing elit, sed do eiusmod tempor incididunt ut labore et dolore magna aliqua. Ut enim ad minim veniam, quis nostrud exercitation ullamco laboris nisi ut aliquip ex ea commodo consequat. Duis aute irure dolor in reprehenderit in voluptate velit esse cillum dolore eu fugiat nulla pariatur. ', TIMESTAMP '2018-11-26 20:53:53.894', 2, 'Initial Proposal in a poll that is in elaboration 1543262033874', 21, 13, 209),
(210, TIMESTAMP '2018-11-06 20:53:54.029', TIMESTAMP '2018-11-26 20:53:54.052', 'Lorem ipsum dolor sit amet, consectetur adipiscing elit, sed do eiusmod tempor incididunt ut labore et dolore magna aliqua. Ut enim ad minim veniam, quis nostrud exer', TIMESTAMP '2018-11-26 20:53:54.026', 2, 'Alternative Proposal1 in a poll that is in elaboration1543262034011', 21, 15, 209),
(217, TIMESTAMP '2018-11-06 20:53:54.07', TIMESTAMP '2018-11-26 20:53:54.093', 'Lorem ipsum dolor sit amet, consectetur adipiscing elit, sed do eiusmod tempor incididunt ut labore et dolore magna aliqua. Ut enim ad minim veniam, quis nostrud exercitation ullamco laboris nisi ut aliquip ex ea commodo consequat. Duis aute irure dolor ', TIMESTAMP '2018-11-26 20:53:54.069', 2, 'Alternative Proposal2 in a poll that is in elaboration1543262034052', 21, 7, 209),
(224, TIMESTAMP '2018-11-06 20:53:54.111', TIMESTAMP '2018-11-26 20:53:54.134', 'Lorem ipsum dolor sit amet, consectetur adipiscing elit, sed do eiusmod tempor incididunt ut labore et dolore magna aliqua. Ut enim ad minim veniam, quis nos', TIMESTAMP '2018-11-26 20:53:54.105', 2, 'Alternative Proposal3 in a poll that is in elaboration1543262034093', 21, 3, 209),
(231, TIMESTAMP '2018-11-06 20:53:54.153', TIMESTAMP '2018-11-26 20:53:54.207', 'Lorem ipsum dolor sit amet, consectetur adipiscing elit, sed do eiusmod tempor incididunt ut labore et dolore magna aliqua. Ut enim ad minim veniam, quis nostrud exercitation ullamco laboris nisi ut aliquip ex ea commodo consequat. Duis aute irure dolor in reprehenderit in voluptate velit esse cillum dolore eu fugiat nulla pariatur. Excepteur sint occaecat cupidatat no', TIMESTAMP '2018-11-26 20:53:54.152', 2, 'Alternative Proposal4 in a poll that is in elaboration1543262034135', 21, 5, 209);     
INSERT INTO PUBLIC.LAWS(ID, CREATED_AT, UPDATED_AT, DESCRIPTION, REACHED_QUORUM_AT, STATUS, TITLE, AREA_ID, CREATED_BY_ID, POLL_ID) VALUES
(238, TIMESTAMP '2018-11-16 20:53:54.221', TIMESTAMP '2018-11-26 20:53:54.55', 'Lorem ipsum dolor sit amet, consectetur adipiscing elit, sed do eiusmod tempor incididunt ut labore et dolore magna aliqua. Ut enim ad minim veniam, quis nostrud exercitation ullamc', TIMESTAMP '2018-11-26 20:53:54.22', 3, 'Proposal 5 in voting phase 1543262034388', 21, 13, 245),
(246, TIMESTAMP '2018-11-06 20:53:54.252', TIMESTAMP '2018-11-26 20:53:54.55', 'Lorem ipsum dolor sit amet, consectetur adipiscing elit, sed do eiusmod tempor incididunt ut labore et dolore magna aliqua. Ut enim ad minim veniam, quis nostrud exercitation ullamco laboris nisi ut aliquip ex ea commodo consequat. Duis aute irure dol', TIMESTAMP '2018-11-26 20:53:54.25', 3, 'Proposal 4 in voting phase 1543262034388', 21, 15, 245),
(253, TIMESTAMP '2018-11-06 20:53:54.291', TIMESTAMP '2018-11-26 20:53:54.55', 'Lorem ipsum dolor sit amet, consectetur adipiscing elit, sed do eiusmod tempor incididunt ut labore et dolore magna aliqua. Ut enim ad minim veniam, quis nostrud exercitation ullamco laboris nisi ut aliquip ex ea commodo consequat. Duis aute irure dolor in reprehenderit in voluptate velit esse cillum dolore ', TIMESTAMP '2018-11-26 20:53:54.289', 3, 'Proposal 3 in voting phase 1543262034388', 21, 7, 245),
(260, TIMESTAMP '2018-11-06 20:53:54.331', TIMESTAMP '2018-11-26 20:53:54.551', 'Lorem ipsum dolor sit amet, consectetur adipiscing elit, sed do eiusmod tempor incididunt ut labore et dolore magna aliqua. Ut enim ad minim veniam, quis nostrud exercitation ullamco laboris nisi ut aliquip ex ea commodo consequat. Duis aute irure dolor in', TIMESTAMP '2018-11-26 20:53:54.329', 3, 'Proposal 2 in voting phase 1543262034388', 21, 3, 245),
(267, TIMESTAMP '2018-11-06 20:53:54.367', TIMESTAMP '2018-11-26 20:53:54.551', 'Lorem ipsum dolor sit amet, consectetur adipiscing elit, sed do eiusmod tempor incididunt ut labore et dolore magna aliqua. Ut enim ad minim veniam, quis nostrud exercitation ullamco laboris nisi ut aliquip ex ea commodo consequat. Duis aute irure dolor in reprehenderit in voluptate velit esse cillum dolore eu fugiat nulla pariatur. Excepteur sint occaecat cupidatat non proident, s', TIMESTAMP '2018-11-26 20:53:54.366', 3, 'Proposal 1 in voting phase 1543262034388', 21, 5, 245),
(274, TIMESTAMP '2018-11-16 20:53:54.573', TIMESTAMP '2018-11-26 20:53:54.985', 'Lorem ipsum dolor sit amet, consectetur adipiscing elit, sed do eiusmod tempor incididunt ut labore et dolore magna aliqua. Ut enim ad minim veniam, quis nostrud exercitation ullamco laboris nisi ut aliquip ex ea commodo con', TIMESTAMP '2018-11-26 20:53:54.57', 4, 'Proposal 5 in voting phase 1543262034848', 21, 13, 281),
(282, TIMESTAMP '2018-11-06 20:53:54.641', TIMESTAMP '2018-11-26 20:53:54.985', 'Lorem ipsum dolor sit amet, consectetur adipiscing elit, sed do eiusmod tempor incididunt ut labore et dolore magna aliqua. Ut enim ad minim veniam, quis nostrud exercitation ullamco laboris nisi ut aliquip ex ea commodo co', TIMESTAMP '2018-11-26 20:53:54.639', 5, 'Proposal 4 in voting phase 1543262034848', 21, 15, 281),
(289, TIMESTAMP '2018-11-06 20:53:54.686', TIMESTAMP '2018-11-26 20:53:54.986', 'Lorem ipsum dolor sit amet, consectetur adipiscing elit, sed do eiusmod tempor incididunt ut labore et dolore magna aliqua. Ut enim ad minim veniam, quis nostrud exercitation ullamco laboris nisi ut aliquip ex ea commodo consequat. Duis aute irure dolor in reprehenderit in voluptate velit esse ', TIMESTAMP '2018-11-26 20:53:54.684', 5, 'Proposal 3 in voting phase 1543262034848', 21, 7, 281),
(296, TIMESTAMP '2018-11-06 20:53:54.741', TIMESTAMP '2018-11-26 20:53:54.986', 'Lorem ipsum dolor sit amet, consectetur adipiscing elit, sed do eiusmod tempor incididunt ut labore et dolore magna aliqua. Ut enim ad minim veniam, quis nostrud exercitation ullamco laboris nisi ut aliquip ex ea commodo consequat. Duis aute irure dolor in reprehenderit in ', TIMESTAMP '2018-11-26 20:53:54.739', 5, 'Proposal 2 in voting phase 1543262034848', 21, 3, 281);   
INSERT INTO PUBLIC.LAWS(ID, CREATED_AT, UPDATED_AT, DESCRIPTION, REACHED_QUORUM_AT, STATUS, TITLE, AREA_ID, CREATED_BY_ID, POLL_ID) VALUES
(303, TIMESTAMP '2018-11-06 20:53:54.813', TIMESTAMP '2018-11-26 20:53:54.986', 'Lorem ipsum dolor sit amet, consectetur adipiscing elit, sed do eiusmod tempor incididunt ut labore et dolore magna aliqua. Ut enim ad minim veniam, quis nostrud exercitation ullamco laboris nisi ut aliquip ex ea commodo conseq', TIMESTAMP '2018-11-26 20:53:54.811', 5, 'Proposal 1 in voting phase 1543262034848', 21, 5, 281),
(310, TIMESTAMP '2018-11-06 20:53:55.028', TIMESTAMP '2018-11-26 20:53:55.027', 'Lorem ipsum dolor sit amet, consectetur adipiscing elit, sed do eiusmod tempor incididunt ut labore et dolore magna aliqua. Ut enim ad minim veniam, quis nostrud exercitation ullamco laboris nisi ut aliquip ex ea commodo consequat. Duis aute irure dolor in reprehenderit in voluptate velit esse cillum dolore eu fugiat null', TIMESTAMP '2018-11-02 20:53:55.024', 4, 'Law 0', 21, 1, NULL),
(311, TIMESTAMP '2018-11-05 20:53:55.071', TIMESTAMP '2018-11-26 20:53:55.07', 'Lorem ipsum dolor sit amet, consectetur adipiscing elit, sed do eiusmod tempor incididunt ut labore et dolore magna aliqua. Ut enim ad minim veniam, quis nostrud exercitation ullamco laboris nisi ut aliqui', TIMESTAMP '2018-11-02 20:53:55.067', 4, 'Law 1', 21, 1, NULL);    
CREATE MEMORY TABLE PUBLIC.LAWS_COMMENTS(
    LAW_MODEL_ID BIGINT NOT NULL,
    COMMENTS_ID BIGINT NOT NULL
);             
ALTER TABLE PUBLIC.LAWS_COMMENTS ADD CONSTRAINT PUBLIC.CONSTRAINT_A0 PRIMARY KEY(LAW_MODEL_ID, COMMENTS_ID);  
-- 15 +/- SELECT COUNT(*) FROM PUBLIC.LAWS_COMMENTS;          
INSERT INTO PUBLIC.LAWS_COMMENTS(LAW_MODEL_ID, COMMENTS_ID) VALUES
(202, 203),
(210, 211),
(217, 218),
(224, 225),
(231, 232),
(238, 239),
(246, 247),
(253, 254),
(260, 261),
(267, 268),
(274, 275),
(282, 283),
(289, 290),
(296, 297),
(303, 304);         
CREATE MEMORY TABLE PUBLIC.LAWS_SUPPORTERS(
    LAW_MODEL_ID BIGINT NOT NULL,
    SUPPORTERS_ID BIGINT NOT NULL
);         
ALTER TABLE PUBLIC.LAWS_SUPPORTERS ADD CONSTRAINT PUBLIC.CONSTRAINT_C PRIMARY KEY(LAW_MODEL_ID, SUPPORTERS_ID);               
-- 1161 +/- SELECT COUNT(*) FROM PUBLIC.LAWS_SUPPORTERS;      
INSERT INTO PUBLIC.LAWS_SUPPORTERS(LAW_MODEL_ID, SUPPORTERS_ID) VALUES
(36, 13),
(36, 18),
(36, 15),
(36, 12),
(36, 16),
(36, 14),
(36, 20),
(36, 8),
(37, 3),
(37, 9),
(38, 9),
(38, 16),
(38, 7),
(38, 12),
(38, 5),
(38, 20),
(39, 14),
(39, 8),
(39, 12),
(39, 6),
(39, 5),
(40, 16),
(40, 10),
(40, 7),
(41, 11),
(41, 1),
(41, 6),
(41, 15),
(41, 10),
(41, 12),
(41, 4),
(42, 8),
(42, 14),
(42, 1),
(42, 10),
(43, 9),
(43, 1),
(43, 5),
(44, 14),
(44, 12),
(44, 3),
(44, 8),
(44, 9),
(44, 2),
(44, 18),
(45, 4),
(45, 18),
(45, 7),
(46, 12),
(47, 2),
(48, 2),
(48, 15),
(48, 18),
(48, 6),
(49, 1),
(49, 3),
(51, 16),
(51, 8),
(51, 2),
(51, 1),
(51, 18),
(51, 17),
(51, 5),
(51, 12),
(52, 15),
(52, 16),
(53, 18),
(53, 12),
(53, 20),
(53, 11),
(53, 10),
(53, 3),
(53, 4),
(53, 9),
(54, 1),
(54, 11),
(54, 8),
(54, 5),
(54, 19),
(55, 13),
(55, 20),
(55, 9),
(55, 15),
(56, 10),
(56, 12),
(57, 3),
(57, 19),
(57, 18),
(57, 7),
(58, 8),
(58, 11),
(58, 19),
(58, 7),
(59, 20),
(59, 3),
(59, 14),
(59, 4),
(59, 16),
(60, 20),
(60, 12),
(60, 17),
(60, 7),
(61, 12),
(61, 14),
(61, 6),
(61, 11),
(61, 7),
(61, 13),
(61, 17),
(63, 17),
(63, 18),
(63, 15),
(63, 10),
(63, 3),
(63, 11),
(63, 13),
(63, 7),
(64, 4),
(64, 13),
(64, 6),
(64, 3),
(64, 16),
(64, 9),
(64, 18),
(64, 12),
(66, 18),
(66, 16),
(66, 17),
(66, 4),
(66, 9),
(66, 10),
(66, 3),
(66, 15),
(67, 2),
(67, 14),
(68, 17),
(68, 2),
(68, 4),
(68, 15),
(68, 9),
(68, 10),
(68, 13),
(68, 6),
(69, 17),
(69, 9),
(69, 20),
(69, 7),
(69, 12),
(69, 16),
(70, 19),
(70, 10),
(70, 5),
(71, 9),
(71, 14),
(71, 19),
(71, 4),
(71, 8),
(73, 19),
(73, 2),
(73, 8),
(74, 1),
(74, 6),
(74, 8),
(74, 13),
(75, 18),
(75, 3),
(75, 6),
(76, 2),
(76, 9),
(76, 17),
(76, 12),
(76, 10),
(76, 6),
(77, 19),
(77, 6),
(77, 18),
(77, 1),
(78, 2),
(78, 9),
(78, 7),
(79, 8),
(80, 10),
(80, 3),
(80, 5),
(80, 12),
(81, 4),
(81, 13),
(81, 12),
(81, 14),
(82, 9),
(82, 14),
(82, 15),
(82, 3),
(83, 4),
(83, 13),
(84, 6),
(84, 1),
(84, 4),
(84, 2),
(84, 15),
(84, 5),
(84, 17),
(85, 17),
(85, 19),
(86, 18),
(86, 20),
(86, 19),
(86, 10),
(88, 15),
(88, 7),
(89, 8),
(89, 1),
(90, 3),
(90, 10),
(90, 14),
(90, 16),
(91, 19),
(92, 8),
(92, 10),
(92, 14),
(92, 20),
(92, 7),
(93, 18),
(93, 17),
(93, 8),
(93, 2),
(93, 3),
(93, 5),
(94, 16),
(95, 16),
(95, 7),
(95, 10),
(95, 8),
(95, 11),
(95, 18),
(95, 6),
(95, 17),
(98, 12),
(98, 4),
(98, 14),
(98, 11),
(98, 20),
(98, 8),
(99, 13),
(101, 11),
(101, 12),
(102, 15),
(102, 6),
(102, 10),
(103, 10),
(103, 11),
(103, 15),
(103, 6),
(103, 8),
(103, 17),
(104, 16),
(104, 19),
(104, 6),
(104, 4),
(105, 15),
(105, 2),
(107, 2),
(107, 6),
(107, 20),
(107, 11),
(107, 16),
(107, 10),
(108, 7),
(108, 8),
(108, 3),
(108, 1),
(108, 14),
(108, 16),
(109, 13),
(109, 14),
(109, 1),
(109, 7),
(109, 2),
(109, 16),
(109, 15),
(109, 3),
(110, 8),
(110, 19),
(110, 5),
(110, 2),
(110, 6),
(110, 4),
(110, 18),
(110, 9),
(111, 12),
(111, 19),
(111, 11),
(111, 17),
(111, 9),
(111, 7),
(112, 11),
(112, 20),
(112, 19),
(112, 3),
(112, 12),
(112, 1),
(112, 8),
(112, 7),
(113, 10),
(113, 14),
(113, 20),
(113, 7),
(113, 19),
(114, 4),
(114, 18),
(114, 20),
(114, 5),
(115, 17),
(115, 3),
(115, 4),
(115, 7),
(115, 16),
(115, 19),
(115, 8),
(116, 17),
(116, 18),
(116, 15),
(116, 12),
(117, 14),
(117, 7),
(117, 8),
(117, 16),
(117, 3),
(118, 19),
(118, 14),
(118, 3),
(118, 2),
(118, 1),
(118, 6),
(119, 4),
(119, 20),
(119, 13),
(120, 19),
(120, 14),
(120, 9),
(120, 20),
(120, 15),
(120, 7),
(120, 16),
(120, 2),
(122, 1),
(122, 7),
(122, 4),
(122, 5),
(122, 20),
(123, 9),
(123, 6),
(123, 16),
(124, 16),
(124, 1),
(124, 19),
(124, 13),
(124, 8),
(124, 9),
(124, 7),
(124, 5),
(125, 6),
(125, 13),
(126, 16),
(126, 12),
(126, 18),
(126, 5),
(126, 19),
(126, 10),
(126, 17),
(127, 16),
(127, 1),
(127, 5),
(127, 12),
(128, 5),
(128, 7),
(128, 18),
(130, 11),
(130, 18),
(131, 9),
(131, 5),
(133, 16),
(133, 19),
(133, 8),
(136, 20),
(136, 6),
(137, 1),
(137, 4),
(137, 2),
(138, 20),
(138, 6),
(138, 18),
(138, 17),
(138, 16),
(138, 14),
(138, 7),
(138, 11),
(139, 20),
(139, 19),
(139, 1),
(139, 15),
(140, 17),
(140, 5),
(140, 7),
(140, 15),
(140, 6);               
INSERT INTO PUBLIC.LAWS_SUPPORTERS(LAW_MODEL_ID, SUPPORTERS_ID) VALUES
(140, 9),
(140, 13),
(141, 8),
(142, 9),
(142, 15),
(142, 7),
(143, 18),
(144, 1),
(144, 4),
(144, 11),
(144, 9),
(145, 5),
(145, 19),
(145, 11),
(145, 14),
(146, 3),
(146, 8),
(146, 18),
(146, 1),
(146, 10),
(146, 6),
(147, 12),
(147, 3),
(147, 17),
(147, 6),
(147, 15),
(147, 2),
(147, 4),
(147, 9),
(147, 10),
(147, 5),
(148, 18),
(148, 14),
(148, 12),
(148, 19),
(148, 6),
(148, 4),
(148, 10),
(148, 5),
(148, 1),
(148, 9),
(149, 4),
(149, 10),
(149, 16),
(149, 8),
(149, 6),
(149, 1),
(149, 7),
(149, 3),
(149, 14),
(149, 9),
(150, 1),
(150, 19),
(150, 12),
(150, 10),
(150, 15),
(150, 18),
(150, 9),
(150, 17),
(150, 16),
(150, 4),
(151, 6),
(151, 19),
(151, 10),
(151, 20),
(151, 9),
(151, 15),
(151, 5),
(151, 18),
(151, 1),
(151, 13),
(152, 8),
(152, 12),
(152, 15),
(152, 7),
(152, 20),
(152, 14),
(152, 4),
(152, 10),
(152, 13),
(152, 2),
(153, 4),
(153, 9),
(153, 15),
(153, 14),
(153, 6),
(153, 13),
(153, 11),
(153, 7),
(153, 10),
(153, 16),
(154, 20),
(154, 13),
(154, 7),
(154, 4),
(154, 3),
(154, 15),
(154, 1),
(154, 19),
(154, 17),
(154, 10),
(155, 15),
(155, 16),
(155, 11),
(155, 4),
(155, 2),
(155, 1),
(155, 13),
(155, 8),
(155, 19),
(155, 6),
(156, 5),
(156, 8),
(156, 20),
(156, 2),
(156, 19),
(156, 6),
(156, 17),
(156, 16),
(156, 3),
(156, 12),
(157, 19),
(157, 14),
(157, 4),
(157, 5),
(157, 13),
(157, 11),
(157, 17),
(157, 2),
(157, 8),
(157, 9),
(158, 10),
(158, 14),
(158, 13),
(158, 5),
(158, 19),
(158, 3),
(158, 8),
(158, 1),
(158, 20),
(158, 6),
(159, 1),
(159, 19),
(159, 17),
(159, 12),
(159, 4),
(159, 6),
(159, 10),
(159, 18),
(159, 3),
(159, 5),
(160, 4),
(160, 7),
(160, 1),
(160, 14),
(160, 10),
(160, 20),
(160, 18),
(160, 5),
(160, 3),
(160, 13),
(161, 7),
(161, 3),
(161, 11),
(161, 4),
(161, 2),
(161, 8),
(161, 19),
(161, 14),
(161, 9),
(161, 17),
(162, 3),
(162, 17),
(162, 5),
(162, 20),
(162, 12),
(162, 7),
(162, 11),
(162, 4),
(162, 18),
(162, 10),
(163, 7),
(163, 19),
(163, 12),
(163, 20),
(163, 17),
(163, 3),
(163, 10),
(163, 15),
(163, 14),
(163, 11),
(164, 16),
(164, 2),
(164, 7),
(164, 10),
(164, 20),
(164, 14),
(164, 5),
(164, 13),
(164, 4),
(164, 6),
(165, 2),
(165, 18),
(165, 17),
(165, 6),
(165, 4),
(165, 16),
(165, 19),
(165, 5),
(165, 20),
(165, 8),
(166, 8),
(166, 14),
(166, 6),
(166, 1),
(166, 3),
(166, 18),
(166, 11),
(166, 12),
(166, 15),
(166, 13),
(167, 10),
(167, 8),
(167, 15),
(167, 14),
(167, 16),
(167, 20),
(167, 5),
(167, 17),
(167, 9),
(167, 11),
(168, 5),
(168, 15),
(168, 17),
(168, 14),
(168, 7),
(168, 19),
(168, 4),
(168, 11),
(168, 9),
(168, 12),
(169, 18),
(169, 15),
(169, 6),
(169, 17),
(169, 19),
(169, 20),
(169, 11),
(169, 3),
(169, 7),
(169, 1),
(170, 7),
(170, 8),
(170, 10),
(170, 1),
(170, 15),
(170, 5),
(170, 20),
(170, 13),
(170, 19),
(170, 6),
(171, 18),
(171, 13),
(171, 15),
(171, 3),
(171, 6),
(171, 16),
(171, 17),
(171, 11),
(171, 19),
(171, 2),
(172, 17),
(172, 9),
(172, 5),
(172, 20),
(172, 1),
(172, 11),
(172, 10),
(172, 7),
(172, 14),
(172, 3),
(173, 6),
(173, 7),
(173, 9),
(173, 3),
(173, 10),
(173, 15),
(173, 14),
(173, 18),
(173, 2),
(173, 19),
(174, 12),
(174, 19),
(174, 8),
(174, 17),
(174, 2),
(174, 15),
(174, 7),
(174, 13),
(174, 5),
(174, 16),
(175, 5),
(175, 19),
(175, 7),
(175, 20),
(175, 14),
(175, 16),
(175, 1),
(175, 17),
(175, 2),
(175, 9),
(176, 20),
(176, 11),
(176, 17),
(176, 4),
(176, 14),
(176, 10),
(176, 9),
(176, 3),
(176, 8),
(176, 2),
(177, 14),
(177, 10),
(177, 18),
(177, 6),
(177, 19),
(177, 7),
(177, 16),
(177, 5),
(177, 11),
(177, 4),
(178, 13),
(178, 4),
(178, 6),
(178, 8),
(178, 10),
(178, 16),
(178, 5),
(178, 1),
(178, 14),
(178, 15),
(179, 14),
(179, 18),
(179, 12),
(179, 19),
(179, 9),
(179, 4),
(179, 13),
(179, 7),
(179, 8),
(179, 3),
(180, 18),
(180, 13),
(180, 10),
(180, 17),
(180, 11),
(180, 16),
(180, 12),
(180, 5),
(180, 4),
(180, 2),
(181, 13),
(181, 5),
(181, 16),
(181, 10),
(181, 17),
(181, 6),
(181, 14),
(181, 9),
(181, 12),
(181, 18),
(182, 14),
(182, 13),
(182, 11),
(182, 18),
(182, 20),
(182, 9),
(182, 1),
(182, 17),
(182, 5),
(182, 3),
(183, 4);             
INSERT INTO PUBLIC.LAWS_SUPPORTERS(LAW_MODEL_ID, SUPPORTERS_ID) VALUES
(183, 2),
(183, 11),
(183, 10),
(183, 16),
(183, 7),
(183, 18),
(183, 17),
(183, 14),
(183, 5),
(184, 11),
(184, 10),
(184, 19),
(184, 2),
(184, 14),
(184, 6),
(184, 20),
(184, 4),
(184, 16),
(184, 3),
(185, 16),
(185, 8),
(185, 14),
(185, 11),
(185, 6),
(185, 18),
(185, 1),
(185, 20),
(185, 10),
(185, 5),
(186, 15),
(186, 10),
(186, 6),
(186, 13),
(186, 20),
(186, 18),
(186, 1),
(186, 5),
(186, 3),
(186, 7),
(187, 15),
(187, 7),
(187, 19),
(187, 4),
(187, 11),
(187, 6),
(187, 18),
(187, 1),
(187, 9),
(187, 10),
(188, 19),
(188, 9),
(188, 11),
(188, 8),
(188, 10),
(188, 17),
(188, 18),
(188, 3),
(188, 7),
(188, 12),
(189, 1),
(189, 20),
(189, 5),
(189, 13),
(189, 18),
(189, 9),
(189, 11),
(189, 14),
(189, 15),
(189, 19),
(190, 5),
(190, 2),
(190, 3),
(190, 10),
(190, 16),
(190, 14),
(190, 7),
(190, 15),
(190, 8),
(190, 1),
(191, 6),
(191, 2),
(191, 4),
(191, 14),
(191, 12),
(191, 11),
(191, 20),
(191, 9),
(191, 16),
(191, 17),
(192, 11),
(192, 12),
(192, 4),
(192, 17),
(192, 9),
(192, 15),
(192, 18),
(192, 19),
(192, 20),
(192, 6),
(193, 13),
(193, 3),
(193, 18),
(193, 19),
(193, 14),
(193, 15),
(193, 2),
(193, 12),
(193, 6),
(193, 4),
(194, 2),
(194, 8),
(194, 13),
(194, 7),
(194, 11),
(194, 18),
(194, 4),
(194, 3),
(194, 20),
(194, 5),
(195, 17),
(195, 19),
(195, 3),
(195, 12),
(195, 20),
(195, 1),
(195, 10),
(195, 16),
(195, 11),
(195, 14),
(196, 5),
(196, 19),
(196, 13),
(196, 16),
(196, 3),
(196, 18),
(196, 6),
(196, 7),
(196, 15),
(196, 9),
(197, 14),
(197, 2),
(197, 16),
(197, 9),
(197, 5),
(197, 18),
(197, 19),
(197, 13),
(197, 8),
(197, 20),
(198, 14),
(198, 18),
(198, 2),
(198, 16),
(198, 11),
(198, 6),
(198, 10),
(198, 12),
(198, 8),
(198, 15),
(199, 9),
(199, 18),
(199, 4),
(199, 2),
(199, 6),
(199, 20),
(199, 5),
(199, 8),
(199, 7),
(199, 17),
(200, 4),
(200, 18),
(200, 12),
(200, 3),
(200, 14),
(200, 6),
(200, 2),
(200, 16),
(200, 15),
(200, 9),
(201, 12),
(201, 7),
(201, 8),
(201, 15),
(201, 14),
(201, 17),
(201, 16),
(201, 5),
(201, 13),
(201, 9),
(202, 5),
(202, 3),
(202, 6),
(202, 17),
(202, 4),
(202, 16),
(202, 19),
(202, 8),
(202, 20),
(202, 1),
(210, 13),
(210, 4),
(210, 17),
(210, 16),
(210, 5),
(210, 2),
(210, 6),
(210, 20),
(210, 11),
(210, 1),
(217, 20),
(217, 10),
(217, 1),
(217, 11),
(217, 17),
(217, 6),
(217, 5),
(217, 16),
(217, 4),
(217, 2),
(224, 6),
(224, 1),
(224, 5),
(224, 7),
(224, 8),
(224, 11),
(224, 13),
(224, 10),
(224, 17),
(224, 2),
(231, 9),
(231, 3),
(231, 10),
(231, 8),
(231, 4),
(231, 20),
(231, 18),
(231, 1),
(231, 19),
(231, 17),
(238, 11),
(238, 5),
(238, 17),
(238, 19),
(238, 6),
(238, 12),
(238, 8),
(238, 18),
(238, 2),
(238, 7),
(246, 19),
(246, 20),
(246, 7),
(246, 1),
(246, 2),
(246, 9),
(246, 11),
(246, 4),
(246, 12),
(246, 14),
(253, 5),
(253, 8),
(253, 18),
(253, 14),
(253, 13),
(253, 3),
(253, 11),
(253, 1),
(253, 2),
(253, 16),
(260, 17),
(260, 8),
(260, 18),
(260, 15),
(260, 16),
(260, 13),
(260, 20),
(260, 7),
(260, 11),
(260, 10),
(267, 10),
(267, 8),
(267, 1),
(267, 4),
(267, 2),
(267, 3),
(267, 19),
(267, 18),
(267, 6),
(267, 15),
(274, 8),
(274, 4),
(274, 19),
(274, 6),
(274, 9),
(274, 17),
(274, 14),
(274, 10),
(274, 16),
(274, 1),
(282, 3),
(282, 16),
(282, 20),
(282, 2),
(282, 19),
(282, 11),
(282, 1),
(282, 10),
(282, 4),
(282, 7),
(289, 19),
(289, 18),
(289, 16),
(289, 10),
(289, 5),
(289, 9),
(289, 12),
(289, 13),
(289, 17),
(289, 14),
(296, 16),
(296, 20),
(296, 12),
(296, 17),
(296, 15),
(296, 7),
(296, 2),
(296, 4),
(296, 14),
(296, 13),
(303, 1),
(303, 2),
(303, 16),
(303, 8),
(303, 14),
(303, 19),
(303, 17),
(303, 3),
(303, 20),
(303, 18),
(310, 18),
(310, 10),
(310, 3),
(310, 19),
(310, 14),
(310, 9),
(310, 4),
(310, 17),
(310, 15),
(310, 5),
(310, 7),
(310, 2),
(310, 16),
(310, 20),
(310, 12),
(310, 11),
(310, 6),
(311, 19),
(311, 20),
(311, 9),
(311, 13),
(311, 18),
(311, 3),
(311, 7),
(311, 16),
(311, 2),
(311, 6),
(311, 10),
(311, 5),
(311, 8),
(311, 4),
(311, 15),
(311, 17),
(311, 11); 
CREATE MEMORY TABLE PUBLIC.ONE_TIME_TOKEN(
    ID BIGINT NOT NULL,
    CREATED_AT TIMESTAMP NOT NULL,
    UPDATED_AT TIMESTAMP NOT NULL,
    TOKEN VARCHAR(255) NOT NULL,
    TOKEN_TYPE INTEGER NOT NULL,
    VALID_UNTIL TIMESTAMP NOT NULL,
    USER_ID BIGINT NOT NULL
);         
ALTER TABLE PUBLIC.ONE_TIME_TOKEN ADD CONSTRAINT PUBLIC.CONSTRAINT_4 PRIMARY KEY(ID);         
-- 0 +/- SELECT COUNT(*) FROM PUBLIC.ONE_TIME_TOKEN;          
CREATE MEMORY TABLE PUBLIC.POLLS(
    ID BIGINT NOT NULL,
    CREATED_AT TIMESTAMP NOT NULL,
    UPDATED_AT TIMESTAMP NOT NULL,
    STATUS INTEGER,
    VOTING_END_AT TIMESTAMP,
    VOTING_START_AT TIMESTAMP,
    WINNER_ID BIGINT
);               
ALTER TABLE PUBLIC.POLLS ADD CONSTRAINT PUBLIC.CONSTRAINT_48 PRIMARY KEY(ID); 
-- 3 +/- SELECT COUNT(*) FROM PUBLIC.POLLS;   
INSERT INTO PUBLIC.POLLS(ID, CREATED_AT, UPDATED_AT, STATUS, VOTING_END_AT, VOTING_START_AT, WINNER_ID) VALUES
(209, TIMESTAMP '2018-11-19 20:53:54.208', TIMESTAMP '2018-11-19 20:53:54.208', 0, TIMESTAMP '2018-12-24 00:00:00', TIMESTAMP '2018-12-10 00:00:00', NULL),
(245, TIMESTAMP '2018-11-11 20:53:54.436', TIMESTAMP '2018-11-26 20:53:54.55', 1, TIMESTAMP '2018-12-09 00:00:00', TIMESTAMP '2018-11-25 20:53:54.52', NULL),
(281, TIMESTAMP '2018-12-13 13:56:42.249', TIMESTAMP '2018-11-26 20:53:54.985', 2, TIMESTAMP '2018-11-26 20:53:54.953', TIMESTAMP '2018-11-07 20:53:54.927', 274);
CREATE MEMORY TABLE PUBLIC.USERS(
    ID BIGINT NOT NULL,
    CREATED_AT TIMESTAMP NOT NULL,
    UPDATED_AT TIMESTAMP NOT NULL,
    EMAIL VARCHAR(255) NOT NULL,
    PASSWORD_HASH VARCHAR(255) NOT NULL,
    MOBILE_PHONE VARCHAR(255),
    NAME VARCHAR(255),
    PICTURE VARCHAR(255),
    WEBSITE VARCHAR(255)
);               
ALTER TABLE PUBLIC.USERS ADD CONSTRAINT PUBLIC.CONSTRAINT_4D PRIMARY KEY(ID); 
-- 20 +/- SELECT COUNT(*) FROM PUBLIC.USERS;  
INSERT INTO PUBLIC.USERS(ID, CREATED_AT, UPDATED_AT, EMAIL, PASSWORD_HASH, MOBILE_PHONE, NAME, PICTURE, WEBSITE) VALUES
(1, TIMESTAMP '2018-11-26 20:53:46.68', TIMESTAMP '2018-11-26 20:53:46.68', 'testuser1@liquido.de', '{bcrypt}$2a$10$xpcZT8QJe6jVVvTim2Y7beHNNTPC6TCdFa5q9Q5o8FzspzFk/jo2a', '1234567890', 'Test User1', '/static/img/photos/1.png', 'http://www.liquido.de'),
(2, TIMESTAMP '2018-11-26 20:53:46.728', TIMESTAMP '2018-11-26 20:53:46.728', 'testuser2@liquido.de', '{bcrypt}$2a$10$xpcZT8QJe6jVVvTim2Y7beHNNTPC6TCdFa5q9Q5o8FzspzFk/jo2a', '4008366480', 'Test User2', '/static/img/photos/2.png', 'http://www.liquido.de'),
(3, TIMESTAMP '2018-11-26 20:53:46.731', TIMESTAMP '2018-11-26 20:53:46.731', 'testuser3@liquido.de', '{bcrypt}$2a$10$xpcZT8QJe6jVVvTim2Y7beHNNTPC6TCdFa5q9Q5o8FzspzFk/jo2a', '5828631233', 'Test User3', '/static/img/photos/3.png', 'http://www.liquido.de'),
(4, TIMESTAMP '2018-11-26 20:53:46.735', TIMESTAMP '2018-11-26 20:53:46.735', 'testuser4@liquido.de', '{bcrypt}$2a$10$xpcZT8QJe6jVVvTim2Y7beHNNTPC6TCdFa5q9Q5o8FzspzFk/jo2a', '5836869472', 'Test User4', '/static/img/photos/1.png', 'http://www.liquido.de'),
(5, TIMESTAMP '2018-11-26 20:53:46.738', TIMESTAMP '2018-11-26 20:53:46.738', 'testuser5@liquido.de', '{bcrypt}$2a$10$xpcZT8QJe6jVVvTim2Y7beHNNTPC6TCdFa5q9Q5o8FzspzFk/jo2a', '7857981833', 'Test User5', '/static/img/photos/2.png', 'http://www.liquido.de'),
(6, TIMESTAMP '2018-11-26 20:53:46.742', TIMESTAMP '2018-11-26 20:53:46.742', 'testuser6@liquido.de', '{bcrypt}$2a$10$xpcZT8QJe6jVVvTim2Y7beHNNTPC6TCdFa5q9Q5o8FzspzFk/jo2a', '6845738141', 'Test User6', '/static/img/photos/3.png', 'http://www.liquido.de'),
(7, TIMESTAMP '2018-11-26 20:53:46.745', TIMESTAMP '2018-11-26 20:53:46.745', 'testuser7@liquido.de', '{bcrypt}$2a$10$xpcZT8QJe6jVVvTim2Y7beHNNTPC6TCdFa5q9Q5o8FzspzFk/jo2a', '3778777792', 'Test User7', '/static/img/photos/1.png', 'http://www.liquido.de'),
(8, TIMESTAMP '2018-11-26 20:53:46.749', TIMESTAMP '2018-11-26 20:53:46.749', 'testuser8@liquido.de', '{bcrypt}$2a$10$xpcZT8QJe6jVVvTim2Y7beHNNTPC6TCdFa5q9Q5o8FzspzFk/jo2a', '9989668587', 'Test User8', '/static/img/photos/2.png', 'http://www.liquido.de'),
(9, TIMESTAMP '2018-11-26 20:53:46.753', TIMESTAMP '2018-11-26 20:53:46.753', 'testuser9@liquido.de', '{bcrypt}$2a$10$xpcZT8QJe6jVVvTim2Y7beHNNTPC6TCdFa5q9Q5o8FzspzFk/jo2a', '8773510838', 'Test User9', '/static/img/photos/3.png', 'http://www.liquido.de'),
(10, TIMESTAMP '2018-11-26 20:53:46.756', TIMESTAMP '2018-11-26 20:53:46.756', 'testuser10@liquido.de', '{bcrypt}$2a$10$xpcZT8QJe6jVVvTim2Y7beHNNTPC6TCdFa5q9Q5o8FzspzFk/jo2a', '6030936947', 'Test User10', '/static/img/photos/1.png', 'http://www.liquido.de'),
(11, TIMESTAMP '2018-11-26 20:53:46.759', TIMESTAMP '2018-11-26 20:53:46.759', 'testuser11@liquido.de', '{bcrypt}$2a$10$xpcZT8QJe6jVVvTim2Y7beHNNTPC6TCdFa5q9Q5o8FzspzFk/jo2a', '5405168608', 'Test User11', '/static/img/photos/2.png', 'http://www.liquido.de'),
(12, TIMESTAMP '2018-11-26 20:53:46.763', TIMESTAMP '2018-11-26 20:53:46.763', 'testuser12@liquido.de', '{bcrypt}$2a$10$xpcZT8QJe6jVVvTim2Y7beHNNTPC6TCdFa5q9Q5o8FzspzFk/jo2a', '4684976724', 'Test User12', '/static/img/photos/3.png', 'http://www.liquido.de'),
(13, TIMESTAMP '2018-11-26 20:53:46.767', TIMESTAMP '2018-11-26 20:53:46.767', 'testuser13@liquido.de', '{bcrypt}$2a$10$xpcZT8QJe6jVVvTim2Y7beHNNTPC6TCdFa5q9Q5o8FzspzFk/jo2a', '3829078669', 'Test User13', '/static/img/photos/1.png', 'http://www.liquido.de'),
(14, TIMESTAMP '2018-11-26 20:53:46.77', TIMESTAMP '2018-11-26 20:53:46.77', 'testuser14@liquido.de', '{bcrypt}$2a$10$xpcZT8QJe6jVVvTim2Y7beHNNTPC6TCdFa5q9Q5o8FzspzFk/jo2a', '4827804800', 'Test User14', '/static/img/photos/2.png', 'http://www.liquido.de'),
(15, TIMESTAMP '2018-11-26 20:53:46.775', TIMESTAMP '2018-11-26 20:53:46.775', 'testuser15@liquido.de', '{bcrypt}$2a$10$xpcZT8QJe6jVVvTim2Y7beHNNTPC6TCdFa5q9Q5o8FzspzFk/jo2a', '8282146965', 'Test User15', '/static/img/photos/3.png', 'http://www.liquido.de'),
(16, TIMESTAMP '2018-11-26 20:53:46.778', TIMESTAMP '2018-11-26 20:53:46.778', 'testuser16@liquido.de', '{bcrypt}$2a$10$xpcZT8QJe6jVVvTim2Y7beHNNTPC6TCdFa5q9Q5o8FzspzFk/jo2a', '7135710627', 'Test User16', '/static/img/photos/1.png', 'http://www.liquido.de');      
INSERT INTO PUBLIC.USERS(ID, CREATED_AT, UPDATED_AT, EMAIL, PASSWORD_HASH, MOBILE_PHONE, NAME, PICTURE, WEBSITE) VALUES
(17, TIMESTAMP '2018-11-26 20:53:46.789', TIMESTAMP '2018-11-26 20:53:46.789', 'testuser17@liquido.de', '{bcrypt}$2a$10$xpcZT8QJe6jVVvTim2Y7beHNNTPC6TCdFa5q9Q5o8FzspzFk/jo2a', '6506948469', 'Test User17', '/static/img/photos/2.png', 'http://www.liquido.de'),
(18, TIMESTAMP '2018-11-26 20:53:46.793', TIMESTAMP '2018-11-26 20:53:46.793', 'testuser18@liquido.de', '{bcrypt}$2a$10$xpcZT8QJe6jVVvTim2Y7beHNNTPC6TCdFa5q9Q5o8FzspzFk/jo2a', '9348647089', 'Test User18', '/static/img/photos/3.png', 'http://www.liquido.de'),
(19, TIMESTAMP '2018-11-26 20:53:46.796', TIMESTAMP '2018-11-26 20:53:46.796', 'testuser19@liquido.de', '{bcrypt}$2a$10$xpcZT8QJe6jVVvTim2Y7beHNNTPC6TCdFa5q9Q5o8FzspzFk/jo2a', '5744792260', 'Test User19', '/static/img/photos/1.png', 'http://www.liquido.de'),
(20, TIMESTAMP '2018-11-26 20:53:46.799', TIMESTAMP '2018-11-26 20:53:46.799', 'testuser20@liquido.de', '{bcrypt}$2a$10$xpcZT8QJe6jVVvTim2Y7beHNNTPC6TCdFa5q9Q5o8FzspzFk/jo2a', '7283788341', 'Test User20', '/static/img/photos/2.png', 'http://www.liquido.de');       
CREATE MEMORY TABLE PUBLIC.QRTZ_CALENDARS(
    SCHED_NAME VARCHAR(120) NOT NULL,
    CALENDAR_NAME VARCHAR(200) NOT NULL,
    CALENDAR IMAGE NOT NULL
);  
ALTER TABLE PUBLIC.QRTZ_CALENDARS ADD CONSTRAINT PUBLIC.PK_QRTZ_CALENDARS PRIMARY KEY(SCHED_NAME, CALENDAR_NAME);             
-- 0 +/- SELECT COUNT(*) FROM PUBLIC.QRTZ_CALENDARS;          
CREATE MEMORY TABLE PUBLIC.QRTZ_CRON_TRIGGERS(
    SCHED_NAME VARCHAR(120) NOT NULL,
    TRIGGER_NAME VARCHAR(200) NOT NULL,
    TRIGGER_GROUP VARCHAR(200) NOT NULL,
    CRON_EXPRESSION VARCHAR(120) NOT NULL,
    TIME_ZONE_ID VARCHAR(80)
);        
ALTER TABLE PUBLIC.QRTZ_CRON_TRIGGERS ADD CONSTRAINT PUBLIC.PK_QRTZ_CRON_TRIGGERS PRIMARY KEY(SCHED_NAME, TRIGGER_NAME, TRIGGER_GROUP);       
-- 0 +/- SELECT COUNT(*) FROM PUBLIC.QRTZ_CRON_TRIGGERS;      
CREATE MEMORY TABLE PUBLIC.QRTZ_FIRED_TRIGGERS(
    SCHED_NAME VARCHAR(120) NOT NULL,
    ENTRY_ID VARCHAR(95) NOT NULL,
    TRIGGER_NAME VARCHAR(200) NOT NULL,
    TRIGGER_GROUP VARCHAR(200) NOT NULL,
    INSTANCE_NAME VARCHAR(200) NOT NULL,
    FIRED_TIME BIGINT NOT NULL,
    SCHED_TIME BIGINT NOT NULL,
    PRIORITY INTEGER NOT NULL,
    STATE VARCHAR(16) NOT NULL,
    JOB_NAME VARCHAR(200),
    JOB_GROUP VARCHAR(200),
    IS_NONCONCURRENT BOOLEAN,
    REQUESTS_RECOVERY BOOLEAN
);         
ALTER TABLE PUBLIC.QRTZ_FIRED_TRIGGERS ADD CONSTRAINT PUBLIC.PK_QRTZ_FIRED_TRIGGERS PRIMARY KEY(SCHED_NAME, ENTRY_ID);        
-- 0 +/- SELECT COUNT(*) FROM PUBLIC.QRTZ_FIRED_TRIGGERS;     
CREATE MEMORY TABLE PUBLIC.QRTZ_PAUSED_TRIGGER_GRPS(
    SCHED_NAME VARCHAR(120) NOT NULL,
    TRIGGER_GROUP VARCHAR(200) NOT NULL
);      
ALTER TABLE PUBLIC.QRTZ_PAUSED_TRIGGER_GRPS ADD CONSTRAINT PUBLIC.PK_QRTZ_PAUSED_TRIGGER_GRPS PRIMARY KEY(SCHED_NAME, TRIGGER_GROUP);         
-- 0 +/- SELECT COUNT(*) FROM PUBLIC.QRTZ_PAUSED_TRIGGER_GRPS;
CREATE MEMORY TABLE PUBLIC.QRTZ_SCHEDULER_STATE(
    SCHED_NAME VARCHAR(120) NOT NULL,
    INSTANCE_NAME VARCHAR(200) NOT NULL,
    LAST_CHECKIN_TIME BIGINT NOT NULL,
    CHECKIN_INTERVAL BIGINT NOT NULL
);           
ALTER TABLE PUBLIC.QRTZ_SCHEDULER_STATE ADD CONSTRAINT PUBLIC.PK_QRTZ_SCHEDULER_STATE PRIMARY KEY(SCHED_NAME, INSTANCE_NAME); 
-- 0 +/- SELECT COUNT(*) FROM PUBLIC.QRTZ_SCHEDULER_STATE;    
CREATE MEMORY TABLE PUBLIC.QRTZ_LOCKS(
    SCHED_NAME VARCHAR(120) NOT NULL,
    LOCK_NAME VARCHAR(40) NOT NULL
);         
ALTER TABLE PUBLIC.QRTZ_LOCKS ADD CONSTRAINT PUBLIC.PK_QRTZ_LOCKS PRIMARY KEY(SCHED_NAME, LOCK_NAME);         
-- 1 +/- SELECT COUNT(*) FROM PUBLIC.QRTZ_LOCKS;              
INSERT INTO PUBLIC.QRTZ_LOCKS(SCHED_NAME, LOCK_NAME) VALUES
('quartzScheduler', 'TRIGGER_ACCESS');           
CREATE MEMORY TABLE PUBLIC.QRTZ_JOB_DETAILS(
    SCHED_NAME VARCHAR(120) NOT NULL,
    JOB_NAME VARCHAR(200) NOT NULL,
    JOB_GROUP VARCHAR(200) NOT NULL,
    DESCRIPTION VARCHAR(250),
    JOB_CLASS_NAME VARCHAR(250) NOT NULL,
    IS_DURABLE BOOLEAN NOT NULL,
    IS_NONCONCURRENT BOOLEAN NOT NULL,
    IS_UPDATE_DATA BOOLEAN NOT NULL,
    REQUESTS_RECOVERY BOOLEAN NOT NULL,
    JOB_DATA IMAGE
);     
ALTER TABLE PUBLIC.QRTZ_JOB_DETAILS ADD CONSTRAINT PUBLIC.PK_QRTZ_JOB_DETAILS PRIMARY KEY(SCHED_NAME, JOB_NAME, JOB_GROUP);   
-- 2 +/- SELECT COUNT(*) FROM PUBLIC.QRTZ_JOB_DETAILS;        
INSERT INTO PUBLIC.QRTZ_JOB_DETAILS(SCHED_NAME, JOB_NAME, JOB_GROUP, DESCRIPTION, JOB_CLASS_NAME, IS_DURABLE, IS_NONCONCURRENT, IS_UPDATE_DATA, REQUESTS_RECOVERY, JOB_DATA) VALUES
('quartzScheduler', 'finishVoting_pollId=245', 'pollJobs', 'Finish voting phase of poll.id=245', 'org.doogie.liquido.services.scheduler.FinishPollJob', TRUE, FALSE, FALSE, FALSE, X'aced0005737200156f72672e71756172747a2e4a6f62446174614d61709fb083e8bfa9b0cb020000787200266f72672e71756172747a2e7574696c732e537472696e674b65794469727479466c61674d61708208e8c3fbc55d280200015a0013616c6c6f77735472616e7369656e74446174617872001d6f72672e71756172747a2e7574696c732e4469727479466c61674d617013e62ead28760ace0200025a000564697274794c00036d617074000f4c6a6176612f7574696c2f4d61703b787001737200116a6176612e7574696c2e486173684d61700507dac1c31660d103000246000a6c6f6164466163746f724900097468726573686f6c6478703f4000000000000c77080000001000000001740007706f6c6c2e69647372000e6a6176612e6c616e672e4c6f6e673b8be490cc8f23df0200014a000576616c7565787200106a6176612e6c616e672e4e756d62657286ac951d0b94e08b020000787000000000000000f57800'),
('quartzScheduler', 'finishVoting_pollId=281', 'pollJobs', 'Finish voting phase of poll.id=281', 'org.doogie.liquido.services.scheduler.FinishPollJob', TRUE, FALSE, FALSE, FALSE, X'aced0005737200156f72672e71756172747a2e4a6f62446174614d61709fb083e8bfa9b0cb020000787200266f72672e71756172747a2e7574696c732e537472696e674b65794469727479466c61674d61708208e8c3fbc55d280200015a0013616c6c6f77735472616e7369656e74446174617872001d6f72672e71756172747a2e7574696c732e4469727479466c61674d617013e62ead28760ace0200025a000564697274794c00036d617074000f4c6a6176612f7574696c2f4d61703b787001737200116a6176612e7574696c2e486173684d61700507dac1c31660d103000246000a6c6f6164466163746f724900097468726573686f6c6478703f4000000000000c77080000001000000001740007706f6c6c2e69647372000e6a6176612e6c616e672e4c6f6e673b8be490cc8f23df0200014a000576616c7565787200106a6176612e6c616e672e4e756d62657286ac951d0b94e08b020000787000000000000001197800');   
CREATE MEMORY TABLE PUBLIC.QRTZ_SIMPLE_TRIGGERS(
    SCHED_NAME VARCHAR(120) NOT NULL,
    TRIGGER_NAME VARCHAR(200) NOT NULL,
    TRIGGER_GROUP VARCHAR(200) NOT NULL,
    REPEAT_COUNT BIGINT NOT NULL,
    REPEAT_INTERVAL BIGINT NOT NULL,
    TIMES_TRIGGERED BIGINT NOT NULL
);  
ALTER TABLE PUBLIC.QRTZ_SIMPLE_TRIGGERS ADD CONSTRAINT PUBLIC.PK_QRTZ_SIMPLE_TRIGGERS PRIMARY KEY(SCHED_NAME, TRIGGER_NAME, TRIGGER_GROUP);   
-- 2 +/- SELECT COUNT(*) FROM PUBLIC.QRTZ_SIMPLE_TRIGGERS;    
INSERT INTO PUBLIC.QRTZ_SIMPLE_TRIGGERS(SCHED_NAME, TRIGGER_NAME, TRIGGER_GROUP, REPEAT_COUNT, REPEAT_INTERVAL, TIMES_TRIGGERED) VALUES
('quartzScheduler', 'finishVotingTrigger_poll.id=245', 'pollTrigger', 0, 60000, 0),
('quartzScheduler', 'finishVotingTrigger_poll.id=281', 'pollTrigger', 0, 60000, 0);             
CREATE MEMORY TABLE PUBLIC.QRTZ_SIMPROP_TRIGGERS(
    SCHED_NAME VARCHAR(120) NOT NULL,
    TRIGGER_NAME VARCHAR(200) NOT NULL,
    TRIGGER_GROUP VARCHAR(200) NOT NULL,
    STR_PROP_1 VARCHAR(512),
    STR_PROP_2 VARCHAR(512),
    STR_PROP_3 VARCHAR(512),
    INT_PROP_1 INTEGER,
    INT_PROP_2 INTEGER,
    LONG_PROP_1 BIGINT,
    LONG_PROP_2 BIGINT,
    DEC_PROP_1 NUMERIC(13, 4),
    DEC_PROP_2 NUMERIC(13, 4),
    BOOL_PROP_1 BOOLEAN,
    BOOL_PROP_2 BOOLEAN
);              
ALTER TABLE PUBLIC.QRTZ_SIMPROP_TRIGGERS ADD CONSTRAINT PUBLIC.PK_QRTZ_SIMPROP_TRIGGERS PRIMARY KEY(SCHED_NAME, TRIGGER_NAME, TRIGGER_GROUP); 
-- 0 +/- SELECT COUNT(*) FROM PUBLIC.QRTZ_SIMPROP_TRIGGERS;   
CREATE MEMORY TABLE PUBLIC.QRTZ_BLOB_TRIGGERS(
    SCHED_NAME VARCHAR(120) NOT NULL,
    TRIGGER_NAME VARCHAR(200) NOT NULL,
    TRIGGER_GROUP VARCHAR(200) NOT NULL,
    BLOB_DATA IMAGE
);             
-- 0 +/- SELECT COUNT(*) FROM PUBLIC.QRTZ_BLOB_TRIGGERS;      
CREATE MEMORY TABLE PUBLIC.QRTZ_TRIGGERS(
    SCHED_NAME VARCHAR(120) NOT NULL,
    TRIGGER_NAME VARCHAR(200) NOT NULL,
    TRIGGER_GROUP VARCHAR(200) NOT NULL,
    JOB_NAME VARCHAR(200) NOT NULL,
    JOB_GROUP VARCHAR(200) NOT NULL,
    DESCRIPTION VARCHAR(250),
    NEXT_FIRE_TIME BIGINT,
    PREV_FIRE_TIME BIGINT,
    PRIORITY INTEGER,
    TRIGGER_STATE VARCHAR(16) NOT NULL,
    TRIGGER_TYPE VARCHAR(8) NOT NULL,
    START_TIME BIGINT NOT NULL,
    END_TIME BIGINT,
    CALENDAR_NAME VARCHAR(200),
    MISFIRE_INSTR SMALLINT,
    JOB_DATA IMAGE
);     
ALTER TABLE PUBLIC.QRTZ_TRIGGERS ADD CONSTRAINT PUBLIC.PK_QRTZ_TRIGGERS PRIMARY KEY(SCHED_NAME, TRIGGER_NAME, TRIGGER_GROUP); 
-- 2 +/- SELECT COUNT(*) FROM PUBLIC.QRTZ_TRIGGERS;           
INSERT INTO PUBLIC.QRTZ_TRIGGERS(SCHED_NAME, TRIGGER_NAME, TRIGGER_GROUP, JOB_NAME, JOB_GROUP, DESCRIPTION, NEXT_FIRE_TIME, PREV_FIRE_TIME, PRIORITY, TRIGGER_STATE, TRIGGER_TYPE, START_TIME, END_TIME, CALENDAR_NAME, MISFIRE_INSTR, JOB_DATA) VALUES
('quartzScheduler', 'finishVotingTrigger_poll.id=245', 'pollTrigger', 'finishVoting_pollId=245', 'pollJobs', 'Finish voting phase of poll.id=245', 1544396400000, -1, 5, 'WAITING', 'SIMPLE', 1544396400000, 0, NULL, 1, X''),
('quartzScheduler', 'finishVotingTrigger_poll.id=281', 'pollTrigger', 'finishVoting_pollId=281', 'pollJobs', 'Finish voting phase of poll.id=281', 1544396400000, -1, 5, 'WAITING', 'SIMPLE', 1544396400000, 0, NULL, 1, X'');       
ALTER TABLE PUBLIC.AREAS ADD CONSTRAINT PUBLIC.UK_P61HNJ1M450KNDUSCXOLDCHFJ UNIQUE(TITLE);    
ALTER TABLE PUBLIC.USERS ADD CONSTRAINT PUBLIC.UK_6DOTKOTT2KJSP8VW4D0M25FB7 UNIQUE(EMAIL);    
ALTER TABLE PUBLIC.LAWS ADD CONSTRAINT PUBLIC.UK_BS516OPV3HONTPTWVPIOOS72B UNIQUE(TITLE);     
ALTER TABLE PUBLIC.DELEGATIONS ADD CONSTRAINT PUBLIC.UK2WYH7POIF8NPDWLUR8DFORD0J UNIQUE(AREA_ID, FROM_USER_ID);               
ALTER TABLE PUBLIC.LAWS_COMMENTS ADD CONSTRAINT PUBLIC.UK_OF3YV6X3MAHJPHJBJE5XHRXC8 UNIQUE(COMMENTS_ID);      
ALTER TABLE PUBLIC.CHECKSUMS ADD CONSTRAINT PUBLIC.UKL0XNKLNHLK4PTWSU9B0QXTYBN UNIQUE(AREA_ID, PUBLIC_PROXY_ID);              
ALTER TABLE PUBLIC.KEY_VALUE ADD CONSTRAINT PUBLIC.UK_GVYP924RQ0A5Y8U3EMJS35G2Q UNIQUE(KEY);  
ALTER TABLE PUBLIC.BALLOT_MODEL ADD CONSTRAINT PUBLIC.FK80AA8GKY9NQS7CS136W9JBLJ6 FOREIGN KEY(POLL_ID) REFERENCES PUBLIC.POLLS(ID) NOCHECK;   
ALTER TABLE PUBLIC.AREAS ADD CONSTRAINT PUBLIC.FKP9N0U4HM2Q1O7V0068C8GD4EL FOREIGN KEY(CREATED_BY_ID) REFERENCES PUBLIC.USERS(ID) NOCHECK;    
ALTER TABLE PUBLIC.DELEGATIONS ADD CONSTRAINT PUBLIC.FKSWBDEOVC7HSQ5EX30PBMDU9D4 FOREIGN KEY(AREA_ID) REFERENCES PUBLIC.AREAS(ID) NOCHECK;    
ALTER TABLE PUBLIC.LAWS ADD CONSTRAINT PUBLIC.FK4QUHD81MM84X6RQ0CCBXSEYXX FOREIGN KEY(POLL_ID) REFERENCES PUBLIC.POLLS(ID) NOCHECK;           
ALTER TABLE PUBLIC.LAWS_SUPPORTERS ADD CONSTRAINT PUBLIC.FK9B4I87YIKUCHRIRFJAYMGOHE3 FOREIGN KEY(LAW_MODEL_ID) REFERENCES PUBLIC.LAWS(ID) NOCHECK;            
ALTER TABLE PUBLIC.COMMENTS_DOWN_VOTERS ADD CONSTRAINT PUBLIC.FK62ILAC17TG4CPKRHEONUD72HV FOREIGN KEY(DOWN_VOTERS_ID) REFERENCES PUBLIC.USERS(ID) NOCHECK;    
ALTER TABLE PUBLIC.QRTZ_CRON_TRIGGERS ADD CONSTRAINT PUBLIC.FK_QRTZ_CRON_TRIGGERS_QRTZ_TRIGGERS FOREIGN KEY(SCHED_NAME, TRIGGER_NAME, TRIGGER_GROUP) REFERENCES PUBLIC.QRTZ_TRIGGERS(SCHED_NAME, TRIGGER_NAME, TRIGGER_GROUP) ON DELETE CASCADE NOCHECK;      
ALTER TABLE PUBLIC.CHECKSUMS ADD CONSTRAINT PUBLIC.FKDFLPSE9FSOGY1FMFDY2W79RG FOREIGN KEY(DELEGATED_TO_CHECKSUM) REFERENCES PUBLIC.CHECKSUMS(CHECKSUM) NOCHECK;               
ALTER TABLE PUBLIC.CHECKSUMS ADD CONSTRAINT PUBLIC.FK68FTLVL0MWTVOQD3BFUPP0XRG FOREIGN KEY(PUBLIC_PROXY_ID) REFERENCES PUBLIC.USERS(ID) NOCHECK;              
ALTER TABLE PUBLIC.LAWS ADD CONSTRAINT PUBLIC.FKTR1PLL46Q50SHWBFFYIYUAVGN FOREIGN KEY(CREATED_BY_ID) REFERENCES PUBLIC.USERS(ID) NOCHECK;     
ALTER TABLE PUBLIC.ONE_TIME_TOKEN ADD CONSTRAINT PUBLIC.FK4O21XT1RMRICB3EA4TO5NKR8D FOREIGN KEY(USER_ID) REFERENCES PUBLIC.USERS(ID) NOCHECK; 
ALTER TABLE PUBLIC.QRTZ_SIMPROP_TRIGGERS ADD CONSTRAINT PUBLIC.FK_QRTZ_SIMPROP_TRIGGERS_QRTZ_TRIGGERS FOREIGN KEY(SCHED_NAME, TRIGGER_NAME, TRIGGER_GROUP) REFERENCES PUBLIC.QRTZ_TRIGGERS(SCHED_NAME, TRIGGER_NAME, TRIGGER_GROUP) ON DELETE CASCADE NOCHECK;
ALTER TABLE PUBLIC.COMMENTS ADD CONSTRAINT PUBLIC.FKAKKM6QFYDU7VGNFNE1YO0XMED FOREIGN KEY(CREATED_BY_ID) REFERENCES PUBLIC.USERS(ID) NOCHECK; 
ALTER TABLE PUBLIC.DELEGATIONS ADD CONSTRAINT PUBLIC.FK21A6LG8FU2JS6E0JU41WJ2GQP FOREIGN KEY(TO_PROXY_ID) REFERENCES PUBLIC.USERS(ID) NOCHECK;
ALTER TABLE PUBLIC.LAWS_COMMENTS ADD CONSTRAINT PUBLIC.FK36FBKIUITRV0YRVY8S0IG46IX FOREIGN KEY(LAW_MODEL_ID) REFERENCES PUBLIC.LAWS(ID) NOCHECK;              
ALTER TABLE PUBLIC.POLLS ADD CONSTRAINT PUBLIC.FKQADOVSMQ4UOK58SP9HKHWJQIS FOREIGN KEY(WINNER_ID) REFERENCES PUBLIC.LAWS(ID) NOCHECK;         
ALTER TABLE PUBLIC.DELEGATIONS ADD CONSTRAINT PUBLIC.FK9KOYA2MI6T18VF7U1FROBKNIQ FOREIGN KEY(FROM_USER_ID) REFERENCES PUBLIC.USERS(ID) NOCHECK;               
ALTER TABLE PUBLIC.BALLOT_MODEL_VOTE_ORDER ADD CONSTRAINT PUBLIC.FKG4WVLJWGWECJJBW58FVL0AD5X FOREIGN KEY(BALLOT_MODEL_ID) REFERENCES PUBLIC.BALLOT_MODEL(ID) NOCHECK;         
ALTER TABLE PUBLIC.BALLOT_MODEL ADD CONSTRAINT PUBLIC.FKP19OJ9H53MY80XIR4TWVUE13B FOREIGN KEY(CHECKSUM_CHECKSUM) REFERENCES PUBLIC.CHECKSUMS(CHECKSUM) NOCHECK;               
ALTER TABLE PUBLIC.CHECKSUMS ADD CONSTRAINT PUBLIC.FKMKXILKGGWXGK48MVTP6UAQ3NP FOREIGN KEY(REQUESTED_DELEGATION_TO_ID) REFERENCES PUBLIC.USERS(ID) NOCHECK;   
ALTER TABLE PUBLIC.LAWS ADD CONSTRAINT PUBLIC.FK9VIQDJ5LDUN0AHWQDFF1WUY39 FOREIGN KEY(AREA_ID) REFERENCES PUBLIC.AREAS(ID) NOCHECK;           
ALTER TABLE PUBLIC.QRTZ_SIMPLE_TRIGGERS ADD CONSTRAINT PUBLIC.FK_QRTZ_SIMPLE_TRIGGERS_QRTZ_TRIGGERS FOREIGN KEY(SCHED_NAME, TRIGGER_NAME, TRIGGER_GROUP) REFERENCES PUBLIC.QRTZ_TRIGGERS(SCHED_NAME, TRIGGER_NAME, TRIGGER_GROUP) ON DELETE CASCADE NOCHECK;  
ALTER TABLE PUBLIC.QRTZ_TRIGGERS ADD CONSTRAINT PUBLIC.FK_QRTZ_TRIGGERS_QRTZ_JOB_DETAILS FOREIGN KEY(SCHED_NAME, JOB_NAME, JOB_GROUP) REFERENCES PUBLIC.QRTZ_JOB_DETAILS(SCHED_NAME, JOB_NAME, JOB_GROUP) NOCHECK;            
ALTER TABLE PUBLIC.LAWS_COMMENTS ADD CONSTRAINT PUBLIC.FKFL0Y4QFVFPF9YNMMFJ0JEVXFF FOREIGN KEY(COMMENTS_ID) REFERENCES PUBLIC.COMMENTS(ID) NOCHECK;           
ALTER TABLE PUBLIC.BALLOT_MODEL_VOTE_ORDER ADD CONSTRAINT PUBLIC.FKK6IWSNAFAEQQ59N0FNWN5K6DI FOREIGN KEY(VOTE_ORDER_ID) REFERENCES PUBLIC.LAWS(ID) NOCHECK;   
ALTER TABLE PUBLIC.COMMENTS_UP_VOTERS ADD CONSTRAINT PUBLIC.FKEUURM027PDC4L5A9G9O2L0UYD FOREIGN KEY(UP_VOTERS_ID) REFERENCES PUBLIC.USERS(ID) NOCHECK;        
ALTER TABLE PUBLIC.COMMENTS ADD CONSTRAINT PUBLIC.FKLRI30OKF66PHTCGBE5POK7CC0 FOREIGN KEY(PARENT_ID) REFERENCES PUBLIC.COMMENTS(ID) NOCHECK;  
ALTER TABLE PUBLIC.COMMENTS_UP_VOTERS ADD CONSTRAINT PUBLIC.FK8LS8T571Y99VTTW1MDKEBXAGP FOREIGN KEY(COMMENT_MODEL_ID) REFERENCES PUBLIC.COMMENTS(ID) NOCHECK; 
ALTER TABLE PUBLIC.LAWS_SUPPORTERS ADD CONSTRAINT PUBLIC.FKK8MVJC4RQ970OJAVYFIA9BQVE FOREIGN KEY(SUPPORTERS_ID) REFERENCES PUBLIC.USERS(ID) NOCHECK;          
ALTER TABLE PUBLIC.COMMENTS_DOWN_VOTERS ADD CONSTRAINT PUBLIC.FKJYMYJ54LENHS4KE6MYQHLY72 FOREIGN KEY(COMMENT_MODEL_ID) REFERENCES PUBLIC.COMMENTS(ID) NOCHECK;
ALTER TABLE PUBLIC.CHECKSUMS ADD CONSTRAINT PUBLIC.FKLLW57XBW0D67OPTMWFMU3P2PC FOREIGN KEY(AREA_ID) REFERENCES PUBLIC.AREAS(ID) NOCHECK;      
