SET DB_CLOSE_DELAY -1;        
;             
CREATE USER IF NOT EXISTS SA SALT 'c794a679ee32ab29' HASH 'b49ec5415ef733a4ad56705d567ce0b9c85b1bc2adec1e02be20e854d85d8873' ADMIN;           
CREATE SEQUENCE PUBLIC.HIBERNATE_SEQUENCE START WITH 318;     
CREATE MEMORY TABLE PUBLIC.AREAS(
    ID BIGINT NOT NULL,
    CREATED_AT TIMESTAMP NOT NULL,
    UPDATED_AT TIMESTAMP NOT NULL,
    DESCRIPTION VARCHAR(255) NOT NULL,
    TITLE VARCHAR(255) NOT NULL,
    CREATED_BY_ID BIGINT NOT NULL
);           
ALTER TABLE PUBLIC.AREAS ADD CONSTRAINT PUBLIC.CONSTRAINT_3 PRIMARY KEY(ID);  
-- 10 +/- SELECT COUNT(*) FROM PUBLIC.AREAS;  
INSERT INTO PUBLIC.AREAS(ID, CREATED_AT, UPDATED_AT, DESCRIPTION, TITLE, CREATED_BY_ID) VALUES
(21, TIMESTAMP '2018-11-27 17:51:13.758', TIMESTAMP '2018-11-27 17:51:13.758', 'Nice description for test area #0', 'Area 0', 1),
(22, TIMESTAMP '2018-11-27 17:51:13.761', TIMESTAMP '2018-11-27 17:51:13.761', 'Nice description for test area #1', 'Area 1', 1),
(23, TIMESTAMP '2018-11-27 17:51:13.764', TIMESTAMP '2018-11-27 17:51:13.764', 'Nice description for test area #2', 'Area 2', 1),
(24, TIMESTAMP '2018-11-27 17:51:13.766', TIMESTAMP '2018-11-27 17:51:13.766', 'Nice description for test area #3', 'Area 3', 1),
(25, TIMESTAMP '2018-11-27 17:51:13.769', TIMESTAMP '2018-11-27 17:51:13.769', 'Nice description for test area #4', 'Area 4', 1),
(26, TIMESTAMP '2018-11-27 17:51:13.772', TIMESTAMP '2018-11-27 17:51:13.772', 'Nice description for test area #5', 'Area 5', 1),
(27, TIMESTAMP '2018-11-27 17:51:13.775', TIMESTAMP '2018-11-27 17:51:13.775', 'Nice description for test area #6', 'Area 6', 1),
(28, TIMESTAMP '2018-11-27 17:51:13.778', TIMESTAMP '2018-11-27 17:51:13.778', 'Nice description for test area #7', 'Area 7', 1),
(29, TIMESTAMP '2018-11-27 17:51:13.78', TIMESTAMP '2018-11-27 17:51:13.78', 'Nice description for test area #8', 'Area 8', 1),
(30, TIMESTAMP '2018-11-27 17:51:13.783', TIMESTAMP '2018-11-27 17:51:13.783', 'Nice description for test area #9', 'Area 9', 1);    
CREATE MEMORY TABLE PUBLIC.BALLOT_MODEL(
    ID BIGINT NOT NULL,
    LEVEL INTEGER NOT NULL,
    VOTE_COUNT INTEGER NOT NULL,
    CHECKSUM_CHECKSUM VARCHAR(255) NOT NULL,
    POLL_ID BIGINT NOT NULL
);               
ALTER TABLE PUBLIC.BALLOT_MODEL ADD CONSTRAINT PUBLIC.CONSTRAINT_6 PRIMARY KEY(ID);           
-- 6 +/- SELECT COUNT(*) FROM PUBLIC.BALLOT_MODEL;            
INSERT INTO PUBLIC.BALLOT_MODEL(ID, LEVEL, VOTE_COUNT, CHECKSUM_CHECKSUM, POLL_ID) VALUES
(312, 0, 6, '$2a$10$1IdrGrRAN2Wp3U7QI.JIzukOd4wmrKhgxLswtVHpxKrw7owFgIvii', 245),
(313, 1, 1, '$2a$10$1IdrGrRAN2Wp3U7QI.JIzuhwvdOnGR/bwqFFYlixlcJTqgedbKB1K', 245),
(314, 1, 1, '$2a$10$1IdrGrRAN2Wp3U7QI.JIzuMmroNbrjuRulVN8RT0kqm2sNrNvAJeS', 245),
(315, 1, 3, '$2a$10$1IdrGrRAN2Wp3U7QI.JIzuNd/Ae5VTF4IkT/qew5UHO3.YM8HKZUe', 245),
(316, 2, 1, '$2a$10$1IdrGrRAN2Wp3U7QI.JIzujP88glLHOOdRbZdMMQktyiYvkqYVTVa', 245),
(317, 2, 1, '$2a$10$1IdrGrRAN2Wp3U7QI.JIzu7eTpQNkZSymbaiJEh4N8/wRZ/edW7SS', 245);   
CREATE MEMORY TABLE PUBLIC.BALLOT_MODEL_VOTE_ORDER(
    BALLOT_MODEL_ID BIGINT NOT NULL,
    VOTE_ORDER_ID BIGINT NOT NULL,
    VOTE_ORDER_ORDER INTEGER NOT NULL
);      
ALTER TABLE PUBLIC.BALLOT_MODEL_VOTE_ORDER ADD CONSTRAINT PUBLIC.CONSTRAINT_E PRIMARY KEY(BALLOT_MODEL_ID, VOTE_ORDER_ORDER); 
-- 2 +/- SELECT COUNT(*) FROM PUBLIC.BALLOT_MODEL_VOTE_ORDER; 
INSERT INTO PUBLIC.BALLOT_MODEL_VOTE_ORDER(BALLOT_MODEL_ID, VOTE_ORDER_ID, VOTE_ORDER_ORDER) VALUES
(317, 267, 0),
(317, 260, 1);           
CREATE MEMORY TABLE PUBLIC.CHECKSUMS(
    CHECKSUM VARCHAR(255) NOT NULL,
    EXPIRES_AT TIMESTAMP,
    REQUESTED_DELEGATION_AT TIMESTAMP,
    TRANSITIVE BOOLEAN NOT NULL,
    AREA_ID BIGINT,
    DELEGATED_TO_CHECKSUM VARCHAR(255),
    PUBLIC_PROXY_ID BIGINT,
    REQUESTED_DELEGATION_TO_ID BIGINT
);         
ALTER TABLE PUBLIC.CHECKSUMS ADD CONSTRAINT PUBLIC.CONSTRAINT_B PRIMARY KEY(CHECKSUM);        
-- 6 +/- SELECT COUNT(*) FROM PUBLIC.CHECKSUMS;               
INSERT INTO PUBLIC.CHECKSUMS(CHECKSUM, EXPIRES_AT, REQUESTED_DELEGATION_AT, TRANSITIVE, AREA_ID, DELEGATED_TO_CHECKSUM, PUBLIC_PROXY_ID, REQUESTED_DELEGATION_TO_ID) VALUES
('$2a$10$1IdrGrRAN2Wp3U7QI.JIzuhwvdOnGR/bwqFFYlixlcJTqgedbKB1K', TIMESTAMP '2018-11-28 17:51:14.134', NULL, TRUE, 21, '$2a$10$1IdrGrRAN2Wp3U7QI.JIzukOd4wmrKhgxLswtVHpxKrw7owFgIvii', 2, NULL),
('$2a$10$1IdrGrRAN2Wp3U7QI.JIzuMmroNbrjuRulVN8RT0kqm2sNrNvAJeS', TIMESTAMP '2018-11-28 17:51:14.392', NULL, TRUE, 21, '$2a$10$1IdrGrRAN2Wp3U7QI.JIzukOd4wmrKhgxLswtVHpxKrw7owFgIvii', 3, NULL),
('$2a$10$1IdrGrRAN2Wp3U7QI.JIzuNd/Ae5VTF4IkT/qew5UHO3.YM8HKZUe', TIMESTAMP '2018-11-28 17:51:14.631', NULL, TRUE, 21, '$2a$10$1IdrGrRAN2Wp3U7QI.JIzukOd4wmrKhgxLswtVHpxKrw7owFgIvii', 4, NULL),
('$2a$10$1IdrGrRAN2Wp3U7QI.JIzujP88glLHOOdRbZdMMQktyiYvkqYVTVa', TIMESTAMP '2018-11-28 17:51:14.876', NULL, TRUE, 21, '$2a$10$1IdrGrRAN2Wp3U7QI.JIzuNd/Ae5VTF4IkT/qew5UHO3.YM8HKZUe', 5, NULL),
('$2a$10$1IdrGrRAN2Wp3U7QI.JIzu7eTpQNkZSymbaiJEh4N8/wRZ/edW7SS', TIMESTAMP '2018-11-28 17:51:15.124', NULL, FALSE, 21, '$2a$10$1IdrGrRAN2Wp3U7QI.JIzuNd/Ae5VTF4IkT/qew5UHO3.YM8HKZUe', 6, NULL),
('$2a$10$1IdrGrRAN2Wp3U7QI.JIzukOd4wmrKhgxLswtVHpxKrw7owFgIvii', TIMESTAMP '2018-11-28 17:51:19.28', NULL, TRUE, 21, NULL, 1, NULL);       
CREATE MEMORY TABLE PUBLIC.COMMENTS(
    ID BIGINT NOT NULL,
    CREATED_AT TIMESTAMP NOT NULL,
    UPDATED_AT TIMESTAMP NOT NULL,
    COMMENT VARCHAR(255) NOT NULL,
    CREATED_BY_ID BIGINT NOT NULL,
    PARENT_ID BIGINT
);       
ALTER TABLE PUBLIC.COMMENTS ADD CONSTRAINT PUBLIC.CONSTRAINT_A PRIMARY KEY(ID);               
-- 90 +/- SELECT COUNT(*) FROM PUBLIC.COMMENTS;               
INSERT INTO PUBLIC.COMMENTS(ID, CREATED_AT, UPDATED_AT, COMMENT, CREATED_BY_ID, PARENT_ID) VALUES
(203, TIMESTAMP '2018-11-27 17:51:18.015', TIMESTAMP '2018-11-27 17:51:18.015', 'Comment on root level. I really like this idea, but needs to be improved.', 14, NULL),
(204, TIMESTAMP '2018-11-27 17:51:18.023', TIMESTAMP '2018-11-27 17:51:18.023', 'Reply 0 Lorem ipsum dolor sit amet, ', 14, 203),
(205, TIMESTAMP '2018-11-27 17:51:18.025', TIMESTAMP '2018-11-27 17:51:18.025', 'Reply 1 Lorem ipsum dolo', 15, 203),
(206, TIMESTAMP '2018-11-27 17:51:18.026', TIMESTAMP '2018-11-27 17:51:18.026', 'Reply 2 Lorem ipsum dolor sit amet, consectetur adipiscing elit, sed do eiu', 6, 203),
(207, TIMESTAMP '2018-11-27 17:51:18.027', TIMESTAMP '2018-11-27 17:51:18.027', 'Reply 3 Lorem ipsum dolor sit amet, consectetur adipisci', 19, 203),
(208, TIMESTAMP '2018-11-27 17:51:18.029', TIMESTAMP '2018-11-27 17:51:18.029', 'Reply 4 Lorem ipsum dolor sit', 14, 203),
(211, TIMESTAMP '2018-11-27 17:51:18.073', TIMESTAMP '2018-11-27 17:51:18.073', 'Comment on root level. I really like this idea, but needs to be improved.', 8, NULL),
(212, TIMESTAMP '2018-11-27 17:51:18.075', TIMESTAMP '2018-11-27 17:51:18.075', 'Reply 0 Lorem ipsum dolor sit amet, consectetur adipiscing elit, s', 3, 211),
(213, TIMESTAMP '2018-11-27 17:51:18.077', TIMESTAMP '2018-11-27 17:51:18.077', 'Reply 1 Lorem ipsum dolor sit amet, consectetur adipiscing elit, sed do eiusmod tempor ', 2, 211),
(214, TIMESTAMP '2018-11-27 17:51:18.078', TIMESTAMP '2018-11-27 17:51:18.078', 'Reply 2 Lorem ipsum dolor sit amet, consectetur adipiscin', 12, 211),
(215, TIMESTAMP '2018-11-27 17:51:18.079', TIMESTAMP '2018-11-27 17:51:18.079', 'Reply 3 Lorem ipsum dolor sit amet, consectetur adipiscing elit, sed do eiusmod tempor incididunt ut labore', 3, 211),
(216, TIMESTAMP '2018-11-27 17:51:18.08', TIMESTAMP '2018-11-27 17:51:18.08', 'Reply 4 Lorem ipsum dolor sit amet, consectetur adipiscing elit, sed do e', 19, 211),
(218, TIMESTAMP '2018-11-27 17:51:18.115', TIMESTAMP '2018-11-27 17:51:18.115', 'Comment on root level. I really like this idea, but needs to be improved.', 18, NULL),
(219, TIMESTAMP '2018-11-27 17:51:18.116', TIMESTAMP '2018-11-27 17:51:18.116', 'Reply 0 Lorem ipsum dolor sit amet, consectetur adipiscing elit, sed d', 4, 218),
(220, TIMESTAMP '2018-11-27 17:51:18.117', TIMESTAMP '2018-11-27 17:51:18.117', 'Reply 1 Lorem ipsum dolor sit amet, consectetur adipiscing elit, sed do eiusmo', 17, 218),
(221, TIMESTAMP '2018-11-27 17:51:18.12', TIMESTAMP '2018-11-27 17:51:18.12', 'Reply 2 Lorem ipsum dolor sit amet, consectetur adipiscing elit, sed do eiusmod ', 1, 218),
(222, TIMESTAMP '2018-11-27 17:51:18.122', TIMESTAMP '2018-11-27 17:51:18.122', 'Reply 3 Lorem ipsum dolor sit amet, consectetur ', 3, 218),
(223, TIMESTAMP '2018-11-27 17:51:18.123', TIMESTAMP '2018-11-27 17:51:18.123', 'Reply 4 Lorem ipsum dolor sit amet, consectetur adipiscing ', 15, 218),
(225, TIMESTAMP '2018-11-27 17:51:18.161', TIMESTAMP '2018-11-27 17:51:18.161', 'Comment on root level. I really like this idea, but needs to be improved.', 8, NULL),
(226, TIMESTAMP '2018-11-27 17:51:18.163', TIMESTAMP '2018-11-27 17:51:18.163', 'Reply 0 Lorem ipsum dolor sit amet, consectetur adi', 9, 225),
(227, TIMESTAMP '2018-11-27 17:51:18.165', TIMESTAMP '2018-11-27 17:51:18.165', 'Reply 1 Lorem ipsum dolor sit amet, consectetur adipiscing elit, sed do', 16, 225),
(228, TIMESTAMP '2018-11-27 17:51:18.167', TIMESTAMP '2018-11-27 17:51:18.167', 'Reply 2 Lorem ipsum dolor sit amet, ', 12, 225),
(229, TIMESTAMP '2018-11-27 17:51:18.169', TIMESTAMP '2018-11-27 17:51:18.169', 'Reply 3 Lorem ipsu', 5, 225),
(230, TIMESTAMP '2018-11-27 17:51:18.17', TIMESTAMP '2018-11-27 17:51:18.17', 'Reply 4 Lorem ipsum dolor sit amet, consectetur', 2, 225),
(232, TIMESTAMP '2018-11-27 17:51:18.212', TIMESTAMP '2018-11-27 17:51:18.212', 'Comment on root level. I really like this idea, but needs to be improved.', 19, NULL),
(233, TIMESTAMP '2018-11-27 17:51:18.213', TIMESTAMP '2018-11-27 17:51:18.213', 'Reply 0 Lorem ipsum dolor sit amet, consectetur adipiscing elit,', 5, 232);        
INSERT INTO PUBLIC.COMMENTS(ID, CREATED_AT, UPDATED_AT, COMMENT, CREATED_BY_ID, PARENT_ID) VALUES
(234, TIMESTAMP '2018-11-27 17:51:18.215', TIMESTAMP '2018-11-27 17:51:18.215', 'Reply 1 Lorem ipsum dolor sit amet, c', 16, 232),
(235, TIMESTAMP '2018-11-27 17:51:18.216', TIMESTAMP '2018-11-27 17:51:18.216', 'Reply 2 Lorem ipsum dolor sit amet, consectetur a', 20, 232),
(236, TIMESTAMP '2018-11-27 17:51:18.219', TIMESTAMP '2018-11-27 17:51:18.219', 'Reply 3 Lorem ipsum dolor sit amet, consect', 2, 232),
(237, TIMESTAMP '2018-11-27 17:51:18.221', TIMESTAMP '2018-11-27 17:51:18.221', 'Reply 4 Lorem ipsum dolor sit amet, consectetur adipiscing elit, sed d', 19, 232),
(239, TIMESTAMP '2018-11-27 17:51:18.269', TIMESTAMP '2018-11-27 17:51:18.269', 'Comment on root level. I really like this idea, but needs to be improved.', 10, NULL),
(240, TIMESTAMP '2018-11-27 17:51:18.27', TIMESTAMP '2018-11-27 17:51:18.27', 'Reply 0 Lorem ipsum dolor sit amet, consectetur adipiscing elit', 2, 239),
(241, TIMESTAMP '2018-11-27 17:51:18.271', TIMESTAMP '2018-11-27 17:51:18.271', 'Reply 1 Lorem ipsum dolor sit amet, consectetu', 1, 239),
(242, TIMESTAMP '2018-11-27 17:51:18.272', TIMESTAMP '2018-11-27 17:51:18.272', 'Reply 2 Lorem ipsum dolor sit amet, consectetur adipiscing elit, sed do eiusmod tempo', 11, 239),
(243, TIMESTAMP '2018-11-27 17:51:18.274', TIMESTAMP '2018-11-27 17:51:18.274', 'Reply 3 Lorem ipsum dolor sit amet, consectetur adipiscing elit, sed do eiusmod tempor in', 10, 239),
(244, TIMESTAMP '2018-11-27 17:51:18.275', TIMESTAMP '2018-11-27 17:51:18.275', 'Reply 4 Lorem ipsum dolor sit amet, consectetur adipisc', 18, 239),
(247, TIMESTAMP '2018-11-27 17:51:18.314', TIMESTAMP '2018-11-27 17:51:18.314', 'Comment on root level. I really like this idea, but needs to be improved.', 8, NULL),
(248, TIMESTAMP '2018-11-27 17:51:18.316', TIMESTAMP '2018-11-27 17:51:18.316', 'Reply 0 Lorem ipsum dolor sit amet, consectetur adipiscing elit, s', 2, 247),
(249, TIMESTAMP '2018-11-27 17:51:18.317', TIMESTAMP '2018-11-27 17:51:18.317', 'Reply 1 Lorem ipsum dolor sit amet, consec', 12, 247),
(250, TIMESTAMP '2018-11-27 17:51:18.319', TIMESTAMP '2018-11-27 17:51:18.319', 'Reply 2 Lorem ipsum dolor sit amet, consectetur adipiscing elit, sed do eiusm', 11, 247),
(251, TIMESTAMP '2018-11-27 17:51:18.32', TIMESTAMP '2018-11-27 17:51:18.32', 'Reply 3 Lorem ipsum dolor sit amet, consectet', 2, 247),
(252, TIMESTAMP '2018-11-27 17:51:18.321', TIMESTAMP '2018-11-27 17:51:18.321', 'Reply 4 Lorem ipsum dolor sit amet, consectet', 9, 247),
(254, TIMESTAMP '2018-11-27 17:51:18.375', TIMESTAMP '2018-11-27 17:51:18.375', 'Comment on root level. I really like this idea, but needs to be improved.', 10, NULL),
(255, TIMESTAMP '2018-11-27 17:51:18.377', TIMESTAMP '2018-11-27 17:51:18.377', 'Reply 0 Lorem ipsum dolor sit amet, consectetur adipiscing elit, sed do eiusmod tem', 18, 254),
(256, TIMESTAMP '2018-11-27 17:51:18.378', TIMESTAMP '2018-11-27 17:51:18.378', 'Reply 1 Lorem ipsum dolor sit amet, ', 14, 254),
(257, TIMESTAMP '2018-11-27 17:51:18.379', TIMESTAMP '2018-11-27 17:51:18.379', 'Reply 2 Lorem ipsum dolor sit ame', 3, 254),
(258, TIMESTAMP '2018-11-27 17:51:18.381', TIMESTAMP '2018-11-27 17:51:18.381', 'Reply 3 Lorem ipsum dolor sit amet, consectetur adipiscing elit, sed do eiusmo', 7, 254),
(259, TIMESTAMP '2018-11-27 17:51:18.382', TIMESTAMP '2018-11-27 17:51:18.382', 'Reply 4 Lorem ipsum dolor sit amet, consectetur adipiscing elit, sed do eiu', 13, 254),
(261, TIMESTAMP '2018-11-27 17:51:18.423', TIMESTAMP '2018-11-27 17:51:18.423', 'Comment on root level. I really like this idea, but needs to be improved.', 17, NULL),
(262, TIMESTAMP '2018-11-27 17:51:18.425', TIMESTAMP '2018-11-27 17:51:18.425', 'Reply 0 Lorem ipsum dolor sit amet, consectetu', 20, 261),
(263, TIMESTAMP '2018-11-27 17:51:18.427', TIMESTAMP '2018-11-27 17:51:18.427', 'Reply 1 Lorem ipsum dolor sit amet, consectetur adipiscing elit, sed do', 16, 261),
(264, TIMESTAMP '2018-11-27 17:51:18.428', TIMESTAMP '2018-11-27 17:51:18.428', 'Reply 2 Lorem ipsum dolor sit a', 16, 261),
(265, TIMESTAMP '2018-11-27 17:51:18.43', TIMESTAMP '2018-11-27 17:51:18.43', 'Reply 3 Lorem ipsum dolor sit amet, consectetur adipiscing elit, sed do eiusmod tempor incididunt', 14, 261);             
INSERT INTO PUBLIC.COMMENTS(ID, CREATED_AT, UPDATED_AT, COMMENT, CREATED_BY_ID, PARENT_ID) VALUES
(266, TIMESTAMP '2018-11-27 17:51:18.431', TIMESTAMP '2018-11-27 17:51:18.431', 'Reply 4 Lorem ipsum dolor sit amet, consectetur adipiscing elit, sed do eiusm', 5, 261),
(268, TIMESTAMP '2018-11-27 17:51:18.47', TIMESTAMP '2018-11-27 17:51:18.47', 'Comment on root level. I really like this idea, but needs to be improved.', 18, NULL),
(269, TIMESTAMP '2018-11-27 17:51:18.472', TIMESTAMP '2018-11-27 17:51:18.472', 'Reply 0 Lorem ipsum dolor sit amet, consect', 20, 268),
(270, TIMESTAMP '2018-11-27 17:51:18.473', TIMESTAMP '2018-11-27 17:51:18.473', 'Reply 1 Lorem ipsum dolor sit amet, consectetur adipiscing elit, sed do e', 11, 268),
(271, TIMESTAMP '2018-11-27 17:51:18.474', TIMESTAMP '2018-11-27 17:51:18.474', 'Reply 2 Lorem ipsum dolor sit amet, con', 10, 268),
(272, TIMESTAMP '2018-11-27 17:51:18.475', TIMESTAMP '2018-11-27 17:51:18.475', 'Reply 3 Lorem ipsum dolor sit amet, consectetur adipiscing elit, sed do eiusmod', 3, 268),
(273, TIMESTAMP '2018-11-27 17:51:18.476', TIMESTAMP '2018-11-27 17:51:18.476', 'Reply 4 Lorem ipsum dolor si', 12, 268),
(275, TIMESTAMP '2018-11-27 17:51:18.641', TIMESTAMP '2018-11-27 17:51:18.641', 'Comment on root level. I really like this idea, but needs to be improved.', 2, NULL),
(276, TIMESTAMP '2018-11-27 17:51:18.642', TIMESTAMP '2018-11-27 17:51:18.642', 'Reply 0 Lorem ipsum dolor sit amet, consectetur adipis', 5, 275),
(277, TIMESTAMP '2018-11-27 17:51:18.644', TIMESTAMP '2018-11-27 17:51:18.644', 'Reply 1 Lorem ipsum dolor sit amet, consectetur adipiscing elit, sed do eiusmod temp', 13, 275),
(278, TIMESTAMP '2018-11-27 17:51:18.645', TIMESTAMP '2018-11-27 17:51:18.645', 'Reply 2 Lorem ipsum dolor sit amet, consectetu', 9, 275),
(279, TIMESTAMP '2018-11-27 17:51:18.646', TIMESTAMP '2018-11-27 17:51:18.646', 'Reply 3 Lorem ipsum dolor sit amet, consectetur adipiscing elit, sed do eiusmod tempor', 18, 275),
(280, TIMESTAMP '2018-11-27 17:51:18.647', TIMESTAMP '2018-11-27 17:51:18.647', 'Reply 4 Lorem ipsum dolor sit amet, consectetur adipiscing elit, sed do eiusmod temp', 17, 275),
(283, TIMESTAMP '2018-11-27 17:51:18.68', TIMESTAMP '2018-11-27 17:51:18.68', 'Comment on root level. I really like this idea, but needs to be improved.', 18, NULL),
(284, TIMESTAMP '2018-11-27 17:51:18.681', TIMESTAMP '2018-11-27 17:51:18.681', 'Reply 0 Lorem ipsum dol', 8, 283),
(285, TIMESTAMP '2018-11-27 17:51:18.682', TIMESTAMP '2018-11-27 17:51:18.682', 'Reply 1 Lorem ipsum dolor sit amet, consectetur adipiscing elit, sed do eiu', 11, 283),
(286, TIMESTAMP '2018-11-27 17:51:18.683', TIMESTAMP '2018-11-27 17:51:18.683', 'Reply 2 Lorem ipsum dolor sit amet, consectetur adipiscing elit, sed d', 18, 283),
(287, TIMESTAMP '2018-11-27 17:51:18.685', TIMESTAMP '2018-11-27 17:51:18.685', 'Reply 3 Lorem ipsum dolor sit amet, consectetur adip', 3, 283),
(288, TIMESTAMP '2018-11-27 17:51:18.686', TIMESTAMP '2018-11-27 17:51:18.686', 'Reply 4 Lorem ipsum dolo', 6, 283),
(290, TIMESTAMP '2018-11-27 17:51:18.717', TIMESTAMP '2018-11-27 17:51:18.717', 'Comment on root level. I really like this idea, but needs to be improved.', 11, NULL),
(291, TIMESTAMP '2018-11-27 17:51:18.719', TIMESTAMP '2018-11-27 17:51:18.719', 'Reply 0 Lorem ipsum dolor sit amet, consectetur adipiscing elit, s', 3, 290),
(292, TIMESTAMP '2018-11-27 17:51:18.721', TIMESTAMP '2018-11-27 17:51:18.721', 'Reply 1 Lorem ipsum dolor sit amet, consectetur adi', 19, 290),
(293, TIMESTAMP '2018-11-27 17:51:18.722', TIMESTAMP '2018-11-27 17:51:18.722', 'Reply 2 Lorem ipsum dolor sit amet, consectetur adipiscing elit, sed do eiusmod', 15, 290),
(294, TIMESTAMP '2018-11-27 17:51:18.73', TIMESTAMP '2018-11-27 17:51:18.73', 'Reply 3 Lorem ipsum dolor sit amet, consectetur adipiscing elit, sed do eiusmod tempor incididunt ut lab', 17, 290),
(295, TIMESTAMP '2018-11-27 17:51:18.731', TIMESTAMP '2018-11-27 17:51:18.731', 'Reply 4 Lorem ipsum dolor sit amet', 10, 290),
(297, TIMESTAMP '2018-11-27 17:51:18.785', TIMESTAMP '2018-11-27 17:51:18.785', 'Comment on root level. I really like this idea, but needs to be improved.', 2, NULL);              
INSERT INTO PUBLIC.COMMENTS(ID, CREATED_AT, UPDATED_AT, COMMENT, CREATED_BY_ID, PARENT_ID) VALUES
(298, TIMESTAMP '2018-11-27 17:51:18.787', TIMESTAMP '2018-11-27 17:51:18.787', 'Reply 0 Lorem ipsum dolor sit amet, consectetur adipiscing elit, sed do eiusm', 3, 297),
(299, TIMESTAMP '2018-11-27 17:51:18.788', TIMESTAMP '2018-11-27 17:51:18.788', 'Reply 1 Lorem ipsum dolor sit amet, consectetur adipiscing elit, sed do', 3, 297),
(300, TIMESTAMP '2018-11-27 17:51:18.789', TIMESTAMP '2018-11-27 17:51:18.789', 'Reply 2 Lorem ipsum dolor sit amet, consectetur adipiscing elit, sed ', 10, 297),
(301, TIMESTAMP '2018-11-27 17:51:18.79', TIMESTAMP '2018-11-27 17:51:18.79', 'Reply 3 Lorem ipsum dolor sit amet, consectetur adipiscing elit, sed do ', 12, 297),
(302, TIMESTAMP '2018-11-27 17:51:18.791', TIMESTAMP '2018-11-27 17:51:18.791', 'Reply 4 Lorem ipsum dolor sit amet, consectetur adipiscing elit, sed do eiusmod tempor incididunt', 6, 297),
(304, TIMESTAMP '2018-11-27 17:51:18.83', TIMESTAMP '2018-11-27 17:51:18.83', 'Comment on root level. I really like this idea, but needs to be improved.', 13, NULL),
(305, TIMESTAMP '2018-11-27 17:51:18.835', TIMESTAMP '2018-11-27 17:51:18.835', 'Reply 0 Lorem ipsum dolor sit ame', 2, 304),
(306, TIMESTAMP '2018-11-27 17:51:18.836', TIMESTAMP '2018-11-27 17:51:18.836', 'Reply 1 Lorem ipsum dolor sit amet, consectetur adipiscing elit, sed do e', 18, 304),
(307, TIMESTAMP '2018-11-27 17:51:18.837', TIMESTAMP '2018-11-27 17:51:18.837', 'Reply 2 Lorem ipsum dolor sit ame', 13, 304),
(308, TIMESTAMP '2018-11-27 17:51:18.838', TIMESTAMP '2018-11-27 17:51:18.838', 'Reply 3 Lorem ipsum dolor sit amet, consectetur adipiscing elit, sed do eiusmod tempor incididunt u', 14, 304),
(309, TIMESTAMP '2018-11-27 17:51:18.839', TIMESTAMP '2018-11-27 17:51:18.839', 'Reply 4 Lorem ipsum dolor sit amet, consectetur adipiscing eli', 5, 304);         
CREATE MEMORY TABLE PUBLIC.COMMENTS_DOWN_VOTERS(
    COMMENT_MODEL_ID BIGINT NOT NULL,
    DOWN_VOTERS_ID BIGINT NOT NULL
);               
ALTER TABLE PUBLIC.COMMENTS_DOWN_VOTERS ADD CONSTRAINT PUBLIC.CONSTRAINT_2 PRIMARY KEY(COMMENT_MODEL_ID, DOWN_VOTERS_ID);     
-- 231 +/- SELECT COUNT(*) FROM PUBLIC.COMMENTS_DOWN_VOTERS;  
INSERT INTO PUBLIC.COMMENTS_DOWN_VOTERS(COMMENT_MODEL_ID, DOWN_VOTERS_ID) VALUES
(203, 20),
(203, 15),
(204, 20),
(204, 3),
(204, 16),
(204, 5),
(205, 2),
(205, 6),
(205, 19),
(205, 16),
(205, 9),
(206, 14),
(206, 5),
(207, 6),
(207, 14),
(207, 1),
(211, 18),
(211, 19),
(211, 12),
(212, 19),
(212, 12),
(212, 5),
(213, 14),
(213, 12),
(214, 10),
(215, 20),
(215, 15),
(216, 9),
(219, 13),
(219, 17),
(219, 10),
(219, 16),
(219, 15),
(220, 17),
(220, 3),
(221, 2),
(221, 11),
(221, 14),
(221, 3),
(222, 2),
(222, 13),
(222, 18),
(222, 5),
(223, 2),
(223, 13),
(223, 14),
(223, 7),
(223, 10),
(223, 1),
(225, 18),
(225, 20),
(225, 19),
(225, 15),
(226, 18),
(226, 17),
(226, 3),
(226, 12),
(227, 10),
(228, 13),
(228, 18),
(228, 20),
(228, 1),
(228, 12),
(228, 5),
(229, 6),
(229, 19),
(229, 12),
(229, 9),
(230, 13),
(230, 1),
(232, 13),
(232, 3),
(232, 9),
(233, 4),
(233, 16),
(234, 2),
(234, 20),
(234, 15),
(235, 11),
(235, 14),
(235, 3),
(235, 15),
(236, 4),
(236, 16),
(236, 12),
(239, 17),
(239, 20),
(239, 7),
(240, 2),
(240, 19),
(241, 2),
(241, 13),
(241, 17),
(241, 3),
(241, 15),
(241, 9),
(242, 11),
(242, 10),
(243, 8),
(243, 10),
(247, 4),
(247, 1),
(247, 19),
(247, 16),
(248, 18),
(248, 12),
(248, 9),
(249, 2),
(249, 6),
(249, 8),
(249, 19),
(250, 14),
(251, 3),
(252, 2),
(252, 4),
(252, 14),
(252, 10),
(252, 16),
(252, 9),
(254, 11),
(254, 12),
(256, 7),
(257, 6),
(259, 13),
(259, 3),
(261, 11),
(262, 11),
(262, 19),
(262, 9),
(263, 6),
(263, 16),
(263, 5),
(264, 19),
(265, 2),
(265, 15),
(266, 6),
(266, 8),
(266, 5),
(268, 6),
(268, 8),
(268, 14),
(268, 19),
(268, 15),
(269, 6),
(269, 10),
(269, 3),
(270, 8),
(270, 10),
(270, 19),
(270, 12),
(271, 1),
(271, 19),
(272, 4),
(273, 2),
(273, 19),
(273, 5),
(275, 18),
(276, 6),
(276, 19),
(276, 9),
(277, 3),
(277, 19),
(277, 9),
(278, 19),
(279, 4),
(279, 15),
(280, 4),
(280, 6),
(280, 17),
(280, 19),
(283, 14),
(284, 13),
(284, 16),
(284, 9),
(285, 7),
(285, 5),
(287, 4),
(287, 14),
(288, 4),
(288, 18),
(288, 19),
(290, 10),
(290, 12),
(291, 17),
(291, 10),
(291, 12),
(292, 14),
(292, 1),
(292, 3),
(293, 20),
(293, 7),
(293, 10),
(293, 1),
(293, 19),
(293, 5),
(294, 18),
(294, 9),
(295, 14),
(295, 10),
(295, 5),
(297, 19),
(298, 2),
(298, 4),
(298, 6),
(298, 20),
(298, 5),
(299, 6),
(299, 8),
(299, 20),
(300, 16),
(301, 17),
(301, 3),
(302, 8),
(302, 14),
(302, 10),
(302, 3),
(304, 4),
(304, 17),
(304, 20),
(304, 19),
(305, 2),
(305, 18),
(307, 7),
(307, 1),
(307, 3),
(307, 16),
(308, 2),
(308, 4),
(308, 9),
(309, 7),
(309, 1); 
CREATE MEMORY TABLE PUBLIC.COMMENTS_UP_VOTERS(
    COMMENT_MODEL_ID BIGINT NOT NULL,
    UP_VOTERS_ID BIGINT NOT NULL
);   
ALTER TABLE PUBLIC.COMMENTS_UP_VOTERS ADD CONSTRAINT PUBLIC.CONSTRAINT_20 PRIMARY KEY(COMMENT_MODEL_ID, UP_VOTERS_ID);        
-- 259 +/- SELECT COUNT(*) FROM PUBLIC.COMMENTS_UP_VOTERS;    
INSERT INTO PUBLIC.COMMENTS_UP_VOTERS(COMMENT_MODEL_ID, UP_VOTERS_ID) VALUES
(203, 6),
(203, 8),
(203, 14),
(203, 10),
(203, 16),
(204, 20),
(205, 2),
(205, 20),
(205, 14),
(205, 10),
(206, 20),
(211, 19),
(211, 15),
(212, 3),
(212, 5),
(213, 6),
(214, 4),
(214, 6),
(214, 8),
(214, 17),
(214, 20),
(214, 19),
(214, 5),
(215, 18),
(215, 20),
(215, 1),
(216, 2),
(216, 17),
(216, 14),
(216, 12),
(216, 9),
(218, 10),
(221, 4),
(221, 11),
(221, 18),
(222, 8),
(222, 20),
(222, 7),
(222, 1),
(222, 19),
(223, 14),
(223, 15),
(223, 12),
(225, 20),
(225, 10),
(226, 14),
(226, 19),
(226, 16),
(226, 12),
(227, 8),
(227, 11),
(228, 4),
(228, 20),
(228, 7),
(228, 3),
(229, 2),
(229, 16),
(229, 5),
(230, 1),
(230, 3),
(232, 17),
(233, 8),
(233, 10),
(233, 12),
(234, 6),
(234, 13),
(234, 15),
(235, 13),
(235, 10),
(236, 6),
(236, 19),
(236, 15),
(236, 9),
(237, 6),
(237, 18),
(237, 17),
(237, 14),
(237, 10),
(237, 19),
(239, 13),
(239, 6),
(239, 11),
(240, 2),
(240, 18),
(240, 1),
(240, 19),
(241, 10),
(241, 3),
(241, 16),
(242, 4),
(242, 18),
(242, 1),
(243, 6),
(243, 17),
(243, 15),
(244, 18),
(244, 7),
(244, 15),
(244, 5),
(247, 9),
(249, 18),
(249, 7),
(250, 6),
(250, 18),
(250, 1),
(251, 11),
(251, 3),
(251, 19),
(254, 20),
(254, 7),
(254, 9),
(255, 20),
(256, 11),
(256, 8),
(256, 17),
(256, 18),
(256, 7),
(256, 1),
(256, 15),
(257, 4),
(257, 18),
(257, 19),
(257, 5),
(258, 2),
(258, 14),
(258, 1),
(258, 12),
(259, 7),
(259, 19),
(259, 15),
(261, 2),
(261, 4),
(261, 6),
(261, 18),
(262, 2),
(262, 7),
(263, 6),
(263, 13),
(263, 8),
(263, 20),
(263, 7),
(263, 9),
(265, 20),
(265, 1),
(265, 16),
(266, 8),
(266, 15),
(266, 16),
(268, 11),
(268, 17),
(268, 18),
(268, 19),
(269, 4),
(269, 10),
(269, 1),
(269, 5),
(270, 8),
(270, 20),
(270, 1),
(270, 9),
(271, 14),
(271, 15),
(271, 12),
(272, 16),
(272, 12),
(273, 2),
(273, 18),
(273, 19),
(273, 16),
(273, 15),
(276, 7),
(276, 1),
(277, 3),
(278, 13),
(278, 18),
(278, 14),
(278, 15),
(279, 2),
(279, 10),
(279, 19),
(279, 16),
(279, 15),
(280, 2),
(280, 7),
(280, 19),
(280, 16),
(280, 12),
(280, 9),
(283, 2),
(283, 12),
(284, 4),
(284, 10),
(285, 2),
(285, 11),
(285, 10),
(285, 1),
(286, 11),
(286, 8),
(286, 18),
(286, 16),
(286, 12),
(286, 5),
(287, 8),
(287, 17),
(287, 16),
(288, 20),
(288, 7),
(290, 2),
(290, 4),
(290, 8),
(290, 17),
(290, 14),
(290, 12),
(290, 5),
(291, 10),
(291, 19),
(291, 5),
(292, 4),
(292, 13),
(292, 17),
(292, 15),
(294, 10),
(294, 3),
(295, 4),
(295, 13),
(295, 10),
(297, 4),
(297, 14),
(298, 18),
(298, 7),
(298, 9),
(299, 6),
(299, 11),
(299, 7),
(299, 19),
(300, 10),
(301, 4),
(301, 17),
(301, 1),
(301, 3),
(302, 6),
(302, 17),
(302, 5),
(304, 4),
(304, 17),
(304, 5),
(305, 8),
(305, 14),
(305, 15),
(306, 6),
(306, 15),
(307, 13),
(307, 17),
(307, 14),
(307, 19),
(309, 4),
(309, 2),
(309, 1),
(309, 12);              
CREATE MEMORY TABLE PUBLIC.DELEGATIONS(
    ID BIGINT NOT NULL,
    CREATED_AT TIMESTAMP NOT NULL,
    UPDATED_AT TIMESTAMP NOT NULL,
    AREA_ID BIGINT NOT NULL,
    FROM_USER_ID BIGINT NOT NULL,
    TO_PROXY_ID BIGINT NOT NULL
);
ALTER TABLE PUBLIC.DELEGATIONS ADD CONSTRAINT PUBLIC.CONSTRAINT_8 PRIMARY KEY(ID);            
-- 5 +/- SELECT COUNT(*) FROM PUBLIC.DELEGATIONS;             
INSERT INTO PUBLIC.DELEGATIONS(ID, CREATED_AT, UPDATED_AT, AREA_ID, FROM_USER_ID, TO_PROXY_ID) VALUES
(31, TIMESTAMP '2018-11-27 17:51:14.234', TIMESTAMP '2018-11-27 17:51:14.234', 21, 2, 1),
(32, TIMESTAMP '2018-11-27 17:51:14.476', TIMESTAMP '2018-11-27 17:51:14.476', 21, 3, 1),
(33, TIMESTAMP '2018-11-27 17:51:14.717', TIMESTAMP '2018-11-27 17:51:14.717', 21, 4, 1),
(34, TIMESTAMP '2018-11-27 17:51:14.963', TIMESTAMP '2018-11-27 17:51:14.963', 21, 5, 4),
(35, TIMESTAMP '2018-11-27 17:51:15.211', TIMESTAMP '2018-11-27 17:51:15.211', 21, 6, 4);  
CREATE MEMORY TABLE PUBLIC.KEY_VALUE(
    ID BIGINT NOT NULL,
    KEY VARCHAR(255) NOT NULL,
    VALUE VARCHAR(255)
);    
ALTER TABLE PUBLIC.KEY_VALUE ADD CONSTRAINT PUBLIC.CONSTRAINT_7 PRIMARY KEY(ID);              
-- 0 +/- SELECT COUNT(*) FROM PUBLIC.KEY_VALUE;               
CREATE MEMORY TABLE PUBLIC.LAWS(
    ID BIGINT NOT NULL,
    CREATED_AT TIMESTAMP NOT NULL,
    UPDATED_AT TIMESTAMP NOT NULL,
    DESCRIPTION VARCHAR(1000) NOT NULL,
    REACHED_QUORUM_AT TIMESTAMP,
    STATUS INTEGER NOT NULL,
    TITLE VARCHAR(255) NOT NULL,
    AREA_ID BIGINT NOT NULL,
    CREATED_BY_ID BIGINT NOT NULL,
    POLL_ID BIGINT
);        
ALTER TABLE PUBLIC.LAWS ADD CONSTRAINT PUBLIC.CONSTRAINT_23 PRIMARY KEY(ID);  
-- 183 +/- SELECT COUNT(*) FROM PUBLIC.LAWS;  
INSERT INTO PUBLIC.LAWS(ID, CREATED_AT, UPDATED_AT, DESCRIPTION, REACHED_QUORUM_AT, STATUS, TITLE, AREA_ID, CREATED_BY_ID, POLL_ID) VALUES
(36, TIMESTAMP '2018-11-26 17:51:15.285', TIMESTAMP '2018-11-27 17:51:15.285', 'RxxTm4em Lorem ipsum dolor sit amet, consectetur adipiscing elit, sed do eiusmod tempor incididunt ut labore et dolore magna aliqua. Ut enim ad minim veniam, quis nos', NULL, 0, 'Idea 0 that suggest that we definitely need a longer title for ideas', 21, 7, NULL),
(37, TIMESTAMP '2018-11-25 17:51:15.33', TIMESTAMP '2018-11-26 17:51:15.334', 'LF4tc0v6 Lorem ipsum dolor sit amet, consectetur adipiscing elit, sed do eiusmod tempor incididunt ut labore et dolore magna aliqua. Ut enim ad ', NULL, 0, 'Idea 1 that suggest that we definitely need a longer title for ideas', 22, 7, NULL),
(38, TIMESTAMP '2018-11-24 17:51:15.398', TIMESTAMP '2018-11-25 17:51:15.398', 'DdsvUCkv Lorem ipsum dolor sit amet, consectetur adipiscing eli', NULL, 0, 'Idea 2 that suggest that we definitely need a longer title for ideas', 23, 4, NULL),
(39, TIMESTAMP '2018-11-23 17:51:15.45', TIMESTAMP '2018-11-24 17:51:15.451', '8EWdNppt Lorem ipsum dolor sit amet, consectetur adipiscing elit, sed do eiusmod tempor incididunt ut labore et dolore magna aliqua. Ut enim ad minim veniam, qu', NULL, 0, 'Idea 3 that suggest that we definitely need a longer title for ideas', 24, 12, NULL),
(40, TIMESTAMP '2018-11-22 17:51:15.471', TIMESTAMP '2018-11-23 17:51:15.471', 'mLuzQjTP Lorem ipsum dolor sit amet, consectetur adipiscing elit, sed do eiusmod tempor incididunt ut labore et dolore magna aliqua. Ut enim ad minim veniam, quis nostrud exercitation ullamco laboris nisi ut aliquip ex ea commodo consequat. Duis aute irure dol', NULL, 0, 'Idea 4 that suggest that we definitely need a longer title for ideas', 25, 8, NULL),
(41, TIMESTAMP '2018-11-21 17:51:15.479', TIMESTAMP '2018-11-22 17:51:15.48', 'HiBNBcBz Lorem ipsum dolor sit amet, consectetur adipiscing elit, sed do eiusmod tempor incididunt ut labore et dolore magna aliqua. Ut enim ad minim veniam, quis nostrud exercitation ullamco laboris nisi ut aliquip ex ea commodo consequat. Duis aute irure dolor in repreh', NULL, 0, 'Idea 5 that suggest that we definitely need a longer title for ideas', 26, 4, NULL),
(42, TIMESTAMP '2018-11-20 17:51:15.494', TIMESTAMP '2018-11-21 17:51:15.494', 'ftdNLJER Lorem ipsum dolor sit amet, consectetur adipiscing elit, sed do eiusmod tempor incididunt ut labore et dolore magna aliqua. Ut enim ad minim veniam, quis nostrud exercitation ullamco laboris nisi ut aliquip ex ea commodo consequat. Duis aute irure dolor in reprehenderit in voluptate velit esse cillum dolore ', NULL, 0, 'Idea 6 that suggest that we definitely need a longer title for ideas', 27, 3, NULL),
(43, TIMESTAMP '2018-11-19 17:51:15.521', TIMESTAMP '2018-11-20 17:51:15.521', '3qWiXfOY Lorem ipsum dolor sit amet, consectetur adipiscing elit, sed do eiusmod tempor incididunt ut labore et dolore magna aliqua. Ut enim ad minim veniam, quis nostrud exercitation ullamco laboris nisi ut aliquip ex ea commodo consequat. Duis aute irure dolor in reprehenderit in voluptate velit esse ', NULL, 0, 'Idea 7 that suggest that we definitely need a longer title for ideas', 28, 19, NULL),
(44, TIMESTAMP '2018-11-18 17:51:15.549', TIMESTAMP '2018-11-19 17:51:15.549', '6UZIMRAt Lorem ipsum dolor sit amet, consectetur adipiscing elit, sed do eiusmod tempor incididunt ut labore et dolore magna aliqua. Ut enim ad minim veniam, quis nostrud exercitation ullamco laboris nisi ut aliquip ex ea commodo con', NULL, 0, 'Idea 8 that suggest that we definitely need a longer title for ideas', 29, 12, NULL),
(45, TIMESTAMP '2018-11-17 17:51:15.562', TIMESTAMP '2018-11-18 17:51:15.562', '7M3bUutj Lorem ipsum dolor sit amet, consectetur adipisci', NULL, 0, 'Idea 9 that suggest that we definitely need a longer title for ideas', 30, 8, NULL),
(46, TIMESTAMP '2018-11-16 17:51:15.568', TIMESTAMP '2018-11-17 17:51:15.568', 'RhHRlVVI Lorem ipsum dolor sit amet, consectetur adipiscing elit, sed do eiusmod tempor incididunt ut labore et dolore magna aliqua. Ut enim ad minim veniam, quis nostrud exercitation ullamco laboris nisi ut aliquip ex ea commodo consequat. Duis aute irure dolor in reprehenderit in voluptate velit esse c', NULL, 0, 'Idea 10 that suggest that we definitely need a longer title for ideas', 21, 1, NULL);        
INSERT INTO PUBLIC.LAWS(ID, CREATED_AT, UPDATED_AT, DESCRIPTION, REACHED_QUORUM_AT, STATUS, TITLE, AREA_ID, CREATED_BY_ID, POLL_ID) VALUES
(47, TIMESTAMP '2018-11-15 17:51:15.594', TIMESTAMP '2018-11-16 17:51:15.594', '1MQfyRM7 Lorem ipsum dolor sit amet, consectetur adipiscing elit, sed do eiusmod tempor incididunt ut labore et dolore magna aliqua. Ut enim ad minim veniam, quis nostrud exercitation ullamco laboris nisi ut aliquip ex ea commodo consequat. Duis aute irure dolor in reprehenderit in voluptate velit esse cillum dolore eu fugiat nulla pariatur. Excepteur sint occaecat cupidatat non pro', NULL, 0, 'Idea 11 that suggest that we definitely need a longer title for ideas', 22, 13, NULL),
(48, TIMESTAMP '2018-11-14 17:51:15.609', TIMESTAMP '2018-11-15 17:51:15.609', 'JE9Y8p7Q Lorem ipsum dolor sit amet, consectetur adipiscing elit, sed do eiusmod tempor incididunt ut labore et dolore magna aliqua. Ut enim ad minim veniam, quis nostrud exercitation ullamco laboris nisi ut aliquip ex ea commodo consequat. Duis aute irure dolor in reprehenderit in voluptate velit esse cillum dolore eu fugiat nulla pariatur. Excepteur sint occaecat cupida', NULL, 0, 'Idea 12 that suggest that we definitely need a longer title for ideas', 23, 7, NULL),
(49, TIMESTAMP '2018-11-13 17:51:15.638', TIMESTAMP '2018-11-14 17:51:15.638', 'SzJRhoZ4 Lorem ipsum dolor sit amet, consectetur adipiscing elit, sed do eiusmod tempor incididunt ut labore et dolore magna aliqua. Ut enim ad minim veniam, quis nostrud exercitation ullamco laboris nisi ut al', NULL, 0, 'Idea 13 that suggest that we definitely need a longer title for ideas', 24, 18, NULL),
(50, TIMESTAMP '2018-11-12 17:51:15.646', TIMESTAMP '2018-11-13 17:51:15.646', 'Vn9zwdXW Lorem ipsum dolor sit amet, consectetur adipiscing ', NULL, 0, 'Idea 14 that suggest that we definitely need a longer title for ideas', 25, 20, NULL),
(51, TIMESTAMP '2018-11-11 17:51:15.67', TIMESTAMP '2018-11-12 17:51:15.67', '7FGSOFOc Lorem ipsum dolor sit amet, consectetur adipiscing elit, sed do eiusmod tempor incididunt ut labore et dolore magna aliqua. Ut enim ad minim veniam, quis nostrud exercitation ullamco laboris nisi ut aliquip ex ea commodo consequat. Duis aute irure dolor in reprehenderit in voluptate velit esse cillum dolore eu fugiat nulla pariatur. Excepteur sint occaecat cupidatat non proident,', NULL, 0, 'Idea 15 that suggest that we definitely need a longer title for ideas', 26, 5, NULL),
(52, TIMESTAMP '2018-11-10 17:51:15.696', TIMESTAMP '2018-11-11 17:51:15.696', 'vt8zlssv Lorem ipsum dolor sit amet, consectetur adipiscing elit, sed do eiusmod tempor incididunt ut labore et dolore magna aliqua. Ut enim ad minim veniam, quis nostrud exerc', NULL, 0, 'Idea 16 that suggest that we definitely need a longer title for ideas', 27, 18, NULL),
(53, TIMESTAMP '2018-11-09 17:51:15.703', TIMESTAMP '2018-11-10 17:51:15.705', 'qviFNnlu Lorem ipsum dolor sit amet, consectetur adipiscing elit, sed do eiusmod tempor incididunt ut labore et dolore magna aliqua. Ut enim ad minim veniam, quis nostrud exercitation ullamco laboris nisi ut aliquip ex ea commodo consequat. Duis aute irure dolor in reprehender', NULL, 0, 'Idea 17 that suggest that we definitely need a longer title for ideas', 28, 13, NULL),
(54, TIMESTAMP '2018-11-08 17:51:15.727', TIMESTAMP '2018-11-09 17:51:15.727', 'cAUV8sUK Lorem ipsum dolor sit amet, consectetur adipiscing elit, sed do eiusmod tempor incididunt ut labore et dolore magna aliqua. Ut enim ad minim veniam, quis nostrud exercitation ullamco laboris nisi ut aliquip ex ea commodo consequat. Duis aute irure dolor i', NULL, 0, 'Idea 18 that suggest that we definitely need a longer title for ideas', 29, 16, NULL),
(55, TIMESTAMP '2018-11-07 17:51:15.743', TIMESTAMP '2018-11-08 17:51:15.744', 'H7QcchAJ Lorem ipsum dolor sit amet, consectetur adipiscing elit, sed do eiusmod tempor incididunt ut labore et dolore magna aliqua. Ut enim ad minim veniam, quis nostrud exercitation ullamco laboris nisi ut aliquip ex ea commodo consequat. Duis aute irure dolor in reprehenderit in voluptate velit esse cillum dolore eu fugiat nulla pariatur. Excepteur sint occaecat cupidatat non proide', NULL, 0, 'Idea 19 that suggest that we definitely need a longer title for ideas', 30, 18, NULL);              
INSERT INTO PUBLIC.LAWS(ID, CREATED_AT, UPDATED_AT, DESCRIPTION, REACHED_QUORUM_AT, STATUS, TITLE, AREA_ID, CREATED_BY_ID, POLL_ID) VALUES
(56, TIMESTAMP '2018-11-06 17:51:15.762', TIMESTAMP '2018-11-07 17:51:15.762', '37p9PsUh Lorem ipsum dolor sit amet, consectetur adipiscing elit, sed do eiusmod tempor incididunt ut labore et dolore magna aliqua. Ut enim ad minim veniam, quis nostrud exercitation ullamco laboris nisi ut aliquip ex ea commodo consequat. Duis aute irure dolor in reprehenderit in voluptate velit esse cillum dolore eu fugiat n', NULL, 0, 'Idea 20 that suggest that we definitely need a longer title for ideas', 21, 9, NULL),
(57, TIMESTAMP '2018-11-05 17:51:15.772', TIMESTAMP '2018-11-06 17:51:15.772', '7w6IIAbO Lorem ipsum dolor sit amet, consectetur adipiscing elit, sed do eiusmod tempor incididunt ut labore et dolore magna aliqua. Ut enim ad minim veniam, quis nostrud exercitation ullamco laboris nisi ut a', NULL, 0, 'Idea 21 that suggest that we definitely need a longer title for ideas', 22, 7, NULL),
(58, TIMESTAMP '2018-11-04 17:51:15.791', TIMESTAMP '2018-11-05 17:51:15.791', 'QAFbq4cR Lorem ipsum dolor sit amet, consectetur adipiscing elit, sed do eiusmod tempor incididunt ut labore et dolore magna aliqua. Ut enim ad minim veniam, quis nostrud exercitation ullamco laboris nisi ut aliquip ex ea commodo co', NULL, 0, 'Idea 22 that suggest that we definitely need a longer title for ideas', 23, 1, NULL),
(59, TIMESTAMP '2018-11-03 17:51:15.808', TIMESTAMP '2018-11-04 17:51:15.808', 'cmpbnlET Lorem ipsum dolor sit amet, consectetur adipisci', NULL, 0, 'Idea 23 that suggest that we definitely need a longer title for ideas', 24, 1, NULL),
(60, TIMESTAMP '2018-11-02 17:51:15.816', TIMESTAMP '2018-11-03 17:51:15.816', 'hwdDfuTO Lorem ipsum dolor sit amet, consectetur adipiscing elit, sed do eiusmod tempor incididunt ut labore et dolore magna aliqua. Ut enim ad minim veniam, quis nostrud exercitation ullamco laboris nisi ut aliquip ex ea commodo consequat. Duis aute irure dolor in reprehender', NULL, 0, 'Idea 24 that suggest that we definitely need a longer title for ideas', 25, 1, NULL),
(61, TIMESTAMP '2018-11-01 17:51:15.828', TIMESTAMP '2018-11-02 17:51:15.828', 'ZoiGJ93z Lorem ipsum dolor sit amet, consectetur adipiscing elit, s', NULL, 0, 'Idea 25 that suggest that we definitely need a longer title for ideas', 26, 10, NULL),
(62, TIMESTAMP '2018-10-31 17:51:15.845', TIMESTAMP '2018-11-01 17:51:15.845', 'ckpcbGmw Lorem ipsum dolor sit amet, consectetur adipiscing elit, sed do eiusmod tempor incididunt ut labore et dolore magna aliqua. Ut enim ad minim veniam, quis nostrud exercita', NULL, 0, 'Idea 26 that suggest that we definitely need a longer title for ideas', 27, 16, NULL),
(63, TIMESTAMP '2018-10-30 17:51:15.864', TIMESTAMP '2018-10-31 17:51:15.865', 'cv9T2Ian Lorem ipsum dolor sit amet, consectetur adipiscing elit, sed do eiusmod tempor incididunt ut labore et ', NULL, 0, 'Idea 27 that suggest that we definitely need a longer title for ideas', 28, 16, NULL),
(64, TIMESTAMP '2018-10-29 17:51:15.887', TIMESTAMP '2018-10-30 17:51:15.887', 'x6DWFAnF Lorem ', NULL, 0, 'Idea 28 that suggest that we definitely need a longer title for ideas', 29, 13, NULL),
(65, TIMESTAMP '2018-10-28 17:51:15.893', TIMESTAMP '2018-10-29 17:51:15.893', 'n7j1g4rx Lorem ipsum dolor sit amet, consectetur adipiscing elit, sed do eiusmod tempor incididunt ut labore et dolore magna aliqua. Ut enim ad minim veniam, quis nostrud exercitation ullamco laboris nisi ut aliquip ex ea commodo consequat. Duis aute irure dolor in reprehenderit in voluptate velit esse cillum dolore eu fugiat nulla pariatur. Excepteur sint occaecat cupidatat non proident, sunt in culpa qu', NULL, 0, 'Idea 29 that suggest that we definitely need a longer title for ideas', 30, 20, NULL),
(66, TIMESTAMP '2018-10-27 17:51:15.898', TIMESTAMP '2018-10-28 17:51:15.898', 'gpuZky8w Lorem ipsum dolor sit amet, consectetur adipiscing elit, sed do eiusmod tempor incididunt ut labore et dolore magna aliqua. Ut enim ad minim veniam, quis nostrud exercitation ullamco laboris nisi ut aliquip ex ea commod', NULL, 0, 'Idea 30 that suggest that we definitely need a longer title for ideas', 21, 6, NULL);  
INSERT INTO PUBLIC.LAWS(ID, CREATED_AT, UPDATED_AT, DESCRIPTION, REACHED_QUORUM_AT, STATUS, TITLE, AREA_ID, CREATED_BY_ID, POLL_ID) VALUES
(67, TIMESTAMP '2018-10-26 17:51:15.903', TIMESTAMP '2018-10-27 17:51:15.904', 'dYpuPVAu Lorem ipsum dolor sit amet, consectetur adipiscing elit, sed do eiusmod tempor incididunt ut labore et dolore magna aliqua. Ut enim ad minim veniam, quis nostrud exercitation ullamco laboris nisi ut aliquip ex ea co', NULL, 0, 'Idea 31 that suggest that we definitely need a longer title for ideas', 22, 19, NULL),
(68, TIMESTAMP '2018-10-25 17:51:15.92', TIMESTAMP '2018-10-26 17:51:15.92', 'XajlnUMf Lorem ipsum dolor sit amet, consectetur adipiscing elit, sed do eiusmod tempor incididunt ut labore et dolore magna aliqua. Ut enim ad minim veniam, quis nostrud exercitation ullamco lab', NULL, 0, 'Idea 32 that suggest that we definitely need a longer title for ideas', 23, 4, NULL),
(69, TIMESTAMP '2018-10-24 17:51:15.942', TIMESTAMP '2018-10-25 17:51:15.942', '9YWKGC2t Lorem ipsum dolor sit amet, consectetur adipiscing elit, sed do eiusmod tempor incididunt ut labore et dolore magna aliqua. Ut enim ad minim veniam, quis nostrud exercitation ullamco laboris nisi ut aliquip ex ea commodo consequat. Duis aute irure dolor in reprehenderit in voluptate velit ', NULL, 0, 'Idea 33 that suggest that we definitely need a longer title for ideas', 24, 1, NULL),
(70, TIMESTAMP '2018-10-23 17:51:15.959', TIMESTAMP '2018-10-24 17:51:15.96', 'nUAH532T Lorem ipsum dolor sit amet, consectetur adipiscing elit, sed do eiusmod tempor incididunt ut labore et dolore magna aliqua. Ut enim ad minim veniam, quis nostrud exercitation ullamco laboris nisi ut aliquip ex ea commodo consequat. Duis aute irure dolor in reprehenderit in voluptate velit esse cillum dolore eu fugiat nulla pariatur. Excepteur sin', NULL, 0, 'Idea 34 that suggest that we definitely need a longer title for ideas', 25, 11, NULL),
(71, TIMESTAMP '2018-10-22 17:51:15.977', TIMESTAMP '2018-10-23 17:51:15.977', 'bnslfMSt Lorem ipsum dolor sit amet, consectetur adipiscing elit, sed do eiusmod tempor incididunt ut labore et dolore magna aliqua. Ut enim ad minim veniam, quis nostrud exercitation ullamco laboris nisi ut aliquip ex ea commodo consequat. Duis aute irure dolor in reprehenderit in voluptate velit esse cillum dolore eu fugiat nulla pariatur. Excepteur sint occaecat cupidatat non proident, sunt in culpa', NULL, 0, 'Idea 35 that suggest that we definitely need a longer title for ideas', 26, 16, NULL),
(72, TIMESTAMP '2018-10-21 17:51:15.984', TIMESTAMP '2018-10-22 17:51:15.984', 'va6SnbsK Lorem ipsum dolor sit amet, consectetur adipiscing elit, sed do eiusmod tempor incididunt ut labore et dolore magna aliqua. Ut enim ad minim veniam, quis nostrud exercitation ullamco laboris nisi ', NULL, 0, 'Idea 36 that suggest that we definitely need a longer title for ideas', 27, 16, NULL),
(73, TIMESTAMP '2018-10-20 17:51:15.989', TIMESTAMP '2018-10-21 17:51:15.989', 'rKQsLA51 Lorem ipsum dolor sit amet, consectetur adipiscing elit, sed do eiusmo', NULL, 0, 'Idea 37 that suggest that we definitely need a longer title for ideas', 28, 1, NULL),
(74, TIMESTAMP '2018-10-19 17:51:16.006', TIMESTAMP '2018-10-20 17:51:16.006', '69H1QbYL Lorem ipsum dolor sit amet, consectetur adipiscing elit, sed do eiusmod tempor incididunt ut labore et dolore magna aliqu', NULL, 0, 'Idea 38 that suggest that we definitely need a longer title for ideas', 29, 18, NULL),
(75, TIMESTAMP '2018-10-18 17:51:16.036', TIMESTAMP '2018-10-19 17:51:16.036', 'diYlP2jU Lorem ipsum dolor sit amet, consectetur adipiscing elit, sed do eiusmod tempor incididunt ut labore et dolore magna aliqua. Ut enim ad minim veniam, quis nostrud exercitation ullamco laboris nisi ut aliquip ex ea commodo consequat. Duis aute irure dolor in reprehenderit in voluptate velit esse cillum dolore eu fugiat nulla pariatur. Excepteur sint occaecat cup', NULL, 0, 'Idea 39 that suggest that we definitely need a longer title for ideas', 30, 8, NULL),
(76, TIMESTAMP '2018-10-17 17:51:16.052', TIMESTAMP '2018-10-18 17:51:16.052', '2NyKNzHF Lorem ipsum dolor sit amet, consectetur adipiscing elit, sed ', NULL, 0, 'Idea 40 that suggest that we definitely need a longer title for ideas', 21, 18, NULL);          
INSERT INTO PUBLIC.LAWS(ID, CREATED_AT, UPDATED_AT, DESCRIPTION, REACHED_QUORUM_AT, STATUS, TITLE, AREA_ID, CREATED_BY_ID, POLL_ID) VALUES
(77, TIMESTAMP '2018-10-16 17:51:16.078', TIMESTAMP '2018-10-17 17:51:16.078', '5EHSc3yT Lorem ipsum dolor sit amet, consectetur ', NULL, 0, 'Idea 41 that suggest that we definitely need a longer title for ideas', 22, 1, NULL),
(78, TIMESTAMP '2018-10-15 17:51:16.102', TIMESTAMP '2018-10-16 17:51:16.102', '6r61ocjF Lorem ipsum dolor sit amet, consectetur adipiscing elit,', NULL, 0, 'Idea 42 that suggest that we definitely need a longer title for ideas', 23, 12, NULL),
(79, TIMESTAMP '2018-10-14 17:51:16.122', TIMESTAMP '2018-10-15 17:51:16.122', 'a84tXuIo Lorem ipsum dolor sit amet, consectetur adipiscing elit, sed do eiusmod tempor incididunt ut labore et dolore magna aliqua. Ut enim ad minim veniam, quis nostrud exercitation ullamco laboris nisi ut aliquip ex ea commodo consequat. Duis aute irure dolor in repreh', NULL, 0, 'Idea 43 that suggest that we definitely need a longer title for ideas', 24, 2, NULL),
(80, TIMESTAMP '2018-10-13 17:51:16.137', TIMESTAMP '2018-10-14 17:51:16.138', 'gcFop3xV Lorem ipsum dolor sit amet, consectetur adipiscing elit, sed do eiusmod tempor incididunt ut labore et dolore magna aliqua. Ut enim ad minim veniam, quis nostrud exercitation ullamco laboris nisi ut aliquip ex ea commodo consequat. Duis aute irure dolor in reprehenderit in voluptate velit esse cillum dolore eu fugiat nulla pariatur. Excepteur sint occaecat cupidatat non proident,', NULL, 0, 'Idea 44 that suggest that we definitely need a longer title for ideas', 25, 12, NULL),
(81, TIMESTAMP '2018-10-12 17:51:16.145', TIMESTAMP '2018-10-13 17:51:16.145', 'NmJCK0bg Lorem ipsum dolor sit amet, consectetur adipiscing elit, sed do eiusmod tempor incididunt ut labore et dolore magna aliqua.', NULL, 0, 'Idea 45 that suggest that we definitely need a longer title for ideas', 26, 17, NULL),
(82, TIMESTAMP '2018-10-11 17:51:16.153', TIMESTAMP '2018-10-12 17:51:16.154', 'uY7X9Ihh Lorem ipsum dolor sit amet, c', NULL, 0, 'Idea 46 that suggest that we definitely need a longer title for ideas', 27, 19, NULL),
(83, TIMESTAMP '2018-10-10 17:51:16.168', TIMESTAMP '2018-10-11 17:51:16.169', 'XeW6fGl7 Lorem ipsum dolor sit amet, consectetur adipiscing elit, sed do eiusmod tempor incididunt ', NULL, 0, 'Idea 47 that suggest that we definitely need a longer title for ideas', 28, 1, NULL),
(84, TIMESTAMP '2018-10-09 17:51:16.185', TIMESTAMP '2018-10-10 17:51:16.185', 'DqmOVB2G Lorem ipsum dolor sit amet, consectetur adipiscing elit, sed do eiusmod tempor incididunt ut labore et dolore magna aliqua. Ut enim ad minim veniam, quis nostrud exercitation ullamco laboris nisi ut aliquip ex ea commodo consequat. Duis aute irure dolor in reprehenderit in voluptate velit esse cillum dolore eu fugiat nulla pariatur. Excepte', NULL, 0, 'Idea 48 that suggest that we definitely need a longer title for ideas', 29, 1, NULL),
(85, TIMESTAMP '2018-10-08 17:51:16.196', TIMESTAMP '2018-10-09 17:51:16.197', 'v8srbR1M Lorem ipsum dolor sit amet, consectetur adipiscing elit, sed do eiusmod tempor incididunt ut labore et dolore magna aliqua. Ut enim ad minim veniam, quis nostrud exercitation ullamco l', NULL, 0, 'Idea 49 that suggest that we definitely need a longer title for ideas', 30, 7, NULL),
(86, TIMESTAMP '2018-10-07 17:51:16.219', TIMESTAMP '2018-10-08 17:51:16.219', '809KrKbT Lorem ipsum dolor sit amet, consectetur adipiscing elit, sed do eiusmod tempor incididunt ut labore et dolore magna aliqua. Ut enim ad minim veniam, quis nostrud exercitation ullamco laboris nisi ut aliquip ex ea commodo consequat. Duis aute irure dolor in reprehenderit in voluptate velit e', NULL, 0, 'Idea 50 that suggest that we definitely need a longer title for ideas', 21, 11, NULL),
(87, TIMESTAMP '2018-10-06 17:51:16.224', TIMESTAMP '2018-10-07 17:51:16.224', 'C1pBRi9o Lorem ipsum dolor sit amet, consectetur adipiscing elit, sed do eiusmod tempor incididunt ut labore et dolore magna aliqua. ', NULL, 0, 'Idea 51 that suggest that we definitely need a longer title for ideas', 22, 19, NULL);           
INSERT INTO PUBLIC.LAWS(ID, CREATED_AT, UPDATED_AT, DESCRIPTION, REACHED_QUORUM_AT, STATUS, TITLE, AREA_ID, CREATED_BY_ID, POLL_ID) VALUES
(88, TIMESTAMP '2018-10-05 17:51:16.238', TIMESTAMP '2018-10-06 17:51:16.238', 'FNl9Xxin Lorem ipsum dolor sit amet, consectetur adipiscing elit, sed do eiusmod tempor incididunt ut labore et dolore magna aliqua. Ut', NULL, 0, 'Idea 52 that suggest that we definitely need a longer title for ideas', 23, 1, NULL),
(89, TIMESTAMP '2018-10-04 17:51:16.25', TIMESTAMP '2018-10-05 17:51:16.25', 'ZjdYRrA3 Lorem ipsum dolor sit amet, consectetur adipiscing elit, sed do eiusmod tempor incididunt ut labore et dolore magna aliqua. Ut enim ad minim veniam, quis', NULL, 0, 'Idea 53 that suggest that we definitely need a longer title for ideas', 24, 18, NULL),
(90, TIMESTAMP '2018-10-03 17:51:16.254', TIMESTAMP '2018-10-04 17:51:16.254', 'XiCuSs6T Lorem ipsum dolor sit amet, consectetur adipiscing elit, sed do eiusmod tempor incididunt ut labore et dolore magna aliqua. Ut enim ad minim veniam, quis nostrud exercitation ullamco laboris nisi ut aliquip ex ea commodo consequat. Duis aute irure dolor in reprehenderit in voluptate velit esse cillum d', NULL, 0, 'Idea 54 that suggest that we definitely need a longer title for ideas', 25, 15, NULL),
(91, TIMESTAMP '2018-10-02 17:51:16.272', TIMESTAMP '2018-10-03 17:51:16.272', 'A09Fxwpf Lorem ipsum dolor sit amet, consectetur adipiscing elit, sed do eiusmod tempor incididunt ut labore et dolore magna aliqua. Ut enim ad minim venia', NULL, 0, 'Idea 55 that suggest that we definitely need a longer title for ideas', 26, 14, NULL),
(92, TIMESTAMP '2018-10-01 17:51:16.277', TIMESTAMP '2018-10-02 17:51:16.277', 'CBZA6QgP Lorem ipsum dolor sit amet, consectetur adipiscing elit, sed do eiusmod tempor incididunt ut labore et dolore magna aliqua. Ut enim ad minim veniam, ', NULL, 0, 'Idea 56 that suggest that we definitely need a longer title for ideas', 27, 5, NULL),
(93, TIMESTAMP '2018-09-30 17:51:16.301', TIMESTAMP '2018-10-01 17:51:16.301', 'S5PLK1iq Lorem ipsum dolor sit amet, consectetur adipiscing elit, sed do eiusmod tempor incididunt ut labore et dolore magna aliqu', NULL, 0, 'Idea 57 that suggest that we definitely need a longer title for ideas', 28, 5, NULL),
(94, TIMESTAMP '2018-09-29 17:51:16.323', TIMESTAMP '2018-09-30 17:51:16.324', 'npaW2V6S Lorem ipsum dolor sit amet, consectetur adipiscing elit, sed do eiusmod tempor incididunt ut labore et dolore magna aliqua. Ut enim ad minim veniam, quis nostrud exercitation ullamco laboris nisi ut aliquip ex ea commodo consequat. Duis aute irur', NULL, 0, 'Idea 58 that suggest that we definitely need a longer title for ideas', 29, 3, NULL),
(95, TIMESTAMP '2018-09-28 17:51:16.329', TIMESTAMP '2018-09-29 17:51:16.33', 'XbCiFCOK Lorem ipsum dolor sit amet, consectetur adipiscing elit, sed do eiusmod tempor incididunt ut labore et dolore magna aliqua. Ut enim ad minim veniam, quis nostrud exercitation ullamco laboris nisi ut aliqu', NULL, 0, 'Idea 59 that suggest that we definitely need a longer title for ideas', 30, 12, NULL),
(96, TIMESTAMP '2018-09-27 17:51:16.344', TIMESTAMP '2018-09-28 17:51:16.344', 'N6xGJOT6 Lorem ipsum dolor sit amet, consectetur adipiscing elit, sed do eiusmod tempor incididunt ut labore et dolore magna aliqua. Ut enim ad minim veniam, quis nostrud exercitation ullamco laboris nisi ut aliquip ex ea commodo consequat. Duis aute irure dolor in reprehenderit in voluptate velit esse cillum dolore eu fugiat nulla pariatur. Excepteur sint occaecat cupidatat non proident,', NULL, 0, 'Idea 60 that suggest that we definitely need a longer title for ideas', 21, 18, NULL),
(97, TIMESTAMP '2018-09-26 17:51:16.349', TIMESTAMP '2018-09-27 17:51:16.35', 'J9Q7obqp Lorem ipsum dolor sit amet, consectetur adipiscing elit, sed do eiusmod tempor incididunt ut labore et dolore magna aliqua. Ut enim ad minim veniam', NULL, 0, 'Idea 61 that suggest that we definitely need a longer title for ideas', 22, 12, NULL),
(98, TIMESTAMP '2018-09-25 17:51:16.365', TIMESTAMP '2018-09-26 17:51:16.366', 'mWGALag8 Lorem ipsum dolor sit amet, consectetur adipiscing elit, sed do eiusmod tempor incididunt ut labore et dolore magna aliqua. Ut enim ad minim veniam, quis nostrud exercitation ullamco laboris nisi ut aliquip ex ea commodo consequat. Duis aute irure dolor in reprehenderit in voluptate velit esse cillum dolore eu fugiat nulla pa', NULL, 0, 'Idea 62 that suggest that we definitely need a longer title for ideas', 23, 16, NULL);  
INSERT INTO PUBLIC.LAWS(ID, CREATED_AT, UPDATED_AT, DESCRIPTION, REACHED_QUORUM_AT, STATUS, TITLE, AREA_ID, CREATED_BY_ID, POLL_ID) VALUES
(99, TIMESTAMP '2018-09-24 17:51:16.399', TIMESTAMP '2018-09-25 17:51:16.399', 'm9rLVNdn Lorem ipsum dolor sit amet, consectetur adipiscing elit, sed do eiusmod tempor incididunt ut labore et dolore magna aliqua. Ut enim ad minim veniam, ', NULL, 0, 'Idea 63 that suggest that we definitely need a longer title for ideas', 24, 3, NULL),
(100, TIMESTAMP '2018-09-23 17:51:16.413', TIMESTAMP '2018-09-24 17:51:16.414', 'bMzFsYvz Lorem ipsum dolor sit amet, consectetur adipiscing elit, sed do eiusmod tempor incididunt ut labore et dolore magna aliqua. Ut enim ad minim veniam, quis nostrud exercitation', NULL, 0, 'Idea 64 that suggest that we definitely need a longer title for ideas', 25, 15, NULL),
(101, TIMESTAMP '2018-09-22 17:51:16.432', TIMESTAMP '2018-09-23 17:51:16.432', 'chbZZnQ1 Lorem ipsum dolor sit amet, consectetur adipiscing elit, sed do eiusmod tempor incididunt ut labore et dolore magna aliqua. Ut enim ad minim veniam, quis nostrud exercitation ullamco laboris nisi ut aliquip ex ea commodo consequat. Duis aute irure dolor in reprehenderit in voluptate velit esse cillum dolore eu fugia', NULL, 0, 'Idea 65 that suggest that we definitely need a longer title for ideas', 26, 19, NULL),
(102, TIMESTAMP '2018-09-21 17:51:16.444', TIMESTAMP '2018-09-22 17:51:16.444', 'taL18xVv Lorem ipsum dolor sit amet, consectetur adipiscing elit, sed do eiusmod tempor incididunt ut labore et dolore magna aliqua. Ut enim ad minim veniam, quis nostrud exercitation ullamco laboris nisi ut aliquip ex ea commodo consequat. Duis aute irure dolor in reprehenderit in voluptate velit esse cillum dolore eu fugiat nulla pariatur. Excepteur sint occaecat cupidatat non proide', NULL, 0, 'Idea 66 that suggest that we definitely need a longer title for ideas', 27, 7, NULL),
(103, TIMESTAMP '2018-09-20 17:51:16.455', TIMESTAMP '2018-09-21 17:51:16.455', 'F6sxfp8Z Lorem ipsum dolor sit amet, consectetur adipiscing elit, sed do eiusmod tempor ', NULL, 0, 'Idea 67 that suggest that we definitely need a longer title for ideas', 28, 20, NULL),
(104, TIMESTAMP '2018-09-19 17:51:16.471', TIMESTAMP '2018-09-20 17:51:16.471', 'LIzY5Cas Lorem ipsum dolor sit amet, consectetur adipiscing elit, sed do eiusmod tempor incididunt ut labore et dolore magna aliqua. Ut enim ad minim veniam, quis nostrud exercitation ullamco laboris nisi ut aliquip ex ea commodo consequat. Duis aute irure dolor in reprehenderit in voluptat', NULL, 0, 'Idea 68 that suggest that we definitely need a longer title for ideas', 29, 3, NULL),
(105, TIMESTAMP '2018-09-18 17:51:16.487', TIMESTAMP '2018-09-19 17:51:16.487', '4g1KZuKJ Lorem ipsum dolor sit amet, consectetur adipiscing elit, sed do eiusmod tempor incididunt ut labore et dolore magna aliqua. Ut enim ad minim veniam, quis nostrud exercitation ullamco l', NULL, 0, 'Idea 69 that suggest that we definitely need a longer title for ideas', 30, 17, NULL),
(106, TIMESTAMP '2018-09-17 17:51:16.491', TIMESTAMP '2018-09-18 17:51:16.491', 'xbsu8x7I Lorem ipsum dolor sit amet, consectetur adipiscing elit, sed do eiusmod tempor incididunt ut lab', NULL, 0, 'Idea 70 that suggest that we definitely need a longer title for ideas', 21, 10, NULL),
(107, TIMESTAMP '2018-09-16 17:51:16.502', TIMESTAMP '2018-09-17 17:51:16.502', '4OMSh7zJ Lorem ipsum dolor ', NULL, 0, 'Idea 71 that suggest that we definitely need a longer title for ideas', 22, 7, NULL),
(108, TIMESTAMP '2018-09-15 17:51:16.507', TIMESTAMP '2018-09-16 17:51:16.507', 'bGZuiKSD Lorem ipsum dolor sit amet, consectetur adipiscing elit, sed do eiusmod tempor incididunt ut labore et dolore magna aliqua. Ut enim ad minim veniam, quis nostrud exercitation ullamco laboris nisi u', NULL, 0, 'Idea 72 that suggest that we definitely need a longer title for ideas', 23, 3, NULL),
(109, TIMESTAMP '2018-09-14 17:51:16.512', TIMESTAMP '2018-09-15 17:51:16.512', 'J0zIZzcT Lorem ipsum dolor sit amet, consectetur adipiscing elit, sed do eiusmod tempor incididunt ut labore et dolore magna aliqua. Ut enim ad minim veniam, quis nostrud exercitation ullamco laboris nisi ut aliquip ex ea commodo consequat. Duis a', NULL, 0, 'Idea 73 that suggest that we definitely need a longer title for ideas', 24, 1, NULL);     
INSERT INTO PUBLIC.LAWS(ID, CREATED_AT, UPDATED_AT, DESCRIPTION, REACHED_QUORUM_AT, STATUS, TITLE, AREA_ID, CREATED_BY_ID, POLL_ID) VALUES
(110, TIMESTAMP '2018-09-13 17:51:16.532', TIMESTAMP '2018-09-14 17:51:16.532', 'E0vR3a2d Lorem ipsum dolor sit amet, consectetur adipiscing elit, sed do eiusmod tempor incididunt ut labore et dolore magna aliqua. Ut enim ad minim veniam, quis nostrud exercitation ullamco laboris nisi ut aliquip ex ea commodo consequat. Duis aute irure dolor in reprehenderit in voluptate velit esse cillum dolore eu fugiat nulla pariatu', NULL, 0, 'Idea 74 that suggest that we definitely need a longer title for ideas', 25, 3, NULL),
(111, TIMESTAMP '2018-09-12 17:51:16.538', TIMESTAMP '2018-09-13 17:51:16.538', 'LA2C6eHR Lorem ipsum dolor sit amet, consectetur adipiscing elit, sed do eiusmod tempor incididunt ut labore et do', NULL, 0, 'Idea 75 that suggest that we definitely need a longer title for ideas', 26, 17, NULL),
(112, TIMESTAMP '2018-09-11 17:51:16.549', TIMESTAMP '2018-09-12 17:51:16.549', '6sSrWREG Lorem ipsum dolor sit amet, consectetur adipiscing elit, sed do eiusmod tempor incididunt ut labore et dolore magna aliqua. Ut enim ad minim veniam, quis nostrud exercitation ullamco laboris nisi ut aliquip ex ea commodo consequat. Duis aute irure dolor in reprehenderit in voluptate velit esse cillum dolore eu fugiat nulla pariatur. Excepteur sint occaecat cupidatat', NULL, 0, 'Idea 76 that suggest that we definitely need a longer title for ideas', 27, 14, NULL),
(113, TIMESTAMP '2018-09-10 17:51:16.566', TIMESTAMP '2018-09-11 17:51:16.567', 'mC0tm3QH Lorem ipsum dolor sit amet, consectetur adipiscing elit, sed do eiusmod tempor incididunt ut labore et dolore magna aliqua. Ut enim ad minim veniam, quis nostrud exercitation ullamco laboris nisi ut aliquip ex ea commodo con', NULL, 0, 'Idea 77 that suggest that we definitely need a longer title for ideas', 28, 18, NULL),
(114, TIMESTAMP '2018-09-09 17:51:16.58', TIMESTAMP '2018-09-10 17:51:16.58', 'rykvI9jt Lorem ipsum dolor sit amet, consectetur adipiscing elit, sed do eiusmod tempor incididunt ut labore et dolore magna aliqua. Ut enim ad minim veniam, quis nostrud exercitation ullamco', NULL, 0, 'Idea 78 that suggest that we definitely need a longer title for ideas', 29, 7, NULL),
(115, TIMESTAMP '2018-09-08 17:51:16.593', TIMESTAMP '2018-09-09 17:51:16.593', '9mLnBIjK Lo', NULL, 0, 'Idea 79 that suggest that we definitely need a longer title for ideas', 30, 20, NULL),
(116, TIMESTAMP '2018-09-07 17:51:16.609', TIMESTAMP '2018-09-08 17:51:16.609', 'AHTJBn0o Lorem ipsum dolor sit amet, consectetur adipiscing elit, sed do eiusmod tempor incididunt ut labore et dolore magna aliqua. Ut enim ad minim veniam, quis nostrud exercitation ullamco laboris nisi ut aliquip ex ea commodo consequat. Duis aute irure dolor in reprehenderit in voluptate velit ', NULL, 0, 'Idea 80 that suggest that we definitely need a longer title for ideas', 21, 10, NULL),
(117, TIMESTAMP '2018-09-06 17:51:16.615', TIMESTAMP '2018-09-07 17:51:16.615', 'gxds1nNz Lorem ipsum dolor sit amet, consectetur adipiscing elit, sed do eiusmod tempor inc', NULL, 0, 'Idea 81 that suggest that we definitely need a longer title for ideas', 22, 7, NULL),
(118, TIMESTAMP '2018-09-05 17:51:16.629', TIMESTAMP '2018-09-06 17:51:16.629', 'eq5sgABO Lorem ipsum dolor sit amet, consectetur adipiscing elit, sed do eiusmod tempor incididunt ut labore et dolore magna aliqua. Ut enim ad minim veniam, quis nostrud exercitation ullamco laboris nisi ut aliquip ex ea commodo consequat. Duis aute irure dolor in reprehenderit in voluptate velit esse cillum dolore eu ', NULL, 0, 'Idea 82 that suggest that we definitely need a longer title for ideas', 23, 14, NULL),
(119, TIMESTAMP '2018-09-04 17:51:16.64', TIMESTAMP '2018-09-05 17:51:16.64', 'TniLiymJ Lorem ipsum dolor sit amet, consectetur adipiscing elit, sed do eiusmod tempor incididunt ut labore et d', NULL, 0, 'Idea 83 that suggest that we definitely need a longer title for ideas', 24, 6, NULL),
(120, TIMESTAMP '2018-09-03 17:51:16.656', TIMESTAMP '2018-09-04 17:51:16.656', 'J6OGzBN3 Lorem ipsum dolor sit amet, consectetur adipiscing elit, sed do eiusmod tempor incididunt ut labore et dolore ma', NULL, 0, 'Idea 84 that suggest that we definitely need a longer title for ideas', 25, 2, NULL);       
INSERT INTO PUBLIC.LAWS(ID, CREATED_AT, UPDATED_AT, DESCRIPTION, REACHED_QUORUM_AT, STATUS, TITLE, AREA_ID, CREATED_BY_ID, POLL_ID) VALUES
(121, TIMESTAMP '2018-09-02 17:51:16.674', TIMESTAMP '2018-09-03 17:51:16.674', 'K1DleUoY Lorem ipsum dolor sit amet, consectetur adipiscing elit, sed do eiusmod tempor incididunt ut labore et dolore magna aliqua. Ut enim ad minim veniam, quis nostrud exercitation ullamco laboris nisi ut aliquip ex ea commodo consequat. Duis aute irure dolor in reprehenderit in voluptate velit esse cillum dolore eu fugiat nulla pariatu', NULL, 0, 'Idea 85 that suggest that we definitely need a longer title for ideas', 26, 10, NULL),
(122, TIMESTAMP '2018-09-01 17:51:16.693', TIMESTAMP '2018-09-02 17:51:16.693', '7yBr3PNn Lorem ipsum dolor sit amet, consectetur adipiscing elit, sed do eiusmod tempor incididunt ut labore et dolore magna aliqua. Ut enim ad minim veniam, quis nostrud exercitation ullamco laboris nisi ut aliquip ex ea commodo consequat. Duis aute irure dolor in reprehenderit in voluptate velit esse cillum dolore eu fugiat nulla pariatur. Excepteur sint occaecat cupidatat non pro', NULL, 0, 'Idea 86 that suggest that we definitely need a longer title for ideas', 27, 1, NULL),
(123, TIMESTAMP '2018-08-31 17:51:16.709', TIMESTAMP '2018-09-01 17:51:16.709', '8M44740A Lorem ipsum dolor sit amet, consectetur adipiscing elit, sed do eiusmod tempor incididunt ut labore et dolore magna aliqua. Ut enim ad minim veniam, quis nostrud exercitation ullamco laboris nisi ut aliquip ex ea commodo consequat. Duis aute irure dolor in reprehenderit in voluptate velit esse cillum dolore eu fugiat nulla pariatur. Excepte', NULL, 0, 'Idea 87 that suggest that we definitely need a longer title for ideas', 28, 12, NULL),
(124, TIMESTAMP '2018-08-30 17:51:16.723', TIMESTAMP '2018-08-31 17:51:16.723', 'DxhJIPuo Lorem ipsum dolor sit amet, consectetur adipiscing elit, sed do eiusmod tempor incididunt ut la', NULL, 0, 'Idea 88 that suggest that we definitely need a longer title for ideas', 29, 7, NULL),
(125, TIMESTAMP '2018-08-29 17:51:16.729', TIMESTAMP '2018-08-30 17:51:16.729', 'WAp3UnRF Lorem ipsum dolor sit amet, consectetur adipiscing elit, sed do eiusmod tempor incididunt ut labore et dolore magna aliqua. Ut enim ad minim veniam, quis nostrud exer', NULL, 0, 'Idea 89 that suggest that we definitely need a longer title for ideas', 30, 4, NULL),
(126, TIMESTAMP '2018-08-28 17:51:16.746', TIMESTAMP '2018-08-29 17:51:16.746', 'lsHEbXW4 Lorem ipsum dolor sit amet, consectetur adipiscing elit, sed do eiusmod tempor incididunt ut labore et dolore magna aliqua. Ut enim ad minim veniam, quis nostrud exercitation ullamco laboris nisi ut aliquip ex ea commodo consequat. Duis aute irure dolor in reprehenderit in voluptate velit esse cillum dolore eu fugia', NULL, 0, 'Idea 90 that suggest that we definitely need a longer title for ideas', 21, 8, NULL),
(127, TIMESTAMP '2018-08-27 17:51:16.762', TIMESTAMP '2018-08-28 17:51:16.762', 'XBrAyctc Lorem ipsum dolor sit amet, consectetur adipiscing elit, sed do eiusmod tempor incididunt ut labore et dolore magna aliqua. Ut enim ad minim veniam, quis nostrud exercitation ullamco laboris nisi ut aliquip ex ea commodo consequat. Duis aute irure dolor in reprehenderit in voluptate velit esse cillum dolore eu fugiat nulla pariatur. Excepteur sint occaecat cupidatat no', NULL, 0, 'Idea 91 that suggest that we definitely need a longer title for ideas', 22, 16, NULL),
(128, TIMESTAMP '2018-08-26 17:51:16.78', TIMESTAMP '2018-08-27 17:51:16.78', 'F3VbGAzD Lorem ipsum dolor sit amet, consectetur adipiscing elit, sed do eiusmod tempor incididunt ut labore et dolore magna aliqua. Ut enim ad minim veniam, quis nostrud exercitation ullamco laboris nisi ut aliquip ex ea commodo consequat. Duis ', NULL, 0, 'Idea 92 that suggest that we definitely need a longer title for ideas', 23, 3, NULL),
(129, TIMESTAMP '2018-08-25 17:51:16.792', TIMESTAMP '2018-08-26 17:51:16.792', '8mkh421W Lorem ipsum dolor sit amet, consectetur adipiscing elit, sed do eiusmod tempor incididunt ut labore et dolore magna aliqua. Ut enim ad minim veniam, quis nostrud exercitation ullamco l', NULL, 0, 'Idea 93 that suggest that we definitely need a longer title for ideas', 24, 7, NULL); 
INSERT INTO PUBLIC.LAWS(ID, CREATED_AT, UPDATED_AT, DESCRIPTION, REACHED_QUORUM_AT, STATUS, TITLE, AREA_ID, CREATED_BY_ID, POLL_ID) VALUES
(130, TIMESTAMP '2018-08-24 17:51:16.799', TIMESTAMP '2018-08-25 17:51:16.8', 'qSzTJn2U Lorem ipsum dolor sit amet, consectetur adipiscing elit, sed do eiusmod tempor incididunt ut labore et dolore magna aliqua. Ut enim ad minim veniam, quis nostrud exercitation ullamco laboris nisi ut ', NULL, 0, 'Idea 94 that suggest that we definitely need a longer title for ideas', 25, 5, NULL),
(131, TIMESTAMP '2018-08-23 17:51:16.812', TIMESTAMP '2018-08-24 17:51:16.813', 'YBUKa3YC Lorem ipsum dolor sit amet, consectetur adipiscing elit, sed do eiusmod temp', NULL, 0, 'Idea 95 that suggest that we definitely need a longer title for ideas', 26, 16, NULL),
(132, TIMESTAMP '2018-08-22 17:51:16.823', TIMESTAMP '2018-08-23 17:51:16.823', 'd3G0ff8a Lorem ipsum dolor sit amet, consectetur adipiscing elit, sed do eiusmod tempor incididunt ut labore et dolore magna aliqua. Ut enim ad minim veniam, quis nostrud exercitation ullamco laboris nisi ut aliquip ex ea commodo consequat. Duis aute irure dolor in reprehenderit in voluptate velit esse cillum dolore eu fugiat nulla pariatur. Excepteur sint occaecat cupidatat non proident, sunt i', NULL, 0, 'Idea 96 that suggest that we definitely need a longer title for ideas', 27, 4, NULL),
(133, TIMESTAMP '2018-08-21 17:51:16.835', TIMESTAMP '2018-08-22 17:51:16.835', 'wsUu2MGU Lorem ipsum dolor sit amet, consectetur adipiscing elit, sed do eiusmod tempor incididunt ut labore et dolore magna aliqua. Ut enim ad minim veniam, quis nostrud exercitation ullamco laboris nisi ut aliquip ex ea commodo consequat. Duis aute irure dolor in reprehenderit in voluptate velit esse cillum dolore eu fugiat nulla pariatur. Excepteur sint occaecat cupidatat non proident, sunt i', NULL, 0, 'Idea 97 that suggest that we definitely need a longer title for ideas', 28, 11, NULL),
(134, TIMESTAMP '2018-08-20 17:51:16.845', TIMESTAMP '2018-08-21 17:51:16.845', 'OGYmC3Mv Lorem ipsum dolor sit amet, consectetur adipiscing elit, sed do eiusmod tempor incididunt ut labore et dolore magna aliqua. Ut enim ad minim veniam, quis nostrud exercitation ullamco laboris nisi ut aliquip ex ea commodo consequat. Duis au', NULL, 0, 'Idea 98 that suggest that we definitely need a longer title for ideas', 29, 10, NULL),
(135, TIMESTAMP '2018-08-19 17:51:16.854', TIMESTAMP '2018-08-20 17:51:16.854', 'HscTFw3C Lorem ipsum dolor sit amet, consectetur adipiscing elit, sed do eiusmod tempor incididunt ut labore et dolore magna aliqua. Ut enim ad minim veniam, quis nostrud exercitat', NULL, 0, 'Idea 99 that suggest that we definitely need a longer title for ideas', 30, 10, NULL),
(136, TIMESTAMP '2018-08-18 17:51:16.87', TIMESTAMP '2018-08-19 17:51:16.87', 'F8alpMVj Lorem ipsum dolor sit amet', NULL, 0, 'Idea 100 that suggest that we definitely need a longer title for ideas', 21, 5, NULL),
(137, TIMESTAMP '2018-08-17 17:51:16.89', TIMESTAMP '2018-08-18 17:51:16.89', 'iV4r0Vkw Lorem ipsum dolor sit amet, consectetur adipiscing elit, sed do eiusmod tempor incididunt ut labore et dolore magna aliqua.', NULL, 0, 'Idea 101 that suggest that we definitely need a longer title for ideas', 22, 15, NULL),
(138, TIMESTAMP '2018-08-16 17:51:16.896', TIMESTAMP '2018-08-17 17:51:16.896', 'UEOk9Hk4 Lorem', NULL, 0, 'Idea 102 that suggest that we definitely need a longer title for ideas', 23, 11, NULL),
(139, TIMESTAMP '2018-08-15 17:51:16.901', TIMESTAMP '2018-08-16 17:51:16.902', 'U3atfWsv Lorem ipsum dolor sit amet, consectetur adipiscing elit, sed do eiusmod tempor incididunt ut labore et dolore magna aliqua. Ut enim ad minim veniam, quis nostrud exercitation ullamco laboris nisi ut aliquip ex ea commodo consequat. Duis aute irure dolor in reprehenderit in voluptate velit esse cillum dolore eu fugiat nulla pariatur. Excepteur s', NULL, 0, 'Idea 103 that suggest that we definitely need a longer title for ideas', 24, 12, NULL),
(140, TIMESTAMP '2018-08-14 17:51:16.912', TIMESTAMP '2018-08-15 17:51:16.912', 'qauhiy0N Lorem ipsum dolor sit amet, consectetur adipiscing elit, sed do eiusmod tempor incididunt ut labore et dolore magna aliqua. Ut enim ad minim veniam, quis nostrud exercitation ullamco laboris nisi ut aliquip ex ea commodo consequat. Duis aute irure dolor in reprehenderit in voluptate velit esse cillum dolore eu fugiat nulla pariatur. Excepteur sint occaec', NULL, 0, 'Idea 104 that suggest that we definitely need a longer title for ideas', 25, 11, NULL);    
INSERT INTO PUBLIC.LAWS(ID, CREATED_AT, UPDATED_AT, DESCRIPTION, REACHED_QUORUM_AT, STATUS, TITLE, AREA_ID, CREATED_BY_ID, POLL_ID) VALUES
(141, TIMESTAMP '2018-08-13 17:51:16.917', TIMESTAMP '2018-08-14 17:51:16.917', 'LY5OzJLd Lorem ipsum dolor sit amet, consectetur adipiscing elit, sed do eiusmod tempor incididunt ut labore et dolore magna aliqua. Ut enim ad minim veniam, quis nostrud exercitation ullamco laboris nisi ut aliquip ex ea commodo consequat. Duis aut', NULL, 0, 'Idea 105 that suggest that we definitely need a longer title for ideas', 26, 18, NULL),
(142, TIMESTAMP '2018-08-12 17:51:16.926', TIMESTAMP '2018-08-13 17:51:16.926', 'qxpQ08BV Lorem ipsum dolor sit amet, consectetur adipiscing elit, sed do eiusmod tempor incididunt ut labore et dolore magna aliqua. Ut enim ad minim veniam, quis nostrud exercitation ullamco laboris nisi ut aliquip ex ea commodo consequat. Duis aute irure dolor in reprehenderit in voluptate velit esse cillum dolore eu fugiat nulla pariatur. Ex', NULL, 0, 'Idea 106 that suggest that we definitely need a longer title for ideas', 27, 7, NULL),
(143, TIMESTAMP '2018-08-11 17:51:16.931', TIMESTAMP '2018-08-12 17:51:16.932', 'UNUoaZf9 Lorem ipsum dolor sit amet, consectetur adipiscing elit, sed do eiusmod tempor incididunt ut labore et dolore magna aliqua. Ut enim ad minim veniam, quis nostrud exercitation ullamco laboris nisi ut aliquip ex ea commodo consequat. Duis aute irure dolor in reprehenderit in voluptate ', NULL, 0, 'Idea 107 that suggest that we definitely need a longer title for ideas', 28, 16, NULL),
(144, TIMESTAMP '2018-08-10 17:51:16.938', TIMESTAMP '2018-08-11 17:51:16.938', 'v4DXEATL Lorem ipsum dolor sit amet, consectetur adipis', NULL, 0, 'Idea 108 that suggest that we definitely need a longer title for ideas', 29, 19, NULL),
(145, TIMESTAMP '2018-08-09 17:51:16.948', TIMESTAMP '2018-08-10 17:51:16.949', 'DpGaRWJ0 Lorem ipsum dolor sit amet, consectetur adipiscing elit, sed do eiusmod tempor incididunt ut labore et dolore magna aliqua. Ut enim ad minim veniam, quis nostrud exercitation ullamco laboris nisi ut aliquip ex ea commodo consequat. Duis aute irure dolor in reprehenderit in voluptate velit esse cillum dolore eu fugiat nulla', NULL, 0, 'Idea 109 that suggest that we definitely need a longer title for ideas', 30, 5, NULL),
(146, TIMESTAMP '2018-08-08 17:51:16.958', TIMESTAMP '2018-08-09 17:51:16.958', 'udIbxx8X Lorem ipsum dolor sit amet, consectetur adipiscing elit, sed do eiusmod tempor incididunt ut labore et dolore magna aliqua. Ut enim ad minim veniam, quis nostrud exercitation ullamco laboris nisi ut aliquip ex ea commodo consequat. Duis aute irure dolor in reprehenderit in voluptate velit esse c', NULL, 0, 'Idea 110 that suggest that we definitely need a longer title for ideas', 21, 14, NULL),
(147, TIMESTAMP '2018-11-22 17:51:16.977', TIMESTAMP '2018-11-23 17:51:16.977', 'RSwT7Q6Y Lorem ipsum dolor sit amet, consectetur adipiscing elit, sed do eiusmod tempor incididunt ut labore et dolore magna aliqua. Ut enim ad minim veniam, quis nostrud exercitation ullamco laboris nisi ut aliquip ex ea commodo consequat. Duis aute irure dolor in reprehenderit in voluptate velit esse cillum dolore eu fugiat nulla pariatur. Ex', TIMESTAMP '2018-11-27 17:51:16.975', 1, 'Proposal 0 that reached its quorum', 25, 8, NULL),
(148, TIMESTAMP '2018-11-27 17:51:16.995', TIMESTAMP '2018-11-27 17:51:16.995', 'FjnjLfKY Lorem ipsum dolor sit amet, consectetur adipiscing elit, sed do eiusmod tempor incididunt ut labore et dolore magna aliqua. Ut enim ad minim veniam, quis nostrud exercitation ullamco laboris nisi ut aliquip ex ea commodo consequat. Duis aute irure dolor in reprehenderit', TIMESTAMP '2018-11-27 17:51:16.993', 1, 'Proposal 1 that reached its quorum', 27, 20, NULL),
(149, TIMESTAMP '2018-11-25 17:51:17.016', TIMESTAMP '2018-11-26 17:51:17.016', 'hNjS4zyB Lorem ipsum', TIMESTAMP '2018-11-27 17:51:17.014', 1, 'Proposal 2 that reached its quorum', 30, 17, NULL),
(150, TIMESTAMP '2018-11-20 17:51:17.039', TIMESTAMP '2018-11-21 17:51:17.039', 't4DXw4sH Lorem ipsum dolor sit amet, consectetur adipiscing elit, sed do eiusmod tempor incididunt ut labore et dolore magna aliqua. Ut enim ad minim veniam, quis nostrud exercitation ullamco laboris nisi ut aliquip ex ea commod', TIMESTAMP '2018-11-27 17:51:17.037', 1, 'Proposal 3 that reached its quorum', 26, 11, NULL);               
INSERT INTO PUBLIC.LAWS(ID, CREATED_AT, UPDATED_AT, DESCRIPTION, REACHED_QUORUM_AT, STATUS, TITLE, AREA_ID, CREATED_BY_ID, POLL_ID) VALUES
(151, TIMESTAMP '2018-11-21 17:51:17.063', TIMESTAMP '2018-11-22 17:51:17.063', '5hBG75Qq Lorem ipsum dolor sit amet, consectetur adipiscing elit, sed do eiusmod tempor incididunt ut labore et dolore magna aliqua. Ut enim ad minim veniam, quis nostrud exercitation ullamco laboris nisi ut aliquip ex ea commodo consequat. Duis aute irure dolor in reprehenderit in voluptate velit esse cillum dolore eu fugiat nulla pariatur. Excepteur sint occaecat cupidatat n', TIMESTAMP '2018-11-27 17:51:17.059', 1, 'Proposal 4 that reached its quorum', 22, 17, NULL),
(152, TIMESTAMP '2018-11-20 17:51:17.079', TIMESTAMP '2018-11-21 17:51:17.079', 'WxmWp9hs Lorem ipsum ', TIMESTAMP '2018-11-27 17:51:17.077', 1, 'Proposal 5 that reached its quorum', 23, 12, NULL),
(153, TIMESTAMP '2018-11-24 17:51:17.103', TIMESTAMP '2018-11-25 17:51:17.103', 'EXdotmLK Lorem ipsum dolor sit amet, consectetur adipiscing elit, sed do eiusmod tempor incididunt ut labore et dolore magna aliqua', TIMESTAMP '2018-11-27 17:51:17.101', 1, 'Proposal 6 that reached its quorum', 21, 18, NULL),
(154, TIMESTAMP '2018-11-24 17:51:17.124', TIMESTAMP '2018-11-25 17:51:17.124', 'iapcUSmP Lorem ipsum dolor sit amet, consectetur adipiscing elit, sed do eiusmod tempor incididunt ut labore et do', TIMESTAMP '2018-11-27 17:51:17.121', 1, 'Proposal 7 that reached its quorum', 24, 3, NULL),
(155, TIMESTAMP '2018-11-25 17:51:17.141', TIMESTAMP '2018-11-26 17:51:17.142', 'tGOlnmBa Lorem ipsum dolor sit amet, consectetur adipiscing elit, sed do eiusmod tempor incididunt ut labore et dolore mag', TIMESTAMP '2018-11-27 17:51:17.139', 1, 'Proposal 8 that reached its quorum', 21, 3, NULL),
(156, TIMESTAMP '2018-11-22 17:51:17.16', TIMESTAMP '2018-11-23 17:51:17.16', 'P7njaIum Lorem ipsum dolor sit amet, consectetur adipiscing elit, sed do eiusmod tempor incididunt ut labore et dolore magna aliqua. Ut enim ad minim veniam, quis nostrud exercitation ullamco laboris nisi ut aliquip ex ea commodo consequat. Duis aute irure dolor in reprehenderit in voluptate velit esse cillum dolore eu ', TIMESTAMP '2018-11-27 17:51:17.157', 1, 'Proposal 9 that reached its quorum', 22, 13, NULL),
(157, TIMESTAMP '2018-11-24 17:51:17.18', TIMESTAMP '2018-11-25 17:51:17.18', 'rzfEbTxE Lorem ipsum dolor sit amet, cons', TIMESTAMP '2018-11-27 17:51:17.177', 1, 'Proposal 10 that reached its quorum', 29, 20, NULL),
(158, TIMESTAMP '2018-11-19 17:51:17.198', TIMESTAMP '2018-11-20 17:51:17.198', 'QHYcmNPq Lorem ipsum dolor sit amet, consectetur adipiscing elit, sed do eiusmod tempor incididunt ut labore et dolore magna aliqua. Ut enim ad minim veniam, quis nostrud exercitation ullam', TIMESTAMP '2018-11-27 17:51:17.197', 1, 'Proposal 11 that reached its quorum', 26, 3, NULL),
(159, TIMESTAMP '2018-11-22 17:51:17.214', TIMESTAMP '2018-11-23 17:51:17.214', 'jTXb05bQ Lorem ipsum dolor sit amet, consectetur adipiscing elit, sed do eiusmod tempor incididunt ut labore et dolore magna aliqua. Ut enim ad minim veniam, quis nostrud exercitation ullamco laboris nisi ut aliquip ex ea commodo consequat. Duis aute irure dolor in reprehenderit in voluptat', TIMESTAMP '2018-11-27 17:51:17.212', 1, 'Proposal 12 that reached its quorum', 29, 1, NULL),
(160, TIMESTAMP '2018-11-19 17:51:17.231', TIMESTAMP '2018-11-20 17:51:17.231', 'FZZYg1Lh Lorem ipsum dolor sit amet, consectetur adipiscing elit, sed do eiusmod tempor incididunt ut labore et dolore magna aliqua. Ut enim ad minim veniam, quis nostrud ex', TIMESTAMP '2018-11-27 17:51:17.23', 1, 'Proposal 13 that reached its quorum', 24, 10, NULL),
(161, TIMESTAMP '2018-11-22 17:51:17.266', TIMESTAMP '2018-11-23 17:51:17.266', 'nLxHVzsE Lorem ipsum dolor sit amet, consectetur adipiscing elit, ', TIMESTAMP '2018-11-27 17:51:17.263', 1, 'Proposal 14 that reached its quorum', 25, 15, NULL),
(162, TIMESTAMP '2018-11-22 17:51:17.286', TIMESTAMP '2018-11-23 17:51:17.286', 'ug97ir7M Lorem ipsum dolor sit amet, consectetur adipiscing elit, sed do eiusmod tempor incididunt ut labore et dolore magna aliqua. Ut enim ad minim veniam, quis nostrud exercitation ullamco laboris nisi ut aliquip ex ea commodo consequat. Duis aute irure dolor in reprehenderit in voluptate velit esse cillum dolore eu fugiat nulla pariatur. Excepteur sint occaecat cupid', TIMESTAMP '2018-11-27 17:51:17.284', 1, 'Proposal 15 that reached its quorum', 25, 12, NULL);  
INSERT INTO PUBLIC.LAWS(ID, CREATED_AT, UPDATED_AT, DESCRIPTION, REACHED_QUORUM_AT, STATUS, TITLE, AREA_ID, CREATED_BY_ID, POLL_ID) VALUES
(163, TIMESTAMP '2018-11-21 17:51:17.316', TIMESTAMP '2018-11-22 17:51:17.316', 'suGAILzf Lorem ipsum dolor sit amet, consectetur adipiscing elit, sed do eiusmo', TIMESTAMP '2018-11-27 17:51:17.311', 1, 'Proposal 16 that reached its quorum', 26, 5, NULL),
(164, TIMESTAMP '2018-11-19 17:51:17.333', TIMESTAMP '2018-11-20 17:51:17.333', 'x5WPpIZj Lorem ipsum dolor sit amet, consectetur adipiscing elit, sed do eiusmod tempor incididunt ut labore et dolore magna aliqua. Ut enim ad minim veniam, quis nostrud exercitation ullamco laboris nisi ut aliquip ex ea commodo consequat. Duis aute irure dolor in reprehenderit in voluptate velit esse cillum dolore ', TIMESTAMP '2018-11-27 17:51:17.331', 1, 'Proposal 17 that reached its quorum', 26, 7, NULL),
(165, TIMESTAMP '2018-11-18 17:51:17.35', TIMESTAMP '2018-11-19 17:51:17.35', 'K6fmLzqX Lorem ipsum dolor sit amet, consectetur adipiscing elit, sed do eiusmod tempor incididunt ut labore et dolore magna aliqua. Ut enim ad minim veniam, quis nostrud exercitation ullamco laboris nisi ut aliquip ex ea commodo consequat. Duis au', TIMESTAMP '2018-11-27 17:51:17.347', 1, 'Proposal 18 that reached its quorum', 25, 8, NULL),
(166, TIMESTAMP '2018-11-27 17:51:17.366', TIMESTAMP '2018-11-27 17:51:17.367', '3yUvbvpR Lorem ipsum dolor sit amet, consectetur adipiscing elit, sed do eiusmod tempor incid', TIMESTAMP '2018-11-27 17:51:17.365', 1, 'Proposal 19 that reached its quorum', 25, 16, NULL),
(167, TIMESTAMP '2018-11-19 17:51:17.384', TIMESTAMP '2018-11-20 17:51:17.384', 'Z1cU6Uxu Lorem ipsum dolor sit amet, consectetur adipiscing elit, sed do eiusmod tempor incididunt ut labore et dolore magna aliqua. Ut enim ad minim veniam, quis nostrud exercitation ullamco laboris nisi ut aliquip ex ea commodo consequat. Duis aute irure dolor in reprehenderit in voluptate velit esse cillum dolore eu fugiat nulla pariatur. E', TIMESTAMP '2018-11-27 17:51:17.383', 1, 'Proposal 20 that reached its quorum', 22, 8, NULL),
(168, TIMESTAMP '2018-11-21 17:51:17.402', TIMESTAMP '2018-11-22 17:51:17.402', 'B7IsmnLM Lorem ipsum dolor sit amet, consectetur adipiscing elit, sed do eiusmod tempor incididunt ut labore et dolore magna aliqua. Ut enim ad minim veniam, quis nostrud exercita', TIMESTAMP '2018-11-27 17:51:17.4', 1, 'Proposal 21 that reached its quorum', 26, 2, NULL),
(169, TIMESTAMP '2018-11-23 17:51:17.419', TIMESTAMP '2018-11-24 17:51:17.419', 'qpGDv4ar Lorem ipsum dolor sit amet, consectetur adipiscing elit, sed do eiusmod tempor incididunt ut labore et dolore magna aliqua. U', TIMESTAMP '2018-11-27 17:51:17.417', 1, 'Proposal 22 that reached its quorum', 27, 18, NULL),
(170, TIMESTAMP '2018-11-23 17:51:17.435', TIMESTAMP '2018-11-24 17:51:17.435', 'khMQzaHA Lorem ipsum dolor sit amet, consectetur adipiscing elit, sed do eiusmod tempor incididunt ut labore et dolore magna aliqua. Ut enim ad minim veniam, quis nostrud exercitation ullamco laboris n', TIMESTAMP '2018-11-27 17:51:17.433', 1, 'Proposal 23 that reached its quorum', 24, 19, NULL),
(171, TIMESTAMP '2018-11-24 17:51:17.45', TIMESTAMP '2018-11-25 17:51:17.45', 'uUXaVWls Lorem ipsum dolor sit amet, consectetur adipiscing ', TIMESTAMP '2018-11-27 17:51:17.447', 1, 'Proposal 24 that reached its quorum', 27, 7, NULL),
(172, TIMESTAMP '2018-11-26 17:51:17.482', TIMESTAMP '2018-11-27 17:51:17.482', 'GlCN2gon Lorem ipsum dolor sit amet, consectetur adipiscing elit, sed do eiusmod tempor incididunt ut labore et dolore magna aliqua. Ut enim ad minim veniam, qui', TIMESTAMP '2018-11-27 17:51:17.48', 1, 'Proposal 25 that reached its quorum', 28, 4, NULL),
(173, TIMESTAMP '2018-11-22 17:51:17.517', TIMESTAMP '2018-11-23 17:51:17.517', 'A36R0cJD Lorem ipsum dolor sit amet, consectetur adipiscing elit, sed do eiusmod tempor incididunt ut labore et dolore magna aliqua. Ut enim ad minim veniam, quis nostrud exercitation ullamco labor', TIMESTAMP '2018-11-27 17:51:17.515', 1, 'Proposal 26 that reached its quorum', 26, 2, NULL),
(174, TIMESTAMP '2018-11-22 17:51:17.534', TIMESTAMP '2018-11-23 17:51:17.534', '8wVNjiJI Lorem ipsum dolor sit amet, consectetur adipiscin', TIMESTAMP '2018-11-27 17:51:17.532', 1, 'Proposal 27 that reached its quorum', 22, 4, NULL);       
INSERT INTO PUBLIC.LAWS(ID, CREATED_AT, UPDATED_AT, DESCRIPTION, REACHED_QUORUM_AT, STATUS, TITLE, AREA_ID, CREATED_BY_ID, POLL_ID) VALUES
(175, TIMESTAMP '2018-11-23 17:51:17.553', TIMESTAMP '2018-11-24 17:51:17.553', 'CsCCC5MS Lorem ipsum dolor sit amet, consectetur adipiscing elit, sed do eiusmod tempor incididunt ut labore et dolore magna aliqu', TIMESTAMP '2018-11-27 17:51:17.551', 1, 'Proposal 28 that reached its quorum', 28, 18, NULL),
(176, TIMESTAMP '2018-11-20 17:51:17.571', TIMESTAMP '2018-11-21 17:51:17.571', 'OpoJNHKW Lorem ipsum dolor sit amet, consectetur adipiscin', TIMESTAMP '2018-11-27 17:51:17.569', 1, 'Proposal 29 that reached its quorum', 24, 16, NULL),
(177, TIMESTAMP '2018-11-24 17:51:17.587', TIMESTAMP '2018-11-25 17:51:17.587', 'dsuJQLHi Lorem ipsum dolor sit amet, consectetur adipiscing elit, sed do eiusmod tempor incididunt ut labore et dolore magna aliqua. Ut enim ad minim veniam, quis nostrud exercitation ullamco laboris nisi ut aliquip ex ea com', TIMESTAMP '2018-11-27 17:51:17.584', 1, 'Proposal 30 that reached its quorum', 25, 13, NULL),
(178, TIMESTAMP '2018-11-23 17:51:17.602', TIMESTAMP '2018-11-24 17:51:17.602', 'o9qalgZA Lorem ipsum dolor sit amet, consectetur adipiscing elit, sed do eiusmod tempor incididunt ut labore et dolore magna aliqua. Ut enim ad minim veniam, quis nostrud exercitation ullamco lab', TIMESTAMP '2018-11-27 17:51:17.6', 1, 'Proposal 31 that reached its quorum', 25, 18, NULL),
(179, TIMESTAMP '2018-11-21 17:51:17.622', TIMESTAMP '2018-11-22 17:51:17.622', '1dRsnfT7 Lorem ipsum dolor sit amet, consectetur adipiscing elit, sed do eiusmod tempor incididunt ut labore et dolore magna aliqua. Ut enim ad minim ', TIMESTAMP '2018-11-27 17:51:17.62', 1, 'Proposal 32 that reached its quorum', 23, 18, NULL),
(180, TIMESTAMP '2018-11-27 17:51:17.636', TIMESTAMP '2018-11-27 17:51:17.636', 'ooKo9BvH Lorem ipsum dolor sit amet, consectetur adipiscing elit, sed do eiusmod tempor incididunt ut labore et dolore magna aliqua. Ut enim ad minim veniam, quis nostrud exercitation ullamco laboris nisi ut aliquip ex ea commodo consequat. Duis aute irure dolor in reprehenderit in voluptate velit esse cillum dolore eu fugiat nulla pariatur. Excepteur sint occaecat cupidatat non pr', TIMESTAMP '2018-11-27 17:51:17.634', 1, 'Proposal 33 that reached its quorum', 28, 10, NULL),
(181, TIMESTAMP '2018-11-25 17:51:17.652', TIMESTAMP '2018-11-26 17:51:17.652', 'ClnW3RjG Lorem ipsu', TIMESTAMP '2018-11-27 17:51:17.65', 1, 'Proposal 34 that reached its quorum', 25, 4, NULL),
(182, TIMESTAMP '2018-11-24 17:51:17.666', TIMESTAMP '2018-11-25 17:51:17.666', 'yxHf7ncv Lorem ipsum dolor sit amet, consectetur adipiscing elit, sed do eiusmod tempor incididunt ut labore et dolore magna aliqua. Ut enim ad minim veniam, quis nos', TIMESTAMP '2018-11-27 17:51:17.665', 1, 'Proposal 35 that reached its quorum', 29, 17, NULL),
(183, TIMESTAMP '2018-11-21 17:51:17.678', TIMESTAMP '2018-11-22 17:51:17.678', '2XQThBK9 Lorem ipsum dolor sit amet, consectetur adipiscing elit, sed do eiusmod tempor incididunt ut labore et dolore magna aliqua. Ut enim ad minim veniam, quis nostrud exercit', TIMESTAMP '2018-11-27 17:51:17.676', 1, 'Proposal 36 that reached its quorum', 25, 12, NULL),
(184, TIMESTAMP '2018-11-22 17:51:17.692', TIMESTAMP '2018-11-23 17:51:17.692', '6W2olmIG Lorem ipsum dolor sit amet, consectetur adipi', TIMESTAMP '2018-11-27 17:51:17.691', 1, 'Proposal 37 that reached its quorum', 24, 5, NULL),
(185, TIMESTAMP '2018-11-23 17:51:17.717', TIMESTAMP '2018-11-24 17:51:17.717', 'l2hk9Lc9 Lorem ipsum dolor sit amet, consectetur adipiscing elit, sed do eiusmod tempor incididunt ut labore et dolore magna aliqua. Ut enim ad minim veniam, quis nostrud exercitation ullamco laboris nisi ut aliquip ex ea commodo consequat. Duis aute irure dolor in reprehenderit in voluptate ve', TIMESTAMP '2018-11-27 17:51:17.715', 1, 'Proposal 38 that reached its quorum', 30, 15, NULL),
(186, TIMESTAMP '2018-11-26 17:51:17.732', TIMESTAMP '2018-11-27 17:51:17.732', 'JKs10Pvf Lorem ipsum dolor sit amet, consectetur adipiscing elit, sed do eiusmod tempor incididunt ut labore et dolore magna aliqua. Ut enim ad minim veniam, quis nostrud exercitation ullamco laboris', TIMESTAMP '2018-11-27 17:51:17.73', 1, 'Proposal 39 that reached its quorum', 27, 19, NULL);  
INSERT INTO PUBLIC.LAWS(ID, CREATED_AT, UPDATED_AT, DESCRIPTION, REACHED_QUORUM_AT, STATUS, TITLE, AREA_ID, CREATED_BY_ID, POLL_ID) VALUES
(187, TIMESTAMP '2018-11-19 17:51:17.748', TIMESTAMP '2018-11-20 17:51:17.749', 'E6C6EDrf Lorem ipsum dolor sit amet, consectetur adipiscing elit, sed do eiusmod tempor incididunt ut labore et dolore magna aliqua. Ut enim ad minim veniam, quis nostrud exercitation ullamco laboris nisi ut aliquip ex ea co', TIMESTAMP '2018-11-27 17:51:17.746', 1, 'Proposal 40 that reached its quorum', 22, 19, NULL),
(188, TIMESTAMP '2018-11-24 17:51:17.762', TIMESTAMP '2018-11-25 17:51:17.762', 'SoksEZ9Z Lorem ipsum dolor sit', TIMESTAMP '2018-11-27 17:51:17.761', 1, 'Proposal 41 that reached its quorum', 30, 8, NULL),
(189, TIMESTAMP '2018-11-22 17:51:17.778', TIMESTAMP '2018-11-23 17:51:17.778', 'XvglcY3h Lorem ipsum d', TIMESTAMP '2018-11-27 17:51:17.776', 1, 'Proposal 42 that reached its quorum', 27, 15, NULL),
(190, TIMESTAMP '2018-11-23 17:51:17.792', TIMESTAMP '2018-11-24 17:51:17.792', 'QCRyQCks Lorem ipsum dolor sit amet, consectetur adipiscing elit, sed do eiusmod tempor incididunt ut labore et dolore magna aliqua. Ut enim ad minim veniam, quis nostrud exercitation ullamco laboris nisi ut aliquip ex ea commodo consequat. Duis aute irure dolor ', TIMESTAMP '2018-11-27 17:51:17.791', 1, 'Proposal 43 that reached its quorum', 26, 8, NULL),
(191, TIMESTAMP '2018-11-21 17:51:17.81', TIMESTAMP '2018-11-22 17:51:17.81', 'cHiQLwCI Lorem ipsum dolor sit amet, consect', TIMESTAMP '2018-11-27 17:51:17.804', 1, 'Proposal 44 that reached its quorum', 23, 5, NULL),
(192, TIMESTAMP '2018-11-23 17:51:17.829', TIMESTAMP '2018-11-24 17:51:17.829', 'EW0C0sAN Lorem ipsum dolor sit amet, consectetur adipiscing elit, sed do eiusmod tempor incididunt ut labore et dolore magna aliqua. Ut enim ad minim veniam, quis nostrud exercitation ul', TIMESTAMP '2018-11-27 17:51:17.828', 1, 'Proposal 45 that reached its quorum', 28, 17, NULL),
(193, TIMESTAMP '2018-11-27 17:51:17.844', TIMESTAMP '2018-11-27 17:51:17.844', 'uHVjZQ0o Lorem ipsum dolor sit amet, consectetur adipiscing elit, sed do eiusmod tempor incididunt ut labore et dolore magna aliqua. Ut enim ad minim veniam, quis nostrud exercitation ullamco laboris nisi ut aliquip ex ea commodo consequat. Duis aute irure dolor in reprehenderit in voluptate velit esse cillum dolor', TIMESTAMP '2018-11-27 17:51:17.843', 1, 'Proposal 46 that reached its quorum', 23, 19, NULL),
(194, TIMESTAMP '2018-11-20 17:51:17.861', TIMESTAMP '2018-11-21 17:51:17.861', 'mT8aunff Lorem ipsum dolor sit amet, consectetur adipiscing elit, sed do eiusmod tempor incididunt ut labore et dolore magna aliqua. Ut enim ad minim veniam, quis nostrud exercitation ullamco laboris nisi ut aliquip ex ea commodo con', TIMESTAMP '2018-11-27 17:51:17.859', 1, 'Proposal 47 that reached its quorum', 25, 18, NULL),
(195, TIMESTAMP '2018-11-27 17:51:17.875', TIMESTAMP '2018-11-27 17:51:17.875', 'C9AN3bLK Lorem ipsum dolor sit amet, consectetur adipiscing elit, sed do eiusmod tempor incididunt ut labore et dolore magna aliqua. Ut enim ad minim veniam, quis nostrud exercitation ullamco', TIMESTAMP '2018-11-27 17:51:17.873', 1, 'Proposal 48 that reached its quorum', 28, 2, NULL),
(196, TIMESTAMP '2018-11-25 17:51:17.897', TIMESTAMP '2018-11-26 17:51:17.897', 'BY9kI0kw Lorem ipsum dolor sit amet, consectetur adipiscing elit, sed do eiusmod tempor incididunt ut labore et dolore magna aliqua. Ut enim ad minim veniam, quis nostrud exercitation ullamco laboris nisi ut aliquip ex ea commodo consequat. Duis aute irure dolor in reprehenderit in voluptate velit esse cillum dolore eu fugiat nulla pariatur. Excepteur sint occaeca', TIMESTAMP '2018-11-27 17:51:17.895', 1, 'Proposal 49 that reached its quorum', 23, 13, NULL),
(197, TIMESTAMP '2018-11-26 17:51:17.909', TIMESTAMP '2018-11-27 17:51:17.909', 'Lorem ipsum dolor sit amet, consectetur adipiscing elit, sed do eiusmod tempor incididunt ut labore et dol', TIMESTAMP '2018-11-27 17:51:17.907', 1, 'Proposal 0 for user testuser1@liquido.de', 29, 1, NULL),
(198, TIMESTAMP '2018-11-27 17:51:17.932', TIMESTAMP '2018-11-27 17:51:17.932', 'Lorem ipsum dolor sit amet, consectetur adipiscing elit, sed do eiusmod tempor incididunt ut labore et dolore magna aliqua. Ut enim ad minim veniam, quis nostrud exercitation ullamco laboris nisi ut aliquip ex ea commodo consequat. Duis aute irure dolor in reprehenderit in voluptate velit ess', TIMESTAMP '2018-11-27 17:51:17.929', 1, 'Proposal 1 for user testuser1@liquido.de', 29, 1, NULL);            
INSERT INTO PUBLIC.LAWS(ID, CREATED_AT, UPDATED_AT, DESCRIPTION, REACHED_QUORUM_AT, STATUS, TITLE, AREA_ID, CREATED_BY_ID, POLL_ID) VALUES
(199, TIMESTAMP '2018-11-22 17:51:17.959', TIMESTAMP '2018-11-23 17:51:17.959', 'Lorem ipsum dolor sit amet, consectetur adipiscing elit, sed do eiusmod tempor incididunt ut labore et dolore magna aliqua. Ut enim ad minim veniam, quis nostrud exercitation ullamco laboris nisi ut aliquip ex ea commodo consequat. Duis aute irure dolor in reprehenderit in voluptate velit esse cillum dolore eu fugiat nulla pariatur. Excepteur sint occaecat cup', TIMESTAMP '2018-11-27 17:51:17.957', 1, 'Proposal 2 for user testuser1@liquido.de', 27, 1, NULL),
(200, TIMESTAMP '2018-11-18 17:51:17.977', TIMESTAMP '2018-11-19 17:51:17.977', 'Lorem ipsum dolor sit amet, consectetur adipiscing elit, sed do eiusmod tempor incididunt ut labore et dolore magna aliqua. Ut enim ad minim veniam, quis nostrud exercitation ullamco laboris nisi ut aliquip ex ea commodo consequat. Duis aute irure dolor in reprehenderit in voluptate velit esse cillum dolore', TIMESTAMP '2018-11-27 17:51:17.976', 1, 'Proposal 3 for user testuser1@liquido.de', 21, 1, NULL),
(201, TIMESTAMP '2018-11-21 17:51:17.991', TIMESTAMP '2018-11-22 17:51:17.991', 'Lorem ipsum dolor sit amet, consectetur adipiscing elit, sed do eiusmod tempor incididunt ut labore et dolore magna aliqua. Ut ', TIMESTAMP '2018-11-27 17:51:17.989', 1, 'Proposal 4 for user testuser1@liquido.de', 27, 1, NULL),
(202, TIMESTAMP '2018-11-17 17:51:18.009', TIMESTAMP '2018-11-27 17:51:18.056', 'Lorem ipsum dolor sit amet, consectetur adipiscing elit, sed do eiusmod tempor incididunt ut labore et dolore magna aliqua. Ut enim ad minim veniam, quis nostrud exercitation ullamco laboris nisi ut aliquip ex ea commodo consequat. Duis aute irure dolor in reprehenderit in voluptate velit esse cillum dolore eu fugiat nulla pariatur. Excepteur sint occaecat cupidatat non p', TIMESTAMP '2018-11-27 17:51:18.007', 2, 'Initial Proposal in a poll that is in elaboration 1543337477991', 21, 13, 209),
(210, TIMESTAMP '2018-11-07 17:51:18.072', TIMESTAMP '2018-11-27 17:51:18.094', 'Lorem ipsum dolor sit amet, consectetur adipiscing elit, sed do eiusmod tempor incididunt ut labore et dolore magna aliqua. Ut enim ad minim veniam, quis nostrud exercitation ullamco laboris nisi ut aliquip ex ea ', TIMESTAMP '2018-11-27 17:51:18.071', 2, 'Alternative Proposal1 in a poll that is in elaboration1543337478057', 21, 15, 209),
(217, TIMESTAMP '2018-11-07 17:51:18.114', TIMESTAMP '2018-11-27 17:51:18.143', 'Lorem ipsum dolor sit amet, consectetur adipiscing elit, sed do eiusmod tempor incididunt ut labore et dolore magna aliqua. Ut enim ad minim veniam, quis nostrud exercitation ullamco laboris nisi ut aliquip ex ea commodo consequat. Duis aute irure dolor in reprehenderit in voluptate velit esse cillum dolore eu fugiat nulla pariatur. Excepteur sint occaecat cupidatat non proident, sunt in', TIMESTAMP '2018-11-27 17:51:18.112', 2, 'Alternative Proposal2 in a poll that is in elaboration1543337478095', 21, 7, 209),
(224, TIMESTAMP '2018-11-07 17:51:18.16', TIMESTAMP '2018-11-27 17:51:18.188', 'Lorem ipsum dolor sit amet, consectetur adipiscing elit, sed do eiusmod tempor incididunt ut labore et dolore magna aliqua. Ut enim ad minim veniam, quis nostrud exercitation ullamco laboris nisi ut aliquip ', TIMESTAMP '2018-11-27 17:51:18.159', 2, 'Alternative Proposal3 in a poll that is in elaboration1543337478144', 21, 3, 209),
(231, TIMESTAMP '2018-11-07 17:51:18.211', TIMESTAMP '2018-11-27 17:51:18.249', 'Lorem ipsum dolor sit amet, consectetur adipiscing elit, sed do eiusmod tempor incididunt ut labore et dolore magna aliqua. Ut enim ad minim veniam, quis nostrud exercitation ullamco laboris nisi ut aliquip ex ea commodo consequat. Duis aute irure dolor in reprehende', TIMESTAMP '2018-11-27 17:51:18.207', 2, 'Alternative Proposal4 in a poll that is in elaboration1543337478188', 21, 5, 209),
(238, TIMESTAMP '2018-11-17 17:51:18.268', TIMESTAMP '2018-11-27 17:51:18.618', 'Lorem ipsum dolor sit amet, consectetur adipiscing elit, sed do eiusmod tempor incididunt ut labore et dolore magna aliqua. Ut enim ad minim veniam, quis nostrud exercitation ullamco laboris nisi ut aliquip ex ea commodo consequat. Duis aute irure dolor in reprehenderit in voluptate velit esse cillum ', TIMESTAMP '2018-11-27 17:51:18.266', 3, 'Proposal 5 in voting phase 1543337478504', 21, 13, 245);
INSERT INTO PUBLIC.LAWS(ID, CREATED_AT, UPDATED_AT, DESCRIPTION, REACHED_QUORUM_AT, STATUS, TITLE, AREA_ID, CREATED_BY_ID, POLL_ID) VALUES
(246, TIMESTAMP '2018-11-07 17:51:18.314', TIMESTAMP '2018-11-27 17:51:18.619', 'Lorem ipsum dolor sit amet, consectetur adipiscing elit, sed do eiusmod tempor incididunt ut labore et dolore magna aliqua. Ut enim ad minim veniam, quis nostrud exercitation ullamco laboris nisi ut aliq', TIMESTAMP '2018-11-27 17:51:18.312', 3, 'Proposal 4 in voting phase 1543337478504', 21, 15, 245),
(253, TIMESTAMP '2018-11-07 17:51:18.374', TIMESTAMP '2018-11-27 17:51:18.62', 'Lorem ipsum dolor sit amet, consectetur adipiscing elit, sed do eiusmod tempor incididunt ut labore et dolore magna aliqua. Ut enim ad', TIMESTAMP '2018-11-27 17:51:18.371', 3, 'Proposal 3 in voting phase 1543337478504', 21, 7, 245),
(260, TIMESTAMP '2018-11-07 17:51:18.422', TIMESTAMP '2018-11-27 17:51:18.62', 'Lorem ipsum dolor sit amet, consectetur adipiscing elit, sed do eiusmod tempor incididunt ut labore et dolore magna aliqua. Ut enim ad minim veniam, quis nostrud exercitation ullamco laboris nisi ut aliquip ex ea commodo consequat. Duis aute irure dolor in reprehenderit in voluptate velit esse cillum dolore eu fugiat nulla pariatur. Excepteur sint occaecat cupidatat non proident, sunt in cul', TIMESTAMP '2018-11-27 17:51:18.421', 3, 'Proposal 2 in voting phase 1543337478504', 21, 3, 245),
(267, TIMESTAMP '2018-11-07 17:51:18.47', TIMESTAMP '2018-11-27 17:51:18.62', 'Lorem ipsum dolor sit amet, consectetur adipiscing elit, sed do eiusmod tempor incididunt ut labore et dolore magna aliqua. Ut enim ad minim veniam, quis nostrud exercitation ullamco laboris nisi ut aliquip ex ea commodo consequat. Duis aute irure dolor in reprehenderit in voluptate velit esse cillum dolore eu fugiat nulla pariatur. Excepteur sint', TIMESTAMP '2018-11-27 17:51:18.468', 3, 'Proposal 1 in voting phase 1543337478504', 21, 5, 245),
(274, TIMESTAMP '2018-11-17 17:51:18.641', TIMESTAMP '2018-11-27 17:51:19.029', 'Lorem ipsum dolor sit amet, consectetur adipiscing elit, sed do eiusmod tempor incididunt ut labore et dolore magna aliqua. Ut enim ad minim veniam, quis nostrud exercitation ullamco laboris nisi ut aliquip ex ea commodo consequat. Duis aute irure dolor in reprehenderit in voluptate velit esse cillum dolore eu fugiat nulla ', TIMESTAMP '2018-11-27 17:51:18.639', 4, 'Proposal 5 in voting phase 1543337478866', 21, 13, 281),
(282, TIMESTAMP '2018-11-07 17:51:18.68', TIMESTAMP '2018-11-27 17:51:19.031', 'Lorem ipsum dolor sit amet, consectetur adipiscing elit, sed do eiusmod tempor incididunt ut labore et dolore magna aliqua. Ut enim ad minim veniam, quis nostrud exercitation ullamco laboris nisi ut aliquip ex ea commodo consequat. Duis aute irure dolor in reprehenderit in v', TIMESTAMP '2018-11-27 17:51:18.678', 5, 'Proposal 4 in voting phase 1543337478866', 21, 15, 281),
(289, TIMESTAMP '2018-11-07 17:51:18.717', TIMESTAMP '2018-11-27 17:51:19.031', 'Lorem ipsum dolor sit amet, consectetur adipiscing elit, sed do eiusmod tempor incididunt ut labore et dolore magna aliqua. Ut enim ad minim ', TIMESTAMP '2018-11-27 17:51:18.715', 5, 'Proposal 3 in voting phase 1543337478866', 21, 7, 281),
(296, TIMESTAMP '2018-11-07 17:51:18.784', TIMESTAMP '2018-11-27 17:51:19.031', 'Lorem ipsum dolor sit amet, consectetur adipiscing elit, sed do eiusmod tempor incididunt ut labore et dolore magna aliqua. Ut enim ad minim veniam, quis nostrud exercitation ullamco laboris nisi ut aliq', TIMESTAMP '2018-11-27 17:51:18.783', 5, 'Proposal 2 in voting phase 1543337478866', 21, 3, 281),
(303, TIMESTAMP '2018-11-07 17:51:18.829', TIMESTAMP '2018-11-27 17:51:19.031', 'Lorem ipsum dolor sit amet, consectetur adipiscing elit, sed do eiusmod tempor incididunt ut labore et dolore magna aliqua. Ut enim ad min', TIMESTAMP '2018-11-27 17:51:18.827', 5, 'Proposal 1 in voting phase 1543337478866', 21, 5, 281),
(310, TIMESTAMP '2018-11-07 17:51:19.059', TIMESTAMP '2018-11-27 17:51:19.059', 'Lorem ipsum dolor sit amet, consectetur adipiscing elit, sed do eiusmod tempor incididunt ut labore et dolore magna aliqua. Ut enim ad minim veniam, quis no', TIMESTAMP '2018-11-03 17:51:19.055', 4, 'Law 0', 21, 1, NULL);              
INSERT INTO PUBLIC.LAWS(ID, CREATED_AT, UPDATED_AT, DESCRIPTION, REACHED_QUORUM_AT, STATUS, TITLE, AREA_ID, CREATED_BY_ID, POLL_ID) VALUES
(311, TIMESTAMP '2018-11-06 17:51:19.083', TIMESTAMP '2018-11-27 17:51:19.082', 'Lorem ipsum dolor sit amet, consectetur adipiscing elit, sed do eiusmod tempor incididunt ut labore et dolore magna aliqua. Ut enim ad minim veniam, quis nostrud exercitation ullamco laboris nisi ut aliquip ex ea commodo consequat. Duis aute irure dolor in reprehenderit in voluptate velit esse cillum d', TIMESTAMP '2018-11-03 17:51:19.08', 4, 'Law 1', 21, 1, NULL);  
CREATE MEMORY TABLE PUBLIC.LAWS_COMMENTS(
    LAW_MODEL_ID BIGINT NOT NULL,
    COMMENTS_ID BIGINT NOT NULL
);             
ALTER TABLE PUBLIC.LAWS_COMMENTS ADD CONSTRAINT PUBLIC.CONSTRAINT_A0 PRIMARY KEY(LAW_MODEL_ID, COMMENTS_ID);  
-- 15 +/- SELECT COUNT(*) FROM PUBLIC.LAWS_COMMENTS;          
INSERT INTO PUBLIC.LAWS_COMMENTS(LAW_MODEL_ID, COMMENTS_ID) VALUES
(202, 203),
(210, 211),
(217, 218),
(224, 225),
(231, 232),
(238, 239),
(246, 247),
(253, 254),
(260, 261),
(267, 268),
(274, 275),
(282, 283),
(289, 290),
(296, 297),
(303, 304);         
CREATE MEMORY TABLE PUBLIC.LAWS_SUPPORTERS(
    LAW_MODEL_ID BIGINT NOT NULL,
    SUPPORTERS_ID BIGINT NOT NULL
);         
ALTER TABLE PUBLIC.LAWS_SUPPORTERS ADD CONSTRAINT PUBLIC.CONSTRAINT_C PRIMARY KEY(LAW_MODEL_ID, SUPPORTERS_ID);               
-- 1203 +/- SELECT COUNT(*) FROM PUBLIC.LAWS_SUPPORTERS;      
INSERT INTO PUBLIC.LAWS_SUPPORTERS(LAW_MODEL_ID, SUPPORTERS_ID) VALUES
(36, 8),
(36, 2),
(36, 9),
(36, 10),
(36, 13),
(36, 4),
(36, 17),
(37, 17),
(37, 19),
(37, 13),
(37, 5),
(38, 18),
(38, 13),
(38, 15),
(38, 12),
(38, 3),
(38, 20),
(38, 19),
(38, 8),
(39, 8),
(39, 15),
(39, 7),
(39, 9),
(39, 10),
(39, 17),
(39, 1),
(40, 17),
(40, 9),
(40, 13),
(40, 20),
(40, 6),
(42, 17),
(42, 16),
(42, 13),
(42, 8),
(43, 14),
(43, 13),
(43, 17),
(43, 4),
(43, 5),
(43, 12),
(43, 15),
(44, 2),
(44, 7),
(44, 14),
(44, 5),
(44, 17),
(44, 1),
(44, 9),
(44, 18),
(45, 1),
(45, 4),
(47, 2),
(47, 18),
(47, 4),
(47, 7),
(47, 6),
(48, 19),
(48, 10),
(49, 10),
(49, 15),
(49, 13),
(49, 12),
(49, 5),
(50, 10),
(51, 7),
(51, 2),
(51, 14),
(51, 3),
(51, 16),
(51, 20),
(52, 14),
(52, 1),
(52, 3),
(52, 9),
(52, 13),
(52, 10),
(52, 20),
(52, 11),
(54, 12),
(54, 3),
(54, 7),
(54, 2),
(54, 10),
(55, 4),
(55, 20),
(55, 12),
(55, 19),
(55, 7),
(56, 10),
(56, 8),
(56, 20),
(56, 3),
(56, 5),
(56, 17),
(56, 1),
(56, 15),
(57, 16),
(57, 17),
(57, 6),
(58, 14),
(58, 11),
(58, 3),
(58, 9),
(58, 17),
(58, 19),
(59, 10),
(59, 17),
(59, 8),
(59, 19),
(59, 5),
(59, 18),
(60, 2),
(62, 11),
(62, 17),
(62, 10),
(63, 13),
(63, 1),
(63, 18),
(63, 14),
(63, 10),
(63, 17),
(64, 2),
(64, 5),
(64, 6),
(64, 1),
(64, 9),
(64, 10),
(64, 7),
(66, 17),
(68, 5),
(68, 3),
(68, 9),
(68, 15),
(69, 10),
(69, 2),
(69, 19),
(69, 9),
(69, 3),
(69, 18),
(69, 7),
(69, 4),
(70, 8),
(70, 17),
(70, 12),
(70, 3),
(70, 14),
(71, 14),
(71, 12),
(71, 19),
(71, 13),
(71, 1),
(72, 18),
(73, 6),
(75, 1),
(75, 2),
(76, 5),
(76, 2),
(76, 6),
(76, 11),
(76, 20),
(77, 4),
(77, 12),
(77, 3),
(77, 20),
(77, 16),
(77, 14),
(77, 11),
(77, 8),
(78, 2),
(78, 13),
(78, 8),
(78, 5),
(78, 11),
(78, 9),
(79, 17),
(79, 18),
(79, 14),
(79, 1),
(79, 3),
(79, 19),
(80, 15),
(80, 20),
(80, 2),
(80, 7),
(81, 15),
(81, 9),
(82, 11),
(82, 7),
(82, 3),
(83, 17),
(83, 6),
(83, 14),
(83, 2),
(83, 4),
(83, 12),
(83, 18),
(83, 11),
(84, 6),
(84, 12),
(84, 7),
(84, 18),
(85, 3),
(85, 11),
(85, 16),
(86, 19),
(86, 8),
(86, 14),
(86, 17),
(86, 20),
(86, 2),
(86, 4),
(86, 9),
(87, 7),
(88, 19),
(88, 20),
(88, 18),
(88, 14),
(88, 5),
(88, 17),
(88, 8),
(89, 8),
(89, 1),
(89, 6),
(89, 13),
(91, 1),
(91, 9),
(91, 3),
(91, 6),
(91, 19),
(92, 10),
(93, 18),
(93, 20),
(93, 8),
(93, 2),
(93, 6),
(93, 13),
(93, 4),
(93, 10),
(94, 20),
(94, 11),
(94, 6),
(94, 2),
(94, 17),
(94, 16),
(94, 12),
(95, 2),
(96, 3),
(96, 7),
(96, 15),
(96, 14),
(98, 7),
(98, 8),
(98, 19),
(98, 6),
(98, 11),
(98, 12),
(98, 15),
(99, 19),
(99, 17),
(99, 10),
(99, 8),
(99, 6),
(99, 14),
(99, 13),
(99, 2),
(100, 8),
(100, 19),
(100, 17),
(100, 10),
(100, 2),
(101, 11),
(101, 16),
(101, 8),
(101, 4),
(101, 13),
(101, 12),
(102, 4),
(102, 12),
(102, 19),
(102, 6),
(103, 9),
(103, 18),
(103, 7),
(103, 15),
(103, 3),
(104, 7),
(104, 17),
(104, 12),
(105, 1),
(105, 18),
(105, 8),
(105, 11),
(105, 12),
(105, 3),
(107, 19),
(107, 13),
(107, 6),
(110, 13),
(110, 8),
(110, 19),
(113, 7),
(113, 6),
(113, 11),
(113, 17),
(113, 8),
(113, 14),
(113, 9),
(113, 2),
(114, 4),
(114, 6),
(114, 10),
(114, 5),
(115, 10),
(115, 13),
(115, 12),
(116, 14),
(116, 2),
(116, 16),
(116, 20),
(116, 12),
(116, 13),
(116, 3),
(116, 17),
(117, 3),
(117, 14),
(117, 4),
(118, 10),
(118, 5),
(118, 17),
(118, 3),
(118, 4),
(118, 2),
(118, 9),
(119, 8),
(119, 9),
(119, 4),
(119, 10),
(119, 7),
(119, 15),
(120, 19),
(120, 16),
(120, 3),
(120, 12),
(120, 11),
(120, 4),
(120, 1),
(120, 17),
(121, 12),
(121, 11),
(121, 1),
(121, 19),
(121, 6),
(121, 7),
(122, 16),
(122, 15),
(122, 4),
(122, 6),
(122, 2),
(122, 18),
(122, 10),
(122, 14),
(123, 8),
(123, 14),
(123, 13),
(123, 11),
(123, 4),
(123, 19),
(124, 5),
(124, 11),
(124, 15),
(124, 4),
(124, 9),
(124, 2),
(125, 15),
(126, 20),
(126, 12),
(126, 1),
(126, 15),
(126, 5),
(126, 2),
(126, 10),
(127, 11),
(127, 10),
(127, 7),
(127, 4),
(128, 17),
(128, 6),
(128, 7),
(128, 10),
(128, 13),
(128, 20),
(129, 6),
(129, 4),
(129, 16),
(129, 3),
(129, 14),
(129, 2),
(129, 15),
(130, 12),
(130, 1),
(130, 16),
(130, 20),
(131, 20),
(131, 2),
(131, 4),
(131, 19),
(131, 7);              
INSERT INTO PUBLIC.LAWS_SUPPORTERS(LAW_MODEL_ID, SUPPORTERS_ID) VALUES
(131, 1),
(131, 10),
(131, 8),
(132, 2),
(132, 16),
(132, 12),
(132, 11),
(132, 1),
(132, 13),
(133, 7),
(133, 14),
(133, 10),
(134, 19),
(134, 15),
(134, 20),
(134, 2),
(134, 11),
(134, 13),
(135, 19),
(135, 2),
(135, 1),
(135, 16),
(135, 18),
(135, 20),
(135, 14),
(136, 12),
(136, 7),
(136, 15),
(136, 4),
(136, 1),
(136, 6),
(136, 10),
(136, 3),
(137, 5),
(137, 1),
(137, 4),
(137, 20),
(137, 13),
(137, 11),
(138, 5),
(138, 1),
(139, 14),
(140, 14),
(140, 8),
(140, 9),
(141, 15),
(142, 11),
(142, 4),
(142, 18),
(142, 20),
(142, 9),
(142, 6),
(143, 10),
(143, 7),
(144, 4),
(145, 9),
(145, 10),
(146, 1),
(146, 18),
(146, 8),
(146, 3),
(146, 13),
(147, 16),
(147, 13),
(147, 9),
(147, 7),
(147, 12),
(147, 4),
(147, 1),
(147, 17),
(147, 18),
(147, 20),
(148, 11),
(148, 7),
(148, 13),
(148, 14),
(148, 1),
(148, 15),
(148, 2),
(148, 6),
(148, 16),
(148, 17),
(149, 1),
(149, 9),
(149, 19),
(149, 3),
(149, 4),
(149, 8),
(149, 15),
(149, 14),
(149, 10),
(149, 6),
(150, 10),
(150, 8),
(150, 1),
(150, 4),
(150, 12),
(150, 7),
(150, 3),
(150, 17),
(150, 18),
(150, 14),
(151, 3),
(151, 8),
(151, 20),
(151, 5),
(151, 10),
(151, 6),
(151, 16),
(151, 2),
(151, 11),
(151, 4),
(152, 14),
(152, 8),
(152, 1),
(152, 18),
(152, 19),
(152, 6),
(152, 10),
(152, 11),
(152, 15),
(152, 20),
(153, 8),
(153, 14),
(153, 3),
(153, 5),
(153, 2),
(153, 6),
(153, 10),
(153, 1),
(153, 12),
(153, 4),
(154, 4),
(154, 17),
(154, 20),
(154, 16),
(154, 14),
(154, 1),
(154, 9),
(154, 8),
(154, 10),
(154, 6),
(155, 14),
(155, 17),
(155, 7),
(155, 16),
(155, 5),
(155, 12),
(155, 18),
(155, 10),
(155, 2),
(155, 6),
(156, 2),
(156, 17),
(156, 12),
(156, 8),
(156, 6),
(156, 4),
(156, 14),
(156, 18),
(156, 7),
(156, 10),
(157, 7),
(157, 1),
(157, 13),
(157, 11),
(157, 15),
(157, 4),
(157, 12),
(157, 8),
(157, 3),
(157, 14),
(158, 14),
(158, 1),
(158, 15),
(158, 20),
(158, 7),
(158, 18),
(158, 12),
(158, 17),
(158, 4),
(158, 13),
(159, 6),
(159, 7),
(159, 20),
(159, 12),
(159, 14),
(159, 10),
(159, 3),
(159, 5),
(159, 17),
(159, 8),
(160, 15),
(160, 9),
(160, 7),
(160, 20),
(160, 11),
(160, 3),
(160, 18),
(160, 6),
(160, 5),
(160, 16),
(161, 19),
(161, 6),
(161, 16),
(161, 18),
(161, 5),
(161, 17),
(161, 12),
(161, 3),
(161, 13),
(161, 10),
(162, 9),
(162, 15),
(162, 5),
(162, 7),
(162, 3),
(162, 8),
(162, 20),
(162, 10),
(162, 1),
(162, 13),
(163, 1),
(163, 8),
(163, 4),
(163, 9),
(163, 6),
(163, 3),
(163, 2),
(163, 10),
(163, 19),
(163, 18),
(164, 11),
(164, 10),
(164, 14),
(164, 2),
(164, 16),
(164, 12),
(164, 17),
(164, 3),
(164, 8),
(164, 9),
(165, 6),
(165, 7),
(165, 9),
(165, 15),
(165, 5),
(165, 17),
(165, 18),
(165, 2),
(165, 14),
(165, 19),
(166, 1),
(166, 20),
(166, 14),
(166, 10),
(166, 6),
(166, 13),
(166, 11),
(166, 15),
(166, 3),
(166, 19),
(167, 12),
(167, 19),
(167, 15),
(167, 6),
(167, 10),
(167, 16),
(167, 2),
(167, 9),
(167, 14),
(167, 7),
(168, 8),
(168, 10),
(168, 19),
(168, 3),
(168, 13),
(168, 9),
(168, 5),
(168, 17),
(168, 11),
(168, 15),
(169, 14),
(169, 16),
(169, 20),
(169, 17),
(169, 2),
(169, 3),
(169, 8),
(169, 19),
(169, 11),
(169, 13),
(170, 18),
(170, 11),
(170, 8),
(170, 5),
(170, 4),
(170, 6),
(170, 2),
(170, 1),
(170, 17),
(170, 20),
(171, 13),
(171, 9),
(171, 16),
(171, 3),
(171, 15),
(171, 2),
(171, 11),
(171, 10),
(171, 18),
(171, 6),
(172, 20),
(172, 18),
(172, 6),
(172, 1),
(172, 2),
(172, 7),
(172, 3),
(172, 12),
(172, 13),
(172, 8),
(173, 14),
(173, 18),
(173, 4),
(173, 8),
(173, 17),
(173, 20),
(173, 7),
(173, 9),
(173, 15),
(173, 3),
(174, 7),
(174, 1),
(174, 6),
(174, 3),
(174, 5),
(174, 13),
(174, 16),
(174, 19),
(174, 8),
(174, 2),
(175, 1),
(175, 17),
(175, 14),
(175, 13),
(175, 3),
(175, 16),
(175, 7),
(175, 15),
(175, 9),
(175, 8),
(176, 11),
(176, 18),
(176, 12),
(176, 19),
(176, 7),
(176, 8),
(176, 20),
(176, 4),
(176, 15),
(176, 6),
(177, 12),
(177, 20),
(177, 14),
(177, 10),
(177, 4),
(177, 9),
(177, 15),
(177, 18),
(177, 7),
(177, 11),
(178, 8),
(178, 11),
(178, 15),
(178, 3),
(178, 2),
(178, 14),
(178, 5),
(178, 6),
(178, 16),
(178, 20),
(179, 7);         
INSERT INTO PUBLIC.LAWS_SUPPORTERS(LAW_MODEL_ID, SUPPORTERS_ID) VALUES
(179, 10),
(179, 8),
(179, 2),
(179, 3),
(179, 11),
(179, 6),
(179, 17),
(179, 15),
(179, 13),
(180, 20),
(180, 18),
(180, 1),
(180, 8),
(180, 13),
(180, 3),
(180, 16),
(180, 15),
(180, 12),
(180, 6),
(181, 10),
(181, 18),
(181, 13),
(181, 16),
(181, 6),
(181, 17),
(181, 3),
(181, 8),
(181, 7),
(181, 11),
(182, 1),
(182, 11),
(182, 2),
(182, 20),
(182, 7),
(182, 16),
(182, 18),
(182, 15),
(182, 19),
(182, 3),
(183, 20),
(183, 15),
(183, 10),
(183, 2),
(183, 13),
(183, 6),
(183, 19),
(183, 1),
(183, 7),
(183, 17),
(184, 11),
(184, 19),
(184, 13),
(184, 4),
(184, 16),
(184, 6),
(184, 17),
(184, 1),
(184, 12),
(184, 18),
(185, 13),
(185, 7),
(185, 16),
(185, 5),
(185, 12),
(185, 6),
(185, 1),
(185, 8),
(185, 2),
(185, 9),
(186, 14),
(186, 7),
(186, 2),
(186, 6),
(186, 8),
(186, 15),
(186, 17),
(186, 3),
(186, 11),
(186, 5),
(187, 17),
(187, 8),
(187, 6),
(187, 2),
(187, 18),
(187, 13),
(187, 1),
(187, 16),
(187, 3),
(187, 10),
(188, 16),
(188, 3),
(188, 9),
(188, 20),
(188, 17),
(188, 19),
(188, 5),
(188, 1),
(188, 6),
(188, 11),
(189, 4),
(189, 14),
(189, 3),
(189, 16),
(189, 9),
(189, 2),
(189, 8),
(189, 20),
(189, 10),
(189, 7),
(190, 18),
(190, 2),
(190, 5),
(190, 19),
(190, 7),
(190, 16),
(190, 12),
(190, 11),
(190, 13),
(190, 3),
(191, 2),
(191, 20),
(191, 14),
(191, 1),
(191, 18),
(191, 11),
(191, 10),
(191, 19),
(191, 4),
(191, 16),
(192, 5),
(192, 14),
(192, 19),
(192, 8),
(192, 9),
(192, 15),
(192, 1),
(192, 12),
(192, 3),
(192, 4),
(193, 10),
(193, 6),
(193, 14),
(193, 1),
(193, 7),
(193, 18),
(193, 20),
(193, 15),
(193, 9),
(193, 3),
(194, 8),
(194, 4),
(194, 3),
(194, 6),
(194, 19),
(194, 7),
(194, 16),
(194, 17),
(194, 2),
(194, 20),
(195, 15),
(195, 11),
(195, 16),
(195, 1),
(195, 9),
(195, 10),
(195, 6),
(195, 18),
(195, 17),
(195, 19),
(196, 20),
(196, 1),
(196, 6),
(196, 9),
(196, 2),
(196, 5),
(196, 15),
(196, 7),
(196, 4),
(196, 19),
(197, 10),
(197, 4),
(197, 8),
(197, 14),
(197, 11),
(197, 15),
(197, 19),
(197, 2),
(197, 3),
(197, 13),
(198, 14),
(198, 12),
(198, 13),
(198, 17),
(198, 19),
(198, 2),
(198, 16),
(198, 3),
(198, 10),
(198, 6),
(199, 3),
(199, 4),
(199, 10),
(199, 2),
(199, 13),
(199, 16),
(199, 9),
(199, 12),
(199, 14),
(199, 20),
(200, 19),
(200, 16),
(200, 17),
(200, 5),
(200, 2),
(200, 9),
(200, 7),
(200, 13),
(200, 11),
(200, 15),
(201, 9),
(201, 6),
(201, 11),
(201, 15),
(201, 13),
(201, 12),
(201, 3),
(201, 17),
(201, 14),
(201, 2),
(202, 6),
(202, 8),
(202, 3),
(202, 17),
(202, 12),
(202, 5),
(202, 16),
(202, 7),
(202, 10),
(202, 20),
(210, 17),
(210, 10),
(210, 4),
(210, 3),
(210, 20),
(210, 8),
(210, 12),
(210, 13),
(210, 1),
(210, 16),
(217, 13),
(217, 19),
(217, 14),
(217, 3),
(217, 17),
(217, 20),
(217, 8),
(217, 9),
(217, 6),
(217, 4),
(224, 12),
(224, 20),
(224, 16),
(224, 18),
(224, 6),
(224, 4),
(224, 5),
(224, 2),
(224, 14),
(224, 19),
(231, 8),
(231, 4),
(231, 12),
(231, 9),
(231, 14),
(231, 3),
(231, 11),
(231, 17),
(231, 20),
(231, 10),
(238, 9),
(238, 15),
(238, 1),
(238, 20),
(238, 12),
(238, 2),
(238, 8),
(238, 18),
(238, 11),
(238, 3),
(246, 16),
(246, 3),
(246, 17),
(246, 9),
(246, 19),
(246, 10),
(246, 7),
(246, 6),
(246, 1),
(246, 12),
(253, 4),
(253, 13),
(253, 3),
(253, 5),
(253, 18),
(253, 20),
(253, 14),
(253, 10),
(253, 2),
(253, 8),
(260, 15),
(260, 20),
(260, 16),
(260, 11),
(260, 18),
(260, 2),
(260, 19),
(260, 4),
(260, 10),
(260, 13),
(267, 3),
(267, 6),
(267, 16),
(267, 8),
(267, 18),
(267, 14),
(267, 15),
(267, 9),
(267, 13),
(267, 1),
(274, 5),
(274, 17),
(274, 3),
(274, 6),
(274, 7),
(274, 15),
(274, 19),
(274, 11),
(274, 1),
(274, 8),
(282, 14),
(282, 16),
(282, 10),
(282, 5),
(282, 8),
(282, 4),
(282, 1),
(282, 6),
(282, 18),
(282, 2),
(289, 2),
(289, 17),
(289, 16),
(289, 18),
(289, 11),
(289, 19),
(289, 15),
(289, 20),
(289, 1),
(289, 4),
(296, 11),
(296, 6),
(296, 10),
(296, 19),
(296, 18),
(296, 17),
(296, 12),
(296, 14),
(296, 2),
(296, 5),
(303, 8),
(303, 15),
(303, 18),
(303, 10),
(303, 19),
(303, 9),
(303, 1),
(303, 20),
(303, 14),
(303, 6),
(310, 19),
(310, 11),
(310, 18);           
INSERT INTO PUBLIC.LAWS_SUPPORTERS(LAW_MODEL_ID, SUPPORTERS_ID) VALUES
(310, 2),
(310, 10),
(310, 7),
(310, 3),
(310, 4),
(310, 15),
(310, 13),
(310, 5),
(310, 20),
(310, 12),
(310, 6),
(310, 17),
(310, 14),
(311, 7),
(311, 10),
(311, 4),
(311, 3),
(311, 19),
(311, 6),
(311, 16),
(311, 18),
(311, 9),
(311, 14),
(311, 12),
(311, 17),
(311, 15),
(311, 20),
(311, 13),
(311, 2),
(311, 11);            
CREATE MEMORY TABLE PUBLIC.ONE_TIME_TOKEN(
    ID BIGINT NOT NULL,
    CREATED_AT TIMESTAMP NOT NULL,
    UPDATED_AT TIMESTAMP NOT NULL,
    TOKEN VARCHAR(255) NOT NULL,
    TOKEN_TYPE INTEGER NOT NULL,
    VALID_UNTIL TIMESTAMP NOT NULL,
    USER_ID BIGINT NOT NULL
);         
ALTER TABLE PUBLIC.ONE_TIME_TOKEN ADD CONSTRAINT PUBLIC.CONSTRAINT_4 PRIMARY KEY(ID);         
-- 0 +/- SELECT COUNT(*) FROM PUBLIC.ONE_TIME_TOKEN;          
CREATE MEMORY TABLE PUBLIC.POLLS(
    ID BIGINT NOT NULL,
    CREATED_AT TIMESTAMP NOT NULL,
    UPDATED_AT TIMESTAMP NOT NULL,
    STATUS INTEGER,
    VOTING_END_AT TIMESTAMP,
    VOTING_START_AT TIMESTAMP,
    WINNER_ID BIGINT
);               
ALTER TABLE PUBLIC.POLLS ADD CONSTRAINT PUBLIC.CONSTRAINT_48 PRIMARY KEY(ID); 
-- 3 +/- SELECT COUNT(*) FROM PUBLIC.POLLS;   
INSERT INTO PUBLIC.POLLS(ID, CREATED_AT, UPDATED_AT, STATUS, VOTING_END_AT, VOTING_START_AT, WINNER_ID) VALUES
(209, TIMESTAMP '2018-11-20 17:51:18.249', TIMESTAMP '2018-11-20 17:51:18.249', 0, TIMESTAMP '2018-12-25 00:00:00', TIMESTAMP '2018-12-11 00:00:00', NULL),
(245, TIMESTAMP '2018-11-12 17:51:18.548', TIMESTAMP '2018-11-27 17:51:18.619', 1, TIMESTAMP '2018-12-10 00:00:00', TIMESTAMP '2018-11-26 17:51:18.59', NULL),
(281, TIMESTAMP '2018-12-14 10:54:06.286', TIMESTAMP '2018-11-27 17:51:19.03', 2, TIMESTAMP '2018-11-27 17:51:18.99', TIMESTAMP '2018-11-08 17:51:18.959', 274); 
CREATE MEMORY TABLE PUBLIC.USERS(
    ID BIGINT NOT NULL,
    CREATED_AT TIMESTAMP NOT NULL,
    UPDATED_AT TIMESTAMP NOT NULL,
    EMAIL VARCHAR(255) NOT NULL,
    PASSWORD_HASH VARCHAR(255),
    MOBILEPHONE VARCHAR(255),
    NAME VARCHAR(255),
    PICTURE VARCHAR(255),
    WEBSITE VARCHAR(255)
);
ALTER TABLE PUBLIC.USERS ADD CONSTRAINT PUBLIC.CONSTRAINT_4D PRIMARY KEY(ID); 
-- 20 +/- SELECT COUNT(*) FROM PUBLIC.USERS;  
INSERT INTO PUBLIC.USERS(ID, CREATED_AT, UPDATED_AT, EMAIL, PASSWORD_HASH, MOBILEPHONE, NAME, PICTURE, WEBSITE) VALUES
(1, TIMESTAMP '2018-11-27 17:51:13.641', TIMESTAMP '2018-11-27 17:51:13.641', 'testuser1@liquido.de', '{bcrypt}$2a$10$/R1tDbwpQW2G6PWo/7Lij.wcPDvlxpgmkcbb.2UMH1vAXLBLNX2GO', '+4912345', 'Test User1', '/static/img/photos/1.png', 'http://www.liquido.de'),
(2, TIMESTAMP '2018-11-27 17:51:13.689', TIMESTAMP '2018-11-27 17:51:13.689', 'testuser2@liquido.de', '{bcrypt}$2a$10$/R1tDbwpQW2G6PWo/7Lij.wcPDvlxpgmkcbb.2UMH1vAXLBLNX2GO', '+496703000030', 'Test User2', '/static/img/photos/2.png', 'http://www.liquido.de'),
(3, TIMESTAMP '2018-11-27 17:51:13.692', TIMESTAMP '2018-11-27 17:51:13.692', 'testuser3@liquido.de', '{bcrypt}$2a$10$/R1tDbwpQW2G6PWo/7Lij.wcPDvlxpgmkcbb.2UMH1vAXLBLNX2GO', '+499572165827', 'Test User3', '/static/img/photos/3.png', 'http://www.liquido.de'),
(4, TIMESTAMP '2018-11-27 17:51:13.695', TIMESTAMP '2018-11-27 17:51:13.695', 'testuser4@liquido.de', '{bcrypt}$2a$10$/R1tDbwpQW2G6PWo/7Lij.wcPDvlxpgmkcbb.2UMH1vAXLBLNX2GO', '+497319306836', 'Test User4', '/static/img/photos/1.png', 'http://www.liquido.de'),
(5, TIMESTAMP '2018-11-27 17:51:13.698', TIMESTAMP '2018-11-27 17:51:13.698', 'testuser5@liquido.de', '{bcrypt}$2a$10$/R1tDbwpQW2G6PWo/7Lij.wcPDvlxpgmkcbb.2UMH1vAXLBLNX2GO', '+494773936953', 'Test User5', '/static/img/photos/2.png', 'http://www.liquido.de'),
(6, TIMESTAMP '2018-11-27 17:51:13.702', TIMESTAMP '2018-11-27 17:51:13.702', 'testuser6@liquido.de', '{bcrypt}$2a$10$/R1tDbwpQW2G6PWo/7Lij.wcPDvlxpgmkcbb.2UMH1vAXLBLNX2GO', '+496730499907', 'Test User6', '/static/img/photos/3.png', 'http://www.liquido.de'),
(7, TIMESTAMP '2018-11-27 17:51:13.705', TIMESTAMP '2018-11-27 17:51:13.705', 'testuser7@liquido.de', '{bcrypt}$2a$10$/R1tDbwpQW2G6PWo/7Lij.wcPDvlxpgmkcbb.2UMH1vAXLBLNX2GO', '+496200958223', 'Test User7', '/static/img/photos/1.png', 'http://www.liquido.de'),
(8, TIMESTAMP '2018-11-27 17:51:13.709', TIMESTAMP '2018-11-27 17:51:13.709', 'testuser8@liquido.de', '{bcrypt}$2a$10$/R1tDbwpQW2G6PWo/7Lij.wcPDvlxpgmkcbb.2UMH1vAXLBLNX2GO', '+495139058618', 'Test User8', '/static/img/photos/2.png', 'http://www.liquido.de'),
(9, TIMESTAMP '2018-11-27 17:51:13.712', TIMESTAMP '2018-11-27 17:51:13.712', 'testuser9@liquido.de', '{bcrypt}$2a$10$/R1tDbwpQW2G6PWo/7Lij.wcPDvlxpgmkcbb.2UMH1vAXLBLNX2GO', '+496558089021', 'Test User9', '/static/img/photos/3.png', 'http://www.liquido.de'),
(10, TIMESTAMP '2018-11-27 17:51:13.716', TIMESTAMP '2018-11-27 17:51:13.716', 'testuser10@liquido.de', '{bcrypt}$2a$10$/R1tDbwpQW2G6PWo/7Lij.wcPDvlxpgmkcbb.2UMH1vAXLBLNX2GO', '+496321600220', 'Test User10', '/static/img/photos/1.png', 'http://www.liquido.de'),
(11, TIMESTAMP '2018-11-27 17:51:13.719', TIMESTAMP '2018-11-27 17:51:13.719', 'testuser11@liquido.de', '{bcrypt}$2a$10$/R1tDbwpQW2G6PWo/7Lij.wcPDvlxpgmkcbb.2UMH1vAXLBLNX2GO', '+494508663090', 'Test User11', '/static/img/photos/2.png', 'http://www.liquido.de'),
(12, TIMESTAMP '2018-11-27 17:51:13.722', TIMESTAMP '2018-11-27 17:51:13.722', 'testuser12@liquido.de', '{bcrypt}$2a$10$/R1tDbwpQW2G6PWo/7Lij.wcPDvlxpgmkcbb.2UMH1vAXLBLNX2GO', '+499192740783', 'Test User12', '/static/img/photos/3.png', 'http://www.liquido.de'),
(13, TIMESTAMP '2018-11-27 17:51:13.725', TIMESTAMP '2018-11-27 17:51:13.725', 'testuser13@liquido.de', '{bcrypt}$2a$10$/R1tDbwpQW2G6PWo/7Lij.wcPDvlxpgmkcbb.2UMH1vAXLBLNX2GO', '+498114510000', 'Test User13', '/static/img/photos/1.png', 'http://www.liquido.de'),
(14, TIMESTAMP '2018-11-27 17:51:13.728', TIMESTAMP '2018-11-27 17:51:13.728', 'testuser14@liquido.de', '{bcrypt}$2a$10$/R1tDbwpQW2G6PWo/7Lij.wcPDvlxpgmkcbb.2UMH1vAXLBLNX2GO', '+497981509282', 'Test User14', '/static/img/photos/2.png', 'http://www.liquido.de'),
(15, TIMESTAMP '2018-11-27 17:51:13.732', TIMESTAMP '2018-11-27 17:51:13.732', 'testuser15@liquido.de', '{bcrypt}$2a$10$/R1tDbwpQW2G6PWo/7Lij.wcPDvlxpgmkcbb.2UMH1vAXLBLNX2GO', '+494792751166', 'Test User15', '/static/img/photos/3.png', 'http://www.liquido.de'),
(16, TIMESTAMP '2018-11-27 17:51:13.737', TIMESTAMP '2018-11-27 17:51:13.737', 'testuser16@liquido.de', '{bcrypt}$2a$10$/R1tDbwpQW2G6PWo/7Lij.wcPDvlxpgmkcbb.2UMH1vAXLBLNX2GO', '+497698197781', 'Test User16', '/static/img/photos/1.png', 'http://www.liquido.de');
INSERT INTO PUBLIC.USERS(ID, CREATED_AT, UPDATED_AT, EMAIL, PASSWORD_HASH, MOBILEPHONE, NAME, PICTURE, WEBSITE) VALUES
(17, TIMESTAMP '2018-11-27 17:51:13.741', TIMESTAMP '2018-11-27 17:51:13.741', 'testuser17@liquido.de', '{bcrypt}$2a$10$/R1tDbwpQW2G6PWo/7Lij.wcPDvlxpgmkcbb.2UMH1vAXLBLNX2GO', '+496509481496', 'Test User17', '/static/img/photos/2.png', 'http://www.liquido.de'),
(18, TIMESTAMP '2018-11-27 17:51:13.744', TIMESTAMP '2018-11-27 17:51:13.744', 'testuser18@liquido.de', '{bcrypt}$2a$10$/R1tDbwpQW2G6PWo/7Lij.wcPDvlxpgmkcbb.2UMH1vAXLBLNX2GO', '+499312917926', 'Test User18', '/static/img/photos/3.png', 'http://www.liquido.de'),
(19, TIMESTAMP '2018-11-27 17:51:13.747', TIMESTAMP '2018-11-27 17:51:13.747', 'testuser19@liquido.de', '{bcrypt}$2a$10$/R1tDbwpQW2G6PWo/7Lij.wcPDvlxpgmkcbb.2UMH1vAXLBLNX2GO', '+498353689307', 'Test User19', '/static/img/photos/1.png', 'http://www.liquido.de'),
(20, TIMESTAMP '2018-11-27 17:51:13.75', TIMESTAMP '2018-11-27 17:51:13.75', 'testuser20@liquido.de', '{bcrypt}$2a$10$/R1tDbwpQW2G6PWo/7Lij.wcPDvlxpgmkcbb.2UMH1vAXLBLNX2GO', '+496374037843', 'Test User20', '/static/img/photos/2.png', 'http://www.liquido.de');

ALTER TABLE PUBLIC.AREAS ADD CONSTRAINT PUBLIC.UK_P61HNJ1M450KNDUSCXOLDCHFJ UNIQUE(TITLE);
ALTER TABLE PUBLIC.USERS ADD CONSTRAINT PUBLIC.UK_6DOTKOTT2KJSP8VW4D0M25FB7 UNIQUE(EMAIL);    
ALTER TABLE PUBLIC.LAWS ADD CONSTRAINT PUBLIC.UK_BS516OPV3HONTPTWVPIOOS72B UNIQUE(TITLE);     
ALTER TABLE PUBLIC.DELEGATIONS ADD CONSTRAINT PUBLIC.UK2WYH7POIF8NPDWLUR8DFORD0J UNIQUE(AREA_ID, FROM_USER_ID);               
ALTER TABLE PUBLIC.LAWS_COMMENTS ADD CONSTRAINT PUBLIC.UK_OF3YV6X3MAHJPHJBJE5XHRXC8 UNIQUE(COMMENTS_ID);      
ALTER TABLE PUBLIC.CHECKSUMS ADD CONSTRAINT PUBLIC.UKL0XNKLNHLK4PTWSU9B0QXTYBN UNIQUE(AREA_ID, PUBLIC_PROXY_ID);              
ALTER TABLE PUBLIC.KEY_VALUE ADD CONSTRAINT PUBLIC.UK_GVYP924RQ0A5Y8U3EMJS35G2Q UNIQUE(KEY);  
ALTER TABLE PUBLIC.BALLOT_MODEL ADD CONSTRAINT PUBLIC.FK80AA8GKY9NQS7CS136W9JBLJ6 FOREIGN KEY(POLL_ID) REFERENCES PUBLIC.POLLS(ID) NOCHECK;   
ALTER TABLE PUBLIC.AREAS ADD CONSTRAINT PUBLIC.FKP9N0U4HM2Q1O7V0068C8GD4EL FOREIGN KEY(CREATED_BY_ID) REFERENCES PUBLIC.USERS(ID) NOCHECK;    
ALTER TABLE PUBLIC.DELEGATIONS ADD CONSTRAINT PUBLIC.FKSWBDEOVC7HSQ5EX30PBMDU9D4 FOREIGN KEY(AREA_ID) REFERENCES PUBLIC.AREAS(ID) NOCHECK;    
ALTER TABLE PUBLIC.LAWS ADD CONSTRAINT PUBLIC.FK4QUHD81MM84X6RQ0CCBXSEYXX FOREIGN KEY(POLL_ID) REFERENCES PUBLIC.POLLS(ID) NOCHECK;           
ALTER TABLE PUBLIC.LAWS_SUPPORTERS ADD CONSTRAINT PUBLIC.FK9B4I87YIKUCHRIRFJAYMGOHE3 FOREIGN KEY(LAW_MODEL_ID) REFERENCES PUBLIC.LAWS(ID) NOCHECK;            
ALTER TABLE PUBLIC.COMMENTS_DOWN_VOTERS ADD CONSTRAINT PUBLIC.FK62ILAC17TG4CPKRHEONUD72HV FOREIGN KEY(DOWN_VOTERS_ID) REFERENCES PUBLIC.USERS(ID) NOCHECK;    
ALTER TABLE PUBLIC.CHECKSUMS ADD CONSTRAINT PUBLIC.FKDFLPSE9FSOGY1FMFDY2W79RG FOREIGN KEY(DELEGATED_TO_CHECKSUM) REFERENCES PUBLIC.CHECKSUMS(CHECKSUM) NOCHECK;
ALTER TABLE PUBLIC.CHECKSUMS ADD CONSTRAINT PUBLIC.FK68FTLVL0MWTVOQD3BFUPP0XRG FOREIGN KEY(PUBLIC_PROXY_ID) REFERENCES PUBLIC.USERS(ID) NOCHECK;              
ALTER TABLE PUBLIC.LAWS ADD CONSTRAINT PUBLIC.FKTR1PLL46Q50SHWBFFYIYUAVGN FOREIGN KEY(CREATED_BY_ID) REFERENCES PUBLIC.USERS(ID) NOCHECK;     
ALTER TABLE PUBLIC.ONE_TIME_TOKEN ADD CONSTRAINT PUBLIC.FK4O21XT1RMRICB3EA4TO5NKR8D FOREIGN KEY(USER_ID) REFERENCES PUBLIC.USERS(ID) NOCHECK; 
ALTER TABLE PUBLIC.COMMENTS ADD CONSTRAINT PUBLIC.FKAKKM6QFYDU7VGNFNE1YO0XMED FOREIGN KEY(CREATED_BY_ID) REFERENCES PUBLIC.USERS(ID) NOCHECK;
ALTER TABLE PUBLIC.DELEGATIONS ADD CONSTRAINT PUBLIC.FK21A6LG8FU2JS6E0JU41WJ2GQP FOREIGN KEY(TO_PROXY_ID) REFERENCES PUBLIC.USERS(ID) NOCHECK;
ALTER TABLE PUBLIC.LAWS_COMMENTS ADD CONSTRAINT PUBLIC.FK36FBKIUITRV0YRVY8S0IG46IX FOREIGN KEY(LAW_MODEL_ID) REFERENCES PUBLIC.LAWS(ID) NOCHECK;              
ALTER TABLE PUBLIC.POLLS ADD CONSTRAINT PUBLIC.FKQADOVSMQ4UOK58SP9HKHWJQIS FOREIGN KEY(WINNER_ID) REFERENCES PUBLIC.LAWS(ID) NOCHECK;         
ALTER TABLE PUBLIC.DELEGATIONS ADD CONSTRAINT PUBLIC.FK9KOYA2MI6T18VF7U1FROBKNIQ FOREIGN KEY(FROM_USER_ID) REFERENCES PUBLIC.USERS(ID) NOCHECK;               
ALTER TABLE PUBLIC.BALLOT_MODEL_VOTE_ORDER ADD CONSTRAINT PUBLIC.FKG4WVLJWGWECJJBW58FVL0AD5X FOREIGN KEY(BALLOT_MODEL_ID) REFERENCES PUBLIC.BALLOT_MODEL(ID) NOCHECK;         
ALTER TABLE PUBLIC.BALLOT_MODEL ADD CONSTRAINT PUBLIC.FKP19OJ9H53MY80XIR4TWVUE13B FOREIGN KEY(CHECKSUM_CHECKSUM) REFERENCES PUBLIC.CHECKSUMS(CHECKSUM) NOCHECK;               
ALTER TABLE PUBLIC.CHECKSUMS ADD CONSTRAINT PUBLIC.FKMKXILKGGWXGK48MVTP6UAQ3NP FOREIGN KEY(REQUESTED_DELEGATION_TO_ID) REFERENCES PUBLIC.USERS(ID) NOCHECK;   
ALTER TABLE PUBLIC.LAWS ADD CONSTRAINT PUBLIC.FK9VIQDJ5LDUN0AHWQDFF1WUY39 FOREIGN KEY(AREA_ID) REFERENCES PUBLIC.AREAS(ID) NOCHECK;           
ALTER TABLE PUBLIC.LAWS_COMMENTS ADD CONSTRAINT PUBLIC.FKFL0Y4QFVFPF9YNMMFJ0JEVXFF FOREIGN KEY(COMMENTS_ID) REFERENCES PUBLIC.COMMENTS(ID) NOCHECK;
ALTER TABLE PUBLIC.BALLOT_MODEL_VOTE_ORDER ADD CONSTRAINT PUBLIC.FKK6IWSNAFAEQQ59N0FNWN5K6DI FOREIGN KEY(VOTE_ORDER_ID) REFERENCES PUBLIC.LAWS(ID) NOCHECK;   
ALTER TABLE PUBLIC.COMMENTS_UP_VOTERS ADD CONSTRAINT PUBLIC.FKEUURM027PDC4L5A9G9O2L0UYD FOREIGN KEY(UP_VOTERS_ID) REFERENCES PUBLIC.USERS(ID) NOCHECK;        
ALTER TABLE PUBLIC.COMMENTS ADD CONSTRAINT PUBLIC.FKLRI30OKF66PHTCGBE5POK7CC0 FOREIGN KEY(PARENT_ID) REFERENCES PUBLIC.COMMENTS(ID) NOCHECK;  
ALTER TABLE PUBLIC.COMMENTS_UP_VOTERS ADD CONSTRAINT PUBLIC.FK8LS8T571Y99VTTW1MDKEBXAGP FOREIGN KEY(COMMENT_MODEL_ID) REFERENCES PUBLIC.COMMENTS(ID) NOCHECK; 
ALTER TABLE PUBLIC.LAWS_SUPPORTERS ADD CONSTRAINT PUBLIC.FKK8MVJC4RQ970OJAVYFIA9BQVE FOREIGN KEY(SUPPORTERS_ID) REFERENCES PUBLIC.USERS(ID) NOCHECK;          
ALTER TABLE PUBLIC.COMMENTS_DOWN_VOTERS ADD CONSTRAINT PUBLIC.FKJYMYJ54LENHS4KE6MYQHLY72 FOREIGN KEY(COMMENT_MODEL_ID) REFERENCES PUBLIC.COMMENTS(ID) NOCHECK;
ALTER TABLE PUBLIC.CHECKSUMS ADD CONSTRAINT PUBLIC.FKLLW57XBW0D67OPTMWFMU3P2PC FOREIGN KEY(AREA_ID) REFERENCES PUBLIC.AREAS(ID) NOCHECK;      
