SET DB_CLOSE_DELAY -1;
;
CREATE USER IF NOT EXISTS "SA" SALT '53b1216c9894853d' HASH 'a8e7db6e614e1875086a4cde7f1fa76205e46d09c6adf0d1e4be7a693a78d872' ADMIN;
CREATE SEQUENCE "PUBLIC"."HIBERNATE_SEQUENCE" START WITH 394;
CREATE MEMORY TABLE "PUBLIC"."AREAS"(
"ID" BIGINT NOT NULL,
"CREATED_AT" TIMESTAMP NOT NULL,
"UPDATED_AT" TIMESTAMP NOT NULL,
"DESCRIPTION" VARCHAR(255) NOT NULL,
"TITLE" VARCHAR(255) NOT NULL,
"CREATED_BY_ID" BIGINT NOT NULL
);
ALTER TABLE "PUBLIC"."AREAS" ADD CONSTRAINT "PUBLIC"."CONSTRAINT_3" PRIMARY KEY("ID");
-- 10 +/- SELECT COUNT(*) FROM PUBLIC.AREAS;
INSERT INTO "PUBLIC"."AREAS" VALUES
(22, TIMESTAMP '2019-12-09 08:18:31.478', TIMESTAMP '2019-12-09 08:18:31.478', 'Nice description for test area #0', 'Area 0', 1),
(23, TIMESTAMP '2019-12-09 08:18:31.484', TIMESTAMP '2019-12-09 08:18:31.484', 'Nice description for test area #1', 'Area 1', 1),
(24, TIMESTAMP '2019-12-09 08:18:31.49', TIMESTAMP '2019-12-09 08:18:31.49', 'Nice description for test area #2', 'Area 2', 1),
(25, TIMESTAMP '2019-12-09 08:18:31.496', TIMESTAMP '2019-12-09 08:18:31.496', 'Nice description for test area #3', 'Area 3', 1),
(26, TIMESTAMP '2019-12-09 08:18:31.501', TIMESTAMP '2019-12-09 08:18:31.501', 'Nice description for test area #4', 'Area 4', 1),
(27, TIMESTAMP '2019-12-09 08:18:31.506', TIMESTAMP '2019-12-09 08:18:31.506', 'Nice description for test area #5', 'Area 5', 1),
(28, TIMESTAMP '2019-12-09 08:18:31.511', TIMESTAMP '2019-12-09 08:18:31.511', 'Nice description for test area #6', 'Area 6', 1),
(29, TIMESTAMP '2019-12-09 08:18:31.517', TIMESTAMP '2019-12-09 08:18:31.517', 'Nice description for test area #7', 'Area 7', 1),
(30, TIMESTAMP '2019-12-09 08:18:31.522', TIMESTAMP '2019-12-09 08:18:31.522', 'Nice description for test area #8', 'Area 8', 1),
(31, TIMESTAMP '2019-12-09 08:18:31.527', TIMESTAMP '2019-12-09 08:18:31.527', 'Nice description for test area #9', 'Area 9', 1);
CREATE MEMORY TABLE "PUBLIC"."BALLOTS"(
"ID" BIGINT NOT NULL,
"LEVEL" INTEGER NOT NULL,
"VOTE_COUNT" BIGINT NOT NULL,
"CHECKSUM" VARCHAR(255) NOT NULL,
"POLL_ID" BIGINT NOT NULL
);
ALTER TABLE "PUBLIC"."BALLOTS" ADD CONSTRAINT "PUBLIC"."CONSTRAINT_1" PRIMARY KEY("ID");
-- 32 +/- SELECT COUNT(*) FROM PUBLIC.BALLOTS;
INSERT INTO "PUBLIC"."BALLOTS" VALUES
(330, 0, 1, '$2a$10$1IdrGrRAN2Wp3U7QI.JIzuLWYmX8a8mYTh.vjJc7tXFvw8MYTRxn6', 303),
(331, 0, 1, '$2a$10$1IdrGrRAN2Wp3U7QI.JIzumlcpwp8brtUDnbFrq3yf2CMP0CBmGkS', 303),
(332, 0, 4, '$2a$10$1IdrGrRAN2Wp3U7QI.JIzu4HeueVNdaHPs3H5dOkHoKyKmOv2LOTy', 303),
(333, 0, 1, '$2a$10$1IdrGrRAN2Wp3U7QI.JIzuYBfqBJ8KRURXGBEFD1NIy8BIUtxNH8i', 303),
(334, 0, 1, '$2a$10$1IdrGrRAN2Wp3U7QI.JIzuj.6MAo8TWBWCw/Az7uRlus4mRiLJh/i', 303),
(335, 0, 1, '$2a$10$1IdrGrRAN2Wp3U7QI.JIzukLk9n0nP/KZdEWe.TYbRMKT7d5wS9rm', 303),
(336, 0, 2, '$2a$10$1IdrGrRAN2Wp3U7QI.JIzuEtxLCwrNT9pKlY1rgxYhl3RtaNJEQW.', 303),
(337, 1, 1, '$2a$10$1IdrGrRAN2Wp3U7QI.JIzulyuC.ir27zjCKynm/ef4Gp77Z9XU9UC', 303),
(338, 0, 1, '$2a$10$1IdrGrRAN2Wp3U7QI.JIzuNX3Ud6yFocoawh8dxtXS6Xinvh2wN8O', 303),
(339, 0, 1, '$2a$10$1IdrGrRAN2Wp3U7QI.JIzuL7lV2QCtsOcieHmoCH6Frx3m0Y2gHDy', 303),
(340, 0, 1, '$2a$10$1IdrGrRAN2Wp3U7QI.JIzupVvL.A.5dYSm7rGT0GBv1hPhN0oHIb2', 303),
(341, 0, 1, '$2a$10$1IdrGrRAN2Wp3U7QI.JIzu5kxuD9IiiPFdcwyhozqhvbAy0ZE3UIy', 303),
(342, 0, 1, '$2a$10$1IdrGrRAN2Wp3U7QI.JIzuWpvcrZ.M0VWtIrLxjdUF9DDvCTqEyxi', 303),
(343, 0, 1, '$2a$10$1IdrGrRAN2Wp3U7QI.JIzutiQDHi8vodSsYuDPKvp8FraWGUTlwFG', 303),
(344, 0, 1, '$2a$10$1IdrGrRAN2Wp3U7QI.JIzuidRK2esq5qotXMifey0buhheoxNToqO', 303),
(345, 0, 1, '$2a$10$1IdrGrRAN2Wp3U7QI.JIzu6Bp5DRTXJoaGWZwPuxZlqWxdkXxzepO', 303),
(376, 0, 1, '$2a$10$1IdrGrRAN2Wp3U7QI.JIzuLWYmX8a8mYTh.vjJc7tXFvw8MYTRxn6', 351),
(377, 0, 1, '$2a$10$1IdrGrRAN2Wp3U7QI.JIzumlcpwp8brtUDnbFrq3yf2CMP0CBmGkS', 351),
(378, 0, 4, '$2a$10$1IdrGrRAN2Wp3U7QI.JIzu4HeueVNdaHPs3H5dOkHoKyKmOv2LOTy', 351),
(379, 0, 1, '$2a$10$1IdrGrRAN2Wp3U7QI.JIzuYBfqBJ8KRURXGBEFD1NIy8BIUtxNH8i', 351),
(380, 0, 1, '$2a$10$1IdrGrRAN2Wp3U7QI.JIzuj.6MAo8TWBWCw/Az7uRlus4mRiLJh/i', 351),
(381, 0, 1, '$2a$10$1IdrGrRAN2Wp3U7QI.JIzukLk9n0nP/KZdEWe.TYbRMKT7d5wS9rm', 351),
(382, 0, 2, '$2a$10$1IdrGrRAN2Wp3U7QI.JIzuEtxLCwrNT9pKlY1rgxYhl3RtaNJEQW.', 351),
(383, 1, 1, '$2a$10$1IdrGrRAN2Wp3U7QI.JIzulyuC.ir27zjCKynm/ef4Gp77Z9XU9UC', 351),
(384, 0, 1, '$2a$10$1IdrGrRAN2Wp3U7QI.JIzuNX3Ud6yFocoawh8dxtXS6Xinvh2wN8O', 351),
(385, 0, 1, '$2a$10$1IdrGrRAN2Wp3U7QI.JIzuL7lV2QCtsOcieHmoCH6Frx3m0Y2gHDy', 351),
(386, 0, 1, '$2a$10$1IdrGrRAN2Wp3U7QI.JIzupVvL.A.5dYSm7rGT0GBv1hPhN0oHIb2', 351),
(387, 0, 1, '$2a$10$1IdrGrRAN2Wp3U7QI.JIzu5kxuD9IiiPFdcwyhozqhvbAy0ZE3UIy', 351),
(388, 0, 1, '$2a$10$1IdrGrRAN2Wp3U7QI.JIzuWpvcrZ.M0VWtIrLxjdUF9DDvCTqEyxi', 351),
(389, 0, 1, '$2a$10$1IdrGrRAN2Wp3U7QI.JIzutiQDHi8vodSsYuDPKvp8FraWGUTlwFG', 351),
(390, 0, 1, '$2a$10$1IdrGrRAN2Wp3U7QI.JIzuidRK2esq5qotXMifey0buhheoxNToqO', 351),
(391, 0, 1, '$2a$10$1IdrGrRAN2Wp3U7QI.JIzu6Bp5DRTXJoaGWZwPuxZlqWxdkXxzepO', 351);
CREATE MEMORY TABLE "PUBLIC"."BALLOTS_VOTE_ORDER"(
"BALLOT_MODEL_ID" BIGINT NOT NULL,
"VOTE_ORDER_ID" BIGINT NOT NULL,
"LAW_MODEL_ORDER" INTEGER NOT NULL
);
ALTER TABLE "PUBLIC"."BALLOTS_VOTE_ORDER" ADD CONSTRAINT "PUBLIC"."CONSTRAINT_5" PRIMARY KEY("BALLOT_MODEL_ID", "LAW_MODEL_ORDER");
-- 140 +/- SELECT COUNT(*) FROM PUBLIC.BALLOTS_VOTE_ORDER;
INSERT INTO "PUBLIC"."BALLOTS_VOTE_ORDER" VALUES
(330, 295, 0),
(330, 309, 1),
(330, 316, 2),
(330, 323, 3),
(330, 304, 4),
(331, 304, 0),
(331, 295, 1),
(331, 323, 2),
(331, 316, 3),
(331, 309, 4),
(332, 295, 0),
(332, 316, 1),
(332, 304, 2),
(332, 323, 3),
(332, 309, 4),
(336, 323, 0),
(336, 309, 1),
(336, 304, 2),
(336, 316, 3),
(336, 295, 4),
(337, 323, 0),
(337, 309, 1),
(337, 304, 2),
(337, 316, 3),
(337, 295, 4),
(338, 323, 0),
(338, 304, 1),
(338, 309, 2),
(338, 316, 3),
(333, 323, 0),
(333, 304, 1),
(333, 295, 2),
(333, 316, 3),
(333, 309, 4),
(334, 304, 0),
(334, 309, 1),
(334, 323, 2),
(334, 316, 3),
(334, 295, 4),
(339, 304, 0),
(339, 309, 1),
(339, 316, 2),
(339, 323, 3),
(339, 295, 4),
(340, 295, 0),
(340, 304, 1),
(340, 316, 2),
(340, 309, 3),
(340, 323, 4),
(341, 309, 0),
(341, 316, 1),
(341, 304, 2),
(341, 295, 3),
(342, 323, 0),
(342, 304, 1),
(342, 316, 2),
(342, 295, 3),
(343, 309, 0),
(343, 316, 1),
(343, 304, 2),
(343, 295, 3),
(343, 323, 4),
(344, 309, 0),
(344, 316, 1),
(344, 323, 2),
(344, 295, 3),
(345, 316, 0),
(345, 304, 1),
(345, 323, 2),
(335, 316, 0),
(335, 304, 1),
(335, 323, 2),
(335, 295, 3),
(335, 309, 4),
(376, 362, 0),
(376, 352, 1),
(376, 368, 2),
(376, 346, 3),
(377, 346, 0),
(377, 368, 1),
(377, 358, 2),
(377, 362, 3),
(378, 352, 0),
(378, 362, 1),
(378, 368, 2),
(378, 358, 3),
(378, 346, 4),
(382, 362, 0),
(382, 352, 1),
(382, 358, 2),
(382, 346, 3),
(382, 368, 4),
(383, 362, 0),
(383, 352, 1),
(383, 358, 2),
(383, 346, 3),
(383, 368, 4),
(384, 352, 0),
(384, 362, 1),
(384, 346, 2),
(384, 368, 3),
(384, 358, 4),
(379, 352, 0),
(379, 346, 1),
(379, 362, 2),
(379, 358, 3),
(380, 352, 0),
(380, 358, 1),
(380, 346, 2),
(385, 362, 0),
(385, 352, 1),
(385, 346, 2),
(385, 358, 3),
(385, 368, 4),
(386, 368, 0),
(386, 346, 1),
(386, 362, 2),
(387, 358, 0),
(387, 368, 1),
(387, 352, 2),
(387, 362, 3),
(388, 346, 0),
(388, 352, 1),
(388, 362, 2),
(388, 368, 3),
(388, 358, 4),
(389, 346, 0),
(389, 358, 1),
(389, 362, 2),
(389, 368, 3),
(390, 368, 0),
(390, 358, 1),
(390, 352, 2),
(390, 362, 3),
(391, 352, 0),
(391, 368, 1),
(391, 358, 2),
(381, 346, 0),
(381, 368, 1),
(381, 358, 2);
CREATE MEMORY TABLE "PUBLIC"."CHECKSUMS"(
"CHECKSUM" VARCHAR(255) NOT NULL,
"EXPIRES_AT" TIMESTAMP,
"TRANSITIVE" BOOLEAN NOT NULL,
"AREA_ID" BIGINT,
"DELEGATED_TO_CHECKSUM" VARCHAR(255),
"PUBLIC_PROXY_ID" BIGINT
);
ALTER TABLE "PUBLIC"."CHECKSUMS" ADD CONSTRAINT "PUBLIC"."CONSTRAINT_B" PRIMARY KEY("CHECKSUM");
-- 18 +/- SELECT COUNT(*) FROM PUBLIC.CHECKSUMS;
INSERT INTO "PUBLIC"."CHECKSUMS" VALUES
('$2a$10$1IdrGrRAN2Wp3U7QI.JIzuccBk8DrXNh0KtYIUb4eNp.t52wOn6W2', TIMESTAMP '2019-12-10 08:18:41.925', TRUE, 22, NULL, 1),
('$2a$10$1IdrGrRAN2Wp3U7QI.JIzuL7lV2QCtsOcieHmoCH6Frx3m0Y2gHDy', TIMESTAMP '2019-12-10 08:19:02.368', TRUE, 22, '$2a$10$1IdrGrRAN2Wp3U7QI.JIzuccBk8DrXNh0KtYIUb4eNp.t52wOn6W2', NULL),
('$2a$10$1IdrGrRAN2Wp3U7QI.JIzuEtxLCwrNT9pKlY1rgxYhl3RtaNJEQW.', TIMESTAMP '2019-12-10 08:19:00.834', TRUE, 22, '$2a$10$1IdrGrRAN2Wp3U7QI.JIzuccBk8DrXNh0KtYIUb4eNp.t52wOn6W2', 3),
('$2a$10$1IdrGrRAN2Wp3U7QI.JIzuZjktzIdpQANYKKzwjQ2AG3JLRied3ZC', TIMESTAMP '2019-12-10 08:18:44.449', TRUE, 22, '$2a$10$1IdrGrRAN2Wp3U7QI.JIzuccBk8DrXNh0KtYIUb4eNp.t52wOn6W2', 4),
('$2a$10$1IdrGrRAN2Wp3U7QI.JIzuNX3Ud6yFocoawh8dxtXS6Xinvh2wN8O', TIMESTAMP '2019-12-10 08:19:01.225', TRUE, 22, NULL, 5),
('$2a$10$1IdrGrRAN2Wp3U7QI.JIzulyuC.ir27zjCKynm/ef4Gp77Z9XU9UC', TIMESTAMP '2019-12-10 08:18:44.174', TRUE, 22, '$2a$10$1IdrGrRAN2Wp3U7QI.JIzuEtxLCwrNT9pKlY1rgxYhl3RtaNJEQW.', 6),
('$2a$10$1IdrGrRAN2Wp3U7QI.JIzu4HeueVNdaHPs3H5dOkHoKyKmOv2LOTy', TIMESTAMP '2019-12-10 08:19:00.424', TRUE, 22, '$2a$10$1IdrGrRAN2Wp3U7QI.JIzuZjktzIdpQANYKKzwjQ2AG3JLRied3ZC', 7),
('$2a$10$1IdrGrRAN2Wp3U7QI.JIzuYBfqBJ8KRURXGBEFD1NIy8BIUtxNH8i', TIMESTAMP '2019-12-10 08:19:01.594', TRUE, 22, '$2a$10$1IdrGrRAN2Wp3U7QI.JIzu4HeueVNdaHPs3H5dOkHoKyKmOv2LOTy', 10),
('$2a$10$1IdrGrRAN2Wp3U7QI.JIzuj.6MAo8TWBWCw/Az7uRlus4mRiLJh/i', TIMESTAMP '2019-12-10 08:19:01.951', TRUE, 22, '$2a$10$1IdrGrRAN2Wp3U7QI.JIzu4HeueVNdaHPs3H5dOkHoKyKmOv2LOTy', 11),
('$2a$10$1IdrGrRAN2Wp3U7QI.JIzukLk9n0nP/KZdEWe.TYbRMKT7d5wS9rm', TIMESTAMP '2019-12-10 08:19:04.855', FALSE, 22, '$2a$10$1IdrGrRAN2Wp3U7QI.JIzu4HeueVNdaHPs3H5dOkHoKyKmOv2LOTy', 12),
('$2a$10$1IdrGrRAN2Wp3U7QI.JIzuLWYmX8a8mYTh.vjJc7tXFvw8MYTRxn6', TIMESTAMP '2019-12-10 08:18:59.572', TRUE, 22, NULL, 13),
('$2a$10$1IdrGrRAN2Wp3U7QI.JIzumlcpwp8brtUDnbFrq3yf2CMP0CBmGkS', TIMESTAMP '2019-12-10 08:19:00.006', TRUE, 22, NULL, 15),
('$2a$10$1IdrGrRAN2Wp3U7QI.JIzupVvL.A.5dYSm7rGT0GBv1hPhN0oHIb2', TIMESTAMP '2019-12-10 08:19:02.785', TRUE, 22, NULL, 9),
('$2a$10$1IdrGrRAN2Wp3U7QI.JIzu5kxuD9IiiPFdcwyhozqhvbAy0ZE3UIy', TIMESTAMP '2019-12-10 08:19:03.167', TRUE, 22, NULL, 16),
('$2a$10$1IdrGrRAN2Wp3U7QI.JIzuWpvcrZ.M0VWtIrLxjdUF9DDvCTqEyxi', TIMESTAMP '2019-12-10 08:19:03.5', TRUE, 22, NULL, 20),
('$2a$10$1IdrGrRAN2Wp3U7QI.JIzutiQDHi8vodSsYuDPKvp8FraWGUTlwFG', TIMESTAMP '2019-12-10 08:19:03.851', TRUE, 22, NULL, 18),
('$2a$10$1IdrGrRAN2Wp3U7QI.JIzuidRK2esq5qotXMifey0buhheoxNToqO', TIMESTAMP '2019-12-10 08:19:04.231', TRUE, 22, NULL, 14),
('$2a$10$1IdrGrRAN2Wp3U7QI.JIzu6Bp5DRTXJoaGWZwPuxZlqWxdkXxzepO', TIMESTAMP '2019-12-10 08:19:04.543', TRUE, 22, NULL, 19);
CREATE MEMORY TABLE "PUBLIC"."COMMENTS"(
"ID" BIGINT NOT NULL,
"CREATED_AT" TIMESTAMP NOT NULL,
"UPDATED_AT" TIMESTAMP NOT NULL,
"COMMENT" VARCHAR(255) NOT NULL,
"CREATED_BY_ID" BIGINT NOT NULL,
"PARENT_ID" BIGINT,
"PROPOSAL_ID" BIGINT NOT NULL
);
ALTER TABLE "PUBLIC"."COMMENTS" ADD CONSTRAINT "PUBLIC"."CONSTRAINT_A" PRIMARY KEY("ID");
-- 129 +/- SELECT COUNT(*) FROM PUBLIC.COMMENTS;
INSERT INTO "PUBLIC"."COMMENTS" VALUES
(194, TIMESTAMP '2019-12-09 08:18:39.401', TIMESTAMP '2019-12-09 08:18:39.401', 'Comment on root level. I really like this idea, but needs to be improved. 1575875919379', 13, NULL, 193),
(195, TIMESTAMP '2019-12-09 08:18:39.411', TIMESTAMP '2019-12-09 08:18:39.411', 'Reply 0 Lorem ipsum dolor sit amet, consectetur adipiscing', 16, 194, 193),
(196, TIMESTAMP '2019-12-09 08:18:39.415', TIMESTAMP '2019-12-09 08:18:39.415', 'Reply 1 Lorem ipsum dolor sit amet, consectetur adipiscing elit, sed do eiusmod tempo', 16, 194, 193),
(197, TIMESTAMP '2019-12-09 08:18:39.42', TIMESTAMP '2019-12-09 08:18:39.42', 'Reply 2 Lorem ipsum dolor sit amet, consectetur adipiscing elit, sed do ei', 18, 194, 193),
(199, TIMESTAMP '2019-12-09 08:18:39.546', TIMESTAMP '2019-12-09 08:18:39.546', 'Comment on root level. I really like this idea, but needs to be improved. 1575875919544', 5, NULL, 198),
(200, TIMESTAMP '2019-12-09 08:18:39.551', TIMESTAMP '2019-12-09 08:18:39.551', 'Reply 0 Lorem ipsum dolor sit amet, consectetur adipiscing elit, sed do eiusmod tempor in', 14, 199, 198),
(201, TIMESTAMP '2019-12-09 08:18:39.555', TIMESTAMP '2019-12-09 08:18:39.555', 'Reply 1 Lorem ipsum dolor sit amet, consectetur adipiscing elit, sed do eiusmod tempor', 18, 199, 198),
(202, TIMESTAMP '2019-12-09 08:18:39.563', TIMESTAMP '2019-12-09 08:18:39.563', 'Reply 2 Lorem ipsum dolor sit amet, consectetur adipiscing elit, sed do eiusmod tem', 12, 199, 198),
(204, TIMESTAMP '2019-12-09 08:18:39.622', TIMESTAMP '2019-12-09 08:18:39.622', 'Comment on root level. I really like this idea, but needs to be improved. 1575875919621', 17, NULL, 203),
(205, TIMESTAMP '2019-12-09 08:18:39.626', TIMESTAMP '2019-12-09 08:18:39.626', 'Reply 0 Lorem ipsum dolor sit amet, consecte', 20, 204, 203),
(206, TIMESTAMP '2019-12-09 08:18:39.628', TIMESTAMP '2019-12-09 08:18:39.628', 'Reply 1 Lorem ipsum dolor sit amet, consectetur adipiscing elit, sed do ', 2, 204, 203),
(207, TIMESTAMP '2019-12-09 08:18:39.631', TIMESTAMP '2019-12-09 08:18:39.631', 'Reply 2 Lorem ipsum dolor sit amet, consectetur adipiscing elit, sed do eiusmod tempor incididunt ut labo', 1, 204, 203),
(208, TIMESTAMP '2019-12-09 08:18:39.634', TIMESTAMP '2019-12-09 08:18:39.634', 'Reply 3 Lorem ipsum dolor sit amet, consectetur adipiscing elit, sed do eiusmod tempor incididunt ut', 16, 204, 203),
(209, TIMESTAMP '2019-12-09 08:18:39.637', TIMESTAMP '2019-12-09 08:18:39.637', 'Reply 4 Lorem ipsum dolor sit amet, consectetur adipiscing elit, sed do eiusmod tempor incididun', 3, 204, 203),
(210, TIMESTAMP '2019-12-09 08:18:39.64', TIMESTAMP '2019-12-09 08:18:39.64', 'Reply 5 Lorem ipsum dolor sit amet, consectetur adipiscing elit,', 11, 204, 203),
(212, TIMESTAMP '2019-12-09 08:18:39.69', TIMESTAMP '2019-12-09 08:18:39.69', 'Comment on root level. I really like this idea, but needs to be improved. 1575875919688', 9, NULL, 211),
(213, TIMESTAMP '2019-12-09 08:18:39.694', TIMESTAMP '2019-12-09 08:18:39.694', 'Reply 0 Lorem ipsum dolor sit amet, consectetur adipiscing elit, sed do eiusmod tempor incididunt ut ', 19, 212, 211),
(214, TIMESTAMP '2019-12-09 08:18:39.698', TIMESTAMP '2019-12-09 08:18:39.698', 'Reply 1 Lorem ipsum dolor sit amet, consectetur adipiscing elit, sed do eiusmod tempor incididunt ut ', 16, 212, 211),
(215, TIMESTAMP '2019-12-09 08:18:39.7', TIMESTAMP '2019-12-09 08:18:39.7', 'Reply 2 Lorem ipsum dolor sit amet, consect', 18, 212, 211),
(216, TIMESTAMP '2019-12-09 08:18:39.703', TIMESTAMP '2019-12-09 08:18:39.703', 'Reply 3 Lorem ipsum dolor ', 5, 212, 211),
(218, TIMESTAMP '2019-12-09 08:18:39.757', TIMESTAMP '2019-12-09 08:18:39.757', 'Comment on root level. I really like this idea, but needs to be improved. 1575875919755', 13, NULL, 217),
(219, TIMESTAMP '2019-12-09 08:18:39.762', TIMESTAMP '2019-12-09 08:18:39.762', 'Reply 0 Lorem ipsum dolo', 7, 218, 217),
(220, TIMESTAMP '2019-12-09 08:18:39.765', TIMESTAMP '2019-12-09 08:18:39.765', 'Reply 1 Lorem ipsum dolor sit amet, consectetur adipiscing elit, sed do ', 18, 218, 217),
(231, TIMESTAMP '2019-12-09 08:18:47.981', TIMESTAMP '2019-12-09 08:18:47.981', 'Comment on root level. I really like this idea, but needs to be improved. 1575875927980', 5, NULL, 230);
INSERT INTO "PUBLIC"."COMMENTS" VALUES
(232, TIMESTAMP '2019-12-09 08:18:47.984', TIMESTAMP '2019-12-09 08:18:47.984', 'Reply 0 Lorem ipsum d', 18, 231, 230),
(233, TIMESTAMP '2019-12-09 08:18:47.986', TIMESTAMP '2019-12-09 08:18:47.986', 'Reply 1 Lorem ipsum dolor sit amet, consectetur adipiscing elit, sed do eiusmod tempor inc', 6, 231, 230),
(234, TIMESTAMP '2019-12-09 08:18:47.988', TIMESTAMP '2019-12-09 08:18:47.988', 'Reply 2 Lorem ipsum dolor sit amet, consecte', 20, 231, 230),
(235, TIMESTAMP '2019-12-09 08:18:47.991', TIMESTAMP '2019-12-09 08:18:47.991', 'Reply 3 Lorem ipsum dolor sit amet', 20, 231, 230),
(236, TIMESTAMP '2019-12-09 08:18:47.994', TIMESTAMP '2019-12-09 08:18:47.994', 'Reply 4 Lorem ipsum dolor sit amet', 7, 231, 230),
(239, TIMESTAMP '2019-12-09 08:18:48.077', TIMESTAMP '2019-12-09 08:18:48.077', 'Comment on root level. I really like this idea, but needs to be improved. 1575875928076', 2, NULL, 238),
(240, TIMESTAMP '2019-12-09 08:18:48.081', TIMESTAMP '2019-12-09 08:18:48.081', 'Reply 0 Lorem ipsum dolor sit amet, consectetur adipiscing elit, sed ', 13, 239, 238),
(241, TIMESTAMP '2019-12-09 08:18:48.086', TIMESTAMP '2019-12-09 08:18:48.086', 'Reply 1 Lorem ipsu', 18, 239, 238),
(242, TIMESTAMP '2019-12-09 08:18:48.09', TIMESTAMP '2019-12-09 08:18:48.09', 'Reply 2 Lorem ipsum dolor sit amet, consectetur adipiscing elit, sed do eiusmod tempor incididun', 10, 239, 238),
(243, TIMESTAMP '2019-12-09 08:18:48.094', TIMESTAMP '2019-12-09 08:18:48.094', 'Reply 3 Lorem ipsum dolor sit amet, consectetur adipiscing elit, sed do eiu', 7, 239, 238),
(244, TIMESTAMP '2019-12-09 08:18:48.098', TIMESTAMP '2019-12-09 08:18:48.098', 'Reply 4 Lorem ipsum dolor sit amet, consectetur adipiscing elit, sed do eiusmod t', 13, 239, 238),
(246, TIMESTAMP '2019-12-09 08:18:48.168', TIMESTAMP '2019-12-09 08:18:48.168', 'Comment on root level. I really like this idea, but needs to be improved. 1575875928166', 12, NULL, 245),
(247, TIMESTAMP '2019-12-09 08:18:48.171', TIMESTAMP '2019-12-09 08:18:48.171', 'Reply 0 Lorem ipsum dolor sit amet, consecte', 17, 246, 245),
(248, TIMESTAMP '2019-12-09 08:18:48.174', TIMESTAMP '2019-12-09 08:18:48.174', 'Reply 1 Lorem ipsum dolor sit amet, consectetur adipiscing elit, sed do eius', 7, 246, 245),
(249, TIMESTAMP '2019-12-09 08:18:48.177', TIMESTAMP '2019-12-09 08:18:48.177', 'Reply 2 Lorem ipsum dolor sit amet, consec', 7, 246, 245),
(251, TIMESTAMP '2019-12-09 08:18:48.244', TIMESTAMP '2019-12-09 08:18:48.244', 'Comment on root level. I really like this idea, but needs to be improved. 1575875928243', 4, NULL, 250),
(252, TIMESTAMP '2019-12-09 08:18:48.247', TIMESTAMP '2019-12-09 08:18:48.247', 'Reply 0 Lorem ipsum dolor sit amet, con', 10, 251, 250),
(253, TIMESTAMP '2019-12-09 08:18:48.249', TIMESTAMP '2019-12-09 08:18:48.249', 'Reply 1 Lorem ipsum dolor sit amet,', 12, 251, 250),
(254, TIMESTAMP '2019-12-09 08:18:48.251', TIMESTAMP '2019-12-09 08:18:48.251', 'Reply 2 Lorem ipsum dolor sit amet, consectetur adipiscing elit', 14, 251, 250),
(255, TIMESTAMP '2019-12-09 08:18:48.253', TIMESTAMP '2019-12-09 08:18:48.253', 'Reply 3 Lorem ipsum dolor sit amet, consectetur ad', 3, 251, 250),
(257, TIMESTAMP '2019-12-09 08:18:48.329', TIMESTAMP '2019-12-09 08:18:48.329', 'Comment on root level. I really like this idea, but needs to be improved. 1575875928328', 10, NULL, 256),
(258, TIMESTAMP '2019-12-09 08:18:48.332', TIMESTAMP '2019-12-09 08:18:48.332', 'Reply 0 Lorem ipsum dolor sit amet, consectetur adipiscing elit, sed d', 14, 257, 256),
(259, TIMESTAMP '2019-12-09 08:18:48.335', TIMESTAMP '2019-12-09 08:18:48.335', 'Reply 1 Lorem ipsum dolor sit amet, consectetur adipiscing elit, sed', 11, 257, 256),
(260, TIMESTAMP '2019-12-09 08:18:48.337', TIMESTAMP '2019-12-09 08:18:48.337', 'Reply 2 Lorem ipsum dolor sit ', 8, 257, 256),
(262, TIMESTAMP '2019-12-09 08:18:48.409', TIMESTAMP '2019-12-09 08:18:48.409', 'Comment on root level. I really like this idea, but needs to be improved. 1575875928406', 12, NULL, 261),
(263, TIMESTAMP '2019-12-09 08:18:48.411', TIMESTAMP '2019-12-09 08:18:48.411', 'Reply 0 Lorem ipsum dolor sit amet, consectetur adipiscing elit, sed do eiusmod tempor incididunt ut lab', 14, 262, 261);
INSERT INTO "PUBLIC"."COMMENTS" VALUES
(264, TIMESTAMP '2019-12-09 08:18:48.414', TIMESTAMP '2019-12-09 08:18:48.414', 'Reply 1 Lorem ipsum dolor sit amet, consectetur adipiscing elit, sed do eiusmod tempor incididunt u', 12, 262, 261),
(265, TIMESTAMP '2019-12-09 08:18:48.416', TIMESTAMP '2019-12-09 08:18:48.416', 'Reply 2 Lorem ipsum dolor sit amet, consectetur adipiscing elit, s', 7, 262, 261),
(266, TIMESTAMP '2019-12-09 08:18:48.419', TIMESTAMP '2019-12-09 08:18:48.419', 'Reply 3 Lorem ipsum dolor sit amet, consectetur adipiscing elit, sed do eiusmod tempo', 3, 262, 261),
(269, TIMESTAMP '2019-12-09 08:18:48.486', TIMESTAMP '2019-12-09 08:18:48.486', 'Comment on root level. I really like this idea, but needs to be improved. 1575875928485', 19, NULL, 268),
(270, TIMESTAMP '2019-12-09 08:18:48.489', TIMESTAMP '2019-12-09 08:18:48.489', 'Reply 0 Lorem ipsum dolor sit amet, consectetur adipiscing el', 13, 269, 268),
(271, TIMESTAMP '2019-12-09 08:18:48.492', TIMESTAMP '2019-12-09 08:18:48.492', 'Reply 1 Lorem ipsum d', 15, 269, 268),
(272, TIMESTAMP '2019-12-09 08:18:48.495', TIMESTAMP '2019-12-09 08:18:48.495', 'Reply 2 Lorem ipsum dolor sit amet, consectetur', 18, 269, 268),
(273, TIMESTAMP '2019-12-09 08:18:48.498', TIMESTAMP '2019-12-09 08:18:48.498', 'Reply 3 Lorem ipsum dolor sit amet, consectetur adipiscing elit, sed do eiusmod tempor incididunt ut labo', 5, 269, 268),
(274, TIMESTAMP '2019-12-09 08:18:48.501', TIMESTAMP '2019-12-09 08:18:48.501', 'Reply 4 Lorem ipsum dolor sit amet, consectetur adipiscing elit, se', 10, 269, 268),
(275, TIMESTAMP '2019-12-09 08:18:48.504', TIMESTAMP '2019-12-09 08:18:48.504', 'Reply 5 Lorem ipsum dolor sit amet, consectetur adipiscing elit, se', 13, 269, 268),
(277, TIMESTAMP '2019-12-09 08:18:48.569', TIMESTAMP '2019-12-09 08:18:48.569', 'Comment on root level. I really like this idea, but needs to be improved. 1575875928568', 10, NULL, 276),
(278, TIMESTAMP '2019-12-09 08:18:48.571', TIMESTAMP '2019-12-09 08:18:48.571', 'Reply 0 Lorem ipsum dolor sit amet, consectetur adipiscing elit, sed', 6, 277, 276),
(279, TIMESTAMP '2019-12-09 08:18:48.573', TIMESTAMP '2019-12-09 08:18:48.573', 'Reply 1 Lorem ipsum dolor sit amet, consectetur adipiscing elit, sed do eiusmod tempor', 13, 277, 276),
(280, TIMESTAMP '2019-12-09 08:18:48.577', TIMESTAMP '2019-12-09 08:18:48.577', 'Reply 2 Lorem ipsum dolor sit amet, consectetur adipiscing elit, sed do eiusmod tempor incididunt ut labor', 8, 277, 276),
(281, TIMESTAMP '2019-12-09 08:18:48.579', TIMESTAMP '2019-12-09 08:18:48.579', 'Reply 3 Lorem ipsum do', 19, 277, 276),
(282, TIMESTAMP '2019-12-09 08:18:48.581', TIMESTAMP '2019-12-09 08:18:48.581', 'Reply 4 Lorem ipsum dolor sit amet, consectetur adipiscing elit, sed do eiusmod tempor incidi', 20, 277, 276),
(284, TIMESTAMP '2019-12-09 08:18:48.638', TIMESTAMP '2019-12-09 08:18:48.638', 'Comment on root level. I really like this idea, but needs to be improved. 1575875928637', 20, NULL, 283),
(285, TIMESTAMP '2019-12-09 08:18:48.64', TIMESTAMP '2019-12-09 08:18:48.64', 'Reply 0 Lorem ipsum dolor sit amet, consectetur adipiscing elit, sed do eiusmod tempor incididun', 5, 284, 283),
(286, TIMESTAMP '2019-12-09 08:18:48.643', TIMESTAMP '2019-12-09 08:18:48.643', 'Reply 1 Lorem ipsum dolor', 10, 284, 283),
(287, TIMESTAMP '2019-12-09 08:18:48.645', TIMESTAMP '2019-12-09 08:18:48.645', 'Reply 2 Lorem ipsum dolor sit amet, consecte', 13, 284, 283),
(289, TIMESTAMP '2019-12-09 08:18:48.71', TIMESTAMP '2019-12-09 08:18:48.71', 'Comment on root level. I really like this idea, but needs to be improved. 1575875928709', 17, NULL, 288),
(290, TIMESTAMP '2019-12-09 08:18:48.712', TIMESTAMP '2019-12-09 08:18:48.712', 'Reply 0 Lorem ipsum do', 7, 289, 288),
(291, TIMESTAMP '2019-12-09 08:18:48.715', TIMESTAMP '2019-12-09 08:18:48.715', 'Reply 1 Lorem ipsum dolor sit amet, consect', 12, 289, 288),
(292, TIMESTAMP '2019-12-09 08:18:48.717', TIMESTAMP '2019-12-09 08:18:48.717', 'Reply 2 Lorem ipsum dolor sit amet, consectetur adipiscing ', 18, 289, 288),
(293, TIMESTAMP '2019-12-09 08:18:48.719', TIMESTAMP '2019-12-09 08:18:48.719', 'Reply 3 Lorem ipsum dolor sit amet, consec', 7, 289, 288);
INSERT INTO "PUBLIC"."COMMENTS" VALUES
(294, TIMESTAMP '2019-12-09 08:18:48.721', TIMESTAMP '2019-12-09 08:18:48.721', 'Reply 4 Lorem ipsum dolor sit amet, consectetur adipiscing elit, se', 4, 289, 288),
(296, TIMESTAMP '2019-12-09 08:18:48.885', TIMESTAMP '2019-12-09 08:18:48.885', 'Comment on root level. I really like this idea, but needs to be improved. 1575875928884', 17, NULL, 295),
(297, TIMESTAMP '2019-12-09 08:18:48.887', TIMESTAMP '2019-12-09 08:18:48.887', 'Reply 0 Lorem ipsum dolor sit amet, consectetur adipiscing elit, sed do eiusmod', 1, 296, 295),
(298, TIMESTAMP '2019-12-09 08:18:48.891', TIMESTAMP '2019-12-09 08:18:48.891', 'Reply 1 Lorem ipsum dolor sit amet, consectetur adipiscing elit, sed do eiusmod tempor incididunt ut l', 5, 296, 295),
(299, TIMESTAMP '2019-12-09 08:18:48.894', TIMESTAMP '2019-12-09 08:18:48.894', 'Reply 2 Lorem ipsum dolor sit amet, consectetur a', 15, 296, 295),
(300, TIMESTAMP '2019-12-09 08:18:48.897', TIMESTAMP '2019-12-09 08:18:48.897', 'Reply 3 Lorem ipsum dolor sit amet, consectetur adipiscing elit, sed do eiusmod tempor incididunt u', 10, 296, 295),
(301, TIMESTAMP '2019-12-09 08:18:48.9', TIMESTAMP '2019-12-09 08:18:48.9', 'Reply 4 Lorem ipsum dolor sit amet, consectetur ', 8, 296, 295),
(302, TIMESTAMP '2019-12-09 08:18:48.903', TIMESTAMP '2019-12-09 08:18:48.903', 'Reply 5 Lorem ipsum dolor sit amet, consectetur adipiscing elit, sed do eiusmod tempor incididu', 7, 296, 295),
(305, TIMESTAMP '2019-12-09 08:18:48.959', TIMESTAMP '2019-12-09 08:18:48.959', 'Comment on root level. I really like this idea, but needs to be improved. 1575875928958', 10, NULL, 304),
(306, TIMESTAMP '2019-12-09 08:18:48.961', TIMESTAMP '2019-12-09 08:18:48.961', 'Reply 0 Lorem ipsum dol', 6, 305, 304),
(307, TIMESTAMP '2019-12-09 08:18:48.963', TIMESTAMP '2019-12-09 08:18:48.963', 'Reply 1 Lorem ipsum dolor', 20, 305, 304),
(308, TIMESTAMP '2019-12-09 08:18:48.965', TIMESTAMP '2019-12-09 08:18:48.965', 'Reply 2 Lorem ipsum dolor sit amet, consectetur adipiscing elit, sed do eiusmod tempor inci', 8, 305, 304),
(310, TIMESTAMP '2019-12-09 08:18:49.011', TIMESTAMP '2019-12-09 08:18:49.011', 'Comment on root level. I really like this idea, but needs to be improved. 1575875929010', 20, NULL, 309),
(311, TIMESTAMP '2019-12-09 08:18:49.016', TIMESTAMP '2019-12-09 08:18:49.016', 'Reply 0 Lorem ipsum dolor sit amet, consectetur adipiscing elit, sed do e', 7, 310, 309),
(312, TIMESTAMP '2019-12-09 08:18:49.019', TIMESTAMP '2019-12-09 08:18:49.019', 'Reply 1 Lorem ipsum dolor sit amet, consectetur adipiscing elit, sed do eiusmod tempor', 7, 310, 309),
(313, TIMESTAMP '2019-12-09 08:18:49.021', TIMESTAMP '2019-12-09 08:18:49.021', 'Reply 2 Lorem ipsum dolor sit amet, consectetur adipiscing el', 2, 310, 309),
(314, TIMESTAMP '2019-12-09 08:18:49.023', TIMESTAMP '2019-12-09 08:18:49.023', 'Reply 3 Lorem ipsum dolor sit amet, consectetur adipiscing elit, sed do eiusmod tempor ', 14, 310, 309),
(315, TIMESTAMP '2019-12-09 08:18:49.028', TIMESTAMP '2019-12-09 08:18:49.028', 'Reply 4 Lorem ipsum dolor sit amet, consectetur adipiscing elit, sed do eiusmod tempor incididunt ut', 12, 310, 309),
(317, TIMESTAMP '2019-12-09 08:18:49.098', TIMESTAMP '2019-12-09 08:18:49.098', 'Comment on root level. I really like this idea, but needs to be improved. 1575875929097', 9, NULL, 316),
(318, TIMESTAMP '2019-12-09 08:18:49.1', TIMESTAMP '2019-12-09 08:18:49.1', 'Reply 0 Lorem ipsum dolor sit amet, consectetur adipiscing elit, sed do eiusmod tempor incid', 6, 317, 316),
(319, TIMESTAMP '2019-12-09 08:18:49.102', TIMESTAMP '2019-12-09 08:18:49.102', 'Reply 1 Lorem ipsum dolor sit amet, consectetur adipiscing el', 7, 317, 316),
(320, TIMESTAMP '2019-12-09 08:18:49.103', TIMESTAMP '2019-12-09 08:18:49.103', 'Reply 2 Lorem ipsum dolor ', 16, 317, 316),
(321, TIMESTAMP '2019-12-09 08:18:49.105', TIMESTAMP '2019-12-09 08:18:49.105', 'Reply 3 Lorem ipsum dolor sit amet, consectetur adi', 20, 317, 316),
(322, TIMESTAMP '2019-12-09 08:18:49.106', TIMESTAMP '2019-12-09 08:18:49.106', 'Reply 4 Lorem ipsum dolor sit amet, consectetur adipiscing elit, sed do eiusmod tempor incididun', 3, 317, 316);
INSERT INTO "PUBLIC"."COMMENTS" VALUES
(324, TIMESTAMP '2019-12-09 08:18:49.154', TIMESTAMP '2019-12-09 08:18:49.154', 'Comment on root level. I really like this idea, but needs to be improved. 1575875929153', 18, NULL, 323),
(325, TIMESTAMP '2019-12-09 08:18:49.156', TIMESTAMP '2019-12-09 08:18:49.156', 'Reply 0 Lorem ipsum dolor sit amet, consectetur adipiscing elit, sed do eiusmod te', 6, 324, 323),
(326, TIMESTAMP '2019-12-09 08:18:49.158', TIMESTAMP '2019-12-09 08:18:49.158', 'Reply 1 Lorem ipsum dolor sit amet, consectetur adipiscing elit, s', 1, 324, 323),
(327, TIMESTAMP '2019-12-09 08:18:49.16', TIMESTAMP '2019-12-09 08:18:49.16', 'Reply 2 Lorem ipsum dolor sit amet, consec', 17, 324, 323),
(328, TIMESTAMP '2019-12-09 08:18:49.161', TIMESTAMP '2019-12-09 08:18:49.161', 'Reply 3 Lorem ipsum dolor sit amet, consectetur adipiscing elit, sed do eiusmod tempor incididunt ut ', 9, 324, 323),
(329, TIMESTAMP '2019-12-09 08:18:49.163', TIMESTAMP '2019-12-09 08:18:49.163', 'Reply 4 Lorem ipsum dolor sit amet, consectetur adipiscing elit, sed do eiusmod temp', 7, 324, 323),
(347, TIMESTAMP '2019-12-09 08:18:58.216', TIMESTAMP '2019-12-09 08:18:58.216', 'Comment on root level. I really like this idea, but needs to be improved. 1575875938213', 11, NULL, 346),
(348, TIMESTAMP '2019-12-09 08:18:58.221', TIMESTAMP '2019-12-09 08:18:58.221', 'Reply 0 Lorem ipsum dolor sit ame', 5, 347, 346),
(349, TIMESTAMP '2019-12-09 08:18:58.227', TIMESTAMP '2019-12-09 08:18:58.227', 'Reply 1 Lorem ipsum dolor sit amet, co', 18, 347, 346),
(350, TIMESTAMP '2019-12-09 08:18:58.232', TIMESTAMP '2019-12-09 08:18:58.232', 'Reply 2 Lorem ipsum dolor sit amet, consectetur adipiscing elit, sed do eiusmod tempor inc', 17, 347, 346),
(353, TIMESTAMP '2019-12-09 08:18:58.31', TIMESTAMP '2019-12-09 08:18:58.31', 'Comment on root level. I really like this idea, but needs to be improved. 1575875938307', 6, NULL, 352),
(354, TIMESTAMP '2019-12-09 08:18:58.325', TIMESTAMP '2019-12-09 08:18:58.325', 'Reply 0 Lorem ipsum dolor sit amet, consec', 19, 353, 352),
(355, TIMESTAMP '2019-12-09 08:18:58.333', TIMESTAMP '2019-12-09 08:18:58.333', 'Reply 1 Lorem ipsum dolor sit amet, consectetur adipiscing elit, sed do eiusmod tempor incididunt ut labore', 11, 353, 352),
(356, TIMESTAMP '2019-12-09 08:18:58.373', TIMESTAMP '2019-12-09 08:18:58.373', 'Reply 2 Lorem ipsum dolor sit amet, consectetur adipiscing elit, sed do eiusmo', 14, 353, 352),
(357, TIMESTAMP '2019-12-09 08:18:58.378', TIMESTAMP '2019-12-09 08:18:58.378', 'Reply 3 Lorem ipsum dolor sit amet, consectetur adipiscing ', 3, 353, 352),
(359, TIMESTAMP '2019-12-09 08:18:58.572', TIMESTAMP '2019-12-09 08:18:58.572', 'Comment on root level. I really like this idea, but needs to be improved. 1575875938568', 17, NULL, 358),
(360, TIMESTAMP '2019-12-09 08:18:58.578', TIMESTAMP '2019-12-09 08:18:58.578', 'Reply 0 Lorem ipsum dolor sit amet, ', 7, 359, 358),
(361, TIMESTAMP '2019-12-09 08:18:58.586', TIMESTAMP '2019-12-09 08:18:58.586', 'Reply 1 Lorem ipsum dolor sit amet, consectetur adipiscing el', 7, 359, 358),
(363, TIMESTAMP '2019-12-09 08:18:58.735', TIMESTAMP '2019-12-09 08:18:58.735', 'Comment on root level. I really like this idea, but needs to be improved. 1575875938731', 5, NULL, 362),
(364, TIMESTAMP '2019-12-09 08:18:58.747', TIMESTAMP '2019-12-09 08:18:58.747', 'Reply 0 Lorem ipsum dolor sit amet, consectetur adipiscing elit, sed do eiusmod ', 11, 363, 362),
(365, TIMESTAMP '2019-12-09 08:18:58.761', TIMESTAMP '2019-12-09 08:18:58.761', 'Reply 1 Lorem ipsum dolor s', 15, 363, 362),
(366, TIMESTAMP '2019-12-09 08:18:58.794', TIMESTAMP '2019-12-09 08:18:58.794', 'Reply 2 Lorem ipsum dolor sit amet, consectetur adipiscing elit, sed do eiusmod tempor i', 4, 363, 362),
(367, TIMESTAMP '2019-12-09 08:18:58.806', TIMESTAMP '2019-12-09 08:18:58.806', 'Reply 3 Lorem ipsum dolor sit amet, consectetur adipiscing elit, sed do eiu', 3, 363, 362),
(369, TIMESTAMP '2019-12-09 08:18:59.016', TIMESTAMP '2019-12-09 08:18:59.016', 'Comment on root level. I really like this idea, but needs to be improved. 1575875939012', 10, NULL, 368);
INSERT INTO "PUBLIC"."COMMENTS" VALUES
(370, TIMESTAMP '2019-12-09 08:18:59.021', TIMESTAMP '2019-12-09 08:18:59.021', 'Reply 0 Lorem ipsum dolor sit amet, consectetur adipiscing elit,', 4, 369, 368),
(371, TIMESTAMP '2019-12-09 08:18:59.025', TIMESTAMP '2019-12-09 08:18:59.025', 'Reply 1 Lorem ipsum dolor sit amet, consectetur adipiscing elit, sed do eiusmod tempor incidi', 5, 369, 368),
(372, TIMESTAMP '2019-12-09 08:18:59.032', TIMESTAMP '2019-12-09 08:18:59.032', 'Reply 2 Lorem ipsum dolor sit amet, consectetur adipiscing elit, sed do eius', 18, 369, 368),
(373, TIMESTAMP '2019-12-09 08:18:59.05', TIMESTAMP '2019-12-09 08:18:59.05', 'Reply 3 Lorem ipsum dolor sit amet, consect', 10, 369, 368),
(374, TIMESTAMP '2019-12-09 08:18:59.055', TIMESTAMP '2019-12-09 08:18:59.055', 'Reply 4 Lorem ipsum dolor sit amet, consectetur adipiscing elit, sed do eiusmod tempor incididunt ut lab', 6, 369, 368),
(375, TIMESTAMP '2019-12-09 08:18:59.067', TIMESTAMP '2019-12-09 08:18:59.067', 'Reply 5 Lorem ipsum dolor sit amet, consectetur adipiscing elit, sed do eiusmod tempor incididun', 18, 369, 368);
CREATE MEMORY TABLE "PUBLIC"."COMMENTS_DOWN_VOTERS"(
"COMMENT_MODEL_ID" BIGINT NOT NULL,
"DOWN_VOTERS_ID" BIGINT NOT NULL
);
ALTER TABLE "PUBLIC"."COMMENTS_DOWN_VOTERS" ADD CONSTRAINT "PUBLIC"."CONSTRAINT_2" PRIMARY KEY("COMMENT_MODEL_ID", "DOWN_VOTERS_ID");
-- 312 +/- SELECT COUNT(*) FROM PUBLIC.COMMENTS_DOWN_VOTERS;
INSERT INTO "PUBLIC"."COMMENTS_DOWN_VOTERS" VALUES
(194, 15),
(194, 12),
(195, 7),
(195, 16),
(195, 9),
(196, 4),
(196, 13),
(196, 17),
(196, 20),
(196, 14),
(196, 1),
(197, 18),
(197, 1),
(197, 19),
(199, 2),
(199, 7),
(200, 13),
(200, 11),
(201, 17),
(201, 10),
(201, 9),
(202, 18),
(205, 6),
(205, 13),
(206, 2),
(206, 4),
(206, 5),
(206, 9),
(207, 11),
(208, 10),
(208, 5),
(209, 18),
(209, 15),
(210, 7),
(210, 3),
(210, 19),
(210, 12),
(212, 2),
(212, 13),
(215, 6),
(216, 2),
(216, 17),
(216, 1),
(218, 1),
(218, 9),
(219, 20),
(219, 1),
(219, 19),
(220, 14),
(220, 16),
(231, 13),
(233, 2),
(233, 12),
(234, 17),
(234, 14),
(234, 10),
(234, 15),
(234, 5),
(235, 8),
(235, 18),
(235, 20),
(235, 3),
(236, 17),
(236, 14),
(236, 10),
(236, 3),
(239, 2),
(239, 7),
(240, 6),
(240, 18),
(240, 20),
(241, 11),
(241, 10),
(242, 6),
(242, 17),
(242, 7),
(242, 1),
(242, 16),
(243, 2),
(243, 12),
(244, 16),
(244, 5),
(246, 4),
(246, 7),
(246, 16),
(247, 2),
(247, 11),
(247, 14),
(249, 10),
(249, 16),
(249, 9),
(251, 2),
(251, 4),
(251, 12),
(253, 4),
(253, 6),
(253, 12),
(255, 18),
(255, 7),
(255, 16),
(255, 5),
(257, 6),
(257, 17),
(257, 18),
(257, 20),
(257, 12),
(258, 3),
(258, 5),
(258, 9),
(259, 11),
(259, 14),
(260, 20),
(260, 10),
(260, 12),
(262, 3),
(262, 5),
(264, 20),
(264, 7),
(264, 10),
(264, 3),
(264, 9),
(265, 7),
(265, 10),
(266, 1),
(266, 12),
(269, 4),
(269, 20),
(270, 8),
(270, 11),
(270, 20),
(270, 9),
(271, 16),
(272, 11),
(272, 20),
(272, 9),
(273, 3),
(273, 16),
(274, 13),
(274, 20),
(274, 12),
(275, 10),
(275, 12),
(277, 2),
(277, 14),
(277, 1),
(277, 19),
(278, 4),
(278, 13),
(278, 14),
(278, 19),
(278, 12),
(279, 2),
(279, 6),
(279, 15),
(280, 11),
(280, 14),
(280, 10),
(281, 10),
(281, 3),
(282, 14),
(282, 7),
(284, 6),
(284, 1),
(284, 19),
(285, 10),
(285, 12),
(286, 2),
(286, 17),
(289, 6),
(289, 7),
(289, 12),
(290, 2),
(290, 13),
(290, 3),
(290, 5),
(291, 8),
(291, 5),
(291, 9),
(292, 2),
(292, 17),
(292, 7),
(292, 1),
(292, 15),
(292, 5),
(293, 2),
(293, 18),
(294, 9),
(296, 20),
(296, 16),
(296, 12),
(297, 2),
(297, 13),
(297, 14),
(297, 3),
(298, 6),
(298, 19),
(298, 5),
(299, 8),
(299, 17),
(299, 9),
(300, 6),
(300, 3),
(301, 9),
(302, 13),
(302, 1),
(302, 19),
(305, 1),
(305, 9),
(306, 11),
(306, 14),
(306, 5),
(306, 12),
(307, 13),
(308, 6),
(308, 13),
(308, 7),
(308, 19),
(308, 16),
(311, 12),
(312, 2),
(312, 13),
(312, 8),
(313, 4),
(313, 6),
(313, 19),
(313, 16),
(313, 9),
(314, 13),
(314, 17),
(315, 20),
(317, 6),
(317, 15),
(317, 16),
(317, 5),
(318, 16),
(319, 13),
(319, 8),
(319, 3),
(320, 13),
(320, 7),
(321, 2),
(321, 13),
(321, 8),
(321, 1),
(321, 5),
(322, 1),
(322, 3),
(322, 15),
(324, 4),
(324, 8),
(324, 3),
(324, 9),
(325, 17),
(326, 3),
(326, 9),
(327, 2),
(327, 20),
(327, 1),
(327, 12),
(328, 20),
(329, 13),
(347, 13),
(347, 14),
(348, 18),
(349, 14),
(349, 3),
(349, 19),
(349, 16),
(350, 4),
(350, 8),
(353, 7),
(353, 16),
(354, 11),
(354, 10),
(354, 1),
(354, 12),
(356, 5),
(357, 4),
(357, 8),
(357, 20),
(357, 3),
(357, 9),
(360, 10),
(360, 19),
(363, 4),
(363, 6),
(363, 18),
(363, 17),
(363, 3),
(364, 11),
(364, 10),
(364, 5),
(365, 8),
(365, 10),
(365, 1),
(366, 11),
(369, 8),
(369, 14),
(369, 3),
(369, 19),
(370, 11),
(370, 10),
(371, 3),
(371, 5),
(372, 10),
(373, 6),
(374, 18),
(374, 7),
(374, 15),
(374, 5),
(374, 12),
(375, 18);
CREATE MEMORY TABLE "PUBLIC"."COMMENTS_UP_VOTERS"(
"COMMENT_MODEL_ID" BIGINT NOT NULL,
"UP_VOTERS_ID" BIGINT NOT NULL
);
ALTER TABLE "PUBLIC"."COMMENTS_UP_VOTERS" ADD CONSTRAINT "PUBLIC"."CONSTRAINT_20" PRIMARY KEY("COMMENT_MODEL_ID", "UP_VOTERS_ID");
-- 326 +/- SELECT COUNT(*) FROM PUBLIC.COMMENTS_UP_VOTERS;
INSERT INTO "PUBLIC"."COMMENTS_UP_VOTERS" VALUES
(194, 11),
(194, 8),
(194, 15),
(195, 6),
(195, 8),
(195, 12),
(196, 6),
(196, 18),
(196, 7),
(197, 13),
(199, 17),
(199, 19),
(199, 16),
(199, 5),
(200, 16),
(201, 17),
(201, 3),
(201, 5),
(202, 20),
(202, 1),
(202, 19),
(204, 20),
(204, 14),
(204, 10),
(205, 7),
(205, 3),
(206, 8),
(206, 3),
(206, 12),
(207, 8),
(207, 7),
(207, 19),
(207, 5),
(208, 20),
(208, 19),
(208, 5),
(209, 18),
(209, 10),
(209, 15),
(209, 5),
(210, 8),
(210, 10),
(210, 15),
(212, 14),
(212, 19),
(212, 5),
(213, 6),
(213, 8),
(213, 14),
(214, 4),
(215, 20),
(216, 15),
(216, 9),
(218, 6),
(218, 11),
(218, 9),
(219, 14),
(220, 4),
(220, 2),
(220, 17),
(220, 7),
(220, 5),
(231, 2),
(231, 13),
(231, 20),
(231, 3),
(232, 13),
(232, 7),
(232, 19),
(233, 17),
(233, 14),
(234, 20),
(234, 16),
(234, 15),
(235, 13),
(235, 18),
(235, 14),
(235, 7),
(236, 4),
(236, 5),
(239, 1),
(239, 3),
(240, 8),
(240, 18),
(241, 4),
(241, 17),
(242, 4),
(242, 6),
(242, 10),
(242, 15),
(243, 17),
(243, 20),
(243, 19),
(243, 12),
(244, 12),
(246, 19),
(247, 8),
(248, 6),
(248, 1),
(248, 15),
(248, 5),
(249, 6),
(249, 14),
(249, 10),
(249, 1),
(249, 15),
(251, 11),
(251, 20),
(252, 8),
(252, 17),
(252, 7),
(252, 10),
(252, 19),
(253, 14),
(253, 1),
(254, 4),
(254, 11),
(254, 20),
(255, 5),
(257, 18),
(257, 14),
(258, 20),
(258, 3),
(259, 11),
(259, 12),
(259, 9),
(260, 4),
(260, 5),
(263, 6),
(263, 7),
(263, 12),
(264, 7),
(264, 10),
(266, 4),
(266, 6),
(266, 13),
(266, 18),
(266, 17),
(266, 14),
(266, 1),
(266, 19),
(269, 1),
(269, 16),
(270, 2),
(270, 7),
(270, 19),
(270, 15),
(270, 12),
(271, 5),
(271, 9),
(272, 12),
(272, 9),
(273, 2),
(273, 7),
(274, 2),
(274, 16),
(274, 5),
(275, 11),
(275, 20),
(275, 15),
(275, 12),
(277, 1),
(277, 19),
(277, 5),
(278, 8),
(278, 18),
(278, 7),
(278, 10),
(278, 19),
(279, 4),
(279, 8),
(279, 11),
(279, 15),
(280, 4),
(280, 6),
(280, 20),
(280, 14),
(280, 10),
(281, 2),
(281, 15),
(282, 4),
(282, 14),
(284, 13),
(284, 15),
(285, 4),
(285, 11),
(285, 20),
(285, 10),
(285, 3),
(286, 17),
(287, 7),
(289, 1),
(290, 8),
(290, 10),
(290, 3),
(291, 2),
(291, 11),
(291, 18),
(291, 3),
(291, 5),
(292, 6),
(293, 2),
(293, 18),
(296, 19),
(297, 18),
(297, 19),
(297, 16),
(298, 18),
(298, 7),
(299, 1),
(300, 7),
(300, 1),
(301, 2),
(301, 16),
(301, 9),
(302, 6),
(302, 20),
(302, 5),
(305, 11),
(306, 4),
(306, 13),
(306, 11),
(306, 20),
(306, 16),
(307, 6),
(307, 20),
(307, 9),
(310, 20),
(311, 10),
(311, 12),
(312, 4),
(312, 2),
(312, 6),
(312, 8),
(312, 20),
(312, 9),
(313, 1),
(314, 2),
(314, 13),
(314, 20),
(314, 14),
(314, 9),
(315, 6),
(317, 20),
(317, 1),
(317, 12),
(318, 2),
(318, 11),
(318, 16),
(319, 20),
(320, 1),
(320, 9),
(321, 11),
(324, 6),
(325, 19),
(326, 10),
(327, 1),
(327, 15),
(327, 9),
(328, 10),
(328, 15),
(328, 5),
(329, 3),
(329, 15),
(347, 20),
(347, 14),
(348, 4),
(348, 16),
(348, 9),
(349, 17),
(349, 3),
(349, 16),
(349, 9),
(350, 8),
(350, 17),
(350, 10),
(353, 12),
(354, 2),
(354, 3),
(354, 9),
(355, 8),
(355, 14),
(355, 5),
(356, 4),
(356, 13),
(356, 20),
(356, 3),
(356, 12),
(357, 11),
(357, 17),
(357, 20),
(357, 7),
(357, 10),
(359, 16),
(360, 6),
(361, 13),
(361, 12),
(363, 20),
(363, 7),
(364, 17),
(365, 2),
(365, 20),
(365, 7),
(365, 10),
(365, 3),
(365, 15),
(366, 18),
(367, 8),
(367, 3),
(367, 16),
(367, 12),
(369, 20),
(369, 15),
(369, 12),
(369, 5),
(370, 11),
(371, 17),
(371, 3),
(372, 4),
(372, 7),
(372, 14),
(373, 5),
(374, 1),
(375, 4),
(375, 6),
(375, 19);
CREATE MEMORY TABLE "PUBLIC"."DELEGATIONS"(
"ID" BIGINT NOT NULL,
"CREATED_AT" TIMESTAMP NOT NULL,
"UPDATED_AT" TIMESTAMP NOT NULL,
"REQUESTED_DELEGATION_AT" TIMESTAMP,
"TRANSITIVE" BOOLEAN NOT NULL,
"AREA_ID" BIGINT NOT NULL,
"FROM_USER_ID" BIGINT NOT NULL,
"REQUESTED_DELEGATION_FROM_CHECKSUM_CHECKSUM" VARCHAR(255),
"TO_PROXY_ID" BIGINT NOT NULL
);
ALTER TABLE "PUBLIC"."DELEGATIONS" ADD CONSTRAINT "PUBLIC"."CONSTRAINT_8" PRIMARY KEY("ID");
-- 9 +/- SELECT COUNT(*) FROM PUBLIC.DELEGATIONS;
INSERT INTO "PUBLIC"."DELEGATIONS" VALUES
(221, TIMESTAMP '2019-12-09 08:18:40.809', TIMESTAMP '2019-12-09 08:18:40.809', NULL, TRUE, 22, 2, NULL, 1),
(222, TIMESTAMP '2019-12-09 08:18:41.67', TIMESTAMP '2019-12-09 08:18:41.67', NULL, TRUE, 22, 3, NULL, 1),
(223, TIMESTAMP '2019-12-09 08:18:42.611', TIMESTAMP '2019-12-09 08:18:42.611', NULL, TRUE, 22, 4, NULL, 1),
(224, TIMESTAMP '2019-12-09 08:18:43.251', TIMESTAMP '2019-12-09 08:18:43.251', TIMESTAMP '2019-12-09 08:18:43.25', TRUE, 22, 5, '$2a$10$1IdrGrRAN2Wp3U7QI.JIzuNX3Ud6yFocoawh8dxtXS6Xinvh2wN8O', 2),
(225, TIMESTAMP '2019-12-09 08:18:44.176', TIMESTAMP '2019-12-09 08:18:44.176', NULL, TRUE, 22, 6, NULL, 3),
(226, TIMESTAMP '2019-12-09 08:18:45.277', TIMESTAMP '2019-12-09 08:18:45.277', NULL, TRUE, 22, 7, NULL, 4),
(227, TIMESTAMP '2019-12-09 08:18:46.22', TIMESTAMP '2019-12-09 08:18:46.22', NULL, TRUE, 22, 10, NULL, 7),
(228, TIMESTAMP '2019-12-09 08:18:47.156', TIMESTAMP '2019-12-09 08:18:47.156', NULL, TRUE, 22, 11, NULL, 7),
(229, TIMESTAMP '2019-12-09 08:18:47.942', TIMESTAMP '2019-12-09 08:18:47.942', NULL, FALSE, 22, 12, NULL, 7);
CREATE MEMORY TABLE "PUBLIC"."KEY_VALUE"(
"ID" BIGINT NOT NULL,
"KEY_COL" VARCHAR(255) NOT NULL,
"VALUE_COL" VARCHAR(255)
);
ALTER TABLE "PUBLIC"."KEY_VALUE" ADD CONSTRAINT "PUBLIC"."CONSTRAINT_7" PRIMARY KEY("ID");
-- 0 +/- SELECT COUNT(*) FROM PUBLIC.KEY_VALUE;
CREATE MEMORY TABLE "PUBLIC"."LAWS"(
"ID" BIGINT NOT NULL,
"CREATED_AT" TIMESTAMP NOT NULL,
"UPDATED_AT" TIMESTAMP NOT NULL,
"DESCRIPTION" VARCHAR(1000) NOT NULL,
"REACHED_QUORUM_AT" TIMESTAMP,
"STATUS" INTEGER NOT NULL,
"TITLE" VARCHAR(255) NOT NULL,
"AREA_ID" BIGINT NOT NULL,
"CREATED_BY_ID" BIGINT,
"POLL_ID" BIGINT
);
ALTER TABLE "PUBLIC"."LAWS" ADD CONSTRAINT "PUBLIC"."CONSTRAINT_23" PRIMARY KEY("ID");
-- 188 +/- SELECT COUNT(*) FROM PUBLIC.LAWS;
INSERT INTO "PUBLIC"."LAWS" VALUES
(32, TIMESTAMP '2019-12-08 08:18:31.693', TIMESTAMP '2019-12-09 08:18:31.698', 'gZGMdmKn Lorem ipsum dolor sit amet, consectetur adipiscing elit, sed do eiusmod tempor incididunt ut labore et dolore magna aliqua. Ut enim ad minim veniam, quis nostrud exercitation ullamco laboris nisi ut aliquip ex ea commodo consequat. Duis aute irure', NULL, 0, 'Idea 0 title from TestFixtures', 22, 7, NULL),
(33, TIMESTAMP '2019-12-07 08:18:31.719', TIMESTAMP '2019-12-08 08:18:31.72', 'DsvPBavm Lorem ipsum dolor sit amet, consectetur adipiscing elit, sed do eiusmod tempor incididunt ut labore et dolore magna aliqua. Ut enim ad minim v', NULL, 0, 'Idea 1 that suggest that we definitely need a longer title for ideas', 23, 8, NULL),
(34, TIMESTAMP '2019-12-06 08:18:31.742', TIMESTAMP '2019-12-07 08:18:31.744', '90WOA25s Lorem ipsum dolor sit amet, consectetur adipiscing elit, sed do eiusmod tempor incididunt ut labore et dolore magna aliqua. Ut enim ad minim veniam, quis nostrud exercitation ullamco laboris nis', NULL, 0, 'Idea 2 that suggest that we definitely need a longer title for ideas', 24, 11, NULL),
(35, TIMESTAMP '2019-12-05 08:18:31.84', TIMESTAMP '2019-12-06 08:18:31.841', 'LFedLHRe Lorem ipsum dolor sit amet, consectetur adipiscing elit, sed do eiusmod tempor incididunt ut labore et dolore magna aliqua. Ut enim ad minim veniam, quis nostrud exercitation ullamco laboris nisi ut aliquip ex ea commodo consequat. Duis aute irure dolor in reprehenderit in volup', NULL, 0, 'Idea 3 that suggest that we definitely need a longer title for ideas', 25, 1, NULL),
(36, TIMESTAMP '2019-12-04 08:18:31.92', TIMESTAMP '2019-12-05 08:18:31.921', 'NrRcHwnz Lorem ipsum dolor sit amet, consectetur adipiscing elit, sed do eiusmod tempor incididunt ut labore et dolore magna aliqua. Ut enim ad minim veniam, quis nostrud exercitation ullamco laboris nisi ', NULL, 0, 'Idea 4 that suggest that we definitely need a longer title for ideas', 26, 14, NULL),
(37, TIMESTAMP '2019-12-03 08:18:32.025', TIMESTAMP '2019-12-04 08:18:32.026', '4stdqGQV Lorem ipsum dolor sit amet, consectetur adipiscing elit, sed do eiusmod tempor incididunt ut labore et dolore magna aliqua. Ut enim ad minim veniam, quis nostrud exercitation ullamco laboris nisi ut aliquip ex ea commodo consequat. Duis aute irure dolor in', NULL, 0, 'Idea 5 that suggest that we definitely need a longer title for ideas', 27, 7, NULL),
(38, TIMESTAMP '2019-12-02 08:18:32.062', TIMESTAMP '2019-12-03 08:18:32.063', 'ngbA0ddY Lorem ipsum dolor sit amet, consectetur adipiscing elit, sed do eiusmod tempor incididunt ut labore et dolore magna aliqua. Ut enim ad minim veniam, quis nostrud exercitation ullamco laboris nisi ut', NULL, 0, 'Idea 6 that suggest that we definitely need a longer title for ideas', 28, 8, NULL),
(39, TIMESTAMP '2019-12-01 08:18:32.219', TIMESTAMP '2019-12-02 08:18:32.221', 'ldzEECbs Lorem ipsum dolor sit amet, consectetur adipiscing elit, sed do eiusmod tempor incididunt ut labore et dolore magna aliqua. Ut enim ad minim veniam, quis nostrud exercitation ullamco laboris nisi ut aliquip ex ea commodo consequat. Duis aute irure dolor in reprehenderit in volu', NULL, 0, 'Idea 7 that suggest that we definitely need a longer title for ideas', 29, 20, NULL),
(40, TIMESTAMP '2019-11-30 08:18:32.362', TIMESTAMP '2019-12-01 08:18:32.363', 'mzRztQzl Lorem ipsum dolor sit amet, consectetur adipiscing elit, sed do eiusmod tempor incididunt ut labore et dolore magna aliq', NULL, 0, 'Idea 8 that suggest that we definitely need a longer title for ideas', 30, 18, NULL),
(41, TIMESTAMP '2019-11-29 08:18:32.371', TIMESTAMP '2019-11-30 08:18:32.372', 'lWTvY9mK Lorem ipsum dolor sit amet, consectetur adipiscing elit, sed do eiusmod tempor incididunt ut labore et dolore magna aliqua. Ut enim ad minim veniam, quis nostrud exerci', NULL, 0, 'Idea 9 that suggest that we definitely need a longer title for ideas', 31, 1, NULL),
(42, TIMESTAMP '2019-11-28 08:18:32.413', TIMESTAMP '2019-11-29 08:18:32.415', 'EfoQgywb Lorem ipsum dolor sit amet, consectetur adipiscing e', NULL, 0, 'Idea 10 that suggest that we definitely need a longer title for ideas', 22, 6, NULL);
INSERT INTO "PUBLIC"."LAWS" VALUES
(43, TIMESTAMP '2019-11-27 08:18:32.472', TIMESTAMP '2019-11-28 08:18:32.473', 'L6Po9xyc Lorem ipsum dolor sit amet, consectetur adipiscing elit, sed do eiusmod tempor incididunt ut labore et dolore magna aliqua. Ut enim ad minim veniam, quis nostrud exercitation ullamco laboris nisi ut aliquip ex ea commodo consequat. Duis aute irure dolor in reprehenderit in voluptate velit esse cillum dolore eu fugiat nulla pariatur. Excepteur sint occaecat cupidatat non pr', NULL, 0, 'Idea 11 that suggest that we definitely need a longer title for ideas', 23, 4, NULL),
(44, TIMESTAMP '2019-11-26 08:18:32.499', TIMESTAMP '2019-11-27 08:18:32.5', 'Phq0AQ52 Lorem ipsum dolor sit amet, consectetur adipiscing elit, sed do eiu', NULL, 0, 'Idea 12 that suggest that we definitely need a longer title for ideas', 24, 9, NULL),
(45, TIMESTAMP '2019-11-25 08:18:32.533', TIMESTAMP '2019-11-26 08:18:32.534', 'G64fxWbX Lorem ipsum dolor sit ame', NULL, 0, 'Idea 13 that suggest that we definitely need a longer title for ideas', 25, 19, NULL),
(46, TIMESTAMP '2019-11-24 08:18:32.617', TIMESTAMP '2019-11-25 08:18:32.618', '40EGco8K Lorem ipsum dolor sit amet, consectetur adipiscing elit, sed do eiusmod tempor incididunt ut labore et dolore magna aliqua. Ut enim ad minim veniam, quis nostrud exercitation ullamco laboris nisi ut aliq', NULL, 0, 'Idea 14 that suggest that we definitely need a longer title for ideas', 26, 11, NULL),
(47, TIMESTAMP '2019-11-23 08:18:32.66', TIMESTAMP '2019-11-24 08:18:32.661', 'UBch6eFW Lorem ipsum dolor sit amet, consectetur adipiscing elit, sed do eiusmod tempor incididunt ut labo', NULL, 0, 'Idea 15 that suggest that we definitely need a longer title for ideas', 27, 12, NULL),
(48, TIMESTAMP '2019-11-22 08:18:32.688', TIMESTAMP '2019-11-23 08:18:32.689', 'eqgBm5dA Lorem ipsum dolor sit amet, consectetur adipiscing elit, sed do eiusmod tempor incididunt ut labore et dolore magna aliqua. Ut enim ad minim veniam, quis nostrud exercitation ullamco laboris nisi ut aliquip ex ea commodo consequat. Duis aute irure dolor in reprehenderit in volup', NULL, 0, 'Idea 16 that suggest that we definitely need a longer title for ideas', 28, 9, NULL),
(49, TIMESTAMP '2019-11-21 08:18:32.714', TIMESTAMP '2019-11-22 08:18:32.715', '4eOk8mgF Lorem ipsum dol', NULL, 0, 'Idea 17 that suggest that we definitely need a longer title for ideas', 29, 16, NULL),
(50, TIMESTAMP '2019-11-20 08:18:32.749', TIMESTAMP '2019-11-21 08:18:32.751', 'c2VwrqpT Lorem ipsum dolor sit amet, consectetur adipiscing elit, sed do ', NULL, 0, 'Idea 18 that suggest that we definitely need a longer title for ideas', 30, 7, NULL),
(51, TIMESTAMP '2019-11-19 08:18:32.789', TIMESTAMP '2019-11-20 08:18:32.793', '0uYtHA00 Lorem ipsum dolor sit amet, consectetur adipiscing elit, sed do eiusmod tempor incididunt ut labore et dolore magna a', NULL, 0, 'Idea 19 that suggest that we definitely need a longer title for ideas', 31, 14, NULL),
(52, TIMESTAMP '2019-11-18 08:18:32.88', TIMESTAMP '2019-11-19 08:18:32.881', 'doefyBpn Lorem ipsum dolor sit', NULL, 0, 'Idea 20 that suggest that we definitely need a longer title for ideas', 22, 17, NULL),
(53, TIMESTAMP '2019-11-17 08:18:32.898', TIMESTAMP '2019-11-18 08:18:32.899', 'Faykw74f Lorem ips', NULL, 0, 'Idea 21 that suggest that we definitely need a longer title for ideas', 23, 7, NULL),
(54, TIMESTAMP '2019-11-16 08:18:32.966', TIMESTAMP '2019-11-17 08:18:32.967', 'KfoEpvZW Lorem ipsum dolor sit amet, consectetur adipiscing elit, sed do ei', NULL, 0, 'Idea 22 that suggest that we definitely need a longer title for ideas', 24, 13, NULL),
(55, TIMESTAMP '2019-11-15 08:18:33.017', TIMESTAMP '2019-11-16 08:18:33.018', 'BVsmdS2P Lorem ipsum dolor sit amet, consectetur adipiscing elit, sed do eiusmod tempor incididunt ut labore et dolore magna aliqua. Ut enim ad minim veniam, quis nostrud exercitation ullamco laboris nisi ut aliquip ex ea commodo consequat. Duis aute irure dolor in reprehenderit in voluptate velit esse cillum dolore eu fugiat nulla pariatur. Excepteur sint occaecat cupidatat non proident, sunt in culpa qu', NULL, 0, 'Idea 23 that suggest that we definitely need a longer title for ideas', 25, 6, NULL);
INSERT INTO "PUBLIC"."LAWS" VALUES
(56, TIMESTAMP '2019-11-14 08:18:33.031', TIMESTAMP '2019-11-15 08:18:33.033', 'yTef9d4p Lorem ipsum dolor sit amet, consectetur adipiscing elit, sed do eiusmod tempor incididunt ut labore et dolore magna aliqua. Ut enim ad minim veniam, quis nostrud exercitation ullamco laboris nisi ut al', NULL, 0, 'Idea 24 that suggest that we definitely need a longer title for ideas', 26, 17, NULL),
(57, TIMESTAMP '2019-11-13 08:18:33.078', TIMESTAMP '2019-11-14 08:18:33.079', 'eVUmsYsS Lorem ipsum dolor sit amet, consectetur adipiscing elit, sed do eiusmod tempor incididunt ut labore et dolore magna aliqua. Ut enim ad minim veniam, quis nostrud exercitation ullamco laboris nisi ut aliquip ex ea commodo consequat. Duis aute irure dolor in reprehenderit in voluptate v', NULL, 0, 'Idea 25 that suggest that we definitely need a longer title for ideas', 27, 7, NULL),
(58, TIMESTAMP '2019-11-12 08:18:33.145', TIMESTAMP '2019-11-13 08:18:33.145', 't5ZEqrTm Lorem ipsum dolor sit amet, consectetur adipisc', NULL, 0, 'Idea 26 that suggest that we definitely need a longer title for ideas', 28, 1, NULL),
(59, TIMESTAMP '2019-11-11 08:18:33.217', TIMESTAMP '2019-11-12 08:18:33.219', 'dMHgf3lP Lorem ipsum dolo', NULL, 0, 'Idea 27 that suggest that we definitely need a longer title for ideas', 29, 12, NULL),
(60, TIMESTAMP '2019-11-10 08:18:33.253', TIMESTAMP '2019-11-11 08:18:33.254', 'rULq6Ffm Lorem ipsum dolor sit amet, consectetur adipiscing elit, sed do eiusmod tempor incididunt ut labore et dolore magna aliqua. Ut enim ad minim veniam, quis nostrud exercitation ullamco laboris nisi ut aliquip ex ea commodo consequat. Duis aute irure dolor in reprehenderit', NULL, 0, 'Idea 28 that suggest that we definitely need a longer title for ideas', 30, 16, NULL),
(61, TIMESTAMP '2019-11-09 08:18:33.283', TIMESTAMP '2019-11-10 08:18:33.284', 'BMMveukX ', NULL, 0, 'Idea 29 that suggest that we definitely need a longer title for ideas', 31, 4, NULL),
(62, TIMESTAMP '2019-11-08 08:18:33.308', TIMESTAMP '2019-11-09 08:18:33.308', '5L6oKVgO Lorem ipsum dolor sit amet, consectetur adipiscing elit, sed do eiusmod tempor incididunt ut labore et dolore magna aliqua. Ut enim ad minim veniam, quis nostrud exercitation ullamco laboris nisi ut aliquip ex ea commodo consequat. Duis aute irure dolor in reprehenderit in voluptate velit esse cillum dolore eu fugiat nulla pariatur. Excepteur sint occaecat cupi', NULL, 0, 'Idea 30 that suggest that we definitely need a longer title for ideas', 22, 17, NULL),
(63, TIMESTAMP '2019-11-07 08:18:33.339', TIMESTAMP '2019-11-08 08:18:33.34', 'NQDOouwD Lorem ipsum dolor sit amet, consectetur adipiscing elit, sed do eiusmod tempor incididunt ut labore et dolore magna aliqua. Ut enim ad minim veniam, quis nostrud exercitation ullamco laboris nisi ut aliquip ex ea commodo consequat. Duis aute irure dolor ', NULL, 0, 'Idea 31 that suggest that we definitely need a longer title for ideas', 23, 12, NULL),
(64, TIMESTAMP '2019-11-06 08:18:33.35', TIMESTAMP '2019-11-07 08:18:33.35', '3nPCLYzb Lore', NULL, 0, 'Idea 32 that suggest that we definitely need a longer title for ideas', 24, 9, NULL),
(65, TIMESTAMP '2019-11-05 08:18:33.398', TIMESTAMP '2019-11-06 08:18:33.399', '40FZBOyr Lorem ipsum dolor sit amet, consectetur adipiscing elit, sed do eiusmod tempor incididunt ut labore et dolore magna aliqua. Ut enim ad minim veniam, quis nostrud exercitation ullamco laboris nisi ut al', NULL, 0, 'Idea 33 that suggest that we definitely need a longer title for ideas', 25, 9, NULL),
(66, TIMESTAMP '2019-11-04 08:18:33.435', TIMESTAMP '2019-11-05 08:18:33.435', 'C4cf4Knz Lorem ipsum dolor sit amet, consectetur adipiscing elit, sed do eiusmod tempor incididunt ut labore et dolore magna aliqua. Ut enim ad minim veniam, quis nostrud exercitation ullamco laboris nisi ut aliquip ex ea commodo consequat. Duis aute irure dolor in repreh', NULL, 0, 'Idea 34 that suggest that we definitely need a longer title for ideas', 26, 12, NULL),
(67, TIMESTAMP '2019-11-03 08:18:33.47', TIMESTAMP '2019-11-04 08:18:33.471', '3TZgKcFh Lorem ipsum dolor sit amet, consectetur adipiscing elit, sed do ei', NULL, 0, 'Idea 35 that suggest that we definitely need a longer title for ideas', 27, 12, NULL);
INSERT INTO "PUBLIC"."LAWS" VALUES
(68, TIMESTAMP '2019-11-02 08:18:33.495', TIMESTAMP '2019-11-03 08:18:33.496', 'WCrnbruH Lorem ipsum dolor sit amet, consectetur adipiscing elit, sed do eiusmod tempor incididunt ut labore et dolore magna aliqua. Ut enim ad minim veniam, quis nostrud exercitation ullamco laboris nisi ut aliquip ex ea commodo consequa', NULL, 0, 'Idea 36 that suggest that we definitely need a longer title for ideas', 28, 1, NULL),
(69, TIMESTAMP '2019-11-01 08:18:33.593', TIMESTAMP '2019-11-02 08:18:33.594', 'okB2DWtG Lorem ipsum dolor sit amet, consectetur adipiscing elit, ', NULL, 0, 'Idea 37 that suggest that we definitely need a longer title for ideas', 29, 18, NULL),
(70, TIMESTAMP '2019-10-31 08:18:33.676', TIMESTAMP '2019-11-01 08:18:33.681', 'ty2NFNqM Lorem ipsum dolor sit amet, consectetur adipiscing elit, sed do eiusmod tempor incididunt ut labore et dolore magna aliqua. Ut enim ad minim veniam, quis nostrud exercitation ullamco laboris nisi ut aliquip ex ea commodo consequat. Duis aute irure dolor in reprehenderit in voluptate velit esse cillum dolore eu fugiat nulla pariatur. Excepteu', NULL, 0, 'Idea 38 that suggest that we definitely need a longer title for ideas', 30, 10, NULL),
(71, TIMESTAMP '2019-10-30 08:18:33.748', TIMESTAMP '2019-10-31 08:18:33.749', 'szt9bBb5 Lorem ipsum dolor sit amet, consectetur adipiscing elit, sed do eiusm', NULL, 0, 'Idea 39 that suggest that we definitely need a longer title for ideas', 31, 6, NULL),
(72, TIMESTAMP '2019-10-29 08:18:33.836', TIMESTAMP '2019-10-30 08:18:33.838', 'p2QVGqRz Lorem ipsum dolor sit amet, consectetur adipiscing elit, sed do eiusmod tempor incididunt ut labore et dolore ', NULL, 0, 'Idea 40 that suggest that we definitely need a longer title for ideas', 22, 5, NULL),
(73, TIMESTAMP '2019-10-28 08:18:33.922', TIMESTAMP '2019-10-29 08:18:33.928', 'xgNPaCDt Lorem ipsum dolor sit amet, consectetur adipiscing elit, sed do eiusmod tempor incididunt ut labore et dolore magna aliqua. Ut enim ad minim veniam, quis nostrud', NULL, 0, 'Idea 41 that suggest that we definitely need a longer title for ideas', 23, 4, NULL),
(74, TIMESTAMP '2019-10-27 08:18:33.993', TIMESTAMP '2019-10-28 08:18:33.997', 'TFy2U9AK Lorem ipsum dolor sit amet, consectetur adipiscing elit, sed do eiusmod tempor incididunt ut labore et dolore magna ', NULL, 0, 'Idea 42 that suggest that we definitely need a longer title for ideas', 24, 18, NULL),
(75, TIMESTAMP '2019-10-26 08:18:34.069', TIMESTAMP '2019-10-27 08:18:34.07', 'Z5rLEBDF Lorem ipsum dolor sit amet, consectetur adipiscing elit, sed do eiusmod tempor incididunt ut labore et dolore magna aliqua. Ut enim ad minim veniam, quis nostrud exercitation ', NULL, 0, 'Idea 43 that suggest that we definitely need a longer title for ideas', 25, 15, NULL),
(76, TIMESTAMP '2019-10-25 08:18:34.188', TIMESTAMP '2019-10-26 08:18:34.188', 'ckr0yNHl Lorem ipsum dolor s', NULL, 0, 'Idea 44 that suggest that we definitely need a longer title for ideas', 26, 2, NULL),
(77, TIMESTAMP '2019-10-24 08:18:34.284', TIMESTAMP '2019-10-25 08:18:34.285', 'L8yVdVdV Lorem ipsum dolor sit amet, consectetur adipiscing elit, sed do eiusmod tempor incididunt ut labore et dolore magna aliqua. Ut enim ad minim veniam, quis nostrud exerci', NULL, 0, 'Idea 45 that suggest that we definitely need a longer title for ideas', 27, 10, NULL),
(78, TIMESTAMP '2019-10-23 08:18:34.295', TIMESTAMP '2019-10-24 08:18:34.296', 'Q8S7Puu0 Lorem ipsum dolor sit amet, consectetur adipiscing elit, sed do eiusmod tempor incididunt', NULL, 0, 'Idea 46 that suggest that we definitely need a longer title for ideas', 28, 20, NULL),
(79, TIMESTAMP '2019-10-22 08:18:34.393', TIMESTAMP '2019-10-23 08:18:34.394', 'EZkSNEvw Lorem ipsum dolor sit amet, consectetur adipiscing elit, sed do eiusmod tempor incididunt ut labore et dolore magna aliqua. Ut enim ad minim veniam, quis nostrud exercitation ullamc', NULL, 0, 'Idea 47 that suggest that we definitely need a longer title for ideas', 29, 13, NULL),
(80, TIMESTAMP '2019-10-21 08:18:34.564', TIMESTAMP '2019-10-22 08:18:34.565', 'gW4eStup Lorem ipsum dolor sit amet, consec', NULL, 0, 'Idea 48 that suggest that we definitely need a longer title for ideas', 30, 5, NULL);
INSERT INTO "PUBLIC"."LAWS" VALUES
(81, TIMESTAMP '2019-10-20 08:18:34.587', TIMESTAMP '2019-10-21 08:18:34.589', '4P8Tqsw0 Lorem ipsum dolor sit amet, consectetur adipiscing elit, sed do eiusmod tempor incididunt ut labore et dolore m', NULL, 0, 'Idea 49 that suggest that we definitely need a longer title for ideas', 31, 4, NULL),
(82, TIMESTAMP '2019-10-19 08:18:34.655', TIMESTAMP '2019-10-20 08:18:34.657', 'qtEAEkSZ Lorem ipsum dolor sit amet, consectetur adipiscing elit, sed do eiusmod tempor incididunt ut labore et dolore magna aliqua. Ut enim ad minim veniam, quis nostrud exercitation ullamco laboris nisi ut aliquip ex ea commodo consequat. Duis aute irure dolor in reprehenderit in voluptate velit', NULL, 0, 'Idea 50 that suggest that we definitely need a longer title for ideas', 22, 4, NULL),
(83, TIMESTAMP '2019-10-18 08:18:34.691', TIMESTAMP '2019-10-19 08:18:34.693', 'AyapU0Xa Lorem ipsum dolor sit amet, consectetur adipiscing elit, sed do eiusmod tempor incididunt ut labore et dolore magna aliqua. Ut enim ad minim veniam, quis nostrud exercitation ullamco laboris nisi ut', NULL, 0, 'Idea 51 that suggest that we definitely need a longer title for ideas', 23, 8, NULL),
(84, TIMESTAMP '2019-10-17 08:18:34.704', TIMESTAMP '2019-10-18 08:18:34.704', '4VTzrsGQ Lorem ipsum dolor sit amet, consectetur adipiscing elit, sed do eiusmod tempor incididunt ut labore et dolore magna aliqua. Ut en', NULL, 0, 'Idea 52 that suggest that we definitely need a longer title for ideas', 24, 17, NULL),
(85, TIMESTAMP '2019-10-16 08:18:34.776', TIMESTAMP '2019-10-17 08:18:34.777', 'hBWpEnhO Lorem ipsum dolor sit amet, consectetur adipiscing elit, sed do eiusmod tempor incididunt ut labore et dolore magna aliqua. Ut enim ad minim veniam, quis nostrud exercitation ullamco laboris nisi ut aliquip ex ea commodo consequat. Duis aute irure dolor in reprehenderit in voluptate velit esse cillum dolore eu fugiat nulla pariatur. Excepteur sint occaecat cupidatat non proiden', NULL, 0, 'Idea 53 that suggest that we definitely need a longer title for ideas', 25, 17, NULL),
(86, TIMESTAMP '2019-10-15 08:18:34.825', TIMESTAMP '2019-10-16 08:18:34.826', 'pfMLk3BU Lorem ipsum dolor sit amet, consectetur adipiscing elit, sed do eiusmod tempor incididunt ut labore et dolore magna aliqua. Ut enim ad minim veniam, quis nostrud exer', NULL, 0, 'Idea 54 that suggest that we definitely need a longer title for ideas', 26, 11, NULL),
(87, TIMESTAMP '2019-10-14 08:18:34.854', TIMESTAMP '2019-10-15 08:18:34.855', 'Aau7D4o4 Lorem ipsum dolor sit amet, consectetur adipiscing elit, sed do eiusmod tempor incididunt ut labore et dolore magna aliqua. Ut enim ad minim veniam, quis nostrud exercitation ullamco laboris nisi ut aliquip ex ea commodo consequat. Duis aute irure dolor in reprehenderit in voluptate velit esse cillum dolore eu fugiat nulla pari', NULL, 0, 'Idea 55 that suggest that we definitely need a longer title for ideas', 27, 3, NULL),
(88, TIMESTAMP '2019-10-13 08:18:34.878', TIMESTAMP '2019-10-14 08:18:34.879', '8zNOBRP3 Lorem ipsum dolor sit amet, consectetur adipiscing elit, sed do eiusmod tempor incididunt ut labore et dolore magna aliqua. Ut enim ad minim', NULL, 0, 'Idea 56 that suggest that we definitely need a longer title for ideas', 28, 11, NULL),
(89, TIMESTAMP '2019-10-12 08:18:34.885', TIMESTAMP '2019-10-13 08:18:34.886', 't2qT9SVn Lorem ipsum dolor sit amet, consectetur adipiscing elit, sed do eiusmod tempor incididunt ut labore et dolore magna aliqua. Ut enim ad minim veniam, quis nostrud exercitation ullamco laboris nisi ut aliquip ex ea commodo consequat. Duis aute irure dolor in reprehenderit in voluptate velit esse ', NULL, 0, 'Idea 57 that suggest that we definitely need a longer title for ideas', 29, 9, NULL),
(90, TIMESTAMP '2019-10-11 08:18:34.931', TIMESTAMP '2019-10-12 08:18:34.931', 'oAvsOyw4 Lorem ipsum dolor sit amet, consectetur adipiscing elit, sed do eiusmod tempor incididunt ut labore et dolore magna aliqua. Ut enim ad minim veniam, quis nostrud exercitatio', NULL, 0, 'Idea 58 that suggest that we definitely need a longer title for ideas', 30, 9, NULL);
INSERT INTO "PUBLIC"."LAWS" VALUES
(91, TIMESTAMP '2019-10-10 08:18:34.977', TIMESTAMP '2019-10-11 08:18:34.98', 'uHdwUgW4 Lorem ipsum dolor sit amet, consectetur adipiscing elit, sed do eiusmod tempor incididunt ut labore et dolore magna aliqua. Ut enim ad minim veniam, quis nostrud exercitatio', NULL, 0, 'Idea 59 that suggest that we definitely need a longer title for ideas', 31, 8, NULL),
(92, TIMESTAMP '2019-10-09 08:18:35.045', TIMESTAMP '2019-10-10 08:18:35.048', 'LbbbDtA8 Lorem ipsum dolor sit amet, consectetur adipiscing elit, sed do eiusmod tempor incididunt ut labore et dolore magna aliqua. Ut enim ad minim veniam, quis nostrud exercitation ullamco laboris nisi ut aliquip ex ea commodo consequat. Duis aute irure dolor in reprehenderit in voluptate velit esse cillum dolore eu fugiat nulla pariatur. Excepteur sint occaecat cupidatat non proident,', NULL, 0, 'Idea 60 that suggest that we definitely need a longer title for ideas', 22, 16, NULL),
(93, TIMESTAMP '2019-10-08 08:18:35.078', TIMESTAMP '2019-10-09 08:18:35.079', 'Ap3Av3mN Lorem ipsum dolor sit amet, consectetur adipiscing elit, sed do eiusmod tempor incididunt ut labore et dolore magna aliqua. Ut enim ad minim veniam, quis nostrud exercitation ullamco laboris nisi ut aliquip ex ea commodo consequat. Duis aute irure dolor in reprehenderit in voluptate velit esse cillum dolore eu fugiat nulla pariatur. Excepteur sint occaecat cupidatat non proident', NULL, 0, 'Idea 61 that suggest that we definitely need a longer title for ideas', 23, 12, NULL),
(94, TIMESTAMP '2019-10-07 08:18:35.149', TIMESTAMP '2019-10-08 08:18:35.151', '8r7Alosc Lorem ipsum dolor sit amet, consectetur adipiscing elit, sed do eiusmod tempor incididunt ut labore et dolore magna aliqua. Ut enim ad minim veniam, quis nostrud exercitation ullamco laboris nisi ut aliquip ex ea commodo consequat. Duis aute irure dolor in reprehenderit in voluptate velit esse cillum dolore eu fugiat nulla ', NULL, 0, 'Idea 62 that suggest that we definitely need a longer title for ideas', 24, 10, NULL),
(95, TIMESTAMP '2019-10-06 08:18:35.166', TIMESTAMP '2019-10-07 08:18:35.167', 'v7NUGaZa Lorem ipsum dolor sit amet, consectetur adipiscing elit, sed do eiusmod tempor incididunt ut labore et dolore magna aliqua. Ut enim ad minim veniam, quis nostrud exercitation ullamco laboris nisi ut aliquip ex ea commodo consequat. Duis aute irure dolor in reprehenderit in voluptate velit esse cillum dolore eu fugiat nulla pariatur. Excepteur sint occaeca', NULL, 0, 'Idea 63 that suggest that we definitely need a longer title for ideas', 25, 3, NULL),
(96, TIMESTAMP '2019-10-05 08:18:35.269', TIMESTAMP '2019-10-06 08:18:35.27', 'qoNWheFx Lorem ipsum dolor sit amet, consectetur adipiscing elit, sed do eiusmod tempor incididunt ut labore et dolore magna aliqua. Ut enim ad minim veniam, quis nostrud exercitation ullamco laboris nisi ut aliquip ex ea commodo consequat. Duis aute irure dolor in reprehenderit in volupt', NULL, 0, 'Idea 64 that suggest that we definitely need a longer title for ideas', 26, 8, NULL),
(97, TIMESTAMP '2019-10-04 08:18:35.329', TIMESTAMP '2019-10-05 08:18:35.329', 'gsDKXV57 Lorem ipsum dolor sit amet, consectetur adipiscing elit, sed do eiusmod tempor incididunt ut labore et dolore magna aliqua. Ut enim ad minim veniam, quis nostrud exercitation ullamco laboris nisi ut aliquip ex ea commodo consequat. Duis aute irure dolor in reprehenderit in voluptate velit esse', NULL, 0, 'Idea 65 that suggest that we definitely need a longer title for ideas', 27, 11, NULL),
(98, TIMESTAMP '2019-10-03 08:18:35.365', TIMESTAMP '2019-10-04 08:18:35.366', 'PlvOXaBX Lorem ipsum dolor sit amet, consectetur adipiscing elit, sed do eiusmod tempor incididunt ut labore et dolore magna aliqua. Ut enim ad minim veniam, quis nostrud exercitation ullamco laboris nisi ut aliquip ex ea commodo consequat. Duis aute irure dolor in reprehenderit in voluptate velit esse cillum dolore eu fugiat nulla pariatur. Excepteur sint occaecat cupidatat non proident, sunt in c', NULL, 0, 'Idea 66 that suggest that we definitely need a longer title for ideas', 28, 6, NULL);
INSERT INTO "PUBLIC"."LAWS" VALUES
(99, TIMESTAMP '2019-10-02 08:18:35.423', TIMESTAMP '2019-10-03 08:18:35.428', 'DCD3Odb5 Lorem ipsum dolor sit amet, consectetur adipiscing elit, sed do eiusmod tempor incididunt ut labore et dolore magna aliqua. Ut enim ad minim veniam, quis nostrud exercitation ullamco laboris nisi ut aliquip ex ea commodo consequat. Duis aute irure dolor in reprehenderit in volup', NULL, 0, 'Idea 67 that suggest that we definitely need a longer title for ideas', 29, 4, NULL),
(100, TIMESTAMP '2019-10-01 08:18:35.527', TIMESTAMP '2019-10-02 08:18:35.529', 'ddfmE4Eh Lorem ipsum dolor sit amet, consectetur adipiscing elit, sed do eiusmod tempor incididunt ut labore et dolore magna aliqua. Ut enim ad minim veniam, quis nostrud exercitation ullamco laboris nisi ut aliquip ex ea commodo consequat. Duis aute irure dolor in reprehenderit in voluptate velit esse cillum dolore eu fugiat nulla pariatur. Excepteur sint occaecat ', NULL, 0, 'Idea 68 that suggest that we definitely need a longer title for ideas', 30, 17, NULL),
(101, TIMESTAMP '2019-09-30 08:18:35.562', TIMESTAMP '2019-10-01 08:18:35.563', '09anVakm Lorem ipsum dolor sit amet, consectetur adipiscing elit, sed do eiusmod tempor incididunt ut labore et dolore magna aliqua. Ut enim ad minim veniam, quis nostrud exercitation ullamco laboris nisi ut aliquip ex ea commodo consequat. Duis aute irure dolor in reprehenderit in voluptate velit esse cillum dolore eu fugiat nulla pariatur', NULL, 0, 'Idea 69 that suggest that we definitely need a longer title for ideas', 31, 7, NULL),
(102, TIMESTAMP '2019-09-29 08:18:35.638', TIMESTAMP '2019-09-30 08:18:35.644', 'wZts0H6Y Lorem ipsum dolor sit amet, consectetur adipiscing elit, sed do eiusmod tempor incididunt ut labore et dolore magna aliqua. Ut enim ad minim veniam, quis nostrud exercitation ullamco laboris nisi ut aliquip ex ea commodo con', NULL, 0, 'Idea 70 that suggest that we definitely need a longer title for ideas', 22, 16, NULL),
(103, TIMESTAMP '2019-09-28 08:18:35.689', TIMESTAMP '2019-09-29 08:18:35.69', 'RhElAUxz Lorem ipsum dolor sit amet, consectetur adipiscing elit, sed do eiusmod tempor incididunt ut labore et dolore magna aliqua. Ut enim ad minim veniam, quis nostrud exercitation ullamco laboris nisi ut aliquip ex ea commodo consequat. Duis aute irure dolor in reprehend', NULL, 0, 'Idea 71 that suggest that we definitely need a longer title for ideas', 23, 1, NULL),
(104, TIMESTAMP '2019-09-27 08:18:35.711', TIMESTAMP '2019-09-28 08:18:35.711', 'MwQP2S28 Lorem ipsum dolor sit amet, consectetur adipiscing elit,', NULL, 0, 'Idea 72 that suggest that we definitely need a longer title for ideas', 24, 10, NULL),
(105, TIMESTAMP '2019-09-26 08:18:35.716', TIMESTAMP '2019-09-27 08:18:35.717', 'uGGbT0WP Lorem ipsum dolor sit amet, consectetur adipiscing elit, sed do eiusmod tempor incid', NULL, 0, 'Idea 73 that suggest that we definitely need a longer title for ideas', 25, 15, NULL),
(106, TIMESTAMP '2019-09-25 08:18:35.756', TIMESTAMP '2019-09-26 08:18:35.757', 't7xVt9SR Lorem ipsum dolor sit amet, consectetur adipiscing elit, sed do eiusmod tempor inci', NULL, 0, 'Idea 74 that suggest that we definitely need a longer title for ideas', 26, 12, NULL),
(107, TIMESTAMP '2019-09-24 08:18:35.795', TIMESTAMP '2019-09-25 08:18:35.796', 'ytyADU3v Lorem ipsum dolor sit amet, consectetur adipiscing elit, sed do eiusmod tempor incididunt ut labore et dolore magna aliqua. Ut enim ad minim veniam, quis nostrud exercitation ullamco laboris nisi ut aliquip ex ea commodo consequat. Duis aute irure dolor in reprehenderit in voluptate velit esse cillum dolore eu fugiat nulla pariatur. Excepteur sint occaecat cupidatat non proident, su', NULL, 0, 'Idea 75 that suggest that we definitely need a longer title for ideas', 27, 2, NULL),
(108, TIMESTAMP '2019-09-23 08:18:35.834', TIMESTAMP '2019-09-24 08:18:35.835', 'xarvWGZV Lorem ipsum dolor sit amet, consectetur adipiscing elit, sed do eiusmod tempor incididunt ut labore et dolore magna aliqua. Ut enim ad minim veniam, quis nostrud exercitation ullamco laboris nisi ut aliquip ex ea commodo consequat. Duis aute irure dolor in reprehenderit in voluptate velit esse cillum dolore eu fugiat nulla pariatur.', NULL, 0, 'Idea 76 that suggest that we definitely need a longer title for ideas', 28, 3, NULL);
INSERT INTO "PUBLIC"."LAWS" VALUES
(109, TIMESTAMP '2019-09-22 08:18:35.855', TIMESTAMP '2019-09-23 08:18:35.856', 'eOxZpcQq Lorem ipsum dolor sit amet, consectetur adipiscing elit, sed do eiusmod tempor incididunt ut labore et dolore magna aliqua. Ut enim ad minim veniam, quis nostrud exercitation ullamco laboris nisi ut aliquip ex ea commodo consequat. Duis aute irure dolor in reprehenderit in voluptate velit esse cillum dolore eu fugiat nulla pariatur. Excepteur sint occaecat cupidatat non proi', NULL, 0, 'Idea 77 that suggest that we definitely need a longer title for ideas', 29, 4, NULL),
(110, TIMESTAMP '2019-09-21 08:18:35.883', TIMESTAMP '2019-09-22 08:18:35.884', 'zdq5l9yE Lorem ipsum dolor sit amet, consectetur adipiscing', NULL, 0, 'Idea 78 that suggest that we definitely need a longer title for ideas', 30, 15, NULL),
(111, TIMESTAMP '2019-09-20 08:18:35.894', TIMESTAMP '2019-09-21 08:18:35.895', 'zkzMV3E7 Lorem ipsum dolor sit amet, consectetur adipiscing elit, sed do eiusmod tempor incididunt ut labore et dolore magna aliqua. Ut enim ad minim veniam, quis nostrud exercitation ullamco laboris nisi ut aliquip', NULL, 0, 'Idea 79 that suggest that we definitely need a longer title for ideas', 31, 1, NULL),
(112, TIMESTAMP '2019-09-19 08:18:35.924', TIMESTAMP '2019-09-20 08:18:35.924', '8wFLamfR Lorem ipsum dolor sit amet, consectetur adipiscing elit, sed do eiusmod tempor incididunt ut labore et dolore magna aliqua. Ut enim ad mini', NULL, 0, 'Idea 80 that suggest that we definitely need a longer title for ideas', 22, 13, NULL),
(113, TIMESTAMP '2019-09-18 08:18:35.948', TIMESTAMP '2019-09-19 08:18:35.949', '67AOQQSw Lorem ipsum dolor', NULL, 0, 'Idea 81 that suggest that we definitely need a longer title for ideas', 23, 1, NULL),
(114, TIMESTAMP '2019-09-17 08:18:35.975', TIMESTAMP '2019-09-18 08:18:35.975', 'SYkBgX8h Lorem ipsum dolor sit amet, consectetur adipiscing elit, sed do eiusmod tempor incididunt ut labore et dolore magna aliqua. Ut enim ad minim veniam, quis nostrud exercitation ullamco laboris nisi ut aliquip ex ea commodo consequat. Duis aute irure dolor in reprehenderit in voluptate velit esse cillum dolore', NULL, 0, 'Idea 82 that suggest that we definitely need a longer title for ideas', 24, 14, NULL),
(115, TIMESTAMP '2019-09-16 08:18:35.992', TIMESTAMP '2019-09-17 08:18:35.992', 'kawQVP4f Lorem ipsum dolor sit amet, consectetur adipiscing elit, sed do eiusmod tempor incididunt ut labore et dolore magna aliqua. Ut enim ad minim veniam, quis nostrud exercitation ullamco laboris nisi ut aliquip ex ea commodo consequat. Duis aute irure dolor in reprehenderit in voluptate velit esse cillum dolore eu fugiat nulla pariatur. Excepteur sint occaecat cupidatat non proident, sunt in culpa qu', NULL, 0, 'Idea 83 that suggest that we definitely need a longer title for ideas', 25, 16, NULL),
(116, TIMESTAMP '2019-09-15 08:18:36.015', TIMESTAMP '2019-09-16 08:18:36.016', '68WXucwP Lorem ipsum dolor sit amet, consectetur adipiscing elit, sed do eiusmod tempor incididunt ut labore et dolore magna aliqua. Ut enim ad minim veniam, quis nostrud exercitation ullamco laboris nisi ut aliquip ex ea commodo consequat. Duis aute irure dolor in reprehenderit in voluptate velit esse cillum dolore eu fugiat nulla pariatur. Excepteur sint occaec', NULL, 0, 'Idea 84 that suggest that we definitely need a longer title for ideas', 26, 15, NULL),
(117, TIMESTAMP '2019-09-14 08:18:36.034', TIMESTAMP '2019-09-15 08:18:36.035', 'pcYxfvgB Lorem ipsum dolor sit amet, consectetur adipiscing elit, sed do eiusmod tempor incididunt ut labore et dolore magna aliqua. Ut enim ad minim veniam, quis nostrud exercitation ullamco laboris nisi ut aliquip ex ea commodo consequat. Duis aute irure dolor in reprehenderit in voluptate velit esse cillum dolore eu fugiat nulla pariatur. Excepteu', NULL, 0, 'Idea 85 that suggest that we definitely need a longer title for ideas', 27, 17, NULL),
(118, TIMESTAMP '2019-09-13 08:18:36.049', TIMESTAMP '2019-09-14 08:18:36.051', 'aMLN6WQP Lorem ipsum dolor sit amet, consectetur ', NULL, 0, 'Idea 86 that suggest that we definitely need a longer title for ideas', 28, 3, NULL);
INSERT INTO "PUBLIC"."LAWS" VALUES
(119, TIMESTAMP '2019-09-12 08:18:36.082', TIMESTAMP '2019-09-13 08:18:36.084', 'Z8N0vc7S Lorem ipsum dolor sit amet, consectetur adipiscing elit, sed do eiusmod', NULL, 0, 'Idea 87 that suggest that we definitely need a longer title for ideas', 29, 20, NULL),
(120, TIMESTAMP '2019-09-11 08:18:36.12', TIMESTAMP '2019-09-12 08:18:36.121', 'LcxKXmyr Lorem ipsum dolor sit amet, consectetur adipiscing elit, sed do eiusmod tempor incididunt ut labore et dolore magna aliqua. Ut enim ad minim veniam, quis nostrud exercitation ullamco laboris nisi ut aliquip ex ea commodo consequat. Duis aute irure dolor in reprehenderit in voluptate velit esse cillum dolore eu', NULL, 0, 'Idea 88 that suggest that we definitely need a longer title for ideas', 30, 13, NULL),
(121, TIMESTAMP '2019-09-10 08:18:36.126', TIMESTAMP '2019-09-11 08:18:36.126', 'yg8SFouk Lorem ipsum dolor sit amet, consectetur adipiscing elit, sed do eiusmod tempor incididunt ut labore et dol', NULL, 0, 'Idea 89 that suggest that we definitely need a longer title for ideas', 31, 8, NULL),
(122, TIMESTAMP '2019-09-09 08:18:36.141', TIMESTAMP '2019-09-10 08:18:36.141', 'gvU9FBRR Lorem ipsum dolor sit amet, consectetur adipiscing elit, sed do eiusmod tempor incididunt ut labore et dolore magna aliqua. Ut enim ad minim veniam, quis nostrud exercitation ullamco laboris nisi ut aliquip ex ea commodo consequat. Duis aute irure dolor in reprehenderit i', NULL, 0, 'Idea 90 that suggest that we definitely need a longer title for ideas', 22, 5, NULL),
(123, TIMESTAMP '2019-09-08 08:18:36.148', TIMESTAMP '2019-09-09 08:18:36.149', 'HcbyUy5T Lorem ipsum dolor sit amet, consectetur adipiscing elit, sed do eiusmod tempor incididunt ut labore et dolore magna aliqua. Ut enim ad minim veniam, quis nostrud exercitation ullamco laboris nisi ut aliquip ex ea commodo consequat. Duis aute irure dolor in reprehenderit in voluptate velit esse cillum dolore eu fugiat nu', NULL, 0, 'Idea 91 that suggest that we definitely need a longer title for ideas', 23, 2, NULL),
(124, TIMESTAMP '2019-09-07 08:18:36.184', TIMESTAMP '2019-09-08 08:18:36.185', 'MU3WzgRG Lorem ipsum dolor sit amet, consectetur adipiscing elit, sed do eiusmod tempor incididunt ut labore et dolore magna aliqua. Ut enim ad minim veniam, quis nostrud exercitation ullamco laboris nisi ut aliquip ex ea commodo consequat. Duis aute irure dolor in reprehenderit in voluptate velit esse cillum dolore eu fugiat nulla pariatur. Excepteur sint occaecat cupidatat non proident, s', NULL, 0, 'Idea 92 that suggest that we definitely need a longer title for ideas', 24, 3, NULL),
(125, TIMESTAMP '2019-09-06 08:18:36.219', TIMESTAMP '2019-09-07 08:18:36.22', 'StrpRngD Lorem ipsum dolor sit amet, consectetur adipiscing elit, sed do eiusmod tempor incididunt ut labore et dolore magna aliqua. Ut enim ad minim veniam, quis nostrud exercitation ullamco laboris nisi ut al', NULL, 0, 'Idea 93 that suggest that we definitely need a longer title for ideas', 25, 5, NULL),
(126, TIMESTAMP '2019-09-05 08:18:36.253', TIMESTAMP '2019-09-06 08:18:36.254', 'GQKfrHkw Lorem ipsum dolor sit amet, consectetur adipiscing elit, sed do eiusmod tempor incididunt ut labore et dolore mag', NULL, 0, 'Idea 94 that suggest that we definitely need a longer title for ideas', 26, 11, NULL),
(127, TIMESTAMP '2019-09-04 08:18:36.284', TIMESTAMP '2019-09-05 08:18:36.284', 'BMqsxR0S Lorem ipsum dolor sit amet, consectetur adipiscing elit, sed do eiusmod tempor incididunt ut labore et dolore magna aliqua. Ut enim ad minim veniam, quis nostrud exercitation ullamco laboris nisi ut aliquip ex ea commodo consequat. Duis aute irure dolor in reprehenderit in voluptate velit esse cillum dolore eu fugiat ', NULL, 0, 'Idea 95 that suggest that we definitely need a longer title for ideas', 27, 20, NULL),
(128, TIMESTAMP '2019-09-03 08:18:36.293', TIMESTAMP '2019-09-04 08:18:36.294', 'trGDQcYE Lorem ipsum dolor sit amet, consectetur adipiscing elit, sed do eiusmod tempor incididunt ut labore et dolore magna aliqua. Ut e', NULL, 0, 'Idea 96 that suggest that we definitely need a longer title for ideas', 28, 15, NULL);
INSERT INTO "PUBLIC"."LAWS" VALUES
(129, TIMESTAMP '2019-09-02 08:18:36.324', TIMESTAMP '2019-09-03 08:18:36.325', 'QXYQltHH Lorem ipsum dolor sit amet, consectetur adipiscing elit, sed do eiusmod tempor incididunt ut labore et dolore magna aliqua. Ut enim ad minim veniam, quis nostrud exercitation ullamco laboris nisi ut aliquip ex ea commodo consequat. Duis aute irure dolor in reprehenderit in voluptate velit esse cillum dolore eu fugiat nulla pariatur. Excepteur sint occaecat cupidatat non proident, sunt', NULL, 0, 'Idea 97 that suggest that we definitely need a longer title for ideas', 29, 17, NULL),
(130, TIMESTAMP '2019-09-01 08:18:36.341', TIMESTAMP '2019-09-02 08:18:36.341', 'AVChNMp6 Lorem ipsum dolor sit amet, consectetur adipiscing elit, sed do eiusmod tempor incididunt ut labore et dolore magna aliqua. Ut enim ad minim veniam, quis nostrud exercitation ullamco laboris nisi ut aliquip ex ea commodo consequat. Duis aute irure dolor in reprehenderit in voluptate vel', NULL, 0, 'Idea 98 that suggest that we definitely need a longer title for ideas', 30, 1, NULL),
(131, TIMESTAMP '2019-08-31 08:18:36.36', TIMESTAMP '2019-09-01 08:18:36.36', 'MDvUDg9A Lorem ipsum dolor sit amet, consect', NULL, 0, 'Idea 99 that suggest that we definitely need a longer title for ideas', 31, 5, NULL),
(132, TIMESTAMP '2019-08-30 08:18:36.392', TIMESTAMP '2019-08-31 08:18:36.393', 'TLav96Kh Lorem ipsum dolor sit amet, consectetur adipiscing elit, sed do eiusmod tempor incididunt ut labore et dolore magna aliqua. Ut enim ad minim veniam, quis nostrud exer', NULL, 0, 'Idea 100 that suggest that we definitely need a longer title for ideas', 22, 18, NULL),
(133, TIMESTAMP '2019-08-29 08:18:36.423', TIMESTAMP '2019-08-30 08:18:36.424', 'leu9DTDF Lorem ipsum dolor sit amet, consectetur adipiscing elit, sed do eiusmod tempor incididu', NULL, 0, 'Idea 101 that suggest that we definitely need a longer title for ideas', 23, 18, NULL),
(134, TIMESTAMP '2019-08-28 08:18:36.458', TIMESTAMP '2019-08-29 08:18:36.459', 'fELcfeW6 Lorem ipsum dolor sit amet, consectetur adipiscing elit, sed do eiusmod tempor incididunt ut labore et dolore magna aliqua. Ut enim ad minim veniam, quis nostrud exercitation ullamco laboris nisi ut aliquip ex ea commodo co', NULL, 0, 'Idea 102 that suggest that we definitely need a longer title for ideas', 24, 17, NULL),
(135, TIMESTAMP '2019-08-27 08:18:36.495', TIMESTAMP '2019-08-28 08:18:36.496', '2rBvK5lW Lorem ipsum dol', NULL, 0, 'Idea 103 that suggest that we definitely need a longer title for ideas', 25, 13, NULL),
(136, TIMESTAMP '2019-08-26 08:18:36.513', TIMESTAMP '2019-08-27 08:18:36.514', 'KtdSfpPV Lorem ipsum dolor sit amet, consectetur adipiscing elit, sed do eiusmod tempor incididunt ut labore et dolore magna aliqua. Ut enim ad minim veniam, quis nostrud exercitation ullamco laboris nisi ut aliquip ex ea commodo consequat. Duis aute irure dolor in reprehenderit in voluptate velit esse cillum dolore eu fugiat ', NULL, 0, 'Idea 104 that suggest that we definitely need a longer title for ideas', 26, 7, NULL),
(137, TIMESTAMP '2019-08-25 08:18:36.519', TIMESTAMP '2019-08-26 08:18:36.52', 'WoZms2PX Lorem ipsum dolor sit amet, consectetur adipiscing elit, sed ', NULL, 0, 'Idea 105 that suggest that we definitely need a longer title for ideas', 27, 4, NULL),
(138, TIMESTAMP '2019-08-24 08:18:36.529', TIMESTAMP '2019-08-25 08:18:36.529', '6hfHxYoc Lorem ipsum dolor sit amet, consectetur adipiscing elit, sed do eiusmod tempor incididunt ut labore et dolore magna aliqua. Ut enim ad minim veniam, quis nostrud exercitation ullamco laboris nisi ut aliquip ex ea commodo consequat. Duis aute irure dolor in reprehenderit in voluptate velit esse cillum dolore eu fugiat nulla pariatur. Excepteur sint occaecat cupidatat non proiden', NULL, 0, 'Idea 106 that suggest that we definitely need a longer title for ideas', 28, 12, NULL),
(139, TIMESTAMP '2019-08-23 08:18:36.538', TIMESTAMP '2019-08-24 08:18:36.538', 'ElmsrsGE Lorem ipsum dolor sit amet, consectetur adipiscing elit, sed do eiusmod tempor incididunt ut labore et dolore magna aliqua. Ut enim ad minim veniam, quis nostrud exercitation ullamco laboris nisi ut aliquip ex ea commodo consequat. Duis aute irure dolor in reprehenderit in volup', NULL, 0, 'Idea 107 that suggest that we definitely need a longer title for ideas', 29, 16, NULL);
INSERT INTO "PUBLIC"."LAWS" VALUES
(140, TIMESTAMP '2019-08-22 08:18:36.562', TIMESTAMP '2019-08-23 08:18:36.563', 'bsaCWGhP Lorem ipsum dolor sit amet, consectetur adipiscing elit, sed do eiusmod tempor incididunt ut labore et dolore magna aliqua. Ut enim ad minim veniam, quis nostrud exercitation ullamco laboris nisi ut aliquip ex ea commodo consequat. Duis aute irure dolor in reprehenderit in', NULL, 0, 'Idea 108 that suggest that we definitely need a longer title for ideas', 30, 16, NULL),
(141, TIMESTAMP '2019-08-21 08:18:36.572', TIMESTAMP '2019-08-22 08:18:36.573', 'ehAaMLpA Lorem ipsum dolor sit amet, consectetur adipiscing elit, sed do eiusmod tempor incididunt ut labore et dolore magna aliqua. Ut enim ad minim veniam, quis nostrud exercitation ullamco laboris nisi ut aliquip ex ea co', NULL, 0, 'Idea 109 that suggest that we definitely need a longer title for ideas', 31, 12, NULL),
(142, TIMESTAMP '2019-08-20 08:18:36.608', TIMESTAMP '2019-08-21 08:18:36.609', 'qLpq5bsk Lorem ipsum dolor sit amet, consectetur adipiscing elit, sed do eiu', NULL, 0, 'Idea 110 that suggest that we definitely need a longer title for ideas', 22, 4, NULL),
(143, TIMESTAMP '2019-12-06 08:18:36.667', TIMESTAMP '2019-12-07 08:18:36.668', 'HcRrPN2f Lorem ipsum dolor sit amet, consectetur adipiscing elit, sed do eiusmod ', TIMESTAMP '2019-12-08 00:00:00', 1, 'Proposal 0 that reached its quorum', 31, 7, NULL),
(144, TIMESTAMP '2019-12-01 08:18:36.744', TIMESTAMP '2019-12-02 08:18:36.744', 'Y6yxFW2M Lorem ipsum dolor sit amet, consectetur adipiscing elit, sed do eiusmod tempor incididunt ut labore et dolore magna aliqua. Ut enim ad minim veniam, qu', TIMESTAMP '2019-12-09 00:00:00', 1, 'Proposal 1 that reached its quorum', 24, 13, NULL),
(145, TIMESTAMP '2019-12-03 08:18:36.786', TIMESTAMP '2019-12-04 08:18:36.786', 'Pz49l666 Lorem ipsum dolor sit amet, consectetur adipiscing elit, sed do eiusmod tempor incididunt ut labore et dolore magna aliqua. Ut enim ad minim veniam, quis nostrud exercitation ullamco laboris nisi ut aliquip ex ea commodo consequat. Duis aute irure dolor in reprehenderit in voluptate velit esse cillum d', TIMESTAMP '2019-12-06 00:00:00', 1, 'Proposal 2 that reached its quorum', 27, 8, NULL),
(146, TIMESTAMP '2019-11-30 08:18:36.829', TIMESTAMP '2019-12-01 08:18:36.829', 'dKntE5tM Lorem ipsum dolor sit amet, consectetur adipiscing elit, sed do eiusmod tempor incididunt ut labore et dolore magna aliqua. Ut enim ad minim veniam, quis ', TIMESTAMP '2019-12-03 00:00:00', 1, 'Proposal 3 that reached its quorum', 31, 8, NULL),
(147, TIMESTAMP '2019-12-01 08:18:36.9', TIMESTAMP '2019-12-02 08:18:36.9', '0vbZgMnE ', TIMESTAMP '2019-12-09 00:00:00', 1, 'Proposal 4 that reached its quorum', 25, 15, NULL),
(148, TIMESTAMP '2019-12-08 08:18:36.935', TIMESTAMP '2019-12-09 08:18:36.936', 'M3RZOWer Lorem ipsum dolor sit amet, consectetur adipiscing elit, sed do eiusmod tempor ', TIMESTAMP '2019-12-09 00:00:00', 1, 'Proposal 5 that reached its quorum', 28, 7, NULL),
(149, TIMESTAMP '2019-12-05 08:18:36.966', TIMESTAMP '2019-12-06 08:18:36.966', 'CVssbMSv Lorem ipsum dolor sit amet, consectetur adipiscing elit, sed do eiusmod tempor incididunt ut labore et dolore magna aliqua. Ut enim ad minim veniam, quis nostrud exercitation ullamco laboris nisi ut aliquip ex ea commodo consequat. Duis aute irure dolor in reprehenderit in voluptate velit esse cillum dolore eu fugiat nulla pariatur. Excepteur sint occaecat cupidatat', TIMESTAMP '2019-12-07 00:00:00', 1, 'Proposal 6 that reached its quorum', 28, 8, NULL),
(150, TIMESTAMP '2019-12-07 08:18:36.998', TIMESTAMP '2019-12-08 08:18:36.998', 'CpGxkCBg Lorem ipsum dolor sit amet, consectetur adipiscing elit, sed do eiusmod tempor incididunt ut labore et dolore magna aliqua. Ut enim ad minim ve', TIMESTAMP '2019-12-08 00:00:00', 1, 'Proposal 7 that reached its quorum', 26, 15, NULL),
(151, TIMESTAMP '2019-12-07 08:18:37.038', TIMESTAMP '2019-12-08 08:18:37.039', 'pumq9YwZ Lorem ipsum dolor sit amet, consectetur adipiscing elit, sed do eiusmod tempor incididunt ut labore et dolore magna aliqua. Ut enim ad minim veniam, quis nostrud exercitation ullamco laboris nisi ut aliquip ex ea commodo consequat. Duis aute irure dolor in reprehenderit in voluptate velit esse cillum dolore eu fugiat nulla pariatur. Excepteur sint occaecat cupidatat non proi', TIMESTAMP '2019-12-08 00:00:00', 1, 'Proposal 8 that reached its quorum', 30, 6, NULL);
INSERT INTO "PUBLIC"."LAWS" VALUES
(152, TIMESTAMP '2019-12-02 08:18:37.085', TIMESTAMP '2019-12-03 08:18:37.086', 'zAkCMgWY Lorem ipsum dolor sit amet, consectetur adipiscing elit, sed do eiusmod tempor incididunt ut labore et dolore magna aliqua. Ut enim ad minim veniam, quis nostrud exercitation ullamco laboris nisi ut aliq', TIMESTAMP '2019-12-07 00:00:00', 1, 'Proposal 9 that reached its quorum', 31, 13, NULL),
(153, TIMESTAMP '2019-12-09 08:18:37.124', TIMESTAMP '2019-12-09 08:18:37.125', '8TK6unFU Lorem ipsum dolor sit amet, consectetur adipiscing elit, sed do eiusmod tempor incididunt ut labore et dolore magna aliqua. Ut enim ad minim veniam, quis nostrud exercitation ullamco laboris nisi ut aliquip ex ea commodo consequat. Duis aute irure dolor in reprehenderit in voluptate velit esse cillum dolore eu fugiat nulla pariatur. Excepteur sint occaecat cupidatat non proident, sun', TIMESTAMP '2019-12-09 00:00:00', 1, 'Proposal 10 that reached its quorum', 27, 14, NULL),
(154, TIMESTAMP '2019-12-04 08:18:37.156', TIMESTAMP '2019-12-05 08:18:37.157', 'zZWODkHO Lorem ipsum dolor sit amet, consectetur adipiscing elit, sed do eiusmod tempor incididunt ut labore et dolore magna aliqua. Ut enim ad minim veniam, quis nostrud exercit', TIMESTAMP '2019-12-07 00:00:00', 1, 'Proposal 11 that reached its quorum', 22, 14, NULL),
(155, TIMESTAMP '2019-12-03 08:18:37.196', TIMESTAMP '2019-12-04 08:18:37.197', 'x8qQKL64 Lorem ipsum dolor sit amet, consectetur adipiscing elit, sed do ', TIMESTAMP '2019-12-07 00:00:00', 1, 'Proposal 12 that reached its quorum', 26, 8, NULL),
(156, TIMESTAMP '2019-12-04 08:18:37.247', TIMESTAMP '2019-12-05 08:18:37.247', 'd6xQyp0b Lorem ipsum dolor sit amet, consectetur adipiscing elit, sed do eiusmod tempor incididunt ut labore et dolore magna aliqua. Ut enim ad minim veniam, quis nostrud exercitation ullamco laboris nisi ut aliquip ex ea commodo consequat. Duis aute irure dol', TIMESTAMP '2019-12-08 00:00:00', 1, 'Proposal 13 that reached its quorum', 23, 5, NULL),
(157, TIMESTAMP '2019-12-09 08:18:37.293', TIMESTAMP '2019-12-09 08:18:37.294', 'WVzFHVG9 Lorem ipsum dolor sit amet, consectetur adipiscing elit, sed do eiusmod tempor incididunt ut labore et dolore magna aliqua. Ut enim ad minim veniam, quis nostrud exercitation ullamco laboris nisi ut aliquip ex ea commodo consequat. Duis aute iru', TIMESTAMP '2019-12-09 00:00:00', 1, 'Proposal 14 that reached its quorum', 23, 17, NULL),
(158, TIMESTAMP '2019-12-03 08:18:37.33', TIMESTAMP '2019-12-04 08:18:37.331', 'fGpdMt3H Lorem ipsum dolor sit amet, consectetur adipiscing elit, sed do eiusmod tempor incididunt ut labore et dolore magna aliqua. Ut enim ad minim veniam, quis nostrud exercitation ullamco laboris nisi ut aliquip ex ea commodo conse', TIMESTAMP '2019-12-05 00:00:00', 1, 'Proposal 15 that reached its quorum', 31, 1, NULL),
(159, TIMESTAMP '2019-12-01 08:18:37.367', TIMESTAMP '2019-12-02 08:18:37.368', 'DRAWN08h Lorem ipsum dolor sit amet, consectetur adipiscing elit, sed do eiusmod tempor incididunt ut labore et dolore magna aliqua. Ut enim ad minim veniam, quis nostrud exercitation ullamco laboris nisi ut aliquip ex ea commodo consequat. Duis aute ', TIMESTAMP '2019-12-04 00:00:00', 1, 'Proposal 16 that reached its quorum', 26, 5, NULL),
(160, TIMESTAMP '2019-12-04 08:18:37.403', TIMESTAMP '2019-12-05 08:18:37.404', '4NOStQuH Lorem ipsum dolor sit amet, consectetur adipiscing elit, sed do eiusmod tempor incididunt ut labore et dolore magna aliqua. Ut enim ad minim veniam, quis nostrud exercitation ullamco laboris nisi ut aliquip ex ea commodo consequat. Duis aute irure dolor in reprehenderit in voluptate velit esse cillum dolore eu fugiat nulla pari', TIMESTAMP '2019-12-08 00:00:00', 1, 'Proposal 17 that reached its quorum', 22, 1, NULL),
(161, TIMESTAMP '2019-12-06 08:18:37.444', TIMESTAMP '2019-12-07 08:18:37.444', '69pZTfZQ Lorem ipsum dolor sit amet, consectetur adipiscing elit, sed do eiusmod tempor incididunt ut labore et dolore magna aliqua. Ut enim ad minim veniam, quis nostrud exercitation ullamco laboris ', TIMESTAMP '2019-12-08 00:00:00', 1, 'Proposal 18 that reached its quorum', 30, 18, NULL);
INSERT INTO "PUBLIC"."LAWS" VALUES
(162, TIMESTAMP '2019-12-05 08:18:37.498', TIMESTAMP '2019-12-06 08:18:37.498', '20eXVtvn Lorem ipsum dolor sit amet, consectetur adipiscing elit, sed do eiusmod tempor incididunt ut labore et dolore magna aliqua. Ut enim ad minim veniam, quis nostrud exercitation ullamco laboris nisi ut aliquip ex ea commodo consequat. Duis aute irure dolor in reprehenderit in voluptate velit esse cillum dolore eu fugiat nulla pari', TIMESTAMP '2019-12-06 00:00:00', 1, 'Proposal 19 that reached its quorum', 31, 11, NULL),
(163, TIMESTAMP '2019-12-01 08:18:37.533', TIMESTAMP '2019-12-02 08:18:37.533', 'dmSynVz9 Lorem ipsum dol', TIMESTAMP '2019-12-02 00:00:00', 1, 'Proposal 20 that reached its quorum', 30, 6, NULL),
(164, TIMESTAMP '2019-12-01 08:18:37.563', TIMESTAMP '2019-12-02 08:18:37.563', 'aQSNVlTD Lorem ipsum dolor sit amet, consectetur adipiscing elit, sed do eiusmod tempor incididunt ut labore et dolore magna aliqua. Ut enim ad minim', TIMESTAMP '2019-12-06 00:00:00', 1, 'Proposal 21 that reached its quorum', 28, 15, NULL),
(165, TIMESTAMP '2019-12-07 08:18:37.622', TIMESTAMP '2019-12-08 08:18:37.623', 'DN4Ftgde Lorem ipsum dolor sit amet, consectetur adipiscing elit, sed do eiusmod tempor incididunt ut labore et dolore m', TIMESTAMP '2019-12-08 00:00:00', 1, 'Proposal 22 that reached its quorum', 27, 3, NULL),
(166, TIMESTAMP '2019-12-06 08:18:37.682', TIMESTAMP '2019-12-07 08:18:37.684', 'xOMKUkQy Lorem ipsum dolor sit amet, consectetur adipiscing elit, sed do eiusmod tempor incididunt ut labore et dolore magna aliqua. Ut enim ad minim veniam, quis nostrud exercitation ullamco laboris nisi ut aliquip ex ea commodo consequat. Duis aute irure dolor in reprehenderit in voluptate velit esse cillum dolore eu fugiat nulla pariatur. Excepteur sint occaecat cupidatat non proident, sun', TIMESTAMP '2019-12-09 00:00:00', 1, 'Proposal 23 that reached its quorum', 31, 12, NULL),
(167, TIMESTAMP '2019-12-07 08:18:37.767', TIMESTAMP '2019-12-08 08:18:37.767', 'TNZQQl4z Lorem ipsum dolor sit amet, consectetur adipiscing elit, sed do eiusmod tempor incididunt ut labore et dolore magna aliqua. Ut enim ad minim veniam, quis nostrud exercitation ullamco laboris nisi ut aliquip ex ea commodo consequat. Duis aute irure dolor in reprehenderit in voluptate velit esse cillu', TIMESTAMP '2019-12-08 00:00:00', 1, 'Proposal 24 that reached its quorum', 25, 14, NULL),
(168, TIMESTAMP '2019-11-30 08:18:37.825', TIMESTAMP '2019-12-01 08:18:37.826', 'SkqkSKOR Lorem ipsum dolor sit amet, consectetur adipiscing elit, sed do eiusmod tempor incididunt ut labore et dolore magna aliqua. Ut enim ad minim veniam, quis nostrud exercitation ullamco laboris nisi ut aliquip ex ea commodo consequat. Duis aute irure', TIMESTAMP '2019-12-06 00:00:00', 1, 'Proposal 25 that reached its quorum', 27, 1, NULL),
(169, TIMESTAMP '2019-12-03 08:18:37.89', TIMESTAMP '2019-12-04 08:18:37.892', 'QpBL30YU Lorem ipsum dolor sit amet, consectetur adipiscing elit, sed do eiusmod tempor incididunt ut labore et dolore magna aliqua. Ut enim ad minim veniam, quis nostrud exercitation ullamco laboris nisi ut aliquip ex ea commodo consequat. Duis', TIMESTAMP '2019-12-09 00:00:00', 1, 'Proposal 26 that reached its quorum', 25, 15, NULL),
(170, TIMESTAMP '2019-12-02 08:18:37.963', TIMESTAMP '2019-12-03 08:18:37.963', 'w9ss0H4l Lorem ipsum dolor sit amet, consectetur adipiscing elit, sed do eiusmod tempor incididunt', TIMESTAMP '2019-12-07 00:00:00', 1, 'Proposal 27 that reached its quorum', 26, 16, NULL),
(171, TIMESTAMP '2019-12-07 08:18:37.997', TIMESTAMP '2019-12-08 08:18:37.997', '700Q4ww5 Lorem ipsum dolor sit amet, consectetur adipiscing elit, sed do eiusmod tempor incididunt ut labore et dolore magna aliqua. Ut enim ad minim veniam, quis nostrud exercitation ullamco laboris nisi ut aliquip ex ea commodo consequat. Duis aute irure dolor in reprehenderit in voluptate velit esse cillum dolore eu fugiat nulla', TIMESTAMP '2019-12-09 00:00:00', 1, 'Proposal 28 that reached its quorum', 23, 12, NULL),
(172, TIMESTAMP '2019-12-07 08:18:38.045', TIMESTAMP '2019-12-08 08:18:38.046', 'voUnoxlA Lorem ipsum dolor sit amet, consectetur adipiscing elit, sed do eiusmod tempor incididunt ut labore et dolore magna aliqua. Ut enim ad minim veniam, quis nostrud exercitation ullamco laboris nisi ut aliquip ex ea commodo consequat. Duis aute irure dolor i', TIMESTAMP '2019-12-09 00:00:00', 1, 'Proposal 29 that reached its quorum', 27, 1, NULL);
INSERT INTO "PUBLIC"."LAWS" VALUES
(173, TIMESTAMP '2019-12-07 08:18:38.101', TIMESTAMP '2019-12-08 08:18:38.101', 'ZvRt2wcF Lorem ipsum dolor sit amet, consectetur adipiscing elit, sed do eiusmod tempor incididunt ut labore et dolore magna aliqua. Ut enim ad minim veniam, quis nostrud exercitation ullamco laboris nisi ut aliquip ex ea commodo consequat. Duis aute irure dolor in reprehenderit in voluptate velit esse cillum dolore eu fugiat nulla pariatur. Excepteur sint occaecat cupidatat non proident, sunt in cul', TIMESTAMP '2019-12-08 00:00:00', 1, 'Proposal 30 that reached its quorum', 27, 17, NULL),
(174, TIMESTAMP '2019-12-07 08:18:38.163', TIMESTAMP '2019-12-08 08:18:38.163', 'QrSf76nQ Lorem ipsum dolor sit amet, consectetur adipiscing elit, sed do eiusmod tempor i', TIMESTAMP '2019-12-09 00:00:00', 1, 'Proposal 31 that reached its quorum', 26, 1, NULL),
(175, TIMESTAMP '2019-12-07 08:18:38.238', TIMESTAMP '2019-12-08 08:18:38.239', 'DbncWdEC Lorem ipsum dolor sit amet, consectetur adipiscing elit, sed do eiusmod tempor incididunt ut labore et dolore magna aliqua. Ut enim ad minim veniam, quis nostrud exercitation ullamco laboris nisi ut aliquip ex ea commodo consequat. Duis aute irure dolo', TIMESTAMP '2019-12-09 00:00:00', 1, 'Proposal 32 that reached its quorum', 31, 3, NULL),
(176, TIMESTAMP '2019-12-02 08:18:38.333', TIMESTAMP '2019-12-03 08:18:38.334', 'TOpAOZpO Lorem ipsum dolor sit amet, consectetur adipiscing elit, sed do eiusmod tempor incididunt ut labore et dolore magna aliqua. Ut enim ad minim veniam, quis nostrud exercitation ullamco laboris nisi ut aliquip ex ea commodo consequat. Duis aute irure dolor in reprehenderit in voluptate velit esse cillum dolore eu fugiat nulla pari', TIMESTAMP '2019-12-04 00:00:00', 1, 'Proposal 33 that reached its quorum', 28, 9, NULL),
(177, TIMESTAMP '2019-12-04 08:18:38.386', TIMESTAMP '2019-12-05 08:18:38.386', 'NTDV2lf6 Lorem ipsum dolor sit amet, consectetur adipiscing elit, sed do eiusmod tempor incididunt ut labore et dolore magna aliqua. Ut enim ad minim veniam, quis nostrud exercitation ullamco laboris nisi ut aliquip ex ea commodo consequat. Duis aute irure dolor in reprehenderit in voluptate velit esse cillum dolore eu fugiat nulla pariatur. Excepteur sint occaecat cupidatat non proident, sunt in culp', TIMESTAMP '2019-12-05 00:00:00', 1, 'Proposal 34 that reached its quorum', 31, 8, NULL),
(178, TIMESTAMP '2019-12-07 08:18:38.445', TIMESTAMP '2019-12-08 08:18:38.446', 'UUBO0RWu Lorem ips', TIMESTAMP '2019-12-09 00:00:00', 1, 'Proposal 35 that reached its quorum', 30, 9, NULL),
(179, TIMESTAMP '2019-12-02 08:18:38.507', TIMESTAMP '2019-12-03 08:18:38.509', 'pM8dp5YY Lorem ipsum dolor sit amet, consectetur adipiscing elit, sed do eiusmod tempor incididunt ut labore et dolore magna aliqua. Ut enim ad minim veniam, quis nostrud exercitation ullamco laboris nisi ut aliquip ex ', TIMESTAMP '2019-12-03 00:00:00', 1, 'Proposal 36 that reached its quorum', 28, 9, NULL),
(180, TIMESTAMP '2019-12-08 08:18:38.579', TIMESTAMP '2019-12-09 08:18:38.58', 'GkHyBPAF Lorem ipsum dolor sit amet, consectetur adipiscing elit, sed do eiusmod tempor incididunt ut labore et dolore magna', TIMESTAMP '2019-12-09 00:00:00', 1, 'Proposal 37 that reached its quorum', 27, 4, NULL),
(181, TIMESTAMP '2019-12-09 08:18:38.634', TIMESTAMP '2019-12-09 08:18:38.634', 'n3mhHcHr Lorem ipsum dolor sit amet, consectetur adipis', TIMESTAMP '2019-12-09 00:00:00', 1, 'Proposal 38 that reached its quorum', 30, 1, NULL),
(182, TIMESTAMP '2019-12-04 08:18:38.704', TIMESTAMP '2019-12-05 08:18:38.705', 'nEkyb6Ff Lorem ipsum dolor sit amet, consectetur adipiscing elit, sed do eiusmod tempor incididunt ut labore et dolore magna aliqua. Ut enim ad minim veniam, quis nostrud exercitation ullamco laboris nisi ut aliquip ex ea commodo consequat. Duis aute irure dolor in reprehenderit in voluptate velit esse cillum dolore eu fugiat nulla pariatur. Excepteur sint o', TIMESTAMP '2019-12-06 00:00:00', 1, 'Proposal 39 that reached its quorum', 23, 1, NULL),
(183, TIMESTAMP '2019-12-06 08:18:38.773', TIMESTAMP '2019-12-07 08:18:38.774', 'l6ufSGdk Lorem ipsum dolor sit amet, consectetur adipiscing elit, sed do eiusmod tempor incididunt ut labore et dolore magna aliqua. Ut enim ad minim veniam, quis nostrud exercitation ullamco laboris nisi ut aliquip ex ea commodo consequat. Duis aute irure dolor in reprehenderit in voluptate velit esse cillum dol', TIMESTAMP '2019-12-07 00:00:00', 1, 'Proposal 40 that reached its quorum', 26, 20, NULL);
INSERT INTO "PUBLIC"."LAWS" VALUES
(184, TIMESTAMP '2019-12-04 08:18:38.836', TIMESTAMP '2019-12-05 08:18:38.836', 'XMcwcvS9 Lorem ipsum dolor sit amet, consectetur adipiscing elit, sed do eiusmod tempor incididunt ut labore et dolore magna aliqua. Ut enim ad minim veniam, quis nostrud exercitation ullamco laboris nisi ut aliquip ex ea commodo consequat. Du', TIMESTAMP '2019-12-05 00:00:00', 1, 'Proposal 41 that reached its quorum', 30, 19, NULL),
(185, TIMESTAMP '2019-12-01 08:18:38.916', TIMESTAMP '2019-12-02 08:18:38.917', 'LlV4Sb0r Lorem ipsum dolor sit amet, consectetur adipiscing elit, sed do eiusmod tempor incididunt ut labore et dolore magna aliqua. Ut enim ad minim veniam, quis nostrud exercitation ullamco laboris nisi u', TIMESTAMP '2019-12-05 00:00:00', 1, 'Proposal 42 that reached its quorum', 31, 19, NULL),
(186, TIMESTAMP '2019-12-03 08:18:38.99', TIMESTAMP '2019-12-04 08:18:38.992', 'hKz0rgyd Lorem ipsum dolor sit amet, consectetur adipiscing elit, sed do eiusmod tempor incididunt ut labore et dolore magna aliqua. Ut enim ad minim veniam, quis nos', TIMESTAMP '2019-12-08 00:00:00', 1, 'Proposal 43 that reached its quorum', 24, 14, NULL),
(187, TIMESTAMP '2019-11-30 08:18:39.04', TIMESTAMP '2019-12-01 08:18:39.043', 'AOSoCd5O Lorem ipsum dolor sit amet, consectetur adipiscing elit, sed do eiusmod tempor incididunt ut labore et dolore magna', TIMESTAMP '2019-12-06 00:00:00', 1, 'Proposal 44 that reached its quorum', 28, 12, NULL),
(188, TIMESTAMP '2019-12-06 08:18:39.095', TIMESTAMP '2019-12-07 08:18:39.096', 'X423Ebh2 Lorem ipsum dolor sit amet, consectetur adipiscing elit, sed do eiusmod tempor incididunt ut labore et dolore magna aliqua. Ut enim ad minim veniam, quis nostrud exercitation ullamco laboris nisi ut aliquip ex ea commodo consequat. D', TIMESTAMP '2019-12-08 00:00:00', 1, 'Proposal 45 that reached its quorum', 28, 5, NULL),
(189, TIMESTAMP '2019-12-08 08:18:39.163', TIMESTAMP '2019-12-09 08:18:39.163', 'sUW0ZGUy Lorem ipsum dolor sit amet, consectetur adipiscing elit, sed do eiusmod tempor incididunt ut labore et dolore magna aliqua. Ut enim ad minim veniam, quis nostrud exercitation ullamco laboris nisi ut aliquip ex ea commodo consequat. ', TIMESTAMP '2019-12-09 00:00:00', 1, 'Proposal 46 that reached its quorum', 31, 10, NULL),
(190, TIMESTAMP '2019-12-04 08:18:39.212', TIMESTAMP '2019-12-05 08:18:39.212', 'BlB3RfeF Lorem ipsum dolor sit amet, consectetur adipiscing elit, sed do eiusmod tempor incididunt ut labore et dolore magna aliqua. Ut enim ad minim veniam, quis nostrud exercitation ullamco laboris nisi ut aliquip ex ea commodo consequat. Duis aute irure dolor in reprehenderit in voluptate velit esse cillum dolore eu fugiat n', TIMESTAMP '2019-12-06 00:00:00', 1, 'Proposal 47 that reached its quorum', 24, 10, NULL),
(191, TIMESTAMP '2019-12-09 08:18:39.259', TIMESTAMP '2019-12-09 08:18:39.26', '5rat25Pw Lorem ipsum dolor sit amet, consectetur adipiscing elit, sed do eiusmod tempor incididunt ut labore et dolore magna aliqua. Ut enim ad minim veniam, quis nostrud exercitation ullamco laboris nisi ut aliquip ex ea commodo consequat. Duis aute irure dolor in reprehenderit in voluptate velit e', TIMESTAMP '2019-12-09 00:00:00', 1, 'Proposal 48 that reached its quorum', 25, 19, NULL),
(192, TIMESTAMP '2019-12-06 08:18:39.313', TIMESTAMP '2019-12-07 08:18:39.314', 'KpuQ3cty Lorem ipsum dolor sit amet, consectetur adipiscing elit, sed do eiusmod tempor incididunt ut labore et dolore magna aliqua. Ut enim ad minim veniam, quis nostrud exercitation ullamco laboris nisi ut aliquip ex ea commodo consequat. Duis aute irure dolor in reprehenderit in voluptate velit esse cillum dolore eu fugiat nul', TIMESTAMP '2019-12-09 00:00:00', 1, 'Proposal 49 that reached its quorum', 27, 19, NULL),
(193, TIMESTAMP '2019-12-07 08:18:39.379', TIMESTAMP '2019-12-09 08:18:39.446', 'Lorem ipsum dolor sit amet, consectetur adipiscing elit, sed do eiusmod tempor incididunt ut labore et dolore magna aliqua. Ut enim ad minim veniam, quis nostrud exercitation ullamco laboris nisi ut aliquip ex ea commodo consequat. Duis aute irure dolor in reprehenderit in voluptate velit esse cillum dolore eu fugiat nulla pariatur. Excepteur sint occa', TIMESTAMP '2019-12-08 00:00:00', 1, 'Proposal 0 for user testuser1@liquido.de', 30, 1, NULL);
INSERT INTO "PUBLIC"."LAWS" VALUES
(198, TIMESTAMP '2019-12-09 08:18:39.543', TIMESTAMP '2019-12-09 08:18:39.58', 'Lorem ipsum dolor sit amet, consectetur adipiscing elit, sed do eiusmod tempor incididunt ut labore et dolore magna aliqua. Ut enim a', TIMESTAMP '2019-12-09 00:00:00', 1, 'Proposal 1 for user testuser1@liquido.de', 27, 1, NULL),
(203, TIMESTAMP '2019-12-04 08:18:39.62', TIMESTAMP '2019-12-05 08:18:39.62', 'Lorem ipsum dolor sit amet, consectetur adipiscing elit, sed do eiusmod tempor incididunt ut labore et dolore ma', TIMESTAMP '2019-12-08 00:00:00', 1, 'Proposal 2 for user testuser1@liquido.de', 28, 1, NULL),
(211, TIMESTAMP '2019-12-07 08:18:39.687', TIMESTAMP '2019-12-09 08:18:39.714', 'Lorem ipsum dolor sit amet, consectetur adipiscing elit, sed do eiusmod tempor incididunt ut labore et dolore magna aliqua. Ut enim ad minim veniam, quis nostrud exercitation ullamco laboris nisi ut aliquip ex ea commodo consequat. Duis aute irure dolor in reprehenderit in voluptate velit esse cillum dolore', TIMESTAMP '2019-12-09 00:00:00', 1, 'Proposal 3 for user testuser1@liquido.de', 29, 1, NULL),
(217, TIMESTAMP '2019-11-30 08:18:39.754', TIMESTAMP '2019-12-01 08:18:39.755', 'Lorem ipsum dolor sit amet, consectetur adipiscing elit, sed do eiusmod tempor incididunt ut labore et dolore magna aliqua. Ut enim ad minim veniam, quis nostrud exercitation ullamco laboris nisi ut aliquip ex ea commodo consequat. Duis aute irure dolor in reprehenderit in voluptate velit esse ', TIMESTAMP '2019-12-09 00:00:00', 1, 'Proposal 4 for user testuser1@liquido.de', 31, 1, NULL),
(230, TIMESTAMP '2019-11-29 08:18:47.98', TIMESTAMP '2019-12-09 08:18:48.038', 'Lorem ipsum dolor sit amet, consectetur adipiscing elit, sed do eiusmod tempor incididunt ut labore et dolore magna aliqua. Ut enim ad minim veniam, quis nostrud exercitation ullamco laboris nisi ut aliquip ex ea commodo con', TIMESTAMP '2019-12-02 00:00:00', 2, 'Initial Proposal in a poll that is in elaboration 1575875927955', 22, 13, 237),
(238, TIMESTAMP '2019-11-19 08:18:48.076', TIMESTAMP '2019-12-09 08:18:48.126', 'Lorem ipsum dolor sit amet, consectetur adipiscing elit, sed do eiusmod tempor incididunt ut labore et dolore magna aliqua. Ut enim ad minim veniam, quis nostrud exercitation ullamco laboris nisi ut aliquip ex ea commodo consequat. Duis aute irure dolor in reprehenderit in voluptate velit esse cillum dolore eu fugiat nulla pariatur. Excepteur sint occaecat cupidatat non proident, sunt', TIMESTAMP '2019-11-21 00:00:00', 2, 'Alternative Proposal1 in a poll that is in elaboration1575875928040', 22, 15, 237),
(245, TIMESTAMP '2019-11-19 08:18:48.166', TIMESTAMP '2019-12-09 08:18:48.213', 'Lorem ipsum dolor sit amet, consectetur adipiscing elit, sed do eiusmod tempor incididunt ut labore et dolore m', TIMESTAMP '2019-11-21 00:00:00', 2, 'Alternative Proposal2 in a poll that is in elaboration1575875928128', 22, 7, 237),
(250, TIMESTAMP '2019-11-19 08:18:48.243', TIMESTAMP '2019-12-09 08:18:48.283', 'Lorem ipsum dolor sit amet, consectetur adipiscing elit, sed do eiusmod tempor incididunt ut labore et dolore magna aliqua. Ut enim ad minim veniam, quis nostrud exercitation ullamco laboris nisi ut aliquip ex ea commodo consequat. Duis aute irure dolor in reprehenderit in voluptate velit esse cillum dolore eu fugiat nulla pariatur. ', TIMESTAMP '2019-11-21 00:00:00', 2, 'Alternative Proposal3 in a poll that is in elaboration1575875928216', 22, 3, 237),
(256, TIMESTAMP '2019-11-19 08:18:48.327', TIMESTAMP '2019-12-09 08:18:48.366', 'Lorem ipsum dolor sit amet, consectetur adipiscing elit, sed do eiusmod tempor incididunt ut labore et dolore magna aliqua. Ut enim ad minim veniam, quis nostrud exercitation ullamco laboris nisi ut aliquip ex ea commodo consequat. Duis aute irure dolor in reprehenderit in voluptate velit esse cillum dolore eu fugiat nulla pariat', TIMESTAMP '2019-11-21 00:00:00', 2, 'Alternative Proposal4 in a poll that is in elaboration1575875928285', 22, 5, 237),
(261, TIMESTAMP '2019-11-29 08:18:48.406', TIMESTAMP '2019-12-09 08:18:48.839', 'Lorem ipsum dolor sit amet, consectetur adipiscing elit, sed do eiusmod tempor incididunt ut labore et d', TIMESTAMP '2019-12-02 00:00:00', 3, 'Proposal 1 in voting phase 1575875928743', 22, 13, 267);
INSERT INTO "PUBLIC"."LAWS" VALUES
(268, TIMESTAMP '2019-11-19 08:18:48.485', TIMESTAMP '2019-12-09 08:18:48.841', 'Lorem ipsum dolor sit amet, consectetur adipiscing elit, sed do eiusmod tempor incididunt ut labore et dolore magna aliqua. Ut enim ad minim veniam, quis nostrud exercitation ullamco laboris nisi ut aliquip ex ea commodo consequat. Duis aute irure dolor in reprehenderit in voluptate v', TIMESTAMP '2019-11-21 00:00:00', 3, 'Proposal 5 in voting phase 1575875928743', 22, 15, 267),
(276, TIMESTAMP '2019-11-19 08:18:48.568', TIMESTAMP '2019-12-09 08:18:48.841', 'Lorem ipsum dolor sit amet, consectetur adipiscing elit, sed do eiusmod tempor incididunt ut labore et dolore magna aliqua. Ut enim ad minim veniam, quis nostrud exercitation ullamco laboris nisi ut aliquip ex ea commodo consequat. Duis aute irure dolor in reprehenderit in voluptate velit esse cillum dolore eu fugiat nulla pariatur. Excepteur sint o', TIMESTAMP '2019-11-21 00:00:00', 3, 'Proposal 4 in voting phase 1575875928743', 22, 7, 267),
(283, TIMESTAMP '2019-11-19 08:18:48.636', TIMESTAMP '2019-12-09 08:18:48.842', 'Lorem ipsum dolor sit amet, consectetur adipiscing elit, sed do eiusmod tempor incididunt ut labore et dolore magna aliqua. Ut enim ad minim veniam, quis nostrud exercitation ullamco laboris nisi ut aliquip ex ea commodo consequat. Duis aute irure dolor in reprehenderit in voluptate velit esse cillum dolore eu fugiat nulla pariatur. Except', TIMESTAMP '2019-11-21 00:00:00', 3, 'Proposal 3 in voting phase 1575875928743', 22, 3, 267),
(288, TIMESTAMP '2019-11-19 08:18:48.707', TIMESTAMP '2019-12-09 08:18:48.842', 'Lorem ipsum dolor sit amet, consectetur adipiscing elit, sed do eiusmod tempor incididunt ut labore et dolore magna aliqua. Ut enim ad minim veniam,', TIMESTAMP '2019-11-21 00:00:00', 3, 'Proposal 2 in voting phase 1575875928743', 22, 5, 267),
(295, TIMESTAMP '2019-11-29 08:18:48.884', TIMESTAMP '2019-12-09 08:18:49.253', 'Lorem ipsum dolor sit amet, consectetur adipiscing elit, sed do eiusmod tempor incididunt ut labore et dolore magna aliqua. Ut enim ad minim veniam, quis nostrud exercitation ullamco laboris nisi ut aliquip ex ea commodo consequat. Duis aute irure dolor in reprehenderit in voluptate velit esse cillum dolore eu fugiat nulla pariatur. Excepteur sint occaecat cupidatat non proident, sunt in', TIMESTAMP '2019-12-02 00:00:00', 3, 'Proposal 4 in voting phase 1575875929183', 22, 13, 303),
(304, TIMESTAMP '2019-11-19 08:18:48.958', TIMESTAMP '2019-12-09 08:18:49.255', 'Lorem ipsum dolor sit amet, consectetur adipiscing elit, sed do eiusmod tempor incididunt ut labore et dolore magna aliqua. Ut enim ad minim veniam, quis nostrud exercitation ullamco laboris nisi ut aliquip ex ea commodo consequat. Duis aute irure dolor in reprehenderit in voluptate velit esse cillum dolore eu fugiat nulla pariatur. Excepteur sint occaecat c', TIMESTAMP '2019-11-21 00:00:00', 3, 'Proposal 2 in voting phase 1575875929183', 22, 15, 303),
(309, TIMESTAMP '2019-11-19 08:18:49.009', TIMESTAMP '2019-12-09 08:18:49.256', 'Lorem ipsum dolor sit amet, consectetur adipiscing elit, sed do eiusmod tempor incididunt ut labore et dolore magna aliqua. Ut enim ad minim veniam, quis nostrud exercitation ullamco laboris nisi u', TIMESTAMP '2019-11-21 00:00:00', 3, 'Proposal 3 in voting phase 1575875929183', 22, 7, 303),
(316, TIMESTAMP '2019-11-19 08:18:49.097', TIMESTAMP '2019-12-09 08:18:49.257', 'Lorem ipsum dolor sit amet, consectetur adipiscing elit, sed do eiusmod tempor incididunt ut labore et dolore magna aliqua. Ut enim ad minim veniam, quis nostrud exercitation ullamco laboris nisi ut aliquip ex ea commodo consequat. D', TIMESTAMP '2019-11-21 00:00:00', 3, 'Proposal 1 in voting phase 1575875929183', 22, 3, 303),
(323, TIMESTAMP '2019-11-19 08:18:49.153', TIMESTAMP '2019-12-09 08:18:49.26', 'Lorem ipsum dolor sit amet, consectetur adipiscing elit, sed do eiusmod tempor incididunt ut labore et dolore magna aliqua. Ut enim ad minim veniam, quis nostrud exercitation ullamco laboris nisi ut aliquip ex ea commodo consequat. Duis aute irure dolor in reprehenderit in voluptate velit esse cillum dolore eu fugiat nulla pariatur. Exce', TIMESTAMP '2019-11-21 00:00:00', 3, 'Proposal 5 in voting phase 1575875929183', 22, 5, 303);
INSERT INTO "PUBLIC"."LAWS" VALUES
(346, TIMESTAMP '2019-11-29 08:18:58.212', TIMESTAMP '2019-12-09 08:19:04.992', 'Lorem ipsum dolor sit amet, consectetur adipiscing elit, sed do eiusmod tempor incididunt ut labore et dolore magna aliqua. Ut enim ad minim veniam, quis nostrud exercitation ullamco laboris nisi ut aliquip ex ea commodo consequat. Duis aute irur', TIMESTAMP '2019-12-02 00:00:00', 5, 'Proposal 4 in voting phase 1575875939120', 22, 13, 351),
(352, TIMESTAMP '2019-11-19 08:18:58.306', TIMESTAMP '2019-12-09 08:19:05', 'Lorem ipsum dolor sit amet, consectetur adipiscing elit, sed do eiusmod tempor incididunt ut labore et dolore magna aliqua. Ut enim ad minim veniam, quis nostrud exercitation ullamc', TIMESTAMP '2019-11-21 00:00:00', 4, 'This winning Proposal is now a Law', 22, 15, 351),
(358, TIMESTAMP '2019-11-19 08:18:58.565', TIMESTAMP '2019-12-09 08:19:04.993', 'Lorem ipsum dolor sit amet, consectetur adipiscing elit, sed do eiusmod tempor incididunt ut labore et dolore magna aliqua. Ut enim ad minim veniam, quis nostrud exercitation ullamco laboris ni', TIMESTAMP '2019-11-21 00:00:00', 5, 'Proposal 2 in voting phase 1575875939120', 22, 7, 351),
(362, TIMESTAMP '2019-11-19 08:18:58.729', TIMESTAMP '2019-12-09 08:19:04.993', 'Lorem ipsum dolor sit amet, consectetur adipiscing elit, sed do eiusmod tempor incididunt ut labore et dolore magna aliqua. Ut enim ad min', TIMESTAMP '2019-11-21 00:00:00', 5, 'Proposal 5 in voting phase 1575875939120', 22, 3, 351),
(368, TIMESTAMP '2019-11-19 08:18:59.011', TIMESTAMP '2019-12-09 08:19:04.994', 'Lorem ipsum dolor sit amet, consectetur adipiscing elit, sed do eiusmod tempor incididunt ut labore et dolore magna aliqua. Ut enim ad minim veniam, quis nostrud exercitation ullamco laboris nisi ut aliquip ex ea commodo consequat. Duis aute irure dolor in reprehenderit in voluptate velit esse cillum dolore eu fugiat nulla pariatur. Excepteur sint occaecat cupidatat non pr', TIMESTAMP '2019-11-21 00:00:00', 5, 'Proposal 3 in voting phase 1575875939120', 22, 5, 351),
(392, TIMESTAMP '2019-11-19 08:19:05.026', TIMESTAMP '2019-12-09 08:19:05.026', 'Lorem ipsum dolor sit amet, consectetur adipiscing elit, sed do eiusmod tempor incididunt ut labore et dolore magna aliqua. Ut enim ad minim veniam, quis nostrud exercitation ullamco laboris nisi ut aliquip ex ea commodo consequat. Duis aute irure dolor in repr', TIMESTAMP '2019-11-29 00:00:00', 4, 'Law 0', 22, 1, NULL),
(393, TIMESTAMP '2019-11-18 08:19:05.052', TIMESTAMP '2019-12-09 08:19:05.051', 'Lorem ipsum dolor sit amet, consectetur adipiscing elit, sed do eiusmod tempor incididunt ut labore et dolore magna aliqua. Ut enim ad mi', TIMESTAMP '2019-11-29 00:00:00', 4, 'Law 1', 22, 1, NULL);
CREATE MEMORY TABLE "PUBLIC"."LAWS_COMMENTS"(
"LAW_MODEL_ID" BIGINT NOT NULL,
"COMMENTS_ID" BIGINT NOT NULL
);
ALTER TABLE "PUBLIC"."LAWS_COMMENTS" ADD CONSTRAINT "PUBLIC"."CONSTRAINT_A0" PRIMARY KEY("LAW_MODEL_ID", "COMMENTS_ID");
-- 25 +/- SELECT COUNT(*) FROM PUBLIC.LAWS_COMMENTS;
INSERT INTO "PUBLIC"."LAWS_COMMENTS" VALUES
(193, 194),
(198, 199),
(203, 204),
(211, 212),
(217, 218),
(230, 231),
(238, 239),
(245, 246),
(250, 251),
(256, 257),
(261, 262),
(268, 269),
(276, 277),
(283, 284),
(288, 289),
(295, 296),
(304, 305),
(309, 310),
(316, 317),
(323, 324),
(346, 347),
(352, 353),
(358, 359),
(362, 363),
(368, 369);
CREATE MEMORY TABLE "PUBLIC"."LAWS_SUPPORTERS"(
"LAW_MODEL_ID" BIGINT NOT NULL,
"SUPPORTERS_ID" BIGINT NOT NULL
);
ALTER TABLE "PUBLIC"."LAWS_SUPPORTERS" ADD CONSTRAINT "PUBLIC"."CONSTRAINT_C" PRIMARY KEY("LAW_MODEL_ID", "SUPPORTERS_ID");
-- 1251 +/- SELECT COUNT(*) FROM PUBLIC.LAWS_SUPPORTERS;
INSERT INTO "PUBLIC"."LAWS_SUPPORTERS" VALUES
(32, 17),
(32, 10),
(32, 9),
(32, 13),
(33, 3),
(34, 14),
(35, 5),
(35, 8),
(35, 10),
(35, 18),
(35, 2),
(35, 7),
(35, 11),
(35, 19),
(36, 20),
(36, 16),
(36, 15),
(36, 3),
(36, 11),
(36, 2),
(37, 13),
(37, 4),
(37, 2),
(37, 16),
(37, 8),
(37, 15),
(38, 12),
(38, 6),
(38, 9),
(38, 17),
(39, 15),
(39, 13),
(39, 10),
(39, 5),
(39, 12),
(39, 6),
(39, 16),
(39, 9),
(40, 15),
(40, 19),
(40, 7),
(40, 5),
(40, 20),
(40, 11),
(40, 6),
(40, 8),
(42, 4),
(42, 17),
(42, 7),
(43, 5),
(43, 3),
(43, 10),
(43, 7),
(43, 8),
(44, 19),
(45, 13),
(45, 17),
(46, 7),
(46, 10),
(46, 13),
(46, 19),
(46, 3),
(47, 7),
(47, 18),
(47, 15),
(47, 9),
(48, 16),
(48, 20),
(48, 13),
(49, 11),
(49, 12),
(49, 3),
(50, 11),
(50, 19),
(50, 10),
(51, 19),
(51, 2),
(51, 11),
(52, 20),
(52, 13),
(52, 9),
(52, 14),
(52, 3),
(52, 1),
(52, 4),
(53, 3),
(53, 17),
(54, 17),
(54, 9),
(54, 10),
(54, 16),
(54, 8),
(54, 5),
(54, 6),
(54, 1),
(55, 1),
(55, 10),
(55, 20),
(55, 13),
(55, 18),
(57, 3),
(57, 2),
(57, 4),
(57, 16),
(57, 18),
(58, 19),
(58, 14),
(58, 20),
(58, 13),
(58, 15),
(58, 5),
(58, 6),
(58, 10),
(59, 15),
(59, 13),
(59, 5),
(59, 10),
(59, 16),
(59, 11),
(59, 4),
(59, 1),
(60, 2),
(60, 15),
(60, 12),
(60, 18),
(60, 13),
(61, 5),
(61, 19),
(61, 11),
(61, 13),
(62, 2),
(62, 4),
(62, 8),
(62, 15),
(63, 15),
(63, 4),
(63, 7),
(63, 2),
(63, 5),
(63, 18),
(64, 10),
(65, 17),
(65, 6),
(65, 10),
(65, 3),
(65, 1),
(65, 8),
(65, 16),
(66, 10),
(66, 9),
(66, 2),
(66, 15),
(67, 5),
(67, 10),
(67, 15),
(67, 19),
(67, 17),
(68, 6),
(68, 7),
(69, 14),
(69, 10),
(69, 20),
(69, 6),
(69, 13),
(69, 3),
(69, 15),
(70, 3),
(70, 18),
(70, 8),
(70, 13),
(70, 20),
(70, 7),
(71, 4),
(71, 2),
(71, 9),
(71, 14),
(71, 15),
(72, 10),
(72, 1),
(72, 3),
(72, 7),
(73, 7),
(73, 14),
(73, 13),
(73, 10),
(74, 4),
(74, 11),
(75, 5),
(75, 12),
(76, 20),
(76, 10),
(76, 13),
(76, 8),
(76, 1),
(76, 9),
(76, 7),
(76, 16),
(77, 6),
(77, 18),
(77, 13),
(77, 20),
(77, 9),
(77, 4),
(77, 14),
(79, 20),
(79, 14),
(79, 9),
(79, 1),
(79, 15),
(79, 10),
(79, 11),
(80, 12),
(80, 11),
(80, 3),
(80, 6),
(80, 15),
(80, 4),
(80, 10),
(82, 13),
(82, 3),
(82, 12),
(82, 1),
(82, 18),
(82, 5),
(82, 15),
(83, 13),
(83, 20),
(85, 11),
(85, 3),
(85, 9),
(85, 13),
(85, 14),
(85, 10),
(85, 20),
(86, 8),
(86, 9),
(86, 20),
(86, 19),
(86, 13),
(86, 16),
(86, 4),
(87, 7),
(87, 12),
(87, 8),
(88, 17),
(90, 20),
(90, 13),
(90, 6),
(90, 2),
(90, 16),
(91, 3),
(91, 18),
(91, 2),
(91, 9),
(91, 10),
(92, 17),
(92, 18),
(92, 8),
(92, 12),
(92, 6),
(92, 13),
(93, 6),
(94, 3),
(94, 8),
(94, 19),
(94, 7),
(96, 1),
(96, 15),
(96, 2),
(96, 6),
(96, 9),
(96, 14),
(97, 1),
(98, 4),
(98, 7),
(99, 1),
(99, 9),
(100, 1),
(100, 18),
(100, 9),
(100, 20),
(100, 2),
(100, 4),
(100, 12),
(100, 14),
(101, 10),
(101, 5),
(102, 19),
(102, 8),
(102, 1),
(102, 9),
(102, 12),
(102, 15),
(103, 12),
(103, 19),
(103, 10),
(103, 17),
(104, 3),
(104, 1),
(104, 12),
(106, 4),
(106, 7),
(106, 11),
(106, 17),
(106, 15),
(106, 18),
(106, 19),
(106, 2),
(107, 1),
(107, 18),
(107, 9),
(107, 10),
(107, 13),
(107, 3),
(107, 15),
(108, 18),
(108, 17),
(108, 9),
(108, 1),
(108, 20),
(108, 14),
(108, 7),
(109, 19),
(109, 7),
(109, 9),
(109, 18),
(110, 12),
(110, 16),
(110, 7),
(110, 2),
(110, 10),
(111, 20),
(112, 10),
(112, 14),
(112, 9),
(112, 2),
(112, 19),
(112, 18),
(112, 12),
(112, 16),
(113, 16),
(113, 4),
(113, 18),
(113, 14),
(113, 15),
(113, 9),
(113, 7),
(113, 12),
(114, 7),
(114, 11),
(114, 13),
(114, 16),
(114, 12),
(114, 10),
(115, 2),
(115, 13),
(115, 18),
(116, 9),
(116, 12),
(116, 3),
(116, 1),
(117, 20),
(117, 13),
(118, 1),
(119, 9),
(119, 13),
(119, 17),
(119, 6),
(119, 11),
(120, 7),
(120, 19),
(120, 10),
(120, 8),
(120, 14),
(120, 3),
(120, 12),
(120, 6),
(122, 2),
(122, 20),
(122, 1),
(122, 14),
(122, 6),
(123, 14),
(124, 11),
(124, 4),
(124, 12),
(124, 17),
(124, 5),
(124, 7),
(124, 16),
(124, 2),
(125, 1),
(125, 8),
(125, 3),
(125, 17),
(125, 18),
(126, 20),
(126, 19),
(126, 14),
(126, 5),
(126, 7),
(127, 13),
(127, 4),
(127, 3),
(127, 14),
(127, 8),
(129, 16),
(129, 11),
(129, 3),
(129, 13),
(129, 8);
INSERT INTO "PUBLIC"."LAWS_SUPPORTERS" VALUES
(130, 2),
(130, 16),
(130, 17),
(130, 11),
(131, 8),
(131, 4),
(131, 12),
(131, 19),
(131, 18),
(132, 10),
(132, 13),
(132, 3),
(132, 17),
(132, 1),
(132, 5),
(132, 2),
(132, 9),
(133, 19),
(133, 11),
(133, 10),
(133, 2),
(133, 6),
(134, 13),
(134, 11),
(134, 16),
(134, 7),
(134, 14),
(134, 6),
(135, 5),
(135, 19),
(135, 7),
(135, 10),
(135, 12),
(136, 5),
(136, 16),
(136, 10),
(136, 9),
(138, 5),
(139, 13),
(139, 5),
(140, 18),
(140, 13),
(140, 11),
(140, 4),
(140, 10),
(140, 9),
(140, 17),
(140, 5),
(141, 14),
(142, 5),
(142, 6),
(142, 9),
(142, 14),
(142, 17),
(142, 8),
(142, 13),
(142, 2),
(143, 8),
(143, 12),
(143, 11),
(143, 13),
(143, 19),
(143, 6),
(143, 14),
(143, 3),
(143, 9),
(143, 10),
(144, 6),
(144, 2),
(144, 1),
(144, 10),
(144, 18),
(144, 8),
(144, 11),
(144, 19),
(144, 14),
(144, 12),
(145, 7),
(145, 5),
(145, 11),
(145, 17),
(145, 1),
(145, 4),
(145, 16),
(145, 10),
(145, 19),
(145, 15),
(146, 16),
(146, 6),
(146, 15),
(146, 19),
(146, 20),
(146, 1),
(146, 14),
(146, 2),
(146, 18),
(146, 7),
(147, 16),
(147, 1),
(147, 8),
(147, 9),
(147, 20),
(147, 14),
(147, 3),
(147, 5),
(147, 10),
(147, 12),
(148, 13),
(148, 2),
(148, 1),
(148, 3),
(148, 14),
(148, 9),
(148, 18),
(148, 17),
(148, 11),
(148, 12),
(149, 3),
(149, 1),
(149, 19),
(149, 9),
(149, 6),
(149, 4),
(149, 18),
(149, 20),
(149, 2),
(149, 16),
(150, 12),
(150, 17),
(150, 1),
(150, 2),
(150, 14),
(150, 7),
(150, 8),
(150, 3),
(150, 16),
(150, 13),
(151, 1),
(151, 7),
(151, 2),
(151, 14),
(151, 3),
(151, 16),
(151, 10),
(151, 20),
(151, 13),
(151, 17),
(152, 8),
(152, 6),
(152, 15),
(152, 16),
(152, 12),
(152, 19),
(152, 10),
(152, 7),
(152, 20),
(152, 14),
(153, 16),
(153, 10),
(153, 17),
(153, 4),
(153, 11),
(153, 20),
(153, 9),
(153, 13),
(153, 15),
(153, 7),
(154, 15),
(154, 9),
(154, 13),
(154, 11),
(154, 10),
(154, 7),
(154, 12),
(154, 6),
(154, 20),
(154, 8),
(155, 11),
(155, 6),
(155, 20),
(155, 3),
(155, 16),
(155, 10),
(155, 18),
(155, 12),
(155, 4),
(155, 7),
(156, 18),
(156, 16),
(156, 9),
(156, 14),
(156, 3),
(156, 13),
(156, 1),
(156, 12),
(156, 17),
(156, 2),
(157, 3),
(157, 13),
(157, 16),
(157, 9),
(157, 12),
(157, 7),
(157, 2),
(157, 14),
(157, 4),
(157, 19),
(158, 11),
(158, 9),
(158, 20),
(158, 14),
(158, 3),
(158, 12),
(158, 15),
(158, 8),
(158, 5),
(158, 7),
(159, 17),
(159, 4),
(159, 16),
(159, 2),
(159, 13),
(159, 15),
(159, 10),
(159, 7),
(159, 6),
(159, 8),
(160, 20),
(160, 17),
(160, 8),
(160, 16),
(160, 9),
(160, 19),
(160, 3),
(160, 18),
(160, 13),
(160, 4),
(161, 3),
(161, 17),
(161, 14),
(161, 12),
(161, 13),
(161, 20),
(161, 1),
(161, 15),
(161, 11),
(161, 9),
(162, 14),
(162, 4),
(162, 2),
(162, 10),
(162, 3),
(162, 20),
(162, 12),
(162, 15),
(162, 16),
(162, 8),
(163, 9),
(163, 18),
(163, 13),
(163, 7),
(163, 12),
(163, 14),
(163, 16),
(163, 3),
(163, 2),
(163, 20),
(164, 12),
(164, 20),
(164, 7),
(164, 4),
(164, 2),
(164, 13),
(164, 10),
(164, 5),
(164, 1),
(164, 3),
(165, 18),
(165, 15),
(165, 5),
(165, 6),
(165, 9),
(165, 17),
(165, 10),
(165, 11),
(165, 7),
(165, 4),
(166, 1),
(166, 20),
(166, 6),
(166, 7),
(166, 10),
(166, 3),
(166, 18),
(166, 4),
(166, 9),
(166, 8),
(167, 9),
(167, 20),
(167, 8),
(167, 17),
(167, 19),
(167, 10),
(167, 4),
(167, 15),
(167, 1),
(167, 6),
(168, 8),
(168, 3),
(168, 18),
(168, 20),
(168, 13),
(168, 15),
(168, 16),
(168, 4),
(168, 7),
(168, 5),
(169, 13),
(169, 9),
(169, 3),
(169, 2),
(169, 16),
(169, 1),
(169, 18),
(169, 19),
(169, 5),
(169, 8),
(170, 14),
(170, 1),
(170, 9),
(170, 8),
(170, 15),
(170, 7),
(170, 6),
(170, 10),
(170, 2),
(170, 12),
(171, 6),
(171, 20),
(171, 1),
(171, 7),
(171, 13),
(171, 18),
(171, 15),
(171, 19),
(171, 4),
(171, 11),
(172, 13),
(172, 11),
(172, 12),
(172, 17),
(172, 20),
(172, 15),
(172, 6),
(172, 10),
(172, 9),
(172, 7),
(173, 14),
(173, 7),
(173, 8),
(173, 10),
(173, 4),
(173, 1),
(173, 12),
(173, 3),
(173, 13),
(173, 16),
(174, 2),
(174, 15),
(174, 3),
(174, 18),
(174, 13),
(174, 17),
(174, 12),
(174, 19),
(174, 14),
(174, 11),
(175, 10),
(175, 12),
(175, 4),
(175, 9),
(175, 8),
(175, 11),
(175, 1),
(175, 17);
INSERT INTO "PUBLIC"."LAWS_SUPPORTERS" VALUES
(175, 16),
(175, 2),
(176, 4),
(176, 1),
(176, 20),
(176, 19),
(176, 5),
(176, 12),
(176, 8),
(176, 3),
(176, 6),
(176, 14),
(177, 7),
(177, 20),
(177, 14),
(177, 13),
(177, 18),
(177, 11),
(177, 3),
(177, 17),
(177, 19),
(177, 6),
(178, 5),
(178, 2),
(178, 19),
(178, 18),
(178, 15),
(178, 1),
(178, 7),
(178, 17),
(178, 3),
(178, 4),
(179, 3),
(179, 18),
(179, 16),
(179, 19),
(179, 5),
(179, 2),
(179, 11),
(179, 14),
(179, 6),
(179, 13),
(180, 14),
(180, 1),
(180, 8),
(180, 10),
(180, 7),
(180, 9),
(180, 3),
(180, 11),
(180, 16),
(180, 19),
(181, 14),
(181, 2),
(181, 10),
(181, 6),
(181, 16),
(181, 9),
(181, 4),
(181, 13),
(181, 8),
(181, 12),
(182, 17),
(182, 7),
(182, 15),
(182, 14),
(182, 11),
(182, 4),
(182, 16),
(182, 3),
(182, 19),
(182, 10),
(183, 13),
(183, 8),
(183, 11),
(183, 14),
(183, 3),
(183, 16),
(183, 9),
(183, 10),
(183, 15),
(183, 12),
(184, 14),
(184, 9),
(184, 17),
(184, 20),
(184, 7),
(184, 6),
(184, 10),
(184, 16),
(184, 1),
(184, 8),
(185, 7),
(185, 10),
(185, 4),
(185, 13),
(185, 16),
(185, 6),
(185, 14),
(185, 5),
(185, 12),
(185, 9),
(186, 1),
(186, 13),
(186, 9),
(186, 4),
(186, 11),
(186, 6),
(186, 2),
(186, 12),
(186, 20),
(186, 7),
(187, 9),
(187, 20),
(187, 8),
(187, 3),
(187, 7),
(187, 18),
(187, 6),
(187, 19),
(187, 4),
(187, 14),
(188, 16),
(188, 15),
(188, 6),
(188, 8),
(188, 7),
(188, 9),
(188, 10),
(188, 20),
(188, 1),
(188, 18),
(189, 12),
(189, 18),
(189, 5),
(189, 16),
(189, 20),
(189, 2),
(189, 8),
(189, 17),
(189, 19),
(189, 4),
(190, 13),
(190, 1),
(190, 14),
(190, 18),
(190, 2),
(190, 12),
(190, 9),
(190, 6),
(190, 15),
(190, 11),
(191, 8),
(191, 17),
(191, 6),
(191, 4),
(191, 2),
(191, 10),
(191, 14),
(191, 15),
(191, 18),
(191, 16),
(192, 1),
(192, 13),
(192, 16),
(192, 15),
(192, 6),
(192, 11),
(192, 8),
(192, 14),
(192, 20),
(192, 12),
(193, 19),
(193, 4),
(193, 7),
(193, 3),
(193, 16),
(193, 5),
(193, 11),
(193, 9),
(193, 6),
(193, 8),
(198, 16),
(198, 2),
(198, 10),
(198, 3),
(198, 5),
(198, 12),
(198, 17),
(198, 18),
(198, 9),
(198, 6),
(203, 14),
(203, 7),
(203, 15),
(203, 13),
(203, 12),
(203, 3),
(203, 8),
(203, 18),
(203, 5),
(203, 6),
(211, 8),
(211, 2),
(211, 14),
(211, 13),
(211, 10),
(211, 6),
(211, 17),
(211, 12),
(211, 5),
(211, 3),
(217, 14),
(217, 6),
(217, 20),
(217, 9),
(217, 7),
(217, 11),
(217, 13),
(217, 10),
(217, 5),
(217, 15),
(230, 17),
(230, 12),
(230, 9),
(230, 10),
(230, 4),
(230, 8),
(230, 20),
(230, 3),
(230, 6),
(230, 19),
(238, 9),
(238, 14),
(238, 2),
(238, 6),
(238, 18),
(238, 1),
(238, 13),
(238, 19),
(238, 16),
(238, 8),
(245, 9),
(245, 18),
(245, 19),
(245, 11),
(245, 16),
(245, 6),
(245, 8),
(245, 2),
(245, 17),
(245, 3),
(250, 14),
(250, 7),
(250, 12),
(250, 1),
(250, 19),
(250, 20),
(250, 13),
(250, 18),
(250, 16),
(250, 6),
(256, 17),
(256, 10),
(256, 14),
(256, 1),
(256, 8),
(256, 3),
(256, 6),
(256, 11),
(256, 12),
(256, 9),
(261, 3),
(261, 9),
(261, 12),
(261, 5),
(261, 18),
(261, 2),
(261, 17),
(261, 15),
(261, 16),
(261, 14),
(268, 13),
(268, 5),
(268, 2),
(268, 12),
(268, 7),
(268, 4),
(268, 8),
(268, 18),
(268, 10),
(268, 11),
(276, 18),
(276, 11),
(276, 5),
(276, 1),
(276, 6),
(276, 14),
(276, 9),
(276, 17),
(276, 13),
(276, 19),
(283, 16),
(283, 7),
(283, 4),
(283, 20),
(283, 6),
(283, 9),
(283, 13),
(283, 19),
(283, 2),
(283, 14),
(288, 2),
(288, 13),
(288, 8),
(288, 20),
(288, 19),
(288, 9),
(288, 17),
(288, 4),
(288, 6),
(288, 14),
(295, 19),
(295, 3),
(295, 1),
(295, 6),
(295, 12),
(295, 2),
(295, 17),
(295, 15),
(295, 4),
(295, 20),
(304, 12),
(304, 4),
(304, 9),
(304, 13),
(304, 16),
(304, 8),
(304, 19),
(304, 6),
(304, 7),
(304, 20),
(309, 1),
(309, 10),
(309, 3),
(309, 16),
(309, 8),
(309, 13),
(309, 17),
(309, 5),
(309, 12),
(309, 11),
(316, 7),
(316, 11),
(316, 8),
(316, 2),
(316, 10),
(316, 19),
(316, 16),
(316, 4),
(316, 1),
(316, 17),
(323, 6),
(323, 15),
(323, 11),
(323, 20),
(323, 19),
(323, 12),
(323, 10),
(323, 18),
(323, 1),
(323, 3),
(346, 4),
(346, 11),
(346, 7),
(346, 20),
(346, 10),
(346, 3),
(346, 1),
(346, 18),
(346, 19),
(346, 17),
(352, 9),
(352, 17),
(352, 3);
INSERT INTO "PUBLIC"."LAWS_SUPPORTERS" VALUES
(352, 5),
(352, 2),
(352, 10),
(352, 8),
(352, 6),
(352, 11),
(352, 13),
(358, 4),
(358, 1),
(358, 20),
(358, 19),
(358, 13),
(358, 10),
(358, 17),
(358, 8),
(358, 9),
(358, 3),
(362, 1),
(362, 6),
(362, 20),
(362, 8),
(362, 14),
(362, 19),
(362, 5),
(362, 7),
(362, 13),
(362, 12),
(368, 16),
(368, 8),
(368, 6),
(368, 11),
(368, 14),
(368, 12),
(368, 1),
(368, 7),
(368, 13),
(368, 2),
(392, 15),
(392, 17),
(392, 20),
(392, 7),
(392, 2),
(392, 12),
(392, 14),
(392, 6),
(392, 18),
(392, 11),
(392, 16),
(392, 19),
(392, 4),
(392, 3),
(392, 8),
(392, 5),
(393, 7),
(393, 16),
(393, 3),
(393, 6),
(393, 12),
(393, 20),
(393, 9),
(393, 14),
(393, 5),
(393, 8),
(393, 19),
(393, 17),
(393, 13),
(393, 18),
(393, 4),
(393, 11),
(393, 10);
CREATE MEMORY TABLE "PUBLIC"."ONE_TIME_TOKEN"(
"ID" BIGINT NOT NULL,
"CREATED_AT" TIMESTAMP NOT NULL,
"UPDATED_AT" TIMESTAMP NOT NULL,
"TOKEN" VARCHAR(255) NOT NULL,
"TOKEN_TYPE" INTEGER NOT NULL,
"VALID_UNTIL" TIMESTAMP NOT NULL,
"USER_ID" BIGINT NOT NULL
);
ALTER TABLE "PUBLIC"."ONE_TIME_TOKEN" ADD CONSTRAINT "PUBLIC"."CONSTRAINT_4" PRIMARY KEY("ID");
-- 0 +/- SELECT COUNT(*) FROM PUBLIC.ONE_TIME_TOKEN;
CREATE MEMORY TABLE "PUBLIC"."POLLS"(
"ID" BIGINT NOT NULL,
"CREATED_AT" TIMESTAMP NOT NULL,
"UPDATED_AT" TIMESTAMP NOT NULL,
"DUEL_MATRIX" VARCHAR(255),
"STATUS" INTEGER,
"TITLE" VARCHAR(255),
"VOTING_END_AT" TIMESTAMP,
"VOTING_START_AT" TIMESTAMP,
"WINNER_ID" BIGINT
);
ALTER TABLE "PUBLIC"."POLLS" ADD CONSTRAINT "PUBLIC"."CONSTRAINT_48" PRIMARY KEY("ID");
-- 4 +/- SELECT COUNT(*) FROM PUBLIC.POLLS;
INSERT INTO "PUBLIC"."POLLS" VALUES
(237, TIMESTAMP '2019-12-02 08:18:48.368', TIMESTAMP '2019-12-02 08:18:48.368', '', 0, 'Poll from TestDataCreator 8040', TIMESTAMP '2020-01-06 00:00:00', TIMESTAMP '2019-12-23 00:00:00', NULL),
(267, TIMESTAMP '2019-11-24 08:18:48.767', TIMESTAMP '2019-12-09 08:18:48.84', '', 1, 'Poll in voting phase 8820', TIMESTAMP '2019-12-22 00:00:00', TIMESTAMP '2019-12-08 08:18:48.82', NULL),
(303, TIMESTAMP '2019-11-24 08:18:49.203', TIMESTAMP '2019-12-09 08:18:49.254', '', 1, 'Poll in voting phase 9233', TIMESTAMP '2019-12-22 00:00:00', TIMESTAMP '2019-12-08 08:18:49.233', NULL),
(351, TIMESTAMP '2019-11-06 08:18:59.269', TIMESTAMP '2019-12-09 08:19:04.992', '[[0,7,9,8,9],[8,0,10,11,10],[7,5,0,7,7],[7,5,9,0,10],[6,6,9,6,0]]', 2, 'Finished Poll 9251', TIMESTAMP '2019-12-09 08:19:04.972', TIMESTAMP '2019-11-20 08:18:59.251', 352);
CREATE MEMORY TABLE "PUBLIC"."USERS"(
"ID" BIGINT NOT NULL,
"CREATED_AT" TIMESTAMP NOT NULL,
"UPDATED_AT" TIMESTAMP NOT NULL,
"EMAIL" VARCHAR(255) NOT NULL,
"LAST_LOGIN" TIMESTAMP,
"MOBILEPHONE" VARCHAR(255),
"NAME" VARCHAR(255),
"PICTURE" VARCHAR(255),
"WEBSITE" VARCHAR(255)
);
ALTER TABLE "PUBLIC"."USERS" ADD CONSTRAINT "PUBLIC"."CONSTRAINT_4D" PRIMARY KEY("ID");
-- 21 +/- SELECT COUNT(*) FROM PUBLIC.USERS;
INSERT INTO "PUBLIC"."USERS" VALUES
(1, TIMESTAMP '2019-12-09 08:18:31.205', TIMESTAMP '2019-12-09 08:18:31.205', 'testuser1@liquido.de', NULL, '+49123451', 'Donald Duck', '/static/img/avatars/Avatar1.png', 'http://www.liquido.de'),
(2, TIMESTAMP '2019-12-09 08:18:31.32', TIMESTAMP '2019-12-09 08:18:31.32', 'testuser2@liquido.de', NULL, '+49123452', 'Test User2', '/static/img/avatars/Avatar2.png', 'http://www.liquido.de'),
(3, TIMESTAMP '2019-12-09 08:18:31.33', TIMESTAMP '2019-12-09 08:18:31.33', 'testuser3@liquido.de', NULL, '+49123453', 'Test User3', '/static/img/avatars/Avatar3.png', 'http://www.liquido.de'),
(4, TIMESTAMP '2019-12-09 08:18:31.338', TIMESTAMP '2019-12-09 08:18:31.338', 'testuser4@liquido.de', NULL, '+49123454', 'Test User4', '/static/img/avatars/Avatar4.png', 'http://www.liquido.de'),
(5, TIMESTAMP '2019-12-09 08:18:31.344', TIMESTAMP '2019-12-09 08:18:31.344', 'testuser5@liquido.de', NULL, '+49123455', 'Test User5', '/static/img/avatars/Avatar5.png', 'http://www.liquido.de'),
(6, TIMESTAMP '2019-12-09 08:18:31.349', TIMESTAMP '2019-12-09 08:18:31.349', 'testuser6@liquido.de', NULL, '+49123456', 'Test User6', '/static/img/avatars/Avatar6.png', 'http://www.liquido.de'),
(7, TIMESTAMP '2019-12-09 08:18:31.357', TIMESTAMP '2019-12-09 08:18:31.357', 'testuser7@liquido.de', NULL, '+49123457', 'Test User7', '/static/img/avatars/Avatar7.png', 'http://www.liquido.de'),
(8, TIMESTAMP '2019-12-09 08:18:31.365', TIMESTAMP '2019-12-09 08:18:31.365', 'testuser8@liquido.de', NULL, '+49123458', 'Test User8', '/static/img/avatars/Avatar8.png', 'http://www.liquido.de'),
(9, TIMESTAMP '2019-12-09 08:18:31.372', TIMESTAMP '2019-12-09 08:18:31.372', 'testuser9@liquido.de', NULL, '+49123459', 'Test User9', '/static/img/avatars/Avatar9.png', 'http://www.liquido.de'),
(10, TIMESTAMP '2019-12-09 08:18:31.378', TIMESTAMP '2019-12-09 08:18:31.378', 'testuser10@liquido.de', NULL, '+491234510', 'Test User10', '/static/img/avatars/Avatar10.png', 'http://www.liquido.de'),
(11, TIMESTAMP '2019-12-09 08:18:31.387', TIMESTAMP '2019-12-09 08:18:31.387', 'testuser11@liquido.de', NULL, '+491234511', 'Test User11', '/static/img/avatars/Avatar11.png', 'http://www.liquido.de'),
(12, TIMESTAMP '2019-12-09 08:18:31.393', TIMESTAMP '2019-12-09 08:18:31.393', 'testuser12@liquido.de', NULL, '+491234512', 'Test User12', '/static/img/avatars/Avatar12.png', 'http://www.liquido.de'),
(13, TIMESTAMP '2019-12-09 08:18:31.399', TIMESTAMP '2019-12-09 08:18:31.399', 'testuser13@liquido.de', NULL, '+491234513', 'Test User13', '/static/img/avatars/Avatar13.png', 'http://www.liquido.de'),
(14, TIMESTAMP '2019-12-09 08:18:31.405', TIMESTAMP '2019-12-09 08:18:31.405', 'testuser14@liquido.de', NULL, '+491234514', 'Test User14', '/static/img/avatars/Avatar14.png', 'http://www.liquido.de'),
(15, TIMESTAMP '2019-12-09 08:18:31.412', TIMESTAMP '2019-12-09 08:18:31.412', 'testuser15@liquido.de', NULL, '+491234515', 'Test User15', '/static/img/avatars/Avatar15.png', 'http://www.liquido.de'),
(16, TIMESTAMP '2019-12-09 08:18:31.423', TIMESTAMP '2019-12-09 08:18:31.423', 'testuser16@liquido.de', NULL, '+491234516', 'Test User16', '/static/img/avatars/Avatar16.png', 'http://www.liquido.de'),
(17, TIMESTAMP '2019-12-09 08:18:31.435', TIMESTAMP '2019-12-09 08:18:31.435', 'testuser17@liquido.de', NULL, '+491234517', 'Test User17', '/static/img/avatars/Avatar1.png', 'http://www.liquido.de'),
(18, TIMESTAMP '2019-12-09 08:18:31.443', TIMESTAMP '2019-12-09 08:18:31.443', 'testuser18@liquido.de', NULL, '+491234518', 'Test User18', '/static/img/avatars/Avatar2.png', 'http://www.liquido.de'),
(19, TIMESTAMP '2019-12-09 08:18:31.449', TIMESTAMP '2019-12-09 08:18:31.449', 'testuser19@liquido.de', NULL, '+491234519', 'Test User19', '/static/img/avatars/Avatar3.png', 'http://www.liquido.de'),
(20, TIMESTAMP '2019-12-09 08:18:31.455', TIMESTAMP '2019-12-09 08:18:31.455', 'testuser20@liquido.de', NULL, '+491234520', 'Test User20', '/static/img/avatars/Avatar4.png', 'http://www.liquido.de'),
(21, TIMESTAMP '2019-12-09 08:18:31.461', TIMESTAMP '2019-12-09 08:18:31.461', 'admin@liquido.de', NULL, '+491234567890', 'Admin Name', NULL, NULL);
-- 0 +/- SELECT COUNT(*) FROM PUBLIC.QRTZ_CALENDARS;
-- 0 +/- SELECT COUNT(*) FROM PUBLIC.QRTZ_CRON_TRIGGERS;
-- 0 +/- SELECT COUNT(*) FROM PUBLIC.QRTZ_FIRED_TRIGGERS;
-- 0 +/- SELECT COUNT(*) FROM PUBLIC.QRTZ_PAUSED_TRIGGER_GRPS;
-- 0 +/- SELECT COUNT(*) FROM PUBLIC.QRTZ_SCHEDULER_STATE;
-- 0 +/- SELECT COUNT(*) FROM PUBLIC.QRTZ_LOCKS;
-- 0 +/- SELECT COUNT(*) FROM PUBLIC.QRTZ_JOB_DETAILS;
-- 0 +/- SELECT COUNT(*) FROM PUBLIC.QRTZ_SIMPLE_TRIGGERS;
-- 0 +/- SELECT COUNT(*) FROM PUBLIC.QRTZ_SIMPROP_TRIGGERS;
-- 0 +/- SELECT COUNT(*) FROM PUBLIC.QRTZ_BLOB_TRIGGERS;
-- 0 +/- SELECT COUNT(*) FROM PUBLIC.QRTZ_TRIGGERS;
ALTER TABLE "PUBLIC"."AREAS" ADD CONSTRAINT "PUBLIC"."UK_P61HNJ1M450KNDUSCXOLDCHFJ" UNIQUE("TITLE");
ALTER TABLE "PUBLIC"."KEY_VALUE" ADD CONSTRAINT "PUBLIC"."UK_8TE0DHIEXEOWA1RGVA302TO1L" UNIQUE("KEY_COL");
ALTER TABLE "PUBLIC"."USERS" ADD CONSTRAINT "PUBLIC"."UK_6DOTKOTT2KJSP8VW4D0M25FB7" UNIQUE("EMAIL");
ALTER TABLE "PUBLIC"."LAWS" ADD CONSTRAINT "PUBLIC"."UK_BS516OPV3HONTPTWVPIOOS72B" UNIQUE("TITLE");
ALTER TABLE "PUBLIC"."DELEGATIONS" ADD CONSTRAINT "PUBLIC"."UK2WYH7POIF8NPDWLUR8DFORD0J" UNIQUE("AREA_ID", "FROM_USER_ID");
ALTER TABLE "PUBLIC"."LAWS_COMMENTS" ADD CONSTRAINT "PUBLIC"."UK_OF3YV6X3MAHJPHJBJE5XHRXC8" UNIQUE("COMMENTS_ID");
ALTER TABLE "PUBLIC"."BALLOTS" ADD CONSTRAINT "PUBLIC"."UKHWWEPK8N3CE54LEREWX2FMYXF" UNIQUE("POLL_ID", "CHECKSUM");
ALTER TABLE "PUBLIC"."USERS" ADD CONSTRAINT "PUBLIC"."UK_70QE9WOFM8UJ2PEANWKPHERRM" UNIQUE("MOBILEPHONE");
ALTER TABLE "PUBLIC"."CHECKSUMS" ADD CONSTRAINT "PUBLIC"."UKL0XNKLNHLK4PTWSU9B0QXTYBN" UNIQUE("AREA_ID", "PUBLIC_PROXY_ID");
ALTER TABLE "PUBLIC"."AREAS" ADD CONSTRAINT "PUBLIC"."FKP9N0U4HM2Q1O7V0068C8GD4EL" FOREIGN KEY("CREATED_BY_ID") REFERENCES "PUBLIC"."USERS"("ID") NOCHECK;
ALTER TABLE "PUBLIC"."DELEGATIONS" ADD CONSTRAINT "PUBLIC"."FK1Y1R0D478R9NTDMUIYKKUHADV" FOREIGN KEY("REQUESTED_DELEGATION_FROM_CHECKSUM_CHECKSUM") REFERENCES "PUBLIC"."CHECKSUMS"("CHECKSUM") NOCHECK;
ALTER TABLE "PUBLIC"."DELEGATIONS" ADD CONSTRAINT "PUBLIC"."FKSWBDEOVC7HSQ5EX30PBMDU9D4" FOREIGN KEY("AREA_ID") REFERENCES "PUBLIC"."AREAS"("ID") NOCHECK;
ALTER TABLE "PUBLIC"."LAWS" ADD CONSTRAINT "PUBLIC"."FK4QUHD81MM84X6RQ0CCBXSEYXX" FOREIGN KEY("POLL_ID") REFERENCES "PUBLIC"."POLLS"("ID") NOCHECK;
ALTER TABLE "PUBLIC"."LAWS_SUPPORTERS" ADD CONSTRAINT "PUBLIC"."FK9B4I87YIKUCHRIRFJAYMGOHE3" FOREIGN KEY("LAW_MODEL_ID") REFERENCES "PUBLIC"."LAWS"("ID") NOCHECK;
ALTER TABLE "PUBLIC"."BALLOTS" ADD CONSTRAINT "PUBLIC"."FKOG7SHPLJ1CCOH8N9AO4Y16LQ3" FOREIGN KEY("POLL_ID") REFERENCES "PUBLIC"."POLLS"("ID") NOCHECK;
ALTER TABLE "PUBLIC"."COMMENTS_DOWN_VOTERS" ADD CONSTRAINT "PUBLIC"."FK62ILAC17TG4CPKRHEONUD72HV" FOREIGN KEY("DOWN_VOTERS_ID") REFERENCES "PUBLIC"."USERS"("ID") NOCHECK;
ALTER TABLE "PUBLIC"."CHECKSUMS" ADD CONSTRAINT "PUBLIC"."FKDFLPSE9FSOGY1FMFDY2W79RG" FOREIGN KEY("DELEGATED_TO_CHECKSUM") REFERENCES "PUBLIC"."CHECKSUMS"("CHECKSUM") NOCHECK;
ALTER TABLE "PUBLIC"."BALLOTS_VOTE_ORDER" ADD CONSTRAINT "PUBLIC"."FKIH6THEWVJEH3OW9DL1YTJ9AWB" FOREIGN KEY("BALLOT_MODEL_ID") REFERENCES "PUBLIC"."BALLOTS"("ID") NOCHECK;
ALTER TABLE "PUBLIC"."COMMENTS" ADD CONSTRAINT "PUBLIC"."FK7PUWBWE4YL8B2O32R798UW8Q7" FOREIGN KEY("PROPOSAL_ID") REFERENCES "PUBLIC"."LAWS"("ID") NOCHECK;
ALTER TABLE "PUBLIC"."CHECKSUMS" ADD CONSTRAINT "PUBLIC"."FK68FTLVL0MWTVOQD3BFUPP0XRG" FOREIGN KEY("PUBLIC_PROXY_ID") REFERENCES "PUBLIC"."USERS"("ID") NOCHECK;
ALTER TABLE "PUBLIC"."LAWS" ADD CONSTRAINT "PUBLIC"."FKTR1PLL46Q50SHWBFFYIYUAVGN" FOREIGN KEY("CREATED_BY_ID") REFERENCES "PUBLIC"."USERS"("ID") NOCHECK;
ALTER TABLE "PUBLIC"."ONE_TIME_TOKEN" ADD CONSTRAINT "PUBLIC"."FK4O21XT1RMRICB3EA4TO5NKR8D" FOREIGN KEY("USER_ID") REFERENCES "PUBLIC"."USERS"("ID") NOCHECK;
ALTER TABLE "PUBLIC"."BALLOTS_VOTE_ORDER" ADD CONSTRAINT "PUBLIC"."FKOWD5MAD84QVWGST43698A6GX5" FOREIGN KEY("VOTE_ORDER_ID") REFERENCES "PUBLIC"."LAWS"("ID") NOCHECK;
ALTER TABLE "PUBLIC"."COMMENTS" ADD CONSTRAINT "PUBLIC"."FKAKKM6QFYDU7VGNFNE1YO0XMED" FOREIGN KEY("CREATED_BY_ID") REFERENCES "PUBLIC"."USERS"("ID") NOCHECK;
ALTER TABLE "PUBLIC"."DELEGATIONS" ADD CONSTRAINT "PUBLIC"."FK21A6LG8FU2JS6E0JU41WJ2GQP" FOREIGN KEY("TO_PROXY_ID") REFERENCES "PUBLIC"."USERS"("ID") NOCHECK;
ALTER TABLE "PUBLIC"."LAWS_COMMENTS" ADD CONSTRAINT "PUBLIC"."FK36FBKIUITRV0YRVY8S0IG46IX" FOREIGN KEY("LAW_MODEL_ID") REFERENCES "PUBLIC"."LAWS"("ID") NOCHECK;
ALTER TABLE "PUBLIC"."POLLS" ADD CONSTRAINT "PUBLIC"."FKQADOVSMQ4UOK58SP9HKHWJQIS" FOREIGN KEY("WINNER_ID") REFERENCES "PUBLIC"."LAWS"("ID") NOCHECK;
ALTER TABLE "PUBLIC"."DELEGATIONS" ADD CONSTRAINT "PUBLIC"."FK9KOYA2MI6T18VF7U1FROBKNIQ" FOREIGN KEY("FROM_USER_ID") REFERENCES "PUBLIC"."USERS"("ID") NOCHECK;
ALTER TABLE "PUBLIC"."BALLOTS" ADD CONSTRAINT "PUBLIC"."FK1RRV2WY16UQONFL9CR1CQG2XD" FOREIGN KEY("CHECKSUM") REFERENCES "PUBLIC"."CHECKSUMS"("CHECKSUM") NOCHECK;
ALTER TABLE "PUBLIC"."LAWS" ADD CONSTRAINT "PUBLIC"."FK9VIQDJ5LDUN0AHWQDFF1WUY39" FOREIGN KEY("AREA_ID") REFERENCES "PUBLIC"."AREAS"("ID") NOCHECK;
ALTER TABLE "PUBLIC"."LAWS_COMMENTS" ADD CONSTRAINT "PUBLIC"."FKFL0Y4QFVFPF9YNMMFJ0JEVXFF" FOREIGN KEY("COMMENTS_ID") REFERENCES "PUBLIC"."COMMENTS"("ID") NOCHECK;
ALTER TABLE "PUBLIC"."COMMENTS_UP_VOTERS" ADD CONSTRAINT "PUBLIC"."FKEUURM027PDC4L5A9G9O2L0UYD" FOREIGN KEY("UP_VOTERS_ID") REFERENCES "PUBLIC"."USERS"("ID") NOCHECK;
ALTER TABLE "PUBLIC"."COMMENTS" ADD CONSTRAINT "PUBLIC"."FKLRI30OKF66PHTCGBE5POK7CC0" FOREIGN KEY("PARENT_ID") REFERENCES "PUBLIC"."COMMENTS"("ID") NOCHECK;
ALTER TABLE "PUBLIC"."COMMENTS_UP_VOTERS" ADD CONSTRAINT "PUBLIC"."FK8LS8T571Y99VTTW1MDKEBXAGP" FOREIGN KEY("COMMENT_MODEL_ID") REFERENCES "PUBLIC"."COMMENTS"("ID") NOCHECK;
ALTER TABLE "PUBLIC"."LAWS_SUPPORTERS" ADD CONSTRAINT "PUBLIC"."FKK8MVJC4RQ970OJAVYFIA9BQVE" FOREIGN KEY("SUPPORTERS_ID") REFERENCES "PUBLIC"."USERS"("ID") NOCHECK;
ALTER TABLE "PUBLIC"."COMMENTS_DOWN_VOTERS" ADD CONSTRAINT "PUBLIC"."FKJYMYJ54LENHS4KE6MYQHLY72" FOREIGN KEY("COMMENT_MODEL_ID") REFERENCES "PUBLIC"."COMMENTS"("ID") NOCHECK;
ALTER TABLE "PUBLIC"."CHECKSUMS" ADD CONSTRAINT "PUBLIC"."FKLLW57XBW0D67OPTMWFMU3P2PC" FOREIGN KEY("AREA_ID") REFERENCES "PUBLIC"."AREAS"("ID") NOCHECK;
