SET DB_CLOSE_DELAY -1;
;
CREATE USER IF NOT EXISTS "SA" SALT '16dc2be11088f9ba' HASH '7e635153ce9fe841632ccd90c4824a568c31c912ea058bbc155f51ce3d72e703' ADMIN;
CREATE SEQUENCE "PUBLIC"."HIBERNATE_SEQUENCE" START WITH 388;
CREATE MEMORY TABLE "PUBLIC"."AREAS"(
"ID" BIGINT NOT NULL,
"CREATED_AT" TIMESTAMP NOT NULL,
"UPDATED_AT" TIMESTAMP NOT NULL,
"DESCRIPTION" VARCHAR(255) NOT NULL,
"TITLE" VARCHAR(255) NOT NULL,
"CREATED_BY_ID" BIGINT NOT NULL
);
ALTER TABLE "PUBLIC"."AREAS" ADD CONSTRAINT "PUBLIC"."CONSTRAINT_3" PRIMARY KEY("ID");
-- 10 +/- SELECT COUNT(*) FROM PUBLIC.AREAS;
INSERT INTO "PUBLIC"."AREAS" VALUES
(22, TIMESTAMP '2019-11-12 23:17:40.761', TIMESTAMP '2019-11-12 23:17:40.761', 'Nice description for test area #0', 'Area 0', 1),
(23, TIMESTAMP '2019-11-12 23:17:40.761', TIMESTAMP '2019-11-12 23:17:40.761', 'Nice description for test area #1', 'Area 1', 1),
(24, TIMESTAMP '2019-11-12 23:17:40.776', TIMESTAMP '2019-11-12 23:17:40.776', 'Nice description for test area #2', 'Area 2', 1),
(25, TIMESTAMP '2019-11-12 23:17:40.776', TIMESTAMP '2019-11-12 23:17:40.776', 'Nice description for test area #3', 'Area 3', 1),
(26, TIMESTAMP '2019-11-12 23:17:40.776', TIMESTAMP '2019-11-12 23:17:40.776', 'Nice description for test area #4', 'Area 4', 1),
(27, TIMESTAMP '2019-11-12 23:17:40.776', TIMESTAMP '2019-11-12 23:17:40.776', 'Nice description for test area #5', 'Area 5', 1),
(28, TIMESTAMP '2019-11-12 23:17:40.792', TIMESTAMP '2019-11-12 23:17:40.792', 'Nice description for test area #6', 'Area 6', 1),
(29, TIMESTAMP '2019-11-12 23:17:40.792', TIMESTAMP '2019-11-12 23:17:40.792', 'Nice description for test area #7', 'Area 7', 1),
(30, TIMESTAMP '2019-11-12 23:17:40.792', TIMESTAMP '2019-11-12 23:17:40.792', 'Nice description for test area #8', 'Area 8', 1),
(31, TIMESTAMP '2019-11-12 23:17:40.807', TIMESTAMP '2019-11-12 23:17:40.807', 'Nice description for test area #9', 'Area 9', 1);
CREATE MEMORY TABLE "PUBLIC"."BALLOTS"(
"ID" BIGINT NOT NULL,
"LEVEL" INTEGER NOT NULL,
"VOTE_COUNT" BIGINT NOT NULL,
"CHECKSUM" VARCHAR(255) NOT NULL,
"POLL_ID" BIGINT NOT NULL
);
ALTER TABLE "PUBLIC"."BALLOTS" ADD CONSTRAINT "PUBLIC"."CONSTRAINT_1" PRIMARY KEY("ID");
-- 32 +/- SELECT COUNT(*) FROM PUBLIC.BALLOTS;
INSERT INTO "PUBLIC"."BALLOTS" VALUES
(327, 0, 1, '$2a$10$1IdrGrRAN2Wp3U7QI.JIzuLWYmX8a8mYTh.vjJc7tXFvw8MYTRxn6', 299),
(328, 0, 1, '$2a$10$1IdrGrRAN2Wp3U7QI.JIzumlcpwp8brtUDnbFrq3yf2CMP0CBmGkS', 299),
(329, 0, 4, '$2a$10$1IdrGrRAN2Wp3U7QI.JIzu4HeueVNdaHPs3H5dOkHoKyKmOv2LOTy', 299),
(330, 0, 1, '$2a$10$1IdrGrRAN2Wp3U7QI.JIzuYBfqBJ8KRURXGBEFD1NIy8BIUtxNH8i', 299),
(331, 0, 1, '$2a$10$1IdrGrRAN2Wp3U7QI.JIzuj.6MAo8TWBWCw/Az7uRlus4mRiLJh/i', 299),
(332, 0, 1, '$2a$10$1IdrGrRAN2Wp3U7QI.JIzukLk9n0nP/KZdEWe.TYbRMKT7d5wS9rm', 299),
(333, 0, 2, '$2a$10$1IdrGrRAN2Wp3U7QI.JIzuEtxLCwrNT9pKlY1rgxYhl3RtaNJEQW.', 299),
(334, 1, 1, '$2a$10$1IdrGrRAN2Wp3U7QI.JIzulyuC.ir27zjCKynm/ef4Gp77Z9XU9UC', 299),
(335, 0, 1, '$2a$10$1IdrGrRAN2Wp3U7QI.JIzuNX3Ud6yFocoawh8dxtXS6Xinvh2wN8O', 299),
(336, 0, 1, '$2a$10$1IdrGrRAN2Wp3U7QI.JIzuL7lV2QCtsOcieHmoCH6Frx3m0Y2gHDy', 299),
(337, 0, 1, '$2a$10$1IdrGrRAN2Wp3U7QI.JIzupVvL.A.5dYSm7rGT0GBv1hPhN0oHIb2', 299),
(338, 0, 1, '$2a$10$1IdrGrRAN2Wp3U7QI.JIzu5kxuD9IiiPFdcwyhozqhvbAy0ZE3UIy', 299),
(339, 0, 1, '$2a$10$1IdrGrRAN2Wp3U7QI.JIzuWpvcrZ.M0VWtIrLxjdUF9DDvCTqEyxi', 299),
(340, 0, 1, '$2a$10$1IdrGrRAN2Wp3U7QI.JIzutiQDHi8vodSsYuDPKvp8FraWGUTlwFG', 299),
(341, 0, 1, '$2a$10$1IdrGrRAN2Wp3U7QI.JIzuidRK2esq5qotXMifey0buhheoxNToqO', 299),
(342, 0, 1, '$2a$10$1IdrGrRAN2Wp3U7QI.JIzu6Bp5DRTXJoaGWZwPuxZlqWxdkXxzepO', 299),
(370, 0, 1, '$2a$10$1IdrGrRAN2Wp3U7QI.JIzuLWYmX8a8mYTh.vjJc7tXFvw8MYTRxn6', 349),
(371, 0, 1, '$2a$10$1IdrGrRAN2Wp3U7QI.JIzumlcpwp8brtUDnbFrq3yf2CMP0CBmGkS', 349),
(372, 0, 4, '$2a$10$1IdrGrRAN2Wp3U7QI.JIzu4HeueVNdaHPs3H5dOkHoKyKmOv2LOTy', 349),
(373, 0, 1, '$2a$10$1IdrGrRAN2Wp3U7QI.JIzuYBfqBJ8KRURXGBEFD1NIy8BIUtxNH8i', 349),
(374, 0, 1, '$2a$10$1IdrGrRAN2Wp3U7QI.JIzuj.6MAo8TWBWCw/Az7uRlus4mRiLJh/i', 349),
(375, 0, 1, '$2a$10$1IdrGrRAN2Wp3U7QI.JIzukLk9n0nP/KZdEWe.TYbRMKT7d5wS9rm', 349),
(376, 0, 2, '$2a$10$1IdrGrRAN2Wp3U7QI.JIzuEtxLCwrNT9pKlY1rgxYhl3RtaNJEQW.', 349),
(377, 1, 1, '$2a$10$1IdrGrRAN2Wp3U7QI.JIzulyuC.ir27zjCKynm/ef4Gp77Z9XU9UC', 349),
(378, 0, 1, '$2a$10$1IdrGrRAN2Wp3U7QI.JIzuNX3Ud6yFocoawh8dxtXS6Xinvh2wN8O', 349),
(379, 0, 1, '$2a$10$1IdrGrRAN2Wp3U7QI.JIzuL7lV2QCtsOcieHmoCH6Frx3m0Y2gHDy', 349),
(380, 0, 1, '$2a$10$1IdrGrRAN2Wp3U7QI.JIzupVvL.A.5dYSm7rGT0GBv1hPhN0oHIb2', 349),
(381, 0, 1, '$2a$10$1IdrGrRAN2Wp3U7QI.JIzu5kxuD9IiiPFdcwyhozqhvbAy0ZE3UIy', 349),
(382, 0, 1, '$2a$10$1IdrGrRAN2Wp3U7QI.JIzuWpvcrZ.M0VWtIrLxjdUF9DDvCTqEyxi', 349),
(383, 0, 1, '$2a$10$1IdrGrRAN2Wp3U7QI.JIzutiQDHi8vodSsYuDPKvp8FraWGUTlwFG', 349),
(384, 0, 1, '$2a$10$1IdrGrRAN2Wp3U7QI.JIzuidRK2esq5qotXMifey0buhheoxNToqO', 349),
(385, 0, 1, '$2a$10$1IdrGrRAN2Wp3U7QI.JIzu6Bp5DRTXJoaGWZwPuxZlqWxdkXxzepO', 349);
CREATE MEMORY TABLE "PUBLIC"."BALLOTS_VOTE_ORDER"(
"BALLOT_MODEL_ID" BIGINT NOT NULL,
"VOTE_ORDER_ID" BIGINT NOT NULL,
"LAW_MODEL_ORDER" INTEGER NOT NULL
);
ALTER TABLE "PUBLIC"."BALLOTS_VOTE_ORDER" ADD CONSTRAINT "PUBLIC"."CONSTRAINT_5" PRIMARY KEY("BALLOT_MODEL_ID", "LAW_MODEL_ORDER");
-- 147 +/- SELECT COUNT(*) FROM PUBLIC.BALLOTS_VOTE_ORDER;
INSERT INTO "PUBLIC"."BALLOTS_VOTE_ORDER" VALUES
(327, 300, 0),
(327, 293, 1),
(327, 308, 2),
(327, 313, 3),
(327, 321, 4),
(328, 308, 0),
(328, 300, 1),
(328, 293, 2),
(328, 321, 3),
(328, 313, 4),
(329, 313, 0),
(329, 293, 1),
(329, 321, 2),
(329, 300, 3),
(329, 308, 4),
(333, 308, 0),
(333, 321, 1),
(333, 313, 2),
(333, 300, 3),
(334, 308, 0),
(334, 321, 1),
(334, 313, 2),
(334, 300, 3),
(335, 300, 0),
(335, 293, 1),
(335, 321, 2),
(335, 313, 3),
(335, 308, 4),
(330, 313, 0),
(330, 321, 1),
(330, 293, 2),
(330, 300, 3),
(330, 308, 4),
(331, 313, 0),
(331, 308, 1),
(331, 300, 2),
(331, 293, 3),
(331, 321, 4),
(336, 293, 0),
(336, 300, 1),
(336, 321, 2),
(336, 313, 3),
(336, 308, 4),
(337, 293, 0),
(337, 308, 1),
(337, 300, 2),
(337, 321, 3),
(337, 313, 4),
(338, 321, 0),
(338, 293, 1),
(338, 300, 2),
(338, 313, 3),
(338, 308, 4),
(339, 313, 0),
(339, 300, 1),
(339, 321, 2),
(339, 308, 3),
(339, 293, 4),
(340, 293, 0),
(340, 308, 1),
(340, 321, 2),
(340, 313, 3),
(341, 308, 0),
(341, 321, 1),
(341, 293, 2),
(341, 313, 3),
(341, 300, 4),
(342, 313, 0),
(342, 321, 1),
(342, 293, 2),
(342, 300, 3),
(342, 308, 4),
(332, 321, 0),
(332, 293, 1),
(332, 313, 2),
(332, 308, 3),
(370, 363, 0),
(370, 343, 1),
(370, 350, 2),
(370, 359, 3),
(371, 343, 0),
(371, 359, 1),
(372, 363, 0),
(372, 359, 1),
(372, 350, 2),
(372, 343, 3),
(376, 354, 0),
(376, 363, 1),
(376, 343, 2),
(376, 359, 3),
(376, 350, 4),
(377, 354, 0),
(377, 363, 1),
(377, 343, 2),
(377, 359, 3),
(377, 350, 4),
(378, 354, 0),
(378, 363, 1),
(378, 343, 2),
(378, 359, 3),
(378, 350, 4),
(373, 359, 0),
(373, 354, 1),
(373, 363, 2),
(373, 350, 3),
(373, 343, 4),
(374, 363, 0),
(374, 354, 1),
(374, 350, 2),
(374, 343, 3),
(374, 359, 4),
(379, 350, 0),
(379, 343, 1),
(379, 363, 2),
(379, 354, 3),
(380, 359, 0),
(380, 354, 1),
(380, 343, 2),
(380, 363, 3),
(380, 350, 4),
(381, 354, 0),
(381, 359, 1),
(381, 363, 2),
(381, 350, 3),
(381, 343, 4),
(382, 350, 0),
(382, 359, 1),
(382, 363, 2),
(382, 343, 3),
(383, 359, 0),
(383, 363, 1),
(383, 354, 2),
(383, 343, 3),
(384, 343, 0),
(384, 363, 1),
(384, 354, 2),
(384, 350, 3),
(384, 359, 4),
(385, 354, 0),
(385, 363, 1),
(385, 343, 2),
(385, 359, 3),
(385, 350, 4),
(375, 359, 0),
(375, 343, 1),
(375, 354, 2),
(375, 350, 3);
CREATE MEMORY TABLE "PUBLIC"."CHECKSUMS"(
"CHECKSUM" VARCHAR(255) NOT NULL,
"EXPIRES_AT" TIMESTAMP,
"TRANSITIVE" BOOLEAN NOT NULL,
"AREA_ID" BIGINT,
"DELEGATED_TO_CHECKSUM" VARCHAR(255),
"PUBLIC_PROXY_ID" BIGINT
);
ALTER TABLE "PUBLIC"."CHECKSUMS" ADD CONSTRAINT "PUBLIC"."CONSTRAINT_B" PRIMARY KEY("CHECKSUM");
-- 18 +/- SELECT COUNT(*) FROM PUBLIC.CHECKSUMS;
INSERT INTO "PUBLIC"."CHECKSUMS" VALUES
('$2a$10$1IdrGrRAN2Wp3U7QI.JIzuccBk8DrXNh0KtYIUb4eNp.t52wOn6W2', TIMESTAMP '2019-11-13 23:17:45.623', TRUE, 22, NULL, 1),
('$2a$10$1IdrGrRAN2Wp3U7QI.JIzuL7lV2QCtsOcieHmoCH6Frx3m0Y2gHDy', TIMESTAMP '2019-11-13 23:17:58.401', TRUE, 22, '$2a$10$1IdrGrRAN2Wp3U7QI.JIzuccBk8DrXNh0KtYIUb4eNp.t52wOn6W2', NULL),
('$2a$10$1IdrGrRAN2Wp3U7QI.JIzuEtxLCwrNT9pKlY1rgxYhl3RtaNJEQW.', TIMESTAMP '2019-11-13 23:17:57.421', TRUE, 22, '$2a$10$1IdrGrRAN2Wp3U7QI.JIzuccBk8DrXNh0KtYIUb4eNp.t52wOn6W2', 3),
('$2a$10$1IdrGrRAN2Wp3U7QI.JIzuZjktzIdpQANYKKzwjQ2AG3JLRied3ZC', TIMESTAMP '2019-11-13 23:17:47.308', TRUE, 22, '$2a$10$1IdrGrRAN2Wp3U7QI.JIzuccBk8DrXNh0KtYIUb4eNp.t52wOn6W2', 4),
('$2a$10$1IdrGrRAN2Wp3U7QI.JIzuNX3Ud6yFocoawh8dxtXS6Xinvh2wN8O', TIMESTAMP '2019-11-13 23:17:57.671', TRUE, 22, NULL, 5),
('$2a$10$1IdrGrRAN2Wp3U7QI.JIzulyuC.ir27zjCKynm/ef4Gp77Z9XU9UC', TIMESTAMP '2019-11-13 23:17:47.152', TRUE, 22, '$2a$10$1IdrGrRAN2Wp3U7QI.JIzuEtxLCwrNT9pKlY1rgxYhl3RtaNJEQW.', 6),
('$2a$10$1IdrGrRAN2Wp3U7QI.JIzu4HeueVNdaHPs3H5dOkHoKyKmOv2LOTy', TIMESTAMP '2019-11-13 23:17:57.168', TRUE, 22, '$2a$10$1IdrGrRAN2Wp3U7QI.JIzuZjktzIdpQANYKKzwjQ2AG3JLRied3ZC', 7),
('$2a$10$1IdrGrRAN2Wp3U7QI.JIzuYBfqBJ8KRURXGBEFD1NIy8BIUtxNH8i', TIMESTAMP '2019-11-13 23:17:57.905', TRUE, 22, '$2a$10$1IdrGrRAN2Wp3U7QI.JIzu4HeueVNdaHPs3H5dOkHoKyKmOv2LOTy', 10),
('$2a$10$1IdrGrRAN2Wp3U7QI.JIzuj.6MAo8TWBWCw/Az7uRlus4mRiLJh/i', TIMESTAMP '2019-11-13 23:17:58.14', TRUE, 22, '$2a$10$1IdrGrRAN2Wp3U7QI.JIzu4HeueVNdaHPs3H5dOkHoKyKmOv2LOTy', 11),
('$2a$10$1IdrGrRAN2Wp3U7QI.JIzukLk9n0nP/KZdEWe.TYbRMKT7d5wS9rm', TIMESTAMP '2019-11-13 23:18:00.057', FALSE, 22, '$2a$10$1IdrGrRAN2Wp3U7QI.JIzu4HeueVNdaHPs3H5dOkHoKyKmOv2LOTy', 12),
('$2a$10$1IdrGrRAN2Wp3U7QI.JIzuLWYmX8a8mYTh.vjJc7tXFvw8MYTRxn6', TIMESTAMP '2019-11-13 23:17:56.683', TRUE, 22, NULL, 13),
('$2a$10$1IdrGrRAN2Wp3U7QI.JIzumlcpwp8brtUDnbFrq3yf2CMP0CBmGkS', TIMESTAMP '2019-11-13 23:17:56.933', TRUE, 22, NULL, 15),
('$2a$10$1IdrGrRAN2Wp3U7QI.JIzupVvL.A.5dYSm7rGT0GBv1hPhN0oHIb2', TIMESTAMP '2019-11-13 23:17:58.635', TRUE, 22, NULL, 9),
('$2a$10$1IdrGrRAN2Wp3U7QI.JIzu5kxuD9IiiPFdcwyhozqhvbAy0ZE3UIy', TIMESTAMP '2019-11-13 23:17:58.87', TRUE, 22, NULL, 16),
('$2a$10$1IdrGrRAN2Wp3U7QI.JIzuWpvcrZ.M0VWtIrLxjdUF9DDvCTqEyxi', TIMESTAMP '2019-11-13 23:17:59.119', TRUE, 22, NULL, 20),
('$2a$10$1IdrGrRAN2Wp3U7QI.JIzutiQDHi8vodSsYuDPKvp8FraWGUTlwFG', TIMESTAMP '2019-11-13 23:17:59.354', TRUE, 22, NULL, 18),
('$2a$10$1IdrGrRAN2Wp3U7QI.JIzuidRK2esq5qotXMifey0buhheoxNToqO', TIMESTAMP '2019-11-13 23:17:59.588', TRUE, 22, NULL, 14),
('$2a$10$1IdrGrRAN2Wp3U7QI.JIzu6Bp5DRTXJoaGWZwPuxZlqWxdkXxzepO', TIMESTAMP '2019-11-13 23:17:59.822', TRUE, 22, NULL, 19);
CREATE MEMORY TABLE "PUBLIC"."COMMENTS"(
"ID" BIGINT NOT NULL,
"CREATED_AT" TIMESTAMP NOT NULL,
"UPDATED_AT" TIMESTAMP NOT NULL,
"COMMENT" VARCHAR(255) NOT NULL,
"CREATED_BY_ID" BIGINT NOT NULL,
"PARENT_ID" BIGINT,
"PROPOSAL_ID" BIGINT NOT NULL
);
ALTER TABLE "PUBLIC"."COMMENTS" ADD CONSTRAINT "PUBLIC"."CONSTRAINT_A" PRIMARY KEY("ID");
-- 120 +/- SELECT COUNT(*) FROM PUBLIC.COMMENTS;
INSERT INTO "PUBLIC"."COMMENTS" VALUES
(195, TIMESTAMP '2019-11-12 23:17:43.709', TIMESTAMP '2019-11-12 23:17:43.709', 'Comment on root level. I really like this idea, but needs to be improved. 1573597063709', 6, NULL, 194),
(196, TIMESTAMP '2019-11-12 23:17:43.709', TIMESTAMP '2019-11-12 23:17:43.709', 'Reply 0 Lorem ipsum dolor sit amet, consectetur adipiscing elit, sed do eiusmod tempor', 20, 195, 194),
(197, TIMESTAMP '2019-11-12 23:17:43.725', TIMESTAMP '2019-11-12 23:17:43.725', 'Reply 1 Lorem ipsum dolor sit amet, consectetur adipiscing elit, sed do eiusmod tempor incididunt ut ', 1, 195, 194),
(199, TIMESTAMP '2019-11-12 23:17:43.741', TIMESTAMP '2019-11-12 23:17:43.741', 'Comment on root level. I really like this idea, but needs to be improved. 1573597063741', 5, NULL, 198),
(200, TIMESTAMP '2019-11-12 23:17:43.741', TIMESTAMP '2019-11-12 23:17:43.741', 'Reply 0 Lorem ipsum dolor sit amet, consectetur adipiscing elit, sed do ', 12, 199, 198),
(201, TIMESTAMP '2019-11-12 23:17:43.756', TIMESTAMP '2019-11-12 23:17:43.756', 'Reply 1 Lorem ipsum dolo', 17, 199, 198),
(202, TIMESTAMP '2019-11-12 23:17:43.756', TIMESTAMP '2019-11-12 23:17:43.756', 'Reply 2 Lorem ipsum dolor sit amet, consectetur adipiscing elit, sed do eiusmod tempor inci', 16, 199, 198),
(203, TIMESTAMP '2019-11-12 23:17:43.756', TIMESTAMP '2019-11-12 23:17:43.756', 'Reply 3 Lorem ipsum dolor sit amet, consectetur adipiscing elit, sed do eiusmod tempor incididunt ut labore', 12, 199, 198),
(204, TIMESTAMP '2019-11-12 23:17:43.756', TIMESTAMP '2019-11-12 23:17:43.756', 'Reply 4 Lorem ipsum dolor sit amet, cons', 14, 199, 198),
(205, TIMESTAMP '2019-11-12 23:17:43.756', TIMESTAMP '2019-11-12 23:17:43.756', 'Reply 5 Lorem ipsum dolor sit amet, consectetur adipiscing elit, sed do eiusm', 2, 199, 198),
(207, TIMESTAMP '2019-11-12 23:17:43.787', TIMESTAMP '2019-11-12 23:17:43.787', 'Comment on root level. I really like this idea, but needs to be improved. 1573597063787', 6, NULL, 206),
(208, TIMESTAMP '2019-11-12 23:17:43.787', TIMESTAMP '2019-11-12 23:17:43.787', 'Reply 0 Lorem ipsum dolor sit amet, consectetur adipiscing ', 4, 207, 206),
(209, TIMESTAMP '2019-11-12 23:17:43.787', TIMESTAMP '2019-11-12 23:17:43.787', 'Reply 1 Lorem ipsum dolor sit amet, consectet', 8, 207, 206),
(210, TIMESTAMP '2019-11-12 23:17:43.787', TIMESTAMP '2019-11-12 23:17:43.787', 'Reply 2 Lorem ipsum dolor sit amet, consecte', 14, 207, 206),
(212, TIMESTAMP '2019-11-12 23:17:43.819', TIMESTAMP '2019-11-12 23:17:43.819', 'Comment on root level. I really like this idea, but needs to be improved. 1573597063819', 9, NULL, 211),
(213, TIMESTAMP '2019-11-12 23:17:43.819', TIMESTAMP '2019-11-12 23:17:43.819', 'Reply 0 Lorem ipsum dolor sit amet, conse', 15, 212, 211),
(214, TIMESTAMP '2019-11-12 23:17:43.819', TIMESTAMP '2019-11-12 23:17:43.819', 'Reply 1 Lorem ipsum dolo', 13, 212, 211),
(215, TIMESTAMP '2019-11-12 23:17:43.819', TIMESTAMP '2019-11-12 23:17:43.819', 'Reply 2 Lorem ipsum dolor sit amet, consectetur adipiscing elit, sed do eiusm', 11, 212, 211),
(216, TIMESTAMP '2019-11-12 23:17:43.819', TIMESTAMP '2019-11-12 23:17:43.819', 'Reply 3 Lorem ipsum dolor', 13, 212, 211),
(217, TIMESTAMP '2019-11-12 23:17:43.819', TIMESTAMP '2019-11-12 23:17:43.819', 'Reply 4 Lorem ipsum dolor sit amet, consectetur adipiscing elit, sed do eiusmod tempor incididu', 17, 212, 211),
(218, TIMESTAMP '2019-11-12 23:17:43.819', TIMESTAMP '2019-11-12 23:17:43.819', 'Reply 5 Lorem ipsum dolor sit amet, consectetur adipiscing elit, sed do eiusmod tempor incididunt ut labore', 17, 212, 211),
(219, TIMESTAMP '2019-11-12 23:17:43.834', TIMESTAMP '2019-11-12 23:17:43.834', 'Reply 6 Lorem ipsum dolor sit amet, consectetur adipiscing elit, sed do eiusmod tempor incidid', 16, 212, 211),
(221, TIMESTAMP '2019-11-12 23:17:43.85', TIMESTAMP '2019-11-12 23:17:43.85', 'Comment on root level. I really like this idea, but needs to be improved. 1573597063850', 5, NULL, 220),
(222, TIMESTAMP '2019-11-12 23:17:43.85', TIMESTAMP '2019-11-12 23:17:43.85', 'Reply 0 Lorem ipsum dolor sit amet, consectetur ', 8, 221, 220),
(223, TIMESTAMP '2019-11-12 23:17:43.85', TIMESTAMP '2019-11-12 23:17:43.85', 'Reply 1 Lorem ipsum dolor sit amet, consectetur adipiscing elit, sed do eiusmod tempor incididunt ut labor', 19, 221, 220);
INSERT INTO "PUBLIC"."COMMENTS" VALUES
(234, TIMESTAMP '2019-11-12 23:17:49.638', TIMESTAMP '2019-11-12 23:17:49.638', 'Comment on root level. I really like this idea, but needs to be improved. 1573597069638', 10, NULL, 233),
(235, TIMESTAMP '2019-11-12 23:17:49.654', TIMESTAMP '2019-11-12 23:17:49.654', 'Reply 0 Lorem ipsum dolor sit amet, consectetur adipiscing elit, sed do e', 17, 234, 233),
(236, TIMESTAMP '2019-11-12 23:17:49.654', TIMESTAMP '2019-11-12 23:17:49.654', 'Reply 1 Lorem ipsum dolor sit amet, consectetur adipi', 7, 234, 233),
(237, TIMESTAMP '2019-11-12 23:17:49.654', TIMESTAMP '2019-11-12 23:17:49.654', 'Reply 2 Lorem ipsum dolor sit amet, consectetur adipiscing elit, sed do ', 10, 234, 233),
(242, TIMESTAMP '2019-11-12 23:17:49.685', TIMESTAMP '2019-11-12 23:17:49.685', 'Comment on root level. I really like this idea, but needs to be improved. 1573597069685', 2, NULL, 241),
(243, TIMESTAMP '2019-11-12 23:17:49.685', TIMESTAMP '2019-11-12 23:17:49.685', 'Reply 0 Lorem ipsum dolor sit amet, consectetur adipiscing elit, sed ', 10, 242, 241),
(244, TIMESTAMP '2019-11-12 23:17:49.685', TIMESTAMP '2019-11-12 23:17:49.685', 'Reply 1 Lorem ipsum dolor', 8, 242, 241),
(245, TIMESTAMP '2019-11-12 23:17:49.701', TIMESTAMP '2019-11-12 23:17:49.701', 'Reply 2 Lorem ipsum dolo', 12, 242, 241),
(246, TIMESTAMP '2019-11-12 23:17:49.701', TIMESTAMP '2019-11-12 23:17:49.701', 'Reply 3 Lorem ipsum dolor sit amet, consectetur adipiscing elit, sed do eiusmod t', 7, 242, 241),
(248, TIMESTAMP '2019-11-12 23:17:49.716', TIMESTAMP '2019-11-12 23:17:49.716', 'Comment on root level. I really like this idea, but needs to be improved. 1573597069716', 5, NULL, 247),
(249, TIMESTAMP '2019-11-12 23:17:49.716', TIMESTAMP '2019-11-12 23:17:49.716', 'Reply 0 Lorem ipsum dolor sit amet, consecte', 10, 248, 247),
(250, TIMESTAMP '2019-11-12 23:17:49.716', TIMESTAMP '2019-11-12 23:17:49.716', 'Reply 1 Lorem ipsum dolor sit amet, consectetur adipiscing elit, sed do ei', 16, 248, 247),
(251, TIMESTAMP '2019-11-12 23:17:49.732', TIMESTAMP '2019-11-12 23:17:49.732', 'Reply 2 Lorem ipsum dolor sit amet, consectetur adipiscing elit, sed do eiusmod tempor incididunt', 17, 248, 247),
(252, TIMESTAMP '2019-11-12 23:17:49.732', TIMESTAMP '2019-11-12 23:17:49.732', 'Reply 3 Lorem ipsum dolo', 3, 248, 247),
(254, TIMESTAMP '2019-11-12 23:17:49.748', TIMESTAMP '2019-11-12 23:17:49.748', 'Comment on root level. I really like this idea, but needs to be improved. 1573597069748', 11, NULL, 253),
(255, TIMESTAMP '2019-11-12 23:17:49.763', TIMESTAMP '2019-11-12 23:17:49.763', 'Reply 0 Lorem ipsum dolo', 8, 254, 253),
(256, TIMESTAMP '2019-11-12 23:17:49.763', TIMESTAMP '2019-11-12 23:17:49.763', 'Reply 1 Lorem ipsu', 10, 254, 253),
(257, TIMESTAMP '2019-11-12 23:17:49.763', TIMESTAMP '2019-11-12 23:17:49.763', 'Reply 2 Lorem ipsum dolor sit amet, consectetur adipiscing elit, sed do eiusmod t', 10, 254, 253),
(259, TIMESTAMP '2019-11-12 23:17:49.794', TIMESTAMP '2019-11-12 23:17:49.794', 'Comment on root level. I really like this idea, but needs to be improved. 1573597069794', 14, NULL, 258),
(260, TIMESTAMP '2019-11-12 23:17:49.794', TIMESTAMP '2019-11-12 23:17:49.794', 'Reply 0 Lorem ipsum dolor sit amet, co', 9, 259, 258),
(261, TIMESTAMP '2019-11-12 23:17:49.794', TIMESTAMP '2019-11-12 23:17:49.794', 'Reply 1 Lorem ipsum dolor sit amet, consectetur adipiscing e', 13, 259, 258),
(262, TIMESTAMP '2019-11-12 23:17:49.794', TIMESTAMP '2019-11-12 23:17:49.794', 'Reply 2 Lorem ipsum dolor sit amet, consectetur adipiscing elit', 17, 259, 258),
(264, TIMESTAMP '2019-11-12 23:17:49.873', TIMESTAMP '2019-11-12 23:17:49.873', 'Comment on root level. I really like this idea, but needs to be improved. 1573597069873', 14, NULL, 263),
(265, TIMESTAMP '2019-11-12 23:17:49.873', TIMESTAMP '2019-11-12 23:17:49.873', 'Reply 0 Lorem ipsum dolor sit amet', 19, 264, 263),
(266, TIMESTAMP '2019-11-12 23:17:49.873', TIMESTAMP '2019-11-12 23:17:49.873', 'Reply 1 Lorem ipsum dolor sit amet, consectetur adipiscing elit, ', 20, 264, 263),
(267, TIMESTAMP '2019-11-12 23:17:49.873', TIMESTAMP '2019-11-12 23:17:49.873', 'Reply 2 Lorem ipsum dolor sit amet, consectetur adipiscing elit, sed do eiusmod tempor incididunt ut ', 12, 264, 263);
INSERT INTO "PUBLIC"."COMMENTS" VALUES
(268, TIMESTAMP '2019-11-12 23:17:49.873', TIMESTAMP '2019-11-12 23:17:49.873', 'Reply 3 Lorem ipsum dolor sit amet, con', 19, 264, 263),
(271, TIMESTAMP '2019-11-12 23:17:49.919', TIMESTAMP '2019-11-12 23:17:49.919', 'Comment on root level. I really like this idea, but needs to be improved. 1573597069919', 8, NULL, 270),
(272, TIMESTAMP '2019-11-12 23:17:49.919', TIMESTAMP '2019-11-12 23:17:49.919', 'Reply 0 Lorem ipsum dolor sit amet, consectetur adipiscing elit, sed do eiusmod tempor incididu', 2, 271, 270),
(273, TIMESTAMP '2019-11-12 23:17:49.919', TIMESTAMP '2019-11-12 23:17:49.919', 'Reply 1 Lorem ipsum dolor sit amet, consectetur adipiscing elit, sed do eiusmod tempor inci', 8, 271, 270),
(274, TIMESTAMP '2019-11-12 23:17:49.919', TIMESTAMP '2019-11-12 23:17:49.919', 'Reply 2 Lorem ipsum dolor sit amet, consectetur adipiscing elit,', 7, 271, 270),
(276, TIMESTAMP '2019-11-12 23:17:49.998', TIMESTAMP '2019-11-12 23:17:49.998', 'Comment on root level. I really like this idea, but needs to be improved. 1573597069998', 12, NULL, 275),
(277, TIMESTAMP '2019-11-12 23:17:49.998', TIMESTAMP '2019-11-12 23:17:49.998', 'Reply 0 Lorem ipsu', 16, 276, 275),
(278, TIMESTAMP '2019-11-12 23:17:49.998', TIMESTAMP '2019-11-12 23:17:49.998', 'Reply 1 Lorem ipsum dolor sit amet, consectetur adipis', 5, 276, 275),
(279, TIMESTAMP '2019-11-12 23:17:49.998', TIMESTAMP '2019-11-12 23:17:49.998', 'Reply 2 Lorem ipsum dolor sit amet, consectetur adipiscing elit, sed do eiusmod', 4, 276, 275),
(280, TIMESTAMP '2019-11-12 23:17:50.013', TIMESTAMP '2019-11-12 23:17:50.013', 'Reply 3 Lorem ipsum dolor sit amet, consectetur adipiscing elit, sed do eiusmod tempor ', 20, 276, 275),
(281, TIMESTAMP '2019-11-12 23:17:50.013', TIMESTAMP '2019-11-12 23:17:50.013', 'Reply 4 Lorem ipsum dolor sit amet, consectetur adipiscing elit, sed do eiusmod tempor', 3, 276, 275),
(283, TIMESTAMP '2019-11-12 23:17:50.044', TIMESTAMP '2019-11-12 23:17:50.044', 'Comment on root level. I really like this idea, but needs to be improved. 1573597070044', 3, NULL, 282),
(284, TIMESTAMP '2019-11-12 23:17:50.044', TIMESTAMP '2019-11-12 23:17:50.044', 'Reply 0 Lorem ipsum dolor sit amet, consectetur adipiscing elit, sed do eiusmod tempo', 10, 283, 282),
(285, TIMESTAMP '2019-11-12 23:17:50.044', TIMESTAMP '2019-11-12 23:17:50.044', 'Reply 1 Lorem ipsum dolor sit amet, consectetur adipiscing eli', 11, 283, 282),
(286, TIMESTAMP '2019-11-12 23:17:50.06', TIMESTAMP '2019-11-12 23:17:50.06', 'Reply 2 Lorem ipsum dolor sit amet, consectetur ad', 11, 283, 282),
(287, TIMESTAMP '2019-11-12 23:17:50.06', TIMESTAMP '2019-11-12 23:17:50.06', 'Reply 3 Lorem ipsum dolor sit amet, consectetur adipiscing elit, sed do e', 8, 283, 282),
(288, TIMESTAMP '2019-11-12 23:17:50.06', TIMESTAMP '2019-11-12 23:17:50.06', 'Reply 4 Lorem ipsum dolor sit amet, consectetur adi', 18, 283, 282),
(290, TIMESTAMP '2019-11-12 23:17:50.107', TIMESTAMP '2019-11-12 23:17:50.107', 'Comment on root level. I really like this idea, but needs to be improved. 1573597070107', 8, NULL, 289),
(291, TIMESTAMP '2019-11-12 23:17:50.107', TIMESTAMP '2019-11-12 23:17:50.107', 'Reply 0 Lorem ipsum dolor sit amet', 7, 290, 289),
(292, TIMESTAMP '2019-11-12 23:17:50.107', TIMESTAMP '2019-11-12 23:17:50.107', 'Reply 1 Lorem ipsum dolor sit amet, consectetur adipiscing elit, sed', 10, 290, 289),
(294, TIMESTAMP '2019-11-12 23:17:50.232', TIMESTAMP '2019-11-12 23:17:50.232', 'Comment on root level. I really like this idea, but needs to be improved. 1573597070232', 11, NULL, 293),
(295, TIMESTAMP '2019-11-12 23:17:50.232', TIMESTAMP '2019-11-12 23:17:50.232', 'Reply 0 Lorem ipsum dolor sit amet, consec', 8, 294, 293),
(296, TIMESTAMP '2019-11-12 23:17:50.232', TIMESTAMP '2019-11-12 23:17:50.232', 'Reply 1 Lorem ipsum dolor sit am', 6, 294, 293),
(297, TIMESTAMP '2019-11-12 23:17:50.232', TIMESTAMP '2019-11-12 23:17:50.232', 'Reply 2 Lorem ipsum dolor sit amet, consectetur adipiscing elit, sed do eiusmod tempor inci', 10, 294, 293),
(298, TIMESTAMP '2019-11-12 23:17:50.232', TIMESTAMP '2019-11-12 23:17:50.232', 'Reply 3 Lorem ipsum dolor sit amet, consectetur adipiscing elit, sed do eiusmod tempo', 3, 294, 293);
INSERT INTO "PUBLIC"."COMMENTS" VALUES
(301, TIMESTAMP '2019-11-12 23:17:50.247', TIMESTAMP '2019-11-12 23:17:50.247', 'Comment on root level. I really like this idea, but needs to be improved. 1573597070247', 3, NULL, 300),
(302, TIMESTAMP '2019-11-12 23:17:50.247', TIMESTAMP '2019-11-12 23:17:50.247', 'Reply 0 Lorem ipsum dolor sit amet, consectetur adipiscing elit, sed do eiusmod tempor incididunt ut', 14, 301, 300),
(303, TIMESTAMP '2019-11-12 23:17:50.247', TIMESTAMP '2019-11-12 23:17:50.247', 'Reply 1 Lorem ipsum dol', 8, 301, 300),
(304, TIMESTAMP '2019-11-12 23:17:50.247', TIMESTAMP '2019-11-12 23:17:50.247', 'Reply 2 Lorem ipsum dolor sit amet, consectetur adipiscing elit, sed do e', 6, 301, 300),
(305, TIMESTAMP '2019-11-12 23:17:50.247', TIMESTAMP '2019-11-12 23:17:50.247', 'Reply 3 Lorem ipsum dolor sit amet, consectetur adipiscing elit, sed do eiusmod t', 13, 301, 300),
(306, TIMESTAMP '2019-11-12 23:17:50.263', TIMESTAMP '2019-11-12 23:17:50.263', 'Reply 4 Lorem ipsum dolor sit amet, consectetur adipiscing elit, se', 1, 301, 300),
(307, TIMESTAMP '2019-11-12 23:17:50.263', TIMESTAMP '2019-11-12 23:17:50.263', 'Reply 5 Lorem ipsum dolor ', 13, 301, 300),
(309, TIMESTAMP '2019-11-12 23:17:50.294', TIMESTAMP '2019-11-12 23:17:50.294', 'Comment on root level. I really like this idea, but needs to be improved. 1573597070279', 14, NULL, 308),
(310, TIMESTAMP '2019-11-12 23:17:50.295', TIMESTAMP '2019-11-12 23:17:50.295', 'Reply 0 Lorem ipsum dolor sit amet, consectetur adi', 1, 309, 308),
(311, TIMESTAMP '2019-11-12 23:17:50.296', TIMESTAMP '2019-11-12 23:17:50.296', 'Reply 1 Lorem ipsum dolor sit amet, consectetur adipiscing elit, ', 17, 309, 308),
(312, TIMESTAMP '2019-11-12 23:17:50.307', TIMESTAMP '2019-11-12 23:17:50.307', 'Reply 2 Lorem ipsum dolor sit amet, consectetur adipiscing elit, sed do eiusmod tempor incididunt ut labor', 14, 309, 308),
(314, TIMESTAMP '2019-11-12 23:17:50.37', TIMESTAMP '2019-11-12 23:17:50.37', 'Comment on root level. I really like this idea, but needs to be improved. 1573597070370', 9, NULL, 313),
(315, TIMESTAMP '2019-11-12 23:17:50.37', TIMESTAMP '2019-11-12 23:17:50.37', 'Reply 0 Lorem ipsum dolor sit amet, consectetur adipiscing elit, sed do eiusmod tempor incidi', 4, 314, 313),
(316, TIMESTAMP '2019-11-12 23:17:50.37', TIMESTAMP '2019-11-12 23:17:50.37', 'Reply 1 Lorem ipsum dolor sit amet, consectetur adipiscing elit, sed do eiusmod ', 15, 314, 313),
(317, TIMESTAMP '2019-11-12 23:17:50.37', TIMESTAMP '2019-11-12 23:17:50.37', 'Reply 2 Lorem ipsum dolor sit amet, consectetur adipiscing elit, sed do eiusmod tem', 12, 314, 313),
(318, TIMESTAMP '2019-11-12 23:17:50.385', TIMESTAMP '2019-11-12 23:17:50.385', 'Reply 3 Lorem ipsum dolo', 9, 314, 313),
(319, TIMESTAMP '2019-11-12 23:17:50.385', TIMESTAMP '2019-11-12 23:17:50.385', 'Reply 4 Lorem ipsum dolor sit amet, consect', 12, 314, 313),
(320, TIMESTAMP '2019-11-12 23:17:50.385', TIMESTAMP '2019-11-12 23:17:50.385', 'Reply 5 Lorem ipsum dolor sit amet, consectetur adip', 14, 314, 313),
(322, TIMESTAMP '2019-11-12 23:17:50.417', TIMESTAMP '2019-11-12 23:17:50.417', 'Comment on root level. I really like this idea, but needs to be improved. 1573597070417', 11, NULL, 321),
(323, TIMESTAMP '2019-11-12 23:17:50.417', TIMESTAMP '2019-11-12 23:17:50.417', 'Reply 0 Lorem ipsum dolor sit amet, consectetur adipiscing elit, sed do eiusmod tempor incididunt ut la', 18, 322, 321),
(324, TIMESTAMP '2019-11-12 23:17:50.417', TIMESTAMP '2019-11-12 23:17:50.417', 'Reply 1 Lorem ipsum dolor sit amet, consectetur adipiscing elit, sed', 11, 322, 321),
(325, TIMESTAMP '2019-11-12 23:17:50.417', TIMESTAMP '2019-11-12 23:17:50.417', 'Reply 2 Lorem ipsum dolor sit amet, consectetur adipiscing elit, sed do eiusmod tempor ', 8, 322, 321),
(326, TIMESTAMP '2019-11-12 23:17:50.417', TIMESTAMP '2019-11-12 23:17:50.417', 'Reply 3 Lorem ipsum dolor sit amet, c', 15, 322, 321),
(344, TIMESTAMP '2019-11-12 23:17:56.339', TIMESTAMP '2019-11-12 23:17:56.339', 'Comment on root level. I really like this idea, but needs to be improved. 1573597076339', 18, NULL, 343);
INSERT INTO "PUBLIC"."COMMENTS" VALUES
(345, TIMESTAMP '2019-11-12 23:17:56.339', TIMESTAMP '2019-11-12 23:17:56.339', 'Reply 0 Lorem ipsum dolor sit amet, consectetur adipiscing elit, sed do eiusmod tempor in', 5, 344, 343),
(346, TIMESTAMP '2019-11-12 23:17:56.339', TIMESTAMP '2019-11-12 23:17:56.339', 'Reply 1 Lorem ipsum dolor sit amet, consectetur adi', 2, 344, 343),
(347, TIMESTAMP '2019-11-12 23:17:56.339', TIMESTAMP '2019-11-12 23:17:56.339', 'Reply 2 Lorem ipsum do', 18, 344, 343),
(348, TIMESTAMP '2019-11-12 23:17:56.339', TIMESTAMP '2019-11-12 23:17:56.339', 'Reply 3 Lorem ipsum dolor sit amet, consectetur adipiscing elit, sed do eiusmod te', 12, 344, 343),
(351, TIMESTAMP '2019-11-12 23:17:56.371', TIMESTAMP '2019-11-12 23:17:56.371', 'Comment on root level. I really like this idea, but needs to be improved. 1573597076371', 5, NULL, 350),
(352, TIMESTAMP '2019-11-12 23:17:56.371', TIMESTAMP '2019-11-12 23:17:56.371', 'Reply 0 Lorem ipsum dolor sit ame', 10, 351, 350),
(353, TIMESTAMP '2019-11-12 23:17:56.371', TIMESTAMP '2019-11-12 23:17:56.371', 'Reply 1 Lorem ipsum dolor sit amet, consect', 14, 351, 350),
(355, TIMESTAMP '2019-11-12 23:17:56.402', TIMESTAMP '2019-11-12 23:17:56.402', 'Comment on root level. I really like this idea, but needs to be improved. 1573597076402', 3, NULL, 354),
(356, TIMESTAMP '2019-11-12 23:17:56.402', TIMESTAMP '2019-11-12 23:17:56.402', 'Reply 0 Lorem ipsum dolor sit amet, consectetur adipisc', 16, 355, 354),
(357, TIMESTAMP '2019-11-12 23:17:56.402', TIMESTAMP '2019-11-12 23:17:56.402', 'Reply 1 Lorem ipsum dolor sit amet, consectetur ad', 6, 355, 354),
(358, TIMESTAMP '2019-11-12 23:17:56.402', TIMESTAMP '2019-11-12 23:17:56.402', 'Reply 2 Lorem ipsum dolor sit amet, consectetur adipiscing elit, sed do ei', 3, 355, 354),
(360, TIMESTAMP '2019-11-12 23:17:56.418', TIMESTAMP '2019-11-12 23:17:56.418', 'Comment on root level. I really like this idea, but needs to be improved. 1573597076418', 14, NULL, 359),
(361, TIMESTAMP '2019-11-12 23:17:56.418', TIMESTAMP '2019-11-12 23:17:56.418', 'Reply 0 Lorem ipsum dolor sit amet, consectetur adipiscing elit, sed do eiusmod tempo', 17, 360, 359),
(362, TIMESTAMP '2019-11-12 23:17:56.418', TIMESTAMP '2019-11-12 23:17:56.418', 'Reply 1 Lorem ipsum', 3, 360, 359),
(364, TIMESTAMP '2019-11-12 23:17:56.449', TIMESTAMP '2019-11-12 23:17:56.449', 'Comment on root level. I really like this idea, but needs to be improved. 1573597076449', 6, NULL, 363),
(365, TIMESTAMP '2019-11-12 23:17:56.449', TIMESTAMP '2019-11-12 23:17:56.449', 'Reply 0 Lorem ipsum dolor sit amet, consectetur adipis', 11, 364, 363),
(366, TIMESTAMP '2019-11-12 23:17:56.449', TIMESTAMP '2019-11-12 23:17:56.449', 'Reply 1 Lorem ipsum dolor sit amet, consectetur adipiscing elit, sed do', 7, 364, 363),
(367, TIMESTAMP '2019-11-12 23:17:56.449', TIMESTAMP '2019-11-12 23:17:56.449', 'Reply 2 Lorem ipsum dolor sit amet, consectetur adipiscing elit, sed do eiusmod tempor incididunt ut labo', 1, 364, 363),
(368, TIMESTAMP '2019-11-12 23:17:56.449', TIMESTAMP '2019-11-12 23:17:56.449', 'Reply 3 Lorem ipsum d', 6, 364, 363),
(369, TIMESTAMP '2019-11-12 23:17:56.464', TIMESTAMP '2019-11-12 23:17:56.464', 'Reply 4 Lorem ipsum dolor sit amet, consectetur adipiscing elit, sed do eiusmod tempor incididun', 7, 364, 363);
CREATE MEMORY TABLE "PUBLIC"."COMMENTS_DOWN_VOTERS"(
"COMMENT_MODEL_ID" BIGINT NOT NULL,
"DOWN_VOTERS_ID" BIGINT NOT NULL
);
ALTER TABLE "PUBLIC"."COMMENTS_DOWN_VOTERS" ADD CONSTRAINT "PUBLIC"."CONSTRAINT_2" PRIMARY KEY("COMMENT_MODEL_ID", "DOWN_VOTERS_ID");
-- 305 +/- SELECT COUNT(*) FROM PUBLIC.COMMENTS_DOWN_VOTERS;
INSERT INTO "PUBLIC"."COMMENTS_DOWN_VOTERS" VALUES
(195, 8),
(195, 20),
(195, 10),
(196, 14),
(197, 6),
(197, 8),
(197, 14),
(197, 5),
(197, 9),
(199, 8),
(199, 18),
(199, 20),
(200, 15),
(201, 17),
(201, 20),
(202, 4),
(203, 2),
(204, 10),
(204, 15),
(205, 2),
(205, 7),
(205, 9),
(207, 3),
(207, 19),
(208, 17),
(209, 18),
(209, 1),
(209, 3),
(209, 9),
(210, 6),
(210, 8),
(210, 14),
(210, 5),
(212, 13),
(212, 7),
(212, 12),
(213, 14),
(213, 19),
(214, 4),
(215, 7),
(215, 1),
(215, 19),
(216, 4),
(216, 10),
(217, 11),
(218, 12),
(219, 8),
(219, 20),
(221, 2),
(221, 4),
(221, 11),
(221, 20),
(221, 15),
(221, 16),
(222, 4),
(222, 11),
(222, 10),
(222, 15),
(223, 1),
(234, 7),
(234, 5),
(235, 4),
(235, 6),
(235, 3),
(235, 12),
(236, 7),
(237, 5),
(242, 6),
(242, 10),
(242, 1),
(242, 3),
(242, 12),
(242, 9),
(243, 2),
(243, 11),
(243, 8),
(243, 3),
(243, 9),
(244, 4),
(244, 20),
(245, 8),
(245, 17),
(245, 20),
(245, 3),
(245, 19),
(246, 2),
(248, 13),
(248, 8),
(248, 14),
(248, 3),
(249, 6),
(249, 13),
(249, 7),
(249, 19),
(250, 2),
(250, 8),
(250, 10),
(250, 16),
(251, 18),
(251, 19),
(251, 9),
(252, 8),
(252, 16),
(254, 20),
(255, 2),
(255, 13),
(255, 11),
(255, 5),
(256, 4),
(256, 17),
(256, 7),
(257, 6),
(257, 14),
(257, 9),
(259, 11),
(259, 18),
(259, 1),
(259, 16),
(259, 12),
(260, 17),
(261, 13),
(261, 6),
(261, 7),
(261, 5),
(262, 4),
(262, 6),
(262, 10),
(262, 3),
(262, 16),
(262, 12),
(264, 14),
(264, 1),
(265, 4),
(265, 19),
(266, 2),
(266, 4),
(266, 8),
(266, 17),
(266, 10),
(266, 3),
(266, 16),
(266, 9),
(267, 6),
(267, 16),
(268, 19),
(271, 17),
(271, 1),
(271, 19),
(271, 5),
(272, 14),
(273, 17),
(273, 20),
(274, 16),
(276, 14),
(276, 9),
(277, 18),
(277, 1),
(278, 2),
(278, 13),
(278, 6),
(278, 14),
(279, 2),
(279, 15),
(279, 5),
(280, 6),
(280, 19),
(281, 17),
(281, 5),
(283, 4),
(283, 6),
(283, 8),
(283, 18),
(284, 8),
(284, 20),
(284, 16),
(285, 13),
(285, 18),
(285, 14),
(285, 3),
(286, 13),
(287, 7),
(290, 6),
(290, 11),
(290, 20),
(290, 10),
(290, 19),
(291, 11),
(291, 19),
(294, 2),
(294, 6),
(294, 14),
(294, 12),
(295, 13),
(295, 7),
(296, 13),
(297, 17),
(297, 18),
(298, 3),
(303, 4),
(303, 6),
(303, 8),
(304, 11),
(304, 18),
(304, 17),
(304, 5),
(305, 13),
(305, 6),
(305, 10),
(305, 3),
(305, 19),
(306, 2),
(306, 13),
(306, 8),
(306, 14),
(306, 3),
(307, 16),
(309, 6),
(310, 7),
(311, 4),
(311, 12),
(314, 2),
(314, 12),
(315, 3),
(315, 16),
(316, 6),
(316, 20),
(316, 9),
(317, 13),
(317, 11),
(317, 18),
(317, 14),
(318, 10),
(319, 2),
(319, 7),
(322, 4),
(322, 20),
(322, 14),
(322, 3),
(322, 16),
(323, 20),
(323, 9),
(324, 13),
(324, 12),
(344, 17),
(344, 14),
(344, 9),
(345, 4),
(345, 6),
(345, 5),
(346, 6),
(346, 7),
(346, 1),
(346, 19),
(346, 12),
(347, 13),
(347, 11),
(347, 3),
(348, 4),
(351, 4),
(351, 6),
(351, 12),
(352, 2),
(352, 6),
(352, 18),
(353, 14),
(353, 3),
(355, 11),
(355, 8),
(355, 16),
(355, 12),
(355, 9),
(356, 2),
(357, 2),
(357, 13),
(357, 1),
(357, 3),
(357, 16),
(357, 5),
(358, 18),
(358, 10),
(358, 16),
(358, 5),
(360, 8),
(361, 4),
(361, 20),
(361, 3),
(361, 15),
(362, 13),
(362, 10),
(364, 20),
(365, 4),
(366, 4),
(366, 6),
(366, 17),
(366, 1),
(366, 3),
(367, 2),
(367, 5),
(367, 12),
(368, 11),
(368, 1),
(369, 4),
(369, 18),
(369, 10),
(369, 16);
CREATE MEMORY TABLE "PUBLIC"."COMMENTS_UP_VOTERS"(
"COMMENT_MODEL_ID" BIGINT NOT NULL,
"UP_VOTERS_ID" BIGINT NOT NULL
);
ALTER TABLE "PUBLIC"."COMMENTS_UP_VOTERS" ADD CONSTRAINT "PUBLIC"."CONSTRAINT_20" PRIMARY KEY("COMMENT_MODEL_ID", "UP_VOTERS_ID");
-- 297 +/- SELECT COUNT(*) FROM PUBLIC.COMMENTS_UP_VOTERS;
INSERT INTO "PUBLIC"."COMMENTS_UP_VOTERS" VALUES
(196, 4),
(196, 18),
(197, 6),
(197, 13),
(197, 18),
(197, 3),
(197, 5),
(199, 18),
(200, 13),
(201, 4),
(201, 13),
(201, 18),
(201, 15),
(202, 14),
(202, 9),
(203, 20),
(203, 19),
(204, 7),
(204, 12),
(205, 10),
(205, 5),
(205, 9),
(208, 16),
(209, 13),
(209, 6),
(210, 6),
(212, 15),
(213, 20),
(213, 7),
(213, 19),
(213, 12),
(215, 14),
(216, 18),
(217, 19),
(217, 16),
(218, 11),
(218, 17),
(219, 6),
(219, 13),
(219, 7),
(221, 3),
(221, 5),
(222, 1),
(223, 17),
(223, 19),
(223, 15),
(234, 13),
(234, 16),
(235, 9),
(236, 6),
(236, 7),
(236, 19),
(236, 5),
(237, 6),
(237, 7),
(237, 15),
(242, 7),
(242, 5),
(244, 6),
(244, 17),
(244, 18),
(244, 7),
(244, 1),
(245, 6),
(245, 8),
(245, 14),
(245, 12),
(246, 11),
(246, 17),
(246, 10),
(246, 1),
(246, 5),
(249, 11),
(250, 17),
(250, 18),
(250, 10),
(250, 12),
(251, 7),
(251, 5),
(252, 1),
(252, 15),
(254, 8),
(254, 20),
(254, 14),
(254, 15),
(254, 12),
(254, 5),
(254, 9),
(255, 4),
(255, 17),
(255, 14),
(256, 2),
(256, 20),
(256, 14),
(256, 5),
(256, 9),
(257, 18),
(257, 14),
(259, 18),
(259, 7),
(259, 12),
(260, 6),
(260, 9),
(261, 6),
(261, 1),
(262, 17),
(262, 10),
(264, 13),
(264, 7),
(265, 15),
(266, 11),
(266, 17),
(266, 12),
(266, 5),
(267, 7),
(267, 14),
(267, 12),
(268, 10),
(268, 15),
(268, 12),
(271, 4),
(271, 13),
(272, 6),
(272, 20),
(272, 12),
(273, 14),
(273, 10),
(273, 19),
(274, 10),
(276, 6),
(276, 17),
(276, 14),
(277, 13),
(277, 6),
(277, 8),
(277, 1),
(277, 3),
(277, 9),
(278, 3),
(278, 12),
(279, 2),
(279, 15),
(280, 7),
(281, 4),
(281, 11),
(281, 17),
(281, 18),
(283, 2),
(283, 18),
(283, 14),
(284, 13),
(284, 6),
(284, 15),
(284, 16),
(285, 2),
(285, 20),
(285, 10),
(285, 16),
(286, 2),
(286, 8),
(286, 12),
(286, 9),
(287, 4),
(287, 1),
(290, 17),
(290, 7),
(290, 3),
(291, 7),
(291, 10),
(291, 1),
(291, 16),
(291, 15),
(291, 5),
(292, 10),
(292, 9),
(294, 2),
(294, 10),
(295, 18),
(295, 15),
(295, 5),
(295, 9),
(296, 2),
(296, 13),
(296, 6),
(296, 9),
(297, 4),
(297, 6),
(297, 9),
(298, 4),
(298, 8),
(298, 18),
(298, 14),
(298, 16),
(301, 4),
(303, 13),
(303, 10),
(303, 16),
(304, 13),
(304, 15),
(304, 9),
(305, 4),
(306, 2),
(306, 6),
(306, 10),
(306, 5),
(306, 9),
(307, 3),
(309, 17),
(310, 3),
(311, 15),
(311, 5),
(312, 6),
(312, 17),
(312, 3),
(312, 16),
(312, 15),
(314, 15),
(315, 8),
(315, 7),
(315, 15),
(316, 3),
(316, 5),
(317, 13),
(317, 11),
(317, 14),
(317, 1),
(318, 17),
(318, 20),
(318, 15),
(318, 12),
(319, 2),
(319, 11),
(319, 20),
(320, 20),
(320, 15),
(322, 12),
(322, 5),
(323, 3),
(324, 1),
(324, 19),
(325, 14),
(325, 3),
(326, 4),
(326, 6),
(326, 8),
(326, 14),
(326, 10),
(344, 5),
(345, 2),
(345, 14),
(345, 1),
(345, 15),
(346, 8),
(347, 18),
(347, 20),
(347, 14),
(348, 4),
(348, 14),
(351, 4),
(351, 14),
(351, 5),
(352, 9),
(353, 7),
(353, 15),
(353, 12),
(355, 6),
(355, 17),
(355, 14),
(355, 1),
(356, 6),
(356, 11),
(356, 19),
(356, 9),
(357, 3),
(357, 15),
(357, 12),
(361, 8),
(361, 14),
(361, 5),
(362, 2),
(362, 6),
(362, 15),
(364, 12),
(365, 11),
(365, 1),
(366, 17),
(366, 14),
(366, 7),
(367, 11),
(367, 16),
(367, 12),
(368, 4),
(368, 3),
(368, 5),
(369, 2),
(369, 17),
(369, 1);
CREATE MEMORY TABLE "PUBLIC"."DELEGATIONS"(
"ID" BIGINT NOT NULL,
"CREATED_AT" TIMESTAMP NOT NULL,
"UPDATED_AT" TIMESTAMP NOT NULL,
"REQUESTED_DELEGATION_AT" TIMESTAMP,
"TRANSITIVE" BOOLEAN NOT NULL,
"AREA_ID" BIGINT NOT NULL,
"FROM_USER_ID" BIGINT NOT NULL,
"REQUESTED_DELEGATION_FROM_CHECKSUM_CHECKSUM" VARCHAR(255),
"TO_PROXY_ID" BIGINT NOT NULL
);
ALTER TABLE "PUBLIC"."DELEGATIONS" ADD CONSTRAINT "PUBLIC"."CONSTRAINT_8" PRIMARY KEY("ID");
-- 9 +/- SELECT COUNT(*) FROM PUBLIC.DELEGATIONS;
INSERT INTO "PUBLIC"."DELEGATIONS" VALUES
(224, TIMESTAMP '2019-11-12 23:17:44.787', TIMESTAMP '2019-11-12 23:17:44.787', NULL, TRUE, 22, 2, NULL, 1),
(225, TIMESTAMP '2019-11-12 23:17:45.467', TIMESTAMP '2019-11-12 23:17:45.467', NULL, TRUE, 22, 3, NULL, 1),
(226, TIMESTAMP '2019-11-12 23:17:46.09', TIMESTAMP '2019-11-12 23:17:46.09', NULL, TRUE, 22, 4, NULL, 1),
(227, TIMESTAMP '2019-11-12 23:17:46.543', TIMESTAMP '2019-11-12 23:17:46.543', TIMESTAMP '2019-11-12 23:17:46.543', TRUE, 22, 5, '$2a$10$1IdrGrRAN2Wp3U7QI.JIzuNX3Ud6yFocoawh8dxtXS6Xinvh2wN8O', 2),
(228, TIMESTAMP '2019-11-12 23:17:47.152', TIMESTAMP '2019-11-12 23:17:47.152', NULL, TRUE, 22, 6, NULL, 3),
(229, TIMESTAMP '2019-11-12 23:17:47.777', TIMESTAMP '2019-11-12 23:17:47.777', NULL, TRUE, 22, 7, NULL, 4),
(230, TIMESTAMP '2019-11-12 23:17:48.402', TIMESTAMP '2019-11-12 23:17:48.402', NULL, TRUE, 22, 10, NULL, 7),
(231, TIMESTAMP '2019-11-12 23:17:49.013', TIMESTAMP '2019-11-12 23:17:49.013', NULL, TRUE, 22, 11, NULL, 7),
(232, TIMESTAMP '2019-11-12 23:17:49.623', TIMESTAMP '2019-11-12 23:17:49.623', NULL, FALSE, 22, 12, NULL, 7);
CREATE MEMORY TABLE "PUBLIC"."KEY_VALUE"(
"ID" BIGINT NOT NULL,
"KEY_COL" VARCHAR(255) NOT NULL,
"VALUE_COL" VARCHAR(255)
);
ALTER TABLE "PUBLIC"."KEY_VALUE" ADD CONSTRAINT "PUBLIC"."CONSTRAINT_7" PRIMARY KEY("ID");
-- 3 +/- SELECT COUNT(*) FROM PUBLIC.KEY_VALUE;
INSERT INTO "PUBLIC"."KEY_VALUE" VALUES
(33, 'liquido.supporters.for.proposal', '10'),
(238, 'liquido.days.until.voting.starts', '14'),
(239, 'liquido.duration.of.voting.phase', '14');
CREATE MEMORY TABLE "PUBLIC"."LAWS"(
"ID" BIGINT NOT NULL,
"CREATED_AT" TIMESTAMP NOT NULL,
"UPDATED_AT" TIMESTAMP NOT NULL,
"DESCRIPTION" VARCHAR(1000) NOT NULL,
"REACHED_QUORUM_AT" TIMESTAMP,
"STATUS" INTEGER NOT NULL,
"TITLE" VARCHAR(255) NOT NULL,
"AREA_ID" BIGINT NOT NULL,
"CREATED_BY_ID" BIGINT,
"POLL_ID" BIGINT
);
ALTER TABLE "PUBLIC"."LAWS" ADD CONSTRAINT "PUBLIC"."CONSTRAINT_23" PRIMARY KEY("ID");
-- 188 +/- SELECT COUNT(*) FROM PUBLIC.LAWS;
INSERT INTO "PUBLIC"."LAWS" VALUES
(32, TIMESTAMP '2019-11-11 23:17:41.026', TIMESTAMP '2019-11-12 23:17:41.026', 'gUTZrLVz Lor', NULL, 0, 'Idea 0 title from TestFixtures', 22, 19, NULL),
(34, TIMESTAMP '2019-11-10 23:17:41.042', TIMESTAMP '2019-11-11 23:17:41.042', 'n5FhfNv5 Lorem ipsum dolor sit amet, consectetur adipiscing elit, sed do eiusmod tempor incididunt ut labore et dolore magna aliqua. Ut enim ad minim veniam, quis nostrud exercitation ullamco laboris nisi ut aliquip ex ea commodo consequat. Duis aute irure dolor in repre', NULL, 0, 'Idea 1 that suggest that we definitely need a longer title for ideas', 23, 10, NULL),
(35, TIMESTAMP '2019-11-09 23:17:41.073', TIMESTAMP '2019-11-10 23:17:41.073', '5otBpvlQ Lorem ipsum dolor sit amet, consectetur adipiscing elit, sed do eius', NULL, 0, 'Idea 2 that suggest that we definitely need a longer title for ideas', 24, 10, NULL),
(36, TIMESTAMP '2019-11-08 23:17:41.104', TIMESTAMP '2019-11-09 23:17:41.104', 'x2RtFE6N Lorem ipsum dolor sit amet, consectetur adipiscing elit, sed do eiusmod tempor incididunt ut labore et dolore magna aliqua. Ut enim ad minim veniam, quis nostrud exercitation ullamco laboris nisi ut aliquip ex ea commodo consequat. Dui', NULL, 0, 'Idea 3 that suggest that we definitely need a longer title for ideas', 25, 14, NULL),
(37, TIMESTAMP '2019-11-07 23:17:41.151', TIMESTAMP '2019-11-08 23:17:41.151', 'M2SAKHxS Lorem ipsum dolor sit amet, consectetur adipisci', NULL, 0, 'Idea 4 that suggest that we definitely need a longer title for ideas', 26, 3, NULL),
(38, TIMESTAMP '2019-11-06 23:17:41.229', TIMESTAMP '2019-11-07 23:17:41.229', 'BwGCQMLN Lorem ipsum dolor sit amet, consectetur adipiscing elit, sed do eiusmod tempor incididunt ut labore e', NULL, 0, 'Idea 5 that suggest that we definitely need a longer title for ideas', 27, 13, NULL),
(39, TIMESTAMP '2019-11-05 23:17:41.26', TIMESTAMP '2019-11-06 23:17:41.26', 'ClbrruFL Lorem ipsum dolor sit amet, consectetur adipiscing elit, sed do eiusmod tempor incididunt ut labore et dolore magna aliqua. Ut enim ad minim veniam, quis nostrud exercitation ullamco laboris ', NULL, 0, 'Idea 6 that suggest that we definitely need a longer title for ideas', 28, 5, NULL),
(40, TIMESTAMP '2019-11-04 23:17:41.307', TIMESTAMP '2019-11-05 23:17:41.307', 'WWkHvbbD Lorem ipsum dolor sit amet, consectetur adipiscing elit, sed do eiusmod tempor incididu', NULL, 0, 'Idea 7 that suggest that we definitely need a longer title for ideas', 29, 12, NULL),
(41, TIMESTAMP '2019-11-03 23:17:41.307', TIMESTAMP '2019-11-04 23:17:41.307', 'Dq9OVVTw Lorem ipsum dolor sit amet, consectetur adipiscing elit, sed do eiusmod tempor incididunt u', NULL, 0, 'Idea 8 that suggest that we definitely need a longer title for ideas', 30, 13, NULL),
(42, TIMESTAMP '2019-11-02 23:17:41.339', TIMESTAMP '2019-11-03 23:17:41.339', 'pPa0cAlL Lorem ipsum dolor sit amet, consectetur adipiscing elit, sed do eiusmod tempor incididunt ut labore et dolore magna aliqua. Ut enim ad minim veniam, quis nostrud exercitation ullamco laboris nisi ut aliquip ex ea commodo conseq', NULL, 0, 'Idea 9 that suggest that we definitely need a longer title for ideas', 31, 11, NULL),
(43, TIMESTAMP '2019-11-01 23:17:41.37', TIMESTAMP '2019-11-02 23:17:41.37', 'YQES0sZR Lorem ipsum dolor sit amet, consectetur adipiscing elit, ', NULL, 0, 'Idea 10 that suggest that we definitely need a longer title for ideas', 22, 2, NULL),
(44, TIMESTAMP '2019-10-31 23:17:41.417', TIMESTAMP '2019-11-01 23:17:41.417', '5uw5VT7c Lorem ipsum dolor sit amet', NULL, 0, 'Idea 11 that suggest that we definitely need a longer title for ideas', 23, 10, NULL),
(45, TIMESTAMP '2019-10-30 23:17:41.448', TIMESTAMP '2019-10-31 23:17:41.448', 'zFZmFpXh Lorem ipsum dolor sit amet, consectetur adipiscing elit, sed do eiusmod tempor in', NULL, 0, 'Idea 12 that suggest that we definitely need a longer title for ideas', 24, 12, NULL),
(46, TIMESTAMP '2019-10-29 23:17:41.479', TIMESTAMP '2019-10-30 23:17:41.479', 'wfwNeb4g Lorem ipsum dolor sit amet, consectetur adipiscing elit, sed do eiusmod tempor incididunt ut labore et dolore magna aliqua. Ut enim ad minim veniam, quis nostrud exercitation ullamco laboris nisi ut aliquip ', NULL, 0, 'Idea 13 that suggest that we definitely need a longer title for ideas', 25, 13, NULL);
INSERT INTO "PUBLIC"."LAWS" VALUES
(47, TIMESTAMP '2019-10-28 23:17:41.526', TIMESTAMP '2019-10-29 23:17:41.526', 'c2lKXC4O Lorem ipsum dolor sit amet, consectetur adipiscing elit, sed do eiusmod tempor incididunt ut labore et dolore magna aliqua. Ut enim ad minim veniam, quis nostrud exercitation ullamco laboris nisi ut aliquip ex ea commodo consequat. Duis aute irure dolor in reprehenderit in voluptate velit esse cillum dolore eu fugiat nulla pariatur. Excepteur sint occaecat cupidatat non p', NULL, 0, 'Idea 14 that suggest that we definitely need a longer title for ideas', 26, 6, NULL),
(48, TIMESTAMP '2019-10-27 23:17:41.542', TIMESTAMP '2019-10-28 23:17:41.542', 'Egvqdbtu Lor', NULL, 0, 'Idea 15 that suggest that we definitely need a longer title for ideas', 27, 16, NULL),
(49, TIMESTAMP '2019-10-26 23:17:41.573', TIMESTAMP '2019-10-27 23:17:41.573', 't0lmmRqO Lorem ipsum dolor sit amet, consectetur adipiscing elit, sed do eiusmod tempor incididunt ut labore et dolore magna aliqua. Ut enim ad minim veniam, quis nostrud exercitation ullamco laboris nisi ut aliquip ex ea commodo consequat. Duis aute irure dolor in reprehenderit in voluptate velit esse cillum dolore eu fugiat nulla pariatur. Excepteur sint occaecat cupidat', NULL, 0, 'Idea 16 that suggest that we definitely need a longer title for ideas', 28, 17, NULL),
(50, TIMESTAMP '2019-10-25 23:17:41.604', TIMESTAMP '2019-10-26 23:17:41.604', 'Rea0TTCu Lorem ipsum dolor sit amet, consectetur adipiscing elit, sed do eiusmod tem', NULL, 0, 'Idea 17 that suggest that we definitely need a longer title for ideas', 29, 13, NULL),
(51, TIMESTAMP '2019-10-24 23:17:41.651', TIMESTAMP '2019-10-25 23:17:41.651', 'BpDremPZ Lorem ipsum dolor sit amet, consectetur adipiscing elit, sed do eiusmod tempor incididunt ut labore et dolore magna aliqua. Ut enim ad minim veniam, quis nostrud exercitation ullamco laboris nisi ut aliquip ex ea commodo consequat. Duis aute irure dolor in reprehenderit in voluptate velit esse cillum dolore eu fugiat nulla pariatur. Excepteur sint occa', NULL, 0, 'Idea 18 that suggest that we definitely need a longer title for ideas', 30, 4, NULL),
(52, TIMESTAMP '2019-10-23 23:17:41.651', TIMESTAMP '2019-10-24 23:17:41.651', 'ooeQRmP9 Lorem ipsum dolor sit amet, consectetur adipiscing elit, sed do eiusmod tempor incididunt ut labore et dolore magna aliqua. Ut enim ad minim veniam, quis nostrud exercitation ullamco laboris nisi ut aliquip ex ea commodo consequat. Duis aute irure dolor in reprehenderit in voluptate velit esse cillum dolore eu fugiat nulla pariatur.', NULL, 0, 'Idea 19 that suggest that we definitely need a longer title for ideas', 31, 19, NULL),
(53, TIMESTAMP '2019-10-22 23:17:41.667', TIMESTAMP '2019-10-23 23:17:41.667', 'ehpCbVlB Lorem ipsum dolor sit amet, consectetur adipiscing elit, sed do eiusmod tempor incididunt ut labore et dolore magna aliqua. Ut enim ad minim veniam, quis nostrud exercitation ullam', NULL, 0, 'Idea 20 that suggest that we definitely need a longer title for ideas', 22, 17, NULL),
(54, TIMESTAMP '2019-10-21 23:17:41.698', TIMESTAMP '2019-10-22 23:17:41.698', 'TloOWO7T Lorem ipsum dolor sit amet, consectetur adipiscing elit, sed do eiusmod tempor incididunt ut labore et dolore magna aliqua. Ut enim ad minim veniam, quis nostrud exercitatio', NULL, 0, 'Idea 21 that suggest that we definitely need a longer title for ideas', 23, 10, NULL),
(55, TIMESTAMP '2019-10-20 23:17:41.729', TIMESTAMP '2019-10-21 23:17:41.729', 'pLU4M3TM Lorem ipsum dolor sit amet, consectetur adipiscing elit, sed do eiusmod tempor incididunt ut labore et dolore', NULL, 0, 'Idea 22 that suggest that we definitely need a longer title for ideas', 24, 10, NULL),
(56, TIMESTAMP '2019-10-19 23:17:41.745', TIMESTAMP '2019-10-20 23:17:41.745', 'NmRrSlSO Lorem ipsum dolor sit amet, consectetur adipiscing elit, sed do eiusmod tempor incididunt ut labore et dolore magna aliqua. Ut enim ad minim veniam, quis nostrud exercitation ullamco laboris nisi ut aliquip ex ea commodo consequat. Duis aute irure dolor in reprehenderit in voluptate v', NULL, 0, 'Idea 23 that suggest that we definitely need a longer title for ideas', 25, 19, NULL);
INSERT INTO "PUBLIC"."LAWS" VALUES
(57, TIMESTAMP '2019-10-18 23:17:41.76', TIMESTAMP '2019-10-19 23:17:41.76', 'w2nmyrTH Lorem ipsum dolor sit amet, consectetur adipiscing elit, sed do eiusmod tempor incididunt ut labore et dolore magna aliqua. Ut enim ad minim veniam, quis nostrud ', NULL, 0, 'Idea 24 that suggest that we definitely need a longer title for ideas', 26, 16, NULL),
(58, TIMESTAMP '2019-10-17 23:17:41.776', TIMESTAMP '2019-10-18 23:17:41.776', 'XYnTTMFN Lorem ipsum dolor sit amet, consectetur adipiscing elit, sed do eiusmod tempor incididunt ut labore et dolore magna aliqua. Ut enim ad minim veniam, quis nostrud exercitation ullamco laboris nisi ut aliquip ex ea commodo consequat.', NULL, 0, 'Idea 25 that suggest that we definitely need a longer title for ideas', 27, 10, NULL),
(59, TIMESTAMP '2019-10-16 23:17:41.776', TIMESTAMP '2019-10-17 23:17:41.776', 'LSncGAwm Lorem ipsum dolor sit amet, consectetur adipiscing elit, sed do eiusmod tempor incididunt ut labore et dolore magna aliqua. Ut enim ad minim veniam, quis nostrud exercitation ullamco laboris nisi ut aliquip ex ea commo', NULL, 0, 'Idea 26 that suggest that we definitely need a longer title for ideas', 28, 7, NULL),
(60, TIMESTAMP '2019-10-15 23:17:41.807', TIMESTAMP '2019-10-16 23:17:41.807', 'HZOO9oUg Lorem ipsum dolor sit amet, consectetur adipiscing elit, sed do eiusmod tempor incididunt ut labore et dolore magna aliqua. Ut enim ad minim veniam, quis nostrud exercitation ullamco laboris nisi ut aliquip ex ea commodo consequat. Duis aute irure dolor', NULL, 0, 'Idea 27 that suggest that we definitely need a longer title for ideas', 29, 13, NULL),
(61, TIMESTAMP '2019-10-14 23:17:41.87', TIMESTAMP '2019-10-15 23:17:41.87', 'xnVuXYD7 Lorem ipsum dolor sit amet, consectet', NULL, 0, 'Idea 28 that suggest that we definitely need a longer title for ideas', 30, 8, NULL),
(62, TIMESTAMP '2019-10-13 23:17:41.87', TIMESTAMP '2019-10-14 23:17:41.87', 'R78pt05R Lorem ipsum dolor sit amet, consectetur adipiscing elit, sed do eiusmod tempor incididunt ut labore et dolore magna aliqua. Ut enim ad minim veniam, quis nostrud exercitation ullamco laboris nisi ut aliquip ex ea commodo consequat. Duis aute irure dolor in reprehenderit in voluptate velit esse cillum dolore eu fugiat nulla pariatur. Excepteur sint occaecat cupidata', NULL, 0, 'Idea 29 that suggest that we definitely need a longer title for ideas', 31, 14, NULL),
(63, TIMESTAMP '2019-10-12 23:17:41.87', TIMESTAMP '2019-10-13 23:17:41.87', 'xLGsh3wC Lorem ipsum dolor sit amet, consectetur adipiscing elit, sed do eiusmod tempor incididunt ut labore et dolor', NULL, 0, 'Idea 30 that suggest that we definitely need a longer title for ideas', 22, 1, NULL),
(64, TIMESTAMP '2019-10-11 23:17:41.87', TIMESTAMP '2019-10-12 23:17:41.87', 'cyPa8SpD Lorem ipsum dolor sit amet, consectetur adipiscing elit, sed do eiusmod tempor incididunt ut labore et dolore magna aliqua. Ut enim ad minim veniam, quis nostrud exercitation ullamco laboris nisi ut aliquip ex ea commodo consequat. Duis aute irure dolor in reprehenderit in voluptate velit esse cillu', NULL, 0, 'Idea 31 that suggest that we definitely need a longer title for ideas', 23, 6, NULL),
(65, TIMESTAMP '2019-10-10 23:17:41.885', TIMESTAMP '2019-10-11 23:17:41.885', '2mpu3cww Lorem ipsum dolor sit amet, consectetur adipiscing elit, sed do eiusmod tempor incididunt ut labore et dolore magna aliqua. Ut enim ad minim veniam, quis nostrud exercitation ullamco laboris nisi ut aliquip ex ea commodo consequat. Duis aute irur', NULL, 0, 'Idea 32 that suggest that we definitely need a longer title for ideas', 24, 2, NULL),
(66, TIMESTAMP '2019-10-09 23:17:41.926', TIMESTAMP '2019-10-10 23:17:41.926', 'TVFVUoBs Lorem ipsum dolor sit amet, consectetur adipiscing elit, sed do eiusmod tempor in', NULL, 0, 'Idea 33 that suggest that we definitely need a longer title for ideas', 25, 1, NULL),
(67, TIMESTAMP '2019-10-08 23:17:41.944', TIMESTAMP '2019-10-09 23:17:41.944', 'A7szS994 Lorem ipsum dolor sit amet, consectetur adipiscing elit, sed do eiusmod tempor incididunt ut labore et dolore magna aliqua. Ut enim ad minim veniam,', NULL, 0, 'Idea 34 that suggest that we definitely need a longer title for ideas', 26, 13, NULL);
INSERT INTO "PUBLIC"."LAWS" VALUES
(68, TIMESTAMP '2019-10-07 23:17:41.96', TIMESTAMP '2019-10-08 23:17:41.96', '0vKRYyNP Lorem ipsum dolor sit amet, consectetur adipiscing elit, sed do eiusmod tempor incididunt ut labore et dolore ma', NULL, 0, 'Idea 35 that suggest that we definitely need a longer title for ideas', 27, 5, NULL),
(69, TIMESTAMP '2019-10-06 23:17:41.991', TIMESTAMP '2019-10-07 23:17:41.991', '8aqtU6Kd Lorem ip', NULL, 0, 'Idea 36 that suggest that we definitely need a longer title for ideas', 28, 7, NULL),
(70, TIMESTAMP '2019-10-05 23:17:42.022', TIMESTAMP '2019-10-06 23:17:42.022', 'fgucF85y Lorem ipsum dolor sit amet, consectetur adipiscing elit, sed do eiusmod tempor incididunt ut labore et dolore magna aliqua. Ut enim ad minim veniam, quis nostrud exercitation ullamco laboris nisi ut aliquip ex ea com', NULL, 0, 'Idea 37 that suggest that we definitely need a longer title for ideas', 29, 8, NULL),
(71, TIMESTAMP '2019-10-04 23:17:42.022', TIMESTAMP '2019-10-05 23:17:42.022', 'eam7RPYf Lorem ipsum dolor sit amet, consectetur adipiscing elit, sed do eiusmod tempor incididunt ut labore et dolore magna aliqua. Ut enim ad minim veniam, quis nostrud exercitation ullamco laboris nisi ut aliquip ex ea commodo consequat. Duis aute irure dolor in reprehenderit in voluptate velit esse cillum dolor', NULL, 0, 'Idea 38 that suggest that we definitely need a longer title for ideas', 30, 15, NULL),
(72, TIMESTAMP '2019-10-03 23:17:42.038', TIMESTAMP '2019-10-04 23:17:42.038', 'Hvshs2vl Lorem ipsum dolor sit amet, consectetur adipiscing elit, sed do eiusmod tempor incididunt ut labore et dolore magna aliqua. Ut enim ad minim veniam, quis nostrud exercitation ullamco laboris nisi ut aliquip ex ea commodo consequat. Duis aute irure dolor in reprehenderit in voluptate velit esse cillum dolore eu fugiat nulla pariatur. Excepteur sint occaecat cupidatat non proident, sunt in culp', NULL, 0, 'Idea 39 that suggest that we definitely need a longer title for ideas', 31, 7, NULL),
(73, TIMESTAMP '2019-10-02 23:17:42.038', TIMESTAMP '2019-10-03 23:17:42.038', 'kterDW8N Lorem ipsum dolor sit amet, consectetur adipiscing elit, sed do eiusmod tempor incididunt ut labore et dolore magna aliqua. Ut enim ad minim veniam, quis nostrud ex', NULL, 0, 'Idea 40 that suggest that we definitely need a longer title for ideas', 22, 20, NULL),
(74, TIMESTAMP '2019-10-01 23:17:42.069', TIMESTAMP '2019-10-02 23:17:42.069', 'cuhzqMhX Lorem ipsum dolor sit', NULL, 0, 'Idea 41 that suggest that we definitely need a longer title for ideas', 23, 11, NULL),
(75, TIMESTAMP '2019-09-30 23:17:42.085', TIMESTAMP '2019-10-01 23:17:42.085', 'ccRLX8zZ Lorem ipsum dolor sit amet, consectetur adipiscing elit, sed do eiusmod tempor incididunt ut labore et dolore magna aliqua. Ut enim ad minim veniam, quis nostrud exercitation u', NULL, 0, 'Idea 42 that suggest that we definitely need a longer title for ideas', 24, 8, NULL),
(76, TIMESTAMP '2019-09-29 23:17:42.085', TIMESTAMP '2019-09-30 23:17:42.085', 'XExyLM4z Lorem ipsum dolor sit amet, consectetur adipiscing elit, sed do eiusmod tempor incididunt ut labore et dolore magna aliqua. Ut enim ad minim veniam, quis nostrud exercitation ullamco laboris nisi ut aliquip ex ea commodo consequat. Duis aute irure dolor in reprehenderit in voluptate velit esse cillum dolore eu fugiat nulla pariatur. Exc', NULL, 0, 'Idea 43 that suggest that we definitely need a longer title for ideas', 25, 9, NULL),
(77, TIMESTAMP '2019-09-28 23:17:42.1', TIMESTAMP '2019-09-29 23:17:42.1', 'L6FR6LOs Lorem ipsum dolor sit amet, consectetur adipiscing elit, sed do eiusmod tempor incididunt ut labore et dolore magna aliqua. Ut enim ad minim veniam, quis nostrud exercitation ullamco laboris nisi ut aliquip ex ea commodo consequat. Duis aute irure dolor in reprehenderit in voluptate velit esse cillum dolore eu fugiat nulla pariatur. Excepteur si', NULL, 0, 'Idea 44 that suggest that we definitely need a longer title for ideas', 26, 3, NULL),
(78, TIMESTAMP '2019-09-27 23:17:42.116', TIMESTAMP '2019-09-28 23:17:42.116', 'yFeaAL8o Lorem ipsum dolor sit amet, consectetur adipiscing elit, sed do eiusmod tempor incididunt ut labore et dolore magna aliqua. Ut enim ad minim veniam, quis nostrud exercitation ullamco laboris nisi ut aliquip ex ea commodo consequat. Duis aute irure dolor in reprehenderit in voluptate velit esse cillum dolore eu fugiat nulla pariatur. Excepteur sint occaecat cupidata', NULL, 0, 'Idea 45 that suggest that we definitely need a longer title for ideas', 27, 8, NULL);
INSERT INTO "PUBLIC"."LAWS" VALUES
(79, TIMESTAMP '2019-09-26 23:17:42.132', TIMESTAMP '2019-09-27 23:17:42.132', 'TTYpGWeA Lorem ipsum dolor sit amet, consectetur adipiscing elit, sed do eiusmod tempor incididunt ut labore et dolore magna aliqua. Ut enim ad minim veniam, quis nostrud exercitation ullamco laboris nisi ut aliquip ex ea commodo consequat. Duis aute irure dolor in reprehenderit in voluptate velit esse cillum dolore eu fugiat nulla pariatur. Excepteur sint', NULL, 0, 'Idea 46 that suggest that we definitely need a longer title for ideas', 28, 18, NULL),
(80, TIMESTAMP '2019-09-25 23:17:42.147', TIMESTAMP '2019-09-26 23:17:42.147', 'lmtqUrkp Lorem ipsum dolor sit amet, consectetur adipiscing elit, sed do eius', NULL, 0, 'Idea 47 that suggest that we definitely need a longer title for ideas', 29, 12, NULL),
(81, TIMESTAMP '2019-09-24 23:17:42.163', TIMESTAMP '2019-09-25 23:17:42.163', 'ANMtaUCo Lorem ipsum dolor sit amet, consectetur adipiscing elit, sed do eiusmod tempor incididunt ut labore et dolore magna aliqua. Ut enim ad minim veniam, quis nostr', NULL, 0, 'Idea 48 that suggest that we definitely need a longer title for ideas', 30, 10, NULL),
(82, TIMESTAMP '2019-09-23 23:17:42.194', TIMESTAMP '2019-09-24 23:17:42.194', 'AfUKYoQO Lorem ipsum dolor sit amet, consectetur adipiscing elit, sed do ', NULL, 0, 'Idea 49 that suggest that we definitely need a longer title for ideas', 31, 16, NULL),
(83, TIMESTAMP '2019-09-22 23:17:42.21', TIMESTAMP '2019-09-23 23:17:42.21', 'M2wLxhoU Lor', NULL, 0, 'Idea 50 that suggest that we definitely need a longer title for ideas', 22, 14, NULL),
(84, TIMESTAMP '2019-09-21 23:17:42.225', TIMESTAMP '2019-09-22 23:17:42.225', 'vSeOKMm8 Lorem ipsum dolor sit amet, consectetur adipiscing elit, sed do eiusmod tempor incididunt ut labore et dolore magna aliqua. Ut enim ad minim veniam, quis nostrud exercitation ullamco laboris nisi ut aliquip ex ea commodo consequat. Duis aute irure dolor in', NULL, 0, 'Idea 51 that suggest that we definitely need a longer title for ideas', 23, 11, NULL),
(85, TIMESTAMP '2019-09-20 23:17:42.225', TIMESTAMP '2019-09-21 23:17:42.225', '3k6WZBrC Lorem ipsum dolor sit amet, consectetur adipiscing elit, sed do eiusmod tempor incididunt ut labore et dolore magna aliqua. Ut enim ad minim veniam, quis nostrud exercitation ullamco', NULL, 0, 'Idea 52 that suggest that we definitely need a longer title for ideas', 24, 1, NULL),
(86, TIMESTAMP '2019-09-19 23:17:42.241', TIMESTAMP '2019-09-20 23:17:42.241', 'DS4r3Yq7 Lorem ipsum dolor sit amet, consectetur adipiscing elit, sed do eiusmod tempor incididunt', NULL, 0, 'Idea 53 that suggest that we definitely need a longer title for ideas', 25, 12, NULL),
(87, TIMESTAMP '2019-09-18 23:17:42.257', TIMESTAMP '2019-09-19 23:17:42.257', 'sg2VZsBM Lorem ipsum dolor sit amet, consectetur adipiscing elit, sed do eiusmod tempor incididunt ut labore et dolore magna aliqua. Ut enim ad minim veniam, quis nostrud exercitation ullamco laboris nisi ut aliquip ex ea commodo consequat. Duis aute irure dolor in reprehenderit in voluptate velit esse cillum d', NULL, 0, 'Idea 54 that suggest that we definitely need a longer title for ideas', 26, 13, NULL),
(88, TIMESTAMP '2019-09-17 23:17:42.272', TIMESTAMP '2019-09-18 23:17:42.272', '7pAcC3nP Lorem ipsum dolor sit amet, consectetur adipiscing elit, sed do eiusmod tempor incididunt ut labore et dolore magna aliqua. Ut enim ad minim veniam, quis nostrud exercitation ullamco laboris nisi ut aliquip ex ea commodo consequat. Duis aute irure dolor in reprehenderit in voluptate velit esse', NULL, 0, 'Idea 55 that suggest that we definitely need a longer title for ideas', 27, 3, NULL),
(89, TIMESTAMP '2019-09-16 23:17:42.272', TIMESTAMP '2019-09-17 23:17:42.272', 'NgtONspE Lorem ipsum dolor sit amet, consectetur adipiscing elit, sed do eiusmod tempor incididunt ut labore et dolore magna aliqua. Ut enim ad minim veniam, quis nostrud exercitation ullamco laboris nisi ', NULL, 0, 'Idea 56 that suggest that we definitely need a longer title for ideas', 28, 4, NULL),
(90, TIMESTAMP '2019-09-15 23:17:42.288', TIMESTAMP '2019-09-16 23:17:42.288', 'ctgyVQNC Lorem ipsum dolor sit amet, consectetur adipiscing elit, sed do eiusmod tempor incididunt ut labore et dolore magna aliqua. Ut enim ad minim veniam, quis nostrud exercitation ullam', NULL, 0, 'Idea 57 that suggest that we definitely need a longer title for ideas', 29, 13, NULL);
INSERT INTO "PUBLIC"."LAWS" VALUES
(91, TIMESTAMP '2019-09-14 23:17:42.303', TIMESTAMP '2019-09-15 23:17:42.303', 'bA0yOw9A Lorem ipsum dolor sit amet, consectetur adipiscing elit, sed do eiusmod tempor incididunt ut labore et dolore magna aliqua. Ut en', NULL, 0, 'Idea 58 that suggest that we definitely need a longer title for ideas', 30, 1, NULL),
(92, TIMESTAMP '2019-09-13 23:17:42.319', TIMESTAMP '2019-09-14 23:17:42.319', 'VfCR8dEK Lorem ipsum dolor sit amet, consectetur adipiscing elit, sed do eiusmod tempor incididunt ut labore et dolore magna aliqua. Ut enim ad minim veniam, quis nostrud exercitation ullamco laboris nisi ut ', NULL, 0, 'Idea 59 that suggest that we definitely need a longer title for ideas', 31, 12, NULL),
(93, TIMESTAMP '2019-09-12 23:17:42.319', TIMESTAMP '2019-09-13 23:17:42.319', 'adfArxnr Lorem ipsum dolor sit amet, consectetur adipiscing elit, sed do eiusmod tempor incididunt ut labore et dolore magna aliqua. Ut enim ad minim veniam, quis nostrud exercitation ullamco laboris nisi ut aliquip ex ea commodo consequat. Duis aute irure dolor in reprehenderit in voluptate velit esse cillu', NULL, 0, 'Idea 60 that suggest that we definitely need a longer title for ideas', 22, 11, NULL),
(94, TIMESTAMP '2019-09-11 23:17:42.335', TIMESTAMP '2019-09-12 23:17:42.335', 'wy8msLOP Lorem ipsum dolor sit amet, consectetur adipiscing elit, sed do eiusmod tempor incididunt ut labore et dolore magna aliqua. Ut enim ad minim ven', NULL, 0, 'Idea 61 that suggest that we definitely need a longer title for ideas', 23, 16, NULL),
(95, TIMESTAMP '2019-09-10 23:17:42.366', TIMESTAMP '2019-09-11 23:17:42.366', 'Baz6mShU Lorem ipsum dolor sit amet, consectetur adipiscing elit, sed do eiusmod tempor incididunt ut labore et dolore magna aliqua. Ut enim ad minim veniam, quis nostrud exercit', NULL, 0, 'Idea 62 that suggest that we definitely need a longer title for ideas', 24, 17, NULL),
(96, TIMESTAMP '2019-09-09 23:17:42.382', TIMESTAMP '2019-09-10 23:17:42.382', 'Uywy3MdC Lorem ipsum dolor sit amet, consectetur adipiscing elit, sed do eiusmod tempor in', NULL, 0, 'Idea 63 that suggest that we definitely need a longer title for ideas', 25, 17, NULL),
(97, TIMESTAMP '2019-09-08 23:17:42.382', TIMESTAMP '2019-09-09 23:17:42.382', '8l9pHdvB Lorem ipsum dolor sit amet, consectetur adipiscing elit, sed do eiusmod tempor incididunt ut labore et dolore magna aliqua. Ut enim ad minim veniam, quis nostrud exercitat', NULL, 0, 'Idea 64 that suggest that we definitely need a longer title for ideas', 26, 1, NULL),
(98, TIMESTAMP '2019-09-07 23:17:42.397', TIMESTAMP '2019-09-08 23:17:42.397', '30h2K5Mp Lorem ipsum dolor sit amet, consectetur adipiscing elit, sed do eiusmod tempor inc', NULL, 0, 'Idea 65 that suggest that we definitely need a longer title for ideas', 27, 20, NULL),
(99, TIMESTAMP '2019-09-06 23:17:42.413', TIMESTAMP '2019-09-07 23:17:42.413', 'pLgE95yk Lorem ipsum dolor sit amet, consectetur adipiscing elit, sed do eiusmo', NULL, 0, 'Idea 66 that suggest that we definitely need a longer title for ideas', 28, 17, NULL),
(100, TIMESTAMP '2019-09-05 23:17:42.428', TIMESTAMP '2019-09-06 23:17:42.428', 'hnYcuhGt Lorem ipsum dolor sit amet, consectetur adipiscing elit, sed do eiusmod tempor incididunt ut labore et dolore magna aliqua. Ut enim ad minim veniam, quis nostrud exercitation ullamco laboris nisi ut aliquip ex ea commodo consequat. Duis aute irure dolor in reprehenderit in voluptate velit esse cillum dolore eu f', NULL, 0, 'Idea 67 that suggest that we definitely need a longer title for ideas', 29, 5, NULL),
(101, TIMESTAMP '2019-09-04 23:17:42.428', TIMESTAMP '2019-09-05 23:17:42.428', 'r9GkLr2F Lorem ipsum dolor sit amet, consectetur ad', NULL, 0, 'Idea 68 that suggest that we definitely need a longer title for ideas', 30, 16, NULL),
(102, TIMESTAMP '2019-09-03 23:17:42.444', TIMESTAMP '2019-09-04 23:17:42.444', 'WCLKBx3c Lorem ipsum dolo', NULL, 0, 'Idea 69 that suggest that we definitely need a longer title for ideas', 31, 9, NULL),
(103, TIMESTAMP '2019-09-02 23:17:42.444', TIMESTAMP '2019-09-03 23:17:42.444', 'LdREpmwT Lorem ipsum dolor sit amet, consect', NULL, 0, 'Idea 70 that suggest that we definitely need a longer title for ideas', 22, 8, NULL);
INSERT INTO "PUBLIC"."LAWS" VALUES
(104, TIMESTAMP '2019-09-01 23:17:42.444', TIMESTAMP '2019-09-02 23:17:42.46', '3x6tgqfg Lorem ipsum dolor sit amet, consectetur adipiscing elit, sed do eiusmod tempor incididunt ut labore e', NULL, 0, 'Idea 71 that suggest that we definitely need a longer title for ideas', 23, 15, NULL),
(105, TIMESTAMP '2019-08-31 23:17:42.46', TIMESTAMP '2019-09-01 23:17:42.46', 'pLXKTZHb Lorem ipsum dolor sit amet, consectetur adipiscing elit, sed do eiusmod tempor incididunt ut labore et dolore magna al', NULL, 0, 'Idea 72 that suggest that we definitely need a longer title for ideas', 24, 12, NULL),
(106, TIMESTAMP '2019-08-30 23:17:42.46', TIMESTAMP '2019-08-31 23:17:42.46', 'xe3v8Z3u Lorem ipsum dolor sit amet, consectetur adipiscing elit, sed do eiusmod tempor incididunt ut labore et dolore magna aliqua. Ut enim ad minim veniam, quis nostrud exercitation ullamco laboris nisi ut aliquip ex ea commodo consequat. Duis au', NULL, 0, 'Idea 73 that suggest that we definitely need a longer title for ideas', 25, 8, NULL),
(107, TIMESTAMP '2019-08-29 23:17:42.46', TIMESTAMP '2019-08-30 23:17:42.46', 'YRd4lqeb Lorem ipsum dolor sit amet, consectetur adipiscing elit, sed do eiusmod tempor incididunt ut labore et dolore magna aliqua. Ut enim ad minim veniam, quis nostrud exercitation ullamco laboris nisi ut aliquip ex ea commodo consequat. Duis aute irure dolor in reprehenderit in voluptate velit esse cillum dolore e', NULL, 0, 'Idea 74 that suggest that we definitely need a longer title for ideas', 26, 1, NULL),
(108, TIMESTAMP '2019-08-28 23:17:42.475', TIMESTAMP '2019-08-29 23:17:42.475', 'v6376KhF Lorem ipsum dolor sit amet, consectetur adipiscing elit, sed do eiusmod tempor incididunt ut labore et dolore magna aliqua. Ut enim ad minim veniam, quis nostrud exercitation ullamco laboris nisi ut aliquip ex ea commodo consequat. Duis aute irure dolor in reprehenderit in voluptate velit esse cillum dolore eu fugiat nulla pariatur. Excepteur sint occaecat cupidatat non proi', NULL, 0, 'Idea 75 that suggest that we definitely need a longer title for ideas', 27, 15, NULL),
(109, TIMESTAMP '2019-08-27 23:17:42.475', TIMESTAMP '2019-08-28 23:17:42.475', 'hVLAWTcT Lorem ipsum dolor sit amet, consectetur adipiscing elit, sed do eiusm', NULL, 0, 'Idea 76 that suggest that we definitely need a longer title for ideas', 28, 19, NULL),
(110, TIMESTAMP '2019-08-26 23:17:42.491', TIMESTAMP '2019-08-27 23:17:42.491', 'T9RGsPmf Lorem ipsum dolor sit amet, consectetur adipiscing elit, sed do eiusmod tempor incididunt ut labore et dolore magna aliqua. Ut enim ad minim veniam, quis nostrud exercitation ullamco laboris nisi ut aliquip ex ea commodo consequat. Duis aute iru', NULL, 0, 'Idea 77 that suggest that we definitely need a longer title for ideas', 29, 14, NULL),
(111, TIMESTAMP '2019-08-25 23:17:42.491', TIMESTAMP '2019-08-26 23:17:42.491', '6Zh8q6CK Lorem ipsum dolor sit amet, consectetur adipisc', NULL, 0, 'Idea 78 that suggest that we definitely need a longer title for ideas', 30, 7, NULL),
(112, TIMESTAMP '2019-08-24 23:17:42.491', TIMESTAMP '2019-08-25 23:17:42.491', '8hyo8m3c Lorem ipsum dolor sit amet, consectetur adipiscing elit, sed do eiusmod tempor incididunt ut labore et dolore magna aliqua. Ut enim ad minim veniam, quis nostrud exercitation ullamco laboris nisi ut aliquip ex ea commodo consequat. Duis aute irure dolor in reprehenderit in volu', NULL, 0, 'Idea 79 that suggest that we definitely need a longer title for ideas', 31, 16, NULL),
(113, TIMESTAMP '2019-08-23 23:17:42.507', TIMESTAMP '2019-08-24 23:17:42.507', 'kd6NUNHN Lorem ipsum dolor sit amet, consectetur adipiscing elit, sed do eiusmod tempor incididunt ut labore et dolore ma', NULL, 0, 'Idea 80 that suggest that we definitely need a longer title for ideas', 22, 9, NULL),
(114, TIMESTAMP '2019-08-22 23:17:42.507', TIMESTAMP '2019-08-23 23:17:42.507', 'YOo6xSh8 Lorem ipsum dolor sit amet, consectetur adipiscing elit, sed do eiusmod tempor incididunt ut labore et dolore magna aliqua. Ut enim ad minim veni', NULL, 0, 'Idea 81 that suggest that we definitely need a longer title for ideas', 23, 9, NULL);
INSERT INTO "PUBLIC"."LAWS" VALUES
(115, TIMESTAMP '2019-08-21 23:17:42.522', TIMESTAMP '2019-08-22 23:17:42.522', 'pHnPfYgr Lorem ipsum dolor sit amet, consectetur adipiscing elit, sed do eiusmod tempor inci', NULL, 0, 'Idea 82 that suggest that we definitely need a longer title for ideas', 24, 10, NULL),
(116, TIMESTAMP '2019-08-20 23:17:42.522', TIMESTAMP '2019-08-21 23:17:42.522', 'UttKrCSy Lorem ipsum dolor sit amet, consectetur adipiscing elit, sed do eiusmod tempor incididunt ut labore et dolore magna aliqua. Ut enim ad minim veniam, quis nostrud exercitation ullamco labo', NULL, 0, 'Idea 83 that suggest that we definitely need a longer title for ideas', 25, 13, NULL),
(117, TIMESTAMP '2019-08-19 23:17:42.538', TIMESTAMP '2019-08-20 23:17:42.538', 'y7MUQqnq Lorem ipsum dolor sit amet, consectetur adipiscing elit, sed do eiusmod tempor incididunt ut la', NULL, 0, 'Idea 84 that suggest that we definitely need a longer title for ideas', 26, 15, NULL),
(118, TIMESTAMP '2019-08-18 23:17:42.553', TIMESTAMP '2019-08-19 23:17:42.553', 'FFuEA9XE Lorem ipsum dolor sit amet, consectetur adipiscing elit, sed do eiusmod tempor incididunt ut labore et dolore magna aliqua. Ut enim ad minim veniam, quis nost', NULL, 0, 'Idea 85 that suggest that we definitely need a longer title for ideas', 27, 6, NULL),
(119, TIMESTAMP '2019-08-17 23:17:42.553', TIMESTAMP '2019-08-18 23:17:42.553', 'PYKvLd3K Lorem ipsum dolor sit amet, consectetur adipiscing elit, sed do eiusmod tempor incididunt ut labore et dolore magna aliqua. Ut enim ad minim veniam, quis nostrud exercitation ullamco laboris nisi ut aliquip ex ea commodo consequat. Duis aute irure dolor in reprehenderit in voluptate velit esse cillum dolore eu fugiat nulla pariatur. Excepteur sint occaecat cupidatat non proiden', NULL, 0, 'Idea 86 that suggest that we definitely need a longer title for ideas', 28, 20, NULL),
(120, TIMESTAMP '2019-08-16 23:17:42.569', TIMESTAMP '2019-08-17 23:17:42.569', '9wkDNsr0 Lorem ipsum dolor sit amet, consectetur adipiscing elit, sed do eiusmod tempor incididunt u', NULL, 0, 'Idea 87 that suggest that we definitely need a longer title for ideas', 29, 12, NULL),
(121, TIMESTAMP '2019-08-15 23:17:42.585', TIMESTAMP '2019-08-16 23:17:42.585', 'bacXKYwV Lorem ipsum dolor sit amet, consectetur adipi', NULL, 0, 'Idea 88 that suggest that we definitely need a longer title for ideas', 30, 9, NULL),
(122, TIMESTAMP '2019-08-14 23:17:42.585', TIMESTAMP '2019-08-15 23:17:42.585', 'V0CKxLZH Lorem ipsum dolor sit amet, consectetur adipiscing elit, sed do ', NULL, 0, 'Idea 89 that suggest that we definitely need a longer title for ideas', 31, 9, NULL),
(123, TIMESTAMP '2019-08-13 23:17:42.6', TIMESTAMP '2019-08-14 23:17:42.6', 'hheAz3BE Lorem ipsum dolor sit amet, consectetur adipiscing elit, sed do eiusmod tempor incididunt ut labore et dolore magna aliqua. Ut enim ad minim veniam, quis nostrud exercitation ullamco laboris nisi ut aliquip ex ea commodo consequat. Duis aute irure dolor in repre', NULL, 0, 'Idea 90 that suggest that we definitely need a longer title for ideas', 22, 17, NULL),
(124, TIMESTAMP '2019-08-12 23:17:42.6', TIMESTAMP '2019-08-13 23:17:42.6', 'Skc98y4S Lorem ipsum dolor sit amet, consectetur adipiscing elit, sed do eiusmod tempor incididunt ut labore et dolore magna aliqua. Ut enim ad minim veniam, quis nostrud exercitation ullamco laboris nisi ut aliquip ex ea commodo consequat. Duis aute irure dolor in reprehenderit in voluptate velit esse cillum dolore eu fugiat nulla pariatur. Excepteur sint occaecat', NULL, 0, 'Idea 91 that suggest that we definitely need a longer title for ideas', 23, 15, NULL),
(125, TIMESTAMP '2019-08-11 23:17:42.6', TIMESTAMP '2019-08-12 23:17:42.6', 'wv7C5Yom Lorem ipsum dolor sit amet, consectetur adipiscing elit, sed do eiusmod tempor incididunt ut labore et dolore magn', NULL, 0, 'Idea 92 that suggest that we definitely need a longer title for ideas', 24, 5, NULL),
(126, TIMESTAMP '2019-08-10 23:17:42.616', TIMESTAMP '2019-08-11 23:17:42.616', 'VLUZpvdv Lorem ipsum dolor sit amet, consectetur adipiscing elit, sed do eiusmod tempor incididunt ut labore et dolore magna aliqua. Ut enim ad minim veniam, quis nostrud exercitation ullamco laboris', NULL, 0, 'Idea 93 that suggest that we definitely need a longer title for ideas', 25, 8, NULL);
INSERT INTO "PUBLIC"."LAWS" VALUES
(127, TIMESTAMP '2019-08-09 23:17:42.616', TIMESTAMP '2019-08-10 23:17:42.616', 'w8S62bgB Lorem ipsum dolor sit amet, consectetur adipiscing elit, sed do eiusmod tempor incididunt ut labore et dolore magna aliqua. Ut enim ad minim veniam, quis nostrud exercitation ullamco laboris nisi ut aliquip ex ea commodo co', NULL, 0, 'Idea 94 that suggest that we definitely need a longer title for ideas', 26, 13, NULL),
(128, TIMESTAMP '2019-08-08 23:17:42.631', TIMESTAMP '2019-08-09 23:17:42.631', 'N5zXwGBv Lorem ipsum dolor sit amet, consectetur adipiscing elit, sed do eiusmod tempor incididunt ut labore et dolore magna aliqua. Ut enim ad minim veniam, quis nostrud exercitation ullamco laboris nisi ut aliquip ex ea commodo consequat. Duis aute irure dolor in reprehenderit in voluptate velit esse cillum dolore eu fugiat nulla pariatur. Excepteur sint occaecat cupidatat non proide', NULL, 0, 'Idea 95 that suggest that we definitely need a longer title for ideas', 27, 4, NULL),
(129, TIMESTAMP '2019-08-07 23:17:42.631', TIMESTAMP '2019-08-08 23:17:42.631', 'e9Z9Hk6G Lorem ipsum dolor sit amet, consectetur adipiscing elit, sed do eiusmod tempor incididunt ut labore et dolore m', NULL, 0, 'Idea 96 that suggest that we definitely need a longer title for ideas', 28, 1, NULL),
(130, TIMESTAMP '2019-08-06 23:17:42.631', TIMESTAMP '2019-08-07 23:17:42.631', 'ACMpYLCq Lorem ipsum dolor sit amet, consectetur adipiscing eli', NULL, 0, 'Idea 97 that suggest that we definitely need a longer title for ideas', 29, 10, NULL),
(131, TIMESTAMP '2019-08-05 23:17:42.647', TIMESTAMP '2019-08-06 23:17:42.647', 'VK5lBnDZ Lorem ipsum dolor sit amet, consectetur adipiscing elit, sed do eiusmod tempor incididunt ut labore ', NULL, 0, 'Idea 98 that suggest that we definitely need a longer title for ideas', 30, 9, NULL),
(132, TIMESTAMP '2019-08-04 23:17:42.647', TIMESTAMP '2019-08-05 23:17:42.647', '8gmpUpzq Lorem ipsum dolor sit amet, consect', NULL, 0, 'Idea 99 that suggest that we definitely need a longer title for ideas', 31, 13, NULL),
(133, TIMESTAMP '2019-08-03 23:17:42.663', TIMESTAMP '2019-08-04 23:17:42.663', 'c9yhyvtv Lorem ipsum dolor sit amet, consectetur adipiscing elit, sed do eiusmod tempor incididunt ut labore et dolore magna aliqua. Ut enim ad minim veniam, quis nostrud exercitation ullamco laboris nisi ut aliquip ex ea commodo consequat. Duis aute irure dolor in reprehenderit in voluptate velit esse cillum dolore eu fugiat nulla pariatur. Ex', NULL, 0, 'Idea 100 that suggest that we definitely need a longer title for ideas', 22, 4, NULL),
(134, TIMESTAMP '2019-08-02 23:17:42.663', TIMESTAMP '2019-08-03 23:17:42.663', '4afUALoy Lorem ipsum dolor sit amet, consectetur adipiscing elit, sed do eiusmod tempor incididunt ut labore et dolore magna aliqua. Ut enim ad minim veniam, quis nostrud exercitation ullamco laboris nisi ut aliquip ex ea commodo consequat. Duis aute irure dolor in reprehenderit in voluptate velit esse cillum dolore eu fugiat nulla pariatur. Excepteur sint occaecat cupidatat non p', NULL, 0, 'Idea 101 that suggest that we definitely need a longer title for ideas', 23, 8, NULL),
(135, TIMESTAMP '2019-08-01 23:17:42.678', TIMESTAMP '2019-08-02 23:17:42.678', 'RtfcsaWb Lorem ipsum dolor sit amet, consectetur adipiscing elit, sed do eiusmod tempor incididunt ut labore et dolore magna aliqua. Ut enim ad minim veniam, quis nostrud exercitation ullamco laboris nisi ut aliquip ex ea commodo consequat. Dui', NULL, 0, 'Idea 102 that suggest that we definitely need a longer title for ideas', 24, 14, NULL),
(136, TIMESTAMP '2019-07-31 23:17:42.694', TIMESTAMP '2019-08-01 23:17:42.694', '5HOd5sKa Lorem ipsum dolor sit amet, consectetur adipiscing elit, sed do ', NULL, 0, 'Idea 103 that suggest that we definitely need a longer title for ideas', 25, 2, NULL),
(137, TIMESTAMP '2019-07-30 23:17:42.694', TIMESTAMP '2019-07-31 23:17:42.694', 'bROEwk6b Lorem ipsum dolor sit amet, consectetur adipiscing elit, sed do eiusmod tempor incididunt ut labore et dolore magna aliqua. Ut enim ad minim veniam, quis nostrud exercitatio', NULL, 0, 'Idea 104 that suggest that we definitely need a longer title for ideas', 26, 15, NULL);
INSERT INTO "PUBLIC"."LAWS" VALUES
(138, TIMESTAMP '2019-07-29 23:17:42.694', TIMESTAMP '2019-07-30 23:17:42.694', 'BXSaOnMG Lorem ipsum dolor sit amet, consectetur adipiscing elit, sed do ', NULL, 0, 'Idea 105 that suggest that we definitely need a longer title for ideas', 27, 12, NULL),
(139, TIMESTAMP '2019-07-28 23:17:42.71', TIMESTAMP '2019-07-29 23:17:42.71', 'XAgCpXOq Lorem ipsum dolor sit amet, consectetur adipiscing elit, sed do eiusmod tempor incididunt ut labore et dolore magna aliqua. Ut enim ad minim veniam, quis nostrud exercitation ullamco laboris nisi ut aliquip ex ea commodo consequat. Duis aute irure dolor in reprehenderit in voluptate velit esse cillum dolore eu fugiat nulla pariatur. Excepteur sint occaecat cupidatat non proident, sunt in cu', NULL, 0, 'Idea 106 that suggest that we definitely need a longer title for ideas', 28, 8, NULL),
(140, TIMESTAMP '2019-07-27 23:17:42.725', TIMESTAMP '2019-07-28 23:17:42.725', 'DmEdcr86 Lorem ipsum dolor sit amet,', NULL, 0, 'Idea 107 that suggest that we definitely need a longer title for ideas', 29, 15, NULL),
(141, TIMESTAMP '2019-07-26 23:17:42.741', TIMESTAMP '2019-07-27 23:17:42.741', 'z6DqHsxe Lorem ipsum dolor sit amet, consectetur adipi', NULL, 0, 'Idea 108 that suggest that we definitely need a longer title for ideas', 30, 16, NULL),
(142, TIMESTAMP '2019-07-25 23:17:42.741', TIMESTAMP '2019-07-26 23:17:42.741', 'XxXubP5N Lorem ipsum dolor sit amet, consectetur adipiscing elit, sed do eiusmod tempor incididunt ut labore et dolore magna aliqua. Ut enim ad minim veniam, quis nostrud exercitation ullamco laboris nisi ut aliquip ex ea commodo consequat. Duis aute irure dolor in reprehenderit in voluptate velit esse cillum dolore eu fugiat nulla pariatur. Excepteur sint occaecat cupidatat non proident, sunt in culpa ', NULL, 0, 'Idea 109 that suggest that we definitely need a longer title for ideas', 31, 13, NULL),
(143, TIMESTAMP '2019-07-24 23:17:42.756', TIMESTAMP '2019-07-25 23:17:42.756', 'shL0mDb7 Lorem ipsum dolor sit amet, consectetur adipiscing elit, sed do eiusmod tempor incididunt ut labore et dolore magna aliqua. Ut enim ad minim veniam, quis nostrud exercitation ullamco laboris nisi ut aliquip ex ea commodo consequat. Duis aute irure dolor in reprehenderit in voluptate velit esse cillum dolore eu f', NULL, 0, 'Idea 110 that suggest that we definitely need a longer title for ideas', 22, 10, NULL),
(144, TIMESTAMP '2019-11-11 23:17:42.772', TIMESTAMP '2019-11-12 23:17:42.772', 'uP9MBoq5 Lorem ipsum dolor sit amet, consectetur adipiscing elit, sed do eiusmod tempor incididunt ut labore et dolore magna aliqua. Ut enim ad minim veniam, ', TIMESTAMP '2019-11-12 23:17:42.772', 1, 'Proposal 0 that reached its quorum', 27, 8, NULL),
(145, TIMESTAMP '2019-11-06 23:17:42.803', TIMESTAMP '2019-11-07 23:17:42.803', 'EkafpO7G Lorem ipsum dolor sit amet, consectetur adipiscing elit, sed do eiusmod tempor incididunt ut labore et dolore magna aliqua. Ut enim ad minim veniam, quis nostrud exercitation ullamco laboris nisi ut aliquip ex ea commodo consequat. Duis aute irure dolor in reprehenderit in vo', TIMESTAMP '2019-11-11 23:17:42.788', 1, 'Proposal 1 that reached its quorum', 22, 2, NULL),
(146, TIMESTAMP '2019-11-09 23:17:42.819', TIMESTAMP '2019-11-10 23:17:42.819', 'NF9LN6W3 Lorem ipsum dolor sit amet, consectetur adipiscing elit, sed do eiusmod tempor incididunt ut labore et dolore magna aliqua. Ut enim ad minim veniam, quis nostrud exercitation ullamco laboris nisi ut aliquip ex ea commodo consequat. Duis aute irure dolor in reprehenderit in voluptate velit esse cillum dolore eu fugiat nulla pariatur. Excepteur sint occa', TIMESTAMP '2019-11-11 23:17:42.819', 1, 'Proposal 2 that reached its quorum', 27, 12, NULL),
(147, TIMESTAMP '2019-11-08 23:17:42.85', TIMESTAMP '2019-11-09 23:17:42.85', 'qBTHfDc5 Lorem ipsum dolor sit amet, consectetur adipiscing elit, sed do eiusmod tempor incididunt ut labore et dolor', TIMESTAMP '2019-11-10 23:17:42.835', 1, 'Proposal 3 that reached its quorum', 25, 19, NULL),
(148, TIMESTAMP '2019-11-04 23:17:42.866', TIMESTAMP '2019-11-05 23:17:42.866', 'CCTR2ssq Lorem ipsum dolor sit amet, consectetur adipiscing elit, sed do eiusmod tempor incididunt ut labore et dolore magna aliqua. Ut enim ad minim veniam, quis nostrud exercitation ullamco l', TIMESTAMP '2019-11-05 23:17:42.866', 1, 'Proposal 4 that reached its quorum', 30, 1, NULL);
INSERT INTO "PUBLIC"."LAWS" VALUES
(149, TIMESTAMP '2019-11-04 23:17:42.881', TIMESTAMP '2019-11-05 23:17:42.881', 'sT7MPDhV Lorem ipsum dolor sit amet, consectetu', TIMESTAMP '2019-11-08 23:17:42.881', 1, 'Proposal 5 that reached its quorum', 22, 19, NULL),
(150, TIMESTAMP '2019-11-09 23:17:42.897', TIMESTAMP '2019-11-10 23:17:42.897', 'Gt48vkxF Lorem ipsum dolor sit amet, consectetur adipiscing elit, sed do eiusmod tempor incididunt ut labore et dolore magna aliqua. Ut enim ad minim veniam, quis nostrud exercitation ullamco laboris nisi ut aliquip ex ea commodo consequat. Duis aute irure', TIMESTAMP '2019-11-11 23:17:42.897', 1, 'Proposal 6 that reached its quorum', 24, 11, NULL),
(151, TIMESTAMP '2019-11-10 23:17:42.913', TIMESTAMP '2019-11-11 23:17:42.913', 'Bdut9r2E Lorem ipsum dolor sit amet, consectetur adipiscing elit, sed do eiusmod tempor incididunt ut labore et dolore magna aliqua. Ut enim ad m', TIMESTAMP '2019-11-11 23:17:42.913', 1, 'Proposal 7 that reached its quorum', 26, 8, NULL),
(152, TIMESTAMP '2019-11-07 23:17:42.944', TIMESTAMP '2019-11-08 23:17:42.944', 'ZhmuC6uY Lorem ipsum dolor sit amet, consectetur', TIMESTAMP '2019-11-10 23:17:42.944', 1, 'Proposal 8 that reached its quorum', 22, 8, NULL),
(153, TIMESTAMP '2019-11-11 23:17:42.96', TIMESTAMP '2019-11-12 23:17:42.96', 'el8HCYlr Lorem ipsum', TIMESTAMP '2019-11-12 23:17:42.96', 1, 'Proposal 9 that reached its quorum', 23, 11, NULL),
(154, TIMESTAMP '2019-11-10 23:17:42.991', TIMESTAMP '2019-11-11 23:17:42.991', 'vkVeFL7V Lorem ipsum dolor sit amet, consectetur adipiscing elit, sed do eiusmod tempor incididunt ut labore et dolore magna aliqua. Ut enim ad minim veniam, quis nostrud exercitation ullamco laboris nisi ut aliquip ex e', TIMESTAMP '2019-11-12 23:17:42.991', 1, 'Proposal 10 that reached its quorum', 30, 13, NULL),
(155, TIMESTAMP '2019-11-08 23:17:43.006', TIMESTAMP '2019-11-09 23:17:43.006', 'XNYlbPYf Lorem ipsum dolor sit amet, consectetur adipiscing elit, sed do eiusmod t', TIMESTAMP '2019-11-12 23:17:43.006', 1, 'Proposal 11 that reached its quorum', 24, 13, NULL),
(156, TIMESTAMP '2019-11-11 23:17:43.038', TIMESTAMP '2019-11-12 23:17:43.038', 'TonlSvRE Lorem ipsum dolor sit amet, consectetur adipiscing elit, sed do eiusmod tempor incididunt ut labore et dolore magna aliqua. Ut enim ad m', TIMESTAMP '2019-11-12 23:17:43.038', 1, 'Proposal 12 that reached its quorum', 31, 11, NULL),
(157, TIMESTAMP '2019-11-12 23:17:43.053', TIMESTAMP '2019-11-12 23:17:43.053', '8agR4pyH Lorem ipsum dolor sit amet, consectetur adipiscing elit, sed do eiusmod tempor incididunt ut labore et dolore magna aliqua. Ut enim ad minim veniam, quis nostrud exercitation ullamco laboris ni', TIMESTAMP '2019-11-12 23:17:43.053', 1, 'Proposal 13 that reached its quorum', 26, 15, NULL),
(158, TIMESTAMP '2019-11-12 23:17:43.069', TIMESTAMP '2019-11-12 23:17:43.069', 'kn4DtTzr Lorem ipsum dolor sit ame', TIMESTAMP '2019-11-12 23:17:43.069', 1, 'Proposal 14 that reached its quorum', 29, 15, NULL),
(159, TIMESTAMP '2019-11-05 23:17:43.085', TIMESTAMP '2019-11-06 23:17:43.085', 'KRXp20NT Lorem ipsum dolor sit amet, consectetur adipiscing elit, sed do eiusmod tempor incididunt ut labore et dolore magna aliqua. Ut enim ad minim veniam, quis nostrud exercitation ullamco laboris nisi ut aliquip ex ea commodo consequat. Duis aute irure dolor in reprehenderit in voluptate velit esse cillum dolore eu fugiat nulla pariatur. Excepteur sint occaecat cupidatat non proident, sunt in', TIMESTAMP '2019-11-06 23:17:43.085', 1, 'Proposal 15 that reached its quorum', 28, 15, NULL),
(160, TIMESTAMP '2019-11-09 23:17:43.116', TIMESTAMP '2019-11-10 23:17:43.116', 'Rs7t6ZGs Lorem ipsum dolor sit amet, consectetur adipiscing elit, sed do eiusmod tempor incididunt ut labore et dolore magna aliqua. Ut enim ad minim veniam, quis nostrud exercitation ullamco laboris nisi ut aliquip ex ea commodo consequat. Duis aute irure dolor in reprehenderit in voluptate velit esse cillum dolore eu fugiat nulla pariatur. Excepteur sint oc', TIMESTAMP '2019-11-12 23:17:43.1', 1, 'Proposal 16 that reached its quorum', 24, 3, NULL);
INSERT INTO "PUBLIC"."LAWS" VALUES
(161, TIMESTAMP '2019-11-04 23:17:43.131', TIMESTAMP '2019-11-05 23:17:43.131', 'yy8HEP0N Lorem ipsum dolor sit amet, consectetur adipiscing elit, sed do eiusmod tempor incididunt ut labore et dolore magna aliqua. Ut enim ad minim veniam, quis nostrud exercitation ullamco laboris nisi ut aliquip ex ea commodo consequat. Duis aute i', TIMESTAMP '2019-11-09 23:17:43.131', 1, 'Proposal 17 that reached its quorum', 27, 10, NULL),
(162, TIMESTAMP '2019-11-10 23:17:43.163', TIMESTAMP '2019-11-11 23:17:43.163', 'd4nsMf7w Lorem ipsum dolor sit amet, consectetur adipiscing elit, sed do eiusmod tempor incididunt ut labore et dolore magna aliqua. Ut enim ad minim veniam, quis nostrud exercitation ullamco laboris nisi ut aliquip ex ea commodo consequat. Duis aute irure dolor in repr', TIMESTAMP '2019-11-11 23:17:43.147', 1, 'Proposal 18 that reached its quorum', 27, 14, NULL),
(163, TIMESTAMP '2019-11-06 23:17:43.178', TIMESTAMP '2019-11-07 23:17:43.178', 'YSXp40N9 Lorem ipsum dolor sit amet, consectetur adipiscing elit, sed do eiusmod tempor incididunt ut labore et dolore magna aliqua. Ut enim ad minim veniam, quis nostrud exercitation ullamco laboris nisi ut aliquip ex ea commodo consequat. Duis aute irure dolor in reprehenderit in voluptate velit esse cillum dolore eu fugiat nulla pariatur. Excepteur sint occaecat cupidatat non proident', TIMESTAMP '2019-11-12 23:17:43.178', 1, 'Proposal 19 that reached its quorum', 31, 14, NULL),
(164, TIMESTAMP '2019-11-11 23:17:43.209', TIMESTAMP '2019-11-12 23:17:43.209', 'LQTYXzqu Lorem ipsum dolor sit amet, consectetur adipiscing elit, sed do eiusmod tempor incididunt ut labore et dolore magna aliqua. Ut enim ad minim veniam, quis nostrud exercitation ullamco laboris nisi ut aliquip ex ea commodo', TIMESTAMP '2019-11-12 23:17:43.209', 1, 'Proposal 20 that reached its quorum', 24, 8, NULL),
(165, TIMESTAMP '2019-11-11 23:17:43.225', TIMESTAMP '2019-11-12 23:17:43.225', '7nGZgOSe Lorem ipsum dolor sit amet, consectetur adipiscing elit, sed do eiusmod tempor i', TIMESTAMP '2019-11-12 23:17:43.225', 1, 'Proposal 21 that reached its quorum', 22, 17, NULL),
(166, TIMESTAMP '2019-11-09 23:17:43.241', TIMESTAMP '2019-11-10 23:17:43.241', 'm49Q3BxB Lorem ipsum dolor sit amet, consectetur adipiscing elit, sed do eiusmod tempor incididunt ut labore et dolore magna aliqua. Ut enim ad minim veniam, quis nostrud exercitation ullamco laboris nisi ut aliquip ex', TIMESTAMP '2019-11-10 23:17:43.241', 1, 'Proposal 22 that reached its quorum', 30, 16, NULL),
(167, TIMESTAMP '2019-11-08 23:17:43.256', TIMESTAMP '2019-11-09 23:17:43.256', 'nXFw7W75 Lorem ipsum dolor sit amet, consectetur adipiscing elit, sed do eiusmod tempor incididunt ut labore et dolore magna aliqua. Ut enim ad minim veniam, quis nostrud exercitation ullamco laboris nisi ut aliquip ex ea commodo consequat. Duis aute irure dolor in reprehenderit in voluptate velit esse cillum dolore eu fugiat nulla', TIMESTAMP '2019-11-09 23:17:43.256', 1, 'Proposal 23 that reached its quorum', 22, 14, NULL),
(168, TIMESTAMP '2019-11-07 23:17:43.272', TIMESTAMP '2019-11-08 23:17:43.272', '63MbSSoR Lorem ipsum dolor sit amet, consectetur adipiscing elit, sed do eiusmod tempor incididunt ut labore et dolore magna aliqua. Ut enim ad minim veniam, qui', TIMESTAMP '2019-11-09 23:17:43.272', 1, 'Proposal 24 that reached its quorum', 30, 17, NULL),
(169, TIMESTAMP '2019-11-12 23:17:43.288', TIMESTAMP '2019-11-12 23:17:43.288', 'noMT0nmB Lorem ipsum dolor sit amet, consectetur adipiscing elit, sed do eiusmod tempor incididunt ut labore et dolore magna aliqua. Ut enim ad minim veniam, quis nostrud exercitati', TIMESTAMP '2019-11-12 23:17:43.288', 1, 'Proposal 25 that reached its quorum', 26, 7, NULL),
(170, TIMESTAMP '2019-11-12 23:17:43.303', TIMESTAMP '2019-11-12 23:17:43.303', 'mgG5qpHl Lorem ipsum dolor sit amet, consectetur adipiscing elit, sed do eiusmod tempor incididunt ut labore et dolore magna aliqua. Ut enim', TIMESTAMP '2019-11-12 23:17:43.303', 1, 'Proposal 26 that reached its quorum', 27, 5, NULL),
(171, TIMESTAMP '2019-11-04 23:17:43.319', TIMESTAMP '2019-11-05 23:17:43.319', '4qCtV6vm Lorem ipsum dolor sit amet, consectetur adipiscing elit, ', TIMESTAMP '2019-11-08 23:17:43.319', 1, 'Proposal 27 that reached its quorum', 31, 2, NULL);
INSERT INTO "PUBLIC"."LAWS" VALUES
(172, TIMESTAMP '2019-11-10 23:17:43.334', TIMESTAMP '2019-11-11 23:17:43.334', 'NXeHVwEo Lorem ipsum dolor sit amet, consectetur adipiscing elit, sed do eiusmod tempor incididunt ut labore et dolore magna aliqua. Ut enim ad minim', TIMESTAMP '2019-11-12 23:17:43.334', 1, 'Proposal 28 that reached its quorum', 24, 10, NULL),
(173, TIMESTAMP '2019-11-08 23:17:43.35', TIMESTAMP '2019-11-09 23:17:43.35', '27kfED5e Lorem ipsum dolor sit amet, consectetur adipiscing elit, sed do eiusmod tempor incididunt ut labore et dolore magna aliqua. Ut enim ad minim veniam, quis nostrud exercitation ullamco laboris nisi ut aliquip ex ea commodo consequat. Duis aute irure dolor in reprehenderit in voluptate velit esse cillum dolore eu fugiat nul', TIMESTAMP '2019-11-11 23:17:43.35', 1, 'Proposal 29 that reached its quorum', 24, 15, NULL),
(174, TIMESTAMP '2019-11-10 23:17:43.381', TIMESTAMP '2019-11-11 23:17:43.381', 'xYPzLrww Lorem ipsum dolor sit amet, consectetur adipiscing elit, sed do eiusmod tempor incididunt ut labore et dolore magna aliqua. Ut enim ad minim veniam, quis nostrud exercitation ullamco laboris nisi ut aliquip ex ea commodo consequat. Duis aute irure dolor in repr', TIMESTAMP '2019-11-11 23:17:43.381', 1, 'Proposal 30 that reached its quorum', 30, 19, NULL),
(175, TIMESTAMP '2019-11-03 23:17:43.413', TIMESTAMP '2019-11-04 23:17:43.413', '0mo6KMDC Lorem ipsum dolor sit amet, consectetur adipiscing elit, sed do eiusmod tempor incididunt ut labore et dolore magna aliqua. Ut enim ad minim veniam, q', TIMESTAMP '2019-11-04 23:17:43.413', 1, 'Proposal 31 that reached its quorum', 25, 10, NULL),
(176, TIMESTAMP '2019-11-07 23:17:43.428', TIMESTAMP '2019-11-08 23:17:43.428', '850pbc22 Lorem ', TIMESTAMP '2019-11-09 23:17:43.428', 1, 'Proposal 32 that reached its quorum', 30, 5, NULL),
(177, TIMESTAMP '2019-11-03 23:17:43.444', TIMESTAMP '2019-11-04 23:17:43.444', 'cGuekAlD Lorem ipsum dolor sit amet, consectetur adipiscing elit, sed do eiusmod tempor incididunt ut labore et dolore magna aliqua. Ut enim ad minim veniam, quis nostrud exercitation ullamco laboris nisi ut aliquip ex ea commodo consequat. Duis aute irure dolor in reprehenderit in voluptate velit esse cillum dolore ', TIMESTAMP '2019-11-10 23:17:43.444', 1, 'Proposal 33 that reached its quorum', 30, 18, NULL),
(178, TIMESTAMP '2019-11-10 23:17:43.459', TIMESTAMP '2019-11-11 23:17:43.459', 'UWAY7rV5 Lorem ipsum dolor sit amet, consectetur adipiscing elit, sed do eiusmod tempor incididunt ut labore et dolore magna aliqua. Ut enim ad minim veniam, quis nostrud exercitation ullamco laboris nisi ut aliquip ex ea commodo consequat. Duis aute irure dolor in reprehenderit in voluptate velit esse cillum dolore eu fugiat nulla pariatur. Excepteur sint occaecat cupidatat non proident, sunt in culpa ', TIMESTAMP '2019-11-12 23:17:43.459', 1, 'Proposal 34 that reached its quorum', 24, 17, NULL),
(179, TIMESTAMP '2019-11-06 23:17:43.475', TIMESTAMP '2019-11-07 23:17:43.475', 'bm4GTsEC Lorem ipsum dolor sit amet, consectetur adipiscing e', TIMESTAMP '2019-11-12 23:17:43.475', 1, 'Proposal 35 that reached its quorum', 24, 10, NULL),
(180, TIMESTAMP '2019-11-11 23:17:43.491', TIMESTAMP '2019-11-12 23:17:43.491', 'RRGUmw5u Lorem ipsum dolor sit amet, consectetur adipiscing elit, sed do eiusmod tempor incididunt ut labo', TIMESTAMP '2019-11-12 23:17:43.491', 1, 'Proposal 36 that reached its quorum', 23, 3, NULL),
(181, TIMESTAMP '2019-11-08 23:17:43.491', TIMESTAMP '2019-11-09 23:17:43.491', 'FrVUMlWa Lorem ipsum dolor sit amet, conse', TIMESTAMP '2019-11-09 23:17:43.491', 1, 'Proposal 37 that reached its quorum', 23, 17, NULL),
(182, TIMESTAMP '2019-11-12 23:17:43.506', TIMESTAMP '2019-11-12 23:17:43.506', 'bq8ekqha Lorem ipsum dolor sit amet, consectetur adipiscing elit, sed do eiusmod tempor incididunt ut labore et dolore magna aliqua. Ut enim ad minim veniam, quis n', TIMESTAMP '2019-11-12 23:17:43.506', 1, 'Proposal 38 that reached its quorum', 30, 18, NULL),
(183, TIMESTAMP '2019-11-08 23:17:43.522', TIMESTAMP '2019-11-09 23:17:43.522', 'OMs8VcGR Lorem ipsum dolor sit amet, consectetur adipiscing elit, sed do eiusmod tempor incididunt ut labore et dolore magna aliqua. Ut enim ad minim veniam, quis nostrud exercitation ullamco laboris nisi ut aliquip ex ea commod', TIMESTAMP '2019-11-10 23:17:43.522', 1, 'Proposal 39 that reached its quorum', 29, 8, NULL);
INSERT INTO "PUBLIC"."LAWS" VALUES
(184, TIMESTAMP '2019-11-08 23:17:43.538', TIMESTAMP '2019-11-09 23:17:43.538', '80M7dWbz Lorem ipsum dolor sit amet, consectetur adipiscing elit, sed do eiusmod tempor incididunt ut labore et dolore magna aliqua. Ut enim ad minim veniam, quis nostrud e', TIMESTAMP '2019-11-09 23:17:43.538', 1, 'Proposal 40 that reached its quorum', 22, 15, NULL),
(185, TIMESTAMP '2019-11-06 23:17:43.569', TIMESTAMP '2019-11-07 23:17:43.569', '4YmSx8Qg Lorem ipsum dolor sit amet, consectetur adipiscing elit, sed do eiusmod tempor incididunt ut labore et dolore magna aliqua. Ut enim ad minim veniam, quis nostrud e', TIMESTAMP '2019-11-11 23:17:43.553', 1, 'Proposal 41 that reached its quorum', 29, 1, NULL),
(186, TIMESTAMP '2019-11-06 23:17:43.584', TIMESTAMP '2019-11-07 23:17:43.584', 'cxe55R0x Lorem ipsum dolor sit amet, consectetur adipiscing elit, sed do eiusmod tempor incididunt ut labore et dolore magna aliqua. Ut enim ad minim veniam, quis nostrud exercitation ullamco laboris nisi ut aliquip ex ea commodo consequat. Duis aute irure dolor in reprehenderit in voluptate velit', TIMESTAMP '2019-11-08 23:17:43.584', 1, 'Proposal 42 that reached its quorum', 24, 4, NULL),
(187, TIMESTAMP '2019-11-08 23:17:43.584', TIMESTAMP '2019-11-09 23:17:43.584', '8FmbkSzn Lorem ipsum dolor sit amet, consectetur adipiscing elit, sed do eiusmod tempor incididunt ut labore et dolore magna aliqua. Ut enim ad minim veniam, quis nostrud exercitation ullamco laboris nisi ut aliquip ex ea commodo consequat. Duis aute irure dolor in reprehenderit in voluptate velit esse cillum dolore eu fugiat nulla pariatur. Excepteur sint occaecat cupidatat non proident, sunt', TIMESTAMP '2019-11-12 23:17:43.584', 1, 'Proposal 43 that reached its quorum', 24, 6, NULL),
(188, TIMESTAMP '2019-11-12 23:17:43.616', TIMESTAMP '2019-11-12 23:17:43.616', 'N3Mlgnla Lorem ipsum dolor sit amet, consectetur adipiscing elit, sed do eiusmod tempor incididunt ut labore et dolore magna aliqua. Ut enim ', TIMESTAMP '2019-11-12 23:17:43.616', 1, 'Proposal 44 that reached its quorum', 24, 18, NULL),
(189, TIMESTAMP '2019-11-08 23:17:43.631', TIMESTAMP '2019-11-09 23:17:43.631', '60CMeH4Y Lorem ipsum dolor sit amet, consectetur adipiscing elit, sed do eiusmod tempor incididunt ut labore et dolore magna aliqua. Ut enim ad minim veniam, quis nostrud exercitation ullamco laboris nisi ut aliquip ex ea commodo consequat. Duis aute', TIMESTAMP '2019-11-09 23:17:43.631', 1, 'Proposal 45 that reached its quorum', 24, 1, NULL),
(190, TIMESTAMP '2019-11-03 23:17:43.647', TIMESTAMP '2019-11-04 23:17:43.647', 'P2242BgO Lorem ipsum dolor sit amet, consectetur adipiscing elit, sed do eiusmod tempor incididunt ut labore et dolore magna aliqua. Ut enim ad minim veniam, quis nostrud exercitation ullamco laboris nisi ut aliquip ex ea commodo consequat. Duis aute irure dolor in reprehenderit', TIMESTAMP '2019-11-06 23:17:43.647', 1, 'Proposal 46 that reached its quorum', 23, 8, NULL),
(191, TIMESTAMP '2019-11-09 23:17:43.662', TIMESTAMP '2019-11-10 23:17:43.662', 'WQHZ0V0g Lorem ipsum dolor sit amet, consectetur adipiscing elit, sed do eiusmod tempor incididunt ut labore et dolore magna aliqua. Ut enim ad minim veniam, quis nostrud exercitation ullamco lab', TIMESTAMP '2019-11-11 23:17:43.662', 1, 'Proposal 47 that reached its quorum', 30, 10, NULL),
(192, TIMESTAMP '2019-11-10 23:17:43.678', TIMESTAMP '2019-11-11 23:17:43.678', 'rNw5oWfR Lorem ipsum dolor sit amet, consectetur adipiscing elit, sed do eiusmod tempor incididunt ut labore et dolore magna aliqua. Ut enim ad minim veniam, quis nostrud exercitation ullamco laboris nisi ut aliquip ex ea commodo consequat. Duis aute irure dolor in reprehenderit in voluptate velit esse cillum dolore eu fugiat nulla pariatur. Excepteur sint occaecat cupidatat non proident, sunt in culp', TIMESTAMP '2019-11-12 23:17:43.678', 1, 'Proposal 48 that reached its quorum', 26, 15, NULL),
(193, TIMESTAMP '2019-11-10 23:17:43.694', TIMESTAMP '2019-11-11 23:17:43.694', 'xer6hLh7 Lorem ipsum dolor sit amet, consectetur adipiscing elit, sed do eiusmod tempor incididunt ut labore et dolore magna aliqua. Ut enim ad minim veniam, quis nostrud exercitation ullamco laboris nisi ut aliquip ex ea commodo consequat. Duis aute irure dolor in reprehenderit in voluptate velit esse cillum dolore eu fugiat nulla p', TIMESTAMP '2019-11-12 23:17:43.694', 1, 'Proposal 49 that reached its quorum', 26, 3, NULL);
INSERT INTO "PUBLIC"."LAWS" VALUES
(194, TIMESTAMP '2019-11-03 23:17:43.709', TIMESTAMP '2019-11-04 23:17:43.709', 'Lorem ipsum dolor sit amet, consectetur adipiscing elit, sed do eiusmod tempor incididunt ut labore et dolore magna aliqua. Ut enim ad minim veniam, quis nostrud exercitation ullamco laboris nisi ut aliquip ex ea commodo consequat. Duis aute irure dolor in reprehenderit in voluptate velit esse cillum dolore eu fugiat nulla pariatur. Excepteur sint occaecat cupidatat non pro', TIMESTAMP '2019-11-07 23:17:43.709', 1, 'Proposal 0 for user testuser1@liquido.de', 29, 1, NULL),
(198, TIMESTAMP '2019-11-12 23:17:43.741', TIMESTAMP '2019-11-12 23:17:43.741', 'Lorem ipsum dolor sit amet, consectetur adipiscing elit, sed do eiusmod tempor incididunt ut labore et dolore magna aliqua. Ut enim ad minim venia', TIMESTAMP '2019-11-12 23:17:43.741', 1, 'Proposal 1 for user testuser1@liquido.de', 28, 1, NULL),
(206, TIMESTAMP '2019-11-08 23:17:43.787', TIMESTAMP '2019-11-09 23:17:43.787', 'Lorem ipsum dolor sit amet, consectetur adipiscing elit, sed do eiusmod tempor incididunt ut labore et dolore magna aliqua. Ut enim ad min', TIMESTAMP '2019-11-11 23:17:43.787', 1, 'Proposal 2 for user testuser1@liquido.de', 27, 1, NULL),
(211, TIMESTAMP '2019-11-05 23:17:43.819', TIMESTAMP '2019-11-06 23:17:43.819', 'Lorem ipsum dolor sit amet, consectetur adipiscing elit, sed do eiusmod tempor incididunt ut labore et dolore magna aliqua. Ut enim ad minim veniam, quis nostrud exercitation ullamco laboris nisi ut aliquip ex ea commodo consequat. Duis aute irure dolor in', TIMESTAMP '2019-11-11 23:17:43.803', 1, 'Proposal 3 for user testuser1@liquido.de', 24, 1, NULL),
(220, TIMESTAMP '2019-11-06 23:17:43.85', TIMESTAMP '2019-11-07 23:17:43.85', 'Lorem ipsum dolor sit amet, consectetur adipiscing elit, sed do eiusmod tempor incididunt ut labore et dolore magna aliqua. Ut enim ad minim veniam, quis nostrud exercitation ullamco laboris nisi ut aliquip ex ea commodo consequat. Duis aute irure dolor in reprehenderit in voluptate velit esse cillum dolore eu fugiat nulla pariatur. Excepteur sint occaecat cupidatat non proident, sunt ', TIMESTAMP '2019-11-08 23:17:43.85', 1, 'Proposal 4 for user testuser1@liquido.de', 23, 1, NULL),
(233, TIMESTAMP '2019-11-02 23:17:49.638', TIMESTAMP '2019-11-12 23:17:49.669', 'Lorem ipsum dolor sit amet, consectetur adipiscing elit, sed do eiusmod tempor incididunt ut labore et dolore magna aliqua. Ut enim ad minim veniam, quis nostrud exercitation ullamco laboris nisi ut aliquip ex ea commodo consequat. Duis aute irure dolor in reprehenderit in voluptate velit esse cillum dolore eu fugiat', TIMESTAMP '2019-11-05 23:17:49.638', 2, 'Initial Proposal in a poll that is in elaboration 1573597069623', 22, 13, 240),
(241, TIMESTAMP '2019-10-24 00:17:49.685', TIMESTAMP '2019-11-12 23:17:49.701', 'Lorem ipsum dolor sit amet, consectetur adipiscing elit, sed do eiusmod tempor incididunt ut labore et dolore magna aliqua. Ut enim ad minim veniam, quis nostrud exercitation ullamco laboris nisi ut aliquip e', TIMESTAMP '2019-10-26 00:17:49.685', 2, 'Alternative Proposal1 in a poll that is in elaboration1573597069669', 22, 15, 240),
(247, TIMESTAMP '2019-10-24 00:17:49.716', TIMESTAMP '2019-11-12 23:17:49.732', 'Lorem ipsum dolor sit amet, consectetur adipiscing elit, sed do eiusmod tempor incididunt ut labore et dolore magna aliqua. Ut enim ad minim veniam, quis nostrud exercitation ullamco laboris nisi ut aliquip ex ea commodo consequat. Duis aute irure dolor in reprehenderit in voluptate velit esse cillum dolore eu fugiat nulla pariatur. Excepteur sint occaecat cupidatat non proident, sunt in', TIMESTAMP '2019-10-26 00:17:49.716', 2, 'Alternative Proposal2 in a poll that is in elaboration1573597069701', 22, 7, 240),
(253, TIMESTAMP '2019-10-24 00:17:49.748', TIMESTAMP '2019-11-12 23:17:49.779', 'Lorem ipsum dolor sit amet, consectetur adipiscing elit, sed do eiusmod tempor incididunt ut labore et dolore magna aliqua. Ut enim ad minim veniam, quis nostrud exercitation ullamco laboris nisi ut ', TIMESTAMP '2019-10-26 00:17:49.748', 2, 'Alternative Proposal3 in a poll that is in elaboration1573597069732', 22, 3, 240);
INSERT INTO "PUBLIC"."LAWS" VALUES
(258, TIMESTAMP '2019-10-24 00:17:49.794', TIMESTAMP '2019-11-12 23:17:49.826', 'Lorem ipsum dolor sit amet, consectetur adipiscing elit, sed do eiusmod tempor incididunt ut labore et dolore magna aliqua. Ut enim ad minim veniam, quis nostrud exercitation ullamco laboris nisi ut aliquip ex ea commodo consequat. Duis aute irure dolor in reprehenderit in voluptate velit esse cillum dolore eu fugiat nulla pariatur. Excepteur sint occaecat cupidatat non proident, ', TIMESTAMP '2019-10-26 00:17:49.794', 2, 'Alternative Proposal4 in a poll that is in elaboration1573597069779', 22, 5, 240),
(263, TIMESTAMP '2019-11-02 23:17:49.873', TIMESTAMP '2019-11-12 23:17:50.201', 'Lorem ipsum dolor sit amet, consectetur adipiscing elit, sed do eiusmod tempor incididunt ut labore et dolore magna aliqua. Ut enim ad minim veniam, quis nostrud exercitation ullamco laboris nisi ut aliquip ex ea commodo consequat. Duis aute ', TIMESTAMP '2019-11-05 23:17:49.857', 3, 'Proposal 2 in voting phase 1573597070169', 22, 13, 269),
(270, TIMESTAMP '2019-10-24 00:17:49.919', TIMESTAMP '2019-11-12 23:17:50.201', 'Lorem ipsum dolor sit amet, consectetur adipiscing elit, sed do eiusmod tempor incididunt ut labore et dolore magna aliqua. Ut enim ad minim veni', TIMESTAMP '2019-10-26 00:17:49.919', 3, 'Proposal 5 in voting phase 1573597070169', 22, 15, 269),
(275, TIMESTAMP '2019-10-24 00:17:49.998', TIMESTAMP '2019-11-12 23:17:50.201', 'Lorem ipsum dolor sit amet, consectetur adipiscing elit, sed do eiusmod tempor incididunt ut labore et dolore magna aliqua. Ut enim ad minim veniam, quis nostrud exercitation ullamco laboris nisi ut aliquip ex ea commodo consequat. Duis aute irure dolor in reprehenderit in voluptate velit esse cillum dolore eu fugia', TIMESTAMP '2019-10-26 00:17:49.998', 3, 'Proposal 3 in voting phase 1573597070169', 22, 7, 269),
(282, TIMESTAMP '2019-10-24 00:17:50.044', TIMESTAMP '2019-11-12 23:17:50.201', 'Lorem ipsum dolor sit amet, consectetur adipiscing elit, sed do eiusmod tempor incididunt ut labore et dolore magna aliqua. Ut enim ad minim veniam, quis nostrud exercitation ullamco laboris nisi ut aliquip ex ea commodo consequat. Duis aute irure dolor in reprehenderit in volupt', TIMESTAMP '2019-10-26 00:17:50.044', 3, 'Proposal 1 in voting phase 1573597070169', 22, 3, 269),
(289, TIMESTAMP '2019-10-24 00:17:50.107', TIMESTAMP '2019-11-12 23:17:50.201', 'Lorem ipsum dolor sit amet, consectetur adipiscing elit, sed do eiusmod tempor incididunt ut labore et dolore magna aliqua. Ut enim ad minim veniam, quis nostrud exercitation ullamco ', TIMESTAMP '2019-10-26 00:17:50.107', 3, 'Proposal 4 in voting phase 1573597070169', 22, 5, 269),
(293, TIMESTAMP '2019-11-02 23:17:50.232', TIMESTAMP '2019-11-12 23:17:50.495', 'Lorem ipsum dolor sit amet, consectetur adipiscing elit, sed do eiusmod tempor incididunt ut labore et dolore magna aliqua. Ut enim ad minim veniam, quis nostrud exercitation ullamco laboris nis', TIMESTAMP '2019-11-05 23:17:50.216', 3, 'Proposal 4 in voting phase 1573597070432', 22, 13, 299),
(300, TIMESTAMP '2019-10-24 00:17:50.247', TIMESTAMP '2019-11-12 23:17:50.495', 'Lorem ipsum dolor sit amet, consectetur adipiscing elit, sed do eiusmod tempor incididunt ut labore et dolore magna aliqua. Ut enim ad minim veniam, quis nostrud exercitation ullamco laboris nisi ut aliquip ex ea commodo consequat. Duis aute irure dolor in repr', TIMESTAMP '2019-10-26 00:17:50.247', 3, 'Proposal 3 in voting phase 1573597070432', 22, 15, 299),
(308, TIMESTAMP '2019-10-24 00:17:50.279', TIMESTAMP '2019-11-12 23:17:50.495', 'Lorem ipsum dolor sit amet, consectetur adipiscing elit, sed do eiusmod tempor incididunt ut labore et dolore magna aliqua. Ut enim ad minim veniam, quis nostrud exercitation ullamco laboris nisi ut aliquip ex ea commodo consequat. Duis aute irure dolor in reprehenderit in voluptate velit esse cillum dolore eu fugiat nulla pariatur. Excepteur sint occaecat cupidatat non ', TIMESTAMP '2019-10-26 00:17:50.279', 3, 'Proposal 2 in voting phase 1573597070432', 22, 7, 299),
(313, TIMESTAMP '2019-10-24 00:17:50.37', TIMESTAMP '2019-11-12 23:17:50.495', 'Lorem ipsum dolor sit amet, consectetur adipiscing elit, sed do eiusmod tempor incididunt ut labore et dolore magna aliqua. Ut enim ad minim veniam, quis nostrud exercitation ullamco laboris nisi ut aliquip ex ea commodo consequat. Duis aute irure dolo', TIMESTAMP '2019-10-26 00:17:50.37', 3, 'Proposal 1 in voting phase 1573597070432', 22, 3, 299);
INSERT INTO "PUBLIC"."LAWS" VALUES
(321, TIMESTAMP '2019-10-24 00:17:50.417', TIMESTAMP '2019-11-12 23:17:50.495', 'Lorem ipsum dolor sit amet, consectetur adipiscing elit, sed do eiusmod tempor incididunt ut labore et dolore magna aliqua. Ut enim ad minim veniam, quis nostrud exercitation ullamco laboris nisi ut aliquip ex ea commodo consequat. Duis aute irure dolor in reprehenderit in voluptate velit esse c', TIMESTAMP '2019-10-26 00:17:50.417', 3, 'Proposal 5 in voting phase 1573597070432', 22, 5, 299),
(343, TIMESTAMP '2019-11-02 23:17:56.339', TIMESTAMP '2019-11-12 23:18:00.151', 'Lorem ipsum dolor sit amet, consectetur adipiscing elit, sed do eiusmod tempor incididunt ut labore et dolore magna aliqua. Ut enim ad minim veniam, quis nostrud exercitation ullamco laboris nisi ut aliquip ex ea commodo consequat. Dui', TIMESTAMP '2019-11-05 23:17:56.339', 5, 'Proposal 5 in voting phase 1573597076464', 22, 13, 349),
(350, TIMESTAMP '2019-10-24 00:17:56.371', TIMESTAMP '2019-11-12 23:18:00.151', 'Lorem ipsum dolor sit amet, consectetur adipiscing elit, sed do eiusmod tempor incididunt ut labore et dolore magna aliqua. Ut enim ad minim veniam, quis nostrud exercitation ullamco laboris nisi ut aliquip', TIMESTAMP '2019-10-26 00:17:56.371', 5, 'Proposal 4 in voting phase 1573597076464', 22, 15, 349),
(354, TIMESTAMP '2019-10-24 00:17:56.402', TIMESTAMP '2019-11-12 23:18:00.167', 'Lorem ipsum dolor sit amet, consectetur adipiscing elit, sed do eiusmod tempor incididunt ut labore et dolore magna aliqua. Ut enim ad minim veniam, quis nostrud exercitation ullamco laboris nisi ut aliquip ex ea commodo consequat. Duis aut', TIMESTAMP '2019-10-26 00:17:56.386', 4, 'This winning Proposal is now a Law', 22, 7, 349),
(359, TIMESTAMP '2019-10-24 00:17:56.418', TIMESTAMP '2019-11-12 23:18:00.151', 'Lorem ipsum dolor sit amet, consectetur adipiscing elit, sed do eiusmod tempor incididunt ut labore et dolore magna aliqua. Ut enim ad minim veniam, quis nostrud exercitation ullamco laboris ni', TIMESTAMP '2019-10-26 00:17:56.418', 5, 'Proposal 2 in voting phase 1573597076464', 22, 3, 349),
(363, TIMESTAMP '2019-10-24 00:17:56.449', TIMESTAMP '2019-11-12 23:18:00.151', 'Lorem ipsum dolor sit amet, consectetur adipiscing elit, sed do eiusmod tempor incididunt ut labore et dolore magna aliqua. Ut enim ad minim veniam, quis nostrud exercitation ullamco laboris nisi ut aliquip ex ea commodo consequat. Duis', TIMESTAMP '2019-10-26 00:17:56.449', 5, 'Proposal 3 in voting phase 1573597076464', 22, 5, 349),
(386, TIMESTAMP '2019-10-23 23:18:00.198', TIMESTAMP '2019-11-12 23:18:00.198', 'Lorem ipsum dolor sit amet, consectetur adipiscing elit, sed do eiusmod tempor incididunt ut labore et dolore magna aliq', TIMESTAMP '2019-10-20 00:18:00.198', 4, 'Law 0', 22, 1, NULL),
(387, TIMESTAMP '2019-10-22 23:18:00.213', TIMESTAMP '2019-11-12 23:18:00.213', 'Lorem ipsum dolor sit amet, consectetur adipiscing elit, sed do eiusmod tempor incididunt ut labore et dolore magna aliqua. Ut enim ad minim veniam, quis nostrud exercitation ullamco laboris nisi ut aliquip ', TIMESTAMP '2019-10-20 00:18:00.213', 4, 'Law 1', 22, 1, NULL);
CREATE MEMORY TABLE "PUBLIC"."LAWS_COMMENTS"(
"LAW_MODEL_ID" BIGINT NOT NULL,
"COMMENTS_ID" BIGINT NOT NULL
);
ALTER TABLE "PUBLIC"."LAWS_COMMENTS" ADD CONSTRAINT "PUBLIC"."CONSTRAINT_A0" PRIMARY KEY("LAW_MODEL_ID", "COMMENTS_ID");
-- 25 +/- SELECT COUNT(*) FROM PUBLIC.LAWS_COMMENTS;
INSERT INTO "PUBLIC"."LAWS_COMMENTS" VALUES
(194, 195),
(198, 199),
(206, 207),
(211, 212),
(220, 221),
(233, 234),
(241, 242),
(247, 248),
(253, 254),
(258, 259),
(263, 264),
(270, 271),
(275, 276),
(282, 283),
(289, 290),
(293, 294),
(300, 301),
(308, 309),
(313, 314),
(321, 322),
(343, 344),
(350, 351),
(354, 355),
(359, 360),
(363, 364);
CREATE MEMORY TABLE "PUBLIC"."LAWS_SUPPORTERS"(
"LAW_MODEL_ID" BIGINT NOT NULL,
"SUPPORTERS_ID" BIGINT NOT NULL
);
ALTER TABLE "PUBLIC"."LAWS_SUPPORTERS" ADD CONSTRAINT "PUBLIC"."CONSTRAINT_C" PRIMARY KEY("LAW_MODEL_ID", "SUPPORTERS_ID");
-- 1252 +/- SELECT COUNT(*) FROM PUBLIC.LAWS_SUPPORTERS;
INSERT INTO "PUBLIC"."LAWS_SUPPORTERS" VALUES
(32, 15),
(32, 10),
(32, 20),
(34, 11),
(34, 17),
(34, 5),
(35, 18),
(35, 19),
(35, 9),
(35, 3),
(36, 12),
(36, 6),
(36, 9),
(36, 18),
(37, 18),
(37, 20),
(38, 11),
(38, 1),
(38, 12),
(38, 18),
(38, 3),
(38, 20),
(38, 14),
(39, 7),
(39, 1),
(39, 3),
(39, 14),
(39, 18),
(39, 6),
(40, 19),
(40, 3),
(40, 1),
(40, 10),
(40, 17),
(40, 15),
(40, 18),
(40, 9),
(42, 4),
(42, 10),
(42, 20),
(42, 1),
(42, 16),
(42, 17),
(42, 14),
(42, 13),
(43, 11),
(43, 20),
(43, 9),
(43, 10),
(43, 1),
(43, 16),
(43, 12),
(43, 14),
(44, 8),
(44, 7),
(44, 2),
(44, 12),
(44, 4),
(44, 1),
(44, 16),
(45, 2),
(45, 5),
(45, 18),
(45, 15),
(45, 6),
(46, 20),
(46, 2),
(46, 6),
(46, 1),
(46, 8),
(47, 5),
(47, 7),
(47, 2),
(47, 17),
(47, 8),
(47, 9),
(48, 1),
(48, 10),
(49, 6),
(49, 8),
(49, 15),
(49, 20),
(49, 2),
(49, 9),
(49, 19),
(49, 18),
(50, 1),
(50, 12),
(50, 19),
(50, 7),
(50, 3),
(50, 10),
(51, 20),
(51, 19),
(51, 13),
(51, 9),
(51, 17),
(51, 2),
(51, 8),
(51, 10),
(52, 10),
(52, 20),
(53, 20),
(53, 13),
(54, 19),
(54, 2),
(54, 12),
(54, 9),
(54, 4),
(55, 12),
(55, 11),
(55, 19),
(55, 2),
(55, 16),
(55, 15),
(56, 2),
(56, 18),
(56, 4),
(56, 15),
(56, 14),
(57, 6),
(57, 10),
(57, 5),
(57, 18),
(58, 6),
(59, 4),
(59, 2),
(59, 14),
(60, 3),
(60, 7),
(60, 1),
(60, 11),
(60, 8),
(60, 9),
(61, 20),
(61, 10),
(61, 5),
(61, 14),
(61, 15),
(61, 4),
(61, 17),
(65, 20),
(65, 8),
(65, 13),
(66, 8),
(66, 17),
(66, 16),
(66, 13),
(66, 3),
(66, 18),
(67, 18),
(67, 4),
(67, 20),
(67, 14),
(67, 19),
(67, 12),
(68, 20),
(69, 15),
(69, 4),
(69, 10),
(69, 11),
(69, 20),
(69, 6),
(69, 2),
(69, 17),
(70, 15),
(70, 5),
(70, 2),
(70, 3),
(70, 13),
(70, 20),
(70, 18),
(70, 7),
(71, 20),
(71, 16),
(71, 5),
(71, 19),
(72, 18),
(72, 16),
(72, 1),
(73, 9),
(73, 7),
(74, 6),
(74, 12),
(74, 13),
(74, 17),
(75, 5),
(75, 11),
(75, 4),
(75, 9),
(76, 6),
(76, 10),
(76, 3),
(77, 11),
(77, 1),
(78, 6),
(78, 13),
(78, 18),
(78, 1),
(79, 17),
(79, 19),
(79, 20),
(79, 6),
(79, 7),
(79, 8),
(80, 1),
(80, 10),
(80, 7),
(80, 6),
(80, 18),
(80, 14),
(80, 5),
(80, 3),
(81, 11),
(82, 10),
(82, 18),
(82, 1),
(82, 19),
(82, 8),
(82, 20),
(82, 2),
(82, 5),
(83, 10),
(83, 20),
(83, 18),
(83, 5),
(83, 4),
(83, 9),
(83, 15),
(83, 6),
(84, 17),
(84, 4),
(84, 10),
(84, 7),
(85, 10),
(85, 8),
(85, 5),
(86, 7),
(86, 13),
(86, 4),
(86, 16),
(86, 17),
(86, 6),
(86, 3),
(86, 5),
(87, 2),
(87, 10),
(87, 11),
(87, 1),
(87, 12),
(87, 16),
(88, 14),
(88, 12),
(88, 8),
(88, 13),
(88, 7),
(88, 18),
(88, 10),
(88, 20),
(89, 12),
(90, 14),
(90, 19),
(91, 15),
(91, 13),
(91, 3),
(91, 10),
(91, 18),
(91, 14),
(91, 11),
(93, 20),
(93, 19),
(93, 6),
(93, 3),
(93, 14),
(94, 17),
(94, 1),
(94, 5),
(94, 7),
(94, 18),
(94, 19),
(94, 14),
(94, 20),
(95, 2),
(95, 14),
(95, 12),
(95, 1),
(95, 9),
(95, 8),
(95, 19),
(95, 15),
(96, 12),
(96, 15),
(96, 16),
(96, 13),
(96, 2),
(96, 14),
(96, 20),
(97, 10),
(97, 8),
(97, 5),
(97, 17),
(97, 18),
(97, 6),
(98, 4),
(98, 3),
(98, 18),
(98, 6),
(99, 14),
(99, 13),
(99, 4),
(99, 18),
(99, 19),
(100, 12),
(100, 1),
(100, 14),
(100, 19),
(100, 11),
(100, 18),
(100, 17),
(101, 1),
(101, 19),
(102, 17),
(104, 2),
(104, 6),
(104, 1),
(104, 19),
(106, 6),
(107, 6),
(107, 13),
(108, 13),
(108, 1),
(108, 9),
(108, 12),
(109, 2),
(109, 10),
(109, 11),
(109, 15),
(109, 12),
(110, 5),
(110, 19),
(112, 14),
(113, 8),
(113, 12),
(113, 4),
(113, 15),
(113, 10),
(113, 19),
(113, 11),
(114, 1),
(114, 17),
(114, 2),
(115, 20),
(115, 12),
(115, 2),
(115, 6),
(115, 15),
(115, 13),
(116, 12),
(116, 6),
(116, 20),
(116, 4),
(116, 5),
(116, 14),
(116, 1),
(117, 6),
(117, 16),
(117, 1),
(117, 19),
(117, 7),
(117, 8),
(117, 11),
(118, 8),
(118, 13),
(119, 5),
(119, 11),
(119, 4),
(119, 19),
(119, 16),
(119, 8),
(119, 17),
(119, 9),
(121, 7),
(121, 16),
(121, 17),
(121, 2),
(121, 19),
(122, 8),
(122, 7),
(122, 10),
(122, 15),
(122, 18),
(122, 16),
(122, 1),
(124, 9),
(124, 7),
(124, 14),
(125, 13),
(125, 3),
(125, 15),
(126, 10),
(126, 20),
(126, 6),
(126, 19),
(126, 17),
(127, 15),
(128, 5),
(129, 5),
(129, 8),
(129, 9),
(129, 10),
(129, 7),
(130, 19),
(130, 14),
(131, 17);
INSERT INTO "PUBLIC"."LAWS_SUPPORTERS" VALUES
(131, 20),
(131, 6),
(131, 14),
(131, 13),
(131, 8),
(132, 17),
(133, 2),
(134, 3),
(134, 16),
(134, 15),
(134, 13),
(134, 20),
(134, 5),
(135, 4),
(135, 15),
(135, 12),
(135, 3),
(135, 10),
(135, 17),
(135, 9),
(135, 20),
(136, 20),
(136, 7),
(136, 17),
(136, 1),
(136, 6),
(136, 18),
(136, 4),
(136, 19),
(137, 9),
(137, 16),
(137, 3),
(137, 4),
(137, 2),
(137, 20),
(137, 5),
(138, 9),
(139, 14),
(139, 10),
(139, 2),
(139, 11),
(139, 16),
(139, 3),
(140, 18),
(140, 17),
(140, 6),
(141, 15),
(141, 8),
(141, 4),
(141, 1),
(141, 17),
(141, 12),
(143, 13),
(144, 16),
(144, 20),
(144, 1),
(144, 15),
(144, 4),
(144, 11),
(144, 7),
(144, 17),
(144, 19),
(144, 14),
(145, 20),
(145, 5),
(145, 12),
(145, 13),
(145, 11),
(145, 14),
(145, 9),
(145, 16),
(145, 19),
(145, 3),
(146, 2),
(146, 1),
(146, 4),
(146, 19),
(146, 11),
(146, 15),
(146, 3),
(146, 7),
(146, 18),
(146, 17),
(147, 20),
(147, 13),
(147, 15),
(147, 12),
(147, 18),
(147, 3),
(147, 4),
(147, 5),
(147, 7),
(147, 6),
(148, 9),
(148, 3),
(148, 8),
(148, 18),
(148, 6),
(148, 17),
(148, 12),
(148, 11),
(148, 20),
(148, 7),
(149, 17),
(149, 4),
(149, 6),
(149, 11),
(149, 14),
(149, 12),
(149, 20),
(149, 8),
(149, 1),
(149, 13),
(150, 13),
(150, 2),
(150, 9),
(150, 6),
(150, 18),
(150, 1),
(150, 16),
(150, 19),
(150, 7),
(150, 15),
(151, 16),
(151, 5),
(151, 11),
(151, 15),
(151, 7),
(151, 19),
(151, 6),
(151, 20),
(151, 18),
(151, 12),
(152, 13),
(152, 5),
(152, 15),
(152, 4),
(152, 17),
(152, 6),
(152, 7),
(152, 12),
(152, 18),
(152, 2),
(153, 20),
(153, 6),
(153, 10),
(153, 13),
(153, 4),
(153, 2),
(153, 7),
(153, 3),
(153, 8),
(153, 9),
(154, 1),
(154, 11),
(154, 15),
(154, 12),
(154, 5),
(154, 8),
(154, 16),
(154, 3),
(154, 10),
(154, 18),
(155, 9),
(155, 3),
(155, 7),
(155, 19),
(155, 17),
(155, 5),
(155, 1),
(155, 15),
(155, 14),
(155, 18),
(156, 15),
(156, 9),
(156, 10),
(156, 4),
(156, 18),
(156, 19),
(156, 5),
(156, 3),
(156, 1),
(156, 14),
(157, 10),
(157, 8),
(157, 11),
(157, 20),
(157, 3),
(157, 1),
(157, 19),
(157, 17),
(157, 7),
(157, 14),
(158, 7),
(158, 20),
(158, 18),
(158, 6),
(158, 8),
(158, 5),
(158, 12),
(158, 3),
(158, 4),
(158, 11),
(159, 11),
(159, 19),
(159, 6),
(159, 16),
(159, 5),
(159, 1),
(159, 3),
(159, 7),
(159, 2),
(159, 20),
(160, 14),
(160, 2),
(160, 9),
(160, 18),
(160, 6),
(160, 15),
(160, 19),
(160, 13),
(160, 12),
(160, 1),
(161, 13),
(161, 5),
(161, 17),
(161, 14),
(161, 7),
(161, 4),
(161, 12),
(161, 1),
(161, 20),
(161, 9),
(162, 19),
(162, 8),
(162, 16),
(162, 10),
(162, 11),
(162, 12),
(162, 1),
(162, 13),
(162, 17),
(162, 6),
(163, 4),
(163, 1),
(163, 20),
(163, 17),
(163, 10),
(163, 15),
(163, 13),
(163, 5),
(163, 3),
(163, 2),
(164, 16),
(164, 20),
(164, 14),
(164, 6),
(164, 7),
(164, 15),
(164, 9),
(164, 4),
(164, 10),
(164, 11),
(165, 19),
(165, 11),
(165, 14),
(165, 6),
(165, 5),
(165, 15),
(165, 7),
(165, 9),
(165, 18),
(165, 3),
(166, 18),
(166, 15),
(166, 19),
(166, 9),
(166, 11),
(166, 12),
(166, 7),
(166, 3),
(166, 20),
(166, 10),
(167, 2),
(167, 1),
(167, 8),
(167, 13),
(167, 17),
(167, 6),
(167, 5),
(167, 11),
(167, 3),
(167, 4),
(168, 7),
(168, 11),
(168, 3),
(168, 19),
(168, 12),
(168, 4),
(168, 8),
(168, 20),
(168, 13),
(168, 16),
(169, 12),
(169, 14),
(169, 11),
(169, 6),
(169, 10),
(169, 8),
(169, 20),
(169, 13),
(169, 3),
(169, 2),
(170, 3),
(170, 13),
(170, 15),
(170, 7),
(170, 1),
(170, 16),
(170, 9),
(170, 2),
(170, 10),
(170, 17),
(171, 4),
(171, 15),
(171, 8),
(171, 14),
(171, 5),
(171, 17),
(171, 6),
(171, 12),
(171, 3),
(171, 7),
(172, 9),
(172, 3),
(172, 17),
(172, 2),
(172, 6),
(172, 4),
(172, 14),
(172, 1),
(172, 19),
(172, 13),
(173, 6),
(173, 18),
(173, 1),
(173, 3),
(173, 2),
(173, 19),
(173, 20),
(173, 4),
(173, 13),
(173, 11),
(174, 16),
(174, 9),
(174, 15),
(174, 20),
(174, 6),
(174, 17),
(174, 10),
(174, 4),
(174, 18),
(174, 2),
(175, 3),
(175, 8),
(175, 9),
(175, 14),
(175, 18),
(175, 11),
(175, 12),
(175, 2),
(175, 5),
(175, 4),
(176, 6),
(176, 19),
(176, 10),
(176, 17),
(176, 16),
(176, 3),
(176, 1),
(176, 7),
(176, 15),
(176, 18),
(177, 12),
(177, 8);
INSERT INTO "PUBLIC"."LAWS_SUPPORTERS" VALUES
(177, 5),
(177, 10),
(177, 3),
(177, 4),
(177, 6),
(177, 9),
(177, 17),
(177, 16),
(178, 5),
(178, 11),
(178, 2),
(178, 8),
(178, 18),
(178, 10),
(178, 16),
(178, 12),
(178, 6),
(178, 1),
(179, 16),
(179, 2),
(179, 12),
(179, 9),
(179, 5),
(179, 14),
(179, 19),
(179, 17),
(179, 15),
(179, 7),
(180, 12),
(180, 14),
(180, 1),
(180, 17),
(180, 16),
(180, 20),
(180, 9),
(180, 6),
(180, 15),
(180, 13),
(181, 8),
(181, 7),
(181, 18),
(181, 11),
(181, 15),
(181, 6),
(181, 1),
(181, 10),
(181, 12),
(181, 3),
(182, 13),
(182, 16),
(182, 3),
(182, 1),
(182, 14),
(182, 6),
(182, 15),
(182, 12),
(182, 11),
(182, 17),
(183, 12),
(183, 9),
(183, 17),
(183, 15),
(183, 19),
(183, 3),
(183, 20),
(183, 2),
(183, 5),
(183, 4),
(184, 10),
(184, 8),
(184, 17),
(184, 13),
(184, 14),
(184, 6),
(184, 20),
(184, 18),
(184, 19),
(184, 5),
(185, 3),
(185, 14),
(185, 8),
(185, 12),
(185, 18),
(185, 4),
(185, 20),
(185, 17),
(185, 13),
(185, 5),
(186, 20),
(186, 11),
(186, 8),
(186, 1),
(186, 12),
(186, 17),
(186, 5),
(186, 13),
(186, 3),
(186, 18),
(187, 8),
(187, 18),
(187, 9),
(187, 17),
(187, 13),
(187, 10),
(187, 20),
(187, 5),
(187, 7),
(187, 15),
(188, 10),
(188, 6),
(188, 7),
(188, 4),
(188, 17),
(188, 20),
(188, 5),
(188, 12),
(188, 8),
(188, 16),
(189, 3),
(189, 20),
(189, 11),
(189, 16),
(189, 17),
(189, 4),
(189, 13),
(189, 10),
(189, 7),
(189, 8),
(190, 14),
(190, 13),
(190, 11),
(190, 2),
(190, 7),
(190, 16),
(190, 19),
(190, 15),
(190, 6),
(190, 3),
(191, 1),
(191, 7),
(191, 16),
(191, 18),
(191, 11),
(191, 3),
(191, 20),
(191, 8),
(191, 14),
(191, 13),
(192, 11),
(192, 7),
(192, 20),
(192, 8),
(192, 9),
(192, 13),
(192, 16),
(192, 14),
(192, 19),
(192, 18),
(193, 12),
(193, 15),
(193, 19),
(193, 13),
(193, 10),
(193, 18),
(193, 14),
(193, 7),
(193, 16),
(193, 2),
(194, 12),
(194, 15),
(194, 3),
(194, 10),
(194, 2),
(194, 14),
(194, 13),
(194, 16),
(194, 18),
(194, 20),
(198, 15),
(198, 5),
(198, 17),
(198, 10),
(198, 2),
(198, 20),
(198, 13),
(198, 19),
(198, 8),
(198, 7),
(206, 18),
(206, 4),
(206, 19),
(206, 17),
(206, 11),
(206, 5),
(206, 15),
(206, 10),
(206, 2),
(206, 7),
(211, 19),
(211, 18),
(211, 10),
(211, 7),
(211, 11),
(211, 3),
(211, 4),
(211, 17),
(211, 6),
(211, 13),
(220, 6),
(220, 15),
(220, 7),
(220, 3),
(220, 14),
(220, 20),
(220, 13),
(220, 10),
(220, 18),
(220, 19),
(233, 9),
(233, 6),
(233, 5),
(233, 20),
(233, 19),
(233, 1),
(233, 17),
(233, 15),
(233, 3),
(233, 11),
(241, 16),
(241, 12),
(241, 4),
(241, 2),
(241, 18),
(241, 19),
(241, 8),
(241, 20),
(241, 14),
(241, 17),
(247, 6),
(247, 11),
(247, 18),
(247, 1),
(247, 14),
(247, 2),
(247, 12),
(247, 4),
(247, 20),
(247, 5),
(253, 2),
(253, 12),
(253, 15),
(253, 11),
(253, 7),
(253, 5),
(253, 20),
(253, 17),
(253, 8),
(253, 10),
(258, 10),
(258, 19),
(258, 1),
(258, 4),
(258, 13),
(258, 6),
(258, 18),
(258, 2),
(258, 17),
(258, 8),
(263, 19),
(263, 3),
(263, 2),
(263, 16),
(263, 18),
(263, 17),
(263, 8),
(263, 5),
(263, 9),
(263, 20),
(270, 20),
(270, 17),
(270, 7),
(270, 9),
(270, 8),
(270, 10),
(270, 5),
(270, 4),
(270, 6),
(270, 3),
(275, 14),
(275, 2),
(275, 5),
(275, 15),
(275, 18),
(275, 4),
(275, 13),
(275, 9),
(275, 19),
(275, 6),
(282, 5),
(282, 11),
(282, 4),
(282, 17),
(282, 12),
(282, 16),
(282, 2),
(282, 8),
(282, 1),
(282, 10),
(289, 2),
(289, 15),
(289, 8),
(289, 3),
(289, 11),
(289, 1),
(289, 20),
(289, 17),
(289, 6),
(289, 7),
(293, 19),
(293, 2),
(293, 6),
(293, 5),
(293, 8),
(293, 3),
(293, 7),
(293, 4),
(293, 16),
(293, 9),
(300, 6),
(300, 9),
(300, 8),
(300, 3),
(300, 10),
(300, 11),
(300, 20),
(300, 17),
(300, 14),
(300, 16),
(308, 4),
(308, 15),
(308, 18),
(308, 6),
(308, 19),
(308, 2),
(308, 5),
(308, 3),
(308, 12),
(308, 13),
(313, 2),
(313, 5),
(313, 17),
(313, 13),
(313, 6),
(313, 20),
(313, 15),
(313, 14),
(313, 9),
(313, 10),
(321, 15),
(321, 4),
(321, 19),
(321, 12),
(321, 8),
(321, 17),
(321, 10),
(321, 1),
(321, 13),
(321, 7),
(343, 16),
(343, 7),
(343, 4),
(343, 8),
(343, 2),
(343, 17),
(343, 6),
(343, 1),
(343, 5),
(343, 15),
(350, 1),
(350, 18),
(350, 16),
(350, 3),
(350, 9),
(350, 11);
INSERT INTO "PUBLIC"."LAWS_SUPPORTERS" VALUES
(350, 5),
(350, 19),
(350, 13),
(350, 2),
(354, 1),
(354, 20),
(354, 15),
(354, 8),
(354, 11),
(354, 6),
(354, 9),
(354, 10),
(354, 18),
(354, 17),
(359, 6),
(359, 15),
(359, 11),
(359, 4),
(359, 14),
(359, 17),
(359, 19),
(359, 7),
(359, 18),
(359, 10),
(363, 6),
(363, 19),
(363, 20),
(363, 18),
(363, 16),
(363, 10),
(363, 3),
(363, 14),
(363, 11),
(363, 15),
(386, 16),
(386, 19),
(386, 14),
(386, 3),
(386, 17),
(386, 10),
(386, 13),
(386, 9),
(386, 11),
(386, 7),
(386, 20),
(386, 18),
(386, 12),
(386, 15),
(386, 4),
(386, 8),
(386, 6),
(386, 2),
(387, 8),
(387, 20),
(387, 16),
(387, 4),
(387, 6),
(387, 9),
(387, 7),
(387, 5),
(387, 18),
(387, 14),
(387, 10),
(387, 11),
(387, 13),
(387, 17),
(387, 3),
(387, 2),
(387, 12);
CREATE MEMORY TABLE "PUBLIC"."ONE_TIME_TOKEN"(
"ID" BIGINT NOT NULL,
"CREATED_AT" TIMESTAMP NOT NULL,
"UPDATED_AT" TIMESTAMP NOT NULL,
"TOKEN" VARCHAR(255) NOT NULL,
"TOKEN_TYPE" INTEGER NOT NULL,
"VALID_UNTIL" TIMESTAMP NOT NULL,
"USER_ID" BIGINT NOT NULL
);
ALTER TABLE "PUBLIC"."ONE_TIME_TOKEN" ADD CONSTRAINT "PUBLIC"."CONSTRAINT_4" PRIMARY KEY("ID");
-- 0 +/- SELECT COUNT(*) FROM PUBLIC.ONE_TIME_TOKEN;
CREATE MEMORY TABLE "PUBLIC"."POLLS"(
"ID" BIGINT NOT NULL,
"CREATED_AT" TIMESTAMP NOT NULL,
"UPDATED_AT" TIMESTAMP NOT NULL,
"DUEL_MATRIX" VARCHAR(255),
"STATUS" INTEGER,
"TITLE" VARCHAR(255),
"VOTING_END_AT" TIMESTAMP,
"VOTING_START_AT" TIMESTAMP,
"WINNER_ID" BIGINT
);
ALTER TABLE "PUBLIC"."POLLS" ADD CONSTRAINT "PUBLIC"."CONSTRAINT_48" PRIMARY KEY("ID");
-- 4 +/- SELECT COUNT(*) FROM PUBLIC.POLLS;
INSERT INTO "PUBLIC"."POLLS" VALUES
(240, TIMESTAMP '2019-11-05 23:17:49.826', TIMESTAMP '2019-11-05 23:17:49.826', '', 0, 'Poll from TestDataCreator 9669', TIMESTAMP '2019-12-10 00:00:00', TIMESTAMP '2019-11-26 00:00:00', NULL),
(269, TIMESTAMP '2019-10-28 23:17:50.169', TIMESTAMP '2019-11-12 23:17:50.201', '', 1, 'Poll in voting phase 185', TIMESTAMP '2019-11-25 00:00:00', TIMESTAMP '2019-11-11 23:17:50.185', NULL),
(299, TIMESTAMP '2019-10-28 23:17:50.463', TIMESTAMP '2019-11-12 23:17:56.324', '[]', 1, 'Poll in voting phase 479', TIMESTAMP '2019-11-25 00:00:00', TIMESTAMP '2019-11-11 23:17:50.479', NULL),
(349, TIMESTAMP '2019-10-11 00:17:56.511', TIMESTAMP '2019-11-12 23:18:00.167', '[[0,8,9,8,11],[7,0,11,9,12],[7,5,0,9,10],[8,7,7,0,11],[4,3,6,5,0]]', 2, 'Finished Poll 6496', TIMESTAMP '2019-11-12 23:18:00.151', TIMESTAMP '2019-10-24 23:17:56.496', 354);
CREATE MEMORY TABLE "PUBLIC"."USERS"(
"ID" BIGINT NOT NULL,
"CREATED_AT" TIMESTAMP NOT NULL,
"UPDATED_AT" TIMESTAMP NOT NULL,
"EMAIL" VARCHAR(255) NOT NULL,
"LAST_LOGIN" TIMESTAMP,
"MOBILEPHONE" VARCHAR(255),
"NAME" VARCHAR(255),
"PICTURE" VARCHAR(255),
"WEBSITE" VARCHAR(255)
);
ALTER TABLE "PUBLIC"."USERS" ADD CONSTRAINT "PUBLIC"."CONSTRAINT_4D" PRIMARY KEY("ID");
-- 21 +/- SELECT COUNT(*) FROM PUBLIC.USERS;
INSERT INTO "PUBLIC"."USERS" VALUES
(1, TIMESTAMP '2019-11-12 23:17:40.533', TIMESTAMP '2019-11-12 23:17:40.533', 'testuser1@liquido.de', NULL, '+49123451', 'Donald Duck', '/static/img/avatars/Avatar1.png', 'http://www.liquido.de'),
(2, TIMESTAMP '2019-11-12 23:17:40.627', TIMESTAMP '2019-11-12 23:17:40.627', 'testuser2@liquido.de', NULL, '+49123452', 'Test User2', '/static/img/avatars/Avatar2.png', 'http://www.liquido.de'),
(3, TIMESTAMP '2019-11-12 23:17:40.627', TIMESTAMP '2019-11-12 23:17:40.627', 'testuser3@liquido.de', NULL, '+49123453', 'Test User3', '/static/img/avatars/Avatar3.png', 'http://www.liquido.de'),
(4, TIMESTAMP '2019-11-12 23:17:40.667', TIMESTAMP '2019-11-12 23:17:40.667', 'testuser4@liquido.de', NULL, '+49123454', 'Test User4', '/static/img/avatars/Avatar4.png', 'http://www.liquido.de'),
(5, TIMESTAMP '2019-11-12 23:17:40.667', TIMESTAMP '2019-11-12 23:17:40.667', 'testuser5@liquido.de', NULL, '+49123455', 'Test User5', '/static/img/avatars/Avatar5.png', 'http://www.liquido.de'),
(6, TIMESTAMP '2019-11-12 23:17:40.667', TIMESTAMP '2019-11-12 23:17:40.667', 'testuser6@liquido.de', NULL, '+49123456', 'Test User6', '/static/img/avatars/Avatar6.png', 'http://www.liquido.de'),
(7, TIMESTAMP '2019-11-12 23:17:40.667', TIMESTAMP '2019-11-12 23:17:40.667', 'testuser7@liquido.de', NULL, '+49123457', 'Test User7', '/static/img/avatars/Avatar7.png', 'http://www.liquido.de'),
(8, TIMESTAMP '2019-11-12 23:17:40.682', TIMESTAMP '2019-11-12 23:17:40.682', 'testuser8@liquido.de', NULL, '+49123458', 'Test User8', '/static/img/avatars/Avatar8.png', 'http://www.liquido.de'),
(9, TIMESTAMP '2019-11-12 23:17:40.682', TIMESTAMP '2019-11-12 23:17:40.682', 'testuser9@liquido.de', NULL, '+49123459', 'Test User9', '/static/img/avatars/Avatar9.png', 'http://www.liquido.de'),
(10, TIMESTAMP '2019-11-12 23:17:40.682', TIMESTAMP '2019-11-12 23:17:40.682', 'testuser10@liquido.de', NULL, '+491234510', 'Test User10', '/static/img/avatars/Avatar10.png', 'http://www.liquido.de'),
(11, TIMESTAMP '2019-11-12 23:17:40.698', TIMESTAMP '2019-11-12 23:17:40.698', 'testuser11@liquido.de', NULL, '+491234511', 'Test User11', '/static/img/avatars/Avatar11.png', 'http://www.liquido.de'),
(12, TIMESTAMP '2019-11-12 23:17:40.698', TIMESTAMP '2019-11-12 23:17:40.698', 'testuser12@liquido.de', NULL, '+491234512', 'Test User12', '/static/img/avatars/Avatar12.png', 'http://www.liquido.de'),
(13, TIMESTAMP '2019-11-12 23:17:40.698', TIMESTAMP '2019-11-12 23:17:40.698', 'testuser13@liquido.de', NULL, '+491234513', 'Test User13', '/static/img/avatars/Avatar13.png', 'http://www.liquido.de'),
(14, TIMESTAMP '2019-11-12 23:17:40.714', TIMESTAMP '2019-11-12 23:17:40.714', 'testuser14@liquido.de', NULL, '+491234514', 'Test User14', '/static/img/avatars/Avatar14.png', 'http://www.liquido.de'),
(15, TIMESTAMP '2019-11-12 23:17:40.729', TIMESTAMP '2019-11-12 23:17:40.729', 'testuser15@liquido.de', NULL, '+491234515', 'Test User15', '/static/img/avatars/Avatar15.png', 'http://www.liquido.de'),
(16, TIMESTAMP '2019-11-12 23:17:40.729', TIMESTAMP '2019-11-12 23:17:40.729', 'testuser16@liquido.de', NULL, '+491234516', 'Test User16', '/static/img/avatars/Avatar16.png', 'http://www.liquido.de'),
(17, TIMESTAMP '2019-11-12 23:17:40.745', TIMESTAMP '2019-11-12 23:17:40.745', 'testuser17@liquido.de', NULL, '+491234517', 'Test User17', '/static/img/avatars/Avatar1.png', 'http://www.liquido.de'),
(18, TIMESTAMP '2019-11-12 23:17:40.745', TIMESTAMP '2019-11-12 23:17:40.745', 'testuser18@liquido.de', NULL, '+491234518', 'Test User18', '/static/img/avatars/Avatar2.png', 'http://www.liquido.de'),
(19, TIMESTAMP '2019-11-12 23:17:40.745', TIMESTAMP '2019-11-12 23:17:40.745', 'testuser19@liquido.de', NULL, '+491234519', 'Test User19', '/static/img/avatars/Avatar3.png', 'http://www.liquido.de'),
(20, TIMESTAMP '2019-11-12 23:17:40.745', TIMESTAMP '2019-11-12 23:17:40.745', 'testuser20@liquido.de', NULL, '+491234520', 'Test User20', '/static/img/avatars/Avatar4.png', 'http://www.liquido.de'),
(21, TIMESTAMP '2019-11-12 23:17:40.745', TIMESTAMP '2019-11-12 23:17:40.745', 'admin@liquido.de', NULL, '+491234567890', 'Secret Admin Name', NULL, NULL);
-- 0 +/- SELECT COUNT(*) FROM PUBLIC.QRTZ_CALENDARS;
-- 0 +/- SELECT COUNT(*) FROM PUBLIC.QRTZ_CRON_TRIGGERS;
-- 0 +/- SELECT COUNT(*) FROM PUBLIC.QRTZ_FIRED_TRIGGERS;
-- 0 +/- SELECT COUNT(*) FROM PUBLIC.QRTZ_PAUSED_TRIGGER_GRPS;
-- 0 +/- SELECT COUNT(*) FROM PUBLIC.QRTZ_SCHEDULER_STATE;
-- 0 +/- SELECT COUNT(*) FROM PUBLIC.QRTZ_LOCKS;
-- 0 +/- SELECT COUNT(*) FROM PUBLIC.QRTZ_JOB_DETAILS;
-- 0 +/- SELECT COUNT(*) FROM PUBLIC.QRTZ_SIMPLE_TRIGGERS;
-- 0 +/- SELECT COUNT(*) FROM PUBLIC.QRTZ_SIMPROP_TRIGGERS;
-- 0 +/- SELECT COUNT(*) FROM PUBLIC.QRTZ_BLOB_TRIGGERS;
-- 0 +/- SELECT COUNT(*) FROM PUBLIC.QRTZ_TRIGGERS;
ALTER TABLE "PUBLIC"."AREAS" ADD CONSTRAINT "PUBLIC"."UK_P61HNJ1M450KNDUSCXOLDCHFJ" UNIQUE("TITLE");
ALTER TABLE "PUBLIC"."KEY_VALUE" ADD CONSTRAINT "PUBLIC"."UK_8TE0DHIEXEOWA1RGVA302TO1L" UNIQUE("KEY_COL");
ALTER TABLE "PUBLIC"."USERS" ADD CONSTRAINT "PUBLIC"."UK_6DOTKOTT2KJSP8VW4D0M25FB7" UNIQUE("EMAIL");
ALTER TABLE "PUBLIC"."LAWS" ADD CONSTRAINT "PUBLIC"."UK_BS516OPV3HONTPTWVPIOOS72B" UNIQUE("TITLE");
ALTER TABLE "PUBLIC"."DELEGATIONS" ADD CONSTRAINT "PUBLIC"."UK2WYH7POIF8NPDWLUR8DFORD0J" UNIQUE("AREA_ID", "FROM_USER_ID");
ALTER TABLE "PUBLIC"."LAWS_COMMENTS" ADD CONSTRAINT "PUBLIC"."UK_OF3YV6X3MAHJPHJBJE5XHRXC8" UNIQUE("COMMENTS_ID");
ALTER TABLE "PUBLIC"."BALLOTS" ADD CONSTRAINT "PUBLIC"."UKHWWEPK8N3CE54LEREWX2FMYXF" UNIQUE("POLL_ID", "CHECKSUM");
ALTER TABLE "PUBLIC"."USERS" ADD CONSTRAINT "PUBLIC"."UK_70QE9WOFM8UJ2PEANWKPHERRM" UNIQUE("MOBILEPHONE");
ALTER TABLE "PUBLIC"."CHECKSUMS" ADD CONSTRAINT "PUBLIC"."UKL0XNKLNHLK4PTWSU9B0QXTYBN" UNIQUE("AREA_ID", "PUBLIC_PROXY_ID");
ALTER TABLE "PUBLIC"."AREAS" ADD CONSTRAINT "PUBLIC"."FKP9N0U4HM2Q1O7V0068C8GD4EL" FOREIGN KEY("CREATED_BY_ID") REFERENCES "PUBLIC"."USERS"("ID") NOCHECK;
ALTER TABLE "PUBLIC"."DELEGATIONS" ADD CONSTRAINT "PUBLIC"."FK1Y1R0D478R9NTDMUIYKKUHADV" FOREIGN KEY("REQUESTED_DELEGATION_FROM_CHECKSUM_CHECKSUM") REFERENCES "PUBLIC"."CHECKSUMS"("CHECKSUM") NOCHECK;
ALTER TABLE "PUBLIC"."DELEGATIONS" ADD CONSTRAINT "PUBLIC"."FKSWBDEOVC7HSQ5EX30PBMDU9D4" FOREIGN KEY("AREA_ID") REFERENCES "PUBLIC"."AREAS"("ID") NOCHECK;
ALTER TABLE "PUBLIC"."LAWS" ADD CONSTRAINT "PUBLIC"."FK4QUHD81MM84X6RQ0CCBXSEYXX" FOREIGN KEY("POLL_ID") REFERENCES "PUBLIC"."POLLS"("ID") NOCHECK;
ALTER TABLE "PUBLIC"."LAWS_SUPPORTERS" ADD CONSTRAINT "PUBLIC"."FK9B4I87YIKUCHRIRFJAYMGOHE3" FOREIGN KEY("LAW_MODEL_ID") REFERENCES "PUBLIC"."LAWS"("ID") NOCHECK;
ALTER TABLE "PUBLIC"."BALLOTS" ADD CONSTRAINT "PUBLIC"."FKOG7SHPLJ1CCOH8N9AO4Y16LQ3" FOREIGN KEY("POLL_ID") REFERENCES "PUBLIC"."POLLS"("ID") NOCHECK;
ALTER TABLE "PUBLIC"."COMMENTS_DOWN_VOTERS" ADD CONSTRAINT "PUBLIC"."FK62ILAC17TG4CPKRHEONUD72HV" FOREIGN KEY("DOWN_VOTERS_ID") REFERENCES "PUBLIC"."USERS"("ID") NOCHECK;
ALTER TABLE "PUBLIC"."CHECKSUMS" ADD CONSTRAINT "PUBLIC"."FKDFLPSE9FSOGY1FMFDY2W79RG" FOREIGN KEY("DELEGATED_TO_CHECKSUM") REFERENCES "PUBLIC"."CHECKSUMS"("CHECKSUM") NOCHECK;
ALTER TABLE "PUBLIC"."BALLOTS_VOTE_ORDER" ADD CONSTRAINT "PUBLIC"."FKIH6THEWVJEH3OW9DL1YTJ9AWB" FOREIGN KEY("BALLOT_MODEL_ID") REFERENCES "PUBLIC"."BALLOTS"("ID") NOCHECK;
ALTER TABLE "PUBLIC"."COMMENTS" ADD CONSTRAINT "PUBLIC"."FK7PUWBWE4YL8B2O32R798UW8Q7" FOREIGN KEY("PROPOSAL_ID") REFERENCES "PUBLIC"."LAWS"("ID") NOCHECK;
ALTER TABLE "PUBLIC"."CHECKSUMS" ADD CONSTRAINT "PUBLIC"."FK68FTLVL0MWTVOQD3BFUPP0XRG" FOREIGN KEY("PUBLIC_PROXY_ID") REFERENCES "PUBLIC"."USERS"("ID") NOCHECK;
ALTER TABLE "PUBLIC"."LAWS" ADD CONSTRAINT "PUBLIC"."FKTR1PLL46Q50SHWBFFYIYUAVGN" FOREIGN KEY("CREATED_BY_ID") REFERENCES "PUBLIC"."USERS"("ID") NOCHECK;
ALTER TABLE "PUBLIC"."ONE_TIME_TOKEN" ADD CONSTRAINT "PUBLIC"."FK4O21XT1RMRICB3EA4TO5NKR8D" FOREIGN KEY("USER_ID") REFERENCES "PUBLIC"."USERS"("ID") NOCHECK;
ALTER TABLE "PUBLIC"."BALLOTS_VOTE_ORDER" ADD CONSTRAINT "PUBLIC"."FKOWD5MAD84QVWGST43698A6GX5" FOREIGN KEY("VOTE_ORDER_ID") REFERENCES "PUBLIC"."LAWS"("ID") NOCHECK;
ALTER TABLE "PUBLIC"."COMMENTS" ADD CONSTRAINT "PUBLIC"."FKAKKM6QFYDU7VGNFNE1YO0XMED" FOREIGN KEY("CREATED_BY_ID") REFERENCES "PUBLIC"."USERS"("ID") NOCHECK;
ALTER TABLE "PUBLIC"."DELEGATIONS" ADD CONSTRAINT "PUBLIC"."FK21A6LG8FU2JS6E0JU41WJ2GQP" FOREIGN KEY("TO_PROXY_ID") REFERENCES "PUBLIC"."USERS"("ID") NOCHECK;
ALTER TABLE "PUBLIC"."LAWS_COMMENTS" ADD CONSTRAINT "PUBLIC"."FK36FBKIUITRV0YRVY8S0IG46IX" FOREIGN KEY("LAW_MODEL_ID") REFERENCES "PUBLIC"."LAWS"("ID") NOCHECK;
ALTER TABLE "PUBLIC"."POLLS" ADD CONSTRAINT "PUBLIC"."FKQADOVSMQ4UOK58SP9HKHWJQIS" FOREIGN KEY("WINNER_ID") REFERENCES "PUBLIC"."LAWS"("ID") NOCHECK;
ALTER TABLE "PUBLIC"."DELEGATIONS" ADD CONSTRAINT "PUBLIC"."FK9KOYA2MI6T18VF7U1FROBKNIQ" FOREIGN KEY("FROM_USER_ID") REFERENCES "PUBLIC"."USERS"("ID") NOCHECK;
ALTER TABLE "PUBLIC"."BALLOTS" ADD CONSTRAINT "PUBLIC"."FK1RRV2WY16UQONFL9CR1CQG2XD" FOREIGN KEY("CHECKSUM") REFERENCES "PUBLIC"."CHECKSUMS"("CHECKSUM") NOCHECK;
ALTER TABLE "PUBLIC"."LAWS" ADD CONSTRAINT "PUBLIC"."FK9VIQDJ5LDUN0AHWQDFF1WUY39" FOREIGN KEY("AREA_ID") REFERENCES "PUBLIC"."AREAS"("ID") NOCHECK;
ALTER TABLE "PUBLIC"."LAWS_COMMENTS" ADD CONSTRAINT "PUBLIC"."FKFL0Y4QFVFPF9YNMMFJ0JEVXFF" FOREIGN KEY("COMMENTS_ID") REFERENCES "PUBLIC"."COMMENTS"("ID") NOCHECK;
ALTER TABLE "PUBLIC"."COMMENTS_UP_VOTERS" ADD CONSTRAINT "PUBLIC"."FKEUURM027PDC4L5A9G9O2L0UYD" FOREIGN KEY("UP_VOTERS_ID") REFERENCES "PUBLIC"."USERS"("ID") NOCHECK;
ALTER TABLE "PUBLIC"."COMMENTS" ADD CONSTRAINT "PUBLIC"."FKLRI30OKF66PHTCGBE5POK7CC0" FOREIGN KEY("PARENT_ID") REFERENCES "PUBLIC"."COMMENTS"("ID") NOCHECK;
ALTER TABLE "PUBLIC"."COMMENTS_UP_VOTERS" ADD CONSTRAINT "PUBLIC"."FK8LS8T571Y99VTTW1MDKEBXAGP" FOREIGN KEY("COMMENT_MODEL_ID") REFERENCES "PUBLIC"."COMMENTS"("ID") NOCHECK;
ALTER TABLE "PUBLIC"."LAWS_SUPPORTERS" ADD CONSTRAINT "PUBLIC"."FKK8MVJC4RQ970OJAVYFIA9BQVE" FOREIGN KEY("SUPPORTERS_ID") REFERENCES "PUBLIC"."USERS"("ID") NOCHECK;
ALTER TABLE "PUBLIC"."COMMENTS_DOWN_VOTERS" ADD CONSTRAINT "PUBLIC"."FKJYMYJ54LENHS4KE6MYQHLY72" FOREIGN KEY("COMMENT_MODEL_ID") REFERENCES "PUBLIC"."COMMENTS"("ID") NOCHECK;
ALTER TABLE "PUBLIC"."CHECKSUMS" ADD CONSTRAINT "PUBLIC"."FKLLW57XBW0D67OPTMWFMU3P2PC" FOREIGN KEY("AREA_ID") REFERENCES "PUBLIC"."AREAS"("ID") NOCHECK;
