SET DB_CLOSE_DELAY -1;
;
CREATE USER IF NOT EXISTS SA SALT '000f0623ac53cef8' HASH 'da2a6ddec639f700612086737a86ce3946e545414c41dba90db2060dc13d73e2' ADMIN;
CREATE SEQUENCE PUBLIC.HIBERNATE_SEQUENCE START WITH 390;
CREATE MEMORY TABLE PUBLIC.AREAS(
ID BIGINT NOT NULL,
CREATED_AT TIMESTAMP NOT NULL,
UPDATED_AT TIMESTAMP NOT NULL,
DESCRIPTION VARCHAR(255) NOT NULL,
TITLE VARCHAR(255) NOT NULL,
CREATED_BY_ID BIGINT NOT NULL
);
ALTER TABLE PUBLIC.AREAS ADD CONSTRAINT PUBLIC.CONSTRAINT_3 PRIMARY KEY(ID);
-- 10 +/- SELECT COUNT(*) FROM PUBLIC.AREAS;
INSERT INTO PUBLIC.AREAS(ID, CREATED_AT, UPDATED_AT, DESCRIPTION, TITLE, CREATED_BY_ID) VALUES
(21, TIMESTAMP '2019-08-03 00:53:44.949', TIMESTAMP '2019-08-03 00:53:44.949', 'Nice description for test area #0', 'Area 0', 1),
(22, TIMESTAMP '2019-08-03 00:53:44.952', TIMESTAMP '2019-08-03 00:53:44.952', 'Nice description for test area #1', 'Area 1', 1),
(23, TIMESTAMP '2019-08-03 00:53:44.955', TIMESTAMP '2019-08-03 00:53:44.955', 'Nice description for test area #2', 'Area 2', 1),
(24, TIMESTAMP '2019-08-03 00:53:44.958', TIMESTAMP '2019-08-03 00:53:44.958', 'Nice description for test area #3', 'Area 3', 1),
(25, TIMESTAMP '2019-08-03 00:53:44.961', TIMESTAMP '2019-08-03 00:53:44.961', 'Nice description for test area #4', 'Area 4', 1),
(26, TIMESTAMP '2019-08-03 00:53:44.963', TIMESTAMP '2019-08-03 00:53:44.963', 'Nice description for test area #5', 'Area 5', 1),
(27, TIMESTAMP '2019-08-03 00:53:44.966', TIMESTAMP '2019-08-03 00:53:44.966', 'Nice description for test area #6', 'Area 6', 1),
(28, TIMESTAMP '2019-08-03 00:53:44.97', TIMESTAMP '2019-08-03 00:53:44.97', 'Nice description for test area #7', 'Area 7', 1),
(29, TIMESTAMP '2019-08-03 00:53:44.986', TIMESTAMP '2019-08-03 00:53:44.986', 'Nice description for test area #8', 'Area 8', 1),
(30, TIMESTAMP '2019-08-03 00:53:44.993', TIMESTAMP '2019-08-03 00:53:44.993', 'Nice description for test area #9', 'Area 9', 1);
CREATE MEMORY TABLE PUBLIC.BALLOTS(
ID BIGINT NOT NULL,
LEVEL INTEGER NOT NULL,
VOTE_COUNT BIGINT NOT NULL,
CHECKSUM VARCHAR(255) NOT NULL,
POLL_ID BIGINT NOT NULL
);
ALTER TABLE PUBLIC.BALLOTS ADD CONSTRAINT PUBLIC.CONSTRAINT_1 PRIMARY KEY(ID);
-- 32 +/- SELECT COUNT(*) FROM PUBLIC.BALLOTS;
INSERT INTO PUBLIC.BALLOTS(ID, LEVEL, VOTE_COUNT, CHECKSUM, POLL_ID) VALUES
(331, 0, 1, '$2a$10$1IdrGrRAN2Wp3U7QI.JIzuuViLszDdeyBQZ4QNjYJJWIYI5M2O3G2', 303),
(332, 0, 1, '$2a$10$1IdrGrRAN2Wp3U7QI.JIzuDl5QTomD0jkJDoG.VH7LgF6BaMi7mUu', 303),
(333, 0, 4, '$2a$10$1IdrGrRAN2Wp3U7QI.JIzumrB8gg15WYrl/9Od2a/lKdcXxyoRqYe', 303),
(334, 0, 1, '$2a$10$1IdrGrRAN2Wp3U7QI.JIzu0U7xajdi9.MlI8tTpf7ZVQmMn3XTPaq', 303),
(335, 0, 1, '$2a$10$1IdrGrRAN2Wp3U7QI.JIzuA2amXnXPKlVvjlg62SZ08/U45S1krWS', 303),
(336, 0, 1, '$2a$10$1IdrGrRAN2Wp3U7QI.JIzuQi87d/P3rgtaiDqqegSB4vu2sByXkly', 303),
(337, 0, 2, '$2a$10$1IdrGrRAN2Wp3U7QI.JIzumF7aPaiUyhTd0m56K/SiA71ec5pLFu2', 303),
(338, 1, 1, '$2a$10$1IdrGrRAN2Wp3U7QI.JIzu9jY7URudOBmsrn4SD7Sp2bRAti6ztwK', 303),
(339, 0, 1, '$2a$10$1IdrGrRAN2Wp3U7QI.JIzuaW/fGb8Z2mJgsKxYwe5.NrtAFNxSQVS', 303),
(340, 0, 1, '$2a$10$1IdrGrRAN2Wp3U7QI.JIzuWb3cSZmVC9yx83VYQxwLFYSL5g8IoRy', 303),
(341, 0, 1, '$2a$10$1IdrGrRAN2Wp3U7QI.JIzuaXivFiTa4cwzBq6IwpHyvmd9OIEIHwW', 303),
(342, 0, 1, '$2a$10$1IdrGrRAN2Wp3U7QI.JIzuYTSKjBSu3cADo/STK5moSHUhn6NKcyS', 303),
(343, 0, 1, '$2a$10$1IdrGrRAN2Wp3U7QI.JIzuYun6DCp3DqD0HkMSxupTiHcONZRP0YC', 303),
(344, 0, 1, '$2a$10$1IdrGrRAN2Wp3U7QI.JIzuj/DUpsANoEk4usC10lyWBvgCY2jpdQ6', 303),
(345, 0, 1, '$2a$10$1IdrGrRAN2Wp3U7QI.JIzukT2e4dWh2jhcsPdh.C5JEqMyz08zCoa', 303),
(346, 0, 1, '$2a$10$1IdrGrRAN2Wp3U7QI.JIzuRe9KBAxYEu.ylAyhV50ek90rELSRGqG', 303),
(372, 0, 1, '$2a$10$1IdrGrRAN2Wp3U7QI.JIzuuViLszDdeyBQZ4QNjYJJWIYI5M2O3G2', 353),
(373, 0, 1, '$2a$10$1IdrGrRAN2Wp3U7QI.JIzuDl5QTomD0jkJDoG.VH7LgF6BaMi7mUu', 353),
(374, 0, 4, '$2a$10$1IdrGrRAN2Wp3U7QI.JIzumrB8gg15WYrl/9Od2a/lKdcXxyoRqYe', 353),
(375, 0, 1, '$2a$10$1IdrGrRAN2Wp3U7QI.JIzu0U7xajdi9.MlI8tTpf7ZVQmMn3XTPaq', 353),
(376, 0, 1, '$2a$10$1IdrGrRAN2Wp3U7QI.JIzuA2amXnXPKlVvjlg62SZ08/U45S1krWS', 353),
(377, 0, 1, '$2a$10$1IdrGrRAN2Wp3U7QI.JIzuQi87d/P3rgtaiDqqegSB4vu2sByXkly', 353),
(378, 0, 2, '$2a$10$1IdrGrRAN2Wp3U7QI.JIzumF7aPaiUyhTd0m56K/SiA71ec5pLFu2', 353),
(379, 1, 1, '$2a$10$1IdrGrRAN2Wp3U7QI.JIzu9jY7URudOBmsrn4SD7Sp2bRAti6ztwK', 353),
(380, 0, 1, '$2a$10$1IdrGrRAN2Wp3U7QI.JIzuaW/fGb8Z2mJgsKxYwe5.NrtAFNxSQVS', 353),
(381, 0, 1, '$2a$10$1IdrGrRAN2Wp3U7QI.JIzuWb3cSZmVC9yx83VYQxwLFYSL5g8IoRy', 353),
(382, 0, 1, '$2a$10$1IdrGrRAN2Wp3U7QI.JIzuaXivFiTa4cwzBq6IwpHyvmd9OIEIHwW', 353),
(383, 0, 1, '$2a$10$1IdrGrRAN2Wp3U7QI.JIzuYTSKjBSu3cADo/STK5moSHUhn6NKcyS', 353),
(384, 0, 1, '$2a$10$1IdrGrRAN2Wp3U7QI.JIzuYun6DCp3DqD0HkMSxupTiHcONZRP0YC', 353),
(385, 0, 1, '$2a$10$1IdrGrRAN2Wp3U7QI.JIzuj/DUpsANoEk4usC10lyWBvgCY2jpdQ6', 353),
(386, 0, 1, '$2a$10$1IdrGrRAN2Wp3U7QI.JIzukT2e4dWh2jhcsPdh.C5JEqMyz08zCoa', 353),
(387, 0, 1, '$2a$10$1IdrGrRAN2Wp3U7QI.JIzuRe9KBAxYEu.ylAyhV50ek90rELSRGqG', 353);
CREATE MEMORY TABLE PUBLIC.BALLOTS_VOTE_ORDER(
BALLOT_MODEL_ID BIGINT NOT NULL,
VOTE_ORDER_ID BIGINT NOT NULL,
VOTE_ORDER_ORDER INTEGER NOT NULL
);
ALTER TABLE PUBLIC.BALLOTS_VOTE_ORDER ADD CONSTRAINT PUBLIC.CONSTRAINT_5 PRIMARY KEY(BALLOT_MODEL_ID, VOTE_ORDER_ORDER);
-- 146 +/- SELECT COUNT(*) FROM PUBLIC.BALLOTS_VOTE_ORDER;
INSERT INTO PUBLIC.BALLOTS_VOTE_ORDER(BALLOT_MODEL_ID, VOTE_ORDER_ID, VOTE_ORDER_ORDER) VALUES
(331, 325, 0),
(331, 319, 1),
(331, 304, 2),
(332, 313, 0),
(332, 319, 1),
(332, 325, 2),
(332, 304, 3),
(333, 325, 0),
(333, 313, 1),
(333, 295, 2),
(337, 319, 0),
(337, 295, 1),
(337, 304, 2),
(337, 325, 3),
(338, 319, 0),
(338, 295, 1),
(338, 304, 2),
(338, 325, 3),
(339, 295, 0),
(339, 304, 1),
(339, 313, 2),
(339, 319, 3),
(339, 325, 4),
(334, 325, 0),
(334, 304, 1),
(334, 319, 2),
(334, 313, 3),
(335, 325, 0),
(335, 319, 1),
(335, 295, 2),
(335, 304, 3),
(340, 313, 0),
(340, 325, 1),
(340, 295, 2),
(340, 304, 3),
(340, 319, 4),
(341, 313, 0),
(341, 304, 1),
(341, 325, 2),
(341, 295, 3),
(341, 319, 4),
(342, 325, 0),
(342, 319, 1),
(342, 313, 2),
(342, 304, 3),
(343, 325, 0),
(343, 319, 1),
(343, 313, 2),
(343, 304, 3),
(343, 295, 4),
(344, 319, 0),
(344, 295, 1),
(344, 325, 2),
(344, 304, 3),
(345, 325, 0),
(345, 319, 1),
(345, 295, 2),
(345, 304, 3),
(345, 313, 4),
(346, 313, 0),
(346, 319, 1),
(346, 304, 2),
(346, 325, 3),
(346, 295, 4),
(336, 304, 0),
(336, 313, 1),
(336, 319, 2),
(336, 325, 3),
(336, 295, 4),
(372, 362, 0),
(372, 347, 1),
(372, 354, 2),
(372, 368, 3),
(372, 358, 4),
(373, 358, 0),
(373, 368, 1),
(373, 354, 2),
(373, 362, 3),
(374, 354, 0),
(374, 368, 1),
(374, 358, 2),
(374, 362, 3),
(374, 347, 4),
(378, 347, 0),
(378, 354, 1),
(378, 358, 2),
(378, 362, 3),
(378, 368, 4),
(379, 347, 0),
(379, 354, 1),
(379, 358, 2),
(379, 362, 3),
(379, 368, 4),
(380, 362, 0),
(380, 354, 1),
(380, 358, 2),
(380, 347, 3),
(380, 368, 4),
(375, 358, 0),
(375, 368, 1),
(375, 347, 2),
(375, 362, 3),
(375, 354, 4),
(376, 358, 0),
(376, 362, 1),
(376, 347, 2),
(376, 354, 3),
(376, 368, 4),
(381, 354, 0),
(381, 362, 1),
(381, 368, 2),
(381, 347, 3),
(381, 358, 4),
(382, 354, 0),
(382, 358, 1),
(382, 362, 2),
(382, 368, 3),
(382, 347, 4),
(383, 368, 0),
(383, 362, 1),
(383, 354, 2),
(383, 347, 3),
(384, 354, 0),
(384, 362, 1),
(384, 368, 2),
(384, 358, 3),
(384, 347, 4),
(385, 368, 0),
(385, 354, 1),
(385, 347, 2),
(385, 358, 3),
(386, 368, 0),
(386, 358, 1),
(386, 362, 2),
(386, 354, 3),
(386, 347, 4),
(387, 362, 0),
(387, 354, 1),
(387, 358, 2),
(387, 368, 3),
(387, 347, 4),
(377, 347, 0),
(377, 362, 1),
(377, 368, 2),
(377, 354, 3),
(377, 358, 4);
CREATE MEMORY TABLE PUBLIC.CHECKSUMS(
CHECKSUM VARCHAR(255) NOT NULL,
EXPIRES_AT TIMESTAMP,
TRANSITIVE BOOLEAN NOT NULL,
AREA_ID BIGINT,
DELEGATED_TO_CHECKSUM VARCHAR(255),
PUBLIC_PROXY_ID BIGINT
);
ALTER TABLE PUBLIC.CHECKSUMS ADD CONSTRAINT PUBLIC.CONSTRAINT_B PRIMARY KEY(CHECKSUM);
-- 18 +/- SELECT COUNT(*) FROM PUBLIC.CHECKSUMS;
INSERT INTO PUBLIC.CHECKSUMS(CHECKSUM, EXPIRES_AT, TRANSITIVE, AREA_ID, DELEGATED_TO_CHECKSUM, PUBLIC_PROXY_ID) VALUES
('$2a$10$1IdrGrRAN2Wp3U7QI.JIzueyGOu7FMMyyMJw3bvzEU2elpOrru8sy', TIMESTAMP '2019-08-04 00:53:49.654', TRUE, 21, NULL, 1),
('$2a$10$1IdrGrRAN2Wp3U7QI.JIzu9jY7URudOBmsrn4SD7Sp2bRAti6ztwK', TIMESTAMP '2019-08-04 00:53:51.417', TRUE, 21, '$2a$10$1IdrGrRAN2Wp3U7QI.JIzumF7aPaiUyhTd0m56K/SiA71ec5pLFu2', 6),
('$2a$10$1IdrGrRAN2Wp3U7QI.JIzuIvB5fBvUb/y3tpzb1Xahzu9k87H3HZ.', TIMESTAMP '2019-08-04 00:53:51.573', TRUE, 21, '$2a$10$1IdrGrRAN2Wp3U7QI.JIzueyGOu7FMMyyMJw3bvzEU2elpOrru8sy', 4),
('$2a$10$1IdrGrRAN2Wp3U7QI.JIzuuViLszDdeyBQZ4QNjYJJWIYI5M2O3G2', TIMESTAMP '2019-08-04 00:54:01.675', TRUE, 21, NULL, 13),
('$2a$10$1IdrGrRAN2Wp3U7QI.JIzuDl5QTomD0jkJDoG.VH7LgF6BaMi7mUu', TIMESTAMP '2019-08-04 00:54:01.946', TRUE, 21, NULL, 15),
('$2a$10$1IdrGrRAN2Wp3U7QI.JIzumrB8gg15WYrl/9Od2a/lKdcXxyoRqYe', TIMESTAMP '2019-08-04 00:54:02.189', TRUE, 21, '$2a$10$1IdrGrRAN2Wp3U7QI.JIzuIvB5fBvUb/y3tpzb1Xahzu9k87H3HZ.', 7),
('$2a$10$1IdrGrRAN2Wp3U7QI.JIzumF7aPaiUyhTd0m56K/SiA71ec5pLFu2', TIMESTAMP '2019-08-04 00:54:02.452', TRUE, 21, '$2a$10$1IdrGrRAN2Wp3U7QI.JIzueyGOu7FMMyyMJw3bvzEU2elpOrru8sy', 3),
('$2a$10$1IdrGrRAN2Wp3U7QI.JIzuaW/fGb8Z2mJgsKxYwe5.NrtAFNxSQVS', TIMESTAMP '2019-08-04 00:54:02.72', TRUE, 21, NULL, 5),
('$2a$10$1IdrGrRAN2Wp3U7QI.JIzu0U7xajdi9.MlI8tTpf7ZVQmMn3XTPaq', TIMESTAMP '2019-08-04 00:54:02.971', TRUE, 21, '$2a$10$1IdrGrRAN2Wp3U7QI.JIzumrB8gg15WYrl/9Od2a/lKdcXxyoRqYe', 10),
('$2a$10$1IdrGrRAN2Wp3U7QI.JIzuA2amXnXPKlVvjlg62SZ08/U45S1krWS', TIMESTAMP '2019-08-04 00:54:03.272', TRUE, 21, '$2a$10$1IdrGrRAN2Wp3U7QI.JIzumrB8gg15WYrl/9Od2a/lKdcXxyoRqYe', 11),
('$2a$10$1IdrGrRAN2Wp3U7QI.JIzuWb3cSZmVC9yx83VYQxwLFYSL5g8IoRy', TIMESTAMP '2019-08-04 00:54:03.529', TRUE, 21, '$2a$10$1IdrGrRAN2Wp3U7QI.JIzueyGOu7FMMyyMJw3bvzEU2elpOrru8sy', NULL),
('$2a$10$1IdrGrRAN2Wp3U7QI.JIzuaXivFiTa4cwzBq6IwpHyvmd9OIEIHwW', TIMESTAMP '2019-08-04 00:54:03.787', TRUE, 21, NULL, 9),
('$2a$10$1IdrGrRAN2Wp3U7QI.JIzuYTSKjBSu3cADo/STK5moSHUhn6NKcyS', TIMESTAMP '2019-08-04 00:54:04.062', TRUE, 21, NULL, 16),
('$2a$10$1IdrGrRAN2Wp3U7QI.JIzuYun6DCp3DqD0HkMSxupTiHcONZRP0YC', TIMESTAMP '2019-08-04 00:54:04.301', TRUE, 21, NULL, 20),
('$2a$10$1IdrGrRAN2Wp3U7QI.JIzuj/DUpsANoEk4usC10lyWBvgCY2jpdQ6', TIMESTAMP '2019-08-04 00:54:04.559', TRUE, 21, NULL, 18),
('$2a$10$1IdrGrRAN2Wp3U7QI.JIzukT2e4dWh2jhcsPdh.C5JEqMyz08zCoa', TIMESTAMP '2019-08-04 00:54:04.837', TRUE, 21, NULL, 14),
('$2a$10$1IdrGrRAN2Wp3U7QI.JIzuRe9KBAxYEu.ylAyhV50ek90rELSRGqG', TIMESTAMP '2019-08-04 00:54:05.113', TRUE, 21, NULL, 19),
('$2a$10$1IdrGrRAN2Wp3U7QI.JIzuQi87d/P3rgtaiDqqegSB4vu2sByXkly', TIMESTAMP '2019-08-04 00:54:05.451', FALSE, 21, '$2a$10$1IdrGrRAN2Wp3U7QI.JIzumrB8gg15WYrl/9Od2a/lKdcXxyoRqYe', 12);
CREATE MEMORY TABLE PUBLIC.COMMENTS(
ID BIGINT NOT NULL,
CREATED_AT TIMESTAMP NOT NULL,
UPDATED_AT TIMESTAMP NOT NULL,
COMMENT VARCHAR(255) NOT NULL,
CREATED_BY_ID BIGINT NOT NULL,
PARENT_ID BIGINT,
PROPOSAL_ID BIGINT NOT NULL
);
ALTER TABLE PUBLIC.COMMENTS ADD CONSTRAINT PUBLIC.CONSTRAINT_A PRIMARY KEY(ID);
-- 123 +/- SELECT COUNT(*) FROM PUBLIC.COMMENTS;
INSERT INTO PUBLIC.COMMENTS(ID, CREATED_AT, UPDATED_AT, COMMENT, CREATED_BY_ID, PARENT_ID, PROPOSAL_ID) VALUES
(194, TIMESTAMP '2019-08-03 00:53:47.838', TIMESTAMP '2019-08-03 00:53:47.838', 'Comment on root level. I really like this idea, but needs to be improved. 1564786427833', 5, NULL, 193),
(195, TIMESTAMP '2019-08-03 00:53:47.842', TIMESTAMP '2019-08-03 00:53:47.842', 'Reply 0 Lorem ipsum dolor sit amet, consectetur adipiscing elit, sed do eiusmod tempor incididunt ut l', 3, 194, 193),
(196, TIMESTAMP '2019-08-03 00:53:47.844', TIMESTAMP '2019-08-03 00:53:47.844', 'Reply 1 Lorem ipsum dolor sit amet, consectetur adipiscing elit, sed do eiusmo', 10, 194, 193),
(197, TIMESTAMP '2019-08-03 00:53:47.845', TIMESTAMP '2019-08-03 00:53:47.845', 'Reply 2 Lorem ipsum dolor sit ame', 8, 194, 193),
(198, TIMESTAMP '2019-08-03 00:53:47.846', TIMESTAMP '2019-08-03 00:53:47.846', 'Reply 3 Lorem ipsum dolor sit amet, consectetur adipiscing elit, sed do eiusmod tempor incididun', 9, 194, 193),
(199, TIMESTAMP '2019-08-03 00:53:47.849', TIMESTAMP '2019-08-03 00:53:47.849', 'Reply 4 Lorem ipsum dolor sit amet, consectetur adipiscing elit', 17, 194, 193),
(201, TIMESTAMP '2019-08-03 00:53:47.904', TIMESTAMP '2019-08-03 00:53:47.904', 'Comment on root level. I really like this idea, but needs to be improved. 1564786427903', 13, NULL, 200),
(202, TIMESTAMP '2019-08-03 00:53:47.939', TIMESTAMP '2019-08-03 00:53:47.939', 'Reply 0 Lorem ipsum dolor sit amet, consectetur adipiscing elit, sed do eiusmod tem', 9, 201, 200),
(203, TIMESTAMP '2019-08-03 00:53:47.942', TIMESTAMP '2019-08-03 00:53:47.942', 'Reply 1 Lorem ipsum dolor sit amet, consectetur adipiscing elit, se', 7, 201, 200),
(204, TIMESTAMP '2019-08-03 00:53:47.943', TIMESTAMP '2019-08-03 00:53:47.943', 'Reply 2 Lorem ipsum dolor sit amet, consectetur adipisc', 8, 201, 200),
(205, TIMESTAMP '2019-08-03 00:53:47.944', TIMESTAMP '2019-08-03 00:53:47.944', 'Reply 3 Lorem ipsum dolor sit amet, consectetur adipiscing elit, sed do eiu', 12, 201, 200),
(206, TIMESTAMP '2019-08-03 00:53:47.946', TIMESTAMP '2019-08-03 00:53:47.946', 'Reply 4 Lorem ipsum dolor sit amet, consectetur adipiscing elit, sed d', 7, 201, 200),
(207, TIMESTAMP '2019-08-03 00:53:47.948', TIMESTAMP '2019-08-03 00:53:47.948', 'Reply 5 Lorem ipsum dolor sit amet, consectetur adipis', 4, 201, 200),
(208, TIMESTAMP '2019-08-03 00:53:47.95', TIMESTAMP '2019-08-03 00:53:47.95', 'Reply 6 Lorem ipsum dolor sit amet, consectetur adipiscing elit, sed do eiusm', 3, 201, 200),
(209, TIMESTAMP '2019-08-03 00:53:47.951', TIMESTAMP '2019-08-03 00:53:47.951', 'Reply 7 Lorem ipsum dolor sit amet, consectetur adipiscing elit, s', 13, 201, 200),
(211, TIMESTAMP '2019-08-03 00:53:47.976', TIMESTAMP '2019-08-03 00:53:47.976', 'Comment on root level. I really like this idea, but needs to be improved. 1564786427976', 15, NULL, 210),
(212, TIMESTAMP '2019-08-03 00:53:47.978', TIMESTAMP '2019-08-03 00:53:47.978', 'Reply 0 Lorem ipsum dolor sit amet, consectetur adipiscing elit, sed do eiusmod tempor incididunt ut ', 10, 211, 210),
(213, TIMESTAMP '2019-08-03 00:53:47.979', TIMESTAMP '2019-08-03 00:53:47.979', 'Reply 1 Lorem ipsum dolor sit amet, consectetur adipiscing elit, sed do eiusmod ', 6, 211, 210),
(215, TIMESTAMP '2019-08-03 00:53:47.995', TIMESTAMP '2019-08-03 00:53:47.995', 'Comment on root level. I really like this idea, but needs to be improved. 1564786427994', 20, NULL, 214),
(216, TIMESTAMP '2019-08-03 00:53:47.996', TIMESTAMP '2019-08-03 00:53:47.996', 'Reply 0 Lorem ipsum dolor sit', 18, 215, 214),
(217, TIMESTAMP '2019-08-03 00:53:47.997', TIMESTAMP '2019-08-03 00:53:47.997', 'Reply 1 Lorem ipsum dolor ', 15, 215, 214),
(218, TIMESTAMP '2019-08-03 00:53:47.998', TIMESTAMP '2019-08-03 00:53:47.998', 'Reply 2 Lorem ipsum dolor', 11, 215, 214),
(220, TIMESTAMP '2019-08-03 00:53:48.018', TIMESTAMP '2019-08-03 00:53:48.018', 'Comment on root level. I really like this idea, but needs to be improved. 1564786428017', 2, NULL, 219),
(221, TIMESTAMP '2019-08-03 00:53:48.024', TIMESTAMP '2019-08-03 00:53:48.024', 'Reply 0 Lorem ipsum do', 18, 220, 219);
INSERT INTO PUBLIC.COMMENTS(ID, CREATED_AT, UPDATED_AT, COMMENT, CREATED_BY_ID, PARENT_ID, PROPOSAL_ID) VALUES
(222, TIMESTAMP '2019-08-03 00:53:48.027', TIMESTAMP '2019-08-03 00:53:48.027', 'Reply 1 Lorem ipsum dolor sit amet, consectetur adipiscing elit, sed do eiusmod tempor inc', 14, 220, 219),
(223, TIMESTAMP '2019-08-03 00:53:48.03', TIMESTAMP '2019-08-03 00:53:48.03', 'Reply 2 Lorem ipsum dolor sit amet, consectetur adipiscing elit, sed do eiusmod tempor incididun', 18, 220, 219),
(224, TIMESTAMP '2019-08-03 00:53:48.035', TIMESTAMP '2019-08-03 00:53:48.035', 'Reply 3 Lorem ipsum dolor sit amet, consectetur adipiscing elit, sed do eiusmod te', 20, 220, 219),
(225, TIMESTAMP '2019-08-03 00:53:48.037', TIMESTAMP '2019-08-03 00:53:48.037', 'Reply 4 Lorem ipsum dolor sit amet, consectetur adipiscing elit, sed do eiusmod tempor in', 2, 220, 219),
(236, TIMESTAMP '2019-08-03 00:53:54.361', TIMESTAMP '2019-08-03 00:53:54.361', 'Comment on root level. I really like this idea, but needs to be improved. 1564786434360', 11, NULL, 235),
(237, TIMESTAMP '2019-08-03 00:53:54.362', TIMESTAMP '2019-08-03 00:53:54.362', 'Reply 0 Lorem ipsum dolor sit amet, consectetur adipi', 9, 236, 235),
(238, TIMESTAMP '2019-08-03 00:53:54.363', TIMESTAMP '2019-08-03 00:53:54.363', 'Reply 1 Lorem ipsum dolor sit amet, consectetur', 7, 236, 235),
(239, TIMESTAMP '2019-08-03 00:53:54.364', TIMESTAMP '2019-08-03 00:53:54.364', 'Reply 2 Lorem ipsum dolor sit amet, consectetur adipiscing elit, sed do eiusmod te', 10, 236, 235),
(240, TIMESTAMP '2019-08-03 00:53:54.365', TIMESTAMP '2019-08-03 00:53:54.365', 'Reply 3 Lorem ipsum do', 14, 236, 235),
(245, TIMESTAMP '2019-08-03 00:53:54.404', TIMESTAMP '2019-08-03 00:53:54.404', 'Comment on root level. I really like this idea, but needs to be improved. 1564786434404', 1, NULL, 244),
(246, TIMESTAMP '2019-08-03 00:53:54.405', TIMESTAMP '2019-08-03 00:53:54.405', 'Reply 0 Lorem ipsum dolor sit amet, consectetur adipiscing elit, sed do eiusm', 9, 245, 244),
(247, TIMESTAMP '2019-08-03 00:53:54.407', TIMESTAMP '2019-08-03 00:53:54.407', 'Reply 1 Lorem ipsum dolor sit amet, consectetur adipiscing elit, sed do eiusmod tempor incididunt ut lab', 7, 245, 244),
(249, TIMESTAMP '2019-08-03 00:53:54.441', TIMESTAMP '2019-08-03 00:53:54.441', 'Comment on root level. I really like this idea, but needs to be improved. 1564786434440', 4, NULL, 248),
(250, TIMESTAMP '2019-08-03 00:53:54.442', TIMESTAMP '2019-08-03 00:53:54.442', 'Reply 0 Lorem ipsum dolor sit amet, consectetur adipiscing elit, sed do eiusmod tempor in', 17, 249, 248),
(251, TIMESTAMP '2019-08-03 00:53:54.443', TIMESTAMP '2019-08-03 00:53:54.443', 'Reply 1 Lorem ipsum dolor sit amet, consectetur adipiscing elit', 4, 249, 248),
(252, TIMESTAMP '2019-08-03 00:53:54.444', TIMESTAMP '2019-08-03 00:53:54.444', 'Reply 2 Lorem ipsum dolor sit amet, consectetur adipiscing elit, sed do eiusmod tempor inc', 2, 249, 248),
(253, TIMESTAMP '2019-08-03 00:53:54.445', TIMESTAMP '2019-08-03 00:53:54.445', 'Reply 3 Lorem ipsum dolor sit amet, consectetur adipiscing elit, sed do ei', 14, 249, 248),
(254, TIMESTAMP '2019-08-03 00:53:54.447', TIMESTAMP '2019-08-03 00:53:54.447', 'Reply 4 Lorem ipsum dolor sit amet, consectetur adipiscing elit, sed do eiusmod tempor incidid', 12, 249, 248),
(256, TIMESTAMP '2019-08-03 00:53:54.488', TIMESTAMP '2019-08-03 00:53:54.488', 'Comment on root level. I really like this idea, but needs to be improved. 1564786434480', 12, NULL, 255),
(257, TIMESTAMP '2019-08-03 00:53:54.497', TIMESTAMP '2019-08-03 00:53:54.497', 'Reply 0 Lorem ipsum dolo', 3, 256, 255),
(258, TIMESTAMP '2019-08-03 00:53:54.498', TIMESTAMP '2019-08-03 00:53:54.498', 'Reply 1 Lorem ipsum dolor sit', 4, 256, 255),
(259, TIMESTAMP '2019-08-03 00:53:54.499', TIMESTAMP '2019-08-03 00:53:54.499', 'Reply 2 Lorem ipsum dolor sit amet, consectetur adipiscing elit, sed do e', 13, 256, 255),
(260, TIMESTAMP '2019-08-03 00:53:54.502', TIMESTAMP '2019-08-03 00:53:54.502', 'Reply 3 Lorem ipsum', 3, 256, 255),
(262, TIMESTAMP '2019-08-03 00:53:54.55', TIMESTAMP '2019-08-03 00:53:54.55', 'Comment on root level. I really like this idea, but needs to be improved. 1564786434550', 18, NULL, 261);
INSERT INTO PUBLIC.COMMENTS(ID, CREATED_AT, UPDATED_AT, COMMENT, CREATED_BY_ID, PARENT_ID, PROPOSAL_ID) VALUES
(263, TIMESTAMP '2019-08-03 00:53:54.552', TIMESTAMP '2019-08-03 00:53:54.552', 'Reply 0 Lorem ipsum dolor sit amet, consectetur adipiscing elit, sed do eiusmod tempor ', 13, 262, 261),
(264, TIMESTAMP '2019-08-03 00:53:54.554', TIMESTAMP '2019-08-03 00:53:54.554', 'Reply 1 Lorem ipsum dolor sit ', 11, 262, 261),
(265, TIMESTAMP '2019-08-03 00:53:54.555', TIMESTAMP '2019-08-03 00:53:54.555', 'Reply 2 Lorem ipsum dolor sit amet, consectetur adipiscing elit, sed do eiusmod tempor incididunt ut labo', 13, 262, 261),
(266, TIMESTAMP '2019-08-03 00:53:54.563', TIMESTAMP '2019-08-03 00:53:54.563', 'Reply 3 Lorem ipsum dolor sit amet, consectetur adipiscing elit, sed do eiusmod tempor incididunt ut labo', 20, 262, 261),
(268, TIMESTAMP '2019-08-03 00:53:54.643', TIMESTAMP '2019-08-03 00:53:54.643', 'Comment on root level. I really like this idea, but needs to be improved. 1564786434642', 3, NULL, 267),
(269, TIMESTAMP '2019-08-03 00:53:54.644', TIMESTAMP '2019-08-03 00:53:54.644', 'Reply 0 Lorem ipsum dolor sit a', 16, 268, 267),
(270, TIMESTAMP '2019-08-03 00:53:54.645', TIMESTAMP '2019-08-03 00:53:54.645', 'Reply 1 Lorem ipsum dolor sit amet, cons', 2, 268, 267),
(273, TIMESTAMP '2019-08-03 00:53:54.669', TIMESTAMP '2019-08-03 00:53:54.669', 'Comment on root level. I really like this idea, but needs to be improved. 1564786434668', 7, NULL, 272),
(274, TIMESTAMP '2019-08-03 00:53:54.67', TIMESTAMP '2019-08-03 00:53:54.67', 'Reply 0 Lorem ipsum dolor sit amet, consectetur adipiscing elit, sed do eiusmod tempor incididunt ut la', 14, 273, 272),
(275, TIMESTAMP '2019-08-03 00:53:54.671', TIMESTAMP '2019-08-03 00:53:54.671', 'Reply 1 Lorem ipsum dolor sit amet, consectetur adipiscing elit, sed do eiusmod tempor incididunt ut ', 9, 273, 272),
(276, TIMESTAMP '2019-08-03 00:53:54.672', TIMESTAMP '2019-08-03 00:53:54.672', 'Reply 2 Lorem ipsum dolor sit amet, consectetur adipiscing ', 10, 273, 272),
(278, TIMESTAMP '2019-08-03 00:53:54.741', TIMESTAMP '2019-08-03 00:53:54.741', 'Comment on root level. I really like this idea, but needs to be improved. 1564786434740', 15, NULL, 277),
(279, TIMESTAMP '2019-08-03 00:53:54.742', TIMESTAMP '2019-08-03 00:53:54.742', 'Reply 0 Lorem ipsum dolor sit amet, consectetur adipiscing elit, sed do eiu', 20, 278, 277),
(280, TIMESTAMP '2019-08-03 00:53:54.743', TIMESTAMP '2019-08-03 00:53:54.743', 'Reply 1 Lorem ipsum dolor sit amet, consectetur adipiscing el', 2, 278, 277),
(281, TIMESTAMP '2019-08-03 00:53:54.744', TIMESTAMP '2019-08-03 00:53:54.744', 'Reply 2 Lorem ipsum dolor sit amet, co', 4, 278, 277),
(282, TIMESTAMP '2019-08-03 00:53:54.745', TIMESTAMP '2019-08-03 00:53:54.745', 'Reply 3 Lorem ipsum dolor sit amet, consectetur adipiscing elit, sed do eiusmod tempor incididunt ut l', 20, 278, 277),
(284, TIMESTAMP '2019-08-03 00:53:54.779', TIMESTAMP '2019-08-03 00:53:54.779', 'Comment on root level. I really like this idea, but needs to be improved. 1564786434779', 20, NULL, 283),
(285, TIMESTAMP '2019-08-03 00:53:54.781', TIMESTAMP '2019-08-03 00:53:54.781', 'Reply 0 Lorem ipsum dolor sit amet', 14, 284, 283),
(286, TIMESTAMP '2019-08-03 00:53:54.782', TIMESTAMP '2019-08-03 00:53:54.782', 'Reply 1 Lorem ipsum dolor sit amet, consectetur adipiscing elit, sed do eiusmod tempor incididunt ut l', 9, 284, 283),
(287, TIMESTAMP '2019-08-03 00:53:54.783', TIMESTAMP '2019-08-03 00:53:54.783', 'Reply 2 Lorem ipsum dolor s', 12, 284, 283),
(289, TIMESTAMP '2019-08-03 00:53:54.814', TIMESTAMP '2019-08-03 00:53:54.814', 'Comment on root level. I really like this idea, but needs to be improved. 1564786434813', 18, NULL, 288),
(290, TIMESTAMP '2019-08-03 00:53:54.815', TIMESTAMP '2019-08-03 00:53:54.815', 'Reply 0 Lorem ipsum dolor sit amet, consectetur adipiscing elit, sed do eiusmod tem', 7, 289, 288),
(291, TIMESTAMP '2019-08-03 00:53:54.816', TIMESTAMP '2019-08-03 00:53:54.816', 'Reply 1 Lorem ipsum dolor sit amet, consectetur adipiscing elit, sed do eiusmod tempor incid', 15, 289, 288),
(292, TIMESTAMP '2019-08-03 00:53:54.817', TIMESTAMP '2019-08-03 00:53:54.817', 'Reply 2 Lorem ipsum dolor sit amet, consectetur adipiscing elit, sed do eiusmod tempor incid', 14, 289, 288);
INSERT INTO PUBLIC.COMMENTS(ID, CREATED_AT, UPDATED_AT, COMMENT, CREATED_BY_ID, PARENT_ID, PROPOSAL_ID) VALUES
(293, TIMESTAMP '2019-08-03 00:53:54.818', TIMESTAMP '2019-08-03 00:53:54.818', 'Reply 3 Lorem ipsum dolor si', 13, 289, 288),
(294, TIMESTAMP '2019-08-03 00:53:54.819', TIMESTAMP '2019-08-03 00:53:54.819', 'Reply 4 Lorem ipsum dolor s', 15, 289, 288),
(296, TIMESTAMP '2019-08-03 00:53:54.89', TIMESTAMP '2019-08-03 00:53:54.89', 'Comment on root level. I really like this idea, but needs to be improved. 1564786434889', 16, NULL, 295),
(297, TIMESTAMP '2019-08-03 00:53:54.891', TIMESTAMP '2019-08-03 00:53:54.891', 'Reply 0 Lorem ipsum dolor sit amet', 6, 296, 295),
(298, TIMESTAMP '2019-08-03 00:53:54.892', TIMESTAMP '2019-08-03 00:53:54.892', 'Reply 1 Lorem ipsum dolor sit amet, consectetur adipiscing elit, sed do e', 14, 296, 295),
(299, TIMESTAMP '2019-08-03 00:53:54.893', TIMESTAMP '2019-08-03 00:53:54.893', 'Reply 2 Lorem ipsum dolor sit amet, consectetur adipiscing elit, sed do eiusmod tempor incididunt u', 17, 296, 295),
(300, TIMESTAMP '2019-08-03 00:53:54.896', TIMESTAMP '2019-08-03 00:53:54.896', 'Reply 3 Lorem ipsum dolor sit amet, c', 10, 296, 295),
(301, TIMESTAMP '2019-08-03 00:53:54.897', TIMESTAMP '2019-08-03 00:53:54.897', 'Reply 4 Lorem ipsum dolor sit amet, consectetur ad', 3, 296, 295),
(302, TIMESTAMP '2019-08-03 00:53:54.898', TIMESTAMP '2019-08-03 00:53:54.898', 'Reply 5 Lorem ipsum dolor sit amet, consecte', 7, 296, 295),
(305, TIMESTAMP '2019-08-03 00:53:54.927', TIMESTAMP '2019-08-03 00:53:54.927', 'Comment on root level. I really like this idea, but needs to be improved. 1564786434926', 18, NULL, 304),
(306, TIMESTAMP '2019-08-03 00:53:54.934', TIMESTAMP '2019-08-03 00:53:54.934', 'Reply 0 Lorem ipsum dolor sit amet, consectetur adipiscing elit, sed do eiusmod tempor incididunt ut ', 9, 305, 304),
(307, TIMESTAMP '2019-08-03 00:53:54.935', TIMESTAMP '2019-08-03 00:53:54.935', 'Reply 1 Lorem ipsum dolor sit amet, consectetur adipiscing', 3, 305, 304),
(308, TIMESTAMP '2019-08-03 00:53:54.936', TIMESTAMP '2019-08-03 00:53:54.936', 'Reply 2 Lorem ipsum dolor sit amet, consectetur adipiscing eli', 8, 305, 304),
(309, TIMESTAMP '2019-08-03 00:53:54.937', TIMESTAMP '2019-08-03 00:53:54.937', 'Reply 3 Lorem ipsum dolor', 13, 305, 304),
(310, TIMESTAMP '2019-08-03 00:53:54.939', TIMESTAMP '2019-08-03 00:53:54.939', 'Reply 4 Lorem ipsum dolor sit amet, consectetur adipiscing elit, sed do eiusmod tempor incididunt ut labore', 7, 305, 304),
(311, TIMESTAMP '2019-08-03 00:53:54.941', TIMESTAMP '2019-08-03 00:53:54.941', 'Reply 5 Lorem ipsum dolor sit amet, consectetur adipisc', 8, 305, 304),
(312, TIMESTAMP '2019-08-03 00:53:54.942', TIMESTAMP '2019-08-03 00:53:54.942', 'Reply 6 Lorem ipsum dolor sit amet, consec', 12, 305, 304),
(314, TIMESTAMP '2019-08-03 00:53:54.974', TIMESTAMP '2019-08-03 00:53:54.974', 'Comment on root level. I really like this idea, but needs to be improved. 1564786434972', 5, NULL, 313),
(315, TIMESTAMP '2019-08-03 00:53:54.975', TIMESTAMP '2019-08-03 00:53:54.975', 'Reply 0 Lorem ipsum dolor sit amet, consectetur adipiscing el', 9, 314, 313),
(316, TIMESTAMP '2019-08-03 00:53:54.976', TIMESTAMP '2019-08-03 00:53:54.976', 'Reply 1 Lorem ipsum dolor sit amet, consectetur adipiscing elit, sed', 9, 314, 313),
(317, TIMESTAMP '2019-08-03 00:53:54.977', TIMESTAMP '2019-08-03 00:53:54.977', 'Reply 2 Lorem ipsum dolor sit', 20, 314, 313),
(318, TIMESTAMP '2019-08-03 00:53:54.978', TIMESTAMP '2019-08-03 00:53:54.978', 'Reply 3 Lorem ipsum dolor sit amet, consectetur adipiscing elit, sed do eiusmod tempor incididu', 6, 314, 313),
(320, TIMESTAMP '2019-08-03 00:53:55.036', TIMESTAMP '2019-08-03 00:53:55.036', 'Comment on root level. I really like this idea, but needs to be improved. 1564786435035', 5, NULL, 319),
(321, TIMESTAMP '2019-08-03 00:53:55.037', TIMESTAMP '2019-08-03 00:53:55.037', 'Reply 0 Lorem ipsum dolor sit amet, consectetur adipiscing elit, sed d', 18, 320, 319),
(322, TIMESTAMP '2019-08-03 00:53:55.038', TIMESTAMP '2019-08-03 00:53:55.038', 'Reply 1 Lorem ipsum dolor sit amet, consectetur a', 2, 320, 319);
INSERT INTO PUBLIC.COMMENTS(ID, CREATED_AT, UPDATED_AT, COMMENT, CREATED_BY_ID, PARENT_ID, PROPOSAL_ID) VALUES
(323, TIMESTAMP '2019-08-03 00:53:55.04', TIMESTAMP '2019-08-03 00:53:55.04', 'Reply 2 Lorem ipsum dolor sit amet, consectetur adipiscing elit, sed do eiusmod tempor incididunt ut', 6, 320, 319),
(324, TIMESTAMP '2019-08-03 00:53:55.042', TIMESTAMP '2019-08-03 00:53:55.042', 'Reply 3 Lorem ipsum dolor sit amet, consectetur adipiscing elit, sed do eiusmod tempor inci', 9, 320, 319),
(326, TIMESTAMP '2019-08-03 00:53:55.07', TIMESTAMP '2019-08-03 00:53:55.07', 'Comment on root level. I really like this idea, but needs to be improved. 1564786435070', 15, NULL, 325),
(327, TIMESTAMP '2019-08-03 00:53:55.072', TIMESTAMP '2019-08-03 00:53:55.072', 'Reply 0 Lorem ipsum dolor sit amet, consectetur adipiscing elit, sed do eiusmod tempor inc', 14, 326, 325),
(328, TIMESTAMP '2019-08-03 00:53:55.074', TIMESTAMP '2019-08-03 00:53:55.074', 'Reply 1 Lorem ipsum dolor sit amet, consectetur adipiscing elit, sed do eiusmod tempor incididun', 5, 326, 325),
(329, TIMESTAMP '2019-08-03 00:53:55.075', TIMESTAMP '2019-08-03 00:53:55.075', 'Reply 2 Lorem ipsum dolor sit amet, conse', 6, 326, 325),
(330, TIMESTAMP '2019-08-03 00:53:55.076', TIMESTAMP '2019-08-03 00:53:55.076', 'Reply 3 Lorem ipsum dolor sit amet, consectetur', 4, 326, 325),
(348, TIMESTAMP '2019-08-03 00:54:01.272', TIMESTAMP '2019-08-03 00:54:01.272', 'Comment on root level. I really like this idea, but needs to be improved. 1564786441272', 8, NULL, 347),
(349, TIMESTAMP '2019-08-03 00:54:01.291', TIMESTAMP '2019-08-03 00:54:01.291', 'Reply 0 Lorem ipsum dolor sit amet, consectetur a', 8, 348, 347),
(350, TIMESTAMP '2019-08-03 00:54:01.293', TIMESTAMP '2019-08-03 00:54:01.293', 'Reply 1 Lorem ipsum dolor sit amet, consectetur adipiscing elit', 6, 348, 347),
(351, TIMESTAMP '2019-08-03 00:54:01.294', TIMESTAMP '2019-08-03 00:54:01.294', 'Reply 2 Lorem ipsum do', 4, 348, 347),
(352, TIMESTAMP '2019-08-03 00:54:01.295', TIMESTAMP '2019-08-03 00:54:01.295', 'Reply 3 Lorem ipsum dolor sit amet, consect', 2, 348, 347),
(355, TIMESTAMP '2019-08-03 00:54:01.314', TIMESTAMP '2019-08-03 00:54:01.314', 'Comment on root level. I really like this idea, but needs to be improved. 1564786441314', 19, NULL, 354),
(356, TIMESTAMP '2019-08-03 00:54:01.315', TIMESTAMP '2019-08-03 00:54:01.315', 'Reply 0 Lorem ipsum dolor sit amet, consectetur adipiscing elit, sed do e', 1, 355, 354),
(357, TIMESTAMP '2019-08-03 00:54:01.316', TIMESTAMP '2019-08-03 00:54:01.316', 'Reply 1 Lorem ipsum dolor sit amet, consectetur adipisci', 5, 355, 354),
(359, TIMESTAMP '2019-08-03 00:54:01.336', TIMESTAMP '2019-08-03 00:54:01.336', 'Comment on root level. I really like this idea, but needs to be improved. 1564786441336', 5, NULL, 358),
(360, TIMESTAMP '2019-08-03 00:54:01.337', TIMESTAMP '2019-08-03 00:54:01.337', 'Reply 0 Lorem ipsum dolor sit amet, consectetur adipiscing e', 9, 359, 358),
(361, TIMESTAMP '2019-08-03 00:54:01.338', TIMESTAMP '2019-08-03 00:54:01.338', 'Reply 1 Lorem ipsum dolor sit amet, consectetur adipiscing elit, sed do eiusmod tempo', 18, 359, 358),
(363, TIMESTAMP '2019-08-03 00:54:01.359', TIMESTAMP '2019-08-03 00:54:01.359', 'Comment on root level. I really like this idea, but needs to be improved. 1564786441358', 13, NULL, 362),
(364, TIMESTAMP '2019-08-03 00:54:01.36', TIMESTAMP '2019-08-03 00:54:01.36', 'Reply 0 Lorem ipsum dolor sit amet, c', 9, 363, 362),
(365, TIMESTAMP '2019-08-03 00:54:01.362', TIMESTAMP '2019-08-03 00:54:01.362', 'Reply 1 Lorem ipsum dolor sit amet, consectetur adipiscing elit, sed do eiusmod tempor incididunt ', 10, 363, 362),
(366, TIMESTAMP '2019-08-03 00:54:01.363', TIMESTAMP '2019-08-03 00:54:01.363', 'Reply 2 Lorem ipsum dolor sit amet, consectetur adipiscing elit, sed do eiusmod tempor incidi', 12, 363, 362),
(367, TIMESTAMP '2019-08-03 00:54:01.364', TIMESTAMP '2019-08-03 00:54:01.364', 'Reply 3 Lorem ipsum dolor sit amet, consectetur adipiscing elit, sed do eiusmod ', 3, 363, 362),
(369, TIMESTAMP '2019-08-03 00:54:01.383', TIMESTAMP '2019-08-03 00:54:01.383', 'Comment on root level. I really like this idea, but needs to be improved. 1564786441383', 10, NULL, 368);
INSERT INTO PUBLIC.COMMENTS(ID, CREATED_AT, UPDATED_AT, COMMENT, CREATED_BY_ID, PARENT_ID, PROPOSAL_ID) VALUES
(370, TIMESTAMP '2019-08-03 00:54:01.384', TIMESTAMP '2019-08-03 00:54:01.384', 'Reply 0 Lorem ipsum dolor sit amet, consectetur adipiscing elit, sed do e', 15, 369, 368),
(371, TIMESTAMP '2019-08-03 00:54:01.385', TIMESTAMP '2019-08-03 00:54:01.385', 'Reply 1 Lorem ipsum dolor sit amet, consectetur adipiscing elit, sed do eiusmod tempor incididun', 12, 369, 368);
CREATE MEMORY TABLE PUBLIC.COMMENTS_DOWN_VOTERS(
COMMENT_MODEL_ID BIGINT NOT NULL,
DOWN_VOTERS_ID BIGINT NOT NULL
);
ALTER TABLE PUBLIC.COMMENTS_DOWN_VOTERS ADD CONSTRAINT PUBLIC.CONSTRAINT_2 PRIMARY KEY(COMMENT_MODEL_ID, DOWN_VOTERS_ID);
-- 305 +/- SELECT COUNT(*) FROM PUBLIC.COMMENTS_DOWN_VOTERS;
INSERT INTO PUBLIC.COMMENTS_DOWN_VOTERS(COMMENT_MODEL_ID, DOWN_VOTERS_ID) VALUES
(194, 4),
(194, 13),
(194, 8),
(194, 1),
(194, 3),
(195, 4),
(196, 8),
(196, 3),
(197, 12),
(198, 7),
(199, 6),
(199, 12),
(201, 6),
(201, 12),
(202, 2),
(202, 20),
(202, 19),
(203, 2),
(203, 18),
(203, 19),
(205, 4),
(205, 11),
(205, 14),
(205, 9),
(206, 2),
(206, 13),
(206, 7),
(206, 5),
(207, 13),
(207, 10),
(208, 18),
(208, 7),
(209, 7),
(211, 2),
(212, 18),
(212, 3),
(212, 5),
(213, 20),
(215, 8),
(215, 14),
(215, 19),
(216, 2),
(216, 6),
(217, 17),
(217, 20),
(217, 7),
(217, 5),
(218, 4),
(218, 20),
(218, 10),
(218, 1),
(218, 16),
(220, 2),
(222, 17),
(222, 20),
(222, 7),
(222, 16),
(223, 4),
(223, 7),
(224, 17),
(224, 12),
(225, 2),
(225, 11),
(225, 7),
(225, 5),
(225, 12),
(236, 1),
(236, 16),
(237, 19),
(238, 2),
(238, 10),
(238, 1),
(238, 3),
(238, 15),
(238, 5),
(239, 18),
(239, 5),
(240, 17),
(240, 20),
(240, 15),
(245, 18),
(245, 14),
(245, 16),
(246, 13),
(247, 6),
(247, 18),
(249, 11),
(249, 14),
(250, 6),
(250, 11),
(250, 14),
(251, 2),
(251, 1),
(251, 3),
(251, 15),
(252, 12),
(253, 2),
(253, 8),
(253, 14),
(254, 2),
(254, 20),
(254, 12),
(256, 6),
(256, 8),
(256, 20),
(256, 7),
(256, 15),
(256, 12),
(257, 13),
(258, 2),
(258, 15),
(259, 11),
(259, 14),
(260, 2),
(262, 15),
(262, 9),
(263, 13),
(263, 7),
(263, 9),
(265, 4),
(265, 13),
(265, 20),
(265, 7),
(266, 3),
(266, 5),
(268, 4),
(268, 16),
(269, 9),
(270, 2),
(270, 6),
(270, 8),
(270, 3),
(270, 9),
(273, 2),
(273, 6),
(273, 7),
(273, 14),
(273, 5),
(274, 14),
(274, 15),
(275, 2),
(275, 6),
(275, 17),
(275, 14),
(276, 4),
(276, 2),
(276, 16),
(278, 2),
(278, 13),
(279, 6),
(279, 8),
(280, 4),
(280, 6),
(281, 4),
(281, 3),
(282, 1),
(282, 15),
(282, 12),
(284, 17),
(284, 10),
(284, 19),
(284, 12),
(285, 20),
(285, 19),
(286, 18),
(286, 15),
(289, 6),
(291, 4),
(291, 13),
(291, 14),
(292, 15),
(292, 16),
(292, 5),
(293, 3),
(293, 16),
(294, 3),
(294, 15),
(294, 5),
(296, 2),
(296, 14),
(296, 15),
(296, 5),
(298, 18),
(298, 20),
(298, 15),
(299, 18),
(299, 17),
(299, 5),
(300, 2),
(300, 13),
(300, 17),
(300, 7),
(300, 10),
(301, 13),
(301, 15),
(301, 12),
(305, 11),
(305, 18),
(305, 20),
(306, 8),
(306, 11),
(306, 12),
(307, 4),
(307, 11),
(307, 10),
(307, 9),
(308, 4),
(309, 14),
(309, 19),
(309, 16),
(310, 15),
(311, 8),
(311, 19),
(312, 13),
(312, 14),
(312, 1),
(312, 16),
(314, 8),
(314, 17),
(315, 13),
(315, 6),
(315, 8),
(315, 7),
(315, 14),
(316, 2),
(317, 6),
(317, 8),
(317, 18),
(317, 9),
(318, 18),
(318, 15),
(318, 12),
(320, 19),
(321, 20),
(321, 10),
(321, 1),
(321, 3),
(321, 19),
(322, 18),
(322, 20),
(322, 19),
(322, 12),
(323, 1),
(323, 16),
(324, 2),
(324, 14),
(324, 3),
(324, 19),
(324, 15),
(324, 12),
(326, 14),
(326, 3),
(327, 12),
(328, 8),
(328, 7),
(328, 16),
(328, 12),
(329, 20),
(329, 14),
(330, 9),
(349, 4),
(349, 7),
(349, 19),
(349, 9),
(350, 10),
(350, 15),
(350, 16),
(351, 4),
(352, 18),
(352, 10),
(352, 3),
(352, 12),
(355, 8),
(355, 14),
(355, 10),
(356, 8),
(356, 17),
(356, 16),
(356, 5),
(357, 2),
(357, 11),
(359, 7),
(359, 3),
(360, 6),
(363, 2),
(363, 4),
(363, 6),
(363, 3),
(363, 15),
(363, 5),
(364, 18),
(365, 20),
(366, 4),
(366, 13),
(366, 11),
(366, 16),
(367, 2),
(369, 4),
(369, 10),
(369, 19),
(370, 17),
(370, 5),
(371, 1),
(371, 15),
(371, 12);
CREATE MEMORY TABLE PUBLIC.COMMENTS_UP_VOTERS(
COMMENT_MODEL_ID BIGINT NOT NULL,
UP_VOTERS_ID BIGINT NOT NULL
);
ALTER TABLE PUBLIC.COMMENTS_UP_VOTERS ADD CONSTRAINT PUBLIC.CONSTRAINT_20 PRIMARY KEY(COMMENT_MODEL_ID, UP_VOTERS_ID);
-- 302 +/- SELECT COUNT(*) FROM PUBLIC.COMMENTS_UP_VOTERS;
INSERT INTO PUBLIC.COMMENTS_UP_VOTERS(COMMENT_MODEL_ID, UP_VOTERS_ID) VALUES
(194, 10),
(194, 3),
(194, 15),
(195, 3),
(196, 6),
(196, 19),
(197, 11),
(197, 8),
(197, 17),
(197, 7),
(198, 17),
(198, 14),
(199, 2),
(199, 17),
(199, 18),
(199, 1),
(199, 3),
(199, 5),
(199, 12),
(199, 9),
(201, 18),
(201, 20),
(201, 7),
(201, 3),
(201, 5),
(202, 20),
(202, 19),
(202, 9),
(203, 8),
(204, 5),
(204, 9),
(205, 2),
(205, 3),
(205, 5),
(206, 6),
(206, 19),
(207, 7),
(207, 3),
(208, 13),
(208, 17),
(208, 14),
(208, 7),
(209, 11),
(209, 16),
(209, 5),
(209, 9),
(211, 11),
(211, 20),
(211, 3),
(211, 16),
(211, 5),
(212, 6),
(212, 17),
(212, 20),
(212, 10),
(213, 6),
(213, 19),
(215, 6),
(215, 20),
(215, 7),
(215, 5),
(216, 13),
(216, 8),
(216, 15),
(217, 2),
(217, 8),
(217, 20),
(217, 5),
(218, 6),
(218, 7),
(218, 1),
(218, 5),
(220, 1),
(220, 16),
(220, 5),
(221, 4),
(221, 16),
(221, 5),
(222, 13),
(223, 17),
(223, 12),
(223, 9),
(224, 6),
(225, 13),
(225, 9),
(236, 11),
(237, 18),
(237, 16),
(238, 6),
(238, 17),
(238, 14),
(238, 7),
(239, 6),
(240, 6),
(240, 1),
(245, 17),
(245, 18),
(245, 14),
(245, 9),
(246, 15),
(247, 9),
(249, 19),
(250, 18),
(250, 19),
(250, 12),
(251, 13),
(252, 20),
(252, 16),
(252, 15),
(252, 9),
(253, 2),
(253, 17),
(253, 10),
(253, 1),
(253, 15),
(254, 6),
(256, 4),
(256, 11),
(256, 18),
(256, 14),
(256, 7),
(257, 2),
(257, 18),
(257, 10),
(257, 19),
(258, 2),
(258, 8),
(259, 4),
(259, 14),
(259, 10),
(259, 19),
(259, 5),
(260, 6),
(260, 16),
(262, 7),
(262, 1),
(263, 14),
(264, 4),
(264, 14),
(265, 2),
(265, 13),
(265, 8),
(265, 14),
(265, 1),
(265, 16),
(266, 11),
(266, 10),
(269, 17),
(269, 3),
(269, 19),
(270, 14),
(270, 3),
(273, 2),
(273, 11),
(273, 18),
(273, 15),
(274, 2),
(274, 14),
(274, 15),
(275, 14),
(276, 2),
(278, 18),
(278, 3),
(278, 19),
(278, 16),
(278, 12),
(279, 18),
(280, 18),
(281, 2),
(281, 7),
(281, 10),
(281, 1),
(282, 14),
(282, 15),
(284, 4),
(284, 20),
(284, 9),
(285, 6),
(285, 17),
(285, 1),
(285, 12),
(286, 6),
(286, 8),
(286, 19),
(289, 11),
(289, 1),
(289, 3),
(290, 8),
(290, 15),
(292, 2),
(292, 8),
(292, 18),
(292, 14),
(292, 5),
(293, 3),
(293, 15),
(294, 18),
(294, 16),
(296, 6),
(297, 6),
(297, 11),
(297, 5),
(298, 13),
(298, 7),
(298, 10),
(298, 12),
(299, 11),
(300, 2),
(300, 14),
(300, 5),
(301, 14),
(301, 1),
(305, 20),
(305, 19),
(305, 9),
(306, 20),
(307, 1),
(308, 2),
(308, 13),
(308, 18),
(308, 20),
(308, 5),
(309, 6),
(309, 20),
(309, 12),
(310, 8),
(310, 3),
(311, 2),
(311, 9),
(312, 2),
(312, 14),
(312, 16),
(312, 15),
(314, 3),
(315, 19),
(315, 16),
(315, 9),
(317, 8),
(317, 14),
(318, 18),
(318, 20),
(318, 3),
(318, 12),
(320, 8),
(320, 7),
(320, 15),
(321, 11),
(321, 17),
(322, 13),
(322, 11),
(322, 10),
(322, 5),
(323, 14),
(324, 20),
(324, 16),
(326, 2),
(326, 13),
(327, 9),
(328, 13),
(328, 14),
(328, 10),
(328, 12),
(329, 6),
(329, 17),
(329, 5),
(348, 7),
(349, 6),
(349, 20),
(349, 9),
(350, 19),
(351, 6),
(351, 8),
(351, 10),
(351, 1),
(351, 19),
(351, 5),
(352, 4),
(352, 8),
(352, 19),
(356, 10),
(359, 6),
(359, 3),
(359, 9),
(360, 15),
(360, 9),
(361, 8),
(361, 18),
(361, 1),
(361, 12),
(363, 6),
(363, 16),
(364, 2),
(364, 15),
(364, 16),
(366, 14),
(366, 19),
(367, 8),
(367, 15),
(367, 12),
(370, 3),
(371, 6),
(371, 12);
CREATE MEMORY TABLE PUBLIC.DELEGATIONS(
ID BIGINT NOT NULL,
CREATED_AT TIMESTAMP NOT NULL,
UPDATED_AT TIMESTAMP NOT NULL,
REQUESTED_DELEGATION_AT TIMESTAMP,
TRANSITIVE BOOLEAN NOT NULL,
AREA_ID BIGINT NOT NULL,
FROM_USER_ID BIGINT NOT NULL,
REQUESTED_DELEGATION_FROM_CHECKSUM_CHECKSUM VARCHAR(255),
TO_PROXY_ID BIGINT NOT NULL
);
ALTER TABLE PUBLIC.DELEGATIONS ADD CONSTRAINT PUBLIC.CONSTRAINT_8 PRIMARY KEY(ID);
-- 9 +/- SELECT COUNT(*) FROM PUBLIC.DELEGATIONS;
INSERT INTO PUBLIC.DELEGATIONS(ID, CREATED_AT, UPDATED_AT, REQUESTED_DELEGATION_AT, TRANSITIVE, AREA_ID, FROM_USER_ID, REQUESTED_DELEGATION_FROM_CHECKSUM_CHECKSUM, TO_PROXY_ID) VALUES
(226, TIMESTAMP '2019-08-03 00:53:48.782', TIMESTAMP '2019-08-03 00:53:48.782', NULL, TRUE, 21, 2, NULL, 1),
(227, TIMESTAMP '2019-08-03 00:53:49.495', TIMESTAMP '2019-08-03 00:53:49.495', NULL, TRUE, 21, 3, NULL, 1),
(228, TIMESTAMP '2019-08-03 00:53:50.182', TIMESTAMP '2019-08-03 00:53:50.182', NULL, TRUE, 21, 4, NULL, 1),
(229, TIMESTAMP '2019-08-03 00:53:50.682', TIMESTAMP '2019-08-03 00:53:50.682', TIMESTAMP '2019-08-03 00:53:50.681', TRUE, 21, 5, '$2a$10$1IdrGrRAN2Wp3U7QI.JIzuaW/fGb8Z2mJgsKxYwe5.NrtAFNxSQVS', 2),
(230, TIMESTAMP '2019-08-03 00:53:51.418', TIMESTAMP '2019-08-03 00:53:51.418', NULL, TRUE, 21, 6, NULL, 3),
(231, TIMESTAMP '2019-08-03 00:53:52.351', TIMESTAMP '2019-08-03 00:53:52.351', NULL, TRUE, 21, 7, NULL, 4),
(232, TIMESTAMP '2019-08-03 00:53:53.02', TIMESTAMP '2019-08-03 00:53:53.02', NULL, TRUE, 21, 10, NULL, 7),
(233, TIMESTAMP '2019-08-03 00:53:53.706', TIMESTAMP '2019-08-03 00:53:53.706', NULL, TRUE, 21, 11, NULL, 7),
(234, TIMESTAMP '2019-08-03 00:53:54.341', TIMESTAMP '2019-08-03 00:53:54.341', NULL, FALSE, 21, 12, NULL, 7);
CREATE MEMORY TABLE PUBLIC.KEY_VALUE(
ID BIGINT NOT NULL,
KEY_COL VARCHAR(255) NOT NULL,
VALUE_COL VARCHAR(255)
);
ALTER TABLE PUBLIC.KEY_VALUE ADD CONSTRAINT PUBLIC.CONSTRAINT_7 PRIMARY KEY(ID);
-- 3 +/- SELECT COUNT(*) FROM PUBLIC.KEY_VALUE;
INSERT INTO PUBLIC.KEY_VALUE(ID, KEY_COL, VALUE_COL) VALUES
(32, 'liquido.supporters.for.proposal', '10'),
(241, 'liquido.days.until.voting.starts', '14'),
(242, 'liquido.duration.of.voting.phase', '14');
CREATE MEMORY TABLE PUBLIC.LAWS(
ID BIGINT NOT NULL,
CREATED_AT TIMESTAMP NOT NULL,
UPDATED_AT TIMESTAMP NOT NULL,
DESCRIPTION VARCHAR(1000) NOT NULL,
REACHED_QUORUM_AT TIMESTAMP,
STATUS INTEGER NOT NULL,
TITLE VARCHAR(255) NOT NULL,
AREA_ID BIGINT NOT NULL,
CREATED_BY_ID BIGINT,
POLL_ID BIGINT
);
ALTER TABLE PUBLIC.LAWS ADD CONSTRAINT PUBLIC.CONSTRAINT_23 PRIMARY KEY(ID);
-- 188 +/- SELECT COUNT(*) FROM PUBLIC.LAWS;
INSERT INTO PUBLIC.LAWS(ID, CREATED_AT, UPDATED_AT, DESCRIPTION, REACHED_QUORUM_AT, STATUS, TITLE, AREA_ID, CREATED_BY_ID, POLL_ID) VALUES
(31, TIMESTAMP '2019-08-02 00:53:45.088', TIMESTAMP '2019-08-03 00:53:45.089', 'ZOPsAno4 Lorem ipsum dolor sit amet, consectetur adipiscing elit, sed do eiusmod tempor incididun', NULL, 0, 'Idea 0 title from TestFixtures', 21, 2, NULL),
(33, TIMESTAMP '2019-08-01 00:53:45.149', TIMESTAMP '2019-08-02 00:53:45.149', 'KAhb342d Lorem ipsum dolor sit amet, consectetur adipiscing elit, sed do eiusmod tempor incididunt ut labore et dolore magna aliqua.', NULL, 0, 'Idea 1 that suggest that we definitely need a longer title for ideas', 22, 5, NULL),
(34, TIMESTAMP '2019-07-31 00:53:45.235', TIMESTAMP '2019-08-01 00:53:45.235', 'Kb4AWrxP Lorem ipsum dolor sit amet, consectetur adipiscing elit, sed do eiusmod tempor incididunt ut labore et dolore magna aliqua. Ut enim ad minim veniam, quis nostrud exercitation ullamco laboris nisi ut aliquip ex ea commodo consequat. Duis aute irure dolor in reprehenderit in voluptate velit esse cillum dolore eu fugiat', NULL, 0, 'Idea 2 that suggest that we definitely need a longer title for ideas', 23, 13, NULL),
(35, TIMESTAMP '2019-07-30 00:53:45.242', TIMESTAMP '2019-07-31 00:53:45.243', 'FdWXxlxZ Lorem ipsum dolor sit amet, consectetur adipiscing elit, sed do eiusmod tempor incididunt ut labore et dolore magna aliqua. Ut enim ad minim veniam, quis nostrud exercitation ullamco laboris nisi ut aliquip ex ea commodo consequat. Duis aute irure dolor in reprehenderit in voluptate velit esse cillum dolore eu fugiat nulla pariatur. Excepteur sint occaecat cupidatat non proident, sunt in culpa q', NULL, 0, 'Idea 3 that suggest that we definitely need a longer title for ideas', 24, 15, NULL),
(36, TIMESTAMP '2019-07-29 00:53:45.246', TIMESTAMP '2019-07-30 00:53:45.246', 'HVOM3fOa Lorem ips', NULL, 0, 'Idea 4 that suggest that we definitely need a longer title for ideas', 25, 10, NULL),
(37, TIMESTAMP '2019-07-28 00:53:45.261', TIMESTAMP '2019-07-29 00:53:45.262', 'ZxzkdEU8 Lorem ipsum dolor sit amet, consectetur adipiscing elit, sed do eiusmod tempor incididunt ut labore et dolore magna aliqua. Ut enim ad minim veniam, quis nostrud exercitation ullamco laboris nisi ut aliquip ex ea commodo consequat. Duis aute irure dolor in reprehenderit in voluptate velit esse cillum dolore eu fugiat nulla pariatur. Excepteur sint occaecat cupidatat non proident, sunt i', NULL, 0, 'Idea 5 that suggest that we definitely need a longer title for ideas', 26, 1, NULL),
(38, TIMESTAMP '2019-07-27 00:53:45.312', TIMESTAMP '2019-07-28 00:53:45.312', 'QQQ5qQtG Lorem ipsum dolor sit amet, consectetur adipiscing elit, sed do eiusmod tempor incididunt ut labore et dolore magna aliqua. Ut enim ad minim veniam, quis nostrud exercitation ullamco laboris nisi ut aliquip ex ea commodo consequat. Duis aute irure dolor in reprehenderit in voluptate velit esse cillum dolore eu fugiat nulla pariatur. Excepteur sin', NULL, 0, 'Idea 6 that suggest that we definitely need a longer title for ideas', 27, 5, NULL),
(39, TIMESTAMP '2019-07-26 00:53:45.348', TIMESTAMP '2019-07-27 00:53:45.349', 'ohtxNnwB Lorem ipsum dolor sit amet, consectetur adipiscing elit, sed do eiusmod tempor incididunt ut labo', NULL, 0, 'Idea 7 that suggest that we definitely need a longer title for ideas', 28, 8, NULL),
(40, TIMESTAMP '2019-07-25 00:53:45.384', TIMESTAMP '2019-07-26 00:53:45.384', 'nM2TTMAS Lorem ipsum dolor sit amet, consectetur adipiscing elit, sed do eiusmod tempor incididunt ut labore et d', NULL, 0, 'Idea 8 that suggest that we definitely need a longer title for ideas', 29, 13, NULL),
(41, TIMESTAMP '2019-07-24 00:53:45.416', TIMESTAMP '2019-07-25 00:53:45.416', 'xYeGg26k Lorem ipsum dolor sit amet, consectetur adipiscing elit, sed do eiusmod tempor incididunt ut labore et dolore magna aliqua. Ut enim ad minim veniam, quis nostrud exercitation ullamco laboris ni', NULL, 0, 'Idea 9 that suggest that we definitely need a longer title for ideas', 30, 19, NULL),
(42, TIMESTAMP '2019-07-23 00:53:45.437', TIMESTAMP '2019-07-24 00:53:45.438', 'ORaXWNdY Lorem ipsum dolor sit amet, consectetur adipiscing elit, sed do eiusmod tempor incididunt ut labore et dolore magna aliqua. Ut enim ad minim veniam, quis nostrud exercitation ullamco labo', NULL, 0, 'Idea 10 that suggest that we definitely need a longer title for ideas', 21, 13, NULL);
INSERT INTO PUBLIC.LAWS(ID, CREATED_AT, UPDATED_AT, DESCRIPTION, REACHED_QUORUM_AT, STATUS, TITLE, AREA_ID, CREATED_BY_ID, POLL_ID) VALUES
(43, TIMESTAMP '2019-07-22 00:53:45.454', TIMESTAMP '2019-07-23 00:53:45.454', 'x0szQxbS Lorem ipsum dolor sit amet, consectetur adipiscing elit, sed do eiusmod tempor incididunt ut labore et dolore magna aliqua. Ut enim ad minim veniam, quis nostrud exercitation ullamco laboris nisi', NULL, 0, 'Idea 11 that suggest that we definitely need a longer title for ideas', 22, 19, NULL),
(44, TIMESTAMP '2019-07-21 00:53:45.511', TIMESTAMP '2019-07-22 00:53:45.513', '5c9eSLTZ Lorem ipsum dolor sit amet, consectetur adip', NULL, 0, 'Idea 12 that suggest that we definitely need a longer title for ideas', 23, 19, NULL),
(45, TIMESTAMP '2019-07-20 00:53:45.576', TIMESTAMP '2019-07-21 00:53:45.577', 'uhNAE5Wt Lorem ipsum dolor sit amet, consectetur adipiscing elit, sed do eiusmod tempor incididunt ut labore et dolore magna aliqua. Ut enim ad minim veniam, quis nostrud exerc', NULL, 0, 'Idea 13 that suggest that we definitely need a longer title for ideas', 24, 1, NULL),
(46, TIMESTAMP '2019-07-19 00:53:45.584', TIMESTAMP '2019-07-20 00:53:45.584', '6DqMsXWt Lorem ipsum dolor sit ', NULL, 0, 'Idea 14 that suggest that we definitely need a longer title for ideas', 25, 11, NULL),
(47, TIMESTAMP '2019-07-18 00:53:45.616', TIMESTAMP '2019-07-19 00:53:45.616', 'eXWqlW3c Lorem ipsum dolor sit amet, consectetur adipiscing elit, sed do eiusmod tempor incididunt ut l', NULL, 0, 'Idea 15 that suggest that we definitely need a longer title for ideas', 26, 7, NULL),
(48, TIMESTAMP '2019-07-17 00:53:45.632', TIMESTAMP '2019-07-18 00:53:45.632', 'DlPFB4eM Lorem ipsum dolor sit amet, consectetur adipiscing elit,', NULL, 0, 'Idea 16 that suggest that we definitely need a longer title for ideas', 27, 11, NULL),
(49, TIMESTAMP '2019-07-16 00:53:45.651', TIMESTAMP '2019-07-17 00:53:45.651', 'ovsuZetT Lorem ipsum dolor sit amet, consectetur adipiscing elit, sed do eiusmod tempor incididunt ut labore et dolore magna aliqua. Ut enim ad minim veniam, quis nostrud exercitation ullamco laboris nisi ut aliquip ex ea commodo consequat.', NULL, 0, 'Idea 17 that suggest that we definitely need a longer title for ideas', 28, 20, NULL),
(50, TIMESTAMP '2019-07-15 00:53:45.663', TIMESTAMP '2019-07-16 00:53:45.663', '9OkbfRFS Lorem ipsum dolor sit amet, consectetur adipiscing elit, sed do eiusmod tempor incididunt ut labore et dolore magna aliqua. Ut enim ad minim veniam, quis nostrud exercitation ullamco la', NULL, 0, 'Idea 18 that suggest that we definitely need a longer title for ideas', 29, 18, NULL),
(51, TIMESTAMP '2019-07-14 00:53:45.669', TIMESTAMP '2019-07-15 00:53:45.67', 'MFwnQPq2 Lorem ipsum dolor sit amet, consectetur adipiscing elit, sed do eiusmod tempor incididunt ut labore et dolore magna aliqua. Ut enim ad minim veniam, quis nostrud exercitation ullamco laboris nisi ut aliquip ex ea co', NULL, 0, 'Idea 19 that suggest that we definitely need a longer title for ideas', 30, 9, NULL),
(52, TIMESTAMP '2019-07-13 00:53:45.672', TIMESTAMP '2019-07-14 00:53:45.672', 'bSWEHMNG Lorem ipsum dolor sit amet, consectetur adipiscing elit, sed do eiusmod tempor incididunt ut labore et dolore magna aliqua. Ut enim ad minim veniam, quis nostrud exercitation ullamco laboris nisi ut aliquip ex ea commodo consequat. Duis aute irure dolor in reprehenderit in voluptate velit esse cillum dolore eu f', NULL, 0, 'Idea 20 that suggest that we definitely need a longer title for ideas', 21, 1, NULL),
(53, TIMESTAMP '2019-07-12 00:53:45.687', TIMESTAMP '2019-07-13 00:53:45.687', 'ZMNwyT8A Lorem ipsum dolor sit amet, co', NULL, 0, 'Idea 21 that suggest that we definitely need a longer title for ideas', 22, 20, NULL),
(54, TIMESTAMP '2019-07-11 00:53:45.703', TIMESTAMP '2019-07-12 00:53:45.703', 'gQ6fWCeK Lorem ipsum dolor sit amet, consectetur adipiscing elit, sed do eiusmod tempor incididunt ut labore et dolore magna aliqua. Ut enim ad minim veniam, quis nostrud exercitation ullamco laboris nisi ut aliquip ex ea commodo consequat. Duis aute irure dolor in reprehenderit in voluptate velit esse cillum dolore ', NULL, 0, 'Idea 22 that suggest that we definitely need a longer title for ideas', 23, 15, NULL);
INSERT INTO PUBLIC.LAWS(ID, CREATED_AT, UPDATED_AT, DESCRIPTION, REACHED_QUORUM_AT, STATUS, TITLE, AREA_ID, CREATED_BY_ID, POLL_ID) VALUES
(55, TIMESTAMP '2019-07-10 00:53:45.705', TIMESTAMP '2019-07-11 00:53:45.706', '7yxMUGoY Lorem ipsum dolor sit amet, consectetur adipiscing elit, sed do eiusmod tempor incididunt ut labore et dolore magna aliqua. Ut enim ad minim veniam, quis nostrud exercitation ullamco laboris nisi ut aliquip ex ea commodo consequat. Duis aute irure dolor in reprehenderit in voluptate velit esse cillum dolor', NULL, 0, 'Idea 23 that suggest that we definitely need a longer title for ideas', 24, 11, NULL),
(56, TIMESTAMP '2019-07-09 00:53:45.722', TIMESTAMP '2019-07-10 00:53:45.722', 'UfyqrgrO Lorem ipsum dolor sit amet, consectetur adipiscing elit, sed do eiusmod tempor incididunt ut labore et dolore magna aliqua. Ut enim ad minim veniam, quis nostrud exercitation ullamco laboris nisi ut aliquip ex ea commodo consequat', NULL, 0, 'Idea 24 that suggest that we definitely need a longer title for ideas', 25, 19, NULL),
(57, TIMESTAMP '2019-07-08 00:53:45.746', TIMESTAMP '2019-07-09 00:53:45.746', '4MXmfl5O Lorem ipsum dolor sit amet, consectetur adipiscing elit, sed do eiusmod tempor incididunt ut labore et dolore magna aliqua.', NULL, 0, 'Idea 25 that suggest that we definitely need a longer title for ideas', 26, 20, NULL),
(58, TIMESTAMP '2019-07-07 00:53:45.753', TIMESTAMP '2019-07-08 00:53:45.755', '6sXVuGwC Lorem ipsum dolor sit amet, consectetur adipiscing elit, sed do eiusmod tempor incididunt ut labore et dolore magna aliqua. Ut enim ad minim veniam, quis nostrud exercitation ullamco laboris nisi ut al', NULL, 0, 'Idea 26 that suggest that we definitely need a longer title for ideas', 27, 11, NULL),
(59, TIMESTAMP '2019-07-06 00:53:45.786', TIMESTAMP '2019-07-07 00:53:45.787', 'hLT8zOMb Lorem ipsum dolor sit amet, consectetur adipiscing elit, sed do eiusmod tempor incididunt ut labore et dolore magna aliqua. Ut enim ad minim veniam, quis nos', NULL, 0, 'Idea 27 that suggest that we definitely need a longer title for ideas', 28, 4, NULL),
(60, TIMESTAMP '2019-07-05 00:53:45.8', TIMESTAMP '2019-07-06 00:53:45.8', 'gmspP7Fb Lorem ipsum dolor sit amet, consectetur adipiscing elit, sed do eiusmod tempor incididunt ut labore et dolore magna aliqua. Ut enim ad minim veniam, quis nostrud exercitatio', NULL, 0, 'Idea 28 that suggest that we definitely need a longer title for ideas', 29, 2, NULL),
(61, TIMESTAMP '2019-07-04 00:53:45.827', TIMESTAMP '2019-07-05 00:53:45.827', 'HuKgtuxB Lorem ipsum dolor sit amet, consectetur adipiscing elit, sed do eiusmod tempor incididunt ut labore et dolore magna aliqua.', NULL, 0, 'Idea 29 that suggest that we definitely need a longer title for ideas', 30, 7, NULL),
(62, TIMESTAMP '2019-07-03 00:53:45.845', TIMESTAMP '2019-07-04 00:53:45.845', 'le7eMf95 Lorem ipsum dolor sit amet, consect', NULL, 0, 'Idea 30 that suggest that we definitely need a longer title for ideas', 21, 14, NULL),
(63, TIMESTAMP '2019-07-02 00:53:45.855', TIMESTAMP '2019-07-03 00:53:45.855', '3Lcqskeh Lorem ipsum dolor sit amet, consectetur adipiscing elit, sed do eiusmod tempor incididunt ut labore et dolore magna aliqua. Ut enim ad minim veniam, quis nostrud exercitation ullamco laboris nisi ut aliquip ex ea commodo consequat. Duis au', NULL, 0, 'Idea 31 that suggest that we definitely need a longer title for ideas', 22, 20, NULL),
(64, TIMESTAMP '2019-07-01 00:53:45.868', TIMESTAMP '2019-07-02 00:53:45.868', 'KEdBggkD Lorem ipsum dolor sit amet, consectetur adipiscing elit, sed do eiusmod tempor incididunt ut labore et dolore magna aliqua. Ut enim ad minim veniam, quis nostrud exercitation ul', NULL, 0, 'Idea 32 that suggest that we definitely need a longer title for ideas', 23, 12, NULL),
(65, TIMESTAMP '2019-06-30 00:53:45.88', TIMESTAMP '2019-07-01 00:53:45.88', 'EbEY6WuK Lorem ipsum dolor sit amet, consectetur adipiscing elit, sed do eiusmod tempor incididunt ut labore et dolore magna aliqua. Ut enim ad minim veniam, quis nostrud exercitation ullamco laboris nisi ut aliquip ex ea ', NULL, 0, 'Idea 33 that suggest that we definitely need a longer title for ideas', 24, 2, NULL);
INSERT INTO PUBLIC.LAWS(ID, CREATED_AT, UPDATED_AT, DESCRIPTION, REACHED_QUORUM_AT, STATUS, TITLE, AREA_ID, CREATED_BY_ID, POLL_ID) VALUES
(66, TIMESTAMP '2019-06-29 00:53:45.889', TIMESTAMP '2019-06-30 00:53:45.889', 'oZCLdb4o Lorem ipsum dolor sit amet, consectetur adipiscing elit, sed do eiusmod tempor incididunt ut labore et dolore magna aliqua. Ut enim ad minim veniam, quis nos', NULL, 0, 'Idea 34 that suggest that we definitely need a longer title for ideas', 25, 1, NULL),
(67, TIMESTAMP '2019-06-28 00:53:45.893', TIMESTAMP '2019-06-29 00:53:45.894', '5XQtxvGz Lorem ipsum dolor sit amet, consectetur adipiscing elit, sed do eiusmod tempor incididunt ut labore et dolore magna aliqua. Ut enim ad minim veniam, quis nostrud exercitation ullamco laboris nisi ut aliquip ex ea commodo consequat. Duis aute irure dolor in reprehenderit in voluptate velit esse cillum dol', NULL, 0, 'Idea 35 that suggest that we definitely need a longer title for ideas', 26, 6, NULL),
(68, TIMESTAMP '2019-06-27 00:53:45.896', TIMESTAMP '2019-06-28 00:53:45.896', 'mlwosDp0 Lorem ipsum dolor sit amet, consectetur adipiscing elit, sed do eiusmod tempor incididunt ut labore et dolore magna aliqua. Ut enim ad minim veniam, quis nostrud exercitation ullamco laboris nisi ut aliquip ex ea commodo consequat. Duis aute irure dolor in reprehenderit in voluptat', NULL, 0, 'Idea 36 that suggest that we definitely need a longer title for ideas', 27, 14, NULL),
(69, TIMESTAMP '2019-06-26 00:53:45.898', TIMESTAMP '2019-06-27 00:53:45.898', 'omZL32tM Lorem ipsum dolor sit amet, consectetur adipiscing elit, sed do eiusmod tempor incididunt ut labore et dolore magna aliqua. Ut enim ad minim veniam, quis nostrud exercitation ullamco lab', NULL, 0, 'Idea 37 that suggest that we definitely need a longer title for ideas', 28, 18, NULL),
(70, TIMESTAMP '2019-06-25 00:53:45.914', TIMESTAMP '2019-06-26 00:53:45.914', 'FgPVtQwk Lorem ipsum dolor sit amet, consectetur adipiscing elit, sed do eiusmod tempor incididunt ut labore et dolore magna aliqua. Ut enim ad minim veniam, quis nostrud exercitation ullamco laboris nisi ut aliquip ex ea commodo consequat. Duis aute irure dolor in reprehenderit in voluptate velit esse cillum dolore eu fugiat nulla pariatur. Excepteur sint occaecat cupi', NULL, 0, 'Idea 38 that suggest that we definitely need a longer title for ideas', 29, 3, NULL),
(71, TIMESTAMP '2019-06-24 00:53:45.919', TIMESTAMP '2019-06-25 00:53:45.92', 'ZuhWoers Lorem ipsum dolor sit amet, consectetur adipiscing elit, s', NULL, 0, 'Idea 39 that suggest that we definitely need a longer title for ideas', 30, 3, NULL),
(72, TIMESTAMP '2019-06-23 00:53:45.931', TIMESTAMP '2019-06-24 00:53:45.931', 'oVWl3hQ0 Lorem ipsum dolor sit amet, consectetur adipiscing elit, sed do eiusmod tempor incididunt ut labore et dolor', NULL, 0, 'Idea 40 that suggest that we definitely need a longer title for ideas', 21, 4, NULL),
(73, TIMESTAMP '2019-06-22 00:53:45.95', TIMESTAMP '2019-06-23 00:53:45.95', 'MOcx8obV Lorem ipsum dolor sit amet, consectetur adipiscing elit, sed do eiusmod tempor incididunt ut labore et dolore magna aliqua. Ut enim ad minim veniam, quis nostrud exercitation ullamc', NULL, 0, 'Idea 41 that suggest that we definitely need a longer title for ideas', 22, 16, NULL),
(74, TIMESTAMP '2019-06-21 00:53:45.959', TIMESTAMP '2019-06-22 00:53:45.961', 'X2rtRFsF Lorem ipsum dolor sit amet, consectetur adipiscing elit, sed do eiusmod tempor incididunt ut labore et dolore magna aliqua. Ut enim ad minim veniam, quis nostrud exercitation ullamco laboris nisi ut aliquip ex ea commodo consequat. Duis aute irure dolor in reprehe', NULL, 0, 'Idea 42 that suggest that we definitely need a longer title for ideas', 23, 17, NULL),
(75, TIMESTAMP '2019-06-20 00:53:45.985', TIMESTAMP '2019-06-21 00:53:45.985', 'ROu28zhE Lorem ipsum dolor sit amet, consectetur adipiscing elit, sed do eiusmod tempor incididunt ut labore et dolore magna aliqua. Ut enim ad minim veniam, quis nostrud exercitation ullamco laboris nisi ut aliquip ex ea commodo consequat. Duis aute irure dolor in reprehenderit in volupta', NULL, 0, 'Idea 43 that suggest that we definitely need a longer title for ideas', 24, 7, NULL);
INSERT INTO PUBLIC.LAWS(ID, CREATED_AT, UPDATED_AT, DESCRIPTION, REACHED_QUORUM_AT, STATUS, TITLE, AREA_ID, CREATED_BY_ID, POLL_ID) VALUES
(76, TIMESTAMP '2019-06-19 00:53:46.009', TIMESTAMP '2019-06-20 00:53:46.009', 'pW9B8YN0 Lorem ipsum dolor sit amet, consectetur adipiscing elit, sed do eiusmod tempor incididunt ut labore et dolore magna aliqua. Ut enim ad minim veniam, quis nostrud exercitation ullamco laboris nisi ut aliquip ex ea commodo consequat. Duis aute irure dolor in reprehenderit in ', NULL, 0, 'Idea 44 that suggest that we definitely need a longer title for ideas', 25, 2, NULL),
(77, TIMESTAMP '2019-06-18 00:53:46.033', TIMESTAMP '2019-06-19 00:53:46.033', 'YCqzZpQW Lorem ipsum dolor sit amet, consectetur adipiscing elit, sed do eiusmod tempor incididunt ut labore', NULL, 0, 'Idea 45 that suggest that we definitely need a longer title for ideas', 26, 3, NULL),
(78, TIMESTAMP '2019-06-17 00:53:46.042', TIMESTAMP '2019-06-18 00:53:46.047', 'SThaXG2Z Lorem ipsum dolor sit amet, consectetur adipiscing elit, sed do eiusmod tempor incididunt ut labore et dolore magna aliqua. Ut enim ad minim veniam, quis nostrud exercitation ullamco laboris nisi ut aliquip ex ea commo', NULL, 0, 'Idea 46 that suggest that we definitely need a longer title for ideas', 27, 10, NULL),
(79, TIMESTAMP '2019-06-16 00:53:46.061', TIMESTAMP '2019-06-17 00:53:46.062', 'RvWLcS53 Lorem ipsum dolor sit amet, consectetur ', NULL, 0, 'Idea 47 that suggest that we definitely need a longer title for ideas', 28, 17, NULL),
(80, TIMESTAMP '2019-06-15 00:53:46.064', TIMESTAMP '2019-06-16 00:53:46.064', '9XzdkX2s Lorem ipsum dolor sit amet, consectetur adipiscing elit, sed do eiusmod tempor incididunt ut labore et dolore magna aliqua. Ut enim ad minim veniam, quis nostrud exercitation ullamco laboris nisi ut aliquip ex ea commodo consequat. Duis aute irure dolor in reprehenderit in voluptate velit esse cillum dolore eu fug', NULL, 0, 'Idea 48 that suggest that we definitely need a longer title for ideas', 29, 16, NULL),
(81, TIMESTAMP '2019-06-14 00:53:46.117', TIMESTAMP '2019-06-15 00:53:46.117', 'Otblmvv9 Lorem ipsum dolor sit amet, consectetur adipiscing elit, sed do eiusmod tempor incididunt ut labore et dolore magna aliqua. Ut enim ad minim veniam, quis nostrud exercitation ullamco laboris nisi ut aliquip ex ea commodo consequat. Duis aute irure dolor in reprehenderit in voluptate velit esse cillum dolore eu fugiat nulla pariatur. Excepteur sint occaecat cupidatat non proident, sunt in c', NULL, 0, 'Idea 49 that suggest that we definitely need a longer title for ideas', 30, 17, NULL),
(82, TIMESTAMP '2019-06-13 00:53:46.127', TIMESTAMP '2019-06-14 00:53:46.128', '2O2Zq9nt Lorem ipsum dolor sit amet, consectetur adipiscing elit, sed do eiusmod tempor incididunt ut labore et dolore magna aliqua. Ut enim ad minim veniam, quis nostrud exercitation ullamco laboris nisi ut aliquip ex ea commodo consequat. Duis aute irure dolor in re', NULL, 0, 'Idea 50 that suggest that we definitely need a longer title for ideas', 21, 14, NULL),
(83, TIMESTAMP '2019-06-12 00:53:46.138', TIMESTAMP '2019-06-13 00:53:46.138', 'LqpO9pDQ Lorem ipsum dolor sit amet, consectetur adipiscing elit, sed do eiusmod tempor incididunt ut labore et dolore magna aliqua. Ut enim ad minim veniam, quis nostrud exercitation ullamco laboris nisi ut aliquip ex ea commodo consequat. Duis aute irure dolor in repr', NULL, 0, 'Idea 51 that suggest that we definitely need a longer title for ideas', 22, 12, NULL),
(84, TIMESTAMP '2019-06-11 00:53:46.154', TIMESTAMP '2019-06-12 00:53:46.155', 'ALoXZeNs Lorem ipsum dolor sit amet, consectetur adipiscing elit, sed do eiusmod tempor incididunt', NULL, 0, 'Idea 52 that suggest that we definitely need a longer title for ideas', 23, 5, NULL),
(85, TIMESTAMP '2019-06-10 00:53:46.176', TIMESTAMP '2019-06-11 00:53:46.177', 'bFTTZmPN Lorem ipsum dolor sit amet, consectetur adipiscing elit, sed do eiusmod tempor incididunt ut labore et dolore magna aliqua. Ut enim ad minim veniam, quis nostrud exercitation ullamco laboris nisi ut aliquip ex ea commodo consequat. Duis aute irure dolor in reprehenderit in voluptate velit esse cillum dolore eu fugiat nulla p', NULL, 0, 'Idea 53 that suggest that we definitely need a longer title for ideas', 24, 19, NULL);
INSERT INTO PUBLIC.LAWS(ID, CREATED_AT, UPDATED_AT, DESCRIPTION, REACHED_QUORUM_AT, STATUS, TITLE, AREA_ID, CREATED_BY_ID, POLL_ID) VALUES
(86, TIMESTAMP '2019-06-09 00:53:46.198', TIMESTAMP '2019-06-10 00:53:46.198', '2TCnv9U7 Lorem ipsum dolor sit amet, consectetur adipiscing elit, sed do eiusmod tempor incididunt ut labore et dolore ', NULL, 0, 'Idea 54 that suggest that we definitely need a longer title for ideas', 25, 5, NULL),
(87, TIMESTAMP '2019-06-08 00:53:46.204', TIMESTAMP '2019-06-09 00:53:46.204', 'tegdvDKg Lorem ipsum dolor sit amet, consectetur adipiscing elit, sed do eiusmod tempor incididunt ut labore et dolore magna aliqua. Ut enim ad minim veniam, quis nostrud exercitation ullamco laboris nisi ut aliquip ex ea commodo consequat. Duis aute iru', NULL, 0, 'Idea 55 that suggest that we definitely need a longer title for ideas', 26, 9, NULL),
(88, TIMESTAMP '2019-06-07 00:53:46.221', TIMESTAMP '2019-06-08 00:53:46.222', 'Q4nYYXpB Lorem ipsum dolor sit amet, consectetur adipiscing elit, sed do eiusmod tempor incididunt ut labore et dolore magna aliqua. Ut enim ad minim veniam, quis nostrud exercitation ullamco laboris nisi ut aliquip ex ea commodo consequat. Duis aute irure dolor in reprehenderit in voluptate velit esse cillum dolo', NULL, 0, 'Idea 56 that suggest that we definitely need a longer title for ideas', 27, 8, NULL),
(89, TIMESTAMP '2019-06-06 00:53:46.232', TIMESTAMP '2019-06-07 00:53:46.232', 'MtwARcEb Lorem ipsum dolor sit amet, consectetur adipiscing elit, sed do eiusmod tempor incididunt ut labore et dolore magna aliqua. Ut enim ad minim veniam, quis nostrud exercitation ullamco laboris nisi ut aliquip ex ea commodo consequat. Duis aute irure dolor in reprehenderit in voluptate velit esse cillum dolore eu fugiat nulla pariatur. Excepteur sint occaecat cupidatat non proident, sun', NULL, 0, 'Idea 57 that suggest that we definitely need a longer title for ideas', 28, 11, NULL),
(90, TIMESTAMP '2019-06-05 00:53:46.242', TIMESTAMP '2019-06-06 00:53:46.242', 'ka3QkWhQ Lorem ipsum dolor sit amet, consectetur adipiscing ', NULL, 0, 'Idea 58 that suggest that we definitely need a longer title for ideas', 29, 20, NULL),
(91, TIMESTAMP '2019-06-04 00:53:46.257', TIMESTAMP '2019-06-05 00:53:46.258', '5CfYQdSa Lorem ipsum dolor sit amet, consectetur adipiscing elit, sed do eiusmod tempor', NULL, 0, 'Idea 59 that suggest that we definitely need a longer title for ideas', 30, 4, NULL),
(92, TIMESTAMP '2019-06-03 00:53:46.269', TIMESTAMP '2019-06-04 00:53:46.27', 'BO0KTfge Lorem ipsum dolor sit amet, consectetur adipiscing elit, sed do eiusmod tempor incididunt ut labore et dolore magna aliqua. Ut enim ad minim veniam, quis nostrud exercitation ullamco', NULL, 0, 'Idea 60 that suggest that we definitely need a longer title for ideas', 21, 7, NULL),
(93, TIMESTAMP '2019-06-02 00:53:46.281', TIMESTAMP '2019-06-03 00:53:46.281', 'EWT4SWoS Lorem ipsum dolor sit amet, consectetur adipiscing elit, sed do eiusmod tempor incididunt ut ', NULL, 0, 'Idea 61 that suggest that we definitely need a longer title for ideas', 22, 3, NULL),
(94, TIMESTAMP '2019-06-01 00:53:46.282', TIMESTAMP '2019-06-02 00:53:46.283', 'rBuzUmO2 Lorem ipsum dolor sit amet, consectetur adipiscing elit, sed do eiusmod tempor incididunt ut labore et dolore magna aliqua. Ut enim ad minim veniam, quis nostrud exercitation ullamco laboris nisi ut aliquip ex ea commod', NULL, 0, 'Idea 62 that suggest that we definitely need a longer title for ideas', 23, 6, NULL),
(95, TIMESTAMP '2019-05-31 00:53:46.293', TIMESTAMP '2019-06-01 00:53:46.293', '7WlrP7B6 Lorem ipsum dolor sit amet, consectetur adipiscing elit, sed do eiusmod tempor incididunt ut labore et dolore magna aliqua. Ut enim ad minim veniam, quis nostrud exercitation ullamco laboris nisi ut aliquip ex ea com', NULL, 0, 'Idea 63 that suggest that we definitely need a longer title for ideas', 24, 10, NULL),
(96, TIMESTAMP '2019-05-30 00:53:46.302', TIMESTAMP '2019-05-31 00:53:46.302', '2UXCwNSD Lorem ipsum dolor sit amet, consectetur adipiscing elit, sed do eiusmod tempor incididunt ut labore et dolore magna aliqua. Ut enim ad minim veniam, quis nostrud exercitation ullamco la', NULL, 0, 'Idea 64 that suggest that we definitely need a longer title for ideas', 25, 6, NULL);
INSERT INTO PUBLIC.LAWS(ID, CREATED_AT, UPDATED_AT, DESCRIPTION, REACHED_QUORUM_AT, STATUS, TITLE, AREA_ID, CREATED_BY_ID, POLL_ID) VALUES
(97, TIMESTAMP '2019-05-29 00:53:46.307', TIMESTAMP '2019-05-30 00:53:46.307', 'dhgpd5xQ Lorem ipsum dolor sit amet, consectetur adipiscing elit, sed do eiusmod tempor incididunt ut labore et dolore magna aliqua. Ut enim ad minim veniam, quis nostrud exercitation ullamco laboris nisi ut aliquip ex ea commodo consequat. Duis aute ir', NULL, 0, 'Idea 65 that suggest that we definitely need a longer title for ideas', 26, 19, NULL),
(98, TIMESTAMP '2019-05-28 00:53:46.317', TIMESTAMP '2019-05-29 00:53:46.317', 'POolfnTe Lorem ipsum dolor sit amet, consectetur adipiscing elit, sed do eiusmod tempor incidi', NULL, 0, 'Idea 66 that suggest that we definitely need a longer title for ideas', 27, 9, NULL),
(99, TIMESTAMP '2019-05-27 00:53:46.32', TIMESTAMP '2019-05-28 00:53:46.32', 'qGDk82Vl Lorem ipsum dolor sit amet, consectetur adipiscing elit, sed do eiusmod tempor incididunt ut labore et dolore magna aliqua. Ut enim ad minim veniam, quis nostrud exercitation ullamco laboris nisi ut aliquip ex ea commodo consequat. Duis aute irure dolor in reprehen', NULL, 0, 'Idea 67 that suggest that we definitely need a longer title for ideas', 28, 3, NULL),
(100, TIMESTAMP '2019-05-26 00:53:46.332', TIMESTAMP '2019-05-27 00:53:46.333', 'rro0thRh Lorem ipsum dolor sit amet, consectetur adipiscing elit, sed do eiusmod tempor incididunt ut labore et dolore magna aliqua. Ut enim ad minim veniam, quis nostrud exercitation ullamco laboris nisi ut aliquip ex ea commodo consequat. Duis aute irure dolor in reprehenderit in voluptate velit esse cillum dolore eu fugiat nulla pariatur. Exce', NULL, 0, 'Idea 68 that suggest that we definitely need a longer title for ideas', 29, 12, NULL),
(101, TIMESTAMP '2019-05-25 00:53:46.335', TIMESTAMP '2019-05-26 00:53:46.335', 'EqD5bLky Lorem ipsum dolor sit amet, consectetur adipiscing elit, sed do eiusmod tempor incididunt ut labore et dolore magna aliqua. Ut enim ad minim veniam, quis nostrud exercitation ullamco laboris nisi ut aliquip ex ea commodo consequat. Duis aute irure dolor in reprehenderit in voluptate velit esse cillum dolore eu fugia', NULL, 0, 'Idea 69 that suggest that we definitely need a longer title for ideas', 30, 9, NULL),
(102, TIMESTAMP '2019-05-24 00:53:46.339', TIMESTAMP '2019-05-25 00:53:46.339', 'FvkfbTRq Lorem ipsum dolor sit amet, consectetur adipiscing elit, sed do eiusmod tempor incididunt ut labore et dolore magna aliqua. Ut enim ad minim veniam, quis nostrud', NULL, 0, 'Idea 70 that suggest that we definitely need a longer title for ideas', 21, 19, NULL),
(103, TIMESTAMP '2019-05-23 00:53:46.343', TIMESTAMP '2019-05-24 00:53:46.343', 'M8k2hKAm Lorem ipsum dolor sit amet, consectetur adipiscing elit, sed do eiusmod tempor incididunt ut labore et dolore magna aliqua. Ut enim ad minim veniam, quis nostrud exercitation ullamco laboris nisi ut aliquip ex ea commodo consequat. Duis aute irure dolor in reprehenderit in voluptate velit esse cillum dolore eu fugiat nulla pariatur. Exce', NULL, 0, 'Idea 71 that suggest that we definitely need a longer title for ideas', 22, 19, NULL),
(104, TIMESTAMP '2019-05-22 00:53:46.347', TIMESTAMP '2019-05-23 00:53:46.347', 'XwravKES Lorem ipsum dolor sit amet, consectetur adipiscing elit, sed do eiusmod tempor incididunt ut labore et dolore magna aliqua. Ut enim ad mini', NULL, 0, 'Idea 72 that suggest that we definitely need a longer title for ideas', 23, 15, NULL),
(105, TIMESTAMP '2019-05-21 00:53:46.366', TIMESTAMP '2019-05-22 00:53:46.367', 'rmMzRpYK Lorem ipsum dolor sit amet, consectetur adipiscing elit, sed do eiusmod tempor incididunt ut labore et dolore magna aliqua. Ut enim ad minim veniam, quis nostrud exercitation ullamco laboris nisi ut aliquip ex ea commodo consequat. Duis aute irure dolor in reprehenderit in voluptate velit esse ', NULL, 0, 'Idea 73 that suggest that we definitely need a longer title for ideas', 24, 14, NULL),
(106, TIMESTAMP '2019-05-20 00:53:46.393', TIMESTAMP '2019-05-21 00:53:46.393', 'HNHC7Q7x Lorem ipsum dolor sit amet, consectetur adipiscing elit, sed do eiusmod tempor incididunt ut labore et dolore magna aliqua. Ut enim ad minim veniam, quis nostrud exercitation ullamco laboris nisi ut aliquip ex ea commodo consequat. Duis aute irure dolor in reprehenderit in voluptate velit esse cillum dolore eu fugiat nulla pariatur. Excepteur sint occaecat cupidatat non proident, sunt', NULL, 0, 'Idea 74 that suggest that we definitely need a longer title for ideas', 25, 8, NULL);
INSERT INTO PUBLIC.LAWS(ID, CREATED_AT, UPDATED_AT, DESCRIPTION, REACHED_QUORUM_AT, STATUS, TITLE, AREA_ID, CREATED_BY_ID, POLL_ID) VALUES
(107, TIMESTAMP '2019-05-19 00:53:46.409', TIMESTAMP '2019-05-20 00:53:46.41', 'te4uTlhW Lorem ipsum dolor sit amet, consectetur adipiscing elit, sed do eiusmod tempor incididunt ut labore et dolore magna aliqua. Ut enim ad minim veniam, quis nostrud exercitation ullamco laboris nisi ut aliquip ex ea commodo consequat. Duis aute irure dolor in rep', NULL, 0, 'Idea 75 that suggest that we definitely need a longer title for ideas', 26, 13, NULL),
(108, TIMESTAMP '2019-05-18 00:53:46.427', TIMESTAMP '2019-05-19 00:53:46.428', 'gXsU7Z74 Lorem ipsum dolor sit amet, consectetur adipiscing elit, sed do eiusmod tempor incididunt ', NULL, 0, 'Idea 76 that suggest that we definitely need a longer title for ideas', 27, 14, NULL),
(109, TIMESTAMP '2019-05-17 00:53:46.437', TIMESTAMP '2019-05-18 00:53:46.438', 'UBgSlxWs Lorem ipsum dolor sit amet, consectetur adipiscing elit, sed do eiusmod tempor incididunt ut labore et dolore magna aliqua. Ut enim ad minim veniam, quis nostrud exercitation ullamco laboris nisi ut aliquip ex ea commodo consequat. Duis aute irure dolor in reprehenderit in voluptate velit esse cillum dolore', NULL, 0, 'Idea 77 that suggest that we definitely need a longer title for ideas', 28, 3, NULL),
(110, TIMESTAMP '2019-05-16 00:53:46.444', TIMESTAMP '2019-05-17 00:53:46.445', 'fzAHDtFx Lorem ipsum dolor sit am', NULL, 0, 'Idea 78 that suggest that we definitely need a longer title for ideas', 29, 13, NULL),
(111, TIMESTAMP '2019-05-15 00:53:46.457', TIMESTAMP '2019-05-16 00:53:46.457', 'FtMum6vf Lorem ipsum dolor sit amet, consectetur adipiscing elit, sed do eiusmod tempor incididunt ut labore et dolore magna aliqua. Ut enim ad minim veniam, quis nostrud exercitation ullamco laboris nisi ut aliquip ex ea commodo consequat. Duis aute irure dolor in reprehenderit in voluptate velit esse cillum dolore eu fugiat nulla pariatur. Excepteur sint occaecat cupidatat', NULL, 0, 'Idea 79 that suggest that we definitely need a longer title for ideas', 30, 5, NULL),
(112, TIMESTAMP '2019-05-14 00:53:46.464', TIMESTAMP '2019-05-15 00:53:46.464', 'FnQzOV0M Lorem ipsum dolor sit amet, consectetur adipiscing elit, sed do ei', NULL, 0, 'Idea 80 that suggest that we definitely need a longer title for ideas', 21, 8, NULL),
(113, TIMESTAMP '2019-05-13 00:53:46.472', TIMESTAMP '2019-05-14 00:53:46.487', 'ugDo0cZ6 Lorem ipsum dolor sit amet, consectetur adipiscing elit, sed do eiusmod tempor incididunt ut labore et dolore magna aliqua. U', NULL, 0, 'Idea 81 that suggest that we definitely need a longer title for ideas', 22, 19, NULL),
(114, TIMESTAMP '2019-05-12 00:53:46.492', TIMESTAMP '2019-05-13 00:53:46.492', 'oXFErczO Lorem ipsum dolor sit amet, consectetur adipiscing elit, sed do eiusmod tempor incididunt ut labore et dolore magna aliqua. U', NULL, 0, 'Idea 82 that suggest that we definitely need a longer title for ideas', 23, 2, NULL),
(115, TIMESTAMP '2019-05-11 00:53:46.494', TIMESTAMP '2019-05-12 00:53:46.494', 'wV67zoPb Lorem ipsum dolor sit amet, consectetur adipiscing elit, sed do eiusmod tempor incididunt ut labore et dolore magna aliqua. Ut enim ad minim veniam, quis nostrud exercitation ullamco laboris nisi ut aliquip ex ea commodo consequat. Duis aute irure dolor in reprehenderit in voluptate velit esse cillum dolore eu fugiat nulla pariatur. Excepteur sint occaecat cupidatat non p', NULL, 0, 'Idea 83 that suggest that we definitely need a longer title for ideas', 24, 16, NULL),
(116, TIMESTAMP '2019-05-10 00:53:46.499', TIMESTAMP '2019-05-11 00:53:46.499', 'PLc58flZ Lorem ipsum dolor sit amet, consectetur', NULL, 0, 'Idea 84 that suggest that we definitely need a longer title for ideas', 25, 12, NULL),
(117, TIMESTAMP '2019-05-09 00:53:46.502', TIMESTAMP '2019-05-10 00:53:46.502', 'S27qgYqQ Lorem ipsum dolor sit amet, consectetur adipiscing elit, sed do eiusmod tempor incididunt ut labore et dolore magna aliqua. Ut enim ad minim veniam, quis nostrud exercitat', NULL, 0, 'Idea 85 that suggest that we definitely need a longer title for ideas', 26, 1, NULL);
INSERT INTO PUBLIC.LAWS(ID, CREATED_AT, UPDATED_AT, DESCRIPTION, REACHED_QUORUM_AT, STATUS, TITLE, AREA_ID, CREATED_BY_ID, POLL_ID) VALUES
(118, TIMESTAMP '2019-05-08 00:53:46.511', TIMESTAMP '2019-05-09 00:53:46.511', 'L577PBzX Lorem ipsum dolor sit amet, consectetur adipiscing elit, sed do eiusmod tempor incididunt ut labore et dolore magna aliqua. Ut enim ad minim veniam, quis nostrud exercitation ullamco laboris nisi ut aliquip ex ea commodo consequa', NULL, 0, 'Idea 86 that suggest that we definitely need a longer title for ideas', 27, 19, NULL),
(119, TIMESTAMP '2019-05-07 00:53:46.516', TIMESTAMP '2019-05-08 00:53:46.517', 'neXQvnKv Lorem ipsum dolor sit amet, consectet', NULL, 0, 'Idea 87 that suggest that we definitely need a longer title for ideas', 28, 15, NULL),
(120, TIMESTAMP '2019-05-06 00:53:46.521', TIMESTAMP '2019-05-07 00:53:46.521', 'MSkkkDY2 Lorem ipsum dolor sit amet, consectetur adipiscing elit, sed do eiusmod tempor incididunt ut labore et dolore magna aliqua. Ut enim ad minim veniam, quis nostrud exercitation ullamco laboris nisi ut aliquip ex ea commodo consequat. Duis aute irure dolor in reprehenderit in voluptate velit esse cillum dolore eu fugiat nulla pariatur. Excepteur sint occaecat cupida', NULL, 0, 'Idea 88 that suggest that we definitely need a longer title for ideas', 29, 17, NULL),
(121, TIMESTAMP '2019-05-05 00:53:46.526', TIMESTAMP '2019-05-06 00:53:46.526', 'Md9wnDWa Lorem ipsum dolor sit amet, consectetur adipiscing elit, sed do eiusmod tempor incididunt ut labore et dolore magna aliqua. Ut enim ad minim veniam, quis nostrud exe', NULL, 0, 'Idea 89 that suggest that we definitely need a longer title for ideas', 30, 20, NULL),
(122, TIMESTAMP '2019-05-04 00:53:46.528', TIMESTAMP '2019-05-05 00:53:46.528', 'kum7T7Ht Lorem ipsum dolor sit amet, consectetur adipiscing elit, sed do eiusmod tempor incididunt ut labore et dolore magna aliqua. Ut enim ad minim veniam, quis nostrud exercitation ullamco laboris ni', NULL, 0, 'Idea 90 that suggest that we definitely need a longer title for ideas', 21, 18, NULL),
(123, TIMESTAMP '2019-05-03 00:53:46.535', TIMESTAMP '2019-05-04 00:53:46.535', 'yCf4L7RU Lorem ipsum dolor sit amet, consectetur adipiscing elit, sed do eiusmod tempor incididunt ut labo', NULL, 0, 'Idea 91 that suggest that we definitely need a longer title for ideas', 22, 15, NULL),
(124, TIMESTAMP '2019-05-02 00:53:46.549', TIMESTAMP '2019-05-03 00:53:46.549', 'W0kfkfcW Lorem ipsum dolor sit amet, consectetur adipiscing elit, sed do eiusmod tempor incididunt ut labore et dolore magna aliqua. Ut enim ad minim veniam, quis nostrud exercitation ullamco laboris nisi ut aliquip ex ea commodo consequat. Duis aute irure dolor in reprehenderit in voluptate velit esse cillum dolore eu fugiat nulla pariatur. Excepteur sint occaecat cupidatat non proident, sunt in cu', NULL, 0, 'Idea 92 that suggest that we definitely need a longer title for ideas', 23, 11, NULL),
(125, TIMESTAMP '2019-05-01 00:53:46.557', TIMESTAMP '2019-05-02 00:53:46.557', 'e90vxOZA Lorem ipsum dolor sit amet, consectetur adipiscing elit, sed do eiusmod tempor incididunt ut labore et dolore magna aliqua. Ut enim ad minim veniam, quis nostrud exercitation ullamco laboris nisi', NULL, 0, 'Idea 93 that suggest that we definitely need a longer title for ideas', 24, 19, NULL),
(126, TIMESTAMP '2019-04-30 00:53:46.56', TIMESTAMP '2019-05-01 00:53:46.56', 'SvZp3nlK Lorem ipsum dolor sit amet, consectetur adipiscing elit, sed do eiusmod tempor incididunt ut labore et dolore magna aliqua. Ut enim', NULL, 0, 'Idea 94 that suggest that we definitely need a longer title for ideas', 25, 4, NULL),
(127, TIMESTAMP '2019-04-29 00:53:46.567', TIMESTAMP '2019-04-30 00:53:46.567', 'AZWCDDXm Lorem ipsum dolor sit amet, consectetur adipiscing elit, sed do eiusmod tempor incididunt ut la', NULL, 0, 'Idea 95 that suggest that we definitely need a longer title for ideas', 26, 7, NULL),
(128, TIMESTAMP '2019-04-28 00:53:46.592', TIMESTAMP '2019-04-29 00:53:46.592', 'V3flTUeM Lorem ipsum dolor sit amet, consectetur adipiscing elit, sed do eiusmod tempor incididunt ut labore et dolore magna aliqua. Ut enim ad minim veniam, quis nostrud exercitati', NULL, 0, 'Idea 96 that suggest that we definitely need a longer title for ideas', 27, 12, NULL);
INSERT INTO PUBLIC.LAWS(ID, CREATED_AT, UPDATED_AT, DESCRIPTION, REACHED_QUORUM_AT, STATUS, TITLE, AREA_ID, CREATED_BY_ID, POLL_ID) VALUES
(129, TIMESTAMP '2019-04-27 00:53:46.606', TIMESTAMP '2019-04-28 00:53:46.606', '9BZ9zMxW Lorem ipsum dolor sit amet, consectetu', NULL, 0, 'Idea 97 that suggest that we definitely need a longer title for ideas', 28, 8, NULL),
(130, TIMESTAMP '2019-04-26 00:53:46.608', TIMESTAMP '2019-04-27 00:53:46.608', 'meTMRxk9 Lorem ipsum dolor sit amet, consectetur adipiscing elit, sed do eiusmod tempor incididunt ut labore et dolore magna aliqua. Ut enim ad minim veniam, quis nostrud exercitation ulla', NULL, 0, 'Idea 98 that suggest that we definitely need a longer title for ideas', 29, 10, NULL),
(131, TIMESTAMP '2019-04-25 00:53:46.612', TIMESTAMP '2019-04-26 00:53:46.612', 'rbGbkwet Lorem ipsum dolor sit amet, consectetur adipiscing elit, sed do eiusmod tempor inc', NULL, 0, 'Idea 99 that suggest that we definitely need a longer title for ideas', 30, 15, NULL),
(132, TIMESTAMP '2019-04-24 00:53:46.621', TIMESTAMP '2019-04-25 00:53:46.621', 'vfkrbk92 Lorem ipsum dolor sit amet, consectetur adipiscing elit, sed do eiusmod tempor incididunt ut labore et dolore magna aliqua. Ut enim ad minim veni', NULL, 0, 'Idea 100 that suggest that we definitely need a longer title for ideas', 21, 1, NULL),
(133, TIMESTAMP '2019-04-23 00:53:46.635', TIMESTAMP '2019-04-24 00:53:46.635', 'wfycDedR Lorem ipsum dolor sit amet, consectetur adipiscing elit, sed do eiusmod tempor incididunt ut labore et dolore magna aliqua. Ut enim ad minim veniam, quis nostrud exercitation ullamco laboris nisi ut aliquip ex ea commodo consequat. Duis aute irure dolor in reprehenderit in voluptate velit esse cillum dolore eu fugiat nulla pariatur. Excepteur s', NULL, 0, 'Idea 101 that suggest that we definitely need a longer title for ideas', 22, 7, NULL),
(134, TIMESTAMP '2019-04-22 00:53:46.647', TIMESTAMP '2019-04-23 00:53:46.648', '7s2GKvYs Lorem ipsum dolor sit amet, consectetur adipiscing elit, sed do eiusmod tempor incididunt ut labore et dolore magna aliqua. Ut enim ad minim veniam, quis nostrud exercitation ullamco laboris nisi ut aliquip ex ea commodo consequat. Duis aute irure dolor in reprehenderit in voluptate velit esse cillu', NULL, 0, 'Idea 102 that suggest that we definitely need a longer title for ideas', 23, 14, NULL),
(135, TIMESTAMP '2019-04-21 00:53:46.7', TIMESTAMP '2019-04-22 00:53:46.701', 'vovxraSr Lorem ipsum dolor sit ame', NULL, 0, 'Idea 103 that suggest that we definitely need a longer title for ideas', 24, 18, NULL),
(136, TIMESTAMP '2019-04-20 00:53:46.711', TIMESTAMP '2019-04-21 00:53:46.711', 'KoEXL0OT Lorem ipsum dol', NULL, 0, 'Idea 104 that suggest that we definitely need a longer title for ideas', 25, 9, NULL),
(137, TIMESTAMP '2019-04-19 00:53:46.722', TIMESTAMP '2019-04-20 00:53:46.722', 'bD0poeU5 Lorem ipsum dolor sit amet, consectetur adipiscing elit, sed do eiusmod tempor incididunt ut labore et dolore magna aliqua. Ut en', NULL, 0, 'Idea 105 that suggest that we definitely need a longer title for ideas', 26, 9, NULL),
(138, TIMESTAMP '2019-04-18 00:53:46.728', TIMESTAMP '2019-04-19 00:53:46.728', 'VELQLSdG Lorem ipsum dolor sit amet, consectetur adipiscing elit, sed do eiusmod tempor incididunt ut labore et dolore magna aliqua. Ut enim ad ', NULL, 0, 'Idea 106 that suggest that we definitely need a longer title for ideas', 27, 16, NULL),
(139, TIMESTAMP '2019-04-17 00:53:46.731', TIMESTAMP '2019-04-18 00:53:46.731', 'DmUYkMRW Lorem ipsum dolor sit amet, consectetur adipiscing elit, sed do eiusmod tempor incididunt ut labore et dolore magna aliqua. Ut enim ad minim veniam, quis nostrud exercitation ullamco laboris', NULL, 0, 'Idea 107 that suggest that we definitely need a longer title for ideas', 28, 9, NULL),
(140, TIMESTAMP '2019-04-16 00:53:46.735', TIMESTAMP '2019-04-17 00:53:46.735', 'hmg3dzM3 Lorem ipsum dolor sit amet, consectetur adipiscing elit, sed do eiusmod tempor incididunt ut labore et dolore magna aliqua. Ut enim ad minim veniam, quis nostrud exercitation ullamco laboris nisi ut aliquip ex ea commodo consequat. Duis aute irure dolor in reprehenderit in voluptate velit esse cillum dolore eu fugiat nulla pariatur. Excepteur sint occ', NULL, 0, 'Idea 108 that suggest that we definitely need a longer title for ideas', 29, 11, NULL);
INSERT INTO PUBLIC.LAWS(ID, CREATED_AT, UPDATED_AT, DESCRIPTION, REACHED_QUORUM_AT, STATUS, TITLE, AREA_ID, CREATED_BY_ID, POLL_ID) VALUES
(141, TIMESTAMP '2019-04-15 00:53:46.738', TIMESTAMP '2019-04-16 00:53:46.738', 'lToYNOnC Lorem ipsum dolor sit amet, consectetur adipiscing elit, sed do eiusmod tempor incididunt ut labore et dolore magna aliqua. Ut enim ad minim veniam, quis nostrud exercitation ullamco laboris nisi ut aliquip ex ea commodo consequat. Duis aute irure dolor in reprehenderit in voluptate velit ess', NULL, 0, 'Idea 109 that suggest that we definitely need a longer title for ideas', 30, 7, NULL),
(142, TIMESTAMP '2019-04-14 00:53:46.751', TIMESTAMP '2019-04-15 00:53:46.751', 'ZSqxkxQL Lorem ipsum d', NULL, 0, 'Idea 110 that suggest that we definitely need a longer title for ideas', 21, 12, NULL),
(143, TIMESTAMP '2019-08-02 00:53:46.771', TIMESTAMP '2019-08-03 00:53:46.771', 'RGYfTZwd Lorem ipsum dolor sit amet, consectetur adipiscing elit, sed do eiusmod tempor incididunt ut labore et dolore magna aliqua. Ut enim ad minim veniam,', TIMESTAMP '2019-08-03 00:53:46.769', 1, 'Proposal 0 that reached its quorum', 28, 14, NULL),
(144, TIMESTAMP '2019-08-03 00:53:46.787', TIMESTAMP '2019-08-03 00:53:46.787', 'DD4UsuaQ Lorem ipsum dolor sit amet, consectetur adipiscing elit, sed do eiusmod tempor incididunt ut labore et dolore magna aliqua. Ut enim ad minim veniam, q', TIMESTAMP '2019-08-03 00:53:46.785', 1, 'Proposal 1 that reached its quorum', 27, 7, NULL),
(145, TIMESTAMP '2019-07-30 00:53:46.829', TIMESTAMP '2019-07-31 00:53:46.829', 'dKhp8g4a Lorem ipsum dolor sit amet, consectetur adipiscing elit, sed do eiusmod tempor incididunt ut labore et dolore magna aliqua. Ut enim ad minim veniam, quis nostrud exercitation ullamco laboris nisi ut aliquip ex ea commodo consequat. Duis aute irure dolor in ', TIMESTAMP '2019-08-02 00:53:46.827', 1, 'Proposal 2 that reached its quorum', 22, 9, NULL),
(146, TIMESTAMP '2019-07-28 00:53:46.862', TIMESTAMP '2019-07-29 00:53:46.862', '78fDRTMr Lorem ipsum dolor sit amet, consectetur adipiscing elit, sed do eiusmod tempor incididunt ut labore et dolore magna aliqua. Ut enim ad minim veniam, quis nostrud exercitation ullamco laboris', TIMESTAMP '2019-07-30 00:53:46.857', 1, 'Proposal 3 that reached its quorum', 30, 20, NULL),
(147, TIMESTAMP '2019-07-29 00:53:46.905', TIMESTAMP '2019-07-30 00:53:46.905', 'wG7S9opS Lorem ipsum dolor sit amet, consectetur adipiscing elit, sed do eius', TIMESTAMP '2019-08-02 00:53:46.895', 1, 'Proposal 4 that reached its quorum', 23, 12, NULL),
(148, TIMESTAMP '2019-07-28 00:53:46.973', TIMESTAMP '2019-07-29 00:53:46.973', 'X8eSXckh Lorem ipsum dolor sit amet, consectetur adipiscing elit, sed do eiusmod tempor incididunt ut labore et dolore magna aliqua. Ut enim ad minim veniam, quis nostrud exercitation ullamco laboris nisi ut aliquip ex ea commod', TIMESTAMP '2019-07-29 00:53:46.943', 1, 'Proposal 5 that reached its quorum', 24, 3, NULL),
(149, TIMESTAMP '2019-07-26 00:53:46.991', TIMESTAMP '2019-07-27 00:53:46.991', '95aHQ2xY Lorem ipsum dolor sit amet, consectetur adipiscing elit, sed do eiusmod tempor incididunt ut labore et dolore magna aliqua. Ut enim ad minim veniam, quis nostrud exercitation ullamco laboris nisi ut aliquip ex ea commodo consequat. Duis aute irure dolor in reprehenderit ', TIMESTAMP '2019-08-01 00:53:46.989', 1, 'Proposal 6 that reached its quorum', 22, 7, NULL),
(150, TIMESTAMP '2019-07-30 00:53:47.035', TIMESTAMP '2019-07-31 00:53:47.035', 'CwQ2aXAv Lorem ipsum dolor sit amet, consectetur adipiscing elit, sed do eiusmod tempor incididunt ut labore et dolore magna aliqua. Ut enim ad minim veniam, quis nostrud exercitation ullamco laboris nisi ut aliquip ex ea commodo consequat. Duis aute irure dolor in reprehenderit in voluptate velit esse cillum dolore eu fugiat nulla pariatur. Excepteur sint occaecat cupidatat non proident, sun', TIMESTAMP '2019-08-01 00:53:47.032', 1, 'Proposal 7 that reached its quorum', 29, 7, NULL),
(151, TIMESTAMP '2019-08-01 00:53:47.061', TIMESTAMP '2019-08-02 00:53:47.061', '8WxFn7AH Lorem ipsum dolor sit amet, consectetur', TIMESTAMP '2019-08-02 00:53:47.054', 1, 'Proposal 8 that reached its quorum', 28, 7, NULL);
INSERT INTO PUBLIC.LAWS(ID, CREATED_AT, UPDATED_AT, DESCRIPTION, REACHED_QUORUM_AT, STATUS, TITLE, AREA_ID, CREATED_BY_ID, POLL_ID) VALUES
(152, TIMESTAMP '2019-08-02 00:53:47.08', TIMESTAMP '2019-08-03 00:53:47.08', '6FVD8sZD Lorem ipsum dolor sit amet, consectetur ', TIMESTAMP '2019-08-03 00:53:47.079', 1, 'Proposal 9 that reached its quorum', 30, 18, NULL),
(153, TIMESTAMP '2019-07-29 00:53:47.102', TIMESTAMP '2019-07-30 00:53:47.102', 'ENL2bAoW Lorem ipsum dolor sit amet, consectetur adipiscing elit, sed do eiusmod tempor incididunt ut labore et dolore magna aliqua. Ut enim ad minim veniam, quis nostrud exercitation ullamco laboris nisi ut aliquip ex ea commodo consequat. Duis aute irure dolor in reprehenderit in', TIMESTAMP '2019-08-01 00:53:47.1', 1, 'Proposal 10 that reached its quorum', 26, 10, NULL),
(154, TIMESTAMP '2019-08-02 00:53:47.127', TIMESTAMP '2019-08-03 00:53:47.127', '3VSPtzCg Lorem ipsum dolor sit amet, consectetur adipiscing elit, sed do eiusmod tempor incididunt ut labor', TIMESTAMP '2019-08-03 00:53:47.125', 1, 'Proposal 11 that reached its quorum', 23, 16, NULL),
(155, TIMESTAMP '2019-07-30 00:53:47.143', TIMESTAMP '2019-07-31 00:53:47.143', 'MFZo5TPH Lorem ipsum dolor sit amet, consectetur adipiscing elit, sed do eiusmod tempor incididunt ut labore et dolore magna aliqua. Ut enim ad minim veniam, quis nostrud exerc', TIMESTAMP '2019-08-03 00:53:47.141', 1, 'Proposal 12 that reached its quorum', 30, 19, NULL),
(156, TIMESTAMP '2019-07-27 00:53:47.161', TIMESTAMP '2019-07-28 00:53:47.161', 'XtBar7f3 Lorem ipsum dolor sit amet, consectetur adipiscing elit, sed do eiusmod tempor incididunt ut labore et dolore magna aliqua. Ut enim ad minim veniam,', TIMESTAMP '2019-08-03 00:53:47.159', 1, 'Proposal 13 that reached its quorum', 28, 5, NULL),
(157, TIMESTAMP '2019-07-28 00:53:47.185', TIMESTAMP '2019-07-29 00:53:47.185', '9gn3RFOr Lorem ipsum dolor sit amet, consectetur adipiscing elit, sed do eiu', TIMESTAMP '2019-07-29 00:53:47.184', 1, 'Proposal 14 that reached its quorum', 26, 3, NULL),
(158, TIMESTAMP '2019-07-25 00:53:47.202', TIMESTAMP '2019-07-26 00:53:47.203', 'mDUrRUZk Lore', TIMESTAMP '2019-08-02 00:53:47.201', 1, 'Proposal 15 that reached its quorum', 23, 10, NULL),
(159, TIMESTAMP '2019-08-02 00:53:47.226', TIMESTAMP '2019-08-03 00:53:47.228', 'khmT4fnB Lorem ipsum dolor sit amet, consectetur adipiscing elit, sed do eiusmod tempor incididunt ut ', TIMESTAMP '2019-08-03 00:53:47.223', 1, 'Proposal 16 that reached its quorum', 26, 16, NULL),
(160, TIMESTAMP '2019-07-27 00:53:47.253', TIMESTAMP '2019-07-28 00:53:47.253', 'xoYMBKck Lorem ipsum dolor sit amet, consectetur adipiscing elit, sed do eiusmod tempor incididunt ', TIMESTAMP '2019-07-30 00:53:47.251', 1, 'Proposal 17 that reached its quorum', 24, 20, NULL),
(161, TIMESTAMP '2019-08-02 00:53:47.27', TIMESTAMP '2019-08-03 00:53:47.27', 'Vlv64HaR Lorem ipsum dolor sit amet, consectetur adipiscing elit, sed do eiusmod tempor incididunt ut labore et dolore magna aliqua. Ut enim ad minim veniam, quis nostrud exercitation ullamco laboris nisi ut aliquip ex ea commodo consequat. Duis aute irure dolor in reprehenderit in voluptate velit esse cillum dolor', TIMESTAMP '2019-08-03 00:53:47.269', 1, 'Proposal 18 that reached its quorum', 30, 4, NULL),
(162, TIMESTAMP '2019-07-26 00:53:47.288', TIMESTAMP '2019-07-27 00:53:47.288', 'CHQF27wg Lorem ipsum dolor sit amet, consectetur adipiscing elit, sed do eiusmod tempor incididunt ut labore et dolore magna aliqua. Ut enim ad minim veniam, quis nostrud exercitation ullamco laboris nisi ut aliquip ex ea commodo consequat. Duis aute irure dolor in reprehenderit in voluptate velit esse cillum dolore eu fugiat nulla pariatur. Excepteur sint occaecat cupidatat no', TIMESTAMP '2019-07-30 00:53:47.286', 1, 'Proposal 19 that reached its quorum', 27, 9, NULL),
(163, TIMESTAMP '2019-07-26 00:53:47.313', TIMESTAMP '2019-07-27 00:53:47.313', 'GUG44280 Lorem ipsum dolor sit amet, consectetur adipiscing elit, sed do eiusmod tempor incididunt ut labore et dolore magna aliqua. Ut enim ad minim veniam, quis nostrud exercitation ullamco laboris nisi ut aliquip ex ea commodo consequat. Duis aute irure dolor in reprehenderit', TIMESTAMP '2019-08-01 00:53:47.311', 1, 'Proposal 20 that reached its quorum', 27, 1, NULL);
INSERT INTO PUBLIC.LAWS(ID, CREATED_AT, UPDATED_AT, DESCRIPTION, REACHED_QUORUM_AT, STATUS, TITLE, AREA_ID, CREATED_BY_ID, POLL_ID) VALUES
(164, TIMESTAMP '2019-08-03 00:53:47.336', TIMESTAMP '2019-08-03 00:53:47.336', 'sn02srkQ Lorem ipsum dolor sit amet, consectetur adipiscing elit, sed do eiusmod tempor incididunt ut labo', TIMESTAMP '2019-08-03 00:53:47.334', 1, 'Proposal 21 that reached its quorum', 30, 12, NULL),
(165, TIMESTAMP '2019-07-26 00:53:47.378', TIMESTAMP '2019-07-27 00:53:47.378', 'k5wbYaNH Lorem ipsum dolor sit amet, consectetur adipiscing elit, sed do eiusmod tempor incididunt ut labore et dolore magna aliqua. Ut enim ad minim veniam, ', TIMESTAMP '2019-07-27 00:53:47.353', 1, 'Proposal 22 that reached its quorum', 30, 6, NULL),
(166, TIMESTAMP '2019-08-03 00:53:47.392', TIMESTAMP '2019-08-03 00:53:47.392', 'XZT9KrQ8 Lorem ipsum dolor sit amet, consectetur adipiscing elit, sed do eiusmod tempor incidi', TIMESTAMP '2019-08-03 00:53:47.39', 1, 'Proposal 23 that reached its quorum', 29, 12, NULL),
(167, TIMESTAMP '2019-08-02 00:53:47.404', TIMESTAMP '2019-08-03 00:53:47.404', 'AdwSuKpq Lorem ipsum dolor sit amet, consectetur adipiscing elit, sed do eiusmod tempor incididunt ut labore et dolore ma', TIMESTAMP '2019-08-03 00:53:47.403', 1, 'Proposal 24 that reached its quorum', 23, 9, NULL),
(168, TIMESTAMP '2019-07-31 00:53:47.42', TIMESTAMP '2019-08-01 00:53:47.42', 'VbXX7PMl Lorem ipsum dolor sit amet, consectetur adipiscing elit, sed do eiusmod tempor incididunt ut labore et dolore magna aliqua. Ut enim ad minim veniam, qu', TIMESTAMP '2019-08-01 00:53:47.418', 1, 'Proposal 25 that reached its quorum', 23, 6, NULL),
(169, TIMESTAMP '2019-08-02 00:53:47.432', TIMESTAMP '2019-08-03 00:53:47.432', 'eUDzh4aZ Lorem ipsum dolor sit amet, consectetur adipiscing elit, sed do eiusmod tempor incididunt ut la', TIMESTAMP '2019-08-03 00:53:47.43', 1, 'Proposal 26 that reached its quorum', 21, 15, NULL),
(170, TIMESTAMP '2019-07-30 00:53:47.444', TIMESTAMP '2019-07-31 00:53:47.445', 'vbeY275E Lorem ipsum dolor sit amet, consectetur adipiscing elit, sed do eiusmod tempor incididunt ut labore et dolore magna aliqua. Ut enim ad minim veniam, quis nostrud exercitation ullamco laboris nisi ut aliquip ex ea commodo consequat. Duis aute irure dolor in reprehenderit in voluptate velit esse cillum dolore eu fugiat nulla par', TIMESTAMP '2019-08-02 00:53:47.443', 1, 'Proposal 27 that reached its quorum', 24, 6, NULL),
(171, TIMESTAMP '2019-08-01 00:53:47.493', TIMESTAMP '2019-08-02 00:53:47.494', '9gL0ntKY Lorem ipsum dolor sit amet, consectetur adipiscing elit, sed do eiusmod tempor incididunt ut labore et dolore magna aliqua. Ut enim ad minim veniam, quis nostrud exercitation ullamco laboris nisi ut aliquip ex ea commodo consequat. Duis aute irure dolor in reprehenderit in voluptate velit esse cillum dolore eu fugiat nulla pariatur. Excepteur sint occaecat cupidatat non proident, sunt in culpa', TIMESTAMP '2019-08-03 00:53:47.487', 1, 'Proposal 28 that reached its quorum', 22, 16, NULL),
(172, TIMESTAMP '2019-07-29 00:53:47.511', TIMESTAMP '2019-07-30 00:53:47.512', 'ckqRmFdt Lorem ipsum dolor sit amet, consectetur adipiscing elit, sed do eiusmod tempor incididunt ut labore et dolore magna aliqua. Ut enim ad minim veniam, quis nostrud exercitation ullamco l', TIMESTAMP '2019-08-03 00:53:47.51', 1, 'Proposal 29 that reached its quorum', 23, 16, NULL),
(173, TIMESTAMP '2019-07-31 00:53:47.527', TIMESTAMP '2019-08-01 00:53:47.528', 'lhkPfoHW Lorem ipsum dolor sit amet, consectetur adipiscing elit, sed do eiusmod tempor incididunt ut labore et dolore magna aliqua. Ut enim ad minim veniam, quis nostrud exercitation ullamco laboris nisi ut aliquip ex ea commodo consequat. Duis aute irure dolor in reprehenderit in voluptate velit esse cillum do', TIMESTAMP '2019-08-01 00:53:47.526', 1, 'Proposal 30 that reached its quorum', 30, 19, NULL),
(174, TIMESTAMP '2019-07-28 00:53:47.546', TIMESTAMP '2019-07-29 00:53:47.546', 'T4qHpfzw Lorem ipsum dolor sit amet, consectetur adipiscing elit, sed do eiusmod tempor incididunt ut labore et dolore magna aliqua. Ut enim ad minim veniam, quis nostrud exercitation ullamco laboris nisi ut aliquip ex ea commodo consequat. Duis aute irure dolor in reprehenderit in voluptate velit esse cillum dolore eu fugiat nulla pariatur. Excepteur sint occaecat cupidatat non proide', TIMESTAMP '2019-08-02 00:53:47.545', 1, 'Proposal 31 that reached its quorum', 21, 8, NULL);
INSERT INTO PUBLIC.LAWS(ID, CREATED_AT, UPDATED_AT, DESCRIPTION, REACHED_QUORUM_AT, STATUS, TITLE, AREA_ID, CREATED_BY_ID, POLL_ID) VALUES
(175, TIMESTAMP '2019-08-03 00:53:47.562', TIMESTAMP '2019-08-03 00:53:47.562', 'ZHPTvpZq Lorem ipsum dolor sit amet, consectetur adipiscing elit, sed do e', TIMESTAMP '2019-08-03 00:53:47.561', 1, 'Proposal 32 that reached its quorum', 27, 10, NULL),
(176, TIMESTAMP '2019-08-02 00:53:47.576', TIMESTAMP '2019-08-03 00:53:47.576', 'w5fQksSr Lorem ipsum dolor sit amet, consectetur adipiscing elit, sed do eiusmod tempor incididunt ut labore et dolore magna aliqua. Ut enim ad minim veniam, quis nostrud exercitation ullamco laboris nisi ut aliquip ex ea commodo consequat. Duis aute irure dolor in reprehenderit in voluptate velit esse cillum dolore eu fugiat nulla pariatur. Excepteur sint occaecat cupi', TIMESTAMP '2019-08-03 00:53:47.575', 1, 'Proposal 33 that reached its quorum', 28, 7, NULL),
(177, TIMESTAMP '2019-07-29 00:53:47.587', TIMESTAMP '2019-07-30 00:53:47.588', 'Aabyavsv Lorem ipsum dolor sit amet, consectetur adipiscing elit, sed do eiusmod tempor incididunt ut labore et dolore magna aliqua. Ut enim ad minim veniam, quis nostrud exercitation ullamco laboris nisi ut aliquip ex ea commodo consequat. Duis aute irure dolor in r', TIMESTAMP '2019-07-30 00:53:47.586', 1, 'Proposal 34 that reached its quorum', 23, 17, NULL),
(178, TIMESTAMP '2019-07-25 00:53:47.6', TIMESTAMP '2019-07-26 00:53:47.6', 'fs6A4uZy Lorem ipsum dolor sit amet, consectetur adipiscing elit, sed do eiusmod tempor incididunt ut labore et dolore magna aliqua. Ut enim ad minim veniam, quis nostrud exercitation ullamco laboris nisi ut aliquip ex ea commodo consequat. Duis aute irure dolor in repreh', TIMESTAMP '2019-07-26 00:53:47.598', 1, 'Proposal 35 that reached its quorum', 24, 2, NULL),
(179, TIMESTAMP '2019-07-30 00:53:47.613', TIMESTAMP '2019-07-31 00:53:47.613', 'bRA3MXKu Lorem ipsum dolor sit amet, consectetur adipiscing', TIMESTAMP '2019-07-31 00:53:47.611', 1, 'Proposal 36 that reached its quorum', 22, 16, NULL),
(180, TIMESTAMP '2019-07-30 00:53:47.626', TIMESTAMP '2019-07-31 00:53:47.626', 'GwoGU7s2 Lorem ipsum dolor sit amet, consectetur adipiscing elit, sed do eiusmod tempor incididunt ut labore et dolore magna aliqua. Ut enim ad minim veniam, quis nostrud exercitatio', TIMESTAMP '2019-08-02 00:53:47.624', 1, 'Proposal 37 that reached its quorum', 23, 20, NULL),
(181, TIMESTAMP '2019-07-26 00:53:47.636', TIMESTAMP '2019-07-27 00:53:47.637', 'UaHZRmyZ Lorem ipsum dolor sit amet, consectetur adipiscing elit, sed do eiusmod tempor incididun', TIMESTAMP '2019-07-28 00:53:47.635', 1, 'Proposal 38 that reached its quorum', 30, 7, NULL),
(182, TIMESTAMP '2019-08-03 00:53:47.662', TIMESTAMP '2019-08-03 00:53:47.662', 'lWbTPfAR Lorem ipsum dolor sit amet, consectetur adipiscing elit, sed do eiusmod tempor incididunt ut labore et dolore magna aliqua. Ut enim ad minim veniam, quis nostrud exercitation ullamco laboris nisi ut aliquip ex ea commodo consequat. Duis aute irure dolor in reprehender', TIMESTAMP '2019-08-03 00:53:47.649', 1, 'Proposal 39 that reached its quorum', 26, 5, NULL),
(183, TIMESTAMP '2019-08-03 00:53:47.685', TIMESTAMP '2019-08-03 00:53:47.685', 'ybLTQblh Lorem ipsum dolor sit amet, consectetur adipiscing elit, sed do eiusmod tempor incididunt ut ', TIMESTAMP '2019-08-03 00:53:47.684', 1, 'Proposal 40 that reached its quorum', 22, 13, NULL),
(184, TIMESTAMP '2019-07-31 00:53:47.701', TIMESTAMP '2019-08-01 00:53:47.701', '67FsUbtK Lorem ipsum dolor sit', TIMESTAMP '2019-08-02 00:53:47.7', 1, 'Proposal 41 that reached its quorum', 21, 14, NULL),
(185, TIMESTAMP '2019-07-26 00:53:47.718', TIMESTAMP '2019-07-27 00:53:47.718', 'qPlhNvZE Lorem ipsum dolor sit amet, consectetur adipiscing elit, sed do eiusmod tempor incididunt ut labore et dolore magna a', TIMESTAMP '2019-08-02 00:53:47.717', 1, 'Proposal 42 that reached its quorum', 23, 8, NULL),
(186, TIMESTAMP '2019-07-29 00:53:47.733', TIMESTAMP '2019-07-30 00:53:47.733', 'c7dtQl3L Lorem ipsum dolor sit amet, consectetur adipiscing elit, sed do eiusmod tempor incididunt ut labore et dolore magna aliqua. Ut enim ad minim veniam, quis', TIMESTAMP '2019-08-03 00:53:47.732', 1, 'Proposal 43 that reached its quorum', 21, 17, NULL);
INSERT INTO PUBLIC.LAWS(ID, CREATED_AT, UPDATED_AT, DESCRIPTION, REACHED_QUORUM_AT, STATUS, TITLE, AREA_ID, CREATED_BY_ID, POLL_ID) VALUES
(187, TIMESTAMP '2019-07-28 00:53:47.764', TIMESTAMP '2019-07-29 00:53:47.765', 'T0xva9aN Lorem ipsum dolor sit amet, consectetur adipiscing elit, sed do eiusmod tempor incididunt ut labore et dolore magna aliqua. Ut enim ad minim veniam, quis nostrud exercitation ullamco laboris nisi ut aliquip ex ea commodo consequat. Duis aute irure do', TIMESTAMP '2019-08-02 00:53:47.763', 1, 'Proposal 44 that reached its quorum', 29, 15, NULL),
(188, TIMESTAMP '2019-07-31 00:53:47.776', TIMESTAMP '2019-08-01 00:53:47.776', 'G7OoxmPn Lorem i', TIMESTAMP '2019-08-01 00:53:47.775', 1, 'Proposal 45 that reached its quorum', 28, 4, NULL),
(189, TIMESTAMP '2019-07-28 00:53:47.788', TIMESTAMP '2019-07-29 00:53:47.788', 'Srfo6hAn Lorem ipsum dolor sit amet, consectetur adipiscing elit, sed do eiusmod tempor incididunt ut labore et dolore magna aliqua. Ut enim ad minim veniam, quis n', TIMESTAMP '2019-08-01 00:53:47.786', 1, 'Proposal 46 that reached its quorum', 28, 16, NULL),
(190, TIMESTAMP '2019-07-29 00:53:47.798', TIMESTAMP '2019-07-30 00:53:47.798', 'uzD3P4ot Lorem ipsum dolor sit amet, consectetur adipiscing elit, sed do eiusmod tempor incididunt ut labore et dolore magna aliqua. Ut enim ad minim veniam,', TIMESTAMP '2019-07-31 00:53:47.797', 1, 'Proposal 47 that reached its quorum', 23, 7, NULL),
(191, TIMESTAMP '2019-07-28 00:53:47.81', TIMESTAMP '2019-07-29 00:53:47.81', 't0kCdq99 Lorem ipsum dolor sit amet, consectetur adipiscing elit, sed do eiusmod tempor incididunt ut labore et dolore magna aliqua. Ut enim ad minim veniam, quis nostrud exercitation ullamco laboris nisi ut aliquip ex ea commodo consequat. Duis aute irure dolor in reprehenderit in voluptate velit esse cillum dolore eu fugiat nulla pariatur. Excepteur sin', TIMESTAMP '2019-08-02 00:53:47.809', 1, 'Proposal 48 that reached its quorum', 27, 15, NULL),
(192, TIMESTAMP '2019-07-29 00:53:47.822', TIMESTAMP '2019-07-30 00:53:47.823', 'B8zNHoVn Lorem ipsum dolor sit amet, consectetur adipiscing elit, sed do eiusmod tempor incididunt ut labore et dolore magna a', TIMESTAMP '2019-08-02 00:53:47.821', 1, 'Proposal 49 that reached its quorum', 26, 9, NULL),
(193, TIMESTAMP '2019-07-25 00:53:47.833', TIMESTAMP '2019-07-26 00:53:47.833', 'Lorem ipsum dolor sit amet, consectetur adipiscing elit, sed do eiusmod tempor incididunt ut labore et dolore magna aliqua. Ut enim ad minim veniam, quis nostrud exercitation ullamco laboris nisi ut aliquip ex ea commodo consequat. Duis aute irure dolor in reprehenderit in voluptate ', TIMESTAMP '2019-07-31 00:53:47.832', 1, 'Proposal 0 for user testuser1@liquido.de', 26, 1, NULL),
(200, TIMESTAMP '2019-07-30 00:53:47.903', TIMESTAMP '2019-08-03 00:53:47.962', 'Lorem ipsum dolor sit amet, consectetur adipiscing elit, sed do eiusmod tempor incididunt ut labore et dolore magna al', TIMESTAMP '2019-07-31 00:53:47.886', 1, 'Proposal 1 for user testuser1@liquido.de', 25, 1, NULL),
(210, TIMESTAMP '2019-07-27 00:53:47.976', TIMESTAMP '2019-07-28 00:53:47.976', 'Lorem ipsum dolor sit amet, consectetur adipiscing elit, sed do eiusmod tempor incididunt ut labore et dolore magna aliqua. Ut enim ad minim veniam, quis nostrud exercitation ullamco laboris nisi ut aliquip ex ea commodo consequat. Duis a', TIMESTAMP '2019-07-29 00:53:47.975', 1, 'Proposal 2 for user testuser1@liquido.de', 21, 1, NULL),
(214, TIMESTAMP '2019-07-30 00:53:47.994', TIMESTAMP '2019-07-31 00:53:47.994', 'Lorem ipsum dolor sit amet, consectetur adipiscing elit, sed do eiusmod tempor incididunt ut labore et dolore magna aliqua. Ut enim ad minim veniam, quis nostrud exercitation ullamco laboris nisi ut aliquip ex ea commodo consequat. Duis aute irure dolor in reprehenderit in voluptate velit esse', TIMESTAMP '2019-08-03 00:53:47.993', 1, 'Proposal 3 for user testuser1@liquido.de', 28, 1, NULL),
(219, TIMESTAMP '2019-08-02 00:53:48.017', TIMESTAMP '2019-08-03 00:53:48.045', 'Lorem ipsum dolor sit amet, consectetur adipiscing elit, sed do eiusmod tempor incididunt ut labore et dolore magna aliqua. Ut enim ad minim veniam, quis nostrud exercitation ullamco laboris nisi ut aliquip e', TIMESTAMP '2019-08-03 00:53:48.015', 1, 'Proposal 4 for user testuser1@liquido.de', 26, 1, NULL);
INSERT INTO PUBLIC.LAWS(ID, CREATED_AT, UPDATED_AT, DESCRIPTION, REACHED_QUORUM_AT, STATUS, TITLE, AREA_ID, CREATED_BY_ID, POLL_ID) VALUES
(235, TIMESTAMP '2019-07-24 00:53:54.36', TIMESTAMP '2019-08-03 00:53:54.389', 'Lorem ipsum dolor sit amet, consectetur adipiscing elit, sed do eiusmod tempor incididunt ut labore et dolore magna aliqua. Ut enim ad minim veniam, quis nostrud exercitation ullamco laboris nisi ut aliquip ex ea commodo consequat. Duis aute irure dolo', TIMESTAMP '2019-07-27 00:53:54.359', 2, 'Initial Proposal in a poll that is in elaboration 1564786434347', 21, 13, 243),
(244, TIMESTAMP '2019-07-14 00:53:54.404', TIMESTAMP '2019-08-03 00:53:54.421', 'Lorem ipsum dolor sit amet, consectetur adipiscing elit, sed do eiusmod tempor incididunt ut labore et dolore magna aliqua. U', TIMESTAMP '2019-07-16 00:53:54.402', 2, 'Alternative Proposal1 in a poll that is in elaboration1564786434392', 21, 15, 243),
(248, TIMESTAMP '2019-07-14 00:53:54.44', TIMESTAMP '2019-08-03 00:53:54.465', 'Lorem ipsum dolor sit amet, consectetur adipiscing elit, sed do eiusmod tempor incididunt ut labore et dolore magna aliqua. Ut enim ad minim veniam, quis nostrud ex', TIMESTAMP '2019-07-16 00:53:54.438', 2, 'Alternative Proposal2 in a poll that is in elaboration1564786434422', 21, 7, 243),
(255, TIMESTAMP '2019-07-14 00:53:54.48', TIMESTAMP '2019-08-03 00:53:54.53', 'Lorem ipsum dolor sit amet, consectetur adipiscing elit, sed do eiusmod tempor incididunt ut labore et dolore magna aliqua. Ut enim ad minim veniam, quis nostrud exercitation ullamco laboris nisi ut aliquip ex ea commodo consequat. Duis aute irure dolor in reprehenderit in voluptate velit esse cillum dolore eu fugiat nulla pariatur. Excepteur sint occaeca', TIMESTAMP '2019-07-16 00:53:54.477', 2, 'Alternative Proposal3 in a poll that is in elaboration1564786434466', 21, 3, 243),
(261, TIMESTAMP '2019-07-14 00:53:54.549', TIMESTAMP '2019-08-03 00:53:54.627', 'Lorem ipsum dolor sit amet, consectetur adipiscing elit, sed do eiusmod tempor incididunt ut labore et dolore magna aliqua. Ut enim ad minim veniam, quis nostrud exercitation ullamco laboris nisi ut aliquip ex ea commodo consequat. Duis aute irure dolor in reprehenderit in voluptate velit esse cillum dolore eu fugiat nulla par', TIMESTAMP '2019-07-16 00:53:54.548', 2, 'Alternative Proposal4 in a poll that is in elaboration1564786434530', 21, 5, 243),
(267, TIMESTAMP '2019-07-24 00:53:54.642', TIMESTAMP '2019-08-03 00:53:54.873', 'Lorem ipsum dolor sit amet, consectetur adipiscing elit, sed do eiusmod tempor incididunt ut labore et', TIMESTAMP '2019-07-27 00:53:54.641', 3, 'Proposal 5 in voting phase 1564786434836', 21, 13, 271),
(272, TIMESTAMP '2019-07-14 00:53:54.668', TIMESTAMP '2019-08-03 00:53:54.874', 'Lorem ipsum dolor sit amet, consectetur adipiscing elit, sed do eiusmod tempor incididunt ut labore et dolore magna aliqua. Ut enim ad minim veniam, quis nostrud exercitation ullamco laboris nisi ut aliquip ex ea commodo conseq', TIMESTAMP '2019-07-16 00:53:54.667', 3, 'Proposal 4 in voting phase 1564786434836', 21, 15, 271),
(277, TIMESTAMP '2019-07-14 00:53:54.739', TIMESTAMP '2019-08-03 00:53:54.874', 'Lorem ipsum dolor sit amet, consectetur adipiscing elit, sed do eiusmod tempor incididunt ut labore et dolore magna aliqua. Ut enim ad minim veniam, quis nostrud exercitation ullamco laboris nisi ut aliquip ex ea commodo consequat. Duis aute irure dolor in reprehenderit in voluptate velit esse cillum dolore eu fugiat nulla pariatur. Excepteur sint occaecat cupidatat non proident, sunt in cu', TIMESTAMP '2019-07-16 00:53:54.737', 3, 'Proposal 3 in voting phase 1564786434836', 21, 7, 271),
(283, TIMESTAMP '2019-07-14 00:53:54.779', TIMESTAMP '2019-08-03 00:53:54.874', 'Lorem ipsum dolor sit amet, consectetur adipiscing elit, sed do eiusmod tempor incididunt ut labore et dolore magna aliqua. Ut enim ad minim veniam, quis nostrud exercitation ullamco laboris nisi ut ', TIMESTAMP '2019-07-16 00:53:54.777', 3, 'Proposal 2 in voting phase 1564786434836', 21, 3, 271),
(288, TIMESTAMP '2019-07-14 00:53:54.813', TIMESTAMP '2019-08-03 00:53:54.874', 'Lorem ipsum dolor sit amet, consectetur adipiscing elit, sed do eiusmod tempor incididunt ut labore et dolore magna aliqua. Ut enim ad minim veniam, quis nostrud exercitation ullamco laboris nisi ut aliquip ex ea commodo consequat. Duis aute irure dolor in reprehenderit in voluptate velit esse cillum', TIMESTAMP '2019-07-16 00:53:54.812', 3, 'Proposal 1 in voting phase 1564786434836', 21, 5, 271);
INSERT INTO PUBLIC.LAWS(ID, CREATED_AT, UPDATED_AT, DESCRIPTION, REACHED_QUORUM_AT, STATUS, TITLE, AREA_ID, CREATED_BY_ID, POLL_ID) VALUES
(295, TIMESTAMP '2019-07-24 00:53:54.889', TIMESTAMP '2019-08-03 00:53:55.147', 'Lorem ipsum dolor sit amet, consectetur adipiscing elit, sed do eiusmod tempor incididunt ut labore et dolore magna aliqua. Ut enim ad minim veniam, quis nostrud exercitation ullamco laboris nisi ut aliquip ex ea', TIMESTAMP '2019-07-27 00:53:54.887', 3, 'Proposal 5 in voting phase 1564786435094', 21, 13, 303),
(304, TIMESTAMP '2019-07-14 00:53:54.926', TIMESTAMP '2019-08-03 00:53:55.147', 'Lorem ipsum dolor sit amet, consectetur adipiscing elit, sed do eiusmod tempor incididunt ut labore et dolore magna aliqua. Ut enim ad minim veniam, quis nostrud exercitation ullamco laboris nisi ut al', TIMESTAMP '2019-07-16 00:53:54.925', 3, 'Proposal 4 in voting phase 1564786435094', 21, 15, 303),
(313, TIMESTAMP '2019-07-14 00:53:54.972', TIMESTAMP '2019-08-03 00:53:55.147', 'Lorem ipsum dolor sit amet, consectetur adipiscing elit, sed do eiusmod tempor incididunt ut labore et dolore magna aliqua. Ut enim ad minim veniam, quis nostrud exercitation ullamco laboris nisi ut aliquip ex ea comm', TIMESTAMP '2019-07-16 00:53:54.97', 3, 'Proposal 3 in voting phase 1564786435094', 21, 7, 303),
(319, TIMESTAMP '2019-07-14 00:53:55.035', TIMESTAMP '2019-08-03 00:53:55.147', 'Lorem ipsum dolor sit amet, consectetur adipiscing elit, sed do eiusmod tempor incididunt ut labore et dolore magna aliqua. Ut enim ad minim veniam, quis nostrud exercitation ullamco laboris nisi ut aliquip ex ea commodo consequat. Duis aute irure dolor ', TIMESTAMP '2019-07-16 00:53:55.032', 3, 'Proposal 2 in voting phase 1564786435094', 21, 3, 303),
(325, TIMESTAMP '2019-07-14 00:53:55.069', TIMESTAMP '2019-08-03 00:53:55.147', 'Lorem ipsum dolor sit amet, consectetur adipiscing elit, sed do eiusmod tempor incididunt ut labore et dolore magna aliqua. Ut enim ad minim veniam, quis nostrud exercitation ullamco laboris nisi ut aliquip ex ea commodo consequat. Duis aute irure dolor in reprehenderit in voluptate velit esse cillum dolore eu fugiat nulla pariatur. Excepteur sint occaec', TIMESTAMP '2019-07-16 00:53:55.068', 3, 'Proposal 1 in voting phase 1564786435094', 21, 5, 303),
(347, TIMESTAMP '2019-07-24 00:54:01.272', TIMESTAMP '2019-08-03 00:54:05.563', 'Lorem ipsum dolor sit amet, consectetur adipiscing elit, sed do eiusmod tempor incididunt ut labore et dolore magna aliqua. Ut enim ad minim veniam, quis nostrud exercitation ullamco laboris nisi', TIMESTAMP '2019-07-27 00:54:01.271', 5, 'Proposal 5 in voting phase 1564786441427', 21, 13, 353),
(354, TIMESTAMP '2019-07-14 00:54:01.314', TIMESTAMP '2019-08-03 00:54:05.57', 'Lorem ipsum dolor sit amet, consectetur adipiscing elit, sed do eiusmod tempor incididunt ut labore et dolore magna aliqua. Ut enim ad minim veniam, quis nostrud exercitation ullamco laboris nisi ut aliqui', TIMESTAMP '2019-07-16 00:54:01.313', 4, 'This winning Proposal is now a Law', 21, 15, 353),
(358, TIMESTAMP '2019-07-14 00:54:01.335', TIMESTAMP '2019-08-03 00:54:05.564', 'Lorem ipsum dolor sit amet, consectetur adipiscing elit, sed do eiusmod tempor incididunt ut labore et dolore magna aliqua. Ut enim ad minim veniam, quis nostrud exercitation ullamco laboris nisi ut aliquip ex ea commodo consequat. Duis aute irure dolor in reprehenderi', TIMESTAMP '2019-07-16 00:54:01.334', 5, 'Proposal 3 in voting phase 1564786441427', 21, 7, 353),
(362, TIMESTAMP '2019-07-14 00:54:01.358', TIMESTAMP '2019-08-03 00:54:05.564', 'Lorem ipsum dolor sit amet, consectetur adipiscing elit, sed do eiusmod tempor incididunt ut labore et dolore magna aliqua. Ut enim ad minim veniam, quis nostrud exercitation ullamco laboris ni', TIMESTAMP '2019-07-16 00:54:01.357', 5, 'Proposal 2 in voting phase 1564786441427', 21, 3, 353),
(368, TIMESTAMP '2019-07-14 00:54:01.383', TIMESTAMP '2019-08-03 00:54:05.565', 'Lorem ipsum dolor sit amet, consectetur adipiscing elit, sed do eiusmod tempor incididunt ut labore et dolo', TIMESTAMP '2019-07-16 00:54:01.382', 5, 'Proposal 1 in voting phase 1564786441427', 21, 5, 353);
INSERT INTO PUBLIC.LAWS(ID, CREATED_AT, UPDATED_AT, DESCRIPTION, REACHED_QUORUM_AT, STATUS, TITLE, AREA_ID, CREATED_BY_ID, POLL_ID) VALUES
(388, TIMESTAMP '2019-07-14 00:54:05.591', TIMESTAMP '2019-08-03 00:54:05.591', 'Lorem ipsum dolor sit amet, consectetur adipiscing elit, sed do eiusmod tempor incididunt ut labore et dolore magna aliqua. Ut enim ad minim veniam, quis nostrud exercitation ullamco laboris nisi ut aliquip ex ea commodo consequat. Duis aute irure dolor in reprehenderit in voluptate velit esse cillum', TIMESTAMP '2019-07-10 00:54:05.587', 4, 'Law 0', 21, 1, NULL),
(389, TIMESTAMP '2019-07-13 00:54:05.62', TIMESTAMP '2019-08-03 00:54:05.618', 'Lorem ipsum dolor sit amet, consectetur adipiscing elit, sed do eiusmod tempor incididunt ut labore et dolore magna aliqua. Ut enim ad minim veniam, quis nostrud exercitation ullamco laboris nisi ut aliquip ex ea commodo consequat. Duis aute irure dolor in reprehenderit in voluptate velit esse cillu', TIMESTAMP '2019-07-10 00:54:05.614', 4, 'Law 1', 21, 1, NULL);
CREATE MEMORY TABLE PUBLIC.LAWS_COMMENTS(
LAW_MODEL_ID BIGINT NOT NULL,
COMMENTS_ID BIGINT NOT NULL
);
ALTER TABLE PUBLIC.LAWS_COMMENTS ADD CONSTRAINT PUBLIC.CONSTRAINT_A0 PRIMARY KEY(LAW_MODEL_ID, COMMENTS_ID);
-- 25 +/- SELECT COUNT(*) FROM PUBLIC.LAWS_COMMENTS;
INSERT INTO PUBLIC.LAWS_COMMENTS(LAW_MODEL_ID, COMMENTS_ID) VALUES
(193, 194),
(200, 201),
(210, 211),
(214, 215),
(219, 220),
(235, 236),
(244, 245),
(248, 249),
(255, 256),
(261, 262),
(267, 268),
(272, 273),
(277, 278),
(283, 284),
(288, 289),
(295, 296),
(304, 305),
(313, 314),
(319, 320),
(325, 326),
(347, 348),
(354, 355),
(358, 359),
(362, 363),
(368, 369);
CREATE MEMORY TABLE PUBLIC.LAWS_SUPPORTERS(
LAW_MODEL_ID BIGINT NOT NULL,
SUPPORTERS_ID BIGINT NOT NULL
);
ALTER TABLE PUBLIC.LAWS_SUPPORTERS ADD CONSTRAINT PUBLIC.CONSTRAINT_C PRIMARY KEY(LAW_MODEL_ID, SUPPORTERS_ID);
-- 1249 +/- SELECT COUNT(*) FROM PUBLIC.LAWS_SUPPORTERS;
INSERT INTO PUBLIC.LAWS_SUPPORTERS(LAW_MODEL_ID, SUPPORTERS_ID) VALUES
(31, 20),
(31, 16),
(31, 1),
(33, 18),
(33, 15),
(33, 7),
(33, 9),
(33, 8),
(34, 3),
(34, 10),
(34, 1),
(34, 14),
(34, 8),
(34, 9),
(34, 18),
(34, 17),
(35, 20),
(37, 3),
(37, 16),
(37, 2),
(37, 19),
(38, 4),
(38, 3),
(38, 12),
(38, 6),
(38, 20),
(39, 20),
(39, 14),
(39, 9),
(39, 16),
(39, 11),
(39, 5),
(39, 1),
(40, 10),
(40, 4),
(40, 16),
(40, 18),
(40, 7),
(41, 11),
(41, 18),
(41, 20),
(41, 5),
(41, 1),
(41, 2),
(41, 6),
(42, 15),
(42, 8),
(42, 2),
(42, 10),
(42, 1),
(42, 11),
(42, 4),
(43, 17),
(43, 16),
(43, 10),
(43, 12),
(43, 6),
(44, 2),
(44, 1),
(44, 18),
(44, 16),
(44, 14),
(44, 6),
(44, 20),
(44, 5),
(45, 2),
(45, 18),
(45, 7),
(45, 16),
(45, 5),
(45, 11),
(47, 12),
(47, 19),
(47, 4),
(47, 13),
(47, 3),
(48, 6),
(48, 3),
(48, 7),
(48, 12),
(48, 17),
(48, 16),
(49, 13),
(49, 8),
(49, 18),
(49, 15),
(49, 6),
(49, 14),
(49, 10),
(49, 5),
(50, 20),
(50, 10),
(50, 15),
(50, 13),
(50, 6),
(51, 2),
(51, 20),
(53, 3),
(53, 1),
(53, 7),
(53, 14),
(53, 9),
(53, 10),
(54, 1),
(54, 9),
(54, 11),
(54, 3),
(54, 4),
(54, 12),
(54, 16),
(54, 8),
(56, 2),
(56, 14),
(57, 2),
(57, 9),
(57, 19),
(57, 5),
(57, 12),
(57, 17),
(57, 15),
(58, 2),
(59, 14),
(60, 7),
(60, 3),
(60, 18),
(60, 5),
(61, 9),
(61, 1),
(61, 13),
(61, 11),
(61, 14),
(61, 5),
(61, 3),
(62, 16),
(62, 11),
(62, 4),
(62, 15),
(62, 6),
(63, 11),
(63, 8),
(63, 6),
(63, 3),
(63, 15),
(64, 20),
(64, 18),
(64, 5),
(64, 19),
(64, 16),
(64, 14),
(65, 13),
(65, 4),
(65, 18),
(65, 6),
(65, 8),
(66, 3),
(66, 15),
(66, 12),
(66, 14),
(67, 2),
(70, 19),
(70, 12),
(70, 16),
(70, 15),
(70, 1),
(70, 8),
(70, 13),
(70, 20),
(71, 15),
(71, 9),
(72, 8),
(72, 13),
(72, 16),
(72, 10),
(72, 7),
(73, 19),
(73, 11),
(73, 9),
(73, 5),
(73, 18),
(73, 20),
(73, 3),
(74, 20),
(74, 18),
(74, 13),
(75, 16),
(75, 6),
(75, 17),
(75, 11),
(75, 13),
(75, 19),
(75, 2),
(76, 11),
(76, 12),
(76, 18),
(76, 5),
(76, 1),
(76, 7),
(76, 14),
(76, 4),
(77, 11),
(77, 15),
(77, 4),
(77, 14),
(77, 17),
(77, 8),
(78, 15),
(78, 8),
(79, 14),
(79, 8),
(79, 20),
(79, 15),
(79, 16),
(79, 4),
(81, 16),
(81, 10),
(81, 11),
(81, 3),
(81, 9),
(81, 19),
(81, 14),
(82, 6),
(82, 9),
(82, 15),
(82, 17),
(83, 16),
(83, 14),
(84, 9),
(84, 16),
(84, 2),
(84, 18),
(84, 11),
(84, 10),
(84, 1),
(85, 15),
(85, 14),
(85, 3),
(85, 16),
(85, 11),
(85, 5),
(85, 2),
(85, 1),
(86, 9),
(86, 16),
(86, 19),
(86, 8),
(86, 2),
(86, 10),
(86, 18),
(86, 14),
(87, 14),
(87, 4),
(88, 3),
(88, 13),
(88, 7),
(88, 18),
(88, 4),
(88, 9),
(88, 14),
(88, 17),
(89, 7),
(89, 18),
(89, 19),
(89, 15),
(89, 12),
(89, 14),
(90, 10),
(90, 1),
(90, 7),
(90, 16),
(90, 4),
(91, 16),
(91, 8),
(91, 17),
(91, 12),
(91, 14),
(91, 3),
(91, 5),
(91, 9),
(92, 10),
(92, 17),
(92, 5),
(93, 2),
(93, 10),
(93, 20),
(93, 12),
(93, 9),
(93, 13),
(93, 6),
(95, 18),
(95, 13),
(95, 14),
(95, 4),
(95, 8),
(96, 20),
(96, 14),
(96, 10),
(96, 18),
(96, 1),
(96, 9),
(97, 20),
(98, 11),
(98, 1),
(98, 8),
(98, 17),
(98, 7),
(98, 19),
(99, 14),
(100, 14),
(100, 16),
(100, 6),
(100, 1),
(100, 19),
(100, 10),
(100, 8),
(100, 17),
(102, 10),
(103, 9),
(104, 1),
(105, 9),
(105, 1),
(105, 19),
(105, 13),
(105, 11),
(105, 2),
(105, 12),
(105, 3),
(106, 6),
(106, 13),
(106, 18),
(106, 4),
(106, 2),
(106, 11),
(106, 1),
(107, 15),
(107, 10),
(108, 19),
(108, 8),
(108, 3),
(108, 4),
(108, 5),
(108, 7),
(108, 2),
(108, 20),
(109, 4),
(109, 11),
(110, 2),
(110, 19),
(111, 6),
(111, 12),
(111, 20),
(111, 11),
(111, 19),
(112, 9),
(112, 7),
(113, 2),
(113, 18),
(113, 8),
(113, 4),
(113, 1),
(114, 8),
(114, 5),
(116, 14),
(116, 6),
(116, 9),
(117, 5),
(118, 2),
(118, 1),
(118, 11),
(118, 18),
(118, 7),
(118, 6),
(118, 17),
(119, 1),
(119, 13),
(119, 10),
(119, 19),
(120, 3),
(120, 12),
(121, 13),
(121, 12),
(123, 19),
(123, 5),
(123, 9),
(123, 3),
(123, 16),
(124, 19),
(124, 5),
(124, 7),
(124, 12),
(124, 9),
(124, 3),
(124, 16),
(125, 1),
(125, 12),
(125, 18),
(125, 20),
(125, 2),
(127, 18),
(127, 3),
(127, 6),
(127, 16),
(128, 17),
(128, 19),
(128, 6),
(128, 10),
(129, 15),
(129, 13),
(129, 17),
(129, 6),
(129, 4),
(129, 1),
(131, 4);
INSERT INTO PUBLIC.LAWS_SUPPORTERS(LAW_MODEL_ID, SUPPORTERS_ID) VALUES
(131, 5),
(132, 17),
(132, 16),
(132, 18),
(132, 8),
(132, 13),
(133, 6),
(133, 13),
(133, 17),
(133, 20),
(133, 5),
(133, 12),
(133, 8),
(133, 16),
(134, 6),
(134, 8),
(134, 2),
(135, 15),
(135, 11),
(135, 16),
(135, 17),
(135, 4),
(135, 5),
(135, 14),
(135, 8),
(136, 12),
(136, 10),
(136, 20),
(136, 17),
(136, 5),
(137, 11),
(137, 3),
(137, 16),
(137, 4),
(137, 14),
(137, 5),
(137, 17),
(137, 2),
(138, 12),
(138, 8),
(138, 2),
(140, 14),
(140, 1),
(141, 1),
(142, 1),
(142, 20),
(142, 8),
(142, 17),
(142, 11),
(142, 10),
(142, 5),
(142, 18),
(143, 6),
(143, 2),
(143, 8),
(143, 5),
(143, 17),
(143, 3),
(143, 12),
(143, 9),
(143, 10),
(143, 20),
(144, 4),
(144, 6),
(144, 8),
(144, 19),
(144, 17),
(144, 12),
(144, 1),
(144, 9),
(144, 2),
(144, 15),
(145, 3),
(145, 19),
(145, 6),
(145, 1),
(145, 16),
(145, 7),
(145, 17),
(145, 20),
(145, 15),
(145, 8),
(146, 3),
(146, 1),
(146, 6),
(146, 15),
(146, 2),
(146, 10),
(146, 7),
(146, 16),
(146, 8),
(146, 11),
(147, 6),
(147, 2),
(147, 17),
(147, 20),
(147, 16),
(147, 5),
(147, 14),
(147, 8),
(147, 3),
(147, 13),
(148, 10),
(148, 19),
(148, 1),
(148, 20),
(148, 11),
(148, 4),
(148, 13),
(148, 2),
(148, 18),
(148, 12),
(149, 16),
(149, 20),
(149, 2),
(149, 11),
(149, 15),
(149, 5),
(149, 4),
(149, 6),
(149, 13),
(149, 8),
(150, 9),
(150, 11),
(150, 15),
(150, 1),
(150, 6),
(150, 12),
(150, 5),
(150, 19),
(150, 20),
(150, 10),
(151, 18),
(151, 10),
(151, 1),
(151, 8),
(151, 14),
(151, 3),
(151, 15),
(151, 19),
(151, 13),
(151, 6),
(152, 6),
(152, 20),
(152, 15),
(152, 1),
(152, 7),
(152, 11),
(152, 14),
(152, 3),
(152, 13),
(152, 12),
(153, 5),
(153, 6),
(153, 17),
(153, 19),
(153, 20),
(153, 18),
(153, 16),
(153, 15),
(153, 13),
(153, 8),
(154, 14),
(154, 12),
(154, 10),
(154, 17),
(154, 3),
(154, 2),
(154, 1),
(154, 13),
(154, 7),
(154, 15),
(155, 2),
(155, 16),
(155, 10),
(155, 13),
(155, 1),
(155, 14),
(155, 15),
(155, 11),
(155, 20),
(155, 18),
(156, 10),
(156, 3),
(156, 6),
(156, 8),
(156, 16),
(156, 7),
(156, 18),
(156, 19),
(156, 15),
(156, 17),
(157, 6),
(157, 8),
(157, 16),
(157, 4),
(157, 20),
(157, 18),
(157, 15),
(157, 9),
(157, 11),
(157, 7),
(158, 8),
(158, 11),
(158, 13),
(158, 17),
(158, 20),
(158, 18),
(158, 1),
(158, 15),
(158, 16),
(158, 19),
(159, 9),
(159, 15),
(159, 3),
(159, 20),
(159, 2),
(159, 13),
(159, 17),
(159, 8),
(159, 1),
(159, 5),
(160, 15),
(160, 17),
(160, 11),
(160, 8),
(160, 10),
(160, 4),
(160, 9),
(160, 2),
(160, 1),
(160, 14),
(161, 6),
(161, 13),
(161, 3),
(161, 10),
(161, 12),
(161, 16),
(161, 1),
(161, 5),
(161, 17),
(161, 2),
(162, 15),
(162, 4),
(162, 19),
(162, 1),
(162, 18),
(162, 2),
(162, 7),
(162, 16),
(162, 8),
(162, 3),
(163, 20),
(163, 15),
(163, 17),
(163, 10),
(163, 8),
(163, 11),
(163, 14),
(163, 12),
(163, 7),
(163, 2),
(164, 17),
(164, 8),
(164, 3),
(164, 11),
(164, 10),
(164, 9),
(164, 13),
(164, 4),
(164, 15),
(164, 18),
(165, 9),
(165, 1),
(165, 19),
(165, 15),
(165, 11),
(165, 16),
(165, 5),
(165, 3),
(165, 17),
(165, 14),
(166, 5),
(166, 17),
(166, 14),
(166, 9),
(166, 13),
(166, 10),
(166, 2),
(166, 15),
(166, 7),
(166, 3),
(167, 14),
(167, 6),
(167, 10),
(167, 1),
(167, 7),
(167, 12),
(167, 4),
(167, 11),
(167, 5),
(167, 18),
(168, 11),
(168, 4),
(168, 15),
(168, 10),
(168, 12),
(168, 7),
(168, 17),
(168, 19),
(168, 20),
(168, 9),
(169, 9),
(169, 2),
(169, 5),
(169, 6),
(169, 10),
(169, 7),
(169, 14),
(169, 4),
(169, 1),
(169, 13),
(170, 5),
(170, 15),
(170, 2),
(170, 1),
(170, 18),
(170, 20),
(170, 7),
(170, 3),
(170, 19),
(170, 11),
(171, 2),
(171, 20),
(171, 18),
(171, 15),
(171, 13),
(171, 19),
(171, 11),
(171, 14),
(171, 17),
(171, 9),
(172, 9),
(172, 14),
(172, 19),
(172, 2),
(172, 18),
(172, 17),
(172, 7),
(172, 6),
(172, 5),
(172, 1),
(173, 20),
(173, 16),
(173, 8),
(173, 12),
(173, 13),
(173, 15),
(173, 10),
(173, 2),
(173, 1),
(173, 17),
(174, 1),
(174, 13),
(174, 16),
(174, 12),
(174, 4),
(174, 14),
(174, 11),
(174, 17),
(174, 9),
(174, 18),
(175, 3),
(175, 6),
(175, 8),
(175, 12),
(175, 19),
(175, 14),
(175, 20),
(175, 13),
(175, 1),
(175, 2);
INSERT INTO PUBLIC.LAWS_SUPPORTERS(LAW_MODEL_ID, SUPPORTERS_ID) VALUES
(176, 15),
(176, 18),
(176, 2),
(176, 6),
(176, 5),
(176, 8),
(176, 1),
(176, 4),
(176, 12),
(176, 19),
(177, 18),
(177, 15),
(177, 2),
(177, 10),
(177, 19),
(177, 3),
(177, 6),
(177, 20),
(177, 1),
(177, 8),
(178, 4),
(178, 1),
(178, 15),
(178, 12),
(178, 7),
(178, 20),
(178, 8),
(178, 14),
(178, 17),
(178, 16),
(179, 1),
(179, 6),
(179, 3),
(179, 19),
(179, 12),
(179, 7),
(179, 2),
(179, 15),
(179, 10),
(179, 11),
(180, 3),
(180, 1),
(180, 7),
(180, 8),
(180, 4),
(180, 9),
(180, 14),
(180, 5),
(180, 16),
(180, 19),
(181, 5),
(181, 6),
(181, 4),
(181, 3),
(181, 17),
(181, 14),
(181, 1),
(181, 16),
(181, 11),
(181, 2),
(182, 14),
(182, 10),
(182, 1),
(182, 15),
(182, 11),
(182, 7),
(182, 19),
(182, 4),
(182, 17),
(182, 12),
(183, 8),
(183, 16),
(183, 9),
(183, 2),
(183, 7),
(183, 18),
(183, 3),
(183, 1),
(183, 12),
(183, 4),
(184, 6),
(184, 1),
(184, 19),
(184, 18),
(184, 2),
(184, 5),
(184, 17),
(184, 11),
(184, 4),
(184, 15),
(185, 12),
(185, 9),
(185, 18),
(185, 17),
(185, 7),
(185, 1),
(185, 4),
(185, 16),
(185, 2),
(185, 10),
(186, 20),
(186, 14),
(186, 6),
(186, 11),
(186, 12),
(186, 5),
(186, 4),
(186, 1),
(186, 7),
(186, 13),
(187, 16),
(187, 5),
(187, 4),
(187, 10),
(187, 9),
(187, 19),
(187, 18),
(187, 20),
(187, 17),
(187, 3),
(188, 17),
(188, 18),
(188, 5),
(188, 1),
(188, 14),
(188, 8),
(188, 20),
(188, 9),
(188, 11),
(188, 12),
(189, 18),
(189, 20),
(189, 6),
(189, 14),
(189, 10),
(189, 7),
(189, 19),
(189, 11),
(189, 2),
(189, 5),
(190, 20),
(190, 2),
(190, 11),
(190, 14),
(190, 15),
(190, 3),
(190, 17),
(190, 13),
(190, 9),
(190, 8),
(191, 11),
(191, 5),
(191, 19),
(191, 14),
(191, 13),
(191, 20),
(191, 16),
(191, 3),
(191, 17),
(191, 6),
(192, 14),
(192, 13),
(192, 10),
(192, 2),
(192, 16),
(192, 8),
(192, 6),
(192, 20),
(192, 19),
(192, 15),
(193, 10),
(193, 8),
(193, 6),
(193, 7),
(193, 5),
(193, 9),
(193, 3),
(193, 16),
(193, 14),
(193, 17),
(200, 9),
(200, 3),
(200, 6),
(200, 18),
(200, 20),
(200, 17),
(200, 14),
(200, 7),
(200, 19),
(200, 2),
(210, 10),
(210, 8),
(210, 17),
(210, 7),
(210, 11),
(210, 5),
(210, 12),
(210, 9),
(210, 18),
(210, 15),
(214, 20),
(214, 5),
(214, 11),
(214, 16),
(214, 7),
(214, 3),
(214, 6),
(214, 2),
(214, 9),
(214, 19),
(219, 12),
(219, 17),
(219, 19),
(219, 14),
(219, 10),
(219, 13),
(219, 15),
(219, 3),
(219, 18),
(219, 11),
(235, 9),
(235, 20),
(235, 11),
(235, 1),
(235, 14),
(235, 18),
(235, 15),
(235, 8),
(235, 6),
(235, 4),
(244, 9),
(244, 6),
(244, 7),
(244, 8),
(244, 5),
(244, 4),
(244, 11),
(244, 10),
(244, 16),
(244, 20),
(248, 11),
(248, 2),
(248, 4),
(248, 8),
(248, 18),
(248, 3),
(248, 16),
(248, 10),
(248, 12),
(248, 20),
(255, 10),
(255, 15),
(255, 6),
(255, 18),
(255, 1),
(255, 8),
(255, 14),
(255, 13),
(255, 16),
(255, 19),
(261, 8),
(261, 12),
(261, 13),
(261, 6),
(261, 14),
(261, 2),
(261, 11),
(261, 3),
(261, 10),
(261, 17),
(267, 8),
(267, 12),
(267, 19),
(267, 1),
(267, 6),
(267, 14),
(267, 3),
(267, 16),
(267, 4),
(267, 11),
(272, 3),
(272, 7),
(272, 4),
(272, 13),
(272, 20),
(272, 19),
(272, 14),
(272, 5),
(272, 6),
(272, 1),
(277, 6),
(277, 20),
(277, 8),
(277, 18),
(277, 3),
(277, 12),
(277, 10),
(277, 11),
(277, 14),
(277, 17),
(283, 20),
(283, 13),
(283, 11),
(283, 9),
(283, 12),
(283, 10),
(283, 2),
(283, 8),
(283, 4),
(283, 5),
(288, 9),
(288, 12),
(288, 2),
(288, 3),
(288, 17),
(288, 18),
(288, 6),
(288, 14),
(288, 4),
(288, 10),
(295, 16),
(295, 10),
(295, 14),
(295, 18),
(295, 8),
(295, 1),
(295, 15),
(295, 4),
(295, 7),
(295, 11),
(304, 7),
(304, 19),
(304, 16),
(304, 6),
(304, 1),
(304, 8),
(304, 9),
(304, 18),
(304, 17),
(304, 14),
(313, 2),
(313, 5),
(313, 4),
(313, 11),
(313, 20),
(313, 13),
(313, 3),
(313, 12),
(313, 16),
(313, 15),
(319, 9),
(319, 16),
(319, 17),
(319, 7),
(319, 10),
(319, 1),
(319, 13),
(319, 6),
(319, 14),
(319, 11),
(325, 2),
(325, 20),
(325, 15),
(325, 17),
(325, 6),
(325, 8),
(325, 19),
(325, 1),
(325, 12),
(325, 3),
(347, 4),
(347, 12),
(347, 15),
(347, 18),
(347, 16),
(347, 7),
(347, 10),
(347, 9),
(347, 1),
(347, 17),
(354, 2),
(354, 12),
(354, 7);
INSERT INTO PUBLIC.LAWS_SUPPORTERS(LAW_MODEL_ID, SUPPORTERS_ID) VALUES
(354, 9),
(354, 13),
(354, 8),
(354, 10),
(354, 17),
(354, 5),
(354, 6),
(358, 14),
(358, 12),
(358, 5),
(358, 1),
(358, 13),
(358, 11),
(358, 4),
(358, 17),
(358, 18),
(358, 10),
(362, 5),
(362, 17),
(362, 6),
(362, 10),
(362, 12),
(362, 15),
(362, 7),
(362, 20),
(362, 18),
(362, 11),
(368, 10),
(368, 18),
(368, 15),
(368, 16),
(368, 6),
(368, 2),
(368, 4),
(368, 12),
(368, 20),
(368, 17),
(388, 16),
(388, 8),
(388, 15),
(388, 11),
(388, 12),
(388, 18),
(388, 5),
(388, 10),
(388, 6),
(388, 9),
(388, 2),
(388, 7),
(388, 17),
(388, 20),
(388, 4),
(388, 3),
(388, 19),
(388, 14),
(389, 14),
(389, 10),
(389, 20),
(389, 17),
(389, 2),
(389, 15),
(389, 8),
(389, 18),
(389, 6),
(389, 16),
(389, 5),
(389, 13),
(389, 7),
(389, 11),
(389, 12),
(389, 4),
(389, 3);
CREATE MEMORY TABLE PUBLIC.ONE_TIME_TOKEN(
ID BIGINT NOT NULL,
CREATED_AT TIMESTAMP NOT NULL,
UPDATED_AT TIMESTAMP NOT NULL,
TOKEN VARCHAR(255) NOT NULL,
TOKEN_TYPE INTEGER NOT NULL,
VALID_UNTIL TIMESTAMP NOT NULL,
USER_ID BIGINT NOT NULL
);
ALTER TABLE PUBLIC.ONE_TIME_TOKEN ADD CONSTRAINT PUBLIC.CONSTRAINT_4 PRIMARY KEY(ID);
-- 0 +/- SELECT COUNT(*) FROM PUBLIC.ONE_TIME_TOKEN;
CREATE MEMORY TABLE PUBLIC.POLLS(
ID BIGINT NOT NULL,
CREATED_AT TIMESTAMP NOT NULL,
UPDATED_AT TIMESTAMP NOT NULL,
DUEL_MATRIX VARCHAR(255),
STATUS INTEGER,
TITLE VARCHAR(255),
VOTING_END_AT TIMESTAMP,
VOTING_START_AT TIMESTAMP,
WINNER_ID BIGINT
);
ALTER TABLE PUBLIC.POLLS ADD CONSTRAINT PUBLIC.CONSTRAINT_48 PRIMARY KEY(ID);
-- 4 +/- SELECT COUNT(*) FROM PUBLIC.POLLS;
INSERT INTO PUBLIC.POLLS(ID, CREATED_AT, UPDATED_AT, DUEL_MATRIX, STATUS, TITLE, VOTING_END_AT, VOTING_START_AT, WINNER_ID) VALUES
(243, TIMESTAMP '2019-07-27 00:53:54.628', TIMESTAMP '2019-07-27 00:53:54.628', '', 0, 'Poll from TestDataCreator 4392', TIMESTAMP '2019-08-31 00:00:00', TIMESTAMP '2019-08-17 00:00:00', NULL),
(271, TIMESTAMP '2019-07-19 00:53:54.848', TIMESTAMP '2019-08-03 00:53:54.874', '', 1, 'Poll in voting phase 4865', TIMESTAMP '2019-08-16 00:00:00', TIMESTAMP '2019-08-02 00:53:54.864', NULL),
(303, TIMESTAMP '2019-07-19 00:53:55.104', TIMESTAMP '2019-08-03 00:54:01.26', '[]', 1, 'Poll in voting phase 5121', TIMESTAMP '2019-08-16 00:00:00', TIMESTAMP '2019-08-02 00:53:55.121', NULL),
(353, TIMESTAMP '2019-07-01 00:54:01.468', TIMESTAMP '2019-08-03 00:54:05.571', '[[0,6,8,6,10],[10,0,7,8,10],[8,8,0,4,9],[10,8,12,0,10],[6,5,6,6,0]]', 2, 'Finished Poll 1460', TIMESTAMP '2019-08-03 00:54:05.547', TIMESTAMP '2019-07-15 00:54:01.46', 354);
CREATE MEMORY TABLE PUBLIC.USERS(
ID BIGINT NOT NULL,
CREATED_AT TIMESTAMP NOT NULL,
UPDATED_AT TIMESTAMP NOT NULL,
EMAIL VARCHAR(255) NOT NULL,
LAST_LOGIN TIMESTAMP,
MOBILEPHONE VARCHAR(255),
NAME VARCHAR(255),
PICTURE VARCHAR(255),
WEBSITE VARCHAR(255)
);
ALTER TABLE PUBLIC.USERS ADD CONSTRAINT PUBLIC.CONSTRAINT_4D PRIMARY KEY(ID);
-- 20 +/- SELECT COUNT(*) FROM PUBLIC.USERS;
INSERT INTO PUBLIC.USERS(ID, CREATED_AT, UPDATED_AT, EMAIL, LAST_LOGIN, MOBILEPHONE, NAME, PICTURE, WEBSITE) VALUES
(1, TIMESTAMP '2019-08-03 00:53:44.761', TIMESTAMP '2019-08-03 00:53:44.761', 'testuser1@liquido.de', NULL, '+49123451', 'Donald Duck', '/static/img/photos/1.png', 'http://www.liquido.de'),
(2, TIMESTAMP '2019-08-03 00:53:44.851', TIMESTAMP '2019-08-03 00:53:44.851', 'testuser2@liquido.de', NULL, '+49123452', 'Test User2', '/static/img/photos/2.png', 'http://www.liquido.de'),
(3, TIMESTAMP '2019-08-03 00:53:44.854', TIMESTAMP '2019-08-03 00:53:44.854', 'testuser3@liquido.de', NULL, '+49123453', 'Test User3', '/static/img/photos/3.png', 'http://www.liquido.de'),
(4, TIMESTAMP '2019-08-03 00:53:44.858', TIMESTAMP '2019-08-03 00:53:44.858', 'testuser4@liquido.de', NULL, '+49123454', 'Test User4', '/static/img/photos/1.png', 'http://www.liquido.de'),
(5, TIMESTAMP '2019-08-03 00:53:44.863', TIMESTAMP '2019-08-03 00:53:44.863', 'testuser5@liquido.de', NULL, '+49123455', 'Test User5', '/static/img/photos/2.png', 'http://www.liquido.de'),
(6, TIMESTAMP '2019-08-03 00:53:44.868', TIMESTAMP '2019-08-03 00:53:44.868', 'testuser6@liquido.de', NULL, '+49123456', 'Test User6', '/static/img/photos/3.png', 'http://www.liquido.de'),
(7, TIMESTAMP '2019-08-03 00:53:44.871', TIMESTAMP '2019-08-03 00:53:44.871', 'testuser7@liquido.de', NULL, '+49123457', 'Test User7', '/static/img/photos/1.png', 'http://www.liquido.de'),
(8, TIMESTAMP '2019-08-03 00:53:44.876', TIMESTAMP '2019-08-03 00:53:44.876', 'testuser8@liquido.de', NULL, '+49123458', 'Test User8', '/static/img/photos/2.png', 'http://www.liquido.de'),
(9, TIMESTAMP '2019-08-03 00:53:44.882', TIMESTAMP '2019-08-03 00:53:44.882', 'testuser9@liquido.de', NULL, '+49123459', 'Test User9', '/static/img/photos/3.png', 'http://www.liquido.de'),
(10, TIMESTAMP '2019-08-03 00:53:44.886', TIMESTAMP '2019-08-03 00:53:44.886', 'testuser10@liquido.de', NULL, '+491234510', 'Test User10', '/static/img/photos/1.png', 'http://www.liquido.de'),
(11, TIMESTAMP '2019-08-03 00:53:44.891', TIMESTAMP '2019-08-03 00:53:44.891', 'testuser11@liquido.de', NULL, '+491234511', 'Test User11', '/static/img/photos/2.png', 'http://www.liquido.de'),
(12, TIMESTAMP '2019-08-03 00:53:44.895', TIMESTAMP '2019-08-03 00:53:44.895', 'testuser12@liquido.de', NULL, '+491234512', 'Test User12', '/static/img/photos/3.png', 'http://www.liquido.de'),
(13, TIMESTAMP '2019-08-03 00:53:44.901', TIMESTAMP '2019-08-03 00:53:44.901', 'testuser13@liquido.de', NULL, '+491234513', 'Test User13', '/static/img/photos/1.png', 'http://www.liquido.de'),
(14, TIMESTAMP '2019-08-03 00:53:44.904', TIMESTAMP '2019-08-03 00:53:44.904', 'testuser14@liquido.de', NULL, '+491234514', 'Test User14', '/static/img/photos/2.png', 'http://www.liquido.de'),
(15, TIMESTAMP '2019-08-03 00:53:44.911', TIMESTAMP '2019-08-03 00:53:44.911', 'testuser15@liquido.de', NULL, '+491234515', 'Test User15', '/static/img/photos/3.png', 'http://www.liquido.de'),
(16, TIMESTAMP '2019-08-03 00:53:44.918', TIMESTAMP '2019-08-03 00:53:44.918', 'testuser16@liquido.de', NULL, '+491234516', 'Test User16', '/static/img/photos/1.png', 'http://www.liquido.de'),
(17, TIMESTAMP '2019-08-03 00:53:44.921', TIMESTAMP '2019-08-03 00:53:44.921', 'testuser17@liquido.de', NULL, '+491234517', 'Test User17', '/static/img/photos/2.png', 'http://www.liquido.de'),
(18, TIMESTAMP '2019-08-03 00:53:44.927', TIMESTAMP '2019-08-03 00:53:44.927', 'testuser18@liquido.de', NULL, '+491234518', 'Test User18', '/static/img/photos/3.png', 'http://www.liquido.de'),
(19, TIMESTAMP '2019-08-03 00:53:44.934', TIMESTAMP '2019-08-03 00:53:44.934', 'testuser19@liquido.de', NULL, '+491234519', 'Test User19', '/static/img/photos/1.png', 'http://www.liquido.de'),
(20, TIMESTAMP '2019-08-03 00:53:44.936', TIMESTAMP '2019-08-03 00:53:44.936', 'testuser20@liquido.de', NULL, '+491234520', 'Test User20', '/static/img/photos/2.png', 'http://www.liquido.de');
-- 0 +/- SELECT COUNT(*) FROM PUBLIC.QRTZ_CALENDARS;
-- 0 +/- SELECT COUNT(*) FROM PUBLIC.QRTZ_CRON_TRIGGERS;
-- 0 +/- SELECT COUNT(*) FROM PUBLIC.QRTZ_FIRED_TRIGGERS;
-- 0 +/- SELECT COUNT(*) FROM PUBLIC.QRTZ_PAUSED_TRIGGER_GRPS;
-- 0 +/- SELECT COUNT(*) FROM PUBLIC.QRTZ_SCHEDULER_STATE;
-- 0 +/- SELECT COUNT(*) FROM PUBLIC.QRTZ_LOCKS;
-- 0 +/- SELECT COUNT(*) FROM PUBLIC.QRTZ_JOB_DETAILS;
-- 0 +/- SELECT COUNT(*) FROM PUBLIC.QRTZ_SIMPLE_TRIGGERS;
-- 0 +/- SELECT COUNT(*) FROM PUBLIC.QRTZ_SIMPROP_TRIGGERS;
-- 0 +/- SELECT COUNT(*) FROM PUBLIC.QRTZ_BLOB_TRIGGERS;
-- 0 +/- SELECT COUNT(*) FROM PUBLIC.QRTZ_TRIGGERS;
ALTER TABLE PUBLIC.AREAS ADD CONSTRAINT PUBLIC.UK_P61HNJ1M450KNDUSCXOLDCHFJ UNIQUE(TITLE);
ALTER TABLE PUBLIC.KEY_VALUE ADD CONSTRAINT PUBLIC.UK_8TE0DHIEXEOWA1RGVA302TO1L UNIQUE(KEY_COL);
ALTER TABLE PUBLIC.USERS ADD CONSTRAINT PUBLIC.UK_6DOTKOTT2KJSP8VW4D0M25FB7 UNIQUE(EMAIL);
ALTER TABLE PUBLIC.LAWS ADD CONSTRAINT PUBLIC.UK_BS516OPV3HONTPTWVPIOOS72B UNIQUE(TITLE);
ALTER TABLE PUBLIC.DELEGATIONS ADD CONSTRAINT PUBLIC.UK2WYH7POIF8NPDWLUR8DFORD0J UNIQUE(AREA_ID, FROM_USER_ID);
ALTER TABLE PUBLIC.LAWS_COMMENTS ADD CONSTRAINT PUBLIC.UK_OF3YV6X3MAHJPHJBJE5XHRXC8 UNIQUE(COMMENTS_ID);
ALTER TABLE PUBLIC.BALLOTS ADD CONSTRAINT PUBLIC.UKHWWEPK8N3CE54LEREWX2FMYXF UNIQUE(POLL_ID, CHECKSUM);
ALTER TABLE PUBLIC.USERS ADD CONSTRAINT PUBLIC.UK_70QE9WOFM8UJ2PEANWKPHERRM UNIQUE(MOBILEPHONE);
ALTER TABLE PUBLIC.CHECKSUMS ADD CONSTRAINT PUBLIC.UKL0XNKLNHLK4PTWSU9B0QXTYBN UNIQUE(AREA_ID, PUBLIC_PROXY_ID);
ALTER TABLE PUBLIC.AREAS ADD CONSTRAINT PUBLIC.FKP9N0U4HM2Q1O7V0068C8GD4EL FOREIGN KEY(CREATED_BY_ID) REFERENCES PUBLIC.USERS(ID) NOCHECK;
ALTER TABLE PUBLIC.DELEGATIONS ADD CONSTRAINT PUBLIC.FK1Y1R0D478R9NTDMUIYKKUHADV FOREIGN KEY(REQUESTED_DELEGATION_FROM_CHECKSUM_CHECKSUM) REFERENCES PUBLIC.CHECKSUMS(CHECKSUM) NOCHECK;
ALTER TABLE PUBLIC.DELEGATIONS ADD CONSTRAINT PUBLIC.FKSWBDEOVC7HSQ5EX30PBMDU9D4 FOREIGN KEY(AREA_ID) REFERENCES PUBLIC.AREAS(ID) NOCHECK;
ALTER TABLE PUBLIC.LAWS ADD CONSTRAINT PUBLIC.FK4QUHD81MM84X6RQ0CCBXSEYXX FOREIGN KEY(POLL_ID) REFERENCES PUBLIC.POLLS(ID) NOCHECK;
ALTER TABLE PUBLIC.LAWS_SUPPORTERS ADD CONSTRAINT PUBLIC.FK9B4I87YIKUCHRIRFJAYMGOHE3 FOREIGN KEY(LAW_MODEL_ID) REFERENCES PUBLIC.LAWS(ID) NOCHECK;
ALTER TABLE PUBLIC.BALLOTS ADD CONSTRAINT PUBLIC.FKOG7SHPLJ1CCOH8N9AO4Y16LQ3 FOREIGN KEY(POLL_ID) REFERENCES PUBLIC.POLLS(ID) NOCHECK;
ALTER TABLE PUBLIC.COMMENTS_DOWN_VOTERS ADD CONSTRAINT PUBLIC.FK62ILAC17TG4CPKRHEONUD72HV FOREIGN KEY(DOWN_VOTERS_ID) REFERENCES PUBLIC.USERS(ID) NOCHECK;
ALTER TABLE PUBLIC.CHECKSUMS ADD CONSTRAINT PUBLIC.FKDFLPSE9FSOGY1FMFDY2W79RG FOREIGN KEY(DELEGATED_TO_CHECKSUM) REFERENCES PUBLIC.CHECKSUMS(CHECKSUM) NOCHECK;
ALTER TABLE PUBLIC.BALLOTS_VOTE_ORDER ADD CONSTRAINT PUBLIC.FKIH6THEWVJEH3OW9DL1YTJ9AWB FOREIGN KEY(BALLOT_MODEL_ID) REFERENCES PUBLIC.BALLOTS(ID) NOCHECK;
ALTER TABLE PUBLIC.COMMENTS ADD CONSTRAINT PUBLIC.FK7PUWBWE4YL8B2O32R798UW8Q7 FOREIGN KEY(PROPOSAL_ID) REFERENCES PUBLIC.LAWS(ID) NOCHECK;
ALTER TABLE PUBLIC.CHECKSUMS ADD CONSTRAINT PUBLIC.FK68FTLVL0MWTVOQD3BFUPP0XRG FOREIGN KEY(PUBLIC_PROXY_ID) REFERENCES PUBLIC.USERS(ID) NOCHECK;
ALTER TABLE PUBLIC.LAWS ADD CONSTRAINT PUBLIC.FKTR1PLL46Q50SHWBFFYIYUAVGN FOREIGN KEY(CREATED_BY_ID) REFERENCES PUBLIC.USERS(ID) NOCHECK;
ALTER TABLE PUBLIC.ONE_TIME_TOKEN ADD CONSTRAINT PUBLIC.FK4O21XT1RMRICB3EA4TO5NKR8D FOREIGN KEY(USER_ID) REFERENCES PUBLIC.USERS(ID) NOCHECK;
ALTER TABLE PUBLIC.BALLOTS_VOTE_ORDER ADD CONSTRAINT PUBLIC.FKOWD5MAD84QVWGST43698A6GX5 FOREIGN KEY(VOTE_ORDER_ID) REFERENCES PUBLIC.LAWS(ID) NOCHECK;
ALTER TABLE PUBLIC.COMMENTS ADD CONSTRAINT PUBLIC.FKAKKM6QFYDU7VGNFNE1YO0XMED FOREIGN KEY(CREATED_BY_ID) REFERENCES PUBLIC.USERS(ID) NOCHECK;
ALTER TABLE PUBLIC.DELEGATIONS ADD CONSTRAINT PUBLIC.FK21A6LG8FU2JS6E0JU41WJ2GQP FOREIGN KEY(TO_PROXY_ID) REFERENCES PUBLIC.USERS(ID) NOCHECK;
ALTER TABLE PUBLIC.LAWS_COMMENTS ADD CONSTRAINT PUBLIC.FK36FBKIUITRV0YRVY8S0IG46IX FOREIGN KEY(LAW_MODEL_ID) REFERENCES PUBLIC.LAWS(ID) NOCHECK;
ALTER TABLE PUBLIC.POLLS ADD CONSTRAINT PUBLIC.FKQADOVSMQ4UOK58SP9HKHWJQIS FOREIGN KEY(WINNER_ID) REFERENCES PUBLIC.LAWS(ID) NOCHECK;
ALTER TABLE PUBLIC.DELEGATIONS ADD CONSTRAINT PUBLIC.FK9KOYA2MI6T18VF7U1FROBKNIQ FOREIGN KEY(FROM_USER_ID) REFERENCES PUBLIC.USERS(ID) NOCHECK;
ALTER TABLE PUBLIC.BALLOTS ADD CONSTRAINT PUBLIC.FK1RRV2WY16UQONFL9CR1CQG2XD FOREIGN KEY(CHECKSUM) REFERENCES PUBLIC.CHECKSUMS(CHECKSUM) NOCHECK;
ALTER TABLE PUBLIC.LAWS ADD CONSTRAINT PUBLIC.FK9VIQDJ5LDUN0AHWQDFF1WUY39 FOREIGN KEY(AREA_ID) REFERENCES PUBLIC.AREAS(ID) NOCHECK;
ALTER TABLE PUBLIC.LAWS_COMMENTS ADD CONSTRAINT PUBLIC.FKFL0Y4QFVFPF9YNMMFJ0JEVXFF FOREIGN KEY(COMMENTS_ID) REFERENCES PUBLIC.COMMENTS(ID) NOCHECK;
ALTER TABLE PUBLIC.COMMENTS_UP_VOTERS ADD CONSTRAINT PUBLIC.FKEUURM027PDC4L5A9G9O2L0UYD FOREIGN KEY(UP_VOTERS_ID) REFERENCES PUBLIC.USERS(ID) NOCHECK;
ALTER TABLE PUBLIC.COMMENTS ADD CONSTRAINT PUBLIC.FKLRI30OKF66PHTCGBE5POK7CC0 FOREIGN KEY(PARENT_ID) REFERENCES PUBLIC.COMMENTS(ID) NOCHECK;
ALTER TABLE PUBLIC.COMMENTS_UP_VOTERS ADD CONSTRAINT PUBLIC.FK8LS8T571Y99VTTW1MDKEBXAGP FOREIGN KEY(COMMENT_MODEL_ID) REFERENCES PUBLIC.COMMENTS(ID) NOCHECK;
ALTER TABLE PUBLIC.LAWS_SUPPORTERS ADD CONSTRAINT PUBLIC.FKK8MVJC4RQ970OJAVYFIA9BQVE FOREIGN KEY(SUPPORTERS_ID) REFERENCES PUBLIC.USERS(ID) NOCHECK;
ALTER TABLE PUBLIC.COMMENTS_DOWN_VOTERS ADD CONSTRAINT PUBLIC.FKJYMYJ54LENHS4KE6MYQHLY72 FOREIGN KEY(COMMENT_MODEL_ID) REFERENCES PUBLIC.COMMENTS(ID) NOCHECK;
ALTER TABLE PUBLIC.CHECKSUMS ADD CONSTRAINT PUBLIC.FKLLW57XBW0D67OPTMWFMU3P2PC FOREIGN KEY(AREA_ID) REFERENCES PUBLIC.AREAS(ID) NOCHECK;
