SET DB_CLOSE_DELAY -1;
;
CREATE USER IF NOT EXISTS SA SALT '02bddcc829d60935' HASH '9d06d56e762b02d9d1bc2473a0dd723fbdbed4d85e275328011817a3335c1474' ADMIN;
CREATE SEQUENCE PUBLIC.HIBERNATE_SEQUENCE START WITH 396;
CREATE MEMORY TABLE PUBLIC.AREAS(
ID BIGINT NOT NULL,
CREATED_AT TIMESTAMP NOT NULL,
UPDATED_AT TIMESTAMP NOT NULL,
DESCRIPTION VARCHAR(255) NOT NULL,
TITLE VARCHAR(255) NOT NULL,
CREATED_BY_ID BIGINT NOT NULL
);
ALTER TABLE PUBLIC.AREAS ADD CONSTRAINT PUBLIC.CONSTRAINT_3 PRIMARY KEY(ID);
-- 10 +/- SELECT COUNT(*) FROM PUBLIC.AREAS;
INSERT INTO PUBLIC.AREAS(ID, CREATED_AT, UPDATED_AT, DESCRIPTION, TITLE, CREATED_BY_ID) VALUES
(21, TIMESTAMP '2019-08-27 11:12:41.116', TIMESTAMP '2019-08-27 11:12:41.116', 'Nice description for test area #0', 'Area 0', 1),
(22, TIMESTAMP '2019-08-27 11:12:41.132', TIMESTAMP '2019-08-27 11:12:41.132', 'Nice description for test area #1', 'Area 1', 1),
(23, TIMESTAMP '2019-08-27 11:12:41.132', TIMESTAMP '2019-08-27 11:12:41.132', 'Nice description for test area #2', 'Area 2', 1),
(24, TIMESTAMP '2019-08-27 11:12:41.132', TIMESTAMP '2019-08-27 11:12:41.132', 'Nice description for test area #3', 'Area 3', 1),
(25, TIMESTAMP '2019-08-27 11:12:41.132', TIMESTAMP '2019-08-27 11:12:41.132', 'Nice description for test area #4', 'Area 4', 1),
(26, TIMESTAMP '2019-08-27 11:12:41.147', TIMESTAMP '2019-08-27 11:12:41.147', 'Nice description for test area #5', 'Area 5', 1),
(27, TIMESTAMP '2019-08-27 11:12:41.147', TIMESTAMP '2019-08-27 11:12:41.147', 'Nice description for test area #6', 'Area 6', 1),
(28, TIMESTAMP '2019-08-27 11:12:41.163', TIMESTAMP '2019-08-27 11:12:41.163', 'Nice description for test area #7', 'Area 7', 1),
(29, TIMESTAMP '2019-08-27 11:12:41.163', TIMESTAMP '2019-08-27 11:12:41.163', 'Nice description for test area #8', 'Area 8', 1),
(30, TIMESTAMP '2019-08-27 11:12:41.178', TIMESTAMP '2019-08-27 11:12:41.178', 'Nice description for test area #9', 'Area 9', 1);
CREATE MEMORY TABLE PUBLIC.BALLOTS(
ID BIGINT NOT NULL,
LEVEL INTEGER NOT NULL,
VOTE_COUNT BIGINT NOT NULL,
CHECKSUM VARCHAR(255) NOT NULL,
POLL_ID BIGINT NOT NULL
);
ALTER TABLE PUBLIC.BALLOTS ADD CONSTRAINT PUBLIC.CONSTRAINT_1 PRIMARY KEY(ID);
-- 32 +/- SELECT COUNT(*) FROM PUBLIC.BALLOTS;
INSERT INTO PUBLIC.BALLOTS(ID, LEVEL, VOTE_COUNT, CHECKSUM, POLL_ID) VALUES
(330, 0, 1, '$2a$10$1IdrGrRAN2Wp3U7QI.JIzuuViLszDdeyBQZ4QNjYJJWIYI5M2O3G2', 302),
(331, 0, 1, '$2a$10$1IdrGrRAN2Wp3U7QI.JIzuDl5QTomD0jkJDoG.VH7LgF6BaMi7mUu', 302),
(332, 0, 4, '$2a$10$1IdrGrRAN2Wp3U7QI.JIzumrB8gg15WYrl/9Od2a/lKdcXxyoRqYe', 302),
(333, 0, 1, '$2a$10$1IdrGrRAN2Wp3U7QI.JIzu0U7xajdi9.MlI8tTpf7ZVQmMn3XTPaq', 302),
(334, 0, 1, '$2a$10$1IdrGrRAN2Wp3U7QI.JIzuA2amXnXPKlVvjlg62SZ08/U45S1krWS', 302),
(335, 0, 1, '$2a$10$1IdrGrRAN2Wp3U7QI.JIzuQi87d/P3rgtaiDqqegSB4vu2sByXkly', 302),
(336, 0, 2, '$2a$10$1IdrGrRAN2Wp3U7QI.JIzumF7aPaiUyhTd0m56K/SiA71ec5pLFu2', 302),
(337, 1, 1, '$2a$10$1IdrGrRAN2Wp3U7QI.JIzu9jY7URudOBmsrn4SD7Sp2bRAti6ztwK', 302),
(338, 0, 1, '$2a$10$1IdrGrRAN2Wp3U7QI.JIzuaW/fGb8Z2mJgsKxYwe5.NrtAFNxSQVS', 302),
(339, 0, 1, '$2a$10$1IdrGrRAN2Wp3U7QI.JIzuWb3cSZmVC9yx83VYQxwLFYSL5g8IoRy', 302),
(340, 0, 1, '$2a$10$1IdrGrRAN2Wp3U7QI.JIzuaXivFiTa4cwzBq6IwpHyvmd9OIEIHwW', 302),
(341, 0, 1, '$2a$10$1IdrGrRAN2Wp3U7QI.JIzuYTSKjBSu3cADo/STK5moSHUhn6NKcyS', 302),
(342, 0, 1, '$2a$10$1IdrGrRAN2Wp3U7QI.JIzuYun6DCp3DqD0HkMSxupTiHcONZRP0YC', 302),
(343, 0, 1, '$2a$10$1IdrGrRAN2Wp3U7QI.JIzuj/DUpsANoEk4usC10lyWBvgCY2jpdQ6', 302),
(344, 0, 1, '$2a$10$1IdrGrRAN2Wp3U7QI.JIzukT2e4dWh2jhcsPdh.C5JEqMyz08zCoa', 302),
(345, 0, 1, '$2a$10$1IdrGrRAN2Wp3U7QI.JIzuRe9KBAxYEu.ylAyhV50ek90rELSRGqG', 302),
(378, 0, 1, '$2a$10$1IdrGrRAN2Wp3U7QI.JIzuuViLszDdeyBQZ4QNjYJJWIYI5M2O3G2', 354),
(379, 0, 1, '$2a$10$1IdrGrRAN2Wp3U7QI.JIzuDl5QTomD0jkJDoG.VH7LgF6BaMi7mUu', 354),
(380, 0, 4, '$2a$10$1IdrGrRAN2Wp3U7QI.JIzumrB8gg15WYrl/9Od2a/lKdcXxyoRqYe', 354),
(381, 0, 1, '$2a$10$1IdrGrRAN2Wp3U7QI.JIzu0U7xajdi9.MlI8tTpf7ZVQmMn3XTPaq', 354),
(382, 0, 1, '$2a$10$1IdrGrRAN2Wp3U7QI.JIzuA2amXnXPKlVvjlg62SZ08/U45S1krWS', 354),
(383, 0, 1, '$2a$10$1IdrGrRAN2Wp3U7QI.JIzuQi87d/P3rgtaiDqqegSB4vu2sByXkly', 354),
(384, 0, 2, '$2a$10$1IdrGrRAN2Wp3U7QI.JIzumF7aPaiUyhTd0m56K/SiA71ec5pLFu2', 354),
(385, 1, 1, '$2a$10$1IdrGrRAN2Wp3U7QI.JIzu9jY7URudOBmsrn4SD7Sp2bRAti6ztwK', 354),
(386, 0, 1, '$2a$10$1IdrGrRAN2Wp3U7QI.JIzuaW/fGb8Z2mJgsKxYwe5.NrtAFNxSQVS', 354),
(387, 0, 1, '$2a$10$1IdrGrRAN2Wp3U7QI.JIzuWb3cSZmVC9yx83VYQxwLFYSL5g8IoRy', 354),
(388, 0, 1, '$2a$10$1IdrGrRAN2Wp3U7QI.JIzuaXivFiTa4cwzBq6IwpHyvmd9OIEIHwW', 354),
(389, 0, 1, '$2a$10$1IdrGrRAN2Wp3U7QI.JIzuYTSKjBSu3cADo/STK5moSHUhn6NKcyS', 354),
(390, 0, 1, '$2a$10$1IdrGrRAN2Wp3U7QI.JIzuYun6DCp3DqD0HkMSxupTiHcONZRP0YC', 354),
(391, 0, 1, '$2a$10$1IdrGrRAN2Wp3U7QI.JIzuj/DUpsANoEk4usC10lyWBvgCY2jpdQ6', 354),
(392, 0, 1, '$2a$10$1IdrGrRAN2Wp3U7QI.JIzukT2e4dWh2jhcsPdh.C5JEqMyz08zCoa', 354),
(393, 0, 1, '$2a$10$1IdrGrRAN2Wp3U7QI.JIzuRe9KBAxYEu.ylAyhV50ek90rELSRGqG', 354);
CREATE MEMORY TABLE PUBLIC.BALLOTS_VOTE_ORDER(
BALLOT_MODEL_ID BIGINT NOT NULL,
VOTE_ORDER_ID BIGINT NOT NULL,
VOTE_ORDER_ORDER INTEGER NOT NULL
);
ALTER TABLE PUBLIC.BALLOTS_VOTE_ORDER ADD CONSTRAINT PUBLIC.CONSTRAINT_5 PRIMARY KEY(BALLOT_MODEL_ID, VOTE_ORDER_ORDER);
-- 148 +/- SELECT COUNT(*) FROM PUBLIC.BALLOTS_VOTE_ORDER;
INSERT INTO PUBLIC.BALLOTS_VOTE_ORDER(BALLOT_MODEL_ID, VOTE_ORDER_ID, VOTE_ORDER_ORDER) VALUES
(330, 317, 0),
(330, 303, 1),
(330, 321, 2),
(330, 312, 3),
(330, 297, 4),
(331, 312, 0),
(331, 317, 1),
(331, 321, 2),
(331, 303, 3),
(331, 297, 4),
(332, 317, 0),
(332, 297, 1),
(332, 303, 2),
(332, 312, 3),
(332, 321, 4),
(336, 312, 0),
(336, 317, 1),
(336, 303, 2),
(336, 297, 3),
(337, 312, 0),
(337, 317, 1),
(337, 303, 2),
(337, 297, 3),
(338, 321, 0),
(338, 317, 1),
(338, 312, 2),
(338, 303, 3),
(338, 297, 4),
(333, 297, 0),
(333, 303, 1),
(333, 312, 2),
(333, 317, 3),
(333, 321, 4),
(334, 312, 0),
(334, 317, 1),
(334, 297, 2),
(334, 303, 3),
(339, 297, 0),
(339, 317, 1),
(339, 312, 2),
(339, 303, 3),
(340, 303, 0),
(340, 312, 1),
(340, 297, 2),
(340, 317, 3),
(340, 321, 4),
(341, 303, 0),
(341, 297, 1),
(341, 321, 2),
(341, 312, 3),
(342, 297, 0),
(342, 317, 1),
(342, 321, 2),
(342, 303, 3),
(343, 303, 0),
(343, 297, 1),
(343, 317, 2),
(343, 321, 3),
(343, 312, 4),
(344, 297, 0),
(344, 303, 1),
(344, 312, 2),
(344, 317, 3),
(345, 321, 0),
(345, 317, 1),
(345, 297, 2),
(345, 312, 3),
(345, 303, 4),
(335, 312, 0),
(335, 317, 1),
(335, 303, 2),
(335, 297, 3),
(378, 346, 0),
(378, 355, 1),
(378, 359, 2),
(378, 363, 3),
(379, 372, 0),
(379, 359, 1),
(379, 346, 2),
(379, 355, 3),
(380, 346, 0),
(380, 359, 1),
(380, 355, 2),
(380, 363, 3),
(380, 372, 4),
(384, 372, 0),
(384, 355, 1),
(384, 346, 2),
(384, 363, 3),
(384, 359, 4),
(385, 372, 0),
(385, 355, 1),
(385, 346, 2),
(385, 363, 3),
(385, 359, 4),
(386, 372, 0),
(386, 363, 1),
(386, 359, 2),
(386, 355, 3),
(386, 346, 4),
(381, 359, 0),
(381, 363, 1),
(381, 372, 2),
(381, 355, 3),
(381, 346, 4),
(382, 355, 0),
(382, 363, 1),
(382, 346, 2),
(382, 372, 3),
(382, 359, 4),
(387, 372, 0),
(387, 355, 1),
(387, 346, 2),
(387, 363, 3),
(387, 359, 4),
(388, 355, 0),
(388, 363, 1),
(388, 372, 2),
(388, 359, 3),
(388, 346, 4),
(389, 355, 0),
(389, 363, 1),
(389, 372, 2),
(389, 346, 3),
(390, 359, 0),
(390, 363, 1),
(390, 355, 2),
(390, 346, 3),
(390, 372, 4),
(391, 372, 0),
(391, 363, 1),
(391, 355, 2),
(391, 346, 3),
(391, 359, 4),
(392, 355, 0),
(392, 359, 1),
(392, 372, 2),
(392, 346, 3),
(392, 363, 4),
(393, 346, 0),
(393, 372, 1),
(393, 359, 2),
(393, 355, 3),
(383, 355, 0),
(383, 346, 1),
(383, 372, 2),
(383, 363, 3),
(383, 359, 4);
CREATE MEMORY TABLE PUBLIC.CHECKSUMS(
CHECKSUM VARCHAR(255) NOT NULL,
EXPIRES_AT TIMESTAMP,
TRANSITIVE BOOLEAN NOT NULL,
AREA_ID BIGINT,
DELEGATED_TO_CHECKSUM VARCHAR(255),
PUBLIC_PROXY_ID BIGINT
);
ALTER TABLE PUBLIC.CHECKSUMS ADD CONSTRAINT PUBLIC.CONSTRAINT_B PRIMARY KEY(CHECKSUM);
-- 18 +/- SELECT COUNT(*) FROM PUBLIC.CHECKSUMS;
INSERT INTO PUBLIC.CHECKSUMS(CHECKSUM, EXPIRES_AT, TRANSITIVE, AREA_ID, DELEGATED_TO_CHECKSUM, PUBLIC_PROXY_ID) VALUES
('$2a$10$1IdrGrRAN2Wp3U7QI.JIzueyGOu7FMMyyMJw3bvzEU2elpOrru8sy', TIMESTAMP '2019-08-28 11:12:52.873', TRUE, 21, NULL, 1),
('$2a$10$1IdrGrRAN2Wp3U7QI.JIzu9jY7URudOBmsrn4SD7Sp2bRAti6ztwK', TIMESTAMP '2019-08-28 11:12:55.587', TRUE, 21, '$2a$10$1IdrGrRAN2Wp3U7QI.JIzumF7aPaiUyhTd0m56K/SiA71ec5pLFu2', 6),
('$2a$10$1IdrGrRAN2Wp3U7QI.JIzuIvB5fBvUb/y3tpzb1Xahzu9k87H3HZ.', TIMESTAMP '2019-08-28 11:12:55.961', TRUE, 21, '$2a$10$1IdrGrRAN2Wp3U7QI.JIzueyGOu7FMMyyMJw3bvzEU2elpOrru8sy', 4),
('$2a$10$1IdrGrRAN2Wp3U7QI.JIzuuViLszDdeyBQZ4QNjYJJWIYI5M2O3G2', TIMESTAMP '2019-08-28 11:13:12.324', TRUE, 21, NULL, 13),
('$2a$10$1IdrGrRAN2Wp3U7QI.JIzuDl5QTomD0jkJDoG.VH7LgF6BaMi7mUu', TIMESTAMP '2019-08-28 11:13:12.772', TRUE, 21, NULL, 15),
('$2a$10$1IdrGrRAN2Wp3U7QI.JIzumrB8gg15WYrl/9Od2a/lKdcXxyoRqYe', TIMESTAMP '2019-08-28 11:13:13.256', TRUE, 21, '$2a$10$1IdrGrRAN2Wp3U7QI.JIzuIvB5fBvUb/y3tpzb1Xahzu9k87H3HZ.', 7),
('$2a$10$1IdrGrRAN2Wp3U7QI.JIzumF7aPaiUyhTd0m56K/SiA71ec5pLFu2', TIMESTAMP '2019-08-28 11:13:13.625', TRUE, 21, '$2a$10$1IdrGrRAN2Wp3U7QI.JIzueyGOu7FMMyyMJw3bvzEU2elpOrru8sy', 3),
('$2a$10$1IdrGrRAN2Wp3U7QI.JIzuaW/fGb8Z2mJgsKxYwe5.NrtAFNxSQVS', TIMESTAMP '2019-08-28 11:13:13.921', TRUE, 21, NULL, 5),
('$2a$10$1IdrGrRAN2Wp3U7QI.JIzu0U7xajdi9.MlI8tTpf7ZVQmMn3XTPaq', TIMESTAMP '2019-08-28 11:13:14.395', TRUE, 21, '$2a$10$1IdrGrRAN2Wp3U7QI.JIzumrB8gg15WYrl/9Od2a/lKdcXxyoRqYe', 10),
('$2a$10$1IdrGrRAN2Wp3U7QI.JIzuA2amXnXPKlVvjlg62SZ08/U45S1krWS', TIMESTAMP '2019-08-28 11:13:14.773', TRUE, 21, '$2a$10$1IdrGrRAN2Wp3U7QI.JIzumrB8gg15WYrl/9Od2a/lKdcXxyoRqYe', 11),
('$2a$10$1IdrGrRAN2Wp3U7QI.JIzuWb3cSZmVC9yx83VYQxwLFYSL5g8IoRy', TIMESTAMP '2019-08-28 11:13:15.054', TRUE, 21, '$2a$10$1IdrGrRAN2Wp3U7QI.JIzueyGOu7FMMyyMJw3bvzEU2elpOrru8sy', NULL),
('$2a$10$1IdrGrRAN2Wp3U7QI.JIzuaXivFiTa4cwzBq6IwpHyvmd9OIEIHwW', TIMESTAMP '2019-08-28 11:13:15.351', TRUE, 21, NULL, 9),
('$2a$10$1IdrGrRAN2Wp3U7QI.JIzuYTSKjBSu3cADo/STK5moSHUhn6NKcyS', TIMESTAMP '2019-08-28 11:13:15.695', TRUE, 21, NULL, 16),
('$2a$10$1IdrGrRAN2Wp3U7QI.JIzuYun6DCp3DqD0HkMSxupTiHcONZRP0YC', TIMESTAMP '2019-08-28 11:13:16.07', TRUE, 21, NULL, 20),
('$2a$10$1IdrGrRAN2Wp3U7QI.JIzuj/DUpsANoEk4usC10lyWBvgCY2jpdQ6', TIMESTAMP '2019-08-28 11:13:16.366', TRUE, 21, NULL, 18),
('$2a$10$1IdrGrRAN2Wp3U7QI.JIzukT2e4dWh2jhcsPdh.C5JEqMyz08zCoa', TIMESTAMP '2019-08-28 11:13:16.694', TRUE, 21, NULL, 14),
('$2a$10$1IdrGrRAN2Wp3U7QI.JIzuRe9KBAxYEu.ylAyhV50ek90rELSRGqG', TIMESTAMP '2019-08-28 11:13:17.023', TRUE, 21, NULL, 19),
('$2a$10$1IdrGrRAN2Wp3U7QI.JIzuQi87d/P3rgtaiDqqegSB4vu2sByXkly', TIMESTAMP '2019-08-28 11:13:17.335', FALSE, 21, '$2a$10$1IdrGrRAN2Wp3U7QI.JIzumrB8gg15WYrl/9Od2a/lKdcXxyoRqYe', 12);
CREATE MEMORY TABLE PUBLIC.COMMENTS(
ID BIGINT NOT NULL,
CREATED_AT TIMESTAMP NOT NULL,
UPDATED_AT TIMESTAMP NOT NULL,
COMMENT VARCHAR(255) NOT NULL,
CREATED_BY_ID BIGINT NOT NULL,
PARENT_ID BIGINT,
PROPOSAL_ID BIGINT NOT NULL
);
ALTER TABLE PUBLIC.COMMENTS ADD CONSTRAINT PUBLIC.CONSTRAINT_A PRIMARY KEY(ID);
-- 129 +/- SELECT COUNT(*) FROM PUBLIC.COMMENTS;
INSERT INTO PUBLIC.COMMENTS(ID, CREATED_AT, UPDATED_AT, COMMENT, CREATED_BY_ID, PARENT_ID, PROPOSAL_ID) VALUES
(194, TIMESTAMP '2019-08-27 11:12:49.893', TIMESTAMP '2019-08-27 11:12:49.893', 'Comment on root level. I really like this idea, but needs to be improved. 1566897169880', 5, NULL, 193),
(195, TIMESTAMP '2019-08-27 11:12:49.91', TIMESTAMP '2019-08-27 11:12:49.91', 'Reply 0 Lorem ipsum dolor sit amet, consectetur adipiscing elit, sed do eiusmo', 11, 194, 193),
(196, TIMESTAMP '2019-08-27 11:12:49.921', TIMESTAMP '2019-08-27 11:12:49.921', 'Reply 1 Lorem ipsum dolor sit ', 1, 194, 193),
(197, TIMESTAMP '2019-08-27 11:12:49.942', TIMESTAMP '2019-08-27 11:12:49.942', 'Reply 2 Lorem ipsum dolor sit ame', 1, 194, 193),
(198, TIMESTAMP '2019-08-27 11:12:49.945', TIMESTAMP '2019-08-27 11:12:49.945', 'Reply 3 Lorem ipsum dolor sit amet', 6, 194, 193),
(199, TIMESTAMP '2019-08-27 11:12:49.951', TIMESTAMP '2019-08-27 11:12:49.951', 'Reply 4 Lorem ipsum dolor sit amet, consectetur a', 5, 194, 193),
(201, TIMESTAMP '2019-08-27 11:12:50.01', TIMESTAMP '2019-08-27 11:12:50.01', 'Comment on root level. I really like this idea, but needs to be improved. 1566897170009', 1, NULL, 200),
(202, TIMESTAMP '2019-08-27 11:12:50.014', TIMESTAMP '2019-08-27 11:12:50.014', 'Reply 0 Lorem ipsum dolo', 2, 201, 200),
(203, TIMESTAMP '2019-08-27 11:12:50.016', TIMESTAMP '2019-08-27 11:12:50.016', 'Reply 1 Lorem ipsum dolor s', 14, 201, 200),
(204, TIMESTAMP '2019-08-27 11:12:50.019', TIMESTAMP '2019-08-27 11:12:50.019', 'Reply 2 Lorem ipsum dolor sit amet, consectetur adipiscing elit, sed do eius', 17, 201, 200),
(205, TIMESTAMP '2019-08-27 11:12:50.023', TIMESTAMP '2019-08-27 11:12:50.023', 'Reply 3 Lorem ipsum dolor sit amet, consectetur adipiscing elit, ', 9, 201, 200),
(206, TIMESTAMP '2019-08-27 11:12:50.026', TIMESTAMP '2019-08-27 11:12:50.026', 'Reply 4 Lorem ipsum dolor sit amet, consectetur adipiscing elit, sed do eiusmod tempor incididunt u', 3, 201, 200),
(208, TIMESTAMP '2019-08-27 11:12:50.109', TIMESTAMP '2019-08-27 11:12:50.109', 'Comment on root level. I really like this idea, but needs to be improved. 1566897170108', 1, NULL, 207),
(209, TIMESTAMP '2019-08-27 11:12:50.113', TIMESTAMP '2019-08-27 11:12:50.113', 'Reply 0 Lorem ipsum dolor sit amet, consectetur ', 2, 208, 207),
(210, TIMESTAMP '2019-08-27 11:12:50.116', TIMESTAMP '2019-08-27 11:12:50.116', 'Reply 1 Lorem ipsum dolor sit amet, consectetur adipiscing e', 10, 208, 207),
(211, TIMESTAMP '2019-08-27 11:12:50.118', TIMESTAMP '2019-08-27 11:12:50.118', 'Reply 2 Lorem ipsum dolor sit amet, consectetur adipiscing elit', 9, 208, 207),
(212, TIMESTAMP '2019-08-27 11:12:50.12', TIMESTAMP '2019-08-27 11:12:50.12', 'Reply 3 Lorem ipsum dolor sit amet, consectetur ad', 9, 208, 207),
(213, TIMESTAMP '2019-08-27 11:12:50.123', TIMESTAMP '2019-08-27 11:12:50.123', 'Reply 4 Lorem ipsum dolor sit amet, consectetur adipiscing elit, sed do eiusmod tempor incididunt ut labor', 7, 208, 207),
(215, TIMESTAMP '2019-08-27 11:12:50.192', TIMESTAMP '2019-08-27 11:12:50.192', 'Comment on root level. I really like this idea, but needs to be improved. 1566897170191', 7, NULL, 214),
(216, TIMESTAMP '2019-08-27 11:12:50.195', TIMESTAMP '2019-08-27 11:12:50.195', 'Reply 0 Lorem ipsum dolor sit amet, consectetur adipiscing elit, sed do eiusmod tempor incididunt ut', 7, 215, 214),
(217, TIMESTAMP '2019-08-27 11:12:50.198', TIMESTAMP '2019-08-27 11:12:50.198', 'Reply 1 Lorem ipsum dolor ', 20, 215, 214),
(219, TIMESTAMP '2019-08-27 11:12:50.267', TIMESTAMP '2019-08-27 11:12:50.267', 'Comment on root level. I really like this idea, but needs to be improved. 1566897170265', 8, NULL, 218),
(220, TIMESTAMP '2019-08-27 11:12:50.269', TIMESTAMP '2019-08-27 11:12:50.269', 'Reply 0 Lorem ipsum dolor sit amet, co', 4, 219, 218),
(221, TIMESTAMP '2019-08-27 11:12:50.275', TIMESTAMP '2019-08-27 11:12:50.275', 'Reply 1 Lorem ipsum dolor sit amet, c', 15, 219, 218),
(222, TIMESTAMP '2019-08-27 11:12:50.275', TIMESTAMP '2019-08-27 11:12:50.275', 'Reply 2 Lorem ipsum dolor sit amet, consecte', 18, 219, 218),
(233, TIMESTAMP '2019-08-27 11:13:00.001', TIMESTAMP '2019-08-27 11:13:00.001', 'Comment on root level. I really like this idea, but needs to be improved. 1566897180001', 17, NULL, 232);
INSERT INTO PUBLIC.COMMENTS(ID, CREATED_AT, UPDATED_AT, COMMENT, CREATED_BY_ID, PARENT_ID, PROPOSAL_ID) VALUES
(234, TIMESTAMP '2019-08-27 11:13:00.017', TIMESTAMP '2019-08-27 11:13:00.017', 'Reply 0 Lorem ipsum dolor', 10, 233, 232),
(235, TIMESTAMP '2019-08-27 11:13:00.017', TIMESTAMP '2019-08-27 11:13:00.017', 'Reply 1 Lorem ipsum dolor sit amet, co', 3, 233, 232),
(236, TIMESTAMP '2019-08-27 11:13:00.017', TIMESTAMP '2019-08-27 11:13:00.017', 'Reply 2 Lorem ipsum dolor sit amet, consectetur adipiscing elit, sed d', 4, 233, 232),
(241, TIMESTAMP '2019-08-27 11:13:00.189', TIMESTAMP '2019-08-27 11:13:00.189', 'Comment on root level. I really like this idea, but needs to be improved. 1566897180189', 13, NULL, 240),
(242, TIMESTAMP '2019-08-27 11:13:00.189', TIMESTAMP '2019-08-27 11:13:00.189', 'Reply 0 Lorem ipsum dolor sit amet, consectetur adipiscing elit, sed do eiusmod', 8, 241, 240),
(243, TIMESTAMP '2019-08-27 11:13:00.189', TIMESTAMP '2019-08-27 11:13:00.189', 'Reply 1 Lorem ipsum dolor sit amet, consectetur adipisci', 16, 241, 240),
(244, TIMESTAMP '2019-08-27 11:13:00.189', TIMESTAMP '2019-08-27 11:13:00.189', 'Reply 2 Lorem ipsum dolor sit amet, consectetur adipiscing elit, sed do e', 9, 241, 240),
(245, TIMESTAMP '2019-08-27 11:13:00.204', TIMESTAMP '2019-08-27 11:13:00.204', 'Reply 3 Lorem ipsum dolor sit amet, consectetur adipisci', 10, 241, 240),
(247, TIMESTAMP '2019-08-27 11:13:00.311', TIMESTAMP '2019-08-27 11:13:00.311', 'Comment on root level. I really like this idea, but needs to be improved. 1566897180309', 2, NULL, 246),
(248, TIMESTAMP '2019-08-27 11:13:00.314', TIMESTAMP '2019-08-27 11:13:00.314', 'Reply 0 Lorem ipsum dolor sit amet, consectetur adipiscing elit, sed do eiusmod tempor incididunt ut labo', 10, 247, 246),
(249, TIMESTAMP '2019-08-27 11:13:00.316', TIMESTAMP '2019-08-27 11:13:00.316', 'Reply 1 Lorem ipsum dolor sit amet, consectetur adipiscing elit, sed do eiusmod tempor ', 17, 247, 246),
(250, TIMESTAMP '2019-08-27 11:13:00.319', TIMESTAMP '2019-08-27 11:13:00.319', 'Reply 2 Lorem ipsum dolor sit amet, consectetur adipiscing elit, sed do eiusmod tempor ', 1, 247, 246),
(251, TIMESTAMP '2019-08-27 11:13:00.321', TIMESTAMP '2019-08-27 11:13:00.321', 'Reply 3 Lorem ipsum dolor sit amet, consectetur adipiscing elit, sed do eiusmo', 18, 247, 246),
(252, TIMESTAMP '2019-08-27 11:13:00.324', TIMESTAMP '2019-08-27 11:13:00.324', 'Reply 4 Lorem ipsum dolor sit am', 2, 247, 246),
(254, TIMESTAMP '2019-08-27 11:13:00.403', TIMESTAMP '2019-08-27 11:13:00.403', 'Comment on root level. I really like this idea, but needs to be improved. 1566897180403', 3, NULL, 253),
(255, TIMESTAMP '2019-08-27 11:13:00.403', TIMESTAMP '2019-08-27 11:13:00.403', 'Reply 0 Lorem ipsum dolor sit amet, consecte', 15, 254, 253),
(256, TIMESTAMP '2019-08-27 11:13:00.419', TIMESTAMP '2019-08-27 11:13:00.419', 'Reply 1 Lorem ipsum dolor sit amet', 20, 254, 253),
(257, TIMESTAMP '2019-08-27 11:13:00.419', TIMESTAMP '2019-08-27 11:13:00.419', 'Reply 2 Lorem ipsum dolor sit amet, consectetur adipiscing elit, ', 9, 254, 253),
(259, TIMESTAMP '2019-08-27 11:13:00.497', TIMESTAMP '2019-08-27 11:13:00.497', 'Comment on root level. I really like this idea, but needs to be improved. 1566897180497', 20, NULL, 258),
(260, TIMESTAMP '2019-08-27 11:13:00.513', TIMESTAMP '2019-08-27 11:13:00.513', 'Reply 0 Lorem ipsum dolor sit amet, consectetur adipiscing elit, sed do eiusmod ', 8, 259, 258),
(261, TIMESTAMP '2019-08-27 11:13:00.513', TIMESTAMP '2019-08-27 11:13:00.513', 'Reply 1 Lorem ipsum dolor sit amet, consectetur adipiscing elit, sed do eiusmod', 8, 259, 258),
(262, TIMESTAMP '2019-08-27 11:13:00.513', TIMESTAMP '2019-08-27 11:13:00.513', 'Reply 2 Lorem ipsum dolor sit amet, co', 16, 259, 258),
(264, TIMESTAMP '2019-08-27 11:13:00.628', TIMESTAMP '2019-08-27 11:13:00.628', 'Comment on root level. I really like this idea, but needs to be improved. 1566897180626', 17, NULL, 263),
(265, TIMESTAMP '2019-08-27 11:13:00.631', TIMESTAMP '2019-08-27 11:13:00.631', 'Reply 0 Lorem ipsum dolor sit amet,', 12, 264, 263),
(266, TIMESTAMP '2019-08-27 11:13:00.636', TIMESTAMP '2019-08-27 11:13:00.636', 'Reply 1 Lorem ipsum dolor sit amet, consectetur adipiscing elit, sed do eiusmod tem', 5, 264, 263);
INSERT INTO PUBLIC.COMMENTS(ID, CREATED_AT, UPDATED_AT, COMMENT, CREATED_BY_ID, PARENT_ID, PROPOSAL_ID) VALUES
(267, TIMESTAMP '2019-08-27 11:13:00.64', TIMESTAMP '2019-08-27 11:13:00.64', 'Reply 2 Lorem ipsum dolor sit amet, consectetur adipiscing elit, sed do eiusmod ', 18, 264, 263),
(270, TIMESTAMP '2019-08-27 11:13:00.735', TIMESTAMP '2019-08-27 11:13:00.735', 'Comment on root level. I really like this idea, but needs to be improved. 1566897180735', 18, NULL, 269),
(271, TIMESTAMP '2019-08-27 11:13:00.735', TIMESTAMP '2019-08-27 11:13:00.735', 'Reply 0 Lorem ipsum dolor sit amet, consecte', 8, 270, 269),
(272, TIMESTAMP '2019-08-27 11:13:00.75', TIMESTAMP '2019-08-27 11:13:00.75', 'Reply 1 Lorem ipsum dolor sit amet, consectetur adipiscing elit, sed ', 4, 270, 269),
(273, TIMESTAMP '2019-08-27 11:13:00.75', TIMESTAMP '2019-08-27 11:13:00.75', 'Reply 2 Lorem ipsum dolor', 13, 270, 269),
(274, TIMESTAMP '2019-08-27 11:13:00.75', TIMESTAMP '2019-08-27 11:13:00.75', 'Reply 3 Lorem ipsum dolor sit amet, consectetur adipiscing elit, sed', 19, 270, 269),
(275, TIMESTAMP '2019-08-27 11:13:00.75', TIMESTAMP '2019-08-27 11:13:00.75', 'Reply 4 Lorem ipsum dolor sit amet, consectetur adipiscing elit, sed do eiusmod tempo', 4, 270, 269),
(276, TIMESTAMP '2019-08-27 11:13:00.75', TIMESTAMP '2019-08-27 11:13:00.75', 'Reply 5 Lorem ipsum dolor sit am', 11, 270, 269),
(278, TIMESTAMP '2019-08-27 11:13:00.891', TIMESTAMP '2019-08-27 11:13:00.891', 'Comment on root level. I really like this idea, but needs to be improved. 1566897180891', 13, NULL, 277),
(279, TIMESTAMP '2019-08-27 11:13:00.891', TIMESTAMP '2019-08-27 11:13:00.891', 'Reply 0 Lorem ipsum dolor sit amet, consectetur adipiscing elit, sed do eiusmod tempor inc', 18, 278, 277),
(280, TIMESTAMP '2019-08-27 11:13:00.891', TIMESTAMP '2019-08-27 11:13:00.891', 'Reply 1 Lorem ipsum dolor sit amet, consectetur adipi', 17, 278, 277),
(281, TIMESTAMP '2019-08-27 11:13:00.891', TIMESTAMP '2019-08-27 11:13:00.891', 'Reply 2 Lorem ipsum dolor ', 9, 278, 277),
(282, TIMESTAMP '2019-08-27 11:13:00.907', TIMESTAMP '2019-08-27 11:13:00.907', 'Reply 3 Lorem ipsum dolor sit amet, consectetur adipiscing elit, sed do eiusmod tem', 13, 278, 277),
(284, TIMESTAMP '2019-08-27 11:13:01.157', TIMESTAMP '2019-08-27 11:13:01.157', 'Comment on root level. I really like this idea, but needs to be improved. 1566897181141', 13, NULL, 283),
(285, TIMESTAMP '2019-08-27 11:13:01.157', TIMESTAMP '2019-08-27 11:13:01.157', 'Reply 0 Lorem ipsum dolor sit amet, consectetur adipi', 20, 284, 283),
(286, TIMESTAMP '2019-08-27 11:13:01.157', TIMESTAMP '2019-08-27 11:13:01.157', 'Reply 1 Lorem ipsum dolor sit amet, consectetur adipiscing elit, sed do eiusmod tempor incididunt ut', 18, 284, 283),
(287, TIMESTAMP '2019-08-27 11:13:01.157', TIMESTAMP '2019-08-27 11:13:01.157', 'Reply 2 Lorem ipsum dolor ', 20, 284, 283),
(288, TIMESTAMP '2019-08-27 11:13:01.157', TIMESTAMP '2019-08-27 11:13:01.157', 'Reply 3 Lorem ipsum dolor sit amet, consectetur adipiscing elit, ', 19, 284, 283),
(289, TIMESTAMP '2019-08-27 11:13:01.157', TIMESTAMP '2019-08-27 11:13:01.157', 'Reply 4 Lorem ipsum dolor sit amet, consectetu', 11, 284, 283),
(291, TIMESTAMP '2019-08-27 11:13:01.353', TIMESTAMP '2019-08-27 11:13:01.353', 'Comment on root level. I really like this idea, but needs to be improved. 1566897181352', 10, NULL, 290),
(292, TIMESTAMP '2019-08-27 11:13:01.355', TIMESTAMP '2019-08-27 11:13:01.355', 'Reply 0 Lorem ipsum dolor sit amet, consectetur adipiscing elit, sed d', 5, 291, 290),
(293, TIMESTAMP '2019-08-27 11:13:01.357', TIMESTAMP '2019-08-27 11:13:01.357', 'Reply 1 Lorem ipsum dolor sit amet, consectetur adipiscing elit, sed do eiusmod tempor incididunt u', 8, 291, 290),
(294, TIMESTAMP '2019-08-27 11:13:01.358', TIMESTAMP '2019-08-27 11:13:01.358', 'Reply 2 Lorem ipsum dolor sit amet, consectetur adipiscing elit, sed do eiusmod tempor incididunt ut ', 4, 291, 290),
(295, TIMESTAMP '2019-08-27 11:13:01.358', TIMESTAMP '2019-08-27 11:13:01.358', 'Reply 3 Lorem ipsum dolor sit amet, consectetur adipiscing elit, sed', 1, 291, 290);
INSERT INTO PUBLIC.COMMENTS(ID, CREATED_AT, UPDATED_AT, COMMENT, CREATED_BY_ID, PARENT_ID, PROPOSAL_ID) VALUES
(296, TIMESTAMP '2019-08-27 11:13:01.358', TIMESTAMP '2019-08-27 11:13:01.358', 'Reply 4 Lorem ipsum dolor sit amet, consectetur adipiscing elit, sed do eiusmod tempor incididunt ut', 16, 291, 290),
(298, TIMESTAMP '2019-08-27 11:13:01.718', TIMESTAMP '2019-08-27 11:13:01.718', 'Comment on root level. I really like this idea, but needs to be improved. 1566897181718', 5, NULL, 297),
(299, TIMESTAMP '2019-08-27 11:13:01.718', TIMESTAMP '2019-08-27 11:13:01.718', 'Reply 0 Lorem ipsum dolor sit amet, consectetur ad', 8, 298, 297),
(300, TIMESTAMP '2019-08-27 11:13:01.718', TIMESTAMP '2019-08-27 11:13:01.718', 'Reply 1 Lorem ipsum dolor sit amet, cons', 4, 298, 297),
(301, TIMESTAMP '2019-08-27 11:13:01.718', TIMESTAMP '2019-08-27 11:13:01.718', 'Reply 2 Lorem ipsum dolor sit am', 4, 298, 297),
(304, TIMESTAMP '2019-08-27 11:13:01.811', TIMESTAMP '2019-08-27 11:13:01.811', 'Comment on root level. I really like this idea, but needs to be improved. 1566897181811', 8, NULL, 303),
(305, TIMESTAMP '2019-08-27 11:13:01.811', TIMESTAMP '2019-08-27 11:13:01.811', 'Reply 0 Lorem ipsum dolor sit amet, consectetur adipis', 8, 304, 303),
(306, TIMESTAMP '2019-08-27 11:13:01.811', TIMESTAMP '2019-08-27 11:13:01.811', 'Reply 1 Lorem ipsum dolor sit amet, consectetur adipiscing elit, sed do eiusmod tempor incididunt ut ', 6, 304, 303),
(307, TIMESTAMP '2019-08-27 11:13:01.811', TIMESTAMP '2019-08-27 11:13:01.811', 'Reply 2 Lorem ipsum dolor sit amet, consectetur adipiscing elit, sed do eiusmod temp', 6, 304, 303),
(308, TIMESTAMP '2019-08-27 11:13:01.811', TIMESTAMP '2019-08-27 11:13:01.811', 'Reply 3 Lorem ipsum dolor sit amet, consectetur adipiscing elit, sed do eiusmod te', 5, 304, 303),
(309, TIMESTAMP '2019-08-27 11:13:01.827', TIMESTAMP '2019-08-27 11:13:01.827', 'Reply 4 Lorem ipsum dolor sit amet, consectetur adipiscing elit, sed do eiusmod tempor incididunt ut l', 13, 304, 303),
(310, TIMESTAMP '2019-08-27 11:13:01.827', TIMESTAMP '2019-08-27 11:13:01.827', 'Reply 5 Lorem ipsum dolor sit amet, consect', 15, 304, 303),
(311, TIMESTAMP '2019-08-27 11:13:01.827', TIMESTAMP '2019-08-27 11:13:01.827', 'Reply 6 Lorem ipsum dolor sit amet, c', 4, 304, 303),
(313, TIMESTAMP '2019-08-27 11:13:01.874', TIMESTAMP '2019-08-27 11:13:01.874', 'Comment on root level. I really like this idea, but needs to be improved. 1566897181874', 20, NULL, 312),
(314, TIMESTAMP '2019-08-27 11:13:01.874', TIMESTAMP '2019-08-27 11:13:01.874', 'Reply 0 Lorem ipsum dolor sit amet, consectetur adipiscing elit, sed do eiusmod tempor incididunt ut lab', 19, 313, 312),
(315, TIMESTAMP '2019-08-27 11:13:01.889', TIMESTAMP '2019-08-27 11:13:01.889', 'Reply 1 Lorem ipsum dolor sit amet, consect', 12, 313, 312),
(316, TIMESTAMP '2019-08-27 11:13:01.889', TIMESTAMP '2019-08-27 11:13:01.889', 'Reply 2 Lorem ipsum dolor sit amet, consectetur adipiscin', 19, 313, 312),
(318, TIMESTAMP '2019-08-27 11:13:01.968', TIMESTAMP '2019-08-27 11:13:01.968', 'Comment on root level. I really like this idea, but needs to be improved. 1566897181968', 16, NULL, 317),
(319, TIMESTAMP '2019-08-27 11:13:01.968', TIMESTAMP '2019-08-27 11:13:01.968', 'Reply 0 Lorem ipsum dolor sit amet, consectetur adipiscing elit, sed do eiusmod tempor incididunt u', 2, 318, 317),
(320, TIMESTAMP '2019-08-27 11:13:01.968', TIMESTAMP '2019-08-27 11:13:01.968', 'Reply 1 Lorem ipsum dolor sit amet, consectetur adipiscing elit, sed do eiusmod tempor inc', 4, 318, 317),
(322, TIMESTAMP '2019-08-27 11:13:02.055', TIMESTAMP '2019-08-27 11:13:02.055', 'Comment on root level. I really like this idea, but needs to be improved. 1566897182054', 13, NULL, 321),
(323, TIMESTAMP '2019-08-27 11:13:02.057', TIMESTAMP '2019-08-27 11:13:02.057', 'Reply 0 Lorem ipsum dolor sit amet, consectetur adipiscing elit, se', 7, 322, 321),
(324, TIMESTAMP '2019-08-27 11:13:02.06', TIMESTAMP '2019-08-27 11:13:02.06', 'Reply 1 Lorem ipsum dolor sit amet, consectetur adipiscing elit, sed do eiusmod', 3, 322, 321),
(325, TIMESTAMP '2019-08-27 11:13:02.063', TIMESTAMP '2019-08-27 11:13:02.063', 'Reply 2 Lorem ipsum dolor sit amet', 1, 322, 321);
INSERT INTO PUBLIC.COMMENTS(ID, CREATED_AT, UPDATED_AT, COMMENT, CREATED_BY_ID, PARENT_ID, PROPOSAL_ID) VALUES
(326, TIMESTAMP '2019-08-27 11:13:02.069', TIMESTAMP '2019-08-27 11:13:02.069', 'Reply 3 Lorem ipsum dolor sit amet, consectetur adipiscing elit, sed do eiusmod tempor incidi', 1, 322, 321),
(327, TIMESTAMP '2019-08-27 11:13:02.071', TIMESTAMP '2019-08-27 11:13:02.071', 'Reply 4 Lorem ipsum dolor sit amet, consectetur adipiscing elit, sed do eiusmod tempor incid', 16, 322, 321),
(328, TIMESTAMP '2019-08-27 11:13:02.073', TIMESTAMP '2019-08-27 11:13:02.073', 'Reply 5 Lorem ipsum dolor sit amet, consectetur adipiscing elit, sed do eiusmod tem', 9, 322, 321),
(329, TIMESTAMP '2019-08-27 11:13:02.076', TIMESTAMP '2019-08-27 11:13:02.076', 'Reply 6 Lorem ipsum dolor sit amet, ', 4, 322, 321),
(347, TIMESTAMP '2019-08-27 11:13:11.698', TIMESTAMP '2019-08-27 11:13:11.698', 'Comment on root level. I really like this idea, but needs to be improved. 1566897191698', 2, NULL, 346),
(348, TIMESTAMP '2019-08-27 11:13:11.698', TIMESTAMP '2019-08-27 11:13:11.698', 'Reply 0 Lorem ipsum dolo', 17, 347, 346),
(349, TIMESTAMP '2019-08-27 11:13:11.698', TIMESTAMP '2019-08-27 11:13:11.698', 'Reply 1 Lorem ipsum dolor sit amet, consectetur adipiscing elit, sed do eiusmod ', 15, 347, 346),
(350, TIMESTAMP '2019-08-27 11:13:11.698', TIMESTAMP '2019-08-27 11:13:11.698', 'Reply 2 Lorem ipsum dolor sit amet, consectetur adipiscing elit, sed do eiusmod tempor incidid', 7, 347, 346),
(351, TIMESTAMP '2019-08-27 11:13:11.698', TIMESTAMP '2019-08-27 11:13:11.698', 'Reply 3 Lorem ipsum dolor sit amet, consectetur adipiscing elit, sed do ', 10, 347, 346),
(352, TIMESTAMP '2019-08-27 11:13:11.698', TIMESTAMP '2019-08-27 11:13:11.698', 'Reply 4 Lorem ipsum dolor sit amet, consectetur adipiscing elit, sed do eiusmod tempo', 3, 347, 346),
(353, TIMESTAMP '2019-08-27 11:13:11.698', TIMESTAMP '2019-08-27 11:13:11.698', 'Reply 5 Lorem ipsum dolor sit amet, consectetu', 12, 347, 346),
(356, TIMESTAMP '2019-08-27 11:13:11.73', TIMESTAMP '2019-08-27 11:13:11.73', 'Comment on root level. I really like this idea, but needs to be improved. 1566897191730', 7, NULL, 355),
(357, TIMESTAMP '2019-08-27 11:13:11.73', TIMESTAMP '2019-08-27 11:13:11.73', 'Reply 0 Lorem ipsum dolor sit amet, consectetur adipiscing elit, sed do eius', 4, 356, 355),
(358, TIMESTAMP '2019-08-27 11:13:11.745', TIMESTAMP '2019-08-27 11:13:11.745', 'Reply 1 Lorem ipsum dolor sit amet, consectetur adipiscing elit, s', 20, 356, 355),
(360, TIMESTAMP '2019-08-27 11:13:11.761', TIMESTAMP '2019-08-27 11:13:11.761', 'Comment on root level. I really like this idea, but needs to be improved. 1566897191761', 19, NULL, 359),
(361, TIMESTAMP '2019-08-27 11:13:11.761', TIMESTAMP '2019-08-27 11:13:11.761', 'Reply 0 Lorem ipsum dolor sit amet, consectet', 9, 360, 359),
(362, TIMESTAMP '2019-08-27 11:13:11.761', TIMESTAMP '2019-08-27 11:13:11.761', 'Reply 1 Lorem ipsum dolor sit amet, consectetur adipiscing elit, sed do eiusmo', 6, 360, 359),
(364, TIMESTAMP '2019-08-27 11:13:11.808', TIMESTAMP '2019-08-27 11:13:11.808', 'Comment on root level. I really like this idea, but needs to be improved. 1566897191808', 19, NULL, 363),
(365, TIMESTAMP '2019-08-27 11:13:11.808', TIMESTAMP '2019-08-27 11:13:11.808', 'Reply 0 Lorem ipsum dolor sit amet, consectetur adipiscing elit, sed do e', 1, 364, 363),
(366, TIMESTAMP '2019-08-27 11:13:11.808', TIMESTAMP '2019-08-27 11:13:11.808', 'Reply 1 Lorem ipsum dolor sit amet, consectetur adipiscing elit, sed do eiusmod ', 20, 364, 363),
(367, TIMESTAMP '2019-08-27 11:13:11.808', TIMESTAMP '2019-08-27 11:13:11.808', 'Reply 2 Lorem ipsum dolor sit amet, consectetur adipisc', 3, 364, 363),
(368, TIMESTAMP '2019-08-27 11:13:11.808', TIMESTAMP '2019-08-27 11:13:11.808', 'Reply 3 Lorem ipsum dolor sit amet, consectetur adipiscing elit, sed do eiusmod tem', 14, 364, 363),
(369, TIMESTAMP '2019-08-27 11:13:11.808', TIMESTAMP '2019-08-27 11:13:11.808', 'Reply 4 Lorem ipsu', 6, 364, 363),
(370, TIMESTAMP '2019-08-27 11:13:11.808', TIMESTAMP '2019-08-27 11:13:11.808', 'Reply 5 Lorem ipsum dolor sit amet, consectetur adipiscing eli', 1, 364, 363);
INSERT INTO PUBLIC.COMMENTS(ID, CREATED_AT, UPDATED_AT, COMMENT, CREATED_BY_ID, PARENT_ID, PROPOSAL_ID) VALUES
(371, TIMESTAMP '2019-08-27 11:13:11.808', TIMESTAMP '2019-08-27 11:13:11.808', 'Reply 6 Lorem ipsum dolor sit am', 20, 364, 363),
(373, TIMESTAMP '2019-08-27 11:13:11.855', TIMESTAMP '2019-08-27 11:13:11.855', 'Comment on root level. I really like this idea, but needs to be improved. 1566897191855', 12, NULL, 372),
(374, TIMESTAMP '2019-08-27 11:13:11.87', TIMESTAMP '2019-08-27 11:13:11.87', 'Reply 0 Lorem ipsum dolor sit amet, consectet', 6, 373, 372),
(375, TIMESTAMP '2019-08-27 11:13:11.87', TIMESTAMP '2019-08-27 11:13:11.87', 'Reply 1 Lorem ipsum dolor sit amet, consectetur adipiscing elit, sed do eiusmod tempor incididunt ', 8, 373, 372),
(376, TIMESTAMP '2019-08-27 11:13:11.87', TIMESTAMP '2019-08-27 11:13:11.87', 'Reply 2 Lorem ipsum dolor sit amet, consecte', 1, 373, 372),
(377, TIMESTAMP '2019-08-27 11:13:11.87', TIMESTAMP '2019-08-27 11:13:11.87', 'Reply 3 Lorem ipsum dolor sit am', 17, 373, 372);
CREATE MEMORY TABLE PUBLIC.COMMENTS_DOWN_VOTERS(
COMMENT_MODEL_ID BIGINT NOT NULL,
DOWN_VOTERS_ID BIGINT NOT NULL
);
ALTER TABLE PUBLIC.COMMENTS_DOWN_VOTERS ADD CONSTRAINT PUBLIC.CONSTRAINT_2 PRIMARY KEY(COMMENT_MODEL_ID, DOWN_VOTERS_ID);
-- 340 +/- SELECT COUNT(*) FROM PUBLIC.COMMENTS_DOWN_VOTERS;
INSERT INTO PUBLIC.COMMENTS_DOWN_VOTERS(COMMENT_MODEL_ID, DOWN_VOTERS_ID) VALUES
(194, 13),
(194, 8),
(194, 3),
(195, 4),
(196, 9),
(197, 2),
(197, 13),
(197, 6),
(197, 17),
(197, 9),
(199, 1),
(199, 12),
(199, 5),
(201, 20),
(202, 20),
(202, 7),
(202, 19),
(204, 2),
(204, 17),
(205, 11),
(206, 4),
(206, 13),
(206, 20),
(206, 7),
(206, 19),
(206, 15),
(208, 11),
(208, 17),
(208, 20),
(208, 19),
(208, 12),
(209, 2),
(209, 18),
(209, 9),
(210, 2),
(211, 4),
(211, 8),
(211, 7),
(211, 12),
(212, 2),
(212, 13),
(212, 15),
(213, 6),
(213, 10),
(215, 4),
(215, 8),
(215, 18),
(215, 1),
(215, 16),
(215, 12),
(216, 2),
(216, 16),
(216, 5),
(217, 6),
(217, 8),
(217, 9),
(219, 6),
(219, 11),
(219, 17),
(219, 10),
(219, 3),
(220, 2),
(220, 20),
(220, 3),
(220, 16),
(220, 9),
(221, 14),
(221, 10),
(222, 2),
(222, 10),
(233, 2),
(233, 18),
(233, 17),
(233, 12),
(234, 20),
(235, 8),
(235, 1),
(236, 14),
(236, 5),
(241, 2),
(241, 6),
(242, 2),
(242, 5),
(243, 8),
(243, 3),
(243, 9),
(244, 13),
(244, 20),
(245, 14),
(245, 16),
(247, 4),
(247, 18),
(247, 3),
(247, 19),
(248, 18),
(248, 14),
(248, 3),
(248, 19),
(249, 1),
(249, 16),
(250, 16),
(251, 13),
(251, 20),
(252, 4),
(252, 8),
(252, 10),
(254, 2),
(254, 8),
(254, 17),
(254, 20),
(254, 14),
(254, 1),
(254, 16),
(255, 6),
(255, 8),
(255, 10),
(256, 3),
(256, 5),
(257, 6),
(257, 13),
(257, 11),
(259, 7),
(259, 15),
(259, 12),
(260, 6),
(260, 10),
(260, 1),
(260, 15),
(260, 5),
(260, 9),
(261, 18),
(262, 11),
(262, 17),
(262, 16),
(262, 12),
(264, 4),
(264, 5),
(265, 8),
(265, 14),
(265, 10),
(265, 1),
(265, 15),
(265, 12),
(266, 11),
(266, 7),
(266, 5),
(267, 13),
(267, 18),
(267, 17),
(267, 1),
(270, 6),
(271, 14),
(273, 17),
(273, 1),
(275, 17),
(275, 14),
(275, 10),
(276, 2),
(276, 14),
(276, 10),
(278, 3),
(278, 9),
(279, 6),
(279, 15),
(279, 9),
(280, 2),
(280, 17),
(280, 1),
(280, 16),
(280, 15),
(281, 20),
(281, 19),
(282, 13),
(282, 10),
(284, 20),
(284, 5),
(284, 12),
(285, 2),
(285, 4),
(285, 8),
(285, 3),
(286, 2),
(286, 17),
(286, 14),
(286, 1),
(287, 3),
(287, 5),
(287, 12),
(289, 18),
(289, 20),
(289, 14),
(289, 15),
(291, 2),
(292, 8),
(292, 19),
(293, 4),
(293, 2),
(293, 18),
(293, 16),
(294, 6),
(294, 20),
(294, 9),
(295, 4),
(295, 1),
(296, 9),
(298, 11),
(298, 14),
(298, 10),
(298, 3),
(298, 12),
(299, 18),
(300, 2),
(300, 8),
(300, 7),
(301, 13),
(301, 11),
(301, 20),
(301, 14),
(304, 8),
(304, 15),
(304, 5),
(304, 9),
(305, 11),
(305, 14),
(305, 1),
(305, 16),
(305, 5),
(306, 3),
(307, 17),
(307, 20),
(307, 1),
(307, 15),
(308, 7),
(308, 12),
(309, 13),
(309, 10),
(309, 3),
(309, 15),
(310, 13),
(310, 6),
(310, 3),
(310, 19),
(311, 18),
(311, 14),
(311, 19),
(311, 5),
(313, 4),
(313, 17),
(313, 20),
(313, 10),
(314, 20),
(314, 3),
(314, 15),
(314, 12),
(315, 2),
(315, 7),
(316, 7),
(316, 15),
(318, 6),
(318, 13),
(318, 7),
(318, 3),
(319, 6),
(319, 20),
(319, 14),
(322, 6),
(322, 8),
(322, 11),
(322, 7),
(323, 11),
(325, 20),
(325, 15),
(326, 6),
(326, 17),
(327, 13),
(327, 6),
(327, 3),
(327, 16),
(328, 4),
(329, 4),
(329, 13),
(329, 11),
(347, 8),
(347, 20),
(347, 1),
(347, 3),
(348, 14),
(349, 9),
(350, 11),
(351, 6),
(351, 18),
(351, 9),
(353, 15),
(356, 8),
(356, 1),
(357, 13),
(357, 7),
(358, 6),
(358, 1),
(358, 12),
(361, 18),
(361, 1),
(362, 2),
(362, 19),
(364, 6),
(364, 8),
(364, 3),
(366, 4),
(366, 18),
(366, 20),
(366, 15),
(367, 6),
(368, 14),
(368, 7),
(368, 3),
(368, 19),
(368, 12),
(369, 2),
(369, 8),
(369, 17),
(369, 14),
(370, 2),
(370, 1),
(371, 4),
(371, 18),
(371, 10),
(371, 3),
(373, 15),
(374, 2),
(374, 13),
(374, 18),
(374, 14),
(374, 16),
(375, 4),
(375, 8),
(375, 20),
(376, 17),
(376, 1),
(377, 14),
(377, 15);
CREATE MEMORY TABLE PUBLIC.COMMENTS_UP_VOTERS(
COMMENT_MODEL_ID BIGINT NOT NULL,
UP_VOTERS_ID BIGINT NOT NULL
);
ALTER TABLE PUBLIC.COMMENTS_UP_VOTERS ADD CONSTRAINT PUBLIC.CONSTRAINT_20 PRIMARY KEY(COMMENT_MODEL_ID, UP_VOTERS_ID);
-- 330 +/- SELECT COUNT(*) FROM PUBLIC.COMMENTS_UP_VOTERS;
INSERT INTO PUBLIC.COMMENTS_UP_VOTERS(COMMENT_MODEL_ID, UP_VOTERS_ID) VALUES
(194, 14),
(194, 1),
(194, 15),
(195, 2),
(195, 7),
(195, 14),
(196, 14),
(196, 15),
(196, 16),
(197, 10),
(197, 19),
(198, 4),
(198, 14),
(199, 4),
(199, 2),
(199, 1),
(199, 19),
(201, 1),
(201, 5),
(202, 20),
(202, 12),
(203, 7),
(204, 6),
(204, 17),
(204, 7),
(204, 10),
(204, 16),
(205, 13),
(205, 17),
(205, 18),
(206, 1),
(206, 15),
(206, 5),
(208, 2),
(208, 13),
(208, 8),
(208, 18),
(208, 17),
(209, 2),
(209, 4),
(209, 6),
(210, 2),
(210, 6),
(210, 19),
(211, 6),
(211, 18),
(211, 12),
(212, 4),
(212, 3),
(212, 12),
(213, 4),
(213, 1),
(213, 12),
(215, 11),
(215, 17),
(215, 20),
(215, 19),
(215, 12),
(216, 8),
(216, 17),
(216, 7),
(216, 10),
(216, 15),
(220, 13),
(221, 2),
(221, 13),
(221, 18),
(221, 20),
(221, 16),
(222, 12),
(233, 2),
(233, 4),
(233, 8),
(233, 17),
(235, 6),
(235, 20),
(235, 16),
(236, 4),
(236, 2),
(236, 13),
(236, 1),
(236, 9),
(241, 6),
(241, 8),
(241, 10),
(241, 16),
(241, 5),
(242, 14),
(242, 10),
(243, 13),
(243, 17),
(243, 12),
(244, 8),
(244, 7),
(244, 19),
(244, 5),
(245, 8),
(247, 13),
(247, 9),
(248, 15),
(249, 9),
(251, 2),
(251, 14),
(251, 1),
(251, 15),
(252, 13),
(252, 20),
(252, 14),
(252, 15),
(252, 12),
(254, 6),
(254, 8),
(254, 7),
(254, 5),
(255, 11),
(255, 15),
(256, 19),
(257, 18),
(257, 7),
(259, 11),
(259, 18),
(259, 1),
(259, 15),
(260, 6),
(260, 11),
(260, 18),
(260, 15),
(260, 9),
(262, 17),
(262, 14),
(262, 10),
(262, 3),
(262, 5),
(264, 20),
(264, 1),
(264, 16),
(264, 12),
(265, 4),
(265, 8),
(265, 20),
(265, 5),
(266, 20),
(267, 6),
(267, 13),
(267, 20),
(267, 12),
(270, 20),
(270, 3),
(270, 15),
(271, 4),
(271, 9),
(272, 10),
(273, 17),
(273, 20),
(273, 19),
(274, 17),
(274, 3),
(274, 16),
(275, 13),
(275, 19),
(275, 9),
(276, 4),
(276, 2),
(276, 13),
(276, 19),
(278, 8),
(278, 1),
(279, 17),
(279, 19),
(279, 16),
(280, 6),
(280, 14),
(281, 2),
(281, 13),
(281, 11),
(281, 18),
(281, 12),
(282, 3),
(282, 9),
(284, 2),
(284, 20),
(284, 9),
(285, 4),
(285, 18),
(285, 10),
(286, 14),
(287, 4),
(287, 1),
(287, 19),
(289, 13),
(289, 18),
(289, 19),
(291, 2),
(291, 20),
(291, 14),
(291, 1),
(292, 6),
(293, 4),
(293, 18),
(293, 14),
(294, 8),
(294, 17),
(294, 16),
(294, 15),
(295, 11),
(295, 10),
(296, 11),
(296, 18),
(296, 20),
(296, 5),
(296, 9),
(300, 4),
(300, 11),
(300, 16),
(300, 12),
(301, 9),
(304, 10),
(304, 1),
(305, 10),
(305, 19),
(305, 16),
(306, 6),
(307, 13),
(307, 8),
(307, 14),
(308, 3),
(308, 19),
(309, 6),
(309, 11),
(309, 7),
(309, 16),
(309, 9),
(310, 13),
(310, 18),
(310, 10),
(311, 6),
(311, 7),
(311, 1),
(311, 12),
(313, 16),
(314, 13),
(314, 6),
(314, 18),
(314, 14),
(314, 19),
(315, 6),
(315, 13),
(315, 20),
(315, 19),
(315, 9),
(316, 4),
(316, 11),
(316, 18),
(318, 4),
(318, 10),
(318, 5),
(319, 13),
(319, 12),
(320, 4),
(320, 3),
(320, 5),
(322, 13),
(322, 15),
(323, 13),
(323, 1),
(324, 18),
(324, 1),
(325, 6),
(325, 18),
(325, 10),
(325, 3),
(326, 7),
(327, 15),
(327, 5),
(328, 4),
(329, 6),
(347, 2),
(347, 3),
(347, 19),
(348, 10),
(349, 1),
(352, 6),
(352, 17),
(352, 3),
(352, 16),
(352, 12),
(353, 2),
(353, 1),
(357, 11),
(358, 16),
(360, 2),
(360, 13),
(360, 11),
(360, 14),
(360, 1),
(360, 9),
(361, 17),
(361, 1),
(361, 16),
(362, 6),
(362, 14),
(364, 6),
(364, 19),
(364, 16),
(364, 5),
(365, 4),
(365, 14),
(365, 5),
(367, 11),
(367, 15),
(368, 6),
(368, 13),
(368, 8),
(368, 15),
(369, 2),
(369, 13),
(369, 7),
(370, 8),
(370, 10),
(371, 9),
(375, 14),
(375, 3),
(376, 8),
(376, 1),
(376, 3),
(376, 5),
(377, 4),
(377, 3),
(377, 5),
(377, 12);
CREATE MEMORY TABLE PUBLIC.DELEGATIONS(
ID BIGINT NOT NULL,
CREATED_AT TIMESTAMP NOT NULL,
UPDATED_AT TIMESTAMP NOT NULL,
REQUESTED_DELEGATION_AT TIMESTAMP,
TRANSITIVE BOOLEAN NOT NULL,
AREA_ID BIGINT NOT NULL,
FROM_USER_ID BIGINT NOT NULL,
REQUESTED_DELEGATION_FROM_CHECKSUM_CHECKSUM VARCHAR(255),
TO_PROXY_ID BIGINT NOT NULL
);
ALTER TABLE PUBLIC.DELEGATIONS ADD CONSTRAINT PUBLIC.CONSTRAINT_8 PRIMARY KEY(ID);
-- 9 +/- SELECT COUNT(*) FROM PUBLIC.DELEGATIONS;
INSERT INTO PUBLIC.DELEGATIONS(ID, CREATED_AT, UPDATED_AT, REQUESTED_DELEGATION_AT, TRANSITIVE, AREA_ID, FROM_USER_ID, REQUESTED_DELEGATION_FROM_CHECKSUM_CHECKSUM, TO_PROXY_ID) VALUES
(223, TIMESTAMP '2019-08-27 11:12:51.605', TIMESTAMP '2019-08-27 11:12:51.605', NULL, TRUE, 21, 2, NULL, 1),
(224, TIMESTAMP '2019-08-27 11:12:52.561', TIMESTAMP '2019-08-27 11:12:52.561', NULL, TRUE, 21, 3, NULL, 1),
(225, TIMESTAMP '2019-08-27 11:12:53.618', TIMESTAMP '2019-08-27 11:12:53.618', NULL, TRUE, 21, 4, NULL, 1),
(226, TIMESTAMP '2019-08-27 11:12:54.418', TIMESTAMP '2019-08-27 11:12:54.418', TIMESTAMP '2019-08-27 11:12:54.417', TRUE, 21, 5, '$2a$10$1IdrGrRAN2Wp3U7QI.JIzuaW/fGb8Z2mJgsKxYwe5.NrtAFNxSQVS', 2),
(227, TIMESTAMP '2019-08-27 11:12:55.59', TIMESTAMP '2019-08-27 11:12:55.59', NULL, TRUE, 21, 6, NULL, 3),
(228, TIMESTAMP '2019-08-27 11:12:56.92', TIMESTAMP '2019-08-27 11:12:56.92', NULL, TRUE, 21, 7, NULL, 4),
(229, TIMESTAMP '2019-08-27 11:12:58.054', TIMESTAMP '2019-08-27 11:12:58.054', NULL, TRUE, 21, 10, NULL, 7),
(230, TIMESTAMP '2019-08-27 11:12:58.937', TIMESTAMP '2019-08-27 11:12:58.937', NULL, TRUE, 21, 11, NULL, 7),
(231, TIMESTAMP '2019-08-27 11:12:59.954', TIMESTAMP '2019-08-27 11:12:59.954', NULL, FALSE, 21, 12, NULL, 7);
CREATE MEMORY TABLE PUBLIC.KEY_VALUE(
ID BIGINT NOT NULL,
KEY_COL VARCHAR(255) NOT NULL,
VALUE_COL VARCHAR(255)
);
ALTER TABLE PUBLIC.KEY_VALUE ADD CONSTRAINT PUBLIC.CONSTRAINT_7 PRIMARY KEY(ID);
-- 3 +/- SELECT COUNT(*) FROM PUBLIC.KEY_VALUE;
INSERT INTO PUBLIC.KEY_VALUE(ID, KEY_COL, VALUE_COL) VALUES
(32, 'liquido.supporters.for.proposal', '10'),
(237, 'liquido.days.until.voting.starts', '14'),
(238, 'liquido.duration.of.voting.phase', '14');
CREATE MEMORY TABLE PUBLIC.LAWS(
ID BIGINT NOT NULL,
CREATED_AT TIMESTAMP NOT NULL,
UPDATED_AT TIMESTAMP NOT NULL,
DESCRIPTION VARCHAR(1000) NOT NULL,
REACHED_QUORUM_AT TIMESTAMP,
STATUS INTEGER NOT NULL,
TITLE VARCHAR(255) NOT NULL,
AREA_ID BIGINT NOT NULL,
CREATED_BY_ID BIGINT,
POLL_ID BIGINT
);
ALTER TABLE PUBLIC.LAWS ADD CONSTRAINT PUBLIC.CONSTRAINT_23 PRIMARY KEY(ID);
-- 188 +/- SELECT COUNT(*) FROM PUBLIC.LAWS;
INSERT INTO PUBLIC.LAWS(ID, CREATED_AT, UPDATED_AT, DESCRIPTION, REACHED_QUORUM_AT, STATUS, TITLE, AREA_ID, CREATED_BY_ID, POLL_ID) VALUES
(31, TIMESTAMP '2019-08-26 11:12:41.444', TIMESTAMP '2019-08-27 11:12:41.444', 'AqhM3rmZ Lorem ipsum dolor sit amet, consectetur adipiscing elit, sed do eiusmod tempor incididunt ut labore et dolore magna aliqua. Ut enim ad minim veniam, quis nostrud exercitation ullamco laboris nisi ut aliquip ex ea commodo consequat. Duis aute irure dolor in reprehenderit in voluptate velit esse cillum dolore eu ', NULL, 0, 'Idea 0 title from TestFixtures', 21, 7, NULL),
(33, TIMESTAMP '2019-08-25 11:12:41.491', TIMESTAMP '2019-08-26 11:12:41.491', 'HABaPzdA Lorem ipsum dolor sit amet, consectetur adipiscing elit, sed do eiusmod tempor incididunt ut labor', NULL, 0, 'Idea 1 that suggest that we definitely need a longer title for ideas', 22, 5, NULL),
(34, TIMESTAMP '2019-08-24 11:12:41.522', TIMESTAMP '2019-08-25 11:12:41.522', 'z2FcTTtR Lorem ipsum dolor sit amet, consectetur adipiscing elit, sed do eiusmod tempor incididunt ut labore et dolore magna aliqua. Ut enim ad minim veniam, quis nostrud exercitation ullamco laboris nisi ut aliquip ex e', NULL, 0, 'Idea 2 that suggest that we definitely need a longer title for ideas', 23, 9, NULL),
(35, TIMESTAMP '2019-08-23 11:12:41.538', TIMESTAMP '2019-08-24 11:12:41.538', 'hlnVWKEc Lorem ipsum dolor sit amet, consectetur adipiscing elit, sed do eiusm', NULL, 0, 'Idea 3 that suggest that we definitely need a longer title for ideas', 24, 9, NULL),
(36, TIMESTAMP '2019-08-22 11:12:41.569', TIMESTAMP '2019-08-23 11:12:41.569', '6V05ApTK Lorem ipsum dolor sit amet, consectetur adipiscing elit, sed do eiusmod tempor incididunt ut labore et dolore magna aliqua. Ut enim ad minim veniam, quis nostrud exercitation ullamco laboris nisi ut aliquip ex ea commodo consequat. Duis aute irure dolor in reprehenderit in voluptate velit esse cillum dolore eu fugiat nulla pariatur. Excepteur sint occ', NULL, 0, 'Idea 4 that suggest that we definitely need a longer title for ideas', 25, 11, NULL),
(37, TIMESTAMP '2019-08-21 11:12:41.616', TIMESTAMP '2019-08-22 11:12:41.616', 'hgK26TM7 Lorem ipsum dolor sit amet, consectetur adipiscing elit, sed do eiusmod tempor incididunt ut labore et dolore magna aliqua. Ut enim ad minim veniam, quis nostrud exercitation ullamco laboris nisi ut aliq', NULL, 0, 'Idea 5 that suggest that we definitely need a longer title for ideas', 26, 8, NULL),
(38, TIMESTAMP '2019-08-20 11:12:41.631', TIMESTAMP '2019-08-21 11:12:41.631', '5aFtxacf Lorem ipsum dolor sit amet, consectetur adipiscing elit, sed do eiusmod tempor i', NULL, 0, 'Idea 6 that suggest that we definitely need a longer title for ideas', 27, 1, NULL),
(39, TIMESTAMP '2019-08-19 11:12:41.71', TIMESTAMP '2019-08-20 11:12:41.71', 'NayweVgD Lorem ips', NULL, 0, 'Idea 7 that suggest that we definitely need a longer title for ideas', 28, 13, NULL),
(40, TIMESTAMP '2019-08-18 11:12:41.788', TIMESTAMP '2019-08-19 11:12:41.788', 'E8Sl9hTH Lor', NULL, 0, 'Idea 8 that suggest that we definitely need a longer title for ideas', 29, 10, NULL),
(41, TIMESTAMP '2019-08-17 11:12:41.803', TIMESTAMP '2019-08-18 11:12:41.803', 't5Bvb6dD Lorem ipsum dolor sit amet, consectetur adipiscing elit, sed do eiusmod tempor incididunt ut labore et dolore magna aliqua. Ut enim ad minim veniam, quis nostrud exercitation ullamco laboris nisi ut aliquip ex ea commodo consequat. Duis aute irure dolor in reprehenderit i', NULL, 0, 'Idea 9 that suggest that we definitely need a longer title for ideas', 30, 14, NULL),
(42, TIMESTAMP '2019-08-16 11:12:41.819', TIMESTAMP '2019-08-17 11:12:41.819', 'ObGkX6c9 Lorem ipsum dolor sit amet, consectetur adipiscing elit, sed do eiusmod tempor incididunt ut labore et dolore magna aliqua. Ut enim ad minim veniam, quis nostrud exercitation ullamco laboris nisi ut aliquip ex ', NULL, 0, 'Idea 10 that suggest that we definitely need a longer title for ideas', 21, 1, NULL),
(43, TIMESTAMP '2019-08-15 11:12:41.913', TIMESTAMP '2019-08-16 11:12:41.913', 'NMpHO9Pr Lorem ipsum dolor sit amet, consectetur adipiscing elit, sed do eiusmod tempor incididunt ut labore et dolore magna aliqua. Ut enim ad minim veniam, quis nostrud exercitation ullamco laboris nisi ut aliquip ex ea commodo consequat. Duis aute irure dolor in reprehenderit in voluptate velit esse cillum dolore eu fugiat nulla pariatur. Excepteur sint occaecat cupidatat', NULL, 0, 'Idea 11 that suggest that we definitely need a longer title for ideas', 22, 4, NULL);
INSERT INTO PUBLIC.LAWS(ID, CREATED_AT, UPDATED_AT, DESCRIPTION, REACHED_QUORUM_AT, STATUS, TITLE, AREA_ID, CREATED_BY_ID, POLL_ID) VALUES
(44, TIMESTAMP '2019-08-14 11:12:41.96', TIMESTAMP '2019-08-15 11:12:41.96', '6Np2feB7 Lorem', NULL, 0, 'Idea 12 that suggest that we definitely need a longer title for ideas', 23, 2, NULL),
(45, TIMESTAMP '2019-08-13 11:12:41.991', TIMESTAMP '2019-08-14 11:12:41.991', 'MH8N0YCk Lorem ipsum dolor sit amet, consectetur adipiscing elit, sed do', NULL, 0, 'Idea 13 that suggest that we definitely need a longer title for ideas', 24, 14, NULL),
(46, TIMESTAMP '2019-08-12 11:12:42.006', TIMESTAMP '2019-08-13 11:12:42.006', 'zByOyd0C Lorem ipsum dolor sit amet, consectetur adipiscing elit, sed do eiusmod tempor incididunt ut labore et dolore magna aliqua. Ut enim ad minim veniam, quis nostrud exercitation ullamco laboris nisi ut aliquip ex ea commodo consequat. Duis aute irure dolor in reprehenderit in voluptate velit esse cillum dolore eu fugiat nulla pariatur. Excepteur sint occaecat cupidatat non proident, sunt in culp', NULL, 0, 'Idea 14 that suggest that we definitely need a longer title for ideas', 25, 18, NULL),
(47, TIMESTAMP '2019-08-11 11:12:42.022', TIMESTAMP '2019-08-12 11:12:42.022', '0HGVUoHq Lorem ipsum dolor sit amet, consectetur adipiscing elit, sed do eiusmod tempor incididunt ut labore et dolore magna aliqua. Ut enim ad minim veniam, quis nostrud exercitation ullamco laboris nisi ut aliquip ex ea commodo consequat. Duis aute irure dolor in reprehenderit in voluptate velit esse cillum dolore eu', NULL, 0, 'Idea 15 that suggest that we definitely need a longer title for ideas', 26, 10, NULL),
(48, TIMESTAMP '2019-08-10 11:12:42.084', TIMESTAMP '2019-08-11 11:12:42.1', 'Qrk6RlpT Lorem ipsum dolor sit amet, consectetur adipiscing elit, sed do eiusmod tempor incididunt ut labore et dolore magna aliqua. Ut enim ad minim veniam, quis nostrud exercitation ullamco laboris nisi ut aliquip ex ea commodo consequat. Duis aute irure dolor in reprehenderit i', NULL, 0, 'Idea 16 that suggest that we definitely need a longer title for ideas', 27, 12, NULL),
(49, TIMESTAMP '2019-08-09 11:12:42.131', TIMESTAMP '2019-08-10 11:12:42.131', '3bnpYO3W Lorem ipsum dolor sit amet, c', NULL, 0, 'Idea 17 that suggest that we definitely need a longer title for ideas', 28, 7, NULL),
(50, TIMESTAMP '2019-08-08 11:12:42.209', TIMESTAMP '2019-08-09 11:12:42.209', 'H7YBsFrP Lorem ipsum dolor sit amet, consectetur adipiscing elit, sed do eiusmod tempor incididunt ut labore et do', NULL, 0, 'Idea 18 that suggest that we definitely need a longer title for ideas', 29, 3, NULL),
(51, TIMESTAMP '2019-08-07 11:12:42.256', TIMESTAMP '2019-08-08 11:12:42.256', '0BN2ZwUY Lorem ipsum dolor sit amet, consectetur adipiscing elit, sed do eiusmod tempor incididunt ut labore et dolore magna a', NULL, 0, 'Idea 19 that suggest that we definitely need a longer title for ideas', 30, 16, NULL),
(52, TIMESTAMP '2019-08-06 11:12:42.35', TIMESTAMP '2019-08-07 11:12:42.366', 'w5rbKwAf Lorem ipsum dolor sit amet, consectetur adipiscing elit, sed do eiusmod tempor incididunt ut labore et dolore magna aliqua. Ut enim ad minim veniam, quis nostrud exercitation ullamco laboris nisi ut aliquip ex ea commodo consequat. Duis aute irure dolor in reprehenderit in voluptate velit esse cillum dolore eu fugiat nulla pariatur. Excepteur sint occaecat cupidatat non pr', NULL, 0, 'Idea 20 that suggest that we definitely need a longer title for ideas', 21, 13, NULL),
(53, TIMESTAMP '2019-08-05 11:12:42.413', TIMESTAMP '2019-08-06 11:12:42.413', '4zTWtyPT Lorem ipsum dolor sit amet, consectetur adipiscing elit, sed do eiusmod tempor incididunt ut labore et dolore magna aliqua. Ut enim ad minim veniam, quis nostrud exercitation ullamco laboris nisi ut aliquip ex ea commodo consequat. Duis aute irure dolor in reprehenderit in voluptate velit esse cillum dolore eu fugiat n', NULL, 0, 'Idea 21 that suggest that we definitely need a longer title for ideas', 22, 13, NULL),
(54, TIMESTAMP '2019-08-04 11:12:42.522', TIMESTAMP '2019-08-05 11:12:42.522', 'buP35vcF Lorem ipsum dolor sit amet, consectetur adipiscing elit, s', NULL, 0, 'Idea 22 that suggest that we definitely need a longer title for ideas', 23, 12, NULL);
INSERT INTO PUBLIC.LAWS(ID, CREATED_AT, UPDATED_AT, DESCRIPTION, REACHED_QUORUM_AT, STATUS, TITLE, AREA_ID, CREATED_BY_ID, POLL_ID) VALUES
(55, TIMESTAMP '2019-08-03 11:12:42.6', TIMESTAMP '2019-08-04 11:12:42.6', 'YebRbCK8 Lorem ipsum dolor sit amet, consectetur adipiscing el', NULL, 0, 'Idea 23 that suggest that we definitely need a longer title for ideas', 24, 1, NULL),
(56, TIMESTAMP '2019-08-02 11:12:42.678', TIMESTAMP '2019-08-03 11:12:42.678', 'XMckOnPt Lorem ipsum dolor sit amet, consectetur adipiscing elit, sed do eiusmod tempor incididunt ut labore et dolore magna aliqua. Ut enim ad minim veniam, quis no', NULL, 0, 'Idea 24 that suggest that we definitely need a longer title for ideas', 25, 16, NULL),
(57, TIMESTAMP '2019-08-01 11:12:42.725', TIMESTAMP '2019-08-02 11:12:42.725', 'RRToc7qE Lorem ipsum dolor sit amet, consectetur adipiscing elit, sed do eiusmod tempor incididunt ut labore et dolore magna aliqua. Ut enim ad minim veniam, quis nostrud exercitation ullamco laboris nisi ut aliquip ex ea commodo cons', NULL, 0, 'Idea 25 that suggest that we definitely need a longer title for ideas', 26, 13, NULL),
(58, TIMESTAMP '2019-07-31 11:12:42.741', TIMESTAMP '2019-08-01 11:12:42.741', 'FPDAsCHh Lorem ipsum dolor sit amet, consectetur adipiscing elit, sed do eiusmod tempor incididunt ut labore et dolore magna aliqua. Ut enim ad minim veniam, quis nostrud exercitation ullamco laboris nisi ut aliquip ex ea commodo co', NULL, 0, 'Idea 26 that suggest that we definitely need a longer title for ideas', 27, 20, NULL),
(59, TIMESTAMP '2019-07-30 11:12:42.756', TIMESTAMP '2019-07-31 11:12:42.756', 'sKqLOAFW Lorem ipsum dolor sit amet, consectetur adipiscing elit, sed do eiusmod tempor incididunt ut labore et do', NULL, 0, 'Idea 27 that suggest that we definitely need a longer title for ideas', 28, 20, NULL),
(60, TIMESTAMP '2019-07-29 11:12:42.772', TIMESTAMP '2019-07-30 11:12:42.772', 'mvNK9LKV Lorem ipsum dolor sit amet, consectetur adipiscing elit, sed do eiusmod tempor incididunt ut labore et dolore magna aliqua. Ut enim ad minim veniam, quis nostrud exercitation ullamco laboris nisi ut aliquip ex ea commodo consequat. Duis aute irure dolor in repr', NULL, 0, 'Idea 28 that suggest that we definitely need a longer title for ideas', 29, 19, NULL),
(61, TIMESTAMP '2019-07-28 11:12:42.881', TIMESTAMP '2019-07-29 11:12:42.881', 'SmOcSmDK Lorem ipsum dolor sit amet, consectetur adipiscing elit, sed do eiusmod tempor incididunt ut labore et dolore magna aliqua. Ut enim ad minim veniam, quis nostrud exercit', NULL, 0, 'Idea 29 that suggest that we definitely need a longer title for ideas', 30, 9, NULL),
(62, TIMESTAMP '2019-07-27 11:12:42.944', TIMESTAMP '2019-07-28 11:12:42.944', 'U9UrzVq0 Lorem ipsum dolor sit amet, consectetur adipiscing elit, sed do eiusmod tempor incididunt ut labore et dolore magna aliqua. Ut enim ad minim veniam, quis nostrud exercitation ullamco laboris nisi ut aliquip ex ea commodo consequat. Duis aute irure dolor in reprehenderit in voluptate velit esse cillum dolore eu fug', NULL, 0, 'Idea 30 that suggest that we definitely need a longer title for ideas', 21, 6, NULL),
(63, TIMESTAMP '2019-07-26 11:12:43.053', TIMESTAMP '2019-07-27 11:12:43.053', 'k3Cfaenq Lorem ipsum dolor sit amet, consectetur adipiscing elit, sed do eiusmod tempor incididunt ut labore et dolore magna aliqua. Ut enim ad minim veniam, quis nostrud exercitation ullamco laboris nisi ut aliquip ex ea commodo consequat. Duis aute irure dolor in reprehenderit in voluptate velit esse cillum dolore eu fugiat nulla pariatur. Excepteur sint occaec', NULL, 0, 'Idea 31 that suggest that we definitely need a longer title for ideas', 22, 2, NULL),
(64, TIMESTAMP '2019-07-25 11:12:43.069', TIMESTAMP '2019-07-26 11:12:43.069', 'RcrY8WFQ Lorem ipsum dolor sit amet, consectetur adipiscing elit, sed do eiusmod tempor incididunt ut labore et dolore magna aliqua. Ut enim ad minim veniam, quis nostrud exercitation ullamco laboris nisi ut aliquip ex ea commodo consequat. Duis aute irure dolor in reprehenderit in voluptate velit ess', NULL, 0, 'Idea 32 that suggest that we definitely need a longer title for ideas', 23, 15, NULL);
INSERT INTO PUBLIC.LAWS(ID, CREATED_AT, UPDATED_AT, DESCRIPTION, REACHED_QUORUM_AT, STATUS, TITLE, AREA_ID, CREATED_BY_ID, POLL_ID) VALUES
(65, TIMESTAMP '2019-07-24 11:12:43.115', TIMESTAMP '2019-07-25 11:12:43.115', '475d4EHW Lorem ipsum dolor sit amet, consectetur adipiscing elit, sed do eiusmod tempor incididunt ut labore et dolore magna aliqua. Ut enim ad minim veniam, quis nostrud exercitation ullamco laboris nisi ut aliquip ex ea commodo consequat. Duis aute irure dolor in reprehenderit ', NULL, 0, 'Idea 33 that suggest that we definitely need a longer title for ideas', 24, 4, NULL),
(66, TIMESTAMP '2019-07-23 11:12:43.131', TIMESTAMP '2019-07-24 11:12:43.131', 'NYGUhHkW Lorem ipsum dolor sit amet, consectetur adipiscing elit, sed do eiusmod tempor incididunt ut labore et dolore magna aliqua. Ut', NULL, 0, 'Idea 34 that suggest that we definitely need a longer title for ideas', 25, 6, NULL),
(67, TIMESTAMP '2019-07-22 11:12:43.162', TIMESTAMP '2019-07-23 11:12:43.162', '4oo6GunR Lorem ipsum dolor sit amet, consectetur adipiscing elit, sed do eiusmod tempor incididunt ut labore et dolore magna aliqua. Ut enim ad minim veniam, quis nostrud exercitation ullamco laboris nisi ut aliquip ex ea commodo consequat. Duis aute irure dolor in reprehenderit in voluptate velit esse cill', NULL, 0, 'Idea 35 that suggest that we definitely need a longer title for ideas', 26, 5, NULL),
(68, TIMESTAMP '2019-07-21 11:12:43.178', TIMESTAMP '2019-07-22 11:12:43.178', 'QWBhZcgH Lorem ipsum dolor sit amet, consectetur adipiscing elit, sed do eiusmod tempor incididunt ut labore et dolore magna aliqua. Ut enim ad minim veniam, quis nostrud exercitation ullamco laboris nisi ut aliquip ex ea commodo consequat. Duis aute irure dolor in reprehenderit in voluptate velit esse cillum dolore eu fugiat nulla pariatur. Excepteur sint occaecat cupidatat non proident, sunt in culpa q', NULL, 0, 'Idea 36 that suggest that we definitely need a longer title for ideas', 27, 6, NULL),
(69, TIMESTAMP '2019-07-20 11:12:43.194', TIMESTAMP '2019-07-21 11:12:43.194', 'Er0Wa3s0 Lorem ipsum dolor sit amet, consectetur adipiscing e', NULL, 0, 'Idea 37 that suggest that we definitely need a longer title for ideas', 28, 12, NULL),
(70, TIMESTAMP '2019-07-19 11:12:43.225', TIMESTAMP '2019-07-20 11:12:43.225', '0EYCkQZN Lorem ipsum dolor sit amet, consectetur adipiscing elit, sed do ei', NULL, 0, 'Idea 38 that suggest that we definitely need a longer title for ideas', 29, 18, NULL),
(71, TIMESTAMP '2019-07-18 11:12:43.287', TIMESTAMP '2019-07-19 11:12:43.303', 'mdy7hrMC Lorem ipsum dolor sit amet, consectetur adipiscing elit, sed do eiusmod tempor incididunt ut labore et dolore magna aliqua. Ut enim ad minim veniam, quis nostrud exercitation ullamco laboris nisi ut aliquip ex ea commodo consequat. Duis aute irure dolor in reprehenderit in voluptate velit esse cillum dolore eu fugiat nulla pariatur. Excepteur sint occaecat cupidatat', NULL, 0, 'Idea 39 that suggest that we definitely need a longer title for ideas', 30, 5, NULL),
(72, TIMESTAMP '2019-07-17 11:12:43.334', TIMESTAMP '2019-07-18 11:12:43.334', 'vfLAmDMV Lorem ipsum dolor sit amet, consectetur adipiscing elit, sed do eiusmod tempor incididunt ut labore et dolore magna aliqua. Ut enim ad minim veniam, quis nostrud exercitation ullamco laboris nisi ut aliquip ex ea commodo consequat. Duis aute irure dolor in reprehenderit in voluptate velit esse cillum dolore eu fugiat nulla pariatur. Excepteur sint occaecat cupidatat non proident, sunt in culp', NULL, 0, 'Idea 40 that suggest that we definitely need a longer title for ideas', 21, 20, NULL),
(73, TIMESTAMP '2019-07-16 11:12:43.35', TIMESTAMP '2019-07-17 11:12:43.35', 'klo9nw2q Lorem ipsum dolor sit amet, consectetur adipiscing elit, sed do eiusmod tempor incididunt ut labore et dolore magna aliqua. Ut enim ad minim veniam,', NULL, 0, 'Idea 41 that suggest that we definitely need a longer title for ideas', 22, 19, NULL),
(74, TIMESTAMP '2019-07-15 11:12:43.381', TIMESTAMP '2019-07-16 11:12:43.381', '6BYvrkRO Lorem ipsum dolor sit amet, consectetur adipiscing elit, sed do eiusmod tempor ', NULL, 0, 'Idea 42 that suggest that we definitely need a longer title for ideas', 23, 5, NULL);
INSERT INTO PUBLIC.LAWS(ID, CREATED_AT, UPDATED_AT, DESCRIPTION, REACHED_QUORUM_AT, STATUS, TITLE, AREA_ID, CREATED_BY_ID, POLL_ID) VALUES
(75, TIMESTAMP '2019-07-14 11:12:43.397', TIMESTAMP '2019-07-15 11:12:43.397', 'EA5esSVn Lorem ipsum dolor sit amet, consectetur adipiscing elit, sed do eiusmod tempor incididunt ut labore et dolore magna aliqua. Ut enim ', NULL, 0, 'Idea 43 that suggest that we definitely need a longer title for ideas', 24, 12, NULL),
(76, TIMESTAMP '2019-07-13 11:12:43.412', TIMESTAMP '2019-07-14 11:12:43.412', 'PUStTYsm Lorem ipsum dolor sit amet, consectetur adipiscing elit, sed do eiusmod tempor incididunt ut labore et dolore magna aliqua. Ut enim ad minim veniam, quis nostrud exercitation ullamco laboris nisi ut aliquip ex ea commodo consequat. Duis aute irure dolor in reprehenderit in voluptate velit esse cillum dolore eu fugiat nulla pariatur. Excepteur sint occaecat cupidatat non', NULL, 0, 'Idea 44 that suggest that we definitely need a longer title for ideas', 25, 4, NULL),
(77, TIMESTAMP '2019-07-12 11:12:43.428', TIMESTAMP '2019-07-13 11:12:43.428', 'g6hWfeTt Lorem ipsum dolor sit amet, consectetur adipiscing elit, sed do eiusmod tempor incididunt ut labore et dolore magna aliqua. Ut enim ad minim veniam, quis nostrud exercitation ullamco laboris nisi ut aliquip ex ea commodo consequat. Duis aute irure dolor in reprehenderit in voluptate velit esse cillum dolore eu fugiat nulla pariatur. Excepteur sint occaecat cupidatat non proident, su', NULL, 0, 'Idea 45 that suggest that we definitely need a longer title for ideas', 26, 17, NULL),
(78, TIMESTAMP '2019-07-11 11:12:43.459', TIMESTAMP '2019-07-12 11:12:43.459', 'UYe52znP Lorem ipsum dolor sit amet, consectetur adipiscing elit, sed do eiusmod tempor incididunt ut labore et dolore magna aliqua. Ut enim ad minim veniam, quis nostrud ', NULL, 0, 'Idea 46 that suggest that we definitely need a longer title for ideas', 27, 19, NULL),
(79, TIMESTAMP '2019-07-10 11:12:43.569', TIMESTAMP '2019-07-11 11:12:43.569', 'Qe9Tpfgu Lorem ipsum dolor sit amet, consectetur adipiscing elit, sed do eiusmod tempor incididunt ut labore et dolore magna aliqua. Ut enim ad minim veniam, quis nostrud exercitation ullamco laboris nisi ut aliquip ex ea commodo consequat. Duis aute irure dolor in reprehenderit i', NULL, 0, 'Idea 47 that suggest that we definitely need a longer title for ideas', 28, 13, NULL),
(80, TIMESTAMP '2019-07-09 11:12:43.569', TIMESTAMP '2019-07-10 11:12:43.569', 'XkpqwuWz Lorem ipsum dolor sit amet, consectetur adipiscing elit, sed do eiusmod tempor incididunt ut labore et dolore magna aliqua. Ut enim ad minim veniam, quis nostrud exercitation ullamco laboris nisi ut aliquip ex ea commodo conseq', NULL, 0, 'Idea 48 that suggest that we definitely need a longer title for ideas', 29, 13, NULL),
(81, TIMESTAMP '2019-07-08 11:12:43.569', TIMESTAMP '2019-07-09 11:12:43.569', 'MPRFPy5Y Lorem ipsum dolor sit amet, consectetur adipiscing elit, sed do eiusmod tempor incididunt ut labore et dolore magna aliqua. Ut enim ad minim veniam, quis nostrud exercitation ullamco laboris nisi ut aliquip ex ea commodo consequa', NULL, 0, 'Idea 49 that suggest that we definitely need a longer title for ideas', 30, 6, NULL),
(82, TIMESTAMP '2019-07-07 11:12:43.662', TIMESTAMP '2019-07-08 11:12:43.662', 'nqbwbFgB Lorem ipsum dolor sit amet, consectetur adipiscing elit, sed do eiusmod tempor incididunt ut labore et dolore magna aliqua. Ut enim ad minim veniam, quis nostrud exercitation ullamco laboris nisi ut aliquip ex ea commodo consequat. Duis aute irure dolor in ', NULL, 0, 'Idea 50 that suggest that we definitely need a longer title for ideas', 21, 10, NULL),
(83, TIMESTAMP '2019-07-06 11:12:43.787', TIMESTAMP '2019-07-07 11:12:43.787', '95HGlqLc Lorem ipsum dolor sit amet, consectetur adipiscing elit, sed do eiusmod tempor incididunt ut labore et dolore magna aliqua. Ut enim ad minim veniam, quis nostrud exercitation ullamco laboris nisi ut aliquip ex ea commodo consequat. Duis aute irure dolor in reprehe', NULL, 0, 'Idea 51 that suggest that we definitely need a longer title for ideas', 22, 6, NULL);
INSERT INTO PUBLIC.LAWS(ID, CREATED_AT, UPDATED_AT, DESCRIPTION, REACHED_QUORUM_AT, STATUS, TITLE, AREA_ID, CREATED_BY_ID, POLL_ID) VALUES
(84, TIMESTAMP '2019-07-05 11:12:43.803', TIMESTAMP '2019-07-06 11:12:43.803', 'GhwucYMy Lorem ipsum', NULL, 0, 'Idea 52 that suggest that we definitely need a longer title for ideas', 23, 7, NULL),
(85, TIMESTAMP '2019-07-04 11:12:43.912', TIMESTAMP '2019-07-05 11:12:43.912', 'uaZv2SZn Lorem ipsum dolor sit amet, consectetur adipiscing elit, sed do eiusmod tempor incididunt ut labore et dolore magna aliqua. Ut enim ad minim veniam, quis nostrud exercitation ullamco laboris nisi ut aliquip ex ea commodo consequat. Duis aute irure dolor in reprehenderit in voluptate ', NULL, 0, 'Idea 53 that suggest that we definitely need a longer title for ideas', 24, 12, NULL),
(86, TIMESTAMP '2019-07-03 11:12:43.943', TIMESTAMP '2019-07-04 11:12:43.943', 'cpFUKMHd Lorem ipsum dolor sit amet, consectetur adipiscing elit, sed do eiusmod tempor incididunt ut labore et dolore magna aliqua. Ut enim ad minim veniam, quis nostrud exercitation ullamco laboris nisi ut aliquip ex ea commodo consequat. Duis aute i', NULL, 0, 'Idea 54 that suggest that we definitely need a longer title for ideas', 25, 2, NULL),
(87, TIMESTAMP '2019-07-02 11:12:43.943', TIMESTAMP '2019-07-03 11:12:43.943', 'GNkUpgal Lorem ipsum dolor sit amet, consectetur adipiscing elit, sed do eiusmod tempor incididunt ut labore et dolore magna aliqua. Ut enim ad minim veniam, quis nostrud exercitation ullamco laboris nisi ut aliquip ex ea commodo consequat. Duis aute irure dolor in reprehenderit in voluptate velit esse cillum dolore eu fugiat nulla pariatur. Excepteur sint occaecat cupidatat non proident, sunt', NULL, 0, 'Idea 55 that suggest that we definitely need a longer title for ideas', 26, 16, NULL),
(88, TIMESTAMP '2019-07-01 11:12:44.053', TIMESTAMP '2019-07-02 11:12:44.053', 'OVrsqEw7 Lorem ipsum dolor sit amet, consectetur adipiscing elit, sed do eiusmod tempor incididunt ut labore et dolore magna aliqua. Ut enim ad minim veniam, quis nostrud exercitation ullamco laboris nisi ut aliquip ex ea commodo consequat. Duis aute irure dolor in reprehenderit in voluptate velit esse cillum dolore eu fugiat ', NULL, 0, 'Idea 56 that suggest that we definitely need a longer title for ideas', 27, 3, NULL),
(89, TIMESTAMP '2019-06-30 11:12:44.053', TIMESTAMP '2019-07-01 11:12:44.053', 'NeK5MbCo Lorem ipsum dolor si', NULL, 0, 'Idea 57 that suggest that we definitely need a longer title for ideas', 28, 18, NULL),
(90, TIMESTAMP '2019-06-29 11:12:44.084', TIMESTAMP '2019-06-30 11:12:44.084', '3m3Hqpel Lorem ipsum dolor sit amet, consectetur adipiscing elit, sed do eiusmod tempor incididunt ut labore et dolore magna aliqua. Ut enim ad minim veniam, quis nostrud exercitation ullamco laboris nisi ut aliquip ex ea commodo consequat. Duis aute irure dolor in reprehenderit in voluptate velit esse cillum dolore eu fugiat nulla pariatur. Excepteur sint occaecat cupidatat no', NULL, 0, 'Idea 58 that suggest that we definitely need a longer title for ideas', 29, 6, NULL),
(91, TIMESTAMP '2019-06-28 11:12:44.178', TIMESTAMP '2019-06-29 11:12:44.193', 'OMoLVVQ0 Lorem ipsum dolor sit amet, consectetur adipiscing elit, sed do eiusmod tempor inc', NULL, 0, 'Idea 59 that suggest that we definitely need a longer title for ideas', 30, 13, NULL),
(92, TIMESTAMP '2019-06-27 11:12:44.193', TIMESTAMP '2019-06-28 11:12:44.193', '0WcLkLF6 Lorem ipsum dolor sit amet, consectetur adipiscing elit, sed do eiusmod tempor incididunt ut labore et dolore magna aliqua. Ut enim ad minim veniam, quis nostrud exercitation ullamco laboris nisi ut aliquip ex ea commodo consequat. Duis aute irure dolor in reprehenderit in voluptate velit esse cillum dolore eu fugiat nulla pariatur. Excepteur sint occaecat cupidatat non pr', NULL, 0, 'Idea 60 that suggest that we definitely need a longer title for ideas', 21, 20, NULL),
(93, TIMESTAMP '2019-06-26 11:12:44.271', TIMESTAMP '2019-06-27 11:12:44.271', 'uKC7EKZA Lorem ipsum dolor sit amet, consectetur adipiscing elit, sed do eiusmod tempor incididunt ut labore et dolore magna aliqua. Ut enim ad min', NULL, 0, 'Idea 61 that suggest that we definitely need a longer title for ideas', 22, 3, NULL);
INSERT INTO PUBLIC.LAWS(ID, CREATED_AT, UPDATED_AT, DESCRIPTION, REACHED_QUORUM_AT, STATUS, TITLE, AREA_ID, CREATED_BY_ID, POLL_ID) VALUES
(94, TIMESTAMP '2019-06-25 11:12:44.287', TIMESTAMP '2019-06-26 11:12:44.287', 'QK89WoGM Lorem ipsum dolor sit amet, consectetur adipiscing elit, sed do eiusmod tempor incididunt ut labore et dolore magna aliqua. Ut enim ad minim veniam, quis nostrud exercitation ullamco laboris nisi ut aliquip ex ea commodo consequat. Duis aute irure dolor in reprehenderit in voluptate velit esse cillum dolore eu fug', NULL, 0, 'Idea 62 that suggest that we definitely need a longer title for ideas', 23, 11, NULL),
(95, TIMESTAMP '2019-06-24 11:12:44.334', TIMESTAMP '2019-06-25 11:12:44.334', 'VYq5ggs4 Lorem ipsum dolor sit amet, consectetur adipiscing elit, sed do eiusmod tempor incididunt ut labore et dolore magna aliqua. Ut enim ad minim veniam, quis nostrud exercitation ullamco laboris nisi ', NULL, 0, 'Idea 63 that suggest that we definitely need a longer title for ideas', 24, 20, NULL),
(96, TIMESTAMP '2019-06-23 11:12:44.428', TIMESTAMP '2019-06-24 11:12:44.428', 'sehSm0H3 Lorem ipsum dolor sit a', NULL, 0, 'Idea 64 that suggest that we definitely need a longer title for ideas', 25, 6, NULL),
(97, TIMESTAMP '2019-06-22 11:12:44.506', TIMESTAMP '2019-06-23 11:12:44.506', 'UHtwvonS Lorem ipsum dolor sit amet, consectetur adipiscing elit, sed do eiusmod tempor incididunt ut labore et dolore magna aliqua. Ut enim ad minim veniam, quis nostrud exercitation ullamco laboris nisi ut aliquip ex ea commodo consequat. Duis aute irure do', NULL, 0, 'Idea 65 that suggest that we definitely need a longer title for ideas', 26, 9, NULL),
(98, TIMESTAMP '2019-06-21 11:12:44.521', TIMESTAMP '2019-06-22 11:12:44.521', 'PkY3RNde Lorem ipsum dolor sit amet, consectetur adipiscing elit, sed do eiusmo', NULL, 0, 'Idea 66 that suggest that we definitely need a longer title for ideas', 27, 19, NULL),
(99, TIMESTAMP '2019-06-20 11:12:44.553', TIMESTAMP '2019-06-21 11:12:44.553', 'tQD6HTTe Lorem ipsum dolor sit amet, consectetur adipiscing elit, sed do eiusmod tempor incididunt ut labore et dolore magna aliqua. Ut enim ad minim veniam, quis nostrud exercitation ullamco laboris nisi ut aliquip ex ea commodo consequat. Duis aute irure dolor in reprehenderit in voluptate velit esse cillum dolore eu fugiat nulla pariatur. Excepteur sint occaecat cupidatat non proid', NULL, 0, 'Idea 67 that suggest that we definitely need a longer title for ideas', 28, 20, NULL),
(100, TIMESTAMP '2019-06-19 11:12:44.6', TIMESTAMP '2019-06-20 11:12:44.6', 'EOyzVNQV Lorem ipsum dolor sit amet, consectetur adipiscing elit, sed do eiusmod tempor incididunt ut labore et dolore magna aliqua. Ut enim ad minim veniam, quis nostrud exercitation ullamco laboris nisi ut aliquip ex ea commodo consequat. Duis aute irure dolor in reprehenderit in voluptate velit esse cillum dolore eu fugiat nul', NULL, 0, 'Idea 68 that suggest that we definitely need a longer title for ideas', 29, 4, NULL),
(101, TIMESTAMP '2019-06-18 11:12:44.693', TIMESTAMP '2019-06-19 11:12:44.693', 'mtxtYwTt Lorem ipsum dolor sit amet, consectetur adipiscing elit, sed do eiusmod tempor incididunt ut labore et dolo', NULL, 0, 'Idea 69 that suggest that we definitely need a longer title for ideas', 30, 19, NULL),
(102, TIMESTAMP '2019-06-17 11:12:44.709', TIMESTAMP '2019-06-18 11:12:44.709', 'Q2M6sLTX Lorem ipsum dolor sit amet, consectetur adipiscing elit, sed do eiusmod tempor incididunt ut labore et dolore magna aliqua. Ut enim ad minim veniam, quis nostrud exer', NULL, 0, 'Idea 70 that suggest that we definitely need a longer title for ideas', 21, 14, NULL),
(103, TIMESTAMP '2019-06-16 11:12:44.724', TIMESTAMP '2019-06-17 11:12:44.724', 'GphxTNtr Lorem ipsum dolor sit', NULL, 0, 'Idea 71 that suggest that we definitely need a longer title for ideas', 22, 2, NULL),
(104, TIMESTAMP '2019-06-15 11:12:44.771', TIMESTAMP '2019-06-16 11:12:44.771', 'YZF6DHyA Lorem ipsum dolor sit amet, consectetur adipiscing elit, sed do eiusmod tempor incididunt ut labore et dolore magna aliqua. Ut enim ad minim veniam, quis nostrud exercitation ullamco laboris nisi ut aliquip ex ea commodo consequ', NULL, 0, 'Idea 72 that suggest that we definitely need a longer title for ideas', 23, 11, NULL);
INSERT INTO PUBLIC.LAWS(ID, CREATED_AT, UPDATED_AT, DESCRIPTION, REACHED_QUORUM_AT, STATUS, TITLE, AREA_ID, CREATED_BY_ID, POLL_ID) VALUES
(105, TIMESTAMP '2019-06-14 11:12:44.834', TIMESTAMP '2019-06-15 11:12:44.834', 'eRkHoE5T Lorem ipsum dolor sit amet, consectetur adipiscing elit, sed do eiusmod tempor incididunt ut labore et dolore magna aliqua. Ut enim ad minim veniam, quis nostrud exercitation ullamco laboris nisi ut aliqui', NULL, 0, 'Idea 73 that suggest that we definitely need a longer title for ideas', 24, 16, NULL),
(106, TIMESTAMP '2019-06-13 11:12:44.959', TIMESTAMP '2019-06-14 11:12:44.959', 'DYkBFSnS Lorem ipsum dolor sit amet, consectetur adipiscing elit, sed do eiusmod tempor incididunt ut labore et dolore magna aliqua. Ut enim ad minim veniam, quis nostrud exercitation ullamco laboris nisi ut aliquip ex ea commodo consequat. Duis aute irure dolor in reprehenderit in voluptate velit esse cillum dolore eu fugiat nulla pariatur. Excepteur sint occaecat cupidatat non proident, sunt in culpa', NULL, 0, 'Idea 74 that suggest that we definitely need a longer title for ideas', 25, 12, NULL),
(107, TIMESTAMP '2019-06-12 11:12:44.959', TIMESTAMP '2019-06-13 11:12:44.959', 'dAzabVMp Lorem ipsum dolor sit amet, consectetur adipiscing elit, sed do eiusmod tempor incididunt ut labore et dolore magna aliqua. Ut enim ad minim veniam, quis nostrud exercitation ullamco laboris nisi ut aliquip ex', NULL, 0, 'Idea 75 that suggest that we definitely need a longer title for ideas', 26, 9, NULL),
(108, TIMESTAMP '2019-06-11 11:12:45.053', TIMESTAMP '2019-06-12 11:12:45.053', '9KvqLELT Lorem ipsum dolor sit amet, consectetur adipiscing elit, sed do eiusmod tempor incididunt ut labore e', NULL, 0, 'Idea 76 that suggest that we definitely need a longer title for ideas', 27, 19, NULL),
(109, TIMESTAMP '2019-06-10 11:12:45.068', TIMESTAMP '2019-06-11 11:12:45.068', 'EKZMYwbo Lorem ipsum dolor sit amet, consectetur adipiscing elit, sed do eiusmod tempor incididunt ut labore et dolore magna aliqua. Ut enim ad minim veniam, quis nostrud exercitation ullamco laboris nisi ut aliquip ex ea commodo consequat. Duis aute irure dolor in reprehenderit in voluptate velit esse cillum dolore eu fugiat nulla pariatur. Excepteur sint occaecat c', NULL, 0, 'Idea 77 that suggest that we definitely need a longer title for ideas', 28, 15, NULL),
(110, TIMESTAMP '2019-06-09 11:12:45.193', TIMESTAMP '2019-06-10 11:12:45.193', 'po4pmVh8 Lorem ipsum dolor sit amet, consectetur adipiscing elit, sed do eiusmod tempor incididunt ut labore et dolore magna aliqua. Ut enim ad minim veniam, quis nostrud exercitation ullamco laboris nisi ut aliquip ex ea commodo consequat. Duis aute irure dolor in reprehenderit in voluptate velit esse cillum dolore eu fugiat nulla pariatur. Excepteur sint occaecat cupidatat non proident, ', NULL, 0, 'Idea 78 that suggest that we definitely need a longer title for ideas', 29, 11, NULL),
(111, TIMESTAMP '2019-06-08 11:12:45.209', TIMESTAMP '2019-06-09 11:12:45.209', '4RYSuYeh Lorem ipsum dolor sit amet, consectetur adipiscing elit, sed do eiusmod tempor incididunt ut labore et dolore magna aliqua. Ut enim ad minim veniam, quis nostrud exercitation ullamco laboris nisi ut aliquip ex ea commodo consequa', NULL, 0, 'Idea 79 that suggest that we definitely need a longer title for ideas', 30, 16, NULL),
(112, TIMESTAMP '2019-06-07 11:12:45.287', TIMESTAMP '2019-06-08 11:12:45.287', 'hZP57UTA Lorem ipsum dolor sit amet, consectetur adipiscing elit, sed do eiusmod tempor incididunt ut labore et dolore magna aliqua. Ut enim ad minim veniam, quis nostrud exercitation u', NULL, 0, 'Idea 80 that suggest that we definitely need a longer title for ideas', 21, 13, NULL),
(113, TIMESTAMP '2019-06-06 11:12:45.334', TIMESTAMP '2019-06-07 11:12:45.334', 'bDgtqUwM Lorem ipsum dolor sit amet, consectetur adipiscing elit, sed do eiusmod tempor incididunt ut labore et dolore magna aliqua. Ut enim ad minim veniam, quis nostrud exercitation ullamco lab', NULL, 0, 'Idea 81 that suggest that we definitely need a longer title for ideas', 22, 12, NULL),
(114, TIMESTAMP '2019-06-05 11:12:45.427', TIMESTAMP '2019-06-06 11:12:45.427', 'do8klhB4 Lorem ipsum dolor sit amet, consectetur adipiscing elit, sed do eiusmod tempor incididunt ut labore et dolore magna aliqua. ', NULL, 0, 'Idea 82 that suggest that we definitely need a longer title for ideas', 23, 15, NULL);
INSERT INTO PUBLIC.LAWS(ID, CREATED_AT, UPDATED_AT, DESCRIPTION, REACHED_QUORUM_AT, STATUS, TITLE, AREA_ID, CREATED_BY_ID, POLL_ID) VALUES
(115, TIMESTAMP '2019-06-04 11:12:45.459', TIMESTAMP '2019-06-05 11:12:45.459', 'oL48mob0 Lorem ipsum dolor sit amet, consectetur adipiscing', NULL, 0, 'Idea 83 that suggest that we definitely need a longer title for ideas', 24, 12, NULL),
(116, TIMESTAMP '2019-06-03 11:12:45.579', TIMESTAMP '2019-06-04 11:12:45.58', '5DlgcBCS Lorem ipsum dolor sit amet, consectetur adipiscing elit, sed do eiusmod tempor incididunt ut labore et dolore magna aliqua', NULL, 0, 'Idea 84 that suggest that we definitely need a longer title for ideas', 25, 4, NULL),
(117, TIMESTAMP '2019-06-02 11:12:45.611', TIMESTAMP '2019-06-03 11:12:45.611', 'fnkZNZml Lorem ipsum dolor sit amet, consectetur adipiscing elit, sed do eiusmod tempor incididunt ut labore et dolore magna aliqua. Ut enim ad minim veniam, quis nostrud exercitation ullamco laboris nisi ut aliquip ex ea commodo consequat. Duis aute irure dolor in reprehenderit in vo', NULL, 0, 'Idea 85 that suggest that we definitely need a longer title for ideas', 26, 4, NULL),
(118, TIMESTAMP '2019-06-01 11:12:45.666', TIMESTAMP '2019-06-02 11:12:45.666', 'GbuAqAyH Lorem ipsum dolor sit amet, consectetur adipiscing elit, sed do eiusmod tempor incididunt ut labore ', NULL, 0, 'Idea 86 that suggest that we definitely need a longer title for ideas', 27, 3, NULL),
(119, TIMESTAMP '2019-05-31 11:12:45.686', TIMESTAMP '2019-06-01 11:12:45.687', 'dNkNsArC Lorem ipsum dolor sit amet, consectetur adipiscing elit, sed do eiusmod tempor incididunt ut labore et dolore magna aliqua. U', NULL, 0, 'Idea 87 that suggest that we definitely need a longer title for ideas', 28, 13, NULL),
(120, TIMESTAMP '2019-05-30 11:12:45.73', TIMESTAMP '2019-05-31 11:12:45.73', 'r62vEL9w Lorem ipsum dolor sit amet, consectetur adipiscing elit, sed do eiusmod tempor incididunt ut labore et dolore magna aliqua. Ut enim ad minim veniam, quis nostrud exercitation ullamco l', NULL, 0, 'Idea 88 that suggest that we definitely need a longer title for ideas', 29, 9, NULL),
(121, TIMESTAMP '2019-05-29 11:12:45.737', TIMESTAMP '2019-05-30 11:12:45.737', 'YOloA65c Lorem ipsum dolor sit amet, consectetur adipiscing elit, sed do eiusmod tempor incididunt ut labore et dolore magna aliqua. Ut enim ad minim veniam, quis nostrud exercitation ullamco laboris nisi ut aliquip ex ea commodo consequat. Duis aute irure do', NULL, 0, 'Idea 89 that suggest that we definitely need a longer title for ideas', 30, 4, NULL),
(122, TIMESTAMP '2019-05-28 11:12:45.742', TIMESTAMP '2019-05-29 11:12:45.743', 'spVtbN4R Lorem ipsum dolor sit amet, consectetur adipiscing elit, sed do eiusmod tempor incididunt ut labore et dolore magna aliqua. Ut enim ad minim veniam, quis nostrud exercitation ullamco laboris nisi ut aliquip ex ea commodo consequat. Duis aute irure dolor in reprehenderi', NULL, 0, 'Idea 90 that suggest that we definitely need a longer title for ideas', 21, 15, NULL),
(123, TIMESTAMP '2019-05-27 11:12:45.75', TIMESTAMP '2019-05-28 11:12:45.75', 'aRLon3cO Lorem ipsum dolor sit amet, consectetur adipiscing elit, sed do eiusmod tempor in', NULL, 0, 'Idea 91 that suggest that we definitely need a longer title for ideas', 22, 9, NULL),
(124, TIMESTAMP '2019-05-26 11:12:45.754', TIMESTAMP '2019-05-27 11:12:45.754', '7DHB8X64 Lorem ipsum dolor sit amet, consectetur adipiscing elit, sed do e', NULL, 0, 'Idea 92 that suggest that we definitely need a longer title for ideas', 23, 19, NULL),
(125, TIMESTAMP '2019-05-25 11:12:45.851', TIMESTAMP '2019-05-26 11:12:45.851', 'xEnDxWBK Lorem ipsum dolor sit amet, consectetur adipiscing elit, sed do eiusmod tempor', NULL, 0, 'Idea 93 that suggest that we definitely need a longer title for ideas', 24, 20, NULL),
(126, TIMESTAMP '2019-05-24 11:12:45.859', TIMESTAMP '2019-05-25 11:12:45.86', '68NFpwrb Lorem ipsum dolor sit amet, consectetur adipiscing elit, sed do eiusmod tempor incididunt ut labore et dolore magna aliqua. Ut enim ad minim veniam, quis nostrud exercitation ullamco laboris nisi ut aliquip ex ea commodo consequat. Duis aute irure dolor in repreh', NULL, 0, 'Idea 94 that suggest that we definitely need a longer title for ideas', 25, 12, NULL);
INSERT INTO PUBLIC.LAWS(ID, CREATED_AT, UPDATED_AT, DESCRIPTION, REACHED_QUORUM_AT, STATUS, TITLE, AREA_ID, CREATED_BY_ID, POLL_ID) VALUES
(127, TIMESTAMP '2019-05-23 11:12:45.945', TIMESTAMP '2019-05-24 11:12:45.946', 'sMq0BhcY Lorem ipsum d', NULL, 0, 'Idea 95 that suggest that we definitely need a longer title for ideas', 26, 9, NULL),
(128, TIMESTAMP '2019-05-22 11:12:45.963', TIMESTAMP '2019-05-23 11:12:45.964', 'tRyqnyB7 Lorem ipsum dolor sit amet, consectetur adipiscing elit, sed do eiusmod tempor incididunt ut labore et dolore magna aliqua', NULL, 0, 'Idea 96 that suggest that we definitely need a longer title for ideas', 27, 9, NULL),
(129, TIMESTAMP '2019-05-21 11:12:46.028', TIMESTAMP '2019-05-22 11:12:46.029', 'xSo9sENX Lorem ipsum dolor sit amet, consectetur adipisci', NULL, 0, 'Idea 97 that suggest that we definitely need a longer title for ideas', 28, 9, NULL),
(130, TIMESTAMP '2019-05-20 11:12:46.033', TIMESTAMP '2019-05-21 11:12:46.033', 'AgmLvqFo Lorem ipsum dolor sit amet, consectetur adipiscing elit, sed do eiusmod tempor incididunt ut labore et dolore magna aliqua. Ut enim ad minim veniam, quis nostrud exercitation ullamco laboris nisi ut aliquip ex ea commodo consequat. Duis aute irure dolor in reprehenderit in voluptate velit esse cillum dolore eu fugiat nulla pariatur. Excepteur sint occaecat', NULL, 0, 'Idea 98 that suggest that we definitely need a longer title for ideas', 29, 18, NULL),
(131, TIMESTAMP '2019-05-19 11:12:46.115', TIMESTAMP '2019-05-20 11:12:46.115', '6lNAKhxn Lorem ipsum dolor sit amet, consectetur adipiscing elit, sed do eiusmod tempor incididunt ut la', NULL, 0, 'Idea 99 that suggest that we definitely need a longer title for ideas', 30, 9, NULL),
(132, TIMESTAMP '2019-05-18 11:12:46.128', TIMESTAMP '2019-05-19 11:12:46.128', 'vdnUydLV Lorem ipsum dolor sit amet, consectetur adipiscing elit, ', NULL, 0, 'Idea 100 that suggest that we definitely need a longer title for ideas', 21, 8, NULL),
(133, TIMESTAMP '2019-05-17 11:12:46.176', TIMESTAMP '2019-05-18 11:12:46.23', 'xUHP8lA9 Lorem ipsum dolor sit amet, consectetur adipiscing elit, sed do eiusmod tempor incididunt ut labore et dolore magna aliqua. Ut enim ad minim', NULL, 0, 'Idea 101 that suggest that we definitely need a longer title for ideas', 22, 18, NULL),
(134, TIMESTAMP '2019-05-16 11:12:46.238', TIMESTAMP '2019-05-17 11:12:46.238', 'ZalFNCEP Lorem ipsum dolor sit amet, consectetur adipiscing elit, sed do eiusmod tempor incididunt ut labore et dolore magna aliqua. Ut enim ad minim veniam, quis nostrud exercitation ullamco laboris nisi ut a', NULL, 0, 'Idea 102 that suggest that we definitely need a longer title for ideas', 23, 7, NULL),
(135, TIMESTAMP '2019-05-15 11:12:46.266', TIMESTAMP '2019-05-16 11:12:46.266', 'FvMX7RL5 Lorem ipsum dolor sit amet, consect', NULL, 0, 'Idea 103 that suggest that we definitely need a longer title for ideas', 24, 19, NULL),
(136, TIMESTAMP '2019-05-14 11:12:46.333', TIMESTAMP '2019-05-15 11:12:46.333', 'fLYz60Dh Lorem ipsum dolor sit amet, consectetur adipiscing elit, sed do eiusmod tempor incididunt ut labore et dolore magna aliqua. Ut enim ad minim veniam, quis nostrud exercitation ullamco l', NULL, 0, 'Idea 104 that suggest that we definitely need a longer title for ideas', 25, 10, NULL),
(137, TIMESTAMP '2019-05-13 11:12:46.421', TIMESTAMP '2019-05-14 11:12:46.422', 'KcMp8BPt Lorem ipsum dolor sit amet, consectetur adipiscing elit, sed do eiusmod tempor incididun', NULL, 0, 'Idea 105 that suggest that we definitely need a longer title for ideas', 26, 17, NULL),
(138, TIMESTAMP '2019-05-12 11:12:46.427', TIMESTAMP '2019-05-13 11:12:46.429', 'EwKNDz9g Lorem ipsum dolor sit amet, consectetur adipiscing elit, sed do eiusmod tempor incididunt ut labore et dolore magna aliqua. Ut enim ad minim veniam, quis nostrud exercitation ullamco laboris nisi ut aliquip ex ea commodo consequat. Duis aute irure dolor in reprehenderit in voluptate velit esse cillum dolore eu fugiat nulla pariatur. Except', NULL, 0, 'Idea 106 that suggest that we definitely need a longer title for ideas', 27, 5, NULL);
INSERT INTO PUBLIC.LAWS(ID, CREATED_AT, UPDATED_AT, DESCRIPTION, REACHED_QUORUM_AT, STATUS, TITLE, AREA_ID, CREATED_BY_ID, POLL_ID) VALUES
(139, TIMESTAMP '2019-05-11 11:12:46.452', TIMESTAMP '2019-05-12 11:12:46.452', '7CYPMeey Lorem ipsum dolor sit amet, consectetur adipiscing elit, sed do eiusmod tempor incididunt ut labore et dolore magna aliqua. Ut enim ad minim veniam, quis nostrud exercitation ullamco laboris nisi ut aliquip ex ', NULL, 0, 'Idea 107 that suggest that we definitely need a longer title for ideas', 28, 15, NULL),
(140, TIMESTAMP '2019-05-10 11:12:46.456', TIMESTAMP '2019-05-11 11:12:46.457', 'kQPycHdB Lo', NULL, 0, 'Idea 108 that suggest that we definitely need a longer title for ideas', 29, 10, NULL),
(141, TIMESTAMP '2019-05-09 11:12:46.535', TIMESTAMP '2019-05-10 11:12:46.535', 'm4lWSVdd Lorem ipsum dolor sit amet, consectetur adipiscing elit, sed do eiusmod tempor incididunt ut labore et dolore magna aliqua. Ut enim ad minim veniam, quis nostrud exercitation ullamco laboris nisi ut aliquip e', NULL, 0, 'Idea 109 that suggest that we definitely need a longer title for ideas', 30, 19, NULL),
(142, TIMESTAMP '2019-05-08 11:12:46.554', TIMESTAMP '2019-05-09 11:12:46.555', 'RrVFwDox Lorem ipsum dolor sit amet, consectetur adipiscing elit, sed do eiusmod tempor incididunt ut labore et dolor', NULL, 0, 'Idea 110 that suggest that we definitely need a longer title for ideas', 21, 18, NULL),
(143, TIMESTAMP '2019-08-27 11:12:46.668', TIMESTAMP '2019-08-27 11:12:46.668', '5ouhs7Vu Lorem ipsum dolor sit amet, consectetur adipiscing elit, sed do eiusmod tempor incididunt ut labore et dolore magna aliqua. Ut enim ad minim veniam, quis nostrud exercitation ullamco laboris nisi ut aliquip ex ea commodo consequat. Duis aute irure dolor in reprehenderit in voluptate velit esse cillum dolore eu fugiat nulla pariatur. Exce', TIMESTAMP '2019-08-27 11:12:46.663', 1, 'Proposal 0 that reached its quorum', 27, 5, NULL),
(144, TIMESTAMP '2019-08-27 11:12:46.743', TIMESTAMP '2019-08-27 11:12:46.744', 'vCVGzHPz Lorem ipsum dolor sit amet, consectetur adipiscing elit, sed do eiusmod tempor incididunt ut labore et dolore magna aliqua. Ut enim ad minim veniam, quis nostrud ', TIMESTAMP '2019-08-27 11:12:46.737', 1, 'Proposal 1 that reached its quorum', 24, 9, NULL),
(145, TIMESTAMP '2019-08-23 11:12:46.892', TIMESTAMP '2019-08-24 11:12:46.892', 'MEsgUnCy Lorem ipsum dolor sit amet, consecte', TIMESTAMP '2019-08-25 11:12:46.835', 1, 'Proposal 2 that reached its quorum', 27, 6, NULL),
(146, TIMESTAMP '2019-08-20 11:12:46.925', TIMESTAMP '2019-08-21 11:12:46.925', '2b6ZqSeQ Lorem ipsum dolor sit amet, consectetur adipiscing elit, sed do eiusmod tempor incididunt ut labore et dolore magna aliqua. Ut enim ad minim veniam, quis nostrud exercitation ullamco laboris nisi ut aliquip ex ea commodo consequat. Duis aute irure dolor in reprehenderit in voluptate velit esse cillum dolore eu fugiat nulla pariatur. Excepteur sint occaecat cupidatat no', TIMESTAMP '2019-08-22 11:12:46.922', 1, 'Proposal 3 that reached its quorum', 29, 1, NULL),
(147, TIMESTAMP '2019-08-21 11:12:47.011', TIMESTAMP '2019-08-22 11:12:47.012', 'w8XxrYyw Lorem ipsum dolor sit amet, ', TIMESTAMP '2019-08-23 11:12:46.971', 1, 'Proposal 4 that reached its quorum', 24, 20, NULL),
(148, TIMESTAMP '2019-08-20 11:12:47.069', TIMESTAMP '2019-08-21 11:12:47.069', 'cFhlHQzp Lorem ipsum dolor sit amet, consectetur adipiscing elit, sed do eiusmod tempor incididunt ut labore et dolore magna aliqua. Ut enim ad m', TIMESTAMP '2019-08-23 11:12:47.061', 1, 'Proposal 5 that reached its quorum', 28, 12, NULL),
(149, TIMESTAMP '2019-08-19 11:12:47.127', TIMESTAMP '2019-08-20 11:12:47.127', '0wxBUgqo Lorem ipsum dolor sit amet, consectetur adipiscing elit, sed do eiusmod tempor incididunt ut labore et dolore magna aliqua. Ut enim ad minim ven', TIMESTAMP '2019-08-24 11:12:47.123', 1, 'Proposal 6 that reached its quorum', 27, 15, NULL),
(150, TIMESTAMP '2019-08-20 11:12:47.17', TIMESTAMP '2019-08-21 11:12:47.171', 'fHC2gHhq Lorem ipsum dolor sit amet, consectetur adipiscing elit, sed do eiusmod tempor incididunt ut labore et dolore magna aliqua. Ut enim ad minim veniam, quis nostrud exercitation ullamco laboris nisi ut ali', TIMESTAMP '2019-08-24 11:12:47.163', 1, 'Proposal 7 that reached its quorum', 25, 9, NULL);
INSERT INTO PUBLIC.LAWS(ID, CREATED_AT, UPDATED_AT, DESCRIPTION, REACHED_QUORUM_AT, STATUS, TITLE, AREA_ID, CREATED_BY_ID, POLL_ID) VALUES
(151, TIMESTAMP '2019-08-18 11:12:47.218', TIMESTAMP '2019-08-19 11:12:47.218', 'fKdDdO8P L', TIMESTAMP '2019-08-24 11:12:47.211', 1, 'Proposal 8 that reached its quorum', 30, 4, NULL),
(152, TIMESTAMP '2019-08-26 11:12:47.294', TIMESTAMP '2019-08-27 11:12:47.295', 'sQyZ6oDA Lorem ipsum dolor sit amet, consectetur adipiscing elit, sed do eiusmod tempor incididunt ut labore et dolore magna aliqua. Ut enim ad minim veniam, quis nostrud exercitation ullamco laboris nisi ut aliquip ex ea commodo consequat. Duis aute irure dolor in reprehenderit in volupta', TIMESTAMP '2019-08-27 11:12:47.288', 1, 'Proposal 9 that reached its quorum', 27, 18, NULL),
(153, TIMESTAMP '2019-08-24 11:12:47.371', TIMESTAMP '2019-08-25 11:12:47.372', 'ZP2KOYCQ Lorem ipsum dolor sit amet, consectetur adipiscing elit, sed do eiusmod tempor incididunt ut labore et dolore magna aliqua. Ut enim ad minim veniam, quis nostrud exercitation ullamco laboris ', TIMESTAMP '2019-08-25 11:12:47.358', 1, 'Proposal 10 that reached its quorum', 27, 18, NULL),
(154, TIMESTAMP '2019-08-20 11:12:47.41', TIMESTAMP '2019-08-21 11:12:47.41', 'OmkECx2z Lorem ipsum dolor sit amet, consectetur adipiscing elit, sed do eiusmod tempor incididunt ut labore et dolore magna aliqua. Ut enim ad minim veniam, quis nostrud ', TIMESTAMP '2019-08-23 11:12:47.407', 1, 'Proposal 11 that reached its quorum', 29, 14, NULL),
(155, TIMESTAMP '2019-08-23 11:12:47.496', TIMESTAMP '2019-08-24 11:12:47.496', 'epVCxwWS Lorem ipsum dolor sit amet, consectetur adipiscing elit, sed do eiusmod tempor incididunt ut labore et dolore magna aliqua. Ut enim ad minim veniam, quis nostrud exercitation ullamco laboris nisi ut aliquip ex ea commodo consequat. Duis aute iru', TIMESTAMP '2019-08-26 11:12:47.459', 1, 'Proposal 12 that reached its quorum', 27, 6, NULL),
(156, TIMESTAMP '2019-08-26 11:12:47.569', TIMESTAMP '2019-08-27 11:12:47.569', 'qNfzYpDp Lorem ipsum dolor sit amet, consectetur adipiscing elit, sed do eiusmod tempor incididunt ut labore et dolore magna aliqu', TIMESTAMP '2019-08-27 11:12:47.558', 1, 'Proposal 13 that reached its quorum', 23, 2, NULL),
(157, TIMESTAMP '2019-08-21 11:12:47.635', TIMESTAMP '2019-08-22 11:12:47.635', 'c8lvK97y Lorem ipsum dolor sit amet, consectetur adipiscing elit, sed do eiusmod tempor incididunt ut labore et dolore magna aliqua. Ut enim ad minim veniam, quis nostrud exercitation ullamco laboris nisi ut aliquip ex ea commodo consequat. Duis aute irure dolor in reprehenderit in vo', TIMESTAMP '2019-08-24 11:12:47.629', 1, 'Proposal 14 that reached its quorum', 22, 17, NULL),
(158, TIMESTAMP '2019-08-25 11:12:47.728', TIMESTAMP '2019-08-26 11:12:47.728', 'watku6tm Lorem ipsum dolor sit amet, consectetur adipiscing elit, sed do eiusmod tempor incididunt ut labore et dolore magna aliqua. Ut enim ad minim veniam, quis nostrud exercitation ullamco laboris nisi ut aliquip ex ea commodo consequat. Duis aute irure dolor in reprehenderit in voluptate velit esse cillum dolore eu fugiat nulla pariatur. Excepteur sint occaecat cupidatat non proident, sunt i', TIMESTAMP '2019-08-26 11:12:47.724', 1, 'Proposal 15 that reached its quorum', 29, 6, NULL),
(159, TIMESTAMP '2019-08-20 11:12:47.802', TIMESTAMP '2019-08-21 11:12:47.802', 'aagOBg0t Lorem ipsum dolor sit amet, consectetur adipiscing elit, sed do eiusmod tempor incididunt ut labore et dolore magna aliqua. Ut enim ad minim veniam, quis nostrud exercitation ullamco laboris nisi ut aliquip ex ea commodo consequat. Duis aute irure dolor in reprehenderit in voluptate velit esse cillum dolore eu fugiat nulla pariatur. Excepteur sint occaecat cupidatat non proident, sunt in culp', TIMESTAMP '2019-08-22 11:12:47.794', 1, 'Proposal 16 that reached its quorum', 27, 7, NULL),
(160, TIMESTAMP '2019-08-26 11:12:47.849', TIMESTAMP '2019-08-27 11:12:47.849', 'XaH7eR6v Lorem ipsum dolor sit amet, consectetur adipiscing elit, sed do eiusmod tempor incididunt ut labore et dolore magna aliqua. Ut enim ad ', TIMESTAMP '2019-08-27 11:12:47.845', 1, 'Proposal 17 that reached its quorum', 23, 2, NULL);
INSERT INTO PUBLIC.LAWS(ID, CREATED_AT, UPDATED_AT, DESCRIPTION, REACHED_QUORUM_AT, STATUS, TITLE, AREA_ID, CREATED_BY_ID, POLL_ID) VALUES
(161, TIMESTAMP '2019-08-20 11:12:47.953', TIMESTAMP '2019-08-21 11:12:47.954', 'p8NdSqYP Lorem', TIMESTAMP '2019-08-23 11:12:47.939', 1, 'Proposal 18 that reached its quorum', 21, 20, NULL),
(162, TIMESTAMP '2019-08-23 11:12:48.02', TIMESTAMP '2019-08-24 11:12:48.021', 's034aNL6 Lorem ipsum dolor sit amet, consectetur adipiscing elit, sed do eiusmod tempor incididunt ut labore et dolore magna aliqua. Ut enim ad minim veniam, quis nostrud exercitation ullamco laboris nisi ut aliquip ex ea commodo consequat. Duis aute irure dolor in reprehenderit in voluptate velit esse cillum dolore eu fugiat nulla pariatur. Excepteur s', TIMESTAMP '2019-08-24 11:12:48.016', 1, 'Proposal 19 that reached its quorum', 29, 14, NULL),
(163, TIMESTAMP '2019-08-19 11:12:48.087', TIMESTAMP '2019-08-20 11:12:48.088', '2GGndkmc Lorem ipsum dolor sit amet, consectetur adipiscing elit, sed do eiusmod tempor incididunt ut labore et dolore magna aliqua. Ut enim ad m', TIMESTAMP '2019-08-24 11:12:48.077', 1, 'Proposal 20 that reached its quorum', 27, 16, NULL),
(164, TIMESTAMP '2019-08-22 11:12:48.146', TIMESTAMP '2019-08-23 11:12:48.147', 'XDKrPSXb Lorem ipsum dolor sit amet, consectetur adipiscing elit, sed do eiusmod tempor incididunt ut labore et dolore magna aliqua', TIMESTAMP '2019-08-27 11:12:48.143', 1, 'Proposal 21 that reached its quorum', 21, 18, NULL),
(165, TIMESTAMP '2019-08-22 11:12:48.207', TIMESTAMP '2019-08-23 11:12:48.208', 'BDhf0cOV Lorem ipsum dolor sit amet, consectetur adipiscing elit, sed do eiusmod tempor incididunt ut labore et dolore magna aliqua. Ut enim ad minim veniam, quis nostru', TIMESTAMP '2019-08-26 11:12:48.203', 1, 'Proposal 22 that reached its quorum', 22, 17, NULL),
(166, TIMESTAMP '2019-08-27 11:12:48.268', TIMESTAMP '2019-08-27 11:12:48.268', 'SZS5TaOC Lorem ipsum dolor sit amet, consectetur adipiscing elit, sed do eiusmod tempor incididunt ut labore et dolore magna aliqua. Ut enim ad minim veniam, quis nostrud exercitation ullamco laboris nisi ut aliquip ex ea commodo consequat. Duis aute irure dolor in r', TIMESTAMP '2019-08-27 11:12:48.264', 1, 'Proposal 23 that reached its quorum', 25, 3, NULL),
(167, TIMESTAMP '2019-08-21 11:12:48.325', TIMESTAMP '2019-08-22 11:12:48.325', '3haftnvf Lorem ipsum dolor sit amet, consectetur adipiscing elit, sed do eiusmod tempor incididunt ut labore et dolore magna aliqua. Ut en', TIMESTAMP '2019-08-27 11:12:48.315', 1, 'Proposal 24 that reached its quorum', 28, 19, NULL),
(168, TIMESTAMP '2019-08-20 11:12:48.429', TIMESTAMP '2019-08-21 11:12:48.458', 'xNe3updm Lorem ipsum dolor sit amet, consectetur adipiscing elit, sed do eiusmod tempor incididunt ut labore et dolore magna aliqua. Ut enim ad minim veniam, quis nostrud exercitation ullamco laboris nisi ut aliquip ex ea commodo consequat. Duis aute irure dolor in reprehenderit in volupt', TIMESTAMP '2019-08-21 11:12:48.426', 1, 'Proposal 25 that reached its quorum', 21, 11, NULL),
(169, TIMESTAMP '2019-08-24 11:12:48.488', TIMESTAMP '2019-08-25 11:12:48.488', 'R5774KTH Lorem ipsum dolor sit amet, consectetur adipiscing elit, sed do eiusmod tempor incididunt ut labore et dolore magna aliqua. Ut enim ad minim veniam, quis nostrud exerci', TIMESTAMP '2019-08-26 11:12:48.485', 1, 'Proposal 26 that reached its quorum', 29, 17, NULL),
(170, TIMESTAMP '2019-08-26 11:12:48.54', TIMESTAMP '2019-08-27 11:12:48.54', 'X4Kmyvd6 Lorem ipsum dolor sit amet, consectetur adipiscing elit, sed do eiusmod tempor incididunt ut labore et dolore magna aliqua. Ut enim ad minim veniam, quis nostrud exercitation ullamco laboris nisi ut aliquip ex ea commodo consequat. Duis aute irure dolor in reprehenderit in voluptate velit esse cillum dolore eu fugiat nulla pariat', TIMESTAMP '2019-08-27 11:12:48.53', 1, 'Proposal 27 that reached its quorum', 24, 16, NULL),
(171, TIMESTAMP '2019-08-21 11:12:48.596', TIMESTAMP '2019-08-22 11:12:48.596', 'bBky6DmL Lorem ipsum dolor sit amet, consectetur adipiscing elit, sed do eiusmod tempor incididunt ut labore et dolore magna aliqua. Ut enim ad minim veniam, quis nostrud exercitation ullamco laboris nisi ut aliquip ex ea commodo con', TIMESTAMP '2019-08-22 11:12:48.593', 1, 'Proposal 28 that reached its quorum', 23, 3, NULL);
INSERT INTO PUBLIC.LAWS(ID, CREATED_AT, UPDATED_AT, DESCRIPTION, REACHED_QUORUM_AT, STATUS, TITLE, AREA_ID, CREATED_BY_ID, POLL_ID) VALUES
(172, TIMESTAMP '2019-08-24 11:12:48.684', TIMESTAMP '2019-08-25 11:12:48.684', 'EhG4T6b6 Lorem ipsum dolor sit amet, consectetur adipiscing elit, sed do eiusmod tempor incididunt ut labore et dolore magna aliqua. Ut enim ad minim veniam, quis nostrud exercitation ullamco laboris nisi ut aliquip ex ea commodo con', TIMESTAMP '2019-08-27 11:12:48.657', 1, 'Proposal 29 that reached its quorum', 25, 3, NULL),
(173, TIMESTAMP '2019-08-23 11:12:48.727', TIMESTAMP '2019-08-24 11:12:48.727', 'cZ9gPd8w Lorem ipsum dolor sit amet, consectetur adipiscing elit, sed do eiusmod tempor incididunt ut labore et dolore magna aliqua. Ut enim ad minim veniam, quis nostrud exercitation ullamco laboris nisi ut aliquip ex ea commodo consequat. Duis aute irure dolor in reprehenderit in voluptate velit esse cillum dolore eu fugiat nulla pariatur. Excepteur sint occaecat cupidatat non proident, sunt in culpa', TIMESTAMP '2019-08-27 11:12:48.724', 1, 'Proposal 30 that reached its quorum', 23, 15, NULL),
(174, TIMESTAMP '2019-08-22 11:12:48.794', TIMESTAMP '2019-08-23 11:12:48.794', 'zzLmpQWx Lorem ipsum dolor sit amet, consectetur adipiscing elit, sed do eiusmod tempor incididunt ut labore et dolore magna aliqua. Ut enim ad minim veniam, quis nostrud exercitation ullamco laboris ni', TIMESTAMP '2019-08-25 11:12:48.79', 1, 'Proposal 31 that reached its quorum', 24, 6, NULL),
(175, TIMESTAMP '2019-08-23 11:12:48.888', TIMESTAMP '2019-08-24 11:12:48.888', 'hDpH4w8l Lorem ipsum dolor sit amet, consectetur adipiscing elit, sed do eiusmod tempor incididunt ut labore et dolore magna aliqua. Ut enim ad minim veniam, quis nostrud exercitation ullamco laboris nisi ut aliquip ex ea commodo consequat. ', TIMESTAMP '2019-08-27 11:12:48.884', 1, 'Proposal 32 that reached its quorum', 22, 2, NULL),
(176, TIMESTAMP '2019-08-21 11:12:48.943', TIMESTAMP '2019-08-22 11:12:48.943', 'SMVWKbAO Lorem ipsum dolor sit amet, consectetur', TIMESTAMP '2019-08-22 11:12:48.939', 1, 'Proposal 33 that reached its quorum', 30, 18, NULL),
(177, TIMESTAMP '2019-08-20 11:12:49.007', TIMESTAMP '2019-08-21 11:12:49.007', 'eQGRPRNX Lorem ipsum dolor sit amet, consectetur adipiscing elit, sed do eiusmod tempor incididunt ut labore et dolore magna aliqua. Ut enim ad minim veniam, quis nostrud exercitation ullamco laboris nisi ut aliquip ex ea commodo consequat. Duis aute irure dolor in reprehenderit in voluptate velit esse cillum dolore eu fugiat nulla pariatur. Excep', TIMESTAMP '2019-08-21 11:12:49.004', 1, 'Proposal 34 that reached its quorum', 25, 4, NULL),
(178, TIMESTAMP '2019-08-24 11:12:49.056', TIMESTAMP '2019-08-25 11:12:49.056', 'rE9LDCsV Lorem ipsum dolor sit amet, consectetur adipiscing elit, sed do eiusmod tempor incididunt ut labore et dolore magna aliqua. Ut enim ad minim veniam, quis nostrud exercitation ullamco laboris nisi ut aliquip ex ea commodo consequat. Duis aute irure dolor in reprehenderit in voluptate velit e', TIMESTAMP '2019-08-27 11:12:49.051', 1, 'Proposal 35 that reached its quorum', 23, 17, NULL),
(179, TIMESTAMP '2019-08-26 11:12:49.129', TIMESTAMP '2019-08-27 11:12:49.13', 'TLuEEsvV Lo', TIMESTAMP '2019-08-27 11:12:49.126', 1, 'Proposal 36 that reached its quorum', 30, 7, NULL),
(180, TIMESTAMP '2019-08-21 11:12:49.188', TIMESTAMP '2019-08-22 11:12:49.188', 'CQT3CX7G Lorem ipsum dolor sit amet, consectetur adipiscing elit, sed do eiusmod tempor incididunt ut labore et dolore magna aliqua. Ut enim ad minim veniam, quis nostrud exercitation ullamco laboris nisi ut aliquip ex ea commodo consequat. Duis aute irure dolor in reprehenderit in voluptate velit esse cillum dolore eu fugiat nulla pariatur. E', TIMESTAMP '2019-08-26 11:12:49.184', 1, 'Proposal 37 that reached its quorum', 23, 6, NULL),
(181, TIMESTAMP '2019-08-25 11:12:49.251', TIMESTAMP '2019-08-26 11:12:49.251', 'hErwZO4Z Lorem ipsum dolor sit amet, consectetur adipiscing elit, sed do eiusmod ', TIMESTAMP '2019-08-27 11:12:49.248', 1, 'Proposal 38 that reached its quorum', 28, 1, NULL);
INSERT INTO PUBLIC.LAWS(ID, CREATED_AT, UPDATED_AT, DESCRIPTION, REACHED_QUORUM_AT, STATUS, TITLE, AREA_ID, CREATED_BY_ID, POLL_ID) VALUES
(182, TIMESTAMP '2019-08-24 11:12:49.338', TIMESTAMP '2019-08-25 11:12:49.339', 'cXsPWqYo Lorem ipsum dolor sit amet, consectetur adipiscing elit, sed do eiusmod tempor incididunt ut labore et dolore magna aliqua. Ut eni', TIMESTAMP '2019-08-27 11:12:49.328', 1, 'Proposal 39 that reached its quorum', 26, 1, NULL),
(183, TIMESTAMP '2019-08-26 11:12:49.386', TIMESTAMP '2019-08-27 11:12:49.386', '3UNt6Ugh Lorem ipsum dolor sit amet, consectetur adipiscing elit, sed do eiusmod tempor incididunt ut labore et dolore magna aliqua. Ut enim ad minim veniam, quis nostrud exercitation ullamco laboris nisi', TIMESTAMP '2019-08-27 11:12:49.367', 1, 'Proposal 40 that reached its quorum', 30, 16, NULL),
(184, TIMESTAMP '2019-08-19 11:12:49.421', TIMESTAMP '2019-08-20 11:12:49.421', 'oHna95Sf Lorem ipsum dolor sit amet, consectetur adipiscing elit, sed do eiusmod tempor incididunt ut labore et dolore magna aliqua. Ut enim ad minim veniam, quis nostrud exercitation ullamco laboris nisi ut aliquip ex ea commodo consequat. Duis aute irure dolor in reprehenderit in voluptate velit esse cillum dolore eu fugiat nulla pariatur. Except', TIMESTAMP '2019-08-20 11:12:49.417', 1, 'Proposal 41 that reached its quorum', 26, 10, NULL),
(185, TIMESTAMP '2019-08-26 11:12:49.466', TIMESTAMP '2019-08-27 11:12:49.466', '7asR7HPC Lorem ipsum dolor sit amet, consectetur adipiscing elit, sed do eiusmod tempor incididunt ut labore et dolore magna aliqua. Ut enim ad minim veniam, quis nostrud exercitation ullamco laboris nisi ut aliquip ', TIMESTAMP '2019-08-27 11:12:49.462', 1, 'Proposal 42 that reached its quorum', 28, 13, NULL),
(186, TIMESTAMP '2019-08-18 11:12:49.515', TIMESTAMP '2019-08-19 11:12:49.515', 'ZFbcB5EZ Lorem ipsum dolor sit amet, consectetur adipiscing elit, sed do eiusmod tempor incididunt ut labore et dolore magna aliqua. Ut enim ad minim veniam, quis nostrud exercitation ullamco laboris nisi ut aliquip ex ea ', TIMESTAMP '2019-08-26 11:12:49.511', 1, 'Proposal 43 that reached its quorum', 21, 3, NULL),
(187, TIMESTAMP '2019-08-18 11:12:49.568', TIMESTAMP '2019-08-19 11:12:49.568', 'dDwVNMqr Lorem ipsum dolor sit amet, consectetur adipiscing elit, sed ', TIMESTAMP '2019-08-27 11:12:49.562', 1, 'Proposal 44 that reached its quorum', 29, 18, NULL),
(188, TIMESTAMP '2019-08-22 11:12:49.62', TIMESTAMP '2019-08-23 11:12:49.621', 'fpbU939L Lorem ipsum dolor sit amet, consectetur adipiscing elit, sed do eiusmod tempor incididunt ut labore et dolore magna aliqua. Ut enim ad minim veniam, quis nostrud exercitation ullamco laboris nisi ut aliquip ex ea commodo consequat. Duis aute irure dolor in re', TIMESTAMP '2019-08-25 11:12:49.615', 1, 'Proposal 45 that reached its quorum', 29, 18, NULL),
(189, TIMESTAMP '2019-08-27 11:12:49.665', TIMESTAMP '2019-08-27 11:12:49.665', '6zz4ZwkT Lorem ipsum dolor sit amet, consectetur adipiscing elit, sed do eiusmod tempor incididunt ut labore et dolore magna aliqua. Ut enim ad minim veniam, quis nostrud exercitation ullamco laboris nisi ut aliquip ex ea commodo consequat. Duis aute irure dolor in reprehenderit in voluptate velit esse cillum dolore eu fugiat nulla pariatur. Excepteur sint occ', TIMESTAMP '2019-08-27 11:12:49.661', 1, 'Proposal 46 that reached its quorum', 29, 2, NULL),
(190, TIMESTAMP '2019-08-20 11:12:49.735', TIMESTAMP '2019-08-21 11:12:49.735', 'cxYe8tGT Lorem ip', TIMESTAMP '2019-08-26 11:12:49.732', 1, 'Proposal 47 that reached its quorum', 24, 18, NULL),
(191, TIMESTAMP '2019-08-23 11:12:49.794', TIMESTAMP '2019-08-24 11:12:49.794', '7STEYuHU Lorem ipsum dolor sit amet, consectetur adipis', TIMESTAMP '2019-08-25 11:12:49.788', 1, 'Proposal 48 that reached its quorum', 30, 15, NULL),
(192, TIMESTAMP '2019-08-26 11:12:49.85', TIMESTAMP '2019-08-27 11:12:49.85', '3rz74ZUE Lorem ipsum dolor sit amet, consectetur adipiscing elit, sed do eiusmod tempor incididunt ut labore et dolore magna aliqua. Ut enim ad minim veniam, quis nostrud exercitation ullamco laboris nisi ut aliquip ex ea commodo consequat. Duis aute irure dolor in re', TIMESTAMP '2019-08-27 11:12:49.847', 1, 'Proposal 49 that reached its quorum', 30, 15, NULL);
INSERT INTO PUBLIC.LAWS(ID, CREATED_AT, UPDATED_AT, DESCRIPTION, REACHED_QUORUM_AT, STATUS, TITLE, AREA_ID, CREATED_BY_ID, POLL_ID) VALUES
(193, TIMESTAMP '2019-08-20 11:12:49.879', TIMESTAMP '2019-08-21 11:12:49.879', 'Lorem ipsum dolor sit amet, consectetur adipiscing elit, sed do eiusmod tempor incididunt ut labore et dolore magna aliqua. Ut enim ad minim veniam, quis nostrud exercitation ullamco laboris nisi ut aliquip ex ea ', TIMESTAMP '2019-08-26 11:12:49.877', 1, 'Proposal 0 for user testuser1@liquido.de', 22, 1, NULL),
(200, TIMESTAMP '2019-08-22 11:12:50.008', TIMESTAMP '2019-08-23 11:12:50.009', 'Lorem ipsum dolor sit amet, consectetur adipiscing elit, sed do eiusmod tempor incididunt ut labore et dolor', TIMESTAMP '2019-08-24 11:12:50.005', 1, 'Proposal 1 for user testuser1@liquido.de', 28, 1, NULL),
(207, TIMESTAMP '2019-08-19 11:12:50.107', TIMESTAMP '2019-08-20 11:12:50.108', 'Lorem ipsum dolor sit amet, consectetur adipiscing elit, sed do eiusmod tempor incididunt ut labore et dolore magna aliqua. Ut enim ad minim veniam, quis nostrud exercitation ullamco laboris nisi ut aliquip ex ea commodo consequat. Duis aute irure dolor in reprehenderit in voluptat', TIMESTAMP '2019-08-26 11:12:50.103', 1, 'Proposal 2 for user testuser1@liquido.de', 29, 1, NULL),
(214, TIMESTAMP '2019-08-20 11:12:50.191', TIMESTAMP '2019-08-21 11:12:50.191', 'Lorem ipsum dolor sit amet, consectetur adipiscing elit, sed do eiusmod tempor incididunt ut labore et dolore magna aliqua. Ut enim ad minim veniam, quis nostrud exercitation ullamco laboris n', TIMESTAMP '2019-08-27 11:12:50.187', 1, 'Proposal 3 for user testuser1@liquido.de', 25, 1, NULL),
(218, TIMESTAMP '2019-08-24 11:12:50.265', TIMESTAMP '2019-08-25 11:12:50.265', 'Lorem ipsum dolor sit amet, consectetur adipiscing elit, sed do eiusmod tempor incididunt ut labore et dolore magna aliqua. Ut enim ad minim veniam, quis nostrud exercitation ullamco laboris nisi ut a', TIMESTAMP '2019-08-26 11:12:50.261', 1, 'Proposal 4 for user testuser1@liquido.de', 29, 1, NULL),
(232, TIMESTAMP '2019-08-17 11:13:00.001', TIMESTAMP '2019-08-27 11:13:00.095', 'Lorem ipsum dolor sit amet, consectetur adipiscing elit, sed do eiusmod tempor incididunt ut labore et dolore magna aliqua. Ut enim ad minim veniam, quis nostrud exercitation ullamco la', TIMESTAMP '2019-08-20 11:13:00.001', 2, 'Initial Proposal in a poll that is in elaboration 1566897179970', 21, 13, 239),
(240, TIMESTAMP '2019-08-07 11:13:00.173', TIMESTAMP '2019-08-27 11:13:00.254', 'Lorem ipsum dolor sit amet, consectetur adipiscing elit, sed do eiusmod tempor incididunt ut labore et dolore magna aliqua. Ut enim ad minim veniam, quis nostrud exercitation ullamco laboris nisi ut aliquip ex ea commodo consequat. Duis aute irure dolor in reprehenderit in voluptate velit esse cillum dolore eu fugiat nulla pariatur. Excepteur sint occaecat cupidatat non pro', TIMESTAMP '2019-08-09 11:13:00.158', 2, 'Alternative Proposal1 in a poll that is in elaboration1566897180126', 21, 15, 239),
(246, TIMESTAMP '2019-08-07 11:13:00.306', TIMESTAMP '2019-08-27 11:13:00.372', 'Lorem ipsum dolor sit amet, consectetur adipiscing elit, sed do eiusmod tempor incididunt ut labore et dolore magna ali', TIMESTAMP '2019-08-09 11:13:00.303', 2, 'Alternative Proposal2 in a poll that is in elaboration1566897180256', 21, 7, 239),
(253, TIMESTAMP '2019-08-07 11:13:00.403', TIMESTAMP '2019-08-27 11:13:00.466', 'Lorem ipsum dolor sit amet, consectetur adipiscing elit, sed do eiusmod tempor incididunt ut labore et dolore magna aliqua. Ut enim ad minim veniam, quis nostrud exercitation ullamco laboris nisi ut aliquip ex ea commodo consequat. Duis aute irure dolor in reprehenderit in volupta', TIMESTAMP '2019-08-09 11:13:00.403', 2, 'Alternative Proposal3 in a poll that is in elaboration1566897180372', 21, 3, 239),
(258, TIMESTAMP '2019-08-07 11:13:00.497', TIMESTAMP '2019-08-27 11:13:00.575', 'Lorem ipsum dolor sit amet, consectetur adipiscing elit, sed do eiusmod tempor incididunt ut labore et dolore magna aliqua. Ut enim ad minim veniam, quis nostrud exercitation ullamco laboris nisi ut aliquip', TIMESTAMP '2019-08-09 11:13:00.497', 2, 'Alternative Proposal4 in a poll that is in elaboration1566897180466', 21, 5, 239);
INSERT INTO PUBLIC.LAWS(ID, CREATED_AT, UPDATED_AT, DESCRIPTION, REACHED_QUORUM_AT, STATUS, TITLE, AREA_ID, CREATED_BY_ID, POLL_ID) VALUES
(263, TIMESTAMP '2019-08-17 11:13:00.625', TIMESTAMP '2019-08-27 11:13:01.639', 'Lorem ipsum dolor sit amet, consectetur adipiscing elit, sed do eiusmod tempor incididunt ut labore et dolore magna aliqua. Ut enim ad minim veniam, quis nostrud exercitation ullamco laboris nisi ut aliquip', TIMESTAMP '2019-08-20 11:13:00.622', 3, 'Proposal 5 in voting phase 1566897181452', 21, 13, 268),
(269, TIMESTAMP '2019-08-07 11:13:00.735', TIMESTAMP '2019-08-27 11:13:01.686', 'Lorem ipsum dolor sit amet, consectetur adipiscing elit, sed do eiusmod tempor incididunt ut labore et dolore magna aliqua. Ut enim ad minim veniam, quis nostrud exercitation ullamco laboris nisi ut aliquip ex ea commodo consequat. Duis aute irure dolor in reprehenderit in voluptate velit esse cillum dolore eu fugiat nulla pariatur. Excepteur si', TIMESTAMP '2019-08-09 11:13:00.719', 3, 'Proposal 4 in voting phase 1566897181452', 21, 15, 268),
(277, TIMESTAMP '2019-08-07 11:13:00.891', TIMESTAMP '2019-08-27 11:13:01.686', 'Lorem ipsum dolor sit amet, consectetur adipiscing elit, sed do eiusmod tempor incididunt ut labore et dolore magna aliqua. Ut enim ad minim veniam, quis nostrud exercitation ullamco laboris nisi ut aliquip ex ea commodo consequat. Duis aute irure dolor in reprehenderit in voluptate velit esse cillum dolore eu fugiat nulla pariatur. Excepteur sint occaecat cupida', TIMESTAMP '2019-08-09 11:13:00.891', 3, 'Proposal 3 in voting phase 1566897181452', 21, 7, 268),
(283, TIMESTAMP '2019-08-07 11:13:01.141', TIMESTAMP '2019-08-27 11:13:01.686', 'Lorem ipsum dolor sit amet, consectetur adipiscing elit, sed do eiusmod tempor incididunt ut labore et dolore magna aliqua. Ut enim ad minim veniam, quis nostrud exercita', TIMESTAMP '2019-08-09 11:13:01.141', 3, 'Proposal 2 in voting phase 1566897181452', 21, 3, 268),
(290, TIMESTAMP '2019-08-07 11:13:01.352', TIMESTAMP '2019-08-27 11:13:01.686', 'Lorem ipsum dolor sit amet, consectetur adipiscing elit, sed do eiusmod tempor incididunt ut labore et dolore magna aliqua. Ut enim ad minim veniam, quis nostrud exercitation ullamco laboris nisi ut aliquip ex ea commodo consequat. Duis aute irure dolor in reprehenderit in voluptate velit esse cillum dolore eu fugiat nulla pariatur. Excep', TIMESTAMP '2019-08-09 11:13:01.349', 3, 'Proposal 1 in voting phase 1566897181452', 21, 5, 268),
(297, TIMESTAMP '2019-08-17 11:13:01.718', TIMESTAMP '2019-08-27 11:13:02.28', 'Lorem ipsum dolor sit amet, consectetur adipiscing elit, sed do eiusmod tempor incididunt ut labore et dolore magna aliqua. Ut enim ad minim veniam, quis nostrud exercitation ullamco laboris nisi ut aliquip ex ea commodo consequat. Duis aute irure d', TIMESTAMP '2019-08-20 11:13:01.718', 3, 'Proposal 5 in voting phase 1566897182119', 21, 13, 302),
(303, TIMESTAMP '2019-08-07 11:13:01.811', TIMESTAMP '2019-08-27 11:13:02.282', 'Lorem ipsum dolor sit amet, consectetur adipiscing elit, sed do eiusmod tempor incididunt ut labore et dolore magna aliqua. Ut enim ad minim veniam, quis nostrud exercitation ullamco laboris nisi ut aliquip ex ea commod', TIMESTAMP '2019-08-09 11:13:01.811', 3, 'Proposal 4 in voting phase 1566897182119', 21, 15, 302),
(312, TIMESTAMP '2019-08-07 11:13:01.874', TIMESTAMP '2019-08-27 11:13:02.284', 'Lorem ipsum dolor sit amet, consectetur adipiscing elit, sed do eiusmod tempor incididunt ut labore et dolore magna aliqua. Ut enim ad minim veniam, quis nostrud exercitation ullamco laboris nisi ut aliquip ex ea commodo consequat. Duis aute irure dolor in reprehend', TIMESTAMP '2019-08-09 11:13:01.874', 3, 'Proposal 3 in voting phase 1566897182119', 21, 7, 302),
(317, TIMESTAMP '2019-08-07 11:13:01.968', TIMESTAMP '2019-08-27 11:13:02.292', 'Lorem ipsum dolor sit amet, consectetur adipiscing elit, sed do eiusmod tempor incididunt ut labore et dolore magna aliqua. Ut enim ad minim veniam, quis nostrud exercitation ullamco laboris nisi ut aliquip ex ea commodo consequat. Duis aute irure dolor in reprehenderit in voluptate velit', TIMESTAMP '2019-08-09 11:13:01.952', 3, 'Proposal 2 in voting phase 1566897182119', 21, 3, 302);
INSERT INTO PUBLIC.LAWS(ID, CREATED_AT, UPDATED_AT, DESCRIPTION, REACHED_QUORUM_AT, STATUS, TITLE, AREA_ID, CREATED_BY_ID, POLL_ID) VALUES
(321, TIMESTAMP '2019-08-07 11:13:02.054', TIMESTAMP '2019-08-27 11:13:02.295', 'Lorem ipsum dolor sit amet, consectetur adipiscing elit, sed do eiusmod tempor incididunt ut labore et ', TIMESTAMP '2019-08-09 11:13:02.046', 3, 'Proposal 1 in voting phase 1566897182119', 21, 5, 302),
(346, TIMESTAMP '2019-08-17 11:13:11.698', TIMESTAMP '2019-08-27 11:13:17.491', 'Lorem ipsum dolor sit amet, consectetur adipiscing elit, sed do eiusmod tempor incididunt ut labore et dolore magna aliqua. Ut enim ad minim veniam, quis nostrud exercitation ullamco la', TIMESTAMP '2019-08-20 11:13:11.698', 5, 'Proposal 5 in voting phase 1566897191901', 21, 13, 354),
(355, TIMESTAMP '2019-08-07 11:13:11.73', TIMESTAMP '2019-08-27 11:13:17.522', 'Lorem ipsum dolor sit amet, consectetur adipiscing elit, sed do eiusmod tempor incididunt ut labore et dolore m', TIMESTAMP '2019-08-09 11:13:11.73', 4, 'This winning Proposal is now a Law', 21, 15, 354),
(359, TIMESTAMP '2019-08-07 11:13:11.761', TIMESTAMP '2019-08-27 11:13:17.507', 'Lorem ipsum dolor sit amet, consectetur adipiscing elit, sed do eiusmod tempor incididunt ut labore et dolore magna aliqua. Ut enim ad minim veniam, quis nostrud exercitation ullamco laboris nisi ut aliquip ex ea commodo co', TIMESTAMP '2019-08-09 11:13:11.761', 5, 'Proposal 3 in voting phase 1566897191901', 21, 7, 354),
(363, TIMESTAMP '2019-08-07 11:13:11.808', TIMESTAMP '2019-08-27 11:13:17.507', 'Lorem ipsum dolor sit amet, consectetur adipiscing elit, sed do eiusmod tempor incididunt ut labore et dolore magna aliqua. Ut enim ad minim veniam, quis nostrud exercitation ullamco laboris nisi ut aliquip ex ea commodo consequat. D', TIMESTAMP '2019-08-09 11:13:11.808', 5, 'Proposal 2 in voting phase 1566897191901', 21, 3, 354),
(372, TIMESTAMP '2019-08-07 11:13:11.855', TIMESTAMP '2019-08-27 11:13:17.507', 'Lorem ipsum dolor sit amet, consectetur adipiscing elit, sed do eiusmod tempor incididunt ut labore et dolore magna aliqua. Ut enim ad minim veniam, quis nostrud exercitation ullamco laboris nisi ut aliquip ex ea commodo consequat. Duis aute irure dolor ', TIMESTAMP '2019-08-09 11:13:11.855', 5, 'Proposal 1 in voting phase 1566897191901', 21, 5, 354),
(394, TIMESTAMP '2019-08-07 11:13:17.584', TIMESTAMP '2019-08-27 11:13:17.583', 'Lorem ipsum dolor sit amet, consectetur adipiscing elit, sed do eiusmod tempor incididunt ut labore et dolore magna aliqua. Ut enim ad minim veniam, quis nostrud exercitation ullamco laboris nisi ut aliquip ex ea commodo consequat. Duis aute irure dolor in reprehenderit in voluptate velit ', TIMESTAMP '2019-08-03 11:13:17.576', 4, 'Law 0', 21, 1, NULL),
(395, TIMESTAMP '2019-08-06 11:13:17.665', TIMESTAMP '2019-08-27 11:13:17.664', 'Lorem ipsum dolor sit amet, consectetur adipiscing elit, sed do eiusmod tempor incididunt ut labore et dolore magna aliqua. Ut enim ad minim veniam, quis nostrud exercitation ullamco laboris nisi ut aliquip ex ea commodo consequat. Duis aute ', TIMESTAMP '2019-08-03 11:13:17.656', 4, 'Law 1', 21, 1, NULL);
CREATE MEMORY TABLE PUBLIC.LAWS_COMMENTS(
LAW_MODEL_ID BIGINT NOT NULL,
COMMENTS_ID BIGINT NOT NULL
);
ALTER TABLE PUBLIC.LAWS_COMMENTS ADD CONSTRAINT PUBLIC.CONSTRAINT_A0 PRIMARY KEY(LAW_MODEL_ID, COMMENTS_ID);
-- 25 +/- SELECT COUNT(*) FROM PUBLIC.LAWS_COMMENTS;
INSERT INTO PUBLIC.LAWS_COMMENTS(LAW_MODEL_ID, COMMENTS_ID) VALUES
(193, 194),
(200, 201),
(207, 208),
(214, 215),
(218, 219),
(232, 233),
(240, 241),
(246, 247),
(253, 254),
(258, 259),
(263, 264),
(269, 270),
(277, 278),
(283, 284),
(290, 291),
(297, 298),
(303, 304),
(312, 313),
(317, 318),
(321, 322),
(346, 347),
(355, 356),
(359, 360),
(363, 364),
(372, 373);
CREATE MEMORY TABLE PUBLIC.LAWS_SUPPORTERS(
LAW_MODEL_ID BIGINT NOT NULL,
SUPPORTERS_ID BIGINT NOT NULL
);
ALTER TABLE PUBLIC.LAWS_SUPPORTERS ADD CONSTRAINT PUBLIC.CONSTRAINT_C PRIMARY KEY(LAW_MODEL_ID, SUPPORTERS_ID);
-- 1242 +/- SELECT COUNT(*) FROM PUBLIC.LAWS_SUPPORTERS;
INSERT INTO PUBLIC.LAWS_SUPPORTERS(LAW_MODEL_ID, SUPPORTERS_ID) VALUES
(31, 2),
(31, 18),
(31, 14),
(31, 9),
(33, 10),
(33, 6),
(33, 2),
(33, 19),
(33, 1),
(33, 7),
(33, 4),
(34, 19),
(34, 2),
(34, 10),
(34, 12),
(36, 19),
(36, 13),
(36, 18),
(36, 15),
(37, 15),
(37, 7),
(37, 5),
(37, 1),
(38, 4),
(39, 11),
(39, 20),
(39, 17),
(39, 9),
(39, 12),
(40, 8),
(40, 14),
(40, 6),
(40, 2),
(40, 1),
(40, 19),
(40, 17),
(40, 5),
(41, 4),
(41, 17),
(41, 16),
(42, 11),
(42, 9),
(42, 20),
(42, 15),
(43, 12),
(43, 6),
(43, 17),
(43, 1),
(43, 16),
(43, 9),
(43, 5),
(43, 11),
(44, 8),
(44, 18),
(44, 14),
(45, 8),
(45, 20),
(45, 9),
(45, 12),
(46, 6),
(46, 11),
(47, 12),
(48, 2),
(48, 7),
(48, 9),
(48, 19),
(48, 3),
(48, 11),
(48, 10),
(48, 1),
(49, 1),
(49, 19),
(50, 19),
(50, 11),
(50, 2),
(50, 20),
(51, 7),
(51, 17),
(51, 15),
(51, 9),
(51, 12),
(51, 2),
(51, 5),
(52, 18),
(52, 6),
(52, 9),
(52, 11),
(54, 5),
(54, 13),
(54, 20),
(54, 19),
(54, 16),
(54, 9),
(54, 10),
(54, 7),
(55, 9),
(55, 7),
(55, 6),
(55, 8),
(55, 13),
(56, 12),
(56, 17),
(56, 7),
(56, 2),
(56, 8),
(56, 5),
(57, 4),
(57, 17),
(57, 3),
(57, 9),
(57, 15),
(59, 13),
(59, 14),
(60, 1),
(60, 14),
(61, 15),
(61, 2),
(61, 3),
(61, 17),
(61, 5),
(61, 10),
(61, 20),
(62, 10),
(62, 2),
(62, 1),
(62, 16),
(62, 14),
(62, 12),
(63, 11),
(63, 18),
(63, 19),
(63, 12),
(63, 4),
(63, 9),
(63, 15),
(63, 10),
(64, 7),
(65, 6),
(65, 10),
(65, 16),
(65, 8),
(65, 2),
(65, 3),
(65, 20),
(65, 7),
(66, 18),
(66, 4),
(66, 15),
(66, 1),
(67, 4),
(67, 2),
(68, 19),
(68, 2),
(68, 9),
(69, 16),
(69, 5),
(69, 8),
(69, 18),
(69, 10),
(69, 3),
(70, 1),
(70, 6),
(70, 16),
(70, 12),
(70, 2),
(71, 17),
(71, 3),
(71, 19),
(71, 11),
(71, 12),
(71, 8),
(71, 13),
(71, 4),
(72, 18),
(72, 19),
(72, 8),
(72, 2),
(72, 6),
(72, 14),
(73, 7),
(73, 14),
(73, 3),
(73, 11),
(73, 8),
(74, 6),
(74, 16),
(74, 13),
(74, 18),
(75, 18),
(75, 13),
(75, 7),
(76, 14),
(76, 20),
(76, 10),
(76, 3),
(76, 11),
(76, 8),
(78, 14),
(78, 5),
(78, 4),
(78, 11),
(78, 6),
(78, 1),
(79, 1),
(79, 9),
(79, 19),
(79, 4),
(79, 11),
(79, 6),
(79, 17),
(79, 20),
(80, 18),
(82, 1),
(82, 19),
(82, 11),
(82, 13),
(82, 6),
(82, 12),
(83, 7),
(83, 15),
(83, 17),
(83, 11),
(83, 10),
(83, 18),
(83, 16),
(83, 14),
(84, 1),
(84, 5),
(84, 18),
(85, 1),
(86, 14),
(86, 13),
(86, 12),
(86, 8),
(86, 4),
(86, 18),
(88, 17),
(88, 11),
(88, 2),
(88, 1),
(88, 19),
(88, 12),
(88, 7),
(88, 20),
(89, 12),
(91, 8),
(92, 10),
(92, 3),
(93, 19),
(93, 4),
(93, 15),
(93, 14),
(93, 9),
(93, 12),
(94, 15),
(95, 5),
(95, 3),
(95, 1),
(96, 9),
(96, 3),
(96, 1),
(96, 15),
(96, 14),
(96, 17),
(96, 19),
(97, 12),
(97, 14),
(97, 15),
(97, 19),
(97, 5),
(97, 4),
(98, 12),
(98, 13),
(98, 17),
(98, 18),
(98, 3),
(98, 5),
(98, 14),
(99, 3),
(99, 14),
(99, 9),
(99, 1),
(99, 4),
(100, 6),
(100, 14),
(100, 2),
(100, 1),
(100, 10),
(101, 7),
(101, 17),
(101, 8),
(101, 18),
(102, 2),
(102, 4),
(102, 17),
(102, 6),
(103, 1),
(103, 8),
(103, 13),
(103, 6),
(103, 5),
(103, 12),
(104, 14),
(104, 12),
(105, 4),
(105, 1),
(105, 5),
(105, 17),
(105, 3),
(106, 16),
(106, 9),
(106, 8),
(106, 14),
(106, 19),
(106, 3),
(106, 1),
(108, 4),
(108, 6),
(108, 15),
(108, 18),
(108, 13),
(108, 3),
(108, 17),
(108, 20),
(109, 7),
(109, 13),
(109, 9),
(109, 18),
(109, 19),
(109, 8),
(109, 14),
(110, 16),
(110, 1),
(110, 6),
(110, 13),
(110, 3),
(110, 10),
(110, 12),
(111, 20),
(111, 5),
(111, 4),
(111, 15),
(111, 12),
(113, 4),
(113, 18),
(113, 15),
(113, 19),
(113, 11),
(113, 5),
(113, 1),
(113, 2),
(114, 2),
(114, 18),
(114, 13),
(114, 6),
(114, 12),
(114, 5),
(115, 13),
(115, 10),
(115, 1),
(116, 2),
(116, 6),
(116, 3),
(116, 11),
(117, 17),
(117, 15),
(117, 8),
(117, 2),
(117, 3),
(117, 5),
(117, 1),
(118, 10),
(118, 16),
(118, 14),
(118, 2),
(119, 1),
(119, 11),
(119, 7),
(119, 3),
(119, 2),
(120, 3),
(120, 17),
(120, 8),
(120, 19),
(120, 7),
(121, 20),
(125, 19),
(125, 3),
(125, 9),
(125, 2),
(126, 6),
(127, 4),
(127, 8),
(127, 18),
(127, 1),
(127, 6),
(127, 19),
(127, 16),
(128, 5),
(128, 10),
(128, 18),
(128, 2),
(129, 15),
(129, 18),
(129, 10),
(129, 13),
(129, 12),
(129, 20),
(129, 7),
(131, 14);
INSERT INTO PUBLIC.LAWS_SUPPORTERS(LAW_MODEL_ID, SUPPORTERS_ID) VALUES
(131, 4),
(131, 7),
(131, 13),
(131, 20),
(131, 3),
(131, 8),
(131, 17),
(132, 3),
(132, 13),
(133, 17),
(133, 3),
(133, 15),
(133, 4),
(133, 20),
(133, 9),
(133, 19),
(133, 1),
(134, 17),
(135, 7),
(135, 15),
(135, 2),
(135, 18),
(135, 14),
(135, 17),
(135, 5),
(135, 10),
(136, 17),
(136, 9),
(136, 20),
(136, 13),
(137, 16),
(137, 14),
(137, 8),
(137, 19),
(137, 7),
(137, 3),
(137, 4),
(139, 12),
(139, 16),
(139, 19),
(139, 7),
(139, 5),
(141, 6),
(141, 7),
(141, 15),
(142, 12),
(142, 5),
(142, 10),
(143, 9),
(143, 1),
(143, 2),
(143, 17),
(143, 11),
(143, 15),
(143, 7),
(143, 20),
(143, 13),
(143, 8),
(144, 19),
(144, 13),
(144, 6),
(144, 11),
(144, 4),
(144, 2),
(144, 18),
(144, 15),
(144, 16),
(144, 14),
(145, 2),
(145, 17),
(145, 13),
(145, 18),
(145, 5),
(145, 1),
(145, 19),
(145, 12),
(145, 4),
(145, 10),
(146, 2),
(146, 3),
(146, 5),
(146, 7),
(146, 4),
(146, 11),
(146, 15),
(146, 18),
(146, 14),
(146, 16),
(147, 17),
(147, 12),
(147, 14),
(147, 5),
(147, 4),
(147, 1),
(147, 3),
(147, 10),
(147, 19),
(147, 15),
(148, 17),
(148, 2),
(148, 6),
(148, 16),
(148, 9),
(148, 3),
(148, 10),
(148, 18),
(148, 15),
(148, 20),
(149, 12),
(149, 8),
(149, 20),
(149, 13),
(149, 14),
(149, 16),
(149, 18),
(149, 2),
(149, 9),
(149, 17),
(150, 20),
(150, 12),
(150, 19),
(150, 17),
(150, 10),
(150, 3),
(150, 11),
(150, 18),
(150, 16),
(150, 2),
(151, 6),
(151, 14),
(151, 5),
(151, 20),
(151, 8),
(151, 11),
(151, 18),
(151, 1),
(151, 3),
(151, 7),
(152, 5),
(152, 19),
(152, 17),
(152, 16),
(152, 12),
(152, 7),
(152, 9),
(152, 2),
(152, 8),
(152, 14),
(153, 10),
(153, 6),
(153, 3),
(153, 4),
(153, 9),
(153, 2),
(153, 16),
(153, 7),
(153, 13),
(153, 5),
(154, 19),
(154, 9),
(154, 8),
(154, 18),
(154, 11),
(154, 20),
(154, 15),
(154, 3),
(154, 13),
(154, 10),
(155, 1),
(155, 18),
(155, 2),
(155, 11),
(155, 12),
(155, 4),
(155, 8),
(155, 15),
(155, 20),
(155, 5),
(156, 18),
(156, 12),
(156, 10),
(156, 15),
(156, 17),
(156, 9),
(156, 14),
(156, 7),
(156, 19),
(156, 5),
(157, 16),
(157, 3),
(157, 14),
(157, 6),
(157, 19),
(157, 9),
(157, 4),
(157, 5),
(157, 11),
(157, 1),
(158, 17),
(158, 1),
(158, 18),
(158, 8),
(158, 20),
(158, 12),
(158, 5),
(158, 13),
(158, 7),
(158, 3),
(159, 19),
(159, 8),
(159, 17),
(159, 1),
(159, 12),
(159, 2),
(159, 15),
(159, 5),
(159, 14),
(159, 11),
(160, 16),
(160, 15),
(160, 11),
(160, 10),
(160, 5),
(160, 20),
(160, 17),
(160, 18),
(160, 12),
(160, 1),
(161, 16),
(161, 14),
(161, 18),
(161, 17),
(161, 4),
(161, 19),
(161, 1),
(161, 5),
(161, 10),
(161, 9),
(162, 11),
(162, 15),
(162, 16),
(162, 17),
(162, 3),
(162, 4),
(162, 13),
(162, 18),
(162, 10),
(162, 7),
(163, 1),
(163, 8),
(163, 15),
(163, 11),
(163, 9),
(163, 3),
(163, 5),
(163, 2),
(163, 13),
(163, 12),
(164, 12),
(164, 11),
(164, 13),
(164, 15),
(164, 9),
(164, 7),
(164, 5),
(164, 4),
(164, 3),
(164, 2),
(165, 6),
(165, 10),
(165, 11),
(165, 12),
(165, 4),
(165, 7),
(165, 20),
(165, 16),
(165, 2),
(165, 1),
(166, 18),
(166, 5),
(166, 14),
(166, 6),
(166, 9),
(166, 2),
(166, 8),
(166, 4),
(166, 15),
(166, 10),
(167, 16),
(167, 8),
(167, 10),
(167, 6),
(167, 4),
(167, 15),
(167, 7),
(167, 12),
(167, 1),
(167, 13),
(168, 15),
(168, 10),
(168, 17),
(168, 8),
(168, 4),
(168, 19),
(168, 1),
(168, 18),
(168, 12),
(168, 2),
(169, 4),
(169, 8),
(169, 9),
(169, 10),
(169, 3),
(169, 1),
(169, 14),
(169, 11),
(169, 20),
(169, 15),
(170, 17),
(170, 14),
(170, 20),
(170, 12),
(170, 8),
(170, 18),
(170, 19),
(170, 2),
(170, 4),
(170, 7),
(171, 14),
(171, 4),
(171, 12),
(171, 2),
(171, 9),
(171, 19),
(171, 1),
(171, 8),
(171, 6),
(171, 10),
(172, 11),
(172, 10),
(172, 5),
(172, 13),
(172, 9),
(172, 6),
(172, 4),
(172, 17),
(172, 8),
(172, 19),
(173, 13),
(173, 9),
(173, 10),
(173, 12),
(173, 14),
(173, 1),
(173, 6),
(173, 3),
(173, 17),
(173, 2),
(174, 14),
(174, 10),
(174, 5),
(174, 3),
(174, 19),
(174, 20),
(174, 15),
(174, 7),
(174, 12),
(174, 8),
(175, 10),
(175, 13),
(175, 20),
(175, 18),
(175, 17),
(175, 1),
(175, 12),
(175, 5),
(175, 16),
(175, 14),
(176, 4),
(176, 20),
(176, 16),
(176, 15);
INSERT INTO PUBLIC.LAWS_SUPPORTERS(LAW_MODEL_ID, SUPPORTERS_ID) VALUES
(176, 1),
(176, 19),
(176, 2),
(176, 12),
(176, 9),
(176, 6),
(177, 5),
(177, 17),
(177, 16),
(177, 15),
(177, 3),
(177, 9),
(177, 12),
(177, 11),
(177, 14),
(177, 20),
(178, 10),
(178, 8),
(178, 18),
(178, 19),
(178, 1),
(178, 20),
(178, 4),
(178, 13),
(178, 11),
(178, 3),
(179, 4),
(179, 12),
(179, 2),
(179, 17),
(179, 11),
(179, 5),
(179, 15),
(179, 18),
(179, 14),
(179, 19),
(180, 3),
(180, 18),
(180, 11),
(180, 17),
(180, 8),
(180, 10),
(180, 16),
(180, 5),
(180, 1),
(180, 12),
(181, 15),
(181, 20),
(181, 14),
(181, 10),
(181, 6),
(181, 9),
(181, 17),
(181, 8),
(181, 7),
(181, 19),
(182, 16),
(182, 12),
(182, 10),
(182, 15),
(182, 9),
(182, 13),
(182, 7),
(182, 8),
(182, 3),
(182, 14),
(183, 7),
(183, 17),
(183, 12),
(183, 11),
(183, 1),
(183, 13),
(183, 10),
(183, 14),
(183, 15),
(183, 9),
(184, 4),
(184, 19),
(184, 8),
(184, 3),
(184, 9),
(184, 5),
(184, 13),
(184, 1),
(184, 18),
(184, 20),
(185, 11),
(185, 15),
(185, 1),
(185, 18),
(185, 2),
(185, 3),
(185, 5),
(185, 16),
(185, 7),
(185, 12),
(186, 14),
(186, 5),
(186, 4),
(186, 19),
(186, 16),
(186, 10),
(186, 12),
(186, 1),
(186, 13),
(186, 17),
(187, 14),
(187, 2),
(187, 5),
(187, 7),
(187, 19),
(187, 12),
(187, 10),
(187, 4),
(187, 16),
(187, 9),
(188, 9),
(188, 8),
(188, 4),
(188, 16),
(188, 19),
(188, 2),
(188, 1),
(188, 6),
(188, 12),
(188, 10),
(189, 5),
(189, 10),
(189, 11),
(189, 6),
(189, 3),
(189, 18),
(189, 9),
(189, 17),
(189, 19),
(189, 15),
(190, 6),
(190, 9),
(190, 8),
(190, 7),
(190, 5),
(190, 20),
(190, 12),
(190, 16),
(190, 3),
(190, 1),
(191, 7),
(191, 20),
(191, 5),
(191, 17),
(191, 8),
(191, 9),
(191, 16),
(191, 12),
(191, 1),
(191, 14),
(192, 18),
(192, 16),
(192, 12),
(192, 8),
(192, 6),
(192, 3),
(192, 13),
(192, 4),
(192, 2),
(192, 7),
(193, 3),
(193, 10),
(193, 16),
(193, 17),
(193, 7),
(193, 12),
(193, 11),
(193, 9),
(193, 14),
(193, 5),
(200, 13),
(200, 16),
(200, 10),
(200, 4),
(200, 6),
(200, 17),
(200, 11),
(200, 9),
(200, 8),
(200, 14),
(207, 11),
(207, 16),
(207, 17),
(207, 4),
(207, 13),
(207, 2),
(207, 15),
(207, 9),
(207, 8),
(207, 5),
(214, 4),
(214, 15),
(214, 19),
(214, 17),
(214, 9),
(214, 7),
(214, 2),
(214, 10),
(214, 12),
(214, 18),
(218, 8),
(218, 11),
(218, 15),
(218, 16),
(218, 3),
(218, 17),
(218, 5),
(218, 4),
(218, 7),
(218, 20),
(232, 4),
(232, 20),
(232, 14),
(232, 16),
(232, 19),
(232, 5),
(232, 10),
(232, 11),
(232, 1),
(232, 6),
(240, 10),
(240, 16),
(240, 8),
(240, 7),
(240, 3),
(240, 6),
(240, 9),
(240, 18),
(240, 14),
(240, 12),
(246, 1),
(246, 14),
(246, 19),
(246, 4),
(246, 10),
(246, 12),
(246, 5),
(246, 9),
(246, 3),
(246, 15),
(253, 10),
(253, 9),
(253, 18),
(253, 17),
(253, 6),
(253, 12),
(253, 2),
(253, 1),
(253, 15),
(253, 16),
(258, 14),
(258, 19),
(258, 4),
(258, 11),
(258, 20),
(258, 17),
(258, 10),
(258, 2),
(258, 8),
(258, 9),
(263, 20),
(263, 14),
(263, 2),
(263, 1),
(263, 5),
(263, 3),
(263, 9),
(263, 15),
(263, 11),
(263, 19),
(269, 13),
(269, 7),
(269, 18),
(269, 1),
(269, 17),
(269, 12),
(269, 6),
(269, 9),
(269, 14),
(269, 5),
(277, 12),
(277, 3),
(277, 20),
(277, 13),
(277, 10),
(277, 8),
(277, 9),
(277, 2),
(277, 5),
(277, 1),
(283, 10),
(283, 4),
(283, 20),
(283, 19),
(283, 14),
(283, 18),
(283, 7),
(283, 9),
(283, 17),
(283, 13),
(290, 7),
(290, 20),
(290, 3),
(290, 15),
(290, 4),
(290, 16),
(290, 18),
(290, 8),
(290, 17),
(290, 13),
(297, 15),
(297, 20),
(297, 2),
(297, 6),
(297, 19),
(297, 10),
(297, 8),
(297, 1),
(297, 12),
(297, 16),
(303, 4),
(303, 16),
(303, 14),
(303, 12),
(303, 11),
(303, 10),
(303, 5),
(303, 20),
(303, 17),
(303, 18),
(312, 3),
(312, 13),
(312, 2),
(312, 19),
(312, 9),
(312, 1),
(312, 5),
(312, 18),
(312, 17),
(312, 11),
(317, 16),
(317, 13),
(317, 8),
(317, 18),
(317, 20),
(317, 2),
(317, 4),
(317, 5),
(317, 14),
(317, 17),
(321, 12),
(321, 7),
(321, 20),
(321, 2),
(321, 11),
(321, 10),
(321, 3),
(321, 9),
(321, 19),
(321, 4),
(346, 10),
(346, 18),
(346, 4),
(346, 17),
(346, 14),
(346, 7),
(346, 6),
(346, 12),
(346, 5),
(346, 8),
(355, 2),
(355, 9),
(355, 10),
(355, 13),
(355, 18),
(355, 5);
INSERT INTO PUBLIC.LAWS_SUPPORTERS(LAW_MODEL_ID, SUPPORTERS_ID) VALUES
(355, 7),
(355, 4),
(355, 16),
(355, 1),
(359, 5),
(359, 16),
(359, 10),
(359, 6),
(359, 17),
(359, 11),
(359, 4),
(359, 14),
(359, 3),
(359, 19),
(363, 12),
(363, 9),
(363, 1),
(363, 16),
(363, 4),
(363, 8),
(363, 13),
(363, 18),
(363, 6),
(363, 11),
(372, 11),
(372, 13),
(372, 16),
(372, 1),
(372, 14),
(372, 15),
(372, 10),
(372, 12),
(372, 8),
(372, 19),
(394, 20),
(394, 2),
(394, 19),
(394, 15),
(394, 11),
(394, 5),
(394, 4),
(394, 13),
(394, 17),
(394, 7),
(394, 9),
(394, 3),
(394, 8),
(394, 10),
(394, 12),
(394, 16),
(394, 14),
(394, 6),
(395, 10),
(395, 5),
(395, 6),
(395, 19),
(395, 16),
(395, 18),
(395, 15),
(395, 3),
(395, 4),
(395, 2),
(395, 11),
(395, 14),
(395, 17),
(395, 7),
(395, 12),
(395, 20);
CREATE MEMORY TABLE PUBLIC.ONE_TIME_TOKEN(
ID BIGINT NOT NULL,
CREATED_AT TIMESTAMP NOT NULL,
UPDATED_AT TIMESTAMP NOT NULL,
TOKEN VARCHAR(255) NOT NULL,
TOKEN_TYPE INTEGER NOT NULL,
VALID_UNTIL TIMESTAMP NOT NULL,
USER_ID BIGINT NOT NULL
);
ALTER TABLE PUBLIC.ONE_TIME_TOKEN ADD CONSTRAINT PUBLIC.CONSTRAINT_4 PRIMARY KEY(ID);
-- 0 +/- SELECT COUNT(*) FROM PUBLIC.ONE_TIME_TOKEN;
CREATE MEMORY TABLE PUBLIC.POLLS(
ID BIGINT NOT NULL,
CREATED_AT TIMESTAMP NOT NULL,
UPDATED_AT TIMESTAMP NOT NULL,
DUEL_MATRIX VARCHAR(255),
STATUS INTEGER,
TITLE VARCHAR(255),
VOTING_END_AT TIMESTAMP,
VOTING_START_AT TIMESTAMP,
WINNER_ID BIGINT
);
ALTER TABLE PUBLIC.POLLS ADD CONSTRAINT PUBLIC.CONSTRAINT_48 PRIMARY KEY(ID);
-- 4 +/- SELECT COUNT(*) FROM PUBLIC.POLLS;
INSERT INTO PUBLIC.POLLS(ID, CREATED_AT, UPDATED_AT, DUEL_MATRIX, STATUS, TITLE, VOTING_END_AT, VOTING_START_AT, WINNER_ID) VALUES
(239, TIMESTAMP '2019-08-20 11:13:00.575', TIMESTAMP '2019-08-20 11:13:00.575', '', 0, 'Poll from TestDataCreator 126', TIMESTAMP '2019-09-24 00:00:00', TIMESTAMP '2019-09-10 00:00:00', NULL),
(268, TIMESTAMP '2019-08-12 11:13:01.515', TIMESTAMP '2019-08-27 11:13:01.686', '', 1, 'Poll in voting phase 1624', TIMESTAMP '2019-09-09 00:00:00', TIMESTAMP '2019-08-26 11:13:01.624', NULL),
(302, TIMESTAMP '2019-08-12 11:13:02.18', TIMESTAMP '2019-08-27 11:13:11.683', '[]', 1, 'Poll in voting phase 2253', TIMESTAMP '2019-09-09 00:00:00', TIMESTAMP '2019-08-26 11:13:02.233', NULL),
(354, TIMESTAMP '2019-07-25 11:13:12.008', TIMESTAMP '2019-08-27 11:13:17.522', '[[0,9,11,8,10],[6,0,9,4,7],[5,7,0,6,6],[8,10,10,0,12],[6,9,9,4,0]]', 2, 'Finished Poll 1990', TIMESTAMP '2019-08-27 11:13:17.46', TIMESTAMP '2019-08-08 11:13:11.99', 355);
CREATE MEMORY TABLE PUBLIC.USERS(
ID BIGINT NOT NULL,
CREATED_AT TIMESTAMP NOT NULL,
UPDATED_AT TIMESTAMP NOT NULL,
EMAIL VARCHAR(255) NOT NULL,
LAST_LOGIN TIMESTAMP,
MOBILEPHONE VARCHAR(255),
NAME VARCHAR(255),
PICTURE VARCHAR(255),
WEBSITE VARCHAR(255)
);
ALTER TABLE PUBLIC.USERS ADD CONSTRAINT PUBLIC.CONSTRAINT_4D PRIMARY KEY(ID);
-- 20 +/- SELECT COUNT(*) FROM PUBLIC.USERS;
INSERT INTO PUBLIC.USERS(ID, CREATED_AT, UPDATED_AT, EMAIL, LAST_LOGIN, MOBILEPHONE, NAME, PICTURE, WEBSITE) VALUES
(1, TIMESTAMP '2019-08-27 11:12:40.804', TIMESTAMP '2019-08-27 11:12:40.804', 'testuser1@liquido.de', NULL, '+49123451', 'Donald Duck', '/static/img/photos/1.png', 'http://www.liquido.de'),
(2, TIMESTAMP '2019-08-27 11:12:40.96', TIMESTAMP '2019-08-27 11:12:40.96', 'testuser2@liquido.de', NULL, '+49123452', 'Test User2', '/static/img/photos/2.png', 'http://www.liquido.de'),
(3, TIMESTAMP '2019-08-27 11:12:40.975', TIMESTAMP '2019-08-27 11:12:40.975', 'testuser3@liquido.de', NULL, '+49123453', 'Test User3', '/static/img/photos/3.png', 'http://www.liquido.de'),
(4, TIMESTAMP '2019-08-27 11:12:40.975', TIMESTAMP '2019-08-27 11:12:40.975', 'testuser4@liquido.de', NULL, '+49123454', 'Test User4', '/static/img/photos/1.png', 'http://www.liquido.de'),
(5, TIMESTAMP '2019-08-27 11:12:40.991', TIMESTAMP '2019-08-27 11:12:40.991', 'testuser5@liquido.de', NULL, '+49123455', 'Test User5', '/static/img/photos/2.png', 'http://www.liquido.de'),
(6, TIMESTAMP '2019-08-27 11:12:40.991', TIMESTAMP '2019-08-27 11:12:40.991', 'testuser6@liquido.de', NULL, '+49123456', 'Test User6', '/static/img/photos/3.png', 'http://www.liquido.de'),
(7, TIMESTAMP '2019-08-27 11:12:41.007', TIMESTAMP '2019-08-27 11:12:41.007', 'testuser7@liquido.de', NULL, '+49123457', 'Test User7', '/static/img/photos/1.png', 'http://www.liquido.de'),
(8, TIMESTAMP '2019-08-27 11:12:41.022', TIMESTAMP '2019-08-27 11:12:41.022', 'testuser8@liquido.de', NULL, '+49123458', 'Test User8', '/static/img/photos/2.png', 'http://www.liquido.de'),
(9, TIMESTAMP '2019-08-27 11:12:41.022', TIMESTAMP '2019-08-27 11:12:41.022', 'testuser9@liquido.de', NULL, '+49123459', 'Test User9', '/static/img/photos/3.png', 'http://www.liquido.de'),
(10, TIMESTAMP '2019-08-27 11:12:41.038', TIMESTAMP '2019-08-27 11:12:41.038', 'testuser10@liquido.de', NULL, '+491234510', 'Test User10', '/static/img/photos/1.png', 'http://www.liquido.de'),
(11, TIMESTAMP '2019-08-27 11:12:41.038', TIMESTAMP '2019-08-27 11:12:41.038', 'testuser11@liquido.de', NULL, '+491234511', 'Test User11', '/static/img/photos/2.png', 'http://www.liquido.de'),
(12, TIMESTAMP '2019-08-27 11:12:41.053', TIMESTAMP '2019-08-27 11:12:41.053', 'testuser12@liquido.de', NULL, '+491234512', 'Test User12', '/static/img/photos/3.png', 'http://www.liquido.de'),
(13, TIMESTAMP '2019-08-27 11:12:41.069', TIMESTAMP '2019-08-27 11:12:41.069', 'testuser13@liquido.de', NULL, '+491234513', 'Test User13', '/static/img/photos/1.png', 'http://www.liquido.de'),
(14, TIMESTAMP '2019-08-27 11:12:41.085', TIMESTAMP '2019-08-27 11:12:41.085', 'testuser14@liquido.de', NULL, '+491234514', 'Test User14', '/static/img/photos/2.png', 'http://www.liquido.de'),
(15, TIMESTAMP '2019-08-27 11:12:41.085', TIMESTAMP '2019-08-27 11:12:41.085', 'testuser15@liquido.de', NULL, '+491234515', 'Test User15', '/static/img/photos/3.png', 'http://www.liquido.de'),
(16, TIMESTAMP '2019-08-27 11:12:41.085', TIMESTAMP '2019-08-27 11:12:41.085', 'testuser16@liquido.de', NULL, '+491234516', 'Test User16', '/static/img/photos/1.png', 'http://www.liquido.de'),
(17, TIMESTAMP '2019-08-27 11:12:41.1', TIMESTAMP '2019-08-27 11:12:41.1', 'testuser17@liquido.de', NULL, '+491234517', 'Test User17', '/static/img/photos/2.png', 'http://www.liquido.de'),
(18, TIMESTAMP '2019-08-27 11:12:41.1', TIMESTAMP '2019-08-27 11:12:41.1', 'testuser18@liquido.de', NULL, '+491234518', 'Test User18', '/static/img/photos/3.png', 'http://www.liquido.de'),
(19, TIMESTAMP '2019-08-27 11:12:41.1', TIMESTAMP '2019-08-27 11:12:41.1', 'testuser19@liquido.de', NULL, '+491234519', 'Test User19', '/static/img/photos/1.png', 'http://www.liquido.de'),
(20, TIMESTAMP '2019-08-27 11:12:41.1', TIMESTAMP '2019-08-27 11:12:41.1', 'testuser20@liquido.de', NULL, '+491234520', 'Test User20', '/static/img/photos/2.png', 'http://www.liquido.de');
-- 0 +/- SELECT COUNT(*) FROM PUBLIC.QRTZ_CALENDARS;
-- 0 +/- SELECT COUNT(*) FROM PUBLIC.QRTZ_CRON_TRIGGERS;
-- 0 +/- SELECT COUNT(*) FROM PUBLIC.QRTZ_FIRED_TRIGGERS;
-- 0 +/- SELECT COUNT(*) FROM PUBLIC.QRTZ_PAUSED_TRIGGER_GRPS;
-- 0 +/- SELECT COUNT(*) FROM PUBLIC.QRTZ_SCHEDULER_STATE;
-- 0 +/- SELECT COUNT(*) FROM PUBLIC.QRTZ_LOCKS;
-- 0 +/- SELECT COUNT(*) FROM PUBLIC.QRTZ_JOB_DETAILS;
-- 0 +/- SELECT COUNT(*) FROM PUBLIC.QRTZ_SIMPLE_TRIGGERS;
-- 0 +/- SELECT COUNT(*) FROM PUBLIC.QRTZ_SIMPROP_TRIGGERS;
-- 0 +/- SELECT COUNT(*) FROM PUBLIC.QRTZ_BLOB_TRIGGERS;
-- 0 +/- SELECT COUNT(*) FROM PUBLIC.QRTZ_TRIGGERS;
ALTER TABLE PUBLIC.AREAS ADD CONSTRAINT PUBLIC.UK_P61HNJ1M450KNDUSCXOLDCHFJ UNIQUE(TITLE);
ALTER TABLE PUBLIC.KEY_VALUE ADD CONSTRAINT PUBLIC.UK_8TE0DHIEXEOWA1RGVA302TO1L UNIQUE(KEY_COL);
ALTER TABLE PUBLIC.USERS ADD CONSTRAINT PUBLIC.UK_6DOTKOTT2KJSP8VW4D0M25FB7 UNIQUE(EMAIL);
ALTER TABLE PUBLIC.LAWS ADD CONSTRAINT PUBLIC.UK_BS516OPV3HONTPTWVPIOOS72B UNIQUE(TITLE);
ALTER TABLE PUBLIC.DELEGATIONS ADD CONSTRAINT PUBLIC.UK2WYH7POIF8NPDWLUR8DFORD0J UNIQUE(AREA_ID, FROM_USER_ID);
ALTER TABLE PUBLIC.LAWS_COMMENTS ADD CONSTRAINT PUBLIC.UK_OF3YV6X3MAHJPHJBJE5XHRXC8 UNIQUE(COMMENTS_ID);
ALTER TABLE PUBLIC.BALLOTS ADD CONSTRAINT PUBLIC.UKHWWEPK8N3CE54LEREWX2FMYXF UNIQUE(POLL_ID, CHECKSUM);
ALTER TABLE PUBLIC.USERS ADD CONSTRAINT PUBLIC.UK_70QE9WOFM8UJ2PEANWKPHERRM UNIQUE(MOBILEPHONE);
ALTER TABLE PUBLIC.CHECKSUMS ADD CONSTRAINT PUBLIC.UKL0XNKLNHLK4PTWSU9B0QXTYBN UNIQUE(AREA_ID, PUBLIC_PROXY_ID);
ALTER TABLE PUBLIC.AREAS ADD CONSTRAINT PUBLIC.FKP9N0U4HM2Q1O7V0068C8GD4EL FOREIGN KEY(CREATED_BY_ID) REFERENCES PUBLIC.USERS(ID) NOCHECK;
ALTER TABLE PUBLIC.DELEGATIONS ADD CONSTRAINT PUBLIC.FK1Y1R0D478R9NTDMUIYKKUHADV FOREIGN KEY(REQUESTED_DELEGATION_FROM_CHECKSUM_CHECKSUM) REFERENCES PUBLIC.CHECKSUMS(CHECKSUM) NOCHECK;
ALTER TABLE PUBLIC.DELEGATIONS ADD CONSTRAINT PUBLIC.FKSWBDEOVC7HSQ5EX30PBMDU9D4 FOREIGN KEY(AREA_ID) REFERENCES PUBLIC.AREAS(ID) NOCHECK;
ALTER TABLE PUBLIC.LAWS ADD CONSTRAINT PUBLIC.FK4QUHD81MM84X6RQ0CCBXSEYXX FOREIGN KEY(POLL_ID) REFERENCES PUBLIC.POLLS(ID) NOCHECK;
ALTER TABLE PUBLIC.LAWS_SUPPORTERS ADD CONSTRAINT PUBLIC.FK9B4I87YIKUCHRIRFJAYMGOHE3 FOREIGN KEY(LAW_MODEL_ID) REFERENCES PUBLIC.LAWS(ID) NOCHECK;
ALTER TABLE PUBLIC.BALLOTS ADD CONSTRAINT PUBLIC.FKOG7SHPLJ1CCOH8N9AO4Y16LQ3 FOREIGN KEY(POLL_ID) REFERENCES PUBLIC.POLLS(ID) NOCHECK;
ALTER TABLE PUBLIC.COMMENTS_DOWN_VOTERS ADD CONSTRAINT PUBLIC.FK62ILAC17TG4CPKRHEONUD72HV FOREIGN KEY(DOWN_VOTERS_ID) REFERENCES PUBLIC.USERS(ID) NOCHECK;
ALTER TABLE PUBLIC.CHECKSUMS ADD CONSTRAINT PUBLIC.FKDFLPSE9FSOGY1FMFDY2W79RG FOREIGN KEY(DELEGATED_TO_CHECKSUM) REFERENCES PUBLIC.CHECKSUMS(CHECKSUM) NOCHECK;
ALTER TABLE PUBLIC.BALLOTS_VOTE_ORDER ADD CONSTRAINT PUBLIC.FKIH6THEWVJEH3OW9DL1YTJ9AWB FOREIGN KEY(BALLOT_MODEL_ID) REFERENCES PUBLIC.BALLOTS(ID) NOCHECK;
ALTER TABLE PUBLIC.COMMENTS ADD CONSTRAINT PUBLIC.FK7PUWBWE4YL8B2O32R798UW8Q7 FOREIGN KEY(PROPOSAL_ID) REFERENCES PUBLIC.LAWS(ID) NOCHECK;
ALTER TABLE PUBLIC.CHECKSUMS ADD CONSTRAINT PUBLIC.FK68FTLVL0MWTVOQD3BFUPP0XRG FOREIGN KEY(PUBLIC_PROXY_ID) REFERENCES PUBLIC.USERS(ID) NOCHECK;
ALTER TABLE PUBLIC.LAWS ADD CONSTRAINT PUBLIC.FKTR1PLL46Q50SHWBFFYIYUAVGN FOREIGN KEY(CREATED_BY_ID) REFERENCES PUBLIC.USERS(ID) NOCHECK;
ALTER TABLE PUBLIC.ONE_TIME_TOKEN ADD CONSTRAINT PUBLIC.FK4O21XT1RMRICB3EA4TO5NKR8D FOREIGN KEY(USER_ID) REFERENCES PUBLIC.USERS(ID) NOCHECK;
ALTER TABLE PUBLIC.BALLOTS_VOTE_ORDER ADD CONSTRAINT PUBLIC.FKOWD5MAD84QVWGST43698A6GX5 FOREIGN KEY(VOTE_ORDER_ID) REFERENCES PUBLIC.LAWS(ID) NOCHECK;
ALTER TABLE PUBLIC.COMMENTS ADD CONSTRAINT PUBLIC.FKAKKM6QFYDU7VGNFNE1YO0XMED FOREIGN KEY(CREATED_BY_ID) REFERENCES PUBLIC.USERS(ID) NOCHECK;
ALTER TABLE PUBLIC.DELEGATIONS ADD CONSTRAINT PUBLIC.FK21A6LG8FU2JS6E0JU41WJ2GQP FOREIGN KEY(TO_PROXY_ID) REFERENCES PUBLIC.USERS(ID) NOCHECK;
ALTER TABLE PUBLIC.LAWS_COMMENTS ADD CONSTRAINT PUBLIC.FK36FBKIUITRV0YRVY8S0IG46IX FOREIGN KEY(LAW_MODEL_ID) REFERENCES PUBLIC.LAWS(ID) NOCHECK;
ALTER TABLE PUBLIC.POLLS ADD CONSTRAINT PUBLIC.FKQADOVSMQ4UOK58SP9HKHWJQIS FOREIGN KEY(WINNER_ID) REFERENCES PUBLIC.LAWS(ID) NOCHECK;
ALTER TABLE PUBLIC.DELEGATIONS ADD CONSTRAINT PUBLIC.FK9KOYA2MI6T18VF7U1FROBKNIQ FOREIGN KEY(FROM_USER_ID) REFERENCES PUBLIC.USERS(ID) NOCHECK;
ALTER TABLE PUBLIC.BALLOTS ADD CONSTRAINT PUBLIC.FK1RRV2WY16UQONFL9CR1CQG2XD FOREIGN KEY(CHECKSUM) REFERENCES PUBLIC.CHECKSUMS(CHECKSUM) NOCHECK;
ALTER TABLE PUBLIC.LAWS ADD CONSTRAINT PUBLIC.FK9VIQDJ5LDUN0AHWQDFF1WUY39 FOREIGN KEY(AREA_ID) REFERENCES PUBLIC.AREAS(ID) NOCHECK;
ALTER TABLE PUBLIC.LAWS_COMMENTS ADD CONSTRAINT PUBLIC.FKFL0Y4QFVFPF9YNMMFJ0JEVXFF FOREIGN KEY(COMMENTS_ID) REFERENCES PUBLIC.COMMENTS(ID) NOCHECK;
ALTER TABLE PUBLIC.COMMENTS_UP_VOTERS ADD CONSTRAINT PUBLIC.FKEUURM027PDC4L5A9G9O2L0UYD FOREIGN KEY(UP_VOTERS_ID) REFERENCES PUBLIC.USERS(ID) NOCHECK;
ALTER TABLE PUBLIC.COMMENTS ADD CONSTRAINT PUBLIC.FKLRI30OKF66PHTCGBE5POK7CC0 FOREIGN KEY(PARENT_ID) REFERENCES PUBLIC.COMMENTS(ID) NOCHECK;
ALTER TABLE PUBLIC.COMMENTS_UP_VOTERS ADD CONSTRAINT PUBLIC.FK8LS8T571Y99VTTW1MDKEBXAGP FOREIGN KEY(COMMENT_MODEL_ID) REFERENCES PUBLIC.COMMENTS(ID) NOCHECK;
ALTER TABLE PUBLIC.LAWS_SUPPORTERS ADD CONSTRAINT PUBLIC.FKK8MVJC4RQ970OJAVYFIA9BQVE FOREIGN KEY(SUPPORTERS_ID) REFERENCES PUBLIC.USERS(ID) NOCHECK;
ALTER TABLE PUBLIC.COMMENTS_DOWN_VOTERS ADD CONSTRAINT PUBLIC.FKJYMYJ54LENHS4KE6MYQHLY72 FOREIGN KEY(COMMENT_MODEL_ID) REFERENCES PUBLIC.COMMENTS(ID) NOCHECK;
ALTER TABLE PUBLIC.CHECKSUMS ADD CONSTRAINT PUBLIC.FKLLW57XBW0D67OPTMWFMU3P2PC FOREIGN KEY(AREA_ID) REFERENCES PUBLIC.AREAS(ID) NOCHECK;
