SET DB_CLOSE_DELAY -1;
;
CREATE USER IF NOT EXISTS SA SALT '7e1fde76ab298d7a' HASH '5858522702e106d22685cea5427920cafd0b18aa212f25805a6ce1adde730f14' ADMIN;
CREATE SEQUENCE PUBLIC.HIBERNATE_SEQUENCE START WITH 348;
CREATE MEMORY TABLE PUBLIC.AREAS(
ID BIGINT NOT NULL,
CREATED_AT TIMESTAMP NOT NULL,
UPDATED_AT TIMESTAMP NOT NULL,
DESCRIPTION VARCHAR(255) NOT NULL,
TITLE VARCHAR(255) NOT NULL,
CREATED_BY_ID BIGINT NOT NULL
);
ALTER TABLE PUBLIC.AREAS ADD CONSTRAINT PUBLIC.CONSTRAINT_3 PRIMARY KEY(ID);
-- 10 +/- SELECT COUNT(*) FROM PUBLIC.AREAS;
INSERT INTO PUBLIC.AREAS(ID, CREATED_AT, UPDATED_AT, DESCRIPTION, TITLE, CREATED_BY_ID) VALUES
(21, TIMESTAMP '2018-12-24 00:17:29.739', TIMESTAMP '2018-12-24 00:17:29.739', 'Nice description for test area #0', 'Area 0', 1),
(22, TIMESTAMP '2018-12-24 00:17:29.742', TIMESTAMP '2018-12-24 00:17:29.742', 'Nice description for test area #1', 'Area 1', 1),
(23, TIMESTAMP '2018-12-24 00:17:29.744', TIMESTAMP '2018-12-24 00:17:29.744', 'Nice description for test area #2', 'Area 2', 1),
(24, TIMESTAMP '2018-12-24 00:17:29.747', TIMESTAMP '2018-12-24 00:17:29.747', 'Nice description for test area #3', 'Area 3', 1),
(25, TIMESTAMP '2018-12-24 00:17:29.75', TIMESTAMP '2018-12-24 00:17:29.75', 'Nice description for test area #4', 'Area 4', 1),
(26, TIMESTAMP '2018-12-24 00:17:29.753', TIMESTAMP '2018-12-24 00:17:29.753', 'Nice description for test area #5', 'Area 5', 1),
(27, TIMESTAMP '2018-12-24 00:17:29.755', TIMESTAMP '2018-12-24 00:17:29.755', 'Nice description for test area #6', 'Area 6', 1),
(28, TIMESTAMP '2018-12-24 00:17:29.757', TIMESTAMP '2018-12-24 00:17:29.757', 'Nice description for test area #7', 'Area 7', 1),
(29, TIMESTAMP '2018-12-24 00:17:29.76', TIMESTAMP '2018-12-24 00:17:29.76', 'Nice description for test area #8', 'Area 8', 1),
(30, TIMESTAMP '2018-12-24 00:17:29.763', TIMESTAMP '2018-12-24 00:17:29.763', 'Nice description for test area #9', 'Area 9', 1);
CREATE MEMORY TABLE PUBLIC.BALLOTS(
ID BIGINT NOT NULL,
LEVEL INTEGER NOT NULL,
VOTE_COUNT INTEGER NOT NULL,
CHECKSUM VARCHAR(255) NOT NULL,
POLL_ID BIGINT NOT NULL
);
ALTER TABLE PUBLIC.BALLOTS ADD CONSTRAINT PUBLIC.CONSTRAINT_1 PRIMARY KEY(ID);
-- 32 +/- SELECT COUNT(*) FROM PUBLIC.BALLOTS;
INSERT INTO PUBLIC.BALLOTS(ID, LEVEL, VOTE_COUNT, CHECKSUM, POLL_ID) VALUES
(278, 0, 1, '$2a$10$1IdrGrRAN2Wp3U7QI.JIzuuViLszDdeyBQZ4QNjYJJWIYI5M2O3G2', 249),
(279, 0, 1, '$2a$10$1IdrGrRAN2Wp3U7QI.JIzuDl5QTomD0jkJDoG.VH7LgF6BaMi7mUu', 249),
(280, 0, 4, '$2a$10$1IdrGrRAN2Wp3U7QI.JIzumrB8gg15WYrl/9Od2a/lKdcXxyoRqYe', 249),
(281, 0, 1, '$2a$10$1IdrGrRAN2Wp3U7QI.JIzu0U7xajdi9.MlI8tTpf7ZVQmMn3XTPaq', 249),
(282, 0, 1, '$2a$10$1IdrGrRAN2Wp3U7QI.JIzuA2amXnXPKlVvjlg62SZ08/U45S1krWS', 249),
(283, 0, 1, '$2a$10$1IdrGrRAN2Wp3U7QI.JIzuQi87d/P3rgtaiDqqegSB4vu2sByXkly', 249),
(284, 0, 2, '$2a$10$1IdrGrRAN2Wp3U7QI.JIzumF7aPaiUyhTd0m56K/SiA71ec5pLFu2', 249),
(285, 1, 1, '$2a$10$1IdrGrRAN2Wp3U7QI.JIzu9jY7URudOBmsrn4SD7Sp2bRAti6ztwK', 249),
(286, 0, 1, '$2a$10$1IdrGrRAN2Wp3U7QI.JIzuaW/fGb8Z2mJgsKxYwe5.NrtAFNxSQVS', 249),
(287, 0, 1, '$2a$10$1IdrGrRAN2Wp3U7QI.JIzuWb3cSZmVC9yx83VYQxwLFYSL5g8IoRy', 249),
(288, 0, 1, '$2a$10$1IdrGrRAN2Wp3U7QI.JIzuaXivFiTa4cwzBq6IwpHyvmd9OIEIHwW', 249),
(289, 0, 1, '$2a$10$1IdrGrRAN2Wp3U7QI.JIzuYTSKjBSu3cADo/STK5moSHUhn6NKcyS', 249),
(290, 0, 1, '$2a$10$1IdrGrRAN2Wp3U7QI.JIzuYun6DCp3DqD0HkMSxupTiHcONZRP0YC', 249),
(291, 0, 1, '$2a$10$1IdrGrRAN2Wp3U7QI.JIzuj/DUpsANoEk4usC10lyWBvgCY2jpdQ6', 249),
(292, 0, 1, '$2a$10$1IdrGrRAN2Wp3U7QI.JIzukT2e4dWh2jhcsPdh.C5JEqMyz08zCoa', 249),
(293, 0, 1, '$2a$10$1IdrGrRAN2Wp3U7QI.JIzuRe9KBAxYEu.ylAyhV50ek90rELSRGqG', 249),
(330, 0, 1, '$2a$10$1IdrGrRAN2Wp3U7QI.JIzuuViLszDdeyBQZ4QNjYJJWIYI5M2O3G2', 301),
(331, 0, 1, '$2a$10$1IdrGrRAN2Wp3U7QI.JIzuDl5QTomD0jkJDoG.VH7LgF6BaMi7mUu', 301),
(332, 0, 4, '$2a$10$1IdrGrRAN2Wp3U7QI.JIzumrB8gg15WYrl/9Od2a/lKdcXxyoRqYe', 301),
(333, 0, 1, '$2a$10$1IdrGrRAN2Wp3U7QI.JIzu0U7xajdi9.MlI8tTpf7ZVQmMn3XTPaq', 301),
(334, 0, 1, '$2a$10$1IdrGrRAN2Wp3U7QI.JIzuA2amXnXPKlVvjlg62SZ08/U45S1krWS', 301),
(335, 0, 1, '$2a$10$1IdrGrRAN2Wp3U7QI.JIzuQi87d/P3rgtaiDqqegSB4vu2sByXkly', 301),
(336, 0, 2, '$2a$10$1IdrGrRAN2Wp3U7QI.JIzumF7aPaiUyhTd0m56K/SiA71ec5pLFu2', 301),
(337, 1, 1, '$2a$10$1IdrGrRAN2Wp3U7QI.JIzu9jY7URudOBmsrn4SD7Sp2bRAti6ztwK', 301),
(338, 0, 1, '$2a$10$1IdrGrRAN2Wp3U7QI.JIzuaW/fGb8Z2mJgsKxYwe5.NrtAFNxSQVS', 301),
(339, 0, 1, '$2a$10$1IdrGrRAN2Wp3U7QI.JIzuWb3cSZmVC9yx83VYQxwLFYSL5g8IoRy', 301),
(340, 0, 1, '$2a$10$1IdrGrRAN2Wp3U7QI.JIzuaXivFiTa4cwzBq6IwpHyvmd9OIEIHwW', 301),
(341, 0, 1, '$2a$10$1IdrGrRAN2Wp3U7QI.JIzuYTSKjBSu3cADo/STK5moSHUhn6NKcyS', 301),
(342, 0, 1, '$2a$10$1IdrGrRAN2Wp3U7QI.JIzuYun6DCp3DqD0HkMSxupTiHcONZRP0YC', 301),
(343, 0, 1, '$2a$10$1IdrGrRAN2Wp3U7QI.JIzuj/DUpsANoEk4usC10lyWBvgCY2jpdQ6', 301),
(344, 0, 1, '$2a$10$1IdrGrRAN2Wp3U7QI.JIzukT2e4dWh2jhcsPdh.C5JEqMyz08zCoa', 301),
(345, 0, 1, '$2a$10$1IdrGrRAN2Wp3U7QI.JIzuRe9KBAxYEu.ylAyhV50ek90rELSRGqG', 301);
CREATE MEMORY TABLE PUBLIC.BALLOTS_VOTE_ORDER(
BALLOT_MODEL_ID BIGINT NOT NULL,
VOTE_ORDER_ID BIGINT NOT NULL,
VOTE_ORDER_ORDER INTEGER NOT NULL
);
ALTER TABLE PUBLIC.BALLOTS_VOTE_ORDER ADD CONSTRAINT PUBLIC.CONSTRAINT_5 PRIMARY KEY(BALLOT_MODEL_ID, VOTE_ORDER_ORDER);
-- 127 +/- SELECT COUNT(*) FROM PUBLIC.BALLOTS_VOTE_ORDER;
INSERT INTO PUBLIC.BALLOTS_VOTE_ORDER(BALLOT_MODEL_ID, VOTE_ORDER_ID, VOTE_ORDER_ORDER) VALUES
(278, 271, 0),
(278, 264, 1),
(278, 250, 2),
(278, 257, 3),
(278, 242, 4),
(279, 271, 0),
(279, 257, 1),
(279, 250, 2),
(279, 242, 3),
(285, 257, 0),
(285, 264, 1),
(285, 242, 2),
(285, 271, 3),
(286, 242, 0),
(286, 271, 1),
(286, 264, 2),
(286, 257, 3),
(286, 250, 4),
(281, 271, 0),
(281, 264, 1),
(281, 250, 2),
(281, 257, 3),
(281, 242, 4),
(282, 250, 0),
(282, 271, 1),
(282, 264, 2),
(282, 257, 3),
(282, 242, 4),
(287, 250, 0),
(287, 242, 1),
(287, 264, 2),
(287, 271, 3),
(288, 271, 0),
(288, 264, 1),
(288, 257, 2),
(288, 250, 3),
(288, 242, 4),
(289, 242, 0),
(289, 250, 1),
(289, 257, 2),
(289, 264, 3),
(289, 271, 4),
(290, 264, 0),
(290, 271, 1),
(290, 257, 2),
(290, 242, 3),
(290, 250, 4),
(291, 271, 0),
(291, 257, 1),
(291, 264, 2),
(291, 242, 3),
(291, 250, 4),
(292, 242, 0),
(292, 250, 1),
(292, 257, 2),
(292, 264, 3),
(293, 250, 0),
(293, 271, 1),
(293, 242, 2),
(293, 264, 3),
(293, 257, 4),
(283, 271, 0),
(283, 264, 1),
(283, 242, 2),
(283, 250, 3),
(283, 257, 4),
(330, 323, 0),
(330, 316, 1),
(330, 309, 2),
(330, 302, 3),
(331, 323, 0),
(331, 309, 1),
(331, 302, 2),
(331, 294, 3),
(337, 294, 0),
(337, 302, 1),
(337, 309, 2),
(337, 316, 3),
(337, 323, 4),
(338, 323, 0),
(338, 294, 1),
(338, 316, 2),
(338, 309, 3),
(333, 316, 0),
(333, 323, 1),
(333, 309, 2),
(333, 294, 3),
(333, 302, 4),
(334, 323, 0),
(334, 316, 1),
(334, 294, 2),
(334, 309, 3),
(334, 302, 4),
(339, 316, 0),
(339, 309, 1),
(339, 302, 2),
(340, 302, 0),
(340, 323, 1),
(340, 309, 2),
(340, 294, 3),
(341, 309, 0),
(341, 323, 1),
(341, 302, 2),
(341, 294, 3),
(342, 309, 0),
(342, 323, 1),
(342, 316, 2),
(342, 302, 3),
(342, 294, 4),
(343, 302, 0),
(343, 294, 1),
(343, 309, 2),
(343, 316, 3),
(343, 323, 4),
(344, 302, 0),
(344, 294, 1),
(344, 323, 2),
(344, 316, 3),
(345, 316, 0),
(345, 309, 1),
(345, 294, 2),
(345, 302, 3),
(345, 323, 4),
(335, 294, 0),
(335, 302, 1),
(335, 309, 2),
(335, 323, 3);
CREATE MEMORY TABLE PUBLIC.CHECKSUMS(
CHECKSUM VARCHAR(255) NOT NULL,
EXPIRES_AT TIMESTAMP,
TRANSITIVE BOOLEAN NOT NULL,
AREA_ID BIGINT,
DELEGATED_TO_CHECKSUM VARCHAR(255),
PUBLIC_PROXY_ID BIGINT
);
ALTER TABLE PUBLIC.CHECKSUMS ADD CONSTRAINT PUBLIC.CONSTRAINT_B PRIMARY KEY(CHECKSUM);
-- 18 +/- SELECT COUNT(*) FROM PUBLIC.CHECKSUMS;
INSERT INTO PUBLIC.CHECKSUMS(CHECKSUM, EXPIRES_AT, TRANSITIVE, AREA_ID, DELEGATED_TO_CHECKSUM, PUBLIC_PROXY_ID) VALUES
('$2a$10$1IdrGrRAN2Wp3U7QI.JIzueyGOu7FMMyyMJw3bvzEU2elpOrru8sy', TIMESTAMP '2018-12-25 00:17:31.229', TRUE, 21, NULL, 1),
('$2a$10$1IdrGrRAN2Wp3U7QI.JIzu9jY7URudOBmsrn4SD7Sp2bRAti6ztwK', TIMESTAMP '2018-12-25 00:17:32.787', TRUE, 21, '$2a$10$1IdrGrRAN2Wp3U7QI.JIzumF7aPaiUyhTd0m56K/SiA71ec5pLFu2', 6),
('$2a$10$1IdrGrRAN2Wp3U7QI.JIzuIvB5fBvUb/y3tpzb1Xahzu9k87H3HZ.', TIMESTAMP '2018-12-25 00:17:32.946', TRUE, 21, '$2a$10$1IdrGrRAN2Wp3U7QI.JIzueyGOu7FMMyyMJw3bvzEU2elpOrru8sy', 4),
('$2a$10$1IdrGrRAN2Wp3U7QI.JIzuuViLszDdeyBQZ4QNjYJJWIYI5M2O3G2', TIMESTAMP '2018-12-25 00:17:43.783', TRUE, 21, NULL, 13),
('$2a$10$1IdrGrRAN2Wp3U7QI.JIzuDl5QTomD0jkJDoG.VH7LgF6BaMi7mUu', TIMESTAMP '2018-12-25 00:17:44.029', TRUE, 21, NULL, 15),
('$2a$10$1IdrGrRAN2Wp3U7QI.JIzumrB8gg15WYrl/9Od2a/lKdcXxyoRqYe', TIMESTAMP '2018-12-25 00:17:44.279', TRUE, 21, '$2a$10$1IdrGrRAN2Wp3U7QI.JIzuIvB5fBvUb/y3tpzb1Xahzu9k87H3HZ.', 7),
('$2a$10$1IdrGrRAN2Wp3U7QI.JIzumF7aPaiUyhTd0m56K/SiA71ec5pLFu2', TIMESTAMP '2018-12-25 00:17:44.558', TRUE, 21, '$2a$10$1IdrGrRAN2Wp3U7QI.JIzueyGOu7FMMyyMJw3bvzEU2elpOrru8sy', 3),
('$2a$10$1IdrGrRAN2Wp3U7QI.JIzuaW/fGb8Z2mJgsKxYwe5.NrtAFNxSQVS', TIMESTAMP '2018-12-25 00:17:44.834', TRUE, 21, NULL, 5),
('$2a$10$1IdrGrRAN2Wp3U7QI.JIzu0U7xajdi9.MlI8tTpf7ZVQmMn3XTPaq', TIMESTAMP '2018-12-25 00:17:45.097', TRUE, 21, '$2a$10$1IdrGrRAN2Wp3U7QI.JIzumrB8gg15WYrl/9Od2a/lKdcXxyoRqYe', 10),
('$2a$10$1IdrGrRAN2Wp3U7QI.JIzuA2amXnXPKlVvjlg62SZ08/U45S1krWS', TIMESTAMP '2018-12-25 00:17:45.367', TRUE, 21, '$2a$10$1IdrGrRAN2Wp3U7QI.JIzumrB8gg15WYrl/9Od2a/lKdcXxyoRqYe', 11),
('$2a$10$1IdrGrRAN2Wp3U7QI.JIzuWb3cSZmVC9yx83VYQxwLFYSL5g8IoRy', TIMESTAMP '2018-12-25 00:17:45.626', TRUE, 21, '$2a$10$1IdrGrRAN2Wp3U7QI.JIzueyGOu7FMMyyMJw3bvzEU2elpOrru8sy', NULL),
('$2a$10$1IdrGrRAN2Wp3U7QI.JIzuaXivFiTa4cwzBq6IwpHyvmd9OIEIHwW', TIMESTAMP '2018-12-25 00:17:45.871', TRUE, 21, NULL, 9),
('$2a$10$1IdrGrRAN2Wp3U7QI.JIzuYTSKjBSu3cADo/STK5moSHUhn6NKcyS', TIMESTAMP '2018-12-25 00:17:46.118', TRUE, 21, NULL, 16),
('$2a$10$1IdrGrRAN2Wp3U7QI.JIzuYun6DCp3DqD0HkMSxupTiHcONZRP0YC', TIMESTAMP '2018-12-25 00:17:46.366', TRUE, 21, NULL, 20),
('$2a$10$1IdrGrRAN2Wp3U7QI.JIzuj/DUpsANoEk4usC10lyWBvgCY2jpdQ6', TIMESTAMP '2018-12-25 00:17:46.617', TRUE, 21, NULL, 18),
('$2a$10$1IdrGrRAN2Wp3U7QI.JIzukT2e4dWh2jhcsPdh.C5JEqMyz08zCoa', TIMESTAMP '2018-12-25 00:17:46.864', TRUE, 21, NULL, 14),
('$2a$10$1IdrGrRAN2Wp3U7QI.JIzuRe9KBAxYEu.ylAyhV50ek90rELSRGqG', TIMESTAMP '2018-12-25 00:17:47.113', TRUE, 21, NULL, 19),
('$2a$10$1IdrGrRAN2Wp3U7QI.JIzuQi87d/P3rgtaiDqqegSB4vu2sByXkly', TIMESTAMP '2018-12-25 00:17:47.36', FALSE, 21, '$2a$10$1IdrGrRAN2Wp3U7QI.JIzumrB8gg15WYrl/9Od2a/lKdcXxyoRqYe', 12);
CREATE MEMORY TABLE PUBLIC.COMMENTS(
ID BIGINT NOT NULL,
CREATED_AT TIMESTAMP NOT NULL,
UPDATED_AT TIMESTAMP NOT NULL,
COMMENT VARCHAR(255) NOT NULL,
CREATED_BY_ID BIGINT NOT NULL,
PARENT_ID BIGINT
);
ALTER TABLE PUBLIC.COMMENTS ADD CONSTRAINT PUBLIC.CONSTRAINT_A PRIMARY KEY(ID);
-- 90 +/- SELECT COUNT(*) FROM PUBLIC.COMMENTS;
INSERT INTO PUBLIC.COMMENTS(ID, CREATED_AT, UPDATED_AT, COMMENT, CREATED_BY_ID, PARENT_ID) VALUES
(207, TIMESTAMP '2018-12-24 00:17:37.147', TIMESTAMP '2018-12-24 00:17:37.147', 'Comment on root level. I really like this idea, but needs to be improved.', 20, NULL),
(208, TIMESTAMP '2018-12-24 00:17:37.151', TIMESTAMP '2018-12-24 00:17:37.151', 'Reply 0 Lorem ipsum dolor sit amet, consectetur adipiscing elit, sed do eiusmod tempor incididu', 16, 207),
(209, TIMESTAMP '2018-12-24 00:17:37.153', TIMESTAMP '2018-12-24 00:17:37.153', 'Reply 1 Lorem ipsum dolor sit amet, consectetur adipiscing elit, sed do eiusmod te', 13, 207),
(210, TIMESTAMP '2018-12-24 00:17:37.155', TIMESTAMP '2018-12-24 00:17:37.155', 'Reply 2 Lorem ipsum dolor sit amet, consectetur adipiscing elit,', 17, 207),
(211, TIMESTAMP '2018-12-24 00:17:37.156', TIMESTAMP '2018-12-24 00:17:37.156', 'Reply 3 Lorem ipsum dolor sit amet, consectetur adipiscing elit, sed do eiusmod tempo', 17, 207),
(212, TIMESTAMP '2018-12-24 00:17:37.157', TIMESTAMP '2018-12-24 00:17:37.157', 'Reply 4 Lorem ipsum dolor sit amet, consectetur adipiscing elit, sed do eiusmod temp', 15, 207),
(215, TIMESTAMP '2018-12-24 00:17:37.189', TIMESTAMP '2018-12-24 00:17:37.189', 'Comment on root level. I really like this idea, but needs to be improved.', 10, NULL),
(216, TIMESTAMP '2018-12-24 00:17:37.191', TIMESTAMP '2018-12-24 00:17:37.191', 'Reply 0 Lorem ipsum dolor sit amet, consectetur adipiscing elit,', 13, 215),
(217, TIMESTAMP '2018-12-24 00:17:37.192', TIMESTAMP '2018-12-24 00:17:37.192', 'Reply 1 Lorem ipsum dolor sit amet, consectetur adipiscing elit', 3, 215),
(218, TIMESTAMP '2018-12-24 00:17:37.193', TIMESTAMP '2018-12-24 00:17:37.193', 'Reply 2 Lorem ipsum dolor sit amet, consectetur adipiscing elit,', 14, 215),
(219, TIMESTAMP '2018-12-24 00:17:37.194', TIMESTAMP '2018-12-24 00:17:37.194', 'Reply 3 Lorem ipsum dolor sit amet, consectetur adipiscing elit, sed do eiusmod tempor incidid', 3, 215),
(220, TIMESTAMP '2018-12-24 00:17:37.195', TIMESTAMP '2018-12-24 00:17:37.195', 'Reply 4 Lorem ipsum dolor sit amet, consectetur adipiscing elit, sed do eiusmod tempor incididunt ut', 17, 215),
(222, TIMESTAMP '2018-12-24 00:17:37.217', TIMESTAMP '2018-12-24 00:17:37.217', 'Comment on root level. I really like this idea, but needs to be improved.', 4, NULL),
(223, TIMESTAMP '2018-12-24 00:17:37.218', TIMESTAMP '2018-12-24 00:17:37.218', 'Reply 0 Lorem ipsum dolor sit amet,', 2, 222),
(224, TIMESTAMP '2018-12-24 00:17:37.219', TIMESTAMP '2018-12-24 00:17:37.219', 'Reply 1 Lorem ipsum dolor sit amet, consectetur adipiscing elit, sed do eiusmod tempor incididun', 8, 222),
(225, TIMESTAMP '2018-12-24 00:17:37.22', TIMESTAMP '2018-12-24 00:17:37.22', 'Reply 2 Lorem ipsum dolor sit amet, consectetur adipiscing elit, sed do eiusmod temp', 15, 222),
(226, TIMESTAMP '2018-12-24 00:17:37.222', TIMESTAMP '2018-12-24 00:17:37.222', 'Reply 3 Lorem ipsum dolor sit a', 14, 222),
(227, TIMESTAMP '2018-12-24 00:17:37.222', TIMESTAMP '2018-12-24 00:17:37.222', 'Reply 4 Lorem ipsum dolor sit amet, consectetur adipiscing elit, sed do eiusmod tempor incididunt ut labore', 13, 222),
(229, TIMESTAMP '2018-12-24 00:17:37.258', TIMESTAMP '2018-12-24 00:17:37.258', 'Comment on root level. I really like this idea, but needs to be improved.', 14, NULL),
(230, TIMESTAMP '2018-12-24 00:17:37.26', TIMESTAMP '2018-12-24 00:17:37.26', 'Reply 0 Lorem ipsum dolor sit a', 1, 229),
(231, TIMESTAMP '2018-12-24 00:17:37.262', TIMESTAMP '2018-12-24 00:17:37.262', 'Reply 1 Lorem ipsum dolor sit amet, consectetur adipiscing elit, sed do eiusmod tempor incididunt ut labore', 13, 229),
(232, TIMESTAMP '2018-12-24 00:17:37.263', TIMESTAMP '2018-12-24 00:17:37.263', 'Reply 2 Lorem ipsum dolor sit amet, co', 17, 229),
(233, TIMESTAMP '2018-12-24 00:17:37.264', TIMESTAMP '2018-12-24 00:17:37.264', 'Reply 3 Lorem ipsum dolor sit amet, consectetur adipiscing elit, ', 13, 229),
(234, TIMESTAMP '2018-12-24 00:17:37.266', TIMESTAMP '2018-12-24 00:17:37.266', 'Reply 4 Lorem ipsum dolor sit am', 4, 229),
(236, TIMESTAMP '2018-12-24 00:17:37.292', TIMESTAMP '2018-12-24 00:17:37.292', 'Comment on root level. I really like this idea, but needs to be improved.', 2, NULL);
INSERT INTO PUBLIC.COMMENTS(ID, CREATED_AT, UPDATED_AT, COMMENT, CREATED_BY_ID, PARENT_ID) VALUES
(237, TIMESTAMP '2018-12-24 00:17:37.294', TIMESTAMP '2018-12-24 00:17:37.294', 'Reply 0 Lorem ipsum dolor sit amet, consectetur adipiscing elit, sed do eius', 20, 236),
(238, TIMESTAMP '2018-12-24 00:17:37.295', TIMESTAMP '2018-12-24 00:17:37.295', 'Reply 1 Lorem ipsum dolor sit amet, consectetur adipiscing elit, sed d', 7, 236),
(239, TIMESTAMP '2018-12-24 00:17:37.296', TIMESTAMP '2018-12-24 00:17:37.296', 'Reply 2 Lorem ipsum dolor sit amet, consectetur adipiscing elit, sed do eiusmod temp', 19, 236),
(240, TIMESTAMP '2018-12-24 00:17:37.299', TIMESTAMP '2018-12-24 00:17:37.299', 'Reply 3 Lorem ipsum dolor sit amet, consectetur adipiscing elit, sed do eiusmod tempor incididunt ut l', 3, 236),
(241, TIMESTAMP '2018-12-24 00:17:37.3', TIMESTAMP '2018-12-24 00:17:37.3', 'Reply 4 Lorem ipsum dolor sit amet, consectetur ad', 17, 236),
(243, TIMESTAMP '2018-12-24 00:17:37.332', TIMESTAMP '2018-12-24 00:17:37.332', 'Comment on root level. I really like this idea, but needs to be improved.', 19, NULL),
(244, TIMESTAMP '2018-12-24 00:17:37.334', TIMESTAMP '2018-12-24 00:17:37.334', 'Reply 0 Lorem ipsum dolor sit amet, consectetur adipiscin', 14, 243),
(245, TIMESTAMP '2018-12-24 00:17:37.335', TIMESTAMP '2018-12-24 00:17:37.335', 'Reply 1 Lorem ipsum dolor sit amet, consectetur adipiscing elit, ', 3, 243),
(246, TIMESTAMP '2018-12-24 00:17:37.336', TIMESTAMP '2018-12-24 00:17:37.336', 'Reply 2 Lorem ipsum dolor sit amet, consectetur adipiscing elit, sed do eiu', 13, 243),
(247, TIMESTAMP '2018-12-24 00:17:37.337', TIMESTAMP '2018-12-24 00:17:37.337', 'Reply 3 Lorem ipsum dolor sit amet, consectetur adipiscing elit, sed do eiusmod tempor incididunt ut la', 12, 243),
(248, TIMESTAMP '2018-12-24 00:17:37.339', TIMESTAMP '2018-12-24 00:17:37.339', 'Reply 4 Lorem ipsum dolor sit amet, consectetu', 9, 243),
(251, TIMESTAMP '2018-12-24 00:17:37.357', TIMESTAMP '2018-12-24 00:17:37.357', 'Comment on root level. I really like this idea, but needs to be improved.', 16, NULL),
(252, TIMESTAMP '2018-12-24 00:17:37.359', TIMESTAMP '2018-12-24 00:17:37.359', 'Reply 0 Lorem ipsum dolor sit amet, consectetur adi', 13, 251),
(253, TIMESTAMP '2018-12-24 00:17:37.36', TIMESTAMP '2018-12-24 00:17:37.36', 'Reply 1 Lorem ipsum dolor', 17, 251),
(254, TIMESTAMP '2018-12-24 00:17:37.361', TIMESTAMP '2018-12-24 00:17:37.361', 'Reply 2 Lorem ipsum dolor sit amet, consectetur adipiscing', 11, 251),
(255, TIMESTAMP '2018-12-24 00:17:37.362', TIMESTAMP '2018-12-24 00:17:37.362', 'Reply 3 Lorem ipsum dolor sit amet, consectetur adipiscing elit, sed do eiusm', 7, 251),
(256, TIMESTAMP '2018-12-24 00:17:37.363', TIMESTAMP '2018-12-24 00:17:37.363', 'Reply 4 Lorem ipsum dolor sit amet, consectetur adipiscing elit, sed do eiusmod tempor incididunt ut ', 9, 251),
(258, TIMESTAMP '2018-12-24 00:17:37.381', TIMESTAMP '2018-12-24 00:17:37.381', 'Comment on root level. I really like this idea, but needs to be improved.', 17, NULL),
(259, TIMESTAMP '2018-12-24 00:17:37.382', TIMESTAMP '2018-12-24 00:17:37.382', 'Reply 0 Lorem ipsum dolor sit amet, consectetur adi', 9, 258),
(260, TIMESTAMP '2018-12-24 00:17:37.384', TIMESTAMP '2018-12-24 00:17:37.384', 'Reply 1 Lorem ipsum dolor sit amet, consectetur adipiscing elit, sed do eiusmod t', 2, 258),
(261, TIMESTAMP '2018-12-24 00:17:37.385', TIMESTAMP '2018-12-24 00:17:37.385', 'Reply 2 Lorem ipsum dolor sit amet, consectetur adipiscing elit, sed do eiusmod tempor inci', 12, 258),
(262, TIMESTAMP '2018-12-24 00:17:37.386', TIMESTAMP '2018-12-24 00:17:37.386', 'Reply 3 Lorem ipsum dolor sit amet, consectetur adipiscing elit, sed do ei', 17, 258),
(263, TIMESTAMP '2018-12-24 00:17:37.387', TIMESTAMP '2018-12-24 00:17:37.387', 'Reply 4 Lorem ipsum dolor sit amet, consectetur adipiscing elit, sed do eiusmod', 6, 258),
(265, TIMESTAMP '2018-12-24 00:17:37.411', TIMESTAMP '2018-12-24 00:17:37.411', 'Comment on root level. I really like this idea, but needs to be improved.', 11, NULL),
(266, TIMESTAMP '2018-12-24 00:17:37.412', TIMESTAMP '2018-12-24 00:17:37.412', 'Reply 0 Lorem ipsum dolor sit amet, consectetur ad', 11, 265);
INSERT INTO PUBLIC.COMMENTS(ID, CREATED_AT, UPDATED_AT, COMMENT, CREATED_BY_ID, PARENT_ID) VALUES
(267, TIMESTAMP '2018-12-24 00:17:37.413', TIMESTAMP '2018-12-24 00:17:37.413', 'Reply 1 Lorem ipsum dolor sit amet, consectetur ad', 16, 265),
(268, TIMESTAMP '2018-12-24 00:17:37.414', TIMESTAMP '2018-12-24 00:17:37.414', 'Reply 2 Lorem ipsum dolor sit amet, consectet', 13, 265),
(269, TIMESTAMP '2018-12-24 00:17:37.415', TIMESTAMP '2018-12-24 00:17:37.415', 'Reply 3 Lorem ipsum dolor sit amet, consectetur adipiscing elit, sed do eiusmod tempor incididunt u', 20, 265),
(270, TIMESTAMP '2018-12-24 00:17:37.416', TIMESTAMP '2018-12-24 00:17:37.416', 'Reply 4 Lorem ipsum dolor sit amet, consectetur adipiscing elit, sed d', 17, 265),
(272, TIMESTAMP '2018-12-24 00:17:37.479', TIMESTAMP '2018-12-24 00:17:37.479', 'Comment on root level. I really like this idea, but needs to be improved.', 15, NULL),
(273, TIMESTAMP '2018-12-24 00:17:37.481', TIMESTAMP '2018-12-24 00:17:37.481', 'Reply 0 Lorem ipsum dolor sit amet, consectetur adipiscing e', 12, 272),
(274, TIMESTAMP '2018-12-24 00:17:37.49', TIMESTAMP '2018-12-24 00:17:37.49', 'Reply 1 Lorem ipsum dolor sit amet, consectetur adipiscing elit, sed do eiusmod tempor in', 19, 272),
(275, TIMESTAMP '2018-12-24 00:17:37.493', TIMESTAMP '2018-12-24 00:17:37.493', 'Reply 2 Lorem ipsum dolor sit amet, consectetur', 7, 272),
(276, TIMESTAMP '2018-12-24 00:17:37.495', TIMESTAMP '2018-12-24 00:17:37.495', 'Reply 3 Lorem ipsum dolor sit amet, consectetur adipiscing elit, sed do eiusmod tempor', 18, 272),
(277, TIMESTAMP '2018-12-24 00:17:37.496', TIMESTAMP '2018-12-24 00:17:37.496', 'Reply 4 Lorem ipsum dolor sit amet, consectetur adipiscing elit, sed do eiusmod tempo', 6, 272),
(295, TIMESTAMP '2018-12-24 00:17:43.515', TIMESTAMP '2018-12-24 00:17:43.515', 'Comment on root level. I really like this idea, but needs to be improved.', 16, NULL),
(296, TIMESTAMP '2018-12-24 00:17:43.517', TIMESTAMP '2018-12-24 00:17:43.517', 'Reply 0 Lorem ipsum ', 18, 295),
(297, TIMESTAMP '2018-12-24 00:17:43.518', TIMESTAMP '2018-12-24 00:17:43.518', 'Reply 1 Lorem ipsum dolor sit amet, consectetur adipiscing elit, s', 13, 295),
(298, TIMESTAMP '2018-12-24 00:17:43.519', TIMESTAMP '2018-12-24 00:17:43.519', 'Reply 2 Lorem ipsum dolor sit amet, consectetur adipiscing elit, sed do eiusmod tempor inc', 3, 295),
(299, TIMESTAMP '2018-12-24 00:17:43.52', TIMESTAMP '2018-12-24 00:17:43.52', 'Reply 3 Lorem ipsum dolor sit amet, consec', 8, 295),
(300, TIMESTAMP '2018-12-24 00:17:43.521', TIMESTAMP '2018-12-24 00:17:43.521', 'Reply 4 Lorem ipsum dolor sit amet, consectetur adipiscing elit, sed do eiusmod tempor incididunt ut lab', 7, 295),
(303, TIMESTAMP '2018-12-24 00:17:43.534', TIMESTAMP '2018-12-24 00:17:43.534', 'Comment on root level. I really like this idea, but needs to be improved.', 1, NULL),
(304, TIMESTAMP '2018-12-24 00:17:43.535', TIMESTAMP '2018-12-24 00:17:43.535', 'Reply 0 Lorem ipsum dolor sit amet, consectetur adipiscing elit, sed do eiusmod tempor incidid', 6, 303),
(305, TIMESTAMP '2018-12-24 00:17:43.536', TIMESTAMP '2018-12-24 00:17:43.536', 'Reply 1 Lorem ipsum dolor sit amet, consectetur adipiscing elit, sed do eiusmod tempor inc', 14, 303),
(306, TIMESTAMP '2018-12-24 00:17:43.537', TIMESTAMP '2018-12-24 00:17:43.537', 'Reply 2 Lorem ipsum dolor sit amet, consectetur adipiscing elit, sed d', 17, 303),
(307, TIMESTAMP '2018-12-24 00:17:43.538', TIMESTAMP '2018-12-24 00:17:43.538', 'Reply 3 Lorem ipsum dolor sit amet, cons', 2, 303),
(308, TIMESTAMP '2018-12-24 00:17:43.539', TIMESTAMP '2018-12-24 00:17:43.539', 'Reply 4 Lorem ipsum dolor sit', 4, 303),
(310, TIMESTAMP '2018-12-24 00:17:43.551', TIMESTAMP '2018-12-24 00:17:43.551', 'Comment on root level. I really like this idea, but needs to be improved.', 11, NULL),
(311, TIMESTAMP '2018-12-24 00:17:43.552', TIMESTAMP '2018-12-24 00:17:43.552', 'Reply 0 Lorem ipsum dolor sit amet, consectetur adipiscing elit, sed do eiusmod tempor incidid', 1, 310),
(312, TIMESTAMP '2018-12-24 00:17:43.553', TIMESTAMP '2018-12-24 00:17:43.553', 'Reply 1 Lorem ipsum dolor sit amet, consectetur adipiscing elit, sed do eiusmod tempor inc', 13, 310);
INSERT INTO PUBLIC.COMMENTS(ID, CREATED_AT, UPDATED_AT, COMMENT, CREATED_BY_ID, PARENT_ID) VALUES
(313, TIMESTAMP '2018-12-24 00:17:43.554', TIMESTAMP '2018-12-24 00:17:43.554', 'Reply 2 Lorem ipsum do', 6, 310),
(314, TIMESTAMP '2018-12-24 00:17:43.555', TIMESTAMP '2018-12-24 00:17:43.555', 'Reply 3 Lorem ipsum dolor sit amet, consectetur adipiscing elit, sed do eiu', 11, 310),
(315, TIMESTAMP '2018-12-24 00:17:43.556', TIMESTAMP '2018-12-24 00:17:43.556', 'Reply 4 Lorem ipsum dolor sit amet, consect', 16, 310),
(317, TIMESTAMP '2018-12-24 00:17:43.569', TIMESTAMP '2018-12-24 00:17:43.569', 'Comment on root level. I really like this idea, but needs to be improved.', 10, NULL),
(318, TIMESTAMP '2018-12-24 00:17:43.57', TIMESTAMP '2018-12-24 00:17:43.57', 'Reply 0 Lorem ipsum dolor sit amet, consectetur adipiscing elit, sed d', 15, 317),
(319, TIMESTAMP '2018-12-24 00:17:43.571', TIMESTAMP '2018-12-24 00:17:43.571', 'Reply 1 Lorem ipsum dolor sit amet, ', 13, 317),
(320, TIMESTAMP '2018-12-24 00:17:43.572', TIMESTAMP '2018-12-24 00:17:43.572', 'Reply 2 Lorem ipsum dolor sit amet, consectetur adipiscin', 15, 317),
(321, TIMESTAMP '2018-12-24 00:17:43.573', TIMESTAMP '2018-12-24 00:17:43.573', 'Reply 3 Lorem ipsum dolor sit amet, conse', 9, 317),
(322, TIMESTAMP '2018-12-24 00:17:43.574', TIMESTAMP '2018-12-24 00:17:43.574', 'Reply 4 Lorem ipsum dolor sit amet, consectetur adipisc', 2, 317),
(324, TIMESTAMP '2018-12-24 00:17:43.587', TIMESTAMP '2018-12-24 00:17:43.587', 'Comment on root level. I really like this idea, but needs to be improved.', 5, NULL),
(325, TIMESTAMP '2018-12-24 00:17:43.589', TIMESTAMP '2018-12-24 00:17:43.589', 'Reply 0 Lorem ipsum dolo', 17, 324),
(326, TIMESTAMP '2018-12-24 00:17:43.59', TIMESTAMP '2018-12-24 00:17:43.59', 'Reply 1 Lorem ipsum dolor sit amet, consectetur ', 7, 324),
(327, TIMESTAMP '2018-12-24 00:17:43.59', TIMESTAMP '2018-12-24 00:17:43.59', 'Reply 2 Lorem ipsum dolor sit amet, consectetur adipiscing elit, sed do eiusmod tempor inc', 8, 324),
(328, TIMESTAMP '2018-12-24 00:17:43.591', TIMESTAMP '2018-12-24 00:17:43.591', 'Reply 3 Lorem ipsum dolor sit amet, consectetur adipiscing elit, sed do eiusmod tempor inc', 16, 324),
(329, TIMESTAMP '2018-12-24 00:17:43.592', TIMESTAMP '2018-12-24 00:17:43.592', 'Reply 4 Lorem ipsum dolor si', 7, 324);
CREATE MEMORY TABLE PUBLIC.COMMENTS_DOWN_VOTERS(
COMMENT_MODEL_ID BIGINT NOT NULL,
DOWN_VOTERS_ID BIGINT NOT NULL
);
ALTER TABLE PUBLIC.COMMENTS_DOWN_VOTERS ADD CONSTRAINT PUBLIC.CONSTRAINT_2 PRIMARY KEY(COMMENT_MODEL_ID, DOWN_VOTERS_ID);
-- 223 +/- SELECT COUNT(*) FROM PUBLIC.COMMENTS_DOWN_VOTERS;
INSERT INTO PUBLIC.COMMENTS_DOWN_VOTERS(COMMENT_MODEL_ID, DOWN_VOTERS_ID) VALUES
(207, 4),
(207, 6),
(207, 18),
(207, 1),
(207, 9),
(208, 2),
(208, 4),
(208, 11),
(208, 10),
(208, 1),
(209, 4),
(209, 17),
(209, 1),
(209, 19),
(210, 4),
(210, 13),
(210, 6),
(210, 11),
(211, 13),
(211, 20),
(211, 19),
(211, 12),
(211, 9),
(212, 10),
(212, 12),
(215, 13),
(215, 18),
(215, 20),
(215, 10),
(215, 15),
(216, 2),
(216, 19),
(217, 3),
(218, 4),
(218, 18),
(218, 15),
(218, 12),
(219, 18),
(219, 7),
(219, 5),
(220, 8),
(222, 18),
(222, 14),
(223, 4),
(223, 8),
(223, 11),
(224, 2),
(224, 13),
(224, 8),
(224, 15),
(224, 5),
(224, 12),
(225, 19),
(225, 16),
(225, 12),
(226, 7),
(227, 11),
(227, 3),
(227, 16),
(230, 12),
(231, 2),
(231, 18),
(231, 7),
(231, 1),
(231, 15),
(232, 19),
(233, 6),
(233, 15),
(233, 12),
(234, 2),
(234, 6),
(236, 2),
(236, 1),
(236, 3),
(236, 16),
(236, 15),
(236, 9),
(237, 3),
(238, 6),
(238, 7),
(238, 15),
(240, 2),
(240, 6),
(240, 1),
(241, 9),
(243, 13),
(243, 6),
(243, 14),
(243, 5),
(244, 19),
(246, 18),
(247, 4),
(247, 12),
(248, 8),
(251, 8),
(251, 16),
(252, 4),
(252, 10),
(252, 3),
(252, 19),
(252, 15),
(252, 12),
(253, 6),
(253, 13),
(253, 18),
(253, 14),
(253, 16),
(254, 12),
(255, 19),
(256, 17),
(259, 13),
(259, 17),
(259, 20),
(259, 10),
(259, 3),
(259, 5),
(260, 18),
(261, 19),
(263, 2),
(263, 17),
(263, 14),
(265, 18),
(265, 20),
(266, 20),
(266, 16),
(267, 17),
(268, 1),
(268, 12),
(268, 5),
(268, 9),
(269, 6),
(269, 14),
(270, 11),
(270, 14),
(270, 15),
(272, 1),
(272, 5),
(273, 14),
(273, 9),
(274, 3),
(274, 19),
(275, 4),
(275, 12),
(276, 4),
(276, 17),
(276, 19),
(277, 11),
(277, 20),
(277, 10),
(295, 13),
(295, 14),
(295, 1),
(296, 11),
(296, 19),
(296, 9),
(297, 11),
(297, 14),
(297, 5),
(297, 9),
(298, 16),
(298, 9),
(299, 4),
(299, 8),
(299, 9),
(300, 16),
(303, 14),
(303, 12),
(304, 13),
(304, 20),
(304, 14),
(304, 9),
(306, 14),
(307, 2),
(308, 16),
(310, 4),
(310, 2),
(310, 17),
(310, 18),
(310, 3),
(311, 13),
(311, 6),
(311, 11),
(312, 4),
(312, 11),
(312, 17),
(312, 14),
(312, 15),
(313, 2),
(313, 6),
(313, 15),
(314, 8),
(314, 17),
(315, 20),
(315, 3),
(315, 5),
(315, 9),
(317, 6),
(317, 10),
(318, 17),
(318, 16),
(319, 13),
(319, 20),
(320, 17),
(320, 19),
(320, 15),
(320, 12),
(322, 11),
(322, 3),
(324, 18),
(324, 3),
(324, 9),
(325, 8),
(325, 14),
(326, 7),
(326, 10),
(326, 16),
(327, 4),
(327, 7),
(328, 6),
(328, 17),
(329, 4),
(329, 10),
(329, 19);
CREATE MEMORY TABLE PUBLIC.COMMENTS_UP_VOTERS(
COMMENT_MODEL_ID BIGINT NOT NULL,
UP_VOTERS_ID BIGINT NOT NULL
);
ALTER TABLE PUBLIC.COMMENTS_UP_VOTERS ADD CONSTRAINT PUBLIC.CONSTRAINT_20 PRIMARY KEY(COMMENT_MODEL_ID, UP_VOTERS_ID);
-- 240 +/- SELECT COUNT(*) FROM PUBLIC.COMMENTS_UP_VOTERS;
INSERT INTO PUBLIC.COMMENTS_UP_VOTERS(COMMENT_MODEL_ID, UP_VOTERS_ID) VALUES
(207, 8),
(207, 15),
(208, 4),
(208, 13),
(208, 18),
(208, 16),
(209, 17),
(209, 20),
(209, 12),
(210, 11),
(210, 10),
(210, 12),
(212, 17),
(212, 15),
(212, 12),
(215, 2),
(215, 6),
(215, 18),
(215, 5),
(216, 20),
(217, 6),
(217, 11),
(217, 17),
(218, 8),
(218, 10),
(218, 1),
(218, 12),
(219, 11),
(220, 13),
(220, 9),
(222, 17),
(222, 20),
(222, 7),
(222, 12),
(223, 8),
(223, 17),
(223, 20),
(223, 15),
(224, 17),
(225, 20),
(225, 16),
(226, 3),
(227, 16),
(229, 5),
(229, 9),
(230, 13),
(230, 11),
(230, 1),
(230, 3),
(230, 15),
(231, 20),
(231, 7),
(231, 10),
(232, 14),
(232, 10),
(232, 1),
(233, 20),
(233, 10),
(233, 9),
(234, 16),
(236, 13),
(236, 8),
(236, 17),
(236, 10),
(237, 1),
(237, 12),
(238, 2),
(238, 13),
(238, 6),
(238, 14),
(238, 5),
(239, 11),
(239, 17),
(239, 18),
(240, 13),
(240, 8),
(240, 1),
(243, 7),
(243, 19),
(244, 17),
(245, 4),
(245, 2),
(245, 8),
(245, 11),
(247, 13),
(247, 18),
(247, 20),
(247, 10),
(247, 12),
(248, 9),
(251, 14),
(252, 13),
(252, 14),
(252, 10),
(252, 16),
(252, 5),
(253, 17),
(253, 18),
(253, 14),
(253, 19),
(253, 5),
(254, 14),
(255, 9),
(256, 6),
(256, 20),
(256, 14),
(258, 2),
(258, 13),
(258, 11),
(258, 19),
(259, 8),
(259, 11),
(259, 15),
(259, 9),
(260, 1),
(260, 3),
(260, 15),
(261, 18),
(262, 2),
(262, 6),
(262, 7),
(262, 10),
(262, 3),
(263, 13),
(263, 17),
(263, 7),
(263, 3),
(265, 20),
(265, 7),
(265, 16),
(266, 2),
(266, 11),
(266, 8),
(266, 18),
(266, 7),
(267, 15),
(267, 12),
(268, 16),
(269, 6),
(269, 14),
(269, 1),
(270, 6),
(270, 17),
(270, 7),
(270, 15),
(270, 9),
(273, 18),
(273, 9),
(274, 2),
(274, 8),
(274, 19),
(274, 9),
(276, 2),
(276, 17),
(276, 10),
(276, 16),
(276, 5),
(277, 2),
(277, 13),
(277, 14),
(295, 13),
(295, 11),
(295, 15),
(296, 7),
(296, 10),
(296, 5),
(297, 2),
(297, 17),
(298, 18),
(298, 7),
(298, 16),
(299, 2),
(300, 8),
(300, 11),
(300, 20),
(300, 19),
(300, 12),
(303, 8),
(303, 10),
(303, 19),
(304, 13),
(304, 11),
(304, 15),
(305, 6),
(305, 7),
(305, 16),
(306, 6),
(306, 18),
(306, 14),
(306, 7),
(306, 1),
(307, 6),
(307, 8),
(307, 20),
(308, 11),
(308, 20),
(308, 14),
(310, 6),
(310, 13),
(310, 7),
(310, 16),
(311, 18),
(311, 20),
(312, 2),
(312, 13),
(312, 8),
(312, 12),
(312, 9),
(313, 6),
(314, 1),
(314, 19),
(314, 15),
(314, 9),
(317, 18),
(318, 8),
(318, 3),
(318, 12),
(319, 4),
(319, 2),
(319, 8),
(319, 1),
(319, 12),
(320, 2),
(320, 19),
(321, 3),
(321, 5),
(322, 4),
(322, 13),
(322, 8),
(322, 15),
(324, 5),
(327, 20),
(328, 4),
(328, 8),
(328, 17),
(328, 20),
(328, 5),
(329, 1),
(329, 3),
(329, 9);
CREATE MEMORY TABLE PUBLIC.DELEGATIONS(
ID BIGINT NOT NULL,
CREATED_AT TIMESTAMP NOT NULL,
UPDATED_AT TIMESTAMP NOT NULL,
REQUESTED_DELEGATION_AT TIMESTAMP,
TRANSITIVE BOOLEAN NOT NULL,
AREA_ID BIGINT NOT NULL,
FROM_USER_ID BIGINT NOT NULL,
REQUESTED_DELEGATION_FROM_CHECKSUM_CHECKSUM VARCHAR(255),
TO_PROXY_ID BIGINT NOT NULL
);
ALTER TABLE PUBLIC.DELEGATIONS ADD CONSTRAINT PUBLIC.CONSTRAINT_8 PRIMARY KEY(ID);
-- 9 +/- SELECT COUNT(*) FROM PUBLIC.DELEGATIONS;
INSERT INTO PUBLIC.DELEGATIONS(ID, CREATED_AT, UPDATED_AT, REQUESTED_DELEGATION_AT, TRANSITIVE, AREA_ID, FROM_USER_ID, REQUESTED_DELEGATION_FROM_CHECKSUM_CHECKSUM, TO_PROXY_ID) VALUES
(31, TIMESTAMP '2018-12-24 00:17:30.452', TIMESTAMP '2018-12-24 00:17:30.452', NULL, TRUE, 21, 2, NULL, 1),
(32, TIMESTAMP '2018-12-24 00:17:31.073', TIMESTAMP '2018-12-24 00:17:31.073', NULL, TRUE, 21, 3, NULL, 1),
(33, TIMESTAMP '2018-12-24 00:17:31.696', TIMESTAMP '2018-12-24 00:17:31.696', NULL, TRUE, 21, 4, NULL, 1),
(34, TIMESTAMP '2018-12-24 00:17:32.163', TIMESTAMP '2018-12-24 00:17:32.163', TIMESTAMP '2018-12-24 00:17:32.163', TRUE, 21, 5, '$2a$10$1IdrGrRAN2Wp3U7QI.JIzuaW/fGb8Z2mJgsKxYwe5.NrtAFNxSQVS', 2),
(35, TIMESTAMP '2018-12-24 00:17:32.789', TIMESTAMP '2018-12-24 00:17:32.789', NULL, TRUE, 21, 6, NULL, 3),
(36, TIMESTAMP '2018-12-24 00:17:33.413', TIMESTAMP '2018-12-24 00:17:33.413', NULL, TRUE, 21, 7, NULL, 4),
(37, TIMESTAMP '2018-12-24 00:17:34.035', TIMESTAMP '2018-12-24 00:17:34.035', NULL, TRUE, 21, 10, NULL, 7),
(38, TIMESTAMP '2018-12-24 00:17:34.657', TIMESTAMP '2018-12-24 00:17:34.657', NULL, TRUE, 21, 11, NULL, 7),
(39, TIMESTAMP '2018-12-24 00:17:35.277', TIMESTAMP '2018-12-24 00:17:35.277', NULL, FALSE, 21, 12, NULL, 7);
CREATE MEMORY TABLE PUBLIC.KEY_VALUE(
ID BIGINT NOT NULL,
KEY VARCHAR(255) NOT NULL,
VALUE VARCHAR(255)
);
ALTER TABLE PUBLIC.KEY_VALUE ADD CONSTRAINT PUBLIC.CONSTRAINT_7 PRIMARY KEY(ID);
-- 0 +/- SELECT COUNT(*) FROM PUBLIC.KEY_VALUE;
CREATE MEMORY TABLE PUBLIC.LAWS(
ID BIGINT NOT NULL,
CREATED_AT TIMESTAMP NOT NULL,
UPDATED_AT TIMESTAMP NOT NULL,
DESCRIPTION VARCHAR(1000) NOT NULL,
REACHED_QUORUM_AT TIMESTAMP,
STATUS INTEGER NOT NULL,
TITLE VARCHAR(255) NOT NULL,
AREA_ID BIGINT NOT NULL,
CREATED_BY_ID BIGINT,
POLL_ID BIGINT
);
ALTER TABLE PUBLIC.LAWS ADD CONSTRAINT PUBLIC.CONSTRAINT_23 PRIMARY KEY(ID);
-- 183 +/- SELECT COUNT(*) FROM PUBLIC.LAWS;
INSERT INTO PUBLIC.LAWS(ID, CREATED_AT, UPDATED_AT, DESCRIPTION, REACHED_QUORUM_AT, STATUS, TITLE, AREA_ID, CREATED_BY_ID, POLL_ID) VALUES
(40, TIMESTAMP '2018-12-23 00:17:35.35', TIMESTAMP '2018-12-24 00:17:35.351', '3bcLXlmi Lorem ipsum dolor sit amet, consectetur adipiscing elit, sed do eiusmod tempor incididunt ut labore et dolore magna aliqua. Ut enim ad minim veniam, quis nostrud exercitation ullamco laboris nisi ut aliquip ex ea com', NULL, 0, 'Idea 0 that suggest that we definitely need a longer title for ideas', 21, 15, NULL),
(41, TIMESTAMP '2018-12-22 00:17:35.374', TIMESTAMP '2018-12-23 00:17:35.374', 'NVMm85ia Lorem ipsum dolor sit amet, consectetur adipiscing elit, sed do eiusmod tempor incididunt ut labore et do', NULL, 0, 'Idea 1 that suggest that we definitely need a longer title for ideas', 22, 17, NULL),
(42, TIMESTAMP '2018-12-21 00:17:35.392', TIMESTAMP '2018-12-22 00:17:35.392', 'As8Ap3O2 Lorem ipsum dolor sit amet, consectetur adipiscing elit, sed do eiusmod tempor incididunt ut labore et dolore magna aliqua. Ut enim ad minim veniam, quis nostrud exercitation ullamco laboris nisi ut aliquip ex ea commodo consequat. Duis aute irure dolor in reprehenderit in voluptate velit esse cillum dolore eu fugiat nulla pariatur. Excepteur si', NULL, 0, 'Idea 2 that suggest that we definitely need a longer title for ideas', 23, 19, NULL),
(43, TIMESTAMP '2018-12-20 00:17:35.423', TIMESTAMP '2018-12-21 00:17:35.424', 'cmiY2rhR Lorem ipsum dolor sit amet, consecte', NULL, 0, 'Idea 3 that suggest that we definitely need a longer title for ideas', 24, 4, NULL),
(44, TIMESTAMP '2018-12-19 00:17:35.43', TIMESTAMP '2018-12-20 00:17:35.43', 'Gw4Fvr82 Lorem ipsum dolor sit amet, consectetur adipiscing elit, sed do eiusmod tempor incididunt ut labore et dolore magna aliqua. Ut enim ad minim veniam, quis nostrud exercitation ullamco laboris nisi ut ali', NULL, 0, 'Idea 4 that suggest that we definitely need a longer title for ideas', 25, 20, NULL),
(45, TIMESTAMP '2018-12-18 00:17:35.469', TIMESTAMP '2018-12-19 00:17:35.469', 'dPIfeu90 Lorem ipsum dolor sit amet, consectetur adipiscing elit, sed do eiusmod tempor incididunt ut labore et dolore magna aliqua. Ut enim ad minim veniam, quis nostrud exercitation ullamco laboris nisi ut aliquip ex ea commodo consequat. Duis aute i', NULL, 0, 'Idea 5 that suggest that we definitely need a longer title for ideas', 26, 7, NULL),
(46, TIMESTAMP '2018-12-17 00:17:35.497', TIMESTAMP '2018-12-18 00:17:35.497', 'I4oME5bl Lorem ipsum dolor sit amet, consectetur adipiscing elit, sed do eiusmod tempor incididunt ut labore et dolore magna aliqua. Ut enim ad minim veniam, quis nostrud exercitation ullamco laboris nisi ut aliquip ex ea commodo consequat. Duis aute irure dolor in reprehenderit in voluptate velit esse cillum dolore eu fugiat nulla pariatur. Excepteur sint occaecat cupidatat non proident, sunt in culpa qu', NULL, 0, 'Idea 6 that suggest that we definitely need a longer title for ideas', 27, 13, NULL),
(47, TIMESTAMP '2018-12-16 00:17:35.505', TIMESTAMP '2018-12-17 00:17:35.505', 'ZScsKKQC Lorem ipsum dolor sit amet, consectetur adipiscing elit, sed do eiusmod tempor incididunt ut labore et dolore magna aliqua. Ut enim ad minim veniam, quis nostrud exercitation ullamco laboris nisi ut aliquip ex ea commodo consequat. Duis aute irure dolor in reprehenderit in voluptate velit esse cillum dolore eu fugiat nulla pariatur. Excepteur sint occae', NULL, 0, 'Idea 7 that suggest that we definitely need a longer title for ideas', 28, 12, NULL),
(48, TIMESTAMP '2018-12-15 00:17:35.51', TIMESTAMP '2018-12-16 00:17:35.51', 'VfGps0ta Lorem ipsum dolor sit amet, consectetur adipiscing elit, sed do eiusmod tempor incididunt ut labore et dolore magna aliqua. Ut enim ad minim veniam, quis nostrud exercitation ullamco laboris nisi ut aliquip ex ea commodo consequat. Duis aute irure dolor in', NULL, 0, 'Idea 8 that suggest that we definitely need a longer title for ideas', 29, 1, NULL),
(49, TIMESTAMP '2018-12-14 00:17:35.519', TIMESTAMP '2018-12-15 00:17:35.52', 'TFA8cxvi Lorem ipsum dolor sit amet, consectetur adipiscing elit, sed do eiusmod tempor incididunt ut labore et dolore magna aliqua. Ut enim ad minim veniam, quis nostrud exercitation ullamco laboris nisi ut aliqui', NULL, 0, 'Idea 9 that suggest that we definitely need a longer title for ideas', 30, 12, NULL);
INSERT INTO PUBLIC.LAWS(ID, CREATED_AT, UPDATED_AT, DESCRIPTION, REACHED_QUORUM_AT, STATUS, TITLE, AREA_ID, CREATED_BY_ID, POLL_ID) VALUES
(50, TIMESTAMP '2018-12-13 00:17:35.534', TIMESTAMP '2018-12-14 00:17:35.534', 'RS9l4IqE Lorem ipsum dolor sit amet, consectetur adipiscing elit, sed do eiusmod tempor incididunt ut labore et dolore magna aliqua. Ut enim ad minim veniam, quis nostrud exercitation ullamco lab', NULL, 0, 'Idea 10 that suggest that we definitely need a longer title for ideas', 21, 12, NULL),
(51, TIMESTAMP '2018-12-12 00:17:35.548', TIMESTAMP '2018-12-13 00:17:35.549', '8cvPRBAC Lorem ipsum dolor sit amet, consectetur adipiscing elit, sed do eiusmod tempor incid', NULL, 0, 'Idea 11 that suggest that we definitely need a longer title for ideas', 22, 6, NULL),
(52, TIMESTAMP '2018-12-11 00:17:35.557', TIMESTAMP '2018-12-12 00:17:35.557', 'ICxmMyAi Lorem ipsum dolor sit amet, consectetur adi', NULL, 0, 'Idea 12 that suggest that we definitely need a longer title for ideas', 23, 10, NULL),
(53, TIMESTAMP '2018-12-10 00:17:35.576', TIMESTAMP '2018-12-11 00:17:35.576', 'Vrj8Ujps Lorem ipsum dolor sit amet, consectetur adipiscing elit, s', NULL, 0, 'Idea 13 that suggest that we definitely need a longer title for ideas', 24, 19, NULL),
(54, TIMESTAMP '2018-12-09 00:17:35.595', TIMESTAMP '2018-12-10 00:17:35.595', 'Xfu25h8z Lorem ipsum dolor sit amet, consectetur adipiscing elit, sed do eiusmod tempor incididunt ut labore et dolore magna a', NULL, 0, 'Idea 14 that suggest that we definitely need a longer title for ideas', 25, 6, NULL),
(55, TIMESTAMP '2018-12-08 00:17:35.61', TIMESTAMP '2018-12-09 00:17:35.61', 'dFSOYrKh Lorem ipsum dolor sit amet, consectetur adipiscing elit, sed do eiusmod tempor incididunt ut labore et dolore magna aliqua. Ut enim ad minim veniam, quis nostrud exercitation ullamco laboris nisi ut aliquip ex ea comm', NULL, 0, 'Idea 15 that suggest that we definitely need a longer title for ideas', 26, 11, NULL),
(56, TIMESTAMP '2018-12-07 00:17:35.617', TIMESTAMP '2018-12-08 00:17:35.617', 'prcmhQ75 Lorem ipsum dolor sit amet, consectetur adipiscing elit, sed do eiusmod tempor incididunt ut labore et dolore magna aliqua. Ut enim ad minim veniam, quis nostrud exercitation ullamco laboris nisi ut aliquip ex ea commodo consequat. Duis aute irure dolor in reprehende', NULL, 0, 'Idea 16 that suggest that we definitely need a longer title for ideas', 27, 11, NULL),
(57, TIMESTAMP '2018-12-06 00:17:35.624', TIMESTAMP '2018-12-07 00:17:35.624', 'TypdUj30 Lorem ipsum dolor sit amet, con', NULL, 0, 'Idea 17 that suggest that we definitely need a longer title for ideas', 28, 2, NULL),
(58, TIMESTAMP '2018-12-05 00:17:35.63', TIMESTAMP '2018-12-06 00:17:35.63', 'n06YRaYz Lorem ipsum dolor sit amet, co', NULL, 0, 'Idea 18 that suggest that we definitely need a longer title for ideas', 29, 11, NULL),
(59, TIMESTAMP '2018-12-04 00:17:35.635', TIMESTAMP '2018-12-05 00:17:35.635', '1x8EA1ZL Lorem ipsum dolor sit amet, consectetur adipiscing elit, sed do eiu', NULL, 0, 'Idea 19 that suggest that we definitely need a longer title for ideas', 30, 19, NULL),
(60, TIMESTAMP '2018-12-03 00:17:35.642', TIMESTAMP '2018-12-04 00:17:35.642', 'r50ovCsw Lorem ipsum dolor sit amet, consectetur adipiscing elit, sed do eiusmod tempor incididunt ut labore et dolore magna aliqua. Ut enim ad minim veniam, quis nostrud exercitation ullamco laboris nisi ut aliquip ex ea commodo consequat. Duis aute irur', NULL, 0, 'Idea 20 that suggest that we definitely need a longer title for ideas', 21, 2, NULL),
(61, TIMESTAMP '2018-12-02 00:17:35.657', TIMESTAMP '2018-12-03 00:17:35.657', '31apdfZE Lorem ipsum dolor sit amet, consectetur adipiscing elit, sed do eiusmod tempor incididunt ut labore et dolore magna aliqua. Ut enim ad ', NULL, 0, 'Idea 21 that suggest that we definitely need a longer title for ideas', 22, 2, NULL),
(62, TIMESTAMP '2018-12-01 00:17:35.673', TIMESTAMP '2018-12-02 00:17:35.674', 'sZb25d8J Lorem ipsum dolor sit amet, consectetur adipiscing elit, sed do eiusmod tempor incididunt ', NULL, 0, 'Idea 22 that suggest that we definitely need a longer title for ideas', 23, 5, NULL);
INSERT INTO PUBLIC.LAWS(ID, CREATED_AT, UPDATED_AT, DESCRIPTION, REACHED_QUORUM_AT, STATUS, TITLE, AREA_ID, CREATED_BY_ID, POLL_ID) VALUES
(63, TIMESTAMP '2018-11-30 00:17:35.69', TIMESTAMP '2018-12-01 00:17:35.69', '6FquZa8x Lorem ipsum dolor sit amet, consectetur adipiscing elit, sed do eiusmod tempor incididunt ut labore et dolore magna aliqua. Ut enim ad minim veniam, quis nostrud exercitation ullamco laboris nisi ut aliquip ex ea commodo consequat. Duis aute irure dolor in reprehenderit in voluptate velit esse cillum dolore eu fugiat nulla par', NULL, 0, 'Idea 23 that suggest that we definitely need a longer title for ideas', 24, 3, NULL),
(64, TIMESTAMP '2018-11-29 00:17:35.707', TIMESTAMP '2018-11-30 00:17:35.708', 'XIiAR0Qc Lorem ipsum dolor sit amet, consectetur adipiscing elit, sed do eiusmod tempor incididunt ut labore et dolore magna aliqua. Ut enim ad minim veniam, quis nostrud exercitation ullamco laboris nisi ut aliquip ex ea commodo c', NULL, 0, 'Idea 24 that suggest that we definitely need a longer title for ideas', 25, 19, NULL),
(65, TIMESTAMP '2018-11-28 00:17:35.716', TIMESTAMP '2018-11-29 00:17:35.716', 'IiXq0pAE Lorem ipsum dolor sit amet, consectetur adipiscing elit, sed do eiusmod tempor incididunt ut labore et dolore magna aliqua. Ut enim ad minim veniam, qui', NULL, 0, 'Idea 25 that suggest that we definitely need a longer title for ideas', 26, 16, NULL),
(66, TIMESTAMP '2018-11-27 00:17:35.721', TIMESTAMP '2018-11-28 00:17:35.722', '0TeuHDrH Lorem ipsum dolor sit amet, consectetur adipiscing elit, sed do eiusmod tempor incididunt ut labore et dolore magna aliqua. Ut enim ad minim veniam, quis nostrud exercitation ullamco laboris nisi ut aliquip ex ea commodo consequat. Duis aute irure dolor in reprehenderit in voluptate velit esse cillum dolore eu fugiat nulla pariatur. Excepteur sint o', NULL, 0, 'Idea 26 that suggest that we definitely need a longer title for ideas', 27, 10, NULL),
(67, TIMESTAMP '2018-11-26 00:17:35.735', TIMESTAMP '2018-11-27 00:17:35.735', 'VXgycyEu Lorem ipsum dolor sit amet, consectetur adipiscing elit, sed do eiusmod tempor incididunt ut labore et dolore magna aliqua. Ut enim ad minim veniam, quis nostrud exercitation ullamco laboris nisi ut aliquip ex ea commodo consequat. D', NULL, 0, 'Idea 27 that suggest that we definitely need a longer title for ideas', 28, 13, NULL),
(68, TIMESTAMP '2018-11-25 00:17:35.739', TIMESTAMP '2018-11-26 00:17:35.739', 'GXBmaxFN Lorem ipsum dolor sit amet, consectetur adipiscing elit, sed do eiusmod tempor incididunt ut labore et dolore magna aliqua. Ut enim ad minim veniam, quis nostrud exercitation ullamco laboris nisi ut aliquip ex ea commodo consequat. Duis aute irure dolor in reprehenderit in voluptate velit esse cillum dolore eu fugiat nulla pariatur. Except', NULL, 0, 'Idea 28 that suggest that we definitely need a longer title for ideas', 29, 4, NULL),
(69, TIMESTAMP '2018-11-24 00:17:35.744', TIMESTAMP '2018-11-25 00:17:35.744', 'jZiyXb1X Lorem ipsum dolor sit amet, consectetur adi', NULL, 0, 'Idea 29 that suggest that we definitely need a longer title for ideas', 30, 3, NULL),
(70, TIMESTAMP '2018-11-23 00:17:35.753', TIMESTAMP '2018-11-24 00:17:35.753', 'PYlfkZ3z Lorem ipsum dolor sit amet, consectetur adipiscing elit, sed do eiusmod tempor incididunt ut labore et dolore magna aliqua. Ut enim ad minim veniam, quis nostrud exercitation ullamco laboris nisi ut aliquip ex ea commodo consequat. Duis aute irure dolor in reprehenderit in voluptate velit esse cillum dolore eu fugiat nulla pariatur. Excepteur sint occaecat cupidatat non proident, sunt in', NULL, 0, 'Idea 30 that suggest that we definitely need a longer title for ideas', 21, 16, NULL),
(71, TIMESTAMP '2018-11-22 00:17:35.763', TIMESTAMP '2018-11-23 00:17:35.763', 'm0TO2UI2 Lorem ipsum dolor sit amet, consectetur adipiscing elit', NULL, 0, 'Idea 31 that suggest that we definitely need a longer title for ideas', 22, 15, NULL),
(72, TIMESTAMP '2018-11-21 00:17:35.779', TIMESTAMP '2018-11-22 00:17:35.779', '0VM5Qh53 Lorem ipsum dolor sit amet, consectetur adipiscing elit, sed do eiusmod tempor incididu', NULL, 0, 'Idea 32 that suggest that we definitely need a longer title for ideas', 23, 18, NULL);
INSERT INTO PUBLIC.LAWS(ID, CREATED_AT, UPDATED_AT, DESCRIPTION, REACHED_QUORUM_AT, STATUS, TITLE, AREA_ID, CREATED_BY_ID, POLL_ID) VALUES
(73, TIMESTAMP '2018-11-20 00:17:35.786', TIMESTAMP '2018-11-21 00:17:35.786', 'm1njJqMa Lorem ipsum dolor sit amet, conse', NULL, 0, 'Idea 33 that suggest that we definitely need a longer title for ideas', 24, 3, NULL),
(74, TIMESTAMP '2018-11-19 00:17:35.797', TIMESTAMP '2018-11-20 00:17:35.797', 'RATPgWba Lorem ipsum dolor sit amet, consectetur adipiscing elit, sed do eiusmod tempor incididunt ut labore et dolore magna aliqua. Ut eni', NULL, 0, 'Idea 34 that suggest that we definitely need a longer title for ideas', 25, 18, NULL),
(75, TIMESTAMP '2018-11-18 00:17:35.812', TIMESTAMP '2018-11-19 00:17:35.812', 'fQBG2DPA Lorem ipsum dolor sit amet, consectetur adipiscing elit, sed do eiusmod tempor incididunt ut labore et dolore magna aliqua. Ut enim ad minim veniam, quis nostrud exercitation ullamco laboris nisi ut aliquip ex ea commodo consequat. Duis aute irure dolor in reprehenderi', NULL, 0, 'Idea 35 that suggest that we definitely need a longer title for ideas', 26, 18, NULL),
(76, TIMESTAMP '2018-11-17 00:17:35.817', TIMESTAMP '2018-11-18 00:17:35.817', 'vISw1HPQ Lorem ipsum dolor sit amet, consectetur adipiscing elit, sed do eiusmod tempor incididunt ut labore et dolore magna aliqua. Ut enim ad minim veniam, quis nostrud exercitation ullamco laboris nisi ut aliquip ex ea commodo', NULL, 0, 'Idea 36 that suggest that we definitely need a longer title for ideas', 27, 20, NULL),
(77, TIMESTAMP '2018-11-16 00:17:35.83', TIMESTAMP '2018-11-17 00:17:35.83', '1z4oYUYa Lorem ipsum dolor sit amet, consectetur adipiscing elit, sed do eiusmod tempor incididunt ut labore et dolore magna aliqua. Ut enim ad minim veniam, quis nostrud exercitation ullamco laboris nisi ut ali', NULL, 0, 'Idea 37 that suggest that we definitely need a longer title for ideas', 28, 5, NULL),
(78, TIMESTAMP '2018-11-15 00:17:35.838', TIMESTAMP '2018-11-16 00:17:35.838', '6yGG00lb Lorem ipsum dolor sit amet, consectetur adipiscing elit, sed do eiusmod tempor incididunt ut labore et dolore magna aliqua. Ut enim ad minim veniam, quis nostrud exercitation ullamco laboris nisi ut aliquip ex ea com', NULL, 0, 'Idea 38 that suggest that we definitely need a longer title for ideas', 29, 16, NULL),
(79, TIMESTAMP '2018-11-14 00:17:35.843', TIMESTAMP '2018-11-15 00:17:35.843', '1ex7LALA Lorem ipsum dolor sit amet, consectetur adipiscing elit, sed do eiusmod tempor incididunt ut labore et dolore magna aliqua. Ut enim ad minim veniam, quis nostrud exercitation ullamco laboris nisi ut aliquip ex ea commodo consequat. Duis aute irure dolor in reprehenderit in voluptate velit esse cillum dolore eu fugiat nulla pariatur. Excepteur sint occaecat cupidatat non proident, su', NULL, 0, 'Idea 39 that suggest that we definitely need a longer title for ideas', 30, 8, NULL),
(80, TIMESTAMP '2018-11-13 00:17:35.851', TIMESTAMP '2018-11-14 00:17:35.851', 'LmpRJkxI Lorem ipsum dolor sit amet, consectetur adipiscing elit, sed do eiusmod tempor incididunt ut labore et dolore magna aliqua. Ut enim ad minim veniam, quis nostrud exercitation ullamco laboris nisi ut aliquip ex ea commodo consequat. Duis aute irure dolor in r', NULL, 0, 'Idea 40 that suggest that we definitely need a longer title for ideas', 21, 8, NULL),
(81, TIMESTAMP '2018-11-12 00:17:35.862', TIMESTAMP '2018-11-13 00:17:35.862', 'utR0hxgr Lorem ipsum dolor sit amet, consectetur adipiscing elit, sed do eiusmod tempor incididunt ut labore et dolore magna ali', NULL, 0, 'Idea 41 that suggest that we definitely need a longer title for ideas', 22, 4, NULL),
(82, TIMESTAMP '2018-11-11 00:17:35.875', TIMESTAMP '2018-11-12 00:17:35.875', 'CWgaqnm4 Lorem ipsum dolor sit amet, consectetur adipiscing elit, sed do eiusmod tempor incididunt ut labore et dolore magna aliqua. Ut enim ad minim veniam, quis nostrud exercitation ullamc', NULL, 0, 'Idea 42 that suggest that we definitely need a longer title for ideas', 23, 5, NULL),
(83, TIMESTAMP '2018-11-10 00:17:35.883', TIMESTAMP '2018-11-11 00:17:35.883', 'iG52TVfg Lorem ipsum dolor sit amet, consectetur adipiscing elit, sed do eiusmod tempor incididunt ut labore et dolore magna aliqua. Ut enim ad minim veniam, quis nostrud exercitation ullamco laboris nisi ut aliquip ex ea commodo consequat. Duis aute irure dolo', NULL, 0, 'Idea 43 that suggest that we definitely need a longer title for ideas', 24, 4, NULL);
INSERT INTO PUBLIC.LAWS(ID, CREATED_AT, UPDATED_AT, DESCRIPTION, REACHED_QUORUM_AT, STATUS, TITLE, AREA_ID, CREATED_BY_ID, POLL_ID) VALUES
(84, TIMESTAMP '2018-11-09 00:17:35.889', TIMESTAMP '2018-11-10 00:17:35.889', 'qa8Ufm9K Lorem ipsum dolor sit amet, consectetur adipiscing elit, sed do eiusmod tempor incididunt ut labore et dolore magna aliqua. Ut enim ad minim veniam, quis nostrud exercitation ullamco laboris nisi ut aliquip ex ea commod', NULL, 0, 'Idea 44 that suggest that we definitely need a longer title for ideas', 25, 4, NULL),
(85, TIMESTAMP '2018-11-08 00:17:35.9', TIMESTAMP '2018-11-09 00:17:35.9', 'xafEC8Z9 Lorem ipsum dolor sit amet, consectetur adipiscing elit, sed do eiusmod tempor incididunt ut labore et dolore magna aliqua. Ut enim ad minim veniam, quis nostrud exercitation ullamco laboris nisi ut aliquip ex ea commodo consequat. Duis aute irure dolor in reprehenderit in volupt', NULL, 0, 'Idea 45 that suggest that we definitely need a longer title for ideas', 26, 14, NULL),
(86, TIMESTAMP '2018-11-07 00:17:35.905', TIMESTAMP '2018-11-08 00:17:35.905', '0PPN43mp Lorem ipsum dolor sit amet, consectetur adipiscing elit, sed do eiusmod tempor incididunt ut labore et dolore magna aliqua. Ut enim ad minim veniam, quis nostrud exercitation ullamco laboris nisi ut aliquip ex ea commodo consequat. Duis aute irure dolor in reprehenderit in voluptate velit esse cillum dolore eu fugiat nulla pariatur. Excepteur sint occaecat cupidatat non proident,', NULL, 0, 'Idea 46 that suggest that we definitely need a longer title for ideas', 27, 10, NULL),
(87, TIMESTAMP '2018-11-06 00:17:35.914', TIMESTAMP '2018-11-07 00:17:35.914', 'FbKggbFQ Lorem ipsum dolor sit amet, consectetur adipiscing elit, sed do eiusmod tempor incididunt ut labore et dolore magna aliqua. Ut enim ad minim veniam, quis nostrud exercitation ullamco laboris nisi ut aliquip ex', NULL, 0, 'Idea 47 that suggest that we definitely need a longer title for ideas', 28, 18, NULL),
(88, TIMESTAMP '2018-11-05 00:17:35.922', TIMESTAMP '2018-11-06 00:17:35.923', 'rgtTXnBL Lorem ipsum dolor sit amet, consectetur adipiscing elit, sed do eiusmod tempor incididunt ut labore et dolore magna aliqua. Ut enim ad minim veniam, quis nostrud exercitation ullamco laboris nisi ut aliquip ex ea commodo consequat. Duis aute irure dolor in reprehenderit in voluptate velit esse cillum dolore eu fugiat nulla pariatur. Excepteur sint occaecat cupidatat', NULL, 0, 'Idea 48 that suggest that we definitely need a longer title for ideas', 29, 3, NULL),
(89, TIMESTAMP '2018-11-04 00:17:35.93', TIMESTAMP '2018-11-05 00:17:35.93', 'gh2xzUeo Lorem ipsum dolor sit amet, consectetur adipiscing elit, sed do eiusmod tempor incididunt ut labore et dolore magna aliqua. Ut enim ad minim veniam, quis nostrud exercitation ullamco laboris nisi ut aliquip ex ea commodo consequat. Duis aute irure dolor in reprehenderit in volupta', NULL, 0, 'Idea 49 that suggest that we definitely need a longer title for ideas', 30, 7, NULL),
(90, TIMESTAMP '2018-11-03 00:17:35.934', TIMESTAMP '2018-11-04 00:17:35.934', '0eSzl4wd Lorem ipsum dolor sit amet, consectetur adipiscing elit, sed do eiusmod tempor incididunt ut labore et dolore magna aliqua. Ut enim ad minim veniam, quis nostrud exercitation ullamco laboris nisi ut aliquip ex ea commodo consequat. Duis aute irure dolor in reprehenderit in voluptate velit esse cillum d', NULL, 0, 'Idea 50 that suggest that we definitely need a longer title for ideas', 21, 10, NULL),
(91, TIMESTAMP '2018-11-02 00:17:35.939', TIMESTAMP '2018-11-03 00:17:35.939', '3AT1td1r Lorem ipsum dolor sit amet, consectetur adipiscing elit, sed do eiusmod tempor incididunt ut labore et dolore magna aliqua. Ut enim ad minim veniam, quis nostrud exercitation ullamco laboris nisi ut aliquip ex ea commodo consequat. Duis aute irure dolor in ', NULL, 0, 'Idea 51 that suggest that we definitely need a longer title for ideas', 22, 2, NULL),
(92, TIMESTAMP '2018-11-01 00:17:35.948', TIMESTAMP '2018-11-02 00:17:35.948', 'NYFht9Vm Lorem ipsum dolor sit amet, consectetur adipiscing elit, sed do eiusmod tempor incididunt ut labore et dol', NULL, 0, 'Idea 52 that suggest that we definitely need a longer title for ideas', 23, 16, NULL);
INSERT INTO PUBLIC.LAWS(ID, CREATED_AT, UPDATED_AT, DESCRIPTION, REACHED_QUORUM_AT, STATUS, TITLE, AREA_ID, CREATED_BY_ID, POLL_ID) VALUES
(93, TIMESTAMP '2018-10-31 00:17:35.96', TIMESTAMP '2018-11-01 00:17:35.96', 'uFPw7Rtf Lorem ipsum dolor sit amet, consectetur adipiscing elit, sed do eiusmod tempor incididunt ut labore et dolore magna aliqua. U', NULL, 0, 'Idea 53 that suggest that we definitely need a longer title for ideas', 24, 6, NULL),
(94, TIMESTAMP '2018-10-30 00:17:35.981', TIMESTAMP '2018-10-31 00:17:35.981', '5hcf3vVI Lorem ipsum dolor sit amet, consectetur adipiscing elit, sed do eiusmod tempor incididunt ut labore et dolore magna aliqua. Ut enim ad minim veniam, quis ', NULL, 0, 'Idea 54 that suggest that we definitely need a longer title for ideas', 25, 10, NULL),
(95, TIMESTAMP '2018-10-29 00:17:35.986', TIMESTAMP '2018-10-30 00:17:35.986', 'sS7VKGlo Lorem ipsum dolor sit amet, consectetur adipiscing elit, sed do eiusmod tempor incididunt ut labore et dolore magna aliqua. Ut enim ad minim veniam, quis nostrud exercitation ullamco laboris nisi ut aliquip ex ea', NULL, 0, 'Idea 55 that suggest that we definitely need a longer title for ideas', 26, 4, NULL),
(96, TIMESTAMP '2018-10-28 00:17:36', TIMESTAMP '2018-10-29 00:17:36', 'B1Dn0HmN Lorem ipsum dolor sit amet, consectetur adipiscing elit, sed do eiusmod tempor incididunt ut labore et dolore magna aliqua. Ut enim ad minim veniam, quis nostrud exercitation ullamco laboris nisi ut aliquip ex ea commodo consequat. Duis aute irure dolor in reprehenderit in voluptate velit esse cillum dolore eu fugiat nulla pariatur. Excepteur sint occaecat cupidatat', NULL, 0, 'Idea 56 that suggest that we definitely need a longer title for ideas', 27, 4, NULL),
(97, TIMESTAMP '2018-10-27 00:17:36.01', TIMESTAMP '2018-10-28 00:17:36.01', 'vMGgPanm Lorem ipsum dolor sit amet, consectetur adipiscing elit, sed do eiusmod tempor incididunt ut labore et dolore magna aliqua. Ut enim ad minim veniam, quis nostrud exercitation ullamco laboris nisi ut aliquip ex ea commodo consequat. Duis aute irur', NULL, 0, 'Idea 57 that suggest that we definitely need a longer title for ideas', 28, 8, NULL),
(98, TIMESTAMP '2018-10-26 00:17:36.023', TIMESTAMP '2018-10-27 00:17:36.023', 'EGnatXNd Lorem ipsum dolor sit amet, consectetur adipiscing elit, sed do eiusmod tempor incididunt ut labore et dolore magna aliqua. Ut enim ad minim veniam, quis nostrud exercitation ullamco laboris nisi ut aliquip ex ea commodo consequat. Duis aute irure dolor in reprehenderit in voluptate velit esse cillum dolore eu fugiat nul', NULL, 0, 'Idea 58 that suggest that we definitely need a longer title for ideas', 29, 4, NULL),
(99, TIMESTAMP '2018-10-25 00:17:36.032', TIMESTAMP '2018-10-26 00:17:36.033', 'utQjPzqK Lorem ipsum dolor sit amet, consectetur adipiscing elit, sed do eiusmod tempor incididunt ut labore et dolore magna aliqua.', NULL, 0, 'Idea 59 that suggest that we definitely need a longer title for ideas', 30, 5, NULL),
(100, TIMESTAMP '2018-10-24 00:17:36.037', TIMESTAMP '2018-10-25 00:17:36.038', 'Ce0qTbqp Lorem ipsum dolor sit amet, consectetur adipiscing elit, sed do eiusmod tempor incididunt ut labore et dol', NULL, 0, 'Idea 60 that suggest that we definitely need a longer title for ideas', 21, 3, NULL),
(101, TIMESTAMP '2018-10-23 00:17:36.05', TIMESTAMP '2018-10-24 00:17:36.05', 'kLReYwR7 Lorem ipsum dolor sit amet, consectetur adipiscing elit, sed do eiusmod tempor incididunt ut labore et dolore magna aliqua. Ut enim ad minim veniam, quis nostrud exercitation ulla', NULL, 0, 'Idea 61 that suggest that we definitely need a longer title for ideas', 22, 9, NULL),
(102, TIMESTAMP '2018-10-22 00:17:36.059', TIMESTAMP '2018-10-23 00:17:36.059', 'aGZi8yZc Lorem ipsum dolor sit amet, consectetur adipiscing elit, sed do eiusmod tempor incididunt ut labore et dolore magna aliqua. Ut enim ad minim veniam, quis no', NULL, 0, 'Idea 62 that suggest that we definitely need a longer title for ideas', 23, 7, NULL),
(103, TIMESTAMP '2018-10-21 00:17:36.062', TIMESTAMP '2018-10-22 00:17:36.063', 'Rwh72FQT Lorem ipsum dolor sit amet, consectetur adipiscing elit, sed do eiusmod tempor incididunt ut labore et dolore magna aliqua. Ut enim ad minim veniam, quis nostrud exercitation ullamco laboris nisi ut aliquip ex ea commodo consequat. Duis aute irure dolor in reprehenderit in voluptate velit esse cillum dolore eu fugiat nulla paria', NULL, 0, 'Idea 63 that suggest that we definitely need a longer title for ideas', 24, 13, NULL);
INSERT INTO PUBLIC.LAWS(ID, CREATED_AT, UPDATED_AT, DESCRIPTION, REACHED_QUORUM_AT, STATUS, TITLE, AREA_ID, CREATED_BY_ID, POLL_ID) VALUES
(104, TIMESTAMP '2018-10-20 00:17:36.07', TIMESTAMP '2018-10-21 00:17:36.07', 'hpnglYsC Lorem ipsum dolor sit amet, consectetur adipiscing elit, sed do eiusmod tempor incididunt ut labore et dolore magna aliqua. Ut enim ad minim veniam, quis nostrud exercitation ullamco laboris nisi ut aliquip ex ea commodo consequat. Duis aute irure dolor in reprehenderit in voluptate velit esse cillum dolore eu fugiat nulla pari', NULL, 0, 'Idea 64 that suggest that we definitely need a longer title for ideas', 25, 6, NULL),
(105, TIMESTAMP '2018-10-19 00:17:36.08', TIMESTAMP '2018-10-20 00:17:36.08', 'Tt5Y2SVy Lorem ipsum dolor sit amet, consectetur adipiscing elit, sed do eiusmod tempor incididunt ut labore et dolore magna aliqua. Ut enim ad minim veniam, quis nostrud exercitation ullamco laboris nisi ut aliquip ex ea commodo consequat. Duis aute irure dolor in', NULL, 0, 'Idea 65 that suggest that we definitely need a longer title for ideas', 26, 9, NULL),
(106, TIMESTAMP '2018-10-18 00:17:36.084', TIMESTAMP '2018-10-19 00:17:36.084', 'pMl6QrqK Lorem ipsum dolor sit amet, consectetur adipiscing elit, sed do eiusmod tempor incididunt ut labore et dolore magna aliqua. Ut enim ad minim veniam, quis nostrud exercitation ullamco laboris nisi ut aliquip ex ea commod', NULL, 0, 'Idea 66 that suggest that we definitely need a longer title for ideas', 27, 10, NULL),
(107, TIMESTAMP '2018-10-17 00:17:36.089', TIMESTAMP '2018-10-18 00:17:36.089', 'qvHl6Sc9 Lorem ipsum dolor sit amet, consectetur adipiscing elit, sed do eiusmod tempor incididunt ut labore et dolore magna aliqua. Ut enim ad mini', NULL, 0, 'Idea 67 that suggest that we definitely need a longer title for ideas', 28, 15, NULL),
(108, TIMESTAMP '2018-10-16 00:17:36.1', TIMESTAMP '2018-10-17 00:17:36.1', 'YLFlvVxl Lorem ipsum dolor sit amet, consectetur a', NULL, 0, 'Idea 68 that suggest that we definitely need a longer title for ideas', 29, 9, NULL),
(109, TIMESTAMP '2018-10-15 00:17:36.107', TIMESTAMP '2018-10-16 00:17:36.107', 'rkNUAJKI Lorem ipsum dolor sit amet, consectetur adipiscing elit, sed do eiusmod tempor incididunt ut labore ', NULL, 0, 'Idea 69 that suggest that we definitely need a longer title for ideas', 30, 17, NULL),
(110, TIMESTAMP '2018-10-14 00:17:36.115', TIMESTAMP '2018-10-15 00:17:36.115', '1YG47Ciq Lorem ipsum dolor sit amet, consectetur adipiscing elit, sed do eiusmod tempor incididunt ut labore et dolore magna aliqua. Ut enim ad minim veniam, quis nostrud exercitation ullamco laboris nisi ut aliquip ex ea commodo consequat. Duis aute irure dolor in reprehenderit in voluptate velit esse cillum dolore eu fugiat nulla pariatur.', NULL, 0, 'Idea 70 that suggest that we definitely need a longer title for ideas', 21, 5, NULL),
(111, TIMESTAMP '2018-10-13 00:17:36.123', TIMESTAMP '2018-10-14 00:17:36.123', 'o3h8lnMB Lorem ipsum dolor sit amet, consectetur adipiscing elit, sed do eiusmod tempor incididunt ut labore e', NULL, 0, 'Idea 71 that suggest that we definitely need a longer title for ideas', 22, 4, NULL),
(112, TIMESTAMP '2018-10-12 00:17:36.126', TIMESTAMP '2018-10-13 00:17:36.127', 'EgrLrR2r Lorem ipsum dolor sit amet, consectetur adipiscing elit, sed do eiusmod tempor incididunt ut labore et dolore magna aliqua. Ut enim ad minim veniam, quis nostrud exercitation ullamco laboris nisi ut aliquip ex ea commodo consequat. Duis aute irure dolor in reprehenderit in voluptate velit esse cillum dolore eu fugiat nulla pariatur. Excepteur sint occaecat cupidatat non proident', NULL, 0, 'Idea 72 that suggest that we definitely need a longer title for ideas', 23, 12, NULL),
(113, TIMESTAMP '2018-10-11 00:17:36.134', TIMESTAMP '2018-10-12 00:17:36.134', 'aARKba5e Lorem ipsum dolor sit amet, consectetur adipiscing elit, sed do eiusmod tempor incididunt ut labore et dolo', NULL, 0, 'Idea 73 that suggest that we definitely need a longer title for ideas', 24, 14, NULL),
(114, TIMESTAMP '2018-10-10 00:17:36.144', TIMESTAMP '2018-10-11 00:17:36.144', '7XkoT3L7 Lorem ipsum dolor sit amet, consectetur adipiscing elit, sed do eiusmod tempor incididunt ut labore et dolore magna aliqua. Ut enim ad minim veniam, quis nostrud exercitation ullamco laboris nisi ut aliquip ex ea commodo co', NULL, 0, 'Idea 74 that suggest that we definitely need a longer title for ideas', 25, 5, NULL);
INSERT INTO PUBLIC.LAWS(ID, CREATED_AT, UPDATED_AT, DESCRIPTION, REACHED_QUORUM_AT, STATUS, TITLE, AREA_ID, CREATED_BY_ID, POLL_ID) VALUES
(115, TIMESTAMP '2018-10-09 00:17:36.148', TIMESTAMP '2018-10-10 00:17:36.148', '1DB6dfEX Lorem ipsum dolor sit amet, consectetur adipiscing elit, sed do eiusmod tempor incididunt ut labore et dolore magna', NULL, 0, 'Idea 75 that suggest that we definitely need a longer title for ideas', 26, 5, NULL),
(116, TIMESTAMP '2018-10-08 00:17:36.159', TIMESTAMP '2018-10-09 00:17:36.159', 's3q6rgPM Lorem ipsum dolor sit amet, consectetur adipiscing elit, sed do eiusmod tempor incididunt ut labore et dolore magna aliqua. Ut enim ad minim veniam, quis nostrud exercitation ullamco laboris nisi ut aliquip ex ea commodo consequat. Duis aute irure dolor in reprehenderit in voluptate velit esse cillum', NULL, 0, 'Idea 76 that suggest that we definitely need a longer title for ideas', 27, 6, NULL),
(117, TIMESTAMP '2018-10-07 00:17:36.169', TIMESTAMP '2018-10-08 00:17:36.169', 'zEBqhTrG Lorem ipsum dolor sit amet, consectetur adipiscing elit, sed do eiusmod tempor incididunt ut labore et dolore magna aliqua. Ut enim ad minim veniam, quis nostrud exercitatio', NULL, 0, 'Idea 77 that suggest that we definitely need a longer title for ideas', 28, 7, NULL),
(118, TIMESTAMP '2018-10-06 00:17:36.172', TIMESTAMP '2018-10-07 00:17:36.173', 'oufp6Ymt Lorem ipsum dolor sit amet, consectetur adipiscing elit, sed do eiusmod tempor incididunt ut labore et dolore magna aliqua. Ut enim ad minim veniam, quis nostrud exercitation ullamco laboris nisi ut aliquip ex ea commodo consequat. Duis aute irure dolor in reprehenderit in voluptate velit esse cillum dolore eu fugiat nulla pariatur. Exc', NULL, 0, 'Idea 78 that suggest that we definitely need a longer title for ideas', 29, 10, NULL),
(119, TIMESTAMP '2018-10-05 00:17:36.178', TIMESTAMP '2018-10-06 00:17:36.178', 'x5vHn0rD Lorem ipsum dolor sit amet, consectetur adipiscing elit, sed do eiusmod tempor incididunt ut labore et dolore magna aliqua. Ut enim ad minim veniam, quis nostrud exercitation ullamco la', NULL, 0, 'Idea 79 that suggest that we definitely need a longer title for ideas', 30, 7, NULL),
(120, TIMESTAMP '2018-10-04 00:17:36.183', TIMESTAMP '2018-10-05 00:17:36.183', 'RRtrNjbg Lorem ipsum dolor sit amet, consectetur adipiscing elit, sed do eiusmod tempor incididunt ut labore et dolore magna aliqua. Ut enim ad minim veniam, quis nostrud exercitation ullamco laboris nisi ut aliquip ex ea commodo consequat. Duis aute irure dolor in reprehenderit in volu', NULL, 0, 'Idea 80 that suggest that we definitely need a longer title for ideas', 21, 11, NULL),
(121, TIMESTAMP '2018-10-03 00:17:36.193', TIMESTAMP '2018-10-04 00:17:36.193', 'antzpJ5r Lorem ipsum dolor sit amet, consectetur adipiscing elit, sed do eiusmod tempor incididunt ut labore et dolore magna aliqua. Ut enim ad minim veniam, quis nostrud exercitation ullamco laboris nisi ut aliquip ex ea commodo consequat. Duis aute irure dolor in reprehenderit in voluptate velit esse cillum dolore eu fugiat ', NULL, 0, 'Idea 81 that suggest that we definitely need a longer title for ideas', 22, 13, NULL),
(122, TIMESTAMP '2018-10-02 00:17:36.2', TIMESTAMP '2018-10-03 00:17:36.2', 'jJ0lkAMW Lorem ipsum dolor sit amet, consectetur adipiscing elit, sed do eiusmod tempor incididunt ut labore et dolore magna aliqua. Ut enim ad minim veniam, quis nostrud exercitation ullamco laboris nisi ut aliquip ex ea commodo consequat. Duis aute irure dolor in reprehenderit in voluptate velit esse cillum dolore eu fugiat nulla pariatur. ', NULL, 0, 'Idea 82 that suggest that we definitely need a longer title for ideas', 23, 14, NULL),
(123, TIMESTAMP '2018-10-01 00:17:36.209', TIMESTAMP '2018-10-02 00:17:36.209', '7qCli98j Lorem ipsum dolor sit amet, consectetur adipiscing elit, sed do eiusmod tempor incididunt ut labore et dolore magna aliqua. Ut enim ad minim veniam, quis nostrud exercitation ullamco laboris nisi ut aliquip ex ea commodo consequat. Duis aute irure d', NULL, 0, 'Idea 83 that suggest that we definitely need a longer title for ideas', 24, 1, NULL);
INSERT INTO PUBLIC.LAWS(ID, CREATED_AT, UPDATED_AT, DESCRIPTION, REACHED_QUORUM_AT, STATUS, TITLE, AREA_ID, CREATED_BY_ID, POLL_ID) VALUES
(124, TIMESTAMP '2018-09-30 00:17:36.215', TIMESTAMP '2018-10-01 00:17:36.215', 'PJPTdXSh Lorem ipsum dolor sit amet, consectetur adipiscing elit, sed do eiusmod tempor incididunt ut labore et dolore magna aliqua. Ut enim ad minim veniam, quis nostrud exercitation ullamco laboris nisi ut aliquip ex ea commodo consequat. Duis aute irure dolor in reprehenderit in voluptate velit esse cillum dolore eu fugiat nulla pariatur. Excepte', NULL, 0, 'Idea 84 that suggest that we definitely need a longer title for ideas', 25, 4, NULL),
(125, TIMESTAMP '2018-09-29 00:17:36.22', TIMESTAMP '2018-09-30 00:17:36.22', 'r02JRiM4 Lorem ipsum dolor sit amet, consectetur adipiscing elit, sed do eiusmod tempor', NULL, 0, 'Idea 85 that suggest that we definitely need a longer title for ideas', 26, 5, NULL),
(126, TIMESTAMP '2018-09-28 00:17:36.224', TIMESTAMP '2018-09-29 00:17:36.225', 'TVHE9wzf Lorem ipsum dolor sit amet, consectetur adipiscing elit, sed do eiusmod tempor incididunt ut labore et dolore magna aliqua. Ut enim ad minim veniam, quis nostrud exercitation ullamco laboris nisi ut aliquip ex ea commodo consequat. Duis aute irure dolor in reprehenderit in vo', NULL, 0, 'Idea 86 that suggest that we definitely need a longer title for ideas', 27, 14, NULL),
(127, TIMESTAMP '2018-09-27 00:17:36.239', TIMESTAMP '2018-09-28 00:17:36.239', 'eB0jwMVD Lorem ipsum dolor sit amet, consectetur adipiscing elit, sed do eiusmod tempor incididunt ut labore et dolore magna aliqua. Ut enim ad minim veniam, quis nostrud exercitation ullamco laboris nisi ut aliquip ex ea commod', NULL, 0, 'Idea 87 that suggest that we definitely need a longer title for ideas', 28, 18, NULL),
(128, TIMESTAMP '2018-09-26 00:17:36.245', TIMESTAMP '2018-09-27 00:17:36.245', 'tqr1NHpJ Lorem ipsum dolor sit amet, consectetur adipiscing elit, sed do eiusmod tempor incididunt ut labore et dolore magna aliqua', NULL, 0, 'Idea 88 that suggest that we definitely need a longer title for ideas', 29, 10, NULL),
(129, TIMESTAMP '2018-09-25 00:17:36.251', TIMESTAMP '2018-09-26 00:17:36.251', 'rXz9Qi51 Lor', NULL, 0, 'Idea 89 that suggest that we definitely need a longer title for ideas', 30, 10, NULL),
(130, TIMESTAMP '2018-09-24 00:17:36.257', TIMESTAMP '2018-09-25 00:17:36.258', 'ywAsO29x Lorem ipsum dolor sit amet, consectetur adipiscing elit, sed do eiusmod tempor incididunt ut labore et dolore magna aliqua. Ut enim ad minim veniam, quis nostrud exercitation ullamco laboris nisi ut aliquip ex ea commodo conseq', NULL, 0, 'Idea 90 that suggest that we definitely need a longer title for ideas', 21, 14, NULL),
(131, TIMESTAMP '2018-09-23 00:17:36.265', TIMESTAMP '2018-09-24 00:17:36.265', '6BGw57QB Lorem ipsum dolor sit amet, consectetur adipiscing elit, sed do eiusmod tempor incididunt ut labore et dolore magna aliqua. Ut eni', NULL, 0, 'Idea 91 that suggest that we definitely need a longer title for ideas', 22, 14, NULL),
(132, TIMESTAMP '2018-09-22 00:17:36.272', TIMESTAMP '2018-09-23 00:17:36.272', 'LRoKJamg Lorem ipsum dolor sit amet, consectetur adipiscing elit, sed do eiusmod tempor incididunt ut labore et dolore magna aliqua. Ut enim ad minim veniam, quis nostrud exercitation ullamco laboris nisi ut aliquip ex ea commodo consequat. Duis aute irure dolor in reprehenderit in voluptate velit esse cillum dolore eu fugiat nulla pariatur. Excepteur sint occaecat cupidat', NULL, 0, 'Idea 92 that suggest that we definitely need a longer title for ideas', 23, 17, NULL),
(133, TIMESTAMP '2018-09-21 00:17:36.28', TIMESTAMP '2018-09-22 00:17:36.28', 'CDgzQ8SX Lorem ipsum dolor sit amet, consectetur adipiscing elit, sed do eiusmod tempor incididunt ut labore et dolore magna aliqua. Ut enim ad minim veniam, qui', NULL, 0, 'Idea 93 that suggest that we definitely need a longer title for ideas', 24, 1, NULL),
(134, TIMESTAMP '2018-09-20 00:17:36.285', TIMESTAMP '2018-09-21 00:17:36.285', 'PfIXBVJt Lorem ipsum dolor sit amet, consectetur adipiscing elit, sed do eiusmod tempor incididunt ut labore et dolore', NULL, 0, 'Idea 94 that suggest that we definitely need a longer title for ideas', 25, 16, NULL);
INSERT INTO PUBLIC.LAWS(ID, CREATED_AT, UPDATED_AT, DESCRIPTION, REACHED_QUORUM_AT, STATUS, TITLE, AREA_ID, CREATED_BY_ID, POLL_ID) VALUES
(135, TIMESTAMP '2018-09-19 00:17:36.292', TIMESTAMP '2018-09-20 00:17:36.292', 'f5ZeynQb Lorem ipsum dolor s', NULL, 0, 'Idea 95 that suggest that we definitely need a longer title for ideas', 26, 20, NULL),
(136, TIMESTAMP '2018-09-18 00:17:36.302', TIMESTAMP '2018-09-19 00:17:36.303', 'CkoT83kE Lorem ipsum dolor sit amet, consectetur adipiscing elit, sed do eiusmod tempor incididunt ut labore et do', NULL, 0, 'Idea 96 that suggest that we definitely need a longer title for ideas', 27, 14, NULL),
(137, TIMESTAMP '2018-09-17 00:17:36.308', TIMESTAMP '2018-09-18 00:17:36.309', 'saFugdCJ Lorem ipsum dolor sit amet, consectetur adipiscing elit, sed do eiusmod tempor in', NULL, 0, 'Idea 97 that suggest that we definitely need a longer title for ideas', 28, 7, NULL),
(138, TIMESTAMP '2018-09-16 00:17:36.318', TIMESTAMP '2018-09-17 00:17:36.318', 'gvvVx4PD Lorem ipsum dolor sit amet, consectetur adipiscing elit, sed do eiusmod tempor incididunt ut labore et dolore magna aliqua. Ut enim ad minim veniam, quis nostrud exercitation ullamco laboris nisi ut aliquip ex ea commodo consequat. Duis aute irure dolor in reprehenderit in voluptate velit esse cillum dolore eu fugiat nulla pariatur. Excepteur sint occ', NULL, 0, 'Idea 98 that suggest that we definitely need a longer title for ideas', 29, 4, NULL),
(139, TIMESTAMP '2018-09-15 00:17:36.326', TIMESTAMP '2018-09-16 00:17:36.326', 'dAgvPOCp Lorem ipsum dolor sit amet, consectetur adipiscing elit, sed do eiusmod tempor incididunt ut labore et dolore magna aliqua. Ut enim ad minim veniam, quis nostrud exercitation ullamco laboris nisi ut aliquip ex ea commodo consequat. Duis aute irure dolor in reprehenderit in voluptate velit esse cillum dolore eu fugiat nulla pariatur. Excepteur sint occaecat cupidatat non proident, sunt in c', NULL, 0, 'Idea 99 that suggest that we definitely need a longer title for ideas', 30, 12, NULL),
(140, TIMESTAMP '2018-09-14 00:17:36.33', TIMESTAMP '2018-09-15 00:17:36.33', 't2CejIjE Lorem ipsum dolor sit amet, consectetur adipiscing elit, sed do eiusmod tempor incididunt ut labore et dolore magna aliqua. Ut enim ad minim veniam, quis nostrud exercitation ullamco laboris nisi ut aliquip ex ea commodo consequat. Duis aute irure dolor in reprehenderit in voluptate', NULL, 0, 'Idea 100 that suggest that we definitely need a longer title for ideas', 21, 8, NULL),
(141, TIMESTAMP '2018-09-13 00:17:36.338', TIMESTAMP '2018-09-14 00:17:36.338', 'CecwKJTh Lorem ipsum dolor sit amet, consectetur adipiscing elit, sed do eiusmod tempor', NULL, 0, 'Idea 101 that suggest that we definitely need a longer title for ideas', 22, 7, NULL),
(142, TIMESTAMP '2018-09-12 00:17:36.341', TIMESTAMP '2018-09-13 00:17:36.341', 'YNe7LIPg Lorem ipsum dolor sit amet, consectetur adipiscing elit, sed do eiusmod tempor incididunt ut labore et dolore magna aliqua. Ut enim ad minim veniam, quis nostrud exercitation ullamco laboris nisi ut aliquip ex ea commodo consequat. Duis aute irure dolor in reprehenderit in voluptate velit esse cillum dolore eu fugi', NULL, 0, 'Idea 102 that suggest that we definitely need a longer title for ideas', 23, 12, NULL),
(143, TIMESTAMP '2018-09-11 00:17:36.348', TIMESTAMP '2018-09-12 00:17:36.348', 'DiGwLUux Lorem ipsum dolor sit amet, consectetur ad', NULL, 0, 'Idea 103 that suggest that we definitely need a longer title for ideas', 24, 2, NULL),
(144, TIMESTAMP '2018-09-10 00:17:36.354', TIMESTAMP '2018-09-11 00:17:36.355', 'BRgROUPL Lorem ipsum ', NULL, 0, 'Idea 104 that suggest that we definitely need a longer title for ideas', 25, 16, NULL),
(145, TIMESTAMP '2018-09-09 00:17:36.358', TIMESTAMP '2018-09-10 00:17:36.359', 'lW8FXtYc Lorem ipsum dolor sit amet, consectetur adipiscing elit, sed do eiusmod tempor incididunt ut labore et dolore magna aliqua. Ut enim ad minim veniam, ', NULL, 0, 'Idea 105 that suggest that we definitely need a longer title for ideas', 26, 20, NULL),
(146, TIMESTAMP '2018-09-08 00:17:36.363', TIMESTAMP '2018-09-09 00:17:36.363', 'nZvDvc0X Lorem ipsum dolor sit', NULL, 0, 'Idea 106 that suggest that we definitely need a longer title for ideas', 27, 12, NULL);
INSERT INTO PUBLIC.LAWS(ID, CREATED_AT, UPDATED_AT, DESCRIPTION, REACHED_QUORUM_AT, STATUS, TITLE, AREA_ID, CREATED_BY_ID, POLL_ID) VALUES
(147, TIMESTAMP '2018-09-07 00:17:36.366', TIMESTAMP '2018-09-08 00:17:36.366', 'Wkgl7OFt Lorem', NULL, 0, 'Idea 107 that suggest that we definitely need a longer title for ideas', 28, 16, NULL),
(148, TIMESTAMP '2018-09-06 00:17:36.374', TIMESTAMP '2018-09-07 00:17:36.374', '2sqsw9rX Lorem ipsum dolor sit amet, consectetur adipiscing elit, sed do eiusmod tempor incididunt ut labore et dolore magna aliqua. Ut enim ad minim veniam, quis nostrud exercitation ullamco laboris nisi ut aliquip ex ea commodo consequat. Duis aute irure dolor in reprehenderit in voluptate velit esse cillum dolore eu fugiat nulla pariat', NULL, 0, 'Idea 108 that suggest that we definitely need a longer title for ideas', 29, 17, NULL),
(149, TIMESTAMP '2018-09-05 00:17:36.377', TIMESTAMP '2018-09-06 00:17:36.378', 'nX6vBIH5 Lorem ipsum dolor sit amet, consectetur adipiscing elit, sed do eiusmod tempor incididunt ut labore et dolore magna aliqua. Ut enim ad minim veniam, quis nostrud exercitation ullamco laboris nisi ut aliquip ex ea commodo consequat. Duis aute irure dolor in reprehenderit in voluptate velit esse cillum dolore eu fugiat nulla ', NULL, 0, 'Idea 109 that suggest that we definitely need a longer title for ideas', 30, 3, NULL),
(150, TIMESTAMP '2018-09-04 00:17:36.386', TIMESTAMP '2018-09-05 00:17:36.386', 'e3i2I5P3 Lorem ipsum dolor sit amet, consectetur adipiscing elit, sed do eiusmod tempor incididunt ut labore et dolore', NULL, 0, 'Idea 110 that suggest that we definitely need a longer title for ideas', 21, 6, NULL),
(151, TIMESTAMP '2018-12-21 00:17:36.4', TIMESTAMP '2018-12-22 00:17:36.4', 'FosMMq5r Lorem ipsum dolor sit amet, consectetur adipiscing elit, sed do eiusmod tempor incididunt ut labore et dolore magna aliqua. Ut enim ad minim veniam, quis nostrud exercitation ullamco laboris nisi ut aliquip ex ea commodo consequat. Duis aute irure dolor in reprehenderit in voluptate velit esse cillum dolore eu fugiat nulla pariatur.', TIMESTAMP '2018-12-24 00:17:36.397', 1, 'Proposal 0 that reached its quorum', 24, 3, NULL),
(152, TIMESTAMP '2018-12-17 00:17:36.414', TIMESTAMP '2018-12-18 00:17:36.415', 'pDNAsKgx Lorem ipsum dolor sit amet, consectetur adipiscing elit, sed do eiusmod tempor incididunt ut labore et dolore magna aliqua. Ut enim ad minim veniam, quis nostrud exercitation ullamco laboris nisi ut aliquip ex ea commodo consequat. Duis aute irure dolor in reprehenderit in voluptate velit esse cillum dolore eu fugiat nulla pariatur. Excepteur sint occaecat cupidatat non proident, sunt in', TIMESTAMP '2018-12-24 00:17:36.413', 1, 'Proposal 1 that reached its quorum', 25, 17, NULL),
(153, TIMESTAMP '2018-12-16 00:17:36.428', TIMESTAMP '2018-12-17 00:17:36.428', 'u0M2G4Nb Lorem ipsum dolor sit amet, consectetur adipiscing elit, sed do eiusmod tempor incididunt ut labore et dolore magna aliqua. Ut enim ad minim veniam, quis nostrud exercitation ullamco laboris nisi ut aliquip ex ea commodo consequat. Duis aute irure dolor in reprehenderit in voluptate velit esse cillum dolore eu fugiat nulla pariatur.', TIMESTAMP '2018-12-24 00:17:36.426', 1, 'Proposal 2 that reached its quorum', 29, 10, NULL),
(154, TIMESTAMP '2018-12-23 00:17:36.441', TIMESTAMP '2018-12-24 00:17:36.441', 'BCSu9Tos Lorem ipsum dolor sit amet, consectetur adipiscing elit, sed do eiusmod tempor incididunt ut labore et dolore magna aliqua. Ut enim ad minim veniam, quis nostrud exercitation ullamco laboris nisi ut aliquip ex ea commodo consequat. Duis aute irure dolor in reprehenderit in voluptate velit esse cillum dolore eu fugiat nulla pa', TIMESTAMP '2018-12-24 00:17:36.439', 1, 'Proposal 3 that reached its quorum', 27, 13, NULL),
(155, TIMESTAMP '2018-12-17 00:17:36.453', TIMESTAMP '2018-12-18 00:17:36.453', 'GsQnHbzZ Lorem ipsum dolor sit amet, consectetur adipiscing elit, sed do eiusmod tempor incididunt ut labore et dolore magna aliqua. Ut enim ad minim veniam, quis nostrud exercitation ullamco laboris nisi ut aliquip ex ea commodo consequat. Duis aute irure dolor in reprehenderit in voluptate velit esse cillum dolore eu fugiat nulla pariatur. Excep', TIMESTAMP '2018-12-24 00:17:36.451', 1, 'Proposal 4 that reached its quorum', 29, 2, NULL);
INSERT INTO PUBLIC.LAWS(ID, CREATED_AT, UPDATED_AT, DESCRIPTION, REACHED_QUORUM_AT, STATUS, TITLE, AREA_ID, CREATED_BY_ID, POLL_ID) VALUES
(156, TIMESTAMP '2018-12-15 00:17:36.468', TIMESTAMP '2018-12-16 00:17:36.468', '8RJZnkXX Lorem ipsum dolor sit amet, consectetur adipiscing elit, sed do eiusmod tempor incididunt ut labore et dolore magna aliqua. Ut enim ad minim veniam, quis nostrud exercitation ullamco laboris nisi ut aliquip ex ea commodo consequat. Duis aute irure ', TIMESTAMP '2018-12-24 00:17:36.465', 1, 'Proposal 5 that reached its quorum', 26, 19, NULL),
(157, TIMESTAMP '2018-12-23 00:17:36.481', TIMESTAMP '2018-12-24 00:17:36.481', 'hSmPiq4S Lorem ipsu', TIMESTAMP '2018-12-24 00:17:36.479', 1, 'Proposal 6 that reached its quorum', 30, 18, NULL),
(158, TIMESTAMP '2018-12-24 00:17:36.495', TIMESTAMP '2018-12-24 00:17:36.495', 'HRqU1WNg Lorem ipsum dolor sit amet, consectetur adipiscing elit, sed do eiusmod tempor incididunt ut labore et dolore magna aliqua. Ut enim ad minim veniam, quis nostrud exercitation ullamco laboris nisi ut aliquip ex ea commodo consequa', TIMESTAMP '2018-12-24 00:17:36.492', 1, 'Proposal 7 that reached its quorum', 26, 20, NULL),
(159, TIMESTAMP '2018-12-22 00:17:36.508', TIMESTAMP '2018-12-23 00:17:36.508', 'g3nrBmqu Lorem ipsum dolor sit amet, consectetur adipiscing elit, sed do eiusmod tempor incididunt ut labore et dolor', TIMESTAMP '2018-12-24 00:17:36.506', 1, 'Proposal 8 that reached its quorum', 22, 7, NULL),
(160, TIMESTAMP '2018-12-23 00:17:36.522', TIMESTAMP '2018-12-24 00:17:36.522', 'qDx40Ruw Lorem ipsum dolor sit amet, consectetur adipiscing elit, sed do eiusmod tempor incididunt ut labore et dolore magna aliqua. Ut enim ad minim veniam, quis nostrud exercitation ullamco laboris nisi ut aliquip ex ea commodo consequat. Duis aute irure dolor in reprehenderit in voluptate velit esse cillum dolore eu fugiat nulla paria', TIMESTAMP '2018-12-24 00:17:36.52', 1, 'Proposal 9 that reached its quorum', 24, 19, NULL),
(161, TIMESTAMP '2018-12-18 00:17:36.534', TIMESTAMP '2018-12-19 00:17:36.534', 'mjer67Zt Lorem ipsum dolor sit amet, consectetur adipiscing elit, sed do eiusmod tempor incididunt ut labore et dolore magna aliqua. Ut enim ad minim veniam, quis nostrud exercitation ullamco laboris nisi ut aliquip ex ea commodo consequat. Duis aute irure dolor in reprehenderit in voluptate velit esse cillum dolore eu fugiat nulla pariatur. Excepteur sint occaecat c', TIMESTAMP '2018-12-24 00:17:36.532', 1, 'Proposal 10 that reached its quorum', 23, 19, NULL),
(162, TIMESTAMP '2018-12-21 00:17:36.546', TIMESTAMP '2018-12-22 00:17:36.547', 'PjktiSeK Lorem ipsum dolor sit amet, consectetur adipiscing elit, sed do eiusmod tempor incididunt ut labore et dolore magna aliqua. Ut enim ad minim veniam, quis nostrud exercitation ullamco laboris nisi ut a', TIMESTAMP '2018-12-24 00:17:36.544', 1, 'Proposal 11 that reached its quorum', 27, 12, NULL),
(163, TIMESTAMP '2018-12-15 00:17:36.559', TIMESTAMP '2018-12-16 00:17:36.559', 'HN1hK9cN Lorem ipsum dolor sit amet, consectetur adipiscing elit, sed do eiusmod tempor incididunt ut labore et dolore magna aliqua. Ut enim ad minim veniam, quis nostrud exercitation ullamco laboris nisi ut aliquip ex ea commodo consequat. Duis aute irure dolor in reprehenderit in voluptate velit esse cillum ', TIMESTAMP '2018-12-24 00:17:36.557', 1, 'Proposal 12 that reached its quorum', 29, 5, NULL),
(164, TIMESTAMP '2018-12-20 00:17:36.57', TIMESTAMP '2018-12-21 00:17:36.571', 's7olvhlp Lorem ipsum dolor sit amet, consectetur adipiscing elit, sed do', TIMESTAMP '2018-12-24 00:17:36.569', 1, 'Proposal 13 that reached its quorum', 27, 7, NULL),
(165, TIMESTAMP '2018-12-15 00:17:36.582', TIMESTAMP '2018-12-16 00:17:36.582', 'HKHrhins Lorem ipsum dolor sit amet, consectetur adipiscing elit, sed do eiusmod tempor incididunt ut labore et dolore magna aliqua. Ut enim ad minim veniam, quis nostrud exercitation ullamco laboris nisi ut aliquip ex ea commodo consequat. Duis aute irure dolor in reprehenderit in voluptate velit esse cillum dolore eu fugiat nu', TIMESTAMP '2018-12-24 00:17:36.58', 1, 'Proposal 14 that reached its quorum', 23, 18, NULL);
INSERT INTO PUBLIC.LAWS(ID, CREATED_AT, UPDATED_AT, DESCRIPTION, REACHED_QUORUM_AT, STATUS, TITLE, AREA_ID, CREATED_BY_ID, POLL_ID) VALUES
(166, TIMESTAMP '2018-12-19 00:17:36.613', TIMESTAMP '2018-12-20 00:17:36.614', 'qCUwiQeH Lorem ipsum dolor sit amet, consectetur adipiscing elit, sed do eiusmod tempor incididunt ut labore et dolore magna aliqua. Ut enim ad minim veniam, quis nostrud exercitation ullamco laboris nisi ut aliquip ex ea commodo consequat. Duis aute irure dolor in reprehenderit in voluptate velit esse cillum dolore eu fugiat nulla pariatur. Excepteur sint occaecat cupidatat n', TIMESTAMP '2018-12-24 00:17:36.611', 1, 'Proposal 15 that reached its quorum', 30, 11, NULL),
(167, TIMESTAMP '2018-12-15 00:17:36.631', TIMESTAMP '2018-12-16 00:17:36.631', 'CjJ5UsWs Lorem ipsum dolor sit amet, consecte', TIMESTAMP '2018-12-24 00:17:36.627', 1, 'Proposal 16 that reached its quorum', 29, 19, NULL),
(168, TIMESTAMP '2018-12-17 00:17:36.648', TIMESTAMP '2018-12-18 00:17:36.648', '4QGjUrv8 Lorem ipsum dolor sit amet, consectetur adipiscing el', TIMESTAMP '2018-12-24 00:17:36.646', 1, 'Proposal 17 that reached its quorum', 22, 12, NULL),
(169, TIMESTAMP '2018-12-16 00:17:36.666', TIMESTAMP '2018-12-17 00:17:36.666', 'BeLtWbmt Lorem ipsum dolor sit amet, consectetur adipiscing elit, sed do eiusmod tempor incididunt ut ', TIMESTAMP '2018-12-24 00:17:36.664', 1, 'Proposal 18 that reached its quorum', 28, 1, NULL),
(170, TIMESTAMP '2018-12-16 00:17:36.68', TIMESTAMP '2018-12-17 00:17:36.681', 'zhnh5TJu Lorem ipsum dolor sit amet, consectetur adipiscing elit, sed do eiusmod tempor incididunt ut labore et dolore magna aliqua. Ut enim ad minim veniam, quis nostrud exercitation ullamco laboris nisi ut aliquip ex ea commodo consequat. Duis aute irure dolor in reprehenderit in voluptate velit esse cillum dolore eu fugiat nulla pariatur. Excepteur sint occaecat cupidatat non proident, su', TIMESTAMP '2018-12-24 00:17:36.678', 1, 'Proposal 19 that reached its quorum', 26, 14, NULL),
(171, TIMESTAMP '2018-12-17 00:17:36.705', TIMESTAMP '2018-12-18 00:17:36.705', 'yR3YPgUI Lorem ipsum dolor sit amet, consectetur adipiscing elit, sed do eiusmod tempor incididunt ut labore et dolore magna aliqua. Ut enim ad minim veniam, quis nostrud exercitation ullamco laboris nisi ut aliquip ex ea commodo consequat. Duis aute irure dolor in reprehenderit in vol', TIMESTAMP '2018-12-24 00:17:36.702', 1, 'Proposal 20 that reached its quorum', 21, 17, NULL),
(172, TIMESTAMP '2018-12-15 00:17:36.718', TIMESTAMP '2018-12-16 00:17:36.718', 'kr6vwybe Lorem ipsum dolor sit amet, consectetur adipiscing elit, sed do eiusmod tempor incididunt ut labore et dolore magna aliqua. Ut enim ad minim veniam, quis nostrud exercitation ullamco laboris nisi ut aliquip ', TIMESTAMP '2018-12-24 00:17:36.716', 1, 'Proposal 21 that reached its quorum', 28, 13, NULL),
(173, TIMESTAMP '2018-12-17 00:17:36.729', TIMESTAMP '2018-12-18 00:17:36.729', 'yZGAeWRd Lorem ipsum dolor sit amet, consectetur adipiscing elit, sed do eiusmod tempor incididunt ut labore et dolore magna aliqua. Ut enim ad minim veniam, quis nostrud exer', TIMESTAMP '2018-12-24 00:17:36.728', 1, 'Proposal 22 that reached its quorum', 25, 2, NULL),
(174, TIMESTAMP '2018-12-19 00:17:36.74', TIMESTAMP '2018-12-20 00:17:36.74', 't7L3CLkg Lorem ipsum dolor sit amet, consectetur adipiscing elit, sed do eiusmod tempor incididunt ut labore et dolore magna aliqua. Ut enim ad minim veniam, quis nostrud exercitation ullamco laboris nisi ut aliquip ex ea commodo consequat. ', TIMESTAMP '2018-12-24 00:17:36.738', 1, 'Proposal 23 that reached its quorum', 28, 6, NULL),
(175, TIMESTAMP '2018-12-19 00:17:36.751', TIMESTAMP '2018-12-20 00:17:36.751', 'ow6EB2xR Lorem ipsum dolor sit amet, consectetur adipiscing elit, sed do eiusmod tempor incididunt ut labore et dolore magna aliqua. Ut enim ad minim veniam, quis nostrud exercitation ullamco laboris nisi ut aliquip ex ea commodo consequat. Duis aute irure dolor in reprehenderit in voluptate velit esse cillum dolore eu fugiat nulla pariatur. Excepteur sint occaecat cupi', TIMESTAMP '2018-12-24 00:17:36.749', 1, 'Proposal 24 that reached its quorum', 24, 15, NULL);
INSERT INTO PUBLIC.LAWS(ID, CREATED_AT, UPDATED_AT, DESCRIPTION, REACHED_QUORUM_AT, STATUS, TITLE, AREA_ID, CREATED_BY_ID, POLL_ID) VALUES
(176, TIMESTAMP '2018-12-18 00:17:36.764', TIMESTAMP '2018-12-19 00:17:36.764', 'fClhHOay Lorem ipsum dolor sit amet, consectetur adipiscing elit, sed do eiusmod tempor incididunt ut labore et dolore magna aliqua. Ut enim ad minim veniam, quis nostrud exercitation ullamco laboris nisi ut aliquip ex ea commodo consequat. Duis aute irure dolor in reprehenderit in voluptate velit esse cillum dolore eu fugiat nulla pariatur. Excepteur si', TIMESTAMP '2018-12-24 00:17:36.761', 1, 'Proposal 25 that reached its quorum', 27, 17, NULL),
(177, TIMESTAMP '2018-12-15 00:17:36.774', TIMESTAMP '2018-12-16 00:17:36.774', 'ptbzLsGL Lo', TIMESTAMP '2018-12-24 00:17:36.772', 1, 'Proposal 26 that reached its quorum', 22, 17, NULL),
(178, TIMESTAMP '2018-12-24 00:17:36.784', TIMESTAMP '2018-12-24 00:17:36.785', 'tNrWOlqS Lorem ipsum dolor sit amet, consectetur adipiscing elit, sed do eiusmod tempor incididunt ut labore et dolore magna al', TIMESTAMP '2018-12-24 00:17:36.783', 1, 'Proposal 27 that reached its quorum', 25, 2, NULL),
(179, TIMESTAMP '2018-12-23 00:17:36.795', TIMESTAMP '2018-12-24 00:17:36.795', 'Jr4ROgom Lorem ipsum d', TIMESTAMP '2018-12-24 00:17:36.793', 1, 'Proposal 28 that reached its quorum', 24, 7, NULL),
(180, TIMESTAMP '2018-12-16 00:17:36.805', TIMESTAMP '2018-12-17 00:17:36.805', 'LM2tfKUD Lorem ipsum dolor sit amet, consectetur adipiscing elit, sed do eiusmod tempor incididunt ut labore et dolore magna aliqua. Ut enim ad minim veniam, quis nostrud exercitation ullamco laboris nisi ut aliquip ex ea commodo consequat. Duis aute irure dolor in reprehenderit in voluptate velit esse cillum dolore eu fugiat nulla pariat', TIMESTAMP '2018-12-24 00:17:36.803', 1, 'Proposal 29 that reached its quorum', 21, 13, NULL),
(181, TIMESTAMP '2018-12-19 00:17:36.815', TIMESTAMP '2018-12-20 00:17:36.815', 'eKUUoWz3 Lorem ipsum dolor sit amet, consectetur adipiscing elit, sed do eiusmod tempor incididunt ut labore et dolore magna aliqua. Ut enim ad minim veniam, quis nostrud exercitation ullamco laboris nisi ut aliquip ex ea commodo consequat. Duis', TIMESTAMP '2018-12-24 00:17:36.813', 1, 'Proposal 30 that reached its quorum', 28, 18, NULL),
(182, TIMESTAMP '2018-12-16 00:17:36.829', TIMESTAMP '2018-12-17 00:17:36.829', 'eusB7Y0a Lorem ipsum dolor sit amet, consectetur adipiscing elit, sed do eiusmod tempor incididunt ut labore et dolore', TIMESTAMP '2018-12-24 00:17:36.827', 1, 'Proposal 31 that reached its quorum', 26, 13, NULL),
(183, TIMESTAMP '2018-12-22 00:17:36.844', TIMESTAMP '2018-12-23 00:17:36.844', 'MP64Kwdg Lorem ipsum dolor sit amet, consectetur adipiscing elit, sed do eiusmod tempor incididunt ut labore et dolore magna aliqua. Ut enim ad minim veniam, quis nostrud exercitation ullamco laboris nisi ut aliquip ex ea commodo consequat. Duis aute irure dolor in rep', TIMESTAMP '2018-12-24 00:17:36.842', 1, 'Proposal 32 that reached its quorum', 23, 8, NULL),
(184, TIMESTAMP '2018-12-17 00:17:36.858', TIMESTAMP '2018-12-18 00:17:36.859', 'saVvWE2U Lorem ipsum dolor sit amet, consectetur adipiscing elit, sed do eiusmod tempor incididunt ut labore et dolore magna aliqua. Ut enim ad minim veniam, quis nostrud exercitation ullamco laboris nisi ut aliquip ex ea commodo consequat. Duis aute irure dolor in', TIMESTAMP '2018-12-24 00:17:36.856', 1, 'Proposal 33 that reached its quorum', 25, 8, NULL),
(185, TIMESTAMP '2018-12-24 00:17:36.872', TIMESTAMP '2018-12-24 00:17:36.872', 'aHk2XgNc Lorem ipsum dolor sit amet, consectetur adipiscing elit, sed do eiusmod tempor incididunt ut labore et dolore magna aliqua. Ut enim ad minim veniam, quis nostrud exercitation ullamco laboris nisi ut aliquip ex ea commodo consequat. Duis aute irure dolor in reprehenderit in voluptate velit esse cillum dolore eu fugiat nulla pariat', TIMESTAMP '2018-12-24 00:17:36.87', 1, 'Proposal 34 that reached its quorum', 23, 6, NULL),
(186, TIMESTAMP '2018-12-21 00:17:36.894', TIMESTAMP '2018-12-22 00:17:36.894', '085Z1Kg3 Lorem ipsum dolor sit amet, consectetur adipiscing elit, sed do eiusmod tempor incididunt ut labore et dolore magna aliqua. Ut enim ad minim veniam, quis nostrud exercitation ullamco laboris nisi ut aliquip ex ea commodo consequat. Duis aute irure dolor in reprehenderit in voluptate', TIMESTAMP '2018-12-24 00:17:36.892', 1, 'Proposal 35 that reached its quorum', 24, 19, NULL);
INSERT INTO PUBLIC.LAWS(ID, CREATED_AT, UPDATED_AT, DESCRIPTION, REACHED_QUORUM_AT, STATUS, TITLE, AREA_ID, CREATED_BY_ID, POLL_ID) VALUES
(187, TIMESTAMP '2018-12-24 00:17:36.907', TIMESTAMP '2018-12-24 00:17:36.907', 'QGbswYQ9 Lorem ipsum dolor sit amet, consectetur adipiscing elit, sed do eiusmod tempor incididun', TIMESTAMP '2018-12-24 00:17:36.905', 1, 'Proposal 36 that reached its quorum', 28, 20, NULL),
(188, TIMESTAMP '2018-12-20 00:17:36.929', TIMESTAMP '2018-12-21 00:17:36.929', 'EC6VtJs0 Lorem ips', TIMESTAMP '2018-12-24 00:17:36.927', 1, 'Proposal 37 that reached its quorum', 24, 6, NULL),
(189, TIMESTAMP '2018-12-15 00:17:36.939', TIMESTAMP '2018-12-16 00:17:36.939', 'hHQ5Fxzo Lorem ipsum dolor sit amet, consectetur adipiscing elit, sed do eiusmod tempor incididunt ut labore et dolore magna aliqua. Ut enim ad minim veniam, quis nostrud exercitation ullamco laboris nisi ut aliquip ex ea commodo consequat. Duis aute irure dolor in reprehenderit in voluptate velit esse cillum dolore eu', TIMESTAMP '2018-12-24 00:17:36.937', 1, 'Proposal 38 that reached its quorum', 27, 17, NULL),
(190, TIMESTAMP '2018-12-19 00:17:36.948', TIMESTAMP '2018-12-20 00:17:36.948', 'zT65kypP Lorem ipsum dolor sit amet, consectetur adipiscing elit, sed do eiusmod tempor incididunt ut labore et dolore magna aliqua. Ut enim ad minim veniam, quis nostrud exercitation ullamco laboris nisi ut aliquip ex ea commodo consequat. Duis aute irure dolor in reprehenderit in voluptate velit esse cillum dolore eu fugiat nulla pariatur. Excepteur sint occaecat cupidatat no', TIMESTAMP '2018-12-24 00:17:36.947', 1, 'Proposal 39 that reached its quorum', 21, 12, NULL),
(191, TIMESTAMP '2018-12-22 00:17:36.957', TIMESTAMP '2018-12-23 00:17:36.957', 'J0TFWQQI Lorem ipsum dolor sit amet, consectetur adipiscing elit, sed do eiusmod tempor incididunt ut labore et dolore magna', TIMESTAMP '2018-12-24 00:17:36.956', 1, 'Proposal 40 that reached its quorum', 22, 13, NULL),
(192, TIMESTAMP '2018-12-21 00:17:36.967', TIMESTAMP '2018-12-22 00:17:36.967', 'sNPoXjlT Lorem ipsum dolor sit amet, consectetur adipiscing elit, sed do eiusmod tempor incididunt ut labore et dolore magna aliqua. Ut enim ad minim veniam, quis nostrud exercitation ullamco laboris nisi ut aliquip ex ea commodo consequat. Duis aute irure dolor in reprehenderit in voluptate velit esse cillum dolore eu fugiat nulla pariatur. Excepteu', TIMESTAMP '2018-12-24 00:17:36.965', 1, 'Proposal 41 that reached its quorum', 23, 19, NULL),
(193, TIMESTAMP '2018-12-22 00:17:36.977', TIMESTAMP '2018-12-23 00:17:36.977', 'sWmXc57v Lorem ipsum dolor sit amet, consectetur adipiscing elit, sed do eiusmod tempor incididunt ut labore et dolore magna aliqua. Ut enim ad minim veniam, quis nostrud exercitation ullamco lab', TIMESTAMP '2018-12-24 00:17:36.975', 1, 'Proposal 42 that reached its quorum', 30, 11, NULL),
(194, TIMESTAMP '2018-12-20 00:17:36.986', TIMESTAMP '2018-12-21 00:17:36.986', 'r1H0Se1A Lorem ipsum dolor sit amet, consecte', TIMESTAMP '2018-12-24 00:17:36.985', 1, 'Proposal 43 that reached its quorum', 30, 13, NULL),
(195, TIMESTAMP '2018-12-20 00:17:36.995', TIMESTAMP '2018-12-21 00:17:36.995', 'kmE3nPED Lorem ipsum dolor sit amet, consectetur adipiscing elit, sed do eiusmod tempor incididunt ut labore et dolore magna aliqua. Ut enim ad minim veniam, quis nostrud exercitation ullamco laboris nisi ut aliqu', TIMESTAMP '2018-12-24 00:17:36.994', 1, 'Proposal 44 that reached its quorum', 28, 8, NULL),
(196, TIMESTAMP '2018-12-23 00:17:37.004', TIMESTAMP '2018-12-24 00:17:37.004', 'u8frGwHQ Lorem ipsum dolor sit amet, consectetur adipiscing elit, sed do eiusmod tempor incididunt ut labore et dolore magna aliqua. Ut enim ad mini', TIMESTAMP '2018-12-24 00:17:37.002', 1, 'Proposal 45 that reached its quorum', 23, 11, NULL),
(197, TIMESTAMP '2018-12-15 00:17:37.013', TIMESTAMP '2018-12-16 00:17:37.013', 'iQohLLKH Lorem ipsum dolor sit amet, consectetur adip', TIMESTAMP '2018-12-24 00:17:37.012', 1, 'Proposal 46 that reached its quorum', 22, 8, NULL),
(198, TIMESTAMP '2018-12-21 00:17:37.025', TIMESTAMP '2018-12-22 00:17:37.025', 'JuVn6fXK Lorem ipsum dolor sit amet, consectetur adipiscing elit, sed do eiusmod tempor incididunt ut labore et dolore magna aliqua. Ut enim ad minim veniam, quis nostrud exercitation ullamco laboris nisi ut aliquip ex ea commodo consequat. Duis aute irure dolor in reprehenderit in voluptate velit esse cillum dolore eu fugiat nulla pariatur. Excepteur sint occaecat cupidatat non proident, sunt in culpa qu', TIMESTAMP '2018-12-24 00:17:37.023', 1, 'Proposal 47 that reached its quorum', 30, 8, NULL);
INSERT INTO PUBLIC.LAWS(ID, CREATED_AT, UPDATED_AT, DESCRIPTION, REACHED_QUORUM_AT, STATUS, TITLE, AREA_ID, CREATED_BY_ID, POLL_ID) VALUES
(199, TIMESTAMP '2018-12-15 00:17:37.038', TIMESTAMP '2018-12-16 00:17:37.038', 'z0ptBSAi Lorem ipsum dolor sit amet, consectetur adipiscing elit, sed do eiusmod tempor incididunt ut labore et dolore magna aliqua. Ut enim ad minim veniam, quis nostrud exercitatio', TIMESTAMP '2018-12-24 00:17:37.035', 1, 'Proposal 48 that reached its quorum', 26, 8, NULL),
(200, TIMESTAMP '2018-12-22 00:17:37.063', TIMESTAMP '2018-12-23 00:17:37.063', 'm7vT4jbl Lorem ipsum dolor sit amet, consectetur adipiscing elit, sed do eiusmod tempor incidi', TIMESTAMP '2018-12-24 00:17:37.06', 1, 'Proposal 49 that reached its quorum', 22, 2, NULL),
(201, TIMESTAMP '2018-12-19 00:17:37.077', TIMESTAMP '2018-12-20 00:17:37.077', 'Lorem ipsum dolor sit amet, consectetur adipiscing elit, sed do eiusmod tempor incididunt ut labore et dolore magna aliqua. Ut enim ad minim ', TIMESTAMP '2018-12-24 00:17:37.074', 1, 'Proposal 0 for user testuser1@liquido.de', 24, 1, NULL),
(202, TIMESTAMP '2018-12-17 00:17:37.089', TIMESTAMP '2018-12-18 00:17:37.089', 'Lorem ipsum dolor sit amet, consectetur adipiscing elit, sed do eiusmod tempor incididunt ut labore et dolore magna aliqua. Ut enim ad minim veniam, quis nostrud exercitation ullamco laboris nisi ut aliquip ex ea commodo consequat. Duis aute irure dolor in reprehenderit in volup', TIMESTAMP '2018-12-24 00:17:37.088', 1, 'Proposal 1 for user testuser1@liquido.de', 27, 1, NULL),
(203, TIMESTAMP '2018-12-20 00:17:37.104', TIMESTAMP '2018-12-21 00:17:37.104', 'Lorem ipsum dolor sit amet, consectetur adipiscing elit, sed do eiusmod tempor incididunt ut labore et dolore magna aliqua. Ut enim ad minim veniam, quis nostrud exercitation ullamco laboris nisi ut aliquip ex ea commodo conseq', TIMESTAMP '2018-12-24 00:17:37.102', 1, 'Proposal 2 for user testuser1@liquido.de', 24, 1, NULL),
(204, TIMESTAMP '2018-12-18 00:17:37.119', TIMESTAMP '2018-12-19 00:17:37.119', 'Lorem ipsum dolor sit amet, consectetur adipiscing elit, sed do eiusmod tempor incididunt ut labore et dolore magna aliqua. Ut enim ad minim veniam, quis nostrud exercitation ullamco laboris nisi ut aliquip ex ea commodo consequat. Duis aute irure dolor in reprehender', TIMESTAMP '2018-12-24 00:17:37.117', 1, 'Proposal 3 for user testuser1@liquido.de', 26, 1, NULL),
(205, TIMESTAMP '2018-12-22 00:17:37.13', TIMESTAMP '2018-12-23 00:17:37.13', 'Lorem ipsum dolor sit amet, consectetur adipiscing elit, sed do eiusmod tempor incididunt ut labore et dolore magna aliqua. Ut enim ad minim veniam, quis nostrud exercitation ullamco laboris nisi ut aliquip ex ea commodo consequat. Duis aute irure dolor in reprehenderit in voluptate velit esse cillum dolore eu fugiat nulla pariatur. Excepteur sint occaecat cupidatat non proident, sunt in cul', TIMESTAMP '2018-12-24 00:17:37.128', 1, 'Proposal 4 for user testuser1@liquido.de', 26, 1, NULL),
(206, TIMESTAMP '2018-12-14 00:17:37.141', TIMESTAMP '2018-12-24 00:17:37.176', 'Lorem ipsum dolor sit amet, consectetur adipiscing elit, sed do eiusmod tempor incididunt ut labore et dolore magna aliqua. Ut enim ad minim veniam, quis n', TIMESTAMP '2018-12-24 00:17:37.139', 2, 'Initial Proposal in a poll that is in elaboration 1545607057130', 21, 13, 213),
(214, TIMESTAMP '2018-12-04 00:17:37.189', TIMESTAMP '2018-12-24 00:17:37.204', 'Lorem ipsum dolor sit amet, consectetur adipiscing elit, sed do eiusmod tempor incididunt ut labore et dolore magna aliqua. Ut enim ad minim veniam, quis nostrud exercitation ullamco laboris nisi ut aliquip ex ea commodo consequat. Duis aute irure dolor in reprehenderit in voluptate velit esse cillum dolore eu fugiat nulla pariatur. Excepteur sint occaecat ', TIMESTAMP '2018-12-24 00:17:37.187', 2, 'Alternative Proposal1 in a poll that is in elaboration1545607057177', 21, 15, 213),
(221, TIMESTAMP '2018-12-04 00:17:37.216', TIMESTAMP '2018-12-24 00:17:37.243', 'Lorem ipsum dolor sit amet, consectetur adipiscing elit, sed do eiusmod tempor incididunt ut labore et dolore magna aliqua. Ut enim ad minim veniam, quis nostrud exercitation ullamco laboris nisi ut aliquip ex ea commodo consequat. Duis aute irure dolor in reprehenderit in voluptate velit esse cillum dolore eu fugiat nulla pariatur. Excepteur sint occaecat cupidatat non proident, sunt in culpa qu', TIMESTAMP '2018-12-24 00:17:37.214', 2, 'Alternative Proposal2 in a poll that is in elaboration1545607057205', 21, 7, 213);
INSERT INTO PUBLIC.LAWS(ID, CREATED_AT, UPDATED_AT, DESCRIPTION, REACHED_QUORUM_AT, STATUS, TITLE, AREA_ID, CREATED_BY_ID, POLL_ID) VALUES
(228, TIMESTAMP '2018-12-04 00:17:37.257', TIMESTAMP '2018-12-24 00:17:37.276', 'Lorem ipsum dolor sit amet, consectetur adipiscing elit, sed do eiusmod tempor incididunt ut labore et dolore magna aliqua. Ut enim ad minim veniam, quis nostrud exercitation ullamco laboris nisi ut aliquip ex ea commodo consequa', TIMESTAMP '2018-12-24 00:17:37.256', 2, 'Alternative Proposal3 in a poll that is in elaboration1545607057244', 21, 3, 213),
(235, TIMESTAMP '2018-12-04 00:17:37.292', TIMESTAMP '2018-12-24 00:17:37.317', 'Lorem ipsum dolor sit amet, consectetur adipiscing elit, sed do eiusmod tempor incididunt ut labore et dolore magna aliqua. Ut enim ad minim veniam, quis nostrud exercitation ullamco laboris nisi ut aliquip ex ea commodo consequat. Duis aute irure dolor in reprehenderit in voluptate velit esse cillum dolore eu fugiat nulla pariatur. Excepteur sint occaec', TIMESTAMP '2018-12-24 00:17:37.29', 2, 'Alternative Proposal4 in a poll that is in elaboration1545607057277', 21, 5, 213),
(242, TIMESTAMP '2018-12-14 00:17:37.331', TIMESTAMP '2018-12-24 00:17:37.56', 'Lorem ipsum dolor sit amet, consectetur adipiscing elit, sed do eiusmod tempor incididunt ut labore et dolore magna aliqua. Ut enim ad minim veniam, quis nostrud exercitation ullamco laboris nisi ut aliquip ex ea commodo consequat. Duis aute irure dolor in reprehenderit in voluptate velit esse cillum dolore eu fugiat n', TIMESTAMP '2018-12-24 00:17:37.33', 3, 'Proposal 5 in voting phase 1545607057510', 21, 13, 249),
(250, TIMESTAMP '2018-12-04 00:17:37.357', TIMESTAMP '2018-12-24 00:17:37.561', 'Lorem ipsum dolor sit amet, consectetur adipiscing elit, sed do eiusmod tempor incididunt ut labore et dolore magna aliqua. Ut enim ad minim veniam, quis nostrud exercitation ullamco laboris nisi ut aliquip ex ea commodo consequat. Duis aute irure dolor in reprehenderit in voluptate velit esse cillum dolore eu fugiat null', TIMESTAMP '2018-12-24 00:17:37.355', 3, 'Proposal 4 in voting phase 1545607057510', 21, 15, 249),
(257, TIMESTAMP '2018-12-04 00:17:37.38', TIMESTAMP '2018-12-24 00:17:37.561', 'Lorem ipsum dolor sit amet, consectetur adipiscing elit, sed do eiusmod tempor incididunt ut labore et dolore magna aliqua. Ut enim ad minim veniam, quis nostrud exercitation ullamco laboris nisi ut aliquip ex ea commodo consequat. Duis aute irure dolor in reprehenderit in voluptate velit esse cill', TIMESTAMP '2018-12-24 00:17:37.379', 3, 'Proposal 3 in voting phase 1545607057510', 21, 7, 249),
(264, TIMESTAMP '2018-12-04 00:17:37.41', TIMESTAMP '2018-12-24 00:17:37.562', 'Lorem ipsum dolor sit amet, consectetur adipiscing elit, sed do eiusmod tempor incididunt ut labore et dolore magna aliqua. Ut enim ad minim veniam, quis nostrud exercitation ullamco laboris nisi ut aliquip ex ea commodo consequat. Duis aute irure dolor in reprehenderit in voluptate velit esse cillum dolore eu fugiat nulla pariatur. Ex', TIMESTAMP '2018-12-24 00:17:37.408', 3, 'Proposal 2 in voting phase 1545607057510', 21, 3, 249),
(271, TIMESTAMP '2018-12-04 00:17:37.469', TIMESTAMP '2018-12-24 00:17:37.562', 'Lorem ipsum dolor sit amet, consectetur adipiscing elit, sed do eiusmod tempor incididunt ut labore et dolore magna aliqua. Ut enim a', TIMESTAMP '2018-12-24 00:17:37.456', 3, 'Proposal 1 in voting phase 1545607057510', 21, 5, 249),
(294, TIMESTAMP '2018-12-14 00:17:43.515', TIMESTAMP '2018-12-24 00:17:47.473', 'Lorem ipsum dolor sit amet, consectetur adipiscing elit, sed do eiusmod tempor incididunt ut labore et dolore magna aliqua. Ut enim ad minim veniam, quis nostrud exercitation ullamco laboris nisi ut aliquip ex ea commodo consequat. Duis aute irure', TIMESTAMP '2018-12-24 00:17:43.513', 5, 'Proposal 5 in voting phase 1545607063598', 21, 13, 301),
(302, TIMESTAMP '2018-12-04 00:17:43.533', TIMESTAMP '2018-12-24 00:17:47.473', 'Lorem ipsum dolor sit amet, consectetur adipiscing elit, sed do eiusmod tempor incididunt ut labore et dolore magna aliqua. Ut enim ad m', TIMESTAMP '2018-12-24 00:17:43.532', 5, 'Proposal 4 in voting phase 1545607063598', 21, 15, 301);
INSERT INTO PUBLIC.LAWS(ID, CREATED_AT, UPDATED_AT, DESCRIPTION, REACHED_QUORUM_AT, STATUS, TITLE, AREA_ID, CREATED_BY_ID, POLL_ID) VALUES
(309, TIMESTAMP '2018-12-04 00:17:43.55', TIMESTAMP '2018-12-24 00:17:47.474', 'Lorem ipsum dolor sit amet, consectetur adipiscing elit, sed do eiusmod tempor incididunt ut labore et dolore magna aliqua. Ut enim ad minim veniam, quis nostrud exercitation ullamco laboris nisi ut aliquip ex ea commodo consequat. Duis aute irure dolor in reprehenderit in voluptate velit esse cillum dolore eu fugiat nulla pariatur. Excepteur sint occaecat cupi', TIMESTAMP '2018-12-24 00:17:43.549', 4, 'Proposal 3 in voting phase 1545607063598', 21, 7, 301),
(316, TIMESTAMP '2018-12-04 00:17:43.569', TIMESTAMP '2018-12-24 00:17:47.474', 'Lorem ipsum dolor sit amet, consectetur adipiscing elit, sed do eiusmod tempor incididunt ut labore et dolore magna aliqua. Ut enim ad minim veniam, quis nostrud exercitation ullamco laboris nisi ut aliquip ex ea commodo consequat. Duis aute irure dolor in reprehenderit in voluptate velit esse cillum dolore eu fugiat nulla pariatur. Excepteur sint occaecat cupidatat', TIMESTAMP '2018-12-24 00:17:43.567', 5, 'Proposal 2 in voting phase 1545607063598', 21, 3, 301),
(323, TIMESTAMP '2018-12-04 00:17:43.587', TIMESTAMP '2018-12-24 00:17:47.475', 'Lorem ipsum dolor sit amet, consectetur adipiscing elit, sed do eiusmod tempor incididunt ut labore et dolore magna aliqua. Ut enim ad minim veniam, quis nostrud exercitation ullamco laboris nisi ut aliquip ex ea commodo consequat. Duis aute irure dolor in rep', TIMESTAMP '2018-12-24 00:17:43.586', 5, 'Proposal 1 in voting phase 1545607063598', 21, 5, 301),
(346, TIMESTAMP '2018-12-04 00:17:47.493', TIMESTAMP '2018-12-24 00:17:47.493', 'Lorem ipsum dolor sit amet, consectetur adipiscing elit, sed do eiusmod tempor incididunt ut labore et dol', TIMESTAMP '2018-11-30 00:17:47.489', 4, 'Law 0', 21, 1, NULL),
(347, TIMESTAMP '2018-12-03 00:17:47.506', TIMESTAMP '2018-12-24 00:17:47.505', 'Lorem ipsum dolor sit amet, consectetur adipiscing elit, sed do eiusmod tempor incididunt ut labore et dolore magna aliqua. Ut enim ad minim veniam, quis nostrud exercitation ullamco laboris nisi ut aliquip ex ea commodo consequat. Duis aute irure dolor in reprehenderit in voluptate velit esse cillum dolore eu fugiat nulla pariatur. Excepteur sint occaecat c', TIMESTAMP '2018-11-30 00:17:47.503', 4, 'Law 1', 21, 1, NULL);
CREATE MEMORY TABLE PUBLIC.LAWS_COMMENTS(
LAW_MODEL_ID BIGINT NOT NULL,
COMMENTS_ID BIGINT NOT NULL
);
ALTER TABLE PUBLIC.LAWS_COMMENTS ADD CONSTRAINT PUBLIC.CONSTRAINT_A0 PRIMARY KEY(LAW_MODEL_ID, COMMENTS_ID);
-- 15 +/- SELECT COUNT(*) FROM PUBLIC.LAWS_COMMENTS;
INSERT INTO PUBLIC.LAWS_COMMENTS(LAW_MODEL_ID, COMMENTS_ID) VALUES
(206, 207),
(214, 215),
(221, 222),
(228, 229),
(235, 236),
(242, 243),
(250, 251),
(257, 258),
(264, 265),
(271, 272),
(294, 295),
(302, 303),
(309, 310),
(316, 317),
(323, 324);
CREATE MEMORY TABLE PUBLIC.LAWS_SUPPORTERS(
LAW_MODEL_ID BIGINT NOT NULL,
SUPPORTERS_ID BIGINT NOT NULL
);
ALTER TABLE PUBLIC.LAWS_SUPPORTERS ADD CONSTRAINT PUBLIC.CONSTRAINT_C PRIMARY KEY(LAW_MODEL_ID, SUPPORTERS_ID);
-- 1147 +/- SELECT COUNT(*) FROM PUBLIC.LAWS_SUPPORTERS;
INSERT INTO PUBLIC.LAWS_SUPPORTERS(LAW_MODEL_ID, SUPPORTERS_ID) VALUES
(40, 3),
(40, 12),
(40, 8),
(40, 18),
(40, 2),
(40, 7),
(40, 13),
(41, 13),
(41, 20),
(41, 12),
(41, 18),
(41, 7),
(41, 6),
(42, 18),
(42, 7),
(42, 4),
(42, 20),
(42, 13),
(43, 18),
(43, 3),
(43, 6),
(43, 20),
(45, 10),
(45, 9),
(45, 2),
(45, 6),
(45, 20),
(45, 19),
(46, 20),
(46, 6),
(46, 9),
(47, 19),
(49, 15),
(49, 2),
(49, 14),
(50, 5),
(50, 2),
(50, 20),
(50, 9),
(50, 15),
(51, 2),
(51, 13),
(51, 3),
(51, 1),
(51, 10),
(52, 4),
(52, 5),
(53, 6),
(53, 7),
(53, 5),
(53, 18),
(53, 20),
(53, 4),
(53, 10),
(53, 11),
(54, 4),
(54, 17),
(54, 10),
(54, 3),
(54, 2),
(54, 5),
(54, 9),
(54, 13),
(55, 20),
(55, 7),
(55, 4),
(55, 5),
(55, 15),
(55, 9),
(56, 16),
(56, 17),
(57, 16),
(58, 14),
(61, 15),
(61, 17),
(61, 1),
(61, 4),
(61, 19),
(61, 7),
(62, 17),
(62, 1),
(62, 15),
(62, 9),
(62, 12),
(62, 3),
(62, 16),
(63, 8),
(63, 10),
(63, 20),
(63, 4),
(63, 1),
(63, 17),
(63, 19),
(64, 15),
(64, 12),
(64, 17),
(64, 10),
(64, 2),
(64, 11),
(64, 16),
(64, 6),
(65, 13),
(65, 1),
(65, 18),
(66, 7),
(67, 17),
(67, 12),
(67, 8),
(67, 5),
(67, 19),
(67, 3),
(67, 18),
(69, 2),
(70, 8),
(70, 6),
(70, 20),
(70, 15),
(71, 7),
(71, 12),
(71, 9),
(71, 6),
(72, 17),
(72, 10),
(72, 13),
(72, 5),
(72, 16),
(72, 15),
(72, 11),
(72, 19),
(73, 17),
(73, 2),
(74, 16),
(74, 1),
(74, 9),
(74, 12),
(74, 4),
(75, 9),
(75, 12),
(75, 8),
(75, 20),
(75, 17),
(75, 7),
(75, 13),
(75, 19),
(76, 4),
(77, 15),
(77, 19),
(77, 11),
(77, 1),
(77, 2),
(77, 14),
(77, 3),
(77, 8),
(78, 13),
(78, 9),
(78, 12),
(79, 4),
(80, 1),
(80, 16),
(80, 5),
(81, 3),
(81, 5),
(81, 12),
(81, 19),
(81, 2),
(81, 20),
(82, 12),
(82, 20),
(82, 14),
(82, 19),
(82, 9),
(82, 3),
(82, 1),
(83, 9),
(83, 6),
(83, 1),
(84, 8),
(84, 3),
(85, 16),
(85, 18),
(85, 2),
(85, 19),
(85, 12),
(85, 7),
(86, 11),
(87, 20),
(87, 8),
(87, 13),
(87, 5),
(88, 1),
(88, 5),
(88, 8),
(88, 7),
(89, 5),
(89, 13),
(89, 11),
(91, 4),
(91, 6),
(92, 7),
(92, 4),
(92, 13),
(92, 1),
(93, 12),
(93, 17),
(93, 18),
(93, 4),
(93, 7),
(93, 14),
(94, 4),
(94, 3),
(95, 10),
(96, 3),
(96, 1),
(96, 13),
(96, 7),
(96, 18),
(96, 14),
(96, 17),
(97, 7),
(97, 2),
(97, 3),
(97, 12),
(97, 1),
(98, 16),
(98, 1),
(98, 14),
(98, 18),
(98, 3),
(98, 12),
(98, 19),
(98, 17),
(99, 18),
(99, 11),
(99, 10),
(99, 15),
(99, 4),
(100, 7),
(101, 5),
(101, 19),
(101, 8),
(101, 15),
(101, 4),
(101, 2),
(101, 17),
(102, 4),
(102, 5),
(102, 14),
(104, 10),
(104, 20),
(104, 13),
(104, 12),
(104, 1),
(105, 18),
(105, 1),
(105, 19),
(105, 7),
(105, 14),
(106, 11),
(107, 14),
(108, 11),
(108, 19),
(108, 8),
(108, 17),
(108, 14),
(108, 10),
(108, 16),
(109, 14),
(109, 15),
(109, 4),
(109, 13),
(109, 5),
(110, 8),
(110, 4),
(110, 17),
(110, 9),
(111, 12),
(111, 8),
(111, 13),
(111, 18),
(113, 10),
(113, 15),
(113, 13),
(113, 5),
(113, 17),
(114, 13),
(114, 17),
(114, 12),
(114, 6),
(114, 11),
(114, 8),
(115, 11),
(116, 20),
(116, 7),
(116, 5),
(116, 11),
(116, 19),
(116, 18),
(116, 4),
(116, 16),
(117, 1),
(117, 8),
(117, 17),
(117, 18),
(117, 12),
(117, 16),
(119, 17),
(119, 9),
(119, 6),
(120, 14),
(120, 8),
(121, 15),
(121, 7),
(121, 16),
(121, 10),
(121, 17),
(121, 1),
(122, 9),
(122, 19),
(122, 12),
(122, 1),
(123, 11),
(123, 12),
(123, 5),
(123, 4),
(123, 2),
(124, 18),
(124, 19),
(124, 13),
(125, 8),
(125, 16),
(126, 20),
(127, 3),
(127, 16),
(127, 5),
(127, 15),
(127, 11),
(127, 17),
(127, 13),
(127, 7),
(128, 15),
(128, 20),
(129, 12),
(129, 18),
(130, 10),
(130, 7),
(130, 2),
(131, 17),
(131, 1),
(131, 12),
(132, 12),
(132, 13),
(132, 11),
(132, 8),
(133, 11),
(133, 14),
(133, 17),
(133, 20),
(133, 5),
(133, 15),
(134, 14),
(134, 6),
(135, 1),
(135, 15),
(135, 7),
(135, 4),
(136, 18),
(136, 9),
(136, 8),
(136, 13),
(136, 4),
(136, 15),
(136, 1),
(137, 10),
(137, 18),
(137, 19),
(138, 17),
(138, 13),
(138, 5),
(138, 15),
(138, 10),
(138, 12),
(138, 19),
(139, 1),
(139, 9),
(139, 8),
(139, 15),
(139, 11),
(140, 3),
(141, 11),
(143, 1),
(143, 16),
(143, 9),
(143, 6),
(143, 7),
(143, 5),
(143, 20),
(144, 9),
(144, 18),
(144, 13),
(144, 10),
(145, 18),
(146, 15),
(147, 7),
(148, 2);
INSERT INTO PUBLIC.LAWS_SUPPORTERS(LAW_MODEL_ID, SUPPORTERS_ID) VALUES
(148, 6),
(148, 18),
(150, 2),
(150, 20),
(150, 10),
(150, 15),
(150, 7),
(150, 8),
(150, 13),
(150, 3),
(151, 13),
(151, 15),
(151, 19),
(151, 1),
(151, 8),
(151, 20),
(151, 18),
(151, 14),
(151, 11),
(151, 2),
(152, 6),
(152, 2),
(152, 9),
(152, 10),
(152, 5),
(152, 12),
(152, 1),
(152, 4),
(152, 13),
(152, 11),
(153, 6),
(153, 18),
(153, 17),
(153, 19),
(153, 5),
(153, 16),
(153, 1),
(153, 20),
(153, 13),
(153, 4),
(154, 8),
(154, 5),
(154, 1),
(154, 12),
(154, 9),
(154, 11),
(154, 19),
(154, 3),
(154, 6),
(154, 2),
(155, 16),
(155, 13),
(155, 3),
(155, 19),
(155, 11),
(155, 15),
(155, 12),
(155, 17),
(155, 4),
(155, 7),
(156, 17),
(156, 12),
(156, 9),
(156, 4),
(156, 7),
(156, 2),
(156, 3),
(156, 15),
(156, 5),
(156, 11),
(157, 15),
(157, 2),
(157, 16),
(157, 11),
(157, 9),
(157, 10),
(157, 5),
(157, 17),
(157, 19),
(157, 4),
(158, 7),
(158, 12),
(158, 19),
(158, 9),
(158, 18),
(158, 17),
(158, 6),
(158, 3),
(158, 2),
(158, 13),
(159, 5),
(159, 16),
(159, 3),
(159, 2),
(159, 11),
(159, 19),
(159, 14),
(159, 18),
(159, 15),
(159, 13),
(160, 6),
(160, 7),
(160, 13),
(160, 8),
(160, 20),
(160, 15),
(160, 1),
(160, 5),
(160, 11),
(160, 12),
(161, 18),
(161, 14),
(161, 7),
(161, 15),
(161, 8),
(161, 2),
(161, 12),
(161, 4),
(161, 6),
(161, 10),
(162, 2),
(162, 16),
(162, 17),
(162, 15),
(162, 10),
(162, 11),
(162, 6),
(162, 7),
(162, 13),
(162, 1),
(163, 11),
(163, 10),
(163, 8),
(163, 7),
(163, 3),
(163, 9),
(163, 18),
(163, 15),
(163, 4),
(163, 17),
(164, 14),
(164, 4),
(164, 11),
(164, 2),
(164, 6),
(164, 10),
(164, 5),
(164, 1),
(164, 20),
(164, 16),
(165, 10),
(165, 1),
(165, 12),
(165, 11),
(165, 7),
(165, 19),
(165, 16),
(165, 4),
(165, 13),
(165, 3),
(166, 5),
(166, 13),
(166, 3),
(166, 2),
(166, 15),
(166, 6),
(166, 20),
(166, 18),
(166, 12),
(166, 9),
(167, 15),
(167, 4),
(167, 11),
(167, 6),
(167, 1),
(167, 13),
(167, 16),
(167, 2),
(167, 8),
(167, 9),
(168, 7),
(168, 9),
(168, 8),
(168, 17),
(168, 20),
(168, 1),
(168, 2),
(168, 6),
(168, 5),
(168, 10),
(169, 18),
(169, 20),
(169, 2),
(169, 7),
(169, 19),
(169, 4),
(169, 9),
(169, 6),
(169, 16),
(169, 11),
(170, 9),
(170, 17),
(170, 6),
(170, 12),
(170, 2),
(170, 18),
(170, 20),
(170, 7),
(170, 15),
(170, 11),
(171, 7),
(171, 18),
(171, 16),
(171, 15),
(171, 2),
(171, 9),
(171, 3),
(171, 8),
(171, 5),
(171, 6),
(172, 19),
(172, 12),
(172, 20),
(172, 5),
(172, 10),
(172, 9),
(172, 8),
(172, 7),
(172, 16),
(172, 1),
(173, 7),
(173, 17),
(173, 5),
(173, 8),
(173, 18),
(173, 10),
(173, 13),
(173, 3),
(173, 1),
(173, 14),
(174, 2),
(174, 3),
(174, 11),
(174, 16),
(174, 15),
(174, 8),
(174, 17),
(174, 12),
(174, 20),
(174, 14),
(175, 2),
(175, 14),
(175, 17),
(175, 10),
(175, 18),
(175, 6),
(175, 20),
(175, 1),
(175, 19),
(175, 5),
(176, 20),
(176, 19),
(176, 15),
(176, 18),
(176, 12),
(176, 6),
(176, 13),
(176, 9),
(176, 2),
(176, 5),
(177, 12),
(177, 20),
(177, 6),
(177, 9),
(177, 14),
(177, 19),
(177, 1),
(177, 15),
(177, 8),
(177, 16),
(178, 17),
(178, 6),
(178, 7),
(178, 5),
(178, 16),
(178, 15),
(178, 20),
(178, 13),
(178, 11),
(178, 1),
(179, 9),
(179, 8),
(179, 20),
(179, 12),
(179, 11),
(179, 19),
(179, 2),
(179, 16),
(179, 15),
(179, 1),
(180, 15),
(180, 17),
(180, 1),
(180, 2),
(180, 11),
(180, 10),
(180, 5),
(180, 8),
(180, 7),
(180, 4),
(181, 16),
(181, 14),
(181, 5),
(181, 13),
(181, 15),
(181, 8),
(181, 6),
(181, 7),
(181, 20),
(181, 12),
(182, 7),
(182, 9),
(182, 2),
(182, 17),
(182, 20),
(182, 6),
(182, 15),
(182, 3),
(182, 1),
(182, 18),
(183, 9),
(183, 14),
(183, 11),
(183, 6),
(183, 3),
(183, 13),
(183, 7),
(183, 5),
(183, 15),
(183, 10),
(184, 9),
(184, 4),
(184, 13),
(184, 5),
(184, 7),
(184, 10),
(184, 3),
(184, 16),
(184, 1),
(184, 19),
(185, 9),
(185, 15),
(185, 17),
(185, 5),
(185, 20),
(185, 4),
(185, 14),
(185, 11),
(185, 16),
(185, 13),
(186, 14),
(186, 6),
(186, 10),
(186, 8),
(186, 1),
(186, 4),
(186, 7),
(186, 16),
(186, 5),
(186, 18),
(187, 17),
(187, 19),
(187, 1),
(187, 10),
(187, 3),
(187, 2),
(187, 6),
(187, 9),
(187, 12),
(187, 15),
(188, 20),
(188, 1),
(188, 7);
INSERT INTO PUBLIC.LAWS_SUPPORTERS(LAW_MODEL_ID, SUPPORTERS_ID) VALUES
(188, 9),
(188, 5),
(188, 15),
(188, 10),
(188, 12),
(188, 3),
(188, 4),
(189, 13),
(189, 6),
(189, 10),
(189, 18),
(189, 9),
(189, 11),
(189, 3),
(189, 4),
(189, 14),
(189, 20),
(190, 6),
(190, 19),
(190, 4),
(190, 9),
(190, 13),
(190, 14),
(190, 2),
(190, 1),
(190, 8),
(190, 18),
(191, 15),
(191, 14),
(191, 11),
(191, 6),
(191, 18),
(191, 19),
(191, 12),
(191, 17),
(191, 8),
(191, 20),
(192, 7),
(192, 5),
(192, 14),
(192, 13),
(192, 1),
(192, 17),
(192, 12),
(192, 6),
(192, 10),
(192, 18),
(193, 19),
(193, 2),
(193, 14),
(193, 18),
(193, 13),
(193, 20),
(193, 1),
(193, 5),
(193, 9),
(193, 6),
(194, 4),
(194, 16),
(194, 1),
(194, 20),
(194, 10),
(194, 14),
(194, 19),
(194, 7),
(194, 2),
(194, 9),
(195, 12),
(195, 9),
(195, 19),
(195, 16),
(195, 15),
(195, 18),
(195, 6),
(195, 5),
(195, 10),
(195, 3),
(196, 3),
(196, 1),
(196, 17),
(196, 10),
(196, 5),
(196, 2),
(196, 12),
(196, 7),
(196, 16),
(196, 6),
(197, 4),
(197, 19),
(197, 16),
(197, 13),
(197, 12),
(197, 3),
(197, 14),
(197, 6),
(197, 11),
(197, 15),
(198, 3),
(198, 15),
(198, 16),
(198, 6),
(198, 13),
(198, 12),
(198, 17),
(198, 19),
(198, 20),
(198, 2),
(199, 7),
(199, 11),
(199, 6),
(199, 14),
(199, 10),
(199, 1),
(199, 12),
(199, 15),
(199, 16),
(199, 18),
(200, 9),
(200, 14),
(200, 7),
(200, 4),
(200, 19),
(200, 17),
(200, 11),
(200, 15),
(200, 16),
(200, 10),
(201, 2),
(201, 14),
(201, 10),
(201, 8),
(201, 12),
(201, 6),
(201, 15),
(201, 16),
(201, 9),
(201, 13),
(202, 20),
(202, 9),
(202, 4),
(202, 16),
(202, 15),
(202, 5),
(202, 3),
(202, 8),
(202, 13),
(202, 14),
(203, 10),
(203, 9),
(203, 12),
(203, 2),
(203, 20),
(203, 16),
(203, 11),
(203, 14),
(203, 17),
(203, 19),
(204, 15),
(204, 16),
(204, 8),
(204, 20),
(204, 17),
(204, 3),
(204, 7),
(204, 9),
(204, 4),
(204, 10),
(205, 7),
(205, 12),
(205, 13),
(205, 10),
(205, 20),
(205, 17),
(205, 5),
(205, 2),
(205, 19),
(205, 4),
(206, 19),
(206, 2),
(206, 18),
(206, 15),
(206, 1),
(206, 14),
(206, 8),
(206, 4),
(206, 10),
(206, 7),
(214, 14),
(214, 16),
(214, 5),
(214, 7),
(214, 20),
(214, 2),
(214, 11),
(214, 9),
(214, 12),
(214, 19),
(221, 14),
(221, 2),
(221, 19),
(221, 16),
(221, 20),
(221, 15),
(221, 11),
(221, 13),
(221, 8),
(221, 1),
(228, 2),
(228, 5),
(228, 9),
(228, 12),
(228, 19),
(228, 8),
(228, 15),
(228, 20),
(228, 18),
(228, 13),
(235, 9),
(235, 10),
(235, 4),
(235, 17),
(235, 1),
(235, 13),
(235, 15),
(235, 12),
(235, 6),
(235, 14),
(242, 7),
(242, 20),
(242, 11),
(242, 3),
(242, 15),
(242, 19),
(242, 10),
(242, 2),
(242, 6),
(242, 5),
(250, 4),
(250, 17),
(250, 9),
(250, 13),
(250, 6),
(250, 10),
(250, 16),
(250, 19),
(250, 5),
(250, 12),
(257, 5),
(257, 12),
(257, 20),
(257, 4),
(257, 19),
(257, 3),
(257, 15),
(257, 8),
(257, 6),
(257, 18),
(264, 9),
(264, 17),
(264, 7),
(264, 10),
(264, 14),
(264, 15),
(264, 6),
(264, 8),
(264, 5),
(264, 4),
(271, 1),
(271, 7),
(271, 4),
(271, 8),
(271, 19),
(271, 12),
(271, 9),
(271, 6),
(271, 15),
(271, 13),
(294, 16),
(294, 8),
(294, 5),
(294, 18),
(294, 20),
(294, 2),
(294, 3),
(294, 14),
(294, 17),
(294, 12),
(302, 2),
(302, 10),
(302, 1),
(302, 8),
(302, 9),
(302, 7),
(302, 14),
(302, 18),
(302, 19),
(302, 11),
(309, 8),
(309, 3),
(309, 13),
(309, 12),
(309, 2),
(309, 9),
(309, 20),
(309, 18),
(309, 5),
(309, 19),
(316, 5),
(316, 2),
(316, 12),
(316, 6),
(316, 7),
(316, 19),
(316, 10),
(316, 9),
(316, 4),
(316, 15),
(323, 17),
(323, 20),
(323, 12),
(323, 13),
(323, 4),
(323, 14),
(323, 8),
(323, 6),
(323, 1),
(323, 19),
(346, 9),
(346, 13),
(346, 6),
(346, 17),
(346, 18),
(346, 14),
(346, 5),
(346, 12),
(346, 4),
(346, 7),
(346, 2),
(346, 19),
(346, 16),
(346, 20),
(346, 15),
(346, 3),
(347, 13),
(347, 16),
(347, 12),
(347, 4),
(347, 19),
(347, 7),
(347, 5),
(347, 6),
(347, 18),
(347, 20),
(347, 9),
(347, 2),
(347, 11),
(347, 3),
(347, 10),
(347, 17),
(347, 14);
CREATE MEMORY TABLE PUBLIC.ONE_TIME_TOKEN(
ID BIGINT NOT NULL,
CREATED_AT TIMESTAMP NOT NULL,
UPDATED_AT TIMESTAMP NOT NULL,
TOKEN VARCHAR(255) NOT NULL,
TOKEN_TYPE INTEGER NOT NULL,
VALID_UNTIL TIMESTAMP NOT NULL,
USER_ID BIGINT NOT NULL
);
ALTER TABLE PUBLIC.ONE_TIME_TOKEN ADD CONSTRAINT PUBLIC.CONSTRAINT_4 PRIMARY KEY(ID);
-- 0 +/- SELECT COUNT(*) FROM PUBLIC.ONE_TIME_TOKEN;
CREATE MEMORY TABLE PUBLIC.POLLS(
ID BIGINT NOT NULL,
CREATED_AT TIMESTAMP NOT NULL,
UPDATED_AT TIMESTAMP NOT NULL,
STATUS INTEGER,
VOTING_END_AT TIMESTAMP,
VOTING_START_AT TIMESTAMP,
WINNER_ID BIGINT
);
ALTER TABLE PUBLIC.POLLS ADD CONSTRAINT PUBLIC.CONSTRAINT_48 PRIMARY KEY(ID);
-- 3 +/- SELECT COUNT(*) FROM PUBLIC.POLLS;
INSERT INTO PUBLIC.POLLS(ID, CREATED_AT, UPDATED_AT, STATUS, VOTING_END_AT, VOTING_START_AT, WINNER_ID) VALUES
(213, TIMESTAMP '2018-12-17 00:17:37.317', TIMESTAMP '2018-12-17 00:17:37.318', 0, TIMESTAMP '2019-01-21 00:00:00', TIMESTAMP '2019-01-07 00:00:00', NULL),
(249, TIMESTAMP '2018-12-09 00:17:37.523', TIMESTAMP '2018-12-24 00:17:37.561', 1, TIMESTAMP '2019-01-06 00:00:00', TIMESTAMP '2018-12-23 00:17:37.552', NULL),
(301, TIMESTAMP '2019-01-09 17:20:30.925', TIMESTAMP '2018-12-24 00:17:47.472', 2, TIMESTAMP '2018-12-24 00:17:47.459', TIMESTAMP '2018-12-05 00:17:43.624', 309);
CREATE MEMORY TABLE PUBLIC.USERS(
ID BIGINT NOT NULL,
CREATED_AT TIMESTAMP NOT NULL,
UPDATED_AT TIMESTAMP NOT NULL,
EMAIL VARCHAR(255) NOT NULL,
MOBILEPHONE VARCHAR(255),
NAME VARCHAR(255),
PICTURE VARCHAR(255),
WEBSITE VARCHAR(255)
);
ALTER TABLE PUBLIC.USERS ADD CONSTRAINT PUBLIC.CONSTRAINT_4D PRIMARY KEY(ID);
-- 20 +/- SELECT COUNT(*) FROM PUBLIC.USERS;
INSERT INTO PUBLIC.USERS(ID, CREATED_AT, UPDATED_AT, EMAIL, MOBILEPHONE, NAME, PICTURE, WEBSITE) VALUES
(1, TIMESTAMP '2018-12-24 00:17:29.609', TIMESTAMP '2018-12-24 00:17:29.609', 'testuser1@liquido.de', '+49123451', 'Test User1', '/static/img/photos/1.png', 'http://www.liquido.de'),
(2, TIMESTAMP '2018-12-24 00:17:29.672', TIMESTAMP '2018-12-24 00:17:29.672', 'testuser2@liquido.de', '+49123452', 'Test User2', '/static/img/photos/2.png', 'http://www.liquido.de'),
(3, TIMESTAMP '2018-12-24 00:17:29.675', TIMESTAMP '2018-12-24 00:17:29.675', 'testuser3@liquido.de', '+49123453', 'Test User3', '/static/img/photos/3.png', 'http://www.liquido.de'),
(4, TIMESTAMP '2018-12-24 00:17:29.678', TIMESTAMP '2018-12-24 00:17:29.678', 'testuser4@liquido.de', '+49123454', 'Test User4', '/static/img/photos/1.png', 'http://www.liquido.de'),
(5, TIMESTAMP '2018-12-24 00:17:29.681', TIMESTAMP '2018-12-24 00:17:29.681', 'testuser5@liquido.de', '+49123455', 'Test User5', '/static/img/photos/2.png', 'http://www.liquido.de'),
(6, TIMESTAMP '2018-12-24 00:17:29.684', TIMESTAMP '2018-12-24 00:17:29.684', 'testuser6@liquido.de', '+49123456', 'Test User6', '/static/img/photos/3.png', 'http://www.liquido.de'),
(7, TIMESTAMP '2018-12-24 00:17:29.688', TIMESTAMP '2018-12-24 00:17:29.688', 'testuser7@liquido.de', '+49123457', 'Test User7', '/static/img/photos/1.png', 'http://www.liquido.de'),
(8, TIMESTAMP '2018-12-24 00:17:29.692', TIMESTAMP '2018-12-24 00:17:29.692', 'testuser8@liquido.de', '+49123458', 'Test User8', '/static/img/photos/2.png', 'http://www.liquido.de'),
(9, TIMESTAMP '2018-12-24 00:17:29.695', TIMESTAMP '2018-12-24 00:17:29.695', 'testuser9@liquido.de', '+49123459', 'Test User9', '/static/img/photos/3.png', 'http://www.liquido.de'),
(10, TIMESTAMP '2018-12-24 00:17:29.698', TIMESTAMP '2018-12-24 00:17:29.698', 'testuser10@liquido.de', '+491234510', 'Test User10', '/static/img/photos/1.png', 'http://www.liquido.de'),
(11, TIMESTAMP '2018-12-24 00:17:29.702', TIMESTAMP '2018-12-24 00:17:29.702', 'testuser11@liquido.de', '+491234511', 'Test User11', '/static/img/photos/2.png', 'http://www.liquido.de'),
(12, TIMESTAMP '2018-12-24 00:17:29.705', TIMESTAMP '2018-12-24 00:17:29.705', 'testuser12@liquido.de', '+491234512', 'Test User12', '/static/img/photos/3.png', 'http://www.liquido.de'),
(13, TIMESTAMP '2018-12-24 00:17:29.708', TIMESTAMP '2018-12-24 00:17:29.708', 'testuser13@liquido.de', '+491234513', 'Test User13', '/static/img/photos/1.png', 'http://www.liquido.de'),
(14, TIMESTAMP '2018-12-24 00:17:29.711', TIMESTAMP '2018-12-24 00:17:29.711', 'testuser14@liquido.de', '+491234514', 'Test User14', '/static/img/photos/2.png', 'http://www.liquido.de'),
(15, TIMESTAMP '2018-12-24 00:17:29.714', TIMESTAMP '2018-12-24 00:17:29.714', 'testuser15@liquido.de', '+491234515', 'Test User15', '/static/img/photos/3.png', 'http://www.liquido.de'),
(16, TIMESTAMP '2018-12-24 00:17:29.719', TIMESTAMP '2018-12-24 00:17:29.719', 'testuser16@liquido.de', '+491234516', 'Test User16', '/static/img/photos/1.png', 'http://www.liquido.de'),
(17, TIMESTAMP '2018-12-24 00:17:29.722', TIMESTAMP '2018-12-24 00:17:29.722', 'testuser17@liquido.de', '+491234517', 'Test User17', '/static/img/photos/2.png', 'http://www.liquido.de'),
(18, TIMESTAMP '2018-12-24 00:17:29.725', TIMESTAMP '2018-12-24 00:17:29.725', 'testuser18@liquido.de', '+491234518', 'Test User18', '/static/img/photos/3.png', 'http://www.liquido.de'),
(19, TIMESTAMP '2018-12-24 00:17:29.728', TIMESTAMP '2018-12-24 00:17:29.728', 'testuser19@liquido.de', '+491234519', 'Test User19', '/static/img/photos/1.png', 'http://www.liquido.de'),
(20, TIMESTAMP '2018-12-24 00:17:29.73', TIMESTAMP '2018-12-24 00:17:29.73', 'testuser20@liquido.de', '+491234520', 'Test User20', '/static/img/photos/2.png', 'http://www.liquido.de');
-- 0 +/- SELECT COUNT(*) FROM PUBLIC.QRTZ_CALENDARS;
-- 0 +/- SELECT COUNT(*) FROM PUBLIC.QRTZ_CRON_TRIGGERS;
-- 0 +/- SELECT COUNT(*) FROM PUBLIC.QRTZ_FIRED_TRIGGERS;
-- 0 +/- SELECT COUNT(*) FROM PUBLIC.QRTZ_PAUSED_TRIGGER_GRPS;
-- 0 +/- SELECT COUNT(*) FROM PUBLIC.QRTZ_SCHEDULER_STATE;
-- 1 +/- SELECT COUNT(*) FROM PUBLIC.QRTZ_LOCKS;
-- 2 +/- SELECT COUNT(*) FROM PUBLIC.QRTZ_JOB_DETAILS;
-- 2 +/- SELECT COUNT(*) FROM PUBLIC.QRTZ_SIMPLE_TRIGGERS;
-- 0 +/- SELECT COUNT(*) FROM PUBLIC.QRTZ_SIMPROP_TRIGGERS;
-- 0 +/- SELECT COUNT(*) FROM PUBLIC.QRTZ_BLOB_TRIGGERS;
-- 2 +/- SELECT COUNT(*) FROM PUBLIC.QRTZ_TRIGGERS;
ALTER TABLE PUBLIC.AREAS ADD CONSTRAINT PUBLIC.UK_P61HNJ1M450KNDUSCXOLDCHFJ UNIQUE(TITLE);
ALTER TABLE PUBLIC.USERS ADD CONSTRAINT PUBLIC.UK_6DOTKOTT2KJSP8VW4D0M25FB7 UNIQUE(EMAIL);
ALTER TABLE PUBLIC.LAWS ADD CONSTRAINT PUBLIC.UK_BS516OPV3HONTPTWVPIOOS72B UNIQUE(TITLE);
ALTER TABLE PUBLIC.DELEGATIONS ADD CONSTRAINT PUBLIC.UK2WYH7POIF8NPDWLUR8DFORD0J UNIQUE(AREA_ID, FROM_USER_ID);
ALTER TABLE PUBLIC.LAWS_COMMENTS ADD CONSTRAINT PUBLIC.UK_OF3YV6X3MAHJPHJBJE5XHRXC8 UNIQUE(COMMENTS_ID);
ALTER TABLE PUBLIC.BALLOTS ADD CONSTRAINT PUBLIC.UKHWWEPK8N3CE54LEREWX2FMYXF UNIQUE(POLL_ID, CHECKSUM);
ALTER TABLE PUBLIC.CHECKSUMS ADD CONSTRAINT PUBLIC.UKL0XNKLNHLK4PTWSU9B0QXTYBN UNIQUE(AREA_ID, PUBLIC_PROXY_ID);
ALTER TABLE PUBLIC.KEY_VALUE ADD CONSTRAINT PUBLIC.UK_GVYP924RQ0A5Y8U3EMJS35G2Q UNIQUE(KEY);
ALTER TABLE PUBLIC.AREAS ADD CONSTRAINT PUBLIC.FKP9N0U4HM2Q1O7V0068C8GD4EL FOREIGN KEY(CREATED_BY_ID) REFERENCES PUBLIC.USERS(ID) NOCHECK;
ALTER TABLE PUBLIC.DELEGATIONS ADD CONSTRAINT PUBLIC.FK1Y1R0D478R9NTDMUIYKKUHADV FOREIGN KEY(REQUESTED_DELEGATION_FROM_CHECKSUM_CHECKSUM) REFERENCES PUBLIC.CHECKSUMS(CHECKSUM) NOCHECK;
ALTER TABLE PUBLIC.DELEGATIONS ADD CONSTRAINT PUBLIC.FKSWBDEOVC7HSQ5EX30PBMDU9D4 FOREIGN KEY(AREA_ID) REFERENCES PUBLIC.AREAS(ID) NOCHECK;
ALTER TABLE PUBLIC.LAWS ADD CONSTRAINT PUBLIC.FK4QUHD81MM84X6RQ0CCBXSEYXX FOREIGN KEY(POLL_ID) REFERENCES PUBLIC.POLLS(ID) NOCHECK;
ALTER TABLE PUBLIC.LAWS_SUPPORTERS ADD CONSTRAINT PUBLIC.FK9B4I87YIKUCHRIRFJAYMGOHE3 FOREIGN KEY(LAW_MODEL_ID) REFERENCES PUBLIC.LAWS(ID) NOCHECK;
ALTER TABLE PUBLIC.BALLOTS ADD CONSTRAINT PUBLIC.FKOG7SHPLJ1CCOH8N9AO4Y16LQ3 FOREIGN KEY(POLL_ID) REFERENCES PUBLIC.POLLS(ID) NOCHECK;
ALTER TABLE PUBLIC.COMMENTS_DOWN_VOTERS ADD CONSTRAINT PUBLIC.FK62ILAC17TG4CPKRHEONUD72HV FOREIGN KEY(DOWN_VOTERS_ID) REFERENCES PUBLIC.USERS(ID) NOCHECK;
ALTER TABLE PUBLIC.CHECKSUMS ADD CONSTRAINT PUBLIC.FKDFLPSE9FSOGY1FMFDY2W79RG FOREIGN KEY(DELEGATED_TO_CHECKSUM) REFERENCES PUBLIC.CHECKSUMS(CHECKSUM) NOCHECK;
ALTER TABLE PUBLIC.BALLOTS_VOTE_ORDER ADD CONSTRAINT PUBLIC.FKIH6THEWVJEH3OW9DL1YTJ9AWB FOREIGN KEY(BALLOT_MODEL_ID) REFERENCES PUBLIC.BALLOTS(ID) NOCHECK;
ALTER TABLE PUBLIC.CHECKSUMS ADD CONSTRAINT PUBLIC.FK68FTLVL0MWTVOQD3BFUPP0XRG FOREIGN KEY(PUBLIC_PROXY_ID) REFERENCES PUBLIC.USERS(ID) NOCHECK;
ALTER TABLE PUBLIC.LAWS ADD CONSTRAINT PUBLIC.FKTR1PLL46Q50SHWBFFYIYUAVGN FOREIGN KEY(CREATED_BY_ID) REFERENCES PUBLIC.USERS(ID) NOCHECK;
ALTER TABLE PUBLIC.ONE_TIME_TOKEN ADD CONSTRAINT PUBLIC.FK4O21XT1RMRICB3EA4TO5NKR8D FOREIGN KEY(USER_ID) REFERENCES PUBLIC.USERS(ID) NOCHECK;
ALTER TABLE PUBLIC.BALLOTS_VOTE_ORDER ADD CONSTRAINT PUBLIC.FKOWD5MAD84QVWGST43698A6GX5 FOREIGN KEY(VOTE_ORDER_ID) REFERENCES PUBLIC.LAWS(ID) NOCHECK;
ALTER TABLE PUBLIC.COMMENTS ADD CONSTRAINT PUBLIC.FKAKKM6QFYDU7VGNFNE1YO0XMED FOREIGN KEY(CREATED_BY_ID) REFERENCES PUBLIC.USERS(ID) NOCHECK;
ALTER TABLE PUBLIC.DELEGATIONS ADD CONSTRAINT PUBLIC.FK21A6LG8FU2JS6E0JU41WJ2GQP FOREIGN KEY(TO_PROXY_ID) REFERENCES PUBLIC.USERS(ID) NOCHECK;
ALTER TABLE PUBLIC.LAWS_COMMENTS ADD CONSTRAINT PUBLIC.FK36FBKIUITRV0YRVY8S0IG46IX FOREIGN KEY(LAW_MODEL_ID) REFERENCES PUBLIC.LAWS(ID) NOCHECK;
ALTER TABLE PUBLIC.POLLS ADD CONSTRAINT PUBLIC.FKQADOVSMQ4UOK58SP9HKHWJQIS FOREIGN KEY(WINNER_ID) REFERENCES PUBLIC.LAWS(ID) NOCHECK;
ALTER TABLE PUBLIC.DELEGATIONS ADD CONSTRAINT PUBLIC.FK9KOYA2MI6T18VF7U1FROBKNIQ FOREIGN KEY(FROM_USER_ID) REFERENCES PUBLIC.USERS(ID) NOCHECK;
ALTER TABLE PUBLIC.BALLOTS ADD CONSTRAINT PUBLIC.FK1RRV2WY16UQONFL9CR1CQG2XD FOREIGN KEY(CHECKSUM) REFERENCES PUBLIC.CHECKSUMS(CHECKSUM) NOCHECK;
ALTER TABLE PUBLIC.LAWS ADD CONSTRAINT PUBLIC.FK9VIQDJ5LDUN0AHWQDFF1WUY39 FOREIGN KEY(AREA_ID) REFERENCES PUBLIC.AREAS(ID) NOCHECK;
ALTER TABLE PUBLIC.LAWS_COMMENTS ADD CONSTRAINT PUBLIC.FKFL0Y4QFVFPF9YNMMFJ0JEVXFF FOREIGN KEY(COMMENTS_ID) REFERENCES PUBLIC.COMMENTS(ID) NOCHECK;
ALTER TABLE PUBLIC.COMMENTS_UP_VOTERS ADD CONSTRAINT PUBLIC.FKEUURM027PDC4L5A9G9O2L0UYD FOREIGN KEY(UP_VOTERS_ID) REFERENCES PUBLIC.USERS(ID) NOCHECK;
ALTER TABLE PUBLIC.COMMENTS ADD CONSTRAINT PUBLIC.FKLRI30OKF66PHTCGBE5POK7CC0 FOREIGN KEY(PARENT_ID) REFERENCES PUBLIC.COMMENTS(ID) NOCHECK;
ALTER TABLE PUBLIC.COMMENTS_UP_VOTERS ADD CONSTRAINT PUBLIC.FK8LS8T571Y99VTTW1MDKEBXAGP FOREIGN KEY(COMMENT_MODEL_ID) REFERENCES PUBLIC.COMMENTS(ID) NOCHECK;
ALTER TABLE PUBLIC.LAWS_SUPPORTERS ADD CONSTRAINT PUBLIC.FKK8MVJC4RQ970OJAVYFIA9BQVE FOREIGN KEY(SUPPORTERS_ID) REFERENCES PUBLIC.USERS(ID) NOCHECK;
ALTER TABLE PUBLIC.COMMENTS_DOWN_VOTERS ADD CONSTRAINT PUBLIC.FKJYMYJ54LENHS4KE6MYQHLY72 FOREIGN KEY(COMMENT_MODEL_ID) REFERENCES PUBLIC.COMMENTS(ID) NOCHECK;
ALTER TABLE PUBLIC.CHECKSUMS ADD CONSTRAINT PUBLIC.FKLLW57XBW0D67OPTMWFMU3P2PC FOREIGN KEY(AREA_ID) REFERENCES PUBLIC.AREAS(ID) NOCHECK;
