SET DB_CLOSE_DELAY -1;
;
CREATE USER IF NOT EXISTS SA SALT 'cb12a8ef8a69c5c5' HASH 'c3ea047ebfc076efec851845ad8d3b899c3d508c2245644291eb91bd26200013' ADMIN;
CREATE SEQUENCE PUBLIC.HIBERNATE_SEQUENCE START WITH 406;
CREATE MEMORY TABLE PUBLIC.AREAS(
ID BIGINT NOT NULL,
CREATED_AT TIMESTAMP NOT NULL,
UPDATED_AT TIMESTAMP NOT NULL,
DESCRIPTION VARCHAR(255) NOT NULL,
TITLE VARCHAR(255) NOT NULL,
CREATED_BY_ID BIGINT NOT NULL
);
ALTER TABLE PUBLIC.AREAS ADD CONSTRAINT PUBLIC.CONSTRAINT_3 PRIMARY KEY(ID);
-- 10 +/- SELECT COUNT(*) FROM PUBLIC.AREAS;
INSERT INTO PUBLIC.AREAS(ID, CREATED_AT, UPDATED_AT, DESCRIPTION, TITLE, CREATED_BY_ID) VALUES
(21, TIMESTAMP '2019-07-24 07:38:29.802', TIMESTAMP '2019-07-24 07:38:29.802', 'Nice description for test area #0', 'Area 0', 1),
(22, TIMESTAMP '2019-07-24 07:38:29.806', TIMESTAMP '2019-07-24 07:38:29.806', 'Nice description for test area #1', 'Area 1', 1),
(23, TIMESTAMP '2019-07-24 07:38:29.845', TIMESTAMP '2019-07-24 07:38:29.845', 'Nice description for test area #2', 'Area 2', 1),
(24, TIMESTAMP '2019-07-24 07:38:29.85', TIMESTAMP '2019-07-24 07:38:29.85', 'Nice description for test area #3', 'Area 3', 1),
(25, TIMESTAMP '2019-07-24 07:38:29.856', TIMESTAMP '2019-07-24 07:38:29.856', 'Nice description for test area #4', 'Area 4', 1),
(26, TIMESTAMP '2019-07-24 07:38:29.861', TIMESTAMP '2019-07-24 07:38:29.861', 'Nice description for test area #5', 'Area 5', 1),
(27, TIMESTAMP '2019-07-24 07:38:29.868', TIMESTAMP '2019-07-24 07:38:29.868', 'Nice description for test area #6', 'Area 6', 1),
(28, TIMESTAMP '2019-07-24 07:38:29.874', TIMESTAMP '2019-07-24 07:38:29.874', 'Nice description for test area #7', 'Area 7', 1),
(29, TIMESTAMP '2019-07-24 07:38:29.884', TIMESTAMP '2019-07-24 07:38:29.884', 'Nice description for test area #8', 'Area 8', 1),
(30, TIMESTAMP '2019-07-24 07:38:29.895', TIMESTAMP '2019-07-24 07:38:29.895', 'Nice description for test area #9', 'Area 9', 1);
CREATE MEMORY TABLE PUBLIC.BALLOTS(
ID BIGINT NOT NULL,
LEVEL INTEGER NOT NULL,
VOTE_COUNT BIGINT NOT NULL,
CHECKSUM VARCHAR(255) NOT NULL,
POLL_ID BIGINT NOT NULL
);
ALTER TABLE PUBLIC.BALLOTS ADD CONSTRAINT PUBLIC.CONSTRAINT_1 PRIMARY KEY(ID);
-- 32 +/- SELECT COUNT(*) FROM PUBLIC.BALLOTS;
INSERT INTO PUBLIC.BALLOTS(ID, LEVEL, VOTE_COUNT, CHECKSUM, POLL_ID) VALUES
(332, 0, 1, '$2a$10$1IdrGrRAN2Wp3U7QI.JIzuuViLszDdeyBQZ4QNjYJJWIYI5M2O3G2', 303),
(333, 0, 1, '$2a$10$1IdrGrRAN2Wp3U7QI.JIzuDl5QTomD0jkJDoG.VH7LgF6BaMi7mUu', 303),
(334, 0, 4, '$2a$10$1IdrGrRAN2Wp3U7QI.JIzumrB8gg15WYrl/9Od2a/lKdcXxyoRqYe', 303),
(335, 0, 1, '$2a$10$1IdrGrRAN2Wp3U7QI.JIzu0U7xajdi9.MlI8tTpf7ZVQmMn3XTPaq', 303),
(336, 0, 1, '$2a$10$1IdrGrRAN2Wp3U7QI.JIzuA2amXnXPKlVvjlg62SZ08/U45S1krWS', 303),
(337, 0, 1, '$2a$10$1IdrGrRAN2Wp3U7QI.JIzuQi87d/P3rgtaiDqqegSB4vu2sByXkly', 303),
(338, 0, 2, '$2a$10$1IdrGrRAN2Wp3U7QI.JIzumF7aPaiUyhTd0m56K/SiA71ec5pLFu2', 303),
(339, 1, 1, '$2a$10$1IdrGrRAN2Wp3U7QI.JIzu9jY7URudOBmsrn4SD7Sp2bRAti6ztwK', 303),
(340, 0, 1, '$2a$10$1IdrGrRAN2Wp3U7QI.JIzuaW/fGb8Z2mJgsKxYwe5.NrtAFNxSQVS', 303),
(341, 0, 1, '$2a$10$1IdrGrRAN2Wp3U7QI.JIzuWb3cSZmVC9yx83VYQxwLFYSL5g8IoRy', 303),
(342, 0, 1, '$2a$10$1IdrGrRAN2Wp3U7QI.JIzuaXivFiTa4cwzBq6IwpHyvmd9OIEIHwW', 303),
(343, 0, 1, '$2a$10$1IdrGrRAN2Wp3U7QI.JIzuYTSKjBSu3cADo/STK5moSHUhn6NKcyS', 303),
(344, 0, 1, '$2a$10$1IdrGrRAN2Wp3U7QI.JIzuYun6DCp3DqD0HkMSxupTiHcONZRP0YC', 303),
(345, 0, 1, '$2a$10$1IdrGrRAN2Wp3U7QI.JIzuj/DUpsANoEk4usC10lyWBvgCY2jpdQ6', 303),
(346, 0, 1, '$2a$10$1IdrGrRAN2Wp3U7QI.JIzukT2e4dWh2jhcsPdh.C5JEqMyz08zCoa', 303),
(347, 0, 1, '$2a$10$1IdrGrRAN2Wp3U7QI.JIzuRe9KBAxYEu.ylAyhV50ek90rELSRGqG', 303),
(388, 0, 1, '$2a$10$1IdrGrRAN2Wp3U7QI.JIzuuViLszDdeyBQZ4QNjYJJWIYI5M2O3G2', 356),
(389, 0, 1, '$2a$10$1IdrGrRAN2Wp3U7QI.JIzuDl5QTomD0jkJDoG.VH7LgF6BaMi7mUu', 356),
(390, 0, 4, '$2a$10$1IdrGrRAN2Wp3U7QI.JIzumrB8gg15WYrl/9Od2a/lKdcXxyoRqYe', 356),
(391, 0, 1, '$2a$10$1IdrGrRAN2Wp3U7QI.JIzu0U7xajdi9.MlI8tTpf7ZVQmMn3XTPaq', 356),
(392, 0, 1, '$2a$10$1IdrGrRAN2Wp3U7QI.JIzuA2amXnXPKlVvjlg62SZ08/U45S1krWS', 356),
(393, 0, 1, '$2a$10$1IdrGrRAN2Wp3U7QI.JIzuQi87d/P3rgtaiDqqegSB4vu2sByXkly', 356),
(394, 0, 2, '$2a$10$1IdrGrRAN2Wp3U7QI.JIzumF7aPaiUyhTd0m56K/SiA71ec5pLFu2', 356),
(395, 1, 1, '$2a$10$1IdrGrRAN2Wp3U7QI.JIzu9jY7URudOBmsrn4SD7Sp2bRAti6ztwK', 356),
(396, 0, 1, '$2a$10$1IdrGrRAN2Wp3U7QI.JIzuaW/fGb8Z2mJgsKxYwe5.NrtAFNxSQVS', 356),
(397, 0, 1, '$2a$10$1IdrGrRAN2Wp3U7QI.JIzuWb3cSZmVC9yx83VYQxwLFYSL5g8IoRy', 356),
(398, 0, 1, '$2a$10$1IdrGrRAN2Wp3U7QI.JIzuaXivFiTa4cwzBq6IwpHyvmd9OIEIHwW', 356),
(399, 0, 1, '$2a$10$1IdrGrRAN2Wp3U7QI.JIzuYTSKjBSu3cADo/STK5moSHUhn6NKcyS', 356),
(400, 0, 1, '$2a$10$1IdrGrRAN2Wp3U7QI.JIzuYun6DCp3DqD0HkMSxupTiHcONZRP0YC', 356),
(401, 0, 1, '$2a$10$1IdrGrRAN2Wp3U7QI.JIzuj/DUpsANoEk4usC10lyWBvgCY2jpdQ6', 356),
(402, 0, 1, '$2a$10$1IdrGrRAN2Wp3U7QI.JIzukT2e4dWh2jhcsPdh.C5JEqMyz08zCoa', 356),
(403, 0, 1, '$2a$10$1IdrGrRAN2Wp3U7QI.JIzuRe9KBAxYEu.ylAyhV50ek90rELSRGqG', 356);
CREATE MEMORY TABLE PUBLIC.BALLOTS_VOTE_ORDER(
BALLOT_MODEL_ID BIGINT NOT NULL,
VOTE_ORDER_ID BIGINT NOT NULL,
VOTE_ORDER_ORDER INTEGER NOT NULL
);
ALTER TABLE PUBLIC.BALLOTS_VOTE_ORDER ADD CONSTRAINT PUBLIC.CONSTRAINT_5 PRIMARY KEY(BALLOT_MODEL_ID, VOTE_ORDER_ORDER);
-- 145 +/- SELECT COUNT(*) FROM PUBLIC.BALLOTS_VOTE_ORDER;
INSERT INTO PUBLIC.BALLOTS_VOTE_ORDER(BALLOT_MODEL_ID, VOTE_ORDER_ID, VOTE_ORDER_ORDER) VALUES
(332, 318, 0),
(332, 304, 1),
(332, 298, 2),
(332, 324, 3),
(332, 311, 4),
(333, 324, 0),
(333, 318, 1),
(333, 298, 2),
(333, 304, 3),
(333, 311, 4),
(334, 324, 0),
(334, 318, 1),
(334, 311, 2),
(334, 304, 3),
(338, 318, 0),
(338, 304, 1),
(338, 324, 2),
(338, 298, 3),
(338, 311, 4),
(339, 318, 0),
(339, 304, 1),
(339, 324, 2),
(339, 298, 3),
(339, 311, 4),
(340, 324, 0),
(340, 304, 1),
(340, 318, 2),
(340, 311, 3),
(340, 298, 4),
(335, 298, 0),
(335, 304, 1),
(335, 324, 2),
(335, 318, 3),
(335, 311, 4),
(336, 318, 0),
(336, 311, 1),
(336, 298, 2),
(336, 304, 3),
(341, 311, 0),
(341, 304, 1),
(341, 324, 2),
(341, 298, 3),
(342, 318, 0),
(342, 311, 1),
(342, 304, 2),
(342, 298, 3),
(343, 304, 0),
(343, 298, 1),
(343, 324, 2),
(343, 318, 3),
(343, 311, 4),
(344, 304, 0),
(344, 324, 1),
(344, 298, 2),
(344, 311, 3),
(344, 318, 4),
(345, 318, 0),
(345, 311, 1),
(345, 324, 2),
(345, 304, 3),
(345, 298, 4),
(346, 311, 0),
(346, 318, 1),
(346, 324, 2),
(346, 304, 3),
(347, 324, 0),
(347, 311, 1),
(347, 304, 2),
(347, 298, 3),
(337, 298, 0),
(337, 304, 1),
(337, 311, 2),
(337, 318, 3),
(337, 324, 4),
(388, 380, 0),
(388, 357, 1),
(388, 365, 2),
(388, 348, 3),
(388, 372, 4),
(389, 380, 0),
(389, 365, 1),
(389, 372, 2),
(389, 348, 3),
(389, 357, 4),
(390, 357, 0),
(390, 372, 1),
(390, 380, 2),
(390, 348, 3),
(394, 372, 0),
(394, 365, 1),
(394, 380, 2),
(394, 357, 3),
(394, 348, 4),
(395, 372, 0),
(395, 365, 1),
(395, 380, 2),
(395, 357, 3),
(395, 348, 4),
(396, 348, 0),
(396, 372, 1),
(396, 357, 2),
(396, 380, 3),
(391, 348, 0),
(391, 372, 1),
(391, 365, 2),
(391, 357, 3),
(392, 357, 0),
(392, 380, 1),
(392, 372, 2),
(392, 365, 3),
(392, 348, 4),
(397, 380, 0),
(397, 372, 1),
(397, 365, 2),
(397, 348, 3),
(398, 380, 0),
(398, 348, 1),
(398, 372, 2),
(398, 357, 3),
(399, 357, 0),
(399, 380, 1),
(399, 372, 2),
(399, 348, 3),
(399, 365, 4),
(400, 380, 0),
(400, 372, 1),
(400, 365, 2),
(400, 357, 3),
(400, 348, 4),
(401, 372, 0),
(401, 357, 1),
(401, 348, 2),
(402, 380, 0),
(402, 372, 1),
(402, 365, 2),
(402, 357, 3),
(402, 348, 4),
(403, 357, 0),
(403, 348, 1),
(403, 365, 2),
(403, 372, 3),
(393, 357, 0),
(393, 365, 1),
(393, 348, 2),
(393, 380, 3);
CREATE MEMORY TABLE PUBLIC.CHECKSUMS(
CHECKSUM VARCHAR(255) NOT NULL,
EXPIRES_AT TIMESTAMP,
TRANSITIVE BOOLEAN NOT NULL,
AREA_ID BIGINT,
DELEGATED_TO_CHECKSUM VARCHAR(255),
PUBLIC_PROXY_ID BIGINT
);
ALTER TABLE PUBLIC.CHECKSUMS ADD CONSTRAINT PUBLIC.CONSTRAINT_B PRIMARY KEY(CHECKSUM);
-- 18 +/- SELECT COUNT(*) FROM PUBLIC.CHECKSUMS;
INSERT INTO PUBLIC.CHECKSUMS(CHECKSUM, EXPIRES_AT, TRANSITIVE, AREA_ID, DELEGATED_TO_CHECKSUM, PUBLIC_PROXY_ID) VALUES
('$2a$10$1IdrGrRAN2Wp3U7QI.JIzueyGOu7FMMyyMJw3bvzEU2elpOrru8sy', TIMESTAMP '2019-07-25 07:38:39.625', TRUE, 21, NULL, 1),
('$2a$10$1IdrGrRAN2Wp3U7QI.JIzu9jY7URudOBmsrn4SD7Sp2bRAti6ztwK', TIMESTAMP '2019-07-25 07:38:41.645', TRUE, 21, '$2a$10$1IdrGrRAN2Wp3U7QI.JIzumF7aPaiUyhTd0m56K/SiA71ec5pLFu2', 6),
('$2a$10$1IdrGrRAN2Wp3U7QI.JIzuIvB5fBvUb/y3tpzb1Xahzu9k87H3HZ.', TIMESTAMP '2019-07-25 07:38:41.835', TRUE, 21, '$2a$10$1IdrGrRAN2Wp3U7QI.JIzueyGOu7FMMyyMJw3bvzEU2elpOrru8sy', 4),
('$2a$10$1IdrGrRAN2Wp3U7QI.JIzuuViLszDdeyBQZ4QNjYJJWIYI5M2O3G2', TIMESTAMP '2019-07-25 07:38:54.274', TRUE, 21, NULL, 13),
('$2a$10$1IdrGrRAN2Wp3U7QI.JIzuDl5QTomD0jkJDoG.VH7LgF6BaMi7mUu', TIMESTAMP '2019-07-25 07:38:54.644', TRUE, 21, NULL, 15),
('$2a$10$1IdrGrRAN2Wp3U7QI.JIzumrB8gg15WYrl/9Od2a/lKdcXxyoRqYe', TIMESTAMP '2019-07-25 07:38:55.055', TRUE, 21, '$2a$10$1IdrGrRAN2Wp3U7QI.JIzuIvB5fBvUb/y3tpzb1Xahzu9k87H3HZ.', 7),
('$2a$10$1IdrGrRAN2Wp3U7QI.JIzumF7aPaiUyhTd0m56K/SiA71ec5pLFu2', TIMESTAMP '2019-07-25 07:38:55.491', TRUE, 21, '$2a$10$1IdrGrRAN2Wp3U7QI.JIzueyGOu7FMMyyMJw3bvzEU2elpOrru8sy', 3),
('$2a$10$1IdrGrRAN2Wp3U7QI.JIzuaW/fGb8Z2mJgsKxYwe5.NrtAFNxSQVS', TIMESTAMP '2019-07-25 07:38:55.844', TRUE, 21, NULL, 5),
('$2a$10$1IdrGrRAN2Wp3U7QI.JIzu0U7xajdi9.MlI8tTpf7ZVQmMn3XTPaq', TIMESTAMP '2019-07-25 07:38:56.295', TRUE, 21, '$2a$10$1IdrGrRAN2Wp3U7QI.JIzumrB8gg15WYrl/9Od2a/lKdcXxyoRqYe', 10),
('$2a$10$1IdrGrRAN2Wp3U7QI.JIzuA2amXnXPKlVvjlg62SZ08/U45S1krWS', TIMESTAMP '2019-07-25 07:38:56.675', TRUE, 21, '$2a$10$1IdrGrRAN2Wp3U7QI.JIzumrB8gg15WYrl/9Od2a/lKdcXxyoRqYe', 11),
('$2a$10$1IdrGrRAN2Wp3U7QI.JIzuWb3cSZmVC9yx83VYQxwLFYSL5g8IoRy', TIMESTAMP '2019-07-25 07:38:57.019', TRUE, 21, '$2a$10$1IdrGrRAN2Wp3U7QI.JIzueyGOu7FMMyyMJw3bvzEU2elpOrru8sy', NULL),
('$2a$10$1IdrGrRAN2Wp3U7QI.JIzuaXivFiTa4cwzBq6IwpHyvmd9OIEIHwW', TIMESTAMP '2019-07-25 07:38:57.341', TRUE, 21, NULL, 9),
('$2a$10$1IdrGrRAN2Wp3U7QI.JIzuYTSKjBSu3cADo/STK5moSHUhn6NKcyS', TIMESTAMP '2019-07-25 07:38:57.706', TRUE, 21, NULL, 16),
('$2a$10$1IdrGrRAN2Wp3U7QI.JIzuYun6DCp3DqD0HkMSxupTiHcONZRP0YC', TIMESTAMP '2019-07-25 07:38:58.15', TRUE, 21, NULL, 20),
('$2a$10$1IdrGrRAN2Wp3U7QI.JIzuj/DUpsANoEk4usC10lyWBvgCY2jpdQ6', TIMESTAMP '2019-07-25 07:38:58.59', TRUE, 21, NULL, 18),
('$2a$10$1IdrGrRAN2Wp3U7QI.JIzukT2e4dWh2jhcsPdh.C5JEqMyz08zCoa', TIMESTAMP '2019-07-25 07:38:58.964', TRUE, 21, NULL, 14),
('$2a$10$1IdrGrRAN2Wp3U7QI.JIzuRe9KBAxYEu.ylAyhV50ek90rELSRGqG', TIMESTAMP '2019-07-25 07:38:59.275', TRUE, 21, NULL, 19),
('$2a$10$1IdrGrRAN2Wp3U7QI.JIzuQi87d/P3rgtaiDqqegSB4vu2sByXkly', TIMESTAMP '2019-07-25 07:38:59.602', FALSE, 21, '$2a$10$1IdrGrRAN2Wp3U7QI.JIzumrB8gg15WYrl/9Od2a/lKdcXxyoRqYe', 12);
CREATE MEMORY TABLE PUBLIC.COMMENTS(
ID BIGINT NOT NULL,
CREATED_AT TIMESTAMP NOT NULL,
UPDATED_AT TIMESTAMP NOT NULL,
COMMENT VARCHAR(255) NOT NULL,
CREATED_BY_ID BIGINT NOT NULL,
PARENT_ID BIGINT,
PROPOSAL_ID BIGINT NOT NULL
);
ALTER TABLE PUBLIC.COMMENTS ADD CONSTRAINT PUBLIC.CONSTRAINT_A PRIMARY KEY(ID);
-- 139 +/- SELECT COUNT(*) FROM PUBLIC.COMMENTS;
INSERT INTO PUBLIC.COMMENTS(ID, CREATED_AT, UPDATED_AT, COMMENT, CREATED_BY_ID, PARENT_ID, PROPOSAL_ID) VALUES
(194, TIMESTAMP '2019-07-24 07:38:36.684', TIMESTAMP '2019-07-24 07:38:36.684', 'Comment on root level. I really like this idea, but needs to be improved. 1563946716671', 2, NULL, 193),
(195, TIMESTAMP '2019-07-24 07:38:36.694', TIMESTAMP '2019-07-24 07:38:36.694', 'Reply 0 Lorem ipsum d', 10, 194, 193),
(196, TIMESTAMP '2019-07-24 07:38:36.706', TIMESTAMP '2019-07-24 07:38:36.706', 'Reply 1 Lorem ipsum dolor sit amet, consectetur adipiscing elit, sed do eiusmod', 4, 194, 193),
(197, TIMESTAMP '2019-07-24 07:38:36.709', TIMESTAMP '2019-07-24 07:38:36.709', 'Reply 2 Lorem ipsum dolor sit amet, consectetur adipisci', 8, 194, 193),
(198, TIMESTAMP '2019-07-24 07:38:36.712', TIMESTAMP '2019-07-24 07:38:36.712', 'Reply 3 Lorem ipsum dolor sit amet, consectetu', 6, 194, 193),
(200, TIMESTAMP '2019-07-24 07:38:36.809', TIMESTAMP '2019-07-24 07:38:36.809', 'Comment on root level. I really like this idea, but needs to be improved. 1563946716808', 15, NULL, 199),
(201, TIMESTAMP '2019-07-24 07:38:36.811', TIMESTAMP '2019-07-24 07:38:36.811', 'Reply 0 Lorem ipsum dolor sit amet', 5, 200, 199),
(202, TIMESTAMP '2019-07-24 07:38:36.815', TIMESTAMP '2019-07-24 07:38:36.815', 'Reply 1 Lorem ipsum dolor sit amet, consectetur adipiscin', 7, 200, 199),
(203, TIMESTAMP '2019-07-24 07:38:36.817', TIMESTAMP '2019-07-24 07:38:36.817', 'Reply 2 Lorem ipsum dolor sit ', 9, 200, 199),
(204, TIMESTAMP '2019-07-24 07:38:36.819', TIMESTAMP '2019-07-24 07:38:36.819', 'Reply 3 Lorem ipsum dolor sit amet, consectetur adipiscing elit, sed do eiusmod tempor incididunt ut labore', 8, 200, 199),
(206, TIMESTAMP '2019-07-24 07:38:36.93', TIMESTAMP '2019-07-24 07:38:36.93', 'Comment on root level. I really like this idea, but needs to be improved. 1563946716929', 10, NULL, 205),
(207, TIMESTAMP '2019-07-24 07:38:36.933', TIMESTAMP '2019-07-24 07:38:36.933', 'Reply 0 Lorem ipsum dolor sit amet, consectetur adip', 9, 206, 205),
(208, TIMESTAMP '2019-07-24 07:38:36.935', TIMESTAMP '2019-07-24 07:38:36.935', 'Reply 1 Lorem ipsum dolor sit amet, consectetur adipiscing elit, sed do eiusmod tempor incididu', 7, 206, 205),
(209, TIMESTAMP '2019-07-24 07:38:36.944', TIMESTAMP '2019-07-24 07:38:36.944', 'Reply 2 Lorem ipsum dolor sit amet, consectetur adipiscing elit, sed do eiusmod tempor incididunt ut la', 15, 206, 205),
(210, TIMESTAMP '2019-07-24 07:38:36.946', TIMESTAMP '2019-07-24 07:38:36.946', 'Reply 3 Lorem ipsum dolor sit amet, consectet', 11, 206, 205),
(212, TIMESTAMP '2019-07-24 07:38:36.991', TIMESTAMP '2019-07-24 07:38:36.991', 'Comment on root level. I really like this idea, but needs to be improved. 1563946716990', 12, NULL, 211),
(213, TIMESTAMP '2019-07-24 07:38:36.993', TIMESTAMP '2019-07-24 07:38:36.993', 'Reply 0 Lorem ipsum dolor sit amet, consectetur adipiscing elit, sed do eiusmod tempor incididunt ut lab', 1, 212, 211),
(214, TIMESTAMP '2019-07-24 07:38:36.997', TIMESTAMP '2019-07-24 07:38:36.997', 'Reply 1 Lorem ipsum dolor sit amet, consectetur adipiscing e', 3, 212, 211),
(215, TIMESTAMP '2019-07-24 07:38:36.999', TIMESTAMP '2019-07-24 07:38:36.999', 'Reply 2 Lorem ipsum dolor sit amet, consectetur adipiscing elit, sed do eiusmod ', 4, 212, 211),
(217, TIMESTAMP '2019-07-24 07:38:37.047', TIMESTAMP '2019-07-24 07:38:37.047', 'Comment on root level. I really like this idea, but needs to be improved. 1563946717047', 7, NULL, 216),
(218, TIMESTAMP '2019-07-24 07:38:37.05', TIMESTAMP '2019-07-24 07:38:37.05', 'Reply 0 Lorem ipsum dolor sit amet, consectetur a', 7, 217, 216),
(219, TIMESTAMP '2019-07-24 07:38:37.052', TIMESTAMP '2019-07-24 07:38:37.052', 'Reply 1 Lorem ipsum dolor sit amet, consectetu', 16, 217, 216),
(220, TIMESTAMP '2019-07-24 07:38:37.053', TIMESTAMP '2019-07-24 07:38:37.053', 'Reply 2 Lorem ipsum dolor sit amet, consectetur adipisc', 13, 217, 216),
(221, TIMESTAMP '2019-07-24 07:38:37.055', TIMESTAMP '2019-07-24 07:38:37.055', 'Reply 3 Lorem ipsum dolor sit amet, co', 3, 217, 216),
(222, TIMESTAMP '2019-07-24 07:38:37.059', TIMESTAMP '2019-07-24 07:38:37.059', 'Reply 4 Lorem ipsum dolor sit amet, consectetur adipiscing elit, sed do eiusmod tempor incididunt ut', 19, 217, 216);
INSERT INTO PUBLIC.COMMENTS(ID, CREATED_AT, UPDATED_AT, COMMENT, CREATED_BY_ID, PARENT_ID, PROPOSAL_ID) VALUES
(233, TIMESTAMP '2019-07-24 07:38:44.58', TIMESTAMP '2019-07-24 07:38:44.58', 'Comment on root level. I really like this idea, but needs to be improved. 1563946724579', 20, NULL, 232),
(234, TIMESTAMP '2019-07-24 07:38:44.583', TIMESTAMP '2019-07-24 07:38:44.583', 'Reply 0 Lorem ipsum dolor sit a', 19, 233, 232),
(235, TIMESTAMP '2019-07-24 07:38:44.587', TIMESTAMP '2019-07-24 07:38:44.587', 'Reply 1 Lorem ipsum dolor sit amet, consectetur adip', 8, 233, 232),
(236, TIMESTAMP '2019-07-24 07:38:44.59', TIMESTAMP '2019-07-24 07:38:44.59', 'Reply 2 Lorem ipsum dolor sit ame', 14, 233, 232),
(241, TIMESTAMP '2019-07-24 07:38:44.673', TIMESTAMP '2019-07-24 07:38:44.673', 'Comment on root level. I really like this idea, but needs to be improved. 1563946724672', 17, NULL, 240),
(242, TIMESTAMP '2019-07-24 07:38:44.676', TIMESTAMP '2019-07-24 07:38:44.676', 'Reply 0 Lorem ipsum dolor sit amet, conse', 13, 241, 240),
(243, TIMESTAMP '2019-07-24 07:38:44.677', TIMESTAMP '2019-07-24 07:38:44.677', 'Reply 1 Lorem ipsum dolor sit amet, consectetur', 7, 241, 240),
(244, TIMESTAMP '2019-07-24 07:38:44.678', TIMESTAMP '2019-07-24 07:38:44.678', 'Reply 2 Lorem ipsum dolor sit amet, consectetur adipiscing elit, sed do eiusmod tempor incididunt ', 14, 241, 240),
(245, TIMESTAMP '2019-07-24 07:38:44.68', TIMESTAMP '2019-07-24 07:38:44.68', 'Reply 3 Lorem ipsum dolor sit amet, consectetur adipiscing elit, sed do eiusmod tempor incididun', 2, 241, 240),
(246, TIMESTAMP '2019-07-24 07:38:44.681', TIMESTAMP '2019-07-24 07:38:44.681', 'Reply 4 Lorem ipsum dolor sit amet, c', 10, 241, 240),
(247, TIMESTAMP '2019-07-24 07:38:44.683', TIMESTAMP '2019-07-24 07:38:44.683', 'Reply 5 Lorem ipsum dolor sit amet, c', 6, 241, 240),
(249, TIMESTAMP '2019-07-24 07:38:44.807', TIMESTAMP '2019-07-24 07:38:44.807', 'Comment on root level. I really like this idea, but needs to be improved. 1563946724807', 20, NULL, 248),
(250, TIMESTAMP '2019-07-24 07:38:44.809', TIMESTAMP '2019-07-24 07:38:44.809', 'Reply 0 Lorem ipsum dolor sit amet, consectetur adipiscing elit, sed do eiusmod tempor ', 17, 249, 248),
(251, TIMESTAMP '2019-07-24 07:38:44.812', TIMESTAMP '2019-07-24 07:38:44.812', 'Reply 1 Lorem ipsum dolor sit amet, consecte', 17, 249, 248),
(252, TIMESTAMP '2019-07-24 07:38:44.814', TIMESTAMP '2019-07-24 07:38:44.814', 'Reply 2 Lorem ipsum dolor sit amet, consectetur adip', 19, 249, 248),
(253, TIMESTAMP '2019-07-24 07:38:44.816', TIMESTAMP '2019-07-24 07:38:44.816', 'Reply 3 Lorem ipsum dolor s', 12, 249, 248),
(255, TIMESTAMP '2019-07-24 07:38:44.967', TIMESTAMP '2019-07-24 07:38:44.967', 'Comment on root level. I really like this idea, but needs to be improved. 1563946724967', 11, NULL, 254),
(256, TIMESTAMP '2019-07-24 07:38:44.98', TIMESTAMP '2019-07-24 07:38:44.98', 'Reply 0 Lorem ipsum dolor sit amet, consectetur adipiscing elit, sed do eiusmod tempor incididunt', 19, 255, 254),
(257, TIMESTAMP '2019-07-24 07:38:44.985', TIMESTAMP '2019-07-24 07:38:44.985', 'Reply 1 Lorem ipsum dolor sit amet, consectetur adipiscing elit, sed do eiusmod tempor incididunt ut ', 15, 255, 254),
(258, TIMESTAMP '2019-07-24 07:38:44.991', TIMESTAMP '2019-07-24 07:38:44.991', 'Reply 2 Lorem ipsum dolor sit amet, consectetur a', 11, 255, 254),
(259, TIMESTAMP '2019-07-24 07:38:44.999', TIMESTAMP '2019-07-24 07:38:44.999', 'Reply 3 Lorem ipsum dolor sit amet, consectetur adipisc', 14, 255, 254),
(260, TIMESTAMP '2019-07-24 07:38:45.003', TIMESTAMP '2019-07-24 07:38:45.003', 'Reply 4 Lorem ipsum dolor sit amet, consecte', 2, 255, 254),
(262, TIMESTAMP '2019-07-24 07:38:45.089', TIMESTAMP '2019-07-24 07:38:45.089', 'Comment on root level. I really like this idea, but needs to be improved. 1563946725088', 6, NULL, 261),
(263, TIMESTAMP '2019-07-24 07:38:45.092', TIMESTAMP '2019-07-24 07:38:45.092', 'Reply 0 Lorem ipsum dolor sit amet, consectetur adipiscing', 8, 262, 261),
(264, TIMESTAMP '2019-07-24 07:38:45.094', TIMESTAMP '2019-07-24 07:38:45.094', 'Reply 1 Lorem ipsum dolo', 3, 262, 261);
INSERT INTO PUBLIC.COMMENTS(ID, CREATED_AT, UPDATED_AT, COMMENT, CREATED_BY_ID, PARENT_ID, PROPOSAL_ID) VALUES
(265, TIMESTAMP '2019-07-24 07:38:45.096', TIMESTAMP '2019-07-24 07:38:45.096', 'Reply 2 Lorem ipsum dolor sit', 9, 262, 261),
(266, TIMESTAMP '2019-07-24 07:38:45.098', TIMESTAMP '2019-07-24 07:38:45.098', 'Reply 3 Lorem ipsum dolor sit amet, consectetur adipisci', 17, 262, 261),
(267, TIMESTAMP '2019-07-24 07:38:45.101', TIMESTAMP '2019-07-24 07:38:45.101', 'Reply 4 Lorem ipsum dolor sit amet, consectetur adipiscing elit, sed do eiusmod tempor incididunt ut la', 10, 262, 261),
(269, TIMESTAMP '2019-07-24 07:38:45.162', TIMESTAMP '2019-07-24 07:38:45.162', 'Comment on root level. I really like this idea, but needs to be improved. 1563946725161', 2, NULL, 268),
(270, TIMESTAMP '2019-07-24 07:38:45.163', TIMESTAMP '2019-07-24 07:38:45.163', 'Reply 0 Lorem ipsum dolor sit amet, consectetur adipiscing elit, sed do eiusmod tem', 15, 269, 268),
(271, TIMESTAMP '2019-07-24 07:38:45.165', TIMESTAMP '2019-07-24 07:38:45.165', 'Reply 1 Lorem ipsum dolor sit amet, consectetur adipiscing elit, sed do eiusmod tempor', 20, 269, 268),
(274, TIMESTAMP '2019-07-24 07:38:45.22', TIMESTAMP '2019-07-24 07:38:45.22', 'Comment on root level. I really like this idea, but needs to be improved. 1563946725218', 2, NULL, 273),
(275, TIMESTAMP '2019-07-24 07:38:45.226', TIMESTAMP '2019-07-24 07:38:45.226', 'Reply 0 Lorem ipsum dolor sit amet, consectetur adipisci', 9, 274, 273),
(276, TIMESTAMP '2019-07-24 07:38:45.228', TIMESTAMP '2019-07-24 07:38:45.228', 'Reply 1 Lorem ipsu', 2, 274, 273),
(277, TIMESTAMP '2019-07-24 07:38:45.23', TIMESTAMP '2019-07-24 07:38:45.23', 'Reply 2 Lorem ipsum dolor sit amet, consectetur adipiscing elit, sed do e', 18, 274, 273),
(278, TIMESTAMP '2019-07-24 07:38:45.232', TIMESTAMP '2019-07-24 07:38:45.232', 'Reply 3 Lorem ipsum dolor sit amet, consectetur adipiscing elit, sed do eiusmod tempor i', 4, 274, 273),
(279, TIMESTAMP '2019-07-24 07:38:45.233', TIMESTAMP '2019-07-24 07:38:45.233', 'Reply 4 Lorem ipsum dolor sit amet, consectetur adipiscing elit, sed do eiusmod tempor', 10, 274, 273),
(281, TIMESTAMP '2019-07-24 07:38:45.306', TIMESTAMP '2019-07-24 07:38:45.306', 'Comment on root level. I really like this idea, but needs to be improved. 1563946725305', 5, NULL, 280),
(282, TIMESTAMP '2019-07-24 07:38:45.309', TIMESTAMP '2019-07-24 07:38:45.309', 'Reply 0 Lorem ipsum dolor sit amet, consectetur adipisci', 13, 281, 280),
(283, TIMESTAMP '2019-07-24 07:38:45.312', TIMESTAMP '2019-07-24 07:38:45.312', 'Reply 1 Lorem ipsum dolor s', 3, 281, 280),
(284, TIMESTAMP '2019-07-24 07:38:45.315', TIMESTAMP '2019-07-24 07:38:45.315', 'Reply 2 Lorem ipsum dolor sit amet, consectetur adipiscing elit, sed do eiusmod tempor incididunt', 13, 281, 280),
(285, TIMESTAMP '2019-07-24 07:38:45.317', TIMESTAMP '2019-07-24 07:38:45.317', 'Reply 3 Lorem ipsum dolor sit amet, consectetur', 11, 281, 280),
(286, TIMESTAMP '2019-07-24 07:38:45.323', TIMESTAMP '2019-07-24 07:38:45.323', 'Reply 4 Lorem ipsum dolor sit amet, consectetur adipisc', 19, 281, 280),
(288, TIMESTAMP '2019-07-24 07:38:45.37', TIMESTAMP '2019-07-24 07:38:45.37', 'Comment on root level. I really like this idea, but needs to be improved. 1563946725369', 4, NULL, 287),
(289, TIMESTAMP '2019-07-24 07:38:45.373', TIMESTAMP '2019-07-24 07:38:45.373', 'Reply 0 Lorem ipsum dolor sit amet, consectetur adipiscing elit, sed do eiusmod tempor incididunt u', 6, 288, 287),
(290, TIMESTAMP '2019-07-24 07:38:45.375', TIMESTAMP '2019-07-24 07:38:45.375', 'Reply 1 Lorem ipsum dolor sit amet, consectetur adipiscing elit, sed do eiusmod tempor incididunt ut l', 17, 288, 287),
(292, TIMESTAMP '2019-07-24 07:38:45.483', TIMESTAMP '2019-07-24 07:38:45.483', 'Comment on root level. I really like this idea, but needs to be improved. 1563946725482', 16, NULL, 291),
(293, TIMESTAMP '2019-07-24 07:38:45.485', TIMESTAMP '2019-07-24 07:38:45.485', 'Reply 0 Lorem ipsum dolor sit amet, consectetur adipiscing elit, sed do eiusmod tempor incididunt ut labor', 18, 292, 291),
(294, TIMESTAMP '2019-07-24 07:38:45.488', TIMESTAMP '2019-07-24 07:38:45.488', 'Reply 1 Lorem ipsum dolor sit amet, consectetur adipiscing elit, sed d', 12, 292, 291);
INSERT INTO PUBLIC.COMMENTS(ID, CREATED_AT, UPDATED_AT, COMMENT, CREATED_BY_ID, PARENT_ID, PROPOSAL_ID) VALUES
(295, TIMESTAMP '2019-07-24 07:38:45.49', TIMESTAMP '2019-07-24 07:38:45.49', 'Reply 2 Lorem ipsum dolor sit amet, consectetur adipi', 11, 292, 291),
(296, TIMESTAMP '2019-07-24 07:38:45.492', TIMESTAMP '2019-07-24 07:38:45.492', 'Reply 3 Lorem ipsum dolor sit amet, consectetur adipiscing elit, sed do', 2, 292, 291),
(297, TIMESTAMP '2019-07-24 07:38:45.494', TIMESTAMP '2019-07-24 07:38:45.494', 'Reply 4 Lorem ipsum dolor sit amet, con', 3, 292, 291),
(299, TIMESTAMP '2019-07-24 07:38:45.666', TIMESTAMP '2019-07-24 07:38:45.666', 'Comment on root level. I really like this idea, but needs to be improved. 1563946725665', 10, NULL, 298),
(300, TIMESTAMP '2019-07-24 07:38:45.668', TIMESTAMP '2019-07-24 07:38:45.668', 'Reply 0 Lorem ipsum dolor sit amet, consectetur adipiscing elit, sed do eiusmod tempor inci', 2, 299, 298),
(301, TIMESTAMP '2019-07-24 07:38:45.67', TIMESTAMP '2019-07-24 07:38:45.67', 'Reply 1 Lorem ipsum dolor sit amet, consect', 5, 299, 298),
(302, TIMESTAMP '2019-07-24 07:38:45.673', TIMESTAMP '2019-07-24 07:38:45.673', 'Reply 2 Lorem ipsum dolor sit amet, consecte', 2, 299, 298),
(305, TIMESTAMP '2019-07-24 07:38:45.729', TIMESTAMP '2019-07-24 07:38:45.729', 'Comment on root level. I really like this idea, but needs to be improved. 1563946725729', 5, NULL, 304),
(306, TIMESTAMP '2019-07-24 07:38:45.736', TIMESTAMP '2019-07-24 07:38:45.736', 'Reply 0 Lorem ipsum dolor sit amet, consectetur adipiscing elit, sed do eiusmod tempor ', 3, 305, 304),
(307, TIMESTAMP '2019-07-24 07:38:45.74', TIMESTAMP '2019-07-24 07:38:45.74', 'Reply 1 Lorem ipsum dolor sit ', 18, 305, 304),
(308, TIMESTAMP '2019-07-24 07:38:45.742', TIMESTAMP '2019-07-24 07:38:45.742', 'Reply 2 Lorem ipsum dolor sit amet, consectetur adipiscing el', 9, 305, 304),
(309, TIMESTAMP '2019-07-24 07:38:45.743', TIMESTAMP '2019-07-24 07:38:45.743', 'Reply 3 Lorem ipsum dolor sit amet, consectetur adipiscing elit, sed do eiusmod tempor incididunt ut l', 8, 305, 304),
(310, TIMESTAMP '2019-07-24 07:38:45.745', TIMESTAMP '2019-07-24 07:38:45.745', 'Reply 4 Lorem ipsum dolor sit amet,', 3, 305, 304),
(312, TIMESTAMP '2019-07-24 07:38:45.798', TIMESTAMP '2019-07-24 07:38:45.798', 'Comment on root level. I really like this idea, but needs to be improved. 1563946725798', 4, NULL, 311),
(313, TIMESTAMP '2019-07-24 07:38:45.801', TIMESTAMP '2019-07-24 07:38:45.801', 'Reply 0 Lorem ipsum dolor sit amet, consectetur adipiscing elit, sed do eiusmod tempor incididunt ut lab', 6, 312, 311),
(314, TIMESTAMP '2019-07-24 07:38:45.803', TIMESTAMP '2019-07-24 07:38:45.803', 'Reply 1 Lorem ipsum dolor sit amet, consectetur adipiscing elit, sed do eiusmod tempor incidid', 4, 312, 311),
(315, TIMESTAMP '2019-07-24 07:38:45.807', TIMESTAMP '2019-07-24 07:38:45.807', 'Reply 2 Lorem ipsum dolor sit amet, consectetur adipiscing elit, sed do eiusmod tempor incididunt ut ', 6, 312, 311),
(316, TIMESTAMP '2019-07-24 07:38:45.809', TIMESTAMP '2019-07-24 07:38:45.809', 'Reply 3 Lorem ipsum dolo', 19, 312, 311),
(317, TIMESTAMP '2019-07-24 07:38:45.811', TIMESTAMP '2019-07-24 07:38:45.811', 'Reply 4 Lorem ipsum dolor sit amet, consectetur adipiscing', 20, 312, 311),
(319, TIMESTAMP '2019-07-24 07:38:45.887', TIMESTAMP '2019-07-24 07:38:45.887', 'Comment on root level. I really like this idea, but needs to be improved. 1563946725886', 12, NULL, 318),
(320, TIMESTAMP '2019-07-24 07:38:45.893', TIMESTAMP '2019-07-24 07:38:45.893', 'Reply 0 Lorem ipsum dolor sit amet, consectetur adipiscing elit, sed do eiusmod tempor incididunt ut labo', 6, 319, 318),
(321, TIMESTAMP '2019-07-24 07:38:45.895', TIMESTAMP '2019-07-24 07:38:45.895', 'Reply 1 Lorem ipsum dolor sit amet, consectetur adipiscing elit, sed do eiusmod tempor incididunt ', 19, 319, 318),
(322, TIMESTAMP '2019-07-24 07:38:45.897', TIMESTAMP '2019-07-24 07:38:45.897', 'Reply 2 Lorem ipsum dolor sit ', 14, 319, 318),
(323, TIMESTAMP '2019-07-24 07:38:45.899', TIMESTAMP '2019-07-24 07:38:45.899', 'Reply 3 Lorem ipsum dolor sit amet, consectetur adipiscing e', 3, 319, 318);
INSERT INTO PUBLIC.COMMENTS(ID, CREATED_AT, UPDATED_AT, COMMENT, CREATED_BY_ID, PARENT_ID, PROPOSAL_ID) VALUES
(325, TIMESTAMP '2019-07-24 07:38:45.999', TIMESTAMP '2019-07-24 07:38:45.999', 'Comment on root level. I really like this idea, but needs to be improved. 1563946725998', 19, NULL, 324),
(326, TIMESTAMP '2019-07-24 07:38:46', TIMESTAMP '2019-07-24 07:38:46', 'Reply 0 Lorem ipsum dolor sit amet, consectetur adipiscing elit, sed do eius', 8, 325, 324),
(327, TIMESTAMP '2019-07-24 07:38:46.002', TIMESTAMP '2019-07-24 07:38:46.002', 'Reply 1 Lorem ipsum dolor sit amet, consectetur adipiscing elit, sed do ei', 4, 325, 324),
(328, TIMESTAMP '2019-07-24 07:38:46.004', TIMESTAMP '2019-07-24 07:38:46.004', 'Reply 2 Lorem ipsum dolor sit amet, con', 11, 325, 324),
(329, TIMESTAMP '2019-07-24 07:38:46.009', TIMESTAMP '2019-07-24 07:38:46.009', 'Reply 3 Lorem ipsum dolor sit amet, consectetur adipiscing elit, sed do ', 18, 325, 324),
(330, TIMESTAMP '2019-07-24 07:38:46.01', TIMESTAMP '2019-07-24 07:38:46.01', 'Reply 4 Lorem ipsum dolor sit amet, consectetur adip', 15, 325, 324),
(331, TIMESTAMP '2019-07-24 07:38:46.012', TIMESTAMP '2019-07-24 07:38:46.012', 'Reply 5 Lorem ipsum dolor sit amet, consectetur adipiscing elit, sed do eiusmod tempor incididunt u', 9, 325, 324),
(349, TIMESTAMP '2019-07-24 07:38:53.523', TIMESTAMP '2019-07-24 07:38:53.523', 'Comment on root level. I really like this idea, but needs to be improved. 1563946733522', 7, NULL, 348),
(350, TIMESTAMP '2019-07-24 07:38:53.525', TIMESTAMP '2019-07-24 07:38:53.525', 'Reply 0 Lorem ipsum dolor sit amet, consectetur adipisc', 11, 349, 348),
(351, TIMESTAMP '2019-07-24 07:38:53.527', TIMESTAMP '2019-07-24 07:38:53.527', 'Reply 1 Lorem ipsum dolor sit amet, consectetur adipiscing elit, sed do eiusmod tempo', 14, 349, 348),
(352, TIMESTAMP '2019-07-24 07:38:53.528', TIMESTAMP '2019-07-24 07:38:53.528', 'Reply 2 Lorem ipsum dolor sit amet, consectetur adipiscing elit, sed do eiusmod tempor incididun', 9, 349, 348),
(353, TIMESTAMP '2019-07-24 07:38:53.53', TIMESTAMP '2019-07-24 07:38:53.53', 'Reply 3 Lorem ipsum dolor sit', 11, 349, 348),
(354, TIMESTAMP '2019-07-24 07:38:53.531', TIMESTAMP '2019-07-24 07:38:53.531', 'Reply 4 Lorem ipsum dolor sit amet, consectetur adipiscing elit, sed do eiusmod tempor incididunt ut la', 20, 349, 348),
(355, TIMESTAMP '2019-07-24 07:38:53.533', TIMESTAMP '2019-07-24 07:38:53.533', 'Reply 5 Lorem ipsum dolor sit amet, consectetur adipiscing elit', 4, 349, 348),
(358, TIMESTAMP '2019-07-24 07:38:53.566', TIMESTAMP '2019-07-24 07:38:53.566', 'Comment on root level. I really like this idea, but needs to be improved. 1563946733565', 17, NULL, 357),
(359, TIMESTAMP '2019-07-24 07:38:53.57', TIMESTAMP '2019-07-24 07:38:53.57', 'Reply 0 Lorem ipsum dolor sit amet, cons', 3, 358, 357),
(360, TIMESTAMP '2019-07-24 07:38:53.572', TIMESTAMP '2019-07-24 07:38:53.572', 'Reply 1 Lorem ipsum dolor sit amet, consectetur adipiscing elit, sed do eiusmod tempor in', 2, 358, 357),
(361, TIMESTAMP '2019-07-24 07:38:53.573', TIMESTAMP '2019-07-24 07:38:53.573', 'Reply 2 Lorem ipsum dolor s', 14, 358, 357),
(362, TIMESTAMP '2019-07-24 07:38:53.575', TIMESTAMP '2019-07-24 07:38:53.575', 'Reply 3 Lorem ipsum dolor sit amet, consectetur adipiscing elit, sed do eiusmod te', 20, 358, 357),
(363, TIMESTAMP '2019-07-24 07:38:53.576', TIMESTAMP '2019-07-24 07:38:53.576', 'Reply 4 Lorem ipsum dolor sit amet, consectetur adipiscing elit, se', 12, 358, 357),
(364, TIMESTAMP '2019-07-24 07:38:53.578', TIMESTAMP '2019-07-24 07:38:53.578', 'Reply 5 Lorem ipsum dolor sit amet, consectetur adipiscing elit, sed do eiusm', 7, 358, 357),
(366, TIMESTAMP '2019-07-24 07:38:53.641', TIMESTAMP '2019-07-24 07:38:53.641', 'Comment on root level. I really like this idea, but needs to be improved. 1563946733640', 1, NULL, 365),
(367, TIMESTAMP '2019-07-24 07:38:53.671', TIMESTAMP '2019-07-24 07:38:53.671', 'Reply 0 Lorem ipsum dolor sit amet, consectetur adipiscing elit, sed do ', 20, 366, 365),
(368, TIMESTAMP '2019-07-24 07:38:53.674', TIMESTAMP '2019-07-24 07:38:53.674', 'Reply 1 Lorem ipsum dolor sit amet, consectetur adipiscing elit, sed do eiusmod tempor incid', 14, 366, 365);
INSERT INTO PUBLIC.COMMENTS(ID, CREATED_AT, UPDATED_AT, COMMENT, CREATED_BY_ID, PARENT_ID, PROPOSAL_ID) VALUES
(369, TIMESTAMP '2019-07-24 07:38:53.675', TIMESTAMP '2019-07-24 07:38:53.675', 'Reply 2 Lorem ipsu', 16, 366, 365),
(370, TIMESTAMP '2019-07-24 07:38:53.677', TIMESTAMP '2019-07-24 07:38:53.677', 'Reply 3 Lorem ipsum dolor sit amet, consectetur adipiscing elit, sed do eiusmod tempor', 19, 366, 365),
(371, TIMESTAMP '2019-07-24 07:38:53.714', TIMESTAMP '2019-07-24 07:38:53.714', 'Reply 4 Lorem ipsum dolor sit amet, consectetur adipiscing elit, sed do eiusm', 15, 366, 365),
(373, TIMESTAMP '2019-07-24 07:38:53.821', TIMESTAMP '2019-07-24 07:38:53.821', 'Comment on root level. I really like this idea, but needs to be improved. 1563946733817', 5, NULL, 372),
(374, TIMESTAMP '2019-07-24 07:38:53.823', TIMESTAMP '2019-07-24 07:38:53.823', 'Reply 0 Lorem ipsum dolor ', 12, 373, 372),
(375, TIMESTAMP '2019-07-24 07:38:53.825', TIMESTAMP '2019-07-24 07:38:53.825', 'Reply 1 Lorem ipsum dolor sit amet, consectetur adipiscing elit, sed do eiusmod tempor', 5, 373, 372),
(376, TIMESTAMP '2019-07-24 07:38:53.827', TIMESTAMP '2019-07-24 07:38:53.827', 'Reply 2 Lorem ipsum dolor sit amet, consectetur adipiscing elit, sed do eiusmod tempor i', 14, 373, 372),
(377, TIMESTAMP '2019-07-24 07:38:53.829', TIMESTAMP '2019-07-24 07:38:53.829', 'Reply 3 Lorem ipsum dolor sit amet, consectetur adipiscing elit, sed do eiusmod tempor in', 12, 373, 372),
(378, TIMESTAMP '2019-07-24 07:38:53.832', TIMESTAMP '2019-07-24 07:38:53.832', 'Reply 4 Lorem ipsum dolor sit ame', 2, 373, 372),
(379, TIMESTAMP '2019-07-24 07:38:53.837', TIMESTAMP '2019-07-24 07:38:53.837', 'Reply 5 Lorem ipsum dolor sit ame', 5, 373, 372),
(381, TIMESTAMP '2019-07-24 07:38:53.897', TIMESTAMP '2019-07-24 07:38:53.897', 'Comment on root level. I really like this idea, but needs to be improved. 1563946733896', 9, NULL, 380),
(382, TIMESTAMP '2019-07-24 07:38:53.899', TIMESTAMP '2019-07-24 07:38:53.899', 'Reply 0 Lorem ipsum dolor sit amet, conse', 10, 381, 380),
(383, TIMESTAMP '2019-07-24 07:38:53.906', TIMESTAMP '2019-07-24 07:38:53.906', 'Reply 1 Lorem ipsum dolor sit a', 5, 381, 380),
(384, TIMESTAMP '2019-07-24 07:38:53.909', TIMESTAMP '2019-07-24 07:38:53.909', 'Reply 2 Lorem ipsum dolor sit amet, consectetur adipiscing elit, ', 7, 381, 380),
(385, TIMESTAMP '2019-07-24 07:38:53.912', TIMESTAMP '2019-07-24 07:38:53.912', 'Reply 3 Lorem ipsum dolor sit amet, consectetur adipiscing elit, s', 9, 381, 380),
(386, TIMESTAMP '2019-07-24 07:38:53.919', TIMESTAMP '2019-07-24 07:38:53.919', 'Reply 4 Lorem ipsum dolor sit amet, consectetur adipiscing elit, sed do eiusmod te', 3, 381, 380),
(387, TIMESTAMP '2019-07-24 07:38:53.922', TIMESTAMP '2019-07-24 07:38:53.922', 'Reply 5 Lorem ipsum dolor sit amet, con', 7, 381, 380);
CREATE MEMORY TABLE PUBLIC.COMMENTS_DOWN_VOTERS(
COMMENT_MODEL_ID BIGINT NOT NULL,
DOWN_VOTERS_ID BIGINT NOT NULL
);
ALTER TABLE PUBLIC.COMMENTS_DOWN_VOTERS ADD CONSTRAINT PUBLIC.CONSTRAINT_2 PRIMARY KEY(COMMENT_MODEL_ID, DOWN_VOTERS_ID);
-- 344 +/- SELECT COUNT(*) FROM PUBLIC.COMMENTS_DOWN_VOTERS;
INSERT INTO PUBLIC.COMMENTS_DOWN_VOTERS(COMMENT_MODEL_ID, DOWN_VOTERS_ID) VALUES
(194, 2),
(194, 1),
(194, 16),
(195, 11),
(195, 17),
(195, 5),
(196, 3),
(196, 15),
(197, 12),
(197, 9),
(200, 4),
(201, 11),
(201, 14),
(201, 10),
(202, 17),
(202, 20),
(202, 9),
(203, 13),
(203, 17),
(203, 12),
(204, 17),
(204, 14),
(204, 7),
(204, 12),
(206, 4),
(206, 18),
(206, 20),
(206, 19),
(206, 5),
(207, 4),
(207, 18),
(207, 10),
(208, 18),
(208, 5),
(209, 12),
(210, 18),
(210, 20),
(210, 14),
(210, 1),
(210, 19),
(212, 2),
(212, 20),
(212, 12),
(213, 3),
(213, 19),
(213, 12),
(214, 4),
(214, 14),
(215, 4),
(215, 9),
(217, 17),
(217, 19),
(218, 15),
(218, 16),
(219, 4),
(219, 16),
(219, 5),
(220, 4),
(220, 14),
(221, 2),
(222, 8),
(234, 3),
(234, 16),
(235, 17),
(235, 15),
(235, 5),
(236, 13),
(236, 3),
(236, 16),
(236, 15),
(241, 2),
(241, 18),
(241, 20),
(241, 3),
(241, 16),
(241, 9),
(242, 13),
(242, 16),
(243, 18),
(244, 5),
(245, 4),
(245, 6),
(245, 20),
(245, 7),
(246, 11),
(246, 14),
(246, 15),
(247, 8),
(247, 16),
(247, 5),
(249, 17),
(249, 7),
(249, 14),
(249, 12),
(249, 9),
(250, 10),
(250, 3),
(250, 15),
(251, 2),
(251, 4),
(251, 17),
(251, 12),
(252, 7),
(253, 6),
(253, 18),
(253, 7),
(253, 12),
(255, 6),
(255, 13),
(255, 11),
(256, 2),
(256, 11),
(256, 3),
(256, 19),
(256, 16),
(256, 5),
(258, 7),
(258, 5),
(259, 10),
(259, 3),
(259, 5),
(260, 7),
(260, 1),
(260, 3),
(260, 16),
(262, 18),
(262, 10),
(263, 17),
(264, 4),
(264, 14),
(264, 9),
(265, 4),
(265, 5),
(266, 18),
(267, 8),
(267, 9),
(269, 2),
(269, 7),
(269, 9),
(271, 13),
(271, 20),
(271, 7),
(271, 10),
(271, 15),
(271, 5),
(274, 4),
(274, 7),
(274, 5),
(275, 7),
(275, 3),
(275, 19),
(276, 11),
(276, 14),
(276, 12),
(277, 1),
(278, 11),
(278, 18),
(278, 20),
(279, 13),
(279, 11),
(279, 16),
(279, 12),
(281, 8),
(281, 17),
(281, 16),
(281, 12),
(282, 13),
(282, 8),
(282, 17),
(282, 14),
(282, 10),
(282, 15),
(282, 9),
(283, 2),
(283, 8),
(283, 9),
(284, 2),
(284, 13),
(285, 2),
(285, 8),
(285, 15),
(285, 9),
(286, 9),
(288, 11),
(289, 18),
(289, 7),
(292, 6),
(292, 10),
(293, 17),
(293, 7),
(293, 10),
(293, 9),
(294, 4),
(294, 17),
(294, 1),
(294, 16),
(294, 12),
(295, 6),
(295, 19),
(295, 16),
(296, 6),
(296, 10),
(297, 20),
(297, 14),
(297, 15),
(297, 16),
(299, 4),
(300, 19),
(300, 16),
(300, 5),
(301, 7),
(302, 13),
(302, 3),
(302, 19),
(306, 2),
(306, 6),
(306, 11),
(306, 1),
(307, 9),
(308, 20),
(308, 16),
(309, 7),
(309, 19),
(310, 4),
(312, 6),
(312, 18),
(312, 10),
(313, 15),
(314, 6),
(314, 11),
(314, 14),
(314, 7),
(314, 10),
(314, 19),
(315, 14),
(316, 7),
(317, 8),
(317, 14),
(317, 12),
(319, 7),
(319, 10),
(320, 11),
(320, 1),
(320, 3),
(321, 18),
(321, 3),
(321, 19),
(321, 12),
(321, 5),
(322, 13),
(325, 1),
(325, 9),
(326, 13),
(326, 8),
(326, 19),
(326, 9),
(327, 1),
(327, 15),
(328, 4),
(328, 18),
(328, 7),
(329, 17),
(330, 16),
(350, 14),
(350, 1),
(351, 4),
(351, 13),
(351, 8),
(351, 18),
(351, 1),
(351, 12),
(351, 9),
(352, 19),
(352, 12),
(353, 13),
(353, 14),
(354, 4),
(354, 11),
(354, 7),
(354, 14),
(354, 9),
(355, 4),
(355, 16),
(355, 12),
(359, 18),
(359, 20),
(359, 10),
(360, 14),
(360, 10),
(361, 12),
(362, 2),
(362, 7),
(363, 6),
(363, 3),
(364, 8),
(364, 18),
(364, 20),
(366, 14),
(366, 15),
(366, 12),
(367, 17),
(367, 16),
(368, 3),
(369, 4),
(369, 8),
(369, 14),
(369, 3),
(369, 15),
(370, 7),
(373, 13),
(374, 2),
(374, 13),
(374, 11),
(375, 13),
(375, 7),
(376, 13),
(376, 6),
(376, 11),
(376, 7),
(376, 5),
(377, 8),
(377, 18),
(377, 14),
(377, 10),
(378, 13),
(378, 11),
(379, 4),
(379, 8),
(379, 11),
(379, 5),
(381, 6),
(381, 11),
(381, 3),
(381, 19),
(381, 12),
(382, 1),
(383, 1),
(384, 20),
(385, 17),
(385, 1),
(385, 16),
(387, 3),
(387, 12),
(387, 9);
CREATE MEMORY TABLE PUBLIC.COMMENTS_UP_VOTERS(
COMMENT_MODEL_ID BIGINT NOT NULL,
UP_VOTERS_ID BIGINT NOT NULL
);
ALTER TABLE PUBLIC.COMMENTS_UP_VOTERS ADD CONSTRAINT PUBLIC.CONSTRAINT_20 PRIMARY KEY(COMMENT_MODEL_ID, UP_VOTERS_ID);
-- 379 +/- SELECT COUNT(*) FROM PUBLIC.COMMENTS_UP_VOTERS;
INSERT INTO PUBLIC.COMMENTS_UP_VOTERS(COMMENT_MODEL_ID, UP_VOTERS_ID) VALUES
(194, 3),
(194, 15),
(195, 1),
(196, 8),
(196, 18),
(196, 15),
(196, 16),
(197, 14),
(198, 14),
(198, 15),
(198, 5),
(200, 2),
(200, 17),
(200, 1),
(200, 16),
(200, 9),
(201, 11),
(201, 15),
(201, 9),
(202, 13),
(202, 6),
(202, 3),
(203, 12),
(203, 5),
(204, 17),
(204, 10),
(204, 16),
(206, 17),
(206, 1),
(206, 15),
(206, 12),
(207, 2),
(207, 8),
(207, 7),
(207, 14),
(208, 4),
(208, 2),
(208, 6),
(208, 16),
(209, 6),
(209, 8),
(209, 15),
(209, 5),
(210, 1),
(210, 3),
(210, 9),
(212, 13),
(212, 15),
(212, 16),
(213, 13),
(213, 18),
(213, 20),
(213, 12),
(214, 20),
(214, 16),
(214, 9),
(215, 8),
(215, 18),
(215, 3),
(215, 19),
(217, 6),
(217, 17),
(217, 7),
(217, 9),
(218, 2),
(218, 13),
(218, 11),
(218, 15),
(218, 12),
(219, 14),
(220, 19),
(220, 5),
(221, 18),
(221, 14),
(222, 2),
(222, 6),
(233, 8),
(233, 19),
(233, 15),
(233, 16),
(233, 9),
(234, 4),
(234, 11),
(234, 8),
(235, 7),
(235, 15),
(235, 5),
(235, 12),
(236, 4),
(236, 2),
(236, 8),
(241, 2),
(241, 17),
(241, 14),
(242, 4),
(242, 13),
(242, 17),
(243, 2),
(244, 16),
(244, 15),
(245, 6),
(245, 11),
(245, 20),
(245, 1),
(245, 9),
(246, 14),
(247, 13),
(247, 8),
(247, 15),
(249, 5),
(249, 9),
(250, 2),
(250, 17),
(250, 20),
(250, 19),
(250, 15),
(251, 2),
(251, 1),
(251, 16),
(251, 5),
(252, 17),
(252, 3),
(252, 9),
(253, 6),
(253, 14),
(253, 3),
(253, 9),
(255, 6),
(255, 7),
(255, 14),
(256, 2),
(256, 9),
(257, 2),
(257, 18),
(259, 2),
(259, 1),
(259, 16),
(260, 8),
(260, 17),
(260, 20),
(260, 9),
(262, 1),
(263, 13),
(263, 3),
(263, 19),
(263, 16),
(264, 6),
(264, 9),
(265, 14),
(265, 7),
(265, 10),
(266, 8),
(266, 12),
(267, 8),
(267, 18),
(267, 5),
(267, 9),
(269, 17),
(270, 4),
(271, 13),
(274, 20),
(274, 1),
(274, 16),
(275, 13),
(275, 11),
(275, 16),
(275, 15),
(276, 11),
(276, 14),
(276, 3),
(276, 15),
(276, 5),
(277, 10),
(277, 5),
(278, 4),
(278, 20),
(279, 4),
(279, 18),
(281, 10),
(282, 4),
(282, 16),
(284, 18),
(284, 7),
(285, 11),
(286, 4),
(286, 13),
(286, 20),
(289, 2),
(289, 10),
(289, 15),
(290, 18),
(290, 1),
(290, 5),
(290, 9),
(292, 11),
(292, 7),
(292, 1),
(292, 5),
(292, 12),
(293, 1),
(294, 2),
(294, 8),
(294, 19),
(294, 9),
(295, 2),
(295, 8),
(295, 20),
(296, 4),
(296, 2),
(296, 10),
(296, 3),
(296, 16),
(296, 12),
(297, 4),
(297, 11),
(297, 1),
(299, 2),
(299, 11),
(299, 18),
(299, 1),
(300, 13),
(300, 16),
(301, 14),
(301, 7),
(302, 8),
(302, 12),
(305, 19),
(305, 15),
(306, 4),
(306, 13),
(306, 11),
(306, 3),
(306, 16),
(307, 1),
(307, 9),
(308, 8),
(308, 16),
(309, 17),
(309, 10),
(312, 4),
(312, 13),
(313, 20),
(313, 7),
(313, 3),
(313, 19),
(313, 12),
(314, 18),
(314, 1),
(315, 8),
(315, 1),
(315, 15),
(315, 5),
(316, 6),
(316, 20),
(317, 2),
(317, 17),
(317, 7),
(317, 1),
(319, 13),
(319, 6),
(319, 14),
(319, 10),
(319, 15),
(320, 1),
(320, 5),
(321, 18),
(321, 1),
(321, 19),
(321, 5),
(322, 6),
(322, 11),
(322, 20),
(323, 14),
(323, 10),
(323, 15),
(325, 2),
(325, 6),
(325, 16),
(326, 4),
(326, 13),
(326, 20),
(326, 9),
(327, 11),
(327, 14),
(328, 2),
(329, 2),
(329, 17),
(330, 13),
(330, 15),
(330, 9),
(331, 4),
(331, 3),
(349, 4),
(349, 8),
(349, 18),
(350, 14),
(350, 7),
(350, 5),
(351, 11),
(351, 1),
(351, 3),
(351, 12),
(352, 10),
(352, 12),
(352, 9),
(353, 11),
(353, 18),
(353, 7),
(353, 3),
(354, 17),
(358, 2),
(358, 4),
(358, 8),
(358, 7),
(358, 3),
(360, 11),
(361, 13),
(361, 6),
(361, 11),
(361, 7),
(361, 14),
(362, 4),
(362, 11),
(362, 10),
(362, 3),
(363, 4),
(363, 8),
(363, 18),
(363, 9),
(366, 6),
(367, 18),
(367, 14),
(367, 10),
(367, 1),
(367, 5),
(368, 10),
(369, 3),
(369, 19),
(370, 10),
(371, 18),
(371, 15),
(371, 9),
(373, 4),
(373, 17),
(373, 12),
(374, 18),
(374, 20),
(374, 3),
(374, 12),
(375, 6),
(375, 5),
(375, 9),
(376, 13),
(376, 8),
(376, 15),
(377, 2),
(377, 14),
(377, 1),
(377, 15),
(378, 2),
(378, 13),
(378, 14),
(379, 2),
(381, 19),
(383, 11),
(383, 17),
(383, 7),
(383, 10),
(383, 5),
(384, 9),
(385, 6),
(385, 1),
(385, 19),
(386, 4),
(386, 13),
(386, 17),
(386, 15),
(386, 12),
(387, 17);
CREATE MEMORY TABLE PUBLIC.DELEGATIONS(
ID BIGINT NOT NULL,
CREATED_AT TIMESTAMP NOT NULL,
UPDATED_AT TIMESTAMP NOT NULL,
REQUESTED_DELEGATION_AT TIMESTAMP,
TRANSITIVE BOOLEAN NOT NULL,
AREA_ID BIGINT NOT NULL,
FROM_USER_ID BIGINT NOT NULL,
REQUESTED_DELEGATION_FROM_CHECKSUM_CHECKSUM VARCHAR(255),
TO_PROXY_ID BIGINT NOT NULL
);
ALTER TABLE PUBLIC.DELEGATIONS ADD CONSTRAINT PUBLIC.CONSTRAINT_8 PRIMARY KEY(ID);
-- 9 +/- SELECT COUNT(*) FROM PUBLIC.DELEGATIONS;
INSERT INTO PUBLIC.DELEGATIONS(ID, CREATED_AT, UPDATED_AT, REQUESTED_DELEGATION_AT, TRANSITIVE, AREA_ID, FROM_USER_ID, REQUESTED_DELEGATION_FROM_CHECKSUM_CHECKSUM, TO_PROXY_ID) VALUES
(223, TIMESTAMP '2019-07-24 07:38:38.385', TIMESTAMP '2019-07-24 07:38:38.385', NULL, TRUE, 21, 2, NULL, 1),
(224, TIMESTAMP '2019-07-24 07:38:39.366', TIMESTAMP '2019-07-24 07:38:39.366', NULL, TRUE, 21, 3, NULL, 1),
(225, TIMESTAMP '2019-07-24 07:38:40.284', TIMESTAMP '2019-07-24 07:38:40.284', NULL, TRUE, 21, 4, NULL, 1),
(226, TIMESTAMP '2019-07-24 07:38:40.866', TIMESTAMP '2019-07-24 07:38:40.866', TIMESTAMP '2019-07-24 07:38:40.864', TRUE, 21, 5, '$2a$10$1IdrGrRAN2Wp3U7QI.JIzuaW/fGb8Z2mJgsKxYwe5.NrtAFNxSQVS', 2),
(227, TIMESTAMP '2019-07-24 07:38:41.647', TIMESTAMP '2019-07-24 07:38:41.647', NULL, TRUE, 21, 6, NULL, 3),
(228, TIMESTAMP '2019-07-24 07:38:42.387', TIMESTAMP '2019-07-24 07:38:42.387', NULL, TRUE, 21, 7, NULL, 4),
(229, TIMESTAMP '2019-07-24 07:38:43.097', TIMESTAMP '2019-07-24 07:38:43.097', NULL, TRUE, 21, 10, NULL, 7),
(230, TIMESTAMP '2019-07-24 07:38:43.792', TIMESTAMP '2019-07-24 07:38:43.792', NULL, TRUE, 21, 11, NULL, 7),
(231, TIMESTAMP '2019-07-24 07:38:44.532', TIMESTAMP '2019-07-24 07:38:44.532', NULL, FALSE, 21, 12, NULL, 7);
CREATE MEMORY TABLE PUBLIC.KEY_VALUE(
ID BIGINT NOT NULL,
KEY_COL VARCHAR(255) NOT NULL,
VALUE_COL VARCHAR(255)
);
ALTER TABLE PUBLIC.KEY_VALUE ADD CONSTRAINT PUBLIC.CONSTRAINT_7 PRIMARY KEY(ID);
-- 3 +/- SELECT COUNT(*) FROM PUBLIC.KEY_VALUE;
INSERT INTO PUBLIC.KEY_VALUE(ID, KEY_COL, VALUE_COL) VALUES
(32, 'liquido.supporters.for.proposal', '10'),
(237, 'liquido.days.until.voting.starts', '14'),
(238, 'liquido.duration.of.voting.phase', '14');
CREATE MEMORY TABLE PUBLIC.LAWS(
ID BIGINT NOT NULL,
CREATED_AT TIMESTAMP NOT NULL,
UPDATED_AT TIMESTAMP NOT NULL,
DESCRIPTION VARCHAR(1000) NOT NULL,
REACHED_QUORUM_AT TIMESTAMP,
STATUS INTEGER NOT NULL,
TITLE VARCHAR(255) NOT NULL,
AREA_ID BIGINT NOT NULL,
CREATED_BY_ID BIGINT,
POLL_ID BIGINT
);
ALTER TABLE PUBLIC.LAWS ADD CONSTRAINT PUBLIC.CONSTRAINT_23 PRIMARY KEY(ID);
-- 188 +/- SELECT COUNT(*) FROM PUBLIC.LAWS;
INSERT INTO PUBLIC.LAWS(ID, CREATED_AT, UPDATED_AT, DESCRIPTION, REACHED_QUORUM_AT, STATUS, TITLE, AREA_ID, CREATED_BY_ID, POLL_ID) VALUES
(31, TIMESTAMP '2019-07-23 07:38:30.027', TIMESTAMP '2019-07-24 07:38:30.041', 'CFhqFrUV Lorem ipsum dolor sit amet, consectetur adipiscing elit, sed do eiusmod tempor incididunt ut labore et dolore magna aliqua. Ut enim ad minim veniam, quis nostrud exercitation ullamco laboris nisi ut aliquip ex ea commodo consequat', NULL, 0, 'Idea 0 title from TestFixtures', 21, 1, NULL),
(33, TIMESTAMP '2019-07-22 07:38:30.052', TIMESTAMP '2019-07-23 07:38:30.056', '7cATQUr6 Lorem ipsum dolor sit amet, consectetur adipiscing elit, sed do eiusmod tempor incididunt ut labore et dolore magna aliqua. Ut enim ad minim veniam, quis nostrud exercitation ullamco laboris nisi ut aliquip ex ea commodo consequat. Duis aute irure dolor in reprehenderit in voluptate v', NULL, 0, 'Idea 1 that suggest that we definitely need a longer title for ideas', 22, 8, NULL),
(34, TIMESTAMP '2019-07-21 07:38:30.067', TIMESTAMP '2019-07-22 07:38:30.069', 'GkauCKVU Lorem ipsum dolor sit amet, consectetur adipiscing elit, sed do eiusmod tempor incididunt ut labore et dolore magna aliqua. Ut enim ad minim veniam, quis nostrud exercitation ullamco laboris nisi ut aliquip ex ea commodo consequat. Dui', NULL, 0, 'Idea 2 that suggest that we definitely need a longer title for ideas', 23, 12, NULL),
(35, TIMESTAMP '2019-07-20 07:38:30.076', TIMESTAMP '2019-07-21 07:38:30.078', 'x66t5SXo Lorem ipsum dolor sit amet, consectetur adipiscing elit, sed do eiusmod tempor incididunt ut labore et dolore magna aliqua. Ut enim ad minim veniam, quis nostrud exe', NULL, 0, 'Idea 3 that suggest that we definitely need a longer title for ideas', 24, 1, NULL),
(36, TIMESTAMP '2019-07-19 07:38:30.453', TIMESTAMP '2019-07-20 07:38:30.453', 'NPH4Xhrv Lore', NULL, 0, 'Idea 4 that suggest that we definitely need a longer title for ideas', 25, 18, NULL),
(37, TIMESTAMP '2019-07-18 07:38:30.512', TIMESTAMP '2019-07-19 07:38:30.512', '4qPrBL0Y Lorem ipsum dolor sit amet, consectetur adipiscing elit, sed do eiusmod tempor incididunt ut labore et dolore magna aliqua. Ut enim ad minim veniam, quis nostrud exercitation ullamco laboris nisi ut aliquip ex ea commodo consequat. Duis aute irure dolor in reprehenderit in voluptate velit esse cillum dolore eu fugiat nulla pa', NULL, 0, 'Idea 5 that suggest that we definitely need a longer title for ideas', 26, 1, NULL),
(38, TIMESTAMP '2019-07-17 07:38:30.524', TIMESTAMP '2019-07-18 07:38:30.525', 'T258Sgha Lorem ipsum dolor sit amet, consectetur adipiscing elit, sed do eiusmod tempor incididunt ut labore ', NULL, 0, 'Idea 6 that suggest that we definitely need a longer title for ideas', 27, 20, NULL),
(39, TIMESTAMP '2019-07-16 07:38:30.529', TIMESTAMP '2019-07-17 07:38:30.529', 'cppYnRTd Lorem ipsum dolor sit amet, consectetur adipiscing elit, sed do eiusmod tempor incididunt ut labore et dolore magna aliqua. Ut enim ad minim veniam, quis nostrud exercitation ullamco laboris nisi ut aliquip ex ea commodo consequat. Duis aute irure dolo', NULL, 0, 'Idea 7 that suggest that we definitely need a longer title for ideas', 28, 9, NULL),
(40, TIMESTAMP '2019-07-15 07:38:30.586', TIMESTAMP '2019-07-16 07:38:30.586', 'kAzcEDVH Lorem ipsum dolor sit amet, consectetur adipiscing elit, sed do eiusmod tempor incididunt ut labore et dolore magna aliqua. Ut enim ad minim veniam, quis nostrud exercitation ullamco laboris nisi ut aliquip ex ea commodo con', NULL, 0, 'Idea 8 that suggest that we definitely need a longer title for ideas', 29, 2, NULL),
(41, TIMESTAMP '2019-07-14 07:38:30.648', TIMESTAMP '2019-07-15 07:38:30.648', 'GxDoFlQF Lorem ipsum dolor sit amet, consectetur adipiscing elit, sed do eiusmod tempor incididunt ut labore et dolore magna aliqua. Ut enim ad minim veniam, quis nostrud exercitation ullamco laboris nisi ut aliquip ex ea commodo consequat. Duis aute', NULL, 0, 'Idea 9 that suggest that we definitely need a longer title for ideas', 30, 8, NULL),
(42, TIMESTAMP '2019-07-13 07:38:30.688', TIMESTAMP '2019-07-14 07:38:30.69', 'DyBdfG8x Lorem ipsum dolor sit amet, consectetur adipiscing elit, sed do eiusmod tempor incididunt ut labore et dolore magna aliqua. Ut enim ad minim veniam, quis nostrud exercitation ullamco laboris nisi ut aliquip ex ea commodo consequat. Duis aute irure dolor in reprehenderit in voluptate velit esse cillum dolore eu fugiat nulla pariatur. Excepteur sint occaecat cupidatat non proident, ', NULL, 0, 'Idea 10 that suggest that we definitely need a longer title for ideas', 21, 7, NULL);
INSERT INTO PUBLIC.LAWS(ID, CREATED_AT, UPDATED_AT, DESCRIPTION, REACHED_QUORUM_AT, STATUS, TITLE, AREA_ID, CREATED_BY_ID, POLL_ID) VALUES
(43, TIMESTAMP '2019-07-12 07:38:30.734', TIMESTAMP '2019-07-13 07:38:30.734', 'D8M8DR6H Lorem ipsum dolor sit amet, consectetur adipiscing elit, sed do eiusmod tempor incididunt ut labore et dolore magna aliqua. Ut enim ad minim veniam, quis nostrud exercitation ullamco', NULL, 0, 'Idea 11 that suggest that we definitely need a longer title for ideas', 22, 19, NULL),
(44, TIMESTAMP '2019-07-11 07:38:30.772', TIMESTAMP '2019-07-12 07:38:30.772', 'XsZeabFt Lorem ipsum dolor sit amet, consectetur adipiscing elit, sed do eiusmod tempor incididu', NULL, 0, 'Idea 12 that suggest that we definitely need a longer title for ideas', 23, 13, NULL),
(45, TIMESTAMP '2019-07-10 07:38:30.804', TIMESTAMP '2019-07-11 07:38:30.805', 'RPMCRlbB Lorem ipsum dolor sit amet, consectetur adipiscing elit, sed do eiusmod tempor incididunt ut labore et dolore magna aliqua', NULL, 0, 'Idea 13 that suggest that we definitely need a longer title for ideas', 24, 16, NULL),
(46, TIMESTAMP '2019-07-09 07:38:30.814', TIMESTAMP '2019-07-10 07:38:30.815', 'z930PD22 Lorem ipsum dolor sit amet, consectetur adipiscing elit, sed do eiusmod tempor incididunt ut labore et dolore magna aliqua. Ut enim ad minim veniam, quis nostrud exercitation ullamco laboris nisi ut aliquip', NULL, 0, 'Idea 14 that suggest that we definitely need a longer title for ideas', 25, 20, NULL),
(47, TIMESTAMP '2019-07-08 07:38:30.876', TIMESTAMP '2019-07-09 07:38:30.88', 'Ynl0tC4B Lorem ipsum dolor sit amet, consectetur adipiscing elit, sed do eiusmod tempor incididunt ut labore et dolore magna aliqua. Ut enim ad minim veniam, quis n', NULL, 0, 'Idea 15 that suggest that we definitely need a longer title for ideas', 26, 5, NULL),
(48, TIMESTAMP '2019-07-07 07:38:30.923', TIMESTAMP '2019-07-08 07:38:30.926', 'Xh5V5S5x Lorem ipsum dolor sit amet, consectetur adipiscing elit, sed do eiusmod tempor incididunt ut labore et dolore magna aliqua. Ut enim ad minim veniam, quis nostrud exercitation ullamco laboris nisi ut aliquip ex ea commodo consequat. Duis aute irure dolor in repreh', NULL, 0, 'Idea 16 that suggest that we definitely need a longer title for ideas', 27, 13, NULL),
(49, TIMESTAMP '2019-07-06 07:38:30.953', TIMESTAMP '2019-07-07 07:38:30.953', 'xd0kLgPL Lorem ipsum dolor sit amet, consectetur adipiscing elit, sed do eiusmod tempor incididunt ut labore et dolore magna aliqua. Ut enim ad minim veniam, quis nostrud exercitation ullamco laboris nisi ut aliquip ex ea commodo consequat. Duis aute irure dolor in reprehenderit in voluptate velit esse cil', NULL, 0, 'Idea 17 that suggest that we definitely need a longer title for ideas', 28, 8, NULL),
(50, TIMESTAMP '2019-07-05 07:38:30.991', TIMESTAMP '2019-07-06 07:38:30.992', 'Upt0L2Nh Lorem ipsum dolor sit amet, consectetur adipiscing elit, sed do eiusmod tempor incididunt ut labore et dolore magna aliqua. Ut enim ad minim veniam, quis nostrud exercitation ullamco laboris nisi ut aliquip ex ea commodo consequat. Duis aute irure dolor in reprehenderit in voluptate velit esse cillum dolore eu fugiat nulla pariatur. Excepteur sint occaecat cupidatat non proident, sunt in', NULL, 0, 'Idea 18 that suggest that we definitely need a longer title for ideas', 29, 19, NULL),
(51, TIMESTAMP '2019-07-04 07:38:30.997', TIMESTAMP '2019-07-05 07:38:30.997', 'bkoO7vvX Lorem ipsum dolor sit amet, consectetur adi', NULL, 0, 'Idea 19 that suggest that we definitely need a longer title for ideas', 30, 8, NULL),
(52, TIMESTAMP '2019-07-03 07:38:31.015', TIMESTAMP '2019-07-04 07:38:31.016', 'ZmXmbQ6p Lorem ipsum dolor sit amet, consectetur adipiscing elit, sed do eiusmod tempor incididunt ut labore et dolore magna aliqua. Ut enim ad minim veniam, quis nostrud exercitation ullamco laboris nisi ut aliquip ex ea commodo consequat. Duis aute irure dolor in reprehende', NULL, 0, 'Idea 20 that suggest that we definitely need a longer title for ideas', 21, 15, NULL),
(53, TIMESTAMP '2019-07-02 07:38:31.035', TIMESTAMP '2019-07-03 07:38:31.035', 'HEssBfaH Lorem ipsum dolor sit amet, consectetur adipiscing elit, sed do eiusmod tempor incididunt ut labore et dolore magna aliqua. Ut enim ad minim veniam, quis nostrud exercitation ullamco laboris nisi ut aliquip ex e', NULL, 0, 'Idea 21 that suggest that we definitely need a longer title for ideas', 22, 9, NULL);
INSERT INTO PUBLIC.LAWS(ID, CREATED_AT, UPDATED_AT, DESCRIPTION, REACHED_QUORUM_AT, STATUS, TITLE, AREA_ID, CREATED_BY_ID, POLL_ID) VALUES
(54, TIMESTAMP '2019-07-01 07:38:31.089', TIMESTAMP '2019-07-02 07:38:31.089', 'k9Ur0fQr Lorem ipsum dolor sit amet, consectetur adipiscing elit, sed do eiusmod tempor incididunt ut labore et dolore magna aliqua. Ut enim ad minim veniam, quis nostrud exercitation ullamco laboris nisi ut aliquip ex ea commodo consequat. Duis aute irur', NULL, 0, 'Idea 22 that suggest that we definitely need a longer title for ideas', 23, 1, NULL),
(55, TIMESTAMP '2019-06-30 07:38:31.134', TIMESTAMP '2019-07-01 07:38:31.134', 'UUFLZSwN Lorem ipsum dolor sit amet, consectetur adipiscing elit, sed do eiusmod tempor incididunt ut labore et dolore magna aliqua. Ut enim ad minim veniam, quis nostrud exercitation ullamco laboris nisi ut ali', NULL, 0, 'Idea 23 that suggest that we definitely need a longer title for ideas', 24, 5, NULL),
(56, TIMESTAMP '2019-06-29 07:38:31.169', TIMESTAMP '2019-06-30 07:38:31.169', 'CkPaabzz Lorem ipsum dolor sit amet, consectetur adipiscing elit, se', NULL, 0, 'Idea 24 that suggest that we definitely need a longer title for ideas', 25, 7, NULL),
(57, TIMESTAMP '2019-06-28 07:38:31.176', TIMESTAMP '2019-06-29 07:38:31.177', 'HuBwPaOp Lorem ipsum dolor sit amet, consectetur adipiscing elit, sed do eiusmod tempor incididunt ut labore et dolore magna aliqua. Ut enim ad minim veniam, quis nostrud exercitation ullamco laboris nisi ut aliquip ex ea commodo consequat. Duis aute irure dolor in reprehenderit in voluptate vel', NULL, 0, 'Idea 25 that suggest that we definitely need a longer title for ideas', 26, 12, NULL),
(58, TIMESTAMP '2019-06-27 07:38:31.19', TIMESTAMP '2019-06-28 07:38:31.19', '7b929bwq Lorem ipsum dolor sit amet, consectetur adipiscing elit, sed do eiusmod tempor incididunt ut labore et dolor', NULL, 0, 'Idea 26 that suggest that we definitely need a longer title for ideas', 27, 20, NULL),
(59, TIMESTAMP '2019-06-26 07:38:31.194', TIMESTAMP '2019-06-27 07:38:31.194', 'mxwLOTvf Lorem ipsum dolor sit amet, consectetur adipiscing elit, sed do eiusmod tempor incididunt ut labore et dolor', NULL, 0, 'Idea 27 that suggest that we definitely need a longer title for ideas', 28, 13, NULL),
(60, TIMESTAMP '2019-06-25 07:38:31.206', TIMESTAMP '2019-06-26 07:38:31.206', 'wwgHt273 Lorem ipsum dolor sit amet, consectetur adipiscing elit, sed do eiusmod tempor incididunt ut labore et dolore magna aliqua. Ut enim ad minim veniam, quis nostrud exercitation ullamco laboris nisi ut aliquip ex ea commodo consequat. Duis aute irure dolor in reprehenderit in voluptate velit esse cillum dolore eu', NULL, 0, 'Idea 28 that suggest that we definitely need a longer title for ideas', 29, 4, NULL),
(61, TIMESTAMP '2019-06-24 07:38:31.226', TIMESTAMP '2019-06-25 07:38:31.226', 'x806kszE Lorem ipsum dolor sit amet, consectetur adipiscing elit, sed do eiusmod tempor incididunt ut labore et dolore magna aliqua. Ut enim ad minim veniam, quis nostrud exercitation ullamco laboris nisi ut aliquip ex ea commodo consequat. Duis aute irure dolor in reprehenderit in voluptate velit esse cillum dolore eu fugiat nulla pari', NULL, 0, 'Idea 29 that suggest that we definitely need a longer title for ideas', 30, 5, NULL),
(62, TIMESTAMP '2019-06-23 07:38:31.324', TIMESTAMP '2019-06-24 07:38:31.325', 'gUXsKu0D Lorem ipsum dolor sit amet,', NULL, 0, 'Idea 30 that suggest that we definitely need a longer title for ideas', 21, 16, NULL),
(63, TIMESTAMP '2019-06-22 07:38:31.339', TIMESTAMP '2019-06-23 07:38:31.345', 'zEDvwcST Lorem ipsum dolor sit amet, consectetur adipiscing elit, sed do eiusmod tempor incididunt ut labore et dolore magna aliqua. Ut enim ad minim veniam, quis nostrud exercitation ullamco laboris nisi ut aliquip ex ea commodo consequat.', NULL, 0, 'Idea 31 that suggest that we definitely need a longer title for ideas', 22, 16, NULL),
(64, TIMESTAMP '2019-06-21 07:38:31.353', TIMESTAMP '2019-06-22 07:38:31.353', 'QFB8PtsC Lorem ipsum dolor sit amet, consectetur adipiscing elit, sed do eiusmod tempor incididunt ut labore et dolore magna aliqua. Ut enim ad minim veniam, quis nostrud exercitat', NULL, 0, 'Idea 32 that suggest that we definitely need a longer title for ideas', 23, 1, NULL);
INSERT INTO PUBLIC.LAWS(ID, CREATED_AT, UPDATED_AT, DESCRIPTION, REACHED_QUORUM_AT, STATUS, TITLE, AREA_ID, CREATED_BY_ID, POLL_ID) VALUES
(65, TIMESTAMP '2019-06-20 07:38:31.373', TIMESTAMP '2019-06-21 07:38:31.373', '9h4fq7Pv Lorem ipsum dolor sit amet, consectetur adipiscing elit, sed do ei', NULL, 0, 'Idea 33 that suggest that we definitely need a longer title for ideas', 24, 7, NULL),
(66, TIMESTAMP '2019-06-19 07:38:31.398', TIMESTAMP '2019-06-20 07:38:31.399', 'kvBg9Qas Lorem ipsum dolor sit amet, consectetur adipiscing elit, sed do eiusmod tempor incididunt ut labore et dolore magna aliqua. Ut enim ad minim veniam, quis nostrud exercitation ullamco laboris nisi ut aliquip ex ea commodo consequat. Duis aute irure dolor in reprehenderit in voluptate velit esse cillum dolore eu fugiat nulla pariatur. Excepteur sint occaecat cupidatat non proident, su', NULL, 0, 'Idea 34 that suggest that we definitely need a longer title for ideas', 25, 12, NULL),
(67, TIMESTAMP '2019-06-18 07:38:31.438', TIMESTAMP '2019-06-19 07:38:31.438', '0C52xEHC Lorem ipsum dolor sit amet, consectetur adipiscing elit, sed do eiusmod tempor incididunt ut labore et dolore magna aliqua. Ut enim ad minim veniam, quis nostrud exercitatio', NULL, 0, 'Idea 35 that suggest that we definitely need a longer title for ideas', 26, 12, NULL),
(68, TIMESTAMP '2019-06-17 07:38:31.457', TIMESTAMP '2019-06-18 07:38:31.487', 'f8BlUa5Y Lorem ipsum dolor sit amet, consectetur adipiscing elit, sed do eiusmod tempor incididunt ut labore et dolore magna aliqua. Ut enim ad minim veniam, quis nostrud exercitation ullamco laboris nisi ut aliquip ex ea commodo consequat. Duis aute irure dolor in reprehenderit in voluptate velit esse cillum dolore eu fugiat nulla pariatur. Excepteur sint occaec', NULL, 0, 'Idea 36 that suggest that we definitely need a longer title for ideas', 27, 9, NULL),
(69, TIMESTAMP '2019-06-16 07:38:31.558', TIMESTAMP '2019-06-17 07:38:31.558', 'GO56EUTQ Lorem ipsum dolor sit amet, consectetur adipiscing elit, sed do eiusmod tempor incididunt ut labore et dolore magna aliqua. Ut enim ad minim veniam, quis nostrud exercitation ullamco laboris nisi ut aliquip ex ea commodo consequat. Duis aute irure dolor in reprehenderit in voluptate velit esse cillum dolore eu fugiat nulla pariatur. Excepteur sint occaecat cup', NULL, 0, 'Idea 37 that suggest that we definitely need a longer title for ideas', 28, 3, NULL),
(70, TIMESTAMP '2019-06-15 07:38:31.584', TIMESTAMP '2019-06-16 07:38:31.585', 'k6VZ0Rl5 Lorem ipsum dolor sit amet, ', NULL, 0, 'Idea 38 that suggest that we definitely need a longer title for ideas', 29, 7, NULL),
(71, TIMESTAMP '2019-06-14 07:38:31.612', TIMESTAMP '2019-06-15 07:38:31.614', 'pMnrETsz Lorem ipsum dolor sit amet, consectetur adipiscing elit, se', NULL, 0, 'Idea 39 that suggest that we definitely need a longer title for ideas', 30, 13, NULL),
(72, TIMESTAMP '2019-06-13 07:38:31.619', TIMESTAMP '2019-06-14 07:38:31.619', 'OW0UoXn9 Lorem ipsum dolor sit amet, consectetur adipiscing elit, sed do eiusmod tempor incididunt ut labore et dolore magna aliqua. Ut enim ad minim veniam, quis nostrud exercitation ullamco laboris nisi ut aliquip ex ea comm', NULL, 0, 'Idea 40 that suggest that we definitely need a longer title for ideas', 21, 2, NULL),
(73, TIMESTAMP '2019-06-12 07:38:31.648', TIMESTAMP '2019-06-13 07:38:31.648', 'lvp3Qd3x Lorem ipsum dolor sit amet, consectetur adipiscing elit, sed do eiusmod tempor incididunt ut labore et dolore magna aliqua. Ut enim ad minim veniam, quis nostrud exercitation ullamco laboris nisi ut aliquip ex ea commodo consequat. Duis aute irure dolor in reprehenderit i', NULL, 0, 'Idea 41 that suggest that we definitely need a longer title for ideas', 22, 13, NULL),
(74, TIMESTAMP '2019-06-11 07:38:31.681', TIMESTAMP '2019-06-12 07:38:31.681', '4cGp6Pb9 Lorem ipsum dolor sit amet, consecte', NULL, 0, 'Idea 42 that suggest that we definitely need a longer title for ideas', 23, 6, NULL),
(75, TIMESTAMP '2019-06-10 07:38:31.72', TIMESTAMP '2019-06-11 07:38:31.72', 'SyHK6SLt Lorem ipsum dolor sit amet, consectetur adipiscing elit, sed do eiusmod tempor incididunt ut labore et dolore magna aliqua. Ut enim ad minim veniam, quis nostrud exercitation ullamco laboris nisi ut al', NULL, 0, 'Idea 43 that suggest that we definitely need a longer title for ideas', 24, 13, NULL);
INSERT INTO PUBLIC.LAWS(ID, CREATED_AT, UPDATED_AT, DESCRIPTION, REACHED_QUORUM_AT, STATUS, TITLE, AREA_ID, CREATED_BY_ID, POLL_ID) VALUES
(76, TIMESTAMP '2019-06-09 07:38:31.723', TIMESTAMP '2019-06-10 07:38:31.724', 'guTyh8hD Lorem ipsum dolor sit amet, consectetur adipiscing elit, sed do eiusmod tempor incididunt ut labore et dolore magna aliqua. Ut enim ad minim ', NULL, 0, 'Idea 44 that suggest that we definitely need a longer title for ideas', 25, 9, NULL),
(77, TIMESTAMP '2019-06-08 07:38:31.761', TIMESTAMP '2019-06-09 07:38:31.761', 'dryWAVfv Lorem ipsum dolor sit amet, consectetur adipiscing elit, sed do eiusmod tempor incididunt ut labore et dolore magna aliqua. Ut enim ad minim veniam, quis nostrud exercitation ullamco laboris nisi ut aliquip ex ea commodo consequat. Duis aute irure dolor i', NULL, 0, 'Idea 45 that suggest that we definitely need a longer title for ideas', 26, 11, NULL),
(78, TIMESTAMP '2019-06-07 07:38:31.772', TIMESTAMP '2019-06-08 07:38:31.773', 'TyDFEhxc Lorem ipsum dolor sit amet, consectetur adipiscing elit, sed do eiusmod tempor incididunt ut labore et dolore magna aliqua. Ut enim ad minim veniam, quis nostrud exercitation ullamco laboris nisi ut aliquip ex ea commodo consequat. Duis aute irure dol', NULL, 0, 'Idea 46 that suggest that we definitely need a longer title for ideas', 27, 7, NULL),
(79, TIMESTAMP '2019-06-06 07:38:31.779', TIMESTAMP '2019-06-07 07:38:31.779', '9DCOSvWG Lorem ipsum dolor sit amet, consectetur adipiscing eli', NULL, 0, 'Idea 47 that suggest that we definitely need a longer title for ideas', 28, 9, NULL),
(80, TIMESTAMP '2019-06-05 07:38:31.785', TIMESTAMP '2019-06-06 07:38:31.785', 'WQdyCGVF Lorem ipsum dolor sit amet, consectetur adipiscing elit, s', NULL, 0, 'Idea 48 that suggest that we definitely need a longer title for ideas', 29, 8, NULL),
(81, TIMESTAMP '2019-06-04 07:38:31.791', TIMESTAMP '2019-06-05 07:38:31.791', 'MdThmpbA Lorem ipsum dolor sit amet, consectetur adipiscing elit, sed do eiusmod tempor incididunt ut labore et dolore magna aliqua. Ut enim ad minim veniam, quis nostrud exercitation ullamco laboris nisi ut aliquip ex ea commodo consequat. Duis aute irure dolor in reprehenderit', NULL, 0, 'Idea 49 that suggest that we definitely need a longer title for ideas', 30, 7, NULL),
(82, TIMESTAMP '2019-06-03 07:38:31.811', TIMESTAMP '2019-06-04 07:38:31.812', 'MWRhwORk Lorem ipsum dolor sit amet, consectetur adipiscing elit, sed do eiusmod tempor incididunt ut labore et dolore magna aliqua. Ut enim ad minim veniam, quis nostrud exercit', NULL, 0, 'Idea 50 that suggest that we definitely need a longer title for ideas', 21, 13, NULL),
(83, TIMESTAMP '2019-06-02 07:38:31.827', TIMESTAMP '2019-06-03 07:38:31.827', 'On4xCgNY Lorem ipsum dolor sit amet, consectetur adipiscing elit, sed do eiusmod tempor incididunt ut labore et dolore magna aliqua. Ut enim ad minim veniam, qu', NULL, 0, 'Idea 51 that suggest that we definitely need a longer title for ideas', 22, 12, NULL),
(84, TIMESTAMP '2019-06-01 07:38:31.837', TIMESTAMP '2019-06-02 07:38:31.838', 'z2Eak0WP Lorem ipsum dolor sit amet, consectetur adipiscing elit, sed do ', NULL, 0, 'Idea 52 that suggest that we definitely need a longer title for ideas', 23, 14, NULL),
(85, TIMESTAMP '2019-05-31 07:38:31.86', TIMESTAMP '2019-06-01 07:38:31.861', 'QxBaN7CG Lorem ipsum dolor sit amet, consectetur adipiscing elit, sed do eiusmod tempor incididunt ut labore et dolore magna aliqua. Ut enim ad minim veniam, quis n', NULL, 0, 'Idea 53 that suggest that we definitely need a longer title for ideas', 24, 11, NULL),
(86, TIMESTAMP '2019-05-30 07:38:31.879', TIMESTAMP '2019-05-31 07:38:31.88', 'rETDfakH Lorem ipsum dolor sit amet, consectetur adipiscing elit, sed do eiusmod tempor incididunt ut labore et dolore magna aliqua. Ut enim ad minim veniam, quis nostrud exercitation ullamco laboris nisi ut aliquip ex ea commodo consequat. Duis', NULL, 0, 'Idea 54 that suggest that we definitely need a longer title for ideas', 25, 1, NULL),
(87, TIMESTAMP '2019-05-29 07:38:31.885', TIMESTAMP '2019-05-30 07:38:31.885', 'CoClpukM Lorem ipsum dolor sit amet, consectetur adipiscing elit, sed do eiusmod tempor incididunt ut labore et dolore magna aliqua. Ut enim ad minim veniam,', NULL, 0, 'Idea 55 that suggest that we definitely need a longer title for ideas', 26, 20, NULL);
INSERT INTO PUBLIC.LAWS(ID, CREATED_AT, UPDATED_AT, DESCRIPTION, REACHED_QUORUM_AT, STATUS, TITLE, AREA_ID, CREATED_BY_ID, POLL_ID) VALUES
(88, TIMESTAMP '2019-05-28 07:38:31.895', TIMESTAMP '2019-05-29 07:38:31.895', 'qTPSSBr8 Lorem ipsum dolor sit amet, consectetur adipiscing elit, sed do eius', NULL, 0, 'Idea 56 that suggest that we definitely need a longer title for ideas', 27, 8, NULL),
(89, TIMESTAMP '2019-05-27 07:38:31.926', TIMESTAMP '2019-05-28 07:38:31.926', 'ESbxs0cH Lorem ipsum dolor sit amet, consectetur adipiscing elit, sed do eiusmod tempor incididunt ut labore et dolore magna aliqua. Ut enim ad minim veniam, quis nostrud exercitation ullamco laboris nisi ut aliquip ex ea commodo consequat. Duis aute irure dolor in reprehenderit in voluptate velit esse cillum dolore eu fugiat nulla pariatur. Excepteur sint occaecat cupidatat non proident, sunt in culpa', NULL, 0, 'Idea 57 that suggest that we definitely need a longer title for ideas', 28, 20, NULL),
(90, TIMESTAMP '2019-05-26 07:38:32.003', TIMESTAMP '2019-05-27 07:38:32.003', 'U5zaEhxf Lorem ipsum dolor sit amet, consectetur adipiscing e', NULL, 0, 'Idea 58 that suggest that we definitely need a longer title for ideas', 29, 11, NULL),
(91, TIMESTAMP '2019-05-25 07:38:32.022', TIMESTAMP '2019-05-26 07:38:32.022', 's5k4LKFy Lorem ipsum dolor sit amet, consectetur adipiscing elit, sed do eiusmod tempor incididunt ut labore et ', NULL, 0, 'Idea 59 that suggest that we definitely need a longer title for ideas', 30, 7, NULL),
(92, TIMESTAMP '2019-05-24 07:38:32.046', TIMESTAMP '2019-05-25 07:38:32.046', 'AtCF9zwK Lorem ipsum dolor sit amet, consectetur adipiscing elit, sed do eiusmod tempor incididunt ut labore et dolore magna aliqua. Ut enim ad minim veniam, quis nostrud exercitation ullamco laboris nisi ut aliquip ex ea commodo consequat. Duis aute irure dolor in reprehender', NULL, 0, 'Idea 60 that suggest that we definitely need a longer title for ideas', 21, 15, NULL),
(93, TIMESTAMP '2019-05-23 07:38:32.101', TIMESTAMP '2019-05-24 07:38:32.102', 'h7OMMVSL Lorem ipsum dolor sit amet, consectetur adipiscing elit, sed do eiusmod tempor incididunt ut labore et dolore magna aliqua. Ut enim ad minim veniam, quis nostrud exercitation ullamco laboris nisi ut aliquip ex ea commodo consequat. Duis aute irure dolor in reprehenderit in voluptate velit esse cillum dolore eu fugiat nulla pariatur. Excepteur si', NULL, 0, 'Idea 61 that suggest that we definitely need a longer title for ideas', 22, 19, NULL),
(94, TIMESTAMP '2019-05-22 07:38:32.111', TIMESTAMP '2019-05-23 07:38:32.111', 'TmmnnCTq Lorem ipsum dolor sit amet, consectetur adipiscing elit, sed do eiusmod tempor incididunt ut labore et dolore magna aliqua. Ut enim ad minim veniam,', NULL, 0, 'Idea 62 that suggest that we definitely need a longer title for ideas', 23, 10, NULL),
(95, TIMESTAMP '2019-05-21 07:38:32.17', TIMESTAMP '2019-05-22 07:38:32.17', 'hT70T2zR Lorem ipsum dolor sit amet, consectetur adipiscing elit, sed do eiusmod tempor incididunt ut labore et dolore magna aliqua', NULL, 0, 'Idea 63 that suggest that we definitely need a longer title for ideas', 24, 13, NULL),
(96, TIMESTAMP '2019-05-20 07:38:32.187', TIMESTAMP '2019-05-21 07:38:32.187', 'LV4koYAv Lorem ipsum dolor sit amet, consectetur adipiscing elit, sed do eiusmod tempor incididunt ut labore et dolore magna aliqua. Ut enim ad minim veniam, quis nostrud exercitation ullamco laboris nisi ut aliquip ex ea commodo consequat. Duis a', NULL, 0, 'Idea 64 that suggest that we definitely need a longer title for ideas', 25, 15, NULL),
(97, TIMESTAMP '2019-05-19 07:38:32.197', TIMESTAMP '2019-05-20 07:38:32.197', 'HBAXRre0 Lorem ipsum dolor sit amet, consectetur adipiscing el', NULL, 0, 'Idea 65 that suggest that we definitely need a longer title for ideas', 26, 12, NULL),
(98, TIMESTAMP '2019-05-18 07:38:32.23', TIMESTAMP '2019-05-19 07:38:32.23', 'srhodMWv Lorem ipsum dolor sit amet, consectetur adipiscing elit, sed do eiusmod tem', NULL, 0, 'Idea 66 that suggest that we definitely need a longer title for ideas', 27, 2, NULL),
(99, TIMESTAMP '2019-05-17 07:38:32.264', TIMESTAMP '2019-05-18 07:38:32.264', 'mWDNgo50 Lorem ipsum dolor sit amet, consectetur adipiscing elit, sed do eiusmod tempor incididunt ut labore et dolore magna aliqua. Ut enim ad minim veniam, quis nostrud exercitation ullamco laboris nisi ut aliquip ex ea commodo consequat. Duis aute irure dolor in reprehenderit in voluptate velit esse cillum dolore eu fugiat nulla pariatur. Excepteur sint occaec', NULL, 0, 'Idea 67 that suggest that we definitely need a longer title for ideas', 28, 2, NULL);
INSERT INTO PUBLIC.LAWS(ID, CREATED_AT, UPDATED_AT, DESCRIPTION, REACHED_QUORUM_AT, STATUS, TITLE, AREA_ID, CREATED_BY_ID, POLL_ID) VALUES
(100, TIMESTAMP '2019-05-16 07:38:32.287', TIMESTAMP '2019-05-17 07:38:32.288', 'EVqe4THL Lorem ipsum dolor sit amet, consectetur adipiscin', NULL, 0, 'Idea 68 that suggest that we definitely need a longer title for ideas', 29, 2, NULL),
(101, TIMESTAMP '2019-05-15 07:38:32.297', TIMESTAMP '2019-05-16 07:38:32.297', 'Afad86yp Lorem ipsum dolor sit amet, consectetur adipiscing elit, sed do eiusmo', NULL, 0, 'Idea 69 that suggest that we definitely need a longer title for ideas', 30, 17, NULL),
(102, TIMESTAMP '2019-05-14 07:38:32.324', TIMESTAMP '2019-05-15 07:38:32.324', 'SBUueVyc Lorem ipsum dolor sit amet, consectetur adipiscing elit, sed do eiusmod tempor incididunt u', NULL, 0, 'Idea 70 that suggest that we definitely need a longer title for ideas', 21, 20, NULL),
(103, TIMESTAMP '2019-05-13 07:38:32.356', TIMESTAMP '2019-05-14 07:38:32.357', 'U2o7o6RM Lorem ipsum dolor sit amet, consectetur adipiscing elit, sed do eiusmod tempor incididun', NULL, 0, 'Idea 71 that suggest that we definitely need a longer title for ideas', 22, 13, NULL),
(104, TIMESTAMP '2019-05-12 07:38:32.372', TIMESTAMP '2019-05-13 07:38:32.372', 'GwUVXDr9 Lorem ipsum dolor sit amet, consectetur adipiscing elit, sed do eiusmod tempor incididunt ut labore et dolore magna aliqua. Ut enim ad minim veniam, quis nostrud exercitation ullamco laboris nisi ut aliquip ex ea commodo consequat. Duis aute ir', NULL, 0, 'Idea 72 that suggest that we definitely need a longer title for ideas', 23, 9, NULL),
(105, TIMESTAMP '2019-05-11 07:38:32.449', TIMESTAMP '2019-05-12 07:38:32.449', 'kDuVYqle Lorem ipsum dolor sit amet, consectetur adipiscing elit, sed do eiusmod tempor incididunt ut labore et dolore magna aliqua. Ut enim ad minim veniam, quis nostrud exercitation ullamco laboris nisi ut aliq', NULL, 0, 'Idea 73 that suggest that we definitely need a longer title for ideas', 24, 16, NULL),
(106, TIMESTAMP '2019-05-10 07:38:32.47', TIMESTAMP '2019-05-11 07:38:32.47', 'pnbOD7FW Lorem ipsum dolor sit amet, consectetur adipiscing elit, sed do eiusmod tempor incididunt ut labore et dolore magna aliqua. Ut enim ad minim veniam, quis nostrud exercitation ullamco laboris nisi ut aliquip ex ea commodo consequat. Duis aute irure dolor in reprehenderit in volupta', NULL, 0, 'Idea 74 that suggest that we definitely need a longer title for ideas', 25, 16, NULL),
(107, TIMESTAMP '2019-05-09 07:38:32.499', TIMESTAMP '2019-05-10 07:38:32.499', 'NonLNGKC Lorem ipsum dolor sit amet, consectetur adipiscing elit, sed do eiusmod tempor incididunt ut labore et dolore magna aliqua. Ut enim ad minim veniam, quis nostrud exercitation ullamco laboris nisi ut aliquip ex ea commodo consequat. Duis aute irure dolor in reprehenderit in voluptate velit ', NULL, 0, 'Idea 75 that suggest that we definitely need a longer title for ideas', 26, 17, NULL),
(108, TIMESTAMP '2019-05-08 07:38:32.507', TIMESTAMP '2019-05-09 07:38:32.507', '7MMr3X3W Lorem ipsum dolor sit amet, consectetur adipiscing elit, sed do eiusmod tempor incididunt ut labore et dolore magna ', NULL, 0, 'Idea 76 that suggest that we definitely need a longer title for ideas', 27, 18, NULL),
(109, TIMESTAMP '2019-05-07 07:38:32.511', TIMESTAMP '2019-05-08 07:38:32.511', 'PgS29t2l Lorem ipsum dolor sit amet, consectetur adipiscing elit, sed do eiusmod tempor incididunt ut labore et dolore magna aliqua. Ut enim ad minim veniam, quis nostrud exercitation ullamco laboris nisi ut aliquip ex ea commodo consequat. Duis aute irure dolor in reprehenderit in voluptate velit esse cillum dolore eu fugiat nulla pariatur. Excepteur sint occaecat cupidatat non proident', NULL, 0, 'Idea 77 that suggest that we definitely need a longer title for ideas', 28, 17, NULL),
(110, TIMESTAMP '2019-05-06 07:38:32.556', TIMESTAMP '2019-05-07 07:38:32.556', 'Mu9nKsAe Lorem ipsum dolor sit amet, consectetur adipiscing elit, sed do eiusmod tempor incididunt ', NULL, 0, 'Idea 78 that suggest that we definitely need a longer title for ideas', 29, 11, NULL);
INSERT INTO PUBLIC.LAWS(ID, CREATED_AT, UPDATED_AT, DESCRIPTION, REACHED_QUORUM_AT, STATUS, TITLE, AREA_ID, CREATED_BY_ID, POLL_ID) VALUES
(111, TIMESTAMP '2019-05-05 07:38:32.567', TIMESTAMP '2019-05-06 07:38:32.568', 'lLdgSmFR Lorem ipsum dolor sit amet, consectetur adipiscing elit, sed do eiusmod tempor incididunt ut labore et dolore magna aliqua. Ut enim ad minim veniam, quis nostrud exercitation ullamco laboris nisi ut aliquip ex ea commodo consequat. Duis aute irure dolor in reprehenderit in voluptate velit esse cillum dolore eu fugiat nulla pa', NULL, 0, 'Idea 79 that suggest that we definitely need a longer title for ideas', 30, 7, NULL),
(112, TIMESTAMP '2019-05-04 07:38:32.609', TIMESTAMP '2019-05-05 07:38:32.609', 'DX7B5krs Lorem ipsum dolor sit amet, consectetur adipiscing elit, sed do eiusmod tempor incididunt ut labore et dolore magna aliqua. Ut enim ad minim veniam, quis nostrud ', NULL, 0, 'Idea 80 that suggest that we definitely need a longer title for ideas', 21, 18, NULL),
(113, TIMESTAMP '2019-05-03 07:38:32.631', TIMESTAMP '2019-05-04 07:38:32.632', 'xHlmW6mZ Lorem ipsum dolor sit amet, consectetur adipiscing elit, sed do eiusmod tempor incididunt ut labore et dolore magna aliqua. Ut enim ad minim veniam, quis nostrud exercitation ullamco laboris nisi ut aliquip ex ea commodo consequat. Duis aute irure dolor ', NULL, 0, 'Idea 81 that suggest that we definitely need a longer title for ideas', 22, 13, NULL),
(114, TIMESTAMP '2019-05-02 07:38:32.646', TIMESTAMP '2019-05-03 07:38:32.646', 'yS8YpaeN Lorem ipsum dolor sit amet, consectetur adipiscing elit, sed do eiusmod tempor incidid', NULL, 0, 'Idea 82 that suggest that we definitely need a longer title for ideas', 23, 19, NULL),
(115, TIMESTAMP '2019-05-01 07:38:32.664', TIMESTAMP '2019-05-02 07:38:32.664', 'zL6y9B5X Lorem ipsum dolor sit amet, consectetur adipiscing elit, sed do eiusmod tempor incididunt ut labore et dolore magna aliqua. Ut enim ad minim veniam, quis nostrud exercitation ullamco laboris nisi ut aliquip ex ea commodo con', NULL, 0, 'Idea 83 that suggest that we definitely need a longer title for ideas', 24, 2, NULL),
(116, TIMESTAMP '2019-04-30 07:38:32.672', TIMESTAMP '2019-05-01 07:38:32.672', 'zOpFA0qR Lorem ipsum dolor sit amet, consectetur adipiscing elit, sed do eiusmod tempor incididunt ut labore et dolore magna aliqua. Ut enim ad minim veniam, quis nostrud exercitation ullamco laboris nisi ut aliquip ex ea commodo consequat. Duis aute irure d', NULL, 0, 'Idea 84 that suggest that we definitely need a longer title for ideas', 25, 20, NULL),
(117, TIMESTAMP '2019-04-29 07:38:32.691', TIMESTAMP '2019-04-30 07:38:32.691', 'GPtkgM9u Lorem ipsum dolor sit amet, consectetur adipiscing elit, sed do eiusmod tempor incididunt ut labore et dolore magna aliqua. Ut enim ad minim veniam, quis n', NULL, 0, 'Idea 85 that suggest that we definitely need a longer title for ideas', 26, 13, NULL),
(118, TIMESTAMP '2019-04-28 07:38:32.711', TIMESTAMP '2019-04-29 07:38:32.712', 'MDvTqrry Lorem ipsum dolor sit amet, consectetur adipiscing elit, sed do eiusmod tempor incididunt ut labore et dolore magna aliqua. Ut enim ad minim veniam, quis nostrud exercitation ullamco laboris nisi ut aliquip ex ea commodo consequat. Duis aute irure dolor in reprehenderit in voluptate velit esse cillum dolore eu fugiat nulla pariatur.', NULL, 0, 'Idea 86 that suggest that we definitely need a longer title for ideas', 27, 11, NULL),
(119, TIMESTAMP '2019-04-27 07:38:32.743', TIMESTAMP '2019-04-28 07:38:32.744', '9X3VxPqc Lorem ipsum dolor sit amet, consectetur adipiscing elit, sed do eiusmod tempor incididunt ut labore et dolore magna aliqua. Ut enim ad minim veniam, quis nostrud exercitation ullamco laboris nisi ut aliquip ex ea commodo consequat. Duis aute irure dol', NULL, 0, 'Idea 87 that suggest that we definitely need a longer title for ideas', 28, 8, NULL),
(120, TIMESTAMP '2019-04-26 07:38:32.806', TIMESTAMP '2019-04-27 07:38:32.808', 'bNVMF9mr Lorem ipsum dolor sit amet, consectetur adipiscing elit, sed do eiusmod tempor incididunt ut labore et dolore magna ', NULL, 0, 'Idea 88 that suggest that we definitely need a longer title for ideas', 29, 11, NULL);
INSERT INTO PUBLIC.LAWS(ID, CREATED_AT, UPDATED_AT, DESCRIPTION, REACHED_QUORUM_AT, STATUS, TITLE, AREA_ID, CREATED_BY_ID, POLL_ID) VALUES
(121, TIMESTAMP '2019-04-25 07:38:32.855', TIMESTAMP '2019-04-26 07:38:32.855', 'A8Blqy6k Lorem ipsum dolor sit amet, consectetur adipiscing elit, sed do eiusmod tempor incididunt ut labore et dolore magna aliqua. Ut enim ad minim veniam, quis nostrud exercitation ullamco laboris nisi ut aliquip ex ea commodo consequat. Duis aute irure dolor in reprehenderit in voluptate velit esse cillum dolore eu fugiat nulla pariatur. Excepteur sint occaecat cupidatat non ', NULL, 0, 'Idea 89 that suggest that we definitely need a longer title for ideas', 30, 8, NULL),
(122, TIMESTAMP '2019-04-24 07:38:32.891', TIMESTAMP '2019-04-25 07:38:32.891', 'NhunYlBW Lorem ipsum dolor sit amet, consectetur adipiscing elit, sed do eiusmod tempor incididunt ut labore et dolore magna aliqua. Ut enim ad minim veniam, quis nostrud exercitation ullamco laboris nisi ut aliquip ex ea commodo consequat. Duis aute irure dolor in reprehenderit in voluptate velit esse cillum dolore eu fugiat nulla pariatur. Excepteur sint occaecat cupidatat ', NULL, 0, 'Idea 90 that suggest that we definitely need a longer title for ideas', 21, 1, NULL),
(123, TIMESTAMP '2019-04-23 07:38:32.937', TIMESTAMP '2019-04-24 07:38:32.937', 'kSc2OUgE Lorem ipsum dolor sit amet, consectetur adipiscing elit, sed do eiusmod tempor incididunt ut labore et dolore magna aliqua. Ut enim ad minim veniam, quis nostrud exercitation ullamco laboris nisi ut aliquip ex ea c', NULL, 0, 'Idea 91 that suggest that we definitely need a longer title for ideas', 22, 20, NULL),
(124, TIMESTAMP '2019-04-22 07:38:32.971', TIMESTAMP '2019-04-23 07:38:32.971', 'CsB0cCgT Lorem ipsum dolor sit amet, consectetur adipiscing elit, sed do eiusmod tempor incididunt ut labore et dolore magna aliqua. Ut enim ad minim veniam, quis nostrud exercitation ullamco laboris nisi ut aliquip ex ea commodo consequat. Duis aute irure dolor in reprehenderit in voluptate velit esse cillum dolore eu fugiat nulla pariatur. Excepteur sint occaecat cupidatat non proident, sunt in ', NULL, 0, 'Idea 92 that suggest that we definitely need a longer title for ideas', 23, 17, NULL),
(125, TIMESTAMP '2019-04-21 07:38:32.992', TIMESTAMP '2019-04-22 07:38:32.993', 'QMtvZHMe Lore', NULL, 0, 'Idea 93 that suggest that we definitely need a longer title for ideas', 24, 16, NULL),
(126, TIMESTAMP '2019-04-20 07:38:33.017', TIMESTAMP '2019-04-21 07:38:33.019', '7KDs8aG6 Lorem ipsum dolor sit amet, consectetur adipiscing elit, sed do eiusmod tempor incididunt ut labore et dolore magna aliqua. Ut enim ad minim veniam, quis nostrud exercitation ullamco laboris nisi ut aliquip ex ea commodo consequat. Duis aute irure dolor in reprehenderit in vo', NULL, 0, 'Idea 94 that suggest that we definitely need a longer title for ideas', 25, 17, NULL),
(127, TIMESTAMP '2019-04-19 07:38:33.028', TIMESTAMP '2019-04-20 07:38:33.028', 'rockPLnP Lorem ipsum dolor sit amet, consectetur adipiscing elit, sed do eiusmod tempor incididunt ut labore et dolore magna aliqua. Ut enim ad minim veniam, quis nostrud exercitation ullamco laboris nisi ut aliquip ex ea commodo con', NULL, 0, 'Idea 95 that suggest that we definitely need a longer title for ideas', 26, 18, NULL),
(128, TIMESTAMP '2019-04-18 07:38:33.06', TIMESTAMP '2019-04-19 07:38:33.061', 'ukyUMoD9 Lorem ipsum dolor sit amet, consectetur adipiscing elit, sed ', NULL, 0, 'Idea 96 that suggest that we definitely need a longer title for ideas', 27, 14, NULL),
(129, TIMESTAMP '2019-04-17 07:38:33.088', TIMESTAMP '2019-04-18 07:38:33.088', 'BbAqp69F Lorem ipsum dolor sit amet, consectetur adipiscing elit, sed do eiusmod tempor incididunt ut labore et dolore magna aliqua. Ut enim ad minim veniam, quis nostrud exercitation ullamco laboris nisi ut aliquip ex ea commodo consequat. Duis aute irure dolor in reprehenderit in voluptate velit esse cillum dolore eu fugiat nulla pariatur. Excepteur sint occ', NULL, 0, 'Idea 97 that suggest that we definitely need a longer title for ideas', 28, 11, NULL);
INSERT INTO PUBLIC.LAWS(ID, CREATED_AT, UPDATED_AT, DESCRIPTION, REACHED_QUORUM_AT, STATUS, TITLE, AREA_ID, CREATED_BY_ID, POLL_ID) VALUES
(130, TIMESTAMP '2019-04-16 07:38:33.093', TIMESTAMP '2019-04-17 07:38:33.093', 'KuroRw83 Lorem ipsum dolor sit amet, consectetur adipiscing elit, sed do eiusmod tempor incididunt ut labore et dolore magna aliqua. Ut enim ad minim veniam, quis nostrud exercitation ullamco laboris nisi ut aliquip ex ea commodo consequat. Duis aute irure', NULL, 0, 'Idea 98 that suggest that we definitely need a longer title for ideas', 29, 17, NULL),
(131, TIMESTAMP '2019-04-15 07:38:33.114', TIMESTAMP '2019-04-16 07:38:33.114', 'Tor3usQU Lorem ipsum dolor sit amet, consectetur adipiscing elit, sed do eiusmod tempor incididunt ut labore et', NULL, 0, 'Idea 99 that suggest that we definitely need a longer title for ideas', 30, 8, NULL),
(132, TIMESTAMP '2019-04-14 07:38:33.138', TIMESTAMP '2019-04-15 07:38:33.138', '82PXRDcY Lorem ipsum dolor sit amet, consectetur adipiscing elit, sed do eiusmod tempor incididunt ut labore et dolore magna aliqua. Ut enim ad minim veniam, quis nostrud exerc', NULL, 0, 'Idea 100 that suggest that we definitely need a longer title for ideas', 21, 13, NULL),
(133, TIMESTAMP '2019-04-13 07:38:33.146', TIMESTAMP '2019-04-14 07:38:33.146', 'csKAzc6U Lorem ipsum dolor sit amet, consectetur ', NULL, 0, 'Idea 101 that suggest that we definitely need a longer title for ideas', 22, 4, NULL),
(134, TIMESTAMP '2019-04-12 07:38:33.243', TIMESTAMP '2019-04-13 07:38:33.243', 'qe3GwLu3 Lorem ipsum dolor sit amet, consectetur adipiscing elit, sed do eiusmod tempor incididunt ut labore et dolore magna aliqua. Ut enim ad minim veniam, quis nostrud exercitation ullamco laboris nisi ut aliquip ex ea commodo consequat. Duis aute irure dolor in reprehenderit in voluptate velit esse cillum dolore eu fug', NULL, 0, 'Idea 102 that suggest that we definitely need a longer title for ideas', 23, 11, NULL),
(135, TIMESTAMP '2019-04-11 07:38:33.257', TIMESTAMP '2019-04-12 07:38:33.257', 'gEQl8BRh Lorem ipsum dol', NULL, 0, 'Idea 103 that suggest that we definitely need a longer title for ideas', 24, 8, NULL),
(136, TIMESTAMP '2019-04-10 07:38:33.292', TIMESTAMP '2019-04-11 07:38:33.292', 'YOKzSKV5 Lorem ipsum do', NULL, 0, 'Idea 104 that suggest that we definitely need a longer title for ideas', 25, 16, NULL),
(137, TIMESTAMP '2019-04-09 07:38:33.319', TIMESTAMP '2019-04-10 07:38:33.321', 'NUEu4H0c Lorem ipsum dolor sit amet, consectetur adipiscing elit, sed do eiusmod tempor incididunt ut labore et dolore magna aliqua. Ut enim ad minim veniam, quis nostrud exercitation ullamco laboris nisi ut aliquip ex ea commodo consequat. Duis aute irure dolor in reprehenderit in voluptate velit esse cillum do', NULL, 0, 'Idea 105 that suggest that we definitely need a longer title for ideas', 26, 6, NULL),
(138, TIMESTAMP '2019-04-08 07:38:33.342', TIMESTAMP '2019-04-09 07:38:33.342', '0LPYYA6c Lorem ipsum dolor sit amet, consectetur adipiscing elit, sed do eiusmod tempor incididunt ut labore et do', NULL, 0, 'Idea 106 that suggest that we definitely need a longer title for ideas', 27, 15, NULL),
(139, TIMESTAMP '2019-04-07 07:38:33.363', TIMESTAMP '2019-04-08 07:38:33.364', 'hs3BhvTl Lorem ipsum dolor sit amet, consectetur adipiscing elit, sed do eiusmod tempor incididunt ut labore et dolore magna aliqua. Ut enim ad minim veniam, quis nostrud exercitation ullamco laboris nisi ut aliquip ex ea commodo consequat. Duis aute irure dolor in reprehenderit in voluptate velit esse cillum dolore eu fugiat nulla pariatur. Excepteur sint occaecat cupidatat non proident, sunt in culpa ', NULL, 0, 'Idea 107 that suggest that we definitely need a longer title for ideas', 28, 17, NULL),
(140, TIMESTAMP '2019-04-06 07:38:33.38', TIMESTAMP '2019-04-07 07:38:33.38', '5xy7pXhH Lorem ipsum dolor sit ', NULL, 0, 'Idea 108 that suggest that we definitely need a longer title for ideas', 29, 3, NULL),
(141, TIMESTAMP '2019-04-05 07:38:33.414', TIMESTAMP '2019-04-06 07:38:33.414', 'O5QprOFh Lorem ipsum dolor sit amet, consectetur adipiscing elit, sed do eiusmod tempor incididunt ut labore et dolore magna aliqua. Ut enim ad minim veniam, quis nostr', NULL, 0, 'Idea 109 that suggest that we definitely need a longer title for ideas', 30, 9, NULL);
INSERT INTO PUBLIC.LAWS(ID, CREATED_AT, UPDATED_AT, DESCRIPTION, REACHED_QUORUM_AT, STATUS, TITLE, AREA_ID, CREATED_BY_ID, POLL_ID) VALUES
(142, TIMESTAMP '2019-04-04 07:38:33.436', TIMESTAMP '2019-04-05 07:38:33.436', '9MPY4tWY Lorem ipsum dolor sit amet, consectetur adipiscing elit, sed do eiusmod tempor incididunt ut labore et dolore magna aliqua. Ut enim ad minim veniam, quis nostrud exercitation ullamco laboris nisi ut aliquip ex ea commodo consequat. Duis aute irure dolor in reprehenderit in voluptate velit esse cillum dolore eu fugiat nulla pariatur. Excepte', NULL, 0, 'Idea 110 that suggest that we definitely need a longer title for ideas', 21, 6, NULL),
(143, TIMESTAMP '2019-07-20 07:38:33.504', TIMESTAMP '2019-07-21 07:38:33.504', 'qVxqWqrT Lorem ipsum dolor sit amet, consectetur adipiscing elit, sed do eiusmod tempor incididunt ut labore et dolore magna aliqua. Ut enim ad minim veniam, quis nostrud exercitation ullamco laboris nisi ut aliquip ex ea commodo consequat. Duis aute irure dolor in reprehenderit in volupta', TIMESTAMP '2019-07-22 07:38:33.501', 1, 'Proposal 0 that reached its quorum', 25, 12, NULL),
(144, TIMESTAMP '2019-07-20 07:38:33.558', TIMESTAMP '2019-07-21 07:38:33.558', 'H8Pc3ByM Lorem ipsum dolor sit amet, consectetur adipiscing elit, sed do eiusmod tempor incididunt ut labore et dolore magna aliqua. Ut enim ad minim veniam, quis nostrud exercita', TIMESTAMP '2019-07-23 07:38:33.555', 1, 'Proposal 1 that reached its quorum', 25, 7, NULL),
(145, TIMESTAMP '2019-07-18 07:38:33.635', TIMESTAMP '2019-07-19 07:38:33.635', 'ddnKy2HW Lorem ipsum dolor', TIMESTAMP '2019-07-22 07:38:33.624', 1, 'Proposal 2 that reached its quorum', 24, 16, NULL),
(146, TIMESTAMP '2019-07-17 07:38:33.689', TIMESTAMP '2019-07-18 07:38:33.689', 'gHnZS66d Lorem ipsum dolor sit amet, consectetur adipiscing elit, sed do eiusmod tempor incididunt ut labore et dolore magna aliqua. Ut enim ad minim veniam, quis nostrud exercitation ullamco laboris nisi ut aliquip ex ea commodo consequat. Duis aute irure dolor in reprehenderit in voluptate velit esse cillum dolore eu fugiat nulla pariatur. E', TIMESTAMP '2019-07-23 07:38:33.684', 1, 'Proposal 3 that reached its quorum', 26, 1, NULL),
(147, TIMESTAMP '2019-07-20 07:38:33.728', TIMESTAMP '2019-07-21 07:38:33.728', 'Nuz0d6bZ Lorem ipsum dolor sit amet, consectetur adipiscing elit, sed do eiusmod tempor incididunt ut labore et dolore ma', TIMESTAMP '2019-07-21 07:38:33.725', 1, 'Proposal 4 that reached its quorum', 27, 15, NULL),
(148, TIMESTAMP '2019-07-16 07:38:33.797', TIMESTAMP '2019-07-17 07:38:33.798', 'sKoDF4vS Lorem ipsum dolor sit amet, consectetur adipiscing elit, sed do eiusmod tempor incididunt ut labore et dolore magna aliqua. Ut enim ad minim veniam, quis nostrud exercitation ullamco laboris nisi ut aliquip ex ea commodo consequat. Du', TIMESTAMP '2019-07-19 07:38:33.795', 1, 'Proposal 5 that reached its quorum', 21, 20, NULL),
(149, TIMESTAMP '2019-07-20 07:38:33.837', TIMESTAMP '2019-07-21 07:38:33.837', 'Ku6mQdq5 Lorem ipsum dolor sit amet, consectetur adipiscing elit, sed do eiusmod tempor incididunt ut labore et dolore magna aliqua. Ut enim ', TIMESTAMP '2019-07-23 07:38:33.83', 1, 'Proposal 6 that reached its quorum', 25, 1, NULL),
(150, TIMESTAMP '2019-07-15 07:38:33.924', TIMESTAMP '2019-07-16 07:38:33.924', 's8aVpMr8 Lorem ipsum dolor sit amet, consectetur adipiscing elit, sed do eiusmod tempor incididunt ut labore et dolore magna aliqua. Ut enim ad minim veniam, quis nostrud exercitation ullamco laboris nisi ut aliquip ex ea commodo consequat. Duis aute irure dolor in reprehenderi', TIMESTAMP '2019-07-22 07:38:33.921', 1, 'Proposal 7 that reached its quorum', 29, 14, NULL),
(151, TIMESTAMP '2019-07-20 07:38:33.989', TIMESTAMP '2019-07-21 07:38:33.989', 'sbttstHW Lorem ipsum dolor sit amet, consectetur adipiscing elit, sed do eiusmod ', TIMESTAMP '2019-07-23 07:38:33.986', 1, 'Proposal 8 that reached its quorum', 30, 15, NULL),
(152, TIMESTAMP '2019-07-23 07:38:34.054', TIMESTAMP '2019-07-24 07:38:34.054', '6TEW4dqG Lorem ipsum dolor sit amet, consectetur adipiscing elit, sed do eiusmod tempor incididunt ut labore et dolore magna aliqua. Ut enim ad ', TIMESTAMP '2019-07-24 07:38:34.051', 1, 'Proposal 9 that reached its quorum', 25, 15, NULL);
INSERT INTO PUBLIC.LAWS(ID, CREATED_AT, UPDATED_AT, DESCRIPTION, REACHED_QUORUM_AT, STATUS, TITLE, AREA_ID, CREATED_BY_ID, POLL_ID) VALUES
(153, TIMESTAMP '2019-07-15 07:38:34.143', TIMESTAMP '2019-07-16 07:38:34.143', 'hRgqmB8T Lorem ipsum dolor sit amet, consectetur adipiscing elit, sed do eiusmod tempor incididunt ut labore et dolore magna aliqua. Ut enim ad minim veniam, quis nostrud exercitation ullamco laboris nisi ut aliquip ex ea commodo consequat. Duis aut', TIMESTAMP '2019-07-24 07:38:34.14', 1, 'Proposal 10 that reached its quorum', 29, 2, NULL),
(154, TIMESTAMP '2019-07-20 07:38:34.228', TIMESTAMP '2019-07-21 07:38:34.228', 'aQOSeo6g Lorem ipsum dolor sit amet, consectetur adipiscing elit, sed do eiusmod tempor incididunt ut labore et dolore magna aliqua. Ut enim ad minim veniam, quis nostrud exercitation ullamco laboris nisi ut aliquip ex ea commodo consequat. Duis aute irure dolor in reprehenderit in voluptate velit ess', TIMESTAMP '2019-07-21 07:38:34.225', 1, 'Proposal 11 that reached its quorum', 25, 5, NULL),
(155, TIMESTAMP '2019-07-24 07:38:34.265', TIMESTAMP '2019-07-24 07:38:34.265', '9h0Y295l Lorem ipsum dolor sit amet, consectetur adipis', TIMESTAMP '2019-07-24 07:38:34.262', 1, 'Proposal 12 that reached its quorum', 21, 7, NULL),
(156, TIMESTAMP '2019-07-20 07:38:34.325', TIMESTAMP '2019-07-21 07:38:34.326', '9CAyKHtu Lorem ipsum dolor sit amet, consectetur adipiscing elit, sed do eiusmod tempor incididunt ut labore et dol', TIMESTAMP '2019-07-22 07:38:34.29', 1, 'Proposal 13 that reached its quorum', 29, 18, NULL),
(157, TIMESTAMP '2019-07-15 07:38:34.4', TIMESTAMP '2019-07-16 07:38:34.405', 'rKDCbRTg Lorem ipsum dolor sit amet, consectetur adipiscing elit, sed do eiusmod tempor incididunt ut labore et dolore magna aliqua. Ut enim ad minim veniam, quis nostrud exercitation', TIMESTAMP '2019-07-18 07:38:34.388', 1, 'Proposal 14 that reached its quorum', 23, 5, NULL),
(158, TIMESTAMP '2019-07-21 07:38:34.467', TIMESTAMP '2019-07-22 07:38:34.468', 'gUsr787T Lorem ipsum dolor sit amet, consectetur adipiscing elit, sed do eiusmod tempor incididunt ut labore et dolore magna aliqua. Ut enim ad minim veniam, quis nostrud exercitation ullamco laboris nis', TIMESTAMP '2019-07-22 07:38:34.464', 1, 'Proposal 15 that reached its quorum', 23, 3, NULL),
(159, TIMESTAMP '2019-07-21 07:38:34.504', TIMESTAMP '2019-07-22 07:38:34.505', 'KOUQlFRQ Lorem ipsum dolor sit amet, consectetur adipiscing elit, sed do eiusmod tempor incididunt ut labore et dolore magna aliqua. Ut enim ad minim veniam, quis nostrud exercitation ', TIMESTAMP '2019-07-22 07:38:34.499', 1, 'Proposal 16 that reached its quorum', 27, 8, NULL),
(160, TIMESTAMP '2019-07-21 07:38:34.551', TIMESTAMP '2019-07-22 07:38:34.551', 'tMSmsqU0 Lorem ipsum dolor sit amet, consectetur adipisc', TIMESTAMP '2019-07-23 07:38:34.544', 1, 'Proposal 17 that reached its quorum', 21, 20, NULL),
(161, TIMESTAMP '2019-07-16 07:38:34.597', TIMESTAMP '2019-07-17 07:38:34.597', '0YsW6acH Lorem ipsum dolor sit amet, consec', TIMESTAMP '2019-07-17 07:38:34.594', 1, 'Proposal 18 that reached its quorum', 21, 4, NULL),
(162, TIMESTAMP '2019-07-20 07:38:34.693', TIMESTAMP '2019-07-21 07:38:34.693', 'RnySgc8Z Lorem ipsum dolor sit amet, consectetur adipiscing elit, sed do eiusmod tempor incididunt ut labore et dolore magna aliqua. Ut enim ad minim veniam, quis nostrud exercitation ullamco laboris nisi ut aliquip ex ea commodo consequat. Duis aute irure dolor in reprehenderit in voluptate velit esse cillum dolore eu fu', TIMESTAMP '2019-07-21 07:38:34.689', 1, 'Proposal 19 that reached its quorum', 29, 6, NULL),
(163, TIMESTAMP '2019-07-20 07:38:34.758', TIMESTAMP '2019-07-21 07:38:34.758', 'ZxknyxtK Lorem ipsum dolor sit amet, conse', TIMESTAMP '2019-07-21 07:38:34.755', 1, 'Proposal 20 that reached its quorum', 21, 20, NULL),
(164, TIMESTAMP '2019-07-22 07:38:34.835', TIMESTAMP '2019-07-23 07:38:34.835', 'Xdpk3By3 Lorem ipsum dolor sit amet, consectetur adipiscing elit, sed do eiusmod tempor incididunt ut labore et dolore magna aliqua. Ut enim ad minim veniam, quis nostrud exercitation ullamco laboris nisi ut aliquip ex ea commodo consequat. Duis aute i', TIMESTAMP '2019-07-23 07:38:34.832', 1, 'Proposal 21 that reached its quorum', 30, 11, NULL);
INSERT INTO PUBLIC.LAWS(ID, CREATED_AT, UPDATED_AT, DESCRIPTION, REACHED_QUORUM_AT, STATUS, TITLE, AREA_ID, CREATED_BY_ID, POLL_ID) VALUES
(165, TIMESTAMP '2019-07-15 07:38:34.874', TIMESTAMP '2019-07-16 07:38:34.875', 'lVuTMSyL Lorem ipsum dolor sit amet, consectetur adipiscing elit, sed do eiusmod tempor incididunt ut labore et dolore magna aliqua. Ut enim ad minim veniam, quis nostrud exercitation ullamco laboris nisi ut aliquip ex ea commodo consequat. Duis aute irure dolor in reprehenderit in voluptate velit esse cillum dolore eu fugiat nulla pari', TIMESTAMP '2019-07-17 07:38:34.871', 1, 'Proposal 22 that reached its quorum', 23, 15, NULL),
(166, TIMESTAMP '2019-07-21 07:38:34.918', TIMESTAMP '2019-07-22 07:38:34.918', '6caQrAtg Lorem ipsum dolor sit amet, consectetur adipiscing elit, sed do eiusmod tempor incididunt ut labore et dolore magna aliqua. Ut enim ad minim veniam, quis nostrud exercitatio', TIMESTAMP '2019-07-23 07:38:34.916', 1, 'Proposal 23 that reached its quorum', 29, 6, NULL),
(167, TIMESTAMP '2019-07-15 07:38:34.982', TIMESTAMP '2019-07-16 07:38:34.982', 'HUxvUO3L Lorem ipsum dolor sit amet, consectetur adipiscing elit, sed do eiusmod tempor incididunt ut', TIMESTAMP '2019-07-23 07:38:34.979', 1, 'Proposal 24 that reached its quorum', 21, 2, NULL),
(168, TIMESTAMP '2019-07-21 07:38:35.032', TIMESTAMP '2019-07-22 07:38:35.032', 'GQpSfdkF Lorem ipsum dolor sit amet, consectetur adipiscing elit, sed do eiusmod tempor incididunt ut labore et dolore magna aliqua. Ut enim ad minim veniam, quis ', TIMESTAMP '2019-07-23 07:38:35.028', 1, 'Proposal 25 that reached its quorum', 29, 20, NULL),
(169, TIMESTAMP '2019-07-21 07:38:35.074', TIMESTAMP '2019-07-22 07:38:35.075', 'XYPqkDeQ Lorem ipsum dolor sit amet, consectetur adipiscing elit, sed do eiusmod tempor incididunt ut ', TIMESTAMP '2019-07-23 07:38:35.071', 1, 'Proposal 26 that reached its quorum', 26, 11, NULL),
(170, TIMESTAMP '2019-07-22 07:38:35.099', TIMESTAMP '2019-07-23 07:38:35.1', 'kQUqsNQ7 Lorem ipsum dolor sit amet, consectetur adipiscing elit, sed do eiusmod tempor incididunt ut labore et dolore magna aliqua. Ut enim ad minim veniam, quis nostrud exercitation ullamco laboris nisi ut aliquip', TIMESTAMP '2019-07-23 07:38:35.096', 1, 'Proposal 27 that reached its quorum', 22, 11, NULL),
(171, TIMESTAMP '2019-07-15 07:38:35.126', TIMESTAMP '2019-07-16 07:38:35.126', '6Av3FkVz Lorem ipsum dolor sit amet, consectetur adipiscing elit, sed do eiusmod tempor incididunt ut labore et dolore magna aliqua. Ut enim ad minim veniam, quis nostrud exercitation ullamco laboris nisi ut aliquip ex ea commodo consequat. Duis aute irure dolor in reprehenderit in voluptate velit esse cillum dolore eu fugiat nulla pariatur. Excepteur sint occaecat cupidatat non proident, sunt in cul', TIMESTAMP '2019-07-17 07:38:35.124', 1, 'Proposal 28 that reached its quorum', 25, 1, NULL),
(172, TIMESTAMP '2019-07-18 07:38:35.274', TIMESTAMP '2019-07-19 07:38:35.274', 'DwUDYOOA Lorem ipsum dolor sit amet, consectetur adipiscing elit, sed do eiusmod tempor incididunt ut l', TIMESTAMP '2019-07-24 07:38:35.221', 1, 'Proposal 29 that reached its quorum', 22, 13, NULL),
(173, TIMESTAMP '2019-07-23 07:38:35.301', TIMESTAMP '2019-07-24 07:38:35.301', 'nMTd9Rh4 Lorem ipsum dolor sit amet, consectetur adipiscing elit, sed do eiusmod tempor incididunt ut labore et dolore magna aliqua. Ut enim ad minim veniam, quis nostrud exercitation ullamco laboris nisi ut aliquip ex ea com', TIMESTAMP '2019-07-24 07:38:35.299', 1, 'Proposal 30 that reached its quorum', 30, 13, NULL),
(174, TIMESTAMP '2019-07-23 07:38:35.326', TIMESTAMP '2019-07-24 07:38:35.326', 'L7WMdWyv Lorem ipsum dolor sit amet, consectetur adipiscing elit, sed do eiusmod tempor incididunt ut labore et dolore magna aliqua. Ut enim ad minim veniam, quis nostrud exercitation ullamco laboris nisi ut aliquip ex ea commodo consequat. Duis aute irure dolor in reprehenderit in voluptate velit esse cillum dolore eu fugiat nulla pariatur. Excepteur sint occaecat cu', TIMESTAMP '2019-07-24 07:38:35.324', 1, 'Proposal 31 that reached its quorum', 24, 4, NULL);
INSERT INTO PUBLIC.LAWS(ID, CREATED_AT, UPDATED_AT, DESCRIPTION, REACHED_QUORUM_AT, STATUS, TITLE, AREA_ID, CREATED_BY_ID, POLL_ID) VALUES
(175, TIMESTAMP '2019-07-23 07:38:35.356', TIMESTAMP '2019-07-24 07:38:35.356', 'Z9fm6V7o Lorem ipsum dolor sit amet, consectetur adipiscing elit, sed do eiusmod tempor incididunt ut labore et dolore magna aliqua. Ut enim ad minim veniam, quis nostrud exercitation ullamco laboris nisi ut aliquip ex ea commodo consequat. Duis aute irure dolor in reprehenderit in voluptate velit esse cillum dolore eu fugiat nulla par', TIMESTAMP '2019-07-24 07:38:35.344', 1, 'Proposal 32 that reached its quorum', 30, 2, NULL),
(176, TIMESTAMP '2019-07-20 07:38:35.398', TIMESTAMP '2019-07-21 07:38:35.398', 'kYTmsqNd Lorem ipsum dolor sit amet, consectetur adipiscing elit, sed do eiusmod tempor incididunt ut labore et dolore magna aliqua. Ut enim ad minim veniam, quis nostrud exercitation ullamco laboris nisi ut aliquip ex ea commodo consequat. Duis aute irure dolor in reprehenderit in vol', TIMESTAMP '2019-07-21 07:38:35.394', 1, 'Proposal 33 that reached its quorum', 30, 11, NULL),
(177, TIMESTAMP '2019-07-21 07:38:35.433', TIMESTAMP '2019-07-22 07:38:35.433', '7FQwRWFW Lorem ipsum dolor sit amet, consectetur adipiscing ', TIMESTAMP '2019-07-24 07:38:35.43', 1, 'Proposal 34 that reached its quorum', 23, 5, NULL),
(178, TIMESTAMP '2019-07-23 07:38:35.491', TIMESTAMP '2019-07-24 07:38:35.491', 'tlrx5KMK Lorem ipsum dolor sit amet, consectetur adipiscing elit, sed do eiusmod tempor incididunt ut labore et dolore magna aliqua. Ut enim ad minim veniam, quis nostrud exercitation ullamco laboris nisi ut aliquip ex ea commodo consequat. Duis aute irure dolor in reprehenderit in v', TIMESTAMP '2019-07-24 07:38:35.488', 1, 'Proposal 35 that reached its quorum', 22, 20, NULL),
(179, TIMESTAMP '2019-07-22 07:38:35.523', TIMESTAMP '2019-07-23 07:38:35.523', 'dGauylcz Lorem ipsum dolor sit amet, consectetur adipiscing elit, sed do eiusmod tempor incididunt ut labore et dolore magna aliqua. Ut enim ad minim veniam, quis nostrud exercitation ullamco laboris nisi ut aliquip ex ea commodo consequat. Duis aute irure dolor in reprehenderit in voluptate velit esse cillum dolore eu fugiat nulla pariatur. Excepteur sint occaecat ', TIMESTAMP '2019-07-24 07:38:35.518', 1, 'Proposal 36 that reached its quorum', 29, 13, NULL),
(180, TIMESTAMP '2019-07-19 07:38:35.551', TIMESTAMP '2019-07-20 07:38:35.551', 'eWbBxgyR Lorem ipsum dolor sit amet, consectetur adipiscing elit, sed do eiusmod tempor incididunt ut labore et dolore magna aliqua. Ut enim ad minim veniam, quis nostrud exercitation ullamco laboris nisi ut aliquip ex ea commo', TIMESTAMP '2019-07-24 07:38:35.544', 1, 'Proposal 37 that reached its quorum', 30, 19, NULL),
(181, TIMESTAMP '2019-07-16 07:38:35.614', TIMESTAMP '2019-07-17 07:38:35.614', 'mArpf6Wh Lorem ipsum dolor sit amet, consectetur adipiscing elit, sed do eiusmod tempor incididunt ut labore et dolore magna aliqua. Ut enim ad minim veniam, quis nostrud exercitation ullamco laboris nisi ut aliquip ex ea commodo consequat. Duis aute irure dolor in reprehenderit in voluptate velit esse cillum dolore eu fugiat nulla pariatur. Excepteur ', TIMESTAMP '2019-07-20 07:38:35.608', 1, 'Proposal 38 that reached its quorum', 29, 1, NULL),
(182, TIMESTAMP '2019-07-22 07:38:35.661', TIMESTAMP '2019-07-23 07:38:35.661', 'Fbx5H6Vu Lorem ipsum dolor sit amet, consectetur adipiscing elit, sed do eiusmod tempor incididunt ut labore et dolore magna aliqua. Ut enim ad minim veniam, quis nostru', TIMESTAMP '2019-07-24 07:38:35.651', 1, 'Proposal 39 that reached its quorum', 28, 15, NULL),
(183, TIMESTAMP '2019-07-19 07:38:35.682', TIMESTAMP '2019-07-20 07:38:35.685', 'Ch9YUsTd Lorem ipsum dolor sit amet, consectetur adipiscing elit, sed do eiusmod tempor incididunt ut labore et dolore magna aliqua. Ut enim ad minim veniam, quis nostrud exercitation ullamco laboris nisi ut aliquip ex ea commodo consequat. Duis aute ir', TIMESTAMP '2019-07-22 07:38:35.68', 1, 'Proposal 40 that reached its quorum', 24, 10, NULL),
(184, TIMESTAMP '2019-07-22 07:38:35.726', TIMESTAMP '2019-07-23 07:38:35.726', 'lU5X2STm Lorem ipsum dolor sit amet, ', TIMESTAMP '2019-07-24 07:38:35.72', 1, 'Proposal 41 that reached its quorum', 21, 8, NULL);
INSERT INTO PUBLIC.LAWS(ID, CREATED_AT, UPDATED_AT, DESCRIPTION, REACHED_QUORUM_AT, STATUS, TITLE, AREA_ID, CREATED_BY_ID, POLL_ID) VALUES
(185, TIMESTAMP '2019-07-17 07:38:36.059', TIMESTAMP '2019-07-18 07:38:36.059', 'pP7lxAvg Lorem ipsum dolor sit amet, consectetur adipiscing elit, sed do eiusmod tempor incididunt ut labore et dolore magna aliqua. Ut enim ad minim veniam, quis nostrud exercitation ullamco laboris nisi ut aliquip ex ea commodo consequat. Duis aute irure dolor in reprehenderit in voluptate velit esse cillum dolore eu fugiat nulla pariatur. Excepteur sint', TIMESTAMP '2019-07-24 07:38:36.039', 1, 'Proposal 42 that reached its quorum', 28, 16, NULL),
(186, TIMESTAMP '2019-07-21 07:38:36.086', TIMESTAMP '2019-07-22 07:38:36.087', 'o0qru50e Lorem ipsum dolor sit amet, consectetur adipiscing elit, sed do eiusmod tempor incididunt ut labore et dolore magna aliqua. Ut enim ad minim veniam, quis nostrud exercitation ullamco laboris nisi ut aliquip ex ea commodo consequat. Duis aute irure dolor in reprehenderit in voluptate velit esse cillum dolore eu fugiat ', TIMESTAMP '2019-07-24 07:38:36.084', 1, 'Proposal 43 that reached its quorum', 25, 18, NULL),
(187, TIMESTAMP '2019-07-22 07:38:36.127', TIMESTAMP '2019-07-23 07:38:36.127', 'v26G3E9L Lorem ipsum dolo', TIMESTAMP '2019-07-23 07:38:36.124', 1, 'Proposal 44 that reached its quorum', 28, 17, NULL),
(188, TIMESTAMP '2019-07-23 07:38:36.203', TIMESTAMP '2019-07-24 07:38:36.203', 'nA22TRfQ Lorem ipsum dolor sit amet, consectetur adipiscing elit, sed do eiusmod tempor incididunt ut labore et dolore magna aliqua. Ut enim ad minim veniam, quis nostrud exercitation ullamco laboris nisi ut aliquip ex ea commodo consequat. Duis aute irure dolor in reprehenderit in voluptate velit esse cillum dolore eu fugiat nulla pariatur. Excepteur sint occaecat cupidatat non proident, sunt i', TIMESTAMP '2019-07-24 07:38:36.201', 1, 'Proposal 45 that reached its quorum', 26, 2, NULL),
(189, TIMESTAMP '2019-07-18 07:38:36.403', TIMESTAMP '2019-07-19 07:38:36.403', 'KOSOYxfr Lorem ipsum dolor sit amet, consectetur adipiscing elit, sed do eiusmod tempor incididunt ut labore et dolore magna aliqua. Ut enim ', TIMESTAMP '2019-07-23 07:38:36.401', 1, 'Proposal 46 that reached its quorum', 30, 7, NULL),
(190, TIMESTAMP '2019-07-24 07:38:36.465', TIMESTAMP '2019-07-24 07:38:36.465', 'ANghoXAt Lorem ipsum dolor sit amet, consectetur adipiscing elit, sed do eiusmod tempor incididunt ut labore et dolore magna aliqua. Ut enim ad minim veniam, quis nostrud exercitation ullamco laboris nisi ut aliquip ex ea commodo consequat. Duis aute irure dolor in reprehenderit in voluptate velit esse cillum dolore eu fugiat nulla pariatur. Excepteur sint occaecat cupidatat non proident, su', TIMESTAMP '2019-07-24 07:38:36.463', 1, 'Proposal 47 that reached its quorum', 30, 10, NULL),
(191, TIMESTAMP '2019-07-23 07:38:36.624', TIMESTAMP '2019-07-24 07:38:36.624', 'B2QQbktn Lorem ipsum dolor sit amet, consectetur adipiscing elit, sed do eiusmod tempor incididunt ut labore et dolore magna aliqua. Ut enim ad minim veniam, quis nostrud exercitation ullamco laboris nisi ut aliquip ex ea commodo ', TIMESTAMP '2019-07-24 07:38:36.621', 1, 'Proposal 48 that reached its quorum', 27, 7, NULL),
(192, TIMESTAMP '2019-07-19 07:38:36.645', TIMESTAMP '2019-07-20 07:38:36.645', 'kwoFRGy6 Lorem ipsum dolor sit amet, consectetur adipiscing elit, sed do eiusmod tempor incididunt ut labore et dolore magna aliqua. Ut enim ad minim veniam, quis nostrud exercitation ullamco laboris nisi ut aliquip ex ea commodo consequat. Duis aute irure dolor in reprehenderit in voluptate velit esse cillum dolore eu fugiat nulla pariatur. Ex', TIMESTAMP '2019-07-23 07:38:36.642', 1, 'Proposal 49 that reached its quorum', 24, 20, NULL),
(193, TIMESTAMP '2019-07-15 07:38:36.671', TIMESTAMP '2019-07-24 07:38:36.742', 'Lorem ipsum dolor sit amet, consectetur adipiscing elit, sed do eiusmod tempor incididunt ut labore et dolore magna aliqua. Ut enim ad minim veniam, qui', TIMESTAMP '2019-07-23 07:38:36.668', 1, 'Proposal 0 for user testuser1@liquido.de', 30, 1, NULL);
INSERT INTO PUBLIC.LAWS(ID, CREATED_AT, UPDATED_AT, DESCRIPTION, REACHED_QUORUM_AT, STATUS, TITLE, AREA_ID, CREATED_BY_ID, POLL_ID) VALUES
(199, TIMESTAMP '2019-07-17 07:38:36.807', TIMESTAMP '2019-07-24 07:38:36.838', 'Lorem ipsum dolor sit amet, consectetur adipiscing elit, sed do eiusmod tempor incididunt ut labore et dolore magna aliqua. Ut enim ad minim veniam, quis nostrud exercitation ullamco laboris nisi ut aliquip ex ea commodo consequat. Duis aute irure dolor in reprehenderit in voluptate velit esse cillum dolore eu fugiat nul', TIMESTAMP '2019-07-24 07:38:36.803', 1, 'Proposal 1 for user testuser1@liquido.de', 30, 1, NULL),
(205, TIMESTAMP '2019-07-16 07:38:36.903', TIMESTAMP '2019-07-17 07:38:36.903', 'Lorem ipsum dolor sit amet, consectetur adipiscing elit, sed do eiusmod tempor incididunt ut labore et dolore magna aliqua. Ut enim ad minim veniam, quis nostrud exercitation ullamco laboris nisi ut aliquip ex ea commodo consequat. Duis au', TIMESTAMP '2019-07-21 07:38:36.871', 1, 'Proposal 2 for user testuser1@liquido.de', 28, 1, NULL),
(211, TIMESTAMP '2019-07-20 07:38:36.988', TIMESTAMP '2019-07-24 07:38:37.017', 'Lorem ipsum dolor sit amet, consectetur adipiscing elit, sed do eiusmod tempor incididunt ut labore et dolore magna aliqua. Ut enim ad minim veniam, quis nostrud exercitation ullamco laboris nisi ut aliquip ex ea commodo consequat. Duis aute irure dolor in reprehenderit in voluptate velit esse cillum dolore eu fugiat nulla pariatur. Excepteur sint occaecat cupidatat non proident, sunt i', TIMESTAMP '2019-07-24 07:38:36.985', 1, 'Proposal 3 for user testuser1@liquido.de', 22, 1, NULL),
(216, TIMESTAMP '2019-07-21 07:38:37.046', TIMESTAMP '2019-07-22 07:38:37.046', 'Lorem ipsum dolor sit amet, consectetur adipiscing elit, sed do eiusmod tempor incididunt ut labore et dolore magna aliqua. Ut enim ', TIMESTAMP '2019-07-23 07:38:37.042', 1, 'Proposal 4 for user testuser1@liquido.de', 30, 1, NULL),
(232, TIMESTAMP '2019-07-14 07:38:44.579', TIMESTAMP '2019-07-24 07:38:44.645', 'Lorem ipsum dolor sit amet, consectetur adipiscing elit, sed do eiusmod tempor incididunt ut labore et dolore magna aliqua. Ut enim ad minim veniam, quis nostrud exercitation ullamco laboris nisi ut aliquip ex ea commodo consequat. Duis aute irure dolor in reprehenderit in voluptate velit esse cillum dolore eu fugiat nulla pariatur. Excepteur ', TIMESTAMP '2019-07-17 07:38:44.576', 2, 'Initial Proposal in a poll that is in elaboration 1563946724546', 21, 13, 239),
(240, TIMESTAMP '2019-07-04 07:38:44.669', TIMESTAMP '2019-07-24 07:38:44.708', 'Lorem ipsum dolor sit amet, consectetur adipiscing elit, sed do eiusmod tempor incididunt ut labore et dolore magna aliqua. Ut enim ad minim veniam, quis nostrud exercitation ullamco laboris nisi ut aliquip ex ea commodo consequat. Duis aute irure dolor in reprehenderit in', TIMESTAMP '2019-07-06 07:38:44.667', 2, 'Alternative Proposal1 in a poll that is in elaboration1563946724648', 21, 15, 239),
(248, TIMESTAMP '2019-07-04 07:38:44.806', TIMESTAMP '2019-07-24 07:38:44.867', 'Lorem ipsum dolor sit amet, consectetur adipiscing elit, sed do eiusmod tempor incididunt ut labore et dolore magna aliqua. Ut enim ad minim veniam, quis nostrud exercitation ullamco laboris nisi ut aliquip ex ea commodo consequat. Duis aute irure dolor in reprehenderit in volup', TIMESTAMP '2019-07-06 07:38:44.802', 2, 'Alternative Proposal2 in a poll that is in elaboration1563946724709', 21, 7, 239),
(254, TIMESTAMP '2019-07-04 07:38:44.966', TIMESTAMP '2019-07-24 07:38:45.05', 'Lorem ipsum dolor sit amet, consectetur adipiscing elit, sed do eiusmod tempor incididunt ut labore et dolore magna aliqua. Ut enim ad minim veniam, quis nostrud exercitation ullamco laboris nisi ut aliquip ex ea commodo consequat. Duis aute irure dolor in reprehen', TIMESTAMP '2019-07-06 07:38:44.945', 2, 'Alternative Proposal3 in a poll that is in elaboration1563946724907', 21, 3, 239),
(261, TIMESTAMP '2019-07-04 07:38:45.088', TIMESTAMP '2019-07-24 07:38:45.141', 'Lorem ipsum dolor sit amet, consectetur adipiscing elit, sed do eiusmod tempor incididunt ut labore et dolore magna aliqua. Ut enim ad minim veniam, quis nostrud exercitation ullamco laboris nisi ut al', TIMESTAMP '2019-07-06 07:38:45.083', 2, 'Alternative Proposal4 in a poll that is in elaboration1563946725051', 21, 5, 239);
INSERT INTO PUBLIC.LAWS(ID, CREATED_AT, UPDATED_AT, DESCRIPTION, REACHED_QUORUM_AT, STATUS, TITLE, AREA_ID, CREATED_BY_ID, POLL_ID) VALUES
(268, TIMESTAMP '2019-07-14 07:38:45.161', TIMESTAMP '2019-07-24 07:38:45.616', 'Lorem ipsum dolor sit amet, consectetur adipiscing elit, sed do eiusmod tempor incididunt ut labore et dolore magna aliqua. Ut enim ad minim veniam, quis nostrud exercitation ullamco laboris nisi ut aliquip ex ea commodo consequat. Duis aute irure dolor in rep', TIMESTAMP '2019-07-17 07:38:45.159', 3, 'Proposal 5 in voting phase 1563946725530', 21, 13, 272),
(273, TIMESTAMP '2019-07-04 07:38:45.218', TIMESTAMP '2019-07-24 07:38:45.617', 'Lorem ipsum dolor sit amet, consectetur adipiscing elit, sed do eiusmod tempor incididunt ut labore et dolore magna aliqua. Ut enim ad minim veniam, quis nostrud exercitation ullamco laboris nisi ut aliquip ex ea commodo consequat. Duis aute irure dolor in reprehenderit in voluptate velit esse cillum dolore eu fugiat nulla pariatur. Excepteur sint occaecat cu', TIMESTAMP '2019-07-06 07:38:45.216', 3, 'Proposal 4 in voting phase 1563946725530', 21, 15, 272),
(280, TIMESTAMP '2019-07-04 07:38:45.304', TIMESTAMP '2019-07-24 07:38:45.617', 'Lorem ipsum dolor sit amet, consectetur adipiscing elit, sed do eiusmod tempor incididunt ut labore et dolore magna aliqua. Ut enim ad minim veniam, quis nostrud exercitation ullamco laboris nisi ut aliquip ex ea commodo consequat. Duis aute irure dolor in reprehenderit in vol', TIMESTAMP '2019-07-06 07:38:45.299', 3, 'Proposal 3 in voting phase 1563946725530', 21, 7, 272),
(287, TIMESTAMP '2019-07-04 07:38:45.369', TIMESTAMP '2019-07-24 07:38:45.617', 'Lorem ipsum dolor sit amet, consectetur adipiscing elit, sed do eiusmod tempor incididunt ut labore et dolore magna aliqua. Ut enim ad minim veniam, quis nostrud', TIMESTAMP '2019-07-06 07:38:45.367', 3, 'Proposal 2 in voting phase 1563946725530', 21, 3, 272),
(291, TIMESTAMP '2019-07-04 07:38:45.482', TIMESTAMP '2019-07-24 07:38:45.618', 'Lorem ipsum dolor sit amet, consectetur adipiscing elit, sed do eiusmod tempor incididunt ut labore et dolore magna aliqua. Ut enim ad minim veniam, quis nostrud exercitation ullamco laboris nisi ut aliquip ex ea commodo consequat. Duis aute irure dolor in reprehenderit in voluptate veli', TIMESTAMP '2019-07-06 07:38:45.48', 3, 'Proposal 1 in voting phase 1563946725530', 21, 5, 272),
(298, TIMESTAMP '2019-07-14 07:38:45.665', TIMESTAMP '2019-07-24 07:38:46.143', 'Lorem ipsum dolor sit amet, consectetur adipiscing elit, sed do eiusmod tempor incididunt ut labore et dolore magna aliqua. Ut enim ad minim veniam, quis nostrud exercitation ullamco laboris nisi ut aliquip ex ea commod', TIMESTAMP '2019-07-17 07:38:45.663', 3, 'Proposal 5 in voting phase 1563946726048', 21, 13, 303),
(304, TIMESTAMP '2019-07-04 07:38:45.728', TIMESTAMP '2019-07-24 07:38:46.144', 'Lorem ipsum dolor sit amet, consectetur adipiscing elit, sed do eiusmod tempor incididunt ut labore et dolore magna aliqua. Ut enim ad minim veniam, quis nostrud exercitation ullamco laboris nisi ut aliquip ex ea commodo consequat. Duis aute irure dolor in rep', TIMESTAMP '2019-07-06 07:38:45.727', 3, 'Proposal 4 in voting phase 1563946726048', 21, 15, 303),
(311, TIMESTAMP '2019-07-04 07:38:45.797', TIMESTAMP '2019-07-24 07:38:46.144', 'Lorem ipsum dolor sit amet, consectetur adipiscing elit, sed do eiusmod tempor incididunt ut labore et dolore magna aliqua. Ut enim ad minim veniam, quis nostrud exercitation ullamco la', TIMESTAMP '2019-07-06 07:38:45.795', 3, 'Proposal 3 in voting phase 1563946726048', 21, 7, 303),
(318, TIMESTAMP '2019-07-04 07:38:45.883', TIMESTAMP '2019-07-24 07:38:46.145', 'Lorem ipsum dolor sit amet, consectetur adipiscing elit, sed do eiusmod tempor incididunt ut labore et dolore magna aliqua. Ut enim ad minim veniam, quis nostrud exercitation ullamco laboris nisi ut aliquip ex ea commodo consequat. Duis aute irure dolor in reprehenderit in voluptate velit esse cillum dolor', TIMESTAMP '2019-07-06 07:38:45.881', 3, 'Proposal 2 in voting phase 1563946726048', 21, 3, 303),
(324, TIMESTAMP '2019-07-04 07:38:45.997', TIMESTAMP '2019-07-24 07:38:46.145', 'Lorem ipsum dolor sit amet, consectetur adipiscing elit, sed do eiusmod tempor incididunt ut labore et dolore magna aliqua. Ut enim ad minim veniam, quis nostrud exercitation ullamco ', TIMESTAMP '2019-07-06 07:38:45.994', 3, 'Proposal 1 in voting phase 1563946726048', 21, 5, 303);
INSERT INTO PUBLIC.LAWS(ID, CREATED_AT, UPDATED_AT, DESCRIPTION, REACHED_QUORUM_AT, STATUS, TITLE, AREA_ID, CREATED_BY_ID, POLL_ID) VALUES
(348, TIMESTAMP '2019-07-14 07:38:53.521', TIMESTAMP '2019-07-24 07:38:59.769', 'Lorem ipsum dolor sit amet, consectetur adipiscing elit, sed do eiusmod tempor incididunt ut labore et dolore magna aliqua. Ut enim ad minim veniam, quis nostrud exercitation ullamco laboris nisi ut aliquip ex ea commodo consequat. Duis aute irure dolor in reprehenderit in voluptate velit esse cillum dolore eu fugiat nulla pariatur. Excepteur sint occaecat cupidatat non proident, sunt', TIMESTAMP '2019-07-17 07:38:53.517', 5, 'Proposal 5 in voting phase 1563946733949', 21, 13, 356),
(357, TIMESTAMP '2019-07-04 07:38:53.565', TIMESTAMP '2019-07-24 07:38:59.77', 'Lorem ipsum dolor sit amet, consectetur adipiscing elit, sed do eiusmod tempor incididunt ut labore et dolore magna aliqua. Ut enim ad minim veniam, quis nostrud exerci', TIMESTAMP '2019-07-06 07:38:53.563', 5, 'Proposal 4 in voting phase 1563946733949', 21, 15, 356),
(365, TIMESTAMP '2019-07-04 07:38:53.64', TIMESTAMP '2019-07-24 07:38:59.771', 'Lorem ipsum dolor sit amet, consectetur adipiscing elit, sed do eiusmod tempor incididunt ut labore et dolore magna aliqua. Ut enim ad minim veniam, quis nostrud exercitation ullamco laboris nisi ut aliquip ex ea commodo conseq', TIMESTAMP '2019-07-06 07:38:53.638', 5, 'Proposal 3 in voting phase 1563946733949', 21, 7, 356),
(372, TIMESTAMP '2019-07-04 07:38:53.817', TIMESTAMP '2019-07-24 07:38:59.773', 'Lorem ipsum dolor sit amet, consectetur adipiscing elit, sed do eiusmod tempor incididunt ut labore et dolore magna aliqua. Ut enim ad minim veniam, quis nostrud exercitation ullamco laboris nisi ut aliquip ex', TIMESTAMP '2019-07-06 07:38:53.812', 5, 'Proposal 2 in voting phase 1563946733949', 21, 3, 356),
(380, TIMESTAMP '2019-07-04 07:38:53.894', TIMESTAMP '2019-07-24 07:38:59.774', 'Lorem ipsum dolor sit amet, consectetur adipiscing elit, sed do eiusmod tempor incididunt ut labore et dolore magna aliqua. Ut enim ad minim veniam, quis nostrud exercitation ullamco laboris nisi ut aliquip ex ea commodo consequat. Dui', TIMESTAMP '2019-07-06 07:38:53.891', 4, 'Proposal 1 in voting phase 1563946733949', 21, 5, 356),
(404, TIMESTAMP '2019-07-04 07:38:59.922', TIMESTAMP '2019-07-24 07:38:59.922', 'Lorem ipsum dolor sit amet, consectetur adipiscing elit, sed do eiusmod tempor incididunt ut labore et dolore magna aliqua. Ut enim ad minim v', TIMESTAMP '2019-06-30 07:38:59.915', 4, 'Law 0', 21, 1, NULL),
(405, TIMESTAMP '2019-07-03 07:38:59.982', TIMESTAMP '2019-07-24 07:38:59.982', 'Lorem ipsum dolor sit amet, consectetur adipiscing elit, sed do eiusmod tempor incididunt ut labore et dolore magna aliqua. Ut enim ad minim veniam, quis nostrud exercitation ullamco laboris nisi ut ali', TIMESTAMP '2019-06-30 07:38:59.979', 4, 'Law 1', 21, 1, NULL);
CREATE MEMORY TABLE PUBLIC.LAWS_COMMENTS(
LAW_MODEL_ID BIGINT NOT NULL,
COMMENTS_ID BIGINT NOT NULL
);
ALTER TABLE PUBLIC.LAWS_COMMENTS ADD CONSTRAINT PUBLIC.CONSTRAINT_A0 PRIMARY KEY(LAW_MODEL_ID, COMMENTS_ID);
-- 25 +/- SELECT COUNT(*) FROM PUBLIC.LAWS_COMMENTS;
INSERT INTO PUBLIC.LAWS_COMMENTS(LAW_MODEL_ID, COMMENTS_ID) VALUES
(193, 194),
(199, 200),
(205, 206),
(211, 212),
(216, 217),
(232, 233),
(240, 241),
(248, 249),
(254, 255),
(261, 262),
(268, 269),
(273, 274),
(280, 281),
(287, 288),
(291, 292),
(298, 299),
(304, 305),
(311, 312),
(318, 319),
(324, 325),
(348, 349),
(357, 358),
(365, 366),
(372, 373),
(380, 381);
CREATE MEMORY TABLE PUBLIC.LAWS_SUPPORTERS(
LAW_MODEL_ID BIGINT NOT NULL,
SUPPORTERS_ID BIGINT NOT NULL
);
ALTER TABLE PUBLIC.LAWS_SUPPORTERS ADD CONSTRAINT PUBLIC.CONSTRAINT_C PRIMARY KEY(LAW_MODEL_ID, SUPPORTERS_ID);
-- 1204 +/- SELECT COUNT(*) FROM PUBLIC.LAWS_SUPPORTERS;
INSERT INTO PUBLIC.LAWS_SUPPORTERS(LAW_MODEL_ID, SUPPORTERS_ID) VALUES
(36, 13),
(36, 4),
(36, 15),
(36, 17),
(36, 6),
(36, 20),
(36, 5),
(36, 16),
(37, 14),
(37, 5),
(37, 11),
(37, 15),
(37, 7),
(37, 20),
(38, 11),
(40, 11),
(40, 4),
(40, 19),
(40, 10),
(40, 18),
(40, 7),
(40, 3),
(40, 9),
(41, 2),
(41, 14),
(41, 3),
(41, 5),
(41, 19),
(41, 12),
(41, 17),
(42, 4),
(43, 1),
(43, 17),
(43, 12),
(43, 20),
(44, 11),
(44, 10),
(44, 17),
(44, 6),
(45, 15),
(45, 10),
(45, 20),
(45, 19),
(45, 9),
(45, 14),
(47, 7),
(47, 8),
(47, 16),
(47, 4),
(47, 18),
(47, 19),
(47, 15),
(48, 16),
(48, 14),
(48, 8),
(48, 17),
(48, 9),
(49, 11),
(49, 1),
(49, 9),
(50, 5),
(50, 14),
(50, 20),
(50, 7),
(50, 8),
(52, 7),
(52, 12),
(52, 17),
(53, 7),
(53, 4),
(53, 5),
(54, 9),
(54, 15),
(54, 6),
(54, 3),
(54, 8),
(54, 11),
(55, 13),
(55, 12),
(55, 4),
(55, 19),
(56, 15),
(56, 9),
(57, 4),
(58, 13),
(58, 15),
(60, 15),
(61, 18),
(61, 14),
(62, 12),
(62, 2),
(62, 19),
(62, 7),
(62, 1),
(62, 5),
(62, 10),
(62, 20),
(63, 8),
(65, 13),
(66, 2),
(66, 19),
(66, 20),
(67, 20),
(67, 10),
(67, 13),
(67, 11),
(67, 2),
(67, 18),
(67, 19),
(68, 12),
(68, 16),
(69, 14),
(69, 17),
(69, 11),
(69, 4),
(69, 2),
(69, 8),
(69, 1),
(69, 19),
(71, 8),
(71, 11),
(71, 7),
(71, 17),
(71, 19),
(71, 20),
(73, 20),
(73, 6),
(73, 2),
(73, 8),
(73, 18),
(73, 14),
(74, 15),
(74, 12),
(74, 11),
(74, 17),
(74, 4),
(75, 17),
(75, 18),
(75, 2),
(75, 12),
(75, 11),
(75, 14),
(75, 16),
(75, 3),
(77, 15),
(77, 2),
(77, 17),
(77, 18),
(77, 19),
(77, 5),
(77, 7),
(79, 17),
(81, 5),
(82, 3),
(82, 18),
(82, 17),
(82, 7),
(82, 5),
(83, 5),
(83, 16),
(83, 17),
(83, 1),
(84, 1),
(85, 17),
(85, 14),
(85, 8),
(85, 2),
(85, 4),
(85, 5),
(86, 20),
(86, 2),
(86, 19),
(86, 4),
(86, 7),
(88, 16),
(89, 4),
(89, 6),
(89, 19),
(89, 15),
(89, 9),
(89, 13),
(90, 18),
(90, 1),
(90, 3),
(90, 13),
(90, 8),
(90, 17),
(90, 19),
(90, 12),
(91, 4),
(91, 2),
(91, 15),
(92, 2),
(92, 11),
(92, 20),
(92, 3),
(92, 8),
(92, 7),
(92, 13),
(93, 16),
(93, 18),
(93, 15),
(93, 12),
(93, 20),
(93, 4),
(93, 2),
(94, 12),
(94, 11),
(95, 20),
(95, 12),
(95, 4),
(95, 3),
(95, 9),
(95, 2),
(95, 18),
(95, 5),
(96, 19),
(96, 8),
(96, 10),
(96, 17),
(97, 17),
(98, 8),
(98, 17),
(98, 9),
(98, 20),
(98, 5),
(98, 3),
(98, 16),
(98, 6),
(99, 17),
(99, 19),
(99, 11),
(99, 5),
(99, 15),
(100, 7),
(100, 1),
(100, 16),
(100, 19),
(100, 8),
(100, 17),
(100, 10),
(101, 16),
(101, 3),
(102, 10),
(102, 17),
(103, 10),
(103, 9),
(103, 14),
(103, 19),
(104, 8),
(104, 4),
(105, 13),
(105, 1),
(105, 2),
(105, 14),
(105, 20),
(105, 7),
(105, 5),
(105, 3),
(106, 20),
(106, 9),
(106, 15),
(106, 19),
(107, 13),
(107, 19),
(107, 8),
(107, 11),
(107, 2),
(110, 19),
(110, 5),
(110, 9),
(110, 6),
(110, 18),
(110, 1),
(110, 10),
(110, 8),
(112, 15),
(112, 13),
(112, 3),
(112, 10),
(112, 16),
(112, 5),
(112, 11),
(112, 17),
(113, 2),
(113, 15),
(113, 11),
(113, 5),
(113, 10),
(114, 20),
(114, 10),
(115, 11),
(115, 12),
(115, 6),
(115, 15),
(116, 11),
(117, 16),
(117, 7),
(117, 18),
(117, 1),
(117, 11),
(117, 8),
(118, 14),
(118, 7),
(118, 3),
(118, 16),
(118, 5),
(119, 13),
(119, 3),
(120, 8),
(120, 15),
(120, 18),
(120, 12),
(120, 5),
(121, 12),
(121, 9),
(121, 10),
(121, 16),
(121, 20),
(121, 15),
(122, 12),
(122, 20),
(122, 3),
(122, 18),
(122, 16),
(122, 13),
(122, 15),
(122, 11),
(123, 5),
(123, 4),
(123, 9),
(123, 6),
(123, 14),
(123, 2),
(123, 13),
(124, 16),
(124, 10),
(124, 8),
(124, 2),
(125, 19),
(125, 18),
(125, 17),
(125, 4),
(125, 8),
(126, 4),
(126, 9),
(126, 7),
(126, 2),
(126, 6),
(126, 1),
(126, 16),
(127, 10),
(127, 17),
(127, 13),
(128, 3),
(128, 18),
(128, 2),
(128, 6),
(128, 20),
(128, 4),
(128, 17),
(129, 6),
(129, 10),
(129, 4),
(129, 15),
(131, 13),
(131, 5),
(131, 6),
(131, 10),
(131, 3),
(131, 7),
(132, 9),
(132, 15),
(133, 12),
(134, 9),
(134, 2),
(134, 1),
(134, 3),
(134, 19),
(134, 8),
(134, 12),
(134, 10),
(135, 19),
(135, 18),
(135, 12),
(135, 3),
(135, 14),
(136, 10),
(136, 8),
(136, 19),
(137, 16),
(137, 1),
(137, 8),
(137, 3),
(137, 17),
(137, 10),
(137, 12),
(138, 2),
(138, 14),
(139, 6),
(139, 8),
(139, 4),
(139, 12),
(139, 14);
INSERT INTO PUBLIC.LAWS_SUPPORTERS(LAW_MODEL_ID, SUPPORTERS_ID) VALUES
(139, 7),
(139, 19),
(140, 6),
(140, 9),
(140, 15),
(141, 10),
(141, 17),
(141, 3),
(142, 16),
(142, 10),
(142, 14),
(142, 2),
(142, 9),
(142, 19),
(142, 18),
(143, 3),
(143, 20),
(143, 16),
(143, 8),
(143, 9),
(143, 10),
(143, 11),
(143, 2),
(143, 5),
(143, 13),
(144, 16),
(144, 3),
(144, 15),
(144, 14),
(144, 17),
(144, 2),
(144, 10),
(144, 11),
(144, 18),
(144, 19),
(145, 19),
(145, 3),
(145, 15),
(145, 17),
(145, 12),
(145, 18),
(145, 5),
(145, 8),
(145, 20),
(145, 1),
(146, 7),
(146, 12),
(146, 5),
(146, 6),
(146, 4),
(146, 15),
(146, 13),
(146, 8),
(146, 18),
(146, 3),
(147, 20),
(147, 13),
(147, 9),
(147, 7),
(147, 5),
(147, 6),
(147, 12),
(147, 18),
(147, 2),
(147, 3),
(148, 6),
(148, 9),
(148, 5),
(148, 2),
(148, 7),
(148, 4),
(148, 3),
(148, 17),
(148, 8),
(148, 12),
(149, 11),
(149, 4),
(149, 6),
(149, 5),
(149, 15),
(149, 2),
(149, 13),
(149, 19),
(149, 8),
(149, 16),
(150, 11),
(150, 12),
(150, 19),
(150, 16),
(150, 9),
(150, 7),
(150, 15),
(150, 3),
(150, 10),
(150, 8),
(151, 11),
(151, 9),
(151, 4),
(151, 13),
(151, 7),
(151, 6),
(151, 18),
(151, 10),
(151, 3),
(151, 16),
(152, 12),
(152, 20),
(152, 17),
(152, 8),
(152, 18),
(152, 3),
(152, 7),
(152, 13),
(152, 14),
(152, 10),
(153, 14),
(153, 16),
(153, 17),
(153, 4),
(153, 20),
(153, 13),
(153, 8),
(153, 1),
(153, 3),
(153, 7),
(154, 13),
(154, 16),
(154, 4),
(154, 7),
(154, 8),
(154, 9),
(154, 6),
(154, 19),
(154, 18),
(154, 1),
(155, 3),
(155, 14),
(155, 16),
(155, 18),
(155, 1),
(155, 17),
(155, 2),
(155, 13),
(155, 8),
(155, 5),
(156, 16),
(156, 7),
(156, 3),
(156, 10),
(156, 14),
(156, 12),
(156, 20),
(156, 11),
(156, 17),
(156, 9),
(157, 3),
(157, 16),
(157, 10),
(157, 2),
(157, 8),
(157, 9),
(157, 17),
(157, 7),
(157, 18),
(157, 20),
(158, 9),
(158, 15),
(158, 1),
(158, 6),
(158, 16),
(158, 19),
(158, 4),
(158, 18),
(158, 11),
(158, 17),
(159, 13),
(159, 4),
(159, 1),
(159, 11),
(159, 9),
(159, 2),
(159, 20),
(159, 3),
(159, 14),
(159, 16),
(160, 3),
(160, 6),
(160, 9),
(160, 13),
(160, 5),
(160, 4),
(160, 14),
(160, 11),
(160, 16),
(160, 19),
(161, 10),
(161, 17),
(161, 1),
(161, 6),
(161, 8),
(161, 13),
(161, 2),
(161, 9),
(161, 19),
(161, 11),
(162, 19),
(162, 5),
(162, 20),
(162, 9),
(162, 12),
(162, 17),
(162, 15),
(162, 13),
(162, 7),
(162, 18),
(163, 17),
(163, 9),
(163, 2),
(163, 1),
(163, 15),
(163, 11),
(163, 14),
(163, 8),
(163, 10),
(163, 16),
(164, 16),
(164, 17),
(164, 15),
(164, 1),
(164, 14),
(164, 4),
(164, 9),
(164, 12),
(164, 6),
(164, 7),
(165, 7),
(165, 14),
(165, 19),
(165, 9),
(165, 17),
(165, 20),
(165, 6),
(165, 18),
(165, 12),
(165, 16),
(166, 16),
(166, 1),
(166, 20),
(166, 3),
(166, 17),
(166, 18),
(166, 9),
(166, 15),
(166, 11),
(166, 14),
(167, 15),
(167, 5),
(167, 10),
(167, 6),
(167, 4),
(167, 11),
(167, 12),
(167, 8),
(167, 3),
(167, 1),
(168, 19),
(168, 14),
(168, 4),
(168, 9),
(168, 12),
(168, 11),
(168, 18),
(168, 16),
(168, 3),
(168, 7),
(169, 15),
(169, 9),
(169, 7),
(169, 3),
(169, 5),
(169, 16),
(169, 1),
(169, 8),
(169, 17),
(169, 12),
(170, 1),
(170, 20),
(170, 3),
(170, 18),
(170, 6),
(170, 8),
(170, 4),
(170, 13),
(170, 19),
(170, 17),
(171, 9),
(171, 11),
(171, 14),
(171, 20),
(171, 10),
(171, 18),
(171, 12),
(171, 13),
(171, 19),
(171, 16),
(172, 9),
(172, 6),
(172, 4),
(172, 11),
(172, 19),
(172, 2),
(172, 10),
(172, 16),
(172, 7),
(172, 18),
(173, 12),
(173, 19),
(173, 15),
(173, 20),
(173, 3),
(173, 17),
(173, 4),
(173, 7),
(173, 16),
(173, 1),
(174, 3),
(174, 10),
(174, 17),
(174, 5),
(174, 15),
(174, 7),
(174, 8),
(174, 14),
(174, 19),
(174, 2),
(175, 14),
(175, 9),
(175, 18),
(175, 16),
(175, 17),
(175, 19),
(175, 6),
(175, 12),
(175, 3),
(175, 5),
(176, 17),
(176, 9),
(176, 15),
(176, 19),
(176, 1),
(176, 13),
(176, 10),
(176, 12),
(176, 7),
(176, 2),
(177, 8),
(177, 1),
(177, 11),
(177, 2),
(177, 6),
(177, 16),
(177, 7),
(177, 17),
(177, 4),
(177, 9),
(178, 17),
(178, 8),
(178, 10),
(178, 4),
(178, 11),
(178, 7),
(178, 19),
(178, 6),
(178, 3),
(178, 2),
(179, 2),
(179, 16),
(179, 6),
(179, 11),
(179, 7),
(179, 8),
(179, 20),
(179, 17);
INSERT INTO PUBLIC.LAWS_SUPPORTERS(LAW_MODEL_ID, SUPPORTERS_ID) VALUES
(179, 9),
(179, 12),
(180, 17),
(180, 12),
(180, 20),
(180, 16),
(180, 8),
(180, 15),
(180, 6),
(180, 4),
(180, 14),
(180, 3),
(181, 4),
(181, 15),
(181, 13),
(181, 17),
(181, 20),
(181, 5),
(181, 7),
(181, 18),
(181, 9),
(181, 2),
(182, 3),
(182, 4),
(182, 10),
(182, 1),
(182, 11),
(182, 19),
(182, 13),
(182, 5),
(182, 16),
(182, 18),
(183, 20),
(183, 17),
(183, 4),
(183, 7),
(183, 15),
(183, 6),
(183, 5),
(183, 1),
(183, 12),
(183, 2),
(184, 16),
(184, 11),
(184, 20),
(184, 17),
(184, 14),
(184, 4),
(184, 2),
(184, 1),
(184, 12),
(184, 19),
(185, 10),
(185, 15),
(185, 13),
(185, 12),
(185, 17),
(185, 20),
(185, 14),
(185, 18),
(185, 7),
(185, 1),
(186, 10),
(186, 6),
(186, 12),
(186, 7),
(186, 11),
(186, 9),
(186, 17),
(186, 4),
(186, 8),
(186, 16),
(187, 9),
(187, 6),
(187, 12),
(187, 20),
(187, 3),
(187, 10),
(187, 4),
(187, 15),
(187, 5),
(187, 13),
(188, 19),
(188, 16),
(188, 12),
(188, 3),
(188, 8),
(188, 20),
(188, 5),
(188, 18),
(188, 4),
(188, 14),
(189, 13),
(189, 8),
(189, 18),
(189, 19),
(189, 10),
(189, 12),
(189, 9),
(189, 6),
(189, 4),
(189, 2),
(190, 13),
(190, 5),
(190, 19),
(190, 11),
(190, 6),
(190, 8),
(190, 18),
(190, 1),
(190, 14),
(190, 4),
(191, 17),
(191, 6),
(191, 11),
(191, 3),
(191, 5),
(191, 19),
(191, 14),
(191, 18),
(191, 16),
(191, 10),
(192, 16),
(192, 11),
(192, 17),
(192, 4),
(192, 6),
(192, 1),
(192, 18),
(192, 12),
(192, 2),
(192, 9),
(193, 8),
(193, 9),
(193, 6),
(193, 16),
(193, 2),
(193, 20),
(193, 14),
(193, 17),
(193, 11),
(193, 4),
(199, 4),
(199, 15),
(199, 2),
(199, 20),
(199, 10),
(199, 18),
(199, 16),
(199, 7),
(199, 5),
(199, 6),
(205, 17),
(205, 13),
(205, 2),
(205, 16),
(205, 12),
(205, 14),
(205, 18),
(205, 7),
(205, 10),
(205, 5),
(211, 15),
(211, 19),
(211, 20),
(211, 18),
(211, 10),
(211, 5),
(211, 3),
(211, 8),
(211, 12),
(211, 14),
(216, 10),
(216, 18),
(216, 7),
(216, 16),
(216, 14),
(216, 17),
(216, 15),
(216, 5),
(216, 2),
(216, 12),
(232, 6),
(232, 3),
(232, 7),
(232, 20),
(232, 4),
(232, 10),
(232, 11),
(232, 17),
(232, 9),
(232, 16),
(240, 4),
(240, 18),
(240, 11),
(240, 17),
(240, 16),
(240, 13),
(240, 10),
(240, 19),
(240, 3),
(240, 12),
(248, 9),
(248, 4),
(248, 1),
(248, 5),
(248, 20),
(248, 15),
(248, 19),
(248, 11),
(248, 3),
(248, 6),
(254, 11),
(254, 12),
(254, 4),
(254, 20),
(254, 2),
(254, 18),
(254, 10),
(254, 7),
(254, 5),
(254, 16),
(261, 13),
(261, 7),
(261, 3),
(261, 18),
(261, 14),
(261, 17),
(261, 8),
(261, 16),
(261, 12),
(261, 4),
(268, 16),
(268, 10),
(268, 6),
(268, 2),
(268, 9),
(268, 11),
(268, 8),
(268, 17),
(268, 1),
(268, 5),
(273, 14),
(273, 4),
(273, 10),
(273, 1),
(273, 13),
(273, 7),
(273, 12),
(273, 11),
(273, 8),
(273, 16),
(280, 11),
(280, 3),
(280, 14),
(280, 6),
(280, 17),
(280, 4),
(280, 18),
(280, 10),
(280, 15),
(280, 9),
(287, 18),
(287, 17),
(287, 19),
(287, 20),
(287, 6),
(287, 11),
(287, 5),
(287, 4),
(287, 1),
(287, 15),
(291, 7),
(291, 4),
(291, 6),
(291, 10),
(291, 12),
(291, 14),
(291, 18),
(291, 1),
(291, 13),
(291, 19),
(298, 12),
(298, 3),
(298, 11),
(298, 15),
(298, 14),
(298, 2),
(298, 9),
(298, 18),
(298, 19),
(298, 5),
(304, 14),
(304, 2),
(304, 11),
(304, 8),
(304, 3),
(304, 19),
(304, 1),
(304, 20),
(304, 17),
(304, 6),
(311, 5),
(311, 10),
(311, 6),
(311, 11),
(311, 13),
(311, 8),
(311, 15),
(311, 14),
(311, 12),
(311, 3),
(318, 7),
(318, 4),
(318, 6),
(318, 14),
(318, 16),
(318, 20),
(318, 1),
(318, 18),
(318, 15),
(318, 5),
(324, 12),
(324, 2),
(324, 18),
(324, 15),
(324, 1),
(324, 13),
(324, 7),
(324, 16),
(324, 19),
(324, 8),
(348, 4),
(348, 18),
(348, 7),
(348, 10),
(348, 16),
(348, 14),
(348, 1),
(348, 2),
(348, 5),
(348, 11),
(357, 18),
(357, 14),
(357, 11),
(357, 12),
(357, 20),
(357, 4),
(357, 2),
(357, 3),
(357, 16),
(357, 6),
(365, 14),
(365, 18),
(365, 8),
(365, 20),
(365, 16),
(365, 15),
(365, 1),
(365, 12),
(365, 5),
(365, 10),
(372, 16),
(372, 17),
(372, 4),
(372, 5),
(372, 10),
(372, 20),
(372, 2),
(372, 18),
(372, 13),
(372, 9),
(380, 2),
(380, 18),
(380, 19),
(380, 10),
(380, 6),
(380, 4),
(380, 1),
(380, 14),
(380, 3);
INSERT INTO PUBLIC.LAWS_SUPPORTERS(LAW_MODEL_ID, SUPPORTERS_ID) VALUES
(380, 12),
(404, 17),
(404, 14),
(404, 15),
(404, 2),
(404, 20),
(404, 16),
(404, 18),
(404, 9),
(404, 11),
(404, 13),
(404, 6),
(404, 19),
(404, 3),
(404, 4),
(404, 5),
(404, 10),
(404, 7),
(404, 12),
(404, 8),
(405, 10),
(405, 9),
(405, 7),
(405, 16),
(405, 15),
(405, 11),
(405, 3),
(405, 20),
(405, 2),
(405, 13),
(405, 12),
(405, 17),
(405, 19),
(405, 5),
(405, 18),
(405, 6);
CREATE MEMORY TABLE PUBLIC.ONE_TIME_TOKEN(
ID BIGINT NOT NULL,
CREATED_AT TIMESTAMP NOT NULL,
UPDATED_AT TIMESTAMP NOT NULL,
TOKEN VARCHAR(255) NOT NULL,
TOKEN_TYPE INTEGER NOT NULL,
VALID_UNTIL TIMESTAMP NOT NULL,
USER_ID BIGINT NOT NULL
);
ALTER TABLE PUBLIC.ONE_TIME_TOKEN ADD CONSTRAINT PUBLIC.CONSTRAINT_4 PRIMARY KEY(ID);
-- 0 +/- SELECT COUNT(*) FROM PUBLIC.ONE_TIME_TOKEN;
CREATE MEMORY TABLE PUBLIC.POLLS(
ID BIGINT NOT NULL,
CREATED_AT TIMESTAMP NOT NULL,
UPDATED_AT TIMESTAMP NOT NULL,
DUEL_MATRIX VARCHAR(255),
STATUS INTEGER,
TITLE VARCHAR(255),
VOTING_END_AT TIMESTAMP,
VOTING_START_AT TIMESTAMP,
WINNER_ID BIGINT
);
ALTER TABLE PUBLIC.POLLS ADD CONSTRAINT PUBLIC.CONSTRAINT_48 PRIMARY KEY(ID);
-- 4 +/- SELECT COUNT(*) FROM PUBLIC.POLLS;
INSERT INTO PUBLIC.POLLS(ID, CREATED_AT, UPDATED_AT, DUEL_MATRIX, STATUS, TITLE, VOTING_END_AT, VOTING_START_AT, WINNER_ID) VALUES
(239, TIMESTAMP '2019-07-17 07:38:45.141', TIMESTAMP '2019-07-17 07:38:45.141', '', 0, NULL, TIMESTAMP '2019-08-21 00:00:00', TIMESTAMP '2019-08-07 00:00:00', NULL),
(272, TIMESTAMP '2019-07-09 07:38:45.559', TIMESTAMP '2019-07-24 07:38:45.616', '', 1, NULL, TIMESTAMP '2019-08-06 00:00:00', TIMESTAMP '2019-07-23 07:38:45.598', NULL),
(303, TIMESTAMP '2019-07-09 07:38:46.074', TIMESTAMP '2019-07-24 07:38:53.499', '[]', 1, NULL, TIMESTAMP '2019-08-06 00:00:00', TIMESTAMP '2019-07-23 07:38:46.123', NULL),
(356, TIMESTAMP '2019-06-21 07:38:54.03', TIMESTAMP '2019-07-24 07:38:59.768', '[[0,8,9,8,11],[6,0,12,10,10],[5,4,0,7,9],[7,6,8,0,11],[4,6,5,4,0]]', 2, NULL, TIMESTAMP '2019-07-24 07:38:59.71', TIMESTAMP '2019-07-05 07:38:54.013', 380);
CREATE MEMORY TABLE PUBLIC.USERS(
ID BIGINT NOT NULL,
CREATED_AT TIMESTAMP NOT NULL,
UPDATED_AT TIMESTAMP NOT NULL,
EMAIL VARCHAR(255) NOT NULL,
LAST_LOGIN TIMESTAMP,
MOBILEPHONE VARCHAR(255),
NAME VARCHAR(255),
PICTURE VARCHAR(255),
WEBSITE VARCHAR(255)
);
ALTER TABLE PUBLIC.USERS ADD CONSTRAINT PUBLIC.CONSTRAINT_4D PRIMARY KEY(ID);
-- 20 +/- SELECT COUNT(*) FROM PUBLIC.USERS;
INSERT INTO PUBLIC.USERS(ID, CREATED_AT, UPDATED_AT, EMAIL, LAST_LOGIN, MOBILEPHONE, NAME, PICTURE, WEBSITE) VALUES
(1, TIMESTAMP '2019-07-24 07:38:29.457', TIMESTAMP '2019-07-24 07:38:29.457', 'testuser1@liquido.de', NULL, '+49123451', 'Donald Duck', '/static/img/photos/1.png', 'http://www.liquido.de'),
(2, TIMESTAMP '2019-07-24 07:38:29.601', TIMESTAMP '2019-07-24 07:38:29.601', 'testuser2@liquido.de', NULL, '+49123452', 'Test User2', '/static/img/photos/2.png', 'http://www.liquido.de'),
(3, TIMESTAMP '2019-07-24 07:38:29.608', TIMESTAMP '2019-07-24 07:38:29.608', 'testuser3@liquido.de', NULL, '+49123453', 'Test User3', '/static/img/photos/3.png', 'http://www.liquido.de'),
(4, TIMESTAMP '2019-07-24 07:38:29.619', TIMESTAMP '2019-07-24 07:38:29.619', 'testuser4@liquido.de', NULL, '+49123454', 'Test User4', '/static/img/photos/1.png', 'http://www.liquido.de'),
(5, TIMESTAMP '2019-07-24 07:38:29.627', TIMESTAMP '2019-07-24 07:38:29.627', 'testuser5@liquido.de', NULL, '+49123455', 'Test User5', '/static/img/photos/2.png', 'http://www.liquido.de'),
(6, TIMESTAMP '2019-07-24 07:38:29.634', TIMESTAMP '2019-07-24 07:38:29.634', 'testuser6@liquido.de', NULL, '+49123456', 'Test User6', '/static/img/photos/3.png', 'http://www.liquido.de'),
(7, TIMESTAMP '2019-07-24 07:38:29.64', TIMESTAMP '2019-07-24 07:38:29.64', 'testuser7@liquido.de', NULL, '+49123457', 'Test User7', '/static/img/photos/1.png', 'http://www.liquido.de'),
(8, TIMESTAMP '2019-07-24 07:38:29.654', TIMESTAMP '2019-07-24 07:38:29.654', 'testuser8@liquido.de', NULL, '+49123458', 'Test User8', '/static/img/photos/2.png', 'http://www.liquido.de'),
(9, TIMESTAMP '2019-07-24 07:38:29.665', TIMESTAMP '2019-07-24 07:38:29.665', 'testuser9@liquido.de', NULL, '+49123459', 'Test User9', '/static/img/photos/3.png', 'http://www.liquido.de'),
(10, TIMESTAMP '2019-07-24 07:38:29.674', TIMESTAMP '2019-07-24 07:38:29.674', 'testuser10@liquido.de', NULL, '+491234510', 'Test User10', '/static/img/photos/1.png', 'http://www.liquido.de'),
(11, TIMESTAMP '2019-07-24 07:38:29.685', TIMESTAMP '2019-07-24 07:38:29.685', 'testuser11@liquido.de', NULL, '+491234511', 'Test User11', '/static/img/photos/2.png', 'http://www.liquido.de'),
(12, TIMESTAMP '2019-07-24 07:38:29.702', TIMESTAMP '2019-07-24 07:38:29.702', 'testuser12@liquido.de', NULL, '+491234512', 'Test User12', '/static/img/photos/3.png', 'http://www.liquido.de'),
(13, TIMESTAMP '2019-07-24 07:38:29.72', TIMESTAMP '2019-07-24 07:38:29.72', 'testuser13@liquido.de', NULL, '+491234513', 'Test User13', '/static/img/photos/1.png', 'http://www.liquido.de'),
(14, TIMESTAMP '2019-07-24 07:38:29.732', TIMESTAMP '2019-07-24 07:38:29.732', 'testuser14@liquido.de', NULL, '+491234514', 'Test User14', '/static/img/photos/2.png', 'http://www.liquido.de'),
(15, TIMESTAMP '2019-07-24 07:38:29.741', TIMESTAMP '2019-07-24 07:38:29.741', 'testuser15@liquido.de', NULL, '+491234515', 'Test User15', '/static/img/photos/3.png', 'http://www.liquido.de'),
(16, TIMESTAMP '2019-07-24 07:38:29.753', TIMESTAMP '2019-07-24 07:38:29.753', 'testuser16@liquido.de', NULL, '+491234516', 'Test User16', '/static/img/photos/1.png', 'http://www.liquido.de'),
(17, TIMESTAMP '2019-07-24 07:38:29.758', TIMESTAMP '2019-07-24 07:38:29.758', 'testuser17@liquido.de', NULL, '+491234517', 'Test User17', '/static/img/photos/2.png', 'http://www.liquido.de'),
(18, TIMESTAMP '2019-07-24 07:38:29.768', TIMESTAMP '2019-07-24 07:38:29.768', 'testuser18@liquido.de', NULL, '+491234518', 'Test User18', '/static/img/photos/3.png', 'http://www.liquido.de'),
(19, TIMESTAMP '2019-07-24 07:38:29.779', TIMESTAMP '2019-07-24 07:38:29.779', 'testuser19@liquido.de', NULL, '+491234519', 'Test User19', '/static/img/photos/1.png', 'http://www.liquido.de'),
(20, TIMESTAMP '2019-07-24 07:38:29.787', TIMESTAMP '2019-07-24 07:38:29.787', 'testuser20@liquido.de', NULL, '+491234520', 'Test User20', '/static/img/photos/2.png', 'http://www.liquido.de');
-- 0 +/- SELECT COUNT(*) FROM PUBLIC.QRTZ_CALENDARS;
-- 0 +/- SELECT COUNT(*) FROM PUBLIC.QRTZ_CRON_TRIGGERS;
-- 0 +/- SELECT COUNT(*) FROM PUBLIC.QRTZ_FIRED_TRIGGERS;
-- 0 +/- SELECT COUNT(*) FROM PUBLIC.QRTZ_PAUSED_TRIGGER_GRPS;
-- 0 +/- SELECT COUNT(*) FROM PUBLIC.QRTZ_SCHEDULER_STATE;
-- 0 +/- SELECT COUNT(*) FROM PUBLIC.QRTZ_LOCKS;
-- 0 +/- SELECT COUNT(*) FROM PUBLIC.QRTZ_JOB_DETAILS;
-- 0 +/- SELECT COUNT(*) FROM PUBLIC.QRTZ_SIMPLE_TRIGGERS;
-- 0 +/- SELECT COUNT(*) FROM PUBLIC.QRTZ_SIMPROP_TRIGGERS;
-- 0 +/- SELECT COUNT(*) FROM PUBLIC.QRTZ_BLOB_TRIGGERS;
-- 0 +/- SELECT COUNT(*) FROM PUBLIC.QRTZ_TRIGGERS;
ALTER TABLE PUBLIC.AREAS ADD CONSTRAINT PUBLIC.UK_P61HNJ1M450KNDUSCXOLDCHFJ UNIQUE(TITLE);
ALTER TABLE PUBLIC.KEY_VALUE ADD CONSTRAINT PUBLIC.UK_8TE0DHIEXEOWA1RGVA302TO1L UNIQUE(KEY_COL);
ALTER TABLE PUBLIC.USERS ADD CONSTRAINT PUBLIC.UK_6DOTKOTT2KJSP8VW4D0M25FB7 UNIQUE(EMAIL);
ALTER TABLE PUBLIC.LAWS ADD CONSTRAINT PUBLIC.UK_BS516OPV3HONTPTWVPIOOS72B UNIQUE(TITLE);
ALTER TABLE PUBLIC.DELEGATIONS ADD CONSTRAINT PUBLIC.UK2WYH7POIF8NPDWLUR8DFORD0J UNIQUE(AREA_ID, FROM_USER_ID);
ALTER TABLE PUBLIC.LAWS_COMMENTS ADD CONSTRAINT PUBLIC.UK_OF3YV6X3MAHJPHJBJE5XHRXC8 UNIQUE(COMMENTS_ID);
ALTER TABLE PUBLIC.BALLOTS ADD CONSTRAINT PUBLIC.UKHWWEPK8N3CE54LEREWX2FMYXF UNIQUE(POLL_ID, CHECKSUM);
ALTER TABLE PUBLIC.USERS ADD CONSTRAINT PUBLIC.UK_70QE9WOFM8UJ2PEANWKPHERRM UNIQUE(MOBILEPHONE);
ALTER TABLE PUBLIC.CHECKSUMS ADD CONSTRAINT PUBLIC.UKL0XNKLNHLK4PTWSU9B0QXTYBN UNIQUE(AREA_ID, PUBLIC_PROXY_ID);
ALTER TABLE PUBLIC.AREAS ADD CONSTRAINT PUBLIC.FKP9N0U4HM2Q1O7V0068C8GD4EL FOREIGN KEY(CREATED_BY_ID) REFERENCES PUBLIC.USERS(ID) NOCHECK;
ALTER TABLE PUBLIC.DELEGATIONS ADD CONSTRAINT PUBLIC.FK1Y1R0D478R9NTDMUIYKKUHADV FOREIGN KEY(REQUESTED_DELEGATION_FROM_CHECKSUM_CHECKSUM) REFERENCES PUBLIC.CHECKSUMS(CHECKSUM) NOCHECK;
ALTER TABLE PUBLIC.DELEGATIONS ADD CONSTRAINT PUBLIC.FKSWBDEOVC7HSQ5EX30PBMDU9D4 FOREIGN KEY(AREA_ID) REFERENCES PUBLIC.AREAS(ID) NOCHECK;
ALTER TABLE PUBLIC.LAWS ADD CONSTRAINT PUBLIC.FK4QUHD81MM84X6RQ0CCBXSEYXX FOREIGN KEY(POLL_ID) REFERENCES PUBLIC.POLLS(ID) NOCHECK;
ALTER TABLE PUBLIC.LAWS_SUPPORTERS ADD CONSTRAINT PUBLIC.FK9B4I87YIKUCHRIRFJAYMGOHE3 FOREIGN KEY(LAW_MODEL_ID) REFERENCES PUBLIC.LAWS(ID) NOCHECK;
ALTER TABLE PUBLIC.BALLOTS ADD CONSTRAINT PUBLIC.FKOG7SHPLJ1CCOH8N9AO4Y16LQ3 FOREIGN KEY(POLL_ID) REFERENCES PUBLIC.POLLS(ID) NOCHECK;
ALTER TABLE PUBLIC.COMMENTS_DOWN_VOTERS ADD CONSTRAINT PUBLIC.FK62ILAC17TG4CPKRHEONUD72HV FOREIGN KEY(DOWN_VOTERS_ID) REFERENCES PUBLIC.USERS(ID) NOCHECK;
ALTER TABLE PUBLIC.CHECKSUMS ADD CONSTRAINT PUBLIC.FKDFLPSE9FSOGY1FMFDY2W79RG FOREIGN KEY(DELEGATED_TO_CHECKSUM) REFERENCES PUBLIC.CHECKSUMS(CHECKSUM) NOCHECK;
ALTER TABLE PUBLIC.BALLOTS_VOTE_ORDER ADD CONSTRAINT PUBLIC.FKIH6THEWVJEH3OW9DL1YTJ9AWB FOREIGN KEY(BALLOT_MODEL_ID) REFERENCES PUBLIC.BALLOTS(ID) NOCHECK;
ALTER TABLE PUBLIC.COMMENTS ADD CONSTRAINT PUBLIC.FK7PUWBWE4YL8B2O32R798UW8Q7 FOREIGN KEY(PROPOSAL_ID) REFERENCES PUBLIC.LAWS(ID) NOCHECK;
ALTER TABLE PUBLIC.CHECKSUMS ADD CONSTRAINT PUBLIC.FK68FTLVL0MWTVOQD3BFUPP0XRG FOREIGN KEY(PUBLIC_PROXY_ID) REFERENCES PUBLIC.USERS(ID) NOCHECK;
ALTER TABLE PUBLIC.LAWS ADD CONSTRAINT PUBLIC.FKTR1PLL46Q50SHWBFFYIYUAVGN FOREIGN KEY(CREATED_BY_ID) REFERENCES PUBLIC.USERS(ID) NOCHECK;
ALTER TABLE PUBLIC.ONE_TIME_TOKEN ADD CONSTRAINT PUBLIC.FK4O21XT1RMRICB3EA4TO5NKR8D FOREIGN KEY(USER_ID) REFERENCES PUBLIC.USERS(ID) NOCHECK;
ALTER TABLE PUBLIC.BALLOTS_VOTE_ORDER ADD CONSTRAINT PUBLIC.FKOWD5MAD84QVWGST43698A6GX5 FOREIGN KEY(VOTE_ORDER_ID) REFERENCES PUBLIC.LAWS(ID) NOCHECK;
ALTER TABLE PUBLIC.COMMENTS ADD CONSTRAINT PUBLIC.FKAKKM6QFYDU7VGNFNE1YO0XMED FOREIGN KEY(CREATED_BY_ID) REFERENCES PUBLIC.USERS(ID) NOCHECK;
ALTER TABLE PUBLIC.DELEGATIONS ADD CONSTRAINT PUBLIC.FK21A6LG8FU2JS6E0JU41WJ2GQP FOREIGN KEY(TO_PROXY_ID) REFERENCES PUBLIC.USERS(ID) NOCHECK;
ALTER TABLE PUBLIC.LAWS_COMMENTS ADD CONSTRAINT PUBLIC.FK36FBKIUITRV0YRVY8S0IG46IX FOREIGN KEY(LAW_MODEL_ID) REFERENCES PUBLIC.LAWS(ID) NOCHECK;
ALTER TABLE PUBLIC.POLLS ADD CONSTRAINT PUBLIC.FKQADOVSMQ4UOK58SP9HKHWJQIS FOREIGN KEY(WINNER_ID) REFERENCES PUBLIC.LAWS(ID) NOCHECK;
ALTER TABLE PUBLIC.DELEGATIONS ADD CONSTRAINT PUBLIC.FK9KOYA2MI6T18VF7U1FROBKNIQ FOREIGN KEY(FROM_USER_ID) REFERENCES PUBLIC.USERS(ID) NOCHECK;
ALTER TABLE PUBLIC.BALLOTS ADD CONSTRAINT PUBLIC.FK1RRV2WY16UQONFL9CR1CQG2XD FOREIGN KEY(CHECKSUM) REFERENCES PUBLIC.CHECKSUMS(CHECKSUM) NOCHECK;
ALTER TABLE PUBLIC.LAWS ADD CONSTRAINT PUBLIC.FK9VIQDJ5LDUN0AHWQDFF1WUY39 FOREIGN KEY(AREA_ID) REFERENCES PUBLIC.AREAS(ID) NOCHECK;
ALTER TABLE PUBLIC.LAWS_COMMENTS ADD CONSTRAINT PUBLIC.FKFL0Y4QFVFPF9YNMMFJ0JEVXFF FOREIGN KEY(COMMENTS_ID) REFERENCES PUBLIC.COMMENTS(ID) NOCHECK;
ALTER TABLE PUBLIC.COMMENTS_UP_VOTERS ADD CONSTRAINT PUBLIC.FKEUURM027PDC4L5A9G9O2L0UYD FOREIGN KEY(UP_VOTERS_ID) REFERENCES PUBLIC.USERS(ID) NOCHECK;
ALTER TABLE PUBLIC.COMMENTS ADD CONSTRAINT PUBLIC.FKLRI30OKF66PHTCGBE5POK7CC0 FOREIGN KEY(PARENT_ID) REFERENCES PUBLIC.COMMENTS(ID) NOCHECK;
ALTER TABLE PUBLIC.COMMENTS_UP_VOTERS ADD CONSTRAINT PUBLIC.FK8LS8T571Y99VTTW1MDKEBXAGP FOREIGN KEY(COMMENT_MODEL_ID) REFERENCES PUBLIC.COMMENTS(ID) NOCHECK;
ALTER TABLE PUBLIC.LAWS_SUPPORTERS ADD CONSTRAINT PUBLIC.FKK8MVJC4RQ970OJAVYFIA9BQVE FOREIGN KEY(SUPPORTERS_ID) REFERENCES PUBLIC.USERS(ID) NOCHECK;
ALTER TABLE PUBLIC.COMMENTS_DOWN_VOTERS ADD CONSTRAINT PUBLIC.FKJYMYJ54LENHS4KE6MYQHLY72 FOREIGN KEY(COMMENT_MODEL_ID) REFERENCES PUBLIC.COMMENTS(ID) NOCHECK;
ALTER TABLE PUBLIC.CHECKSUMS ADD CONSTRAINT PUBLIC.FKLLW57XBW0D67OPTMWFMU3P2PC FOREIGN KEY(AREA_ID) REFERENCES PUBLIC.AREAS(ID) NOCHECK;
