SET DB_CLOSE_DELAY -1;
;
CREATE USER IF NOT EXISTS SA SALT 'cc903b3ce4e8e2a1' HASH 'b480bba07731e44051f0e1f7652072db3a55d561adc4ca22471564166c87fa3a' ADMIN;
CREATE SEQUENCE PUBLIC.HIBERNATE_SEQUENCE START WITH 400;
CREATE MEMORY TABLE PUBLIC.AREAS(
ID BIGINT NOT NULL,
CREATED_AT TIMESTAMP NOT NULL,
UPDATED_AT TIMESTAMP NOT NULL,
DESCRIPTION VARCHAR(255) NOT NULL,
TITLE VARCHAR(255) NOT NULL,
CREATED_BY_ID BIGINT NOT NULL
);
ALTER TABLE PUBLIC.AREAS ADD CONSTRAINT PUBLIC.CONSTRAINT_3 PRIMARY KEY(ID);
-- 10 +/- SELECT COUNT(*) FROM PUBLIC.AREAS;
INSERT INTO PUBLIC.AREAS(ID, CREATED_AT, UPDATED_AT, DESCRIPTION, TITLE, CREATED_BY_ID) VALUES
(22, TIMESTAMP '2019-10-27 13:10:40.013', TIMESTAMP '2019-10-27 13:10:40.013', 'Nice description for test area #0', 'Area 0', 1),
(23, TIMESTAMP '2019-10-27 13:10:40.016', TIMESTAMP '2019-10-27 13:10:40.016', 'Nice description for test area #1', 'Area 1', 1),
(24, TIMESTAMP '2019-10-27 13:10:40.018', TIMESTAMP '2019-10-27 13:10:40.018', 'Nice description for test area #2', 'Area 2', 1),
(25, TIMESTAMP '2019-10-27 13:10:40.022', TIMESTAMP '2019-10-27 13:10:40.022', 'Nice description for test area #3', 'Area 3', 1),
(26, TIMESTAMP '2019-10-27 13:10:40.024', TIMESTAMP '2019-10-27 13:10:40.024', 'Nice description for test area #4', 'Area 4', 1),
(27, TIMESTAMP '2019-10-27 13:10:40.027', TIMESTAMP '2019-10-27 13:10:40.027', 'Nice description for test area #5', 'Area 5', 1),
(28, TIMESTAMP '2019-10-27 13:10:40.03', TIMESTAMP '2019-10-27 13:10:40.03', 'Nice description for test area #6', 'Area 6', 1),
(29, TIMESTAMP '2019-10-27 13:10:40.032', TIMESTAMP '2019-10-27 13:10:40.032', 'Nice description for test area #7', 'Area 7', 1),
(30, TIMESTAMP '2019-10-27 13:10:40.035', TIMESTAMP '2019-10-27 13:10:40.035', 'Nice description for test area #8', 'Area 8', 1),
(31, TIMESTAMP '2019-10-27 13:10:40.038', TIMESTAMP '2019-10-27 13:10:40.038', 'Nice description for test area #9', 'Area 9', 1);
CREATE MEMORY TABLE PUBLIC.BALLOTS(
ID BIGINT NOT NULL,
LEVEL INTEGER NOT NULL,
VOTE_COUNT BIGINT NOT NULL,
CHECKSUM VARCHAR(255) NOT NULL,
POLL_ID BIGINT NOT NULL
);
ALTER TABLE PUBLIC.BALLOTS ADD CONSTRAINT PUBLIC.CONSTRAINT_1 PRIMARY KEY(ID);
-- 32 +/- SELECT COUNT(*) FROM PUBLIC.BALLOTS;
INSERT INTO PUBLIC.BALLOTS(ID, LEVEL, VOTE_COUNT, CHECKSUM, POLL_ID) VALUES
(338, 0, 1, '$2a$10$1IdrGrRAN2Wp3U7QI.JIzuFb6SFgAPcXvJJzyrA1clTArLk/sGlMq', 307),
(339, 0, 1, '$2a$10$1IdrGrRAN2Wp3U7QI.JIzuRMyDyD0rV5XSGlVcf1liGYmN44buSd.', 307),
(340, 0, 4, '$2a$10$1IdrGrRAN2Wp3U7QI.JIzuzMaerK4Ai5A.h5eicC4s5j6UNNA5CTa', 307),
(341, 0, 1, '$2a$10$1IdrGrRAN2Wp3U7QI.JIzug6aJMxjTF58HqC.bDLcmkZFXYH7GPvC', 307),
(342, 0, 1, '$2a$10$1IdrGrRAN2Wp3U7QI.JIzurVcd95ezGWGNRWb2Yt00TXFh0b.zNVW', 307),
(343, 0, 1, '$2a$10$1IdrGrRAN2Wp3U7QI.JIzuxEF.Fmwe9CfO.FaVrA3fnAXXZE90iGK', 307),
(344, 0, 2, '$2a$10$1IdrGrRAN2Wp3U7QI.JIzu92jjTL/Dg.yXe5XB6x9p5akvesOM1Pu', 307),
(345, 1, 1, '$2a$10$1IdrGrRAN2Wp3U7QI.JIzuRhw3H7yUKqSpOuUk9K0GSUFfuSetvdy', 307),
(346, 0, 1, '$2a$10$1IdrGrRAN2Wp3U7QI.JIzuyzQ7rc1NUML7xdU/e6YHhZeOOqX78w2', 307),
(347, 0, 1, '$2a$10$1IdrGrRAN2Wp3U7QI.JIzu3Uvrte917jX/XRlns59QVlYV2IyV1Q6', 307),
(348, 0, 1, '$2a$10$1IdrGrRAN2Wp3U7QI.JIzuuf2/z13aNJshK8JPHDYOKqcy.aKW9S.', 307),
(349, 0, 1, '$2a$10$1IdrGrRAN2Wp3U7QI.JIzu7lHxnzU35N0S.lL.9wod/as7XAPGFDa', 307),
(350, 0, 1, '$2a$10$1IdrGrRAN2Wp3U7QI.JIzuICuIupDOLnHuJAj6ROAiSAQwsO5uq2u', 307),
(351, 0, 1, '$2a$10$1IdrGrRAN2Wp3U7QI.JIzuq517e5uraTWmvShubgri4QmrHOsIkrm', 307),
(352, 0, 1, '$2a$10$1IdrGrRAN2Wp3U7QI.JIzuNsD/AaaAdwlvzcdeIeA59KxEsJzmCIG', 307),
(353, 0, 1, '$2a$10$1IdrGrRAN2Wp3U7QI.JIzuQOz/iC/oe/89JH4FeUPVjLi1W0jp1..', 307),
(382, 0, 1, '$2a$10$1IdrGrRAN2Wp3U7QI.JIzuFb6SFgAPcXvJJzyrA1clTArLk/sGlMq', 358),
(383, 0, 1, '$2a$10$1IdrGrRAN2Wp3U7QI.JIzuRMyDyD0rV5XSGlVcf1liGYmN44buSd.', 358),
(384, 0, 4, '$2a$10$1IdrGrRAN2Wp3U7QI.JIzuzMaerK4Ai5A.h5eicC4s5j6UNNA5CTa', 358),
(385, 0, 1, '$2a$10$1IdrGrRAN2Wp3U7QI.JIzug6aJMxjTF58HqC.bDLcmkZFXYH7GPvC', 358),
(386, 0, 1, '$2a$10$1IdrGrRAN2Wp3U7QI.JIzurVcd95ezGWGNRWb2Yt00TXFh0b.zNVW', 358),
(387, 0, 1, '$2a$10$1IdrGrRAN2Wp3U7QI.JIzuxEF.Fmwe9CfO.FaVrA3fnAXXZE90iGK', 358),
(388, 0, 2, '$2a$10$1IdrGrRAN2Wp3U7QI.JIzu92jjTL/Dg.yXe5XB6x9p5akvesOM1Pu', 358),
(389, 1, 1, '$2a$10$1IdrGrRAN2Wp3U7QI.JIzuRhw3H7yUKqSpOuUk9K0GSUFfuSetvdy', 358),
(390, 0, 1, '$2a$10$1IdrGrRAN2Wp3U7QI.JIzuyzQ7rc1NUML7xdU/e6YHhZeOOqX78w2', 358),
(391, 0, 1, '$2a$10$1IdrGrRAN2Wp3U7QI.JIzu3Uvrte917jX/XRlns59QVlYV2IyV1Q6', 358),
(392, 0, 1, '$2a$10$1IdrGrRAN2Wp3U7QI.JIzuuf2/z13aNJshK8JPHDYOKqcy.aKW9S.', 358),
(393, 0, 1, '$2a$10$1IdrGrRAN2Wp3U7QI.JIzu7lHxnzU35N0S.lL.9wod/as7XAPGFDa', 358),
(394, 0, 1, '$2a$10$1IdrGrRAN2Wp3U7QI.JIzuICuIupDOLnHuJAj6ROAiSAQwsO5uq2u', 358),
(395, 0, 1, '$2a$10$1IdrGrRAN2Wp3U7QI.JIzuq517e5uraTWmvShubgri4QmrHOsIkrm', 358),
(396, 0, 1, '$2a$10$1IdrGrRAN2Wp3U7QI.JIzuNsD/AaaAdwlvzcdeIeA59KxEsJzmCIG', 358),
(397, 0, 1, '$2a$10$1IdrGrRAN2Wp3U7QI.JIzuQOz/iC/oe/89JH4FeUPVjLi1W0jp1..', 358);
CREATE MEMORY TABLE PUBLIC.BALLOTS_VOTE_ORDER(
BALLOT_MODEL_ID BIGINT NOT NULL,
VOTE_ORDER_ID BIGINT NOT NULL,
VOTE_ORDER_ORDER INTEGER NOT NULL
);
ALTER TABLE PUBLIC.BALLOTS_VOTE_ORDER ADD CONSTRAINT PUBLIC.CONSTRAINT_5 PRIMARY KEY(BALLOT_MODEL_ID, VOTE_ORDER_ORDER);
-- 149 +/- SELECT COUNT(*) FROM PUBLIC.BALLOTS_VOTE_ORDER;
INSERT INTO PUBLIC.BALLOTS_VOTE_ORDER(BALLOT_MODEL_ID, VOTE_ORDER_ID, VOTE_ORDER_ORDER) VALUES
(338, 332, 0),
(338, 325, 1),
(338, 318, 2),
(338, 308, 3),
(338, 299, 4),
(339, 308, 0),
(339, 318, 1),
(339, 332, 2),
(340, 332, 0),
(340, 325, 1),
(340, 318, 2),
(340, 308, 3),
(340, 299, 4),
(344, 299, 0),
(344, 308, 1),
(344, 318, 2),
(344, 325, 3),
(344, 332, 4),
(345, 299, 0),
(345, 308, 1),
(345, 318, 2),
(345, 325, 3),
(345, 332, 4),
(346, 332, 0),
(346, 325, 1),
(346, 318, 2),
(346, 299, 3),
(341, 325, 0),
(341, 332, 1),
(341, 318, 2),
(341, 299, 3),
(341, 308, 4),
(342, 332, 0),
(342, 308, 1),
(342, 325, 2),
(342, 318, 3),
(342, 299, 4),
(347, 332, 0),
(347, 308, 1),
(347, 299, 2),
(347, 325, 3),
(348, 299, 0),
(348, 332, 1),
(348, 318, 2),
(348, 325, 3),
(348, 308, 4),
(349, 332, 0),
(349, 325, 1),
(349, 318, 2),
(349, 308, 3),
(349, 299, 4),
(350, 318, 0),
(350, 325, 1),
(350, 299, 2),
(350, 308, 3),
(350, 332, 4),
(351, 332, 0),
(351, 299, 1),
(351, 308, 2),
(351, 325, 3),
(351, 318, 4),
(352, 299, 0),
(352, 308, 1),
(352, 318, 2),
(352, 332, 3),
(353, 332, 0),
(353, 318, 1),
(353, 308, 2),
(353, 299, 3),
(353, 325, 4),
(343, 332, 0),
(343, 325, 1),
(343, 299, 2),
(343, 318, 3),
(343, 308, 4),
(382, 354, 0),
(382, 359, 1),
(382, 365, 2),
(382, 377, 3),
(383, 359, 0),
(383, 370, 1),
(383, 354, 2),
(383, 377, 3),
(384, 377, 0),
(384, 365, 1),
(384, 359, 2),
(384, 354, 3),
(388, 365, 0),
(388, 359, 1),
(388, 377, 2),
(388, 370, 3),
(388, 354, 4),
(389, 365, 0),
(389, 359, 1),
(389, 377, 2),
(389, 370, 3),
(389, 354, 4),
(390, 370, 0),
(390, 365, 1),
(390, 377, 2),
(390, 359, 3),
(385, 359, 0),
(385, 370, 1),
(385, 365, 2),
(385, 354, 3),
(385, 377, 4),
(386, 359, 0),
(386, 365, 1),
(386, 377, 2),
(386, 354, 3),
(391, 377, 0),
(391, 370, 1),
(391, 354, 2),
(391, 365, 3),
(392, 377, 0),
(392, 370, 1),
(392, 359, 2),
(392, 354, 3),
(392, 365, 4),
(393, 377, 0),
(393, 359, 1),
(393, 354, 2),
(393, 370, 3),
(393, 365, 4),
(394, 359, 0),
(394, 377, 1),
(394, 365, 2),
(394, 354, 3),
(394, 370, 4),
(395, 370, 0),
(395, 377, 1),
(395, 354, 2),
(395, 359, 3),
(395, 365, 4),
(396, 370, 0),
(396, 354, 1),
(396, 365, 2),
(396, 359, 3),
(396, 377, 4),
(397, 377, 0),
(397, 359, 1),
(397, 365, 2),
(397, 370, 3),
(397, 354, 4),
(387, 359, 0),
(387, 377, 1),
(387, 370, 2),
(387, 365, 3),
(387, 354, 4);
CREATE MEMORY TABLE PUBLIC.CHECKSUMS(
CHECKSUM VARCHAR(255) NOT NULL,
EXPIRES_AT TIMESTAMP,
TRANSITIVE BOOLEAN NOT NULL,
AREA_ID BIGINT,
DELEGATED_TO_CHECKSUM VARCHAR(255),
PUBLIC_PROXY_ID BIGINT
);
ALTER TABLE PUBLIC.CHECKSUMS ADD CONSTRAINT PUBLIC.CONSTRAINT_B PRIMARY KEY(CHECKSUM);
-- 18 +/- SELECT COUNT(*) FROM PUBLIC.CHECKSUMS;
INSERT INTO PUBLIC.CHECKSUMS(CHECKSUM, EXPIRES_AT, TRANSITIVE, AREA_ID, DELEGATED_TO_CHECKSUM, PUBLIC_PROXY_ID) VALUES
('$2a$10$1IdrGrRAN2Wp3U7QI.JIzujP5HM1Z.hWRZjCw03H8QVfHvE3xfaYG', TIMESTAMP '2019-10-28 13:10:44.118', TRUE, 22, NULL, 1),
('$2a$10$1IdrGrRAN2Wp3U7QI.JIzuRhw3H7yUKqSpOuUk9K0GSUFfuSetvdy', TIMESTAMP '2019-10-28 13:10:45.653', TRUE, 22, '$2a$10$1IdrGrRAN2Wp3U7QI.JIzu92jjTL/Dg.yXe5XB6x9p5akvesOM1Pu', 6),
('$2a$10$1IdrGrRAN2Wp3U7QI.JIzuVejE82VRK0Se4RFNa1JED7KgTOU4siK', TIMESTAMP '2019-10-28 13:10:45.805', TRUE, 22, '$2a$10$1IdrGrRAN2Wp3U7QI.JIzujP5HM1Z.hWRZjCw03H8QVfHvE3xfaYG', 4),
('$2a$10$1IdrGrRAN2Wp3U7QI.JIzuFb6SFgAPcXvJJzyrA1clTArLk/sGlMq', TIMESTAMP '2019-10-28 13:10:54.603', TRUE, 22, NULL, 13),
('$2a$10$1IdrGrRAN2Wp3U7QI.JIzuRMyDyD0rV5XSGlVcf1liGYmN44buSd.', TIMESTAMP '2019-10-28 13:10:54.849', TRUE, 22, NULL, 15),
('$2a$10$1IdrGrRAN2Wp3U7QI.JIzuzMaerK4Ai5A.h5eicC4s5j6UNNA5CTa', TIMESTAMP '2019-10-28 13:10:55.095', TRUE, 22, '$2a$10$1IdrGrRAN2Wp3U7QI.JIzuVejE82VRK0Se4RFNa1JED7KgTOU4siK', 7),
('$2a$10$1IdrGrRAN2Wp3U7QI.JIzu92jjTL/Dg.yXe5XB6x9p5akvesOM1Pu', TIMESTAMP '2019-10-28 13:10:55.346', TRUE, 22, '$2a$10$1IdrGrRAN2Wp3U7QI.JIzujP5HM1Z.hWRZjCw03H8QVfHvE3xfaYG', 3),
('$2a$10$1IdrGrRAN2Wp3U7QI.JIzuyzQ7rc1NUML7xdU/e6YHhZeOOqX78w2', TIMESTAMP '2019-10-28 13:10:55.586', TRUE, 22, NULL, 5),
('$2a$10$1IdrGrRAN2Wp3U7QI.JIzug6aJMxjTF58HqC.bDLcmkZFXYH7GPvC', TIMESTAMP '2019-10-28 13:10:55.835', TRUE, 22, '$2a$10$1IdrGrRAN2Wp3U7QI.JIzuzMaerK4Ai5A.h5eicC4s5j6UNNA5CTa', 10),
('$2a$10$1IdrGrRAN2Wp3U7QI.JIzurVcd95ezGWGNRWb2Yt00TXFh0b.zNVW', TIMESTAMP '2019-10-28 13:10:56.072', TRUE, 22, '$2a$10$1IdrGrRAN2Wp3U7QI.JIzuzMaerK4Ai5A.h5eicC4s5j6UNNA5CTa', 11),
('$2a$10$1IdrGrRAN2Wp3U7QI.JIzu3Uvrte917jX/XRlns59QVlYV2IyV1Q6', TIMESTAMP '2019-10-28 13:10:56.314', TRUE, 22, '$2a$10$1IdrGrRAN2Wp3U7QI.JIzujP5HM1Z.hWRZjCw03H8QVfHvE3xfaYG', NULL),
('$2a$10$1IdrGrRAN2Wp3U7QI.JIzuuf2/z13aNJshK8JPHDYOKqcy.aKW9S.', TIMESTAMP '2019-10-28 13:10:56.552', TRUE, 22, NULL, 9),
('$2a$10$1IdrGrRAN2Wp3U7QI.JIzu7lHxnzU35N0S.lL.9wod/as7XAPGFDa', TIMESTAMP '2019-10-28 13:10:56.786', TRUE, 22, NULL, 16),
('$2a$10$1IdrGrRAN2Wp3U7QI.JIzuICuIupDOLnHuJAj6ROAiSAQwsO5uq2u', TIMESTAMP '2019-10-28 13:10:57.022', TRUE, 22, NULL, 20),
('$2a$10$1IdrGrRAN2Wp3U7QI.JIzuq517e5uraTWmvShubgri4QmrHOsIkrm', TIMESTAMP '2019-10-28 13:10:57.26', TRUE, 22, NULL, 18),
('$2a$10$1IdrGrRAN2Wp3U7QI.JIzuNsD/AaaAdwlvzcdeIeA59KxEsJzmCIG', TIMESTAMP '2019-10-28 13:10:57.497', TRUE, 22, NULL, 14),
('$2a$10$1IdrGrRAN2Wp3U7QI.JIzuQOz/iC/oe/89JH4FeUPVjLi1W0jp1..', TIMESTAMP '2019-10-28 13:10:57.732', TRUE, 22, NULL, 19),
('$2a$10$1IdrGrRAN2Wp3U7QI.JIzuxEF.Fmwe9CfO.FaVrA3fnAXXZE90iGK', TIMESTAMP '2019-10-28 13:10:57.966', FALSE, 22, '$2a$10$1IdrGrRAN2Wp3U7QI.JIzuzMaerK4Ai5A.h5eicC4s5j6UNNA5CTa', 12);
CREATE MEMORY TABLE PUBLIC.COMMENTS(
ID BIGINT NOT NULL,
CREATED_AT TIMESTAMP NOT NULL,
UPDATED_AT TIMESTAMP NOT NULL,
COMMENT VARCHAR(255) NOT NULL,
CREATED_BY_ID BIGINT NOT NULL,
PARENT_ID BIGINT,
PROPOSAL_ID BIGINT NOT NULL
);
ALTER TABLE PUBLIC.COMMENTS ADD CONSTRAINT PUBLIC.CONSTRAINT_A PRIMARY KEY(ID);
-- 132 +/- SELECT COUNT(*) FROM PUBLIC.COMMENTS;
INSERT INTO PUBLIC.COMMENTS(ID, CREATED_AT, UPDATED_AT, COMMENT, CREATED_BY_ID, PARENT_ID, PROPOSAL_ID) VALUES
(195, TIMESTAMP '2019-10-27 13:10:42.475', TIMESTAMP '2019-10-27 13:10:42.475', 'Comment on root level. I really like this idea, but needs to be improved. 1572178242464', 5, NULL, 194),
(196, TIMESTAMP '2019-10-27 13:10:42.48', TIMESTAMP '2019-10-27 13:10:42.48', 'Reply 0 Lorem ipsum dolor sit amet, ', 20, 195, 194),
(197, TIMESTAMP '2019-10-27 13:10:42.481', TIMESTAMP '2019-10-27 13:10:42.481', 'Reply 1 Lorem ipsum dolor sit amet, consectetur adipiscing elit, sed do eiusmod tempor incididunt ut lab', 2, 195, 194),
(198, TIMESTAMP '2019-10-27 13:10:42.483', TIMESTAMP '2019-10-27 13:10:42.483', 'Reply 2 Lorem ipsum dolor sit amet,', 5, 195, 194),
(199, TIMESTAMP '2019-10-27 13:10:42.485', TIMESTAMP '2019-10-27 13:10:42.485', 'Reply 3 Lorem ipsum dolor sit amet, consectetur adipiscing elit, sed do', 13, 195, 194),
(200, TIMESTAMP '2019-10-27 13:10:42.487', TIMESTAMP '2019-10-27 13:10:42.487', 'Reply 4 Lorem ipsum dolor sit amet, consectetur adipiscing elit, sed do eiusmod tem', 7, 195, 194),
(202, TIMESTAMP '2019-10-27 13:10:42.522', TIMESTAMP '2019-10-27 13:10:42.522', 'Comment on root level. I really like this idea, but needs to be improved. 1572178242521', 13, NULL, 201),
(203, TIMESTAMP '2019-10-27 13:10:42.524', TIMESTAMP '2019-10-27 13:10:42.524', 'Reply 0 Lorem ipsum dolor sit amet, consectetur adipiscing elit, sed d', 4, 202, 201),
(204, TIMESTAMP '2019-10-27 13:10:42.525', TIMESTAMP '2019-10-27 13:10:42.525', 'Reply 1 Lorem ipsum dolor sit amet,', 7, 202, 201),
(205, TIMESTAMP '2019-10-27 13:10:42.527', TIMESTAMP '2019-10-27 13:10:42.527', 'Reply 2 Lorem ipsum dolor sit amet, consectetur adipiscing elit, sed do eiusmod', 7, 202, 201),
(207, TIMESTAMP '2019-10-27 13:10:42.552', TIMESTAMP '2019-10-27 13:10:42.552', 'Comment on root level. I really like this idea, but needs to be improved. 1572178242551', 15, NULL, 206),
(208, TIMESTAMP '2019-10-27 13:10:42.553', TIMESTAMP '2019-10-27 13:10:42.553', 'Reply 0 Lorem ipsum dolor sit amet, consectetur adipiscing elit, sed do ei', 3, 207, 206),
(209, TIMESTAMP '2019-10-27 13:10:42.555', TIMESTAMP '2019-10-27 13:10:42.555', 'Reply 1 Lorem ipsum dolor sit amet, consectetur adipiscing elit, sed do', 4, 207, 206),
(210, TIMESTAMP '2019-10-27 13:10:42.556', TIMESTAMP '2019-10-27 13:10:42.556', 'Reply 2 Lorem ipsum dolor sit a', 14, 207, 206),
(211, TIMESTAMP '2019-10-27 13:10:42.558', TIMESTAMP '2019-10-27 13:10:42.558', 'Reply 3 Lorem ipsum dolor sit amet, cons', 17, 207, 206),
(212, TIMESTAMP '2019-10-27 13:10:42.562', TIMESTAMP '2019-10-27 13:10:42.562', 'Reply 4 Lorem ipsum dolor sit amet', 4, 207, 206),
(214, TIMESTAMP '2019-10-27 13:10:42.587', TIMESTAMP '2019-10-27 13:10:42.587', 'Comment on root level. I really like this idea, but needs to be improved. 1572178242586', 11, NULL, 213),
(215, TIMESTAMP '2019-10-27 13:10:42.589', TIMESTAMP '2019-10-27 13:10:42.589', 'Reply 0 Lorem ipsum dolor sit amet, consectetur adipiscing elit, sed do ', 17, 214, 213),
(216, TIMESTAMP '2019-10-27 13:10:42.594', TIMESTAMP '2019-10-27 13:10:42.594', 'Reply 1 Lorem ipsum dolor sit amet, consect', 13, 214, 213),
(217, TIMESTAMP '2019-10-27 13:10:42.596', TIMESTAMP '2019-10-27 13:10:42.596', 'Reply 2 Lorem ipsum dolor sit amet, consectetur adipiscing elit, sed do eiusmod tempor inci', 3, 214, 213),
(218, TIMESTAMP '2019-10-27 13:10:42.599', TIMESTAMP '2019-10-27 13:10:42.599', 'Reply 3 Lorem ipsum dolor sit amet, consectetur adipiscing elit, sed do eiusmod tempor incididunt ut ', 3, 214, 213),
(219, TIMESTAMP '2019-10-27 13:10:42.6', TIMESTAMP '2019-10-27 13:10:42.6', 'Reply 4 Lorem ipsum dolor sit amet, consectetur adipiscing elit, sed do eiusmod tempor incididunt', 7, 214, 213),
(221, TIMESTAMP '2019-10-27 13:10:42.628', TIMESTAMP '2019-10-27 13:10:42.628', 'Comment on root level. I really like this idea, but needs to be improved. 1572178242628', 17, NULL, 220),
(222, TIMESTAMP '2019-10-27 13:10:42.631', TIMESTAMP '2019-10-27 13:10:42.631', 'Reply 0 Lorem ipsum dolor sit amet, consectetur adipiscing elit, sed do eiusmod temp', 14, 221, 220);
INSERT INTO PUBLIC.COMMENTS(ID, CREATED_AT, UPDATED_AT, COMMENT, CREATED_BY_ID, PARENT_ID, PROPOSAL_ID) VALUES
(223, TIMESTAMP '2019-10-27 13:10:42.634', TIMESTAMP '2019-10-27 13:10:42.634', 'Reply 1 Lorem ipsum dolor sit amet, consectetur adipiscing elit, sed do eiusmo', 18, 221, 220),
(224, TIMESTAMP '2019-10-27 13:10:42.636', TIMESTAMP '2019-10-27 13:10:42.636', 'Reply 2 Lorem ipsum dolor sit amet, consectetur adipiscing eli', 5, 221, 220),
(235, TIMESTAMP '2019-10-27 13:10:48.108', TIMESTAMP '2019-10-27 13:10:48.108', 'Comment on root level. I really like this idea, but needs to be improved. 1572178248108', 3, NULL, 234),
(236, TIMESTAMP '2019-10-27 13:10:48.11', TIMESTAMP '2019-10-27 13:10:48.11', 'Reply 0 Lorem ipsum do', 11, 235, 234),
(237, TIMESTAMP '2019-10-27 13:10:48.111', TIMESTAMP '2019-10-27 13:10:48.111', 'Reply 1 Lorem ipsum dolor sit amet, co', 13, 235, 234),
(238, TIMESTAMP '2019-10-27 13:10:48.113', TIMESTAMP '2019-10-27 13:10:48.113', 'Reply 2 Lorem ipsum do', 4, 235, 234),
(239, TIMESTAMP '2019-10-27 13:10:48.114', TIMESTAMP '2019-10-27 13:10:48.114', 'Reply 3 Lorem ipsum dol', 17, 235, 234),
(240, TIMESTAMP '2019-10-27 13:10:48.115', TIMESTAMP '2019-10-27 13:10:48.115', 'Reply 4 Lorem ipsum dolor sit amet, consectetur adipiscing elit, sed do eiusmod temp', 15, 235, 234),
(245, TIMESTAMP '2019-10-27 13:10:48.164', TIMESTAMP '2019-10-27 13:10:48.164', 'Comment on root level. I really like this idea, but needs to be improved. 1572178248163', 15, NULL, 244),
(246, TIMESTAMP '2019-10-27 13:10:48.165', TIMESTAMP '2019-10-27 13:10:48.165', 'Reply 0 Lorem ipsum dolor sit amet, consectetur adipiscing e', 19, 245, 244),
(247, TIMESTAMP '2019-10-27 13:10:48.167', TIMESTAMP '2019-10-27 13:10:48.167', 'Reply 1 Lorem ipsum dolor sit amet, cons', 7, 245, 244),
(249, TIMESTAMP '2019-10-27 13:10:48.205', TIMESTAMP '2019-10-27 13:10:48.205', 'Comment on root level. I really like this idea, but needs to be improved. 1572178248204', 18, NULL, 248),
(250, TIMESTAMP '2019-10-27 13:10:48.207', TIMESTAMP '2019-10-27 13:10:48.207', 'Reply 0 Lorem ipsum dolor sit amet, consectetur adipi', 17, 249, 248),
(251, TIMESTAMP '2019-10-27 13:10:48.208', TIMESTAMP '2019-10-27 13:10:48.208', 'Reply 1 Lorem ipsum dolor sit amet, consectetur adipiscing ', 2, 249, 248),
(252, TIMESTAMP '2019-10-27 13:10:48.209', TIMESTAMP '2019-10-27 13:10:48.209', 'Reply 2 Lorem ipsum dolor sit amet, consectetur adipiscing elit, sed do eiusmod tempor incididunt ut lab', 17, 249, 248),
(253, TIMESTAMP '2019-10-27 13:10:48.21', TIMESTAMP '2019-10-27 13:10:48.21', 'Reply 3 Lorem ipsum dolor sit a', 10, 249, 248),
(254, TIMESTAMP '2019-10-27 13:10:48.211', TIMESTAMP '2019-10-27 13:10:48.211', 'Reply 4 Lorem ipsum dolor sit amet, consectetur adipiscing elit, sed do eiusmod tem', 19, 249, 248),
(255, TIMESTAMP '2019-10-27 13:10:48.213', TIMESTAMP '2019-10-27 13:10:48.213', 'Reply 5 Lorem ipsum dolor sit amet, consectetur adipiscing elit, sed do eiusmod tempor incididunt ut labor', 15, 249, 248),
(257, TIMESTAMP '2019-10-27 13:10:48.256', TIMESTAMP '2019-10-27 13:10:48.256', 'Comment on root level. I really like this idea, but needs to be improved. 1572178248255', 15, NULL, 256),
(258, TIMESTAMP '2019-10-27 13:10:48.258', TIMESTAMP '2019-10-27 13:10:48.258', 'Reply 0 Lorem ipsu', 20, 257, 256),
(259, TIMESTAMP '2019-10-27 13:10:48.26', TIMESTAMP '2019-10-27 13:10:48.26', 'Reply 1 Lorem ipsum dolor sit amet, consectetur adipiscing elit, sed do eiusmod tempo', 4, 257, 256),
(260, TIMESTAMP '2019-10-27 13:10:48.261', TIMESTAMP '2019-10-27 13:10:48.261', 'Reply 2 Lorem ipsum dolor sit amet, consectetur adipiscin', 1, 257, 256),
(261, TIMESTAMP '2019-10-27 13:10:48.263', TIMESTAMP '2019-10-27 13:10:48.263', 'Reply 3 Lorem ipsum dolor sit am', 3, 257, 256),
(262, TIMESTAMP '2019-10-27 13:10:48.265', TIMESTAMP '2019-10-27 13:10:48.265', 'Reply 4 Lorem ipsum dolor sit amet, consectetur adipiscing elit', 17, 257, 256),
(263, TIMESTAMP '2019-10-27 13:10:48.267', TIMESTAMP '2019-10-27 13:10:48.267', 'Reply 5 Lorem ipsum dolor sit amet, consectetur adipis', 11, 257, 256),
(265, TIMESTAMP '2019-10-27 13:10:48.314', TIMESTAMP '2019-10-27 13:10:48.314', 'Comment on root level. I really like this idea, but needs to be improved. 1572178248313', 18, NULL, 264);
INSERT INTO PUBLIC.COMMENTS(ID, CREATED_AT, UPDATED_AT, COMMENT, CREATED_BY_ID, PARENT_ID, PROPOSAL_ID) VALUES
(266, TIMESTAMP '2019-10-27 13:10:48.315', TIMESTAMP '2019-10-27 13:10:48.315', 'Reply 0 Lorem ipsum dolor sit amet, consectetur adipiscing elit, sed do ei', 5, 265, 264),
(267, TIMESTAMP '2019-10-27 13:10:48.317', TIMESTAMP '2019-10-27 13:10:48.317', 'Reply 1 Lorem ipsum dolor sit amet, consectetur ', 2, 265, 264),
(268, TIMESTAMP '2019-10-27 13:10:48.319', TIMESTAMP '2019-10-27 13:10:48.319', 'Reply 2 Lorem ipsum dolor sit amet, consectetur adipiscing elit, sed ', 16, 265, 264),
(269, TIMESTAMP '2019-10-27 13:10:48.32', TIMESTAMP '2019-10-27 13:10:48.32', 'Reply 3 Lorem ipsum dolor sit amet, consectetur ad', 11, 265, 264),
(270, TIMESTAMP '2019-10-27 13:10:48.322', TIMESTAMP '2019-10-27 13:10:48.322', 'Reply 4 Lorem ipsum dolor sit amet, consectetur adipiscing elit, sed do eiu', 7, 265, 264),
(271, TIMESTAMP '2019-10-27 13:10:48.324', TIMESTAMP '2019-10-27 13:10:48.324', 'Reply 5 Lorem ipsum dolor sit ', 20, 265, 264),
(272, TIMESTAMP '2019-10-27 13:10:48.328', TIMESTAMP '2019-10-27 13:10:48.328', 'Reply 6 Lorem ipsum dolor sit amet, consectet', 3, 265, 264),
(274, TIMESTAMP '2019-10-27 13:10:48.362', TIMESTAMP '2019-10-27 13:10:48.362', 'Comment on root level. I really like this idea, but needs to be improved. 1572178248361', 11, NULL, 273),
(275, TIMESTAMP '2019-10-27 13:10:48.363', TIMESTAMP '2019-10-27 13:10:48.363', 'Reply 0 Lorem ipsum dolor sit amet, consectetur adipiscing elit, sed do eiusmod tempo', 9, 274, 273),
(276, TIMESTAMP '2019-10-27 13:10:48.364', TIMESTAMP '2019-10-27 13:10:48.364', 'Reply 1 Lorem ipsum dolor sit amet, consectetur adipiscing elit, sed do eiusmod tempor incid', 1, 274, 273),
(277, TIMESTAMP '2019-10-27 13:10:48.366', TIMESTAMP '2019-10-27 13:10:48.366', 'Reply 2 Lorem ipsum dolor sit amet, consectetur adipiscing elit, sed do eiusmod tempor incididunt ut labor', 6, 274, 273),
(280, TIMESTAMP '2019-10-27 13:10:48.409', TIMESTAMP '2019-10-27 13:10:48.409', 'Comment on root level. I really like this idea, but needs to be improved. 1572178248408', 14, NULL, 279),
(281, TIMESTAMP '2019-10-27 13:10:48.41', TIMESTAMP '2019-10-27 13:10:48.41', 'Reply 0 Lorem ipsum dolor sit amet, consectetu', 19, 280, 279),
(282, TIMESTAMP '2019-10-27 13:10:48.411', TIMESTAMP '2019-10-27 13:10:48.411', 'Reply 1 Lorem ipsum dolor sit amet, consectetu', 1, 280, 279),
(283, TIMESTAMP '2019-10-27 13:10:48.412', TIMESTAMP '2019-10-27 13:10:48.412', 'Reply 2 Lorem ipsum dolor sit amet, co', 13, 280, 279),
(284, TIMESTAMP '2019-10-27 13:10:48.413', TIMESTAMP '2019-10-27 13:10:48.413', 'Reply 3 Lorem ipsum dolor sit amet, consec', 11, 280, 279),
(285, TIMESTAMP '2019-10-27 13:10:48.414', TIMESTAMP '2019-10-27 13:10:48.414', 'Reply 4 Lorem ipsum dolor sit amet, consectetur adipiscing elit, sed do eius', 14, 280, 279),
(287, TIMESTAMP '2019-10-27 13:10:48.44', TIMESTAMP '2019-10-27 13:10:48.44', 'Comment on root level. I really like this idea, but needs to be improved. 1572178248440', 9, NULL, 286),
(288, TIMESTAMP '2019-10-27 13:10:48.441', TIMESTAMP '2019-10-27 13:10:48.441', 'Reply 0 Lorem ipsum dolor sit amet, consectetur adipiscing elit, sed do eiusmod tempor', 17, 287, 286),
(289, TIMESTAMP '2019-10-27 13:10:48.443', TIMESTAMP '2019-10-27 13:10:48.443', 'Reply 1 Lorem ipsum dolor sit amet, consectetur adipiscing elit, sed do ei', 13, 287, 286),
(291, TIMESTAMP '2019-10-27 13:10:48.482', TIMESTAMP '2019-10-27 13:10:48.482', 'Comment on root level. I really like this idea, but needs to be improved. 1572178248481', 14, NULL, 290),
(292, TIMESTAMP '2019-10-27 13:10:48.483', TIMESTAMP '2019-10-27 13:10:48.483', 'Reply 0 Lorem ipsum dolor sit amet, consectetur', 5, 291, 290),
(293, TIMESTAMP '2019-10-27 13:10:48.485', TIMESTAMP '2019-10-27 13:10:48.485', 'Reply 1 Lorem ipsu', 5, 291, 290),
(294, TIMESTAMP '2019-10-27 13:10:48.486', TIMESTAMP '2019-10-27 13:10:48.486', 'Reply 2 Lorem ipsum dolor sit amet, consectetur adipiscing elit, sed do ', 2, 291, 290),
(296, TIMESTAMP '2019-10-27 13:10:48.531', TIMESTAMP '2019-10-27 13:10:48.531', 'Comment on root level. I really like this idea, but needs to be improved. 1572178248530', 19, NULL, 295);
INSERT INTO PUBLIC.COMMENTS(ID, CREATED_AT, UPDATED_AT, COMMENT, CREATED_BY_ID, PARENT_ID, PROPOSAL_ID) VALUES
(297, TIMESTAMP '2019-10-27 13:10:48.532', TIMESTAMP '2019-10-27 13:10:48.532', 'Reply 0 Lorem ipsum dolor sit amet, consectetur adipiscing elit, sed do', 15, 296, 295),
(298, TIMESTAMP '2019-10-27 13:10:48.533', TIMESTAMP '2019-10-27 13:10:48.533', 'Reply 1 Lorem ipsum dolor sit amet, consec', 7, 296, 295),
(300, TIMESTAMP '2019-10-27 13:10:48.604', TIMESTAMP '2019-10-27 13:10:48.604', 'Comment on root level. I really like this idea, but needs to be improved. 1572178248603', 6, NULL, 299),
(301, TIMESTAMP '2019-10-27 13:10:48.605', TIMESTAMP '2019-10-27 13:10:48.605', 'Reply 0 Lorem ipsum dolor sit amet, consectetur ad', 13, 300, 299),
(302, TIMESTAMP '2019-10-27 13:10:48.606', TIMESTAMP '2019-10-27 13:10:48.606', 'Reply 1 Lorem ipsum dolor sit amet, consectetur adipiscing elit, sed do eiusmod te', 18, 300, 299),
(303, TIMESTAMP '2019-10-27 13:10:48.607', TIMESTAMP '2019-10-27 13:10:48.607', 'Reply 2 Lorem ipsum dolor sit amet, ', 4, 300, 299),
(304, TIMESTAMP '2019-10-27 13:10:48.608', TIMESTAMP '2019-10-27 13:10:48.608', 'Reply 3 Lorem ipsum dolor sit amet, consectetur ', 3, 300, 299),
(305, TIMESTAMP '2019-10-27 13:10:48.609', TIMESTAMP '2019-10-27 13:10:48.609', 'Reply 4 Lorem ipsum dolor sit amet, consectetur adipiscing elit, sed do eiusmod tem', 11, 300, 299),
(306, TIMESTAMP '2019-10-27 13:10:48.61', TIMESTAMP '2019-10-27 13:10:48.61', 'Reply 5 Lorem ipsum dolor sit amet, consectetur adipiscing elit, sed do eiusmod tempor ', 7, 300, 299),
(309, TIMESTAMP '2019-10-27 13:10:48.632', TIMESTAMP '2019-10-27 13:10:48.632', 'Comment on root level. I really like this idea, but needs to be improved. 1572178248632', 7, NULL, 308),
(310, TIMESTAMP '2019-10-27 13:10:48.634', TIMESTAMP '2019-10-27 13:10:48.634', 'Reply 0 Lorem ipsum dolor sit amet, conse', 5, 309, 308),
(311, TIMESTAMP '2019-10-27 13:10:48.635', TIMESTAMP '2019-10-27 13:10:48.635', 'Reply 1 Lorem ipsum dolor sit amet, consectetur adipiscing elit, sed do eiusmod tempor incididunt ut l', 4, 309, 308),
(312, TIMESTAMP '2019-10-27 13:10:48.636', TIMESTAMP '2019-10-27 13:10:48.636', 'Reply 2 Lorem ipsum dolor sit ame', 20, 309, 308),
(313, TIMESTAMP '2019-10-27 13:10:48.637', TIMESTAMP '2019-10-27 13:10:48.637', 'Reply 3 Lorem ipsum dolor sit amet, consectetur adipiscing elit, sed do eiusmod tempor i', 18, 309, 308),
(314, TIMESTAMP '2019-10-27 13:10:48.638', TIMESTAMP '2019-10-27 13:10:48.638', 'Reply 4 Lorem ipsum dolor sit ame', 5, 309, 308),
(315, TIMESTAMP '2019-10-27 13:10:48.64', TIMESTAMP '2019-10-27 13:10:48.64', 'Reply 5 Lorem ipsum dolor sit amet, consectetur adipiscing elit, sed do eiusmod tempor incidi', 11, 309, 308),
(316, TIMESTAMP '2019-10-27 13:10:48.641', TIMESTAMP '2019-10-27 13:10:48.641', 'Reply 6 Lorem ipsu', 15, 309, 308),
(317, TIMESTAMP '2019-10-27 13:10:48.641', TIMESTAMP '2019-10-27 13:10:48.641', 'Reply 7 Lorem ipsum dolor sit amet, consectetur adipiscing e', 9, 309, 308),
(319, TIMESTAMP '2019-10-27 13:10:48.671', TIMESTAMP '2019-10-27 13:10:48.671', 'Comment on root level. I really like this idea, but needs to be improved. 1572178248669', 10, NULL, 318),
(320, TIMESTAMP '2019-10-27 13:10:48.673', TIMESTAMP '2019-10-27 13:10:48.673', 'Reply 0 Lorem ipsum dolor sit a', 14, 319, 318),
(321, TIMESTAMP '2019-10-27 13:10:48.674', TIMESTAMP '2019-10-27 13:10:48.674', 'Reply 1 Lorem ipsum dolor sit amet, consectetur adipiscing elit, sed do eiusmod tempor inci', 14, 319, 318),
(322, TIMESTAMP '2019-10-27 13:10:48.676', TIMESTAMP '2019-10-27 13:10:48.676', 'Reply 2 Lorem ipsum dolor sit amet, consectetur adipiscing elit, sed do eiusmod tempor inci', 8, 319, 318),
(323, TIMESTAMP '2019-10-27 13:10:48.677', TIMESTAMP '2019-10-27 13:10:48.677', 'Reply 3 Lorem ipsum dolor sit amet, consectetur adipiscing elit, s', 20, 319, 318),
(324, TIMESTAMP '2019-10-27 13:10:48.679', TIMESTAMP '2019-10-27 13:10:48.679', 'Reply 4 Lorem ipsum dolor sit amet, consectetur adipiscing elit, sed do eiusmod tempor incidi', 17, 319, 318),
(326, TIMESTAMP '2019-10-27 13:10:48.71', TIMESTAMP '2019-10-27 13:10:48.71', 'Comment on root level. I really like this idea, but needs to be improved. 1572178248710', 20, NULL, 325);
INSERT INTO PUBLIC.COMMENTS(ID, CREATED_AT, UPDATED_AT, COMMENT, CREATED_BY_ID, PARENT_ID, PROPOSAL_ID) VALUES
(327, TIMESTAMP '2019-10-27 13:10:48.711', TIMESTAMP '2019-10-27 13:10:48.711', 'Reply 0 Lorem ipsum dolor sit amet, consectetur adipiscing elit, sed do eiusmod tempor incididunt ', 1, 326, 325),
(328, TIMESTAMP '2019-10-27 13:10:48.715', TIMESTAMP '2019-10-27 13:10:48.715', 'Reply 1 Lorem ipsum dolor sit amet, consectetur', 14, 326, 325),
(329, TIMESTAMP '2019-10-27 13:10:48.719', TIMESTAMP '2019-10-27 13:10:48.719', 'Reply 2 Lorem ipsum dolor sit amet, consectetur adipiscing elit, sed do eiusmod tempor ', 6, 326, 325),
(330, TIMESTAMP '2019-10-27 13:10:48.721', TIMESTAMP '2019-10-27 13:10:48.721', 'Reply 3 Lorem ipsum dolor sit amet, consectetur adipiscing elit, sed do eiusmod tempor incididunt ', 11, 326, 325),
(331, TIMESTAMP '2019-10-27 13:10:48.722', TIMESTAMP '2019-10-27 13:10:48.722', 'Reply 4 Lorem ipsum do', 7, 326, 325),
(333, TIMESTAMP '2019-10-27 13:10:48.751', TIMESTAMP '2019-10-27 13:10:48.751', 'Comment on root level. I really like this idea, but needs to be improved. 1572178248751', 5, NULL, 332),
(334, TIMESTAMP '2019-10-27 13:10:48.753', TIMESTAMP '2019-10-27 13:10:48.753', 'Reply 0 Lorem ipsum dolor sit amet, consectetur adipiscing elit, sed do eiusmo', 19, 333, 332),
(335, TIMESTAMP '2019-10-27 13:10:48.754', TIMESTAMP '2019-10-27 13:10:48.754', 'Reply 1 Lorem ipsum dolor sit amet, consectetur adipiscing elit, sed do eiusmod tempor incididunt ut lab', 4, 333, 332),
(336, TIMESTAMP '2019-10-27 13:10:48.755', TIMESTAMP '2019-10-27 13:10:48.755', 'Reply 2 Lorem ipsum do', 18, 333, 332),
(337, TIMESTAMP '2019-10-27 13:10:48.756', TIMESTAMP '2019-10-27 13:10:48.756', 'Reply 3 Lorem ipsum dolor sit amet, consectetur adipiscing elit, sed do ', 7, 333, 332),
(355, TIMESTAMP '2019-10-27 13:10:54.29', TIMESTAMP '2019-10-27 13:10:54.29', 'Comment on root level. I really like this idea, but needs to be improved. 1572178254290', 16, NULL, 354),
(356, TIMESTAMP '2019-10-27 13:10:54.291', TIMESTAMP '2019-10-27 13:10:54.291', 'Reply 0 Lorem ipsum dolor sit amet, consectetur adipiscing elit, sed do eiusmod tempor incididunt ut la', 14, 355, 354),
(357, TIMESTAMP '2019-10-27 13:10:54.292', TIMESTAMP '2019-10-27 13:10:54.292', 'Reply 1 Lorem ipsu', 14, 355, 354),
(360, TIMESTAMP '2019-10-27 13:10:54.311', TIMESTAMP '2019-10-27 13:10:54.311', 'Comment on root level. I really like this idea, but needs to be improved. 1572178254310', 4, NULL, 359),
(361, TIMESTAMP '2019-10-27 13:10:54.312', TIMESTAMP '2019-10-27 13:10:54.312', 'Reply 0 Lorem ipsum dolor sit amet, consectetur adipiscing elit, sed ', 8, 360, 359),
(362, TIMESTAMP '2019-10-27 13:10:54.313', TIMESTAMP '2019-10-27 13:10:54.313', 'Reply 1 Lorem ipsum dolor sit amet, consectetur adipiscing elit, sed do eiusmod', 13, 360, 359),
(363, TIMESTAMP '2019-10-27 13:10:54.314', TIMESTAMP '2019-10-27 13:10:54.314', 'Reply 2 Lorem ipsum dolor sit amet, consectetur adipiscing elit, sed do', 19, 360, 359),
(364, TIMESTAMP '2019-10-27 13:10:54.315', TIMESTAMP '2019-10-27 13:10:54.315', 'Reply 3 Lorem ipsum dolor sit amet, consectetur adipiscing elit, sed do eiusmod', 17, 360, 359),
(366, TIMESTAMP '2019-10-27 13:10:54.335', TIMESTAMP '2019-10-27 13:10:54.335', 'Comment on root level. I really like this idea, but needs to be improved. 1572178254334', 19, NULL, 365),
(367, TIMESTAMP '2019-10-27 13:10:54.336', TIMESTAMP '2019-10-27 13:10:54.336', 'Reply 0 Lorem ipsum dolor sit amet, consectetur adipiscing elit, sed do eiusmod tempor incididunt ', 16, 366, 365),
(368, TIMESTAMP '2019-10-27 13:10:54.337', TIMESTAMP '2019-10-27 13:10:54.337', 'Reply 1 Lorem ipsum dolor si', 17, 366, 365),
(369, TIMESTAMP '2019-10-27 13:10:54.338', TIMESTAMP '2019-10-27 13:10:54.338', 'Reply 2 Lorem ipsum dolor sit amet, co', 12, 366, 365),
(371, TIMESTAMP '2019-10-27 13:10:54.36', TIMESTAMP '2019-10-27 13:10:54.36', 'Comment on root level. I really like this idea, but needs to be improved. 1572178254360', 8, NULL, 370),
(372, TIMESTAMP '2019-10-27 13:10:54.361', TIMESTAMP '2019-10-27 13:10:54.361', 'Reply 0 Lorem ipsum dolor sit amet, consectetur adipiscing elit, sed do eiusmod tempor incididunt u', 8, 371, 370);
INSERT INTO PUBLIC.COMMENTS(ID, CREATED_AT, UPDATED_AT, COMMENT, CREATED_BY_ID, PARENT_ID, PROPOSAL_ID) VALUES
(373, TIMESTAMP '2019-10-27 13:10:54.362', TIMESTAMP '2019-10-27 13:10:54.362', 'Reply 1 Lorem ipsum dolor sit amet, con', 11, 371, 370),
(374, TIMESTAMP '2019-10-27 13:10:54.363', TIMESTAMP '2019-10-27 13:10:54.363', 'Reply 2 Lorem ipsum dolor sit amet, consectetur adipiscing elit, ', 17, 371, 370),
(375, TIMESTAMP '2019-10-27 13:10:54.364', TIMESTAMP '2019-10-27 13:10:54.364', 'Reply 3 Lorem ipsum dolor', 2, 371, 370),
(376, TIMESTAMP '2019-10-27 13:10:54.365', TIMESTAMP '2019-10-27 13:10:54.365', 'Reply 4 Lorem ipsum dolor sit amet, consectetur adipiscing elit, sed do eiusmod temp', 5, 371, 370),
(378, TIMESTAMP '2019-10-27 13:10:54.389', TIMESTAMP '2019-10-27 13:10:54.389', 'Comment on root level. I really like this idea, but needs to be improved. 1572178254389', 3, NULL, 377),
(379, TIMESTAMP '2019-10-27 13:10:54.39', TIMESTAMP '2019-10-27 13:10:54.39', 'Reply 0 Lorem ipsum dolor sit amet, consectet', 8, 378, 377),
(380, TIMESTAMP '2019-10-27 13:10:54.391', TIMESTAMP '2019-10-27 13:10:54.391', 'Reply 1 Lorem ipsum dolor sit amet, consectetur adipiscing elit, sed do eiusmod temp', 11, 378, 377),
(381, TIMESTAMP '2019-10-27 13:10:54.393', TIMESTAMP '2019-10-27 13:10:54.393', 'Reply 2 Lorem ipsum dolor sit amet, consecte', 15, 378, 377);
CREATE MEMORY TABLE PUBLIC.COMMENTS_DOWN_VOTERS(
COMMENT_MODEL_ID BIGINT NOT NULL,
DOWN_VOTERS_ID BIGINT NOT NULL
);
ALTER TABLE PUBLIC.COMMENTS_DOWN_VOTERS ADD CONSTRAINT PUBLIC.CONSTRAINT_2 PRIMARY KEY(COMMENT_MODEL_ID, DOWN_VOTERS_ID);
-- 329 +/- SELECT COUNT(*) FROM PUBLIC.COMMENTS_DOWN_VOTERS;
INSERT INTO PUBLIC.COMMENTS_DOWN_VOTERS(COMMENT_MODEL_ID, DOWN_VOTERS_ID) VALUES
(195, 18),
(195, 17),
(195, 1),
(196, 6),
(196, 8),
(196, 18),
(196, 20),
(197, 6),
(197, 18),
(197, 20),
(198, 18),
(198, 7),
(198, 15),
(199, 14),
(199, 3),
(199, 16),
(200, 6),
(200, 19),
(202, 18),
(203, 18),
(203, 14),
(203, 19),
(204, 16),
(205, 13),
(207, 8),
(207, 7),
(207, 9),
(208, 16),
(209, 8),
(209, 3),
(209, 15),
(210, 20),
(210, 5),
(210, 9),
(211, 13),
(212, 2),
(212, 14),
(212, 19),
(212, 12),
(214, 10),
(214, 1),
(214, 16),
(214, 9),
(215, 2),
(215, 15),
(216, 13),
(216, 11),
(216, 16),
(217, 18),
(217, 10),
(217, 9),
(218, 2),
(218, 17),
(218, 1),
(218, 16),
(218, 12),
(219, 17),
(219, 1),
(219, 5),
(221, 13),
(221, 8),
(221, 20),
(221, 7),
(221, 15),
(221, 16),
(221, 5),
(222, 18),
(222, 12),
(222, 5),
(223, 17),
(224, 17),
(224, 14),
(235, 11),
(235, 20),
(235, 14),
(235, 10),
(236, 4),
(236, 10),
(236, 15),
(236, 9),
(237, 17),
(237, 18),
(238, 9),
(239, 2),
(239, 13),
(239, 9),
(240, 5),
(245, 6),
(245, 11),
(245, 3),
(245, 19),
(245, 15),
(246, 13),
(246, 8),
(246, 17),
(249, 3),
(250, 7),
(251, 11),
(251, 3),
(251, 16),
(253, 4),
(254, 6),
(254, 7),
(254, 16),
(254, 15),
(255, 13),
(255, 8),
(255, 16),
(255, 15),
(255, 12),
(257, 14),
(257, 3),
(258, 12),
(259, 13),
(259, 11),
(261, 4),
(261, 8),
(261, 18),
(261, 1),
(261, 12),
(262, 2),
(262, 4),
(262, 10),
(262, 19),
(263, 11),
(263, 3),
(263, 5),
(265, 6),
(265, 17),
(265, 1),
(265, 3),
(265, 5),
(266, 6),
(266, 17),
(266, 14),
(266, 15),
(267, 18),
(267, 19),
(267, 12),
(267, 9),
(268, 6),
(268, 17),
(268, 3),
(268, 15),
(268, 9),
(269, 1),
(270, 11),
(270, 20),
(270, 3),
(270, 12),
(271, 7),
(271, 12),
(274, 2),
(274, 7),
(274, 1),
(274, 16),
(275, 2),
(276, 17),
(277, 4),
(277, 12),
(281, 2),
(281, 1),
(282, 7),
(282, 9),
(283, 4),
(283, 8),
(283, 15),
(283, 16),
(284, 11),
(285, 16),
(285, 12),
(287, 20),
(288, 6),
(288, 10),
(288, 12),
(289, 20),
(289, 3),
(291, 18),
(291, 20),
(291, 10),
(291, 15),
(292, 14),
(292, 10),
(292, 3),
(293, 8),
(296, 1),
(296, 19),
(296, 12),
(297, 11),
(297, 7),
(297, 5),
(298, 14),
(300, 16),
(300, 5),
(301, 15),
(301, 12),
(302, 19),
(303, 4),
(303, 1),
(304, 8),
(305, 1),
(306, 10),
(306, 5),
(310, 8),
(310, 1),
(311, 18),
(311, 16),
(312, 6),
(312, 7),
(312, 15),
(312, 16),
(313, 11),
(313, 17),
(313, 10),
(313, 9),
(314, 6),
(314, 11),
(314, 8),
(314, 19),
(314, 16),
(314, 5),
(316, 17),
(316, 7),
(316, 3),
(316, 5),
(317, 9),
(319, 19),
(320, 8),
(320, 20),
(320, 12),
(321, 4),
(321, 7),
(321, 1),
(321, 3),
(321, 19),
(321, 15),
(322, 13),
(323, 20),
(323, 9),
(324, 1),
(324, 5),
(326, 13),
(326, 6),
(326, 20),
(326, 3),
(326, 19),
(327, 17),
(327, 19),
(328, 6),
(328, 18),
(328, 9),
(329, 11),
(329, 7),
(330, 2),
(330, 13),
(330, 8),
(330, 10),
(331, 13),
(331, 1),
(333, 13),
(333, 18),
(333, 14),
(334, 2),
(335, 2),
(335, 13),
(335, 8),
(335, 20),
(336, 14),
(336, 1),
(337, 4),
(337, 1),
(337, 3),
(337, 9),
(355, 7),
(356, 1),
(356, 16),
(356, 9),
(357, 13),
(357, 11),
(357, 10),
(357, 3),
(360, 4),
(360, 18),
(360, 10),
(361, 4),
(361, 8),
(361, 17),
(361, 20),
(362, 14),
(363, 8),
(363, 1),
(364, 12),
(366, 3),
(366, 19),
(367, 6),
(367, 20),
(367, 16),
(367, 15),
(367, 5),
(368, 2),
(368, 17),
(368, 18),
(368, 9),
(369, 2),
(369, 4),
(369, 18),
(369, 7),
(369, 5),
(372, 7),
(372, 10),
(372, 1),
(372, 5),
(374, 10),
(374, 3),
(374, 19),
(374, 12),
(375, 2),
(375, 4),
(375, 9),
(376, 19),
(376, 12),
(379, 16),
(380, 12),
(380, 5),
(381, 7),
(381, 19),
(381, 15),
(381, 16),
(381, 12);
CREATE MEMORY TABLE PUBLIC.COMMENTS_UP_VOTERS(
COMMENT_MODEL_ID BIGINT NOT NULL,
UP_VOTERS_ID BIGINT NOT NULL
);
ALTER TABLE PUBLIC.COMMENTS_UP_VOTERS ADD CONSTRAINT PUBLIC.CONSTRAINT_20 PRIMARY KEY(COMMENT_MODEL_ID, UP_VOTERS_ID);
-- 346 +/- SELECT COUNT(*) FROM PUBLIC.COMMENTS_UP_VOTERS;
INSERT INTO PUBLIC.COMMENTS_UP_VOTERS(COMMENT_MODEL_ID, UP_VOTERS_ID) VALUES
(195, 13),
(195, 18),
(195, 16),
(195, 15),
(195, 5),
(196, 20),
(197, 4),
(197, 6),
(197, 11),
(197, 3),
(197, 12),
(198, 4),
(198, 17),
(198, 16),
(199, 16),
(199, 9),
(200, 2),
(200, 13),
(200, 8),
(200, 15),
(202, 4),
(203, 14),
(203, 1),
(203, 12),
(203, 5),
(204, 14),
(204, 10),
(205, 1),
(205, 12),
(207, 13),
(207, 17),
(207, 20),
(207, 19),
(209, 8),
(209, 11),
(209, 17),
(209, 12),
(209, 9),
(210, 2),
(211, 1),
(212, 18),
(212, 20),
(212, 12),
(214, 11),
(214, 17),
(214, 10),
(214, 16),
(214, 9),
(215, 4),
(215, 2),
(215, 13),
(215, 8),
(215, 20),
(216, 1),
(217, 20),
(217, 14),
(217, 3),
(218, 13),
(219, 7),
(219, 1),
(219, 9),
(221, 8),
(221, 20),
(221, 7),
(221, 15),
(222, 4),
(222, 2),
(222, 11),
(223, 11),
(223, 8),
(223, 7),
(223, 10),
(223, 1),
(223, 15),
(223, 16),
(224, 6),
(224, 14),
(224, 1),
(224, 12),
(235, 20),
(235, 15),
(236, 13),
(236, 3),
(236, 16),
(237, 14),
(237, 16),
(237, 15),
(237, 9),
(238, 13),
(238, 3),
(238, 19),
(239, 1),
(239, 5),
(239, 9),
(240, 13),
(240, 19),
(240, 16),
(240, 9),
(245, 1),
(245, 5),
(246, 7),
(247, 4),
(247, 16),
(249, 14),
(249, 5),
(250, 17),
(251, 12),
(252, 7),
(252, 9),
(253, 13),
(253, 17),
(253, 9),
(254, 2),
(254, 3),
(254, 16),
(255, 8),
(255, 18),
(255, 7),
(257, 2),
(257, 13),
(257, 14),
(257, 15),
(257, 5),
(258, 6),
(258, 1),
(259, 6),
(259, 19),
(260, 13),
(260, 10),
(260, 3),
(260, 16),
(260, 9),
(261, 4),
(261, 7),
(261, 14),
(265, 18),
(265, 9),
(266, 5),
(267, 8),
(267, 3),
(267, 19),
(267, 5),
(267, 9),
(268, 11),
(268, 15),
(269, 4),
(269, 8),
(269, 18),
(269, 7),
(269, 14),
(269, 1),
(269, 3),
(269, 15),
(270, 11),
(270, 20),
(270, 14),
(270, 1),
(271, 13),
(272, 2),
(272, 3),
(274, 14),
(275, 4),
(275, 15),
(276, 13),
(277, 3),
(277, 15),
(277, 5),
(280, 17),
(280, 1),
(281, 6),
(281, 8),
(281, 18),
(281, 3),
(282, 8),
(282, 14),
(282, 10),
(282, 1),
(282, 16),
(283, 11),
(283, 9),
(284, 4),
(284, 13),
(284, 11),
(284, 10),
(284, 16),
(284, 12),
(285, 13),
(287, 8),
(288, 4),
(288, 11),
(288, 20),
(288, 15),
(289, 2),
(289, 19),
(291, 19),
(291, 15),
(292, 6),
(292, 11),
(292, 1),
(292, 19),
(292, 15),
(293, 11),
(293, 17),
(293, 9),
(294, 18),
(294, 17),
(294, 14),
(296, 11),
(296, 10),
(296, 9),
(297, 4),
(297, 19),
(298, 2),
(298, 17),
(298, 1),
(298, 16),
(298, 12),
(298, 5),
(300, 17),
(300, 9),
(301, 4),
(301, 6),
(301, 18),
(301, 15),
(302, 11),
(302, 3),
(302, 9),
(303, 17),
(303, 18),
(303, 20),
(305, 11),
(305, 17),
(305, 15),
(309, 11),
(309, 3),
(310, 10),
(310, 3),
(311, 20),
(311, 1),
(312, 17),
(312, 10),
(312, 5),
(314, 17),
(315, 19),
(317, 17),
(317, 20),
(317, 12),
(320, 18),
(320, 1),
(320, 12),
(320, 9),
(321, 10),
(322, 4),
(322, 6),
(322, 17),
(322, 12),
(323, 10),
(324, 13),
(324, 18),
(324, 19),
(326, 6),
(326, 20),
(326, 3),
(327, 6),
(327, 17),
(327, 18),
(327, 19),
(327, 5),
(328, 20),
(328, 7),
(328, 3),
(330, 2),
(333, 16),
(334, 6),
(334, 7),
(334, 10),
(334, 3),
(334, 16),
(335, 10),
(335, 3),
(335, 12),
(337, 6),
(355, 13),
(355, 17),
(355, 5),
(356, 4),
(356, 11),
(356, 12),
(357, 6),
(357, 1),
(357, 16),
(357, 15),
(360, 2),
(360, 18),
(360, 20),
(360, 14),
(361, 11),
(361, 17),
(361, 1),
(361, 15),
(362, 18),
(362, 19),
(362, 5),
(364, 20),
(364, 19),
(364, 16),
(364, 12),
(366, 2),
(366, 11),
(366, 14),
(367, 2),
(367, 17),
(367, 12),
(369, 20),
(369, 3),
(369, 9),
(371, 11),
(371, 5),
(372, 17),
(372, 19),
(372, 16),
(372, 9),
(373, 18),
(373, 7),
(373, 12),
(374, 4),
(374, 8),
(374, 17),
(375, 10),
(375, 3),
(375, 5),
(376, 13),
(376, 18),
(376, 19),
(376, 5),
(378, 18),
(378, 1),
(378, 19),
(378, 5),
(379, 18),
(379, 7),
(379, 15),
(381, 6),
(381, 14),
(381, 1),
(381, 9);
CREATE MEMORY TABLE PUBLIC.DELEGATIONS(
ID BIGINT NOT NULL,
CREATED_AT TIMESTAMP NOT NULL,
UPDATED_AT TIMESTAMP NOT NULL,
REQUESTED_DELEGATION_AT TIMESTAMP,
TRANSITIVE BOOLEAN NOT NULL,
AREA_ID BIGINT NOT NULL,
FROM_USER_ID BIGINT NOT NULL,
REQUESTED_DELEGATION_FROM_CHECKSUM_CHECKSUM VARCHAR(255),
TO_PROXY_ID BIGINT NOT NULL
);
ALTER TABLE PUBLIC.DELEGATIONS ADD CONSTRAINT PUBLIC.CONSTRAINT_8 PRIMARY KEY(ID);
-- 9 +/- SELECT COUNT(*) FROM PUBLIC.DELEGATIONS;
INSERT INTO PUBLIC.DELEGATIONS(ID, CREATED_AT, UPDATED_AT, REQUESTED_DELEGATION_AT, TRANSITIVE, AREA_ID, FROM_USER_ID, REQUESTED_DELEGATION_FROM_CHECKSUM_CHECKSUM, TO_PROXY_ID) VALUES
(225, TIMESTAMP '2019-10-27 13:10:43.339', TIMESTAMP '2019-10-27 13:10:43.339', NULL, TRUE, 22, 2, NULL, 1),
(226, TIMESTAMP '2019-10-27 13:10:43.966', TIMESTAMP '2019-10-27 13:10:43.966', NULL, TRUE, 22, 3, NULL, 1),
(227, TIMESTAMP '2019-10-27 13:10:44.591', TIMESTAMP '2019-10-27 13:10:44.591', NULL, TRUE, 22, 4, NULL, 1),
(228, TIMESTAMP '2019-10-27 13:10:45.046', TIMESTAMP '2019-10-27 13:10:45.046', TIMESTAMP '2019-10-27 13:10:45.045', TRUE, 22, 5, '$2a$10$1IdrGrRAN2Wp3U7QI.JIzuyzQ7rc1NUML7xdU/e6YHhZeOOqX78w2', 2),
(229, TIMESTAMP '2019-10-27 13:10:45.654', TIMESTAMP '2019-10-27 13:10:45.654', NULL, TRUE, 22, 6, NULL, 3),
(230, TIMESTAMP '2019-10-27 13:10:46.266', TIMESTAMP '2019-10-27 13:10:46.266', NULL, TRUE, 22, 7, NULL, 4),
(231, TIMESTAMP '2019-10-27 13:10:46.871', TIMESTAMP '2019-10-27 13:10:46.871', NULL, TRUE, 22, 10, NULL, 7),
(232, TIMESTAMP '2019-10-27 13:10:47.483', TIMESTAMP '2019-10-27 13:10:47.483', NULL, TRUE, 22, 11, NULL, 7),
(233, TIMESTAMP '2019-10-27 13:10:48.09', TIMESTAMP '2019-10-27 13:10:48.09', NULL, FALSE, 22, 12, NULL, 7);
CREATE MEMORY TABLE PUBLIC.KEY_VALUE(
ID BIGINT NOT NULL,
KEY_COL VARCHAR(255) NOT NULL,
VALUE_COL VARCHAR(255)
);
ALTER TABLE PUBLIC.KEY_VALUE ADD CONSTRAINT PUBLIC.CONSTRAINT_7 PRIMARY KEY(ID);
-- 3 +/- SELECT COUNT(*) FROM PUBLIC.KEY_VALUE;
INSERT INTO PUBLIC.KEY_VALUE(ID, KEY_COL, VALUE_COL) VALUES
(33, 'liquido.supporters.for.proposal', '10'),
(241, 'liquido.days.until.voting.starts', '14'),
(242, 'liquido.duration.of.voting.phase', '14');
CREATE MEMORY TABLE PUBLIC.LAWS(
ID BIGINT NOT NULL,
CREATED_AT TIMESTAMP NOT NULL,
UPDATED_AT TIMESTAMP NOT NULL,
DESCRIPTION VARCHAR(1000) NOT NULL,
REACHED_QUORUM_AT TIMESTAMP,
STATUS INTEGER NOT NULL,
TITLE VARCHAR(255) NOT NULL,
AREA_ID BIGINT NOT NULL,
CREATED_BY_ID BIGINT,
POLL_ID BIGINT
);
ALTER TABLE PUBLIC.LAWS ADD CONSTRAINT PUBLIC.CONSTRAINT_23 PRIMARY KEY(ID);
-- 188 +/- SELECT COUNT(*) FROM PUBLIC.LAWS;
INSERT INTO PUBLIC.LAWS(ID, CREATED_AT, UPDATED_AT, DESCRIPTION, REACHED_QUORUM_AT, STATUS, TITLE, AREA_ID, CREATED_BY_ID, POLL_ID) VALUES
(32, TIMESTAMP '2019-10-26 13:10:40.107', TIMESTAMP '2019-10-27 13:10:40.108', 'LtQFky5v Lorem ipsum dolor sit amet, consectetur adipiscing elit, sed do eiusmod tempor incididunt ut labore et dolore magna aliqua. Ut enim ad minim veniam, quis nostrud exercitation ullamco laboris nisi ut aliquip ex ea commodo consequat. Duis aute irure dolor in re', NULL, 0, 'Idea 0 title from TestFixtures', 22, 10, NULL),
(34, TIMESTAMP '2019-10-25 13:10:40.124', TIMESTAMP '2019-10-26 13:10:40.124', 'eoEwWHEy Lorem ipsum dolor sit amet, consectetur adipiscing elit, sed do eiusmod tempor incididunt ut labore et dolore magna a', NULL, 0, 'Idea 1 that suggest that we definitely need a longer title for ideas', 23, 19, NULL),
(35, TIMESTAMP '2019-10-24 13:10:40.164', TIMESTAMP '2019-10-25 13:10:40.164', 'elerDzAc Lorem ipsum dolor sit amet, consectetur adipiscing elit, sed do eiusmod tempor incididunt ut labore et dolore magna aliqua. Ut enim ad minim veniam, quis nostrud exercitation ullamco laboris nisi ut aliquip ex ea commodo consequat. Duis aute irure dolor in reprehenderit in v', NULL, 0, 'Idea 2 that suggest that we definitely need a longer title for ideas', 24, 2, NULL),
(36, TIMESTAMP '2019-10-23 13:10:40.214', TIMESTAMP '2019-10-24 13:10:40.214', 'Sof6ayc4 Lorem ipsum dolor sit amet, consectetur adipiscing elit, sed do eiusmod tempor incididunt ut labore et dolore magna aliqua. Ut enim ad minim veniam, quis nostrud exercitation ullamco laboris nisi ut aliquip ex ea commodo consequat. Duis ', NULL, 0, 'Idea 3 that suggest that we definitely need a longer title for ideas', 25, 16, NULL),
(37, TIMESTAMP '2019-10-22 13:10:40.228', TIMESTAMP '2019-10-23 13:10:40.228', '7dRvmuyR Lorem ipsum dolor sit amet, consectetur adipiscing elit, sed do eiusmod tempor incididunt ut labore et dolore magna aliqua. Ut enim ad minim veniam, quis nostrud exercitation ullamco laboris nisi ut aliquip ', NULL, 0, 'Idea 4 that suggest that we definitely need a longer title for ideas', 26, 12, NULL),
(38, TIMESTAMP '2019-10-21 13:10:40.244', TIMESTAMP '2019-10-22 13:10:40.244', 'rxTerD7r Lorem ipsum dolor sit amet, consectetur adipiscing elit, sed do eiusmod tempor incididunt ut labore et dolore magna aliqua. Ut enim ad minim veniam, quis nostrud exercitation ullamco laboris nisi ut aliquip ex ea commodo consequat. Duis aute irure dolor in reprehenderit in voluptate velit esse cillum d', NULL, 0, 'Idea 5 that suggest that we definitely need a longer title for ideas', 27, 10, NULL),
(39, TIMESTAMP '2019-10-20 13:10:40.264', TIMESTAMP '2019-10-21 13:10:40.264', 'BKKPS7dv Lorem ipsum dolor sit ame', NULL, 0, 'Idea 6 that suggest that we definitely need a longer title for ideas', 28, 15, NULL),
(40, TIMESTAMP '2019-10-19 13:10:40.279', TIMESTAMP '2019-10-20 13:10:40.28', 'veSHo0lC L', NULL, 0, 'Idea 7 that suggest that we definitely need a longer title for ideas', 29, 12, NULL),
(41, TIMESTAMP '2019-10-18 13:10:40.296', TIMESTAMP '2019-10-19 13:10:40.296', 'FCSC69l2 Lorem ipsum dolor sit amet, consectetur adipiscing elit, sed do eiusmod tempor incididunt ut labore et dolore magna aliqua. Ut enim ad minim veniam, quis nostrud exercitation ullamco laboris nisi ut aliquip ex ea commodo consequat. Duis aute irure dolor in reprehenderit in volupta', NULL, 0, 'Idea 8 that suggest that we definitely need a longer title for ideas', 30, 8, NULL),
(42, TIMESTAMP '2019-10-17 13:10:40.298', TIMESTAMP '2019-10-18 13:10:40.299', 'vnnNLPvn Lorem ipsum dolor sit amet, consectetur adipiscing elit, sed do eiusmod tempor incididunt ut labore e', NULL, 0, 'Idea 9 that suggest that we definitely need a longer title for ideas', 31, 5, NULL),
(43, TIMESTAMP '2019-10-16 13:10:40.305', TIMESTAMP '2019-10-17 13:10:40.306', '6NrwE6wP Lorem ipsum dolor sit amet, consectetur adipiscing elit, sed do eiusmod tempor incididunt ut labore et dolore magna aliqua. Ut enim ad minim veniam, quis nostrud exercitation ullamco labo', NULL, 0, 'Idea 10 that suggest that we definitely need a longer title for ideas', 22, 13, NULL);
INSERT INTO PUBLIC.LAWS(ID, CREATED_AT, UPDATED_AT, DESCRIPTION, REACHED_QUORUM_AT, STATUS, TITLE, AREA_ID, CREATED_BY_ID, POLL_ID) VALUES
(44, TIMESTAMP '2019-10-15 13:10:40.337', TIMESTAMP '2019-10-16 13:10:40.339', 't65bxnFZ Lorem ipsum dolor sit amet, consectetur adipiscing elit, sed do eiusmod tempor incididunt ut labore et dolore magna aliqua. Ut enim ad minim veniam, quis nostrud exercitation ullamco laboris nisi ut aliquip ex ea commodo consequat. Duis aute irure dolor in reprehenderit in voluptate velit esse cillum dolore eu fugiat nulla pariatur. Excepteu', NULL, 0, 'Idea 11 that suggest that we definitely need a longer title for ideas', 23, 6, NULL),
(45, TIMESTAMP '2019-10-14 13:10:40.364', TIMESTAMP '2019-10-15 13:10:40.364', 'wqmo67xb Lorem ipsum dolor sit amet, consectetur adipiscing elit, sed do eiusmod tempor incididunt ut labore et dolore magna aliqua. Ut enim ad minim', NULL, 0, 'Idea 12 that suggest that we definitely need a longer title for ideas', 24, 13, NULL),
(46, TIMESTAMP '2019-10-13 13:10:40.398', TIMESTAMP '2019-10-14 13:10:40.398', '9GyQscqZ Lorem ipsum dolor sit amet, consectetur adipiscing elit, sed do eiusmod tempor incididunt ut labore et dolore magna aliqua. Ut enim ad minim veniam, quis nostrud exercitation ullamco laboris nisi ut aliquip ex ea commodo consequat. Duis aute irure dolor in ', NULL, 0, 'Idea 13 that suggest that we definitely need a longer title for ideas', 25, 3, NULL),
(47, TIMESTAMP '2019-10-12 13:10:40.406', TIMESTAMP '2019-10-13 13:10:40.406', 'UTZrHdkQ Lorem ipsum dolor sit amet, consectetur adipiscing elit, sed do eiusmod tempor incididunt ut labore et dolore ', NULL, 0, 'Idea 14 that suggest that we definitely need a longer title for ideas', 26, 1, NULL),
(48, TIMESTAMP '2019-10-11 13:10:40.419', TIMESTAMP '2019-10-12 13:10:40.419', 'Q7BeQ9nk Lorem ipsum dolor sit amet, consectetur adipiscing elit, sed do eiusmod tempor incididunt ut labore et dolore magna aliqua. Ut enim ad minim veniam, quis nostrud exercitation ullamco lab', NULL, 0, 'Idea 15 that suggest that we definitely need a longer title for ideas', 27, 17, NULL),
(49, TIMESTAMP '2019-10-10 13:10:40.426', TIMESTAMP '2019-10-11 13:10:40.426', 'LgBfykup Lorem ipsum dolor sit amet, consectetur adipiscing elit, sed do eiusmod tempor incididunt ut labore et dolore magna aliqua. Ut enim ad minim veniam, quis nostrud exercitation ullamco laboris nisi ut aliquip ex ea commodo consequat. Duis aute irure dolor in reprehenderit in voluptate velit esse ', NULL, 0, 'Idea 16 that suggest that we definitely need a longer title for ideas', 28, 11, NULL),
(50, TIMESTAMP '2019-10-09 13:10:40.438', TIMESTAMP '2019-10-10 13:10:40.438', 'oV86kKQK Lorem ipsum dolor sit amet, consectetur adipiscing elit, sed do eiusmod tempor incididunt ut labore et dolore magna aliqua. Ut enim ad minim veniam, quis nostrud exercitation ullamco laboris nisi ut aliquip ex ea commodo consequat. Duis aute irure dolor in reprehenderit in vo', NULL, 0, 'Idea 17 that suggest that we definitely need a longer title for ideas', 29, 9, NULL),
(51, TIMESTAMP '2019-10-08 13:10:40.451', TIMESTAMP '2019-10-09 13:10:40.451', 'GomC5aBz Lorem ipsum dolor sit amet, consectetur adipiscing elit, sed do eiusmod tempor incididunt ut labore et dolore magna aliqua. Ut enim ad minim veniam, quis nostrud exercitation ullamco laboris nisi ut aliquip ex ea commodo consequat. Duis aute irure dolor in reprehenderit in voluptate velit esse cillum dolore eu fugiat nulla pariatur. Excepteur sint occaecat cupi', NULL, 0, 'Idea 18 that suggest that we definitely need a longer title for ideas', 30, 20, NULL),
(52, TIMESTAMP '2019-10-07 13:10:40.466', TIMESTAMP '2019-10-08 13:10:40.467', '8SHBkbRM Lorem ipsum dolor sit amet, consectetur adipiscing elit, sed do eiusmod tempor incididunt ut labore et dolore magna aliqua. Ut enim ad minim veniam, quis nostrud exercitation ullamco laboris nisi ut aliquip ex ea commodo consequat. Duis aute', NULL, 0, 'Idea 19 that suggest that we definitely need a longer title for ideas', 31, 6, NULL),
(53, TIMESTAMP '2019-10-06 13:10:40.489', TIMESTAMP '2019-10-07 13:10:40.489', 'MSKGVwvM Lorem ipsum dolor sit amet, consectetur adipiscing elit, sed do eiusmod tempor incididunt ut labore et dolore magna aliqua. Ut enim ad minim veniam, quis nostrud exercitation ullamco laboris nisi ut aliquip ex ea commodo conse', NULL, 0, 'Idea 20 that suggest that we definitely need a longer title for ideas', 22, 3, NULL);
INSERT INTO PUBLIC.LAWS(ID, CREATED_AT, UPDATED_AT, DESCRIPTION, REACHED_QUORUM_AT, STATUS, TITLE, AREA_ID, CREATED_BY_ID, POLL_ID) VALUES
(54, TIMESTAMP '2019-10-05 13:10:40.496', TIMESTAMP '2019-10-06 13:10:40.496', 'MhfLaTeC Lorem ipsum dolor sit amet, consectetur adipiscing elit, sed do eiusmod tempor incididunt ut labore et dolore magna aliqua. Ut enim ad minim veniam, quis nostrud exercitation ullamco laboris nisi ut aliquip ex ea commodo consequat', NULL, 0, 'Idea 21 that suggest that we definitely need a longer title for ideas', 23, 3, NULL),
(55, TIMESTAMP '2019-10-04 13:10:40.506', TIMESTAMP '2019-10-05 13:10:40.506', '2yNEf6Tl Lorem ipsum dolor sit amet, consectetur adipiscing elit, sed do eiusmod tempor incididunt ut labore et dolore magna aliqua. Ut enim ad minim veniam, quis nostrud exercitation ullamco laboris nisi ut aliquip ex ea comm', NULL, 0, 'Idea 22 that suggest that we definitely need a longer title for ideas', 24, 13, NULL),
(56, TIMESTAMP '2019-10-03 13:10:40.512', TIMESTAMP '2019-10-04 13:10:40.512', 'BkV22b6M Lorem ipsum dolor sit amet, consectetur adipiscing elit, sed do eiusmod tempor incididunt ut labore et dolore magna aliqua. Ut enim ad minim veniam, quis nostrud exercitation ullamco laboris nisi ut aliquip ex ea commodo consequat. Duis aute irure dolor in reprehenderit in voluptate velit esse cillum dolore eu fugiat nulla pariatur. Exc', NULL, 0, 'Idea 23 that suggest that we definitely need a longer title for ideas', 25, 12, NULL),
(57, TIMESTAMP '2019-10-02 13:10:40.558', TIMESTAMP '2019-10-03 13:10:40.558', 'm7dtuD5K Lorem ipsum dolor sit amet, consectetur adipiscing elit, sed do eiusmod tempor incididunt ut labore et dolore magna aliqua. Ut enim ad minim veniam, quis nostrud exercitation ullamco laboris nisi ut aliquip ex ea commodo consequa', NULL, 0, 'Idea 24 that suggest that we definitely need a longer title for ideas', 26, 9, NULL),
(58, TIMESTAMP '2019-10-01 13:10:40.601', TIMESTAMP '2019-10-02 13:10:40.602', 'BMuZsMB4 Lorem ipsum dolor sit amet, consectetur adipiscing elit, sed do eiusmod tempor incididunt ut labore et dolore magna aliqua. Ut enim ad minim veniam, quis nostrud exercitation ullamco laboris nisi ut aliquip ex ea commodo consequat. Duis aute irure dolor in reprehenderit in voluptate velit esse cillum dolore eu fugiat nulla pariatur. Excepteur sint occaecat cupidatat non proident, sunt ', NULL, 0, 'Idea 25 that suggest that we definitely need a longer title for ideas', 27, 20, NULL),
(59, TIMESTAMP '2019-09-30 13:10:40.631', TIMESTAMP '2019-10-01 13:10:40.631', 'pXwWNd5P Lorem ipsum dolor sit amet, consectetur adipiscing elit, sed do eiusmod tempor incididunt ut labore et dolore magna aliqua. Ut enim ad minim veniam, quis nostrud exercitation ullamco laboris nisi ut aliquip ex ea commodo consequat. Duis aute irure dolor in reprehenderit in voluptate veli', NULL, 0, 'Idea 26 that suggest that we definitely need a longer title for ideas', 28, 14, NULL),
(60, TIMESTAMP '2019-09-29 13:10:40.639', TIMESTAMP '2019-09-30 13:10:40.639', 'vxSfKQSQ Lorem ipsum dolor sit amet, consectetur adipiscing elit, sed do eiusmod tempor incididunt ut labore et dolore magna aliqua. Ut enim ad minim veniam, quis nostrud exercitation ullamco laboris nisi ut aliquip ex ea commodo consequat. Duis aute irure dolo', NULL, 0, 'Idea 27 that suggest that we definitely need a longer title for ideas', 29, 6, NULL),
(61, TIMESTAMP '2019-09-28 13:10:40.658', TIMESTAMP '2019-09-29 13:10:40.658', 'US9oxQ58 Lorem ipsum dolor sit amet, consectetur adipiscing elit, sed do eiusmod tempor incididunt ut labore et dolore magna aliqua. Ut enim ad minim veniam, quis nostrud exercitation ullamco laboris nisi ut aliquip ex ea commodo consequat. Duis aute irure dolor ', NULL, 0, 'Idea 28 that suggest that we definitely need a longer title for ideas', 30, 3, NULL),
(62, TIMESTAMP '2019-09-27 13:10:40.66', TIMESTAMP '2019-09-28 13:10:40.66', 'B3KZNdx0 Lorem ipsum dolor sit amet, consectetur ad', NULL, 0, 'Idea 29 that suggest that we definitely need a longer title for ideas', 31, 15, NULL),
(63, TIMESTAMP '2019-09-26 13:10:40.674', TIMESTAMP '2019-09-27 13:10:40.674', 'obktDGT4 Lorem ipsum dolor sit amet, consectetur adipiscing', NULL, 0, 'Idea 30 that suggest that we definitely need a longer title for ideas', 22, 16, NULL);
INSERT INTO PUBLIC.LAWS(ID, CREATED_AT, UPDATED_AT, DESCRIPTION, REACHED_QUORUM_AT, STATUS, TITLE, AREA_ID, CREATED_BY_ID, POLL_ID) VALUES
(64, TIMESTAMP '2019-09-25 13:10:40.679', TIMESTAMP '2019-09-26 13:10:40.679', 'zYz3QfDK Lorem ipsum dolor sit amet, consectetur adipiscing elit, sed do eiusmod tempor incididunt ut labore et dolore magna aliqua. Ut enim ad minim veniam, quis nostrud exercitation ullamco laboris nisi ut aliquip ex ea commodo consequat. Duis aute irure dolor in reprehenderit in voluptate velit esse cillum dolore eu fugiat nulla pariatur. Excepteur sint occaecat cupidatat non proid', NULL, 0, 'Idea 31 that suggest that we definitely need a longer title for ideas', 23, 16, NULL),
(65, TIMESTAMP '2019-09-24 13:10:40.685', TIMESTAMP '2019-09-25 13:10:40.686', 'Cs2wfFx5 Lorem ipsum dolor sit amet, consectetur adipiscing elit, sed do eiusmod tempor incididunt ut labore et dolore magna aliqua. Ut enim ad minim veniam, quis nostrud exercitation ullamco laboris nisi ut aliquip ex ea commodo consequat. Duis aute irure dolor in reprehenderit in voluptate velit esse cillum dolore eu fugiat nulla pariatur. Excep', NULL, 0, 'Idea 32 that suggest that we definitely need a longer title for ideas', 24, 3, NULL),
(66, TIMESTAMP '2019-09-23 13:10:40.694', TIMESTAMP '2019-09-24 13:10:40.694', 'kxN2tyLZ Lorem ipsum dolor sit amet, consectetur adipiscing elit, sed do eiusmod tempor incididunt ut labore et d', NULL, 0, 'Idea 33 that suggest that we definitely need a longer title for ideas', 25, 14, NULL),
(67, TIMESTAMP '2019-09-22 13:10:40.712', TIMESTAMP '2019-09-23 13:10:40.712', '6xtKZ6Mh Lorem ipsum dolor sit amet, consectetur adipiscing elit, sed do eiusmod tempor incididunt ut labore et dolore magna aliqua. Ut enim ad minim veniam, quis nostrud exercitation ullamco laboris ', NULL, 0, 'Idea 34 that suggest that we definitely need a longer title for ideas', 26, 14, NULL),
(68, TIMESTAMP '2019-09-21 13:10:40.735', TIMESTAMP '2019-09-22 13:10:40.735', 'on38M33U Lorem ipsum dolor sit amet, consectetur adipiscing elit, sed do eiusmod tempor incididunt ut labore et dolore magna aliqua. Ut enim ad minim veniam, quis nostrud exercitation ullamco lab', NULL, 0, 'Idea 35 that suggest that we definitely need a longer title for ideas', 27, 13, NULL),
(69, TIMESTAMP '2019-09-20 13:10:40.749', TIMESTAMP '2019-09-21 13:10:40.749', 'PSqH7P8E Lorem ipsum dolor sit amet, consectetur adipiscing elit, sed do eiusmod tempor incididunt ut labore et dolore magna aliqua. Ut enim ad minim veniam, quis nostrud exe', NULL, 0, 'Idea 36 that suggest that we definitely need a longer title for ideas', 28, 7, NULL),
(70, TIMESTAMP '2019-09-19 13:10:40.754', TIMESTAMP '2019-09-20 13:10:40.754', 'Qw8EQ3Nt Lorem ipsum dolor sit amet, consectetur adipiscing elit, sed do eiusmod tempor incididunt ut labore et dolore magna aliqu', NULL, 0, 'Idea 37 that suggest that we definitely need a longer title for ideas', 29, 20, NULL),
(71, TIMESTAMP '2019-09-18 13:10:40.764', TIMESTAMP '2019-09-19 13:10:40.764', 'VO36W0QV Lorem ipsum dolor sit amet, consectetur adipiscing elit, sed do eiusmod tempor incididunt ut labore et dolore magna aliqua. Ut enim ad minim veniam, quis nostrud exercitation ullamco laboris nisi ut aliquip ex ea commodo consequat. Duis aute irure dolo', NULL, 0, 'Idea 38 that suggest that we definitely need a longer title for ideas', 30, 5, NULL),
(72, TIMESTAMP '2019-09-17 13:10:40.776', TIMESTAMP '2019-09-18 13:10:40.776', 'bQ5ltbGH Lorem ipsum dolor sit amet, consectetur adipiscing elit, sed do eiusmod tempor incididunt ut labore et dolore magna aliqua. Ut enim ad minim veniam, quis nostrud exercitation ullamco laboris nisi ut aliquip ex ea ', NULL, 0, 'Idea 39 that suggest that we definitely need a longer title for ideas', 31, 18, NULL),
(73, TIMESTAMP '2019-09-16 13:10:40.796', TIMESTAMP '2019-09-17 13:10:40.796', 'plTSvzZk Lorem ipsum dolor sit amet, consectetur adipiscin', NULL, 0, 'Idea 40 that suggest that we definitely need a longer title for ideas', 22, 1, NULL),
(74, TIMESTAMP '2019-09-15 13:10:40.806', TIMESTAMP '2019-09-16 13:10:40.807', 'TaN9uQOo Lorem ipsum dolor sit amet, consectetur adipiscing elit, sed do eiusmod tempor incididunt ut labore et dolore magna aliqua. Ut enim ad ', NULL, 0, 'Idea 41 that suggest that we definitely need a longer title for ideas', 23, 8, NULL);
INSERT INTO PUBLIC.LAWS(ID, CREATED_AT, UPDATED_AT, DESCRIPTION, REACHED_QUORUM_AT, STATUS, TITLE, AREA_ID, CREATED_BY_ID, POLL_ID) VALUES
(75, TIMESTAMP '2019-09-14 13:10:40.81', TIMESTAMP '2019-09-15 13:10:40.811', '0p8aqh60 Lorem ipsum dolor sit amet, consectetur adipiscing elit, sed do eiusmod tempor incididunt ut labore et dolore magna aliqua. Ut enim ad minim veniam, quis nostrud exercitation ullamco laboris nisi ut aliquip ex ea commodo consequat. Duis aute irure dolor in reprehenderit in voluptate velit esse cillum dolore eu fugiat nulla par', NULL, 0, 'Idea 42 that suggest that we definitely need a longer title for ideas', 24, 14, NULL),
(76, TIMESTAMP '2019-09-13 13:10:40.822', TIMESTAMP '2019-09-14 13:10:40.822', 'PAQzWwhM Lorem ipsum dolor sit amet, consectetur adipiscing elit, sed do eiusmod tempor incididunt ut labore et dolore magna aliqua. Ut enim ad minim veniam, quis nostrud exercitation ullamco laboris nisi ut aliquip ex ea commodo consequat. Duis aute irure dolor in ', NULL, 0, 'Idea 43 that suggest that we definitely need a longer title for ideas', 25, 6, NULL),
(77, TIMESTAMP '2019-09-12 13:10:40.835', TIMESTAMP '2019-09-13 13:10:40.835', 'vYd4wyvx Lorem ipsum dolor sit amet, consectetur adipiscing elit, sed do eiusmod tempor incididunt ut labore et dolore magna aliqua. Ut enim ad minim veniam, quis nostrud exercitation ullamco laboris nisi ut aliquip ex ea commodo consequat. Duis aute irure dolor in reprehenderit in voluptate velit esse cillum dolore eu fugiat nulla pariatur. Excepteur sint occaecat cu', NULL, 0, 'Idea 44 that suggest that we definitely need a longer title for ideas', 26, 5, NULL),
(78, TIMESTAMP '2019-09-11 13:10:40.851', TIMESTAMP '2019-09-12 13:10:40.851', 'NMoXwDt4 Lorem ipsum dolor sit amet, consectetur adipiscing elit, sed do eiusmod tempor incididunt ut labor', NULL, 0, 'Idea 45 that suggest that we definitely need a longer title for ideas', 27, 19, NULL),
(79, TIMESTAMP '2019-09-10 13:10:40.859', TIMESTAMP '2019-09-11 13:10:40.86', 'pSSzDsop Lorem ipsum dolor sit amet, consectetur adipiscing elit, sed do eiusmod tempor incid', NULL, 0, 'Idea 46 that suggest that we definitely need a longer title for ideas', 28, 5, NULL),
(80, TIMESTAMP '2019-09-09 13:10:40.871', TIMESTAMP '2019-09-10 13:10:40.872', '7EUrvA7c Lorem ipsum dolor sit amet, consectetur adipiscing elit, sed do eiusmod tempor incididunt ut labore et dolore magna aliqua. Ut enim ad minim veniam, quis nostrud exercitation ullamco laboris nisi ut aliquip ex ea commodo consequat. Duis aute irure dolor in reprehenderit in voluptate velit esse cillum dolore eu fugiat nulla pariatur. Excepteur sint occaecat cupidatat non proident, sunt in cul', NULL, 0, 'Idea 47 that suggest that we definitely need a longer title for ideas', 29, 9, NULL),
(81, TIMESTAMP '2019-09-08 13:10:40.879', TIMESTAMP '2019-09-09 13:10:40.879', 'tAN4Rncx Lorem ipsum dolor sit amet, consectetur adipiscing elit, sed do', NULL, 0, 'Idea 48 that suggest that we definitely need a longer title for ideas', 30, 5, NULL),
(82, TIMESTAMP '2019-09-07 13:10:40.887', TIMESTAMP '2019-09-08 13:10:40.887', 'TD2Z9GaC Lorem ipsum dolor sit amet, consectetur adipiscing elit, sed do eiusmod tempor incididunt ut labore et dolore magna aliqua. Ut enim ad minim veniam, quis nostrud exercitation ullamco laboris nisi ut aliquip ex ea comm', NULL, 0, 'Idea 49 that suggest that we definitely need a longer title for ideas', 31, 5, NULL),
(83, TIMESTAMP '2019-09-06 13:10:40.898', TIMESTAMP '2019-09-07 13:10:40.898', 'ZCfNNvHo Lorem ipsum dolor sit amet, consectetur adipiscing elit, sed do eiusmod tempor incididunt ut labore et dolore magna aliqua. Ut enim ad minim veniam, quis nostrud exercitation ullamco laboris nisi ut aliquip ex ea commodo consequa', NULL, 0, 'Idea 50 that suggest that we definitely need a longer title for ideas', 22, 1, NULL),
(84, TIMESTAMP '2019-09-05 13:10:40.901', TIMESTAMP '2019-09-06 13:10:40.902', 'SbGTGYbY Lorem ipsum dolor sit amet, consectetur adipiscing elit, sed do eiusmod tempor incididunt ut labore et dolore magna al', NULL, 0, 'Idea 51 that suggest that we definitely need a longer title for ideas', 23, 14, NULL);
INSERT INTO PUBLIC.LAWS(ID, CREATED_AT, UPDATED_AT, DESCRIPTION, REACHED_QUORUM_AT, STATUS, TITLE, AREA_ID, CREATED_BY_ID, POLL_ID) VALUES
(85, TIMESTAMP '2019-09-04 13:10:40.906', TIMESTAMP '2019-09-05 13:10:40.906', 'zdM59gFK Lorem ipsum dolor sit amet, consectetur adipiscing elit, sed do eiusmod tempor incididunt ut labore et dolore magna aliqua. Ut enim ad minim veniam, quis nostrud exercitation ullamco laboris nisi', NULL, 0, 'Idea 52 that suggest that we definitely need a longer title for ideas', 24, 20, NULL),
(86, TIMESTAMP '2019-09-03 13:10:40.913', TIMESTAMP '2019-09-04 13:10:40.913', 'UDc4aBKB Lorem ipsum dolor sit amet, consectetur adipiscing elit, sed do eiusmod ', NULL, 0, 'Idea 53 that suggest that we definitely need a longer title for ideas', 25, 6, NULL),
(87, TIMESTAMP '2019-09-02 13:10:40.921', TIMESTAMP '2019-09-03 13:10:40.921', 'YTSyBeCM Lorem ipsum dolor sit amet, consectetur adipiscing elit, sed do eiusmod tempor incididunt ut labore et dolore magna aliqua. Ut enim ad minim veniam, quis nostrud exercitation ullamco laboris nisi ut aliquip ex ea commodo consequat. Duis aute irure dolor in reprehenderit in voluptate velit esse cillum dolore eu fugiat nulla pariatur. Excepteur sint occ', NULL, 0, 'Idea 54 that suggest that we definitely need a longer title for ideas', 26, 11, NULL),
(88, TIMESTAMP '2019-09-01 13:10:40.925', TIMESTAMP '2019-09-02 13:10:40.925', 'mevgRqb6 Lorem ipsum dolor sit amet, consectetur adipiscing elit, sed do eiusmod tempor incididunt ut labore et dolore magna aliqua. Ut enim ad minim veniam, quis nostrud exercitation ullamco laboris nisi ut aliquip ex ea commodo consequat. Duis aute irure dolor in reprehenderit in voluptate velit esse cillum d', NULL, 0, 'Idea 55 that suggest that we definitely need a longer title for ideas', 27, 15, NULL),
(89, TIMESTAMP '2019-08-31 13:10:40.938', TIMESTAMP '2019-09-01 13:10:40.938', 'BWkwafky Lorem ipsum dolor sit amet, consectetur adipiscing elit, sed do eiusmod tempor incididunt ut labore et dolore magna aliqua. Ut enim ad minim veniam, quis nostr', NULL, 0, 'Idea 56 that suggest that we definitely need a longer title for ideas', 28, 8, NULL),
(90, TIMESTAMP '2019-08-30 13:10:40.943', TIMESTAMP '2019-08-31 13:10:40.943', 'SXPPZfyn Lorem ipsum dolor sit amet, consectetur adipiscing elit, sed do eiusmod tempor incididunt ut labore et dolore magna aliqua. Ut enim ad minim veniam, qui', NULL, 0, 'Idea 57 that suggest that we definitely need a longer title for ideas', 29, 5, NULL),
(91, TIMESTAMP '2019-08-29 13:10:40.95', TIMESTAMP '2019-08-30 13:10:40.95', 'l6EKoEpg Lorem ipsum dolor sit amet, consectetur adipiscing elit, sed do eiusmod tempor incididunt ut labore et dolore magna aliqua. Ut enim ad minim veniam, quis nostrud exercitation ullamco labo', NULL, 0, 'Idea 58 that suggest that we definitely need a longer title for ideas', 30, 20, NULL),
(92, TIMESTAMP '2019-08-28 13:10:40.96', TIMESTAMP '2019-08-29 13:10:40.96', 'LggEYk0N Lorem ipsum dolor sit amet, consectetur adipiscing elit, sed do eiusmod tempor incididunt ut labore et dolore magna', NULL, 0, 'Idea 59 that suggest that we definitely need a longer title for ideas', 31, 13, NULL),
(93, TIMESTAMP '2019-08-27 13:10:40.975', TIMESTAMP '2019-08-28 13:10:40.975', 'L4dMdRHs Lorem ipsum dolor sit amet, consectetur adipiscing elit, sed do eiusmod tempor incididunt ut labore et dolore magna aliqua. Ut enim ad minim veniam, quis nostrud exercitation ullamco laboris nisi ut al', NULL, 0, 'Idea 60 that suggest that we definitely need a longer title for ideas', 22, 19, NULL),
(94, TIMESTAMP '2019-08-26 13:10:40.984', TIMESTAMP '2019-08-27 13:10:40.984', 'fnzPnWma Lorem ipsum d', NULL, 0, 'Idea 61 that suggest that we definitely need a longer title for ideas', 23, 18, NULL),
(95, TIMESTAMP '2019-08-25 13:10:40.994', TIMESTAMP '2019-08-26 13:10:40.995', '7KO7dFMU Lorem ipsum dolor sit amet, consectetur adipiscing elit, sed do eiusmod tempor incididunt ut labore et dolore magna aliqua. Ut enim ad minim veniam, quis nostrud exercitation ullamco laboris nisi ut aliquip ex ea commodo consequat. Duis aute irure dolor in reprehenderit in voluptate velit es', NULL, 0, 'Idea 62 that suggest that we definitely need a longer title for ideas', 24, 8, NULL);
INSERT INTO PUBLIC.LAWS(ID, CREATED_AT, UPDATED_AT, DESCRIPTION, REACHED_QUORUM_AT, STATUS, TITLE, AREA_ID, CREATED_BY_ID, POLL_ID) VALUES
(96, TIMESTAMP '2019-08-24 13:10:41.015', TIMESTAMP '2019-08-25 13:10:41.015', 'NATDlFnU Lorem ipsum dolor sit amet, consectetur adipiscing elit, sed do eiusmod tempor incididunt ut labore et dolore magna aliqua. Ut enim ad minim veniam, quis nostrud exercitation ullamco laboris nisi ut aliquip ', NULL, 0, 'Idea 63 that suggest that we definitely need a longer title for ideas', 25, 5, NULL),
(97, TIMESTAMP '2019-08-23 13:10:41.034', TIMESTAMP '2019-08-24 13:10:41.034', 'fdzOlE5t Lorem ipsum dolor sit amet, consectetur adipiscing elit, sed do eiusmod tempor incididunt ut labore et dolore magna aliqua.', NULL, 0, 'Idea 64 that suggest that we definitely need a longer title for ideas', 26, 9, NULL),
(98, TIMESTAMP '2019-08-22 13:10:41.046', TIMESTAMP '2019-08-23 13:10:41.046', '4VThB6bL Lorem ipsum dolor sit amet, consectetur adipiscing elit, sed do eiusmod tempor incididunt ut labore et dolore magna aliqua. Ut enim ad minim veniam, quis nostrud exercitation ullamco laboris n', NULL, 0, 'Idea 65 that suggest that we definitely need a longer title for ideas', 27, 1, NULL),
(99, TIMESTAMP '2019-08-21 13:10:41.051', TIMESTAMP '2019-08-22 13:10:41.051', '2pDPNpkY Lorem ipsum dolor sit amet, consectetur adipiscing elit, sed do eiusmod tempor incididunt ut labore et dolore magna aliqua. Ut enim ad minim veniam, quis nostrud exercitation ullamco laboris nisi ut aliquip ex ea commodo consequat. Duis aute irure dolor in reprehenderit in voluptate velit esse cillum dolore eu fugiat nulla pa', NULL, 0, 'Idea 66 that suggest that we definitely need a longer title for ideas', 28, 2, NULL),
(100, TIMESTAMP '2019-08-20 13:10:41.066', TIMESTAMP '2019-08-21 13:10:41.066', '6mQ6nBNn Lorem ipsum dolor sit amet, consectetur adipiscing elit, sed do eiusmod tempor incididunt ut labore et dolore magna aliqua. Ut enim ad minim veniam, quis nostrud exercitation ullamco laboris nisi ut aliquip ex ea commodo consequat. Duis aute i', NULL, 0, 'Idea 67 that suggest that we definitely need a longer title for ideas', 29, 4, NULL),
(101, TIMESTAMP '2019-08-19 13:10:41.076', TIMESTAMP '2019-08-20 13:10:41.076', 'W5oZqeEl Lorem ipsum dolor sit amet, consectetur adipiscing elit, sed do eiusmod tempor incididunt ut labore et dolore magna aliqua. Ut enim ad minim veniam, quis nostrud exercitation ullamco laboris nisi ut aliquip ex ea commodo consequat. Duis aute irure dolor in reprehenderit in voluptate velit esse cillum dolore eu fugiat nulla pariatur. Excepteur', NULL, 0, 'Idea 68 that suggest that we definitely need a longer title for ideas', 30, 10, NULL),
(102, TIMESTAMP '2019-08-18 13:10:41.084', TIMESTAMP '2019-08-19 13:10:41.085', 'wD9ToeFN Lorem ipsum dolor sit amet, consectetur adipiscing elit, sed do eiusmod tempor incididunt ut labore et dolore magna aliqua. Ut enim ad minim veniam, quis nostrud exercitation ullamco laboris nisi ut aliquip ex ea c', NULL, 0, 'Idea 69 that suggest that we definitely need a longer title for ideas', 31, 8, NULL),
(103, TIMESTAMP '2019-08-17 13:10:41.087', TIMESTAMP '2019-08-18 13:10:41.087', 'nEKsa5Kv Lorem ipsum dolor sit amet, consectetur adipiscing elit, sed do eiusmod tempor incididunt ut labore et dolore magna aliqua. Ut enim ad minim veniam, quis nostrud exercitation ullamco laboris nisi ut aliquip ex ea commodo consequat. Duis aute irure', NULL, 0, 'Idea 70 that suggest that we definitely need a longer title for ideas', 22, 2, NULL),
(104, TIMESTAMP '2019-08-16 13:10:41.093', TIMESTAMP '2019-08-17 13:10:41.093', 'c2EP6Brd Lorem ipsum dolor sit amet, consectetur adipiscing eli', NULL, 0, 'Idea 71 that suggest that we definitely need a longer title for ideas', 23, 19, NULL),
(105, TIMESTAMP '2019-08-15 13:10:41.095', TIMESTAMP '2019-08-16 13:10:41.095', '7s3LBgR5 Lorem ipsum dolor sit amet, consectetur adipiscing elit, sed do eiusmod tempor incididunt ut labore et dolore magna aliqua. Ut enim ad minim veniam, quis nostrud exercitation ullamco laboris nisi ut aliquip ex ea commodo consequat. Duis aute irure dolor in reprehenderit in voluptate velit esse cillum dolore eu fugiat nulla ', NULL, 0, 'Idea 72 that suggest that we definitely need a longer title for ideas', 24, 15, NULL);
INSERT INTO PUBLIC.LAWS(ID, CREATED_AT, UPDATED_AT, DESCRIPTION, REACHED_QUORUM_AT, STATUS, TITLE, AREA_ID, CREATED_BY_ID, POLL_ID) VALUES
(106, TIMESTAMP '2019-08-14 13:10:41.101', TIMESTAMP '2019-08-15 13:10:41.101', 'FE730eLq Lorem ipsum dolor sit amet, consectetur adipiscing elit, sed do eiusmod tempor incididunt ut labore et dolore magna aliqua. Ut enim ad minim veniam, quis nostrud exercitation ullamco laboris n', NULL, 0, 'Idea 73 that suggest that we definitely need a longer title for ideas', 25, 1, NULL),
(107, TIMESTAMP '2019-08-13 13:10:41.11', TIMESTAMP '2019-08-14 13:10:41.11', 'pvnkYCXn Lorem ipsum dolor sit amet, consectetur adipiscing elit, sed do eiusmod tempor incididunt ut labore et dolore magna aliqua. Ut enim ad minim veniam, quis nostrud exercitation ullamco laboris nisi ut aliquip ex ea commodo consequat. Duis aute irure dolor in reprehenderit in voluptate velit esse cillum dolore eu fugiat nulla pariatur. Excepteur sint occaecat cupidatat', NULL, 0, 'Idea 74 that suggest that we definitely need a longer title for ideas', 26, 10, NULL),
(108, TIMESTAMP '2019-08-12 13:10:41.122', TIMESTAMP '2019-08-13 13:10:41.122', 'vQbTQXC4 Lorem ipsum dolor sit amet, consectetur adipiscing elit, sed do eiusmod tempor incididunt ut labore et dolore magna aliqua. Ut enim ad minim veniam, quis nostrud', NULL, 0, 'Idea 75 that suggest that we definitely need a longer title for ideas', 27, 14, NULL),
(109, TIMESTAMP '2019-08-11 13:10:41.128', TIMESTAMP '2019-08-12 13:10:41.129', 'TC9FXmV6 Lorem ipsum dolor sit amet, consectetur adipiscing elit, sed do eiusmod tempor incididunt ut labore et dolore magna aliqua. Ut enim ad minim veniam, quis nostrud exercitation ullamco laboris nisi ut aliquip ex ea commodo consequat. Duis aute irure dolor in reprehenderit in voluptate velit esse cillum dolore eu fugiat nulla pariatur. Excepteur sint occaecat cupidatat non proident, sunt in cu', NULL, 0, 'Idea 76 that suggest that we definitely need a longer title for ideas', 28, 17, NULL),
(110, TIMESTAMP '2019-08-10 13:10:41.132', TIMESTAMP '2019-08-11 13:10:41.132', 'mUVqw04u Lorem ipsum dolor sit amet, consectetur adipiscing elit, sed do eiusmod tempor incididunt ', NULL, 0, 'Idea 77 that suggest that we definitely need a longer title for ideas', 29, 19, NULL),
(111, TIMESTAMP '2019-08-09 13:10:41.139', TIMESTAMP '2019-08-10 13:10:41.14', 'Drk9cqex Lorem ipsum dolor sit amet, consectetur adipiscing elit, sed do eiusmod tempor incididunt ut labo', NULL, 0, 'Idea 78 that suggest that we definitely need a longer title for ideas', 30, 19, NULL),
(112, TIMESTAMP '2019-08-08 13:10:41.149', TIMESTAMP '2019-08-09 13:10:41.149', 'mzHNoabW Lorem ipsum dolor sit amet, consectetur adipiscing elit, sed do eiusmod tempor incididunt ut labore et dolore magna aliqua. Ut enim ad minim veniam, quis nostrud exercitation ullamco laboris nisi ut aliquip ex ea commodo consequat. Duis aute', NULL, 0, 'Idea 79 that suggest that we definitely need a longer title for ideas', 31, 4, NULL),
(113, TIMESTAMP '2019-08-07 13:10:41.169', TIMESTAMP '2019-08-08 13:10:41.169', 'OgcZb7uY Lorem ipsum dolor sit amet, consectetur adipiscing elit, sed do eiusmod tempor incididunt ut labore et dolore magna aliqua. Ut enim ad mini', NULL, 0, 'Idea 80 that suggest that we definitely need a longer title for ideas', 22, 17, NULL),
(114, TIMESTAMP '2019-08-06 13:10:41.181', TIMESTAMP '2019-08-07 13:10:41.181', 'EHkPKQ30 Lorem ipsum dolor sit amet, consectetur adipiscing elit, sed do eiusmod tempor incididunt ut labore et dolore magna aliqua. Ut enim ad minim veniam, quis nostrud exercitation ullamco l', NULL, 0, 'Idea 81 that suggest that we definitely need a longer title for ideas', 23, 4, NULL),
(115, TIMESTAMP '2019-08-05 13:10:41.192', TIMESTAMP '2019-08-06 13:10:41.192', 'uuCTe7zK Lorem ipsum dolor sit amet, consectetur adipiscing elit, sed do eiusmod tempor incididunt ut labore et dolore magna aliqua. Ut enim ad minim veniam, quis nostrud exercitation ullamco laboris nisi ut aliquip ex ea commo', NULL, 0, 'Idea 82 that suggest that we definitely need a longer title for ideas', 24, 3, NULL);
INSERT INTO PUBLIC.LAWS(ID, CREATED_AT, UPDATED_AT, DESCRIPTION, REACHED_QUORUM_AT, STATUS, TITLE, AREA_ID, CREATED_BY_ID, POLL_ID) VALUES
(116, TIMESTAMP '2019-08-04 13:10:41.199', TIMESTAMP '2019-08-05 13:10:41.2', 'NwMOzNgK Lorem ipsum dolor sit amet, consectetur adipiscing elit, sed do eiusmod tempor incididunt ut labore et dolore magna aliqua. Ut enim ad minim ', NULL, 0, 'Idea 83 that suggest that we definitely need a longer title for ideas', 25, 16, NULL),
(117, TIMESTAMP '2019-08-03 13:10:41.223', TIMESTAMP '2019-08-04 13:10:41.223', 'buQ5v8xn Lorem ipsum dolor sit amet, consectetur adipiscing elit, sed do eiusmod tempor incididunt ut labore et dolore magna aliqua. Ut enim ad minim veniam, quis nostrud exercitation ullamco laboris nisi ut aliquip ex ea commodo consequat. Duis aute irure dolor in reprehenderit in voluptate velit esse cillum dolore eu fugiat nulla pariatur. Excepteur sint occaecat cupidatat non proident, ', NULL, 0, 'Idea 84 that suggest that we definitely need a longer title for ideas', 26, 5, NULL),
(118, TIMESTAMP '2019-08-02 13:10:41.226', TIMESTAMP '2019-08-03 13:10:41.227', 'CKspznAY Lorem ipsum dolor sit amet, consectetur adipiscing elit, sed do eiusmod tempor incididunt ut labore', NULL, 0, 'Idea 85 that suggest that we definitely need a longer title for ideas', 27, 20, NULL),
(119, TIMESTAMP '2019-08-01 13:10:41.234', TIMESTAMP '2019-08-02 13:10:41.235', 'QBO5ofWh Lorem ipsum dolor sit amet, consectetur adipiscing elit, sed do eiusmod tempor incididunt ut labore et dolore magna aliqua. Ut enim ad minim veniam, quis nostrud exercitation ullamco laboris nisi ut aliquip ex ea commodo consequat. Duis aute irure dolor in reprehenderit in voluptate velit esse cillum dolore eu fugiat nulla pariatur.', NULL, 0, 'Idea 86 that suggest that we definitely need a longer title for ideas', 28, 13, NULL),
(120, TIMESTAMP '2019-07-31 13:10:41.25', TIMESTAMP '2019-08-01 13:10:41.25', 'vs5FbQ8s Lorem ipsum dolor sit amet, consectetur adipiscing elit, sed do eiusmod tempor incididunt ut labore et dolore magna aliqua. Ut enim ad minim veniam, quis nostrud exercitation ullamco laboris nisi ut aliquip ex ea commodo consequat. Duis aute irure dolor in reprehenderit in voluptate velit esse cillum dolore eu fugiat nulla pariatur. Excepteur sint occaecat cupidata', NULL, 0, 'Idea 87 that suggest that we definitely need a longer title for ideas', 29, 16, NULL),
(121, TIMESTAMP '2019-07-30 13:10:41.257', TIMESTAMP '2019-07-31 13:10:41.257', 'hWMFkrOW Lorem ipsum dolor sit amet, consectetur adipiscing elit, sed do eiusmod tempor incididunt ut labore et dolore magna aliqua. Ut enim ad minim veniam, quis nostrud exercitation ullamco laboris nisi ut aliquip ex ea commodo consequat. Duis aute irure dolor in reprehenderit in voluptate velit es', NULL, 0, 'Idea 88 that suggest that we definitely need a longer title for ideas', 30, 3, NULL),
(122, TIMESTAMP '2019-07-29 13:10:41.263', TIMESTAMP '2019-07-30 13:10:41.263', 'FlYagEag Lorem ipsum dolor sit amet, consectetur adipiscing elit, sed do eiusmod tempor incididunt ut labore et dolore magna aliqua. Ut enim ad minim veniam, quis ', NULL, 0, 'Idea 89 that suggest that we definitely need a longer title for ideas', 31, 3, NULL),
(123, TIMESTAMP '2019-07-28 13:10:41.267', TIMESTAMP '2019-07-29 13:10:41.268', 'LdqsDb8s Lorem ipsum dolor sit amet, consectetur adipiscing elit, sed do eiusmod tempor incididunt ut labore et dolore magna aliqua. Ut enim ad minim veniam, quis nostrud exercitation ', NULL, 0, 'Idea 90 that suggest that we definitely need a longer title for ideas', 22, 20, NULL),
(124, TIMESTAMP '2019-07-27 13:10:41.279', TIMESTAMP '2019-07-28 13:10:41.283', 'wVF0nsQ0 Lorem ipsum dolor sit amet, consectetur adipiscing elit, sed do eiusmod tempor incididu', NULL, 0, 'Idea 91 that suggest that we definitely need a longer title for ideas', 23, 6, NULL),
(125, TIMESTAMP '2019-07-26 13:10:41.3', TIMESTAMP '2019-07-27 13:10:41.3', 'lzPavyom Lorem ipsum dolor sit amet, consectetur adipiscing elit, sed do eiusmod tempor incididunt ut labore et dolore magna aliqua. Ut enim ad minim veniam, quis nostrud exercitation ullamco laboris nisi ut aliquip ex ea commodo consequat. Duis aute irure dolor in reprehenderit in voluptate velit esse cillum dolore eu fugiat nulla ', NULL, 0, 'Idea 92 that suggest that we definitely need a longer title for ideas', 24, 1, NULL);
INSERT INTO PUBLIC.LAWS(ID, CREATED_AT, UPDATED_AT, DESCRIPTION, REACHED_QUORUM_AT, STATUS, TITLE, AREA_ID, CREATED_BY_ID, POLL_ID) VALUES
(126, TIMESTAMP '2019-07-25 13:10:41.31', TIMESTAMP '2019-07-26 13:10:41.31', 'Vcc9XED9 Lorem ipsum dolor sit amet, consectetur adip', NULL, 0, 'Idea 93 that suggest that we definitely need a longer title for ideas', 25, 5, NULL),
(127, TIMESTAMP '2019-07-24 13:10:41.32', TIMESTAMP '2019-07-25 13:10:41.32', 'Wgfxd9w3 Lorem ipsum dolor sit amet, consectetur adipiscing elit, sed do eiusmod tempor incididunt ut labore et dolore magna aliqua. Ut enim ad minim veniam, quis nostrud exercitation ullamco laboris nisi ut aliquip ex ea commodo consequat. Duis aute irure do', NULL, 0, 'Idea 94 that suggest that we definitely need a longer title for ideas', 26, 14, NULL),
(128, TIMESTAMP '2019-07-23 13:10:41.335', TIMESTAMP '2019-07-24 13:10:41.335', 'uKUKDa8B Lorem ipsum dolor s', NULL, 0, 'Idea 95 that suggest that we definitely need a longer title for ideas', 27, 20, NULL),
(129, TIMESTAMP '2019-07-22 13:10:41.354', TIMESTAMP '2019-07-23 13:10:41.354', 'FsV9gB5q Lorem ipsum dolor sit amet, consectetur adipiscing elit, sed do eiusmod tempor incididunt ut labore et dolore magna aliqua. Ut enim', NULL, 0, 'Idea 96 that suggest that we definitely need a longer title for ideas', 28, 17, NULL),
(130, TIMESTAMP '2019-07-21 13:10:41.376', TIMESTAMP '2019-07-22 13:10:41.376', 'ZsPmGtPy Lorem ipsum dolor sit amet, consectetur adipiscing elit, sed do eiusmod tempor incididunt ut labore et dolore magna aliqua. Ut enim ad min', NULL, 0, 'Idea 97 that suggest that we definitely need a longer title for ideas', 29, 8, NULL),
(131, TIMESTAMP '2019-07-20 13:10:41.381', TIMESTAMP '2019-07-21 13:10:41.381', 'vCHVbXmA Lorem ipsum dolor sit amet, consectetur adipiscing elit, sed do eiusmod tempor incididunt ut labore et dolore magna aliqua. Ut enim ad minim veniam, quis nostrud exercitation ullamco', NULL, 0, 'Idea 98 that suggest that we definitely need a longer title for ideas', 30, 6, NULL),
(132, TIMESTAMP '2019-07-19 13:10:41.389', TIMESTAMP '2019-07-20 13:10:41.389', 'N3g6lSEU Lorem ipsum dolor sit amet, consectetur adipiscing elit, sed do eiusmod tempor incididunt ut labore et dolore magna aliqua. Ut enim ad minim veniam, quis nostrud exercitation ullamco laboris nisi ut aliquip ex ea commodo consequat. Duis aute irure dolor in r', NULL, 0, 'Idea 99 that suggest that we definitely need a longer title for ideas', 31, 9, NULL),
(133, TIMESTAMP '2019-07-18 13:10:41.397', TIMESTAMP '2019-07-19 13:10:41.397', '0PVbZwtB Lorem ipsum dolor sit amet, consectetur adipiscing ', NULL, 0, 'Idea 100 that suggest that we definitely need a longer title for ideas', 22, 9, NULL),
(134, TIMESTAMP '2019-07-17 13:10:41.407', TIMESTAMP '2019-07-18 13:10:41.408', 'wDxVVhW7 Lorem ipsum dolor sit amet, consectetur adipiscing elit, sed do eiusmod tempor incididunt ut labore et dolore magna aliqua. Ut enim ad minim veniam, quis nostrud exercitation ullamco laboris nisi ut aliquip ex ea commodo consequat. Duis aute irure dolor in reprehenderit in voluptate velit esse cillum dolore eu fugiat nulla pariatur. Excepteur sint occaecat cupidatat non proident, su', NULL, 0, 'Idea 101 that suggest that we definitely need a longer title for ideas', 23, 10, NULL),
(135, TIMESTAMP '2019-07-16 13:10:41.436', TIMESTAMP '2019-07-17 13:10:41.436', 'TdGor5O8 Lorem ipsum dolor sit amet, consectetur adipiscing elit, sed do eiusmod tempor incididunt ut labore et dolore magna aliqua. Ut enim ad minim veniam, quis nostrud exercitation ullamco laboris nisi ut aliquip ex ea commodo consequat. Duis aute irure dolor in reprehenderit in voluptate velit esse cillum dolore eu fugiat nulla p', NULL, 0, 'Idea 102 that suggest that we definitely need a longer title for ideas', 24, 14, NULL),
(136, TIMESTAMP '2019-07-15 13:10:41.45', TIMESTAMP '2019-07-16 13:10:41.45', 'GKecqxCr Lorem ipsum dolor sit amet, consectetur adipiscing elit, sed do eiusmod tempor incididunt ut labore et dolore magna aliqua. Ut enim ad minim veniam, quis nostrud exercitation ullamco laboris nisi ut aliquip ex ea commodo co', NULL, 0, 'Idea 103 that suggest that we definitely need a longer title for ideas', 25, 4, NULL);
INSERT INTO PUBLIC.LAWS(ID, CREATED_AT, UPDATED_AT, DESCRIPTION, REACHED_QUORUM_AT, STATUS, TITLE, AREA_ID, CREATED_BY_ID, POLL_ID) VALUES
(137, TIMESTAMP '2019-07-14 13:10:41.46', TIMESTAMP '2019-07-15 13:10:41.46', 'dNfaBUbE Lorem ipsum dolor sit amet, consectetur adipiscing elit, sed do eiusmod tempor in', NULL, 0, 'Idea 104 that suggest that we definitely need a longer title for ideas', 26, 6, NULL),
(138, TIMESTAMP '2019-07-13 13:10:41.472', TIMESTAMP '2019-07-14 13:10:41.472', 'zlqz3q5E Lorem ipsum dolor sit amet, consectetur adipiscing elit, sed do eiusmod tempor incididunt ut labore et dolore magna aliqua. Ut enim ad minim veniam, quis nostrud exercitation ullamco laboris nisi ut aliquip ex ea commodo consequat. Duis aute irure dolor in reprehenderit in voluptate velit esse cillum ', NULL, 0, 'Idea 105 that suggest that we definitely need a longer title for ideas', 27, 2, NULL),
(139, TIMESTAMP '2019-07-12 13:10:41.475', TIMESTAMP '2019-07-13 13:10:41.475', 'GB4BoUOV Lorem ipsum dolor sit amet, consectetur adipiscing elit, sed do eiusmod tempor incididunt ut labore et dolore magna aliqua. Ut enim ad minim veniam, quis nostr', NULL, 0, 'Idea 106 that suggest that we definitely need a longer title for ideas', 28, 5, NULL),
(140, TIMESTAMP '2019-07-11 13:10:41.478', TIMESTAMP '2019-07-12 13:10:41.478', 'LOHXV29b Lorem ipsum dolor s', NULL, 0, 'Idea 107 that suggest that we definitely need a longer title for ideas', 29, 1, NULL),
(141, TIMESTAMP '2019-07-10 13:10:41.49', TIMESTAMP '2019-07-11 13:10:41.491', '5f0OXbmd Lorem ipsum dolor sit amet, consectetur adipiscing elit, sed do eiusmod tempor incididunt ut labore et do', NULL, 0, 'Idea 108 that suggest that we definitely need a longer title for ideas', 30, 14, NULL),
(142, TIMESTAMP '2019-07-09 13:10:41.493', TIMESTAMP '2019-07-10 13:10:41.493', '36NVuufQ Lorem ipsum dolor sit amet, consectetur adipiscing elit, sed do eiusmod tempor incididunt ut labore et dolore magna aliqua. Ut enim ad minim veniam, quis nostrud exercitation ullamco laboris nisi ut aliquip ex ea commodo consequat. Duis aute irure dolor in reprehenderit in v', NULL, 0, 'Idea 109 that suggest that we definitely need a longer title for ideas', 31, 17, NULL),
(143, TIMESTAMP '2019-07-08 13:10:41.501', TIMESTAMP '2019-07-09 13:10:41.501', '7az2y0af Lorem ipsum dolor sit amet, consectetur adipiscing elit, sed do eiusmod tempor incididunt ut labore et dolore magna aliqua. Ut enim ad minim veniam, quis nostrud exercitation ullamco laboris nisi ut aliquip ex ea commodo consequat. Duis aute irure dolor in reprehenderit in voluptate velit esse cillum dolore eu fugiat ', NULL, 0, 'Idea 110 that suggest that we definitely need a longer title for ideas', 22, 17, NULL),
(144, TIMESTAMP '2019-10-27 13:10:41.52', TIMESTAMP '2019-10-27 13:10:41.52', 'pb9cmMsD Lorem ipsum dolor sit amet, consectetur adipiscing elit, sed do eiusmod tempor incididunt ut labore et dolore magna aliqua. Ut enim ad minim veniam, quis nostrud exercitation ullamco laboris nisi ut aliquip ex ea commodo consequat. Duis aute irure dolor in reprehenderit in voluptate velit esse cill', TIMESTAMP '2019-10-27 13:10:41.518', 1, 'Proposal 0 that reached its quorum', 30, 18, NULL),
(145, TIMESTAMP '2019-10-19 13:10:41.545', TIMESTAMP '2019-10-20 13:10:41.545', 'kz7KWUyk Lorem ipsum dolor sit amet, consectetur adipiscing elit, sed do eiusmod tempor incididunt ut labore et dolore magna aliqua. Ut enim ad minim veniam, quis nostrud exercitation ullamco laboris nisi ut aliquip ex ea commodo consequat. Duis aute irure dolor in reprehenderit in voluptate velit ', TIMESTAMP '2019-10-20 14:10:41.543', 1, 'Proposal 1 that reached its quorum', 22, 2, NULL),
(146, TIMESTAMP '2019-10-23 13:10:41.571', TIMESTAMP '2019-10-24 13:10:41.571', 'lhLpWNfe Lorem ipsum dolor s', TIMESTAMP '2019-10-25 14:10:41.568', 1, 'Proposal 2 that reached its quorum', 26, 17, NULL),
(147, TIMESTAMP '2019-10-26 13:10:41.594', TIMESTAMP '2019-10-27 13:10:41.594', 'tlZCcSBt Lorem ipsum dolor sit amet, consectetur adipiscing elit, sed do eiusmod tempor incididunt ut labore et dolore magna aliqua. Ut enim ad minim veniam, quis nostrud exercitation ullamco laboris nisi ut aliquip ex ea commodo consequat. Duis aute irure dolor in reprehenderit in', TIMESTAMP '2019-10-27 13:10:41.59', 1, 'Proposal 3 that reached its quorum', 24, 12, NULL);
INSERT INTO PUBLIC.LAWS(ID, CREATED_AT, UPDATED_AT, DESCRIPTION, REACHED_QUORUM_AT, STATUS, TITLE, AREA_ID, CREATED_BY_ID, POLL_ID) VALUES
(148, TIMESTAMP '2019-10-25 13:10:41.634', TIMESTAMP '2019-10-26 13:10:41.634', 'BtzXrVnU Lorem ipsum dolor sit amet, consectetur adipiscing elit, sed do eiusmod tempor incididunt ut labore et dolore magna aliqua. Ut enim', TIMESTAMP '2019-10-26 14:10:41.632', 1, 'Proposal 4 that reached its quorum', 28, 10, NULL),
(149, TIMESTAMP '2019-10-22 13:10:41.662', TIMESTAMP '2019-10-23 13:10:41.662', 'KKDVB9Nn Lorem ipsum dolor sit amet, consectetur adipiscing elit, sed do eiusmod tempor incididunt ut labore et dolore magna aliqua. Ut enim ad minim veniam, quis', TIMESTAMP '2019-10-23 14:10:41.66', 1, 'Proposal 5 that reached its quorum', 23, 6, NULL),
(150, TIMESTAMP '2019-10-25 13:10:41.682', TIMESTAMP '2019-10-26 13:10:41.682', 'yAcbZSWy Lorem ipsum dolor sit amet, consectetur adipiscing elit, sed do eiusmod tempor incididunt ut labore et dolore magna aliqua. Ut enim ad minim veniam, quis nostrud exercitation ullamco laboris nisi ut aliquip ex ea commodo consequat.', TIMESTAMP '2019-10-26 14:10:41.68', 1, 'Proposal 6 that reached its quorum', 26, 18, NULL),
(151, TIMESTAMP '2019-10-26 13:10:41.7', TIMESTAMP '2019-10-27 13:10:41.7', '33ubLDBo Lorem ipsum dolor sit amet, consectetur adipiscing elit, sed do eiusmod tempor incididunt ut labore et dolore magna aliqua. Ut enim ad minim veniam, quis nostrud exer', TIMESTAMP '2019-10-27 13:10:41.698', 1, 'Proposal 7 that reached its quorum', 22, 12, NULL),
(152, TIMESTAMP '2019-10-21 13:10:41.717', TIMESTAMP '2019-10-22 13:10:41.717', 'vGSsn4FX Lorem ipsum dolor sit amet, consectetur adipiscing elit, s', TIMESTAMP '2019-10-25 14:10:41.715', 1, 'Proposal 8 that reached its quorum', 24, 17, NULL),
(153, TIMESTAMP '2019-10-22 13:10:41.733', TIMESTAMP '2019-10-23 13:10:41.734', 'YWEfFe7x Lorem ipsum dolor sit amet, consectetur adipiscing elit, sed do eiusmod tempor incididunt ut labore et dolore magna aliqua. Ut enim ad minim veniam, quis nostrud exercitation ullamco laboris nisi ut aliquip ex ea commodo consequat. Duis aute irure dolor in reprehenderit in voluptate veli', TIMESTAMP '2019-10-26 14:10:41.732', 1, 'Proposal 9 that reached its quorum', 30, 11, NULL),
(154, TIMESTAMP '2019-10-19 13:10:41.75', TIMESTAMP '2019-10-20 13:10:41.75', 'CsYsUTzV Lorem ipsum dolor sit amet, consectetur adipiscing elit, sed do eiusmod tempor incididunt ut labore et dolore magna aliqua. Ut enim ad minim veniam, quis nostrud exercitation ullamco laboris nisi ut aliquip ex ea commodo consequat. Duis aute irure dolor in reprehenderit in voluptate velit esse cillum dolore eu fugiat nulla pariatur. Excepteur sint occaecat cupidatat non p', TIMESTAMP '2019-10-25 14:10:41.748', 1, 'Proposal 10 that reached its quorum', 29, 2, NULL),
(155, TIMESTAMP '2019-10-22 13:10:41.779', TIMESTAMP '2019-10-23 13:10:41.779', '6cgSvYDw Lorem ipsum dolor sit amet, ', TIMESTAMP '2019-10-24 14:10:41.777', 1, 'Proposal 11 that reached its quorum', 24, 20, NULL),
(156, TIMESTAMP '2019-10-18 13:10:41.809', TIMESTAMP '2019-10-19 13:10:41.809', '06cAeHp2 Lorem ipsum dolor sit amet, consectetur adipiscing elit, sed do eiusmod tempor incididunt ut labore et dolore magna aliqua. Ut enim ad minim veniam, quis nostrud exercitation ullamc', TIMESTAMP '2019-10-19 14:10:41.806', 1, 'Proposal 12 that reached its quorum', 26, 19, NULL),
(157, TIMESTAMP '2019-10-27 13:10:41.839', TIMESTAMP '2019-10-27 13:10:41.839', 'XxnaNZ9a Lorem ipsum dolor sit amet, consectetur adipiscing elit, sed do eiusmod tempor incididunt ut labore et dolore magna aliqua. U', TIMESTAMP '2019-10-27 13:10:41.834', 1, 'Proposal 13 that reached its quorum', 31, 14, NULL),
(158, TIMESTAMP '2019-10-18 13:10:41.861', TIMESTAMP '2019-10-19 13:10:41.861', '4HbWGawh Lorem ipsum dolor sit amet, consectetur adipiscing elit, sed do eiusmod tempor incididunt ut labore et dolore magna aliqua. Ut enim ad minim veniam, quis nostrud exercitation ullamco laboris nisi ut aliquip ex ea commodo consequat. Duis aute irure dolor in reprehenderit in voluptate velit esse cillum dolore eu fugiat nulla paria', TIMESTAMP '2019-10-21 14:10:41.86', 1, 'Proposal 14 that reached its quorum', 23, 19, NULL);
INSERT INTO PUBLIC.LAWS(ID, CREATED_AT, UPDATED_AT, DESCRIPTION, REACHED_QUORUM_AT, STATUS, TITLE, AREA_ID, CREATED_BY_ID, POLL_ID) VALUES
(159, TIMESTAMP '2019-10-26 13:10:41.877', TIMESTAMP '2019-10-27 13:10:41.877', 'Tqo3gX5b Lorem ipsum dolor sit amet, consec', TIMESTAMP '2019-10-27 13:10:41.875', 1, 'Proposal 15 that reached its quorum', 22, 6, NULL),
(160, TIMESTAMP '2019-10-20 13:10:41.893', TIMESTAMP '2019-10-21 13:10:41.893', 'aqdnCwR8 Lorem ipsum dolor sit amet, consectetur adipiscing elit, sed do eiusmod tempor incididunt ut labore et dolore magna aliqua. Ut enim ad minim veniam, quis nostrud exercitation ullamco laboris nisi ut aliquip ex ea commodo consequat. Duis aute irure dolor in reprehenderit in voluptate velit esse cillum dolore eu fugiat nulla pariatur. Excepteur sint occaecat cupidatat non proident, sunt in culpa qu', TIMESTAMP '2019-10-23 14:10:41.891', 1, 'Proposal 16 that reached its quorum', 26, 15, NULL),
(161, TIMESTAMP '2019-10-25 13:10:41.909', TIMESTAMP '2019-10-26 13:10:41.91', '2OqqFnfh Lorem ipsum dolor sit amet, consectetur adipiscing elit, sed do eiusmod tempor incididunt ut labor', TIMESTAMP '2019-10-26 14:10:41.908', 1, 'Proposal 17 that reached its quorum', 28, 18, NULL),
(162, TIMESTAMP '2019-10-21 13:10:41.924', TIMESTAMP '2019-10-22 13:10:41.924', 'uYzQzosB Lorem ipsum dolor sit amet, consectetur adipiscing elit, sed do eiusmod tempor incididunt ', TIMESTAMP '2019-10-22 14:10:41.922', 1, 'Proposal 18 that reached its quorum', 27, 13, NULL),
(163, TIMESTAMP '2019-10-25 13:10:41.939', TIMESTAMP '2019-10-26 13:10:41.939', '6fQFMV2U Lorem ipsum dolor sit amet, consectetur adipiscing elit, sed do eiusmod tempor incididunt ut labore et dolore magna aliqua. Ut enim ad mi', TIMESTAMP '2019-10-26 14:10:41.937', 1, 'Proposal 19 that reached its quorum', 24, 16, NULL),
(164, TIMESTAMP '2019-10-24 13:10:41.957', TIMESTAMP '2019-10-25 13:10:41.957', 'Tar2X4p9 Lorem ipsum dolor sit amet, consectetur adipiscing elit, sed do eiusmod tempor incididunt ut labore et dolore magna aliqua. Ut enim ad minim veniam, quis nostrud exercitation ullamco laboris nisi ut aliquip ex ea commodo consequat. Duis aute irure dolor in reprehenderit in voluptate velit esse cill', TIMESTAMP '2019-10-25 14:10:41.955', 1, 'Proposal 20 that reached its quorum', 29, 11, NULL),
(165, TIMESTAMP '2019-10-20 13:10:41.975', TIMESTAMP '2019-10-21 13:10:41.975', 'Qqw0Sqqx Lorem ipsum dolor sit amet, consectetur adipiscing elit, sed do eiusmod tempor incididunt ut labore et dolore magna aliqua. Ut enim ad minim veniam, quis nostrud exercitation ullamco laboris nisi ut aliquip e', TIMESTAMP '2019-10-26 14:10:41.974', 1, 'Proposal 21 that reached its quorum', 30, 18, NULL),
(166, TIMESTAMP '2019-10-22 13:10:41.993', TIMESTAMP '2019-10-23 13:10:41.993', 'np8rZf4g Lorem ipsum dolor sit amet, consectetur adipiscing elit, sed do eiusmod tempor ', TIMESTAMP '2019-10-25 14:10:41.991', 1, 'Proposal 22 that reached its quorum', 31, 7, NULL),
(167, TIMESTAMP '2019-10-27 13:10:42.028', TIMESTAMP '2019-10-27 13:10:42.028', 'HfBrfEUN Lorem ipsum dolor sit amet, consectetur adipiscing elit, sed do eiusmod tempor incididunt ut labore et dolore magna aliqua. Ut enim a', TIMESTAMP '2019-10-27 13:10:42.026', 1, 'Proposal 23 that reached its quorum', 31, 2, NULL),
(168, TIMESTAMP '2019-10-27 13:10:42.046', TIMESTAMP '2019-10-27 13:10:42.046', 'YobQZaLh Lorem ipsum dolor sit amet, consectetur adipiscing elit, sed do eiusmod tempor incididunt ut labore et dolore magna aliqua. Ut enim ad minim veniam, quis nostrud exercitation ullamco laboris nisi ut aliquip ex ea commodo consequat. Duis aute irure dolor in reprehenderit in voluptate velit esse', TIMESTAMP '2019-10-27 13:10:42.044', 1, 'Proposal 24 that reached its quorum', 28, 5, NULL),
(169, TIMESTAMP '2019-10-22 13:10:42.061', TIMESTAMP '2019-10-23 13:10:42.061', 'z8fLqZPq Lorem ipsum dolor sit amet, consectetur adipiscing elit, sed do eiusmod tempor incididunt ut labore et dolore magna aliqua. Ut enim ad minim veniam, quis nostrud exercitation ullamco laboris nisi ut aliquip ex ea commodo consequat. Duis aute irure dolor in reprehenderit in voluptate velit esse cillum dolore eu fugiat nulla par', TIMESTAMP '2019-10-25 14:10:42.059', 1, 'Proposal 25 that reached its quorum', 23, 10, NULL);
INSERT INTO PUBLIC.LAWS(ID, CREATED_AT, UPDATED_AT, DESCRIPTION, REACHED_QUORUM_AT, STATUS, TITLE, AREA_ID, CREATED_BY_ID, POLL_ID) VALUES
(170, TIMESTAMP '2019-10-27 13:10:42.074', TIMESTAMP '2019-10-27 13:10:42.074', 'BLrDdesk Lorem ipsum dolor sit amet, consectetur adipiscing elit, sed do eiusmod tempor incididunt ut labor', TIMESTAMP '2019-10-27 13:10:42.073', 1, 'Proposal 26 that reached its quorum', 26, 9, NULL),
(171, TIMESTAMP '2019-10-20 13:10:42.092', TIMESTAMP '2019-10-21 13:10:42.092', 'q5v6pXVG Lorem ipsum dolor sit amet, consectetur adipiscing elit, sed do eiusmod tempor incididunt ut labore et dolore magna aliqua. Ut enim ad minim veniam, quis nostrud exercitation ullamco laboris nisi ut aliquip ex ea commodo consequat. Duis aute irure dolor in reprehenderit in voluptate velit esse cillum dolor', TIMESTAMP '2019-10-22 14:10:42.09', 1, 'Proposal 27 that reached its quorum', 25, 8, NULL),
(172, TIMESTAMP '2019-10-22 13:10:42.106', TIMESTAMP '2019-10-23 13:10:42.106', 'aWhfuKku Lorem ipsum dolor sit amet, consectetur adipiscing elit, sed do eiusmod tempor incididunt ut labore et dolore magna aliqua. Ut enim ad minim veniam,', TIMESTAMP '2019-10-26 14:10:42.104', 1, 'Proposal 28 that reached its quorum', 27, 2, NULL),
(173, TIMESTAMP '2019-10-21 13:10:42.119', TIMESTAMP '2019-10-22 13:10:42.119', 'wM0osoeC Lorem ipsum dolor sit amet, consectetur adipiscing elit, sed do eiusmod tempor incididunt ut la', TIMESTAMP '2019-10-24 14:10:42.117', 1, 'Proposal 29 that reached its quorum', 29, 5, NULL),
(174, TIMESTAMP '2019-10-27 13:10:42.131', TIMESTAMP '2019-10-27 13:10:42.131', 'PV4BG0GA Lorem ipsum dolor sit amet, consectetur adipiscing elit, sed do eiusmod tempor incididunt ut labore et dolore magna aliqua. Ut enim ad minim veniam, quis nostrud exercitation ullamco laboris nisi ut aliquip ex ea commodo consequat. Duis aute', TIMESTAMP '2019-10-27 13:10:42.13', 1, 'Proposal 30 that reached its quorum', 24, 7, NULL),
(175, TIMESTAMP '2019-10-26 13:10:42.149', TIMESTAMP '2019-10-27 13:10:42.149', 'G3brn22e Lorem ipsum dolor sit amet, consectetur adipiscing elit, sed do eiusmod tempor incididunt ut labore et dolore magna aliqua. Ut enim ad minim veniam, quis nostrud exercitation ullamco laboris nisi ut aliquip ex ea commodo consequ', TIMESTAMP '2019-10-27 13:10:42.147', 1, 'Proposal 31 that reached its quorum', 31, 11, NULL),
(176, TIMESTAMP '2019-10-27 13:10:42.167', TIMESTAMP '2019-10-27 13:10:42.167', 'MYVH0209 Lorem ipsum dolor sit amet, consectetur adipiscing elit, sed do eiusmod tempor incididunt ut labore et dolore magna aliqua. Ut enim ad minim veniam, quis nostrud exercitation ullamco laboris nisi ut aliquip ex ea commodo consequat. Dui', TIMESTAMP '2019-10-27 13:10:42.165', 1, 'Proposal 32 that reached its quorum', 31, 11, NULL),
(177, TIMESTAMP '2019-10-27 13:10:42.198', TIMESTAMP '2019-10-27 13:10:42.198', 'HecW5X5f Lorem ipsum dolor sit amet, consectetur adipiscing elit, sed do eiusmod tempor incididunt ut labore et dolore magna aliqua. Ut enim ad minim veniam, quis nostrud exercitation ullamco laboris nisi ut aliqui', TIMESTAMP '2019-10-27 13:10:42.193', 1, 'Proposal 33 that reached its quorum', 28, 11, NULL),
(178, TIMESTAMP '2019-10-19 13:10:42.226', TIMESTAMP '2019-10-20 13:10:42.227', 'kxzCT85m Lo', TIMESTAMP '2019-10-26 14:10:42.224', 1, 'Proposal 34 that reached its quorum', 26, 12, NULL),
(179, TIMESTAMP '2019-10-23 13:10:42.245', TIMESTAMP '2019-10-24 13:10:42.245', 'Gnz9Fwsf Lorem ipsum dolor sit amet, consectetur adipiscing elit, sed do eiusmod tempor incididunt ut labore et dolore magna aliqua. Ut enim ad minim veniam, quis nostrud exercitation ullamco laboris nisi ut aliquip ex ea commodo consequat. Duis aute irure dolor in reprehenderit in voluptate velit esse cillum dolore eu fugiat null', TIMESTAMP '2019-10-25 14:10:42.243', 1, 'Proposal 35 that reached its quorum', 24, 17, NULL),
(180, TIMESTAMP '2019-10-22 13:10:42.262', TIMESTAMP '2019-10-23 13:10:42.262', 'hmybkuWt Lorem ipsum dolor sit amet, consectetur adipiscing elit, sed do eiusmod tempor incididunt ut labore et dolore magna aliqua. Ut enim ad minim veniam, quis nostrud exercitation ullamco labori', TIMESTAMP '2019-10-23 14:10:42.26', 1, 'Proposal 36 that reached its quorum', 26, 18, NULL);
INSERT INTO PUBLIC.LAWS(ID, CREATED_AT, UPDATED_AT, DESCRIPTION, REACHED_QUORUM_AT, STATUS, TITLE, AREA_ID, CREATED_BY_ID, POLL_ID) VALUES
(181, TIMESTAMP '2019-10-26 13:10:42.278', TIMESTAMP '2019-10-27 13:10:42.278', 'bz9yF8L7 Lorem ipsum dolor sit amet, consectetur adipiscing elit, sed do eiusmod tempor incididunt ut labore et dolore mag', TIMESTAMP '2019-10-27 13:10:42.276', 1, 'Proposal 37 that reached its quorum', 22, 3, NULL),
(182, TIMESTAMP '2019-10-27 13:10:42.291', TIMESTAMP '2019-10-27 13:10:42.291', 'q2FRC9FB Lorem ipsum dolor sit amet, consectetur adipiscing elit, sed do eiusmod tempor incididunt ut labore et dolore magna aliqua. Ut enim ad minim veniam, quis nostrud exercitation ullamco laboris nisi ut aliquip ex ea commodo consequat. Duis aute irure dolor in reprehenderit in voluptate velit esse cillum dolore eu fugiat nulla pariatur. Excepteur sint o', TIMESTAMP '2019-10-27 13:10:42.289', 1, 'Proposal 38 that reached its quorum', 26, 4, NULL),
(183, TIMESTAMP '2019-10-26 13:10:42.303', TIMESTAMP '2019-10-27 13:10:42.303', 'nvRENHap Lorem ipsum dolor sit amet, consectetur adipiscing elit, ', TIMESTAMP '2019-10-27 13:10:42.302', 1, 'Proposal 39 that reached its quorum', 28, 4, NULL),
(184, TIMESTAMP '2019-10-21 13:10:42.315', TIMESTAMP '2019-10-22 13:10:42.315', 'kLbNFRUQ Lorem ipsum dolor sit amet, consectetur adipiscing elit, sed do eiusmod tempor incididunt ut labore et dolore magna aliqua. Ut enim ad minim veniam, quis nostrud exercitation ullamco laboris nisi ut aliquip ex ea commodo consequat. Duis aute irure dolor in', TIMESTAMP '2019-10-22 14:10:42.314', 1, 'Proposal 40 that reached its quorum', 31, 11, NULL),
(185, TIMESTAMP '2019-10-18 13:10:42.327', TIMESTAMP '2019-10-19 13:10:42.328', 'Lq3geDed Lorem', TIMESTAMP '2019-10-24 14:10:42.326', 1, 'Proposal 41 that reached its quorum', 27, 10, NULL),
(186, TIMESTAMP '2019-10-18 13:10:42.338', TIMESTAMP '2019-10-19 13:10:42.338', 'ch8egDGO Lorem ipsum dolor sit amet, consectetur adipiscing elit, sed do eiusmod tempor incididunt ut labore et dolore magna aliqua. Ut enim ad minim veniam, quis nostrud exercitation ullamco laboris nisi ut aliquip ex ea commodo consequat. Duis aute irure dolor in reprehenderit in voluptate velit esse cillum dolore eu fugiat nulla pariatur. E', TIMESTAMP '2019-10-21 14:10:42.336', 1, 'Proposal 42 that reached its quorum', 28, 18, NULL),
(187, TIMESTAMP '2019-10-18 13:10:42.351', TIMESTAMP '2019-10-19 13:10:42.351', 'YEbsTd78 Lorem ipsum dolor sit amet, consectetur adipiscing elit, sed do eiusmod tempor incididunt ut labore et dolore magna aliqua. Ut enim ad minim veniam, quis nostrud exercitation ullamco laboris nisi ut aliquip ex ea commodo consequat. Duis aute irure dolor in reprehenderit in volupta', TIMESTAMP '2019-10-21 14:10:42.349', 1, 'Proposal 43 that reached its quorum', 24, 4, NULL),
(188, TIMESTAMP '2019-10-21 13:10:42.363', TIMESTAMP '2019-10-22 13:10:42.363', 'pKzfFmaf Lorem ipsum dolor sit amet, consectetur adipiscing elit, sed do eiusmod tempor incididunt ut labore et dolore magna aliqua. Ut enim ad minim veniam, quis nostrud exercitation ullamco laboris nisi ut aliquip ex ea commodo consequat. Duis aute irure ', TIMESTAMP '2019-10-23 14:10:42.362', 1, 'Proposal 44 that reached its quorum', 29, 17, NULL),
(189, TIMESTAMP '2019-10-23 13:10:42.379', TIMESTAMP '2019-10-24 13:10:42.379', 'MpKuHD2S Lorem ipsum dolor sit amet, consectetur adipiscing elit, sed do eiusmod tempor incididunt ut labore et dolore magna aliqua. Ut enim ad minim veniam, quis nostrud exercitation ullamco la', TIMESTAMP '2019-10-26 14:10:42.377', 1, 'Proposal 45 that reached its quorum', 23, 1, NULL),
(190, TIMESTAMP '2019-10-26 13:10:42.393', TIMESTAMP '2019-10-27 13:10:42.394', '8QBmee4t Lorem ipsum dolor sit amet, consectetur adipiscing elit', TIMESTAMP '2019-10-27 13:10:42.392', 1, 'Proposal 46 that reached its quorum', 22, 15, NULL),
(191, TIMESTAMP '2019-10-22 13:10:42.41', TIMESTAMP '2019-10-23 13:10:42.41', 'bzlcoOeD Lorem ipsum dolor sit amet, consectetur adipiscing elit, sed do eiusmod te', TIMESTAMP '2019-10-26 14:10:42.408', 1, 'Proposal 47 that reached its quorum', 24, 4, NULL);
INSERT INTO PUBLIC.LAWS(ID, CREATED_AT, UPDATED_AT, DESCRIPTION, REACHED_QUORUM_AT, STATUS, TITLE, AREA_ID, CREATED_BY_ID, POLL_ID) VALUES
(192, TIMESTAMP '2019-10-24 13:10:42.433', TIMESTAMP '2019-10-25 13:10:42.433', 'MpWqrBVl Lorem ipsum dolor sit amet, consectetur adipiscing elit, sed do eiusmod tempor incididunt ut labore et dolore magna aliqua. Ut enim ad minim veniam, ', TIMESTAMP '2019-10-26 14:10:42.432', 1, 'Proposal 48 that reached its quorum', 27, 12, NULL),
(193, TIMESTAMP '2019-10-23 13:10:42.449', TIMESTAMP '2019-10-24 13:10:42.449', '5b0smE0W Lorem ipsum dolor sit amet, consectetur adipiscing elit, sed do eiusmod tempor incididunt ut labore et dolore magna aliqua. Ut enim ad minim veniam, quis nostrud exercitation ullamco laboris', TIMESTAMP '2019-10-26 14:10:42.447', 1, 'Proposal 49 that reached its quorum', 28, 18, NULL),
(194, TIMESTAMP '2019-10-23 14:10:42.464', TIMESTAMP '2019-10-27 13:10:42.497', 'Lorem ipsum dolor sit amet, consectetur adipiscing elit, sed do eiusmod tempor incididunt ut labore et dolore magna aliqua. Ut enim ad minim veniam, quis nostrud exercitation ullamco laboris nisi ut aliquip ex ea commodo consequat. Duis aute irure dolor in reprehenderit in voluptate velit esse cillum dolore ', TIMESTAMP '2019-10-25 14:10:42.462', 1, 'Proposal 0 for user testuser1@liquido.de', 28, 1, NULL),
(201, TIMESTAMP '2019-10-23 14:10:42.521', TIMESTAMP '2019-10-27 13:10:42.536', 'Lorem ipsum dolor sit amet, consectetur adipiscing elit, sed do eiusmod tempor incididunt ut labore et dolore magna aliqua. Ut enim ad minim veniam, quis nostrud exercitation ullamco laboris nisi ut aliquip ex ea commodo consequat. Duis aute irure dolor in reprehenderit in voluptate velit esse cillum dolore eu fugiat nulla pariatur. Excepteur sint occ', TIMESTAMP '2019-10-24 14:10:42.517', 1, 'Proposal 1 for user testuser1@liquido.de', 28, 1, NULL),
(206, TIMESTAMP '2019-10-27 13:10:42.551', TIMESTAMP '2019-10-27 13:10:42.551', 'Lorem ipsum dolor sit amet, consectetur adipiscing elit, sed do eiusmod tempor incididunt ut labore et dolore magna aliqua. Ut enim ad minim veniam, quis nostrud exercitation ullamco laboris n', TIMESTAMP '2019-10-27 13:10:42.549', 1, 'Proposal 2 for user testuser1@liquido.de', 31, 1, NULL),
(213, TIMESTAMP '2019-10-26 14:10:42.586', TIMESTAMP '2019-10-27 13:10:42.608', 'Lorem ipsum dolor sit amet, consectetur adipiscing elit, sed do eiusmod tempor incididunt ut labore et dolore magna aliqua. Ut enim ad minim', TIMESTAMP '2019-10-27 13:10:42.584', 1, 'Proposal 3 for user testuser1@liquido.de', 24, 1, NULL),
(220, TIMESTAMP '2019-10-24 14:10:42.627', TIMESTAMP '2019-10-27 13:10:42.644', 'Lorem ipsum dolor sit amet, consectetur adipiscing elit, sed do eiusmod tempor incididunt ut labore et dolore magna aliqua. Ut enim ad minim veniam, quis nostrud exercitation ullamco laboris nisi ut aliquip ex ea commodo consequat. Duis aute irure dolor in reprehenderit in voluptate velit esse cillum dolore eu fugiat nulla pariatur. Excepteur si', TIMESTAMP '2019-10-25 14:10:42.625', 1, 'Proposal 4 for user testuser1@liquido.de', 23, 1, NULL),
(234, TIMESTAMP '2019-10-17 14:10:48.108', TIMESTAMP '2019-10-27 13:10:48.146', 'Lorem ipsum dolor sit amet, consectetur adipiscing elit, sed do eiusmod tempor incididunt ut labore et dolore magna aliqua. Ut enim ad minim veniam, quis nostrud exercitation ullamco laboris nisi ut aliquip ex ea commodo consequat. Duis aute irure dolor in reprehenderit in voluptate velit esse cillum dolore eu fugiat', TIMESTAMP '2019-10-20 14:10:48.106', 2, 'Initial Proposal in a poll that is in elaboration 1572178248096', 22, 13, 243),
(244, TIMESTAMP '2019-10-07 14:10:48.163', TIMESTAMP '2019-10-27 13:10:48.185', 'Lorem ipsum dolor sit amet, consectetur adipiscing elit, sed do eiusmod tempor incididunt ut labore et dolore magna aliqua. Ut enim ad minim veniam, quis nostrud exercitation ullamco laboris nisi ut aliquip ex ea commodo consequat. Duis aute irure dolor in reprehenderit in ', TIMESTAMP '2019-10-09 14:10:48.161', 2, 'Alternative Proposal1 in a poll that is in elaboration1572178248149', 22, 15, 243);
INSERT INTO PUBLIC.LAWS(ID, CREATED_AT, UPDATED_AT, DESCRIPTION, REACHED_QUORUM_AT, STATUS, TITLE, AREA_ID, CREATED_BY_ID, POLL_ID) VALUES
(248, TIMESTAMP '2019-10-07 14:10:48.204', TIMESTAMP '2019-10-27 13:10:48.235', 'Lorem ipsum dolor sit amet, consectetur adipiscing elit, sed do eiusmod tempor incididunt ut labore et dolore magna aliqua. Ut enim ad minim veniam, quis nostrud exercitation ullamco laboris nisi ut aliquip ex ea commodo consequat. Duis aute irure dolor in reprehenderit in voluptate velit esse cillum dol', TIMESTAMP '2019-10-09 14:10:48.199', 2, 'Alternative Proposal2 in a poll that is in elaboration1572178248186', 22, 7, 243),
(256, TIMESTAMP '2019-10-07 14:10:48.255', TIMESTAMP '2019-10-27 13:10:48.289', 'Lorem ipsum dolor sit amet, consectetur adipiscing elit, sed do eiusmod tempor incididunt ut labore et dolore magna aliqua. Ut enim ad minim veniam, quis nostrud exercitation ullamco laboris nisi ut aliquip ex ea commodo consequat.', TIMESTAMP '2019-10-09 14:10:48.252', 2, 'Alternative Proposal3 in a poll that is in elaboration1572178248236', 22, 3, 243),
(264, TIMESTAMP '2019-10-07 14:10:48.313', TIMESTAMP '2019-10-27 13:10:48.347', 'Lorem ipsum dolor sit amet, consectetur adipiscing elit, sed do eiusmod tempor incididunt ut labore et dolore magna aliqua. Ut enim ad minim veniam, quis nostrud exercitation ullamco laboris nisi ut aliquip ex ea commodo consequat. Duis aute irure dolor in reprehenderit in voluptate v', TIMESTAMP '2019-10-09 14:10:48.311', 2, 'Alternative Proposal4 in a poll that is in elaboration1572178248291', 22, 5, 243),
(273, TIMESTAMP '2019-10-17 14:10:48.361', TIMESTAMP '2019-10-27 13:10:48.59', 'Lorem ipsum dolor sit amet, consectetur adipiscing elit, sed do eiusmod tempor incididunt ut labore et dolore magna aliqua. Ut enim ad minim veniam, quis nostrud exercitation ullamco laboris nisi ut aliquip ex ea commodo consequat. Duis aute irure dolor in reprehenderit in voluptate velit esse cillum dolore eu fugiat nulla p', TIMESTAMP '2019-10-20 14:10:48.36', 3, 'Proposal 5 in voting phase 1572178248551', 22, 13, 278),
(279, TIMESTAMP '2019-10-07 14:10:48.408', TIMESTAMP '2019-10-27 13:10:48.591', 'Lorem ipsum dolor sit amet, consectetur adipiscing elit, sed do eiusmod tempor incididunt ut labore et dolore magna aliqua. Ut enim ad minim veniam, quis nostrud exercitation ullamco laboris nisi ut aliquip ex ea commodo consequat. Duis aute irure dolor in reprehenderit in voluptate velit ', TIMESTAMP '2019-10-09 14:10:48.407', 3, 'Proposal 4 in voting phase 1572178248551', 22, 15, 278),
(286, TIMESTAMP '2019-10-07 14:10:48.44', TIMESTAMP '2019-10-27 13:10:48.591', 'Lorem ipsum dolor sit amet, consectetur adipiscing elit, sed do eiusmod tempor incididunt ut labore et dolore magna aliqua. Ut enim ad minim veniam, quis nostrud exercitation ullamco laboris nisi ut aliquip ex ea commodo consequat. Duis a', TIMESTAMP '2019-10-09 14:10:48.438', 3, 'Proposal 3 in voting phase 1572178248551', 22, 7, 278),
(290, TIMESTAMP '2019-10-07 14:10:48.481', TIMESTAMP '2019-10-27 13:10:48.591', 'Lorem ipsum dolor sit amet, consectetur adipiscing elit, sed do eiusmod tempor incididunt ut labore et dolore magna aliqua. Ut enim ad ', TIMESTAMP '2019-10-09 14:10:48.48', 3, 'Proposal 2 in voting phase 1572178248551', 22, 3, 278),
(295, TIMESTAMP '2019-10-07 14:10:48.53', TIMESTAMP '2019-10-27 13:10:48.591', 'Lorem ipsum dolor sit amet, consectetur adipiscing elit, sed do eiusmod tempor incididunt ut labore et dolore magna aliqua.', TIMESTAMP '2019-10-09 14:10:48.529', 3, 'Proposal 1 in voting phase 1572178248551', 22, 5, 278),
(299, TIMESTAMP '2019-10-17 14:10:48.603', TIMESTAMP '2019-10-27 13:10:48.804', 'Lorem ipsum dolor sit amet, consectetur adipiscing elit, sed do eiusmod tempor incididunt ut labore et dolore magna aliqua. Ut enim ad minim veniam, quis nostrud exercitation ullamco laboris nisi ut aliquip ex ea commodo consequat. Duis aute irure dolor in reprehenderit in voluptate velit esse cillum dolore eu fugiat nulla pariatur. Excepteur sint occaecat cupidatat non p', TIMESTAMP '2019-10-20 14:10:48.602', 3, 'Proposal 5 in voting phase 1572178248774', 22, 13, 307);
INSERT INTO PUBLIC.LAWS(ID, CREATED_AT, UPDATED_AT, DESCRIPTION, REACHED_QUORUM_AT, STATUS, TITLE, AREA_ID, CREATED_BY_ID, POLL_ID) VALUES
(308, TIMESTAMP '2019-10-07 14:10:48.632', TIMESTAMP '2019-10-27 13:10:48.806', 'Lorem ipsum dolor sit amet, consectetur adipiscing elit, sed do eiusmod tempor incididunt ut labore et dolore magna ali', TIMESTAMP '2019-10-09 14:10:48.63', 3, 'Proposal 4 in voting phase 1572178248774', 22, 15, 307),
(318, TIMESTAMP '2019-10-07 14:10:48.669', TIMESTAMP '2019-10-27 13:10:48.806', 'Lorem ipsum dolor sit amet, consectetur adipiscing elit, sed do eiusmod tempor incididunt ut labore et dolore magna aliqua. Ut enim ad minim veniam, quis nostrud exercitation ullamco laboris nisi ut aliquip ex ea commodo consequat. Duis aute irure dolor in reprehenderit in voluptate velit esse cillum dolore eu fugiat nulla pariatur. Excep', TIMESTAMP '2019-10-09 14:10:48.668', 3, 'Proposal 3 in voting phase 1572178248774', 22, 7, 307),
(325, TIMESTAMP '2019-10-07 14:10:48.709', TIMESTAMP '2019-10-27 13:10:48.806', 'Lorem ipsum dolor sit amet, consectetur adipiscing elit, sed do eiusmod tempor incididunt ut labore et dolore magna aliqua. Ut enim ad minim veniam, quis nostrud exercitation ullamco laboris nisi ut aliquip ex ea commodo consequat. Duis aute irure dolor in reprehenderit in voluptate velit esse cillum dolore eu fugiat nulla pariatur. ', TIMESTAMP '2019-10-09 14:10:48.708', 3, 'Proposal 2 in voting phase 1572178248774', 22, 3, 307),
(332, TIMESTAMP '2019-10-07 14:10:48.751', TIMESTAMP '2019-10-27 13:10:48.807', 'Lorem ipsum dolor sit amet, consectetur adipiscing elit, sed do eiusmod tempor incididunt ut labore et dolore magna aliqua. Ut enim ad minim veniam, quis nostrud exercitation ullamco laboris nisi ut aliquip ex ea commodo consequat. Duis aute irure dolor in reprehenderit in voluptate velit esse cillum dolore eu fugiat nulla pariatur. Excepteur sint occ', TIMESTAMP '2019-10-09 14:10:48.75', 3, 'Proposal 1 in voting phase 1572178248774', 22, 5, 307),
(354, TIMESTAMP '2019-10-17 14:10:54.289', TIMESTAMP '2019-10-27 13:10:58.066', 'Lorem ipsum dolor sit amet, consectetur adipiscing elit, sed do eiusmod tempor incididunt ut labore et dolore ', TIMESTAMP '2019-10-20 14:10:54.288', 5, 'Proposal 5 in voting phase 1572178254409', 22, 13, 358),
(359, TIMESTAMP '2019-10-07 14:10:54.31', TIMESTAMP '2019-10-27 13:10:58.076', 'Lorem ipsum dolor sit amet, consectetur adipiscing elit, sed do eiusmod tempor incididunt ut labore et dolore magna aliqua. Ut enim ad minim veni', TIMESTAMP '2019-10-09 14:10:54.309', 4, 'This winning Proposal is now a Law', 22, 15, 358),
(365, TIMESTAMP '2019-10-07 14:10:54.334', TIMESTAMP '2019-10-27 13:10:58.067', 'Lorem ipsum dolor sit amet, consectetur adipiscing elit, sed do eiusmod tempor incididunt ut labore et dolore magna aliqua. Ut enim', TIMESTAMP '2019-10-09 14:10:54.333', 5, 'Proposal 3 in voting phase 1572178254409', 22, 7, 358),
(370, TIMESTAMP '2019-10-07 14:10:54.359', TIMESTAMP '2019-10-27 13:10:58.068', 'Lorem ipsum dolor sit amet, consectetur adipiscing elit, sed do eiusmod tempor incididunt ut labore et dolore magna aliqua. Ut enim ad minim veniam, quis nostrud exercitation ullamco laboris nisi ut aliquip ex ea commodo consequat. Duis aute irure dolor in reprehe', TIMESTAMP '2019-10-09 14:10:54.358', 5, 'Proposal 2 in voting phase 1572178254409', 22, 3, 358),
(377, TIMESTAMP '2019-10-07 14:10:54.388', TIMESTAMP '2019-10-27 13:10:58.068', 'Lorem ipsum dolor sit amet, consectetur adipiscing elit, sed do eiusmod tempor incididunt ut labore et dolore magna aliqua. Ut enim ad minim veniam, quis nostrud exercitation ullamco laboris nisi ut aliquip ex ea commodo consequat. Duis aute irure dolor in reprehenderit in voluptat', TIMESTAMP '2019-10-09 14:10:54.386', 5, 'Proposal 1 in voting phase 1572178254409', 22, 5, 358),
(398, TIMESTAMP '2019-10-07 13:10:58.091', TIMESTAMP '2019-10-27 13:10:58.091', 'Lorem ipsum dolor sit amet, consectetur adipiscing elit, sed do eiusmod tempor incididunt ut labore et dolore magna aliqua. Ut enim ad minim veniam, quis nostrud exercitation ullamco laboris nisi ut aliquip ex ea commodo consequat. Duis aute irure dolor in reprehenderit in voluptate velit esse cillum dolore eu fugiat nulla pariatur. Excepteur sint occaecat cupidatat non proident, sunt in', TIMESTAMP '2019-10-03 14:10:58.088', 4, 'Law 0', 22, 1, NULL);
INSERT INTO PUBLIC.LAWS(ID, CREATED_AT, UPDATED_AT, DESCRIPTION, REACHED_QUORUM_AT, STATUS, TITLE, AREA_ID, CREATED_BY_ID, POLL_ID) VALUES
(399, TIMESTAMP '2019-10-06 13:10:58.103', TIMESTAMP '2019-10-27 13:10:58.103', 'Lorem ipsum dolor sit amet, consectetur adipiscing elit, sed do eiusmod tempor incididunt ut labore et dolore magna aliqua. Ut enim ad minim veniam, quis nostrud exercitation ullamco laboris nisi ut aliquip ex ea commodo consequat. Duis aute irure dolor in r', TIMESTAMP '2019-10-03 14:10:58.101', 4, 'Law 1', 22, 1, NULL);
CREATE MEMORY TABLE PUBLIC.LAWS_COMMENTS(
LAW_MODEL_ID BIGINT NOT NULL,
COMMENTS_ID BIGINT NOT NULL
);
ALTER TABLE PUBLIC.LAWS_COMMENTS ADD CONSTRAINT PUBLIC.CONSTRAINT_A0 PRIMARY KEY(LAW_MODEL_ID, COMMENTS_ID);
-- 25 +/- SELECT COUNT(*) FROM PUBLIC.LAWS_COMMENTS;
INSERT INTO PUBLIC.LAWS_COMMENTS(LAW_MODEL_ID, COMMENTS_ID) VALUES
(194, 195),
(201, 202),
(206, 207),
(213, 214),
(220, 221),
(234, 235),
(244, 245),
(248, 249),
(256, 257),
(264, 265),
(273, 274),
(279, 280),
(286, 287),
(290, 291),
(295, 296),
(299, 300),
(308, 309),
(318, 319),
(325, 326),
(332, 333),
(354, 355),
(359, 360),
(365, 366),
(370, 371),
(377, 378);
CREATE MEMORY TABLE PUBLIC.LAWS_SUPPORTERS(
LAW_MODEL_ID BIGINT NOT NULL,
SUPPORTERS_ID BIGINT NOT NULL
);
ALTER TABLE PUBLIC.LAWS_SUPPORTERS ADD CONSTRAINT PUBLIC.CONSTRAINT_C PRIMARY KEY(LAW_MODEL_ID, SUPPORTERS_ID);
-- 1227 +/- SELECT COUNT(*) FROM PUBLIC.LAWS_SUPPORTERS;
INSERT INTO PUBLIC.LAWS_SUPPORTERS(LAW_MODEL_ID, SUPPORTERS_ID) VALUES
(32, 16),
(34, 7),
(34, 2),
(35, 8),
(35, 16),
(35, 13),
(35, 15),
(35, 19),
(35, 20),
(36, 12),
(36, 5),
(36, 1),
(36, 11),
(36, 17),
(36, 15),
(36, 9),
(37, 15),
(37, 1),
(37, 19),
(38, 14),
(38, 9),
(39, 20),
(39, 13),
(39, 18),
(39, 14),
(39, 10),
(40, 8),
(40, 5),
(40, 17),
(41, 11),
(41, 1),
(41, 10),
(41, 18),
(43, 4),
(44, 12),
(44, 9),
(44, 11),
(45, 11),
(45, 4),
(45, 15),
(46, 2),
(46, 11),
(46, 7),
(46, 6),
(46, 8),
(46, 5),
(46, 15),
(47, 18),
(48, 13),
(48, 19),
(50, 18),
(50, 3),
(50, 8),
(50, 7),
(51, 12),
(51, 4),
(51, 9),
(51, 13),
(52, 7),
(52, 15),
(52, 18),
(52, 11),
(52, 9),
(52, 1),
(53, 8),
(53, 7),
(53, 15),
(53, 16),
(53, 6),
(53, 5),
(53, 9),
(53, 14),
(54, 2),
(54, 16),
(55, 2),
(55, 15),
(55, 7),
(55, 20),
(56, 13),
(56, 18),
(57, 10),
(57, 1),
(57, 3),
(57, 20),
(57, 11),
(57, 12),
(57, 13),
(58, 9),
(58, 5),
(58, 2),
(58, 10),
(58, 14),
(58, 3),
(58, 12),
(59, 7),
(59, 9),
(59, 17),
(59, 8),
(59, 18),
(59, 6),
(59, 16),
(60, 8),
(60, 10),
(61, 2),
(61, 8),
(61, 20),
(61, 5),
(61, 1),
(61, 6),
(61, 15),
(63, 5),
(63, 18),
(63, 14),
(63, 8),
(63, 20),
(63, 9),
(64, 19),
(65, 19),
(65, 20),
(66, 4),
(66, 19),
(66, 2),
(67, 20),
(67, 10),
(67, 1),
(67, 6),
(67, 12),
(67, 11),
(67, 9),
(67, 4),
(68, 10),
(68, 18),
(68, 12),
(68, 3),
(68, 7),
(68, 19),
(68, 17),
(69, 16),
(69, 19),
(69, 3),
(69, 10),
(69, 8),
(69, 4),
(70, 17),
(71, 1),
(71, 11),
(71, 3),
(72, 13),
(72, 4),
(72, 16),
(72, 14),
(72, 11),
(73, 6),
(73, 7),
(73, 9),
(73, 3),
(73, 13),
(73, 19),
(73, 14),
(73, 11),
(74, 4),
(74, 17),
(74, 10),
(76, 4),
(76, 10),
(76, 14),
(76, 13),
(76, 16),
(77, 10),
(77, 2),
(77, 14),
(77, 15),
(77, 8),
(77, 7),
(77, 18),
(78, 10),
(78, 6),
(78, 17),
(78, 7),
(78, 2),
(78, 4),
(78, 18),
(79, 10),
(79, 13),
(79, 2),
(79, 18),
(80, 1),
(80, 12),
(80, 16),
(80, 17),
(80, 20),
(80, 18),
(80, 10),
(81, 19),
(81, 9),
(81, 6),
(81, 11),
(82, 15),
(82, 14),
(82, 16),
(82, 17),
(83, 3),
(83, 20),
(83, 12),
(83, 19),
(83, 16),
(83, 15),
(84, 17),
(85, 2),
(85, 18),
(86, 17),
(86, 2),
(86, 4),
(87, 2),
(87, 13),
(87, 9),
(87, 3),
(88, 8),
(89, 20),
(89, 19),
(89, 9),
(89, 18),
(89, 1),
(89, 16),
(89, 5),
(89, 10),
(90, 13),
(91, 12),
(91, 7),
(91, 1),
(91, 15),
(92, 7),
(92, 9),
(92, 1),
(92, 5),
(92, 19),
(93, 3),
(93, 5),
(93, 2),
(93, 11),
(93, 16),
(93, 8),
(94, 13),
(94, 12),
(94, 4),
(94, 9),
(94, 5),
(95, 11),
(95, 4),
(95, 10),
(95, 6),
(96, 7),
(96, 6),
(96, 15),
(96, 17),
(96, 13),
(96, 20),
(96, 18),
(96, 10),
(97, 3),
(97, 7),
(97, 2),
(97, 5),
(98, 16),
(98, 8),
(98, 5),
(98, 2),
(99, 20),
(99, 4),
(100, 6),
(100, 17),
(100, 15),
(100, 2),
(100, 3),
(100, 9),
(100, 8),
(100, 12),
(101, 13),
(101, 2),
(101, 19),
(101, 1),
(101, 4),
(102, 20),
(102, 17),
(102, 5),
(102, 11),
(104, 10),
(104, 16),
(104, 2),
(106, 2),
(106, 6),
(106, 12),
(107, 16),
(107, 15),
(107, 14),
(107, 5),
(107, 17),
(108, 8),
(108, 20),
(108, 16),
(108, 17),
(108, 13),
(108, 9),
(108, 5),
(108, 19),
(109, 7),
(109, 8),
(109, 10),
(110, 1),
(111, 4),
(111, 5),
(111, 2),
(111, 11),
(112, 9),
(112, 12),
(112, 2),
(112, 18),
(112, 14),
(113, 6),
(113, 12),
(113, 16),
(113, 13),
(114, 9),
(114, 13),
(114, 6),
(114, 3),
(115, 16),
(115, 6),
(115, 15),
(115, 18),
(116, 14),
(116, 11),
(116, 9),
(117, 19),
(117, 17),
(117, 8),
(117, 15),
(117, 4),
(117, 18),
(117, 20),
(119, 6),
(119, 10),
(120, 11),
(120, 14),
(120, 10),
(120, 4),
(120, 8),
(120, 5),
(121, 15),
(121, 13),
(121, 10),
(121, 7),
(122, 8),
(122, 10),
(122, 19),
(123, 14),
(123, 6),
(124, 14),
(124, 16),
(124, 2),
(124, 8),
(124, 20),
(125, 2),
(125, 14),
(126, 11),
(126, 4),
(126, 7),
(126, 14),
(126, 20),
(127, 8),
(127, 12),
(127, 6),
(127, 5),
(127, 1),
(127, 15),
(127, 18),
(128, 7),
(128, 19),
(128, 9),
(128, 6),
(128, 18),
(128, 8),
(128, 16),
(128, 17),
(129, 18),
(129, 10),
(129, 16),
(129, 5),
(129, 6),
(129, 12),
(130, 11),
(130, 6),
(130, 12),
(130, 3),
(130, 13),
(130, 18),
(131, 13),
(131, 19),
(132, 16),
(133, 17),
(134, 16),
(134, 20),
(135, 2),
(135, 7),
(135, 13),
(135, 12),
(135, 6);
INSERT INTO PUBLIC.LAWS_SUPPORTERS(LAW_MODEL_ID, SUPPORTERS_ID) VALUES
(136, 17),
(136, 5),
(136, 19),
(136, 8),
(136, 10),
(136, 20),
(137, 2),
(137, 12),
(137, 3),
(137, 17),
(137, 1),
(137, 5),
(138, 19),
(138, 14),
(138, 8),
(138, 10),
(138, 12),
(138, 13),
(138, 1),
(138, 16),
(139, 8),
(140, 6),
(141, 10),
(141, 20),
(141, 8),
(141, 3),
(141, 12),
(141, 6),
(141, 11),
(141, 1),
(143, 12),
(143, 14),
(143, 16),
(143, 3),
(143, 11),
(143, 4),
(144, 11),
(144, 10),
(144, 20),
(144, 15),
(144, 7),
(144, 13),
(144, 16),
(144, 19),
(144, 2),
(144, 12),
(145, 4),
(145, 20),
(145, 16),
(145, 3),
(145, 9),
(145, 6),
(145, 7),
(145, 18),
(145, 17),
(145, 8),
(146, 1),
(146, 10),
(146, 5),
(146, 11),
(146, 15),
(146, 18),
(146, 14),
(146, 13),
(146, 16),
(146, 12),
(147, 20),
(147, 15),
(147, 17),
(147, 11),
(147, 1),
(147, 13),
(147, 5),
(147, 2),
(147, 10),
(147, 9),
(148, 11),
(148, 2),
(148, 6),
(148, 15),
(148, 3),
(148, 9),
(148, 14),
(148, 5),
(148, 7),
(148, 19),
(149, 17),
(149, 10),
(149, 19),
(149, 3),
(149, 14),
(149, 2),
(149, 15),
(149, 5),
(149, 13),
(149, 1),
(150, 13),
(150, 1),
(150, 11),
(150, 9),
(150, 4),
(150, 17),
(150, 5),
(150, 10),
(150, 19),
(150, 2),
(151, 20),
(151, 17),
(151, 18),
(151, 14),
(151, 3),
(151, 10),
(151, 1),
(151, 4),
(151, 6),
(151, 7),
(152, 15),
(152, 11),
(152, 1),
(152, 16),
(152, 6),
(152, 19),
(152, 10),
(152, 3),
(152, 20),
(152, 2),
(153, 2),
(153, 19),
(153, 10),
(153, 13),
(153, 5),
(153, 4),
(153, 15),
(153, 17),
(153, 6),
(153, 16),
(154, 5),
(154, 8),
(154, 15),
(154, 16),
(154, 12),
(154, 7),
(154, 9),
(154, 19),
(154, 14),
(154, 20),
(155, 2),
(155, 17),
(155, 18),
(155, 15),
(155, 19),
(155, 1),
(155, 3),
(155, 6),
(155, 16),
(155, 8),
(156, 20),
(156, 18),
(156, 5),
(156, 15),
(156, 8),
(156, 16),
(156, 7),
(156, 10),
(156, 9),
(156, 11),
(157, 4),
(157, 17),
(157, 9),
(157, 1),
(157, 6),
(157, 2),
(157, 16),
(157, 20),
(157, 11),
(157, 12),
(158, 16),
(158, 18),
(158, 3),
(158, 6),
(158, 8),
(158, 7),
(158, 15),
(158, 12),
(158, 2),
(158, 1),
(159, 19),
(159, 9),
(159, 15),
(159, 3),
(159, 8),
(159, 16),
(159, 14),
(159, 12),
(159, 13),
(159, 4),
(160, 17),
(160, 14),
(160, 10),
(160, 4),
(160, 16),
(160, 18),
(160, 1),
(160, 2),
(160, 11),
(160, 9),
(161, 9),
(161, 12),
(161, 14),
(161, 6),
(161, 13),
(161, 10),
(161, 11),
(161, 5),
(161, 17),
(161, 15),
(162, 14),
(162, 11),
(162, 17),
(162, 4),
(162, 10),
(162, 1),
(162, 6),
(162, 12),
(162, 18),
(162, 19),
(163, 19),
(163, 12),
(163, 1),
(163, 10),
(163, 7),
(163, 2),
(163, 15),
(163, 5),
(163, 20),
(163, 13),
(164, 18),
(164, 7),
(164, 20),
(164, 1),
(164, 9),
(164, 8),
(164, 4),
(164, 13),
(164, 15),
(164, 3),
(165, 8),
(165, 17),
(165, 9),
(165, 14),
(165, 13),
(165, 6),
(165, 5),
(165, 19),
(165, 15),
(165, 16),
(166, 4),
(166, 16),
(166, 13),
(166, 12),
(166, 18),
(166, 14),
(166, 3),
(166, 5),
(166, 20),
(166, 9),
(167, 4),
(167, 16),
(167, 1),
(167, 6),
(167, 3),
(167, 12),
(167, 13),
(167, 15),
(167, 14),
(167, 18),
(168, 9),
(168, 6),
(168, 15),
(168, 1),
(168, 20),
(168, 18),
(168, 8),
(168, 13),
(168, 7),
(168, 11),
(169, 4),
(169, 6),
(169, 9),
(169, 11),
(169, 2),
(169, 17),
(169, 18),
(169, 20),
(169, 12),
(169, 3),
(170, 7),
(170, 19),
(170, 20),
(170, 2),
(170, 10),
(170, 8),
(170, 11),
(170, 1),
(170, 17),
(170, 4),
(171, 4),
(171, 5),
(171, 3),
(171, 17),
(171, 2),
(171, 15),
(171, 11),
(171, 19),
(171, 12),
(171, 1),
(172, 15),
(172, 13),
(172, 11),
(172, 20),
(172, 5),
(172, 1),
(172, 14),
(172, 10),
(172, 19),
(172, 6),
(173, 8),
(173, 14),
(173, 20),
(173, 15),
(173, 1),
(173, 10),
(173, 12),
(173, 7),
(173, 2),
(173, 17),
(174, 16),
(174, 20),
(174, 3),
(174, 1),
(174, 9),
(174, 17),
(174, 10),
(174, 14),
(174, 11),
(174, 4),
(175, 7),
(175, 10),
(175, 3),
(175, 5),
(175, 19),
(175, 14),
(175, 13),
(175, 17),
(175, 6),
(175, 20),
(176, 18),
(176, 15),
(176, 8),
(176, 7),
(176, 1),
(176, 12),
(176, 2),
(176, 13),
(176, 17),
(176, 14),
(177, 1),
(177, 10),
(177, 2),
(177, 14),
(177, 18),
(177, 20),
(177, 19),
(177, 16),
(177, 12),
(177, 4),
(178, 13),
(178, 8),
(178, 11),
(178, 20),
(178, 18);
INSERT INTO PUBLIC.LAWS_SUPPORTERS(LAW_MODEL_ID, SUPPORTERS_ID) VALUES
(178, 9),
(178, 10),
(178, 17),
(178, 14),
(178, 6),
(179, 8),
(179, 15),
(179, 19),
(179, 10),
(179, 11),
(179, 3),
(179, 9),
(179, 6),
(179, 4),
(179, 5),
(180, 7),
(180, 11),
(180, 6),
(180, 1),
(180, 14),
(180, 3),
(180, 9),
(180, 5),
(180, 19),
(180, 8),
(181, 16),
(181, 19),
(181, 5),
(181, 1),
(181, 14),
(181, 15),
(181, 8),
(181, 11),
(181, 18),
(181, 20),
(182, 1),
(182, 5),
(182, 11),
(182, 3),
(182, 12),
(182, 17),
(182, 8),
(182, 15),
(182, 10),
(182, 9),
(183, 2),
(183, 18),
(183, 6),
(183, 5),
(183, 16),
(183, 9),
(183, 11),
(183, 17),
(183, 8),
(183, 3),
(184, 7),
(184, 8),
(184, 14),
(184, 16),
(184, 5),
(184, 15),
(184, 3),
(184, 20),
(184, 18),
(184, 19),
(185, 18),
(185, 3),
(185, 11),
(185, 17),
(185, 7),
(185, 8),
(185, 13),
(185, 9),
(185, 19),
(185, 16),
(186, 10),
(186, 3),
(186, 15),
(186, 17),
(186, 12),
(186, 16),
(186, 8),
(186, 4),
(186, 2),
(186, 7),
(187, 13),
(187, 2),
(187, 8),
(187, 12),
(187, 6),
(187, 18),
(187, 1),
(187, 20),
(187, 3),
(187, 19),
(188, 14),
(188, 20),
(188, 8),
(188, 2),
(188, 1),
(188, 16),
(188, 4),
(188, 10),
(188, 5),
(188, 9),
(189, 7),
(189, 4),
(189, 6),
(189, 16),
(189, 15),
(189, 17),
(189, 5),
(189, 8),
(189, 9),
(189, 14),
(190, 13),
(190, 17),
(190, 14),
(190, 4),
(190, 20),
(190, 11),
(190, 3),
(190, 18),
(190, 2),
(190, 9),
(191, 11),
(191, 3),
(191, 7),
(191, 12),
(191, 9),
(191, 2),
(191, 6),
(191, 19),
(191, 5),
(191, 18),
(192, 15),
(192, 17),
(192, 10),
(192, 9),
(192, 16),
(192, 8),
(192, 18),
(192, 2),
(192, 13),
(192, 20),
(193, 14),
(193, 5),
(193, 6),
(193, 4),
(193, 15),
(193, 20),
(193, 3),
(193, 2),
(193, 8),
(193, 10),
(194, 14),
(194, 16),
(194, 17),
(194, 15),
(194, 18),
(194, 12),
(194, 5),
(194, 11),
(194, 10),
(194, 13),
(201, 8),
(201, 7),
(201, 6),
(201, 15),
(201, 20),
(201, 11),
(201, 17),
(201, 2),
(201, 9),
(201, 18),
(206, 17),
(206, 8),
(206, 20),
(206, 2),
(206, 12),
(206, 16),
(206, 11),
(206, 18),
(206, 10),
(206, 7),
(213, 11),
(213, 18),
(213, 10),
(213, 4),
(213, 7),
(213, 19),
(213, 9),
(213, 17),
(213, 14),
(213, 20),
(220, 19),
(220, 14),
(220, 12),
(220, 4),
(220, 16),
(220, 11),
(220, 10),
(220, 17),
(220, 3),
(220, 15),
(234, 5),
(234, 15),
(234, 9),
(234, 14),
(234, 1),
(234, 16),
(234, 18),
(234, 3),
(234, 20),
(234, 10),
(244, 13),
(244, 6),
(244, 17),
(244, 1),
(244, 9),
(244, 7),
(244, 2),
(244, 3),
(244, 18),
(244, 12),
(248, 14),
(248, 11),
(248, 1),
(248, 3),
(248, 6),
(248, 2),
(248, 9),
(248, 5),
(248, 19),
(248, 13),
(256, 4),
(256, 10),
(256, 15),
(256, 20),
(256, 17),
(256, 1),
(256, 14),
(256, 7),
(256, 8),
(256, 5),
(264, 14),
(264, 20),
(264, 11),
(264, 2),
(264, 15),
(264, 6),
(264, 16),
(264, 7),
(264, 19),
(264, 10),
(273, 12),
(273, 2),
(273, 10),
(273, 9),
(273, 4),
(273, 14),
(273, 7),
(273, 18),
(273, 15),
(273, 20),
(279, 5),
(279, 18),
(279, 12),
(279, 20),
(279, 3),
(279, 7),
(279, 6),
(279, 10),
(279, 11),
(279, 1),
(286, 19),
(286, 2),
(286, 3),
(286, 13),
(286, 15),
(286, 6),
(286, 11),
(286, 8),
(286, 10),
(286, 12),
(290, 1),
(290, 17),
(290, 5),
(290, 4),
(290, 10),
(290, 6),
(290, 19),
(290, 9),
(290, 15),
(290, 14),
(295, 13),
(295, 2),
(295, 10),
(295, 9),
(295, 18),
(295, 11),
(295, 16),
(295, 4),
(295, 20),
(295, 17),
(299, 10),
(299, 11),
(299, 18),
(299, 7),
(299, 20),
(299, 15),
(299, 17),
(299, 16),
(299, 19),
(299, 12),
(308, 14),
(308, 9),
(308, 12),
(308, 13),
(308, 2),
(308, 19),
(308, 1),
(308, 11),
(308, 4),
(308, 16),
(318, 11),
(318, 5),
(318, 17),
(318, 16),
(318, 2),
(318, 8),
(318, 13),
(318, 1),
(318, 10),
(318, 14),
(325, 16),
(325, 15),
(325, 9),
(325, 11),
(325, 4),
(325, 17),
(325, 5),
(325, 7),
(325, 1),
(325, 18),
(332, 4),
(332, 12),
(332, 7),
(332, 15),
(332, 11),
(332, 9),
(332, 19),
(332, 18),
(332, 3),
(332, 6),
(354, 16),
(354, 20),
(354, 2),
(354, 6),
(354, 9),
(354, 7),
(354, 11),
(354, 18),
(354, 19),
(354, 15),
(359, 4),
(359, 17),
(359, 3),
(359, 19),
(359, 16),
(359, 12),
(359, 5),
(359, 6),
(359, 10),
(359, 18),
(365, 5),
(365, 11),
(365, 13),
(365, 3),
(365, 16),
(365, 18),
(365, 17);
INSERT INTO PUBLIC.LAWS_SUPPORTERS(LAW_MODEL_ID, SUPPORTERS_ID) VALUES
(365, 19),
(365, 4),
(365, 8),
(370, 14),
(370, 6),
(370, 11),
(370, 7),
(370, 10),
(370, 2),
(370, 16),
(370, 1),
(370, 9),
(370, 19),
(377, 3),
(377, 11),
(377, 7),
(377, 9),
(377, 10),
(377, 4),
(377, 12),
(377, 16),
(377, 18),
(377, 15),
(398, 15),
(398, 10),
(398, 12),
(398, 9),
(398, 11),
(398, 3),
(398, 20),
(398, 17),
(398, 7),
(398, 2),
(398, 4),
(398, 14),
(398, 13),
(398, 8),
(398, 6),
(398, 16),
(398, 18),
(398, 19),
(399, 7),
(399, 16),
(399, 15),
(399, 9),
(399, 5),
(399, 17),
(399, 6),
(399, 10),
(399, 4),
(399, 11),
(399, 12),
(399, 19),
(399, 8),
(399, 20),
(399, 3),
(399, 2);
CREATE MEMORY TABLE PUBLIC.ONE_TIME_TOKEN(
ID BIGINT NOT NULL,
CREATED_AT TIMESTAMP NOT NULL,
UPDATED_AT TIMESTAMP NOT NULL,
TOKEN VARCHAR(255) NOT NULL,
TOKEN_TYPE INTEGER NOT NULL,
VALID_UNTIL TIMESTAMP NOT NULL,
USER_ID BIGINT NOT NULL
);
ALTER TABLE PUBLIC.ONE_TIME_TOKEN ADD CONSTRAINT PUBLIC.CONSTRAINT_4 PRIMARY KEY(ID);
-- 0 +/- SELECT COUNT(*) FROM PUBLIC.ONE_TIME_TOKEN;
CREATE MEMORY TABLE PUBLIC.POLLS(
ID BIGINT NOT NULL,
CREATED_AT TIMESTAMP NOT NULL,
UPDATED_AT TIMESTAMP NOT NULL,
DUEL_MATRIX VARCHAR(255),
STATUS INTEGER,
TITLE VARCHAR(255),
VOTING_END_AT TIMESTAMP,
VOTING_START_AT TIMESTAMP,
WINNER_ID BIGINT
);
ALTER TABLE PUBLIC.POLLS ADD CONSTRAINT PUBLIC.CONSTRAINT_48 PRIMARY KEY(ID);
-- 4 +/- SELECT COUNT(*) FROM PUBLIC.POLLS;
INSERT INTO PUBLIC.POLLS(ID, CREATED_AT, UPDATED_AT, DUEL_MATRIX, STATUS, TITLE, VOTING_END_AT, VOTING_START_AT, WINNER_ID) VALUES
(243, TIMESTAMP '2019-10-20 13:10:48.348', TIMESTAMP '2019-10-20 13:10:48.348', '', 0, 'Poll from TestDataCreator 8149', TIMESTAMP '2019-11-24 00:00:00', TIMESTAMP '2019-11-10 00:00:00', NULL),
(278, TIMESTAMP '2019-10-12 14:10:48.565', TIMESTAMP '2019-10-27 13:10:48.59', '', 1, 'Poll in voting phase 8583', TIMESTAMP '2019-11-09 00:00:00', TIMESTAMP '2019-10-26 13:10:48.583', NULL),
(307, TIMESTAMP '2019-10-12 14:10:48.784', TIMESTAMP '2019-10-27 13:10:54.279', '[]', 1, 'Poll in voting phase 8795', TIMESTAMP '2019-11-09 00:00:00', TIMESTAMP '2019-10-26 13:10:48.794', NULL),
(358, TIMESTAMP '2019-09-24 14:10:54.446', TIMESTAMP '2019-10-27 13:10:58.076', '[[0,11,9,7,12],[5,0,9,5,11],[7,7,0,6,9],[9,11,10,0,12],[4,5,7,4,0]]', 2, 'Finished Poll 4438', TIMESTAMP '2019-10-27 13:10:58.053', TIMESTAMP '2019-10-08 13:10:54.438', 359);
CREATE MEMORY TABLE PUBLIC.USERS(
ID BIGINT NOT NULL,
CREATED_AT TIMESTAMP NOT NULL,
UPDATED_AT TIMESTAMP NOT NULL,
EMAIL VARCHAR(255) NOT NULL,
LAST_LOGIN TIMESTAMP,
MOBILEPHONE VARCHAR(255),
NAME VARCHAR(255),
PICTURE VARCHAR(255),
WEBSITE VARCHAR(255)
);
ALTER TABLE PUBLIC.USERS ADD CONSTRAINT PUBLIC.CONSTRAINT_4D PRIMARY KEY(ID);
-- 21 +/- SELECT COUNT(*) FROM PUBLIC.USERS;
INSERT INTO PUBLIC.USERS(ID, CREATED_AT, UPDATED_AT, EMAIL, LAST_LOGIN, MOBILEPHONE, NAME, PICTURE, WEBSITE) VALUES
(1, TIMESTAMP '2019-10-27 13:10:39.839', TIMESTAMP '2019-10-27 13:10:39.839', 'testuser1@liquido.de', NULL, '+49123451', 'Donald Duck', '/static/img/photos/1.png', 'http://www.liquido.de'),
(2, TIMESTAMP '2019-10-27 13:10:39.899', TIMESTAMP '2019-10-27 13:10:39.899', 'testuser2@liquido.de', NULL, '+49123452', 'Test User2', '/static/img/photos/2.png', 'http://www.liquido.de'),
(3, TIMESTAMP '2019-10-27 13:10:39.913', TIMESTAMP '2019-10-27 13:10:39.913', 'testuser3@liquido.de', NULL, '+49123453', 'Test User3', '/static/img/photos/3.png', 'http://www.liquido.de'),
(4, TIMESTAMP '2019-10-27 13:10:39.919', TIMESTAMP '2019-10-27 13:10:39.919', 'testuser4@liquido.de', NULL, '+49123454', 'Test User4', '/static/img/photos/1.png', 'http://www.liquido.de'),
(5, TIMESTAMP '2019-10-27 13:10:39.923', TIMESTAMP '2019-10-27 13:10:39.923', 'testuser5@liquido.de', NULL, '+49123455', 'Test User5', '/static/img/photos/2.png', 'http://www.liquido.de'),
(6, TIMESTAMP '2019-10-27 13:10:39.926', TIMESTAMP '2019-10-27 13:10:39.926', 'testuser6@liquido.de', NULL, '+49123456', 'Test User6', '/static/img/photos/3.png', 'http://www.liquido.de'),
(7, TIMESTAMP '2019-10-27 13:10:39.931', TIMESTAMP '2019-10-27 13:10:39.931', 'testuser7@liquido.de', NULL, '+49123457', 'Test User7', '/static/img/photos/1.png', 'http://www.liquido.de'),
(8, TIMESTAMP '2019-10-27 13:10:39.936', TIMESTAMP '2019-10-27 13:10:39.936', 'testuser8@liquido.de', NULL, '+49123458', 'Test User8', '/static/img/photos/2.png', 'http://www.liquido.de'),
(9, TIMESTAMP '2019-10-27 13:10:39.942', TIMESTAMP '2019-10-27 13:10:39.942', 'testuser9@liquido.de', NULL, '+49123459', 'Test User9', '/static/img/photos/3.png', 'http://www.liquido.de'),
(10, TIMESTAMP '2019-10-27 13:10:39.946', TIMESTAMP '2019-10-27 13:10:39.946', 'testuser10@liquido.de', NULL, '+491234510', 'Test User10', '/static/img/photos/1.png', 'http://www.liquido.de'),
(11, TIMESTAMP '2019-10-27 13:10:39.949', TIMESTAMP '2019-10-27 13:10:39.949', 'testuser11@liquido.de', NULL, '+491234511', 'Test User11', '/static/img/photos/2.png', 'http://www.liquido.de'),
(12, TIMESTAMP '2019-10-27 13:10:39.954', TIMESTAMP '2019-10-27 13:10:39.954', 'testuser12@liquido.de', NULL, '+491234512', 'Test User12', '/static/img/photos/3.png', 'http://www.liquido.de'),
(13, TIMESTAMP '2019-10-27 13:10:39.96', TIMESTAMP '2019-10-27 13:10:39.96', 'testuser13@liquido.de', NULL, '+491234513', 'Test User13', '/static/img/photos/1.png', 'http://www.liquido.de'),
(14, TIMESTAMP '2019-10-27 13:10:39.965', TIMESTAMP '2019-10-27 13:10:39.965', 'testuser14@liquido.de', NULL, '+491234514', 'Test User14', '/static/img/photos/2.png', 'http://www.liquido.de'),
(15, TIMESTAMP '2019-10-27 13:10:39.971', TIMESTAMP '2019-10-27 13:10:39.971', 'testuser15@liquido.de', NULL, '+491234515', 'Test User15', '/static/img/photos/3.png', 'http://www.liquido.de'),
(16, TIMESTAMP '2019-10-27 13:10:39.979', TIMESTAMP '2019-10-27 13:10:39.979', 'testuser16@liquido.de', NULL, '+491234516', 'Test User16', '/static/img/photos/1.png', 'http://www.liquido.de'),
(17, TIMESTAMP '2019-10-27 13:10:39.983', TIMESTAMP '2019-10-27 13:10:39.983', 'testuser17@liquido.de', NULL, '+491234517', 'Test User17', '/static/img/photos/2.png', 'http://www.liquido.de'),
(18, TIMESTAMP '2019-10-27 13:10:39.986', TIMESTAMP '2019-10-27 13:10:39.986', 'testuser18@liquido.de', NULL, '+491234518', 'Test User18', '/static/img/photos/3.png', 'http://www.liquido.de'),
(19, TIMESTAMP '2019-10-27 13:10:39.992', TIMESTAMP '2019-10-27 13:10:39.992', 'testuser19@liquido.de', NULL, '+491234519', 'Test User19', '/static/img/photos/1.png', 'http://www.liquido.de'),
(20, TIMESTAMP '2019-10-27 13:10:39.996', TIMESTAMP '2019-10-27 13:10:39.996', 'testuser20@liquido.de', NULL, '+491234520', 'Test User20', '/static/img/photos/2.png', 'http://www.liquido.de'),
(21, TIMESTAMP '2019-10-27 13:10:39.998', TIMESTAMP '2019-10-27 13:10:39.998', 'admin@liquido.de', NULL, '+491234567890', 'Secret Admin Name', NULL, NULL);
-- 0 +/- SELECT COUNT(*) FROM PUBLIC.QRTZ_CALENDARS;
-- 0 +/- SELECT COUNT(*) FROM PUBLIC.QRTZ_CRON_TRIGGERS;
-- 0 +/- SELECT COUNT(*) FROM PUBLIC.QRTZ_FIRED_TRIGGERS;
-- 0 +/- SELECT COUNT(*) FROM PUBLIC.QRTZ_PAUSED_TRIGGER_GRPS;
-- 0 +/- SELECT COUNT(*) FROM PUBLIC.QRTZ_SCHEDULER_STATE;
-- 0 +/- SELECT COUNT(*) FROM PUBLIC.QRTZ_LOCKS;
-- 0 +/- SELECT COUNT(*) FROM PUBLIC.QRTZ_JOB_DETAILS;
-- 0 +/- SELECT COUNT(*) FROM PUBLIC.QRTZ_SIMPLE_TRIGGERS;
-- 0 +/- SELECT COUNT(*) FROM PUBLIC.QRTZ_SIMPROP_TRIGGERS;
-- 0 +/- SELECT COUNT(*) FROM PUBLIC.QRTZ_BLOB_TRIGGERS;
-- 0 +/- SELECT COUNT(*) FROM PUBLIC.QRTZ_TRIGGERS;
ALTER TABLE PUBLIC.AREAS ADD CONSTRAINT PUBLIC.UK_P61HNJ1M450KNDUSCXOLDCHFJ UNIQUE(TITLE);
ALTER TABLE PUBLIC.KEY_VALUE ADD CONSTRAINT PUBLIC.UK_8TE0DHIEXEOWA1RGVA302TO1L UNIQUE(KEY_COL);
ALTER TABLE PUBLIC.USERS ADD CONSTRAINT PUBLIC.UK_6DOTKOTT2KJSP8VW4D0M25FB7 UNIQUE(EMAIL);
ALTER TABLE PUBLIC.LAWS ADD CONSTRAINT PUBLIC.UK_BS516OPV3HONTPTWVPIOOS72B UNIQUE(TITLE);
ALTER TABLE PUBLIC.DELEGATIONS ADD CONSTRAINT PUBLIC.UK2WYH7POIF8NPDWLUR8DFORD0J UNIQUE(AREA_ID, FROM_USER_ID);
ALTER TABLE PUBLIC.LAWS_COMMENTS ADD CONSTRAINT PUBLIC.UK_OF3YV6X3MAHJPHJBJE5XHRXC8 UNIQUE(COMMENTS_ID);
ALTER TABLE PUBLIC.BALLOTS ADD CONSTRAINT PUBLIC.UKHWWEPK8N3CE54LEREWX2FMYXF UNIQUE(POLL_ID, CHECKSUM);
ALTER TABLE PUBLIC.USERS ADD CONSTRAINT PUBLIC.UK_70QE9WOFM8UJ2PEANWKPHERRM UNIQUE(MOBILEPHONE);
ALTER TABLE PUBLIC.CHECKSUMS ADD CONSTRAINT PUBLIC.UKL0XNKLNHLK4PTWSU9B0QXTYBN UNIQUE(AREA_ID, PUBLIC_PROXY_ID);
ALTER TABLE PUBLIC.AREAS ADD CONSTRAINT PUBLIC.FKP9N0U4HM2Q1O7V0068C8GD4EL FOREIGN KEY(CREATED_BY_ID) REFERENCES PUBLIC.USERS(ID) NOCHECK;
ALTER TABLE PUBLIC.DELEGATIONS ADD CONSTRAINT PUBLIC.FK1Y1R0D478R9NTDMUIYKKUHADV FOREIGN KEY(REQUESTED_DELEGATION_FROM_CHECKSUM_CHECKSUM) REFERENCES PUBLIC.CHECKSUMS(CHECKSUM) NOCHECK;
ALTER TABLE PUBLIC.DELEGATIONS ADD CONSTRAINT PUBLIC.FKSWBDEOVC7HSQ5EX30PBMDU9D4 FOREIGN KEY(AREA_ID) REFERENCES PUBLIC.AREAS(ID) NOCHECK;
ALTER TABLE PUBLIC.LAWS ADD CONSTRAINT PUBLIC.FK4QUHD81MM84X6RQ0CCBXSEYXX FOREIGN KEY(POLL_ID) REFERENCES PUBLIC.POLLS(ID) NOCHECK;
ALTER TABLE PUBLIC.LAWS_SUPPORTERS ADD CONSTRAINT PUBLIC.FK9B4I87YIKUCHRIRFJAYMGOHE3 FOREIGN KEY(LAW_MODEL_ID) REFERENCES PUBLIC.LAWS(ID) NOCHECK;
ALTER TABLE PUBLIC.BALLOTS ADD CONSTRAINT PUBLIC.FKOG7SHPLJ1CCOH8N9AO4Y16LQ3 FOREIGN KEY(POLL_ID) REFERENCES PUBLIC.POLLS(ID) NOCHECK;
ALTER TABLE PUBLIC.COMMENTS_DOWN_VOTERS ADD CONSTRAINT PUBLIC.FK62ILAC17TG4CPKRHEONUD72HV FOREIGN KEY(DOWN_VOTERS_ID) REFERENCES PUBLIC.USERS(ID) NOCHECK;
ALTER TABLE PUBLIC.CHECKSUMS ADD CONSTRAINT PUBLIC.FKDFLPSE9FSOGY1FMFDY2W79RG FOREIGN KEY(DELEGATED_TO_CHECKSUM) REFERENCES PUBLIC.CHECKSUMS(CHECKSUM) NOCHECK;
ALTER TABLE PUBLIC.BALLOTS_VOTE_ORDER ADD CONSTRAINT PUBLIC.FKIH6THEWVJEH3OW9DL1YTJ9AWB FOREIGN KEY(BALLOT_MODEL_ID) REFERENCES PUBLIC.BALLOTS(ID) NOCHECK;
ALTER TABLE PUBLIC.COMMENTS ADD CONSTRAINT PUBLIC.FK7PUWBWE4YL8B2O32R798UW8Q7 FOREIGN KEY(PROPOSAL_ID) REFERENCES PUBLIC.LAWS(ID) NOCHECK;
ALTER TABLE PUBLIC.CHECKSUMS ADD CONSTRAINT PUBLIC.FK68FTLVL0MWTVOQD3BFUPP0XRG FOREIGN KEY(PUBLIC_PROXY_ID) REFERENCES PUBLIC.USERS(ID) NOCHECK;
ALTER TABLE PUBLIC.LAWS ADD CONSTRAINT PUBLIC.FKTR1PLL46Q50SHWBFFYIYUAVGN FOREIGN KEY(CREATED_BY_ID) REFERENCES PUBLIC.USERS(ID) NOCHECK;
ALTER TABLE PUBLIC.ONE_TIME_TOKEN ADD CONSTRAINT PUBLIC.FK4O21XT1RMRICB3EA4TO5NKR8D FOREIGN KEY(USER_ID) REFERENCES PUBLIC.USERS(ID) NOCHECK;
ALTER TABLE PUBLIC.BALLOTS_VOTE_ORDER ADD CONSTRAINT PUBLIC.FKOWD5MAD84QVWGST43698A6GX5 FOREIGN KEY(VOTE_ORDER_ID) REFERENCES PUBLIC.LAWS(ID) NOCHECK;
ALTER TABLE PUBLIC.COMMENTS ADD CONSTRAINT PUBLIC.FKAKKM6QFYDU7VGNFNE1YO0XMED FOREIGN KEY(CREATED_BY_ID) REFERENCES PUBLIC.USERS(ID) NOCHECK;
ALTER TABLE PUBLIC.DELEGATIONS ADD CONSTRAINT PUBLIC.FK21A6LG8FU2JS6E0JU41WJ2GQP FOREIGN KEY(TO_PROXY_ID) REFERENCES PUBLIC.USERS(ID) NOCHECK;
ALTER TABLE PUBLIC.LAWS_COMMENTS ADD CONSTRAINT PUBLIC.FK36FBKIUITRV0YRVY8S0IG46IX FOREIGN KEY(LAW_MODEL_ID) REFERENCES PUBLIC.LAWS(ID) NOCHECK;
ALTER TABLE PUBLIC.POLLS ADD CONSTRAINT PUBLIC.FKQADOVSMQ4UOK58SP9HKHWJQIS FOREIGN KEY(WINNER_ID) REFERENCES PUBLIC.LAWS(ID) NOCHECK;
ALTER TABLE PUBLIC.DELEGATIONS ADD CONSTRAINT PUBLIC.FK9KOYA2MI6T18VF7U1FROBKNIQ FOREIGN KEY(FROM_USER_ID) REFERENCES PUBLIC.USERS(ID) NOCHECK;
ALTER TABLE PUBLIC.BALLOTS ADD CONSTRAINT PUBLIC.FK1RRV2WY16UQONFL9CR1CQG2XD FOREIGN KEY(CHECKSUM) REFERENCES PUBLIC.CHECKSUMS(CHECKSUM) NOCHECK;
ALTER TABLE PUBLIC.LAWS ADD CONSTRAINT PUBLIC.FK9VIQDJ5LDUN0AHWQDFF1WUY39 FOREIGN KEY(AREA_ID) REFERENCES PUBLIC.AREAS(ID) NOCHECK;
ALTER TABLE PUBLIC.LAWS_COMMENTS ADD CONSTRAINT PUBLIC.FKFL0Y4QFVFPF9YNMMFJ0JEVXFF FOREIGN KEY(COMMENTS_ID) REFERENCES PUBLIC.COMMENTS(ID) NOCHECK;
ALTER TABLE PUBLIC.COMMENTS_UP_VOTERS ADD CONSTRAINT PUBLIC.FKEUURM027PDC4L5A9G9O2L0UYD FOREIGN KEY(UP_VOTERS_ID) REFERENCES PUBLIC.USERS(ID) NOCHECK;
ALTER TABLE PUBLIC.COMMENTS ADD CONSTRAINT PUBLIC.FKLRI30OKF66PHTCGBE5POK7CC0 FOREIGN KEY(PARENT_ID) REFERENCES PUBLIC.COMMENTS(ID) NOCHECK;
ALTER TABLE PUBLIC.COMMENTS_UP_VOTERS ADD CONSTRAINT PUBLIC.FK8LS8T571Y99VTTW1MDKEBXAGP FOREIGN KEY(COMMENT_MODEL_ID) REFERENCES PUBLIC.COMMENTS(ID) NOCHECK;
ALTER TABLE PUBLIC.LAWS_SUPPORTERS ADD CONSTRAINT PUBLIC.FKK8MVJC4RQ970OJAVYFIA9BQVE FOREIGN KEY(SUPPORTERS_ID) REFERENCES PUBLIC.USERS(ID) NOCHECK;
ALTER TABLE PUBLIC.COMMENTS_DOWN_VOTERS ADD CONSTRAINT PUBLIC.FKJYMYJ54LENHS4KE6MYQHLY72 FOREIGN KEY(COMMENT_MODEL_ID) REFERENCES PUBLIC.COMMENTS(ID) NOCHECK;
ALTER TABLE PUBLIC.CHECKSUMS ADD CONSTRAINT PUBLIC.FKLLW57XBW0D67OPTMWFMU3P2PC FOREIGN KEY(AREA_ID) REFERENCES PUBLIC.AREAS(ID) NOCHECK;
