SET DB_CLOSE_DELAY -1;
;
CREATE USER IF NOT EXISTS SA SALT 'fb72d0d01e145dec' HASH '4e16a4caf56375d7766432fb3469301fdf8b0a3c02f568b9efdc2a851b0a366b' ADMIN;
CREATE SEQUENCE PUBLIC.HIBERNATE_SEQUENCE START WITH 351;
CREATE MEMORY TABLE PUBLIC.AREAS(
ID BIGINT NOT NULL,
CREATED_AT TIMESTAMP NOT NULL,
UPDATED_AT TIMESTAMP NOT NULL,
DESCRIPTION VARCHAR(255) NOT NULL,
TITLE VARCHAR(255) NOT NULL,
CREATED_BY_ID BIGINT NOT NULL
);
ALTER TABLE PUBLIC.AREAS ADD CONSTRAINT PUBLIC.CONSTRAINT_3 PRIMARY KEY(ID);
-- 10 +/- SELECT COUNT(*) FROM PUBLIC.AREAS;
INSERT INTO PUBLIC.AREAS(ID, CREATED_AT, UPDATED_AT, DESCRIPTION, TITLE, CREATED_BY_ID) VALUES
(21, TIMESTAMP '2018-12-25 10:20:59.884', TIMESTAMP '2018-12-25 10:20:59.884', 'Nice description for test area #0', 'Area 0', 1),
(22, TIMESTAMP '2018-12-25 10:20:59.887', TIMESTAMP '2018-12-25 10:20:59.887', 'Nice description for test area #1', 'Area 1', 1),
(23, TIMESTAMP '2018-12-25 10:20:59.892', TIMESTAMP '2018-12-25 10:20:59.892', 'Nice description for test area #2', 'Area 2', 1),
(24, TIMESTAMP '2018-12-25 10:20:59.897', TIMESTAMP '2018-12-25 10:20:59.897', 'Nice description for test area #3', 'Area 3', 1),
(25, TIMESTAMP '2018-12-25 10:20:59.899', TIMESTAMP '2018-12-25 10:20:59.899', 'Nice description for test area #4', 'Area 4', 1),
(26, TIMESTAMP '2018-12-25 10:20:59.902', TIMESTAMP '2018-12-25 10:20:59.902', 'Nice description for test area #5', 'Area 5', 1),
(27, TIMESTAMP '2018-12-25 10:20:59.905', TIMESTAMP '2018-12-25 10:20:59.905', 'Nice description for test area #6', 'Area 6', 1),
(28, TIMESTAMP '2018-12-25 10:20:59.907', TIMESTAMP '2018-12-25 10:20:59.907', 'Nice description for test area #7', 'Area 7', 1),
(29, TIMESTAMP '2018-12-25 10:20:59.91', TIMESTAMP '2018-12-25 10:20:59.91', 'Nice description for test area #8', 'Area 8', 1),
(30, TIMESTAMP '2018-12-25 10:20:59.915', TIMESTAMP '2018-12-25 10:20:59.915', 'Nice description for test area #9', 'Area 9', 1);
CREATE MEMORY TABLE PUBLIC.BALLOTS(
ID BIGINT NOT NULL,
LEVEL INTEGER NOT NULL,
VOTE_COUNT INTEGER NOT NULL,
CHECKSUM VARCHAR(255) NOT NULL,
POLL_ID BIGINT NOT NULL
);
ALTER TABLE PUBLIC.BALLOTS ADD CONSTRAINT PUBLIC.CONSTRAINT_1 PRIMARY KEY(ID);
-- 32 +/- SELECT COUNT(*) FROM PUBLIC.BALLOTS;
INSERT INTO PUBLIC.BALLOTS(ID, LEVEL, VOTE_COUNT, CHECKSUM, POLL_ID) VALUES
(281, 0, 1, '$2a$10$1IdrGrRAN2Wp3U7QI.JIzuuViLszDdeyBQZ4QNjYJJWIYI5M2O3G2', 252),
(282, 0, 1, '$2a$10$1IdrGrRAN2Wp3U7QI.JIzuDl5QTomD0jkJDoG.VH7LgF6BaMi7mUu', 252),
(283, 0, 4, '$2a$10$1IdrGrRAN2Wp3U7QI.JIzumrB8gg15WYrl/9Od2a/lKdcXxyoRqYe', 252),
(284, 0, 1, '$2a$10$1IdrGrRAN2Wp3U7QI.JIzu0U7xajdi9.MlI8tTpf7ZVQmMn3XTPaq', 252),
(285, 0, 1, '$2a$10$1IdrGrRAN2Wp3U7QI.JIzuA2amXnXPKlVvjlg62SZ08/U45S1krWS', 252),
(286, 0, 1, '$2a$10$1IdrGrRAN2Wp3U7QI.JIzuQi87d/P3rgtaiDqqegSB4vu2sByXkly', 252),
(287, 0, 2, '$2a$10$1IdrGrRAN2Wp3U7QI.JIzumF7aPaiUyhTd0m56K/SiA71ec5pLFu2', 252),
(288, 1, 1, '$2a$10$1IdrGrRAN2Wp3U7QI.JIzu9jY7URudOBmsrn4SD7Sp2bRAti6ztwK', 252),
(289, 0, 1, '$2a$10$1IdrGrRAN2Wp3U7QI.JIzuaW/fGb8Z2mJgsKxYwe5.NrtAFNxSQVS', 252),
(290, 0, 1, '$2a$10$1IdrGrRAN2Wp3U7QI.JIzuWb3cSZmVC9yx83VYQxwLFYSL5g8IoRy', 252),
(291, 0, 1, '$2a$10$1IdrGrRAN2Wp3U7QI.JIzuaXivFiTa4cwzBq6IwpHyvmd9OIEIHwW', 252),
(292, 0, 1, '$2a$10$1IdrGrRAN2Wp3U7QI.JIzuYTSKjBSu3cADo/STK5moSHUhn6NKcyS', 252),
(293, 0, 1, '$2a$10$1IdrGrRAN2Wp3U7QI.JIzuYun6DCp3DqD0HkMSxupTiHcONZRP0YC', 252),
(294, 0, 1, '$2a$10$1IdrGrRAN2Wp3U7QI.JIzuj/DUpsANoEk4usC10lyWBvgCY2jpdQ6', 252),
(295, 0, 1, '$2a$10$1IdrGrRAN2Wp3U7QI.JIzukT2e4dWh2jhcsPdh.C5JEqMyz08zCoa', 252),
(296, 0, 1, '$2a$10$1IdrGrRAN2Wp3U7QI.JIzuRe9KBAxYEu.ylAyhV50ek90rELSRGqG', 252),
(333, 0, 1, '$2a$10$1IdrGrRAN2Wp3U7QI.JIzuuViLszDdeyBQZ4QNjYJJWIYI5M2O3G2', 304),
(334, 0, 1, '$2a$10$1IdrGrRAN2Wp3U7QI.JIzuDl5QTomD0jkJDoG.VH7LgF6BaMi7mUu', 304),
(335, 0, 4, '$2a$10$1IdrGrRAN2Wp3U7QI.JIzumrB8gg15WYrl/9Od2a/lKdcXxyoRqYe', 304),
(336, 0, 1, '$2a$10$1IdrGrRAN2Wp3U7QI.JIzu0U7xajdi9.MlI8tTpf7ZVQmMn3XTPaq', 304),
(337, 0, 1, '$2a$10$1IdrGrRAN2Wp3U7QI.JIzuA2amXnXPKlVvjlg62SZ08/U45S1krWS', 304),
(338, 0, 1, '$2a$10$1IdrGrRAN2Wp3U7QI.JIzuQi87d/P3rgtaiDqqegSB4vu2sByXkly', 304),
(339, 0, 2, '$2a$10$1IdrGrRAN2Wp3U7QI.JIzumF7aPaiUyhTd0m56K/SiA71ec5pLFu2', 304),
(340, 1, 1, '$2a$10$1IdrGrRAN2Wp3U7QI.JIzu9jY7URudOBmsrn4SD7Sp2bRAti6ztwK', 304),
(341, 0, 1, '$2a$10$1IdrGrRAN2Wp3U7QI.JIzuaW/fGb8Z2mJgsKxYwe5.NrtAFNxSQVS', 304),
(342, 0, 1, '$2a$10$1IdrGrRAN2Wp3U7QI.JIzuWb3cSZmVC9yx83VYQxwLFYSL5g8IoRy', 304),
(343, 0, 1, '$2a$10$1IdrGrRAN2Wp3U7QI.JIzuaXivFiTa4cwzBq6IwpHyvmd9OIEIHwW', 304),
(344, 0, 1, '$2a$10$1IdrGrRAN2Wp3U7QI.JIzuYTSKjBSu3cADo/STK5moSHUhn6NKcyS', 304),
(345, 0, 1, '$2a$10$1IdrGrRAN2Wp3U7QI.JIzuYun6DCp3DqD0HkMSxupTiHcONZRP0YC', 304),
(346, 0, 1, '$2a$10$1IdrGrRAN2Wp3U7QI.JIzuj/DUpsANoEk4usC10lyWBvgCY2jpdQ6', 304),
(347, 0, 1, '$2a$10$1IdrGrRAN2Wp3U7QI.JIzukT2e4dWh2jhcsPdh.C5JEqMyz08zCoa', 304),
(348, 0, 1, '$2a$10$1IdrGrRAN2Wp3U7QI.JIzuRe9KBAxYEu.ylAyhV50ek90rELSRGqG', 304);
CREATE MEMORY TABLE PUBLIC.BALLOTS_VOTE_ORDER(
BALLOT_MODEL_ID BIGINT NOT NULL,
VOTE_ORDER_ID BIGINT NOT NULL,
VOTE_ORDER_ORDER INTEGER NOT NULL
);
ALTER TABLE PUBLIC.BALLOTS_VOTE_ORDER ADD CONSTRAINT PUBLIC.CONSTRAINT_5 PRIMARY KEY(BALLOT_MODEL_ID, VOTE_ORDER_ORDER);
-- 123 +/- SELECT COUNT(*) FROM PUBLIC.BALLOTS_VOTE_ORDER;
INSERT INTO PUBLIC.BALLOTS_VOTE_ORDER(BALLOT_MODEL_ID, VOTE_ORDER_ID, VOTE_ORDER_ORDER) VALUES
(281, 245, 0),
(281, 253, 1),
(281, 260, 2),
(281, 267, 3),
(281, 274, 4),
(282, 245, 0),
(282, 274, 1),
(288, 267, 0),
(288, 274, 1),
(288, 260, 2),
(288, 253, 3),
(289, 245, 0),
(289, 267, 1),
(289, 253, 2),
(289, 274, 3),
(289, 260, 4),
(284, 253, 0),
(284, 274, 1),
(284, 245, 2),
(284, 267, 3),
(284, 260, 4),
(285, 245, 0),
(285, 253, 1),
(285, 260, 2),
(285, 267, 3),
(285, 274, 4),
(290, 267, 0),
(290, 260, 1),
(290, 245, 2),
(290, 253, 3),
(291, 274, 0),
(291, 267, 1),
(291, 245, 2),
(291, 260, 3),
(291, 253, 4),
(292, 245, 0),
(292, 274, 1),
(292, 267, 2),
(292, 253, 3),
(293, 274, 0),
(293, 267, 1),
(293, 245, 2),
(293, 253, 3),
(293, 260, 4),
(294, 274, 0),
(294, 267, 1),
(294, 260, 2),
(295, 274, 0),
(295, 267, 1),
(295, 260, 2),
(295, 253, 3),
(295, 245, 4),
(296, 253, 0),
(296, 274, 1),
(296, 267, 2),
(296, 245, 3),
(296, 260, 4),
(286, 253, 0),
(286, 267, 1),
(286, 245, 2),
(333, 305, 0),
(333, 312, 1),
(333, 319, 2),
(334, 326, 0),
(334, 305, 1),
(334, 319, 2),
(334, 312, 3),
(334, 297, 4),
(338, 312, 2),
(340, 297, 0),
(340, 305, 1),
(340, 312, 2),
(340, 319, 3),
(340, 326, 4),
(341, 305, 0),
(341, 326, 1),
(341, 297, 2),
(341, 319, 3),
(341, 312, 4),
(336, 319, 0),
(336, 326, 1),
(336, 297, 2),
(336, 305, 3),
(337, 326, 0),
(337, 297, 1),
(337, 305, 2),
(337, 319, 3),
(337, 312, 4),
(342, 312, 0),
(342, 297, 1),
(342, 305, 2),
(342, 319, 3),
(342, 326, 4),
(343, 326, 0),
(343, 319, 1),
(343, 312, 2),
(343, 305, 3),
(343, 297, 4),
(344, 319, 0),
(344, 305, 1),
(344, 312, 2),
(345, 319, 0),
(345, 326, 1),
(345, 305, 2),
(345, 312, 3),
(345, 297, 4),
(346, 297, 0),
(346, 326, 1),
(346, 312, 2),
(346, 305, 3),
(347, 319, 0),
(347, 305, 1),
(347, 326, 2),
(347, 312, 3),
(347, 297, 4),
(348, 319, 0),
(348, 305, 1),
(348, 326, 2),
(348, 297, 3),
(348, 312, 4),
(338, 305, 0),
(338, 326, 1),
(338, 319, 3);
CREATE MEMORY TABLE PUBLIC.CHECKSUMS(
CHECKSUM VARCHAR(255) NOT NULL,
EXPIRES_AT TIMESTAMP,
TRANSITIVE BOOLEAN NOT NULL,
AREA_ID BIGINT,
DELEGATED_TO_CHECKSUM VARCHAR(255),
PUBLIC_PROXY_ID BIGINT
);
ALTER TABLE PUBLIC.CHECKSUMS ADD CONSTRAINT PUBLIC.CONSTRAINT_B PRIMARY KEY(CHECKSUM);
-- 18 +/- SELECT COUNT(*) FROM PUBLIC.CHECKSUMS;
INSERT INTO PUBLIC.CHECKSUMS(CHECKSUM, EXPIRES_AT, TRANSITIVE, AREA_ID, DELEGATED_TO_CHECKSUM, PUBLIC_PROXY_ID) VALUES
('$2a$10$1IdrGrRAN2Wp3U7QI.JIzueyGOu7FMMyyMJw3bvzEU2elpOrru8sy', TIMESTAMP '2018-12-26 10:21:01.433', TRUE, 21, NULL, 1),
('$2a$10$1IdrGrRAN2Wp3U7QI.JIzu9jY7URudOBmsrn4SD7Sp2bRAti6ztwK', TIMESTAMP '2018-12-26 10:21:02.999', TRUE, 21, '$2a$10$1IdrGrRAN2Wp3U7QI.JIzumF7aPaiUyhTd0m56K/SiA71ec5pLFu2', 6),
('$2a$10$1IdrGrRAN2Wp3U7QI.JIzuIvB5fBvUb/y3tpzb1Xahzu9k87H3HZ.', TIMESTAMP '2018-12-26 10:21:03.16', TRUE, 21, '$2a$10$1IdrGrRAN2Wp3U7QI.JIzueyGOu7FMMyyMJw3bvzEU2elpOrru8sy', 4),
('$2a$10$1IdrGrRAN2Wp3U7QI.JIzuuViLszDdeyBQZ4QNjYJJWIYI5M2O3G2', TIMESTAMP '2018-12-26 10:21:20.799', TRUE, 21, NULL, 13),
('$2a$10$1IdrGrRAN2Wp3U7QI.JIzuDl5QTomD0jkJDoG.VH7LgF6BaMi7mUu', TIMESTAMP '2018-12-26 10:21:21.049', TRUE, 21, NULL, 15),
('$2a$10$1IdrGrRAN2Wp3U7QI.JIzumrB8gg15WYrl/9Od2a/lKdcXxyoRqYe', TIMESTAMP '2018-12-26 10:21:21.295', TRUE, 21, '$2a$10$1IdrGrRAN2Wp3U7QI.JIzuIvB5fBvUb/y3tpzb1Xahzu9k87H3HZ.', 7),
('$2a$10$1IdrGrRAN2Wp3U7QI.JIzumF7aPaiUyhTd0m56K/SiA71ec5pLFu2', TIMESTAMP '2018-12-26 10:21:21.567', TRUE, 21, '$2a$10$1IdrGrRAN2Wp3U7QI.JIzueyGOu7FMMyyMJw3bvzEU2elpOrru8sy', 3),
('$2a$10$1IdrGrRAN2Wp3U7QI.JIzuaW/fGb8Z2mJgsKxYwe5.NrtAFNxSQVS', TIMESTAMP '2018-12-26 10:21:21.832', TRUE, 21, NULL, 5),
('$2a$10$1IdrGrRAN2Wp3U7QI.JIzu0U7xajdi9.MlI8tTpf7ZVQmMn3XTPaq', TIMESTAMP '2018-12-26 10:21:22.083', TRUE, 21, '$2a$10$1IdrGrRAN2Wp3U7QI.JIzumrB8gg15WYrl/9Od2a/lKdcXxyoRqYe', 10),
('$2a$10$1IdrGrRAN2Wp3U7QI.JIzuA2amXnXPKlVvjlg62SZ08/U45S1krWS', TIMESTAMP '2018-12-26 10:21:22.34', TRUE, 21, '$2a$10$1IdrGrRAN2Wp3U7QI.JIzumrB8gg15WYrl/9Od2a/lKdcXxyoRqYe', 11),
('$2a$10$1IdrGrRAN2Wp3U7QI.JIzuWb3cSZmVC9yx83VYQxwLFYSL5g8IoRy', TIMESTAMP '2018-12-26 10:21:22.601', TRUE, 21, '$2a$10$1IdrGrRAN2Wp3U7QI.JIzueyGOu7FMMyyMJw3bvzEU2elpOrru8sy', NULL),
('$2a$10$1IdrGrRAN2Wp3U7QI.JIzuaXivFiTa4cwzBq6IwpHyvmd9OIEIHwW', TIMESTAMP '2018-12-26 10:21:22.856', TRUE, 21, NULL, 9),
('$2a$10$1IdrGrRAN2Wp3U7QI.JIzuYTSKjBSu3cADo/STK5moSHUhn6NKcyS', TIMESTAMP '2018-12-26 10:21:23.127', TRUE, 21, NULL, 16),
('$2a$10$1IdrGrRAN2Wp3U7QI.JIzuYun6DCp3DqD0HkMSxupTiHcONZRP0YC', TIMESTAMP '2018-12-26 10:21:23.376', TRUE, 21, NULL, 20),
('$2a$10$1IdrGrRAN2Wp3U7QI.JIzuj/DUpsANoEk4usC10lyWBvgCY2jpdQ6', TIMESTAMP '2018-12-26 10:21:23.63', TRUE, 21, NULL, 18),
('$2a$10$1IdrGrRAN2Wp3U7QI.JIzukT2e4dWh2jhcsPdh.C5JEqMyz08zCoa', TIMESTAMP '2018-12-26 10:21:24.078', TRUE, 21, NULL, 14),
('$2a$10$1IdrGrRAN2Wp3U7QI.JIzuRe9KBAxYEu.ylAyhV50ek90rELSRGqG', TIMESTAMP '2018-12-26 10:21:24.714', TRUE, 21, NULL, 19),
('$2a$10$1IdrGrRAN2Wp3U7QI.JIzuQi87d/P3rgtaiDqqegSB4vu2sByXkly', TIMESTAMP '2018-12-26 10:21:25.164', FALSE, 21, '$2a$10$1IdrGrRAN2Wp3U7QI.JIzumrB8gg15WYrl/9Od2a/lKdcXxyoRqYe', 12);
CREATE MEMORY TABLE PUBLIC.COMMENTS(
ID BIGINT NOT NULL,
CREATED_AT TIMESTAMP NOT NULL,
UPDATED_AT TIMESTAMP NOT NULL,
COMMENT VARCHAR(255) NOT NULL,
CREATED_BY_ID BIGINT NOT NULL,
PARENT_ID BIGINT
);
ALTER TABLE PUBLIC.COMMENTS ADD CONSTRAINT PUBLIC.CONSTRAINT_A PRIMARY KEY(ID);
-- 90 +/- SELECT COUNT(*) FROM PUBLIC.COMMENTS;
INSERT INTO PUBLIC.COMMENTS(ID, CREATED_AT, UPDATED_AT, COMMENT, CREATED_BY_ID, PARENT_ID) VALUES
(208, TIMESTAMP '2018-12-25 10:21:08.648', TIMESTAMP '2018-12-25 10:21:08.648', 'Comment on root level. I really like this idea, but needs to be improved.', 2, NULL),
(209, TIMESTAMP '2018-12-25 10:21:08.653', TIMESTAMP '2018-12-25 10:21:08.653', 'Reply 0 Lorem ipsum dolor sit amet, consectetur adipiscing elit, sed do eiusmod te', 19, 208),
(210, TIMESTAMP '2018-12-25 10:21:08.657', TIMESTAMP '2018-12-25 10:21:08.657', 'Reply 1 Lorem ipsum ', 19, 208),
(211, TIMESTAMP '2018-12-25 10:21:08.674', TIMESTAMP '2018-12-25 10:21:08.674', 'Reply 2 Lorem ipsum dolor sit amet, consectetur', 17, 208),
(212, TIMESTAMP '2018-12-25 10:21:08.678', TIMESTAMP '2018-12-25 10:21:08.678', 'Reply 3 Lorem ipsum dolor sit amet, co', 15, 208),
(213, TIMESTAMP '2018-12-25 10:21:08.688', TIMESTAMP '2018-12-25 10:21:08.688', 'Reply 4 Lorem ipsum dolor sit amet, consectetur adipiscing elit, sed do eiusmod tempor incidi', 13, 208),
(218, TIMESTAMP '2018-12-25 10:21:08.762', TIMESTAMP '2018-12-25 10:21:08.762', 'Comment on root level. I really like this idea, but needs to be improved.', 16, NULL),
(219, TIMESTAMP '2018-12-25 10:21:08.765', TIMESTAMP '2018-12-25 10:21:08.765', 'Reply 0 Lorem ipsum dolor sit amet, consectetur adipiscing elit, sed do eius', 6, 218),
(220, TIMESTAMP '2018-12-25 10:21:08.767', TIMESTAMP '2018-12-25 10:21:08.767', 'Reply 1 Lorem ipsum dolor sit amet, consectetur adipiscing elit, sed do eiusmod tempor incididunt ut labore', 15, 218),
(221, TIMESTAMP '2018-12-25 10:21:08.769', TIMESTAMP '2018-12-25 10:21:08.769', 'Reply 2 Lorem ipsum dolor sit amet, consectetur adipiscing elit, sed ', 5, 218),
(222, TIMESTAMP '2018-12-25 10:21:08.772', TIMESTAMP '2018-12-25 10:21:08.772', 'Reply 3 Lorem ipsum dolor sit amet, consectetur adipisc', 1, 218),
(223, TIMESTAMP '2018-12-25 10:21:08.773', TIMESTAMP '2018-12-25 10:21:08.773', 'Reply 4 Lorem ipsum d', 3, 218),
(225, TIMESTAMP '2018-12-25 10:21:08.829', TIMESTAMP '2018-12-25 10:21:08.829', 'Comment on root level. I really like this idea, but needs to be improved.', 5, NULL),
(226, TIMESTAMP '2018-12-25 10:21:08.831', TIMESTAMP '2018-12-25 10:21:08.831', 'Reply 0 Lorem ipsum dolor s', 6, 225),
(227, TIMESTAMP '2018-12-25 10:21:08.832', TIMESTAMP '2018-12-25 10:21:08.832', 'Reply 1 Lorem ipsum dolor sit amet, consectetur adipiscing elit, sed do eiusmod tempor incididunt ut la', 18, 225),
(228, TIMESTAMP '2018-12-25 10:21:08.838', TIMESTAMP '2018-12-25 10:21:08.838', 'Reply 2 Lorem ipsum dolor sit amet, consectetur adipiscing elit, sed do eiusmod tempor incidid', 14, 225),
(229, TIMESTAMP '2018-12-25 10:21:08.868', TIMESTAMP '2018-12-25 10:21:08.868', 'Reply 3 Lorem ipsum dolor sit amet, consectetur adipiscing elit, se', 1, 225),
(230, TIMESTAMP '2018-12-25 10:21:08.869', TIMESTAMP '2018-12-25 10:21:08.869', 'Reply 4 Lorem ipsum dolor sit ', 4, 225),
(232, TIMESTAMP '2018-12-25 10:21:08.893', TIMESTAMP '2018-12-25 10:21:08.893', 'Comment on root level. I really like this idea, but needs to be improved.', 4, NULL),
(233, TIMESTAMP '2018-12-25 10:21:08.894', TIMESTAMP '2018-12-25 10:21:08.894', 'Reply 0 Lorem ipsum dolor sit', 16, 232),
(234, TIMESTAMP '2018-12-25 10:21:08.895', TIMESTAMP '2018-12-25 10:21:08.895', 'Reply 1 Lorem ipsum dolor sit amet, consectetur adipiscing elit, sed do eiusmod tempor i', 6, 232),
(235, TIMESTAMP '2018-12-25 10:21:08.896', TIMESTAMP '2018-12-25 10:21:08.896', 'Reply 2 Lorem ipsum dolor sit amet, cons', 20, 232),
(236, TIMESTAMP '2018-12-25 10:21:08.897', TIMESTAMP '2018-12-25 10:21:08.897', 'Reply 3 Lorem ipsum dolor sit amet, ', 10, 232),
(237, TIMESTAMP '2018-12-25 10:21:08.899', TIMESTAMP '2018-12-25 10:21:08.899', 'Reply 4 Lorem ipsum dolor sit amet', 18, 232),
(239, TIMESTAMP '2018-12-25 10:21:09.025', TIMESTAMP '2018-12-25 10:21:09.025', 'Comment on root level. I really like this idea, but needs to be improved.', 13, NULL),
(240, TIMESTAMP '2018-12-25 10:21:09.027', TIMESTAMP '2018-12-25 10:21:09.027', 'Reply 0 Lorem ipsum dolor sit amet, consectetur adip', 12, 239);
INSERT INTO PUBLIC.COMMENTS(ID, CREATED_AT, UPDATED_AT, COMMENT, CREATED_BY_ID, PARENT_ID) VALUES
(241, TIMESTAMP '2018-12-25 10:21:09.028', TIMESTAMP '2018-12-25 10:21:09.028', 'Reply 1 Lorem ipsum dolor sit amet, consectetur adipiscing elit, sed do eiu', 19, 239),
(242, TIMESTAMP '2018-12-25 10:21:09.031', TIMESTAMP '2018-12-25 10:21:09.031', 'Reply 2 Lorem ipsum dolor sit amet, consectetur adipiscing elit, s', 13, 239),
(243, TIMESTAMP '2018-12-25 10:21:09.036', TIMESTAMP '2018-12-25 10:21:09.036', 'Reply 3 Lorem ipsum dolor sit amet, consectetur adipiscing elit, sed do eiusm', 11, 239),
(244, TIMESTAMP '2018-12-25 10:21:09.037', TIMESTAMP '2018-12-25 10:21:09.037', 'Reply 4 Lorem ipsum dolor sit amet, consec', 3, 239),
(246, TIMESTAMP '2018-12-25 10:21:09.064', TIMESTAMP '2018-12-25 10:21:09.064', 'Comment on root level. I really like this idea, but needs to be improved.', 20, NULL),
(247, TIMESTAMP '2018-12-25 10:21:09.065', TIMESTAMP '2018-12-25 10:21:09.065', 'Reply 0 Lorem ipsum dolor sit amet, consect', 15, 246),
(248, TIMESTAMP '2018-12-25 10:21:09.066', TIMESTAMP '2018-12-25 10:21:09.066', 'Reply 1 Lorem ipsum dolor sit amet, consectetur adipiscing elit, sed do eiusmod t', 1, 246),
(249, TIMESTAMP '2018-12-25 10:21:09.067', TIMESTAMP '2018-12-25 10:21:09.067', 'Reply 2 Lorem ipsum dolor sit amet, consectetur adipiscing elit,', 4, 246),
(250, TIMESTAMP '2018-12-25 10:21:09.068', TIMESTAMP '2018-12-25 10:21:09.068', 'Reply 3 Lorem ipsum dolo', 7, 246),
(251, TIMESTAMP '2018-12-25 10:21:09.069', TIMESTAMP '2018-12-25 10:21:09.069', 'Reply 4 Lorem ipsum dolor sit amet, consectetur adipiscing elit, s', 11, 246),
(254, TIMESTAMP '2018-12-25 10:21:09.94', TIMESTAMP '2018-12-25 10:21:09.94', 'Comment on root level. I really like this idea, but needs to be improved.', 15, NULL),
(255, TIMESTAMP '2018-12-25 10:21:09.941', TIMESTAMP '2018-12-25 10:21:09.941', 'Reply 0 Lorem ipsum dolor sit amet, consectetur adipiscing elit, sed do eiusmod tempor in', 2, 254),
(256, TIMESTAMP '2018-12-25 10:21:09.943', TIMESTAMP '2018-12-25 10:21:09.943', 'Reply 1 Lorem ipsum dolor sit amet, ', 4, 254),
(257, TIMESTAMP '2018-12-25 10:21:09.944', TIMESTAMP '2018-12-25 10:21:09.944', 'Reply 2 Lorem ipsum dolor sit amet, consectetur adipiscing elit, sed do eiusmod', 18, 254),
(258, TIMESTAMP '2018-12-25 10:21:09.945', TIMESTAMP '2018-12-25 10:21:09.945', 'Reply 3 Lorem ipsum dolor sit amet, consectetur adipiscing elit, sed do eiusmod tempor i', 20, 254),
(259, TIMESTAMP '2018-12-25 10:21:09.967', TIMESTAMP '2018-12-25 10:21:09.967', 'Reply 4 Lorem ipsum dolor sit ame', 7, 254),
(261, TIMESTAMP '2018-12-25 10:21:10.145', TIMESTAMP '2018-12-25 10:21:10.145', 'Comment on root level. I really like this idea, but needs to be improved.', 6, NULL),
(262, TIMESTAMP '2018-12-25 10:21:10.159', TIMESTAMP '2018-12-25 10:21:10.159', 'Reply 0 Lorem ipsum dolor sit amet, consectetur adipiscing elit, sed do eiusmod tempor incididunt ut l', 9, 261),
(263, TIMESTAMP '2018-12-25 10:21:10.16', TIMESTAMP '2018-12-25 10:21:10.16', 'Reply 1 Lorem ipsum dolor sit amet, consectetur adipiscing', 13, 261),
(264, TIMESTAMP '2018-12-25 10:21:10.163', TIMESTAMP '2018-12-25 10:21:10.163', 'Reply 2 Lorem ipsum dolor sit amet, consectetur adipiscing elit, sed do eiusmod tempo', 13, 261),
(265, TIMESTAMP '2018-12-25 10:21:10.164', TIMESTAMP '2018-12-25 10:21:10.164', 'Reply 3 Lorem ipsum dolor sit amet, consectetur adipiscing elit, sed do eiusmod te', 10, 261),
(266, TIMESTAMP '2018-12-25 10:21:10.165', TIMESTAMP '2018-12-25 10:21:10.165', 'Reply 4 Lorem ipsum dolor si', 19, 261),
(268, TIMESTAMP '2018-12-25 10:21:10.199', TIMESTAMP '2018-12-25 10:21:10.199', 'Comment on root level. I really like this idea, but needs to be improved.', 14, NULL),
(269, TIMESTAMP '2018-12-25 10:21:10.2', TIMESTAMP '2018-12-25 10:21:10.2', 'Reply 0 Lorem ipsum dol', 19, 268),
(270, TIMESTAMP '2018-12-25 10:21:10.201', TIMESTAMP '2018-12-25 10:21:10.201', 'Reply 1 Lorem ipsum dolor sit amet, consectetur adipis', 7, 268),
(271, TIMESTAMP '2018-12-25 10:21:10.204', TIMESTAMP '2018-12-25 10:21:10.204', 'Reply 2 Lorem ipsum d', 11, 268);
INSERT INTO PUBLIC.COMMENTS(ID, CREATED_AT, UPDATED_AT, COMMENT, CREATED_BY_ID, PARENT_ID) VALUES
(272, TIMESTAMP '2018-12-25 10:21:10.206', TIMESTAMP '2018-12-25 10:21:10.206', 'Reply 3 Lorem ipsum dolor sit amet, consectetur adipiscing elit, sed do eiusmod tempor incididunt ut ', 10, 268),
(273, TIMESTAMP '2018-12-25 10:21:10.207', TIMESTAMP '2018-12-25 10:21:10.207', 'Reply 4 Lorem ipsum dolor sit amet', 1, 268),
(275, TIMESTAMP '2018-12-25 10:21:10.234', TIMESTAMP '2018-12-25 10:21:10.234', 'Comment on root level. I really like this idea, but needs to be improved.', 11, NULL),
(276, TIMESTAMP '2018-12-25 10:21:10.235', TIMESTAMP '2018-12-25 10:21:10.235', 'Reply 0 Lorem ipsum dolor sit amet, consectetur adipiscing elit, sed do eiusmod tempor incidid', 17, 275),
(277, TIMESTAMP '2018-12-25 10:21:10.236', TIMESTAMP '2018-12-25 10:21:10.236', 'Reply 1 Lorem ipsum dolor sit amet, consectetur adipiscing elit, sed do', 13, 275),
(278, TIMESTAMP '2018-12-25 10:21:10.237', TIMESTAMP '2018-12-25 10:21:10.237', 'Reply 2 Lorem ipsum dolor sit amet, consectetur adipiscing elit, sed d', 3, 275),
(279, TIMESTAMP '2018-12-25 10:21:10.238', TIMESTAMP '2018-12-25 10:21:10.238', 'Reply 3 Lorem ipsum dolor sit amet, consectetur adipiscin', 6, 275),
(280, TIMESTAMP '2018-12-25 10:21:10.239', TIMESTAMP '2018-12-25 10:21:10.239', 'Reply 4 Lorem ipsum dolor', 6, 275),
(298, TIMESTAMP '2018-12-25 10:21:20.484', TIMESTAMP '2018-12-25 10:21:20.484', 'Comment on root level. I really like this idea, but needs to be improved.', 14, NULL),
(299, TIMESTAMP '2018-12-25 10:21:20.489', TIMESTAMP '2018-12-25 10:21:20.489', 'Reply 0 Lorem ipsum dolor sit amet, consectetur adipiscing elit, sed do eiusmod tempor incididunt u', 13, 298),
(300, TIMESTAMP '2018-12-25 10:21:20.49', TIMESTAMP '2018-12-25 10:21:20.49', 'Reply 1 Lorem ipsum dolor sit amet,', 11, 298),
(301, TIMESTAMP '2018-12-25 10:21:20.491', TIMESTAMP '2018-12-25 10:21:20.491', 'Reply 2 Lorem ipsum', 12, 298),
(302, TIMESTAMP '2018-12-25 10:21:20.493', TIMESTAMP '2018-12-25 10:21:20.493', 'Reply 3 Lorem ipsum dolor sit amet, consectetur adipi', 20, 298),
(303, TIMESTAMP '2018-12-25 10:21:20.494', TIMESTAMP '2018-12-25 10:21:20.494', 'Reply 4 Lorem ipsum dolor sit ', 19, 298),
(306, TIMESTAMP '2018-12-25 10:21:20.508', TIMESTAMP '2018-12-25 10:21:20.508', 'Comment on root level. I really like this idea, but needs to be improved.', 13, NULL),
(307, TIMESTAMP '2018-12-25 10:21:20.51', TIMESTAMP '2018-12-25 10:21:20.51', 'Reply 0 Lorem ipsum dolor sit ', 1, 306),
(308, TIMESTAMP '2018-12-25 10:21:20.513', TIMESTAMP '2018-12-25 10:21:20.513', 'Reply 1 Lorem ipsum dolor sit amet, cons', 8, 306),
(309, TIMESTAMP '2018-12-25 10:21:20.514', TIMESTAMP '2018-12-25 10:21:20.514', 'Reply 2 Lorem ipsum dolor sit amet, consectetur adipiscing elit, sed do eiusmod tempor incididunt ut l', 17, 306),
(310, TIMESTAMP '2018-12-25 10:21:20.515', TIMESTAMP '2018-12-25 10:21:20.515', 'Reply 3 Lorem ipsum dolor sit amet, consectetur adi', 6, 306),
(311, TIMESTAMP '2018-12-25 10:21:20.515', TIMESTAMP '2018-12-25 10:21:20.515', 'Reply 4 Lorem ipsum dolor sit am', 16, 306),
(313, TIMESTAMP '2018-12-25 10:21:20.529', TIMESTAMP '2018-12-25 10:21:20.529', 'Comment on root level. I really like this idea, but needs to be improved.', 7, NULL),
(314, TIMESTAMP '2018-12-25 10:21:20.529', TIMESTAMP '2018-12-25 10:21:20.529', 'Reply 0 Lorem ipsum dolor sit a', 11, 313),
(315, TIMESTAMP '2018-12-25 10:21:20.53', TIMESTAMP '2018-12-25 10:21:20.53', 'Reply 1 Lorem ipsum dolor sit amet, consectetur', 11, 313),
(316, TIMESTAMP '2018-12-25 10:21:20.531', TIMESTAMP '2018-12-25 10:21:20.531', 'Reply 2 Lorem ipsum dolor sit amet, consectetur adipiscing elit, sed do', 10, 313),
(317, TIMESTAMP '2018-12-25 10:21:20.531', TIMESTAMP '2018-12-25 10:21:20.531', 'Reply 3 Lorem ipsum dolor sit amet, consectetur adipiscing elit, sed do eiusmod t', 11, 313),
(318, TIMESTAMP '2018-12-25 10:21:20.532', TIMESTAMP '2018-12-25 10:21:20.532', 'Reply 4 Lorem ipsum dolor sit amet, consectetur adipiscing elit, ', 12, 313),
(320, TIMESTAMP '2018-12-25 10:21:20.546', TIMESTAMP '2018-12-25 10:21:20.546', 'Comment on root level. I really like this idea, but needs to be improved.', 13, NULL);
INSERT INTO PUBLIC.COMMENTS(ID, CREATED_AT, UPDATED_AT, COMMENT, CREATED_BY_ID, PARENT_ID) VALUES
(321, TIMESTAMP '2018-12-25 10:21:20.547', TIMESTAMP '2018-12-25 10:21:20.547', 'Reply 0 Lorem ipsum dolor sit amet, consectetur adipiscin', 6, 320),
(322, TIMESTAMP '2018-12-25 10:21:20.547', TIMESTAMP '2018-12-25 10:21:20.547', 'Reply 1 Lorem ipsu', 3, 320),
(323, TIMESTAMP '2018-12-25 10:21:20.548', TIMESTAMP '2018-12-25 10:21:20.548', 'Reply 2 Lorem ipsum dolor sit amet, consectetur adipiscing e', 3, 320),
(324, TIMESTAMP '2018-12-25 10:21:20.549', TIMESTAMP '2018-12-25 10:21:20.549', 'Reply 3 Lorem ipsum dolor sit amet, consectetur adip', 1, 320),
(325, TIMESTAMP '2018-12-25 10:21:20.55', TIMESTAMP '2018-12-25 10:21:20.55', 'Reply 4 Lorem ipsum dolor sit amet, consectetur adipi', 8, 320),
(327, TIMESTAMP '2018-12-25 10:21:20.566', TIMESTAMP '2018-12-25 10:21:20.566', 'Comment on root level. I really like this idea, but needs to be improved.', 5, NULL),
(328, TIMESTAMP '2018-12-25 10:21:20.567', TIMESTAMP '2018-12-25 10:21:20.567', 'Reply 0 Lorem ipsum dolor sit amet, consectetur adipiscing elit, sed', 4, 327),
(329, TIMESTAMP '2018-12-25 10:21:20.567', TIMESTAMP '2018-12-25 10:21:20.567', 'Reply 1 Lorem ipsum', 13, 327),
(330, TIMESTAMP '2018-12-25 10:21:20.568', TIMESTAMP '2018-12-25 10:21:20.568', 'Reply 2 Lorem ipsum dolor sit amet, consectetur', 11, 327),
(331, TIMESTAMP '2018-12-25 10:21:20.569', TIMESTAMP '2018-12-25 10:21:20.569', 'Reply 3 Lorem ipsu', 17, 327),
(332, TIMESTAMP '2018-12-25 10:21:20.57', TIMESTAMP '2018-12-25 10:21:20.57', 'Reply 4 Lorem ipsum dolor sit amet, consectetur ', 1, 327);
CREATE MEMORY TABLE PUBLIC.COMMENTS_DOWN_VOTERS(
COMMENT_MODEL_ID BIGINT NOT NULL,
DOWN_VOTERS_ID BIGINT NOT NULL
);
ALTER TABLE PUBLIC.COMMENTS_DOWN_VOTERS ADD CONSTRAINT PUBLIC.CONSTRAINT_2 PRIMARY KEY(COMMENT_MODEL_ID, DOWN_VOTERS_ID);
-- 231 +/- SELECT COUNT(*) FROM PUBLIC.COMMENTS_DOWN_VOTERS;
INSERT INTO PUBLIC.COMMENTS_DOWN_VOTERS(COMMENT_MODEL_ID, DOWN_VOTERS_ID) VALUES
(209, 7),
(209, 1),
(209, 3),
(209, 5),
(210, 15),
(210, 12),
(210, 5),
(211, 13),
(211, 8),
(212, 13),
(212, 5),
(213, 20),
(213, 14),
(213, 3),
(220, 4),
(221, 8),
(221, 10),
(222, 1),
(222, 3),
(223, 14),
(225, 2),
(225, 11),
(225, 20),
(225, 12),
(226, 14),
(226, 1),
(226, 3),
(227, 11),
(227, 18),
(227, 7),
(227, 10),
(227, 1),
(227, 15),
(228, 11),
(228, 7),
(228, 1),
(228, 15),
(228, 5),
(230, 6),
(230, 11),
(230, 18),
(230, 10),
(230, 3),
(230, 19),
(232, 6),
(232, 11),
(232, 5),
(233, 20),
(233, 3),
(233, 19),
(234, 17),
(234, 1),
(234, 5),
(234, 9),
(235, 13),
(235, 11),
(235, 7),
(236, 17),
(236, 19),
(236, 12),
(237, 6),
(237, 14),
(239, 6),
(239, 8),
(239, 16),
(240, 20),
(240, 14),
(241, 8),
(241, 20),
(241, 15),
(242, 11),
(242, 20),
(242, 14),
(243, 6),
(243, 18),
(243, 14),
(244, 7),
(246, 11),
(246, 20),
(246, 7),
(247, 4),
(247, 6),
(247, 17),
(248, 17),
(249, 17),
(249, 7),
(249, 15),
(250, 11),
(250, 20),
(250, 19),
(251, 11),
(251, 15),
(251, 5),
(254, 11),
(254, 7),
(254, 19),
(254, 15),
(255, 12),
(256, 15),
(256, 5),
(257, 11),
(257, 14),
(257, 15),
(258, 2),
(258, 18),
(258, 1),
(259, 4),
(259, 12),
(261, 20),
(261, 5),
(261, 12),
(261, 9),
(262, 6),
(262, 18),
(262, 17),
(262, 12),
(263, 13),
(263, 19),
(264, 13),
(264, 8),
(264, 1),
(264, 19),
(264, 5),
(265, 6),
(265, 9),
(266, 2),
(268, 8),
(268, 7),
(269, 8),
(269, 1),
(270, 7),
(270, 12),
(271, 11),
(271, 8),
(271, 1),
(272, 7),
(273, 1),
(275, 4),
(275, 20),
(275, 5),
(276, 1),
(276, 16),
(276, 12),
(277, 6),
(277, 8),
(277, 14),
(277, 1),
(277, 9),
(278, 4),
(278, 18),
(279, 12),
(280, 2),
(280, 4),
(280, 8),
(280, 19),
(280, 12),
(298, 7),
(298, 3),
(299, 5),
(299, 12),
(300, 2),
(300, 11),
(300, 7),
(300, 14),
(301, 11),
(301, 3),
(301, 12),
(302, 2),
(302, 4),
(302, 19),
(303, 8),
(303, 17),
(306, 8),
(306, 18),
(306, 7),
(307, 16),
(308, 4),
(308, 8),
(308, 11),
(308, 20),
(308, 15),
(309, 8),
(311, 3),
(311, 19),
(311, 15),
(313, 18),
(313, 10),
(313, 3),
(313, 15),
(313, 12),
(314, 11),
(314, 18),
(314, 12),
(316, 1),
(317, 4),
(317, 6),
(317, 13),
(317, 20),
(317, 9),
(318, 2),
(318, 20),
(320, 11),
(320, 18),
(320, 20),
(321, 20),
(321, 10),
(321, 12),
(322, 11),
(322, 19),
(323, 2),
(323, 17),
(323, 20),
(324, 2),
(324, 18),
(327, 15),
(327, 5),
(327, 12),
(328, 20),
(328, 7),
(328, 10),
(328, 15),
(329, 13),
(329, 6),
(329, 14),
(329, 5),
(330, 2),
(331, 17),
(331, 20),
(332, 17),
(332, 10),
(332, 16);
CREATE MEMORY TABLE PUBLIC.COMMENTS_UP_VOTERS(
COMMENT_MODEL_ID BIGINT NOT NULL,
UP_VOTERS_ID BIGINT NOT NULL
);
ALTER TABLE PUBLIC.COMMENTS_UP_VOTERS ADD CONSTRAINT PUBLIC.CONSTRAINT_20 PRIMARY KEY(COMMENT_MODEL_ID, UP_VOTERS_ID);
-- 199 +/- SELECT COUNT(*) FROM PUBLIC.COMMENTS_UP_VOTERS;
INSERT INTO PUBLIC.COMMENTS_UP_VOTERS(COMMENT_MODEL_ID, UP_VOTERS_ID) VALUES
(208, 1),
(208, 3),
(208, 15),
(208, 12),
(208, 9),
(209, 6),
(209, 8),
(209, 14),
(209, 3),
(209, 19),
(210, 16),
(210, 15),
(210, 9),
(211, 7),
(211, 19),
(211, 5),
(212, 13),
(212, 18),
(212, 14),
(212, 3),
(212, 12),
(213, 4),
(213, 6),
(213, 13),
(213, 20),
(213, 3),
(219, 4),
(219, 10),
(220, 4),
(220, 3),
(220, 15),
(221, 2),
(221, 6),
(221, 17),
(221, 1),
(221, 16),
(222, 11),
(222, 17),
(222, 18),
(226, 5),
(226, 9),
(227, 1),
(227, 15),
(228, 17),
(228, 5),
(229, 12),
(230, 18),
(230, 14),
(234, 20),
(234, 3),
(234, 15),
(234, 12),
(235, 7),
(235, 1),
(239, 4),
(239, 13),
(239, 6),
(239, 20),
(239, 15),
(240, 12),
(240, 9),
(241, 11),
(241, 17),
(241, 18),
(241, 14),
(241, 10),
(241, 19),
(242, 20),
(242, 7),
(242, 16),
(243, 2),
(243, 20),
(244, 2),
(246, 3),
(248, 2),
(248, 10),
(248, 1),
(248, 19),
(248, 5),
(248, 12),
(249, 6),
(249, 19),
(249, 15),
(249, 5),
(251, 3),
(251, 19),
(254, 6),
(254, 8),
(254, 17),
(255, 2),
(255, 3),
(256, 11),
(256, 7),
(256, 1),
(256, 16),
(257, 2),
(257, 13),
(257, 20),
(257, 1),
(257, 9),
(259, 6),
(261, 19),
(261, 12),
(261, 5),
(262, 14),
(262, 19),
(262, 5),
(263, 8),
(263, 11),
(263, 19),
(264, 17),
(264, 20),
(265, 2),
(265, 20),
(265, 16),
(265, 12),
(266, 8),
(268, 11),
(268, 17),
(268, 1),
(270, 4),
(270, 14),
(271, 6),
(271, 7),
(271, 19),
(273, 20),
(275, 4),
(275, 7),
(275, 1),
(276, 11),
(276, 9),
(277, 13),
(277, 8),
(277, 3),
(278, 7),
(278, 3),
(279, 2),
(279, 20),
(280, 3),
(298, 13),
(298, 16),
(298, 15),
(298, 12),
(299, 11),
(299, 16),
(300, 8),
(300, 18),
(300, 12),
(301, 4),
(301, 15),
(302, 11),
(302, 18),
(302, 19),
(302, 5),
(303, 18),
(303, 1),
(303, 16),
(307, 18),
(307, 16),
(308, 13),
(308, 14),
(309, 13),
(309, 11),
(309, 10),
(310, 13),
(310, 18),
(310, 15),
(311, 2),
(311, 7),
(311, 1),
(311, 3),
(313, 19),
(317, 8),
(317, 12),
(318, 8),
(318, 12),
(320, 6),
(320, 3),
(321, 8),
(321, 19),
(322, 14),
(322, 5),
(323, 1),
(323, 9),
(324, 6),
(324, 10),
(324, 3),
(324, 19),
(324, 9),
(325, 20),
(327, 20),
(328, 3),
(328, 5),
(329, 20),
(330, 8),
(330, 19),
(331, 17),
(331, 12),
(332, 11);
CREATE MEMORY TABLE PUBLIC.DELEGATIONS(
ID BIGINT NOT NULL,
CREATED_AT TIMESTAMP NOT NULL,
UPDATED_AT TIMESTAMP NOT NULL,
REQUESTED_DELEGATION_AT TIMESTAMP,
TRANSITIVE BOOLEAN NOT NULL,
AREA_ID BIGINT NOT NULL,
FROM_USER_ID BIGINT NOT NULL,
REQUESTED_DELEGATION_FROM_CHECKSUM_CHECKSUM VARCHAR(255),
TO_PROXY_ID BIGINT NOT NULL
);
ALTER TABLE PUBLIC.DELEGATIONS ADD CONSTRAINT PUBLIC.CONSTRAINT_8 PRIMARY KEY(ID);
-- 9 +/- SELECT COUNT(*) FROM PUBLIC.DELEGATIONS;
INSERT INTO PUBLIC.DELEGATIONS(ID, CREATED_AT, UPDATED_AT, REQUESTED_DELEGATION_AT, TRANSITIVE, AREA_ID, FROM_USER_ID, REQUESTED_DELEGATION_FROM_CHECKSUM_CHECKSUM, TO_PROXY_ID) VALUES
(31, TIMESTAMP '2018-12-25 10:21:00.642', TIMESTAMP '2018-12-25 10:21:00.642', NULL, TRUE, 21, 2, NULL, 1),
(32, TIMESTAMP '2018-12-25 10:21:01.274', TIMESTAMP '2018-12-25 10:21:01.274', NULL, TRUE, 21, 3, NULL, 1),
(33, TIMESTAMP '2018-12-25 10:21:01.901', TIMESTAMP '2018-12-25 10:21:01.901', NULL, TRUE, 21, 4, NULL, 1),
(34, TIMESTAMP '2018-12-25 10:21:02.373', TIMESTAMP '2018-12-25 10:21:02.373', TIMESTAMP '2018-12-25 10:21:02.371', TRUE, 21, 5, '$2a$10$1IdrGrRAN2Wp3U7QI.JIzuaW/fGb8Z2mJgsKxYwe5.NrtAFNxSQVS', 2),
(35, TIMESTAMP '2018-12-25 10:21:03', TIMESTAMP '2018-12-25 10:21:03', NULL, TRUE, 21, 6, NULL, 3),
(36, TIMESTAMP '2018-12-25 10:21:03.632', TIMESTAMP '2018-12-25 10:21:03.632', NULL, TRUE, 21, 7, NULL, 4),
(37, TIMESTAMP '2018-12-25 10:21:04.258', TIMESTAMP '2018-12-25 10:21:04.258', NULL, TRUE, 21, 10, NULL, 7),
(38, TIMESTAMP '2018-12-25 10:21:04.902', TIMESTAMP '2018-12-25 10:21:04.902', NULL, TRUE, 21, 11, NULL, 7),
(39, TIMESTAMP '2018-12-25 10:21:05.538', TIMESTAMP '2018-12-25 10:21:05.538', NULL, FALSE, 21, 12, NULL, 7);
CREATE MEMORY TABLE PUBLIC.KEY_VALUE(
ID BIGINT NOT NULL,
KEY VARCHAR(255) NOT NULL,
VALUE VARCHAR(255)
);
ALTER TABLE PUBLIC.KEY_VALUE ADD CONSTRAINT PUBLIC.CONSTRAINT_7 PRIMARY KEY(ID);
-- 3 +/- SELECT COUNT(*) FROM PUBLIC.KEY_VALUE;
INSERT INTO PUBLIC.KEY_VALUE(ID, KEY, VALUE) VALUES
(41, 'liquido.supporters.for.proposal', '10'),
(214, 'liquido.days.until.voting.starts', '14'),
(215, 'liquido.duration.of.voting.phase', '14');
CREATE MEMORY TABLE PUBLIC.LAWS(
ID BIGINT NOT NULL,
CREATED_AT TIMESTAMP NOT NULL,
UPDATED_AT TIMESTAMP NOT NULL,
DESCRIPTION VARCHAR(1000) NOT NULL,
REACHED_QUORUM_AT TIMESTAMP,
STATUS INTEGER NOT NULL,
TITLE VARCHAR(255) NOT NULL,
AREA_ID BIGINT NOT NULL,
CREATED_BY_ID BIGINT,
POLL_ID BIGINT
);
ALTER TABLE PUBLIC.LAWS ADD CONSTRAINT PUBLIC.CONSTRAINT_23 PRIMARY KEY(ID);
-- 183 +/- SELECT COUNT(*) FROM PUBLIC.LAWS;
INSERT INTO PUBLIC.LAWS(ID, CREATED_AT, UPDATED_AT, DESCRIPTION, REACHED_QUORUM_AT, STATUS, TITLE, AREA_ID, CREATED_BY_ID, POLL_ID) VALUES
(40, TIMESTAMP '2018-12-24 10:21:05.604', TIMESTAMP '2018-12-25 10:21:05.604', 'aSOLZ0do Lorem ipsum dolor sit amet, consectetur adipisci', NULL, 0, 'Idea 0 that suggest that we definitely need a longer title for ideas', 21, 12, NULL),
(42, TIMESTAMP '2018-12-23 10:21:05.643', TIMESTAMP '2018-12-24 10:21:05.643', 'aIqgQrX6 Lorem ipsum dolor sit amet, consectetur adipiscing elit, sed do eiusmod tempor incididunt ut labore et dolore magna aliqua. Ut enim ad minim veniam, quis nostrud exercitation u', NULL, 0, 'Idea 1 that suggest that we definitely need a longer title for ideas', 22, 2, NULL),
(43, TIMESTAMP '2018-12-22 10:21:05.671', TIMESTAMP '2018-12-23 10:21:05.671', 'l9yRJ4kB Lorem ipsum dolor sit amet, consectetur adipiscing elit, sed do eiusmod tempor incididunt ut labore et dolore magna aliqua. Ut enim ad minim veniam,', NULL, 0, 'Idea 2 that suggest that we definitely need a longer title for ideas', 23, 5, NULL),
(44, TIMESTAMP '2018-12-21 10:21:05.682', TIMESTAMP '2018-12-22 10:21:05.683', '1VuIkdWU Lorem ipsum dolor sit amet, consectetur adipiscing elit, sed do eiusmod tempor incididunt ut labore et dolore magna aliqua. Ut enim ad minim veniam, quis nostrud exercitation ullamco laboris nisi ut aliquip ex ea commodo consequat. Duis aute irure dolor in reprehenderit in voluptate velit esse cillum dol', NULL, 0, 'Idea 3 that suggest that we definitely need a longer title for ideas', 24, 11, NULL),
(45, TIMESTAMP '2018-12-20 10:21:05.687', TIMESTAMP '2018-12-21 10:21:05.687', 'qXjzB43k Lorem ipsum dolor sit amet, consectetur adipiscing elit, sed do eiusmod tempor incididunt ut labore et dolore magna aliqua. Ut enim ad minim veniam, quis nostrud exercitation ullamco laboris nisi ut aliquip ex ea commodo consequat. Duis aute irure dolor in reprehenderit in volup', NULL, 0, 'Idea 4 that suggest that we definitely need a longer title for ideas', 25, 2, NULL),
(46, TIMESTAMP '2018-12-19 10:21:05.716', TIMESTAMP '2018-12-20 10:21:05.717', '1GfuUTWA Lor', NULL, 0, 'Idea 5 that suggest that we definitely need a longer title for ideas', 26, 11, NULL),
(47, TIMESTAMP '2018-12-18 10:21:05.731', TIMESTAMP '2018-12-19 10:21:05.732', 'iDDo5LfB Lorem ipsum dolor sit amet, consectetur adipiscing elit, sed do eiusmod tempor incididunt ut labore et dolore magna aliqua. Ut enim ad minim veniam, quis nostrud exercitation ullamco laboris nisi ut ', NULL, 0, 'Idea 6 that suggest that we definitely need a longer title for ideas', 27, 14, NULL),
(48, TIMESTAMP '2018-12-17 10:21:05.755', TIMESTAMP '2018-12-18 10:21:05.755', 'hlaHhBUv Lorem ipsum dolor sit amet, consectetur adipiscing elit, sed do eiusmod tempor incididunt ut labore et dolore magna aliqua. Ut enim ad minim veniam, quis nostrud exercitation ullamco laboris nisi ut aliquip ex ea commodo consequat. Duis aute irure dolor in ', NULL, 0, 'Idea 7 that suggest that we definitely need a longer title for ideas', 28, 16, NULL),
(49, TIMESTAMP '2018-12-16 10:21:05.784', TIMESTAMP '2018-12-17 10:21:05.784', '2e4dEXgv Lorem ipsum dolor sit amet, consectetur adipiscing elit, sed do eiusmod tempor incididunt ut labore et dolore magna aliqua. Ut enim ad minim veniam, quis nostrud exercitation ullamco laboris nisi ut aliquip ex ea commodo consequat. Duis aute irure dolor in reprehenderit in voluptate velit esse cillum dolore eu fugiat nulla pariatur. Ex', NULL, 0, 'Idea 8 that suggest that we definitely need a longer title for ideas', 29, 13, NULL),
(50, TIMESTAMP '2018-12-15 10:21:05.796', TIMESTAMP '2018-12-16 10:21:05.796', 'NhyGpxh3 Lorem ipsum dolor sit amet, consectetur adipiscing elit, sed do eiusmod tempor incididunt ut labore et dolore magna aliqua. Ut enim ad minim veniam, quis nostrud exercitation ullamco labor', NULL, 0, 'Idea 9 that suggest that we definitely need a longer title for ideas', 30, 20, NULL),
(51, TIMESTAMP '2018-12-14 10:21:05.802', TIMESTAMP '2018-12-15 10:21:05.803', 'ITzXeoaX Lorem ipsum dolor sit amet, consectetur adipiscing elit, sed do eiusmod tempo', NULL, 0, 'Idea 10 that suggest that we definitely need a longer title for ideas', 21, 16, NULL);
INSERT INTO PUBLIC.LAWS(ID, CREATED_AT, UPDATED_AT, DESCRIPTION, REACHED_QUORUM_AT, STATUS, TITLE, AREA_ID, CREATED_BY_ID, POLL_ID) VALUES
(52, TIMESTAMP '2018-12-13 10:21:05.815', TIMESTAMP '2018-12-14 10:21:05.815', '5YiDKEyX Lorem ipsum dolor sit amet, consectetur adipiscing elit, sed do eiusmod tempor incididunt ut labore et dolore magna aliqua. Ut enim ad minim veniam, quis nostrud exercitation ullamco laboris nisi ut aliquip ex ea commodo consequat. Duis aute irure dolor in reprehenderit in voluptate velit esse cillum dolore eu fugiat nulla pariatur. Excepteur sint occaecat cupid', NULL, 0, 'Idea 11 that suggest that we definitely need a longer title for ideas', 22, 5, NULL),
(53, TIMESTAMP '2018-12-12 10:21:05.825', TIMESTAMP '2018-12-13 10:21:05.825', 'pmycUEN6 Lorem ipsum dolor sit amet, consectetur adipiscing elit, sed do eiusmod tempor incididunt ut labore et dolore magna aliqua. Ut enim ad minim veniam, quis nostrud exercitation ullamco laboris nisi ut aliquip ex ea commodo consequat. Duis aute irure dolor in reprehenderit in voluptate velit esse cillum dolore eu fugiat nulla p', NULL, 0, 'Idea 12 that suggest that we definitely need a longer title for ideas', 23, 12, NULL),
(54, TIMESTAMP '2018-12-11 10:21:05.844', TIMESTAMP '2018-12-12 10:21:05.844', 'o61A0tXa Lorem ipsum dolor sit amet, consectetur adipiscing elit, sed do eiusmod ', NULL, 0, 'Idea 13 that suggest that we definitely need a longer title for ideas', 24, 17, NULL),
(55, TIMESTAMP '2018-12-10 10:21:05.848', TIMESTAMP '2018-12-11 10:21:05.848', 'LRa7vE0v Lorem ipsum dolor sit amet, consectetur adipiscing elit, sed do eiusmod tempor incididun', NULL, 0, 'Idea 14 that suggest that we definitely need a longer title for ideas', 25, 9, NULL),
(56, TIMESTAMP '2018-12-09 10:21:05.867', TIMESTAMP '2018-12-10 10:21:05.867', 'OcVucXBB Lorem ipsum dolor sit amet, consectetur adipiscing elit, sed do eiusmod tempor incididunt ut labore et dolore magna aliqua. Ut enim ad minim veniam, quis nostrud exercitation ullamco laboris nisi ut aliquip ex ea commodo consequat. Duis au', NULL, 0, 'Idea 15 that suggest that we definitely need a longer title for ideas', 26, 10, NULL),
(57, TIMESTAMP '2018-12-08 10:21:05.875', TIMESTAMP '2018-12-09 10:21:05.876', 'Hbyl8Fet Lorem ipsum dolor sit amet, consectetur adipiscing elit, sed do eiusmod tempor incid', NULL, 0, 'Idea 16 that suggest that we definitely need a longer title for ideas', 27, 13, NULL),
(58, TIMESTAMP '2018-12-07 10:21:05.898', TIMESTAMP '2018-12-08 10:21:05.899', 'NU9ZyLAk Lorem ipsum dolor sit amet, consectetur adipiscing elit, sed do eiusmod tempor incididunt ut labore et dolore magna aliqua. Ut enim ad minim veniam, quis nostrud exercitation ullamco laboris nisi ut aliquip ex ea commodo consequat. Duis aute irure dolor in reprehenderit in ', NULL, 0, 'Idea 17 that suggest that we definitely need a longer title for ideas', 28, 10, NULL),
(59, TIMESTAMP '2018-12-06 10:21:05.913', TIMESTAMP '2018-12-07 10:21:05.914', 'GXON0P4V Lorem ipsum dolor sit amet, consectetur adipiscing elit, sed do eiusmod tempor incididunt ut labore et dolore magna aliqua. Ut enim ad', NULL, 0, 'Idea 18 that suggest that we definitely need a longer title for ideas', 29, 10, NULL),
(60, TIMESTAMP '2018-12-05 10:21:05.928', TIMESTAMP '2018-12-06 10:21:05.928', 'g02hL66b Lorem ipsum dolor sit amet, consectetur adipiscing elit, sed do eiusmod tempor incididunt ut labore et dolore magna aliqua. Ut enim ad minim veniam, quis nostrud exercitation ullamco laboris nisi ut aliquip ex ea commodo consequat. Duis aute irure dolor in reprehenderit in voluptate velit esse cillum dolore eu fugiat nulla pariatur. Excepteu', NULL, 0, 'Idea 19 that suggest that we definitely need a longer title for ideas', 30, 1, NULL),
(61, TIMESTAMP '2018-12-04 10:21:05.935', TIMESTAMP '2018-12-05 10:21:05.935', 'E4rev7zQ Lorem', NULL, 0, 'Idea 20 that suggest that we definitely need a longer title for ideas', 21, 15, NULL),
(62, TIMESTAMP '2018-12-03 10:21:05.949', TIMESTAMP '2018-12-04 10:21:05.949', 'jzpARZCt Lorem ipsum dolor sit amet, consectetur adipiscing elit, sed do eiusmod tempor incididunt ut labore et dolore magna aliqua. Ut enim ad minim veniam, quis nostrud exercitation ullamco laboris nisi ut aliquip ex ea commodo consequat. Duis aute irure dolor in re', NULL, 0, 'Idea 21 that suggest that we definitely need a longer title for ideas', 22, 16, NULL);
INSERT INTO PUBLIC.LAWS(ID, CREATED_AT, UPDATED_AT, DESCRIPTION, REACHED_QUORUM_AT, STATUS, TITLE, AREA_ID, CREATED_BY_ID, POLL_ID) VALUES
(63, TIMESTAMP '2018-12-02 10:21:05.957', TIMESTAMP '2018-12-03 10:21:05.957', '6P2RutzM Lorem ipsum dolor sit amet, consectetur adipiscing elit, sed do eiusmod tempor incididunt ut labore et dolore magna aliqua. Ut enim ad min', NULL, 0, 'Idea 22 that suggest that we definitely need a longer title for ideas', 23, 5, NULL),
(64, TIMESTAMP '2018-12-01 10:21:05.976', TIMESTAMP '2018-12-02 10:21:05.976', 'X99f3w0l Lorem ipsum dolor sit amet, consectetur adipiscing elit, sed do eiusmod tempor incididunt ut labore et dolore magna aliqua. Ut enim ad minim veniam, ', NULL, 0, 'Idea 23 that suggest that we definitely need a longer title for ideas', 24, 18, NULL),
(65, TIMESTAMP '2018-11-30 10:21:05.983', TIMESTAMP '2018-12-01 10:21:05.983', '61N6mqXr Lorem ipsum dolor sit amet, consectetur adipiscing elit, sed do eiusmod tempor incididunt ut labore et dolore magna aliqua. Ut enim ad minim veniam, quis nostrud exercitation ullamco laboris nisi ut aliquip ex ea commodo consequat. Duis aute irure dolor in reprehenderit in voluptate velit esse cillum dolore eu fugiat nulla pariatur. Excepteur sint occaecat cupidatat non proident, sun', NULL, 0, 'Idea 24 that suggest that we definitely need a longer title for ideas', 25, 6, NULL),
(66, TIMESTAMP '2018-11-29 10:21:06.007', TIMESTAMP '2018-11-30 10:21:06.007', 'keWMhJOc Lorem ipsum dolor sit amet, conse', NULL, 0, 'Idea 25 that suggest that we definitely need a longer title for ideas', 26, 19, NULL),
(67, TIMESTAMP '2018-11-28 10:21:06.022', TIMESTAMP '2018-11-29 10:21:06.022', '0DjVUUxn Lorem ipsum dolor sit amet, consectetur adipiscing elit, sed do eiusmod tempor incididunt ut labore et dolore magna aliqua. Ut enim ad minim veniam, quis nostrud exercitation ullamco labo', NULL, 0, 'Idea 26 that suggest that we definitely need a longer title for ideas', 27, 9, NULL),
(68, TIMESTAMP '2018-11-27 10:21:06.031', TIMESTAMP '2018-11-28 10:21:06.031', 'EH7a6LQm Lorem ipsum dolor sit amet, consectetur adipiscing elit, sed do eiusmod tempor incididunt ut labore et dolore magna aliqua. Ut enim ad minim veniam, quis nostrud exercitation ullamco laboris nisi ut', NULL, 0, 'Idea 27 that suggest that we definitely need a longer title for ideas', 28, 3, NULL),
(69, TIMESTAMP '2018-11-26 10:21:06.04', TIMESTAMP '2018-11-27 10:21:06.04', 'hsquMapG Lorem ipsum dolor sit amet, consectetur adipiscing elit, sed do eiusmod tempor incididunt ut labore et dolore magna aliqua. Ut enim ad minim veniam, quis nostrud exercitation ullamco laboris nisi ut aliquip ex ea commodo consequat. Duis aute irure dolor in reprehenderit in voluptate velit esse cillum dolore eu fugiat nulla pariatur', NULL, 0, 'Idea 28 that suggest that we definitely need a longer title for ideas', 29, 13, NULL),
(70, TIMESTAMP '2018-11-25 10:21:06.051', TIMESTAMP '2018-11-26 10:21:06.051', 'z24RgKBW Lorem ipsum dolor sit amet, consectetur adipiscing elit, sed do eiusmod tempor incididunt ut labore et do', NULL, 0, 'Idea 29 that suggest that we definitely need a longer title for ideas', 30, 19, NULL),
(71, TIMESTAMP '2018-11-24 10:21:06.064', TIMESTAMP '2018-11-25 10:21:06.064', 'EVQj20yX Lorem ipsum dolor sit amet, consectetur adipiscing elit, sed do eiusmod tempor incididunt ut labore et dolore magna aliqua. Ut enim ad minim veni', NULL, 0, 'Idea 30 that suggest that we definitely need a longer title for ideas', 21, 12, NULL),
(72, TIMESTAMP '2018-11-23 10:21:06.069', TIMESTAMP '2018-11-24 10:21:06.069', '33YMFfUF Lorem ipsum dolor sit amet, consectetur adipiscing elit, sed do eiusmod tempor incididunt ut labore et dolore magna aliqua. Ut enim ad minim veniam, quis nostrud exercitation ullamco laboris nisi ut aliquip ex ea commodo consequat. Duis aute irure dolor in reprehenderit in voluptate velit esse cillum dolore eu fugiat nulla pariatur. Excepteur sint occaecat cupidatat non', NULL, 0, 'Idea 31 that suggest that we definitely need a longer title for ideas', 22, 7, NULL),
(73, TIMESTAMP '2018-11-22 10:21:06.088', TIMESTAMP '2018-11-23 10:21:06.088', 'vCPuaRDS Lorem ipsum dolor sit amet, consectetur adipiscing elit, sed do eiusmod tempor incididunt ut labore et dolore magna aliqua. Ut enim ad minim veniam, quis nostrud exercitation ullamco laboris nisi ut aliquip ex ea commodo consequat. Duis aute irure dolor in reprehenderit in voluptate velit esse cillum dolore eu fugiat nulla pariatur. Excepteur sint occaecat cupidatat non', NULL, 0, 'Idea 32 that suggest that we definitely need a longer title for ideas', 23, 4, NULL);
INSERT INTO PUBLIC.LAWS(ID, CREATED_AT, UPDATED_AT, DESCRIPTION, REACHED_QUORUM_AT, STATUS, TITLE, AREA_ID, CREATED_BY_ID, POLL_ID) VALUES
(74, TIMESTAMP '2018-11-21 10:21:06.096', TIMESTAMP '2018-11-22 10:21:06.096', '5PIVYeFG Lorem ipsum dolor sit amet, consectetur adipiscing elit, sed do eiusmod tempor incididunt ut labore et dolore magna aliqua. Ut enim ad minim veniam, quis nostrud exercitation ullamco laboris nisi ut aliquip ex ea commodo consequat. Duis aute ', NULL, 0, 'Idea 33 that suggest that we definitely need a longer title for ideas', 24, 2, NULL),
(75, TIMESTAMP '2018-11-20 10:21:06.109', TIMESTAMP '2018-11-21 10:21:06.109', 'duEbEeae Lorem ipsum dolor sit amet, consectetur adipiscing elit, sed do eiusmod tempor incidid', NULL, 0, 'Idea 34 that suggest that we definitely need a longer title for ideas', 25, 14, NULL),
(76, TIMESTAMP '2018-11-19 10:21:06.119', TIMESTAMP '2018-11-20 10:21:06.119', 'aMJH94sp Lorem ipsum dolor sit amet, consectetur adipiscing elit, sed do eiusmod tempor incididunt ut labore et dolore magna aliqua. Ut enim ad', NULL, 0, 'Idea 35 that suggest that we definitely need a longer title for ideas', 26, 13, NULL),
(77, TIMESTAMP '2018-11-18 10:21:06.128', TIMESTAMP '2018-11-19 10:21:06.128', 'yF16yMxw Lorem ipsum dolor sit amet, consectetur adipiscing elit, sed do eiusmod tempor incididunt ut labore et dolore magna aliqua. Ut enim ad minim veniam, quis nostrud exercitation ullamco laboris nisi ut aliquip ex ea commodo consequat. Duis aute irure dolor in reprehenderit in voluptate velit esse cillum dolore eu fugiat nulla pariatur. Excepteur sint occaecat cupidatat non proident, sunt in cu', NULL, 0, 'Idea 36 that suggest that we definitely need a longer title for ideas', 27, 11, NULL),
(78, TIMESTAMP '2018-11-17 10:21:06.155', TIMESTAMP '2018-11-18 10:21:06.156', '9ZH5Kwzu Lorem ipsum dolor sit amet, consectetur adipiscing elit, sed do eiusmod tempor incididunt ut labore et d', NULL, 0, 'Idea 37 that suggest that we definitely need a longer title for ideas', 28, 14, NULL),
(79, TIMESTAMP '2018-11-16 10:21:06.168', TIMESTAMP '2018-11-17 10:21:06.168', 'AS8LfQnF Lorem ipsum dolor', NULL, 0, 'Idea 38 that suggest that we definitely need a longer title for ideas', 29, 14, NULL),
(80, TIMESTAMP '2018-11-15 10:21:06.174', TIMESTAMP '2018-11-16 10:21:06.174', 'dRXpHjSa Lorem ipsum dolor sit amet, consectetur adipiscing elit, sed do eiusmod tempor incididunt ut labore et dolore magna aliqua. Ut enim ad minim veniam, quis nostrud exercitation ullamco laboris nisi ut aliquip ex ea commodo consequat. Duis aute irure dolor in reprehenderit in volupt', NULL, 0, 'Idea 39 that suggest that we definitely need a longer title for ideas', 30, 12, NULL),
(81, TIMESTAMP '2018-11-14 10:21:06.187', TIMESTAMP '2018-11-15 10:21:06.187', 'kb8VtlWw Lorem ipsum dolor sit amet, consectetur adipiscing elit, sed do eiusmod tempor incididunt ut labore et dolore magna aliqua. Ut enim ad minim veniam, quis nostrud exercitation ullamco', NULL, 0, 'Idea 40 that suggest that we definitely need a longer title for ideas', 21, 1, NULL),
(82, TIMESTAMP '2018-11-13 10:21:06.191', TIMESTAMP '2018-11-14 10:21:06.191', '58W8TXkO Lorem ipsum dolor sit amet, consectetur adipiscing elit, sed do eiusmod tempor incididunt ut labore et dolore magna aliqua. Ut enim ad minim veniam, quis nostrud exercitation ullamco laboris nisi ut aliquip ex ea commodo consequat. Duis aute irure dolor in reprehenderit in voluptate velit esse cillum dolore eu fugiat nulla pariatur. Excepteur sint occaecat cup', NULL, 0, 'Idea 41 that suggest that we definitely need a longer title for ideas', 22, 11, NULL),
(83, TIMESTAMP '2018-11-12 10:21:06.202', TIMESTAMP '2018-11-13 10:21:06.203', 'XpePvQLB Lorem ipsum dolor sit amet, consectetur adipiscing elit, sed do eiusmod tempor incididunt ut labore et dolore magna aliqua. Ut enim ad', NULL, 0, 'Idea 42 that suggest that we definitely need a longer title for ideas', 23, 10, NULL),
(84, TIMESTAMP '2018-11-11 10:21:06.214', TIMESTAMP '2018-11-12 10:21:06.214', 's3q6As7Z ', NULL, 0, 'Idea 43 that suggest that we definitely need a longer title for ideas', 24, 2, NULL);
INSERT INTO PUBLIC.LAWS(ID, CREATED_AT, UPDATED_AT, DESCRIPTION, REACHED_QUORUM_AT, STATUS, TITLE, AREA_ID, CREATED_BY_ID, POLL_ID) VALUES
(85, TIMESTAMP '2018-11-10 10:21:06.223', TIMESTAMP '2018-11-11 10:21:06.223', 'kj0fdDrL Lorem ipsum dolor sit amet, consectetur adipiscing elit, sed do eiusm', NULL, 0, 'Idea 44 that suggest that we definitely need a longer title for ideas', 25, 2, NULL),
(86, TIMESTAMP '2018-11-09 10:21:06.231', TIMESTAMP '2018-11-10 10:21:06.232', 'va4Ibi7D Lorem ipsum dolor sit amet, consectetur adipiscing elit, ', NULL, 0, 'Idea 45 that suggest that we definitely need a longer title for ideas', 26, 12, NULL),
(87, TIMESTAMP '2018-11-08 10:21:06.235', TIMESTAMP '2018-11-09 10:21:06.235', 'R8PE14uY Lorem ipsum dolor sit amet, consectetur adipiscing elit, sed do eiusmod tempor inc', NULL, 0, 'Idea 46 that suggest that we definitely need a longer title for ideas', 27, 11, NULL),
(88, TIMESTAMP '2018-11-07 10:21:06.246', TIMESTAMP '2018-11-08 10:21:06.246', 'z6VxnMEv Lorem ipsum dolor sit amet, consectetur adipiscing elit, sed do eiusmod tempor incidi', NULL, 0, 'Idea 47 that suggest that we definitely need a longer title for ideas', 28, 15, NULL),
(89, TIMESTAMP '2018-11-06 10:21:06.253', TIMESTAMP '2018-11-07 10:21:06.253', '5QizXLYE Lorem ipsum dolor sit amet, consectetur adipiscing elit, sed do eiusmod tempor incididunt ut labore et dolore magna aliqua. Ut enim ad minim veniam, quis nostrud exercitation ullamco laboris nisi ut aliquip ex ea commodo consequat. Duis aute irure dolor in reprehenderit in voluptate velit esse cillum dolore eu fugiat nulla pariatur. Excepteur sint occaecat cupidatat non proident, sunt in', NULL, 0, 'Idea 48 that suggest that we definitely need a longer title for ideas', 29, 14, NULL),
(90, TIMESTAMP '2018-11-05 10:21:06.265', TIMESTAMP '2018-11-06 10:21:06.265', 'u55lrc7M Lorem ipsum dolor sit amet, consectetur adipiscing elit, sed do eiusmod tempor incididunt ut labore et dolore magna aliqua. Ut enim ad minim veniam, quis nostrud exercitation ullamco laboris nisi ut aliquip ex ea commodo consequat. Duis aute irure dolor in reprehenderit in voluptate velit esse cillum dolore eu fugiat nulla pariatur. Except', NULL, 0, 'Idea 49 that suggest that we definitely need a longer title for ideas', 30, 1, NULL),
(91, TIMESTAMP '2018-11-04 10:21:06.269', TIMESTAMP '2018-11-05 10:21:06.269', 'yYqOpASv Lorem ipsum dolor sit amet, ', NULL, 0, 'Idea 50 that suggest that we definitely need a longer title for ideas', 21, 6, NULL),
(92, TIMESTAMP '2018-11-03 10:21:06.285', TIMESTAMP '2018-11-04 10:21:06.286', 'rmtlC25a Lorem ipsum dolor sit amet, consectetur adipiscing elit, sed do eiusmod tempor incididunt ut labore et dolore magna aliqua. Ut enim ad minim veniam, quis nostrud exercitation ullamco laboris nisi ut aliquip ex ea commodo consequat. Duis aute irure dolor in reprehenderit in voluptate velit esse cillum dolore eu fugiat nulla pariatur. Except', NULL, 0, 'Idea 51 that suggest that we definitely need a longer title for ideas', 22, 20, NULL),
(93, TIMESTAMP '2018-11-02 10:21:06.298', TIMESTAMP '2018-11-03 10:21:06.298', 'xaIzbGej Lorem ipsum dolor sit amet, consectetur adipiscing elit, sed do eiusmod tempor incididunt ut labore et dolore magna aliqua. Ut enim ad minim veniam, quis nostrud exercitation ullamco laboris nisi ut aliquip ex ea commodo consequat. Duis aute irure dolor in reprehenderit in', NULL, 0, 'Idea 52 that suggest that we definitely need a longer title for ideas', 23, 6, NULL),
(94, TIMESTAMP '2018-11-01 10:21:06.314', TIMESTAMP '2018-11-02 10:21:06.314', 'ePqJoHAO Lorem ipsum dolor sit amet, consectetur adipiscing elit, sed do eiusmod tempor incididunt ut labore et dolore magna aliqua. Ut enim ad minim veniam, quis nostrud exercitation ullamco laboris nisi ut aliquip ex ea commodo consequat. Duis aute irure dolor in reprehenderit in voluptate velit esse cillum dolore eu fugiat nulla pariatur', NULL, 0, 'Idea 53 that suggest that we definitely need a longer title for ideas', 24, 10, NULL),
(95, TIMESTAMP '2018-10-31 10:21:06.317', TIMESTAMP '2018-11-01 10:21:06.317', '3hYbo6QN Lorem ipsum dolor sit amet, consectetur adipiscing elit, sed do eiusmod tempor incididunt ut labore et dolore magna aliqua. Ut enim ad minim v', NULL, 0, 'Idea 54 that suggest that we definitely need a longer title for ideas', 25, 19, NULL);
INSERT INTO PUBLIC.LAWS(ID, CREATED_AT, UPDATED_AT, DESCRIPTION, REACHED_QUORUM_AT, STATUS, TITLE, AREA_ID, CREATED_BY_ID, POLL_ID) VALUES
(96, TIMESTAMP '2018-10-30 10:21:06.325', TIMESTAMP '2018-10-31 10:21:06.326', 'ytmmPbQ6 Lorem ipsum dolor sit amet, consectetur adipiscing elit, sed do eiusmod tempor incididunt ut labore et dolore magna aliqua. Ut enim ad minim veniam, quis nostrud exercitation ullamco laboris nisi ut aliquip ex ea commodo consequat. Duis aute irure do', NULL, 0, 'Idea 55 that suggest that we definitely need a longer title for ideas', 26, 9, NULL),
(97, TIMESTAMP '2018-10-29 10:21:06.342', TIMESTAMP '2018-10-30 10:21:06.342', 'NY3wW8Bf Lorem ipsum dolor ', NULL, 0, 'Idea 56 that suggest that we definitely need a longer title for ideas', 27, 10, NULL),
(98, TIMESTAMP '2018-10-28 10:21:06.355', TIMESTAMP '2018-10-29 10:21:06.356', 'M68omYAq Lorem ipsum dolor sit amet, consectetur adipiscing elit, sed do eiusmod tempor incididunt ut labore et dolore magna aliqua. Ut enim ad minim veniam, quis nostrud exercitation ullamco laboris nisi ut aliquip ex ea commod', NULL, 0, 'Idea 57 that suggest that we definitely need a longer title for ideas', 28, 2, NULL),
(99, TIMESTAMP '2018-10-27 10:21:06.366', TIMESTAMP '2018-10-28 10:21:06.366', 'lgyueZDc Lorem ipsum dolor sit ame', NULL, 0, 'Idea 58 that suggest that we definitely need a longer title for ideas', 29, 15, NULL),
(100, TIMESTAMP '2018-10-26 10:21:06.37', TIMESTAMP '2018-10-27 10:21:06.37', '0P3CjV4H Lorem ipsum dolor sit amet, consectetur adipiscing elit, sed do eiusmod tempor incididunt ut labore et dolore magna aliqua. Ut enim ad minim veniam, quis nostrud exercitation ullamco laboris nisi ut aliquip ex ea commodo consequat. Duis aute irure dolor in reprehenderit in voluptate velit esse cillum dolore eu fugiat nulla pariatur. Ex', NULL, 0, 'Idea 59 that suggest that we definitely need a longer title for ideas', 30, 13, NULL),
(101, TIMESTAMP '2018-10-25 10:21:06.383', TIMESTAMP '2018-10-26 10:21:06.383', 'Jb6mFupn Lorem ipsum dolor sit amet, ', NULL, 0, 'Idea 60 that suggest that we definitely need a longer title for ideas', 21, 5, NULL),
(102, TIMESTAMP '2018-10-24 10:21:06.393', TIMESTAMP '2018-10-25 10:21:06.393', 'dhfMkiKa Lorem ipsum dolor sit amet, consectetur adipiscing elit, sed do eiusmod tempor incididunt ut labore et dolore magna aliqua. Ut enim ad minim veniam, quis nostrud exercitation ullamco laboris nis', NULL, 0, 'Idea 61 that suggest that we definitely need a longer title for ideas', 22, 14, NULL),
(103, TIMESTAMP '2018-10-23 10:21:06.399', TIMESTAMP '2018-10-24 10:21:06.399', '4zwbG6Md Lorem ipsum dolor sit amet, consectetur adipiscing elit, sed do eiusmod tempor incididunt ut labore et dolore magna aliqua. Ut enim ad minim veniam, quis nostr', NULL, 0, 'Idea 62 that suggest that we definitely need a longer title for ideas', 23, 10, NULL),
(104, TIMESTAMP '2018-10-22 10:21:06.414', TIMESTAMP '2018-10-23 10:21:06.415', 'Gk8q3898 Lorem ipsum dolor sit amet, consectetur adipiscing elit, sed do eiusmod tempor incididunt ut labore et dolore magna aliqua. Ut enim ad minim veniam, quis nostrud exercitation ullamco laboris nisi ut aliquip ex ea commodo consequat. Duis aute irure dolor in reprehenderit in voluptate velit esse cillum dolore eu fugiat nulla pariatur. Excepteur sint occaecat cupidatat non proident, su', NULL, 0, 'Idea 63 that suggest that we definitely need a longer title for ideas', 24, 6, NULL),
(105, TIMESTAMP '2018-10-21 10:21:06.428', TIMESTAMP '2018-10-22 10:21:06.429', 'jhTPE1oZ Lorem ipsum dolor sit amet, consectetur adipiscing elit, sed do eiusmod tempor incididunt ut labore et dolore magna aliqua. Ut enim ad minim veniam, quis nostrud exercitation ullamco laboris nisi ut aliquip ex ea commodo consequat. Duis a', NULL, 0, 'Idea 64 that suggest that we definitely need a longer title for ideas', 25, 11, NULL),
(106, TIMESTAMP '2018-10-20 10:21:06.44', TIMESTAMP '2018-10-21 10:21:06.44', 'c4NJcauj Lorem ipsum do', NULL, 0, 'Idea 65 that suggest that we definitely need a longer title for ideas', 26, 10, NULL),
(107, TIMESTAMP '2018-10-19 10:21:06.452', TIMESTAMP '2018-10-20 10:21:06.452', '6usbcxDP Lorem ipsum dolor sit amet, consectetur adipiscing elit, sed do eiusmod tempor incididunt ut labore et dolore magna aliqua. Ut enim ad minim veniam, quis nostrud exercitation ullamco laboris nisi ut aliquip ex ea commodo consequat. Duis aute irure dolor in reprehenderit in voluptate velit ', NULL, 0, 'Idea 66 that suggest that we definitely need a longer title for ideas', 27, 18, NULL);
INSERT INTO PUBLIC.LAWS(ID, CREATED_AT, UPDATED_AT, DESCRIPTION, REACHED_QUORUM_AT, STATUS, TITLE, AREA_ID, CREATED_BY_ID, POLL_ID) VALUES
(108, TIMESTAMP '2018-10-18 10:21:06.46', TIMESTAMP '2018-10-19 10:21:06.46', 'E0oWVgf6 Lorem ipsum dolor sit amet, consectetur adipiscing elit, sed do eiusmod tempor incididunt ut labore et dolore magna aliqua. Ut enim ad minim veniam, quis nostrud exercitation ullamco laboris nisi ut aliquip ex ea commodo consequat. Duis aute irure dolor in reprehenderit in voluptate velit esse cill', NULL, 0, 'Idea 67 that suggest that we definitely need a longer title for ideas', 28, 9, NULL),
(109, TIMESTAMP '2018-10-17 10:21:06.467', TIMESTAMP '2018-10-18 10:21:06.467', 'se1uHFDI Lorem ipsum dolor sit amet, consectetur adipiscing elit, sed do eiusmod tempor incididunt ut labore et dolore magna aliqua. Ut enim ad minim veniam, quis nostrud exercitation ullamco laboris nisi ut aliquip ex ea commodo consequat. Duis aute irure dolor in reprehenderit in voluptate velit esse cillum dolore eu fu', NULL, 0, 'Idea 68 that suggest that we definitely need a longer title for ideas', 29, 1, NULL),
(110, TIMESTAMP '2018-10-16 10:21:06.483', TIMESTAMP '2018-10-17 10:21:06.483', 'ujVEGh1S Lorem ipsum dolor sit amet, consectetur adipiscing elit, sed do eiusmod tempor incididunt ut labore et dolore magna aliqua. Ut enim ad minim veniam, quis nostrud exercitation ullamco laboris nisi ut aliquip ex ea commodo consequat. Duis aute irure dolor in reprehenderit in voluptate ve', NULL, 0, 'Idea 69 that suggest that we definitely need a longer title for ideas', 30, 10, NULL),
(111, TIMESTAMP '2018-10-15 10:21:06.486', TIMESTAMP '2018-10-16 10:21:06.486', 'D2eGAW7C Lorem ipsum dolor sit amet, consectetur adipiscing elit, sed do eiusmod tempor incididunt ut labore et dolore magna aliqua. Ut enim ad minim veniam, quis nostrud exercitation ullamco laboris nisi ut aliquip ex ea commodo consequat. Duis aute irure dolor in reprehenderit in voluptate velit esse cillum dolore eu fugiat nul', NULL, 0, 'Idea 70 that suggest that we definitely need a longer title for ideas', 21, 17, NULL),
(112, TIMESTAMP '2018-10-14 10:21:06.497', TIMESTAMP '2018-10-15 10:21:06.497', 'CWEwbGI9 Lorem ipsum dolor sit amet,', NULL, 0, 'Idea 71 that suggest that we definitely need a longer title for ideas', 22, 8, NULL),
(113, TIMESTAMP '2018-10-13 10:21:06.504', TIMESTAMP '2018-10-14 10:21:06.504', 'aujRM8PN Lorem ipsum dolor sit amet, consectetur adipiscing elit, sed do eiusmod tempor incididunt ut labore et dolore magna aliqua. Ut enim ad minim veniam, quis nostrud exercitation ullamco laboris nisi ut aliquip ex ea commodo consequat. Duis aute irure dolor in reprehender', NULL, 0, 'Idea 72 that suggest that we definitely need a longer title for ideas', 23, 16, NULL),
(114, TIMESTAMP '2018-10-12 10:21:06.508', TIMESTAMP '2018-10-13 10:21:06.508', 'CbNohR0H Lorem ipsum dolor sit amet, consectetur adipiscing elit, sed do eiusmod tempor incididunt ut labore et dolore magna aliqua. Ut enim ad minim veniam, qui', NULL, 0, 'Idea 73 that suggest that we definitely need a longer title for ideas', 24, 2, NULL),
(115, TIMESTAMP '2018-10-11 10:21:06.52', TIMESTAMP '2018-10-12 10:21:06.52', 'P9VymO32 Lorem ipsum dolor sit amet, consectetur adipiscing elit, sed do eiusmod tempor incididunt ut labore et dolore magna aliqua. Ut enim ad minim veniam, quis nostrud exercitation ullamco laboris nisi ut aliquip ex ea commodo consequat. Duis aute irure dolor in reprehenderit in voluptate ', NULL, 0, 'Idea 74 that suggest that we definitely need a longer title for ideas', 25, 5, NULL),
(116, TIMESTAMP '2018-10-10 10:21:06.532', TIMESTAMP '2018-10-11 10:21:06.532', '4XZKCpDv Lorem ipsum dolor sit amet, consectetur adipiscing elit, sed do eiusmod tempor incididunt ut labore et dolore magna aliqua. Ut enim ad minim veniam, quis nostrud exercitation ullamco laboris nisi ut aliquip ex ea commodo consequat. Duis aute irure dolor in reprehenderit in ', NULL, 0, 'Idea 75 that suggest that we definitely need a longer title for ideas', 26, 7, NULL),
(117, TIMESTAMP '2018-10-09 10:21:06.537', TIMESTAMP '2018-10-10 10:21:06.537', 'ErD98c4T Lorem ipsum dolor sit amet, consectetur adipiscing elit, sed do eiusmod tempor incididunt ut labore et dolore magna aliqua. Ut enim ad minim veniam, quis nostrud exercitation ullamco laboris nisi ut aliquip ex ea commodo consequat. Duis aute irure dolor in reprehenderit in voluptate velit esse cillum dolore eu fugiat ', NULL, 0, 'Idea 76 that suggest that we definitely need a longer title for ideas', 27, 12, NULL);
INSERT INTO PUBLIC.LAWS(ID, CREATED_AT, UPDATED_AT, DESCRIPTION, REACHED_QUORUM_AT, STATUS, TITLE, AREA_ID, CREATED_BY_ID, POLL_ID) VALUES
(118, TIMESTAMP '2018-10-08 10:21:06.544', TIMESTAMP '2018-10-09 10:21:06.544', 'MdRZB6oG Lorem ipsum dolor sit amet, consectetur adipiscin', NULL, 0, 'Idea 77 that suggest that we definitely need a longer title for ideas', 28, 9, NULL),
(119, TIMESTAMP '2018-10-07 10:21:06.55', TIMESTAMP '2018-10-08 10:21:06.551', 'E21nQ16b Lorem ipsum dolor sit amet, consectetur adipiscing elit, sed do eiusmod', NULL, 0, 'Idea 78 that suggest that we definitely need a longer title for ideas', 29, 8, NULL),
(120, TIMESTAMP '2018-10-06 10:21:06.563', TIMESTAMP '2018-10-07 10:21:06.563', 'nF0q5W7Y Lorem ipsum dolor sit ', NULL, 0, 'Idea 79 that suggest that we definitely need a longer title for ideas', 30, 5, NULL),
(121, TIMESTAMP '2018-10-05 10:21:06.58', TIMESTAMP '2018-10-06 10:21:06.58', 'tEOPcuss Lorem ipsum dolor sit amet, consec', NULL, 0, 'Idea 80 that suggest that we definitely need a longer title for ideas', 21, 20, NULL),
(122, TIMESTAMP '2018-10-04 10:21:06.62', TIMESTAMP '2018-10-05 10:21:06.62', 'tOpaRYnc Lorem ipsum dolo', NULL, 0, 'Idea 81 that suggest that we definitely need a longer title for ideas', 22, 5, NULL),
(123, TIMESTAMP '2018-10-03 10:21:06.629', TIMESTAMP '2018-10-04 10:21:06.629', 'b4rHUa5R L', NULL, 0, 'Idea 82 that suggest that we definitely need a longer title for ideas', 23, 17, NULL),
(124, TIMESTAMP '2018-10-02 10:21:06.651', TIMESTAMP '2018-10-03 10:21:06.652', 'U5bHZHPv Lorem ipsum dolor sit amet, consectetur adipiscing elit, sed do eiusmod tempor incididunt ut labore et dolore magna aliqua. Ut enim ad minim veniam, quis nostrud exercitation ullamco laboris nisi ut aliquip e', NULL, 0, 'Idea 83 that suggest that we definitely need a longer title for ideas', 24, 16, NULL),
(125, TIMESTAMP '2018-10-01 10:21:06.661', TIMESTAMP '2018-10-02 10:21:06.661', 'cnERTgSy Lorem ipsum dolor sit amet, consectetur adipiscing elit, sed do eiusmod tempor incididunt ut labore et dolore magna aliqua. Ut enim ad minim veniam, quis nostrud exercitation ullamco laboris nisi ut aliquip ex ea commodo conse', NULL, 0, 'Idea 84 that suggest that we definitely need a longer title for ideas', 25, 1, NULL),
(126, TIMESTAMP '2018-09-30 10:21:06.672', TIMESTAMP '2018-10-01 10:21:06.676', 'pKhyXhgX Lorem ipsum dolor sit amet, consectetur adipiscing elit, sed do eiusmod tempor incidid', NULL, 0, 'Idea 85 that suggest that we definitely need a longer title for ideas', 26, 12, NULL),
(127, TIMESTAMP '2018-09-29 10:21:06.715', TIMESTAMP '2018-09-30 10:21:06.715', 'pMi8c5sT Lorem ipsum dolor sit amet, consectetur adipiscing elit, sed do eiusmod tempor incididunt ut labore et dolore magna aliqua. Ut enim ad minim veniam, quis nostrud exercitation ullamco laboris nisi ut aliquip ex ea commodo consequat. Duis aute irure dolor ', NULL, 0, 'Idea 86 that suggest that we definitely need a longer title for ideas', 27, 6, NULL),
(128, TIMESTAMP '2018-09-28 10:21:06.723', TIMESTAMP '2018-09-29 10:21:06.723', '4o5md8jH Lorem ipsum dolor sit amet, consectetur adipiscing elit, sed do eiusmod tempor incididunt ut labore et dolore magna aliqua. Ut enim ad minim veniam, quis nostrud exercitation ullamco laboris nisi ut aliquip ex ea commodo consequat. Duis aute irure dolor in reprehenderit in voluptate velit esse cillum dolore eu fugiat nulla pariatur. Excepteur sint occaecat cu', NULL, 0, 'Idea 87 that suggest that we definitely need a longer title for ideas', 28, 11, NULL),
(129, TIMESTAMP '2018-09-27 10:21:06.732', TIMESTAMP '2018-09-28 10:21:06.732', 'QYAzQcSg Lorem ipsum dolor sit amet, consectetur adipiscing elit, ', NULL, 0, 'Idea 88 that suggest that we definitely need a longer title for ideas', 29, 11, NULL),
(130, TIMESTAMP '2018-09-26 10:21:06.746', TIMESTAMP '2018-09-27 10:21:06.747', 'FLiIVV2F Lorem ipsum dolor sit amet, consectetur adipiscing elit, sed do eiusmod tempor incididunt ut labore et dolore magna aliqua. Ut enim ad minim veniam,', NULL, 0, 'Idea 89 that suggest that we definitely need a longer title for ideas', 30, 15, NULL);
INSERT INTO PUBLIC.LAWS(ID, CREATED_AT, UPDATED_AT, DESCRIPTION, REACHED_QUORUM_AT, STATUS, TITLE, AREA_ID, CREATED_BY_ID, POLL_ID) VALUES
(131, TIMESTAMP '2018-09-25 10:21:06.764', TIMESTAMP '2018-09-26 10:21:06.764', 'Su3lLDTj Lorem ipsum dolor sit amet, consectetur adipiscing elit, sed do eiusmod tempor incididunt ut labore et dolore magna aliqua. Ut enim ad minim veniam, quis nostrud exercitation ullamco laboris nisi ut aliquip ex ea commodo consequat. Duis aute irure dolor in reprehenderit in voluptate velit esse cillum dolore eu fugiat nulla paria', NULL, 0, 'Idea 90 that suggest that we definitely need a longer title for ideas', 21, 13, NULL),
(132, TIMESTAMP '2018-09-24 10:21:06.771', TIMESTAMP '2018-09-25 10:21:06.771', 'dbWrqSFS Lorem ipsum dolor sit amet, consectetur adipiscing elit, sed do eiusmod tempor incididunt ut labore et dolore magna aliqua. Ut enim ad minim veniam, quis ', NULL, 0, 'Idea 91 that suggest that we definitely need a longer title for ideas', 22, 13, NULL),
(133, TIMESTAMP '2018-09-23 10:21:06.781', TIMESTAMP '2018-09-24 10:21:06.781', 'GFGQFL15 Lorem ipsum dolor sit amet, consectetur adipiscing elit, sed do eiusmod tempor incididunt ut labore et dolore magna aliqua. Ut enim ad minim veniam, quis nostrud exercitat', NULL, 0, 'Idea 92 that suggest that we definitely need a longer title for ideas', 23, 13, NULL),
(134, TIMESTAMP '2018-09-22 10:21:06.798', TIMESTAMP '2018-09-23 10:21:06.798', 'pNExtQQq Lorem ipsum dolor', NULL, 0, 'Idea 93 that suggest that we definitely need a longer title for ideas', 24, 1, NULL),
(135, TIMESTAMP '2018-09-21 10:21:06.807', TIMESTAMP '2018-09-22 10:21:06.807', 'T7qU7HCn Lorem ipsum dolor sit amet, consectetur adipiscing elit, sed do eiusmod tempor incididunt ut labore et dolore magna aliqua. Ut enim ad minim veniam, quis nostrud exercitation ullamco laboris nisi ut aliquip ex ea commodo consequat. Duis aute irure dolor in reprehenderit in voluptate velit esse cillum dolore eu fugi', NULL, 0, 'Idea 94 that suggest that we definitely need a longer title for ideas', 25, 15, NULL),
(136, TIMESTAMP '2018-09-20 10:21:06.815', TIMESTAMP '2018-09-21 10:21:06.815', 'gb8U9hPQ Lorem ipsum dolor sit amet, consectetur adipiscing elit, sed do eiusmod tempor incididunt ut labore et dolore magna aliqua. Ut enim ad minim veniam, quis nostrud exercitation ullamc', NULL, 0, 'Idea 95 that suggest that we definitely need a longer title for ideas', 26, 11, NULL),
(137, TIMESTAMP '2018-09-19 10:21:06.824', TIMESTAMP '2018-09-20 10:21:06.824', 'Vps9vEZ3 Lorem ipsum dolor sit amet, consectetur adipiscing elit, sed do eiusmod tempor incididunt ut labore et dolore magna aliqua. Ut enim ad mi', NULL, 0, 'Idea 96 that suggest that we definitely need a longer title for ideas', 27, 17, NULL),
(138, TIMESTAMP '2018-09-18 10:21:06.828', TIMESTAMP '2018-09-19 10:21:06.828', 'ICBQTVr9 Lorem ipsum dolor sit amet, co', NULL, 0, 'Idea 97 that suggest that we definitely need a longer title for ideas', 28, 12, NULL),
(139, TIMESTAMP '2018-09-17 10:21:06.835', TIMESTAMP '2018-09-18 10:21:06.835', 'HOYqBXj3 Lorem ipsum dolor sit amet, consectetur adipiscing elit, sed do eiusmod tempor incididunt ut labore et dolore magna aliqua. Ut enim ad minim veniam', NULL, 0, 'Idea 98 that suggest that we definitely need a longer title for ideas', 29, 17, NULL),
(140, TIMESTAMP '2018-09-16 10:21:06.843', TIMESTAMP '2018-09-17 10:21:06.843', 'capJDZxN Lorem ipsum dolor sit amet, consectetur adipiscing elit, sed do eiusmod tempor incididunt ut labore et dolore magna aliqua. Ut enim ad minim veniam, quis nostrud exercitation ullamco laboris nisi ut aliquip ex ea commodo consequat. Duis aute irure dolo', NULL, 0, 'Idea 99 that suggest that we definitely need a longer title for ideas', 30, 19, NULL),
(141, TIMESTAMP '2018-09-15 10:21:06.853', TIMESTAMP '2018-09-16 10:21:06.853', 'QoNyXFm1 Lorem ipsum dolor sit amet, consectetur adipiscing elit, sed do eiusmo', NULL, 0, 'Idea 100 that suggest that we definitely need a longer title for ideas', 21, 3, NULL),
(142, TIMESTAMP '2018-09-14 10:21:06.862', TIMESTAMP '2018-09-15 10:21:06.863', '3E6KvPLr Lorem ipsum dolor sit amet, consectetur adipiscing elit, sed do eiusmod tempor incididunt ut labore et dolore magna aliqua. Ut enim ad minim veniam, quis nostrud exercitation ullamco laboris nisi ut aliquip ex ea commodo consequat. Duis aute irure dolor in reprehenderit in', NULL, 0, 'Idea 101 that suggest that we definitely need a longer title for ideas', 22, 12, NULL);
INSERT INTO PUBLIC.LAWS(ID, CREATED_AT, UPDATED_AT, DESCRIPTION, REACHED_QUORUM_AT, STATUS, TITLE, AREA_ID, CREATED_BY_ID, POLL_ID) VALUES
(143, TIMESTAMP '2018-09-13 10:21:06.869', TIMESTAMP '2018-09-14 10:21:06.869', '2RWfz2dk Lorem ipsum dolor sit amet, consectetur adipiscing elit, sed do eiusmod tempor incididunt ut labore et dolore magna aliqua. Ut enim ad minim veniam, quis nostrud exercitation ullamco laboris nisi ut aliquip ex ea commodo consequat. Duis aute irure dolor in reprehenderit in vol', NULL, 0, 'Idea 102 that suggest that we definitely need a longer title for ideas', 23, 10, NULL),
(144, TIMESTAMP '2018-09-12 10:21:06.879', TIMESTAMP '2018-09-13 10:21:06.879', 'eYx3rWd8 Lorem ipsum dolor sit amet, consectetur adipiscing elit, sed do eiusm', NULL, 0, 'Idea 103 that suggest that we definitely need a longer title for ideas', 24, 4, NULL),
(145, TIMESTAMP '2018-09-11 10:21:06.886', TIMESTAMP '2018-09-12 10:21:06.886', 'ebGP8Dto Lorem ipsum dolor sit amet, consectetur adipiscing elit, sed do eiusmod tempor incididunt ut labore et dolore magna aliqua. Ut enim ad minim veniam, quis nostrud exercitation ullamco laboris nisi ut aliquip ex ea commodo consequat. Duis aute irure dolor in reprehenderit in voluptate velit esse cillum dolore eu fugiat nulla pariatur. Excepteur sint occaecat cupidat', NULL, 0, 'Idea 104 that suggest that we definitely need a longer title for ideas', 25, 14, NULL),
(146, TIMESTAMP '2018-09-10 10:21:06.898', TIMESTAMP '2018-09-11 10:21:06.899', 'JQjRUV5n Lorem ipsum dolor sit amet, consectetur adipiscing elit, sed do ei', NULL, 0, 'Idea 105 that suggest that we definitely need a longer title for ideas', 26, 6, NULL),
(147, TIMESTAMP '2018-09-09 10:21:06.905', TIMESTAMP '2018-09-10 10:21:06.905', 'l21oI9A2 Lorem ipsum dolor sit amet, consectetur adipiscing elit, sed do eiusmod tempor incididunt ut labore et dolo', NULL, 0, 'Idea 106 that suggest that we definitely need a longer title for ideas', 27, 4, NULL),
(148, TIMESTAMP '2018-09-08 10:21:06.908', TIMESTAMP '2018-09-09 10:21:06.908', 'Rko3kBdK Lorem ipsum dolor sit amet, consectetur adipiscing elit, sed do eiusmod tempor incididunt ut labore et dolore magna aliqua. Ut enim ad minim ve', NULL, 0, 'Idea 107 that suggest that we definitely need a longer title for ideas', 28, 8, NULL),
(149, TIMESTAMP '2018-09-07 10:21:06.912', TIMESTAMP '2018-09-08 10:21:06.913', '8zPFCMJe Lorem ipsum dolor sit amet, consectetur adipiscing elit, sed do eiusmod tempor incididunt ut labore et dolore magna aliqua. Ut enim ad minim veniam, quis nostrud exercitation ullamco laboris nisi ut aliquip ex ea commodo consequat. Duis aute irure dolor in reprehenderit in voluptate velit esse cillum d', NULL, 0, 'Idea 108 that suggest that we definitely need a longer title for ideas', 29, 10, NULL),
(150, TIMESTAMP '2018-09-06 10:21:06.92', TIMESTAMP '2018-09-07 10:21:06.92', 'cYkhWe8U Lorem ipsum dolor sit amet, consectetur adipiscing elit, sed do eiusmod tempor incididunt ut labore et dolore magna aliqua. Ut enim ad minim veniam, quis nostrud exercitation ullamco laboris nisi ut aliquip', NULL, 0, 'Idea 109 that suggest that we definitely need a longer title for ideas', 30, 14, NULL),
(151, TIMESTAMP '2018-09-05 10:21:06.928', TIMESTAMP '2018-09-06 10:21:06.929', 'tiT2jP9Y Lorem ipsum dolor', NULL, 0, 'Idea 110 that suggest that we definitely need a longer title for ideas', 21, 9, NULL),
(152, TIMESTAMP '2018-12-24 10:21:06.942', TIMESTAMP '2018-12-25 10:21:06.942', 'UMinOxhb Lorem ipsum dolor sit amet, consectetur adipiscing elit, sed do eiusmod tempor incididunt ut labore et dolore magna aliqua. Ut enim ad minim veniam, quis nostrud exercitation ullamco laboris nisi ut aliquip ex ea commodo consequat. Duis aute irure dolor ', TIMESTAMP '2018-12-25 10:21:06.94', 1, 'Proposal 0 that reached its quorum', 28, 5, NULL),
(153, TIMESTAMP '2018-12-17 10:21:06.958', TIMESTAMP '2018-12-18 10:21:06.958', 'yRSWW4Yq Lorem ipsum dolor sit amet, consectetur adipiscing elit, sed do eiusmod tempor incididunt ut labore et d', TIMESTAMP '2018-12-25 10:21:06.954', 1, 'Proposal 1 that reached its quorum', 30, 19, NULL);
INSERT INTO PUBLIC.LAWS(ID, CREATED_AT, UPDATED_AT, DESCRIPTION, REACHED_QUORUM_AT, STATUS, TITLE, AREA_ID, CREATED_BY_ID, POLL_ID) VALUES
(154, TIMESTAMP '2018-12-25 10:21:06.97', TIMESTAMP '2018-12-25 10:21:06.97', 'yEywKH0k Lorem ipsum dolor sit amet, consectetur adipiscing elit, sed do eiusmod tempor incididunt ut labore et dolore', TIMESTAMP '2018-12-25 10:21:06.968', 1, 'Proposal 2 that reached its quorum', 26, 4, NULL),
(155, TIMESTAMP '2018-12-21 10:21:06.99', TIMESTAMP '2018-12-22 10:21:06.99', 'ISgkA9jI Lorem ipsum dolor sit amet, consectetur adipiscing elit, sed do eiusmod tempor incididunt ut labore et dolore magna aliqua. Ut enim ad minim veniam, quis nostrud exercitation ullamco laboris nisi ut aliquip ex ea commodo consequat. Duis aute irur', TIMESTAMP '2018-12-25 10:21:06.988', 1, 'Proposal 3 that reached its quorum', 28, 5, NULL),
(156, TIMESTAMP '2018-12-16 10:21:07.002', TIMESTAMP '2018-12-17 10:21:07.002', 'D1d3QBij Lorem ipsum dolor sit amet, consectetur adipiscing elit, sed do eiusmod tempor incididunt ut labore et dolore magna aliqua. Ut enim ad minim veniam, quis nostrud exercitation ullamco laboris nisi ut aliquip ', TIMESTAMP '2018-12-25 10:21:07', 1, 'Proposal 4 that reached its quorum', 23, 13, NULL),
(157, TIMESTAMP '2018-12-24 10:21:07.014', TIMESTAMP '2018-12-25 10:21:07.014', 'PYXkHuCG Lorem ipsum dolor sit amet, consectetur adipiscing elit, sed do eiusmod tempor incididunt ut labore et dolore magna aliqua. Ut enim ad minim veniam, quis nostrud ', TIMESTAMP '2018-12-25 10:21:07.013', 1, 'Proposal 5 that reached its quorum', 29, 5, NULL),
(158, TIMESTAMP '2018-12-25 10:21:07.026', TIMESTAMP '2018-12-25 10:21:07.026', 'AEqWin7l Lorem ipsum dolor sit amet, consectetur adipiscing elit, sed do eiusmod tempor incididunt ut labore et dolore magna aliqua. Ut enim ad minim veniam, quis nostrud exercitation ullamco laboris nisi ut aliquip ex ea commodo c', TIMESTAMP '2018-12-25 10:21:07.025', 1, 'Proposal 6 that reached its quorum', 24, 15, NULL),
(159, TIMESTAMP '2018-12-21 10:21:07.039', TIMESTAMP '2018-12-22 10:21:07.039', 'BQv4iaCi Lorem ipsum dolor s', TIMESTAMP '2018-12-25 10:21:07.037', 1, 'Proposal 7 that reached its quorum', 22, 11, NULL),
(160, TIMESTAMP '2018-12-17 10:21:07.051', TIMESTAMP '2018-12-18 10:21:07.051', 'Z9OPwsMg Lorem ipsum dolor sit amet, consectetur adipiscing elit, sed do eiusmod tempor incididunt ut labore et dolore magna aliqua. Ut enim ad minim veniam, quis nostrud exercitation ullamco laboris nisi ut aliquip ex ea commodo ', TIMESTAMP '2018-12-25 10:21:07.049', 1, 'Proposal 8 that reached its quorum', 26, 16, NULL),
(161, TIMESTAMP '2018-12-21 10:21:07.063', TIMESTAMP '2018-12-22 10:21:07.063', '0CJBlPjE Lorem ipsum dolor sit amet, consectetur adipiscing elit, sed do eiusmod tempor incididunt ut labore et dolore magna aliqua. Ut enim ad minim veniam, quis nostrud exercitation ullamco laboris nisi ut aliquip ex ea commodo consequat. Duis aute irure dolor in reprehenderit in voluptate velit esse cillum dolore eu fug', TIMESTAMP '2018-12-25 10:21:07.061', 1, 'Proposal 9 that reached its quorum', 27, 3, NULL),
(162, TIMESTAMP '2018-12-23 10:21:07.083', TIMESTAMP '2018-12-24 10:21:07.084', 'nwK7gkf6 Lorem ipsum dolor sit amet, consectetur adipiscing elit, sed do eiusmod tempor incididunt ut labore et dolore magna aliqua. Ut enim ad minim veniam, quis nostrud exercitation ullamco laboris nisi ut aliquip ex ea commodo consequat. Duis aute irure dolor in reprehenderit in voluptate velit esse cill', TIMESTAMP '2018-12-25 10:21:07.082', 1, 'Proposal 10 that reached its quorum', 27, 16, NULL),
(163, TIMESTAMP '2018-12-21 10:21:07.098', TIMESTAMP '2018-12-22 10:21:07.098', 'DKwZ0O6J Lorem ipsum dolor sit amet, consectetur adipiscing elit, sed do eiusmod tempor incididunt ut labore et dolore magna aliqua. Ut enim ad minim veniam, quis nostrud exercitation ullamco laboris nisi ut aliquip ex ea commodo consequat. Duis aute irure dolor in reprehenderit in voluptate velit esse cillum dolore eu fugiat null', TIMESTAMP '2018-12-25 10:21:07.096', 1, 'Proposal 11 that reached its quorum', 23, 20, NULL);
INSERT INTO PUBLIC.LAWS(ID, CREATED_AT, UPDATED_AT, DESCRIPTION, REACHED_QUORUM_AT, STATUS, TITLE, AREA_ID, CREATED_BY_ID, POLL_ID) VALUES
(164, TIMESTAMP '2018-12-25 10:21:07.111', TIMESTAMP '2018-12-25 10:21:07.111', 'cWhmT0sf Lorem ipsum dolor sit amet, consectetur adipiscing elit, sed do eiusmod tempor incididunt ut labore et dolore magna aliqua. Ut enim ad minim veniam, quis nostrud exercitation ullamco laboris nisi ut aliquip ex ea commodo consequat. Duis aute irure dolor in reprehenderit in voluptate velit esse cillum dolore eu fugiat nulla pariatur. Excepteur sint occaecat cupidat', TIMESTAMP '2018-12-25 10:21:07.109', 1, 'Proposal 12 that reached its quorum', 29, 13, NULL),
(165, TIMESTAMP '2018-12-23 10:21:07.128', TIMESTAMP '2018-12-24 10:21:07.128', 's5tq2Rhq Lorem ipsum dolor sit amet, consectetur adipiscing elit, sed do eiusmod tempor incididunt ut labore et dolore magna aliqua. Ut enim ad minim veniam, quis nostrud exercitation ullamco laboris nisi ut aliquip ex ', TIMESTAMP '2018-12-25 10:21:07.126', 1, 'Proposal 13 that reached its quorum', 25, 1, NULL),
(166, TIMESTAMP '2018-12-17 10:21:07.142', TIMESTAMP '2018-12-18 10:21:07.144', 'Qv5vD6j0 Lorem ipsum dolor sit amet, consectetur adipiscing elit, sed do eiusmod tempor incididunt ut labore et dolore magna aliqua. Ut enim ad minim veniam, quis nostrud exercitation ullamco laboris nisi ut aliquip ex ea commodo consequat. Duis aute irure dolor in reprehenderit in voluptate velit esse cillum dolore eu fugiat nulla pariatur. Excepteur s', TIMESTAMP '2018-12-25 10:21:07.14', 1, 'Proposal 14 that reached its quorum', 24, 15, NULL),
(167, TIMESTAMP '2018-12-24 10:21:07.161', TIMESTAMP '2018-12-25 10:21:07.162', 'Rd5GFvqV Lorem ipsum dolor sit amet, consectetur adipiscing elit, sed do eiusmod tempor incididunt ut labore et dolore magna aliqua. Ut enim ad minim veniam, quis nostrud exercitation ullamc', TIMESTAMP '2018-12-25 10:21:07.158', 1, 'Proposal 15 that reached its quorum', 29, 15, NULL),
(168, TIMESTAMP '2018-12-19 10:21:07.18', TIMESTAMP '2018-12-20 10:21:07.18', 'Z6GMhWzC Lorem ipsum dolor sit amet, consectetur adipiscing elit, sed do eiusmod tempor incididunt ut labore et dolore magna aliqua. Ut enim ad minim veniam, quis nostrud exercitation ullamco laboris nisi ut aliquip ex ea commodo consequat. Duis aute irure do', TIMESTAMP '2018-12-25 10:21:07.178', 1, 'Proposal 16 that reached its quorum', 27, 18, NULL),
(169, TIMESTAMP '2018-12-19 10:21:07.199', TIMESTAMP '2018-12-20 10:21:07.2', 'NsLAdKMK Lorem ipsum dolor sit', TIMESTAMP '2018-12-25 10:21:07.197', 1, 'Proposal 17 that reached its quorum', 21, 5, NULL),
(170, TIMESTAMP '2018-12-24 10:21:07.215', TIMESTAMP '2018-12-25 10:21:07.215', 'eZ4RjtmX Lorem ipsum dolor sit amet, consectetur adipiscing elit, sed do eiusmod tempor incididunt ut labore et dolore magna aliqua. Ut enim ad minim veniam, quis nostrud exercitation ullamco laboris nisi ut aliquip ex e', TIMESTAMP '2018-12-25 10:21:07.212', 1, 'Proposal 18 that reached its quorum', 21, 18, NULL),
(171, TIMESTAMP '2018-12-22 10:21:07.23', TIMESTAMP '2018-12-23 10:21:07.23', 'bJJUY16c Lorem ipsum dolor sit amet, consectetur adipiscing elit, sed do eiusmod tempor incididunt ut labore et dolore magna aliqua. Ut enim ad minim veniam, quis nostrud exercitation ullamco laboris nisi ut aliquip ex ea commodo consequat. Duis aute irure dolor in reprehenderit in voluptate velit esse cillum dolore eu fugiat nulla pariatur. Excepteur sint occaecat', TIMESTAMP '2018-12-25 10:21:07.228', 1, 'Proposal 19 that reached its quorum', 30, 18, NULL),
(172, TIMESTAMP '2018-12-21 10:21:07.258', TIMESTAMP '2018-12-22 10:21:07.258', 'cHE9zc8y Lorem ipsum dolor sit amet, consectetur adipiscing elit, sed do eiusmod tempor incididunt ut labore et dolore magna aliqua. Ut enim ad minim veniam, ', TIMESTAMP '2018-12-25 10:21:07.256', 1, 'Proposal 20 that reached its quorum', 24, 10, NULL),
(173, TIMESTAMP '2018-12-19 10:21:07.269', TIMESTAMP '2018-12-20 10:21:07.269', 'SgJXwEVO Lorem ipsum dolor sit amet, consectetur adipiscing elit, sed do eiusmod tempor incididunt ut labore et dolore magna aliqua. Ut enim ad minim veniam, quis nostrud exercitation ullamco laboris nisi ut aliquip ex ea commodo consequat. Duis aute irure dolor in reprehenderit in voluptate velit esse cillum dolore eu fugiat nulla', TIMESTAMP '2018-12-25 10:21:07.268', 1, 'Proposal 21 that reached its quorum', 27, 11, NULL);
INSERT INTO PUBLIC.LAWS(ID, CREATED_AT, UPDATED_AT, DESCRIPTION, REACHED_QUORUM_AT, STATUS, TITLE, AREA_ID, CREATED_BY_ID, POLL_ID) VALUES
(174, TIMESTAMP '2018-12-16 10:21:07.281', TIMESTAMP '2018-12-17 10:21:07.281', 'xgLI2k90 Lorem ipsum dolor sit amet, consectetur adipiscing elit, sed do eiusmod tempor incididunt ut labore et dolore magna aliqua. Ut enim ad minim veniam, quis nostrud exercitat', TIMESTAMP '2018-12-25 10:21:07.279', 1, 'Proposal 22 that reached its quorum', 27, 3, NULL),
(175, TIMESTAMP '2018-12-16 10:21:07.291', TIMESTAMP '2018-12-17 10:21:07.291', 'BaFyi8Jb Lorem ipsum dolor sit amet, consectetur adipiscing elit, sed do eiusmod tempor incididunt ut labore et dolore magna aliqua. Ut enim ad minim veniam, quis nostrud exercitation ullamco laboris nisi ut aliquip ex ea commodo consequat. Duis aute irure dolor in reprehenderit in vol', TIMESTAMP '2018-12-25 10:21:07.29', 1, 'Proposal 23 that reached its quorum', 26, 10, NULL),
(176, TIMESTAMP '2018-12-20 10:21:07.33', TIMESTAMP '2018-12-21 10:21:07.33', 'QaWTdidw Lorem ipsum dolor sit amet, consectetur adipiscing elit, sed do eiusmod', TIMESTAMP '2018-12-25 10:21:07.322', 1, 'Proposal 24 that reached its quorum', 22, 1, NULL),
(177, TIMESTAMP '2018-12-17 10:21:07.34', TIMESTAMP '2018-12-18 10:21:07.34', 'zEeWSmLg Lorem ipsum dolor sit amet, consectetur adipiscing elit, sed do eiusmod tempor incididunt ut labore et dolore magna aliqua. Ut enim ad minim veniam, quis nostrud exercitation ullamco laboris nisi ut aliquip ex ea commodo consequat. Duis aute irure dolor in reprehenderit in voluptate velit esse cillum dolore eu fugiat nulla pariatur. Excepteur sint occaecat cupidatat non proident, sunt in culp', TIMESTAMP '2018-12-25 10:21:07.339', 1, 'Proposal 25 that reached its quorum', 29, 3, NULL),
(178, TIMESTAMP '2018-12-17 10:21:07.376', TIMESTAMP '2018-12-18 10:21:07.376', 'lcXmmJ9c Lorem ipsum dolor sit amet, consectetur adipiscing elit, sed do eiusmod tempor incididunt ut labore et dolore magna aliqua. Ut enim ad minim veniam, quis nostrud exercitation ullamco laboris nisi ut aliquip ex ea comm', TIMESTAMP '2018-12-25 10:21:07.368', 1, 'Proposal 26 that reached its quorum', 23, 10, NULL),
(179, TIMESTAMP '2018-12-24 10:21:07.405', TIMESTAMP '2018-12-25 10:21:07.405', '308arLFn Lorem ipsum dolor sit amet, consectetur adipiscing elit, sed do eiusmod tempor incididunt ut labore et dolore magna aliqua. Ut enim ad minim veniam, quis nostrud exercitation ullamco laboris nisi ut aliquip ex ea commodo consequat. Duis aute', TIMESTAMP '2018-12-25 10:21:07.401', 1, 'Proposal 27 that reached its quorum', 27, 17, NULL),
(180, TIMESTAMP '2018-12-24 10:21:07.438', TIMESTAMP '2018-12-25 10:21:07.438', 'KaEinzFw Lorem ipsum dolor sit amet, consectetur adipiscing elit, sed do eiusmod tempor incididunt ut labore et dolore magna ali', TIMESTAMP '2018-12-25 10:21:07.433', 1, 'Proposal 28 that reached its quorum', 29, 12, NULL),
(181, TIMESTAMP '2018-12-17 10:21:07.454', TIMESTAMP '2018-12-18 10:21:07.454', 'H0b96v0U Lorem ipsum dolor sit amet, consectetur adi', TIMESTAMP '2018-12-25 10:21:07.451', 1, 'Proposal 29 that reached its quorum', 29, 7, NULL),
(182, TIMESTAMP '2018-12-21 10:21:07.467', TIMESTAMP '2018-12-22 10:21:07.467', 'D6EfMTD2 Lorem ipsum dolor sit amet, consectetur adipiscing elit, sed do eiusmod tempor incididunt ut labore et dolore magna aliqua. Ut enim ad minim veniam, quis nostrud exercitation ullamco laboris nisi ut aliquip ex ea commodo consequat. Duis aute i', TIMESTAMP '2018-12-25 10:21:07.466', 1, 'Proposal 30 that reached its quorum', 21, 15, NULL),
(183, TIMESTAMP '2018-12-19 10:21:07.482', TIMESTAMP '2018-12-20 10:21:07.482', 'FUkdzeg8 Lorem ipsum dolor sit amet, consectetur adipiscing elit, sed do eiusmod tempor incididunt ut labore et dolore magna aliqua. Ut enim ad minim veniam, quis nostrud exercitation ullamco laboris nisi ut aliquip ex ea commodo consequat. Duis aute irure dolor in reprehenderit in voluptate velit esse c', TIMESTAMP '2018-12-25 10:21:07.478', 1, 'Proposal 31 that reached its quorum', 21, 7, NULL),
(184, TIMESTAMP '2018-12-21 10:21:07.496', TIMESTAMP '2018-12-22 10:21:07.496', 'HJO3PCil Lorem ipsum dolor sit amet, consectetur adipiscing elit, sed do eiusmod tempor incididunt ut labore et dol', TIMESTAMP '2018-12-25 10:21:07.494', 1, 'Proposal 32 that reached its quorum', 26, 8, NULL);
INSERT INTO PUBLIC.LAWS(ID, CREATED_AT, UPDATED_AT, DESCRIPTION, REACHED_QUORUM_AT, STATUS, TITLE, AREA_ID, CREATED_BY_ID, POLL_ID) VALUES
(185, TIMESTAMP '2018-12-25 10:21:07.51', TIMESTAMP '2018-12-25 10:21:07.512', 'jN7IHFbD Lorem ipsum dolor sit amet, consectetur adipiscing elit, sed do eiusmod tempor incididunt ut labore et dolore magna aliqua. Ut enim ad minim veniam, quis nostrud exercitation ullamco laboris nisi ut aliquip ex ea commodo consequat. Duis aute irure dolor in reprehenderit in voluptate velit esse cillum dolore eu fugiat nu', TIMESTAMP '2018-12-25 10:21:07.508', 1, 'Proposal 33 that reached its quorum', 25, 16, NULL),
(186, TIMESTAMP '2018-12-23 10:21:07.526', TIMESTAMP '2018-12-24 10:21:07.526', 'uJyOPhrs Lorem ipsum dolor sit amet, consectetur adipiscing elit, sed do eiusmod tempor incididunt ut labore et dolore magna aliqua. Ut enim ad minim veni', TIMESTAMP '2018-12-25 10:21:07.52', 1, 'Proposal 34 that reached its quorum', 25, 4, NULL),
(187, TIMESTAMP '2018-12-18 10:21:07.537', TIMESTAMP '2018-12-19 10:21:07.537', '2NQdWweQ Lorem ipsum dolor sit amet, consectetur adipiscing elit, sed do eiusmod t', TIMESTAMP '2018-12-25 10:21:07.535', 1, 'Proposal 35 that reached its quorum', 21, 3, NULL),
(188, TIMESTAMP '2018-12-23 10:21:07.547', TIMESTAMP '2018-12-24 10:21:07.547', 'KwTOTPRq Lorem ipsum dolor sit amet, consectetur adipiscing elit, sed do eiusmod tempor incididunt ut labore et dolore magna aliqua. Ut enim ad minim veniam, quis nostrud exercitation ullamco laboris nisi ut a', TIMESTAMP '2018-12-25 10:21:07.545', 1, 'Proposal 36 that reached its quorum', 27, 2, NULL),
(189, TIMESTAMP '2018-12-21 10:21:07.555', TIMESTAMP '2018-12-22 10:21:07.556', 'wEzkrQ8L Lorem ipsum dolor sit amet, consectetur adipiscing elit, sed do eiusmod tempor incididunt ut labore et dolore magna aliqua. Ut enim ad minim veniam, quis nostrud exercitation ullamco laboris nisi ut aliquip ex ea commodo', TIMESTAMP '2018-12-25 10:21:07.554', 1, 'Proposal 37 that reached its quorum', 22, 1, NULL),
(190, TIMESTAMP '2018-12-16 10:21:07.564', TIMESTAMP '2018-12-17 10:21:07.564', 'l8dhjEew Lorem ipsum dolor sit amet, consectetur adipiscing elit, sed do eiusmod tempor incididunt ut labore et dolore magna aliqua. Ut enim ad minim veniam, quis nostrud exercitation ullamco laboris nisi ut aliquip ex ea com', TIMESTAMP '2018-12-25 10:21:07.563', 1, 'Proposal 38 that reached its quorum', 27, 4, NULL),
(191, TIMESTAMP '2018-12-16 10:21:07.574', TIMESTAMP '2018-12-17 10:21:07.574', 'mopS9Rje Lorem ipsum dolor sit amet, consectetur adipiscing elit, sed do eiusmod tempor incididunt ut labore et dolore magna aliqua. Ut enim ad minim veniam, quis nostrud exercitation ullamco laboris nisi ut aliquip ex ea commodo consequat. Duis aute irure dolor in reprehenderit in voluptate velit esse cillum dolore eu fugiat nulla pariatur. Excepteur sint occaecat cupidatat non proident, sun', TIMESTAMP '2018-12-25 10:21:07.572', 1, 'Proposal 39 that reached its quorum', 21, 8, NULL),
(192, TIMESTAMP '2018-12-24 10:21:07.594', TIMESTAMP '2018-12-25 10:21:07.594', 'uvJhZ6b1 Lorem ipsum dolor sit amet, consectetur adipiscing elit, sed do eiusmod tempor incididunt ut labore et dolore magna aliqua. Ut enim ad minim veniam, quis nostrud exercitation ullamco laboris nisi ut aliquip ex ea commodo consequat. Duis aute irure dolor in reprehenderit in volu', TIMESTAMP '2018-12-25 10:21:07.591', 1, 'Proposal 40 that reached its quorum', 23, 8, NULL),
(193, TIMESTAMP '2018-12-24 10:21:07.61', TIMESTAMP '2018-12-25 10:21:07.61', 'xm5Ax5hu Lorem ipsum dolor sit amet, consectetur adipiscing elit, sed do eiusmod tempor incididunt ut labore et dolore magna aliqua. Ut enim ad minim veniam, quis nostrud exercitation ullamco laboris nisi ut aliquip ex ea commodo consequat. Duis aute irure dolor in reprehenderit in voluptate velit esse cillum dolore eu fu', TIMESTAMP '2018-12-25 10:21:07.607', 1, 'Proposal 41 that reached its quorum', 21, 15, NULL),
(194, TIMESTAMP '2018-12-16 10:21:07.631', TIMESTAMP '2018-12-17 10:21:07.631', 'Ybzai8tm Lorem ipsum dolor sit amet, consectetur adipiscing elit, sed do eiusmod tempor incididunt ut labore et dolore ma', TIMESTAMP '2018-12-25 10:21:07.629', 1, 'Proposal 42 that reached its quorum', 22, 16, NULL);
INSERT INTO PUBLIC.LAWS(ID, CREATED_AT, UPDATED_AT, DESCRIPTION, REACHED_QUORUM_AT, STATUS, TITLE, AREA_ID, CREATED_BY_ID, POLL_ID) VALUES
(195, TIMESTAMP '2018-12-16 10:21:07.742', TIMESTAMP '2018-12-17 10:21:07.742', '8vwGVr1e Lorem ipsum dolor sit amet, consectetur adipiscing elit, sed do eiusmod tempor incididunt ut labore et dolore magna aliqua. Ut enim ad minim veniam, quis nostrud exercitation ullamco laboris nisi ut aliquip ex ea commodo consequat. Duis aute irure dolor in reprehenderit in', TIMESTAMP '2018-12-25 10:21:07.741', 1, 'Proposal 43 that reached its quorum', 25, 3, NULL),
(196, TIMESTAMP '2018-12-17 10:21:07.752', TIMESTAMP '2018-12-18 10:21:07.752', 'wMv3h269 Lorem ipsum dolor sit amet, consectetur adipiscing elit, sed do eiusmod tempor incididunt ut labore et dolore magna aliqua. Ut enim ad minim', TIMESTAMP '2018-12-25 10:21:07.751', 1, 'Proposal 44 that reached its quorum', 21, 9, NULL),
(197, TIMESTAMP '2018-12-21 10:21:07.849', TIMESTAMP '2018-12-22 10:21:07.849', 'z8cSiwon Lorem ipsum dolor sit amet, consectetur adipiscing elit, sed do eiusmod tempor incididunt ut labore et dolo', TIMESTAMP '2018-12-25 10:21:07.848', 1, 'Proposal 45 that reached its quorum', 26, 6, NULL),
(198, TIMESTAMP '2018-12-21 10:21:07.954', TIMESTAMP '2018-12-22 10:21:07.96', 'i8hiOHX4 Lorem ipsum dolor sit amet, consectetur adipi', TIMESTAMP '2018-12-25 10:21:07.952', 1, 'Proposal 46 that reached its quorum', 22, 11, NULL),
(199, TIMESTAMP '2018-12-18 10:21:07.994', TIMESTAMP '2018-12-19 10:21:07.994', 'wUqtLpOv Lorem ipsum dolor sit amet, consectetur adipiscing elit, sed do eiusmod tempor incididunt ut labore et dolore magna aliqua. Ut enim ad minim veniam, quis nostrud exercitation ullamco laboris nisi ut aliquip ex ea commodo consequat. Duis aute irure dolor in reprehenderit in voluptate velit esse cillum dolore eu fugiat nulla pariatur. Excepte', TIMESTAMP '2018-12-25 10:21:07.992', 1, 'Proposal 47 that reached its quorum', 22, 8, NULL),
(200, TIMESTAMP '2018-12-25 10:21:08.344', TIMESTAMP '2018-12-25 10:21:08.345', 'FrS46sly Lorem ipsum dolor sit amet, consectetur adipiscing elit, sed do ', TIMESTAMP '2018-12-25 10:21:08.342', 1, 'Proposal 48 that reached its quorum', 22, 15, NULL),
(201, TIMESTAMP '2018-12-23 10:21:08.363', TIMESTAMP '2018-12-24 10:21:08.363', 'JOwbqHlN Lorem ipsum dolor sit amet, consectetur adipiscing elit, sed do eiusmod tempor incididunt ut labore et dolo', TIMESTAMP '2018-12-25 10:21:08.361', 1, 'Proposal 49 that reached its quorum', 29, 6, NULL),
(202, TIMESTAMP '2018-12-21 10:21:08.439', TIMESTAMP '2018-12-22 10:21:08.439', 'Lorem ipsum dolor sit amet, consectetur adipiscing elit, sed do eiusmod tempor incididunt ut labore et dolore magna aliqua. Ut enim ad minim veniam, quis nostrud exercitation ullamco laboris nisi ut aliquip ex ea commodo consequat. Duis aute irure dolor in reprehenderit in voluptate velit esse cillum dolore eu fugiat n', TIMESTAMP '2018-12-25 10:21:08.438', 1, 'Proposal 0 for user testuser1@liquido.de', 23, 1, NULL),
(203, TIMESTAMP '2018-12-17 10:21:08.502', TIMESTAMP '2018-12-18 10:21:08.504', 'Lorem ipsum dolor sit amet, consectetur adipiscing elit, sed do eiusmod tempor incididunt ut labore et dolore magna aliqua. Ut enim ad minim veniam, quis nostrud exercitation ullamco laboris nisi ut aliquip ex ea commodo con', TIMESTAMP '2018-12-25 10:21:08.5', 1, 'Proposal 1 for user testuser1@liquido.de', 27, 1, NULL),
(204, TIMESTAMP '2018-12-24 10:21:08.523', TIMESTAMP '2018-12-25 10:21:08.523', 'Lorem ipsum dolor sit amet, consectetur adipiscing elit, sed do eiusmod tempor incididunt ut labore et dolore magna aliqua. Ut enim ad minim veniam, quis nostrud exercitation ullamco laboris nisi ut aliquip ex ea commodo con', TIMESTAMP '2018-12-25 10:21:08.521', 1, 'Proposal 2 for user testuser1@liquido.de', 22, 1, NULL),
(205, TIMESTAMP '2018-12-18 10:21:08.538', TIMESTAMP '2018-12-19 10:21:08.539', 'Lorem ipsum dolor sit amet, consectetur adipiscing elit, sed do eiusmod tempor incididunt ut labore et dolore magna aliqua. Ut enim ad minim veni', TIMESTAMP '2018-12-25 10:21:08.537', 1, 'Proposal 3 for user testuser1@liquido.de', 30, 1, NULL);
INSERT INTO PUBLIC.LAWS(ID, CREATED_AT, UPDATED_AT, DESCRIPTION, REACHED_QUORUM_AT, STATUS, TITLE, AREA_ID, CREATED_BY_ID, POLL_ID) VALUES
(206, TIMESTAMP '2018-12-17 10:21:08.568', TIMESTAMP '2018-12-18 10:21:08.568', 'Lorem ipsum dolor sit amet, consectetur adipiscing elit, sed do eiusmod tempor incididunt ut labore et dolore magna aliqua. Ut enim ad minim veniam, quis nostrud exercitation ullamco laboris nisi ut aliquip ex ea commodo consequat. Duis aute irure dolor in reprehenderit in voluptate velit esse cill', TIMESTAMP '2018-12-25 10:21:08.567', 1, 'Proposal 4 for user testuser1@liquido.de', 28, 1, NULL),
(207, TIMESTAMP '2018-12-15 10:21:08.63', TIMESTAMP '2018-12-25 10:21:08.73', 'Lorem ipsum dolor sit amet, consectetur adipiscing elit, sed do eiusmod tempor incididunt ut labore et dolore magna aliqua. Ut enim ad minim veniam, quis nostrud exercitation ullamco laboris nisi ut aliquip ex ea commodo consequat. Duis aute i', TIMESTAMP '2018-12-25 10:21:08.628', 2, 'Initial Proposal in a poll that is in elaboration 1545729668569', 21, 13, 216),
(217, TIMESTAMP '2018-12-05 10:21:08.759', TIMESTAMP '2018-12-25 10:21:08.794', 'Lorem ipsum dolor sit amet, consectetur adipiscing elit, sed do eiusmod tempor incididunt ut labore et dolore magna aliqua. Ut enim ad minim veniam, quis nostrud exercitation ullamco laboris nisi ut aliquip ex ea commodo consequat. Duis aute irure dolor in', TIMESTAMP '2018-12-25 10:21:08.757', 2, 'Alternative Proposal1 in a poll that is in elaboration1545729668732', 21, 15, 216),
(224, TIMESTAMP '2018-12-05 10:21:08.824', TIMESTAMP '2018-12-25 10:21:08.881', 'Lorem ipsum dolor sit amet, consectetur adipiscing elit, sed do eiusmod tempor incididunt ut labore et dolore magna aliqua. Ut enim ad minim veniam, quis nostrud exercitation ullamco laboris nisi ut aliquip ex ea commodo consequat. Duis aute irure dolor in reprehenderit in voluptate velit esse cillum dolore eu fugiat nu', TIMESTAMP '2018-12-25 10:21:08.805', 2, 'Alternative Proposal2 in a poll that is in elaboration1545729668795', 21, 7, 216),
(231, TIMESTAMP '2018-12-05 10:21:08.893', TIMESTAMP '2018-12-25 10:21:08.981', 'Lorem ipsum dolor sit amet, consectetur adipiscing elit, sed do eiusmod tempor incididunt ut labore et dolore magna aliqua. Ut enim ad minim veniam, quis nostrud exercitation ullamco laboris nisi ut aliquip ex ea commodo consequat. Duis aute irure dolor in reprehenderit in voluptate velit esse cillum dolore eu fugiat nulla p', TIMESTAMP '2018-12-25 10:21:08.891', 2, 'Alternative Proposal3 in a poll that is in elaboration1545729668882', 21, 3, 216),
(238, TIMESTAMP '2018-12-05 10:21:09.024', TIMESTAMP '2018-12-25 10:21:09.05', 'Lorem ipsum dolor sit amet, consectetur adipiscing elit, sed do eiusmod tempor incididunt ut labore et dolore magna aliqua. Ut enim ad minim veniam, quis nostrud exercitation ullamco laboris nisi ut aliquip ex ea commodo consequat. Duis aute irure dolor in reprehenderit in voluptate velit esse cillu', TIMESTAMP '2018-12-25 10:21:09.022', 2, 'Alternative Proposal4 in a poll that is in elaboration1545729668985', 21, 5, 216),
(245, TIMESTAMP '2018-12-15 10:21:09.062', TIMESTAMP '2018-12-25 10:21:10.896', 'Lorem ipsum dolor sit amet, consectetur adipiscing elit, sed do eiusmod tempor incididunt ut labore et dolore magna aliqua', TIMESTAMP '2018-12-25 10:21:09.061', 3, 'Proposal 5 in voting phase 1545729670603', 21, 13, 252),
(253, TIMESTAMP '2018-12-05 10:21:09.94', TIMESTAMP '2018-12-25 10:21:10.897', 'Lorem ipsum dolor sit amet, consectetur adipiscing elit, sed do eiusmod tempor incididunt ut labore et dolore magna aliqua. Ut enim ad minim veniam, quis nostrud exercitation ullamco laboris nisi ut aliquip ex ea commodo consequat. Duis aute iru', TIMESTAMP '2018-12-25 10:21:09.938', 3, 'Proposal 4 in voting phase 1545729670603', 21, 15, 252),
(260, TIMESTAMP '2018-12-05 10:21:10.143', TIMESTAMP '2018-12-25 10:21:10.897', 'Lorem ipsum dolor sit amet, consectetur adipiscing elit, sed do eiusmod tempor incididunt ut labore et dolore magna aliqua. Ut enim ad minim veniam, quis nostrud exercitation ullamco laboris nis', TIMESTAMP '2018-12-25 10:21:10.14', 3, 'Proposal 3 in voting phase 1545729670603', 21, 7, 252);
INSERT INTO PUBLIC.LAWS(ID, CREATED_AT, UPDATED_AT, DESCRIPTION, REACHED_QUORUM_AT, STATUS, TITLE, AREA_ID, CREATED_BY_ID, POLL_ID) VALUES
(267, TIMESTAMP '2018-12-05 10:21:10.196', TIMESTAMP '2018-12-25 10:21:10.897', 'Lorem ipsum dolor sit amet, consectetur adipiscing elit, sed do eiusmod tempor incididunt ut labore et dolore magna aliqua. Ut enim ad minim veniam, quis nostrud exercitation ullamco laboris nisi ut aliquip ex ea commodo consequat. Duis aute irure dolor in reprehenderit in voluptate velit ', TIMESTAMP '2018-12-25 10:21:10.195', 3, 'Proposal 2 in voting phase 1545729670603', 21, 3, 252),
(274, TIMESTAMP '2018-12-05 10:21:10.233', TIMESTAMP '2018-12-25 10:21:10.897', 'Lorem ipsum dolor sit amet, consectetur adipiscing elit, sed do eiusmod tempor incididunt ut labore et dolore magna aliqua. Ut enim ad minim veniam, quis nostrud exercitation ullamco laboris nisi ut aliquip ex ea commodo con', TIMESTAMP '2018-12-25 10:21:10.231', 3, 'Proposal 1 in voting phase 1545729670603', 21, 5, 252),
(297, TIMESTAMP '2018-12-15 10:21:20.484', TIMESTAMP '2018-12-25 10:21:25.335', 'Lorem ipsum dolor sit amet, consectetur adipiscing elit, sed do eiusmod tempor incididunt ut labore et', TIMESTAMP '2018-12-25 10:21:20.481', 5, 'Proposal 5 in voting phase 1545729680579', 21, 13, 304),
(305, TIMESTAMP '2018-12-05 10:21:20.508', TIMESTAMP '2018-12-25 10:21:25.335', 'Lorem ipsum dolor sit amet, consectetur adipiscing elit, sed do eiusmod tempor incididunt ut labore et dolore m', TIMESTAMP '2018-12-25 10:21:20.506', 4, 'Proposal 4 in voting phase 1545729680579', 21, 15, 304),
(312, TIMESTAMP '2018-12-05 10:21:20.528', TIMESTAMP '2018-12-25 10:21:25.336', 'Lorem ipsum dolor sit amet, consectetur adipiscing elit, sed do eiusmod tempor incididunt ut labore et dolore magna aliqua. Ut enim ad minim veniam, quis nostrud exercitation ullamco laboris', TIMESTAMP '2018-12-25 10:21:20.527', 5, 'Proposal 3 in voting phase 1545729680579', 21, 7, 304),
(319, TIMESTAMP '2018-12-05 10:21:20.545', TIMESTAMP '2018-12-25 10:21:25.336', 'Lorem ipsum dolor sit amet, consectetur adipiscing elit, sed do eiusmod tempor incididunt ut labore et dolore magna aliqua. Ut enim ad minim veniam, quis nostrud exercitation ullamco laboris nisi ut aliquip ex ea commodo consequat. Duis aute irure dolor in reprehenderit in voluptate velit esse cillum dolore eu fugiat nulla pari', TIMESTAMP '2018-12-25 10:21:20.544', 5, 'Proposal 2 in voting phase 1545729680579', 21, 3, 304),
(326, TIMESTAMP '2018-12-05 10:21:20.565', TIMESTAMP '2018-12-25 10:21:25.337', 'Lorem ipsum dolor sit amet, consectetur adipiscing elit, sed do eiusmod tempor incididunt ut labore et dolore magna aliqua. Ut enim ad minim veniam, quis nostrud exercitation ullamco laboris nisi ut aliquip ex ea commodo consequat. Duis aute irure dolor in reprehenderit in voluptate ve', TIMESTAMP '2018-12-25 10:21:20.564', 5, 'Proposal 1 in voting phase 1545729680579', 21, 5, 304),
(349, TIMESTAMP '2018-12-05 10:21:25.398', TIMESTAMP '2018-12-25 10:21:25.397', 'Lorem ipsum dolor sit amet, consectetur adipiscing elit, sed do eiusmod tempor incididunt ut labore et dolore magna aliqua. Ut enim ad minim veniam, quis nostrud exercitation ullamco laboris nisi ut aliquip ex ea commodo consequat. Duis aute irure dolor in rep', TIMESTAMP '2018-12-01 10:21:25.368', 4, 'Law 0', 21, 1, NULL),
(350, TIMESTAMP '2018-12-04 10:21:25.416', TIMESTAMP '2018-12-25 10:21:25.415', 'Lorem ipsum dolor sit amet, consectetur adipiscing elit, sed do eiusmod tempor incididunt ut labore et dolore magna aliqua. Ut enim ad minim veniam, quis nostrud exercitation ullamco laboris nisi ut aliquip ex ea commodo consequat. Duis aute irure dolor in r', TIMESTAMP '2018-12-01 10:21:25.413', 4, 'Law 1', 21, 1, NULL);
CREATE MEMORY TABLE PUBLIC.LAWS_COMMENTS(
LAW_MODEL_ID BIGINT NOT NULL,
COMMENTS_ID BIGINT NOT NULL
);
ALTER TABLE PUBLIC.LAWS_COMMENTS ADD CONSTRAINT PUBLIC.CONSTRAINT_A0 PRIMARY KEY(LAW_MODEL_ID, COMMENTS_ID);
-- 15 +/- SELECT COUNT(*) FROM PUBLIC.LAWS_COMMENTS;
INSERT INTO PUBLIC.LAWS_COMMENTS(LAW_MODEL_ID, COMMENTS_ID) VALUES
(207, 208),
(217, 218),
(224, 225),
(231, 232),
(238, 239),
(245, 246),
(253, 254),
(260, 261),
(267, 268),
(274, 275),
(297, 298),
(305, 306),
(312, 313),
(319, 320),
(326, 327);
CREATE MEMORY TABLE PUBLIC.LAWS_SUPPORTERS(
LAW_MODEL_ID BIGINT NOT NULL,
SUPPORTERS_ID BIGINT NOT NULL
);
ALTER TABLE PUBLIC.LAWS_SUPPORTERS ADD CONSTRAINT PUBLIC.CONSTRAINT_C PRIMARY KEY(LAW_MODEL_ID, SUPPORTERS_ID);
-- 1209 +/- SELECT COUNT(*) FROM PUBLIC.LAWS_SUPPORTERS;
INSERT INTO PUBLIC.LAWS_SUPPORTERS(LAW_MODEL_ID, SUPPORTERS_ID) VALUES
(40, 9),
(40, 17),
(42, 9),
(42, 7),
(42, 8),
(42, 12),
(42, 16),
(42, 6),
(42, 13),
(42, 20),
(43, 4),
(43, 19),
(43, 3),
(43, 14),
(43, 7),
(43, 9),
(43, 8),
(46, 19),
(46, 4),
(46, 15),
(46, 3),
(48, 9),
(48, 15),
(48, 1),
(48, 14),
(49, 9),
(49, 4),
(49, 19),
(49, 12),
(49, 20),
(49, 11),
(49, 18),
(49, 17),
(50, 14),
(50, 13),
(50, 5),
(51, 9),
(52, 15),
(52, 8),
(52, 14),
(52, 11),
(53, 14),
(53, 4),
(53, 9),
(54, 20),
(54, 4),
(54, 11),
(54, 12),
(54, 18),
(54, 7),
(56, 11),
(56, 4),
(56, 5),
(56, 1),
(56, 16),
(56, 8),
(56, 17),
(57, 20),
(57, 19),
(58, 14),
(58, 19),
(58, 4),
(58, 18),
(58, 6),
(58, 13),
(58, 12),
(59, 9),
(59, 2),
(59, 7),
(60, 15),
(60, 9),
(60, 5),
(60, 7),
(60, 12),
(61, 8),
(62, 8),
(62, 14),
(62, 13),
(62, 2),
(62, 11),
(63, 8),
(63, 7),
(63, 16),
(64, 13),
(64, 10),
(64, 12),
(64, 3),
(64, 1),
(64, 14),
(64, 8),
(64, 16),
(66, 18),
(67, 8),
(67, 18),
(67, 14),
(67, 4),
(67, 16),
(67, 5),
(67, 13),
(68, 1),
(68, 19),
(68, 14),
(69, 1),
(69, 17),
(69, 12),
(70, 20),
(70, 10),
(70, 1),
(70, 3),
(70, 5),
(71, 10),
(71, 17),
(71, 9),
(71, 18),
(71, 3),
(71, 5),
(72, 1),
(73, 20),
(73, 13),
(73, 6),
(73, 5),
(73, 15),
(73, 16),
(73, 9),
(73, 10),
(74, 7),
(74, 17),
(75, 13),
(75, 3),
(75, 17),
(75, 8),
(75, 11),
(76, 5),
(76, 14),
(76, 2),
(76, 15),
(76, 20),
(77, 6),
(78, 4),
(78, 19),
(78, 2),
(78, 17),
(78, 15),
(78, 16),
(78, 18),
(79, 5),
(79, 19),
(79, 15),
(79, 7),
(79, 4),
(79, 8),
(80, 17),
(81, 16),
(81, 5),
(81, 9),
(81, 18),
(81, 7),
(83, 3),
(83, 9),
(83, 12),
(83, 18),
(83, 16),
(83, 7),
(84, 13),
(84, 15),
(84, 16),
(84, 3),
(84, 9),
(85, 4),
(85, 10),
(85, 9),
(85, 17),
(86, 9),
(86, 15),
(86, 14),
(86, 11),
(88, 9),
(88, 11),
(88, 19),
(88, 13),
(88, 4),
(88, 3),
(88, 2),
(89, 5),
(89, 15),
(90, 20),
(92, 6),
(92, 9),
(92, 12),
(92, 15),
(92, 10),
(92, 17),
(92, 16),
(92, 2),
(93, 9),
(93, 2),
(93, 14),
(93, 16),
(93, 17),
(93, 20),
(93, 8),
(94, 2),
(94, 16),
(94, 14),
(94, 8),
(94, 17),
(94, 11),
(94, 18),
(96, 4),
(96, 7),
(96, 16),
(96, 11),
(97, 11),
(97, 3),
(97, 9),
(97, 5),
(97, 6),
(97, 14),
(97, 2),
(97, 12),
(98, 13),
(98, 8),
(98, 9),
(98, 16),
(98, 20),
(98, 3),
(98, 18),
(98, 1),
(99, 13),
(99, 16),
(99, 6),
(99, 18),
(99, 12),
(99, 20),
(101, 16),
(101, 9),
(101, 6),
(101, 13),
(101, 7),
(101, 2),
(101, 18),
(101, 19),
(102, 16),
(102, 2),
(102, 20),
(102, 19),
(102, 5),
(103, 17),
(104, 4),
(104, 13),
(104, 11),
(104, 18),
(104, 2),
(104, 20),
(104, 14),
(104, 3),
(105, 16),
(105, 14),
(105, 10),
(105, 8),
(105, 6),
(105, 18),
(105, 13),
(105, 12),
(106, 7),
(106, 16),
(106, 15),
(106, 17),
(106, 13),
(106, 18),
(106, 11),
(107, 15),
(107, 17),
(107, 6),
(107, 2),
(107, 16),
(107, 5),
(107, 9),
(108, 6),
(108, 12),
(108, 16),
(108, 15),
(109, 11),
(109, 18),
(109, 12),
(110, 5),
(110, 16),
(110, 20),
(110, 15),
(110, 3),
(110, 9),
(110, 7),
(112, 11),
(112, 16),
(112, 13),
(112, 18),
(112, 3),
(112, 10),
(112, 12),
(112, 14),
(113, 3),
(113, 9),
(114, 20),
(115, 6),
(115, 4),
(115, 8),
(115, 9),
(115, 2),
(115, 10),
(115, 15),
(116, 14),
(116, 1),
(116, 6),
(116, 9),
(116, 19),
(116, 20),
(116, 4),
(116, 17),
(117, 20),
(117, 6),
(118, 15),
(118, 3),
(119, 17),
(119, 16),
(120, 10),
(120, 11),
(120, 3),
(120, 6),
(120, 14),
(121, 3),
(121, 16),
(121, 17),
(121, 8),
(121, 9),
(121, 10),
(121, 6),
(122, 15),
(122, 4),
(122, 1),
(122, 8),
(122, 19),
(122, 18),
(122, 3),
(122, 9),
(123, 6),
(123, 19),
(123, 7),
(123, 18),
(123, 14),
(124, 20),
(124, 10),
(124, 15),
(124, 9),
(124, 8),
(124, 17),
(124, 5),
(124, 7),
(125, 18),
(125, 16),
(126, 13),
(126, 17),
(127, 7),
(127, 5),
(127, 20),
(127, 10),
(127, 12),
(128, 19),
(128, 8),
(129, 2),
(129, 4),
(129, 18),
(129, 14),
(130, 18),
(130, 14),
(130, 7),
(130, 6),
(130, 3),
(130, 10),
(131, 1),
(131, 20),
(132, 14),
(132, 19),
(132, 7),
(132, 17),
(133, 15),
(134, 14),
(134, 18),
(134, 6),
(134, 20),
(134, 8),
(134, 17),
(134, 2),
(135, 3),
(135, 19),
(135, 10),
(135, 17),
(135, 1),
(136, 17),
(136, 8),
(136, 15),
(136, 9),
(136, 5),
(136, 7),
(137, 10);
INSERT INTO PUBLIC.LAWS_SUPPORTERS(LAW_MODEL_ID, SUPPORTERS_ID) VALUES
(137, 9),
(137, 18),
(137, 13),
(137, 11),
(137, 6),
(137, 2),
(139, 8),
(139, 1),
(139, 16),
(139, 2),
(139, 5),
(140, 8),
(140, 18),
(140, 5),
(140, 11),
(140, 17),
(140, 20),
(141, 7),
(141, 10),
(141, 1),
(141, 2),
(141, 17),
(141, 14),
(141, 4),
(141, 16),
(142, 9),
(142, 10),
(142, 18),
(142, 2),
(142, 19),
(142, 11),
(142, 17),
(143, 12),
(143, 16),
(143, 2),
(144, 9),
(144, 13),
(144, 16),
(144, 18),
(144, 8),
(144, 7),
(145, 15),
(145, 7),
(145, 11),
(146, 8),
(146, 1),
(146, 11),
(146, 2),
(146, 7),
(146, 14),
(146, 3),
(146, 12),
(147, 15),
(147, 8),
(147, 18),
(147, 13),
(149, 19),
(149, 1),
(149, 18),
(150, 15),
(150, 11),
(150, 6),
(150, 20),
(150, 13),
(150, 9),
(151, 1),
(151, 14),
(151, 12),
(151, 10),
(151, 8),
(151, 16),
(151, 3),
(152, 19),
(152, 4),
(152, 17),
(152, 6),
(152, 12),
(152, 13),
(152, 9),
(152, 2),
(152, 18),
(152, 7),
(153, 1),
(153, 4),
(153, 16),
(153, 13),
(153, 6),
(153, 8),
(153, 17),
(153, 9),
(153, 20),
(153, 11),
(154, 18),
(154, 8),
(154, 7),
(154, 6),
(154, 11),
(154, 17),
(154, 5),
(154, 9),
(154, 2),
(154, 20),
(155, 3),
(155, 7),
(155, 16),
(155, 12),
(155, 14),
(155, 17),
(155, 9),
(155, 15),
(155, 10),
(155, 8),
(156, 5),
(156, 16),
(156, 9),
(156, 2),
(156, 20),
(156, 3),
(156, 19),
(156, 11),
(156, 10),
(156, 1),
(157, 6),
(157, 3),
(157, 16),
(157, 17),
(157, 14),
(157, 9),
(157, 18),
(157, 2),
(157, 4),
(157, 1),
(158, 14),
(158, 8),
(158, 3),
(158, 18),
(158, 7),
(158, 17),
(158, 6),
(158, 19),
(158, 4),
(158, 1),
(159, 4),
(159, 5),
(159, 18),
(159, 10),
(159, 12),
(159, 13),
(159, 9),
(159, 6),
(159, 16),
(159, 7),
(160, 20),
(160, 18),
(160, 1),
(160, 2),
(160, 12),
(160, 15),
(160, 5),
(160, 3),
(160, 13),
(160, 11),
(161, 11),
(161, 18),
(161, 7),
(161, 6),
(161, 8),
(161, 4),
(161, 15),
(161, 2),
(161, 20),
(161, 14),
(162, 17),
(162, 5),
(162, 6),
(162, 12),
(162, 14),
(162, 9),
(162, 1),
(162, 19),
(162, 20),
(162, 2),
(163, 8),
(163, 18),
(163, 14),
(163, 6),
(163, 1),
(163, 16),
(163, 7),
(163, 2),
(163, 10),
(163, 13),
(164, 19),
(164, 3),
(164, 7),
(164, 15),
(164, 18),
(164, 12),
(164, 2),
(164, 16),
(164, 9),
(164, 20),
(165, 12),
(165, 18),
(165, 14),
(165, 5),
(165, 13),
(165, 20),
(165, 11),
(165, 7),
(165, 17),
(165, 8),
(166, 13),
(166, 4),
(166, 7),
(166, 8),
(166, 9),
(166, 3),
(166, 10),
(166, 18),
(166, 5),
(166, 20),
(167, 7),
(167, 18),
(167, 3),
(167, 1),
(167, 2),
(167, 11),
(167, 13),
(167, 12),
(167, 4),
(167, 8),
(168, 20),
(168, 10),
(168, 8),
(168, 19),
(168, 2),
(168, 12),
(168, 1),
(168, 4),
(168, 14),
(168, 7),
(169, 20),
(169, 11),
(169, 8),
(169, 9),
(169, 12),
(169, 14),
(169, 4),
(169, 3),
(169, 6),
(169, 10),
(170, 5),
(170, 17),
(170, 3),
(170, 1),
(170, 4),
(170, 15),
(170, 14),
(170, 20),
(170, 6),
(170, 12),
(171, 8),
(171, 13),
(171, 3),
(171, 19),
(171, 4),
(171, 15),
(171, 2),
(171, 12),
(171, 17),
(171, 9),
(172, 14),
(172, 12),
(172, 2),
(172, 20),
(172, 3),
(172, 8),
(172, 19),
(172, 1),
(172, 17),
(172, 5),
(173, 12),
(173, 3),
(173, 18),
(173, 8),
(173, 17),
(173, 9),
(173, 20),
(173, 4),
(173, 15),
(173, 2),
(174, 5),
(174, 1),
(174, 17),
(174, 9),
(174, 7),
(174, 11),
(174, 6),
(174, 19),
(174, 20),
(174, 2),
(175, 13),
(175, 15),
(175, 2),
(175, 16),
(175, 3),
(175, 8),
(175, 11),
(175, 14),
(175, 1),
(175, 17),
(176, 20),
(176, 15),
(176, 16),
(176, 4),
(176, 13),
(176, 18),
(176, 10),
(176, 17),
(176, 9),
(176, 12),
(177, 15),
(177, 20),
(177, 14),
(177, 18),
(177, 16),
(177, 8),
(177, 5),
(177, 12),
(177, 7),
(177, 17),
(178, 15),
(178, 16),
(178, 4),
(178, 19),
(178, 18),
(178, 9),
(178, 2),
(178, 7),
(178, 20),
(178, 8),
(179, 11),
(179, 5),
(179, 14),
(179, 15),
(179, 20),
(179, 19),
(179, 8),
(179, 6),
(179, 4),
(179, 10),
(180, 4),
(180, 20),
(180, 9),
(180, 10),
(180, 14),
(180, 6),
(180, 19),
(180, 16),
(180, 15),
(180, 7),
(181, 13),
(181, 2),
(181, 5),
(181, 4),
(181, 20),
(181, 11),
(181, 10),
(181, 6),
(181, 17),
(181, 3),
(182, 10),
(182, 13),
(182, 14),
(182, 1),
(182, 17),
(182, 19),
(182, 16),
(182, 12),
(182, 8),
(182, 2),
(183, 10);
INSERT INTO PUBLIC.LAWS_SUPPORTERS(LAW_MODEL_ID, SUPPORTERS_ID) VALUES
(183, 12),
(183, 5),
(183, 13),
(183, 11),
(183, 19),
(183, 1),
(183, 8),
(183, 20),
(183, 9),
(184, 15),
(184, 13),
(184, 9),
(184, 4),
(184, 18),
(184, 20),
(184, 1),
(184, 12),
(184, 19),
(184, 17),
(185, 3),
(185, 12),
(185, 9),
(185, 20),
(185, 6),
(185, 1),
(185, 18),
(185, 15),
(185, 10),
(185, 17),
(186, 9),
(186, 16),
(186, 10),
(186, 15),
(186, 17),
(186, 8),
(186, 3),
(186, 19),
(186, 14),
(186, 18),
(187, 18),
(187, 16),
(187, 2),
(187, 14),
(187, 15),
(187, 6),
(187, 10),
(187, 7),
(187, 11),
(187, 17),
(188, 18),
(188, 14),
(188, 3),
(188, 11),
(188, 5),
(188, 10),
(188, 7),
(188, 9),
(188, 6),
(188, 17),
(189, 12),
(189, 14),
(189, 10),
(189, 4),
(189, 17),
(189, 13),
(189, 8),
(189, 2),
(189, 3),
(189, 5),
(190, 16),
(190, 7),
(190, 6),
(190, 17),
(190, 20),
(190, 13),
(190, 19),
(190, 9),
(190, 1),
(190, 2),
(191, 15),
(191, 14),
(191, 10),
(191, 5),
(191, 19),
(191, 12),
(191, 4),
(191, 7),
(191, 3),
(191, 9),
(192, 18),
(192, 11),
(192, 5),
(192, 14),
(192, 9),
(192, 2),
(192, 13),
(192, 1),
(192, 19),
(192, 20),
(193, 19),
(193, 9),
(193, 11),
(193, 4),
(193, 20),
(193, 2),
(193, 13),
(193, 14),
(193, 18),
(193, 3),
(194, 19),
(194, 13),
(194, 1),
(194, 20),
(194, 17),
(194, 3),
(194, 5),
(194, 2),
(194, 14),
(194, 15),
(195, 18),
(195, 10),
(195, 13),
(195, 8),
(195, 2),
(195, 5),
(195, 4),
(195, 15),
(195, 17),
(195, 19),
(196, 11),
(196, 15),
(196, 1),
(196, 4),
(196, 16),
(196, 10),
(196, 17),
(196, 20),
(196, 6),
(196, 12),
(197, 2),
(197, 9),
(197, 10),
(197, 17),
(197, 18),
(197, 12),
(197, 15),
(197, 19),
(197, 3),
(197, 13),
(198, 15),
(198, 9),
(198, 17),
(198, 3),
(198, 13),
(198, 1),
(198, 8),
(198, 19),
(198, 18),
(198, 2),
(199, 9),
(199, 11),
(199, 18),
(199, 4),
(199, 14),
(199, 15),
(199, 3),
(199, 17),
(199, 10),
(199, 16),
(200, 17),
(200, 5),
(200, 16),
(200, 11),
(200, 19),
(200, 1),
(200, 2),
(200, 18),
(200, 13),
(200, 8),
(201, 2),
(201, 20),
(201, 15),
(201, 7),
(201, 13),
(201, 17),
(201, 4),
(201, 10),
(201, 19),
(201, 5),
(202, 4),
(202, 5),
(202, 6),
(202, 20),
(202, 15),
(202, 10),
(202, 3),
(202, 12),
(202, 14),
(202, 13),
(203, 4),
(203, 12),
(203, 19),
(203, 8),
(203, 20),
(203, 5),
(203, 6),
(203, 14),
(203, 13),
(203, 16),
(204, 16),
(204, 11),
(204, 19),
(204, 12),
(204, 20),
(204, 2),
(204, 15),
(204, 7),
(204, 3),
(204, 8),
(205, 18),
(205, 10),
(205, 19),
(205, 6),
(205, 7),
(205, 11),
(205, 12),
(205, 5),
(205, 8),
(205, 17),
(206, 7),
(206, 4),
(206, 18),
(206, 17),
(206, 9),
(206, 2),
(206, 8),
(206, 10),
(206, 12),
(206, 16),
(207, 17),
(207, 1),
(207, 6),
(207, 5),
(207, 18),
(207, 10),
(207, 19),
(207, 2),
(207, 15),
(207, 3),
(217, 20),
(217, 5),
(217, 1),
(217, 10),
(217, 6),
(217, 7),
(217, 12),
(217, 3),
(217, 2),
(217, 13),
(224, 17),
(224, 10),
(224, 13),
(224, 3),
(224, 20),
(224, 9),
(224, 2),
(224, 16),
(224, 1),
(224, 14),
(231, 5),
(231, 1),
(231, 2),
(231, 15),
(231, 11),
(231, 8),
(231, 6),
(231, 14),
(231, 13),
(231, 17),
(238, 18),
(238, 3),
(238, 16),
(238, 10),
(238, 1),
(238, 14),
(238, 20),
(238, 15),
(238, 11),
(238, 6),
(245, 10),
(245, 2),
(245, 14),
(245, 6),
(245, 12),
(245, 19),
(245, 18),
(245, 1),
(245, 7),
(245, 20),
(253, 2),
(253, 19),
(253, 8),
(253, 1),
(253, 20),
(253, 14),
(253, 16),
(253, 7),
(253, 9),
(253, 6),
(260, 9),
(260, 6),
(260, 3),
(260, 11),
(260, 1),
(260, 10),
(260, 18),
(260, 13),
(260, 8),
(260, 16),
(267, 9),
(267, 14),
(267, 1),
(267, 13),
(267, 12),
(267, 11),
(267, 5),
(267, 15),
(267, 10),
(267, 19),
(274, 19),
(274, 8),
(274, 7),
(274, 4),
(274, 2),
(274, 12),
(274, 20),
(274, 17),
(274, 6),
(274, 16),
(297, 8),
(297, 19),
(297, 17),
(297, 9),
(297, 1),
(297, 3),
(297, 15),
(297, 7),
(297, 11),
(297, 4),
(305, 18),
(305, 5),
(305, 7),
(305, 9),
(305, 10),
(305, 4),
(305, 3),
(305, 17),
(305, 12),
(305, 8),
(312, 11),
(312, 8),
(312, 1),
(312, 19),
(312, 10),
(312, 2),
(312, 16),
(312, 15),
(312, 5),
(312, 20),
(319, 16),
(319, 10),
(319, 20),
(319, 4),
(319, 5),
(319, 9),
(319, 19),
(319, 14),
(319, 6),
(319, 11),
(326, 2),
(326, 10);
INSERT INTO PUBLIC.LAWS_SUPPORTERS(LAW_MODEL_ID, SUPPORTERS_ID) VALUES
(326, 1),
(326, 6),
(326, 12),
(326, 14),
(326, 20),
(326, 8),
(326, 15),
(326, 4),
(349, 11),
(349, 9),
(349, 10),
(349, 4),
(349, 8),
(349, 6),
(349, 18),
(349, 7),
(349, 20),
(349, 17),
(349, 19),
(349, 5),
(349, 16),
(349, 3),
(349, 15),
(349, 12),
(350, 12),
(350, 2),
(350, 13),
(350, 14),
(350, 16),
(350, 4),
(350, 9),
(350, 20),
(350, 6),
(350, 10),
(350, 15),
(350, 17),
(350, 18),
(350, 5),
(350, 19),
(350, 11),
(350, 7);
CREATE MEMORY TABLE PUBLIC.ONE_TIME_TOKEN(
ID BIGINT NOT NULL,
CREATED_AT TIMESTAMP NOT NULL,
UPDATED_AT TIMESTAMP NOT NULL,
TOKEN VARCHAR(255) NOT NULL,
TOKEN_TYPE INTEGER NOT NULL,
VALID_UNTIL TIMESTAMP NOT NULL,
USER_ID BIGINT NOT NULL
);
ALTER TABLE PUBLIC.ONE_TIME_TOKEN ADD CONSTRAINT PUBLIC.CONSTRAINT_4 PRIMARY KEY(ID);
-- 0 +/- SELECT COUNT(*) FROM PUBLIC.ONE_TIME_TOKEN;
CREATE MEMORY TABLE PUBLIC.POLLS(
ID BIGINT NOT NULL,
CREATED_AT TIMESTAMP NOT NULL,
UPDATED_AT TIMESTAMP NOT NULL,
STATUS INTEGER,
VOTING_END_AT TIMESTAMP,
VOTING_START_AT TIMESTAMP,
WINNER_ID BIGINT
);
ALTER TABLE PUBLIC.POLLS ADD CONSTRAINT PUBLIC.CONSTRAINT_48 PRIMARY KEY(ID);
-- 3 +/- SELECT COUNT(*) FROM PUBLIC.POLLS;
INSERT INTO PUBLIC.POLLS(ID, CREATED_AT, UPDATED_AT, STATUS, VOTING_END_AT, VOTING_START_AT, WINNER_ID) VALUES
(216, TIMESTAMP '2018-12-18 10:21:09.05', TIMESTAMP '2018-12-18 10:21:09.05', 0, TIMESTAMP '2019-01-22 00:00:00', TIMESTAMP '2019-01-08 00:00:00', NULL),
(252, TIMESTAMP '2018-12-10 10:21:10.695', TIMESTAMP '2018-12-25 10:21:10.897', 1, TIMESTAMP '2019-01-07 00:00:00', TIMESTAMP '2018-12-24 10:21:10.816', NULL),
(304, TIMESTAMP '2019-01-11 03:24:07.931', TIMESTAMP '2018-12-25 10:21:25.334', 2, TIMESTAMP '2018-12-25 10:21:25.309', TIMESTAMP '2018-12-06 10:21:20.629', 305);
CREATE MEMORY TABLE PUBLIC.USERS(
ID BIGINT NOT NULL,
CREATED_AT TIMESTAMP NOT NULL,
UPDATED_AT TIMESTAMP NOT NULL,
EMAIL VARCHAR(255) NOT NULL,
MOBILEPHONE VARCHAR(255),
NAME VARCHAR(255),
PICTURE VARCHAR(255),
WEBSITE VARCHAR(255)
);
ALTER TABLE PUBLIC.USERS ADD CONSTRAINT PUBLIC.CONSTRAINT_4D PRIMARY KEY(ID);
-- 20 +/- SELECT COUNT(*) FROM PUBLIC.USERS;
INSERT INTO PUBLIC.USERS(ID, CREATED_AT, UPDATED_AT, EMAIL, MOBILEPHONE, NAME, PICTURE, WEBSITE) VALUES
(1, TIMESTAMP '2018-12-25 10:20:59.756', TIMESTAMP '2018-12-25 10:20:59.756', 'testuser1@liquido.de', '+49123451', 'Test User1', '/static/img/photos/1.png', 'http://www.liquido.de'),
(2, TIMESTAMP '2018-12-25 10:20:59.815', TIMESTAMP '2018-12-25 10:20:59.815', 'testuser2@liquido.de', '+49123452', 'Test User2', '/static/img/photos/2.png', 'http://www.liquido.de'),
(3, TIMESTAMP '2018-12-25 10:20:59.818', TIMESTAMP '2018-12-25 10:20:59.818', 'testuser3@liquido.de', '+49123453', 'Test User3', '/static/img/photos/3.png', 'http://www.liquido.de'),
(4, TIMESTAMP '2018-12-25 10:20:59.82', TIMESTAMP '2018-12-25 10:20:59.82', 'testuser4@liquido.de', '+49123454', 'Test User4', '/static/img/photos/1.png', 'http://www.liquido.de'),
(5, TIMESTAMP '2018-12-25 10:20:59.824', TIMESTAMP '2018-12-25 10:20:59.824', 'testuser5@liquido.de', '+49123455', 'Test User5', '/static/img/photos/2.png', 'http://www.liquido.de'),
(6, TIMESTAMP '2018-12-25 10:20:59.827', TIMESTAMP '2018-12-25 10:20:59.827', 'testuser6@liquido.de', '+49123456', 'Test User6', '/static/img/photos/3.png', 'http://www.liquido.de'),
(7, TIMESTAMP '2018-12-25 10:20:59.83', TIMESTAMP '2018-12-25 10:20:59.83', 'testuser7@liquido.de', '+49123457', 'Test User7', '/static/img/photos/1.png', 'http://www.liquido.de'),
(8, TIMESTAMP '2018-12-25 10:20:59.833', TIMESTAMP '2018-12-25 10:20:59.833', 'testuser8@liquido.de', '+49123458', 'Test User8', '/static/img/photos/2.png', 'http://www.liquido.de'),
(9, TIMESTAMP '2018-12-25 10:20:59.836', TIMESTAMP '2018-12-25 10:20:59.836', 'testuser9@liquido.de', '+49123459', 'Test User9', '/static/img/photos/3.png', 'http://www.liquido.de'),
(10, TIMESTAMP '2018-12-25 10:20:59.839', TIMESTAMP '2018-12-25 10:20:59.839', 'testuser10@liquido.de', '+491234510', 'Test User10', '/static/img/photos/1.png', 'http://www.liquido.de'),
(11, TIMESTAMP '2018-12-25 10:20:59.843', TIMESTAMP '2018-12-25 10:20:59.843', 'testuser11@liquido.de', '+491234511', 'Test User11', '/static/img/photos/2.png', 'http://www.liquido.de'),
(12, TIMESTAMP '2018-12-25 10:20:59.846', TIMESTAMP '2018-12-25 10:20:59.846', 'testuser12@liquido.de', '+491234512', 'Test User12', '/static/img/photos/3.png', 'http://www.liquido.de'),
(13, TIMESTAMP '2018-12-25 10:20:59.849', TIMESTAMP '2018-12-25 10:20:59.849', 'testuser13@liquido.de', '+491234513', 'Test User13', '/static/img/photos/1.png', 'http://www.liquido.de'),
(14, TIMESTAMP '2018-12-25 10:20:59.852', TIMESTAMP '2018-12-25 10:20:59.852', 'testuser14@liquido.de', '+491234514', 'Test User14', '/static/img/photos/2.png', 'http://www.liquido.de'),
(15, TIMESTAMP '2018-12-25 10:20:59.856', TIMESTAMP '2018-12-25 10:20:59.856', 'testuser15@liquido.de', '+491234515', 'Test User15', '/static/img/photos/3.png', 'http://www.liquido.de'),
(16, TIMESTAMP '2018-12-25 10:20:59.86', TIMESTAMP '2018-12-25 10:20:59.86', 'testuser16@liquido.de', '+491234516', 'Test User16', '/static/img/photos/1.png', 'http://www.liquido.de'),
(17, TIMESTAMP '2018-12-25 10:20:59.864', TIMESTAMP '2018-12-25 10:20:59.864', 'testuser17@liquido.de', '+491234517', 'Test User17', '/static/img/photos/2.png', 'http://www.liquido.de'),
(18, TIMESTAMP '2018-12-25 10:20:59.867', TIMESTAMP '2018-12-25 10:20:59.867', 'testuser18@liquido.de', '+491234518', 'Test User18', '/static/img/photos/3.png', 'http://www.liquido.de'),
(19, TIMESTAMP '2018-12-25 10:20:59.87', TIMESTAMP '2018-12-25 10:20:59.87', 'testuser19@liquido.de', '+491234519', 'Test User19', '/static/img/photos/1.png', 'http://www.liquido.de'),
(20, TIMESTAMP '2018-12-25 10:20:59.873', TIMESTAMP '2018-12-25 10:20:59.873', 'testuser20@liquido.de', '+491234520', 'Test User20', '/static/img/photos/2.png', 'http://www.liquido.de');
-- 0 +/- SELECT COUNT(*) FROM PUBLIC.QRTZ_CALENDARS;
-- 0 +/- SELECT COUNT(*) FROM PUBLIC.QRTZ_CRON_TRIGGERS;
-- 0 +/- SELECT COUNT(*) FROM PUBLIC.QRTZ_FIRED_TRIGGERS;
-- 0 +/- SELECT COUNT(*) FROM PUBLIC.QRTZ_PAUSED_TRIGGER_GRPS;
-- 0 +/- SELECT COUNT(*) FROM PUBLIC.QRTZ_SCHEDULER_STATE;
-- 1 +/- SELECT COUNT(*) FROM PUBLIC.QRTZ_LOCKS;
-- 2 +/- SELECT COUNT(*) FROM PUBLIC.QRTZ_JOB_DETAILS;
-- 2 +/- SELECT COUNT(*) FROM PUBLIC.QRTZ_SIMPLE_TRIGGERS;
-- 0 +/- SELECT COUNT(*) FROM PUBLIC.QRTZ_SIMPROP_TRIGGERS;
-- 0 +/- SELECT COUNT(*) FROM PUBLIC.QRTZ_BLOB_TRIGGERS;
-- 2 +/- SELECT COUNT(*) FROM PUBLIC.QRTZ_TRIGGERS;
ALTER TABLE PUBLIC.AREAS ADD CONSTRAINT PUBLIC.UK_P61HNJ1M450KNDUSCXOLDCHFJ UNIQUE(TITLE);
ALTER TABLE PUBLIC.USERS ADD CONSTRAINT PUBLIC.UK_6DOTKOTT2KJSP8VW4D0M25FB7 UNIQUE(EMAIL);
ALTER TABLE PUBLIC.LAWS ADD CONSTRAINT PUBLIC.UK_BS516OPV3HONTPTWVPIOOS72B UNIQUE(TITLE);
ALTER TABLE PUBLIC.DELEGATIONS ADD CONSTRAINT PUBLIC.UK2WYH7POIF8NPDWLUR8DFORD0J UNIQUE(AREA_ID, FROM_USER_ID);
ALTER TABLE PUBLIC.LAWS_COMMENTS ADD CONSTRAINT PUBLIC.UK_OF3YV6X3MAHJPHJBJE5XHRXC8 UNIQUE(COMMENTS_ID);
ALTER TABLE PUBLIC.BALLOTS ADD CONSTRAINT PUBLIC.UKHWWEPK8N3CE54LEREWX2FMYXF UNIQUE(POLL_ID, CHECKSUM);
ALTER TABLE PUBLIC.CHECKSUMS ADD CONSTRAINT PUBLIC.UKL0XNKLNHLK4PTWSU9B0QXTYBN UNIQUE(AREA_ID, PUBLIC_PROXY_ID);
ALTER TABLE PUBLIC.KEY_VALUE ADD CONSTRAINT PUBLIC.UK_GVYP924RQ0A5Y8U3EMJS35G2Q UNIQUE(KEY);
ALTER TABLE PUBLIC.AREAS ADD CONSTRAINT PUBLIC.FKP9N0U4HM2Q1O7V0068C8GD4EL FOREIGN KEY(CREATED_BY_ID) REFERENCES PUBLIC.USERS(ID) NOCHECK;
ALTER TABLE PUBLIC.DELEGATIONS ADD CONSTRAINT PUBLIC.FK1Y1R0D478R9NTDMUIYKKUHADV FOREIGN KEY(REQUESTED_DELEGATION_FROM_CHECKSUM_CHECKSUM) REFERENCES PUBLIC.CHECKSUMS(CHECKSUM) NOCHECK;
ALTER TABLE PUBLIC.DELEGATIONS ADD CONSTRAINT PUBLIC.FKSWBDEOVC7HSQ5EX30PBMDU9D4 FOREIGN KEY(AREA_ID) REFERENCES PUBLIC.AREAS(ID) NOCHECK;
ALTER TABLE PUBLIC.LAWS ADD CONSTRAINT PUBLIC.FK4QUHD81MM84X6RQ0CCBXSEYXX FOREIGN KEY(POLL_ID) REFERENCES PUBLIC.POLLS(ID) NOCHECK;
ALTER TABLE PUBLIC.LAWS_SUPPORTERS ADD CONSTRAINT PUBLIC.FK9B4I87YIKUCHRIRFJAYMGOHE3 FOREIGN KEY(LAW_MODEL_ID) REFERENCES PUBLIC.LAWS(ID) NOCHECK;
ALTER TABLE PUBLIC.BALLOTS ADD CONSTRAINT PUBLIC.FKOG7SHPLJ1CCOH8N9AO4Y16LQ3 FOREIGN KEY(POLL_ID) REFERENCES PUBLIC.POLLS(ID) NOCHECK;
ALTER TABLE PUBLIC.COMMENTS_DOWN_VOTERS ADD CONSTRAINT PUBLIC.FK62ILAC17TG4CPKRHEONUD72HV FOREIGN KEY(DOWN_VOTERS_ID) REFERENCES PUBLIC.USERS(ID) NOCHECK;
ALTER TABLE PUBLIC.CHECKSUMS ADD CONSTRAINT PUBLIC.FKDFLPSE9FSOGY1FMFDY2W79RG FOREIGN KEY(DELEGATED_TO_CHECKSUM) REFERENCES PUBLIC.CHECKSUMS(CHECKSUM) NOCHECK;
ALTER TABLE PUBLIC.BALLOTS_VOTE_ORDER ADD CONSTRAINT PUBLIC.FKIH6THEWVJEH3OW9DL1YTJ9AWB FOREIGN KEY(BALLOT_MODEL_ID) REFERENCES PUBLIC.BALLOTS(ID) NOCHECK;
ALTER TABLE PUBLIC.CHECKSUMS ADD CONSTRAINT PUBLIC.FK68FTLVL0MWTVOQD3BFUPP0XRG FOREIGN KEY(PUBLIC_PROXY_ID) REFERENCES PUBLIC.USERS(ID) NOCHECK;
ALTER TABLE PUBLIC.LAWS ADD CONSTRAINT PUBLIC.FKTR1PLL46Q50SHWBFFYIYUAVGN FOREIGN KEY(CREATED_BY_ID) REFERENCES PUBLIC.USERS(ID) NOCHECK;
ALTER TABLE PUBLIC.ONE_TIME_TOKEN ADD CONSTRAINT PUBLIC.FK4O21XT1RMRICB3EA4TO5NKR8D FOREIGN KEY(USER_ID) REFERENCES PUBLIC.USERS(ID) NOCHECK;
ALTER TABLE PUBLIC.BALLOTS_VOTE_ORDER ADD CONSTRAINT PUBLIC.FKOWD5MAD84QVWGST43698A6GX5 FOREIGN KEY(VOTE_ORDER_ID) REFERENCES PUBLIC.LAWS(ID) NOCHECK;
ALTER TABLE PUBLIC.COMMENTS ADD CONSTRAINT PUBLIC.FKAKKM6QFYDU7VGNFNE1YO0XMED FOREIGN KEY(CREATED_BY_ID) REFERENCES PUBLIC.USERS(ID) NOCHECK;
ALTER TABLE PUBLIC.DELEGATIONS ADD CONSTRAINT PUBLIC.FK21A6LG8FU2JS6E0JU41WJ2GQP FOREIGN KEY(TO_PROXY_ID) REFERENCES PUBLIC.USERS(ID) NOCHECK;
ALTER TABLE PUBLIC.LAWS_COMMENTS ADD CONSTRAINT PUBLIC.FK36FBKIUITRV0YRVY8S0IG46IX FOREIGN KEY(LAW_MODEL_ID) REFERENCES PUBLIC.LAWS(ID) NOCHECK;
ALTER TABLE PUBLIC.POLLS ADD CONSTRAINT PUBLIC.FKQADOVSMQ4UOK58SP9HKHWJQIS FOREIGN KEY(WINNER_ID) REFERENCES PUBLIC.LAWS(ID) NOCHECK;
ALTER TABLE PUBLIC.DELEGATIONS ADD CONSTRAINT PUBLIC.FK9KOYA2MI6T18VF7U1FROBKNIQ FOREIGN KEY(FROM_USER_ID) REFERENCES PUBLIC.USERS(ID) NOCHECK;
ALTER TABLE PUBLIC.BALLOTS ADD CONSTRAINT PUBLIC.FK1RRV2WY16UQONFL9CR1CQG2XD FOREIGN KEY(CHECKSUM) REFERENCES PUBLIC.CHECKSUMS(CHECKSUM) NOCHECK;
ALTER TABLE PUBLIC.LAWS ADD CONSTRAINT PUBLIC.FK9VIQDJ5LDUN0AHWQDFF1WUY39 FOREIGN KEY(AREA_ID) REFERENCES PUBLIC.AREAS(ID) NOCHECK;
ALTER TABLE PUBLIC.LAWS_COMMENTS ADD CONSTRAINT PUBLIC.FKFL0Y4QFVFPF9YNMMFJ0JEVXFF FOREIGN KEY(COMMENTS_ID) REFERENCES PUBLIC.COMMENTS(ID) NOCHECK;
ALTER TABLE PUBLIC.COMMENTS_UP_VOTERS ADD CONSTRAINT PUBLIC.FKEUURM027PDC4L5A9G9O2L0UYD FOREIGN KEY(UP_VOTERS_ID) REFERENCES PUBLIC.USERS(ID) NOCHECK;
ALTER TABLE PUBLIC.COMMENTS ADD CONSTRAINT PUBLIC.FKLRI30OKF66PHTCGBE5POK7CC0 FOREIGN KEY(PARENT_ID) REFERENCES PUBLIC.COMMENTS(ID) NOCHECK;
ALTER TABLE PUBLIC.COMMENTS_UP_VOTERS ADD CONSTRAINT PUBLIC.FK8LS8T571Y99VTTW1MDKEBXAGP FOREIGN KEY(COMMENT_MODEL_ID) REFERENCES PUBLIC.COMMENTS(ID) NOCHECK;
ALTER TABLE PUBLIC.LAWS_SUPPORTERS ADD CONSTRAINT PUBLIC.FKK8MVJC4RQ970OJAVYFIA9BQVE FOREIGN KEY(SUPPORTERS_ID) REFERENCES PUBLIC.USERS(ID) NOCHECK;
ALTER TABLE PUBLIC.COMMENTS_DOWN_VOTERS ADD CONSTRAINT PUBLIC.FKJYMYJ54LENHS4KE6MYQHLY72 FOREIGN KEY(COMMENT_MODEL_ID) REFERENCES PUBLIC.COMMENTS(ID) NOCHECK;
ALTER TABLE PUBLIC.CHECKSUMS ADD CONSTRAINT PUBLIC.FKLLW57XBW0D67OPTMWFMU3P2PC FOREIGN KEY(AREA_ID) REFERENCES PUBLIC.AREAS(ID) NOCHECK;
