SET DB_CLOSE_DELAY -1;
;
CREATE USER IF NOT EXISTS "SA" SALT '1fe01e9b43280937' HASH 'f0440f9f26c3d0b051cbe433c6f9238dd29b98d6c03d38fd48a1e955d30e9727' ADMIN;
CREATE SEQUENCE "PUBLIC"."HIBERNATE_SEQUENCE" START WITH 396;
CREATE MEMORY TABLE "PUBLIC"."AREAS"(
"ID" BIGINT NOT NULL,
"CREATED_AT" TIMESTAMP NOT NULL,
"UPDATED_AT" TIMESTAMP NOT NULL,
"DESCRIPTION" VARCHAR(255) NOT NULL,
"TITLE" VARCHAR(255) NOT NULL,
"CREATED_BY_ID" BIGINT NOT NULL
);
ALTER TABLE "PUBLIC"."AREAS" ADD CONSTRAINT "PUBLIC"."CONSTRAINT_3" PRIMARY KEY("ID");
-- 10 +/- SELECT COUNT(*) FROM PUBLIC.AREAS;
INSERT INTO "PUBLIC"."AREAS" VALUES
(22, TIMESTAMP '2019-11-27 20:49:06.852', TIMESTAMP '2019-11-27 20:49:06.852', 'Nice description for test area #0', 'Area 0', 1),
(23, TIMESTAMP '2019-11-27 20:49:06.852', TIMESTAMP '2019-11-27 20:49:06.852', 'Nice description for test area #1', 'Area 1', 1),
(24, TIMESTAMP '2019-11-27 20:49:06.862', TIMESTAMP '2019-11-27 20:49:06.862', 'Nice description for test area #2', 'Area 2', 1),
(25, TIMESTAMP '2019-11-27 20:49:06.868', TIMESTAMP '2019-11-27 20:49:06.868', 'Nice description for test area #3', 'Area 3', 1),
(26, TIMESTAMP '2019-11-27 20:49:06.87', TIMESTAMP '2019-11-27 20:49:06.87', 'Nice description for test area #4', 'Area 4', 1),
(27, TIMESTAMP '2019-11-27 20:49:06.872', TIMESTAMP '2019-11-27 20:49:06.872', 'Nice description for test area #5', 'Area 5', 1),
(28, TIMESTAMP '2019-11-27 20:49:06.872', TIMESTAMP '2019-11-27 20:49:06.872', 'Nice description for test area #6', 'Area 6', 1),
(29, TIMESTAMP '2019-11-27 20:49:06.88', TIMESTAMP '2019-11-27 20:49:06.88', 'Nice description for test area #7', 'Area 7', 1),
(30, TIMESTAMP '2019-11-27 20:49:06.88', TIMESTAMP '2019-11-27 20:49:06.88', 'Nice description for test area #8', 'Area 8', 1),
(31, TIMESTAMP '2019-11-27 20:49:06.88', TIMESTAMP '2019-11-27 20:49:06.88', 'Nice description for test area #9', 'Area 9', 1);
CREATE MEMORY TABLE "PUBLIC"."BALLOTS"(
"ID" BIGINT NOT NULL,
"LEVEL" INTEGER NOT NULL,
"VOTE_COUNT" BIGINT NOT NULL,
"CHECKSUM" VARCHAR(255) NOT NULL,
"POLL_ID" BIGINT NOT NULL
);
ALTER TABLE "PUBLIC"."BALLOTS" ADD CONSTRAINT "PUBLIC"."CONSTRAINT_1" PRIMARY KEY("ID");
-- 32 +/- SELECT COUNT(*) FROM PUBLIC.BALLOTS;
INSERT INTO "PUBLIC"."BALLOTS" VALUES
(328, 0, 1, '$2a$10$1IdrGrRAN2Wp3U7QI.JIzuLWYmX8a8mYTh.vjJc7tXFvw8MYTRxn6', 308),
(329, 0, 1, '$2a$10$1IdrGrRAN2Wp3U7QI.JIzumlcpwp8brtUDnbFrq3yf2CMP0CBmGkS', 308),
(330, 0, 4, '$2a$10$1IdrGrRAN2Wp3U7QI.JIzu4HeueVNdaHPs3H5dOkHoKyKmOv2LOTy', 308),
(331, 0, 1, '$2a$10$1IdrGrRAN2Wp3U7QI.JIzuYBfqBJ8KRURXGBEFD1NIy8BIUtxNH8i', 308),
(332, 0, 1, '$2a$10$1IdrGrRAN2Wp3U7QI.JIzuj.6MAo8TWBWCw/Az7uRlus4mRiLJh/i', 308),
(333, 0, 1, '$2a$10$1IdrGrRAN2Wp3U7QI.JIzukLk9n0nP/KZdEWe.TYbRMKT7d5wS9rm', 308),
(334, 0, 2, '$2a$10$1IdrGrRAN2Wp3U7QI.JIzuEtxLCwrNT9pKlY1rgxYhl3RtaNJEQW.', 308),
(335, 1, 1, '$2a$10$1IdrGrRAN2Wp3U7QI.JIzulyuC.ir27zjCKynm/ef4Gp77Z9XU9UC', 308),
(336, 0, 1, '$2a$10$1IdrGrRAN2Wp3U7QI.JIzuNX3Ud6yFocoawh8dxtXS6Xinvh2wN8O', 308),
(337, 0, 1, '$2a$10$1IdrGrRAN2Wp3U7QI.JIzuL7lV2QCtsOcieHmoCH6Frx3m0Y2gHDy', 308),
(338, 0, 1, '$2a$10$1IdrGrRAN2Wp3U7QI.JIzupVvL.A.5dYSm7rGT0GBv1hPhN0oHIb2', 308),
(339, 0, 1, '$2a$10$1IdrGrRAN2Wp3U7QI.JIzu5kxuD9IiiPFdcwyhozqhvbAy0ZE3UIy', 308),
(340, 0, 1, '$2a$10$1IdrGrRAN2Wp3U7QI.JIzuWpvcrZ.M0VWtIrLxjdUF9DDvCTqEyxi', 308),
(341, 0, 1, '$2a$10$1IdrGrRAN2Wp3U7QI.JIzutiQDHi8vodSsYuDPKvp8FraWGUTlwFG', 308),
(342, 0, 1, '$2a$10$1IdrGrRAN2Wp3U7QI.JIzuidRK2esq5qotXMifey0buhheoxNToqO', 308),
(343, 0, 1, '$2a$10$1IdrGrRAN2Wp3U7QI.JIzu6Bp5DRTXJoaGWZwPuxZlqWxdkXxzepO', 308),
(378, 0, 1, '$2a$10$1IdrGrRAN2Wp3U7QI.JIzuLWYmX8a8mYTh.vjJc7tXFvw8MYTRxn6', 349),
(379, 0, 1, '$2a$10$1IdrGrRAN2Wp3U7QI.JIzumlcpwp8brtUDnbFrq3yf2CMP0CBmGkS', 349),
(380, 0, 4, '$2a$10$1IdrGrRAN2Wp3U7QI.JIzu4HeueVNdaHPs3H5dOkHoKyKmOv2LOTy', 349),
(381, 0, 1, '$2a$10$1IdrGrRAN2Wp3U7QI.JIzuYBfqBJ8KRURXGBEFD1NIy8BIUtxNH8i', 349),
(382, 0, 1, '$2a$10$1IdrGrRAN2Wp3U7QI.JIzuj.6MAo8TWBWCw/Az7uRlus4mRiLJh/i', 349),
(383, 0, 1, '$2a$10$1IdrGrRAN2Wp3U7QI.JIzukLk9n0nP/KZdEWe.TYbRMKT7d5wS9rm', 349),
(384, 0, 2, '$2a$10$1IdrGrRAN2Wp3U7QI.JIzuEtxLCwrNT9pKlY1rgxYhl3RtaNJEQW.', 349),
(385, 1, 1, '$2a$10$1IdrGrRAN2Wp3U7QI.JIzulyuC.ir27zjCKynm/ef4Gp77Z9XU9UC', 349),
(386, 0, 1, '$2a$10$1IdrGrRAN2Wp3U7QI.JIzuNX3Ud6yFocoawh8dxtXS6Xinvh2wN8O', 349),
(387, 0, 1, '$2a$10$1IdrGrRAN2Wp3U7QI.JIzuL7lV2QCtsOcieHmoCH6Frx3m0Y2gHDy', 349),
(388, 0, 1, '$2a$10$1IdrGrRAN2Wp3U7QI.JIzupVvL.A.5dYSm7rGT0GBv1hPhN0oHIb2', 349),
(389, 0, 1, '$2a$10$1IdrGrRAN2Wp3U7QI.JIzu5kxuD9IiiPFdcwyhozqhvbAy0ZE3UIy', 349),
(390, 0, 1, '$2a$10$1IdrGrRAN2Wp3U7QI.JIzuWpvcrZ.M0VWtIrLxjdUF9DDvCTqEyxi', 349),
(391, 0, 1, '$2a$10$1IdrGrRAN2Wp3U7QI.JIzutiQDHi8vodSsYuDPKvp8FraWGUTlwFG', 349),
(392, 0, 1, '$2a$10$1IdrGrRAN2Wp3U7QI.JIzuidRK2esq5qotXMifey0buhheoxNToqO', 349),
(393, 0, 1, '$2a$10$1IdrGrRAN2Wp3U7QI.JIzu6Bp5DRTXJoaGWZwPuxZlqWxdkXxzepO', 349);
CREATE MEMORY TABLE "PUBLIC"."BALLOTS_VOTE_ORDER"(
"BALLOT_MODEL_ID" BIGINT NOT NULL,
"VOTE_ORDER_ID" BIGINT NOT NULL,
"LAW_MODEL_ORDER" INTEGER NOT NULL
);
ALTER TABLE "PUBLIC"."BALLOTS_VOTE_ORDER" ADD CONSTRAINT "PUBLIC"."CONSTRAINT_5" PRIMARY KEY("BALLOT_MODEL_ID", "LAW_MODEL_ORDER");
-- 144 +/- SELECT COUNT(*) FROM PUBLIC.BALLOTS_VOTE_ORDER;
INSERT INTO "PUBLIC"."BALLOTS_VOTE_ORDER" VALUES
(328, 322, 0),
(328, 302, 1),
(328, 318, 2),
(328, 313, 3),
(328, 309, 4),
(329, 302, 0),
(329, 318, 1),
(329, 313, 2),
(329, 309, 3),
(329, 322, 4),
(330, 302, 0),
(330, 322, 1),
(330, 318, 2),
(330, 309, 3),
(334, 313, 0),
(334, 302, 1),
(334, 318, 2),
(334, 322, 3),
(335, 313, 0),
(335, 302, 1),
(335, 318, 2),
(335, 322, 3),
(336, 302, 0),
(336, 318, 1),
(336, 309, 2),
(336, 313, 3),
(336, 322, 4),
(331, 302, 0),
(331, 318, 1),
(331, 322, 2),
(331, 309, 3),
(331, 313, 4),
(332, 302, 0),
(332, 309, 1),
(332, 318, 2),
(332, 313, 3),
(337, 302, 0),
(337, 318, 1),
(337, 309, 2),
(337, 322, 3),
(337, 313, 4),
(338, 322, 0),
(338, 309, 1),
(338, 313, 2),
(338, 318, 3),
(338, 302, 4),
(339, 322, 0),
(339, 309, 1),
(339, 318, 2),
(339, 313, 3),
(340, 309, 0),
(340, 302, 1),
(340, 318, 2),
(340, 322, 3),
(341, 318, 0),
(341, 309, 1),
(341, 322, 2),
(342, 309, 0),
(342, 322, 1),
(342, 302, 2),
(342, 313, 3),
(342, 318, 4),
(343, 313, 0),
(343, 318, 1),
(343, 309, 2),
(343, 302, 3),
(343, 322, 4),
(333, 302, 0),
(333, 322, 1),
(333, 313, 2),
(333, 309, 3),
(378, 344, 0),
(378, 357, 1),
(378, 363, 2),
(378, 371, 3),
(378, 350, 4),
(379, 344, 0),
(379, 363, 1),
(379, 350, 2),
(379, 371, 3),
(380, 350, 0),
(380, 344, 1),
(380, 363, 2),
(380, 371, 3),
(384, 363, 0),
(384, 357, 1),
(384, 344, 2),
(384, 350, 3),
(384, 371, 4),
(385, 363, 0),
(385, 357, 1),
(385, 344, 2),
(385, 350, 3),
(385, 371, 4),
(386, 350, 0),
(386, 344, 1),
(386, 371, 2),
(386, 357, 3),
(386, 363, 4),
(381, 371, 0),
(381, 363, 1),
(381, 350, 2),
(381, 344, 3),
(382, 350, 0),
(382, 344, 1),
(382, 357, 2),
(382, 363, 3),
(382, 371, 4),
(387, 357, 0),
(387, 363, 1),
(387, 371, 2),
(387, 350, 3),
(387, 344, 4),
(388, 344, 0),
(388, 357, 1),
(388, 363, 2),
(388, 371, 3),
(389, 344, 0),
(389, 357, 1),
(389, 363, 2),
(389, 350, 3),
(389, 371, 4),
(390, 344, 0),
(390, 357, 1),
(390, 350, 2),
(391, 357, 0),
(391, 363, 1),
(391, 371, 2),
(391, 350, 3),
(391, 344, 4),
(392, 357, 0),
(392, 371, 1),
(392, 363, 2),
(392, 344, 3),
(392, 350, 4),
(393, 363, 0),
(393, 357, 1),
(393, 350, 2),
(393, 371, 3),
(393, 344, 4),
(383, 363, 0),
(383, 357, 1),
(383, 350, 2),
(383, 371, 3);
CREATE MEMORY TABLE "PUBLIC"."CHECKSUMS"(
"CHECKSUM" VARCHAR(255) NOT NULL,
"EXPIRES_AT" TIMESTAMP,
"TRANSITIVE" BOOLEAN NOT NULL,
"AREA_ID" BIGINT,
"DELEGATED_TO_CHECKSUM" VARCHAR(255),
"PUBLIC_PROXY_ID" BIGINT
);
ALTER TABLE "PUBLIC"."CHECKSUMS" ADD CONSTRAINT "PUBLIC"."CONSTRAINT_B" PRIMARY KEY("CHECKSUM");
-- 18 +/- SELECT COUNT(*) FROM PUBLIC.CHECKSUMS;
INSERT INTO "PUBLIC"."CHECKSUMS" VALUES
('$2a$10$1IdrGrRAN2Wp3U7QI.JIzuccBk8DrXNh0KtYIUb4eNp.t52wOn6W2', TIMESTAMP '2019-11-28 20:49:11.063', TRUE, 22, NULL, 1),
('$2a$10$1IdrGrRAN2Wp3U7QI.JIzuL7lV2QCtsOcieHmoCH6Frx3m0Y2gHDy', TIMESTAMP '2019-11-28 20:49:23.799', TRUE, 22, '$2a$10$1IdrGrRAN2Wp3U7QI.JIzuccBk8DrXNh0KtYIUb4eNp.t52wOn6W2', NULL),
('$2a$10$1IdrGrRAN2Wp3U7QI.JIzuEtxLCwrNT9pKlY1rgxYhl3RtaNJEQW.', TIMESTAMP '2019-11-28 20:49:22.548', TRUE, 22, '$2a$10$1IdrGrRAN2Wp3U7QI.JIzuccBk8DrXNh0KtYIUb4eNp.t52wOn6W2', 3),
('$2a$10$1IdrGrRAN2Wp3U7QI.JIzuZjktzIdpQANYKKzwjQ2AG3JLRied3ZC', TIMESTAMP '2019-11-28 20:49:12.778', TRUE, 22, '$2a$10$1IdrGrRAN2Wp3U7QI.JIzuccBk8DrXNh0KtYIUb4eNp.t52wOn6W2', 4),
('$2a$10$1IdrGrRAN2Wp3U7QI.JIzuNX3Ud6yFocoawh8dxtXS6Xinvh2wN8O', TIMESTAMP '2019-11-28 20:49:22.808', TRUE, 22, NULL, 5),
('$2a$10$1IdrGrRAN2Wp3U7QI.JIzulyuC.ir27zjCKynm/ef4Gp77Z9XU9UC', TIMESTAMP '2019-11-28 20:49:12.608', TRUE, 22, '$2a$10$1IdrGrRAN2Wp3U7QI.JIzuEtxLCwrNT9pKlY1rgxYhl3RtaNJEQW.', 6),
('$2a$10$1IdrGrRAN2Wp3U7QI.JIzu4HeueVNdaHPs3H5dOkHoKyKmOv2LOTy', TIMESTAMP '2019-11-28 20:49:22.263', TRUE, 22, '$2a$10$1IdrGrRAN2Wp3U7QI.JIzuZjktzIdpQANYKKzwjQ2AG3JLRied3ZC', 7),
('$2a$10$1IdrGrRAN2Wp3U7QI.JIzuYBfqBJ8KRURXGBEFD1NIy8BIUtxNH8i', TIMESTAMP '2019-11-28 20:49:23.068', TRUE, 22, '$2a$10$1IdrGrRAN2Wp3U7QI.JIzu4HeueVNdaHPs3H5dOkHoKyKmOv2LOTy', 10),
('$2a$10$1IdrGrRAN2Wp3U7QI.JIzuj.6MAo8TWBWCw/Az7uRlus4mRiLJh/i', TIMESTAMP '2019-11-28 20:49:23.472', TRUE, 22, '$2a$10$1IdrGrRAN2Wp3U7QI.JIzu4HeueVNdaHPs3H5dOkHoKyKmOv2LOTy', 11),
('$2a$10$1IdrGrRAN2Wp3U7QI.JIzukLk9n0nP/KZdEWe.TYbRMKT7d5wS9rm', TIMESTAMP '2019-11-28 20:49:25.493', FALSE, 22, '$2a$10$1IdrGrRAN2Wp3U7QI.JIzu4HeueVNdaHPs3H5dOkHoKyKmOv2LOTy', 12),
('$2a$10$1IdrGrRAN2Wp3U7QI.JIzuLWYmX8a8mYTh.vjJc7tXFvw8MYTRxn6', TIMESTAMP '2019-11-28 20:49:21.75', TRUE, 22, NULL, 13),
('$2a$10$1IdrGrRAN2Wp3U7QI.JIzumlcpwp8brtUDnbFrq3yf2CMP0CBmGkS', TIMESTAMP '2019-11-28 20:49:22.008', TRUE, 22, NULL, 15),
('$2a$10$1IdrGrRAN2Wp3U7QI.JIzupVvL.A.5dYSm7rGT0GBv1hPhN0oHIb2', TIMESTAMP '2019-11-28 20:49:24.058', TRUE, 22, NULL, 9),
('$2a$10$1IdrGrRAN2Wp3U7QI.JIzu5kxuD9IiiPFdcwyhozqhvbAy0ZE3UIy', TIMESTAMP '2019-11-28 20:49:24.318', TRUE, 22, NULL, 16),
('$2a$10$1IdrGrRAN2Wp3U7QI.JIzuWpvcrZ.M0VWtIrLxjdUF9DDvCTqEyxi', TIMESTAMP '2019-11-28 20:49:24.553', TRUE, 22, NULL, 20),
('$2a$10$1IdrGrRAN2Wp3U7QI.JIzutiQDHi8vodSsYuDPKvp8FraWGUTlwFG', TIMESTAMP '2019-11-28 20:49:24.798', TRUE, 22, NULL, 18),
('$2a$10$1IdrGrRAN2Wp3U7QI.JIzuidRK2esq5qotXMifey0buhheoxNToqO', TIMESTAMP '2019-11-28 20:49:25.028', TRUE, 22, NULL, 14),
('$2a$10$1IdrGrRAN2Wp3U7QI.JIzu6Bp5DRTXJoaGWZwPuxZlqWxdkXxzepO', TIMESTAMP '2019-11-28 20:49:25.263', TRUE, 22, NULL, 19);
CREATE MEMORY TABLE "PUBLIC"."COMMENTS"(
"ID" BIGINT NOT NULL,
"CREATED_AT" TIMESTAMP NOT NULL,
"UPDATED_AT" TIMESTAMP NOT NULL,
"COMMENT" VARCHAR(255) NOT NULL,
"CREATED_BY_ID" BIGINT NOT NULL,
"PARENT_ID" BIGINT,
"PROPOSAL_ID" BIGINT NOT NULL
);
ALTER TABLE "PUBLIC"."COMMENTS" ADD CONSTRAINT "PUBLIC"."CONSTRAINT_A" PRIMARY KEY("ID");
-- 131 +/- SELECT COUNT(*) FROM PUBLIC.COMMENTS;
INSERT INTO "PUBLIC"."COMMENTS" VALUES
(194, TIMESTAMP '2019-11-27 20:49:09.393', TIMESTAMP '2019-11-27 20:49:09.393', 'Comment on root level. I really like this idea, but needs to be improved. 1574884149381', 17, NULL, 193),
(195, TIMESTAMP '2019-11-27 20:49:09.401', TIMESTAMP '2019-11-27 20:49:09.401', 'Reply 0 Lorem ipsum dolor sit amet, consect', 2, 194, 193),
(196, TIMESTAMP '2019-11-27 20:49:09.403', TIMESTAMP '2019-11-27 20:49:09.403', 'Reply 1 Lorem ipsum dolor sit amet, consectetu', 15, 194, 193),
(198, TIMESTAMP '2019-11-27 20:49:09.451', TIMESTAMP '2019-11-27 20:49:09.451', 'Comment on root level. I really like this idea, but needs to be improved. 1574884149451', 16, NULL, 197),
(199, TIMESTAMP '2019-11-27 20:49:09.451', TIMESTAMP '2019-11-27 20:49:09.451', 'Reply 0 Lorem ipsum dolor sit amet, consectetur adipiscing elit, sed do eiusmod tempor inci', 9, 198, 197),
(200, TIMESTAMP '2019-11-27 20:49:09.451', TIMESTAMP '2019-11-27 20:49:09.451', 'Reply 1 Lorem ipsum ', 18, 198, 197),
(201, TIMESTAMP '2019-11-27 20:49:09.458', TIMESTAMP '2019-11-27 20:49:09.458', 'Reply 2 Lorem ipsum dolor sit amet, consectetur adipiscing elit, sed ', 9, 198, 197),
(202, TIMESTAMP '2019-11-27 20:49:09.461', TIMESTAMP '2019-11-27 20:49:09.461', 'Reply 3 Lorem ipsum dolor sit amet, consectetur adipiscing elit, sed do eiusmo', 7, 198, 197),
(203, TIMESTAMP '2019-11-27 20:49:09.461', TIMESTAMP '2019-11-27 20:49:09.461', 'Reply 4 Lorem ipsum dolor sit amet, consectetur adipiscing elit, sed do eiusmod ', 9, 198, 197),
(205, TIMESTAMP '2019-11-27 20:49:09.499', TIMESTAMP '2019-11-27 20:49:09.499', 'Comment on root level. I really like this idea, but needs to be improved. 1574884149499', 1, NULL, 204),
(206, TIMESTAMP '2019-11-27 20:49:09.501', TIMESTAMP '2019-11-27 20:49:09.501', 'Reply 0 Lorem ipsum dolor sit amet, consectetur adipiscing elit, sed do eiusmod tempor incididunt ut lab', 14, 205, 204),
(207, TIMESTAMP '2019-11-27 20:49:09.501', TIMESTAMP '2019-11-27 20:49:09.501', 'Reply 1 Lorem ipsum dolor sit amet, consectetur adipiscing elit, sed do eiusmod tempor incididu', 16, 205, 204),
(208, TIMESTAMP '2019-11-27 20:49:09.501', TIMESTAMP '2019-11-27 20:49:09.501', 'Reply 2 Lorem ipsum dolor sit amet,', 19, 205, 204),
(209, TIMESTAMP '2019-11-27 20:49:09.501', TIMESTAMP '2019-11-27 20:49:09.501', 'Reply 3 Lorem ipsum dolor sit amet, consectetur adipiscing elit, sed do eiusmod tempor', 1, 205, 204),
(211, TIMESTAMP '2019-11-27 20:49:09.53', TIMESTAMP '2019-11-27 20:49:09.53', 'Comment on root level. I really like this idea, but needs to be improved. 1574884149530', 2, NULL, 210),
(212, TIMESTAMP '2019-11-27 20:49:09.532', TIMESTAMP '2019-11-27 20:49:09.532', 'Reply 0 Lorem ipsum dolor sit amet, consectetur adipiscing elit, sed do eiusmod tem', 13, 211, 210),
(213, TIMESTAMP '2019-11-27 20:49:09.532', TIMESTAMP '2019-11-27 20:49:09.532', 'Reply 1 Lorem ipsum dolor sit amet, consectetur adipiscing elit, sed do eiusmod tempor ', 2, 211, 210),
(214, TIMESTAMP '2019-11-27 20:49:09.532', TIMESTAMP '2019-11-27 20:49:09.532', 'Reply 2 Lorem ipsum dolor sit amet, consectetur adipiscing elit, sed do eiusmod temp', 10, 211, 210),
(215, TIMESTAMP '2019-11-27 20:49:09.532', TIMESTAMP '2019-11-27 20:49:09.532', 'Reply 3 Lorem ipsum dolor s', 5, 211, 210),
(216, TIMESTAMP '2019-11-27 20:49:09.54', TIMESTAMP '2019-11-27 20:49:09.54', 'Reply 4 Lorem ipsum dolor sit amet, consectetur adipiscing elit, sed do eiusmod tempor incid', 15, 211, 210),
(217, TIMESTAMP '2019-11-27 20:49:09.542', TIMESTAMP '2019-11-27 20:49:09.542', 'Reply 5 Lorem ipsum dolor sit amet, consectetur adipiscing elit', 19, 211, 210),
(219, TIMESTAMP '2019-11-27 20:49:09.562', TIMESTAMP '2019-11-27 20:49:09.562', 'Comment on root level. I really like this idea, but needs to be improved. 1574884149562', 17, NULL, 218),
(220, TIMESTAMP '2019-11-27 20:49:09.562', TIMESTAMP '2019-11-27 20:49:09.562', 'Reply 0 Lorem ipsum dolor sit amet, consectetur adipiscing elit, sed do eiusmod', 1, 219, 218),
(221, TIMESTAMP '2019-11-27 20:49:09.57', TIMESTAMP '2019-11-27 20:49:09.57', 'Reply 1 Lorem ipsum dolor sit ame', 19, 219, 218);
INSERT INTO "PUBLIC"."COMMENTS" VALUES
(222, TIMESTAMP '2019-11-27 20:49:09.57', TIMESTAMP '2019-11-27 20:49:09.57', 'Reply 2 Lorem ipsum dolor sit amet, consectetur adipiscing eli', 1, 219, 218),
(233, TIMESTAMP '2019-11-27 20:49:15.149', TIMESTAMP '2019-11-27 20:49:15.149', 'Comment on root level. I really like this idea, but needs to be improved. 1574884155149', 6, NULL, 232),
(234, TIMESTAMP '2019-11-27 20:49:15.153', TIMESTAMP '2019-11-27 20:49:15.153', 'Reply 0 Lorem ipsum dolor sit amet, consectetur adipiscing elit, ', 19, 233, 232),
(235, TIMESTAMP '2019-11-27 20:49:15.153', TIMESTAMP '2019-11-27 20:49:15.153', 'Reply 1 Lorem ipsum dolor sit amet, consectetur adipiscing elit, sed do eiusmod tempor incididunt ', 16, 233, 232),
(236, TIMESTAMP '2019-11-27 20:49:15.153', TIMESTAMP '2019-11-27 20:49:15.153', 'Reply 2 Lorem ipsum dolor sit amet, consectetur adipiscing elit, sed do eiusmod tempor i', 19, 233, 232),
(237, TIMESTAMP '2019-11-27 20:49:15.153', TIMESTAMP '2019-11-27 20:49:15.153', 'Reply 3 Lorem ipsum dolor sit amet, consectetur adipiscing elit, sed do eiusmod tempor incididunt ut lab', 2, 233, 232),
(240, TIMESTAMP '2019-11-27 20:49:15.188', TIMESTAMP '2019-11-27 20:49:15.188', 'Comment on root level. I really like this idea, but needs to be improved. 1574884155188', 2, NULL, 239),
(241, TIMESTAMP '2019-11-27 20:49:15.193', TIMESTAMP '2019-11-27 20:49:15.193', 'Reply 0 Lorem ipsum dolor sit amet, consectetur adip', 1, 240, 239),
(242, TIMESTAMP '2019-11-27 20:49:15.193', TIMESTAMP '2019-11-27 20:49:15.193', 'Reply 1 Lorem ipsum dolor sit amet, consectetur', 8, 240, 239),
(243, TIMESTAMP '2019-11-27 20:49:15.193', TIMESTAMP '2019-11-27 20:49:15.193', 'Reply 2 Lorem ipsum dolor sit amet, consectetur adipi', 7, 240, 239),
(244, TIMESTAMP '2019-11-27 20:49:15.198', TIMESTAMP '2019-11-27 20:49:15.198', 'Reply 3 Lorem ipsum dolor sit amet, consectetur ad', 8, 240, 239),
(245, TIMESTAMP '2019-11-27 20:49:15.198', TIMESTAMP '2019-11-27 20:49:15.198', 'Reply 4 Lorem ipsum dolor sit', 13, 240, 239),
(246, TIMESTAMP '2019-11-27 20:49:15.198', TIMESTAMP '2019-11-27 20:49:15.198', 'Reply 5 Lorem ipsum dolor sit amet, consectetur adipiscing elit, sed do eiusmod ', 19, 240, 239),
(248, TIMESTAMP '2019-11-27 20:49:15.223', TIMESTAMP '2019-11-27 20:49:15.223', 'Comment on root level. I really like this idea, but needs to be improved. 1574884155223', 18, NULL, 247),
(249, TIMESTAMP '2019-11-27 20:49:15.223', TIMESTAMP '2019-11-27 20:49:15.223', 'Reply 0 Lorem ipsum dolor sit amet, consectetur adipiscing elit, sed do eiusmod tempor incididunt ut lab', 7, 248, 247),
(250, TIMESTAMP '2019-11-27 20:49:15.228', TIMESTAMP '2019-11-27 20:49:15.228', 'Reply 1 Lorem ipsum dolor sit amet, consectetur ', 18, 248, 247),
(251, TIMESTAMP '2019-11-27 20:49:15.228', TIMESTAMP '2019-11-27 20:49:15.228', 'Reply 2 Lorem ipsum dolor sit amet, conse', 3, 248, 247),
(252, TIMESTAMP '2019-11-27 20:49:15.228', TIMESTAMP '2019-11-27 20:49:15.228', 'Reply 3 Lorem ipsum dolor sit amet, c', 12, 248, 247),
(254, TIMESTAMP '2019-11-27 20:49:15.253', TIMESTAMP '2019-11-27 20:49:15.253', 'Comment on root level. I really like this idea, but needs to be improved. 1574884155253', 13, NULL, 253),
(255, TIMESTAMP '2019-11-27 20:49:15.258', TIMESTAMP '2019-11-27 20:49:15.258', 'Reply 0 Lorem ipsum dolor s', 20, 254, 253),
(256, TIMESTAMP '2019-11-27 20:49:15.258', TIMESTAMP '2019-11-27 20:49:15.258', 'Reply 1 Lorem ipsu', 9, 254, 253),
(257, TIMESTAMP '2019-11-27 20:49:15.258', TIMESTAMP '2019-11-27 20:49:15.258', 'Reply 2 Lorem ipsum dolor sit amet, consectetur adipiscing elit, sed do eiusmod tempor incididunt ut labore', 9, 254, 253),
(258, TIMESTAMP '2019-11-27 20:49:15.263', TIMESTAMP '2019-11-27 20:49:15.263', 'Reply 3 Lorem ipsum dolor sit amet, consectetur adipiscing elit, sed do eius', 19, 254, 253),
(260, TIMESTAMP '2019-11-27 20:49:15.283', TIMESTAMP '2019-11-27 20:49:15.283', 'Comment on root level. I really like this idea, but needs to be improved. 1574884155283', 20, NULL, 259),
(261, TIMESTAMP '2019-11-27 20:49:15.288', TIMESTAMP '2019-11-27 20:49:15.288', 'Reply 0 Lorem ipsum dolor sit amet, consectetur adipiscing elit, ', 18, 260, 259);
INSERT INTO "PUBLIC"."COMMENTS" VALUES
(262, TIMESTAMP '2019-11-27 20:49:15.288', TIMESTAMP '2019-11-27 20:49:15.288', 'Reply 1 Lorem ipsum dolor sit amet, consectetur adipiscing elit, sed do eiusmod tempor incididunt ut labore', 13, 260, 259),
(263, TIMESTAMP '2019-11-27 20:49:15.288', TIMESTAMP '2019-11-27 20:49:15.288', 'Reply 2 Lorem ipsum dolor sit amet, consectetur adipiscing ', 8, 260, 259),
(264, TIMESTAMP '2019-11-27 20:49:15.288', TIMESTAMP '2019-11-27 20:49:15.288', 'Reply 3 Lorem ipsum dolor sit ame', 20, 260, 259),
(265, TIMESTAMP '2019-11-27 20:49:15.293', TIMESTAMP '2019-11-27 20:49:15.293', 'Reply 4 Lorem ipsum dolor sit amet, consectetur adipiscing elit, sed do eiusmod temp', 17, 260, 259),
(267, TIMESTAMP '2019-11-27 20:49:15.318', TIMESTAMP '2019-11-27 20:49:15.318', 'Comment on root level. I really like this idea, but needs to be improved. 1574884155313', 20, NULL, 266),
(268, TIMESTAMP '2019-11-27 20:49:15.318', TIMESTAMP '2019-11-27 20:49:15.318', 'Reply 0 Lorem ipsum dolor sit amet, consectetur adipiscin', 3, 267, 266),
(269, TIMESTAMP '2019-11-27 20:49:15.318', TIMESTAMP '2019-11-27 20:49:15.318', 'Reply 1 Lorem ipsum dolor sit amet, consectetur adipiscing elit, sed do eiusmod tempo', 7, 267, 266),
(270, TIMESTAMP '2019-11-27 20:49:15.318', TIMESTAMP '2019-11-27 20:49:15.318', 'Reply 2 Lorem ipsum d', 14, 267, 266),
(271, TIMESTAMP '2019-11-27 20:49:15.323', TIMESTAMP '2019-11-27 20:49:15.323', 'Reply 3 Lorem ipsum dolor sit amet, con', 19, 267, 266),
(272, TIMESTAMP '2019-11-27 20:49:15.323', TIMESTAMP '2019-11-27 20:49:15.323', 'Reply 4 Lorem ipsum dolor sit amet, consectetur adipiscing elit, sed do eiusmod tempor incidi', 16, 267, 266),
(273, TIMESTAMP '2019-11-27 20:49:15.323', TIMESTAMP '2019-11-27 20:49:15.323', 'Reply 5 Lorem ipsum dolor sit amet, consectetur adipiscing elit, sed do eiusmod tempor incididunt', 11, 267, 266),
(276, TIMESTAMP '2019-11-27 20:49:15.358', TIMESTAMP '2019-11-27 20:49:15.358', 'Comment on root level. I really like this idea, but needs to be improved. 1574884155353', 10, NULL, 275),
(277, TIMESTAMP '2019-11-27 20:49:15.358', TIMESTAMP '2019-11-27 20:49:15.358', 'Reply 0 Lorem ipsum dolor sit amet, cons', 5, 276, 275),
(278, TIMESTAMP '2019-11-27 20:49:15.358', TIMESTAMP '2019-11-27 20:49:15.358', 'Reply 1 Lorem ipsum dolor sit amet, consectetur adipiscing elit, sed do eiusmod tempor incididun', 11, 276, 275),
(279, TIMESTAMP '2019-11-27 20:49:15.363', TIMESTAMP '2019-11-27 20:49:15.363', 'Reply 2 Lorem ipsum dolor sit amet, consectetur adipiscing elit, sed do eiusmod tempor incididunt ut la', 4, 276, 275),
(280, TIMESTAMP '2019-11-27 20:49:15.363', TIMESTAMP '2019-11-27 20:49:15.363', 'Reply 3 Lorem ipsum dolor sit amet, consectetur adipiscing elit, sed do e', 5, 276, 275),
(281, TIMESTAMP '2019-11-27 20:49:15.363', TIMESTAMP '2019-11-27 20:49:15.363', 'Reply 4 Lorem ipsum dolor sit amet, consectetur a', 16, 276, 275),
(283, TIMESTAMP '2019-11-27 20:49:15.393', TIMESTAMP '2019-11-27 20:49:15.393', 'Comment on root level. I really like this idea, but needs to be improved. 1574884155393', 10, NULL, 282),
(284, TIMESTAMP '2019-11-27 20:49:15.393', TIMESTAMP '2019-11-27 20:49:15.393', 'Reply 0 Lorem ipsum dolor sit amet, consectetur adipiscing elit, sed do eiusmod tempor inci', 12, 283, 282),
(285, TIMESTAMP '2019-11-27 20:49:15.398', TIMESTAMP '2019-11-27 20:49:15.398', 'Reply 1 Lorem ipsum dolor sit amet, consectetur adipiscing elit, sed do eiusmod tempor incididunt ut l', 9, 283, 282),
(286, TIMESTAMP '2019-11-27 20:49:15.398', TIMESTAMP '2019-11-27 20:49:15.398', 'Reply 2 Lorem ipsum dolor sit amet, consectetur adipiscing elit, sed do eiusmod tempor incididunt', 14, 283, 282),
(287, TIMESTAMP '2019-11-27 20:49:15.398', TIMESTAMP '2019-11-27 20:49:15.398', 'Reply 3 Lorem ipsum dolor sit amet, consectetur adipiscing elit, sed do ei', 10, 283, 282),
(288, TIMESTAMP '2019-11-27 20:49:15.398', TIMESTAMP '2019-11-27 20:49:15.398', 'Reply 4 Lorem ipsum dolor sit amet, con', 1, 283, 282),
(289, TIMESTAMP '2019-11-27 20:49:15.403', TIMESTAMP '2019-11-27 20:49:15.403', 'Reply 5 Lorem ipsum dolor sit amet, consectetur adipiscing elit, sed do eiusmod te', 18, 283, 282);
INSERT INTO "PUBLIC"."COMMENTS" VALUES
(291, TIMESTAMP '2019-11-27 20:49:15.438', TIMESTAMP '2019-11-27 20:49:15.438', 'Comment on root level. I really like this idea, but needs to be improved. 1574884155438', 7, NULL, 290),
(292, TIMESTAMP '2019-11-27 20:49:15.438', TIMESTAMP '2019-11-27 20:49:15.438', 'Reply 0 Lorem ipsum dolor sit amet, consectetur adip', 7, 291, 290),
(293, TIMESTAMP '2019-11-27 20:49:15.443', TIMESTAMP '2019-11-27 20:49:15.443', 'Reply 1 Lorem ipsum dolor sit amet, consectetur', 13, 291, 290),
(294, TIMESTAMP '2019-11-27 20:49:15.448', TIMESTAMP '2019-11-27 20:49:15.448', 'Reply 2 Lorem ipsum dolor sit amet, consectetur adipiscing elit, se', 9, 291, 290),
(295, TIMESTAMP '2019-11-27 20:49:15.448', TIMESTAMP '2019-11-27 20:49:15.448', 'Reply 3 Lorem ipsum dolor sit amet, consectetur adipiscing elit, sed do ', 3, 291, 290),
(296, TIMESTAMP '2019-11-27 20:49:15.463', TIMESTAMP '2019-11-27 20:49:15.463', 'Reply 4 Lorem ipsum dolor sit amet, consectetur adipiscing ', 9, 291, 290),
(298, TIMESTAMP '2019-11-27 20:49:15.488', TIMESTAMP '2019-11-27 20:49:15.488', 'Comment on root level. I really like this idea, but needs to be improved. 1574884155488', 6, NULL, 297),
(299, TIMESTAMP '2019-11-27 20:49:15.488', TIMESTAMP '2019-11-27 20:49:15.488', 'Reply 0 Lorem ipsum dolor sit amet, consectetur adipiscing elit, sed do eiusmo', 12, 298, 297),
(300, TIMESTAMP '2019-11-27 20:49:15.488', TIMESTAMP '2019-11-27 20:49:15.488', 'Reply 1 Lorem ipsum dolor sit amet, consectetur adipis', 15, 298, 297),
(301, TIMESTAMP '2019-11-27 20:49:15.493', TIMESTAMP '2019-11-27 20:49:15.493', 'Reply 2 Lorem ipsum dolor sit amet, consectetur adipiscing elit, sed do eiusmod tempor incididu', 15, 298, 297),
(303, TIMESTAMP '2019-11-27 20:49:15.568', TIMESTAMP '2019-11-27 20:49:15.568', 'Comment on root level. I really like this idea, but needs to be improved. 1574884155568', 12, NULL, 302),
(304, TIMESTAMP '2019-11-27 20:49:15.568', TIMESTAMP '2019-11-27 20:49:15.568', 'Reply 0 Lorem ipsum dolor sit amet, consectetur adipiscing elit, sed do eiusmod tempor incid', 2, 303, 302),
(305, TIMESTAMP '2019-11-27 20:49:15.573', TIMESTAMP '2019-11-27 20:49:15.573', 'Reply 1 Lorem ipsum dolor sit amet, ', 7, 303, 302),
(306, TIMESTAMP '2019-11-27 20:49:15.573', TIMESTAMP '2019-11-27 20:49:15.573', 'Reply 2 Lorem ipsum dolor sit amet, consectetur', 17, 303, 302),
(307, TIMESTAMP '2019-11-27 20:49:15.573', TIMESTAMP '2019-11-27 20:49:15.573', 'Reply 3 Lorem ipsum dolor si', 15, 303, 302),
(310, TIMESTAMP '2019-11-27 20:49:15.598', TIMESTAMP '2019-11-27 20:49:15.598', 'Comment on root level. I really like this idea, but needs to be improved. 1574884155598', 4, NULL, 309),
(311, TIMESTAMP '2019-11-27 20:49:15.598', TIMESTAMP '2019-11-27 20:49:15.598', 'Reply 0 Lorem ipsum dolor sit ', 8, 310, 309),
(312, TIMESTAMP '2019-11-27 20:49:15.598', TIMESTAMP '2019-11-27 20:49:15.598', 'Reply 1 Lorem ipsum dolor sit amet, consectetu', 13, 310, 309),
(314, TIMESTAMP '2019-11-27 20:49:15.623', TIMESTAMP '2019-11-27 20:49:15.623', 'Comment on root level. I really like this idea, but needs to be improved. 1574884155618', 13, NULL, 313),
(315, TIMESTAMP '2019-11-27 20:49:15.628', TIMESTAMP '2019-11-27 20:49:15.628', 'Reply 0 Lorem ipsum dolor sit amet, consectetur ', 15, 314, 313),
(316, TIMESTAMP '2019-11-27 20:49:15.628', TIMESTAMP '2019-11-27 20:49:15.628', 'Reply 1 Lorem ipsum dolor sit ame', 1, 314, 313),
(317, TIMESTAMP '2019-11-27 20:49:15.633', TIMESTAMP '2019-11-27 20:49:15.633', 'Reply 2 Lorem ipsum dolor sit amet, consectetur adipiscing elit, sed d', 8, 314, 313),
(319, TIMESTAMP '2019-11-27 20:49:15.658', TIMESTAMP '2019-11-27 20:49:15.658', 'Comment on root level. I really like this idea, but needs to be improved. 1574884155658', 12, NULL, 318),
(320, TIMESTAMP '2019-11-27 20:49:15.663', TIMESTAMP '2019-11-27 20:49:15.663', 'Reply 0 Lorem ipsum dolor sit amet, consectetur adipiscing elit, sed do eiusmod tempor incididunt ut', 2, 319, 318),
(321, TIMESTAMP '2019-11-27 20:49:15.663', TIMESTAMP '2019-11-27 20:49:15.663', 'Reply 1 Lorem ipsum dolor sit amet, consectetur adipiscing elit, sed do eius', 9, 319, 318);
INSERT INTO "PUBLIC"."COMMENTS" VALUES
(323, TIMESTAMP '2019-11-27 20:49:15.713', TIMESTAMP '2019-11-27 20:49:15.713', 'Comment on root level. I really like this idea, but needs to be improved. 1574884155713', 17, NULL, 322),
(324, TIMESTAMP '2019-11-27 20:49:15.713', TIMESTAMP '2019-11-27 20:49:15.713', 'Reply 0 Lorem ipsum dolor sit amet, consectetur adipiscing elit, sed do e', 8, 323, 322),
(325, TIMESTAMP '2019-11-27 20:49:15.713', TIMESTAMP '2019-11-27 20:49:15.713', 'Reply 1 Lorem ipsum dolor sit amet, consectetur adipiscing elit, sed do eiusmod tempor incididun', 16, 323, 322),
(326, TIMESTAMP '2019-11-27 20:49:15.713', TIMESTAMP '2019-11-27 20:49:15.713', 'Reply 2 Lorem ipsum dolor sit amet, consectetur adipiscing elit, sed do eiusmod te', 12, 323, 322),
(327, TIMESTAMP '2019-11-27 20:49:15.718', TIMESTAMP '2019-11-27 20:49:15.718', 'Reply 3 Lorem ipsum dolor sit amet, consectetur adip', 2, 323, 322),
(345, TIMESTAMP '2019-11-27 20:49:21.368', TIMESTAMP '2019-11-27 20:49:21.368', 'Comment on root level. I really like this idea, but needs to be improved. 1574884161368', 12, NULL, 344),
(346, TIMESTAMP '2019-11-27 20:49:21.373', TIMESTAMP '2019-11-27 20:49:21.373', 'Reply 0 Lorem ipsum dolor sit amet, consecte', 11, 345, 344),
(347, TIMESTAMP '2019-11-27 20:49:21.373', TIMESTAMP '2019-11-27 20:49:21.373', 'Reply 1 Lorem ipsum dolor sit amet, consectetur adipiscing elit, sed do eiusmod tempor inci', 8, 345, 344),
(348, TIMESTAMP '2019-11-27 20:49:21.373', TIMESTAMP '2019-11-27 20:49:21.373', 'Reply 2 Lorem ipsum dolor sit amet, consectetur adipiscing elit, sed do eiusmod te', 9, 345, 344),
(351, TIMESTAMP '2019-11-27 20:49:21.393', TIMESTAMP '2019-11-27 20:49:21.393', 'Comment on root level. I really like this idea, but needs to be improved. 1574884161393', 20, NULL, 350),
(352, TIMESTAMP '2019-11-27 20:49:21.393', TIMESTAMP '2019-11-27 20:49:21.393', 'Reply 0 Lorem ipsum dolor si', 12, 351, 350),
(353, TIMESTAMP '2019-11-27 20:49:21.398', TIMESTAMP '2019-11-27 20:49:21.398', 'Reply 1 Lorem ipsum dolor sit amet, consectetur adipiscing elit, s', 16, 351, 350),
(354, TIMESTAMP '2019-11-27 20:49:21.398', TIMESTAMP '2019-11-27 20:49:21.398', 'Reply 2 Lorem ipsum dolor sit amet, consectetur adipis', 17, 351, 350),
(355, TIMESTAMP '2019-11-27 20:49:21.398', TIMESTAMP '2019-11-27 20:49:21.398', 'Reply 3 Lorem ipsum dolor sit amet, consectetur adipiscing elit, sed ', 16, 351, 350),
(356, TIMESTAMP '2019-11-27 20:49:21.398', TIMESTAMP '2019-11-27 20:49:21.398', 'Reply 4 Lorem ipsum dolor sit amet, consectetur adipisci', 10, 351, 350),
(358, TIMESTAMP '2019-11-27 20:49:21.423', TIMESTAMP '2019-11-27 20:49:21.423', 'Comment on root level. I really like this idea, but needs to be improved. 1574884161423', 19, NULL, 357),
(359, TIMESTAMP '2019-11-27 20:49:21.423', TIMESTAMP '2019-11-27 20:49:21.423', 'Reply 0 Lorem ipsum dolor sit amet, consectetur adipiscing', 19, 358, 357),
(360, TIMESTAMP '2019-11-27 20:49:21.423', TIMESTAMP '2019-11-27 20:49:21.423', 'Reply 1 Lorem ipsum dolor sit amet, consectetur adipiscing elit, sed do eiusmod tempor incididu', 17, 358, 357),
(361, TIMESTAMP '2019-11-27 20:49:21.428', TIMESTAMP '2019-11-27 20:49:21.428', 'Reply 2 Lorem ipsum dolor sit amet, consectetur adipiscing elit, sed do eiusmod tempor incididunt ut labor', 6, 358, 357),
(362, TIMESTAMP '2019-11-27 20:49:21.428', TIMESTAMP '2019-11-27 20:49:21.428', 'Reply 3 Lorem ipsum dolor sit amet, consectetur adipisci', 19, 358, 357),
(364, TIMESTAMP '2019-11-27 20:49:21.448', TIMESTAMP '2019-11-27 20:49:21.448', 'Comment on root level. I really like this idea, but needs to be improved. 1574884161448', 6, NULL, 363),
(365, TIMESTAMP '2019-11-27 20:49:21.448', TIMESTAMP '2019-11-27 20:49:21.448', 'Reply 0 Lorem ipsum dolor sit amet', 7, 364, 363),
(366, TIMESTAMP '2019-11-27 20:49:21.448', TIMESTAMP '2019-11-27 20:49:21.448', 'Reply 1 Lorem ipsum dolor sit amet, consectetur adipiscing elit, sed do eiusmo', 4, 364, 363),
(367, TIMESTAMP '2019-11-27 20:49:21.453', TIMESTAMP '2019-11-27 20:49:21.453', 'Reply 2 Lorem ipsum dolor sit amet, consec', 18, 364, 363);
INSERT INTO "PUBLIC"."COMMENTS" VALUES
(368, TIMESTAMP '2019-11-27 20:49:21.453', TIMESTAMP '2019-11-27 20:49:21.453', 'Reply 3 Lorem ipsum dolor sit amet, consectetu', 14, 364, 363),
(369, TIMESTAMP '2019-11-27 20:49:21.453', TIMESTAMP '2019-11-27 20:49:21.453', 'Reply 4 Lorem ipsum dolor', 16, 364, 363),
(370, TIMESTAMP '2019-11-27 20:49:21.453', TIMESTAMP '2019-11-27 20:49:21.453', 'Reply 5 Lorem ipsum dolor sit amet, consectetur adipiscing elit, sed do eiusmod tempor incididunt ut lab', 6, 364, 363),
(372, TIMESTAMP '2019-11-27 20:49:21.473', TIMESTAMP '2019-11-27 20:49:21.473', 'Comment on root level. I really like this idea, but needs to be improved. 1574884161473', 17, NULL, 371),
(373, TIMESTAMP '2019-11-27 20:49:21.473', TIMESTAMP '2019-11-27 20:49:21.473', 'Reply 0 Lorem ipsum dolor sit amet, consectetur adipiscin', 4, 372, 371),
(374, TIMESTAMP '2019-11-27 20:49:21.478', TIMESTAMP '2019-11-27 20:49:21.478', 'Reply 1 Lorem ipsum dolor', 7, 372, 371),
(375, TIMESTAMP '2019-11-27 20:49:21.478', TIMESTAMP '2019-11-27 20:49:21.478', 'Reply 2 Lorem ipsum dolor sit amet, consectetur adipiscing elit, sed do eiusmo', 11, 372, 371),
(376, TIMESTAMP '2019-11-27 20:49:21.478', TIMESTAMP '2019-11-27 20:49:21.478', 'Reply 3 Lorem ipsum d', 6, 372, 371),
(377, TIMESTAMP '2019-11-27 20:49:21.478', TIMESTAMP '2019-11-27 20:49:21.478', 'Reply 4 Lorem ipsum dolor sit amet, consectetur adipiscing elit, sed do eiu', 3, 372, 371);
CREATE MEMORY TABLE "PUBLIC"."COMMENTS_DOWN_VOTERS"(
"COMMENT_MODEL_ID" BIGINT NOT NULL,
"DOWN_VOTERS_ID" BIGINT NOT NULL
);
ALTER TABLE "PUBLIC"."COMMENTS_DOWN_VOTERS" ADD CONSTRAINT "PUBLIC"."CONSTRAINT_2" PRIMARY KEY("COMMENT_MODEL_ID", "DOWN_VOTERS_ID");
-- 315 +/- SELECT COUNT(*) FROM PUBLIC.COMMENTS_DOWN_VOTERS;
INSERT INTO "PUBLIC"."COMMENTS_DOWN_VOTERS" VALUES
(194, 8),
(194, 18),
(194, 20),
(195, 6),
(195, 18),
(195, 7),
(195, 12),
(196, 2),
(196, 8),
(196, 1),
(196, 5),
(198, 11),
(198, 20),
(199, 4),
(199, 12),
(200, 2),
(200, 20),
(200, 12),
(202, 19),
(202, 5),
(203, 6),
(203, 1),
(203, 3),
(203, 16),
(203, 5),
(205, 4),
(205, 6),
(207, 13),
(207, 6),
(208, 11),
(208, 14),
(208, 12),
(209, 20),
(209, 14),
(209, 19),
(211, 8),
(211, 5),
(212, 4),
(212, 19),
(213, 4),
(213, 13),
(213, 1),
(213, 3),
(213, 19),
(214, 14),
(214, 5),
(215, 6),
(215, 10),
(215, 5),
(216, 2),
(216, 15),
(216, 5),
(217, 17),
(219, 8),
(219, 7),
(219, 16),
(219, 5),
(219, 12),
(221, 2),
(221, 1),
(222, 14),
(222, 15),
(233, 8),
(233, 16),
(233, 12),
(233, 9),
(234, 11),
(235, 2),
(235, 19),
(236, 17),
(237, 1),
(237, 5),
(240, 4),
(241, 13),
(241, 18),
(241, 10),
(242, 2),
(243, 7),
(243, 16),
(244, 4),
(245, 2),
(245, 18),
(245, 14),
(246, 13),
(246, 8),
(246, 14),
(246, 10),
(246, 15),
(248, 2),
(248, 8),
(248, 18),
(249, 1),
(250, 4),
(251, 17),
(251, 20),
(251, 14),
(251, 1),
(252, 8),
(254, 12),
(255, 4),
(255, 7),
(255, 16),
(256, 18),
(256, 14),
(257, 8),
(257, 19),
(258, 13),
(258, 10),
(260, 6),
(260, 3),
(260, 16),
(260, 9),
(262, 13),
(262, 20),
(262, 7),
(263, 2),
(263, 14),
(263, 15),
(263, 5),
(264, 8),
(264, 20),
(264, 10),
(264, 16),
(265, 7),
(267, 2),
(268, 13),
(268, 10),
(268, 3),
(269, 11),
(270, 20),
(270, 7),
(270, 10),
(271, 8),
(272, 13),
(273, 13),
(273, 5),
(276, 10),
(276, 5),
(277, 16),
(278, 6),
(278, 19),
(279, 17),
(280, 2),
(280, 14),
(280, 19),
(281, 13),
(281, 20),
(281, 14),
(283, 13),
(283, 8),
(283, 18),
(283, 17),
(283, 7),
(284, 7),
(285, 4),
(285, 6),
(285, 12),
(286, 19),
(287, 15),
(288, 19),
(288, 15),
(289, 17),
(289, 1),
(291, 6),
(291, 18),
(291, 20),
(291, 16),
(291, 9),
(292, 2),
(292, 14),
(293, 13),
(293, 12),
(295, 14),
(295, 5),
(296, 13),
(296, 8),
(298, 4),
(298, 14),
(298, 5),
(298, 9),
(299, 7),
(299, 10),
(299, 19),
(299, 16),
(299, 9),
(301, 18),
(301, 3),
(303, 19),
(303, 15),
(304, 4),
(304, 3),
(305, 18),
(305, 20),
(305, 7),
(305, 5),
(306, 20),
(306, 9),
(307, 8),
(307, 7),
(307, 5),
(310, 13),
(310, 17),
(310, 12),
(311, 2),
(311, 11),
(311, 20),
(314, 4),
(314, 2),
(314, 11),
(314, 20),
(314, 10),
(314, 1),
(315, 4),
(316, 6),
(316, 8),
(316, 16),
(316, 12),
(317, 8),
(317, 18),
(317, 10),
(317, 19),
(319, 20),
(320, 18),
(320, 20),
(320, 3),
(320, 5),
(320, 9),
(323, 6),
(323, 17),
(323, 19),
(324, 4),
(324, 11),
(324, 15),
(325, 4),
(325, 19),
(326, 3),
(327, 2),
(327, 8),
(345, 6),
(345, 7),
(346, 17),
(346, 18),
(346, 12),
(347, 17),
(348, 13),
(348, 11),
(348, 17),
(348, 16),
(351, 6),
(351, 11),
(351, 1),
(352, 18),
(352, 16),
(352, 15),
(353, 17),
(353, 15),
(354, 3),
(354, 5),
(355, 18),
(355, 7),
(355, 15),
(356, 2),
(358, 5),
(358, 9),
(359, 8),
(359, 7),
(359, 3),
(360, 20),
(360, 12),
(361, 13),
(361, 17),
(362, 20),
(362, 14),
(362, 3),
(362, 19),
(364, 17),
(364, 10),
(365, 4),
(365, 12),
(366, 13),
(366, 17),
(366, 10),
(366, 5),
(367, 6),
(367, 14),
(367, 10),
(367, 3),
(368, 4),
(368, 8),
(368, 19),
(368, 9),
(369, 17),
(369, 15),
(369, 5),
(370, 13),
(370, 8),
(370, 18),
(370, 5),
(372, 18),
(372, 14),
(373, 15),
(374, 2),
(374, 17),
(374, 20),
(375, 20),
(375, 10),
(375, 12),
(376, 11),
(376, 7),
(376, 16),
(376, 12),
(377, 7),
(377, 10),
(377, 3),
(377, 19);
CREATE MEMORY TABLE "PUBLIC"."COMMENTS_UP_VOTERS"(
"COMMENT_MODEL_ID" BIGINT NOT NULL,
"UP_VOTERS_ID" BIGINT NOT NULL
);
ALTER TABLE "PUBLIC"."COMMENTS_UP_VOTERS" ADD CONSTRAINT "PUBLIC"."CONSTRAINT_20" PRIMARY KEY("COMMENT_MODEL_ID", "UP_VOTERS_ID");
-- 330 +/- SELECT COUNT(*) FROM PUBLIC.COMMENTS_UP_VOTERS;
INSERT INTO "PUBLIC"."COMMENTS_UP_VOTERS" VALUES
(194, 1),
(195, 2),
(195, 8),
(195, 5),
(196, 14),
(196, 1),
(196, 5),
(196, 9),
(198, 17),
(198, 3),
(199, 17),
(199, 18),
(200, 1),
(200, 19),
(201, 12),
(202, 4),
(202, 11),
(202, 7),
(202, 10),
(202, 1),
(202, 12),
(203, 18),
(203, 15),
(205, 2),
(205, 16),
(206, 6),
(206, 10),
(206, 5),
(207, 11),
(208, 5),
(209, 6),
(209, 1),
(209, 12),
(211, 20),
(211, 7),
(211, 10),
(212, 12),
(213, 4),
(213, 6),
(213, 16),
(214, 13),
(214, 16),
(215, 11),
(216, 11),
(216, 17),
(216, 19),
(217, 19),
(217, 15),
(217, 16),
(219, 19),
(219, 9),
(220, 11),
(220, 7),
(220, 5),
(221, 16),
(221, 12),
(222, 17),
(222, 16),
(222, 9),
(235, 4),
(235, 14),
(235, 15),
(235, 12),
(236, 13),
(236, 1),
(236, 15),
(237, 9),
(240, 19),
(241, 20),
(241, 3),
(241, 12),
(242, 2),
(242, 20),
(242, 3),
(242, 16),
(242, 5),
(243, 2),
(243, 4),
(243, 13),
(243, 18),
(243, 20),
(244, 10),
(244, 19),
(244, 9),
(245, 2),
(245, 6),
(245, 7),
(245, 12),
(246, 4),
(249, 14),
(249, 10),
(249, 9),
(250, 2),
(250, 13),
(250, 6),
(250, 17),
(250, 20),
(250, 16),
(251, 19),
(252, 1),
(254, 8),
(254, 15),
(255, 2),
(255, 3),
(255, 19),
(255, 5),
(255, 9),
(257, 17),
(257, 10),
(258, 10),
(258, 3),
(258, 19),
(258, 16),
(260, 10),
(261, 18),
(261, 3),
(261, 19),
(261, 16),
(262, 4),
(262, 11),
(262, 17),
(262, 10),
(262, 15),
(263, 18),
(264, 2),
(264, 6),
(264, 5),
(264, 9),
(265, 6),
(265, 13),
(265, 16),
(267, 11),
(267, 14),
(267, 7),
(267, 10),
(268, 18),
(269, 5),
(270, 18),
(270, 7),
(271, 4),
(271, 7),
(271, 10),
(271, 1),
(272, 19),
(272, 16),
(272, 12),
(273, 17),
(273, 12),
(273, 9),
(276, 8),
(276, 11),
(276, 19),
(278, 11),
(278, 20),
(278, 1),
(278, 15),
(279, 8),
(279, 14),
(279, 5),
(280, 7),
(280, 10),
(281, 18),
(281, 7),
(281, 15),
(283, 2),
(283, 13),
(283, 7),
(284, 15),
(286, 13),
(286, 8),
(286, 17),
(286, 12),
(288, 11),
(288, 18),
(288, 20),
(288, 10),
(289, 11),
(289, 7),
(289, 10),
(289, 15),
(289, 5),
(289, 9),
(291, 20),
(291, 1),
(292, 11),
(292, 17),
(292, 18),
(292, 10),
(292, 15),
(293, 19),
(293, 15),
(294, 8),
(294, 5),
(295, 7),
(295, 3),
(296, 10),
(298, 6),
(298, 16),
(299, 13),
(299, 7),
(300, 2),
(300, 13),
(300, 20),
(300, 5),
(301, 18),
(301, 17),
(301, 15),
(303, 18),
(305, 20),
(305, 7),
(306, 4),
(306, 10),
(306, 15),
(307, 17),
(307, 14),
(307, 10),
(310, 13),
(310, 1),
(310, 3),
(311, 8),
(311, 17),
(311, 7),
(311, 1),
(312, 6),
(312, 18),
(312, 14),
(312, 19),
(315, 9),
(316, 2),
(316, 17),
(317, 11),
(317, 20),
(317, 15),
(317, 12),
(317, 9),
(319, 14),
(319, 1),
(320, 14),
(320, 12),
(321, 13),
(321, 10),
(323, 1),
(324, 2),
(324, 6),
(325, 4),
(325, 13),
(325, 17),
(325, 18),
(325, 15),
(326, 13),
(326, 11),
(327, 19),
(327, 5),
(345, 4),
(345, 2),
(345, 14),
(345, 3),
(345, 12),
(345, 5),
(348, 8),
(348, 18),
(348, 14),
(348, 5),
(351, 6),
(351, 5),
(352, 14),
(353, 1),
(353, 12),
(353, 5),
(354, 6),
(354, 11),
(354, 17),
(354, 20),
(354, 14),
(354, 3),
(355, 6),
(355, 11),
(355, 8),
(355, 10),
(355, 5),
(356, 4),
(356, 13),
(356, 1),
(358, 13),
(359, 8),
(359, 20),
(359, 1),
(359, 15),
(361, 18),
(361, 19),
(362, 4),
(362, 14),
(362, 7),
(362, 16),
(362, 12),
(364, 11),
(364, 18),
(364, 14),
(364, 19),
(365, 8),
(366, 10),
(366, 19),
(366, 9),
(367, 20),
(367, 7),
(368, 4),
(368, 10),
(368, 5),
(369, 2),
(369, 10),
(369, 15),
(370, 13),
(370, 14),
(370, 19),
(370, 16),
(373, 5),
(374, 13),
(374, 18),
(374, 3),
(375, 8),
(375, 3),
(375, 5),
(376, 19),
(377, 13),
(377, 8),
(377, 20),
(377, 10),
(377, 15),
(377, 16),
(377, 9);
CREATE MEMORY TABLE "PUBLIC"."DELEGATIONS"(
"ID" BIGINT NOT NULL,
"CREATED_AT" TIMESTAMP NOT NULL,
"UPDATED_AT" TIMESTAMP NOT NULL,
"REQUESTED_DELEGATION_AT" TIMESTAMP,
"TRANSITIVE" BOOLEAN NOT NULL,
"AREA_ID" BIGINT NOT NULL,
"FROM_USER_ID" BIGINT NOT NULL,
"REQUESTED_DELEGATION_FROM_CHECKSUM_CHECKSUM" VARCHAR(255),
"TO_PROXY_ID" BIGINT NOT NULL
);
ALTER TABLE "PUBLIC"."DELEGATIONS" ADD CONSTRAINT "PUBLIC"."CONSTRAINT_8" PRIMARY KEY("ID");
-- 9 +/- SELECT COUNT(*) FROM PUBLIC.DELEGATIONS;
INSERT INTO "PUBLIC"."DELEGATIONS" VALUES
(223, TIMESTAMP '2019-11-27 20:49:10.283', TIMESTAMP '2019-11-27 20:49:10.283', NULL, TRUE, 22, 2, NULL, 1),
(224, TIMESTAMP '2019-11-27 20:49:10.913', TIMESTAMP '2019-11-27 20:49:10.913', NULL, TRUE, 22, 3, NULL, 1),
(225, TIMESTAMP '2019-11-27 20:49:11.522', TIMESTAMP '2019-11-27 20:49:11.522', NULL, TRUE, 22, 4, NULL, 1),
(226, TIMESTAMP '2019-11-27 20:49:11.982', TIMESTAMP '2019-11-27 20:49:11.982', TIMESTAMP '2019-11-27 20:49:11.982', TRUE, 22, 5, '$2a$10$1IdrGrRAN2Wp3U7QI.JIzuNX3Ud6yFocoawh8dxtXS6Xinvh2wN8O', 2),
(227, TIMESTAMP '2019-11-27 20:49:12.608', TIMESTAMP '2019-11-27 20:49:12.608', NULL, TRUE, 22, 6, NULL, 3),
(228, TIMESTAMP '2019-11-27 20:49:13.243', TIMESTAMP '2019-11-27 20:49:13.243', NULL, TRUE, 22, 7, NULL, 4),
(229, TIMESTAMP '2019-11-27 20:49:13.853', TIMESTAMP '2019-11-27 20:49:13.853', NULL, TRUE, 22, 10, NULL, 7),
(230, TIMESTAMP '2019-11-27 20:49:14.473', TIMESTAMP '2019-11-27 20:49:14.473', NULL, TRUE, 22, 11, NULL, 7),
(231, TIMESTAMP '2019-11-27 20:49:15.123', TIMESTAMP '2019-11-27 20:49:15.123', NULL, FALSE, 22, 12, NULL, 7);
CREATE MEMORY TABLE "PUBLIC"."KEY_VALUE"(
"ID" BIGINT NOT NULL,
"KEY_COL" VARCHAR(255) NOT NULL,
"VALUE_COL" VARCHAR(255)
);
ALTER TABLE "PUBLIC"."KEY_VALUE" ADD CONSTRAINT "PUBLIC"."CONSTRAINT_7" PRIMARY KEY("ID");
-- 0 +/- SELECT COUNT(*) FROM PUBLIC.KEY_VALUE;
CREATE MEMORY TABLE "PUBLIC"."LAWS"(
"ID" BIGINT NOT NULL,
"CREATED_AT" TIMESTAMP NOT NULL,
"UPDATED_AT" TIMESTAMP NOT NULL,
"DESCRIPTION" VARCHAR(1000) NOT NULL,
"REACHED_QUORUM_AT" TIMESTAMP,
"STATUS" INTEGER NOT NULL,
"TITLE" VARCHAR(255) NOT NULL,
"AREA_ID" BIGINT NOT NULL,
"CREATED_BY_ID" BIGINT,
"POLL_ID" BIGINT
);
ALTER TABLE "PUBLIC"."LAWS" ADD CONSTRAINT "PUBLIC"."CONSTRAINT_23" PRIMARY KEY("ID");
-- 188 +/- SELECT COUNT(*) FROM PUBLIC.LAWS;
INSERT INTO "PUBLIC"."LAWS" VALUES
(32, TIMESTAMP '2019-11-26 20:49:06.91', TIMESTAMP '2019-11-27 20:49:06.91', 'L3nhcYZR Lorem ipsum dolor', NULL, 0, 'Idea 0 title from TestFixtures', 22, 12, NULL),
(33, TIMESTAMP '2019-11-25 20:49:06.951', TIMESTAMP '2019-11-26 20:49:06.951', 'NXraTaTQ Lorem ipsum dolor', NULL, 0, 'Idea 1 that suggest that we definitely need a longer title for ideas', 23, 2, NULL),
(34, TIMESTAMP '2019-11-24 20:49:06.991', TIMESTAMP '2019-11-25 20:49:06.991', '3em9Rocg Lorem ipsum dolor sit amet, consectetur adipiscing elit, sed do eiusmod tempor incididunt ut labore et dolore magna aliqua. Ut enim ad minim veniam, quis nostrud exercitation ullamco labori', NULL, 0, 'Idea 2 that suggest that we definitely need a longer title for ideas', 24, 3, NULL),
(35, TIMESTAMP '2019-11-23 20:49:07.028', TIMESTAMP '2019-11-24 20:49:07.028', '3hvuT2Qq Lorem ipsum dolor sit amet, consectetur adipiscing elit, sed do eiusmod tempor incididunt ut labore et', NULL, 0, 'Idea 3 that suggest that we definitely need a longer title for ideas', 25, 14, NULL),
(36, TIMESTAMP '2019-11-22 20:49:07.071', TIMESTAMP '2019-11-23 20:49:07.071', '3lNr9RyA Lorem ipsum dolor sit amet, consectetur adipiscing elit, sed do eiusmod tempor incididunt ut labore et dolore magna aliqua. Ut enim ad minim veniam, quis nostrud exercitation ullamco laboris nisi ut aliquip ex ea commodo cons', NULL, 0, 'Idea 4 that suggest that we definitely need a longer title for ideas', 26, 10, NULL),
(37, TIMESTAMP '2019-11-21 20:49:07.083', TIMESTAMP '2019-11-22 20:49:07.083', 'kGqQnq5u Lorem ipsum dolor sit amet, consectetur adipiscing elit, sed do eiusmod tempor incididunt ut', NULL, 0, 'Idea 5 that suggest that we definitely need a longer title for ideas', 27, 1, NULL),
(38, TIMESTAMP '2019-11-20 20:49:07.112', TIMESTAMP '2019-11-21 20:49:07.112', 'OaZYEhYZ Lorem ipsum dolor sit amet, consectetur adipiscing elit, sed do eiusmod tempor incididunt ut labore et dolore magna aliqua. Ut enim ad minim veniam, quis nostrud exercitation ullamco laboris nisi ut aliquip ex ea commodo consequat. Duis aute irure dolor in reprehenderit in voluptate velit esse cillum dolore eu fugiat nulla pariatur. Excepteur sint occaecat ', NULL, 0, 'Idea 6 that suggest that we definitely need a longer title for ideas', 28, 8, NULL),
(39, TIMESTAMP '2019-11-19 20:49:07.114', TIMESTAMP '2019-11-20 20:49:07.114', 'USMUH2l5 Lorem ipsum dolor sit amet, consectetur adipiscing elit, sed do eiusmod tempor incididunt ut labore et dolore magna aliqua. Ut enim ad minim veniam, quis nostrud exercitation ullamco laboris nisi ut aliquip ex ea commodo consequat. Duis aute irure dolor in reprehenderit', NULL, 0, 'Idea 7 that suggest that we definitely need a longer title for ideas', 29, 20, NULL),
(40, TIMESTAMP '2019-11-18 20:49:07.134', TIMESTAMP '2019-11-19 20:49:07.134', 'aYxwZyRm Lorem ipsum dolor sit amet, consectetur adipiscing elit, sed do eiusmod tempor incididunt ut labore et dolore magna aliqua. Ut enim ad minim veniam, quis nostrud exercitation ullamco laboris nisi ut aliquip ex ea commodo consequat. Duis aute irure dolor in reprehenderit in voluptate velit esse c', NULL, 0, 'Idea 8 that suggest that we definitely need a longer title for ideas', 30, 18, NULL),
(41, TIMESTAMP '2019-11-17 20:49:07.182', TIMESTAMP '2019-11-18 20:49:07.182', '3yCaR9ye Lorem ipsum dolor sit amet, consectetur adipiscing elit, sed do eiusmod tempor incididunt ut labore et dolore magna aliqua. Ut enim ad minim veniam, quis no', NULL, 0, 'Idea 9 that suggest that we definitely need a longer title for ideas', 31, 5, NULL),
(42, TIMESTAMP '2019-11-16 20:49:07.208', TIMESTAMP '2019-11-17 20:49:07.208', '5mYD4hTM Lorem ipsum dolor sit amet, consectetur adipiscing elit, sed do eiusmod tempor incididunt ut labore et dolore magna aliqua. Ut enim ad minim veniam, quis nostrud exercitation ullamco laboris', NULL, 0, 'Idea 10 that suggest that we definitely need a longer title for ideas', 22, 18, NULL),
(43, TIMESTAMP '2019-11-15 20:49:07.254', TIMESTAMP '2019-11-16 20:49:07.254', 'gvOFymVn Lorem ipsum dolor sit amet, consectetur adipiscing elit, sed do eiusmod tempor incididunt ut', NULL, 0, 'Idea 11 that suggest that we definitely need a longer title for ideas', 23, 16, NULL);
INSERT INTO "PUBLIC"."LAWS" VALUES
(44, TIMESTAMP '2019-11-14 20:49:07.288', TIMESTAMP '2019-11-15 20:49:07.288', '6YU70ZC8 Lorem ipsum dolor sit amet, consectetur adipiscing elit, sed do eiusmod tempor incididunt ut labore et dolore magna aliqua. Ut enim ad minim veniam, quis nostrud exercitation ullamco laboris ', NULL, 0, 'Idea 12 that suggest that we definitely need a longer title for ideas', 24, 4, NULL),
(45, TIMESTAMP '2019-11-13 20:49:07.305', TIMESTAMP '2019-11-14 20:49:07.305', '9HYSfQvb Lorem ipsum dolor sit amet, consectetur adipiscing elit, sed do eiusmod tempor incididunt ut labore et dolore magna aliqua. Ut enim ad minim veniam, quis nostrud exercitation ullamco laboris nisi ut aliquip ex ea commodo consequat. Duis aute irure dolor in reprehende', NULL, 0, 'Idea 13 that suggest that we definitely need a longer title for ideas', 25, 19, NULL),
(46, TIMESTAMP '2019-11-12 20:49:07.315', TIMESTAMP '2019-11-13 20:49:07.315', 'M7yqK6AH Lorem ipsum dolor sit amet, consectetur adipiscing elit, sed do eiusmod tempor incididunt ut labore et dolore magna aliqua. Ut enim ad minim veniam, quis nostrud exercitation ullamco laboris nisi ut al', NULL, 0, 'Idea 14 that suggest that we definitely need a longer title for ideas', 26, 14, NULL),
(47, TIMESTAMP '2019-11-11 20:49:07.318', TIMESTAMP '2019-11-12 20:49:07.318', 'fOvcwmny Lorem ipsum dolor sit amet, consectetur adipiscing elit, sed do eiusmod tempor incididunt ut labore et dolore magna aliqua. Ut enim ad minim veniam, quis nostrud exercitation ullamco l', NULL, 0, 'Idea 15 that suggest that we definitely need a longer title for ideas', 27, 5, NULL),
(48, TIMESTAMP '2019-11-10 20:49:07.343', TIMESTAMP '2019-11-11 20:49:07.345', 'GYMAfEzn Lorem ipsum dolor sit amet, consectetur adipiscing elit, sed do eiusmod tempor incididunt ut labore et dolore magna aliqua. Ut enim ad minim veniam, quis nostrud exercitation ullamco laboris nisi ut aliquip ex ea commodo consequat. Duis aut', NULL, 0, 'Idea 16 that suggest that we definitely need a longer title for ideas', 28, 4, NULL),
(49, TIMESTAMP '2019-11-09 20:49:07.355', TIMESTAMP '2019-11-10 20:49:07.355', 'SPRl6QKl Lorem ipsum dolor sit amet, consectetur adipiscing elit, sed do eiusmod tempor incididunt ut labore et dolore magna aliqua. Ut enim ad minim veniam, quis nostrud exercitation ullamco laboris nisi ut aliquip ex ea commodo consequat. Duis aute irure dolor in reprehenderit in voluptate velit esse cillum dolore eu fugiat nulla pariatur', NULL, 0, 'Idea 17 that suggest that we definitely need a longer title for ideas', 29, 20, NULL),
(50, TIMESTAMP '2019-11-08 20:49:07.375', TIMESTAMP '2019-11-09 20:49:07.375', 'S7XlbhUl Lorem ipsum dolor sit amet, consectetur adipiscing elit, sed do eiusmod tempor incididunt ut labore et dolore magna aliqua. Ut enim ad minim veniam, quis nostrud exercitation ullamco laboris nisi ut aliquip ex ea commodo consequat. Duis aute irure dolor in reprehenderit in voluptate velit esse cillum dolore eu fugiat nulla pariatur. Excepteur sint occaecat cupida', NULL, 0, 'Idea 18 that suggest that we definitely need a longer title for ideas', 30, 1, NULL),
(51, TIMESTAMP '2019-11-07 20:49:07.388', TIMESTAMP '2019-11-08 20:49:07.388', 'QnzLCroN Lorem ipsum dolor sit amet, consectetur adipiscing elit, sed do eiusmod tempor incididunt ut labore et dolore magna aliqua. Ut enim ad minim veniam, quis nostrud exercitation ullamco laboris nisi ut aliquip ex ea commodo consequat. Duis aute irure dolor in reprehenderit in voluptate veli', NULL, 0, 'Idea 19 that suggest that we definitely need a longer title for ideas', 31, 20, NULL),
(52, TIMESTAMP '2019-11-06 20:49:07.408', TIMESTAMP '2019-11-07 20:49:07.408', 'EkKfAezE Lorem ipsum dolor sit amet, consectetur adipiscing elit, sed do eiusmod tempor incididunt ut labore et dolore magna aliqua. Ut enim ad minim veniam, quis nostrud exerc', NULL, 0, 'Idea 20 that suggest that we definitely need a longer title for ideas', 22, 16, NULL),
(53, TIMESTAMP '2019-11-05 20:49:07.415', TIMESTAMP '2019-11-06 20:49:07.418', '8lQthQUM Lorem ipsum dolor sit amet, consectetur adipiscing elit, sed do eiusmod tempor incididunt ut labore et dolore magna aliqua. Ut enim ad minim veniam, quis', NULL, 0, 'Idea 21 that suggest that we definitely need a longer title for ideas', 23, 6, NULL);
INSERT INTO "PUBLIC"."LAWS" VALUES
(54, TIMESTAMP '2019-11-04 20:49:07.438', TIMESTAMP '2019-11-05 20:49:07.438', 'DEqNXyHf Lorem ipsum dolor sit amet, consectetur adipiscing elit, sed ', NULL, 0, 'Idea 22 that suggest that we definitely need a longer title for ideas', 24, 5, NULL),
(55, TIMESTAMP '2019-11-03 20:49:07.458', TIMESTAMP '2019-11-04 20:49:07.458', 'O8lvowCc Lorem ipsum dolor sit amet, consectetur adipiscing elit, sed do eiusmod tempor incididunt ut labore et dolore magna aliqu', NULL, 0, 'Idea 23 that suggest that we definitely need a longer title for ideas', 25, 14, NULL),
(56, TIMESTAMP '2019-11-02 20:49:07.463', TIMESTAMP '2019-11-03 20:49:07.463', 'UYACGwyL Lorem ipsum dolor sit amet, consectetur adipiscing elit, sed do eiusmod tempor incididunt ut labore et dolore magna aliqua. U', NULL, 0, 'Idea 24 that suggest that we definitely need a longer title for ideas', 26, 15, NULL),
(57, TIMESTAMP '2019-11-01 20:49:07.468', TIMESTAMP '2019-11-02 20:49:07.468', '9sXTQd9R Lorem ipsum dolor sit amet, consectetur adipiscing elit, sed ', NULL, 0, 'Idea 25 that suggest that we definitely need a longer title for ideas', 27, 5, NULL),
(58, TIMESTAMP '2019-10-31 20:49:07.503', TIMESTAMP '2019-11-01 20:49:07.503', 'wnmyvuQC Lorem ipsum dolor sit amet, consectetur adipiscing elit, sed do eiusmod tempor incididunt ut labore et dolore magna aliqua. Ut en', NULL, 0, 'Idea 26 that suggest that we definitely need a longer title for ideas', 28, 10, NULL),
(59, TIMESTAMP '2019-10-30 20:49:07.508', TIMESTAMP '2019-10-31 20:49:07.513', 'xmE5Shkr Lorem ipsum dolor sit amet, consectetur adipiscing elit, sed do eiusmod tempor incididunt ut labore et dolore magna aliqua. Ut enim ad minim veniam, quis nostrud exercitation ullamco laboris nisi ut aliquip ex ea commodo consequat. Duis aute irure dolor in reprehenderit in voluptate velit esse cillum dolore e', NULL, 0, 'Idea 27 that suggest that we definitely need a longer title for ideas', 29, 2, NULL),
(60, TIMESTAMP '2019-10-29 20:49:07.533', TIMESTAMP '2019-10-30 20:49:07.533', 'bpngBAh8 Lorem ipsum dolor sit amet, consectetur adipiscing elit, sed do eiusmod tempor incididunt ut labore et dolore magna aliqua. Ut enim ad mi', NULL, 0, 'Idea 28 that suggest that we definitely need a longer title for ideas', 30, 17, NULL),
(61, TIMESTAMP '2019-10-28 20:49:07.554', TIMESTAMP '2019-10-29 20:49:07.554', 'nPElhzkR Lorem ipsum dolor sit amet, consectetur adipiscing elit, sed do eiusmod tempor incididunt ut labo', NULL, 0, 'Idea 29 that suggest that we definitely need a longer title for ideas', 31, 19, NULL),
(62, TIMESTAMP '2019-10-27 20:49:07.563', TIMESTAMP '2019-10-28 20:49:07.563', '05pof065 Lorem ipsum dolor sit amet, consectetur adipiscing elit, sed do eiusmod tempor incididunt ut labore et dolore magna aliqua. Ut enim ad minim veniam, quis nostrud exercitation ullamco laboris nisi ut aliquip ex ea commodo consequat. Duis aute irure dolor in reprehenderit in voluptate velit esse cillum dolore eu fugiat nulla pariatur. Excepteur sint occaecat cupidatat non proident, sunt in culpa', NULL, 0, 'Idea 30 that suggest that we definitely need a longer title for ideas', 22, 3, NULL),
(63, TIMESTAMP '2019-10-26 20:49:07.578', TIMESTAMP '2019-10-27 20:49:07.578', 'wVqEdvuS Lorem ipsum dolor sit amet, consectetur adipiscing elit, sed do eiusmod tempor incididunt ut labore et dolore magna aliqua. Ut enim ad minim veniam, quis nostrud exercitation ullamco laboris nisi ut aliquip ex ea commodo consequat. Duis aute irure dolor in reprehenderit in voluptate velit esse cillum dolore eu fugiat nulla pariatur. Excepteur sint ', NULL, 0, 'Idea 31 that suggest that we definitely need a longer title for ideas', 23, 5, NULL),
(64, TIMESTAMP '2019-10-25 20:49:07.583', TIMESTAMP '2019-10-26 20:49:07.583', 'nOnKKBsM Lorem ipsum dolor sit amet, consectetur adipiscing elit, sed do eiusmod temp', NULL, 0, 'Idea 32 that suggest that we definitely need a longer title for ideas', 24, 17, NULL),
(65, TIMESTAMP '2019-10-24 20:49:07.588', TIMESTAMP '2019-10-25 20:49:07.588', '2zSEDXlZ Lorem ipsum dolor sit amet, consectetur adipiscing elit, sed do eiusmod tempor incididunt ut labore et dolore magna aliqua. Ut enim ad minim veniam, quis nostrud exercitation ullamco laboris nisi ut aliquip ex ea commodo consequat. Duis aute irure dolor in reprehenderit in voluptate velit esse cillum dolore eu fugiat nulla pariatur. Excepteur sint occaec', NULL, 0, 'Idea 33 that suggest that we definitely need a longer title for ideas', 25, 3, NULL);
INSERT INTO "PUBLIC"."LAWS" VALUES
(66, TIMESTAMP '2019-10-23 20:49:07.598', TIMESTAMP '2019-10-24 20:49:07.598', 'qCl5dsFL Lorem ipsum dolor sit amet, consectetu', NULL, 0, 'Idea 34 that suggest that we definitely need a longer title for ideas', 26, 14, NULL),
(67, TIMESTAMP '2019-10-22 20:49:07.608', TIMESTAMP '2019-10-23 20:49:07.608', '9xe5nc9p Lorem ipsum dolor sit amet, consectetur adipiscing elit, sed do eiusmod tempor incididunt ut labore et dolore magna aliqua. Ut enim ad minim veniam, quis nostrud exercitation ullamco laboris nis', NULL, 0, 'Idea 35 that suggest that we definitely need a longer title for ideas', 27, 10, NULL),
(68, TIMESTAMP '2019-10-21 20:49:07.618', TIMESTAMP '2019-10-22 20:49:07.618', 'lHGxaRFd Lorem ipsum dolor sit amet, consectetur adipiscing elit, sed do eiusmod tempor incididunt ut labore et dolore ma', NULL, 0, 'Idea 36 that suggest that we definitely need a longer title for ideas', 28, 8, NULL),
(69, TIMESTAMP '2019-10-20 20:49:07.628', TIMESTAMP '2019-10-21 20:49:07.628', '2PZGHMNo Lorem ipsum dolor sit amet, consectetur adipiscing elit, sed do eiusmod tempor incididunt ut labore et dolore magna aliqua. U', NULL, 0, 'Idea 37 that suggest that we definitely need a longer title for ideas', 29, 19, NULL),
(70, TIMESTAMP '2019-10-19 20:49:07.683', TIMESTAMP '2019-10-20 20:49:07.683', 'oEKEPel2 Lorem ipsum dolor sit amet, consectetur adipiscing elit, sed do eiusmod tempor incididunt ut labore et dolore magna aliqua. Ut enim ad minim veniam, quis nostrud exercitation ullamco laboris nisi ut aliquip ex ea commodo consequat. Duis aute irure dolor in reprehend', NULL, 0, 'Idea 38 that suggest that we definitely need a longer title for ideas', 30, 13, NULL),
(71, TIMESTAMP '2019-10-18 20:49:07.713', TIMESTAMP '2019-10-19 20:49:07.717', 'qlb8HVpX Lorem ipsum dolor sit amet, consectetur adipiscing elit, sed do eiusmod tempor incididunt ut labore et dolore magna aliqua. Ut enim ad minim veniam, quis nostrud exercitation ullamco laboris nisi ut aliquip ex ea commodo consequat. Duis aute irure dolor in reprehenderit in voluptate velit esse cillum dolore eu fugiat nulla ', NULL, 0, 'Idea 39 that suggest that we definitely need a longer title for ideas', 31, 7, NULL),
(72, TIMESTAMP '2019-10-17 20:49:07.732', TIMESTAMP '2019-10-18 20:49:07.732', '0cWdeRHY Lorem ipsum dolor sit amet, consectetur adipiscing elit, sed do eiusmod tempor incididunt ut labore et dolore magna aliqua. Ut enim ad minim veniam, quis nostrud exercitation ullamco laboris nisi ut aliquip ex ea commodo consequat. Duis aute irure dolor in reprehenderit in voluptate velit esse cillum dolore eu fugiat nulla p', NULL, 0, 'Idea 40 that suggest that we definitely need a longer title for ideas', 22, 13, NULL),
(73, TIMESTAMP '2019-10-16 20:49:07.754', TIMESTAMP '2019-10-17 20:49:07.754', 'YBhVh6w3 Lorem ipsum dolor sit amet, consectetur adipiscing elit, sed do eiusmod tempor incididunt ut labore et dolore magna aliqua. Ut enim ad minim veniam, quis nostrud exercitation ullamco laboris nis', NULL, 0, 'Idea 41 that suggest that we definitely need a longer title for ideas', 23, 16, NULL),
(74, TIMESTAMP '2019-10-15 20:49:07.768', TIMESTAMP '2019-10-16 20:49:07.768', 'NyfaLmOY Lorem ipsum dolor sit amet, consectetur adipiscing elit, sed do eiusmod tempor incididunt ut labore et dolore magna aliqua. Ut enim ad minim veniam, quis nostrud exercitation ullamco laboris nisi ut aliquip ex ea commodo consequat. Duis aute irure dolor in reprehenderit in voluptate velit esse cillum dolore eu fugiat nulla p', NULL, 0, 'Idea 42 that suggest that we definitely need a longer title for ideas', 24, 18, NULL),
(75, TIMESTAMP '2019-10-14 20:49:07.778', TIMESTAMP '2019-10-15 20:49:07.778', 'Eqe4wDln Lorem ipsum dolor sit amet, consectetur adipiscing elit, sed do eiusmod tempor incididunt ut labore et dolore magna aliqua. Ut enim ad minim veniam, quis nostrud exercitation ullamco laboris nisi ut aliquip ex ea commodo consequat. Duis aute irure dolor in reprehenderit in voluptate velit esse cillum dolore eu fugia', NULL, 0, 'Idea 43 that suggest that we definitely need a longer title for ideas', 25, 9, NULL);
INSERT INTO "PUBLIC"."LAWS" VALUES
(76, TIMESTAMP '2019-10-13 20:49:07.794', TIMESTAMP '2019-10-14 20:49:07.794', 'NMtxbvcw Lorem ipsum dolor sit amet, consectetur adipiscing', NULL, 0, 'Idea 44 that suggest that we definitely need a longer title for ideas', 26, 7, NULL),
(77, TIMESTAMP '2019-10-12 20:49:07.803', TIMESTAMP '2019-10-13 20:49:07.803', 'nrOFgzFV Lorem ipsum ', NULL, 0, 'Idea 45 that suggest that we definitely need a longer title for ideas', 27, 14, NULL),
(78, TIMESTAMP '2019-10-11 20:49:07.808', TIMESTAMP '2019-10-12 20:49:07.808', 'uUSUfLMT Lorem ipsum dolor sit amet, consectetur adipiscing elit, sed do eiusmod tempor incididunt ut labore et dolore magna aliqua. Ut enim ad minim veniam, quis nostrud exercitation ullamco laboris nisi ut aliquip ex ea commodo consequat. Duis aute irure dolor in reprehenderit in voluptate velit esse cillum dolore eu fugiat nulla pariatur. Except', NULL, 0, 'Idea 46 that suggest that we definitely need a longer title for ideas', 28, 1, NULL),
(79, TIMESTAMP '2019-10-10 20:49:07.818', TIMESTAMP '2019-10-11 20:49:07.818', 'gSBqT5xp Lorem ipsum dolor sit amet, consectetur adipiscing elit, sed do eiusmod tempor incididunt ut labore et dolore magna aliqua. Ut enim ad minim veniam, quis nostrud exercitation ullamco laboris nisi ut aliquip ex ea commodo consequat. Duis aute irure dolor ', NULL, 0, 'Idea 47 that suggest that we definitely need a longer title for ideas', 29, 19, NULL),
(80, TIMESTAMP '2019-10-09 20:49:07.827', TIMESTAMP '2019-10-10 20:49:07.827', 'Y8tdZofA Lorem ipsum dolor sit amet, consectetur adipiscing elit, sed do eiusmod tempor incididunt ut labore et dolore magna aliqua. Ut enim ad minim', NULL, 0, 'Idea 48 that suggest that we definitely need a longer title for ideas', 30, 3, NULL),
(81, TIMESTAMP '2019-10-08 20:49:07.832', TIMESTAMP '2019-10-09 20:49:07.832', 'O4r28KZz Lorem ipsum dolor sit amet, consectetur adipiscing elit, sed do eiusmod tempor incididunt ut labore et dolore magna aliqua. Ut enim ad minim veniam, quis nostrud exercitation ullamco laboris nisi ut aliquip ex e', NULL, 0, 'Idea 49 that suggest that we definitely need a longer title for ideas', 31, 4, NULL),
(82, TIMESTAMP '2019-10-07 20:49:07.842', TIMESTAMP '2019-10-08 20:49:07.842', '5trAcVfE Lorem ipsum dolor sit amet, consectetur adipiscing elit, sed do eiusmod tempor incididunt ut labore et dolore magna aliqua. Ut enim ad minim veniam, quis nostrud exercitation ullamco laboris nisi ut aliquip ex ea commodo consequat. Duis aute i', NULL, 0, 'Idea 50 that suggest that we definitely need a longer title for ideas', 22, 3, NULL),
(83, TIMESTAMP '2019-10-06 20:49:07.847', TIMESTAMP '2019-10-07 20:49:07.847', '6lcvucEu Lorem ipsum dolor sit amet, consectetur adipiscing elit, sed do eiusmod tempor incididunt ut labore et dolore magna aliqua. Ut enim ad minim veniam, quis nostrud exercitation ullamco laboris nisi ut aliquip ex ea commodo consequat. Duis aute irure dolor in reprehenderit in voluptate velit esse cillum dolore eu fugiat ', NULL, 0, 'Idea 51 that suggest that we definitely need a longer title for ideas', 23, 4, NULL),
(84, TIMESTAMP '2019-10-05 20:49:07.857', TIMESTAMP '2019-10-06 20:49:07.857', 'WZC3u3Lp Lorem ipsum dolor sit amet, consectetur adipiscing elit, sed do eiusmod tempor incididunt ut labore et dolore magna aliqua. Ut enim ad minim veniam, quis nostrud exercitation ullamco laboris nisi ut aliquip ex ea commodo consequat. Duis aute irure dolor in reprehenderit in voluptate velit esse cillum dolore eu fugia', NULL, 0, 'Idea 52 that suggest that we definitely need a longer title for ideas', 24, 2, NULL),
(85, TIMESTAMP '2019-10-04 20:49:07.868', TIMESTAMP '2019-10-05 20:49:07.868', 'HUYY6LKv Lorem ipsum dolor sit amet, consectetur adipiscing elit, sed do eiusmod tempor incididunt ut labore et dolore magna aliqua. Ut enim ad minim veniam, quis nostrud exercitation ullamco laboris nisi ut aliquip ex ea commodo consequat. Duis aute irure dolor ', NULL, 0, 'Idea 53 that suggest that we definitely need a longer title for ideas', 25, 13, NULL),
(86, TIMESTAMP '2019-10-03 20:49:07.888', TIMESTAMP '2019-10-04 20:49:07.888', 'Nm73MHWc Lorem ipsum dolor sit amet, consectetur adipiscing elit, sed do eiusmod tempor incididunt ut labore et dolore magna aliqua. Ut enim ad minim veniam, quis nostrud exercitation ullamco laboris nisi ut aliquip ex ea commodo consequat. Duis aute irure dolor in reprehenderit in voluptate velit esse cillum dolore eu fugiat nulla pariatur. Excepteur sint occaecat cupidatat non', NULL, 0, 'Idea 54 that suggest that we definitely need a longer title for ideas', 26, 13, NULL);
INSERT INTO "PUBLIC"."LAWS" VALUES
(87, TIMESTAMP '2019-10-02 20:49:07.898', TIMESTAMP '2019-10-03 20:49:07.898', '7s8NlhCd Lorem ipsum dolor sit amet, consectetur adipiscing elit, sed do eiusmod tempor incididunt ut labore et dolore magna aliqua. Ut enim ad minim veniam, quis nostrud exercitation ullamco laboris nisi ut aliquip ex ea commodo consequat. Duis aute irure dolor in reprehenderit in voluptate velit esse cillu', NULL, 0, 'Idea 55 that suggest that we definitely need a longer title for ideas', 27, 11, NULL),
(88, TIMESTAMP '2019-10-01 20:49:07.908', TIMESTAMP '2019-10-02 20:49:07.908', '5cYMVUGW Lorem ipsum dolor sit amet, consectetur adipiscing elit, sed do eiusmod tempor incididunt ut labore et dolore magna aliqua. Ut enim ad minim veniam, quis nostrud exercitat', NULL, 0, 'Idea 56 that suggest that we definitely need a longer title for ideas', 28, 16, NULL),
(89, TIMESTAMP '2019-09-30 20:49:07.918', TIMESTAMP '2019-10-01 20:49:07.923', 'fLap5vKN Lorem ipsum dolor sit amet, consectetur adipiscing elit, sed do eiusmod tempor incididunt ut labore et dolore magna aliqua. Ut enim ad minim veniam, quis nostrud exercitation ullamco laboris nisi ut aliquip ex ea commodo consequat. Duis aute irure dolor in reprehenderit in voluptate velit esse cillum dolore eu fugiat nulla paria', NULL, 0, 'Idea 57 that suggest that we definitely need a longer title for ideas', 29, 6, NULL),
(90, TIMESTAMP '2019-09-29 20:49:07.923', TIMESTAMP '2019-09-30 20:49:07.923', '9w3kPQqq Lorem ipsum dolor sit amet, consectetur adipiscing elit, sed do eiusmod tempor incididunt ut labore et dolore magna aliqua. Ut enim ad mi', NULL, 0, 'Idea 58 that suggest that we definitely need a longer title for ideas', 30, 6, NULL),
(91, TIMESTAMP '2019-09-28 20:49:07.928', TIMESTAMP '2019-09-29 20:49:07.928', 'WbKHaxLG Lorem ipsum dolor sit amet, consectetur adipiscing elit, sed do eiusmod tempor incididunt ut labore et dolore magna aliqua. Ut enim ad minim veniam, quis nostrud exercitation ullamco laboris nisi ut aliquip ex ea commodo consequat. Duis aute irure dolor in reprehenderit in voluptate velit e', NULL, 0, 'Idea 59 that suggest that we definitely need a longer title for ideas', 31, 9, NULL),
(92, TIMESTAMP '2019-09-27 20:49:07.948', TIMESTAMP '2019-09-28 20:49:07.948', 'gsF6HxuC Lorem ipsum dolor sit amet, consectetur adipiscing elit, sed do eiusmod tempor incididunt ut labore et dolore magna aliqua. Ut enim ad minim veniam, quis nostrud exercitation ullamco laboris nisi ut aliquip ex ea commodo consequat. Duis aute irure dolor in reprehend', NULL, 0, 'Idea 60 that suggest that we definitely need a longer title for ideas', 22, 20, NULL),
(93, TIMESTAMP '2019-09-26 20:49:07.963', TIMESTAMP '2019-09-27 20:49:07.963', 'v8sAmT6p Lorem ipsum dolor sit amet, consectetur adipiscing elit, sed do eiusmod tempor incididunt ut labore et dolore magna', NULL, 0, 'Idea 61 that suggest that we definitely need a longer title for ideas', 23, 16, NULL),
(94, TIMESTAMP '2019-09-25 20:49:07.983', TIMESTAMP '2019-09-26 20:49:07.983', 'W72l6AzR Lorem ipsum dolor sit amet, consectetur a', NULL, 0, 'Idea 62 that suggest that we definitely need a longer title for ideas', 24, 17, NULL),
(95, TIMESTAMP '2019-09-24 20:49:07.998', TIMESTAMP '2019-09-25 20:49:07.998', 'G5k6ADgM Lorem ipsum dolor sit amet, consectetur adipiscing elit, sed do eiusmod tempor incididunt ut labore et dolore magna aliqua. Ut enim', NULL, 0, 'Idea 63 that suggest that we definitely need a longer title for ideas', 25, 3, NULL),
(96, TIMESTAMP '2019-09-23 20:49:08.007', TIMESTAMP '2019-09-24 20:49:08.007', '3Qkxcux0 Lorem ipsum dolor sit amet, consectetur adipiscing elit, sed do eiusmod tempor incididunt ut labore et dolore magna aliqua. Ut enim ad minim veniam, quis nostrud exercitation ullamco laboris nisi ut aliquip ex ea commodo consequat. Duis aute irure dolor in reprehenderit in voluptate velit esse cillum dolore eu fugiat nulla pariatur. Excepteur', NULL, 0, 'Idea 64 that suggest that we definitely need a longer title for ideas', 26, 11, NULL),
(97, TIMESTAMP '2019-09-22 20:49:08.022', TIMESTAMP '2019-09-23 20:49:08.022', '8nr0pPpM Lorem ipsum dolor sit amet, consectetur adipiscing elit, sed do eiusmod tempor incididunt ut labore et dolore magna aliqua. Ut enim ad minim veniam, quis nostrud exercitation ullamco laboris nisi ut aliquip ex ea commodo consequat. Duis aute irure dolor in reprehenderit in voluptate velit esse cillum dolore eu', NULL, 0, 'Idea 65 that suggest that we definitely need a longer title for ideas', 27, 9, NULL);
INSERT INTO "PUBLIC"."LAWS" VALUES
(98, TIMESTAMP '2019-09-21 20:49:08.032', TIMESTAMP '2019-09-22 20:49:08.032', '6Q0hEnoU Lorem ipsum dolor sit amet, consectetur adipiscing elit, sed do eiusmod tempor incididunt ut labore et dolore magna aliqua. Ut e', NULL, 0, 'Idea 66 that suggest that we definitely need a longer title for ideas', 28, 10, NULL),
(99, TIMESTAMP '2019-09-20 20:49:08.042', TIMESTAMP '2019-09-21 20:49:08.042', 'S5aHQk5X Lorem ipsum dolor sit amet, consectetur adipiscing elit, sed do eiusmod tempor incididunt ut labore et', NULL, 0, 'Idea 67 that suggest that we definitely need a longer title for ideas', 29, 7, NULL),
(100, TIMESTAMP '2019-09-19 20:49:08.053', TIMESTAMP '2019-09-20 20:49:08.053', 'dFvd5Cqf Lorem ipsum dolor sit amet, consectetur adipiscing elit, sed do eiusmod tempor incididunt ut labore et dolore magna aliqua. Ut enim ad minim', NULL, 0, 'Idea 68 that suggest that we definitely need a longer title for ideas', 30, 2, NULL),
(101, TIMESTAMP '2019-09-18 20:49:08.058', TIMESTAMP '2019-09-19 20:49:08.058', 'mzqHTOKh Lorem ipsum dolor sit amet, consectetur adipiscing elit, sed do eiusmod tempor incididunt ut labore et dolore magna aliqua. Ut enim ad minim veniam, quis nostrud exercitation ullamco laboris nisi ut aliquip ex ea commodo consequat. Duis aute irure dolor in reprehenderit in voluptate velit esse cillum dolore eu fugiat ', NULL, 0, 'Idea 69 that suggest that we definitely need a longer title for ideas', 31, 10, NULL),
(102, TIMESTAMP '2019-09-17 20:49:08.068', TIMESTAMP '2019-09-18 20:49:08.068', 'P0Y8WYot Lorem ipsum dolor sit amet, consectetur adipiscing elit, sed do eiusmod tempor incididunt ut labore et dolore magna aliqua. Ut enim ad minim veniam, quis nostrud exercitation ullamco laboris', NULL, 0, 'Idea 70 that suggest that we definitely need a longer title for ideas', 22, 7, NULL),
(103, TIMESTAMP '2019-09-16 20:49:08.073', TIMESTAMP '2019-09-17 20:49:08.073', 'khEfFLcV Lorem ipsum dolor sit amet, consectetur adipiscing elit, sed do eiusmod tempor incididunt ut labore et dolore magna aliqua. Ut enim ad minim veniam, quis nostrud exercitation ullamco laboris nisi ut aliquip ex ea commodo consequat. Duis aute irure dolor in reprehe', NULL, 0, 'Idea 71 that suggest that we definitely need a longer title for ideas', 23, 5, NULL),
(104, TIMESTAMP '2019-09-15 20:49:08.078', TIMESTAMP '2019-09-16 20:49:08.078', '3BTlk8Hq Lorem ipsum dolor sit amet, consectetur adipiscing elit, sed do eiusmod tempor incididunt ut labore et dolore magna aliqua. Ut enim ad minim veniam, quis nostrud exercitation ullamco laboris nisi ut aliquip ex ea commodo consequat. Duis aute irure dolor in reprehenderit in v', NULL, 0, 'Idea 72 that suggest that we definitely need a longer title for ideas', 24, 12, NULL),
(105, TIMESTAMP '2019-09-14 20:49:08.083', TIMESTAMP '2019-09-15 20:49:08.083', 'FqWxOcUc Lorem ipsum dolor sit amet, consectetur adipiscing elit, sed do eiusmod tempor incididunt ut labore et dolore magna aliqua. Ut enim ad minim veniam, quis nostrud exercitation ullamco laboris nisi ut aliquip ex ea commodo consequat. Duis aute irure dolor in reprehenderit in voluptate velit esse cillum dol', NULL, 0, 'Idea 73 that suggest that we definitely need a longer title for ideas', 25, 13, NULL),
(106, TIMESTAMP '2019-09-13 20:49:08.098', TIMESTAMP '2019-09-14 20:49:08.098', 'YpeM2xM0 Lorem ipsum dolor sit amet, consectetur adipiscing elit, sed do eiusmod tempor incididunt ut labore et', NULL, 0, 'Idea 74 that suggest that we definitely need a longer title for ideas', 26, 6, NULL),
(107, TIMESTAMP '2019-09-12 20:49:08.113', TIMESTAMP '2019-09-13 20:49:08.113', 'shgwaDCv Lorem ipsum dolor sit amet, consectetur adipiscing elit, sed do eiusmod tempor incididunt ut labore et dolore magna aliqua. Ut enim ad minim veniam, quis nostrud exercitation ullamco laboris nisi ut aliquip ex ea commodo consequat. Duis aute irure dolor in reprehenderit in voluptate velit esse cillum dolore eu ', NULL, 0, 'Idea 75 that suggest that we definitely need a longer title for ideas', 27, 12, NULL),
(108, TIMESTAMP '2019-09-11 20:49:08.113', TIMESTAMP '2019-09-12 20:49:08.118', 'RYzDnyHV Lorem ipsum dolor sit amet, consectetur adipiscing elit, sed do eiusmod tempor incididunt ut labore et dolore magna aliqua. Ut enim ad minim veniam, quis nostrud exercitation ullamco laboris nisi ut aliquip ex ea commodo consequat. Duis aute irure dolor i', NULL, 0, 'Idea 76 that suggest that we definitely need a longer title for ideas', 28, 7, NULL);
INSERT INTO "PUBLIC"."LAWS" VALUES
(109, TIMESTAMP '2019-09-10 20:49:08.128', TIMESTAMP '2019-09-11 20:49:08.128', '7Vxwl5tz Lorem ipsum dolor sit amet, consectetur adipiscing elit, sed do eiusmod tempor incididunt ut labore et dolore magna aliqua. Ut enim ad mi', NULL, 0, 'Idea 77 that suggest that we definitely need a longer title for ideas', 29, 5, NULL),
(110, TIMESTAMP '2019-09-09 20:49:08.138', TIMESTAMP '2019-09-10 20:49:08.138', 'FQdXtOZh Lorem ipsum dolor sit amet, consectetur adipiscing elit, sed do eiusmod tempor incididunt ut labore et dolore magna aliqua. Ut enim ad minim veniam, quis nostrud exercitation ullamco laboris nisi ut aliquip ex ea commodo consequat. Duis aute irure dolor in reprehen', NULL, 0, 'Idea 78 that suggest that we definitely need a longer title for ideas', 30, 1, NULL),
(111, TIMESTAMP '2019-09-08 20:49:08.147', TIMESTAMP '2019-09-09 20:49:08.147', 'ZycqSOlK Lorem ipsum dolor sit amet, consectetur adipiscing elit, sed do eiusmod tempor incididunt ut labore et dolore magna aliqua. Ut enim ad minim veniam, quis nostrud exercitation ullamco laboris nisi ut aliquip ex ea commodo consequat. Duis aute irure dolor in reprehenderit in voluptate velit esse cillum dolore eu fugiat nulla pariatur. Excep', NULL, 0, 'Idea 79 that suggest that we definitely need a longer title for ideas', 31, 16, NULL),
(112, TIMESTAMP '2019-09-07 20:49:08.152', TIMESTAMP '2019-09-08 20:49:08.152', 'fuMFdbve Lorem ipsum dolor sit amet, consectetur adipiscing elit, sed do eiusmod tempor incididunt ut labore et dolore magna aliqua. Ut enim ad minim veniam, quis nostrud exer', NULL, 0, 'Idea 80 that suggest that we definitely need a longer title for ideas', 22, 10, NULL),
(113, TIMESTAMP '2019-09-06 20:49:08.167', TIMESTAMP '2019-09-07 20:49:08.167', 'WePYmCmw Lorem ipsum dolor sit amet, consectetur adipiscing elit, sed do eiusmod tempor incididunt ut labore et dolore magna aliqua. Ut enim ad minim veniam, quis nostrud exercitation ullamco laboris nisi ut aliquip ex ea commodo consequat. Duis aute irure dolor in reprehenderit in voluptate velit esse cillum ', NULL, 0, 'Idea 81 that suggest that we definitely need a longer title for ideas', 23, 16, NULL),
(114, TIMESTAMP '2019-09-05 20:49:08.172', TIMESTAMP '2019-09-06 20:49:08.172', 'HB3BlP86 Lorem ipsum dolor sit amet, consectetur adipiscing elit, sed do eiusmod tempor incididunt ut labore et dolore magna aliqua. Ut enim ad minim veniam, qu', NULL, 0, 'Idea 82 that suggest that we definitely need a longer title for ideas', 24, 5, NULL),
(115, TIMESTAMP '2019-09-04 20:49:08.187', TIMESTAMP '2019-09-05 20:49:08.187', 'MmAbeQHK Lorem ipsum dolor sit amet, consectetur adipiscing elit, sed do eiusmod tempor incididunt ut labore et dolore magna aliqua', NULL, 0, 'Idea 83 that suggest that we definitely need a longer title for ideas', 25, 11, NULL),
(116, TIMESTAMP '2019-09-03 20:49:08.197', TIMESTAMP '2019-09-04 20:49:08.202', 'dVE3qKSl Lorem ipsum dolor sit amet, consectetur adipiscing elit, sed do eiusmod tempor incididunt ut labore et dolore magna aliqua. Ut enim ad minim veniam, quis nostrud exercitation ullamco laboris nisi ut aliquip ex ea commodo consequat. Duis', NULL, 0, 'Idea 84 that suggest that we definitely need a longer title for ideas', 26, 7, NULL),
(117, TIMESTAMP '2019-09-02 20:49:08.213', TIMESTAMP '2019-09-03 20:49:08.213', 'NETna29e Lorem ipsum dolor sit amet, consectetur adipiscing elit, sed do eiusmod tempor incididunt ut labore et dolore magna aliqua. Ut enim ad m', NULL, 0, 'Idea 85 that suggest that we definitely need a longer title for ideas', 27, 3, NULL),
(118, TIMESTAMP '2019-09-01 20:49:08.223', TIMESTAMP '2019-09-02 20:49:08.223', 'wUZ0xum0 Lorem ipsum dolor sit amet, consectetur adipiscing elit, sed do eiusmod tempor incididunt ut labore et dolore magna aliqua. Ut enim ad minim veniam, quis nostrud exercitat', NULL, 0, 'Idea 86 that suggest that we definitely need a longer title for ideas', 28, 13, NULL),
(119, TIMESTAMP '2019-08-31 20:49:08.233', TIMESTAMP '2019-09-01 20:49:08.233', 'F0WUZ6Xl Lorem ipsum dolor sit amet, consectetur adipiscing elit, sed do eiusmod tempor incididunt ut labore et dolore magna aliqua. Ut enim ad minim veniam, quis nostrud exercitation ullamco laboris nisi ut aliquip ex ea commodo consequat. Duis aute irure dolor in reprehenderit in voluptate velit esse cillum dolo', NULL, 0, 'Idea 87 that suggest that we definitely need a longer title for ideas', 29, 9, NULL);
INSERT INTO "PUBLIC"."LAWS" VALUES
(120, TIMESTAMP '2019-08-30 20:49:08.238', TIMESTAMP '2019-08-31 20:49:08.238', 'UVA8oB3U Lorem ipsum dolor sit amet, consectetur adipiscing elit, sed do eiusmod tempor incididunt ut labore et dolore magna aliqua. Ut enim ad minim veniam, quis nostrud exercitation ullamco laboris nisi ut aliquip ex ea commodo consequat. Duis aute irure dolor in reprehenderit in voluptate velit esse cillum dolore eu fugiat nulla ', NULL, 0, 'Idea 88 that suggest that we definitely need a longer title for ideas', 30, 13, NULL),
(121, TIMESTAMP '2019-08-29 20:49:08.248', TIMESTAMP '2019-08-30 20:49:08.248', 'LvT9uv9m Lorem ipsum dolor sit amet, consectetur adipiscing elit, sed do eiusmod tempor incididunt ut labore et dolore magna aliqua. Ut enim ad minim veniam, quis nostrud exercitation ullamco laboris nisi ut aliquip ex ea commodo consequat. Duis aute irure dolor in reprehenderit in voluptate velit esse cillum dolore eu fugiat nulla pariatur. Excepteur sint occaecat cupidatat non p', NULL, 0, 'Idea 89 that suggest that we definitely need a longer title for ideas', 31, 6, NULL),
(122, TIMESTAMP '2019-08-28 20:49:08.253', TIMESTAMP '2019-08-29 20:49:08.253', 'eoRhz0Np Lorem ipsum dolor sit amet, consectetur adipiscing elit, sed do eiusmod tempor incididunt ut labore et dolore magna aliqua. Ut enim ad minim veniam, quis nostrud exercitation ullamco laboris nisi ut aliquip ex ea commodo consequat. ', NULL, 0, 'Idea 90 that suggest that we definitely need a longer title for ideas', 22, 5, NULL),
(123, TIMESTAMP '2019-08-27 20:49:08.258', TIMESTAMP '2019-08-28 20:49:08.258', 'QXlbM2pl Lorem ipsum dolor sit amet, consectetur adipiscing elit, sed do eiusmod tempor incididunt ut labore et dolore magna aliqua. Ut enim ad minim veniam, quis nostrud exercitation ullamco laboris nisi ut aliquip ', NULL, 0, 'Idea 91 that suggest that we definitely need a longer title for ideas', 23, 10, NULL),
(124, TIMESTAMP '2019-08-26 20:49:08.263', TIMESTAMP '2019-08-27 20:49:08.263', 'hCkgwKBE Lorem ipsum dolor sit amet, consectetur adipiscing elit, sed do eiusmod tempor incididunt ut labore et dolore magna aliqua. Ut enim ad minim veniam, quis nostrud exercitation ullamco laboris nisi ut aliquip ex e', NULL, 0, 'Idea 92 that suggest that we definitely need a longer title for ideas', 24, 16, NULL),
(125, TIMESTAMP '2019-08-25 20:49:08.268', TIMESTAMP '2019-08-26 20:49:08.268', 'qZ0Y5dbp Lorem ipsum dolor sit ', NULL, 0, 'Idea 93 that suggest that we definitely need a longer title for ideas', 25, 5, NULL),
(126, TIMESTAMP '2019-08-24 20:49:08.273', TIMESTAMP '2019-08-25 20:49:08.273', '0RC3go6t Lorem ipsum dolor sit amet, consectetur adipiscing elit, sed do eiusmod tempor incididunt ut labore et dolore magna aliqua. Ut enim ad minim veniam, quis nostrud exercitation ullamco laboris nisi ut aliquip ex ea commod', NULL, 0, 'Idea 94 that suggest that we definitely need a longer title for ideas', 26, 19, NULL),
(127, TIMESTAMP '2019-08-23 20:49:08.283', TIMESTAMP '2019-08-24 20:49:08.283', '0bHSV6Ch Lorem ipsum dolor sit amet, consectetur adipiscing elit, sed do eiusmod tempor incididunt ut labore et dolore magna aliqua. Ut enim ad minim veniam, quis nostrud exercitation ullamco laboris nisi ut aliquip ex ea commodo consequat. Duis ', NULL, 0, 'Idea 95 that suggest that we definitely need a longer title for ideas', 27, 16, NULL),
(128, TIMESTAMP '2019-08-22 20:49:08.288', TIMESTAMP '2019-08-23 20:49:08.288', 'lmd8m4fX Lorem ipsum dolor sit amet, consectetur adipiscing elit, sed do eiusmod tempor ', NULL, 0, 'Idea 96 that suggest that we definitely need a longer title for ideas', 28, 20, NULL),
(129, TIMESTAMP '2019-08-21 20:49:08.298', TIMESTAMP '2019-08-22 20:49:08.298', 'vK0v9qfp Lorem ipsum dolor sit amet, consectetur adipiscing elit, sed do eiusmod tempor incididunt ut labore et dolore magna aliqua. Ut enim ad minim veniam, quis nostrud exercitation ullamco laboris nisi ut aliquip ex ea commodo consequat. Duis aute irure dolor in repr', NULL, 0, 'Idea 97 that suggest that we definitely need a longer title for ideas', 29, 16, NULL);
INSERT INTO "PUBLIC"."LAWS" VALUES
(130, TIMESTAMP '2019-08-20 20:49:08.303', TIMESTAMP '2019-08-21 20:49:08.303', 'FSpQoBUS Lorem ipsum dolor sit amet, consectetur adipiscing elit, sed do eiusmod tempor incididunt ut labore et dolore magna aliqua. Ut enim ad', NULL, 0, 'Idea 98 that suggest that we definitely need a longer title for ideas', 30, 15, NULL),
(131, TIMESTAMP '2019-08-19 20:49:08.327', TIMESTAMP '2019-08-20 20:49:08.327', 'LlUHnf3V Lorem ipsum dolor sit amet, consectetur adipiscing elit, sed do eiusmod tempor incididunt ut labore et dolore magna aliqua. U', NULL, 0, 'Idea 99 that suggest that we definitely need a longer title for ideas', 31, 15, NULL),
(132, TIMESTAMP '2019-08-18 20:49:08.342', TIMESTAMP '2019-08-19 20:49:08.342', '4UpaDNbN Lorem ipsum dolor sit amet, co', NULL, 0, 'Idea 100 that suggest that we definitely need a longer title for ideas', 22, 3, NULL),
(133, TIMESTAMP '2019-08-17 20:49:08.347', TIMESTAMP '2019-08-18 20:49:08.347', 'LDP6q9Ro Lorem ipsum dolor sit amet, consectetur adipiscing elit, sed do eiusmod tempor incididunt ut l', NULL, 0, 'Idea 101 that suggest that we definitely need a longer title for ideas', 23, 2, NULL),
(134, TIMESTAMP '2019-08-16 20:49:08.362', TIMESTAMP '2019-08-17 20:49:08.362', 'kP2rU44e Lorem ipsum dolor sit amet, consectetur adipiscing elit, sed do eiusmod tempor incididunt ut labore et dolore magna aliqua. Ut enim ad minim veniam, quis nostrud exercitation ullamco laboris nisi ut aliquip ex ea commodo consequat. Duis aute irure dolor ', NULL, 0, 'Idea 102 that suggest that we definitely need a longer title for ideas', 24, 7, NULL),
(135, TIMESTAMP '2019-08-15 20:49:08.382', TIMESTAMP '2019-08-16 20:49:08.382', 'dXbZoPkn Lorem ipsum dolor sit amet, consectetur adipiscing elit, sed do eiusmod tempor incididunt ut labore et dolore magna aliqua. Ut enim ad minim veniam, quis nostrud e', NULL, 0, 'Idea 103 that suggest that we definitely need a longer title for ideas', 25, 15, NULL),
(136, TIMESTAMP '2019-08-14 20:49:08.398', TIMESTAMP '2019-08-15 20:49:08.398', 'O9zEsfvG Lorem ipsum dolor sit amet, consectetur adipiscing elit, sed do eiusmod tempor incididunt ut labore et dolore magna aliqua. Ut enim ad minim veniam, quis nostrud exercitation ullamco laboris nisi ut aliquip ex ea commodo consequat. Duis aute irure dolor in reprehenderit in voluptate velit esse cillum dolore eu fu', NULL, 0, 'Idea 104 that suggest that we definitely need a longer title for ideas', 26, 15, NULL),
(137, TIMESTAMP '2019-08-13 20:49:08.413', TIMESTAMP '2019-08-14 20:49:08.413', 'zq09EBy0 Lorem ipsum dolor sit amet, consectetur adipiscing elit, sed do eiusmod tempor incididunt ut labore et dolore magna aliqua. Ut enim ad minim veniam, quis nostrud exercitation ullamco laboris nisi ut aliquip ex ea commodo consequat. Duis aute irure dolor in reprehenderit in voluptate velit esse ', NULL, 0, 'Idea 105 that suggest that we definitely need a longer title for ideas', 27, 14, NULL),
(138, TIMESTAMP '2019-08-12 20:49:08.413', TIMESTAMP '2019-08-13 20:49:08.413', 'QzFUlv2h Lorem ipsum dolor sit amet, consectetur adipiscing elit, sed do eiusmod tempor incididunt ut labore et dolore magna aliqua. Ut enim ad minim veniam, quis nostrud exercitation ullamco laboris nisi ut aliquip ex ea commodo consequat. Duis aute irure dolor in reprehenderit in voluptate velit esse cil', NULL, 0, 'Idea 106 that suggest that we definitely need a longer title for ideas', 28, 19, NULL),
(139, TIMESTAMP '2019-08-11 20:49:08.428', TIMESTAMP '2019-08-12 20:49:08.428', 'T2DDtCqd Lorem ipsum dolor sit amet, consectetur adipiscing elit, sed do eiusmod tempor incididunt ut labore et dolore magna aliqua. Ut enim ad minim veniam, quis', NULL, 0, 'Idea 107 that suggest that we definitely need a longer title for ideas', 29, 10, NULL),
(140, TIMESTAMP '2019-08-10 20:49:08.433', TIMESTAMP '2019-08-11 20:49:08.433', 'X34QFpuX Lorem ipsum dolor sit amet, consectetur adipiscing elit, sed do eiusmod tempor incididunt ut labore et dolore magna aliqua. Ut enim ad minim veniam, quis nostrud exercitation ullamco laboris nisi ut aliquip ex ea commodo consequat. Duis aute irure dolor in reprehenderit in v', NULL, 0, 'Idea 108 that suggest that we definitely need a longer title for ideas', 30, 18, NULL);
INSERT INTO "PUBLIC"."LAWS" VALUES
(141, TIMESTAMP '2019-08-09 20:49:08.436', TIMESTAMP '2019-08-10 20:49:08.436', 'cDnyVE8K Lorem ipsum dolor sit amet, consectetur adipiscing elit, sed do eiusmod tempor incididunt ut labore et dolore magna aliqua. Ut enim ad minim veniam, quis nost', NULL, 0, 'Idea 109 that suggest that we definitely need a longer title for ideas', 31, 5, NULL),
(142, TIMESTAMP '2019-08-08 20:49:08.443', TIMESTAMP '2019-08-09 20:49:08.443', 'uGD4MUqF Lorem ipsum dolor sit amet, consectetur adipiscing elit, sed do eiusmod tempor incididunt ut labore et dolore magna aliqua. Ut enim ad minim veniam, quis nostrud exercitation ullamco laboris nisi ut aliquip ex ea commodo consequat. Duis aute irure dolor in reprehenderit in voluptate velit esse cillum dolore eu fugiat nulla pariatur. Ex', NULL, 0, 'Idea 110 that suggest that we definitely need a longer title for ideas', 22, 2, NULL),
(143, TIMESTAMP '2019-11-25 20:49:08.462', TIMESTAMP '2019-11-26 20:49:08.462', 'ZgC6yntO Lorem ipsum dolor sit amet, consectetur adipiscing elit, sed do eiusmod tempor incididunt ut labore et dolore magna aliqua. Ut enim ad minim veniam, quis nostrud exercitation ullamco laboris nisi ut aliquip ex ea commodo consequat. Duis aute irure dolor in repr', TIMESTAMP '2019-11-27 20:49:08.457', 1, 'Proposal 0 that reached its quorum', 24, 16, NULL),
(144, TIMESTAMP '2019-11-18 20:49:08.482', TIMESTAMP '2019-11-19 20:49:08.482', 'bRArv2Fc Lorem ipsum dolor sit amet, consectetur adipiscing elit, sed do eiusmod tempor incididunt ut labore et dolore magna aliqua. Ut enim ad minim veniam, quis nostrud exercitation ', TIMESTAMP '2019-11-19 20:49:08.477', 1, 'Proposal 1 that reached its quorum', 27, 7, NULL),
(145, TIMESTAMP '2019-11-18 20:49:08.503', TIMESTAMP '2019-11-19 20:49:08.503', 'qXORY6FA Lorem ipsum dolor sit amet, consectetur adipiscing elit, sed do eiusmod tempor incididunt ut labore et dolore magna aliqua. Ut enim ad minim veniam, quis nostrud exercitation ullamco laboris nisi ut aliquip ex ea commodo consequat. Duis aute irure dolor in reprehenderit in voluptate velit esse cillum dolore eu fugiat nulla pariatur. Excepteu', TIMESTAMP '2019-11-19 20:49:08.498', 1, 'Proposal 2 that reached its quorum', 25, 1, NULL),
(146, TIMESTAMP '2019-11-24 20:49:08.518', TIMESTAMP '2019-11-25 20:49:08.518', 'm7NG06WC Lorem ipsum dolor sit amet, consectetur adipiscing elit, sed do eiusmod tempor incididunt ut labore et dolore magna aliqua. Ut enim ad minim veniam, quis nostrud exercitation ullamco laboris nisi ut aliquip ex ea commodo consequat. Duis aute irure dolor in ', TIMESTAMP '2019-11-26 20:49:08.518', 1, 'Proposal 3 that reached its quorum', 22, 12, NULL),
(147, TIMESTAMP '2019-11-18 20:49:08.558', TIMESTAMP '2019-11-19 20:49:08.558', 'fLKM3cQx Lorem ipsum dolor sit amet, consectetur adipiscing elit, sed do eiusmod tempor incididunt ut labore et dol', TIMESTAMP '2019-11-24 20:49:08.558', 1, 'Proposal 4 that reached its quorum', 28, 3, NULL),
(148, TIMESTAMP '2019-11-23 20:49:08.593', TIMESTAMP '2019-11-24 20:49:08.593', 'RvkKzbUf Lorem ipsum dolor sit amet, consectetur adipiscing elit, sed do eiusmod tempor incididunt ut labore et dolore magna aliqua. Ut enim ad minim veniam, quis nostrud exercitation ullamco laboris nisi ut aliquip ex ea commodo consequat. Duis aute irure dolor in reprehenderit in voluptate velit esse cillum dolore e', TIMESTAMP '2019-11-24 20:49:08.583', 1, 'Proposal 5 that reached its quorum', 25, 18, NULL),
(149, TIMESTAMP '2019-11-19 20:49:08.618', TIMESTAMP '2019-11-20 20:49:08.618', 'RsFl9987 Lorem ipsum dolor sit amet, consectetur adipiscing elit, sed do eiusmod tempor incididunt ut labore et dolore magna aliqua. Ut enim ad minim veniam, quis nostrud exercitation ullamco laboris nisi ut aliquip ex ea commodo consequat. Duis aute irure dolor in reprehenderit in voluptate velit esse cillum do', TIMESTAMP '2019-11-22 20:49:08.613', 1, 'Proposal 6 that reached its quorum', 22, 5, NULL),
(150, TIMESTAMP '2019-11-26 20:49:08.637', TIMESTAMP '2019-11-27 20:49:08.637', 'oVpUogWe Lorem ipsum dolor sit amet, consectetur adipiscing elit, sed do ei', TIMESTAMP '2019-11-27 20:49:08.632', 1, 'Proposal 7 that reached its quorum', 30, 13, NULL);
INSERT INTO "PUBLIC"."LAWS" VALUES
(151, TIMESTAMP '2019-11-24 20:49:08.652', TIMESTAMP '2019-11-25 20:49:08.652', 'DP4WtXeF Lorem ipsum dolor sit amet, consectetur adipiscing elit, sed do eiusmod tempor incididunt ut labore et dolore magna aliqua. Ut enim ad minim veniam, quis nostrud exercitation ullamco laboris nisi ut aliquip ex ea commodo consequat. Duis aute irure dolor in reprehe', TIMESTAMP '2019-11-27 20:49:08.652', 1, 'Proposal 8 that reached its quorum', 30, 1, NULL),
(152, TIMESTAMP '2019-11-23 20:49:08.673', TIMESTAMP '2019-11-24 20:49:08.673', '4zG5XQOw Lorem ipsum dolor sit amet, consectetur adipiscing elit, sed do eiusmod tempor incididunt ut labore et dolore magna aliqua. Ut enim ad minim v', TIMESTAMP '2019-11-26 20:49:08.673', 1, 'Proposal 9 that reached its quorum', 29, 4, NULL),
(153, TIMESTAMP '2019-11-24 20:49:08.698', TIMESTAMP '2019-11-25 20:49:08.698', 'vaAfdlmh Lorem ipsum dolor sit amet, consectetur adipiscing elit, sed do eiusmod tempor incididunt ut labore et dolore magna aliqua. Ut enim ad minim veniam, quis nostrud exercitation ullamco laboris nisi ut aliquip ex ea commodo consequat. Duis aute irure dolor in reprehenderit in voluptate velit esse cillum dolore eu fugiat nulla pariatur. Excepteur sint occaecat cupidatat non proident, sun', TIMESTAMP '2019-11-26 20:49:08.693', 1, 'Proposal 10 that reached its quorum', 28, 12, NULL),
(154, TIMESTAMP '2019-11-19 20:49:08.713', TIMESTAMP '2019-11-20 20:49:08.713', 'nF6kTLQH Lorem ipsum dolor sit amet, consectetur adipiscing elit, sed do eiusmod tempor incididunt ut labore et dolore magna aliqua. Ut enim ad minim veniam, quis nostrud exercitation ullamco ', TIMESTAMP '2019-11-24 20:49:08.713', 1, 'Proposal 11 that reached its quorum', 27, 16, NULL),
(155, TIMESTAMP '2019-11-23 20:49:08.733', TIMESTAMP '2019-11-24 20:49:08.733', 'Kmqd7T4z Lorem ipsum dolor sit amet, consectetur adipiscing elit, sed do eiusmod tempor incididunt ut labore et dolore magna aliqua. Ut enim ad minim veniam, quis nostrud exercitation ullamco laboris nisi ut aliquip ex ', TIMESTAMP '2019-11-24 20:49:08.728', 1, 'Proposal 12 that reached its quorum', 26, 2, NULL),
(156, TIMESTAMP '2019-11-23 20:49:08.748', TIMESTAMP '2019-11-24 20:49:08.748', 'QYDO7Ntc Lorem ipsum dolor sit amet, consectetur adipiscing elit, sed do eiusmod tempor incididunt ut labore et dolore magna aliqua. Ut enim ad minim veniam, quis nostrud exercitatio', TIMESTAMP '2019-11-27 20:49:08.743', 1, 'Proposal 13 that reached its quorum', 30, 9, NULL),
(157, TIMESTAMP '2019-11-23 20:49:08.763', TIMESTAMP '2019-11-24 20:49:08.763', 'VDtXkKFa Lorem ipsum dolor sit amet, consectetur adipiscing elit, sed do eiusmod tempor incididunt ut labore et dolore magna aliqua. Ut enim ad minim veniam, quis nostrud exercitation ullamco laboris nisi ut aliquip ex ea commodo consequat. Duis aute irure dolor in reprehenderit in voluptate velit ', TIMESTAMP '2019-11-26 20:49:08.763', 1, 'Proposal 14 that reached its quorum', 30, 3, NULL),
(158, TIMESTAMP '2019-11-19 20:49:08.782', TIMESTAMP '2019-11-20 20:49:08.782', 'Ra9KkV2z Lorem ipsum dolor sit amet, consectetur adipiscing elit, ', TIMESTAMP '2019-11-25 20:49:08.782', 1, 'Proposal 15 that reached its quorum', 27, 14, NULL),
(159, TIMESTAMP '2019-11-20 20:49:08.802', TIMESTAMP '2019-11-21 20:49:08.802', '7cBh64ds Lorem ipsum dolor sit amet, consectetur adipiscing elit, sed do eiusmod tempor incididunt ut labore et dolore magna aliqua. Ut enim ad minim veniam, quis nostrud exercitation ullamco laboris nisi ut aliquip ex ea commodo consequat. Duis aute irure dolor in reprehende', TIMESTAMP '2019-11-25 20:49:08.802', 1, 'Proposal 16 that reached its quorum', 23, 4, NULL),
(160, TIMESTAMP '2019-11-22 20:49:08.823', TIMESTAMP '2019-11-23 20:49:08.823', 'm6kkE6Su Lorem ipsum dolor sit amet, consectetur adipisc', TIMESTAMP '2019-11-26 20:49:08.823', 1, 'Proposal 17 that reached its quorum', 23, 18, NULL),
(161, TIMESTAMP '2019-11-22 20:49:08.843', TIMESTAMP '2019-11-23 20:49:08.848', 'ELzL5R08 Lorem ipsum dolor sit amet, consectetur adipiscing elit, sed do eiusmod tempor incididunt ut labore et dolore magna aliqua. Ut enim ad minim veniam, quis nostrud exercitation ullamco laboris nisi ut aliquip ex ea commodo consequat. Duis aute irure dolor in reprehenderit in voluptate velit esse cillum dolore ', TIMESTAMP '2019-11-27 20:49:08.843', 1, 'Proposal 18 that reached its quorum', 23, 7, NULL);
INSERT INTO "PUBLIC"."LAWS" VALUES
(162, TIMESTAMP '2019-11-18 20:49:08.868', TIMESTAMP '2019-11-19 20:49:08.868', 'huRswPpF Lorem ipsum dolor sit amet, consectetur adipiscing elit, sed do eiusmod tempor incididunt ut labore et dolore magna aliqua. Ut enim ad minim veniam, quis nostrud exercitation ullamco laboris nisi ut aliquip ex ea commodo consequat. Duis aute irure dolor in reprehenderit in voluptate velit ', TIMESTAMP '2019-11-26 20:49:08.863', 1, 'Proposal 19 that reached its quorum', 30, 8, NULL),
(163, TIMESTAMP '2019-11-20 20:49:08.898', TIMESTAMP '2019-11-21 20:49:08.898', 'VU7Gslfl Lorem ipsum dolor sit amet, consectetur adipiscing elit, sed do eiusmod tempor incididunt ut labore et dolore magna aliqua. Ut enim ad minim veniam, quis nostrud exercitation ullamco laboris nisi ut aliquip ex ea commodo consequat. Duis aute irure dolor in reprehenderit in voluptate veli', TIMESTAMP '2019-11-24 20:49:08.898', 1, 'Proposal 20 that reached its quorum', 31, 12, NULL),
(164, TIMESTAMP '2019-11-27 20:49:08.913', TIMESTAMP '2019-11-27 20:49:08.913', 'h3SNns2q Lorem ipsum dolor sit amet, consectetur adipiscing elit, sed do eiusmod tempor incididunt ut labore et dolore magna aliqua. Ut enim ad minim veniam, quis nostrud exercitation ullamco laboris nisi ut aliquip ex ea commodo consequat. Duis aute irure dolor in reprehenderit in voluptate velit esse cillum dolore eu fugiat nulla pariatu', TIMESTAMP '2019-11-27 20:49:08.913', 1, 'Proposal 21 that reached its quorum', 23, 17, NULL),
(165, TIMESTAMP '2019-11-22 20:49:08.928', TIMESTAMP '2019-11-23 20:49:08.928', 'mfAKGFws Lorem ipsum dolor sit amet, consectetur adipiscing elit, sed do eiusmod tempor incididunt ut labore et dolore magna aliqua. Ut enim ad minim veniam, quis nostrud exercitation ullamco laboris nisi ut aliquip ex ea commodo consequat. Duis aute irure dolor in reprehenderit in voluptate velit esse cillum dolore eu fugiat nulla pariat', TIMESTAMP '2019-11-24 20:49:08.923', 1, 'Proposal 22 that reached its quorum', 31, 2, NULL),
(166, TIMESTAMP '2019-11-21 20:49:08.943', TIMESTAMP '2019-11-22 20:49:08.943', 's84LnnMP Lorem ipsum dolor sit amet, consectetur adipiscing elit, sed do eiusmod tempor incididunt ut labore et dolore magna aliqua. Ut enim ad minim veniam, q', TIMESTAMP '2019-11-23 20:49:08.938', 1, 'Proposal 23 that reached its quorum', 23, 4, NULL),
(167, TIMESTAMP '2019-11-23 20:49:08.957', TIMESTAMP '2019-11-24 20:49:08.962', 'bhoOxOBx Lorem ipsum dolor sit amet, consectetur adipiscing elit, sed do eiusmod tempor incididunt ut labore et dolore magna aliqua. Ut enim ad minim veniam, quis nostrud exercitation ullamco laboris nisi ut aliquip ex ea commodo consequat. Duis aute irure dolor in reprehenderit in voluptate velit esse cillum dolore eu fugiat nulla pariatur. Excepteur sint occae', TIMESTAMP '2019-11-24 20:49:08.952', 1, 'Proposal 24 that reached its quorum', 31, 4, NULL),
(168, TIMESTAMP '2019-11-21 20:49:08.978', TIMESTAMP '2019-11-22 20:49:08.978', 's8M08YZd Lorem ipsum dolor sit amet, consectetur adipiscing eli', TIMESTAMP '2019-11-27 20:49:08.973', 1, 'Proposal 25 that reached its quorum', 29, 15, NULL),
(169, TIMESTAMP '2019-11-24 20:49:08.993', TIMESTAMP '2019-11-25 20:49:08.993', '9vrrKlRn Lorem ipsum dolor sit amet, consectetur adipiscing elit, sed do eiusmod ', TIMESTAMP '2019-11-25 20:49:08.993', 1, 'Proposal 26 that reached its quorum', 30, 4, NULL),
(170, TIMESTAMP '2019-11-27 20:49:09.013', TIMESTAMP '2019-11-27 20:49:09.013', 'zXNMKns3 Lorem ipsum dolor sit amet, consectetur adipiscing elit, sed do eiusmod tempor incididunt ut labore et dolore magna aliqua. Ut enim ad minim veniam, quis nostrud exercitation ullamco laboris nisi ut aliquip ex ea commodo consequat. Duis aute irure dolor in reprehenderit in voluptate velit esse cillum dolore eu fugiat', TIMESTAMP '2019-11-27 20:49:09.013', 1, 'Proposal 27 that reached its quorum', 27, 9, NULL),
(171, TIMESTAMP '2019-11-19 20:49:09.028', TIMESTAMP '2019-11-20 20:49:09.028', 'vyPBKlk8 Lorem ipsum dolor sit amet, consectetur adipiscing elit, sed do eiusmod tempor incididunt ut labore et dolore magna aliqua. Ut enim ', TIMESTAMP '2019-11-27 20:49:09.028', 1, 'Proposal 28 that reached its quorum', 26, 8, NULL);
INSERT INTO "PUBLIC"."LAWS" VALUES
(172, TIMESTAMP '2019-11-23 20:49:09.048', TIMESTAMP '2019-11-24 20:49:09.048', 'DpGoa2hX Lorem ipsum dolor sit amet, consectetur adipiscing elit, sed do eiusmod tempor incididunt ut ', TIMESTAMP '2019-11-27 20:49:09.048', 1, 'Proposal 29 that reached its quorum', 25, 1, NULL),
(173, TIMESTAMP '2019-11-25 20:49:09.063', TIMESTAMP '2019-11-26 20:49:09.068', 'VbLslrAu Lorem ipsum dolor sit amet, consectetur adipiscing elit, sed do eiusmod tempor incididunt ut labore et dolore magna aliqua. Ut enim ad minim veniam, quis nostrud exercitation ullamco laboris nisi ut aliquip ex ea commodo consequat. Duis aute ', TIMESTAMP '2019-11-26 20:49:09.063', 1, 'Proposal 30 that reached its quorum', 28, 15, NULL),
(174, TIMESTAMP '2019-11-21 20:49:09.083', TIMESTAMP '2019-11-22 20:49:09.083', 'DV9rOv9m Lorem ipsum dolor sit amet, conse', TIMESTAMP '2019-11-22 20:49:09.078', 1, 'Proposal 31 that reached its quorum', 29, 12, NULL),
(175, TIMESTAMP '2019-11-25 20:49:09.098', TIMESTAMP '2019-11-26 20:49:09.098', 'MxL5G67a Lorem ipsum dolor sit amet, consectetur adipiscing elit, sed do eiusmod tempor incididunt ut labore et do', TIMESTAMP '2019-11-26 20:49:09.098', 1, 'Proposal 32 that reached its quorum', 30, 4, NULL),
(176, TIMESTAMP '2019-11-27 20:49:09.113', TIMESTAMP '2019-11-27 20:49:09.113', 'SxNT9vMc Lorem ipsum dolor sit amet, consectetur adipiscing elit, sed do eiusmod tempor incididunt ut labore et dolore magna aliqua. Ut enim ad minim veniam, quis nostrud exercitation ullamco laboris nisi ut aliquip ex ', TIMESTAMP '2019-11-27 20:49:09.108', 1, 'Proposal 33 that reached its quorum', 30, 6, NULL),
(177, TIMESTAMP '2019-11-22 20:49:09.123', TIMESTAMP '2019-11-23 20:49:09.123', 'yKeGC7pz Lorem ipsum dolor sit amet, consectetur adipiscing elit, sed do eiusmod tempor incididunt ut labore et dolore magna aliqua. Ut enim ad minim veniam, ', TIMESTAMP '2019-11-23 20:49:09.123', 1, 'Proposal 34 that reached its quorum', 30, 18, NULL),
(178, TIMESTAMP '2019-11-24 20:49:09.138', TIMESTAMP '2019-11-25 20:49:09.138', 'bnHg2mgC Lorem ipsum dolor sit amet, conse', TIMESTAMP '2019-11-25 20:49:09.138', 1, 'Proposal 35 that reached its quorum', 22, 8, NULL),
(179, TIMESTAMP '2019-11-19 20:49:09.153', TIMESTAMP '2019-11-20 20:49:09.153', 'WFak92lE Lorem ipsum dolor sit amet, consectetur adipiscing elit, sed do eiusmod tempor incididunt ut labore et dolore magna aliqua. Ut enim ad minim veniam, quis nostrud exercitation ullamco laboris nisi ut aliquip ex ea commodo consequat. Duis aute irure dolor in reprehenderit in voluptate velit esse cillum dolore eu fugiat nulla pariatur. Excepteur sint occaecat cupidatat non proident, sunt in culpa ', TIMESTAMP '2019-11-20 20:49:09.148', 1, 'Proposal 36 that reached its quorum', 31, 18, NULL),
(180, TIMESTAMP '2019-11-21 20:49:09.168', TIMESTAMP '2019-11-22 20:49:09.168', 'zTqWEE8H Lorem ipsum dolor sit amet, consectetur adipiscing elit, sed do eiusmod tempor incididunt ut labore et dolore magna aliqua. Ut enim ad minim veniam, quis nostrud exercitation ullamco laboris nisi ut aliquip ex ea commodo consequat. Duis aute irure dolor in reprehenderit in vo', TIMESTAMP '2019-11-23 20:49:09.163', 1, 'Proposal 37 that reached its quorum', 28, 10, NULL),
(181, TIMESTAMP '2019-11-19 20:49:09.183', TIMESTAMP '2019-11-20 20:49:09.183', 'balg8ZbA Lorem ipsum dolor sit amet, consectetur adipiscing elit, sed do eiusmod tempor inc', TIMESTAMP '2019-11-20 20:49:09.178', 1, 'Proposal 38 that reached its quorum', 31, 8, NULL),
(182, TIMESTAMP '2019-11-20 20:49:09.203', TIMESTAMP '2019-11-21 20:49:09.208', 'NQeevnWs Lorem ipsum dolor sit amet, consectetur adipiscing elit, sed do eiusmod tempor incididunt ut labore et dolore magna aliqua. Ut enim ad minim veniam, quis nostrud exercitation ullamco laboris nisi ut aliquip ex ea commodo consequat. Duis aute irure dolor in reprehenderit in voluptate velit esse cillum dolore eu fugiat nulla pariatur. Excepteur sint occaecat cupidata', TIMESTAMP '2019-11-25 20:49:09.203', 1, 'Proposal 39 that reached its quorum', 27, 11, NULL),
(183, TIMESTAMP '2019-11-20 20:49:09.238', TIMESTAMP '2019-11-21 20:49:09.243', '4aLev9Op Lorem ipsum dolor sit amet, consectetur adipiscing elit, sed do eiusmod tempor incididunt ut labore et dolore magna aliqua. Ut enim ad minim veniam, quis nostrud exercitation ullamco laboris nisi u', TIMESTAMP '2019-11-27 20:49:09.238', 1, 'Proposal 40 that reached its quorum', 27, 9, NULL);
INSERT INTO "PUBLIC"."LAWS" VALUES
(184, TIMESTAMP '2019-11-23 20:49:09.263', TIMESTAMP '2019-11-24 20:49:09.263', 'l6vwOsVS Lorem ipsum dolor sit amet, consectetur adipiscing elit, sed do eiusmod tempor incididunt ut labore et dolore magna aliqua. Ut enim ad minim veniam, quis nostrud exercitation ullamco la', TIMESTAMP '2019-11-27 20:49:09.258', 1, 'Proposal 41 that reached its quorum', 27, 6, NULL),
(185, TIMESTAMP '2019-11-27 20:49:09.283', TIMESTAMP '2019-11-27 20:49:09.283', 'AtqS2Fvb Lorem ipsum dolor sit amet, consectetur adipiscing elit, sed do eiusmod tempor incididunt ut labore et dolore magna aliqua. Ut enim ad minim veniam, quis nostrud exercitation ullamco laboris nisi ut aliquip ex ea commodo consequat. Duis aute irure dolor in reprehenderit in volup', TIMESTAMP '2019-11-27 20:49:09.283', 1, 'Proposal 42 that reached its quorum', 25, 4, NULL),
(186, TIMESTAMP '2019-11-27 20:49:09.3', TIMESTAMP '2019-11-27 20:49:09.3', 'OhdDZuQB Lorem ipsum dolor sit amet, consectetur adipiscing elit, sed do eiusmod tempor incididunt ut labore et dolore magna aliqua. Ut enim ad minim veniam, quis nostrud exercitation ullamco laboris nisi ut aliquip ex ea commodo consequat. Duis aute irure dolor in reprehenderit in voluptate velit esse cillum dolore eu fugiat nulla pariatu', TIMESTAMP '2019-11-27 20:49:09.298', 1, 'Proposal 43 that reached its quorum', 25, 13, NULL),
(187, TIMESTAMP '2019-11-26 20:49:09.313', TIMESTAMP '2019-11-27 20:49:09.313', 'v87vOaGa Lorem ipsum dolor sit amet, consectetur adipiscing elit, sed do eiusmod tempor incididunt ut labore et dolore magna aliqua. Ut enim ad minim veniam, quis nostrud exercitation ullamco laboris nisi ut aliqui', TIMESTAMP '2019-11-27 20:49:09.313', 1, 'Proposal 44 that reached its quorum', 24, 18, NULL),
(188, TIMESTAMP '2019-11-25 20:49:09.323', TIMESTAMP '2019-11-26 20:49:09.323', 'HaaKr6Ke Lorem ipsum dolor sit amet, consectetur adipiscing elit, sed do eiusmod tempor incididunt ut labore et dolore magna aliqua. Ut enim ad minim veniam, quis nostrud exercitation ullamco laboris nisi ut aliquip ex ea commodo consequat. Duis aute irure dolor', TIMESTAMP '2019-11-27 20:49:09.323', 1, 'Proposal 45 that reached its quorum', 27, 7, NULL),
(189, TIMESTAMP '2019-11-27 20:49:09.34', TIMESTAMP '2019-11-27 20:49:09.34', 'dy9yhzbO Lorem ipsum dolor sit amet, consectetur adipiscing elit, sed do eiusmod tempor incididunt ut labore et dolore magna aliqua. Ut enim ad minim veniam, quis nostrud exercitation ullamco laboris nisi ut aliquip ex ea commodo consequat. ', TIMESTAMP '2019-11-27 20:49:09.338', 1, 'Proposal 46 that reached its quorum', 23, 13, NULL),
(190, TIMESTAMP '2019-11-23 20:49:09.35', TIMESTAMP '2019-11-24 20:49:09.35', 'zZ20vl7c Lorem ipsum dolor sit amet, consectetur adipiscing elit, sed do eiusmod tempor incididunt ut labore et dolore magna aliqua. Ut enim ad minim ', TIMESTAMP '2019-11-26 20:49:09.35', 1, 'Proposal 47 that reached its quorum', 26, 3, NULL),
(191, TIMESTAMP '2019-11-27 20:49:09.36', TIMESTAMP '2019-11-27 20:49:09.36', 'UyzHEhWm Lorem ipsum dolor sit amet, consectetur adipiscing', TIMESTAMP '2019-11-27 20:49:09.36', 1, 'Proposal 48 that reached its quorum', 24, 3, NULL),
(192, TIMESTAMP '2019-11-21 20:49:09.371', TIMESTAMP '2019-11-22 20:49:09.371', 'TwLW9EFq Lorem ipsum dolor sit amet, consectetur adipiscing elit, sed do eiusmod tempor incididunt ut labore et dolore magna aliqua. Ut e', TIMESTAMP '2019-11-22 20:49:09.371', 1, 'Proposal 49 that reached its quorum', 28, 4, NULL),
(193, TIMESTAMP '2019-11-18 20:49:09.381', TIMESTAMP '2019-11-19 20:49:09.381', 'Lorem ipsum dolor sit amet, consectetur adipiscing elit, sed do eiusmod tempor incididunt ut labore et dolore ma', TIMESTAMP '2019-11-22 20:49:09.381', 1, 'Proposal 0 for user testuser1@liquido.de', 30, 1, NULL),
(197, TIMESTAMP '2019-11-19 20:49:09.451', TIMESTAMP '2019-11-20 20:49:09.451', 'Lorem ipsum dolor sit amet, consectetur adipiscing elit, sed do eiusmod tempor incididunt ut labore et dolore magna aliqua. Ut enim ad m', TIMESTAMP '2019-11-21 20:49:09.449', 1, 'Proposal 1 for user testuser1@liquido.de', 25, 1, NULL);
INSERT INTO "PUBLIC"."LAWS" VALUES
(204, TIMESTAMP '2019-11-25 20:49:09.499', TIMESTAMP '2019-11-26 20:49:09.499', 'Lorem ipsum dolor sit amet, consectetur adipiscing elit, sed do eiusmod tempor incididunt ut labore et dolore magna aliqu', TIMESTAMP '2019-11-26 20:49:09.491', 1, 'Proposal 2 for user testuser1@liquido.de', 27, 1, NULL),
(210, TIMESTAMP '2019-11-20 20:49:09.53', TIMESTAMP '2019-11-21 20:49:09.53', 'Lorem ipsum dolor sit amet, consectetur adipiscing elit, sed do eiusmod tempor incididunt ut labore et dolore magna aliqua. Ut enim ad mini', TIMESTAMP '2019-11-21 20:49:09.528', 1, 'Proposal 3 for user testuser1@liquido.de', 24, 1, NULL),
(218, TIMESTAMP '2019-11-27 20:49:09.562', TIMESTAMP '2019-11-27 20:49:09.562', 'Lorem ipsum dolor sit amet, consectetur adipiscing elit, sed do eiusmod tempor incididunt ut labore et dolore magna aliqua. Ut enim ad minim veniam, quis nostrud exercitation ullamco laboris nisi ut aliquip ex ea commodo consequat. Duis aute irure dolor in reprehe', TIMESTAMP '2019-11-27 20:49:09.562', 1, 'Proposal 4 for user testuser1@liquido.de', 27, 1, NULL),
(232, TIMESTAMP '2019-11-17 20:49:15.149', TIMESTAMP '2019-11-27 20:49:15.173', 'Lorem ipsum dolor sit amet, consectetur adipiscing elit, sed do eiusmod tempor incididunt ut labore et dolore magna aliqua. Ut enim ad minim veniam, quis nostrud exercitation ullamco laboris nisi ut aliquip ex ea commodo consequat. Duis aute irure dolor in reprehenderit in voluptate velit esse cillum dolore eu fugiat nu', TIMESTAMP '2019-11-20 20:49:15.149', 2, 'Initial Proposal in a poll that is in elaboration 1574884155133', 22, 13, 238),
(239, TIMESTAMP '2019-11-07 20:49:15.188', TIMESTAMP '2019-11-27 20:49:15.213', 'Lorem ipsum dolor sit amet, consectetur adipiscing elit, sed do eiusmod tempor incididunt ut labore et dolore magna aliqua. Ut enim ad minim veniam, quis nostrud exercitation ullamco laboris nisi ut aliquip ex ea commodo consequat. Duis aute irure dolor in reprehenderit in voluptate velit esse cillum dolore eu fugiat nulla pariatur. Excepteur sint occaecat cupidatat non proident, sunt in cul', TIMESTAMP '2019-11-09 20:49:15.188', 2, 'Alternative Proposal1 in a poll that is in elaboration1574884155178', 22, 15, 238),
(247, TIMESTAMP '2019-11-07 20:49:15.223', TIMESTAMP '2019-11-27 20:49:15.238', 'Lorem ipsum dolor sit amet, consectetur adipiscing elit, sed do eiusmod tempor incididunt ut labore et dolore magna aliqua. Ut enim ad minim veniam, quis nostrud exercitation ullamco laboris nisi ut aliquip ex ea commodo consequat. Duis aute irure dolor in reprehenderit in voluptate velit esse cillum dolore eu fugiat nulla pariatur. Excepteur sint', TIMESTAMP '2019-11-09 20:49:15.223', 2, 'Alternative Proposal2 in a poll that is in elaboration1574884155213', 22, 7, 238),
(253, TIMESTAMP '2019-11-07 20:49:15.253', TIMESTAMP '2019-11-27 20:49:15.273', 'Lorem ipsum dolor sit amet, consectetur adipiscing elit, sed do eiusmod tempor incididunt ut labore et dolore magna aliqua. Ut enim ad minim veniam, q', TIMESTAMP '2019-11-09 20:49:15.253', 2, 'Alternative Proposal3 in a poll that is in elaboration1574884155238', 22, 3, 238),
(259, TIMESTAMP '2019-11-07 20:49:15.283', TIMESTAMP '2019-11-27 20:49:15.303', 'Lorem ipsum dolor sit amet, consectetur adipiscing elit, sed do eiusmod tempor incididunt ut labore et dolore magna aliqua. Ut enim ad minim veniam, quis nostrud exercitation ullamco laboris nisi ut aliquip ex ea commodo cons', TIMESTAMP '2019-11-09 20:49:15.283', 2, 'Alternative Proposal4 in a poll that is in elaboration1574884155273', 22, 5, 238),
(266, TIMESTAMP '2019-11-17 20:49:15.313', TIMESTAMP '2019-11-27 20:49:15.533', 'Lorem ipsum dolor sit amet, consectetur adipiscing elit, sed do eiusmod tempor incididunt ut labore et dolore magna aliqua. Ut enim ad minim veniam, quis nostrud exercitation ullamco laboris nisi ut aliquip ex ea commodo consequat. Duis aute irure dolor in reprehenderit in voluptate velit esse cillum dolore eu fugiat nulla pariatur. Excepteu', TIMESTAMP '2019-11-20 20:49:15.313', 3, 'Proposal 1 in voting phase 1574884155503', 22, 13, 274);
INSERT INTO "PUBLIC"."LAWS" VALUES
(275, TIMESTAMP '2019-11-07 20:49:15.353', TIMESTAMP '2019-11-27 20:49:15.533', 'Lorem ipsum dolor sit amet, consectetur adipiscing elit, sed do eiusmod tempor incididunt ut labore et dolore magna aliqua. Ut enim ad minim veniam, quis nostrud exercitation ullamco laboris nisi ut aliquip ex ea commodo consequat. Duis aute irure dolor in reprehenderit in voluptate velit esse cillum dolore eu fugiat nulla pari', TIMESTAMP '2019-11-09 20:49:15.353', 3, 'Proposal 3 in voting phase 1574884155503', 22, 15, 274),
(282, TIMESTAMP '2019-11-07 20:49:15.393', TIMESTAMP '2019-11-27 20:49:15.533', 'Lorem ipsum dolor sit amet, consectetur adipiscing elit, sed do eiusmod tempor incididunt ut labore et dolore magna aliqua. Ut enim ad minim veniam, quis nostrud exercitation ullamco laboris nisi ut aliquip ex ea commodo consequat. Duis aute irure dolor in reprehender', TIMESTAMP '2019-11-09 20:49:15.393', 3, 'Proposal 4 in voting phase 1574884155503', 22, 7, 274),
(290, TIMESTAMP '2019-11-07 20:49:15.438', TIMESTAMP '2019-11-27 20:49:15.533', 'Lorem ipsum dolor sit amet, consectetur adipiscing elit, sed do eiusmod tempor incididunt ut labore et dolore magna aliqua. Ut enim ad minim veniam, quis nostrud exercitation ullamco laboris nisi ut aliquip ex ea commodo consequat. Duis aute irure dolor in reprehenderit in voluptate velit esse ci', TIMESTAMP '2019-11-09 20:49:15.438', 3, 'Proposal 5 in voting phase 1574884155503', 22, 3, 274),
(297, TIMESTAMP '2019-11-07 20:49:15.488', TIMESTAMP '2019-11-27 20:49:15.533', 'Lorem ipsum dolor sit amet, consectetur adipiscing elit, sed do eiusmod tempor incididunt ut labore et dolore magna aliqua. Ut enim ad minim veniam, quis nostrud exercitation ullamco laboris nisi ut aliquip ex ea commodo consequat. Duis aute irure dolor in reprehenderit in voluptate ', TIMESTAMP '2019-11-09 20:49:15.483', 3, 'Proposal 2 in voting phase 1574884155503', 22, 5, 274),
(302, TIMESTAMP '2019-11-17 20:49:15.568', TIMESTAMP '2019-11-27 20:49:15.753', 'Lorem ipsum dolor sit amet, consectetur adipiscing elit, sed do eiusmod tempor incididunt ut labore et dolore magna aliqua. Ut enim ad minim veniam, quis nostrud exercitation ullamco laboris nisi ut aliquip ex ea commodo consequat. Duis aute irure dol', TIMESTAMP '2019-11-20 20:49:15.563', 3, 'Proposal 1 in voting phase 1574884155728', 22, 13, 308),
(309, TIMESTAMP '2019-11-07 20:49:15.598', TIMESTAMP '2019-11-27 20:49:15.753', 'Lorem ipsum dolor sit amet, consectetur adipiscing elit, sed do eiusmod tempor incididunt ut labore et dolore magna aliqua. Ut enim ad minim veniam, quis nostrud exercitation ullamco laboris nisi ut aliquip ex ea commodo consequat. Duis aute irure dolor in reprehenderit in voluptate velit esse cillum dolore eu fu', TIMESTAMP '2019-11-09 20:49:15.593', 3, 'Proposal 2 in voting phase 1574884155728', 22, 15, 308),
(313, TIMESTAMP '2019-11-07 20:49:15.618', TIMESTAMP '2019-11-27 20:49:15.753', 'Lorem ipsum dolor sit amet, consectetur adipiscing elit, sed do eiusmod tempor incididunt ut labore et dolore magna aliqua. Ut enim ad minim veniam, quis nostrud exercitation ullamco laboris nisi ut aliquip ex ea commodo consequat. Duis aute irure dolor i', TIMESTAMP '2019-11-09 20:49:15.618', 3, 'Proposal 5 in voting phase 1574884155728', 22, 7, 308),
(318, TIMESTAMP '2019-11-07 20:49:15.658', TIMESTAMP '2019-11-27 20:49:15.753', 'Lorem ipsum dolor sit amet, consectetur adipiscing elit, sed do eiusmod tempor incididunt ut labore et dolore magna aliqua. Ut enim ad minim veniam, quis nostrud exercitation ullamco laboris nisi ut aliquip ex ea commodo consequat. Duis aute irure dolor in reprehenderit in voluptate velit esse cillum dolore eu fugiat nulla pariatur. Excepteur sint occaecat cupidatat non proident, sunt in culpa ', TIMESTAMP '2019-11-09 20:49:15.658', 3, 'Proposal 3 in voting phase 1574884155728', 22, 3, 308),
(322, TIMESTAMP '2019-11-07 20:49:15.713', TIMESTAMP '2019-11-27 20:49:15.753', 'Lorem ipsum dolor sit amet, consectetur adipiscing elit, sed do eiusmod tempor incididunt ut labore et dolore magna aliqua. Ut enim ad minim veniam, quis nostrud exercitation ullamco laboris nisi ut aliquip ex ea commodo consequat. Dui', TIMESTAMP '2019-11-09 20:49:15.708', 3, 'Proposal 4 in voting phase 1574884155728', 22, 5, 308);
INSERT INTO "PUBLIC"."LAWS" VALUES
(344, TIMESTAMP '2019-11-17 20:49:21.363', TIMESTAMP '2019-11-27 20:49:25.593', 'Lorem ipsum dolor sit amet, consectetur adipiscing elit, sed do eiusmod tempor incididunt ut labore et dolore magna aliqua. Ut enim ad minim veniam, quis nostrud exerc', TIMESTAMP '2019-11-20 20:49:21.363', 4, 'This winning Proposal is now a Law', 22, 13, 349),
(350, TIMESTAMP '2019-11-07 20:49:21.393', TIMESTAMP '2019-11-27 20:49:25.583', 'Lorem ipsum dolor sit amet, consectetur adipiscing elit, sed do eiusmod tempor incididunt ut labore et dolore magna aliqua. Ut enim ad minim veniam, quis nostrud exercitation ullamco laboris nisi ut aliquip ex ea commodo consequat. Duis aute irure dolor in reprehenderit in voluptate velit esse cillum dolore eu fugiat nulla pariatur. Excepteur sin', TIMESTAMP '2019-11-09 20:49:21.393', 5, 'Proposal 4 in voting phase 1574884161488', 22, 15, 349),
(357, TIMESTAMP '2019-11-07 20:49:21.423', TIMESTAMP '2019-11-27 20:49:25.583', 'Lorem ipsum dolor sit amet, consectetur adipiscing elit, sed do eiusmod tempor incididunt ut labore et ', TIMESTAMP '2019-11-09 20:49:21.418', 5, 'Proposal 5 in voting phase 1574884161488', 22, 7, 349),
(363, TIMESTAMP '2019-11-07 20:49:21.448', TIMESTAMP '2019-11-27 20:49:25.588', 'Lorem ipsum dolor sit amet, consectetur adipiscing elit, sed do eiusmod tempor incididunt ut labore et dolore magna aliqua. Ut enim ad minim veniam, quis nostrud exercitation ullamco laboris nisi ut aliquip ex ea commodo consequat. Duis aute irure dolor in reprehenderit in voluptate velit esse cillum dolore eu fugiat nulla pariatur. Excepteur sint occaecat cupidatat non proident, ', TIMESTAMP '2019-11-09 20:49:21.443', 5, 'Proposal 2 in voting phase 1574884161488', 22, 3, 349),
(371, TIMESTAMP '2019-11-07 20:49:21.473', TIMESTAMP '2019-11-27 20:49:25.588', 'Lorem ipsum dolor sit amet, consectetur adipiscing elit, sed do eiusmod tempor incididunt ut labore et dolore magna aliqua. Ut enim ad minim veniam, quis nost', TIMESTAMP '2019-11-09 20:49:21.473', 5, 'Proposal 3 in voting phase 1574884161488', 22, 5, 349),
(394, TIMESTAMP '2019-11-07 20:49:25.613', TIMESTAMP '2019-11-27 20:49:25.613', 'Lorem ipsum dolor sit amet, consectetur adipiscing elit, sed do eiusmod tempor incididunt ut labore et dolore magna aliqua. Ut enim ad minim veniam, quis nostrud exercitation ullamco laboris nisi ut aliquip ex ea commodo consequat. Duis aute irure dolor in reprehenderit in voluptate velit esse cillum dolore eu fugiat nulla pariatur. Excepteur sint o', TIMESTAMP '2019-11-03 20:49:25.613', 4, 'Law 0', 22, 1, NULL),
(395, TIMESTAMP '2019-11-06 20:49:25.633', TIMESTAMP '2019-11-27 20:49:25.628', 'Lorem ipsum dolor sit amet, consectetur adipiscing elit, sed do eiusmod tempor incididunt ut labore et dolore magna aliqua. Ut enim ad minim veniam, quis nostrud exercitation ullamco laboris nis', TIMESTAMP '2019-11-03 20:49:25.628', 4, 'Law 1', 22, 1, NULL);
CREATE MEMORY TABLE "PUBLIC"."LAWS_COMMENTS"(
"LAW_MODEL_ID" BIGINT NOT NULL,
"COMMENTS_ID" BIGINT NOT NULL
);
ALTER TABLE "PUBLIC"."LAWS_COMMENTS" ADD CONSTRAINT "PUBLIC"."CONSTRAINT_A0" PRIMARY KEY("LAW_MODEL_ID", "COMMENTS_ID");
-- 25 +/- SELECT COUNT(*) FROM PUBLIC.LAWS_COMMENTS;
INSERT INTO "PUBLIC"."LAWS_COMMENTS" VALUES
(193, 194),
(197, 198),
(204, 205),
(210, 211),
(218, 219),
(232, 233),
(239, 240),
(247, 248),
(253, 254),
(259, 260),
(266, 267),
(275, 276),
(282, 283),
(290, 291),
(297, 298),
(302, 303),
(309, 310),
(313, 314),
(318, 319),
(322, 323),
(344, 345),
(350, 351),
(357, 358),
(363, 364),
(371, 372);
CREATE MEMORY TABLE "PUBLIC"."LAWS_SUPPORTERS"(
"LAW_MODEL_ID" BIGINT NOT NULL,
"SUPPORTERS_ID" BIGINT NOT NULL
);
ALTER TABLE "PUBLIC"."LAWS_SUPPORTERS" ADD CONSTRAINT "PUBLIC"."CONSTRAINT_C" PRIMARY KEY("LAW_MODEL_ID", "SUPPORTERS_ID");
-- 1270 +/- SELECT COUNT(*) FROM PUBLIC.LAWS_SUPPORTERS;
INSERT INTO "PUBLIC"."LAWS_SUPPORTERS" VALUES
(33, 5),
(33, 20),
(34, 19),
(34, 9),
(34, 6),
(34, 10),
(34, 14),
(34, 20),
(34, 12),
(35, 2),
(35, 17),
(35, 18),
(35, 4),
(35, 12),
(36, 17),
(36, 2),
(36, 14),
(36, 15),
(36, 16),
(36, 20),
(36, 11),
(37, 9),
(37, 16),
(38, 17),
(38, 13),
(38, 10),
(40, 12),
(40, 4),
(40, 5),
(40, 13),
(40, 7),
(41, 4),
(41, 15),
(41, 7),
(41, 14),
(41, 11),
(41, 3),
(41, 1),
(42, 9),
(42, 12),
(42, 14),
(43, 8),
(43, 10),
(43, 2),
(43, 3),
(43, 20),
(43, 12),
(43, 18),
(43, 7),
(44, 12),
(44, 11),
(44, 5),
(44, 17),
(44, 6),
(45, 1),
(45, 6),
(46, 7),
(46, 20),
(47, 2),
(48, 15),
(48, 3),
(48, 1),
(48, 19),
(48, 20),
(48, 11),
(48, 9),
(49, 1),
(49, 18),
(49, 4),
(49, 7),
(50, 9),
(50, 8),
(50, 12),
(50, 17),
(50, 11),
(50, 7),
(50, 5),
(50, 19),
(51, 15),
(51, 3),
(51, 11),
(51, 2),
(51, 10),
(52, 11),
(52, 9),
(52, 6),
(52, 17),
(52, 14),
(52, 20),
(52, 5),
(53, 15),
(54, 10),
(54, 6),
(54, 20),
(54, 15),
(54, 12),
(54, 16),
(55, 20),
(55, 10),
(55, 5),
(55, 7),
(55, 16),
(55, 6),
(57, 19),
(58, 11),
(58, 9),
(58, 15),
(58, 18),
(58, 20),
(58, 13),
(58, 7),
(59, 14),
(60, 20),
(60, 11),
(60, 7),
(60, 4),
(60, 3),
(61, 20),
(61, 17),
(61, 8),
(61, 10),
(61, 1),
(61, 4),
(61, 14),
(61, 16),
(62, 16),
(62, 20),
(62, 13),
(63, 4),
(63, 6),
(63, 11),
(63, 15),
(63, 8),
(63, 7),
(65, 15),
(65, 7),
(65, 20),
(66, 4),
(66, 17),
(66, 1),
(66, 6),
(67, 6),
(67, 18),
(67, 19),
(67, 1),
(68, 14),
(68, 18),
(68, 16),
(68, 20),
(68, 15),
(69, 11),
(69, 12),
(69, 8),
(70, 11),
(70, 16),
(70, 15),
(70, 14),
(70, 20),
(70, 18),
(70, 17),
(71, 3),
(71, 19),
(71, 5),
(71, 16),
(71, 10),
(71, 20),
(71, 17),
(71, 1),
(72, 1),
(72, 6),
(72, 20),
(72, 8),
(72, 12),
(72, 19),
(72, 10),
(73, 20),
(73, 7),
(73, 15),
(73, 6),
(74, 7),
(74, 11),
(74, 1),
(74, 5),
(74, 15),
(74, 19),
(74, 8),
(74, 2),
(75, 11),
(75, 19),
(75, 10),
(75, 8),
(76, 3),
(76, 14),
(76, 5),
(76, 19),
(76, 15),
(76, 11),
(76, 1),
(76, 12),
(77, 17),
(77, 20),
(77, 5),
(77, 11),
(78, 8),
(78, 15),
(78, 18),
(79, 11),
(79, 12),
(79, 4),
(79, 6),
(79, 9),
(79, 5),
(80, 17),
(80, 19),
(80, 6),
(80, 15),
(80, 9),
(81, 13),
(81, 7),
(81, 11),
(81, 16),
(82, 12),
(82, 9),
(82, 8),
(82, 20),
(83, 11),
(83, 7),
(84, 3),
(84, 12),
(84, 10),
(84, 6),
(85, 17),
(85, 6),
(85, 5),
(85, 4),
(85, 8),
(85, 14),
(86, 18),
(86, 16),
(86, 12),
(86, 3),
(86, 14),
(86, 19),
(87, 3),
(87, 20),
(87, 18),
(87, 5),
(87, 6),
(88, 2),
(88, 8),
(88, 13),
(88, 3),
(88, 20),
(88, 10),
(88, 1),
(89, 4),
(89, 15),
(90, 19),
(91, 5),
(91, 10),
(91, 20),
(92, 8),
(92, 11),
(92, 17),
(92, 14),
(92, 3),
(92, 13),
(92, 19),
(93, 6),
(93, 9),
(93, 11),
(93, 12),
(93, 19),
(94, 14),
(94, 11),
(94, 12),
(94, 13),
(94, 20),
(94, 3),
(94, 9),
(94, 16),
(95, 7),
(95, 2),
(95, 10),
(95, 5),
(95, 6),
(95, 9),
(95, 20),
(95, 19),
(96, 10),
(96, 19),
(96, 17),
(96, 16),
(96, 8),
(96, 12),
(96, 6),
(97, 18),
(97, 19),
(97, 8),
(97, 2),
(97, 16),
(97, 11),
(97, 15),
(98, 12),
(98, 9),
(98, 4),
(98, 14),
(98, 13),
(98, 18),
(98, 3),
(99, 2),
(99, 6),
(99, 9),
(99, 10),
(100, 3),
(100, 16),
(100, 10),
(100, 12),
(100, 1),
(100, 20),
(100, 8),
(101, 6),
(101, 20),
(101, 5),
(102, 4),
(102, 17),
(102, 6),
(102, 2),
(102, 15),
(103, 4),
(103, 9),
(104, 15),
(104, 6),
(105, 12),
(106, 17),
(106, 13),
(106, 4),
(106, 16),
(106, 1),
(106, 12),
(106, 7),
(106, 18),
(107, 17),
(107, 2),
(107, 18),
(107, 13),
(107, 20),
(107, 15),
(107, 9),
(108, 12),
(109, 11),
(109, 7),
(109, 20),
(109, 9),
(109, 3),
(109, 6),
(109, 10),
(109, 4),
(110, 10),
(110, 17),
(110, 9),
(110, 20),
(111, 11),
(111, 10),
(111, 3),
(111, 19),
(111, 15),
(111, 17),
(111, 4),
(112, 8),
(113, 19),
(113, 2),
(113, 12),
(113, 4),
(113, 18),
(113, 7),
(114, 20),
(114, 7),
(114, 15),
(114, 17),
(115, 8),
(115, 14),
(115, 17),
(115, 1),
(115, 19),
(115, 20),
(115, 15),
(115, 5),
(116, 3),
(116, 12),
(117, 12),
(117, 14),
(117, 6),
(117, 20),
(117, 17),
(118, 20),
(118, 15),
(118, 3),
(118, 19),
(118, 7),
(119, 6),
(119, 1),
(119, 11),
(119, 13),
(119, 18),
(119, 19),
(119, 4),
(119, 8),
(121, 19),
(121, 16),
(121, 14),
(121, 4),
(121, 2);
INSERT INTO "PUBLIC"."LAWS_SUPPORTERS" VALUES
(121, 11),
(121, 1),
(122, 17),
(122, 1),
(122, 2),
(122, 13),
(124, 19),
(124, 4),
(124, 11),
(124, 8),
(125, 16),
(126, 16),
(126, 8),
(127, 2),
(127, 8),
(127, 14),
(127, 3),
(127, 18),
(127, 15),
(127, 4),
(128, 14),
(129, 13),
(129, 17),
(129, 20),
(130, 4),
(130, 6),
(130, 12),
(131, 20),
(131, 5),
(131, 12),
(131, 8),
(132, 5),
(132, 15),
(132, 6),
(133, 13),
(133, 19),
(133, 17),
(134, 14),
(135, 5),
(135, 7),
(135, 20),
(135, 17),
(135, 8),
(135, 3),
(135, 14),
(135, 10),
(136, 2),
(136, 8),
(136, 17),
(136, 14),
(136, 13),
(136, 18),
(137, 2),
(137, 9),
(137, 12),
(137, 15),
(137, 4),
(139, 12),
(139, 6),
(139, 11),
(139, 9),
(139, 13),
(139, 14),
(139, 17),
(140, 10),
(141, 9),
(142, 8),
(142, 13),
(142, 20),
(142, 12),
(142, 6),
(143, 3),
(143, 5),
(143, 12),
(143, 8),
(143, 4),
(143, 7),
(143, 18),
(143, 6),
(143, 10),
(143, 1),
(144, 12),
(144, 8),
(144, 19),
(144, 17),
(144, 1),
(144, 6),
(144, 20),
(144, 2),
(144, 3),
(144, 18),
(145, 19),
(145, 20),
(145, 17),
(145, 4),
(145, 10),
(145, 18),
(145, 6),
(145, 16),
(145, 5),
(145, 9),
(146, 16),
(146, 17),
(146, 6),
(146, 13),
(146, 3),
(146, 7),
(146, 8),
(146, 2),
(146, 15),
(146, 20),
(147, 19),
(147, 12),
(147, 1),
(147, 17),
(147, 9),
(147, 20),
(147, 4),
(147, 10),
(147, 14),
(147, 18),
(148, 20),
(148, 16),
(148, 13),
(148, 4),
(148, 11),
(148, 10),
(148, 6),
(148, 8),
(148, 12),
(148, 5),
(149, 6),
(149, 11),
(149, 8),
(149, 10),
(149, 19),
(149, 2),
(149, 3),
(149, 1),
(149, 20),
(149, 13),
(150, 17),
(150, 2),
(150, 6),
(150, 16),
(150, 19),
(150, 18),
(150, 11),
(150, 8),
(150, 12),
(150, 3),
(151, 4),
(151, 6),
(151, 13),
(151, 14),
(151, 18),
(151, 7),
(151, 9),
(151, 12),
(151, 20),
(151, 2),
(152, 9),
(152, 8),
(152, 13),
(152, 12),
(152, 10),
(152, 19),
(152, 2),
(152, 14),
(152, 18),
(152, 16),
(153, 19),
(153, 11),
(153, 8),
(153, 2),
(153, 16),
(153, 14),
(153, 17),
(153, 9),
(153, 18),
(153, 7),
(154, 11),
(154, 1),
(154, 3),
(154, 13),
(154, 2),
(154, 14),
(154, 18),
(154, 5),
(154, 9),
(154, 7),
(155, 9),
(155, 17),
(155, 11),
(155, 4),
(155, 15),
(155, 16),
(155, 18),
(155, 3),
(155, 10),
(155, 6),
(156, 19),
(156, 3),
(156, 20),
(156, 17),
(156, 7),
(156, 15),
(156, 13),
(156, 18),
(156, 2),
(156, 10),
(157, 15),
(157, 16),
(157, 13),
(157, 9),
(157, 5),
(157, 12),
(157, 19),
(157, 11),
(157, 4),
(157, 10),
(158, 16),
(158, 3),
(158, 20),
(158, 12),
(158, 8),
(158, 15),
(158, 11),
(158, 13),
(158, 10),
(158, 18),
(159, 20),
(159, 19),
(159, 2),
(159, 15),
(159, 17),
(159, 14),
(159, 13),
(159, 18),
(159, 7),
(159, 16),
(160, 4),
(160, 7),
(160, 19),
(160, 20),
(160, 1),
(160, 11),
(160, 17),
(160, 14),
(160, 3),
(160, 16),
(161, 4),
(161, 15),
(161, 5),
(161, 10),
(161, 1),
(161, 18),
(161, 12),
(161, 14),
(161, 8),
(161, 2),
(162, 10),
(162, 1),
(162, 6),
(162, 16),
(162, 5),
(162, 17),
(162, 7),
(162, 19),
(162, 13),
(162, 15),
(163, 6),
(163, 10),
(163, 16),
(163, 8),
(163, 9),
(163, 19),
(163, 18),
(163, 7),
(163, 20),
(163, 15),
(164, 20),
(164, 14),
(164, 2),
(164, 7),
(164, 16),
(164, 6),
(164, 18),
(164, 11),
(164, 8),
(164, 5),
(165, 19),
(165, 17),
(165, 4),
(165, 11),
(165, 8),
(165, 7),
(165, 15),
(165, 13),
(165, 10),
(165, 16),
(166, 2),
(166, 7),
(166, 1),
(166, 18),
(166, 13),
(166, 20),
(166, 8),
(166, 12),
(166, 3),
(166, 10),
(167, 2),
(167, 16),
(167, 10),
(167, 9),
(167, 7),
(167, 20),
(167, 8),
(167, 6),
(167, 1),
(167, 19),
(168, 11),
(168, 4),
(168, 10),
(168, 3),
(168, 8),
(168, 6),
(168, 18),
(168, 5),
(168, 14),
(168, 20),
(169, 12),
(169, 6),
(169, 9),
(169, 19),
(169, 14),
(169, 17),
(169, 10),
(169, 1),
(169, 5),
(169, 13),
(170, 12),
(170, 19),
(170, 2),
(170, 13),
(170, 11),
(170, 15),
(170, 17),
(170, 4),
(170, 1),
(170, 6),
(171, 7),
(171, 16),
(171, 2),
(171, 6),
(171, 11),
(171, 17),
(171, 3),
(171, 20),
(171, 4),
(171, 12),
(172, 10),
(172, 13),
(172, 18),
(172, 19),
(172, 9),
(172, 14),
(172, 6),
(172, 16),
(172, 2),
(172, 3),
(173, 16),
(173, 2),
(173, 17),
(173, 5),
(173, 1),
(173, 9),
(173, 12),
(173, 20),
(173, 3),
(173, 13),
(174, 20),
(174, 5),
(174, 2);
INSERT INTO "PUBLIC"."LAWS_SUPPORTERS" VALUES
(174, 14),
(174, 8),
(174, 11),
(174, 6),
(174, 17),
(174, 13),
(174, 1),
(175, 8),
(175, 16),
(175, 13),
(175, 10),
(175, 18),
(175, 15),
(175, 19),
(175, 3),
(175, 6),
(175, 11),
(176, 5),
(176, 14),
(176, 3),
(176, 7),
(176, 8),
(176, 4),
(176, 1),
(176, 10),
(176, 16),
(176, 20),
(177, 5),
(177, 1),
(177, 12),
(177, 14),
(177, 6),
(177, 16),
(177, 8),
(177, 13),
(177, 20),
(177, 11),
(178, 19),
(178, 10),
(178, 15),
(178, 12),
(178, 16),
(178, 2),
(178, 20),
(178, 7),
(178, 6),
(178, 13),
(179, 15),
(179, 8),
(179, 3),
(179, 1),
(179, 2),
(179, 17),
(179, 9),
(179, 7),
(179, 10),
(179, 4),
(180, 14),
(180, 5),
(180, 9),
(180, 8),
(180, 17),
(180, 19),
(180, 2),
(180, 6),
(180, 4),
(180, 20),
(181, 11),
(181, 6),
(181, 1),
(181, 19),
(181, 16),
(181, 2),
(181, 12),
(181, 4),
(181, 20),
(181, 7),
(182, 16),
(182, 9),
(182, 6),
(182, 5),
(182, 4),
(182, 13),
(182, 2),
(182, 1),
(182, 19),
(182, 7),
(183, 8),
(183, 1),
(183, 19),
(183, 12),
(183, 13),
(183, 18),
(183, 20),
(183, 14),
(183, 11),
(183, 17),
(184, 13),
(184, 10),
(184, 11),
(184, 7),
(184, 17),
(184, 12),
(184, 16),
(184, 5),
(184, 19),
(184, 3),
(185, 3),
(185, 12),
(185, 17),
(185, 14),
(185, 18),
(185, 15),
(185, 13),
(185, 8),
(185, 20),
(185, 10),
(186, 1),
(186, 5),
(186, 16),
(186, 17),
(186, 19),
(186, 4),
(186, 14),
(186, 6),
(186, 20),
(186, 7),
(187, 2),
(187, 7),
(187, 6),
(187, 20),
(187, 17),
(187, 8),
(187, 13),
(187, 11),
(187, 16),
(187, 19),
(188, 4),
(188, 18),
(188, 12),
(188, 10),
(188, 5),
(188, 9),
(188, 11),
(188, 13),
(188, 17),
(188, 20),
(189, 10),
(189, 19),
(189, 5),
(189, 15),
(189, 4),
(189, 3),
(189, 9),
(189, 11),
(189, 16),
(189, 1),
(190, 20),
(190, 8),
(190, 12),
(190, 6),
(190, 4),
(190, 19),
(190, 9),
(190, 17),
(190, 7),
(190, 18),
(191, 10),
(191, 19),
(191, 11),
(191, 8),
(191, 17),
(191, 16),
(191, 6),
(191, 12),
(191, 14),
(191, 15),
(192, 5),
(192, 13),
(192, 15),
(192, 11),
(192, 9),
(192, 8),
(192, 20),
(192, 2),
(192, 3),
(192, 19),
(193, 2),
(193, 14),
(193, 15),
(193, 5),
(193, 18),
(193, 3),
(193, 8),
(193, 19),
(193, 12),
(193, 17),
(197, 18),
(197, 6),
(197, 20),
(197, 2),
(197, 9),
(197, 15),
(197, 8),
(197, 4),
(197, 12),
(197, 17),
(204, 18),
(204, 15),
(204, 19),
(204, 3),
(204, 9),
(204, 8),
(204, 7),
(204, 14),
(204, 10),
(204, 11),
(210, 18),
(210, 10),
(210, 12),
(210, 11),
(210, 19),
(210, 5),
(210, 4),
(210, 13),
(210, 15),
(210, 6),
(218, 6),
(218, 2),
(218, 11),
(218, 9),
(218, 19),
(218, 14),
(218, 4),
(218, 12),
(218, 17),
(218, 7),
(232, 9),
(232, 2),
(232, 15),
(232, 14),
(232, 3),
(232, 19),
(232, 8),
(232, 18),
(232, 1),
(232, 12),
(239, 1),
(239, 18),
(239, 14),
(239, 16),
(239, 19),
(239, 17),
(239, 7),
(239, 6),
(239, 3),
(239, 20),
(247, 18),
(247, 16),
(247, 17),
(247, 11),
(247, 14),
(247, 1),
(247, 15),
(247, 5),
(247, 4),
(247, 8),
(253, 1),
(253, 14),
(253, 20),
(253, 9),
(253, 5),
(253, 8),
(253, 12),
(253, 19),
(253, 18),
(253, 15),
(259, 12),
(259, 6),
(259, 20),
(259, 3),
(259, 1),
(259, 16),
(259, 4),
(259, 11),
(259, 9),
(259, 8),
(266, 12),
(266, 14),
(266, 6),
(266, 11),
(266, 15),
(266, 5),
(266, 8),
(266, 9),
(266, 7),
(266, 2),
(275, 2),
(275, 17),
(275, 9),
(275, 13),
(275, 5),
(275, 3),
(275, 6),
(275, 7),
(275, 14),
(275, 16),
(282, 14),
(282, 9),
(282, 8),
(282, 11),
(282, 18),
(282, 19),
(282, 2),
(282, 6),
(282, 10),
(282, 16),
(290, 8),
(290, 14),
(290, 17),
(290, 18),
(290, 7),
(290, 6),
(290, 12),
(290, 1),
(290, 10),
(290, 9),
(297, 15),
(297, 4),
(297, 8),
(297, 11),
(297, 17),
(297, 14),
(297, 9),
(297, 10),
(297, 16),
(297, 20),
(302, 9),
(302, 11),
(302, 20),
(302, 6),
(302, 4),
(302, 18),
(302, 16),
(302, 3),
(302, 12),
(302, 5),
(309, 1),
(309, 9),
(309, 17),
(309, 5),
(309, 8),
(309, 14),
(309, 16),
(309, 6),
(309, 18),
(309, 10),
(313, 17),
(313, 8),
(313, 10),
(313, 12),
(313, 6),
(313, 1),
(313, 13),
(313, 14),
(313, 20),
(313, 15),
(318, 2),
(318, 8),
(318, 13),
(318, 10),
(318, 5),
(318, 4),
(318, 18),
(318, 11),
(318, 17),
(318, 12),
(322, 16),
(322, 11),
(322, 12),
(322, 1),
(322, 13),
(322, 7),
(322, 15);
INSERT INTO "PUBLIC"."LAWS_SUPPORTERS" VALUES
(322, 6),
(322, 3),
(322, 18),
(344, 19),
(344, 11),
(344, 14),
(344, 18),
(344, 2),
(344, 8),
(344, 1),
(344, 7),
(344, 3),
(344, 9),
(350, 12),
(350, 17),
(350, 9),
(350, 10),
(350, 16),
(350, 13),
(350, 18),
(350, 1),
(350, 4),
(350, 11),
(357, 9),
(357, 18),
(357, 15),
(357, 14),
(357, 10),
(357, 13),
(357, 20),
(357, 6),
(357, 5),
(357, 16),
(363, 20),
(363, 9),
(363, 17),
(363, 13),
(363, 10),
(363, 11),
(363, 6),
(363, 4),
(363, 8),
(363, 19),
(371, 1),
(371, 3),
(371, 19),
(371, 4),
(371, 15),
(371, 7),
(371, 20),
(371, 18),
(371, 12),
(371, 6),
(394, 14),
(394, 15),
(394, 9),
(394, 11),
(394, 6),
(394, 10),
(394, 18),
(394, 20),
(394, 13),
(394, 7),
(394, 4),
(394, 16),
(394, 2),
(394, 8),
(394, 19),
(394, 3),
(394, 12),
(394, 5),
(394, 17),
(395, 16),
(395, 20),
(395, 17),
(395, 10),
(395, 19),
(395, 18),
(395, 8),
(395, 5),
(395, 4),
(395, 2),
(395, 14),
(395, 13),
(395, 15),
(395, 3),
(395, 7),
(395, 12),
(395, 9);
CREATE MEMORY TABLE "PUBLIC"."ONE_TIME_TOKEN"(
"ID" BIGINT NOT NULL,
"CREATED_AT" TIMESTAMP NOT NULL,
"UPDATED_AT" TIMESTAMP NOT NULL,
"TOKEN" VARCHAR(255) NOT NULL,
"TOKEN_TYPE" INTEGER NOT NULL,
"VALID_UNTIL" TIMESTAMP NOT NULL,
"USER_ID" BIGINT NOT NULL
);
ALTER TABLE "PUBLIC"."ONE_TIME_TOKEN" ADD CONSTRAINT "PUBLIC"."CONSTRAINT_4" PRIMARY KEY("ID");
-- 0 +/- SELECT COUNT(*) FROM PUBLIC.ONE_TIME_TOKEN;
CREATE MEMORY TABLE "PUBLIC"."POLLS"(
"ID" BIGINT NOT NULL,
"CREATED_AT" TIMESTAMP NOT NULL,
"UPDATED_AT" TIMESTAMP NOT NULL,
"DUEL_MATRIX" VARCHAR(255),
"STATUS" INTEGER,
"TITLE" VARCHAR(255),
"VOTING_END_AT" TIMESTAMP,
"VOTING_START_AT" TIMESTAMP,
"WINNER_ID" BIGINT
);
ALTER TABLE "PUBLIC"."POLLS" ADD CONSTRAINT "PUBLIC"."CONSTRAINT_48" PRIMARY KEY("ID");
-- 4 +/- SELECT COUNT(*) FROM PUBLIC.POLLS;
INSERT INTO "PUBLIC"."POLLS" VALUES
(238, TIMESTAMP '2019-11-20 20:49:15.303', TIMESTAMP '2019-11-20 20:49:15.303', '', 0, 'Poll from TestDataCreator 5178', TIMESTAMP '2019-12-25 00:00:00', TIMESTAMP '2019-12-11 00:00:00', NULL),
(274, TIMESTAMP '2019-11-12 20:49:15.513', TIMESTAMP '2019-11-27 20:49:15.533', '', 1, 'Poll in voting phase 5528', TIMESTAMP '2019-12-10 00:00:00', TIMESTAMP '2019-11-26 20:49:15.528', NULL),
(308, TIMESTAMP '2019-11-12 20:49:15.738', TIMESTAMP '2019-11-27 20:49:15.753', '', 1, 'Poll in voting phase 5748', TIMESTAMP '2019-12-10 00:00:00', TIMESTAMP '2019-11-26 20:49:15.748', NULL),
(349, TIMESTAMP '2019-10-25 21:49:21.518', TIMESTAMP '2019-11-27 20:49:25.583', '[[0,9,8,10,8],[7,0,9,12,11],[8,7,0,12,12],[6,4,3,0,6],[8,5,4,10,0]]', 2, 'Finished Poll 1513', TIMESTAMP '2019-11-27 20:49:25.573', TIMESTAMP '2019-11-08 20:49:21.513', 344);
CREATE MEMORY TABLE "PUBLIC"."USERS"(
"ID" BIGINT NOT NULL,
"CREATED_AT" TIMESTAMP NOT NULL,
"UPDATED_AT" TIMESTAMP NOT NULL,
"EMAIL" VARCHAR(255) NOT NULL,
"LAST_LOGIN" TIMESTAMP,
"MOBILEPHONE" VARCHAR(255),
"NAME" VARCHAR(255),
"PICTURE" VARCHAR(255),
"WEBSITE" VARCHAR(255)
);
ALTER TABLE "PUBLIC"."USERS" ADD CONSTRAINT "PUBLIC"."CONSTRAINT_4D" PRIMARY KEY("ID");
-- 21 +/- SELECT COUNT(*) FROM PUBLIC.USERS;
INSERT INTO "PUBLIC"."USERS" VALUES
(1, TIMESTAMP '2019-11-27 20:49:06.689', TIMESTAMP '2019-11-27 20:49:06.689', 'testuser1@liquido.de', NULL, '+49123451', 'Donald Duck', '/static/img/avatars/Avatar1.png', 'http://www.liquido.de'),
(2, TIMESTAMP '2019-11-27 20:49:06.739', TIMESTAMP '2019-11-27 20:49:06.739', 'testuser2@liquido.de', NULL, '+49123452', 'Test User2', '/static/img/avatars/Avatar2.png', 'http://www.liquido.de'),
(3, TIMESTAMP '2019-11-27 20:49:06.741', TIMESTAMP '2019-11-27 20:49:06.741', 'testuser3@liquido.de', NULL, '+49123453', 'Test User3', '/static/img/avatars/Avatar3.png', 'http://www.liquido.de'),
(4, TIMESTAMP '2019-11-27 20:49:06.741', TIMESTAMP '2019-11-27 20:49:06.741', 'testuser4@liquido.de', NULL, '+49123454', 'Test User4', '/static/img/avatars/Avatar4.png', 'http://www.liquido.de'),
(5, TIMESTAMP '2019-11-27 20:49:06.751', TIMESTAMP '2019-11-27 20:49:06.751', 'testuser5@liquido.de', NULL, '+49123455', 'Test User5', '/static/img/avatars/Avatar5.png', 'http://www.liquido.de'),
(6, TIMESTAMP '2019-11-27 20:49:06.751', TIMESTAMP '2019-11-27 20:49:06.751', 'testuser6@liquido.de', NULL, '+49123456', 'Test User6', '/static/img/avatars/Avatar6.png', 'http://www.liquido.de'),
(7, TIMESTAMP '2019-11-27 20:49:06.751', TIMESTAMP '2019-11-27 20:49:06.751', 'testuser7@liquido.de', NULL, '+49123457', 'Test User7', '/static/img/avatars/Avatar7.png', 'http://www.liquido.de'),
(8, TIMESTAMP '2019-11-27 20:49:06.78', TIMESTAMP '2019-11-27 20:49:06.78', 'testuser8@liquido.de', NULL, '+49123458', 'Test User8', '/static/img/avatars/Avatar8.png', 'http://www.liquido.de'),
(9, TIMESTAMP '2019-11-27 20:49:06.782', TIMESTAMP '2019-11-27 20:49:06.782', 'testuser9@liquido.de', NULL, '+49123459', 'Test User9', '/static/img/avatars/Avatar9.png', 'http://www.liquido.de'),
(10, TIMESTAMP '2019-11-27 20:49:06.788', TIMESTAMP '2019-11-27 20:49:06.788', 'testuser10@liquido.de', NULL, '+491234510', 'Test User10', '/static/img/avatars/Avatar10.png', 'http://www.liquido.de'),
(11, TIMESTAMP '2019-11-27 20:49:06.792', TIMESTAMP '2019-11-27 20:49:06.792', 'testuser11@liquido.de', NULL, '+491234511', 'Test User11', '/static/img/avatars/Avatar11.png', 'http://www.liquido.de'),
(12, TIMESTAMP '2019-11-27 20:49:06.792', TIMESTAMP '2019-11-27 20:49:06.792', 'testuser12@liquido.de', NULL, '+491234512', 'Test User12', '/static/img/avatars/Avatar12.png', 'http://www.liquido.de'),
(13, TIMESTAMP '2019-11-27 20:49:06.8', TIMESTAMP '2019-11-27 20:49:06.8', 'testuser13@liquido.de', NULL, '+491234513', 'Test User13', '/static/img/avatars/Avatar13.png', 'http://www.liquido.de'),
(14, TIMESTAMP '2019-11-27 20:49:06.802', TIMESTAMP '2019-11-27 20:49:06.802', 'testuser14@liquido.de', NULL, '+491234514', 'Test User14', '/static/img/avatars/Avatar14.png', 'http://www.liquido.de'),
(15, TIMESTAMP '2019-11-27 20:49:06.812', TIMESTAMP '2019-11-27 20:49:06.812', 'testuser15@liquido.de', NULL, '+491234515', 'Test User15', '/static/img/avatars/Avatar15.png', 'http://www.liquido.de'),
(16, TIMESTAMP '2019-11-27 20:49:06.818', TIMESTAMP '2019-11-27 20:49:06.818', 'testuser16@liquido.de', NULL, '+491234516', 'Test User16', '/static/img/avatars/Avatar16.png', 'http://www.liquido.de'),
(17, TIMESTAMP '2019-11-27 20:49:06.822', TIMESTAMP '2019-11-27 20:49:06.822', 'testuser17@liquido.de', NULL, '+491234517', 'Test User17', '/static/img/avatars/Avatar1.png', 'http://www.liquido.de'),
(18, TIMESTAMP '2019-11-27 20:49:06.83', TIMESTAMP '2019-11-27 20:49:06.83', 'testuser18@liquido.de', NULL, '+491234518', 'Test User18', '/static/img/avatars/Avatar2.png', 'http://www.liquido.de'),
(19, TIMESTAMP '2019-11-27 20:49:06.832', TIMESTAMP '2019-11-27 20:49:06.832', 'testuser19@liquido.de', NULL, '+491234519', 'Test User19', '/static/img/avatars/Avatar3.png', 'http://www.liquido.de'),
(20, TIMESTAMP '2019-11-27 20:49:06.838', TIMESTAMP '2019-11-27 20:49:06.838', 'testuser20@liquido.de', NULL, '+491234520', 'Test User20', '/static/img/avatars/Avatar4.png', 'http://www.liquido.de'),
(21, TIMESTAMP '2019-11-27 20:49:06.842', TIMESTAMP '2019-11-27 20:49:06.842', 'admin@liquido.de', NULL, '+491234567890', 'Admin Name', NULL, NULL);
-- 0 +/- SELECT COUNT(*) FROM PUBLIC.QRTZ_CALENDARS;
-- 0 +/- SELECT COUNT(*) FROM PUBLIC.QRTZ_CRON_TRIGGERS;
-- 0 +/- SELECT COUNT(*) FROM PUBLIC.QRTZ_FIRED_TRIGGERS;
-- 0 +/- SELECT COUNT(*) FROM PUBLIC.QRTZ_PAUSED_TRIGGER_GRPS;
-- 0 +/- SELECT COUNT(*) FROM PUBLIC.QRTZ_SCHEDULER_STATE;
-- 0 +/- SELECT COUNT(*) FROM PUBLIC.QRTZ_LOCKS;
-- 0 +/- SELECT COUNT(*) FROM PUBLIC.QRTZ_JOB_DETAILS;
-- 0 +/- SELECT COUNT(*) FROM PUBLIC.QRTZ_SIMPLE_TRIGGERS;
-- 0 +/- SELECT COUNT(*) FROM PUBLIC.QRTZ_SIMPROP_TRIGGERS;
-- 0 +/- SELECT COUNT(*) FROM PUBLIC.QRTZ_BLOB_TRIGGERS;
-- 0 +/- SELECT COUNT(*) FROM PUBLIC.QRTZ_TRIGGERS;
ALTER TABLE "PUBLIC"."AREAS" ADD CONSTRAINT "PUBLIC"."UK_P61HNJ1M450KNDUSCXOLDCHFJ" UNIQUE("TITLE");
ALTER TABLE "PUBLIC"."KEY_VALUE" ADD CONSTRAINT "PUBLIC"."UK_8TE0DHIEXEOWA1RGVA302TO1L" UNIQUE("KEY_COL");
ALTER TABLE "PUBLIC"."USERS" ADD CONSTRAINT "PUBLIC"."UK_6DOTKOTT2KJSP8VW4D0M25FB7" UNIQUE("EMAIL");
ALTER TABLE "PUBLIC"."LAWS" ADD CONSTRAINT "PUBLIC"."UK_BS516OPV3HONTPTWVPIOOS72B" UNIQUE("TITLE");
ALTER TABLE "PUBLIC"."DELEGATIONS" ADD CONSTRAINT "PUBLIC"."UK2WYH7POIF8NPDWLUR8DFORD0J" UNIQUE("AREA_ID", "FROM_USER_ID");
ALTER TABLE "PUBLIC"."LAWS_COMMENTS" ADD CONSTRAINT "PUBLIC"."UK_OF3YV6X3MAHJPHJBJE5XHRXC8" UNIQUE("COMMENTS_ID");
ALTER TABLE "PUBLIC"."BALLOTS" ADD CONSTRAINT "PUBLIC"."UKHWWEPK8N3CE54LEREWX2FMYXF" UNIQUE("POLL_ID", "CHECKSUM");
ALTER TABLE "PUBLIC"."USERS" ADD CONSTRAINT "PUBLIC"."UK_70QE9WOFM8UJ2PEANWKPHERRM" UNIQUE("MOBILEPHONE");
ALTER TABLE "PUBLIC"."CHECKSUMS" ADD CONSTRAINT "PUBLIC"."UKL0XNKLNHLK4PTWSU9B0QXTYBN" UNIQUE("AREA_ID", "PUBLIC_PROXY_ID");
ALTER TABLE "PUBLIC"."AREAS" ADD CONSTRAINT "PUBLIC"."FKP9N0U4HM2Q1O7V0068C8GD4EL" FOREIGN KEY("CREATED_BY_ID") REFERENCES "PUBLIC"."USERS"("ID") NOCHECK;
ALTER TABLE "PUBLIC"."DELEGATIONS" ADD CONSTRAINT "PUBLIC"."FK1Y1R0D478R9NTDMUIYKKUHADV" FOREIGN KEY("REQUESTED_DELEGATION_FROM_CHECKSUM_CHECKSUM") REFERENCES "PUBLIC"."CHECKSUMS"("CHECKSUM") NOCHECK;
ALTER TABLE "PUBLIC"."DELEGATIONS" ADD CONSTRAINT "PUBLIC"."FKSWBDEOVC7HSQ5EX30PBMDU9D4" FOREIGN KEY("AREA_ID") REFERENCES "PUBLIC"."AREAS"("ID") NOCHECK;
ALTER TABLE "PUBLIC"."LAWS" ADD CONSTRAINT "PUBLIC"."FK4QUHD81MM84X6RQ0CCBXSEYXX" FOREIGN KEY("POLL_ID") REFERENCES "PUBLIC"."POLLS"("ID") NOCHECK;
ALTER TABLE "PUBLIC"."LAWS_SUPPORTERS" ADD CONSTRAINT "PUBLIC"."FK9B4I87YIKUCHRIRFJAYMGOHE3" FOREIGN KEY("LAW_MODEL_ID") REFERENCES "PUBLIC"."LAWS"("ID") NOCHECK;
ALTER TABLE "PUBLIC"."BALLOTS" ADD CONSTRAINT "PUBLIC"."FKOG7SHPLJ1CCOH8N9AO4Y16LQ3" FOREIGN KEY("POLL_ID") REFERENCES "PUBLIC"."POLLS"("ID") NOCHECK;
ALTER TABLE "PUBLIC"."COMMENTS_DOWN_VOTERS" ADD CONSTRAINT "PUBLIC"."FK62ILAC17TG4CPKRHEONUD72HV" FOREIGN KEY("DOWN_VOTERS_ID") REFERENCES "PUBLIC"."USERS"("ID") NOCHECK;
ALTER TABLE "PUBLIC"."CHECKSUMS" ADD CONSTRAINT "PUBLIC"."FKDFLPSE9FSOGY1FMFDY2W79RG" FOREIGN KEY("DELEGATED_TO_CHECKSUM") REFERENCES "PUBLIC"."CHECKSUMS"("CHECKSUM") NOCHECK;
ALTER TABLE "PUBLIC"."BALLOTS_VOTE_ORDER" ADD CONSTRAINT "PUBLIC"."FKIH6THEWVJEH3OW9DL1YTJ9AWB" FOREIGN KEY("BALLOT_MODEL_ID") REFERENCES "PUBLIC"."BALLOTS"("ID") NOCHECK;
ALTER TABLE "PUBLIC"."COMMENTS" ADD CONSTRAINT "PUBLIC"."FK7PUWBWE4YL8B2O32R798UW8Q7" FOREIGN KEY("PROPOSAL_ID") REFERENCES "PUBLIC"."LAWS"("ID") NOCHECK;
ALTER TABLE "PUBLIC"."CHECKSUMS" ADD CONSTRAINT "PUBLIC"."FK68FTLVL0MWTVOQD3BFUPP0XRG" FOREIGN KEY("PUBLIC_PROXY_ID") REFERENCES "PUBLIC"."USERS"("ID") NOCHECK;
ALTER TABLE "PUBLIC"."LAWS" ADD CONSTRAINT "PUBLIC"."FKTR1PLL46Q50SHWBFFYIYUAVGN" FOREIGN KEY("CREATED_BY_ID") REFERENCES "PUBLIC"."USERS"("ID") NOCHECK;
ALTER TABLE "PUBLIC"."ONE_TIME_TOKEN" ADD CONSTRAINT "PUBLIC"."FK4O21XT1RMRICB3EA4TO5NKR8D" FOREIGN KEY("USER_ID") REFERENCES "PUBLIC"."USERS"("ID") NOCHECK;
ALTER TABLE "PUBLIC"."BALLOTS_VOTE_ORDER" ADD CONSTRAINT "PUBLIC"."FKOWD5MAD84QVWGST43698A6GX5" FOREIGN KEY("VOTE_ORDER_ID") REFERENCES "PUBLIC"."LAWS"("ID") NOCHECK;
ALTER TABLE "PUBLIC"."COMMENTS" ADD CONSTRAINT "PUBLIC"."FKAKKM6QFYDU7VGNFNE1YO0XMED" FOREIGN KEY("CREATED_BY_ID") REFERENCES "PUBLIC"."USERS"("ID") NOCHECK;
ALTER TABLE "PUBLIC"."DELEGATIONS" ADD CONSTRAINT "PUBLIC"."FK21A6LG8FU2JS6E0JU41WJ2GQP" FOREIGN KEY("TO_PROXY_ID") REFERENCES "PUBLIC"."USERS"("ID") NOCHECK;
ALTER TABLE "PUBLIC"."LAWS_COMMENTS" ADD CONSTRAINT "PUBLIC"."FK36FBKIUITRV0YRVY8S0IG46IX" FOREIGN KEY("LAW_MODEL_ID") REFERENCES "PUBLIC"."LAWS"("ID") NOCHECK;
ALTER TABLE "PUBLIC"."POLLS" ADD CONSTRAINT "PUBLIC"."FKQADOVSMQ4UOK58SP9HKHWJQIS" FOREIGN KEY("WINNER_ID") REFERENCES "PUBLIC"."LAWS"("ID") NOCHECK;
ALTER TABLE "PUBLIC"."DELEGATIONS" ADD CONSTRAINT "PUBLIC"."FK9KOYA2MI6T18VF7U1FROBKNIQ" FOREIGN KEY("FROM_USER_ID") REFERENCES "PUBLIC"."USERS"("ID") NOCHECK;
ALTER TABLE "PUBLIC"."BALLOTS" ADD CONSTRAINT "PUBLIC"."FK1RRV2WY16UQONFL9CR1CQG2XD" FOREIGN KEY("CHECKSUM") REFERENCES "PUBLIC"."CHECKSUMS"("CHECKSUM") NOCHECK;
ALTER TABLE "PUBLIC"."LAWS" ADD CONSTRAINT "PUBLIC"."FK9VIQDJ5LDUN0AHWQDFF1WUY39" FOREIGN KEY("AREA_ID") REFERENCES "PUBLIC"."AREAS"("ID") NOCHECK;
ALTER TABLE "PUBLIC"."LAWS_COMMENTS" ADD CONSTRAINT "PUBLIC"."FKFL0Y4QFVFPF9YNMMFJ0JEVXFF" FOREIGN KEY("COMMENTS_ID") REFERENCES "PUBLIC"."COMMENTS"("ID") NOCHECK;
ALTER TABLE "PUBLIC"."COMMENTS_UP_VOTERS" ADD CONSTRAINT "PUBLIC"."FKEUURM027PDC4L5A9G9O2L0UYD" FOREIGN KEY("UP_VOTERS_ID") REFERENCES "PUBLIC"."USERS"("ID") NOCHECK;
ALTER TABLE "PUBLIC"."COMMENTS" ADD CONSTRAINT "PUBLIC"."FKLRI30OKF66PHTCGBE5POK7CC0" FOREIGN KEY("PARENT_ID") REFERENCES "PUBLIC"."COMMENTS"("ID") NOCHECK;
ALTER TABLE "PUBLIC"."COMMENTS_UP_VOTERS" ADD CONSTRAINT "PUBLIC"."FK8LS8T571Y99VTTW1MDKEBXAGP" FOREIGN KEY("COMMENT_MODEL_ID") REFERENCES "PUBLIC"."COMMENTS"("ID") NOCHECK;
ALTER TABLE "PUBLIC"."LAWS_SUPPORTERS" ADD CONSTRAINT "PUBLIC"."FKK8MVJC4RQ970OJAVYFIA9BQVE" FOREIGN KEY("SUPPORTERS_ID") REFERENCES "PUBLIC"."USERS"("ID") NOCHECK;
ALTER TABLE "PUBLIC"."COMMENTS_DOWN_VOTERS" ADD CONSTRAINT "PUBLIC"."FKJYMYJ54LENHS4KE6MYQHLY72" FOREIGN KEY("COMMENT_MODEL_ID") REFERENCES "PUBLIC"."COMMENTS"("ID") NOCHECK;
ALTER TABLE "PUBLIC"."CHECKSUMS" ADD CONSTRAINT "PUBLIC"."FKLLW57XBW0D67OPTMWFMU3P2PC" FOREIGN KEY("AREA_ID") REFERENCES "PUBLIC"."AREAS"("ID") NOCHECK;
