SET DB_CLOSE_DELAY -1;
;
CREATE USER IF NOT EXISTS SA SALT '7a7ac1aa5a7e2e91' HASH '7f27ccb249a59813d39175c87ce3d33d97e879226e6494427ca79def4cf5d255' ADMIN;
CREATE SEQUENCE PUBLIC.HIBERNATE_SEQUENCE START WITH 388;
CREATE MEMORY TABLE PUBLIC.AREAS(
ID BIGINT NOT NULL,
CREATED_AT TIMESTAMP NOT NULL,
UPDATED_AT TIMESTAMP NOT NULL,
DESCRIPTION VARCHAR(255) NOT NULL,
TITLE VARCHAR(255) NOT NULL,
CREATED_BY_ID BIGINT NOT NULL
);
ALTER TABLE PUBLIC.AREAS ADD CONSTRAINT PUBLIC.CONSTRAINT_3 PRIMARY KEY(ID);
-- 10 +/- SELECT COUNT(*) FROM PUBLIC.AREAS;
INSERT INTO PUBLIC.AREAS(ID, CREATED_AT, UPDATED_AT, DESCRIPTION, TITLE, CREATED_BY_ID) VALUES
(22, TIMESTAMP '2019-11-08 09:19:14.909', TIMESTAMP '2019-11-08 09:19:14.909', 'Nice description for test area #0', 'Area 0', 1),
(23, TIMESTAMP '2019-11-08 09:19:14.912', TIMESTAMP '2019-11-08 09:19:14.912', 'Nice description for test area #1', 'Area 1', 1),
(24, TIMESTAMP '2019-11-08 09:19:14.915', TIMESTAMP '2019-11-08 09:19:14.915', 'Nice description for test area #2', 'Area 2', 1),
(25, TIMESTAMP '2019-11-08 09:19:14.917', TIMESTAMP '2019-11-08 09:19:14.917', 'Nice description for test area #3', 'Area 3', 1),
(26, TIMESTAMP '2019-11-08 09:19:14.92', TIMESTAMP '2019-11-08 09:19:14.92', 'Nice description for test area #4', 'Area 4', 1),
(27, TIMESTAMP '2019-11-08 09:19:14.923', TIMESTAMP '2019-11-08 09:19:14.923', 'Nice description for test area #5', 'Area 5', 1),
(28, TIMESTAMP '2019-11-08 09:19:14.926', TIMESTAMP '2019-11-08 09:19:14.926', 'Nice description for test area #6', 'Area 6', 1),
(29, TIMESTAMP '2019-11-08 09:19:14.935', TIMESTAMP '2019-11-08 09:19:14.935', 'Nice description for test area #7', 'Area 7', 1),
(30, TIMESTAMP '2019-11-08 09:19:14.941', TIMESTAMP '2019-11-08 09:19:14.941', 'Nice description for test area #8', 'Area 8', 1),
(31, TIMESTAMP '2019-11-08 09:19:14.944', TIMESTAMP '2019-11-08 09:19:14.944', 'Nice description for test area #9', 'Area 9', 1);
CREATE MEMORY TABLE PUBLIC.BALLOTS(
ID BIGINT NOT NULL,
LEVEL INTEGER NOT NULL,
VOTE_COUNT BIGINT NOT NULL,
CHECKSUM VARCHAR(255) NOT NULL,
POLL_ID BIGINT NOT NULL
);
ALTER TABLE PUBLIC.BALLOTS ADD CONSTRAINT PUBLIC.CONSTRAINT_1 PRIMARY KEY(ID);
-- 32 +/- SELECT COUNT(*) FROM PUBLIC.BALLOTS;
INSERT INTO PUBLIC.BALLOTS(ID, LEVEL, VOTE_COUNT, CHECKSUM, POLL_ID) VALUES
(322, 0, 1, '$2a$10$1IdrGrRAN2Wp3U7QI.JIzuLWYmX8a8mYTh.vjJc7tXFvw8MYTRxn6', 299),
(323, 0, 1, '$2a$10$1IdrGrRAN2Wp3U7QI.JIzumlcpwp8brtUDnbFrq3yf2CMP0CBmGkS', 299),
(324, 0, 4, '$2a$10$1IdrGrRAN2Wp3U7QI.JIzu4HeueVNdaHPs3H5dOkHoKyKmOv2LOTy', 299),
(325, 0, 1, '$2a$10$1IdrGrRAN2Wp3U7QI.JIzuYBfqBJ8KRURXGBEFD1NIy8BIUtxNH8i', 299),
(326, 0, 1, '$2a$10$1IdrGrRAN2Wp3U7QI.JIzuj.6MAo8TWBWCw/Az7uRlus4mRiLJh/i', 299),
(327, 0, 1, '$2a$10$1IdrGrRAN2Wp3U7QI.JIzukLk9n0nP/KZdEWe.TYbRMKT7d5wS9rm', 299),
(328, 0, 2, '$2a$10$1IdrGrRAN2Wp3U7QI.JIzuEtxLCwrNT9pKlY1rgxYhl3RtaNJEQW.', 299),
(329, 1, 1, '$2a$10$1IdrGrRAN2Wp3U7QI.JIzulyuC.ir27zjCKynm/ef4Gp77Z9XU9UC', 299),
(330, 0, 1, '$2a$10$1IdrGrRAN2Wp3U7QI.JIzuNX3Ud6yFocoawh8dxtXS6Xinvh2wN8O', 299),
(331, 0, 1, '$2a$10$1IdrGrRAN2Wp3U7QI.JIzuL7lV2QCtsOcieHmoCH6Frx3m0Y2gHDy', 299),
(332, 0, 1, '$2a$10$1IdrGrRAN2Wp3U7QI.JIzupVvL.A.5dYSm7rGT0GBv1hPhN0oHIb2', 299),
(333, 0, 1, '$2a$10$1IdrGrRAN2Wp3U7QI.JIzu5kxuD9IiiPFdcwyhozqhvbAy0ZE3UIy', 299),
(334, 0, 1, '$2a$10$1IdrGrRAN2Wp3U7QI.JIzuWpvcrZ.M0VWtIrLxjdUF9DDvCTqEyxi', 299),
(335, 0, 1, '$2a$10$1IdrGrRAN2Wp3U7QI.JIzutiQDHi8vodSsYuDPKvp8FraWGUTlwFG', 299),
(336, 0, 1, '$2a$10$1IdrGrRAN2Wp3U7QI.JIzuidRK2esq5qotXMifey0buhheoxNToqO', 299),
(337, 0, 1, '$2a$10$1IdrGrRAN2Wp3U7QI.JIzu6Bp5DRTXJoaGWZwPuxZlqWxdkXxzepO', 299),
(370, 0, 1, '$2a$10$1IdrGrRAN2Wp3U7QI.JIzuLWYmX8a8mYTh.vjJc7tXFvw8MYTRxn6', 343),
(371, 0, 1, '$2a$10$1IdrGrRAN2Wp3U7QI.JIzumlcpwp8brtUDnbFrq3yf2CMP0CBmGkS', 343),
(372, 0, 4, '$2a$10$1IdrGrRAN2Wp3U7QI.JIzu4HeueVNdaHPs3H5dOkHoKyKmOv2LOTy', 343),
(373, 0, 1, '$2a$10$1IdrGrRAN2Wp3U7QI.JIzuYBfqBJ8KRURXGBEFD1NIy8BIUtxNH8i', 343),
(374, 0, 1, '$2a$10$1IdrGrRAN2Wp3U7QI.JIzuj.6MAo8TWBWCw/Az7uRlus4mRiLJh/i', 343),
(375, 0, 1, '$2a$10$1IdrGrRAN2Wp3U7QI.JIzukLk9n0nP/KZdEWe.TYbRMKT7d5wS9rm', 343),
(376, 0, 2, '$2a$10$1IdrGrRAN2Wp3U7QI.JIzuEtxLCwrNT9pKlY1rgxYhl3RtaNJEQW.', 343),
(377, 1, 1, '$2a$10$1IdrGrRAN2Wp3U7QI.JIzulyuC.ir27zjCKynm/ef4Gp77Z9XU9UC', 343),
(378, 0, 1, '$2a$10$1IdrGrRAN2Wp3U7QI.JIzuNX3Ud6yFocoawh8dxtXS6Xinvh2wN8O', 343),
(379, 0, 1, '$2a$10$1IdrGrRAN2Wp3U7QI.JIzuL7lV2QCtsOcieHmoCH6Frx3m0Y2gHDy', 343),
(380, 0, 1, '$2a$10$1IdrGrRAN2Wp3U7QI.JIzupVvL.A.5dYSm7rGT0GBv1hPhN0oHIb2', 343),
(381, 0, 1, '$2a$10$1IdrGrRAN2Wp3U7QI.JIzu5kxuD9IiiPFdcwyhozqhvbAy0ZE3UIy', 343),
(382, 0, 1, '$2a$10$1IdrGrRAN2Wp3U7QI.JIzuWpvcrZ.M0VWtIrLxjdUF9DDvCTqEyxi', 343),
(383, 0, 1, '$2a$10$1IdrGrRAN2Wp3U7QI.JIzutiQDHi8vodSsYuDPKvp8FraWGUTlwFG', 343),
(384, 0, 1, '$2a$10$1IdrGrRAN2Wp3U7QI.JIzuidRK2esq5qotXMifey0buhheoxNToqO', 343),
(385, 0, 1, '$2a$10$1IdrGrRAN2Wp3U7QI.JIzu6Bp5DRTXJoaGWZwPuxZlqWxdkXxzepO', 343);
CREATE MEMORY TABLE PUBLIC.BALLOTS_VOTE_ORDER(
BALLOT_MODEL_ID BIGINT NOT NULL,
VOTE_ORDER_ID BIGINT NOT NULL,
VOTE_ORDER_ORDER INTEGER NOT NULL
);
ALTER TABLE PUBLIC.BALLOTS_VOTE_ORDER ADD CONSTRAINT PUBLIC.CONSTRAINT_5 PRIMARY KEY(BALLOT_MODEL_ID, VOTE_ORDER_ORDER);
-- 138 +/- SELECT COUNT(*) FROM PUBLIC.BALLOTS_VOTE_ORDER;
INSERT INTO PUBLIC.BALLOTS_VOTE_ORDER(BALLOT_MODEL_ID, VOTE_ORDER_ID, VOTE_ORDER_ORDER) VALUES
(322, 300, 0),
(322, 311, 1),
(322, 305, 2),
(322, 318, 3),
(322, 295, 4),
(323, 318, 0),
(323, 300, 1),
(323, 311, 2),
(323, 295, 3),
(323, 305, 4),
(324, 300, 0),
(324, 311, 1),
(324, 318, 2),
(328, 295, 0),
(328, 305, 1),
(328, 311, 2),
(328, 300, 3),
(328, 318, 4),
(329, 295, 0),
(329, 305, 1),
(329, 311, 2),
(329, 300, 3),
(329, 318, 4),
(330, 295, 0),
(330, 311, 1),
(325, 295, 0),
(325, 305, 1),
(325, 318, 2),
(325, 311, 3),
(326, 311, 0),
(326, 318, 1),
(326, 295, 2),
(326, 300, 3),
(326, 305, 4),
(331, 311, 0),
(331, 305, 1),
(331, 318, 2),
(331, 295, 3),
(332, 300, 0),
(332, 305, 1),
(332, 311, 2),
(332, 318, 3),
(332, 295, 4),
(333, 311, 0),
(333, 295, 1),
(333, 305, 2),
(333, 300, 3),
(334, 300, 0),
(334, 311, 1),
(334, 318, 2),
(334, 305, 3),
(334, 295, 4),
(335, 295, 0),
(335, 300, 1),
(335, 318, 2),
(335, 311, 3),
(335, 305, 4),
(336, 311, 0),
(336, 318, 1),
(336, 300, 2),
(336, 305, 3),
(337, 311, 0),
(337, 318, 1),
(337, 300, 2),
(337, 305, 3),
(337, 295, 4),
(327, 311, 0),
(327, 318, 1),
(327, 295, 2),
(327, 300, 3),
(327, 305, 4),
(370, 338, 0),
(370, 357, 1),
(370, 352, 2),
(370, 344, 3),
(370, 364, 4),
(371, 338, 0),
(371, 344, 1),
(371, 364, 2),
(371, 357, 3),
(371, 352, 4),
(372, 344, 0),
(372, 338, 1),
(372, 357, 2),
(372, 352, 3),
(376, 357, 0),
(376, 364, 1),
(376, 352, 2),
(376, 344, 3),
(377, 357, 0),
(377, 364, 1),
(377, 352, 2),
(377, 344, 3),
(378, 352, 0),
(378, 357, 1),
(378, 338, 2),
(378, 364, 3),
(373, 344, 0),
(373, 364, 1),
(373, 352, 2),
(374, 357, 0),
(374, 352, 1),
(374, 338, 2),
(379, 352, 0),
(379, 357, 1),
(379, 364, 2),
(380, 364, 0),
(380, 344, 1),
(380, 338, 2),
(381, 364, 0),
(381, 357, 1),
(381, 352, 2),
(381, 338, 3),
(381, 344, 4),
(382, 352, 0),
(382, 357, 1),
(382, 344, 2),
(382, 364, 3),
(382, 338, 4),
(383, 338, 0),
(383, 344, 1),
(383, 364, 2),
(383, 357, 3),
(383, 352, 4),
(384, 364, 0),
(384, 352, 1),
(384, 338, 2),
(384, 344, 3),
(384, 357, 4),
(385, 338, 0),
(385, 352, 1),
(385, 364, 2),
(385, 344, 3),
(385, 357, 4),
(375, 352, 0),
(375, 357, 1),
(375, 344, 2),
(375, 338, 3);
CREATE MEMORY TABLE PUBLIC.CHECKSUMS(
CHECKSUM VARCHAR(255) NOT NULL,
EXPIRES_AT TIMESTAMP,
TRANSITIVE BOOLEAN NOT NULL,
AREA_ID BIGINT,
DELEGATED_TO_CHECKSUM VARCHAR(255),
PUBLIC_PROXY_ID BIGINT
);
ALTER TABLE PUBLIC.CHECKSUMS ADD CONSTRAINT PUBLIC.CONSTRAINT_B PRIMARY KEY(CHECKSUM);
-- 18 +/- SELECT COUNT(*) FROM PUBLIC.CHECKSUMS;
INSERT INTO PUBLIC.CHECKSUMS(CHECKSUM, EXPIRES_AT, TRANSITIVE, AREA_ID, DELEGATED_TO_CHECKSUM, PUBLIC_PROXY_ID) VALUES
('$2a$10$1IdrGrRAN2Wp3U7QI.JIzuccBk8DrXNh0KtYIUb4eNp.t52wOn6W2', TIMESTAMP '2019-11-09 09:19:19.442', TRUE, 22, NULL, 1),
('$2a$10$1IdrGrRAN2Wp3U7QI.JIzulyuC.ir27zjCKynm/ef4Gp77Z9XU9UC', TIMESTAMP '2019-11-09 09:19:20.953', TRUE, 22, '$2a$10$1IdrGrRAN2Wp3U7QI.JIzuEtxLCwrNT9pKlY1rgxYhl3RtaNJEQW.', 6),
('$2a$10$1IdrGrRAN2Wp3U7QI.JIzuZjktzIdpQANYKKzwjQ2AG3JLRied3ZC', TIMESTAMP '2019-11-09 09:19:21.102', TRUE, 22, '$2a$10$1IdrGrRAN2Wp3U7QI.JIzuccBk8DrXNh0KtYIUb4eNp.t52wOn6W2', 4),
('$2a$10$1IdrGrRAN2Wp3U7QI.JIzuLWYmX8a8mYTh.vjJc7tXFvw8MYTRxn6', TIMESTAMP '2019-11-09 09:19:30.142', TRUE, 22, NULL, 13),
('$2a$10$1IdrGrRAN2Wp3U7QI.JIzumlcpwp8brtUDnbFrq3yf2CMP0CBmGkS', TIMESTAMP '2019-11-09 09:19:30.395', TRUE, 22, NULL, 15),
('$2a$10$1IdrGrRAN2Wp3U7QI.JIzu4HeueVNdaHPs3H5dOkHoKyKmOv2LOTy', TIMESTAMP '2019-11-09 09:19:30.636', TRUE, 22, '$2a$10$1IdrGrRAN2Wp3U7QI.JIzuZjktzIdpQANYKKzwjQ2AG3JLRied3ZC', 7),
('$2a$10$1IdrGrRAN2Wp3U7QI.JIzuEtxLCwrNT9pKlY1rgxYhl3RtaNJEQW.', TIMESTAMP '2019-11-09 09:19:30.884', TRUE, 22, '$2a$10$1IdrGrRAN2Wp3U7QI.JIzuccBk8DrXNh0KtYIUb4eNp.t52wOn6W2', 3),
('$2a$10$1IdrGrRAN2Wp3U7QI.JIzuNX3Ud6yFocoawh8dxtXS6Xinvh2wN8O', TIMESTAMP '2019-11-09 09:19:31.123', TRUE, 22, NULL, 5),
('$2a$10$1IdrGrRAN2Wp3U7QI.JIzuYBfqBJ8KRURXGBEFD1NIy8BIUtxNH8i', TIMESTAMP '2019-11-09 09:19:31.354', TRUE, 22, '$2a$10$1IdrGrRAN2Wp3U7QI.JIzu4HeueVNdaHPs3H5dOkHoKyKmOv2LOTy', 10),
('$2a$10$1IdrGrRAN2Wp3U7QI.JIzuj.6MAo8TWBWCw/Az7uRlus4mRiLJh/i', TIMESTAMP '2019-11-09 09:19:31.594', TRUE, 22, '$2a$10$1IdrGrRAN2Wp3U7QI.JIzu4HeueVNdaHPs3H5dOkHoKyKmOv2LOTy', 11),
('$2a$10$1IdrGrRAN2Wp3U7QI.JIzuL7lV2QCtsOcieHmoCH6Frx3m0Y2gHDy', TIMESTAMP '2019-11-09 09:19:31.84', TRUE, 22, '$2a$10$1IdrGrRAN2Wp3U7QI.JIzuccBk8DrXNh0KtYIUb4eNp.t52wOn6W2', NULL),
('$2a$10$1IdrGrRAN2Wp3U7QI.JIzupVvL.A.5dYSm7rGT0GBv1hPhN0oHIb2', TIMESTAMP '2019-11-09 09:19:32.139', TRUE, 22, NULL, 9),
('$2a$10$1IdrGrRAN2Wp3U7QI.JIzu5kxuD9IiiPFdcwyhozqhvbAy0ZE3UIy', TIMESTAMP '2019-11-09 09:19:32.37', TRUE, 22, NULL, 16),
('$2a$10$1IdrGrRAN2Wp3U7QI.JIzuWpvcrZ.M0VWtIrLxjdUF9DDvCTqEyxi', TIMESTAMP '2019-11-09 09:19:32.741', TRUE, 22, NULL, 20),
('$2a$10$1IdrGrRAN2Wp3U7QI.JIzutiQDHi8vodSsYuDPKvp8FraWGUTlwFG', TIMESTAMP '2019-11-09 09:19:32.997', TRUE, 22, NULL, 18),
('$2a$10$1IdrGrRAN2Wp3U7QI.JIzuidRK2esq5qotXMifey0buhheoxNToqO', TIMESTAMP '2019-11-09 09:19:33.229', TRUE, 22, NULL, 14),
('$2a$10$1IdrGrRAN2Wp3U7QI.JIzu6Bp5DRTXJoaGWZwPuxZlqWxdkXxzepO', TIMESTAMP '2019-11-09 09:19:33.468', TRUE, 22, NULL, 19),
('$2a$10$1IdrGrRAN2Wp3U7QI.JIzukLk9n0nP/KZdEWe.TYbRMKT7d5wS9rm', TIMESTAMP '2019-11-09 09:19:33.726', FALSE, 22, '$2a$10$1IdrGrRAN2Wp3U7QI.JIzu4HeueVNdaHPs3H5dOkHoKyKmOv2LOTy', 12);
CREATE MEMORY TABLE PUBLIC.COMMENTS(
ID BIGINT NOT NULL,
CREATED_AT TIMESTAMP NOT NULL,
UPDATED_AT TIMESTAMP NOT NULL,
COMMENT VARCHAR(255) NOT NULL,
CREATED_BY_ID BIGINT NOT NULL,
PARENT_ID BIGINT,
PROPOSAL_ID BIGINT NOT NULL
);
ALTER TABLE PUBLIC.COMMENTS ADD CONSTRAINT PUBLIC.CONSTRAINT_A PRIMARY KEY(ID);
-- 120 +/- SELECT COUNT(*) FROM PUBLIC.COMMENTS;
INSERT INTO PUBLIC.COMMENTS(ID, CREATED_AT, UPDATED_AT, COMMENT, CREATED_BY_ID, PARENT_ID, PROPOSAL_ID) VALUES
(195, TIMESTAMP '2019-11-08 09:19:17.813', TIMESTAMP '2019-11-08 09:19:17.813', 'Comment on root level. I really like this idea, but needs to be improved. 1573201157802', 7, NULL, 194),
(196, TIMESTAMP '2019-11-08 09:19:17.817', TIMESTAMP '2019-11-08 09:19:17.817', 'Reply 0 Lorem ipsum dolor sit amet, consectetur adipiscing elit, sed do', 10, 195, 194),
(197, TIMESTAMP '2019-11-08 09:19:17.819', TIMESTAMP '2019-11-08 09:19:17.819', 'Reply 1 Lorem ipsum dolor sit amet, consectetur adipiscing eli', 4, 195, 194),
(198, TIMESTAMP '2019-11-08 09:19:17.82', TIMESTAMP '2019-11-08 09:19:17.82', 'Reply 2 Lorem ipsum do', 14, 195, 194),
(199, TIMESTAMP '2019-11-08 09:19:17.821', TIMESTAMP '2019-11-08 09:19:17.821', 'Reply 3 Lorem ipsum dolor sit amet, consectetur ', 7, 195, 194),
(200, TIMESTAMP '2019-11-08 09:19:17.823', TIMESTAMP '2019-11-08 09:19:17.823', 'Reply 4 Lorem ipsum dolor sit amet, consectetur adipiscing elit, sed do eiusmod temp', 16, 195, 194),
(201, TIMESTAMP '2019-11-08 09:19:17.824', TIMESTAMP '2019-11-08 09:19:17.824', 'Reply 5 Lorem ipsum dolor sit amet, consectetur adipiscing elit, sed do eiusmod te', 5, 195, 194),
(203, TIMESTAMP '2019-11-08 09:19:17.856', TIMESTAMP '2019-11-08 09:19:17.856', 'Comment on root level. I really like this idea, but needs to be improved. 1573201157855', 10, NULL, 202),
(204, TIMESTAMP '2019-11-08 09:19:17.857', TIMESTAMP '2019-11-08 09:19:17.857', 'Reply 0 Lorem ipsum dolor sit amet, consectetur adipiscing elit, sed do eiusmod tempor ', 13, 203, 202),
(205, TIMESTAMP '2019-11-08 09:19:17.858', TIMESTAMP '2019-11-08 09:19:17.858', 'Reply 1 Lorem ipsum dolor sit amet, consectetur adipiscing elit, sed do eiusmod tempor incididunt ut ', 6, 203, 202),
(206, TIMESTAMP '2019-11-08 09:19:17.86', TIMESTAMP '2019-11-08 09:19:17.86', 'Reply 2 Lorem ipsum dolor sit amet, consectetur adipis', 15, 203, 202),
(207, TIMESTAMP '2019-11-08 09:19:17.869', TIMESTAMP '2019-11-08 09:19:17.869', 'Reply 3 Lorem ipsum dolor sit amet, consectetur adipiscing elit, sed do eiusmod te', 10, 203, 202),
(208, TIMESTAMP '2019-11-08 09:19:17.87', TIMESTAMP '2019-11-08 09:19:17.87', 'Reply 4 Lorem ipsum dolor sit amet, consectetur adipiscing ', 2, 203, 202),
(210, TIMESTAMP '2019-11-08 09:19:17.899', TIMESTAMP '2019-11-08 09:19:17.899', 'Comment on root level. I really like this idea, but needs to be improved. 1573201157898', 9, NULL, 209),
(211, TIMESTAMP '2019-11-08 09:19:17.903', TIMESTAMP '2019-11-08 09:19:17.903', 'Reply 0 Lorem ipsum dolor sit amet, consectetur adipiscing e', 3, 210, 209),
(212, TIMESTAMP '2019-11-08 09:19:17.91', TIMESTAMP '2019-11-08 09:19:17.91', 'Reply 1 Lorem ipsum dolor sit amet, cons', 12, 210, 209),
(213, TIMESTAMP '2019-11-08 09:19:17.912', TIMESTAMP '2019-11-08 09:19:17.912', 'Reply 2 Lorem ipsum dolor sit amet, consectetur adipiscing elit, sed do eiusmod', 1, 210, 209),
(214, TIMESTAMP '2019-11-08 09:19:17.916', TIMESTAMP '2019-11-08 09:19:17.916', 'Reply 3 Lorem ipsum dolor sit amet, consectetur adipiscing elit, sed do eiusmod tempor incididunt ', 13, 210, 209),
(215, TIMESTAMP '2019-11-08 09:19:17.917', TIMESTAMP '2019-11-08 09:19:17.917', 'Reply 4 Lorem ipsum dolor sit amet, consectetur adipiscing elit, sed do ei', 19, 210, 209),
(217, TIMESTAMP '2019-11-08 09:19:17.95', TIMESTAMP '2019-11-08 09:19:17.95', 'Comment on root level. I really like this idea, but needs to be improved. 1573201157948', 7, NULL, 216),
(218, TIMESTAMP '2019-11-08 09:19:17.961', TIMESTAMP '2019-11-08 09:19:17.961', 'Reply 0 Lorem ipsum dolor sit amet, consectetur adipiscing elit, sed do eiusmod tempor incidid', 14, 217, 216),
(219, TIMESTAMP '2019-11-08 09:19:17.968', TIMESTAMP '2019-11-08 09:19:17.968', 'Reply 1 Lorem ipsum dolor sit amet, consectetur adipiscing elit, sed do eiusmod tempor incidid', 2, 217, 216),
(220, TIMESTAMP '2019-11-08 09:19:17.969', TIMESTAMP '2019-11-08 09:19:17.969', 'Reply 2 Lorem ipsum dolor sit amet, consectetur adipiscing elit, sed do eiusm', 6, 217, 216),
(221, TIMESTAMP '2019-11-08 09:19:17.971', TIMESTAMP '2019-11-08 09:19:17.971', 'Reply 3 Lorem ipsum dolor sit amet, consectetur adipiscing elit, sed do eiusmod tempor i', 14, 217, 216);
INSERT INTO PUBLIC.COMMENTS(ID, CREATED_AT, UPDATED_AT, COMMENT, CREATED_BY_ID, PARENT_ID, PROPOSAL_ID) VALUES
(222, TIMESTAMP '2019-11-08 09:19:17.972', TIMESTAMP '2019-11-08 09:19:17.972', 'Reply 4 Lorem ipsum dolor sit amet, consectetur ', 9, 217, 216),
(224, TIMESTAMP '2019-11-08 09:19:17.991', TIMESTAMP '2019-11-08 09:19:17.991', 'Comment on root level. I really like this idea, but needs to be improved. 1573201157991', 17, NULL, 223),
(225, TIMESTAMP '2019-11-08 09:19:17.992', TIMESTAMP '2019-11-08 09:19:17.992', 'Reply 0 Lorem ipsum dolor sit amet, consectetur adipiscing elit, sed do eiusmod tempo', 18, 224, 223),
(226, TIMESTAMP '2019-11-08 09:19:17.994', TIMESTAMP '2019-11-08 09:19:17.994', 'Reply 1 Lorem ipsum dolor sit amet, consectetur adipiscing elit, sed do eiu', 20, 224, 223),
(227, TIMESTAMP '2019-11-08 09:19:17.995', TIMESTAMP '2019-11-08 09:19:17.995', 'Reply 2 Lorem ipsum dolor sit amet, consectetur adipiscing el', 1, 224, 223),
(238, TIMESTAMP '2019-11-08 09:19:23.361', TIMESTAMP '2019-11-08 09:19:23.361', 'Comment on root level. I really like this idea, but needs to be improved. 1573201163360', 3, NULL, 237),
(239, TIMESTAMP '2019-11-08 09:19:23.362', TIMESTAMP '2019-11-08 09:19:23.362', 'Reply 0 Lorem ipsum dolor sit amet, consectetur adipiscing elit, sed do eiusmod t', 11, 238, 237),
(240, TIMESTAMP '2019-11-08 09:19:23.363', TIMESTAMP '2019-11-08 09:19:23.363', 'Reply 1 Lorem ipsum dolor sit amet, consectetur adipiscing elit, sed do eiusmod tempor incididunt ut l', 11, 238, 237),
(245, TIMESTAMP '2019-11-08 09:19:23.4', TIMESTAMP '2019-11-08 09:19:23.4', 'Comment on root level. I really like this idea, but needs to be improved. 1573201163400', 12, NULL, 244),
(246, TIMESTAMP '2019-11-08 09:19:23.402', TIMESTAMP '2019-11-08 09:19:23.402', 'Reply 0 Lorem ipsum dolor sit amet, consectetur adipiscing elit, sed do eiusmod t', 6, 245, 244),
(247, TIMESTAMP '2019-11-08 09:19:23.403', TIMESTAMP '2019-11-08 09:19:23.403', 'Reply 1 Lorem ipsum dolor sit amet, consectetur adipiscing elit, ', 9, 245, 244),
(249, TIMESTAMP '2019-11-08 09:19:23.442', TIMESTAMP '2019-11-08 09:19:23.442', 'Comment on root level. I really like this idea, but needs to be improved. 1573201163441', 16, NULL, 248),
(250, TIMESTAMP '2019-11-08 09:19:23.443', TIMESTAMP '2019-11-08 09:19:23.443', 'Reply 0 Lorem ipsum dolor sit amet, consectetur adipisc', 15, 249, 248),
(251, TIMESTAMP '2019-11-08 09:19:23.445', TIMESTAMP '2019-11-08 09:19:23.445', 'Reply 1 Lorem ipsum dolor sit amet, cons', 17, 249, 248),
(253, TIMESTAMP '2019-11-08 09:19:23.487', TIMESTAMP '2019-11-08 09:19:23.487', 'Comment on root level. I really like this idea, but needs to be improved. 1573201163487', 17, NULL, 252),
(254, TIMESTAMP '2019-11-08 09:19:23.49', TIMESTAMP '2019-11-08 09:19:23.49', 'Reply 0 Lorem ipsum dolor sit amet, consectetur adipiscing elit, ', 19, 253, 252),
(255, TIMESTAMP '2019-11-08 09:19:23.491', TIMESTAMP '2019-11-08 09:19:23.491', 'Reply 1 Lorem ipsum dolor', 8, 253, 252),
(256, TIMESTAMP '2019-11-08 09:19:23.494', TIMESTAMP '2019-11-08 09:19:23.494', 'Reply 2 Lorem ipsum dolor sit amet, consectetur adipis', 3, 253, 252),
(257, TIMESTAMP '2019-11-08 09:19:23.5', TIMESTAMP '2019-11-08 09:19:23.5', 'Reply 3 Lorem ipsum dolor sit amet, consectetur adipiscing elit, sed do eiusmod tempor incididunt ut labor', 16, 253, 252),
(258, TIMESTAMP '2019-11-08 09:19:23.525', TIMESTAMP '2019-11-08 09:19:23.525', 'Reply 4 Lorem ipsum dolor sit amet, consectetur adip', 15, 253, 252),
(260, TIMESTAMP '2019-11-08 09:19:23.576', TIMESTAMP '2019-11-08 09:19:23.576', 'Comment on root level. I really like this idea, but needs to be improved. 1573201163575', 19, NULL, 259),
(261, TIMESTAMP '2019-11-08 09:19:23.577', TIMESTAMP '2019-11-08 09:19:23.577', 'Reply 0 Lorem ipsum dolor sit amet, consectetur adipiscing elit, sed do eiusmod te', 7, 260, 259),
(262, TIMESTAMP '2019-11-08 09:19:23.578', TIMESTAMP '2019-11-08 09:19:23.578', 'Reply 1 Lorem ipsum dolor', 3, 260, 259),
(263, TIMESTAMP '2019-11-08 09:19:23.579', TIMESTAMP '2019-11-08 09:19:23.579', 'Reply 2 Lorem ipsum dolor sit amet, consectetur adipiscing elit, sed do eius', 12, 260, 259);
INSERT INTO PUBLIC.COMMENTS(ID, CREATED_AT, UPDATED_AT, COMMENT, CREATED_BY_ID, PARENT_ID, PROPOSAL_ID) VALUES
(264, TIMESTAMP '2019-11-08 09:19:23.58', TIMESTAMP '2019-11-08 09:19:23.58', 'Reply 3 Lorem ipsum dolor sit amet, consectetur adipiscing elit, sed do eiusm', 17, 260, 259),
(265, TIMESTAMP '2019-11-08 09:19:23.581', TIMESTAMP '2019-11-08 09:19:23.581', 'Reply 4 Lorem ipsum dolor sit amet, con', 7, 260, 259),
(267, TIMESTAMP '2019-11-08 09:19:23.61', TIMESTAMP '2019-11-08 09:19:23.61', 'Comment on root level. I really like this idea, but needs to be improved. 1573201163609', 18, NULL, 266),
(268, TIMESTAMP '2019-11-08 09:19:23.611', TIMESTAMP '2019-11-08 09:19:23.611', 'Reply 0 Lorem ipsum dolor sit ', 19, 267, 266),
(269, TIMESTAMP '2019-11-08 09:19:23.612', TIMESTAMP '2019-11-08 09:19:23.612', 'Reply 1 Lorem ipsum dolor sit amet, consectetur adipiscing elit, sed d', 7, 267, 266),
(270, TIMESTAMP '2019-11-08 09:19:23.613', TIMESTAMP '2019-11-08 09:19:23.613', 'Reply 2 Lorem ipsum dolor sit amet, consectetur adipiscing elit, sed do ', 7, 267, 266),
(273, TIMESTAMP '2019-11-08 09:19:23.638', TIMESTAMP '2019-11-08 09:19:23.638', 'Comment on root level. I really like this idea, but needs to be improved. 1573201163637', 2, NULL, 272),
(274, TIMESTAMP '2019-11-08 09:19:23.639', TIMESTAMP '2019-11-08 09:19:23.639', 'Reply 0 Lorem ipsum dolor sit amet, consectetur adipiscing elit, sed do eiusmod tempor', 18, 273, 272),
(275, TIMESTAMP '2019-11-08 09:19:23.641', TIMESTAMP '2019-11-08 09:19:23.641', 'Reply 1 Lorem ipsum dolor sit amet, consectetur adipiscing elit, sed do eiusmod ', 8, 273, 272),
(276, TIMESTAMP '2019-11-08 09:19:23.642', TIMESTAMP '2019-11-08 09:19:23.642', 'Reply 2 Lorem ipsum dolor si', 17, 273, 272),
(278, TIMESTAMP '2019-11-08 09:19:23.674', TIMESTAMP '2019-11-08 09:19:23.674', 'Comment on root level. I really like this idea, but needs to be improved. 1573201163673', 12, NULL, 277),
(279, TIMESTAMP '2019-11-08 09:19:23.676', TIMESTAMP '2019-11-08 09:19:23.676', 'Reply 0 Lorem ipsum dolor sit amet, consectetur adipiscin', 15, 278, 277),
(280, TIMESTAMP '2019-11-08 09:19:23.678', TIMESTAMP '2019-11-08 09:19:23.678', 'Reply 1 Lorem ipsum dolor sit amet, consectetur adipisci', 15, 278, 277),
(281, TIMESTAMP '2019-11-08 09:19:23.679', TIMESTAMP '2019-11-08 09:19:23.679', 'Reply 2 Lorem ipsum dolor sit amet, consec', 2, 278, 277),
(283, TIMESTAMP '2019-11-08 09:19:23.734', TIMESTAMP '2019-11-08 09:19:23.734', 'Comment on root level. I really like this idea, but needs to be improved. 1573201163732', 11, NULL, 282),
(284, TIMESTAMP '2019-11-08 09:19:23.735', TIMESTAMP '2019-11-08 09:19:23.735', 'Reply 0 Lorem ipsum dolor sit amet, consectetur adipiscing elit, se', 15, 283, 282),
(285, TIMESTAMP '2019-11-08 09:19:23.736', TIMESTAMP '2019-11-08 09:19:23.736', 'Reply 1 Lorem ipsum dolor sit amet, consectetur adipiscing elit, sed do eiusmod tempor ', 20, 283, 282),
(286, TIMESTAMP '2019-11-08 09:19:23.737', TIMESTAMP '2019-11-08 09:19:23.737', 'Reply 2 Lorem ipsum dolor sit amet, consectetur adipiscing elit, sed do eiusmod tempor incididunt ut l', 9, 283, 282),
(287, TIMESTAMP '2019-11-08 09:19:23.739', TIMESTAMP '2019-11-08 09:19:23.739', 'Reply 3 Lorem ipsum dolor sit amet, consectetur adipiscing elit,', 19, 283, 282),
(289, TIMESTAMP '2019-11-08 09:19:23.8', TIMESTAMP '2019-11-08 09:19:23.8', 'Comment on root level. I really like this idea, but needs to be improved. 1573201163799', 17, NULL, 288),
(290, TIMESTAMP '2019-11-08 09:19:23.801', TIMESTAMP '2019-11-08 09:19:23.801', 'Reply 0 Lorem ipsum dolor sit amet, consectetur adipiscing elit, sed do eiusmod tempor incididun', 17, 289, 288),
(291, TIMESTAMP '2019-11-08 09:19:23.802', TIMESTAMP '2019-11-08 09:19:23.802', 'Reply 1 Lorem ipsum dolor sit amet, consectet', 8, 289, 288),
(292, TIMESTAMP '2019-11-08 09:19:23.803', TIMESTAMP '2019-11-08 09:19:23.803', 'Reply 2 Lorem ipsum dolor sit amet, consectetur adipiscing eli', 17, 289, 288),
(293, TIMESTAMP '2019-11-08 09:19:23.804', TIMESTAMP '2019-11-08 09:19:23.804', 'Reply 3 Lorem ipsum dolor sit amet, con', 2, 289, 288);
INSERT INTO PUBLIC.COMMENTS(ID, CREATED_AT, UPDATED_AT, COMMENT, CREATED_BY_ID, PARENT_ID, PROPOSAL_ID) VALUES
(294, TIMESTAMP '2019-11-08 09:19:23.805', TIMESTAMP '2019-11-08 09:19:23.805', 'Reply 4 Lorem ipsum dolor sit amet, consectetur adipiscing elit, sed do eiusmod tempor incid', 10, 289, 288),
(296, TIMESTAMP '2019-11-08 09:19:23.869', TIMESTAMP '2019-11-08 09:19:23.869', 'Comment on root level. I really like this idea, but needs to be improved. 1573201163869', 17, NULL, 295),
(297, TIMESTAMP '2019-11-08 09:19:23.87', TIMESTAMP '2019-11-08 09:19:23.87', 'Reply 0 Lorem ipsum dolor sit amet, consectetur adipi', 2, 296, 295),
(298, TIMESTAMP '2019-11-08 09:19:23.871', TIMESTAMP '2019-11-08 09:19:23.871', 'Reply 1 Lorem ipsu', 3, 296, 295),
(301, TIMESTAMP '2019-11-08 09:19:23.905', TIMESTAMP '2019-11-08 09:19:23.905', 'Comment on root level. I really like this idea, but needs to be improved. 1573201163905', 16, NULL, 300),
(302, TIMESTAMP '2019-11-08 09:19:23.907', TIMESTAMP '2019-11-08 09:19:23.907', 'Reply 0 Lorem ipsum dolor sit amet, ', 6, 301, 300),
(303, TIMESTAMP '2019-11-08 09:19:23.908', TIMESTAMP '2019-11-08 09:19:23.908', 'Reply 1 Lorem ipsum dolor sit amet, consectetur adipiscing elit, sed do eiusmod tempor incididunt ut labo', 5, 301, 300),
(304, TIMESTAMP '2019-11-08 09:19:23.909', TIMESTAMP '2019-11-08 09:19:23.909', 'Reply 2 Lorem ipsum', 12, 301, 300),
(306, TIMESTAMP '2019-11-08 09:19:23.948', TIMESTAMP '2019-11-08 09:19:23.948', 'Comment on root level. I really like this idea, but needs to be improved. 1573201163948', 4, NULL, 305),
(307, TIMESTAMP '2019-11-08 09:19:23.952', TIMESTAMP '2019-11-08 09:19:23.952', 'Reply 0 Lorem ipsum dolor sit amet, consectetur adipiscing elit, sed do eiusmod tempor ', 12, 306, 305),
(308, TIMESTAMP '2019-11-08 09:19:23.953', TIMESTAMP '2019-11-08 09:19:23.953', 'Reply 1 Lorem ipsum ', 9, 306, 305),
(309, TIMESTAMP '2019-11-08 09:19:23.954', TIMESTAMP '2019-11-08 09:19:23.954', 'Reply 2 Lorem ipsum dolor sit amet, cons', 5, 306, 305),
(310, TIMESTAMP '2019-11-08 09:19:23.955', TIMESTAMP '2019-11-08 09:19:23.955', 'Reply 3 Lorem ipsum', 16, 306, 305),
(312, TIMESTAMP '2019-11-08 09:19:23.987', TIMESTAMP '2019-11-08 09:19:23.987', 'Comment on root level. I really like this idea, but needs to be improved. 1573201163986', 6, NULL, 311),
(313, TIMESTAMP '2019-11-08 09:19:23.988', TIMESTAMP '2019-11-08 09:19:23.988', 'Reply 0 Lorem ipsum dolor ', 15, 312, 311),
(314, TIMESTAMP '2019-11-08 09:19:23.989', TIMESTAMP '2019-11-08 09:19:23.989', 'Reply 1 Lorem ipsum dolor sit amet, consectetur adipiscing elit, sed do eiusmod tempor incididunt ut', 4, 312, 311),
(315, TIMESTAMP '2019-11-08 09:19:23.99', TIMESTAMP '2019-11-08 09:19:23.99', 'Reply 2 Lorem ipsum dolor sit amet, consectetur adipiscing elit, sed do eiu', 17, 312, 311),
(316, TIMESTAMP '2019-11-08 09:19:23.99', TIMESTAMP '2019-11-08 09:19:23.99', 'Reply 3 Lorem ipsum dolor sit amet, co', 3, 312, 311),
(317, TIMESTAMP '2019-11-08 09:19:23.991', TIMESTAMP '2019-11-08 09:19:23.991', 'Reply 4 Lorem ipsum d', 17, 312, 311),
(319, TIMESTAMP '2019-11-08 09:19:24.017', TIMESTAMP '2019-11-08 09:19:24.017', 'Comment on root level. I really like this idea, but needs to be improved. 1573201164016', 19, NULL, 318),
(320, TIMESTAMP '2019-11-08 09:19:24.018', TIMESTAMP '2019-11-08 09:19:24.018', 'Reply 0 Lorem ipsum dolor sit amet, consectetur adipisci', 11, 319, 318),
(321, TIMESTAMP '2019-11-08 09:19:24.019', TIMESTAMP '2019-11-08 09:19:24.019', 'Reply 1 Lorem ipsum dolor sit amet, consectetur adipiscing elit, sed do eiusmod tem', 3, 319, 318),
(339, TIMESTAMP '2019-11-08 09:19:29.649', TIMESTAMP '2019-11-08 09:19:29.649', 'Comment on root level. I really like this idea, but needs to be improved. 1573201169648', 1, NULL, 338),
(340, TIMESTAMP '2019-11-08 09:19:29.651', TIMESTAMP '2019-11-08 09:19:29.651', 'Reply 0 Lorem ipsum dolor sit amet, consectetur adipiscing elit, sed do eiusmod tempor ', 18, 339, 338),
(341, TIMESTAMP '2019-11-08 09:19:29.652', TIMESTAMP '2019-11-08 09:19:29.652', 'Reply 1 Lorem ipsum dolor sit amet, con', 18, 339, 338);
INSERT INTO PUBLIC.COMMENTS(ID, CREATED_AT, UPDATED_AT, COMMENT, CREATED_BY_ID, PARENT_ID, PROPOSAL_ID) VALUES
(342, TIMESTAMP '2019-11-08 09:19:29.653', TIMESTAMP '2019-11-08 09:19:29.653', 'Reply 2 Lorem ipsum dolor sit amet, consectetur adipiscing elit, sed do eiusmod tempor inci', 5, 339, 338),
(345, TIMESTAMP '2019-11-08 09:19:29.682', TIMESTAMP '2019-11-08 09:19:29.682', 'Comment on root level. I really like this idea, but needs to be improved. 1573201169681', 19, NULL, 344),
(346, TIMESTAMP '2019-11-08 09:19:29.683', TIMESTAMP '2019-11-08 09:19:29.683', 'Reply 0 Lorem ipsum dolor', 4, 345, 344),
(347, TIMESTAMP '2019-11-08 09:19:29.684', TIMESTAMP '2019-11-08 09:19:29.684', 'Reply 1 Lorem ipsum dolor sit amet, consectetur adipiscing elit, sed do eiusmod tempor in', 17, 345, 344),
(348, TIMESTAMP '2019-11-08 09:19:29.685', TIMESTAMP '2019-11-08 09:19:29.685', 'Reply 2 Lorem ipsum dolor sit am', 15, 345, 344),
(349, TIMESTAMP '2019-11-08 09:19:29.686', TIMESTAMP '2019-11-08 09:19:29.686', 'Reply 3 Lorem ipsum dolor sit amet, conse', 7, 345, 344),
(350, TIMESTAMP '2019-11-08 09:19:29.687', TIMESTAMP '2019-11-08 09:19:29.687', 'Reply 4 Lorem ipsum dolor sit amet, consectetur adipiscing elit, sed do eiusmod tempor incididunt ut labo', 6, 345, 344),
(351, TIMESTAMP '2019-11-08 09:19:29.688', TIMESTAMP '2019-11-08 09:19:29.688', 'Reply 5 Lorem ipsum dolor', 4, 345, 344),
(353, TIMESTAMP '2019-11-08 09:19:29.72', TIMESTAMP '2019-11-08 09:19:29.72', 'Comment on root level. I really like this idea, but needs to be improved. 1573201169719', 16, NULL, 352),
(354, TIMESTAMP '2019-11-08 09:19:29.721', TIMESTAMP '2019-11-08 09:19:29.721', 'Reply 0 Lorem ipsum dolor sit amet, consectetur adipisci', 13, 353, 352),
(355, TIMESTAMP '2019-11-08 09:19:29.721', TIMESTAMP '2019-11-08 09:19:29.721', 'Reply 1 Lorem ipsum dolor sit amet, consectetur a', 3, 353, 352),
(356, TIMESTAMP '2019-11-08 09:19:29.722', TIMESTAMP '2019-11-08 09:19:29.722', 'Reply 2 Lorem ipsum dolor sit amet, consectetur a', 20, 353, 352),
(358, TIMESTAMP '2019-11-08 09:19:29.743', TIMESTAMP '2019-11-08 09:19:29.743', 'Comment on root level. I really like this idea, but needs to be improved. 1573201169743', 11, NULL, 357),
(359, TIMESTAMP '2019-11-08 09:19:29.744', TIMESTAMP '2019-11-08 09:19:29.744', 'Reply 0 Lorem ipsum dolor sit ', 17, 358, 357),
(360, TIMESTAMP '2019-11-08 09:19:29.745', TIMESTAMP '2019-11-08 09:19:29.745', 'Reply 1 Lorem ipsum dolor sit amet, consectetur adipiscing elit, sed do e', 19, 358, 357),
(361, TIMESTAMP '2019-11-08 09:19:29.746', TIMESTAMP '2019-11-08 09:19:29.746', 'Reply 2 Lorem ipsum dolor sit amet, consectetur adipiscing elit, sed do eiusmod temp', 1, 358, 357),
(362, TIMESTAMP '2019-11-08 09:19:29.747', TIMESTAMP '2019-11-08 09:19:29.747', 'Reply 3 Lorem ipsum dolor sit amet', 20, 358, 357),
(363, TIMESTAMP '2019-11-08 09:19:29.748', TIMESTAMP '2019-11-08 09:19:29.748', 'Reply 4 Lorem ipsum dolor sit amet, consectetur a', 8, 358, 357),
(365, TIMESTAMP '2019-11-08 09:19:29.827', TIMESTAMP '2019-11-08 09:19:29.827', 'Comment on root level. I really like this idea, but needs to be improved. 1573201169820', 12, NULL, 364),
(366, TIMESTAMP '2019-11-08 09:19:29.828', TIMESTAMP '2019-11-08 09:19:29.828', 'Reply 0 Lorem ipsum dolor sit amet, consectetur adipiscing elit, sed do eiusmod tempor incididunt ut la', 9, 365, 364),
(367, TIMESTAMP '2019-11-08 09:19:29.831', TIMESTAMP '2019-11-08 09:19:29.831', 'Reply 1 Lorem ipsum', 20, 365, 364),
(368, TIMESTAMP '2019-11-08 09:19:29.836', TIMESTAMP '2019-11-08 09:19:29.836', 'Reply 2 Lorem ipsum dolo', 19, 365, 364),
(369, TIMESTAMP '2019-11-08 09:19:29.837', TIMESTAMP '2019-11-08 09:19:29.837', 'Reply 3 Lorem ipsum dolor sit amet, consectetur adipiscin', 17, 365, 364);
CREATE MEMORY TABLE PUBLIC.COMMENTS_DOWN_VOTERS(
COMMENT_MODEL_ID BIGINT NOT NULL,
DOWN_VOTERS_ID BIGINT NOT NULL
);
ALTER TABLE PUBLIC.COMMENTS_DOWN_VOTERS ADD CONSTRAINT PUBLIC.CONSTRAINT_2 PRIMARY KEY(COMMENT_MODEL_ID, DOWN_VOTERS_ID);
-- 334 +/- SELECT COUNT(*) FROM PUBLIC.COMMENTS_DOWN_VOTERS;
INSERT INTO PUBLIC.COMMENTS_DOWN_VOTERS(COMMENT_MODEL_ID, DOWN_VOTERS_ID) VALUES
(195, 18),
(195, 20),
(196, 2),
(196, 6),
(196, 17),
(196, 1),
(197, 15),
(198, 4),
(198, 17),
(200, 4),
(200, 6),
(200, 10),
(200, 3),
(200, 16),
(200, 9),
(201, 10),
(201, 16),
(203, 13),
(203, 15),
(204, 2),
(204, 18),
(204, 17),
(204, 1),
(205, 13),
(205, 11),
(205, 14),
(206, 6),
(206, 8),
(206, 18),
(206, 10),
(206, 9),
(207, 11),
(207, 14),
(207, 9),
(208, 6),
(208, 1),
(208, 9),
(210, 11),
(210, 14),
(210, 1),
(210, 3),
(210, 5),
(211, 2),
(211, 11),
(211, 17),
(211, 10),
(211, 15),
(211, 5),
(213, 6),
(213, 8),
(213, 14),
(213, 15),
(213, 16),
(214, 17),
(215, 6),
(215, 8),
(215, 17),
(217, 6),
(217, 14),
(217, 7),
(217, 16),
(218, 4),
(218, 11),
(218, 20),
(219, 17),
(220, 8),
(220, 10),
(220, 16),
(221, 8),
(222, 2),
(222, 13),
(222, 6),
(222, 7),
(222, 15),
(222, 12),
(224, 8),
(224, 1),
(224, 12),
(225, 4),
(225, 5),
(226, 2),
(226, 13),
(226, 16),
(226, 15),
(227, 8),
(227, 10),
(238, 1),
(238, 12),
(240, 19),
(240, 15),
(240, 5),
(240, 9),
(245, 6),
(245, 14),
(245, 10),
(245, 3),
(245, 16),
(245, 15),
(246, 7),
(246, 5),
(250, 2),
(251, 14),
(251, 10),
(251, 3),
(253, 8),
(254, 1),
(255, 13),
(255, 17),
(256, 9),
(257, 4),
(257, 14),
(257, 1),
(258, 13),
(258, 10),
(260, 6),
(260, 15),
(260, 5),
(261, 2),
(261, 13),
(261, 11),
(261, 17),
(262, 6),
(262, 7),
(262, 3),
(262, 19),
(263, 8),
(263, 20),
(264, 13),
(264, 8),
(264, 16),
(264, 12),
(264, 9),
(265, 13),
(265, 11),
(265, 7),
(267, 17),
(267, 14),
(267, 19),
(267, 12),
(268, 12),
(269, 8),
(269, 1),
(270, 6),
(270, 8),
(270, 14),
(270, 5),
(273, 2),
(274, 6),
(274, 8),
(274, 11),
(274, 17),
(274, 14),
(274, 15),
(275, 18),
(275, 20),
(275, 10),
(276, 7),
(276, 12),
(276, 5),
(278, 8),
(278, 7),
(278, 12),
(279, 20),
(279, 15),
(280, 4),
(280, 6),
(280, 11),
(280, 1),
(280, 12),
(281, 4),
(281, 6),
(281, 11),
(281, 7),
(281, 1),
(281, 9),
(283, 10),
(283, 1),
(283, 9),
(284, 8),
(284, 17),
(284, 14),
(285, 8),
(285, 18),
(285, 1),
(286, 2),
(286, 8),
(286, 18),
(286, 7),
(287, 1),
(287, 3),
(289, 13),
(289, 11),
(289, 7),
(289, 16),
(290, 11),
(290, 15),
(291, 11),
(291, 8),
(291, 18),
(291, 3),
(291, 9),
(293, 2),
(293, 6),
(293, 7),
(293, 10),
(293, 15),
(294, 4),
(297, 7),
(297, 16),
(298, 6),
(298, 1),
(298, 16),
(298, 9),
(301, 12),
(302, 6),
(302, 11),
(302, 17),
(302, 14),
(302, 1),
(302, 9),
(303, 8),
(303, 9),
(304, 4),
(304, 17),
(304, 19),
(306, 13),
(306, 20),
(306, 16),
(307, 8),
(307, 17),
(307, 9),
(308, 8),
(308, 7),
(308, 3),
(308, 9),
(309, 4),
(309, 16),
(312, 17),
(313, 4),
(313, 18),
(313, 16),
(313, 12),
(314, 15),
(315, 20),
(315, 14),
(316, 20),
(316, 7),
(316, 3),
(316, 12),
(317, 6),
(317, 8),
(317, 1),
(317, 19),
(317, 5),
(317, 9),
(319, 13),
(319, 18),
(319, 16),
(319, 12),
(320, 16),
(321, 4),
(321, 2),
(321, 8),
(321, 9),
(339, 4),
(339, 13),
(339, 8),
(339, 19),
(340, 6),
(340, 8),
(340, 18),
(340, 1),
(340, 19),
(340, 15),
(340, 5),
(340, 9),
(341, 10),
(341, 16),
(342, 8),
(342, 1),
(345, 1),
(346, 14),
(346, 1),
(346, 15),
(347, 4),
(347, 11),
(347, 7),
(347, 19),
(347, 15),
(348, 4),
(348, 8),
(348, 19),
(349, 20),
(349, 1),
(349, 5),
(350, 2),
(350, 7),
(350, 5),
(351, 6),
(351, 10),
(351, 1),
(353, 7),
(353, 10),
(353, 19),
(354, 6),
(354, 11),
(354, 20),
(355, 13),
(356, 18),
(356, 7),
(358, 2),
(358, 6),
(358, 17),
(358, 3),
(359, 13),
(359, 1),
(360, 2),
(360, 3),
(361, 17),
(361, 12),
(362, 4),
(362, 9),
(363, 5),
(365, 11),
(365, 14),
(366, 11),
(366, 8),
(366, 15),
(367, 2),
(367, 6),
(367, 15),
(368, 12),
(368, 5),
(369, 14);
CREATE MEMORY TABLE PUBLIC.COMMENTS_UP_VOTERS(
COMMENT_MODEL_ID BIGINT NOT NULL,
UP_VOTERS_ID BIGINT NOT NULL
);
ALTER TABLE PUBLIC.COMMENTS_UP_VOTERS ADD CONSTRAINT PUBLIC.CONSTRAINT_20 PRIMARY KEY(COMMENT_MODEL_ID, UP_VOTERS_ID);
-- 286 +/- SELECT COUNT(*) FROM PUBLIC.COMMENTS_UP_VOTERS;
INSERT INTO PUBLIC.COMMENTS_UP_VOTERS(COMMENT_MODEL_ID, UP_VOTERS_ID) VALUES
(195, 9),
(197, 8),
(197, 18),
(197, 20),
(197, 9),
(199, 1),
(199, 3),
(200, 6),
(200, 17),
(200, 10),
(200, 15),
(201, 2),
(201, 6),
(201, 5),
(204, 17),
(204, 10),
(205, 2),
(205, 6),
(205, 20),
(205, 16),
(205, 12),
(206, 17),
(206, 15),
(207, 20),
(207, 1),
(208, 6),
(210, 8),
(210, 17),
(210, 1),
(210, 15),
(211, 11),
(211, 12),
(211, 5),
(214, 7),
(214, 10),
(214, 19),
(214, 15),
(215, 13),
(215, 11),
(215, 1),
(215, 9),
(218, 6),
(218, 14),
(218, 12),
(218, 5),
(219, 10),
(219, 15),
(219, 9),
(220, 20),
(220, 5),
(221, 15),
(221, 5),
(222, 6),
(224, 13),
(224, 15),
(225, 17),
(225, 10),
(225, 15),
(225, 16),
(226, 2),
(226, 13),
(226, 6),
(226, 15),
(227, 2),
(227, 19),
(238, 13),
(238, 1),
(238, 12),
(239, 20),
(240, 13),
(240, 11),
(240, 7),
(245, 20),
(246, 6),
(246, 8),
(247, 4),
(247, 13),
(247, 11),
(247, 10),
(247, 5),
(249, 17),
(249, 9),
(250, 18),
(250, 14),
(250, 15),
(250, 16),
(251, 13),
(251, 11),
(251, 9),
(253, 2),
(253, 14),
(253, 15),
(253, 9),
(254, 13),
(254, 10),
(254, 19),
(255, 7),
(256, 7),
(257, 4),
(257, 13),
(257, 20),
(257, 16),
(257, 9),
(258, 4),
(258, 2),
(258, 11),
(258, 1),
(260, 1),
(261, 13),
(261, 18),
(261, 15),
(261, 16),
(262, 11),
(262, 17),
(262, 7),
(262, 5),
(263, 4),
(263, 6),
(263, 11),
(264, 16),
(264, 12),
(267, 18),
(267, 9),
(268, 20),
(268, 15),
(268, 12),
(269, 17),
(269, 19),
(269, 12),
(270, 18),
(270, 14),
(273, 4),
(273, 6),
(273, 3),
(273, 19),
(273, 5),
(274, 2),
(274, 8),
(274, 3),
(275, 14),
(276, 13),
(276, 10),
(276, 19),
(279, 17),
(279, 14),
(279, 3),
(280, 2),
(280, 6),
(280, 13),
(280, 20),
(280, 19),
(280, 16),
(281, 18),
(281, 20),
(281, 14),
(281, 16),
(283, 6),
(283, 14),
(284, 18),
(284, 12),
(285, 11),
(285, 10),
(286, 8),
(286, 17),
(286, 15),
(286, 16),
(287, 11),
(289, 2),
(289, 13),
(289, 11),
(289, 18),
(290, 6),
(290, 18),
(290, 1),
(290, 16),
(290, 15),
(290, 5),
(291, 6),
(291, 7),
(291, 14),
(291, 19),
(292, 8),
(293, 18),
(294, 17),
(294, 14),
(294, 10),
(297, 2),
(297, 11),
(297, 7),
(301, 13),
(302, 13),
(302, 17),
(303, 14),
(303, 19),
(304, 13),
(304, 8),
(304, 3),
(304, 12),
(304, 5),
(306, 11),
(306, 5),
(306, 9),
(307, 17),
(307, 20),
(307, 10),
(309, 15),
(309, 5),
(310, 5),
(312, 1),
(312, 12),
(312, 5),
(313, 6),
(313, 18),
(313, 19),
(314, 2),
(314, 18),
(315, 4),
(315, 17),
(315, 1),
(315, 19),
(317, 11),
(317, 14),
(317, 19),
(319, 17),
(319, 15),
(320, 7),
(321, 6),
(321, 14),
(321, 1),
(321, 3),
(339, 20),
(339, 3),
(339, 19),
(339, 5),
(339, 12),
(340, 13),
(340, 16),
(340, 12),
(341, 20),
(341, 7),
(342, 18),
(345, 6),
(345, 19),
(347, 13),
(347, 7),
(347, 19),
(347, 16),
(348, 2),
(348, 6),
(348, 11),
(349, 8),
(349, 18),
(349, 12),
(350, 4),
(350, 13),
(350, 14),
(351, 6),
(354, 4),
(354, 8),
(354, 11),
(354, 10),
(354, 9),
(355, 14),
(356, 4),
(356, 1),
(356, 16),
(358, 6),
(358, 18),
(359, 11),
(360, 8),
(360, 11),
(360, 1),
(360, 15),
(362, 13),
(362, 8),
(362, 20),
(363, 18),
(363, 20),
(363, 1),
(365, 3),
(366, 3),
(367, 13),
(367, 16),
(367, 12),
(368, 5),
(369, 19);
CREATE MEMORY TABLE PUBLIC.DELEGATIONS(
ID BIGINT NOT NULL,
CREATED_AT TIMESTAMP NOT NULL,
UPDATED_AT TIMESTAMP NOT NULL,
REQUESTED_DELEGATION_AT TIMESTAMP,
TRANSITIVE BOOLEAN NOT NULL,
AREA_ID BIGINT NOT NULL,
FROM_USER_ID BIGINT NOT NULL,
REQUESTED_DELEGATION_FROM_CHECKSUM_CHECKSUM VARCHAR(255),
TO_PROXY_ID BIGINT NOT NULL
);
ALTER TABLE PUBLIC.DELEGATIONS ADD CONSTRAINT PUBLIC.CONSTRAINT_8 PRIMARY KEY(ID);
-- 9 +/- SELECT COUNT(*) FROM PUBLIC.DELEGATIONS;
INSERT INTO PUBLIC.DELEGATIONS(ID, CREATED_AT, UPDATED_AT, REQUESTED_DELEGATION_AT, TRANSITIVE, AREA_ID, FROM_USER_ID, REQUESTED_DELEGATION_FROM_CHECKSUM_CHECKSUM, TO_PROXY_ID) VALUES
(228, TIMESTAMP '2019-11-08 09:19:18.693', TIMESTAMP '2019-11-08 09:19:18.693', NULL, TRUE, 22, 2, NULL, 1),
(229, TIMESTAMP '2019-11-08 09:19:19.294', TIMESTAMP '2019-11-08 09:19:19.294', NULL, TRUE, 22, 3, NULL, 1),
(230, TIMESTAMP '2019-11-08 09:19:19.899', TIMESTAMP '2019-11-08 09:19:19.899', NULL, TRUE, 22, 4, NULL, 1),
(231, TIMESTAMP '2019-11-08 09:19:20.355', TIMESTAMP '2019-11-08 09:19:20.355', TIMESTAMP '2019-11-08 09:19:20.354', TRUE, 22, 5, '$2a$10$1IdrGrRAN2Wp3U7QI.JIzuNX3Ud6yFocoawh8dxtXS6Xinvh2wN8O', 2),
(232, TIMESTAMP '2019-11-08 09:19:20.954', TIMESTAMP '2019-11-08 09:19:20.954', NULL, TRUE, 22, 6, NULL, 3),
(233, TIMESTAMP '2019-11-08 09:19:21.553', TIMESTAMP '2019-11-08 09:19:21.553', NULL, TRUE, 22, 7, NULL, 4),
(234, TIMESTAMP '2019-11-08 09:19:22.148', TIMESTAMP '2019-11-08 09:19:22.148', NULL, TRUE, 22, 10, NULL, 7),
(235, TIMESTAMP '2019-11-08 09:19:22.742', TIMESTAMP '2019-11-08 09:19:22.742', NULL, TRUE, 22, 11, NULL, 7),
(236, TIMESTAMP '2019-11-08 09:19:23.341', TIMESTAMP '2019-11-08 09:19:23.341', NULL, FALSE, 22, 12, NULL, 7);
CREATE MEMORY TABLE PUBLIC.KEY_VALUE(
ID BIGINT NOT NULL,
KEY_COL VARCHAR(255) NOT NULL,
VALUE_COL VARCHAR(255)
);
ALTER TABLE PUBLIC.KEY_VALUE ADD CONSTRAINT PUBLIC.CONSTRAINT_7 PRIMARY KEY(ID);
-- 3 +/- SELECT COUNT(*) FROM PUBLIC.KEY_VALUE;
INSERT INTO PUBLIC.KEY_VALUE(ID, KEY_COL, VALUE_COL) VALUES
(33, 'liquido.supporters.for.proposal', '10'),
(241, 'liquido.days.until.voting.starts', '14'),
(242, 'liquido.duration.of.voting.phase', '14');
CREATE MEMORY TABLE PUBLIC.LAWS(
ID BIGINT NOT NULL,
CREATED_AT TIMESTAMP NOT NULL,
UPDATED_AT TIMESTAMP NOT NULL,
DESCRIPTION VARCHAR(1000) NOT NULL,
REACHED_QUORUM_AT TIMESTAMP,
STATUS INTEGER NOT NULL,
TITLE VARCHAR(255) NOT NULL,
AREA_ID BIGINT NOT NULL,
CREATED_BY_ID BIGINT,
POLL_ID BIGINT
);
ALTER TABLE PUBLIC.LAWS ADD CONSTRAINT PUBLIC.CONSTRAINT_23 PRIMARY KEY(ID);
-- 188 +/- SELECT COUNT(*) FROM PUBLIC.LAWS;
INSERT INTO PUBLIC.LAWS(ID, CREATED_AT, UPDATED_AT, DESCRIPTION, REACHED_QUORUM_AT, STATUS, TITLE, AREA_ID, CREATED_BY_ID, POLL_ID) VALUES
(32, TIMESTAMP '2019-11-07 09:19:15.044', TIMESTAMP '2019-11-08 09:19:15.045', '6Wbslekf Lorem ipsum dolor sit amet, consectetur adipiscing elit, sed do eiusmod tempor incididunt ut labore et dolore magna aliqua. Ut enim ad minim veniam, quis nostrud exercitation u', NULL, 0, 'Idea 0 title from TestFixtures', 22, 5, NULL),
(34, TIMESTAMP '2019-11-06 09:19:15.126', TIMESTAMP '2019-11-07 09:19:15.127', 'XX39uzmF Lorem ipsum dolor sit amet, consectetur adipiscing elit, sed do eiusmod tempor incididunt ut labore et dolore magna aliqua. Ut enim ad minim veniam, quis nostrud exercitation ullamco laboris nisi ut aliquip ex ea commodo consequat. Duis aute irure dolor in reprehenderit in voluptate velit esse cillum dolor', NULL, 0, 'Idea 1 that suggest that we definitely need a longer title for ideas', 23, 4, NULL),
(35, TIMESTAMP '2019-11-05 09:19:15.161', TIMESTAMP '2019-11-06 09:19:15.162', '9xnBYQl8 Lorem ipsum dolor sit amet, consectetur adipiscing elit, sed do eiusmod tempor incididunt ut labore et dolore magna aliqua. Ut enim ad minim veniam, quis nostrud exercitation ullamco laboris nisi ut aliquip ex ea commodo consequat. Duis aute irure dolor in reprehenderit in voluptate velit esse cillum dolore eu fugiat nulla pariatur. Excepteur sint occ', NULL, 0, 'Idea 2 that suggest that we definitely need a longer title for ideas', 24, 11, NULL),
(36, TIMESTAMP '2019-11-04 09:19:15.179', TIMESTAMP '2019-11-05 09:19:15.179', 'GBEtnTal Lorem ipsum dolor sit amet, consectetur adipiscing elit, sed do eiusmod tempor incididunt ut labore et dolore magna aliqua. Ut enim ad minim veniam, quis nostrud exercitation ullamco laboris nisi ut aliquip ex ea commodo consequat. Duis aute irure dolor in reprehenderit in voluptate velit esse cillum dolore eu fugiat nulla pari', NULL, 0, 'Idea 3 that suggest that we definitely need a longer title for ideas', 25, 5, NULL),
(37, TIMESTAMP '2019-11-03 09:19:15.192', TIMESTAMP '2019-11-04 09:19:15.192', 'KVzM3xv9 Lorem ipsum dolor sit amet, consectetur adipiscing elit, sed do eiusmod tempor incididunt ut labore et dolore magna aliqua. Ut enim ad minim veniam, quis nostrud exercitation ullamco laboris nisi ut aliquip ex ea commodo consequat. Duis aute irure ', NULL, 0, 'Idea 4 that suggest that we definitely need a longer title for ideas', 26, 14, NULL),
(38, TIMESTAMP '2019-11-02 09:19:15.225', TIMESTAMP '2019-11-03 09:19:15.225', 'ShpvaPos Lorem ipsum dolor sit amet, consectetur adipiscing elit, sed do eiusmod tempor incididunt ut labore et dolore magn', NULL, 0, 'Idea 5 that suggest that we definitely need a longer title for ideas', 27, 8, NULL),
(39, TIMESTAMP '2019-11-01 09:19:15.302', TIMESTAMP '2019-11-02 09:19:15.302', 'zsRGENkm Lorem ipsum dolor sit a', NULL, 0, 'Idea 6 that suggest that we definitely need a longer title for ideas', 28, 3, NULL),
(40, TIMESTAMP '2019-10-31 09:19:15.32', TIMESTAMP '2019-11-01 09:19:15.32', 'O6UmHrOs Lorem ipsum dolor sit amet, consectetur adipiscing elit, sed do eiusmod tempor incididunt ut labore et dolore magna aliqua. Ut enim ad minim veniam, quis nostrud exercitation ullamco laboris nisi ut aliquip ex ea commodo consequat. Duis aute irure dolor in reprehende', NULL, 0, 'Idea 7 that suggest that we definitely need a longer title for ideas', 29, 1, NULL),
(41, TIMESTAMP '2019-10-30 09:19:15.323', TIMESTAMP '2019-10-31 09:19:15.323', 'PUdne4Dx Lorem ipsum dolor sit amet, consectetur adipiscing elit, sed do eiusmod tempor incididunt ut labore et dolore magna aliqua. Ut enim ad minim veniam, quis nostrud exercitation ullamco laboris nisi ut aliquip ex ea commodo consequat. Duis aute irure dolor in re', NULL, 0, 'Idea 8 that suggest that we definitely need a longer title for ideas', 30, 19, NULL),
(42, TIMESTAMP '2019-10-29 09:19:15.357', TIMESTAMP '2019-10-30 09:19:15.357', 'wvmnsCR4 Lorem ipsum dolor sit amet, consectetur adipiscing elit, sed do eiusmod tempor incididunt', NULL, 0, 'Idea 9 that suggest that we definitely need a longer title for ideas', 31, 17, NULL);
INSERT INTO PUBLIC.LAWS(ID, CREATED_AT, UPDATED_AT, DESCRIPTION, REACHED_QUORUM_AT, STATUS, TITLE, AREA_ID, CREATED_BY_ID, POLL_ID) VALUES
(43, TIMESTAMP '2019-10-28 09:19:15.369', TIMESTAMP '2019-10-29 09:19:15.369', 'NCCdqwVC Lorem ipsum ', NULL, 0, 'Idea 10 that suggest that we definitely need a longer title for ideas', 22, 17, NULL),
(44, TIMESTAMP '2019-10-27 09:19:15.394', TIMESTAMP '2019-10-28 09:19:15.394', 'EnYuSu5h Lorem ipsum dolor sit amet, consectetur adipiscing elit, sed do eiusmod tempor incididunt ut labore et dolore magna aliqua. Ut enim ad minim veniam, quis nostrud exercitation ullamco laboris nisi ut aliquip ex ea commodo consequat. Duis aute irure dolor in reprehenderit in voluptate velit esse cillum dolore eu fugiat nulla pariatur. Excepteur sint occaecat cupidatat non proident, sunt in cul', NULL, 0, 'Idea 11 that suggest that we definitely need a longer title for ideas', 23, 11, NULL),
(45, TIMESTAMP '2019-10-26 09:19:15.403', TIMESTAMP '2019-10-27 09:19:15.414', 'Nhat4sOZ Lorem ipsum dolor sit amet, consectetur adipiscing elit, sed do eiusmod tempor incididunt ut labore et dolore magna aliqua. Ut enim ad minim veniam, quis nostrud exercitation ullamco laboris nisi ut aliquip ex ea commodo consequat', NULL, 0, 'Idea 12 that suggest that we definitely need a longer title for ideas', 24, 12, NULL),
(46, TIMESTAMP '2019-10-25 09:19:15.463', TIMESTAMP '2019-10-26 09:19:15.464', 'kTMFymbB Lorem ipsum dolor sit amet, consectetur adipiscing elit, sed do eiusmod tempor incididunt ut labore et dolore magna aliqua. Ut enim ad minim veniam, quis nostrud exercitation ullamco laboris nisi ut aliquip ex ea commodo consequat. Duis aute irure dolor in reprehenderit i', NULL, 0, 'Idea 13 that suggest that we definitely need a longer title for ideas', 25, 15, NULL),
(47, TIMESTAMP '2019-10-24 09:19:15.527', TIMESTAMP '2019-10-25 09:19:15.527', 'zKxenucy Lorem ipsum dolor sit amet, consectetur adipiscing elit, sed do eiusmod tempor incididunt ut labore et dolore magna aliqua. Ut enim ad minim veniam, quis nostrud exercitation ullamco laboris nisi ut aliquip ex ea commodo consequat. Duis aute irure dolor in reprehenderit in voluptate velit esse cillum dolore eu fugiat nulla pariatur. Excepteur sint occaecat cupidatat non', NULL, 0, 'Idea 14 that suggest that we definitely need a longer title for ideas', 26, 12, NULL),
(48, TIMESTAMP '2019-10-23 09:19:15.546', TIMESTAMP '2019-10-24 09:19:15.548', 'XrNGVGpg Lorem ipsum dolor sit amet, consectetur adipiscing elit, sed do eiusmod tempor incididunt ut labore et dolore magna aliqua. Ut enim ad minim veniam, quis nostrud exercitation ullamco laboris nisi ut aliquip ex ea commodo consequat. Duis aute irure dolor in reprehenderit in voluptate velit ess', NULL, 0, 'Idea 15 that suggest that we definitely need a longer title for ideas', 27, 10, NULL),
(49, TIMESTAMP '2019-10-22 09:19:15.568', TIMESTAMP '2019-10-23 09:19:15.569', 'E7FhsQBl Lorem ipsum dolor sit amet, consectetur adipiscing elit, sed do eiusmod tempor incididunt ut labore et dolore magna aliqua. Ut enim ad minim veniam, quis nostrud exercitation ullamco laboris nisi ut aliquip ex ea commodo consequat. Duis aute irure dolor in reprehenderit in voluptate velit es', NULL, 0, 'Idea 16 that suggest that we definitely need a longer title for ideas', 28, 16, NULL),
(50, TIMESTAMP '2019-10-21 09:19:15.58', TIMESTAMP '2019-10-22 09:19:15.58', 'qDAzU8mk Lorem ipsum dolo', NULL, 0, 'Idea 17 that suggest that we definitely need a longer title for ideas', 29, 11, NULL),
(51, TIMESTAMP '2019-10-20 09:19:15.592', TIMESTAMP '2019-10-21 09:19:15.598', 'WKw2ZWZw Lorem ipsum dolor sit amet, consectetur adipiscing elit, sed do eiusmod tempor incididunt ut labore et dolore magna aliqua. Ut ', NULL, 0, 'Idea 18 that suggest that we definitely need a longer title for ideas', 30, 2, NULL),
(52, TIMESTAMP '2019-10-19 09:19:15.61', TIMESTAMP '2019-10-20 09:19:15.611', 'oLaFKuot Lorem ipsum dolor sit amet, consectetur adipisci', NULL, 0, 'Idea 19 that suggest that we definitely need a longer title for ideas', 31, 15, NULL),
(53, TIMESTAMP '2019-10-18 09:19:15.617', TIMESTAMP '2019-10-19 09:19:15.617', 'BosoXRdO Lorem ipsum', NULL, 0, 'Idea 20 that suggest that we definitely need a longer title for ideas', 22, 7, NULL);
INSERT INTO PUBLIC.LAWS(ID, CREATED_AT, UPDATED_AT, DESCRIPTION, REACHED_QUORUM_AT, STATUS, TITLE, AREA_ID, CREATED_BY_ID, POLL_ID) VALUES
(54, TIMESTAMP '2019-10-17 09:19:15.632', TIMESTAMP '2019-10-18 09:19:15.632', 'ADMXRS88 Lorem ipsum dolor sit amet, consectetur adipiscing elit, sed do eiusmod tempor incididunt ut labore et dolore magna aliqua. Ut enim ad minim veniam, quis nostrud exercitation ullamco laboris nisi ut aliquip ex ea commodo consequat. Duis aute irure dolor in reprehenderit in voluptate velit esse cillum dolore eu fugiat nulla pariatur. Excepteur sint occaecat cupidatat non proident, su', NULL, 0, 'Idea 21 that suggest that we definitely need a longer title for ideas', 23, 10, NULL),
(55, TIMESTAMP '2019-10-16 09:19:15.675', TIMESTAMP '2019-10-17 09:19:15.676', 'MEbDAXpw Lorem ipsum dolor sit amet, consectetur adipiscing elit, sed do eiusmod tempor incididunt ut labore et dolore magna aliqua. Ut enim ad minim veniam, quis nostrud exercitation ullamco laboris nisi ut aliquip ex ea commodo consequat. Duis aute irure dolor in reprehenderit in voluptate velit esse cillum do', NULL, 0, 'Idea 22 that suggest that we definitely need a longer title for ideas', 24, 8, NULL),
(56, TIMESTAMP '2019-10-15 09:19:15.705', TIMESTAMP '2019-10-16 09:19:15.705', 'pdmdtUFh Lorem ipsum dolor sit amet, consectetur adipiscing elit, sed do eiusmod tempor incididunt ut labore et dolore magna aliqua. Ut enim ad minim veniam, quis nostrud exercitation ullamco laboris nisi ut aliquip ex ea commodo consequat.', NULL, 0, 'Idea 23 that suggest that we definitely need a longer title for ideas', 25, 19, NULL),
(57, TIMESTAMP '2019-10-14 09:19:15.708', TIMESTAMP '2019-10-15 09:19:15.708', 'bnzlPyhW Lorem ipsum dolor sit amet, consectetur adipiscing elit, sed do eiusmod tempor incididunt ut labore et dolore magna aliqua. Ut enim ad minim veniam, quis nostrud exercitation ullamco laboris nisi ut aliquip ex ea commodo consequat. Duis aute irure dolor in reprehenderit in voluptate velit esse cillum dolore eu fugiat nulla pariatur. Excepteur sint occaecat cupidatat', NULL, 0, 'Idea 24 that suggest that we definitely need a longer title for ideas', 26, 2, NULL),
(58, TIMESTAMP '2019-10-13 09:19:15.719', TIMESTAMP '2019-10-14 09:19:15.719', 'dTaoEdz9 Lorem ipsum dolor sit amet, consectetur adipiscing elit, sed do eiusmod tempor incididunt ut labore et dolore magna aliqua. Ut enim a', NULL, 0, 'Idea 25 that suggest that we definitely need a longer title for ideas', 27, 12, NULL),
(59, TIMESTAMP '2019-10-12 09:19:15.739', TIMESTAMP '2019-10-13 09:19:15.739', 'qupP2l90 Lorem ipsum dolor sit amet, consectetur adipiscing elit, sed do eiusmod tempor incididunt ut labore et dolore magna aliqua. Ut enim ad minim veniam, quis nostrud exercitation ullamco laboris nisi ut aliquip ex ea commodo c', NULL, 0, 'Idea 26 that suggest that we definitely need a longer title for ideas', 28, 2, NULL),
(60, TIMESTAMP '2019-10-11 09:19:15.753', TIMESTAMP '2019-10-12 09:19:15.753', 'GFVoY5be Lorem ipsum dolor sit amet, consectetur adipiscing elit, sed do eiusmod tempor incididunt ut labore et dolore magna aliqua. Ut enim ad mi', NULL, 0, 'Idea 27 that suggest that we definitely need a longer title for ideas', 29, 1, NULL),
(61, TIMESTAMP '2019-10-10 09:19:15.755', TIMESTAMP '2019-10-11 09:19:15.755', 'T2WRzpTD Lorem ipsum dolor sit amet, consectetur adipiscing elit, sed do eiusmod tempor incididunt ut labore et dolore magna aliqua. Ut enim ad minim veniam, quis nostrud exercitation ullamco laboris nisi ut aliquip ex ea commodo consequat. Duis aute irure dolor in reprehenderit in voluptate velit esse cillum dolore eu fugiat nulla pariatur. E', NULL, 0, 'Idea 28 that suggest that we definitely need a longer title for ideas', 30, 18, NULL),
(62, TIMESTAMP '2019-10-09 09:19:15.761', TIMESTAMP '2019-10-10 09:19:15.761', 'HMeKGUVl Lorem ipsum dolor sit amet, consectetur adipiscing elit, sed do', NULL, 0, 'Idea 29 that suggest that we definitely need a longer title for ideas', 31, 11, NULL),
(63, TIMESTAMP '2019-10-08 09:19:15.772', TIMESTAMP '2019-10-09 09:19:15.773', 'nmeQeHRv Lorem ipsum dolor sit amet, consectetur adipiscing elit, sed do eiusmod tempor incididunt ut labore', NULL, 0, 'Idea 30 that suggest that we definitely need a longer title for ideas', 22, 6, NULL);
INSERT INTO PUBLIC.LAWS(ID, CREATED_AT, UPDATED_AT, DESCRIPTION, REACHED_QUORUM_AT, STATUS, TITLE, AREA_ID, CREATED_BY_ID, POLL_ID) VALUES
(64, TIMESTAMP '2019-10-07 09:19:15.776', TIMESTAMP '2019-10-08 09:19:15.777', 'bXrlWL4Z Lorem ips', NULL, 0, 'Idea 31 that suggest that we definitely need a longer title for ideas', 23, 20, NULL),
(65, TIMESTAMP '2019-10-06 09:19:15.785', TIMESTAMP '2019-10-07 09:19:15.785', 'KafYl6XS Lorem ipsum dolor sit amet,', NULL, 0, 'Idea 32 that suggest that we definitely need a longer title for ideas', 24, 17, NULL),
(66, TIMESTAMP '2019-10-05 09:19:15.798', TIMESTAMP '2019-10-06 09:19:15.798', 'AG7E2Wcv Lorem ipsum dolor sit amet, consectetur adipiscing elit, sed do eiusmod tempor incididunt ut labore et dolore magna al', NULL, 0, 'Idea 33 that suggest that we definitely need a longer title for ideas', 25, 11, NULL),
(67, TIMESTAMP '2019-10-04 09:19:15.805', TIMESTAMP '2019-10-05 09:19:15.805', '6VYQMD04 Lorem ipsum dolor sit amet, consectetur adipiscing elit, sed do eiusmod tempor incididunt ut labore et dolore magna aliqua. Ut enim ad minim veniam, quis nostrud exercitation ullamco laboris nisi ut aliquip ex ea co', NULL, 0, 'Idea 34 that suggest that we definitely need a longer title for ideas', 26, 19, NULL),
(68, TIMESTAMP '2019-10-03 09:19:15.81', TIMESTAMP '2019-10-04 09:19:15.81', 'Cr72w7rh Lorem ipsum dolor sit amet, consectetur adipiscing elit, sed do eiusmod tempor incididunt ut labore et dolore magna aliqua. Ut enim ad minim veniam, ', NULL, 0, 'Idea 35 that suggest that we definitely need a longer title for ideas', 27, 9, NULL),
(69, TIMESTAMP '2019-10-02 09:19:15.825', TIMESTAMP '2019-10-03 09:19:15.826', '4tCo7OPo Lorem ipsum dolor sit amet, consectetur adipiscing elit, sed do eiusmod tempor incididunt ut labore et dolore magna aliqua. Ut enim ad minim veniam, quis nostrud exercitation ullamco laboris nisi ut', NULL, 0, 'Idea 36 that suggest that we definitely need a longer title for ideas', 28, 20, NULL),
(70, TIMESTAMP '2019-10-01 09:19:15.847', TIMESTAMP '2019-10-02 09:19:15.847', 'W7PHtCww Lorem ipsum dolor sit amet, consectetur adipiscing elit, sed do eiusmod tempor incididunt ut labore et dolore magna aliqua. Ut enim ad minim veniam, quis n', NULL, 0, 'Idea 37 that suggest that we definitely need a longer title for ideas', 29, 19, NULL),
(71, TIMESTAMP '2019-09-30 09:19:15.859', TIMESTAMP '2019-10-01 09:19:15.863', 'KgbfFPVg Lorem ipsum dolor sit amet, consectetur adipisci', NULL, 0, 'Idea 38 that suggest that we definitely need a longer title for ideas', 30, 14, NULL),
(72, TIMESTAMP '2019-09-29 09:19:15.866', TIMESTAMP '2019-09-30 09:19:15.867', 'Hz9nHPNC Lorem ipsum dolor sit amet, consectetur adipiscing elit, sed do eiusmod tempor incididunt ut labore et dolore magna aliqua. Ut eni', NULL, 0, 'Idea 39 that suggest that we definitely need a longer title for ideas', 31, 17, NULL),
(73, TIMESTAMP '2019-09-28 09:19:15.901', TIMESTAMP '2019-09-29 09:19:15.901', 'fYgNFbkn Lorem ipsum dolor sit amet, consectetur adipiscing elit, sed do eiusmod tempor incididunt ut labore et dolore magna aliqua. Ut enim ad minim veniam, quis nostrud exercitation ullamco laboris nisi ', NULL, 0, 'Idea 40 that suggest that we definitely need a longer title for ideas', 22, 10, NULL),
(74, TIMESTAMP '2019-09-27 09:19:15.926', TIMESTAMP '2019-09-28 09:19:15.926', 'HxarQGW4 Lo', NULL, 0, 'Idea 41 that suggest that we definitely need a longer title for ideas', 23, 14, NULL),
(75, TIMESTAMP '2019-09-26 09:19:15.956', TIMESTAMP '2019-09-27 09:19:15.957', 'xv6BQKcx Lorem ipsum dolor sit amet, consectetur adipiscing elit, sed do eiusmod tempor incididunt ut labore et dolore magna aliqua. Ut enim ad minim veniam, quis nostrud exercitation ullamco laboris nisi ut aliquip ex ea commodo con', NULL, 0, 'Idea 42 that suggest that we definitely need a longer title for ideas', 24, 18, NULL),
(76, TIMESTAMP '2019-09-25 09:19:15.963', TIMESTAMP '2019-09-26 09:19:15.963', '8ZlSxk79 Lorem ipsum dolor sit amet, consectetur adipiscing elit, sed do eiusmod tempor incididunt ut labore et dolore magna ali', NULL, 0, 'Idea 43 that suggest that we definitely need a longer title for ideas', 25, 7, NULL);
INSERT INTO PUBLIC.LAWS(ID, CREATED_AT, UPDATED_AT, DESCRIPTION, REACHED_QUORUM_AT, STATUS, TITLE, AREA_ID, CREATED_BY_ID, POLL_ID) VALUES
(77, TIMESTAMP '2019-09-24 09:19:15.969', TIMESTAMP '2019-09-25 09:19:15.969', 'mfWZ3GM0 Lorem ipsum dolor sit amet, consectetur adipiscing elit, sed do eiusmod tempor incididunt ut labore et dolore magna aliqua', NULL, 0, 'Idea 44 that suggest that we definitely need a longer title for ideas', 26, 7, NULL),
(78, TIMESTAMP '2019-09-23 09:19:15.978', TIMESTAMP '2019-09-24 09:19:15.978', '77Z52tbH Lorem ipsum dolor sit amet, consectetur adipiscing elit, sed do eiusmod tempor incididunt ut labore et dolore magna aliqua. Ut enim ad minim veniam, quis nostrud exercitation ullamco laboris nisi ut aliquip ex ea commodo consequat. Duis aute irure dolor in reprehenderit in vol', NULL, 0, 'Idea 45 that suggest that we definitely need a longer title for ideas', 27, 4, NULL),
(79, TIMESTAMP '2019-09-22 09:19:15.98', TIMESTAMP '2019-09-23 09:19:15.98', 'KE6nYRCx Lorem ipsum dolor sit amet, consectetur adipiscing elit, sed do eiusmod tempor incididunt ut labore et dolore magna aliqua. Ut enim', NULL, 0, 'Idea 46 that suggest that we definitely need a longer title for ideas', 28, 8, NULL),
(80, TIMESTAMP '2019-09-21 09:19:15.983', TIMESTAMP '2019-09-22 09:19:15.983', 'V2u6ZUKr Lorem ipsum dolor sit amet, co', NULL, 0, 'Idea 47 that suggest that we definitely need a longer title for ideas', 29, 17, NULL),
(81, TIMESTAMP '2019-09-20 09:19:15.987', TIMESTAMP '2019-09-21 09:19:15.987', 'zK0bOZg5 Lorem ipsum dolor sit amet, consectetur adipiscing elit, sed do eiusmod tempor incididunt ut labore et dolore magna aliqua. Ut enim ad minim veniam, quis nostrud exercitation ullamco laboris nisi ut aliquip ex ea commodo consequat. Duis aute irure dolor in repr', NULL, 0, 'Idea 48 that suggest that we definitely need a longer title for ideas', 30, 11, NULL),
(82, TIMESTAMP '2019-09-19 09:19:16.003', TIMESTAMP '2019-09-20 09:19:16.004', 'xgr0Pzo9 Lorem ipsum dolor sit amet, consectetur adipiscing elit, sed do eiusmod tempor incididunt ut labore et dolore magna aliqua. Ut enim ad minim veniam, quis nostrud exercitation ullamco laboris nisi ut aliquip ex ea commodo consequat. Duis aute irure dolor in reprehende', NULL, 0, 'Idea 49 that suggest that we definitely need a longer title for ideas', 31, 6, NULL),
(83, TIMESTAMP '2019-09-18 09:19:16.016', TIMESTAMP '2019-09-19 09:19:16.016', 'cO0owXGn Lorem ipsum dolor sit amet, consectetur adipiscing elit, sed do eiusmod tempor incididunt ut labore et dolore magna aliqua. Ut enim ad minim veniam, quis nostrud exercitation ullamco laboris nisi ut aliquip ex ea commodo', NULL, 0, 'Idea 50 that suggest that we definitely need a longer title for ideas', 22, 1, NULL),
(84, TIMESTAMP '2019-09-17 09:19:16.026', TIMESTAMP '2019-09-18 09:19:16.027', 'X5nsCw8l Lorem ipsum dolor sit amet, consectetur adipiscing elit, sed do eiusmod tempor incididunt ut labore et dolore magna', NULL, 0, 'Idea 51 that suggest that we definitely need a longer title for ideas', 23, 17, NULL),
(85, TIMESTAMP '2019-09-16 09:19:16.03', TIMESTAMP '2019-09-17 09:19:16.03', 'DC9r37a4 Lorem ipsum dolor sit amet, cons', NULL, 0, 'Idea 52 that suggest that we definitely need a longer title for ideas', 24, 15, NULL),
(86, TIMESTAMP '2019-09-15 09:19:16.045', TIMESTAMP '2019-09-16 09:19:16.045', '3HZOAu9d Lorem ipsum dolor sit amet, consectetur adipiscing elit, sed do eiusmod tempor incididunt ut labore et dolore magna aliqua. Ut enim ad minim veniam, quis nostrud exercitation ullamco laboris nisi ut aliquip ex ea commodo consequat. Duis aute irure dolor in reprehenderit in voluptate velit esse cillum dolore eu fugiat nulla pariatur. Excepteur sint occaecat cupidata', NULL, 0, 'Idea 53 that suggest that we definitely need a longer title for ideas', 25, 1, NULL),
(87, TIMESTAMP '2019-09-14 09:19:16.047', TIMESTAMP '2019-09-15 09:19:16.048', 'NNRQrKCW Lorem ipsum dolor sit amet, consectetur adipiscing elit, sed do eius', NULL, 0, 'Idea 54 that suggest that we definitely need a longer title for ideas', 26, 10, NULL),
(88, TIMESTAMP '2019-09-13 09:19:16.064', TIMESTAMP '2019-09-14 09:19:16.064', 'yWcccqVL Lorem ipsum dolor sit amet, consectetur adipiscing elit, sed do eiusmod tempor incididunt u', NULL, 0, 'Idea 55 that suggest that we definitely need a longer title for ideas', 27, 7, NULL);
INSERT INTO PUBLIC.LAWS(ID, CREATED_AT, UPDATED_AT, DESCRIPTION, REACHED_QUORUM_AT, STATUS, TITLE, AREA_ID, CREATED_BY_ID, POLL_ID) VALUES
(89, TIMESTAMP '2019-09-12 09:19:16.066', TIMESTAMP '2019-09-13 09:19:16.066', '6dOmF4AM Lorem ipsum dolor sit amet, consectetur adipiscing elit, sed do eiusmod tempor incididunt ut labore et dolore magna aliqua. Ut enim ad minim veniam, quis nostrud exercitation ullamco laboris nisi ut aliquip ex ea commodo consequat. Duis aute irure dolor in reprehenderit ', NULL, 0, 'Idea 56 that suggest that we definitely need a longer title for ideas', 28, 17, NULL),
(90, TIMESTAMP '2019-09-11 09:19:16.069', TIMESTAMP '2019-09-12 09:19:16.07', 'xuCfWEmR Lorem ipsum dolor sit amet, consectetur adipiscing elit, sed do eiusmod tempor incididunt ut labore et dolore magna aliqua. Ut enim ad minim veniam, quis nostrud exercitation ullamco laboris nisi ut aliquip ex ea commodo consequat. Duis aute irure dolor in reprehenderit in voluptate velit es', NULL, 0, 'Idea 57 that suggest that we definitely need a longer title for ideas', 29, 13, NULL),
(91, TIMESTAMP '2019-09-10 09:19:16.079', TIMESTAMP '2019-09-11 09:19:16.085', '6hyD3UB0 Lorem ipsum dolor sit amet, consectetur adipiscing elit, sed do eiusmod tempor incididunt ut labore et dolore magna aliqua. Ut enim ad minim veniam, quis nostrud exercitation ullamco laboris nisi ut aliquip ex ea commodo consequat. Duis aute irur', NULL, 0, 'Idea 58 that suggest that we definitely need a longer title for ideas', 30, 5, NULL),
(92, TIMESTAMP '2019-09-09 09:19:16.091', TIMESTAMP '2019-09-10 09:19:16.091', 'tQK9vtzk Lorem ipsum dolor sit amet, consectetur adipiscing elit, sed do eiusmod tempor incididunt ut labore et dolore ', NULL, 0, 'Idea 59 that suggest that we definitely need a longer title for ideas', 31, 14, NULL),
(93, TIMESTAMP '2019-09-08 09:19:16.101', TIMESTAMP '2019-09-09 09:19:16.101', 'SEXV3fP2 Lorem ipsum dolor sit amet, consectetur adipiscing elit, sed do eiusmod tempor incididunt ut labore et dolore magna aliqua. Ut enim ad minim veniam, quis nostrud exercitation ullamco laboris nisi ut aliquip ex ea commodo consequat. Duis aute irure dolor in reprehenderit in voluptate velit esse cillum dolore eu fugiat nulla pariat', NULL, 0, 'Idea 60 that suggest that we definitely need a longer title for ideas', 22, 4, NULL),
(94, TIMESTAMP '2019-09-07 09:19:16.115', TIMESTAMP '2019-09-08 09:19:16.115', 'PA4XNogN Lorem ipsum dolor sit amet, consectetur adipis', NULL, 0, 'Idea 61 that suggest that we definitely need a longer title for ideas', 23, 15, NULL),
(95, TIMESTAMP '2019-09-06 09:19:16.145', TIMESTAMP '2019-09-07 09:19:16.145', 'd6u3DxQv Lorem ipsum dolor sit amet, consectetur adipiscing elit, sed do eiusmod tempor incididunt ut labore et dolore magna aliqua. Ut enim ad minim veniam, quis nostrud exercitation ullamco laboris nisi ut aliquip ex ea commodo consequat. Duis aute irure dolor in reprehenderit in voluptate velit esse cillum dolore eu fugiat nulla pariatur. Excepteur sint occaecat cupidatat non proident, sun', NULL, 0, 'Idea 62 that suggest that we definitely need a longer title for ideas', 24, 17, NULL),
(96, TIMESTAMP '2019-09-05 09:19:16.149', TIMESTAMP '2019-09-06 09:19:16.15', '2olcgzw0 Lorem ipsum dolor sit amet, consectetur adipiscing elit, sed do eiusmod tempor incididunt ut labore et dolore magna aliqua. Ut enim ad minim veniam, quis nostrud exercitation ullamco laboris nisi ut a', NULL, 0, 'Idea 63 that suggest that we definitely need a longer title for ideas', 25, 10, NULL),
(97, TIMESTAMP '2019-09-04 09:19:16.158', TIMESTAMP '2019-09-05 09:19:16.158', 'AWOokSc4 Lorem ipsum dolor sit amet, consectetur adipiscing elit, sed do eiusmod tempor incididunt ut labore et dolore ma', NULL, 0, 'Idea 64 that suggest that we definitely need a longer title for ideas', 26, 19, NULL),
(98, TIMESTAMP '2019-09-03 09:19:16.161', TIMESTAMP '2019-09-04 09:19:16.161', 'fAVGeULy Lorem ipsum dolor sit amet, consectetur adipiscing elit, sed do eiusmod tempor incididunt ut labore et dolore magna aliqua. Ut enim ad minim veniam, quis nostrud exercitation ullamco laboris nisi ut aliquip ex ea commodo consequat. Duis aute irure dolor in reprehenderit in voluptate velit esse cillum dolore eu fugiat nulla pariatur. Excepteur sint occaec', NULL, 0, 'Idea 65 that suggest that we definitely need a longer title for ideas', 27, 6, NULL);
INSERT INTO PUBLIC.LAWS(ID, CREATED_AT, UPDATED_AT, DESCRIPTION, REACHED_QUORUM_AT, STATUS, TITLE, AREA_ID, CREATED_BY_ID, POLL_ID) VALUES
(99, TIMESTAMP '2019-09-02 09:19:16.17', TIMESTAMP '2019-09-03 09:19:16.17', 'V2NRCeZu Lorem ipsum dolor sit amet, consectetur adipiscing ', NULL, 0, 'Idea 66 that suggest that we definitely need a longer title for ideas', 28, 13, NULL),
(100, TIMESTAMP '2019-09-01 09:19:16.176', TIMESTAMP '2019-09-02 09:19:16.176', 'PkSpzN9X Lorem ipsum dolor sit amet, consectetur adipiscing elit, sed do eiusmod tempor incididunt ut labore et dolore magna aliqua. Ut enim ad minim veniam, quis nostrud exercitation ullamco laboris nisi ut aliquip ex ea commodo consequat. Duis aute irure dolor in reprehenderit in voluptate velit esse cillum dolore eu fugiat nulla pariatur. Excepteur sint occaecat cupidatat non proident, sun', NULL, 0, 'Idea 67 that suggest that we definitely need a longer title for ideas', 29, 8, NULL),
(101, TIMESTAMP '2019-08-31 09:19:16.188', TIMESTAMP '2019-09-01 09:19:16.188', 'OvfZOoOC Lorem ipsum dolor sit amet, consectetur adipiscing elit, sed do eiusmod tempor inc', NULL, 0, 'Idea 68 that suggest that we definitely need a longer title for ideas', 30, 15, NULL),
(102, TIMESTAMP '2019-08-30 09:19:16.199', TIMESTAMP '2019-08-31 09:19:16.199', '8kSysKZk Lorem ipsum dolor sit amet, consectetur a', NULL, 0, 'Idea 69 that suggest that we definitely need a longer title for ideas', 31, 19, NULL),
(103, TIMESTAMP '2019-08-29 09:19:16.212', TIMESTAMP '2019-08-30 09:19:16.212', 'd0AaGErD Lorem ipsum dolor sit amet, consectetur adipiscing elit, sed do eiusmod tempor incididunt ut labore et dolore magna aliqua. Ut enim ad minim veniam, quis nostrud exercitation ullamco laboris nisi ut aliquip ex ea commodo consequat. Duis aute irure', NULL, 0, 'Idea 70 that suggest that we definitely need a longer title for ideas', 22, 2, NULL),
(104, TIMESTAMP '2019-08-28 09:19:16.222', TIMESTAMP '2019-08-29 09:19:16.222', '4MVBflqE Lorem ipsum dolor sit amet, consectetur adipiscing elit, sed do eiusmod tempor incididunt ut labore et dolore magna aliqua. Ut enim ad minim veniam, quis nostrud exercitation ullamco laboris nisi ut aliquip ex ea commodo consequat. Duis aute irure dolor in reprehenderit in voluptate velit esse cillum dolore eu fugiat nulla pariatur. Excepteur sint occaecat cupidatat non p', NULL, 0, 'Idea 71 that suggest that we definitely need a longer title for ideas', 23, 6, NULL),
(105, TIMESTAMP '2019-08-27 09:19:16.234', TIMESTAMP '2019-08-28 09:19:16.234', 'hqN6A8Eu Lorem ipsum dolor sit amet, consectetur adipiscing elit, sed do eiusmod tempor incididunt ut labore et dolore magna aliqua. Ut enim ad minim veniam, quis nostrud exercitation ullamco laboris nisi ut aliquip ex ea commodo consequat. Duis aute irure dolor in reprehenderit in voluptate velit esse cillum dolore eu fugiat nulla pariatur. Excepteur sint oc', NULL, 0, 'Idea 72 that suggest that we definitely need a longer title for ideas', 24, 20, NULL),
(106, TIMESTAMP '2019-08-26 09:19:16.245', TIMESTAMP '2019-08-27 09:19:16.245', 'DEnTch9z Lorem ipsum dolor sit amet, consectetur adipiscing elit, sed do eiusmod tempor incididunt ut labore et dolore magna aliqua. Ut enim ad minim venia', NULL, 0, 'Idea 73 that suggest that we definitely need a longer title for ideas', 25, 15, NULL),
(107, TIMESTAMP '2019-08-25 09:19:16.261', TIMESTAMP '2019-08-26 09:19:16.261', 'OXMh2T9B Lorem ipsum dolor sit amet, consectetur adipiscing elit, sed do eiusmod tempor incididunt ut labore et dolore magna aliqua. Ut enim', NULL, 0, 'Idea 74 that suggest that we definitely need a longer title for ideas', 26, 11, NULL),
(108, TIMESTAMP '2019-08-24 09:19:16.269', TIMESTAMP '2019-08-25 09:19:16.269', 'R28pnZEM Lorem ipsum dolor sit amet, consectetur adipiscing elit, sed do eiusmod tempor incididunt ut labore et dolore magna aliqua. Ut enim ad minim veniam, quis nostrud exercitation ullamco laboris nisi ut aliquip ex ea commodo consequat. Duis aute irure', NULL, 0, 'Idea 75 that suggest that we definitely need a longer title for ideas', 27, 17, NULL),
(109, TIMESTAMP '2019-08-23 09:19:16.28', TIMESTAMP '2019-08-24 09:19:16.28', 'KkyVDnPL Lorem ipsum dolor sit amet, consectetur adipiscing elit, sed do eiusmod tempor incididunt ut labore et dolore magna aliqua', NULL, 0, 'Idea 76 that suggest that we definitely need a longer title for ideas', 28, 15, NULL);
INSERT INTO PUBLIC.LAWS(ID, CREATED_AT, UPDATED_AT, DESCRIPTION, REACHED_QUORUM_AT, STATUS, TITLE, AREA_ID, CREATED_BY_ID, POLL_ID) VALUES
(110, TIMESTAMP '2019-08-22 09:19:16.288', TIMESTAMP '2019-08-23 09:19:16.288', 'Db3MKdo6 Lorem ipsum dolor sit amet, consectetur adipiscing elit, sed do eiusmod tempor incididunt ut labore et dolore magna aliqua. Ut enim ad minim veniam, quis nostrud exercitation ullamco laboris nisi ut aliquip ex ea commodo consequat. Duis aute irure dolor in reprehenderit in voluptate velit esse cillum dolore eu f', NULL, 0, 'Idea 77 that suggest that we definitely need a longer title for ideas', 29, 4, NULL),
(111, TIMESTAMP '2019-08-21 09:19:16.296', TIMESTAMP '2019-08-22 09:19:16.297', 'ZuC08l2N Lorem ipsum dolor sit amet, consectetur adipiscing elit, sed do eiusmod tempor incididunt ut labore et dolore magna aliqua. Ut enim ad minim veniam, quis nostrud exercit', NULL, 0, 'Idea 78 that suggest that we definitely need a longer title for ideas', 30, 1, NULL),
(112, TIMESTAMP '2019-08-20 09:19:16.306', TIMESTAMP '2019-08-21 09:19:16.307', 'GnC6E0by Lorem ipsum dolor sit amet, consectetur adipiscing elit, sed do eiusmod tempor incididunt ut labore et dolore magna aliqua. Ut enim ad ', NULL, 0, 'Idea 79 that suggest that we definitely need a longer title for ideas', 31, 9, NULL),
(113, TIMESTAMP '2019-08-19 09:19:16.316', TIMESTAMP '2019-08-20 09:19:16.317', 'VSyvY7dn Lorem ipsum dolor sit amet, consectetur adipiscing elit, sed do eiusmod tempor incididunt ut labore et dolore magna aliqua. Ut enim ad minim veniam, quis nostrud exercitation ullamco laboris nisi ut aliquip ex ea commodo consequat. Duis aute irure dolor in reprehenderit in voluptate velit esse cillum dolore eu fugiat nulla pariatur. Excepteur sint occaecat cupidatat non proident, sunt in culpa q', NULL, 0, 'Idea 80 that suggest that we definitely need a longer title for ideas', 22, 1, NULL),
(114, TIMESTAMP '2019-08-18 09:19:16.325', TIMESTAMP '2019-08-19 09:19:16.325', 'Ad0XAcWE Lorem ipsum dolor sit amet, consectetur adipiscing elit, sed do eiusmod tempor incididunt ut labore et dolore magna ali', NULL, 0, 'Idea 81 that suggest that we definitely need a longer title for ideas', 23, 19, NULL),
(115, TIMESTAMP '2019-08-17 09:19:16.327', TIMESTAMP '2019-08-18 09:19:16.327', 'y75b22ya Lorem ipsum dolor sit amet, consectetur adipiscing elit, sed do eiusmod tempor incididunt ut labore et dolore magna aliqua. Ut enim ad minim veniam, quis nostrud exercitation ullamco laboris nisi ut aliquip ex ea commodo consequat. Duis au', NULL, 0, 'Idea 82 that suggest that we definitely need a longer title for ideas', 24, 13, NULL),
(116, TIMESTAMP '2019-08-16 09:19:16.333', TIMESTAMP '2019-08-17 09:19:16.333', 'TuZ0QdGt Lorem ipsum dolor sit amet, consectetur adipiscing elit, sed do eiusmod tempor incididunt ut labore et dolore magna aliqua. Ut enim ad minim veniam, quis nostrud exercitation ullamco laboris nisi ut aliquip ex ea commodo consequat. Duis aute irure dolor in reprehenderit in voluptate velit esse cill', NULL, 0, 'Idea 83 that suggest that we definitely need a longer title for ideas', 25, 13, NULL),
(117, TIMESTAMP '2019-08-15 09:19:16.34', TIMESTAMP '2019-08-16 09:19:16.34', 'fkPzkbGk Lorem ipsum dolor sit amet, consectetur adipiscing elit, sed do eiusmod tempor incididunt ut labore et dolore magna aliqua. Ut enim ad minim veniam, quis nostrud exercitation ullamco laboris nisi ut aliquip ex ea commodo consequat. Duis aute irure dolor in reprehenderit in ', NULL, 0, 'Idea 84 that suggest that we definitely need a longer title for ideas', 26, 12, NULL),
(118, TIMESTAMP '2019-08-14 09:19:16.35', TIMESTAMP '2019-08-15 09:19:16.35', 'WeU28DtO Lorem ipsum dolor sit amet, consectetur adipiscing elit, sed do eiusmod ', NULL, 0, 'Idea 85 that suggest that we definitely need a longer title for ideas', 27, 2, NULL),
(119, TIMESTAMP '2019-08-13 09:19:16.355', TIMESTAMP '2019-08-14 09:19:16.355', 'SFRg7xuR Lorem ipsum dolor sit amet, consectetur adipiscing elit, sed do eiusmod tempor incididunt ut labore et dolore magna aliqua. Ut enim ad minim veniam, quis nostrud exercitation ullamco laboris nisi ut aliquip ex ea commodo consequat. Duis aute irure dolor in reprehenderit in voluptate velit ess', NULL, 0, 'Idea 86 that suggest that we definitely need a longer title for ideas', 28, 3, NULL);
INSERT INTO PUBLIC.LAWS(ID, CREATED_AT, UPDATED_AT, DESCRIPTION, REACHED_QUORUM_AT, STATUS, TITLE, AREA_ID, CREATED_BY_ID, POLL_ID) VALUES
(120, TIMESTAMP '2019-08-12 09:19:16.366', TIMESTAMP '2019-08-13 09:19:16.367', '8qwyQ3KS Lorem ipsum dolor sit amet, consectetur adipiscing elit, sed do eiusmod tempor incididunt ut labore et dolore magna aliqua. Ut enim ad minim veniam, quis nostrud exercitation ullamco laboris nisi ut aliquip ex ea commodo consequat. Duis aute irure dolor in reprehenderit in voluptate velit ', NULL, 0, 'Idea 87 that suggest that we definitely need a longer title for ideas', 29, 8, NULL),
(121, TIMESTAMP '2019-08-11 09:19:16.368', TIMESTAMP '2019-08-12 09:19:16.369', 'Z7wTM4AZ Lorem ipsum dolor sit amet, consectetur adipiscing elit, sed do eiusmod tempor incididunt ut labore et dolore magna aliqua. Ut enim ad minim veniam, quis nostrud exercitation ullamco laboris nisi ut aliquip ex ea commodo consequat. Duis aute irure dolor in reprehenderit in volu', NULL, 0, 'Idea 88 that suggest that we definitely need a longer title for ideas', 30, 19, NULL),
(122, TIMESTAMP '2019-08-10 09:19:16.377', TIMESTAMP '2019-08-11 09:19:16.377', 'tn7VHYFs Lorem ipsum dolor sit amet, cons', NULL, 0, 'Idea 89 that suggest that we definitely need a longer title for ideas', 31, 9, NULL),
(123, TIMESTAMP '2019-08-09 09:19:16.38', TIMESTAMP '2019-08-10 09:19:16.38', '2mEutFv5 Lorem ipsum dolor sit amet, consectetur adipiscing elit, sed do eiusmod tempor incididunt u', NULL, 0, 'Idea 90 that suggest that we definitely need a longer title for ideas', 22, 18, NULL),
(124, TIMESTAMP '2019-08-08 09:19:16.389', TIMESTAMP '2019-08-09 09:19:16.389', 'lOyLR8HY Lorem ipsum dolor sit amet, consectetur adipiscing elit, sed do eiusmod temp', NULL, 0, 'Idea 91 that suggest that we definitely need a longer title for ideas', 23, 5, NULL),
(125, TIMESTAMP '2019-08-07 09:19:16.399', TIMESTAMP '2019-08-08 09:19:16.4', 'wSlsQSkg Lorem ipsum dolor sit amet, consectetur adipiscing elit, sed do eiusmod tempor incididunt ut labore et dolore magna aliqua. Ut enim ad minim veniam, quis nostrud exercitation ullamco laboris nisi ut aliquip ex ea commodo consequat. Duis aute irure dolor in reprehenderit in voluptate velit esse cillum dolore eu fugiat nulla pariatur. Excepteur sint occaecat cupidatat non proident, s', NULL, 0, 'Idea 92 that suggest that we definitely need a longer title for ideas', 24, 14, NULL),
(126, TIMESTAMP '2019-08-06 09:19:16.407', TIMESTAMP '2019-08-07 09:19:16.407', 'dM0mgAgG Lor', NULL, 0, 'Idea 93 that suggest that we definitely need a longer title for ideas', 25, 10, NULL),
(127, TIMESTAMP '2019-08-05 09:19:16.411', TIMESTAMP '2019-08-06 09:19:16.411', 'yvWCO0Z2 Lorem ipsum dolor sit amet, consectetur adipiscing elit, sed do eiusmod tempor incididunt ut labore et dolore magna aliqua. Ut enim ad minim veniam, quis nostrud exercitation ullamco laboris nisi ut aliquip ex ea', NULL, 0, 'Idea 94 that suggest that we definitely need a longer title for ideas', 26, 10, NULL),
(128, TIMESTAMP '2019-08-04 09:19:16.415', TIMESTAMP '2019-08-05 09:19:16.415', 'pUHPkYyG Lorem ipsum dolor sit amet, consectetur adipiscing elit, sed do eiusmod tempor incididunt ut labore et dolore magna aliqua. Ut enim ad minim veniam, quis nostrud exercitation ullamco laboris nisi ut aliquip ex ea commodo consequat. Duis aute irure dolor in reprehenderit in voluptate velit esse cillum dolore eu fugiat nulla pariatur. Excepteur sint occaecat cupidatat non proident, sunt in culpa q', NULL, 0, 'Idea 95 that suggest that we definitely need a longer title for ideas', 27, 10, NULL),
(129, TIMESTAMP '2019-08-03 09:19:16.421', TIMESTAMP '2019-08-04 09:19:16.421', 'PwW2o2xV Lorem ipsum dolor sit amet, consectetur adipiscing elit, sed do eiusmod tempor incididunt ut labore et dolore magna aliqua. Ut enim ad minim veniam, quis nostrud exercitation ullamco labor', NULL, 0, 'Idea 96 that suggest that we definitely need a longer title for ideas', 28, 10, NULL),
(130, TIMESTAMP '2019-08-02 09:19:16.431', TIMESTAMP '2019-08-03 09:19:16.431', 'HLoS7Pun Lorem ipsum dolor sit amet, consectetur adipiscing elit, sed do eiusmod tempor incididunt ut labore et dolore magna aliqua. Ut enim ad minim veniam, quis nostrud exercitation ullamco laboris nisi ut aliquip ex ea commodo consequat. Duis aute irure dolor in reprehenderit in voluptate velit esse cillum dolore eu fu', NULL, 0, 'Idea 97 that suggest that we definitely need a longer title for ideas', 29, 20, NULL);
INSERT INTO PUBLIC.LAWS(ID, CREATED_AT, UPDATED_AT, DESCRIPTION, REACHED_QUORUM_AT, STATUS, TITLE, AREA_ID, CREATED_BY_ID, POLL_ID) VALUES
(131, TIMESTAMP '2019-08-01 09:19:16.439', TIMESTAMP '2019-08-02 09:19:16.439', 'TmhzA6gK Lorem ipsum dolor sit amet, consectetur adipiscing elit, sed do eiusmod tempor incididunt ut labore et dolore magna aliqua. Ut enim ad minim veniam, quis nostrud exercitation ullamco laboris nisi ut aliquip ex ea commodo consequat. Duis aute irure dolor in reprehenderit in voluptate velit esse cillum dolor', NULL, 0, 'Idea 98 that suggest that we definitely need a longer title for ideas', 30, 14, NULL),
(132, TIMESTAMP '2019-07-31 09:19:16.441', TIMESTAMP '2019-08-01 09:19:16.441', '4s9Dkpxx Lorem ipsum dolor sit amet, consectetur adipiscing elit, sed do eiusmod t', NULL, 0, 'Idea 99 that suggest that we definitely need a longer title for ideas', 31, 20, NULL),
(133, TIMESTAMP '2019-07-30 09:19:16.443', TIMESTAMP '2019-07-31 09:19:16.443', 'LFGt4KM7 Lorem ipsum dolor sit amet, consectetur adipiscing elit, sed do eiusmod tempor incididunt ut labore et dolore magna aliqua. Ut enim ad minim veniam, quis nostrud exercitation ullamco laboris nisi ut aliquip ex ea commodo consequat. Duis aute irure dolor in reprehenderit in voluptate velit esse cillum dolore eu fugiat nulla pariatur. Excepteur sint occaecat cupidatat non pr', NULL, 0, 'Idea 100 that suggest that we definitely need a longer title for ideas', 22, 1, NULL),
(134, TIMESTAMP '2019-07-29 09:19:16.449', TIMESTAMP '2019-07-30 09:19:16.45', 'F7gX9XYu Lorem ipsum dolor sit amet, consectetur adipiscing elit, sed do eiusmod tempor incididunt ut labore et dolore magna aliqu', NULL, 0, 'Idea 101 that suggest that we definitely need a longer title for ideas', 23, 15, NULL),
(135, TIMESTAMP '2019-07-28 09:19:16.467', TIMESTAMP '2019-07-29 09:19:16.468', '7mctPlmd Lorem ipsum dolor sit amet, consectetur adipiscing elit, sed do eiusmod tempor incididunt ut labore et dolore magna aliqua. Ut enim ad minim veniam, quis nostrud exercitation ullamco laboris nisi ut aliquip ex ea commodo consequat. Duis aute irure dolor in reprehenderit in voluptate velit esse cillum dolore eu fugiat nulla pari', NULL, 0, 'Idea 102 that suggest that we definitely need a longer title for ideas', 24, 2, NULL),
(136, TIMESTAMP '2019-07-27 09:19:16.476', TIMESTAMP '2019-07-28 09:19:16.476', 'PZfYQUmV Lorem ipsum dolor sit amet, consectetur adipiscing elit, sed do eiusmod tempor inc', NULL, 0, 'Idea 103 that suggest that we definitely need a longer title for ideas', 25, 17, NULL),
(137, TIMESTAMP '2019-07-26 09:19:16.482', TIMESTAMP '2019-07-27 09:19:16.482', '4FE4F8xS Lorem ipsum dolor sit amet, consectetur adipiscing elit, sed do eiusmod tempor incididunt ut labore et dolore magna aliqua. Ut enim ad minim veniam, quis nostru', NULL, 0, 'Idea 104 that suggest that we definitely need a longer title for ideas', 26, 10, NULL),
(138, TIMESTAMP '2019-07-25 09:19:16.489', TIMESTAMP '2019-07-26 09:19:16.489', 'NCzPKXDf Lorem ipsum dolor sit amet, consectetur adipiscing elit, sed do eiusmod tempor incididunt ut labore et dolore magna aliqua. Ut enim ad minim veniam, quis nostrud exercitation ullamco laboris nisi ut aliquip ex ea commodo consequat. Duis aute irure dolor in reprehenderit in voluptate velit esse cillum dolore eu fugiat nulla pariatur. Excepteur sint occaec', NULL, 0, 'Idea 105 that suggest that we definitely need a longer title for ideas', 27, 11, NULL),
(139, TIMESTAMP '2019-07-24 09:19:16.497', TIMESTAMP '2019-07-25 09:19:16.497', 'ZkbWCx5t Lorem ipsum dolor sit amet, consectetur adipiscing elit, sed do eiusmod tempor incididunt ut labore et dolore magna aliqua. Ut enim ad minim veniam, quis nostrud exercitation ullamco laboris nisi ut aliquip ex ea commodo consequat. Duis aute irure dolor in reprehenderit in voluptate velit esse cillum dolore eu fugiat nulla pariatur. E', NULL, 0, 'Idea 106 that suggest that we definitely need a longer title for ideas', 28, 18, NULL),
(140, TIMESTAMP '2019-07-23 09:19:16.503', TIMESTAMP '2019-07-24 09:19:16.504', '2AU7O97B Lorem ipsum dolor sit amet, consectetur adipiscing elit, sed do eiusmod tempor incididunt ut labore et dolore magna aliqua. Ut enim ad minim veniam, quis nostrud exercitation ullamco laboris nisi ut aliquip ex ea commodo consequat. Duis aute iru', NULL, 0, 'Idea 107 that suggest that we definitely need a longer title for ideas', 29, 4, NULL);
INSERT INTO PUBLIC.LAWS(ID, CREATED_AT, UPDATED_AT, DESCRIPTION, REACHED_QUORUM_AT, STATUS, TITLE, AREA_ID, CREATED_BY_ID, POLL_ID) VALUES
(141, TIMESTAMP '2019-07-22 09:19:16.517', TIMESTAMP '2019-07-23 09:19:16.517', '6DRX4Utk Lorem ipsum dolor sit amet, consectetur adipiscing elit, sed do eiusmod tempor incididunt ut labore et dolore magna aliqua. Ut enim ad minim veniam, quis nostrud exercitation ullamco laboris nisi ut aliquip ex ea commodo consequat. Duis aute ir', NULL, 0, 'Idea 108 that suggest that we definitely need a longer title for ideas', 30, 3, NULL),
(142, TIMESTAMP '2019-07-21 09:19:16.527', TIMESTAMP '2019-07-22 09:19:16.527', 'obhpVOdG Lorem ips', NULL, 0, 'Idea 109 that suggest that we definitely need a longer title for ideas', 31, 16, NULL),
(143, TIMESTAMP '2019-07-20 09:19:16.532', TIMESTAMP '2019-07-21 09:19:16.532', 'UZhaC0y6 Lorem ipsum dolor sit amet, cons', NULL, 0, 'Idea 110 that suggest that we definitely need a longer title for ideas', 22, 4, NULL),
(144, TIMESTAMP '2019-11-01 09:19:16.565', TIMESTAMP '2019-11-02 09:19:16.565', 'RO45WNVL Lorem ipsum dolor sit amet, consectetur adipiscing elit, sed do eiusmod tempor incididunt ut labore et dolore magna aliqua. Ut enim ad minim veniam, quis nostrud exercitation ullamco laboris nisi ut aliquip ex ea commodo consequat. Duis aute irure dolor in reprehenderit in voluptate velit esse cillum dolore eu fugiat nulla pariatur. Excepteur sint occaecat cupid', TIMESTAMP '2019-11-07 09:19:16.563', 1, 'Proposal 0 that reached its quorum', 27, 8, NULL),
(145, TIMESTAMP '2019-10-30 09:19:16.584', TIMESTAMP '2019-10-31 09:19:16.584', 'tKAADCYC Lorem ipsum dolor sit amet, consectetur adipiscing elit, sed do eiusmod tempor incididunt ut labore et dolore magna aliqua. Ut enim ad minim veniam, quis nostrud exer', TIMESTAMP '2019-11-02 09:19:16.581', 1, 'Proposal 1 that reached its quorum', 24, 19, NULL),
(146, TIMESTAMP '2019-11-01 09:19:16.6', TIMESTAMP '2019-11-02 09:19:16.6', 'G5s3meZY Lorem ipsum dolor sit amet, consectetur adipiscing elit, sed do eiusmod tempor incididunt ut labore et dolore magna aliqua. Ut enim ad minim veniam, quis nostrud exercitation ullamco laboris nisi ut aliquip ex ea commodo consequat. Duis aute irure dolor in reprehenderit in voluptate velit esse c', TIMESTAMP '2019-11-06 09:19:16.598', 1, 'Proposal 2 that reached its quorum', 23, 5, NULL),
(147, TIMESTAMP '2019-11-06 09:19:16.634', TIMESTAMP '2019-11-07 09:19:16.634', 'SEoDfehS Lorem ipsum dolor sit amet, consectetur adipiscing elit, sed do eiusmod tempor incididunt ut labore et dolore magna aliqua. Ut enim ad minim veniam, quis nostrud exercitation ullamco laboris nisi ut aliquip ex ea commodo consequat. Duis aute irure dolor in reprehenderit in voluptate velit esse cillum dolore eu fugiat nulla pariatur. Excepteur sint occaecat cupi', TIMESTAMP '2019-11-08 09:19:16.617', 1, 'Proposal 3 that reached its quorum', 23, 15, NULL),
(148, TIMESTAMP '2019-11-05 09:19:16.669', TIMESTAMP '2019-11-06 09:19:16.669', 'Kpwbv05K Lorem ipsum dolor sit amet, consectetur adipiscing elit, sed do eius', TIMESTAMP '2019-11-06 09:19:16.666', 1, 'Proposal 4 that reached its quorum', 28, 18, NULL),
(149, TIMESTAMP '2019-11-01 09:19:16.693', TIMESTAMP '2019-11-02 09:19:16.695', 'gnybDEDr Lorem ipsum dolor sit amet, consectetur adipiscing elit, sed do eiusmod tempor incididunt ut labore et dolore magna aliqua. Ut enim ad minim veniam, quis nostrud exercitation ullamco laboris nisi ut aliquip ex ea commodo consequat. Duis aute irure dolor in reprehenderit in voluptate velit ', TIMESTAMP '2019-11-02 09:19:16.691', 1, 'Proposal 5 that reached its quorum', 25, 19, NULL),
(150, TIMESTAMP '2019-11-08 09:19:16.731', TIMESTAMP '2019-11-08 09:19:16.731', 'Hy0RGw4c Lorem ipsum dolor sit amet, consectetur adipiscing elit, sed do eiusmod tempor incididunt ut labore et dolore magna aliqua. Ut enim ad minim veniam, quis nostrud exercitation ullamco laboris nisi ut aliquip ex ea commodo consequat. Duis aute irure dolor in reprehenderit in voluptate velit esse cillum dolore eu fugiat nulla pariatur. Excepteur sint occaecat cupidatat non proident, sunt ', TIMESTAMP '2019-11-08 09:19:16.728', 1, 'Proposal 6 that reached its quorum', 31, 19, NULL);
INSERT INTO PUBLIC.LAWS(ID, CREATED_AT, UPDATED_AT, DESCRIPTION, REACHED_QUORUM_AT, STATUS, TITLE, AREA_ID, CREATED_BY_ID, POLL_ID) VALUES
(151, TIMESTAMP '2019-11-01 09:19:16.751', TIMESTAMP '2019-11-02 09:19:16.751', 'kBeLRmyf Lorem ipsum dolor sit amet, consectetur adipiscing elit, sed do eiusmod tempor incididunt ut labore et dolore magna aliqua. Ut enim ad minim veniam, quis nostrud exercitation ullamco laboris nisi ut aliquip ex ea commodo consequat. Duis aute irure d', TIMESTAMP '2019-11-07 09:19:16.749', 1, 'Proposal 7 that reached its quorum', 22, 7, NULL),
(152, TIMESTAMP '2019-11-03 09:19:16.774', TIMESTAMP '2019-11-04 09:19:16.774', 'g3a65BOF Lorem ipsum dolor sit amet, consectetur adipiscing elit, sed do eiusmod tempor incididunt ut labore et dolore magna aliqua. Ut enim ad minim veniam, quis nostrud exercitation ullamco laboris nisi ut aliquip ex ea commodo consequat. Duis aute irure dolor in reprehenderit in voluptate velit esse cillum dolore eu fugiat nulla pariatu', TIMESTAMP '2019-11-08 09:19:16.772', 1, 'Proposal 8 that reached its quorum', 24, 12, NULL),
(153, TIMESTAMP '2019-11-07 09:19:16.792', TIMESTAMP '2019-11-08 09:19:16.793', 'cV3QUFQX Lorem ipsum dolor sit amet, consectetur adipiscing elit, sed do eiusmod tempor incididunt ut labore et dolore magna aliqua. Ut enim ad minim veniam, quis nostrud exercitation ullamco laboris nisi ut', TIMESTAMP '2019-11-08 09:19:16.791', 1, 'Proposal 9 that reached its quorum', 26, 19, NULL),
(154, TIMESTAMP '2019-11-04 09:19:16.808', TIMESTAMP '2019-11-05 09:19:16.808', 'CxCrmnG7 Lorem ipsum dolor sit amet, consectetur adipiscing elit, sed do eiusmod tempor incididunt ut labore et dolore magna aliqua. Ut enim ad minim veniam, quis nostrud exercitation ullamco laboris nisi ut aliquip ex ea commodo consequat. Duis aute irure dolor in reprehenderit in voluptate velit esse cillum dolore eu fugiat nul', TIMESTAMP '2019-11-06 09:19:16.806', 1, 'Proposal 10 that reached its quorum', 28, 8, NULL),
(155, TIMESTAMP '2019-11-01 09:19:16.826', TIMESTAMP '2019-11-02 09:19:16.826', '7BbcGmRq Lorem ipsum dolor sit amet, consectetur adipiscing elit, sed do eiusmod tempor incididunt ut labore et dolore magna aliqua. Ut enim ad minim veniam, quis nostrud exercitation ullamco laboris nisi ut aliquip ex ea commodo consequat. Duis aute irure dolor in reprehenderit in voluptate velit esse cillum dolore eu fugiat nulla pariatur. Excepteur s', TIMESTAMP '2019-11-04 09:19:16.824', 1, 'Proposal 11 that reached its quorum', 25, 17, NULL),
(156, TIMESTAMP '2019-11-05 09:19:16.844', TIMESTAMP '2019-11-06 09:19:16.846', 'wfsLel8Z Lorem ipsum dolor sit amet, consectetur adipiscing elit, sed do eiusmod tempor incididunt ut labore et dolore magna aliqua. Ut enim ad minim veniam, quis nostrud exercitation ullamco laboris nisi ut aliquip ex ea com', TIMESTAMP '2019-11-08 09:19:16.842', 1, 'Proposal 12 that reached its quorum', 30, 2, NULL),
(157, TIMESTAMP '2019-11-08 09:19:16.952', TIMESTAMP '2019-11-08 09:19:16.952', 'Ez4fphKu Lorem ipsum dolor sit amet, consectetur adipiscing elit, sed do eiusmod tempor incididunt ut labore et dolore magna aliqua. Ut enim ad minim veniam, quis nostrud exer', TIMESTAMP '2019-11-08 09:19:16.949', 1, 'Proposal 13 that reached its quorum', 29, 10, NULL),
(158, TIMESTAMP '2019-11-02 09:19:16.97', TIMESTAMP '2019-11-03 09:19:16.97', 'G6KdxAkZ Lorem ipsum dolor sit amet, consectetur adipiscing elit, sed do eiusmod tempor incididunt ut labore et dolore magna aliqua. Ut enim ad minim veniam, quis nostrud exercitation ullamco laboris nisi ut aliquip ex ea commodo consequat. ', TIMESTAMP '2019-11-04 09:19:16.968', 1, 'Proposal 14 that reached its quorum', 28, 2, NULL),
(159, TIMESTAMP '2019-11-01 09:19:16.998', TIMESTAMP '2019-11-02 09:19:16.998', 'GaxF7v0K Lo', TIMESTAMP '2019-11-05 09:19:16.996', 1, 'Proposal 15 that reached its quorum', 24, 14, NULL),
(160, TIMESTAMP '2019-10-31 09:19:17.014', TIMESTAMP '2019-11-01 09:19:17.014', 'lYWKBQ0r Lorem ipsum dolor sit amet, consectetur ad', TIMESTAMP '2019-11-07 09:19:17.012', 1, 'Proposal 16 that reached its quorum', 22, 6, NULL);
INSERT INTO PUBLIC.LAWS(ID, CREATED_AT, UPDATED_AT, DESCRIPTION, REACHED_QUORUM_AT, STATUS, TITLE, AREA_ID, CREATED_BY_ID, POLL_ID) VALUES
(161, TIMESTAMP '2019-11-02 09:19:17.029', TIMESTAMP '2019-11-03 09:19:17.029', 'RWTvH7Se Lorem ipsum dolor sit amet, consectetur adipiscing elit, sed do eiusmod tempor incididunt ut labore et dolore magna aliqua. Ut enim ad minim veniam, quis nostrud exercitation ullamco laboris nisi ut aliquip ex ea commodo consequat. Duis aute irure dolor in reprehenderit in voluptate velit esse cillum dolore eu fugiat nulla pariatur. Excepteur sint occaecat cupidatat non proident, sunt', TIMESTAMP '2019-11-07 09:19:17.027', 1, 'Proposal 17 that reached its quorum', 26, 3, NULL),
(162, TIMESTAMP '2019-11-02 09:19:17.066', TIMESTAMP '2019-11-03 09:19:17.066', 'USe7AFHF Lo', TIMESTAMP '2019-11-03 09:19:17.064', 1, 'Proposal 18 that reached its quorum', 28, 18, NULL),
(163, TIMESTAMP '2019-10-30 09:19:17.085', TIMESTAMP '2019-10-31 09:19:17.085', 'ZX5lF6pB Lorem ipsum dolor sit amet, consectetur adipiscing elit, sed do eiusmod tempor incididunt ut labore et dolore magna aliqua. Ut enim ad minim veniam, quis nostrud exercitation ullamco laboris nisi ut aliquip ex ea commodo consequat', TIMESTAMP '2019-10-31 09:19:17.083', 1, 'Proposal 19 that reached its quorum', 27, 15, NULL),
(164, TIMESTAMP '2019-11-04 09:19:17.105', TIMESTAMP '2019-11-05 09:19:17.105', 'QonXUnxw Lorem ipsum dolor sit amet, consectetur adipiscing ', TIMESTAMP '2019-11-07 09:19:17.103', 1, 'Proposal 20 that reached its quorum', 23, 13, NULL),
(165, TIMESTAMP '2019-11-06 09:19:17.132', TIMESTAMP '2019-11-07 09:19:17.132', 'cRr6XVU0 Lorem ipsum dolor sit amet, consectetur adipiscing el', TIMESTAMP '2019-11-07 09:19:17.125', 1, 'Proposal 21 that reached its quorum', 24, 16, NULL),
(166, TIMESTAMP '2019-11-03 09:19:17.17', TIMESTAMP '2019-11-04 09:19:17.17', 'e0ysWStm Lorem ipsum dolor sit amet, consectetur adipiscing elit, sed do eiusmo', TIMESTAMP '2019-11-04 09:19:17.166', 1, 'Proposal 22 that reached its quorum', 27, 6, NULL),
(167, TIMESTAMP '2019-11-07 09:19:17.183', TIMESTAMP '2019-11-08 09:19:17.183', 'rQnlHzNZ Lorem i', TIMESTAMP '2019-11-08 09:19:17.181', 1, 'Proposal 23 that reached its quorum', 31, 11, NULL),
(168, TIMESTAMP '2019-11-05 09:19:17.196', TIMESTAMP '2019-11-06 09:19:17.196', 'wZTnXaNg Lorem ipsum dolor sit amet, consectetur adipiscing elit, sed do eiusmod tempor incididunt ut labore et dolore magna aliqua. Ut enim ad minim veniam, qui', TIMESTAMP '2019-11-08 09:19:17.195', 1, 'Proposal 24 that reached its quorum', 25, 6, NULL),
(169, TIMESTAMP '2019-10-31 09:19:17.211', TIMESTAMP '2019-11-01 09:19:17.211', '5WLYBbn0 Lorem ipsum dolor sit amet, consectetur adipiscing elit, sed do eiusmod tempor incididunt ut labore et dolore magna aliqua. Ut enim ad minim veniam, quis nostrud exercitation ullamco laboris nisi ut aliquip ex ea commodo consequat. Duis aute irure dolor in reprehenderit in voluptate velit esse cillum dolore eu fugiat nulla pariatur. Excepteur sint occaecat cupidatat non proident, sunt in c', TIMESTAMP '2019-11-02 09:19:17.21', 1, 'Proposal 25 that reached its quorum', 23, 16, NULL),
(170, TIMESTAMP '2019-11-07 09:19:17.241', TIMESTAMP '2019-11-08 09:19:17.241', 'ApZBP8bN Lorem ipsum dolor sit amet, consectetur adipiscing elit, sed do eiusmod tempor incididunt ut labore et dolore magna aliqua. Ut enim ', TIMESTAMP '2019-11-08 09:19:17.239', 1, 'Proposal 26 that reached its quorum', 28, 5, NULL),
(171, TIMESTAMP '2019-11-03 09:19:17.256', TIMESTAMP '2019-11-04 09:19:17.256', 'xehsyzhq Lorem ipsum dolor sit amet, consectetur adipiscing elit, sed do eiusmod tempor incididunt ut labore et dolore magna aliqua. Ut enim ad minim veniam, quis nostrud exercitation ullamco laboris nisi ut aliquip ex ea commodo consequat. Duis aute irure dolor in reprehenderit in voluptate ', TIMESTAMP '2019-11-08 09:19:17.254', 1, 'Proposal 27 that reached its quorum', 25, 10, NULL),
(172, TIMESTAMP '2019-11-01 09:19:17.283', TIMESTAMP '2019-11-02 09:19:17.283', 'gMlsvbvx Lorem ipsum dolor sit amet, consectetur adipiscing elit, sed do eiusmod tempor incididunt ut labore et dolore magna aliqua. Ut enim ad minim veniam, quis nostrud exercitation ullamco laboris nisi ut aliquip ex ea commodo consequat. Duis aute irure dolor in reprehenderit in voluptate velit esse cillum dolore eu fugiat n', TIMESTAMP '2019-11-07 09:19:17.281', 1, 'Proposal 28 that reached its quorum', 29, 9, NULL);
INSERT INTO PUBLIC.LAWS(ID, CREATED_AT, UPDATED_AT, DESCRIPTION, REACHED_QUORUM_AT, STATUS, TITLE, AREA_ID, CREATED_BY_ID, POLL_ID) VALUES
(173, TIMESTAMP '2019-11-08 09:19:17.321', TIMESTAMP '2019-11-08 09:19:17.321', 'M6W2up7A ', TIMESTAMP '2019-11-08 09:19:17.319', 1, 'Proposal 29 that reached its quorum', 27, 9, NULL),
(174, TIMESTAMP '2019-10-30 09:19:17.356', TIMESTAMP '2019-10-31 09:19:17.357', 'XlEO4U3c Lorem ipsum dolor sit amet, consectetur adipiscing elit, sed do eiusmod tempor incididunt ut labore et dolore magna aliqua. Ut enim ad minim veniam, quis nostrud exercitation ullamco laboris nisi ut aliquip ex ea commodo consequat. Duis aute irure dolor in reprehenderit in voluptate velit esse cillum dolore eu fugi', TIMESTAMP '2019-11-01 09:19:17.355', 1, 'Proposal 30 that reached its quorum', 27, 12, NULL),
(175, TIMESTAMP '2019-10-31 09:19:17.375', TIMESTAMP '2019-11-01 09:19:17.375', 'SfBYAhKw Lorem ipsum dolor sit amet, consectetur adipiscing elit, sed do eiusmod tempor i', TIMESTAMP '2019-11-04 09:19:17.373', 1, 'Proposal 31 that reached its quorum', 26, 8, NULL),
(176, TIMESTAMP '2019-11-08 09:19:17.389', TIMESTAMP '2019-11-08 09:19:17.389', 'QVUxRGcm Lorem ipsum dolor sit amet, consectetur adipiscing elit, se', TIMESTAMP '2019-11-08 09:19:17.387', 1, 'Proposal 32 that reached its quorum', 22, 10, NULL),
(177, TIMESTAMP '2019-11-08 09:19:17.432', TIMESTAMP '2019-11-08 09:19:17.432', 'fARA9DOX Lorem ipsum dolor sit amet, consectetur adipi', TIMESTAMP '2019-11-08 09:19:17.43', 1, 'Proposal 33 that reached its quorum', 27, 9, NULL),
(178, TIMESTAMP '2019-11-03 09:19:17.447', TIMESTAMP '2019-11-04 09:19:17.447', 'n8ByA7RT Lorem ipsum dolor sit amet, consectetur adipiscing elit, sed do eiusmod tempor incididunt ut labore et dolore magna aliqua. Ut enim ad minim veniam, quis nostrud exercitation ullamco laboris nisi ut aliquip ex ea commodo consequat. Duis aute irure dolor in reprehenderit in voluptate velit esse cillum dolore eu fugiat nulla pariatur. Excepteur sint occaecat cupidatat non proident, sunt in c', TIMESTAMP '2019-11-04 09:19:17.445', 1, 'Proposal 34 that reached its quorum', 27, 8, NULL),
(179, TIMESTAMP '2019-11-06 09:19:17.495', TIMESTAMP '2019-11-07 09:19:17.495', 'aT34ERnD Lorem ipsum dolor sit amet, consectetur adipiscing elit, sed do eiusmod tempor incididunt ut labore et dolore magna aliqua. Ut enim ad minim veniam, quis nostrud exercitation ullamco laboris nisi ut aliquip ex ea commodo consequat. Duis aute irure dolor in reprehenderit in voluptate velit esse cillum dolore eu fugiat nulla pariatur. Excepteur sint occaec', TIMESTAMP '2019-11-08 09:19:17.493', 1, 'Proposal 35 that reached its quorum', 23, 9, NULL),
(180, TIMESTAMP '2019-11-05 09:19:17.523', TIMESTAMP '2019-11-06 09:19:17.524', 'egvPZXnV Lorem ipsum dolor sit amet, consectetur adipiscing elit, sed do eiusmod tempo', TIMESTAMP '2019-11-08 09:19:17.522', 1, 'Proposal 36 that reached its quorum', 22, 19, NULL),
(181, TIMESTAMP '2019-11-03 09:19:17.56', TIMESTAMP '2019-11-04 09:19:17.56', 'oHCC6t97 Lorem ipsum dolor sit amet, consectetur adipiscing elit, sed do eiusmod tempor incididunt ut labore et dolore magna aliqua. Ut enim ad minim veniam, quis nostrud exercitation ullamco laboris nisi ut aliquip ex ea commodo consequat. Duis aute irure dolor in reprehenderit in voluptate velit esse cillum dolore eu fugiat nulla pariatur. Excepteur sint occaecat cupidatat non ', TIMESTAMP '2019-11-06 09:19:17.556', 1, 'Proposal 37 that reached its quorum', 22, 20, NULL),
(182, TIMESTAMP '2019-11-01 09:19:17.575', TIMESTAMP '2019-11-02 09:19:17.575', 'k55Duxbb Lorem ipsum dolor sit amet, consectetur adipiscing elit, sed do eiusmod tempor incididunt ut labore et dolore magna aliqua. Ut enim ad minim veniam, quis nostrud exercitation ullamco la', TIMESTAMP '2019-11-05 09:19:17.573', 1, 'Proposal 38 that reached its quorum', 27, 4, NULL),
(183, TIMESTAMP '2019-11-04 09:19:17.587', TIMESTAMP '2019-11-05 09:19:17.588', 'Kg2kdCTg Lorem ipsum dolor sit amet, consectetur adipiscing elit, sed do eiusmod tempor incididunt ut labore et dolore magna aliqua. Ut enim ad minim veniam, quis nostrud exercitation ullamco laboris nisi ut aliquip ex e', TIMESTAMP '2019-11-06 09:19:17.586', 1, 'Proposal 39 that reached its quorum', 24, 4, NULL);
INSERT INTO PUBLIC.LAWS(ID, CREATED_AT, UPDATED_AT, DESCRIPTION, REACHED_QUORUM_AT, STATUS, TITLE, AREA_ID, CREATED_BY_ID, POLL_ID) VALUES
(184, TIMESTAMP '2019-11-06 09:19:17.601', TIMESTAMP '2019-11-07 09:19:17.601', 'lvZcPCWy Lorem ipsum dolor sit amet, consectetur adipiscing elit, sed do eiusmod tempor incididunt ut labore et dolore magna aliqua. Ut enim ad minim veniam, quis nostrud exercitation ullamco laboris nisi ut aliquip ex ea commodo consequat. Duis aute irure dolor in reprehenderit in voluptate velit esse cillum dolore eu fugiat nulla pariatur. Excepteur', TIMESTAMP '2019-11-08 09:19:17.6', 1, 'Proposal 40 that reached its quorum', 25, 17, NULL),
(185, TIMESTAMP '2019-11-03 09:19:17.613', TIMESTAMP '2019-11-04 09:19:17.614', 'TqwYt8sc Lorem ipsum dolor sit amet, consectetur adipiscing elit, sed do eiusmod tempor incididunt ut labore et dolore magna aliqua. Ut enim ad minim veniam, quis nostrud exercitation ullamco laboris nisi ut aliquip ex ea commodo consequat. Duis aute irure dolor in reprehenderit in voluptate velit esse cillum dolore eu fugiat nulla pariatur. Excepteur sint occaecat cupidatat n', TIMESTAMP '2019-11-08 09:19:17.611', 1, 'Proposal 41 that reached its quorum', 29, 3, NULL),
(186, TIMESTAMP '2019-11-02 09:19:17.624', TIMESTAMP '2019-11-03 09:19:17.625', 'CXG8RK7B Lorem ipsum dolor sit amet, consectetur adipiscing elit, sed do eiusmod tempor incididunt ut labore et dolore magna aliqua. Ut enim ad minim veniam, quis nostrud exercitation ullamco laboris nisi ut aliquip ex ea commodo consequat. Duis a', TIMESTAMP '2019-11-05 09:19:17.623', 1, 'Proposal 42 that reached its quorum', 29, 20, NULL),
(187, TIMESTAMP '2019-11-07 09:19:17.636', TIMESTAMP '2019-11-08 09:19:17.636', 'F0RGsBCB Lorem ipsum dolor sit amet, conse', TIMESTAMP '2019-11-08 09:19:17.634', 1, 'Proposal 43 that reached its quorum', 24, 1, NULL),
(188, TIMESTAMP '2019-10-31 09:19:17.647', TIMESTAMP '2019-11-01 09:19:17.647', 'hUXYTmFU Lorem ipsum dolor sit amet, consectetur adipiscing elit, sed do eiusmod tempor incididunt ut labore et dolore magna aliq', TIMESTAMP '2019-11-01 09:19:17.646', 1, 'Proposal 44 that reached its quorum', 26, 19, NULL),
(189, TIMESTAMP '2019-11-02 09:19:17.686', TIMESTAMP '2019-11-03 09:19:17.687', 'CrgDKgQQ Lorem ipsum dolor sit amet, consectetur adipiscing elit, s', TIMESTAMP '2019-11-05 09:19:17.685', 1, 'Proposal 45 that reached its quorum', 25, 20, NULL),
(190, TIMESTAMP '2019-11-03 09:19:17.716', TIMESTAMP '2019-11-04 09:19:17.716', 'gpQtZXoQ Lorem ipsum dolor sit amet, consectetur adipiscing elit, sed do eiusmod tempor ', TIMESTAMP '2019-11-05 09:19:17.714', 1, 'Proposal 46 that reached its quorum', 26, 7, NULL),
(191, TIMESTAMP '2019-10-30 09:19:17.757', TIMESTAMP '2019-10-31 09:19:17.757', '8T2R2MXs Lorem ipsum dolor sit amet, consectetur adipiscing elit, sed do eiusmod tempor incididunt ut labore et dolore magna aliqua. Ut enim ad minim veniam, quis nostrud exercitation ullamco laboris nisi ut aliquip ex ea commodo c', TIMESTAMP '2019-11-01 09:19:17.755', 1, 'Proposal 47 that reached its quorum', 26, 1, NULL),
(192, TIMESTAMP '2019-11-06 09:19:17.779', TIMESTAMP '2019-11-07 09:19:17.779', 'lVRdRLaL Lorem ipsum dolor sit amet, consectetur adipiscing elit, sed do eiusmod tempor incididunt ut labore et dolore magna aliqua. Ut enim ad minim veniam, quis nostrud exercitation ullamco laboris nisi ut a', TIMESTAMP '2019-11-08 09:19:17.778', 1, 'Proposal 48 that reached its quorum', 28, 3, NULL),
(193, TIMESTAMP '2019-11-02 09:19:17.791', TIMESTAMP '2019-11-03 09:19:17.791', 'yZyTLMyQ Lorem ipsum dolor sit amet, consectetur adipiscing elit, sed do eiusmod tempor incididunt ut labore et dolore magna aliqua. Ut enim ', TIMESTAMP '2019-11-05 09:19:17.79', 1, 'Proposal 49 that reached its quorum', 25, 13, NULL),
(194, TIMESTAMP '2019-10-30 09:19:17.802', TIMESTAMP '2019-10-31 09:19:17.802', 'Lorem ipsum dolor sit amet, consectetur adipiscing elit, sed do eiusmod tempor incididunt ut labore et dolore magna aliqua. Ut enim ad minim veniam, quis nostrud exercitation ullamco laboris nisi ut aliqui', TIMESTAMP '2019-11-02 09:19:17.801', 1, 'Proposal 0 for user testuser1@liquido.de', 31, 1, NULL);
INSERT INTO PUBLIC.LAWS(ID, CREATED_AT, UPDATED_AT, DESCRIPTION, REACHED_QUORUM_AT, STATUS, TITLE, AREA_ID, CREATED_BY_ID, POLL_ID) VALUES
(202, TIMESTAMP '2019-10-30 09:19:17.855', TIMESTAMP '2019-10-31 09:19:17.855', 'Lorem ipsum dolor sit amet, consectetur adipiscing elit, sed do eiusmod tempor incididunt ut labore et dolore magna aliqua. Ut enim ad minim veniam, quis nostrud exercitation ullamco laboris nisi ut aliquip ex ea commodo consequat. Duis aute irure dolor in reprehenderit in voluptate velit esse cillum dolore e', TIMESTAMP '2019-11-08 09:19:17.853', 1, 'Proposal 1 for user testuser1@liquido.de', 29, 1, NULL),
(209, TIMESTAMP '2019-11-08 09:19:17.897', TIMESTAMP '2019-11-08 09:19:17.897', 'Lorem ipsum dolor sit amet, consectetur adipiscing elit, sed do eiusmod tempor incididunt ut labore et dolore magna aliqua. Ut enim ad minim veniam, quis nostrud exercitation ullamco laboris nisi ut aliquip ex ea commodo consequat. Duis aute irure dolor in reprehenderit in voluptate velit esse cillum dolore e', TIMESTAMP '2019-11-08 09:19:17.894', 1, 'Proposal 2 for user testuser1@liquido.de', 26, 1, NULL),
(216, TIMESTAMP '2019-11-08 09:19:17.947', TIMESTAMP '2019-11-08 09:19:17.978', 'Lorem ipsum dolor sit amet, consectetur adipiscing elit, sed do eiusmod tempor incididunt ut labore et dolore magna aliqua. Ut enim ad minim veniam, quis nostrud exercitation ullamco laboris nisi ut aliquip ex ea commodo consequat. Duis aute irure dolor in reprehenderit in voluptate velit esse cillum dolore eu fugiat nulla pariatur. Excepteur sint occaecat cupidatat non proident, sunt in ', TIMESTAMP '2019-11-08 09:19:17.945', 1, 'Proposal 3 for user testuser1@liquido.de', 28, 1, NULL),
(223, TIMESTAMP '2019-11-02 09:19:17.991', TIMESTAMP '2019-11-03 09:19:17.991', 'Lorem ipsum dolor sit amet, consectetur adipiscing elit, sed do eiusmod tempor incididunt ut labore et dolore magna aliqua. Ut enim ad minim veniam, quis nostrud exercitation ullamco laboris nisi ut aliquip ex ea commodo consequat. Duis aute irure dolor in reprehenderit in voluptate velit esse cillum dolore eu fugiat nulla pariatur. Excep', TIMESTAMP '2019-11-06 09:19:17.989', 1, 'Proposal 4 for user testuser1@liquido.de', 30, 1, NULL),
(237, TIMESTAMP '2019-10-29 09:19:23.36', TIMESTAMP '2019-11-08 09:19:23.385', 'Lorem ipsum dolor sit amet, consectetur adipiscing elit, sed do eiusmod tempor incididunt ut labore et dolore magna aliqua. Ut enim ad minim veniam, quis nostrud exercitation ullamco laboris nisi ut aliquip ex ea commodo consequat. Duis aute irure dolor in reprehenderit in volup', TIMESTAMP '2019-11-01 09:19:23.359', 2, 'Initial Proposal in a poll that is in elaboration 1573201163348', 22, 13, 243),
(244, TIMESTAMP '2019-10-19 10:19:23.4', TIMESTAMP '2019-11-08 09:19:23.427', 'Lorem ipsum dolor sit amet, consectetur adipiscing elit, sed do eiusmod tempor incididunt ut labore et dolore magna aliqua. Ut enim ad minim veniam, quis nostrud exercitation ullamco laboris nisi ut aliquip ex ea commodo consequat. Duis aute irure dolor in reprehenderit in voluptate velit esse cillum dolore eu fugiat nulla pariatur. Excepteur sint occaecat cupidatat ', TIMESTAMP '2019-10-21 10:19:23.398', 2, 'Alternative Proposal1 in a poll that is in elaboration1573201163388', 22, 15, 243),
(248, TIMESTAMP '2019-10-19 10:19:23.441', TIMESTAMP '2019-11-08 09:19:23.47', 'Lorem ipsum dolor sit amet, consectetur adipiscing elit, sed do eiusmod tempor incididunt ut labore et dolore magna aliqua. Ut enim ad minim ven', TIMESTAMP '2019-10-21 10:19:23.439', 2, 'Alternative Proposal2 in a poll that is in elaboration1573201163427', 22, 7, 243),
(252, TIMESTAMP '2019-10-19 10:19:23.487', TIMESTAMP '2019-11-08 09:19:23.556', 'Lorem ipsum dolor sit amet, consectetur adipiscing elit, sed do eiusmod tempor incididunt ut labore et dolore magna aliqua. Ut e', TIMESTAMP '2019-10-21 10:19:23.485', 2, 'Alternative Proposal3 in a poll that is in elaboration1573201163471', 22, 3, 243),
(259, TIMESTAMP '2019-10-19 10:19:23.575', TIMESTAMP '2019-11-08 09:19:23.597', 'Lorem ipsum dolor sit amet, consectetur adipiscing elit, sed do eiusmod tempor incididunt ut labore et dolore magna aliqua. Ut enim ad minim veniam, quis nostrud exercitation ullamco laboris nisi ut aliquip ex ea commodo consequat. Duis aute irure dolor in reprehenderit in voluptate velit esse cillum do', TIMESTAMP '2019-10-21 10:19:23.573', 2, 'Alternative Proposal4 in a poll that is in elaboration1573201163557', 22, 5, 243);
INSERT INTO PUBLIC.LAWS(ID, CREATED_AT, UPDATED_AT, DESCRIPTION, REACHED_QUORUM_AT, STATUS, TITLE, AREA_ID, CREATED_BY_ID, POLL_ID) VALUES
(266, TIMESTAMP '2019-10-29 09:19:23.609', TIMESTAMP '2019-11-08 09:19:23.853', 'Lorem ipsum dolor sit amet, consectetur adipiscing elit, sed do eiusmod tempor incididunt ut labore et dolore magna aliqua. Ut enim ad minim veniam, quis nostrud exercitation ullamco laboris nisi ut aliquip ex ea commodo consequat. Duis aute irure dolor in reprehenderit in voluptate velit esse cillum dolore', TIMESTAMP '2019-11-01 09:19:23.608', 3, 'Proposal 2 in voting phase 1573201163820', 22, 13, 271),
(272, TIMESTAMP '2019-10-19 10:19:23.637', TIMESTAMP '2019-11-08 09:19:23.853', 'Lorem ipsum dolor sit amet, consectetur adipiscing elit, sed do eiusmod tempor incididunt ut labore et dolore magna aliqua. Ut enim ad minim veniam, quis nostrud exercitation ullamco laboris nisi ut aliquip ex ea commodo consequat. Duis aute irure dolor in reprehenderit in voluptate velit esse cillum dol', TIMESTAMP '2019-10-21 10:19:23.636', 3, 'Proposal 4 in voting phase 1573201163820', 22, 15, 271),
(277, TIMESTAMP '2019-10-19 10:19:23.673', TIMESTAMP '2019-11-08 09:19:23.856', 'Lorem ipsum dolor sit amet, consectetur adipiscing elit, sed do eiusmod tempor incididunt ut labore et dolore magna aliqua. Ut enim ad minim veniam, quis nostrud exercitation ullamco laboris nisi ut aliquip ex ea commodo consequat. Duis aute irure dolor in reprehenderit in voluptate velit esse cillum dolore eu fugiat nulla pariatur. Excepteur sint occae', TIMESTAMP '2019-10-21 10:19:23.671', 3, 'Proposal 1 in voting phase 1573201163820', 22, 7, 271),
(282, TIMESTAMP '2019-10-19 10:19:23.731', TIMESTAMP '2019-11-08 09:19:23.857', 'Lorem ipsum dolor sit amet, consectetur adipiscing elit, sed do eiusmod tempor incididunt ut labore et dolore magna aliqua. Ut enim ad minim veniam, quis nostrud exercitation ullamco laboris nisi ut aliquip ex ea commodo consequat. Duis aute irure dolor in reprehenderit in voluptate velit esse cillum dolore eu fugiat nulla pariatur. Excepteur sint occaecat cupidatat non proident, sunt in culp', TIMESTAMP '2019-10-21 10:19:23.73', 3, 'Proposal 5 in voting phase 1573201163820', 22, 3, 271),
(288, TIMESTAMP '2019-10-19 10:19:23.799', TIMESTAMP '2019-11-08 09:19:23.857', 'Lorem ipsum dolor sit amet, consectetur adipiscing elit, sed do eiusmod tempor incididunt ut labore et dolore magna aliqua. Ut enim ad minim veniam, quis nostrud exercitation ullamco labori', TIMESTAMP '2019-10-21 10:19:23.797', 3, 'Proposal 3 in voting phase 1573201163820', 22, 5, 271),
(295, TIMESTAMP '2019-10-29 09:19:23.868', TIMESTAMP '2019-11-08 09:19:24.063', 'Lorem ipsum dolor sit amet, consectetur adipiscing elit, sed do eiusmod tempor incididunt ut labore et dolore magna aliqua. Ut enim ad minim veniam, quis nostrud exercitation ullamco laboris nisi ut aliquip ex ea commodo consequat. Duis aute irure dolor in reprehenderit', TIMESTAMP '2019-11-01 09:19:23.867', 3, 'Proposal 4 in voting phase 1573201164035', 22, 13, 299),
(300, TIMESTAMP '2019-10-19 10:19:23.905', TIMESTAMP '2019-11-08 09:19:24.063', 'Lorem ipsum dolor sit amet, consectetur adipiscing elit, sed do eiusmod tempor incididunt ut labore et dolore magna aliqua. Ut enim ad minim veniam, quis nostrud exercitation ullamco laboris nisi ut aliquip ex ea commodo consequat. Duis aute irure dolor in reprehenderit in voluptate velit esse cillu', TIMESTAMP '2019-10-21 10:19:23.903', 3, 'Proposal 2 in voting phase 1573201164035', 22, 15, 299),
(305, TIMESTAMP '2019-10-19 10:19:23.947', TIMESTAMP '2019-11-08 09:19:24.063', 'Lorem ipsum dolor sit amet, consectetur adipiscing elit, sed do eiusmod tempor incididunt ut labore et dolore magna aliqua. Ut enim ad minim veniam, quis nostrud exercitation ullamco laboris nisi ut aliquip ex ea commodo consequat. Duis aute irure dolor in reprehenderit in voluptate velit esse cillum dolore eu fugiat nulla pariatur. Excepteur sint occaecat cupidatat non proident, sunt in culp', TIMESTAMP '2019-10-21 10:19:23.946', 3, 'Proposal 3 in voting phase 1573201164035', 22, 7, 299);
INSERT INTO PUBLIC.LAWS(ID, CREATED_AT, UPDATED_AT, DESCRIPTION, REACHED_QUORUM_AT, STATUS, TITLE, AREA_ID, CREATED_BY_ID, POLL_ID) VALUES
(311, TIMESTAMP '2019-10-19 10:19:23.986', TIMESTAMP '2019-11-08 09:19:24.064', 'Lorem ipsum dolor sit amet, consectetur adipiscing elit, sed do eiusmod tempor incididunt ut labore et dolore magna aliqua. Ut enim ad minim veniam, quis nostrud exercitation ullamco laboris nisi ut aliquip ex ea commodo consequat. Duis aute irure dolor in reprehenderit in voluptate velit esse cillum dolore eu fugiat nulla pariatur. Excepteur sint occaecat cupidatat ', TIMESTAMP '2019-10-21 10:19:23.985', 3, 'Proposal 5 in voting phase 1573201164035', 22, 3, 299),
(318, TIMESTAMP '2019-10-19 10:19:24.016', TIMESTAMP '2019-11-08 09:19:24.064', 'Lorem ipsum dolor sit amet, consectetur adipiscing elit, sed do eiusmod tempor incididunt ut labore et dolore magna aliqua. Ut enim ad minim veniam, quis nostrud exercitation ullamco laboris nisi ut aliquip ex ea commodo consequat. Duis aute irure dolor ', TIMESTAMP '2019-10-21 10:19:24.015', 3, 'Proposal 1 in voting phase 1573201164035', 22, 5, 299),
(338, TIMESTAMP '2019-10-29 09:19:29.648', TIMESTAMP '2019-11-08 09:19:33.828', 'Lorem ipsum dolor sit amet, consectetur adipiscing elit, sed do eiusmod tempor incididunt ut labore et dolore magna aliqua. Ut enim ad minim veniam, quis nostrud exercitation ullamco laboris nisi ut aliquip ex ea commodo consequat. Duis aute irure dolor in reprehender', TIMESTAMP '2019-11-01 09:19:29.645', 5, 'Proposal 5 in voting phase 1573201169867', 22, 13, 343),
(344, TIMESTAMP '2019-10-19 10:19:29.681', TIMESTAMP '2019-11-08 09:19:33.828', 'Lorem ipsum dolor sit amet, consectetur adipiscing elit, sed do eiusmod tempor incididunt ut labore et dolore magna aliqua. Ut enim ad mi', TIMESTAMP '2019-10-21 10:19:29.68', 5, 'Proposal 3 in voting phase 1573201169867', 22, 15, 343),
(352, TIMESTAMP '2019-10-19 10:19:29.719', TIMESTAMP '2019-11-08 09:19:33.828', 'Lorem ipsum dolor sit amet, consectetur adipiscing elit, sed do eiusmod tempor incididunt ut labore et dolore magna aliqua. Ut enim ad minim veniam, quis nostrud exercitation ullamco laboris nisi ut aliquip ex ea commodo consequat. Duis aute ir', TIMESTAMP '2019-10-21 10:19:29.717', 5, 'Proposal 1 in voting phase 1573201169867', 22, 7, 343),
(357, TIMESTAMP '2019-10-19 10:19:29.741', TIMESTAMP '2019-11-08 09:19:33.836', 'Lorem ipsum dolor sit amet, consectetur adipiscing elit, sed do eiusmod tempor incididunt ut labore et dolore magna aliqua. Ut enim ad minim veniam, quis nostrud exercitation ullamco laboris nisi ut aliquip ex ea commodo consequat. Duis aute irure dolor in reprehenderit in voluptate velit esse cillum dolore eu fugiat nulla pariatur. Excepteur sint occaecat cupidatat non pro', TIMESTAMP '2019-10-21 10:19:29.74', 4, 'This winning Proposal is now a Law', 22, 3, 343),
(364, TIMESTAMP '2019-10-19 10:19:29.818', TIMESTAMP '2019-11-08 09:19:33.829', 'Lorem ipsum dolor sit amet, consectetur adipiscing elit, sed do eiusmod tempor incididunt ut labore et dolore magna aliqua. Ut enim ad minim veniam, quis nostrud exercitation ullamco laboris nisi ut aliquip ex ea commodo consequat. Duis aute irure dolor in reprehenderit in voluptate velit esse cillum dolore eu fugiat nulla pariatur. Excepteur sint ', TIMESTAMP '2019-10-21 10:19:29.816', 5, 'Proposal 4 in voting phase 1573201169867', 22, 5, 343),
(386, TIMESTAMP '2019-10-19 09:19:33.852', TIMESTAMP '2019-11-08 09:19:33.852', 'Lorem ipsum dolor sit amet, consectetur adipiscing elit, sed do eiusmod tempor incididunt ut labore et dolore magna aliqua. Ut enim ad minim veniam, quis nostrud exercitation ullamco laboris nisi ut aliquip ex ea commodo consequat. Duis aute irure dolor in reprehenderit in voluptate vel', TIMESTAMP '2019-10-15 10:19:33.849', 4, 'Law 0', 22, 1, NULL),
(387, TIMESTAMP '2019-10-18 09:19:33.866', TIMESTAMP '2019-11-08 09:19:33.866', 'Lorem ipsum dolor sit amet, consectetur adipiscing elit, sed do eiusmod tempor incididunt ut labore et dolore magna aliqua. Ut enim ad minim veniam, quis nostrud exercitation ullamco laboris nisi ut aliquip ex ea commodo consequat. D', TIMESTAMP '2019-10-15 10:19:33.864', 4, 'Law 1', 22, 1, NULL);
CREATE MEMORY TABLE PUBLIC.LAWS_COMMENTS(
LAW_MODEL_ID BIGINT NOT NULL,
COMMENTS_ID BIGINT NOT NULL
);
ALTER TABLE PUBLIC.LAWS_COMMENTS ADD CONSTRAINT PUBLIC.CONSTRAINT_A0 PRIMARY KEY(LAW_MODEL_ID, COMMENTS_ID);
-- 25 +/- SELECT COUNT(*) FROM PUBLIC.LAWS_COMMENTS;
INSERT INTO PUBLIC.LAWS_COMMENTS(LAW_MODEL_ID, COMMENTS_ID) VALUES
(194, 195),
(202, 203),
(209, 210),
(216, 217),
(223, 224),
(237, 238),
(244, 245),
(248, 249),
(252, 253),
(259, 260),
(266, 267),
(272, 273),
(277, 278),
(282, 283),
(288, 289),
(295, 296),
(300, 301),
(305, 306),
(311, 312),
(318, 319),
(338, 339),
(344, 345),
(352, 353),
(357, 358),
(364, 365);
CREATE MEMORY TABLE PUBLIC.LAWS_SUPPORTERS(
LAW_MODEL_ID BIGINT NOT NULL,
SUPPORTERS_ID BIGINT NOT NULL
);
ALTER TABLE PUBLIC.LAWS_SUPPORTERS ADD CONSTRAINT PUBLIC.CONSTRAINT_C PRIMARY KEY(LAW_MODEL_ID, SUPPORTERS_ID);
-- 1198 +/- SELECT COUNT(*) FROM PUBLIC.LAWS_SUPPORTERS;
INSERT INTO PUBLIC.LAWS_SUPPORTERS(LAW_MODEL_ID, SUPPORTERS_ID) VALUES
(32, 17),
(32, 12),
(32, 19),
(32, 20),
(32, 15),
(34, 15),
(34, 6),
(34, 5),
(34, 17),
(34, 16),
(35, 6),
(35, 4),
(35, 19),
(35, 12),
(35, 10),
(35, 9),
(35, 8),
(36, 1),
(36, 14),
(36, 17),
(36, 16),
(36, 10),
(37, 6),
(37, 1),
(38, 3),
(38, 2),
(38, 12),
(38, 9),
(38, 6),
(39, 14),
(39, 4),
(39, 13),
(39, 17),
(39, 19),
(39, 9),
(40, 2),
(40, 6),
(40, 5),
(42, 8),
(42, 6),
(42, 20),
(42, 3),
(42, 12),
(42, 15),
(42, 1),
(43, 2),
(43, 1),
(43, 20),
(43, 5),
(44, 14),
(44, 20),
(44, 7),
(44, 1),
(44, 15),
(45, 19),
(46, 4),
(46, 18),
(47, 4),
(47, 3),
(47, 17),
(47, 1),
(47, 9),
(47, 6),
(48, 6),
(48, 16),
(48, 13),
(48, 1),
(48, 18),
(48, 9),
(48, 7),
(49, 19),
(49, 7),
(49, 14),
(49, 20),
(49, 13),
(49, 1),
(49, 18),
(50, 10),
(50, 3),
(50, 8),
(50, 20),
(51, 7),
(51, 12),
(51, 15),
(51, 16),
(51, 1),
(52, 9),
(52, 19),
(52, 2),
(53, 16),
(53, 3),
(54, 13),
(54, 2),
(55, 18),
(55, 15),
(55, 20),
(55, 13),
(55, 19),
(55, 11),
(55, 12),
(55, 14),
(56, 14),
(56, 2),
(56, 20),
(56, 1),
(56, 15),
(56, 9),
(56, 16),
(56, 6),
(58, 17),
(58, 20),
(59, 4),
(59, 7),
(59, 11),
(59, 6),
(60, 18),
(60, 20),
(60, 8),
(60, 4),
(62, 16),
(62, 1),
(63, 12),
(63, 17),
(63, 19),
(63, 2),
(63, 7),
(64, 3),
(65, 3),
(65, 5),
(65, 18),
(66, 18),
(66, 1),
(66, 17),
(66, 4),
(66, 8),
(66, 14),
(66, 20),
(67, 6),
(67, 15),
(67, 20),
(68, 10),
(68, 12),
(69, 18),
(69, 1),
(69, 15),
(69, 17),
(69, 16),
(69, 19),
(69, 8),
(69, 6),
(70, 12),
(70, 4),
(70, 14),
(70, 5),
(70, 15),
(70, 18),
(71, 2),
(71, 4),
(71, 18),
(71, 7),
(71, 20),
(71, 15),
(73, 18),
(73, 11),
(73, 7),
(73, 9),
(73, 15),
(73, 16),
(73, 14),
(73, 4),
(74, 17),
(74, 18),
(75, 5),
(75, 12),
(75, 1),
(75, 4),
(75, 14),
(75, 19),
(75, 7),
(75, 20),
(76, 5),
(77, 9),
(78, 19),
(78, 17),
(78, 13),
(78, 8),
(81, 8),
(82, 13),
(82, 12),
(82, 2),
(82, 11),
(82, 8),
(82, 9),
(82, 20),
(82, 3),
(83, 19),
(83, 12),
(83, 17),
(83, 18),
(83, 2),
(83, 20),
(84, 5),
(84, 9),
(84, 14),
(86, 6),
(86, 9),
(86, 13),
(88, 19),
(88, 13),
(88, 15),
(88, 12),
(91, 18),
(91, 12),
(91, 2),
(92, 20),
(93, 6),
(93, 7),
(93, 9),
(94, 18),
(94, 1),
(94, 7),
(94, 10),
(94, 14),
(94, 9),
(95, 15),
(95, 14),
(95, 7),
(95, 12),
(95, 6),
(95, 13),
(95, 3),
(96, 9),
(97, 1),
(97, 13),
(97, 17),
(97, 2),
(97, 18),
(98, 9),
(99, 6),
(99, 10),
(99, 2),
(99, 8),
(99, 18),
(100, 5),
(100, 12),
(100, 11),
(101, 12),
(101, 1),
(101, 4),
(101, 14),
(101, 18),
(101, 20),
(101, 5),
(101, 3),
(102, 9),
(102, 10),
(102, 14),
(102, 15),
(102, 3),
(102, 17),
(103, 19),
(103, 3),
(103, 20),
(103, 1),
(103, 4),
(103, 16),
(104, 15),
(104, 18),
(105, 14),
(105, 5),
(105, 16),
(105, 9),
(105, 19),
(105, 18),
(105, 2),
(105, 6),
(106, 3),
(106, 18),
(106, 2),
(106, 16),
(106, 19),
(107, 9),
(107, 20),
(107, 1),
(107, 6),
(107, 13),
(107, 5),
(108, 5),
(108, 4),
(109, 18),
(109, 14),
(109, 7),
(109, 5),
(109, 2),
(109, 10),
(110, 19),
(110, 14),
(110, 2),
(111, 14),
(111, 13),
(112, 6),
(112, 17),
(112, 16),
(112, 18),
(112, 13),
(112, 4),
(113, 8),
(113, 17),
(113, 3),
(113, 4),
(113, 15),
(114, 2),
(114, 4),
(114, 20),
(114, 5),
(116, 10),
(116, 15),
(116, 5),
(117, 1),
(117, 18),
(117, 2),
(118, 3),
(118, 18),
(118, 19),
(118, 15),
(118, 12),
(118, 7),
(119, 18),
(119, 6),
(119, 9),
(120, 10),
(120, 15),
(120, 9),
(120, 13),
(120, 3),
(120, 20),
(120, 11),
(120, 1),
(122, 14),
(122, 5),
(122, 4),
(122, 10),
(122, 16),
(123, 5),
(124, 10),
(124, 9),
(124, 8),
(124, 7),
(124, 18),
(124, 13),
(125, 1),
(125, 15),
(125, 11),
(125, 9),
(125, 10),
(125, 4),
(125, 19),
(125, 12),
(126, 6),
(126, 4),
(126, 1),
(126, 7),
(126, 5),
(127, 6),
(127, 13),
(128, 14),
(128, 12),
(129, 17),
(129, 15),
(129, 20),
(130, 13),
(130, 18),
(130, 15),
(130, 11),
(130, 19),
(130, 5),
(131, 15),
(131, 4),
(131, 19),
(131, 11),
(131, 10),
(134, 10),
(134, 14),
(135, 20),
(135, 11),
(135, 10),
(135, 16),
(135, 7),
(135, 9),
(136, 12),
(136, 6),
(136, 18),
(136, 11),
(136, 10),
(137, 4),
(137, 9),
(137, 5),
(138, 7),
(138, 14),
(138, 9),
(139, 9),
(139, 16),
(139, 17),
(139, 2),
(140, 11);
INSERT INTO PUBLIC.LAWS_SUPPORTERS(LAW_MODEL_ID, SUPPORTERS_ID) VALUES
(140, 10),
(141, 2),
(141, 6),
(142, 1),
(142, 11),
(142, 6),
(142, 14),
(143, 3),
(144, 17),
(144, 7),
(144, 13),
(144, 1),
(144, 6),
(144, 9),
(144, 12),
(144, 10),
(144, 4),
(144, 5),
(145, 18),
(145, 4),
(145, 9),
(145, 1),
(145, 20),
(145, 13),
(145, 2),
(145, 5),
(145, 8),
(145, 15),
(146, 2),
(146, 10),
(146, 8),
(146, 11),
(146, 18),
(146, 1),
(146, 4),
(146, 15),
(146, 13),
(146, 19),
(147, 6),
(147, 1),
(147, 13),
(147, 14),
(147, 17),
(147, 16),
(147, 4),
(147, 7),
(147, 3),
(147, 11),
(148, 1),
(148, 11),
(148, 3),
(148, 19),
(148, 7),
(148, 8),
(148, 14),
(148, 2),
(148, 15),
(148, 5),
(149, 15),
(149, 18),
(149, 12),
(149, 4),
(149, 13),
(149, 16),
(149, 20),
(149, 9),
(149, 11),
(149, 3),
(150, 8),
(150, 3),
(150, 16),
(150, 15),
(150, 1),
(150, 9),
(150, 5),
(150, 13),
(150, 4),
(150, 14),
(151, 12),
(151, 13),
(151, 4),
(151, 10),
(151, 3),
(151, 15),
(151, 6),
(151, 19),
(151, 8),
(151, 17),
(152, 17),
(152, 4),
(152, 6),
(152, 9),
(152, 19),
(152, 18),
(152, 7),
(152, 16),
(152, 10),
(152, 5),
(153, 18),
(153, 6),
(153, 2),
(153, 15),
(153, 12),
(153, 1),
(153, 3),
(153, 16),
(153, 5),
(153, 20),
(154, 15),
(154, 6),
(154, 12),
(154, 13),
(154, 11),
(154, 18),
(154, 2),
(154, 7),
(154, 17),
(154, 16),
(155, 7),
(155, 20),
(155, 2),
(155, 18),
(155, 10),
(155, 11),
(155, 19),
(155, 13),
(155, 1),
(155, 14),
(156, 15),
(156, 17),
(156, 19),
(156, 10),
(156, 4),
(156, 5),
(156, 8),
(156, 12),
(156, 7),
(156, 16),
(157, 4),
(157, 18),
(157, 3),
(157, 6),
(157, 2),
(157, 14),
(157, 19),
(157, 5),
(157, 15),
(157, 17),
(158, 20),
(158, 16),
(158, 12),
(158, 11),
(158, 8),
(158, 9),
(158, 14),
(158, 10),
(158, 1),
(158, 4),
(159, 8),
(159, 11),
(159, 10),
(159, 1),
(159, 15),
(159, 17),
(159, 9),
(159, 18),
(159, 13),
(159, 4),
(160, 11),
(160, 10),
(160, 15),
(160, 8),
(160, 5),
(160, 14),
(160, 9),
(160, 13),
(160, 12),
(160, 17),
(161, 15),
(161, 18),
(161, 6),
(161, 20),
(161, 5),
(161, 17),
(161, 19),
(161, 11),
(161, 7),
(161, 1),
(162, 10),
(162, 15),
(162, 5),
(162, 16),
(162, 19),
(162, 2),
(162, 7),
(162, 11),
(162, 20),
(162, 4),
(163, 11),
(163, 17),
(163, 1),
(163, 5),
(163, 14),
(163, 19),
(163, 13),
(163, 20),
(163, 7),
(163, 12),
(164, 12),
(164, 7),
(164, 5),
(164, 6),
(164, 18),
(164, 14),
(164, 20),
(164, 11),
(164, 2),
(164, 19),
(165, 10),
(165, 1),
(165, 17),
(165, 18),
(165, 6),
(165, 14),
(165, 2),
(165, 15),
(165, 11),
(165, 19),
(166, 10),
(166, 1),
(166, 4),
(166, 16),
(166, 9),
(166, 18),
(166, 3),
(166, 12),
(166, 15),
(166, 19),
(167, 8),
(167, 7),
(167, 3),
(167, 16),
(167, 12),
(167, 13),
(167, 1),
(167, 17),
(167, 6),
(167, 20),
(168, 4),
(168, 3),
(168, 16),
(168, 18),
(168, 9),
(168, 13),
(168, 10),
(168, 20),
(168, 15),
(168, 7),
(169, 5),
(169, 13),
(169, 14),
(169, 12),
(169, 20),
(169, 18),
(169, 19),
(169, 2),
(169, 17),
(169, 15),
(170, 11),
(170, 17),
(170, 14),
(170, 2),
(170, 3),
(170, 1),
(170, 4),
(170, 18),
(170, 15),
(170, 7),
(171, 12),
(171, 14),
(171, 4),
(171, 11),
(171, 17),
(171, 20),
(171, 1),
(171, 18),
(171, 2),
(171, 3),
(172, 15),
(172, 14),
(172, 7),
(172, 8),
(172, 11),
(172, 4),
(172, 16),
(172, 1),
(172, 18),
(172, 5),
(173, 16),
(173, 5),
(173, 12),
(173, 15),
(173, 14),
(173, 13),
(173, 1),
(173, 6),
(173, 19),
(173, 17),
(174, 8),
(174, 11),
(174, 13),
(174, 6),
(174, 2),
(174, 15),
(174, 17),
(174, 5),
(174, 10),
(174, 3),
(175, 10),
(175, 11),
(175, 12),
(175, 4),
(175, 15),
(175, 5),
(175, 6),
(175, 16),
(175, 20),
(175, 7),
(176, 2),
(176, 9),
(176, 16),
(176, 17),
(176, 14),
(176, 3),
(176, 19),
(176, 15),
(176, 6),
(176, 5),
(177, 10),
(177, 3),
(177, 8),
(177, 17),
(177, 2),
(177, 19),
(177, 4),
(177, 16),
(177, 6),
(177, 15),
(178, 5),
(178, 14),
(178, 15),
(178, 6),
(178, 12),
(178, 1),
(178, 18),
(178, 13),
(178, 16),
(178, 20),
(179, 12),
(179, 16),
(179, 11),
(179, 7),
(179, 15),
(179, 18),
(179, 14),
(179, 13),
(179, 19),
(179, 4),
(180, 8),
(180, 17),
(180, 7),
(180, 11),
(180, 5),
(180, 6),
(180, 18),
(180, 20),
(180, 1),
(180, 15),
(181, 17),
(181, 18),
(181, 8);
INSERT INTO PUBLIC.LAWS_SUPPORTERS(LAW_MODEL_ID, SUPPORTERS_ID) VALUES
(181, 5),
(181, 13),
(181, 11),
(181, 1),
(181, 2),
(181, 16),
(181, 14),
(182, 6),
(182, 19),
(182, 9),
(182, 17),
(182, 16),
(182, 20),
(182, 18),
(182, 3),
(182, 11),
(182, 10),
(183, 1),
(183, 13),
(183, 8),
(183, 2),
(183, 9),
(183, 20),
(183, 16),
(183, 19),
(183, 14),
(183, 3),
(184, 3),
(184, 8),
(184, 7),
(184, 11),
(184, 16),
(184, 4),
(184, 18),
(184, 2),
(184, 12),
(184, 9),
(185, 18),
(185, 19),
(185, 9),
(185, 7),
(185, 14),
(185, 16),
(185, 17),
(185, 10),
(185, 1),
(185, 12),
(186, 13),
(186, 5),
(186, 14),
(186, 19),
(186, 11),
(186, 17),
(186, 2),
(186, 12),
(186, 15),
(186, 10),
(187, 11),
(187, 14),
(187, 9),
(187, 4),
(187, 5),
(187, 2),
(187, 15),
(187, 3),
(187, 19),
(187, 18),
(188, 3),
(188, 4),
(188, 12),
(188, 17),
(188, 18),
(188, 11),
(188, 9),
(188, 13),
(188, 2),
(188, 6),
(189, 5),
(189, 2),
(189, 15),
(189, 3),
(189, 14),
(189, 6),
(189, 10),
(189, 9),
(189, 13),
(189, 11),
(190, 3),
(190, 2),
(190, 8),
(190, 9),
(190, 11),
(190, 14),
(190, 15),
(190, 4),
(190, 10),
(190, 16),
(191, 4),
(191, 20),
(191, 19),
(191, 14),
(191, 12),
(191, 5),
(191, 3),
(191, 18),
(191, 2),
(191, 8),
(192, 15),
(192, 10),
(192, 7),
(192, 20),
(192, 16),
(192, 12),
(192, 8),
(192, 2),
(192, 14),
(192, 18),
(193, 14),
(193, 2),
(193, 15),
(193, 11),
(193, 16),
(193, 3),
(193, 5),
(193, 12),
(193, 17),
(193, 9),
(194, 15),
(194, 19),
(194, 4),
(194, 10),
(194, 17),
(194, 12),
(194, 18),
(194, 6),
(194, 20),
(194, 9),
(202, 6),
(202, 18),
(202, 10),
(202, 3),
(202, 16),
(202, 14),
(202, 19),
(202, 20),
(202, 11),
(202, 13),
(209, 4),
(209, 12),
(209, 13),
(209, 6),
(209, 17),
(209, 20),
(209, 7),
(209, 9),
(209, 8),
(209, 19),
(216, 12),
(216, 17),
(216, 5),
(216, 2),
(216, 3),
(216, 9),
(216, 20),
(216, 8),
(216, 6),
(216, 10),
(223, 12),
(223, 15),
(223, 4),
(223, 11),
(223, 2),
(223, 14),
(223, 20),
(223, 7),
(223, 19),
(223, 16),
(237, 18),
(237, 2),
(237, 14),
(237, 8),
(237, 9),
(237, 3),
(237, 16),
(237, 10),
(237, 20),
(237, 5),
(244, 19),
(244, 13),
(244, 11),
(244, 8),
(244, 4),
(244, 9),
(244, 5),
(244, 16),
(244, 3),
(244, 1),
(248, 20),
(248, 19),
(248, 10),
(248, 3),
(248, 12),
(248, 14),
(248, 6),
(248, 8),
(248, 9),
(248, 2),
(252, 15),
(252, 20),
(252, 9),
(252, 19),
(252, 18),
(252, 2),
(252, 4),
(252, 5),
(252, 16),
(252, 12),
(259, 1),
(259, 13),
(259, 8),
(259, 9),
(259, 17),
(259, 2),
(259, 10),
(259, 3),
(259, 18),
(259, 20),
(266, 17),
(266, 20),
(266, 4),
(266, 8),
(266, 15),
(266, 18),
(266, 12),
(266, 9),
(266, 1),
(266, 11),
(272, 2),
(272, 12),
(272, 11),
(272, 19),
(272, 7),
(272, 10),
(272, 13),
(272, 5),
(272, 18),
(272, 1),
(277, 18),
(277, 19),
(277, 1),
(277, 4),
(277, 12),
(277, 9),
(277, 15),
(277, 6),
(277, 20),
(277, 5),
(282, 6),
(282, 17),
(282, 1),
(282, 8),
(282, 5),
(282, 19),
(282, 14),
(282, 16),
(282, 9),
(282, 4),
(288, 10),
(288, 12),
(288, 20),
(288, 18),
(288, 14),
(288, 2),
(288, 11),
(288, 19),
(288, 17),
(288, 1),
(295, 2),
(295, 6),
(295, 9),
(295, 4),
(295, 17),
(295, 7),
(295, 12),
(295, 15),
(295, 20),
(295, 11),
(300, 9),
(300, 14),
(300, 10),
(300, 1),
(300, 20),
(300, 5),
(300, 17),
(300, 11),
(300, 7),
(300, 12),
(305, 16),
(305, 15),
(305, 3),
(305, 5),
(305, 10),
(305, 8),
(305, 11),
(305, 17),
(305, 2),
(305, 18),
(311, 10),
(311, 15),
(311, 17),
(311, 20),
(311, 13),
(311, 19),
(311, 14),
(311, 12),
(311, 8),
(311, 16),
(318, 16),
(318, 13),
(318, 2),
(318, 20),
(318, 18),
(318, 17),
(318, 8),
(318, 12),
(318, 7),
(318, 19),
(338, 14),
(338, 17),
(338, 9),
(338, 11),
(338, 2),
(338, 12),
(338, 3),
(338, 10),
(338, 6),
(338, 1),
(344, 14),
(344, 19),
(344, 13),
(344, 10),
(344, 2),
(344, 12),
(344, 8),
(344, 6),
(344, 16),
(344, 17),
(352, 19),
(352, 12),
(352, 20),
(352, 4),
(352, 13),
(352, 15),
(352, 9),
(352, 2),
(352, 14),
(352, 18),
(357, 20),
(357, 8),
(357, 19),
(357, 17),
(357, 12),
(357, 11),
(357, 2),
(357, 18),
(357, 16),
(357, 9),
(364, 9),
(364, 6),
(364, 19),
(364, 15),
(364, 1),
(364, 8),
(364, 18),
(364, 12),
(364, 2),
(364, 3),
(386, 18),
(386, 19),
(386, 10),
(386, 20);
INSERT INTO PUBLIC.LAWS_SUPPORTERS(LAW_MODEL_ID, SUPPORTERS_ID) VALUES
(386, 13),
(386, 5),
(386, 4),
(386, 2),
(386, 11),
(386, 3),
(386, 7),
(386, 16),
(386, 17),
(386, 15),
(386, 8),
(386, 14),
(386, 9),
(386, 6),
(386, 12),
(387, 16),
(387, 14),
(387, 3),
(387, 10),
(387, 18),
(387, 11),
(387, 15),
(387, 17),
(387, 13),
(387, 5),
(387, 7),
(387, 19),
(387, 20),
(387, 2),
(387, 8),
(387, 4);
CREATE MEMORY TABLE PUBLIC.ONE_TIME_TOKEN(
ID BIGINT NOT NULL,
CREATED_AT TIMESTAMP NOT NULL,
UPDATED_AT TIMESTAMP NOT NULL,
TOKEN VARCHAR(255) NOT NULL,
TOKEN_TYPE INTEGER NOT NULL,
VALID_UNTIL TIMESTAMP NOT NULL,
USER_ID BIGINT NOT NULL
);
ALTER TABLE PUBLIC.ONE_TIME_TOKEN ADD CONSTRAINT PUBLIC.CONSTRAINT_4 PRIMARY KEY(ID);
-- 0 +/- SELECT COUNT(*) FROM PUBLIC.ONE_TIME_TOKEN;
CREATE MEMORY TABLE PUBLIC.POLLS(
ID BIGINT NOT NULL,
CREATED_AT TIMESTAMP NOT NULL,
UPDATED_AT TIMESTAMP NOT NULL,
DUEL_MATRIX VARCHAR(255),
STATUS INTEGER,
TITLE VARCHAR(255),
VOTING_END_AT TIMESTAMP,
VOTING_START_AT TIMESTAMP,
WINNER_ID BIGINT
);
ALTER TABLE PUBLIC.POLLS ADD CONSTRAINT PUBLIC.CONSTRAINT_48 PRIMARY KEY(ID);
-- 4 +/- SELECT COUNT(*) FROM PUBLIC.POLLS;
INSERT INTO PUBLIC.POLLS(ID, CREATED_AT, UPDATED_AT, DUEL_MATRIX, STATUS, TITLE, VOTING_END_AT, VOTING_START_AT, WINNER_ID) VALUES
(243, TIMESTAMP '2019-11-01 09:19:23.598', TIMESTAMP '2019-11-01 09:19:23.598', '', 0, 'Poll from TestDataCreator 3388', TIMESTAMP '2019-12-06 00:00:00', TIMESTAMP '2019-11-22 00:00:00', NULL),
(271, TIMESTAMP '2019-10-24 10:19:23.83', TIMESTAMP '2019-11-08 09:19:23.853', '', 1, 'Poll in voting phase 3845', TIMESTAMP '2019-11-21 00:00:00', TIMESTAMP '2019-11-07 09:19:23.845', NULL),
(299, TIMESTAMP '2019-10-24 10:19:24.044', TIMESTAMP '2019-11-08 09:19:29.634', '[]', 1, 'Poll in voting phase 4056', TIMESTAMP '2019-11-21 00:00:00', TIMESTAMP '2019-11-07 09:19:24.056', NULL),
(343, TIMESTAMP '2019-10-06 10:19:29.923', TIMESTAMP '2019-11-08 09:19:33.837', '[[0,6,7,11,9],[8,0,9,9,8],[8,7,0,6,7],[5,7,7,0,5],[5,6,6,7,0]]', 2, 'Finished Poll 9913', TIMESTAMP '2019-11-08 09:19:33.813', TIMESTAMP '2019-10-20 09:19:29.913', 357);
CREATE MEMORY TABLE PUBLIC.USERS(
ID BIGINT NOT NULL,
CREATED_AT TIMESTAMP NOT NULL,
UPDATED_AT TIMESTAMP NOT NULL,
EMAIL VARCHAR(255) NOT NULL,
LAST_LOGIN TIMESTAMP,
MOBILEPHONE VARCHAR(255),
NAME VARCHAR(255),
PICTURE VARCHAR(255),
WEBSITE VARCHAR(255)
);
ALTER TABLE PUBLIC.USERS ADD CONSTRAINT PUBLIC.CONSTRAINT_4D PRIMARY KEY(ID);
-- 21 +/- SELECT COUNT(*) FROM PUBLIC.USERS;
INSERT INTO PUBLIC.USERS(ID, CREATED_AT, UPDATED_AT, EMAIL, LAST_LOGIN, MOBILEPHONE, NAME, PICTURE, WEBSITE) VALUES
(1, TIMESTAMP '2019-11-08 09:19:14.692', TIMESTAMP '2019-11-08 09:19:14.692', 'testuser1@liquido.de', NULL, '+49123451', 'Donald Duck', '/static/img/avatars/Avatar1.png', 'http://www.liquido.de'),
(2, TIMESTAMP '2019-11-08 09:19:14.791', TIMESTAMP '2019-11-08 09:19:14.791', 'testuser2@liquido.de', NULL, '+49123452', 'Test User2', '/static/img/avatars/Avatar2.png', 'http://www.liquido.de'),
(3, TIMESTAMP '2019-11-08 09:19:14.796', TIMESTAMP '2019-11-08 09:19:14.796', 'testuser3@liquido.de', NULL, '+49123453', 'Test User3', '/static/img/avatars/Avatar3.png', 'http://www.liquido.de'),
(4, TIMESTAMP '2019-11-08 09:19:14.801', TIMESTAMP '2019-11-08 09:19:14.801', 'testuser4@liquido.de', NULL, '+49123454', 'Test User4', '/static/img/avatars/Avatar4.png', 'http://www.liquido.de'),
(5, TIMESTAMP '2019-11-08 09:19:14.807', TIMESTAMP '2019-11-08 09:19:14.807', 'testuser5@liquido.de', NULL, '+49123455', 'Test User5', '/static/img/avatars/Avatar5.png', 'http://www.liquido.de'),
(6, TIMESTAMP '2019-11-08 09:19:14.811', TIMESTAMP '2019-11-08 09:19:14.811', 'testuser6@liquido.de', NULL, '+49123456', 'Test User6', '/static/img/avatars/Avatar6.png', 'http://www.liquido.de'),
(7, TIMESTAMP '2019-11-08 09:19:14.817', TIMESTAMP '2019-11-08 09:19:14.817', 'testuser7@liquido.de', NULL, '+49123457', 'Test User7', '/static/img/avatars/Avatar7.png', 'http://www.liquido.de'),
(8, TIMESTAMP '2019-11-08 09:19:14.823', TIMESTAMP '2019-11-08 09:19:14.823', 'testuser8@liquido.de', NULL, '+49123458', 'Test User8', '/static/img/avatars/Avatar8.png', 'http://www.liquido.de'),
(9, TIMESTAMP '2019-11-08 09:19:14.828', TIMESTAMP '2019-11-08 09:19:14.828', 'testuser9@liquido.de', NULL, '+49123459', 'Test User9', '/static/img/avatars/Avatar9.png', 'http://www.liquido.de'),
(10, TIMESTAMP '2019-11-08 09:19:14.833', TIMESTAMP '2019-11-08 09:19:14.833', 'testuser10@liquido.de', NULL, '+491234510', 'Test User10', '/static/img/avatars/Avatar10.png', 'http://www.liquido.de'),
(11, TIMESTAMP '2019-11-08 09:19:14.848', TIMESTAMP '2019-11-08 09:19:14.848', 'testuser11@liquido.de', NULL, '+491234511', 'Test User11', '/static/img/avatars/Avatar11.png', 'http://www.liquido.de'),
(12, TIMESTAMP '2019-11-08 09:19:14.859', TIMESTAMP '2019-11-08 09:19:14.859', 'testuser12@liquido.de', NULL, '+491234512', 'Test User12', '/static/img/avatars/Avatar12.png', 'http://www.liquido.de'),
(13, TIMESTAMP '2019-11-08 09:19:14.862', TIMESTAMP '2019-11-08 09:19:14.862', 'testuser13@liquido.de', NULL, '+491234513', 'Test User13', '/static/img/avatars/Avatar13.png', 'http://www.liquido.de'),
(14, TIMESTAMP '2019-11-08 09:19:14.866', TIMESTAMP '2019-11-08 09:19:14.866', 'testuser14@liquido.de', NULL, '+491234514', 'Test User14', '/static/img/avatars/Avatar14.png', 'http://www.liquido.de'),
(15, TIMESTAMP '2019-11-08 09:19:14.87', TIMESTAMP '2019-11-08 09:19:14.87', 'testuser15@liquido.de', NULL, '+491234515', 'Test User15', '/static/img/avatars/Avatar15.png', 'http://www.liquido.de'),
(16, TIMESTAMP '2019-11-08 09:19:14.875', TIMESTAMP '2019-11-08 09:19:14.875', 'testuser16@liquido.de', NULL, '+491234516', 'Test User16', '/static/img/avatars/Avatar16.png', 'http://www.liquido.de'),
(17, TIMESTAMP '2019-11-08 09:19:14.878', TIMESTAMP '2019-11-08 09:19:14.878', 'testuser17@liquido.de', NULL, '+491234517', 'Test User17', '/static/img/avatars/Avatar1.png', 'http://www.liquido.de'),
(18, TIMESTAMP '2019-11-08 09:19:14.881', TIMESTAMP '2019-11-08 09:19:14.881', 'testuser18@liquido.de', NULL, '+491234518', 'Test User18', '/static/img/avatars/Avatar2.png', 'http://www.liquido.de'),
(19, TIMESTAMP '2019-11-08 09:19:14.893', TIMESTAMP '2019-11-08 09:19:14.893', 'testuser19@liquido.de', NULL, '+491234519', 'Test User19', '/static/img/avatars/Avatar3.png', 'http://www.liquido.de'),
(20, TIMESTAMP '2019-11-08 09:19:14.898', TIMESTAMP '2019-11-08 09:19:14.898', 'testuser20@liquido.de', NULL, '+491234520', 'Test User20', '/static/img/avatars/Avatar4.png', 'http://www.liquido.de'),
(21, TIMESTAMP '2019-11-08 09:19:14.901', TIMESTAMP '2019-11-08 09:19:14.901', 'admin@liquido.de', NULL, '+491234567890', 'Secret Admin Name', NULL, NULL);
-- 0 +/- SELECT COUNT(*) FROM PUBLIC.QRTZ_CALENDARS;
-- 0 +/- SELECT COUNT(*) FROM PUBLIC.QRTZ_CRON_TRIGGERS;
-- 0 +/- SELECT COUNT(*) FROM PUBLIC.QRTZ_FIRED_TRIGGERS;
-- 0 +/- SELECT COUNT(*) FROM PUBLIC.QRTZ_PAUSED_TRIGGER_GRPS;
-- 0 +/- SELECT COUNT(*) FROM PUBLIC.QRTZ_SCHEDULER_STATE;
-- 0 +/- SELECT COUNT(*) FROM PUBLIC.QRTZ_LOCKS;
-- 0 +/- SELECT COUNT(*) FROM PUBLIC.QRTZ_JOB_DETAILS;
-- 0 +/- SELECT COUNT(*) FROM PUBLIC.QRTZ_SIMPLE_TRIGGERS;
-- 0 +/- SELECT COUNT(*) FROM PUBLIC.QRTZ_SIMPROP_TRIGGERS;
-- 0 +/- SELECT COUNT(*) FROM PUBLIC.QRTZ_BLOB_TRIGGERS;
-- 0 +/- SELECT COUNT(*) FROM PUBLIC.QRTZ_TRIGGERS;
ALTER TABLE PUBLIC.AREAS ADD CONSTRAINT PUBLIC.UK_P61HNJ1M450KNDUSCXOLDCHFJ UNIQUE(TITLE);
ALTER TABLE PUBLIC.KEY_VALUE ADD CONSTRAINT PUBLIC.UK_8TE0DHIEXEOWA1RGVA302TO1L UNIQUE(KEY_COL);
ALTER TABLE PUBLIC.USERS ADD CONSTRAINT PUBLIC.UK_6DOTKOTT2KJSP8VW4D0M25FB7 UNIQUE(EMAIL);
ALTER TABLE PUBLIC.LAWS ADD CONSTRAINT PUBLIC.UK_BS516OPV3HONTPTWVPIOOS72B UNIQUE(TITLE);
ALTER TABLE PUBLIC.DELEGATIONS ADD CONSTRAINT PUBLIC.UK2WYH7POIF8NPDWLUR8DFORD0J UNIQUE(AREA_ID, FROM_USER_ID);
ALTER TABLE PUBLIC.LAWS_COMMENTS ADD CONSTRAINT PUBLIC.UK_OF3YV6X3MAHJPHJBJE5XHRXC8 UNIQUE(COMMENTS_ID);
ALTER TABLE PUBLIC.BALLOTS ADD CONSTRAINT PUBLIC.UKHWWEPK8N3CE54LEREWX2FMYXF UNIQUE(POLL_ID, CHECKSUM);
ALTER TABLE PUBLIC.USERS ADD CONSTRAINT PUBLIC.UK_70QE9WOFM8UJ2PEANWKPHERRM UNIQUE(MOBILEPHONE);
ALTER TABLE PUBLIC.CHECKSUMS ADD CONSTRAINT PUBLIC.UKL0XNKLNHLK4PTWSU9B0QXTYBN UNIQUE(AREA_ID, PUBLIC_PROXY_ID);
ALTER TABLE PUBLIC.AREAS ADD CONSTRAINT PUBLIC.FKP9N0U4HM2Q1O7V0068C8GD4EL FOREIGN KEY(CREATED_BY_ID) REFERENCES PUBLIC.USERS(ID) NOCHECK;
ALTER TABLE PUBLIC.DELEGATIONS ADD CONSTRAINT PUBLIC.FK1Y1R0D478R9NTDMUIYKKUHADV FOREIGN KEY(REQUESTED_DELEGATION_FROM_CHECKSUM_CHECKSUM) REFERENCES PUBLIC.CHECKSUMS(CHECKSUM) NOCHECK;
ALTER TABLE PUBLIC.DELEGATIONS ADD CONSTRAINT PUBLIC.FKSWBDEOVC7HSQ5EX30PBMDU9D4 FOREIGN KEY(AREA_ID) REFERENCES PUBLIC.AREAS(ID) NOCHECK;
ALTER TABLE PUBLIC.LAWS ADD CONSTRAINT PUBLIC.FK4QUHD81MM84X6RQ0CCBXSEYXX FOREIGN KEY(POLL_ID) REFERENCES PUBLIC.POLLS(ID) NOCHECK;
ALTER TABLE PUBLIC.LAWS_SUPPORTERS ADD CONSTRAINT PUBLIC.FK9B4I87YIKUCHRIRFJAYMGOHE3 FOREIGN KEY(LAW_MODEL_ID) REFERENCES PUBLIC.LAWS(ID) NOCHECK;
ALTER TABLE PUBLIC.BALLOTS ADD CONSTRAINT PUBLIC.FKOG7SHPLJ1CCOH8N9AO4Y16LQ3 FOREIGN KEY(POLL_ID) REFERENCES PUBLIC.POLLS(ID) NOCHECK;
ALTER TABLE PUBLIC.COMMENTS_DOWN_VOTERS ADD CONSTRAINT PUBLIC.FK62ILAC17TG4CPKRHEONUD72HV FOREIGN KEY(DOWN_VOTERS_ID) REFERENCES PUBLIC.USERS(ID) NOCHECK;
ALTER TABLE PUBLIC.CHECKSUMS ADD CONSTRAINT PUBLIC.FKDFLPSE9FSOGY1FMFDY2W79RG FOREIGN KEY(DELEGATED_TO_CHECKSUM) REFERENCES PUBLIC.CHECKSUMS(CHECKSUM) NOCHECK;
ALTER TABLE PUBLIC.BALLOTS_VOTE_ORDER ADD CONSTRAINT PUBLIC.FKIH6THEWVJEH3OW9DL1YTJ9AWB FOREIGN KEY(BALLOT_MODEL_ID) REFERENCES PUBLIC.BALLOTS(ID) NOCHECK;
ALTER TABLE PUBLIC.COMMENTS ADD CONSTRAINT PUBLIC.FK7PUWBWE4YL8B2O32R798UW8Q7 FOREIGN KEY(PROPOSAL_ID) REFERENCES PUBLIC.LAWS(ID) NOCHECK;
ALTER TABLE PUBLIC.CHECKSUMS ADD CONSTRAINT PUBLIC.FK68FTLVL0MWTVOQD3BFUPP0XRG FOREIGN KEY(PUBLIC_PROXY_ID) REFERENCES PUBLIC.USERS(ID) NOCHECK;
ALTER TABLE PUBLIC.LAWS ADD CONSTRAINT PUBLIC.FKTR1PLL46Q50SHWBFFYIYUAVGN FOREIGN KEY(CREATED_BY_ID) REFERENCES PUBLIC.USERS(ID) NOCHECK;
ALTER TABLE PUBLIC.ONE_TIME_TOKEN ADD CONSTRAINT PUBLIC.FK4O21XT1RMRICB3EA4TO5NKR8D FOREIGN KEY(USER_ID) REFERENCES PUBLIC.USERS(ID) NOCHECK;
ALTER TABLE PUBLIC.BALLOTS_VOTE_ORDER ADD CONSTRAINT PUBLIC.FKOWD5MAD84QVWGST43698A6GX5 FOREIGN KEY(VOTE_ORDER_ID) REFERENCES PUBLIC.LAWS(ID) NOCHECK;
ALTER TABLE PUBLIC.COMMENTS ADD CONSTRAINT PUBLIC.FKAKKM6QFYDU7VGNFNE1YO0XMED FOREIGN KEY(CREATED_BY_ID) REFERENCES PUBLIC.USERS(ID) NOCHECK;
ALTER TABLE PUBLIC.DELEGATIONS ADD CONSTRAINT PUBLIC.FK21A6LG8FU2JS6E0JU41WJ2GQP FOREIGN KEY(TO_PROXY_ID) REFERENCES PUBLIC.USERS(ID) NOCHECK;
ALTER TABLE PUBLIC.LAWS_COMMENTS ADD CONSTRAINT PUBLIC.FK36FBKIUITRV0YRVY8S0IG46IX FOREIGN KEY(LAW_MODEL_ID) REFERENCES PUBLIC.LAWS(ID) NOCHECK;
ALTER TABLE PUBLIC.POLLS ADD CONSTRAINT PUBLIC.FKQADOVSMQ4UOK58SP9HKHWJQIS FOREIGN KEY(WINNER_ID) REFERENCES PUBLIC.LAWS(ID) NOCHECK;
ALTER TABLE PUBLIC.DELEGATIONS ADD CONSTRAINT PUBLIC.FK9KOYA2MI6T18VF7U1FROBKNIQ FOREIGN KEY(FROM_USER_ID) REFERENCES PUBLIC.USERS(ID) NOCHECK;
ALTER TABLE PUBLIC.BALLOTS ADD CONSTRAINT PUBLIC.FK1RRV2WY16UQONFL9CR1CQG2XD FOREIGN KEY(CHECKSUM) REFERENCES PUBLIC.CHECKSUMS(CHECKSUM) NOCHECK;
ALTER TABLE PUBLIC.LAWS ADD CONSTRAINT PUBLIC.FK9VIQDJ5LDUN0AHWQDFF1WUY39 FOREIGN KEY(AREA_ID) REFERENCES PUBLIC.AREAS(ID) NOCHECK;
ALTER TABLE PUBLIC.LAWS_COMMENTS ADD CONSTRAINT PUBLIC.FKFL0Y4QFVFPF9YNMMFJ0JEVXFF FOREIGN KEY(COMMENTS_ID) REFERENCES PUBLIC.COMMENTS(ID) NOCHECK;
ALTER TABLE PUBLIC.COMMENTS_UP_VOTERS ADD CONSTRAINT PUBLIC.FKEUURM027PDC4L5A9G9O2L0UYD FOREIGN KEY(UP_VOTERS_ID) REFERENCES PUBLIC.USERS(ID) NOCHECK;
ALTER TABLE PUBLIC.COMMENTS ADD CONSTRAINT PUBLIC.FKLRI30OKF66PHTCGBE5POK7CC0 FOREIGN KEY(PARENT_ID) REFERENCES PUBLIC.COMMENTS(ID) NOCHECK;
ALTER TABLE PUBLIC.COMMENTS_UP_VOTERS ADD CONSTRAINT PUBLIC.FK8LS8T571Y99VTTW1MDKEBXAGP FOREIGN KEY(COMMENT_MODEL_ID) REFERENCES PUBLIC.COMMENTS(ID) NOCHECK;
ALTER TABLE PUBLIC.LAWS_SUPPORTERS ADD CONSTRAINT PUBLIC.FKK8MVJC4RQ970OJAVYFIA9BQVE FOREIGN KEY(SUPPORTERS_ID) REFERENCES PUBLIC.USERS(ID) NOCHECK;
ALTER TABLE PUBLIC.COMMENTS_DOWN_VOTERS ADD CONSTRAINT PUBLIC.FKJYMYJ54LENHS4KE6MYQHLY72 FOREIGN KEY(COMMENT_MODEL_ID) REFERENCES PUBLIC.COMMENTS(ID) NOCHECK;
ALTER TABLE PUBLIC.CHECKSUMS ADD CONSTRAINT PUBLIC.FKLLW57XBW0D67OPTMWFMU3P2PC FOREIGN KEY(AREA_ID) REFERENCES PUBLIC.AREAS(ID) NOCHECK;
