SET DB_CLOSE_DELAY -1;        
;             
CREATE USER IF NOT EXISTS SA SALT 'fe26ba930fc08c34' HASH '00420edaca6fd9c3a5b769af9da96d4db967a5dbebc30d7a22400ba998dd1095' ADMIN;           
CREATE SEQUENCE PUBLIC.HIBERNATE_SEQUENCE START WITH 342;     
CREATE MEMORY TABLE PUBLIC.AREAS(
    ID BIGINT NOT NULL,
    CREATED_AT TIMESTAMP NOT NULL,
    UPDATED_AT TIMESTAMP NOT NULL,
    DESCRIPTION VARCHAR(255) NOT NULL,
    TITLE VARCHAR(255) NOT NULL,
    CREATED_BY_ID BIGINT NOT NULL
);           
ALTER TABLE PUBLIC.AREAS ADD CONSTRAINT PUBLIC.CONSTRAINT_3 PRIMARY KEY(ID);  
-- 10 +/- SELECT COUNT(*) FROM PUBLIC.AREAS;  
INSERT INTO PUBLIC.AREAS(ID, CREATED_AT, UPDATED_AT, DESCRIPTION, TITLE, CREATED_BY_ID) VALUES
(21, TIMESTAMP '2018-12-05 22:33:16.097', TIMESTAMP '2018-12-05 22:33:16.097', 'Nice description for test area #0', 'Area 0', 1),
(22, TIMESTAMP '2018-12-05 22:33:16.103', TIMESTAMP '2018-12-05 22:33:16.103', 'Nice description for test area #1', 'Area 1', 1),
(23, TIMESTAMP '2018-12-05 22:33:16.107', TIMESTAMP '2018-12-05 22:33:16.107', 'Nice description for test area #2', 'Area 2', 1),
(24, TIMESTAMP '2018-12-05 22:33:16.117', TIMESTAMP '2018-12-05 22:33:16.117', 'Nice description for test area #3', 'Area 3', 1),
(25, TIMESTAMP '2018-12-05 22:33:16.12', TIMESTAMP '2018-12-05 22:33:16.12', 'Nice description for test area #4', 'Area 4', 1),
(26, TIMESTAMP '2018-12-05 22:33:16.125', TIMESTAMP '2018-12-05 22:33:16.125', 'Nice description for test area #5', 'Area 5', 1),
(27, TIMESTAMP '2018-12-05 22:33:16.128', TIMESTAMP '2018-12-05 22:33:16.128', 'Nice description for test area #6', 'Area 6', 1),
(28, TIMESTAMP '2018-12-05 22:33:16.131', TIMESTAMP '2018-12-05 22:33:16.131', 'Nice description for test area #7', 'Area 7', 1),
(29, TIMESTAMP '2018-12-05 22:33:16.135', TIMESTAMP '2018-12-05 22:33:16.135', 'Nice description for test area #8', 'Area 8', 1),
(30, TIMESTAMP '2018-12-05 22:33:16.139', TIMESTAMP '2018-12-05 22:33:16.139', 'Nice description for test area #9', 'Area 9', 1);    
CREATE MEMORY TABLE PUBLIC.BALLOT_MODEL(
    ID BIGINT NOT NULL,
    LEVEL INTEGER NOT NULL,
    VOTE_COUNT INTEGER NOT NULL,
    CHECKSUM_CHECKSUM VARCHAR(255) NOT NULL,
    POLL_ID BIGINT NOT NULL
);               
ALTER TABLE PUBLIC.BALLOT_MODEL ADD CONSTRAINT PUBLIC.CONSTRAINT_6 PRIMARY KEY(ID);           
-- 30 +/- SELECT COUNT(*) FROM PUBLIC.BALLOT_MODEL;           
INSERT INTO PUBLIC.BALLOT_MODEL(ID, LEVEL, VOTE_COUNT, CHECKSUM_CHECKSUM, POLL_ID) VALUES
(274, 0, 1, '$2a$10$1IdrGrRAN2Wp3U7QI.JIzuuViLszDdeyBQZ4QNjYJJWIYI5M2O3G2', 245),
(275, 0, 1, '$2a$10$1IdrGrRAN2Wp3U7QI.JIzuDl5QTomD0jkJDoG.VH7LgF6BaMi7mUu', 245),
(276, 0, 1, '$2a$10$1IdrGrRAN2Wp3U7QI.JIzumrB8gg15WYrl/9Od2a/lKdcXxyoRqYe', 245),
(277, 0, 1, '$2a$10$1IdrGrRAN2Wp3U7QI.JIzumF7aPaiUyhTd0m56K/SiA71ec5pLFu2', 245),
(278, 0, 1, '$2a$10$1IdrGrRAN2Wp3U7QI.JIzuaW/fGb8Z2mJgsKxYwe5.NrtAFNxSQVS', 245),
(279, 0, 1, '$2a$10$1IdrGrRAN2Wp3U7QI.JIzu0U7xajdi9.MlI8tTpf7ZVQmMn3XTPaq', 245),
(280, 0, 1, '$2a$10$1IdrGrRAN2Wp3U7QI.JIzuA2amXnXPKlVvjlg62SZ08/U45S1krWS', 245),
(281, 0, 1, '$2a$10$1IdrGrRAN2Wp3U7QI.JIzuWb3cSZmVC9yx83VYQxwLFYSL5g8IoRy', 245),
(282, 0, 1, '$2a$10$1IdrGrRAN2Wp3U7QI.JIzuaXivFiTa4cwzBq6IwpHyvmd9OIEIHwW', 245),
(283, 0, 1, '$2a$10$1IdrGrRAN2Wp3U7QI.JIzuYTSKjBSu3cADo/STK5moSHUhn6NKcyS', 245),
(284, 0, 1, '$2a$10$1IdrGrRAN2Wp3U7QI.JIzuYun6DCp3DqD0HkMSxupTiHcONZRP0YC', 245),
(285, 0, 1, '$2a$10$1IdrGrRAN2Wp3U7QI.JIzuj/DUpsANoEk4usC10lyWBvgCY2jpdQ6', 245),
(286, 0, 1, '$2a$10$1IdrGrRAN2Wp3U7QI.JIzukT2e4dWh2jhcsPdh.C5JEqMyz08zCoa', 245),
(287, 0, 1, '$2a$10$1IdrGrRAN2Wp3U7QI.JIzuRe9KBAxYEu.ylAyhV50ek90rELSRGqG', 245),
(288, 0, 1, '$2a$10$1IdrGrRAN2Wp3U7QI.JIzuQi87d/P3rgtaiDqqegSB4vu2sByXkly', 245),
(325, 0, 1, '$2a$10$1IdrGrRAN2Wp3U7QI.JIzuuViLszDdeyBQZ4QNjYJJWIYI5M2O3G2', 296),
(326, 0, 1, '$2a$10$1IdrGrRAN2Wp3U7QI.JIzuDl5QTomD0jkJDoG.VH7LgF6BaMi7mUu', 296),
(327, 0, 1, '$2a$10$1IdrGrRAN2Wp3U7QI.JIzumrB8gg15WYrl/9Od2a/lKdcXxyoRqYe', 296),
(328, 0, 1, '$2a$10$1IdrGrRAN2Wp3U7QI.JIzumF7aPaiUyhTd0m56K/SiA71ec5pLFu2', 296),
(329, 0, 1, '$2a$10$1IdrGrRAN2Wp3U7QI.JIzuaW/fGb8Z2mJgsKxYwe5.NrtAFNxSQVS', 296),
(330, 0, 1, '$2a$10$1IdrGrRAN2Wp3U7QI.JIzu0U7xajdi9.MlI8tTpf7ZVQmMn3XTPaq', 296),
(331, 0, 1, '$2a$10$1IdrGrRAN2Wp3U7QI.JIzuA2amXnXPKlVvjlg62SZ08/U45S1krWS', 296),
(332, 0, 1, '$2a$10$1IdrGrRAN2Wp3U7QI.JIzuWb3cSZmVC9yx83VYQxwLFYSL5g8IoRy', 296),
(333, 0, 1, '$2a$10$1IdrGrRAN2Wp3U7QI.JIzuaXivFiTa4cwzBq6IwpHyvmd9OIEIHwW', 296),
(334, 0, 1, '$2a$10$1IdrGrRAN2Wp3U7QI.JIzuYTSKjBSu3cADo/STK5moSHUhn6NKcyS', 296),
(335, 0, 1, '$2a$10$1IdrGrRAN2Wp3U7QI.JIzuYun6DCp3DqD0HkMSxupTiHcONZRP0YC', 296),
(336, 0, 1, '$2a$10$1IdrGrRAN2Wp3U7QI.JIzuj/DUpsANoEk4usC10lyWBvgCY2jpdQ6', 296),
(337, 0, 1, '$2a$10$1IdrGrRAN2Wp3U7QI.JIzukT2e4dWh2jhcsPdh.C5JEqMyz08zCoa', 296),
(338, 0, 1, '$2a$10$1IdrGrRAN2Wp3U7QI.JIzuRe9KBAxYEu.ylAyhV50ek90rELSRGqG', 296),
(339, 0, 1, '$2a$10$1IdrGrRAN2Wp3U7QI.JIzuQi87d/P3rgtaiDqqegSB4vu2sByXkly', 296);           
CREATE MEMORY TABLE PUBLIC.BALLOT_MODEL_VOTE_ORDER(
    BALLOT_MODEL_ID BIGINT NOT NULL,
    VOTE_ORDER_ID BIGINT NOT NULL,
    VOTE_ORDER_ORDER INTEGER NOT NULL
);      
ALTER TABLE PUBLIC.BALLOT_MODEL_VOTE_ORDER ADD CONSTRAINT PUBLIC.CONSTRAINT_E PRIMARY KEY(BALLOT_MODEL_ID, VOTE_ORDER_ORDER); 
-- 136 +/- SELECT COUNT(*) FROM PUBLIC.BALLOT_MODEL_VOTE_ORDER;               
INSERT INTO PUBLIC.BALLOT_MODEL_VOTE_ORDER(BALLOT_MODEL_ID, VOTE_ORDER_ID, VOTE_ORDER_ORDER) VALUES
(274, 253, 0),
(274, 246, 1),
(274, 238, 2),
(274, 260, 3),
(274, 267, 4),
(275, 253, 0),
(275, 260, 1),
(275, 267, 2),
(275, 246, 3),
(276, 267, 0),
(276, 260, 1),
(276, 253, 2),
(276, 238, 3),
(276, 246, 4),
(277, 246, 0),
(277, 253, 1),
(277, 260, 2),
(277, 267, 3),
(277, 238, 4),
(278, 246, 0),
(278, 253, 1),
(278, 260, 2),
(278, 267, 3),
(279, 253, 0),
(279, 238, 1),
(279, 260, 2),
(279, 267, 3),
(280, 253, 0),
(280, 260, 1),
(280, 246, 2),
(280, 238, 3),
(280, 267, 4),
(281, 267, 0),
(281, 260, 1),
(281, 253, 2),
(281, 246, 3),
(281, 238, 4),
(282, 267, 0),
(282, 260, 1),
(282, 253, 2),
(282, 238, 3),
(282, 246, 4),
(283, 267, 0),
(283, 246, 1),
(283, 260, 2),
(283, 238, 3),
(283, 253, 4),
(284, 246, 0),
(284, 238, 1),
(284, 253, 2),
(284, 260, 3),
(284, 267, 4),
(285, 246, 0),
(285, 260, 1),
(285, 253, 2),
(285, 267, 3),
(285, 238, 4),
(286, 260, 0),
(286, 253, 1),
(286, 246, 2),
(286, 267, 3),
(286, 238, 4),
(287, 267, 0),
(287, 260, 1),
(287, 253, 2),
(287, 246, 3),
(287, 238, 4),
(288, 238, 0),
(288, 253, 1),
(288, 260, 2),
(288, 267, 3),
(288, 246, 4),
(325, 318, 0),
(325, 311, 1),
(325, 304, 2),
(325, 297, 3),
(326, 289, 0),
(326, 311, 1),
(326, 318, 2),
(326, 304, 3),
(327, 318, 0),
(327, 311, 1),
(327, 289, 2),
(327, 304, 3),
(328, 318, 0),
(328, 289, 1),
(328, 311, 2),
(328, 304, 3),
(328, 297, 4),
(329, 311, 0),
(329, 318, 1),
(330, 318, 0),
(330, 289, 1),
(330, 297, 2),
(331, 318, 0),
(331, 311, 1),
(331, 304, 2),
(331, 297, 3),
(331, 289, 4),
(332, 297, 0),
(332, 304, 1),
(332, 311, 2),
(332, 289, 3),
(332, 318, 4),
(333, 304, 0),
(333, 297, 1),
(333, 289, 2),
(333, 318, 3),
(334, 311, 0),
(334, 289, 1),
(334, 297, 2),
(334, 304, 3),
(335, 318, 0),
(335, 304, 1),
(335, 311, 2),
(335, 289, 3),
(335, 297, 4),
(336, 318, 0),
(336, 311, 1),
(336, 304, 2),
(336, 297, 3),
(336, 289, 4),
(337, 318, 0),
(337, 311, 1),
(337, 304, 2),
(337, 297, 3),
(337, 289, 4),
(338, 304, 0),
(338, 318, 1),
(338, 297, 2),
(338, 289, 3),
(338, 311, 4),
(339, 318, 0),
(339, 311, 1),
(339, 304, 2),
(339, 297, 3);           
CREATE MEMORY TABLE PUBLIC.CHECKSUMS(
    CHECKSUM VARCHAR(255) NOT NULL,
    EXPIRES_AT TIMESTAMP,
    REQUESTED_DELEGATION_AT TIMESTAMP,
    TRANSITIVE BOOLEAN NOT NULL,
    AREA_ID BIGINT,
    DELEGATED_TO_CHECKSUM VARCHAR(255),
    PUBLIC_PROXY_ID BIGINT,
    REQUESTED_DELEGATION_TO_ID BIGINT
);         
ALTER TABLE PUBLIC.CHECKSUMS ADD CONSTRAINT PUBLIC.CONSTRAINT_B PRIMARY KEY(CHECKSUM);        
-- 18 +/- SELECT COUNT(*) FROM PUBLIC.CHECKSUMS;              
INSERT INTO PUBLIC.CHECKSUMS(CHECKSUM, EXPIRES_AT, REQUESTED_DELEGATION_AT, TRANSITIVE, AREA_ID, DELEGATED_TO_CHECKSUM, PUBLIC_PROXY_ID, REQUESTED_DELEGATION_TO_ID) VALUES
('$2a$10$1IdrGrRAN2Wp3U7QI.JIzueyGOu7FMMyyMJw3bvzEU2elpOrru8sy', TIMESTAMP '2018-12-06 22:33:16.415', NULL, TRUE, 21, NULL, 1, NULL),
('$2a$10$1IdrGrRAN2Wp3U7QI.JIzuIvB5fBvUb/y3tpzb1Xahzu9k87H3HZ.', TIMESTAMP '2018-12-06 22:33:17.12', NULL, TRUE, 21, '$2a$10$1IdrGrRAN2Wp3U7QI.JIzueyGOu7FMMyyMJw3bvzEU2elpOrru8sy', 4, NULL),
('$2a$10$1IdrGrRAN2Wp3U7QI.JIzu9jY7URudOBmsrn4SD7Sp2bRAti6ztwK', TIMESTAMP '2018-12-06 22:33:17.603', NULL, FALSE, 21, '$2a$10$1IdrGrRAN2Wp3U7QI.JIzuIvB5fBvUb/y3tpzb1Xahzu9k87H3HZ.', 6, NULL),
('$2a$10$1IdrGrRAN2Wp3U7QI.JIzuuViLszDdeyBQZ4QNjYJJWIYI5M2O3G2', TIMESTAMP '2018-12-06 22:33:24.185', NULL, TRUE, 21, NULL, 13, NULL),
('$2a$10$1IdrGrRAN2Wp3U7QI.JIzuDl5QTomD0jkJDoG.VH7LgF6BaMi7mUu', TIMESTAMP '2018-12-06 22:33:24.429', NULL, TRUE, 21, NULL, 15, NULL),
('$2a$10$1IdrGrRAN2Wp3U7QI.JIzumrB8gg15WYrl/9Od2a/lKdcXxyoRqYe', TIMESTAMP '2018-12-06 22:33:24.677', NULL, TRUE, 21, NULL, 7, NULL),
('$2a$10$1IdrGrRAN2Wp3U7QI.JIzumF7aPaiUyhTd0m56K/SiA71ec5pLFu2', TIMESTAMP '2018-12-06 22:33:24.923', NULL, TRUE, 21, '$2a$10$1IdrGrRAN2Wp3U7QI.JIzueyGOu7FMMyyMJw3bvzEU2elpOrru8sy', 3, NULL),
('$2a$10$1IdrGrRAN2Wp3U7QI.JIzuaW/fGb8Z2mJgsKxYwe5.NrtAFNxSQVS', TIMESTAMP '2018-12-06 22:33:25.177', NULL, TRUE, 21, '$2a$10$1IdrGrRAN2Wp3U7QI.JIzuIvB5fBvUb/y3tpzb1Xahzu9k87H3HZ.', 5, NULL),
('$2a$10$1IdrGrRAN2Wp3U7QI.JIzu0U7xajdi9.MlI8tTpf7ZVQmMn3XTPaq', TIMESTAMP '2018-12-06 22:33:25.43', NULL, TRUE, 21, NULL, 10, NULL),
('$2a$10$1IdrGrRAN2Wp3U7QI.JIzuA2amXnXPKlVvjlg62SZ08/U45S1krWS', TIMESTAMP '2018-12-06 22:33:25.682', NULL, TRUE, 21, NULL, 11, NULL),
('$2a$10$1IdrGrRAN2Wp3U7QI.JIzuWb3cSZmVC9yx83VYQxwLFYSL5g8IoRy', TIMESTAMP '2018-12-06 22:33:25.931', NULL, TRUE, 21, '$2a$10$1IdrGrRAN2Wp3U7QI.JIzueyGOu7FMMyyMJw3bvzEU2elpOrru8sy', 2, NULL),
('$2a$10$1IdrGrRAN2Wp3U7QI.JIzuaXivFiTa4cwzBq6IwpHyvmd9OIEIHwW', TIMESTAMP '2018-12-06 22:33:26.177', NULL, TRUE, 21, NULL, 9, NULL),
('$2a$10$1IdrGrRAN2Wp3U7QI.JIzuYTSKjBSu3cADo/STK5moSHUhn6NKcyS', TIMESTAMP '2018-12-06 22:33:26.421', NULL, TRUE, 21, NULL, 16, NULL),
('$2a$10$1IdrGrRAN2Wp3U7QI.JIzuYun6DCp3DqD0HkMSxupTiHcONZRP0YC', TIMESTAMP '2018-12-06 22:33:26.67', NULL, TRUE, 21, NULL, 20, NULL),
('$2a$10$1IdrGrRAN2Wp3U7QI.JIzuj/DUpsANoEk4usC10lyWBvgCY2jpdQ6', TIMESTAMP '2018-12-06 22:33:26.919', NULL, TRUE, 21, NULL, 18, NULL),
('$2a$10$1IdrGrRAN2Wp3U7QI.JIzukT2e4dWh2jhcsPdh.C5JEqMyz08zCoa', TIMESTAMP '2018-12-06 22:33:27.163', NULL, TRUE, 21, NULL, 14, NULL),
('$2a$10$1IdrGrRAN2Wp3U7QI.JIzuRe9KBAxYEu.ylAyhV50ek90rELSRGqG', TIMESTAMP '2018-12-06 22:33:27.408', NULL, TRUE, 21, NULL, 19, NULL),
('$2a$10$1IdrGrRAN2Wp3U7QI.JIzuQi87d/P3rgtaiDqqegSB4vu2sByXkly', TIMESTAMP '2018-12-06 22:33:27.653', NULL, TRUE, 21, NULL, 12, NULL);           
CREATE MEMORY TABLE PUBLIC.COMMENTS(
    ID BIGINT NOT NULL,
    CREATED_AT TIMESTAMP NOT NULL,
    UPDATED_AT TIMESTAMP NOT NULL,
    COMMENT VARCHAR(255) NOT NULL,
    CREATED_BY_ID BIGINT NOT NULL,
    PARENT_ID BIGINT
);       
ALTER TABLE PUBLIC.COMMENTS ADD CONSTRAINT PUBLIC.CONSTRAINT_A PRIMARY KEY(ID);               
-- 90 +/- SELECT COUNT(*) FROM PUBLIC.COMMENTS;               
INSERT INTO PUBLIC.COMMENTS(ID, CREATED_AT, UPDATED_AT, COMMENT, CREATED_BY_ID, PARENT_ID) VALUES
(203, TIMESTAMP '2018-12-05 22:33:19.549', TIMESTAMP '2018-12-05 22:33:19.549', 'Comment on root level. I really like this idea, but needs to be improved.', 18, NULL),
(204, TIMESTAMP '2018-12-05 22:33:19.554', TIMESTAMP '2018-12-05 22:33:19.554', 'Reply 0 Lorem ipsum dolor sit amet, consectetur adipisc', 10, 203),
(205, TIMESTAMP '2018-12-05 22:33:19.556', TIMESTAMP '2018-12-05 22:33:19.556', 'Reply 1 Lorem ipsum dolor sit amet, consectetur adipiscing elit, sed do eiusmod tempor incididunt ut lab', 6, 203),
(206, TIMESTAMP '2018-12-05 22:33:19.558', TIMESTAMP '2018-12-05 22:33:19.558', 'Reply 2 Lorem ipsum dolor sit amet, consectetur adipiscing elit, sed do ei', 11, 203),
(207, TIMESTAMP '2018-12-05 22:33:19.56', TIMESTAMP '2018-12-05 22:33:19.56', 'Reply 3 Lorem ipsum dolor sit amet, consectetur adipiscing elit, sed do eiusmod tempor incididunt ut', 8, 203),
(208, TIMESTAMP '2018-12-05 22:33:19.569', TIMESTAMP '2018-12-05 22:33:19.569', 'Reply 4 Lorem ipsum', 5, 203),
(211, TIMESTAMP '2018-12-05 22:33:19.616', TIMESTAMP '2018-12-05 22:33:19.616', 'Comment on root level. I really like this idea, but needs to be improved.', 8, NULL),
(212, TIMESTAMP '2018-12-05 22:33:19.618', TIMESTAMP '2018-12-05 22:33:19.618', 'Reply 0 Lorem ipsum dolor sit amet, consectetur adipiscing elit, sed do eiusmod tempor incididunt u', 11, 211),
(213, TIMESTAMP '2018-12-05 22:33:19.619', TIMESTAMP '2018-12-05 22:33:19.619', 'Reply 1 Lorem ipsum dolor sit amet, consectetur adipiscing elit, sed do eiusmod tempor incidid', 20, 211),
(214, TIMESTAMP '2018-12-05 22:33:19.62', TIMESTAMP '2018-12-05 22:33:19.62', 'Reply 2 Lorem ipsum dolor sit', 9, 211),
(215, TIMESTAMP '2018-12-05 22:33:19.621', TIMESTAMP '2018-12-05 22:33:19.621', 'Reply 3 Lorem ipsum dolor sit amet, consectetur adipiscing elit, sed do eiusmod temp', 19, 211),
(216, TIMESTAMP '2018-12-05 22:33:19.622', TIMESTAMP '2018-12-05 22:33:19.622', 'Reply 4 Lorem ipsum dolor sit amet, consectetur adipiscing elit, sed do eiusmod tempor incididunt ut ', 11, 211),
(218, TIMESTAMP '2018-12-05 22:33:19.64', TIMESTAMP '2018-12-05 22:33:19.64', 'Comment on root level. I really like this idea, but needs to be improved.', 9, NULL),
(219, TIMESTAMP '2018-12-05 22:33:19.642', TIMESTAMP '2018-12-05 22:33:19.642', 'Reply 0 Lorem ipsum dolor sit amet, consectetur adipiscing elit, s', 15, 218),
(220, TIMESTAMP '2018-12-05 22:33:19.643', TIMESTAMP '2018-12-05 22:33:19.643', 'Reply 1 Lorem ipsum dolor sit amet, consectetur adipiscing elit, sed do eiusmod tempor i', 13, 218),
(221, TIMESTAMP '2018-12-05 22:33:19.644', TIMESTAMP '2018-12-05 22:33:19.644', 'Reply 2 Lorem ipsum do', 10, 218),
(222, TIMESTAMP '2018-12-05 22:33:19.645', TIMESTAMP '2018-12-05 22:33:19.645', 'Reply 3 Lorem ipsum dolor sit amet, consectetur adipiscing elit, s', 11, 218),
(223, TIMESTAMP '2018-12-05 22:33:19.646', TIMESTAMP '2018-12-05 22:33:19.646', 'Reply 4 Lorem ipsum', 5, 218),
(225, TIMESTAMP '2018-12-05 22:33:19.664', TIMESTAMP '2018-12-05 22:33:19.664', 'Comment on root level. I really like this idea, but needs to be improved.', 17, NULL),
(226, TIMESTAMP '2018-12-05 22:33:19.665', TIMESTAMP '2018-12-05 22:33:19.665', 'Reply 0 Lorem ipsum dolor sit amet, consectetur adipiscing el', 11, 225),
(227, TIMESTAMP '2018-12-05 22:33:19.666', TIMESTAMP '2018-12-05 22:33:19.666', 'Reply 1 Lorem ipsum dolor', 20, 225),
(228, TIMESTAMP '2018-12-05 22:33:19.667', TIMESTAMP '2018-12-05 22:33:19.667', 'Reply 2 Lorem ipsum dolor sit amet, consectetur adipiscing elit, sed do eiusmod tempor incididunt', 20, 225),
(229, TIMESTAMP '2018-12-05 22:33:19.667', TIMESTAMP '2018-12-05 22:33:19.667', 'Reply 3 Lorem ipsum dolor sit amet, consectetur adipiscing elit, ', 9, 225),
(230, TIMESTAMP '2018-12-05 22:33:19.668', TIMESTAMP '2018-12-05 22:33:19.668', 'Reply 4 Lorem ipsum dolor sit amet, consectetur adipis', 6, 225),
(232, TIMESTAMP '2018-12-05 22:33:19.692', TIMESTAMP '2018-12-05 22:33:19.692', 'Comment on root level. I really like this idea, but needs to be improved.', 14, NULL);         
INSERT INTO PUBLIC.COMMENTS(ID, CREATED_AT, UPDATED_AT, COMMENT, CREATED_BY_ID, PARENT_ID) VALUES
(233, TIMESTAMP '2018-12-05 22:33:19.694', TIMESTAMP '2018-12-05 22:33:19.694', 'Reply 0 Lorem ipsum dolor sit amet, consectetur adipiscing elit, sed do eiusmod tempor incid', 10, 232),
(234, TIMESTAMP '2018-12-05 22:33:19.695', TIMESTAMP '2018-12-05 22:33:19.695', 'Reply 1 Lorem ipsum dolor sit amet, consectetur adipiscing elit, sed do eius', 8, 232),
(235, TIMESTAMP '2018-12-05 22:33:19.696', TIMESTAMP '2018-12-05 22:33:19.696', 'Reply 2 Lorem ipsum dolor sit a', 14, 232),
(236, TIMESTAMP '2018-12-05 22:33:19.697', TIMESTAMP '2018-12-05 22:33:19.697', 'Reply 3 Lorem ipsum dolor sit amet, consectetur adipiscing elit, sed do eiusmod ', 15, 232),
(237, TIMESTAMP '2018-12-05 22:33:19.7', TIMESTAMP '2018-12-05 22:33:19.7', 'Reply 4 Lorem ipsum dolor sit amet, consectetur adipiscing elit, sed do eiusmod tempor incididunt ut la', 6, 232),
(239, TIMESTAMP '2018-12-05 22:33:19.727', TIMESTAMP '2018-12-05 22:33:19.727', 'Comment on root level. I really like this idea, but needs to be improved.', 18, NULL),
(240, TIMESTAMP '2018-12-05 22:33:19.728', TIMESTAMP '2018-12-05 22:33:19.728', 'Reply 0 Lorem ipsum dolor sit amet, consectetur adipiscing elit, sed ', 16, 239),
(241, TIMESTAMP '2018-12-05 22:33:19.731', TIMESTAMP '2018-12-05 22:33:19.731', 'Reply 1 Lorem ipsum dolor sit ame', 11, 239),
(242, TIMESTAMP '2018-12-05 22:33:19.732', TIMESTAMP '2018-12-05 22:33:19.732', 'Reply 2 Lorem ipsum dolor sit amet, consectetur adipiscing elit, sed do eiusmod', 13, 239),
(243, TIMESTAMP '2018-12-05 22:33:19.733', TIMESTAMP '2018-12-05 22:33:19.733', 'Reply 3 Lorem ipsum dolor sit amet, consectetur adipiscing elit, sed do eiusmod tempor incididun', 9, 239),
(244, TIMESTAMP '2018-12-05 22:33:19.734', TIMESTAMP '2018-12-05 22:33:19.734', 'Reply 4 Lorem ipsum dolor sit amet, consectetur adipiscing elit, sed do eiusmod tempor', 18, 239),
(247, TIMESTAMP '2018-12-05 22:33:19.757', TIMESTAMP '2018-12-05 22:33:19.757', 'Comment on root level. I really like this idea, but needs to be improved.', 5, NULL),
(248, TIMESTAMP '2018-12-05 22:33:19.758', TIMESTAMP '2018-12-05 22:33:19.758', 'Reply 0 Lorem ipsum dolor sit amet, consectetur adipiscing elit, sed do eiusmod t', 1, 247),
(249, TIMESTAMP '2018-12-05 22:33:19.76', TIMESTAMP '2018-12-05 22:33:19.76', 'Reply 1 Lorem ipsum dolor sit amet, consectetur adipiscing elit, sed do eiusmod tempor inc', 19, 247),
(250, TIMESTAMP '2018-12-05 22:33:19.765', TIMESTAMP '2018-12-05 22:33:19.765', 'Reply 2 Lorem ipsum dolor sit amet, consectetur adi', 4, 247),
(251, TIMESTAMP '2018-12-05 22:33:19.767', TIMESTAMP '2018-12-05 22:33:19.767', 'Reply 3 Lorem ipsum dolor sit amet, consectetur adipiscing elit, sed do eiusmod tempor incidid', 9, 247),
(252, TIMESTAMP '2018-12-05 22:33:19.769', TIMESTAMP '2018-12-05 22:33:19.769', 'Reply 4 Lorem ipsum dolor sit amet, consectetur adipiscing elit, sed do', 11, 247),
(254, TIMESTAMP '2018-12-05 22:33:19.809', TIMESTAMP '2018-12-05 22:33:19.809', 'Comment on root level. I really like this idea, but needs to be improved.', 16, NULL),
(255, TIMESTAMP '2018-12-05 22:33:19.813', TIMESTAMP '2018-12-05 22:33:19.813', 'Reply 0 Lorem ipsum dolor sit amet, consectetur adipiscing elit, sed do eiusmod tempo', 10, 254),
(256, TIMESTAMP '2018-12-05 22:33:19.82', TIMESTAMP '2018-12-05 22:33:19.82', 'Reply 1 Lorem ipsum', 11, 254),
(257, TIMESTAMP '2018-12-05 22:33:19.821', TIMESTAMP '2018-12-05 22:33:19.821', 'Reply 2 Lorem ipsum dolor sit amet, consectetur adipiscing elit, sed do eiu', 5, 254),
(258, TIMESTAMP '2018-12-05 22:33:19.822', TIMESTAMP '2018-12-05 22:33:19.822', 'Reply 3 Lorem ipsum dolor sit', 5, 254),
(259, TIMESTAMP '2018-12-05 22:33:19.823', TIMESTAMP '2018-12-05 22:33:19.823', 'Reply 4 Lorem ipsum dolor sit amet, consectetur adipiscing elit, sed do eiusmod tempor incididunt ut lab', 8, 254),
(261, TIMESTAMP '2018-12-05 22:33:19.841', TIMESTAMP '2018-12-05 22:33:19.841', 'Comment on root level. I really like this idea, but needs to be improved.', 1, NULL),
(262, TIMESTAMP '2018-12-05 22:33:19.842', TIMESTAMP '2018-12-05 22:33:19.842', 'Reply 0 Lorem ipsum dolor sit amet, consectetur adipiscing elit, sed do eiusmod tempor in', 10, 261);    
INSERT INTO PUBLIC.COMMENTS(ID, CREATED_AT, UPDATED_AT, COMMENT, CREATED_BY_ID, PARENT_ID) VALUES
(263, TIMESTAMP '2018-12-05 22:33:19.843', TIMESTAMP '2018-12-05 22:33:19.843', 'Reply 1 Lorem ipsum dolor ', 18, 261),
(264, TIMESTAMP '2018-12-05 22:33:19.843', TIMESTAMP '2018-12-05 22:33:19.843', 'Reply 2 Lorem ipsum dolor sit amet, consectetur adipiscing elit, sed do eiusmod', 13, 261),
(265, TIMESTAMP '2018-12-05 22:33:19.844', TIMESTAMP '2018-12-05 22:33:19.844', 'Reply 3 Lorem ipsum dolor sit amet, consectetur adipiscing elit, sed do eiusmod tempor i', 11, 261),
(266, TIMESTAMP '2018-12-05 22:33:19.845', TIMESTAMP '2018-12-05 22:33:19.845', 'Reply 4 Lorem ipsum dolor sit amet, consec', 4, 261),
(268, TIMESTAMP '2018-12-05 22:33:19.862', TIMESTAMP '2018-12-05 22:33:19.862', 'Comment on root level. I really like this idea, but needs to be improved.', 13, NULL),
(269, TIMESTAMP '2018-12-05 22:33:19.863', TIMESTAMP '2018-12-05 22:33:19.863', 'Reply 0 Lorem ipsum dolor sit amet, consectetur', 8, 268),
(270, TIMESTAMP '2018-12-05 22:33:19.864', TIMESTAMP '2018-12-05 22:33:19.864', 'Reply 1 Lorem ipsum dolor sit amet, consectetur adipiscing elit, sed do eiusmod tem', 10, 268),
(271, TIMESTAMP '2018-12-05 22:33:19.865', TIMESTAMP '2018-12-05 22:33:19.865', 'Reply 2 Lorem ipsum dolor sit amet, consectetur adipiscing elit, ', 3, 268),
(272, TIMESTAMP '2018-12-05 22:33:19.866', TIMESTAMP '2018-12-05 22:33:19.866', 'Reply 3 Lorem ipsum dolor sit amet, consectetur adipiscing elit, sed do eiusmod tempor incid', 12, 268),
(273, TIMESTAMP '2018-12-05 22:33:19.867', TIMESTAMP '2018-12-05 22:33:19.867', 'Reply 4 Lorem ipsum dolor sit amet, consectetur adipi', 14, 268),
(290, TIMESTAMP '2018-12-05 22:33:23.929', TIMESTAMP '2018-12-05 22:33:23.929', 'Comment on root level. I really like this idea, but needs to be improved.', 20, NULL),
(291, TIMESTAMP '2018-12-05 22:33:23.93', TIMESTAMP '2018-12-05 22:33:23.93', 'Reply 0 Lorem ipsum dolor sit amet, c', 8, 290),
(292, TIMESTAMP '2018-12-05 22:33:23.932', TIMESTAMP '2018-12-05 22:33:23.932', 'Reply 1 Lorem ipsum ', 18, 290),
(293, TIMESTAMP '2018-12-05 22:33:23.933', TIMESTAMP '2018-12-05 22:33:23.933', 'Reply 2 Lorem ipsum dolor sit amet, consectetur adipiscing elit', 9, 290),
(294, TIMESTAMP '2018-12-05 22:33:23.934', TIMESTAMP '2018-12-05 22:33:23.934', 'Reply 3 Lorem ipsum dolor sit amet, consectetur ', 10, 290),
(295, TIMESTAMP '2018-12-05 22:33:23.935', TIMESTAMP '2018-12-05 22:33:23.935', 'Reply 4 Lorem ipsum dolor sit amet, consectetur adipiscing elit, sed do eiusmod tempor incididunt ut labo', 13, 290),
(298, TIMESTAMP '2018-12-05 22:33:23.951', TIMESTAMP '2018-12-05 22:33:23.951', 'Comment on root level. I really like this idea, but needs to be improved.', 3, NULL),
(299, TIMESTAMP '2018-12-05 22:33:23.952', TIMESTAMP '2018-12-05 22:33:23.952', 'Reply 0 Lorem ipsum dolor sit amet,', 7, 298),
(300, TIMESTAMP '2018-12-05 22:33:23.953', TIMESTAMP '2018-12-05 22:33:23.953', 'Reply 1 Lorem ipsum dolor sit amet, consectetur adipiscing elit, sed do eiusmod tempor incid', 2, 298),
(301, TIMESTAMP '2018-12-05 22:33:23.954', TIMESTAMP '2018-12-05 22:33:23.954', 'Reply 2 Lorem ipsum dolor sit amet, consectetur adipiscing elit, sed do eiusmod tempor incididunt ut la', 4, 298),
(302, TIMESTAMP '2018-12-05 22:33:23.955', TIMESTAMP '2018-12-05 22:33:23.955', 'Reply 3 Lorem ipsum dolor sit amet, consectetur adipiscing elit, sed do eiusmod tempo', 18, 298),
(303, TIMESTAMP '2018-12-05 22:33:23.955', TIMESTAMP '2018-12-05 22:33:23.955', 'Reply 4 Lorem ipsum dolor sit amet, c', 20, 298),
(305, TIMESTAMP '2018-12-05 22:33:23.969', TIMESTAMP '2018-12-05 22:33:23.969', 'Comment on root level. I really like this idea, but needs to be improved.', 13, NULL),
(306, TIMESTAMP '2018-12-05 22:33:23.97', TIMESTAMP '2018-12-05 22:33:23.97', 'Reply 0 Lorem ipsum dolor sit amet, consectetur adipiscing elit, sed do eiusmod temp', 6, 305),
(307, TIMESTAMP '2018-12-05 22:33:23.971', TIMESTAMP '2018-12-05 22:33:23.971', 'Reply 1 Lorem ipsum dolor sit amet, consectetur adipiscing ', 17, 305),
(308, TIMESTAMP '2018-12-05 22:33:23.972', TIMESTAMP '2018-12-05 22:33:23.972', 'Reply 2 Lorem ipsum dolor sit amet, consectetur adipiscing elit, sed do eiusmod tempor', 11, 305);        
INSERT INTO PUBLIC.COMMENTS(ID, CREATED_AT, UPDATED_AT, COMMENT, CREATED_BY_ID, PARENT_ID) VALUES
(309, TIMESTAMP '2018-12-05 22:33:23.973', TIMESTAMP '2018-12-05 22:33:23.973', 'Reply 3 Lorem ipsum dolo', 16, 305),
(310, TIMESTAMP '2018-12-05 22:33:23.974', TIMESTAMP '2018-12-05 22:33:23.974', 'Reply 4 Lorem ipsum dolor sit amet, consectetur adipiscing elit, sed do eiusmod tempor incididunt ut labore', 14, 305),
(312, TIMESTAMP '2018-12-05 22:33:23.988', TIMESTAMP '2018-12-05 22:33:23.988', 'Comment on root level. I really like this idea, but needs to be improved.', 18, NULL),
(313, TIMESTAMP '2018-12-05 22:33:23.989', TIMESTAMP '2018-12-05 22:33:23.989', 'Reply 0 Lorem ipsum dolor', 10, 312),
(314, TIMESTAMP '2018-12-05 22:33:23.99', TIMESTAMP '2018-12-05 22:33:23.99', 'Reply 1 Lorem ipsum dolor sit amet, consectetur adipiscing elit, sed do eiusmod tempor incididunt ut labo', 15, 312),
(315, TIMESTAMP '2018-12-05 22:33:23.991', TIMESTAMP '2018-12-05 22:33:23.991', 'Reply 2 Lorem ipsum dol', 18, 312),
(316, TIMESTAMP '2018-12-05 22:33:23.992', TIMESTAMP '2018-12-05 22:33:23.992', 'Reply 3 Lorem ipsum dolor sit amet, consectetur adipiscing elit, sed do eiusmod tempor incid', 12, 312),
(317, TIMESTAMP '2018-12-05 22:33:23.992', TIMESTAMP '2018-12-05 22:33:23.992', 'Reply 4 Lorem ipsum dolor sit amet, c', 9, 312),
(319, TIMESTAMP '2018-12-05 22:33:24.007', TIMESTAMP '2018-12-05 22:33:24.007', 'Comment on root level. I really like this idea, but needs to be improved.', 6, NULL),
(320, TIMESTAMP '2018-12-05 22:33:24.008', TIMESTAMP '2018-12-05 22:33:24.008', 'Reply 0 Lorem ipsum dolor sit amet, consectetur adipiscing elit, sed do eiusmod tempor incididunt ut l', 5, 319),
(321, TIMESTAMP '2018-12-05 22:33:24.008', TIMESTAMP '2018-12-05 22:33:24.008', 'Reply 1 Lorem ipsum dolor sit amet, cons', 9, 319),
(322, TIMESTAMP '2018-12-05 22:33:24.009', TIMESTAMP '2018-12-05 22:33:24.009', 'Reply 2 Lorem ipsum dolor sit amet, consectetur adipiscing elit, sed', 12, 319),
(323, TIMESTAMP '2018-12-05 22:33:24.01', TIMESTAMP '2018-12-05 22:33:24.01', 'Reply 3 Lorem ipsum dolor sit amet, consectetur adipiscin', 10, 319),
(324, TIMESTAMP '2018-12-05 22:33:24.011', TIMESTAMP '2018-12-05 22:33:24.011', 'Reply 4 Lorem ipsum dolor sit amet, consectetur adipiscing elit, sed do eiusmod tempor incididunt ut', 3, 319);    
CREATE MEMORY TABLE PUBLIC.COMMENTS_DOWN_VOTERS(
    COMMENT_MODEL_ID BIGINT NOT NULL,
    DOWN_VOTERS_ID BIGINT NOT NULL
);               
ALTER TABLE PUBLIC.COMMENTS_DOWN_VOTERS ADD CONSTRAINT PUBLIC.CONSTRAINT_2 PRIMARY KEY(COMMENT_MODEL_ID, DOWN_VOTERS_ID);     
-- 195 +/- SELECT COUNT(*) FROM PUBLIC.COMMENTS_DOWN_VOTERS;  
INSERT INTO PUBLIC.COMMENTS_DOWN_VOTERS(COMMENT_MODEL_ID, DOWN_VOTERS_ID) VALUES
(203, 20),
(205, 12),
(205, 9),
(206, 7),
(206, 3),
(206, 5),
(207, 2),
(207, 17),
(207, 18),
(208, 20),
(208, 12),
(211, 13),
(212, 4),
(212, 17),
(212, 3),
(212, 16),
(213, 4),
(213, 19),
(214, 20),
(214, 16),
(215, 9),
(216, 18),
(216, 16),
(218, 20),
(218, 15),
(219, 13),
(219, 11),
(220, 15),
(221, 13),
(221, 8),
(221, 7),
(221, 1),
(222, 11),
(222, 8),
(222, 16),
(222, 5),
(223, 4),
(223, 1),
(223, 19),
(223, 16),
(223, 15),
(223, 5),
(225, 8),
(225, 14),
(226, 2),
(226, 11),
(227, 1),
(229, 11),
(229, 16),
(229, 9),
(230, 11),
(230, 18),
(230, 9),
(233, 13),
(233, 17),
(233, 3),
(233, 19),
(233, 12),
(234, 1),
(235, 14),
(235, 19),
(236, 16),
(236, 12),
(236, 9),
(240, 3),
(240, 15),
(240, 12),
(241, 16),
(242, 11),
(242, 1),
(242, 19),
(244, 8),
(244, 19),
(244, 16),
(247, 2),
(247, 13),
(247, 17),
(247, 7),
(247, 19),
(247, 15),
(248, 20),
(248, 10),
(248, 1),
(249, 2),
(249, 13),
(249, 11),
(249, 7),
(249, 15),
(250, 6),
(250, 14),
(251, 19),
(252, 8),
(254, 13),
(254, 16),
(255, 11),
(255, 15),
(255, 12),
(257, 18),
(257, 16),
(258, 19),
(258, 5),
(261, 14),
(261, 16),
(262, 2),
(262, 18),
(264, 11),
(264, 10),
(264, 3),
(265, 2),
(265, 9),
(268, 20),
(269, 13),
(270, 6),
(270, 14),
(270, 10),
(271, 4),
(271, 7),
(272, 1),
(272, 3),
(272, 19),
(272, 15),
(290, 2),
(290, 8),
(290, 10),
(291, 4),
(291, 11),
(291, 15),
(291, 5),
(292, 8),
(292, 1),
(292, 9),
(293, 9),
(294, 2),
(294, 1),
(294, 16),
(295, 10),
(295, 16),
(298, 5),
(300, 14),
(300, 1),
(302, 13),
(305, 8),
(305, 10),
(305, 9),
(306, 1),
(307, 11),
(307, 18),
(307, 7),
(307, 1),
(307, 19),
(307, 16),
(308, 4),
(308, 20),
(308, 3),
(308, 16),
(309, 14),
(309, 7),
(309, 10),
(309, 19),
(310, 20),
(310, 14),
(310, 3),
(310, 16),
(310, 5),
(312, 20),
(313, 7),
(315, 18),
(315, 20),
(315, 16),
(315, 15),
(316, 8),
(316, 17),
(316, 20),
(316, 7),
(317, 10),
(317, 1),
(319, 6),
(319, 13),
(319, 18),
(319, 16),
(319, 9),
(320, 18),
(320, 10),
(320, 3),
(320, 5),
(321, 2),
(321, 6),
(321, 20),
(321, 3),
(322, 6),
(322, 17),
(322, 14),
(323, 2),
(323, 15),
(323, 16);          
CREATE MEMORY TABLE PUBLIC.COMMENTS_UP_VOTERS(
    COMMENT_MODEL_ID BIGINT NOT NULL,
    UP_VOTERS_ID BIGINT NOT NULL
);   
ALTER TABLE PUBLIC.COMMENTS_UP_VOTERS ADD CONSTRAINT PUBLIC.CONSTRAINT_20 PRIMARY KEY(COMMENT_MODEL_ID, UP_VOTERS_ID);        
-- 246 +/- SELECT COUNT(*) FROM PUBLIC.COMMENTS_UP_VOTERS;    
INSERT INTO PUBLIC.COMMENTS_UP_VOTERS(COMMENT_MODEL_ID, UP_VOTERS_ID) VALUES
(203, 4),
(203, 8),
(203, 15),
(204, 2),
(204, 18),
(204, 10),
(204, 1),
(204, 16),
(204, 5),
(205, 3),
(206, 4),
(206, 2),
(206, 13),
(206, 8),
(206, 19),
(207, 5),
(208, 19),
(208, 15),
(208, 9),
(211, 19),
(211, 16),
(212, 2),
(212, 4),
(212, 11),
(212, 8),
(212, 3),
(212, 16),
(213, 8),
(213, 18),
(214, 10),
(214, 15),
(214, 16),
(214, 5),
(214, 9),
(215, 2),
(215, 6),
(218, 6),
(218, 8),
(219, 2),
(219, 6),
(219, 1),
(219, 5),
(221, 13),
(221, 18),
(222, 6),
(222, 17),
(222, 20),
(222, 9),
(223, 4),
(223, 17),
(223, 3),
(223, 15),
(223, 12),
(225, 2),
(225, 16),
(226, 2),
(226, 14),
(227, 2),
(227, 20),
(227, 7),
(227, 10),
(228, 2),
(228, 8),
(228, 15),
(229, 4),
(229, 13),
(229, 7),
(229, 10),
(230, 17),
(230, 18),
(230, 7),
(230, 3),
(230, 5),
(232, 20),
(232, 15),
(233, 2),
(233, 17),
(234, 17),
(235, 13),
(235, 17),
(235, 14),
(236, 18),
(236, 19),
(239, 3),
(239, 12),
(240, 20),
(240, 14),
(241, 17),
(241, 12),
(243, 6),
(244, 8),
(244, 16),
(247, 6),
(247, 3),
(248, 6),
(248, 18),
(248, 19),
(249, 20),
(249, 7),
(249, 1),
(249, 3),
(249, 9),
(251, 4),
(251, 5),
(252, 13),
(252, 20),
(252, 10),
(252, 15),
(254, 18),
(254, 1),
(255, 12),
(256, 2),
(256, 6),
(257, 16),
(258, 4),
(258, 2),
(258, 1),
(259, 18),
(259, 14),
(259, 3),
(259, 9),
(263, 20),
(263, 14),
(263, 10),
(263, 15),
(263, 16),
(264, 1),
(264, 12),
(265, 4),
(265, 18),
(265, 10),
(265, 12),
(266, 14),
(268, 6),
(268, 11),
(269, 19),
(270, 18),
(270, 5),
(271, 4),
(271, 6),
(271, 11),
(272, 2),
(272, 6),
(272, 7),
(272, 1),
(272, 9),
(273, 6),
(273, 7),
(273, 19),
(273, 15),
(273, 16),
(290, 2),
(290, 6),
(290, 7),
(290, 5),
(291, 3),
(291, 19),
(292, 11),
(292, 20),
(292, 3),
(292, 16),
(293, 11),
(293, 18),
(293, 12),
(293, 5),
(293, 9),
(294, 11),
(294, 9),
(295, 6),
(295, 18),
(298, 20),
(299, 4),
(300, 13),
(300, 17),
(300, 7),
(300, 5),
(301, 4),
(301, 6),
(301, 15),
(301, 5),
(301, 12),
(301, 9),
(303, 4),
(303, 6),
(303, 19),
(305, 11),
(305, 14),
(305, 3),
(306, 7),
(306, 14),
(306, 1),
(306, 15),
(306, 12),
(307, 4),
(307, 2),
(307, 11),
(307, 12),
(307, 9),
(308, 2),
(308, 12),
(309, 13),
(309, 20),
(309, 1),
(309, 12),
(310, 13),
(310, 8),
(310, 15),
(312, 18),
(312, 7),
(312, 3),
(313, 4),
(313, 13),
(313, 3),
(313, 9),
(314, 4),
(314, 8),
(314, 10),
(315, 8),
(315, 18),
(315, 19),
(315, 16),
(316, 17),
(316, 18),
(317, 11),
(319, 2),
(319, 4),
(319, 14),
(319, 15),
(320, 6),
(320, 18),
(320, 1),
(320, 12),
(321, 2),
(321, 6),
(321, 11),
(321, 7),
(322, 4),
(322, 17),
(322, 3),
(322, 16),
(323, 4),
(323, 11),
(323, 12),
(324, 4),
(324, 13),
(324, 6);     
CREATE MEMORY TABLE PUBLIC.DELEGATIONS(
    ID BIGINT NOT NULL,
    CREATED_AT TIMESTAMP NOT NULL,
    UPDATED_AT TIMESTAMP NOT NULL,
    AREA_ID BIGINT NOT NULL,
    FROM_USER_ID BIGINT NOT NULL,
    TO_PROXY_ID BIGINT NOT NULL
);
ALTER TABLE PUBLIC.DELEGATIONS ADD CONSTRAINT PUBLIC.CONSTRAINT_8 PRIMARY KEY(ID);            
-- 5 +/- SELECT COUNT(*) FROM PUBLIC.DELEGATIONS;             
INSERT INTO PUBLIC.DELEGATIONS(ID, CREATED_AT, UPDATED_AT, AREA_ID, FROM_USER_ID, TO_PROXY_ID) VALUES
(31, TIMESTAMP '2018-12-05 22:33:16.713', TIMESTAMP '2018-12-05 22:33:16.713', 21, 2, 1),
(32, TIMESTAMP '2018-12-05 22:33:16.964', TIMESTAMP '2018-12-05 22:33:16.964', 21, 3, 1),
(33, TIMESTAMP '2018-12-05 22:33:17.201', TIMESTAMP '2018-12-05 22:33:17.201', 21, 4, 1),
(34, TIMESTAMP '2018-12-05 22:33:17.447', TIMESTAMP '2018-12-05 22:33:17.447', 21, 5, 4),
(35, TIMESTAMP '2018-12-05 22:33:17.686', TIMESTAMP '2018-12-05 22:33:17.686', 21, 6, 4);  
CREATE MEMORY TABLE PUBLIC.KEY_VALUE(
    ID BIGINT NOT NULL,
    KEY VARCHAR(255) NOT NULL,
    VALUE VARCHAR(255)
);    
ALTER TABLE PUBLIC.KEY_VALUE ADD CONSTRAINT PUBLIC.CONSTRAINT_7 PRIMARY KEY(ID);              
-- 0 +/- SELECT COUNT(*) FROM PUBLIC.KEY_VALUE;               
CREATE MEMORY TABLE PUBLIC.LAWS(
    ID BIGINT NOT NULL,
    CREATED_AT TIMESTAMP NOT NULL,
    UPDATED_AT TIMESTAMP NOT NULL,
    DESCRIPTION VARCHAR(1000) NOT NULL,
    REACHED_QUORUM_AT TIMESTAMP,
    STATUS INTEGER NOT NULL,
    TITLE VARCHAR(255) NOT NULL,
    AREA_ID BIGINT NOT NULL,
    CREATED_BY_ID BIGINT NOT NULL,
    POLL_ID BIGINT
);        
ALTER TABLE PUBLIC.LAWS ADD CONSTRAINT PUBLIC.CONSTRAINT_23 PRIMARY KEY(ID);  
-- 183 +/- SELECT COUNT(*) FROM PUBLIC.LAWS;  
INSERT INTO PUBLIC.LAWS(ID, CREATED_AT, UPDATED_AT, DESCRIPTION, REACHED_QUORUM_AT, STATUS, TITLE, AREA_ID, CREATED_BY_ID, POLL_ID) VALUES
(36, TIMESTAMP '2018-12-04 22:33:17.753', TIMESTAMP '2018-12-05 22:33:17.753', 'vcV6vufj Lorem ipsum dolor sit amet, consectetur adipiscing elit, sed do eiusmod', NULL, 0, 'Idea 0 that suggest that we definitely need a longer title for ideas', 21, 20, NULL),
(37, TIMESTAMP '2018-12-03 22:33:17.777', TIMESTAMP '2018-12-04 22:33:17.777', 'ekIEiMA7 Lorem ip', NULL, 0, 'Idea 1 that suggest that we definitely need a longer title for ideas', 22, 15, NULL),
(38, TIMESTAMP '2018-12-02 22:33:17.802', TIMESTAMP '2018-12-03 22:33:17.802', '0ug2RuDn Lorem ipsum dolor sit amet, consectetur adipiscing elit, sed do eiusmod tempor incididunt ut labore et dolore magna aliqua. Ut enim ad minim veniam, quis nostrud exercitation ullamco laboris nisi ut aliquip ex ea commodo consequat. Duis aute irure dolor in reprehenderi', NULL, 0, 'Idea 2 that suggest that we definitely need a longer title for ideas', 23, 16, NULL),
(39, TIMESTAMP '2018-12-01 22:33:17.818', TIMESTAMP '2018-12-02 22:33:17.819', 'x3hC0r2b Lorem ipsum dolor sit amet, consectetur adipiscing elit, sed do eiusmod tempor incididunt ut labore et dolore magna aliqua. Ut enim ad minim veniam, quis nostrud exercitation ullamco laboris nisi ut aliquip ex ea commodo conseq', NULL, 0, 'Idea 3 that suggest that we definitely need a longer title for ideas', 24, 3, NULL),
(40, TIMESTAMP '2018-11-30 22:33:17.833', TIMESTAMP '2018-12-01 22:33:17.833', 'L8lBLTXY Lorem ipsum dolor sit amet, consectetur adipiscing elit, se', NULL, 0, 'Idea 4 that suggest that we definitely need a longer title for ideas', 25, 1, NULL),
(41, TIMESTAMP '2018-11-29 22:33:17.857', TIMESTAMP '2018-11-30 22:33:17.857', 'rASbUjMC Lorem ipsum dolor sit amet, consectetur adipiscing elit, sed do eiusmod tempor incididunt ut labore et dolore magna aliqua. Ut enim ad minim veniam, quis nostrud exercitation ullamco laboris nisi ut aliquip ex ea commodo consequat. Duis aute irure dolor in reprehenderit', NULL, 0, 'Idea 5 that suggest that we definitely need a longer title for ideas', 26, 9, NULL),
(42, TIMESTAMP '2018-11-28 22:33:17.864', TIMESTAMP '2018-11-29 22:33:17.864', '77JJhsWc Lorem ipsum dolor sit amet, consectetur adipiscing elit, sed do eiusmod tempor incididunt ut labore et dolore magna aliqua. Ut enim ad minim veniam, quis nostrud exercitation ullamco laboris nisi ut aliquip ex ea commodo conse', NULL, 0, 'Idea 6 that suggest that we definitely need a longer title for ideas', 27, 3, NULL),
(43, TIMESTAMP '2018-11-27 22:33:17.872', TIMESTAMP '2018-11-28 22:33:17.873', '1ffsCUbb Lorem ipsum dolor sit amet, consectetur adipiscing elit, sed do eiusmod tempor incididunt ut labore et dolore magna aliqua. Ut enim ad minim veniam, quis nostrud exercitation ullamco laboris nisi ut aliquip ex ea commodo consequat. Duis aute irure dolor in reprehenderit in voluptate velit esse cillum dolore eu fugiat nulla pariatur. Excepteur sint occaecat cupidatat non proident, sunt in', NULL, 0, 'Idea 7 that suggest that we definitely need a longer title for ideas', 28, 1, NULL),
(44, TIMESTAMP '2018-11-26 22:33:17.891', TIMESTAMP '2018-11-27 22:33:17.891', 'vQzjUOKU Lorem ipsum dolor sit amet, consectetur adipiscing elit, sed do eiusmod tempor incididunt ut labore et dolore magna aliqua. Ut enim ad minim veniam, quis nostrud exercitation ullamco laboris nisi ut aliquip ex ea com', NULL, 0, 'Idea 8 that suggest that we definitely need a longer title for ideas', 29, 12, NULL),
(45, TIMESTAMP '2018-11-25 22:33:17.926', TIMESTAMP '2018-11-26 22:33:17.927', 'SY5uPFd1 Lorem ipsum dolor sit amet, consectetur adipiscing elit, sed do eiusmod tempor incididunt ut labore et dolore magna aliqua. Ut enim ad minim veniam, quis nostrud exercitation ullamco laboris nisi ut aliquip ex ea commodo consequat. Duis aute irure dolor in reprehenderit in voluptate velit esse cillum dolore eu fugiat nulla pariatur. Excepteur sint occaecat cupidat', NULL, 0, 'Idea 9 that suggest that we definitely need a longer title for ideas', 30, 15, NULL); 
INSERT INTO PUBLIC.LAWS(ID, CREATED_AT, UPDATED_AT, DESCRIPTION, REACHED_QUORUM_AT, STATUS, TITLE, AREA_ID, CREATED_BY_ID, POLL_ID) VALUES
(46, TIMESTAMP '2018-11-24 22:33:17.939', TIMESTAMP '2018-11-25 22:33:17.939', 'pvAzUBzj Lorem ipsum dolor sit amet, consectetur adipiscing elit, sed do eiusmod tempor incididunt ut labore et dolore magna aliqua. Ut enim ad minim veniam, quis nostrud exercitation ullamco laboris nisi ut', NULL, 0, 'Idea 10 that suggest that we definitely need a longer title for ideas', 21, 15, NULL),
(47, TIMESTAMP '2018-11-23 22:33:17.948', TIMESTAMP '2018-11-24 22:33:17.949', 'E3PK0epL Lorem ipsum dolor sit amet, consectetur adipiscing elit, sed do eiusmod tempor incididunt ut labore et dolore magna aliqua. Ut enim ad minim veniam, quis nostrud exercitation ullamco laboris nisi ut aliquip ex ea commodo consequat. Duis aute irure dolor in reprehender', NULL, 0, 'Idea 11 that suggest that we definitely need a longer title for ideas', 22, 16, NULL),
(48, TIMESTAMP '2018-11-22 22:33:17.96', TIMESTAMP '2018-11-23 22:33:17.96', 'ocRgWL5e Lorem ipsum dolor sit amet, conse', NULL, 0, 'Idea 12 that suggest that we definitely need a longer title for ideas', 23, 5, NULL),
(49, TIMESTAMP '2018-11-21 22:33:17.98', TIMESTAMP '2018-11-22 22:33:17.98', 'LR1x7YqQ Lorem ipsum dolor sit amet, consectetur adipiscing elit, sed do eiusmod tempor incididunt ut labore et dolore magna aliqua. Ut enim ad minim veniam, quis nostrud exercitation ullamco l', NULL, 0, 'Idea 13 that suggest that we definitely need a longer title for ideas', 24, 7, NULL),
(50, TIMESTAMP '2018-11-20 22:33:17.998', TIMESTAMP '2018-11-21 22:33:17.998', 'ygeBaiPy Lorem ipsum dolor sit amet, consectetur adipiscing elit, sed do eiusmod tempor incididunt ut labore et dolore magna aliqua. Ut enim ad minim veniam, quis nostrud exercitation ullamco laboris nisi ut aliquip ex ea commod', NULL, 0, 'Idea 14 that suggest that we definitely need a longer title for ideas', 25, 18, NULL),
(51, TIMESTAMP '2018-11-19 22:33:18.02', TIMESTAMP '2018-11-20 22:33:18.02', 'riIUTmQk Lorem ipsum dolor sit amet, consectetur adipiscing elit, sed do eiusmod tempor incididunt ut labore et dolore magna aliqua. Ut enim ad minim veniam, quis nostrud exercitation ullamco laboris nisi ut aliquip ex ea commodo consequat. Duis aute irure dolor in reprehenderit in voluptate velit esse cillum dolore eu fugiat nulla', NULL, 0, 'Idea 15 that suggest that we definitely need a longer title for ideas', 26, 8, NULL),
(52, TIMESTAMP '2018-11-18 22:33:18.024', TIMESTAMP '2018-11-19 22:33:18.025', 'lvbMl8ZF Lorem ipsum dolor sit amet, consectetur adipiscing elit, sed do eiusmod tempor incididunt ut labore et dolore magna aliqua. Ut enim ad minim veniam, quis nostrud exercitation ullamco laboris nisi ut aliquip ex ea commodo consequat. Duis aute irure dolor in reprehenderit in voluptate velit esse cillum dolore eu fugiat nulla pariatur. Excepteur sint occaecat cup', NULL, 0, 'Idea 16 that suggest that we definitely need a longer title for ideas', 27, 14, NULL),
(53, TIMESTAMP '2018-11-17 22:33:18.031', TIMESTAMP '2018-11-18 22:33:18.032', 'Nr9ujtCM Lorem ipsum dolor sit amet, consectetur adipiscing elit, sed do eiusmod tempor incididunt', NULL, 0, 'Idea 17 that suggest that we definitely need a longer title for ideas', 28, 13, NULL),
(54, TIMESTAMP '2018-11-16 22:33:18.035', TIMESTAMP '2018-11-17 22:33:18.036', 'wbaPZ2tP Lorem ipsum dolor sit amet, consectetur adipis', NULL, 0, 'Idea 18 that suggest that we definitely need a longer title for ideas', 29, 4, NULL),
(55, TIMESTAMP '2018-11-15 22:33:18.044', TIMESTAMP '2018-11-16 22:33:18.044', 'TDoZqHMh Lorem ipsum dolor sit amet, consectetur adipiscing elit, sed do eiusmod te', NULL, 0, 'Idea 19 that suggest that we definitely need a longer title for ideas', 30, 15, NULL),
(56, TIMESTAMP '2018-11-14 22:33:18.052', TIMESTAMP '2018-11-15 22:33:18.052', 'FLgnElJs Lorem ipsum dolor sit amet, conse', NULL, 0, 'Idea 20 that suggest that we definitely need a longer title for ideas', 21, 16, NULL),
(57, TIMESTAMP '2018-11-13 22:33:18.068', TIMESTAMP '2018-11-14 22:33:18.068', 'LIS5VFBt Lorem ipsum dolor sit amet, consectetur adipiscing elit, sed do eiusmod tempor incidi', NULL, 0, 'Idea 21 that suggest that we definitely need a longer title for ideas', 22, 3, NULL);            
INSERT INTO PUBLIC.LAWS(ID, CREATED_AT, UPDATED_AT, DESCRIPTION, REACHED_QUORUM_AT, STATUS, TITLE, AREA_ID, CREATED_BY_ID, POLL_ID) VALUES
(58, TIMESTAMP '2018-11-12 22:33:18.072', TIMESTAMP '2018-11-13 22:33:18.072', 'dKVpXrlX Lorem ipsum dolor sit amet, consectetur adipiscing elit, sed do eiusmod tempor incididunt ut labore et d', NULL, 0, 'Idea 22 that suggest that we definitely need a longer title for ideas', 23, 9, NULL),
(59, TIMESTAMP '2018-11-11 22:33:18.085', TIMESTAMP '2018-11-12 22:33:18.085', 'n8Jh2X4j Lorem ipsum dolor sit amet, consectetur adipiscing elit, sed do eiusmod tempor incididunt ut labore et d', NULL, 0, 'Idea 23 that suggest that we definitely need a longer title for ideas', 24, 20, NULL),
(60, TIMESTAMP '2018-11-10 22:33:18.091', TIMESTAMP '2018-11-11 22:33:18.091', 'R8t1B8Sg Lorem ipsum dolor sit amet, consectetur adipiscing elit, sed do eiusmod tempor incididunt ut labore et dolore magna aliqua. Ut enim ad minim veniam, quis nostrud exercitation ullamco laboris nisi ut aliquip ex ea commodo consequat. Duis aute irure dolor in reprehenderit in voluptate velit esse cillum dolore eu fugiat nulla pariatur. Excepteur sint occaecat cupidat', NULL, 0, 'Idea 24 that suggest that we definitely need a longer title for ideas', 25, 2, NULL),
(61, TIMESTAMP '2018-11-09 22:33:18.105', TIMESTAMP '2018-11-10 22:33:18.105', 'yWUrYNhu Lorem ipsum dolor sit amet, consectetur adipiscing elit, sed do eiusmod tempor incididunt ut labore et dolore magna aliqua. Ut enim ad minim veniam, quis nostrud exercitation ullamco laboris nisi ut aliquip ex ea commodo consequat. Duis aute irure dolor in reprehen', NULL, 0, 'Idea 25 that suggest that we definitely need a longer title for ideas', 26, 5, NULL),
(62, TIMESTAMP '2018-11-08 22:33:18.117', TIMESTAMP '2018-11-09 22:33:18.117', 'InQcyLHc Lorem ipsum dolor sit amet, consectetur adipiscing elit, sed do eiusmod tempor incididunt ut labore et dolore magna aliqua. Ut enim ad minim veniam, quis nostrud exercitation ullamco laboris nisi ut aliquip ex ea com', NULL, 0, 'Idea 26 that suggest that we definitely need a longer title for ideas', 27, 17, NULL),
(63, TIMESTAMP '2018-11-07 22:33:18.13', TIMESTAMP '2018-11-08 22:33:18.131', 'WOEUFbQm Lorem ipsum dolor sit amet, consec', NULL, 0, 'Idea 27 that suggest that we definitely need a longer title for ideas', 28, 8, NULL),
(64, TIMESTAMP '2018-11-06 22:33:18.144', TIMESTAMP '2018-11-07 22:33:18.145', 'XG5FtCdH Lorem ipsum dolor sit amet, consectetur adipiscing elit, sed do eiusmod tempor incididunt ut labore et dolore magna aliqua. Ut enim ad minim veniam, quis nostrud exercitation ullamco laboris nisi ut aliquip ex ea commodo consequat. Duis aute irure dolor in reprehenderit in voluptate velit esse cillum dolore eu fugiat nulla pariatur. Excepteur sint occaecat cupidatat non proident, ', NULL, 0, 'Idea 28 that suggest that we definitely need a longer title for ideas', 29, 14, NULL),
(65, TIMESTAMP '2018-11-05 22:33:18.151', TIMESTAMP '2018-11-06 22:33:18.151', 'KvSyx7Zv Lorem ips', NULL, 0, 'Idea 29 that suggest that we definitely need a longer title for ideas', 30, 11, NULL),
(66, TIMESTAMP '2018-11-04 22:33:18.158', TIMESTAMP '2018-11-05 22:33:18.158', 'yreR3C37 Lorem ipsum dolor sit amet, consectetur adipiscing elit, sed do eiusmod tempor incididunt ut labore et dolore magna aliqua. Ut enim ad minim veniam, quis nostrud exercitation ullamco laboris nisi ut aliquip ex ea commodo consequat. Duis aute irure dolor in reprehenderit in voluptate velit esse cillum dolore eu fugiat nulla pa', NULL, 0, 'Idea 30 that suggest that we definitely need a longer title for ideas', 21, 6, NULL),
(67, TIMESTAMP '2018-11-03 22:33:18.172', TIMESTAMP '2018-11-04 22:33:18.172', 'zcTYormA Lorem ipsum dolor sit amet, consectetur adipiscing elit, sed do eiusmod tempor incididunt ut labore et dolore magna aliqua. Ut enim ad minim veniam, quis nostrud exercitation ullamco laboris nisi ut aliquip ex ea commodo consequat', NULL, 0, 'Idea 31 that suggest that we definitely need a longer title for ideas', 22, 2, NULL),
(68, TIMESTAMP '2018-11-02 22:33:18.186', TIMESTAMP '2018-11-03 22:33:18.186', 'n3ccFusW Lorem ipsum dolor sit amet, consectetur adipiscing elit, sed do eiusmod tempor incididunt ut labore et dolore magna aliqua. Ut enim ad minim veniam, quis nostrud exercitation ullamco laboris nisi ut aliquip ex ea commodo consequat. Duis aute irure dolor in reprehen', NULL, 0, 'Idea 32 that suggest that we definitely need a longer title for ideas', 23, 8, NULL);   
INSERT INTO PUBLIC.LAWS(ID, CREATED_AT, UPDATED_AT, DESCRIPTION, REACHED_QUORUM_AT, STATUS, TITLE, AREA_ID, CREATED_BY_ID, POLL_ID) VALUES
(69, TIMESTAMP '2018-11-01 22:33:18.191', TIMESTAMP '2018-11-02 22:33:18.192', 'JNsJKtgj Lorem ipsum dolor sit amet, consectetur adipiscing elit, sed do eiusmod tem', NULL, 0, 'Idea 33 that suggest that we definitely need a longer title for ideas', 24, 17, NULL),
(70, TIMESTAMP '2018-10-31 22:33:18.204', TIMESTAMP '2018-11-01 22:33:18.204', 'mo5fPHRE Lorem ipsum dolor sit amet, consectetur adipiscing elit, sed do eiusmod tempor incididunt ut labore et dolore magna aliqua. Ut enim ad minim veniam, quis nostrud exercitation ullamco laboris nisi ut aliquip ex ea commodo consequat. Duis aute irure dolor in reprehenderit in voluptate velit esse cillum dolore eu fugia', NULL, 0, 'Idea 34 that suggest that we definitely need a longer title for ideas', 25, 4, NULL),
(71, TIMESTAMP '2018-10-30 22:33:18.217', TIMESTAMP '2018-10-31 22:33:18.218', 'sbIggln2 Lorem ipsum dolor sit amet, consectetur adipiscing elit, sed do eiusmod tempor incididunt ut labore et dolore magna aliqua. Ut enim ad minim veniam, quis nostrud exercitation ullamco laboris nisi ut aliquip ex ea commodo consequat. Duis aute irure dolor in reprehenderit in voluptate velit esse cillum dolore eu fugiat nulla p', NULL, 0, 'Idea 35 that suggest that we definitely need a longer title for ideas', 26, 4, NULL),
(72, TIMESTAMP '2018-10-29 22:33:18.233', TIMESTAMP '2018-10-30 22:33:18.233', '398G0DoG Lorem ipsum dolor sit amet, consectetur adipisci', NULL, 0, 'Idea 36 that suggest that we definitely need a longer title for ideas', 27, 7, NULL),
(73, TIMESTAMP '2018-10-28 22:33:18.241', TIMESTAMP '2018-10-29 22:33:18.241', 'KB5XHPz8 Lorem ipsum dolor sit amet, consectetur adipiscing elit, sed do eiusmod tempor incididunt ut labore et dolore magna aliqua. Ut enim ad minim veniam, quis nostrud exercitation ullamco laboris nisi ut aliquip ex ea commodo consequat. Duis aute irure dolor in repre', NULL, 0, 'Idea 37 that suggest that we definitely need a longer title for ideas', 28, 11, NULL),
(74, TIMESTAMP '2018-10-27 22:33:18.249', TIMESTAMP '2018-10-28 22:33:18.249', '8AKWFeaZ Lorem ipsum dolor sit amet, consectetur adipiscing elit, sed do eiusmod tempor incididunt ut labore et dolore magna aliqua. Ut enim ad minim veniam, quis nostrud exercitation ullamco laboris nisi ut aliquip ex ea commodo consequat. Duis aute irure dolor in reprehenderit in voluptate velit esse c', NULL, 0, 'Idea 38 that suggest that we definitely need a longer title for ideas', 29, 14, NULL),
(75, TIMESTAMP '2018-10-26 22:33:18.255', TIMESTAMP '2018-10-27 22:33:18.256', 'soSA2J6Y Lorem ipsum dolor sit amet, consectetur adipiscing elit, s', NULL, 0, 'Idea 39 that suggest that we definitely need a longer title for ideas', 30, 13, NULL),
(76, TIMESTAMP '2018-10-25 22:33:18.267', TIMESTAMP '2018-10-26 22:33:18.267', 'oqPp3HMf Lorem ipsum dolor sit amet, consectetur adipiscing elit, sed do eiusmod tempor incididunt ut labore et dolore m', NULL, 0, 'Idea 40 that suggest that we definitely need a longer title for ideas', 21, 6, NULL),
(77, TIMESTAMP '2018-10-24 22:33:18.275', TIMESTAMP '2018-10-25 22:33:18.275', 'IhmZSQyQ Lorem ipsum dolor sit amet, consectetur adipiscing elit, sed do eiusmod tempor incididunt ut labore et dolore magna aliqua. Ut enim ad minim veniam, quis nostrud exercitation ullamco laboris nisi ut aliquip ex ea commodo consequat. Duis aute irure dolor in reprehenderit in voluptate velit esse cillum dolore eu fugiat nulla pariatur. Exce', NULL, 0, 'Idea 41 that suggest that we definitely need a longer title for ideas', 22, 11, NULL),
(78, TIMESTAMP '2018-10-23 22:33:18.287', TIMESTAMP '2018-10-24 22:33:18.287', 'aFTSieGl Lorem ipsum dolor sit amet, consectetur adipiscing elit, sed do eiusmod tempor incididunt ut labore et dolore magna aliqua. Ut enim ad minim veniam, quis nostrud exercitation ull', NULL, 0, 'Idea 42 that suggest that we definitely need a longer title for ideas', 23, 13, NULL),
(79, TIMESTAMP '2018-10-22 22:33:18.294', TIMESTAMP '2018-10-23 22:33:18.294', '8Hi1tZHt Lorem ipsum dolor sit amet, co', NULL, 0, 'Idea 43 that suggest that we definitely need a longer title for ideas', 24, 10, NULL);      
INSERT INTO PUBLIC.LAWS(ID, CREATED_AT, UPDATED_AT, DESCRIPTION, REACHED_QUORUM_AT, STATUS, TITLE, AREA_ID, CREATED_BY_ID, POLL_ID) VALUES
(80, TIMESTAMP '2018-10-21 22:33:18.306', TIMESTAMP '2018-10-22 22:33:18.306', '3G4vkg9f Lorem ipsum dolor sit amet,', NULL, 0, 'Idea 44 that suggest that we definitely need a longer title for ideas', 25, 8, NULL),
(81, TIMESTAMP '2018-10-20 22:33:18.32', TIMESTAMP '2018-10-21 22:33:18.32', 'Uz73XnxH Lorem ipsum dolor sit amet, consectetur adipiscing elit, sed do eiusmod tempor incididunt ut labore et dolore magna aliqua. Ut enim ad minim veniam, quis nostrud exercitation ullamco laboris nisi ut aliquip ex ea commodo consequat. Duis aute irure dolor in reprehenderit in voluptate velit esse cillum dolore eu fugiat nulla pa', NULL, 0, 'Idea 45 that suggest that we definitely need a longer title for ideas', 26, 7, NULL),
(82, TIMESTAMP '2018-10-19 22:33:18.331', TIMESTAMP '2018-10-20 22:33:18.332', 'ojorqOQD Lorem ipsum dolor sit amet, consectetur adipiscing elit, sed do eiusmod tempor incididunt ut labore et dolore magna aliqua. Ut enim ad min', NULL, 0, 'Idea 46 that suggest that we definitely need a longer title for ideas', 27, 5, NULL),
(83, TIMESTAMP '2018-10-18 22:33:18.349', TIMESTAMP '2018-10-19 22:33:18.349', 'qCmje5Am Lorem ipsum dolor sit amet, consectetur adipiscing elit, sed do eiusmod tempor incididunt ut labore et dolore magna aliqua. Ut enim ad minim veniam, quis nostrud exercitation ullamco laboris nisi ut aliqu', NULL, 0, 'Idea 47 that suggest that we definitely need a longer title for ideas', 28, 5, NULL),
(84, TIMESTAMP '2018-10-17 22:33:18.36', TIMESTAMP '2018-10-18 22:33:18.36', 'EKFXHLHp Lorem ipsum dolor sit amet, consectetur adipiscing elit, sed do eiusmod tempor incididunt ut labore et dolore magna aliqua. Ut enim ad minim veniam, quis nostrud exercitation ullamco la', NULL, 0, 'Idea 48 that suggest that we definitely need a longer title for ideas', 29, 18, NULL),
(85, TIMESTAMP '2018-10-16 22:33:18.383', TIMESTAMP '2018-10-17 22:33:18.384', 'B85Iibts Lorem ipsum dolor sit amet, consectetur adipiscing elit, sed do eiusmod tempor incididunt ut labore et dolore magna aliqua. Ut enim ad minim veniam, quis nostrud exercitation ullamco laboris nisi ut aliquip ex ea commodo consequat. Duis aute irure dolor in reprehenderit in ', NULL, 0, 'Idea 49 that suggest that we definitely need a longer title for ideas', 30, 3, NULL),
(86, TIMESTAMP '2018-10-15 22:33:18.396', TIMESTAMP '2018-10-16 22:33:18.396', '1HsMnfq7 Lorem ipsum dolor sit amet, consectetur adipiscing elit, sed do eiusmod tempor incididunt ut labore ', NULL, 0, 'Idea 50 that suggest that we definitely need a longer title for ideas', 21, 10, NULL),
(87, TIMESTAMP '2018-10-14 22:33:18.406', TIMESTAMP '2018-10-15 22:33:18.406', 'b1QXiAZm Lorem ipsum dolor sit amet, co', NULL, 0, 'Idea 51 that suggest that we definitely need a longer title for ideas', 22, 9, NULL),
(88, TIMESTAMP '2018-10-13 22:33:18.412', TIMESTAMP '2018-10-14 22:33:18.413', 'NJKVhGmd Lorem ipsum dolor sit amet, consectetur adipiscing elit, sed do eiusmod tempor incididunt ut labore et dolore magna aliqua. Ut enim ad minim veniam, quis nostrud exercitation ullamco laboris nisi ut aliquip ex ea commodo consequat. Duis aute irure dolor in reprehenderit in voluptate velit esse cillum dolore eu fugiat nulla pariatur. Excepteur sint occaecat ', NULL, 0, 'Idea 52 that suggest that we definitely need a longer title for ideas', 23, 7, NULL),
(89, TIMESTAMP '2018-10-12 22:33:18.424', TIMESTAMP '2018-10-13 22:33:18.424', 'jZpDNcpl Lorem ipsum dolor sit amet, consectetur adipiscing elit, sed do eiusmod tempor ', NULL, 0, 'Idea 53 that suggest that we definitely need a longer title for ideas', 24, 3, NULL),
(90, TIMESTAMP '2018-10-11 22:33:18.431', TIMESTAMP '2018-10-12 22:33:18.431', 'JGUmJ354 Lor', NULL, 0, 'Idea 54 that suggest that we definitely need a longer title for ideas', 25, 13, NULL),
(91, TIMESTAMP '2018-10-10 22:33:18.434', TIMESTAMP '2018-10-11 22:33:18.435', 'pM6r2GYS Lorem ipsum ', NULL, 0, 'Idea 55 that suggest that we definitely need a longer title for ideas', 26, 12, NULL);              
INSERT INTO PUBLIC.LAWS(ID, CREATED_AT, UPDATED_AT, DESCRIPTION, REACHED_QUORUM_AT, STATUS, TITLE, AREA_ID, CREATED_BY_ID, POLL_ID) VALUES
(92, TIMESTAMP '2018-10-09 22:33:18.447', TIMESTAMP '2018-10-10 22:33:18.448', 'HPhzSSP4 Lorem ipsum dolor sit amet, consectetur adipiscing elit, sed do eiusmod tempor incididunt ut labore et dolore magna aliqua. Ut enim ad minim veniam, quis nostrud exercitation ullamco laboris nisi ut aliquip ex ea commodo consequat. Duis aute irure dolor in reprehenderit in voluptate velit esse cillum dolore eu fugiat nulla pariatur. Excepteur sint occaecat cupidatat non proident, s', NULL, 0, 'Idea 56 that suggest that we definitely need a longer title for ideas', 27, 13, NULL),
(93, TIMESTAMP '2018-10-08 22:33:18.456', TIMESTAMP '2018-10-09 22:33:18.457', 'UMbCujJv Lorem ipsum dolor sit amet, consectetur adipiscing elit, sed do eiusmod tempor incididunt ut labore et dolore magna aliqua. Ut enim ad minim veniam, quis nostrud exercitation ullamco laboris nisi ut aliquip ex ea commodo consequat. Duis aute irure dolor in reprehenderit in voluptate velit esse cillum dolore eu fugiat nulla pariatur. E', NULL, 0, 'Idea 57 that suggest that we definitely need a longer title for ideas', 28, 9, NULL),
(94, TIMESTAMP '2018-10-07 22:33:18.465', TIMESTAMP '2018-10-08 22:33:18.465', 'A5duz6hW Lorem ipsum dolor sit amet, consectetur adipiscing elit, sed do eiusmod tempor incididunt ut labore et dolore magna aliqua. Ut enim ad minim veniam, quis nostrud exercitation ullamco labori', NULL, 0, 'Idea 58 that suggest that we definitely need a longer title for ideas', 29, 12, NULL),
(95, TIMESTAMP '2018-10-06 22:33:18.468', TIMESTAMP '2018-10-07 22:33:18.469', '8GnLhzr6 Lorem ipsum dolor sit amet, consectetur adipiscing elit, sed do eiusmod tempor incididunt ut labore et dolore magna aliqua. Ut enim ad minim veniam, quis nostrud exercitation ullamco laboris nisi ut aliquip ex ea commodo consequat. Duis aute irure dolor in reprehenderit in voluptate velit esse cillum dolore eu fugiat nulla pariatur. Excepteur sint occaecat cupidatat non ', NULL, 0, 'Idea 59 that suggest that we definitely need a longer title for ideas', 30, 13, NULL),
(96, TIMESTAMP '2018-10-05 22:33:18.48', TIMESTAMP '2018-10-06 22:33:18.48', 'Ti93NUGB Lorem ipsum dolor sit amet, consectetur adipiscing elit, sed do eiusmod tempor incididunt ut labore et dolore magna aliqua. Ut enim ad minim veniam, quis nostrud exercitation ullamco laboris nisi ut aliquip ex ea commodo consequat. Duis aute irure dolor in ', NULL, 0, 'Idea 60 that suggest that we definitely need a longer title for ideas', 21, 2, NULL),
(97, TIMESTAMP '2018-10-04 22:33:18.483', TIMESTAMP '2018-10-05 22:33:18.484', 'd9mZ3kxj Lorem ipsum dolor sit amet, consectetur adipiscing elit, sed do eiusmod tempor incididunt ut labore et dolore magna aliqua. Ut enim ad minim veniam, quis nostrud exercitation ullamco laboris nisi ut aliquip ex ea commodo consequat. Duis aute irure dolor in reprehenderit in voluptate velit esse cillum dolore eu fugiat nulla pariatur. Excepteur sint', NULL, 0, 'Idea 61 that suggest that we definitely need a longer title for ideas', 22, 16, NULL),
(98, TIMESTAMP '2018-10-03 22:33:18.497', TIMESTAMP '2018-10-04 22:33:18.497', 'EwiEFPmU Lorem ipsum dolor sit amet, consectetur adipiscing elit, sed do eiusmo', NULL, 0, 'Idea 62 that suggest that we definitely need a longer title for ideas', 23, 15, NULL),
(99, TIMESTAMP '2018-10-02 22:33:18.508', TIMESTAMP '2018-10-03 22:33:18.508', 'QNLBhK6y Lorem ipsum dolor sit', NULL, 0, 'Idea 63 that suggest that we definitely need a longer title for ideas', 24, 11, NULL),
(100, TIMESTAMP '2018-10-01 22:33:18.518', TIMESTAMP '2018-10-02 22:33:18.519', 'k9lyItaj Lorem ipsum dolor sit amet, consectetur adipiscing elit, sed do eiusmod tempor incididunt ut labore et dolore magna aliqua. Ut enim ad minim ven', NULL, 0, 'Idea 64 that suggest that we definitely need a longer title for ideas', 25, 1, NULL),
(101, TIMESTAMP '2018-09-30 22:33:18.522', TIMESTAMP '2018-10-01 22:33:18.522', '4pHkxCJe Lorem ipsum dolor sit amet, consectetur adipiscing elit, sed do eiusmod tempor incididunt ut labor', NULL, 0, 'Idea 65 that suggest that we definitely need a longer title for ideas', 26, 20, NULL);              
INSERT INTO PUBLIC.LAWS(ID, CREATED_AT, UPDATED_AT, DESCRIPTION, REACHED_QUORUM_AT, STATUS, TITLE, AREA_ID, CREATED_BY_ID, POLL_ID) VALUES
(102, TIMESTAMP '2018-09-29 22:33:18.54', TIMESTAMP '2018-09-30 22:33:18.54', 'DJm9ULr1 Lorem ipsum dolor sit amet, c', NULL, 0, 'Idea 66 that suggest that we definitely need a longer title for ideas', 27, 5, NULL),
(103, TIMESTAMP '2018-09-28 22:33:18.553', TIMESTAMP '2018-09-29 22:33:18.553', 'IP9nGkvn Lorem ipsum dolor sit amet, consectetur adipiscing elit, sed do eiusmod tempor incididunt ut labore et dolore magna aliqua. Ut enim ad minim veniam, quis nostrud exercitation ullamco laboris nisi ut aliquip ex ea commodo consequat. Duis aute irure dolor in reprehenderit in voluptate velit esse cillum dolore eu fugiat nulla pariat', NULL, 0, 'Idea 67 that suggest that we definitely need a longer title for ideas', 28, 3, NULL),
(104, TIMESTAMP '2018-09-27 22:33:18.565', TIMESTAMP '2018-09-28 22:33:18.565', 'H4G0GbRR Lorem ipsum dolor sit amet, consectetur adipiscing elit, sed do eiusmod tempor incididunt ut labore et dolore magna aliqua. Ut enim ad minim veniam, quis nostrud exercitation ullamco laboris nisi ut aliquip ex ea commodo consequat. Duis aute irure dolor in reprehenderit in voluptate velit esse cillum dolore eu fugiat nulla pariatur. Excepteur sint occaecat cupidatat non proident, sunt', NULL, 0, 'Idea 68 that suggest that we definitely need a longer title for ideas', 29, 3, NULL),
(105, TIMESTAMP '2018-09-26 22:33:18.573', TIMESTAMP '2018-09-27 22:33:18.574', 'llnsKVX0 Lorem ipsum dolor sit amet, consectetur adipiscing elit, sed do eiusmod tempor incididunt ut labore et dolore magna aliqua. Ut enim ad minim veniam, quis nostrud exercitation ullamco lab', NULL, 0, 'Idea 69 that suggest that we definitely need a longer title for ideas', 30, 18, NULL),
(106, TIMESTAMP '2018-09-25 22:33:18.583', TIMESTAMP '2018-09-26 22:33:18.583', 'iZS5tStA Lorem ipsum dolor sit amet, consectetur adipiscing elit, sed do eiusmod tempor incididunt ut labore et dolore magna aliqua.', NULL, 0, 'Idea 70 that suggest that we definitely need a longer title for ideas', 21, 1, NULL),
(107, TIMESTAMP '2018-09-24 22:33:18.588', TIMESTAMP '2018-09-25 22:33:18.589', '6an0k28M Lorem ipsum dolor sit amet, consectetur adipiscing elit, sed ', NULL, 0, 'Idea 71 that suggest that we definitely need a longer title for ideas', 22, 8, NULL),
(108, TIMESTAMP '2018-09-23 22:33:18.593', TIMESTAMP '2018-09-24 22:33:18.593', 'FckKQRiv Lorem ipsum dolor sit amet, consectetur adipiscing elit, sed do eiusmod tempor incidid', NULL, 0, 'Idea 72 that suggest that we definitely need a longer title for ideas', 23, 12, NULL),
(109, TIMESTAMP '2018-09-22 22:33:18.602', TIMESTAMP '2018-09-23 22:33:18.602', 'HuKRx2nY Lorem ipsum dolor sit amet, consectetur adipiscing elit, sed do eiusmod tempor incididunt ut labore et dolore magna aliqua. Ut enim ad minim veniam, quis nostrud exercitation ullamco laboris nisi ut aliquip ex ea commodo consequat. Duis aute irure dolor in reprehenderit in voluptate velit es', NULL, 0, 'Idea 73 that suggest that we definitely need a longer title for ideas', 24, 2, NULL),
(110, TIMESTAMP '2018-09-21 22:33:18.609', TIMESTAMP '2018-09-22 22:33:18.61', 'XNOQ54dj Lorem ipsum dolor sit amet, consectetur adipiscing elit, sed do eiusmod tempor inc', NULL, 0, 'Idea 74 that suggest that we definitely need a longer title for ideas', 25, 15, NULL),
(111, TIMESTAMP '2018-09-20 22:33:18.613', TIMESTAMP '2018-09-21 22:33:18.613', 'sFh3wAV7 Lorem ipsum dolor sit amet, consectetur adipiscing elit, sed do eiusmod tempor incididunt ut labore et dolore magna aliqua. Ut enim ad minim veniam, quis nostrud exercitation ul', NULL, 0, 'Idea 75 that suggest that we definitely need a longer title for ideas', 26, 10, NULL),
(112, TIMESTAMP '2018-09-19 22:33:18.617', TIMESTAMP '2018-09-20 22:33:18.618', 'zt8Latap Lorem ipsum dolor sit amet, consectetur adipiscing elit, sed do eiusmod tempor incididunt ut labore et dolore magna aliqua. Ut enim ad minim veniam, quis nostrud exercitation ullamco laboris nisi ut aliquip ex ea commodo c', NULL, 0, 'Idea 76 that suggest that we definitely need a longer title for ideas', 27, 10, NULL);
INSERT INTO PUBLIC.LAWS(ID, CREATED_AT, UPDATED_AT, DESCRIPTION, REACHED_QUORUM_AT, STATUS, TITLE, AREA_ID, CREATED_BY_ID, POLL_ID) VALUES
(113, TIMESTAMP '2018-09-18 22:33:18.625', TIMESTAMP '2018-09-19 22:33:18.625', '5eYz3pGd Lorem ipsum dolor sit amet, consectetur adipiscing elit, sed do eiusmod tempor incididunt ut labore et dolore magna aliqua. Ut enim ad minim veniam, quis nostrud exercitation ullamco laboris nisi ut aliquip ex ea commodo consequat. Duis aute irure dolor in reprehenderit in voluptate velit esse cillum dolore eu fugiat nulla par', NULL, 0, 'Idea 77 that suggest that we definitely need a longer title for ideas', 28, 3, NULL),
(114, TIMESTAMP '2018-09-17 22:33:18.629', TIMESTAMP '2018-09-18 22:33:18.629', '0KlJyCRC Lorem ipsum', NULL, 0, 'Idea 78 that suggest that we definitely need a longer title for ideas', 29, 3, NULL),
(115, TIMESTAMP '2018-09-16 22:33:18.637', TIMESTAMP '2018-09-17 22:33:18.637', 'gYbH1GvX Lorem ipsum dolor sit amet, consectetur adipiscing elit, sed do eiusmod tempor incididunt ut labore et dolore magna aliqua. Ut enim ad minim veniam, quis nostrud exercitation ullamco laboris nisi ut aliquip ex', NULL, 0, 'Idea 79 that suggest that we definitely need a longer title for ideas', 30, 17, NULL),
(116, TIMESTAMP '2018-09-15 22:33:18.643', TIMESTAMP '2018-09-16 22:33:18.643', 'mWZgGPxZ Lor', NULL, 0, 'Idea 80 that suggest that we definitely need a longer title for ideas', 21, 20, NULL),
(117, TIMESTAMP '2018-09-14 22:33:18.652', TIMESTAMP '2018-09-15 22:33:18.652', 'hnfEipfL Lorem ipsum dolor sit amet, consectetur adipiscing elit, sed do eiusmod tempor incididunt ut labore et dolore magna aliqua. Ut enim ad minim veniam, quis nostrud exercitation ullamco laboris nisi ut aliquip ex ea commodo consequat. Duis aute irure dolor', NULL, 0, 'Idea 81 that suggest that we definitely need a longer title for ideas', 22, 15, NULL),
(118, TIMESTAMP '2018-09-13 22:33:18.664', TIMESTAMP '2018-09-14 22:33:18.664', 'YKFi9o6k Lorem ipsum dolor sit amet, consectetur adipiscing elit, sed do eiusmod tempor incididunt ut labore et dolore magna aliqua. Ut enim ad minim veniam, quis nostrud exercitation ullamco laboris nisi ut aliquip ex ea commodo consequat. Duis aute irure dolor in ', NULL, 0, 'Idea 82 that suggest that we definitely need a longer title for ideas', 23, 12, NULL),
(119, TIMESTAMP '2018-09-12 22:33:18.674', TIMESTAMP '2018-09-13 22:33:18.675', 'HQWilGr0 Lorem ipsum dolor sit amet, consectetur adipiscing elit, sed do eiusmod tempor incididunt ut labore et dolore magna aliqua. Ut enim ad minim veniam, quis nostrud exercitation ullamco laboris nisi ut aliquip ex ea', NULL, 0, 'Idea 83 that suggest that we definitely need a longer title for ideas', 24, 19, NULL),
(120, TIMESTAMP '2018-09-11 22:33:18.685', TIMESTAMP '2018-09-12 22:33:18.686', 'Lb50UPgt Lorem ipsum dolor sit amet, consectetur adipiscing elit, sed do eiusmod tempor incididunt ut labore et dolore magna aliqua. Ut enim ad minim veniam, quis nostrud exercitation ullamco laboris nisi ut aliquip ex ea commodo consequat. Duis aute irure dolor in r', NULL, 0, 'Idea 84 that suggest that we definitely need a longer title for ideas', 25, 7, NULL),
(121, TIMESTAMP '2018-09-10 22:33:18.692', TIMESTAMP '2018-09-11 22:33:18.693', 'VGwtTuha Lorem ipsum dolor sit amet, consectetur adipiscing elit, sed do eiusmod tempor incididunt ut labore et dolore magna aliqua. Ut enim ad minim veniam, quis nostrud exercitation ullamco laboris nisi ut aliquip ex ea commodo consequat. Duis aute irure dolor in re', NULL, 0, 'Idea 85 that suggest that we definitely need a longer title for ideas', 26, 5, NULL),
(122, TIMESTAMP '2018-09-09 22:33:18.7', TIMESTAMP '2018-09-10 22:33:18.7', 'bJoy7JAR Lorem ipsum dolor sit amet, consectetur adipiscin', NULL, 0, 'Idea 86 that suggest that we definitely need a longer title for ideas', 27, 14, NULL),
(123, TIMESTAMP '2018-09-08 22:33:18.703', TIMESTAMP '2018-09-09 22:33:18.703', 'BEBEjXN5 Lorem ipsum dolor sit amet, consectetur adipiscing elit, sed do eiusmod tempor incididunt ut labore et dolore magna aliqua. Ut enim ad minim veniam, quis nostrud exercitation ullamco laboris nisi ut aliquip ex ea commodo consequat. Duis aute irure dolo', NULL, 0, 'Idea 87 that suggest that we definitely need a longer title for ideas', 28, 20, NULL);            
INSERT INTO PUBLIC.LAWS(ID, CREATED_AT, UPDATED_AT, DESCRIPTION, REACHED_QUORUM_AT, STATUS, TITLE, AREA_ID, CREATED_BY_ID, POLL_ID) VALUES
(124, TIMESTAMP '2018-09-07 22:33:18.707', TIMESTAMP '2018-09-08 22:33:18.707', 'Xe1SDkBL Lorem ipsum dolor sit amet, consectetur adipiscing elit, sed do eiusmod tempor incididunt ut labore et dolore magna aliqua. Ut enim ad minim veniam, quis nostrud exercitation ullamco laboris nisi ut aliquip ex ea co', NULL, 0, 'Idea 88 that suggest that we definitely need a longer title for ideas', 29, 1, NULL),
(125, TIMESTAMP '2018-09-06 22:33:18.712', TIMESTAMP '2018-09-07 22:33:18.712', 'ybi9Sgsg Lorem ipsum dolor sit amet, consectetur adipiscing elit, sed do eiusmod tempor incididunt ut labore et dolore magna aliqua. Ut enim ad minim veniam, quis nostrud exercitation ul', NULL, 0, 'Idea 89 that suggest that we definitely need a longer title for ideas', 30, 10, NULL),
(126, TIMESTAMP '2018-09-05 22:33:18.715', TIMESTAMP '2018-09-06 22:33:18.715', 'NR6ZsFP0 Lorem ipsum dolor sit amet, consectetur adipiscing elit, sed do eiusmod tempor incididunt ut labore et dolore magna aliqua. Ut enim ad minim veniam, quis nostrud exercitation ullamco laboris nisi ut aliquip ex ea commodo consequat. Duis aute irure dolor in reprehenderit in voluptate velit esse cillum dolore eu fug', NULL, 0, 'Idea 90 that suggest that we definitely need a longer title for ideas', 21, 6, NULL),
(127, TIMESTAMP '2018-09-04 22:33:18.723', TIMESTAMP '2018-09-05 22:33:18.723', 'VGlmHZWT Lorem ipsum dolor sit amet, consectetur adipiscing elit, sed do eiusmod tempor incididunt ut labore et dolore magna aliqua. Ut enim ad minim veniam, quis nostrud exerci', NULL, 0, 'Idea 91 that suggest that we definitely need a longer title for ideas', 22, 13, NULL),
(128, TIMESTAMP '2018-09-03 22:33:18.728', TIMESTAMP '2018-09-04 22:33:18.728', 'wrDwMexg Lorem ipsum dolor sit amet, consectetur adipiscing elit, sed do eiusmod tempor incididunt ut labore et dolore magna aliqua. Ut enim ad minim veni', NULL, 0, 'Idea 92 that suggest that we definitely need a longer title for ideas', 23, 6, NULL),
(129, TIMESTAMP '2018-09-02 22:33:18.738', TIMESTAMP '2018-09-03 22:33:18.738', '2I0rKjMx Lorem ipsum dolor sit amet, consectetur adipiscing elit, sed do eiusmod tempor incididunt ut labore et dolore magna aliqua. Ut enim ad minim veniam, quis nostrud exercitation ullamco laboris nisi ut aliquip ex ea commodo consequat. Duis aute irure dolor in reprehenderit in voluptate velit esse cillum dolore eu fugiat nulla pariatur. Exc', NULL, 0, 'Idea 93 that suggest that we definitely need a longer title for ideas', 24, 9, NULL),
(130, TIMESTAMP '2018-09-01 22:33:18.745', TIMESTAMP '2018-09-02 22:33:18.745', '4msvocg0 Lorem ipsum dolor sit amet, consectetur adipiscing elit, se', NULL, 0, 'Idea 94 that suggest that we definitely need a longer title for ideas', 25, 15, NULL),
(131, TIMESTAMP '2018-08-31 22:33:18.754', TIMESTAMP '2018-09-01 22:33:18.754', 'mQglfNxl Lorem ipsum dolo', NULL, 0, 'Idea 95 that suggest that we definitely need a longer title for ideas', 26, 14, NULL),
(132, TIMESTAMP '2018-08-30 22:33:18.765', TIMESTAMP '2018-08-31 22:33:18.765', 'rmgCGUpg Lorem ipsum dolor sit amet, consectetur adipiscing elit', NULL, 0, 'Idea 96 that suggest that we definitely need a longer title for ideas', 27, 1, NULL),
(133, TIMESTAMP '2018-08-29 22:33:18.773', TIMESTAMP '2018-08-30 22:33:18.773', 'iQPBtm2I Lorem ipsum dolor sit amet, consectetur adipiscing elit, sed do eiusmod tempor incididunt ut labore et dolore magna aliqua. Ut enim ad minim veniam, quis nostrud exercitation ullamco laboris nisi ut aliquip ex ea commodo consequat. Duis aute irure dolor in reprehenderit in voluptate velit esse cillum dolore eu f', NULL, 0, 'Idea 97 that suggest that we definitely need a longer title for ideas', 28, 7, NULL),
(134, TIMESTAMP '2018-08-28 22:33:18.778', TIMESTAMP '2018-08-29 22:33:18.778', '3jisqAt9 Lorem ipsum dolor sit ame', NULL, 0, 'Idea 98 that suggest that we definitely need a longer title for ideas', 29, 12, NULL),
(135, TIMESTAMP '2018-08-27 22:33:18.782', TIMESTAMP '2018-08-28 22:33:18.783', 'TzHzP9OF Lorem ipsum dolor sit amet, consectetur adipiscing elit, sed do eiusmod tempor incididunt ut labore et dolore magna aliqua. Ut ', NULL, 0, 'Idea 99 that suggest that we definitely need a longer title for ideas', 30, 18, NULL);     
INSERT INTO PUBLIC.LAWS(ID, CREATED_AT, UPDATED_AT, DESCRIPTION, REACHED_QUORUM_AT, STATUS, TITLE, AREA_ID, CREATED_BY_ID, POLL_ID) VALUES
(136, TIMESTAMP '2018-08-26 22:33:18.792', TIMESTAMP '2018-08-27 22:33:18.792', '3upmGerR Lorem ipsum dolor sit amet, consectetur adipiscing elit, sed do eiusmod tempor incididunt ut labore et dolore magna aliqua. Ut enim ad minim veniam, quis nostrud exercitation ullamco laboris nisi ut aliquip e', NULL, 0, 'Idea 100 that suggest that we definitely need a longer title for ideas', 21, 12, NULL),
(137, TIMESTAMP '2018-08-25 22:33:18.795', TIMESTAMP '2018-08-26 22:33:18.795', 'qLf9jDec Lorem ipsum dolor sit amet, consectetur adipiscing elit, sed do eiusmod tempor incididunt ut labore et dolore magna aliqua. Ut enim ad minim veniam, quis nostrud exercitation ullamco laboris nisi ut aliquip ex ea commodo consequat. Duis aute irure dolor in reprehenderit in voluptate velit esse cillum dolore eu fugiat nulla p', NULL, 0, 'Idea 101 that suggest that we definitely need a longer title for ideas', 22, 20, NULL),
(138, TIMESTAMP '2018-08-24 22:33:18.805', TIMESTAMP '2018-08-25 22:33:18.805', 'POu2J5hv Lorem ipsum dolor sit amet, consectetur adipiscing elit, sed do eiusmod tempor incididunt ut labore et dolore magna aliqua. Ut enim ad minim veniam, qu', NULL, 0, 'Idea 102 that suggest that we definitely need a longer title for ideas', 23, 5, NULL),
(139, TIMESTAMP '2018-08-23 22:33:18.808', TIMESTAMP '2018-08-24 22:33:18.808', '1XQ72Frp Lorem ipsum dolor sit ame', NULL, 0, 'Idea 103 that suggest that we definitely need a longer title for ideas', 24, 3, NULL),
(140, TIMESTAMP '2018-08-22 22:33:18.81', TIMESTAMP '2018-08-23 22:33:18.81', 'cpowKSdm Lorem ipsum dolor sit amet, consectetur ', NULL, 0, 'Idea 104 that suggest that we definitely need a longer title for ideas', 25, 4, NULL),
(141, TIMESTAMP '2018-08-21 22:33:18.817', TIMESTAMP '2018-08-22 22:33:18.817', '38PSClCM Lorem ipsum dolor sit amet, consectetur adipiscing elit, sed do eiusmod tempor incididunt ut labore et dolore magna aliqua. Ut enim ad minim veniam, quis nostrud exercitation ullamco laboris nisi ut aliquip ex ea commodo consequat. Duis aute irure dolor in reprehenderit in voluptate velit esse cill', NULL, 0, 'Idea 105 that suggest that we definitely need a longer title for ideas', 26, 13, NULL),
(142, TIMESTAMP '2018-08-20 22:33:18.825', TIMESTAMP '2018-08-21 22:33:18.826', 'l6Yhg7jj Lorem ipsum dolor sit amet, consectetur adipiscing elit, sed do eiusmod tempor incididunt ut labore et dolore magna aliqua. Ut enim ad minim veniam, quis nostrud exercitation ull', NULL, 0, 'Idea 106 that suggest that we definitely need a longer title for ideas', 27, 2, NULL),
(143, TIMESTAMP '2018-08-19 22:33:18.834', TIMESTAMP '2018-08-20 22:33:18.834', '7wZ7hx71 Lorem ipsum dolor sit amet, consectetur adipiscing elit, sed do eiusmod tempor incididunt ut labore et dolore magna aliqua. Ut enim ad minim veniam, quis nostrud exercitation ullamco laboris nisi ut aliquip ex ea commodo consequat. Duis aute irure dolor in reprehenderit in voluptate velit esse cillum dolore eu fugiat null', NULL, 0, 'Idea 107 that suggest that we definitely need a longer title for ideas', 28, 13, NULL),
(144, TIMESTAMP '2018-08-18 22:33:18.844', TIMESTAMP '2018-08-19 22:33:18.844', 'DLoMqJ7E Lorem ipsum dolor sit amet, consectetur adipiscing elit, sed do eiusmod tempor incididunt ut labore et dolore magna aliqua. Ut enim ad', NULL, 0, 'Idea 108 that suggest that we definitely need a longer title for ideas', 29, 14, NULL),
(145, TIMESTAMP '2018-08-17 22:33:18.85', TIMESTAMP '2018-08-18 22:33:18.85', 'n7dZcGWi Lorem ipsum dolor sit amet, consectetur adipiscing elit, sed do eiusmod tempor incididunt ut labore et dolore magna aliqua. Ut enim ad minim veniam, quis nostrud exercitation ullamco laboris nisi ut aliquip ex ea commodo consequat. Duis aute irure dolor in reprehenderit in voluptate velit esse cillum dolore eu fugiat nulla pariatur. Excepteur sint occaecat cupidatat non proident, sunt in c', NULL, 0, 'Idea 109 that suggest that we definitely need a longer title for ideas', 30, 4, NULL); 
INSERT INTO PUBLIC.LAWS(ID, CREATED_AT, UPDATED_AT, DESCRIPTION, REACHED_QUORUM_AT, STATUS, TITLE, AREA_ID, CREATED_BY_ID, POLL_ID) VALUES
(146, TIMESTAMP '2018-08-16 22:33:18.856', TIMESTAMP '2018-08-17 22:33:18.856', '0k1jPlys Lorem ipsum dolor sit amet, consectetur adipiscing elit, sed do eiusmod tempor incididunt ut labore et dolore magna aliq', NULL, 0, 'Idea 110 that suggest that we definitely need a longer title for ideas', 21, 20, NULL),
(147, TIMESTAMP '2018-11-28 22:33:18.869', TIMESTAMP '2018-11-29 22:33:18.869', 'PW8WtKV4 Lorem ipsum dolor sit amet, cons', TIMESTAMP '2018-12-05 22:33:18.867', 1, 'Proposal 0 that reached its quorum', 23, 18, NULL),
(148, TIMESTAMP '2018-12-05 22:33:18.883', TIMESTAMP '2018-12-05 22:33:18.883', 'm8TwUL40 Lorem ipsum dolor sit amet, consectetur adipiscing elit, sed do eiusmod tempor incididunt ut labore et dolore magna aliqua. Ut enim ad minim veniam, quis nostrud exercitation ullamco laboris nisi u', TIMESTAMP '2018-12-05 22:33:18.882', 1, 'Proposal 1 that reached its quorum', 26, 6, NULL),
(149, TIMESTAMP '2018-11-29 22:33:18.896', TIMESTAMP '2018-11-30 22:33:18.896', 'wuTefjp8 Lorem ipsum dolor sit amet, consectetur adipiscing elit, sed do eiusmod tempor incididunt ut labore et dolore magna aliqua. Ut enim ad minim veniam, quis nostrud exercitation ullamco laboris nisi ut aliquip ex ea commodo consequat. Duis aute irure dolor in reprehenderit in volupt', TIMESTAMP '2018-12-05 22:33:18.894', 1, 'Proposal 2 that reached its quorum', 24, 14, NULL),
(150, TIMESTAMP '2018-12-01 22:33:18.909', TIMESTAMP '2018-12-02 22:33:18.909', 'gKQB97aN Lorem ipsum dolor sit amet, consectetur adipiscing elit, sed do eiusmod tempor incididunt ut labore et dolore magna aliqua. Ut enim ad minim veniam, quis nostrud exercitation ullamco laboris nisi ut aliquip ex ea commodo consequat. Duis aute irure dolor in reprehenderit in voluptate velit esse cillum dolore eu fugiat nulla pariatur. Excepteur sint occaecat', TIMESTAMP '2018-12-05 22:33:18.907', 1, 'Proposal 3 that reached its quorum', 26, 12, NULL),
(151, TIMESTAMP '2018-11-26 22:33:18.923', TIMESTAMP '2018-11-27 22:33:18.923', '8BRmzfSU Lorem ipsum dolor sit amet, consectetur adipiscing elit, sed do eiusmod tempor incididunt ut labore et dolore magna aliqua. Ut enim ad minim veniam, quis nostrud exercitation ullamco lab', TIMESTAMP '2018-12-05 22:33:18.921', 1, 'Proposal 4 that reached its quorum', 30, 8, NULL),
(152, TIMESTAMP '2018-12-02 22:33:18.936', TIMESTAMP '2018-12-03 22:33:18.937', 'tBrZLz1C Lorem ipsum dolor sit amet, consectetur adipiscing elit, sed do eiusmod tempor incididunt ut labore et dolore magna aliqua. Ut enim ad minim veniam, quis nostrud exercitation ullamco laboris nisi ut aliquip ex ea commodo consequat. Duis aute irure dolor in repreh', TIMESTAMP '2018-12-05 22:33:18.935', 1, 'Proposal 5 that reached its quorum', 26, 3, NULL),
(153, TIMESTAMP '2018-12-01 22:33:18.95', TIMESTAMP '2018-12-02 22:33:18.95', '4pTqHPeW Lorem ipsum dolor sit amet, consectetur adipiscing elit, sed do eiusmod tempor incididunt ut labore et dolore magna aliqua. Ut enim ad minim veniam, quis nostrud ex', TIMESTAMP '2018-12-05 22:33:18.948', 1, 'Proposal 6 that reached its quorum', 24, 1, NULL),
(154, TIMESTAMP '2018-11-26 22:33:18.963', TIMESTAMP '2018-11-27 22:33:18.963', 'zDRZVNtp Lorem ipsum dolor sit amet, consectetur adipiscing elit, sed do eiusmod tempor incididunt ut labore et dolore magna aliqua. Ut enim a', TIMESTAMP '2018-12-05 22:33:18.96', 1, 'Proposal 7 that reached its quorum', 21, 19, NULL),
(155, TIMESTAMP '2018-11-28 22:33:18.978', TIMESTAMP '2018-11-29 22:33:18.979', '0zlGxB9W Lorem ipsum dolor sit amet, consectetur adipiscing elit, sed do eiusmod tempor incididunt ut labore et dolore magna aliqua. Ut enim ad minim veniam, quis nostrud exercitation ulla', TIMESTAMP '2018-12-05 22:33:18.976', 1, 'Proposal 8 that reached its quorum', 23, 1, NULL),
(156, TIMESTAMP '2018-11-27 22:33:18.995', TIMESTAMP '2018-11-28 22:33:18.995', 'zA1u1dgM Lorem ipsum dolor sit amet, consectetur adipiscing elit, sed do eiusmod tempor incididunt ut labore et dolore magna aliqua. Ut enim ad minim veniam, quis nostrud exercitation ullamco ', TIMESTAMP '2018-12-05 22:33:18.993', 1, 'Proposal 9 that reached its quorum', 28, 7, NULL);
INSERT INTO PUBLIC.LAWS(ID, CREATED_AT, UPDATED_AT, DESCRIPTION, REACHED_QUORUM_AT, STATUS, TITLE, AREA_ID, CREATED_BY_ID, POLL_ID) VALUES
(157, TIMESTAMP '2018-12-05 22:33:19.005', TIMESTAMP '2018-12-05 22:33:19.005', 'FTPdOEuh Lorem ipsum dolor sit amet, consectetur adipiscing elit, sed do eiusmod tempor incididunt ut labore et dolore magna aliq', TIMESTAMP '2018-12-05 22:33:19.004', 1, 'Proposal 10 that reached its quorum', 29, 8, NULL),
(158, TIMESTAMP '2018-11-27 22:33:19.017', TIMESTAMP '2018-11-28 22:33:19.017', 'ZcS4Bfi7 Lorem ipsum dolor sit amet, consectetur adipiscing elit, sed do eiusmod tempor incididunt ut labore et dolore magna aliqua. Ut enim ad minim veniam, quis nostrud exercitation ullamco laboris nisi ut aliquip ex ea commodo consequat. Duis aute irure dolor in reprehenderit in voluptate velit esse cillum dolore eu fugiat nulla pariatur. Excepteur sint occaecat cupidatat non proident, sunt in culpa q', TIMESTAMP '2018-12-05 22:33:19.015', 1, 'Proposal 11 that reached its quorum', 29, 2, NULL),
(159, TIMESTAMP '2018-12-04 22:33:19.029', TIMESTAMP '2018-12-05 22:33:19.029', 'rLlR4RQy Lorem ipsum dolor sit amet, consectetur adipiscing elit, sed do eiusmod tempor incididunt ut labore et dolore magna aliqua. Ut enim ad minim veniam, quis nostrud ', TIMESTAMP '2018-12-05 22:33:19.027', 1, 'Proposal 12 that reached its quorum', 26, 11, NULL),
(160, TIMESTAMP '2018-11-30 22:33:19.04', TIMESTAMP '2018-12-01 22:33:19.04', 'O7w7vF3o Lorem ipsum dolor sit amet, consectetur adipiscing elit, sed do eiusmod tempor incididunt ut labore et dolore magna aliqua. Ut enim ad minim veniam, quis nostrud exercitation ullamco laboris nisi ut aliquip ex ea commodo consequat. Duis aute irure dolor in reprehenderit in voluptate velit esse cillum dolore eu fugiat nulla pariatur. Excepteur sint occaecat cupidatat non proident, sunt ', TIMESTAMP '2018-12-05 22:33:19.039', 1, 'Proposal 13 that reached its quorum', 21, 4, NULL),
(161, TIMESTAMP '2018-11-30 22:33:19.053', TIMESTAMP '2018-12-01 22:33:19.053', '5roTINsH Lorem ip', TIMESTAMP '2018-12-05 22:33:19.051', 1, 'Proposal 14 that reached its quorum', 21, 7, NULL),
(162, TIMESTAMP '2018-11-28 22:33:19.068', TIMESTAMP '2018-11-29 22:33:19.069', 'pwfG9usF Lorem ipsum dol', TIMESTAMP '2018-12-05 22:33:19.065', 1, 'Proposal 15 that reached its quorum', 23, 18, NULL),
(163, TIMESTAMP '2018-12-01 22:33:19.087', TIMESTAMP '2018-12-02 22:33:19.087', '0rIVPumG Lorem ipsum dolor sit amet, consectetur adipiscing elit, sed do eiusmod tempor incididunt ut labore et dolore', TIMESTAMP '2018-12-05 22:33:19.084', 1, 'Proposal 16 that reached its quorum', 22, 1, NULL),
(164, TIMESTAMP '2018-11-30 22:33:19.101', TIMESTAMP '2018-12-01 22:33:19.101', 'vJrvrHsp Lorem ipsum dolor sit amet, consectetur adipiscing elit, sed do eiusmod tempor incididunt ut labore et dolore magna aliqua. Ut enim ad minim veniam, quis nostrud exercitation ullamco laboris nisi ut aliquip ex ea commodo consequat. Duis aute irure dolor in reprehender', TIMESTAMP '2018-12-05 22:33:19.099', 1, 'Proposal 17 that reached its quorum', 24, 20, NULL),
(165, TIMESTAMP '2018-12-05 22:33:19.121', TIMESTAMP '2018-12-05 22:33:19.122', 'd4uI9jiD Lorem ipsum dolor sit amet, consectetur adipiscing elit, sed do eiusmod tempor incididunt ut labore et dolore magna aliqua. Ut enim ad minim veniam, quis nostrud exercitatio', TIMESTAMP '2018-12-05 22:33:19.12', 1, 'Proposal 18 that reached its quorum', 25, 11, NULL),
(166, TIMESTAMP '2018-11-26 22:33:19.134', TIMESTAMP '2018-11-27 22:33:19.134', 'yCc1e9Id Lorem ipsum dolor sit amet, consectetur adipiscing elit, sed do eiusmod tempor incididunt ut labore et dolore magna aliqua. Ut enim ad minim veniam, quis nostrud exercitation ullamco laboris nisi ut aliquip ex ea commodo consequat. Duis aute irure dolor in reprehenderit in voluptate velit esse cillum dolore eu fugiat nulla pariatur. Excepteur sint occaecat cupidatat non proident, sunt in', TIMESTAMP '2018-12-05 22:33:19.132', 1, 'Proposal 19 that reached its quorum', 29, 11, NULL),
(167, TIMESTAMP '2018-11-26 22:33:19.149', TIMESTAMP '2018-11-27 22:33:19.149', 'chgWi0yZ Lorem ipsum dolor sit amet, consectetur adipiscing elit, sed do eiusmod tempor incididunt ut labore et dolore magna aliqua. Ut enim ad minim veniam, quis nostrud exercitation ullamco laboris nisi ut aliquip ex ea commodo', TIMESTAMP '2018-12-05 22:33:19.147', 1, 'Proposal 20 that reached its quorum', 25, 14, NULL);             
INSERT INTO PUBLIC.LAWS(ID, CREATED_AT, UPDATED_AT, DESCRIPTION, REACHED_QUORUM_AT, STATUS, TITLE, AREA_ID, CREATED_BY_ID, POLL_ID) VALUES
(168, TIMESTAMP '2018-12-05 22:33:19.161', TIMESTAMP '2018-12-05 22:33:19.161', 'znNFG7mN Lorem ipsum dolor sit amet, consectetur adipiscing elit, sed do eiusmod tempor incididunt ut labore et dolore magna aliqua. Ut enim ad minim veniam, quis nostrud exercitation ullamco laboris nisi ut aliquip ex ea commodo consequat. Duis aute irure dolor in reprehenderit in voluptate ve', TIMESTAMP '2018-12-05 22:33:19.16', 1, 'Proposal 21 that reached its quorum', 23, 18, NULL),
(169, TIMESTAMP '2018-12-03 22:33:19.172', TIMESTAMP '2018-12-04 22:33:19.172', 'pfRYUBld Lorem ipsum dolor sit amet, consectetur adipiscing elit, sed do eiusmod tempor incididunt u', TIMESTAMP '2018-12-05 22:33:19.17', 1, 'Proposal 22 that reached its quorum', 27, 16, NULL),
(170, TIMESTAMP '2018-11-28 22:33:19.184', TIMESTAMP '2018-11-29 22:33:19.184', 'yFrjKKks Lorem ipsum dolor sit amet, consectetur adipiscing elit, sed do eiusmod tempor incididunt ut labore et dolore magna aliqua. Ut enim ad minim veniam, quis nostrud exercitation ullamco laboris nisi ut aliquip ex ea commodo consequat. Duis aute irure dolor in reprehenderit in voluptate velit esse cillum dolore eu fugiat nulla pariatur. Exc', TIMESTAMP '2018-12-05 22:33:19.182', 1, 'Proposal 23 that reached its quorum', 30, 19, NULL),
(171, TIMESTAMP '2018-11-26 22:33:19.194', TIMESTAMP '2018-11-27 22:33:19.194', '0r6r1EZI Lorem ipsum dolor sit amet, consectetur adipiscing elit, sed do eiusmod tempor incididunt ut labore ', TIMESTAMP '2018-12-05 22:33:19.192', 1, 'Proposal 24 that reached its quorum', 25, 4, NULL),
(172, TIMESTAMP '2018-12-05 22:33:19.204', TIMESTAMP '2018-12-05 22:33:19.204', 'J0RCGErK Lorem ipsum dolor sit amet, consectetur adipiscing elit, sed do eiusmod tempor incididunt ut labore et dolore magna aliqua. Ut enim ad minim veniam, quis nostrud exercitation ullamco laboris nisi ut aliquip ex ea commodo consequat. Duis aute irure dolor in reprehenderit in voluptate velit esse c', TIMESTAMP '2018-12-05 22:33:19.202', 1, 'Proposal 25 that reached its quorum', 24, 18, NULL),
(173, TIMESTAMP '2018-11-27 22:33:19.214', TIMESTAMP '2018-11-28 22:33:19.214', 'vHluZAMC Lorem ipsum dolor sit amet, consectetur adipiscing elit, sed do eiusmod tempor incididunt u', TIMESTAMP '2018-12-05 22:33:19.212', 1, 'Proposal 26 that reached its quorum', 23, 19, NULL),
(174, TIMESTAMP '2018-11-28 22:33:19.224', TIMESTAMP '2018-11-29 22:33:19.224', 'gHvcs2o2 Lorem ipsum dolor sit amet, consectetur adipiscing elit, sed do eiusmod tempor incididunt ut labore et dolore magna aliqua. Ut enim ad minim veniam, quis nostrud exercitation ullamco laboris nisi ut aliquip ex ea commodo consequat. Duis aute irure dolor in reprehenderit in', TIMESTAMP '2018-12-05 22:33:19.223', 1, 'Proposal 27 that reached its quorum', 29, 10, NULL),
(175, TIMESTAMP '2018-12-05 22:33:19.234', TIMESTAMP '2018-12-05 22:33:19.234', 'hXWw5mep Lorem ipsum dolor sit amet, consectetur adipiscing elit, sed do eiusmod tempor incididunt ut labore et dolore magna aliqua. Ut enim ad minim veniam, quis nostrud exercitation ullamco laboris nisi ut aliquip ex ea commodo ', TIMESTAMP '2018-12-05 22:33:19.232', 1, 'Proposal 28 that reached its quorum', 24, 8, NULL),
(176, TIMESTAMP '2018-12-04 22:33:19.243', TIMESTAMP '2018-12-05 22:33:19.243', 'GrexD1s2 Lorem ipsum dolor sit amet, consectetur adipiscing elit, sed do eiusmod tempor incididunt ut labore et dolore magna aliqua. Ut enim ad minim veniam, quis nostrud exercitation ullamco laboris nisi ut a', TIMESTAMP '2018-12-05 22:33:19.242', 1, 'Proposal 29 that reached its quorum', 30, 10, NULL),
(177, TIMESTAMP '2018-11-29 22:33:19.252', TIMESTAMP '2018-11-30 22:33:19.252', 'DrpULIVr L', TIMESTAMP '2018-12-05 22:33:19.251', 1, 'Proposal 30 that reached its quorum', 27, 13, NULL),
(178, TIMESTAMP '2018-12-04 22:33:19.262', TIMESTAMP '2018-12-05 22:33:19.262', 'g4PfnrBv Lorem ipsum dolor sit amet, consectetur adipiscing elit, sed do eiusmod tempor incididunt ut labore et dolore magna aliqua. Ut enim ad minim veniam, quis nostrud exercitation ullamco laboris nisi ut aliquip ex ea commodo consequat. Duis aute irure dolor in reprehenderit in ', TIMESTAMP '2018-12-05 22:33:19.26', 1, 'Proposal 31 that reached its quorum', 28, 5, NULL);           
INSERT INTO PUBLIC.LAWS(ID, CREATED_AT, UPDATED_AT, DESCRIPTION, REACHED_QUORUM_AT, STATUS, TITLE, AREA_ID, CREATED_BY_ID, POLL_ID) VALUES
(179, TIMESTAMP '2018-12-02 22:33:19.274', TIMESTAMP '2018-12-03 22:33:19.274', 'XeyfUI36 Lorem ipsum dolor sit amet, consectetur adipiscing elit, sed do eiusmod tempor incididunt ut labore et dolore magna aliqua. Ut enim ad minim veniam, quis nostrud exercitation ullamco laboris nisi ut aliquip ex ea commodo consequat. Duis aute irure dolor in reprehenderit in voluptate velit esse cillum dolore eu fugiat nulla pariatur. Excepteur si', TIMESTAMP '2018-12-05 22:33:19.271', 1, 'Proposal 32 that reached its quorum', 25, 9, NULL),
(180, TIMESTAMP '2018-12-04 22:33:19.287', TIMESTAMP '2018-12-05 22:33:19.287', 'bWFhoZt6 Lorem ipsum dolor sit amet, consectetur adipiscing elit, sed do eiusmod tempor incididunt ut labore et dolore magna aliqua. Ut enim ad minim veniam, quis nostrud exercitation ullamco laboris nisi ut aliquip ex ea commodo consequat. Duis a', TIMESTAMP '2018-12-05 22:33:19.285', 1, 'Proposal 33 that reached its quorum', 21, 11, NULL),
(181, TIMESTAMP '2018-11-30 22:33:19.301', TIMESTAMP '2018-12-01 22:33:19.301', 'meUCxcs8 Lorem ipsum dolor sit ', TIMESTAMP '2018-12-05 22:33:19.299', 1, 'Proposal 34 that reached its quorum', 23, 19, NULL),
(182, TIMESTAMP '2018-12-05 22:33:19.314', TIMESTAMP '2018-12-05 22:33:19.314', '9DNMrs2K Lorem ipsum dolor si', TIMESTAMP '2018-12-05 22:33:19.312', 1, 'Proposal 35 that reached its quorum', 27, 16, NULL),
(183, TIMESTAMP '2018-12-04 22:33:19.326', TIMESTAMP '2018-12-05 22:33:19.327', 'Eexp22tp Lorem ipsum dolor sit amet, consectetur adipiscing elit, sed do eiusmod tempor incididunt ut labore et dolore magna aliqua. Ut enim ad minim veniam, quis nostrud exercitation ullamco laboris nisi ut aliquip ex ea commodo consequat. Duis aute irure dolor in reprehenderit in volup', TIMESTAMP '2018-12-05 22:33:19.325', 1, 'Proposal 36 that reached its quorum', 21, 3, NULL),
(184, TIMESTAMP '2018-11-26 22:33:19.339', TIMESTAMP '2018-11-27 22:33:19.339', 'zgzT2oUZ Lorem ipsum dolor sit amet, consectetur adipiscing elit, sed do eiusmod tempor incididunt ut labore et dolore magna aliqua. Ut enim ad minim veniam, quis nostrud exercitation ullamco laboris nisi ut aliquip ex ea co', TIMESTAMP '2018-12-05 22:33:19.337', 1, 'Proposal 37 that reached its quorum', 28, 20, NULL),
(185, TIMESTAMP '2018-12-02 22:33:19.351', TIMESTAMP '2018-12-03 22:33:19.351', 'lcg2ZCyq Lorem ipsum dolor sit amet, consectetur adipiscing elit, sed do eiusmod tempor ', TIMESTAMP '2018-12-05 22:33:19.349', 1, 'Proposal 38 that reached its quorum', 28, 1, NULL),
(186, TIMESTAMP '2018-12-03 22:33:19.365', TIMESTAMP '2018-12-04 22:33:19.365', 'tjxBmOxX Lorem ipsum dolor sit amet, consectetur adipiscing elit, sed do eiusmod tempor incididunt ut labore et dolore magna aliqua. Ut enim ad minim veniam, quis nostrud exercitation ullamco laboris nisi ut aliquip ex ea commodo consequat. Duis aute irure dolor in repr', TIMESTAMP '2018-12-05 22:33:19.363', 1, 'Proposal 39 that reached its quorum', 29, 14, NULL),
(187, TIMESTAMP '2018-12-05 22:33:19.376', TIMESTAMP '2018-12-05 22:33:19.377', 'lxPKP9lo Lorem ipsum dolor sit a', TIMESTAMP '2018-12-05 22:33:19.375', 1, 'Proposal 40 that reached its quorum', 29, 18, NULL),
(188, TIMESTAMP '2018-12-05 22:33:19.389', TIMESTAMP '2018-12-05 22:33:19.389', 'oPRBTTee Lorem ipsum dolor sit amet, consectetur adipiscing elit, sed do eiusmod tempor incididunt ut labore et dolore magna aliqua. Ut enim ad minim veniam, quis nostrud exercitation ullamco laboris nisi ut aliquip ex ea commodo conseq', TIMESTAMP '2018-12-05 22:33:19.387', 1, 'Proposal 41 that reached its quorum', 23, 12, NULL),
(189, TIMESTAMP '2018-11-27 22:33:19.398', TIMESTAMP '2018-11-28 22:33:19.398', 'NluPRkQH Lorem ipsum dolor ', TIMESTAMP '2018-12-05 22:33:19.397', 1, 'Proposal 42 that reached its quorum', 26, 9, NULL),
(190, TIMESTAMP '2018-11-30 22:33:19.408', TIMESTAMP '2018-12-01 22:33:19.408', 'Lz1xGDuh Lorem ipsum dolor sit amet, consectetur adipiscing elit, sed do eiusmod tempor incididunt ut labore et dolore magna aliqua. Ut enim ad minim veniam, quis nostrud exercitation ullamco laboris nisi ut aliquip ex ea commodo consequat. Duis aute irure dolor in reprehenderit in voluptate velit esse cillum dolore eu fugiat nulla pariatur. Excepteur sint occaecat cupidatat non proident, sunt', TIMESTAMP '2018-12-05 22:33:19.407', 1, 'Proposal 43 that reached its quorum', 24, 19, NULL);    
INSERT INTO PUBLIC.LAWS(ID, CREATED_AT, UPDATED_AT, DESCRIPTION, REACHED_QUORUM_AT, STATUS, TITLE, AREA_ID, CREATED_BY_ID, POLL_ID) VALUES
(191, TIMESTAMP '2018-11-30 22:33:19.418', TIMESTAMP '2018-12-01 22:33:19.418', '9F4S4NzI Lorem ipsum dolor sit amet, consectetur adipiscing elit, sed do eiusmod tempor incididunt ut labore et dolore magna aliqua. Ut enim ad minim veniam, quis nostrud exercitation ullamco laboris n', TIMESTAMP '2018-12-05 22:33:19.416', 1, 'Proposal 44 that reached its quorum', 23, 11, NULL),
(192, TIMESTAMP '2018-11-29 22:33:19.427', TIMESTAMP '2018-11-30 22:33:19.427', 'rijbaFs7 Lorem ipsum dolor sit amet, consectetur adipiscing elit, sed do eiusmod tempor incididunt ut labore et dolore magna aliqua. Ut enim ad minim veniam, quis nostrud exercitation ullamco laboris nisi ut aliquip ex ea commodo consequat. Duis aute irure dolor i', TIMESTAMP '2018-12-05 22:33:19.426', 1, 'Proposal 45 that reached its quorum', 23, 3, NULL),
(193, TIMESTAMP '2018-11-27 22:33:19.436', TIMESTAMP '2018-11-28 22:33:19.436', 'ZPkMwuHp Lorem ipsum dolor sit amet, consectetur adipiscing elit, sed do eiusmod tempor incididunt ut labore et dolore magna aliqua. Ut enim ad minim veniam, quis nostrud exercitation ullamco laboris nisi ut aliquip ex ea commodo consequat. Duis aute irure dolor in reprehenderit in voluptate velit esse cillum dolore eu fugiat nulla pariatur. Excepteur sint occaecat ', TIMESTAMP '2018-12-05 22:33:19.435', 1, 'Proposal 46 that reached its quorum', 22, 12, NULL),
(194, TIMESTAMP '2018-11-27 22:33:19.445', TIMESTAMP '2018-11-28 22:33:19.445', '5ENnV2mS Lorem ipsum dolor sit amet, consectetur adipiscing elit, sed do eiusmod tempor incididunt ut labore et dolore magna aliqua. Ut enim ad minim veniam, quis nostrud exercitation ullamco laboris nisi ut aliquip ex ea commodo consequat. Duis aute irure dolor in reprehenderit in voluptate velit esse cillum dolore eu fugiat nulla pariatur', TIMESTAMP '2018-12-05 22:33:19.444', 1, 'Proposal 47 that reached its quorum', 21, 13, NULL),
(195, TIMESTAMP '2018-12-01 22:33:19.454', TIMESTAMP '2018-12-02 22:33:19.454', 'a3rqi0WU Lorem ipsum dolor sit amet, consectetur adipiscing elit, sed do eiusmod tempor incididunt ut labore et dolore magna aliqua. Ut enim ad minim veniam, quis nostrud exercitation ullamco laboris nisi ut aliquip ex ea commodo consequat. Duis aute irure dolor in reprehenderit in voluptate velit esse cillum dolore eu fugiat nulla pariatur. Excepteur s', TIMESTAMP '2018-12-05 22:33:19.453', 1, 'Proposal 48 that reached its quorum', 21, 6, NULL),
(196, TIMESTAMP '2018-11-27 22:33:19.463', TIMESTAMP '2018-11-28 22:33:19.463', 'KhcNCqBs Lorem ipsum dolor sit amet, consectetur adipiscing elit, sed do eiusmod tempor incididunt ', TIMESTAMP '2018-12-05 22:33:19.462', 1, 'Proposal 49 that reached its quorum', 24, 5, NULL),
(197, TIMESTAMP '2018-12-01 22:33:19.472', TIMESTAMP '2018-12-02 22:33:19.472', 'Lorem ipsum dolor sit amet, consectetur adipiscing elit, sed do eiusmod tempor incididunt ut labore et dolore magna aliqua. Ut enim ad minim veniam, quis nostrud exercitation u', TIMESTAMP '2018-12-05 22:33:19.471', 1, 'Proposal 0 for user testuser1@liquido.de', 30, 1, NULL),
(198, TIMESTAMP '2018-12-04 22:33:19.483', TIMESTAMP '2018-12-05 22:33:19.484', 'Lorem ipsum dolor sit amet, consectetur adipiscing elit, sed do eiusmod tempor incididunt ut labore et dolore magna aliqua. Ut enim ad minim veniam, quis nostrud exercitation ullamco laboris nisi ut aliquip ex ea commodo consequat. Duis aute irure dolor in reprehenderit in voluptate velit esse cillum dolore eu fugiat nulla pariatur. Excepteur sint occaecat cu', TIMESTAMP '2018-12-05 22:33:19.481', 1, 'Proposal 1 for user testuser1@liquido.de', 28, 1, NULL),
(199, TIMESTAMP '2018-12-04 22:33:19.495', TIMESTAMP '2018-12-05 22:33:19.495', 'Lorem ipsum dolor sit amet, consectetur adipiscing elit, sed do eiusmod tempor incididunt ut labore et dolore magna aliqua. Ut enim ad minim veniam, quis nostrud exercitation ullamco laboris nisi ut aliquip ex ea commodo ', TIMESTAMP '2018-12-05 22:33:19.494', 1, 'Proposal 2 for user testuser1@liquido.de', 22, 1, NULL);             
INSERT INTO PUBLIC.LAWS(ID, CREATED_AT, UPDATED_AT, DESCRIPTION, REACHED_QUORUM_AT, STATUS, TITLE, AREA_ID, CREATED_BY_ID, POLL_ID) VALUES
(200, TIMESTAMP '2018-11-27 22:33:19.507', TIMESTAMP '2018-11-28 22:33:19.507', 'Lorem ipsum dolor sit amet, consectetur adipiscing elit, sed do eiusmod tempor incididunt ut labore et dolore magna aliqua. Ut enim ad minim veniam, quis nostrud exercitation ullamco laboris nisi ut aliquip ex ea commodo consequat. Duis aute irure dolor in reprehenderit in voluptate v', TIMESTAMP '2018-12-05 22:33:19.506', 1, 'Proposal 3 for user testuser1@liquido.de', 21, 1, NULL),
(201, TIMESTAMP '2018-12-05 22:33:19.522', TIMESTAMP '2018-12-05 22:33:19.522', 'Lorem ipsum dolor sit amet, consectetur adipiscing elit, sed do eiusmod tempor incididunt ut labore et dolore magna aliqua. Ut enim ad minim veniam, quis nostrud exercitation ullamco laboris nisi ut aliquip ex ea commodo consequat. Duis au', TIMESTAMP '2018-12-05 22:33:19.519', 1, 'Proposal 4 for user testuser1@liquido.de', 30, 1, NULL),
(202, TIMESTAMP '2018-11-25 22:33:19.543', TIMESTAMP '2018-12-05 22:33:19.603', 'Lorem ipsum dolor sit amet, consectetur adipiscing elit, sed do eiusmod tempor incididunt ut labore et', TIMESTAMP '2018-12-05 22:33:19.541', 2, 'Initial Proposal in a poll that is in elaboration 1544045599524', 21, 13, 209),
(210, TIMESTAMP '2018-11-15 22:33:19.616', TIMESTAMP '2018-12-05 22:33:19.629', 'Lorem ipsum dolor sit amet, consectetur adipiscing elit, sed do eiusmod tempor incididunt ut labore et dolore magna aliqua. Ut enim ad minim veniam, quis nostrud exercitation ullamco laboris nisi ut aliquip ex ea commodo consequat. Duis aute irure dolor in reprehenderit in voluptate velit esse cillum dolore eu fugiat nulla pariatur. Excepteur sint o', TIMESTAMP '2018-12-05 22:33:19.614', 2, 'Alternative Proposal1 in a poll that is in elaboration1544045599604', 21, 15, 209),
(217, TIMESTAMP '2018-11-15 22:33:19.64', TIMESTAMP '2018-12-05 22:33:19.654', 'Lorem ipsum dolor sit amet, consectetur adipiscing elit, sed do eiusmod tempor incididunt ut labore et dolore magna aliqua. Ut enim ad minim veniam, quis nostrud exercitation ullamco laboris', TIMESTAMP '2018-12-05 22:33:19.638', 2, 'Alternative Proposal2 in a poll that is in elaboration1544045599630', 21, 7, 209),
(224, TIMESTAMP '2018-11-15 22:33:19.663', TIMESTAMP '2018-12-05 22:33:19.677', 'Lorem ipsum dolor sit amet, consectetur adipiscing elit, sed do eiusmod tempor incididunt ut labore et dolore magna aliqua. Ut enim ad minim veniam, quis nostrud exercitation ullamco laboris nisi ut aliquip ex ea commodo consequat. Duis aute irure dolor in reprehenderit in voluptate velit esse cillum dolore eu fugiat nulla pariatur. Excepteur sint occaecat cupidatat non p', TIMESTAMP '2018-12-05 22:33:19.662', 2, 'Alternative Proposal3 in a poll that is in elaboration1544045599654', 21, 3, 209),
(231, TIMESTAMP '2018-11-15 22:33:19.691', TIMESTAMP '2018-12-05 22:33:19.709', 'Lorem ipsum dolor sit amet, consectetur adipiscing elit, sed do eiusmod tempor incididunt ut labore et dolore magna ', TIMESTAMP '2018-12-05 22:33:19.689', 2, 'Alternative Proposal4 in a poll that is in elaboration1544045599678', 21, 5, 209),
(238, TIMESTAMP '2018-11-25 22:33:19.727', TIMESTAMP '2018-12-05 22:33:19.932', 'Lorem ipsum dolor sit amet, consectetur adipiscing elit, sed do eiusmod tempor incididunt ut labore et dolore magna aliqua. Ut enim ad minim veniam, quis nostrud exercitation ullamco laboris nisi ut aliquip ex ea commodo consequat. Duis aute irure dolor in reprehenderit in voluptate velit ess', TIMESTAMP '2018-12-05 22:33:19.724', 3, 'Proposal 5 in voting phase 1544045599876', 21, 13, 245),
(246, TIMESTAMP '2018-11-15 22:33:19.756', TIMESTAMP '2018-12-05 22:33:19.933', 'Lorem ipsum dolor sit amet, consectetur adipiscing elit, sed do eiusmod tempor incididunt ut labore et dolore magna aliqua. Ut enim ad minim veniam, quis nostrud exercitation ullamco laboris nisi ut aliquip ex ea commodo consequat. Duis aute irure dol', TIMESTAMP '2018-12-05 22:33:19.754', 3, 'Proposal 4 in voting phase 1544045599876', 21, 15, 245);             
INSERT INTO PUBLIC.LAWS(ID, CREATED_AT, UPDATED_AT, DESCRIPTION, REACHED_QUORUM_AT, STATUS, TITLE, AREA_ID, CREATED_BY_ID, POLL_ID) VALUES
(253, TIMESTAMP '2018-11-15 22:33:19.808', TIMESTAMP '2018-12-05 22:33:19.933', 'Lorem ipsum dolor sit amet, consectetur adipiscing elit, sed do eiusmod tempor incididunt ut labore et dolore magna aliqua. Ut enim ad minim veniam, quis no', TIMESTAMP '2018-12-05 22:33:19.806', 3, 'Proposal 3 in voting phase 1544045599876', 21, 7, 245),
(260, TIMESTAMP '2018-11-15 22:33:19.84', TIMESTAMP '2018-12-05 22:33:19.933', 'Lorem ipsum dolor sit amet, consectetur adipiscing elit, sed do eiusmod tempor incididunt ut labore et dolore magna aliqua. Ut enim ad minim veniam, quis nostrud exercitation ullamco laboris nisi ut aliquip ex ea commodo consequat. Duis aute irure dolor in reprehenderit in voluptate velit esse cillum dolore eu fugiat nulla pariatu', TIMESTAMP '2018-12-05 22:33:19.839', 3, 'Proposal 2 in voting phase 1544045599876', 21, 3, 245),
(267, TIMESTAMP '2018-11-15 22:33:19.862', TIMESTAMP '2018-12-05 22:33:19.934', 'Lorem ipsum dolor sit amet, consectetur adipiscing elit, sed do eiusmod tempor incididunt ut labore et dolore magna aliqua. Ut enim ad minim veniam, quis nostrud exercitation ullamco laboris nisi ut aliquip ex ea commodo consequat. Duis aute irure dolor in reprehenderit in voluptate velit ess', TIMESTAMP '2018-12-05 22:33:19.86', 3, 'Proposal 1 in voting phase 1544045599876', 21, 5, 245),
(289, TIMESTAMP '2018-11-25 22:33:23.928', TIMESTAMP '2018-12-05 22:33:27.763', 'Lorem ipsum dolor sit amet, consectetur adipiscing elit, sed do eiusmod tempor incididunt ut labore et dolore magna aliqua. Ut enim ad minim veniam, quis nostrud exercitation ullamco laboris nisi ut aliquip ex ea commodo consequat. Duis aute irure dolor in reprehenderit in voluptate velit esse cillum dolore eu fugiat nulla pariatur. Excepteur sint occae', TIMESTAMP '2018-12-05 22:33:23.927', 5, 'Proposal 5 in voting phase 1544045604017', 21, 13, 296),
(297, TIMESTAMP '2018-11-15 22:33:23.95', TIMESTAMP '2018-12-05 22:33:27.763', 'Lorem ipsum dolor sit amet, consectetur adipiscing elit, sed do eiusmod tempor incididunt ut labore et dolore magna aliqua. Ut enim ad minim veniam, quis nostrud exercit', TIMESTAMP '2018-12-05 22:33:23.949', 5, 'Proposal 4 in voting phase 1544045604017', 21, 15, 296),
(304, TIMESTAMP '2018-11-15 22:33:23.968', TIMESTAMP '2018-12-05 22:33:27.764', 'Lorem ipsum dolor sit amet, consectetur adipiscing elit, sed do eiusmod tempor incididunt ut labore e', TIMESTAMP '2018-12-05 22:33:23.967', 5, 'Proposal 3 in voting phase 1544045604017', 21, 7, 296),
(311, TIMESTAMP '2018-11-15 22:33:23.988', TIMESTAMP '2018-12-05 22:33:27.764', 'Lorem ipsum dolor sit amet, consectetur adipiscing elit, sed do eiusmod tempor incididunt ut labore et dolore magna aliqua. Ut enim ad minim veniam, quis nostrud exerc', TIMESTAMP '2018-12-05 22:33:23.987', 5, 'Proposal 2 in voting phase 1544045604017', 21, 3, 296),
(318, TIMESTAMP '2018-11-15 22:33:24.006', TIMESTAMP '2018-12-05 22:33:27.765', 'Lorem ipsum dolor sit amet, consectetur adipiscing elit, sed do eiusmod tempor incididunt ut labore et dolore magna aliqua. Ut enim ad minim veniam, quis nostrud exercitation ullamco laboris nisi ut aliquip ex ea commodo consequat. Duis aute irure dolor in reprehenderit in voluptate velit esse cillum dolore eu fugiat nulla', TIMESTAMP '2018-12-05 22:33:24.005', 4, 'Proposal 1 in voting phase 1544045604017', 21, 5, 296),
(340, TIMESTAMP '2018-11-15 22:33:27.78', TIMESTAMP '2018-12-05 22:33:27.779', 'Lorem ipsum dolor sit amet, consectetur adipiscing elit, sed do eiusmod tempor incididunt ut labore et dolore magna aliqua. Ut enim ad minim veniam, quis nostrud exercitati', TIMESTAMP '2018-11-11 22:33:27.777', 4, 'Law 0', 21, 1, NULL),
(341, TIMESTAMP '2018-11-14 22:33:27.793', TIMESTAMP '2018-12-05 22:33:27.793', 'Lorem ipsum dolor sit amet, consectetur adipiscing elit, sed do eiusmod tempor incididunt ut labore et dolore magna a', TIMESTAMP '2018-11-11 22:33:27.791', 4, 'Law 1', 21, 1, NULL);    
CREATE MEMORY TABLE PUBLIC.LAWS_COMMENTS(
    LAW_MODEL_ID BIGINT NOT NULL,
    COMMENTS_ID BIGINT NOT NULL
);             
ALTER TABLE PUBLIC.LAWS_COMMENTS ADD CONSTRAINT PUBLIC.CONSTRAINT_A0 PRIMARY KEY(LAW_MODEL_ID, COMMENTS_ID);  
-- 15 +/- SELECT COUNT(*) FROM PUBLIC.LAWS_COMMENTS;          
INSERT INTO PUBLIC.LAWS_COMMENTS(LAW_MODEL_ID, COMMENTS_ID) VALUES
(202, 203),
(210, 211),
(217, 218),
(224, 225),
(231, 232),
(238, 239),
(246, 247),
(253, 254),
(260, 261),
(267, 268),
(289, 290),
(297, 298),
(304, 305),
(311, 312),
(318, 319);         
CREATE MEMORY TABLE PUBLIC.LAWS_SUPPORTERS(
    LAW_MODEL_ID BIGINT NOT NULL,
    SUPPORTERS_ID BIGINT NOT NULL
);         
ALTER TABLE PUBLIC.LAWS_SUPPORTERS ADD CONSTRAINT PUBLIC.CONSTRAINT_C PRIMARY KEY(LAW_MODEL_ID, SUPPORTERS_ID);               
-- 1184 +/- SELECT COUNT(*) FROM PUBLIC.LAWS_SUPPORTERS;      
INSERT INTO PUBLIC.LAWS_SUPPORTERS(LAW_MODEL_ID, SUPPORTERS_ID) VALUES
(36, 1),
(36, 12),
(36, 5),
(37, 12),
(37, 17),
(37, 5),
(37, 3),
(37, 18),
(38, 14),
(38, 6),
(38, 1),
(38, 2),
(38, 18),
(38, 5),
(39, 20),
(39, 5),
(39, 10),
(39, 12),
(40, 10),
(40, 15),
(40, 8),
(40, 19),
(41, 14),
(41, 1),
(41, 18),
(41, 12),
(41, 5),
(41, 11),
(41, 2),
(42, 1),
(43, 17),
(44, 2),
(44, 16),
(44, 1),
(44, 20),
(44, 6),
(45, 20),
(45, 8),
(45, 14),
(45, 6),
(45, 18),
(45, 4),
(45, 16),
(46, 16),
(46, 1),
(46, 9),
(47, 6),
(47, 8),
(48, 12),
(48, 3),
(48, 11),
(49, 5),
(49, 17),
(49, 14),
(49, 2),
(49, 18),
(49, 20),
(49, 12),
(50, 11),
(50, 2),
(50, 7),
(50, 1),
(50, 16),
(50, 20),
(51, 4),
(51, 18),
(51, 15),
(51, 3),
(51, 12),
(51, 14),
(51, 9),
(51, 2),
(53, 5),
(53, 1),
(55, 16),
(55, 17),
(55, 11),
(56, 9),
(56, 5),
(57, 2),
(57, 12),
(57, 16),
(57, 5),
(57, 9),
(57, 14),
(57, 10),
(59, 2),
(59, 7),
(59, 14),
(59, 8),
(59, 19),
(60, 12),
(61, 19),
(61, 11),
(61, 8),
(61, 16),
(61, 15),
(61, 2),
(62, 12),
(62, 11),
(62, 3),
(62, 5),
(62, 1),
(63, 17),
(63, 16),
(63, 4),
(63, 11),
(63, 1),
(63, 19),
(63, 9),
(64, 13),
(64, 6),
(64, 18),
(64, 9),
(64, 20),
(64, 1),
(64, 8),
(65, 13),
(66, 12),
(66, 2),
(67, 15),
(67, 14),
(67, 8),
(67, 12),
(67, 16),
(67, 1),
(67, 17),
(68, 19),
(68, 18),
(68, 1),
(68, 10),
(68, 11),
(68, 16),
(69, 3),
(70, 16),
(70, 19),
(70, 7),
(70, 15),
(70, 3),
(70, 13),
(71, 9),
(71, 12),
(71, 7),
(71, 10),
(71, 15),
(71, 13),
(72, 9),
(72, 8),
(72, 4),
(72, 5),
(72, 10),
(72, 20),
(72, 14),
(73, 6),
(73, 10),
(73, 12),
(74, 3),
(74, 10),
(74, 8),
(75, 4),
(75, 19),
(76, 17),
(76, 12),
(76, 5),
(76, 13),
(76, 16),
(76, 3),
(77, 14),
(77, 20),
(77, 17),
(78, 11),
(78, 17),
(78, 16),
(78, 2),
(78, 5),
(79, 1),
(79, 19),
(80, 20),
(80, 2),
(80, 14),
(80, 16),
(80, 10),
(80, 6),
(81, 1),
(81, 17),
(81, 2),
(81, 11),
(81, 6),
(81, 9),
(81, 19),
(81, 20),
(82, 14),
(82, 6),
(82, 7),
(82, 18),
(82, 1),
(82, 16),
(83, 7),
(83, 18),
(83, 2),
(83, 8),
(83, 10),
(83, 14),
(84, 9),
(85, 19),
(85, 17),
(85, 7),
(85, 4),
(86, 9),
(86, 8),
(86, 11),
(86, 6),
(86, 3),
(86, 15),
(87, 15),
(87, 17),
(87, 2),
(87, 10),
(88, 17),
(88, 6),
(89, 16),
(89, 6),
(89, 13),
(89, 1),
(89, 11),
(89, 19),
(90, 9),
(90, 10),
(92, 2),
(92, 4),
(92, 5),
(92, 7),
(92, 19),
(92, 10),
(92, 17),
(92, 11),
(93, 4),
(93, 16),
(93, 13),
(93, 2),
(94, 20),
(94, 5),
(94, 13),
(94, 17),
(96, 6),
(96, 5),
(96, 11),
(96, 3),
(96, 9),
(96, 18),
(96, 16),
(98, 2),
(98, 13),
(98, 3),
(98, 1),
(98, 14),
(98, 16),
(98, 18),
(98, 7),
(99, 3),
(99, 19),
(99, 6),
(99, 20),
(99, 2),
(99, 14),
(100, 3),
(100, 15),
(100, 5),
(100, 20),
(100, 8),
(102, 17),
(102, 14),
(102, 19),
(102, 12),
(102, 4),
(102, 1),
(102, 6),
(103, 1),
(103, 14),
(103, 5),
(103, 18),
(103, 13),
(103, 20),
(103, 4),
(104, 12),
(104, 1),
(104, 11),
(104, 20),
(104, 6),
(104, 8),
(104, 17),
(105, 1),
(105, 2),
(105, 3),
(105, 5),
(106, 18),
(106, 13),
(106, 14),
(106, 12),
(106, 4),
(107, 5),
(107, 7),
(108, 11),
(109, 12),
(109, 1),
(109, 19),
(109, 13),
(110, 5),
(110, 14),
(110, 13),
(112, 2),
(112, 5),
(113, 13),
(113, 7),
(113, 15),
(114, 15),
(115, 4),
(115, 11),
(115, 13),
(115, 12),
(116, 19),
(116, 8),
(117, 16),
(117, 20),
(117, 18),
(117, 14),
(117, 1),
(117, 13),
(118, 18),
(118, 9),
(118, 14),
(118, 17),
(118, 8),
(118, 20),
(118, 2),
(118, 15),
(119, 9),
(119, 7),
(119, 18),
(119, 10),
(119, 13),
(119, 17),
(119, 2),
(119, 15),
(120, 1),
(120, 14),
(120, 9),
(120, 6),
(120, 2),
(120, 19),
(120, 16),
(121, 18),
(121, 8),
(121, 7),
(121, 11),
(122, 18),
(122, 17),
(122, 16),
(122, 12),
(122, 5),
(124, 10),
(125, 15),
(127, 11),
(127, 10),
(127, 14),
(127, 12),
(127, 17),
(127, 16),
(128, 5),
(128, 17),
(129, 16),
(129, 13),
(129, 18),
(129, 11),
(129, 6),
(129, 7),
(129, 19),
(130, 13),
(130, 10),
(130, 4),
(130, 9),
(131, 13),
(131, 20),
(131, 10),
(131, 15),
(131, 5),
(131, 11),
(132, 17),
(132, 3),
(132, 14),
(132, 6),
(132, 11),
(132, 2),
(132, 16),
(133, 5),
(133, 6),
(133, 3),
(133, 9),
(133, 20),
(134, 16),
(134, 3),
(135, 5),
(136, 6),
(136, 10),
(136, 7),
(136, 17),
(136, 15);              
INSERT INTO PUBLIC.LAWS_SUPPORTERS(LAW_MODEL_ID, SUPPORTERS_ID) VALUES
(136, 3),
(136, 4),
(138, 7),
(138, 8),
(138, 6),
(138, 4),
(138, 18),
(138, 1),
(138, 3),
(141, 19),
(141, 9),
(141, 15),
(141, 14),
(141, 20),
(141, 17),
(142, 11),
(142, 5),
(142, 17),
(142, 16),
(142, 18),
(142, 15),
(142, 13),
(143, 8),
(143, 18),
(143, 15),
(143, 2),
(143, 20),
(143, 7),
(143, 14),
(144, 18),
(144, 19),
(144, 9),
(144, 17),
(144, 13),
(144, 3),
(144, 6),
(144, 12),
(145, 5),
(145, 18),
(145, 13),
(146, 18),
(146, 16),
(146, 19),
(147, 16),
(147, 17),
(147, 13),
(147, 1),
(147, 7),
(147, 9),
(147, 14),
(147, 6),
(147, 2),
(147, 4),
(148, 2),
(148, 10),
(148, 5),
(148, 13),
(148, 12),
(148, 17),
(148, 19),
(148, 4),
(148, 8),
(148, 14),
(149, 10),
(149, 15),
(149, 9),
(149, 2),
(149, 16),
(149, 4),
(149, 18),
(149, 17),
(149, 12),
(149, 13),
(150, 15),
(150, 5),
(150, 7),
(150, 20),
(150, 14),
(150, 8),
(150, 2),
(150, 11),
(150, 16),
(150, 13),
(151, 9),
(151, 18),
(151, 1),
(151, 17),
(151, 12),
(151, 5),
(151, 7),
(151, 3),
(151, 14),
(151, 10),
(152, 20),
(152, 14),
(152, 19),
(152, 10),
(152, 2),
(152, 7),
(152, 6),
(152, 18),
(152, 1),
(152, 12),
(153, 8),
(153, 9),
(153, 11),
(153, 15),
(153, 18),
(153, 4),
(153, 10),
(153, 12),
(153, 20),
(153, 16),
(154, 20),
(154, 4),
(154, 10),
(154, 16),
(154, 17),
(154, 13),
(154, 8),
(154, 11),
(154, 18),
(154, 7),
(155, 5),
(155, 4),
(155, 12),
(155, 20),
(155, 3),
(155, 11),
(155, 6),
(155, 14),
(155, 18),
(155, 10),
(156, 13),
(156, 8),
(156, 15),
(156, 17),
(156, 11),
(156, 6),
(156, 4),
(156, 2),
(156, 3),
(156, 19),
(157, 3),
(157, 10),
(157, 1),
(157, 16),
(157, 13),
(157, 9),
(157, 4),
(157, 14),
(157, 17),
(157, 12),
(158, 15),
(158, 10),
(158, 4),
(158, 13),
(158, 16),
(158, 6),
(158, 8),
(158, 11),
(158, 1),
(158, 17),
(159, 20),
(159, 17),
(159, 8),
(159, 19),
(159, 14),
(159, 16),
(159, 1),
(159, 12),
(159, 7),
(159, 4),
(160, 10),
(160, 18),
(160, 7),
(160, 1),
(160, 20),
(160, 17),
(160, 13),
(160, 9),
(160, 8),
(160, 15),
(161, 2),
(161, 14),
(161, 8),
(161, 17),
(161, 10),
(161, 5),
(161, 11),
(161, 13),
(161, 20),
(161, 18),
(162, 9),
(162, 3),
(162, 5),
(162, 16),
(162, 6),
(162, 8),
(162, 14),
(162, 10),
(162, 13),
(162, 11),
(163, 20),
(163, 8),
(163, 6),
(163, 2),
(163, 9),
(163, 12),
(163, 11),
(163, 13),
(163, 3),
(163, 17),
(164, 2),
(164, 9),
(164, 7),
(164, 8),
(164, 13),
(164, 12),
(164, 3),
(164, 4),
(164, 10),
(164, 14),
(165, 1),
(165, 9),
(165, 19),
(165, 20),
(165, 17),
(165, 5),
(165, 16),
(165, 6),
(165, 14),
(165, 3),
(166, 15),
(166, 4),
(166, 16),
(166, 3),
(166, 17),
(166, 8),
(166, 10),
(166, 9),
(166, 6),
(166, 1),
(167, 18),
(167, 6),
(167, 2),
(167, 16),
(167, 11),
(167, 1),
(167, 10),
(167, 15),
(167, 20),
(167, 3),
(168, 12),
(168, 3),
(168, 8),
(168, 7),
(168, 10),
(168, 4),
(168, 15),
(168, 13),
(168, 14),
(168, 5),
(169, 10),
(169, 4),
(169, 15),
(169, 11),
(169, 2),
(169, 5),
(169, 3),
(169, 12),
(169, 19),
(169, 17),
(170, 4),
(170, 16),
(170, 8),
(170, 9),
(170, 18),
(170, 2),
(170, 6),
(170, 20),
(170, 15),
(170, 17),
(171, 2),
(171, 19),
(171, 7),
(171, 17),
(171, 1),
(171, 8),
(171, 15),
(171, 12),
(171, 13),
(171, 9),
(172, 19),
(172, 5),
(172, 10),
(172, 15),
(172, 7),
(172, 12),
(172, 14),
(172, 8),
(172, 9),
(172, 6),
(173, 18),
(173, 7),
(173, 5),
(173, 2),
(173, 6),
(173, 11),
(173, 16),
(173, 1),
(173, 14),
(173, 4),
(174, 9),
(174, 1),
(174, 20),
(174, 11),
(174, 3),
(174, 15),
(174, 17),
(174, 18),
(174, 4),
(174, 7),
(175, 13),
(175, 11),
(175, 10),
(175, 17),
(175, 5),
(175, 2),
(175, 18),
(175, 19),
(175, 16),
(175, 9),
(176, 11),
(176, 5),
(176, 7),
(176, 1),
(176, 15),
(176, 18),
(176, 3),
(176, 2),
(176, 4),
(176, 9),
(177, 20),
(177, 10),
(177, 4),
(177, 11),
(177, 3),
(177, 7),
(177, 18),
(177, 19),
(177, 2),
(177, 5),
(178, 17),
(178, 2),
(178, 12),
(178, 20),
(178, 11),
(178, 3),
(178, 8),
(178, 16),
(178, 9),
(178, 6),
(179, 6),
(179, 15),
(179, 17),
(179, 13),
(179, 20),
(179, 14),
(179, 11),
(179, 5),
(179, 4),
(179, 8),
(180, 1),
(180, 6),
(180, 18),
(180, 2),
(180, 8),
(180, 3),
(180, 12),
(180, 9),
(180, 7);              
INSERT INTO PUBLIC.LAWS_SUPPORTERS(LAW_MODEL_ID, SUPPORTERS_ID) VALUES
(180, 15),
(181, 17),
(181, 18),
(181, 12),
(181, 10),
(181, 9),
(181, 20),
(181, 1),
(181, 8),
(181, 5),
(181, 11),
(182, 12),
(182, 8),
(182, 14),
(182, 20),
(182, 15),
(182, 18),
(182, 6),
(182, 13),
(182, 2),
(182, 4),
(183, 14),
(183, 11),
(183, 17),
(183, 16),
(183, 12),
(183, 13),
(183, 9),
(183, 6),
(183, 18),
(183, 10),
(184, 15),
(184, 6),
(184, 12),
(184, 13),
(184, 8),
(184, 9),
(184, 4),
(184, 7),
(184, 16),
(184, 18),
(185, 2),
(185, 16),
(185, 5),
(185, 20),
(185, 17),
(185, 11),
(185, 13),
(185, 3),
(185, 6),
(185, 9),
(186, 2),
(186, 5),
(186, 19),
(186, 18),
(186, 20),
(186, 7),
(186, 4),
(186, 8),
(186, 3),
(186, 17),
(187, 4),
(187, 20),
(187, 7),
(187, 15),
(187, 1),
(187, 8),
(187, 2),
(187, 10),
(187, 17),
(187, 13),
(188, 18),
(188, 13),
(188, 2),
(188, 3),
(188, 9),
(188, 8),
(188, 11),
(188, 17),
(188, 1),
(188, 7),
(189, 18),
(189, 6),
(189, 5),
(189, 16),
(189, 14),
(189, 13),
(189, 2),
(189, 10),
(189, 4),
(189, 1),
(190, 7),
(190, 13),
(190, 20),
(190, 6),
(190, 17),
(190, 18),
(190, 9),
(190, 12),
(190, 4),
(190, 11),
(191, 9),
(191, 19),
(191, 20),
(191, 16),
(191, 13),
(191, 15),
(191, 17),
(191, 3),
(191, 14),
(191, 18),
(192, 19),
(192, 1),
(192, 6),
(192, 5),
(192, 7),
(192, 16),
(192, 4),
(192, 2),
(192, 17),
(192, 13),
(193, 20),
(193, 4),
(193, 6),
(193, 14),
(193, 16),
(193, 7),
(193, 1),
(193, 13),
(193, 18),
(193, 11),
(194, 9),
(194, 4),
(194, 3),
(194, 5),
(194, 6),
(194, 20),
(194, 17),
(194, 10),
(194, 14),
(194, 19),
(195, 19),
(195, 18),
(195, 13),
(195, 8),
(195, 17),
(195, 2),
(195, 7),
(195, 10),
(195, 9),
(195, 1),
(196, 3),
(196, 8),
(196, 11),
(196, 17),
(196, 14),
(196, 20),
(196, 2),
(196, 6),
(196, 18),
(196, 7),
(197, 4),
(197, 19),
(197, 11),
(197, 20),
(197, 16),
(197, 7),
(197, 18),
(197, 13),
(197, 17),
(197, 3),
(198, 18),
(198, 16),
(198, 19),
(198, 11),
(198, 9),
(198, 20),
(198, 2),
(198, 12),
(198, 4),
(198, 13),
(199, 18),
(199, 9),
(199, 3),
(199, 16),
(199, 13),
(199, 20),
(199, 14),
(199, 4),
(199, 17),
(199, 19),
(200, 7),
(200, 3),
(200, 19),
(200, 18),
(200, 2),
(200, 8),
(200, 20),
(200, 6),
(200, 15),
(200, 17),
(201, 15),
(201, 11),
(201, 20),
(201, 5),
(201, 10),
(201, 16),
(201, 14),
(201, 13),
(201, 18),
(201, 4),
(202, 6),
(202, 18),
(202, 14),
(202, 2),
(202, 8),
(202, 9),
(202, 16),
(202, 1),
(202, 12),
(202, 11),
(210, 17),
(210, 7),
(210, 5),
(210, 4),
(210, 20),
(210, 6),
(210, 11),
(210, 10),
(210, 18),
(210, 19),
(217, 10),
(217, 1),
(217, 20),
(217, 19),
(217, 8),
(217, 3),
(217, 18),
(217, 13),
(217, 6),
(217, 17),
(224, 1),
(224, 19),
(224, 18),
(224, 2),
(224, 12),
(224, 15),
(224, 11),
(224, 5),
(224, 13),
(224, 20),
(231, 8),
(231, 10),
(231, 3),
(231, 19),
(231, 11),
(231, 7),
(231, 1),
(231, 13),
(231, 17),
(231, 6),
(238, 14),
(238, 5),
(238, 17),
(238, 4),
(238, 11),
(238, 18),
(238, 6),
(238, 9),
(238, 3),
(238, 19),
(246, 18),
(246, 1),
(246, 3),
(246, 17),
(246, 7),
(246, 14),
(246, 9),
(246, 20),
(246, 4),
(246, 6),
(253, 4),
(253, 12),
(253, 15),
(253, 14),
(253, 10),
(253, 17),
(253, 2),
(253, 6),
(253, 16),
(253, 3),
(260, 15),
(260, 4),
(260, 11),
(260, 19),
(260, 5),
(260, 13),
(260, 8),
(260, 6),
(260, 20),
(260, 10),
(267, 10),
(267, 19),
(267, 8),
(267, 9),
(267, 15),
(267, 3),
(267, 12),
(267, 6),
(267, 11),
(267, 14),
(289, 4),
(289, 2),
(289, 17),
(289, 3),
(289, 8),
(289, 12),
(289, 9),
(289, 5),
(289, 11),
(289, 16),
(297, 2),
(297, 14),
(297, 16),
(297, 11),
(297, 4),
(297, 19),
(297, 1),
(297, 8),
(297, 7),
(297, 13),
(304, 20),
(304, 5),
(304, 4),
(304, 3),
(304, 12),
(304, 1),
(304, 15),
(304, 10),
(304, 9),
(304, 16),
(311, 7),
(311, 13),
(311, 14),
(311, 11),
(311, 12),
(311, 16),
(311, 4),
(311, 18),
(311, 2),
(311, 20),
(318, 14),
(318, 8),
(318, 1),
(318, 20),
(318, 17),
(318, 11),
(318, 3),
(318, 19),
(318, 16),
(318, 4),
(340, 11),
(340, 8),
(340, 5),
(340, 13),
(340, 10),
(340, 18),
(340, 15),
(340, 19),
(340, 2),
(340, 4),
(340, 6),
(340, 14),
(340, 3),
(340, 17),
(340, 16),
(340, 7),
(341, 9),
(341, 8),
(341, 7),
(341, 16),
(341, 5);       
INSERT INTO PUBLIC.LAWS_SUPPORTERS(LAW_MODEL_ID, SUPPORTERS_ID) VALUES
(341, 10),
(341, 15),
(341, 12),
(341, 6),
(341, 2),
(341, 3),
(341, 4),
(341, 11),
(341, 19),
(341, 14),
(341, 18),
(341, 20),
(341, 13);
CREATE MEMORY TABLE PUBLIC.ONE_TIME_TOKEN(
    ID BIGINT NOT NULL,
    CREATED_AT TIMESTAMP NOT NULL,
    UPDATED_AT TIMESTAMP NOT NULL,
    TOKEN VARCHAR(255) NOT NULL,
    TOKEN_TYPE INTEGER NOT NULL,
    VALID_UNTIL TIMESTAMP NOT NULL,
    USER_ID BIGINT NOT NULL
);         
ALTER TABLE PUBLIC.ONE_TIME_TOKEN ADD CONSTRAINT PUBLIC.CONSTRAINT_4 PRIMARY KEY(ID);         
-- 0 +/- SELECT COUNT(*) FROM PUBLIC.ONE_TIME_TOKEN;          
CREATE MEMORY TABLE PUBLIC.POLLS(
    ID BIGINT NOT NULL,
    CREATED_AT TIMESTAMP NOT NULL,
    UPDATED_AT TIMESTAMP NOT NULL,
    STATUS INTEGER,
    VOTING_END_AT TIMESTAMP,
    VOTING_START_AT TIMESTAMP,
    WINNER_ID BIGINT
);               
ALTER TABLE PUBLIC.POLLS ADD CONSTRAINT PUBLIC.CONSTRAINT_48 PRIMARY KEY(ID); 
-- 3 +/- SELECT COUNT(*) FROM PUBLIC.POLLS;   
INSERT INTO PUBLIC.POLLS(ID, CREATED_AT, UPDATED_AT, STATUS, VOTING_END_AT, VOTING_START_AT, WINNER_ID) VALUES
(209, TIMESTAMP '2018-11-28 22:33:19.712', TIMESTAMP '2018-11-28 22:33:19.712', 0, TIMESTAMP '2019-01-02 00:00:00', TIMESTAMP '2018-12-19 00:00:00', NULL),
(245, TIMESTAMP '2018-11-20 22:33:19.884', TIMESTAMP '2018-12-05 22:33:19.933', 1, TIMESTAMP '2018-12-18 00:00:00', TIMESTAMP '2018-12-04 22:33:19.914', NULL),
(296, TIMESTAMP '2018-12-22 15:36:15.046', TIMESTAMP '2018-12-05 22:33:27.762', 2, TIMESTAMP '2018-12-05 22:33:27.75', TIMESTAMP '2018-11-16 22:33:27.746', 318);               
CREATE MEMORY TABLE PUBLIC.USERS(
    ID BIGINT NOT NULL,
    CREATED_AT TIMESTAMP NOT NULL,
    UPDATED_AT TIMESTAMP NOT NULL,
    EMAIL VARCHAR(255) NOT NULL,
    MOBILEPHONE VARCHAR(255),
    NAME VARCHAR(255),
    PICTURE VARCHAR(255),
    WEBSITE VARCHAR(255)
);          
ALTER TABLE PUBLIC.USERS ADD CONSTRAINT PUBLIC.CONSTRAINT_4D PRIMARY KEY(ID); 
-- 20 +/- SELECT COUNT(*) FROM PUBLIC.USERS;  
INSERT INTO PUBLIC.USERS(ID, CREATED_AT, UPDATED_AT, EMAIL, MOBILEPHONE, NAME, PICTURE, WEBSITE) VALUES
(1, TIMESTAMP '2018-12-05 22:33:15.824', TIMESTAMP '2018-12-05 22:33:15.824', 'testuser1@liquido.de', '+4912345', 'Test User1', '/static/img/photos/1.png', 'http://www.liquido.de'),
(2, TIMESTAMP '2018-12-05 22:33:15.894', TIMESTAMP '2018-12-05 22:33:15.894', 'testuser2@liquido.de', '+497612610511', 'Test User2', '/static/img/photos/2.png', 'http://www.liquido.de'),
(3, TIMESTAMP '2018-12-05 22:33:15.901', TIMESTAMP '2018-12-05 22:33:15.901', 'testuser3@liquido.de', '+493521417944', 'Test User3', '/static/img/photos/3.png', 'http://www.liquido.de'),
(4, TIMESTAMP '2018-12-05 22:33:15.906', TIMESTAMP '2018-12-05 22:33:15.906', 'testuser4@liquido.de', '+497627264868', 'Test User4', '/static/img/photos/1.png', 'http://www.liquido.de'),
(5, TIMESTAMP '2018-12-05 22:33:15.913', TIMESTAMP '2018-12-05 22:33:15.913', 'testuser5@liquido.de', '+494645161664', 'Test User5', '/static/img/photos/2.png', 'http://www.liquido.de'),
(6, TIMESTAMP '2018-12-05 22:33:15.918', TIMESTAMP '2018-12-05 22:33:15.918', 'testuser6@liquido.de', '+494930851095', 'Test User6', '/static/img/photos/3.png', 'http://www.liquido.de'),
(7, TIMESTAMP '2018-12-05 22:33:15.923', TIMESTAMP '2018-12-05 22:33:15.923', 'testuser7@liquido.de', '+496378459228', 'Test User7', '/static/img/photos/1.png', 'http://www.liquido.de'),
(8, TIMESTAMP '2018-12-05 22:33:15.932', TIMESTAMP '2018-12-05 22:33:15.932', 'testuser8@liquido.de', '+497344929970', 'Test User8', '/static/img/photos/2.png', 'http://www.liquido.de'),
(9, TIMESTAMP '2018-12-05 22:33:15.937', TIMESTAMP '2018-12-05 22:33:15.937', 'testuser9@liquido.de', '+499814238871', 'Test User9', '/static/img/photos/3.png', 'http://www.liquido.de'),
(10, TIMESTAMP '2018-12-05 22:33:15.942', TIMESTAMP '2018-12-05 22:33:15.942', 'testuser10@liquido.de', '+495553573121', 'Test User10', '/static/img/photos/1.png', 'http://www.liquido.de'),
(11, TIMESTAMP '2018-12-05 22:33:15.957', TIMESTAMP '2018-12-05 22:33:15.957', 'testuser11@liquido.de', '+493832028498', 'Test User11', '/static/img/photos/2.png', 'http://www.liquido.de'),
(12, TIMESTAMP '2018-12-05 22:33:15.981', TIMESTAMP '2018-12-05 22:33:15.981', 'testuser12@liquido.de', '+495616248041', 'Test User12', '/static/img/photos/3.png', 'http://www.liquido.de'),
(13, TIMESTAMP '2018-12-05 22:33:15.995', TIMESTAMP '2018-12-05 22:33:15.995', 'testuser13@liquido.de', '+497423178397', 'Test User13', '/static/img/photos/1.png', 'http://www.liquido.de'),
(14, TIMESTAMP '2018-12-05 22:33:16.008', TIMESTAMP '2018-12-05 22:33:16.008', 'testuser14@liquido.de', '+495007442578', 'Test User14', '/static/img/photos/2.png', 'http://www.liquido.de'),
(15, TIMESTAMP '2018-12-05 22:33:16.031', TIMESTAMP '2018-12-05 22:33:16.031', 'testuser15@liquido.de', '+495017299972', 'Test User15', '/static/img/photos/3.png', 'http://www.liquido.de'),
(16, TIMESTAMP '2018-12-05 22:33:16.054', TIMESTAMP '2018-12-05 22:33:16.054', 'testuser16@liquido.de', '+499924653976', 'Test User16', '/static/img/photos/1.png', 'http://www.liquido.de'),
(17, TIMESTAMP '2018-12-05 22:33:16.062', TIMESTAMP '2018-12-05 22:33:16.062', 'testuser17@liquido.de', '+495613607149', 'Test User17', '/static/img/photos/2.png', 'http://www.liquido.de'),
(18, TIMESTAMP '2018-12-05 22:33:16.07', TIMESTAMP '2018-12-05 22:33:16.07', 'testuser18@liquido.de', '+495340641098', 'Test User18', '/static/img/photos/3.png', 'http://www.liquido.de'),
(19, TIMESTAMP '2018-12-05 22:33:16.075', TIMESTAMP '2018-12-05 22:33:16.075', 'testuser19@liquido.de', '+496579963425', 'Test User19', '/static/img/photos/1.png', 'http://www.liquido.de'),
(20, TIMESTAMP '2018-12-05 22:33:16.08', TIMESTAMP '2018-12-05 22:33:16.08', 'testuser20@liquido.de', '+498794483923', 'Test User20', '/static/img/photos/2.png', 'http://www.liquido.de');               
ALTER TABLE PUBLIC.AREAS ADD CONSTRAINT PUBLIC.UK_P61HNJ1M450KNDUSCXOLDCHFJ UNIQUE(TITLE);
ALTER TABLE PUBLIC.USERS ADD CONSTRAINT PUBLIC.UK_6DOTKOTT2KJSP8VW4D0M25FB7 UNIQUE(EMAIL);    
ALTER TABLE PUBLIC.LAWS ADD CONSTRAINT PUBLIC.UK_BS516OPV3HONTPTWVPIOOS72B UNIQUE(TITLE);     
ALTER TABLE PUBLIC.DELEGATIONS ADD CONSTRAINT PUBLIC.UK2WYH7POIF8NPDWLUR8DFORD0J UNIQUE(AREA_ID, FROM_USER_ID);               
ALTER TABLE PUBLIC.LAWS_COMMENTS ADD CONSTRAINT PUBLIC.UK_OF3YV6X3MAHJPHJBJE5XHRXC8 UNIQUE(COMMENTS_ID);      
ALTER TABLE PUBLIC.CHECKSUMS ADD CONSTRAINT PUBLIC.UKL0XNKLNHLK4PTWSU9B0QXTYBN UNIQUE(AREA_ID, PUBLIC_PROXY_ID);              
ALTER TABLE PUBLIC.KEY_VALUE ADD CONSTRAINT PUBLIC.UK_GVYP924RQ0A5Y8U3EMJS35G2Q UNIQUE(KEY);  
ALTER TABLE PUBLIC.BALLOT_MODEL ADD CONSTRAINT PUBLIC.FK80AA8GKY9NQS7CS136W9JBLJ6 FOREIGN KEY(POLL_ID) REFERENCES PUBLIC.POLLS(ID) NOCHECK;   
ALTER TABLE PUBLIC.AREAS ADD CONSTRAINT PUBLIC.FKP9N0U4HM2Q1O7V0068C8GD4EL FOREIGN KEY(CREATED_BY_ID) REFERENCES PUBLIC.USERS(ID) NOCHECK;    
ALTER TABLE PUBLIC.DELEGATIONS ADD CONSTRAINT PUBLIC.FKSWBDEOVC7HSQ5EX30PBMDU9D4 FOREIGN KEY(AREA_ID) REFERENCES PUBLIC.AREAS(ID) NOCHECK;    
ALTER TABLE PUBLIC.LAWS ADD CONSTRAINT PUBLIC.FK4QUHD81MM84X6RQ0CCBXSEYXX FOREIGN KEY(POLL_ID) REFERENCES PUBLIC.POLLS(ID) NOCHECK;           
ALTER TABLE PUBLIC.LAWS_SUPPORTERS ADD CONSTRAINT PUBLIC.FK9B4I87YIKUCHRIRFJAYMGOHE3 FOREIGN KEY(LAW_MODEL_ID) REFERENCES PUBLIC.LAWS(ID) NOCHECK;            
ALTER TABLE PUBLIC.COMMENTS_DOWN_VOTERS ADD CONSTRAINT PUBLIC.FK62ILAC17TG4CPKRHEONUD72HV FOREIGN KEY(DOWN_VOTERS_ID) REFERENCES PUBLIC.USERS(ID) NOCHECK;    
ALTER TABLE PUBLIC.CHECKSUMS ADD CONSTRAINT PUBLIC.FKDFLPSE9FSOGY1FMFDY2W79RG FOREIGN KEY(DELEGATED_TO_CHECKSUM) REFERENCES PUBLIC.CHECKSUMS(CHECKSUM) NOCHECK;
ALTER TABLE PUBLIC.CHECKSUMS ADD CONSTRAINT PUBLIC.FK68FTLVL0MWTVOQD3BFUPP0XRG FOREIGN KEY(PUBLIC_PROXY_ID) REFERENCES PUBLIC.USERS(ID) NOCHECK;              
ALTER TABLE PUBLIC.LAWS ADD CONSTRAINT PUBLIC.FKTR1PLL46Q50SHWBFFYIYUAVGN FOREIGN KEY(CREATED_BY_ID) REFERENCES PUBLIC.USERS(ID) NOCHECK;     
ALTER TABLE PUBLIC.ONE_TIME_TOKEN ADD CONSTRAINT PUBLIC.FK4O21XT1RMRICB3EA4TO5NKR8D FOREIGN KEY(USER_ID) REFERENCES PUBLIC.USERS(ID) NOCHECK; 
ALTER TABLE PUBLIC.COMMENTS ADD CONSTRAINT PUBLIC.FKAKKM6QFYDU7VGNFNE1YO0XMED FOREIGN KEY(CREATED_BY_ID) REFERENCES PUBLIC.USERS(ID) NOCHECK;
ALTER TABLE PUBLIC.DELEGATIONS ADD CONSTRAINT PUBLIC.FK21A6LG8FU2JS6E0JU41WJ2GQP FOREIGN KEY(TO_PROXY_ID) REFERENCES PUBLIC.USERS(ID) NOCHECK;
ALTER TABLE PUBLIC.LAWS_COMMENTS ADD CONSTRAINT PUBLIC.FK36FBKIUITRV0YRVY8S0IG46IX FOREIGN KEY(LAW_MODEL_ID) REFERENCES PUBLIC.LAWS(ID) NOCHECK;              
ALTER TABLE PUBLIC.POLLS ADD CONSTRAINT PUBLIC.FKQADOVSMQ4UOK58SP9HKHWJQIS FOREIGN KEY(WINNER_ID) REFERENCES PUBLIC.LAWS(ID) NOCHECK;         
ALTER TABLE PUBLIC.DELEGATIONS ADD CONSTRAINT PUBLIC.FK9KOYA2MI6T18VF7U1FROBKNIQ FOREIGN KEY(FROM_USER_ID) REFERENCES PUBLIC.USERS(ID) NOCHECK;               
ALTER TABLE PUBLIC.BALLOT_MODEL_VOTE_ORDER ADD CONSTRAINT PUBLIC.FKG4WVLJWGWECJJBW58FVL0AD5X FOREIGN KEY(BALLOT_MODEL_ID) REFERENCES PUBLIC.BALLOT_MODEL(ID) NOCHECK;         
ALTER TABLE PUBLIC.BALLOT_MODEL ADD CONSTRAINT PUBLIC.FKP19OJ9H53MY80XIR4TWVUE13B FOREIGN KEY(CHECKSUM_CHECKSUM) REFERENCES PUBLIC.CHECKSUMS(CHECKSUM) NOCHECK;               
ALTER TABLE PUBLIC.CHECKSUMS ADD CONSTRAINT PUBLIC.FKMKXILKGGWXGK48MVTP6UAQ3NP FOREIGN KEY(REQUESTED_DELEGATION_TO_ID) REFERENCES PUBLIC.USERS(ID) NOCHECK;   
ALTER TABLE PUBLIC.LAWS ADD CONSTRAINT PUBLIC.FK9VIQDJ5LDUN0AHWQDFF1WUY39 FOREIGN KEY(AREA_ID) REFERENCES PUBLIC.AREAS(ID) NOCHECK;           
ALTER TABLE PUBLIC.LAWS_COMMENTS ADD CONSTRAINT PUBLIC.FKFL0Y4QFVFPF9YNMMFJ0JEVXFF FOREIGN KEY(COMMENTS_ID) REFERENCES PUBLIC.COMMENTS(ID) NOCHECK;
ALTER TABLE PUBLIC.BALLOT_MODEL_VOTE_ORDER ADD CONSTRAINT PUBLIC.FKK6IWSNAFAEQQ59N0FNWN5K6DI FOREIGN KEY(VOTE_ORDER_ID) REFERENCES PUBLIC.LAWS(ID) NOCHECK;   
ALTER TABLE PUBLIC.COMMENTS_UP_VOTERS ADD CONSTRAINT PUBLIC.FKEUURM027PDC4L5A9G9O2L0UYD FOREIGN KEY(UP_VOTERS_ID) REFERENCES PUBLIC.USERS(ID) NOCHECK;        
ALTER TABLE PUBLIC.COMMENTS ADD CONSTRAINT PUBLIC.FKLRI30OKF66PHTCGBE5POK7CC0 FOREIGN KEY(PARENT_ID) REFERENCES PUBLIC.COMMENTS(ID) NOCHECK;  
ALTER TABLE PUBLIC.COMMENTS_UP_VOTERS ADD CONSTRAINT PUBLIC.FK8LS8T571Y99VTTW1MDKEBXAGP FOREIGN KEY(COMMENT_MODEL_ID) REFERENCES PUBLIC.COMMENTS(ID) NOCHECK; 
ALTER TABLE PUBLIC.LAWS_SUPPORTERS ADD CONSTRAINT PUBLIC.FKK8MVJC4RQ970OJAVYFIA9BQVE FOREIGN KEY(SUPPORTERS_ID) REFERENCES PUBLIC.USERS(ID) NOCHECK;          
ALTER TABLE PUBLIC.COMMENTS_DOWN_VOTERS ADD CONSTRAINT PUBLIC.FKJYMYJ54LENHS4KE6MYQHLY72 FOREIGN KEY(COMMENT_MODEL_ID) REFERENCES PUBLIC.COMMENTS(ID) NOCHECK;
ALTER TABLE PUBLIC.CHECKSUMS ADD CONSTRAINT PUBLIC.FKLLW57XBW0D67OPTMWFMU3P2PC FOREIGN KEY(AREA_ID) REFERENCES PUBLIC.AREAS(ID) NOCHECK;      
