SET DB_CLOSE_DELAY -1;
;
CREATE USER IF NOT EXISTS SA SALT '80fbc43f79a479f0' HASH '68565cf76d2ab53607981c3ba40acbce132186a5c45e2dec42245ecaad3fec9c' ADMIN;
CREATE SEQUENCE PUBLIC.HIBERNATE_SEQUENCE START WITH 348;
CREATE MEMORY TABLE PUBLIC.AREAS(
ID BIGINT NOT NULL,
CREATED_AT TIMESTAMP NOT NULL,
UPDATED_AT TIMESTAMP NOT NULL,
DESCRIPTION VARCHAR(255) NOT NULL,
TITLE VARCHAR(255) NOT NULL,
CREATED_BY_ID BIGINT NOT NULL
);
ALTER TABLE PUBLIC.AREAS ADD CONSTRAINT PUBLIC.CONSTRAINT_3 PRIMARY KEY(ID);
-- 10 +/- SELECT COUNT(*) FROM PUBLIC.AREAS;
INSERT INTO PUBLIC.AREAS(ID, CREATED_AT, UPDATED_AT, DESCRIPTION, TITLE, CREATED_BY_ID) VALUES
(21, TIMESTAMP '2018-12-12 18:48:51.56', TIMESTAMP '2018-12-12 18:48:51.56', 'Nice description for test area #0', 'Area 0', 1),
(22, TIMESTAMP '2018-12-12 18:48:51.562', TIMESTAMP '2018-12-12 18:48:51.562', 'Nice description for test area #1', 'Area 1', 1),
(23, TIMESTAMP '2018-12-12 18:48:51.564', TIMESTAMP '2018-12-12 18:48:51.564', 'Nice description for test area #2', 'Area 2', 1),
(24, TIMESTAMP '2018-12-12 18:48:51.565', TIMESTAMP '2018-12-12 18:48:51.565', 'Nice description for test area #3', 'Area 3', 1),
(25, TIMESTAMP '2018-12-12 18:48:51.567', TIMESTAMP '2018-12-12 18:48:51.567', 'Nice description for test area #4', 'Area 4', 1),
(26, TIMESTAMP '2018-12-12 18:48:51.571', TIMESTAMP '2018-12-12 18:48:51.571', 'Nice description for test area #5', 'Area 5', 1),
(27, TIMESTAMP '2018-12-12 18:48:51.572', TIMESTAMP '2018-12-12 18:48:51.572', 'Nice description for test area #6', 'Area 6', 1),
(28, TIMESTAMP '2018-12-12 18:48:51.573', TIMESTAMP '2018-12-12 18:48:51.573', 'Nice description for test area #7', 'Area 7', 1),
(29, TIMESTAMP '2018-12-12 18:48:51.575', TIMESTAMP '2018-12-12 18:48:51.575', 'Nice description for test area #8', 'Area 8', 1),
(30, TIMESTAMP '2018-12-12 18:48:51.576', TIMESTAMP '2018-12-12 18:48:51.576', 'Nice description for test area #9', 'Area 9', 1);
CREATE MEMORY TABLE PUBLIC.BALLOTS(
ID BIGINT NOT NULL,
LEVEL INTEGER NOT NULL,
VOTE_COUNT INTEGER NOT NULL,
CHECKSUM VARCHAR(255) NOT NULL,
POLL_ID BIGINT NOT NULL
);
ALTER TABLE PUBLIC.BALLOTS ADD CONSTRAINT PUBLIC.CONSTRAINT_1 PRIMARY KEY(ID);
-- 32 +/- SELECT COUNT(*) FROM PUBLIC.BALLOTS;
INSERT INTO PUBLIC.BALLOTS(ID, LEVEL, VOTE_COUNT, CHECKSUM, POLL_ID) VALUES
(278, 0, 1, '$2a$10$1IdrGrRAN2Wp3U7QI.JIzuuViLszDdeyBQZ4QNjYJJWIYI5M2O3G2', 249),
(279, 0, 1, '$2a$10$1IdrGrRAN2Wp3U7QI.JIzuDl5QTomD0jkJDoG.VH7LgF6BaMi7mUu', 249),
(280, 0, 4, '$2a$10$1IdrGrRAN2Wp3U7QI.JIzumrB8gg15WYrl/9Od2a/lKdcXxyoRqYe', 249),
(281, 0, 1, '$2a$10$1IdrGrRAN2Wp3U7QI.JIzu0U7xajdi9.MlI8tTpf7ZVQmMn3XTPaq', 249),
(282, 0, 1, '$2a$10$1IdrGrRAN2Wp3U7QI.JIzuA2amXnXPKlVvjlg62SZ08/U45S1krWS', 249),
(283, 0, 1, '$2a$10$1IdrGrRAN2Wp3U7QI.JIzuQi87d/P3rgtaiDqqegSB4vu2sByXkly', 249),
(284, 0, 2, '$2a$10$1IdrGrRAN2Wp3U7QI.JIzumF7aPaiUyhTd0m56K/SiA71ec5pLFu2', 249),
(285, 1, 1, '$2a$10$1IdrGrRAN2Wp3U7QI.JIzu9jY7URudOBmsrn4SD7Sp2bRAti6ztwK', 249),
(286, 0, 1, '$2a$10$1IdrGrRAN2Wp3U7QI.JIzuaW/fGb8Z2mJgsKxYwe5.NrtAFNxSQVS', 249),
(287, 0, 1, '$2a$10$1IdrGrRAN2Wp3U7QI.JIzuWb3cSZmVC9yx83VYQxwLFYSL5g8IoRy', 249),
(288, 0, 1, '$2a$10$1IdrGrRAN2Wp3U7QI.JIzuaXivFiTa4cwzBq6IwpHyvmd9OIEIHwW', 249),
(289, 0, 1, '$2a$10$1IdrGrRAN2Wp3U7QI.JIzuYTSKjBSu3cADo/STK5moSHUhn6NKcyS', 249),
(290, 0, 1, '$2a$10$1IdrGrRAN2Wp3U7QI.JIzuYun6DCp3DqD0HkMSxupTiHcONZRP0YC', 249),
(291, 0, 1, '$2a$10$1IdrGrRAN2Wp3U7QI.JIzuj/DUpsANoEk4usC10lyWBvgCY2jpdQ6', 249),
(292, 0, 1, '$2a$10$1IdrGrRAN2Wp3U7QI.JIzukT2e4dWh2jhcsPdh.C5JEqMyz08zCoa', 249),
(293, 0, 1, '$2a$10$1IdrGrRAN2Wp3U7QI.JIzuRe9KBAxYEu.ylAyhV50ek90rELSRGqG', 249),
(330, 0, 1, '$2a$10$1IdrGrRAN2Wp3U7QI.JIzuuViLszDdeyBQZ4QNjYJJWIYI5M2O3G2', 301),
(331, 0, 1, '$2a$10$1IdrGrRAN2Wp3U7QI.JIzuDl5QTomD0jkJDoG.VH7LgF6BaMi7mUu', 301),
(332, 0, 4, '$2a$10$1IdrGrRAN2Wp3U7QI.JIzumrB8gg15WYrl/9Od2a/lKdcXxyoRqYe', 301),
(333, 0, 1, '$2a$10$1IdrGrRAN2Wp3U7QI.JIzu0U7xajdi9.MlI8tTpf7ZVQmMn3XTPaq', 301),
(334, 0, 1, '$2a$10$1IdrGrRAN2Wp3U7QI.JIzuA2amXnXPKlVvjlg62SZ08/U45S1krWS', 301),
(335, 0, 1, '$2a$10$1IdrGrRAN2Wp3U7QI.JIzuQi87d/P3rgtaiDqqegSB4vu2sByXkly', 301),
(336, 0, 2, '$2a$10$1IdrGrRAN2Wp3U7QI.JIzumF7aPaiUyhTd0m56K/SiA71ec5pLFu2', 301),
(337, 1, 1, '$2a$10$1IdrGrRAN2Wp3U7QI.JIzu9jY7URudOBmsrn4SD7Sp2bRAti6ztwK', 301),
(338, 0, 1, '$2a$10$1IdrGrRAN2Wp3U7QI.JIzuaW/fGb8Z2mJgsKxYwe5.NrtAFNxSQVS', 301),
(339, 0, 1, '$2a$10$1IdrGrRAN2Wp3U7QI.JIzuWb3cSZmVC9yx83VYQxwLFYSL5g8IoRy', 301),
(340, 0, 1, '$2a$10$1IdrGrRAN2Wp3U7QI.JIzuaXivFiTa4cwzBq6IwpHyvmd9OIEIHwW', 301),
(341, 0, 1, '$2a$10$1IdrGrRAN2Wp3U7QI.JIzuYTSKjBSu3cADo/STK5moSHUhn6NKcyS', 301),
(342, 0, 1, '$2a$10$1IdrGrRAN2Wp3U7QI.JIzuYun6DCp3DqD0HkMSxupTiHcONZRP0YC', 301),
(343, 0, 1, '$2a$10$1IdrGrRAN2Wp3U7QI.JIzuj/DUpsANoEk4usC10lyWBvgCY2jpdQ6', 301),
(344, 0, 1, '$2a$10$1IdrGrRAN2Wp3U7QI.JIzukT2e4dWh2jhcsPdh.C5JEqMyz08zCoa', 301),
(345, 0, 1, '$2a$10$1IdrGrRAN2Wp3U7QI.JIzuRe9KBAxYEu.ylAyhV50ek90rELSRGqG', 301);
CREATE MEMORY TABLE PUBLIC.BALLOTS_VOTE_ORDER(
BALLOT_MODEL_ID BIGINT NOT NULL,
VOTE_ORDER_ID BIGINT NOT NULL,
VOTE_ORDER_ORDER INTEGER NOT NULL
);
ALTER TABLE PUBLIC.BALLOTS_VOTE_ORDER ADD CONSTRAINT PUBLIC.CONSTRAINT_5 PRIMARY KEY(BALLOT_MODEL_ID, VOTE_ORDER_ORDER);
-- 126 +/- SELECT COUNT(*) FROM PUBLIC.BALLOTS_VOTE_ORDER;
INSERT INTO PUBLIC.BALLOTS_VOTE_ORDER(BALLOT_MODEL_ID, VOTE_ORDER_ID, VOTE_ORDER_ORDER) VALUES
(278, 250, 0),
(278, 242, 1),
(278, 271, 2),
(278, 264, 3),
(278, 257, 4),
(279, 250, 0),
(279, 257, 1),
(279, 264, 2),
(279, 271, 3),
(285, 250, 0),
(285, 271, 1),
(285, 257, 2),
(285, 242, 3),
(285, 264, 4),
(286, 264, 0),
(286, 271, 1),
(286, 250, 2),
(286, 242, 3),
(281, 257, 0),
(281, 250, 1),
(281, 264, 2),
(281, 271, 3),
(282, 271, 0),
(282, 264, 1),
(282, 250, 2),
(282, 257, 3),
(282, 242, 4),
(287, 271, 0),
(287, 250, 1),
(287, 264, 2),
(287, 242, 3),
(287, 257, 4),
(288, 242, 0),
(288, 250, 1),
(288, 257, 2),
(288, 264, 3),
(288, 271, 4),
(289, 242, 0),
(289, 250, 1),
(289, 257, 2),
(289, 264, 3),
(290, 271, 0),
(290, 264, 1),
(290, 257, 2),
(290, 250, 3),
(290, 242, 4),
(291, 257, 0),
(291, 264, 1),
(291, 250, 2),
(291, 242, 3),
(291, 271, 4),
(292, 242, 0),
(292, 250, 1),
(292, 257, 2),
(292, 271, 3),
(292, 264, 4),
(293, 250, 0),
(293, 271, 1),
(293, 242, 2),
(293, 264, 3),
(293, 257, 4),
(283, 250, 0),
(283, 242, 1),
(283, 271, 2),
(283, 264, 3),
(283, 257, 4),
(330, 294, 0),
(330, 302, 1),
(330, 323, 2),
(331, 309, 0),
(331, 294, 1),
(331, 316, 2),
(331, 323, 3),
(331, 302, 4),
(335, 316, 2),
(337, 316, 0),
(337, 323, 1),
(337, 309, 2),
(337, 302, 3),
(338, 323, 0),
(338, 316, 1),
(338, 302, 2),
(338, 294, 3),
(333, 294, 0),
(333, 302, 1),
(333, 316, 2),
(334, 294, 0),
(334, 302, 1),
(334, 309, 2),
(334, 316, 3),
(334, 323, 4),
(339, 309, 0),
(339, 316, 1),
(339, 302, 2),
(339, 294, 3),
(340, 294, 0),
(340, 302, 1),
(340, 323, 2),
(340, 309, 3),
(340, 316, 4),
(341, 323, 0),
(341, 316, 1),
(341, 309, 2),
(341, 302, 3),
(341, 294, 4),
(342, 316, 0),
(342, 309, 1),
(342, 323, 2),
(343, 294, 0),
(343, 302, 1),
(343, 323, 2),
(343, 309, 3),
(343, 316, 4),
(344, 323, 0),
(344, 294, 1),
(344, 316, 2),
(344, 309, 3),
(344, 302, 4),
(345, 294, 0),
(345, 302, 1),
(345, 309, 2),
(345, 316, 3),
(345, 323, 4),
(335, 294, 0),
(335, 309, 1),
(335, 323, 3);
CREATE MEMORY TABLE PUBLIC.CHECKSUMS(
CHECKSUM VARCHAR(255) NOT NULL,
EXPIRES_AT TIMESTAMP,
TRANSITIVE BOOLEAN NOT NULL,
AREA_ID BIGINT,
DELEGATED_TO_CHECKSUM VARCHAR(255),
PUBLIC_PROXY_ID BIGINT
);
ALTER TABLE PUBLIC.CHECKSUMS ADD CONSTRAINT PUBLIC.CONSTRAINT_B PRIMARY KEY(CHECKSUM);
-- 18 +/- SELECT COUNT(*) FROM PUBLIC.CHECKSUMS;
INSERT INTO PUBLIC.CHECKSUMS(CHECKSUM, EXPIRES_AT, TRANSITIVE, AREA_ID, DELEGATED_TO_CHECKSUM, PUBLIC_PROXY_ID) VALUES
('$2a$10$1IdrGrRAN2Wp3U7QI.JIzueyGOu7FMMyyMJw3bvzEU2elpOrru8sy', TIMESTAMP '2018-12-13 18:48:53.25', TRUE, 21, NULL, 1),
('$2a$10$1IdrGrRAN2Wp3U7QI.JIzu9jY7URudOBmsrn4SD7Sp2bRAti6ztwK', TIMESTAMP '2018-12-13 18:48:54.543', TRUE, 21, '$2a$10$1IdrGrRAN2Wp3U7QI.JIzumF7aPaiUyhTd0m56K/SiA71ec5pLFu2', 6),
('$2a$10$1IdrGrRAN2Wp3U7QI.JIzuIvB5fBvUb/y3tpzb1Xahzu9k87H3HZ.', TIMESTAMP '2018-12-13 18:48:54.696', TRUE, 21, '$2a$10$1IdrGrRAN2Wp3U7QI.JIzueyGOu7FMMyyMJw3bvzEU2elpOrru8sy', 4),
('$2a$10$1IdrGrRAN2Wp3U7QI.JIzuuViLszDdeyBQZ4QNjYJJWIYI5M2O3G2', TIMESTAMP '2018-12-13 18:49:02.791', TRUE, 21, NULL, 13),
('$2a$10$1IdrGrRAN2Wp3U7QI.JIzuDl5QTomD0jkJDoG.VH7LgF6BaMi7mUu', TIMESTAMP '2018-12-13 18:49:03.03', TRUE, 21, NULL, 15),
('$2a$10$1IdrGrRAN2Wp3U7QI.JIzumrB8gg15WYrl/9Od2a/lKdcXxyoRqYe', TIMESTAMP '2018-12-13 18:49:03.272', TRUE, 21, '$2a$10$1IdrGrRAN2Wp3U7QI.JIzuIvB5fBvUb/y3tpzb1Xahzu9k87H3HZ.', 7),
('$2a$10$1IdrGrRAN2Wp3U7QI.JIzumF7aPaiUyhTd0m56K/SiA71ec5pLFu2', TIMESTAMP '2018-12-13 18:49:03.532', TRUE, 21, '$2a$10$1IdrGrRAN2Wp3U7QI.JIzueyGOu7FMMyyMJw3bvzEU2elpOrru8sy', 3),
('$2a$10$1IdrGrRAN2Wp3U7QI.JIzuaW/fGb8Z2mJgsKxYwe5.NrtAFNxSQVS', TIMESTAMP '2018-12-13 18:49:03.777', TRUE, 21, NULL, 5),
('$2a$10$1IdrGrRAN2Wp3U7QI.JIzu0U7xajdi9.MlI8tTpf7ZVQmMn3XTPaq', TIMESTAMP '2018-12-13 18:49:04.021', TRUE, 21, '$2a$10$1IdrGrRAN2Wp3U7QI.JIzumrB8gg15WYrl/9Od2a/lKdcXxyoRqYe', 10),
('$2a$10$1IdrGrRAN2Wp3U7QI.JIzuA2amXnXPKlVvjlg62SZ08/U45S1krWS', TIMESTAMP '2018-12-13 18:49:04.264', TRUE, 21, '$2a$10$1IdrGrRAN2Wp3U7QI.JIzumrB8gg15WYrl/9Od2a/lKdcXxyoRqYe', 11),
('$2a$10$1IdrGrRAN2Wp3U7QI.JIzuWb3cSZmVC9yx83VYQxwLFYSL5g8IoRy', TIMESTAMP '2018-12-13 18:49:04.509', TRUE, 21, '$2a$10$1IdrGrRAN2Wp3U7QI.JIzueyGOu7FMMyyMJw3bvzEU2elpOrru8sy', NULL),
('$2a$10$1IdrGrRAN2Wp3U7QI.JIzuaXivFiTa4cwzBq6IwpHyvmd9OIEIHwW', TIMESTAMP '2018-12-13 18:49:04.751', TRUE, 21, NULL, 9),
('$2a$10$1IdrGrRAN2Wp3U7QI.JIzuYTSKjBSu3cADo/STK5moSHUhn6NKcyS', TIMESTAMP '2018-12-13 18:49:04.993', TRUE, 21, NULL, 16),
('$2a$10$1IdrGrRAN2Wp3U7QI.JIzuYun6DCp3DqD0HkMSxupTiHcONZRP0YC', TIMESTAMP '2018-12-13 18:49:05.234', TRUE, 21, NULL, 20),
('$2a$10$1IdrGrRAN2Wp3U7QI.JIzuj/DUpsANoEk4usC10lyWBvgCY2jpdQ6', TIMESTAMP '2018-12-13 18:49:05.473', TRUE, 21, NULL, 18),
('$2a$10$1IdrGrRAN2Wp3U7QI.JIzukT2e4dWh2jhcsPdh.C5JEqMyz08zCoa', TIMESTAMP '2018-12-13 18:49:05.715', TRUE, 21, NULL, 14),
('$2a$10$1IdrGrRAN2Wp3U7QI.JIzuRe9KBAxYEu.ylAyhV50ek90rELSRGqG', TIMESTAMP '2018-12-13 18:49:05.955', TRUE, 21, NULL, 19),
('$2a$10$1IdrGrRAN2Wp3U7QI.JIzuQi87d/P3rgtaiDqqegSB4vu2sByXkly', TIMESTAMP '2018-12-13 18:49:06.196', FALSE, 21, '$2a$10$1IdrGrRAN2Wp3U7QI.JIzumrB8gg15WYrl/9Od2a/lKdcXxyoRqYe', 12);
CREATE MEMORY TABLE PUBLIC.COMMENTS(
ID BIGINT NOT NULL,
CREATED_AT TIMESTAMP NOT NULL,
UPDATED_AT TIMESTAMP NOT NULL,
COMMENT VARCHAR(255) NOT NULL,
CREATED_BY_ID BIGINT NOT NULL,
PARENT_ID BIGINT
);
ALTER TABLE PUBLIC.COMMENTS ADD CONSTRAINT PUBLIC.CONSTRAINT_A PRIMARY KEY(ID);
-- 90 +/- SELECT COUNT(*) FROM PUBLIC.COMMENTS;
INSERT INTO PUBLIC.COMMENTS(ID, CREATED_AT, UPDATED_AT, COMMENT, CREATED_BY_ID, PARENT_ID) VALUES
(207, TIMESTAMP '2018-12-12 18:48:57.483', TIMESTAMP '2018-12-12 18:48:57.483', 'Comment on root level. I really like this idea, but needs to be improved.', 3, NULL),
(208, TIMESTAMP '2018-12-12 18:48:57.484', TIMESTAMP '2018-12-12 18:48:57.484', 'Reply 0 Lorem ipsum dolor sit amet, consectetur adipiscing elit, sed do eiusmod tempor incididunt ut la', 12, 207),
(209, TIMESTAMP '2018-12-12 18:48:57.485', TIMESTAMP '2018-12-12 18:48:57.485', 'Reply 1 Lorem ipsum dolor sit amet, consectetur adipiscing elit, sed do eiusmod tempor inc', 12, 207),
(210, TIMESTAMP '2018-12-12 18:48:57.485', TIMESTAMP '2018-12-12 18:48:57.485', 'Reply 2 Lorem ipsum dolor sit amet, consectetur adipiscing elit, sed do eiusmo', 5, 207),
(211, TIMESTAMP '2018-12-12 18:48:57.486', TIMESTAMP '2018-12-12 18:48:57.486', 'Reply 3 Lorem ipsum dolor sit amet, consectetur adipiscing elit, sed do eiusmod tempor incididunt u', 7, 207),
(212, TIMESTAMP '2018-12-12 18:48:57.486', TIMESTAMP '2018-12-12 18:48:57.486', 'Reply 4 Lorem ipsum dolor sit amet, consectetur adipiscing elit, sed do eiusmod tempor incididu', 3, 207),
(215, TIMESTAMP '2018-12-12 18:48:57.505', TIMESTAMP '2018-12-12 18:48:57.505', 'Comment on root level. I really like this idea, but needs to be improved.', 11, NULL),
(216, TIMESTAMP '2018-12-12 18:48:57.506', TIMESTAMP '2018-12-12 18:48:57.506', 'Reply 0 Lorem ipsum dolor sit', 10, 215),
(217, TIMESTAMP '2018-12-12 18:48:57.507', TIMESTAMP '2018-12-12 18:48:57.507', 'Reply 1 Lorem ipsum dolor sit amet, consectetur adipis', 1, 215),
(218, TIMESTAMP '2018-12-12 18:48:57.508', TIMESTAMP '2018-12-12 18:48:57.508', 'Reply 2 Lorem ipsum dolor sit amet, consectetur adipiscing elit, sed do eiusmod tempor incididun', 5, 215),
(219, TIMESTAMP '2018-12-12 18:48:57.508', TIMESTAMP '2018-12-12 18:48:57.508', 'Reply 3 Lorem ipsum dolor sit amet, consectetur adipiscing elit, sed', 14, 215),
(220, TIMESTAMP '2018-12-12 18:48:57.509', TIMESTAMP '2018-12-12 18:48:57.509', 'Reply 4 Lorem ipsum dolor si', 12, 215),
(222, TIMESTAMP '2018-12-12 18:48:57.522', TIMESTAMP '2018-12-12 18:48:57.522', 'Comment on root level. I really like this idea, but needs to be improved.', 20, NULL),
(223, TIMESTAMP '2018-12-12 18:48:57.522', TIMESTAMP '2018-12-12 18:48:57.522', 'Reply 0 Lorem ipsum dolor sit amet, consectetur adipiscing elit,', 20, 222),
(224, TIMESTAMP '2018-12-12 18:48:57.523', TIMESTAMP '2018-12-12 18:48:57.523', 'Reply 1 Lorem ipsum dolor sit amet, cons', 7, 222),
(225, TIMESTAMP '2018-12-12 18:48:57.524', TIMESTAMP '2018-12-12 18:48:57.524', 'Reply 2 Lorem ipsum dolor sit amet, consectetur ', 18, 222),
(226, TIMESTAMP '2018-12-12 18:48:57.524', TIMESTAMP '2018-12-12 18:48:57.524', 'Reply 3 Lorem ipsum dolor sit amet, consectetur adipiscing elit, sed do eiusmod tempor incididunt', 8, 222),
(227, TIMESTAMP '2018-12-12 18:48:57.525', TIMESTAMP '2018-12-12 18:48:57.525', 'Reply 4 Lorem ipsum dolor sit amet,', 10, 222),
(229, TIMESTAMP '2018-12-12 18:48:57.536', TIMESTAMP '2018-12-12 18:48:57.536', 'Comment on root level. I really like this idea, but needs to be improved.', 8, NULL),
(230, TIMESTAMP '2018-12-12 18:48:57.537', TIMESTAMP '2018-12-12 18:48:57.537', 'Reply 0 Lorem ipsum ', 7, 229),
(231, TIMESTAMP '2018-12-12 18:48:57.538', TIMESTAMP '2018-12-12 18:48:57.538', 'Reply 1 Lorem ipsum dolor sit amet, consec', 18, 229),
(232, TIMESTAMP '2018-12-12 18:48:57.538', TIMESTAMP '2018-12-12 18:48:57.538', 'Reply 2 Lorem ipsum dolor sit amet, consectetur adipiscing elit, ', 7, 229),
(233, TIMESTAMP '2018-12-12 18:48:57.539', TIMESTAMP '2018-12-12 18:48:57.539', 'Reply 3 Lorem ipsum dolor sit amet, consectetur adipiscing elit, sed do eiusmod tempor i', 19, 229),
(234, TIMESTAMP '2018-12-12 18:48:57.54', TIMESTAMP '2018-12-12 18:48:57.54', 'Reply 4 Lorem ipsum dolor sit amet, consectetur adipiscing elit, sed do eiusmod tempor incididunt ut la', 20, 229),
(236, TIMESTAMP '2018-12-12 18:48:57.551', TIMESTAMP '2018-12-12 18:48:57.551', 'Comment on root level. I really like this idea, but needs to be improved.', 16, NULL);
INSERT INTO PUBLIC.COMMENTS(ID, CREATED_AT, UPDATED_AT, COMMENT, CREATED_BY_ID, PARENT_ID) VALUES
(237, TIMESTAMP '2018-12-12 18:48:57.552', TIMESTAMP '2018-12-12 18:48:57.552', 'Reply 0 Lorem ipsum dolor sit amet, consectetur adi', 4, 236),
(238, TIMESTAMP '2018-12-12 18:48:57.552', TIMESTAMP '2018-12-12 18:48:57.552', 'Reply 1 Lorem ipsum dolor ', 6, 236),
(239, TIMESTAMP '2018-12-12 18:48:57.553', TIMESTAMP '2018-12-12 18:48:57.553', 'Reply 2 Lorem ipsum dolor sit amet, consectetur adi', 4, 236),
(240, TIMESTAMP '2018-12-12 18:48:57.553', TIMESTAMP '2018-12-12 18:48:57.553', 'Reply 3 Lorem ipsum dolor sit amet, consectetur adipiscing elit, sed do eiusmod tempor incididu', 12, 236),
(241, TIMESTAMP '2018-12-12 18:48:57.554', TIMESTAMP '2018-12-12 18:48:57.554', 'Reply 4 Lorem ipsum', 3, 236),
(243, TIMESTAMP '2018-12-12 18:48:57.567', TIMESTAMP '2018-12-12 18:48:57.567', 'Comment on root level. I really like this idea, but needs to be improved.', 17, NULL),
(244, TIMESTAMP '2018-12-12 18:48:57.567', TIMESTAMP '2018-12-12 18:48:57.567', 'Reply 0 Lorem ipsum dolor sit amet, consectetur adipiscing elit, sed do eiusmod tempor incididunt ut ', 11, 243),
(245, TIMESTAMP '2018-12-12 18:48:57.568', TIMESTAMP '2018-12-12 18:48:57.568', 'Reply 1 Lorem ipsum dolor sit amet, consectetur adipiscing el', 8, 243),
(246, TIMESTAMP '2018-12-12 18:48:57.569', TIMESTAMP '2018-12-12 18:48:57.569', 'Reply 2 Lorem ipsum dolor sit am', 16, 243),
(247, TIMESTAMP '2018-12-12 18:48:57.569', TIMESTAMP '2018-12-12 18:48:57.569', 'Reply 3 Lorem ipsum dolor sit amet, consectetur adipiscing elit, sed do eiusmod tempor incididunt ut lab', 10, 243),
(248, TIMESTAMP '2018-12-12 18:48:57.57', TIMESTAMP '2018-12-12 18:48:57.57', 'Reply 4 Lorem ipsum dolor sit amet, cons', 19, 243),
(251, TIMESTAMP '2018-12-12 18:48:57.581', TIMESTAMP '2018-12-12 18:48:57.581', 'Comment on root level. I really like this idea, but needs to be improved.', 7, NULL),
(252, TIMESTAMP '2018-12-12 18:48:57.581', TIMESTAMP '2018-12-12 18:48:57.581', 'Reply 0 Lorem ipsum dolor sit amet, consectetur adipiscing elit, sed do eiu', 18, 251),
(253, TIMESTAMP '2018-12-12 18:48:57.582', TIMESTAMP '2018-12-12 18:48:57.582', 'Reply 1 Lorem ipsum dolor sit amet, consect', 12, 251),
(254, TIMESTAMP '2018-12-12 18:48:57.583', TIMESTAMP '2018-12-12 18:48:57.583', 'Reply 2 Lorem ipsum dolor sit amet, consectetur adipiscing el', 8, 251),
(255, TIMESTAMP '2018-12-12 18:48:57.583', TIMESTAMP '2018-12-12 18:48:57.583', 'Reply 3 Lorem ipsum dolor sit amet, consectetur adipiscing elit, sed do eiusmod tempor incididunt ut l', 11, 251),
(256, TIMESTAMP '2018-12-12 18:48:57.584', TIMESTAMP '2018-12-12 18:48:57.584', 'Reply 4 Lorem ipsum dolor sit amet, consectetur adipiscing elit, ', 11, 251),
(258, TIMESTAMP '2018-12-12 18:48:57.594', TIMESTAMP '2018-12-12 18:48:57.594', 'Comment on root level. I really like this idea, but needs to be improved.', 17, NULL),
(259, TIMESTAMP '2018-12-12 18:48:57.595', TIMESTAMP '2018-12-12 18:48:57.595', 'Reply 0 Lorem ipsum dolor sit amet, consectetur adipisc', 19, 258),
(260, TIMESTAMP '2018-12-12 18:48:57.596', TIMESTAMP '2018-12-12 18:48:57.596', 'Reply 1 Lorem ipsum dolor sit ame', 14, 258),
(261, TIMESTAMP '2018-12-12 18:48:57.596', TIMESTAMP '2018-12-12 18:48:57.596', 'Reply 2 Lorem ipsum dolor sit amet, consectetur adipiscing', 11, 258),
(262, TIMESTAMP '2018-12-12 18:48:57.597', TIMESTAMP '2018-12-12 18:48:57.597', 'Reply 3 Lorem ipsum dolor sit amet, consecte', 10, 258),
(263, TIMESTAMP '2018-12-12 18:48:57.598', TIMESTAMP '2018-12-12 18:48:57.598', 'Reply 4 Lorem ipsum dolor sit amet, consectetur', 7, 258),
(265, TIMESTAMP '2018-12-12 18:48:57.609', TIMESTAMP '2018-12-12 18:48:57.609', 'Comment on root level. I really like this idea, but needs to be improved.', 17, NULL),
(266, TIMESTAMP '2018-12-12 18:48:57.61', TIMESTAMP '2018-12-12 18:48:57.61', 'Reply 0 Lorem ipsum dolor sit amet, consectetur adipiscing elit, sed do eiusmod tempor incidi', 4, 265),
(267, TIMESTAMP '2018-12-12 18:48:57.611', TIMESTAMP '2018-12-12 18:48:57.611', 'Reply 1 Lorem ipsum dolor sit amet, consectetur adipiscing eli', 20, 265);
INSERT INTO PUBLIC.COMMENTS(ID, CREATED_AT, UPDATED_AT, COMMENT, CREATED_BY_ID, PARENT_ID) VALUES
(268, TIMESTAMP '2018-12-12 18:48:57.611', TIMESTAMP '2018-12-12 18:48:57.611', 'Reply 2 Lorem ipsum dolor sit amet, consectetur adipiscing elit, sed do eiusmod tempor', 16, 265),
(269, TIMESTAMP '2018-12-12 18:48:57.612', TIMESTAMP '2018-12-12 18:48:57.612', 'Reply 3 Lorem ipsum dolor sit amet, consectetur adipiscing elit, sed do eiusmod tempor incididunt ut ', 19, 265),
(270, TIMESTAMP '2018-12-12 18:48:57.613', TIMESTAMP '2018-12-12 18:48:57.613', 'Reply 4 Lorem ipsum dolor sit amet, consectetur adipiscing elit,', 5, 265),
(272, TIMESTAMP '2018-12-12 18:48:57.625', TIMESTAMP '2018-12-12 18:48:57.625', 'Comment on root level. I really like this idea, but needs to be improved.', 3, NULL),
(273, TIMESTAMP '2018-12-12 18:48:57.625', TIMESTAMP '2018-12-12 18:48:57.625', 'Reply 0 Lorem ipsum', 16, 272),
(274, TIMESTAMP '2018-12-12 18:48:57.626', TIMESTAMP '2018-12-12 18:48:57.626', 'Reply 1 Lorem ipsum dolor sit amet, consectetur adipiscing elit, sed do eiu', 19, 272),
(275, TIMESTAMP '2018-12-12 18:48:57.627', TIMESTAMP '2018-12-12 18:48:57.627', 'Reply 2 Lorem ipsum dolor sit amet, consectetur adipiscing elit, sed do eius', 4, 272),
(276, TIMESTAMP '2018-12-12 18:48:57.627', TIMESTAMP '2018-12-12 18:48:57.627', 'Reply 3 Lorem ipsum dolor sit amet, consectetur adipiscing elit', 8, 272),
(277, TIMESTAMP '2018-12-12 18:48:57.628', TIMESTAMP '2018-12-12 18:48:57.628', 'Reply 4 Lorem ipsum dolor sit amet, consectetur adipisc', 9, 272),
(295, TIMESTAMP '2018-12-12 18:49:02.558', TIMESTAMP '2018-12-12 18:49:02.558', 'Comment on root level. I really like this idea, but needs to be improved.', 6, NULL),
(296, TIMESTAMP '2018-12-12 18:49:02.558', TIMESTAMP '2018-12-12 18:49:02.558', 'Reply 0 Lorem ipsum', 7, 295),
(297, TIMESTAMP '2018-12-12 18:49:02.559', TIMESTAMP '2018-12-12 18:49:02.559', 'Reply 1 Lorem ipsum ', 4, 295),
(298, TIMESTAMP '2018-12-12 18:49:02.559', TIMESTAMP '2018-12-12 18:49:02.559', 'Reply 2 Lorem ipsum dolor sit amet, consectetur adipiscing elit, sed do eiusmod tempor incididunt ut lab', 16, 295),
(299, TIMESTAMP '2018-12-12 18:49:02.56', TIMESTAMP '2018-12-12 18:49:02.56', 'Reply 3 Lorem ipsum dolor sit amet, consectetur adipiscing elit, s', 15, 295),
(300, TIMESTAMP '2018-12-12 18:49:02.56', TIMESTAMP '2018-12-12 18:49:02.56', 'Reply 4 Lorem ipsum dolor sit amet, consectetur adipiscing elit, se', 17, 295),
(303, TIMESTAMP '2018-12-12 18:49:02.57', TIMESTAMP '2018-12-12 18:49:02.57', 'Comment on root level. I really like this idea, but needs to be improved.', 5, NULL),
(304, TIMESTAMP '2018-12-12 18:49:02.571', TIMESTAMP '2018-12-12 18:49:02.571', 'Reply 0 Lorem ipsum dolor sit amet, consectetur adi', 14, 303),
(305, TIMESTAMP '2018-12-12 18:49:02.572', TIMESTAMP '2018-12-12 18:49:02.572', 'Reply 1 Lorem ipsum dolor sit amet, consectetur adipiscing elit, sed d', 3, 303),
(306, TIMESTAMP '2018-12-12 18:49:02.572', TIMESTAMP '2018-12-12 18:49:02.572', 'Reply 2 Lorem ipsum dolor sit amet, c', 2, 303),
(307, TIMESTAMP '2018-12-12 18:49:02.573', TIMESTAMP '2018-12-12 18:49:02.573', 'Reply 3 Lorem ipsum dolor sit amet, consectetur adipiscing elit, sed do eiusmod tempor incididunt ut labore', 15, 303),
(308, TIMESTAMP '2018-12-12 18:49:02.573', TIMESTAMP '2018-12-12 18:49:02.573', 'Reply 4 Lorem ipsum dolor sit amet, consectetur adipiscing elit', 11, 303),
(310, TIMESTAMP '2018-12-12 18:49:02.583', TIMESTAMP '2018-12-12 18:49:02.583', 'Comment on root level. I really like this idea, but needs to be improved.', 18, NULL),
(311, TIMESTAMP '2018-12-12 18:49:02.583', TIMESTAMP '2018-12-12 18:49:02.583', 'Reply 0 Lorem ipsum dolor sit amet, consectetur adipiscing elit, sed do eiusmod tempor incidi', 3, 310),
(312, TIMESTAMP '2018-12-12 18:49:02.584', TIMESTAMP '2018-12-12 18:49:02.584', 'Reply 1 Lorem ipsum dolor sit am', 19, 310),
(313, TIMESTAMP '2018-12-12 18:49:02.585', TIMESTAMP '2018-12-12 18:49:02.585', 'Reply 2 Lorem ipsum dolor sit amet, consectetur adipiscing elit, sed do eiusmod tempor incididunt u', 5, 310),
(314, TIMESTAMP '2018-12-12 18:49:02.585', TIMESTAMP '2018-12-12 18:49:02.585', 'Reply 3 Lorem ipsum dolor si', 10, 310);
INSERT INTO PUBLIC.COMMENTS(ID, CREATED_AT, UPDATED_AT, COMMENT, CREATED_BY_ID, PARENT_ID) VALUES
(315, TIMESTAMP '2018-12-12 18:49:02.586', TIMESTAMP '2018-12-12 18:49:02.586', 'Reply 4 Lorem ipsum d', 3, 310),
(317, TIMESTAMP '2018-12-12 18:49:02.596', TIMESTAMP '2018-12-12 18:49:02.596', 'Comment on root level. I really like this idea, but needs to be improved.', 1, NULL),
(318, TIMESTAMP '2018-12-12 18:49:02.606', TIMESTAMP '2018-12-12 18:49:02.606', 'Reply 0 Lorem ipsum dolor sit amet, consectetur adipiscing el', 13, 317),
(319, TIMESTAMP '2018-12-12 18:49:02.607', TIMESTAMP '2018-12-12 18:49:02.607', 'Reply 1 Lorem ipsum dolor sit', 8, 317),
(320, TIMESTAMP '2018-12-12 18:49:02.607', TIMESTAMP '2018-12-12 18:49:02.607', 'Reply 2 Lorem ipsum dolor sit amet, consectetur adipiscing elit', 16, 317),
(321, TIMESTAMP '2018-12-12 18:49:02.608', TIMESTAMP '2018-12-12 18:49:02.608', 'Reply 3 Lorem ipsum dolor sit amet, consectetur adipiscing elit, sed do eiusmod tempor incidid', 16, 317),
(322, TIMESTAMP '2018-12-12 18:49:02.608', TIMESTAMP '2018-12-12 18:49:02.608', 'Reply 4 Lorem ipsum dolor sit amet, consectetur adipiscing elit, sed do eiusmod tempor incididunt ut', 19, 317),
(324, TIMESTAMP '2018-12-12 18:49:02.619', TIMESTAMP '2018-12-12 18:49:02.619', 'Comment on root level. I really like this idea, but needs to be improved.', 15, NULL),
(325, TIMESTAMP '2018-12-12 18:49:02.619', TIMESTAMP '2018-12-12 18:49:02.619', 'Reply 0 Lorem ipsum dolor sit amet, consectetur adipiscing elit, sed do eiusmod tempor incididun', 2, 324),
(326, TIMESTAMP '2018-12-12 18:49:02.62', TIMESTAMP '2018-12-12 18:49:02.62', 'Reply 1 Lorem ipsum dolor sit amet, consectetur adipiscing elit,', 11, 324),
(327, TIMESTAMP '2018-12-12 18:49:02.62', TIMESTAMP '2018-12-12 18:49:02.62', 'Reply 2 Lorem ipsum dolor sit amet, consectetur adipiscing elit, sed do eiusmod tempor incididunt ', 5, 324),
(328, TIMESTAMP '2018-12-12 18:49:02.621', TIMESTAMP '2018-12-12 18:49:02.621', 'Reply 3 Lorem ipsum dolor sit amet, consectetur adipiscing elit, sed do eiusmod tempor ', 17, 324),
(329, TIMESTAMP '2018-12-12 18:49:02.621', TIMESTAMP '2018-12-12 18:49:02.621', 'Reply 4 Lorem ipsum dolor sit amet, consectetur adipiscing elit, sed do eiusmod te', 8, 324);
CREATE MEMORY TABLE PUBLIC.COMMENTS_DOWN_VOTERS(
COMMENT_MODEL_ID BIGINT NOT NULL,
DOWN_VOTERS_ID BIGINT NOT NULL
);
ALTER TABLE PUBLIC.COMMENTS_DOWN_VOTERS ADD CONSTRAINT PUBLIC.CONSTRAINT_2 PRIMARY KEY(COMMENT_MODEL_ID, DOWN_VOTERS_ID);
-- 233 +/- SELECT COUNT(*) FROM PUBLIC.COMMENTS_DOWN_VOTERS;
INSERT INTO PUBLIC.COMMENTS_DOWN_VOTERS(COMMENT_MODEL_ID, DOWN_VOTERS_ID) VALUES
(207, 4),
(207, 18),
(207, 20),
(207, 10),
(207, 1),
(207, 12),
(208, 4),
(209, 11),
(209, 8),
(209, 3),
(209, 15),
(209, 12),
(210, 13),
(210, 14),
(210, 7),
(211, 8),
(212, 13),
(212, 6),
(215, 2),
(215, 17),
(216, 2),
(216, 8),
(216, 12),
(216, 5),
(217, 13),
(219, 1),
(219, 19),
(219, 9),
(220, 4),
(220, 13),
(220, 3),
(222, 17),
(222, 16),
(222, 12),
(223, 11),
(223, 9),
(224, 4),
(225, 17),
(225, 5),
(227, 13),
(227, 15),
(229, 2),
(229, 8),
(229, 14),
(229, 1),
(229, 3),
(229, 5),
(229, 9),
(230, 10),
(231, 4),
(231, 11),
(231, 12),
(232, 2),
(232, 13),
(232, 18),
(232, 20),
(232, 9),
(233, 20),
(233, 14),
(234, 2),
(234, 20),
(234, 14),
(234, 7),
(234, 16),
(236, 18),
(236, 7),
(237, 20),
(238, 17),
(238, 1),
(238, 16),
(240, 6),
(240, 8),
(240, 17),
(240, 16),
(241, 17),
(241, 1),
(243, 2),
(243, 18),
(244, 14),
(244, 16),
(244, 12),
(245, 2),
(245, 6),
(245, 18),
(245, 14),
(245, 9),
(246, 4),
(246, 15),
(246, 12),
(247, 19),
(248, 12),
(251, 17),
(251, 20),
(251, 14),
(252, 17),
(252, 14),
(252, 7),
(252, 10),
(252, 1),
(253, 2),
(253, 11),
(253, 1),
(254, 13),
(254, 7),
(255, 4),
(256, 19),
(259, 6),
(259, 20),
(260, 19),
(261, 2),
(261, 20),
(261, 19),
(261, 16),
(261, 5),
(261, 12),
(261, 9),
(262, 2),
(262, 6),
(262, 10),
(262, 12),
(263, 4),
(263, 6),
(263, 11),
(263, 14),
(263, 10),
(263, 15),
(263, 5),
(265, 2),
(266, 6),
(266, 17),
(267, 8),
(267, 17),
(267, 7),
(267, 12),
(268, 11),
(268, 3),
(269, 4),
(269, 12),
(270, 18),
(270, 7),
(270, 16),
(270, 12),
(272, 18),
(272, 19),
(272, 12),
(272, 9),
(274, 13),
(274, 16),
(275, 8),
(275, 18),
(276, 17),
(276, 1),
(276, 3),
(276, 16),
(277, 13),
(277, 17),
(277, 9),
(295, 2),
(295, 11),
(295, 5),
(296, 5),
(297, 4),
(297, 19),
(297, 9),
(298, 7),
(298, 12),
(299, 8),
(299, 14),
(299, 19),
(300, 10),
(300, 19),
(303, 14),
(304, 2),
(304, 11),
(304, 20),
(304, 7),
(304, 16),
(305, 20),
(305, 19),
(305, 15),
(306, 19),
(306, 5),
(307, 4),
(307, 8),
(307, 14),
(308, 13),
(308, 16),
(310, 7),
(311, 4),
(311, 6),
(311, 18),
(311, 17),
(312, 17),
(312, 19),
(313, 6),
(313, 18),
(313, 7),
(313, 14),
(314, 17),
(314, 14),
(314, 1),
(314, 12),
(315, 15),
(315, 16),
(315, 9),
(317, 2),
(317, 6),
(318, 4),
(318, 2),
(318, 7),
(318, 1),
(319, 16),
(320, 1),
(320, 16),
(321, 20),
(321, 1),
(322, 4),
(322, 13),
(322, 14),
(324, 4),
(324, 16),
(324, 12),
(325, 12),
(326, 18),
(326, 14),
(326, 3),
(326, 16),
(328, 20),
(328, 14),
(328, 3),
(328, 5),
(329, 14),
(329, 15);
CREATE MEMORY TABLE PUBLIC.COMMENTS_UP_VOTERS(
COMMENT_MODEL_ID BIGINT NOT NULL,
UP_VOTERS_ID BIGINT NOT NULL
);
ALTER TABLE PUBLIC.COMMENTS_UP_VOTERS ADD CONSTRAINT PUBLIC.CONSTRAINT_20 PRIMARY KEY(COMMENT_MODEL_ID, UP_VOTERS_ID);
-- 230 +/- SELECT COUNT(*) FROM PUBLIC.COMMENTS_UP_VOTERS;
INSERT INTO PUBLIC.COMMENTS_UP_VOTERS(COMMENT_MODEL_ID, UP_VOTERS_ID) VALUES
(207, 6),
(207, 17),
(207, 18),
(207, 20),
(207, 16),
(208, 6),
(208, 11),
(208, 18),
(208, 20),
(209, 8),
(209, 17),
(209, 1),
(209, 5),
(210, 7),
(210, 1),
(210, 3),
(210, 19),
(210, 5),
(210, 12),
(210, 9),
(215, 11),
(215, 15),
(215, 16),
(215, 5),
(217, 4),
(217, 13),
(217, 19),
(218, 4),
(218, 6),
(218, 11),
(218, 20),
(218, 14),
(218, 5),
(219, 18),
(219, 1),
(219, 19),
(219, 15),
(220, 2),
(220, 20),
(222, 14),
(222, 1),
(222, 19),
(223, 4),
(223, 13),
(223, 8),
(223, 17),
(223, 20),
(223, 7),
(224, 6),
(224, 3),
(224, 15),
(225, 19),
(226, 2),
(226, 8),
(226, 18),
(226, 7),
(227, 10),
(229, 2),
(229, 8),
(229, 11),
(229, 18),
(229, 3),
(229, 12),
(230, 4),
(230, 20),
(231, 5),
(232, 20),
(232, 5),
(234, 13),
(234, 7),
(236, 10),
(236, 1),
(237, 2),
(237, 11),
(237, 7),
(237, 10),
(237, 3),
(237, 12),
(238, 20),
(238, 3),
(238, 9),
(239, 3),
(239, 15),
(239, 9),
(240, 4),
(240, 8),
(240, 18),
(240, 19),
(240, 5),
(241, 4),
(241, 8),
(241, 3),
(243, 12),
(244, 18),
(244, 16),
(244, 12),
(245, 4),
(245, 13),
(245, 3),
(245, 16),
(245, 12),
(246, 1),
(247, 14),
(247, 3),
(247, 9),
(248, 11),
(248, 20),
(248, 9),
(252, 2),
(252, 18),
(252, 17),
(252, 1),
(253, 2),
(253, 11),
(253, 7),
(254, 16),
(255, 11),
(255, 1),
(256, 11),
(256, 18),
(256, 19),
(258, 4),
(258, 10),
(258, 15),
(259, 2),
(259, 6),
(259, 17),
(260, 13),
(260, 3),
(260, 15),
(261, 13),
(261, 12),
(262, 6),
(262, 11),
(262, 9),
(263, 15),
(263, 12),
(265, 10),
(265, 3),
(265, 19),
(266, 4),
(266, 16),
(267, 7),
(267, 16),
(268, 10),
(269, 19),
(270, 5),
(272, 3),
(273, 4),
(273, 18),
(274, 7),
(274, 1),
(274, 5),
(275, 4),
(275, 10),
(275, 19),
(275, 12),
(277, 2),
(277, 8),
(277, 17),
(295, 7),
(295, 9),
(296, 11),
(297, 2),
(297, 3),
(298, 13),
(298, 8),
(299, 13),
(299, 7),
(299, 14),
(300, 20),
(300, 14),
(300, 1),
(303, 8),
(304, 18),
(304, 3),
(304, 9),
(305, 8),
(306, 13),
(306, 8),
(306, 3),
(306, 16),
(306, 5),
(307, 1),
(308, 18),
(308, 20),
(310, 4),
(310, 13),
(311, 16),
(311, 9),
(312, 4),
(312, 17),
(312, 16),
(312, 15),
(312, 12),
(313, 20),
(313, 16),
(314, 6),
(314, 13),
(314, 18),
(314, 9),
(315, 18),
(317, 7),
(317, 9),
(318, 20),
(319, 6),
(319, 3),
(319, 16),
(321, 1),
(322, 8),
(322, 10),
(322, 16),
(324, 2),
(324, 1),
(325, 6),
(325, 19),
(325, 12),
(325, 5),
(326, 2),
(326, 8),
(326, 11),
(326, 17),
(326, 20),
(326, 15),
(327, 4),
(327, 14),
(327, 7),
(327, 9),
(328, 2),
(328, 3);
CREATE MEMORY TABLE PUBLIC.DELEGATIONS(
ID BIGINT NOT NULL,
CREATED_AT TIMESTAMP NOT NULL,
UPDATED_AT TIMESTAMP NOT NULL,
REQUESTED_DELEGATION_AT TIMESTAMP,
TRANSITIVE BOOLEAN NOT NULL,
AREA_ID BIGINT NOT NULL,
FROM_USER_ID BIGINT NOT NULL,
REQUESTED_DELEGATION_FROM_CHECKSUM_CHECKSUM VARCHAR(255),
TO_PROXY_ID BIGINT NOT NULL
);
ALTER TABLE PUBLIC.DELEGATIONS ADD CONSTRAINT PUBLIC.CONSTRAINT_8 PRIMARY KEY(ID);
-- 9 +/- SELECT COUNT(*) FROM PUBLIC.DELEGATIONS;
INSERT INTO PUBLIC.DELEGATIONS(ID, CREATED_AT, UPDATED_AT, REQUESTED_DELEGATION_AT, TRANSITIVE, AREA_ID, FROM_USER_ID, REQUESTED_DELEGATION_FROM_CHECKSUM_CHECKSUM, TO_PROXY_ID) VALUES
(31, TIMESTAMP '2018-12-12 18:48:52.564', TIMESTAMP '2018-12-12 18:48:52.564', NULL, TRUE, 21, 2, NULL, 1),
(32, TIMESTAMP '2018-12-12 18:48:53.098', TIMESTAMP '2018-12-12 18:48:53.098', NULL, TRUE, 21, 3, NULL, 1),
(33, TIMESTAMP '2018-12-12 18:48:53.631', TIMESTAMP '2018-12-12 18:48:53.631', NULL, TRUE, 21, 4, NULL, 1),
(34, TIMESTAMP '2018-12-12 18:48:54.012', TIMESTAMP '2018-12-12 18:48:54.012', TIMESTAMP '2018-12-12 18:48:54.012', TRUE, 21, 5, '$2a$10$1IdrGrRAN2Wp3U7QI.JIzuaW/fGb8Z2mJgsKxYwe5.NrtAFNxSQVS', 2),
(35, TIMESTAMP '2018-12-12 18:48:54.545', TIMESTAMP '2018-12-12 18:48:54.545', NULL, TRUE, 21, 6, NULL, 3),
(36, TIMESTAMP '2018-12-12 18:48:55.075', TIMESTAMP '2018-12-12 18:48:55.075', NULL, TRUE, 21, 7, NULL, 4),
(37, TIMESTAMP '2018-12-12 18:48:55.611', TIMESTAMP '2018-12-12 18:48:55.611', NULL, TRUE, 21, 10, NULL, 7),
(38, TIMESTAMP '2018-12-12 18:48:56.147', TIMESTAMP '2018-12-12 18:48:56.147', NULL, TRUE, 21, 11, NULL, 7),
(39, TIMESTAMP '2018-12-12 18:48:56.679', TIMESTAMP '2018-12-12 18:48:56.679', NULL, FALSE, 21, 12, NULL, 7);
CREATE MEMORY TABLE PUBLIC.KEY_VALUE(
ID BIGINT NOT NULL,
KEY VARCHAR(255) NOT NULL,
VALUE VARCHAR(255)
);
ALTER TABLE PUBLIC.KEY_VALUE ADD CONSTRAINT PUBLIC.CONSTRAINT_7 PRIMARY KEY(ID);
-- 0 +/- SELECT COUNT(*) FROM PUBLIC.KEY_VALUE;
CREATE MEMORY TABLE PUBLIC.LAWS(
ID BIGINT NOT NULL,
CREATED_AT TIMESTAMP NOT NULL,
UPDATED_AT TIMESTAMP NOT NULL,
DESCRIPTION VARCHAR(1000) NOT NULL,
REACHED_QUORUM_AT TIMESTAMP,
STATUS INTEGER NOT NULL,
TITLE VARCHAR(255) NOT NULL,
AREA_ID BIGINT NOT NULL,
CREATED_BY_ID BIGINT,
POLL_ID BIGINT
);
ALTER TABLE PUBLIC.LAWS ADD CONSTRAINT PUBLIC.CONSTRAINT_23 PRIMARY KEY(ID);
-- 183 +/- SELECT COUNT(*) FROM PUBLIC.LAWS;
INSERT INTO PUBLIC.LAWS(ID, CREATED_AT, UPDATED_AT, DESCRIPTION, REACHED_QUORUM_AT, STATUS, TITLE, AREA_ID, CREATED_BY_ID, POLL_ID) VALUES
(40, TIMESTAMP '2018-12-11 18:48:56.694', TIMESTAMP '2018-12-12 18:48:56.694', 'xZFkn7p5 Lorem ipsum dolor sit amet, consectetur adipiscing elit, sed do eiusmod tempor incididunt ut labore et dolore magna aliqua. Ut enim ad minim veniam, quis nostrud exercitation ullamco laboris nisi ut aliquip ex ea commodo consequat. Duis aute irure dolor in reprehenderit in volupta', NULL, 0, 'Idea 0 that suggest that we definitely need a longer title for ideas', 21, 3, NULL),
(41, TIMESTAMP '2018-12-10 18:48:56.698', TIMESTAMP '2018-12-11 18:48:56.698', 'uvgS57EL Lorem ipsum dolor sit amet, consectetur adipiscing elit, sed do eiusmod tempor incididunt ut labore et dolore magna', NULL, 0, 'Idea 1 that suggest that we definitely need a longer title for ideas', 22, 3, NULL),
(42, TIMESTAMP '2018-12-09 18:48:56.705', TIMESTAMP '2018-12-10 18:48:56.705', 'NPJhLzj6 Lorem ipsum dolor sit amet, consectetur adipiscing elit, sed do eiusmod tempor incididunt ut labore et dolore magna aliqua. Ut enim ad minim veniam, quis nostrud exercitation ullamco laboris nisi ut aliq', NULL, 0, 'Idea 2 that suggest that we definitely need a longer title for ideas', 23, 5, NULL),
(43, TIMESTAMP '2018-12-08 18:48:56.708', TIMESTAMP '2018-12-09 18:48:56.708', 'dtopToEI Lorem ipsum dolor sit amet, consectetur adipiscing elit, sed do eiusmod tempor incididunt ', NULL, 0, 'Idea 3 that suggest that we definitely need a longer title for ideas', 24, 18, NULL),
(44, TIMESTAMP '2018-12-07 18:48:56.712', TIMESTAMP '2018-12-08 18:48:56.712', '1wO0oF1Z Lorem ipsum dolor sit amet, consectetur adipiscing elit, sed do ', NULL, 0, 'Idea 4 that suggest that we definitely need a longer title for ideas', 25, 9, NULL),
(45, TIMESTAMP '2018-12-06 18:48:56.715', TIMESTAMP '2018-12-07 18:48:56.716', '49oGSPho Lorem ipsum dolor sit amet, consectetur adipiscing elit, sed do eiusmod tempor incididunt ut labo', NULL, 0, 'Idea 5 that suggest that we definitely need a longer title for ideas', 26, 18, NULL),
(46, TIMESTAMP '2018-12-05 18:48:56.72', TIMESTAMP '2018-12-06 18:48:56.72', 'NFQlJHsf Lorem ipsum dolor sit amet, consectetur adipiscing elit, sed do eiusmod tempor incididunt ut labore et dolore magna aliqua. Ut enim ad minim veniam, q', NULL, 0, 'Idea 6 that suggest that we definitely need a longer title for ideas', 27, 10, NULL),
(47, TIMESTAMP '2018-12-04 18:48:56.724', TIMESTAMP '2018-12-05 18:48:56.724', 'n8nwGpeU Lorem ipsum dolor sit amet, consectetur adipiscing elit, sed do eiusmod tempor incididunt ut labore et dolore magna aliqua. Ut enim ad minim veniam, quis nostrud exercitation u', NULL, 0, 'Idea 7 that suggest that we definitely need a longer title for ideas', 28, 10, NULL),
(48, TIMESTAMP '2018-12-03 18:48:56.728', TIMESTAMP '2018-12-04 18:48:56.728', 'zDxv2ZTZ Lorem ipsum dolor sit amet, consectetur adipiscing elit, sed do eiusmod tempor ', NULL, 0, 'Idea 8 that suggest that we definitely need a longer title for ideas', 29, 5, NULL),
(49, TIMESTAMP '2018-12-02 18:48:56.731', TIMESTAMP '2018-12-03 18:48:56.731', 'QXDMCx8j Lorem ipsum dolor sit amet, consectetur adipiscing elit, sed do eiusmod tempor incididunt ut labore et dolore magna aliqua. Ut enim ad minim veniam, quis nostrud exercitation ullamco laboris nisi ut aliquip ex ea commodo consequat. Duis aute irure dolor ', NULL, 0, 'Idea 9 that suggest that we definitely need a longer title for ideas', 30, 5, NULL),
(50, TIMESTAMP '2018-12-01 18:48:56.736', TIMESTAMP '2018-12-02 18:48:56.736', 'xQrWh96e Lorem ipsum dolor sit amet, consectetur adipiscing ', NULL, 0, 'Idea 10 that suggest that we definitely need a longer title for ideas', 21, 11, NULL),
(51, TIMESTAMP '2018-11-30 18:48:56.739', TIMESTAMP '2018-12-01 18:48:56.739', '22JSFB4Y Lorem ipsum dolor sit amet, consectetur adipiscing elit, sed do eiusmod tempor incididunt ut labore et dolore magna aliqua. Ut enim ad minim veniam, quis nostrud exercitation ullamco laboris nisi ut aliquip ex ea commodo consequat. Duis aute irure dolor in reprehenderit in voluptate velit esse cillum dolore eu f', NULL, 0, 'Idea 11 that suggest that we definitely need a longer title for ideas', 22, 9, NULL);
INSERT INTO PUBLIC.LAWS(ID, CREATED_AT, UPDATED_AT, DESCRIPTION, REACHED_QUORUM_AT, STATUS, TITLE, AREA_ID, CREATED_BY_ID, POLL_ID) VALUES
(52, TIMESTAMP '2018-11-29 18:48:56.743', TIMESTAMP '2018-11-30 18:48:56.743', 'cmtjxHX4 Lor', NULL, 0, 'Idea 12 that suggest that we definitely need a longer title for ideas', 23, 14, NULL),
(53, TIMESTAMP '2018-11-28 18:48:56.746', TIMESTAMP '2018-11-29 18:48:56.746', 'I87h8EfO Lorem ipsum dolor sit amet, consectetur adipiscing elit, sed do eiusmod tempor incididunt ut labore et dolore magna aliqua. Ut enim ad minim veniam, quis nostrud exercitation ullamco laboris nisi ut aliquip ex ea commodo consequat. Duis aute irure dolor in reprehenderit in voluptate velit esse cillum dolore eu fug', NULL, 0, 'Idea 13 that suggest that we definitely need a longer title for ideas', 24, 14, NULL),
(54, TIMESTAMP '2018-11-27 18:48:56.751', TIMESTAMP '2018-11-28 18:48:56.751', 'ArUf9oo7 Lorem ipsum dolor sit amet, consectetur adipiscing elit, sed do eiusmod tempor incididunt ut labore et dolore magna aliqua. Ut enim ad minim veniam, quis nostrud exercitation ullamco laboris nisi ut aliquip ex ea commodo consequat. Duis aute irure dolor in reprehenderit in voluptate velit esse cillum dolore eu fugiat nulla pa', NULL, 0, 'Idea 14 that suggest that we definitely need a longer title for ideas', 25, 12, NULL),
(55, TIMESTAMP '2018-11-26 18:48:56.753', TIMESTAMP '2018-11-27 18:48:56.754', 'wCydky1F Lorem ipsum dolor sit amet, consectetur adipiscing elit, sed do eiusmod tempor incididunt ut labore et dolore magna aliqua. Ut enim ad minim veniam, quis nostrud exercitation ullamco laboris nisi ut aliquip ex ea commodo consequat. Duis aute irure dolor i', NULL, 0, 'Idea 15 that suggest that we definitely need a longer title for ideas', 26, 16, NULL),
(56, TIMESTAMP '2018-11-25 18:48:56.757', TIMESTAMP '2018-11-26 18:48:56.757', 'X4UYAOpP Lorem ipsum dolor sit amet, consectetur adipiscing elit, sed do eiusmod tempor inci', NULL, 0, 'Idea 16 that suggest that we definitely need a longer title for ideas', 27, 11, NULL),
(57, TIMESTAMP '2018-11-24 18:48:56.76', TIMESTAMP '2018-11-25 18:48:56.76', '6y8oc5CF Lorem ipsum dolor sit amet, consectetur adipiscing elit, sed do eiusmod tempor incididunt ut labore et dolore magna aliqua. Ut enim ad minim veniam, quis nostrud exercitation ullamco laboris nisi ut aliquip ex ea commodo consequat. Duis aute irure dolor in reprehenderit in voluptate velit esse cillum dolore eu fugiat nulla pariatur. Excepteur sint occaecat cupidatat non proident, sunt in c', NULL, 0, 'Idea 17 that suggest that we definitely need a longer title for ideas', 28, 20, NULL),
(58, TIMESTAMP '2018-11-23 18:48:56.765', TIMESTAMP '2018-11-24 18:48:56.765', 'qnvkfDs2 Lorem ipsum dolor sit amet, consectetur adipiscing elit, sed do eiusmod tempor incididunt ut labore et dolore magna aliqua. Ut enim ad minim veniam, quis nostrud exercitation ullamco laboris nisi ut aliquip ex ea commodo consequat. Duis aute irure dolor in repre', NULL, 0, 'Idea 18 that suggest that we definitely need a longer title for ideas', 29, 2, NULL),
(59, TIMESTAMP '2018-11-22 18:48:56.768', TIMESTAMP '2018-11-23 18:48:56.768', 'uZQmCS5c Lorem ipsum dolor sit amet, consectetur adipiscing elit, sed do eiusmod tempor incididunt ut labore et ', NULL, 0, 'Idea 19 that suggest that we definitely need a longer title for ideas', 30, 3, NULL),
(60, TIMESTAMP '2018-11-21 18:48:56.773', TIMESTAMP '2018-11-22 18:48:56.773', '42fdNWBr Lorem ipsum dolor sit amet, consectetur adipiscing elit, sed do eiusmod tempor incididunt ut labore et dolore magna aliqua. Ut enim ad minim veniam, quis nostrud exercitation ullamco laboris nisi ut aliquip ex ea commodo consequat. Duis aute irure dolor in reprehenderit in voluptate velit esse cillum dolore eu fugiat nulla pariat', NULL, 0, 'Idea 20 that suggest that we definitely need a longer title for ideas', 21, 6, NULL),
(61, TIMESTAMP '2018-11-20 18:48:56.776', TIMESTAMP '2018-11-21 18:48:56.776', 'ScorERDF Lorem ipsum dolor sit amet, consectetur adipiscing elit, sed do eiusmod tempor incididunt ut labore et dolore magna aliqua. Ut enim ad minim veniam, quis nostrud exercitation ullamco laboris nisi ut aliquip ex ea commodo consequat. Duis aute irur', NULL, 0, 'Idea 21 that suggest that we definitely need a longer title for ideas', 22, 11, NULL);
INSERT INTO PUBLIC.LAWS(ID, CREATED_AT, UPDATED_AT, DESCRIPTION, REACHED_QUORUM_AT, STATUS, TITLE, AREA_ID, CREATED_BY_ID, POLL_ID) VALUES
(62, TIMESTAMP '2018-11-19 18:48:56.779', TIMESTAMP '2018-11-20 18:48:56.779', 'K1oXnIXO Lorem ipsum dolor sit amet, consectetur adipiscing elit, sed do eiusmod tempor incididunt ut labore et dolore magna aliqua. Ut enim ad minim veniam, quis nostrud exercitation ullamco laboris nisi ut aliqu', NULL, 0, 'Idea 22 that suggest that we definitely need a longer title for ideas', 23, 20, NULL),
(63, TIMESTAMP '2018-11-18 18:48:56.783', TIMESTAMP '2018-11-19 18:48:56.783', 'yyeQ4thf Lorem ipsum dolor sit amet, consectetur adipiscing elit, sed do eiusmod tempor incididunt ut labore et dolore magna aliqua. Ut enim ad minim veniam, quis nostrud exercitation ullamco laboris nisi ut aliquip ex ea commodo consequat. Duis aute irure dolor in reprehenderit in voluptate', NULL, 0, 'Idea 23 that suggest that we definitely need a longer title for ideas', 24, 3, NULL),
(64, TIMESTAMP '2018-11-17 18:48:56.787', TIMESTAMP '2018-11-18 18:48:56.787', 'ST0kwcjg Lorem ipsum dolor sit amet, consectetur adipiscing elit, sed do eiusmod tempor incididunt ut labore et dolore magna aliqua. Ut enim ad minim veniam, quis nostrud exercitation ullamco laboris nisi ut aliquip ex ea commodo consequat. Duis aute irure dolor in reprehenderit in voluptate velit esse cillum dolore eu fugiat nulla pariatur. Excepteur sint occaecat cupidatat ', NULL, 0, 'Idea 24 that suggest that we definitely need a longer title for ideas', 25, 6, NULL),
(65, TIMESTAMP '2018-11-16 18:48:56.789', TIMESTAMP '2018-11-17 18:48:56.789', 'RD7doFde Lorem ipsum dolor sit amet, consectetur adipiscing elit, sed do eiusm', NULL, 0, 'Idea 25 that suggest that we definitely need a longer title for ideas', 26, 17, NULL),
(66, TIMESTAMP '2018-11-15 18:48:56.791', TIMESTAMP '2018-11-16 18:48:56.791', 'N81jlhrl Lorem ipsum dolor sit amet, consectetur adipiscing elit, sed do eiusmod tempor incididunt ut labore et dolore magna aliqua. Ut enim ad minim veniam, quis nostrud exercitation ullamco laboris nisi ut aliquip ex ea commodo consequat. Duis aute irure dolor in reprehenderit in voluptate velit esse cillum dolore eu fugiat nulla pariatur. Excepteur sint o', NULL, 0, 'Idea 26 that suggest that we definitely need a longer title for ideas', 27, 1, NULL),
(67, TIMESTAMP '2018-11-14 18:48:56.794', TIMESTAMP '2018-11-15 18:48:56.794', 'eAbjSGjX Lorem ipsum dolor sit amet, consectetur adipiscing elit, sed do eiusmod tempor incididunt ut labore et dolore magna aliqua. Ut enim ad minim veniam, quis nostrud exercitation ullamco laboris nisi ut aliquip ex ea commodo consequat. Duis aute irure dolor in reprehenderit in voluptate velit esse cillum dolore eu fugiat nulla pariatur. Excepteur sint occaecat cupidat', NULL, 0, 'Idea 27 that suggest that we definitely need a longer title for ideas', 28, 17, NULL),
(68, TIMESTAMP '2018-11-13 18:48:56.797', TIMESTAMP '2018-11-14 18:48:56.797', 'Rr7vapLy Lorem ipsum dolor sit amet, consectetur adipiscing elit, sed do eiusmod tempor incididunt ut labore et dolore magna aliqua. Ut enim ad minim veniam, quis nostrud exercitation ullamco laboris nisi ut aliquip ex ea commodo consequat. Duis aute irure dolor in reprehenderit in voluptate velit esse cillum dolore eu fugiat nulla pariat', NULL, 0, 'Idea 28 that suggest that we definitely need a longer title for ideas', 29, 13, NULL),
(69, TIMESTAMP '2018-11-12 18:48:56.8', TIMESTAMP '2018-11-13 18:48:56.8', 'ERKrtCVC Lorem ipsum dolor sit amet, consectetur adipiscing elit, sed do eiusmod tempor incididunt ut labore et dolore magna aliqua. Ut enim ad minim veniam, quis nostrud exercitation ullamco laboris nisi ut aliquip ex ea commodo cons', NULL, 0, 'Idea 29 that suggest that we definitely need a longer title for ideas', 30, 20, NULL),
(70, TIMESTAMP '2018-11-11 18:48:56.803', TIMESTAMP '2018-11-12 18:48:56.803', '8RfYeSnQ Lorem ipsum dolor sit amet, consectetur adipiscing elit, sed do eiusmod tempor incididunt ut labore et dolore magna aliqua. ', NULL, 0, 'Idea 30 that suggest that we definitely need a longer title for ideas', 21, 15, NULL);
INSERT INTO PUBLIC.LAWS(ID, CREATED_AT, UPDATED_AT, DESCRIPTION, REACHED_QUORUM_AT, STATUS, TITLE, AREA_ID, CREATED_BY_ID, POLL_ID) VALUES
(71, TIMESTAMP '2018-11-10 18:48:56.807', TIMESTAMP '2018-11-11 18:48:56.807', 'UOuKRtWb Lorem ipsum dolor sit amet, consectetur adipiscing elit, sed do eiusmod tempor incididunt ut labore et dolore magna aliqua. Ut enim ad minim veniam, quis nostrud exercitation ullamco laboris nis', NULL, 0, 'Idea 31 that suggest that we definitely need a longer title for ideas', 22, 15, NULL),
(72, TIMESTAMP '2018-11-09 18:48:56.809', TIMESTAMP '2018-11-10 18:48:56.809', 'e2edj0uR Lorem ipsum dolor sit amet, consectetur adipiscing elit, sed do eiusmod tempor incididunt ut labore et dolore magna aliqua. Ut enim ad minim veniam, quis nostrud exercitation ullamco laboris nisi ut aliquip ex ea commodo consequat. Duis aute irure dolor in reprehenderit in v', NULL, 0, 'Idea 32 that suggest that we definitely need a longer title for ideas', 23, 6, NULL),
(73, TIMESTAMP '2018-11-08 18:48:56.813', TIMESTAMP '2018-11-09 18:48:56.813', 'tzLNoBSc Lorem ipsum dolor sit amet, consectetur adipiscing elit, sed do eiusmod tempor incididunt ut labore et dolore magna aliqua. Ut enim ad minim veniam, quis nostrud exercitation ullamco laboris nisi ut aliquip ex ea commodo consequat. Duis aute irure dolor in reprehenderit in voluptate velit esse cillum dolore eu fugiat nulla pariatur. Excepteur sint occaecat cupidatat non proident', NULL, 0, 'Idea 33 that suggest that we definitely need a longer title for ideas', 24, 19, NULL),
(74, TIMESTAMP '2018-11-07 18:48:56.818', TIMESTAMP '2018-11-08 18:48:56.818', 'pBYu20jx Lorem ipsum dolor sit amet, consectetur adipiscing elit, sed do eiusmod tempor incididunt ut labore et dolore magna aliqua. Ut enim ad minim veniam, quis nostrud exercitation ullamco laboris nisi ut aliquip ex ea commodo consequat. Duis aute irure dolor in reprehenderit in vo', NULL, 0, 'Idea 34 that suggest that we definitely need a longer title for ideas', 25, 6, NULL),
(75, TIMESTAMP '2018-11-06 18:48:56.821', TIMESTAMP '2018-11-07 18:48:56.821', 'mjPO4vht Lorem ipsum dolor sit amet, consectetur adipiscing elit, sed do eiusmod tempor incididunt ut labore et dolore magna aliqua. Ut enim ad minim veniam, quis nostrud exercitation ullamco laboris nisi ut aliquip ex ea commodo consequat. Duis aute irure dolor in reprehenderit in voluptate velit esse cillum dolore eu fugiat nulla pariatur. Excepteur sint occaecat cupidatat non proident', NULL, 0, 'Idea 35 that suggest that we definitely need a longer title for ideas', 26, 11, NULL),
(76, TIMESTAMP '2018-11-05 18:48:56.826', TIMESTAMP '2018-11-06 18:48:56.826', 'oFqUcETm Lorem ipsum dolor sit amet, consectetur adipiscing elit, sed do eiusmod tempor i', NULL, 0, 'Idea 36 that suggest that we definitely need a longer title for ideas', 27, 17, NULL),
(77, TIMESTAMP '2018-11-04 18:48:56.83', TIMESTAMP '2018-11-05 18:48:56.83', 'DV0W3A2g Lorem ipsum dolor sit amet, consectetur adipiscing elit, sed do eiusmod tempor incididunt ut labore et dolore magna aliqua. Ut enim ad minim veniam, quis nostrud exercitation ullamco lab', NULL, 0, 'Idea 37 that suggest that we definitely need a longer title for ideas', 28, 12, NULL),
(78, TIMESTAMP '2018-11-03 18:48:56.835', TIMESTAMP '2018-11-04 18:48:56.835', 'j9XN2EGN Lorem ipsum dolor sit amet, consectetur adipiscing elit, sed do eiusmod tempor incididunt ut labore et dolore magna aliqua. Ut enim ad minim veniam, quis nostrud exercitation ullamco laboris nisi ut aliquip ex ea commodo consequat. Duis aute irure dolor in reprehenderit in voluptate velit esse cil', NULL, 0, 'Idea 38 that suggest that we definitely need a longer title for ideas', 29, 9, NULL),
(79, TIMESTAMP '2018-11-02 18:48:56.838', TIMESTAMP '2018-11-03 18:48:56.839', 'Qe14tNZR Lorem ipsum dolor sit amet, consectetur adipiscing elit, sed do eiusmod tempor incididunt ut labore et dolore magna aliqua. Ut enim ad minim veniam, quis nostrud exercitation ullamco laboris nisi ut aliquip ex ea commodo conse', NULL, 0, 'Idea 39 that suggest that we definitely need a longer title for ideas', 30, 20, NULL);
INSERT INTO PUBLIC.LAWS(ID, CREATED_AT, UPDATED_AT, DESCRIPTION, REACHED_QUORUM_AT, STATUS, TITLE, AREA_ID, CREATED_BY_ID, POLL_ID) VALUES
(80, TIMESTAMP '2018-11-01 18:48:56.841', TIMESTAMP '2018-11-02 18:48:56.841', 'jWPES9qr Lorem ipsum dolor sit amet, consectetur ad', NULL, 0, 'Idea 40 that suggest that we definitely need a longer title for ideas', 21, 20, NULL),
(81, TIMESTAMP '2018-10-31 18:48:56.845', TIMESTAMP '2018-11-01 18:48:56.845', 'zUWV3drY Lorem ipsum dolor sit amet, consectetur adipiscing elit, sed do eiusmod tempor incididunt ut labore et dolore magna aliqua. Ut enim ad minim veniam, quis nostrud exercitation ullamco laboris nisi ut aliquip ex ea commodo consequat. Du', NULL, 0, 'Idea 41 that suggest that we definitely need a longer title for ideas', 22, 2, NULL),
(82, TIMESTAMP '2018-10-30 18:48:56.849', TIMESTAMP '2018-10-31 18:48:56.85', '6mvs3Tqs Lorem ipsum dolor sit amet, consectetur adipiscing ', NULL, 0, 'Idea 42 that suggest that we definitely need a longer title for ideas', 23, 7, NULL),
(83, TIMESTAMP '2018-10-29 18:48:56.854', TIMESTAMP '2018-10-30 18:48:56.854', 'CNHCiow3 Lorem ipsum dolor sit amet, consectetur adipiscing elit, sed do eiusmod tempor incididunt ut labore et dolore magna aliqua. Ut enim ad minim veniam, quis nostrud exercitation ullamco laboris nisi ut aliquip ex ea commodo consequat. Duis aute irure dolor in reprehenderit in voluptate velit esse cillum dolor', NULL, 0, 'Idea 43 that suggest that we definitely need a longer title for ideas', 24, 9, NULL),
(84, TIMESTAMP '2018-10-28 18:48:56.858', TIMESTAMP '2018-10-29 18:48:56.858', 'ql0V74Fq Lorem ipsum dolor sit amet, consectetur adipiscing elit, sed do eiusmod tempor incididunt ut labore et dolore magna aliqua. Ut enim', NULL, 0, 'Idea 44 that suggest that we definitely need a longer title for ideas', 25, 14, NULL),
(85, TIMESTAMP '2018-10-27 18:48:56.861', TIMESTAMP '2018-10-28 18:48:56.861', 'XjCzY2qT Lorem ipsum dolor sit amet, consectetur adipiscing elit, sed do eiusmod tempor incididunt ut labore et dolore magna aliqua. Ut enim ad minim veniam, quis nostrud exercitation ullamco laboris nisi ut aliquip ex ea commodo consequat. Duis aute irure dolor in reprehenderit in vol', NULL, 0, 'Idea 45 that suggest that we definitely need a longer title for ideas', 26, 18, NULL),
(86, TIMESTAMP '2018-10-26 18:48:56.865', TIMESTAMP '2018-10-27 18:48:56.865', 'rqtu0oNq Lorem ipsum dolor sit amet, consectetur adipiscing elit, sed do eiusmod tempor incididunt ut labore et dolore magna aliqua. Ut enim ad minim veniam, quis nostrud exercitation ullamco laboris nisi ut aliquip ex ea commodo consequat. Duis aute irure dolor in ', NULL, 0, 'Idea 46 that suggest that we definitely need a longer title for ideas', 27, 2, NULL),
(87, TIMESTAMP '2018-10-25 18:48:56.87', TIMESTAMP '2018-10-26 18:48:56.87', 'WjJiFtcr Lorem ipsum dolor sit amet, consectetur adip', NULL, 0, 'Idea 47 that suggest that we definitely need a longer title for ideas', 28, 6, NULL),
(88, TIMESTAMP '2018-10-24 18:48:56.875', TIMESTAMP '2018-10-25 18:48:56.875', 'wSzamsGn Lorem ipsum dolor sit amet, consectetur adipiscing elit, sed do eiusmod tempor incididunt ut labore et dolore magna aliqua. Ut enim ad minim veniam, quis nostrud exercitation ullamco laboris nisi ut aliquip ex ea commodo consequat. Duis aute irure dolor in reprehenderit in voluptate velit ess', NULL, 0, 'Idea 48 that suggest that we definitely need a longer title for ideas', 29, 2, NULL),
(89, TIMESTAMP '2018-10-23 18:48:56.878', TIMESTAMP '2018-10-24 18:48:56.878', 'tu4cPHpz Lorem ipsum dolor sit amet, consectetur adipiscing elit, sed do eiusmod tempor incididunt ut labore et dolore magna aliqua. Ut enim ad minim veniam, quis nostrud exercitation ullamco laboris nisi ut aliquip ex ea commodo consequat. Duis aute irure dolor in reprehenderit in voluptate velit esse cillum dolore eu fugiat nulla ', NULL, 0, 'Idea 49 that suggest that we definitely need a longer title for ideas', 30, 17, NULL),
(90, TIMESTAMP '2018-10-22 18:48:56.881', TIMESTAMP '2018-10-23 18:48:56.881', 'l2PmqIwq Lorem ipsum dolor sit', NULL, 0, 'Idea 50 that suggest that we definitely need a longer title for ideas', 21, 13, NULL);
INSERT INTO PUBLIC.LAWS(ID, CREATED_AT, UPDATED_AT, DESCRIPTION, REACHED_QUORUM_AT, STATUS, TITLE, AREA_ID, CREATED_BY_ID, POLL_ID) VALUES
(91, TIMESTAMP '2018-10-21 18:48:56.886', TIMESTAMP '2018-10-22 18:48:56.886', '1RRgDciZ Lorem ipsum dolor sit amet, consectetur adipiscing elit, sed do eiusmod tempor incididunt ut labore et dolore magna aliqua. Ut enim ad minim veniam, quis nostrud exercitation ullamco laboris nisi ut aliquip ex ea commodo consequat. Duis aute irure dolor in reprehenderit in voluptate velit esse cillum dolore eu fugiat nulla pariatur. Exc', NULL, 0, 'Idea 51 that suggest that we definitely need a longer title for ideas', 22, 9, NULL),
(92, TIMESTAMP '2018-10-20 18:48:56.891', TIMESTAMP '2018-10-21 18:48:56.891', 'xPcAU8wJ Lorem ipsum dolor sit amet, consectetur adipiscing elit, sed do eiusmod tempor incididunt ut labore et dolore magna aliqua. Ut enim ad minim veniam, quis nostrud exercitation ullamco laboris nisi ut aliquip ex ea commodo consequat. Duis aute irure dolor in reprehenderit in voluptate velit esse cillum dolor', NULL, 0, 'Idea 52 that suggest that we definitely need a longer title for ideas', 23, 5, NULL),
(93, TIMESTAMP '2018-10-19 18:48:56.894', TIMESTAMP '2018-10-20 18:48:56.894', '9g2hXHWS Lorem ipsum dolor sit ', NULL, 0, 'Idea 53 that suggest that we definitely need a longer title for ideas', 24, 8, NULL),
(94, TIMESTAMP '2018-10-18 18:48:56.896', TIMESTAMP '2018-10-19 18:48:56.896', '4kYGaVGQ Lorem ipsum dolor sit amet, consectetur adipiscing elit, sed do eiusmod tempor incididunt ut labore et dolore magna aliqua. Ut enim ad minim veniam, quis nostrud exercitation ullamco laboris nisi ut aliquip ex ea commodo consequat. Duis aute irure dolor in reprehenderit in voluptate velit esse cillum dolore eu fugiat nulla pariatur. Excepteur sint occaecat cupidatat non pro', NULL, 0, 'Idea 54 that suggest that we definitely need a longer title for ideas', 25, 15, NULL),
(95, TIMESTAMP '2018-10-17 18:48:56.9', TIMESTAMP '2018-10-18 18:48:56.9', 'k77MXqA0 Lorem ipsum dolor sit amet, consectetur adipiscing elit, sed do eiusmod tempor incididunt ut labore et dolore magna aliqua. Ut enim ad minim veniam, quis nostrud ', NULL, 0, 'Idea 55 that suggest that we definitely need a longer title for ideas', 26, 17, NULL),
(96, TIMESTAMP '2018-10-16 18:48:56.903', TIMESTAMP '2018-10-17 18:48:56.903', 'PUu1JQOe Lorem ipsum dolor sit amet, consectetur adipiscing elit, sed do eiusmod tempor incididunt ut labore et dolore magna aliqua. Ut enim ad minim veniam, quis nostrud exercitation ullamco laboris nisi ut aliquip ex ea commodo consequat. Duis aute irure ', NULL, 0, 'Idea 56 that suggest that we definitely need a longer title for ideas', 27, 1, NULL),
(97, TIMESTAMP '2018-10-15 18:48:56.909', TIMESTAMP '2018-10-16 18:48:56.909', '8ofvn1rw Lorem ipsum dolor sit amet, consectetur adipiscing elit, sed ', NULL, 0, 'Idea 57 that suggest that we definitely need a longer title for ideas', 28, 17, NULL),
(98, TIMESTAMP '2018-10-14 18:48:56.912', TIMESTAMP '2018-10-15 18:48:56.912', 'RWO4drJK Lorem ipsum dolor sit amet, consectetur adipiscing elit, sed do eiusmod tempor incididunt ut labore et dolore magna aliqua. Ut enim ad minim veniam, quis nostrud exercitation ullamco laboris nisi ut aliquip ex ea commodo consequat. Duis aute irure dolor in reprehenderit in voluptate v', NULL, 0, 'Idea 58 that suggest that we definitely need a longer title for ideas', 29, 12, NULL),
(99, TIMESTAMP '2018-10-13 18:48:56.915', TIMESTAMP '2018-10-14 18:48:56.915', 'yhn9kB7G Lorem ipsum dolor sit amet, consectetur adipiscing elit, sed do eiusmod tempor incididunt ut labore et dolore ', NULL, 0, 'Idea 59 that suggest that we definitely need a longer title for ideas', 30, 3, NULL),
(100, TIMESTAMP '2018-10-12 18:48:56.918', TIMESTAMP '2018-10-13 18:48:56.918', 'auveWP97 Lorem ipsum do', NULL, 0, 'Idea 60 that suggest that we definitely need a longer title for ideas', 21, 7, NULL),
(101, TIMESTAMP '2018-10-11 18:48:56.922', TIMESTAMP '2018-10-12 18:48:56.922', 'mphKp1jk Lorem ipsum dolor sit amet, consectetur adipiscing elit, sed do eiusmod tempor incididunt ut labore et dolore magna aliqua. Ut enim ad minim veniam, quis nostrud exercitation ullamco laboris nisi ut aliquip ex ea commodo conse', NULL, 0, 'Idea 61 that suggest that we definitely need a longer title for ideas', 22, 10, NULL);
INSERT INTO PUBLIC.LAWS(ID, CREATED_AT, UPDATED_AT, DESCRIPTION, REACHED_QUORUM_AT, STATUS, TITLE, AREA_ID, CREATED_BY_ID, POLL_ID) VALUES
(102, TIMESTAMP '2018-10-10 18:48:56.926', TIMESTAMP '2018-10-11 18:48:56.926', '2b59iPtK Lorem ipsum dolor sit amet, consectetur adipiscing elit, sed do eiusmod tempor incididunt ut labore et dolore ', NULL, 0, 'Idea 62 that suggest that we definitely need a longer title for ideas', 23, 6, NULL),
(103, TIMESTAMP '2018-10-09 18:48:56.928', TIMESTAMP '2018-10-10 18:48:56.928', 'Wao9XBqV Lorem ipsum dolor sit amet, consectetur adipiscing elit, sed do eiusmod tempor incididunt ut labore et dolore magna aliqua. Ut enim ad minim veniam, quis nostrud exercitation ullamco laboris nisi ut aliquip ex ea commodo consequat. Duis aute irure dolor in reprehen', NULL, 0, 'Idea 63 that suggest that we definitely need a longer title for ideas', 24, 1, NULL),
(104, TIMESTAMP '2018-10-08 18:48:56.929', TIMESTAMP '2018-10-09 18:48:56.929', 'aIarL86Q Lorem ipsum dolor sit amet, consectetur adipiscing elit, sed do eiusmod tempor incididunt ut labore et dolore magna aliqua. Ut enim ad minim veniam, quis nostrud exercitation ullamco laboris nisi ut aliquip ex ea commodo consequat. Duis aute irure dolor in rep', NULL, 0, 'Idea 64 that suggest that we definitely need a longer title for ideas', 25, 17, NULL),
(105, TIMESTAMP '2018-10-07 18:48:56.93', TIMESTAMP '2018-10-08 18:48:56.93', 'WsE3efzk Lorem ipsum dolor sit amet, consectetur adipiscing elit, sed do eiusmod tempor incididunt ut labore et dolore magna aliqua. Ut enim ad minim veniam, quis nostrud exercitation ullamco laboris nisi ut aliquip ex ea commodo consequat. Duis aute irure dolor in reprehenderit in', NULL, 0, 'Idea 65 that suggest that we definitely need a longer title for ideas', 26, 8, NULL),
(106, TIMESTAMP '2018-10-06 18:48:56.933', TIMESTAMP '2018-10-07 18:48:56.934', '0ECL0u2N Lorem ipsum dolor sit amet, consectetur adipiscing elit, sed do eiusmod tempor incididunt ut labore et dolore magna aliqua. Ut enim ad minim veniam, quis nostrud exercitation ullamco laboris nisi ut aliquip ex ea commodo consequat. Duis aute irure dolor in reprehenderit in voluptate velit esse cillum dolore eu fugiat nulla pariatur. Excepteur sint occaecat c', NULL, 0, 'Idea 66 that suggest that we definitely need a longer title for ideas', 27, 20, NULL),
(107, TIMESTAMP '2018-10-05 18:48:56.936', TIMESTAMP '2018-10-06 18:48:56.937', 't7Nlb3My Lorem ipsum dolor sit amet, consectetur adipiscing elit, sed', NULL, 0, 'Idea 67 that suggest that we definitely need a longer title for ideas', 28, 20, NULL),
(108, TIMESTAMP '2018-10-04 18:48:56.94', TIMESTAMP '2018-10-05 18:48:56.94', 'wG5MsqVo Lorem ipsum dolor sit amet, consectetur adipiscing elit, sed do eiusmod tempor incididunt ut labore et dolore magna aliqua. Ut enim ad minim veniam, quis nostrud exercitation ullamco l', NULL, 0, 'Idea 68 that suggest that we definitely need a longer title for ideas', 29, 3, NULL),
(109, TIMESTAMP '2018-10-03 18:48:56.944', TIMESTAMP '2018-10-04 18:48:56.944', 'CsdQdCl1 Lorem ipsum dolor sit amet, consectetur adipiscing elit, sed do eiusmod tempor incididunt ut labore et dolore magna aliqua. Ut enim ad minim veniam, quis nostrud exercitation ullamco laboris nisi ut aliquip ex ea commodo consequat. Duis aute i', NULL, 0, 'Idea 69 that suggest that we definitely need a longer title for ideas', 30, 11, NULL),
(110, TIMESTAMP '2018-10-02 18:48:56.946', TIMESTAMP '2018-10-03 18:48:56.946', 'N1ILVoda Lorem ipsum dolor sit amet, consectetur adipiscing elit, sed do eiusmod tempor incididunt ut labore et dolore magna aliqua. Ut enim ad minim veniam, quis nostrud exercitation ullamco laboris nisi ut aliquip ex ea commodo ', NULL, 0, 'Idea 70 that suggest that we definitely need a longer title for ideas', 21, 3, NULL),
(111, TIMESTAMP '2018-10-01 18:48:56.95', TIMESTAMP '2018-10-02 18:48:56.95', 'leU0bRMl Lorem ipsum dolor sit amet, consectetur adipiscing elit, ', NULL, 0, 'Idea 71 that suggest that we definitely need a longer title for ideas', 22, 5, NULL),
(112, TIMESTAMP '2018-09-30 18:48:56.954', TIMESTAMP '2018-10-01 18:48:56.954', '4ofDWhSw Lorem ipsum dolor sit amet, consectetur adipiscing elit, sed do eiusmod tempor incididunt ut labore ', NULL, 0, 'Idea 72 that suggest that we definitely need a longer title for ideas', 23, 19, NULL);
INSERT INTO PUBLIC.LAWS(ID, CREATED_AT, UPDATED_AT, DESCRIPTION, REACHED_QUORUM_AT, STATUS, TITLE, AREA_ID, CREATED_BY_ID, POLL_ID) VALUES
(113, TIMESTAMP '2018-09-29 18:48:56.956', TIMESTAMP '2018-09-30 18:48:56.956', 'YyeyptBr Lorem ipsum dolor sit amet, consectetur adipiscing elit, sed do eiusmod tempor incididunt ut labore et dolore magna aliqua. Ut enim ad minim veniam, quis nostrud exercitation ullamco laboris nisi ut aliquip ex ea commodo consequat. Duis aute irure dolor in reprehenderit in voluptate velit esse cillum dolore eu fugiat nulla pariatur. Excepteur sint occaecat cupidatat n', NULL, 0, 'Idea 73 that suggest that we definitely need a longer title for ideas', 24, 20, NULL),
(114, TIMESTAMP '2018-09-28 18:48:56.961', TIMESTAMP '2018-09-29 18:48:56.961', 'HEeZswfD Lorem ipsum d', NULL, 0, 'Idea 74 that suggest that we definitely need a longer title for ideas', 25, 13, NULL),
(115, TIMESTAMP '2018-09-27 18:48:56.966', TIMESTAMP '2018-09-28 18:48:56.966', 'bT39E32v Lorem ipsum dolor sit amet, consectetur adipiscing elit, sed do eiusmod tempor incididunt ut labore et dolore magna aliqua. Ut enim ad minim veniam, quis nostrud exercitation ullamco laboris nisi ', NULL, 0, 'Idea 75 that suggest that we definitely need a longer title for ideas', 26, 6, NULL),
(116, TIMESTAMP '2018-09-26 18:48:56.968', TIMESTAMP '2018-09-27 18:48:56.968', 'dLePMF4T Lorem ipsum dolor sit amet, consectetur adipiscing elit, sed do eiusmod tempor i', NULL, 0, 'Idea 76 that suggest that we definitely need a longer title for ideas', 27, 6, NULL),
(117, TIMESTAMP '2018-09-25 18:48:56.971', TIMESTAMP '2018-09-26 18:48:56.971', 'XMeokJa8 Lorem ipsum dolor sit amet, consectetur adipiscing', NULL, 0, 'Idea 77 that suggest that we definitely need a longer title for ideas', 28, 20, NULL),
(118, TIMESTAMP '2018-09-24 18:48:56.974', TIMESTAMP '2018-09-25 18:48:56.974', 'TvZZb3s1 Lorem ipsum dolor sit amet, consectetur adipiscing elit, sed do eiusmod tempor incididunt ut labore et dolore magna aliqua. Ut enim ad minim veniam, quis', NULL, 0, 'Idea 78 that suggest that we definitely need a longer title for ideas', 29, 8, NULL),
(119, TIMESTAMP '2018-09-23 18:48:56.98', TIMESTAMP '2018-09-24 18:48:56.98', 'JkiNj2JC Lorem ipsum dolor sit ame', NULL, 0, 'Idea 79 that suggest that we definitely need a longer title for ideas', 30, 12, NULL),
(120, TIMESTAMP '2018-09-22 18:48:56.982', TIMESTAMP '2018-09-23 18:48:56.982', 'KNR0F0OZ Lorem ipsum dolor sit amet, consectetur adipiscing elit, sed do eiusmod tempor incididunt ut labore et dolore magna aliqua. Ut enim ad minim veniam, quis nostrud exercitation ullamco laboris nisi ut aliquip ex ea commodo consequat. Duis aute irure dolor in reprehenderit in voluptate velit esse cillum dolore eu fugiat nulla pariatur. Excepteur sint occaecat cupidatat non proident, sunt in culpa', NULL, 0, 'Idea 80 that suggest that we definitely need a longer title for ideas', 21, 14, NULL),
(121, TIMESTAMP '2018-09-21 18:48:56.984', TIMESTAMP '2018-09-22 18:48:56.984', 'lJHSmzoA Lorem ipsum dolor sit amet, consectetur adipiscing elit, sed do eiusmod tempor incididunt ut labore et dolore magna aliqua. Ut enim ad minim veniam, quis nostrud exercitation ullamco laboris nisi ut aliquip ex ea commodo consequat. Duis aute irure dolor in reprehenderit in voluptate velit esse cillum dolore eu fugiat nulla pariatur. Excepteur sint occaecat cupidatat no', NULL, 0, 'Idea 81 that suggest that we definitely need a longer title for ideas', 22, 1, NULL),
(122, TIMESTAMP '2018-09-20 18:48:56.988', TIMESTAMP '2018-09-21 18:48:56.988', 'P4EQvjvz Lorem ipsum dolor sit amet, consectetur adipiscing elit, sed do eiusmod tempor incididunt ut labore et dolore magna aliqua. Ut enim ad minim veniam, quis nostrud exercitation ullamco laboris nisi ut aliquip ex ea commodo consequat. Duis aute irure dolor in reprehenderit in voluptate velit esse cillum dolore eu fugiat nulla pariatu', NULL, 0, 'Idea 82 that suggest that we definitely need a longer title for ideas', 23, 8, NULL),
(123, TIMESTAMP '2018-09-19 18:48:56.991', TIMESTAMP '2018-09-20 18:48:56.991', 'sbBPIGsF Lorem ipsum dolor sit amet, consectetur adipiscing elit, sed do eiusmod tempor incididunt ut labore et dolore magna aliqua. Ut enim ad minim veniam, quis nostrud exercitation ullamco laboris nisi ut aliquip ex ea commodo consequat. Duis aute irure dolor in reprehenderit in voluptate velit esse cillum dolore eu fugiat nulla pariatur. Excepteur sint occaecat cupidata', NULL, 0, 'Idea 83 that suggest that we definitely need a longer title for ideas', 24, 18, NULL);
INSERT INTO PUBLIC.LAWS(ID, CREATED_AT, UPDATED_AT, DESCRIPTION, REACHED_QUORUM_AT, STATUS, TITLE, AREA_ID, CREATED_BY_ID, POLL_ID) VALUES
(124, TIMESTAMP '2018-09-18 18:48:56.995', TIMESTAMP '2018-09-19 18:48:56.995', 'svcLtkOs Lorem ipsum dolor sit amet, consectetur adipiscing elit, sed do eiusmod tempor incididunt ut labore et dolore magna aliqua. Ut enim ad minim veni', NULL, 0, 'Idea 84 that suggest that we definitely need a longer title for ideas', 25, 18, NULL),
(125, TIMESTAMP '2018-09-17 18:48:56.999', TIMESTAMP '2018-09-18 18:48:56.999', 'gaRecitr Lorem ipsum dolor sit amet,', NULL, 0, 'Idea 85 that suggest that we definitely need a longer title for ideas', 26, 12, NULL),
(126, TIMESTAMP '2018-09-16 18:48:57.004', TIMESTAMP '2018-09-17 18:48:57.004', 'WTeRZj1w Lorem ipsum dolor sit amet, consectetur adipiscing elit, sed do eiusmod tempor incididunt ut labore et dolore magna aliqua. Ut enim ad minim veniam, quis nostrud exercitation ullamco laboris nisi ut aliquip ex ea commodo consequat. Duis aut', NULL, 0, 'Idea 86 that suggest that we definitely need a longer title for ideas', 27, 11, NULL),
(127, TIMESTAMP '2018-09-15 18:48:57.006', TIMESTAMP '2018-09-16 18:48:57.006', 'c0DtsfWk Lorem ipsum dolor sit amet, consectetur adipiscing elit, sed do eiusmod tempor incid', NULL, 0, 'Idea 87 that suggest that we definitely need a longer title for ideas', 28, 15, NULL),
(128, TIMESTAMP '2018-09-14 18:48:57.015', TIMESTAMP '2018-09-15 18:48:57.015', 'AUdwfazp Lorem ipsum dolor sit amet, consectetur adipiscing elit, sed do eiusmod tempor incididunt ut labore et dolore magna aliqua. Ut enim ad minim veniam, quis nostrud exercitation ullamco laboris nisi ut aliquip ex ea commodo consequat. Duis aute irure dolor in reprehenderit in voluptate velit esse cillum dolore eu fugiat nulla pariatur. Excepteur si', NULL, 0, 'Idea 88 that suggest that we definitely need a longer title for ideas', 29, 16, NULL),
(129, TIMESTAMP '2018-09-13 18:48:57.019', TIMESTAMP '2018-09-14 18:48:57.019', 'V7QOrTQS Lorem ipsum dolor sit amet, consectetur adipiscing elit, sed do eiusmod tempor incididunt ut labore et dolore magna aliqua. Ut enim ad minim veniam, quis nostrud exercitation ullamco laboris nisi ut aliquip ex ea commodo consequat. Duis aute irure dolor in reprehenderit in voluptate velit esse cillum dolore eu fugiat nulla pariatur. Excepteur sint occaecat cupidatat non proident, sunt in cu', NULL, 0, 'Idea 89 that suggest that we definitely need a longer title for ideas', 30, 16, NULL),
(130, TIMESTAMP '2018-09-12 18:48:57.022', TIMESTAMP '2018-09-13 18:48:57.022', 'mxO7g8v0 Lorem ipsum dolor sit amet, consectetur adipiscing elit, sed do eiusmod tempor inc', NULL, 0, 'Idea 90 that suggest that we definitely need a longer title for ideas', 21, 4, NULL),
(131, TIMESTAMP '2018-09-11 18:48:57.024', TIMESTAMP '2018-09-12 18:48:57.024', 'tboW66Mp Lorem ipsum dolor sit amet, consectetur adipiscing elit, sed do eiusmod te', NULL, 0, 'Idea 91 that suggest that we definitely need a longer title for ideas', 22, 15, NULL),
(132, TIMESTAMP '2018-09-10 18:48:57.026', TIMESTAMP '2018-09-11 18:48:57.026', 'quy08EVw Lorem ipsum dolor sit amet, consectetur adipiscing elit, sed do eiusmod tempor incididunt ut labore et dolore magna aliqua. Ut enim ad minim veniam, quis nostrud exercitation ullamco laboris nisi ut aliquip ex ea commodo consequat. Duis aute irure dolor', NULL, 0, 'Idea 92 that suggest that we definitely need a longer title for ideas', 23, 7, NULL),
(133, TIMESTAMP '2018-09-09 18:48:57.031', TIMESTAMP '2018-09-10 18:48:57.031', 'QnKY1wiD Lorem ipsum dolor sit amet, consectetur adipiscing elit, sed do eiusmod tempor incididunt ut labore et dolore magna aliqua. Ut enim ad minim veniam, quis nostrud exercitation ullamco laboris nisi ut aliquip ex ea commodo consequat. Duis aute irure dolor in reprehenderit in voluptate velit esse cillum dolore eu fugiat nulla pariatur. Excepteur sint occaecat cupid', NULL, 0, 'Idea 93 that suggest that we definitely need a longer title for ideas', 24, 5, NULL),
(134, TIMESTAMP '2018-09-08 18:48:57.033', TIMESTAMP '2018-09-09 18:48:57.033', '3xIuT5fv Lorem ipsum dolor sit amet, consectetur adipiscing elit, sed do eiusmod tempor incididunt ut labore et dolore magna aliqua', NULL, 0, 'Idea 94 that suggest that we definitely need a longer title for ideas', 25, 9, NULL);
INSERT INTO PUBLIC.LAWS(ID, CREATED_AT, UPDATED_AT, DESCRIPTION, REACHED_QUORUM_AT, STATUS, TITLE, AREA_ID, CREATED_BY_ID, POLL_ID) VALUES
(135, TIMESTAMP '2018-09-07 18:48:57.035', TIMESTAMP '2018-09-08 18:48:57.035', 'fgQCSIRT Lorem ipsum dolor sit amet, consectetur adipiscing elit, sed do eiusmod tempor incididunt ut labore et dolore magna aliqua. Ut enim ad minim veniam, quis nostrud exercitation ullamco laboris nisi ut aliquip ex ea commodo consequat. Duis aute irure dolor in repreh', NULL, 0, 'Idea 95 that suggest that we definitely need a longer title for ideas', 26, 19, NULL),
(136, TIMESTAMP '2018-09-06 18:48:57.039', TIMESTAMP '2018-09-07 18:48:57.039', 'zeNnYULd Lorem ipsum dolor sit amet, consectetur adipiscing elit, sed do eiusmod tempor incididunt ut labore et dolore magna aliqua. Ut enim ad minim veniam, quis nostrud exercitation ullamco laboris nisi ut aliquip ex ea commodo consequat. Duis aute irure d', NULL, 0, 'Idea 96 that suggest that we definitely need a longer title for ideas', 27, 7, NULL),
(137, TIMESTAMP '2018-09-05 18:48:57.043', TIMESTAMP '2018-09-06 18:48:57.043', '592W5ar8 Lorem ipsum dolor sit amet, consectetur adipiscing elit, sed do eiusmod tempor incididunt ut labore et dolore magna aliqua. Ut enim ad minim veniam, quis nostrud exercitation ullamco laboris nisi ut aliquip ex ea commodo consequat. Duis aute irure dolor in reprehenderit in voluptate velit esse cillum dolore eu fugiat nulla pariatur. Excepteur sint occaecat cupidatat non proident, sunt in culp', NULL, 0, 'Idea 97 that suggest that we definitely need a longer title for ideas', 28, 10, NULL),
(138, TIMESTAMP '2018-09-04 18:48:57.048', TIMESTAMP '2018-09-05 18:48:57.049', 'cZ01JoPZ Lorem ipsum dolor sit amet, consectetur adipiscing elit, sed do eiusmod tempor incididunt ut labore et dolore magna aliqua. Ut eni', NULL, 0, 'Idea 98 that suggest that we definitely need a longer title for ideas', 29, 2, NULL),
(139, TIMESTAMP '2018-09-03 18:48:57.052', TIMESTAMP '2018-09-04 18:48:57.052', 'WT40Vg0E Lorem ipsum dolor sit amet, consectetur adipiscing elit, sed do eiusmod tempor incididunt ut labore et dolore magna aliqua. Ut enim ad minim veniam, quis nostrud exercitation ullamco laboris nisi ut aliquip ex ea commodo consequat. Duis aute irure dolor in reprehenderit in voluptate velit esse cillum dolore eu fugiat nulla pariatur. Excepteur sint occaecat cupidatat n', NULL, 0, 'Idea 99 that suggest that we definitely need a longer title for ideas', 30, 5, NULL),
(140, TIMESTAMP '2018-09-02 18:48:57.055', TIMESTAMP '2018-09-03 18:48:57.055', 'Br7S9IaL Lorem ipsum dolor sit amet, consectetur adipiscing elit, sed do eiusmod tempor incididunt ut labore et dolore magna aliqua. Ut enim ad minim veniam, quis nostrud exercitation ullamco laboris nisi ut aliquip ex ea commodo consequat. Duis aute irure dolor in reprehenderit in voluptate velit esse cillum dolore eu fugiat nulla pariatur. Excepteur sint occaecat cupidatat n', NULL, 0, 'Idea 100 that suggest that we definitely need a longer title for ideas', 21, 7, NULL),
(141, TIMESTAMP '2018-09-01 18:48:57.057', TIMESTAMP '2018-09-02 18:48:57.058', 'TR3qbblS Lorem ipsum dolor sit amet, consectetur adipiscing elit, sed do eiusmod tempor incididunt ut labore et dolore magna aliqua. Ut enim ad minim veniam, quis nostrud exercitation ullamco laboris nisi ut aliquip ex ea commodo consequat. Duis aute irure dolor in reprehenderit in voluptate velit esse ', NULL, 0, 'Idea 101 that suggest that we definitely need a longer title for ideas', 22, 9, NULL),
(142, TIMESTAMP '2018-08-31 18:48:57.062', TIMESTAMP '2018-09-01 18:48:57.062', 'X8zVcV6h Lorem ipsum dolor sit amet, consectetur adipiscing elit, sed do eiusmod tempor incididunt ut labore et dolore magna aliqua. Ut enim ad minim veniam, quis nostrud exercitation ullamco laboris nisi ut aliquip ex ea commodo consequat. Duis aute irure dolor in reprehenderit in voluptate velit esse cillum dolore eu fugiat nulla pariatur. Excepteur sint occaecat cupidatat non proident, sunt in cu', NULL, 0, 'Idea 102 that suggest that we definitely need a longer title for ideas', 23, 4, NULL);
INSERT INTO PUBLIC.LAWS(ID, CREATED_AT, UPDATED_AT, DESCRIPTION, REACHED_QUORUM_AT, STATUS, TITLE, AREA_ID, CREATED_BY_ID, POLL_ID) VALUES
(143, TIMESTAMP '2018-08-30 18:48:57.063', TIMESTAMP '2018-08-31 18:48:57.064', 'G8f5Nzv3 Lorem ipsum dolor sit amet, consectetur adipiscing elit, sed do eiusmod tempor incididunt ut labore et dolore magna aliqua. Ut e', NULL, 0, 'Idea 103 that suggest that we definitely need a longer title for ideas', 24, 20, NULL),
(144, TIMESTAMP '2018-08-29 18:48:57.065', TIMESTAMP '2018-08-30 18:48:57.065', 'hIXd33UW Lorem ipsum dolor sit amet, consectetur adipiscing elit, sed do eiusmod tempor incididunt ut labore et dolore magna aliqua. Ut enim ad minim veniam, quis nostrud exercitation ullamco laboris nisi ut aliquip ex ea commodo consequat. Duis aute irure dolor in reprehenderit in voluptate velit esse cillum dolore eu fugiat nulla pariatur. Excepteur', NULL, 0, 'Idea 104 that suggest that we definitely need a longer title for ideas', 25, 12, NULL),
(145, TIMESTAMP '2018-08-28 18:48:57.068', TIMESTAMP '2018-08-29 18:48:57.068', 'dwult6b9 Lorem ipsum dolor sit amet, consectetur adipiscing elit, sed do eiusmod tempor incididunt ut labore et dolore magna aliqua. Ut enim ad minim veniam, quis nostrud exercitation ullamco laboris nisi ut aliquip ex ea commodo consequat. Duis aute irure dolor in reprehenderit in voluptate velit esse cillum dolore eu fugiat nulla pariatur. Excepteur sint occae', NULL, 0, 'Idea 105 that suggest that we definitely need a longer title for ideas', 26, 17, NULL),
(146, TIMESTAMP '2018-08-27 18:48:57.072', TIMESTAMP '2018-08-28 18:48:57.072', '8wrFooLJ Lorem ipsum dolor sit amet, consectetur adipiscing elit, sed do eiusmod tempor incididunt ut labore et dolore magna aliqua. Ut enim ad minim veniam, quis nostrud exercitation ullamco laboris nisi ut aliquip ex ea commodo consequat. Duis aute irure dolor in reprehenderit in voluptate velit esse cillum dolore eu fugiat nulla pariatur. Excepteur sint occaecat cupidatat non proident, sunt in culpa', NULL, 0, 'Idea 106 that suggest that we definitely need a longer title for ideas', 27, 18, NULL),
(147, TIMESTAMP '2018-08-26 18:48:57.077', TIMESTAMP '2018-08-27 18:48:57.077', 'VpVtbd22 Lorem ipsum dolor sit amet, consectetur adipiscing elit, sed do eiusmod tempor incididunt ut labore et dolore magna aliqua. Ut enim ad minim veniam, quis nostrud exercitation ullamco laboris nisi ut aliquip ex ea commodo consequat.', NULL, 0, 'Idea 107 that suggest that we definitely need a longer title for ideas', 28, 17, NULL),
(148, TIMESTAMP '2018-08-25 18:48:57.08', TIMESTAMP '2018-08-26 18:48:57.08', 'zayzN0DW Lorem ipsum dolor sit amet, consectetur adipiscing elit, sed do eiusmod tempor incididunt ut labore et d', NULL, 0, 'Idea 108 that suggest that we definitely need a longer title for ideas', 29, 8, NULL),
(149, TIMESTAMP '2018-08-24 18:48:57.083', TIMESTAMP '2018-08-25 18:48:57.083', 'oruK0Anz Lorem ipsum dolor sit amet, consectetur adipiscing elit, sed', NULL, 0, 'Idea 109 that suggest that we definitely need a longer title for ideas', 30, 12, NULL),
(150, TIMESTAMP '2018-08-23 18:48:57.085', TIMESTAMP '2018-08-24 18:48:57.085', 'KmmZcPvJ Lorem ipsum dolor sit amet, consectetur adipiscing elit, sed do eiusmod tempor incididunt ut labore et dolore magna aliqu', NULL, 0, 'Idea 110 that suggest that we definitely need a longer title for ideas', 21, 15, NULL),
(151, TIMESTAMP '2018-12-10 18:48:57.093', TIMESTAMP '2018-12-11 18:48:57.093', 'HV0SsEHl Lorem ipsum dolor sit amet, consectetur adipiscing elit, sed do e', TIMESTAMP '2018-12-12 18:48:57.092', 1, 'Proposal 0 that reached its quorum', 21, 9, NULL),
(152, TIMESTAMP '2018-12-12 18:48:57.101', TIMESTAMP '2018-12-12 18:48:57.101', 'TOAGkjmC Lorem ipsum dolor sit amet, consectetur adipiscing elit, sed do eiusmod tempor incididunt ut labore et dolore magna aliqua. Ut enim ad minim veniam, quis nostrud exercitation ullamco', TIMESTAMP '2018-12-12 18:48:57.1', 1, 'Proposal 1 that reached its quorum', 29, 16, NULL),
(153, TIMESTAMP '2018-12-05 18:48:57.11', TIMESTAMP '2018-12-06 18:48:57.11', '5vm4NP8C Lorem ipsum dolor sit amet, consectetur adipiscing elit, sed do eiusmod tempor incididunt ut labore et dolore magna aliqua. Ut enim ad minim veniam, quis nostrud exercitation ullamco laboris nisi ut aliquip ex ea commodo consequat. Duis aute irure dolor in reprehenderit in voluptate velit esse cillum dolore eu fugiat nulla pariatur. Excepte', TIMESTAMP '2018-12-12 18:48:57.107', 1, 'Proposal 2 that reached its quorum', 28, 6, NULL);
INSERT INTO PUBLIC.LAWS(ID, CREATED_AT, UPDATED_AT, DESCRIPTION, REACHED_QUORUM_AT, STATUS, TITLE, AREA_ID, CREATED_BY_ID, POLL_ID) VALUES
(154, TIMESTAMP '2018-12-07 18:48:57.118', TIMESTAMP '2018-12-08 18:48:57.118', 'KWGk3qkS Lorem ipsum dolor sit amet, consectetur adipiscing elit, sed do eiusmod tempor incididunt ut labore et dolore magna aliqua. Ut enim ad minim veniam, quis nostrud exercitation ullamco laboris nisi ut aliquip ex ea commodo consequat. Duis aute irure dolor in reprehenderit in voluptate velit esse cillum dolore eu fu', TIMESTAMP '2018-12-12 18:48:57.117', 1, 'Proposal 3 that reached its quorum', 30, 10, NULL),
(155, TIMESTAMP '2018-12-09 18:48:57.125', TIMESTAMP '2018-12-10 18:48:57.125', '33I40i5L Lorem ipsum dolor sit amet, consectetur adipiscing elit, sed do eiusmod tempor incididunt ut labore et dolore magna ali', TIMESTAMP '2018-12-12 18:48:57.124', 1, 'Proposal 4 that reached its quorum', 22, 17, NULL),
(156, TIMESTAMP '2018-12-11 18:48:57.132', TIMESTAMP '2018-12-12 18:48:57.132', 'dDnPwybw Lorem ipsum dolor sit amet, consectetur adipiscing elit, sed do eiusmod tempor incididunt ut labore et dolore magna aliqua. Ut enim ad minim veniam, quis nostrud exercitation ullamco laboris nisi ut aliquip ex ea commodo consequat. Duis aute irure dolor in reprehenderit in voluptate velit esse cillum dolore eu fugiat n', TIMESTAMP '2018-12-12 18:48:57.131', 1, 'Proposal 5 that reached its quorum', 22, 17, NULL),
(157, TIMESTAMP '2018-12-09 18:48:57.139', TIMESTAMP '2018-12-10 18:48:57.139', 'JCE8cKJ4 Lorem ipsum ', TIMESTAMP '2018-12-12 18:48:57.138', 1, 'Proposal 6 that reached its quorum', 27, 17, NULL),
(158, TIMESTAMP '2018-12-05 18:48:57.146', TIMESTAMP '2018-12-06 18:48:57.146', 'iTQuiX8s Lorem ipsum dolor sit amet, consectetur adipiscing elit, sed do eiusmod tempor incididunt ut labore et dolore magna aliqua. Ut enim ad minim veniam, quis nostrud exercitation ullamco laboris nisi ut aliquip ex ea commodo consequat. Duis aute irure dolor in re', TIMESTAMP '2018-12-12 18:48:57.145', 1, 'Proposal 7 that reached its quorum', 24, 10, NULL),
(159, TIMESTAMP '2018-12-06 18:48:57.153', TIMESTAMP '2018-12-07 18:48:57.153', 'UtjhzUOm Lorem ipsum dolor sit amet, consectetur adipiscing elit, sed do eiusmod tempor incididunt ut labore et dolore magna aliqua. Ut enim ad minim veniam, quis nostrud exercitation ullamco laboris nisi ut aliquip ex ea commodo consequat. Duis aute irure dolor in reprehenderit in voluptate velit esse cillum dolore eu fugiat nulla pariatur. Exce', TIMESTAMP '2018-12-12 18:48:57.152', 1, 'Proposal 8 that reached its quorum', 22, 8, NULL),
(160, TIMESTAMP '2018-12-12 18:48:57.159', TIMESTAMP '2018-12-12 18:48:57.159', '8pEa9cNK Lorem ipsum dolor sit amet, consectetur adipiscing elit, sed do eiusmod tempor incididunt ut labore et dolore magna aliqua. Ut enim ad minim veniam, quis nostrud exercitation ullamco laboris nisi ut aliquip ex ea commodo consequat. Duis aute irure dolor in reprehenderit in voluptate velit esse cillum dolore eu fugiat nulla pariatur. Excepteur sint occaecat cupidata', TIMESTAMP '2018-12-12 18:48:57.158', 1, 'Proposal 9 that reached its quorum', 25, 19, NULL),
(161, TIMESTAMP '2018-12-12 18:48:57.166', TIMESTAMP '2018-12-12 18:48:57.166', 'Vz1EYtvI Lorem ipsum dolor sit amet, consectetu', TIMESTAMP '2018-12-12 18:48:57.165', 1, 'Proposal 10 that reached its quorum', 24, 10, NULL),
(162, TIMESTAMP '2018-12-07 18:48:57.173', TIMESTAMP '2018-12-08 18:48:57.173', 'Pms3B7mF Lorem ipsum dolor sit amet, consectetur adipiscing elit, sed do eiusmod tempor incididunt ut labore et dolore magna aliqua. Ut enim ad minim veniam, quis nostrud exercitation ul', TIMESTAMP '2018-12-12 18:48:57.172', 1, 'Proposal 11 that reached its quorum', 21, 15, NULL),
(163, TIMESTAMP '2018-12-08 18:48:57.179', TIMESTAMP '2018-12-09 18:48:57.179', 'hY9JpEua Lorem ipsum dolor sit amet, consectetur adipiscing elit, sed do eiusmod tempor incididunt ut labore et', TIMESTAMP '2018-12-12 18:48:57.178', 1, 'Proposal 12 that reached its quorum', 21, 16, NULL),
(164, TIMESTAMP '2018-12-12 18:48:57.185', TIMESTAMP '2018-12-12 18:48:57.186', 'LN596VQM Lorem ipsum dolor sit amet, consectetur adipiscing elit, sed do eiusmod tempor incididunt ut labore et dolore magna aliqua. Ut enim ad minim veniam, quis nostrud exercitation ullamco laboris nisi ut aliquip ex ea commodo consequat. Duis aute irure dolor in reprehenderit in voluptate velit esse cillum dolore eu fugiat nulla pariatur. Excepteur s', TIMESTAMP '2018-12-12 18:48:57.184', 1, 'Proposal 13 that reached its quorum', 28, 8, NULL);
INSERT INTO PUBLIC.LAWS(ID, CREATED_AT, UPDATED_AT, DESCRIPTION, REACHED_QUORUM_AT, STATUS, TITLE, AREA_ID, CREATED_BY_ID, POLL_ID) VALUES
(165, TIMESTAMP '2018-12-04 18:48:57.194', TIMESTAMP '2018-12-05 18:48:57.194', 'bQ6rmEUm Lorem ipsum dolor sit amet, consecte', TIMESTAMP '2018-12-12 18:48:57.193', 1, 'Proposal 14 that reached its quorum', 23, 18, NULL),
(166, TIMESTAMP '2018-12-10 18:48:57.212', TIMESTAMP '2018-12-11 18:48:57.212', 'UgxIHz8A Lorem ipsum dolor sit amet, ', TIMESTAMP '2018-12-12 18:48:57.2', 1, 'Proposal 15 that reached its quorum', 28, 4, NULL),
(167, TIMESTAMP '2018-12-10 18:48:57.22', TIMESTAMP '2018-12-11 18:48:57.22', 'PGEqyuGL Lorem ipsum dolor sit amet, consectetur adipiscing elit, sed do eiusmod tempor incididunt ut labore et dolore magna aliqua. Ut enim ad minim veniam, quis nostrud exercitation ullamco laboris nisi ut aliquip ex ea commodo consequat. Duis aute irure dolor in r', TIMESTAMP '2018-12-12 18:48:57.219', 1, 'Proposal 16 that reached its quorum', 21, 3, NULL),
(168, TIMESTAMP '2018-12-06 18:48:57.227', TIMESTAMP '2018-12-07 18:48:57.227', 'NKZQ55yg Lorem ipsum dolor sit amet, consectetur adipiscing elit, sed do eiusmod tempor incididunt ut labore et dolore magna aliqua. Ut enim ad minim veniam, quis nostrud exercitation ullamco laboris nisi ut aliquip ex ea commodo consequat. Duis aute irure do', TIMESTAMP '2018-12-12 18:48:57.226', 1, 'Proposal 17 that reached its quorum', 27, 17, NULL),
(169, TIMESTAMP '2018-12-07 18:48:57.233', TIMESTAMP '2018-12-08 18:48:57.233', 'N6ITAVLP Lorem ipsum dolor sit amet, consectet', TIMESTAMP '2018-12-12 18:48:57.232', 1, 'Proposal 18 that reached its quorum', 22, 19, NULL),
(170, TIMESTAMP '2018-12-03 18:48:57.239', TIMESTAMP '2018-12-04 18:48:57.239', 'GhSFVA9P Lorem ipsum dolor sit amet, consectetur adipiscing elit, sed do eiusmod tempor incididunt ut labore et dolore magna aliqua. Ut enim ad minim veniam, quis nostrud exercitation ullamco laboris nisi ut aliquip ex ea commodo consequat. Duis aute irure dolor in reprehenderit in voluptate velit esse cillum dolore eu fugiat nulla pariatur. Excepteur sint occaecat cupidatat non proiden', TIMESTAMP '2018-12-12 18:48:57.238', 1, 'Proposal 19 that reached its quorum', 24, 7, NULL),
(171, TIMESTAMP '2018-12-03 18:48:57.245', TIMESTAMP '2018-12-04 18:48:57.245', 'IUYu4HKX Lorem ipsum dolor sit amet, consectetur adipiscing elit, sed do eiusmod tempor incididunt ut labore et dolore magna aliqua. Ut enim ad minim veniam, quis nostrud exercitation ullamco laboris nisi ut', TIMESTAMP '2018-12-12 18:48:57.244', 1, 'Proposal 20 that reached its quorum', 26, 9, NULL),
(172, TIMESTAMP '2018-12-12 18:48:57.251', TIMESTAMP '2018-12-12 18:48:57.251', 'jlPjmogZ Lorem ipsum dolor sit amet, consectetur adipiscing elit, sed do eiusmod tempor incididunt ut labore et dolore magna aliqua. Ut enim ad minim veniam, quis nostrud exercitation ullamco laboris nisi ut aliquip ex ea commodo consequat. Duis aute irure dolor in reprehenderit in voluptate velit esse cillum dolore eu fugiat nulla pariatur. Excepteur', TIMESTAMP '2018-12-12 18:48:57.25', 1, 'Proposal 21 that reached its quorum', 27, 18, NULL),
(173, TIMESTAMP '2018-12-10 18:48:57.257', TIMESTAMP '2018-12-11 18:48:57.257', 'Cu3tzbJg Lorem ipsum dolor sit amet, consectetur adipiscing elit, sed do eiusmod tempor incididunt ut labore et dolore magna aliqua. Ut enim ad minim veniam, quis nostrud exercitation ullamco laboris nisi ut aliquip ex ea commodo consequat. Duis aute irure dolor in reprehenderit in voluptate velit esse cillu', TIMESTAMP '2018-12-12 18:48:57.256', 1, 'Proposal 22 that reached its quorum', 28, 9, NULL),
(174, TIMESTAMP '2018-12-08 18:48:57.263', TIMESTAMP '2018-12-09 18:48:57.263', 'JqOucAQU Lorem ipsum dolor sit amet, consectetur adipiscing elit, sed do eiusmod tempor incididunt ut labore et dolore magna aliqua. Ut enim ad minim veniam, quis ', TIMESTAMP '2018-12-12 18:48:57.262', 1, 'Proposal 23 that reached its quorum', 25, 10, NULL),
(175, TIMESTAMP '2018-12-03 18:48:57.269', TIMESTAMP '2018-12-04 18:48:57.269', 'ZlqaLUlU Lorem ipsum dolor sit amet, consectetur adipiscing elit, sed do eiusmod tempor incididunt ut labore et dolore magn', TIMESTAMP '2018-12-12 18:48:57.268', 1, 'Proposal 24 that reached its quorum', 25, 10, NULL);
INSERT INTO PUBLIC.LAWS(ID, CREATED_AT, UPDATED_AT, DESCRIPTION, REACHED_QUORUM_AT, STATUS, TITLE, AREA_ID, CREATED_BY_ID, POLL_ID) VALUES
(176, TIMESTAMP '2018-12-06 18:48:57.275', TIMESTAMP '2018-12-07 18:48:57.275', 'tfJAlXjQ Lorem ipsum dolor sit amet, consectetur adipiscing elit, sed do eiusmod tempor incididunt ut labore et dolore magna aliqua. Ut enim ad minim veniam, quis nostrud exercitation ullamco laboris nisi ut aliquip ex ea commodo consequat. Duis aute irure dolor in reprehenderit in voluptate velit esse cillum dolore eu fugiat nulla pariatu', TIMESTAMP '2018-12-12 18:48:57.274', 1, 'Proposal 25 that reached its quorum', 26, 4, NULL),
(177, TIMESTAMP '2018-12-10 18:48:57.281', TIMESTAMP '2018-12-11 18:48:57.281', 'eWdbMX8P Lorem ipsum dolor sit amet, consectetur adipiscing elit, sed do eiusmod tempor incididunt ut labore et dolore magna aliqua. Ut enim ad minim veniam, quis nostrud exercitation ullamco laboris nisi ut aliquip ex ea commodo consequat. Duis aute irure dolor in reprehenderit in voluptate velit esse cillum dolore eu', TIMESTAMP '2018-12-12 18:48:57.28', 1, 'Proposal 26 that reached its quorum', 26, 16, NULL),
(178, TIMESTAMP '2018-12-05 18:48:57.287', TIMESTAMP '2018-12-06 18:48:57.287', 'Fiq98LOn Lorem ipsum dolor sit amet, consectetur adipiscing elit, sed do eiusmod tempor incididunt ut labore et dolore magna aliqua. Ut enim ad minim veniam, quis nostrud exercitation ullamco laboris nisi ut aliquip ex ea commodo consequat. Duis aute irure dolor in reprehenderit in voluptate velit esse cillum dolore eu fugiat', TIMESTAMP '2018-12-12 18:48:57.286', 1, 'Proposal 27 that reached its quorum', 30, 8, NULL),
(179, TIMESTAMP '2018-12-12 18:48:57.31', TIMESTAMP '2018-12-12 18:48:57.31', 'MMcrrRGX Lorem ipsum dolor sit amet, consectetur adipiscing elit, sed do eiusmod tempor incididunt ut labore et dolore magna aliqua. Ut enim ad minim veniam, quis nostrud exercitation ullamco laboris nisi ut aliquip ex ea commodo consequat. Duis aute irure dolor in reprehenderit in voluptate velit esse cillum dolore eu fugiat nulla pariatur. Excepteur sint occaecat cupidatat non proident, sunt in cu', TIMESTAMP '2018-12-12 18:48:57.309', 1, 'Proposal 28 that reached its quorum', 25, 13, NULL),
(180, TIMESTAMP '2018-12-06 18:48:57.317', TIMESTAMP '2018-12-07 18:48:57.317', 'biCJtEhP Lorem ipsum dol', TIMESTAMP '2018-12-12 18:48:57.316', 1, 'Proposal 29 that reached its quorum', 27, 18, NULL),
(181, TIMESTAMP '2018-12-08 18:48:57.325', TIMESTAMP '2018-12-09 18:48:57.325', 'wpRE38z5 Lorem ipsum dolor sit amet, consectetur adipiscing elit, sed do eiusmod tempor incididunt ut labore et dolore magna aliqua. Ut enim ad minim veniam, quis nostrud exercitation ullamco laboris nisi ut aliquip ex ea commodo consequat. Duis aute irure dolor in reprehenderit in voluptate velit esse cillum dolore eu fugiat nulla pariatur. Excepteur sint occaecat cupidatat non proident, sunt in c', TIMESTAMP '2018-12-12 18:48:57.324', 1, 'Proposal 30 that reached its quorum', 28, 11, NULL),
(182, TIMESTAMP '2018-12-10 18:48:57.332', TIMESTAMP '2018-12-11 18:48:57.332', 'wFWExP7F Lorem ipsum dolor sit amet, consectetur adipiscing elit, sed do eiusmod tempor incididunt ut labore et dolore magna aliqua. Ut enim ad minim veniam, quis nostrud exercitation ullamco laboris nisi ut aliquip ex ea commodo consequat. Duis aute irure dolor in reprehenderit in voluptate velit esse cillum dolore eu fugiat nu', TIMESTAMP '2018-12-12 18:48:57.331', 1, 'Proposal 31 that reached its quorum', 29, 15, NULL),
(183, TIMESTAMP '2018-12-04 18:48:57.341', TIMESTAMP '2018-12-05 18:48:57.341', 'm9tzn8X5 Lorem ips', TIMESTAMP '2018-12-12 18:48:57.34', 1, 'Proposal 32 that reached its quorum', 22, 7, NULL),
(184, TIMESTAMP '2018-12-06 18:48:57.347', TIMESTAMP '2018-12-07 18:48:57.347', 'spF5j1oY Lorem ipsum dolor sit amet, consectetur adipiscing elit, sed do eiusmod tempor incididunt ut labore et dolore magna aliqua. Ut enim ad minim veniam, quis nostrud exercitation ullamco laboris nisi ut aliquip ex ea commodo consequat. ', TIMESTAMP '2018-12-12 18:48:57.346', 1, 'Proposal 33 that reached its quorum', 27, 1, NULL);
INSERT INTO PUBLIC.LAWS(ID, CREATED_AT, UPDATED_AT, DESCRIPTION, REACHED_QUORUM_AT, STATUS, TITLE, AREA_ID, CREATED_BY_ID, POLL_ID) VALUES
(185, TIMESTAMP '2018-12-12 18:48:57.353', TIMESTAMP '2018-12-12 18:48:57.353', 'Kuq0vkfJ Lorem ipsum dolor sit amet, consectetur adipiscing elit, sed do eiusmod tempor incididunt ut labore et dolore ma', TIMESTAMP '2018-12-12 18:48:57.352', 1, 'Proposal 34 that reached its quorum', 28, 2, NULL),
(186, TIMESTAMP '2018-12-03 18:48:57.359', TIMESTAMP '2018-12-04 18:48:57.36', 'Fw9eD9EM Lorem ipsum dolor sit amet, consectetur adipiscing elit, sed do eiusmod tempor incididunt ut labore et dolore magna aliqua. Ut enim ad minim veniam, quis n', TIMESTAMP '2018-12-12 18:48:57.358', 1, 'Proposal 35 that reached its quorum', 26, 17, NULL),
(187, TIMESTAMP '2018-12-04 18:48:57.366', TIMESTAMP '2018-12-05 18:48:57.366', 'VEfdAci0 Lorem ipsum dolor sit amet, consectetur adipiscing e', TIMESTAMP '2018-12-12 18:48:57.365', 1, 'Proposal 36 that reached its quorum', 25, 3, NULL),
(188, TIMESTAMP '2018-12-07 18:48:57.372', TIMESTAMP '2018-12-08 18:48:57.372', 'wH9GNvdr Lorem ipsum dolor sit amet, consectetur adipiscing elit, sed do eiusmod tempor incididunt ut labore et dolore magna aliqua. Ut enim ad minim veniam, quis nostrud exercitation ullamco laboris ni', TIMESTAMP '2018-12-12 18:48:57.371', 1, 'Proposal 37 that reached its quorum', 29, 4, NULL),
(189, TIMESTAMP '2018-12-07 18:48:57.378', TIMESTAMP '2018-12-08 18:48:57.378', 'PCo9dDg1 Lorem ipsum dolor sit amet, consectetur adipiscing elit, sed do eiusmod tempor incididunt ut l', TIMESTAMP '2018-12-12 18:48:57.377', 1, 'Proposal 38 that reached its quorum', 24, 12, NULL),
(190, TIMESTAMP '2018-12-05 18:48:57.384', TIMESTAMP '2018-12-06 18:48:57.385', 'BTAzqGx9 Lorem ipsum dolor sit amet, consectetur adipiscing elit, sed do eiusmod tempor incididunt ut labore et dolore magna aliqua. Ut enim ad minim veniam, quis nostrud exercitation ullamco laboris nisi ut aliquip ex ea commodo consequa', TIMESTAMP '2018-12-12 18:48:57.384', 1, 'Proposal 39 that reached its quorum', 27, 5, NULL),
(191, TIMESTAMP '2018-12-05 18:48:57.39', TIMESTAMP '2018-12-06 18:48:57.39', '1GpqWHOl Lorem ipsum dolor sit amet, consectetur adipiscing elit, sed do eiusmod tempor incididunt ut labore et dolore magna aliqua. Ut enim ad minim veniam, quis nostrud exercitation ullamco laboris nisi ut aliquip ex ea commodo consequat. D', TIMESTAMP '2018-12-12 18:48:57.389', 1, 'Proposal 40 that reached its quorum', 28, 10, NULL),
(192, TIMESTAMP '2018-12-12 18:48:57.396', TIMESTAMP '2018-12-12 18:48:57.396', 'YgZPL7cu Lorem ipsum dolor sit amet, consectetur adipiscing elit, sed do eiusmod tempor incididunt ut labore et dolore magna aliqua. Ut enim ad minim veniam, quis nostrud exercitation ullamco laboris nisi ut aliquip ex ea commodo consequat. Duis aute irure dolor in reprehenderit in voluptate velit esse cillum dolore eu fugiat null', TIMESTAMP '2018-12-12 18:48:57.395', 1, 'Proposal 41 that reached its quorum', 29, 2, NULL),
(193, TIMESTAMP '2018-12-05 18:48:57.402', TIMESTAMP '2018-12-06 18:48:57.402', 'Cwjypi7i Lorem ipsum dolor sit amet, consectetur adipiscing elit, sed do eiusmod tempor incididunt ut labore et dolore magna aliqua. Ut enim ad minim veniam, quis nostrud exercitation ullamco laboris nisi ut aliquip ex ea commodo consequat. Duis aute irure dolor in reprehenderit in voluptate velit esse cillum dolore eu fugiat nulla pariatur. Exce', TIMESTAMP '2018-12-12 18:48:57.401', 1, 'Proposal 42 that reached its quorum', 25, 14, NULL),
(194, TIMESTAMP '2018-12-06 18:48:57.408', TIMESTAMP '2018-12-07 18:48:57.408', 'oZpOXs57 Lorem ipsum dolor sit amet, consectetur adipiscing elit, sed do eiusmod tempor incididunt ut labore et dolore magna aliqua. Ut enim ad m', TIMESTAMP '2018-12-12 18:48:57.407', 1, 'Proposal 43 that reached its quorum', 21, 15, NULL),
(195, TIMESTAMP '2018-12-08 18:48:57.414', TIMESTAMP '2018-12-09 18:48:57.414', 'Tzay5KJm Lorem ipsum dolor sit amet, consectetur ad', TIMESTAMP '2018-12-12 18:48:57.413', 1, 'Proposal 44 that reached its quorum', 22, 7, NULL),
(196, TIMESTAMP '2018-12-12 18:48:57.419', TIMESTAMP '2018-12-12 18:48:57.419', 'UPvDXE8W Lorem ipsum dolor sit amet, consectetur adipiscing elit, sed do eiusmod tempor incididunt ut labore et dolore magna aliqua. Ut enim ad minim veniam, quis nostrud exercitation ullamco laboris nisi ut aliquip ex ea commodo consequat. Duis aute irure dolor in reprehenderit in voluptate velit esse cillum dolore eu fugiat nulla pariatur. Excepteur sint occaecat cupidatat non', TIMESTAMP '2018-12-12 18:48:57.418', 1, 'Proposal 45 that reached its quorum', 21, 12, NULL);
INSERT INTO PUBLIC.LAWS(ID, CREATED_AT, UPDATED_AT, DESCRIPTION, REACHED_QUORUM_AT, STATUS, TITLE, AREA_ID, CREATED_BY_ID, POLL_ID) VALUES
(197, TIMESTAMP '2018-12-06 18:48:57.425', TIMESTAMP '2018-12-07 18:48:57.425', '6wMOk3RP Lorem ipsum dolor sit amet, consectetur adipiscing elit, sed do eiusmod tempor incididunt ut labore et dolore ma', TIMESTAMP '2018-12-12 18:48:57.424', 1, 'Proposal 46 that reached its quorum', 29, 8, NULL),
(198, TIMESTAMP '2018-12-03 18:48:57.431', TIMESTAMP '2018-12-04 18:48:57.431', 'Lefbbib5 Lorem ipsum dolor sit amet, consectetur adipiscing elit, sed do eiusmod tempor incididunt ut labore et dolore magna aliqua. Ut enim ad minim veniam, quis n', TIMESTAMP '2018-12-12 18:48:57.43', 1, 'Proposal 47 that reached its quorum', 21, 3, NULL),
(199, TIMESTAMP '2018-12-05 18:48:57.436', TIMESTAMP '2018-12-06 18:48:57.436', 'EOQ5oocX Lorem ipsum dolor sit amet, consectetur adipiscing elit, sed do eiusmod tempor incididunt ut labore et dolore magna aliqua. Ut enim ad minim veniam, quis nostrud exercitation ullamco laboris nisi ut aliquip ex ea co', TIMESTAMP '2018-12-12 18:48:57.435', 1, 'Proposal 48 that reached its quorum', 25, 11, NULL),
(200, TIMESTAMP '2018-12-09 18:48:57.442', TIMESTAMP '2018-12-10 18:48:57.442', 'TuvGI2f3 Lorem ipsum dolor sit amet, consectetur adipiscing elit, sed do eiusmod tempor ', TIMESTAMP '2018-12-12 18:48:57.441', 1, 'Proposal 49 that reached its quorum', 23, 1, NULL),
(201, TIMESTAMP '2018-12-06 18:48:57.448', TIMESTAMP '2018-12-07 18:48:57.448', 'Lorem ipsum dolor sit amet, consectetur adipiscing elit, sed do eiusmod tempor incididunt ut labore et dolore magna aliqua. Ut enim ad minim veniam, quis nostrud exercitation ullamco laboris nisi ut aliquip ex ea commodo consequat. Duis aute irure dolor in reprehenderit in voluptate velit esse cillum dolore eu fugiat nulla pariatur. Except', TIMESTAMP '2018-12-12 18:48:57.447', 1, 'Proposal 0 for user testuser1@liquido.de', 22, 1, NULL),
(202, TIMESTAMP '2018-12-09 18:48:57.453', TIMESTAMP '2018-12-10 18:48:57.453', 'Lorem ipsum dolor sit amet, consectetur adipiscing elit, sed do eiusmod tempor incididunt ut labore et dolore magna aliqua. Ut enim ad minim veniam, quis nostrud exercitation ullamco laboris nisi ut aliquip ex ea c', TIMESTAMP '2018-12-12 18:48:57.453', 1, 'Proposal 1 for user testuser1@liquido.de', 22, 1, NULL),
(203, TIMESTAMP '2018-12-07 18:48:57.459', TIMESTAMP '2018-12-08 18:48:57.459', 'Lorem ipsum dolor sit amet, consectetur adipiscing elit, sed do eiusmod tempor incididunt ut labore et dolore magna aliqua. Ut enim ad minim veniam, quis nostrud exercitation ullamco laboris nisi ut aliquip ex ea commodo consequat. Duis aute irure dolor in reprehenderit in voluptate velit esse cillum dolore eu fugiat nulla pariatur. Excepteur sint occaecat cupidatat non proident, sunt in culpa qu', TIMESTAMP '2018-12-12 18:48:57.458', 1, 'Proposal 2 for user testuser1@liquido.de', 25, 1, NULL),
(204, TIMESTAMP '2018-12-11 18:48:57.465', TIMESTAMP '2018-12-12 18:48:57.465', 'Lorem ipsum dolor sit amet, consectetur adipiscing elit, sed do eiusmod tempor incididunt ut labore et dolore magna aliqua. Ut enim ad minim veniam, quis nostrud exercitation ullamco laboris nisi ut aliquip ex ea commodo consequat. Duis aute irure dolor in reprehenderit in voluptate velit esse cillum dolore eu fugiat nulla pariatur. Excepteur sint occaecat cupidatat non p', TIMESTAMP '2018-12-12 18:48:57.464', 1, 'Proposal 3 for user testuser1@liquido.de', 24, 1, NULL),
(205, TIMESTAMP '2018-12-03 18:48:57.472', TIMESTAMP '2018-12-04 18:48:57.472', 'Lorem ipsum dolor sit amet, consectetur adipiscing elit, sed do eiusmod tempor incididunt ut labore et dolore magna aliqua. Ut enim ad minim veniam, quis nostrud exercitation ullamco laboris nisi ut aliquip ex ea commodo consequat. Duis aute irure dolor in reprehenderit in voluptate velit esse cillu', TIMESTAMP '2018-12-12 18:48:57.471', 1, 'Proposal 4 for user testuser1@liquido.de', 25, 1, NULL),
(206, TIMESTAMP '2018-12-02 18:48:57.478', TIMESTAMP '2018-12-12 18:48:57.499', 'Lorem ipsum dolor sit amet, consectetur adipiscing elit, sed do eiusmod tempor incididunt ut labore et dolore magna aliqua. Ut enim ad minim veniam, quis nostrud exercitation ullamco laboris nisi ut aliquip ex ea commodo consequat. Duis aute irure dolor in reprehenderit in voluptate velit esse cillum dolore eu fugiat nulla pariatur. Except', TIMESTAMP '2018-12-12 18:48:57.477', 2, 'Initial Proposal in a poll that is in elaboration 1544636937472', 21, 13, 213);
INSERT INTO PUBLIC.LAWS(ID, CREATED_AT, UPDATED_AT, DESCRIPTION, REACHED_QUORUM_AT, STATUS, TITLE, AREA_ID, CREATED_BY_ID, POLL_ID) VALUES
(214, TIMESTAMP '2018-11-22 18:48:57.505', TIMESTAMP '2018-12-12 18:48:57.513', 'Lorem ipsum dolor sit amet, consectetur adipiscing elit, sed do eiusmod tempor incididunt ut labore et dolore magna aliqua. Ut enim ad minim veniam, quis nostru', TIMESTAMP '2018-12-12 18:48:57.504', 2, 'Alternative Proposal1 in a poll that is in elaboration1544636937499', 21, 15, 213),
(221, TIMESTAMP '2018-11-22 18:48:57.521', TIMESTAMP '2018-12-12 18:48:57.529', 'Lorem ipsum dolor sit amet, consectetur adipiscing elit, sed do eiusmod tempor incididunt ut labore et dolore magna aliqua. Ut enim ad minim veniam, quis nostrud exercitation ullamco laboris nisi ut aliquip ex ea commodo consequat. Duis aute irure dolor in reprehenderit in voluptate velit esse cillum dolore eu fugiat nulla pariatur. Excepteur sint occaecat cupidata', TIMESTAMP '2018-12-12 18:48:57.52', 2, 'Alternative Proposal2 in a poll that is in elaboration1544636937514', 21, 7, 213),
(228, TIMESTAMP '2018-11-22 18:48:57.535', TIMESTAMP '2018-12-12 18:48:57.545', 'Lorem ipsum dolor sit amet, consectetur adipiscing elit, sed do eiusmod tempor incididunt ut labore et dolore magna ', TIMESTAMP '2018-12-12 18:48:57.534', 2, 'Alternative Proposal3 in a poll that is in elaboration1544636937530', 21, 3, 213),
(235, TIMESTAMP '2018-11-22 18:48:57.551', TIMESTAMP '2018-12-12 18:48:57.559', 'Lorem ipsum dolor sit amet, consectetur adipiscing elit, sed do eiusmod tempor incididunt ut labore et dolore magna aliqua. Ut enim ad minim veniam, quis nostrud exercitation ullamco laboris nisi ut aliquip ex ea commodo consequat. Duis aute irure dolor in reprehenderit in voluptate velit esse cillum dolore eu fugiat nulla pariatur. Excepteur ', TIMESTAMP '2018-12-12 18:48:57.55', 2, 'Alternative Proposal4 in a poll that is in elaboration1544636937545', 21, 5, 213),
(242, TIMESTAMP '2018-12-02 18:48:57.566', TIMESTAMP '2018-12-12 18:48:57.651', 'Lorem ipsum dolor sit amet, consectetur adipiscing elit, sed do eiusmod tempor incididunt ut labore et dolore magna aliqua. Ut enim ad minim veniam, quis nostrud exercitation ullamco laboris nisi ut aliquip ex ea commodo consequat. Duis aute irure dolor in reprehenderit in voluptate velit', TIMESTAMP '2018-12-12 18:48:57.565', 3, 'Proposal 5 in voting phase 1544636937634', 21, 13, 249),
(250, TIMESTAMP '2018-11-22 18:48:57.58', TIMESTAMP '2018-12-12 18:48:57.651', 'Lorem ipsum dolor sit amet, consectetur adipiscing elit, sed do eiusmod tempor incididunt ut labore ', TIMESTAMP '2018-12-12 18:48:57.579', 3, 'Proposal 4 in voting phase 1544636937634', 21, 15, 249),
(257, TIMESTAMP '2018-11-22 18:48:57.594', TIMESTAMP '2018-12-12 18:48:57.652', 'Lorem ipsum dolor sit amet, consectetur adipiscing elit, sed do eiusmod tempor incididunt ut labore et dolore magna aliqua. Ut enim ad minim veniam, quis nostrud exercitation ullamco laboris nisi ut aliquip ex ea commodo consequat. Duis aute irure dolor in reprehenderit in voluptate velit esse cillum dolo', TIMESTAMP '2018-12-12 18:48:57.593', 3, 'Proposal 3 in voting phase 1544636937634', 21, 7, 249),
(264, TIMESTAMP '2018-11-22 18:48:57.609', TIMESTAMP '2018-12-12 18:48:57.652', 'Lorem ipsum dolor sit amet, consectetur adipiscing elit, sed do eiusmod tempor incididunt ut labore et dolore magna aliqua. Ut enim ad minim veniam, quis nostrud exercitation ullamco laboris nisi ut aliquip ex ea commodo consequat. Duis aute irure dolor in reprehenderit in voluptate velit esse cillum dolore eu ', TIMESTAMP '2018-12-12 18:48:57.608', 3, 'Proposal 2 in voting phase 1544636937634', 21, 3, 249),
(271, TIMESTAMP '2018-11-22 18:48:57.624', TIMESTAMP '2018-12-12 18:48:57.652', 'Lorem ipsum dolor sit amet, consectetur adipiscing elit, sed do eiusmod tempor incididunt ut labore et dolore magna', TIMESTAMP '2018-12-12 18:48:57.623', 3, 'Proposal 1 in voting phase 1544636937634', 21, 5, 249),
(294, TIMESTAMP '2018-12-02 18:49:02.557', TIMESTAMP '2018-12-12 18:49:06.303', 'Lorem ipsum dolor sit amet, consectetur adipiscing elit, sed do eiusmod tempor incididunt ut labore et dolore magna aliqua. Ut enim ad minim venia', TIMESTAMP '2018-12-12 18:49:02.556', 4, 'Proposal 5 in voting phase 1544636942626', 21, 13, 301);
INSERT INTO PUBLIC.LAWS(ID, CREATED_AT, UPDATED_AT, DESCRIPTION, REACHED_QUORUM_AT, STATUS, TITLE, AREA_ID, CREATED_BY_ID, POLL_ID) VALUES
(302, TIMESTAMP '2018-11-22 18:49:02.57', TIMESTAMP '2018-12-12 18:49:06.304', 'Lorem ipsum dolor sit amet, consectetur adipiscing elit, sed do eiusmod tempor incididunt ut labore et dolore magna', TIMESTAMP '2018-12-12 18:49:02.569', 5, 'Proposal 4 in voting phase 1544636942626', 21, 15, 301),
(309, TIMESTAMP '2018-11-22 18:49:02.582', TIMESTAMP '2018-12-12 18:49:06.304', 'Lorem ipsum dolor sit amet, consectetur adipiscing elit, sed do eiusmod tempor incididunt ut labore et dolore magna aliqua. Ut enim ad minim veniam, quis nostrud exercitation ulla', TIMESTAMP '2018-12-12 18:49:02.581', 5, 'Proposal 3 in voting phase 1544636942626', 21, 7, 301),
(316, TIMESTAMP '2018-11-22 18:49:02.595', TIMESTAMP '2018-12-12 18:49:06.304', 'Lorem ipsum dolor sit amet, consectetur adipiscing elit, sed do eiusmod tempor incididunt ut labore et dolore magna aliqua. Ut enim ad minim veniam, quis nostrud exercitation ullamco laboris nisi ut aliquip ex ea commodo consequat. Duis aute irure dolor in reprehenderit in voluptate velit esse cillum dolore eu fugiat nulla pariatur. Excepteur sint occaecat cupidat', TIMESTAMP '2018-12-12 18:49:02.594', 5, 'Proposal 2 in voting phase 1544636942626', 21, 3, 301),
(323, TIMESTAMP '2018-11-22 18:49:02.618', TIMESTAMP '2018-12-12 18:49:06.305', 'Lorem ipsum dolor sit amet, consectetur adipiscing elit, sed do eiusmod tempor incididunt ut labore et dolore magna aliqua. Ut enim ad minim veniam, quis nostrud exercitation ullamco laboris nisi ut aliquip ex ea commodo consequat. Duis aute irure dolor in reprehenderit in voluptate velit esse cillum dolore eu fugiat nulla pariatur. Excepte', TIMESTAMP '2018-12-12 18:49:02.617', 5, 'Proposal 1 in voting phase 1544636942626', 21, 5, 301),
(346, TIMESTAMP '2018-11-22 18:49:06.318', TIMESTAMP '2018-12-12 18:49:06.318', 'Lorem ipsum dolor sit amet, consectetur adipiscing elit, sed do eiusmod tempor incididunt ut labore et dolore magna aliqua. Ut en', TIMESTAMP '2018-11-18 18:49:06.316', 4, 'Law 0', 21, 1, NULL),
(347, TIMESTAMP '2018-11-21 18:49:06.328', TIMESTAMP '2018-12-12 18:49:06.328', 'Lorem ipsum dolor sit amet, consectetur adipiscing elit, sed do eiusmod tempor incididunt ut labore et dolore magna aliqua. Ut enim ad minim veniam, quis nostrud exercitation ullamco laboris nisi ut aliquip ex', TIMESTAMP '2018-11-18 18:49:06.327', 4, 'Law 1', 21, 1, NULL);
CREATE MEMORY TABLE PUBLIC.LAWS_COMMENTS(
LAW_MODEL_ID BIGINT NOT NULL,
COMMENTS_ID BIGINT NOT NULL
);
ALTER TABLE PUBLIC.LAWS_COMMENTS ADD CONSTRAINT PUBLIC.CONSTRAINT_A0 PRIMARY KEY(LAW_MODEL_ID, COMMENTS_ID);
-- 15 +/- SELECT COUNT(*) FROM PUBLIC.LAWS_COMMENTS;
INSERT INTO PUBLIC.LAWS_COMMENTS(LAW_MODEL_ID, COMMENTS_ID) VALUES
(206, 207),
(214, 215),
(221, 222),
(228, 229),
(235, 236),
(242, 243),
(250, 251),
(257, 258),
(264, 265),
(271, 272),
(294, 295),
(302, 303),
(309, 310),
(316, 317),
(323, 324);
CREATE MEMORY TABLE PUBLIC.LAWS_SUPPORTERS(
LAW_MODEL_ID BIGINT NOT NULL,
SUPPORTERS_ID BIGINT NOT NULL
);
ALTER TABLE PUBLIC.LAWS_SUPPORTERS ADD CONSTRAINT PUBLIC.CONSTRAINT_C PRIMARY KEY(LAW_MODEL_ID, SUPPORTERS_ID);
-- 1160 +/- SELECT COUNT(*) FROM PUBLIC.LAWS_SUPPORTERS;
INSERT INTO PUBLIC.LAWS_SUPPORTERS(LAW_MODEL_ID, SUPPORTERS_ID) VALUES
(40, 9),
(41, 11),
(41, 7),
(41, 17),
(41, 1),
(42, 3),
(42, 13),
(42, 8),
(42, 19),
(42, 18),
(42, 11),
(42, 7),
(42, 2),
(43, 11),
(44, 3),
(44, 8),
(44, 6),
(44, 11),
(45, 14),
(45, 9),
(45, 4),
(45, 19),
(46, 12),
(46, 3),
(46, 11),
(46, 2),
(46, 9),
(47, 20),
(47, 9),
(47, 4),
(47, 18),
(48, 15),
(48, 6),
(48, 13),
(49, 6),
(49, 15),
(49, 11),
(49, 8),
(50, 18),
(50, 7),
(50, 16),
(50, 12),
(50, 13),
(50, 17),
(50, 19),
(51, 13),
(51, 15),
(52, 8),
(52, 9),
(52, 19),
(52, 11),
(52, 18),
(52, 12),
(53, 15),
(53, 9),
(54, 19),
(54, 4),
(54, 1),
(54, 8),
(54, 13),
(54, 14),
(56, 6),
(56, 12),
(56, 9),
(56, 20),
(56, 2),
(57, 18),
(57, 13),
(57, 19),
(58, 3),
(58, 16),
(58, 18),
(58, 11),
(58, 14),
(58, 20),
(59, 10),
(60, 14),
(60, 2),
(60, 12),
(60, 8),
(60, 5),
(60, 10),
(60, 18),
(60, 4),
(61, 9),
(62, 10),
(62, 8),
(63, 10),
(63, 16),
(63, 17),
(63, 2),
(63, 5),
(63, 9),
(64, 17),
(64, 13),
(64, 9),
(64, 8),
(64, 7),
(66, 6),
(67, 13),
(67, 14),
(67, 19),
(68, 7),
(68, 18),
(69, 16),
(70, 9),
(70, 8),
(70, 6),
(71, 16),
(71, 5),
(71, 13),
(73, 6),
(73, 4),
(73, 20),
(73, 9),
(73, 3),
(74, 15),
(74, 8),
(74, 10),
(74, 5),
(75, 18),
(76, 6),
(76, 20),
(76, 4),
(76, 7),
(76, 5),
(76, 18),
(76, 12),
(77, 17),
(77, 5),
(77, 15),
(77, 8),
(77, 18),
(78, 11),
(78, 18),
(78, 8),
(78, 2),
(78, 5),
(78, 19),
(79, 7),
(79, 6),
(79, 12),
(79, 8),
(79, 3),
(80, 11),
(81, 10),
(81, 4),
(81, 6),
(81, 14),
(81, 20),
(82, 6),
(82, 16),
(82, 3),
(82, 18),
(82, 2),
(82, 8),
(82, 12),
(83, 20),
(83, 11),
(83, 2),
(83, 1),
(83, 18),
(84, 2),
(84, 11),
(84, 18),
(84, 1),
(84, 10),
(84, 3),
(84, 7),
(85, 17),
(85, 15),
(86, 12),
(86, 20),
(86, 11),
(86, 5),
(86, 17),
(87, 13),
(87, 7),
(87, 17),
(87, 3),
(87, 12),
(87, 18),
(88, 14),
(88, 3),
(88, 20),
(88, 7),
(88, 5),
(88, 13),
(88, 11),
(88, 19),
(89, 12),
(89, 20),
(90, 18),
(90, 11),
(91, 3),
(91, 11),
(91, 18),
(91, 12),
(91, 7),
(91, 6),
(91, 2),
(91, 5),
(92, 13),
(92, 17),
(92, 18),
(92, 14),
(92, 20),
(92, 7),
(93, 4),
(93, 7),
(93, 1),
(95, 10),
(95, 2),
(95, 11),
(95, 14),
(95, 18),
(95, 16),
(95, 13),
(95, 8),
(96, 17),
(96, 12),
(97, 18),
(97, 1),
(97, 15),
(97, 13),
(97, 6),
(97, 7),
(97, 14),
(97, 2),
(98, 5),
(98, 2),
(99, 1),
(99, 10),
(99, 18),
(100, 11),
(100, 19),
(101, 16),
(101, 4),
(101, 15),
(101, 13),
(101, 8),
(101, 12),
(102, 5),
(102, 13),
(102, 16),
(102, 18),
(102, 1),
(102, 12),
(106, 18),
(106, 15),
(106, 14),
(106, 17),
(106, 10),
(106, 4),
(107, 10),
(107, 7),
(108, 20),
(108, 17),
(108, 12),
(108, 5),
(109, 15),
(109, 20),
(109, 13),
(109, 1),
(109, 7),
(110, 15),
(111, 20),
(111, 16),
(111, 10),
(111, 7),
(112, 11),
(112, 10),
(112, 9),
(112, 17),
(112, 16),
(113, 17),
(114, 16),
(114, 20),
(114, 8),
(114, 10),
(114, 11),
(114, 4),
(114, 18),
(115, 16),
(115, 7),
(115, 1),
(115, 3),
(115, 12),
(115, 11),
(115, 5),
(115, 13),
(117, 14),
(117, 10),
(117, 11),
(117, 12),
(117, 4),
(117, 19),
(118, 2),
(118, 9),
(118, 1),
(118, 13),
(119, 9),
(119, 14),
(119, 4),
(119, 20),
(119, 10),
(119, 6),
(119, 3),
(119, 1),
(121, 16),
(122, 11),
(122, 5),
(122, 7),
(122, 15),
(122, 1),
(122, 6),
(122, 2),
(123, 9),
(123, 10),
(124, 19),
(124, 10),
(124, 1),
(124, 6),
(125, 15),
(125, 9),
(125, 10),
(125, 4),
(125, 11),
(125, 7),
(125, 8),
(125, 17),
(126, 18),
(126, 20),
(126, 8),
(126, 16),
(126, 15),
(126, 3),
(126, 17),
(126, 6),
(128, 17),
(128, 20),
(128, 11),
(128, 8),
(128, 14),
(128, 7),
(128, 3),
(128, 1),
(129, 20),
(129, 4),
(129, 11),
(129, 2),
(129, 7),
(129, 1),
(129, 12),
(129, 18),
(130, 13),
(130, 17),
(132, 13),
(132, 14),
(132, 20),
(133, 4),
(133, 8),
(133, 9),
(133, 15),
(133, 14),
(133, 7),
(133, 3),
(133, 19),
(135, 12),
(136, 16),
(136, 11),
(136, 12),
(136, 6),
(137, 7),
(137, 9),
(137, 11),
(137, 15),
(137, 12),
(137, 2),
(137, 3),
(138, 17),
(138, 10),
(138, 15),
(138, 1),
(138, 4),
(138, 19),
(138, 11),
(139, 10),
(139, 2),
(139, 3),
(140, 4),
(140, 8),
(141, 2),
(142, 8),
(142, 18),
(142, 5),
(142, 3),
(142, 7),
(142, 19),
(144, 18),
(145, 2),
(145, 1),
(145, 16),
(146, 6);
INSERT INTO PUBLIC.LAWS_SUPPORTERS(LAW_MODEL_ID, SUPPORTERS_ID) VALUES
(146, 7),
(146, 9),
(146, 5),
(146, 15),
(146, 1),
(146, 8),
(147, 3),
(147, 18),
(147, 9),
(147, 1),
(147, 4),
(147, 13),
(147, 10),
(147, 15),
(148, 11),
(148, 1),
(148, 13),
(149, 15),
(149, 7),
(150, 13),
(151, 13),
(151, 17),
(151, 15),
(151, 11),
(151, 18),
(151, 1),
(151, 10),
(151, 12),
(151, 14),
(151, 19),
(152, 20),
(152, 5),
(152, 8),
(152, 10),
(152, 12),
(152, 2),
(152, 13),
(152, 11),
(152, 9),
(152, 15),
(153, 19),
(153, 8),
(153, 12),
(153, 5),
(153, 10),
(153, 9),
(153, 11),
(153, 17),
(153, 7),
(153, 15),
(154, 11),
(154, 12),
(154, 6),
(154, 8),
(154, 4),
(154, 13),
(154, 5),
(154, 20),
(154, 9),
(154, 2),
(155, 10),
(155, 13),
(155, 1),
(155, 12),
(155, 7),
(155, 3),
(155, 18),
(155, 14),
(155, 11),
(155, 5),
(156, 6),
(156, 10),
(156, 19),
(156, 1),
(156, 2),
(156, 16),
(156, 14),
(156, 3),
(156, 8),
(156, 7),
(157, 4),
(157, 8),
(157, 6),
(157, 2),
(157, 11),
(157, 18),
(157, 9),
(157, 16),
(157, 10),
(157, 5),
(158, 15),
(158, 4),
(158, 3),
(158, 6),
(158, 19),
(158, 20),
(158, 2),
(158, 11),
(158, 12),
(158, 18),
(159, 9),
(159, 20),
(159, 15),
(159, 3),
(159, 11),
(159, 12),
(159, 5),
(159, 18),
(159, 7),
(159, 10),
(160, 6),
(160, 9),
(160, 12),
(160, 13),
(160, 10),
(160, 8),
(160, 5),
(160, 2),
(160, 11),
(160, 4),
(161, 12),
(161, 3),
(161, 1),
(161, 9),
(161, 11),
(161, 20),
(161, 13),
(161, 5),
(161, 17),
(161, 4),
(162, 10),
(162, 7),
(162, 20),
(162, 4),
(162, 14),
(162, 2),
(162, 6),
(162, 13),
(162, 3),
(162, 1),
(163, 17),
(163, 14),
(163, 1),
(163, 8),
(163, 10),
(163, 18),
(163, 4),
(163, 2),
(163, 11),
(163, 3),
(164, 7),
(164, 18),
(164, 20),
(164, 1),
(164, 16),
(164, 2),
(164, 13),
(164, 12),
(164, 10),
(164, 5),
(165, 5),
(165, 1),
(165, 12),
(165, 3),
(165, 9),
(165, 19),
(165, 4),
(165, 7),
(165, 11),
(165, 20),
(166, 12),
(166, 19),
(166, 18),
(166, 10),
(166, 15),
(166, 16),
(166, 11),
(166, 9),
(166, 7),
(166, 5),
(167, 18),
(167, 7),
(167, 6),
(167, 15),
(167, 11),
(167, 1),
(167, 19),
(167, 16),
(167, 12),
(167, 17),
(168, 2),
(168, 8),
(168, 9),
(168, 6),
(168, 5),
(168, 4),
(168, 3),
(168, 12),
(168, 11),
(168, 13),
(169, 7),
(169, 3),
(169, 13),
(169, 12),
(169, 6),
(169, 4),
(169, 1),
(169, 10),
(169, 15),
(169, 14),
(170, 3),
(170, 13),
(170, 15),
(170, 1),
(170, 18),
(170, 11),
(170, 12),
(170, 6),
(170, 17),
(170, 9),
(171, 14),
(171, 11),
(171, 12),
(171, 20),
(171, 19),
(171, 4),
(171, 15),
(171, 7),
(171, 5),
(171, 10),
(172, 11),
(172, 7),
(172, 2),
(172, 12),
(172, 14),
(172, 1),
(172, 8),
(172, 4),
(172, 20),
(172, 3),
(173, 20),
(173, 2),
(173, 11),
(173, 10),
(173, 6),
(173, 1),
(173, 5),
(173, 17),
(173, 19),
(173, 15),
(174, 17),
(174, 4),
(174, 15),
(174, 12),
(174, 19),
(174, 16),
(174, 1),
(174, 3),
(174, 8),
(174, 14),
(175, 18),
(175, 5),
(175, 12),
(175, 11),
(175, 19),
(175, 1),
(175, 6),
(175, 16),
(175, 13),
(175, 2),
(176, 6),
(176, 15),
(176, 9),
(176, 14),
(176, 8),
(176, 5),
(176, 10),
(176, 3),
(176, 2),
(176, 7),
(177, 5),
(177, 8),
(177, 3),
(177, 6),
(177, 19),
(177, 1),
(177, 13),
(177, 18),
(177, 20),
(177, 12),
(178, 5),
(178, 19),
(178, 20),
(178, 1),
(178, 18),
(178, 13),
(178, 15),
(178, 17),
(178, 10),
(178, 12),
(179, 19),
(179, 11),
(179, 7),
(179, 5),
(179, 12),
(179, 16),
(179, 20),
(179, 3),
(179, 14),
(179, 8),
(180, 10),
(180, 7),
(180, 1),
(180, 13),
(180, 3),
(180, 15),
(180, 19),
(180, 12),
(180, 11),
(180, 2),
(181, 14),
(181, 18),
(181, 8),
(181, 19),
(181, 3),
(181, 7),
(181, 1),
(181, 4),
(181, 9),
(181, 10),
(182, 3),
(182, 5),
(182, 19),
(182, 2),
(182, 8),
(182, 6),
(182, 14),
(182, 10),
(182, 18),
(182, 4),
(183, 13),
(183, 14),
(183, 3),
(183, 4),
(183, 16),
(183, 2),
(183, 6),
(183, 8),
(183, 17),
(183, 10),
(184, 13),
(184, 10),
(184, 15),
(184, 5),
(184, 11),
(184, 16),
(184, 2),
(184, 17),
(184, 14),
(184, 7),
(185, 11),
(185, 9),
(185, 8),
(185, 18),
(185, 19),
(185, 20),
(185, 13),
(185, 17),
(185, 10),
(185, 7),
(186, 1),
(186, 7),
(186, 4),
(186, 9),
(186, 3),
(186, 15),
(186, 6),
(186, 8),
(186, 10),
(186, 18),
(187, 4),
(187, 13),
(187, 17);
INSERT INTO PUBLIC.LAWS_SUPPORTERS(LAW_MODEL_ID, SUPPORTERS_ID) VALUES
(187, 10),
(187, 16),
(187, 19),
(187, 6),
(187, 2),
(187, 1),
(187, 15),
(188, 18),
(188, 16),
(188, 9),
(188, 6),
(188, 12),
(188, 14),
(188, 20),
(188, 1),
(188, 8),
(188, 10),
(189, 15),
(189, 2),
(189, 16),
(189, 7),
(189, 9),
(189, 13),
(189, 10),
(189, 8),
(189, 11),
(189, 14),
(190, 2),
(190, 10),
(190, 19),
(190, 8),
(190, 4),
(190, 7),
(190, 20),
(190, 18),
(190, 3),
(190, 11),
(191, 6),
(191, 11),
(191, 4),
(191, 13),
(191, 3),
(191, 17),
(191, 16),
(191, 2),
(191, 8),
(191, 12),
(192, 18),
(192, 13),
(192, 15),
(192, 6),
(192, 20),
(192, 17),
(192, 10),
(192, 14),
(192, 1),
(192, 16),
(193, 8),
(193, 6),
(193, 19),
(193, 1),
(193, 2),
(193, 13),
(193, 12),
(193, 11),
(193, 17),
(193, 7),
(194, 2),
(194, 16),
(194, 19),
(194, 6),
(194, 9),
(194, 7),
(194, 12),
(194, 11),
(194, 1),
(194, 10),
(195, 5),
(195, 14),
(195, 6),
(195, 9),
(195, 15),
(195, 4),
(195, 11),
(195, 16),
(195, 1),
(195, 3),
(196, 2),
(196, 1),
(196, 16),
(196, 8),
(196, 20),
(196, 5),
(196, 9),
(196, 3),
(196, 15),
(196, 6),
(197, 6),
(197, 12),
(197, 20),
(197, 5),
(197, 13),
(197, 7),
(197, 15),
(197, 17),
(197, 16),
(197, 9),
(198, 11),
(198, 4),
(198, 7),
(198, 12),
(198, 8),
(198, 20),
(198, 19),
(198, 15),
(198, 10),
(198, 18),
(199, 9),
(199, 4),
(199, 19),
(199, 20),
(199, 5),
(199, 8),
(199, 16),
(199, 2),
(199, 12),
(199, 13),
(200, 17),
(200, 3),
(200, 9),
(200, 20),
(200, 11),
(200, 8),
(200, 15),
(200, 16),
(200, 14),
(200, 19),
(201, 19),
(201, 15),
(201, 7),
(201, 16),
(201, 14),
(201, 17),
(201, 20),
(201, 11),
(201, 9),
(201, 13),
(202, 2),
(202, 8),
(202, 10),
(202, 13),
(202, 3),
(202, 11),
(202, 9),
(202, 17),
(202, 19),
(202, 4),
(203, 14),
(203, 18),
(203, 20),
(203, 5),
(203, 3),
(203, 2),
(203, 4),
(203, 15),
(203, 10),
(203, 17),
(204, 17),
(204, 5),
(204, 20),
(204, 9),
(204, 12),
(204, 10),
(204, 14),
(204, 15),
(204, 16),
(204, 3),
(205, 18),
(205, 14),
(205, 5),
(205, 2),
(205, 15),
(205, 10),
(205, 20),
(205, 6),
(205, 12),
(205, 3),
(206, 17),
(206, 8),
(206, 14),
(206, 19),
(206, 4),
(206, 15),
(206, 3),
(206, 20),
(206, 2),
(206, 6),
(214, 7),
(214, 4),
(214, 13),
(214, 18),
(214, 11),
(214, 16),
(214, 2),
(214, 14),
(214, 3),
(214, 17),
(221, 13),
(221, 4),
(221, 11),
(221, 10),
(221, 12),
(221, 3),
(221, 16),
(221, 2),
(221, 19),
(221, 6),
(228, 8),
(228, 18),
(228, 9),
(228, 12),
(228, 2),
(228, 20),
(228, 15),
(228, 14),
(228, 10),
(228, 11),
(235, 19),
(235, 2),
(235, 20),
(235, 7),
(235, 13),
(235, 8),
(235, 3),
(235, 1),
(235, 4),
(235, 18),
(242, 14),
(242, 12),
(242, 20),
(242, 11),
(242, 15),
(242, 16),
(242, 6),
(242, 3),
(242, 7),
(242, 1),
(250, 3),
(250, 17),
(250, 2),
(250, 5),
(250, 11),
(250, 13),
(250, 20),
(250, 18),
(250, 7),
(250, 9),
(257, 19),
(257, 20),
(257, 9),
(257, 18),
(257, 4),
(257, 5),
(257, 6),
(257, 11),
(257, 16),
(257, 15),
(264, 17),
(264, 7),
(264, 8),
(264, 19),
(264, 20),
(264, 14),
(264, 4),
(264, 13),
(264, 12),
(264, 1),
(271, 17),
(271, 9),
(271, 3),
(271, 10),
(271, 18),
(271, 16),
(271, 15),
(271, 4),
(271, 2),
(271, 1),
(294, 2),
(294, 10),
(294, 15),
(294, 1),
(294, 7),
(294, 4),
(294, 3),
(294, 14),
(294, 19),
(294, 9),
(302, 7),
(302, 20),
(302, 17),
(302, 6),
(302, 2),
(302, 13),
(302, 10),
(302, 4),
(302, 11),
(302, 5),
(309, 15),
(309, 13),
(309, 14),
(309, 9),
(309, 20),
(309, 8),
(309, 5),
(309, 1),
(309, 11),
(309, 16),
(316, 11),
(316, 17),
(316, 12),
(316, 7),
(316, 14),
(316, 1),
(316, 18),
(316, 5),
(316, 9),
(316, 4),
(323, 11),
(323, 20),
(323, 17),
(323, 18),
(323, 4),
(323, 9),
(323, 19),
(323, 8),
(323, 12),
(323, 3),
(346, 13),
(346, 9),
(346, 5),
(346, 14),
(346, 2),
(346, 11),
(346, 17),
(346, 12),
(346, 6),
(346, 7),
(346, 19),
(346, 16),
(346, 10),
(346, 18),
(346, 8),
(346, 4),
(346, 15),
(346, 3),
(346, 20),
(347, 19),
(347, 9),
(347, 4),
(347, 18),
(347, 5),
(347, 15),
(347, 2),
(347, 12),
(347, 11),
(347, 6),
(347, 10),
(347, 3),
(347, 8),
(347, 13),
(347, 14),
(347, 7),
(347, 20);
CREATE MEMORY TABLE PUBLIC.ONE_TIME_TOKEN(
ID BIGINT NOT NULL,
CREATED_AT TIMESTAMP NOT NULL,
UPDATED_AT TIMESTAMP NOT NULL,
TOKEN VARCHAR(255) NOT NULL,
TOKEN_TYPE INTEGER NOT NULL,
VALID_UNTIL TIMESTAMP NOT NULL,
USER_ID BIGINT NOT NULL
);
ALTER TABLE PUBLIC.ONE_TIME_TOKEN ADD CONSTRAINT PUBLIC.CONSTRAINT_4 PRIMARY KEY(ID);
-- 0 +/- SELECT COUNT(*) FROM PUBLIC.ONE_TIME_TOKEN;
CREATE MEMORY TABLE PUBLIC.POLLS(
ID BIGINT NOT NULL,
CREATED_AT TIMESTAMP NOT NULL,
UPDATED_AT TIMESTAMP NOT NULL,
STATUS INTEGER,
VOTING_END_AT TIMESTAMP,
VOTING_START_AT TIMESTAMP,
WINNER_ID BIGINT
);
ALTER TABLE PUBLIC.POLLS ADD CONSTRAINT PUBLIC.CONSTRAINT_48 PRIMARY KEY(ID);
-- 3 +/- SELECT COUNT(*) FROM PUBLIC.POLLS;
INSERT INTO PUBLIC.POLLS(ID, CREATED_AT, UPDATED_AT, STATUS, VOTING_END_AT, VOTING_START_AT, WINNER_ID) VALUES
(213, TIMESTAMP '2018-12-05 18:48:57.56', TIMESTAMP '2018-12-05 18:48:57.56', 0, TIMESTAMP '2019-01-09 00:00:00', TIMESTAMP '2018-12-26 00:00:00', NULL),
(249, TIMESTAMP '2018-11-27 18:48:57.639', TIMESTAMP '2018-12-12 18:48:57.651', 1, TIMESTAMP '2018-12-25 00:00:00', TIMESTAMP '2018-12-11 18:48:57.648', NULL),
(301, TIMESTAMP '2018-12-29 11:51:53.589', TIMESTAMP '2018-12-12 18:49:06.303', 2, TIMESTAMP '2018-12-12 18:49:06.294', TIMESTAMP '2018-11-23 18:49:06.29', 294);
CREATE MEMORY TABLE PUBLIC.USERS(
ID BIGINT NOT NULL,
CREATED_AT TIMESTAMP NOT NULL,
UPDATED_AT TIMESTAMP NOT NULL,
EMAIL VARCHAR(255) NOT NULL,
MOBILEPHONE VARCHAR(255),
NAME VARCHAR(255),
PICTURE VARCHAR(255),
WEBSITE VARCHAR(255)
);
ALTER TABLE PUBLIC.USERS ADD CONSTRAINT PUBLIC.CONSTRAINT_4D PRIMARY KEY(ID);
-- 20 +/- SELECT COUNT(*) FROM PUBLIC.USERS;
INSERT INTO PUBLIC.USERS(ID, CREATED_AT, UPDATED_AT, EMAIL, MOBILEPHONE, NAME, PICTURE, WEBSITE) VALUES
(1, TIMESTAMP '2018-12-12 18:48:51.495', TIMESTAMP '2018-12-12 18:48:51.495', 'testuser1@liquido.de', '+49123451', 'Test User1', '/static/img/photos/1.png', 'http://www.liquido.de'),
(2, TIMESTAMP '2018-12-12 18:48:51.501', TIMESTAMP '2018-12-12 18:48:51.501', 'testuser2@liquido.de', '+49123452', 'Test User2', '/static/img/photos/2.png', 'http://www.liquido.de'),
(3, TIMESTAMP '2018-12-12 18:48:51.508', TIMESTAMP '2018-12-12 18:48:51.508', 'testuser3@liquido.de', '+49123453', 'Test User3', '/static/img/photos/3.png', 'http://www.liquido.de'),
(4, TIMESTAMP '2018-12-12 18:48:51.51', TIMESTAMP '2018-12-12 18:48:51.51', 'testuser4@liquido.de', '+49123454', 'Test User4', '/static/img/photos/1.png', 'http://www.liquido.de'),
(5, TIMESTAMP '2018-12-12 18:48:51.511', TIMESTAMP '2018-12-12 18:48:51.511', 'testuser5@liquido.de', '+49123455', 'Test User5', '/static/img/photos/2.png', 'http://www.liquido.de'),
(6, TIMESTAMP '2018-12-12 18:48:51.513', TIMESTAMP '2018-12-12 18:48:51.513', 'testuser6@liquido.de', '+49123456', 'Test User6', '/static/img/photos/3.png', 'http://www.liquido.de'),
(7, TIMESTAMP '2018-12-12 18:48:51.515', TIMESTAMP '2018-12-12 18:48:51.515', 'testuser7@liquido.de', '+49123457', 'Test User7', '/static/img/photos/1.png', 'http://www.liquido.de'),
(8, TIMESTAMP '2018-12-12 18:48:51.517', TIMESTAMP '2018-12-12 18:48:51.517', 'testuser8@liquido.de', '+49123458', 'Test User8', '/static/img/photos/2.png', 'http://www.liquido.de'),
(9, TIMESTAMP '2018-12-12 18:48:51.519', TIMESTAMP '2018-12-12 18:48:51.519', 'testuser9@liquido.de', '+49123459', 'Test User9', '/static/img/photos/3.png', 'http://www.liquido.de'),
(10, TIMESTAMP '2018-12-12 18:48:51.52', TIMESTAMP '2018-12-12 18:48:51.52', 'testuser10@liquido.de', '+491234510', 'Test User10', '/static/img/photos/1.png', 'http://www.liquido.de'),
(11, TIMESTAMP '2018-12-12 18:48:51.522', TIMESTAMP '2018-12-12 18:48:51.522', 'testuser11@liquido.de', '+491234511', 'Test User11', '/static/img/photos/2.png', 'http://www.liquido.de'),
(12, TIMESTAMP '2018-12-12 18:48:51.523', TIMESTAMP '2018-12-12 18:48:51.523', 'testuser12@liquido.de', '+491234512', 'Test User12', '/static/img/photos/3.png', 'http://www.liquido.de'),
(13, TIMESTAMP '2018-12-12 18:48:51.525', TIMESTAMP '2018-12-12 18:48:51.525', 'testuser13@liquido.de', '+491234513', 'Test User13', '/static/img/photos/1.png', 'http://www.liquido.de'),
(14, TIMESTAMP '2018-12-12 18:48:51.526', TIMESTAMP '2018-12-12 18:48:51.526', 'testuser14@liquido.de', '+491234514', 'Test User14', '/static/img/photos/2.png', 'http://www.liquido.de'),
(15, TIMESTAMP '2018-12-12 18:48:51.528', TIMESTAMP '2018-12-12 18:48:51.528', 'testuser15@liquido.de', '+491234515', 'Test User15', '/static/img/photos/3.png', 'http://www.liquido.de'),
(16, TIMESTAMP '2018-12-12 18:48:51.531', TIMESTAMP '2018-12-12 18:48:51.531', 'testuser16@liquido.de', '+491234516', 'Test User16', '/static/img/photos/1.png', 'http://www.liquido.de'),
(17, TIMESTAMP '2018-12-12 18:48:51.533', TIMESTAMP '2018-12-12 18:48:51.533', 'testuser17@liquido.de', '+491234517', 'Test User17', '/static/img/photos/2.png', 'http://www.liquido.de'),
(18, TIMESTAMP '2018-12-12 18:48:51.535', TIMESTAMP '2018-12-12 18:48:51.535', 'testuser18@liquido.de', '+491234518', 'Test User18', '/static/img/photos/3.png', 'http://www.liquido.de'),
(19, TIMESTAMP '2018-12-12 18:48:51.538', TIMESTAMP '2018-12-12 18:48:51.538', 'testuser19@liquido.de', '+491234519', 'Test User19', '/static/img/photos/1.png', 'http://www.liquido.de'),
(20, TIMESTAMP '2018-12-12 18:48:51.539', TIMESTAMP '2018-12-12 18:48:51.539', 'testuser20@liquido.de', '+491234520', 'Test User20', '/static/img/photos/2.png', 'http://www.liquido.de');
-- 0 +/- SELECT COUNT(*) FROM PUBLIC.QRTZ_CALENDARS;
-- 0 +/- SELECT COUNT(*) FROM PUBLIC.QRTZ_CRON_TRIGGERS;
-- 0 +/- SELECT COUNT(*) FROM PUBLIC.QRTZ_FIRED_TRIGGERS;
-- 0 +/- SELECT COUNT(*) FROM PUBLIC.QRTZ_PAUSED_TRIGGER_GRPS;
-- 0 +/- SELECT COUNT(*) FROM PUBLIC.QRTZ_SCHEDULER_STATE;
-- 1 +/- SELECT COUNT(*) FROM PUBLIC.QRTZ_LOCKS;
-- 2 +/- SELECT COUNT(*) FROM PUBLIC.QRTZ_JOB_DETAILS;
-- 2 +/- SELECT COUNT(*) FROM PUBLIC.QRTZ_SIMPLE_TRIGGERS;
-- 0 +/- SELECT COUNT(*) FROM PUBLIC.QRTZ_SIMPROP_TRIGGERS;
-- 0 +/- SELECT COUNT(*) FROM PUBLIC.QRTZ_BLOB_TRIGGERS;
-- 2 +/- SELECT COUNT(*) FROM PUBLIC.QRTZ_TRIGGERS;
ALTER TABLE PUBLIC.AREAS ADD CONSTRAINT PUBLIC.UK_P61HNJ1M450KNDUSCXOLDCHFJ UNIQUE(TITLE);
ALTER TABLE PUBLIC.USERS ADD CONSTRAINT PUBLIC.UK_6DOTKOTT2KJSP8VW4D0M25FB7 UNIQUE(EMAIL);
ALTER TABLE PUBLIC.LAWS ADD CONSTRAINT PUBLIC.UK_BS516OPV3HONTPTWVPIOOS72B UNIQUE(TITLE);
ALTER TABLE PUBLIC.DELEGATIONS ADD CONSTRAINT PUBLIC.UK2WYH7POIF8NPDWLUR8DFORD0J UNIQUE(AREA_ID, FROM_USER_ID);
ALTER TABLE PUBLIC.LAWS_COMMENTS ADD CONSTRAINT PUBLIC.UK_OF3YV6X3MAHJPHJBJE5XHRXC8 UNIQUE(COMMENTS_ID);
ALTER TABLE PUBLIC.BALLOTS ADD CONSTRAINT PUBLIC.UKHWWEPK8N3CE54LEREWX2FMYXF UNIQUE(POLL_ID, CHECKSUM);
ALTER TABLE PUBLIC.CHECKSUMS ADD CONSTRAINT PUBLIC.UKL0XNKLNHLK4PTWSU9B0QXTYBN UNIQUE(AREA_ID, PUBLIC_PROXY_ID);
ALTER TABLE PUBLIC.KEY_VALUE ADD CONSTRAINT PUBLIC.UK_GVYP924RQ0A5Y8U3EMJS35G2Q UNIQUE(KEY);
ALTER TABLE PUBLIC.AREAS ADD CONSTRAINT PUBLIC.FKP9N0U4HM2Q1O7V0068C8GD4EL FOREIGN KEY(CREATED_BY_ID) REFERENCES PUBLIC.USERS(ID) NOCHECK;
ALTER TABLE PUBLIC.DELEGATIONS ADD CONSTRAINT PUBLIC.FK1Y1R0D478R9NTDMUIYKKUHADV FOREIGN KEY(REQUESTED_DELEGATION_FROM_CHECKSUM_CHECKSUM) REFERENCES PUBLIC.CHECKSUMS(CHECKSUM) NOCHECK;
ALTER TABLE PUBLIC.DELEGATIONS ADD CONSTRAINT PUBLIC.FKSWBDEOVC7HSQ5EX30PBMDU9D4 FOREIGN KEY(AREA_ID) REFERENCES PUBLIC.AREAS(ID) NOCHECK;
ALTER TABLE PUBLIC.LAWS ADD CONSTRAINT PUBLIC.FK4QUHD81MM84X6RQ0CCBXSEYXX FOREIGN KEY(POLL_ID) REFERENCES PUBLIC.POLLS(ID) NOCHECK;
ALTER TABLE PUBLIC.LAWS_SUPPORTERS ADD CONSTRAINT PUBLIC.FK9B4I87YIKUCHRIRFJAYMGOHE3 FOREIGN KEY(LAW_MODEL_ID) REFERENCES PUBLIC.LAWS(ID) NOCHECK;
ALTER TABLE PUBLIC.BALLOTS ADD CONSTRAINT PUBLIC.FKOG7SHPLJ1CCOH8N9AO4Y16LQ3 FOREIGN KEY(POLL_ID) REFERENCES PUBLIC.POLLS(ID) NOCHECK;
ALTER TABLE PUBLIC.COMMENTS_DOWN_VOTERS ADD CONSTRAINT PUBLIC.FK62ILAC17TG4CPKRHEONUD72HV FOREIGN KEY(DOWN_VOTERS_ID) REFERENCES PUBLIC.USERS(ID) NOCHECK;
ALTER TABLE PUBLIC.CHECKSUMS ADD CONSTRAINT PUBLIC.FKDFLPSE9FSOGY1FMFDY2W79RG FOREIGN KEY(DELEGATED_TO_CHECKSUM) REFERENCES PUBLIC.CHECKSUMS(CHECKSUM) NOCHECK;
ALTER TABLE PUBLIC.BALLOTS_VOTE_ORDER ADD CONSTRAINT PUBLIC.FKIH6THEWVJEH3OW9DL1YTJ9AWB FOREIGN KEY(BALLOT_MODEL_ID) REFERENCES PUBLIC.BALLOTS(ID) NOCHECK;
ALTER TABLE PUBLIC.CHECKSUMS ADD CONSTRAINT PUBLIC.FK68FTLVL0MWTVOQD3BFUPP0XRG FOREIGN KEY(PUBLIC_PROXY_ID) REFERENCES PUBLIC.USERS(ID) NOCHECK;
ALTER TABLE PUBLIC.LAWS ADD CONSTRAINT PUBLIC.FKTR1PLL46Q50SHWBFFYIYUAVGN FOREIGN KEY(CREATED_BY_ID) REFERENCES PUBLIC.USERS(ID) NOCHECK;
ALTER TABLE PUBLIC.ONE_TIME_TOKEN ADD CONSTRAINT PUBLIC.FK4O21XT1RMRICB3EA4TO5NKR8D FOREIGN KEY(USER_ID) REFERENCES PUBLIC.USERS(ID) NOCHECK;
ALTER TABLE PUBLIC.BALLOTS_VOTE_ORDER ADD CONSTRAINT PUBLIC.FKOWD5MAD84QVWGST43698A6GX5 FOREIGN KEY(VOTE_ORDER_ID) REFERENCES PUBLIC.LAWS(ID) NOCHECK;
ALTER TABLE PUBLIC.COMMENTS ADD CONSTRAINT PUBLIC.FKAKKM6QFYDU7VGNFNE1YO0XMED FOREIGN KEY(CREATED_BY_ID) REFERENCES PUBLIC.USERS(ID) NOCHECK;
ALTER TABLE PUBLIC.DELEGATIONS ADD CONSTRAINT PUBLIC.FK21A6LG8FU2JS6E0JU41WJ2GQP FOREIGN KEY(TO_PROXY_ID) REFERENCES PUBLIC.USERS(ID) NOCHECK;
ALTER TABLE PUBLIC.LAWS_COMMENTS ADD CONSTRAINT PUBLIC.FK36FBKIUITRV0YRVY8S0IG46IX FOREIGN KEY(LAW_MODEL_ID) REFERENCES PUBLIC.LAWS(ID) NOCHECK;
ALTER TABLE PUBLIC.POLLS ADD CONSTRAINT PUBLIC.FKQADOVSMQ4UOK58SP9HKHWJQIS FOREIGN KEY(WINNER_ID) REFERENCES PUBLIC.LAWS(ID) NOCHECK;
ALTER TABLE PUBLIC.DELEGATIONS ADD CONSTRAINT PUBLIC.FK9KOYA2MI6T18VF7U1FROBKNIQ FOREIGN KEY(FROM_USER_ID) REFERENCES PUBLIC.USERS(ID) NOCHECK;
ALTER TABLE PUBLIC.BALLOTS ADD CONSTRAINT PUBLIC.FK1RRV2WY16UQONFL9CR1CQG2XD FOREIGN KEY(CHECKSUM) REFERENCES PUBLIC.CHECKSUMS(CHECKSUM) NOCHECK;
ALTER TABLE PUBLIC.LAWS ADD CONSTRAINT PUBLIC.FK9VIQDJ5LDUN0AHWQDFF1WUY39 FOREIGN KEY(AREA_ID) REFERENCES PUBLIC.AREAS(ID) NOCHECK;
ALTER TABLE PUBLIC.LAWS_COMMENTS ADD CONSTRAINT PUBLIC.FKFL0Y4QFVFPF9YNMMFJ0JEVXFF FOREIGN KEY(COMMENTS_ID) REFERENCES PUBLIC.COMMENTS(ID) NOCHECK;
ALTER TABLE PUBLIC.COMMENTS_UP_VOTERS ADD CONSTRAINT PUBLIC.FKEUURM027PDC4L5A9G9O2L0UYD FOREIGN KEY(UP_VOTERS_ID) REFERENCES PUBLIC.USERS(ID) NOCHECK;
ALTER TABLE PUBLIC.COMMENTS ADD CONSTRAINT PUBLIC.FKLRI30OKF66PHTCGBE5POK7CC0 FOREIGN KEY(PARENT_ID) REFERENCES PUBLIC.COMMENTS(ID) NOCHECK;
ALTER TABLE PUBLIC.COMMENTS_UP_VOTERS ADD CONSTRAINT PUBLIC.FK8LS8T571Y99VTTW1MDKEBXAGP FOREIGN KEY(COMMENT_MODEL_ID) REFERENCES PUBLIC.COMMENTS(ID) NOCHECK;
ALTER TABLE PUBLIC.LAWS_SUPPORTERS ADD CONSTRAINT PUBLIC.FKK8MVJC4RQ970OJAVYFIA9BQVE FOREIGN KEY(SUPPORTERS_ID) REFERENCES PUBLIC.USERS(ID) NOCHECK;
ALTER TABLE PUBLIC.COMMENTS_DOWN_VOTERS ADD CONSTRAINT PUBLIC.FKJYMYJ54LENHS4KE6MYQHLY72 FOREIGN KEY(COMMENT_MODEL_ID) REFERENCES PUBLIC.COMMENTS(ID) NOCHECK;
ALTER TABLE PUBLIC.CHECKSUMS ADD CONSTRAINT PUBLIC.FKLLW57XBW0D67OPTMWFMU3P2PC FOREIGN KEY(AREA_ID) REFERENCES PUBLIC.AREAS(ID) NOCHECK;
