SET DB_CLOSE_DELAY -1;
;
CREATE USER IF NOT EXISTS SA SALT '768c46a07d03945e' HASH '7c0987e8cea8f69189d991c698a4df849362272e4ce18eaa01fd02e058bea33c' ADMIN;
CREATE SEQUENCE PUBLIC.HIBERNATE_SEQUENCE START WITH 397;
CREATE MEMORY TABLE PUBLIC.AREAS(
ID BIGINT NOT NULL,
CREATED_AT TIMESTAMP NOT NULL,
UPDATED_AT TIMESTAMP NOT NULL,
DESCRIPTION VARCHAR(255) NOT NULL,
TITLE VARCHAR(255) NOT NULL,
CREATED_BY_ID BIGINT NOT NULL
);
ALTER TABLE PUBLIC.AREAS ADD CONSTRAINT PUBLIC.CONSTRAINT_3 PRIMARY KEY(ID);
-- 10 +/- SELECT COUNT(*) FROM PUBLIC.AREAS;
INSERT INTO PUBLIC.AREAS(ID, CREATED_AT, UPDATED_AT, DESCRIPTION, TITLE, CREATED_BY_ID) VALUES
(21, TIMESTAMP '2019-03-06 14:14:10.037', TIMESTAMP '2019-03-06 14:14:10.037', 'Nice description for test area #0', 'Area 0', 1),
(22, TIMESTAMP '2019-03-06 14:14:10.047', TIMESTAMP '2019-03-06 14:14:10.047', 'Nice description for test area #1', 'Area 1', 1),
(23, TIMESTAMP '2019-03-06 14:14:10.05', TIMESTAMP '2019-03-06 14:14:10.05', 'Nice description for test area #2', 'Area 2', 1),
(24, TIMESTAMP '2019-03-06 14:14:10.059', TIMESTAMP '2019-03-06 14:14:10.059', 'Nice description for test area #3', 'Area 3', 1),
(25, TIMESTAMP '2019-03-06 14:14:10.063', TIMESTAMP '2019-03-06 14:14:10.063', 'Nice description for test area #4', 'Area 4', 1),
(26, TIMESTAMP '2019-03-06 14:14:10.068', TIMESTAMP '2019-03-06 14:14:10.068', 'Nice description for test area #5', 'Area 5', 1),
(27, TIMESTAMP '2019-03-06 14:14:10.075', TIMESTAMP '2019-03-06 14:14:10.075', 'Nice description for test area #6', 'Area 6', 1),
(28, TIMESTAMP '2019-03-06 14:14:10.078', TIMESTAMP '2019-03-06 14:14:10.078', 'Nice description for test area #7', 'Area 7', 1),
(29, TIMESTAMP '2019-03-06 14:14:10.08', TIMESTAMP '2019-03-06 14:14:10.08', 'Nice description for test area #8', 'Area 8', 1),
(30, TIMESTAMP '2019-03-06 14:14:10.083', TIMESTAMP '2019-03-06 14:14:10.083', 'Nice description for test area #9', 'Area 9', 1);
CREATE MEMORY TABLE PUBLIC.BALLOTS(
ID BIGINT NOT NULL,
LEVEL INTEGER NOT NULL,
VOTE_COUNT BIGINT NOT NULL,
CHECKSUM VARCHAR(255) NOT NULL,
POLL_ID BIGINT NOT NULL
);
ALTER TABLE PUBLIC.BALLOTS ADD CONSTRAINT PUBLIC.CONSTRAINT_1 PRIMARY KEY(ID);
-- 32 +/- SELECT COUNT(*) FROM PUBLIC.BALLOTS;
INSERT INTO PUBLIC.BALLOTS(ID, LEVEL, VOTE_COUNT, CHECKSUM, POLL_ID) VALUES
(333, 0, 1, '$2a$10$1IdrGrRAN2Wp3U7QI.JIzuuViLszDdeyBQZ4QNjYJJWIYI5M2O3G2', 305),
(334, 0, 1, '$2a$10$1IdrGrRAN2Wp3U7QI.JIzuDl5QTomD0jkJDoG.VH7LgF6BaMi7mUu', 305),
(335, 0, 4, '$2a$10$1IdrGrRAN2Wp3U7QI.JIzumrB8gg15WYrl/9Od2a/lKdcXxyoRqYe', 305),
(336, 0, 1, '$2a$10$1IdrGrRAN2Wp3U7QI.JIzu0U7xajdi9.MlI8tTpf7ZVQmMn3XTPaq', 305),
(337, 0, 1, '$2a$10$1IdrGrRAN2Wp3U7QI.JIzuA2amXnXPKlVvjlg62SZ08/U45S1krWS', 305),
(338, 0, 1, '$2a$10$1IdrGrRAN2Wp3U7QI.JIzuQi87d/P3rgtaiDqqegSB4vu2sByXkly', 305),
(339, 0, 2, '$2a$10$1IdrGrRAN2Wp3U7QI.JIzumF7aPaiUyhTd0m56K/SiA71ec5pLFu2', 305),
(340, 1, 1, '$2a$10$1IdrGrRAN2Wp3U7QI.JIzu9jY7URudOBmsrn4SD7Sp2bRAti6ztwK', 305),
(341, 0, 1, '$2a$10$1IdrGrRAN2Wp3U7QI.JIzuaW/fGb8Z2mJgsKxYwe5.NrtAFNxSQVS', 305),
(342, 0, 1, '$2a$10$1IdrGrRAN2Wp3U7QI.JIzuWb3cSZmVC9yx83VYQxwLFYSL5g8IoRy', 305),
(343, 0, 1, '$2a$10$1IdrGrRAN2Wp3U7QI.JIzuaXivFiTa4cwzBq6IwpHyvmd9OIEIHwW', 305),
(344, 0, 1, '$2a$10$1IdrGrRAN2Wp3U7QI.JIzuYTSKjBSu3cADo/STK5moSHUhn6NKcyS', 305),
(345, 0, 1, '$2a$10$1IdrGrRAN2Wp3U7QI.JIzuYun6DCp3DqD0HkMSxupTiHcONZRP0YC', 305),
(346, 0, 1, '$2a$10$1IdrGrRAN2Wp3U7QI.JIzuj/DUpsANoEk4usC10lyWBvgCY2jpdQ6', 305),
(347, 0, 1, '$2a$10$1IdrGrRAN2Wp3U7QI.JIzukT2e4dWh2jhcsPdh.C5JEqMyz08zCoa', 305),
(348, 0, 1, '$2a$10$1IdrGrRAN2Wp3U7QI.JIzuRe9KBAxYEu.ylAyhV50ek90rELSRGqG', 305),
(379, 0, 1, '$2a$10$1IdrGrRAN2Wp3U7QI.JIzuuViLszDdeyBQZ4QNjYJJWIYI5M2O3G2', 354),
(380, 0, 1, '$2a$10$1IdrGrRAN2Wp3U7QI.JIzuDl5QTomD0jkJDoG.VH7LgF6BaMi7mUu', 354),
(381, 0, 4, '$2a$10$1IdrGrRAN2Wp3U7QI.JIzumrB8gg15WYrl/9Od2a/lKdcXxyoRqYe', 354),
(382, 0, 1, '$2a$10$1IdrGrRAN2Wp3U7QI.JIzu0U7xajdi9.MlI8tTpf7ZVQmMn3XTPaq', 354),
(383, 0, 1, '$2a$10$1IdrGrRAN2Wp3U7QI.JIzuA2amXnXPKlVvjlg62SZ08/U45S1krWS', 354),
(384, 0, 1, '$2a$10$1IdrGrRAN2Wp3U7QI.JIzuQi87d/P3rgtaiDqqegSB4vu2sByXkly', 354),
(385, 0, 2, '$2a$10$1IdrGrRAN2Wp3U7QI.JIzumF7aPaiUyhTd0m56K/SiA71ec5pLFu2', 354),
(386, 1, 1, '$2a$10$1IdrGrRAN2Wp3U7QI.JIzu9jY7URudOBmsrn4SD7Sp2bRAti6ztwK', 354),
(387, 0, 1, '$2a$10$1IdrGrRAN2Wp3U7QI.JIzuaW/fGb8Z2mJgsKxYwe5.NrtAFNxSQVS', 354),
(388, 0, 1, '$2a$10$1IdrGrRAN2Wp3U7QI.JIzuWb3cSZmVC9yx83VYQxwLFYSL5g8IoRy', 354),
(389, 0, 1, '$2a$10$1IdrGrRAN2Wp3U7QI.JIzuaXivFiTa4cwzBq6IwpHyvmd9OIEIHwW', 354),
(390, 0, 1, '$2a$10$1IdrGrRAN2Wp3U7QI.JIzuYTSKjBSu3cADo/STK5moSHUhn6NKcyS', 354),
(391, 0, 1, '$2a$10$1IdrGrRAN2Wp3U7QI.JIzuYun6DCp3DqD0HkMSxupTiHcONZRP0YC', 354),
(392, 0, 1, '$2a$10$1IdrGrRAN2Wp3U7QI.JIzuj/DUpsANoEk4usC10lyWBvgCY2jpdQ6', 354),
(393, 0, 1, '$2a$10$1IdrGrRAN2Wp3U7QI.JIzukT2e4dWh2jhcsPdh.C5JEqMyz08zCoa', 354),
(394, 0, 1, '$2a$10$1IdrGrRAN2Wp3U7QI.JIzuRe9KBAxYEu.ylAyhV50ek90rELSRGqG', 354);
CREATE MEMORY TABLE PUBLIC.BALLOTS_VOTE_ORDER(
BALLOT_MODEL_ID BIGINT NOT NULL,
VOTE_ORDER_ID BIGINT NOT NULL,
VOTE_ORDER_ORDER INTEGER NOT NULL
);
ALTER TABLE PUBLIC.BALLOTS_VOTE_ORDER ADD CONSTRAINT PUBLIC.CONSTRAINT_5 PRIMARY KEY(BALLOT_MODEL_ID, VOTE_ORDER_ORDER);
-- 145 +/- SELECT COUNT(*) FROM PUBLIC.BALLOTS_VOTE_ORDER;
INSERT INTO PUBLIC.BALLOTS_VOTE_ORDER(BALLOT_MODEL_ID, VOTE_ORDER_ID, VOTE_ORDER_ORDER) VALUES
(333, 296, 0),
(333, 306, 1),
(333, 319, 2),
(333, 325, 3),
(334, 325, 0),
(334, 319, 1),
(334, 296, 2),
(334, 314, 3),
(334, 306, 4),
(335, 325, 0),
(335, 319, 1),
(335, 314, 2),
(335, 306, 3),
(339, 314, 0),
(339, 296, 1),
(339, 325, 2),
(339, 306, 3),
(339, 319, 4),
(340, 314, 0),
(340, 296, 1),
(340, 325, 2),
(340, 306, 3),
(340, 319, 4),
(341, 296, 0),
(341, 306, 1),
(341, 319, 2),
(341, 325, 3),
(336, 306, 0),
(336, 325, 1),
(336, 314, 2),
(336, 296, 3),
(336, 319, 4),
(337, 325, 0),
(337, 319, 1),
(337, 314, 2),
(337, 296, 3),
(342, 325, 0),
(342, 296, 1),
(342, 314, 2),
(342, 319, 3),
(343, 325, 0),
(343, 296, 1),
(343, 314, 2),
(343, 306, 3),
(344, 306, 0),
(344, 296, 1),
(344, 314, 2),
(344, 319, 3),
(344, 325, 4),
(345, 325, 0),
(345, 306, 1),
(345, 319, 2),
(345, 314, 3),
(345, 296, 4),
(346, 314, 0),
(346, 296, 1),
(346, 319, 2),
(346, 306, 3),
(347, 296, 0),
(347, 306, 1),
(347, 319, 2),
(347, 325, 3),
(348, 325, 0),
(348, 319, 1),
(348, 314, 2),
(348, 306, 3),
(348, 296, 4),
(338, 319, 0),
(338, 325, 1),
(338, 296, 2),
(338, 306, 3),
(379, 355, 0),
(379, 373, 1),
(379, 360, 2),
(379, 349, 3),
(380, 373, 0),
(380, 349, 1),
(380, 365, 2),
(380, 360, 3),
(380, 355, 4),
(381, 349, 0),
(381, 355, 1),
(381, 360, 2),
(381, 365, 3),
(381, 373, 4),
(385, 365, 0),
(385, 349, 1),
(385, 373, 2),
(385, 355, 3),
(385, 360, 4),
(386, 365, 0),
(386, 349, 1),
(386, 373, 2),
(386, 355, 3),
(386, 360, 4),
(387, 365, 0),
(387, 349, 1),
(387, 373, 2),
(387, 360, 3),
(382, 360, 0),
(382, 373, 1),
(382, 355, 2),
(382, 349, 3),
(382, 365, 4),
(383, 365, 0),
(383, 355, 1),
(383, 349, 2),
(383, 373, 3),
(383, 360, 4),
(388, 373, 0),
(388, 360, 1),
(388, 355, 2),
(388, 349, 3),
(389, 355, 0),
(389, 349, 1),
(389, 373, 2),
(389, 365, 3),
(389, 360, 4),
(390, 355, 0),
(390, 360, 1),
(390, 365, 2),
(390, 373, 3),
(391, 355, 0),
(391, 373, 1),
(391, 360, 2),
(391, 365, 3),
(391, 349, 4),
(392, 355, 0),
(392, 360, 1),
(392, 349, 2),
(392, 365, 3),
(392, 373, 4),
(393, 373, 0),
(393, 355, 1),
(393, 360, 2),
(393, 349, 3),
(394, 360, 0),
(394, 365, 1),
(394, 355, 2),
(394, 373, 3),
(384, 365, 0),
(384, 373, 1),
(384, 349, 2),
(384, 355, 3),
(384, 360, 4);
CREATE MEMORY TABLE PUBLIC.CHECKSUMS(
CHECKSUM VARCHAR(255) NOT NULL,
EXPIRES_AT TIMESTAMP,
TRANSITIVE BOOLEAN NOT NULL,
AREA_ID BIGINT,
DELEGATED_TO_CHECKSUM VARCHAR(255),
PUBLIC_PROXY_ID BIGINT
);
ALTER TABLE PUBLIC.CHECKSUMS ADD CONSTRAINT PUBLIC.CONSTRAINT_B PRIMARY KEY(CHECKSUM);
-- 18 +/- SELECT COUNT(*) FROM PUBLIC.CHECKSUMS;
INSERT INTO PUBLIC.CHECKSUMS(CHECKSUM, EXPIRES_AT, TRANSITIVE, AREA_ID, DELEGATED_TO_CHECKSUM, PUBLIC_PROXY_ID) VALUES
('$2a$10$1IdrGrRAN2Wp3U7QI.JIzueyGOu7FMMyyMJw3bvzEU2elpOrru8sy', TIMESTAMP '2019-03-07 14:14:14.895', TRUE, 21, NULL, 1),
('$2a$10$1IdrGrRAN2Wp3U7QI.JIzu9jY7URudOBmsrn4SD7Sp2bRAti6ztwK', TIMESTAMP '2019-03-07 14:14:16.439', TRUE, 21, '$2a$10$1IdrGrRAN2Wp3U7QI.JIzumF7aPaiUyhTd0m56K/SiA71ec5pLFu2', 6),
('$2a$10$1IdrGrRAN2Wp3U7QI.JIzuIvB5fBvUb/y3tpzb1Xahzu9k87H3HZ.', TIMESTAMP '2019-03-07 14:14:16.594', TRUE, 21, '$2a$10$1IdrGrRAN2Wp3U7QI.JIzueyGOu7FMMyyMJw3bvzEU2elpOrru8sy', 4),
('$2a$10$1IdrGrRAN2Wp3U7QI.JIzuuViLszDdeyBQZ4QNjYJJWIYI5M2O3G2', TIMESTAMP '2019-03-07 14:14:26.811', TRUE, 21, NULL, 13),
('$2a$10$1IdrGrRAN2Wp3U7QI.JIzuDl5QTomD0jkJDoG.VH7LgF6BaMi7mUu', TIMESTAMP '2019-03-07 14:14:27.056', TRUE, 21, NULL, 15),
('$2a$10$1IdrGrRAN2Wp3U7QI.JIzumrB8gg15WYrl/9Od2a/lKdcXxyoRqYe', TIMESTAMP '2019-03-07 14:14:27.305', TRUE, 21, '$2a$10$1IdrGrRAN2Wp3U7QI.JIzuIvB5fBvUb/y3tpzb1Xahzu9k87H3HZ.', 7),
('$2a$10$1IdrGrRAN2Wp3U7QI.JIzumF7aPaiUyhTd0m56K/SiA71ec5pLFu2', TIMESTAMP '2019-03-07 14:14:27.575', TRUE, 21, '$2a$10$1IdrGrRAN2Wp3U7QI.JIzueyGOu7FMMyyMJw3bvzEU2elpOrru8sy', 3),
('$2a$10$1IdrGrRAN2Wp3U7QI.JIzuaW/fGb8Z2mJgsKxYwe5.NrtAFNxSQVS', TIMESTAMP '2019-03-07 14:14:27.827', TRUE, 21, NULL, 5),
('$2a$10$1IdrGrRAN2Wp3U7QI.JIzu0U7xajdi9.MlI8tTpf7ZVQmMn3XTPaq', TIMESTAMP '2019-03-07 14:14:28.109', TRUE, 21, '$2a$10$1IdrGrRAN2Wp3U7QI.JIzumrB8gg15WYrl/9Od2a/lKdcXxyoRqYe', 10),
('$2a$10$1IdrGrRAN2Wp3U7QI.JIzuA2amXnXPKlVvjlg62SZ08/U45S1krWS', TIMESTAMP '2019-03-07 14:14:28.353', TRUE, 21, '$2a$10$1IdrGrRAN2Wp3U7QI.JIzumrB8gg15WYrl/9Od2a/lKdcXxyoRqYe', 11),
('$2a$10$1IdrGrRAN2Wp3U7QI.JIzuWb3cSZmVC9yx83VYQxwLFYSL5g8IoRy', TIMESTAMP '2019-03-07 14:14:28.608', TRUE, 21, '$2a$10$1IdrGrRAN2Wp3U7QI.JIzueyGOu7FMMyyMJw3bvzEU2elpOrru8sy', NULL),
('$2a$10$1IdrGrRAN2Wp3U7QI.JIzuaXivFiTa4cwzBq6IwpHyvmd9OIEIHwW', TIMESTAMP '2019-03-07 14:14:28.852', TRUE, 21, NULL, 9),
('$2a$10$1IdrGrRAN2Wp3U7QI.JIzuYTSKjBSu3cADo/STK5moSHUhn6NKcyS', TIMESTAMP '2019-03-07 14:14:29.094', TRUE, 21, NULL, 16),
('$2a$10$1IdrGrRAN2Wp3U7QI.JIzuYun6DCp3DqD0HkMSxupTiHcONZRP0YC', TIMESTAMP '2019-03-07 14:14:29.334', TRUE, 21, NULL, 20),
('$2a$10$1IdrGrRAN2Wp3U7QI.JIzuj/DUpsANoEk4usC10lyWBvgCY2jpdQ6', TIMESTAMP '2019-03-07 14:14:29.578', TRUE, 21, NULL, 18),
('$2a$10$1IdrGrRAN2Wp3U7QI.JIzukT2e4dWh2jhcsPdh.C5JEqMyz08zCoa', TIMESTAMP '2019-03-07 14:14:29.82', TRUE, 21, NULL, 14),
('$2a$10$1IdrGrRAN2Wp3U7QI.JIzuRe9KBAxYEu.ylAyhV50ek90rELSRGqG', TIMESTAMP '2019-03-07 14:14:30.062', TRUE, 21, NULL, 19),
('$2a$10$1IdrGrRAN2Wp3U7QI.JIzuQi87d/P3rgtaiDqqegSB4vu2sByXkly', TIMESTAMP '2019-03-07 14:14:30.303', FALSE, 21, '$2a$10$1IdrGrRAN2Wp3U7QI.JIzumrB8gg15WYrl/9Od2a/lKdcXxyoRqYe', 12);
CREATE MEMORY TABLE PUBLIC.COMMENTS(
ID BIGINT NOT NULL,
CREATED_AT TIMESTAMP NOT NULL,
UPDATED_AT TIMESTAMP NOT NULL,
COMMENT VARCHAR(255) NOT NULL,
CREATED_BY_ID BIGINT NOT NULL,
LAW_ID BIGINT NOT NULL,
PARENT_ID BIGINT
);
ALTER TABLE PUBLIC.COMMENTS ADD CONSTRAINT PUBLIC.CONSTRAINT_A PRIMARY KEY(ID);
-- 130 +/- SELECT COUNT(*) FROM PUBLIC.COMMENTS;
INSERT INTO PUBLIC.COMMENTS(ID, CREATED_AT, UPDATED_AT, COMMENT, CREATED_BY_ID, LAW_ID, PARENT_ID) VALUES
(194, TIMESTAMP '2019-03-06 14:14:13.101', TIMESTAMP '2019-03-06 14:14:13.101', 'Comment on root level. I really like this idea, but needs to be improved. 1551878053095', 2, 193, NULL),
(195, TIMESTAMP '2019-03-06 14:14:13.106', TIMESTAMP '2019-03-06 14:14:13.106', 'Reply 0 Lorem ipsum dolor sit amet', 18, 193, 194),
(196, TIMESTAMP '2019-03-06 14:14:13.111', TIMESTAMP '2019-03-06 14:14:13.111', 'Reply 1 Lorem ipsum dol', 1, 193, 194),
(197, TIMESTAMP '2019-03-06 14:14:13.115', TIMESTAMP '2019-03-06 14:14:13.115', 'Reply 2 Lorem ipsum dolor sit ame', 16, 193, 194),
(198, TIMESTAMP '2019-03-06 14:14:13.117', TIMESTAMP '2019-03-06 14:14:13.117', 'Reply 3 Lorem ipsum dolor sit amet, consectetur adipiscing elit, s', 2, 193, 194),
(199, TIMESTAMP '2019-03-06 14:14:13.123', TIMESTAMP '2019-03-06 14:14:13.123', 'Reply 4 Lorem ipsum dolor sit amet, consectetur adi', 12, 193, 194),
(201, TIMESTAMP '2019-03-06 14:14:13.169', TIMESTAMP '2019-03-06 14:14:13.169', 'Comment on root level. I really like this idea, but needs to be improved. 1551878053168', 17, 200, NULL),
(202, TIMESTAMP '2019-03-06 14:14:13.171', TIMESTAMP '2019-03-06 14:14:13.171', 'Reply 0 Lorem ipsum dolor sit amet, consectetur adipiscing elit, sed do eiusmod t', 20, 200, 201),
(203, TIMESTAMP '2019-03-06 14:14:13.173', TIMESTAMP '2019-03-06 14:14:13.173', 'Reply 1 Lorem ipsum dolor sit amet, cons', 20, 200, 201),
(204, TIMESTAMP '2019-03-06 14:14:13.174', TIMESTAMP '2019-03-06 14:14:13.174', 'Reply 2 Lorem ipsum dolor ', 8, 200, 201),
(205, TIMESTAMP '2019-03-06 14:14:13.176', TIMESTAMP '2019-03-06 14:14:13.176', 'Reply 3 Lorem ipsum dolor sit ', 16, 200, 201),
(206, TIMESTAMP '2019-03-06 14:14:13.177', TIMESTAMP '2019-03-06 14:14:13.177', 'Reply 4 Lorem ipsum dolor sit amet, consectetur adipiscing elit, sed do eiusmod tempor in', 13, 200, 201),
(207, TIMESTAMP '2019-03-06 14:14:13.179', TIMESTAMP '2019-03-06 14:14:13.179', 'Reply 5 Lorem ipsum dolor sit amet, consect', 9, 200, 201),
(209, TIMESTAMP '2019-03-06 14:14:13.25', TIMESTAMP '2019-03-06 14:14:13.25', 'Comment on root level. I really like this idea, but needs to be improved. 1551878053249', 6, 208, NULL),
(210, TIMESTAMP '2019-03-06 14:14:13.254', TIMESTAMP '2019-03-06 14:14:13.254', 'Reply 0 Lorem ipsum', 18, 208, 209),
(211, TIMESTAMP '2019-03-06 14:14:13.256', TIMESTAMP '2019-03-06 14:14:13.256', 'Reply 1 Lorem ipsum dolor sit amet, consectetur adipiscing elit, s', 18, 208, 209),
(212, TIMESTAMP '2019-03-06 14:14:13.258', TIMESTAMP '2019-03-06 14:14:13.258', 'Reply 2 Lorem ipsum dolor sit amet, consectetur adipiscing elit, sed do eiusmod ', 11, 208, 209),
(213, TIMESTAMP '2019-03-06 14:14:13.26', TIMESTAMP '2019-03-06 14:14:13.26', 'Reply 3 Lorem ipsum dolor sit amet, consectetur adipiscing elit, sed do eiusmod tempor incidi', 2, 208, 209),
(214, TIMESTAMP '2019-03-06 14:14:13.261', TIMESTAMP '2019-03-06 14:14:13.261', 'Reply 4 Lorem ipsum dolor sit amet, consectetur adipiscing', 13, 208, 209),
(216, TIMESTAMP '2019-03-06 14:14:13.297', TIMESTAMP '2019-03-06 14:14:13.297', 'Comment on root level. I really like this idea, but needs to be improved. 1551878053297', 18, 215, NULL),
(217, TIMESTAMP '2019-03-06 14:14:13.299', TIMESTAMP '2019-03-06 14:14:13.299', 'Reply 0 Lorem ipsum dolor sit amet, consecte', 6, 215, 216),
(218, TIMESTAMP '2019-03-06 14:14:13.302', TIMESTAMP '2019-03-06 14:14:13.302', 'Reply 1 Lorem ipsum dolor sit', 12, 215, 216),
(219, TIMESTAMP '2019-03-06 14:14:13.304', TIMESTAMP '2019-03-06 14:14:13.304', 'Reply 2 Lorem ipsum dolor sit amet, consectetur adipiscing elit, sed do eiusmod tempor incididunt ut lab', 18, 215, 216),
(220, TIMESTAMP '2019-03-06 14:14:13.307', TIMESTAMP '2019-03-06 14:14:13.307', 'Reply 3 Lorem ipsum ', 18, 215, 216),
(221, TIMESTAMP '2019-03-06 14:14:13.313', TIMESTAMP '2019-03-06 14:14:13.313', 'Reply 4 Lorem ipsum dolor sit', 8, 215, 216),
(223, TIMESTAMP '2019-03-06 14:14:13.347', TIMESTAMP '2019-03-06 14:14:13.347', 'Comment on root level. I really like this idea, but needs to be improved. 1551878053347', 4, 222, NULL);
INSERT INTO PUBLIC.COMMENTS(ID, CREATED_AT, UPDATED_AT, COMMENT, CREATED_BY_ID, LAW_ID, PARENT_ID) VALUES
(224, TIMESTAMP '2019-03-06 14:14:13.35', TIMESTAMP '2019-03-06 14:14:13.35', 'Reply 0 Lorem ipsum dolor sit amet, consectetur adipiscing elit, sed do eiusmod ', 9, 222, 223),
(225, TIMESTAMP '2019-03-06 14:14:13.351', TIMESTAMP '2019-03-06 14:14:13.351', 'Reply 1 Lorem ipsum dolor sit amet, consectetur adipiscing elit, sed do eiusmod tempor incididunt ut', 1, 222, 223),
(226, TIMESTAMP '2019-03-06 14:14:13.354', TIMESTAMP '2019-03-06 14:14:13.354', 'Reply 2 Lorem ipsum dolor sit amet, consectetur adipiscing elit, sed do eiusmod ', 8, 222, 223),
(237, TIMESTAMP '2019-03-06 14:14:18.967', TIMESTAMP '2019-03-06 14:14:18.967', 'Comment on root level. I really like this idea, but needs to be improved. 1551878058966', 1, 236, NULL),
(238, TIMESTAMP '2019-03-06 14:14:18.968', TIMESTAMP '2019-03-06 14:14:18.968', 'Reply 0 Lorem ipsum dolor sit amet, consectetur adipiscing elit, sed do eiusmod te', 1, 236, 237),
(239, TIMESTAMP '2019-03-06 14:14:18.971', TIMESTAMP '2019-03-06 14:14:18.971', 'Reply 1 Lorem ipsum dolor sit amet, consectetur adipiscing elit, sed d', 9, 236, 237),
(240, TIMESTAMP '2019-03-06 14:14:18.973', TIMESTAMP '2019-03-06 14:14:18.973', 'Reply 2 Lorem ipsum dolor sit amet, consectetur ad', 13, 236, 237),
(241, TIMESTAMP '2019-03-06 14:14:18.974', TIMESTAMP '2019-03-06 14:14:18.974', 'Reply 3 Lorem ipsum dolor sit amet, consectetur adipiscing elit, sed do eiusmod', 19, 236, 237),
(246, TIMESTAMP '2019-03-06 14:14:19.017', TIMESTAMP '2019-03-06 14:14:19.017', 'Comment on root level. I really like this idea, but needs to be improved. 1551878059016', 8, 245, NULL),
(247, TIMESTAMP '2019-03-06 14:14:19.018', TIMESTAMP '2019-03-06 14:14:19.018', 'Reply 0 Lorem ipsum dolor sit amet, consectetur adipiscing elit, ', 1, 245, 246),
(248, TIMESTAMP '2019-03-06 14:14:19.02', TIMESTAMP '2019-03-06 14:14:19.02', 'Reply 1 Lorem ipsum dolor sit amet, consectetur adipis', 6, 245, 246),
(249, TIMESTAMP '2019-03-06 14:14:19.021', TIMESTAMP '2019-03-06 14:14:19.021', 'Reply 2 Lorem ipsum dolor sit amet, consectetur adipiscing elit, sed do eiusmod tempor inci', 10, 245, 246),
(251, TIMESTAMP '2019-03-06 14:14:19.092', TIMESTAMP '2019-03-06 14:14:19.092', 'Comment on root level. I really like this idea, but needs to be improved. 1551878059091', 10, 250, NULL),
(252, TIMESTAMP '2019-03-06 14:14:19.093', TIMESTAMP '2019-03-06 14:14:19.093', 'Reply 0 Lorem ipsum dolor sit amet, consectetur adipiscing elit, sed do e', 15, 250, 251),
(253, TIMESTAMP '2019-03-06 14:14:19.094', TIMESTAMP '2019-03-06 14:14:19.094', 'Reply 1 Lorem ipsum dolor sit amet, consectetur adipiscing elit, sed do eiusmo', 9, 250, 251),
(254, TIMESTAMP '2019-03-06 14:14:19.096', TIMESTAMP '2019-03-06 14:14:19.096', 'Reply 2 Lorem ipsum dolor sit amet, cons', 18, 250, 251),
(256, TIMESTAMP '2019-03-06 14:14:19.163', TIMESTAMP '2019-03-06 14:14:19.163', 'Comment on root level. I really like this idea, but needs to be improved. 1551878059159', 2, 255, NULL),
(257, TIMESTAMP '2019-03-06 14:14:19.167', TIMESTAMP '2019-03-06 14:14:19.167', 'Reply 0 Lorem ipsum dolor sit amet, consectetur adipiscing elit, sed do eiusm', 16, 255, 256),
(258, TIMESTAMP '2019-03-06 14:14:19.168', TIMESTAMP '2019-03-06 14:14:19.168', 'Reply 1 Lorem ipsum dolor sit amet, consectetur adipiscing elit, sed do eiusmod tempor incididunt ut l', 8, 255, 256),
(259, TIMESTAMP '2019-03-06 14:14:19.171', TIMESTAMP '2019-03-06 14:14:19.171', 'Reply 2 Lorem ipsum dolor sit amet, consectetur adipiscing elit, sed do eiusmod tem', 13, 255, 256),
(260, TIMESTAMP '2019-03-06 14:14:19.173', TIMESTAMP '2019-03-06 14:14:19.173', 'Reply 3 Lorem ipsum ', 9, 255, 256),
(262, TIMESTAMP '2019-03-06 14:14:19.226', TIMESTAMP '2019-03-06 14:14:19.226', 'Comment on root level. I really like this idea, but needs to be improved. 1551878059226', 3, 261, NULL),
(263, TIMESTAMP '2019-03-06 14:14:19.228', TIMESTAMP '2019-03-06 14:14:19.228', 'Reply 0 Lorem ipsum dolor sit amet, consect', 16, 261, 262),
(264, TIMESTAMP '2019-03-06 14:14:19.229', TIMESTAMP '2019-03-06 14:14:19.229', 'Reply 1 Lorem ipsum dolor sit amet, consectetur adipiscing elit, sed do eiusmod tempo', 13, 261, 262);
INSERT INTO PUBLIC.COMMENTS(ID, CREATED_AT, UPDATED_AT, COMMENT, CREATED_BY_ID, LAW_ID, PARENT_ID) VALUES
(265, TIMESTAMP '2019-03-06 14:14:19.23', TIMESTAMP '2019-03-06 14:14:19.23', 'Reply 2 Lorem ipsum dolor sit amet,', 16, 261, 262),
(266, TIMESTAMP '2019-03-06 14:14:19.231', TIMESTAMP '2019-03-06 14:14:19.231', 'Reply 3 Lorem ipsum dolor sit amet, consectetur adipiscing elit, sed do eiusmod tempor i', 4, 261, 262),
(268, TIMESTAMP '2019-03-06 14:14:19.322', TIMESTAMP '2019-03-06 14:14:19.322', 'Comment on root level. I really like this idea, but needs to be improved. 1551878059321', 10, 267, NULL),
(269, TIMESTAMP '2019-03-06 14:14:19.324', TIMESTAMP '2019-03-06 14:14:19.324', 'Reply 0 Lorem ipsum dolor sit amet, consectetur adipiscing elit, s', 1, 267, 268),
(270, TIMESTAMP '2019-03-06 14:14:19.327', TIMESTAMP '2019-03-06 14:14:19.327', 'Reply 1 Lorem ipsum dolor sit a', 3, 267, 268),
(271, TIMESTAMP '2019-03-06 14:14:19.331', TIMESTAMP '2019-03-06 14:14:19.331', 'Reply 2 Lorem ipsum dolor sit amet, consectetur adipiscing elit, sed', 18, 267, 268),
(272, TIMESTAMP '2019-03-06 14:14:19.333', TIMESTAMP '2019-03-06 14:14:19.333', 'Reply 3 Lorem ipsum dolor sit amet, consectetur adipiscing elit, sed do eiusmod', 7, 267, 268),
(275, TIMESTAMP '2019-03-06 14:14:19.396', TIMESTAMP '2019-03-06 14:14:19.396', 'Comment on root level. I really like this idea, but needs to be improved. 1551878059396', 18, 274, NULL),
(276, TIMESTAMP '2019-03-06 14:14:19.399', TIMESTAMP '2019-03-06 14:14:19.399', 'Reply 0 Lorem ipsum dolor sit amet, consectetur adipisc', 20, 274, 275),
(277, TIMESTAMP '2019-03-06 14:14:19.401', TIMESTAMP '2019-03-06 14:14:19.401', 'Reply 1 Lorem ipsum dolor sit amet, consectetur adipiscing elit, se', 1, 274, 275),
(279, TIMESTAMP '2019-03-06 14:14:19.498', TIMESTAMP '2019-03-06 14:14:19.498', 'Comment on root level. I really like this idea, but needs to be improved. 1551878059498', 18, 278, NULL),
(280, TIMESTAMP '2019-03-06 14:14:19.5', TIMESTAMP '2019-03-06 14:14:19.5', 'Reply 0 Lorem ipsum dolor sit amet, consectetur adipiscin', 3, 278, 279),
(281, TIMESTAMP '2019-03-06 14:14:19.502', TIMESTAMP '2019-03-06 14:14:19.502', 'Reply 1 Lorem ipsum dolor sit amet, consectetur adipiscing elit, sed do eiusmod te', 10, 278, 279),
(282, TIMESTAMP '2019-03-06 14:14:19.503', TIMESTAMP '2019-03-06 14:14:19.503', 'Reply 2 Lorem ipsum dolor sit amet, consectetur adipiscing el', 17, 278, 279),
(284, TIMESTAMP '2019-03-06 14:14:19.582', TIMESTAMP '2019-03-06 14:14:19.582', 'Comment on root level. I really like this idea, but needs to be improved. 1551878059582', 19, 283, NULL),
(285, TIMESTAMP '2019-03-06 14:14:19.584', TIMESTAMP '2019-03-06 14:14:19.584', 'Reply 0 Lorem ipsum dolor sit amet, consectetur adipiscing elit, sed do eiusmod tempor incididunt ut lab', 6, 283, 284),
(286, TIMESTAMP '2019-03-06 14:14:19.587', TIMESTAMP '2019-03-06 14:14:19.587', 'Reply 1 Lorem ipsum dolor sit amet, consectetur adipiscing el', 8, 283, 284),
(287, TIMESTAMP '2019-03-06 14:14:19.591', TIMESTAMP '2019-03-06 14:14:19.591', 'Reply 2 Lorem ipsum dolor sit amet, consectetur adipiscing elit, sed do ei', 20, 283, 284),
(288, TIMESTAMP '2019-03-06 14:14:19.594', TIMESTAMP '2019-03-06 14:14:19.594', 'Reply 3 Lorem ipsum do', 8, 283, 284),
(289, TIMESTAMP '2019-03-06 14:14:19.6', TIMESTAMP '2019-03-06 14:14:19.6', 'Reply 4 Lorem ipsum dolor sit amet, consectetur adipiscing elit, sed do eiusmod tempor incididunt ut ', 3, 283, 284),
(290, TIMESTAMP '2019-03-06 14:14:19.602', TIMESTAMP '2019-03-06 14:14:19.602', 'Reply 5 Lorem ipsum dolor sit amet, consectetur adipiscing el', 1, 283, 284),
(291, TIMESTAMP '2019-03-06 14:14:19.604', TIMESTAMP '2019-03-06 14:14:19.604', 'Reply 6 Lorem ipsum dolor sit amet, consectetur adipiscing el', 15, 283, 284),
(293, TIMESTAMP '2019-03-06 14:14:19.657', TIMESTAMP '2019-03-06 14:14:19.657', 'Comment on root level. I really like this idea, but needs to be improved. 1551878059657', 3, 292, NULL),
(294, TIMESTAMP '2019-03-06 14:14:19.659', TIMESTAMP '2019-03-06 14:14:19.659', 'Reply 0 Lorem ipsum dolor sit amet, consectetur a', 12, 292, 293);
INSERT INTO PUBLIC.COMMENTS(ID, CREATED_AT, UPDATED_AT, COMMENT, CREATED_BY_ID, LAW_ID, PARENT_ID) VALUES
(295, TIMESTAMP '2019-03-06 14:14:19.66', TIMESTAMP '2019-03-06 14:14:19.66', 'Reply 1 Lorem ipsum dolor sit amet, consectetur adipiscing elit, sed do eiusmod tempor incididunt ut la', 13, 292, 293),
(297, TIMESTAMP '2019-03-06 14:14:19.865', TIMESTAMP '2019-03-06 14:14:19.865', 'Comment on root level. I really like this idea, but needs to be improved. 1551878059864', 14, 296, NULL),
(298, TIMESTAMP '2019-03-06 14:14:19.869', TIMESTAMP '2019-03-06 14:14:19.869', 'Reply 0 Lorem ipsum dolor sit amet, consectetur adipiscing elit, sed do eiusmod tempor ', 13, 296, 297),
(299, TIMESTAMP '2019-03-06 14:14:19.875', TIMESTAMP '2019-03-06 14:14:19.875', 'Reply 1 Lorem ipsum dolor sit amet, consectetur adipis', 8, 296, 297),
(300, TIMESTAMP '2019-03-06 14:14:19.876', TIMESTAMP '2019-03-06 14:14:19.876', 'Reply 2 Lorem ipsum dolor sit amet, consectetur adipiscing elit, sed do eiusmod tempor incididunt', 11, 296, 297),
(301, TIMESTAMP '2019-03-06 14:14:19.878', TIMESTAMP '2019-03-06 14:14:19.878', 'Reply 3 Lorem ipsum dolor sit amet, consectetur adipiscing elit, sed do eiusmod tempor incidid', 17, 296, 297),
(302, TIMESTAMP '2019-03-06 14:14:19.879', TIMESTAMP '2019-03-06 14:14:19.879', 'Reply 4 Lorem ipsum dolor sit amet, consectetur adipisci', 11, 296, 297),
(303, TIMESTAMP '2019-03-06 14:14:19.881', TIMESTAMP '2019-03-06 14:14:19.881', 'Reply 5 Lorem ipsum dolor ', 20, 296, 297),
(304, TIMESTAMP '2019-03-06 14:14:19.882', TIMESTAMP '2019-03-06 14:14:19.882', 'Reply 6 Lorem ipsum dolor sit amet, conse', 16, 296, 297),
(307, TIMESTAMP '2019-03-06 14:14:19.943', TIMESTAMP '2019-03-06 14:14:19.943', 'Comment on root level. I really like this idea, but needs to be improved. 1551878059943', 13, 306, NULL),
(308, TIMESTAMP '2019-03-06 14:14:19.946', TIMESTAMP '2019-03-06 14:14:19.946', 'Reply 0 Lorem ipsum dolor sit am', 5, 306, 307),
(309, TIMESTAMP '2019-03-06 14:14:19.948', TIMESTAMP '2019-03-06 14:14:19.948', 'Reply 1 Lorem ipsum dolor sit amet, consectetur adipiscing elit, sed do eiusmod tempor ', 15, 306, 307),
(310, TIMESTAMP '2019-03-06 14:14:19.95', TIMESTAMP '2019-03-06 14:14:19.95', 'Reply 2 Lorem ipsum dolor sit amet, consectetur adipiscing elit, sed do eiusmod tempor incididunt', 15, 306, 307),
(311, TIMESTAMP '2019-03-06 14:14:19.952', TIMESTAMP '2019-03-06 14:14:19.952', 'Reply 3 Lorem ipsum dolor sit amet, consectetur adipis', 10, 306, 307),
(312, TIMESTAMP '2019-03-06 14:14:19.954', TIMESTAMP '2019-03-06 14:14:19.954', 'Reply 4 Lorem ipsum dolor sit ame', 18, 306, 307),
(313, TIMESTAMP '2019-03-06 14:14:19.955', TIMESTAMP '2019-03-06 14:14:19.955', 'Reply 5 Lorem ipsu', 18, 306, 307),
(315, TIMESTAMP '2019-03-06 14:14:20.015', TIMESTAMP '2019-03-06 14:14:20.015', 'Comment on root level. I really like this idea, but needs to be improved. 1551878060014', 19, 314, NULL),
(316, TIMESTAMP '2019-03-06 14:14:20.017', TIMESTAMP '2019-03-06 14:14:20.017', 'Reply 0 Lorem ipsum dolor sit amet, consectetur adipiscing elit, sed do e', 14, 314, 315),
(317, TIMESTAMP '2019-03-06 14:14:20.019', TIMESTAMP '2019-03-06 14:14:20.019', 'Reply 1 Lorem ipsum dolor sit a', 18, 314, 315),
(318, TIMESTAMP '2019-03-06 14:14:20.021', TIMESTAMP '2019-03-06 14:14:20.021', 'Reply 2 Lorem ipsum dolor sit amet, consectetur adipiscing elit, s', 11, 314, 315),
(320, TIMESTAMP '2019-03-06 14:14:20.116', TIMESTAMP '2019-03-06 14:14:20.116', 'Comment on root level. I really like this idea, but needs to be improved. 1551878060116', 16, 319, NULL),
(321, TIMESTAMP '2019-03-06 14:14:20.118', TIMESTAMP '2019-03-06 14:14:20.118', 'Reply 0 Lorem ipsum dolor sit amet, consectetur adipiscin', 11, 319, 320),
(322, TIMESTAMP '2019-03-06 14:14:20.12', TIMESTAMP '2019-03-06 14:14:20.12', 'Reply 1 Lorem ipsum dolor sit amet, consectetur adipiscing e', 18, 319, 320),
(323, TIMESTAMP '2019-03-06 14:14:20.125', TIMESTAMP '2019-03-06 14:14:20.125', 'Reply 2 Lorem ipsum dolor sit amet, consectetur adipiscin', 7, 319, 320),
(324, TIMESTAMP '2019-03-06 14:14:20.127', TIMESTAMP '2019-03-06 14:14:20.127', 'Reply 3 Lorem ipsum dolor sit amet, consectetur adipiscing elit, sed do eiusmod tem', 11, 319, 320);
INSERT INTO PUBLIC.COMMENTS(ID, CREATED_AT, UPDATED_AT, COMMENT, CREATED_BY_ID, LAW_ID, PARENT_ID) VALUES
(326, TIMESTAMP '2019-03-06 14:14:20.19', TIMESTAMP '2019-03-06 14:14:20.19', 'Comment on root level. I really like this idea, but needs to be improved. 1551878060190', 9, 325, NULL),
(327, TIMESTAMP '2019-03-06 14:14:20.192', TIMESTAMP '2019-03-06 14:14:20.192', 'Reply 0 Lorem ipsum dolor sit amet, consectetur adipiscing elit, sed do eiusmod tem', 14, 325, 326),
(328, TIMESTAMP '2019-03-06 14:14:20.194', TIMESTAMP '2019-03-06 14:14:20.194', 'Reply 1 Lorem ipsum dolor sit amet, consectetur adipiscing elit, sed do eiusmod tempor incid', 13, 325, 326),
(329, TIMESTAMP '2019-03-06 14:14:20.195', TIMESTAMP '2019-03-06 14:14:20.195', 'Reply 2 Lorem ipsum dolor sit amet, consectetur adipiscing elit, sed do eiusmod tempor', 1, 325, 326),
(330, TIMESTAMP '2019-03-06 14:14:20.197', TIMESTAMP '2019-03-06 14:14:20.197', 'Reply 3 Lorem ipsum dolor sit amet, consectetur', 14, 325, 326),
(331, TIMESTAMP '2019-03-06 14:14:20.199', TIMESTAMP '2019-03-06 14:14:20.199', 'Reply 4 Lorem ipsum dolor sit amet, consectetur adip', 12, 325, 326),
(332, TIMESTAMP '2019-03-06 14:14:20.201', TIMESTAMP '2019-03-06 14:14:20.201', 'Reply 5 Lorem ipsum dolor sit amet, consectetur adipiscing elit, sed do eiusmod tem', 8, 325, 326),
(350, TIMESTAMP '2019-03-06 14:14:26.132', TIMESTAMP '2019-03-06 14:14:26.132', 'Comment on root level. I really like this idea, but needs to be improved. 1551878066131', 13, 349, NULL),
(351, TIMESTAMP '2019-03-06 14:14:26.133', TIMESTAMP '2019-03-06 14:14:26.133', 'Reply 0 Lorem ipsum dolor sit amet, consectetur adipis', 6, 349, 350),
(352, TIMESTAMP '2019-03-06 14:14:26.134', TIMESTAMP '2019-03-06 14:14:26.134', 'Reply 1 Lorem ipsum dolor sit am', 8, 349, 350),
(353, TIMESTAMP '2019-03-06 14:14:26.135', TIMESTAMP '2019-03-06 14:14:26.135', 'Reply 2 Lorem ipsum do', 5, 349, 350),
(356, TIMESTAMP '2019-03-06 14:14:26.155', TIMESTAMP '2019-03-06 14:14:26.155', 'Comment on root level. I really like this idea, but needs to be improved. 1551878066154', 7, 355, NULL),
(357, TIMESTAMP '2019-03-06 14:14:26.156', TIMESTAMP '2019-03-06 14:14:26.156', 'Reply 0 Lorem ipsum dolor sit amet, consectetur adipiscing elit, sed ', 12, 355, 356),
(358, TIMESTAMP '2019-03-06 14:14:26.157', TIMESTAMP '2019-03-06 14:14:26.157', 'Reply 1 Lorem ipsum dolor sit amet, consectetur adipiscing elit, sed do eiu', 5, 355, 356),
(359, TIMESTAMP '2019-03-06 14:14:26.158', TIMESTAMP '2019-03-06 14:14:26.158', 'Reply 2 Lorem ipsum dolor sit amet, con', 18, 355, 356),
(361, TIMESTAMP '2019-03-06 14:14:26.193', TIMESTAMP '2019-03-06 14:14:26.193', 'Comment on root level. I really like this idea, but needs to be improved. 1551878066192', 12, 360, NULL),
(362, TIMESTAMP '2019-03-06 14:14:26.194', TIMESTAMP '2019-03-06 14:14:26.194', 'Reply 0 Lorem ipsum dolor sit amet', 9, 360, 361),
(363, TIMESTAMP '2019-03-06 14:14:26.195', TIMESTAMP '2019-03-06 14:14:26.195', 'Reply 1 Lorem ipsum do', 20, 360, 361),
(364, TIMESTAMP '2019-03-06 14:14:26.196', TIMESTAMP '2019-03-06 14:14:26.196', 'Reply 2 Lorem ipsum do', 18, 360, 361),
(366, TIMESTAMP '2019-03-06 14:14:26.269', TIMESTAMP '2019-03-06 14:14:26.269', 'Comment on root level. I really like this idea, but needs to be improved. 1551878066269', 11, 365, NULL),
(367, TIMESTAMP '2019-03-06 14:14:26.271', TIMESTAMP '2019-03-06 14:14:26.271', 'Reply 0 Lorem ipsum dolor sit amet, consectetur ', 13, 365, 366),
(368, TIMESTAMP '2019-03-06 14:14:26.272', TIMESTAMP '2019-03-06 14:14:26.272', 'Reply 1 Lorem ipsum dolor sit amet, consectetu', 7, 365, 366),
(369, TIMESTAMP '2019-03-06 14:14:26.274', TIMESTAMP '2019-03-06 14:14:26.274', 'Reply 2 Lorem ipsum dolor sit amet, consectetur ad', 4, 365, 366),
(370, TIMESTAMP '2019-03-06 14:14:26.275', TIMESTAMP '2019-03-06 14:14:26.275', 'Reply 3 Lorem ipsum dolor sit am', 15, 365, 366),
(371, TIMESTAMP '2019-03-06 14:14:26.278', TIMESTAMP '2019-03-06 14:14:26.278', 'Reply 4 Lorem ipsum dolor sit amet, consec', 16, 365, 366),
(372, TIMESTAMP '2019-03-06 14:14:26.279', TIMESTAMP '2019-03-06 14:14:26.279', 'Reply 5 Lorem ipsum d', 12, 365, 366);
INSERT INTO PUBLIC.COMMENTS(ID, CREATED_AT, UPDATED_AT, COMMENT, CREATED_BY_ID, LAW_ID, PARENT_ID) VALUES
(374, TIMESTAMP '2019-03-06 14:14:26.334', TIMESTAMP '2019-03-06 14:14:26.334', 'Comment on root level. I really like this idea, but needs to be improved. 1551878066334', 13, 373, NULL),
(375, TIMESTAMP '2019-03-06 14:14:26.336', TIMESTAMP '2019-03-06 14:14:26.336', 'Reply 0 Lorem ipsum dolor sit amet, consecte', 2, 373, 374),
(376, TIMESTAMP '2019-03-06 14:14:26.338', TIMESTAMP '2019-03-06 14:14:26.338', 'Reply 1 Lorem ipsum dolor sit amet, consectetur adipiscing el', 8, 373, 374),
(377, TIMESTAMP '2019-03-06 14:14:26.339', TIMESTAMP '2019-03-06 14:14:26.339', 'Reply 2 Lorem ipsum dolor sit amet, consectetur adipiscing elit, sed do eiusmod tem', 10, 373, 374),
(378, TIMESTAMP '2019-03-06 14:14:26.341', TIMESTAMP '2019-03-06 14:14:26.341', 'Reply 3 Lorem ipsum dolor sit amet, consectetur adipiscing elit, sed', 10, 373, 374);
CREATE MEMORY TABLE PUBLIC.COMMENTS_DOWN_VOTERS(
COMMENT_MODEL_ID BIGINT NOT NULL,
DOWN_VOTERS_ID BIGINT NOT NULL
);
ALTER TABLE PUBLIC.COMMENTS_DOWN_VOTERS ADD CONSTRAINT PUBLIC.CONSTRAINT_2 PRIMARY KEY(COMMENT_MODEL_ID, DOWN_VOTERS_ID);
-- 312 +/- SELECT COUNT(*) FROM PUBLIC.COMMENTS_DOWN_VOTERS;
INSERT INTO PUBLIC.COMMENTS_DOWN_VOTERS(COMMENT_MODEL_ID, DOWN_VOTERS_ID) VALUES
(194, 6),
(194, 11),
(194, 1),
(195, 6),
(195, 7),
(197, 2),
(197, 9),
(198, 19),
(199, 2),
(199, 4),
(199, 13),
(199, 11),
(201, 4),
(201, 14),
(201, 19),
(202, 4),
(202, 3),
(202, 5),
(203, 5),
(204, 7),
(205, 6),
(205, 11),
(205, 14),
(205, 19),
(205, 16),
(206, 2),
(206, 18),
(206, 7),
(206, 15),
(206, 12),
(209, 4),
(209, 6),
(209, 20),
(210, 13),
(211, 2),
(211, 18),
(211, 20),
(211, 5),
(212, 2),
(212, 3),
(212, 5),
(212, 12),
(212, 9),
(213, 13),
(214, 20),
(214, 14),
(214, 10),
(214, 1),
(214, 12),
(214, 5),
(216, 7),
(216, 1),
(216, 15),
(216, 12),
(217, 8),
(217, 10),
(218, 13),
(218, 7),
(219, 13),
(219, 11),
(219, 14),
(219, 3),
(220, 13),
(220, 16),
(220, 12),
(221, 3),
(221, 5),
(223, 2),
(224, 6),
(224, 8),
(224, 9),
(225, 2),
(225, 13),
(226, 19),
(226, 15),
(226, 5),
(226, 9),
(237, 17),
(237, 20),
(237, 10),
(238, 4),
(238, 6),
(238, 20),
(238, 19),
(238, 12),
(239, 13),
(239, 17),
(239, 18),
(240, 4),
(240, 6),
(240, 14),
(240, 10),
(240, 12),
(241, 6),
(241, 11),
(241, 1),
(241, 15),
(241, 12),
(246, 13),
(246, 11),
(246, 5),
(247, 17),
(247, 1),
(247, 3),
(248, 2),
(248, 4),
(248, 13),
(248, 14),
(249, 19),
(249, 15),
(249, 9),
(251, 8),
(252, 18),
(253, 16),
(253, 5),
(254, 16),
(256, 1),
(256, 16),
(256, 12),
(256, 9),
(257, 6),
(257, 18),
(258, 17),
(258, 9),
(259, 9),
(260, 18),
(262, 2),
(262, 7),
(263, 17),
(263, 3),
(263, 19),
(263, 12),
(264, 2),
(265, 1),
(265, 12),
(269, 7),
(269, 12),
(270, 20),
(270, 3),
(270, 12),
(270, 9),
(271, 18),
(271, 20),
(271, 5),
(275, 12),
(276, 19),
(277, 11),
(277, 17),
(277, 18),
(277, 1),
(277, 15),
(279, 13),
(279, 6),
(280, 10),
(281, 4),
(281, 12),
(282, 20),
(282, 10),
(284, 11),
(284, 17),
(284, 14),
(284, 9),
(285, 10),
(285, 9),
(286, 14),
(286, 3),
(286, 12),
(286, 5),
(287, 4),
(287, 5),
(288, 19),
(288, 15),
(288, 12),
(289, 9),
(290, 13),
(290, 14),
(290, 16),
(291, 15),
(293, 6),
(293, 11),
(293, 17),
(294, 3),
(294, 15),
(294, 5),
(294, 9),
(297, 13),
(297, 20),
(297, 7),
(297, 5),
(299, 4),
(300, 17),
(300, 7),
(300, 16),
(300, 15),
(301, 19),
(302, 16),
(302, 5),
(303, 6),
(303, 8),
(303, 14),
(304, 2),
(304, 18),
(304, 19),
(307, 4),
(307, 20),
(307, 1),
(307, 9),
(309, 2),
(309, 6),
(309, 13),
(310, 3),
(310, 15),
(311, 15),
(313, 11),
(313, 10),
(315, 2),
(315, 11),
(316, 2),
(316, 11),
(316, 7),
(317, 2),
(317, 15),
(318, 20),
(318, 10),
(318, 3),
(320, 4),
(321, 20),
(321, 14),
(321, 16),
(322, 6),
(322, 19),
(323, 17),
(323, 16),
(324, 18),
(324, 12),
(324, 5),
(326, 11),
(326, 7),
(329, 13),
(329, 5),
(330, 6),
(330, 9),
(331, 20),
(332, 6),
(332, 11),
(332, 18),
(332, 1),
(350, 4),
(350, 12),
(351, 3),
(351, 12),
(352, 2),
(352, 17),
(352, 18),
(353, 8),
(353, 20),
(353, 16),
(353, 12),
(356, 17),
(357, 6),
(357, 19),
(357, 9),
(358, 20),
(358, 15),
(359, 4),
(359, 6),
(359, 15),
(361, 8),
(361, 20),
(361, 1),
(361, 15),
(361, 9),
(362, 17),
(362, 20),
(362, 10),
(362, 16),
(363, 19),
(363, 15),
(363, 16),
(363, 12),
(364, 18),
(367, 17),
(367, 3),
(367, 19),
(367, 16),
(367, 12),
(368, 4),
(368, 18),
(368, 14),
(369, 2),
(369, 17),
(369, 3),
(369, 9),
(370, 18),
(370, 15),
(370, 16),
(371, 13),
(372, 14),
(372, 3),
(372, 16),
(372, 15),
(372, 5),
(374, 6),
(375, 18),
(375, 1),
(375, 9),
(376, 4),
(376, 9),
(377, 13),
(377, 10),
(378, 2),
(378, 8);
CREATE MEMORY TABLE PUBLIC.COMMENTS_UP_VOTERS(
COMMENT_MODEL_ID BIGINT NOT NULL,
UP_VOTERS_ID BIGINT NOT NULL
);
ALTER TABLE PUBLIC.COMMENTS_UP_VOTERS ADD CONSTRAINT PUBLIC.CONSTRAINT_20 PRIMARY KEY(COMMENT_MODEL_ID, UP_VOTERS_ID);
-- 337 +/- SELECT COUNT(*) FROM PUBLIC.COMMENTS_UP_VOTERS;
INSERT INTO PUBLIC.COMMENTS_UP_VOTERS(COMMENT_MODEL_ID, UP_VOTERS_ID) VALUES
(194, 4),
(194, 8),
(194, 3),
(195, 7),
(196, 4),
(196, 17),
(196, 12),
(197, 17),
(197, 14),
(198, 4),
(198, 13),
(198, 8),
(198, 18),
(198, 10),
(198, 3),
(199, 11),
(199, 15),
(202, 7),
(202, 3),
(202, 15),
(202, 16),
(203, 3),
(203, 19),
(203, 16),
(203, 15),
(204, 2),
(204, 1),
(204, 5),
(206, 2),
(207, 6),
(207, 10),
(207, 19),
(207, 16),
(207, 12),
(207, 9),
(209, 2),
(209, 6),
(209, 13),
(209, 16),
(209, 9),
(210, 18),
(210, 1),
(210, 3),
(211, 13),
(211, 6),
(211, 3),
(211, 16),
(211, 15),
(212, 13),
(212, 17),
(212, 3),
(212, 16),
(212, 15),
(213, 11),
(213, 17),
(213, 3),
(214, 13),
(214, 16),
(216, 6),
(216, 8),
(217, 4),
(217, 13),
(217, 18),
(217, 14),
(218, 18),
(218, 5),
(219, 13),
(219, 8),
(219, 12),
(220, 2),
(220, 13),
(220, 17),
(221, 2),
(223, 13),
(223, 5),
(223, 9),
(224, 3),
(225, 13),
(225, 3),
(225, 19),
(225, 5),
(225, 9),
(226, 4),
(226, 6),
(226, 11),
(226, 17),
(237, 1),
(237, 15),
(238, 4),
(238, 8),
(238, 11),
(238, 17),
(238, 7),
(239, 18),
(240, 9),
(241, 2),
(241, 18),
(246, 1),
(246, 3),
(246, 12),
(247, 20),
(247, 14),
(247, 15),
(248, 17),
(248, 5),
(249, 6),
(249, 7),
(249, 3),
(251, 11),
(251, 8),
(251, 10),
(251, 15),
(252, 11),
(252, 1),
(252, 16),
(253, 4),
(253, 18),
(253, 7),
(253, 10),
(253, 15),
(254, 2),
(254, 6),
(254, 18),
(254, 14),
(256, 1),
(257, 9),
(258, 19),
(258, 5),
(259, 7),
(259, 10),
(259, 1),
(259, 19),
(259, 12),
(259, 9),
(260, 4),
(260, 1),
(260, 12),
(262, 11),
(262, 12),
(263, 2),
(263, 18),
(264, 18),
(264, 3),
(265, 11),
(265, 18),
(265, 14),
(265, 1),
(265, 16),
(265, 12),
(266, 14),
(266, 19),
(268, 10),
(268, 1),
(268, 9),
(269, 2),
(269, 7),
(270, 17),
(270, 7),
(270, 12),
(271, 2),
(272, 6),
(272, 8),
(272, 7),
(272, 19),
(272, 9),
(275, 13),
(275, 8),
(275, 7),
(276, 6),
(276, 13),
(276, 19),
(276, 5),
(276, 12),
(276, 9),
(277, 6),
(277, 13),
(279, 17),
(279, 20),
(279, 10),
(279, 9),
(280, 10),
(280, 15),
(280, 16),
(284, 13),
(284, 12),
(285, 4),
(285, 14),
(285, 3),
(286, 17),
(286, 18),
(286, 10),
(286, 19),
(286, 5),
(287, 13),
(287, 3),
(288, 5),
(289, 4),
(289, 17),
(289, 10),
(289, 3),
(289, 15),
(290, 10),
(290, 1),
(290, 3),
(291, 13),
(293, 4),
(293, 6),
(293, 20),
(294, 17),
(294, 5),
(295, 20),
(295, 14),
(295, 10),
(298, 2),
(298, 14),
(298, 1),
(298, 19),
(298, 16),
(299, 11),
(300, 16),
(302, 8),
(302, 18),
(302, 10),
(303, 1),
(304, 4),
(304, 7),
(307, 10),
(307, 3),
(307, 5),
(308, 2),
(308, 11),
(309, 20),
(309, 12),
(310, 11),
(310, 10),
(310, 15),
(311, 13),
(311, 7),
(311, 15),
(312, 14),
(312, 7),
(312, 16),
(313, 8),
(315, 9),
(316, 4),
(316, 1),
(317, 15),
(320, 11),
(320, 17),
(320, 10),
(320, 3),
(320, 12),
(320, 9),
(321, 20),
(321, 7),
(321, 10),
(321, 12),
(322, 20),
(322, 14),
(322, 1),
(322, 3),
(322, 9),
(323, 13),
(323, 11),
(323, 7),
(323, 1),
(323, 9),
(324, 14),
(324, 12),
(327, 6),
(327, 7),
(327, 9),
(328, 5),
(329, 6),
(329, 16),
(329, 5),
(330, 2),
(331, 3),
(332, 4),
(332, 8),
(350, 11),
(350, 10),
(350, 19),
(350, 15),
(350, 16),
(352, 11),
(353, 7),
(353, 3),
(353, 12),
(356, 17),
(356, 14),
(356, 1),
(357, 4),
(357, 8),
(357, 10),
(357, 1),
(357, 5),
(358, 11),
(359, 2),
(359, 6),
(359, 11),
(359, 3),
(359, 19),
(361, 2),
(361, 6),
(361, 5),
(362, 18),
(362, 17),
(362, 19),
(363, 10),
(363, 19),
(363, 15),
(364, 2),
(364, 5),
(366, 1),
(366, 15),
(368, 14),
(369, 8),
(369, 15),
(370, 8),
(370, 15),
(371, 2),
(371, 4),
(371, 3),
(371, 9),
(372, 17),
(374, 4),
(374, 20),
(374, 7),
(374, 3),
(375, 1),
(376, 10),
(376, 1),
(377, 4),
(377, 19),
(377, 15),
(378, 8);
CREATE MEMORY TABLE PUBLIC.DELEGATIONS(
ID BIGINT NOT NULL,
CREATED_AT TIMESTAMP NOT NULL,
UPDATED_AT TIMESTAMP NOT NULL,
REQUESTED_DELEGATION_AT TIMESTAMP,
TRANSITIVE BOOLEAN NOT NULL,
AREA_ID BIGINT NOT NULL,
FROM_USER_ID BIGINT NOT NULL,
REQUESTED_DELEGATION_FROM_CHECKSUM_CHECKSUM VARCHAR(255),
TO_PROXY_ID BIGINT NOT NULL
);
ALTER TABLE PUBLIC.DELEGATIONS ADD CONSTRAINT PUBLIC.CONSTRAINT_8 PRIMARY KEY(ID);
-- 9 +/- SELECT COUNT(*) FROM PUBLIC.DELEGATIONS;
INSERT INTO PUBLIC.DELEGATIONS(ID, CREATED_AT, UPDATED_AT, REQUESTED_DELEGATION_AT, TRANSITIVE, AREA_ID, FROM_USER_ID, REQUESTED_DELEGATION_FROM_CHECKSUM_CHECKSUM, TO_PROXY_ID) VALUES
(227, TIMESTAMP '2019-03-06 14:14:14.099', TIMESTAMP '2019-03-06 14:14:14.099', NULL, TRUE, 21, 2, NULL, 1),
(228, TIMESTAMP '2019-03-06 14:14:14.74', TIMESTAMP '2019-03-06 14:14:14.74', NULL, TRUE, 21, 3, NULL, 1),
(229, TIMESTAMP '2019-03-06 14:14:15.357', TIMESTAMP '2019-03-06 14:14:15.357', NULL, TRUE, 21, 4, NULL, 1),
(230, TIMESTAMP '2019-03-06 14:14:15.818', TIMESTAMP '2019-03-06 14:14:15.818', TIMESTAMP '2019-03-06 14:14:15.817', TRUE, 21, 5, '$2a$10$1IdrGrRAN2Wp3U7QI.JIzuaW/fGb8Z2mJgsKxYwe5.NrtAFNxSQVS', 2),
(231, TIMESTAMP '2019-03-06 14:14:16.44', TIMESTAMP '2019-03-06 14:14:16.44', NULL, TRUE, 21, 6, NULL, 3),
(232, TIMESTAMP '2019-03-06 14:14:17.055', TIMESTAMP '2019-03-06 14:14:17.055', NULL, TRUE, 21, 7, NULL, 4),
(233, TIMESTAMP '2019-03-06 14:14:17.669', TIMESTAMP '2019-03-06 14:14:17.669', NULL, TRUE, 21, 10, NULL, 7),
(234, TIMESTAMP '2019-03-06 14:14:18.282', TIMESTAMP '2019-03-06 14:14:18.282', NULL, TRUE, 21, 11, NULL, 7),
(235, TIMESTAMP '2019-03-06 14:14:18.942', TIMESTAMP '2019-03-06 14:14:18.942', NULL, FALSE, 21, 12, NULL, 7);
CREATE MEMORY TABLE PUBLIC.KEY_VALUE(
ID BIGINT NOT NULL,
KEY_COL VARCHAR(255) NOT NULL,
VALUE_COL VARCHAR(255)
);
ALTER TABLE PUBLIC.KEY_VALUE ADD CONSTRAINT PUBLIC.CONSTRAINT_7 PRIMARY KEY(ID);
-- 3 +/- SELECT COUNT(*) FROM PUBLIC.KEY_VALUE;
INSERT INTO PUBLIC.KEY_VALUE(ID, KEY_COL, VALUE_COL) VALUES
(32, 'liquido.supporters.for.proposal', '10'),
(242, 'liquido.days.until.voting.starts', '14'),
(243, 'liquido.duration.of.voting.phase', '14');
CREATE MEMORY TABLE PUBLIC.LAWS(
ID BIGINT NOT NULL,
CREATED_AT TIMESTAMP NOT NULL,
UPDATED_AT TIMESTAMP NOT NULL,
DESCRIPTION VARCHAR(1000) NOT NULL,
REACHED_QUORUM_AT TIMESTAMP,
STATUS INTEGER NOT NULL,
TITLE VARCHAR(255) NOT NULL,
AREA_ID BIGINT NOT NULL,
CREATED_BY_ID BIGINT,
POLL_ID BIGINT
);
ALTER TABLE PUBLIC.LAWS ADD CONSTRAINT PUBLIC.CONSTRAINT_23 PRIMARY KEY(ID);
-- 188 +/- SELECT COUNT(*) FROM PUBLIC.LAWS;
INSERT INTO PUBLIC.LAWS(ID, CREATED_AT, UPDATED_AT, DESCRIPTION, REACHED_QUORUM_AT, STATUS, TITLE, AREA_ID, CREATED_BY_ID, POLL_ID) VALUES
(31, TIMESTAMP '2019-03-05 14:14:10.162', TIMESTAMP '2019-03-06 14:14:10.164', 'CleNtVqE Lorem ipsum dolor sit amet, consectetur adipiscing elit, sed do eiusmod tempor incididunt ut labore et dolore magna aliqua. Ut enim ad minim veniam, quis nostrud exercitation ullamco laboris nisi ut aliquip ex ea commodo consequat. Duis aute irure dolor in reprehenderit in voluptate ve', NULL, 0, 'Idea 0 that suggest that we definitely need a longer title for ideas', 21, 5, NULL),
(33, TIMESTAMP '2019-03-04 14:14:10.278', TIMESTAMP '2019-03-05 14:14:10.278', 'bkHxfgMa Lorem ipsum dolor sit amet, consectetur adipiscing elit, sed do eiusmod tempor incididunt ut labore et dolor', NULL, 0, 'Idea 1 that suggest that we definitely need a longer title for ideas', 22, 17, NULL),
(34, TIMESTAMP '2019-03-03 14:14:10.3', TIMESTAMP '2019-03-04 14:14:10.3', 'SyO63EH3 Lorem ipsum dolor sit amet, consectetur adipiscing elit, sed do eiusmod tempor incididunt ut labore et dolore magna aliqua. Ut enim ad minim veniam, quis nostrud exercitation ullamco laboris nisi ut aliquip ex ea commodo consequat. Duis aute irure dolor in reprehenderit in voluptate velit esse cillum dolore eu fugiat nulla pariatur. Excepteur sint occaecat cupidatat non proident, sunt in', NULL, 0, 'Idea 2 that suggest that we definitely need a longer title for ideas', 23, 9, NULL),
(35, TIMESTAMP '2019-03-02 14:14:10.331', TIMESTAMP '2019-03-03 14:14:10.331', 'LFaqKhh3 Lorem ipsum dolor sit amet', NULL, 0, 'Idea 3 that suggest that we definitely need a longer title for ideas', 24, 4, NULL),
(36, TIMESTAMP '2019-03-01 14:14:10.338', TIMESTAMP '2019-03-02 14:14:10.338', 'xN5AKomG Lorem ipsum dolor sit amet, consectetur adipiscing elit, sed do eiusmod tempor incididunt ut labore et dolore magna aliqua. Ut enim ad minim ve', NULL, 0, 'Idea 4 that suggest that we definitely need a longer title for ideas', 25, 19, NULL),
(37, TIMESTAMP '2019-02-28 14:14:10.383', TIMESTAMP '2019-03-01 14:14:10.383', 'SSnFxBLw Lorem ipsum dolor sit amet, consectetur adipiscing elit, sed do eiusmod tempor incididunt ut labore et dolore magna aliqua. Ut enim ad minim veniam, quis nostrud exercitation ullamco laboris nisi ut aliquip ex ea commodo consequat. Duis aute irure dolor in reprehenderit in voluptate velit esse cillum dolore eu fugiat nulla p', NULL, 0, 'Idea 5 that suggest that we definitely need a longer title for ideas', 26, 4, NULL),
(38, TIMESTAMP '2019-02-27 14:14:10.458', TIMESTAMP '2019-02-28 14:14:10.459', 'AgyHwo9N Lorem ipsum dolor sit amet, consectetur adipiscing elit, sed do eiusmod tempor incididunt ut labore ', NULL, 0, 'Idea 6 that suggest that we definitely need a longer title for ideas', 27, 6, NULL),
(39, TIMESTAMP '2019-02-26 14:14:10.508', TIMESTAMP '2019-02-27 14:14:10.508', 'VWCZRscx Lorem ipsum dolor sit amet, consectetur adipiscing elit, sed do eiusmod tempor incididunt ut labore et dolore magna aliqua. Ut enim ad', NULL, 0, 'Idea 7 that suggest that we definitely need a longer title for ideas', 28, 10, NULL),
(40, TIMESTAMP '2019-02-25 14:14:10.526', TIMESTAMP '2019-02-26 14:14:10.526', 'kWNETHMV Lorem ipsum dolor sit amet, consectetur adipiscing elit, sed do eiusmod tempor incididunt ut labore et dolore magna aliqua. Ut enim ad minim veniam, quis nostrud e', NULL, 0, 'Idea 8 that suggest that we definitely need a longer title for ideas', 29, 16, NULL),
(41, TIMESTAMP '2019-02-24 14:14:10.532', TIMESTAMP '2019-02-25 14:14:10.532', 'HnCOygXN Lorem ipsum dolor sit amet, consectetur adipiscing elit, sed do eiusmod tempor incididunt ut labore et dolore magna aliqua. Ut enim ad minim veniam, quis nostrud exercitation ullamco laboris nisi ut aliquip ex ea commodo consequat. Duis aute irure dolor in reprehenderit in voluptate velit esse cillum dolore eu fugiat nulla pariatur. Excepteu', NULL, 0, 'Idea 9 that suggest that we definitely need a longer title for ideas', 30, 19, NULL),
(42, TIMESTAMP '2019-02-23 14:14:10.556', TIMESTAMP '2019-02-24 14:14:10.557', 'x0Lmbx76 Lorem ipsum dolor sit amet, consectetur adipiscing elit, sed do eiusmod tempor incididunt ut labore et dolore magna aliqua. Ut enim ad minim veniam, quis nostrud exercitation ullamco laboris nisi ut aliquip ex ea commodo consequat. Duis aute irure dolor in reprehenderit in voluptate velit esse cillum dolore eu fugiat nulla p', NULL, 0, 'Idea 10 that suggest that we definitely need a longer title for ideas', 21, 14, NULL);
INSERT INTO PUBLIC.LAWS(ID, CREATED_AT, UPDATED_AT, DESCRIPTION, REACHED_QUORUM_AT, STATUS, TITLE, AREA_ID, CREATED_BY_ID, POLL_ID) VALUES
(43, TIMESTAMP '2019-02-22 14:14:10.592', TIMESTAMP '2019-02-23 14:14:10.592', 'ZXPXW8Ot Lorem ipsum dolor sit amet, consectetur adipiscing elit, sed do eiusmod tempor incididunt ut labore et dolore magna aliqua. Ut enim ad minim veniam, quis nostrud exercitation ullamco laboris nisi ut aliquip ex ea commodo consequat. Duis aute irure dolor in reprehenderit in voluptate velit esse cillum dolore eu fugiat nulla pariatur. Excepteur sint occaecat cupid', NULL, 0, 'Idea 11 that suggest that we definitely need a longer title for ideas', 22, 3, NULL),
(44, TIMESTAMP '2019-02-21 14:14:10.604', TIMESTAMP '2019-02-22 14:14:10.606', '5FckK8tQ Lorem ipsum dolor sit amet, consectetur adipiscing elit, sed do eiusmod tempor incididunt ut labore et dolore magna aliqua. Ut enim ad minim veniam, quis nostrud exercitation ullamco laboris nisi ut aliquip ex ea commodo consequat. Duis aute irure dolor in reprehenderit in voluptate velit esse cillum dolore eu fugiat nulla pariatur. Excepteur sint o', NULL, 0, 'Idea 12 that suggest that we definitely need a longer title for ideas', 23, 4, NULL),
(45, TIMESTAMP '2019-02-20 14:14:10.615', TIMESTAMP '2019-02-21 14:14:10.615', 'sZ2oBzed Lorem ipsum dolor sit amet, consectetur adipiscing elit, sed do eiusmod tempor incididunt ut labore et dolore magna aliqua. Ut enim ad minim veniam, quis nostrud exercitation ullamco laboris ni', NULL, 0, 'Idea 13 that suggest that we definitely need a longer title for ideas', 24, 7, NULL),
(46, TIMESTAMP '2019-02-19 14:14:10.631', TIMESTAMP '2019-02-20 14:14:10.631', 'E6eusznV Lorem ipsum dolor sit amet, consectetur adipiscing elit, sed do eiusmod tempor incididunt ut labore et dolore magna aliqua. Ut enim ad minim veniam, quis nostrud exercitation ullamco laboris nisi ut aliquip ex ea commodo consequat. Duis aute irure dolor in reprehenderit in voluptate velit esse ci', NULL, 0, 'Idea 14 that suggest that we definitely need a longer title for ideas', 25, 12, NULL),
(47, TIMESTAMP '2019-02-18 14:14:10.651', TIMESTAMP '2019-02-19 14:14:10.651', 'DltoA9Y4 Lorem ipsum dolor sit amet, consectetur adipiscing elit, sed do eiusmod tempor incididunt ut labore et dolore magna aliqua. Ut enim ad minim veniam, quis nostrud exercitation ullamco laboris nisi ut aliquip ex ea commodo consequat. Duis aute irure dolor in reprehenderit in voluptate ve', NULL, 0, 'Idea 15 that suggest that we definitely need a longer title for ideas', 26, 18, NULL),
(48, TIMESTAMP '2019-02-17 14:14:10.695', TIMESTAMP '2019-02-18 14:14:10.695', 'A9ovzZcT Lorem ipsum dolor sit amet, consectetur adipiscing elit, sed do eiusmod tempor incididun', NULL, 0, 'Idea 16 that suggest that we definitely need a longer title for ideas', 27, 20, NULL),
(49, TIMESTAMP '2019-02-16 14:14:10.709', TIMESTAMP '2019-02-17 14:14:10.709', '2VdDYEb2 Lorem ipsum dolor sit amet, consectetur adipiscing elit, sed do eiusmod tempor incididunt ut labore et dolore magna aliq', NULL, 0, 'Idea 17 that suggest that we definitely need a longer title for ideas', 28, 1, NULL),
(50, TIMESTAMP '2019-02-15 14:14:10.72', TIMESTAMP '2019-02-16 14:14:10.72', 'caKcB3DT Lorem ipsum dolor sit amet, consectetur adipiscing elit, sed do eiusmod tempor incididunt ut labore et dolore magna aliqua. ', NULL, 0, 'Idea 18 that suggest that we definitely need a longer title for ideas', 29, 3, NULL),
(51, TIMESTAMP '2019-02-14 14:14:10.739', TIMESTAMP '2019-02-15 14:14:10.739', 'drdB29Eq Lorem ipsum dolor sit amet, consectetur adipiscing elit, sed do eiusmod tempor incididunt ut labore et dolore magna aliqua. Ut enim ad minim veniam, quis', NULL, 0, 'Idea 19 that suggest that we definitely need a longer title for ideas', 30, 1, NULL),
(52, TIMESTAMP '2019-02-13 14:14:10.751', TIMESTAMP '2019-02-14 14:14:10.751', 'fAXlFZ0a Lorem ipsum dolor sit amet, consectetur adipiscing elit, sed do eiusmod t', NULL, 0, 'Idea 20 that suggest that we definitely need a longer title for ideas', 21, 20, NULL),
(53, TIMESTAMP '2019-02-12 14:14:10.778', TIMESTAMP '2019-02-13 14:14:10.781', 'sUtM4VDE Lorem ipsum dolor sit amet, consectetur adipiscing elit, sed do eiusmod tempor incididunt ut labore et dolore magna aliqua. Ut enim ad minim veniam, quis nostrud exercitation ullamco laboris nisi ut aliquip ex ea commodo consequat. Duis aute irure dolor in reprehenderit in voluptate ', NULL, 0, 'Idea 21 that suggest that we definitely need a longer title for ideas', 22, 20, NULL);
INSERT INTO PUBLIC.LAWS(ID, CREATED_AT, UPDATED_AT, DESCRIPTION, REACHED_QUORUM_AT, STATUS, TITLE, AREA_ID, CREATED_BY_ID, POLL_ID) VALUES
(54, TIMESTAMP '2019-02-11 14:14:10.814', TIMESTAMP '2019-02-12 14:14:10.814', '0dstcDgO Lorem ipsum', NULL, 0, 'Idea 22 that suggest that we definitely need a longer title for ideas', 23, 19, NULL),
(55, TIMESTAMP '2019-02-10 14:14:10.837', TIMESTAMP '2019-02-11 14:14:10.837', '0FeBqPH7 Lorem ipsum dolor sit amet, consectetur adipiscing elit, sed do eiusmod tempor incididunt ut labore et dolore magna aliqua. U', NULL, 0, 'Idea 23 that suggest that we definitely need a longer title for ideas', 24, 17, NULL),
(56, TIMESTAMP '2019-02-09 14:14:10.846', TIMESTAMP '2019-02-10 14:14:10.847', 'D9ossNpY Lorem ipsum dolor sit amet, consectetur adipiscing elit, sed do eiusmod tempor incididunt ut labore et dolore magna aliqua. Ut enim ad minim veniam, quis nostrud exercitation ullamco laboris nisi ut aliquip ex ea commodo consequat. Duis aute irure dolor in reprehenderit in voluptate velit esse cillum dolore eu fugiat nulla pariatur. Excepteur si', NULL, 0, 'Idea 24 that suggest that we definitely need a longer title for ideas', 25, 11, NULL),
(57, TIMESTAMP '2019-02-08 14:14:10.852', TIMESTAMP '2019-02-09 14:14:10.853', 'NDrOpx6Q Lorem ipsum dolor sit amet, consectetur adipis', NULL, 0, 'Idea 25 that suggest that we definitely need a longer title for ideas', 26, 9, NULL),
(58, TIMESTAMP '2019-02-07 14:14:10.861', TIMESTAMP '2019-02-08 14:14:10.861', 'gknLcMFn Lorem ipsum dolor sit amet, consectetur adipiscing elit, sed do eiusmod tempor incididunt ut labore et dolore magna aliqua. Ut enim ad minim ve', NULL, 0, 'Idea 26 that suggest that we definitely need a longer title for ideas', 27, 12, NULL),
(59, TIMESTAMP '2019-02-06 14:14:10.876', TIMESTAMP '2019-02-07 14:14:10.876', '8bTpKg5S Lorem ipsum dolor sit amet, consectetur adipiscing elit, sed do eiusmod tempor incididunt ut labore et dolore magna aliqua. Ut enim ad minim veniam, quis nostrud exercitation ullamco laboris nisi ut aliquip ex ea commodo consequat. Duis aute irure dolor in reprehenderit in voluptate velit esse cillum dolore eu fugiat nulla pariatur. Excepteur sint occaecat cupidatat ', NULL, 0, 'Idea 27 that suggest that we definitely need a longer title for ideas', 28, 12, NULL),
(60, TIMESTAMP '2019-02-05 14:14:10.882', TIMESTAMP '2019-02-06 14:14:10.882', 'Z573GgxV Lorem ipsum dolor sit amet, consectetur adipiscing elit, sed do eiusmod tempor incididunt ut labore et dolore magna aliqua. Ut enim ad minim veniam, quis nostrud exercitation ullamco laboris nisi ut aliquip ex ea commodo consequat. ', NULL, 0, 'Idea 28 that suggest that we definitely need a longer title for ideas', 29, 1, NULL),
(61, TIMESTAMP '2019-02-04 14:14:10.89', TIMESTAMP '2019-02-05 14:14:10.89', 'PvEPEGXm Lorem ipsum dolor sit amet, consectetur adipiscing elit, sed do eiusmod', NULL, 0, 'Idea 29 that suggest that we definitely need a longer title for ideas', 30, 17, NULL),
(62, TIMESTAMP '2019-02-03 14:14:10.898', TIMESTAMP '2019-02-04 14:14:10.898', 'wvxVVY9U Lorem ipsum dolor sit amet, consectetur adipiscing elit, sed do eiusmod tempor incididunt ut labore et dolore magna aliqua. Ut enim ad minim veniam, quis nostrud exercitation ullamco laboris nisi ut aliquip ex ea commodo consequat. Duis aute irure dolor in reprehenderit in volupta', NULL, 0, 'Idea 30 that suggest that we definitely need a longer title for ideas', 21, 15, NULL),
(63, TIMESTAMP '2019-02-02 14:14:10.913', TIMESTAMP '2019-02-03 14:14:10.913', 'KhVDC4lq Lorem ipsum dolor sit amet, consectetur adipiscing elit, sed do eiusmod tempor incididunt ut labore et dolore magna aliqua. Ut enim ad minim veniam, quis nostrud exercitatio', NULL, 0, 'Idea 31 that suggest that we definitely need a longer title for ideas', 22, 1, NULL),
(64, TIMESTAMP '2019-02-01 14:14:10.932', TIMESTAMP '2019-02-02 14:14:10.932', 'Zd5FfdHF Lorem ipsum dolor sit amet, consectetur adipiscing elit, sed do eiusmo', NULL, 0, 'Idea 32 that suggest that we definitely need a longer title for ideas', 23, 16, NULL),
(65, TIMESTAMP '2019-01-31 14:14:10.945', TIMESTAMP '2019-02-01 14:14:10.945', 'zc6TvoRq Lorem ipsum dolor sit amet, consectetur adipiscing elit, sed do eiusmod tempor incididunt ut labore et dolore magna aliqua. Ut enim ad minim veniam, quis nostrud exercitation ullamco labor', NULL, 0, 'Idea 33 that suggest that we definitely need a longer title for ideas', 24, 3, NULL);
INSERT INTO PUBLIC.LAWS(ID, CREATED_AT, UPDATED_AT, DESCRIPTION, REACHED_QUORUM_AT, STATUS, TITLE, AREA_ID, CREATED_BY_ID, POLL_ID) VALUES
(66, TIMESTAMP '2019-01-30 14:14:10.962', TIMESTAMP '2019-01-31 14:14:10.963', 'nvwd34Wx Lorem ipsum dolor sit amet, consectetur adipiscing elit, sed do eiusmod tempor incididunt ut labore et dolore magna aliqua. Ut enim ad minim veniam, quis nostrud exercitation ullamco laboris ni', NULL, 0, 'Idea 34 that suggest that we definitely need a longer title for ideas', 25, 18, NULL),
(67, TIMESTAMP '2019-01-29 14:14:10.973', TIMESTAMP '2019-01-30 14:14:10.976', 'rxn2plsR Lorem ipsum dolor sit amet', NULL, 0, 'Idea 35 that suggest that we definitely need a longer title for ideas', 26, 6, NULL),
(68, TIMESTAMP '2019-01-28 14:14:10.989', TIMESTAMP '2019-01-29 14:14:10.989', 'EgYokQWe Lorem ipsum dolor sit amet, consectetur adipiscing elit, sed do eiusmod tempor incid', NULL, 0, 'Idea 36 that suggest that we definitely need a longer title for ideas', 27, 16, NULL),
(69, TIMESTAMP '2019-01-27 14:14:10.994', TIMESTAMP '2019-01-28 14:14:10.994', 'LbmrKPqd Lorem ipsum dolor sit amet, consectetur adipiscing elit, sed do eiusmod tempor incididunt ut labore et dolore magna aliqua. Ut enim ad minim veniam, quis nostrud exercitation ullamco laboris nisi ut aliquip ex ea commodo consequat', NULL, 0, 'Idea 37 that suggest that we definitely need a longer title for ideas', 28, 20, NULL),
(70, TIMESTAMP '2019-01-26 14:14:10.999', TIMESTAMP '2019-01-27 14:14:10.999', 'Vf8uzMfr Lorem ipsum dolor sit amet, consectetur adipiscing elit, sed do eiusmod tempor incididunt ut labore et dolore magna aliqua. Ut enim ad ', NULL, 0, 'Idea 38 that suggest that we definitely need a longer title for ideas', 29, 2, NULL),
(71, TIMESTAMP '2019-01-25 14:14:11.004', TIMESTAMP '2019-01-26 14:14:11.004', 'aRmU6ltv Lorem ipsum dolor sit amet, consectetur adipiscing elit, sed do eiusmod tempor incididunt ut labore et dolore magna aliqua. Ut enim ad minim veniam, quis nostrud exercitation ullamco laboris nisi ut aliquip ex ea commodo consequat. Duis aute irure dolor in reprehenderit in voluptate velit esse cillum dolore eu fugia', NULL, 0, 'Idea 39 that suggest that we definitely need a longer title for ideas', 30, 9, NULL),
(72, TIMESTAMP '2019-01-24 14:14:11.011', TIMESTAMP '2019-01-25 14:14:11.011', '3MzCQmTk Lorem ipsum dolor sit amet, consectetur adipiscing elit, sed do eiusmod tempor incididunt ut labore et dolore magna aliqua. Ut enim ad minim veniam, quis nostrud exercitation ullamco laboris nisi ut aliquip ex ea commodo consequat. Duis aute irure dol', NULL, 0, 'Idea 40 that suggest that we definitely need a longer title for ideas', 21, 8, NULL),
(73, TIMESTAMP '2019-01-23 14:14:11.049', TIMESTAMP '2019-01-24 14:14:11.049', 'kG85W6fT Lorem ipsum dolor sit amet, consectetur adipiscing elit, sed do eiusm', NULL, 0, 'Idea 41 that suggest that we definitely need a longer title for ideas', 22, 1, NULL),
(74, TIMESTAMP '2019-01-22 14:14:11.065', TIMESTAMP '2019-01-23 14:14:11.065', 'XT7qElP4 Lorem ipsum dolor sit amet, consectetur adipiscing elit, sed do eiusmod tempor incididunt ut labore et dolore magna aliqua. Ut enim ad minim veniam, quis nostrud exercitation ullamco laboris nisi ut aliquip ex ea commodo consequat. Duis aute irure dolor in reprehenderit in voluptate velit esse cillum dolore eu fugiat', NULL, 0, 'Idea 42 that suggest that we definitely need a longer title for ideas', 23, 13, NULL),
(75, TIMESTAMP '2019-01-21 14:14:11.086', TIMESTAMP '2019-01-22 14:14:11.087', 'SlfpgR3c Lorem ipsum dolor sit amet, consectetur adipiscing elit, sed do eiusmod tempor incididunt ut labore et dolore magna aliqua. Ut enim ad minim veniam, quis nostrud exercit', NULL, 0, 'Idea 43 that suggest that we definitely need a longer title for ideas', 24, 7, NULL),
(76, TIMESTAMP '2019-01-20 14:14:11.099', TIMESTAMP '2019-01-21 14:14:11.1', 'zPa5sp96 Lorem ipsum dolor sit amet, consectetur adipiscing elit, sed do eiusmod tempor incididunt ut labore et dolore magna aliqua. Ut enim ad minim veniam, quis nostrud exercitation ullamco laboris nisi ut aliquip ex ea commodo consequat. Duis aute irure dol', NULL, 0, 'Idea 44 that suggest that we definitely need a longer title for ideas', 25, 7, NULL);
INSERT INTO PUBLIC.LAWS(ID, CREATED_AT, UPDATED_AT, DESCRIPTION, REACHED_QUORUM_AT, STATUS, TITLE, AREA_ID, CREATED_BY_ID, POLL_ID) VALUES
(77, TIMESTAMP '2019-01-19 14:14:11.105', TIMESTAMP '2019-01-20 14:14:11.105', 'K6gCTuqh Lorem ipsum ', NULL, 0, 'Idea 45 that suggest that we definitely need a longer title for ideas', 26, 20, NULL),
(78, TIMESTAMP '2019-01-18 14:14:11.121', TIMESTAMP '2019-01-19 14:14:11.121', 'URWTzKoU Lorem ipsum dolor sit amet, consectetur adipiscing elit, sed do eiusmod tempor incididunt ut labore et dolore magna aliq', NULL, 0, 'Idea 46 that suggest that we definitely need a longer title for ideas', 27, 6, NULL),
(79, TIMESTAMP '2019-01-17 14:14:11.134', TIMESTAMP '2019-01-18 14:14:11.135', 'RzuPnzH8 Lorem ipsum dolor sit amet, consectetur adipiscing elit, sed do eiusmod tempor incididunt ut labore et dolore magna aliqua. Ut enim ad minim veniam, quis nostrud exercitation ullamco laboris nisi ut aliquip ex ea commodo consequat. Duis aute irure dolor in reprehenderit in voluptate velit esse cillum dolore eu fugiat nulla pariatur. Excepteur sint occaecat cupidatat non proident, sunt in cul', NULL, 0, 'Idea 47 that suggest that we definitely need a longer title for ideas', 28, 6, NULL),
(80, TIMESTAMP '2019-01-16 14:14:11.146', TIMESTAMP '2019-01-17 14:14:11.146', 'z5AL6YEk Lorem ipsum dolor sit amet, consectetur adipiscing elit, sed do eiusmod tempor incididunt ut labore et dolore magna aliqua. Ut enim ad minim veniam, quis nostrud exercitation ullamco laboris nisi ut a', NULL, 0, 'Idea 48 that suggest that we definitely need a longer title for ideas', 29, 18, NULL),
(81, TIMESTAMP '2019-01-15 14:14:11.183', TIMESTAMP '2019-01-16 14:14:11.183', 'yo7SthkM Lorem ipsum dol', NULL, 0, 'Idea 49 that suggest that we definitely need a longer title for ideas', 30, 18, NULL),
(82, TIMESTAMP '2019-01-14 14:14:11.21', TIMESTAMP '2019-01-15 14:14:11.211', 'mVdMfQze Lorem ipsum dolor sit amet, consectetur adipiscing elit, sed do eiusmod tempor incididunt ut labore et dolore magna aliqua. Ut enim ad minim veniam, quis nostrud exercitation ullamco laboris nisi ut aliquip ex ea commodo consequat. Duis aute irure dolor in reprehenderit in voluptate velit esse cil', NULL, 0, 'Idea 50 that suggest that we definitely need a longer title for ideas', 21, 20, NULL),
(83, TIMESTAMP '2019-01-13 14:14:11.218', TIMESTAMP '2019-01-14 14:14:11.218', 'zf4cyS4s Lorem ipsum dolor sit amet, consectetur adipiscing elit, sed do eiusmod tempor incididunt ut labore et dolore magna aliqua. Ut enim ad minim veniam, quis nostrud exercitation ullamco laboris nisi ut aliquip ex ea commodo consequat. Duis aute irure dolor in reprehenderit in volup', NULL, 0, 'Idea 51 that suggest that we definitely need a longer title for ideas', 22, 8, NULL),
(84, TIMESTAMP '2019-01-12 14:14:11.236', TIMESTAMP '2019-01-13 14:14:11.236', 'qfTNMAxW Lorem ipsum dolor sit amet, consectetur adipiscing elit, sed do eiusmod tempor incididunt ut labore et dolore magna aliqua. Ut enim ad minim veniam, quis nostrud exercitation ullamco laboris nisi ut aliquip ex ea comm', NULL, 0, 'Idea 52 that suggest that we definitely need a longer title for ideas', 23, 10, NULL),
(85, TIMESTAMP '2019-01-11 14:14:11.24', TIMESTAMP '2019-01-12 14:14:11.24', 'Ouc9kFx4 ', NULL, 0, 'Idea 53 that suggest that we definitely need a longer title for ideas', 24, 6, NULL),
(86, TIMESTAMP '2019-01-10 14:14:11.264', TIMESTAMP '2019-01-11 14:14:11.264', 'mzAMlfgg Lorem ipsum dolor sit amet, consectetur adipiscing elit, sed do eiusmod tempor incididunt ut labore et dolore magna aliqua. Ut enim ad minim veniam, quis nostrud exercitation ullamco laboris nisi u', NULL, 0, 'Idea 54 that suggest that we definitely need a longer title for ideas', 25, 16, NULL),
(87, TIMESTAMP '2019-01-09 14:14:11.288', TIMESTAMP '2019-01-10 14:14:11.288', 'K4F3QFnQ Lorem ipsum dolor sit amet, consectetur adipiscing elit, sed do eiusmod tempor incididunt ut labore et dolore magna aliqua. Ut enim ad minim veniam, quis nostrud exercitation ullamco laboris nisi ut aliquip ex ea commodo consequat. Duis aute irure dolor in repreh', NULL, 0, 'Idea 55 that suggest that we definitely need a longer title for ideas', 26, 20, NULL);
INSERT INTO PUBLIC.LAWS(ID, CREATED_AT, UPDATED_AT, DESCRIPTION, REACHED_QUORUM_AT, STATUS, TITLE, AREA_ID, CREATED_BY_ID, POLL_ID) VALUES
(88, TIMESTAMP '2019-01-08 14:14:11.302', TIMESTAMP '2019-01-09 14:14:11.303', '8CHMcqlk Lorem ipsum dolor sit amet, consectetur adipiscing elit, sed do eiusmod tempor incididunt ut labore et dolore magna aliqua. Ut enim ad minim veniam, quis nostrud exercitation ullam', NULL, 0, 'Idea 56 that suggest that we definitely need a longer title for ideas', 27, 10, NULL),
(89, TIMESTAMP '2019-01-07 14:14:11.308', TIMESTAMP '2019-01-08 14:14:11.308', '5yGNWeZ8 Lorem ipsum dolor sit amet, consectetur adipiscing elit, sed do eiusmod tempor incididunt ut labore et dolore magna aliqua. Ut enim ad minim veniam, quis nostrud exercitation ullamco laboris nisi ut aliquip ex', NULL, 0, 'Idea 57 that suggest that we definitely need a longer title for ideas', 28, 10, NULL),
(90, TIMESTAMP '2019-01-06 14:14:11.319', TIMESTAMP '2019-01-07 14:14:11.319', 'TZOySw6O Lorem ipsum dolor sit amet, consectetur adipiscing elit, sed do eiusmod tempor incididunt ut labore et dolore magna aliqua. Ut enim ad minim veniam, quis nostrud exercitation ullamco laboris nisi ut aliquip ex ea commodo consequat. Duis aute irure dolor in reprehenderit in voluptate velit esse cillum dolore eu fugiat nulla pariatur. Excepteur sint occaecat', NULL, 0, 'Idea 58 that suggest that we definitely need a longer title for ideas', 29, 17, NULL),
(91, TIMESTAMP '2019-01-05 14:14:11.324', TIMESTAMP '2019-01-06 14:14:11.324', '6lfsFedu Lorem ipsum dolor sit amet, consectetur adipiscing elit, sed ', NULL, 0, 'Idea 59 that suggest that we definitely need a longer title for ideas', 30, 20, NULL),
(92, TIMESTAMP '2019-01-04 14:14:11.335', TIMESTAMP '2019-01-05 14:14:11.335', 'KfPrxnAR Lorem ipsum dolor sit amet, consectetur adipiscing elit, sed do eiusmod tempor incididunt ut labore et dolore magna aliqua. Ut enim ad minim veniam, quis nostrud exercitation ullamco laboris nisi ut aliquip ex ea commodo consequat. Duis aute irure dolor i', NULL, 0, 'Idea 60 that suggest that we definitely need a longer title for ideas', 21, 9, NULL),
(93, TIMESTAMP '2019-01-03 14:14:11.346', TIMESTAMP '2019-01-04 14:14:11.346', 'AlovRgLN Lorem ipsum ', NULL, 0, 'Idea 61 that suggest that we definitely need a longer title for ideas', 22, 6, NULL),
(94, TIMESTAMP '2019-01-02 14:14:11.362', TIMESTAMP '2019-01-03 14:14:11.364', 'bkA48nFo Lorem ipsum dolor sit amet, consectetur adipiscing elit, sed do eiusmod tempor incididunt ut labore et dolore magna aliqua. Ut enim ad minim veniam, quis nostrud exercitation ullamco laboris nisi ut aliquip ex ea commodo consequat. Duis aute irure dolor in re', NULL, 0, 'Idea 62 that suggest that we definitely need a longer title for ideas', 23, 10, NULL),
(95, TIMESTAMP '2019-01-01 14:14:11.383', TIMESTAMP '2019-01-02 14:14:11.394', '3lpsggZr Lorem ipsum dolor sit amet, consectetur adipiscing elit, sed do eiusmod tempor incididunt ut labore et dolore magna aliqua. Ut enim ad minim veniam, quis nostrud exercitation ullamco laboris nisi ut aliquip ex ea commodo consequat. Duis aute irure dolor in reprehenderit in voluptate velit esse cillum dolore eu fugiat nulla pariatur. Excepteur sint occaecat cupidatat non proident, sunt in ', NULL, 0, 'Idea 63 that suggest that we definitely need a longer title for ideas', 24, 10, NULL),
(96, TIMESTAMP '2018-12-31 14:14:11.415', TIMESTAMP '2019-01-01 14:14:11.415', 'QC2zGTCe Lorem ipsum dolor sit amet, co', NULL, 0, 'Idea 64 that suggest that we definitely need a longer title for ideas', 25, 8, NULL),
(97, TIMESTAMP '2018-12-30 14:14:11.429', TIMESTAMP '2018-12-31 14:14:11.429', '7cfFtoZm Lorem ipsum dolor sit amet, consectetur adipiscing elit, sed do eiusmod tempor incididunt ut labore et dolore magna aliqua. Ut enim ad minim veniam, quis nostrud exercitation ullamco laboris nisi ut aliquip ex ea commodo consequat. Duis aute irur', NULL, 0, 'Idea 65 that suggest that we definitely need a longer title for ideas', 26, 7, NULL),
(98, TIMESTAMP '2018-12-29 14:14:11.444', TIMESTAMP '2018-12-30 14:14:11.444', 'xd8fFkyg Lorem ipsum dolor sit amet, consectetur ad', NULL, 0, 'Idea 66 that suggest that we definitely need a longer title for ideas', 27, 9, NULL);
INSERT INTO PUBLIC.LAWS(ID, CREATED_AT, UPDATED_AT, DESCRIPTION, REACHED_QUORUM_AT, STATUS, TITLE, AREA_ID, CREATED_BY_ID, POLL_ID) VALUES
(99, TIMESTAMP '2018-12-28 14:14:11.468', TIMESTAMP '2018-12-29 14:14:11.468', '8otTVbuH Lorem ipsum dolor sit amet, consectetur adipiscing elit, sed do eiusmod tempor incididunt ut labore et dolore magna aliq', NULL, 0, 'Idea 67 that suggest that we definitely need a longer title for ideas', 28, 11, NULL),
(100, TIMESTAMP '2018-12-27 14:14:11.485', TIMESTAMP '2018-12-28 14:14:11.485', 'VraYRf6Z Lorem ipsum dolor sit amet, consectetur adipiscing elit, sed do eiusmod tempor incididunt ut labore et dolore magna aliqua. Ut enim ad minim veniam, quis nostrud exercitation ullamco laboris nisi ut aliquip ex ea commodo consequat. Duis aute irure dolor in reprehenderit in voluptate v', NULL, 0, 'Idea 68 that suggest that we definitely need a longer title for ideas', 29, 20, NULL),
(101, TIMESTAMP '2018-12-26 14:14:11.5', TIMESTAMP '2018-12-27 14:14:11.501', '6QdEkFkW Lorem ipsum dolor sit amet, consectetur adipiscing elit, sed do eiusmod tempor incididunt ut labore et dolore magna aliqua. Ut enim ad minim veniam, quis nostrud exercitation ullamco laboris nisi ut aliquip ex ea comm', NULL, 0, 'Idea 69 that suggest that we definitely need a longer title for ideas', 30, 4, NULL),
(102, TIMESTAMP '2018-12-25 14:14:11.523', TIMESTAMP '2018-12-26 14:14:11.524', 'dhC6WUFs Lorem ipsum dolor sit amet, consectetur adipiscing elit, sed do eiusmod tempor incididunt ut labore et dolore magna aliqua. Ut enim ad minim veniam, quis nostrud exercitation ullamco laboris nisi ut aliquip ex ea commodo consequat. Duis aute irure dolor in reprehenderit in voluptate velit esse cillum dolore eu fugiat nulla pariatur. Excepteur sint occaecat cupidata', NULL, 0, 'Idea 70 that suggest that we definitely need a longer title for ideas', 21, 20, NULL),
(103, TIMESTAMP '2018-12-24 14:14:11.545', TIMESTAMP '2018-12-25 14:14:11.545', 'lSNs8d0S Lorem ipsum dolor sit amet, consectetur adipiscing elit, sed d', NULL, 0, 'Idea 71 that suggest that we definitely need a longer title for ideas', 22, 7, NULL),
(104, TIMESTAMP '2018-12-23 14:14:11.557', TIMESTAMP '2018-12-24 14:14:11.557', 'b0akfPHh Lorem ipsum dolor sit amet, consectetur adipiscing elit, sed do eiusmod tempor inci', NULL, 0, 'Idea 72 that suggest that we definitely need a longer title for ideas', 23, 10, NULL),
(105, TIMESTAMP '2018-12-22 14:14:11.57', TIMESTAMP '2018-12-23 14:14:11.571', '4ydQMygl Lorem ipsum dolor sit amet, consectetur adipiscing elit, sed do eiusmod tempor incididunt ut labore et dolore magna aliqua. Ut enim ad minim veniam, quis nostrud exercitation ullamco l', NULL, 0, 'Idea 73 that suggest that we definitely need a longer title for ideas', 24, 11, NULL),
(106, TIMESTAMP '2018-12-21 14:14:11.575', TIMESTAMP '2018-12-22 14:14:11.575', 'DzkoKzHD Lorem ipsum dolor sit amet', NULL, 0, 'Idea 74 that suggest that we definitely need a longer title for ideas', 25, 4, NULL),
(107, TIMESTAMP '2018-12-20 14:14:11.588', TIMESTAMP '2018-12-21 14:14:11.588', 'yvsHO5th Lorem ipsum dolor sit amet, consectetur adipiscing elit, sed do eiusmod tempor incididunt ut labore et dolore magna aliqua. Ut enim ad minim veniam, quis nostrud exercitation ullamco laboris nisi ut aliquip ex ea commodo consequat. Duis aute irur', NULL, 0, 'Idea 75 that suggest that we definitely need a longer title for ideas', 26, 15, NULL),
(108, TIMESTAMP '2018-12-19 14:14:11.601', TIMESTAMP '2018-12-20 14:14:11.602', 'voTtzcaR Lorem ipsum dolor sit amet, consectetur adipiscing elit, sed do eiusmod tempor incididunt ut labore et dolore magna aliqua. Ut enim ad minim veniam, quis nostrud exercitat', NULL, 0, 'Idea 76 that suggest that we definitely need a longer title for ideas', 27, 17, NULL),
(109, TIMESTAMP '2018-12-18 14:14:11.612', TIMESTAMP '2018-12-19 14:14:11.612', 'XhPF45vh Lorem ipsum dolor sit amet, consectetur adipiscing elit, sed do eiusmod tempor incididunt ut labore et dolore magna a', NULL, 0, 'Idea 77 that suggest that we definitely need a longer title for ideas', 28, 3, NULL);
INSERT INTO PUBLIC.LAWS(ID, CREATED_AT, UPDATED_AT, DESCRIPTION, REACHED_QUORUM_AT, STATUS, TITLE, AREA_ID, CREATED_BY_ID, POLL_ID) VALUES
(110, TIMESTAMP '2018-12-17 14:14:11.616', TIMESTAMP '2018-12-18 14:14:11.616', 'lP7fqOtZ Lorem ipsum dolor sit amet, consectetur adipiscing elit, sed do eiusmod tempor incididunt ut labore et dolore magna', NULL, 0, 'Idea 78 that suggest that we definitely need a longer title for ideas', 29, 4, NULL),
(111, TIMESTAMP '2018-12-16 14:14:11.636', TIMESTAMP '2018-12-17 14:14:11.637', 'fXPkvlWT Lorem ipsum dolor sit amet, consectetur adipiscing elit, sed do eiusmod tempor incididunt ut labore et dolore magna aliqua. Ut enim ad minim veniam, quis nostrud exercitation ullam', NULL, 0, 'Idea 79 that suggest that we definitely need a longer title for ideas', 30, 16, NULL),
(112, TIMESTAMP '2018-12-15 14:14:11.645', TIMESTAMP '2018-12-16 14:14:11.645', 'tDCAColH Lorem ipsum dolor sit amet, consectetur adipiscing elit, sed do eiusmod tempor incididunt ut labore et dolore magna aliqua. Ut enim ad ', NULL, 0, 'Idea 80 that suggest that we definitely need a longer title for ideas', 21, 20, NULL),
(113, TIMESTAMP '2018-12-14 14:14:11.668', TIMESTAMP '2018-12-15 14:14:11.669', 'bfx0mrcP Lorem ipsum dolor sit amet, consectetur adipiscing elit, sed do eiusmod tempor incididunt ut labore et dolore magna aliqua. Ut enim ad minim veniam, quis nostrud exercitation ullamco laboris nisi ut aliquip ex ea commodo consequat. Duis aute irure dolor in repre', NULL, 0, 'Idea 81 that suggest that we definitely need a longer title for ideas', 22, 18, NULL),
(114, TIMESTAMP '2018-12-13 14:14:11.678', TIMESTAMP '2018-12-14 14:14:11.678', '5dD56Ym3 Lorem ipsum dolor si', NULL, 0, 'Idea 82 that suggest that we definitely need a longer title for ideas', 23, 16, NULL),
(115, TIMESTAMP '2018-12-12 14:14:11.689', TIMESTAMP '2018-12-13 14:14:11.69', 'qNPrTdGG Lorem i', NULL, 0, 'Idea 83 that suggest that we definitely need a longer title for ideas', 24, 20, NULL),
(116, TIMESTAMP '2018-12-11 14:14:11.7', TIMESTAMP '2018-12-12 14:14:11.7', 'pcNxbK63 Lorem ipsum dolor sit amet, consectetur adipiscing elit, sed do eiusmod tempor incididunt ut labore et dolore magna aliqua. Ut enim ad minim veniam, quis nostrud exercitation ullamco laboris nisi ut aliquip ex ea commodo consequat. Duis aute irure dolor in reprehenderit in voluptate velit esse cil', NULL, 0, 'Idea 84 that suggest that we definitely need a longer title for ideas', 25, 5, NULL),
(117, TIMESTAMP '2018-12-10 14:14:11.711', TIMESTAMP '2018-12-11 14:14:11.711', 'mY5C9ARd Lorem ipsum dolor sit amet, consectetur adipiscing elit, sed do eiusmod tempor incididunt ut labore et dolore magna aliqua. Ut enim ad minim veniam, quis nostrud exercitation ullamco laboris nisi ut aliquip ex ea commodo consequat. Duis aute irure dolor in reprehenderi', NULL, 0, 'Idea 85 that suggest that we definitely need a longer title for ideas', 26, 3, NULL),
(118, TIMESTAMP '2018-12-09 14:14:11.728', TIMESTAMP '2018-12-10 14:14:11.728', 'BrB3MtKH Lorem ipsum dolor sit amet, consectetur adipiscing elit, sed do eiusmod tempor incididunt ut labore et dolore magna aliqua. Ut en', NULL, 0, 'Idea 86 that suggest that we definitely need a longer title for ideas', 27, 12, NULL),
(119, TIMESTAMP '2018-12-08 14:14:11.739', TIMESTAMP '2018-12-09 14:14:11.74', '3eEH57zu Lorem ipsum dolor sit amet, consectetur adipiscing elit, sed do eiusmod tempor incididunt ut labore et dolore magna aliqua. Ut eni', NULL, 0, 'Idea 87 that suggest that we definitely need a longer title for ideas', 28, 12, NULL),
(120, TIMESTAMP '2018-12-07 14:14:11.751', TIMESTAMP '2018-12-08 14:14:11.751', 'wC4umFSC Lorem ipsum dolor sit amet, consectetur adipiscing elit, sed do eiusmod tempor incididunt ut labore et dolore magna aliqua. Ut enim ad minim veniam, quis nostrud exercitation ullamco laboris nisi ut aliquip ex ea commodo consequat. Duis aute irure dolor in reprehenderit in voluptate velit esse cillum dolore eu fugiat nulla pariatur. Excepteur sint occaecat cupidatat non proident, sunt in cu', NULL, 0, 'Idea 88 that suggest that we definitely need a longer title for ideas', 29, 4, NULL);
INSERT INTO PUBLIC.LAWS(ID, CREATED_AT, UPDATED_AT, DESCRIPTION, REACHED_QUORUM_AT, STATUS, TITLE, AREA_ID, CREATED_BY_ID, POLL_ID) VALUES
(121, TIMESTAMP '2018-12-06 14:14:11.756', TIMESTAMP '2018-12-07 14:14:11.756', 'aVcgUoy0 Lorem ipsum dolor sit amet, consectetur adipiscing elit, sed do eiusmod tempor incididunt ut labore et dolore magna aliqua. Ut ', NULL, 0, 'Idea 89 that suggest that we definitely need a longer title for ideas', 30, 20, NULL),
(122, TIMESTAMP '2018-12-05 14:14:11.76', TIMESTAMP '2018-12-06 14:14:11.76', 'M50DGfKy Lorem ipsum dolor sit amet, consectetur adipiscing elit, sed do eiusmod tempor incididunt ut l', NULL, 0, 'Idea 90 that suggest that we definitely need a longer title for ideas', 21, 17, NULL),
(123, TIMESTAMP '2018-12-04 14:14:11.766', TIMESTAMP '2018-12-05 14:14:11.766', 'UsUcVaZk Lorem ipsum dolor sit amet, consectetur adipiscing elit, sed do eiusmod tempor incididunt ut labore et dolore magna aliqua. Ut enim ad minim veniam, quis nostrud exercitation ullamco laboris nisi ut aliquip ex ea commodo consequat. Duis aute irure dolor in reprehenderit in voluptate ve', NULL, 0, 'Idea 91 that suggest that we definitely need a longer title for ideas', 22, 12, NULL),
(124, TIMESTAMP '2018-12-03 14:14:11.774', TIMESTAMP '2018-12-04 14:14:11.774', '4ZXFDMGe Lorem ipsum dolor sit amet, consectetur adipiscing elit, sed do eiusmod tempor incididunt ut labore et dolore magna aliqua. Ut enim ad minim veniam, quis nostrud exercitation ullamco laboris nisi ut aliquip ex ea commodo consequat. Duis aute irure dolor in repreh', NULL, 0, 'Idea 92 that suggest that we definitely need a longer title for ideas', 23, 16, NULL),
(125, TIMESTAMP '2018-12-02 14:14:11.812', TIMESTAMP '2018-12-03 14:14:11.812', 'ztydKndf Lorem ipsum dolor sit amet, consectetur adipiscing e', NULL, 0, 'Idea 93 that suggest that we definitely need a longer title for ideas', 24, 13, NULL),
(126, TIMESTAMP '2018-12-01 14:14:11.817', TIMESTAMP '2018-12-02 14:14:11.819', 'sFsNOxGa Lorem ipsum dolor sit amet, consectetu', NULL, 0, 'Idea 94 that suggest that we definitely need a longer title for ideas', 25, 10, NULL),
(127, TIMESTAMP '2018-11-30 14:14:11.827', TIMESTAMP '2018-12-01 14:14:11.827', 'PpEahUBD Lorem ipsum dolor sit amet, consectetur adipiscing elit, sed do eiusmod tempor incididunt ut labore et dolore magna aliqua. Ut enim ad minim veniam, quis nostrud exercitation ullamco laboris nisi ut aliquip ex ea commodo consequat. Duis aute irure dolor in reprehenderit in voluptate velit esse cillum dolore eu fugiat nulla', NULL, 0, 'Idea 95 that suggest that we definitely need a longer title for ideas', 26, 18, NULL),
(128, TIMESTAMP '2018-11-29 14:14:11.846', TIMESTAMP '2018-11-30 14:14:11.846', 'Wg7hLdOt Lorem ipsum dolor sit amet, consectetur adipiscing elit, sed do eiusmod tempor incididunt ut labore', NULL, 0, 'Idea 96 that suggest that we definitely need a longer title for ideas', 27, 2, NULL),
(129, TIMESTAMP '2018-11-28 14:14:11.874', TIMESTAMP '2018-11-29 14:14:11.874', 'qPZN8xgm Lorem ipsum dolor sit amet, consectetur adipiscing elit, sed do eiusmod tempor incididunt ut labore et dolore magna aliqua. Ut enim ad minim veniam, quis nostrud exercitation ullamco laboris nisi ut aliquip ex ea commodo consequat. Duis aute irure dolor in reprehenderit in voluptate velit esse cillum dolore eu fugiat nulla ', NULL, 0, 'Idea 97 that suggest that we definitely need a longer title for ideas', 28, 17, NULL),
(130, TIMESTAMP '2018-11-27 14:14:11.89', TIMESTAMP '2018-11-28 14:14:11.89', 'C9sQFfc6 Lorem ipsum dolor sit amet, consectetur adipiscing elit, sed do eiusmod tempor incididunt ut labore et dolore magna aliqua. Ut enim ad minim veniam, quis nostrud exercitation ullamco laboris nisi ut aliquip ex ea commodo consequat. Duis aute irure dolor in reprehenderit in voluptate velit esse cillum dolore eu fugiat nulla pariatur. Excepteur sin', NULL, 0, 'Idea 98 that suggest that we definitely need a longer title for ideas', 29, 9, NULL),
(131, TIMESTAMP '2018-11-26 14:14:11.91', TIMESTAMP '2018-11-27 14:14:11.91', 'hDyaTKDU Lorem ipsum dolor sit amet, consectetur adipiscing elit, sed do', NULL, 0, 'Idea 99 that suggest that we definitely need a longer title for ideas', 30, 13, NULL);
INSERT INTO PUBLIC.LAWS(ID, CREATED_AT, UPDATED_AT, DESCRIPTION, REACHED_QUORUM_AT, STATUS, TITLE, AREA_ID, CREATED_BY_ID, POLL_ID) VALUES
(132, TIMESTAMP '2018-11-25 14:14:11.929', TIMESTAMP '2018-11-26 14:14:11.929', 'kl9fs5Mk Lorem ipsum dolor sit amet, consectetur adipiscing elit, sed do eiusmod tempor incididunt ut labore et dolore magna aliqua. Ut enim ad minim veniam, quis nostrud exercitation ullamco laboris nisi ut aliquip ex ea commodo consequat. Duis aute irure dolor in reprehenderit in voluptate velit esse ', NULL, 0, 'Idea 100 that suggest that we definitely need a longer title for ideas', 21, 19, NULL),
(133, TIMESTAMP '2018-11-24 14:14:11.946', TIMESTAMP '2018-11-25 14:14:11.947', 'vUWDNute Lorem ipsum dolor sit amet, consectetur adipiscing elit, sed do eiusmod tempor incididunt ut labore et dolore magna aliqua. Ut enim ad minim veniam, quis nostrud exercitation ullamco laboris nisi ut aliquip ex ea commodo consequat. Duis aute irure dolor in reprehenderit in voluptate velit esse cillum dolore eu fugiat nulla pariatur. Excepteur sint occaecat cupi', NULL, 0, 'Idea 101 that suggest that we definitely need a longer title for ideas', 22, 2, NULL),
(134, TIMESTAMP '2018-11-23 14:14:11.954', TIMESTAMP '2018-11-24 14:14:11.954', '06fsuuCd Lorem ipsum dolor sit amet, consectetur adipiscing elit, sed do eiusmod tempor incididunt ut labore et dolore magna aliqua. Ut enim ad minim veniam, quis nostrud exercitation ullamco laboris nisi ut aliquip ex ea commodo consequat. Duis aute irure dolor in reprehenderit in voluptate velit esse c', NULL, 0, 'Idea 102 that suggest that we definitely need a longer title for ideas', 23, 9, NULL),
(135, TIMESTAMP '2018-11-22 14:14:11.964', TIMESTAMP '2018-11-23 14:14:11.964', '5Npx7spZ Lorem ipsum dolor sit amet, consectetur adipiscing elit, sed do eiusmod tempor incididunt ut labore et dolore magna aliqua. Ut enim ad minim veniam, quis nostrud exercitation ullamco laboris nisi ut aliquip ex ea commodo consequat', NULL, 0, 'Idea 103 that suggest that we definitely need a longer title for ideas', 24, 3, NULL),
(136, TIMESTAMP '2018-11-21 14:14:11.976', TIMESTAMP '2018-11-22 14:14:11.976', 'pskfFeHo Lorem ipsum dolor sit amet, consectetur adipiscing elit, sed do eiusmod tempor incididunt ut labore et dolore magna aliqua. Ut enim ad minim veniam, quis nostrud exercitation ullamco laboris nisi ut aliquip ex ea commodo consequat. Duis aute irure dolor in repre', NULL, 0, 'Idea 104 that suggest that we definitely need a longer title for ideas', 25, 4, NULL),
(137, TIMESTAMP '2018-11-20 14:14:11.991', TIMESTAMP '2018-11-21 14:14:11.991', 'HL28tNxc Lorem ipsum dolor sit amet, consectetur adipiscing elit, sed do eiusmod tempor incididunt ut labore et dolore magna aliqua. Ut enim ad minim veniam, quis nostrud exercitation ullamco laboris nisi ut aliquip ex ea commodo consequat. Duis aute irure dol', NULL, 0, 'Idea 105 that suggest that we definitely need a longer title for ideas', 26, 9, NULL),
(138, TIMESTAMP '2018-11-19 14:14:12.001', TIMESTAMP '2018-11-20 14:14:12.001', 'F4xogYpo Lorem ipsum dolor sit amet, consectetur adipiscing elit, sed do eiusmod tempor incididunt ut labore et', NULL, 0, 'Idea 106 that suggest that we definitely need a longer title for ideas', 27, 3, NULL),
(139, TIMESTAMP '2018-11-18 14:14:12.01', TIMESTAMP '2018-11-19 14:14:12.011', 'FPxds6rn Lorem ipsum dolor sit amet, consectetur adipiscing elit, sed do eiusmod tempor incididunt ut labore et dolore magna aliqua. Ut enim ad minim veniam, quis nostrud exercitation ullamco laboris nisi ut aliquip ex ea commodo consequat. Duis aute irure dolor in reprehenderit in voluptate velit esse cillum dolore eu fugiat nulla pariatur. Excepteur sint occaecat cupidatat non proident, ', NULL, 0, 'Idea 107 that suggest that we definitely need a longer title for ideas', 28, 20, NULL),
(140, TIMESTAMP '2018-11-17 14:14:12.024', TIMESTAMP '2018-11-18 14:14:12.024', 'H6yBAr2B Lorem ipsum dolor sit amet, consectetur adipiscing elit, sed do eiusmod tempor incididunt ut labore et dolore magna aliqua. Ut enim ad minim veniam, quis nostrud exercitation ullamco laboris nisi ut aliquip ex ea commodo consequat. Duis aute irure dolor in reprehenderit in voluptate velit esse cillum dolore eu fugiat nulla pariatur. Excepteur sint occaecat cup', NULL, 0, 'Idea 108 that suggest that we definitely need a longer title for ideas', 29, 11, NULL);
INSERT INTO PUBLIC.LAWS(ID, CREATED_AT, UPDATED_AT, DESCRIPTION, REACHED_QUORUM_AT, STATUS, TITLE, AREA_ID, CREATED_BY_ID, POLL_ID) VALUES
(141, TIMESTAMP '2018-11-16 14:14:12.033', TIMESTAMP '2018-11-17 14:14:12.033', 'yeTAFKlO Lorem ipsum dolor sit amet, consectetur adipiscing elit, sed do eiusmod tempor incididunt ut labore et dolore magna aliqua. Ut enim ad minim veniam, quis nostrud exercitation ullamco laboris nisi ut aliquip ex ea commodo consequat. Duis aute irure dolor in reprehenderit in voluptate velit esse ', NULL, 0, 'Idea 109 that suggest that we definitely need a longer title for ideas', 30, 20, NULL),
(142, TIMESTAMP '2018-11-15 14:14:12.037', TIMESTAMP '2018-11-16 14:14:12.037', '0xQar64S Lorem ipsum dolor sit amet, consectetur adipiscing elit, sed do eiusmod tempor incididunt ut labore et dolore magna al', NULL, 0, 'Idea 110 that suggest that we definitely need a longer title for ideas', 21, 9, NULL),
(143, TIMESTAMP '2019-03-06 14:14:12.062', TIMESTAMP '2019-03-06 14:14:12.062', '7Ckk88vz Lorem ipsum dolor sit amet, consectetur adipiscing elit, sed do eiusmod tempor incididunt ut labore et dolore magna aliqua. Ut enim ad m', TIMESTAMP '2019-03-06 14:14:12.056', 1, 'Proposal 0 that reached its quorum', 29, 17, NULL),
(144, TIMESTAMP '2019-02-27 14:14:12.08', TIMESTAMP '2019-02-28 14:14:12.08', 'dN50DFKY Lorem ipsum dolor sit amet, consectetur adipiscing elit, sed do eiusmod tempor incididunt ut labore et dolore magna aliqua. Ut enim ad minim veniam, quis nostrud exercitation ullamco l', TIMESTAMP '2019-03-06 14:14:12.078', 1, 'Proposal 1 that reached its quorum', 27, 20, NULL),
(145, TIMESTAMP '2019-03-04 14:14:12.098', TIMESTAMP '2019-03-05 14:14:12.098', '76NfkgbM Lorem ipsum dolor sit amet, consectetur adipiscing elit, sed do eiusmod tempor incididunt ut labore et dolore magna aliqua. Ut enim ad minim veniam, quis nostrud exercitation ullamco laboris nisi ut aliquip ex ea commodo consequat. Duis aute irure dolor in reprehenderit in volu', TIMESTAMP '2019-03-06 14:14:12.096', 1, 'Proposal 2 that reached its quorum', 27, 15, NULL),
(146, TIMESTAMP '2019-03-02 14:14:12.119', TIMESTAMP '2019-03-03 14:14:12.119', 'lvVfPZVb Lorem ipsum dolor sit amet, consectetur adipiscing elit, sed do eiusmod tempor incididunt ut labore et dolore magna aliqua. Ut enim ad minim veniam, quis nostrud exercitation ullamco laboris nisi ut aliquip ex ea commodo consequat. Duis aute irure dolor in reprehenderit in voluptate velit esse cillum dolore eu fugiat nulla pariatur. Excepteur sint occaecat cupidatat non proident, sunt in c', TIMESTAMP '2019-03-06 14:14:12.113', 1, 'Proposal 3 that reached its quorum', 28, 13, NULL),
(147, TIMESTAMP '2019-03-03 14:14:12.14', TIMESTAMP '2019-03-04 14:14:12.14', 'UUcg35vB Lorem ipsum dolor sit amet, consectetur adipiscing elit, sed do eiusmod tempor incididunt ut labore et dolore magna aliqua. Ut enim ad minim veniam, quis nostrud exercitation ull', TIMESTAMP '2019-03-06 14:14:12.138', 1, 'Proposal 4 that reached its quorum', 25, 3, NULL),
(148, TIMESTAMP '2019-02-28 14:14:12.156', TIMESTAMP '2019-03-01 14:14:12.156', 'BqPYrOcB Lorem ipsum dolor sit amet, consectetur adipiscing elit, sed do eiusmod tempor incididun', TIMESTAMP '2019-03-06 14:14:12.155', 1, 'Proposal 5 that reached its quorum', 27, 15, NULL),
(149, TIMESTAMP '2019-03-03 14:14:12.17', TIMESTAMP '2019-03-04 14:14:12.17', 'hMgbPAM7 Lorem ipsum dolor sit amet, consectetur adipiscing elit, sed do eiusmod tempor incididunt ut labore et dolore magna aliqua. Ut enim ad minim veniam, quis nostrud exercitation ullamco laboris nisi ut aliquip ex ea commodo consequat. Duis aute irure dolor in reprehenderit in voluptate velit esse cillum dolore eu fugiat nulla pariatur. Excepteur sint occaecat cup', TIMESTAMP '2019-03-06 14:14:12.167', 1, 'Proposal 6 that reached its quorum', 22, 6, NULL),
(150, TIMESTAMP '2019-03-02 14:14:12.183', TIMESTAMP '2019-03-03 14:14:12.183', 'LEzyDDNa Lorem ipsum dolor sit amet, consectetur adipiscing elit, sed do eiusmod tempor incididunt ut labore et dolore magna aliqua. Ut enim ad minim veniam, quis nostrud exercitation ullamco laboris', TIMESTAMP '2019-03-06 14:14:12.181', 1, 'Proposal 7 that reached its quorum', 24, 19, NULL);
INSERT INTO PUBLIC.LAWS(ID, CREATED_AT, UPDATED_AT, DESCRIPTION, REACHED_QUORUM_AT, STATUS, TITLE, AREA_ID, CREATED_BY_ID, POLL_ID) VALUES
(151, TIMESTAMP '2019-03-01 14:14:12.201', TIMESTAMP '2019-03-02 14:14:12.201', 'Z5s8l86Q Lorem ipsum dolor sit amet, consectetur adipiscing elit, sed do eiusmod tempor incididunt ut', TIMESTAMP '2019-03-06 14:14:12.199', 1, 'Proposal 8 that reached its quorum', 21, 16, NULL),
(152, TIMESTAMP '2019-02-28 14:14:12.241', TIMESTAMP '2019-03-01 14:14:12.243', '77FdhGsx Lorem ipsum dolor sit amet, consectetur adipiscing elit, sed do eiusmod tempor incididunt ut labore et dolore magna aliqua. Ut enim ad minim veniam, quis nostrud exercitation ullamco laboris nisi ut aliquip ex ea commodo consequat. Duis aute irure dolor in reprehenderit in voluptate velit esse cillum dolore eu fugiat nulla pariatur. Exc', TIMESTAMP '2019-03-06 14:14:12.238', 1, 'Proposal 9 that reached its quorum', 25, 3, NULL),
(153, TIMESTAMP '2019-03-02 14:14:12.264', TIMESTAMP '2019-03-03 14:14:12.264', 'b2ELqBqo Lorem ipsum dolor sit amet, consectetur adipiscing elit, sed do eiusmod tempor incididun', TIMESTAMP '2019-03-06 14:14:12.262', 1, 'Proposal 10 that reached its quorum', 29, 8, NULL),
(154, TIMESTAMP '2019-02-27 14:14:12.293', TIMESTAMP '2019-02-28 14:14:12.293', 'aw8xzon8 Lorem ipsum dolor sit amet, consectetur adipiscing elit, sed do eiusmod tempor incididunt ut labore et dolore magna aliqua. Ut enim ad minim veniam, quis nostrud exercitation ullamco laboris nisi ut aliquip ex ea commodo consequat. Duis aute irure dolor in reprehenderit in voluptate ve', TIMESTAMP '2019-03-06 14:14:12.285', 1, 'Proposal 11 that reached its quorum', 25, 17, NULL),
(155, TIMESTAMP '2019-02-28 14:14:12.314', TIMESTAMP '2019-03-01 14:14:12.314', 'S8DRlpOr Lorem ipsum dolor sit amet, consectetur adipiscing elit, sed do eiusmod tempor in', TIMESTAMP '2019-03-06 14:14:12.311', 1, 'Proposal 12 that reached its quorum', 22, 15, NULL),
(156, TIMESTAMP '2019-03-04 14:14:12.349', TIMESTAMP '2019-03-05 14:14:12.349', 'eeCuhHms Lorem ipsum dolor sit amet, consectetur adipiscing elit, sed do eiusmod tempor incididunt ut labore et dolore magna aliqua. Ut enim ad minim veniam, quis nostrud exercitation ullamco labor', TIMESTAMP '2019-03-06 14:14:12.347', 1, 'Proposal 13 that reached its quorum', 24, 3, NULL),
(157, TIMESTAMP '2019-02-27 14:14:12.364', TIMESTAMP '2019-02-28 14:14:12.364', 'zq3YZPWX Lorem ipsum dolor sit amet, consectetur adipiscing elit, sed do eiusmod tem', TIMESTAMP '2019-03-06 14:14:12.363', 1, 'Proposal 14 that reached its quorum', 24, 12, NULL),
(158, TIMESTAMP '2019-03-02 14:14:12.381', TIMESTAMP '2019-03-03 14:14:12.382', '0EV2uhr0 Lorem ipsum dolor sit amet, consectetur adipiscing elit, sed do eiusmod tempor incididunt ut labore et dolore magna aliqua. Ut enim ad minim veniam, quis nostrud exercitation ullamco laboris nisi ut aliquip ex ea commodo consequat. Duis aute irure dolor in reprehenderit in voluptate velit esse cillum dolore eu fugiat nulla pariatur. Excepteur sint occaecat cupidatat non proident, sunt in culp', TIMESTAMP '2019-03-06 14:14:12.38', 1, 'Proposal 15 that reached its quorum', 21, 4, NULL),
(159, TIMESTAMP '2019-03-05 14:14:12.42', TIMESTAMP '2019-03-06 14:14:12.42', 'r04M8Ssu Lorem ipsum dolor sit amet, consectetur adipiscing elit, sed d', TIMESTAMP '2019-03-06 14:14:12.416', 1, 'Proposal 16 that reached its quorum', 25, 18, NULL),
(160, TIMESTAMP '2019-03-02 14:14:12.436', TIMESTAMP '2019-03-03 14:14:12.436', 'EvsSQUPR Lorem ipsum dolor sit amet, consectetur adipiscing elit, sed do eiusmod tempor incididunt ut labore et dolore magna aliqua. Ut enim ad minim veniam, quis nostrud exercitation ullamco laboris nisi ut ali', TIMESTAMP '2019-03-06 14:14:12.434', 1, 'Proposal 17 that reached its quorum', 25, 19, NULL),
(161, TIMESTAMP '2019-03-02 14:14:12.462', TIMESTAMP '2019-03-03 14:14:12.462', 'Pm5FlCat Lorem ipsum dolor sit amet, consectetur adipiscing elit, sed do eiusmod tempor incididunt ut labore et dolore magna aliqua. Ut enim ad minim veniam, quis nostrud exercitation ullamco laboris nisi ut aliquip ex ea commodo consequat. Duis aute', TIMESTAMP '2019-03-06 14:14:12.46', 1, 'Proposal 18 that reached its quorum', 26, 2, NULL);
INSERT INTO PUBLIC.LAWS(ID, CREATED_AT, UPDATED_AT, DESCRIPTION, REACHED_QUORUM_AT, STATUS, TITLE, AREA_ID, CREATED_BY_ID, POLL_ID) VALUES
(162, TIMESTAMP '2019-03-04 14:14:12.482', TIMESTAMP '2019-03-05 14:14:12.482', 'SBcouu6s Lorem ipsum dolor sit amet, consectetur adi', TIMESTAMP '2019-03-06 14:14:12.48', 1, 'Proposal 19 that reached its quorum', 26, 15, NULL),
(163, TIMESTAMP '2019-02-28 14:14:12.507', TIMESTAMP '2019-03-01 14:14:12.507', 'e2W9Q3Vk Lorem ipsum dolor sit amet, consectetur adipiscing elit, sed do eiusmod tempor incididunt ut labore et dolore magna aliqua. Ut enim ad minim veniam, quis nostrud exercitation ullamco laboris nisi ut aliquip ex ea commodo consequat. Duis aute irure dolor in reprehenderit ', TIMESTAMP '2019-03-06 14:14:12.504', 1, 'Proposal 20 that reached its quorum', 23, 17, NULL),
(164, TIMESTAMP '2019-02-27 14:14:12.523', TIMESTAMP '2019-02-28 14:14:12.523', 'L4ZxoOLh Lorem ipsum dolor sit amet, consectetur adipiscing elit, sed do eiusmod tempor incididunt ut labore et dolore magna aliqua. Ut enim ad minim veniam, quis nostrud exercitation ullamco laboris nisi ut aliquip ex ea commodo consequat. Duis aute irure dolor in reprehenderit in voluptate velit esse cillum dolore eu fugiat nu', TIMESTAMP '2019-03-06 14:14:12.521', 1, 'Proposal 21 that reached its quorum', 30, 16, NULL),
(165, TIMESTAMP '2019-03-06 14:14:12.542', TIMESTAMP '2019-03-06 14:14:12.542', 'WMC6Tq2v Lorem ipsum dolor sit', TIMESTAMP '2019-03-06 14:14:12.539', 1, 'Proposal 22 that reached its quorum', 23, 17, NULL),
(166, TIMESTAMP '2019-03-01 14:14:12.555', TIMESTAMP '2019-03-02 14:14:12.555', 'm8k7degQ Lorem ipsum dolor sit amet, consectetur adipiscing elit, sed do eiusmod tempor incididunt ut labore et dolore magna aliqua. Ut enim ad minim veniam, quis nostrud exercitation ullamco laboris nisi ut aliquip ex ea commodo consequat. Duis aute irure dolor in reprehenderit in voluptate velit', TIMESTAMP '2019-03-06 14:14:12.554', 1, 'Proposal 23 that reached its quorum', 24, 10, NULL),
(167, TIMESTAMP '2019-03-04 14:14:12.568', TIMESTAMP '2019-03-05 14:14:12.568', 'utaFXv7E Lorem ipsum dolor sit amet, consectetur adipiscing elit, sed do eiusmod tempor incididunt ut labore et dolore magna aliqua. Ut enim ad minim veniam, quis nostrud exercitation ullamco laboris nisi ut aliquip ex ea commodo consequat. Duis aute irure dolor in reprehenderit in voluptate velit esse cillum dolore eu fugiat nulla pariatur. Excepteur sint occ', TIMESTAMP '2019-03-06 14:14:12.567', 1, 'Proposal 24 that reached its quorum', 29, 2, NULL),
(168, TIMESTAMP '2019-03-04 14:14:12.583', TIMESTAMP '2019-03-05 14:14:12.583', 'Ke3og66F Lorem ipsum dolor sit amet, consectetur adipiscing elit, sed do eiusmod tempor incididunt ut labore ', TIMESTAMP '2019-03-06 14:14:12.58', 1, 'Proposal 25 that reached its quorum', 21, 14, NULL),
(169, TIMESTAMP '2019-02-25 14:14:12.615', TIMESTAMP '2019-02-26 14:14:12.615', 'g59SPwLc Lorem ipsum dolor sit amet, consectetur adipiscing elit, sed do eiusmod tempor incid', TIMESTAMP '2019-03-06 14:14:12.61', 1, 'Proposal 26 that reached its quorum', 30, 4, NULL),
(170, TIMESTAMP '2019-03-04 14:14:12.653', TIMESTAMP '2019-03-05 14:14:12.654', 'rsc6qShG Lorem ipsum dolor sit amet, consectetur adipiscing elit, sed do eiusmod tempor inci', TIMESTAMP '2019-03-06 14:14:12.641', 1, 'Proposal 27 that reached its quorum', 29, 6, NULL),
(171, TIMESTAMP '2019-02-25 14:14:12.668', TIMESTAMP '2019-02-26 14:14:12.668', 'dwBLl4OP Lorem ipsum dolor sit amet, consectetur adipiscing elit, sed do eiusmod tempor incididunt ut labore et dolore magna aliqua. Ut enim ad minim veniam, quis nostrud exercitation ullamco laboris nisi ut aliquip ex', TIMESTAMP '2019-03-06 14:14:12.666', 1, 'Proposal 28 that reached its quorum', 30, 12, NULL),
(172, TIMESTAMP '2019-03-01 14:14:12.689', TIMESTAMP '2019-03-02 14:14:12.69', 'mXXXHxYF Lorem ipsum dolor sit amet, consectetur adipiscing elit, sed do eiusmod tempor incididunt ut labore et dolore magna aliqua. Ut enim ad minim veniam, quis nostrud exercitation ullamco laboris nisi ut al', TIMESTAMP '2019-03-06 14:14:12.685', 1, 'Proposal 29 that reached its quorum', 29, 3, NULL);
INSERT INTO PUBLIC.LAWS(ID, CREATED_AT, UPDATED_AT, DESCRIPTION, REACHED_QUORUM_AT, STATUS, TITLE, AREA_ID, CREATED_BY_ID, POLL_ID) VALUES
(173, TIMESTAMP '2019-03-05 14:14:12.713', TIMESTAMP '2019-03-06 14:14:12.713', 'NlN5XWOV Lorem ipsum dolor sit amet, consectetur adipiscing elit, sed do eiusmod tempor incididunt ut labore et dolore magna aliqua. Ut enim ad minim veniam, quis nostrud exercitation ullamco laboris nisi ut aliquip ex ea commodo consequat. Duis aute irure dolor in reprehenderit in voluptate velit esse cillum dolore eu fugiat nulla pariat', TIMESTAMP '2019-03-06 14:14:12.709', 1, 'Proposal 30 that reached its quorum', 22, 7, NULL),
(174, TIMESTAMP '2019-03-03 14:14:12.735', TIMESTAMP '2019-03-04 14:14:12.735', 'bEELuDpR Lorem ipsum dolor sit amet, consectetur adipiscing elit, sed do eiusmod tempor incididunt ut labore et dolore magna aliqua. Ut enim ad minim veniam, quis nostrud exercitation ullamco laboris nisi ut aliquip ex ea commodo consequat. Duis aute irure dolor in reprehenderit in voluptate velit esse cillum dolore eu fugiat nulla pariatur. Excepteur sint occaeca', TIMESTAMP '2019-03-06 14:14:12.732', 1, 'Proposal 31 that reached its quorum', 30, 19, NULL),
(175, TIMESTAMP '2019-02-28 14:14:12.751', TIMESTAMP '2019-03-01 14:14:12.751', 'gaOPYHQZ Lorem ipsum dolor sit amet, consectetur adipiscing elit, s', TIMESTAMP '2019-03-06 14:14:12.75', 1, 'Proposal 32 that reached its quorum', 29, 17, NULL),
(176, TIMESTAMP '2019-03-05 14:14:12.772', TIMESTAMP '2019-03-06 14:14:12.772', 'aQKHWOKE Lorem ipsum dolor sit amet, consectetur adipiscing elit, sed do eiusmod tempor incididunt ut labore et dolore magna aliqua. Ut enim ad minim veniam, quis nostrud exercitation ullam', TIMESTAMP '2019-03-06 14:14:12.77', 1, 'Proposal 33 that reached its quorum', 27, 6, NULL),
(177, TIMESTAMP '2019-02-25 14:14:12.791', TIMESTAMP '2019-02-26 14:14:12.791', 'vZtcek9K Lorem ipsum dolor sit amet, consectetur adipiscing elit, sed do eiusmod tempor incididunt ut labore et', TIMESTAMP '2019-03-06 14:14:12.789', 1, 'Proposal 34 that reached its quorum', 22, 20, NULL),
(178, TIMESTAMP '2019-03-04 14:14:12.833', TIMESTAMP '2019-03-05 14:14:12.833', '3s9KUdBd Lorem ipsum dolor sit amet, consectetur adipiscing elit, sed do eiusmod tempor incididunt ut labore et dol', TIMESTAMP '2019-03-06 14:14:12.831', 1, 'Proposal 35 that reached its quorum', 28, 11, NULL),
(179, TIMESTAMP '2019-02-25 14:14:12.855', TIMESTAMP '2019-02-26 14:14:12.855', 'sxykmLZw Lorem ipsu', TIMESTAMP '2019-03-06 14:14:12.852', 1, 'Proposal 36 that reached its quorum', 24, 1, NULL),
(180, TIMESTAMP '2019-02-25 14:14:12.87', TIMESTAMP '2019-02-26 14:14:12.871', 'fTkaOMxP Lorem ipsum dolor sit amet, consectetur adipiscing elit, sed do eiusmod tempor incididunt ut labore et dolore magna aliqua. Ut enim ad minim veniam, quis nostrud exercitation ullamco laboris nisi ut aliquip ex ea commodo consequat. Duis aute irure dolor in reprehenderit in voluptate velit esse cillum dolore eu fu', TIMESTAMP '2019-03-06 14:14:12.869', 1, 'Proposal 37 that reached its quorum', 22, 17, NULL),
(181, TIMESTAMP '2019-03-02 14:14:12.888', TIMESTAMP '2019-03-03 14:14:12.888', 'gOQrm65q Lorem ipsum dolor sit amet, consectetur adipiscing elit, sed do eiusmod tempor incididunt ut labore et dolore magna aliqua. Ut enim ad minim veniam, quis nostrud exercitation ullamco laboris nisi ut aliquip ex ea commodo consequat. Duis aute irure dolor in reprehenderit in voluptate velit esse cillum dolore eu fugiat nulla pariatur. Exc', TIMESTAMP '2019-03-06 14:14:12.887', 1, 'Proposal 38 that reached its quorum', 28, 7, NULL),
(182, TIMESTAMP '2019-03-03 14:14:12.901', TIMESTAMP '2019-03-04 14:14:12.901', 'eZq22W0O Lorem ipsum dolor sit amet, consectetur adipiscing elit, sed do eiusmod tempor incididunt ut labore et dolore magna aliqua. Ut enim ad minim veniam, quis nostrud exercitation ullamco laboris nisi ut aliquip ex ea commodo consequat. Duis aute irure dolor in reprehenderit in voluptate velit esse cillum dolore eu f', TIMESTAMP '2019-03-06 14:14:12.899', 1, 'Proposal 39 that reached its quorum', 30, 20, NULL);
INSERT INTO PUBLIC.LAWS(ID, CREATED_AT, UPDATED_AT, DESCRIPTION, REACHED_QUORUM_AT, STATUS, TITLE, AREA_ID, CREATED_BY_ID, POLL_ID) VALUES
(183, TIMESTAMP '2019-02-26 14:14:12.923', TIMESTAMP '2019-02-27 14:14:12.923', 'mZdb9FwQ Lorem ipsum dolor sit amet, consectetur adipiscing elit, sed do eiusmod tempor incididunt ut labore et dolore magna aliqua. Ut enim ad minim veniam, quis nostrud exercitation ullamco laboris nisi ut aliquip ex ea commodo consequat. Duis aute irure dolor in reprehenderit in voluptate velit esse cillum dolore eu fugiat nulla pariatur. Excepteur sint occaecat cupid', TIMESTAMP '2019-03-06 14:14:12.921', 1, 'Proposal 40 that reached its quorum', 26, 4, NULL),
(184, TIMESTAMP '2019-03-06 14:14:12.943', TIMESTAMP '2019-03-06 14:14:12.943', 'gZM8nsfT Lorem ipsum dolor sit amet, consectetur adipiscing elit, sed do', TIMESTAMP '2019-03-06 14:14:12.941', 1, 'Proposal 41 that reached its quorum', 27, 7, NULL),
(185, TIMESTAMP '2019-02-26 14:14:12.956', TIMESTAMP '2019-02-27 14:14:12.956', 'mf7q6AEX Lorem ipsum dolor sit amet, consectetur adipiscing elit, sed do eiusmod tempor incididunt ut labore et dolore magna aliqua. Ut enim ad minim veniam, quis ', TIMESTAMP '2019-03-06 14:14:12.955', 1, 'Proposal 42 that reached its quorum', 27, 17, NULL),
(186, TIMESTAMP '2019-03-06 14:14:12.966', TIMESTAMP '2019-03-06 14:14:12.967', 'SSmEgTDX Lorem ipsum dolor sit', TIMESTAMP '2019-03-06 14:14:12.965', 1, 'Proposal 43 that reached its quorum', 30, 1, NULL),
(187, TIMESTAMP '2019-03-04 14:14:12.978', TIMESTAMP '2019-03-05 14:14:12.978', 'U2VhyUae Lorem ipsum dolor sit amet, consectetur adipiscing elit, sed do eiusmod tempor incididunt ut labore et dolore magna aliqua. Ut enim ad minim veniam, quis nostrud exercitation ullamco laboris nisi ut aliquip ex ea commodo consequat. Duis aute irure dolor in reprehenderit in voluptate velit esse cillum ', TIMESTAMP '2019-03-06 14:14:12.976', 1, 'Proposal 44 that reached its quorum', 23, 13, NULL),
(188, TIMESTAMP '2019-03-02 14:14:12.995', TIMESTAMP '2019-03-03 14:14:12.995', 'WGUFOcYD Lorem ipsum dolor sit amet, consectetur adipiscing elit, sed do eiusmod tempor incididunt ut labore et dolore magna aliqua. Ut enim ad minim veniam, quis nostrud exercitation ullamco laboris nisi ut aliquip ex ea commodo consequat. Duis aute irure dolor in reprehenderit in voluptate velit esse ', TIMESTAMP '2019-03-06 14:14:12.993', 1, 'Proposal 45 that reached its quorum', 28, 1, NULL),
(189, TIMESTAMP '2019-02-26 14:14:13.029', TIMESTAMP '2019-02-27 14:14:13.029', 'gEMfCSwf Lorem ipsum dolor sit amet, c', TIMESTAMP '2019-03-06 14:14:13.027', 1, 'Proposal 46 that reached its quorum', 22, 10, NULL),
(190, TIMESTAMP '2019-03-02 14:14:13.049', TIMESTAMP '2019-03-03 14:14:13.049', 'NL4qklMt Lorem ipsum dolor sit amet, consectetur adipiscing elit, sed do eiusmod tempor incididunt ut labore et dolore magna aliqua. Ut enim ad minim veniam, quis nostrud exercitation ullamco laboris nisi ut aliquip ex ea commodo consequat. Duis aute irure dolor in reprehenderit in ', TIMESTAMP '2019-03-06 14:14:13.047', 1, 'Proposal 47 that reached its quorum', 26, 18, NULL),
(191, TIMESTAMP '2019-03-06 14:14:13.07', TIMESTAMP '2019-03-06 14:14:13.07', 'xUt05QbR Lorem ipsum dolor sit amet, consectetur adipiscing elit, sed do eiusmod temp', TIMESTAMP '2019-03-06 14:14:13.068', 1, 'Proposal 48 that reached its quorum', 25, 11, NULL),
(192, TIMESTAMP '2019-03-03 14:14:13.082', TIMESTAMP '2019-03-04 14:14:13.082', 'mB6ZDdWy Lorem ipsum dolor sit amet, consectetur adipiscing elit, sed do eiusmod tempor incididunt ut labore et dolore magna aliqua. Ut enim ad minim veniam, quis nostrud exerc', TIMESTAMP '2019-03-06 14:14:13.081', 1, 'Proposal 49 that reached its quorum', 24, 7, NULL),
(193, TIMESTAMP '2019-03-04 14:14:13.095', TIMESTAMP '2019-03-05 14:14:13.095', 'Lorem ipsum dolor sit amet, consectetur adipiscing elit, sed do eiusmod tempor incididunt ut labore et dolore magna aliqua. Ut enim ad minim veniam, quis nostrud exercitation ullamc', TIMESTAMP '2019-03-06 14:14:13.093', 1, 'Proposal 0 for user testuser1@liquido.de', 21, 1, NULL);
INSERT INTO PUBLIC.LAWS(ID, CREATED_AT, UPDATED_AT, DESCRIPTION, REACHED_QUORUM_AT, STATUS, TITLE, AREA_ID, CREATED_BY_ID, POLL_ID) VALUES
(200, TIMESTAMP '2019-03-03 14:14:13.167', TIMESTAMP '2019-03-06 14:14:13.192', 'Lorem ipsum dolor sit amet, consectetur adipiscing elit, sed do eiusmod tempor incididunt ut labore et dolore magna aliqua. Ut enim ad minim veniam, quis nostrud exercitation ullamco laboris nisi ut aliquip ex ea commodo consequat. Duis aute irure dolor in repr', TIMESTAMP '2019-03-06 14:14:13.166', 1, 'Proposal 1 for user testuser1@liquido.de', 29, 1, NULL),
(208, TIMESTAMP '2019-02-25 14:14:13.248', TIMESTAMP '2019-03-06 14:14:13.272', 'Lorem ipsum dolor sit amet, consectetur adipiscing elit, sed do eiusmod tempor incididunt ut labore et dolore magna aliqua. Ut enim ad minim veniam, quis nostrud exercitation ullamco laboris nisi ut aliquip ex ea commodo consequat. Duis aute irure dolor in reprehenderit in voluptate velit esse c', TIMESTAMP '2019-03-06 14:14:13.222', 1, 'Proposal 2 for user testuser1@liquido.de', 27, 1, NULL),
(215, TIMESTAMP '2019-02-26 14:14:13.296', TIMESTAMP '2019-02-27 14:14:13.296', 'Lorem ipsum dolor sit amet, consectetur adipiscing elit, sed do eiusmod tempor incididunt ut labore et dolore magna aliqua. Ut enim ad minim veniam, quis nostrud exercitation ullamco laboris nisi ut aliquip ex ea commodo consequat. Duis aute irure dolor in reprehenderit in voluptate velit esse cillum dolore eu fu', TIMESTAMP '2019-03-06 14:14:13.293', 1, 'Proposal 3 for user testuser1@liquido.de', 28, 1, NULL),
(222, TIMESTAMP '2019-03-04 14:14:13.346', TIMESTAMP '2019-03-05 14:14:13.346', 'Lorem ipsum dolor sit amet, consectetur adipiscing elit, sed do eiusmod tempor incididunt ut labore et dolore magna aliqua. Ut enim ad minim veniam, quis nostrud exercitation ullamco laboris nisi ut aliquip ex ea commodo consequat. Duis aute irure dolor in reprehenderit in voluptate velit esse cillum dol', TIMESTAMP '2019-03-06 14:14:13.343', 1, 'Proposal 4 for user testuser1@liquido.de', 30, 1, NULL),
(236, TIMESTAMP '2019-02-24 14:14:18.966', TIMESTAMP '2019-03-06 14:14:19.001', 'Lorem ipsum dolor sit amet, consectetur adipiscing elit, sed do eiusmod tempor incididunt ut labore et dolore magna aliqua. Ut enim ad minim veniam, quis nostrud exer', TIMESTAMP '2019-03-06 14:14:18.964', 2, 'Initial Proposal in a poll that is in elaboration 1551878058953', 21, 13, 244),
(245, TIMESTAMP '2019-02-14 14:14:19.016', TIMESTAMP '2019-03-06 14:14:19.072', 'Lorem ipsum dolor sit amet, consectetur adipiscing elit, sed do eiusmod tempor incididunt ut labore et dolore magna aliqua. Ut enim ad minim veniam, quis nostrud exercitation ullamco laboris nisi ut aliquip ex ea commodo consequat. Duis aute irur', TIMESTAMP '2019-03-06 14:14:19.015', 2, 'Alternative Proposal1 in a poll that is in elaboration1551878059003', 21, 15, 244),
(250, TIMESTAMP '2019-02-14 14:14:19.091', TIMESTAMP '2019-03-06 14:14:19.138', 'Lorem ipsum dolor sit amet, consectetur adipiscing elit, sed do eiusmod tempor incididunt ut labore et dolore magna aliqua. Ut enim ad minim veniam, quis nostrud exercitation ullamco laboris nisi ut aliquip ex ea commodo consequat. Duis aute irure dolor in reprehenderit in voluptate velit esse cillum d', TIMESTAMP '2019-03-06 14:14:19.09', 2, 'Alternative Proposal2 in a poll that is in elaboration1551878059074', 21, 7, 244),
(255, TIMESTAMP '2019-02-14 14:14:19.159', TIMESTAMP '2019-03-06 14:14:19.213', 'Lorem ipsum dolor sit amet, consectetur adipiscing elit, sed do eiusmod tempor incididunt ut labore et dolore magna aliqua. Ut enim ad minim veniam, quis nostrud exercitation ullamco laboris nisi ut aliquip ex ea commod', TIMESTAMP '2019-03-06 14:14:19.155', 2, 'Alternative Proposal3 in a poll that is in elaboration1551878059139', 21, 3, 244),
(261, TIMESTAMP '2019-02-14 14:14:19.226', TIMESTAMP '2019-03-06 14:14:19.268', 'Lorem ipsum dolor sit amet, consectetur adipiscing elit, sed do eiusmod tempor incididunt ut labore et dolore magna aliqua. Ut enim ad minim veniam, quis nostrud exercitation ullamco laboris nisi ut aliquip ex ea commodo consequat. Duis aute irure dolor i', TIMESTAMP '2019-03-06 14:14:19.223', 2, 'Alternative Proposal4 in a poll that is in elaboration1551878059214', 21, 5, 244);
INSERT INTO PUBLIC.LAWS(ID, CREATED_AT, UPDATED_AT, DESCRIPTION, REACHED_QUORUM_AT, STATUS, TITLE, AREA_ID, CREATED_BY_ID, POLL_ID) VALUES
(267, TIMESTAMP '2019-02-24 14:14:19.321', TIMESTAMP '2019-03-06 14:14:19.848', 'Lorem ipsum dolor sit amet, consectetur adipiscing elit, sed do eiusmod tempor incididunt ut labore et dolore magna aliqua. Ut enim ad minim veniam, quis nostrud exercitation ullamco laboris nisi ut aliquip ex ea commodo cons', TIMESTAMP '2019-03-06 14:14:19.318', 3, 'Proposal 5 in voting phase 1551878059725', 21, 13, 273),
(274, TIMESTAMP '2019-02-14 14:14:19.396', TIMESTAMP '2019-03-06 14:14:19.849', 'Lorem ipsum dolor sit amet, consectetur adipiscing elit, sed do eiusmod tempor incididunt ut labore et dolore magna aliqua. Ut enim ad minim veniam, quis nost', TIMESTAMP '2019-03-06 14:14:19.393', 3, 'Proposal 4 in voting phase 1551878059725', 21, 15, 273),
(278, TIMESTAMP '2019-02-14 14:14:19.497', TIMESTAMP '2019-03-06 14:14:19.849', 'Lorem ipsum dolor sit amet, consectetur adipiscing elit, sed do eiusmod tempor incididunt ut labore et dolore magna aliqua. Ut enim ad minim veniam, quis nostrud exercitation ullamco laboris nisi ut aliquip ex ea commodo consequat.', TIMESTAMP '2019-03-06 14:14:19.495', 3, 'Proposal 3 in voting phase 1551878059725', 21, 7, 273),
(283, TIMESTAMP '2019-02-14 14:14:19.581', TIMESTAMP '2019-03-06 14:14:19.849', 'Lorem ipsum dolor sit amet, consectetur adipiscing elit, sed do eiusmod tempor incididunt ut labore et dolore magna aliqua. Ut enim ad minim veniam, quis nostrud exercitation ullamco laboris nisi ut aliquip ex ea commodo consequat. Duis aute irure dolor in repr', TIMESTAMP '2019-03-06 14:14:19.579', 3, 'Proposal 2 in voting phase 1551878059725', 21, 3, 273),
(292, TIMESTAMP '2019-02-14 14:14:19.656', TIMESTAMP '2019-03-06 14:14:19.849', 'Lorem ipsum dolor sit amet, consectetur adipiscing elit, sed do eiusmod tempor incididunt ut labore et dolore magna aliqua. Ut enim ad minim veniam, quis nostrud exercitation ullamco laboris nisi ut aliquip ex ea commodo consequat. Duis aute irure dolor in reprehenderit in voluptate velit esse cillum dolore eu fugiat nulla pariatur. Excepteur sint occaecat cupidatat non proident, sunt in ', TIMESTAMP '2019-03-06 14:14:19.655', 3, 'Proposal 1 in voting phase 1551878059725', 21, 5, 273),
(296, TIMESTAMP '2019-02-24 14:14:19.864', TIMESTAMP '2019-03-06 14:14:20.399', 'Lorem ipsum dolor sit amet, consectetur adipiscing elit, sed do eiusmod tempor incididunt ut labore et dolore magna aliqua. Ut enim ad minim veniam, quis nostrud exercitation ullamco laboris nisi ut aliquip ex ea commodo consequat. Duis aute irure dolor in reprehenderit in voluptate ve', TIMESTAMP '2019-03-06 14:14:19.862', 3, 'Proposal 5 in voting phase 1551878060247', 21, 13, 305),
(306, TIMESTAMP '2019-02-14 14:14:19.942', TIMESTAMP '2019-03-06 14:14:20.4', 'Lorem ipsum dolor sit amet, consectetur adipiscing elit, sed do eiusmod tempor incididunt ut labore et dolore magna aliqua. Ut enim ad minim veniam, quis nostrud exercitation ullamco laboris nisi ut aliquip ex ea commodo consequat. Duis aute irure dolor in reprehenderit in voluptate velit esse cillum dolore eu fugiat nulla pariatur. Exce', TIMESTAMP '2019-03-06 14:14:19.94', 3, 'Proposal 4 in voting phase 1551878060247', 21, 15, 305),
(314, TIMESTAMP '2019-02-14 14:14:20.014', TIMESTAMP '2019-03-06 14:14:20.4', 'Lorem ipsum dolor sit amet, consectetur adipiscing elit, sed do eiusmod tempor incididunt ut labore et dolore magna aliqua. Ut enim ad minim veniam, quis nostrud exercitation ullamco laboris nisi ut aliquip ex ea commodo consequat. Duis aute irure dolor in reprehenderit in voluptate velit esse cillum dolore eu fugiat nulla pariatur. Excepteur sint occaecat cupidatat non proident, sunt i', TIMESTAMP '2019-03-06 14:14:20.011', 3, 'Proposal 3 in voting phase 1551878060247', 21, 7, 305),
(319, TIMESTAMP '2019-02-14 14:14:20.115', TIMESTAMP '2019-03-06 14:14:20.4', 'Lorem ipsum dolor sit amet, consectetur adipiscing elit, sed do eiusmod tempor incididunt ut labore et dolore magna aliqua. Ut enim ad minim veniam, quis nostrud exercitation ullamco laboris nisi ut aliquip ex ea commodo consequat. Duis aute irure dolor in reprehend', TIMESTAMP '2019-03-06 14:14:20.113', 3, 'Proposal 2 in voting phase 1551878060247', 21, 3, 305);
INSERT INTO PUBLIC.LAWS(ID, CREATED_AT, UPDATED_AT, DESCRIPTION, REACHED_QUORUM_AT, STATUS, TITLE, AREA_ID, CREATED_BY_ID, POLL_ID) VALUES
(325, TIMESTAMP '2019-02-14 14:14:20.189', TIMESTAMP '2019-03-06 14:14:20.4', 'Lorem ipsum dolor sit amet, consectetur adipiscing elit, sed do eiusmod tempor incididunt ut labore et dolore magna aliqua. Ut enim ad minim veniam, quis nostrud exercitation ullamco laboris nisi ut aliquip ex ea commodo consequat. Duis aute irure dolor in reprehenderit in voluptate velit esse cillum dolore eu fugiat nul', TIMESTAMP '2019-03-06 14:14:20.188', 3, 'Proposal 1 in voting phase 1551878060247', 21, 5, 305),
(349, TIMESTAMP '2019-02-24 14:14:26.131', TIMESTAMP '2019-03-06 14:14:30.414', 'Lorem ipsum dolor sit amet, consectetur adipiscing elit, sed do eiusmod tempor incididunt ut labore et dolore magna aliqua. Ut enim ad minim v', TIMESTAMP '2019-03-06 14:14:26.13', 5, 'Proposal 5 in voting phase 1551878066398', 21, 13, 354),
(355, TIMESTAMP '2019-02-14 14:14:26.154', TIMESTAMP '2019-03-06 14:14:30.414', 'Lorem ipsum dolor sit amet, consectetur adipiscing elit, sed do eiusmod tempor incididunt ut labore et dolore magna aliqua.', TIMESTAMP '2019-03-06 14:14:26.153', 4, 'Proposal 4 in voting phase 1551878066398', 21, 15, 354),
(360, TIMESTAMP '2019-02-14 14:14:26.192', TIMESTAMP '2019-03-06 14:14:30.414', 'Lorem ipsum dolor sit amet, consectetur adipiscing elit, sed do eiusmod tempor incididunt ut labore et dolore magna aliqua. Ut enim ad minim veniam, quis nostrud exercitation ullamco laboris nisi ut aliquip ex ea commodo consequat. Duis aute irure dolor in reprehenderit ', TIMESTAMP '2019-03-06 14:14:26.191', 5, 'Proposal 3 in voting phase 1551878066398', 21, 7, 354),
(365, TIMESTAMP '2019-02-14 14:14:26.267', TIMESTAMP '2019-03-06 14:14:30.415', 'Lorem ipsum dolor sit amet, consectetur adipiscing elit, sed do eiusmod tempor incididunt ut labore et dolore magna aliqua. Ut enim ad minim veniam, quis nostrud exercitation ullamco laboris nisi ut aliquip ex ea commodo consequat. Duis aute irure dolor in reprehenderit in volupt', TIMESTAMP '2019-03-06 14:14:26.266', 5, 'Proposal 2 in voting phase 1551878066398', 21, 3, 354),
(373, TIMESTAMP '2019-02-14 14:14:26.334', TIMESTAMP '2019-03-06 14:14:30.416', 'Lorem ipsum dolor sit amet, consectetur adipiscing elit, sed do eiusmod tempor incididunt ut labore et dolore magn', TIMESTAMP '2019-03-06 14:14:26.332', 5, 'Proposal 1 in voting phase 1551878066398', 21, 5, 354),
(395, TIMESTAMP '2019-02-14 14:14:30.447', TIMESTAMP '2019-03-06 14:14:30.447', 'Lorem ipsum dolor sit amet, consectetur adipiscing elit, sed do eiusmod tempor incididunt ut labore et dolore magna aliqua. Ut enim ad minim veniam, quis nostrud exercitation ullamco laboris nisi ut ali', TIMESTAMP '2019-02-10 14:14:30.429', 4, 'Law 0', 21, 1, NULL),
(396, TIMESTAMP '2019-02-13 14:14:30.476', TIMESTAMP '2019-03-06 14:14:30.476', 'Lorem ipsum dolor sit amet, consectetur adipiscing elit, sed do eiusmod tempor incididunt ut labore et dolore ma', TIMESTAMP '2019-02-10 14:14:30.459', 4, 'Law 1', 21, 1, NULL);
CREATE MEMORY TABLE PUBLIC.LAWS_COMMENTS(
LAW_MODEL_ID BIGINT NOT NULL,
COMMENTS_ID BIGINT NOT NULL
);
ALTER TABLE PUBLIC.LAWS_COMMENTS ADD CONSTRAINT PUBLIC.CONSTRAINT_A0 PRIMARY KEY(LAW_MODEL_ID, COMMENTS_ID);
-- 25 +/- SELECT COUNT(*) FROM PUBLIC.LAWS_COMMENTS;
INSERT INTO PUBLIC.LAWS_COMMENTS(LAW_MODEL_ID, COMMENTS_ID) VALUES
(193, 194),
(200, 201),
(208, 209),
(215, 216),
(222, 223),
(236, 237),
(245, 246),
(250, 251),
(255, 256),
(261, 262),
(267, 268),
(274, 275),
(278, 279),
(283, 284),
(292, 293),
(296, 297),
(306, 307),
(314, 315),
(319, 320),
(325, 326),
(349, 350),
(355, 356),
(360, 361),
(365, 366),
(373, 374);
CREATE MEMORY TABLE PUBLIC.LAWS_SUPPORTERS(
LAW_MODEL_ID BIGINT NOT NULL,
SUPPORTERS_ID BIGINT NOT NULL
);
ALTER TABLE PUBLIC.LAWS_SUPPORTERS ADD CONSTRAINT PUBLIC.CONSTRAINT_C PRIMARY KEY(LAW_MODEL_ID, SUPPORTERS_ID);
-- 1242 +/- SELECT COUNT(*) FROM PUBLIC.LAWS_SUPPORTERS;
INSERT INTO PUBLIC.LAWS_SUPPORTERS(LAW_MODEL_ID, SUPPORTERS_ID) VALUES
(31, 20),
(31, 16),
(33, 18),
(33, 2),
(33, 19),
(33, 4),
(33, 12),
(33, 15),
(33, 8),
(33, 1),
(34, 20),
(34, 11),
(34, 13),
(34, 2),
(35, 13),
(35, 19),
(35, 10),
(35, 18),
(35, 9),
(37, 3),
(37, 19),
(37, 1),
(37, 9),
(38, 20),
(38, 2),
(38, 8),
(38, 17),
(38, 18),
(38, 10),
(38, 19),
(39, 5),
(39, 14),
(39, 9),
(39, 3),
(39, 15),
(39, 20),
(39, 1),
(40, 11),
(40, 10),
(40, 3),
(40, 20),
(42, 18),
(42, 2),
(42, 15),
(42, 16),
(42, 11),
(43, 6),
(43, 16),
(43, 13),
(43, 14),
(43, 2),
(43, 10),
(43, 18),
(43, 8),
(44, 16),
(44, 12),
(44, 10),
(45, 19),
(46, 1),
(46, 13),
(46, 16),
(46, 5),
(47, 6),
(47, 7),
(47, 20),
(47, 1),
(48, 14),
(48, 18),
(48, 3),
(48, 1),
(48, 2),
(48, 10),
(48, 8),
(48, 7),
(49, 5),
(49, 20),
(49, 2),
(50, 20),
(50, 6),
(50, 14),
(50, 19),
(51, 9),
(51, 12),
(51, 15),
(51, 3),
(51, 18),
(51, 11),
(51, 7),
(51, 6),
(52, 1),
(52, 5),
(52, 10),
(52, 4),
(53, 7),
(53, 11),
(53, 14),
(53, 2),
(53, 6),
(53, 10),
(53, 19),
(54, 17),
(54, 8),
(54, 4),
(54, 11),
(54, 5),
(54, 7),
(54, 15),
(54, 1),
(55, 14),
(55, 18),
(55, 9),
(55, 11),
(55, 20),
(55, 2),
(55, 5),
(58, 9),
(59, 19),
(60, 8),
(61, 20),
(62, 5),
(62, 9),
(63, 14),
(63, 18),
(63, 11),
(63, 16),
(63, 15),
(64, 10),
(64, 11),
(64, 1),
(64, 20),
(64, 13),
(64, 2),
(64, 8),
(65, 11),
(65, 18),
(65, 17),
(65, 8),
(66, 3),
(66, 9),
(66, 20),
(66, 17),
(67, 9),
(67, 13),
(67, 11),
(68, 15),
(68, 8),
(68, 14),
(68, 12),
(71, 5),
(72, 11),
(73, 10),
(73, 18),
(73, 3),
(73, 12),
(73, 19),
(73, 20),
(73, 9),
(74, 10),
(74, 3),
(74, 2),
(74, 11),
(74, 6),
(75, 9),
(75, 18),
(75, 8),
(75, 6),
(75, 10),
(75, 17),
(75, 11),
(76, 1),
(76, 15),
(78, 1),
(78, 3),
(78, 12),
(78, 13),
(78, 10),
(78, 4),
(78, 7),
(79, 1),
(79, 17),
(79, 7),
(79, 11),
(79, 4),
(79, 5),
(79, 10),
(80, 12),
(80, 5),
(80, 20),
(80, 11),
(80, 15),
(81, 11),
(82, 15),
(82, 11),
(82, 2),
(82, 8),
(82, 12),
(82, 6),
(83, 17),
(84, 11),
(84, 17),
(84, 8),
(84, 2),
(84, 15),
(84, 18),
(84, 9),
(86, 10),
(86, 1),
(86, 8),
(86, 12),
(86, 20),
(86, 9),
(86, 11),
(86, 18),
(87, 19),
(87, 17),
(87, 18),
(87, 12),
(87, 11),
(87, 6),
(87, 7),
(87, 5),
(88, 19),
(88, 13),
(88, 11),
(88, 17),
(89, 15),
(90, 1),
(90, 9),
(90, 6),
(90, 19),
(90, 12),
(91, 7),
(92, 8),
(92, 5),
(92, 6),
(92, 19),
(92, 4),
(92, 15),
(93, 13),
(93, 8),
(93, 10),
(94, 1),
(94, 16),
(94, 19),
(94, 2),
(94, 3),
(94, 4),
(94, 11),
(95, 13),
(96, 13),
(96, 10),
(96, 18),
(96, 16),
(96, 4),
(96, 14),
(97, 20),
(97, 6),
(97, 3),
(98, 3),
(98, 5),
(98, 10),
(98, 11),
(98, 6),
(98, 16),
(98, 2),
(98, 8),
(99, 20),
(99, 9),
(99, 10),
(99, 12),
(99, 18),
(99, 8),
(99, 14),
(99, 5),
(100, 12),
(100, 7),
(100, 6),
(101, 9),
(101, 11),
(101, 18),
(101, 2),
(101, 12),
(102, 1),
(102, 10),
(102, 13),
(103, 9),
(103, 17),
(103, 6),
(103, 5),
(103, 1),
(103, 12),
(103, 3),
(103, 13),
(104, 19),
(104, 4),
(104, 13),
(104, 16),
(104, 12),
(104, 18),
(104, 9),
(105, 2),
(105, 7),
(105, 19),
(106, 18),
(107, 14),
(107, 10),
(107, 16),
(107, 17),
(107, 11),
(107, 19),
(108, 4),
(108, 13),
(108, 8),
(108, 18),
(108, 10),
(108, 16),
(108, 11),
(109, 1),
(109, 14),
(109, 20),
(109, 15),
(109, 10),
(111, 1),
(111, 20),
(111, 5),
(111, 12),
(111, 18),
(111, 3),
(111, 4),
(112, 14),
(112, 5),
(113, 17),
(113, 20),
(113, 15),
(113, 5),
(114, 7),
(114, 8),
(114, 3),
(115, 8),
(115, 7),
(115, 1),
(116, 11),
(116, 14),
(116, 16),
(116, 18),
(117, 16),
(117, 18),
(117, 7),
(118, 19),
(118, 2),
(118, 11),
(118, 13),
(118, 6),
(118, 7),
(118, 9),
(119, 8),
(119, 20),
(119, 17),
(119, 10),
(119, 6),
(119, 14),
(119, 18),
(119, 15),
(120, 12),
(120, 5),
(120, 9),
(120, 11),
(120, 2),
(120, 17),
(121, 18),
(123, 5),
(123, 10),
(123, 19),
(123, 15),
(124, 6),
(124, 1),
(126, 11),
(127, 1),
(128, 9),
(128, 3),
(128, 13),
(128, 17),
(129, 16),
(129, 19),
(129, 15),
(129, 18),
(129, 12),
(130, 10),
(130, 15),
(130, 1),
(131, 5),
(131, 2),
(131, 18),
(131, 17),
(131, 4),
(131, 11),
(131, 6),
(131, 19),
(132, 4),
(132, 2),
(132, 16),
(132, 11),
(132, 18),
(132, 17),
(132, 14),
(133, 10),
(133, 12);
INSERT INTO PUBLIC.LAWS_SUPPORTERS(LAW_MODEL_ID, SUPPORTERS_ID) VALUES
(134, 20),
(134, 1),
(134, 7),
(134, 3),
(135, 4),
(135, 16),
(135, 11),
(135, 5),
(135, 19),
(135, 9),
(135, 14),
(135, 15),
(136, 19),
(136, 11),
(136, 12),
(136, 1),
(136, 9),
(136, 6),
(136, 13),
(136, 8),
(137, 1),
(137, 6),
(137, 11),
(137, 15),
(137, 4),
(137, 10),
(137, 19),
(137, 17),
(138, 18),
(138, 8),
(138, 12),
(138, 20),
(138, 1),
(138, 2),
(139, 10),
(139, 7),
(139, 3),
(139, 6),
(139, 16),
(139, 9),
(140, 14),
(140, 12),
(140, 17),
(140, 16),
(140, 19),
(140, 15),
(140, 3),
(141, 9),
(141, 12),
(141, 10),
(141, 11),
(141, 1),
(143, 20),
(143, 7),
(143, 10),
(143, 4),
(143, 13),
(143, 9),
(143, 2),
(143, 16),
(143, 3),
(143, 12),
(144, 15),
(144, 13),
(144, 1),
(144, 16),
(144, 4),
(144, 5),
(144, 11),
(144, 14),
(144, 8),
(144, 10),
(145, 19),
(145, 8),
(145, 11),
(145, 2),
(145, 4),
(145, 13),
(145, 7),
(145, 10),
(145, 6),
(145, 9),
(146, 17),
(146, 11),
(146, 5),
(146, 6),
(146, 3),
(146, 16),
(146, 9),
(146, 15),
(146, 8),
(146, 12),
(147, 13),
(147, 8),
(147, 20),
(147, 19),
(147, 10),
(147, 18),
(147, 2),
(147, 14),
(147, 17),
(147, 1),
(148, 8),
(148, 17),
(148, 20),
(148, 11),
(148, 16),
(148, 7),
(148, 14),
(148, 9),
(148, 3),
(148, 1),
(149, 7),
(149, 20),
(149, 4),
(149, 9),
(149, 13),
(149, 14),
(149, 1),
(149, 8),
(149, 12),
(149, 2),
(150, 6),
(150, 11),
(150, 5),
(150, 14),
(150, 17),
(150, 15),
(150, 9),
(150, 7),
(150, 1),
(150, 8),
(151, 9),
(151, 4),
(151, 7),
(151, 12),
(151, 13),
(151, 3),
(151, 19),
(151, 1),
(151, 2),
(151, 6),
(152, 1),
(152, 2),
(152, 14),
(152, 20),
(152, 16),
(152, 13),
(152, 5),
(152, 6),
(152, 15),
(152, 9),
(153, 5),
(153, 16),
(153, 11),
(153, 3),
(153, 17),
(153, 10),
(153, 7),
(153, 20),
(153, 13),
(153, 15),
(154, 6),
(154, 8),
(154, 2),
(154, 9),
(154, 10),
(154, 15),
(154, 14),
(154, 20),
(154, 5),
(154, 16),
(155, 3),
(155, 8),
(155, 5),
(155, 18),
(155, 4),
(155, 11),
(155, 9),
(155, 14),
(155, 10),
(155, 6),
(156, 19),
(156, 7),
(156, 10),
(156, 18),
(156, 8),
(156, 9),
(156, 17),
(156, 11),
(156, 1),
(156, 15),
(157, 19),
(157, 9),
(157, 17),
(157, 2),
(157, 16),
(157, 8),
(157, 18),
(157, 20),
(157, 13),
(157, 10),
(158, 19),
(158, 7),
(158, 6),
(158, 13),
(158, 5),
(158, 10),
(158, 15),
(158, 12),
(158, 20),
(158, 3),
(159, 11),
(159, 16),
(159, 13),
(159, 6),
(159, 1),
(159, 17),
(159, 15),
(159, 14),
(159, 20),
(159, 10),
(160, 2),
(160, 13),
(160, 7),
(160, 20),
(160, 6),
(160, 17),
(160, 15),
(160, 18),
(160, 12),
(160, 14),
(161, 11),
(161, 18),
(161, 6),
(161, 8),
(161, 17),
(161, 7),
(161, 3),
(161, 10),
(161, 15),
(161, 14),
(162, 1),
(162, 6),
(162, 9),
(162, 3),
(162, 13),
(162, 19),
(162, 12),
(162, 7),
(162, 20),
(162, 11),
(163, 15),
(163, 14),
(163, 19),
(163, 3),
(163, 16),
(163, 6),
(163, 10),
(163, 4),
(163, 9),
(163, 18),
(164, 20),
(164, 5),
(164, 9),
(164, 6),
(164, 18),
(164, 3),
(164, 11),
(164, 15),
(164, 17),
(164, 12),
(165, 19),
(165, 6),
(165, 13),
(165, 16),
(165, 2),
(165, 12),
(165, 4),
(165, 7),
(165, 20),
(165, 3),
(166, 11),
(166, 7),
(166, 17),
(166, 2),
(166, 4),
(166, 16),
(166, 6),
(166, 3),
(166, 8),
(166, 14),
(167, 4),
(167, 10),
(167, 16),
(167, 7),
(167, 8),
(167, 17),
(167, 14),
(167, 20),
(167, 5),
(167, 19),
(168, 16),
(168, 4),
(168, 5),
(168, 19),
(168, 15),
(168, 7),
(168, 6),
(168, 12),
(168, 18),
(168, 9),
(169, 15),
(169, 6),
(169, 11),
(169, 19),
(169, 14),
(169, 2),
(169, 18),
(169, 5),
(169, 7),
(169, 16),
(170, 20),
(170, 18),
(170, 16),
(170, 4),
(170, 1),
(170, 13),
(170, 7),
(170, 17),
(170, 15),
(170, 19),
(171, 6),
(171, 11),
(171, 17),
(171, 14),
(171, 8),
(171, 2),
(171, 9),
(171, 1),
(171, 19),
(171, 15),
(172, 15),
(172, 2),
(172, 17),
(172, 7),
(172, 5),
(172, 19),
(172, 11),
(172, 13),
(172, 18),
(172, 6),
(173, 13),
(173, 11),
(173, 6),
(173, 18),
(173, 12),
(173, 8),
(173, 1),
(173, 2),
(173, 15),
(173, 17),
(174, 5),
(174, 11),
(174, 15),
(174, 1),
(174, 12),
(174, 3),
(174, 18),
(174, 20),
(174, 10),
(174, 4),
(175, 20),
(175, 15),
(175, 6),
(175, 12),
(175, 5),
(175, 3),
(175, 13),
(175, 19),
(175, 16),
(175, 9);
INSERT INTO PUBLIC.LAWS_SUPPORTERS(LAW_MODEL_ID, SUPPORTERS_ID) VALUES
(176, 13),
(176, 18),
(176, 1),
(176, 17),
(176, 3),
(176, 10),
(176, 5),
(176, 15),
(176, 16),
(176, 9),
(177, 11),
(177, 14),
(177, 15),
(177, 1),
(177, 17),
(177, 3),
(177, 2),
(177, 10),
(177, 4),
(177, 7),
(178, 9),
(178, 7),
(178, 17),
(178, 10),
(178, 20),
(178, 4),
(178, 1),
(178, 5),
(178, 18),
(178, 6),
(179, 18),
(179, 15),
(179, 5),
(179, 14),
(179, 10),
(179, 19),
(179, 16),
(179, 6),
(179, 7),
(179, 12),
(180, 3),
(180, 15),
(180, 13),
(180, 4),
(180, 19),
(180, 2),
(180, 1),
(180, 10),
(180, 16),
(180, 11),
(181, 15),
(181, 18),
(181, 14),
(181, 6),
(181, 11),
(181, 9),
(181, 8),
(181, 12),
(181, 3),
(181, 16),
(182, 8),
(182, 11),
(182, 16),
(182, 18),
(182, 19),
(182, 12),
(182, 3),
(182, 14),
(182, 5),
(182, 17),
(183, 11),
(183, 12),
(183, 1),
(183, 19),
(183, 6),
(183, 5),
(183, 18),
(183, 17),
(183, 16),
(183, 3),
(184, 3),
(184, 11),
(184, 10),
(184, 1),
(184, 18),
(184, 19),
(184, 9),
(184, 5),
(184, 15),
(184, 4),
(185, 4),
(185, 11),
(185, 19),
(185, 5),
(185, 12),
(185, 16),
(185, 9),
(185, 14),
(185, 2),
(185, 18),
(186, 20),
(186, 3),
(186, 15),
(186, 19),
(186, 14),
(186, 12),
(186, 10),
(186, 4),
(186, 9),
(186, 2),
(187, 20),
(187, 9),
(187, 15),
(187, 5),
(187, 10),
(187, 3),
(187, 19),
(187, 18),
(187, 17),
(187, 12),
(188, 20),
(188, 5),
(188, 7),
(188, 15),
(188, 19),
(188, 3),
(188, 6),
(188, 9),
(188, 12),
(188, 4),
(189, 1),
(189, 5),
(189, 6),
(189, 2),
(189, 12),
(189, 13),
(189, 11),
(189, 18),
(189, 9),
(189, 14),
(190, 16),
(190, 2),
(190, 4),
(190, 6),
(190, 7),
(190, 10),
(190, 17),
(190, 11),
(190, 14),
(190, 12),
(191, 18),
(191, 14),
(191, 7),
(191, 17),
(191, 16),
(191, 9),
(191, 4),
(191, 15),
(191, 1),
(191, 20),
(192, 12),
(192, 20),
(192, 1),
(192, 14),
(192, 13),
(192, 11),
(192, 2),
(192, 4),
(192, 6),
(192, 19),
(193, 18),
(193, 2),
(193, 12),
(193, 3),
(193, 14),
(193, 4),
(193, 11),
(193, 17),
(193, 6),
(193, 20),
(200, 18),
(200, 12),
(200, 13),
(200, 10),
(200, 16),
(200, 15),
(200, 9),
(200, 19),
(200, 7),
(200, 11),
(208, 2),
(208, 17),
(208, 8),
(208, 4),
(208, 5),
(208, 16),
(208, 14),
(208, 12),
(208, 11),
(208, 19),
(215, 9),
(215, 7),
(215, 20),
(215, 10),
(215, 8),
(215, 4),
(215, 6),
(215, 13),
(215, 5),
(215, 2),
(222, 14),
(222, 3),
(222, 9),
(222, 10),
(222, 16),
(222, 7),
(222, 13),
(222, 12),
(222, 5),
(222, 6),
(236, 8),
(236, 1),
(236, 20),
(236, 14),
(236, 17),
(236, 3),
(236, 11),
(236, 18),
(236, 10),
(236, 5),
(245, 20),
(245, 9),
(245, 11),
(245, 7),
(245, 16),
(245, 4),
(245, 8),
(245, 14),
(245, 18),
(245, 10),
(250, 4),
(250, 11),
(250, 15),
(250, 8),
(250, 13),
(250, 5),
(250, 14),
(250, 2),
(250, 1),
(250, 18),
(255, 10),
(255, 15),
(255, 17),
(255, 13),
(255, 16),
(255, 4),
(255, 14),
(255, 19),
(255, 5),
(255, 12),
(261, 12),
(261, 3),
(261, 18),
(261, 10),
(261, 2),
(261, 19),
(261, 1),
(261, 17),
(261, 11),
(261, 7),
(267, 9),
(267, 19),
(267, 20),
(267, 12),
(267, 10),
(267, 11),
(267, 7),
(267, 15),
(267, 2),
(267, 3),
(274, 4),
(274, 5),
(274, 7),
(274, 16),
(274, 19),
(274, 17),
(274, 8),
(274, 6),
(274, 12),
(274, 20),
(278, 8),
(278, 6),
(278, 20),
(278, 4),
(278, 15),
(278, 9),
(278, 14),
(278, 5),
(278, 18),
(278, 16),
(283, 7),
(283, 11),
(283, 17),
(283, 6),
(283, 13),
(283, 8),
(283, 5),
(283, 16),
(283, 9),
(283, 14),
(292, 3),
(292, 9),
(292, 2),
(292, 14),
(292, 1),
(292, 6),
(292, 8),
(292, 12),
(292, 17),
(292, 13),
(296, 18),
(296, 1),
(296, 20),
(296, 12),
(296, 4),
(296, 10),
(296, 11),
(296, 2),
(296, 14),
(296, 7),
(306, 13),
(306, 11),
(306, 6),
(306, 18),
(306, 7),
(306, 9),
(306, 1),
(306, 17),
(306, 2),
(306, 4),
(314, 19),
(314, 5),
(314, 13),
(314, 3),
(314, 2),
(314, 4),
(314, 9),
(314, 11),
(314, 1),
(314, 14),
(319, 17),
(319, 11),
(319, 13),
(319, 10),
(319, 19),
(319, 1),
(319, 15),
(319, 20),
(319, 9),
(319, 7),
(325, 11),
(325, 2),
(325, 1),
(325, 3),
(325, 9),
(325, 16),
(325, 6),
(325, 4),
(325, 20),
(325, 7),
(349, 6),
(349, 18),
(349, 11),
(349, 2),
(349, 7),
(349, 4),
(349, 9),
(349, 20),
(349, 16),
(349, 5),
(355, 10),
(355, 16);
INSERT INTO PUBLIC.LAWS_SUPPORTERS(LAW_MODEL_ID, SUPPORTERS_ID) VALUES
(355, 11),
(355, 19),
(355, 12),
(355, 17),
(355, 1),
(355, 8),
(355, 14),
(355, 3),
(360, 12),
(360, 4),
(360, 2),
(360, 9),
(360, 13),
(360, 17),
(360, 19),
(360, 6),
(360, 14),
(360, 20),
(365, 14),
(365, 19),
(365, 7),
(365, 13),
(365, 10),
(365, 17),
(365, 2),
(365, 4),
(365, 20),
(365, 16),
(373, 15),
(373, 8),
(373, 18),
(373, 9),
(373, 2),
(373, 20),
(373, 7),
(373, 6),
(373, 14),
(373, 11),
(395, 19),
(395, 18),
(395, 3),
(395, 11),
(395, 16),
(395, 14),
(395, 15),
(395, 9),
(395, 10),
(395, 4),
(395, 8),
(395, 2),
(395, 20),
(395, 13),
(395, 17),
(396, 9),
(396, 17),
(396, 8),
(396, 2),
(396, 14),
(396, 16),
(396, 15),
(396, 19),
(396, 7),
(396, 5),
(396, 11),
(396, 3),
(396, 10),
(396, 20),
(396, 18),
(396, 12),
(396, 6),
(396, 13);
CREATE MEMORY TABLE PUBLIC.ONE_TIME_TOKEN(
ID BIGINT NOT NULL,
CREATED_AT TIMESTAMP NOT NULL,
UPDATED_AT TIMESTAMP NOT NULL,
TOKEN VARCHAR(255) NOT NULL,
TOKEN_TYPE INTEGER NOT NULL,
VALID_UNTIL TIMESTAMP NOT NULL,
USER_ID BIGINT NOT NULL
);
ALTER TABLE PUBLIC.ONE_TIME_TOKEN ADD CONSTRAINT PUBLIC.CONSTRAINT_4 PRIMARY KEY(ID);
-- 0 +/- SELECT COUNT(*) FROM PUBLIC.ONE_TIME_TOKEN;
CREATE MEMORY TABLE PUBLIC.POLLS(
ID BIGINT NOT NULL,
CREATED_AT TIMESTAMP NOT NULL,
UPDATED_AT TIMESTAMP NOT NULL,
DUEL_MATRIX VARCHAR(255),
STATUS INTEGER,
VOTING_END_AT TIMESTAMP,
VOTING_START_AT TIMESTAMP,
WINNER_ID BIGINT
);
ALTER TABLE PUBLIC.POLLS ADD CONSTRAINT PUBLIC.CONSTRAINT_48 PRIMARY KEY(ID);
-- 4 +/- SELECT COUNT(*) FROM PUBLIC.POLLS;
INSERT INTO PUBLIC.POLLS(ID, CREATED_AT, UPDATED_AT, DUEL_MATRIX, STATUS, VOTING_END_AT, VOTING_START_AT, WINNER_ID) VALUES
(244, TIMESTAMP '2019-02-27 14:14:19.271', TIMESTAMP '2019-02-27 14:14:19.271', '', 0, TIMESTAMP '2019-04-03 00:00:00', TIMESTAMP '2019-03-20 00:00:00', NULL),
(273, TIMESTAMP '2019-02-19 14:14:19.768', TIMESTAMP '2019-03-06 14:14:19.849', '', 1, TIMESTAMP '2019-03-19 00:00:00', TIMESTAMP '2019-03-05 14:14:19.82', NULL),
(305, TIMESTAMP '2019-02-19 14:14:20.277', TIMESTAMP '2019-03-06 14:14:26.112', '[]', 1, TIMESTAMP '2019-03-19 00:00:00', TIMESTAMP '2019-03-05 14:14:20.357', NULL),
(354, TIMESTAMP '2019-02-01 14:14:26.587', TIMESTAMP '2019-03-06 14:14:30.413', '[[0,7,11,8,7],[9,0,7,7,8],[5,9,0,4,8],[8,9,11,0,10],[7,5,8,6,0]]', 2, TIMESTAMP '2019-03-06 14:14:30.398', TIMESTAMP '2019-02-15 14:14:26.553', 355);
CREATE MEMORY TABLE PUBLIC.USERS(
ID BIGINT NOT NULL,
CREATED_AT TIMESTAMP NOT NULL,
UPDATED_AT TIMESTAMP NOT NULL,
EMAIL VARCHAR(255) NOT NULL,
LAST_LOGIN TIMESTAMP,
MOBILEPHONE VARCHAR(255),
NAME VARCHAR(255),
PICTURE VARCHAR(255),
WEBSITE VARCHAR(255)
);
ALTER TABLE PUBLIC.USERS ADD CONSTRAINT PUBLIC.CONSTRAINT_4D PRIMARY KEY(ID);
-- 20 +/- SELECT COUNT(*) FROM PUBLIC.USERS;
INSERT INTO PUBLIC.USERS(ID, CREATED_AT, UPDATED_AT, EMAIL, LAST_LOGIN, MOBILEPHONE, NAME, PICTURE, WEBSITE) VALUES
(1, TIMESTAMP '2019-03-06 14:14:09.84', TIMESTAMP '2019-03-06 14:14:09.84', 'testuser1@liquido.de', NULL, '+49123451', 'Test User1', '/static/img/photos/1.png', 'http://www.liquido.de'),
(2, TIMESTAMP '2019-03-06 14:14:09.911', TIMESTAMP '2019-03-06 14:14:09.911', 'testuser2@liquido.de', NULL, '+49123452', 'Test User2', '/static/img/photos/2.png', 'http://www.liquido.de'),
(3, TIMESTAMP '2019-03-06 14:14:09.914', TIMESTAMP '2019-03-06 14:14:09.914', 'testuser3@liquido.de', NULL, '+49123453', 'Test User3', '/static/img/photos/3.png', 'http://www.liquido.de'),
(4, TIMESTAMP '2019-03-06 14:14:09.918', TIMESTAMP '2019-03-06 14:14:09.918', 'testuser4@liquido.de', NULL, '+49123454', 'Test User4', '/static/img/photos/1.png', 'http://www.liquido.de'),
(5, TIMESTAMP '2019-03-06 14:14:09.922', TIMESTAMP '2019-03-06 14:14:09.922', 'testuser5@liquido.de', NULL, '+49123455', 'Test User5', '/static/img/photos/2.png', 'http://www.liquido.de'),
(6, TIMESTAMP '2019-03-06 14:14:09.926', TIMESTAMP '2019-03-06 14:14:09.926', 'testuser6@liquido.de', NULL, '+49123456', 'Test User6', '/static/img/photos/3.png', 'http://www.liquido.de'),
(7, TIMESTAMP '2019-03-06 14:14:09.929', TIMESTAMP '2019-03-06 14:14:09.929', 'testuser7@liquido.de', NULL, '+49123457', 'Test User7', '/static/img/photos/1.png', 'http://www.liquido.de'),
(8, TIMESTAMP '2019-03-06 14:14:09.934', TIMESTAMP '2019-03-06 14:14:09.934', 'testuser8@liquido.de', NULL, '+49123458', 'Test User8', '/static/img/photos/2.png', 'http://www.liquido.de'),
(9, TIMESTAMP '2019-03-06 14:14:09.938', TIMESTAMP '2019-03-06 14:14:09.938', 'testuser9@liquido.de', NULL, '+49123459', 'Test User9', '/static/img/photos/3.png', 'http://www.liquido.de'),
(10, TIMESTAMP '2019-03-06 14:14:09.943', TIMESTAMP '2019-03-06 14:14:09.943', 'testuser10@liquido.de', NULL, '+491234510', 'Test User10', '/static/img/photos/1.png', 'http://www.liquido.de'),
(11, TIMESTAMP '2019-03-06 14:14:09.95', TIMESTAMP '2019-03-06 14:14:09.95', 'testuser11@liquido.de', NULL, '+491234511', 'Test User11', '/static/img/photos/2.png', 'http://www.liquido.de'),
(12, TIMESTAMP '2019-03-06 14:14:09.96', TIMESTAMP '2019-03-06 14:14:09.96', 'testuser12@liquido.de', NULL, '+491234512', 'Test User12', '/static/img/photos/3.png', 'http://www.liquido.de'),
(13, TIMESTAMP '2019-03-06 14:14:09.973', TIMESTAMP '2019-03-06 14:14:09.973', 'testuser13@liquido.de', NULL, '+491234513', 'Test User13', '/static/img/photos/1.png', 'http://www.liquido.de'),
(14, TIMESTAMP '2019-03-06 14:14:09.98', TIMESTAMP '2019-03-06 14:14:09.98', 'testuser14@liquido.de', NULL, '+491234514', 'Test User14', '/static/img/photos/2.png', 'http://www.liquido.de'),
(15, TIMESTAMP '2019-03-06 14:14:09.983', TIMESTAMP '2019-03-06 14:14:09.983', 'testuser15@liquido.de', NULL, '+491234515', 'Test User15', '/static/img/photos/3.png', 'http://www.liquido.de'),
(16, TIMESTAMP '2019-03-06 14:14:09.994', TIMESTAMP '2019-03-06 14:14:09.994', 'testuser16@liquido.de', NULL, '+491234516', 'Test User16', '/static/img/photos/1.png', 'http://www.liquido.de'),
(17, TIMESTAMP '2019-03-06 14:14:10', TIMESTAMP '2019-03-06 14:14:10', 'testuser17@liquido.de', NULL, '+491234517', 'Test User17', '/static/img/photos/2.png', 'http://www.liquido.de'),
(18, TIMESTAMP '2019-03-06 14:14:10.01', TIMESTAMP '2019-03-06 14:14:10.01', 'testuser18@liquido.de', NULL, '+491234518', 'Test User18', '/static/img/photos/3.png', 'http://www.liquido.de'),
(19, TIMESTAMP '2019-03-06 14:14:10.016', TIMESTAMP '2019-03-06 14:14:10.016', 'testuser19@liquido.de', NULL, '+491234519', 'Test User19', '/static/img/photos/1.png', 'http://www.liquido.de'),
(20, TIMESTAMP '2019-03-06 14:14:10.022', TIMESTAMP '2019-03-06 14:14:10.022', 'testuser20@liquido.de', NULL, '+491234520', 'Test User20', '/static/img/photos/2.png', 'http://www.liquido.de');
-- 0 +/- SELECT COUNT(*) FROM PUBLIC.QRTZ_CALENDARS;
-- 0 +/- SELECT COUNT(*) FROM PUBLIC.QRTZ_CRON_TRIGGERS;
-- 0 +/- SELECT COUNT(*) FROM PUBLIC.QRTZ_FIRED_TRIGGERS;
-- 0 +/- SELECT COUNT(*) FROM PUBLIC.QRTZ_PAUSED_TRIGGER_GRPS;
-- 0 +/- SELECT COUNT(*) FROM PUBLIC.QRTZ_SCHEDULER_STATE;
-- 0 +/- SELECT COUNT(*) FROM PUBLIC.QRTZ_LOCKS;
-- 0 +/- SELECT COUNT(*) FROM PUBLIC.QRTZ_JOB_DETAILS;
-- 0 +/- SELECT COUNT(*) FROM PUBLIC.QRTZ_SIMPLE_TRIGGERS;
-- 0 +/- SELECT COUNT(*) FROM PUBLIC.QRTZ_SIMPROP_TRIGGERS;
-- 0 +/- SELECT COUNT(*) FROM PUBLIC.QRTZ_BLOB_TRIGGERS;
-- 0 +/- SELECT COUNT(*) FROM PUBLIC.QRTZ_TRIGGERS;
ALTER TABLE PUBLIC.AREAS ADD CONSTRAINT PUBLIC.UK_P61HNJ1M450KNDUSCXOLDCHFJ UNIQUE(TITLE);
ALTER TABLE PUBLIC.KEY_VALUE ADD CONSTRAINT PUBLIC.UK_8TE0DHIEXEOWA1RGVA302TO1L UNIQUE(KEY_COL);
ALTER TABLE PUBLIC.USERS ADD CONSTRAINT PUBLIC.UK_6DOTKOTT2KJSP8VW4D0M25FB7 UNIQUE(EMAIL);
ALTER TABLE PUBLIC.LAWS ADD CONSTRAINT PUBLIC.UK_BS516OPV3HONTPTWVPIOOS72B UNIQUE(TITLE);
ALTER TABLE PUBLIC.DELEGATIONS ADD CONSTRAINT PUBLIC.UK2WYH7POIF8NPDWLUR8DFORD0J UNIQUE(AREA_ID, FROM_USER_ID);
ALTER TABLE PUBLIC.LAWS_COMMENTS ADD CONSTRAINT PUBLIC.UK_OF3YV6X3MAHJPHJBJE5XHRXC8 UNIQUE(COMMENTS_ID);
ALTER TABLE PUBLIC.BALLOTS ADD CONSTRAINT PUBLIC.UKHWWEPK8N3CE54LEREWX2FMYXF UNIQUE(POLL_ID, CHECKSUM);
ALTER TABLE PUBLIC.USERS ADD CONSTRAINT PUBLIC.UK_70QE9WOFM8UJ2PEANWKPHERRM UNIQUE(MOBILEPHONE);
ALTER TABLE PUBLIC.CHECKSUMS ADD CONSTRAINT PUBLIC.UKL0XNKLNHLK4PTWSU9B0QXTYBN UNIQUE(AREA_ID, PUBLIC_PROXY_ID);
ALTER TABLE PUBLIC.AREAS ADD CONSTRAINT PUBLIC.FKP9N0U4HM2Q1O7V0068C8GD4EL FOREIGN KEY(CREATED_BY_ID) REFERENCES PUBLIC.USERS(ID) NOCHECK;
ALTER TABLE PUBLIC.DELEGATIONS ADD CONSTRAINT PUBLIC.FK1Y1R0D478R9NTDMUIYKKUHADV FOREIGN KEY(REQUESTED_DELEGATION_FROM_CHECKSUM_CHECKSUM) REFERENCES PUBLIC.CHECKSUMS(CHECKSUM) NOCHECK;
ALTER TABLE PUBLIC.DELEGATIONS ADD CONSTRAINT PUBLIC.FKSWBDEOVC7HSQ5EX30PBMDU9D4 FOREIGN KEY(AREA_ID) REFERENCES PUBLIC.AREAS(ID) NOCHECK;
ALTER TABLE PUBLIC.LAWS ADD CONSTRAINT PUBLIC.FK4QUHD81MM84X6RQ0CCBXSEYXX FOREIGN KEY(POLL_ID) REFERENCES PUBLIC.POLLS(ID) NOCHECK;
ALTER TABLE PUBLIC.LAWS_SUPPORTERS ADD CONSTRAINT PUBLIC.FK9B4I87YIKUCHRIRFJAYMGOHE3 FOREIGN KEY(LAW_MODEL_ID) REFERENCES PUBLIC.LAWS(ID) NOCHECK;
ALTER TABLE PUBLIC.BALLOTS ADD CONSTRAINT PUBLIC.FKOG7SHPLJ1CCOH8N9AO4Y16LQ3 FOREIGN KEY(POLL_ID) REFERENCES PUBLIC.POLLS(ID) NOCHECK;
ALTER TABLE PUBLIC.COMMENTS_DOWN_VOTERS ADD CONSTRAINT PUBLIC.FK62ILAC17TG4CPKRHEONUD72HV FOREIGN KEY(DOWN_VOTERS_ID) REFERENCES PUBLIC.USERS(ID) NOCHECK;
ALTER TABLE PUBLIC.CHECKSUMS ADD CONSTRAINT PUBLIC.FKDFLPSE9FSOGY1FMFDY2W79RG FOREIGN KEY(DELEGATED_TO_CHECKSUM) REFERENCES PUBLIC.CHECKSUMS(CHECKSUM) NOCHECK;
ALTER TABLE PUBLIC.BALLOTS_VOTE_ORDER ADD CONSTRAINT PUBLIC.FKIH6THEWVJEH3OW9DL1YTJ9AWB FOREIGN KEY(BALLOT_MODEL_ID) REFERENCES PUBLIC.BALLOTS(ID) NOCHECK;
ALTER TABLE PUBLIC.CHECKSUMS ADD CONSTRAINT PUBLIC.FK68FTLVL0MWTVOQD3BFUPP0XRG FOREIGN KEY(PUBLIC_PROXY_ID) REFERENCES PUBLIC.USERS(ID) NOCHECK;
ALTER TABLE PUBLIC.LAWS ADD CONSTRAINT PUBLIC.FKTR1PLL46Q50SHWBFFYIYUAVGN FOREIGN KEY(CREATED_BY_ID) REFERENCES PUBLIC.USERS(ID) NOCHECK;
ALTER TABLE PUBLIC.ONE_TIME_TOKEN ADD CONSTRAINT PUBLIC.FK4O21XT1RMRICB3EA4TO5NKR8D FOREIGN KEY(USER_ID) REFERENCES PUBLIC.USERS(ID) NOCHECK;
ALTER TABLE PUBLIC.BALLOTS_VOTE_ORDER ADD CONSTRAINT PUBLIC.FKOWD5MAD84QVWGST43698A6GX5 FOREIGN KEY(VOTE_ORDER_ID) REFERENCES PUBLIC.LAWS(ID) NOCHECK;
ALTER TABLE PUBLIC.COMMENTS ADD CONSTRAINT PUBLIC.FKAKKM6QFYDU7VGNFNE1YO0XMED FOREIGN KEY(CREATED_BY_ID) REFERENCES PUBLIC.USERS(ID) NOCHECK;
ALTER TABLE PUBLIC.DELEGATIONS ADD CONSTRAINT PUBLIC.FK21A6LG8FU2JS6E0JU41WJ2GQP FOREIGN KEY(TO_PROXY_ID) REFERENCES PUBLIC.USERS(ID) NOCHECK;
ALTER TABLE PUBLIC.LAWS_COMMENTS ADD CONSTRAINT PUBLIC.FK36FBKIUITRV0YRVY8S0IG46IX FOREIGN KEY(LAW_MODEL_ID) REFERENCES PUBLIC.LAWS(ID) NOCHECK;
ALTER TABLE PUBLIC.POLLS ADD CONSTRAINT PUBLIC.FKQADOVSMQ4UOK58SP9HKHWJQIS FOREIGN KEY(WINNER_ID) REFERENCES PUBLIC.LAWS(ID) NOCHECK;
ALTER TABLE PUBLIC.DELEGATIONS ADD CONSTRAINT PUBLIC.FK9KOYA2MI6T18VF7U1FROBKNIQ FOREIGN KEY(FROM_USER_ID) REFERENCES PUBLIC.USERS(ID) NOCHECK;
ALTER TABLE PUBLIC.COMMENTS ADD CONSTRAINT PUBLIC.FK4V1HI5NTV7K7XL8SF7KR91ANA FOREIGN KEY(LAW_ID) REFERENCES PUBLIC.LAWS(ID) NOCHECK;
ALTER TABLE PUBLIC.BALLOTS ADD CONSTRAINT PUBLIC.FK1RRV2WY16UQONFL9CR1CQG2XD FOREIGN KEY(CHECKSUM) REFERENCES PUBLIC.CHECKSUMS(CHECKSUM) NOCHECK;
ALTER TABLE PUBLIC.LAWS ADD CONSTRAINT PUBLIC.FK9VIQDJ5LDUN0AHWQDFF1WUY39 FOREIGN KEY(AREA_ID) REFERENCES PUBLIC.AREAS(ID) NOCHECK;
ALTER TABLE PUBLIC.LAWS_COMMENTS ADD CONSTRAINT PUBLIC.FKFL0Y4QFVFPF9YNMMFJ0JEVXFF FOREIGN KEY(COMMENTS_ID) REFERENCES PUBLIC.COMMENTS(ID) NOCHECK;
ALTER TABLE PUBLIC.COMMENTS_UP_VOTERS ADD CONSTRAINT PUBLIC.FKEUURM027PDC4L5A9G9O2L0UYD FOREIGN KEY(UP_VOTERS_ID) REFERENCES PUBLIC.USERS(ID) NOCHECK;
ALTER TABLE PUBLIC.COMMENTS ADD CONSTRAINT PUBLIC.FKLRI30OKF66PHTCGBE5POK7CC0 FOREIGN KEY(PARENT_ID) REFERENCES PUBLIC.COMMENTS(ID) NOCHECK;
ALTER TABLE PUBLIC.COMMENTS_UP_VOTERS ADD CONSTRAINT PUBLIC.FK8LS8T571Y99VTTW1MDKEBXAGP FOREIGN KEY(COMMENT_MODEL_ID) REFERENCES PUBLIC.COMMENTS(ID) NOCHECK;
ALTER TABLE PUBLIC.LAWS_SUPPORTERS ADD CONSTRAINT PUBLIC.FKK8MVJC4RQ970OJAVYFIA9BQVE FOREIGN KEY(SUPPORTERS_ID) REFERENCES PUBLIC.USERS(ID) NOCHECK;
ALTER TABLE PUBLIC.COMMENTS_DOWN_VOTERS ADD CONSTRAINT PUBLIC.FKJYMYJ54LENHS4KE6MYQHLY72 FOREIGN KEY(COMMENT_MODEL_ID) REFERENCES PUBLIC.COMMENTS(ID) NOCHECK;
ALTER TABLE PUBLIC.CHECKSUMS ADD CONSTRAINT PUBLIC.FKLLW57XBW0D67OPTMWFMU3P2PC FOREIGN KEY(AREA_ID) REFERENCES PUBLIC.AREAS(ID) NOCHECK;
