SET DB_CLOSE_DELAY -1;
;
CREATE USER IF NOT EXISTS SA SALT '501b05d1013ffc57' HASH 'a8746bffe70b8001b265156d7b1c1b734e16d1a73f29765a2bc3d2f87e0cb169' ADMIN;
CREATE SEQUENCE PUBLIC.HIBERNATE_SEQUENCE START WITH 393;
CREATE MEMORY TABLE PUBLIC.AREAS(
ID BIGINT NOT NULL,
CREATED_AT TIMESTAMP NOT NULL,
UPDATED_AT TIMESTAMP NOT NULL,
DESCRIPTION VARCHAR(255) NOT NULL,
TITLE VARCHAR(255) NOT NULL,
CREATED_BY_ID BIGINT NOT NULL
);
ALTER TABLE PUBLIC.AREAS ADD CONSTRAINT PUBLIC.CONSTRAINT_3 PRIMARY KEY(ID);
-- 10 +/- SELECT COUNT(*) FROM PUBLIC.AREAS;
INSERT INTO PUBLIC.AREAS(ID, CREATED_AT, UPDATED_AT, DESCRIPTION, TITLE, CREATED_BY_ID) VALUES
(21, TIMESTAMP '2019-03-16 12:08:58.222', TIMESTAMP '2019-03-16 12:08:58.222', 'Nice description for test area #0', 'Area 0', 1),
(22, TIMESTAMP '2019-03-16 12:08:58.222', TIMESTAMP '2019-03-16 12:08:58.222', 'Nice description for test area #1', 'Area 1', 1),
(23, TIMESTAMP '2019-03-16 12:08:58.222', TIMESTAMP '2019-03-16 12:08:58.222', 'Nice description for test area #2', 'Area 2', 1),
(24, TIMESTAMP '2019-03-16 12:08:58.238', TIMESTAMP '2019-03-16 12:08:58.238', 'Nice description for test area #3', 'Area 3', 1),
(25, TIMESTAMP '2019-03-16 12:08:58.238', TIMESTAMP '2019-03-16 12:08:58.238', 'Nice description for test area #4', 'Area 4', 1),
(26, TIMESTAMP '2019-03-16 12:08:58.238', TIMESTAMP '2019-03-16 12:08:58.238', 'Nice description for test area #5', 'Area 5', 1),
(27, TIMESTAMP '2019-03-16 12:08:58.238', TIMESTAMP '2019-03-16 12:08:58.238', 'Nice description for test area #6', 'Area 6', 1),
(28, TIMESTAMP '2019-03-16 12:08:58.254', TIMESTAMP '2019-03-16 12:08:58.254', 'Nice description for test area #7', 'Area 7', 1),
(29, TIMESTAMP '2019-03-16 12:08:58.254', TIMESTAMP '2019-03-16 12:08:58.254', 'Nice description for test area #8', 'Area 8', 1),
(30, TIMESTAMP '2019-03-16 12:08:58.254', TIMESTAMP '2019-03-16 12:08:58.254', 'Nice description for test area #9', 'Area 9', 1);
CREATE MEMORY TABLE PUBLIC.BALLOTS(
ID BIGINT NOT NULL,
LEVEL INTEGER NOT NULL,
VOTE_COUNT BIGINT NOT NULL,
CHECKSUM VARCHAR(255) NOT NULL,
POLL_ID BIGINT NOT NULL
);
ALTER TABLE PUBLIC.BALLOTS ADD CONSTRAINT PUBLIC.CONSTRAINT_1 PRIMARY KEY(ID);
-- 32 +/- SELECT COUNT(*) FROM PUBLIC.BALLOTS;
INSERT INTO PUBLIC.BALLOTS(ID, LEVEL, VOTE_COUNT, CHECKSUM, POLL_ID) VALUES
(329, 0, 1, '$2a$10$1IdrGrRAN2Wp3U7QI.JIzuuViLszDdeyBQZ4QNjYJJWIYI5M2O3G2', 302),
(330, 0, 1, '$2a$10$1IdrGrRAN2Wp3U7QI.JIzuDl5QTomD0jkJDoG.VH7LgF6BaMi7mUu', 302),
(331, 0, 4, '$2a$10$1IdrGrRAN2Wp3U7QI.JIzumrB8gg15WYrl/9Od2a/lKdcXxyoRqYe', 302),
(332, 0, 1, '$2a$10$1IdrGrRAN2Wp3U7QI.JIzu0U7xajdi9.MlI8tTpf7ZVQmMn3XTPaq', 302),
(333, 0, 1, '$2a$10$1IdrGrRAN2Wp3U7QI.JIzuA2amXnXPKlVvjlg62SZ08/U45S1krWS', 302),
(334, 0, 1, '$2a$10$1IdrGrRAN2Wp3U7QI.JIzuQi87d/P3rgtaiDqqegSB4vu2sByXkly', 302),
(335, 0, 2, '$2a$10$1IdrGrRAN2Wp3U7QI.JIzumF7aPaiUyhTd0m56K/SiA71ec5pLFu2', 302),
(336, 1, 1, '$2a$10$1IdrGrRAN2Wp3U7QI.JIzu9jY7URudOBmsrn4SD7Sp2bRAti6ztwK', 302),
(337, 0, 1, '$2a$10$1IdrGrRAN2Wp3U7QI.JIzuaW/fGb8Z2mJgsKxYwe5.NrtAFNxSQVS', 302),
(338, 0, 1, '$2a$10$1IdrGrRAN2Wp3U7QI.JIzuWb3cSZmVC9yx83VYQxwLFYSL5g8IoRy', 302),
(339, 0, 1, '$2a$10$1IdrGrRAN2Wp3U7QI.JIzuaXivFiTa4cwzBq6IwpHyvmd9OIEIHwW', 302),
(340, 0, 1, '$2a$10$1IdrGrRAN2Wp3U7QI.JIzuYTSKjBSu3cADo/STK5moSHUhn6NKcyS', 302),
(341, 0, 1, '$2a$10$1IdrGrRAN2Wp3U7QI.JIzuYun6DCp3DqD0HkMSxupTiHcONZRP0YC', 302),
(342, 0, 1, '$2a$10$1IdrGrRAN2Wp3U7QI.JIzuj/DUpsANoEk4usC10lyWBvgCY2jpdQ6', 302),
(343, 0, 1, '$2a$10$1IdrGrRAN2Wp3U7QI.JIzukT2e4dWh2jhcsPdh.C5JEqMyz08zCoa', 302),
(344, 0, 1, '$2a$10$1IdrGrRAN2Wp3U7QI.JIzuRe9KBAxYEu.ylAyhV50ek90rELSRGqG', 302),
(375, 0, 1, '$2a$10$1IdrGrRAN2Wp3U7QI.JIzuuViLszDdeyBQZ4QNjYJJWIYI5M2O3G2', 351),
(376, 0, 1, '$2a$10$1IdrGrRAN2Wp3U7QI.JIzuDl5QTomD0jkJDoG.VH7LgF6BaMi7mUu', 351),
(377, 0, 4, '$2a$10$1IdrGrRAN2Wp3U7QI.JIzumrB8gg15WYrl/9Od2a/lKdcXxyoRqYe', 351),
(378, 0, 1, '$2a$10$1IdrGrRAN2Wp3U7QI.JIzu0U7xajdi9.MlI8tTpf7ZVQmMn3XTPaq', 351),
(379, 0, 1, '$2a$10$1IdrGrRAN2Wp3U7QI.JIzuA2amXnXPKlVvjlg62SZ08/U45S1krWS', 351),
(380, 0, 1, '$2a$10$1IdrGrRAN2Wp3U7QI.JIzuQi87d/P3rgtaiDqqegSB4vu2sByXkly', 351),
(381, 0, 2, '$2a$10$1IdrGrRAN2Wp3U7QI.JIzumF7aPaiUyhTd0m56K/SiA71ec5pLFu2', 351),
(382, 1, 1, '$2a$10$1IdrGrRAN2Wp3U7QI.JIzu9jY7URudOBmsrn4SD7Sp2bRAti6ztwK', 351),
(383, 0, 1, '$2a$10$1IdrGrRAN2Wp3U7QI.JIzuaW/fGb8Z2mJgsKxYwe5.NrtAFNxSQVS', 351),
(384, 0, 1, '$2a$10$1IdrGrRAN2Wp3U7QI.JIzuWb3cSZmVC9yx83VYQxwLFYSL5g8IoRy', 351),
(385, 0, 1, '$2a$10$1IdrGrRAN2Wp3U7QI.JIzuaXivFiTa4cwzBq6IwpHyvmd9OIEIHwW', 351),
(386, 0, 1, '$2a$10$1IdrGrRAN2Wp3U7QI.JIzuYTSKjBSu3cADo/STK5moSHUhn6NKcyS', 351),
(387, 0, 1, '$2a$10$1IdrGrRAN2Wp3U7QI.JIzuYun6DCp3DqD0HkMSxupTiHcONZRP0YC', 351),
(388, 0, 1, '$2a$10$1IdrGrRAN2Wp3U7QI.JIzuj/DUpsANoEk4usC10lyWBvgCY2jpdQ6', 351),
(389, 0, 1, '$2a$10$1IdrGrRAN2Wp3U7QI.JIzukT2e4dWh2jhcsPdh.C5JEqMyz08zCoa', 351),
(390, 0, 1, '$2a$10$1IdrGrRAN2Wp3U7QI.JIzuRe9KBAxYEu.ylAyhV50ek90rELSRGqG', 351);
CREATE MEMORY TABLE PUBLIC.BALLOTS_VOTE_ORDER(
BALLOT_MODEL_ID BIGINT NOT NULL,
VOTE_ORDER_ID BIGINT NOT NULL,
VOTE_ORDER_ORDER INTEGER NOT NULL
);
ALTER TABLE PUBLIC.BALLOTS_VOTE_ORDER ADD CONSTRAINT PUBLIC.CONSTRAINT_5 PRIMARY KEY(BALLOT_MODEL_ID, VOTE_ORDER_ORDER);
-- 147 +/- SELECT COUNT(*) FROM PUBLIC.BALLOTS_VOTE_ORDER;
INSERT INTO PUBLIC.BALLOTS_VOTE_ORDER(BALLOT_MODEL_ID, VOTE_ORDER_ID, VOTE_ORDER_ORDER) VALUES
(329, 295, 0),
(329, 303, 1),
(329, 318, 2),
(329, 310, 3),
(329, 324, 4),
(330, 310, 0),
(330, 318, 1),
(330, 324, 2),
(330, 303, 3),
(331, 324, 0),
(331, 303, 1),
(331, 310, 2),
(331, 295, 3),
(335, 324, 0),
(335, 318, 1),
(335, 310, 2),
(335, 303, 3),
(335, 295, 4),
(336, 324, 0),
(336, 318, 1),
(336, 310, 2),
(336, 303, 3),
(336, 295, 4),
(337, 324, 0),
(337, 318, 1),
(337, 310, 2),
(337, 303, 3),
(332, 310, 0),
(332, 318, 1),
(332, 303, 2),
(332, 324, 3),
(332, 295, 4),
(333, 324, 0),
(333, 318, 1),
(333, 310, 2),
(333, 295, 3),
(333, 303, 4),
(338, 295, 0),
(338, 303, 1),
(338, 310, 2),
(338, 318, 3),
(339, 303, 0),
(339, 318, 1),
(339, 324, 2),
(339, 310, 3),
(339, 295, 4),
(340, 303, 0),
(340, 295, 1),
(340, 324, 2),
(340, 318, 3),
(341, 303, 0),
(341, 310, 1),
(341, 318, 2),
(341, 295, 3),
(341, 324, 4),
(342, 324, 0),
(342, 318, 1),
(342, 295, 2),
(342, 310, 3),
(342, 303, 4),
(343, 303, 0),
(343, 324, 1),
(343, 318, 2),
(343, 295, 3),
(343, 310, 4),
(344, 295, 0),
(344, 324, 1),
(344, 318, 2),
(344, 310, 3),
(334, 310, 0),
(334, 295, 1),
(334, 324, 2),
(334, 303, 3),
(375, 352, 0),
(375, 363, 1),
(375, 345, 2),
(375, 370, 3),
(375, 358, 4),
(376, 345, 0),
(376, 363, 1),
(376, 370, 2),
(376, 358, 3),
(376, 352, 4),
(377, 358, 0),
(377, 363, 1),
(377, 370, 2),
(377, 345, 3),
(377, 352, 4),
(381, 358, 0),
(381, 352, 1),
(381, 370, 2),
(381, 345, 3),
(381, 363, 4),
(382, 358, 0),
(382, 352, 1),
(382, 370, 2),
(382, 345, 3),
(382, 363, 4),
(383, 370, 0),
(383, 363, 1),
(383, 345, 2),
(383, 358, 3),
(383, 352, 4),
(378, 370, 0),
(378, 363, 1),
(378, 358, 2),
(378, 345, 3),
(378, 352, 4),
(379, 352, 0),
(379, 345, 1),
(379, 363, 2),
(379, 370, 3),
(379, 358, 4),
(384, 363, 0),
(384, 358, 1),
(384, 352, 2),
(384, 345, 3),
(385, 370, 0),
(385, 352, 1),
(385, 345, 2),
(385, 363, 3),
(385, 358, 4),
(386, 358, 0),
(386, 352, 1),
(386, 363, 2),
(386, 345, 3),
(386, 370, 4),
(387, 352, 0),
(387, 358, 1),
(387, 363, 2),
(387, 370, 3),
(387, 345, 4),
(388, 370, 0),
(388, 345, 1),
(388, 363, 2),
(388, 358, 3),
(389, 358, 0),
(389, 352, 1),
(389, 345, 2),
(390, 363, 0),
(390, 352, 1),
(390, 345, 2),
(380, 370, 0),
(380, 345, 1),
(380, 363, 2),
(380, 358, 3),
(380, 352, 4);
CREATE MEMORY TABLE PUBLIC.CHECKSUMS(
CHECKSUM VARCHAR(255) NOT NULL,
EXPIRES_AT TIMESTAMP,
TRANSITIVE BOOLEAN NOT NULL,
AREA_ID BIGINT,
DELEGATED_TO_CHECKSUM VARCHAR(255),
PUBLIC_PROXY_ID BIGINT
);
ALTER TABLE PUBLIC.CHECKSUMS ADD CONSTRAINT PUBLIC.CONSTRAINT_B PRIMARY KEY(CHECKSUM);
-- 18 +/- SELECT COUNT(*) FROM PUBLIC.CHECKSUMS;
INSERT INTO PUBLIC.CHECKSUMS(CHECKSUM, EXPIRES_AT, TRANSITIVE, AREA_ID, DELEGATED_TO_CHECKSUM, PUBLIC_PROXY_ID) VALUES
('$2a$10$1IdrGrRAN2Wp3U7QI.JIzueyGOu7FMMyyMJw3bvzEU2elpOrru8sy', TIMESTAMP '2019-03-17 12:09:02.567', TRUE, 21, NULL, 1),
('$2a$10$1IdrGrRAN2Wp3U7QI.JIzu9jY7URudOBmsrn4SD7Sp2bRAti6ztwK', TIMESTAMP '2019-03-17 12:09:04.385', TRUE, 21, '$2a$10$1IdrGrRAN2Wp3U7QI.JIzumF7aPaiUyhTd0m56K/SiA71ec5pLFu2', 6),
('$2a$10$1IdrGrRAN2Wp3U7QI.JIzuIvB5fBvUb/y3tpzb1Xahzu9k87H3HZ.', TIMESTAMP '2019-03-17 12:09:04.603', TRUE, 21, '$2a$10$1IdrGrRAN2Wp3U7QI.JIzueyGOu7FMMyyMJw3bvzEU2elpOrru8sy', 4),
('$2a$10$1IdrGrRAN2Wp3U7QI.JIzuuViLszDdeyBQZ4QNjYJJWIYI5M2O3G2', TIMESTAMP '2019-03-17 12:09:15.574', TRUE, 21, NULL, 13),
('$2a$10$1IdrGrRAN2Wp3U7QI.JIzuDl5QTomD0jkJDoG.VH7LgF6BaMi7mUu', TIMESTAMP '2019-03-17 12:09:15.808', TRUE, 21, NULL, 15),
('$2a$10$1IdrGrRAN2Wp3U7QI.JIzumrB8gg15WYrl/9Od2a/lKdcXxyoRqYe', TIMESTAMP '2019-03-17 12:09:16.043', TRUE, 21, '$2a$10$1IdrGrRAN2Wp3U7QI.JIzuIvB5fBvUb/y3tpzb1Xahzu9k87H3HZ.', 7),
('$2a$10$1IdrGrRAN2Wp3U7QI.JIzumF7aPaiUyhTd0m56K/SiA71ec5pLFu2', TIMESTAMP '2019-03-17 12:09:16.277', TRUE, 21, '$2a$10$1IdrGrRAN2Wp3U7QI.JIzueyGOu7FMMyyMJw3bvzEU2elpOrru8sy', 3),
('$2a$10$1IdrGrRAN2Wp3U7QI.JIzuaW/fGb8Z2mJgsKxYwe5.NrtAFNxSQVS', TIMESTAMP '2019-03-17 12:09:16.527', TRUE, 21, NULL, 5),
('$2a$10$1IdrGrRAN2Wp3U7QI.JIzu0U7xajdi9.MlI8tTpf7ZVQmMn3XTPaq', TIMESTAMP '2019-03-17 12:09:16.761', TRUE, 21, '$2a$10$1IdrGrRAN2Wp3U7QI.JIzumrB8gg15WYrl/9Od2a/lKdcXxyoRqYe', 10),
('$2a$10$1IdrGrRAN2Wp3U7QI.JIzuA2amXnXPKlVvjlg62SZ08/U45S1krWS', TIMESTAMP '2019-03-17 12:09:17.001', TRUE, 21, '$2a$10$1IdrGrRAN2Wp3U7QI.JIzumrB8gg15WYrl/9Od2a/lKdcXxyoRqYe', 11),
('$2a$10$1IdrGrRAN2Wp3U7QI.JIzuWb3cSZmVC9yx83VYQxwLFYSL5g8IoRy', TIMESTAMP '2019-03-17 12:09:17.235', TRUE, 21, '$2a$10$1IdrGrRAN2Wp3U7QI.JIzueyGOu7FMMyyMJw3bvzEU2elpOrru8sy', NULL),
('$2a$10$1IdrGrRAN2Wp3U7QI.JIzuaXivFiTa4cwzBq6IwpHyvmd9OIEIHwW', TIMESTAMP '2019-03-17 12:09:17.47', TRUE, 21, NULL, 9),
('$2a$10$1IdrGrRAN2Wp3U7QI.JIzuYTSKjBSu3cADo/STK5moSHUhn6NKcyS', TIMESTAMP '2019-03-17 12:09:17.704', TRUE, 21, NULL, 16),
('$2a$10$1IdrGrRAN2Wp3U7QI.JIzuYun6DCp3DqD0HkMSxupTiHcONZRP0YC', TIMESTAMP '2019-03-17 12:09:17.939', TRUE, 21, NULL, 20),
('$2a$10$1IdrGrRAN2Wp3U7QI.JIzuj/DUpsANoEk4usC10lyWBvgCY2jpdQ6', TIMESTAMP '2019-03-17 12:09:18.173', TRUE, 21, NULL, 18),
('$2a$10$1IdrGrRAN2Wp3U7QI.JIzukT2e4dWh2jhcsPdh.C5JEqMyz08zCoa', TIMESTAMP '2019-03-17 12:09:18.408', TRUE, 21, NULL, 14),
('$2a$10$1IdrGrRAN2Wp3U7QI.JIzuRe9KBAxYEu.ylAyhV50ek90rELSRGqG', TIMESTAMP '2019-03-17 12:09:18.642', TRUE, 21, NULL, 19),
('$2a$10$1IdrGrRAN2Wp3U7QI.JIzuQi87d/P3rgtaiDqqegSB4vu2sByXkly', TIMESTAMP '2019-03-17 12:09:18.876', FALSE, 21, '$2a$10$1IdrGrRAN2Wp3U7QI.JIzumrB8gg15WYrl/9Od2a/lKdcXxyoRqYe', 12);
CREATE MEMORY TABLE PUBLIC.COMMENTS(
ID BIGINT NOT NULL,
CREATED_AT TIMESTAMP NOT NULL,
UPDATED_AT TIMESTAMP NOT NULL,
COMMENT VARCHAR(255) NOT NULL,
CREATED_BY_ID BIGINT NOT NULL,
LAW_ID BIGINT NOT NULL,
PARENT_ID BIGINT
);
ALTER TABLE PUBLIC.COMMENTS ADD CONSTRAINT PUBLIC.CONSTRAINT_A PRIMARY KEY(ID);
-- 126 +/- SELECT COUNT(*) FROM PUBLIC.COMMENTS;
INSERT INTO PUBLIC.COMMENTS(ID, CREATED_AT, UPDATED_AT, COMMENT, CREATED_BY_ID, LAW_ID, PARENT_ID) VALUES
(194, TIMESTAMP '2019-03-16 12:09:00.291', TIMESTAMP '2019-03-16 12:09:00.291', 'Comment on root level. I really like this idea, but needs to be improved. 1552734540260', 6, 193, NULL),
(195, TIMESTAMP '2019-03-16 12:09:00.291', TIMESTAMP '2019-03-16 12:09:00.291', 'Reply 0 Lorem ipsum dolor sit amet, consectetur adipiscing elit, sed ', 5, 193, 194),
(196, TIMESTAMP '2019-03-16 12:09:00.291', TIMESTAMP '2019-03-16 12:09:00.291', 'Reply 1 Lorem ipsum dolor sit amet, consectetur ad', 15, 193, 194),
(197, TIMESTAMP '2019-03-16 12:09:00.291', TIMESTAMP '2019-03-16 12:09:00.291', 'Reply 2 Lorem ipsum dolor sit amet, consectetur adipiscing elit, sed do eiusm', 15, 193, 194),
(199, TIMESTAMP '2019-03-16 12:09:00.307', TIMESTAMP '2019-03-16 12:09:00.307', 'Comment on root level. I really like this idea, but needs to be improved. 1552734540307', 17, 198, NULL),
(200, TIMESTAMP '2019-03-16 12:09:00.307', TIMESTAMP '2019-03-16 12:09:00.307', 'Reply 0 Lorem ipsum dolor sit a', 10, 198, 199),
(201, TIMESTAMP '2019-03-16 12:09:00.307', TIMESTAMP '2019-03-16 12:09:00.307', 'Reply 1 Lorem ipsum dolor sit amet, consectetur adipiscing elit, sed do eiusmod tempo', 17, 198, 199),
(202, TIMESTAMP '2019-03-16 12:09:00.307', TIMESTAMP '2019-03-16 12:09:00.307', 'Reply 2 Lorem ipsum dolor sit amet, consectetur adip', 6, 198, 199),
(204, TIMESTAMP '2019-03-16 12:09:00.323', TIMESTAMP '2019-03-16 12:09:00.323', 'Comment on root level. I really like this idea, but needs to be improved. 1552734540323', 17, 203, NULL),
(205, TIMESTAMP '2019-03-16 12:09:00.323', TIMESTAMP '2019-03-16 12:09:00.323', 'Reply 0 Lorem ipsum dolor sit amet, consectetur adipiscing el', 6, 203, 204),
(206, TIMESTAMP '2019-03-16 12:09:00.323', TIMESTAMP '2019-03-16 12:09:00.323', 'Reply 1 Lorem ipsum dolor sit amet, consectetur adipiscing elit, sed do e', 10, 203, 204),
(207, TIMESTAMP '2019-03-16 12:09:00.323', TIMESTAMP '2019-03-16 12:09:00.323', 'Reply 2 Lorem ipsum dolor sit ', 5, 203, 204),
(208, TIMESTAMP '2019-03-16 12:09:00.323', TIMESTAMP '2019-03-16 12:09:00.323', 'Reply 3 Lorem ipsum dolor sit amet, consectetur adipiscing elit, se', 2, 203, 204),
(209, TIMESTAMP '2019-03-16 12:09:00.323', TIMESTAMP '2019-03-16 12:09:00.323', 'Reply 4 Lorem ipsum dolor sit amet, c', 20, 203, 204),
(211, TIMESTAMP '2019-03-16 12:09:00.338', TIMESTAMP '2019-03-16 12:09:00.338', 'Comment on root level. I really like this idea, but needs to be improved. 1552734540338', 14, 210, NULL),
(212, TIMESTAMP '2019-03-16 12:09:00.338', TIMESTAMP '2019-03-16 12:09:00.338', 'Reply 0 Lorem ipsum dolor sit amet, c', 2, 210, 211),
(213, TIMESTAMP '2019-03-16 12:09:00.338', TIMESTAMP '2019-03-16 12:09:00.338', 'Reply 1 Lorem ipsum dolor sit amet, consectetur adipiscing el', 8, 210, 211),
(214, TIMESTAMP '2019-03-16 12:09:00.338', TIMESTAMP '2019-03-16 12:09:00.338', 'Reply 2 Lorem ipsum dolor sit amet, consectetur adipiscing elit, sed do eiusmod tempor incididunt ut', 16, 210, 211),
(215, TIMESTAMP '2019-03-16 12:09:00.338', TIMESTAMP '2019-03-16 12:09:00.338', 'Reply 3 Lorem ipsum dolor sit amet, consectetur adipiscing elit, sed do eiusmod tempor incididunt', 3, 210, 211),
(217, TIMESTAMP '2019-03-16 12:09:00.354', TIMESTAMP '2019-03-16 12:09:00.354', 'Comment on root level. I really like this idea, but needs to be improved. 1552734540354', 6, 216, NULL),
(218, TIMESTAMP '2019-03-16 12:09:00.354', TIMESTAMP '2019-03-16 12:09:00.354', 'Reply 0 Lorem ipsum dolor sit amet, consectetur adipiscing elit, sed do eiusmod tempor ', 4, 216, 217),
(219, TIMESTAMP '2019-03-16 12:09:00.354', TIMESTAMP '2019-03-16 12:09:00.354', 'Reply 1 Lorem ipsum dolor sit amet, ', 9, 216, 217),
(220, TIMESTAMP '2019-03-16 12:09:00.354', TIMESTAMP '2019-03-16 12:09:00.354', 'Reply 2 Lorem ipsum dolor sit amet, consectetur adipiscing elit, sed do eiu', 19, 216, 217),
(221, TIMESTAMP '2019-03-16 12:09:00.354', TIMESTAMP '2019-03-16 12:09:00.354', 'Reply 3 Lorem ipsum dolor sit amet, c', 8, 216, 217),
(232, TIMESTAMP '2019-03-16 12:09:08.62', TIMESTAMP '2019-03-16 12:09:08.62', 'Comment on root level. I really like this idea, but needs to be improved. 1552734548620', 12, 231, NULL);
INSERT INTO PUBLIC.COMMENTS(ID, CREATED_AT, UPDATED_AT, COMMENT, CREATED_BY_ID, LAW_ID, PARENT_ID) VALUES
(233, TIMESTAMP '2019-03-16 12:09:08.62', TIMESTAMP '2019-03-16 12:09:08.62', 'Reply 0 Lorem ipsum dolor sit amet, consectetu', 9, 231, 232),
(234, TIMESTAMP '2019-03-16 12:09:08.62', TIMESTAMP '2019-03-16 12:09:08.62', 'Reply 1 Lorem ipsum dolor sit amet, consectetur adipiscing elit, sed do eiusmod tempor incidid', 13, 231, 232),
(239, TIMESTAMP '2019-03-16 12:09:08.651', TIMESTAMP '2019-03-16 12:09:08.651', 'Comment on root level. I really like this idea, but needs to be improved. 1552734548651', 15, 238, NULL),
(240, TIMESTAMP '2019-03-16 12:09:08.667', TIMESTAMP '2019-03-16 12:09:08.667', 'Reply 0 Lorem ipsum dolor sit amet, consectetur adipiscing', 6, 238, 239),
(241, TIMESTAMP '2019-03-16 12:09:08.667', TIMESTAMP '2019-03-16 12:09:08.667', 'Reply 1 Lorem ipsum dolor sit amet, consectetur adipiscing elit, sed do eiusmod ', 3, 238, 239),
(242, TIMESTAMP '2019-03-16 12:09:08.667', TIMESTAMP '2019-03-16 12:09:08.667', 'Reply 2 Lorem ipsum dolor sit amet, consectetur a', 7, 238, 239),
(243, TIMESTAMP '2019-03-16 12:09:08.667', TIMESTAMP '2019-03-16 12:09:08.667', 'Reply 3 Lorem ipsum dolor sit amet, consectetur adipiscing elit, sed do eiusmod tempor incididunt', 8, 238, 239),
(244, TIMESTAMP '2019-03-16 12:09:08.667', TIMESTAMP '2019-03-16 12:09:08.667', 'Reply 4 Lorem ipsum dolor sit amet, consectetur adipiscing elit, sed do eiusmod tempor incididunt ', 19, 238, 239),
(245, TIMESTAMP '2019-03-16 12:09:08.667', TIMESTAMP '2019-03-16 12:09:08.667', 'Reply 5 Lorem ipsum dolor sit amet, cons', 11, 238, 239),
(247, TIMESTAMP '2019-03-16 12:09:08.776', TIMESTAMP '2019-03-16 12:09:08.776', 'Comment on root level. I really like this idea, but needs to be improved. 1552734548776', 20, 246, NULL),
(248, TIMESTAMP '2019-03-16 12:09:08.776', TIMESTAMP '2019-03-16 12:09:08.776', 'Reply 0 Lorem ipsum dolor sit amet, consectetur adipiscing elit, sed do eiusmod tempor incididunt ut l', 2, 246, 247),
(249, TIMESTAMP '2019-03-16 12:09:08.776', TIMESTAMP '2019-03-16 12:09:08.776', 'Reply 1 Lorem ipsum dolor sit amet, con', 16, 246, 247),
(251, TIMESTAMP '2019-03-16 12:09:08.838', TIMESTAMP '2019-03-16 12:09:08.838', 'Comment on root level. I really like this idea, but needs to be improved. 1552734548838', 11, 250, NULL),
(252, TIMESTAMP '2019-03-16 12:09:08.838', TIMESTAMP '2019-03-16 12:09:08.838', 'Reply 0 Lorem ipsum dolor sit amet, consectetur adi', 18, 250, 251),
(253, TIMESTAMP '2019-03-16 12:09:08.838', TIMESTAMP '2019-03-16 12:09:08.838', 'Reply 1 Lorem ipsum dolor sit amet, consectetur adipiscing elit, sed do eiusmod tempor incididunt ut ', 13, 250, 251),
(254, TIMESTAMP '2019-03-16 12:09:08.838', TIMESTAMP '2019-03-16 12:09:08.838', 'Reply 2 Lorem ipsum dolor sit amet, consectetur adipiscing elit, sed do eiusmod tempor incididunt ut lab', 15, 250, 251),
(255, TIMESTAMP '2019-03-16 12:09:08.838', TIMESTAMP '2019-03-16 12:09:08.838', 'Reply 3 Lorem ipsum dolor sit amet, cons', 15, 250, 251),
(256, TIMESTAMP '2019-03-16 12:09:08.838', TIMESTAMP '2019-03-16 12:09:08.838', 'Reply 4 Lorem ipsum dolor sit amet, consectetur adipiscing elit, sed do eiusmod tempor incididunt ', 12, 250, 251),
(257, TIMESTAMP '2019-03-16 12:09:08.838', TIMESTAMP '2019-03-16 12:09:08.838', 'Reply 5 Lorem ipsum dolor sit am', 4, 250, 251),
(259, TIMESTAMP '2019-03-16 12:09:08.87', TIMESTAMP '2019-03-16 12:09:08.87', 'Comment on root level. I really like this idea, but needs to be improved. 1552734548870', 16, 258, NULL),
(260, TIMESTAMP '2019-03-16 12:09:08.87', TIMESTAMP '2019-03-16 12:09:08.87', 'Reply 0 Lorem ipsum dolor sit amet, consectetur adipiscing elit, ', 15, 258, 259),
(261, TIMESTAMP '2019-03-16 12:09:08.87', TIMESTAMP '2019-03-16 12:09:08.87', 'Reply 1 Lorem ipsum do', 16, 258, 259),
(262, TIMESTAMP '2019-03-16 12:09:08.87', TIMESTAMP '2019-03-16 12:09:08.87', 'Reply 2 Lorem ipsum dolo', 17, 258, 259),
(263, TIMESTAMP '2019-03-16 12:09:08.87', TIMESTAMP '2019-03-16 12:09:08.87', 'Reply 3 Lorem ipsum dolor sit amet, consectetur adipiscing elit, sed do eiusmod ', 13, 258, 259);
INSERT INTO PUBLIC.COMMENTS(ID, CREATED_AT, UPDATED_AT, COMMENT, CREATED_BY_ID, LAW_ID, PARENT_ID) VALUES
(265, TIMESTAMP '2019-03-16 12:09:08.917', TIMESTAMP '2019-03-16 12:09:08.917', 'Comment on root level. I really like this idea, but needs to be improved. 1552734548917', 19, 264, NULL),
(266, TIMESTAMP '2019-03-16 12:09:08.917', TIMESTAMP '2019-03-16 12:09:08.917', 'Reply 0 Lorem ipsum dolor sit amet, consectetur ', 11, 264, 265),
(267, TIMESTAMP '2019-03-16 12:09:08.917', TIMESTAMP '2019-03-16 12:09:08.917', 'Reply 1 Lorem ipsum dolor sit amet, consectetur adipiscing elit, sed do eiusmod tempor', 17, 264, 265),
(268, TIMESTAMP '2019-03-16 12:09:08.917', TIMESTAMP '2019-03-16 12:09:08.917', 'Reply 2 Lorem ipsum dolor sit amet, consectetur adipiscing elit, sed do ', 19, 264, 265),
(269, TIMESTAMP '2019-03-16 12:09:08.917', TIMESTAMP '2019-03-16 12:09:08.917', 'Reply 3 Lorem ipsum dolo', 20, 264, 265),
(272, TIMESTAMP '2019-03-16 12:09:08.932', TIMESTAMP '2019-03-16 12:09:08.932', 'Comment on root level. I really like this idea, but needs to be improved. 1552734548932', 9, 271, NULL),
(273, TIMESTAMP '2019-03-16 12:09:08.932', TIMESTAMP '2019-03-16 12:09:08.932', 'Reply 0 Lorem ipsum', 4, 271, 272),
(274, TIMESTAMP '2019-03-16 12:09:08.932', TIMESTAMP '2019-03-16 12:09:08.932', 'Reply 1 Lorem ipsum dolor sit amet, consectetur adipiscing elit, sed d', 18, 271, 272),
(275, TIMESTAMP '2019-03-16 12:09:08.948', TIMESTAMP '2019-03-16 12:09:08.948', 'Reply 2 Lorem ipsum dolor sit amet, consectetur adipiscing elit, sed do eiusmod tempor i', 2, 271, 272),
(276, TIMESTAMP '2019-03-16 12:09:08.948', TIMESTAMP '2019-03-16 12:09:08.948', 'Reply 3 Lorem ipsum dolor sit amet,', 12, 271, 272),
(277, TIMESTAMP '2019-03-16 12:09:08.948', TIMESTAMP '2019-03-16 12:09:08.948', 'Reply 4 Lorem ipsum dolor sit amet, consectetur adipiscing elit, ', 19, 271, 272),
(278, TIMESTAMP '2019-03-16 12:09:08.948', TIMESTAMP '2019-03-16 12:09:08.948', 'Reply 5 Lorem ipsum dolor ', 18, 271, 272),
(280, TIMESTAMP '2019-03-16 12:09:08.979', TIMESTAMP '2019-03-16 12:09:08.979', 'Comment on root level. I really like this idea, but needs to be improved. 1552734548979', 9, 279, NULL),
(281, TIMESTAMP '2019-03-16 12:09:08.979', TIMESTAMP '2019-03-16 12:09:08.979', 'Reply 0 Lorem ipsum dolor sit amet, consectetur ad', 18, 279, 280),
(282, TIMESTAMP '2019-03-16 12:09:08.979', TIMESTAMP '2019-03-16 12:09:08.979', 'Reply 1 Lorem ipsum dolor sit amet, consectetur adipiscing elit, sed d', 19, 279, 280),
(284, TIMESTAMP '2019-03-16 12:09:08.995', TIMESTAMP '2019-03-16 12:09:08.995', 'Comment on root level. I really like this idea, but needs to be improved. 1552734548995', 13, 283, NULL),
(285, TIMESTAMP '2019-03-16 12:09:09.01', TIMESTAMP '2019-03-16 12:09:09.01', 'Reply 0 Lorem ipsum dolor sit amet, consectetur adipiscing elit, sed do eiusmod tempor incididu', 15, 283, 284),
(286, TIMESTAMP '2019-03-16 12:09:09.01', TIMESTAMP '2019-03-16 12:09:09.01', 'Reply 1 Lorem ipsum dolor sit amet, consectetur adipiscing elit, sed do', 14, 283, 284),
(288, TIMESTAMP '2019-03-16 12:09:09.042', TIMESTAMP '2019-03-16 12:09:09.042', 'Comment on root level. I really like this idea, but needs to be improved. 1552734549042', 12, 287, NULL),
(289, TIMESTAMP '2019-03-16 12:09:09.057', TIMESTAMP '2019-03-16 12:09:09.057', 'Reply 0 Lorem ipsum dolor sit amet, consectetu', 5, 287, 288),
(290, TIMESTAMP '2019-03-16 12:09:09.057', TIMESTAMP '2019-03-16 12:09:09.057', 'Reply 1 Lorem ipsum dolo', 16, 287, 288),
(291, TIMESTAMP '2019-03-16 12:09:09.057', TIMESTAMP '2019-03-16 12:09:09.057', 'Reply 2 Lorem ipsum dolor sit amet, consectetur adipiscing elit, sed do eiusmod tempor incididun', 12, 287, 288),
(292, TIMESTAMP '2019-03-16 12:09:09.057', TIMESTAMP '2019-03-16 12:09:09.057', 'Reply 3 Lorem ipsum dolor sit amet, consectetur adipiscing elit, sed do eiusmod tempor incididunt ut l', 13, 287, 288),
(293, TIMESTAMP '2019-03-16 12:09:09.057', TIMESTAMP '2019-03-16 12:09:09.057', 'Reply 4 Lorem ipsum dolor sit amet, consectetur ad', 4, 287, 288),
(294, TIMESTAMP '2019-03-16 12:09:09.057', TIMESTAMP '2019-03-16 12:09:09.057', 'Reply 5 Lorem ipsum dolor sit ', 13, 287, 288);
INSERT INTO PUBLIC.COMMENTS(ID, CREATED_AT, UPDATED_AT, COMMENT, CREATED_BY_ID, LAW_ID, PARENT_ID) VALUES
(296, TIMESTAMP '2019-03-16 12:09:09.213', TIMESTAMP '2019-03-16 12:09:09.213', 'Comment on root level. I really like this idea, but needs to be improved. 1552734549198', 4, 295, NULL),
(297, TIMESTAMP '2019-03-16 12:09:09.213', TIMESTAMP '2019-03-16 12:09:09.213', 'Reply 0 Lorem ipsum dolor sit amet, consectetur adipiscing elit, se', 16, 295, 296),
(298, TIMESTAMP '2019-03-16 12:09:09.213', TIMESTAMP '2019-03-16 12:09:09.213', 'Reply 1 Lorem ipsum dolor sit amet, consectetur adipiscing elit, sed do eiu', 20, 295, 296),
(299, TIMESTAMP '2019-03-16 12:09:09.213', TIMESTAMP '2019-03-16 12:09:09.213', 'Reply 2 Lorem ipsum dolor sit amet, c', 11, 295, 296),
(300, TIMESTAMP '2019-03-16 12:09:09.213', TIMESTAMP '2019-03-16 12:09:09.213', 'Reply 3 Lorem ipsum dolor sit amet, consectetur adipiscing elit, sed do eiusmod tempor inci', 10, 295, 296),
(301, TIMESTAMP '2019-03-16 12:09:09.213', TIMESTAMP '2019-03-16 12:09:09.213', 'Reply 4 Lorem ipsum dolor sit amet, consectetur adipiscin', 18, 295, 296),
(304, TIMESTAMP '2019-03-16 12:09:09.229', TIMESTAMP '2019-03-16 12:09:09.229', 'Comment on root level. I really like this idea, but needs to be improved. 1552734549229', 20, 303, NULL),
(305, TIMESTAMP '2019-03-16 12:09:09.229', TIMESTAMP '2019-03-16 12:09:09.229', 'Reply 0 Lorem ipsum dolor sit amet, consectetur adipiscing elit, sed do eiusmod tempor incididu', 10, 303, 304),
(306, TIMESTAMP '2019-03-16 12:09:09.229', TIMESTAMP '2019-03-16 12:09:09.229', 'Reply 1 Lorem ipsum dolor sit amet, consectetur adipiscing elit, sed do eiusmod tempor ', 4, 303, 304),
(307, TIMESTAMP '2019-03-16 12:09:09.229', TIMESTAMP '2019-03-16 12:09:09.229', 'Reply 2 Lorem ipsum dolor sit amet, consectetur adipiscing elit, ', 1, 303, 304),
(308, TIMESTAMP '2019-03-16 12:09:09.229', TIMESTAMP '2019-03-16 12:09:09.229', 'Reply 3 Lorem ipsum dolor sit amet, consectetur adipiscing elit, sed d', 5, 303, 304),
(309, TIMESTAMP '2019-03-16 12:09:09.229', TIMESTAMP '2019-03-16 12:09:09.229', 'Reply 4 Lorem ipsum', 13, 303, 304),
(311, TIMESTAMP '2019-03-16 12:09:09.276', TIMESTAMP '2019-03-16 12:09:09.276', 'Comment on root level. I really like this idea, but needs to be improved. 1552734549276', 12, 310, NULL),
(312, TIMESTAMP '2019-03-16 12:09:09.276', TIMESTAMP '2019-03-16 12:09:09.276', 'Reply 0 Lorem ipsum dolor sit amet, consectetur ', 2, 310, 311),
(313, TIMESTAMP '2019-03-16 12:09:09.276', TIMESTAMP '2019-03-16 12:09:09.276', 'Reply 1 Lorem ipsum dolor sit amet, consectetur adipiscing elit, s', 17, 310, 311),
(314, TIMESTAMP '2019-03-16 12:09:09.276', TIMESTAMP '2019-03-16 12:09:09.276', 'Reply 2 Lorem ipsum dolor sit amet, consectetur adipisc', 9, 310, 311),
(315, TIMESTAMP '2019-03-16 12:09:09.276', TIMESTAMP '2019-03-16 12:09:09.276', 'Reply 3 Lorem ipsum dolor sit amet, consectetur adipiscing elit, sed do eiusmod tempor inci', 17, 310, 311),
(316, TIMESTAMP '2019-03-16 12:09:09.276', TIMESTAMP '2019-03-16 12:09:09.276', 'Reply 4 Lorem ipsum dolor sit amet', 12, 310, 311),
(317, TIMESTAMP '2019-03-16 12:09:09.276', TIMESTAMP '2019-03-16 12:09:09.276', 'Reply 5 Lorem ipsum dolor sit amet, consectetur adi', 18, 310, 311),
(319, TIMESTAMP '2019-03-16 12:09:09.323', TIMESTAMP '2019-03-16 12:09:09.323', 'Comment on root level. I really like this idea, but needs to be improved. 1552734549323', 19, 318, NULL),
(320, TIMESTAMP '2019-03-16 12:09:09.338', TIMESTAMP '2019-03-16 12:09:09.338', 'Reply 0 Lorem ipsum dolor sit amet, consectetur adipiscing elit, sed do eiu', 16, 318, 319),
(321, TIMESTAMP '2019-03-16 12:09:09.338', TIMESTAMP '2019-03-16 12:09:09.338', 'Reply 1 Lorem ipsum dolor sit amet, consectetur adipiscing elit, sed do eiusmo', 17, 318, 319),
(322, TIMESTAMP '2019-03-16 12:09:09.338', TIMESTAMP '2019-03-16 12:09:09.338', 'Reply 2 Lorem ipsum dolor sit amet, consectetur adipiscing elit, sed do ', 4, 318, 319),
(323, TIMESTAMP '2019-03-16 12:09:09.338', TIMESTAMP '2019-03-16 12:09:09.338', 'Reply 3 Lorem ipsum dolor sit amet, consectetur adipi', 6, 318, 319);
INSERT INTO PUBLIC.COMMENTS(ID, CREATED_AT, UPDATED_AT, COMMENT, CREATED_BY_ID, LAW_ID, PARENT_ID) VALUES
(325, TIMESTAMP '2019-03-16 12:09:09.385', TIMESTAMP '2019-03-16 12:09:09.385', 'Comment on root level. I really like this idea, but needs to be improved. 1552734549385', 18, 324, NULL),
(326, TIMESTAMP '2019-03-16 12:09:09.385', TIMESTAMP '2019-03-16 12:09:09.385', 'Reply 0 Lorem ipsum dol', 18, 324, 325),
(327, TIMESTAMP '2019-03-16 12:09:09.385', TIMESTAMP '2019-03-16 12:09:09.385', 'Reply 1 Lorem ipsum dolor sit amet, con', 16, 324, 325),
(328, TIMESTAMP '2019-03-16 12:09:09.385', TIMESTAMP '2019-03-16 12:09:09.385', 'Reply 2 Lorem ipsum dolor sit amet, consectetur adipiscing elit, sed do eiusmod t', 18, 324, 325),
(346, TIMESTAMP '2019-03-16 12:09:15.199', TIMESTAMP '2019-03-16 12:09:15.199', 'Comment on root level. I really like this idea, but needs to be improved. 1552734555199', 12, 345, NULL),
(347, TIMESTAMP '2019-03-16 12:09:15.199', TIMESTAMP '2019-03-16 12:09:15.199', 'Reply 0 Lorem ipsum dolor sit amet, consectetur adipiscing elit, sed do eiusmod tem', 15, 345, 346),
(348, TIMESTAMP '2019-03-16 12:09:15.199', TIMESTAMP '2019-03-16 12:09:15.199', 'Reply 1 Lorem ipsum dolor sit amet, consectetur adipiscing elit, sed do ei', 13, 345, 346),
(349, TIMESTAMP '2019-03-16 12:09:15.199', TIMESTAMP '2019-03-16 12:09:15.199', 'Reply 2 Lorem ipsum dolor sit amet, consectetur adipiscing elit, se', 17, 345, 346),
(350, TIMESTAMP '2019-03-16 12:09:15.199', TIMESTAMP '2019-03-16 12:09:15.199', 'Reply 3 Lorem ipsum dolor sit amet, consectetur adipiscing elit, sed do eiusmo', 16, 345, 346),
(353, TIMESTAMP '2019-03-16 12:09:15.215', TIMESTAMP '2019-03-16 12:09:15.215', 'Comment on root level. I really like this idea, but needs to be improved. 1552734555215', 10, 352, NULL),
(354, TIMESTAMP '2019-03-16 12:09:15.215', TIMESTAMP '2019-03-16 12:09:15.215', 'Reply 0 Lorem ipsum dolor sit amet, consectetur adipiscing elit, sed do ei', 9, 352, 353),
(355, TIMESTAMP '2019-03-16 12:09:15.215', TIMESTAMP '2019-03-16 12:09:15.215', 'Reply 1 Lorem ipsum dolor sit amet, consectetur adipiscing eli', 20, 352, 353),
(356, TIMESTAMP '2019-03-16 12:09:15.215', TIMESTAMP '2019-03-16 12:09:15.215', 'Reply 2 Lorem ipsum dolor sit amet, consectetur adipiscing elit, sed do eiusmod tempor incididunt ut lab', 16, 352, 353),
(357, TIMESTAMP '2019-03-16 12:09:15.215', TIMESTAMP '2019-03-16 12:09:15.215', 'Reply 3 Lorem ipsum dolor sit amet, consectetur adipiscing elit, sed do ei', 6, 352, 353),
(359, TIMESTAMP '2019-03-16 12:09:15.246', TIMESTAMP '2019-03-16 12:09:15.246', 'Comment on root level. I really like this idea, but needs to be improved. 1552734555246', 19, 358, NULL),
(360, TIMESTAMP '2019-03-16 12:09:15.246', TIMESTAMP '2019-03-16 12:09:15.246', 'Reply 0 Lorem ipsum dolor sit amet, consectetur adipisc', 16, 358, 359),
(361, TIMESTAMP '2019-03-16 12:09:15.246', TIMESTAMP '2019-03-16 12:09:15.246', 'Reply 1 Lorem ipsum dolor sit amet, co', 14, 358, 359),
(362, TIMESTAMP '2019-03-16 12:09:15.246', TIMESTAMP '2019-03-16 12:09:15.246', 'Reply 2 Lorem ipsum dolor sit amet, consectetur adipiscing eli', 2, 358, 359),
(364, TIMESTAMP '2019-03-16 12:09:15.277', TIMESTAMP '2019-03-16 12:09:15.277', 'Comment on root level. I really like this idea, but needs to be improved. 1552734555277', 2, 363, NULL),
(365, TIMESTAMP '2019-03-16 12:09:15.277', TIMESTAMP '2019-03-16 12:09:15.277', 'Reply 0 Lorem ipsum dolor sit amet', 14, 363, 364),
(366, TIMESTAMP '2019-03-16 12:09:15.277', TIMESTAMP '2019-03-16 12:09:15.277', 'Reply 1 Lorem ipsum dolor sit amet, consectetur adipiscing elit, sed do', 10, 363, 364),
(367, TIMESTAMP '2019-03-16 12:09:15.277', TIMESTAMP '2019-03-16 12:09:15.277', 'Reply 2 Lorem ipsum dolor sit amet, consectetur adipiscing elit, sed do eiusmod tempor incid', 19, 363, 364),
(368, TIMESTAMP '2019-03-16 12:09:15.277', TIMESTAMP '2019-03-16 12:09:15.277', 'Reply 3 Lorem ipsum dolor sit amet, consectetur adipiscing elit', 3, 363, 364),
(369, TIMESTAMP '2019-03-16 12:09:15.277', TIMESTAMP '2019-03-16 12:09:15.277', 'Reply 4 Lorem ipsum dolor sit amet, consectetur adipiscing elit, sed do eiusmod tempor incididunt u', 5, 363, 364);
INSERT INTO PUBLIC.COMMENTS(ID, CREATED_AT, UPDATED_AT, COMMENT, CREATED_BY_ID, LAW_ID, PARENT_ID) VALUES
(371, TIMESTAMP '2019-03-16 12:09:15.293', TIMESTAMP '2019-03-16 12:09:15.293', 'Comment on root level. I really like this idea, but needs to be improved. 1552734555293', 16, 370, NULL),
(372, TIMESTAMP '2019-03-16 12:09:15.293', TIMESTAMP '2019-03-16 12:09:15.293', 'Reply 0 Lorem ipsum dolor sit amet, consectetur adipiscing elit, sed d', 18, 370, 371),
(373, TIMESTAMP '2019-03-16 12:09:15.308', TIMESTAMP '2019-03-16 12:09:15.308', 'Reply 1 Lorem ipsum dolor sit amet', 11, 370, 371),
(374, TIMESTAMP '2019-03-16 12:09:15.308', TIMESTAMP '2019-03-16 12:09:15.308', 'Reply 2 Lorem ipsum dolor sit ', 18, 370, 371);
CREATE MEMORY TABLE PUBLIC.COMMENTS_DOWN_VOTERS(
COMMENT_MODEL_ID BIGINT NOT NULL,
DOWN_VOTERS_ID BIGINT NOT NULL
);
ALTER TABLE PUBLIC.COMMENTS_DOWN_VOTERS ADD CONSTRAINT PUBLIC.CONSTRAINT_2 PRIMARY KEY(COMMENT_MODEL_ID, DOWN_VOTERS_ID);
-- 319 +/- SELECT COUNT(*) FROM PUBLIC.COMMENTS_DOWN_VOTERS;
INSERT INTO PUBLIC.COMMENTS_DOWN_VOTERS(COMMENT_MODEL_ID, DOWN_VOTERS_ID) VALUES
(194, 18),
(194, 3),
(194, 12),
(195, 17),
(195, 7),
(196, 2),
(196, 8),
(196, 18),
(196, 7),
(196, 3),
(197, 1),
(197, 16),
(197, 15),
(199, 8),
(199, 3),
(200, 20),
(200, 1),
(200, 15),
(201, 4),
(201, 13),
(201, 16),
(202, 5),
(204, 13),
(205, 15),
(205, 5),
(206, 20),
(206, 15),
(207, 10),
(208, 4),
(208, 2),
(208, 8),
(208, 17),
(208, 5),
(209, 17),
(209, 14),
(211, 13),
(211, 10),
(212, 2),
(212, 16),
(212, 15),
(213, 11),
(213, 18),
(215, 1),
(215, 19),
(217, 15),
(217, 9),
(218, 20),
(218, 10),
(218, 16),
(220, 2),
(220, 13),
(220, 7),
(220, 10),
(221, 17),
(221, 14),
(221, 7),
(221, 10),
(221, 3),
(232, 18),
(232, 20),
(232, 7),
(233, 2),
(233, 16),
(233, 9),
(234, 20),
(234, 5),
(239, 2),
(239, 8),
(239, 17),
(239, 20),
(239, 16),
(239, 9),
(240, 13),
(240, 6),
(240, 8),
(240, 10),
(240, 3),
(241, 2),
(241, 7),
(241, 10),
(242, 10),
(243, 6),
(243, 3),
(244, 11),
(245, 2),
(247, 13),
(247, 17),
(247, 15),
(248, 13),
(248, 11),
(248, 17),
(248, 7),
(248, 10),
(248, 3),
(249, 13),
(251, 2),
(251, 9),
(252, 4),
(252, 20),
(252, 10),
(252, 16),
(252, 9),
(253, 2),
(253, 6),
(253, 7),
(254, 17),
(254, 7),
(254, 16),
(255, 18),
(255, 19),
(255, 15),
(256, 11),
(257, 15),
(259, 11),
(259, 7),
(259, 3),
(259, 16),
(260, 11),
(260, 17),
(260, 14),
(260, 7),
(260, 16),
(260, 15),
(261, 19),
(261, 15),
(261, 9),
(266, 2),
(266, 19),
(267, 6),
(267, 18),
(267, 15),
(268, 4),
(268, 6),
(268, 18),
(272, 12),
(273, 19),
(273, 12),
(273, 9),
(274, 6),
(274, 14),
(274, 10),
(274, 19),
(274, 15),
(276, 15),
(276, 12),
(277, 7),
(278, 2),
(278, 8),
(278, 17),
(278, 3),
(278, 16),
(280, 18),
(280, 20),
(280, 1),
(280, 5),
(281, 20),
(281, 10),
(281, 15),
(282, 4),
(282, 3),
(282, 15),
(284, 2),
(284, 3),
(285, 2),
(285, 6),
(285, 16),
(286, 13),
(286, 12),
(288, 16),
(288, 12),
(289, 2),
(289, 12),
(290, 20),
(290, 19),
(291, 6),
(291, 20),
(292, 6),
(292, 17),
(292, 15),
(293, 13),
(293, 3),
(293, 5),
(294, 8),
(294, 14),
(296, 13),
(297, 13),
(297, 16),
(299, 18),
(300, 2),
(300, 14),
(300, 10),
(300, 5),
(301, 14),
(301, 1),
(304, 17),
(304, 20),
(304, 5),
(305, 2),
(306, 8),
(306, 10),
(306, 16),
(306, 15),
(307, 20),
(308, 6),
(309, 11),
(309, 14),
(309, 19),
(309, 16),
(311, 18),
(311, 5),
(312, 6),
(312, 19),
(312, 5),
(313, 2),
(313, 7),
(313, 3),
(313, 16),
(314, 2),
(314, 9),
(315, 2),
(315, 15),
(315, 5),
(316, 4),
(316, 6),
(316, 11),
(316, 5),
(317, 6),
(317, 17),
(319, 4),
(319, 18),
(319, 9),
(320, 6),
(320, 11),
(320, 18),
(320, 1),
(320, 19),
(321, 4),
(321, 18),
(321, 20),
(322, 12),
(323, 8),
(323, 20),
(323, 1),
(325, 18),
(325, 1),
(326, 6),
(326, 7),
(326, 19),
(326, 5),
(327, 20),
(328, 13),
(328, 14),
(328, 10),
(346, 11),
(346, 12),
(347, 14),
(347, 10),
(347, 16),
(348, 6),
(348, 8),
(348, 1),
(349, 11),
(350, 16),
(353, 7),
(353, 9),
(354, 11),
(354, 20),
(354, 5),
(355, 18),
(355, 9),
(356, 2),
(356, 14),
(356, 19),
(356, 5),
(357, 10),
(357, 12),
(357, 9),
(359, 2),
(359, 13),
(359, 10),
(359, 15),
(360, 18),
(360, 7),
(360, 14),
(360, 16),
(360, 5),
(361, 8),
(361, 11),
(361, 3),
(361, 19),
(361, 15),
(364, 18),
(365, 19),
(365, 16),
(365, 15),
(366, 13),
(366, 16),
(367, 13),
(367, 3),
(367, 5),
(367, 9),
(368, 18),
(368, 5),
(369, 6),
(369, 8),
(369, 18),
(369, 7),
(369, 15),
(369, 12),
(372, 1),
(372, 16),
(373, 6),
(373, 18),
(373, 17),
(373, 20),
(373, 19),
(374, 8),
(374, 14),
(374, 10);
CREATE MEMORY TABLE PUBLIC.COMMENTS_UP_VOTERS(
COMMENT_MODEL_ID BIGINT NOT NULL,
UP_VOTERS_ID BIGINT NOT NULL
);
ALTER TABLE PUBLIC.COMMENTS_UP_VOTERS ADD CONSTRAINT PUBLIC.CONSTRAINT_20 PRIMARY KEY(COMMENT_MODEL_ID, UP_VOTERS_ID);
-- 331 +/- SELECT COUNT(*) FROM PUBLIC.COMMENTS_UP_VOTERS;
INSERT INTO PUBLIC.COMMENTS_UP_VOTERS(COMMENT_MODEL_ID, UP_VOTERS_ID) VALUES
(194, 4),
(194, 13),
(194, 17),
(194, 3),
(195, 11),
(195, 1),
(195, 3),
(195, 9),
(196, 8),
(196, 20),
(196, 19),
(197, 4),
(197, 17),
(197, 19),
(197, 15),
(199, 2),
(199, 13),
(199, 7),
(200, 6),
(200, 1),
(200, 16),
(200, 5),
(201, 17),
(201, 14),
(201, 3),
(202, 7),
(202, 12),
(202, 9),
(204, 16),
(205, 4),
(205, 13),
(205, 5),
(207, 8),
(207, 1),
(207, 12),
(209, 19),
(211, 14),
(211, 1),
(212, 7),
(212, 1),
(212, 3),
(212, 12),
(212, 9),
(213, 4),
(213, 2),
(213, 5),
(214, 8),
(214, 12),
(214, 5),
(215, 3),
(215, 12),
(217, 18),
(217, 17),
(217, 7),
(218, 13),
(218, 6),
(218, 1),
(218, 3),
(218, 19),
(219, 3),
(219, 5),
(220, 17),
(220, 12),
(221, 8),
(221, 19),
(221, 9),
(232, 7),
(232, 1),
(232, 3),
(233, 13),
(233, 7),
(234, 2),
(234, 5),
(239, 4),
(239, 11),
(239, 10),
(239, 1),
(239, 19),
(240, 18),
(241, 6),
(241, 8),
(241, 9),
(242, 20),
(242, 7),
(242, 3),
(242, 5),
(243, 6),
(243, 11),
(243, 16),
(243, 5),
(244, 2),
(245, 13),
(245, 8),
(245, 7),
(245, 10),
(247, 6),
(247, 20),
(247, 15),
(247, 12),
(249, 18),
(249, 15),
(251, 13),
(251, 6),
(251, 11),
(251, 17),
(251, 5),
(252, 6),
(252, 18),
(252, 10),
(252, 12),
(252, 5),
(253, 8),
(253, 12),
(254, 4),
(254, 2),
(254, 20),
(254, 14),
(254, 16),
(255, 20),
(255, 10),
(255, 19),
(255, 16),
(255, 9),
(256, 10),
(257, 8),
(257, 3),
(257, 5),
(261, 4),
(262, 4),
(262, 13),
(262, 18),
(262, 3),
(262, 12),
(262, 5),
(263, 16),
(265, 7),
(266, 4),
(266, 6),
(266, 8),
(266, 1),
(266, 9),
(267, 2),
(267, 6),
(268, 4),
(268, 11),
(268, 7),
(268, 19),
(268, 12),
(268, 5),
(269, 6),
(269, 11),
(269, 8),
(269, 15),
(272, 20),
(273, 4),
(273, 8),
(273, 7),
(273, 1),
(274, 8),
(274, 18),
(274, 20),
(274, 7),
(274, 15),
(274, 5),
(276, 5),
(278, 4),
(278, 2),
(278, 16),
(280, 8),
(280, 16),
(281, 8),
(281, 18),
(281, 15),
(282, 14),
(282, 1),
(284, 11),
(284, 17),
(284, 19),
(285, 20),
(285, 15),
(286, 15),
(288, 4),
(288, 10),
(288, 1),
(290, 6),
(290, 3),
(290, 19),
(293, 6),
(293, 8),
(293, 9),
(294, 4),
(294, 11),
(294, 7),
(294, 19),
(296, 4),
(296, 3),
(296, 16),
(296, 5),
(296, 12),
(296, 9),
(297, 7),
(297, 12),
(298, 6),
(298, 3),
(298, 5),
(299, 6),
(299, 12),
(300, 5),
(301, 1),
(301, 16),
(304, 4),
(304, 20),
(304, 1),
(304, 9),
(305, 7),
(306, 2),
(306, 19),
(306, 12),
(307, 4),
(307, 17),
(307, 14),
(307, 3),
(307, 5),
(308, 16),
(309, 11),
(309, 12),
(311, 13),
(311, 6),
(311, 10),
(312, 4),
(312, 13),
(313, 2),
(313, 10),
(314, 18),
(314, 20),
(317, 17),
(319, 18),
(320, 13),
(320, 14),
(320, 10),
(321, 4),
(321, 18),
(321, 16),
(321, 12),
(322, 18),
(322, 16),
(323, 4),
(323, 2),
(323, 9),
(325, 13),
(325, 18),
(325, 16),
(325, 5),
(326, 13),
(326, 1),
(326, 5),
(327, 15),
(328, 13),
(328, 8),
(328, 10),
(347, 13),
(347, 11),
(347, 20),
(347, 1),
(348, 18),
(348, 10),
(348, 12),
(349, 20),
(349, 5),
(350, 6),
(350, 8),
(350, 18),
(350, 20),
(350, 14),
(350, 15),
(350, 5),
(353, 4),
(353, 13),
(353, 17),
(353, 1),
(353, 15),
(354, 11),
(354, 10),
(354, 16),
(354, 12),
(355, 4),
(357, 11),
(357, 14),
(357, 1),
(357, 3),
(359, 4),
(360, 4),
(360, 11),
(360, 17),
(360, 16),
(360, 9),
(361, 10),
(361, 19),
(361, 15),
(361, 12),
(362, 20),
(364, 6),
(364, 14),
(364, 3),
(364, 15),
(366, 4),
(366, 11),
(366, 15),
(366, 5),
(367, 10),
(367, 5),
(368, 15),
(368, 12),
(368, 9),
(369, 4),
(369, 8),
(369, 11),
(369, 18),
(369, 10),
(369, 3),
(371, 11),
(371, 3),
(371, 9),
(372, 2),
(372, 11),
(373, 11),
(373, 3),
(373, 15),
(374, 14),
(374, 19),
(374, 12);
CREATE MEMORY TABLE PUBLIC.DELEGATIONS(
ID BIGINT NOT NULL,
CREATED_AT TIMESTAMP NOT NULL,
UPDATED_AT TIMESTAMP NOT NULL,
REQUESTED_DELEGATION_AT TIMESTAMP,
TRANSITIVE BOOLEAN NOT NULL,
AREA_ID BIGINT NOT NULL,
FROM_USER_ID BIGINT NOT NULL,
REQUESTED_DELEGATION_FROM_CHECKSUM_CHECKSUM VARCHAR(255),
TO_PROXY_ID BIGINT NOT NULL
);
ALTER TABLE PUBLIC.DELEGATIONS ADD CONSTRAINT PUBLIC.CONSTRAINT_8 PRIMARY KEY(ID);
-- 9 +/- SELECT COUNT(*) FROM PUBLIC.DELEGATIONS;
INSERT INTO PUBLIC.DELEGATIONS(ID, CREATED_AT, UPDATED_AT, REQUESTED_DELEGATION_AT, TRANSITIVE, AREA_ID, FROM_USER_ID, REQUESTED_DELEGATION_FROM_CHECKSUM_CHECKSUM, TO_PROXY_ID) VALUES
(222, TIMESTAMP '2019-03-16 12:09:01.416', TIMESTAMP '2019-03-16 12:09:01.416', NULL, TRUE, 21, 2, NULL, 1),
(223, TIMESTAMP '2019-03-16 12:09:02.411', TIMESTAMP '2019-03-16 12:09:02.411', NULL, TRUE, 21, 3, NULL, 1),
(224, TIMESTAMP '2019-03-16 12:09:03.036', TIMESTAMP '2019-03-16 12:09:03.036', NULL, TRUE, 21, 4, NULL, 1),
(225, TIMESTAMP '2019-03-16 12:09:03.536', TIMESTAMP '2019-03-16 12:09:03.536', TIMESTAMP '2019-03-16 12:09:03.536', TRUE, 21, 5, '$2a$10$1IdrGrRAN2Wp3U7QI.JIzuaW/fGb8Z2mJgsKxYwe5.NrtAFNxSQVS', 2),
(226, TIMESTAMP '2019-03-16 12:09:04.385', TIMESTAMP '2019-03-16 12:09:04.385', NULL, TRUE, 21, 6, NULL, 3),
(227, TIMESTAMP '2019-03-16 12:09:05.275', TIMESTAMP '2019-03-16 12:09:05.275', NULL, TRUE, 21, 7, NULL, 4),
(228, TIMESTAMP '2019-03-16 12:09:06.073', TIMESTAMP '2019-03-16 12:09:06.073', NULL, TRUE, 21, 10, NULL, 7),
(229, TIMESTAMP '2019-03-16 12:09:07.37', TIMESTAMP '2019-03-16 12:09:07.37', NULL, TRUE, 21, 11, NULL, 7),
(230, TIMESTAMP '2019-03-16 12:09:08.573', TIMESTAMP '2019-03-16 12:09:08.573', NULL, FALSE, 21, 12, NULL, 7);
CREATE MEMORY TABLE PUBLIC.KEY_VALUE(
ID BIGINT NOT NULL,
KEY_COL VARCHAR(255) NOT NULL,
VALUE_COL VARCHAR(255)
);
ALTER TABLE PUBLIC.KEY_VALUE ADD CONSTRAINT PUBLIC.CONSTRAINT_7 PRIMARY KEY(ID);
-- 3 +/- SELECT COUNT(*) FROM PUBLIC.KEY_VALUE;
INSERT INTO PUBLIC.KEY_VALUE(ID, KEY_COL, VALUE_COL) VALUES
(32, 'liquido.supporters.for.proposal', '10'),
(235, 'liquido.days.until.voting.starts', '14'),
(236, 'liquido.duration.of.voting.phase', '14');
CREATE MEMORY TABLE PUBLIC.LAWS(
ID BIGINT NOT NULL,
CREATED_AT TIMESTAMP NOT NULL,
UPDATED_AT TIMESTAMP NOT NULL,
DESCRIPTION VARCHAR(1000) NOT NULL,
REACHED_QUORUM_AT TIMESTAMP,
STATUS INTEGER NOT NULL,
TITLE VARCHAR(255) NOT NULL,
AREA_ID BIGINT NOT NULL,
CREATED_BY_ID BIGINT,
POLL_ID BIGINT
);
ALTER TABLE PUBLIC.LAWS ADD CONSTRAINT PUBLIC.CONSTRAINT_23 PRIMARY KEY(ID);
-- 188 +/- SELECT COUNT(*) FROM PUBLIC.LAWS;
INSERT INTO PUBLIC.LAWS(ID, CREATED_AT, UPDATED_AT, DESCRIPTION, REACHED_QUORUM_AT, STATUS, TITLE, AREA_ID, CREATED_BY_ID, POLL_ID) VALUES
(31, TIMESTAMP '2019-03-15 12:08:58.269', TIMESTAMP '2019-03-16 12:08:58.269', '0ENSBHFd Lorem ipsum dolor sit amet, consectetur adipiscing elit, sed do eiusmod tempor incididunt ut labore et dolore magna aliqua. Ut enim ad minim veniam, quis nostrud exercitation ullamco laboris nisi ut aliquip ex ea commodo consequat. Duis aute irure dolor in reprehenderit in voluptate velit esse cillum ', NULL, 0, 'Idea 0 title from TestFixtures', 21, 6, NULL),
(33, TIMESTAMP '2019-03-14 12:08:58.269', TIMESTAMP '2019-03-15 12:08:58.269', 'pdznBfha Lorem ipsum dolor sit amet, consectetur adipiscing elit, sed do eiusmod tempor incididunt ut labore et dolore magna aliqua. Ut enim ad minim veniam, quis nostrud exercitation ullamco laboris nisi ut aliquip ex e', NULL, 0, 'Idea 1 that suggest that we definitely need a longer title for ideas', 22, 4, NULL),
(34, TIMESTAMP '2019-03-13 12:08:58.285', TIMESTAMP '2019-03-14 12:08:58.285', 'gnbZrCXD Lorem ipsum dolor sit amet, consectetur adipiscing elit, sed do eiusmod tempor incididunt ut labore et dolore magna aliqua. Ut enim ad minim veniam, quis nostrud exercitation ullamco laboris nisi ut aliquip ex ea commodo consequat. Duis aute irure dolor in reprehenderit in voluptate velit esse', NULL, 0, 'Idea 2 that suggest that we definitely need a longer title for ideas', 23, 2, NULL),
(35, TIMESTAMP '2019-03-12 12:08:58.3', TIMESTAMP '2019-03-13 12:08:58.3', 'KZBWxELC Lorem ipsum dolor sit amet, consectetur adipiscing elit, sed do eiusmod tempor incididunt ut labore et dolore magna aliqua. Ut enim ad minim veniam, quis nostrud exercitation ullamco laboris nisi ut aliquip ex ea commodo consequat. Duis aute irure dolor in repr', NULL, 0, 'Idea 3 that suggest that we definitely need a longer title for ideas', 24, 17, NULL),
(36, TIMESTAMP '2019-03-11 12:08:58.3', TIMESTAMP '2019-03-12 12:08:58.3', 'G4eng9ne Lorem ipsum dolor sit amet, consectetur adipiscing elit, sed do eiusmod tempor incididunt ut labore et dolore magna aliqua. Ut enim ad minim veniam, quis nostrud exercitation ullamco laboris nisi ut aliquip ex ea commodo consequat. Duis aute irure dolor in reprehenderit in voluptate velit ', NULL, 0, 'Idea 4 that suggest that we definitely need a longer title for ideas', 25, 7, NULL),
(37, TIMESTAMP '2019-03-10 12:08:58.3', TIMESTAMP '2019-03-11 12:08:58.3', 'hvt7N6yp Lorem ipsum dolor sit amet, consectetur adipiscing elit, sed do eiusmod tempor incididunt ut labore et dolore magna aliqua. Ut enim ad minim veniam, quis nostrud exercitation ullamco laboris nisi ut aliquip ex ea commodo consequat. Duis aute irure dolor in', NULL, 0, 'Idea 5 that suggest that we definitely need a longer title for ideas', 26, 5, NULL),
(38, TIMESTAMP '2019-03-09 12:08:58.3', TIMESTAMP '2019-03-10 12:08:58.3', 'kfl7sp7r Lorem ipsum dolor sit amet, consectetur adipiscing elit, sed do eiusmod te', NULL, 0, 'Idea 6 that suggest that we definitely need a longer title for ideas', 27, 17, NULL),
(39, TIMESTAMP '2019-03-08 12:08:58.316', TIMESTAMP '2019-03-09 12:08:58.316', 'STx0C0Fb Lorem ipsum dolor sit amet, consectetur adipiscing elit, sed do eiusmod tempor incididunt ut labore et dolore magna aliqua. Ut enim ad minim veniam, quis nostrud exercitation ullamco laboris nisi ut aliquip ex ea commodo consequat. Duis a', NULL, 0, 'Idea 7 that suggest that we definitely need a longer title for ideas', 28, 15, NULL),
(40, TIMESTAMP '2019-03-07 12:08:58.316', TIMESTAMP '2019-03-08 12:08:58.316', 'uQFoTzAM Lorem ipsum dolor sit amet, consectetur adipiscing elit, sed do eiusmod tempor incididunt ut labore et dolore magna aliqua. Ut enim ad minim veniam, quis nost', NULL, 0, 'Idea 8 that suggest that we definitely need a longer title for ideas', 29, 11, NULL),
(41, TIMESTAMP '2019-03-06 12:08:58.316', TIMESTAMP '2019-03-07 12:08:58.316', 'cFpoDzUV Lorem ipsum dolor sit amet, consectetur adipiscing elit, sed do eiusmod tempor incididunt ut labore et dolore magna aliqua. Ut enim ad minim veniam, quis nostrud exercitation ullamco laboris nisi ut aliquip ex ea commodo consequat. Duis aute irure dolor in reprehenderit in voluptate vel', NULL, 0, 'Idea 9 that suggest that we definitely need a longer title for ideas', 30, 5, NULL);
INSERT INTO PUBLIC.LAWS(ID, CREATED_AT, UPDATED_AT, DESCRIPTION, REACHED_QUORUM_AT, STATUS, TITLE, AREA_ID, CREATED_BY_ID, POLL_ID) VALUES
(42, TIMESTAMP '2019-03-05 12:08:58.316', TIMESTAMP '2019-03-06 12:08:58.316', 'N4MeFL59 Lorem ipsum dolor sit amet, consectetur adipiscing elit, sed do eiusmod tempor incididunt ut labore et dolore magna aliqua. Ut enim ad minim veniam, quis nostrud exercitation ullamco laboris nisi ut aliquip ex ea commodo consequat. Duis aute irure dolor in reprehenderit in voluptate velit esse cillum dolore eu fugiat nulla pariatur. Excepteur sint occaecat cupidatat non proident, sunt in', NULL, 0, 'Idea 10 that suggest that we definitely need a longer title for ideas', 21, 7, NULL),
(43, TIMESTAMP '2019-03-04 12:08:58.316', TIMESTAMP '2019-03-05 12:08:58.316', 'mpaZ5qd6 Lorem ipsum dolor sit amet, consectetur adipiscing elit, sed do eiusmod tempor incididunt ut labore et dolore magna aliqua. Ut enim ad minim veniam, quis nostrud exercitation ullamco laboris nisi ut aliquip ex ea commodo consequat. Duis aute irure dolor in reprehenderit in voluptate velit esse cillum dolore eu fugiat', NULL, 0, 'Idea 11 that suggest that we definitely need a longer title for ideas', 22, 3, NULL),
(44, TIMESTAMP '2019-03-03 12:08:58.332', TIMESTAMP '2019-03-04 12:08:58.332', 'fFmTRaTy Lorem ipsum dolor sit amet, consectetur adipiscing elit, sed do eiusmod tempor incididunt ut labore et dolore magna aliqua. Ut enim ad mi', NULL, 0, 'Idea 12 that suggest that we definitely need a longer title for ideas', 23, 20, NULL),
(45, TIMESTAMP '2019-03-02 12:08:58.332', TIMESTAMP '2019-03-03 12:08:58.332', 'lZkGBWqz Lorem ipsum dolor sit amet, consectetur adipiscing elit, sed do eiusmod tempor incididunt ut labore et dolore magna aliqua. Ut enim ad minim veniam, quis nostrud exercitation ullamco laboris nisi ut aliquip ex ea commodo consequat. Duis aute irure dolor in reprehenderit in voluptate velit esse cillum dolore eu fug', NULL, 0, 'Idea 13 that suggest that we definitely need a longer title for ideas', 24, 3, NULL),
(46, TIMESTAMP '2019-03-01 12:08:58.363', TIMESTAMP '2019-03-02 12:08:58.363', 'aGFyqgdA Lorem ipsum dolor sit amet, consectetur adipiscing elit, sed do eiusmod tempor incididunt ut labore et dolore magna aliqu', NULL, 0, 'Idea 14 that suggest that we definitely need a longer title for ideas', 25, 15, NULL),
(47, TIMESTAMP '2019-02-28 12:08:58.363', TIMESTAMP '2019-03-01 12:08:58.363', 'BMuKoBGx Lorem ipsum dolor sit amet, consectetur adipiscing elit, sed do eiusmod tempor incididunt ut labore et dolore magna aliqua. Ut enim ad minim veniam, quis nostrud exercitation ullamco laboris nisi ut aliquip ex ea commodo consequat. Duis aute irure dolor in reprehenderit in voluptate velit esse cillum dolore eu fugiat nulla', NULL, 0, 'Idea 15 that suggest that we definitely need a longer title for ideas', 26, 18, NULL),
(48, TIMESTAMP '2019-02-27 12:08:58.379', TIMESTAMP '2019-02-28 12:08:58.379', '4UeLVlz7 Lorem ipsum dolor sit amet, consectetur adipiscing elit, sed do eiusmod tempor incididunt ut labore et dolore magna aliqua. Ut enim ad minim veniam', NULL, 0, 'Idea 16 that suggest that we definitely need a longer title for ideas', 27, 19, NULL),
(49, TIMESTAMP '2019-02-26 12:08:58.379', TIMESTAMP '2019-02-27 12:08:58.379', 'ZsnVGWMS Lorem ipsum dolor sit amet, consectetur adipiscing elit, sed do eiusmod tempor incididunt ', NULL, 0, 'Idea 17 that suggest that we definitely need a longer title for ideas', 28, 2, NULL),
(50, TIMESTAMP '2019-02-25 12:08:58.425', TIMESTAMP '2019-02-26 12:08:58.425', 'OVAfZBky Lorem ipsum dolor sit amet, consectetur adipiscing elit, sed do eiusmod tempor incididunt ut labore et dolore magna aliqua. Ut enim ad minim veniam, quis nostrud exercitation ullamco laboris nisi ut aliquip ex ea commodo conse', NULL, 0, 'Idea 18 that suggest that we definitely need a longer title for ideas', 29, 16, NULL),
(51, TIMESTAMP '2019-02-24 12:08:58.488', TIMESTAMP '2019-02-25 12:08:58.488', 'nLQobCEA Lorem ipsum dolor sit amet, consectetur adipiscing elit, sed do eiusmod tempor incididunt ut labore et dolore magna aliqua. Ut enim ad minim veniam, quis nostrud exercitation ullamco laboris nisi ut aliquip ex ea commodo consequat. Duis aute irure dolor in reprehenderit in voluptate velit esse cillum dolore eu fugiat nulla pariatur. Excepteur sint occaecat cupidatat', NULL, 0, 'Idea 19 that suggest that we definitely need a longer title for ideas', 30, 15, NULL);
INSERT INTO PUBLIC.LAWS(ID, CREATED_AT, UPDATED_AT, DESCRIPTION, REACHED_QUORUM_AT, STATUS, TITLE, AREA_ID, CREATED_BY_ID, POLL_ID) VALUES
(52, TIMESTAMP '2019-02-23 12:08:58.504', TIMESTAMP '2019-02-24 12:08:58.504', 'FxFGbTru Lorem ipsum dolor s', NULL, 0, 'Idea 20 that suggest that we definitely need a longer title for ideas', 21, 17, NULL),
(53, TIMESTAMP '2019-02-22 12:08:58.504', TIMESTAMP '2019-02-23 12:08:58.504', '9852NXHB Lorem ipsum dolor sit amet, consectetur adipiscing elit, sed do eiusmod tempor incididunt ut labore et dolore magna aliqua. Ut enim ad minim veniam, quis nostrud exercitation ullamco laboris nisi ut aliquip ex ea commodo consequat. Duis aute irure dolor in reprehenderit in voluptate velit esse cillum dolore eu fugiat nulla pariatur. Excepteur sint occaecat cupidatat non proident, sunt in culpa q', NULL, 0, 'Idea 21 that suggest that we definitely need a longer title for ideas', 22, 1, NULL),
(54, TIMESTAMP '2019-02-21 12:08:58.504', TIMESTAMP '2019-02-22 12:08:58.504', 'UALSlUY7 Lorem ipsum dolor sit amet, consectetur adipiscing elit, sed do eiusmod tempor incididunt ut labore et dolore magna aliqua. Ut enim ad minim veniam, quis nostrud exercitation ullamco laboris nisi ut aliquip ex ea commodo consequat. Duis aute irure dolor in reprehenderit in voluptate velit esse ', NULL, 0, 'Idea 22 that suggest that we definitely need a longer title for ideas', 23, 15, NULL),
(55, TIMESTAMP '2019-02-20 12:08:58.504', TIMESTAMP '2019-02-21 12:08:58.504', '2h7CLcdt Lorem ipsum dolor sit amet, consectetur adipiscing elit, sed do eiusmod tempor incididunt ut labore et dolore magna aliqua. Ut enim ad minim veniam, quis nostrud exercitation ullamco laboris nisi ut aliquip ex ea commodo consequat. Duis aute irure dolor in reprehenderit in voluptate velit esse cillum dolore eu fugiat nulla pariatur. Excepteur sint occaecat cupidatat non pr', NULL, 0, 'Idea 23 that suggest that we definitely need a longer title for ideas', 24, 7, NULL),
(56, TIMESTAMP '2019-02-19 12:08:58.519', TIMESTAMP '2019-02-20 12:08:58.519', 'flanL7X0 Lorem ipsum dolor sit amet, consectetur adipiscing e', NULL, 0, 'Idea 24 that suggest that we definitely need a longer title for ideas', 25, 12, NULL),
(57, TIMESTAMP '2019-02-18 12:08:58.519', TIMESTAMP '2019-02-19 12:08:58.519', 'OXZ2Afvp Lorem ipsum dolor sit amet, consectetur adipiscing elit, sed do eiusmod tempor incididunt ut labore et dolore magna aliqua. Ut enim ad minim veniam, quis nostrud exercitation ull', NULL, 0, 'Idea 25 that suggest that we definitely need a longer title for ideas', 26, 19, NULL),
(58, TIMESTAMP '2019-02-17 12:08:58.519', TIMESTAMP '2019-02-18 12:08:58.519', 'PnsqNnbC Lorem ipsum dolor sit amet, consectetur adipiscing elit, sed do eiusmod tempor incididunt ut labore et dolore magna aliqua. Ut enim ad minim veniam, quis nostrud exercitation ullamco l', NULL, 0, 'Idea 26 that suggest that we definitely need a longer title for ideas', 27, 8, NULL),
(59, TIMESTAMP '2019-02-16 12:08:58.613', TIMESTAMP '2019-02-17 12:08:58.613', 'Pe6KF3nE Lorem ipsum dolor sit amet, consectetur adipiscing elit, sed do eiusmod tempor incididunt ut labore et dol', NULL, 0, 'Idea 27 that suggest that we definitely need a longer title for ideas', 28, 8, NULL),
(60, TIMESTAMP '2019-02-15 12:08:58.629', TIMESTAMP '2019-02-16 12:08:58.629', '38rgl5Tr Lorem ipsum dolor ', NULL, 0, 'Idea 28 that suggest that we definitely need a longer title for ideas', 29, 4, NULL),
(61, TIMESTAMP '2019-02-14 12:08:58.644', TIMESTAMP '2019-02-15 12:08:58.644', 'ZzZ3HXbM Lorem ipsum dolor sit amet, consectetur adipiscing elit, sed do eiusmod tempor incididunt ut labore et dolore magna aliqua. Ut enim ad minim veniam, quis nostrud exercitation ullamco laboris nisi ut aliquip ex ea commodo consequat. Duis aute irure dolor in reprehenderit in voluptate velit esse cillum dolore eu fugiat nulla par', NULL, 0, 'Idea 29 that suggest that we definitely need a longer title for ideas', 30, 5, NULL),
(62, TIMESTAMP '2019-02-13 12:08:58.644', TIMESTAMP '2019-02-14 12:08:58.644', 'STbem9vn Lorem ipsum dolor sit amet, consectetur adipiscing elit, sed do eiusmod tempor incididunt ut labore et dolore magna aliqua. Ut enim ad minim veniam, q', NULL, 0, 'Idea 30 that suggest that we definitely need a longer title for ideas', 21, 10, NULL);
INSERT INTO PUBLIC.LAWS(ID, CREATED_AT, UPDATED_AT, DESCRIPTION, REACHED_QUORUM_AT, STATUS, TITLE, AREA_ID, CREATED_BY_ID, POLL_ID) VALUES
(63, TIMESTAMP '2019-02-12 12:08:58.644', TIMESTAMP '2019-02-13 12:08:58.644', 'ntcWcQUn Lorem ipsum dolor sit amet, consectetur adipiscing elit, sed do eiusmod tempor incididunt ut la', NULL, 0, 'Idea 31 that suggest that we definitely need a longer title for ideas', 22, 4, NULL),
(64, TIMESTAMP '2019-02-11 12:08:58.644', TIMESTAMP '2019-02-12 12:08:58.644', 'SQByurbw Lorem ipsum dolor sit amet, consectetur adipiscing elit, sed do eiusmod tempo', NULL, 0, 'Idea 32 that suggest that we definitely need a longer title for ideas', 23, 18, NULL),
(65, TIMESTAMP '2019-02-10 12:08:58.66', TIMESTAMP '2019-02-11 12:08:58.66', 'tsKLxO5M Lorem ipsum dolor sit amet, consectetur adipiscing elit, sed do eiusmod tempor incididunt ut labore et dolore magna al', NULL, 0, 'Idea 33 that suggest that we definitely need a longer title for ideas', 24, 10, NULL),
(66, TIMESTAMP '2019-02-09 12:08:58.66', TIMESTAMP '2019-02-10 12:08:58.66', 'BOk49ZEN Lorem ipsum dolor sit amet, consectetur adipi', NULL, 0, 'Idea 34 that suggest that we definitely need a longer title for ideas', 25, 20, NULL),
(67, TIMESTAMP '2019-02-08 12:08:58.691', TIMESTAMP '2019-02-09 12:08:58.691', 'zhqX3xWK Lorem ipsum dolor sit amet, consectetur adipiscing elit, sed do ', NULL, 0, 'Idea 35 that suggest that we definitely need a longer title for ideas', 26, 3, NULL),
(68, TIMESTAMP '2019-02-07 12:08:58.691', TIMESTAMP '2019-02-08 12:08:58.691', '9b9dF6cy Lorem ipsum dolor sit amet, consec', NULL, 0, 'Idea 36 that suggest that we definitely need a longer title for ideas', 27, 14, NULL),
(69, TIMESTAMP '2019-02-06 12:08:58.691', TIMESTAMP '2019-02-07 12:08:58.691', 'mNVyybVy Lorem ipsum dolor sit amet, consectetur adipiscing elit, sed do eiusmod tempor incididunt ut labore et dolore magna aliqua. Ut enim ad minim veniam, quis nostrud exercitation ullamco laboris nisi ut aliquip ex ea commodo consequat. D', NULL, 0, 'Idea 37 that suggest that we definitely need a longer title for ideas', 28, 16, NULL),
(70, TIMESTAMP '2019-02-05 12:08:58.691', TIMESTAMP '2019-02-06 12:08:58.691', 'rVQfh2r6 Lorem ipsum dolor sit amet, consectetur adipiscing elit, sed do eiusmod tempor incididunt ut labore et dolore magna aliqua. Ut enim ad minim veniam, quis nostrud e', NULL, 0, 'Idea 38 that suggest that we definitely need a longer title for ideas', 29, 4, NULL),
(71, TIMESTAMP '2019-02-04 12:08:58.707', TIMESTAMP '2019-02-05 12:08:58.707', 'vZ46z3Ug Lorem ipsum dolor sit amet, consectetur adipiscing elit, sed do eiusmod ', NULL, 0, 'Idea 39 that suggest that we definitely need a longer title for ideas', 30, 15, NULL),
(72, TIMESTAMP '2019-02-03 12:08:58.707', TIMESTAMP '2019-02-04 12:08:58.707', 'TsQZXXSr Lorem ipsum dolor sit amet, consectetur adipiscing elit, sed do eiusmod tempor incididunt ut labore et dolore magna aliqua. Ut enim ad minim veniam, quis nostrud exercitation ullamco lab', NULL, 0, 'Idea 40 that suggest that we definitely need a longer title for ideas', 21, 14, NULL),
(73, TIMESTAMP '2019-02-02 12:08:58.707', TIMESTAMP '2019-02-03 12:08:58.707', 'oWEflqAo Lorem ipsum dolor sit amet, consectetur adipiscing elit, sed do eiusmod tempor incididunt ut labore et dolore magna aliqua. Ut enim ad minim veniam, quis nostrud exercitation ullamco laboris nisi ut aliquip ex ea commodo consequat. Duis aute irure d', NULL, 0, 'Idea 41 that suggest that we definitely need a longer title for ideas', 22, 11, NULL),
(74, TIMESTAMP '2019-02-01 12:08:58.722', TIMESTAMP '2019-02-02 12:08:58.722', 'T4ZxUPFw Lorem ipsum dolor sit amet, consectetur adipiscing elit, sed do eiusmod tempor incididunt ut labore e', NULL, 0, 'Idea 42 that suggest that we definitely need a longer title for ideas', 23, 7, NULL),
(75, TIMESTAMP '2019-01-31 12:08:58.722', TIMESTAMP '2019-02-01 12:08:58.722', 'P6zUvwoQ Lorem ipsum dolor sit amet, consectetur adipiscing elit, sed do eiusmod tempor incididunt ut labore et dolore magna aliqua. Ut enim ad minim veniam, quis nostrud exercitation ullamco laboris nisi ut aliquip ex ea commodo consequat. Duis aute ir', NULL, 0, 'Idea 43 that suggest that we definitely need a longer title for ideas', 24, 17, NULL);
INSERT INTO PUBLIC.LAWS(ID, CREATED_AT, UPDATED_AT, DESCRIPTION, REACHED_QUORUM_AT, STATUS, TITLE, AREA_ID, CREATED_BY_ID, POLL_ID) VALUES
(76, TIMESTAMP '2019-01-30 12:08:58.785', TIMESTAMP '2019-01-31 12:08:58.785', 'wr876odF Lorem ipsum dolor sit amet, consectetur adipiscing elit, sed do eiusmod tempor incididunt ut labore et dolore magna aliqua. Ut enim ad minim veniam, quis nostrud exercitation ullamco laboris nisi ut aliquip ex ea commodo consequat. Duis aute irure dolor in reprehenderit in voluptate velit esse cillum dolore eu fugiat nulla pariatur. Excepteur sint occaecat cu', NULL, 0, 'Idea 44 that suggest that we definitely need a longer title for ideas', 25, 10, NULL),
(77, TIMESTAMP '2019-01-29 12:08:58.785', TIMESTAMP '2019-01-30 12:08:58.785', 'cQkYf348 Lorem ipsum dolor sit amet, consectetur adipiscing elit, sed do eiusmod tempor incididunt ut labore et dolore magna aliqua. Ut enim ad minim veniam, quis nostrud exercitation ullamco laboris nisi ut aliquip ex ea commodo consequat. Duis aute irure dolor in reprehenderit in voluptate velit es', NULL, 0, 'Idea 45 that suggest that we definitely need a longer title for ideas', 26, 5, NULL),
(78, TIMESTAMP '2019-01-28 12:08:58.8', TIMESTAMP '2019-01-29 12:08:58.8', 'gQvYrfqp Lorem ipsum dolor sit amet, consectetur adipiscing elit, sed do eiusmod tempor incididunt ut labore et dolore magna aliqua. Ut enim ad minim veniam, quis nostrud exercitation ullamco laboris nisi ut aliquip ex ea commodo consequat. Duis aute irure dolor in reprehenderit in voluptate velit esse cillum dolore eu fugiat nulla ', NULL, 0, 'Idea 46 that suggest that we definitely need a longer title for ideas', 27, 17, NULL),
(79, TIMESTAMP '2019-01-27 12:08:58.8', TIMESTAMP '2019-01-28 12:08:58.8', 'VMFU3wCK Lorem ipsum dolor sit amet, consectetur adipiscing elit, sed do eiusmod tempor incididunt ut labore et dolore magna aliqua. Ut enim ad minim veniam, quis nostrud exercitation ullamco laboris nisi ut aliquip ex ea commodo consequat. Duis aute irure dolor in reprehenderit in voluptate velit esse cillum dolore eu fugiat nulla pariatur. Excepteur sint occaecat cupidatat non proident,', NULL, 0, 'Idea 47 that suggest that we definitely need a longer title for ideas', 28, 4, NULL),
(80, TIMESTAMP '2019-01-26 12:08:58.8', TIMESTAMP '2019-01-27 12:08:58.8', 'K832WQPX Lorem ipsum dolor sit amet, consectetur adipiscing elit, sed do eiusmod tempor incididunt ut labore et dolore magna aliqua. Ut enim ad minim veniam, quis nostrud exercitation ullamco laboris nisi ut aliquip ex ea commodo consequat. Duis aute irure dolor in reprehenderit in voluptate ', NULL, 0, 'Idea 48 that suggest that we definitely need a longer title for ideas', 29, 1, NULL),
(81, TIMESTAMP '2019-01-25 12:08:58.8', TIMESTAMP '2019-01-26 12:08:58.8', 'eYsgmlPD Lorem ipsum dolor sit amet, consectetur adipiscing elit, sed do eiusmod tempor incididunt ut labore et dolore magna aliqua. Ut enim ad minim veniam, quis nostrud exercitation ullamco laboris nisi ut aliquip', NULL, 0, 'Idea 49 that suggest that we definitely need a longer title for ideas', 30, 2, NULL),
(82, TIMESTAMP '2019-01-24 12:08:58.8', TIMESTAMP '2019-01-25 12:08:58.8', 'M7PPZTec Lorem ipsum dolor sit amet, consectetur adipiscing elit, sed do eiusmod tempor incididunt ut labore et dolore magna aliqua', NULL, 0, 'Idea 50 that suggest that we definitely need a longer title for ideas', 21, 11, NULL),
(83, TIMESTAMP '2019-01-23 12:08:58.816', TIMESTAMP '2019-01-24 12:08:58.816', 'NUsPMsEG Lorem ipsum dolor sit amet, consectetur adipiscing elit, sed do eiusmod tempor incididunt ut labore et dolore magna aliqua. Ut enim ad minim veniam, quis nostrud exercitation ullamco laboris nisi ut aliquip ex ea commodo consequat. Duis aute irure dolor in reprehenderit in voluptate velit esse cillum dolore eu fugiat nulla pariatur. Excepteur sint occaecat cupidatat non proident, sunt in culpa q', NULL, 0, 'Idea 51 that suggest that we definitely need a longer title for ideas', 22, 11, NULL),
(84, TIMESTAMP '2019-01-22 12:08:58.816', TIMESTAMP '2019-01-23 12:08:58.816', 'uegVDYZu Lorem ipsum dolor sit amet, consectetur adipiscing elit, sed do eiusmod tempor incididunt ut labore et dolore magna aliqua. Ut enim ad', NULL, 0, 'Idea 52 that suggest that we definitely need a longer title for ideas', 23, 6, NULL);
INSERT INTO PUBLIC.LAWS(ID, CREATED_AT, UPDATED_AT, DESCRIPTION, REACHED_QUORUM_AT, STATUS, TITLE, AREA_ID, CREATED_BY_ID, POLL_ID) VALUES
(85, TIMESTAMP '2019-01-21 12:08:58.816', TIMESTAMP '2019-01-22 12:08:58.816', 'ueS4aGNm Lorem ipsum dolor sit amet, consectetur adipiscing elit, sed do eiusmod tempor incididunt ut labore et dolore magna aliqua. Ut enim ad minim veniam, quis nostrud exercitation ullamco laboris nisi ut aliquip ex ea commodo consequat. Duis aute irure dolor in reprehenderit in voluptate velit esse cillum dolore eu fugiat nulla pariatur.', NULL, 0, 'Idea 53 that suggest that we definitely need a longer title for ideas', 24, 17, NULL),
(86, TIMESTAMP '2019-01-20 12:08:58.816', TIMESTAMP '2019-01-21 12:08:58.816', 'M9RoYm5N Lorem ipsum dolor sit amet, consectetur adipiscing elit, sed do eiusmod tempor incididunt u', NULL, 0, 'Idea 54 that suggest that we definitely need a longer title for ideas', 25, 20, NULL),
(87, TIMESTAMP '2019-01-19 12:08:58.879', TIMESTAMP '2019-01-20 12:08:58.879', 'AZAE8fTh Lorem ipsum dolor sit amet, consec', NULL, 0, 'Idea 55 that suggest that we definitely need a longer title for ideas', 26, 14, NULL),
(88, TIMESTAMP '2019-01-18 12:08:58.879', TIMESTAMP '2019-01-19 12:08:58.879', 'Aq8eW7Pm Lorem ipsum dolor sit amet, consectetur adipiscing elit, sed do eiusmod tempor incididunt ut labore et dolore magna aliqua. Ut enim ad minim veniam, quis nostrud exercitation ullamco laboris n', NULL, 0, 'Idea 56 that suggest that we definitely need a longer title for ideas', 27, 19, NULL),
(89, TIMESTAMP '2019-01-17 12:08:58.879', TIMESTAMP '2019-01-18 12:08:58.879', 'sz5s8o7q Lorem ipsum dolor sit amet, consectetur adipiscing elit, sed do eiusmod tempor incididunt ut labore et dolo', NULL, 0, 'Idea 57 that suggest that we definitely need a longer title for ideas', 28, 2, NULL),
(90, TIMESTAMP '2019-01-16 12:08:58.894', TIMESTAMP '2019-01-17 12:08:58.894', 'ycM0rl3Y Lorem ipsum dolor sit amet, consectetur adipiscing elit, sed do eiusmod tempor incididunt ut labore et dolore magna aliqua. Ut enim ad minim veniam, quis nostrud exercitation ul', NULL, 0, 'Idea 58 that suggest that we definitely need a longer title for ideas', 29, 19, NULL),
(91, TIMESTAMP '2019-01-15 12:08:58.894', TIMESTAMP '2019-01-16 12:08:58.894', 'LS6qFNYY Lorem ipsum dolor sit amet, consectetur adipiscing elit, sed do eiusmo', NULL, 0, 'Idea 59 that suggest that we definitely need a longer title for ideas', 30, 16, NULL),
(92, TIMESTAMP '2019-01-14 12:08:58.894', TIMESTAMP '2019-01-15 12:08:58.894', 'ykp9LRHE Lorem ipsum dolor sit amet, consecte', NULL, 0, 'Idea 60 that suggest that we definitely need a longer title for ideas', 21, 18, NULL),
(93, TIMESTAMP '2019-01-13 12:08:58.894', TIMESTAMP '2019-01-14 12:08:58.894', 'QxN0ANmd Lorem ipsum dolor sit amet, consectetur adipi', NULL, 0, 'Idea 61 that suggest that we definitely need a longer title for ideas', 22, 3, NULL),
(94, TIMESTAMP '2019-01-12 12:08:58.894', TIMESTAMP '2019-01-13 12:08:58.894', 'nWcxcR6e Lorem ipsum dolor sit amet, consectetur adipiscing elit, sed do eiusmod tempor incididunt ut labore et dolore magna aliqua. Ut enim ad minim veniam, quis nostrud exercitation ullamco laboris nisi ut aliquip ex ea commodo consequat. Duis aute irure dolor in reprehenderit in', NULL, 0, 'Idea 62 that suggest that we definitely need a longer title for ideas', 23, 17, NULL),
(95, TIMESTAMP '2019-01-11 12:08:58.91', TIMESTAMP '2019-01-12 12:08:58.91', 'cRHvk680 Lorem ipsum dolor sit amet, consectetur adipiscing elit, sed do eiusmod tempor incididunt ut labore et dolore magna aliqua. Ut enim ad minim veniam, quis nostrud exercitation ullamco laboris nisi ut aliquip ex ea commodo consequat. Duis aute irure dolor in reprehenderit in voluptate velit esse cillum dolore eu fugiat nulla pariatur. Excepteur sint occaecat cupidatat non ', NULL, 0, 'Idea 63 that suggest that we definitely need a longer title for ideas', 24, 2, NULL),
(96, TIMESTAMP '2019-01-10 12:08:58.91', TIMESTAMP '2019-01-11 12:08:58.91', 'N33dEZlE Lorem ipsum dolor sit amet, consectetur adipiscing elit, sed do eiusmod tempor incididunt ut labore et dolore magna aliqua. Ut', NULL, 0, 'Idea 64 that suggest that we definitely need a longer title for ideas', 25, 18, NULL);
INSERT INTO PUBLIC.LAWS(ID, CREATED_AT, UPDATED_AT, DESCRIPTION, REACHED_QUORUM_AT, STATUS, TITLE, AREA_ID, CREATED_BY_ID, POLL_ID) VALUES
(97, TIMESTAMP '2019-01-09 12:08:58.91', TIMESTAMP '2019-01-10 12:08:58.91', 'b3zSe7NE Lorem ipsum dolor sit amet, consectetur adipiscing elit,', NULL, 0, 'Idea 65 that suggest that we definitely need a longer title for ideas', 26, 13, NULL),
(98, TIMESTAMP '2019-01-08 12:08:58.925', TIMESTAMP '2019-01-09 12:08:58.925', '8kFFnZd7 Lorem ipsum dolor sit amet, consectetur adipiscing elit, sed do eiusmod tempor incididunt ut labore et dolore magna aliqua. Ut enim ad minim veniam, quis nostrud exercitation ullamco laboris nisi ut aliquip ex ea commodo consequat. Duis aute irure dolor in reprehenderit in voluptate velit esse cillum dolore eu fugiat nulla pariatur. Excepteur sint occaecat cupi', NULL, 0, 'Idea 66 that suggest that we definitely need a longer title for ideas', 27, 3, NULL),
(99, TIMESTAMP '2019-01-07 12:08:58.925', TIMESTAMP '2019-01-08 12:08:58.925', 'nr00LBMu Lorem ipsum dolor sit amet, consectetur adipiscing elit, sed do eiusmod tempor incididunt ut labore et dolore magna aliqua. Ut enim ad minim veniam, quis nostrud exercitation ullamco laboris nisi ut aliquip ex ea commodo consequat. Duis aute irure dolor in reprehenderit in voluptate velit esse cillum dolore eu fugiat nulla pariatur. Except', NULL, 0, 'Idea 67 that suggest that we definitely need a longer title for ideas', 28, 6, NULL),
(100, TIMESTAMP '2019-01-06 12:08:58.925', TIMESTAMP '2019-01-07 12:08:58.925', '9n6lkGfk Lorem ipsum dolor sit amet, consectetur adipiscing elit, sed do eiusmod tempor incididunt ut labore et dolore magna aliqua. Ut enim ad minim veniam, quis nostrud exercitation ullamco laboris nisi ut aliquip ex ea commodo consequat. Duis aute irure dolor in reprehenderit in voluptate velit esse cillum dolore eu', NULL, 0, 'Idea 68 that suggest that we definitely need a longer title for ideas', 29, 20, NULL),
(101, TIMESTAMP '2019-01-05 12:08:58.925', TIMESTAMP '2019-01-06 12:08:58.925', 'tUUfdL0Y Lorem ipsu', NULL, 0, 'Idea 69 that suggest that we definitely need a longer title for ideas', 30, 18, NULL),
(102, TIMESTAMP '2019-01-04 12:08:58.925', TIMESTAMP '2019-01-05 12:08:58.925', '5o7ke4Qw Lorem ipsu', NULL, 0, 'Idea 70 that suggest that we definitely need a longer title for ideas', 21, 14, NULL),
(103, TIMESTAMP '2019-01-03 12:08:58.988', TIMESTAMP '2019-01-04 12:08:58.988', '9lhWTWGL Lorem ipsum dolor sit amet, consectetur adipiscing elit, sed do eiusmod tempor incididunt ut labore et dolore magna aliqua. Ut enim ad minim veniam, quis nostrud exercitation ullamco la', NULL, 0, 'Idea 71 that suggest that we definitely need a longer title for ideas', 22, 8, NULL),
(104, TIMESTAMP '2019-01-02 12:08:58.988', TIMESTAMP '2019-01-03 12:08:58.988', 'HGEGD3af Lorem ipsum dolor sit amet, consectetur adipiscing elit, sed do eiusmod tempor incididunt ut labore et dolore magna aliqua. Ut enim ad minim veniam, quis nostrud exercitation ullamco laboris nisi ut', NULL, 0, 'Idea 72 that suggest that we definitely need a longer title for ideas', 23, 3, NULL),
(105, TIMESTAMP '2019-01-01 12:08:58.988', TIMESTAMP '2019-01-02 12:08:58.988', 'SnCbtgD4 Lorem ipsum dolor sit amet, consectetur adipiscing elit, sed do eiusmod tempor incididunt ut labore et dolore magna aliqua. Ut enim ad minim veniam, quis nostrud exercitation ullamco laboris nisi ut aliquip ex ea commodo consequat. Duis aute irure dolor in reprehenderit in voluptate velit esse cillum dolore eu fugiat nulla pariatur. Excepteur sint', NULL, 0, 'Idea 73 that suggest that we definitely need a longer title for ideas', 24, 1, NULL),
(106, TIMESTAMP '2018-12-31 12:08:58.988', TIMESTAMP '2019-01-01 12:08:58.988', 'KCoS60OA Lorem ipsum dolor sit amet, consectetur adipiscing elit, sed do eiusmod tempor incididunt ut labore et dolore magna aliqua. Ut enim ad minim veniam, quis nostrud exercitation ul', NULL, 0, 'Idea 74 that suggest that we definitely need a longer title for ideas', 25, 13, NULL),
(107, TIMESTAMP '2018-12-30 12:08:59.05', TIMESTAMP '2018-12-31 12:08:59.05', '8FVqUrmn Lorem ipsum dolor sit amet, consectetur adipiscing elit, sed do eiusmod tempor incididunt ut labore et dolore magna aliqua. Ut enim ad minim veniam, quis nostrud exercitation ullamco laboris nisi ut aliquip ex ea commodo consequat. Duis aute irure dolor in reprehenderit in voluptate velit esse cillum dolore eu fugiat nulla pariatur. Excepteur', NULL, 0, 'Idea 75 that suggest that we definitely need a longer title for ideas', 26, 11, NULL);
INSERT INTO PUBLIC.LAWS(ID, CREATED_AT, UPDATED_AT, DESCRIPTION, REACHED_QUORUM_AT, STATUS, TITLE, AREA_ID, CREATED_BY_ID, POLL_ID) VALUES
(108, TIMESTAMP '2018-12-29 12:08:59.066', TIMESTAMP '2018-12-30 12:08:59.066', '43dGG3RZ Lorem ipsum dolor sit amet, ', NULL, 0, 'Idea 76 that suggest that we definitely need a longer title for ideas', 27, 12, NULL),
(109, TIMESTAMP '2018-12-28 12:08:59.066', TIMESTAMP '2018-12-29 12:08:59.066', 'Nv54DU5Y Lorem ipsum dolor sit amet, consectetur adipiscing elit, sed do eiusmod tempor incididunt ut labore et dolore magna aliqua. Ut enim ad minim veniam, quis nostrud exercitation ullamco laboris nisi ut aliquip ex ea commodo consequat. Duis aute irure dolor in reprehenderit in voluptate velit esse cillum dolore eu fugiat nulla pariatur. Excepteur sint oc', NULL, 0, 'Idea 77 that suggest that we definitely need a longer title for ideas', 28, 9, NULL),
(110, TIMESTAMP '2018-12-27 12:08:59.066', TIMESTAMP '2018-12-28 12:08:59.066', '0luogr0n Lorem ipsum dolor sit amet, consectetur adipiscing elit, sed do eiusmod tempor incididunt ut labore et', NULL, 0, 'Idea 78 that suggest that we definitely need a longer title for ideas', 29, 14, NULL),
(111, TIMESTAMP '2018-12-26 12:08:59.066', TIMESTAMP '2018-12-27 12:08:59.082', 'MQz5w3cq Lorem ipsum dolor sit amet, consectetur adipiscing elit, sed do eiusmod tempor incididunt ut labore et dolore magna aliqua. Ut enim ad minim veniam, quis nostrud exercitation ullamco laboris nisi', NULL, 0, 'Idea 79 that suggest that we definitely need a longer title for ideas', 30, 11, NULL),
(112, TIMESTAMP '2018-12-25 12:08:59.129', TIMESTAMP '2018-12-26 12:08:59.129', 'fVGEdgzP Lorem ipsum dolor sit amet, consectetur adipiscing elit, sed do eiusmod tempor incididunt ut labore', NULL, 0, 'Idea 80 that suggest that we definitely need a longer title for ideas', 21, 9, NULL),
(113, TIMESTAMP '2018-12-24 12:08:59.129', TIMESTAMP '2018-12-25 12:08:59.129', 'leAZSOGD Lorem ipsum dolor sit amet, consectetur adipiscing elit, sed do eiusmod tempor incididunt ut labore et dolore magna aliqua. Ut enim ad minim veniam, quis nostrud exerci', NULL, 0, 'Idea 81 that suggest that we definitely need a longer title for ideas', 22, 4, NULL),
(114, TIMESTAMP '2018-12-23 12:08:59.16', TIMESTAMP '2018-12-24 12:08:59.16', 'WqdgMzSR Lorem ipsum dolor sit amet, consectetur adipiscing elit, sed do eiusmod tempor incididunt ut labore et dolore magna aliqua. Ut enim ad minim veniam, quis nostrud exercitation ullamco laboris nisi ut aliquip ex ea ', NULL, 0, 'Idea 82 that suggest that we definitely need a longer title for ideas', 23, 1, NULL),
(115, TIMESTAMP '2018-12-22 12:08:59.16', TIMESTAMP '2018-12-23 12:08:59.16', 'k2hauG7f Lorem ipsum dolor sit amet, consectetur adipiscing elit, sed do eiusmod tempor incididunt ut labore et dolore magna aliqua. Ut enim ad minim veniam, quis nos', NULL, 0, 'Idea 83 that suggest that we definitely need a longer title for ideas', 24, 15, NULL),
(116, TIMESTAMP '2018-12-21 12:08:59.16', TIMESTAMP '2018-12-22 12:08:59.16', 'dtZYVggo Lorem ipsum ', NULL, 0, 'Idea 84 that suggest that we definitely need a longer title for ideas', 25, 16, NULL),
(117, TIMESTAMP '2018-12-20 12:08:59.175', TIMESTAMP '2018-12-21 12:08:59.175', 'vhTBRa47 Lorem ipsum dolor sit amet, consectetur adipiscing elit, sed do eiusmod tempor incididunt ut labore et dolore magna aliqua. Ut enim ad minim veniam, quis nostrud exercitation ullamco laboris nisi ut aliquip ex ea commodo consequat. Duis aute irure dolor in reprehenderit in voluptate velit esse cillum dolore eu fugiat nulla pariat', NULL, 0, 'Idea 85 that suggest that we definitely need a longer title for ideas', 26, 5, NULL),
(118, TIMESTAMP '2018-12-19 12:08:59.175', TIMESTAMP '2018-12-20 12:08:59.175', 'ls4uwOAr Lorem ipsum dolor sit amet, consectetur adipiscing elit, sed do eiusmod tempor incididunt ut labore et dolore magna aliqua. Ut enim ad minim veniam, quis nostrud exercitation ullamco laboris nisi ut aliquip ex ea commodo consequat. Duis aute irure dolor in reprehenderit in voluptate velit esse cillum dolore eu fugi', NULL, 0, 'Idea 86 that suggest that we definitely need a longer title for ideas', 27, 4, NULL);
INSERT INTO PUBLIC.LAWS(ID, CREATED_AT, UPDATED_AT, DESCRIPTION, REACHED_QUORUM_AT, STATUS, TITLE, AREA_ID, CREATED_BY_ID, POLL_ID) VALUES
(119, TIMESTAMP '2018-12-18 12:08:59.175', TIMESTAMP '2018-12-19 12:08:59.175', 'WTCUp08E Lorem ipsum dolor sit amet, consectetur adipiscing elit, sed do eiusmod tempor incididunt ut labore et dolor', NULL, 0, 'Idea 87 that suggest that we definitely need a longer title for ideas', 28, 2, NULL),
(120, TIMESTAMP '2018-12-17 12:08:59.175', TIMESTAMP '2018-12-18 12:08:59.175', 'yYORfdLR Lorem ipsum dolor sit amet, consectetur adipiscing elit, sed do eiusmod tempor incididunt ut labore et dolo', NULL, 0, 'Idea 88 that suggest that we definitely need a longer title for ideas', 29, 12, NULL),
(121, TIMESTAMP '2018-12-16 12:08:59.191', TIMESTAMP '2018-12-17 12:08:59.191', 'VZ04evFE Lorem ipsum dolor sit amet, consectetur adipiscing elit, sed do eiusmod tempor incididunt ut labore et dolore magna aliqua. Ut enim ad minim veniam, quis nostrud exercitation ullamco laboris nisi ut aliquip ex ea commodo consequat. Duis aute irure dolor in reprehenderit in voluptate velit esse cillum dolore eu fugiat nulla pariatur. Except', NULL, 0, 'Idea 89 that suggest that we definitely need a longer title for ideas', 30, 12, NULL),
(122, TIMESTAMP '2018-12-15 12:08:59.191', TIMESTAMP '2018-12-16 12:08:59.191', 'fmOZWuYp Lorem ipsum dolor sit amet, consectetu', NULL, 0, 'Idea 90 that suggest that we definitely need a longer title for ideas', 21, 19, NULL),
(123, TIMESTAMP '2018-12-14 12:08:59.207', TIMESTAMP '2018-12-15 12:08:59.207', 'AnHvuDgF Lorem ipsum dolor sit amet, consectetur adipiscing elit, sed do eiusmod tempor incid', NULL, 0, 'Idea 91 that suggest that we definitely need a longer title for ideas', 22, 18, NULL),
(124, TIMESTAMP '2018-12-13 12:08:59.207', TIMESTAMP '2018-12-14 12:08:59.207', 'UPWfoYRS Lorem ipsum dolor sit amet, consectetur adipiscing elit, sed do eiusmod tempor incididunt ut labore et dolore magna aliqua. Ut enim ad minim veniam, quis nostrud exercitation ullamco laboris nisi ut a', NULL, 0, 'Idea 92 that suggest that we definitely need a longer title for ideas', 23, 11, NULL),
(125, TIMESTAMP '2018-12-12 12:08:59.222', TIMESTAMP '2018-12-13 12:08:59.222', 'tvrs7bVO Lorem ipsum dolor sit amet, consectetur adipiscing elit, sed do eiusmod tempor incididunt ut labore et dolore magna aliqua. Ut enim ad minim veniam, quis nostrud exercitation ullamco laboris nisi ut aliquip ex ea commodo consequat. Duis aute irure dolor in reprehenderit in voluptate', NULL, 0, 'Idea 93 that suggest that we definitely need a longer title for ideas', 24, 20, NULL),
(126, TIMESTAMP '2018-12-11 12:08:59.222', TIMESTAMP '2018-12-12 12:08:59.222', '3HLOcQYk Lorem ipsum dolor sit amet, consectetur adipiscing elit, sed do eiusmod tempor incididunt ut labore et dolore magna aliqua. Ut enim ad minim veniam, quis nostr', NULL, 0, 'Idea 94 that suggest that we definitely need a longer title for ideas', 25, 3, NULL),
(127, TIMESTAMP '2018-12-10 12:08:59.238', TIMESTAMP '2018-12-11 12:08:59.238', 'FnHK6dUM Lorem ipsum dolor sit amet, consectetur adipiscing elit, sed do eiusmod tempor incididunt ut labore et dolore magna aliqua. Ut enim ad minim', NULL, 0, 'Idea 95 that suggest that we definitely need a longer title for ideas', 26, 8, NULL),
(128, TIMESTAMP '2018-12-09 12:08:59.238', TIMESTAMP '2018-12-10 12:08:59.238', 'BqUDyQ6P Lorem ipsum dolor sit amet, consectetur adipiscing elit, sed do eiusmod tempor incididunt ut labore et dolore magna aliqua. Ut enim ad minim veniam, quis nostrud exercitation ullamco laboris nisi ut aliquip ex ea commodo consequat. Duis aute irure dolor in reprehenderit in voluptate ', NULL, 0, 'Idea 96 that suggest that we definitely need a longer title for ideas', 27, 6, NULL),
(129, TIMESTAMP '2018-12-08 12:08:59.269', TIMESTAMP '2018-12-09 12:08:59.269', 'aNx8wM57 Lorem ipsum dolor sit amet, consectetur adipiscing elit, sed do eiusmod tempor incididunt ut labore et dolore magna aliqua. Ut enim ', NULL, 0, 'Idea 97 that suggest that we definitely need a longer title for ideas', 28, 9, NULL);
INSERT INTO PUBLIC.LAWS(ID, CREATED_AT, UPDATED_AT, DESCRIPTION, REACHED_QUORUM_AT, STATUS, TITLE, AREA_ID, CREATED_BY_ID, POLL_ID) VALUES
(130, TIMESTAMP '2018-12-07 12:08:59.285', TIMESTAMP '2018-12-08 12:08:59.285', '5SyvhgVA Lorem ipsum dolor sit amet, consectetur adipiscing elit, sed do eiusmod tempor incididunt ut labore et dolore magna aliqua. Ut enim ad minim veniam, quis nostrud exercitation ullamco laboris nisi ut aliquip ex ea commod', NULL, 0, 'Idea 98 that suggest that we definitely need a longer title for ideas', 29, 14, NULL),
(131, TIMESTAMP '2018-12-06 12:08:59.285', TIMESTAMP '2018-12-07 12:08:59.285', 'bo7xW07K Lorem ipsum dolor sit amet, consectetur adipiscing elit, sed do eiusmod tempor incididunt ut labore et dolore magna aliqua. Ut enim ad minim veniam, quis nostrud exercitation ullamco laboris nisi ut aliquip ex ea commodo consequat. Duis aute irure dolor in reprehenderit in voluptate velit esse cillum dolore eu fugiat nulla pariatur. Excepteur sint oc', NULL, 0, 'Idea 99 that suggest that we definitely need a longer title for ideas', 30, 15, NULL),
(132, TIMESTAMP '2018-12-05 12:08:59.285', TIMESTAMP '2018-12-06 12:08:59.285', '0hbC5GAx Lorem ipsum dolor sit amet, c', NULL, 0, 'Idea 100 that suggest that we definitely need a longer title for ideas', 21, 8, NULL),
(133, TIMESTAMP '2018-12-04 12:08:59.285', TIMESTAMP '2018-12-05 12:08:59.285', 'zeuuWbwx Lorem ipsum dolor sit amet, consectetur adipiscing elit, sed do eiusmod tempor incididunt ut labore et dolore magna aliqua. Ut enim ad minim ve', NULL, 0, 'Idea 101 that suggest that we definitely need a longer title for ideas', 22, 18, NULL),
(134, TIMESTAMP '2018-12-03 12:08:59.285', TIMESTAMP '2018-12-04 12:08:59.285', 'Mnr7ouEP Lorem ipsum dolor sit amet, consectetur adi', NULL, 0, 'Idea 102 that suggest that we definitely need a longer title for ideas', 23, 17, NULL),
(135, TIMESTAMP '2018-12-02 12:08:59.3', TIMESTAMP '2018-12-03 12:08:59.3', 'YldVODfc Lorem ipsum dolor sit amet, consectetur adipiscing elit, sed do eiusmod tempor incididunt ut labore et dolore magna aliqua. Ut enim ad minim veniam, quis nostrud exercitation ullamco laboris nisi ut aliquip ex ea commodo consequat. Duis aute irure dolor in reprehenderit in voluptate velit esse cillum', NULL, 0, 'Idea 103 that suggest that we definitely need a longer title for ideas', 24, 7, NULL),
(136, TIMESTAMP '2018-12-01 12:08:59.316', TIMESTAMP '2018-12-02 12:08:59.316', 'NB77TCdX Lorem ipsum dolor sit amet, consectetur adipiscing elit, sed do eiusmod tempor incididunt ut labore et dolore magna aliqua. Ut enim ad minim veniam, quis nostrud exercitation ullamco laboris nisi ut aliquip ex ea commodo consequat. Duis aute irure dolor in reprehenderit in voluptate vel', NULL, 0, 'Idea 104 that suggest that we definitely need a longer title for ideas', 25, 15, NULL),
(137, TIMESTAMP '2018-11-30 12:08:59.316', TIMESTAMP '2018-12-01 12:08:59.316', 'zGArKRy9 Lorem ipsum dolor sit amet, consectetur adipiscing elit', NULL, 0, 'Idea 105 that suggest that we definitely need a longer title for ideas', 26, 18, NULL),
(138, TIMESTAMP '2018-11-29 12:08:59.316', TIMESTAMP '2018-11-30 12:08:59.316', 'ZEFtuWm5 Lorem ipsum dolor sit amet, consectetur adipiscing elit, sed do eiusmod tempor incididunt ut labore et dolore magna aliqua. Ut enim ad minim veniam, quis nostrud exercitation ullamco laboris nisi ut aliquip ex ea commodo consequat. Duis aute irure dolor in reprehenderit in vol', NULL, 0, 'Idea 106 that suggest that we definitely need a longer title for ideas', 27, 5, NULL),
(139, TIMESTAMP '2018-11-28 12:08:59.332', TIMESTAMP '2018-11-29 12:08:59.332', 'bw0MxHkP Lorem ipsum dolor sit amet, consectetur adipiscing elit, sed do eiusmod tempor incididunt ut labore et dolore magna aliqua. Ut enim ad minim veniam, quis nostrud exercitation ullamco laboris nisi ut aliquip ex ea commodo consequat. Duis aute irure dolor in rep', NULL, 0, 'Idea 107 that suggest that we definitely need a longer title for ideas', 28, 16, NULL),
(140, TIMESTAMP '2018-11-27 12:08:59.332', TIMESTAMP '2018-11-28 12:08:59.332', '4teexvBR Lorem ipsum dolor sit amet, consectetur adipiscing elit, sed do eiusmod tempor incididunt ut labore et dolore magna aliqua. Ut enim ad minim veniam, quis nostrud exercitation ullamco laboris nisi ut aliquip ex ea commodo consequat. Duis aute irure dolor in reprehenderit in voluptate veli', NULL, 0, 'Idea 108 that suggest that we definitely need a longer title for ideas', 29, 9, NULL);
INSERT INTO PUBLIC.LAWS(ID, CREATED_AT, UPDATED_AT, DESCRIPTION, REACHED_QUORUM_AT, STATUS, TITLE, AREA_ID, CREATED_BY_ID, POLL_ID) VALUES
(141, TIMESTAMP '2018-11-26 12:08:59.332', TIMESTAMP '2018-11-27 12:08:59.332', '7KAXebTp Lorem ipsum dolor sit amet, consectetur adipiscing elit, sed do eiusmod tempor incididunt ut labore et dolore magna aliqua. Ut enim ad minim veniam, quis nostrud exercitation ullamco labo', NULL, 0, 'Idea 109 that suggest that we definitely need a longer title for ideas', 30, 16, NULL),
(142, TIMESTAMP '2018-11-25 12:08:59.363', TIMESTAMP '2018-11-26 12:08:59.363', 'Q6X7GZG3 Lorem ipsum dolor sit amet, consectetur adipiscing elit, sed do eiusmod tempor incididunt ut labore et dolore magna aliqua. Ut enim ad minim veniam, quis nostrud exercitation ullamco laboris nisi ut aliquip ex ea commodo consequat. Duis aute irure dolor in reprehenderit in voluptate velit esse cillum dolore eu fugiat nulla pariatur. Excepteur sint occaecat ', NULL, 0, 'Idea 110 that suggest that we definitely need a longer title for ideas', 21, 4, NULL),
(143, TIMESTAMP '2019-03-13 12:08:59.41', TIMESTAMP '2019-03-14 12:08:59.41', 'nlAf92Fw Lorem ipsum dolor sit amet, consectetur adipiscing elit, sed do eiusmod tempor incididunt ut labore et dolore magna aliqua. Ut enim ad minim veniam, quis nostrud exercitation ullamco laboris nisi ut aliquip ex ea commodo consequat. Duis aute irure dolor in reprehenderit in voluptate velit esse cillum dolore eu fugiat nulla pariatur. Excepteur sint occaecat cupidatat non proident, ', TIMESTAMP '2019-03-16 12:08:59.41', 1, 'Proposal 0 that reached its quorum', 22, 8, NULL),
(144, TIMESTAMP '2019-03-15 12:08:59.425', TIMESTAMP '2019-03-16 12:08:59.425', '2YDSqkEe Lorem ipsum dolor sit amet, consectetur adipiscing elit, sed do eiusmod tempor incididunt ut labore et dolore magna a', TIMESTAMP '2019-03-16 12:08:59.425', 1, 'Proposal 1 that reached its quorum', 29, 19, NULL),
(145, TIMESTAMP '2019-03-07 12:08:59.441', TIMESTAMP '2019-03-08 12:08:59.441', 'hTkkXeCf Lorem ipsum dolor sit amet, consectetur adipiscing elit, sed do eiusmod tempor incididunt ut labore et dolore magna aliqua. Ut enim ad minim veniam, quis nostrud exercitation ullamco laboris nisi ut aliquip ex ea commodo consequat. Duis aute irure dolor in reprehenderit in voluptate velit esse cillum dolore eu fugiat nulla pariatur. Excepteur sint occ', TIMESTAMP '2019-03-16 12:08:59.425', 1, 'Proposal 2 that reached its quorum', 25, 19, NULL),
(146, TIMESTAMP '2019-03-09 12:08:59.472', TIMESTAMP '2019-03-10 12:08:59.472', 'SEnMSsOX Lorem ip', TIMESTAMP '2019-03-16 12:08:59.472', 1, 'Proposal 3 that reached its quorum', 27, 2, NULL),
(147, TIMESTAMP '2019-03-09 12:08:59.519', TIMESTAMP '2019-03-10 12:08:59.519', 'wqqofa4C Lorem ipsum dolor sit amet, consectetur adipiscing elit, sed do eiusmod tempor incididunt ut labore et dolore magna aliqua. Ut enim ad minim veniam, quis nostrud exercitation ullamco laboris nisi ut aliquip ex ea commodo consequat. Duis aute irure dolor in reprehenderit in voluptate vel', TIMESTAMP '2019-03-16 12:08:59.519', 1, 'Proposal 4 that reached its quorum', 30, 17, NULL),
(148, TIMESTAMP '2019-03-16 12:08:59.535', TIMESTAMP '2019-03-16 12:08:59.535', '3ba4fkAg Lorem ipsum d', TIMESTAMP '2019-03-16 12:08:59.535', 1, 'Proposal 5 that reached its quorum', 22, 5, NULL),
(149, TIMESTAMP '2019-03-14 12:08:59.55', TIMESTAMP '2019-03-15 12:08:59.55', 'y9lC20Rv Lorem ipsum dolor sit amet, consectetur adipiscing elit, sed do eiusmod tempor incididunt ut labore et dolore magna aliqua. Ut enim ad minim veniam, quis nostrud exercitation ullamco laboris nisi ut aliquip ex ea commodo consequat. Duis aute irure dolor i', TIMESTAMP '2019-03-16 12:08:59.55', 1, 'Proposal 6 that reached its quorum', 23, 14, NULL),
(150, TIMESTAMP '2019-03-08 12:08:59.613', TIMESTAMP '2019-03-09 12:08:59.613', 'AmVUpbwL Lorem ipsum dolor sit amet, consectetur adipiscing elit, sed do eiusmod tempor incididunt ut labore et dolore magna aliqua. Ut enim ad minim veniam, quis nostrud exercitation ullamco laboris nisi ut aliquip ex ea c', TIMESTAMP '2019-03-16 12:08:59.613', 1, 'Proposal 7 that reached its quorum', 23, 11, NULL);
INSERT INTO PUBLIC.LAWS(ID, CREATED_AT, UPDATED_AT, DESCRIPTION, REACHED_QUORUM_AT, STATUS, TITLE, AREA_ID, CREATED_BY_ID, POLL_ID) VALUES
(151, TIMESTAMP '2019-03-10 12:08:59.644', TIMESTAMP '2019-03-11 12:08:59.644', 'nElcyxms Lorem ipsum dolor sit amet, consectetur adipiscing elit, se', TIMESTAMP '2019-03-16 12:08:59.644', 1, 'Proposal 8 that reached its quorum', 27, 7, NULL),
(152, TIMESTAMP '2019-03-10 12:08:59.644', TIMESTAMP '2019-03-11 12:08:59.644', 'MBzNACaq Lorem ipsum dolor sit amet, consectetur adipiscing elit, sed do eiusmod tempor incididunt ut labore et dolore magn', TIMESTAMP '2019-03-16 12:08:59.644', 1, 'Proposal 9 that reached its quorum', 28, 12, NULL),
(153, TIMESTAMP '2019-03-16 12:08:59.66', TIMESTAMP '2019-03-16 12:08:59.66', 'Wr80AWcs Lorem ipsum dolor sit amet, consectetur adipiscing elit, sed do eiusmod tempor incididunt ut labore et dolore magna aliqua. ', TIMESTAMP '2019-03-16 12:08:59.66', 1, 'Proposal 10 that reached its quorum', 26, 6, NULL),
(154, TIMESTAMP '2019-03-12 12:08:59.66', TIMESTAMP '2019-03-13 12:08:59.66', 'qwZXYeD0 Lorem ipsum dolor sit ', TIMESTAMP '2019-03-16 12:08:59.66', 1, 'Proposal 11 that reached its quorum', 27, 1, NULL),
(155, TIMESTAMP '2019-03-09 12:08:59.66', TIMESTAMP '2019-03-10 12:08:59.66', 'X0v28AVO Lorem ipsum dolor sit amet, consectetur adipiscing elit, sed do eiusmod tempor incididunt ut labore et dolore magna aliqua. Ut enim ad minim veniam, quis nostrud exercitation ullamco laboris nisi ut aliquip ex ea commodo consequat. Duis aute irure dolor in reprehenderit in voluptate velit esse cillum dolore eu fugiat nulla pariatur. Excepteur sint occaecat cupidatat non proident, sunt in culpa qu', TIMESTAMP '2019-03-16 12:08:59.66', 1, 'Proposal 12 that reached its quorum', 24, 8, NULL),
(156, TIMESTAMP '2019-03-09 12:08:59.675', TIMESTAMP '2019-03-10 12:08:59.675', 'yYTZH7no Lorem ipsum dolor sit amet, consectetur adipiscing elit, sed do eiusmod tempor incididunt ut labore et dolore magna aliqua. Ut enim ad minim veniam, quis nostrud exercitation ullamco ', TIMESTAMP '2019-03-16 12:08:59.675', 1, 'Proposal 13 that reached its quorum', 27, 17, NULL),
(157, TIMESTAMP '2019-03-09 12:08:59.754', TIMESTAMP '2019-03-10 12:08:59.754', 'AmZ0HPh6 Lorem ipsum dolor sit amet, consectetur adipiscing elit, sed do eiusmod tempor incididunt ut labore', TIMESTAMP '2019-03-16 12:08:59.754', 1, 'Proposal 14 that reached its quorum', 30, 16, NULL),
(158, TIMESTAMP '2019-03-08 12:08:59.769', TIMESTAMP '2019-03-09 12:08:59.769', 'XFE9sZVd Lorem ipsum dolor sit amet, consectetur adipiscing elit, sed do eiusmod tempor incididunt ut labore et dolore magna aliqua. Ut enim ad minim veniam, quis nostrud exercitation ullamco laboris nisi ut aliquip ex ea commodo consequat. Duis aute irure dolor in reprehenderit in voluptate velit esse cillum dolore eu fugiat nulla pariatur. Excepteur sint occaecat cupidatat non proident, sunt in culpa ', TIMESTAMP '2019-03-16 12:08:59.769', 1, 'Proposal 15 that reached its quorum', 28, 17, NULL),
(159, TIMESTAMP '2019-03-09 12:08:59.769', TIMESTAMP '2019-03-10 12:08:59.769', 'ukq0d6ns Lorem ipsum dolor sit amet, consectetur adipiscing elit, sed do eiusmod tempor incididunt ut labore et dolore magna aliqua. Ut enim ad minim veniam, quis nostrud exercitation ullamco laboris nisi ut aliquip ex ea commodo consequat. Duis aute irure dolor in reprehenderit in voluptate velit esse cillum dolore eu fugiat nulla pariatur. Excepteur sint occaecat cupidatat non proi', TIMESTAMP '2019-03-16 12:08:59.769', 1, 'Proposal 16 that reached its quorum', 27, 11, NULL),
(160, TIMESTAMP '2019-03-12 12:08:59.785', TIMESTAMP '2019-03-13 12:08:59.785', 'GvSzzo5C Lorem ipsum dolor sit amet, consectetur adipiscing elit, sed do eiusmod tempor incididunt ut labore et dolore magna aliqua. Ut enim ad minim veniam, quis nostrud exercitation ullamco laboris nisi ut aliquip ex ea commodo consequat. Duis aute irure dolor in reprehenderit in voluptate velit esse cillum dolore eu fugiat nulla pariatur. Excepteur sint occaecat cupidatat n', TIMESTAMP '2019-03-16 12:08:59.785', 1, 'Proposal 17 that reached its quorum', 21, 19, NULL);
INSERT INTO PUBLIC.LAWS(ID, CREATED_AT, UPDATED_AT, DESCRIPTION, REACHED_QUORUM_AT, STATUS, TITLE, AREA_ID, CREATED_BY_ID, POLL_ID) VALUES
(161, TIMESTAMP '2019-03-12 12:08:59.785', TIMESTAMP '2019-03-13 12:08:59.785', 'YAS0hxvd Lorem ipsum dolor sit amet, consectetur adipiscing elit, sed do eiusmod tempor incididunt ut labor', TIMESTAMP '2019-03-16 12:08:59.785', 1, 'Proposal 18 that reached its quorum', 21, 3, NULL),
(162, TIMESTAMP '2019-03-08 12:08:59.847', TIMESTAMP '2019-03-09 12:08:59.847', 'Y9eP56PE Lorem ipsum dolor sit amet, consectetur adipiscing elit, sed do eiusmod tempor incididunt ut labore et dolore magna aliqua. Ut enim ad minim veniam, quis nostrud exercitation ullamco laboris nisi ut aliquip ex ea commodo con', TIMESTAMP '2019-03-16 12:08:59.847', 1, 'Proposal 19 that reached its quorum', 21, 11, NULL),
(163, TIMESTAMP '2019-03-13 12:08:59.847', TIMESTAMP '2019-03-14 12:08:59.847', 'H9cdzdvm Lorem ipsum dolor sit amet, consectetur adipiscing elit, sed do eiusmod tempor incididunt ut labore et dolore magna aliqua. Ut enim ad minim veniam, quis nostrud exercitation ullam', TIMESTAMP '2019-03-16 12:08:59.847', 1, 'Proposal 20 that reached its quorum', 21, 17, NULL),
(164, TIMESTAMP '2019-03-07 12:08:59.863', TIMESTAMP '2019-03-08 12:08:59.863', '60VNu9ob Lorem ipsum dolor sit amet, consectetur adipiscing elit, sed do eiusmod tempor incididunt ut labore et dolore magna aliqua. Ut enim ad minim veniam, quis nostrud exercitation ullamco', TIMESTAMP '2019-03-16 12:08:59.863', 1, 'Proposal 21 that reached its quorum', 26, 1, NULL),
(165, TIMESTAMP '2019-03-16 12:08:59.879', TIMESTAMP '2019-03-16 12:08:59.879', '05Mq0to3 Lorem ipsum dolor sit amet, consectetur adipiscing elit, sed do eiusmod tempor incididunt ut labore et dolore magna aliqua. Ut enim ad minim veniam, quis nostrud exercitation ullamco laboris nisi ut aliquip ex ea commodo consequat. Duis aute irure dolor in reprehenderit in vol', TIMESTAMP '2019-03-16 12:08:59.879', 1, 'Proposal 22 that reached its quorum', 21, 16, NULL),
(166, TIMESTAMP '2019-03-09 12:08:59.879', TIMESTAMP '2019-03-10 12:08:59.879', 'dG2QayRG Lorem ipsum dolor sit amet, consectetur adipiscing elit, sed do eiusmod tempor incididunt ut labore et dolore magna aliqua. Ut enim ad minim veniam, quis nostrud exercitation ullamco laboris nisi ut aliquip ex e', TIMESTAMP '2019-03-16 12:08:59.879', 1, 'Proposal 23 that reached its quorum', 27, 15, NULL),
(167, TIMESTAMP '2019-03-13 12:08:59.894', TIMESTAMP '2019-03-14 12:08:59.894', 'f7cEL9XL Lorem ipsum dolor sit amet, consectetur adipiscing elit, sed do eiusmod tempor incididunt ut labore et dolore magna aliqua. Ut enim ad minim veniam, quis nostrud exercitation ullamco laboris nisi ut aliquip ex ea commodo consequat. Duis aute irure dolor in reprehenderit in voluptate velit esse cillum dolore eu fugiat nulla pariatur. Excepteur sint occaecat cupidatat non proident, sunt in culpa ', TIMESTAMP '2019-03-16 12:08:59.894', 1, 'Proposal 24 that reached its quorum', 26, 19, NULL),
(168, TIMESTAMP '2019-03-09 12:08:59.91', TIMESTAMP '2019-03-10 12:08:59.91', 'eNxlk5oo Lorem ipsum dolor sit amet, consectetur adipiscing elit, ', TIMESTAMP '2019-03-16 12:08:59.91', 1, 'Proposal 25 that reached its quorum', 25, 17, NULL),
(169, TIMESTAMP '2019-03-15 12:08:59.941', TIMESTAMP '2019-03-16 12:08:59.941', 'frtq3DUR Lorem ip', TIMESTAMP '2019-03-16 12:08:59.925', 1, 'Proposal 26 that reached its quorum', 28, 6, NULL),
(170, TIMESTAMP '2019-03-10 12:08:59.941', TIMESTAMP '2019-03-11 12:08:59.941', 'lk3x9caM Lorem ipsum dolor sit amet, consectetur adipiscing elit, sed do eiusmod tempor incididunt ut labore et dolore magna aliqua. Ut enim ad minim veniam, quis nostrud exercitation ullamco laboris nisi ut aliquip ex ea commodo consequat. Duis aute irure dolor in reprehenderit in voluptate velit esse cillum dolore eu fugiat nulla pariat', TIMESTAMP '2019-03-16 12:08:59.941', 1, 'Proposal 27 that reached its quorum', 28, 13, NULL),
(171, TIMESTAMP '2019-03-08 12:08:59.941', TIMESTAMP '2019-03-09 12:08:59.941', 'k5FKGgKz Lorem ipsum dolor sit amet, consectetur adipiscing elit, sed do eiusmod tempor incididunt ut labore et dolore magna aliqua. Ut enim ad minim veniam, quis nostrud exercitation ullamco laboris nisi ut aliquip ex ea commodo consequat. Duis aute irure dolor in reprehenderit in voluptate velit esse cillum dolore eu fugiat nulla pariatur. Excepteur sint occaecat cupidatat ', TIMESTAMP '2019-03-16 12:08:59.941', 1, 'Proposal 28 that reached its quorum', 23, 18, NULL);
INSERT INTO PUBLIC.LAWS(ID, CREATED_AT, UPDATED_AT, DESCRIPTION, REACHED_QUORUM_AT, STATUS, TITLE, AREA_ID, CREATED_BY_ID, POLL_ID) VALUES
(172, TIMESTAMP '2019-03-07 12:08:59.957', TIMESTAMP '2019-03-08 12:08:59.957', 'SbkydK0O Lorem ipsum dolor sit amet, consectetur adipiscing elit, sed do eiusmod tempor incididunt ut labore et dolore magna aliqua. Ut enim ad minim veniam, quis nostrud exercitation ullamco laboris nisi ut aliquip ex ea commodo consequat. Duis aute irure dolor in reprehenderit in voluptate ve', TIMESTAMP '2019-03-16 12:08:59.957', 1, 'Proposal 29 that reached its quorum', 22, 18, NULL),
(173, TIMESTAMP '2019-03-14 12:08:59.957', TIMESTAMP '2019-03-15 12:08:59.957', 'Mr3OwQEv Lorem ipsum dolor sit amet, consectetur adipiscing elit, sed do eiusmod tempor incididunt ut labore et dolore magna aliqua. Ut enim ad minim veniam, quis nostrud exercitation ullamco laboris nisi ut aliquip ex ea commodo consequat. Duis aute irure dolor in reprehenderit in volupt', TIMESTAMP '2019-03-16 12:08:59.957', 1, 'Proposal 30 that reached its quorum', 24, 9, NULL),
(174, TIMESTAMP '2019-03-10 12:08:59.972', TIMESTAMP '2019-03-11 12:08:59.972', 'qMlGMdyy Lorem ipsum dolor sit amet, consectetur adipiscing elit, sed do eiusmod tempor incididunt ut labore et dolore magna aliqua. Ut enim ad minim veniam, quis nostrud exercitation ullamco laboris nisi ut aliquip ex ea commodo consequat. Duis aute irure dolor in reprehenderit in voluptate velit esse cill', TIMESTAMP '2019-03-16 12:08:59.972', 1, 'Proposal 31 that reached its quorum', 25, 16, NULL),
(175, TIMESTAMP '2019-03-13 12:08:59.988', TIMESTAMP '2019-03-14 12:08:59.988', 'lxuy7Dux Lorem ipsum dolor sit amet, consectetur adipiscing elit, sed do eiusmod tempor incididunt ut labore et dolore magna aliqua. Ut enim ad minim veniam, quis nostrud exercitation ullamco laboris nisi ut aliquip ex ea commodo consequat. Duis aute irure dolor in reprehenderit in voluptate v', TIMESTAMP '2019-03-16 12:08:59.988', 1, 'Proposal 32 that reached its quorum', 27, 4, NULL),
(176, TIMESTAMP '2019-03-14 12:08:59.988', TIMESTAMP '2019-03-15 12:08:59.988', '6Ow6vAa3 Lorem ipsum dolor sit amet, consectetur adipiscing elit, sed do eiusmod tempor incididunt ut labore et dolore magna aliqua. Ut enim ad minim veniam, quis nostrud exercitation ullamco laboris nisi ut aliq', TIMESTAMP '2019-03-16 12:08:59.988', 1, 'Proposal 33 that reached its quorum', 29, 1, NULL),
(177, TIMESTAMP '2019-03-14 12:09:00.082', TIMESTAMP '2019-03-15 12:09:00.082', 'Yau7xAkS Lorem ipsum dolor sit amet, consectetur adipiscing elit, sed do eiusmod tempor incididunt ut labore et dolore magna aliqua. Ut enim ad minim veniam, quis nostrud exercitation ullamco laboris nisi ut aliquip ex ea commodo consequat. Duis aute irure dolor in reprehenderit in voluptate velit esse cillum dolore eu fugiat nulla pariatur. Excepteur sint occaecat cupidatat non proident, sun', TIMESTAMP '2019-03-16 12:09:00.082', 1, 'Proposal 34 that reached its quorum', 26, 12, NULL),
(178, TIMESTAMP '2019-03-15 12:09:00.082', TIMESTAMP '2019-03-16 12:09:00.082', 'w6QmbGZG Lorem ipsum dolor sit amet, consectetur adipiscing elit, sed do eiusmod tempor incididunt ut labore et dolore magna aliqua. Ut enim ad minim veniam, quis nostrud exercitation ullamco laboris nisi ut aliquip ex ea commodo consequat. Duis aute irure dolor in reprehenderit in voluptate velit esse ci', TIMESTAMP '2019-03-16 12:09:00.082', 1, 'Proposal 35 that reached its quorum', 24, 8, NULL),
(179, TIMESTAMP '2019-03-10 12:09:00.119', TIMESTAMP '2019-03-11 12:09:00.119', '6WpflLGu Lorem ipsum dolor sit amet, consectetur adipiscing elit, sed do eiusmod tempor incididunt ut labore et dolore magna aliqua. Ut enim ad minim veniam, quis nostrud exercitation ullamco laboris nisi ut aliquip ex ea commodo consequat. Duis aute irure dol', TIMESTAMP '2019-03-16 12:09:00.104', 1, 'Proposal 36 that reached its quorum', 30, 9, NULL),
(180, TIMESTAMP '2019-03-07 12:09:00.135', TIMESTAMP '2019-03-08 12:09:00.135', 'DVGUW9L0 Lorem ipsum dolor sit amet, consectetur adipiscing elit, sed do eiusmod tempor incididunt ut labore et dolore magna aliqua. Ut enim ad minim veniam, quis nostrud exercitation ullamco laboris nisi ut aliquip ex ea commodo consequat. Duis aute irure dolor in reprehenderit in voluptate velit esse cillum dolore eu fugiat nulla pariatur. Exce', TIMESTAMP '2019-03-16 12:09:00.119', 1, 'Proposal 37 that reached its quorum', 23, 6, NULL);
INSERT INTO PUBLIC.LAWS(ID, CREATED_AT, UPDATED_AT, DESCRIPTION, REACHED_QUORUM_AT, STATUS, TITLE, AREA_ID, CREATED_BY_ID, POLL_ID) VALUES
(181, TIMESTAMP '2019-03-10 12:09:00.135', TIMESTAMP '2019-03-11 12:09:00.135', 'W8EvSQn5 Lorem ipsum dolor sit amet, consectetur adipiscing elit, sed do eiusmod tempor incididunt ut labore et dolore magna aliqua. Ut enim ad minim veniam, quis nostrud exercitation ullamco laboris nisi ut aliquip ex ea commodo consequat. Duis aute irure dolor in ', TIMESTAMP '2019-03-16 12:09:00.135', 1, 'Proposal 38 that reached its quorum', 29, 16, NULL),
(182, TIMESTAMP '2019-03-07 12:09:00.166', TIMESTAMP '2019-03-08 12:09:00.166', 'ZetWm00g Lorem ipsum dolor sit amet, consectetur a', TIMESTAMP '2019-03-16 12:09:00.151', 1, 'Proposal 39 that reached its quorum', 24, 20, NULL),
(183, TIMESTAMP '2019-03-09 12:09:00.166', TIMESTAMP '2019-03-10 12:09:00.166', 'GgFqVq4U Lorem ipsum dolor sit amet, consectetur adipiscing elit, sed do eiusmod tempor incididunt ut labore et dolore magna aliqua. Ut enim ad minim veniam, quis nostrud exercitation ullamco laboris nisi ut aliquip ex ea commodo consequat. Duis aute irure do', TIMESTAMP '2019-03-16 12:09:00.166', 1, 'Proposal 40 that reached its quorum', 28, 15, NULL),
(184, TIMESTAMP '2019-03-12 12:09:00.166', TIMESTAMP '2019-03-13 12:09:00.166', 'NaQoNk6L Lorem ipsum dolor sit amet, consectetur adipiscing elit, sed do eiusmod tempor incididunt ut labore et dolore magna aliqua. Ut enim ad minim veniam, quis nostrud exercitation ullamco laboris nisi ut aliquip ex ea commodo consequat. Duis', TIMESTAMP '2019-03-16 12:09:00.166', 1, 'Proposal 41 that reached its quorum', 23, 19, NULL),
(185, TIMESTAMP '2019-03-09 12:09:00.182', TIMESTAMP '2019-03-10 12:09:00.182', 'gcOtsqZT Lorem ipsum dolor sit amet, consectetur adipiscing elit, sed do eiu', TIMESTAMP '2019-03-16 12:09:00.182', 1, 'Proposal 42 that reached its quorum', 25, 16, NULL),
(186, TIMESTAMP '2019-03-09 12:09:00.198', TIMESTAMP '2019-03-10 12:09:00.198', 'TANp2fMv Lorem ipsum dolor sit amet, consectetur adipiscing elit, sed do eiusmod tempor incididunt ut labore et dolore magna aliqua. Ut enim ad minim veniam, quis nostrud exercitation ullamco laboris n', TIMESTAMP '2019-03-16 12:09:00.198', 1, 'Proposal 43 that reached its quorum', 30, 2, NULL),
(187, TIMESTAMP '2019-03-14 12:09:00.198', TIMESTAMP '2019-03-15 12:09:00.198', 'hnbfTxP8 Lorem ipsum dolor sit amet, consectetur adipiscing elit, sed do eiusmod tempor incididunt ut labore et dolore magna aliqua. Ut enim ad minim veniam, quis nostrud exercitation ullamco laboris nisi ut aliquip ex ea commodo consequat. Duis aute irure dolor in reprehenderit in voluptate velit esse', TIMESTAMP '2019-03-16 12:09:00.198', 1, 'Proposal 44 that reached its quorum', 30, 1, NULL),
(188, TIMESTAMP '2019-03-16 12:09:00.213', TIMESTAMP '2019-03-16 12:09:00.213', 'DPZEBVdN Lorem ipsum dolor sit amet, consectetur adipiscing elit, sed do eiusmod tempor incididunt ut labore et dolore magna aliqua. Ut enim ad minim veniam, quis nostrud exercitation ullamco laboris nisi ut aliquip ex ea commodo consequat. Duis aute irure dolor in reprehenderit in voluptate velit esse cillum dolore eu fugiat nulla pariatur. Excepteur sint occaecat cup', TIMESTAMP '2019-03-16 12:09:00.213', 1, 'Proposal 45 that reached its quorum', 25, 4, NULL),
(189, TIMESTAMP '2019-03-10 12:09:00.229', TIMESTAMP '2019-03-11 12:09:00.229', 'rAtbeogV Lorem ipsum dolor sit amet, consectetur adipiscing ', TIMESTAMP '2019-03-16 12:09:00.229', 1, 'Proposal 46 that reached its quorum', 30, 12, NULL),
(190, TIMESTAMP '2019-03-08 12:09:00.229', TIMESTAMP '2019-03-09 12:09:00.229', 'vVc5YOK6 Lorem ipsum dolor sit amet, consectetur adipiscing elit, sed do eiusmod tempor incididunt ut labore et dolore magna aliqua. Ut enim ad minim veniam, quis nostrud exercitation ullamco laboris nisi ut aliquip ex ea commodo consequat. Duis aute irure dolor in reprehenderit in voluptate velit esse cillum dolore eu fugiat nulla pariatur. Excepteur sint occaecat cupidatat non proident, su', TIMESTAMP '2019-03-16 12:09:00.229', 1, 'Proposal 47 that reached its quorum', 29, 14, NULL);
INSERT INTO PUBLIC.LAWS(ID, CREATED_AT, UPDATED_AT, DESCRIPTION, REACHED_QUORUM_AT, STATUS, TITLE, AREA_ID, CREATED_BY_ID, POLL_ID) VALUES
(191, TIMESTAMP '2019-03-11 12:09:00.229', TIMESTAMP '2019-03-12 12:09:00.229', 'NqKpbHBa Lorem ipsum dolor sit amet, consectetur adipiscing elit, sed do eiusmod tempor incididunt ut labore et dolore magna aliqua. Ut enim ad minim veniam, quis n', TIMESTAMP '2019-03-16 12:09:00.229', 1, 'Proposal 48 that reached its quorum', 22, 5, NULL),
(192, TIMESTAMP '2019-03-12 12:09:00.244', TIMESTAMP '2019-03-13 12:09:00.244', 'QF90VPFf Lorem ipsum dolor sit amet, consectetur adipiscing elit, sed do eiusmod tempor i', TIMESTAMP '2019-03-16 12:09:00.244', 1, 'Proposal 49 that reached its quorum', 22, 11, NULL),
(193, TIMESTAMP '2019-03-08 12:09:00.26', TIMESTAMP '2019-03-09 12:09:00.26', 'Lorem ipsum dolor sit amet, consectetur adipiscing elit, sed do eiusmod tempor incididunt ut labore et dolore magna aliqua. Ut enim ad minim veniam, quis nostrud exercitation ullamco ', TIMESTAMP '2019-03-16 12:09:00.26', 1, 'Proposal 0 for user testuser1@liquido.de', 25, 1, NULL),
(198, TIMESTAMP '2019-03-15 12:09:00.307', TIMESTAMP '2019-03-16 12:09:00.307', 'Lorem ipsum dolor sit amet, consectetur adipiscing elit, sed do eiusmod tempor incididunt ut labore et dolore magna aliqua. Ut enim ad minim veniam, quis nostrud exercitation ullamco laboris nisi ut aliquip ex ea commodo consequat. Duis aute irure dolor in reprehenderit in voluptate velit esse cillum dolore eu fugiat nulla pariatur', TIMESTAMP '2019-03-16 12:09:00.307', 1, 'Proposal 1 for user testuser1@liquido.de', 21, 1, NULL),
(203, TIMESTAMP '2019-03-11 12:09:00.323', TIMESTAMP '2019-03-12 12:09:00.323', 'Lorem ipsum dolor sit amet, consectetur adipiscing elit, sed do eiusmod tempor incididunt ut labore et dolore magna aliqua. Ut enim ', TIMESTAMP '2019-03-16 12:09:00.323', 1, 'Proposal 2 for user testuser1@liquido.de', 30, 1, NULL),
(210, TIMESTAMP '2019-03-14 12:09:00.338', TIMESTAMP '2019-03-15 12:09:00.338', 'Lorem ipsum dolor sit amet, consectetur adipiscing elit, sed do eiusmod tempor incididunt ut labore et dolore magna aliqua. Ut enim ad minim veniam, quis nostrud exerci', TIMESTAMP '2019-03-16 12:09:00.338', 1, 'Proposal 3 for user testuser1@liquido.de', 22, 1, NULL),
(216, TIMESTAMP '2019-03-15 12:09:00.354', TIMESTAMP '2019-03-16 12:09:00.354', 'Lorem ipsum dolor sit amet, consectetur adipiscing elit, sed do eiusmod tempor incididunt ut labore et dolore magna aliqua. Ut enim ad minim veniam, quis nostrud exercitation ullamco laboris nisi ut aliquip ex ea commodo consequat. Duis aute irure dolor in reprehenderit in voluptate velit ess', TIMESTAMP '2019-03-16 12:09:00.354', 1, 'Proposal 4 for user testuser1@liquido.de', 22, 1, NULL),
(231, TIMESTAMP '2019-03-06 12:09:08.62', TIMESTAMP '2019-03-16 12:09:08.651', 'Lorem ipsum dolor sit amet, consectetur adipiscing elit, sed do eiusmod tempor incididunt ut labore et dolore magna aliqua. Ut enim ad minim veniam, quis no', TIMESTAMP '2019-03-16 12:09:08.62', 2, 'Initial Proposal in a poll that is in elaboration 1552734548620', 21, 13, 237),
(238, TIMESTAMP '2019-02-24 12:09:08.651', TIMESTAMP '2019-03-16 12:09:08.729', 'Lorem ipsum dolor sit amet, consectetur adipiscing elit, sed do eiusmod tempor incididunt ut labore et dolore magna aliqua. Ut enim ad minim veniam, quis nostrud exercitation ullamco laboris nisi ut aliquip ex ea commodo consequat. Duis aute irure dolor in reprehenderit in voluptate velit esse cillum d', TIMESTAMP '2019-03-16 12:09:08.651', 2, 'Alternative Proposal1 in a poll that is in elaboration1552734548651', 21, 15, 237),
(246, TIMESTAMP '2019-02-24 12:09:08.776', TIMESTAMP '2019-03-16 12:09:08.838', 'Lorem ipsum dolor sit amet, consectetur adipiscing elit, sed do eiusmod tempor incididunt ut labore et dolore magna aliqua. Ut enim ad minim veniam, quis nostrud exercitation ullamco laboris nisi ut aliquip ex ea commodo consequat. Duis aute irure dolor in reprehenderit in voluptate velit esse cillum dolore eu fugiat nulla pariatur. Excepteur sint occaecat cupidatat non proident, sunt in culpa', TIMESTAMP '2019-03-16 12:09:08.776', 2, 'Alternative Proposal2 in a poll that is in elaboration1552734548729', 21, 7, 237);
INSERT INTO PUBLIC.LAWS(ID, CREATED_AT, UPDATED_AT, DESCRIPTION, REACHED_QUORUM_AT, STATUS, TITLE, AREA_ID, CREATED_BY_ID, POLL_ID) VALUES
(250, TIMESTAMP '2019-02-24 12:09:08.838', TIMESTAMP '2019-03-16 12:09:08.87', 'Lorem ipsum dolor sit amet, consectetur adipiscing elit, sed do eiusmod tempor incididunt ut labore et dolore magna aliqua. Ut enim ad minim veniam, quis nostrud exercitation ullamco laboris nisi ut aliquip ex ea commodo consequat. Duis aute irure dolor in reprehenderit in voluptate velit esse ci', TIMESTAMP '2019-03-16 12:09:08.838', 2, 'Alternative Proposal3 in a poll that is in elaboration1552734548838', 21, 3, 237),
(258, TIMESTAMP '2019-02-24 12:09:08.87', TIMESTAMP '2019-03-16 12:09:08.901', 'Lorem ipsum dolor sit amet, consectetur adipiscing elit, sed do eiusmod tempor incididunt ut labore et dolore magna aliqua. Ut enim ad minim veniam, quis nostrud exercitation ullamco laboris nisi ut aliquip ex ea commodo consequa', TIMESTAMP '2019-03-16 12:09:08.87', 2, 'Alternative Proposal4 in a poll that is in elaboration1552734548870', 21, 5, 237),
(264, TIMESTAMP '2019-03-06 12:09:08.917', TIMESTAMP '2019-03-16 12:09:09.198', 'Lorem ipsum dolor sit amet, consectetur adipiscing elit, sed do eiusmod tempor incididunt ut labore et dolore magna aliqua. Ut enim ad minim veniam, quis nostrud exe', TIMESTAMP '2019-03-16 12:09:08.917', 3, 'Proposal 5 in voting phase 1552734549120', 21, 13, 270),
(271, TIMESTAMP '2019-02-24 12:09:08.932', TIMESTAMP '2019-03-16 12:09:09.198', 'Lorem ipsum dolor sit amet, consectetur adipiscing elit, sed do eiusmod tempor incididunt ut labore et dolore magna aliqua. Ut enim ad minim veniam, quis nostrud exercitation ullamco laboris nisi ut aliquip ex ea commodo consequat. Duis aute irure dolor in reprehenderit in voluptate velit', TIMESTAMP '2019-03-16 12:09:08.932', 3, 'Proposal 4 in voting phase 1552734549120', 21, 15, 270),
(279, TIMESTAMP '2019-02-24 12:09:08.979', TIMESTAMP '2019-03-16 12:09:09.198', 'Lorem ipsum dolor sit amet, consectetur adipiscing elit, sed do eiusmod tempor incididunt ut labore et dolore magna aliqua. Ut enim ad minim veniam, quis nostrud exercitation ullamco laboris nisi ut aliquip e', TIMESTAMP '2019-03-16 12:09:08.963', 3, 'Proposal 3 in voting phase 1552734549120', 21, 7, 270),
(283, TIMESTAMP '2019-02-24 12:09:08.995', TIMESTAMP '2019-03-16 12:09:09.198', 'Lorem ipsum dolor sit amet, consectetur adipiscing elit, sed do eiusmod tempor incididunt ut labore et dolore magna aliqua. Ut enim ad minim veniam, quis nostrud exercitation ullamco laboris nisi ut aliquip ex ea commodo consequat. Duis aute irure dolor in repre', TIMESTAMP '2019-03-16 12:09:08.995', 3, 'Proposal 2 in voting phase 1552734549120', 21, 3, 270),
(287, TIMESTAMP '2019-02-24 12:09:09.042', TIMESTAMP '2019-03-16 12:09:09.198', 'Lorem ipsum dolor sit amet, consectetur adipiscing elit, sed do eiusmod tempor incididunt ut labore et dolore magna aliqua. Ut enim ad minim ven', TIMESTAMP '2019-03-16 12:09:09.042', 3, 'Proposal 1 in voting phase 1552734549120', 21, 5, 270),
(295, TIMESTAMP '2019-03-06 12:09:09.198', TIMESTAMP '2019-03-16 12:09:09.526', 'Lorem ipsum dolor sit amet, consectetur adipiscing elit, sed do eiusmod tempor incididunt ut labore et dolore magna aliqua. Ut enim ad minim veniam, quis nostrud exercitation ullamco laboris nisi ut aliquip ex ea commodo consequat. Duis aute irure dolor in reprehenderit in voluptate velit esse cillum do', TIMESTAMP '2019-03-16 12:09:09.198', 3, 'Proposal 5 in voting phase 1552734549417', 21, 13, 302),
(303, TIMESTAMP '2019-02-24 12:09:09.229', TIMESTAMP '2019-03-16 12:09:09.526', 'Lorem ipsum dolor sit amet, consectetur adipiscing elit, sed do eiusmod tempor incididunt ut labore et dolore magna aliqua. Ut enim ad minim veniam, quis nostrud exercitation ullamco laboris nisi ut aliquip ex ea commodo consequat. Duis aute irure dolor in reprehe', TIMESTAMP '2019-03-16 12:09:09.229', 3, 'Proposal 4 in voting phase 1552734549417', 21, 15, 302),
(310, TIMESTAMP '2019-02-24 12:09:09.276', TIMESTAMP '2019-03-16 12:09:09.526', 'Lorem ipsum dolor sit amet, consectetur adipiscing elit, sed do eiusmod tempor incididunt ut labore et dolore magna aliqua. Ut enim ad minim veniam, quis nostrud exercitation ullamco laboris nisi ut aliquip ex ea commodo consequat. Duis aute irure dolor in reprehenderit in voluptate velit esse cillum dolore eu fugiat nulla pariatur. ', TIMESTAMP '2019-03-16 12:09:09.276', 3, 'Proposal 3 in voting phase 1552734549417', 21, 7, 302);
INSERT INTO PUBLIC.LAWS(ID, CREATED_AT, UPDATED_AT, DESCRIPTION, REACHED_QUORUM_AT, STATUS, TITLE, AREA_ID, CREATED_BY_ID, POLL_ID) VALUES
(318, TIMESTAMP '2019-02-24 12:09:09.323', TIMESTAMP '2019-03-16 12:09:09.526', 'Lorem ipsum dolor sit amet, consectetur adipiscing elit, sed do eiusmod tempor incididunt ut labore et dolore magna aliqua. Ut enim ad minim veniam, quis nostrud exercitation ullamco laboris nisi ut aliquip ex ea commodo consequat. Duis aute irure dolor in reprehenderit in voluptate velit esse cillum dolore eu fu', TIMESTAMP '2019-03-16 12:09:09.323', 3, 'Proposal 2 in voting phase 1552734549417', 21, 3, 302),
(324, TIMESTAMP '2019-02-24 12:09:09.385', TIMESTAMP '2019-03-16 12:09:09.526', 'Lorem ipsum dolor sit amet, consectetur adipiscing elit, sed do eiusmod tempor incididunt ut labore et dolore m', TIMESTAMP '2019-03-16 12:09:09.385', 3, 'Proposal 1 in voting phase 1552734549417', 21, 5, 302),
(345, TIMESTAMP '2019-03-06 12:09:15.199', TIMESTAMP '2019-03-16 12:09:18.986', 'Lorem ipsum dolor sit amet, consectetur adipiscing elit, sed do eiusmod tempor incididunt ut labore et dolore magna aliqua. Ut enim ad minim veniam, quis nostrud exercitation', TIMESTAMP '2019-03-16 12:09:15.199', 5, 'Proposal 5 in voting phase 1552734555340', 21, 13, 351),
(352, TIMESTAMP '2019-02-24 12:09:15.215', TIMESTAMP '2019-03-16 12:09:18.986', 'Lorem ipsum dolor sit amet, consectetur adipiscing elit, sed do eiusmod tempor incididunt ut labore et dolore magna aliqua. Ut enim ad minim veniam, quis nostrud ex', TIMESTAMP '2019-03-16 12:09:15.215', 5, 'Proposal 4 in voting phase 1552734555340', 21, 15, 351),
(358, TIMESTAMP '2019-02-24 12:09:15.246', TIMESTAMP '2019-03-16 12:09:18.986', 'Lorem ipsum dolor sit amet, consectetur adipiscing elit, sed do eiusmod tempor incididunt ut labore et dolore magna aliqua. Ut enim ad minim veniam, quis nostrud exercitation ullamco laboris nisi ut aliquip ex ea commodo consequat. Duis aute irure dolor in reprehenderit in v', TIMESTAMP '2019-03-16 12:09:15.246', 5, 'Proposal 3 in voting phase 1552734555340', 21, 7, 351),
(363, TIMESTAMP '2019-02-24 12:09:15.277', TIMESTAMP '2019-03-16 12:09:18.986', 'Lorem ipsum dolor sit amet, consectetur adipiscing elit, sed do eiusmod tempor incididunt ut labore et dolore magna aliqua. Ut enim ad minim ven', TIMESTAMP '2019-03-16 12:09:15.261', 4, 'Proposal 2 in voting phase 1552734555340', 21, 3, 351),
(370, TIMESTAMP '2019-02-24 12:09:15.293', TIMESTAMP '2019-03-16 12:09:18.986', 'Lorem ipsum dolor sit amet, consectetur adipiscing elit, sed do eiusmod tempor incididunt ut labore et dolore magna aliqua. Ut enim ad minim veniam, qui', TIMESTAMP '2019-03-16 12:09:15.293', 5, 'Proposal 1 in voting phase 1552734555340', 21, 5, 351),
(391, TIMESTAMP '2019-02-24 12:09:19.001', TIMESTAMP '2019-03-16 12:09:19.001', 'Lorem ipsum dolor sit amet, consectetur adipiscing elit, sed do eiusmod tempor incididunt ut labore et dolore magna aliqua. Ut enim ad minim veniam, quis nostrud exercitation ullamco laboris nisi ut aliquip ex ea commodo consequat. Duis aute irure dolor in reprehenderit in volup', TIMESTAMP '2019-02-20 12:09:18.986', 4, 'Law 0', 21, 1, NULL),
(392, TIMESTAMP '2019-02-23 12:09:19.033', TIMESTAMP '2019-03-16 12:09:19.033', 'Lorem ipsum dolor sit amet, consectetur adipiscing elit, sed do eiusmod tempor incididunt ut labore et dolore magna aliqua. Ut enim ad minim veniam, quis nostrud exercitation ullamco laboris nisi ut aliquip ex ea commodo consequat. Duis aute irure dolor in reprehenderit in v', TIMESTAMP '2019-02-20 12:09:19.017', 4, 'Law 1', 21, 1, NULL);
CREATE MEMORY TABLE PUBLIC.LAWS_COMMENTS(
LAW_MODEL_ID BIGINT NOT NULL,
COMMENTS_ID BIGINT NOT NULL
);
ALTER TABLE PUBLIC.LAWS_COMMENTS ADD CONSTRAINT PUBLIC.CONSTRAINT_A0 PRIMARY KEY(LAW_MODEL_ID, COMMENTS_ID);
-- 25 +/- SELECT COUNT(*) FROM PUBLIC.LAWS_COMMENTS;
INSERT INTO PUBLIC.LAWS_COMMENTS(LAW_MODEL_ID, COMMENTS_ID) VALUES
(193, 194),
(198, 199),
(203, 204),
(210, 211),
(216, 217),
(231, 232),
(238, 239),
(246, 247),
(250, 251),
(258, 259),
(264, 265),
(271, 272),
(279, 280),
(283, 284),
(287, 288),
(295, 296),
(303, 304),
(310, 311),
(318, 319),
(324, 325),
(345, 346),
(352, 353),
(358, 359),
(363, 364),
(370, 371);
CREATE MEMORY TABLE PUBLIC.LAWS_SUPPORTERS(
LAW_MODEL_ID BIGINT NOT NULL,
SUPPORTERS_ID BIGINT NOT NULL
);
ALTER TABLE PUBLIC.LAWS_SUPPORTERS ADD CONSTRAINT PUBLIC.CONSTRAINT_C PRIMARY KEY(LAW_MODEL_ID, SUPPORTERS_ID);
-- 1266 +/- SELECT COUNT(*) FROM PUBLIC.LAWS_SUPPORTERS;
INSERT INTO PUBLIC.LAWS_SUPPORTERS(LAW_MODEL_ID, SUPPORTERS_ID) VALUES
(31, 20),
(31, 19),
(31, 4),
(31, 1),
(33, 7),
(34, 8),
(34, 10),
(34, 16),
(34, 12),
(34, 15),
(35, 9),
(35, 7),
(35, 16),
(35, 19),
(35, 1),
(35, 8),
(36, 2),
(36, 1),
(36, 3),
(36, 16),
(37, 20),
(37, 19),
(37, 2),
(37, 17),
(37, 3),
(39, 17),
(39, 6),
(40, 10),
(40, 3),
(40, 4),
(40, 7),
(40, 9),
(40, 5),
(41, 8),
(41, 18),
(42, 14),
(42, 3),
(43, 9),
(44, 6),
(44, 7),
(44, 10),
(45, 20),
(45, 17),
(45, 4),
(45, 1),
(45, 5),
(45, 9),
(46, 20),
(46, 10),
(46, 4),
(46, 17),
(46, 5),
(48, 6),
(48, 7),
(48, 3),
(48, 16),
(48, 14),
(48, 10),
(49, 10),
(49, 11),
(49, 19),
(50, 7),
(50, 10),
(50, 6),
(50, 13),
(51, 11),
(51, 18),
(51, 14),
(51, 4),
(51, 9),
(51, 5),
(51, 8),
(52, 4),
(52, 8),
(53, 16),
(53, 8),
(53, 4),
(53, 9),
(53, 6),
(53, 12),
(54, 17),
(54, 14),
(54, 4),
(54, 18),
(55, 6),
(56, 13),
(56, 8),
(56, 1),
(56, 10),
(56, 16),
(56, 3),
(56, 9),
(56, 17),
(57, 20),
(57, 4),
(57, 1),
(57, 7),
(57, 11),
(57, 2),
(57, 12),
(57, 13),
(58, 14),
(58, 5),
(58, 6),
(58, 15),
(58, 18),
(58, 20),
(58, 7),
(58, 9),
(59, 19),
(59, 16),
(59, 3),
(59, 14),
(59, 12),
(60, 14),
(60, 3),
(60, 20),
(60, 2),
(60, 7),
(60, 18),
(60, 11),
(60, 5),
(61, 2),
(61, 11),
(61, 20),
(61, 12),
(61, 8),
(61, 15),
(61, 14),
(61, 7),
(62, 9),
(62, 11),
(63, 18),
(63, 19),
(63, 9),
(63, 11),
(63, 8),
(64, 16),
(64, 12),
(64, 17),
(65, 3),
(65, 8),
(65, 9),
(65, 12),
(66, 14),
(66, 12),
(66, 11),
(66, 1),
(68, 4),
(68, 7),
(68, 1),
(68, 13),
(68, 6),
(68, 17),
(70, 11),
(70, 1),
(70, 13),
(70, 12),
(70, 10),
(71, 17),
(71, 8),
(71, 18),
(71, 13),
(71, 10),
(71, 16),
(71, 9),
(71, 12),
(72, 10),
(72, 1),
(72, 12),
(72, 19),
(72, 15),
(72, 18),
(72, 5),
(72, 9),
(73, 5),
(73, 20),
(73, 1),
(73, 16),
(73, 19),
(73, 14),
(74, 17),
(74, 20),
(74, 5),
(74, 12),
(74, 8),
(74, 16),
(74, 9),
(74, 2),
(75, 14),
(75, 16),
(75, 20),
(75, 7),
(75, 5),
(75, 8),
(76, 14),
(76, 7),
(77, 8),
(77, 2),
(77, 20),
(77, 3),
(77, 10),
(77, 9),
(77, 19),
(78, 9),
(78, 11),
(78, 1),
(78, 15),
(78, 7),
(78, 16),
(79, 20),
(79, 5),
(79, 2),
(79, 10),
(79, 3),
(79, 12),
(79, 1),
(79, 18),
(81, 20),
(81, 18),
(81, 5),
(81, 15),
(81, 1),
(81, 16),
(81, 19),
(82, 3),
(82, 4),
(82, 14),
(82, 10),
(82, 7),
(84, 10),
(84, 19),
(85, 15),
(85, 2),
(86, 10),
(86, 1),
(86, 12),
(87, 20),
(87, 17),
(87, 13),
(87, 2),
(87, 12),
(87, 18),
(88, 14),
(88, 20),
(88, 18),
(89, 10),
(89, 13),
(89, 7),
(89, 5),
(89, 3),
(89, 14),
(89, 18),
(89, 12),
(91, 20),
(91, 8),
(91, 5),
(91, 4),
(91, 12),
(92, 4),
(92, 11),
(92, 14),
(92, 1),
(93, 9),
(93, 19),
(93, 1),
(93, 13),
(93, 11),
(93, 12),
(93, 8),
(94, 15),
(94, 7),
(94, 13),
(95, 14),
(95, 1),
(95, 8),
(95, 3),
(95, 5),
(95, 12),
(96, 10),
(96, 20),
(96, 12),
(96, 4),
(96, 9),
(96, 16),
(96, 5),
(96, 7),
(97, 16),
(97, 8),
(97, 3),
(97, 18),
(97, 19),
(97, 1),
(97, 11),
(97, 5),
(98, 17),
(98, 11),
(98, 16),
(98, 10),
(98, 4),
(98, 2),
(99, 10),
(99, 19),
(99, 7),
(99, 16),
(99, 9),
(100, 10),
(100, 3),
(100, 19),
(101, 13),
(101, 11),
(101, 7),
(101, 5),
(101, 2),
(101, 8),
(101, 20),
(101, 15),
(102, 9),
(102, 3),
(102, 10),
(102, 5),
(102, 2),
(102, 1),
(102, 19),
(103, 20),
(103, 5),
(103, 17),
(104, 6),
(104, 2),
(104, 8),
(104, 16),
(104, 12),
(105, 5),
(105, 18),
(105, 10),
(105, 13),
(105, 2),
(107, 9),
(107, 10),
(107, 2),
(107, 18),
(107, 16),
(107, 20),
(107, 5),
(107, 4),
(108, 16),
(109, 15),
(109, 11),
(110, 13),
(110, 18),
(111, 9),
(111, 7),
(111, 1),
(111, 16),
(111, 18),
(111, 17),
(111, 15),
(111, 14),
(112, 16),
(112, 11),
(112, 2),
(112, 3),
(112, 4),
(112, 15),
(112, 1),
(113, 10),
(113, 11),
(114, 16),
(114, 6),
(116, 14),
(116, 8),
(116, 7),
(116, 15),
(117, 1),
(118, 16),
(119, 4),
(119, 14),
(119, 11),
(120, 7),
(120, 11),
(120, 9),
(120, 19),
(120, 10),
(120, 13),
(121, 1),
(121, 14),
(121, 8),
(121, 7),
(121, 4),
(121, 20),
(122, 15),
(122, 8),
(122, 1),
(122, 11),
(122, 6),
(122, 16),
(123, 4),
(123, 16),
(123, 10),
(123, 5),
(123, 7),
(123, 8),
(123, 12),
(123, 11),
(124, 16),
(124, 13),
(124, 3),
(124, 12),
(124, 17),
(125, 3),
(125, 7),
(125, 13);
INSERT INTO PUBLIC.LAWS_SUPPORTERS(LAW_MODEL_ID, SUPPORTERS_ID) VALUES
(125, 17),
(125, 12),
(125, 10),
(125, 5),
(126, 9),
(127, 6),
(127, 14),
(127, 20),
(127, 16),
(127, 4),
(127, 1),
(128, 12),
(129, 7),
(129, 20),
(129, 8),
(129, 16),
(129, 3),
(129, 2),
(129, 13),
(129, 14),
(130, 15),
(130, 20),
(130, 4),
(132, 11),
(132, 15),
(132, 10),
(132, 2),
(132, 3),
(133, 1),
(133, 8),
(133, 10),
(133, 12),
(135, 1),
(135, 4),
(135, 12),
(135, 9),
(135, 3),
(136, 6),
(136, 1),
(136, 14),
(136, 4),
(136, 9),
(136, 5),
(136, 11),
(136, 2),
(138, 15),
(138, 18),
(138, 12),
(138, 10),
(138, 2),
(138, 3),
(139, 13),
(139, 14),
(140, 15),
(140, 3),
(140, 12),
(140, 5),
(140, 18),
(140, 11),
(141, 5),
(141, 18),
(141, 17),
(141, 8),
(142, 12),
(142, 5),
(142, 6),
(142, 2),
(142, 16),
(142, 11),
(142, 15),
(143, 10),
(143, 16),
(143, 11),
(143, 4),
(143, 20),
(143, 18),
(143, 2),
(143, 6),
(143, 7),
(143, 14),
(144, 1),
(144, 10),
(144, 12),
(144, 4),
(144, 2),
(144, 15),
(144, 20),
(144, 11),
(144, 16),
(144, 9),
(145, 10),
(145, 4),
(145, 6),
(145, 20),
(145, 5),
(145, 14),
(145, 18),
(145, 9),
(145, 13),
(145, 2),
(146, 18),
(146, 9),
(146, 12),
(146, 13),
(146, 5),
(146, 4),
(146, 11),
(146, 19),
(146, 3),
(146, 8),
(147, 6),
(147, 9),
(147, 5),
(147, 20),
(147, 15),
(147, 4),
(147, 16),
(147, 8),
(147, 10),
(147, 19),
(148, 14),
(148, 17),
(148, 9),
(148, 18),
(148, 12),
(148, 1),
(148, 11),
(148, 3),
(148, 19),
(148, 13),
(149, 3),
(149, 19),
(149, 2),
(149, 7),
(149, 11),
(149, 18),
(149, 15),
(149, 10),
(149, 20),
(149, 17),
(150, 9),
(150, 7),
(150, 8),
(150, 6),
(150, 2),
(150, 3),
(150, 12),
(150, 13),
(150, 1),
(150, 10),
(151, 8),
(151, 9),
(151, 6),
(151, 15),
(151, 2),
(151, 20),
(151, 18),
(151, 5),
(151, 3),
(151, 1),
(152, 3),
(152, 18),
(152, 15),
(152, 16),
(152, 5),
(152, 9),
(152, 13),
(152, 11),
(152, 7),
(152, 17),
(153, 12),
(153, 14),
(153, 13),
(153, 5),
(153, 1),
(153, 16),
(153, 3),
(153, 17),
(153, 4),
(153, 20),
(154, 12),
(154, 13),
(154, 9),
(154, 7),
(154, 14),
(154, 19),
(154, 16),
(154, 3),
(154, 18),
(154, 8),
(155, 14),
(155, 16),
(155, 5),
(155, 1),
(155, 19),
(155, 18),
(155, 13),
(155, 11),
(155, 6),
(155, 12),
(156, 10),
(156, 20),
(156, 6),
(156, 11),
(156, 4),
(156, 1),
(156, 2),
(156, 12),
(156, 19),
(156, 3),
(157, 19),
(157, 11),
(157, 9),
(157, 12),
(157, 4),
(157, 7),
(157, 8),
(157, 1),
(157, 20),
(157, 10),
(158, 2),
(158, 16),
(158, 12),
(158, 7),
(158, 11),
(158, 3),
(158, 4),
(158, 19),
(158, 14),
(158, 13),
(159, 2),
(159, 17),
(159, 19),
(159, 6),
(159, 7),
(159, 9),
(159, 20),
(159, 16),
(159, 13),
(159, 3),
(160, 6),
(160, 20),
(160, 14),
(160, 7),
(160, 5),
(160, 17),
(160, 12),
(160, 18),
(160, 15),
(160, 9),
(161, 16),
(161, 1),
(161, 2),
(161, 15),
(161, 11),
(161, 8),
(161, 20),
(161, 13),
(161, 17),
(161, 5),
(162, 15),
(162, 14),
(162, 13),
(162, 18),
(162, 2),
(162, 12),
(162, 16),
(162, 3),
(162, 9),
(162, 10),
(163, 19),
(163, 18),
(163, 20),
(163, 5),
(163, 3),
(163, 8),
(163, 16),
(163, 1),
(163, 10),
(163, 11),
(164, 18),
(164, 3),
(164, 19),
(164, 8),
(164, 20),
(164, 7),
(164, 15),
(164, 6),
(164, 12),
(164, 9),
(165, 9),
(165, 20),
(165, 15),
(165, 8),
(165, 13),
(165, 10),
(165, 17),
(165, 2),
(165, 19),
(165, 4),
(166, 9),
(166, 20),
(166, 7),
(166, 2),
(166, 16),
(166, 18),
(166, 17),
(166, 19),
(166, 3),
(166, 14),
(167, 12),
(167, 2),
(167, 4),
(167, 14),
(167, 18),
(167, 7),
(167, 3),
(167, 17),
(167, 9),
(167, 5),
(168, 14),
(168, 7),
(168, 15),
(168, 16),
(168, 20),
(168, 2),
(168, 11),
(168, 6),
(168, 18),
(168, 1),
(169, 10),
(169, 12),
(169, 2),
(169, 17),
(169, 13),
(169, 11),
(169, 4),
(169, 18),
(169, 9),
(169, 5),
(170, 16),
(170, 2),
(170, 12),
(170, 18),
(170, 4),
(170, 19),
(170, 7),
(170, 6),
(170, 14),
(170, 3),
(171, 10),
(171, 2),
(171, 9),
(171, 13),
(171, 16),
(171, 4),
(171, 3),
(171, 5),
(171, 20),
(171, 1),
(172, 13),
(172, 3),
(172, 16),
(172, 2),
(172, 11),
(172, 14),
(172, 6),
(172, 8),
(172, 1),
(172, 20),
(173, 14),
(173, 18),
(173, 16),
(173, 20),
(173, 3),
(173, 5),
(173, 8),
(173, 4),
(173, 12),
(173, 15),
(174, 11),
(174, 7);
INSERT INTO PUBLIC.LAWS_SUPPORTERS(LAW_MODEL_ID, SUPPORTERS_ID) VALUES
(174, 6),
(174, 5),
(174, 3),
(174, 2),
(174, 19),
(174, 18),
(174, 4),
(174, 8),
(175, 5),
(175, 20),
(175, 14),
(175, 19),
(175, 7),
(175, 17),
(175, 6),
(175, 8),
(175, 11),
(175, 13),
(176, 10),
(176, 8),
(176, 11),
(176, 13),
(176, 5),
(176, 14),
(176, 2),
(176, 17),
(176, 6),
(176, 15),
(177, 20),
(177, 19),
(177, 17),
(177, 6),
(177, 15),
(177, 9),
(177, 11),
(177, 3),
(177, 13),
(177, 10),
(178, 15),
(178, 11),
(178, 19),
(178, 5),
(178, 13),
(178, 12),
(178, 14),
(178, 4),
(178, 17),
(178, 9),
(179, 4),
(179, 19),
(179, 13),
(179, 17),
(179, 1),
(179, 16),
(179, 2),
(179, 15),
(179, 3),
(179, 20),
(180, 18),
(180, 5),
(180, 15),
(180, 13),
(180, 4),
(180, 12),
(180, 1),
(180, 16),
(180, 8),
(180, 7),
(181, 11),
(181, 19),
(181, 4),
(181, 14),
(181, 10),
(181, 18),
(181, 5),
(181, 8),
(181, 12),
(181, 2),
(182, 6),
(182, 19),
(182, 3),
(182, 12),
(182, 1),
(182, 13),
(182, 17),
(182, 11),
(182, 4),
(182, 2),
(183, 20),
(183, 11),
(183, 6),
(183, 16),
(183, 3),
(183, 13),
(183, 5),
(183, 1),
(183, 2),
(183, 4),
(184, 18),
(184, 14),
(184, 5),
(184, 2),
(184, 9),
(184, 11),
(184, 7),
(184, 3),
(184, 4),
(184, 12),
(185, 19),
(185, 10),
(185, 7),
(185, 6),
(185, 8),
(185, 12),
(185, 1),
(185, 13),
(185, 20),
(185, 3),
(186, 19),
(186, 8),
(186, 3),
(186, 1),
(186, 13),
(186, 6),
(186, 16),
(186, 5),
(186, 17),
(186, 20),
(187, 12),
(187, 16),
(187, 18),
(187, 17),
(187, 5),
(187, 20),
(187, 14),
(187, 13),
(187, 9),
(187, 10),
(188, 19),
(188, 6),
(188, 10),
(188, 1),
(188, 13),
(188, 12),
(188, 5),
(188, 2),
(188, 18),
(188, 20),
(189, 17),
(189, 2),
(189, 15),
(189, 18),
(189, 19),
(189, 13),
(189, 4),
(189, 1),
(189, 6),
(189, 3),
(190, 4),
(190, 16),
(190, 2),
(190, 18),
(190, 20),
(190, 3),
(190, 13),
(190, 19),
(190, 1),
(190, 9),
(191, 20),
(191, 6),
(191, 2),
(191, 4),
(191, 1),
(191, 10),
(191, 15),
(191, 9),
(191, 19),
(191, 16),
(192, 1),
(192, 14),
(192, 18),
(192, 5),
(192, 2),
(192, 16),
(192, 6),
(192, 15),
(192, 7),
(192, 12),
(193, 13),
(193, 17),
(193, 14),
(193, 8),
(193, 7),
(193, 11),
(193, 10),
(193, 18),
(193, 12),
(193, 16),
(198, 7),
(198, 5),
(198, 17),
(198, 10),
(198, 4),
(198, 18),
(198, 8),
(198, 9),
(198, 3),
(198, 11),
(203, 4),
(203, 13),
(203, 15),
(203, 7),
(203, 19),
(203, 20),
(203, 8),
(203, 12),
(203, 16),
(203, 18),
(210, 20),
(210, 17),
(210, 15),
(210, 4),
(210, 16),
(210, 19),
(210, 5),
(210, 2),
(210, 7),
(210, 18),
(216, 18),
(216, 16),
(216, 17),
(216, 14),
(216, 6),
(216, 4),
(216, 12),
(216, 5),
(216, 3),
(216, 10),
(231, 11),
(231, 6),
(231, 12),
(231, 1),
(231, 20),
(231, 15),
(231, 18),
(231, 14),
(231, 8),
(231, 10),
(238, 19),
(238, 2),
(238, 7),
(238, 13),
(238, 4),
(238, 10),
(238, 16),
(238, 9),
(238, 18),
(238, 8),
(246, 20),
(246, 5),
(246, 9),
(246, 2),
(246, 14),
(246, 3),
(246, 19),
(246, 15),
(246, 1),
(246, 18),
(250, 8),
(250, 2),
(250, 18),
(250, 4),
(250, 20),
(250, 6),
(250, 17),
(250, 14),
(250, 11),
(250, 10),
(258, 20),
(258, 10),
(258, 8),
(258, 1),
(258, 6),
(258, 18),
(258, 7),
(258, 3),
(258, 17),
(258, 11),
(264, 6),
(264, 19),
(264, 5),
(264, 16),
(264, 4),
(264, 20),
(264, 9),
(264, 15),
(264, 3),
(264, 18),
(271, 5),
(271, 11),
(271, 20),
(271, 7),
(271, 3),
(271, 14),
(271, 12),
(271, 4),
(271, 1),
(271, 10),
(279, 15),
(279, 12),
(279, 19),
(279, 20),
(279, 13),
(279, 8),
(279, 18),
(279, 2),
(279, 17),
(279, 10),
(283, 12),
(283, 10),
(283, 4),
(283, 19),
(283, 2),
(283, 11),
(283, 15),
(283, 5),
(283, 9),
(283, 1),
(287, 17),
(287, 15),
(287, 7),
(287, 16),
(287, 20),
(287, 9),
(287, 2),
(287, 13),
(287, 1),
(287, 3),
(295, 7),
(295, 6),
(295, 19),
(295, 12),
(295, 14),
(295, 20),
(295, 8),
(295, 1),
(295, 5),
(295, 16),
(303, 1),
(303, 6),
(303, 14),
(303, 3),
(303, 12),
(303, 18),
(303, 20),
(303, 17),
(303, 7),
(303, 2),
(310, 14),
(310, 9),
(310, 19),
(310, 13),
(310, 8),
(310, 20),
(310, 10),
(310, 5),
(310, 11),
(310, 12),
(318, 14),
(318, 19),
(318, 10),
(318, 9),
(318, 16),
(318, 8),
(318, 18),
(318, 1),
(318, 20),
(318, 4),
(324, 17),
(324, 6),
(324, 2),
(324, 7);
INSERT INTO PUBLIC.LAWS_SUPPORTERS(LAW_MODEL_ID, SUPPORTERS_ID) VALUES
(324, 10),
(324, 12),
(324, 1),
(324, 4),
(324, 15),
(324, 9),
(345, 5),
(345, 4),
(345, 17),
(345, 18),
(345, 9),
(345, 14),
(345, 6),
(345, 7),
(345, 2),
(345, 3),
(352, 1),
(352, 4),
(352, 10),
(352, 3),
(352, 17),
(352, 7),
(352, 8),
(352, 14),
(352, 11),
(352, 20),
(358, 8),
(358, 13),
(358, 9),
(358, 11),
(358, 16),
(358, 2),
(358, 20),
(358, 12),
(358, 15),
(358, 10),
(363, 5),
(363, 14),
(363, 18),
(363, 10),
(363, 7),
(363, 12),
(363, 13),
(363, 4),
(363, 1),
(363, 20),
(370, 2),
(370, 14),
(370, 16),
(370, 18),
(370, 3),
(370, 1),
(370, 13),
(370, 10),
(370, 12),
(370, 4),
(391, 11),
(391, 14),
(391, 12),
(391, 6),
(391, 8),
(391, 19),
(391, 17),
(391, 2),
(391, 5),
(391, 15),
(391, 13),
(391, 9),
(391, 16),
(391, 10),
(391, 20),
(391, 7),
(391, 4),
(392, 2),
(392, 7),
(392, 15),
(392, 18),
(392, 19),
(392, 6),
(392, 17),
(392, 14),
(392, 16),
(392, 12),
(392, 5),
(392, 8),
(392, 20),
(392, 10),
(392, 4),
(392, 9),
(392, 11);
CREATE MEMORY TABLE PUBLIC.ONE_TIME_TOKEN(
ID BIGINT NOT NULL,
CREATED_AT TIMESTAMP NOT NULL,
UPDATED_AT TIMESTAMP NOT NULL,
TOKEN VARCHAR(255) NOT NULL,
TOKEN_TYPE INTEGER NOT NULL,
VALID_UNTIL TIMESTAMP NOT NULL,
USER_ID BIGINT NOT NULL
);
ALTER TABLE PUBLIC.ONE_TIME_TOKEN ADD CONSTRAINT PUBLIC.CONSTRAINT_4 PRIMARY KEY(ID);
-- 0 +/- SELECT COUNT(*) FROM PUBLIC.ONE_TIME_TOKEN;
CREATE MEMORY TABLE PUBLIC.POLLS(
ID BIGINT NOT NULL,
CREATED_AT TIMESTAMP NOT NULL,
UPDATED_AT TIMESTAMP NOT NULL,
DUEL_MATRIX VARCHAR(255),
STATUS INTEGER,
VOTING_END_AT TIMESTAMP,
VOTING_START_AT TIMESTAMP,
WINNER_ID BIGINT
);
ALTER TABLE PUBLIC.POLLS ADD CONSTRAINT PUBLIC.CONSTRAINT_48 PRIMARY KEY(ID);
-- 4 +/- SELECT COUNT(*) FROM PUBLIC.POLLS;
INSERT INTO PUBLIC.POLLS(ID, CREATED_AT, UPDATED_AT, DUEL_MATRIX, STATUS, VOTING_END_AT, VOTING_START_AT, WINNER_ID) VALUES
(237, TIMESTAMP '2019-03-09 12:09:08.901', TIMESTAMP '2019-03-09 12:09:08.901', '', 0, TIMESTAMP '2019-04-13 00:00:00', TIMESTAMP '2019-03-30 00:00:00', NULL),
(270, TIMESTAMP '2019-03-01 12:09:09.151', TIMESTAMP '2019-03-16 12:09:09.198', '', 1, TIMESTAMP '2019-03-29 00:00:00', TIMESTAMP '2019-03-15 12:09:09.182', NULL),
(302, TIMESTAMP '2019-03-01 12:09:09.448', TIMESTAMP '2019-03-16 12:09:15.199', '[]', 1, TIMESTAMP '2019-03-29 00:00:00', TIMESTAMP '2019-03-15 12:09:09.479', NULL),
(351, TIMESTAMP '2019-02-11 12:09:15.418', TIMESTAMP '2019-03-16 12:09:18.986', '[[0,7,8,7,9],[8,0,10,8,8],[7,6,0,10,8],[9,8,5,0,10],[4,7,7,6,0]]', 2, TIMESTAMP '2019-03-16 12:09:18.97', TIMESTAMP '2019-02-25 12:09:15.402', 363);
CREATE MEMORY TABLE PUBLIC.USERS(
ID BIGINT NOT NULL,
CREATED_AT TIMESTAMP NOT NULL,
UPDATED_AT TIMESTAMP NOT NULL,
EMAIL VARCHAR(255) NOT NULL,
LAST_LOGIN TIMESTAMP,
MOBILEPHONE VARCHAR(255),
NAME VARCHAR(255),
PICTURE VARCHAR(255),
WEBSITE VARCHAR(255)
);
ALTER TABLE PUBLIC.USERS ADD CONSTRAINT PUBLIC.CONSTRAINT_4D PRIMARY KEY(ID);
-- 20 +/- SELECT COUNT(*) FROM PUBLIC.USERS;
INSERT INTO PUBLIC.USERS(ID, CREATED_AT, UPDATED_AT, EMAIL, LAST_LOGIN, MOBILEPHONE, NAME, PICTURE, WEBSITE) VALUES
(1, TIMESTAMP '2019-03-16 12:08:58.113', TIMESTAMP '2019-03-16 12:08:58.113', 'testuser1@liquido.de', NULL, '+49123451', 'Donald Duck', '/static/img/photos/1.png', 'http://www.liquido.de'),
(2, TIMESTAMP '2019-03-16 12:08:58.113', TIMESTAMP '2019-03-16 12:08:58.113', 'testuser2@liquido.de', NULL, '+49123452', 'Test User2', '/static/img/photos/2.png', 'http://www.liquido.de'),
(3, TIMESTAMP '2019-03-16 12:08:58.113', TIMESTAMP '2019-03-16 12:08:58.113', 'testuser3@liquido.de', NULL, '+49123453', 'Test User3', '/static/img/photos/3.png', 'http://www.liquido.de'),
(4, TIMESTAMP '2019-03-16 12:08:58.113', TIMESTAMP '2019-03-16 12:08:58.113', 'testuser4@liquido.de', NULL, '+49123454', 'Test User4', '/static/img/photos/1.png', 'http://www.liquido.de'),
(5, TIMESTAMP '2019-03-16 12:08:58.113', TIMESTAMP '2019-03-16 12:08:58.113', 'testuser5@liquido.de', NULL, '+49123455', 'Test User5', '/static/img/photos/2.png', 'http://www.liquido.de'),
(6, TIMESTAMP '2019-03-16 12:08:58.129', TIMESTAMP '2019-03-16 12:08:58.129', 'testuser6@liquido.de', NULL, '+49123456', 'Test User6', '/static/img/photos/3.png', 'http://www.liquido.de'),
(7, TIMESTAMP '2019-03-16 12:08:58.129', TIMESTAMP '2019-03-16 12:08:58.129', 'testuser7@liquido.de', NULL, '+49123457', 'Test User7', '/static/img/photos/1.png', 'http://www.liquido.de'),
(8, TIMESTAMP '2019-03-16 12:08:58.129', TIMESTAMP '2019-03-16 12:08:58.129', 'testuser8@liquido.de', NULL, '+49123458', 'Test User8', '/static/img/photos/2.png', 'http://www.liquido.de'),
(9, TIMESTAMP '2019-03-16 12:08:58.129', TIMESTAMP '2019-03-16 12:08:58.129', 'testuser9@liquido.de', NULL, '+49123459', 'Test User9', '/static/img/photos/3.png', 'http://www.liquido.de'),
(10, TIMESTAMP '2019-03-16 12:08:58.129', TIMESTAMP '2019-03-16 12:08:58.129', 'testuser10@liquido.de', NULL, '+491234510', 'Test User10', '/static/img/photos/1.png', 'http://www.liquido.de'),
(11, TIMESTAMP '2019-03-16 12:08:58.129', TIMESTAMP '2019-03-16 12:08:58.129', 'testuser11@liquido.de', NULL, '+491234511', 'Test User11', '/static/img/photos/2.png', 'http://www.liquido.de'),
(12, TIMESTAMP '2019-03-16 12:08:58.129', TIMESTAMP '2019-03-16 12:08:58.129', 'testuser12@liquido.de', NULL, '+491234512', 'Test User12', '/static/img/photos/3.png', 'http://www.liquido.de'),
(13, TIMESTAMP '2019-03-16 12:08:58.129', TIMESTAMP '2019-03-16 12:08:58.129', 'testuser13@liquido.de', NULL, '+491234513', 'Test User13', '/static/img/photos/1.png', 'http://www.liquido.de'),
(14, TIMESTAMP '2019-03-16 12:08:58.144', TIMESTAMP '2019-03-16 12:08:58.144', 'testuser14@liquido.de', NULL, '+491234514', 'Test User14', '/static/img/photos/2.png', 'http://www.liquido.de'),
(15, TIMESTAMP '2019-03-16 12:08:58.144', TIMESTAMP '2019-03-16 12:08:58.144', 'testuser15@liquido.de', NULL, '+491234515', 'Test User15', '/static/img/photos/3.png', 'http://www.liquido.de'),
(16, TIMESTAMP '2019-03-16 12:08:58.144', TIMESTAMP '2019-03-16 12:08:58.144', 'testuser16@liquido.de', NULL, '+491234516', 'Test User16', '/static/img/photos/1.png', 'http://www.liquido.de'),
(17, TIMESTAMP '2019-03-16 12:08:58.144', TIMESTAMP '2019-03-16 12:08:58.144', 'testuser17@liquido.de', NULL, '+491234517', 'Test User17', '/static/img/photos/2.png', 'http://www.liquido.de'),
(18, TIMESTAMP '2019-03-16 12:08:58.144', TIMESTAMP '2019-03-16 12:08:58.144', 'testuser18@liquido.de', NULL, '+491234518', 'Test User18', '/static/img/photos/3.png', 'http://www.liquido.de'),
(19, TIMESTAMP '2019-03-16 12:08:58.144', TIMESTAMP '2019-03-16 12:08:58.144', 'testuser19@liquido.de', NULL, '+491234519', 'Test User19', '/static/img/photos/1.png', 'http://www.liquido.de'),
(20, TIMESTAMP '2019-03-16 12:08:58.144', TIMESTAMP '2019-03-16 12:08:58.144', 'testuser20@liquido.de', NULL, '+491234520', 'Test User20', '/static/img/photos/2.png', 'http://www.liquido.de');
-- 0 +/- SELECT COUNT(*) FROM PUBLIC.QRTZ_CALENDARS;
-- 0 +/- SELECT COUNT(*) FROM PUBLIC.QRTZ_CRON_TRIGGERS;
-- 0 +/- SELECT COUNT(*) FROM PUBLIC.QRTZ_FIRED_TRIGGERS;
-- 0 +/- SELECT COUNT(*) FROM PUBLIC.QRTZ_PAUSED_TRIGGER_GRPS;
-- 0 +/- SELECT COUNT(*) FROM PUBLIC.QRTZ_SCHEDULER_STATE;
-- 0 +/- SELECT COUNT(*) FROM PUBLIC.QRTZ_LOCKS;
-- 0 +/- SELECT COUNT(*) FROM PUBLIC.QRTZ_JOB_DETAILS;
-- 0 +/- SELECT COUNT(*) FROM PUBLIC.QRTZ_SIMPLE_TRIGGERS;
-- 0 +/- SELECT COUNT(*) FROM PUBLIC.QRTZ_SIMPROP_TRIGGERS;
-- 0 +/- SELECT COUNT(*) FROM PUBLIC.QRTZ_BLOB_TRIGGERS;
-- 0 +/- SELECT COUNT(*) FROM PUBLIC.QRTZ_TRIGGERS;
ALTER TABLE PUBLIC.AREAS ADD CONSTRAINT PUBLIC.UK_P61HNJ1M450KNDUSCXOLDCHFJ UNIQUE(TITLE);
ALTER TABLE PUBLIC.KEY_VALUE ADD CONSTRAINT PUBLIC.UK_8TE0DHIEXEOWA1RGVA302TO1L UNIQUE(KEY_COL);
ALTER TABLE PUBLIC.USERS ADD CONSTRAINT PUBLIC.UK_6DOTKOTT2KJSP8VW4D0M25FB7 UNIQUE(EMAIL);
ALTER TABLE PUBLIC.LAWS ADD CONSTRAINT PUBLIC.UK_BS516OPV3HONTPTWVPIOOS72B UNIQUE(TITLE);
ALTER TABLE PUBLIC.DELEGATIONS ADD CONSTRAINT PUBLIC.UK2WYH7POIF8NPDWLUR8DFORD0J UNIQUE(AREA_ID, FROM_USER_ID);
ALTER TABLE PUBLIC.LAWS_COMMENTS ADD CONSTRAINT PUBLIC.UK_OF3YV6X3MAHJPHJBJE5XHRXC8 UNIQUE(COMMENTS_ID);
ALTER TABLE PUBLIC.BALLOTS ADD CONSTRAINT PUBLIC.UKHWWEPK8N3CE54LEREWX2FMYXF UNIQUE(POLL_ID, CHECKSUM);
ALTER TABLE PUBLIC.USERS ADD CONSTRAINT PUBLIC.UK_70QE9WOFM8UJ2PEANWKPHERRM UNIQUE(MOBILEPHONE);
ALTER TABLE PUBLIC.CHECKSUMS ADD CONSTRAINT PUBLIC.UKL0XNKLNHLK4PTWSU9B0QXTYBN UNIQUE(AREA_ID, PUBLIC_PROXY_ID);
ALTER TABLE PUBLIC.AREAS ADD CONSTRAINT PUBLIC.FKP9N0U4HM2Q1O7V0068C8GD4EL FOREIGN KEY(CREATED_BY_ID) REFERENCES PUBLIC.USERS(ID) NOCHECK;
ALTER TABLE PUBLIC.DELEGATIONS ADD CONSTRAINT PUBLIC.FK1Y1R0D478R9NTDMUIYKKUHADV FOREIGN KEY(REQUESTED_DELEGATION_FROM_CHECKSUM_CHECKSUM) REFERENCES PUBLIC.CHECKSUMS(CHECKSUM) NOCHECK;
ALTER TABLE PUBLIC.DELEGATIONS ADD CONSTRAINT PUBLIC.FKSWBDEOVC7HSQ5EX30PBMDU9D4 FOREIGN KEY(AREA_ID) REFERENCES PUBLIC.AREAS(ID) NOCHECK;
ALTER TABLE PUBLIC.LAWS ADD CONSTRAINT PUBLIC.FK4QUHD81MM84X6RQ0CCBXSEYXX FOREIGN KEY(POLL_ID) REFERENCES PUBLIC.POLLS(ID) NOCHECK;
ALTER TABLE PUBLIC.LAWS_SUPPORTERS ADD CONSTRAINT PUBLIC.FK9B4I87YIKUCHRIRFJAYMGOHE3 FOREIGN KEY(LAW_MODEL_ID) REFERENCES PUBLIC.LAWS(ID) NOCHECK;
ALTER TABLE PUBLIC.BALLOTS ADD CONSTRAINT PUBLIC.FKOG7SHPLJ1CCOH8N9AO4Y16LQ3 FOREIGN KEY(POLL_ID) REFERENCES PUBLIC.POLLS(ID) NOCHECK;
ALTER TABLE PUBLIC.COMMENTS_DOWN_VOTERS ADD CONSTRAINT PUBLIC.FK62ILAC17TG4CPKRHEONUD72HV FOREIGN KEY(DOWN_VOTERS_ID) REFERENCES PUBLIC.USERS(ID) NOCHECK;
ALTER TABLE PUBLIC.CHECKSUMS ADD CONSTRAINT PUBLIC.FKDFLPSE9FSOGY1FMFDY2W79RG FOREIGN KEY(DELEGATED_TO_CHECKSUM) REFERENCES PUBLIC.CHECKSUMS(CHECKSUM) NOCHECK;
ALTER TABLE PUBLIC.BALLOTS_VOTE_ORDER ADD CONSTRAINT PUBLIC.FKIH6THEWVJEH3OW9DL1YTJ9AWB FOREIGN KEY(BALLOT_MODEL_ID) REFERENCES PUBLIC.BALLOTS(ID) NOCHECK;
ALTER TABLE PUBLIC.CHECKSUMS ADD CONSTRAINT PUBLIC.FK68FTLVL0MWTVOQD3BFUPP0XRG FOREIGN KEY(PUBLIC_PROXY_ID) REFERENCES PUBLIC.USERS(ID) NOCHECK;
ALTER TABLE PUBLIC.LAWS ADD CONSTRAINT PUBLIC.FKTR1PLL46Q50SHWBFFYIYUAVGN FOREIGN KEY(CREATED_BY_ID) REFERENCES PUBLIC.USERS(ID) NOCHECK;
ALTER TABLE PUBLIC.ONE_TIME_TOKEN ADD CONSTRAINT PUBLIC.FK4O21XT1RMRICB3EA4TO5NKR8D FOREIGN KEY(USER_ID) REFERENCES PUBLIC.USERS(ID) NOCHECK;
ALTER TABLE PUBLIC.BALLOTS_VOTE_ORDER ADD CONSTRAINT PUBLIC.FKOWD5MAD84QVWGST43698A6GX5 FOREIGN KEY(VOTE_ORDER_ID) REFERENCES PUBLIC.LAWS(ID) NOCHECK;
ALTER TABLE PUBLIC.COMMENTS ADD CONSTRAINT PUBLIC.FKAKKM6QFYDU7VGNFNE1YO0XMED FOREIGN KEY(CREATED_BY_ID) REFERENCES PUBLIC.USERS(ID) NOCHECK;
ALTER TABLE PUBLIC.DELEGATIONS ADD CONSTRAINT PUBLIC.FK21A6LG8FU2JS6E0JU41WJ2GQP FOREIGN KEY(TO_PROXY_ID) REFERENCES PUBLIC.USERS(ID) NOCHECK;
ALTER TABLE PUBLIC.LAWS_COMMENTS ADD CONSTRAINT PUBLIC.FK36FBKIUITRV0YRVY8S0IG46IX FOREIGN KEY(LAW_MODEL_ID) REFERENCES PUBLIC.LAWS(ID) NOCHECK;
ALTER TABLE PUBLIC.POLLS ADD CONSTRAINT PUBLIC.FKQADOVSMQ4UOK58SP9HKHWJQIS FOREIGN KEY(WINNER_ID) REFERENCES PUBLIC.LAWS(ID) NOCHECK;
ALTER TABLE PUBLIC.DELEGATIONS ADD CONSTRAINT PUBLIC.FK9KOYA2MI6T18VF7U1FROBKNIQ FOREIGN KEY(FROM_USER_ID) REFERENCES PUBLIC.USERS(ID) NOCHECK;
ALTER TABLE PUBLIC.COMMENTS ADD CONSTRAINT PUBLIC.FK4V1HI5NTV7K7XL8SF7KR91ANA FOREIGN KEY(LAW_ID) REFERENCES PUBLIC.LAWS(ID) NOCHECK;
ALTER TABLE PUBLIC.BALLOTS ADD CONSTRAINT PUBLIC.FK1RRV2WY16UQONFL9CR1CQG2XD FOREIGN KEY(CHECKSUM) REFERENCES PUBLIC.CHECKSUMS(CHECKSUM) NOCHECK;
ALTER TABLE PUBLIC.LAWS ADD CONSTRAINT PUBLIC.FK9VIQDJ5LDUN0AHWQDFF1WUY39 FOREIGN KEY(AREA_ID) REFERENCES PUBLIC.AREAS(ID) NOCHECK;
ALTER TABLE PUBLIC.LAWS_COMMENTS ADD CONSTRAINT PUBLIC.FKFL0Y4QFVFPF9YNMMFJ0JEVXFF FOREIGN KEY(COMMENTS_ID) REFERENCES PUBLIC.COMMENTS(ID) NOCHECK;
ALTER TABLE PUBLIC.COMMENTS_UP_VOTERS ADD CONSTRAINT PUBLIC.FKEUURM027PDC4L5A9G9O2L0UYD FOREIGN KEY(UP_VOTERS_ID) REFERENCES PUBLIC.USERS(ID) NOCHECK;
ALTER TABLE PUBLIC.COMMENTS ADD CONSTRAINT PUBLIC.FKLRI30OKF66PHTCGBE5POK7CC0 FOREIGN KEY(PARENT_ID) REFERENCES PUBLIC.COMMENTS(ID) NOCHECK;
ALTER TABLE PUBLIC.COMMENTS_UP_VOTERS ADD CONSTRAINT PUBLIC.FK8LS8T571Y99VTTW1MDKEBXAGP FOREIGN KEY(COMMENT_MODEL_ID) REFERENCES PUBLIC.COMMENTS(ID) NOCHECK;
ALTER TABLE PUBLIC.LAWS_SUPPORTERS ADD CONSTRAINT PUBLIC.FKK8MVJC4RQ970OJAVYFIA9BQVE FOREIGN KEY(SUPPORTERS_ID) REFERENCES PUBLIC.USERS(ID) NOCHECK;
ALTER TABLE PUBLIC.COMMENTS_DOWN_VOTERS ADD CONSTRAINT PUBLIC.FKJYMYJ54LENHS4KE6MYQHLY72 FOREIGN KEY(COMMENT_MODEL_ID) REFERENCES PUBLIC.COMMENTS(ID) NOCHECK;
ALTER TABLE PUBLIC.CHECKSUMS ADD CONSTRAINT PUBLIC.FKLLW57XBW0D67OPTMWFMU3P2PC FOREIGN KEY(AREA_ID) REFERENCES PUBLIC.AREAS(ID) NOCHECK;
