SET DB_CLOSE_DELAY -1;
;
CREATE USER IF NOT EXISTS SA SALT '43a4c955c20f6b47' HASH '029c1376ad5d2dcff6a699a08ada81a116e1ff7f52117e1b6e8b27f86fbdb5f2' ADMIN;
CREATE SEQUENCE PUBLIC.HIBERNATE_SEQUENCE START WITH 402;
CREATE MEMORY TABLE PUBLIC.AREAS(
ID BIGINT NOT NULL,
CREATED_AT TIMESTAMP NOT NULL,
UPDATED_AT TIMESTAMP NOT NULL,
DESCRIPTION VARCHAR(255) NOT NULL,
TITLE VARCHAR(255) NOT NULL,
CREATED_BY_ID BIGINT NOT NULL
);
ALTER TABLE PUBLIC.AREAS ADD CONSTRAINT PUBLIC.CONSTRAINT_3 PRIMARY KEY(ID);
-- 10 +/- SELECT COUNT(*) FROM PUBLIC.AREAS;
INSERT INTO PUBLIC.AREAS(ID, CREATED_AT, UPDATED_AT, DESCRIPTION, TITLE, CREATED_BY_ID) VALUES
(21, TIMESTAMP '2019-10-25 09:54:45.372', TIMESTAMP '2019-10-25 09:54:45.372', 'Nice description for test area #0', 'Area 0', 1),
(22, TIMESTAMP '2019-10-25 09:54:45.374', TIMESTAMP '2019-10-25 09:54:45.374', 'Nice description for test area #1', 'Area 1', 1),
(23, TIMESTAMP '2019-10-25 09:54:45.374', TIMESTAMP '2019-10-25 09:54:45.374', 'Nice description for test area #2', 'Area 2', 1),
(24, TIMESTAMP '2019-10-25 09:54:45.374', TIMESTAMP '2019-10-25 09:54:45.374', 'Nice description for test area #3', 'Area 3', 1),
(25, TIMESTAMP '2019-10-25 09:54:45.384', TIMESTAMP '2019-10-25 09:54:45.384', 'Nice description for test area #4', 'Area 4', 1),
(26, TIMESTAMP '2019-10-25 09:54:45.384', TIMESTAMP '2019-10-25 09:54:45.384', 'Nice description for test area #5', 'Area 5', 1),
(27, TIMESTAMP '2019-10-25 09:54:45.384', TIMESTAMP '2019-10-25 09:54:45.384', 'Nice description for test area #6', 'Area 6', 1),
(28, TIMESTAMP '2019-10-25 09:54:45.392', TIMESTAMP '2019-10-25 09:54:45.392', 'Nice description for test area #7', 'Area 7', 1),
(29, TIMESTAMP '2019-10-25 09:54:45.394', TIMESTAMP '2019-10-25 09:54:45.394', 'Nice description for test area #8', 'Area 8', 1),
(30, TIMESTAMP '2019-10-25 09:54:45.394', TIMESTAMP '2019-10-25 09:54:45.394', 'Nice description for test area #9', 'Area 9', 1);
CREATE MEMORY TABLE PUBLIC.BALLOTS(
ID BIGINT NOT NULL,
LEVEL INTEGER NOT NULL,
VOTE_COUNT BIGINT NOT NULL,
CHECKSUM VARCHAR(255) NOT NULL,
POLL_ID BIGINT NOT NULL
);
ALTER TABLE PUBLIC.BALLOTS ADD CONSTRAINT PUBLIC.CONSTRAINT_1 PRIMARY KEY(ID);
-- 32 +/- SELECT COUNT(*) FROM PUBLIC.BALLOTS;
INSERT INTO PUBLIC.BALLOTS(ID, LEVEL, VOTE_COUNT, CHECKSUM, POLL_ID) VALUES
(331, 0, 1, '$2a$10$1IdrGrRAN2Wp3U7QI.JIzuuViLszDdeyBQZ4QNjYJJWIYI5M2O3G2', 306),
(332, 0, 1, '$2a$10$1IdrGrRAN2Wp3U7QI.JIzuDl5QTomD0jkJDoG.VH7LgF6BaMi7mUu', 306),
(333, 0, 4, '$2a$10$1IdrGrRAN2Wp3U7QI.JIzumrB8gg15WYrl/9Od2a/lKdcXxyoRqYe', 306),
(334, 0, 1, '$2a$10$1IdrGrRAN2Wp3U7QI.JIzu0U7xajdi9.MlI8tTpf7ZVQmMn3XTPaq', 306),
(335, 0, 1, '$2a$10$1IdrGrRAN2Wp3U7QI.JIzuA2amXnXPKlVvjlg62SZ08/U45S1krWS', 306),
(336, 0, 1, '$2a$10$1IdrGrRAN2Wp3U7QI.JIzuQi87d/P3rgtaiDqqegSB4vu2sByXkly', 306),
(337, 0, 2, '$2a$10$1IdrGrRAN2Wp3U7QI.JIzumF7aPaiUyhTd0m56K/SiA71ec5pLFu2', 306),
(338, 1, 1, '$2a$10$1IdrGrRAN2Wp3U7QI.JIzu9jY7URudOBmsrn4SD7Sp2bRAti6ztwK', 306),
(339, 0, 1, '$2a$10$1IdrGrRAN2Wp3U7QI.JIzuaW/fGb8Z2mJgsKxYwe5.NrtAFNxSQVS', 306),
(340, 0, 1, '$2a$10$1IdrGrRAN2Wp3U7QI.JIzuWb3cSZmVC9yx83VYQxwLFYSL5g8IoRy', 306),
(341, 0, 1, '$2a$10$1IdrGrRAN2Wp3U7QI.JIzuaXivFiTa4cwzBq6IwpHyvmd9OIEIHwW', 306),
(342, 0, 1, '$2a$10$1IdrGrRAN2Wp3U7QI.JIzuYTSKjBSu3cADo/STK5moSHUhn6NKcyS', 306),
(343, 0, 1, '$2a$10$1IdrGrRAN2Wp3U7QI.JIzuYun6DCp3DqD0HkMSxupTiHcONZRP0YC', 306),
(344, 0, 1, '$2a$10$1IdrGrRAN2Wp3U7QI.JIzuj/DUpsANoEk4usC10lyWBvgCY2jpdQ6', 306),
(345, 0, 1, '$2a$10$1IdrGrRAN2Wp3U7QI.JIzukT2e4dWh2jhcsPdh.C5JEqMyz08zCoa', 306),
(346, 0, 1, '$2a$10$1IdrGrRAN2Wp3U7QI.JIzuRe9KBAxYEu.ylAyhV50ek90rELSRGqG', 306),
(384, 0, 1, '$2a$10$1IdrGrRAN2Wp3U7QI.JIzuuViLszDdeyBQZ4QNjYJJWIYI5M2O3G2', 354),
(385, 0, 1, '$2a$10$1IdrGrRAN2Wp3U7QI.JIzuDl5QTomD0jkJDoG.VH7LgF6BaMi7mUu', 354),
(386, 0, 4, '$2a$10$1IdrGrRAN2Wp3U7QI.JIzumrB8gg15WYrl/9Od2a/lKdcXxyoRqYe', 354),
(387, 0, 1, '$2a$10$1IdrGrRAN2Wp3U7QI.JIzu0U7xajdi9.MlI8tTpf7ZVQmMn3XTPaq', 354),
(388, 0, 1, '$2a$10$1IdrGrRAN2Wp3U7QI.JIzuA2amXnXPKlVvjlg62SZ08/U45S1krWS', 354),
(389, 0, 1, '$2a$10$1IdrGrRAN2Wp3U7QI.JIzuQi87d/P3rgtaiDqqegSB4vu2sByXkly', 354),
(390, 0, 2, '$2a$10$1IdrGrRAN2Wp3U7QI.JIzumF7aPaiUyhTd0m56K/SiA71ec5pLFu2', 354),
(391, 1, 1, '$2a$10$1IdrGrRAN2Wp3U7QI.JIzu9jY7URudOBmsrn4SD7Sp2bRAti6ztwK', 354),
(392, 0, 1, '$2a$10$1IdrGrRAN2Wp3U7QI.JIzuaW/fGb8Z2mJgsKxYwe5.NrtAFNxSQVS', 354),
(393, 0, 1, '$2a$10$1IdrGrRAN2Wp3U7QI.JIzuWb3cSZmVC9yx83VYQxwLFYSL5g8IoRy', 354),
(394, 0, 1, '$2a$10$1IdrGrRAN2Wp3U7QI.JIzuaXivFiTa4cwzBq6IwpHyvmd9OIEIHwW', 354),
(395, 0, 1, '$2a$10$1IdrGrRAN2Wp3U7QI.JIzuYTSKjBSu3cADo/STK5moSHUhn6NKcyS', 354),
(396, 0, 1, '$2a$10$1IdrGrRAN2Wp3U7QI.JIzuYun6DCp3DqD0HkMSxupTiHcONZRP0YC', 354),
(397, 0, 1, '$2a$10$1IdrGrRAN2Wp3U7QI.JIzuj/DUpsANoEk4usC10lyWBvgCY2jpdQ6', 354),
(398, 0, 1, '$2a$10$1IdrGrRAN2Wp3U7QI.JIzukT2e4dWh2jhcsPdh.C5JEqMyz08zCoa', 354),
(399, 0, 1, '$2a$10$1IdrGrRAN2Wp3U7QI.JIzuRe9KBAxYEu.ylAyhV50ek90rELSRGqG', 354);
CREATE MEMORY TABLE PUBLIC.BALLOTS_VOTE_ORDER(
BALLOT_MODEL_ID BIGINT NOT NULL,
VOTE_ORDER_ID BIGINT NOT NULL,
VOTE_ORDER_ORDER INTEGER NOT NULL
);
ALTER TABLE PUBLIC.BALLOTS_VOTE_ORDER ADD CONSTRAINT PUBLIC.CONSTRAINT_5 PRIMARY KEY(BALLOT_MODEL_ID, VOTE_ORDER_ORDER);
-- 143 +/- SELECT COUNT(*) FROM PUBLIC.BALLOTS_VOTE_ORDER;
INSERT INTO PUBLIC.BALLOTS_VOTE_ORDER(BALLOT_MODEL_ID, VOTE_ORDER_ID, VOTE_ORDER_ORDER) VALUES
(331, 298, 0),
(331, 307, 1),
(331, 314, 2),
(331, 326, 3),
(332, 307, 0),
(332, 314, 1),
(332, 298, 2),
(332, 319, 3),
(333, 319, 0),
(333, 326, 1),
(333, 307, 2),
(333, 314, 3),
(337, 307, 0),
(337, 319, 1),
(337, 314, 2),
(337, 326, 3),
(337, 298, 4),
(338, 307, 0),
(338, 319, 1),
(338, 314, 2),
(338, 326, 3),
(338, 298, 4),
(339, 298, 0),
(339, 307, 1),
(339, 314, 2),
(339, 319, 3),
(339, 326, 4),
(334, 326, 0),
(334, 307, 1),
(334, 298, 2),
(334, 314, 3),
(334, 319, 4),
(335, 307, 0),
(335, 319, 1),
(335, 298, 2),
(340, 326, 0),
(340, 319, 1),
(340, 314, 2),
(340, 307, 3),
(340, 298, 4),
(341, 307, 0),
(341, 314, 1),
(341, 326, 2),
(342, 314, 0),
(342, 307, 1),
(342, 319, 2),
(342, 298, 3),
(342, 326, 4),
(343, 307, 0),
(343, 314, 1),
(343, 298, 2),
(343, 319, 3),
(344, 298, 0),
(344, 307, 1),
(344, 314, 2),
(344, 319, 3),
(345, 326, 0),
(345, 319, 1),
(345, 298, 2),
(345, 307, 3),
(345, 314, 4),
(346, 319, 0),
(346, 307, 1),
(346, 326, 2),
(346, 298, 3),
(346, 314, 4),
(336, 319, 0),
(336, 314, 1),
(336, 307, 2),
(336, 298, 3),
(384, 363, 0),
(384, 367, 1),
(384, 347, 2),
(384, 374, 3),
(384, 355, 4),
(385, 347, 0),
(385, 355, 1),
(385, 363, 2),
(385, 367, 3),
(386, 374, 0),
(386, 355, 1),
(386, 367, 2),
(386, 347, 3),
(386, 363, 4),
(390, 363, 0),
(390, 347, 1),
(390, 374, 2),
(390, 355, 3),
(391, 363, 0),
(391, 347, 1),
(391, 374, 2),
(391, 355, 3),
(392, 347, 0),
(392, 363, 1),
(392, 374, 2),
(387, 347, 0),
(387, 355, 1),
(387, 374, 2),
(387, 367, 3),
(387, 363, 4),
(388, 363, 0),
(388, 374, 1),
(388, 355, 2),
(388, 367, 3),
(388, 347, 4),
(393, 374, 0),
(393, 367, 1),
(393, 363, 2),
(393, 347, 3),
(393, 355, 4),
(394, 347, 0),
(394, 355, 1),
(394, 363, 2),
(394, 367, 3),
(394, 374, 4),
(395, 347, 0),
(395, 355, 1),
(395, 363, 2),
(395, 367, 3),
(395, 374, 4),
(396, 355, 0),
(396, 374, 1),
(396, 367, 2),
(396, 347, 3),
(396, 363, 4),
(397, 355, 0),
(397, 363, 1),
(397, 347, 2),
(397, 367, 3),
(397, 374, 4),
(398, 374, 0),
(398, 367, 1),
(398, 363, 2),
(398, 355, 3),
(398, 347, 4),
(399, 374, 0),
(399, 363, 1),
(399, 367, 2),
(399, 347, 3),
(399, 355, 4),
(389, 355, 0),
(389, 367, 1),
(389, 347, 2);
CREATE MEMORY TABLE PUBLIC.CHECKSUMS(
CHECKSUM VARCHAR(255) NOT NULL,
EXPIRES_AT TIMESTAMP,
TRANSITIVE BOOLEAN NOT NULL,
AREA_ID BIGINT,
DELEGATED_TO_CHECKSUM VARCHAR(255),
PUBLIC_PROXY_ID BIGINT
);
ALTER TABLE PUBLIC.CHECKSUMS ADD CONSTRAINT PUBLIC.CONSTRAINT_B PRIMARY KEY(CHECKSUM);
-- 18 +/- SELECT COUNT(*) FROM PUBLIC.CHECKSUMS;
INSERT INTO PUBLIC.CHECKSUMS(CHECKSUM, EXPIRES_AT, TRANSITIVE, AREA_ID, DELEGATED_TO_CHECKSUM, PUBLIC_PROXY_ID) VALUES
('$2a$10$1IdrGrRAN2Wp3U7QI.JIzueyGOu7FMMyyMJw3bvzEU2elpOrru8sy', TIMESTAMP '2019-10-26 09:54:49.318', TRUE, 21, NULL, 1),
('$2a$10$1IdrGrRAN2Wp3U7QI.JIzu9jY7URudOBmsrn4SD7Sp2bRAti6ztwK', TIMESTAMP '2019-10-26 09:54:50.853', TRUE, 21, '$2a$10$1IdrGrRAN2Wp3U7QI.JIzumF7aPaiUyhTd0m56K/SiA71ec5pLFu2', 6),
('$2a$10$1IdrGrRAN2Wp3U7QI.JIzuIvB5fBvUb/y3tpzb1Xahzu9k87H3HZ.', TIMESTAMP '2019-10-26 09:54:50.991', TRUE, 21, '$2a$10$1IdrGrRAN2Wp3U7QI.JIzueyGOu7FMMyyMJw3bvzEU2elpOrru8sy', 4),
('$2a$10$1IdrGrRAN2Wp3U7QI.JIzuuViLszDdeyBQZ4QNjYJJWIYI5M2O3G2', TIMESTAMP '2019-10-26 09:54:59.715', TRUE, 21, NULL, 13),
('$2a$10$1IdrGrRAN2Wp3U7QI.JIzuDl5QTomD0jkJDoG.VH7LgF6BaMi7mUu', TIMESTAMP '2019-10-26 09:54:59.949', TRUE, 21, NULL, 15),
('$2a$10$1IdrGrRAN2Wp3U7QI.JIzumrB8gg15WYrl/9Od2a/lKdcXxyoRqYe', TIMESTAMP '2019-10-26 09:55:00.184', TRUE, 21, '$2a$10$1IdrGrRAN2Wp3U7QI.JIzuIvB5fBvUb/y3tpzb1Xahzu9k87H3HZ.', 7),
('$2a$10$1IdrGrRAN2Wp3U7QI.JIzumF7aPaiUyhTd0m56K/SiA71ec5pLFu2', TIMESTAMP '2019-10-26 09:55:00.434', TRUE, 21, '$2a$10$1IdrGrRAN2Wp3U7QI.JIzueyGOu7FMMyyMJw3bvzEU2elpOrru8sy', 3),
('$2a$10$1IdrGrRAN2Wp3U7QI.JIzuaW/fGb8Z2mJgsKxYwe5.NrtAFNxSQVS', TIMESTAMP '2019-10-26 09:55:00.699', TRUE, 21, NULL, 5),
('$2a$10$1IdrGrRAN2Wp3U7QI.JIzu0U7xajdi9.MlI8tTpf7ZVQmMn3XTPaq', TIMESTAMP '2019-10-26 09:55:00.934', TRUE, 21, '$2a$10$1IdrGrRAN2Wp3U7QI.JIzumrB8gg15WYrl/9Od2a/lKdcXxyoRqYe', 10),
('$2a$10$1IdrGrRAN2Wp3U7QI.JIzuA2amXnXPKlVvjlg62SZ08/U45S1krWS', TIMESTAMP '2019-10-26 09:55:01.168', TRUE, 21, '$2a$10$1IdrGrRAN2Wp3U7QI.JIzumrB8gg15WYrl/9Od2a/lKdcXxyoRqYe', 11),
('$2a$10$1IdrGrRAN2Wp3U7QI.JIzuWb3cSZmVC9yx83VYQxwLFYSL5g8IoRy', TIMESTAMP '2019-10-26 09:55:01.402', TRUE, 21, '$2a$10$1IdrGrRAN2Wp3U7QI.JIzueyGOu7FMMyyMJw3bvzEU2elpOrru8sy', NULL),
('$2a$10$1IdrGrRAN2Wp3U7QI.JIzuaXivFiTa4cwzBq6IwpHyvmd9OIEIHwW', TIMESTAMP '2019-10-26 09:55:01.637', TRUE, 21, NULL, 9),
('$2a$10$1IdrGrRAN2Wp3U7QI.JIzuYTSKjBSu3cADo/STK5moSHUhn6NKcyS', TIMESTAMP '2019-10-26 09:55:01.871', TRUE, 21, NULL, 16),
('$2a$10$1IdrGrRAN2Wp3U7QI.JIzuYun6DCp3DqD0HkMSxupTiHcONZRP0YC', TIMESTAMP '2019-10-26 09:55:02.106', TRUE, 21, NULL, 20),
('$2a$10$1IdrGrRAN2Wp3U7QI.JIzuj/DUpsANoEk4usC10lyWBvgCY2jpdQ6', TIMESTAMP '2019-10-26 09:55:02.34', TRUE, 21, NULL, 18),
('$2a$10$1IdrGrRAN2Wp3U7QI.JIzukT2e4dWh2jhcsPdh.C5JEqMyz08zCoa', TIMESTAMP '2019-10-26 09:55:02.574', TRUE, 21, NULL, 14),
('$2a$10$1IdrGrRAN2Wp3U7QI.JIzuRe9KBAxYEu.ylAyhV50ek90rELSRGqG', TIMESTAMP '2019-10-26 09:55:02.809', TRUE, 21, NULL, 19),
('$2a$10$1IdrGrRAN2Wp3U7QI.JIzuQi87d/P3rgtaiDqqegSB4vu2sByXkly', TIMESTAMP '2019-10-26 09:55:03.043', FALSE, 21, '$2a$10$1IdrGrRAN2Wp3U7QI.JIzumrB8gg15WYrl/9Od2a/lKdcXxyoRqYe', 12);
CREATE MEMORY TABLE PUBLIC.COMMENTS(
ID BIGINT NOT NULL,
CREATED_AT TIMESTAMP NOT NULL,
UPDATED_AT TIMESTAMP NOT NULL,
COMMENT VARCHAR(255) NOT NULL,
CREATED_BY_ID BIGINT NOT NULL,
PARENT_ID BIGINT,
PROPOSAL_ID BIGINT NOT NULL
);
ALTER TABLE PUBLIC.COMMENTS ADD CONSTRAINT PUBLIC.CONSTRAINT_A PRIMARY KEY(ID);
-- 135 +/- SELECT COUNT(*) FROM PUBLIC.COMMENTS;
INSERT INTO PUBLIC.COMMENTS(ID, CREATED_AT, UPDATED_AT, COMMENT, CREATED_BY_ID, PARENT_ID, PROPOSAL_ID) VALUES
(194, TIMESTAMP '2019-10-25 09:54:47.629', TIMESTAMP '2019-10-25 09:54:47.629', 'Comment on root level. I really like this idea, but needs to be improved. 1571990087629', 17, NULL, 193),
(195, TIMESTAMP '2019-10-25 09:54:47.645', TIMESTAMP '2019-10-25 09:54:47.645', 'Reply 0 Lorem ipsum dolor s', 18, 194, 193),
(196, TIMESTAMP '2019-10-25 09:54:47.645', TIMESTAMP '2019-10-25 09:54:47.645', 'Reply 1 Lorem ipsum dolor sit', 10, 194, 193),
(197, TIMESTAMP '2019-10-25 09:54:47.651', TIMESTAMP '2019-10-25 09:54:47.651', 'Reply 2 Lorem ipsum dolor sit amet, consectetur adipiscing elit, sed do ei', 7, 194, 193),
(199, TIMESTAMP '2019-10-25 09:54:47.682', TIMESTAMP '2019-10-25 09:54:47.682', 'Comment on root level. I really like this idea, but needs to be improved. 1571990087682', 18, NULL, 198),
(200, TIMESTAMP '2019-10-25 09:54:47.682', TIMESTAMP '2019-10-25 09:54:47.682', 'Reply 0 Lorem ipsum', 11, 199, 198),
(201, TIMESTAMP '2019-10-25 09:54:47.682', TIMESTAMP '2019-10-25 09:54:47.682', 'Reply 1 Lorem ipsu', 3, 199, 198),
(202, TIMESTAMP '2019-10-25 09:54:47.682', TIMESTAMP '2019-10-25 09:54:47.682', 'Reply 2 Lorem ipsu', 20, 199, 198),
(203, TIMESTAMP '2019-10-25 09:54:47.682', TIMESTAMP '2019-10-25 09:54:47.682', 'Reply 3 Lorem ipsum dolor sit amet, consectetur adipiscing elit, sed do eiusmod tempor ', 19, 199, 198),
(204, TIMESTAMP '2019-10-25 09:54:47.698', TIMESTAMP '2019-10-25 09:54:47.698', 'Reply 4 Lorem ipsum dolor sit amet, consectetu', 6, 199, 198),
(206, TIMESTAMP '2019-10-25 09:54:47.714', TIMESTAMP '2019-10-25 09:54:47.714', 'Comment on root level. I really like this idea, but needs to be improved. 1571990087714', 5, NULL, 205),
(207, TIMESTAMP '2019-10-25 09:54:47.714', TIMESTAMP '2019-10-25 09:54:47.714', 'Reply 0 Lorem ipsum dolor sit amet, consectetur adipiscing elit, sed do eiusmod tempor incididunt ut', 18, 206, 205),
(208, TIMESTAMP '2019-10-25 09:54:47.714', TIMESTAMP '2019-10-25 09:54:47.714', 'Reply 1 Lorem ipsum dolor sit amet, consectetu', 9, 206, 205),
(209, TIMESTAMP '2019-10-25 09:54:47.714', TIMESTAMP '2019-10-25 09:54:47.714', 'Reply 2 Lorem ipsum dolor sit amet, consectetur adipiscing elit, sed do eiusmod temp', 3, 206, 205),
(210, TIMESTAMP '2019-10-25 09:54:47.729', TIMESTAMP '2019-10-25 09:54:47.729', 'Reply 3 Lorem ipsum dolor sit amet, consectetur adipiscing elit, sed ', 7, 206, 205),
(212, TIMESTAMP '2019-10-25 09:54:47.745', TIMESTAMP '2019-10-25 09:54:47.745', 'Comment on root level. I really like this idea, but needs to be improved. 1571990087745', 14, NULL, 211),
(213, TIMESTAMP '2019-10-25 09:54:47.745', TIMESTAMP '2019-10-25 09:54:47.745', 'Reply 0 Lorem ipsum dolor sit amet, consectetur adipiscing elit, sed do eiusmod', 6, 212, 211),
(214, TIMESTAMP '2019-10-25 09:54:47.745', TIMESTAMP '2019-10-25 09:54:47.745', 'Reply 1 Lorem ipsum dolor sit amet, consectetur adipiscing elit, sed do eiusmod tem', 4, 212, 211),
(215, TIMESTAMP '2019-10-25 09:54:47.745', TIMESTAMP '2019-10-25 09:54:47.745', 'Reply 2 Lorem ipsum dolor sit amet, consectetur adipiscing elit, sed do eiusmod tempor incidid', 9, 212, 211),
(216, TIMESTAMP '2019-10-25 09:54:47.751', TIMESTAMP '2019-10-25 09:54:47.751', 'Reply 3 Lorem ipsum dolor sit amet, consectetur adipiscing elit, sed do eiusmod tempor inc', 10, 212, 211),
(217, TIMESTAMP '2019-10-25 09:54:47.751', TIMESTAMP '2019-10-25 09:54:47.751', 'Reply 4 Lorem ipsum dolor sit amet, consectetur adipiscing elit, sed do eiusmod te', 12, 212, 211),
(218, TIMESTAMP '2019-10-25 09:54:47.751', TIMESTAMP '2019-10-25 09:54:47.751', 'Reply 5 Lorem ipsum dolor sit amet, consectetur adipiscing elit, sed do eiusmod tempor incididun', 4, 212, 211),
(220, TIMESTAMP '2019-10-25 09:54:47.767', TIMESTAMP '2019-10-25 09:54:47.767', 'Comment on root level. I really like this idea, but needs to be improved. 1571990087767', 9, NULL, 219),
(221, TIMESTAMP '2019-10-25 09:54:47.767', TIMESTAMP '2019-10-25 09:54:47.767', 'Reply 0 Lorem ipsum dolor sit amet, consectetur adipiscing elit, sed do eiusmod tempor incididunt ut labor', 5, 220, 219);
INSERT INTO PUBLIC.COMMENTS(ID, CREATED_AT, UPDATED_AT, COMMENT, CREATED_BY_ID, PARENT_ID, PROPOSAL_ID) VALUES
(222, TIMESTAMP '2019-10-25 09:54:47.767', TIMESTAMP '2019-10-25 09:54:47.767', 'Reply 1 Lorem ipsum dolor sit amet, consectetur adipiscing elit, sed do eiusmod tempor incididunt ', 10, 220, 219),
(233, TIMESTAMP '2019-10-25 09:54:53.314', TIMESTAMP '2019-10-25 09:54:53.314', 'Comment on root level. I really like this idea, but needs to be improved. 1571990093314', 11, NULL, 232),
(234, TIMESTAMP '2019-10-25 09:54:53.314', TIMESTAMP '2019-10-25 09:54:53.314', 'Reply 0 Lorem ipsum dolor sit amet, consectetur adipiscing elit, sed do eiusmod tempor', 6, 233, 232),
(235, TIMESTAMP '2019-10-25 09:54:53.314', TIMESTAMP '2019-10-25 09:54:53.314', 'Reply 1 Lorem ipsum dolor sit amet, consectetur adipiscing elit, sed do ', 1, 233, 232),
(236, TIMESTAMP '2019-10-25 09:54:53.314', TIMESTAMP '2019-10-25 09:54:53.314', 'Reply 2 Lorem ipsum dolor sit amet, consectetur adipiscing elit, sed do eiusmod tempor incididunt u', 8, 233, 232),
(237, TIMESTAMP '2019-10-25 09:54:53.314', TIMESTAMP '2019-10-25 09:54:53.314', 'Reply 3 Lorem ipsum ', 16, 233, 232),
(238, TIMESTAMP '2019-10-25 09:54:53.314', TIMESTAMP '2019-10-25 09:54:53.314', 'Reply 4 Lorem ipsum dolo', 20, 233, 232),
(243, TIMESTAMP '2019-10-25 09:54:53.346', TIMESTAMP '2019-10-25 09:54:53.346', 'Comment on root level. I really like this idea, but needs to be improved. 1571990093346', 12, NULL, 242),
(244, TIMESTAMP '2019-10-25 09:54:53.361', TIMESTAMP '2019-10-25 09:54:53.361', 'Reply 0 Lorem ipsum dolor sit amet, consectetur adipiscin', 8, 243, 242),
(245, TIMESTAMP '2019-10-25 09:54:53.361', TIMESTAMP '2019-10-25 09:54:53.361', 'Reply 1 Lorem ipsum dolor sit amet, consectetu', 19, 243, 242),
(246, TIMESTAMP '2019-10-25 09:54:53.361', TIMESTAMP '2019-10-25 09:54:53.361', 'Reply 2 Lorem ipsum dolor sit ame', 19, 243, 242),
(247, TIMESTAMP '2019-10-25 09:54:53.361', TIMESTAMP '2019-10-25 09:54:53.361', 'Reply 3 Lorem ipsum dolor sit amet, consectetur adipiscing elit, sed do eiusmod tempor incididunt ut ', 5, 243, 242),
(248, TIMESTAMP '2019-10-25 09:54:53.361', TIMESTAMP '2019-10-25 09:54:53.361', 'Reply 4 Lorem ipsum dolor sit amet, consectetur adipiscing elit, sed ', 5, 243, 242),
(250, TIMESTAMP '2019-10-25 09:54:53.392', TIMESTAMP '2019-10-25 09:54:53.392', 'Comment on root level. I really like this idea, but needs to be improved. 1571990093392', 13, NULL, 249),
(251, TIMESTAMP '2019-10-25 09:54:53.392', TIMESTAMP '2019-10-25 09:54:53.392', 'Reply 0 Lorem ipsum dolor sit amet, consectetur adipisc', 1, 250, 249),
(252, TIMESTAMP '2019-10-25 09:54:53.392', TIMESTAMP '2019-10-25 09:54:53.392', 'Reply 1 Lorem ipsum dolor sit amet, consectetur adipiscing elit, sed do eiusmod tempor incididunt ut', 15, 250, 249),
(253, TIMESTAMP '2019-10-25 09:54:53.392', TIMESTAMP '2019-10-25 09:54:53.392', 'Reply 2 Lorem ipsum dolor sit amet, consectetur adipiscing elit, sed do eiusmod tempor inc', 20, 250, 249),
(254, TIMESTAMP '2019-10-25 09:54:53.392', TIMESTAMP '2019-10-25 09:54:53.392', 'Reply 3 Lorem ipsum dolor sit amet, consect', 12, 250, 249),
(255, TIMESTAMP '2019-10-25 09:54:53.392', TIMESTAMP '2019-10-25 09:54:53.392', 'Reply 4 Lorem ipsum dolor sit amet, consectetur adipiscing eli', 19, 250, 249),
(257, TIMESTAMP '2019-10-25 09:54:53.424', TIMESTAMP '2019-10-25 09:54:53.424', 'Comment on root level. I really like this idea, but needs to be improved. 1571990093424', 3, NULL, 256),
(258, TIMESTAMP '2019-10-25 09:54:53.424', TIMESTAMP '2019-10-25 09:54:53.424', 'Reply 0 Lorem ipsum dolor sit amet, consectetur adipiscing elit, sed do eiusmod tempor', 18, 257, 256),
(259, TIMESTAMP '2019-10-25 09:54:53.424', TIMESTAMP '2019-10-25 09:54:53.424', 'Reply 1 Lorem ipsum dolor sit amet, consectetur adipiscing elit, se', 14, 257, 256),
(260, TIMESTAMP '2019-10-25 09:54:53.424', TIMESTAMP '2019-10-25 09:54:53.424', 'Reply 2 Lorem ipsum dolor sit amet, consectetur adipiscing elit, sed do', 14, 257, 256),
(262, TIMESTAMP '2019-10-25 09:54:53.455', TIMESTAMP '2019-10-25 09:54:53.455', 'Comment on root level. I really like this idea, but needs to be improved. 1571990093455', 14, NULL, 261);
INSERT INTO PUBLIC.COMMENTS(ID, CREATED_AT, UPDATED_AT, COMMENT, CREATED_BY_ID, PARENT_ID, PROPOSAL_ID) VALUES
(263, TIMESTAMP '2019-10-25 09:54:53.455', TIMESTAMP '2019-10-25 09:54:53.455', 'Reply 0 Lorem ipsum dolor sit amet, consectetur adipiscing elit, sed do', 17, 262, 261),
(264, TIMESTAMP '2019-10-25 09:54:53.455', TIMESTAMP '2019-10-25 09:54:53.455', 'Reply 1 Lorem ipsum dolor sit amet, consectetur adipiscing elit, sed do eiusmod tempor', 11, 262, 261),
(265, TIMESTAMP '2019-10-25 09:54:53.455', TIMESTAMP '2019-10-25 09:54:53.455', 'Reply 2 Lorem ipsum dolor sit amet, consectetur adipiscing elit, sed do eiusmod tempor incididunt ut l', 16, 262, 261),
(266, TIMESTAMP '2019-10-25 09:54:53.455', TIMESTAMP '2019-10-25 09:54:53.455', 'Reply 3 Lorem ipsum dolor sit amet, consectetur adipiscing ', 8, 262, 261),
(268, TIMESTAMP '2019-10-25 09:54:53.502', TIMESTAMP '2019-10-25 09:54:53.502', 'Comment on root level. I really like this idea, but needs to be improved. 1571990093502', 12, NULL, 267),
(269, TIMESTAMP '2019-10-25 09:54:53.517', TIMESTAMP '2019-10-25 09:54:53.517', 'Reply 0 Lorem ipsum dolor s', 3, 268, 267),
(270, TIMESTAMP '2019-10-25 09:54:53.517', TIMESTAMP '2019-10-25 09:54:53.517', 'Reply 1 Lorem ipsum', 10, 268, 267),
(271, TIMESTAMP '2019-10-25 09:54:53.517', TIMESTAMP '2019-10-25 09:54:53.517', 'Reply 2 Lorem ipsum dolor sit amet, consectetur adipiscing elit, sed do eiusmod t', 11, 268, 267),
(272, TIMESTAMP '2019-10-25 09:54:53.517', TIMESTAMP '2019-10-25 09:54:53.517', 'Reply 3 Lorem ipsum dolor sit amet, consectetur adipiscing elit, sed do eiusmod tempor i', 15, 268, 267),
(273, TIMESTAMP '2019-10-25 09:54:53.533', TIMESTAMP '2019-10-25 09:54:53.533', 'Reply 4 Lorem ipsum dolor sit amet, consectetur adipiscing eli', 13, 268, 267),
(274, TIMESTAMP '2019-10-25 09:54:53.533', TIMESTAMP '2019-10-25 09:54:53.533', 'Reply 5 Lorem ipsum dolor sit amet, consectetur adipiscing elit, sed do eiusmod tempor incididunt u', 1, 268, 267),
(277, TIMESTAMP '2019-10-25 09:54:53.564', TIMESTAMP '2019-10-25 09:54:53.564', 'Comment on root level. I really like this idea, but needs to be improved. 1571990093564', 8, NULL, 276),
(278, TIMESTAMP '2019-10-25 09:54:53.564', TIMESTAMP '2019-10-25 09:54:53.564', 'Reply 0 Lorem ipsum dolor sit amet, consectetur adipiscing elit, sed d', 12, 277, 276),
(279, TIMESTAMP '2019-10-25 09:54:53.564', TIMESTAMP '2019-10-25 09:54:53.564', 'Reply 1 Lorem ipsum dolor sit amet,', 2, 277, 276),
(280, TIMESTAMP '2019-10-25 09:54:53.564', TIMESTAMP '2019-10-25 09:54:53.564', 'Reply 2 Lorem ipsu', 20, 277, 276),
(281, TIMESTAMP '2019-10-25 09:54:53.564', TIMESTAMP '2019-10-25 09:54:53.564', 'Reply 3 Lorem ipsum dolor sit amet, consectetur adipiscing elit, sed do eiusmod tempor ', 13, 277, 276),
(282, TIMESTAMP '2019-10-25 09:54:53.564', TIMESTAMP '2019-10-25 09:54:53.564', 'Reply 4 Lorem ipsum dolor sit amet, consectetur adipiscing elit, sed do ei', 5, 277, 276),
(284, TIMESTAMP '2019-10-25 09:54:53.595', TIMESTAMP '2019-10-25 09:54:53.595', 'Comment on root level. I really like this idea, but needs to be improved. 1571990093595', 14, NULL, 283),
(285, TIMESTAMP '2019-10-25 09:54:53.595', TIMESTAMP '2019-10-25 09:54:53.595', 'Reply 0 Lorem ipsum dolor sit amet, consectetur adip', 20, 284, 283),
(286, TIMESTAMP '2019-10-25 09:54:53.595', TIMESTAMP '2019-10-25 09:54:53.595', 'Reply 1 Lorem ipsum dolor sit amet, con', 4, 284, 283),
(288, TIMESTAMP '2019-10-25 09:54:53.627', TIMESTAMP '2019-10-25 09:54:53.627', 'Comment on root level. I really like this idea, but needs to be improved. 1571990093627', 17, NULL, 287),
(289, TIMESTAMP '2019-10-25 09:54:53.627', TIMESTAMP '2019-10-25 09:54:53.627', 'Reply 0 Lorem ipsum dolor sit amet, consectetur adipiscing elit, sed do eiusmod tempor inci', 17, 288, 287),
(290, TIMESTAMP '2019-10-25 09:54:53.627', TIMESTAMP '2019-10-25 09:54:53.627', 'Reply 1 Lorem ipsum dolor sit amet, consectetur adipiscing elit, sed do eiusm', 10, 288, 287),
(291, TIMESTAMP '2019-10-25 09:54:53.627', TIMESTAMP '2019-10-25 09:54:53.627', 'Reply 2 Lorem ipsum dolor sit amet, consectetur adipiscing elit, sed do eiusmod tempor incididunt u', 6, 288, 287);
INSERT INTO PUBLIC.COMMENTS(ID, CREATED_AT, UPDATED_AT, COMMENT, CREATED_BY_ID, PARENT_ID, PROPOSAL_ID) VALUES
(293, TIMESTAMP '2019-10-25 09:54:53.658', TIMESTAMP '2019-10-25 09:54:53.658', 'Comment on root level. I really like this idea, but needs to be improved. 1571990093658', 16, NULL, 292),
(294, TIMESTAMP '2019-10-25 09:54:53.658', TIMESTAMP '2019-10-25 09:54:53.658', 'Reply 0 Lorem ipsum', 4, 293, 292),
(295, TIMESTAMP '2019-10-25 09:54:53.658', TIMESTAMP '2019-10-25 09:54:53.658', 'Reply 1 Lorem ipsum dolor sit amet, consectetur adipiscing ', 5, 293, 292),
(296, TIMESTAMP '2019-10-25 09:54:53.658', TIMESTAMP '2019-10-25 09:54:53.658', 'Reply 2 Lorem ipsum dolor sit amet, consectetur adipiscing elit, sed do eiusm', 20, 293, 292),
(297, TIMESTAMP '2019-10-25 09:54:53.658', TIMESTAMP '2019-10-25 09:54:53.658', 'Reply 3 Lorem ipsum dolor sit amet, consectetur adipiscing elit, sed do eiusmod tempor incid', 5, 293, 292),
(299, TIMESTAMP '2019-10-25 09:54:53.736', TIMESTAMP '2019-10-25 09:54:53.736', 'Comment on root level. I really like this idea, but needs to be improved. 1571990093736', 11, NULL, 298),
(300, TIMESTAMP '2019-10-25 09:54:53.736', TIMESTAMP '2019-10-25 09:54:53.736', 'Reply 0 Lorem ipsum dolor sit amet, cons', 19, 299, 298),
(301, TIMESTAMP '2019-10-25 09:54:53.736', TIMESTAMP '2019-10-25 09:54:53.736', 'Reply 1 Lorem ipsum do', 20, 299, 298),
(302, TIMESTAMP '2019-10-25 09:54:53.736', TIMESTAMP '2019-10-25 09:54:53.736', 'Reply 2 Lorem ipsum dolor sit amet, consectetur adipiscing elit,', 20, 299, 298),
(303, TIMESTAMP '2019-10-25 09:54:53.736', TIMESTAMP '2019-10-25 09:54:53.736', 'Reply 3 Lorem ipsum ', 6, 299, 298),
(304, TIMESTAMP '2019-10-25 09:54:53.752', TIMESTAMP '2019-10-25 09:54:53.752', 'Reply 4 Lorem ipsum d', 11, 299, 298),
(305, TIMESTAMP '2019-10-25 09:54:53.752', TIMESTAMP '2019-10-25 09:54:53.752', 'Reply 5 Lorem ipsum dolor sit amet, consectetur adipiscing elit, sed do eiusmod tempor inc', 2, 299, 298),
(308, TIMESTAMP '2019-10-25 09:54:53.767', TIMESTAMP '2019-10-25 09:54:53.767', 'Comment on root level. I really like this idea, but needs to be improved. 1571990093767', 16, NULL, 307),
(309, TIMESTAMP '2019-10-25 09:54:53.767', TIMESTAMP '2019-10-25 09:54:53.767', 'Reply 0 Lorem ipsum dolor sit amet, consectetu', 20, 308, 307),
(310, TIMESTAMP '2019-10-25 09:54:53.767', TIMESTAMP '2019-10-25 09:54:53.767', 'Reply 1 Lorem ipsum dolor sit amet, consectetur adipiscing elit, sed d', 19, 308, 307),
(311, TIMESTAMP '2019-10-25 09:54:53.767', TIMESTAMP '2019-10-25 09:54:53.767', 'Reply 2 Lorem ipsum dolor sit amet, consectetur adipiscing elit, sed do eiusmod tempor incididunt', 3, 308, 307),
(312, TIMESTAMP '2019-10-25 09:54:53.767', TIMESTAMP '2019-10-25 09:54:53.767', 'Reply 3 Lorem ipsum dolor sit amet, consecte', 5, 308, 307),
(313, TIMESTAMP '2019-10-25 09:54:53.767', TIMESTAMP '2019-10-25 09:54:53.767', 'Reply 4 Lorem ipsum dolor sit amet, cons', 3, 308, 307),
(315, TIMESTAMP '2019-10-25 09:54:53.799', TIMESTAMP '2019-10-25 09:54:53.799', 'Comment on root level. I really like this idea, but needs to be improved. 1571990093799', 15, NULL, 314),
(316, TIMESTAMP '2019-10-25 09:54:53.799', TIMESTAMP '2019-10-25 09:54:53.799', 'Reply 0 Lorem ipsum dolor ', 13, 315, 314),
(317, TIMESTAMP '2019-10-25 09:54:53.799', TIMESTAMP '2019-10-25 09:54:53.799', 'Reply 1 Lorem ipsum dolor sit amet, consectetur adipiscing elit, sed do eiusmod tempor incididu', 11, 315, 314),
(318, TIMESTAMP '2019-10-25 09:54:53.799', TIMESTAMP '2019-10-25 09:54:53.799', 'Reply 2 Lorem ipsum dolor sit amet', 7, 315, 314),
(320, TIMESTAMP '2019-10-25 09:54:53.814', TIMESTAMP '2019-10-25 09:54:53.814', 'Comment on root level. I really like this idea, but needs to be improved. 1571990093814', 18, NULL, 319),
(321, TIMESTAMP '2019-10-25 09:54:53.83', TIMESTAMP '2019-10-25 09:54:53.83', 'Reply 0 Lorem ipsum dolor sit amet, consectetur adipiscing elit, s', 2, 320, 319),
(322, TIMESTAMP '2019-10-25 09:54:53.83', TIMESTAMP '2019-10-25 09:54:53.83', 'Reply 1 Lorem ipsum dolor sit amet, consectetur adipiscing elit, sed do eiusmod tempor incididu', 19, 320, 319);
INSERT INTO PUBLIC.COMMENTS(ID, CREATED_AT, UPDATED_AT, COMMENT, CREATED_BY_ID, PARENT_ID, PROPOSAL_ID) VALUES
(323, TIMESTAMP '2019-10-25 09:54:53.83', TIMESTAMP '2019-10-25 09:54:53.83', 'Reply 2 Lorem ipsum dolor sit amet, consectetur adipiscing elit, sed do eiusmod tempor in', 19, 320, 319),
(324, TIMESTAMP '2019-10-25 09:54:53.83', TIMESTAMP '2019-10-25 09:54:53.83', 'Reply 3 Lorem ipsum dolor sit amet, consectetur adipiscing elit, sed do eiusmod tempor incididun', 5, 320, 319),
(325, TIMESTAMP '2019-10-25 09:54:53.83', TIMESTAMP '2019-10-25 09:54:53.83', 'Reply 4 Lorem ipsum dolor sit amet, consectetur adipiscing elit, sed do eiusm', 6, 320, 319),
(327, TIMESTAMP '2019-10-25 09:54:53.877', TIMESTAMP '2019-10-25 09:54:53.877', 'Comment on root level. I really like this idea, but needs to be improved. 1571990093877', 14, NULL, 326),
(328, TIMESTAMP '2019-10-25 09:54:53.877', TIMESTAMP '2019-10-25 09:54:53.877', 'Reply 0 Lorem ipsum dolor sit amet, consectetur adipiscing elit, s', 9, 327, 326),
(329, TIMESTAMP '2019-10-25 09:54:53.877', TIMESTAMP '2019-10-25 09:54:53.877', 'Reply 1 Lorem ipsum dolor sit amet, consectetur adipiscing elit, sed do eiusmod tempor ', 3, 327, 326),
(330, TIMESTAMP '2019-10-25 09:54:53.877', TIMESTAMP '2019-10-25 09:54:53.877', 'Reply 2 Lorem ipsum dolor sit amet, consectetur adipiscing', 9, 327, 326),
(348, TIMESTAMP '2019-10-25 09:54:59.371', TIMESTAMP '2019-10-25 09:54:59.371', 'Comment on root level. I really like this idea, but needs to be improved. 1571990099371', 7, NULL, 347),
(349, TIMESTAMP '2019-10-25 09:54:59.371', TIMESTAMP '2019-10-25 09:54:59.371', 'Reply 0 Lorem ipsum dolor sit amet, consectetur adipiscing elit, sed do eiusmod tempor in', 14, 348, 347),
(350, TIMESTAMP '2019-10-25 09:54:59.371', TIMESTAMP '2019-10-25 09:54:59.371', 'Reply 1 Lorem ipsum dolor sit amet, consecte', 16, 348, 347),
(351, TIMESTAMP '2019-10-25 09:54:59.371', TIMESTAMP '2019-10-25 09:54:59.371', 'Reply 2 Lorem ipsum dolor sit amet, consectetur adipiscing elit, sed do eiusmod tempor incididun', 10, 348, 347),
(352, TIMESTAMP '2019-10-25 09:54:59.371', TIMESTAMP '2019-10-25 09:54:59.371', 'Reply 3 Lorem ipsum dolor si', 3, 348, 347),
(353, TIMESTAMP '2019-10-25 09:54:59.387', TIMESTAMP '2019-10-25 09:54:59.387', 'Reply 4 Lorem ipsum dolor sit amet, consectetur adipiscing elit, sed do eiusmod tempor ', 5, 348, 347),
(356, TIMESTAMP '2019-10-25 09:54:59.402', TIMESTAMP '2019-10-25 09:54:59.402', 'Comment on root level. I really like this idea, but needs to be improved. 1571990099402', 17, NULL, 355),
(357, TIMESTAMP '2019-10-25 09:54:59.402', TIMESTAMP '2019-10-25 09:54:59.402', 'Reply 0 Lorem ipsum dolor sit amet, consectetur adipiscing elit, sed do eiusmod tempor i', 15, 356, 355),
(358, TIMESTAMP '2019-10-25 09:54:59.402', TIMESTAMP '2019-10-25 09:54:59.402', 'Reply 1 Lorem ipsum dolor sit amet, consectetur adipiscing elit, sed do eiusmod tempor i', 7, 356, 355),
(359, TIMESTAMP '2019-10-25 09:54:59.402', TIMESTAMP '2019-10-25 09:54:59.402', 'Reply 2 Lorem ipsu', 10, 356, 355),
(360, TIMESTAMP '2019-10-25 09:54:59.402', TIMESTAMP '2019-10-25 09:54:59.402', 'Reply 3 Lorem ipsu', 6, 356, 355),
(361, TIMESTAMP '2019-10-25 09:54:59.402', TIMESTAMP '2019-10-25 09:54:59.402', 'Reply 4 Lorem ipsum dol', 8, 356, 355),
(362, TIMESTAMP '2019-10-25 09:54:59.402', TIMESTAMP '2019-10-25 09:54:59.402', 'Reply 5 Lorem ipsum dolor sit amet, consectetur adipiscing elit, sed do eiusmod tempor incididunt ut labore', 9, 356, 355),
(364, TIMESTAMP '2019-10-25 09:54:59.418', TIMESTAMP '2019-10-25 09:54:59.418', 'Comment on root level. I really like this idea, but needs to be improved. 1571990099418', 2, NULL, 363),
(365, TIMESTAMP '2019-10-25 09:54:59.418', TIMESTAMP '2019-10-25 09:54:59.418', 'Reply 0 Lorem ipsum dolor sit amet, conse', 20, 364, 363),
(366, TIMESTAMP '2019-10-25 09:54:59.418', TIMESTAMP '2019-10-25 09:54:59.418', 'Reply 1 Lorem ipsum dolor sit amet, consectetur adip', 20, 364, 363),
(368, TIMESTAMP '2019-10-25 09:54:59.449', TIMESTAMP '2019-10-25 09:54:59.449', 'Comment on root level. I really like this idea, but needs to be improved. 1571990099449', 6, NULL, 367);
INSERT INTO PUBLIC.COMMENTS(ID, CREATED_AT, UPDATED_AT, COMMENT, CREATED_BY_ID, PARENT_ID, PROPOSAL_ID) VALUES
(369, TIMESTAMP '2019-10-25 09:54:59.449', TIMESTAMP '2019-10-25 09:54:59.449', 'Reply 0 Lorem ipsum dolor sit amet, consectetur adipiscing elit, sed do eiusmod temp', 16, 368, 367),
(370, TIMESTAMP '2019-10-25 09:54:59.449', TIMESTAMP '2019-10-25 09:54:59.449', 'Reply 1 Lorem ipsum dolor sit amet, consectetur adipiscing elit, se', 16, 368, 367),
(371, TIMESTAMP '2019-10-25 09:54:59.449', TIMESTAMP '2019-10-25 09:54:59.449', 'Reply 2 Lorem ipsum dolor sit amet, ', 18, 368, 367),
(372, TIMESTAMP '2019-10-25 09:54:59.449', TIMESTAMP '2019-10-25 09:54:59.449', 'Reply 3 Lorem ipsum dolor sit amet, consectetur adipiscin', 7, 368, 367),
(373, TIMESTAMP '2019-10-25 09:54:59.449', TIMESTAMP '2019-10-25 09:54:59.449', 'Reply 4 Lorem ipsum dolor sit amet, co', 17, 368, 367),
(375, TIMESTAMP '2019-10-25 09:54:59.465', TIMESTAMP '2019-10-25 09:54:59.465', 'Comment on root level. I really like this idea, but needs to be improved. 1571990099465', 16, NULL, 374),
(376, TIMESTAMP '2019-10-25 09:54:59.465', TIMESTAMP '2019-10-25 09:54:59.465', 'Reply 0 Lorem ipsum dolor sit amet, consectetur adipiscing eli', 15, 375, 374),
(377, TIMESTAMP '2019-10-25 09:54:59.48', TIMESTAMP '2019-10-25 09:54:59.48', 'Reply 1 Lorem ipsum dolor sit amet, consectetur adipis', 4, 375, 374),
(378, TIMESTAMP '2019-10-25 09:54:59.48', TIMESTAMP '2019-10-25 09:54:59.48', 'Reply 2 Lorem ipsum dolor sit amet, consectetur adipiscing elit', 3, 375, 374),
(379, TIMESTAMP '2019-10-25 09:54:59.48', TIMESTAMP '2019-10-25 09:54:59.48', 'Reply 3 Lorem ipsum dolor sit amet, consectetur adipiscing elit, sed do eiusmod tempor incidid', 18, 375, 374),
(380, TIMESTAMP '2019-10-25 09:54:59.48', TIMESTAMP '2019-10-25 09:54:59.48', 'Reply 4 Lorem ipsum dolor sit amet, consectetur adipiscing elit, sed do eiusmod tempor incididunt ut labore', 20, 375, 374),
(381, TIMESTAMP '2019-10-25 09:54:59.48', TIMESTAMP '2019-10-25 09:54:59.48', 'Reply 5 Lorem ipsum dolor sit amet, consectetu', 20, 375, 374),
(382, TIMESTAMP '2019-10-25 09:54:59.48', TIMESTAMP '2019-10-25 09:54:59.48', 'Reply 6 Lorem ipsum dolor sit amet, consectetur adipiscing elit, sed do eiusmod tempor incidid', 5, 375, 374),
(383, TIMESTAMP '2019-10-25 09:54:59.48', TIMESTAMP '2019-10-25 09:54:59.48', 'Reply 7 Lorem ipsum dolor sit amet, consectetur adipiscing elit, sed do eiusmod tempor incididunt ut lab', 16, 375, 374);
CREATE MEMORY TABLE PUBLIC.COMMENTS_DOWN_VOTERS(
COMMENT_MODEL_ID BIGINT NOT NULL,
DOWN_VOTERS_ID BIGINT NOT NULL
);
ALTER TABLE PUBLIC.COMMENTS_DOWN_VOTERS ADD CONSTRAINT PUBLIC.CONSTRAINT_2 PRIMARY KEY(COMMENT_MODEL_ID, DOWN_VOTERS_ID);
-- 346 +/- SELECT COUNT(*) FROM PUBLIC.COMMENTS_DOWN_VOTERS;
INSERT INTO PUBLIC.COMMENTS_DOWN_VOTERS(COMMENT_MODEL_ID, DOWN_VOTERS_ID) VALUES
(195, 10),
(195, 5),
(195, 9),
(196, 17),
(196, 7),
(196, 1),
(197, 13),
(197, 11),
(199, 2),
(199, 14),
(200, 2),
(200, 6),
(200, 19),
(200, 5),
(201, 6),
(201, 13),
(201, 15),
(202, 12),
(203, 4),
(203, 2),
(203, 7),
(204, 8),
(204, 12),
(204, 5),
(206, 8),
(206, 19),
(206, 9),
(207, 18),
(208, 17),
(209, 8),
(209, 19),
(210, 4),
(210, 18),
(210, 9),
(212, 11),
(212, 20),
(212, 10),
(212, 16),
(213, 8),
(213, 5),
(214, 1),
(215, 17),
(215, 14),
(215, 3),
(215, 19),
(216, 13),
(216, 18),
(216, 15),
(217, 18),
(217, 7),
(217, 10),
(217, 19),
(218, 12),
(220, 11),
(220, 20),
(220, 14),
(220, 15),
(220, 9),
(221, 4),
(221, 13),
(221, 16),
(222, 10),
(222, 5),
(233, 13),
(233, 6),
(233, 1),
(234, 11),
(234, 20),
(234, 14),
(234, 5),
(235, 17),
(235, 10),
(235, 5),
(236, 1),
(236, 15),
(237, 9),
(238, 1),
(243, 4),
(243, 14),
(243, 19),
(244, 4),
(244, 11),
(244, 17),
(244, 7),
(245, 17),
(246, 17),
(246, 1),
(246, 5),
(247, 15),
(248, 17),
(250, 8),
(250, 19),
(251, 8),
(252, 4),
(252, 6),
(252, 3),
(253, 2),
(253, 16),
(253, 12),
(254, 6),
(254, 13),
(254, 18),
(254, 7),
(254, 12),
(255, 20),
(255, 14),
(255, 3),
(255, 15),
(255, 16),
(257, 6),
(257, 7),
(257, 10),
(257, 9),
(258, 7),
(258, 1),
(259, 13),
(259, 18),
(259, 7),
(260, 1),
(260, 3),
(260, 5),
(262, 2),
(262, 3),
(263, 11),
(263, 17),
(263, 18),
(263, 20),
(264, 2),
(264, 4),
(264, 11),
(264, 7),
(264, 14),
(266, 17),
(266, 12),
(268, 18),
(269, 4),
(269, 6),
(269, 15),
(269, 5),
(270, 4),
(270, 11),
(270, 10),
(270, 9),
(271, 7),
(271, 19),
(272, 14),
(272, 16),
(272, 9),
(273, 13),
(273, 14),
(274, 4),
(274, 11),
(274, 14),
(274, 12),
(277, 8),
(277, 18),
(277, 20),
(278, 6),
(279, 7),
(280, 5),
(280, 9),
(281, 11),
(281, 20),
(281, 19),
(282, 18),
(282, 20),
(282, 10),
(282, 12),
(284, 20),
(284, 10),
(284, 15),
(285, 13),
(285, 17),
(285, 10),
(285, 19),
(286, 10),
(286, 9),
(289, 8),
(289, 10),
(290, 4),
(290, 2),
(290, 6),
(290, 18),
(291, 18),
(291, 15),
(291, 5),
(293, 2),
(293, 13),
(293, 14),
(293, 1),
(293, 5),
(294, 1),
(295, 7),
(295, 19),
(296, 13),
(296, 11),
(296, 1),
(296, 15),
(297, 4),
(297, 14),
(297, 16),
(299, 17),
(299, 9),
(300, 11),
(300, 14),
(300, 1),
(301, 8),
(301, 14),
(302, 2),
(303, 6),
(303, 17),
(303, 20),
(303, 7),
(304, 15),
(305, 1),
(305, 12),
(308, 17),
(308, 16),
(308, 9),
(309, 8),
(309, 1),
(309, 5),
(309, 12),
(310, 4),
(311, 5),
(312, 15),
(313, 2),
(313, 13),
(313, 6),
(315, 14),
(315, 19),
(315, 9),
(316, 14),
(316, 10),
(316, 15),
(317, 8),
(318, 18),
(318, 12),
(320, 19),
(321, 8),
(321, 20),
(321, 14),
(322, 11),
(322, 18),
(322, 20),
(322, 12),
(322, 9),
(323, 13),
(323, 11),
(323, 14),
(324, 18),
(324, 10),
(324, 3),
(325, 1),
(327, 8),
(327, 10),
(327, 1),
(327, 16),
(327, 12),
(328, 4),
(328, 7),
(329, 6),
(329, 1),
(330, 17),
(330, 3),
(330, 15),
(330, 12),
(348, 13),
(348, 19),
(348, 16),
(348, 12),
(348, 9),
(349, 2),
(349, 17),
(350, 6),
(350, 8),
(350, 10),
(350, 1),
(350, 19),
(351, 6),
(352, 2),
(352, 13),
(352, 18),
(352, 10),
(352, 15),
(352, 16),
(353, 6),
(356, 13),
(356, 8),
(356, 7),
(356, 19),
(356, 5),
(357, 20),
(357, 14),
(357, 1),
(357, 16),
(357, 12),
(358, 2),
(358, 8),
(358, 17),
(358, 14),
(359, 18),
(359, 3),
(360, 5),
(361, 6),
(362, 3),
(362, 19),
(364, 19),
(365, 7),
(366, 2),
(366, 11),
(366, 20),
(366, 14),
(366, 10),
(366, 19),
(366, 16),
(368, 17),
(368, 15),
(369, 14),
(369, 16),
(370, 18),
(370, 15),
(371, 6),
(371, 13),
(371, 15),
(371, 9),
(372, 20),
(373, 11),
(373, 17),
(375, 7),
(375, 10),
(375, 1),
(375, 5),
(376, 2),
(376, 16),
(377, 13),
(377, 17),
(377, 7),
(377, 10),
(377, 5),
(377, 12),
(378, 13),
(378, 7),
(379, 20),
(380, 20),
(380, 1);
CREATE MEMORY TABLE PUBLIC.COMMENTS_UP_VOTERS(
COMMENT_MODEL_ID BIGINT NOT NULL,
UP_VOTERS_ID BIGINT NOT NULL
);
ALTER TABLE PUBLIC.COMMENTS_UP_VOTERS ADD CONSTRAINT PUBLIC.CONSTRAINT_20 PRIMARY KEY(COMMENT_MODEL_ID, UP_VOTERS_ID);
-- 368 +/- SELECT COUNT(*) FROM PUBLIC.COMMENTS_UP_VOTERS;
INSERT INTO PUBLIC.COMMENTS_UP_VOTERS(COMMENT_MODEL_ID, UP_VOTERS_ID) VALUES
(194, 4),
(194, 16),
(194, 9),
(195, 17),
(195, 20),
(195, 5),
(196, 11),
(196, 1),
(196, 5),
(197, 19),
(199, 4),
(199, 11),
(199, 16),
(200, 11),
(200, 14),
(200, 16),
(201, 20),
(201, 3),
(201, 15),
(202, 6),
(202, 17),
(202, 18),
(202, 20),
(202, 16),
(203, 11),
(203, 17),
(203, 15),
(204, 6),
(204, 8),
(204, 11),
(204, 20),
(204, 12),
(206, 14),
(207, 1),
(208, 3),
(209, 13),
(209, 18),
(210, 19),
(212, 17),
(212, 7),
(212, 5),
(213, 2),
(213, 11),
(213, 18),
(213, 7),
(213, 16),
(214, 4),
(214, 8),
(215, 17),
(215, 19),
(215, 12),
(216, 8),
(216, 17),
(216, 5),
(217, 6),
(217, 18),
(217, 20),
(218, 20),
(218, 1),
(218, 12),
(221, 4),
(221, 8),
(221, 11),
(221, 20),
(221, 7),
(221, 15),
(222, 2),
(222, 15),
(222, 9),
(233, 12),
(233, 5),
(234, 18),
(234, 16),
(236, 14),
(236, 19),
(236, 15),
(237, 15),
(238, 17),
(244, 4),
(244, 6),
(244, 20),
(245, 2),
(245, 11),
(245, 15),
(246, 14),
(246, 1),
(247, 5),
(247, 12),
(248, 3),
(248, 16),
(248, 12),
(250, 3),
(250, 15),
(250, 9),
(251, 7),
(251, 19),
(251, 15),
(251, 5),
(252, 2),
(252, 3),
(253, 13),
(253, 3),
(253, 12),
(254, 7),
(255, 4),
(257, 19),
(258, 4),
(258, 6),
(258, 18),
(258, 16),
(259, 13),
(259, 8),
(259, 14),
(259, 19),
(259, 9),
(260, 17),
(260, 7),
(260, 1),
(260, 5),
(262, 2),
(262, 18),
(262, 14),
(262, 16),
(262, 5),
(263, 1),
(263, 5),
(264, 18),
(264, 7),
(264, 1),
(264, 5),
(265, 2),
(265, 8),
(265, 18),
(265, 19),
(266, 4),
(266, 13),
(266, 8),
(266, 7),
(266, 16),
(266, 9),
(268, 2),
(268, 17),
(268, 20),
(269, 13),
(270, 4),
(270, 14),
(270, 7),
(270, 12),
(271, 7),
(271, 12),
(272, 4),
(272, 6),
(272, 1),
(272, 16),
(272, 9),
(273, 3),
(273, 12),
(274, 1),
(277, 12),
(278, 4),
(278, 18),
(278, 19),
(278, 16),
(278, 9),
(279, 4),
(279, 20),
(280, 20),
(281, 17),
(281, 20),
(281, 14),
(282, 18),
(282, 1),
(284, 16),
(285, 3),
(285, 5),
(286, 2),
(286, 20),
(286, 1),
(286, 12),
(286, 9),
(288, 2),
(288, 4),
(288, 12),
(289, 6),
(289, 19),
(290, 17),
(290, 10),
(291, 17),
(291, 10),
(293, 2),
(294, 11),
(294, 20),
(294, 19),
(294, 15),
(295, 4),
(295, 10),
(295, 1),
(295, 5),
(296, 2),
(296, 11),
(296, 18),
(296, 12),
(297, 17),
(297, 15),
(297, 16),
(299, 12),
(300, 18),
(301, 4),
(301, 13),
(301, 6),
(301, 14),
(302, 2),
(302, 8),
(302, 20),
(302, 3),
(302, 15),
(302, 9),
(303, 4),
(304, 13),
(304, 18),
(304, 17),
(304, 7),
(304, 12),
(305, 6),
(305, 3),
(305, 19),
(308, 11),
(308, 16),
(308, 9),
(309, 6),
(309, 8),
(309, 15),
(310, 14),
(311, 11),
(311, 20),
(311, 10),
(312, 1),
(312, 3),
(313, 18),
(315, 11),
(315, 18),
(315, 1),
(315, 15),
(315, 12),
(316, 2),
(316, 17),
(316, 14),
(316, 9),
(317, 11),
(317, 16),
(318, 20),
(318, 19),
(318, 15),
(320, 13),
(320, 18),
(320, 16),
(320, 5),
(320, 9),
(321, 6),
(321, 10),
(321, 19),
(321, 12),
(322, 2),
(322, 13),
(322, 11),
(322, 7),
(322, 1),
(323, 2),
(323, 11),
(323, 12),
(324, 6),
(324, 8),
(324, 18),
(324, 12),
(324, 9),
(325, 11),
(325, 1),
(325, 5),
(325, 9),
(327, 20),
(327, 19),
(327, 9),
(328, 17),
(328, 7),
(328, 1),
(330, 20),
(348, 8),
(348, 18),
(348, 14),
(348, 7),
(348, 12),
(350, 10),
(350, 15),
(351, 19),
(352, 4),
(352, 11),
(352, 7),
(352, 10),
(352, 5),
(353, 4),
(353, 11),
(353, 10),
(353, 19),
(356, 4),
(356, 13),
(356, 17),
(356, 20),
(356, 7),
(357, 20),
(357, 14),
(359, 2),
(359, 13),
(359, 18),
(359, 14),
(359, 1),
(359, 3),
(360, 4),
(361, 2),
(361, 10),
(361, 1),
(361, 19),
(362, 4),
(362, 10),
(364, 10),
(364, 16),
(365, 12),
(366, 3),
(366, 15),
(368, 13),
(368, 10),
(368, 3),
(368, 15),
(368, 9),
(369, 2),
(369, 10),
(370, 20),
(370, 7),
(371, 2),
(371, 6),
(372, 18),
(372, 3),
(372, 9),
(373, 2),
(373, 11),
(373, 1),
(375, 2),
(375, 4),
(375, 11),
(375, 10),
(375, 12),
(376, 2),
(376, 20),
(376, 10),
(376, 12),
(376, 5),
(377, 11),
(377, 18),
(377, 10),
(379, 8),
(379, 11),
(379, 9),
(380, 4),
(380, 8),
(381, 13),
(381, 16),
(382, 7),
(383, 2),
(383, 8);
CREATE MEMORY TABLE PUBLIC.DELEGATIONS(
ID BIGINT NOT NULL,
CREATED_AT TIMESTAMP NOT NULL,
UPDATED_AT TIMESTAMP NOT NULL,
REQUESTED_DELEGATION_AT TIMESTAMP,
TRANSITIVE BOOLEAN NOT NULL,
AREA_ID BIGINT NOT NULL,
FROM_USER_ID BIGINT NOT NULL,
REQUESTED_DELEGATION_FROM_CHECKSUM_CHECKSUM VARCHAR(255),
TO_PROXY_ID BIGINT NOT NULL
);
ALTER TABLE PUBLIC.DELEGATIONS ADD CONSTRAINT PUBLIC.CONSTRAINT_8 PRIMARY KEY(ID);
-- 9 +/- SELECT COUNT(*) FROM PUBLIC.DELEGATIONS;
INSERT INTO PUBLIC.DELEGATIONS(ID, CREATED_AT, UPDATED_AT, REQUESTED_DELEGATION_AT, TRANSITIVE, AREA_ID, FROM_USER_ID, REQUESTED_DELEGATION_FROM_CHECKSUM_CHECKSUM, TO_PROXY_ID) VALUES
(223, TIMESTAMP '2019-10-25 09:54:48.554', TIMESTAMP '2019-10-25 09:54:48.554', NULL, TRUE, 21, 2, NULL, 1),
(224, TIMESTAMP '2019-10-25 09:54:49.171', TIMESTAMP '2019-10-25 09:54:49.171', NULL, TRUE, 21, 3, NULL, 1),
(225, TIMESTAMP '2019-10-25 09:54:49.772', TIMESTAMP '2019-10-25 09:54:49.772', NULL, TRUE, 21, 4, NULL, 1),
(226, TIMESTAMP '2019-10-25 09:54:50.236', TIMESTAMP '2019-10-25 09:54:50.236', TIMESTAMP '2019-10-25 09:54:50.236', TRUE, 21, 5, '$2a$10$1IdrGrRAN2Wp3U7QI.JIzuaW/fGb8Z2mJgsKxYwe5.NrtAFNxSQVS', 2),
(227, TIMESTAMP '2019-10-25 09:54:50.853', TIMESTAMP '2019-10-25 09:54:50.853', NULL, TRUE, 21, 6, NULL, 3),
(228, TIMESTAMP '2019-10-25 09:54:51.461', TIMESTAMP '2019-10-25 09:54:51.461', NULL, TRUE, 21, 7, NULL, 4),
(229, TIMESTAMP '2019-10-25 09:54:52.062', TIMESTAMP '2019-10-25 09:54:52.062', NULL, TRUE, 21, 10, NULL, 7),
(230, TIMESTAMP '2019-10-25 09:54:52.679', TIMESTAMP '2019-10-25 09:54:52.679', NULL, TRUE, 21, 11, NULL, 7),
(231, TIMESTAMP '2019-10-25 09:54:53.283', TIMESTAMP '2019-10-25 09:54:53.283', NULL, FALSE, 21, 12, NULL, 7);
CREATE MEMORY TABLE PUBLIC.KEY_VALUE(
ID BIGINT NOT NULL,
KEY_COL VARCHAR(255) NOT NULL,
VALUE_COL VARCHAR(255)
);
ALTER TABLE PUBLIC.KEY_VALUE ADD CONSTRAINT PUBLIC.CONSTRAINT_7 PRIMARY KEY(ID);
-- 3 +/- SELECT COUNT(*) FROM PUBLIC.KEY_VALUE;
INSERT INTO PUBLIC.KEY_VALUE(ID, KEY_COL, VALUE_COL) VALUES
(32, 'liquido.supporters.for.proposal', '10'),
(239, 'liquido.days.until.voting.starts', '14'),
(240, 'liquido.duration.of.voting.phase', '14');
CREATE MEMORY TABLE PUBLIC.LAWS(
ID BIGINT NOT NULL,
CREATED_AT TIMESTAMP NOT NULL,
UPDATED_AT TIMESTAMP NOT NULL,
DESCRIPTION VARCHAR(1000) NOT NULL,
REACHED_QUORUM_AT TIMESTAMP,
STATUS INTEGER NOT NULL,
TITLE VARCHAR(255) NOT NULL,
AREA_ID BIGINT NOT NULL,
CREATED_BY_ID BIGINT,
POLL_ID BIGINT
);
ALTER TABLE PUBLIC.LAWS ADD CONSTRAINT PUBLIC.CONSTRAINT_23 PRIMARY KEY(ID);
-- 188 +/- SELECT COUNT(*) FROM PUBLIC.LAWS;
INSERT INTO PUBLIC.LAWS(ID, CREATED_AT, UPDATED_AT, DESCRIPTION, REACHED_QUORUM_AT, STATUS, TITLE, AREA_ID, CREATED_BY_ID, POLL_ID) VALUES
(31, TIMESTAMP '2019-10-24 09:54:45.504', TIMESTAMP '2019-10-25 09:54:45.504', 'UHE9tq27 Lorem ipsum dolor sit amet, consectetur adipiscing elit, sed do eiusmod tempor incididunt ut labore et dolore magna aliqua. Ut enim ad minim veniam, quis nostrud exercitation ullamco laboris nisi ut aliquip ex ea commodo consequat. Duis aute irure dolor', NULL, 0, 'Idea 0 title from TestFixtures', 21, 2, NULL),
(33, TIMESTAMP '2019-10-23 09:54:45.545', TIMESTAMP '2019-10-24 09:54:45.545', 'geOzOEvG Lorem ipsum dolor sit amet, consectetur adipiscing elit, sed do eiusmod tempor incididunt ut labore et dolore ma', NULL, 0, 'Idea 1 that suggest that we definitely need a longer title for ideas', 22, 7, NULL),
(34, TIMESTAMP '2019-10-22 09:54:45.555', TIMESTAMP '2019-10-23 09:54:45.555', 'XflcUq8D Lorem ipsum dolor sit amet, consectetur adipiscing elit, sed do eiusmod tempor incididunt ut labore et dolore magna aliqua. Ut enim ad minim veniam, quis nostrud exercitation ullamco laboris nisi ut aliquip ex ea commodo consequat. Duis aute irure dolor in reprehenderit in voluptate velit esse cillum dolore eu fugi', NULL, 0, 'Idea 2 that suggest that we definitely need a longer title for ideas', 23, 17, NULL),
(35, TIMESTAMP '2019-10-21 09:54:45.575', TIMESTAMP '2019-10-22 09:54:45.583', 'rDKMZKzH Lorem ipsum dolor sit amet, consectetur adipiscing elit, sed do eiusmod tempor incididunt ut labore et dolore m', NULL, 0, 'Idea 3 that suggest that we definitely need a longer title for ideas', 24, 14, NULL),
(36, TIMESTAMP '2019-10-20 09:54:45.595', TIMESTAMP '2019-10-21 09:54:45.595', 'qtxGbsvX Lorem ipsum dolor sit amet, consectetur adipiscing elit, sed do eiusmod tempor incididunt ut labore et dolore magna aliqua. Ut enim ad minim veniam, quis nostrud exercitation ullamco laboris nisi ut aliquip ex ea commodo consequat. Duis aute irure dolor in reprehenderit in voluptate velit esse cillum dolore eu fugiat nulla pariatur. Excepteur sint occaecat cupidatat non proid', NULL, 0, 'Idea 4 that suggest that we definitely need a longer title for ideas', 25, 18, NULL),
(37, TIMESTAMP '2019-10-19 09:54:45.613', TIMESTAMP '2019-10-20 09:54:45.613', 'SZzwWDm9 Lorem ipsum dolor sit amet, consectetur adipiscing elit, sed do eiusmod tempor incididunt ut labore et dolore magna aliqua. Ut enim ad minim veniam, quis nostrud exercitation ullamco laboris nisi ut aliquip ex ea commodo consequat. Duis aute irure dolor in reprehender', NULL, 0, 'Idea 5 that suggest that we definitely need a longer title for ideas', 26, 6, NULL),
(38, TIMESTAMP '2019-10-18 09:54:45.635', TIMESTAMP '2019-10-19 09:54:45.635', 'qheR4fZg Lorem ipsum dolor sit amet, consectetur adipiscing elit, sed do eiusmod tempor incididunt ut labore et dolore magna aliqua. Ut enim ad m', NULL, 0, 'Idea 6 that suggest that we definitely need a longer title for ideas', 27, 5, NULL),
(39, TIMESTAMP '2019-10-17 09:54:45.675', TIMESTAMP '2019-10-18 09:54:45.675', 'RM0q78xH Lorem ipsum dolor sit amet, consectetur adipiscing elit, sed do eiusmod tempor incididunt ut labore et dolore magna aliqua. Ut enim ad minim veniam, quis nostrud exercitation ullamco laboris nisi ut aliquip ex ea commodo consequat. Duis aute irure dolor in reprehenderit in voluptate velit esse cillum dolore eu fugiat nulla pariatur. Excepteur sint occaecat cupidatat non proident, sun', NULL, 0, 'Idea 7 that suggest that we definitely need a longer title for ideas', 28, 4, NULL),
(40, TIMESTAMP '2019-10-16 09:54:45.714', TIMESTAMP '2019-10-17 09:54:45.714', 'oFykHftE Lorem ipsum dolor sit amet, consectetur adipiscing elit, sed do eiusmod tempor incididunt ut labore et dolore magna aliqua. Ut enim ad minim veniam, quis nostrud exercitation ullamco laboris nisi ut aliquip ex ea commodo consequat. Duis aute irure dolor in reprehenderit in voluptate velit esse cillum dolore eu fugiat nulla pariatur. Except', NULL, 0, 'Idea 8 that suggest that we definitely need a longer title for ideas', 29, 10, NULL),
(41, TIMESTAMP '2019-10-15 09:54:45.726', TIMESTAMP '2019-10-16 09:54:45.726', 'acYFtqNM Lorem ipsum dolor sit amet, consectetur adipiscing elit, sed do eiusmod tempor incididunt ut labore et dolore magna aliqua. Ut enim ad minim veniam, quis nostrud exercitation ullamco laboris nisi ut aliquip ex ea commodo consequat. Duis aute irure dolor in reprehenderit in voluptate velit esse cillum dolore eu fugiat nulla pariatur. E', NULL, 0, 'Idea 9 that suggest that we definitely need a longer title for ideas', 30, 20, NULL);
INSERT INTO PUBLIC.LAWS(ID, CREATED_AT, UPDATED_AT, DESCRIPTION, REACHED_QUORUM_AT, STATUS, TITLE, AREA_ID, CREATED_BY_ID, POLL_ID) VALUES
(42, TIMESTAMP '2019-10-14 09:54:45.754', TIMESTAMP '2019-10-15 09:54:45.754', '7f0qccOZ Lorem ipsum dolor sit amet, consectetur adipiscing elit, sed do eiusmod tempor incididunt ut labore et dolore magna aliqua. Ut enim ad minim veniam, quis nostrud exercitation ullamco laboris nisi ut aliquip ex ea commodo consequat. Duis aute irure dolor in reprehenderit in voluptate velit esse cillum dolore eu fugiat nulla pariatur. Excepteur sint occaecat cupidatat non proident', NULL, 0, 'Idea 10 that suggest that we definitely need a longer title for ideas', 21, 16, NULL),
(43, TIMESTAMP '2019-10-13 09:54:45.756', TIMESTAMP '2019-10-14 09:54:45.756', 'bHeUAyCQ Lorem ipsum dolor sit amet, consectetur adipiscing elit, sed do eiusmod tempor incididunt ut labore et dolore magna aliqua. Ut enim ad minim veniam, quis nostrud exercitation ullamco laboris nisi ut aliquip ex ea commodo consequat. Duis aute irure dolor in reprehenderit in voluptate velit esse cillum', NULL, 0, 'Idea 11 that suggest that we definitely need a longer title for ideas', 22, 20, NULL),
(44, TIMESTAMP '2019-10-12 09:54:45.776', TIMESTAMP '2019-10-13 09:54:45.776', 'Fql753GX Lorem ipsum dolor sit amet, consectetur adipiscing elit, sed do eiusmod tempor incididunt ut labore et dolore magna aliqua. Ut enim ad minim veniam, quis nostrud exercitation ullamco laboris nisi ut aliquip ex ea commodo consequat. Duis aute irure dolor in reprehenderit in voluptate velit esse cillum dolore eu fugiat nulla pariatur. Excepteur sint occaecat cu', NULL, 0, 'Idea 12 that suggest that we definitely need a longer title for ideas', 23, 17, NULL),
(45, TIMESTAMP '2019-10-11 09:54:45.796', TIMESTAMP '2019-10-12 09:54:45.796', 'xdtrgVyG Lorem ipsum dolor sit amet, consectetur adipiscing elit, sed do eiusmod tempor incididunt ut labore et dolore magna aliqua. Ut enim ad minim veniam, quis nostrud exercitation ullamco laboris nisi ut aliquip ex ea commodo conseq', NULL, 0, 'Idea 13 that suggest that we definitely need a longer title for ideas', 24, 18, NULL),
(46, TIMESTAMP '2019-10-10 09:54:45.816', TIMESTAMP '2019-10-11 09:54:45.816', 'p9uSo6oV Lorem ipsum dolor sit amet, consectetur adipiscing elit, sed do eiusmod tempor incididunt ut labore et dolore magna aliqua. Ut enim ad minim veniam, quis nostrud exercitation ullamco laboris nisi ut aliquip ex ea commodo consequat. Duis aute', NULL, 0, 'Idea 14 that suggest that we definitely need a longer title for ideas', 25, 18, NULL),
(47, TIMESTAMP '2019-10-09 09:54:45.836', TIMESTAMP '2019-10-10 09:54:45.836', 'c7GUaEVq Lorem ipsum dolor sit amet, consectetur adipiscing elit, sed do eiusmod tempor incididunt ut labore et dolore magna aliqua. Ut enim ad minim veniam, quis nostrud', NULL, 0, 'Idea 15 that suggest that we definitely need a longer title for ideas', 26, 17, NULL),
(48, TIMESTAMP '2019-10-08 09:54:45.856', TIMESTAMP '2019-10-09 09:54:45.856', 'ENTUtsGt Lorem ipsum dolor sit amet, consectetur adipiscing elit, sed do eiusmod tempor incididunt ut labore et dolore magna aliqua. Ut enim ad minim ven', NULL, 0, 'Idea 16 that suggest that we definitely need a longer title for ideas', 27, 7, NULL),
(49, TIMESTAMP '2019-10-07 09:54:45.866', TIMESTAMP '2019-10-08 09:54:45.866', '8Wnq5O5l Lorem ipsum dolor sit amet, consectetur adipiscing elit, sed do eiusmod tempor incididunt ut labore et dolore magna aliqua. Ut enim ad minim veniam, quis nostrud exercitation ullamco laboris nisi ut aliquip ex ea commodo consequat. Duis aute irure dolor in r', NULL, 0, 'Idea 17 that suggest that we definitely need a longer title for ideas', 28, 20, NULL),
(50, TIMESTAMP '2019-10-06 09:54:45.897', TIMESTAMP '2019-10-07 09:54:45.897', 'k6QpXX6f Lorem ipsum dolor sit amet, consectetur adipiscing elit, sed do eiusmod tempo', NULL, 0, 'Idea 18 that suggest that we definitely need a longer title for ideas', 29, 20, NULL),
(51, TIMESTAMP '2019-10-05 09:54:45.917', TIMESTAMP '2019-10-06 09:54:45.917', 'MLxGdENq Lorem ipsum dolo', NULL, 0, 'Idea 19 that suggest that we definitely need a longer title for ideas', 30, 7, NULL);
INSERT INTO PUBLIC.LAWS(ID, CREATED_AT, UPDATED_AT, DESCRIPTION, REACHED_QUORUM_AT, STATUS, TITLE, AREA_ID, CREATED_BY_ID, POLL_ID) VALUES
(52, TIMESTAMP '2019-10-04 09:54:45.917', TIMESTAMP '2019-10-05 09:54:45.917', 'FepVY2tz Lorem ipsum dolor sit amet, consectetur adipiscing elit, sed do eiusmod tempor incididunt ut labore et dolore magna aliqua. Ut enim ad minim veniam, quis nostrud exercitation ullamco laboris nisi ut aliquip ex ea commodo consequat. Duis aute irure dolor in reprehende', NULL, 0, 'Idea 20 that suggest that we definitely need a longer title for ideas', 21, 15, NULL),
(53, TIMESTAMP '2019-10-03 09:54:45.935', TIMESTAMP '2019-10-04 09:54:45.935', 'SfEMxWA5 Lorem ipsum dolor sit amet, consectetur adipiscing elit, sed do eiusmod tempor incididunt ut labore et dolore magna aliqua. Ut enim ad minim veniam, quis nostrud exercitation u', NULL, 0, 'Idea 21 that suggest that we definitely need a longer title for ideas', 22, 5, NULL),
(54, TIMESTAMP '2019-10-02 09:54:45.937', TIMESTAMP '2019-10-03 09:54:45.937', 'BpqshroA Lorem ipsum dolor sit amet, consectetur adipiscing elit, sed', NULL, 0, 'Idea 22 that suggest that we definitely need a longer title for ideas', 23, 12, NULL),
(55, TIMESTAMP '2019-10-01 09:54:45.957', TIMESTAMP '2019-10-02 09:54:45.957', 'XyGWb4DE Lorem ipsum dolor sit amet, consectetur adipiscing elit, sed do eiusmod tempor incididunt ut labore et dolore magna aliqua. Ut enim ad minim veniam, quis nostrud exercitation ullamco laboris nisi ut aliquip ex ea commod', NULL, 0, 'Idea 23 that suggest that we definitely need a longer title for ideas', 24, 7, NULL),
(56, TIMESTAMP '2019-09-30 09:54:45.957', TIMESTAMP '2019-10-01 09:54:45.957', '9UbgD9ZK Lorem ipsum dolor sit amet, consectetur adipiscing elit, sed do eiusmod', NULL, 0, 'Idea 24 that suggest that we definitely need a longer title for ideas', 25, 2, NULL),
(57, TIMESTAMP '2019-09-29 09:54:45.957', TIMESTAMP '2019-09-30 09:54:45.957', 'PNbqXuoy Lorem ipsum dolor sit amet, consectetur adipiscing elit, sed do eiusmod tempor incididunt ut labore et dolore magna aliqua. Ut enim ad minim veniam, quis nostrud exercitation ullamco laboris nisi ut aliquip ex ea commodo consequat. Duis aute irure dolor in reprehenderit in voluptate velit esse cillum dolore eu fugiat nulla pariatur. Ex', NULL, 0, 'Idea 25 that suggest that we definitely need a longer title for ideas', 26, 4, NULL),
(58, TIMESTAMP '2019-09-28 09:54:45.977', TIMESTAMP '2019-09-29 09:54:45.977', 'QyTAqut5 Lorem ipsum dolor sit amet, consectetur adipiscing el', NULL, 0, 'Idea 26 that suggest that we definitely need a longer title for ideas', 27, 5, NULL),
(59, TIMESTAMP '2019-09-27 09:54:45.997', TIMESTAMP '2019-09-28 09:54:45.997', 'DlzvFh4U Lorem ipsum dolor sit amet, consectetur adipiscing elit, sed do eiusmod tempor incididunt ut labore et dolore magna aliqua. Ut enim ad minim veniam, quis nostrud exercitation ullamco laboris nisi ut aliquip ex ea commodo conse', NULL, 0, 'Idea 27 that suggest that we definitely need a longer title for ideas', 28, 20, NULL),
(60, TIMESTAMP '2019-09-26 09:54:46.007', TIMESTAMP '2019-09-27 09:54:46.007', '2bpWZKZ2 Lorem ipsum dolor sit amet, consectetur adipiscing elit, sed do eiusmod tempor incididunt ut labo', NULL, 0, 'Idea 28 that suggest that we definitely need a longer title for ideas', 29, 13, NULL),
(61, TIMESTAMP '2019-09-25 09:54:46.017', TIMESTAMP '2019-09-26 09:54:46.017', 'xCaMe5oo Lorem ipsum dolor sit amet, consectetur adipiscing elit, sed do eiusmod tempor incididunt ut labore et dol', NULL, 0, 'Idea 29 that suggest that we definitely need a longer title for ideas', 30, 4, NULL),
(62, TIMESTAMP '2019-09-24 09:54:46.027', TIMESTAMP '2019-09-25 09:54:46.027', 'xLuxoab3 Lorem ipsum dolor sit amet, cons', NULL, 0, 'Idea 30 that suggest that we definitely need a longer title for ideas', 21, 9, NULL),
(63, TIMESTAMP '2019-09-23 09:54:46.037', TIMESTAMP '2019-09-24 09:54:46.037', 'qRbGDz7O Lorem ipsum dolor sit amet, consectetur adipiscing elit, sed do eiusmod tempor incididunt ut labore et dolore magna aliqua. Ut enim ad minim veniam, quis nostrud exercitation ullamco laboris nisi ut aliquip ex ea commodo co', NULL, 0, 'Idea 31 that suggest that we definitely need a longer title for ideas', 22, 7, NULL);
INSERT INTO PUBLIC.LAWS(ID, CREATED_AT, UPDATED_AT, DESCRIPTION, REACHED_QUORUM_AT, STATUS, TITLE, AREA_ID, CREATED_BY_ID, POLL_ID) VALUES
(64, TIMESTAMP '2019-09-22 09:54:46.037', TIMESTAMP '2019-09-23 09:54:46.037', 'dayXEbcc Lorem ipsum dolor sit amet, consectetur adipiscing elit, sed do eiusmod tempor incididunt ut labore et dolore magna aliqua. Ut enim ad minim veniam, quis nostrud exercitation ullamco laboris nisi ut aliquip ex ea commodo consequat. Duis aute irure dolor in reprehenderit in voluptate velit esse cillum dolore eu fugiat nulla pariatur. Excepteur sint occa', NULL, 0, 'Idea 32 that suggest that we definitely need a longer title for ideas', 23, 8, NULL),
(65, TIMESTAMP '2019-09-21 09:54:46.047', TIMESTAMP '2019-09-22 09:54:46.047', 'EePG4KXt Lorem ipsum dolor sit amet, consectetur adipiscing elit, sed do eiusmod tempor incididunt ut lab', NULL, 0, 'Idea 33 that suggest that we definitely need a longer title for ideas', 24, 5, NULL),
(66, TIMESTAMP '2019-09-20 09:54:46.108', TIMESTAMP '2019-09-21 09:54:46.108', 'rQ6toRA6 Lorem ipsum dolor sit amet, consectetur adipiscing elit, sed do eiusmod tempor incididunt ut labore et dolore magna aliqua. Ut enim ad minim veniam, quis nostrud exercitation ullamco laboris nisi ut aliquip ex ea commodo consequat. Duis aute irure dolor in reprehenderit in voluptate velit esse cillum dolore eu fugiat nulla pariatur. Excepteur sint occaecat cupidatat non proident, sunt in culpa', NULL, 0, 'Idea 34 that suggest that we definitely need a longer title for ideas', 25, 4, NULL),
(67, TIMESTAMP '2019-09-19 09:54:46.118', TIMESTAMP '2019-09-20 09:54:46.118', 'RD0V6pNe Lorem ipsum dolor sit amet, consectetur adipiscing elit, sed do eiusmod tempor incididunt ut labore et dolore magna aliqua. Ut enim ad minim veniam, quis nostrud exercitation ullamco laboris nisi ut aliquip ex ea co', NULL, 0, 'Idea 35 that suggest that we definitely need a longer title for ideas', 26, 18, NULL),
(68, TIMESTAMP '2019-09-18 09:54:46.128', TIMESTAMP '2019-09-19 09:54:46.128', 'efqHkyO0 Lorem ipsum dolor sit amet, consectetur adipiscing elit, sed do eiusmod tempor incididunt ut labore et dolore magna aliqua. Ut enim ad minim veniam, quis nostrud exercitation ullamco laboris nisi ut aliquip ex ea commodo consequat. Duis aute irure dolor in reprehenderit in voluptate velit esse cillum dolore eu fugiat nulla pariatur.', NULL, 0, 'Idea 36 that suggest that we definitely need a longer title for ideas', 27, 10, NULL),
(69, TIMESTAMP '2019-09-17 09:54:46.138', TIMESTAMP '2019-09-18 09:54:46.138', 'uhutXLWn Lorem ipsum dolor sit amet, consectetur adipiscing', NULL, 0, 'Idea 37 that suggest that we definitely need a longer title for ideas', 28, 8, NULL),
(70, TIMESTAMP '2019-09-16 09:54:46.156', TIMESTAMP '2019-09-17 09:54:46.156', 'McUdVFxk Lorem ipsum dolor sit amet, consectetur adipiscing elit, sed do eiusmod tempor incididunt ut labore et dolore magna aliqua. Ut enim ad minim veniam, quis nostrud exercitation ullamco laboris nisi ut aliquip ex ea commodo consequat. Duis aute irure', NULL, 0, 'Idea 38 that suggest that we definitely need a longer title for ideas', 29, 13, NULL),
(71, TIMESTAMP '2019-09-15 09:54:46.176', TIMESTAMP '2019-09-16 09:54:46.176', 'nBvALl7M Lorem ipsum dolor sit amet, consectetur adipiscing elit, sed do eiusmod tempor incididunt ut labore et dolore magna aliqua. Ut enim ad minim veniam, quis nostrud exercitation ullamco laboris nisi ut aliquip ex ea commodo consequat. Duis aute irure dolor in reprehenderit in voluptate velit esse cillum dolore eu fugiat nulla pariatur. Excepteur sint occaecat cupidatat non ', NULL, 0, 'Idea 39 that suggest that we definitely need a longer title for ideas', 30, 8, NULL),
(72, TIMESTAMP '2019-09-14 09:54:46.188', TIMESTAMP '2019-09-15 09:54:46.188', 'TstndtYy Lorem ipsum dolor sit amet, consectetur adipiscing elit, sed do eiusmod tempor incididunt ut labore et dolore magna aliqua. Ut enim ad minim veniam, quis nostrud exercitation ullamco laboris nisi ut aliquip ex ea commodo consequat. Duis aute irure dolor in reprehenderit ', NULL, 0, 'Idea 40 that suggest that we definitely need a longer title for ideas', 21, 19, NULL);
INSERT INTO PUBLIC.LAWS(ID, CREATED_AT, UPDATED_AT, DESCRIPTION, REACHED_QUORUM_AT, STATUS, TITLE, AREA_ID, CREATED_BY_ID, POLL_ID) VALUES
(73, TIMESTAMP '2019-09-13 09:54:46.206', TIMESTAMP '2019-09-14 09:54:46.206', 'rrmwo8P5 Lorem ipsum dolor sit amet, consectetur adipiscing elit, sed do eiusmod tempor incididunt ut labore et dolore magna aliqua. Ut enim ad minim veniam, quis nostrud exercitation ullamco laboris nisi ut aliquip ex ea commodo consequat. Duis aute irure dolor in reprehenderit in voluptate velit esse cillum dolore eu fugiat nulla pariatur. Excepteur sint', NULL, 0, 'Idea 41 that suggest that we definitely need a longer title for ideas', 22, 7, NULL),
(74, TIMESTAMP '2019-09-12 09:54:46.208', TIMESTAMP '2019-09-13 09:54:46.208', 'LQrulrYE Lorem ipsum dolor sit amet, co', NULL, 0, 'Idea 42 that suggest that we definitely need a longer title for ideas', 23, 18, NULL),
(75, TIMESTAMP '2019-09-11 09:54:46.218', TIMESTAMP '2019-09-12 09:54:46.218', 'SnlETBsa Lorem ipsum dolor sit amet, consectetur adipiscing elit, sed do eiusmod tempor incididunt ut labore et dolore magna aliqua. Ut enim ad minim veniam, quis nostrud exercitation ullamco laboris nisi ut aliquip ex ea commodo consequat. Duis aute irure dolor in reprehenderit in voluptate velit esse cillum dolore eu fugiat nulla pariatur. Excepteur sint', NULL, 0, 'Idea 43 that suggest that we definitely need a longer title for ideas', 24, 20, NULL),
(76, TIMESTAMP '2019-09-10 09:54:46.218', TIMESTAMP '2019-09-11 09:54:46.218', 'aqzMEpr8 Lorem ipsum dolor sit amet, consectetur adipiscing elit, sed do eiusmod tempor incididunt ut labore et dolore magna aliqua. Ut enim ad minim veniam, quis nostrud exercitation ullamco laboris nisi ut aliquip ex ea co', NULL, 0, 'Idea 44 that suggest that we definitely need a longer title for ideas', 25, 13, NULL),
(77, TIMESTAMP '2019-09-09 09:54:46.237', TIMESTAMP '2019-09-10 09:54:46.237', 'z8Fl79Hh Lorem ipsum dolor sit amet, consectetur adipiscing elit, sed do eiusmod tempor incididunt ut labore et dolore magna aliqua. Ut enim ad minim veniam, quis nostrud exercitation ullamco laboris nisi ut aliquip ex ea commodo consequat. Duis aute irure dolor in reprehenderit in voluptate velit esse cillum dolore eu fugiat null', NULL, 0, 'Idea 45 that suggest that we definitely need a longer title for ideas', 26, 17, NULL),
(78, TIMESTAMP '2019-09-08 09:54:46.239', TIMESTAMP '2019-09-09 09:54:46.239', 'mL4kpZPe Lorem ipsum dolor sit amet, consectetur adipiscing elit, sed do eiusmod tempor incididunt ut labore et dolore magna aliqua. Ut enim ad minim veniam, quis n', NULL, 0, 'Idea 46 that suggest that we definitely need a longer title for ideas', 27, 2, NULL),
(79, TIMESTAMP '2019-09-07 09:54:46.257', TIMESTAMP '2019-09-08 09:54:46.257', 'Q2xqf4oz Lorem ipsum dolor sit amet, consectetur adipiscing elit, sed do eiusmod tempor incididunt ut labore et dolore magna aliqua. Ut enim ad minim veniam, quis nostrud exercitation ullamco laboris nisi ut aliquip ex ea commodo consequat. Duis aute irure dolor in re', NULL, 0, 'Idea 47 that suggest that we definitely need a longer title for ideas', 28, 7, NULL),
(80, TIMESTAMP '2019-09-06 09:54:46.259', TIMESTAMP '2019-09-07 09:54:46.259', 'ZBurCmV9 Lorem ipsum dolor sit amet,', NULL, 0, 'Idea 48 that suggest that we definitely need a longer title for ideas', 29, 13, NULL),
(81, TIMESTAMP '2019-09-05 09:54:46.267', TIMESTAMP '2019-09-06 09:54:46.267', '50KxmgTZ Lorem ipsum dolor sit amet, cons', NULL, 0, 'Idea 49 that suggest that we definitely need a longer title for ideas', 30, 14, NULL),
(82, TIMESTAMP '2019-09-04 09:54:46.267', TIMESTAMP '2019-09-05 09:54:46.267', 'xHoO2DAD Lorem ipsum dolor sit amet, consectetur adipiscing elit, sed do eiusmod tempor incididunt ut labore et dolore magna aliqua. Ut enim ad minim veniam, quis nostrud exercitation ullamco laboris nisi ut aliquip ex ea c', NULL, 0, 'Idea 50 that suggest that we definitely need a longer title for ideas', 21, 9, NULL),
(83, TIMESTAMP '2019-09-03 09:54:46.279', TIMESTAMP '2019-09-04 09:54:46.279', 'FkRQ8qCE Lorem ipsum dolor sit amet, consectetur adipiscing elit, sed do eiusmod tempor incididunt ut labore et dolore magna aliqua. Ut enim ad minim veniam, quis nostrud exercitation ullamco laboris nisi ut aliquip ex ea commodo consequat. Duis aute irure dolor in reprehenderit in voluptate velit esse cillum dolore eu fugiat nulla pariatur. Excepteur sint occaecat cupidatat non proident, sunt in culpa ', NULL, 0, 'Idea 51 that suggest that we definitely need a longer title for ideas', 22, 8, NULL);
INSERT INTO PUBLIC.LAWS(ID, CREATED_AT, UPDATED_AT, DESCRIPTION, REACHED_QUORUM_AT, STATUS, TITLE, AREA_ID, CREATED_BY_ID, POLL_ID) VALUES
(84, TIMESTAMP '2019-09-02 09:54:46.289', TIMESTAMP '2019-09-03 09:54:46.289', 'HdkeU4xp Lorem ipsum dolor sit amet, consectetur adipiscing elit, sed do eiusmod tempor incididunt ut labore et dolore magna aliqua. Ut enim ad minim veniam, quis nostrud exercitation ullamco laboris nisi ut aliquip ex ea commodo consequat. Duis aute irure dolor in reprehenderit in voluptate velit esse cillum dolore eu fugiat nulla pariatur. Excep', NULL, 0, 'Idea 52 that suggest that we definitely need a longer title for ideas', 23, 20, NULL),
(85, TIMESTAMP '2019-09-01 09:54:46.299', TIMESTAMP '2019-09-02 09:54:46.299', '84BAHapE Lorem ipsum dolor sit amet, consectetur adipiscing elit, sed do eiusmod tempor incididunt ut labore et dolore magna aliqua. Ut enim ad minim veniam, quis nostrud exercitation ull', NULL, 0, 'Idea 53 that suggest that we definitely need a longer title for ideas', 24, 4, NULL),
(86, TIMESTAMP '2019-08-31 09:54:46.299', TIMESTAMP '2019-09-01 09:54:46.299', 'eW5uO6bX Lorem ipsum dolor sit amet, consectetur adipiscing elit, sed do eiusmod tempor incididunt ut labore et dolore magna aliqua. ', NULL, 0, 'Idea 54 that suggest that we definitely need a longer title for ideas', 25, 6, NULL),
(87, TIMESTAMP '2019-08-30 09:54:46.309', TIMESTAMP '2019-08-31 09:54:46.309', 'XV7Q4sgg Lorem ipsum dolor sit amet, consectetur adipiscing elit, sed do eiusmod tempor incididunt ut labore et dolore magna aliqua. Ut enim ad minim veniam, quis nostrud exercitation ullam', NULL, 0, 'Idea 55 that suggest that we definitely need a longer title for ideas', 26, 7, NULL),
(88, TIMESTAMP '2019-08-29 09:54:46.337', TIMESTAMP '2019-08-30 09:54:46.337', 'ySpP2Swn Lorem ipsum dolor sit a', NULL, 0, 'Idea 56 that suggest that we definitely need a longer title for ideas', 27, 4, NULL),
(89, TIMESTAMP '2019-08-28 09:54:46.339', TIMESTAMP '2019-08-29 09:54:46.347', 'fQFmpgR8 Lorem ipsum dolor sit amet, consectetur adipiscing elit, sed do eiusmod tempor incididunt ut labore et dolore magna aliqua. Ut enim ad minim veniam, quis nostrud exercita', NULL, 0, 'Idea 57 that suggest that we definitely need a longer title for ideas', 28, 8, NULL),
(90, TIMESTAMP '2019-08-27 09:54:46.357', TIMESTAMP '2019-08-28 09:54:46.357', 'mOmVXkFe Lorem ipsum dolor sit amet, consectetur adipiscing elit, sed do eiusmod tempor incididunt ut labore ', NULL, 0, 'Idea 58 that suggest that we definitely need a longer title for ideas', 29, 4, NULL),
(91, TIMESTAMP '2019-08-26 09:54:46.359', TIMESTAMP '2019-08-27 09:54:46.359', 'FKccW8CX Lorem ipsum dolor sit amet, consectetur adipiscing elit, sed do eiusmod tempor incididunt ut labore et dolore magna aliqua. Ut enim ad minim veniam, quis nostrud exercitation ullamco lab', NULL, 0, 'Idea 59 that suggest that we definitely need a longer title for ideas', 30, 15, NULL),
(92, TIMESTAMP '2019-08-25 09:54:46.379', TIMESTAMP '2019-08-26 09:54:46.379', 'EGaSzl4s Lorem ipsum dolor sit amet, consectetur adipiscing elit, sed do eiusmod tempor incididunt ut labore et dolore magna aliqua. Ut enim ad minim veniam, quis nostrud exercitation ullamco laboris nisi ut aliquip ex ea commodo consequat. Duis ', NULL, 0, 'Idea 60 that suggest that we definitely need a longer title for ideas', 21, 17, NULL),
(93, TIMESTAMP '2019-08-24 09:54:46.379', TIMESTAMP '2019-08-25 09:54:46.379', 'ry7XEPzb Lorem ipsum dolor sit amet, consectetur adipiscing elit, sed do eiusmod tempor incididunt ut labore et dolore magna aliqua. Ut enim ad minim veniam, quis nostrud exercitation ullamco laboris nisi ut aliquip ex ea commodo consequat. Duis aute irure dolor in reprehenderit in voluptate velit esse cillum dolore eu fugiat nulla pariatur. Excepteur sint occaecat cupidatat non proident, sunt in culpa ', NULL, 0, 'Idea 61 that suggest that we definitely need a longer title for ideas', 22, 19, NULL),
(94, TIMESTAMP '2019-08-23 09:54:46.389', TIMESTAMP '2019-08-24 09:54:46.389', 'PZUF8d0s Lorem ipsum dolor sit amet, consectetur adipiscing elit, sed do eiusmod tempor incididunt ut labore et dolore magna aliqua. Ut enim ad minim veniam, quis nostrud exercitation ullamco laboris nisi ut aliquip ex ea commodo consequat. D', NULL, 0, 'Idea 62 that suggest that we definitely need a longer title for ideas', 23, 15, NULL);
INSERT INTO PUBLIC.LAWS(ID, CREATED_AT, UPDATED_AT, DESCRIPTION, REACHED_QUORUM_AT, STATUS, TITLE, AREA_ID, CREATED_BY_ID, POLL_ID) VALUES
(95, TIMESTAMP '2019-08-22 09:54:46.399', TIMESTAMP '2019-08-23 09:54:46.399', '0zARD4SW Lorem ipsum dolor sit amet, consectetur adipiscing elit, sed do eiusmod tempor incididunt ut labore et dolore magna aliqua. Ut enim ad minim veniam, quis nostrud exercitation ullamco laboris ni', NULL, 0, 'Idea 63 that suggest that we definitely need a longer title for ideas', 24, 5, NULL),
(96, TIMESTAMP '2019-08-21 09:54:46.418', TIMESTAMP '2019-08-22 09:54:46.418', 'UzykDLnB Lorem ipsum dolor sit amet, consectetur adipiscing elit, sed do eiusmod tempor incididunt ut labore et dolore magna a', NULL, 0, 'Idea 64 that suggest that we definitely need a longer title for ideas', 25, 12, NULL),
(97, TIMESTAMP '2019-08-20 09:54:46.43', TIMESTAMP '2019-08-21 09:54:46.43', 'F3mu2mQ6 Lorem ipsum dolor sit amet, consectetur adipiscing elit, sed do eiusmod t', NULL, 0, 'Idea 65 that suggest that we definitely need a longer title for ideas', 26, 19, NULL),
(98, TIMESTAMP '2019-08-19 09:54:46.438', TIMESTAMP '2019-08-20 09:54:46.438', '78Hqoh7K Lorem ipsum dolor sit amet, consectetur adipiscing elit, sed do eiusmod tempor incididunt ut labore et dolore magna aliqu', NULL, 0, 'Idea 66 that suggest that we definitely need a longer title for ideas', 27, 20, NULL),
(99, TIMESTAMP '2019-08-18 09:54:46.44', TIMESTAMP '2019-08-19 09:54:46.44', 'RV0DqKAs Lorem ipsum dolor sit amet, consectetur adipiscing elit, sed do eiusmod tempor incididunt ut labore et dolore magna aliqua. Ut enim ad minim veniam, quis nostrud exercitation ullamco laboris nisi ut aliquip ex ea commodo consequat. Duis aute irure dolor in reprehenderit in voluptate veli', NULL, 0, 'Idea 67 that suggest that we definitely need a longer title for ideas', 28, 18, NULL),
(100, TIMESTAMP '2019-08-17 09:54:46.448', TIMESTAMP '2019-08-18 09:54:46.448', 'lEXO4SQt Lorem ipsum dolor sit amet, consectetur adipiscing elit, sed do eiusmod tempor incididunt ut labore et dolore magna aliqua. Ut enim ad minim v', NULL, 0, 'Idea 68 that suggest that we definitely need a longer title for ideas', 29, 9, NULL),
(101, TIMESTAMP '2019-08-16 09:54:46.45', TIMESTAMP '2019-08-17 09:54:46.45', 'ttC4uK6G Lorem ipsum dolor sit amet, consectetur adipiscing elit, sed do eiusmod tempor incididunt ut labore et dolore magna aliqua. Ut enim ad minim veniam, quis nostrud exercitation ullamco labori', NULL, 0, 'Idea 69 that suggest that we definitely need a longer title for ideas', 30, 4, NULL),
(102, TIMESTAMP '2019-08-15 09:54:46.46', TIMESTAMP '2019-08-16 09:54:46.46', 'zslbgzCa Lorem ipsum dolor sit amet, consectetur adipiscing elit, sed do eiusmod tempor incididunt ut labore et dolore magna', NULL, 0, 'Idea 70 that suggest that we definitely need a longer title for ideas', 21, 3, NULL),
(103, TIMESTAMP '2019-08-14 09:54:46.48', TIMESTAMP '2019-08-15 09:54:46.48', 'mW5zXgTX Lorem ipsum dolor sit amet, consectetur adipiscing elit, sed do eiusmod tempor incididunt ut labore et dolore magna aliqua. Ut enim ad minim veniam, quis nostrud exercitation ullamco laboris nisi ut aliquip ex ea commodo consequat. Duis aute irure dolor in reprehenderit in voluptate velit esse cillum dolore eu fu', NULL, 0, 'Idea 71 that suggest that we definitely need a longer title for ideas', 22, 11, NULL),
(104, TIMESTAMP '2019-08-13 09:54:46.49', TIMESTAMP '2019-08-14 09:54:46.49', 'zdZDpkSa Lorem ipsum dolor sit amet, consectetur adipiscing elit, sed do eiusmod tempor incididunt ut labore et dolore magna aliqua. Ut enim ad minim veniam, quis nostrud exercitation ullamco laboris nisi ut aliquip ex ea commodo consequat. Duis aute irure dolor in reprehenderit in voluptate velit esse cillum dolore eu fugiat nulla pariatur. Excepteur ', NULL, 0, 'Idea 72 that suggest that we definitely need a longer title for ideas', 23, 13, NULL),
(105, TIMESTAMP '2019-08-12 09:54:46.49', TIMESTAMP '2019-08-13 09:54:46.49', 'EQTH23tK Lorem ipsum dolor sit amet, consectetur adipiscing elit, sed do eiusmod tempor incididunt ut labore et dolore magn', NULL, 0, 'Idea 73 that suggest that we definitely need a longer title for ideas', 24, 5, NULL);
INSERT INTO PUBLIC.LAWS(ID, CREATED_AT, UPDATED_AT, DESCRIPTION, REACHED_QUORUM_AT, STATUS, TITLE, AREA_ID, CREATED_BY_ID, POLL_ID) VALUES
(106, TIMESTAMP '2019-08-11 09:54:46.49', TIMESTAMP '2019-08-12 09:54:46.49', 'dPRc68St Lorem ipsum dolor sit amet, consectetur adipiscing elit, sed do eiusmod tempor incididunt ut labore et dolore magna aliqua. Ut enim ad minim veniam, quis nostrud exercitation ullamco laboris nisi ut aliquip ex ea commodo consequat. Duis aute irure dolor in reprehenderit in voluptate velit esse cillum dolore eu fugiat nulla pariatur. Excepteur sint occaecat cupidatat non p', NULL, 0, 'Idea 74 that suggest that we definitely need a longer title for ideas', 25, 18, NULL),
(107, TIMESTAMP '2019-08-10 09:54:46.498', TIMESTAMP '2019-08-11 09:54:46.498', 'vOopgeBM Lorem ipsum dolor sit amet, consectetur adipiscing elit, sed do eiusmod tempor incididunt ut labore et dolore magna aliqua. Ut enim ad minim veniam, quis nostrud exercitation ullamco laboris nisi ut aliquip ex ea commodo consequat. Duis aute irure dolor in reprehenderit in voluptate velit esse cillum dolore eu fugiat nulla pariatur. Excepteur sint occaeca', NULL, 0, 'Idea 75 that suggest that we definitely need a longer title for ideas', 26, 4, NULL),
(108, TIMESTAMP '2019-08-09 09:54:46.51', TIMESTAMP '2019-08-10 09:54:46.51', 'o6nuPBzh Lorem ipsum dolor sit amet, consectetur adipiscing elit, sed do eiusmod tempor incididunt ut labore et dolore magna ', NULL, 0, 'Idea 76 that suggest that we definitely need a longer title for ideas', 27, 14, NULL),
(109, TIMESTAMP '2019-08-08 09:54:46.52', TIMESTAMP '2019-08-09 09:54:46.52', 'GnpxkFts Lorem ipsum dolor sit amet, consectetur adipiscing elit, sed do eiusmod tempor incididunt ut labore et dolore magna aliqua. Ut enim ad minim veniam, quis nostrud exercitation ullamco laboris nisi ut aliquip ex ea commodo consequat. Duis aute irure dolor in reprehenderit in voluptate velit esse cillum dolore eu fugiat nulla pariatur. Excepteur sint occaecat cupidatat non proident, sunt in ', NULL, 0, 'Idea 77 that suggest that we definitely need a longer title for ideas', 28, 15, NULL),
(110, TIMESTAMP '2019-08-07 09:54:46.52', TIMESTAMP '2019-08-08 09:54:46.52', 'h5gOsvwX Lorem ipsum dolor sit amet, consectetur adipiscing elit, sed do eiusmod tempor incididunt ut labore et dolore magna aliqua. Ut enim ad minim veniam, quis nostrud exercitation ullamco laboris nisi ut aliquip ex ea commodo consequat. Duis aute irure dolor in reprehenderit in voluptate velit esse cillum dolore eu fugiat nulla pariatur. Excepteur sint occaecat cupidatat non proident,', NULL, 0, 'Idea 78 that suggest that we definitely need a longer title for ideas', 29, 13, NULL),
(111, TIMESTAMP '2019-08-06 09:54:46.53', TIMESTAMP '2019-08-07 09:54:46.53', 'm4e5W3Rd Lorem ipsum dolor sit amet, consectetur adipiscing elit, sed do eiusmod tempor incididunt ut labore et dolore magna aliqua. Ut enim ad minim veniam, quis nostrud exercitation ullamco laboris nisi ut aliquip ex ea commodo consequat. Duis aute irure dolor in reprehenderit in voluptate ', NULL, 0, 'Idea 79 that suggest that we definitely need a longer title for ideas', 30, 8, NULL),
(112, TIMESTAMP '2019-08-05 09:54:46.538', TIMESTAMP '2019-08-06 09:54:46.538', '3tmpsBwx Lorem ipsu', NULL, 0, 'Idea 80 that suggest that we definitely need a longer title for ideas', 21, 16, NULL),
(113, TIMESTAMP '2019-08-04 09:54:46.558', TIMESTAMP '2019-08-05 09:54:46.558', 'mzbk4WtB Lorem ipsum dolor sit amet, consectetur adipiscing elit, sed do eiusmod tempor incididunt ut labore ', NULL, 0, 'Idea 81 that suggest that we definitely need a longer title for ideas', 22, 13, NULL),
(114, TIMESTAMP '2019-08-03 09:54:46.56', TIMESTAMP '2019-08-04 09:54:46.56', 'OunVlswe Lorem ipsum dolor sit amet, consectetur adipiscin', NULL, 0, 'Idea 82 that suggest that we definitely need a longer title for ideas', 23, 18, NULL),
(115, TIMESTAMP '2019-08-02 09:54:46.58', TIMESTAMP '2019-08-03 09:54:46.58', '6oSw4lN4 Lorem ipsu', NULL, 0, 'Idea 83 that suggest that we definitely need a longer title for ideas', 24, 6, NULL),
(116, TIMESTAMP '2019-08-01 09:54:46.591', TIMESTAMP '2019-08-02 09:54:46.591', 'a3g8CnVD Lorem ipsum dolor sit amet, consectetur adipiscing elit, sed do eiusmod tempor incididunt ut labore et dolore magna aliqua. Ut enim ad minim veniam, quis nostrud exercitation', NULL, 0, 'Idea 84 that suggest that we definitely need a longer title for ideas', 25, 20, NULL);
INSERT INTO PUBLIC.LAWS(ID, CREATED_AT, UPDATED_AT, DESCRIPTION, REACHED_QUORUM_AT, STATUS, TITLE, AREA_ID, CREATED_BY_ID, POLL_ID) VALUES
(117, TIMESTAMP '2019-07-31 09:54:46.601', TIMESTAMP '2019-08-01 09:54:46.601', 'rctxQuSp Lorem ipsum dolor sit', NULL, 0, 'Idea 85 that suggest that we definitely need a longer title for ideas', 26, 13, NULL),
(118, TIMESTAMP '2019-07-30 09:54:46.601', TIMESTAMP '2019-07-31 09:54:46.601', 'AqrY25oD Lorem ipsum dolor sit amet, consectetur adipiscing elit, sed do eiusmod tempor incididunt ut labore et dolore magna aliqua. Ut enim ad minim veniam, quis nostrud exercitation ullamco laboris ', NULL, 0, 'Idea 86 that suggest that we definitely need a longer title for ideas', 27, 2, NULL),
(119, TIMESTAMP '2019-07-29 09:54:46.621', TIMESTAMP '2019-07-30 09:54:46.621', 'Xs7mXF0s Lorem ipsum dolor sit amet, consectetur adipiscing elit, sed do eiusmod tempor incididunt ut labore et dolore magna aliqua. Ut enim ad minim veniam, quis nostrud exercitation ullamco laboris nisi ut aliquip ex ea commodo consequat. Duis aute irure dolor in reprehender', NULL, 0, 'Idea 87 that suggest that we definitely need a longer title for ideas', 28, 4, NULL),
(120, TIMESTAMP '2019-07-28 09:54:46.621', TIMESTAMP '2019-07-29 09:54:46.621', 'a4de2sRY Lorem ipsum dolor sit amet, consectetur adipiscing elit, sed do eiusmod tempor incididunt ut labore et dolore magna aliqua. Ut ', NULL, 0, 'Idea 88 that suggest that we definitely need a longer title for ideas', 29, 15, NULL),
(121, TIMESTAMP '2019-07-27 09:54:46.641', TIMESTAMP '2019-07-28 09:54:46.641', 'KpYBVHfX Lorem ipsum dolor sit amet, consectetur adipiscing elit, sed do eiusmod tempor incididunt ut labore et dolore magna aliqua. Ut enim ad minim veniam, quis nostrud exercitation ullamco lab', NULL, 0, 'Idea 89 that suggest that we definitely need a longer title for ideas', 30, 9, NULL),
(122, TIMESTAMP '2019-07-26 09:54:46.651', TIMESTAMP '2019-07-27 09:54:46.651', 'WRemVlov Lorem ipsum dolor sit amet, conse', NULL, 0, 'Idea 90 that suggest that we definitely need a longer title for ideas', 21, 17, NULL),
(123, TIMESTAMP '2019-07-25 09:54:46.661', TIMESTAMP '2019-07-26 09:54:46.661', 'fS5eBWLg Lorem ipsum dolor sit amet, consectetur adipiscing elit, sed do eiusmod tempor incididunt ut labore et dolore magna aliqua. Ut enim ad minim veniam, quis nostrud exercitation ullamco laboris nisi ut aliquip ex ea comm', NULL, 0, 'Idea 91 that suggest that we definitely need a longer title for ideas', 22, 9, NULL),
(124, TIMESTAMP '2019-07-24 09:54:46.661', TIMESTAMP '2019-07-25 09:54:46.669', 'qdveaRSo Lorem ipsum dolor sit amet, consectetur adipiscing elit, sed do eiusmod tempor incididunt ut labore et dolore magna aliqua. Ut enim ad minim veniam, quis nostrud exercitation ullamco laboris', NULL, 0, 'Idea 92 that suggest that we definitely need a longer title for ideas', 23, 3, NULL),
(125, TIMESTAMP '2019-07-23 09:54:46.671', TIMESTAMP '2019-07-24 09:54:46.671', '4k7X5u26 Lorem ipsum dolor sit amet, consectetur adipiscing elit, sed do ', NULL, 0, 'Idea 93 that suggest that we definitely need a longer title for ideas', 24, 8, NULL),
(126, TIMESTAMP '2019-07-22 09:54:46.681', TIMESTAMP '2019-07-23 09:54:46.681', 'bw7gEdY8 Lorem ipsum dolor sit amet, consectetur adipiscing elit, sed do eiusmod tempor incididunt ut labore et dolore magna aliqua. Ut enim ad minim veniam, quis nostrud exercitation ullamco laboris nisi ut aliquip ex ea commodo consequat. Duis aute irure dolor in reprehenderit in voluptate velit esse cillum dolore eu fugiat nulla pariatur. Excepteur sint oc', NULL, 0, 'Idea 94 that suggest that we definitely need a longer title for ideas', 25, 12, NULL),
(127, TIMESTAMP '2019-07-21 09:54:46.681', TIMESTAMP '2019-07-22 09:54:46.681', 'cvBLxDOs Lorem ipsum dolor sit amet, consectetur ', NULL, 0, 'Idea 95 that suggest that we definitely need a longer title for ideas', 26, 15, NULL),
(128, TIMESTAMP '2019-07-20 09:54:46.681', TIMESTAMP '2019-07-21 09:54:46.681', '7xhn370u Lorem ipsum dolor sit amet, consectetur adipiscing elit, sed do eiusmod tempor incididunt ut labore et dolore magna aliqua. Ut enim ad minim veniam, quis nostrud exercitation ullamco laboris nisi ut aliquip ex ea commodo consequat. Duis aute irure dolor in reprehenderit in voluptate velit esse cillum dolor', NULL, 0, 'Idea 96 that suggest that we definitely need a longer title for ideas', 27, 18, NULL);
INSERT INTO PUBLIC.LAWS(ID, CREATED_AT, UPDATED_AT, DESCRIPTION, REACHED_QUORUM_AT, STATUS, TITLE, AREA_ID, CREATED_BY_ID, POLL_ID) VALUES
(129, TIMESTAMP '2019-07-19 09:54:46.691', TIMESTAMP '2019-07-20 09:54:46.691', 'aByq0QCo Lorem ipsum dolor sit amet, consectetur adipiscing elit, sed do eiusmod tempor incididunt ut labore et dolore magna aliqua. Ut enim ad minim veniam, quis nostrud exercitation ullamco laboris nisi ut aliquip ex ea commodo consequat. Duis aute irure dolor in reprehenderit in voluptate velit esse ', NULL, 0, 'Idea 97 that suggest that we definitely need a longer title for ideas', 28, 4, NULL),
(130, TIMESTAMP '2019-07-18 09:54:46.701', TIMESTAMP '2019-07-19 09:54:46.701', 'sFkSkkbP Lorem ipsum d', NULL, 0, 'Idea 98 that suggest that we definitely need a longer title for ideas', 29, 11, NULL),
(131, TIMESTAMP '2019-07-17 09:54:46.711', TIMESTAMP '2019-07-18 09:54:46.711', 'vmFstsBE Lorem ipsum dolor sit amet, consectetur adipiscing elit, sed do eiusmod tempor incididunt ut labore et dolore magna aliqua. Ut enim ad minim veniam, quis nostrud exercitation ullamco laboris nisi ut aliquip ex ea co', NULL, 0, 'Idea 99 that suggest that we definitely need a longer title for ideas', 30, 17, NULL),
(132, TIMESTAMP '2019-07-16 09:54:46.721', TIMESTAMP '2019-07-17 09:54:46.721', '26l7Ww4f Lorem ipsum dolor sit ', NULL, 0, 'Idea 100 that suggest that we definitely need a longer title for ideas', 21, 17, NULL),
(133, TIMESTAMP '2019-07-15 09:54:46.729', TIMESTAMP '2019-07-16 09:54:46.729', 'sDRoFmxT Lorem ipsum dolor sit amet, consectetur adipiscing elit, sed do eiusmod tempor incididunt ut labore et dolore magna aliqua. Ut enim ad minim veniam, quis nostrud exercit', NULL, 0, 'Idea 101 that suggest that we definitely need a longer title for ideas', 22, 13, NULL),
(134, TIMESTAMP '2019-07-14 09:54:46.739', TIMESTAMP '2019-07-15 09:54:46.739', 'Uc2eGeUe Lorem ipsum dolor sit amet, consectetur adipiscing elit, sed do eiusmod tempor incididunt ut labore et dolore magna aliqua. Ut enim ad minim veniam, quis nostrud exercitation ullamco laboris nisi ut aliquip ex ea commodo consequat. Duis aute irure dolor in reprehenderit in voluptate velit esse cillum dolore eu fugiat nulla pariatur. Excepteur', NULL, 0, 'Idea 102 that suggest that we definitely need a longer title for ideas', 23, 15, NULL),
(135, TIMESTAMP '2019-07-13 09:54:46.739', TIMESTAMP '2019-07-14 09:54:46.739', 'akPwNHlF Lorem ipsum dolor sit amet, consectetur adipiscing elit, sed do eiusmod tempor incididunt ut labore et dolore magna aliqua. Ut enim ad minim veniam, quis nostrud exercitation ullamco laboris nisi ut aliqu', NULL, 0, 'Idea 103 that suggest that we definitely need a longer title for ideas', 24, 5, NULL),
(136, TIMESTAMP '2019-07-12 09:54:46.739', TIMESTAMP '2019-07-13 09:54:46.739', 'f7eVVzVl Lorem ipsum dolor sit amet, consectetur adipiscing elit, sed do eiusmod tempor incididunt ut labore et dolore magna aliqua. Ut enim ad minim veniam, quis nostrud', NULL, 0, 'Idea 104 that suggest that we definitely need a longer title for ideas', 25, 9, NULL),
(137, TIMESTAMP '2019-07-11 09:54:46.739', TIMESTAMP '2019-07-12 09:54:46.739', 'SogP9GuZ Lorem ipsum dolor sit amet, consectetur adipiscing elit, sed do eiusmod tempor incididunt ut labore et dolore magna aliqua. Ut enim ad minim veniam, quis nostrud exercitation ullamco laboris nisi ut aliquip ex ea commodo consequat. Duis aute irure do', NULL, 0, 'Idea 105 that suggest that we definitely need a longer title for ideas', 26, 1, NULL),
(138, TIMESTAMP '2019-07-10 09:54:46.749', TIMESTAMP '2019-07-11 09:54:46.749', '2S6r5lZ8 Lorem ipsum dolor sit amet, consectetur adipiscing elit, sed do eiusmod tempor incididunt ut labore et dolore magna aliqua. Ut enim ad minim veniam, quis nostrud exercitation ullamco laboris nisi ut aliquip ex ea commodo consequat. Duis aute irure dolor in reprehenderit in voluptate velit ', NULL, 0, 'Idea 106 that suggest that we definitely need a longer title for ideas', 27, 16, NULL),
(139, TIMESTAMP '2019-07-09 09:54:46.749', TIMESTAMP '2019-07-10 09:54:46.749', 'COBX2cnn Lorem ipsum dolor sit amet, consectetur adipiscing', NULL, 0, 'Idea 107 that suggest that we definitely need a longer title for ideas', 28, 9, NULL);
INSERT INTO PUBLIC.LAWS(ID, CREATED_AT, UPDATED_AT, DESCRIPTION, REACHED_QUORUM_AT, STATUS, TITLE, AREA_ID, CREATED_BY_ID, POLL_ID) VALUES
(140, TIMESTAMP '2019-07-08 09:54:46.765', TIMESTAMP '2019-07-09 09:54:46.765', 'lDZumPP4 Lorem ipsum dolor sit amet, consectetur adipiscing elit, sed do eiusmod tempor incididunt ut labore et dolore magna aliqua. Ut enim ad minim veniam, quis nostrud exercitation ullamco laboris nisi ut aliquip ex ea commodo consequat. Duis aute irure dolor in reprehenderit in voluptate velit esse cill', NULL, 0, 'Idea 108 that suggest that we definitely need a longer title for ideas', 29, 3, NULL),
(141, TIMESTAMP '2019-07-07 09:54:46.781', TIMESTAMP '2019-07-08 09:54:46.781', 'dwG2EUKt Lorem ipsum dolor sit amet, consectetur a', NULL, 0, 'Idea 109 that suggest that we definitely need a longer title for ideas', 30, 17, NULL),
(142, TIMESTAMP '2019-07-06 09:54:46.781', TIMESTAMP '2019-07-07 09:54:46.781', 'yMnBYt5C Lorem ipsum dolor sit amet, consectetur adipiscing elit, sed do eiusmod tempor incididunt ut labore et dolore magna aliqua. Ut enim ad minim veniam, quis nostrud exercitation ullamco laboris nisi ut aliquip ex ea commodo consequat. Duis aute irure dolor in reprehenderit in voluptate velit esse cillum dolore eu fugiat nulla pariatur. Excepteur sint occaeca', NULL, 0, 'Idea 110 that suggest that we definitely need a longer title for ideas', 21, 2, NULL),
(143, TIMESTAMP '2019-10-18 09:54:46.796', TIMESTAMP '2019-10-19 09:54:46.796', 'YmML24Tx Lorem ipsum dolor sit amet, consectetur adipiscing elit, sed do eiusmod tempor incididunt ut labore et dolore magna aliqua. Ut enim ad minim veniam, quis nostrud exercitation ullamco laboris nisi ut aliquip ex ea commodo consequat. Duis aute irure dolor in reprehenderit in voluptat', TIMESTAMP '2019-10-25 09:54:46.796', 1, 'Proposal 0 that reached its quorum', 30, 3, NULL),
(144, TIMESTAMP '2019-10-22 09:54:46.827', TIMESTAMP '2019-10-23 09:54:46.827', 'WYsSQokx Lorem ipsum dolor sit amet, consectetur adipiscing elit, sed do eiusmod tempor incididunt ut labore et dolore magna aliqua. Ut enim ad minim veniam, quis nostrud exercitation ullamco laboris nisi ut aliquip ex ea commodo consequat. Duis aute irure dolor in reprehenderit in voluptate velit esse cillum dolore eu fugiat nulla pariatur. Excepteur sint occaecat cupidatat non proident, sunt in culp', TIMESTAMP '2019-10-24 09:54:46.827', 1, 'Proposal 1 that reached its quorum', 28, 17, NULL),
(145, TIMESTAMP '2019-10-24 09:54:46.85', TIMESTAMP '2019-10-25 09:54:46.85', 'QtRU9k8M Lorem ipsum dolor sit amet, consectetur adipiscing elit, sed do eiusmod tempor incididunt ut labore et dolore magna aliqua. Ut enim ad minim veniam, quis nostrud exercitation ullamco laboris nisi ut aliquip ex ea commodo conseq', TIMESTAMP '2019-10-25 09:54:46.85', 1, 'Proposal 2 that reached its quorum', 24, 8, NULL),
(146, TIMESTAMP '2019-10-18 09:54:46.865', TIMESTAMP '2019-10-19 09:54:46.865', 'g9Q9ZYdK Lorem ipsum dolor sit amet, consectetur adipiscing elit, sed do eiusmod tempor incidid', TIMESTAMP '2019-10-23 09:54:46.865', 1, 'Proposal 3 that reached its quorum', 30, 1, NULL),
(147, TIMESTAMP '2019-10-25 09:54:46.896', TIMESTAMP '2019-10-25 09:54:46.896', 'uPG4Dqp7 Lorem ipsum dolor sit amet, consectetur adipiscing elit, sed do eiusmod tempor incididunt ut labore et dolore magna aliqua. Ut enim ad minim veniam, quis nostrud exercitation ullamco laboris nisi ut ', TIMESTAMP '2019-10-25 09:54:46.896', 1, 'Proposal 4 that reached its quorum', 24, 8, NULL),
(148, TIMESTAMP '2019-10-16 09:54:46.912', TIMESTAMP '2019-10-17 09:54:46.912', '2dapyV7o Lorem ipsum dolor sit amet, consectetur adipiscing elit, sed do eiusmod temp', TIMESTAMP '2019-10-20 09:54:46.912', 1, 'Proposal 5 that reached its quorum', 23, 1, NULL),
(149, TIMESTAMP '2019-10-21 09:54:46.928', TIMESTAMP '2019-10-22 09:54:46.928', '3sCbEUNw Lorem ipsum dolor sit amet, consectetur adipiscing elit, sed do eiusmod tempor incididunt ut labore et dolore magna aliqua. Ut enim ad minim veniam, quis nostrud exercitation ullamco laboris nisi ut aliquip ex ea commodo consequat. Duis aute irure dolor in reprehenderit in voluptate', TIMESTAMP '2019-10-25 09:54:46.928', 1, 'Proposal 6 that reached its quorum', 24, 13, NULL);
INSERT INTO PUBLIC.LAWS(ID, CREATED_AT, UPDATED_AT, DESCRIPTION, REACHED_QUORUM_AT, STATUS, TITLE, AREA_ID, CREATED_BY_ID, POLL_ID) VALUES
(150, TIMESTAMP '2019-10-19 09:54:46.943', TIMESTAMP '2019-10-20 09:54:46.943', 'vhDxfEvW Lorem ipsum dolor sit amet, consectetur adipiscing elit, sed do eiusmod tempor incididunt ut labore et dolore magna aliqua. Ut enim ad minim veniam, quis nostrud exercitation ullamco laboris nisi ut aliquip ex ea commodo consequat', TIMESTAMP '2019-10-25 09:54:46.943', 1, 'Proposal 7 that reached its quorum', 23, 2, NULL),
(151, TIMESTAMP '2019-10-25 09:54:46.95', TIMESTAMP '2019-10-25 09:54:46.95', 'zOua289U Lorem ipsum dolor sit amet, consectetur adipiscing elit, sed do eiusmod tempor incididunt ut labore et dolore magna aliqua. Ut enim ad minim veniam, quis nostrud exercitation ullamco laboris nisi ut aliquip ex ea commodo consequat. Duis aute irure dolor in reprehenderit in voluptate velit esse c', TIMESTAMP '2019-10-25 09:54:46.95', 1, 'Proposal 8 that reached its quorum', 22, 19, NULL),
(152, TIMESTAMP '2019-10-24 09:54:46.965', TIMESTAMP '2019-10-25 09:54:46.965', '6buRlPv2 Lorem ipsum dolor sit amet, consectetur adipiscing elit, sed do eiusmod tempor incididunt ut labore et dolore mag', TIMESTAMP '2019-10-25 09:54:46.965', 1, 'Proposal 9 that reached its quorum', 28, 2, NULL),
(153, TIMESTAMP '2019-10-25 09:54:46.981', TIMESTAMP '2019-10-25 09:54:46.981', 'Qpkb4tQW Lorem ipsum dolor sit amet, consectetur adipiscing elit, sed do eiusmod tempor incididunt ut labore et dolore magna aliqua. Ut enim ad minim veniam, quis nostrud exercitation ullamco laboris nisi ut aliquip ex ea commodo consequat. Duis aute irure dolor in reprehenderit in voluptate velit esse cillum dolore eu fugiat nulla paria', TIMESTAMP '2019-10-25 09:54:46.981', 1, 'Proposal 10 that reached its quorum', 24, 18, NULL),
(154, TIMESTAMP '2019-10-19 09:54:47.026', TIMESTAMP '2019-10-20 09:54:47.026', 'Oa0vAhXg Lorem ipsum dolor sit amet, consectetur adipiscing elit, sed do eiusmod tempor incididunt ut labore et dolore magna aliqua. Ut enim ad minim veniam, quis nostrud exercitation ullamco labor', TIMESTAMP '2019-10-23 09:54:47.024', 1, 'Proposal 11 that reached its quorum', 25, 11, NULL),
(155, TIMESTAMP '2019-10-18 09:54:47.044', TIMESTAMP '2019-10-19 09:54:47.05', '62Ag86ok Lorem ipsum dolor sit amet, consectetur adipiscing elit, sed do eiusmod tempor incididun', TIMESTAMP '2019-10-24 09:54:47.044', 1, 'Proposal 12 that reached its quorum', 24, 18, NULL),
(156, TIMESTAMP '2019-10-20 09:54:47.065', TIMESTAMP '2019-10-21 09:54:47.065', 'OVYmhvEH ', TIMESTAMP '2019-10-21 09:54:47.065', 1, 'Proposal 13 that reached its quorum', 26, 9, NULL),
(157, TIMESTAMP '2019-10-18 09:54:47.096', TIMESTAMP '2019-10-19 09:54:47.096', 'MFMfBoDm Lorem ipsum dolor sit amet, consectetur adipiscing elit, sed do eiusmod tempor incididunt ut labore et', TIMESTAMP '2019-10-23 09:54:47.096', 1, 'Proposal 14 that reached its quorum', 22, 2, NULL),
(158, TIMESTAMP '2019-10-22 09:54:47.112', TIMESTAMP '2019-10-23 09:54:47.112', 'hsM5LWDn Lor', TIMESTAMP '2019-10-23 09:54:47.112', 1, 'Proposal 15 that reached its quorum', 22, 12, NULL),
(159, TIMESTAMP '2019-10-16 09:54:47.128', TIMESTAMP '2019-10-17 09:54:47.128', 'PPsFRNPW Lorem ipsum dolor sit amet, consectetur adipiscing elit, sed do eiusmod tempor incididunt ut labore et dolore magna aliqua. Ut enim ad minim veniam, quis nostrud exercitation ullamco laboris nisi ut aliquip ex ea commodo consequat. Duis aute irure dolor in reprehenderit in voluptate velit esse cillum dolore eu fugiat nulla pariatur. Excepteur sint occaecat cupidatat non proi', TIMESTAMP '2019-10-23 09:54:47.128', 1, 'Proposal 16 that reached its quorum', 25, 14, NULL),
(160, TIMESTAMP '2019-10-20 09:54:47.143', TIMESTAMP '2019-10-21 09:54:47.143', '4BfKy6pu Lorem ipsum dolor sit amet, consectetur adipiscing elit, sed do eiusmod tempor incididunt ut labore et dolore magna aliqua. Ut enim ad minim veniam, quis nostrud exercitation ullamco laboris nisi ut aliquip ex ea commodo consequat. Duis aute irure dolor in reprehenderit in voluptate velit esse cillum d', TIMESTAMP '2019-10-24 09:54:47.143', 1, 'Proposal 17 that reached its quorum', 25, 15, NULL);
INSERT INTO PUBLIC.LAWS(ID, CREATED_AT, UPDATED_AT, DESCRIPTION, REACHED_QUORUM_AT, STATUS, TITLE, AREA_ID, CREATED_BY_ID, POLL_ID) VALUES
(161, TIMESTAMP '2019-10-19 09:54:47.15', TIMESTAMP '2019-10-20 09:54:47.15', 'FAXCWkhB Lorem ipsum dolor sit amet, consectetur adipiscing elit, sed do eiusmod tempor incididunt ut labore et dolore magna aliqua. Ut enim ad minim veniam, quis nostrud exercitation ullamco l', TIMESTAMP '2019-10-25 09:54:47.15', 1, 'Proposal 18 that reached its quorum', 29, 19, NULL),
(162, TIMESTAMP '2019-10-20 09:54:47.165', TIMESTAMP '2019-10-21 09:54:47.165', 'c8fsoGOa Lorem ipsum dolor sit amet, consectetur adipiscing elit, sed do eiusmod tempor incididunt ut labore et dolore magna aliqua. Ut enim ad minim veniam, quis nostrud exercitation ullamco laboris nisi ut aliquip ex', TIMESTAMP '2019-10-21 09:54:47.165', 1, 'Proposal 19 that reached its quorum', 26, 17, NULL),
(163, TIMESTAMP '2019-10-21 09:54:47.197', TIMESTAMP '2019-10-22 09:54:47.197', 'XHg9KPat Lorem ipsum dolor sit amet, consectetur adipiscing elit, sed do eiusmod tempor incididunt ut labore et dolore magna aliqua. Ut enim ad minim veniam, quis nostrud exercitation ullamco laboris nisi ut aliquip ex ea commodo consequat. Duis aute irure dolor in repreh', TIMESTAMP '2019-10-22 09:54:47.197', 1, 'Proposal 20 that reached its quorum', 22, 5, NULL),
(164, TIMESTAMP '2019-10-22 09:54:47.228', TIMESTAMP '2019-10-23 09:54:47.228', 'MxPncRNe Lorem ipsum dolor sit amet, consectetur adipiscing elit, sed do eiusmod tempor incididunt ut labore et dolore magna aliqua. Ut enim ad minim veniam, quis nostrud exercitation ullamco laboris nisi ut aliquip ex ea commodo consequat. Duis aute irure dolor in reprehenderit in voluptate velit esse cillum dolore eu fugiat nulla pariatur. Excepteur sint ', TIMESTAMP '2019-10-23 09:54:47.228', 1, 'Proposal 21 that reached its quorum', 28, 16, NULL),
(165, TIMESTAMP '2019-10-17 09:54:47.25', TIMESTAMP '2019-10-18 09:54:47.25', 'tzM7ReU2 Lorem ipsum dolor sit amet, consectetur adipiscing elit, sed do eiusmod tempor incididunt ut labore et dolore magna aliqua. Ut enim ad minim veniam, quis nostrud exercitation', TIMESTAMP '2019-10-21 09:54:47.25', 1, 'Proposal 22 that reached its quorum', 29, 6, NULL),
(166, TIMESTAMP '2019-10-25 09:54:47.266', TIMESTAMP '2019-10-25 09:54:47.266', 'c8uwso76 Lorem ipsum dolor sit amet, consectetur adipiscing elit, sed do eiusmod tempor incididunt ut labore et dolore magna aliqua. Ut enim ad minim veniam, quis nostrud exercitation ullamco laboris nisi ut aliquip ex ea commodo consequat. Duis aute irure dolor in reprehenderit in voluptate velit esse cillum dolore eu fugiat nulla pariatur. Excepteur sint occaecat cupidatat n', TIMESTAMP '2019-10-25 09:54:47.266', 1, 'Proposal 23 that reached its quorum', 22, 16, NULL),
(167, TIMESTAMP '2019-10-16 09:54:47.297', TIMESTAMP '2019-10-17 09:54:47.297', 'y8VRRTb3 Lorem ipsum dolor sit amet, consectetur adipiscing elit, sed do eiusmod tempor incididunt ut labore et dolore magna aliqua. Ut enim ad minim veniam, quis nostrud exercitation ullamco laboris nisi ut aliquip ex ea commodo consequat. Duis aute irure dolor in reprehenderit in voluptate velit esse cillum dolore eu fugiat nulla pariatur. Excepteur sint occaecat cupidatat non proi', TIMESTAMP '2019-10-17 09:54:47.281', 1, 'Proposal 24 that reached its quorum', 28, 3, NULL),
(168, TIMESTAMP '2019-10-19 09:54:47.313', TIMESTAMP '2019-10-20 09:54:47.313', 'wr8OCRxC Lorem ipsum dolor sit amet, consectetur adipiscing elit, sed do eiusmod tempor incididunt ut labore et dolore magna aliqua. Ut enim ad minim veniam, quis nostrud exercitation ullamco laboris nisi ut aliquip ex ea commodo consequat. Duis aute irure dolor in reprehenderit in voluptate velit esse cillum dolore eu fugiat nulla pariatur. Exce', TIMESTAMP '2019-10-24 09:54:47.297', 1, 'Proposal 25 that reached its quorum', 28, 7, NULL),
(169, TIMESTAMP '2019-10-16 09:54:47.313', TIMESTAMP '2019-10-17 09:54:47.313', 'MhA9BZv9 Lorem ipsum dolor sit amet, consectetur adipiscing elit, sed do ', TIMESTAMP '2019-10-25 09:54:47.313', 1, 'Proposal 26 that reached its quorum', 29, 20, NULL);
INSERT INTO PUBLIC.LAWS(ID, CREATED_AT, UPDATED_AT, DESCRIPTION, REACHED_QUORUM_AT, STATUS, TITLE, AREA_ID, CREATED_BY_ID, POLL_ID) VALUES
(170, TIMESTAMP '2019-10-23 09:54:47.328', TIMESTAMP '2019-10-24 09:54:47.328', 'ygryOQZ4 Lorem ipsum d', TIMESTAMP '2019-10-24 09:54:47.328', 1, 'Proposal 27 that reached its quorum', 28, 7, NULL),
(171, TIMESTAMP '2019-10-18 09:54:47.344', TIMESTAMP '2019-10-19 09:54:47.344', 'nLQo6ygU Lorem ipsum dolor sit amet, consectetur adipiscing elit, sed do eiusmod tempor incididunt ut labore et dolore magna aliqua. Ut enim ad minim veniam, quis nostrud exercitation ullamco laboris nisi ut aliquip ex ea commodo consequ', TIMESTAMP '2019-10-21 09:54:47.344', 1, 'Proposal 28 that reached its quorum', 30, 7, NULL),
(172, TIMESTAMP '2019-10-22 09:54:47.35', TIMESTAMP '2019-10-23 09:54:47.35', 'ZEewN3RT Lorem ipsum dolor sit amet, consectetur adipiscing elit, sed do eiusmod tempor incididunt ut labore et dolore magna aliqua. Ut enim ad minim veniam, quis nostrud exercitation ullamco laboris nisi ut aliquip ex ea commodo consequat. Duis aute irure dolor in reprehenderit in voluptate velit esse cillum dolore eu fugiat nulla pariatur. Excep', TIMESTAMP '2019-10-24 09:54:47.35', 1, 'Proposal 29 that reached its quorum', 24, 20, NULL),
(173, TIMESTAMP '2019-10-24 09:54:47.366', TIMESTAMP '2019-10-25 09:54:47.366', '4hvmEUvu Lorem ipsum dolor sit amet, consectetur adipiscing elit, sed do eiusmod tempor incididunt ut labore et dolore magna aliqua. Ut enim ad minim veniam, quis nostrud exercitation ullamco laboris nisi ut aliquip ex ea commodo consequat. Duis aute irure dolor in reprehenderit in ', TIMESTAMP '2019-10-25 09:54:47.366', 1, 'Proposal 30 that reached its quorum', 25, 16, NULL),
(174, TIMESTAMP '2019-10-23 09:54:47.382', TIMESTAMP '2019-10-24 09:54:47.382', 'WNBlpY0c Lorem ipsum dolor sit amet, consectetur adipiscing elit, sed do eiusmod tempor incididunt ut labore et dolore magna aliqua. Ut enim ad minim veniam', TIMESTAMP '2019-10-25 09:54:47.366', 1, 'Proposal 31 that reached its quorum', 21, 1, NULL),
(175, TIMESTAMP '2019-10-18 09:54:47.397', TIMESTAMP '2019-10-19 09:54:47.397', '5OFzTWcB Lorem ipsum dolor sit amet, consectetur adipiscing elit, sed do eiusmod tempor incididunt ut labore et dolore magna aliqua. Ut enim ad minim veniam, quis nostrud exercitation ullamco laboris nisi ut aliquip ex ea commodo ', TIMESTAMP '2019-10-21 09:54:47.397', 1, 'Proposal 32 that reached its quorum', 24, 3, NULL),
(176, TIMESTAMP '2019-10-16 09:54:47.413', TIMESTAMP '2019-10-17 09:54:47.413', 'SUYkZua2 Lorem ipsum dolor sit amet, consectetur adipiscing elit, sed do eiusmod tempor incididunt ut labore et dolore magna aliqua. Ut e', TIMESTAMP '2019-10-25 09:54:47.413', 1, 'Proposal 33 that reached its quorum', 22, 20, NULL),
(177, TIMESTAMP '2019-10-19 09:54:47.428', TIMESTAMP '2019-10-20 09:54:47.428', 'mkopdD2Z Lorem ipsum dolor sit amet, consectetur adipiscing elit, sed do eiusmod tempor incididunt ut labore et dolore magna aliqua. Ut enim ad minim veniam, quis nostrud ', TIMESTAMP '2019-10-21 09:54:47.428', 1, 'Proposal 34 that reached its quorum', 22, 19, NULL),
(178, TIMESTAMP '2019-10-19 09:54:47.451', TIMESTAMP '2019-10-20 09:54:47.451', 'LwCZr6Ch Lorem ipsum dolor sit amet, consectetur adipiscing elit, sed do eiusmod tempor incididunt ut labore et d', TIMESTAMP '2019-10-24 09:54:47.451', 1, 'Proposal 35 that reached its quorum', 21, 20, NULL),
(179, TIMESTAMP '2019-10-16 09:54:47.451', TIMESTAMP '2019-10-17 09:54:47.451', 'PeKFhSDF Lorem ipsum dolor sit amet, consectetur adipiscing elit, sed do eiusmod tempor incididunt ut labore et dolore magna aliqua. Ut enim ad minim veniam, quis nostrud exercitation ullamco laboris nisi ut aliquip ex ea commodo consequat. Du', TIMESTAMP '2019-10-23 09:54:47.451', 1, 'Proposal 36 that reached its quorum', 21, 4, NULL),
(180, TIMESTAMP '2019-10-25 09:54:47.466', TIMESTAMP '2019-10-25 09:54:47.466', '9gqc2nKe Lorem ipsum dolor sit amet, consectetur adipiscing elit, sed do eiusmod tempor incididunt ut labore et dolore magna aliqua. Ut enim ad minim veniam, quis nostrud exercitation ullamco laboris nisi ut aliquip ex ea commodo consequat. Duis aute irure dolor in reprehenderit in voluptate velit esse c', TIMESTAMP '2019-10-25 09:54:47.466', 1, 'Proposal 37 that reached its quorum', 28, 15, NULL);
INSERT INTO PUBLIC.LAWS(ID, CREATED_AT, UPDATED_AT, DESCRIPTION, REACHED_QUORUM_AT, STATUS, TITLE, AREA_ID, CREATED_BY_ID, POLL_ID) VALUES
(181, TIMESTAMP '2019-10-19 09:54:47.482', TIMESTAMP '2019-10-20 09:54:47.482', '8pHWBre3 Lorem ipsum dolor sit amet, consectetur adipiscing elit, sed do eiusmod tempor ', TIMESTAMP '2019-10-25 09:54:47.482', 1, 'Proposal 38 that reached its quorum', 24, 1, NULL),
(182, TIMESTAMP '2019-10-24 09:54:47.497', TIMESTAMP '2019-10-25 09:54:47.497', 'Yqkh2xUM Lorem ipsum dolor sit amet, consectetur adipiscing elit, sed do eiusmod tempor incididunt ut labore et dolore magna aliqua. Ut enim ad minim veniam, qui', TIMESTAMP '2019-10-25 09:54:47.497', 1, 'Proposal 39 that reached its quorum', 26, 14, NULL),
(183, TIMESTAMP '2019-10-17 09:54:47.513', TIMESTAMP '2019-10-18 09:54:47.513', 'oWKgDypL Lorem ipsum dolor sit amet, consectetur adipiscing elit, sed do eiusmod tempor incididunt ut labore et', TIMESTAMP '2019-10-20 09:54:47.513', 1, 'Proposal 40 that reached its quorum', 22, 2, NULL),
(184, TIMESTAMP '2019-10-21 09:54:47.513', TIMESTAMP '2019-10-22 09:54:47.513', 'BpzYaeHg Lorem ipsum dolor sit amet, consectetur adipiscing elit, sed do eiusmod tempor incididunt ut labore et dolore magna aliqua', TIMESTAMP '2019-10-25 09:54:47.513', 1, 'Proposal 41 that reached its quorum', 29, 11, NULL),
(185, TIMESTAMP '2019-10-24 09:54:47.529', TIMESTAMP '2019-10-25 09:54:47.529', '2nakSEO8 Lorem ipsum dolor sit amet, consectetur adipiscing elit, sed do eiusmod tempor incididunt ut labore et dolore magna aliqua. Ut enim ad minim veniam, quis nostrud exercitation ullamco laboris nisi ut aliquip ex ea commodo consequat.', TIMESTAMP '2019-10-25 09:54:47.529', 1, 'Proposal 42 that reached its quorum', 26, 6, NULL),
(186, TIMESTAMP '2019-10-16 09:54:47.529', TIMESTAMP '2019-10-17 09:54:47.529', 'tNXLHZAd Lorem ipsum dolor sit amet, consectetur adipiscing elit, sed do eiusmod tempor incididunt ut labore et dolore magna aliqua. Ut enim ad minim veniam, quis nostrud exercitation ullamco laboris nisi ut aliquip ex ea commodo consequat. Duis aute irure dol', TIMESTAMP '2019-10-21 09:54:47.529', 1, 'Proposal 43 that reached its quorum', 24, 11, NULL),
(187, TIMESTAMP '2019-10-23 09:54:47.551', TIMESTAMP '2019-10-24 09:54:47.551', 'EgVdeUFf Lorem ipsum dolor sit amet, consectetur adipiscing elit, sed do eiusmod tempor incididunt ut labore et dolore magna aliqua. Ut enim ad minim veniam, quis nostrud exercitation ullamco laboris nisi ut aliquip ex ea commodo consequat. Duis aute irure dolor in reprehenderit in voluptate velit esse cillum dolore eu fugiat ', TIMESTAMP '2019-10-24 09:54:47.551', 1, 'Proposal 44 that reached its quorum', 24, 11, NULL),
(188, TIMESTAMP '2019-10-24 09:54:47.551', TIMESTAMP '2019-10-25 09:54:47.551', '9x7hvPhm Lorem ipsum dolor sit amet, consectetur adipiscing elit, sed do eiusmod tempor incididunt ut labore et dolore magna aliqua. ', TIMESTAMP '2019-10-25 09:54:47.551', 1, 'Proposal 45 that reached its quorum', 29, 3, NULL),
(189, TIMESTAMP '2019-10-23 09:54:47.566', TIMESTAMP '2019-10-24 09:54:47.566', 'FobeLnVn Lorem ipsum dolor sit amet, consectetur adipiscing elit, sed do eiusmod tempor incididunt ut labore et dolore magna aliqua. Ut enim ad minim veniam, quis nostrud exercitation ullamco laboris nisi ut aliquip ex ea commodo consequat. Duis aute irure do', TIMESTAMP '2019-10-25 09:54:47.566', 1, 'Proposal 46 that reached its quorum', 29, 6, NULL),
(190, TIMESTAMP '2019-10-18 09:54:47.582', TIMESTAMP '2019-10-19 09:54:47.582', '7HmT7qan Lore', TIMESTAMP '2019-10-24 09:54:47.582', 1, 'Proposal 47 that reached its quorum', 27, 10, NULL),
(191, TIMESTAMP '2019-10-18 09:54:47.582', TIMESTAMP '2019-10-19 09:54:47.582', 'K5dRUT3V Lorem ipsum dolor sit amet, consectetur adipiscing elit, sed do eiusmod tempor incididunt ut labore et dolore magna aliqua. Ut enim ad minim veniam, quis nostrud exercitation ullamco laboris nisi ut aliquip ex ea commodo consequat. Duis aute irure dolor in reprehenderi', TIMESTAMP '2019-10-20 09:54:47.582', 1, 'Proposal 48 that reached its quorum', 24, 1, NULL),
(192, TIMESTAMP '2019-10-20 09:54:47.613', TIMESTAMP '2019-10-21 09:54:47.613', 'SS6ynddE Lorem ipsum dolor sit amet, consectetur adipiscing elit, sed do eiusmod tempor incididunt ut labore et dolore magna aliqua. Ut enim ad minim veniam, quis nostrud exercitation ullamco laboris nisi ut aliquip ex ea commodo consequat. Duis aute irure dolor in reprehenderit in voluptate velit esse cillum dolore eu fugiat nulla pariatur. Excepteur sint occaecat cupidatat non p', TIMESTAMP '2019-10-21 09:54:47.598', 1, 'Proposal 49 that reached its quorum', 23, 17, NULL);
INSERT INTO PUBLIC.LAWS(ID, CREATED_AT, UPDATED_AT, DESCRIPTION, REACHED_QUORUM_AT, STATUS, TITLE, AREA_ID, CREATED_BY_ID, POLL_ID) VALUES
(193, TIMESTAMP '2019-10-22 09:54:47.629', TIMESTAMP '2019-10-23 09:54:47.629', 'Lorem ipsum dolor sit amet, consectetur adipiscing elit, sed do eiusmod tempor incididunt ut labore et dolore magna aliqua. Ut enim ad minim veniam, quis nostrud exercitation ullamco laboris nisi ut aliquip ex ea commodo consequat. Duis aute irure dolor in reprehenderit in voluptate velit esse cillum dolore', TIMESTAMP '2019-10-23 09:54:47.629', 1, 'Proposal 0 for user testuser1@liquido.de', 25, 1, NULL),
(198, TIMESTAMP '2019-10-21 09:54:47.682', TIMESTAMP '2019-10-22 09:54:47.682', 'Lorem ipsum dolor sit amet, consectetur adipiscing elit, sed do eiusmod tempor incididunt ut labore et dolore magna aliqua. Ut enim ad minim veniam, quis nostrud exercitation ullamco laboris nisi ut aliquip ex ea c', TIMESTAMP '2019-10-25 09:54:47.682', 1, 'Proposal 1 for user testuser1@liquido.de', 25, 1, NULL),
(205, TIMESTAMP '2019-10-23 09:54:47.714', TIMESTAMP '2019-10-24 09:54:47.714', 'Lorem ipsum dolor sit amet, consectetur adipiscing elit, sed do eiusmod tempor incididunt ut labore et dolore magna aliqua. Ut enim ad minim veniam, quis nostrud exercitation ullamco laboris nisi ut aliquip ex ea commodo consequat. Duis aute irure dolor in reprehenderit in voluptate velit esse cillum dolore eu fugiat nulla pariatur. Excep', TIMESTAMP '2019-10-25 09:54:47.714', 1, 'Proposal 2 for user testuser1@liquido.de', 29, 1, NULL),
(211, TIMESTAMP '2019-10-17 09:54:47.745', TIMESTAMP '2019-10-18 09:54:47.745', 'Lorem ipsum dolor sit amet, consectetur adipiscing elit, sed do eiusmod tempor incididunt ut labore et dolore magna aliqua. Ut enim ad minim veniam, quis nostrud exercit', TIMESTAMP '2019-10-22 09:54:47.729', 1, 'Proposal 3 for user testuser1@liquido.de', 29, 1, NULL),
(219, TIMESTAMP '2019-10-17 09:54:47.767', TIMESTAMP '2019-10-18 09:54:47.767', 'Lorem ipsum dolor sit amet, consectetur adipiscing elit, sed do eiusmod tempor incididunt ut labore et dolore magna aliqua. Ut enim ad minim veniam, quis nostrud exercitation ullamco laboris nisi ut aliquip ex ea commodo consequat. Duis aute irure dolor in repr', TIMESTAMP '2019-10-24 09:54:47.767', 1, 'Proposal 4 for user testuser1@liquido.de', 30, 1, NULL),
(232, TIMESTAMP '2019-10-15 09:54:53.314', TIMESTAMP '2019-10-25 09:54:53.33', 'Lorem ipsum dolor sit amet, consectetur adipiscing elit, sed do eiusmod tempor incididunt ut labore et dolore magna aliqua. Ut enim ad minim veniam, quis nostrud exercitation ullamco laboris nisi ut aliquip ex ea commodo consequat. Duis aute irure dolor in reprehenderit in voluptate velit esse cillum dolore eu fugiat nulla pariatur. Excepteur sint occaecat cupidatat non proid', TIMESTAMP '2019-10-18 09:54:53.299', 2, 'Initial Proposal in a poll that is in elaboration 1571990093299', 21, 13, 241),
(242, TIMESTAMP '2019-10-05 09:54:53.346', TIMESTAMP '2019-10-25 09:54:53.377', 'Lorem ipsum dolor sit amet, consectetur adipiscing elit, sed do eiusmod tempor incididunt ut labore et dolore magna aliqua. Ut enim ad minim veniam, quis nostrud exer', TIMESTAMP '2019-10-07 09:54:53.346', 2, 'Alternative Proposal1 in a poll that is in elaboration1571990093346', 21, 15, 241),
(249, TIMESTAMP '2019-10-05 09:54:53.392', TIMESTAMP '2019-10-25 09:54:53.408', 'Lorem ipsum dolor sit amet, consectetur adipiscing elit, sed do eiusmod tempor incididunt ut labore et dolore magna aliqua. Ut enim ad minim veniam, quis nostrud exercitation ulla', TIMESTAMP '2019-10-07 09:54:53.377', 2, 'Alternative Proposal2 in a poll that is in elaboration1571990093377', 21, 7, 241),
(256, TIMESTAMP '2019-10-05 09:54:53.424', TIMESTAMP '2019-10-25 09:54:53.439', 'Lorem ipsum dolor sit amet, consectetur adipiscing elit, sed do eiusmod tempor incididunt ut labore et dolore magna aliqua. Ut enim ad minim veniam, quis nostrud exercitation ullamco laboris nisi ut aliquip ex ea commodo consequat. Duis aute irure dolor in reprehenderit in voluptate velit esse cillum dolore eu fugiat nulla pariatur. Excepteur sint occaecat cupidatat non proident, su', TIMESTAMP '2019-10-07 09:54:53.424', 2, 'Alternative Proposal3 in a poll that is in elaboration1571990093408', 21, 3, 241);
INSERT INTO PUBLIC.LAWS(ID, CREATED_AT, UPDATED_AT, DESCRIPTION, REACHED_QUORUM_AT, STATUS, TITLE, AREA_ID, CREATED_BY_ID, POLL_ID) VALUES
(261, TIMESTAMP '2019-10-05 09:54:53.455', TIMESTAMP '2019-10-25 09:54:53.486', 'Lorem ipsum dolor sit amet, consectetur adipiscing elit, sed do eiusmod tempor incididunt ut labore et dolore magna aliqua. Ut enim ad minim veniam, quis nostrud exercitation ullamco labori', TIMESTAMP '2019-10-07 09:54:53.455', 2, 'Alternative Proposal4 in a poll that is in elaboration1571990093439', 21, 5, 241),
(267, TIMESTAMP '2019-10-15 09:54:53.502', TIMESTAMP '2019-10-25 09:54:53.72', 'Lorem ipsum dolor sit amet, consectetur adipiscing elit, sed do eiusmod tempor incididunt ut labore et dolore magna aliqua.', TIMESTAMP '2019-10-18 09:54:53.502', 3, 'Proposal 5 in voting phase 1571990093674', 21, 13, 275),
(276, TIMESTAMP '2019-10-05 09:54:53.564', TIMESTAMP '2019-10-25 09:54:53.72', 'Lorem ipsum dolor sit amet, consectetur adipiscing elit, sed do eiusmod tempor incididunt ut labore et dolore magna aliqua. Ut enim ad minim veniam, quis nostrud exercitation ullamco laboris nisi ut aliquip ex ea commodo consequat. Duis aute irure dolor in reprehenderit in voluptate', TIMESTAMP '2019-10-07 09:54:53.564', 3, 'Proposal 4 in voting phase 1571990093674', 21, 15, 275),
(283, TIMESTAMP '2019-10-05 09:54:53.595', TIMESTAMP '2019-10-25 09:54:53.72', 'Lorem ipsum dolor sit amet, consectetur adipiscing elit, sed do eiusmod tempor incididunt ut labore et dolore magna aliqua. Ut enim ad minim veniam', TIMESTAMP '2019-10-07 09:54:53.595', 3, 'Proposal 3 in voting phase 1571990093674', 21, 7, 275),
(287, TIMESTAMP '2019-10-05 09:54:53.627', TIMESTAMP '2019-10-25 09:54:53.72', 'Lorem ipsum dolor sit amet, consectetur adipiscing elit, sed do eiusmod tempor incididunt ut labore et dolore magna aliqua. Ut enim ad minim veniam, quis nostrud exercitation ullamco laboris nisi ut aliquip ex ea commodo consequat. Duis aute irure dolor in reprehenderit in voluptate velit esse cillum dolore eu fugiat nulla pariatur. Excepteur sint occaecat cupidatat non proident, sunt ', TIMESTAMP '2019-10-07 09:54:53.627', 3, 'Proposal 2 in voting phase 1571990093674', 21, 3, 275),
(292, TIMESTAMP '2019-10-05 09:54:53.658', TIMESTAMP '2019-10-25 09:54:53.72', 'Lorem ipsum dolor sit amet, consectetur adipiscing elit, sed do eiusmod tempor incididunt ut labore et dolore magna aliqua. Ut enim ad minim veniam, quis nostrud exercitation ullamco laboris nisi ut aliquip ex ea commodo consequat. Duis aute irure dolor in reprehenderit in voluptate v', TIMESTAMP '2019-10-07 09:54:53.658', 3, 'Proposal 1 in voting phase 1571990093674', 21, 5, 275),
(298, TIMESTAMP '2019-10-15 09:54:53.736', TIMESTAMP '2019-10-25 09:54:53.939', 'Lorem ipsum dolor sit amet, consectetur adipiscing elit, sed do eiusmod tempor incididunt ut labore et dolore magna aliqua. Ut enim ad minim veniam, quis nostrud exercitation ullamco laboris nisi ut aliquip ex ea commodo consequat. Duis aute irure dolor in reprehenderit in voluptate velit esse cillum dolore eu fugiat nulla pariat', TIMESTAMP '2019-10-18 09:54:53.736', 3, 'Proposal 5 in voting phase 1571990093892', 21, 13, 306),
(307, TIMESTAMP '2019-10-05 09:54:53.767', TIMESTAMP '2019-10-25 09:54:53.939', 'Lorem ipsum dolor sit amet, consectetur adipiscing elit, sed do eiusmod tempor incididunt ut labore et dolore magna aliqua. Ut enim ad minim veniam, quis nostrud exercitation ullamco laboris nisi ut aliquip ex ea commodo consequat. Duis aute irure dolor in reprehenderit in voluptate', TIMESTAMP '2019-10-07 09:54:53.767', 3, 'Proposal 4 in voting phase 1571990093892', 21, 15, 306),
(314, TIMESTAMP '2019-10-05 09:54:53.799', TIMESTAMP '2019-10-25 09:54:53.939', 'Lorem ipsum dolor sit amet, consectetur adipiscing elit, sed do eiusmod tempor incididunt ut labore et dolore magna aliqua. Ut enim ad minim veniam, quis nostrud exercitation ullamco laboris nisi ut aliquip ex ea commodo consequat. Duis', TIMESTAMP '2019-10-07 09:54:53.799', 3, 'Proposal 3 in voting phase 1571990093892', 21, 7, 306),
(319, TIMESTAMP '2019-10-05 09:54:53.814', TIMESTAMP '2019-10-25 09:54:53.939', 'Lorem ipsum dolor sit amet, consectetur adipiscing elit, sed do eiusmod tempor incididunt ut labore et dolore magna aliqua. Ut enim ad minim veniam, quis nostrud exercitation ullamco laboris nisi ut aliquip ex ea commodo consequat. Duis aute irure dolor in reprehenderit in voluptate velit esse cillum dolore eu fugiat nulla pariatur. Excepteur sint occaecat cupidata', TIMESTAMP '2019-10-07 09:54:53.814', 3, 'Proposal 2 in voting phase 1571990093892', 21, 3, 306);
INSERT INTO PUBLIC.LAWS(ID, CREATED_AT, UPDATED_AT, DESCRIPTION, REACHED_QUORUM_AT, STATUS, TITLE, AREA_ID, CREATED_BY_ID, POLL_ID) VALUES
(326, TIMESTAMP '2019-10-05 09:54:53.877', TIMESTAMP '2019-10-25 09:54:53.939', 'Lorem ipsum dolor sit amet, consectetur adipiscing elit, sed do eiusmod tempor incididunt ut labore et dolore magna aliqua. Ut enim ad minim veniam, quis nostrud exercitation ', TIMESTAMP '2019-10-07 09:54:53.877', 3, 'Proposal 1 in voting phase 1571990093892', 21, 5, 306),
(347, TIMESTAMP '2019-10-15 09:54:59.371', TIMESTAMP '2019-10-25 09:55:03.152', 'Lorem ipsum dolor sit amet, consectetur adipiscing elit, sed do eiusmod tempor incididunt ut labore et dolore magna aliqua. Ut enim ad minim veniam, quis nostrud exer', TIMESTAMP '2019-10-18 09:54:59.371', 4, 'This winning Proposal is now a Law', 21, 13, 354),
(355, TIMESTAMP '2019-10-05 09:54:59.402', TIMESTAMP '2019-10-25 09:55:03.137', 'Lorem ipsum dolor sit amet, consectetur adipiscing elit, sed do eiusmod tempor incididunt ut labore et dolore magna aliqua. Ut enim ad minim veniam, quis nostrud exercitation ullamco laboris nisi ut aliquip ex ea commodo consequat. Duis aute irure', TIMESTAMP '2019-10-07 09:54:59.402', 5, 'Proposal 4 in voting phase 1571990099512', 21, 15, 354),
(363, TIMESTAMP '2019-10-05 09:54:59.418', TIMESTAMP '2019-10-25 09:55:03.137', 'Lorem ipsum dolor sit amet, consectetur adipiscing elit, sed do eiusmod tempor incididunt ut labore et dolore magna aliqua. Ut enim ad minim veni', TIMESTAMP '2019-10-07 09:54:59.418', 5, 'Proposal 3 in voting phase 1571990099512', 21, 7, 354),
(367, TIMESTAMP '2019-10-05 09:54:59.449', TIMESTAMP '2019-10-25 09:55:03.137', 'Lorem ipsum dolor sit amet, consectetur adipiscing elit, sed do eiusmod tempor incididunt ut labore et dolore magna aliqua. Ut enim ad minim veniam, quis nostrud exercitation ullamco laboris nisi ut aliquip ex ea commodo consequat. Duis aute irure dolor in reprehenderit in voluptate velit esse cillum dolore eu fugiat nulla pari', TIMESTAMP '2019-10-07 09:54:59.449', 5, 'Proposal 2 in voting phase 1571990099512', 21, 3, 354),
(374, TIMESTAMP '2019-10-05 09:54:59.465', TIMESTAMP '2019-10-25 09:55:03.137', 'Lorem ipsum dolor sit amet, consectetur adipiscing elit, sed do eiusmod tempor incididunt ut labore et dolore magna aliqua. Ut enim ad minim veniam, quis nostrud exercitation ullamco laboris nisi ut aliquip ex ea commodo consequat. Duis aute irure d', TIMESTAMP '2019-10-07 09:54:59.465', 5, 'Proposal 1 in voting phase 1571990099512', 21, 5, 354),
(400, TIMESTAMP '2019-10-05 09:55:03.168', TIMESTAMP '2019-10-25 09:55:03.168', 'Lorem ipsum dolor sit amet, consectetur adipiscing elit, sed do eiusmod tempor incididunt ut labore et dolore magna aliqua. Ut enim a', TIMESTAMP '2019-10-01 09:55:03.168', 4, 'Law 0', 21, 1, NULL),
(401, TIMESTAMP '2019-10-04 09:55:03.199', TIMESTAMP '2019-10-25 09:55:03.199', 'Lorem ipsum dolor sit amet, consectetur adipiscing elit, sed do eiusmod tempor incididunt ut labore et dolore magna aliqua. Ut enim ', TIMESTAMP '2019-10-01 09:55:03.184', 4, 'Law 1', 21, 1, NULL);
CREATE MEMORY TABLE PUBLIC.LAWS_COMMENTS(
LAW_MODEL_ID BIGINT NOT NULL,
COMMENTS_ID BIGINT NOT NULL
);
ALTER TABLE PUBLIC.LAWS_COMMENTS ADD CONSTRAINT PUBLIC.CONSTRAINT_A0 PRIMARY KEY(LAW_MODEL_ID, COMMENTS_ID);
-- 25 +/- SELECT COUNT(*) FROM PUBLIC.LAWS_COMMENTS;
INSERT INTO PUBLIC.LAWS_COMMENTS(LAW_MODEL_ID, COMMENTS_ID) VALUES
(193, 194),
(198, 199),
(205, 206),
(211, 212),
(219, 220),
(232, 233),
(242, 243),
(249, 250),
(256, 257),
(261, 262),
(267, 268),
(276, 277),
(283, 284),
(287, 288),
(292, 293),
(298, 299),
(307, 308),
(314, 315),
(319, 320),
(326, 327),
(347, 348),
(355, 356),
(363, 364),
(367, 368),
(374, 375);
CREATE MEMORY TABLE PUBLIC.LAWS_SUPPORTERS(
LAW_MODEL_ID BIGINT NOT NULL,
SUPPORTERS_ID BIGINT NOT NULL
);
ALTER TABLE PUBLIC.LAWS_SUPPORTERS ADD CONSTRAINT PUBLIC.CONSTRAINT_C PRIMARY KEY(LAW_MODEL_ID, SUPPORTERS_ID);
-- 1267 +/- SELECT COUNT(*) FROM PUBLIC.LAWS_SUPPORTERS;
INSERT INTO PUBLIC.LAWS_SUPPORTERS(LAW_MODEL_ID, SUPPORTERS_ID) VALUES
(31, 7),
(31, 5),
(31, 14),
(31, 13),
(31, 9),
(31, 16),
(31, 11),
(33, 6),
(33, 11),
(33, 9),
(33, 5),
(33, 3),
(33, 15),
(33, 14),
(34, 20),
(34, 11),
(34, 2),
(34, 19),
(35, 8),
(35, 6),
(35, 10),
(35, 20),
(35, 11),
(35, 13),
(36, 12),
(36, 9),
(36, 10),
(36, 4),
(36, 13),
(37, 15),
(37, 8),
(37, 1),
(37, 11),
(38, 20),
(38, 13),
(38, 17),
(38, 15),
(38, 8),
(38, 12),
(38, 14),
(38, 19),
(39, 11),
(39, 19),
(39, 13),
(39, 1),
(39, 10),
(39, 12),
(39, 14),
(40, 17),
(40, 13),
(40, 20),
(40, 5),
(40, 11),
(40, 12),
(40, 6),
(40, 1),
(41, 2),
(41, 5),
(41, 12),
(42, 4),
(43, 16),
(43, 18),
(44, 16),
(44, 4),
(45, 8),
(45, 4),
(45, 1),
(45, 16),
(45, 6),
(45, 15),
(45, 20),
(46, 3),
(46, 4),
(46, 7),
(46, 15),
(46, 5),
(46, 8),
(46, 19),
(46, 11),
(47, 2),
(47, 12),
(47, 10),
(47, 16),
(47, 20),
(47, 11),
(47, 1),
(48, 15),
(48, 19),
(48, 16),
(48, 12),
(48, 20),
(48, 3),
(48, 13),
(48, 8),
(49, 7),
(49, 12),
(49, 6),
(49, 9),
(50, 18),
(50, 2),
(50, 8),
(50, 14),
(50, 5),
(50, 15),
(50, 1),
(50, 11),
(51, 11),
(51, 14),
(51, 3),
(51, 17),
(52, 7),
(52, 18),
(53, 18),
(53, 19),
(55, 2),
(55, 3),
(55, 17),
(55, 1),
(56, 15),
(58, 11),
(59, 1),
(59, 19),
(59, 2),
(59, 15),
(59, 13),
(59, 11),
(59, 6),
(59, 9),
(60, 5),
(60, 3),
(60, 10),
(60, 18),
(60, 8),
(60, 2),
(60, 6),
(61, 2),
(61, 18),
(61, 8),
(61, 5),
(62, 6),
(62, 10),
(62, 17),
(62, 4),
(63, 19),
(63, 18),
(63, 17),
(63, 10),
(63, 8),
(63, 4),
(64, 16),
(64, 9),
(65, 10),
(65, 14),
(65, 8),
(65, 4),
(66, 7),
(66, 3),
(66, 1),
(66, 2),
(66, 5),
(66, 13),
(66, 6),
(66, 19),
(67, 16),
(67, 19),
(68, 4),
(68, 14),
(68, 7),
(68, 6),
(68, 8),
(68, 5),
(68, 11),
(69, 16),
(69, 2),
(69, 1),
(69, 19),
(70, 7),
(71, 13),
(71, 9),
(71, 3),
(71, 1),
(71, 4),
(71, 17),
(71, 18),
(71, 11),
(72, 12),
(72, 20),
(72, 14),
(72, 9),
(72, 3),
(72, 4),
(73, 12),
(73, 15),
(73, 6),
(73, 18),
(73, 11),
(73, 8),
(73, 9),
(73, 1),
(74, 3),
(74, 11),
(74, 6),
(74, 15),
(74, 7),
(75, 2),
(75, 12),
(75, 5),
(75, 1),
(77, 12),
(77, 16),
(77, 19),
(77, 11),
(77, 6),
(77, 7),
(77, 1),
(78, 19),
(78, 5),
(78, 3),
(78, 1),
(78, 7),
(78, 15),
(79, 12),
(79, 16),
(79, 14),
(79, 3),
(79, 15),
(79, 19),
(79, 5),
(79, 2),
(80, 5),
(80, 2),
(80, 4),
(81, 11),
(81, 7),
(81, 5),
(82, 17),
(82, 5),
(82, 1),
(82, 8),
(83, 7),
(83, 17),
(83, 16),
(83, 12),
(83, 13),
(83, 6),
(84, 19),
(84, 13),
(84, 2),
(84, 7),
(84, 18),
(84, 12),
(84, 17),
(85, 12),
(85, 20),
(85, 14),
(85, 10),
(86, 9),
(87, 6),
(87, 8),
(87, 4),
(88, 14),
(88, 19),
(88, 3),
(88, 8),
(88, 15),
(89, 12),
(89, 16),
(89, 10),
(89, 7),
(89, 6),
(89, 1),
(90, 9),
(90, 8),
(91, 7),
(91, 2),
(91, 9),
(92, 14),
(92, 9),
(92, 8),
(93, 1),
(93, 11),
(93, 20),
(94, 18),
(95, 7),
(95, 14),
(95, 1),
(95, 3),
(95, 4),
(95, 16),
(96, 14),
(96, 15),
(97, 8),
(97, 3),
(97, 18),
(97, 2),
(98, 15),
(99, 16),
(99, 9),
(99, 20),
(100, 20),
(101, 1),
(101, 13),
(101, 16),
(101, 5),
(102, 1),
(102, 11),
(102, 7),
(103, 20),
(103, 15),
(103, 3),
(103, 7),
(103, 1),
(103, 4),
(103, 10),
(103, 8),
(104, 19),
(104, 14),
(104, 15),
(104, 8),
(104, 1),
(104, 20),
(104, 16),
(104, 5),
(107, 15),
(107, 11),
(108, 10),
(108, 8),
(108, 19),
(108, 11),
(108, 16),
(108, 20),
(108, 12),
(109, 1),
(109, 3),
(109, 8),
(109, 7),
(109, 4),
(109, 12),
(110, 1),
(110, 7),
(110, 6),
(111, 15),
(111, 9),
(112, 20),
(113, 3),
(113, 17),
(113, 15),
(113, 20),
(114, 2),
(114, 20),
(114, 17),
(114, 5),
(115, 3),
(115, 16),
(115, 10),
(115, 12),
(115, 20),
(115, 9),
(115, 15),
(116, 17),
(116, 13),
(116, 15),
(116, 2),
(116, 14),
(116, 5),
(116, 1),
(116, 18),
(117, 5),
(117, 9),
(117, 11),
(117, 4),
(117, 15),
(117, 16),
(117, 7),
(117, 10),
(118, 14),
(119, 13),
(119, 6),
(119, 19),
(119, 16),
(119, 11),
(119, 3),
(119, 14),
(119, 17),
(120, 7),
(120, 14),
(120, 18),
(121, 16),
(121, 6),
(121, 18),
(121, 1),
(121, 5),
(121, 7),
(121, 2),
(121, 4),
(123, 17),
(123, 19),
(123, 20),
(123, 5),
(123, 16),
(123, 4),
(123, 13),
(123, 1),
(124, 16),
(124, 20),
(124, 9),
(124, 13),
(124, 10),
(124, 14),
(126, 14),
(126, 3);
INSERT INTO PUBLIC.LAWS_SUPPORTERS(LAW_MODEL_ID, SUPPORTERS_ID) VALUES
(126, 5),
(126, 15),
(126, 1),
(126, 11),
(126, 6),
(126, 19),
(127, 18),
(129, 11),
(129, 5),
(129, 2),
(129, 6),
(129, 10),
(129, 12),
(129, 14),
(130, 13),
(130, 16),
(130, 6),
(130, 4),
(130, 10),
(130, 8),
(130, 9),
(131, 8),
(131, 14),
(131, 4),
(131, 2),
(132, 6),
(132, 10),
(132, 1),
(132, 15),
(132, 14),
(132, 8),
(132, 7),
(133, 4),
(133, 9),
(133, 6),
(133, 17),
(133, 5),
(133, 18),
(134, 18),
(134, 2),
(134, 17),
(134, 19),
(134, 4),
(134, 8),
(134, 6),
(134, 20),
(136, 3),
(137, 19),
(137, 6),
(138, 2),
(138, 20),
(139, 18),
(139, 19),
(139, 11),
(140, 12),
(140, 15),
(140, 6),
(140, 11),
(140, 1),
(140, 7),
(140, 17),
(141, 16),
(141, 19),
(141, 13),
(141, 12),
(141, 5),
(141, 8),
(142, 6),
(142, 14),
(142, 16),
(142, 5),
(142, 17),
(143, 5),
(143, 17),
(143, 16),
(143, 2),
(143, 4),
(143, 12),
(143, 11),
(143, 14),
(143, 1),
(143, 7),
(144, 20),
(144, 8),
(144, 6),
(144, 5),
(144, 10),
(144, 9),
(144, 11),
(144, 3),
(144, 14),
(144, 4),
(145, 11),
(145, 1),
(145, 20),
(145, 19),
(145, 12),
(145, 6),
(145, 15),
(145, 3),
(145, 18),
(145, 9),
(146, 8),
(146, 7),
(146, 19),
(146, 11),
(146, 5),
(146, 18),
(146, 9),
(146, 17),
(146, 4),
(146, 20),
(147, 15),
(147, 2),
(147, 12),
(147, 4),
(147, 19),
(147, 6),
(147, 16),
(147, 5),
(147, 17),
(147, 13),
(148, 3),
(148, 10),
(148, 11),
(148, 7),
(148, 15),
(148, 12),
(148, 2),
(148, 19),
(148, 13),
(148, 4),
(149, 7),
(149, 17),
(149, 1),
(149, 20),
(149, 10),
(149, 9),
(149, 2),
(149, 18),
(149, 11),
(149, 3),
(150, 4),
(150, 5),
(150, 7),
(150, 9),
(150, 12),
(150, 8),
(150, 6),
(150, 17),
(150, 11),
(150, 3),
(151, 1),
(151, 12),
(151, 10),
(151, 3),
(151, 14),
(151, 13),
(151, 17),
(151, 20),
(151, 18),
(151, 7),
(152, 3),
(152, 19),
(152, 10),
(152, 9),
(152, 13),
(152, 4),
(152, 5),
(152, 14),
(152, 12),
(152, 7),
(153, 19),
(153, 14),
(153, 5),
(153, 2),
(153, 11),
(153, 7),
(153, 10),
(153, 9),
(153, 13),
(153, 6),
(154, 8),
(154, 2),
(154, 5),
(154, 14),
(154, 18),
(154, 6),
(154, 9),
(154, 4),
(154, 13),
(154, 12),
(155, 15),
(155, 16),
(155, 3),
(155, 13),
(155, 2),
(155, 20),
(155, 17),
(155, 12),
(155, 8),
(155, 4),
(156, 11),
(156, 4),
(156, 8),
(156, 15),
(156, 7),
(156, 2),
(156, 12),
(156, 20),
(156, 14),
(156, 1),
(157, 17),
(157, 15),
(157, 7),
(157, 4),
(157, 6),
(157, 12),
(157, 8),
(157, 19),
(157, 14),
(157, 9),
(158, 20),
(158, 13),
(158, 8),
(158, 7),
(158, 6),
(158, 15),
(158, 4),
(158, 11),
(158, 10),
(158, 3),
(159, 16),
(159, 5),
(159, 15),
(159, 13),
(159, 19),
(159, 2),
(159, 18),
(159, 17),
(159, 11),
(159, 4),
(160, 8),
(160, 14),
(160, 18),
(160, 6),
(160, 11),
(160, 19),
(160, 20),
(160, 12),
(160, 9),
(160, 17),
(161, 3),
(161, 9),
(161, 4),
(161, 10),
(161, 12),
(161, 5),
(161, 18),
(161, 17),
(161, 16),
(161, 1),
(162, 2),
(162, 1),
(162, 5),
(162, 16),
(162, 10),
(162, 7),
(162, 6),
(162, 3),
(162, 19),
(162, 9),
(163, 19),
(163, 7),
(163, 20),
(163, 14),
(163, 3),
(163, 4),
(163, 15),
(163, 13),
(163, 12),
(163, 17),
(164, 20),
(164, 6),
(164, 11),
(164, 2),
(164, 5),
(164, 17),
(164, 15),
(164, 10),
(164, 4),
(164, 13),
(165, 7),
(165, 1),
(165, 16),
(165, 17),
(165, 10),
(165, 5),
(165, 4),
(165, 9),
(165, 3),
(165, 19),
(166, 15),
(166, 3),
(166, 19),
(166, 2),
(166, 17),
(166, 4),
(166, 14),
(166, 10),
(166, 18),
(166, 9),
(167, 18),
(167, 16),
(167, 6),
(167, 15),
(167, 1),
(167, 13),
(167, 19),
(167, 11),
(167, 2),
(167, 14),
(168, 8),
(168, 14),
(168, 20),
(168, 1),
(168, 3),
(168, 17),
(168, 9),
(168, 6),
(168, 12),
(168, 11),
(169, 4),
(169, 10),
(169, 19),
(169, 17),
(169, 5),
(169, 13),
(169, 11),
(169, 12),
(169, 18),
(169, 6),
(170, 11),
(170, 9),
(170, 3),
(170, 8),
(170, 1),
(170, 12),
(170, 16),
(170, 6),
(170, 5),
(170, 15),
(171, 9),
(171, 1),
(171, 3),
(171, 14),
(171, 15),
(171, 13),
(171, 5),
(171, 12),
(171, 10),
(171, 17),
(172, 15),
(172, 14),
(172, 11),
(172, 4),
(172, 18),
(172, 9),
(172, 1),
(172, 7),
(172, 2),
(172, 6),
(173, 4),
(173, 13),
(173, 2),
(173, 19),
(173, 3),
(173, 6),
(173, 8),
(173, 12),
(173, 10),
(173, 7),
(174, 12);
INSERT INTO PUBLIC.LAWS_SUPPORTERS(LAW_MODEL_ID, SUPPORTERS_ID) VALUES
(174, 13),
(174, 15),
(174, 8),
(174, 3),
(174, 16),
(174, 11),
(174, 9),
(174, 5),
(174, 4),
(175, 14),
(175, 20),
(175, 4),
(175, 7),
(175, 1),
(175, 18),
(175, 11),
(175, 6),
(175, 2),
(175, 8),
(176, 10),
(176, 4),
(176, 5),
(176, 7),
(176, 11),
(176, 18),
(176, 14),
(176, 13),
(176, 19),
(176, 12),
(177, 8),
(177, 13),
(177, 14),
(177, 6),
(177, 7),
(177, 2),
(177, 18),
(177, 3),
(177, 16),
(177, 20),
(178, 11),
(178, 16),
(178, 9),
(178, 13),
(178, 19),
(178, 6),
(178, 7),
(178, 12),
(178, 15),
(178, 3),
(179, 9),
(179, 19),
(179, 3),
(179, 13),
(179, 11),
(179, 2),
(179, 7),
(179, 18),
(179, 8),
(179, 15),
(180, 19),
(180, 10),
(180, 18),
(180, 20),
(180, 3),
(180, 7),
(180, 4),
(180, 8),
(180, 14),
(180, 6),
(181, 12),
(181, 19),
(181, 13),
(181, 6),
(181, 11),
(181, 3),
(181, 5),
(181, 10),
(181, 2),
(181, 9),
(182, 10),
(182, 13),
(182, 15),
(182, 18),
(182, 2),
(182, 7),
(182, 1),
(182, 3),
(182, 12),
(182, 17),
(183, 9),
(183, 14),
(183, 5),
(183, 11),
(183, 16),
(183, 3),
(183, 6),
(183, 4),
(183, 7),
(183, 13),
(184, 18),
(184, 8),
(184, 5),
(184, 14),
(184, 20),
(184, 17),
(184, 9),
(184, 16),
(184, 10),
(184, 1),
(185, 16),
(185, 20),
(185, 14),
(185, 10),
(185, 2),
(185, 17),
(185, 3),
(185, 12),
(185, 5),
(185, 13),
(186, 7),
(186, 12),
(186, 15),
(186, 9),
(186, 19),
(186, 1),
(186, 14),
(186, 5),
(186, 18),
(186, 3),
(187, 20),
(187, 14),
(187, 18),
(187, 15),
(187, 9),
(187, 2),
(187, 16),
(187, 12),
(187, 13),
(187, 4),
(188, 18),
(188, 10),
(188, 1),
(188, 19),
(188, 5),
(188, 14),
(188, 6),
(188, 4),
(188, 11),
(188, 20),
(189, 4),
(189, 3),
(189, 2),
(189, 13),
(189, 10),
(189, 19),
(189, 14),
(189, 16),
(189, 8),
(189, 15),
(190, 18),
(190, 15),
(190, 14),
(190, 12),
(190, 20),
(190, 9),
(190, 6),
(190, 13),
(190, 19),
(190, 5),
(191, 20),
(191, 5),
(191, 7),
(191, 4),
(191, 12),
(191, 2),
(191, 8),
(191, 19),
(191, 10),
(191, 15),
(192, 2),
(192, 6),
(192, 3),
(192, 19),
(192, 5),
(192, 10),
(192, 11),
(192, 9),
(192, 18),
(192, 12),
(193, 7),
(193, 6),
(193, 12),
(193, 19),
(193, 3),
(193, 15),
(193, 10),
(193, 4),
(193, 20),
(193, 17),
(198, 20),
(198, 6),
(198, 10),
(198, 12),
(198, 18),
(198, 7),
(198, 4),
(198, 11),
(198, 9),
(198, 16),
(205, 16),
(205, 3),
(205, 11),
(205, 6),
(205, 7),
(205, 15),
(205, 17),
(205, 13),
(205, 19),
(205, 18),
(211, 15),
(211, 7),
(211, 13),
(211, 10),
(211, 6),
(211, 18),
(211, 17),
(211, 12),
(211, 4),
(211, 5),
(219, 6),
(219, 5),
(219, 10),
(219, 8),
(219, 7),
(219, 3),
(219, 9),
(219, 14),
(219, 15),
(219, 2),
(232, 15),
(232, 18),
(232, 12),
(232, 20),
(232, 1),
(232, 10),
(232, 4),
(232, 2),
(232, 9),
(232, 5),
(242, 2),
(242, 18),
(242, 6),
(242, 12),
(242, 20),
(242, 19),
(242, 4),
(242, 17),
(242, 3),
(242, 9),
(249, 8),
(249, 20),
(249, 14),
(249, 17),
(249, 2),
(249, 15),
(249, 12),
(249, 4),
(249, 9),
(249, 3),
(256, 13),
(256, 8),
(256, 19),
(256, 6),
(256, 4),
(256, 9),
(256, 1),
(256, 15),
(256, 18),
(256, 11),
(261, 10),
(261, 3),
(261, 19),
(261, 16),
(261, 8),
(261, 13),
(261, 12),
(261, 20),
(261, 1),
(261, 11),
(267, 10),
(267, 14),
(267, 5),
(267, 9),
(267, 6),
(267, 18),
(267, 12),
(267, 4),
(267, 17),
(267, 20),
(276, 14),
(276, 1),
(276, 7),
(276, 2),
(276, 9),
(276, 16),
(276, 10),
(276, 13),
(276, 6),
(276, 12),
(283, 6),
(283, 12),
(283, 2),
(283, 8),
(283, 11),
(283, 15),
(283, 10),
(283, 3),
(283, 9),
(283, 19),
(287, 1),
(287, 15),
(287, 4),
(287, 11),
(287, 20),
(287, 9),
(287, 19),
(287, 16),
(287, 13),
(287, 5),
(292, 2),
(292, 4),
(292, 15),
(292, 9),
(292, 16),
(292, 12),
(292, 3),
(292, 17),
(292, 19),
(292, 10),
(298, 8),
(298, 19),
(298, 11),
(298, 14),
(298, 1),
(298, 9),
(298, 16),
(298, 10),
(298, 3),
(298, 5),
(307, 10),
(307, 11),
(307, 13),
(307, 6),
(307, 8),
(307, 16),
(307, 14),
(307, 19),
(307, 2),
(307, 17),
(314, 9),
(314, 8),
(314, 12),
(314, 14),
(314, 10),
(314, 3),
(314, 17),
(314, 13),
(314, 16),
(314, 1),
(319, 14),
(319, 15),
(319, 2),
(319, 20),
(319, 6),
(319, 10),
(319, 18),
(319, 17),
(319, 9),
(319, 8),
(326, 7),
(326, 3),
(326, 16);
INSERT INTO PUBLIC.LAWS_SUPPORTERS(LAW_MODEL_ID, SUPPORTERS_ID) VALUES
(326, 9),
(326, 12),
(326, 20),
(326, 1),
(326, 4),
(326, 10),
(326, 8),
(347, 12),
(347, 6),
(347, 7),
(347, 10),
(347, 19),
(347, 15),
(347, 3),
(347, 9),
(347, 18),
(347, 16),
(355, 1),
(355, 2),
(355, 20),
(355, 14),
(355, 18),
(355, 6),
(355, 19),
(355, 7),
(355, 4),
(355, 13),
(363, 2),
(363, 10),
(363, 17),
(363, 14),
(363, 8),
(363, 5),
(363, 11),
(363, 15),
(363, 3),
(363, 20),
(367, 1),
(367, 18),
(367, 5),
(367, 16),
(367, 7),
(367, 14),
(367, 10),
(367, 13),
(367, 8),
(367, 19),
(374, 15),
(374, 11),
(374, 14),
(374, 12),
(374, 17),
(374, 4),
(374, 3),
(374, 16),
(374, 6),
(374, 2),
(400, 9),
(400, 10),
(400, 3),
(400, 2),
(400, 20),
(400, 4),
(400, 19),
(400, 13),
(400, 6),
(400, 18),
(400, 16),
(400, 5),
(400, 15),
(400, 14),
(400, 7),
(400, 12),
(400, 8),
(400, 17),
(401, 14),
(401, 13),
(401, 17),
(401, 8),
(401, 4),
(401, 19),
(401, 2),
(401, 10),
(401, 15),
(401, 11),
(401, 7),
(401, 5),
(401, 16),
(401, 9),
(401, 12),
(401, 18);
CREATE MEMORY TABLE PUBLIC.ONE_TIME_TOKEN(
ID BIGINT NOT NULL,
CREATED_AT TIMESTAMP NOT NULL,
UPDATED_AT TIMESTAMP NOT NULL,
TOKEN VARCHAR(255) NOT NULL,
TOKEN_TYPE INTEGER NOT NULL,
VALID_UNTIL TIMESTAMP NOT NULL,
USER_ID BIGINT NOT NULL
);
ALTER TABLE PUBLIC.ONE_TIME_TOKEN ADD CONSTRAINT PUBLIC.CONSTRAINT_4 PRIMARY KEY(ID);
-- 0 +/- SELECT COUNT(*) FROM PUBLIC.ONE_TIME_TOKEN;
CREATE MEMORY TABLE PUBLIC.POLLS(
ID BIGINT NOT NULL,
CREATED_AT TIMESTAMP NOT NULL,
UPDATED_AT TIMESTAMP NOT NULL,
DUEL_MATRIX VARCHAR(255),
STATUS INTEGER,
TITLE VARCHAR(255),
VOTING_END_AT TIMESTAMP,
VOTING_START_AT TIMESTAMP,
WINNER_ID BIGINT
);
ALTER TABLE PUBLIC.POLLS ADD CONSTRAINT PUBLIC.CONSTRAINT_48 PRIMARY KEY(ID);
-- 4 +/- SELECT COUNT(*) FROM PUBLIC.POLLS;
INSERT INTO PUBLIC.POLLS(ID, CREATED_AT, UPDATED_AT, DUEL_MATRIX, STATUS, TITLE, VOTING_END_AT, VOTING_START_AT, WINNER_ID) VALUES
(241, TIMESTAMP '2019-10-18 09:54:53.486', TIMESTAMP '2019-10-18 09:54:53.486', '', 0, 'Poll from TestDataCreator 3346', TIMESTAMP '2019-11-22 00:00:00', TIMESTAMP '2019-11-08 00:00:00', NULL),
(275, TIMESTAMP '2019-10-10 09:54:53.689', TIMESTAMP '2019-10-25 09:54:53.72', '', 1, 'Poll in voting phase 3705', TIMESTAMP '2019-11-07 00:00:00', TIMESTAMP '2019-10-24 09:54:53.705', NULL),
(306, TIMESTAMP '2019-10-10 09:54:53.908', TIMESTAMP '2019-10-25 09:54:59.355', '[]', 1, 'Poll in voting phase 3924', TIMESTAMP '2019-11-07 00:00:00', TIMESTAMP '2019-10-24 09:54:53.924', NULL),
(354, TIMESTAMP '2019-09-22 09:54:59.559', TIMESTAMP '2019-10-25 09:55:03.152', '[[0,10,6,9,6],[6,0,6,4,8],[9,10,0,8,8],[7,11,8,0,6],[10,8,8,10,0]]', 2, 'Finished Poll 9559', TIMESTAMP '2019-10-25 09:55:03.121', TIMESTAMP '2019-10-06 09:54:59.559', 347);
CREATE MEMORY TABLE PUBLIC.USERS(
ID BIGINT NOT NULL,
CREATED_AT TIMESTAMP NOT NULL,
UPDATED_AT TIMESTAMP NOT NULL,
EMAIL VARCHAR(255) NOT NULL,
LAST_LOGIN TIMESTAMP,
MOBILEPHONE VARCHAR(255),
NAME VARCHAR(255),
PICTURE VARCHAR(255),
WEBSITE VARCHAR(255)
);
ALTER TABLE PUBLIC.USERS ADD CONSTRAINT PUBLIC.CONSTRAINT_4D PRIMARY KEY(ID);
-- 20 +/- SELECT COUNT(*) FROM PUBLIC.USERS;
INSERT INTO PUBLIC.USERS(ID, CREATED_AT, UPDATED_AT, EMAIL, LAST_LOGIN, MOBILEPHONE, NAME, PICTURE, WEBSITE) VALUES
(1, TIMESTAMP '2019-10-25 09:54:45.253', TIMESTAMP '2019-10-25 09:54:45.253', 'testuser1@liquido.de', NULL, '+49123451', 'Donald Duck', '/static/img/photos/1.png', 'http://www.liquido.de'),
(2, TIMESTAMP '2019-10-25 09:54:45.303', TIMESTAMP '2019-10-25 09:54:45.303', 'testuser2@liquido.de', NULL, '+49123452', 'Test User2', '/static/img/photos/2.png', 'http://www.liquido.de'),
(3, TIMESTAMP '2019-10-25 09:54:45.303', TIMESTAMP '2019-10-25 09:54:45.303', 'testuser3@liquido.de', NULL, '+49123453', 'Test User3', '/static/img/photos/3.png', 'http://www.liquido.de'),
(4, TIMESTAMP '2019-10-25 09:54:45.313', TIMESTAMP '2019-10-25 09:54:45.313', 'testuser4@liquido.de', NULL, '+49123454', 'Test User4', '/static/img/photos/1.png', 'http://www.liquido.de'),
(5, TIMESTAMP '2019-10-25 09:54:45.313', TIMESTAMP '2019-10-25 09:54:45.313', 'testuser5@liquido.de', NULL, '+49123455', 'Test User5', '/static/img/photos/2.png', 'http://www.liquido.de'),
(6, TIMESTAMP '2019-10-25 09:54:45.313', TIMESTAMP '2019-10-25 09:54:45.313', 'testuser6@liquido.de', NULL, '+49123456', 'Test User6', '/static/img/photos/3.png', 'http://www.liquido.de'),
(7, TIMESTAMP '2019-10-25 09:54:45.324', TIMESTAMP '2019-10-25 09:54:45.324', 'testuser7@liquido.de', NULL, '+49123457', 'Test User7', '/static/img/photos/1.png', 'http://www.liquido.de'),
(8, TIMESTAMP '2019-10-25 09:54:45.324', TIMESTAMP '2019-10-25 09:54:45.324', 'testuser8@liquido.de', NULL, '+49123458', 'Test User8', '/static/img/photos/2.png', 'http://www.liquido.de'),
(9, TIMESTAMP '2019-10-25 09:54:45.324', TIMESTAMP '2019-10-25 09:54:45.324', 'testuser9@liquido.de', NULL, '+49123459', 'Test User9', '/static/img/photos/3.png', 'http://www.liquido.de'),
(10, TIMESTAMP '2019-10-25 09:54:45.334', TIMESTAMP '2019-10-25 09:54:45.334', 'testuser10@liquido.de', NULL, '+491234510', 'Test User10', '/static/img/photos/1.png', 'http://www.liquido.de'),
(11, TIMESTAMP '2019-10-25 09:54:45.334', TIMESTAMP '2019-10-25 09:54:45.334', 'testuser11@liquido.de', NULL, '+491234511', 'Test User11', '/static/img/photos/2.png', 'http://www.liquido.de'),
(12, TIMESTAMP '2019-10-25 09:54:45.334', TIMESTAMP '2019-10-25 09:54:45.334', 'testuser12@liquido.de', NULL, '+491234512', 'Test User12', '/static/img/photos/3.png', 'http://www.liquido.de'),
(13, TIMESTAMP '2019-10-25 09:54:45.342', TIMESTAMP '2019-10-25 09:54:45.342', 'testuser13@liquido.de', NULL, '+491234513', 'Test User13', '/static/img/photos/1.png', 'http://www.liquido.de'),
(14, TIMESTAMP '2019-10-25 09:54:45.344', TIMESTAMP '2019-10-25 09:54:45.344', 'testuser14@liquido.de', NULL, '+491234514', 'Test User14', '/static/img/photos/2.png', 'http://www.liquido.de'),
(15, TIMESTAMP '2019-10-25 09:54:45.344', TIMESTAMP '2019-10-25 09:54:45.344', 'testuser15@liquido.de', NULL, '+491234515', 'Test User15', '/static/img/photos/3.png', 'http://www.liquido.de'),
(16, TIMESTAMP '2019-10-25 09:54:45.354', TIMESTAMP '2019-10-25 09:54:45.354', 'testuser16@liquido.de', NULL, '+491234516', 'Test User16', '/static/img/photos/1.png', 'http://www.liquido.de'),
(17, TIMESTAMP '2019-10-25 09:54:45.354', TIMESTAMP '2019-10-25 09:54:45.354', 'testuser17@liquido.de', NULL, '+491234517', 'Test User17', '/static/img/photos/2.png', 'http://www.liquido.de'),
(18, TIMESTAMP '2019-10-25 09:54:45.354', TIMESTAMP '2019-10-25 09:54:45.354', 'testuser18@liquido.de', NULL, '+491234518', 'Test User18', '/static/img/photos/3.png', 'http://www.liquido.de'),
(19, TIMESTAMP '2019-10-25 09:54:45.362', TIMESTAMP '2019-10-25 09:54:45.362', 'testuser19@liquido.de', NULL, '+491234519', 'Test User19', '/static/img/photos/1.png', 'http://www.liquido.de'),
(20, TIMESTAMP '2019-10-25 09:54:45.364', TIMESTAMP '2019-10-25 09:54:45.364', 'testuser20@liquido.de', NULL, '+491234520', 'Test User20', '/static/img/photos/2.png', 'http://www.liquido.de');
-- 0 +/- SELECT COUNT(*) FROM PUBLIC.QRTZ_CALENDARS;
-- 0 +/- SELECT COUNT(*) FROM PUBLIC.QRTZ_CRON_TRIGGERS;
-- 0 +/- SELECT COUNT(*) FROM PUBLIC.QRTZ_FIRED_TRIGGERS;
-- 0 +/- SELECT COUNT(*) FROM PUBLIC.QRTZ_PAUSED_TRIGGER_GRPS;
-- 0 +/- SELECT COUNT(*) FROM PUBLIC.QRTZ_SCHEDULER_STATE;
-- 0 +/- SELECT COUNT(*) FROM PUBLIC.QRTZ_LOCKS;
-- 0 +/- SELECT COUNT(*) FROM PUBLIC.QRTZ_JOB_DETAILS;
-- 0 +/- SELECT COUNT(*) FROM PUBLIC.QRTZ_SIMPLE_TRIGGERS;
-- 0 +/- SELECT COUNT(*) FROM PUBLIC.QRTZ_SIMPROP_TRIGGERS;
-- 0 +/- SELECT COUNT(*) FROM PUBLIC.QRTZ_BLOB_TRIGGERS;
-- 0 +/- SELECT COUNT(*) FROM PUBLIC.QRTZ_TRIGGERS;
ALTER TABLE PUBLIC.AREAS ADD CONSTRAINT PUBLIC.UK_P61HNJ1M450KNDUSCXOLDCHFJ UNIQUE(TITLE);
ALTER TABLE PUBLIC.KEY_VALUE ADD CONSTRAINT PUBLIC.UK_8TE0DHIEXEOWA1RGVA302TO1L UNIQUE(KEY_COL);
ALTER TABLE PUBLIC.USERS ADD CONSTRAINT PUBLIC.UK_6DOTKOTT2KJSP8VW4D0M25FB7 UNIQUE(EMAIL);
ALTER TABLE PUBLIC.LAWS ADD CONSTRAINT PUBLIC.UK_BS516OPV3HONTPTWVPIOOS72B UNIQUE(TITLE);
ALTER TABLE PUBLIC.DELEGATIONS ADD CONSTRAINT PUBLIC.UK2WYH7POIF8NPDWLUR8DFORD0J UNIQUE(AREA_ID, FROM_USER_ID);
ALTER TABLE PUBLIC.LAWS_COMMENTS ADD CONSTRAINT PUBLIC.UK_OF3YV6X3MAHJPHJBJE5XHRXC8 UNIQUE(COMMENTS_ID);
ALTER TABLE PUBLIC.BALLOTS ADD CONSTRAINT PUBLIC.UKHWWEPK8N3CE54LEREWX2FMYXF UNIQUE(POLL_ID, CHECKSUM);
ALTER TABLE PUBLIC.USERS ADD CONSTRAINT PUBLIC.UK_70QE9WOFM8UJ2PEANWKPHERRM UNIQUE(MOBILEPHONE);
ALTER TABLE PUBLIC.CHECKSUMS ADD CONSTRAINT PUBLIC.UKL0XNKLNHLK4PTWSU9B0QXTYBN UNIQUE(AREA_ID, PUBLIC_PROXY_ID);
ALTER TABLE PUBLIC.AREAS ADD CONSTRAINT PUBLIC.FKP9N0U4HM2Q1O7V0068C8GD4EL FOREIGN KEY(CREATED_BY_ID) REFERENCES PUBLIC.USERS(ID) NOCHECK;
ALTER TABLE PUBLIC.DELEGATIONS ADD CONSTRAINT PUBLIC.FK1Y1R0D478R9NTDMUIYKKUHADV FOREIGN KEY(REQUESTED_DELEGATION_FROM_CHECKSUM_CHECKSUM) REFERENCES PUBLIC.CHECKSUMS(CHECKSUM) NOCHECK;
ALTER TABLE PUBLIC.DELEGATIONS ADD CONSTRAINT PUBLIC.FKSWBDEOVC7HSQ5EX30PBMDU9D4 FOREIGN KEY(AREA_ID) REFERENCES PUBLIC.AREAS(ID) NOCHECK;
ALTER TABLE PUBLIC.LAWS ADD CONSTRAINT PUBLIC.FK4QUHD81MM84X6RQ0CCBXSEYXX FOREIGN KEY(POLL_ID) REFERENCES PUBLIC.POLLS(ID) NOCHECK;
ALTER TABLE PUBLIC.LAWS_SUPPORTERS ADD CONSTRAINT PUBLIC.FK9B4I87YIKUCHRIRFJAYMGOHE3 FOREIGN KEY(LAW_MODEL_ID) REFERENCES PUBLIC.LAWS(ID) NOCHECK;
ALTER TABLE PUBLIC.BALLOTS ADD CONSTRAINT PUBLIC.FKOG7SHPLJ1CCOH8N9AO4Y16LQ3 FOREIGN KEY(POLL_ID) REFERENCES PUBLIC.POLLS(ID) NOCHECK;
ALTER TABLE PUBLIC.COMMENTS_DOWN_VOTERS ADD CONSTRAINT PUBLIC.FK62ILAC17TG4CPKRHEONUD72HV FOREIGN KEY(DOWN_VOTERS_ID) REFERENCES PUBLIC.USERS(ID) NOCHECK;
ALTER TABLE PUBLIC.CHECKSUMS ADD CONSTRAINT PUBLIC.FKDFLPSE9FSOGY1FMFDY2W79RG FOREIGN KEY(DELEGATED_TO_CHECKSUM) REFERENCES PUBLIC.CHECKSUMS(CHECKSUM) NOCHECK;
ALTER TABLE PUBLIC.BALLOTS_VOTE_ORDER ADD CONSTRAINT PUBLIC.FKIH6THEWVJEH3OW9DL1YTJ9AWB FOREIGN KEY(BALLOT_MODEL_ID) REFERENCES PUBLIC.BALLOTS(ID) NOCHECK;
ALTER TABLE PUBLIC.COMMENTS ADD CONSTRAINT PUBLIC.FK7PUWBWE4YL8B2O32R798UW8Q7 FOREIGN KEY(PROPOSAL_ID) REFERENCES PUBLIC.LAWS(ID) NOCHECK;
ALTER TABLE PUBLIC.CHECKSUMS ADD CONSTRAINT PUBLIC.FK68FTLVL0MWTVOQD3BFUPP0XRG FOREIGN KEY(PUBLIC_PROXY_ID) REFERENCES PUBLIC.USERS(ID) NOCHECK;
ALTER TABLE PUBLIC.LAWS ADD CONSTRAINT PUBLIC.FKTR1PLL46Q50SHWBFFYIYUAVGN FOREIGN KEY(CREATED_BY_ID) REFERENCES PUBLIC.USERS(ID) NOCHECK;
ALTER TABLE PUBLIC.ONE_TIME_TOKEN ADD CONSTRAINT PUBLIC.FK4O21XT1RMRICB3EA4TO5NKR8D FOREIGN KEY(USER_ID) REFERENCES PUBLIC.USERS(ID) NOCHECK;
ALTER TABLE PUBLIC.BALLOTS_VOTE_ORDER ADD CONSTRAINT PUBLIC.FKOWD5MAD84QVWGST43698A6GX5 FOREIGN KEY(VOTE_ORDER_ID) REFERENCES PUBLIC.LAWS(ID) NOCHECK;
ALTER TABLE PUBLIC.COMMENTS ADD CONSTRAINT PUBLIC.FKAKKM6QFYDU7VGNFNE1YO0XMED FOREIGN KEY(CREATED_BY_ID) REFERENCES PUBLIC.USERS(ID) NOCHECK;
ALTER TABLE PUBLIC.DELEGATIONS ADD CONSTRAINT PUBLIC.FK21A6LG8FU2JS6E0JU41WJ2GQP FOREIGN KEY(TO_PROXY_ID) REFERENCES PUBLIC.USERS(ID) NOCHECK;
ALTER TABLE PUBLIC.LAWS_COMMENTS ADD CONSTRAINT PUBLIC.FK36FBKIUITRV0YRVY8S0IG46IX FOREIGN KEY(LAW_MODEL_ID) REFERENCES PUBLIC.LAWS(ID) NOCHECK;
ALTER TABLE PUBLIC.POLLS ADD CONSTRAINT PUBLIC.FKQADOVSMQ4UOK58SP9HKHWJQIS FOREIGN KEY(WINNER_ID) REFERENCES PUBLIC.LAWS(ID) NOCHECK;
ALTER TABLE PUBLIC.DELEGATIONS ADD CONSTRAINT PUBLIC.FK9KOYA2MI6T18VF7U1FROBKNIQ FOREIGN KEY(FROM_USER_ID) REFERENCES PUBLIC.USERS(ID) NOCHECK;
ALTER TABLE PUBLIC.BALLOTS ADD CONSTRAINT PUBLIC.FK1RRV2WY16UQONFL9CR1CQG2XD FOREIGN KEY(CHECKSUM) REFERENCES PUBLIC.CHECKSUMS(CHECKSUM) NOCHECK;
ALTER TABLE PUBLIC.LAWS ADD CONSTRAINT PUBLIC.FK9VIQDJ5LDUN0AHWQDFF1WUY39 FOREIGN KEY(AREA_ID) REFERENCES PUBLIC.AREAS(ID) NOCHECK;
ALTER TABLE PUBLIC.LAWS_COMMENTS ADD CONSTRAINT PUBLIC.FKFL0Y4QFVFPF9YNMMFJ0JEVXFF FOREIGN KEY(COMMENTS_ID) REFERENCES PUBLIC.COMMENTS(ID) NOCHECK;
ALTER TABLE PUBLIC.COMMENTS_UP_VOTERS ADD CONSTRAINT PUBLIC.FKEUURM027PDC4L5A9G9O2L0UYD FOREIGN KEY(UP_VOTERS_ID) REFERENCES PUBLIC.USERS(ID) NOCHECK;
ALTER TABLE PUBLIC.COMMENTS ADD CONSTRAINT PUBLIC.FKLRI30OKF66PHTCGBE5POK7CC0 FOREIGN KEY(PARENT_ID) REFERENCES PUBLIC.COMMENTS(ID) NOCHECK;
ALTER TABLE PUBLIC.COMMENTS_UP_VOTERS ADD CONSTRAINT PUBLIC.FK8LS8T571Y99VTTW1MDKEBXAGP FOREIGN KEY(COMMENT_MODEL_ID) REFERENCES PUBLIC.COMMENTS(ID) NOCHECK;
ALTER TABLE PUBLIC.LAWS_SUPPORTERS ADD CONSTRAINT PUBLIC.FKK8MVJC4RQ970OJAVYFIA9BQVE FOREIGN KEY(SUPPORTERS_ID) REFERENCES PUBLIC.USERS(ID) NOCHECK;
ALTER TABLE PUBLIC.COMMENTS_DOWN_VOTERS ADD CONSTRAINT PUBLIC.FKJYMYJ54LENHS4KE6MYQHLY72 FOREIGN KEY(COMMENT_MODEL_ID) REFERENCES PUBLIC.COMMENTS(ID) NOCHECK;
ALTER TABLE PUBLIC.CHECKSUMS ADD CONSTRAINT PUBLIC.FKLLW57XBW0D67OPTMWFMU3P2PC FOREIGN KEY(AREA_ID) REFERENCES PUBLIC.AREAS(ID) NOCHECK;
