SET DB_CLOSE_DELAY -1;
;
CREATE USER IF NOT EXISTS SA SALT '3cc1379385977974' HASH '9ad9aa711d7815826325d1a2a2267022b4125a229688a217ca310486e4bb92ae' ADMIN;
CREATE SEQUENCE PUBLIC.HIBERNATE_SEQUENCE START WITH 387;
CREATE MEMORY TABLE PUBLIC.AREAS(
ID BIGINT NOT NULL,
CREATED_AT TIMESTAMP NOT NULL,
UPDATED_AT TIMESTAMP NOT NULL,
DESCRIPTION VARCHAR(255) NOT NULL,
TITLE VARCHAR(255) NOT NULL,
CREATED_BY_ID BIGINT NOT NULL
);
ALTER TABLE PUBLIC.AREAS ADD CONSTRAINT PUBLIC.CONSTRAINT_3 PRIMARY KEY(ID);
-- 10 +/- SELECT COUNT(*) FROM PUBLIC.AREAS;
INSERT INTO PUBLIC.AREAS(ID, CREATED_AT, UPDATED_AT, DESCRIPTION, TITLE, CREATED_BY_ID) VALUES
(21, TIMESTAMP '2019-01-06 12:36:58.803', TIMESTAMP '2019-01-06 12:36:58.803', 'Nice description for test area #0', 'Area 0', 1),
(22, TIMESTAMP '2019-01-06 12:36:58.806', TIMESTAMP '2019-01-06 12:36:58.806', 'Nice description for test area #1', 'Area 1', 1),
(23, TIMESTAMP '2019-01-06 12:36:58.812', TIMESTAMP '2019-01-06 12:36:58.812', 'Nice description for test area #2', 'Area 2', 1),
(24, TIMESTAMP '2019-01-06 12:36:58.82', TIMESTAMP '2019-01-06 12:36:58.82', 'Nice description for test area #3', 'Area 3', 1),
(25, TIMESTAMP '2019-01-06 12:36:58.827', TIMESTAMP '2019-01-06 12:36:58.827', 'Nice description for test area #4', 'Area 4', 1),
(26, TIMESTAMP '2019-01-06 12:36:58.832', TIMESTAMP '2019-01-06 12:36:58.832', 'Nice description for test area #5', 'Area 5', 1),
(27, TIMESTAMP '2019-01-06 12:36:58.838', TIMESTAMP '2019-01-06 12:36:58.838', 'Nice description for test area #6', 'Area 6', 1),
(28, TIMESTAMP '2019-01-06 12:36:58.842', TIMESTAMP '2019-01-06 12:36:58.842', 'Nice description for test area #7', 'Area 7', 1),
(29, TIMESTAMP '2019-01-06 12:36:58.848', TIMESTAMP '2019-01-06 12:36:58.848', 'Nice description for test area #8', 'Area 8', 1),
(30, TIMESTAMP '2019-01-06 12:36:58.855', TIMESTAMP '2019-01-06 12:36:58.855', 'Nice description for test area #9', 'Area 9', 1);
CREATE MEMORY TABLE PUBLIC.BALLOTS(
ID BIGINT NOT NULL,
LEVEL INTEGER NOT NULL,
VOTE_COUNT BIGINT NOT NULL,
CHECKSUM VARCHAR(255) NOT NULL,
POLL_ID BIGINT NOT NULL
);
ALTER TABLE PUBLIC.BALLOTS ADD CONSTRAINT PUBLIC.CONSTRAINT_1 PRIMARY KEY(ID);
-- 32 +/- SELECT COUNT(*) FROM PUBLIC.BALLOTS;
INSERT INTO PUBLIC.BALLOTS(ID, LEVEL, VOTE_COUNT, CHECKSUM, POLL_ID) VALUES
(317, 0, 1, '$2a$10$1IdrGrRAN2Wp3U7QI.JIzuuViLszDdeyBQZ4QNjYJJWIYI5M2O3G2', 288),
(318, 0, 1, '$2a$10$1IdrGrRAN2Wp3U7QI.JIzuDl5QTomD0jkJDoG.VH7LgF6BaMi7mUu', 288),
(319, 0, 4, '$2a$10$1IdrGrRAN2Wp3U7QI.JIzumrB8gg15WYrl/9Od2a/lKdcXxyoRqYe', 288),
(320, 0, 1, '$2a$10$1IdrGrRAN2Wp3U7QI.JIzu0U7xajdi9.MlI8tTpf7ZVQmMn3XTPaq', 288),
(321, 0, 1, '$2a$10$1IdrGrRAN2Wp3U7QI.JIzuA2amXnXPKlVvjlg62SZ08/U45S1krWS', 288),
(322, 0, 1, '$2a$10$1IdrGrRAN2Wp3U7QI.JIzuQi87d/P3rgtaiDqqegSB4vu2sByXkly', 288),
(323, 0, 2, '$2a$10$1IdrGrRAN2Wp3U7QI.JIzumF7aPaiUyhTd0m56K/SiA71ec5pLFu2', 288),
(324, 1, 1, '$2a$10$1IdrGrRAN2Wp3U7QI.JIzu9jY7URudOBmsrn4SD7Sp2bRAti6ztwK', 288),
(325, 0, 1, '$2a$10$1IdrGrRAN2Wp3U7QI.JIzuaW/fGb8Z2mJgsKxYwe5.NrtAFNxSQVS', 288),
(326, 0, 1, '$2a$10$1IdrGrRAN2Wp3U7QI.JIzuWb3cSZmVC9yx83VYQxwLFYSL5g8IoRy', 288),
(327, 0, 1, '$2a$10$1IdrGrRAN2Wp3U7QI.JIzuaXivFiTa4cwzBq6IwpHyvmd9OIEIHwW', 288),
(328, 0, 1, '$2a$10$1IdrGrRAN2Wp3U7QI.JIzuYTSKjBSu3cADo/STK5moSHUhn6NKcyS', 288),
(329, 0, 1, '$2a$10$1IdrGrRAN2Wp3U7QI.JIzuYun6DCp3DqD0HkMSxupTiHcONZRP0YC', 288),
(330, 0, 1, '$2a$10$1IdrGrRAN2Wp3U7QI.JIzuj/DUpsANoEk4usC10lyWBvgCY2jpdQ6', 288),
(331, 0, 1, '$2a$10$1IdrGrRAN2Wp3U7QI.JIzukT2e4dWh2jhcsPdh.C5JEqMyz08zCoa', 288),
(332, 0, 1, '$2a$10$1IdrGrRAN2Wp3U7QI.JIzuRe9KBAxYEu.ylAyhV50ek90rELSRGqG', 288),
(369, 0, 1, '$2a$10$1IdrGrRAN2Wp3U7QI.JIzuuViLszDdeyBQZ4QNjYJJWIYI5M2O3G2', 340),
(370, 0, 1, '$2a$10$1IdrGrRAN2Wp3U7QI.JIzuDl5QTomD0jkJDoG.VH7LgF6BaMi7mUu', 340),
(371, 0, 4, '$2a$10$1IdrGrRAN2Wp3U7QI.JIzumrB8gg15WYrl/9Od2a/lKdcXxyoRqYe', 340),
(372, 0, 1, '$2a$10$1IdrGrRAN2Wp3U7QI.JIzu0U7xajdi9.MlI8tTpf7ZVQmMn3XTPaq', 340),
(373, 0, 1, '$2a$10$1IdrGrRAN2Wp3U7QI.JIzuA2amXnXPKlVvjlg62SZ08/U45S1krWS', 340),
(374, 0, 1, '$2a$10$1IdrGrRAN2Wp3U7QI.JIzuQi87d/P3rgtaiDqqegSB4vu2sByXkly', 340),
(375, 0, 2, '$2a$10$1IdrGrRAN2Wp3U7QI.JIzumF7aPaiUyhTd0m56K/SiA71ec5pLFu2', 340),
(376, 1, 1, '$2a$10$1IdrGrRAN2Wp3U7QI.JIzu9jY7URudOBmsrn4SD7Sp2bRAti6ztwK', 340),
(377, 0, 1, '$2a$10$1IdrGrRAN2Wp3U7QI.JIzuaW/fGb8Z2mJgsKxYwe5.NrtAFNxSQVS', 340),
(378, 0, 1, '$2a$10$1IdrGrRAN2Wp3U7QI.JIzuWb3cSZmVC9yx83VYQxwLFYSL5g8IoRy', 340),
(379, 0, 1, '$2a$10$1IdrGrRAN2Wp3U7QI.JIzuaXivFiTa4cwzBq6IwpHyvmd9OIEIHwW', 340),
(380, 0, 1, '$2a$10$1IdrGrRAN2Wp3U7QI.JIzuYTSKjBSu3cADo/STK5moSHUhn6NKcyS', 340),
(381, 0, 1, '$2a$10$1IdrGrRAN2Wp3U7QI.JIzuYun6DCp3DqD0HkMSxupTiHcONZRP0YC', 340),
(382, 0, 1, '$2a$10$1IdrGrRAN2Wp3U7QI.JIzuj/DUpsANoEk4usC10lyWBvgCY2jpdQ6', 340),
(383, 0, 1, '$2a$10$1IdrGrRAN2Wp3U7QI.JIzukT2e4dWh2jhcsPdh.C5JEqMyz08zCoa', 340),
(384, 0, 1, '$2a$10$1IdrGrRAN2Wp3U7QI.JIzuRe9KBAxYEu.ylAyhV50ek90rELSRGqG', 340);
CREATE MEMORY TABLE PUBLIC.BALLOTS_VOTE_ORDER(
BALLOT_MODEL_ID BIGINT NOT NULL,
VOTE_ORDER_ID BIGINT NOT NULL,
VOTE_ORDER_ORDER INTEGER NOT NULL
);
ALTER TABLE PUBLIC.BALLOTS_VOTE_ORDER ADD CONSTRAINT PUBLIC.CONSTRAINT_5 PRIMARY KEY(BALLOT_MODEL_ID, VOTE_ORDER_ORDER);
-- 140 +/- SELECT COUNT(*) FROM PUBLIC.BALLOTS_VOTE_ORDER;
INSERT INTO PUBLIC.BALLOTS_VOTE_ORDER(BALLOT_MODEL_ID, VOTE_ORDER_ID, VOTE_ORDER_ORDER) VALUES
(317, 281, 0),
(317, 289, 1),
(317, 296, 2),
(317, 303, 3),
(317, 310, 4),
(318, 296, 0),
(318, 310, 1),
(318, 303, 2),
(318, 289, 3),
(318, 281, 4),
(319, 289, 0),
(319, 281, 1),
(319, 303, 2),
(319, 310, 3),
(323, 289, 0),
(323, 296, 1),
(323, 303, 2),
(323, 281, 3),
(324, 289, 0),
(324, 296, 1),
(324, 303, 2),
(324, 281, 3),
(325, 289, 0),
(325, 296, 1),
(325, 303, 2),
(325, 310, 3),
(325, 281, 4),
(320, 303, 0),
(320, 289, 1),
(320, 296, 2),
(320, 281, 3),
(321, 289, 0),
(321, 296, 1),
(321, 303, 2),
(321, 281, 3),
(321, 310, 4),
(326, 289, 0),
(326, 310, 1),
(326, 296, 2),
(326, 303, 3),
(327, 310, 0),
(327, 303, 1),
(327, 296, 2),
(327, 289, 3),
(327, 281, 4),
(328, 310, 0),
(328, 281, 1),
(328, 303, 2),
(328, 296, 3),
(328, 289, 4),
(329, 296, 0),
(329, 289, 1),
(329, 281, 2),
(329, 310, 3),
(329, 303, 4),
(330, 281, 0),
(330, 289, 1),
(330, 303, 2),
(330, 310, 3),
(330, 296, 4),
(331, 296, 0),
(331, 310, 1),
(331, 281, 2),
(331, 289, 3),
(332, 303, 0),
(332, 296, 1),
(332, 281, 2),
(332, 289, 3),
(332, 310, 4),
(322, 281, 0),
(322, 303, 1),
(322, 310, 2),
(322, 289, 3),
(369, 333, 0),
(369, 362, 1),
(369, 348, 2),
(369, 341, 3),
(370, 333, 0),
(370, 348, 1),
(370, 355, 2),
(370, 341, 3),
(370, 362, 4),
(371, 362, 0),
(371, 355, 1),
(371, 333, 2),
(371, 348, 3),
(371, 341, 4),
(375, 362, 0),
(375, 355, 1),
(375, 341, 2),
(375, 333, 3),
(376, 362, 0),
(376, 355, 1),
(376, 341, 2),
(376, 333, 3),
(377, 348, 0),
(377, 341, 1),
(377, 355, 2),
(377, 362, 3),
(372, 355, 0),
(372, 348, 1),
(372, 341, 2),
(372, 333, 3),
(373, 362, 0),
(373, 355, 1),
(373, 348, 2),
(373, 341, 3),
(373, 333, 4),
(378, 341, 0),
(378, 362, 1),
(378, 355, 2),
(378, 348, 3),
(379, 355, 0),
(379, 348, 1),
(379, 341, 2),
(380, 333, 0),
(380, 341, 1),
(380, 362, 2),
(381, 341, 0),
(381, 333, 1),
(381, 348, 2),
(381, 362, 3),
(382, 362, 0),
(382, 355, 1),
(382, 348, 2),
(382, 341, 3),
(382, 333, 4),
(383, 362, 0),
(383, 355, 1),
(383, 348, 2),
(383, 341, 3),
(383, 333, 4),
(384, 362, 0),
(384, 341, 1),
(384, 333, 2),
(374, 348, 0),
(374, 355, 1),
(374, 333, 2),
(374, 362, 3),
(374, 341, 4);
CREATE MEMORY TABLE PUBLIC.CHECKSUMS(
CHECKSUM VARCHAR(255) NOT NULL,
EXPIRES_AT TIMESTAMP,
TRANSITIVE BOOLEAN NOT NULL,
AREA_ID BIGINT,
DELEGATED_TO_CHECKSUM VARCHAR(255),
PUBLIC_PROXY_ID BIGINT
);
ALTER TABLE PUBLIC.CHECKSUMS ADD CONSTRAINT PUBLIC.CONSTRAINT_B PRIMARY KEY(CHECKSUM);
-- 18 +/- SELECT COUNT(*) FROM PUBLIC.CHECKSUMS;
INSERT INTO PUBLIC.CHECKSUMS(CHECKSUM, EXPIRES_AT, TRANSITIVE, AREA_ID, DELEGATED_TO_CHECKSUM, PUBLIC_PROXY_ID) VALUES
('$2a$10$1IdrGrRAN2Wp3U7QI.JIzueyGOu7FMMyyMJw3bvzEU2elpOrru8sy', TIMESTAMP '2019-01-07 12:37:03.37', TRUE, 21, NULL, 1),
('$2a$10$1IdrGrRAN2Wp3U7QI.JIzu9jY7URudOBmsrn4SD7Sp2bRAti6ztwK', TIMESTAMP '2019-01-07 12:37:04.956', TRUE, 21, '$2a$10$1IdrGrRAN2Wp3U7QI.JIzumF7aPaiUyhTd0m56K/SiA71ec5pLFu2', 6),
('$2a$10$1IdrGrRAN2Wp3U7QI.JIzuIvB5fBvUb/y3tpzb1Xahzu9k87H3HZ.', TIMESTAMP '2019-01-07 12:37:05.113', TRUE, 21, '$2a$10$1IdrGrRAN2Wp3U7QI.JIzueyGOu7FMMyyMJw3bvzEU2elpOrru8sy', 4),
('$2a$10$1IdrGrRAN2Wp3U7QI.JIzuuViLszDdeyBQZ4QNjYJJWIYI5M2O3G2', TIMESTAMP '2019-01-07 12:37:14.487', TRUE, 21, NULL, 13),
('$2a$10$1IdrGrRAN2Wp3U7QI.JIzuDl5QTomD0jkJDoG.VH7LgF6BaMi7mUu', TIMESTAMP '2019-01-07 12:37:14.729', TRUE, 21, NULL, 15),
('$2a$10$1IdrGrRAN2Wp3U7QI.JIzumrB8gg15WYrl/9Od2a/lKdcXxyoRqYe', TIMESTAMP '2019-01-07 12:37:14.974', TRUE, 21, '$2a$10$1IdrGrRAN2Wp3U7QI.JIzuIvB5fBvUb/y3tpzb1Xahzu9k87H3HZ.', 7),
('$2a$10$1IdrGrRAN2Wp3U7QI.JIzumF7aPaiUyhTd0m56K/SiA71ec5pLFu2', TIMESTAMP '2019-01-07 12:37:15.225', TRUE, 21, '$2a$10$1IdrGrRAN2Wp3U7QI.JIzueyGOu7FMMyyMJw3bvzEU2elpOrru8sy', 3),
('$2a$10$1IdrGrRAN2Wp3U7QI.JIzuaW/fGb8Z2mJgsKxYwe5.NrtAFNxSQVS', TIMESTAMP '2019-01-07 12:37:15.473', TRUE, 21, NULL, 5),
('$2a$10$1IdrGrRAN2Wp3U7QI.JIzu0U7xajdi9.MlI8tTpf7ZVQmMn3XTPaq', TIMESTAMP '2019-01-07 12:37:15.714', TRUE, 21, '$2a$10$1IdrGrRAN2Wp3U7QI.JIzumrB8gg15WYrl/9Od2a/lKdcXxyoRqYe', 10),
('$2a$10$1IdrGrRAN2Wp3U7QI.JIzuA2amXnXPKlVvjlg62SZ08/U45S1krWS', TIMESTAMP '2019-01-07 12:37:15.958', TRUE, 21, '$2a$10$1IdrGrRAN2Wp3U7QI.JIzumrB8gg15WYrl/9Od2a/lKdcXxyoRqYe', 11),
('$2a$10$1IdrGrRAN2Wp3U7QI.JIzuWb3cSZmVC9yx83VYQxwLFYSL5g8IoRy', TIMESTAMP '2019-01-07 12:37:16.211', TRUE, 21, '$2a$10$1IdrGrRAN2Wp3U7QI.JIzueyGOu7FMMyyMJw3bvzEU2elpOrru8sy', NULL),
('$2a$10$1IdrGrRAN2Wp3U7QI.JIzuaXivFiTa4cwzBq6IwpHyvmd9OIEIHwW', TIMESTAMP '2019-01-07 12:37:16.452', TRUE, 21, NULL, 9),
('$2a$10$1IdrGrRAN2Wp3U7QI.JIzuYTSKjBSu3cADo/STK5moSHUhn6NKcyS', TIMESTAMP '2019-01-07 12:37:16.693', TRUE, 21, NULL, 16),
('$2a$10$1IdrGrRAN2Wp3U7QI.JIzuYun6DCp3DqD0HkMSxupTiHcONZRP0YC', TIMESTAMP '2019-01-07 12:37:16.933', TRUE, 21, NULL, 20),
('$2a$10$1IdrGrRAN2Wp3U7QI.JIzuj/DUpsANoEk4usC10lyWBvgCY2jpdQ6', TIMESTAMP '2019-01-07 12:37:17.18', TRUE, 21, NULL, 18),
('$2a$10$1IdrGrRAN2Wp3U7QI.JIzukT2e4dWh2jhcsPdh.C5JEqMyz08zCoa', TIMESTAMP '2019-01-07 12:37:17.422', TRUE, 21, NULL, 14),
('$2a$10$1IdrGrRAN2Wp3U7QI.JIzuRe9KBAxYEu.ylAyhV50ek90rELSRGqG', TIMESTAMP '2019-01-07 12:37:17.674', TRUE, 21, NULL, 19),
('$2a$10$1IdrGrRAN2Wp3U7QI.JIzuQi87d/P3rgtaiDqqegSB4vu2sByXkly', TIMESTAMP '2019-01-07 12:37:17.936', FALSE, 21, '$2a$10$1IdrGrRAN2Wp3U7QI.JIzumrB8gg15WYrl/9Od2a/lKdcXxyoRqYe', 12);
CREATE MEMORY TABLE PUBLIC.COMMENTS(
ID BIGINT NOT NULL,
CREATED_AT TIMESTAMP NOT NULL,
UPDATED_AT TIMESTAMP NOT NULL,
COMMENT VARCHAR(255) NOT NULL,
CREATED_BY_ID BIGINT NOT NULL,
PARENT_ID BIGINT
);
ALTER TABLE PUBLIC.COMMENTS ADD CONSTRAINT PUBLIC.CONSTRAINT_A PRIMARY KEY(ID);
-- 120 +/- SELECT COUNT(*) FROM PUBLIC.COMMENTS;
INSERT INTO PUBLIC.COMMENTS(ID, CREATED_AT, UPDATED_AT, COMMENT, CREATED_BY_ID, PARENT_ID) VALUES
(208, TIMESTAMP '2019-01-06 12:37:07.463', TIMESTAMP '2019-01-06 12:37:07.463', 'Comment on root level. I really like this idea, but needs to be improved.', 12, NULL),
(209, TIMESTAMP '2019-01-06 12:37:07.467', TIMESTAMP '2019-01-06 12:37:07.467', 'Reply 0 Lorem ipsum dolor sit', 10, 208),
(210, TIMESTAMP '2019-01-06 12:37:07.469', TIMESTAMP '2019-01-06 12:37:07.469', 'Reply 1 Lorem ipsum dolor sit amet, consectetur adipiscing elit, sed do eiusmod tempor incididun', 7, 208),
(211, TIMESTAMP '2019-01-06 12:37:07.471', TIMESTAMP '2019-01-06 12:37:07.471', 'Reply 2 Lorem ipsum dolor sit amet, consectetur adipiscing elit, sed do eiusmod tempor incididunt ut labor', 12, 208),
(212, TIMESTAMP '2019-01-06 12:37:07.473', TIMESTAMP '2019-01-06 12:37:07.473', 'Reply 3 Lorem ipsum dol', 1, 208),
(213, TIMESTAMP '2019-01-06 12:37:07.475', TIMESTAMP '2019-01-06 12:37:07.475', 'Reply 4 Lorem ipsum dolor sit amet, consectetur adipiscing elit, sed do eiusmod tempor incididunt ut l', 14, 208),
(218, TIMESTAMP '2019-01-06 12:37:07.517', TIMESTAMP '2019-01-06 12:37:07.517', 'Comment on root level. I really like this idea, but needs to be improved.', 13, NULL),
(219, TIMESTAMP '2019-01-06 12:37:07.519', TIMESTAMP '2019-01-06 12:37:07.519', 'Reply 0 Lorem ipsum dolor sit amet, consectet', 1, 218),
(220, TIMESTAMP '2019-01-06 12:37:07.521', TIMESTAMP '2019-01-06 12:37:07.521', 'Reply 1 Lorem ipsum dolor sit amet, consectetur adipiscing e', 2, 218),
(221, TIMESTAMP '2019-01-06 12:37:07.522', TIMESTAMP '2019-01-06 12:37:07.522', 'Reply 2 Lorem ipsum dolor sit amet, ', 19, 218),
(222, TIMESTAMP '2019-01-06 12:37:07.523', TIMESTAMP '2019-01-06 12:37:07.523', 'Reply 3 Lorem ipsum dolor sit amet, consectetur adipiscing elit, sed do eiusmod tempor', 10, 218),
(223, TIMESTAMP '2019-01-06 12:37:07.524', TIMESTAMP '2019-01-06 12:37:07.524', 'Reply 4 Lorem ipsum dolor sit amet, consectetur adipiscing elit, sed do eiusmod tempor incididunt ut labore', 17, 218),
(225, TIMESTAMP '2019-01-06 12:37:07.547', TIMESTAMP '2019-01-06 12:37:07.547', 'Comment on root level. I really like this idea, but needs to be improved.', 19, NULL),
(226, TIMESTAMP '2019-01-06 12:37:07.549', TIMESTAMP '2019-01-06 12:37:07.549', 'Reply 0 Lorem ipsum dolor sit amet, consectetur adip', 14, 225),
(227, TIMESTAMP '2019-01-06 12:37:07.55', TIMESTAMP '2019-01-06 12:37:07.55', 'Reply 1 Lorem ipsum dolor sit amet, c', 5, 225),
(228, TIMESTAMP '2019-01-06 12:37:07.551', TIMESTAMP '2019-01-06 12:37:07.551', 'Reply 2 Lorem ipsum dolor sit amet, consectetur adipiscing elit, sed do eiu', 8, 225),
(229, TIMESTAMP '2019-01-06 12:37:07.552', TIMESTAMP '2019-01-06 12:37:07.552', 'Reply 3 Lorem ipsum dolor sit amet, c', 8, 225),
(230, TIMESTAMP '2019-01-06 12:37:07.554', TIMESTAMP '2019-01-06 12:37:07.554', 'Reply 4 Lorem ipsum dolor sit amet, consecte', 9, 225),
(232, TIMESTAMP '2019-01-06 12:37:07.625', TIMESTAMP '2019-01-06 12:37:07.625', 'Comment on root level. I really like this idea, but needs to be improved.', 3, NULL),
(233, TIMESTAMP '2019-01-06 12:37:07.627', TIMESTAMP '2019-01-06 12:37:07.627', 'Reply 0 Lorem ipsum dolor sit amet, consectetur adipiscing elit, sed do eiusmod tempor inci', 15, 232),
(234, TIMESTAMP '2019-01-06 12:37:07.629', TIMESTAMP '2019-01-06 12:37:07.629', 'Reply 1 Lorem ipsum dolor sit amet, consectetur adipiscing elit, sed do eiusmod tempo', 9, 232),
(235, TIMESTAMP '2019-01-06 12:37:07.631', TIMESTAMP '2019-01-06 12:37:07.631', 'Reply 2 Lorem ipsum dolor sit amet, consectetur adipiscing elit, sed do eiusmod tempor incidid', 11, 232),
(236, TIMESTAMP '2019-01-06 12:37:07.633', TIMESTAMP '2019-01-06 12:37:07.633', 'Reply 3 Lorem ipsum dolor sit amet, consectetur adipiscing ', 10, 232),
(237, TIMESTAMP '2019-01-06 12:37:07.638', TIMESTAMP '2019-01-06 12:37:07.638', 'Reply 4 Lorem ipsum dol', 15, 232),
(239, TIMESTAMP '2019-01-06 12:37:07.683', TIMESTAMP '2019-01-06 12:37:07.683', 'Comment on root level. I really like this idea, but needs to be improved.', 7, NULL),
(240, TIMESTAMP '2019-01-06 12:37:07.685', TIMESTAMP '2019-01-06 12:37:07.685', 'Reply 0 Lorem ipsum dolor sit amet, consectetur adipiscing elit, sed do eiusmod tempor ', 9, 239);
INSERT INTO PUBLIC.COMMENTS(ID, CREATED_AT, UPDATED_AT, COMMENT, CREATED_BY_ID, PARENT_ID) VALUES
(241, TIMESTAMP '2019-01-06 12:37:07.689', TIMESTAMP '2019-01-06 12:37:07.689', 'Reply 1 Lorem ipsum dolor sit amet, consectetur a', 10, 239),
(242, TIMESTAMP '2019-01-06 12:37:07.692', TIMESTAMP '2019-01-06 12:37:07.692', 'Reply 2 Lorem ipsum dolor sit amet, consectetur adipiscing elit, sed do eiusmod t', 5, 239),
(243, TIMESTAMP '2019-01-06 12:37:07.694', TIMESTAMP '2019-01-06 12:37:07.694', 'Reply 3 Lorem ipsum dolor sit amet, consec', 16, 239),
(244, TIMESTAMP '2019-01-06 12:37:07.695', TIMESTAMP '2019-01-06 12:37:07.695', 'Reply 4 Lorem ipsum dolor sit amet, consectetur adipi', 9, 239),
(246, TIMESTAMP '2019-01-06 12:37:07.725', TIMESTAMP '2019-01-06 12:37:07.725', 'Comment on root level. I really like this idea, but needs to be improved.', 4, NULL),
(247, TIMESTAMP '2019-01-06 12:37:07.727', TIMESTAMP '2019-01-06 12:37:07.727', 'Reply 0 Lorem ipsum dolor sit amet, consectetur a', 10, 246),
(248, TIMESTAMP '2019-01-06 12:37:07.728', TIMESTAMP '2019-01-06 12:37:07.728', 'Reply 1 Lorem ipsum dolor sit amet, consectetur adipisci', 1, 246),
(249, TIMESTAMP '2019-01-06 12:37:07.73', TIMESTAMP '2019-01-06 12:37:07.73', 'Reply 2 Lorem ipsum dolor sit amet, consectetur adipiscing elit, sed do eiusmod tem', 6, 246),
(250, TIMESTAMP '2019-01-06 12:37:07.731', TIMESTAMP '2019-01-06 12:37:07.731', 'Reply 3 Lorem ipsum dolor sit amet, co', 8, 246),
(251, TIMESTAMP '2019-01-06 12:37:07.733', TIMESTAMP '2019-01-06 12:37:07.733', 'Reply 4 Lorem ipsum dolor sit amet, consectetur adipiscing elit, sed do ei', 14, 246),
(254, TIMESTAMP '2019-01-06 12:37:07.754', TIMESTAMP '2019-01-06 12:37:07.754', 'Comment on root level. I really like this idea, but needs to be improved.', 15, NULL),
(255, TIMESTAMP '2019-01-06 12:37:07.755', TIMESTAMP '2019-01-06 12:37:07.755', 'Reply 0 Lorem ipsum dolor sit amet, consectetur adipiscing elit, sed do eiusm', 9, 254),
(256, TIMESTAMP '2019-01-06 12:37:07.762', TIMESTAMP '2019-01-06 12:37:07.762', 'Reply 1 Lorem ipsum dolor sit', 17, 254),
(257, TIMESTAMP '2019-01-06 12:37:07.774', TIMESTAMP '2019-01-06 12:37:07.774', 'Reply 2 Lorem ipsum dolor sit amet, consectetur adipiscing elit, sed do ', 17, 254),
(258, TIMESTAMP '2019-01-06 12:37:07.778', TIMESTAMP '2019-01-06 12:37:07.778', 'Reply 3 Lorem ipsum dolor sit amet, ', 15, 254),
(259, TIMESTAMP '2019-01-06 12:37:07.78', TIMESTAMP '2019-01-06 12:37:07.78', 'Reply 4 Lorem ipsum dolor sit amet, consectet', 7, 254),
(261, TIMESTAMP '2019-01-06 12:37:07.844', TIMESTAMP '2019-01-06 12:37:07.844', 'Comment on root level. I really like this idea, but needs to be improved.', 8, NULL),
(262, TIMESTAMP '2019-01-06 12:37:07.846', TIMESTAMP '2019-01-06 12:37:07.846', 'Reply 0 Lorem ipsum dolor sit amet,', 12, 261),
(263, TIMESTAMP '2019-01-06 12:37:07.859', TIMESTAMP '2019-01-06 12:37:07.859', 'Reply 1 Lorem ipsum dolor sit amet, co', 2, 261),
(264, TIMESTAMP '2019-01-06 12:37:07.86', TIMESTAMP '2019-01-06 12:37:07.86', 'Reply 2 Lorem ipsum dolor sit amet, consectetur adipiscing elit', 17, 261),
(265, TIMESTAMP '2019-01-06 12:37:07.862', TIMESTAMP '2019-01-06 12:37:07.862', 'Reply 3 Lorem ipsum dolor sit amet, consectetur adip', 19, 261),
(266, TIMESTAMP '2019-01-06 12:37:07.864', TIMESTAMP '2019-01-06 12:37:07.864', 'Reply 4 Lorem ipsum dolor sit am', 3, 261),
(268, TIMESTAMP '2019-01-06 12:37:07.906', TIMESTAMP '2019-01-06 12:37:07.906', 'Comment on root level. I really like this idea, but needs to be improved.', 10, NULL),
(269, TIMESTAMP '2019-01-06 12:37:07.908', TIMESTAMP '2019-01-06 12:37:07.908', 'Reply 0 Lorem ipsum dolor sit amet, consectetur adipiscing elit, sed do e', 8, 268),
(270, TIMESTAMP '2019-01-06 12:37:07.91', TIMESTAMP '2019-01-06 12:37:07.91', 'Reply 1 Lorem ipsum dolor sit amet, consectetur adipiscing elit, sed do eiusmod tem', 5, 268),
(271, TIMESTAMP '2019-01-06 12:37:07.912', TIMESTAMP '2019-01-06 12:37:07.912', 'Reply 2 Lorem ipsum dolor sit amet, consectetur adipiscing elit, sed do eiusmod ', 4, 268),
(272, TIMESTAMP '2019-01-06 12:37:07.915', TIMESTAMP '2019-01-06 12:37:07.915', 'Reply 3 Lorem ipsum d', 5, 268);
INSERT INTO PUBLIC.COMMENTS(ID, CREATED_AT, UPDATED_AT, COMMENT, CREATED_BY_ID, PARENT_ID) VALUES
(273, TIMESTAMP '2019-01-06 12:37:07.917', TIMESTAMP '2019-01-06 12:37:07.917', 'Reply 4 Lorem ipsum d', 2, 268),
(275, TIMESTAMP '2019-01-06 12:37:07.945', TIMESTAMP '2019-01-06 12:37:07.945', 'Comment on root level. I really like this idea, but needs to be improved.', 15, NULL),
(276, TIMESTAMP '2019-01-06 12:37:07.946', TIMESTAMP '2019-01-06 12:37:07.946', 'Reply 0 Lorem ipsum dolor sit amet, consectetur adipiscing elit, sed do eiusmod ', 15, 275),
(277, TIMESTAMP '2019-01-06 12:37:07.947', TIMESTAMP '2019-01-06 12:37:07.947', 'Reply 1 Lorem ipsum dolor sit amet, consectetur adipiscing elit, sed do eiusmod t', 19, 275),
(278, TIMESTAMP '2019-01-06 12:37:07.948', TIMESTAMP '2019-01-06 12:37:07.948', 'Reply 2 Lorem ipsum dolor sit amet, consectetur adipiscing elit', 8, 275),
(279, TIMESTAMP '2019-01-06 12:37:07.95', TIMESTAMP '2019-01-06 12:37:07.95', 'Reply 3 Lorem ipsum dolor sit amet, con', 1, 275),
(280, TIMESTAMP '2019-01-06 12:37:07.951', TIMESTAMP '2019-01-06 12:37:07.951', 'Reply 4 Lorem ipsum dolor', 20, 275),
(282, TIMESTAMP '2019-01-06 12:37:08.076', TIMESTAMP '2019-01-06 12:37:08.076', 'Comment on root level. I really like this idea, but needs to be improved.', 18, NULL),
(283, TIMESTAMP '2019-01-06 12:37:08.078', TIMESTAMP '2019-01-06 12:37:08.078', 'Reply 0 Lorem ipsum dolor sit amet, consectetur adipiscing elit, sed do eiusmod tempor in', 1, 282),
(284, TIMESTAMP '2019-01-06 12:37:08.079', TIMESTAMP '2019-01-06 12:37:08.079', 'Reply 1 Lorem ipsum dolor sit ame', 17, 282),
(285, TIMESTAMP '2019-01-06 12:37:08.081', TIMESTAMP '2019-01-06 12:37:08.081', 'Reply 2 Lorem ipsum dolor sit amet', 15, 282),
(286, TIMESTAMP '2019-01-06 12:37:08.088', TIMESTAMP '2019-01-06 12:37:08.088', 'Reply 3 Lorem ipsum dolor sit amet, consectetur adipiscing elit, sed do eiusmod tempor incididunt ut ', 9, 282),
(287, TIMESTAMP '2019-01-06 12:37:08.09', TIMESTAMP '2019-01-06 12:37:08.09', 'Reply 4 Lorem ipsum dolor sit amet, consectetur adipiscing elit, sed do eiusmod tempor incididu', 4, 282),
(290, TIMESTAMP '2019-01-06 12:37:08.123', TIMESTAMP '2019-01-06 12:37:08.123', 'Comment on root level. I really like this idea, but needs to be improved.', 17, NULL),
(291, TIMESTAMP '2019-01-06 12:37:08.125', TIMESTAMP '2019-01-06 12:37:08.125', 'Reply 0 Lorem ipsum dolor sit amet, consectetur adipiscing elit, sed do eiusmod tempor incididunt ut lab', 18, 290),
(292, TIMESTAMP '2019-01-06 12:37:08.126', TIMESTAMP '2019-01-06 12:37:08.126', 'Reply 1 Lorem ipsum dolor s', 13, 290),
(293, TIMESTAMP '2019-01-06 12:37:08.127', TIMESTAMP '2019-01-06 12:37:08.127', 'Reply 2 Lorem ipsum dolor sit amet, consectetur adipiscing el', 4, 290),
(294, TIMESTAMP '2019-01-06 12:37:08.13', TIMESTAMP '2019-01-06 12:37:08.13', 'Reply 3 Lorem ipsum dolor sit amet, consectetur ', 7, 290),
(295, TIMESTAMP '2019-01-06 12:37:08.132', TIMESTAMP '2019-01-06 12:37:08.132', 'Reply 4 Lorem ipsum dolor sit amet, consectetur adipiscing elit', 5, 290),
(297, TIMESTAMP '2019-01-06 12:37:08.153', TIMESTAMP '2019-01-06 12:37:08.153', 'Comment on root level. I really like this idea, but needs to be improved.', 5, NULL),
(298, TIMESTAMP '2019-01-06 12:37:08.155', TIMESTAMP '2019-01-06 12:37:08.155', 'Reply 0 Lorem ipsum dolor ', 12, 297),
(299, TIMESTAMP '2019-01-06 12:37:08.157', TIMESTAMP '2019-01-06 12:37:08.157', 'Reply 1 Lorem ipsum dolor sit amet, consectetur ', 1, 297),
(300, TIMESTAMP '2019-01-06 12:37:08.161', TIMESTAMP '2019-01-06 12:37:08.161', 'Reply 2 Lorem ipsum dolor sit amet, consectetur adipiscing elit, sed do eiusmod tempor incididunt ut ', 8, 297),
(301, TIMESTAMP '2019-01-06 12:37:08.163', TIMESTAMP '2019-01-06 12:37:08.163', 'Reply 3 Lorem ipsum dolor sit amet, consectetur adipiscing elit, sed do eiusmod ', 11, 297),
(302, TIMESTAMP '2019-01-06 12:37:08.164', TIMESTAMP '2019-01-06 12:37:08.164', 'Reply 4 Lorem ipsum dolor sit amet, consectetur adipi', 10, 297),
(304, TIMESTAMP '2019-01-06 12:37:08.227', TIMESTAMP '2019-01-06 12:37:08.227', 'Comment on root level. I really like this idea, but needs to be improved.', 2, NULL);
INSERT INTO PUBLIC.COMMENTS(ID, CREATED_AT, UPDATED_AT, COMMENT, CREATED_BY_ID, PARENT_ID) VALUES
(305, TIMESTAMP '2019-01-06 12:37:08.229', TIMESTAMP '2019-01-06 12:37:08.229', 'Reply 0 Lorem ipsum d', 1, 304),
(306, TIMESTAMP '2019-01-06 12:37:08.231', TIMESTAMP '2019-01-06 12:37:08.231', 'Reply 1 Lorem ipsum dolor', 6, 304),
(307, TIMESTAMP '2019-01-06 12:37:08.233', TIMESTAMP '2019-01-06 12:37:08.233', 'Reply 2 Lorem ipsum d', 13, 304),
(308, TIMESTAMP '2019-01-06 12:37:08.234', TIMESTAMP '2019-01-06 12:37:08.234', 'Reply 3 Lorem ipsum dolor sit amet, consectetur adipiscing elit, sed do', 9, 304),
(309, TIMESTAMP '2019-01-06 12:37:08.238', TIMESTAMP '2019-01-06 12:37:08.238', 'Reply 4 Lorem ipsum dolor sit amet, consectetur adipiscing elit, sed do eiusmod tempor incididu', 2, 304),
(311, TIMESTAMP '2019-01-06 12:37:08.284', TIMESTAMP '2019-01-06 12:37:08.284', 'Comment on root level. I really like this idea, but needs to be improved.', 20, NULL),
(312, TIMESTAMP '2019-01-06 12:37:08.286', TIMESTAMP '2019-01-06 12:37:08.286', 'Reply 0 Lorem ipsum', 3, 311),
(313, TIMESTAMP '2019-01-06 12:37:08.289', TIMESTAMP '2019-01-06 12:37:08.289', 'Reply 1 Lorem ipsum dolor sit amet, consectetur', 20, 311),
(314, TIMESTAMP '2019-01-06 12:37:08.291', TIMESTAMP '2019-01-06 12:37:08.291', 'Reply 2 Lorem ipsum dolor sit amet, conse', 7, 311),
(315, TIMESTAMP '2019-01-06 12:37:08.293', TIMESTAMP '2019-01-06 12:37:08.293', 'Reply 3 Lorem ipsum dolor sit amet, consectetur adipiscing elit,', 10, 311),
(316, TIMESTAMP '2019-01-06 12:37:08.294', TIMESTAMP '2019-01-06 12:37:08.294', 'Reply 4 Lorem ipsum dolor sit amet, consectetur adipiscing elit, sed do eiu', 7, 311),
(334, TIMESTAMP '2019-01-06 12:37:14.033', TIMESTAMP '2019-01-06 12:37:14.033', 'Comment on root level. I really like this idea, but needs to be improved.', 10, NULL),
(335, TIMESTAMP '2019-01-06 12:37:14.034', TIMESTAMP '2019-01-06 12:37:14.034', 'Reply 0 Lorem ipsum dolor sit amet, consectetur adipiscing elit, sed do eiusmod tempor incid', 20, 334),
(336, TIMESTAMP '2019-01-06 12:37:14.036', TIMESTAMP '2019-01-06 12:37:14.036', 'Reply 1 Lorem ipsum dolor sit amet, consectetur adipiscing elit, sed do', 6, 334),
(337, TIMESTAMP '2019-01-06 12:37:14.037', TIMESTAMP '2019-01-06 12:37:14.037', 'Reply 2 Lorem ipsum dolor sit amet, consec', 7, 334),
(338, TIMESTAMP '2019-01-06 12:37:14.039', TIMESTAMP '2019-01-06 12:37:14.039', 'Reply 3 Lorem ipsum dolor sit amet, consectetur a', 13, 334),
(339, TIMESTAMP '2019-01-06 12:37:14.04', TIMESTAMP '2019-01-06 12:37:14.04', 'Reply 4 Lorem ipsum dolor sit amet, consectetur adipiscing elit, sed do eiusmod tempor incididunt', 10, 334),
(342, TIMESTAMP '2019-01-06 12:37:14.057', TIMESTAMP '2019-01-06 12:37:14.057', 'Comment on root level. I really like this idea, but needs to be improved.', 8, NULL),
(343, TIMESTAMP '2019-01-06 12:37:14.058', TIMESTAMP '2019-01-06 12:37:14.058', 'Reply 0 Lorem ipsum d', 7, 342),
(344, TIMESTAMP '2019-01-06 12:37:14.059', TIMESTAMP '2019-01-06 12:37:14.059', 'Reply 1 Lorem ipsum dolor sit amet, consectetur adipiscing elit, sed do eiusmod tempor incididunt ut labo', 16, 342),
(345, TIMESTAMP '2019-01-06 12:37:14.061', TIMESTAMP '2019-01-06 12:37:14.061', 'Reply 2 Lorem ipsum dolor sit amet, consectetur adipiscing', 8, 342),
(346, TIMESTAMP '2019-01-06 12:37:14.062', TIMESTAMP '2019-01-06 12:37:14.062', 'Reply 3 Lorem ipsum dolor si', 20, 342),
(347, TIMESTAMP '2019-01-06 12:37:14.063', TIMESTAMP '2019-01-06 12:37:14.063', 'Reply 4 Lorem ipsum dolor sit', 11, 342),
(349, TIMESTAMP '2019-01-06 12:37:14.082', TIMESTAMP '2019-01-06 12:37:14.082', 'Comment on root level. I really like this idea, but needs to be improved.', 8, NULL),
(350, TIMESTAMP '2019-01-06 12:37:14.083', TIMESTAMP '2019-01-06 12:37:14.083', 'Reply 0 Lorem ipsum dolor sit amet, consectetur ad', 19, 349),
(351, TIMESTAMP '2019-01-06 12:37:14.085', TIMESTAMP '2019-01-06 12:37:14.085', 'Reply 1 Lorem ipsum dolor sit amet, consectetur adipiscing elit, se', 6, 349),
(352, TIMESTAMP '2019-01-06 12:37:14.087', TIMESTAMP '2019-01-06 12:37:14.087', 'Reply 2 Lorem ipsum dolor sit amet, consectetur adipiscing elit, sed do eiu', 17, 349);
INSERT INTO PUBLIC.COMMENTS(ID, CREATED_AT, UPDATED_AT, COMMENT, CREATED_BY_ID, PARENT_ID) VALUES
(353, TIMESTAMP '2019-01-06 12:37:14.089', TIMESTAMP '2019-01-06 12:37:14.089', 'Reply 3 Lorem ipsum dolor ', 18, 349),
(354, TIMESTAMP '2019-01-06 12:37:14.09', TIMESTAMP '2019-01-06 12:37:14.09', 'Reply 4 Lorem ipsum dolor sit ', 11, 349),
(356, TIMESTAMP '2019-01-06 12:37:14.116', TIMESTAMP '2019-01-06 12:37:14.116', 'Comment on root level. I really like this idea, but needs to be improved.', 4, NULL),
(357, TIMESTAMP '2019-01-06 12:37:14.118', TIMESTAMP '2019-01-06 12:37:14.118', 'Reply 0 Lorem ipsum dolor sit amet, consectetur adipiscing elit, sed do eiusmod tempor ', 19, 356),
(358, TIMESTAMP '2019-01-06 12:37:14.119', TIMESTAMP '2019-01-06 12:37:14.119', 'Reply 1 Lorem ipsum dolor sit amet, co', 17, 356),
(359, TIMESTAMP '2019-01-06 12:37:14.121', TIMESTAMP '2019-01-06 12:37:14.121', 'Reply 2 Lorem ipsum dolor sit ', 12, 356),
(360, TIMESTAMP '2019-01-06 12:37:14.123', TIMESTAMP '2019-01-06 12:37:14.123', 'Reply 3 Lorem ipsum dolor sit amet, consectetur adipiscing elit, sed do eiusmod tempor incididun', 20, 356),
(361, TIMESTAMP '2019-01-06 12:37:14.125', TIMESTAMP '2019-01-06 12:37:14.125', 'Reply 4 Lorem ipsum dolor sit amet, consectetur ad', 1, 356),
(363, TIMESTAMP '2019-01-06 12:37:14.183', TIMESTAMP '2019-01-06 12:37:14.183', 'Comment on root level. I really like this idea, but needs to be improved.', 8, NULL),
(364, TIMESTAMP '2019-01-06 12:37:14.185', TIMESTAMP '2019-01-06 12:37:14.185', 'Reply 0 Lorem ipsum dolor sit amet, consectetur adipiscing elit, sed do eiusmod ', 19, 363),
(365, TIMESTAMP '2019-01-06 12:37:14.188', TIMESTAMP '2019-01-06 12:37:14.188', 'Reply 1 Lorem ipsum dolor sit amet, consectetur adipiscing elit, sed do eiusmod tempor incididunt ut labo', 8, 363),
(366, TIMESTAMP '2019-01-06 12:37:14.19', TIMESTAMP '2019-01-06 12:37:14.19', 'Reply 2 Lorem ipsum dolor sit amet, consectetur adipiscin', 8, 363),
(367, TIMESTAMP '2019-01-06 12:37:14.202', TIMESTAMP '2019-01-06 12:37:14.202', 'Reply 3 Lorem ipsum dolor sit amet, consectetur adipiscing', 19, 363),
(368, TIMESTAMP '2019-01-06 12:37:14.205', TIMESTAMP '2019-01-06 12:37:14.205', 'Reply 4 Lorem ipsum dolor sit amet, consectetur adipiscing elit, sed do eiusmod tempor in', 9, 363);
CREATE MEMORY TABLE PUBLIC.COMMENTS_DOWN_VOTERS(
COMMENT_MODEL_ID BIGINT NOT NULL,
DOWN_VOTERS_ID BIGINT NOT NULL
);
ALTER TABLE PUBLIC.COMMENTS_DOWN_VOTERS ADD CONSTRAINT PUBLIC.CONSTRAINT_2 PRIMARY KEY(COMMENT_MODEL_ID, DOWN_VOTERS_ID);
-- 259 +/- SELECT COUNT(*) FROM PUBLIC.COMMENTS_DOWN_VOTERS;
INSERT INTO PUBLIC.COMMENTS_DOWN_VOTERS(COMMENT_MODEL_ID, DOWN_VOTERS_ID) VALUES
(208, 20),
(208, 5),
(209, 2),
(209, 6),
(209, 20),
(209, 1),
(209, 15),
(210, 8),
(211, 18),
(211, 3),
(211, 16),
(211, 15),
(212, 11),
(212, 17),
(212, 3),
(212, 5),
(213, 6),
(213, 9),
(218, 1),
(219, 14),
(219, 15),
(221, 20),
(221, 7),
(221, 16),
(222, 13),
(222, 18),
(222, 7),
(222, 16),
(223, 11),
(223, 14),
(223, 1),
(223, 5),
(225, 18),
(225, 3),
(225, 5),
(227, 4),
(227, 2),
(227, 14),
(227, 5),
(228, 11),
(228, 3),
(228, 15),
(229, 2),
(232, 13),
(232, 1),
(232, 3),
(232, 5),
(232, 12),
(233, 13),
(233, 8),
(234, 20),
(234, 1),
(234, 5),
(235, 17),
(235, 12),
(236, 13),
(236, 14),
(236, 19),
(236, 16),
(239, 4),
(239, 14),
(239, 3),
(240, 2),
(240, 10),
(240, 5),
(241, 2),
(241, 11),
(241, 7),
(241, 5),
(242, 13),
(242, 10),
(243, 1),
(243, 16),
(243, 12),
(244, 13),
(244, 17),
(244, 12),
(246, 4),
(246, 20),
(246, 19),
(246, 5),
(247, 20),
(248, 2),
(248, 17),
(248, 19),
(248, 16),
(249, 2),
(249, 6),
(249, 8),
(249, 12),
(249, 5),
(250, 19),
(250, 12),
(251, 6),
(251, 18),
(254, 6),
(254, 15),
(255, 8),
(255, 20),
(255, 14),
(255, 3),
(255, 15),
(256, 4),
(257, 17),
(257, 14),
(257, 1),
(257, 15),
(258, 7),
(258, 12),
(262, 6),
(262, 11),
(262, 8),
(262, 5),
(263, 7),
(263, 3),
(266, 2),
(266, 10),
(268, 4),
(268, 3),
(268, 19),
(268, 12),
(269, 19),
(269, 15),
(270, 6),
(271, 18),
(271, 12),
(273, 18),
(273, 1),
(275, 2),
(275, 13),
(275, 5),
(276, 7),
(277, 5),
(277, 12),
(278, 6),
(278, 5),
(279, 2),
(279, 11),
(279, 20),
(279, 15),
(279, 12),
(280, 5),
(282, 15),
(282, 9),
(283, 12),
(284, 4),
(284, 6),
(284, 1),
(284, 12),
(285, 2),
(286, 14),
(286, 15),
(286, 16),
(286, 12),
(287, 13),
(287, 6),
(287, 12),
(290, 6),
(290, 11),
(290, 16),
(290, 12),
(292, 8),
(292, 11),
(292, 19),
(294, 8),
(294, 20),
(294, 7),
(295, 1),
(297, 14),
(298, 6),
(298, 18),
(298, 1),
(299, 13),
(299, 9),
(300, 17),
(300, 19),
(301, 13),
(301, 14),
(304, 15),
(305, 14),
(305, 1),
(305, 3),
(306, 2),
(306, 20),
(306, 7),
(306, 10),
(306, 16),
(308, 2),
(308, 14),
(308, 10),
(308, 1),
(309, 6),
(309, 1),
(309, 12),
(311, 4),
(311, 18),
(311, 20),
(311, 16),
(312, 4),
(313, 18),
(313, 3),
(314, 4),
(314, 11),
(314, 7),
(314, 16),
(314, 5),
(315, 8),
(316, 13),
(316, 3),
(334, 2),
(334, 17),
(334, 19),
(335, 18),
(335, 20),
(335, 12),
(337, 2),
(337, 17),
(337, 12),
(338, 4),
(338, 20),
(339, 8),
(339, 18),
(339, 20),
(339, 1),
(342, 4),
(342, 18),
(342, 7),
(342, 3),
(343, 4),
(344, 7),
(344, 14),
(344, 12),
(345, 18),
(345, 10),
(345, 15),
(349, 11),
(350, 20),
(350, 10),
(350, 3),
(351, 13),
(351, 8),
(351, 10),
(351, 1),
(359, 1),
(360, 7),
(360, 14),
(360, 9),
(361, 8),
(361, 20),
(361, 9),
(363, 6),
(363, 14),
(363, 15),
(364, 11),
(364, 9),
(366, 16),
(367, 18),
(367, 20),
(367, 15);
CREATE MEMORY TABLE PUBLIC.COMMENTS_UP_VOTERS(
COMMENT_MODEL_ID BIGINT NOT NULL,
UP_VOTERS_ID BIGINT NOT NULL
);
ALTER TABLE PUBLIC.COMMENTS_UP_VOTERS ADD CONSTRAINT PUBLIC.CONSTRAINT_20 PRIMARY KEY(COMMENT_MODEL_ID, UP_VOTERS_ID);
-- 287 +/- SELECT COUNT(*) FROM PUBLIC.COMMENTS_UP_VOTERS;
INSERT INTO PUBLIC.COMMENTS_UP_VOTERS(COMMENT_MODEL_ID, UP_VOTERS_ID) VALUES
(208, 13),
(208, 18),
(209, 1),
(209, 3),
(209, 5),
(210, 16),
(211, 4),
(211, 16),
(212, 8),
(212, 14),
(212, 10),
(212, 1),
(213, 15),
(218, 4),
(218, 6),
(218, 16),
(220, 5),
(221, 2),
(221, 14),
(221, 16),
(222, 7),
(222, 10),
(222, 5),
(223, 2),
(223, 20),
(225, 16),
(226, 13),
(226, 14),
(226, 1),
(226, 19),
(227, 2),
(227, 12),
(228, 13),
(228, 17),
(230, 13),
(230, 18),
(232, 20),
(232, 5),
(233, 2),
(233, 8),
(233, 20),
(233, 16),
(234, 11),
(234, 18),
(234, 9),
(235, 1),
(235, 5),
(236, 3),
(237, 15),
(237, 5),
(237, 12),
(237, 9),
(239, 8),
(239, 14),
(239, 12),
(239, 9),
(240, 1),
(241, 8),
(241, 20),
(241, 10),
(242, 8),
(242, 14),
(242, 19),
(242, 16),
(243, 12),
(244, 11),
(246, 2),
(246, 17),
(246, 7),
(246, 5),
(247, 4),
(247, 17),
(247, 1),
(247, 15),
(248, 14),
(250, 2),
(250, 8),
(250, 10),
(250, 12),
(251, 4),
(251, 18),
(251, 20),
(251, 16),
(254, 8),
(255, 4),
(255, 13),
(255, 17),
(255, 20),
(255, 16),
(256, 2),
(256, 17),
(257, 4),
(257, 13),
(257, 1),
(257, 19),
(258, 20),
(258, 15),
(259, 18),
(261, 13),
(261, 10),
(262, 4),
(262, 15),
(262, 5),
(264, 14),
(264, 3),
(264, 19),
(265, 8),
(265, 17),
(265, 3),
(266, 13),
(266, 6),
(266, 14),
(266, 5),
(268, 20),
(268, 1),
(269, 17),
(269, 15),
(269, 16),
(270, 6),
(270, 18),
(270, 7),
(270, 9),
(271, 12),
(271, 9),
(272, 2),
(272, 6),
(272, 13),
(272, 17),
(272, 7),
(272, 1),
(273, 2),
(273, 10),
(273, 19),
(273, 16),
(273, 9),
(275, 2),
(275, 7),
(275, 5),
(276, 18),
(276, 19),
(277, 6),
(277, 11),
(277, 17),
(277, 18),
(277, 19),
(278, 4),
(278, 18),
(278, 1),
(278, 19),
(278, 15),
(278, 9),
(279, 17),
(280, 6),
(280, 18),
(280, 15),
(282, 3),
(283, 8),
(283, 10),
(283, 9),
(284, 18),
(285, 13),
(285, 17),
(286, 6),
(286, 14),
(286, 3),
(286, 19),
(286, 15),
(287, 20),
(290, 13),
(290, 7),
(290, 14),
(290, 16),
(292, 18),
(293, 17),
(293, 20),
(293, 7),
(293, 15),
(294, 6),
(294, 19),
(295, 18),
(297, 1),
(298, 4),
(298, 14),
(298, 9),
(299, 9),
(300, 8),
(301, 2),
(301, 1),
(301, 3),
(301, 5),
(302, 12),
(304, 15),
(305, 13),
(305, 14),
(305, 10),
(306, 6),
(307, 6),
(307, 11),
(307, 1),
(307, 19),
(307, 12),
(307, 5),
(308, 15),
(309, 6),
(311, 6),
(311, 11),
(311, 20),
(311, 1),
(313, 20),
(313, 14),
(314, 8),
(314, 16),
(315, 20),
(315, 3),
(316, 2),
(316, 7),
(334, 2),
(335, 1),
(336, 13),
(336, 18),
(336, 20),
(336, 5),
(338, 16),
(338, 12),
(339, 17),
(339, 7),
(342, 4),
(342, 6),
(343, 15),
(344, 13),
(344, 5),
(345, 18),
(345, 14),
(346, 2),
(346, 10),
(346, 5),
(347, 2),
(347, 6),
(347, 8),
(349, 4),
(349, 17),
(349, 5),
(349, 9),
(350, 2),
(350, 20),
(350, 14),
(350, 10),
(350, 3),
(351, 6),
(351, 7),
(352, 2),
(352, 20),
(352, 7),
(352, 1),
(353, 4),
(353, 17),
(353, 10),
(353, 15),
(354, 10),
(356, 2),
(356, 14),
(357, 15),
(358, 18),
(358, 17),
(358, 1),
(358, 15),
(359, 2),
(359, 13),
(359, 18),
(359, 1),
(359, 12),
(359, 5),
(360, 18),
(361, 7),
(363, 7),
(363, 10),
(364, 13),
(364, 7),
(364, 12),
(365, 2),
(365, 9),
(366, 8),
(367, 8),
(367, 19),
(367, 16),
(368, 19),
(368, 16);
CREATE MEMORY TABLE PUBLIC.DELEGATIONS(
ID BIGINT NOT NULL,
CREATED_AT TIMESTAMP NOT NULL,
UPDATED_AT TIMESTAMP NOT NULL,
REQUESTED_DELEGATION_AT TIMESTAMP,
TRANSITIVE BOOLEAN NOT NULL,
AREA_ID BIGINT NOT NULL,
FROM_USER_ID BIGINT NOT NULL,
REQUESTED_DELEGATION_FROM_CHECKSUM_CHECKSUM VARCHAR(255),
TO_PROXY_ID BIGINT NOT NULL
);
ALTER TABLE PUBLIC.DELEGATIONS ADD CONSTRAINT PUBLIC.CONSTRAINT_8 PRIMARY KEY(ID);
-- 9 +/- SELECT COUNT(*) FROM PUBLIC.DELEGATIONS;
INSERT INTO PUBLIC.DELEGATIONS(ID, CREATED_AT, UPDATED_AT, REQUESTED_DELEGATION_AT, TRANSITIVE, AREA_ID, FROM_USER_ID, REQUESTED_DELEGATION_FROM_CHECKSUM_CHECKSUM, TO_PROXY_ID) VALUES
(198, TIMESTAMP '2019-01-06 12:37:02.567', TIMESTAMP '2019-01-06 12:37:02.567', NULL, TRUE, 21, 2, NULL, 1),
(199, TIMESTAMP '2019-01-06 12:37:03.216', TIMESTAMP '2019-01-06 12:37:03.216', NULL, TRUE, 21, 3, NULL, 1),
(200, TIMESTAMP '2019-01-06 12:37:03.848', TIMESTAMP '2019-01-06 12:37:03.848', NULL, TRUE, 21, 4, NULL, 1),
(201, TIMESTAMP '2019-01-06 12:37:04.34', TIMESTAMP '2019-01-06 12:37:04.34', TIMESTAMP '2019-01-06 12:37:04.34', TRUE, 21, 5, '$2a$10$1IdrGrRAN2Wp3U7QI.JIzuaW/fGb8Z2mJgsKxYwe5.NrtAFNxSQVS', 2),
(202, TIMESTAMP '2019-01-06 12:37:04.957', TIMESTAMP '2019-01-06 12:37:04.957', NULL, TRUE, 21, 6, NULL, 3),
(203, TIMESTAMP '2019-01-06 12:37:05.577', TIMESTAMP '2019-01-06 12:37:05.577', NULL, TRUE, 21, 7, NULL, 4),
(204, TIMESTAMP '2019-01-06 12:37:06.198', TIMESTAMP '2019-01-06 12:37:06.198', NULL, TRUE, 21, 10, NULL, 7),
(205, TIMESTAMP '2019-01-06 12:37:06.813', TIMESTAMP '2019-01-06 12:37:06.813', NULL, TRUE, 21, 11, NULL, 7),
(206, TIMESTAMP '2019-01-06 12:37:07.431', TIMESTAMP '2019-01-06 12:37:07.431', NULL, FALSE, 21, 12, NULL, 7);
CREATE MEMORY TABLE PUBLIC.KEY_VALUE(
ID BIGINT NOT NULL,
KEY_COL VARCHAR(255) NOT NULL,
VALUE_COL VARCHAR(255)
);
ALTER TABLE PUBLIC.KEY_VALUE ADD CONSTRAINT PUBLIC.CONSTRAINT_7 PRIMARY KEY(ID);
-- 3 +/- SELECT COUNT(*) FROM PUBLIC.KEY_VALUE;
INSERT INTO PUBLIC.KEY_VALUE(ID, KEY_COL, VALUE_COL) VALUES
(32, 'liquido.supporters.for.proposal', '10'),
(214, 'liquido.days.until.voting.starts', '14'),
(215, 'liquido.duration.of.voting.phase', '14');
CREATE MEMORY TABLE PUBLIC.LAWS(
ID BIGINT NOT NULL,
CREATED_AT TIMESTAMP NOT NULL,
UPDATED_AT TIMESTAMP NOT NULL,
DESCRIPTION VARCHAR(1000) NOT NULL,
REACHED_QUORUM_AT TIMESTAMP,
STATUS INTEGER NOT NULL,
TITLE VARCHAR(255) NOT NULL,
AREA_ID BIGINT NOT NULL,
CREATED_BY_ID BIGINT,
POLL_ID BIGINT
);
ALTER TABLE PUBLIC.LAWS ADD CONSTRAINT PUBLIC.CONSTRAINT_23 PRIMARY KEY(ID);
-- 188 +/- SELECT COUNT(*) FROM PUBLIC.LAWS;
INSERT INTO PUBLIC.LAWS(ID, CREATED_AT, UPDATED_AT, DESCRIPTION, REACHED_QUORUM_AT, STATUS, TITLE, AREA_ID, CREATED_BY_ID, POLL_ID) VALUES
(31, TIMESTAMP '2019-01-05 12:36:58.962', TIMESTAMP '2019-01-06 12:36:58.963', 'xf7i6nP2 Lorem ipsum dolor sit amet, consectetur adipiscing elit, sed do eiusmod tempor incididunt ut labore et dolore magna aliqua. Ut enim ad minim veniam, quis nostrud exercitatio', NULL, 0, 'Idea 0 that suggest that we definitely need a longer title for ideas', 21, 13, NULL),
(33, TIMESTAMP '2019-01-04 12:36:58.983', TIMESTAMP '2019-01-05 12:36:58.983', 'bKJolTdy Lorem ipsum dolor sit amet, consectetur adipiscing elit, sed do eiusmod tempor incididunt ut labore et dolore magna aliqua. Ut enim ad minim veniam, quis nostrud exercitation ullamco laboris nisi ut aliquip ex ea commodo consequat. Duis aute irure dolor in reprehenderit in voluptate velit esse cillum dolore eu fugiat nulla pariatur. Exc', NULL, 0, 'Idea 1 that suggest that we definitely need a longer title for ideas', 22, 1, NULL),
(34, TIMESTAMP '2019-01-03 12:36:58.991', TIMESTAMP '2019-01-04 12:36:58.991', 'qGhUI1zr Lorem ipsum dolor sit amet, consectetur adipiscing elit, sed do eiusmod tempor incididunt ut labore et dolore magna aliqua. Ut enim ad minim veniam, quis nostrud exercitation ullamco laboris nisi ut aliquip ex ea commodo consequat. Duis aute irure dolor in reprehenderit in voluptate vel', NULL, 0, 'Idea 2 that suggest that we definitely need a longer title for ideas', 23, 4, NULL),
(35, TIMESTAMP '2019-01-02 12:36:59', TIMESTAMP '2019-01-03 12:36:59.001', 'SCscFQ2p Lorem ipsum dolor sit amet, consectetur adipiscing elit, sed do eiusmod tempor incididunt ut labore et dolore magna aliqua. Ut enim ad minim veniam, quis nostrud exercitation ullamco laboris nisi ut aliquip ex ea commodo consequat. Duis aute irure dolor in reprehenderit in v', NULL, 0, 'Idea 3 that suggest that we definitely need a longer title for ideas', 24, 17, NULL),
(36, TIMESTAMP '2019-01-01 12:36:59.022', TIMESTAMP '2019-01-02 12:36:59.023', 'mV507f59 Lorem ipsum dolor sit amet, consectetur adipiscing elit, sed do eiusmod tempor incididunt ut labore et dolore magna aliqua. Ut enim ad minim veniam, quis nostrud exercitation ullamco laboris nisi ut aliquip ex ea commodo consequat. Duis aute irure dolor in reprehenderit in voluptate velit esse cillum dolore eu fu', NULL, 0, 'Idea 4 that suggest that we definitely need a longer title for ideas', 25, 17, NULL),
(37, TIMESTAMP '2018-12-31 12:36:59.087', TIMESTAMP '2019-01-01 12:36:59.088', 'IWGRpKhW Lorem ipsum dolor sit amet, consectetur adipiscing elit, sed do eiusmod tempor incididunt ut labore et dolore magna aliqua.', NULL, 0, 'Idea 5 that suggest that we definitely need a longer title for ideas', 26, 9, NULL),
(38, TIMESTAMP '2018-12-30 12:36:59.162', TIMESTAMP '2018-12-31 12:36:59.162', 'ObPSZRe2 Lorem ipsum dolor sit amet, consectetur adip', NULL, 0, 'Idea 6 that suggest that we definitely need a longer title for ideas', 27, 12, NULL),
(39, TIMESTAMP '2018-12-29 12:36:59.179', TIMESTAMP '2018-12-30 12:36:59.179', 'YGDPb9gQ Lorem ipsum dolor sit amet, consectetur adipiscing elit, sed do eiusmod tempor incididunt ut labore et dolore magna aliqua. Ut enim ad minim veniam, quis nostrud exercitation ullamco ', NULL, 0, 'Idea 7 that suggest that we definitely need a longer title for ideas', 28, 5, NULL),
(40, TIMESTAMP '2018-12-28 12:36:59.202', TIMESTAMP '2018-12-29 12:36:59.202', 'jPZdqozU Lorem ipsum dolor sit amet, consectetur adipiscing elit, sed do eiusmod tempor incididunt ut labore et dolore magna aliqua.', NULL, 0, 'Idea 8 that suggest that we definitely need a longer title for ideas', 29, 7, NULL),
(41, TIMESTAMP '2018-12-27 12:36:59.278', TIMESTAMP '2018-12-28 12:36:59.279', 'Y4sNblI0 Lorem ipsum dolor sit amet, consectetur adipiscing elit, ', NULL, 0, 'Idea 9 that suggest that we definitely need a longer title for ideas', 30, 8, NULL),
(42, TIMESTAMP '2018-12-26 12:36:59.343', TIMESTAMP '2018-12-27 12:36:59.343', '8pFoTls2 Lorem ipsum dolor sit amet, consectetur adipiscing elit, sed do eiusmod temp', NULL, 0, 'Idea 10 that suggest that we definitely need a longer title for ideas', 21, 6, NULL);
INSERT INTO PUBLIC.LAWS(ID, CREATED_AT, UPDATED_AT, DESCRIPTION, REACHED_QUORUM_AT, STATUS, TITLE, AREA_ID, CREATED_BY_ID, POLL_ID) VALUES
(43, TIMESTAMP '2018-12-25 12:36:59.376', TIMESTAMP '2018-12-26 12:36:59.377', 'H8scSLml Lorem ipsum dolor sit amet, consectetur adipiscing elit, sed do eiusmod tempor incididunt ut labore et dolore magna aliqua. Ut enim ad minim veniam, quis nostrud exercitation ullamco laboris nisi ut aliquip ex ea commodo consequat. Duis aute irure dolor in repre', NULL, 0, 'Idea 11 that suggest that we definitely need a longer title for ideas', 22, 12, NULL),
(44, TIMESTAMP '2018-12-24 12:36:59.39', TIMESTAMP '2018-12-25 12:36:59.39', 'K9ed1mRq Lorem ipsum dolor sit amet, consectetur adipiscing elit, sed do eiusmod tempor incididunt ut labore et dolore magna aliqua. Ut enim ad minim veniam, quis nostrud exercitation ullamco labor', NULL, 0, 'Idea 12 that suggest that we definitely need a longer title for ideas', 23, 1, NULL),
(45, TIMESTAMP '2018-12-23 12:36:59.405', TIMESTAMP '2018-12-24 12:36:59.406', 'QrpZHbsm Lorem ipsum dolor sit amet, consectetur adipiscing elit, sed do eiusmod tempor incididunt ut labore et dolore magna aliqua. Ut enim ad minim veniam, quis nostrud exercitation ullamco laboris nisi ut aliquip ex ea commodo consequat. Duis aute', NULL, 0, 'Idea 13 that suggest that we definitely need a longer title for ideas', 24, 8, NULL),
(46, TIMESTAMP '2018-12-22 12:36:59.41', TIMESTAMP '2018-12-23 12:36:59.41', 'pgGYnQz0 Lorem ipsum dolor sit amet, consectetur adipiscing elit, sed do eiusmod tempor incididunt ut labore et dolore magna aliqua. Ut enim ad minim veniam, quis nostrud exercitation ullamco laboris nisi ut aliquip ex ea commodo consequat. Duis aute irure dolor in reprehenderit in voluptate velit esse cillum dolore eu fugiat nulla pariatur. Exc', NULL, 0, 'Idea 14 that suggest that we definitely need a longer title for ideas', 25, 12, NULL),
(47, TIMESTAMP '2018-12-21 12:36:59.448', TIMESTAMP '2018-12-22 12:36:59.448', '7cue8OHu Lorem ipsum dolor si', NULL, 0, 'Idea 15 that suggest that we definitely need a longer title for ideas', 26, 19, NULL),
(48, TIMESTAMP '2018-12-20 12:36:59.488', TIMESTAMP '2018-12-21 12:36:59.488', 'M1w6UgOj Lorem ipsum dolor sit amet, consectetur adipiscing elit, sed do eiusmod tempor incididunt ut labore et dolore magna aliqua. U', NULL, 0, 'Idea 16 that suggest that we definitely need a longer title for ideas', 27, 8, NULL),
(49, TIMESTAMP '2018-12-19 12:36:59.517', TIMESTAMP '2018-12-20 12:36:59.517', 'odqEMSiP Lorem ipsum dolor sit amet, consectetur adipiscing elit, sed do eiusmod tempor incididunt ut labore et dolore magna aliqua. Ut enim ad minim veniam, quis nostrud exercitation ullamco laboris nisi ut aliquip ex ea commodo consequat. Duis aute irure dolor in reprehenderit in voluptate velit esse cillum dolore eu fugiat nulla par', NULL, 0, 'Idea 17 that suggest that we definitely need a longer title for ideas', 28, 4, NULL),
(50, TIMESTAMP '2018-12-18 12:36:59.523', TIMESTAMP '2018-12-19 12:36:59.523', 'rQizPAOq Lorem ipsum dolor sit amet, consectetur adipiscing elit, sed do eiusmod tempor incididunt ut labore et dolore magna aliqua. Ut enim ad minim veniam, quis nostrud exercitation ullamco laboris nisi ut aliquip ex ea commodo consequat. Duis aute irure dolor in reprehenderit in voluptate vel', NULL, 0, 'Idea 18 that suggest that we definitely need a longer title for ideas', 29, 10, NULL),
(51, TIMESTAMP '2018-12-17 12:36:59.549', TIMESTAMP '2018-12-18 12:36:59.549', 'ruhnGlAL Lorem ipsum dolor sit amet, consectetur adipiscing elit, sed do eiusmod tempor incididunt u', NULL, 0, 'Idea 19 that suggest that we definitely need a longer title for ideas', 30, 12, NULL),
(52, TIMESTAMP '2018-12-16 12:36:59.559', TIMESTAMP '2018-12-17 12:36:59.559', 'f95zi8m1 Lorem ipsum dolor sit amet, consectetur adipiscing elit, sed do eiusmod tempor incididunt ut labore et dolore magna aliqua. Ut enim ad mi', NULL, 0, 'Idea 20 that suggest that we definitely need a longer title for ideas', 21, 8, NULL),
(53, TIMESTAMP '2018-12-15 12:36:59.579', TIMESTAMP '2018-12-16 12:36:59.579', 'pXzpDcu1 Lorem ipsum dolor sit amet, consectetur adipiscing elit, sed do eiusmod tempor incididunt ut labore et dolore magna aliqua. Ut enim ad minim veniam, quis nostrud ex', NULL, 0, 'Idea 21 that suggest that we definitely need a longer title for ideas', 22, 5, NULL);
INSERT INTO PUBLIC.LAWS(ID, CREATED_AT, UPDATED_AT, DESCRIPTION, REACHED_QUORUM_AT, STATUS, TITLE, AREA_ID, CREATED_BY_ID, POLL_ID) VALUES
(54, TIMESTAMP '2018-12-14 12:36:59.6', TIMESTAMP '2018-12-15 12:36:59.6', '9ij0f0Ih Lorem ipsum dolor sit amet, consectetur adipiscing elit, sed do eiusmod tempor incididunt ut labore et dolore magna aliqua. Ut enim ad minim veniam, quis nostrud exercitation ullamco laboris nisi ut aliquip ex ea commodo consequat', NULL, 0, 'Idea 22 that suggest that we definitely need a longer title for ideas', 23, 13, NULL),
(55, TIMESTAMP '2018-12-13 12:36:59.61', TIMESTAMP '2018-12-14 12:36:59.61', 'zz0KaiVn Lorem ipsum dolor sit amet, consectetur adipiscing elit, sed do eiusmod tempor incididunt ut labore et dolore magna aliqua. Ut enim ad minim veniam, quis nostrud exercitation ullamco laboris nisi ut aliquip ex ea commodo consequat. Duis aute irure dolor in reprehenderit in voluptate velit esse cillum dolore eu fugiat nulla', NULL, 0, 'Idea 23 that suggest that we definitely need a longer title for ideas', 24, 16, NULL),
(56, TIMESTAMP '2018-12-12 12:36:59.635', TIMESTAMP '2018-12-13 12:36:59.635', 'U21WnNIY Lorem ipsum dolor sit amet, consectetur adipiscing elit, sed do eiusmod tempor incididunt ut labore et dolore magna aliqua. Ut enim ad minim veniam, quis nostrud exercitation ullamco laboris nisi ut aliquip ex ea commodo consequat. Duis aute irure dolor in reprehende', NULL, 0, 'Idea 24 that suggest that we definitely need a longer title for ideas', 25, 8, NULL),
(57, TIMESTAMP '2018-12-11 12:36:59.657', TIMESTAMP '2018-12-12 12:36:59.658', 'IjIXpzkU Lorem ipsum dolor sit amet, consectetur adipiscing elit, sed do eiusmod tempor incididunt ut labore et dolore magna aliqua. Ut enim ad minim veniam, quis nostrud exercitation ullamco laboris nisi ut aliquip ex ea commodo consequat. Duis aute irure dolor in reprehenderit in voluptate velit esse cillum dolore eu fugiat nulla pariatur. Excepteur sint occaecat cupidatat non proident, su', NULL, 0, 'Idea 25 that suggest that we definitely need a longer title for ideas', 26, 13, NULL),
(58, TIMESTAMP '2018-12-10 12:36:59.671', TIMESTAMP '2018-12-11 12:36:59.672', 'OoyIWyDV Lorem ipsum dolor sit amet, consectetur adipiscing elit, sed do eiusmod tempor inc', NULL, 0, 'Idea 26 that suggest that we definitely need a longer title for ideas', 27, 9, NULL),
(59, TIMESTAMP '2018-12-09 12:36:59.692', TIMESTAMP '2018-12-10 12:36:59.693', 'VKHoz6AJ Lorem ipsum dolor sit amet, consectetur adipiscing elit, sed do eiusmod tempor incididunt ut labore et dolore magna aliqua. Ut enim ad minim veniam, quis nostrud exercitation ullamco laboris nisi ut aliquip ex ea commodo consequat. Duis aute irure dolor in reprehenderit in voluptate velit esse cillum dolore eu fugiat nulla pariatur. Excepteur sint occaecat cupidatat non pr', NULL, 0, 'Idea 27 that suggest that we definitely need a longer title for ideas', 28, 11, NULL),
(60, TIMESTAMP '2018-12-08 12:36:59.719', TIMESTAMP '2018-12-09 12:36:59.72', 'hMgabH7k Lorem ipsum dolor sit amet, consectetur adipiscing elit, sed do eiusmod tempor incididunt ut labore et dolore magna aliqua. Ut enim ad minim veniam, quis nostrud exercitation ullamco laboris nisi ut aliquip ex ea commodo consequat. Duis aute irure dolor in reprehenderit in voluptate velit esse cillum dolore eu fugiat nulla pariatur. Excepteur', NULL, 0, 'Idea 28 that suggest that we definitely need a longer title for ideas', 29, 17, NULL),
(61, TIMESTAMP '2018-12-07 12:36:59.729', TIMESTAMP '2018-12-08 12:36:59.729', 'vfWI0JpR Lorem ipsum dolor sit amet, consectetur adipiscing elit, sed do eiusmod tempor incididunt ut labore et dolore magna aliqua. Ut enim ad minim veniam, quis nostrud exercitation ullamco laboris nisi ut aliquip ex ea comm', NULL, 0, 'Idea 29 that suggest that we definitely need a longer title for ideas', 30, 19, NULL),
(62, TIMESTAMP '2018-12-06 12:36:59.756', TIMESTAMP '2018-12-07 12:36:59.756', '71suTxXK Lorem ipsum dolor sit amet, consectetur adipiscing elit, sed do eiusmod tempor incididunt ut labore et dolore magna aliqua. Ut enim ad minim veniam, quis nostrud exercitation ullamco laboris nisi ut aliquip ex ea commodo consequat. Duis aute irure dolor in reprehenderit in voluptate v', NULL, 0, 'Idea 30 that suggest that we definitely need a longer title for ideas', 21, 13, NULL);
INSERT INTO PUBLIC.LAWS(ID, CREATED_AT, UPDATED_AT, DESCRIPTION, REACHED_QUORUM_AT, STATUS, TITLE, AREA_ID, CREATED_BY_ID, POLL_ID) VALUES
(63, TIMESTAMP '2018-12-05 12:36:59.767', TIMESTAMP '2018-12-06 12:36:59.767', 'BK3nOVzu Lorem ipsum dolor sit amet, consectetur adipiscing elit, sed do eiusmod tempor incididunt ut labore et dolore magna aliqua. Ut enim ad minim veniam, quis nostrud exercitation ullamco laboris nisi ut aliquip ex ea commodo consequat. Duis aute irure dolor in reprehenderit in voluptate velit esse cillum dolore eu fugiat nulla pariatur. Excepteur sint occaecat cu', NULL, 0, 'Idea 31 that suggest that we definitely need a longer title for ideas', 22, 14, NULL),
(64, TIMESTAMP '2018-12-04 12:36:59.787', TIMESTAMP '2018-12-05 12:36:59.787', 'eqflXMyX Lorem ipsum dolor sit amet, consectetur adipiscing elit, sed do eiusmod tempor incididunt ut labore et dolore magna aliqua. Ut enim ad minim veniam, quis nostrud exercitation ullamco laboris nisi ut aliquip ', NULL, 0, 'Idea 32 that suggest that we definitely need a longer title for ideas', 23, 4, NULL),
(65, TIMESTAMP '2018-12-03 12:36:59.792', TIMESTAMP '2018-12-04 12:36:59.792', 'RMUY10in Lorem ipsum', NULL, 0, 'Idea 33 that suggest that we definitely need a longer title for ideas', 24, 11, NULL),
(66, TIMESTAMP '2018-12-02 12:36:59.801', TIMESTAMP '2018-12-03 12:36:59.801', 'o6HaXkzg Lorem ipsum dolor sit amet, consectetur adipiscing elit, sed do eiusmod tempor incididunt ut labore et dolore magna aliqua. Ut enim ad minim veniam, quis nostrud exercitation ullamco laboris nisi ut aliquip ex ea commodo consequat. Duis aute irure dolor in r', NULL, 0, 'Idea 34 that suggest that we definitely need a longer title for ideas', 25, 10, NULL),
(67, TIMESTAMP '2018-12-01 12:36:59.806', TIMESTAMP '2018-12-02 12:36:59.806', 'CwLyFuwV Lorem ipsum dolor sit amet, consectetur adipiscing elit, sed do eiusmod tempor incididunt ut labore et dolore magna aliqua. Ut enim ad minim veniam, quis nostrud exercitation ullamco laboris nisi ut aliquip ex ea commodo consequat. Duis aute irure dolor in reprehenderit in voluptate velit esse cillum dolore eu f', NULL, 0, 'Idea 35 that suggest that we definitely need a longer title for ideas', 26, 18, NULL),
(68, TIMESTAMP '2018-11-30 12:36:59.812', TIMESTAMP '2018-12-01 12:36:59.812', 'yLAh2mdP Lorem ipsum dolor sit amet, consectetur adipiscing elit, sed do eiusmod tempor incididunt ut labore et dolore magna aliqua. Ut enim ad minim veniam, quis nostrud exercitation ullamco laboris nisi ut aliquip ex ea commodo consequat. Duis aute irure dolor in reprehenderit in voluptate velit esse cillum dolore', NULL, 0, 'Idea 36 that suggest that we definitely need a longer title for ideas', 27, 13, NULL),
(69, TIMESTAMP '2018-11-29 12:36:59.825', TIMESTAMP '2018-11-30 12:36:59.826', 'fITWBZzT Lorem ipsum dolor sit amet, consectetur adipiscing elit, sed do eiusmod tempor incididunt ut labore et dolore magna aliqua. Ut enim ad minim veniam, quis nostrud exercitation ullamco laboris nisi ut aliquip ex ea commodo consequat. Duis aute irure dolor in reprehenderit in voluptate velit esse cillum dolore eu fugiat nulla pariatur. ', NULL, 0, 'Idea 37 that suggest that we definitely need a longer title for ideas', 28, 18, NULL),
(70, TIMESTAMP '2018-11-28 12:36:59.854', TIMESTAMP '2018-11-29 12:36:59.854', '2QaJJFBV Lorem ipsum dolor sit amet, consectetur adipiscing elit, sed do eiusmod tempor incididunt ut labore et dolore magna aliqua. Ut enim ad minim veniam, quis nostrud exercitation ullamco laboris nisi ut ali', NULL, 0, 'Idea 38 that suggest that we definitely need a longer title for ideas', 29, 15, NULL),
(71, TIMESTAMP '2018-11-27 12:36:59.858', TIMESTAMP '2018-11-28 12:36:59.859', 'NToMvd0v Lorem ipsum dolor sit amet, consectetur adipiscing elit, sed do eiusmod tempor incididunt ut l', NULL, 0, 'Idea 39 that suggest that we definitely need a longer title for ideas', 30, 20, NULL),
(72, TIMESTAMP '2018-11-26 12:36:59.877', TIMESTAMP '2018-11-27 12:36:59.877', 'rEx0EJA1 Lore', NULL, 0, 'Idea 40 that suggest that we definitely need a longer title for ideas', 21, 20, NULL);
INSERT INTO PUBLIC.LAWS(ID, CREATED_AT, UPDATED_AT, DESCRIPTION, REACHED_QUORUM_AT, STATUS, TITLE, AREA_ID, CREATED_BY_ID, POLL_ID) VALUES
(73, TIMESTAMP '2018-11-25 12:36:59.883', TIMESTAMP '2018-11-26 12:36:59.884', 'LEpz8Hch Lorem ipsum dolor sit amet, consectetur adipiscing elit, sed', NULL, 0, 'Idea 41 that suggest that we definitely need a longer title for ideas', 22, 11, NULL),
(74, TIMESTAMP '2018-11-24 12:36:59.89', TIMESTAMP '2018-11-25 12:36:59.891', 'ZB1wFMqU Lorem ipsum dolor sit amet, consectetur adipiscing elit, sed', NULL, 0, 'Idea 42 that suggest that we definitely need a longer title for ideas', 23, 11, NULL),
(75, TIMESTAMP '2018-11-23 12:36:59.904', TIMESTAMP '2018-11-24 12:36:59.904', 'y9l8VgZR Lorem ipsum dolor sit amet, consectetur adipiscing elit, sed do eiusmod tempor incididunt ut labore et dolore magna aliqua. Ut enim ad minim veniam, quis nostrud exercitation ullamco laboris nisi ut aliquip ex ea commodo consequat. Duis aute irure dolor in reprehenderit in voluptate velit esse cillum dolore eu fugiat nulla pariatur. Excepteu', NULL, 0, 'Idea 43 that suggest that we definitely need a longer title for ideas', 24, 5, NULL),
(76, TIMESTAMP '2018-11-22 12:36:59.927', TIMESTAMP '2018-11-23 12:36:59.927', 'QWkC1Rvj Lorem ipsum dolor sit amet, consectetur adipiscing elit, sed do eiusmod tempor incididunt ut labore et dolore magna aliqua. Ut enim ad minim veniam, quis nostrud exercitation ullamco laboris nisi ut aliquip ex ea commodo consequat. Duis aute irure dolor in reprehenderit in voluptate velit esse cillum dolore eu fugiat nulla paria', NULL, 0, 'Idea 44 that suggest that we definitely need a longer title for ideas', 25, 1, NULL),
(77, TIMESTAMP '2018-11-21 12:36:59.952', TIMESTAMP '2018-11-22 12:36:59.952', 'rlEm2LQb Lorem ipsum dolor sit amet, consectetur adipiscing elit, sed do eiusmod tempor incididunt ut labore et dolore magna aliqua. Ut enim ad minim veniam, quis nostrud exercitatio', NULL, 0, 'Idea 45 that suggest that we definitely need a longer title for ideas', 26, 10, NULL),
(78, TIMESTAMP '2018-11-20 12:36:59.967', TIMESTAMP '2018-11-21 12:36:59.967', 'XUZnjld9 Lorem ipsum dolor sit amet, consectetur adipiscing elit, sed do eiusmo', NULL, 0, 'Idea 46 that suggest that we definitely need a longer title for ideas', 27, 13, NULL),
(79, TIMESTAMP '2018-11-19 12:36:59.977', TIMESTAMP '2018-11-20 12:36:59.977', 'RvMSWL1e Lorem ipsum dolor sit amet, consectetur adipiscing elit,', NULL, 0, 'Idea 47 that suggest that we definitely need a longer title for ideas', 28, 14, NULL),
(80, TIMESTAMP '2018-11-18 12:36:59.983', TIMESTAMP '2018-11-19 12:36:59.983', 'QwV0AAIo Lorem ipsum dolor sit amet, consectetur adipiscing elit, sed do eiusmod tempor incididunt ut labore et dolore magna aliqua. Ut enim ad minim veniam, quis nostrud exercitation ullamco laboris nisi ut aliquip ex ea commodo consequat. Duis aute irure dolor in reprehe', NULL, 0, 'Idea 48 that suggest that we definitely need a longer title for ideas', 29, 10, NULL),
(81, TIMESTAMP '2018-11-17 12:36:59.994', TIMESTAMP '2018-11-18 12:36:59.994', '2asiNnVA Lorem ipsum dolor sit amet, consectetur adipiscing elit, sed do eiusmod tempor incididunt ut labore et dolore magna aliqua. Ut enim ad minim veniam, quis nostrud exercitation ullamco laboris nisi ut aliquip ex ea commodo consequat. Duis aute irure dolor in reprehenderit in voluptate vel', NULL, 0, 'Idea 49 that suggest that we definitely need a longer title for ideas', 30, 11, NULL),
(82, TIMESTAMP '2018-11-16 12:37:00.025', TIMESTAMP '2018-11-17 12:37:00.025', 'VGNVas2u Lorem ipsum dolor sit amet, consectetur adipiscing elit, sed do eiusmod tempor incididunt ut labore et dolore magna aliqua. Ut enim ad minim veniam, quis nostrud exercitation ullamco laboris nisi ut aliquip ex ea commodo conse', NULL, 0, 'Idea 50 that suggest that we definitely need a longer title for ideas', 21, 17, NULL),
(83, TIMESTAMP '2018-11-15 12:37:00.06', TIMESTAMP '2018-11-16 12:37:00.06', 'EXKEFF5Q Lorem ipsum dolor sit amet, consectetur adipiscing elit, sed do eiusmod tempor incididunt ut labore et dolore magna aliqua. Ut enim ad minim veniam, quis nostrud exercitation ullamco laboris nisi u', NULL, 0, 'Idea 51 that suggest that we definitely need a longer title for ideas', 22, 5, NULL);
INSERT INTO PUBLIC.LAWS(ID, CREATED_AT, UPDATED_AT, DESCRIPTION, REACHED_QUORUM_AT, STATUS, TITLE, AREA_ID, CREATED_BY_ID, POLL_ID) VALUES
(84, TIMESTAMP '2018-11-14 12:37:00.074', TIMESTAMP '2018-11-15 12:37:00.074', 'HLqoL05S Lorem ipsum dolor sit amet, consectetur adipiscing elit, sed do eiusmod tempor incididunt', NULL, 0, 'Idea 52 that suggest that we definitely need a longer title for ideas', 23, 11, NULL),
(85, TIMESTAMP '2018-11-13 12:37:00.082', TIMESTAMP '2018-11-14 12:37:00.083', 'VlxF1UAg Lorem ipsum dolor sit amet, consectetur adipiscing elit, sed do eiusmod ', NULL, 0, 'Idea 53 that suggest that we definitely need a longer title for ideas', 24, 7, NULL),
(86, TIMESTAMP '2018-11-12 12:37:00.107', TIMESTAMP '2018-11-13 12:37:00.108', 'fNJ8990T Lorem ipsum dolor sit amet, consectetur adipiscing elit, sed do eiusmod tempor incididunt ut labore et dolore magna aliqua. Ut enim ad minim veniam, quis nostrud exercitation ullamco laboris nisi ut aliquip ex ea commodo consequat. Duis aute irure dolor in reprehenderit in voluptate velit esse cillum dolore eu fugiat nulla pariatur. Excepteur sint occaecat cupidatat non proid', NULL, 0, 'Idea 54 that suggest that we definitely need a longer title for ideas', 25, 6, NULL),
(87, TIMESTAMP '2018-11-11 12:37:00.126', TIMESTAMP '2018-11-12 12:37:00.126', 'vxKMfuOH Lorem ipsum dolor sit amet, consectet', NULL, 0, 'Idea 55 that suggest that we definitely need a longer title for ideas', 26, 2, NULL),
(88, TIMESTAMP '2018-11-10 12:37:00.143', TIMESTAMP '2018-11-11 12:37:00.143', '6t45cUjX Lorem ipsum dolor sit amet, consectetur adipiscing elit, sed do eiusmod tempor incididunt ut labore et dolore magna aliqua.', NULL, 0, 'Idea 56 that suggest that we definitely need a longer title for ideas', 27, 1, NULL),
(89, TIMESTAMP '2018-11-09 12:37:00.15', TIMESTAMP '2018-11-10 12:37:00.15', 'BltaOuBZ Lorem ipsum dolor sit amet, consectetur adipiscing elit, sed do eiusmod tempor incididunt ut labore et dolore magna aliqua. Ut enim ad minim veniam, quis nostrud exercitation ullamco laboris nisi ut aliquip ex ea commodo consequat. Duis aute irure dolor in reprehenderit in voluptate velit esse cillum dolore eu fugiat nulla pariatur. Excepteur sint occaecat cupidatat non proiden', NULL, 0, 'Idea 57 that suggest that we definitely need a longer title for ideas', 28, 18, NULL),
(90, TIMESTAMP '2018-11-08 12:37:00.161', TIMESTAMP '2018-11-09 12:37:00.161', 'tPyNyZo1 Lorem ipsum dolor sit amet, consectetur adipiscing elit, sed do eiusmod tempor incididunt ut labore et dolore magna aliqua. Ut enim ad minim veniam, quis nostrud exercitation ullam', NULL, 0, 'Idea 58 that suggest that we definitely need a longer title for ideas', 29, 9, NULL),
(91, TIMESTAMP '2018-11-07 12:37:00.166', TIMESTAMP '2018-11-08 12:37:00.167', 'Lmj3HIcR Lorem ipsum dolor sit amet, consectetur adipiscing elit, sed do eiusmod tempor incididunt ut labore et dolore magna aliqua. Ut enim ad minim veniam, quis nostrud exercitation ullamco laboris nisi ut aliquip ex ea commodo consequat. Duis aute irure dolor in reprehenderit in voluptate velit esse cillum dolore eu fugia', NULL, 0, 'Idea 59 that suggest that we definitely need a longer title for ideas', 30, 1, NULL),
(92, TIMESTAMP '2018-11-06 12:37:00.198', TIMESTAMP '2018-11-07 12:37:00.199', 'I6bI5jB0 Lorem ipsum dolor sit amet, consectetur adipiscing elit, sed do eiusmod tempor incididunt ut labore et dolore magna aliqua. Ut enim ad minim veniam, quis nostrud', NULL, 0, 'Idea 60 that suggest that we definitely need a longer title for ideas', 21, 17, NULL),
(93, TIMESTAMP '2018-11-05 12:37:00.211', TIMESTAMP '2018-11-06 12:37:00.211', 'd14UcFIN Lorem ipsum dolor sit amet, consectetur adipiscing elit, sed do eiusmod tempor incididunt ut labore et dolore magna aliqua. Ut enim ad minim veniam, quis nostrud exercitation ullamco laboris nisi ut aliquip ex ea commodo consequat. Duis aute irure dolor in reprehenderit in voluptate velit esse cillum dolore eu fugiat nulla pariatur. Excepteur s', NULL, 0, 'Idea 61 that suggest that we definitely need a longer title for ideas', 22, 13, NULL);
INSERT INTO PUBLIC.LAWS(ID, CREATED_AT, UPDATED_AT, DESCRIPTION, REACHED_QUORUM_AT, STATUS, TITLE, AREA_ID, CREATED_BY_ID, POLL_ID) VALUES
(94, TIMESTAMP '2018-11-04 12:37:00.221', TIMESTAMP '2018-11-05 12:37:00.221', '2TQ95VxE L', NULL, 0, 'Idea 62 that suggest that we definitely need a longer title for ideas', 23, 19, NULL),
(95, TIMESTAMP '2018-11-03 12:37:00.231', TIMESTAMP '2018-11-04 12:37:00.231', 'rryvQ4AU Lorem ipsum dolor sit amet, consectetur adipiscing elit, sed do eiusmod tempor incididunt ut labore et dolore magna aliqua. Ut enim ad minim veniam, quis nostrud exercitation ullamco laboris nisi ut aliquip ex ea commodo consequat. Duis aute irure dolor in reprehenderit in voluptate velit esse cillum dolore eu fugiat nulla pariatur. Excepteur sint occaecat cupidatat non proident, ', NULL, 0, 'Idea 63 that suggest that we definitely need a longer title for ideas', 24, 10, NULL),
(96, TIMESTAMP '2018-11-02 12:37:00.246', TIMESTAMP '2018-11-03 12:37:00.246', 'G9TsEuWv Lorem ipsum dolor sit amet, consectetur adipiscing elit, sed do eiusmod tempor incididunt ut labore et dolore ', NULL, 0, 'Idea 64 that suggest that we definitely need a longer title for ideas', 25, 19, NULL),
(97, TIMESTAMP '2018-11-01 12:37:00.257', TIMESTAMP '2018-11-02 12:37:00.258', '1cVbcVAj Lorem ipsum dolor sit amet, consectetur adipiscing elit, sed do eiusmod tempor incidid', NULL, 0, 'Idea 65 that suggest that we definitely need a longer title for ideas', 26, 2, NULL),
(98, TIMESTAMP '2018-10-31 12:37:00.273', TIMESTAMP '2018-11-01 12:37:00.273', 'pvs4lVpu Lorem ipsum dolor sit amet, consectetur adipiscing elit, sed do eiusmod', NULL, 0, 'Idea 66 that suggest that we definitely need a longer title for ideas', 27, 9, NULL),
(99, TIMESTAMP '2018-10-30 12:37:00.278', TIMESTAMP '2018-10-31 12:37:00.278', 'lWb7N22p Lorem ipsum dolor sit amet, consectetur adipiscing elit, sed do eiusmod tempor incididunt ut labore et dolore magna al', NULL, 0, 'Idea 67 that suggest that we definitely need a longer title for ideas', 28, 19, NULL),
(100, TIMESTAMP '2018-10-29 12:37:00.298', TIMESTAMP '2018-10-30 12:37:00.298', 'HX4F2CE0 Lorem ipsum dolor sit amet, consectetur adipiscing elit, sed do eiusmod tempor incididunt ut labore et dolore magna aliqua. Ut enim ad minim veniam, quis nostrud exercitation ullamco laboris nisi ut aliquip ex ea commodo consequat. Duis aute irure dolor in reprehenderit in voluptate velit esse cillum dolore eu fugiat nulla p', NULL, 0, 'Idea 68 that suggest that we definitely need a longer title for ideas', 29, 17, NULL),
(101, TIMESTAMP '2018-10-28 12:37:00.314', TIMESTAMP '2018-10-29 12:37:00.314', 'HlkG2knr Lorem ipsum dolor sit amet, consectetur adipiscing elit, sed do eiusmod tempor incididunt ut labore et dolore magna aliqua. Ut enim ad minim veniam, quis nostrud exercitation ullamco laboris nisi ut aliquip ex ea commodo consequat. Duis aute irure dolor in reprehenderit in voluptate velit esse cillum dolore eu fugiat nulla pariatur. Excepteur sint occaecat cup', NULL, 0, 'Idea 69 that suggest that we definitely need a longer title for ideas', 30, 11, NULL),
(102, TIMESTAMP '2018-10-27 12:37:00.322', TIMESTAMP '2018-10-28 12:37:00.322', 'N1FaxcRv Lorem ipsum dolor sit amet, consectetur adipiscing elit, sed do eiusmod tempor incididunt ut labore et dolore magna aliqua. Ut enim ad minim veniam, quis nostrud exercitation ullamco laboris nisi ut aliquip ex ea commodo consequat. Duis aute irure dolor in reprehenderit in voluptate velit esse cillum dolore eu', NULL, 0, 'Idea 70 that suggest that we definitely need a longer title for ideas', 21, 12, NULL),
(103, TIMESTAMP '2018-10-26 12:37:00.326', TIMESTAMP '2018-10-27 12:37:00.326', 'oYal07wR Lorem ipsum dolor sit amet, consectetur adipiscing elit, sed do eiusmod tempor incididunt ut labore et dolore magna aliqua. Ut enim ad minim veniam, quis nostrud exercitation ullamco laboris nisi ut aliquip ex ea commodo consequat. Duis aute irure dolor in reprehenderit in voluptate velit esse cillum dolore eu fugiat nulla pariatur. Excepteur', NULL, 0, 'Idea 71 that suggest that we definitely need a longer title for ideas', 22, 3, NULL);
INSERT INTO PUBLIC.LAWS(ID, CREATED_AT, UPDATED_AT, DESCRIPTION, REACHED_QUORUM_AT, STATUS, TITLE, AREA_ID, CREATED_BY_ID, POLL_ID) VALUES
(104, TIMESTAMP '2018-10-25 12:37:00.336', TIMESTAMP '2018-10-26 12:37:00.337', 'jZjct8Kb Lorem ipsum dolor sit amet, consectetur adipiscing elit, sed do eiusmod tempor incididunt ut labore et dolore magna aliqua. Ut enim ad minim veniam, quis nostrud exercitation ullamco laboris nisi ut aliquip ex ea commodo consequat. Duis aute irure dolor in reprehenderit in voluptate velit esse cillum dolore ', NULL, 0, 'Idea 72 that suggest that we definitely need a longer title for ideas', 23, 9, NULL),
(105, TIMESTAMP '2018-10-24 12:37:00.35', TIMESTAMP '2018-10-25 12:37:00.35', 'CjZFCQqP Lorem i', NULL, 0, 'Idea 73 that suggest that we definitely need a longer title for ideas', 24, 3, NULL),
(106, TIMESTAMP '2018-10-23 12:37:00.368', TIMESTAMP '2018-10-24 12:37:00.368', 'xQXw8uTj Lorem ipsum dolor sit amet, consectetur adipiscing elit, sed do eiusmod tempor incididunt ut labore et dolore magna aliqua. Ut enim ad minim veniam, quis nostrud exercitation ullamco laboris nisi ut aliquip ex ea commodo consequat. Duis aute irure dolor in reprehenderit in voluptate velit esse cillum dolore eu fugiat nulla pariatur. Exc', NULL, 0, 'Idea 74 that suggest that we definitely need a longer title for ideas', 25, 8, NULL),
(107, TIMESTAMP '2018-10-22 12:37:00.374', TIMESTAMP '2018-10-23 12:37:00.374', '2QJpxKRj Lorem ipsum dolor sit amet, consectetur adipiscing elit, sed do eiusmod tempor i', NULL, 0, 'Idea 75 that suggest that we definitely need a longer title for ideas', 26, 1, NULL),
(108, TIMESTAMP '2018-10-21 12:37:00.383', TIMESTAMP '2018-10-22 12:37:00.383', 'eHGnW724 Lorem ipsum dolor sit amet, consectetur adipiscing elit, sed do eiusmod tempor incididunt ut labore et dolore magna aliqua. Ut enim ad minim veniam, quis nostrud exercitation ullamco laboris nisi ut aliquip ex ea commodo consequat. Duis aute irure dolor in reprehend', NULL, 0, 'Idea 76 that suggest that we definitely need a longer title for ideas', 27, 15, NULL),
(109, TIMESTAMP '2018-10-20 12:37:00.389', TIMESTAMP '2018-10-21 12:37:00.389', 'q2SX1uyo Lorem ipsum dolor sit amet, consectetur adipiscing elit, sed do eiusmod tempor incididunt ut labore et dolore magna aliqua. Ut enim ad minim veniam, quis nostrud exercita', NULL, 0, 'Idea 77 that suggest that we definitely need a longer title for ideas', 28, 3, NULL),
(110, TIMESTAMP '2018-10-19 12:37:00.398', TIMESTAMP '2018-10-20 12:37:00.398', 'PqWQs3qW Lorem ipsum dolor sit amet, consectetur adipiscing elit, sed do eiusmod tempor incididunt ut labore et dolore magna aliqua. Ut enim ad minim veniam, quis nostrud exercitation ullamco laboris nisi ut aliquip ex ea commodo consequat. Duis aute irure dolor in reprehenderit in voluptate velit esse cillum dolore eu fugiat nulla pariatur. Excepteur sint', NULL, 0, 'Idea 78 that suggest that we definitely need a longer title for ideas', 29, 4, NULL),
(111, TIMESTAMP '2018-10-18 12:37:00.406', TIMESTAMP '2018-10-19 12:37:00.406', 'EN8QOgyj Lorem ipsum dolor sit amet, consectetur adipiscing elit, sed do eiusmod tempor incididunt ut labore et dolore magna aliqua. Ut enim ad minim v', NULL, 0, 'Idea 79 that suggest that we definitely need a longer title for ideas', 30, 10, NULL),
(112, TIMESTAMP '2018-10-17 12:37:00.416', TIMESTAMP '2018-10-18 12:37:00.416', 'MSTnZiOx Lorem ipsum dolor sit amet, consectetur adipiscing elit, sed do eiusmod tempor incididunt ut labore et dolore magna aliqua. Ut enim ad minim veniam, qu', NULL, 0, 'Idea 80 that suggest that we definitely need a longer title for ideas', 21, 15, NULL),
(113, TIMESTAMP '2018-10-16 12:37:00.424', TIMESTAMP '2018-10-17 12:37:00.424', 'V4GFlupk Lorem ipsum dolor sit amet, consectetur adipiscing elit, sed do eiusmod tempor incididunt ut labore et dolore magna aliqua. Ut enim ad minim veniam, quis nostrud exercitation ullamco laboris nisi ut aliquip ex ea commodo consequat. Duis aute irure dolor in reprehenderit in voluptate velit es', NULL, 0, 'Idea 81 that suggest that we definitely need a longer title for ideas', 22, 20, NULL);
INSERT INTO PUBLIC.LAWS(ID, CREATED_AT, UPDATED_AT, DESCRIPTION, REACHED_QUORUM_AT, STATUS, TITLE, AREA_ID, CREATED_BY_ID, POLL_ID) VALUES
(114, TIMESTAMP '2018-10-15 12:37:00.443', TIMESTAMP '2018-10-16 12:37:00.444', 'FNd3vEYj Lorem ipsum dolor sit amet, consectetur adipiscing elit, sed do eiusmod tempor incididunt ut labore et dolore magna aliqua. Ut enim ad minim veniam, quis nostrud exercitation ullamco laboris nisi ut aliquip ex ea commodo consequat. Duis aute irure dolor in reprehenderit in voluptate velit esse cillum dolore eu fugiat nulla pariatur. Excepteur sint occaecat cupid', NULL, 0, 'Idea 82 that suggest that we definitely need a longer title for ideas', 23, 1, NULL),
(115, TIMESTAMP '2018-10-14 12:37:00.456', TIMESTAMP '2018-10-15 12:37:00.456', 'KmP0HuO6 Lorem ipsum dolor sit', NULL, 0, 'Idea 83 that suggest that we definitely need a longer title for ideas', 24, 4, NULL),
(116, TIMESTAMP '2018-10-13 12:37:00.488', TIMESTAMP '2018-10-14 12:37:00.488', 'aqzjoCQC Lorem ipsum dolor sit amet, consectetur', NULL, 0, 'Idea 84 that suggest that we definitely need a longer title for ideas', 25, 11, NULL),
(117, TIMESTAMP '2018-10-12 12:37:00.506', TIMESTAMP '2018-10-13 12:37:00.507', 'Ekrj2QxX Lorem ipsum dolor sit amet, consectetur adipiscing elit, sed do eiusmod tempor incididunt ut labore et dolore magn', NULL, 0, 'Idea 85 that suggest that we definitely need a longer title for ideas', 26, 15, NULL),
(118, TIMESTAMP '2018-10-11 12:37:00.525', TIMESTAMP '2018-10-12 12:37:00.525', 'mnd6tX4G Lorem ipsum dolor sit amet, consectetur adipiscing elit, sed do eiusmod tempor incididunt ut labore et dolore magna aliqua. Ut enim ad minim veniam, quis nostrud exercitation ullamco laboris nisi ut aliquip ex ea commodo consequat. Duis aute irure dolor in reprehenderit in voluptate velit esse cillum dolore eu fugiat nulla pariatur. Excepteur sint occaecat cupidatat no', NULL, 0, 'Idea 86 that suggest that we definitely need a longer title for ideas', 27, 20, NULL),
(119, TIMESTAMP '2018-10-10 12:37:00.542', TIMESTAMP '2018-10-11 12:37:00.542', 'zG38CmAN Lorem ipsum dolor sit amet, consectetur adipiscing elit, sed do eiusmod tempor incididunt ut labore et dolore magna aliqua. Ut enim ad minim veniam, quis nostrud exercitation ullamco laboris nisi ut aliquip ex ea commodo consequat. Duis aute irure dolor in reprehenderit in volup', NULL, 0, 'Idea 87 that suggest that we definitely need a longer title for ideas', 28, 11, NULL),
(120, TIMESTAMP '2018-10-09 12:37:00.556', TIMESTAMP '2018-10-10 12:37:00.557', 'PXOBfb8P Lorem ipsum dolor sit amet, consectetur adipiscing elit, sed do eiusmod tempor incididunt ut labore et dolore magna aliqua. Ut enim ad minim veniam, quis nostrud exercitation ullamco laboris nisi ut aliquip ex ea commodo consequat. Duis aute irure dolor in reprehenderit in voluptate velit esse cillum dolore eu fugiat nulla pariatur. Excepteur sint occaecat cu', NULL, 0, 'Idea 88 that suggest that we definitely need a longer title for ideas', 29, 5, NULL),
(121, TIMESTAMP '2018-10-08 12:37:00.567', TIMESTAMP '2018-10-09 12:37:00.567', 'DtZL2GgC Lorem ipsum dolor sit amet, consectetur adipiscing elit, sed do eiusmod tempor incididunt ut labore et dolore magna aliqua. Ut enim ad minim v', NULL, 0, 'Idea 89 that suggest that we definitely need a longer title for ideas', 30, 16, NULL),
(122, TIMESTAMP '2018-10-07 12:37:00.577', TIMESTAMP '2018-10-08 12:37:00.577', 'KzI9H0G1 Lorem ipsum dolor sit amet, consectetur adipiscing elit, sed do eiusmod tempor incididunt ut labore et dolore magna aliqua. Ut enim ad minim ve', NULL, 0, 'Idea 90 that suggest that we definitely need a longer title for ideas', 21, 13, NULL),
(123, TIMESTAMP '2018-10-06 12:37:00.59', TIMESTAMP '2018-10-07 12:37:00.59', '80gtiw3i Lorem ipsum dolor sit amet, consectetur adipiscing elit, sed do eiusmod tempor incididunt ut labore et dolore magna aliqua. Ut enim ad minim veniam, quis nostrud exercitation ullamco laboris nisi ut aliquip ex ea commodo consequat. Duis aute irure dolor in reprehenderit in voluptate velit esse cillum dolore eu fugiat nulla pariatur. Excepteur', NULL, 0, 'Idea 91 that suggest that we definitely need a longer title for ideas', 22, 3, NULL);
INSERT INTO PUBLIC.LAWS(ID, CREATED_AT, UPDATED_AT, DESCRIPTION, REACHED_QUORUM_AT, STATUS, TITLE, AREA_ID, CREATED_BY_ID, POLL_ID) VALUES
(124, TIMESTAMP '2018-10-05 12:37:00.606', TIMESTAMP '2018-10-06 12:37:00.607', '6TCy4RzM Lorem ipsum dolor sit amet, consect', NULL, 0, 'Idea 92 that suggest that we definitely need a longer title for ideas', 23, 11, NULL),
(125, TIMESTAMP '2018-10-04 12:37:00.619', TIMESTAMP '2018-10-05 12:37:00.619', '6JS0gCVb Lorem ipsum dolor sit amet, consectetur adipiscing elit, sed do eiusmod tempor incididunt ut labore et dolore magna aliqua. Ut enim ad minim veniam, quis nostrud exercitation ullamco la', NULL, 0, 'Idea 93 that suggest that we definitely need a longer title for ideas', 24, 18, NULL),
(126, TIMESTAMP '2018-10-03 12:37:00.624', TIMESTAMP '2018-10-04 12:37:00.624', 'MypDQ2iv Lorem ipsum dolor sit amet, consectetur adipiscing elit, sed do eiusmod tempor incididunt ut labore et dolore magna aliqua. Ut enim ad minim veniam, quis nostrud exercitation ullamco laboris nisi ut aliquip ex ea commodo consequat. Duis aute irure dolo', NULL, 0, 'Idea 94 that suggest that we definitely need a longer title for ideas', 25, 10, NULL),
(127, TIMESTAMP '2018-10-02 12:37:00.632', TIMESTAMP '2018-10-03 12:37:00.632', '5sHOPiSH Lorem ipsum dolor sit amet, consectetur adipiscing elit, sed do eiusmod tempor incididunt ut labore et dolore magna aliqua. Ut enim ad minim veniam, quis nostrud exercitation ullamco laboris nisi ut aliquip ex ea commodo consequat. Duis aute irure dolor in reprehenderit in voluptate velit ess', NULL, 0, 'Idea 95 that suggest that we definitely need a longer title for ideas', 26, 11, NULL),
(128, TIMESTAMP '2018-10-01 12:37:00.65', TIMESTAMP '2018-10-02 12:37:00.65', 'XDIfObdj Lorem ipsum dolor sit amet, consectetur adipiscing elit, sed do eiusmod tempor incididunt ut labore et dolore magna ali', NULL, 0, 'Idea 96 that suggest that we definitely need a longer title for ideas', 27, 17, NULL),
(129, TIMESTAMP '2018-09-30 12:37:00.688', TIMESTAMP '2018-10-01 12:37:00.688', '9v1VwprU Lorem ipsum dolor sit amet, consectetur adipiscing elit, sed do eiusmod tempor incididunt ut labore et dolore magna aliqua. Ut enim ad minim veniam, quis nostrud exercitation ullamco laboris nisi ut aliquip ex ea commodo consequat. Duis aute irure dolor in reprehenderit in voluptate velit esse cillum dolore eu fugiat nulla pariatur. Excepteur sint occaecat cupida', NULL, 0, 'Idea 97 that suggest that we definitely need a longer title for ideas', 28, 4, NULL),
(130, TIMESTAMP '2018-09-29 12:37:00.701', TIMESTAMP '2018-09-30 12:37:00.701', 'i0W2nuVz Lorem ipsum dolor sit amet, consectetur adipiscing elit, sed do eiusmod tempor incididunt ut labore et dolore magna aliqua. Ut enim ad minim veniam, quis nostrud exercitation ullamco laboris nisi ut al', NULL, 0, 'Idea 98 that suggest that we definitely need a longer title for ideas', 29, 2, NULL),
(131, TIMESTAMP '2018-09-28 12:37:00.718', TIMESTAMP '2018-09-29 12:37:00.718', '4IRCNhVv Lorem ipsum dolor sit amet, consectetur adipiscing elit, sed do eiusmod tempor incididunt ut labore et dolore magna aliqua. Ut enim ad minim veniam, quis nostrud exercitation ullamco laboris nisi ut aliquip ex ea commodo consequat. Duis aute irure dolor in reprehenderit in voluptate velit esse cillum dolore eu fugiat nulla pa', NULL, 0, 'Idea 99 that suggest that we definitely need a longer title for ideas', 30, 19, NULL),
(132, TIMESTAMP '2018-09-27 12:37:00.726', TIMESTAMP '2018-09-28 12:37:00.726', 'XpH5B8d3 Lorem ipsum dolor sit amet, consectetur adipiscing elit, sed do eiusmod tempor incididunt ut labore et dolore magna aliqua. Ut enim ad minim veniam, quis nostrud exercitation ullamco laboris nisi ut ali', NULL, 0, 'Idea 100 that suggest that we definitely need a longer title for ideas', 21, 5, NULL),
(133, TIMESTAMP '2018-09-26 12:37:00.731', TIMESTAMP '2018-09-27 12:37:00.731', 'MJJxLt5O Lorem ipsum dolor sit amet, consectetur adipiscing elit, sed do eiusmod tempor incididunt ut labore et dolore magna aliqua. Ut enim ad minim veniam, quis nostrud exercitation ullamco laboris nisi ut aliquip ex ea commodo consequat. Duis aute irure dolor in reprehenderit in voluptate velit esse cillum dolore eu fugiat nulla pariatur. Excepteur sint occaecat cupi', NULL, 0, 'Idea 101 that suggest that we definitely need a longer title for ideas', 22, 13, NULL);
INSERT INTO PUBLIC.LAWS(ID, CREATED_AT, UPDATED_AT, DESCRIPTION, REACHED_QUORUM_AT, STATUS, TITLE, AREA_ID, CREATED_BY_ID, POLL_ID) VALUES
(134, TIMESTAMP '2018-09-25 12:37:00.744', TIMESTAMP '2018-09-26 12:37:00.745', 'lNodtMV2 Lorem ipsum dolor sit amet, consectetur adipiscing elit, sed do eiusmod tempor incididunt ut labore et dolore magna aliqua. Ut enim ad minim veniam, quis nostrud exercitation ullamco laboris nisi ut aliquip ex ea commodo consequat. Duis aute irure dolor in reprehenderit ', NULL, 0, 'Idea 102 that suggest that we definitely need a longer title for ideas', 23, 17, NULL),
(135, TIMESTAMP '2018-09-24 12:37:00.757', TIMESTAMP '2018-09-25 12:37:00.757', 'mHqKVVTK Lorem ipsum dolor sit amet, consectetur adipiscing elit, sed do eiusmod tempor incididunt ut labore et dolore magna aliqua. Ut enim ad minim veniam, quis nostrud exercitation ullamco laboris nisi ut aliquip ex ea commodo consequat. Duis aute irure dolor in reprehenderit in voluptate velit ', NULL, 0, 'Idea 103 that suggest that we definitely need a longer title for ideas', 24, 2, NULL),
(136, TIMESTAMP '2018-09-23 12:37:00.77', TIMESTAMP '2018-09-24 12:37:00.77', 'hyBeb6dr Lorem ipsum dolor sit amet, consectetur adipiscing elit, sed do eiusmod tempor incididunt ut labore et dolore magna aliqua. Ut enim ad minim veniam, quis nostrud exercitation ullamco laboris nisi ut aliquip ex ea commodo consequat. Duis aute irure dolor in reprehenderit in voluptate velit esse cillum dolore eu fugiat nulla pariatur. Excepteur sint occaecat cupidatat non proide', NULL, 0, 'Idea 104 that suggest that we definitely need a longer title for ideas', 25, 5, NULL),
(137, TIMESTAMP '2018-09-22 12:37:00.775', TIMESTAMP '2018-09-23 12:37:00.776', 'XYKCeGqD Lorem ipsum dolor sit amet, consectetur adipiscing elit, sed do eiusmod tempor incididunt ut labore et dolore magna aliqua. Ut enim ad minim veniam, quis nostrud exercitation ullamco laboris nisi ut aliquip ex ea commodo consequat. Duis aute irure dolor in reprehenderit in voluptate velit esse cillum dolore eu fugiat nulla pariatur. Excepteur sint occaecat cupidatat non proident, sunt in', NULL, 0, 'Idea 105 that suggest that we definitely need a longer title for ideas', 26, 7, NULL),
(138, TIMESTAMP '2018-09-21 12:37:00.78', TIMESTAMP '2018-09-22 12:37:00.78', 'Zps6b80e Lorem ipsum dolor sit amet, consectetur adipiscing elit, sed do eiusmod tempor incididunt ut labore et dolore magna aliqua. Ut enim ad minim veniam, quis nostrud exercitation ullamco laboris nisi ut aliquip ex ea commodo consequat. Duis aute irure dolor in reprehenderit in voluptate velit esse cillum dolore eu', NULL, 0, 'Idea 106 that suggest that we definitely need a longer title for ideas', 27, 4, NULL),
(139, TIMESTAMP '2018-09-20 12:37:00.785', TIMESTAMP '2018-09-21 12:37:00.785', 'CJqEjisq Lorem ipsum dolor sit amet, consectetur adipiscing elit, sed do eiusmod tempor incididunt ut labore et dolor', NULL, 0, 'Idea 107 that suggest that we definitely need a longer title for ideas', 28, 17, NULL),
(140, TIMESTAMP '2018-09-19 12:37:00.796', TIMESTAMP '2018-09-20 12:37:00.796', 'LBB5fJgX Lorem ipsum dolor sit amet, consectetur adipiscing elit, sed do eiusmod tempor incididunt ut labore et dolore magna aliqua. Ut enim ad minim veniam, quis nostrud exercitation ullamco laboris nisi ut aliquip ex ea commodo consequat. Duis aute irure dolor in reprehenderit in voluptate velit esse ci', NULL, 0, 'Idea 108 that suggest that we definitely need a longer title for ideas', 29, 5, NULL),
(141, TIMESTAMP '2018-09-18 12:37:00.804', TIMESTAMP '2018-09-19 12:37:00.804', 'pTIy1g10 Lorem ipsum dolor sit amet, consectetur adipiscing elit, sed do eiusmod tempor incididunt ut labore et dolore magna aliqua. Ut enim ad minim veniam, quis nostrud ', NULL, 0, 'Idea 109 that suggest that we definitely need a longer title for ideas', 30, 3, NULL),
(142, TIMESTAMP '2018-09-17 12:37:00.816', TIMESTAMP '2018-09-18 12:37:00.816', '8yWQWgjT Lorem ipsum dolor sit amet, conse', NULL, 0, 'Idea 110 that suggest that we definitely need a longer title for ideas', 21, 13, NULL),
(143, TIMESTAMP '2018-12-30 12:37:00.833', TIMESTAMP '2018-12-31 12:37:00.834', '6r5tRgLl Lorem ipsum dolor sit amet, consectetur adipiscing elit, sed do eiusmod tempor incididunt ut labore et dolore magna aliqua. Ut enim ad minim veniam, quis nostrud exercitation ullamco laboris nisi ut aliquip ex ea commodo consequat. Duis aute irure dolor in reprehenderit in voluptate velit esse cillum dolore eu fugiat nulla pariatur. Excepteur sint occaecat cupidatat no', TIMESTAMP '2019-01-06 12:37:00.83', 1, 'Proposal 0 that reached its quorum', 22, 15, NULL);
INSERT INTO PUBLIC.LAWS(ID, CREATED_AT, UPDATED_AT, DESCRIPTION, REACHED_QUORUM_AT, STATUS, TITLE, AREA_ID, CREATED_BY_ID, POLL_ID) VALUES
(144, TIMESTAMP '2018-12-31 12:37:00.874', TIMESTAMP '2019-01-01 12:37:00.875', 'oFbPZCgg Lorem ipsum dolor sit amet, consectetur adipiscing elit, sed do eiusmod tempor incididunt ut labore et dolore magna a', TIMESTAMP '2019-01-06 12:37:00.872', 1, 'Proposal 1 that reached its quorum', 26, 16, NULL),
(145, TIMESTAMP '2019-01-02 12:37:00.896', TIMESTAMP '2019-01-03 12:37:00.896', 'gnrBWvc7 Lorem ipsum dolor sit amet, consectetur adipiscing elit, sed do eiusmod tempor incid', TIMESTAMP '2019-01-06 12:37:00.892', 1, 'Proposal 2 that reached its quorum', 21, 4, NULL),
(146, TIMESTAMP '2018-12-28 12:37:00.921', TIMESTAMP '2018-12-29 12:37:00.921', 'WQSxGLvf Lorem ipsum dolor sit amet, consectetur adipiscing elit, sed do eiusmod tempor incididunt ut labore et dolore magna al', TIMESTAMP '2019-01-06 12:37:00.913', 1, 'Proposal 3 that reached its quorum', 26, 8, NULL),
(147, TIMESTAMP '2018-12-30 12:37:00.941', TIMESTAMP '2018-12-31 12:37:00.941', 'NDoy12tZ Lorem ipsum dolor sit amet, consectetur adipiscing elit, sed do eiusmod tempor incididunt ut labore et dolore magna aliqua. Ut enim ad minim veniam, quis nostrud exerc', TIMESTAMP '2019-01-06 12:37:00.938', 1, 'Proposal 4 that reached its quorum', 25, 3, NULL),
(148, TIMESTAMP '2019-01-02 12:37:00.959', TIMESTAMP '2019-01-03 12:37:00.959', 'unxhXU0e Lorem ipsum dolor sit amet, consectetur adipiscing elit, sed do eiusmod tempor incididunt ut labore et dolore magna aliqua. Ut enim ad minim veniam, quis nostrud exercitation ullamco laboris nisi ut aliquip ex ea commodo consequat. Duis a', TIMESTAMP '2019-01-06 12:37:00.957', 1, 'Proposal 5 that reached its quorum', 22, 13, NULL),
(149, TIMESTAMP '2019-01-04 12:37:00.982', TIMESTAMP '2019-01-05 12:37:00.982', 'O665OXID Lorem ipsum dolor sit amet, consectetur adipiscing elit, sed do eiusmod tempor incididunt ut labore et dolore magna aliqua. Ut enim ad minim veniam, quis nostrud exercitation ullamco laboris nisi ut aliquip ex ea co', TIMESTAMP '2019-01-06 12:37:00.979', 1, 'Proposal 6 that reached its quorum', 30, 11, NULL),
(150, TIMESTAMP '2019-01-06 12:37:00.997', TIMESTAMP '2019-01-06 12:37:00.997', '7e0PluAX Lorem ipsum dolor ', TIMESTAMP '2019-01-06 12:37:00.995', 1, 'Proposal 7 that reached its quorum', 27, 3, NULL),
(151, TIMESTAMP '2019-01-02 12:37:01.011', TIMESTAMP '2019-01-03 12:37:01.011', 'z9pLt7sX Lorem ipsum dolor sit amet, consectetur adipiscing elit, sed do eiusmod tempor incididunt ut labore et dolore magna aliqua. Ut enim ad minim veniam, quis nostrud exercitation ullamco laboris nisi ut aliquip ex ea commodo consequat. Duis aute irure dolor in reprehenderit in volup', TIMESTAMP '2019-01-06 12:37:01.009', 1, 'Proposal 8 that reached its quorum', 30, 16, NULL),
(152, TIMESTAMP '2019-01-05 12:37:01.025', TIMESTAMP '2019-01-06 12:37:01.026', 'sCHtW4JQ Lorem ipsum dolor sit amet, consectetur adipiscing elit, sed do eiu', TIMESTAMP '2019-01-06 12:37:01.024', 1, 'Proposal 9 that reached its quorum', 23, 12, NULL),
(153, TIMESTAMP '2019-01-05 12:37:01.038', TIMESTAMP '2019-01-06 12:37:01.038', 'RjuKHXFB Lorem ipsum dolor sit amet, consectetur adipiscing elit, sed do eiusmod tempor incididunt ut labore et dolore magna aliqua. Ut enim ad minim veniam, quis nostrud exercitation ullamco laboris nisi ut aliquip ex ea commodo consequat. Duis aute irure dolor in reprehenderit in voluptate velit esse cillum dolore eu fugiat nulla pariatur. Excepteur sint occaec', TIMESTAMP '2019-01-06 12:37:01.036', 1, 'Proposal 10 that reached its quorum', 24, 12, NULL),
(154, TIMESTAMP '2018-12-29 12:37:01.052', TIMESTAMP '2018-12-30 12:37:01.052', 'pjym5PBy Lorem ipsum dolor sit amet, consectetur adipiscing elit, sed do eiusmod tempor', TIMESTAMP '2019-01-06 12:37:01.05', 1, 'Proposal 11 that reached its quorum', 25, 14, NULL),
(155, TIMESTAMP '2019-01-03 12:37:01.085', TIMESTAMP '2019-01-04 12:37:01.085', '4VojFVSG Lorem ipsum dolor sit amet, consectetur adipiscing elit, sed do eiusmod tempor incididunt ut labore et dolore magna aliqua. Ut enim ad minim veniam, quis nostrud exercitation ullamco laboris nisi ut aliquip ex ea commodo consequat. Duis aute irure', TIMESTAMP '2019-01-06 12:37:01.082', 1, 'Proposal 12 that reached its quorum', 25, 6, NULL);
INSERT INTO PUBLIC.LAWS(ID, CREATED_AT, UPDATED_AT, DESCRIPTION, REACHED_QUORUM_AT, STATUS, TITLE, AREA_ID, CREATED_BY_ID, POLL_ID) VALUES
(156, TIMESTAMP '2019-01-02 12:37:01.119', TIMESTAMP '2019-01-03 12:37:01.119', 'yOTavZCY Lorem ipsum dolor sit amet, consectetur adipiscing elit, sed do eiusmod tempor incididunt ut labore et dolore magna aliqua. Ut enim ad minim veniam, quis nostrud exercitation ullamco laboris nisi ut aliquip ex ea commodo consequat. Duis aute irure dolor in reprehenderit in voluptate velit esse cillum dolore eu fugiat nulla pariatur. Except', TIMESTAMP '2019-01-06 12:37:01.116', 1, 'Proposal 13 that reached its quorum', 23, 7, NULL),
(157, TIMESTAMP '2019-01-03 12:37:01.134', TIMESTAMP '2019-01-04 12:37:01.134', 'zIqbNJ9R Lorem ipsum dolor sit amet, consectetur adipiscing elit, sed do eiusmod tempor incididunt ut labore et dolore magn', TIMESTAMP '2019-01-06 12:37:01.132', 1, 'Proposal 14 that reached its quorum', 22, 10, NULL),
(158, TIMESTAMP '2019-01-06 12:37:01.16', TIMESTAMP '2019-01-06 12:37:01.16', 'DrfpVMAx Lorem ipsum dolor sit amet, consectetur adipiscing elit, sed do eiusmod tempor incididunt ut labore et dolore magna aliqua. Ut enim ad minim veniam, quis nostrud exercitation ullamco laboris nisi ut aliquip ex ea commodo consequat. Duis aute irure dolor in reprehenderit in voluptate velit esse cillum dolore eu fugiat nulla pariatur. Excepteur ', TIMESTAMP '2019-01-06 12:37:01.156', 1, 'Proposal 15 that reached its quorum', 25, 11, NULL),
(159, TIMESTAMP '2018-12-31 12:37:01.181', TIMESTAMP '2019-01-01 12:37:01.182', 'OGJ0f3oK Lorem ipsum dolor sit amet, consectetur adipiscing elit, sed do eiusmod tempor incididunt ut labore et dolore magna aliqua. Ut enim ad minim veniam, quis nostrud exercitation ullamco laboris nisi ut aliquip ex ea commodo consequat. Duis aute irure dolor in reprehenderit in voluptate velit esse cillum dolore eu fugiat nulla pariatur. Excepteur sint occaecat cupidatat non proident, s', TIMESTAMP '2019-01-06 12:37:01.178', 1, 'Proposal 16 that reached its quorum', 23, 1, NULL),
(160, TIMESTAMP '2019-01-05 12:37:01.198', TIMESTAMP '2019-01-06 12:37:01.198', 'I72eqM1p Lorem ipsum dolor sit amet, consectetur adipiscing elit, sed do eiusmod tempor incididunt ut labore et dolore magna aliqua. Ut enim ad minim veniam, quis nostrud exercitation ullamco laboris nisi ut aliquip ex ea commodo cons', TIMESTAMP '2019-01-06 12:37:01.196', 1, 'Proposal 17 that reached its quorum', 30, 16, NULL),
(161, TIMESTAMP '2019-01-04 12:37:01.213', TIMESTAMP '2019-01-05 12:37:01.213', '54DidJtX Lorem ipsum dolor sit amet, consectetur adipiscing elit, sed do eiusmod tempor incididunt ut labore et dolore magna aliqua. Ut enim ad minim veniam, quis nostrud exercitation ullamco laboris nisi ut aliquip ex ea commodo consequat. Duis aute irure dolor in reprehenderit in volup', TIMESTAMP '2019-01-06 12:37:01.212', 1, 'Proposal 18 that reached its quorum', 22, 20, NULL),
(162, TIMESTAMP '2019-01-01 12:37:01.225', TIMESTAMP '2019-01-02 12:37:01.226', 'svNLflJJ Lorem ipsum dolor sit amet, consectetur adipiscing elit, sed do eiusmod tempor incididunt ut labore et dolore magna aliqua. Ut enim ad minim veniam, quis nostrud exercitation ullamco laboris nisi ut aliquip ex ea commodo consequat. Duis aute irure dolor in reprehenderit in', TIMESTAMP '2019-01-06 12:37:01.224', 1, 'Proposal 19 that reached its quorum', 28, 7, NULL),
(163, TIMESTAMP '2018-12-30 12:37:01.241', TIMESTAMP '2018-12-31 12:37:01.241', 'wABEyvuR Lorem ipsum dolor sit amet, consectetur adipiscing elit, sed do eiusmod tempor incididunt ut labore et', TIMESTAMP '2019-01-06 12:37:01.239', 1, 'Proposal 20 that reached its quorum', 22, 6, NULL),
(164, TIMESTAMP '2018-12-30 12:37:01.255', TIMESTAMP '2018-12-31 12:37:01.255', 'q6WyTzyb Lorem ipsum dolor sit amet, consectetur adipiscing elit, sed do eiusmod tempor incididunt ut labore et dolore magna aliqua. Ut enim ad', TIMESTAMP '2019-01-06 12:37:01.253', 1, 'Proposal 21 that reached its quorum', 26, 14, NULL),
(165, TIMESTAMP '2018-12-30 12:37:01.295', TIMESTAMP '2018-12-31 12:37:01.296', 'X45EhTCu Lorem ipsum dolor sit amet, consectetur adipiscing elit, sed do eiusmod tempor incididunt ut labore et dolore magna aliqua. Ut enim ad minim veniam, quis nostrud exercitation ullamco laboris nisi ut aliquip ex ea commodo consequat. Duis aute irure dolor in reprehenderit in voluptate velit esse cillum dolore eu fugiat nulla pariatur. Excepteur sint occaecat cu', TIMESTAMP '2019-01-06 12:37:01.293', 1, 'Proposal 22 that reached its quorum', 23, 5, NULL);
INSERT INTO PUBLIC.LAWS(ID, CREATED_AT, UPDATED_AT, DESCRIPTION, REACHED_QUORUM_AT, STATUS, TITLE, AREA_ID, CREATED_BY_ID, POLL_ID) VALUES
(166, TIMESTAMP '2018-12-29 12:37:01.325', TIMESTAMP '2018-12-30 12:37:01.325', 'K47Alyv9 Lorem ', TIMESTAMP '2019-01-06 12:37:01.323', 1, 'Proposal 23 that reached its quorum', 24, 1, NULL),
(167, TIMESTAMP '2019-01-02 12:37:01.34', TIMESTAMP '2019-01-03 12:37:01.34', 'HfaARcaJ Lorem ipsum dolor sit amet, consectetur adipiscing elit, sed do eiusmod tempor incididunt ut labore et dolore magna aliqua. Ut enim ad minim veniam, quis nostrud ', TIMESTAMP '2019-01-06 12:37:01.338', 1, 'Proposal 24 that reached its quorum', 30, 9, NULL),
(168, TIMESTAMP '2019-01-01 12:37:01.362', TIMESTAMP '2019-01-02 12:37:01.362', 'ajp7x0u3 Lorem ipsum dolor sit amet, consectetur adipiscing elit, sed do eiusmod tempor incididunt ut labore et dolore magna aliqua. Ut enim ad minim veniam, quis nostrud e', TIMESTAMP '2019-01-06 12:37:01.36', 1, 'Proposal 25 that reached its quorum', 27, 1, NULL),
(169, TIMESTAMP '2018-12-30 12:37:01.381', TIMESTAMP '2018-12-31 12:37:01.382', 'KDA3yxwz Lorem ipsum dolor sit amet, consectetur adipiscing elit, sed do eiusmod tempor incididunt ut labore et dolore magna aliqua. Ut enim ad minim veniam, quis nostrud exercitation ullamco laboris nisi ut aliquip ex ea commodo consequat. Duis aute irure dolor in reprehenderit in voluptate velit esse cillum dolore eu fugiat nulla pariatur. Excepteur sint occaecat cupidata', TIMESTAMP '2019-01-06 12:37:01.38', 1, 'Proposal 26 that reached its quorum', 28, 15, NULL),
(170, TIMESTAMP '2019-01-05 12:37:01.397', TIMESTAMP '2019-01-06 12:37:01.397', 'fnNfj1yY Lorem ipsum dolor sit amet, consectetur adipiscing elit, sed do eiusmod tempor incididunt ut labore et dolore magna aliqua. Ut enim ad minim veniam, quis nostrud exercitation ullamco laboris nisi ut aliquip ex ea commodo consequat. Duis aute irure dolor in reprehenderit in voluptate velit esse', TIMESTAMP '2019-01-06 12:37:01.395', 1, 'Proposal 27 that reached its quorum', 28, 17, NULL),
(171, TIMESTAMP '2019-01-05 12:37:01.41', TIMESTAMP '2019-01-06 12:37:01.41', 'Trbg3kps Lorem ipsum dolor sit amet, consectetur adipiscing elit, sed do eiusmod tempor incididunt ut labore et dolore magna aliqua. Ut enim ad minim veniam, quis nostrud exercitation ullamco laboris nisi ut aliquip ex ea commodo consequat. Duis aute irure dolor in reprehen', TIMESTAMP '2019-01-06 12:37:01.408', 1, 'Proposal 28 that reached its quorum', 21, 19, NULL),
(172, TIMESTAMP '2018-12-28 12:37:01.42', TIMESTAMP '2018-12-29 12:37:01.42', 'HVtbJ9au Lorem ipsum dolor sit amet, consectetur adipiscing elit, sed do eiusmod tempor incididunt ut labore et dolore magna aliqua. Ut enim ad minim veniam, ', TIMESTAMP '2019-01-06 12:37:01.419', 1, 'Proposal 29 that reached its quorum', 30, 17, NULL),
(173, TIMESTAMP '2018-12-28 12:37:01.432', TIMESTAMP '2018-12-29 12:37:01.432', '3zRudshw Lorem ipsum dolor sit amet, consectetur adipiscing elit, sed do eiusmod tempor incididunt ut labore et dolore magna aliqua. Ut enim ad minim veniam, quis nostrud exercitation ullamco laboris nisi ut aliquip ex ea commodo consequat. Duis aut', TIMESTAMP '2019-01-06 12:37:01.43', 1, 'Proposal 30 that reached its quorum', 27, 13, NULL),
(174, TIMESTAMP '2019-01-03 12:37:01.443', TIMESTAMP '2019-01-04 12:37:01.444', 'QkZPfD76 Lorem ipsum dolor sit amet, con', TIMESTAMP '2019-01-06 12:37:01.442', 1, 'Proposal 31 that reached its quorum', 22, 4, NULL),
(175, TIMESTAMP '2019-01-02 12:37:01.462', TIMESTAMP '2019-01-03 12:37:01.462', 'tZ8njZ1d Lorem ipsum dolor sit amet, consectetur adipiscing elit, sed do eiusmod tempor incididunt ut labore et dolore magna aliqua. Ut enim ad minim veniam, quis nostrud exercitation ullamco laboris nisi ut aliquip ex', TIMESTAMP '2019-01-06 12:37:01.46', 1, 'Proposal 32 that reached its quorum', 30, 11, NULL),
(176, TIMESTAMP '2018-12-29 12:37:01.484', TIMESTAMP '2018-12-30 12:37:01.484', 'z6CxApuT Lorem ipsum dolor sit amet, consectetur adipiscing elit, sed do eiusmod tempor incididunt ut labore et dolore magna aliqua. Ut enim ad minim veniam, quis nostrud exercitation ullamco laboris nisi ut aliquip ex ea commodo consequat. Duis aute irure dolo', TIMESTAMP '2019-01-06 12:37:01.481', 1, 'Proposal 33 that reached its quorum', 30, 3, NULL);
INSERT INTO PUBLIC.LAWS(ID, CREATED_AT, UPDATED_AT, DESCRIPTION, REACHED_QUORUM_AT, STATUS, TITLE, AREA_ID, CREATED_BY_ID, POLL_ID) VALUES
(177, TIMESTAMP '2018-12-28 12:37:01.508', TIMESTAMP '2018-12-29 12:37:01.508', 't5dJNISR Lo', TIMESTAMP '2019-01-06 12:37:01.507', 1, 'Proposal 34 that reached its quorum', 30, 9, NULL),
(178, TIMESTAMP '2019-01-04 12:37:01.527', TIMESTAMP '2019-01-05 12:37:01.528', 'uLQq5n1c Lorem ipsum dolor sit amet, consectetur adipiscing elit, sed do eiusmod tempor incididunt ut labore et dolore magna aliqua. Ut enim ad minim veniam, quis nostrud exercitation ullamco laboris nisi ut aliquip ex ea commodo consequat. Duis aute irure dolor in reprehenderit in voluptate velit esse cillum d', TIMESTAMP '2019-01-06 12:37:01.526', 1, 'Proposal 35 that reached its quorum', 23, 2, NULL),
(179, TIMESTAMP '2019-01-03 12:37:01.552', TIMESTAMP '2019-01-04 12:37:01.552', '0KfPZZ8C Lorem ipsum dolor sit amet, consectetur adipiscing elit, sed do eiusmod tempor incididunt ut labore et dolore magna aliqua. Ut enim ad minim veniam, quis nostrud exercitation ullamco laboris nisi ut aliquip ex ea commodo consequat. Duis aute irure dolor in reprehenderit in ', TIMESTAMP '2019-01-06 12:37:01.545', 1, 'Proposal 36 that reached its quorum', 23, 7, NULL),
(180, TIMESTAMP '2019-01-03 12:37:01.572', TIMESTAMP '2019-01-04 12:37:01.572', 'P6yg96Rm Lorem ipsum dolor sit amet, consectetur adipiscing elit, sed do eiusmod tempor incididunt ut labore et dolore magna aliqua. Ut enim ad minim veniam, quis nostrud exercitation ullamco', TIMESTAMP '2019-01-06 12:37:01.569', 1, 'Proposal 37 that reached its quorum', 25, 20, NULL),
(181, TIMESTAMP '2018-12-29 12:37:01.59', TIMESTAMP '2018-12-30 12:37:01.59', 'EfI9Kz8E Lorem ipsum', TIMESTAMP '2019-01-06 12:37:01.588', 1, 'Proposal 38 that reached its quorum', 27, 16, NULL),
(182, TIMESTAMP '2018-12-29 12:37:01.602', TIMESTAMP '2018-12-30 12:37:01.602', 'XYATYwbu Lorem ipsum dolor sit ', TIMESTAMP '2019-01-06 12:37:01.601', 1, 'Proposal 39 that reached its quorum', 21, 4, NULL),
(183, TIMESTAMP '2019-01-03 12:37:01.614', TIMESTAMP '2019-01-04 12:37:01.614', 'KOUd3uUp Lorem ipsum dolor sit amet, consectetur adipiscing elit, sed do eiusmod tempor incididunt ut labore et dolore magna aliqua. Ut enim ad minim veniam, quis nostrud exercitation ullamco laboris nisi ut aliquip ex ea commodo consequat. Duis aute irure dolor in reprehenderit in ', TIMESTAMP '2019-01-06 12:37:01.613', 1, 'Proposal 40 that reached its quorum', 21, 11, NULL),
(184, TIMESTAMP '2019-01-02 12:37:01.626', TIMESTAMP '2019-01-03 12:37:01.626', 'nSs79cA3 Lorem ipsum dolor sit amet, consectetur adipiscing elit, sed do eiusmod tempor incididunt ut labore et dolore magna aliqua. Ut enim ad minim veniam, quis nostrud exercitation ullamco laboris nisi ut aliquip ex ea commodo consequat. Duis aute irure dolor in ', TIMESTAMP '2019-01-06 12:37:01.624', 1, 'Proposal 41 that reached its quorum', 23, 11, NULL),
(185, TIMESTAMP '2018-12-28 12:37:01.635', TIMESTAMP '2018-12-29 12:37:01.635', '4pihqtol Lorem ipsum dolor sit amet, consectetur adipiscing elit, sed do eiusmod tempor incididunt ut labore et dolore magna aliqua. Ut enim ad minim veniam, quis nostrud exercitation ullamco laboris nisi ut aliquip ex ea commodo consequat. Duis aute irure dolor in re', TIMESTAMP '2019-01-06 12:37:01.634', 1, 'Proposal 42 that reached its quorum', 21, 15, NULL),
(186, TIMESTAMP '2018-12-30 12:37:01.646', TIMESTAMP '2018-12-31 12:37:01.646', 'wWyzxwFG Lorem ipsum dolor sit amet, consectetur adipiscing elit, sed do eiusmod tempor incididunt ut labore et dolore magna aliqua. Ut enim ad minim veniam, quis nostrud exercitation ullamco laboris nisi ut aliquip ex ea commodo consequat. Duis aute', TIMESTAMP '2019-01-06 12:37:01.645', 1, 'Proposal 43 that reached its quorum', 21, 14, NULL),
(187, TIMESTAMP '2018-12-31 12:37:01.664', TIMESTAMP '2019-01-01 12:37:01.664', '87CCUU5H Lorem ipsum dolor sit amet, consectetur', TIMESTAMP '2019-01-06 12:37:01.662', 1, 'Proposal 44 that reached its quorum', 25, 8, NULL),
(188, TIMESTAMP '2019-01-03 12:37:01.708', TIMESTAMP '2019-01-04 12:37:01.708', 'tfZQUTZT Lorem ipsum dolor sit amet, consectetur adipiscing elit, sed do eiusmod tempor incididunt ut labore et dolore magna aliqua. Ut enim ad minim veniam, quis nostrud exercitati', TIMESTAMP '2019-01-06 12:37:01.706', 1, 'Proposal 45 that reached its quorum', 21, 20, NULL);
INSERT INTO PUBLIC.LAWS(ID, CREATED_AT, UPDATED_AT, DESCRIPTION, REACHED_QUORUM_AT, STATUS, TITLE, AREA_ID, CREATED_BY_ID, POLL_ID) VALUES
(189, TIMESTAMP '2018-12-31 12:37:01.727', TIMESTAMP '2019-01-01 12:37:01.727', 'LFvV8y1R Lorem ipsum dolor sit amet, consectetur adipiscing elit, sed do eiusmod tempor incididunt ut labore et dolore magna aliqua. Ut enim ad minim veniam, quis nostrud exercitation ullamco laboris nisi ut aliquip ex ea commodo consequat. Duis au', TIMESTAMP '2019-01-06 12:37:01.725', 1, 'Proposal 46 that reached its quorum', 24, 6, NULL),
(190, TIMESTAMP '2018-12-28 12:37:01.747', TIMESTAMP '2018-12-29 12:37:01.747', 'EoXoQomE Lorem ipsum dolor sit amet, consectetur adipiscing elit, sed do eiusmod tempor incididunt ut labore et dolore magna aliqua. Ut enim ad minim veniam, quis nostrud exercitation ullamco laboris nisi ut aliquip ex ea commodo consequat. Duis aute irure dolor in reprehenderit in voluptate velit esse cillum dolore eu fugiat nulla pariatur. Excepteur sint occaecat cupidatat non proident, ', TIMESTAMP '2019-01-06 12:37:01.745', 1, 'Proposal 47 that reached its quorum', 21, 18, NULL),
(191, TIMESTAMP '2018-12-30 12:37:01.765', TIMESTAMP '2018-12-31 12:37:01.765', 'KrpMCFPe Lorem ipsum dolor sit amet, consectetur adipiscing elit, sed do eiusmod tempor incididunt ut labore et dolore magna aliqua. Ut enim ad minim veniam, quis nostrud exercitation ullamco laboris nisi ut aliquip ex ea commodo consequat. Duis aute irure dolor in reprehenderit in voluptate velit esse cillum dolore eu fugiat nulla pariatur. Excepteu', TIMESTAMP '2019-01-06 12:37:01.762', 1, 'Proposal 48 that reached its quorum', 24, 6, NULL),
(192, TIMESTAMP '2018-12-30 12:37:01.782', TIMESTAMP '2018-12-31 12:37:01.783', 'UUfNzthP Lorem ipsum dolor sit amet, consectetur adipiscing elit, sed do eiusmod tempor incididunt ut labore et dolore magna aliqua. Ut enim ad minim veniam, quis nostrud exercitation ullamc', TIMESTAMP '2019-01-06 12:37:01.78', 1, 'Proposal 49 that reached its quorum', 26, 5, NULL),
(193, TIMESTAMP '2018-12-28 12:37:01.8', TIMESTAMP '2018-12-29 12:37:01.8', 'Lorem ipsum dolor sit amet, consectetur adipiscing elit, sed do eiusmod tempor incididunt ut labore et dolore magna aliqua. Ut', TIMESTAMP '2019-01-06 12:37:01.798', 1, 'Proposal 0 for user testuser1@liquido.de', 28, 1, NULL),
(194, TIMESTAMP '2019-01-03 12:37:01.812', TIMESTAMP '2019-01-04 12:37:01.812', 'Lorem ipsum dolor sit amet, consectetur adipiscing elit, sed do eiusmod tempor incididunt ut labore et dolore magna aliqua. Ut enim ad minim veniam, quis nostrud exercitation ullamco laboris nisi ut aliquip ex ea commodo consequa', TIMESTAMP '2019-01-06 12:37:01.811', 1, 'Proposal 1 for user testuser1@liquido.de', 24, 1, NULL),
(195, TIMESTAMP '2018-12-31 12:37:01.824', TIMESTAMP '2019-01-01 12:37:01.824', 'Lorem ipsum dolor sit amet, consectetur adipiscing elit, sed do eiusmod tempor incididunt ut labore et dolore magna aliqua. Ut enim ad minim veniam, quis nostrud exercitation ullamco laboris nisi ut aliquip ex ea commodo consequat. Duis aute i', TIMESTAMP '2019-01-06 12:37:01.822', 1, 'Proposal 2 for user testuser1@liquido.de', 21, 1, NULL),
(196, TIMESTAMP '2019-01-05 12:37:01.835', TIMESTAMP '2019-01-06 12:37:01.835', 'Lorem ipsum dolor sit amet, consectetur adipiscing elit, sed do eiusmod tempor incididunt ut labore et dolore magna aliqua. Ut enim ad minim veniam, quis nostrud exercitation ullamco laboris nisi ut aliquip ex ea commodo consequat. Duis aute irure dolor in reprehenderit in voluptate velit esse cillum dolore eu fugiat nulla pariatur. Excepteur sint occaecat cupidatat non proident, sunt', TIMESTAMP '2019-01-06 12:37:01.833', 1, 'Proposal 3 for user testuser1@liquido.de', 24, 1, NULL),
(197, TIMESTAMP '2018-12-29 12:37:01.846', TIMESTAMP '2018-12-30 12:37:01.846', 'Lorem ipsum dolor sit amet, consectetur adipiscing elit, sed do eiusmod tempor incididunt ut labore et dolore magna aliqua. Ut enim ad minim veniam, quis nostrud exercitation ullamco laboris nisi ut aliquip ex ea commodo consequat. Duis aute irure dolor in reprehenderit in voluptate velit esse cillum dolore eu fugiat nulla pariatur. Excepteur sint occaecat cupidatat non proident, sunt in culp', TIMESTAMP '2019-01-06 12:37:01.844', 1, 'Proposal 4 for user testuser1@liquido.de', 23, 1, NULL);
INSERT INTO PUBLIC.LAWS(ID, CREATED_AT, UPDATED_AT, DESCRIPTION, REACHED_QUORUM_AT, STATUS, TITLE, AREA_ID, CREATED_BY_ID, POLL_ID) VALUES
(207, TIMESTAMP '2018-12-27 12:37:07.458', TIMESTAMP '2019-01-06 12:37:07.5', 'Lorem ipsum dolor sit amet, consectetur adipiscing elit, sed do eiusmod tempor incididunt ut labore et dolore magna aliqua. Ut enim ad minim veniam, quis nostrud exercitation ullamco laboris nisi ut aliquip ex ea commodo consequat. Duis aute irure dolor in reprehenderit in voluptate velit esse cillum dolore eu fugiat nulla pariatur. Excepteur sint occaecat cupidatat non proi', TIMESTAMP '2019-01-06 12:37:07.456', 2, 'Initial Proposal in a poll that is in elaboration 1546774627444', 21, 13, 216),
(217, TIMESTAMP '2018-12-17 12:37:07.516', TIMESTAMP '2019-01-06 12:37:07.533', 'Lorem ipsum dolor sit amet, consectetur adipiscing elit, sed do eiusmod tempor incididunt ut labore et dolore magna aliqua. Ut enim ad minim veniam, quis nostrud exercitation ullamco laboris nisi ut aliquip ex ea commodo consequat. Duis aute irure dolor in reprehenderit in voluptate velit esse cillum dolore eu fugiat nulla pariatur. Excepteur sint occaecat cupi', TIMESTAMP '2019-01-06 12:37:07.514', 2, 'Alternative Proposal1 in a poll that is in elaboration1546774627501', 21, 15, 216),
(224, TIMESTAMP '2018-12-17 12:37:07.547', TIMESTAMP '2019-01-06 12:37:07.595', 'Lorem ipsum dolor sit amet, consectetur adipiscing elit, sed do eiusmod tempor incididunt ut labore et dolore magna aliqua. Ut enim ad minim veniam, quis nostrud exercitation ullamco laboris nisi ut aliquip ex ea commodo consequat. Duis aute irure dolor in reprehenderit i', TIMESTAMP '2019-01-06 12:37:07.545', 2, 'Alternative Proposal2 in a poll that is in elaboration1546774627534', 21, 7, 216),
(231, TIMESTAMP '2018-12-17 12:37:07.624', TIMESTAMP '2019-01-06 12:37:07.661', 'Lorem ipsum dolor sit amet, consectetur adipiscing elit, sed do eiusmod tempor incididunt ut labore et dolore magn', TIMESTAMP '2019-01-06 12:37:07.62', 2, 'Alternative Proposal3 in a poll that is in elaboration1546774627595', 21, 3, 216),
(238, TIMESTAMP '2018-12-17 12:37:07.681', TIMESTAMP '2019-01-06 12:37:07.71', 'Lorem ipsum dolor sit amet, consectetur adipiscing elit, sed do eiusmod tempor incididunt ut labore et dolore magna aliqua. Ut enim ad minim veniam, quis nostrud exercitation ullamco laboris nisi ut aliquip ex ea commodo consequat. Duis aute irure dolor in reprehenderit in voluptate velit esse cillum dolore eu fugiat nulla pariatur. Excepteur sint occaecat cupi', TIMESTAMP '2019-01-06 12:37:07.679', 2, 'Alternative Proposal4 in a poll that is in elaboration1546774627662', 21, 5, 216),
(245, TIMESTAMP '2018-12-27 12:37:07.724', TIMESTAMP '2019-01-06 12:37:08.053', 'Lorem ipsum dolor sit amet, consectetur adipiscing elit, sed do eiusmod tempor incididunt ut labore et dolore magna aliqua. Ut enim ad minim veniam, quis nostrud exercitation ullamco laboris nisi ut aliquip ex ea commo', TIMESTAMP '2019-01-06 12:37:07.722', 3, 'Proposal 5 in voting phase 1546774627971', 21, 13, 252),
(253, TIMESTAMP '2018-12-17 12:37:07.753', TIMESTAMP '2019-01-06 12:37:08.054', 'Lorem ipsum dolor sit amet, consectetur adipiscing elit, sed do eiusmod tempor incididunt ut labore et dolore magna aliqua. Ut enim ad minim veniam, quis nostrud exercitation ullamco laboris nisi ut aliquip ex ea commodo consequat. Duis aute irure dolor in repre', TIMESTAMP '2019-01-06 12:37:07.751', 3, 'Proposal 4 in voting phase 1546774627971', 21, 15, 252),
(260, TIMESTAMP '2018-12-17 12:37:07.843', TIMESTAMP '2019-01-06 12:37:08.055', 'Lorem ipsum dolor sit amet, consectetur adipiscing elit, sed do eiusmod tempor incididunt ut labore et dolore magna aliqua. Ut enim ad minim veniam, quis nostrud exercitation ullamco laboris nisi ut aliquip ex ea commodo consequat. Duis aute irure dolor in reprehenderit in voluptate velit esse cillum dolore eu fugiat nulla pariat', TIMESTAMP '2019-01-06 12:37:07.839', 3, 'Proposal 3 in voting phase 1546774627971', 21, 7, 252),
(267, TIMESTAMP '2018-12-17 12:37:07.905', TIMESTAMP '2019-01-06 12:37:08.055', 'Lorem ipsum dolor sit amet, consectetur adipiscing elit, sed do eiusmod tempor incididunt ut labore et dolore magna aliqua. Ut enim ad minim veniam, quis nostrud exercitation ullamco laboris nisi ut aliquip ex ea commodo consequat. Duis aute irure dolor in reprehenderit in voluptate velit esse cillum dolore eu fugiat nulla pariatur. Excepteur sint occaecat cupidatat non proident, sunt in culpa', TIMESTAMP '2019-01-06 12:37:07.901', 3, 'Proposal 2 in voting phase 1546774627971', 21, 3, 252);
INSERT INTO PUBLIC.LAWS(ID, CREATED_AT, UPDATED_AT, DESCRIPTION, REACHED_QUORUM_AT, STATUS, TITLE, AREA_ID, CREATED_BY_ID, POLL_ID) VALUES
(274, TIMESTAMP '2018-12-17 12:37:07.944', TIMESTAMP '2019-01-06 12:37:08.055', 'Lorem ipsum dolor sit amet, consectetur adipiscing elit, sed do eiusmod tempor incididunt ut labore et dolore magna aliqua. Ut enim ad minim veniam, quis nostrud exercitation ullamco laboris nisi ut aliquip ex ea commodo consequat. Duis aute irure dolor in reprehenderit in voluptate velit esse cillum dolore eu fugiat nulla pariatur. Excepteur sint occaecat cupidatat non proident, sunt in culpa q', TIMESTAMP '2019-01-06 12:37:07.943', 3, 'Proposal 1 in voting phase 1546774627971', 21, 5, 252),
(281, TIMESTAMP '2018-12-27 12:37:08.076', TIMESTAMP '2019-01-06 12:37:08.35', 'Lorem ipsum dolor sit amet, consectetur adipiscing elit, sed do eiusmod tempor incididunt ut labore et dolore magna aliqua. Ut enim ad minim veniam, quis nostrud exercitation ullamco lab', TIMESTAMP '2019-01-06 12:37:08.073', 3, 'Proposal 5 in voting phase 1546774628315', 21, 13, 288),
(289, TIMESTAMP '2018-12-17 12:37:08.123', TIMESTAMP '2019-01-06 12:37:08.351', 'Lorem ipsum dolor sit amet, consectetur adipiscing elit, sed do eiusmod tempor incididunt ut labore et dolore magna aliqua. Ut enim ad minim veniam, quis nostrud ', TIMESTAMP '2019-01-06 12:37:08.121', 3, 'Proposal 4 in voting phase 1546774628315', 21, 15, 288),
(296, TIMESTAMP '2018-12-17 12:37:08.152', TIMESTAMP '2019-01-06 12:37:08.351', 'Lorem ipsum dolor sit amet, consectetur adipiscing elit, sed do eiusmod tempor incididunt ut labore et dolore magna aliqua. Ut enim ad minim veniam, quis nostrud exercitation ullamco laboris nisi ut aliquip ex ea commodo consequat. Duis aute irure dolor in reprehenderit in voluptate velit esse cillu', TIMESTAMP '2019-01-06 12:37:08.151', 3, 'Proposal 3 in voting phase 1546774628315', 21, 7, 288),
(303, TIMESTAMP '2018-12-17 12:37:08.226', TIMESTAMP '2019-01-06 12:37:08.351', 'Lorem ipsum dolor sit amet, consectetur adipiscing elit, sed do eiusmod tempor incididunt ut labore et dolore magna aliqua. Ut enim ad minim veniam, quis nostrud exercitation ullamco laboris nisi ut aliquip ex ea commodo consequat. Du', TIMESTAMP '2019-01-06 12:37:08.222', 3, 'Proposal 2 in voting phase 1546774628315', 21, 3, 288),
(310, TIMESTAMP '2018-12-17 12:37:08.282', TIMESTAMP '2019-01-06 12:37:08.351', 'Lorem ipsum dolor sit amet, consectetur adipiscing elit, sed do eiusmod tempor incididunt ut labore et dolore magna aliqua. Ut enim ad minim veniam, quis nostrud exercitation ullamco laboris nisi ut aliquip ex ea commodo ', TIMESTAMP '2019-01-06 12:37:08.279', 3, 'Proposal 1 in voting phase 1546774628315', 21, 5, 288),
(333, TIMESTAMP '2018-12-27 12:37:14.032', TIMESTAMP '2019-01-06 12:37:18.06', 'Lorem ipsum dolor sit amet, consectetur adipiscing elit, sed do eiusmod tempor incididunt ut labore et dolore magna aliqua. Ut enim ad minim veniam, quis nostrud exercitation ullamco laboris nisi ut aliquip ex ea commodo consequat. Duis aute irure dolor in reprehenderit in vo', TIMESTAMP '2019-01-06 12:37:14.03', 5, 'Proposal 5 in voting phase 1546774634226', 21, 13, 340),
(341, TIMESTAMP '2018-12-17 12:37:14.056', TIMESTAMP '2019-01-06 12:37:18.061', 'Lorem ipsum dolor sit amet, consectetur adipiscing elit, sed do eiusmod tempor incididunt ut labore et dolore magna aliqua. Ut enim ad minim veniam, quis nostrud exercitation ull', TIMESTAMP '2019-01-06 12:37:14.055', 5, 'Proposal 4 in voting phase 1546774634226', 21, 15, 340),
(348, TIMESTAMP '2018-12-17 12:37:14.081', TIMESTAMP '2019-01-06 12:37:18.061', 'Lorem ipsum dolor sit amet, consectetur adipiscing elit, sed do eiusmod tempor incididunt ut labore et dolore magna aliqua. Ut enim ad minim veniam, quis nostrud exercitation ullamco laboris nisi ut aliquip ex ea commodo consequat. Duis aute irure dolor in reprehenderit', TIMESTAMP '2019-01-06 12:37:14.08', 5, 'Proposal 3 in voting phase 1546774634226', 21, 7, 340),
(355, TIMESTAMP '2018-12-17 12:37:14.114', TIMESTAMP '2019-01-06 12:37:18.062', 'Lorem ipsum dolor sit amet, consectetur adipiscing elit, sed do eiusmod tempor incididunt ut labore et dolore magna aliqua. Ut enim ad minim veniam, quis ', TIMESTAMP '2019-01-06 12:37:14.112', 5, 'Proposal 2 in voting phase 1546774634226', 21, 3, 340);
INSERT INTO PUBLIC.LAWS(ID, CREATED_AT, UPDATED_AT, DESCRIPTION, REACHED_QUORUM_AT, STATUS, TITLE, AREA_ID, CREATED_BY_ID, POLL_ID) VALUES
(362, TIMESTAMP '2018-12-17 12:37:14.181', TIMESTAMP '2019-01-06 12:37:18.062', 'Lorem ipsum dolor sit amet, consectetur adipiscing elit, sed do eiusmod tempor incididunt ut labore et dolore magna aliqua. Ut enim ad minim veniam, quis nostrud exercitation ullamco laboris nisi ut aliquip ex ea commodo consequat. Duis aute irure dolor in reprehenderit in voluptate velit esse cillum dolore eu fugiat nulla', TIMESTAMP '2019-01-06 12:37:14.179', 4, 'Proposal 1 in voting phase 1546774634226', 21, 5, 340),
(385, TIMESTAMP '2018-12-17 12:37:18.082', TIMESTAMP '2019-01-06 12:37:18.081', 'Lorem ipsum dolor sit amet, consectetur adipiscing elit, sed do eiusmod tempor incididunt ut labore et dolore magna aliqua. Ut enim ad minim veniam, quis nostrud exercitation ullamco laboris nisi ut aliquip ex ea commodo consequat. Duis aute irure dolor in reprehenderit in voluptate vel', TIMESTAMP '2018-12-13 12:37:18.078', 4, 'Law 0', 21, 1, NULL),
(386, TIMESTAMP '2018-12-16 12:37:18.102', TIMESTAMP '2019-01-06 12:37:18.102', 'Lorem ipsum dolor sit amet, consectetur adipiscing elit, sed do eiusmod tempor incididunt ut labore et dolore magna aliqua. Ut enim ad minim veniam, ', TIMESTAMP '2018-12-13 12:37:18.098', 4, 'Law 1', 21, 1, NULL);
CREATE MEMORY TABLE PUBLIC.LAWS_COMMENTS(
LAW_MODEL_ID BIGINT NOT NULL,
COMMENTS_ID BIGINT NOT NULL
);
ALTER TABLE PUBLIC.LAWS_COMMENTS ADD CONSTRAINT PUBLIC.CONSTRAINT_A0 PRIMARY KEY(LAW_MODEL_ID, COMMENTS_ID);
-- 20 +/- SELECT COUNT(*) FROM PUBLIC.LAWS_COMMENTS;
INSERT INTO PUBLIC.LAWS_COMMENTS(LAW_MODEL_ID, COMMENTS_ID) VALUES
(207, 208),
(217, 218),
(224, 225),
(231, 232),
(238, 239),
(245, 246),
(253, 254),
(260, 261),
(267, 268),
(274, 275),
(281, 282),
(289, 290),
(296, 297),
(303, 304),
(310, 311),
(333, 334),
(341, 342),
(348, 349),
(355, 356),
(362, 363);
CREATE MEMORY TABLE PUBLIC.LAWS_SUPPORTERS(
LAW_MODEL_ID BIGINT NOT NULL,
SUPPORTERS_ID BIGINT NOT NULL
);
ALTER TABLE PUBLIC.LAWS_SUPPORTERS ADD CONSTRAINT PUBLIC.CONSTRAINT_C PRIMARY KEY(LAW_MODEL_ID, SUPPORTERS_ID);
-- 1250 +/- SELECT COUNT(*) FROM PUBLIC.LAWS_SUPPORTERS;
INSERT INTO PUBLIC.LAWS_SUPPORTERS(LAW_MODEL_ID, SUPPORTERS_ID) VALUES
(31, 2),
(31, 8),
(31, 5),
(31, 4),
(33, 7),
(33, 10),
(33, 3),
(35, 6),
(36, 16),
(37, 10),
(37, 12),
(37, 7),
(37, 15),
(37, 17),
(38, 8),
(38, 9),
(38, 20),
(38, 19),
(38, 11),
(38, 3),
(39, 20),
(39, 9),
(40, 20),
(40, 2),
(40, 17),
(40, 3),
(40, 4),
(41, 15),
(41, 14),
(41, 10),
(41, 13),
(41, 1),
(41, 11),
(41, 19),
(41, 5),
(42, 16),
(42, 5),
(42, 18),
(42, 3),
(42, 7),
(42, 17),
(42, 11),
(43, 5),
(43, 8),
(43, 20),
(43, 19),
(43, 13),
(43, 11),
(43, 15),
(44, 2),
(44, 20),
(44, 19),
(45, 14),
(45, 1),
(45, 13),
(45, 9),
(45, 6),
(47, 15),
(47, 7),
(47, 10),
(47, 4),
(47, 11),
(47, 6),
(47, 8),
(48, 20),
(48, 16),
(48, 19),
(48, 17),
(48, 2),
(48, 10),
(49, 15),
(49, 8),
(49, 16),
(49, 18),
(49, 14),
(49, 7),
(49, 12),
(51, 6),
(51, 11),
(51, 19),
(51, 16),
(51, 4),
(51, 20),
(52, 4),
(52, 14),
(53, 12),
(53, 10),
(53, 8),
(53, 20),
(53, 19),
(53, 3),
(54, 16),
(54, 14),
(54, 12),
(54, 5),
(54, 6),
(54, 1),
(54, 4),
(54, 9),
(55, 11),
(55, 10),
(56, 15),
(56, 11),
(56, 18),
(56, 7),
(57, 2),
(57, 16),
(57, 6),
(57, 7),
(58, 16),
(58, 3),
(58, 1),
(58, 4),
(59, 19),
(59, 3),
(59, 6),
(59, 13),
(59, 5),
(60, 6),
(60, 13),
(60, 7),
(60, 9),
(60, 4),
(60, 8),
(60, 11),
(60, 12),
(61, 15),
(62, 16),
(62, 5),
(62, 6),
(62, 17),
(62, 4),
(62, 15),
(63, 11),
(63, 5),
(63, 10),
(64, 14),
(64, 17),
(64, 3),
(64, 2),
(64, 12),
(64, 6),
(64, 5),
(66, 15),
(66, 9),
(66, 5),
(68, 3),
(69, 5),
(69, 15),
(69, 16),
(69, 3),
(70, 10),
(70, 3),
(70, 18),
(70, 5),
(72, 10),
(72, 13),
(72, 2),
(72, 14),
(72, 7),
(72, 9),
(72, 6),
(73, 20),
(75, 8),
(75, 19),
(75, 12),
(75, 17),
(76, 17),
(76, 2),
(76, 6),
(76, 10),
(76, 7),
(76, 19),
(76, 13),
(76, 14),
(77, 19),
(77, 3),
(77, 20),
(77, 14),
(77, 4),
(77, 12),
(77, 6),
(78, 14),
(78, 17),
(78, 4),
(78, 7),
(78, 16),
(78, 12),
(79, 6),
(79, 8),
(79, 10),
(80, 13),
(81, 4),
(81, 13),
(81, 5),
(82, 18),
(82, 19),
(82, 5),
(82, 3),
(82, 11),
(82, 12),
(83, 8),
(83, 11),
(83, 14),
(84, 8),
(84, 12),
(84, 17),
(85, 12),
(85, 20),
(85, 9),
(86, 16),
(86, 14),
(86, 18),
(86, 20),
(86, 15),
(86, 8),
(86, 2),
(87, 1),
(87, 13),
(87, 18),
(87, 19),
(87, 11),
(88, 11),
(88, 8),
(88, 18),
(88, 17),
(88, 12),
(88, 5),
(88, 10),
(88, 9),
(89, 8),
(89, 10),
(90, 8),
(90, 5),
(90, 17),
(90, 18),
(92, 20),
(92, 8),
(92, 1),
(92, 9),
(92, 14),
(92, 2),
(92, 13),
(92, 16),
(93, 15),
(93, 11),
(93, 10),
(93, 9),
(93, 6),
(93, 18),
(93, 2),
(94, 6),
(94, 8),
(94, 12),
(94, 20),
(94, 11),
(95, 11),
(95, 1),
(95, 17),
(95, 14),
(96, 14),
(96, 10),
(96, 7),
(96, 8),
(96, 15),
(96, 11),
(96, 6),
(97, 11),
(97, 5),
(97, 1),
(98, 19),
(98, 3),
(98, 4),
(98, 15),
(98, 1),
(98, 13),
(98, 5),
(99, 20),
(100, 5),
(100, 8),
(100, 10),
(100, 13),
(100, 15),
(100, 3),
(100, 4),
(100, 1),
(101, 4),
(101, 1),
(101, 19),
(101, 15),
(101, 3),
(101, 10),
(101, 7),
(101, 20),
(102, 6),
(104, 11),
(104, 15),
(104, 1),
(104, 2),
(105, 10),
(105, 11),
(105, 20),
(105, 4),
(105, 1),
(105, 18),
(106, 3),
(106, 19),
(106, 17),
(106, 15),
(106, 4),
(106, 6),
(106, 9),
(106, 16),
(107, 17),
(107, 13),
(108, 11),
(108, 6),
(108, 18),
(109, 12),
(109, 19),
(110, 12),
(110, 14),
(110, 6),
(111, 18),
(111, 9),
(112, 20),
(112, 3),
(112, 12),
(112, 2),
(112, 19),
(113, 17),
(113, 8),
(114, 4),
(114, 20),
(114, 15),
(114, 19),
(114, 10),
(114, 2),
(114, 13),
(114, 16),
(115, 14),
(115, 11),
(115, 16),
(115, 6),
(116, 12),
(116, 16),
(116, 18),
(116, 5),
(116, 14),
(116, 10),
(116, 19),
(117, 8),
(117, 16),
(117, 19),
(117, 13),
(117, 4),
(117, 11),
(117, 2),
(117, 18),
(118, 5),
(118, 7),
(118, 18),
(118, 15),
(118, 10),
(118, 4),
(118, 16),
(118, 13),
(119, 5),
(119, 20),
(119, 15),
(120, 14),
(120, 17),
(120, 13),
(120, 3),
(120, 16),
(121, 14),
(121, 12),
(121, 7),
(122, 1),
(122, 6),
(122, 14),
(122, 19),
(122, 8),
(123, 8),
(123, 11),
(123, 20),
(123, 7),
(123, 15),
(124, 18),
(124, 1),
(124, 4),
(124, 14),
(124, 9),
(124, 17),
(125, 8),
(125, 5),
(125, 7),
(125, 20),
(125, 14),
(125, 19),
(125, 12),
(126, 5),
(127, 14),
(127, 17),
(127, 9),
(128, 4),
(129, 19),
(129, 15);
INSERT INTO PUBLIC.LAWS_SUPPORTERS(LAW_MODEL_ID, SUPPORTERS_ID) VALUES
(129, 10),
(129, 7),
(129, 17),
(129, 9),
(129, 18),
(129, 20),
(130, 19),
(130, 1),
(130, 3),
(130, 13),
(130, 8),
(130, 16),
(131, 20),
(131, 7),
(131, 13),
(131, 6),
(131, 18),
(131, 16),
(131, 14),
(132, 3),
(134, 18),
(135, 3),
(135, 8),
(135, 15),
(135, 13),
(136, 6),
(136, 4),
(136, 20),
(136, 1),
(136, 18),
(136, 11),
(136, 3),
(136, 9),
(137, 4),
(137, 17),
(138, 19),
(139, 18),
(139, 20),
(139, 3),
(140, 3),
(140, 17),
(140, 20),
(140, 9),
(140, 10),
(140, 12),
(141, 14),
(141, 11),
(141, 20),
(141, 7),
(141, 12),
(142, 16),
(142, 3),
(142, 6),
(142, 19),
(142, 12),
(142, 20),
(142, 10),
(143, 12),
(143, 11),
(143, 1),
(143, 10),
(143, 20),
(143, 6),
(143, 4),
(143, 5),
(143, 9),
(143, 3),
(144, 17),
(144, 7),
(144, 8),
(144, 5),
(144, 2),
(144, 6),
(144, 1),
(144, 14),
(144, 4),
(144, 19),
(145, 17),
(145, 5),
(145, 3),
(145, 2),
(145, 18),
(145, 6),
(145, 14),
(145, 13),
(145, 10),
(145, 1),
(146, 15),
(146, 14),
(146, 12),
(146, 5),
(146, 16),
(146, 17),
(146, 13),
(146, 6),
(146, 4),
(146, 1),
(147, 14),
(147, 2),
(147, 18),
(147, 19),
(147, 13),
(147, 4),
(147, 11),
(147, 8),
(147, 16),
(147, 10),
(148, 10),
(148, 1),
(148, 4),
(148, 5),
(148, 15),
(148, 6),
(148, 16),
(148, 20),
(148, 9),
(148, 19),
(149, 19),
(149, 1),
(149, 3),
(149, 2),
(149, 10),
(149, 5),
(149, 7),
(149, 13),
(149, 20),
(149, 6),
(150, 18),
(150, 12),
(150, 2),
(150, 10),
(150, 8),
(150, 20),
(150, 15),
(150, 4),
(150, 17),
(150, 1),
(151, 1),
(151, 11),
(151, 12),
(151, 20),
(151, 2),
(151, 15),
(151, 3),
(151, 17),
(151, 10),
(151, 18),
(152, 11),
(152, 16),
(152, 5),
(152, 18),
(152, 20),
(152, 9),
(152, 3),
(152, 15),
(152, 13),
(152, 14),
(153, 9),
(153, 19),
(153, 7),
(153, 13),
(153, 6),
(153, 2),
(153, 16),
(153, 8),
(153, 3),
(153, 11),
(154, 19),
(154, 7),
(154, 13),
(154, 20),
(154, 6),
(154, 18),
(154, 12),
(154, 9),
(154, 1),
(154, 2),
(155, 15),
(155, 8),
(155, 4),
(155, 11),
(155, 1),
(155, 19),
(155, 7),
(155, 12),
(155, 9),
(155, 2),
(156, 19),
(156, 15),
(156, 1),
(156, 4),
(156, 14),
(156, 13),
(156, 6),
(156, 5),
(156, 18),
(156, 16),
(157, 19),
(157, 3),
(157, 17),
(157, 20),
(157, 6),
(157, 15),
(157, 18),
(157, 16),
(157, 9),
(157, 11),
(158, 13),
(158, 6),
(158, 1),
(158, 17),
(158, 2),
(158, 12),
(158, 18),
(158, 8),
(158, 14),
(158, 9),
(159, 8),
(159, 14),
(159, 7),
(159, 4),
(159, 18),
(159, 10),
(159, 19),
(159, 2),
(159, 11),
(159, 16),
(160, 19),
(160, 17),
(160, 5),
(160, 20),
(160, 15),
(160, 6),
(160, 1),
(160, 11),
(160, 7),
(160, 18),
(161, 14),
(161, 6),
(161, 12),
(161, 9),
(161, 4),
(161, 16),
(161, 18),
(161, 10),
(161, 5),
(161, 15),
(162, 8),
(162, 11),
(162, 12),
(162, 9),
(162, 3),
(162, 18),
(162, 19),
(162, 14),
(162, 20),
(162, 16),
(163, 10),
(163, 12),
(163, 17),
(163, 7),
(163, 18),
(163, 8),
(163, 15),
(163, 16),
(163, 14),
(163, 19),
(164, 6),
(164, 8),
(164, 13),
(164, 18),
(164, 17),
(164, 7),
(164, 4),
(164, 1),
(164, 16),
(164, 12),
(165, 3),
(165, 8),
(165, 12),
(165, 17),
(165, 9),
(165, 11),
(165, 18),
(165, 13),
(165, 20),
(165, 7),
(166, 3),
(166, 19),
(166, 13),
(166, 9),
(166, 8),
(166, 6),
(166, 12),
(166, 15),
(166, 11),
(166, 18),
(167, 16),
(167, 7),
(167, 14),
(167, 10),
(167, 4),
(167, 2),
(167, 18),
(167, 19),
(167, 1),
(167, 11),
(168, 10),
(168, 4),
(168, 12),
(168, 17),
(168, 16),
(168, 15),
(168, 18),
(168, 19),
(168, 2),
(168, 7),
(169, 6),
(169, 11),
(169, 16),
(169, 7),
(169, 5),
(169, 19),
(169, 2),
(169, 4),
(169, 9),
(169, 8),
(170, 8),
(170, 13),
(170, 5),
(170, 12),
(170, 3),
(170, 2),
(170, 6),
(170, 11),
(170, 19),
(170, 4),
(171, 1),
(171, 8),
(171, 16),
(171, 3),
(171, 10),
(171, 11),
(171, 14),
(171, 5),
(171, 4),
(171, 18),
(172, 16),
(172, 15),
(172, 1),
(172, 5),
(172, 3),
(172, 19),
(172, 20),
(172, 2),
(172, 14),
(172, 11),
(173, 7),
(173, 20),
(173, 11),
(173, 3),
(173, 10),
(173, 12),
(173, 6),
(173, 8),
(173, 4),
(173, 14),
(174, 16),
(174, 20),
(174, 10),
(174, 2),
(174, 6),
(174, 1),
(174, 8),
(174, 5),
(174, 13),
(174, 7),
(175, 19),
(175, 17),
(175, 2),
(175, 5),
(175, 8);
INSERT INTO PUBLIC.LAWS_SUPPORTERS(LAW_MODEL_ID, SUPPORTERS_ID) VALUES
(175, 3),
(175, 20),
(175, 13),
(175, 1),
(175, 18),
(176, 17),
(176, 2),
(176, 4),
(176, 15),
(176, 8),
(176, 18),
(176, 1),
(176, 19),
(176, 11),
(176, 6),
(177, 15),
(177, 10),
(177, 17),
(177, 11),
(177, 6),
(177, 2),
(177, 14),
(177, 5),
(177, 16),
(177, 19),
(178, 7),
(178, 11),
(178, 1),
(178, 15),
(178, 10),
(178, 19),
(178, 17),
(178, 13),
(178, 9),
(178, 18),
(179, 13),
(179, 5),
(179, 14),
(179, 17),
(179, 18),
(179, 11),
(179, 8),
(179, 15),
(179, 9),
(179, 12),
(180, 6),
(180, 12),
(180, 9),
(180, 15),
(180, 10),
(180, 11),
(180, 2),
(180, 1),
(180, 16),
(180, 8),
(181, 20),
(181, 19),
(181, 17),
(181, 10),
(181, 13),
(181, 12),
(181, 11),
(181, 2),
(181, 4),
(181, 8),
(182, 9),
(182, 18),
(182, 7),
(182, 17),
(182, 14),
(182, 2),
(182, 5),
(182, 16),
(182, 11),
(182, 20),
(183, 1),
(183, 20),
(183, 12),
(183, 9),
(183, 19),
(183, 4),
(183, 7),
(183, 10),
(183, 16),
(183, 3),
(184, 20),
(184, 12),
(184, 16),
(184, 19),
(184, 6),
(184, 14),
(184, 18),
(184, 8),
(184, 10),
(184, 13),
(185, 20),
(185, 11),
(185, 7),
(185, 14),
(185, 5),
(185, 1),
(185, 10),
(185, 13),
(185, 2),
(185, 6),
(186, 12),
(186, 5),
(186, 8),
(186, 9),
(186, 18),
(186, 3),
(186, 16),
(186, 17),
(186, 4),
(186, 15),
(187, 17),
(187, 6),
(187, 11),
(187, 16),
(187, 10),
(187, 3),
(187, 18),
(187, 20),
(187, 13),
(187, 15),
(188, 8),
(188, 7),
(188, 17),
(188, 12),
(188, 3),
(188, 4),
(188, 18),
(188, 13),
(188, 6),
(188, 9),
(189, 5),
(189, 10),
(189, 16),
(189, 17),
(189, 14),
(189, 11),
(189, 2),
(189, 1),
(189, 3),
(189, 13),
(190, 8),
(190, 17),
(190, 11),
(190, 4),
(190, 6),
(190, 14),
(190, 2),
(190, 16),
(190, 7),
(190, 12),
(191, 17),
(191, 10),
(191, 8),
(191, 5),
(191, 4),
(191, 15),
(191, 19),
(191, 1),
(191, 3),
(191, 18),
(192, 9),
(192, 14),
(192, 20),
(192, 11),
(192, 6),
(192, 15),
(192, 1),
(192, 18),
(192, 16),
(192, 10),
(193, 4),
(193, 18),
(193, 5),
(193, 14),
(193, 17),
(193, 20),
(193, 12),
(193, 11),
(193, 2),
(193, 6),
(194, 13),
(194, 3),
(194, 4),
(194, 15),
(194, 16),
(194, 2),
(194, 14),
(194, 5),
(194, 17),
(194, 19),
(195, 10),
(195, 3),
(195, 20),
(195, 14),
(195, 11),
(195, 12),
(195, 9),
(195, 19),
(195, 4),
(195, 16),
(196, 19),
(196, 17),
(196, 7),
(196, 15),
(196, 2),
(196, 12),
(196, 6),
(196, 10),
(196, 20),
(196, 13),
(197, 13),
(197, 8),
(197, 10),
(197, 20),
(197, 14),
(197, 17),
(197, 15),
(197, 18),
(197, 11),
(197, 16),
(207, 3),
(207, 20),
(207, 8),
(207, 16),
(207, 15),
(207, 4),
(207, 14),
(207, 12),
(207, 5),
(207, 18),
(217, 20),
(217, 3),
(217, 1),
(217, 6),
(217, 17),
(217, 2),
(217, 13),
(217, 12),
(217, 16),
(217, 5),
(224, 5),
(224, 19),
(224, 1),
(224, 18),
(224, 4),
(224, 6),
(224, 16),
(224, 10),
(224, 17),
(224, 8),
(231, 7),
(231, 5),
(231, 2),
(231, 20),
(231, 10),
(231, 13),
(231, 4),
(231, 1),
(231, 6),
(231, 15),
(238, 9),
(238, 6),
(238, 17),
(238, 12),
(238, 1),
(238, 16),
(238, 20),
(238, 14),
(238, 15),
(238, 13),
(245, 19),
(245, 7),
(245, 14),
(245, 4),
(245, 2),
(245, 1),
(245, 5),
(245, 12),
(245, 10),
(245, 11),
(253, 4),
(253, 9),
(253, 20),
(253, 8),
(253, 6),
(253, 2),
(253, 19),
(253, 13),
(253, 12),
(253, 17),
(260, 10),
(260, 3),
(260, 8),
(260, 6),
(260, 5),
(260, 1),
(260, 2),
(260, 20),
(260, 11),
(260, 19),
(267, 11),
(267, 14),
(267, 15),
(267, 12),
(267, 17),
(267, 20),
(267, 8),
(267, 18),
(267, 5),
(267, 10),
(274, 7),
(274, 11),
(274, 19),
(274, 15),
(274, 9),
(274, 18),
(274, 3),
(274, 13),
(274, 20),
(274, 2),
(281, 19),
(281, 17),
(281, 1),
(281, 4),
(281, 10),
(281, 8),
(281, 14),
(281, 5),
(281, 3),
(281, 16),
(289, 1),
(289, 11),
(289, 7),
(289, 19),
(289, 20),
(289, 13),
(289, 12),
(289, 14),
(289, 2),
(289, 10),
(296, 19),
(296, 3),
(296, 9),
(296, 2),
(296, 16),
(296, 18),
(296, 20),
(296, 12),
(296, 1),
(296, 10),
(303, 17),
(303, 4),
(303, 6),
(303, 11),
(303, 1),
(303, 16),
(303, 8),
(303, 19),
(303, 20),
(303, 5),
(310, 9),
(310, 4),
(310, 1),
(310, 10),
(310, 13),
(310, 11),
(310, 18),
(310, 7),
(310, 16),
(310, 12),
(333, 4),
(333, 1),
(333, 20),
(333, 7),
(333, 5),
(333, 16);
INSERT INTO PUBLIC.LAWS_SUPPORTERS(LAW_MODEL_ID, SUPPORTERS_ID) VALUES
(333, 15),
(333, 19),
(333, 9),
(333, 2),
(341, 8),
(341, 20),
(341, 11),
(341, 14),
(341, 17),
(341, 4),
(341, 9),
(341, 5),
(341, 16),
(341, 19),
(348, 3),
(348, 15),
(348, 18),
(348, 19),
(348, 17),
(348, 5),
(348, 20),
(348, 13),
(348, 4),
(348, 8),
(355, 6),
(355, 14),
(355, 19),
(355, 12),
(355, 20),
(355, 9),
(355, 4),
(355, 17),
(355, 10),
(355, 13),
(362, 16),
(362, 13),
(362, 14),
(362, 9),
(362, 7),
(362, 8),
(362, 4),
(362, 3),
(362, 1),
(362, 18),
(385, 14),
(385, 8),
(385, 10),
(385, 7),
(385, 12),
(385, 5),
(385, 9),
(385, 2),
(385, 18),
(385, 3),
(385, 16),
(385, 13),
(385, 4),
(385, 15),
(385, 6),
(385, 11),
(385, 20),
(385, 17),
(386, 5),
(386, 20),
(386, 10),
(386, 3),
(386, 7),
(386, 11),
(386, 17),
(386, 9),
(386, 4),
(386, 14),
(386, 15),
(386, 16),
(386, 6),
(386, 13),
(386, 12),
(386, 2),
(386, 19);
CREATE MEMORY TABLE PUBLIC.ONE_TIME_TOKEN(
ID BIGINT NOT NULL,
CREATED_AT TIMESTAMP NOT NULL,
UPDATED_AT TIMESTAMP NOT NULL,
TOKEN VARCHAR(255) NOT NULL,
TOKEN_TYPE INTEGER NOT NULL,
VALID_UNTIL TIMESTAMP NOT NULL,
USER_ID BIGINT NOT NULL
);
ALTER TABLE PUBLIC.ONE_TIME_TOKEN ADD CONSTRAINT PUBLIC.CONSTRAINT_4 PRIMARY KEY(ID);
-- 0 +/- SELECT COUNT(*) FROM PUBLIC.ONE_TIME_TOKEN;
CREATE MEMORY TABLE PUBLIC.POLLS(
ID BIGINT NOT NULL,
CREATED_AT TIMESTAMP NOT NULL,
UPDATED_AT TIMESTAMP NOT NULL,
STATUS INTEGER,
VOTING_END_AT TIMESTAMP,
VOTING_START_AT TIMESTAMP,
WINNER_ID BIGINT
);
ALTER TABLE PUBLIC.POLLS ADD CONSTRAINT PUBLIC.CONSTRAINT_48 PRIMARY KEY(ID);
-- 4 +/- SELECT COUNT(*) FROM PUBLIC.POLLS;
INSERT INTO PUBLIC.POLLS(ID, CREATED_AT, UPDATED_AT, STATUS, VOTING_END_AT, VOTING_START_AT, WINNER_ID) VALUES
(216, TIMESTAMP '2018-12-30 12:37:07.711', TIMESTAMP '2018-12-30 12:37:07.711', 0, TIMESTAMP '2019-02-03 00:00:00', TIMESTAMP '2019-01-20 00:00:00', NULL),
(252, TIMESTAMP '2018-12-22 12:37:08.009', TIMESTAMP '2019-01-06 12:37:08.053', 1, TIMESTAMP '2019-01-19 00:00:00', TIMESTAMP '2019-01-05 12:37:08.039', NULL),
(288, TIMESTAMP '2018-12-22 12:37:08.329', TIMESTAMP '2019-01-06 12:37:08.351', 1, TIMESTAMP '2019-01-19 00:00:00', TIMESTAMP '2019-01-05 12:37:08.344', NULL),
(340, TIMESTAMP '2019-01-23 05:40:01.589', TIMESTAMP '2019-01-06 12:37:18.06', 2, TIMESTAMP '2019-01-06 12:37:18.044', TIMESTAMP '2018-12-18 12:37:14.288', 362);
CREATE MEMORY TABLE PUBLIC.USERS(
ID BIGINT NOT NULL,
CREATED_AT TIMESTAMP NOT NULL,
UPDATED_AT TIMESTAMP NOT NULL,
EMAIL VARCHAR(255) NOT NULL,
MOBILEPHONE VARCHAR(255),
NAME VARCHAR(255),
PICTURE VARCHAR(255),
WEBSITE VARCHAR(255)
);
ALTER TABLE PUBLIC.USERS ADD CONSTRAINT PUBLIC.CONSTRAINT_4D PRIMARY KEY(ID);
-- 20 +/- SELECT COUNT(*) FROM PUBLIC.USERS;
INSERT INTO PUBLIC.USERS(ID, CREATED_AT, UPDATED_AT, EMAIL, MOBILEPHONE, NAME, PICTURE, WEBSITE) VALUES
(1, TIMESTAMP '2019-01-06 12:36:58.675', TIMESTAMP '2019-01-06 12:36:58.675', 'testuser1@liquido.de', '+49123451', 'Test User1', '/static/img/photos/1.png', 'http://www.liquido.de'),
(2, TIMESTAMP '2019-01-06 12:36:58.728', TIMESTAMP '2019-01-06 12:36:58.728', 'testuser2@liquido.de', '+49123452', 'Test User2', '/static/img/photos/2.png', 'http://www.liquido.de'),
(3, TIMESTAMP '2019-01-06 12:36:58.732', TIMESTAMP '2019-01-06 12:36:58.732', 'testuser3@liquido.de', '+49123453', 'Test User3', '/static/img/photos/3.png', 'http://www.liquido.de'),
(4, TIMESTAMP '2019-01-06 12:36:58.736', TIMESTAMP '2019-01-06 12:36:58.736', 'testuser4@liquido.de', '+49123454', 'Test User4', '/static/img/photos/1.png', 'http://www.liquido.de'),
(5, TIMESTAMP '2019-01-06 12:36:58.739', TIMESTAMP '2019-01-06 12:36:58.739', 'testuser5@liquido.de', '+49123455', 'Test User5', '/static/img/photos/2.png', 'http://www.liquido.de'),
(6, TIMESTAMP '2019-01-06 12:36:58.743', TIMESTAMP '2019-01-06 12:36:58.743', 'testuser6@liquido.de', '+49123456', 'Test User6', '/static/img/photos/3.png', 'http://www.liquido.de'),
(7, TIMESTAMP '2019-01-06 12:36:58.746', TIMESTAMP '2019-01-06 12:36:58.746', 'testuser7@liquido.de', '+49123457', 'Test User7', '/static/img/photos/1.png', 'http://www.liquido.de'),
(8, TIMESTAMP '2019-01-06 12:36:58.751', TIMESTAMP '2019-01-06 12:36:58.751', 'testuser8@liquido.de', '+49123458', 'Test User8', '/static/img/photos/2.png', 'http://www.liquido.de'),
(9, TIMESTAMP '2019-01-06 12:36:58.754', TIMESTAMP '2019-01-06 12:36:58.754', 'testuser9@liquido.de', '+49123459', 'Test User9', '/static/img/photos/3.png', 'http://www.liquido.de'),
(10, TIMESTAMP '2019-01-06 12:36:58.757', TIMESTAMP '2019-01-06 12:36:58.757', 'testuser10@liquido.de', '+491234510', 'Test User10', '/static/img/photos/1.png', 'http://www.liquido.de'),
(11, TIMESTAMP '2019-01-06 12:36:58.761', TIMESTAMP '2019-01-06 12:36:58.761', 'testuser11@liquido.de', '+491234511', 'Test User11', '/static/img/photos/2.png', 'http://www.liquido.de'),
(12, TIMESTAMP '2019-01-06 12:36:58.765', TIMESTAMP '2019-01-06 12:36:58.765', 'testuser12@liquido.de', '+491234512', 'Test User12', '/static/img/photos/3.png', 'http://www.liquido.de'),
(13, TIMESTAMP '2019-01-06 12:36:58.769', TIMESTAMP '2019-01-06 12:36:58.769', 'testuser13@liquido.de', '+491234513', 'Test User13', '/static/img/photos/1.png', 'http://www.liquido.de'),
(14, TIMESTAMP '2019-01-06 12:36:58.772', TIMESTAMP '2019-01-06 12:36:58.772', 'testuser14@liquido.de', '+491234514', 'Test User14', '/static/img/photos/2.png', 'http://www.liquido.de'),
(15, TIMESTAMP '2019-01-06 12:36:58.776', TIMESTAMP '2019-01-06 12:36:58.776', 'testuser15@liquido.de', '+491234515', 'Test User15', '/static/img/photos/3.png', 'http://www.liquido.de'),
(16, TIMESTAMP '2019-01-06 12:36:58.781', TIMESTAMP '2019-01-06 12:36:58.781', 'testuser16@liquido.de', '+491234516', 'Test User16', '/static/img/photos/1.png', 'http://www.liquido.de'),
(17, TIMESTAMP '2019-01-06 12:36:58.785', TIMESTAMP '2019-01-06 12:36:58.785', 'testuser17@liquido.de', '+491234517', 'Test User17', '/static/img/photos/2.png', 'http://www.liquido.de'),
(18, TIMESTAMP '2019-01-06 12:36:58.789', TIMESTAMP '2019-01-06 12:36:58.789', 'testuser18@liquido.de', '+491234518', 'Test User18', '/static/img/photos/3.png', 'http://www.liquido.de'),
(19, TIMESTAMP '2019-01-06 12:36:58.792', TIMESTAMP '2019-01-06 12:36:58.792', 'testuser19@liquido.de', '+491234519', 'Test User19', '/static/img/photos/1.png', 'http://www.liquido.de'),
(20, TIMESTAMP '2019-01-06 12:36:58.795', TIMESTAMP '2019-01-06 12:36:58.795', 'testuser20@liquido.de', '+491234520', 'Test User20', '/static/img/photos/2.png', 'http://www.liquido.de');
-- 0 +/- SELECT COUNT(*) FROM PUBLIC.QRTZ_CALENDARS;
-- 0 +/- SELECT COUNT(*) FROM PUBLIC.QRTZ_CRON_TRIGGERS;
-- 0 +/- SELECT COUNT(*) FROM PUBLIC.QRTZ_FIRED_TRIGGERS;
-- 0 +/- SELECT COUNT(*) FROM PUBLIC.QRTZ_PAUSED_TRIGGER_GRPS;
-- 0 +/- SELECT COUNT(*) FROM PUBLIC.QRTZ_SCHEDULER_STATE;
-- 0 +/- SELECT COUNT(*) FROM PUBLIC.QRTZ_LOCKS;
-- 0 +/- SELECT COUNT(*) FROM PUBLIC.QRTZ_JOB_DETAILS;
-- 0 +/- SELECT COUNT(*) FROM PUBLIC.QRTZ_SIMPLE_TRIGGERS;
-- 0 +/- SELECT COUNT(*) FROM PUBLIC.QRTZ_SIMPROP_TRIGGERS;
-- 0 +/- SELECT COUNT(*) FROM PUBLIC.QRTZ_BLOB_TRIGGERS;
-- 0 +/- SELECT COUNT(*) FROM PUBLIC.QRTZ_TRIGGERS;
ALTER TABLE PUBLIC.AREAS ADD CONSTRAINT PUBLIC.UK_P61HNJ1M450KNDUSCXOLDCHFJ UNIQUE(TITLE);
ALTER TABLE PUBLIC.KEY_VALUE ADD CONSTRAINT PUBLIC.UK_8TE0DHIEXEOWA1RGVA302TO1L UNIQUE(KEY_COL);
ALTER TABLE PUBLIC.USERS ADD CONSTRAINT PUBLIC.UK_6DOTKOTT2KJSP8VW4D0M25FB7 UNIQUE(EMAIL);
ALTER TABLE PUBLIC.LAWS ADD CONSTRAINT PUBLIC.UK_BS516OPV3HONTPTWVPIOOS72B UNIQUE(TITLE);
ALTER TABLE PUBLIC.DELEGATIONS ADD CONSTRAINT PUBLIC.UK2WYH7POIF8NPDWLUR8DFORD0J UNIQUE(AREA_ID, FROM_USER_ID);
ALTER TABLE PUBLIC.LAWS_COMMENTS ADD CONSTRAINT PUBLIC.UK_OF3YV6X3MAHJPHJBJE5XHRXC8 UNIQUE(COMMENTS_ID);
ALTER TABLE PUBLIC.BALLOTS ADD CONSTRAINT PUBLIC.UKHWWEPK8N3CE54LEREWX2FMYXF UNIQUE(POLL_ID, CHECKSUM);
ALTER TABLE PUBLIC.USERS ADD CONSTRAINT PUBLIC.UK_70QE9WOFM8UJ2PEANWKPHERRM UNIQUE(MOBILEPHONE);
ALTER TABLE PUBLIC.CHECKSUMS ADD CONSTRAINT PUBLIC.UKL0XNKLNHLK4PTWSU9B0QXTYBN UNIQUE(AREA_ID, PUBLIC_PROXY_ID);
ALTER TABLE PUBLIC.AREAS ADD CONSTRAINT PUBLIC.FKP9N0U4HM2Q1O7V0068C8GD4EL FOREIGN KEY(CREATED_BY_ID) REFERENCES PUBLIC.USERS(ID) NOCHECK;
ALTER TABLE PUBLIC.DELEGATIONS ADD CONSTRAINT PUBLIC.FK1Y1R0D478R9NTDMUIYKKUHADV FOREIGN KEY(REQUESTED_DELEGATION_FROM_CHECKSUM_CHECKSUM) REFERENCES PUBLIC.CHECKSUMS(CHECKSUM) NOCHECK;
ALTER TABLE PUBLIC.DELEGATIONS ADD CONSTRAINT PUBLIC.FKSWBDEOVC7HSQ5EX30PBMDU9D4 FOREIGN KEY(AREA_ID) REFERENCES PUBLIC.AREAS(ID) NOCHECK;
ALTER TABLE PUBLIC.LAWS ADD CONSTRAINT PUBLIC.FK4QUHD81MM84X6RQ0CCBXSEYXX FOREIGN KEY(POLL_ID) REFERENCES PUBLIC.POLLS(ID) NOCHECK;
ALTER TABLE PUBLIC.LAWS_SUPPORTERS ADD CONSTRAINT PUBLIC.FK9B4I87YIKUCHRIRFJAYMGOHE3 FOREIGN KEY(LAW_MODEL_ID) REFERENCES PUBLIC.LAWS(ID) NOCHECK;
ALTER TABLE PUBLIC.BALLOTS ADD CONSTRAINT PUBLIC.FKOG7SHPLJ1CCOH8N9AO4Y16LQ3 FOREIGN KEY(POLL_ID) REFERENCES PUBLIC.POLLS(ID) NOCHECK;
ALTER TABLE PUBLIC.COMMENTS_DOWN_VOTERS ADD CONSTRAINT PUBLIC.FK62ILAC17TG4CPKRHEONUD72HV FOREIGN KEY(DOWN_VOTERS_ID) REFERENCES PUBLIC.USERS(ID) NOCHECK;
ALTER TABLE PUBLIC.CHECKSUMS ADD CONSTRAINT PUBLIC.FKDFLPSE9FSOGY1FMFDY2W79RG FOREIGN KEY(DELEGATED_TO_CHECKSUM) REFERENCES PUBLIC.CHECKSUMS(CHECKSUM) NOCHECK;
ALTER TABLE PUBLIC.BALLOTS_VOTE_ORDER ADD CONSTRAINT PUBLIC.FKIH6THEWVJEH3OW9DL1YTJ9AWB FOREIGN KEY(BALLOT_MODEL_ID) REFERENCES PUBLIC.BALLOTS(ID) NOCHECK;
ALTER TABLE PUBLIC.CHECKSUMS ADD CONSTRAINT PUBLIC.FK68FTLVL0MWTVOQD3BFUPP0XRG FOREIGN KEY(PUBLIC_PROXY_ID) REFERENCES PUBLIC.USERS(ID) NOCHECK;
ALTER TABLE PUBLIC.LAWS ADD CONSTRAINT PUBLIC.FKTR1PLL46Q50SHWBFFYIYUAVGN FOREIGN KEY(CREATED_BY_ID) REFERENCES PUBLIC.USERS(ID) NOCHECK;
ALTER TABLE PUBLIC.ONE_TIME_TOKEN ADD CONSTRAINT PUBLIC.FK4O21XT1RMRICB3EA4TO5NKR8D FOREIGN KEY(USER_ID) REFERENCES PUBLIC.USERS(ID) NOCHECK;
ALTER TABLE PUBLIC.BALLOTS_VOTE_ORDER ADD CONSTRAINT PUBLIC.FKOWD5MAD84QVWGST43698A6GX5 FOREIGN KEY(VOTE_ORDER_ID) REFERENCES PUBLIC.LAWS(ID) NOCHECK;
ALTER TABLE PUBLIC.COMMENTS ADD CONSTRAINT PUBLIC.FKAKKM6QFYDU7VGNFNE1YO0XMED FOREIGN KEY(CREATED_BY_ID) REFERENCES PUBLIC.USERS(ID) NOCHECK;
ALTER TABLE PUBLIC.DELEGATIONS ADD CONSTRAINT PUBLIC.FK21A6LG8FU2JS6E0JU41WJ2GQP FOREIGN KEY(TO_PROXY_ID) REFERENCES PUBLIC.USERS(ID) NOCHECK;
ALTER TABLE PUBLIC.LAWS_COMMENTS ADD CONSTRAINT PUBLIC.FK36FBKIUITRV0YRVY8S0IG46IX FOREIGN KEY(LAW_MODEL_ID) REFERENCES PUBLIC.LAWS(ID) NOCHECK;
ALTER TABLE PUBLIC.POLLS ADD CONSTRAINT PUBLIC.FKQADOVSMQ4UOK58SP9HKHWJQIS FOREIGN KEY(WINNER_ID) REFERENCES PUBLIC.LAWS(ID) NOCHECK;
ALTER TABLE PUBLIC.DELEGATIONS ADD CONSTRAINT PUBLIC.FK9KOYA2MI6T18VF7U1FROBKNIQ FOREIGN KEY(FROM_USER_ID) REFERENCES PUBLIC.USERS(ID) NOCHECK;
ALTER TABLE PUBLIC.BALLOTS ADD CONSTRAINT PUBLIC.FK1RRV2WY16UQONFL9CR1CQG2XD FOREIGN KEY(CHECKSUM) REFERENCES PUBLIC.CHECKSUMS(CHECKSUM) NOCHECK;
ALTER TABLE PUBLIC.LAWS ADD CONSTRAINT PUBLIC.FK9VIQDJ5LDUN0AHWQDFF1WUY39 FOREIGN KEY(AREA_ID) REFERENCES PUBLIC.AREAS(ID) NOCHECK;
ALTER TABLE PUBLIC.LAWS_COMMENTS ADD CONSTRAINT PUBLIC.FKFL0Y4QFVFPF9YNMMFJ0JEVXFF FOREIGN KEY(COMMENTS_ID) REFERENCES PUBLIC.COMMENTS(ID) NOCHECK;
ALTER TABLE PUBLIC.COMMENTS_UP_VOTERS ADD CONSTRAINT PUBLIC.FKEUURM027PDC4L5A9G9O2L0UYD FOREIGN KEY(UP_VOTERS_ID) REFERENCES PUBLIC.USERS(ID) NOCHECK;
ALTER TABLE PUBLIC.COMMENTS ADD CONSTRAINT PUBLIC.FKLRI30OKF66PHTCGBE5POK7CC0 FOREIGN KEY(PARENT_ID) REFERENCES PUBLIC.COMMENTS(ID) NOCHECK;
ALTER TABLE PUBLIC.COMMENTS_UP_VOTERS ADD CONSTRAINT PUBLIC.FK8LS8T571Y99VTTW1MDKEBXAGP FOREIGN KEY(COMMENT_MODEL_ID) REFERENCES PUBLIC.COMMENTS(ID) NOCHECK;
ALTER TABLE PUBLIC.LAWS_SUPPORTERS ADD CONSTRAINT PUBLIC.FKK8MVJC4RQ970OJAVYFIA9BQVE FOREIGN KEY(SUPPORTERS_ID) REFERENCES PUBLIC.USERS(ID) NOCHECK;
ALTER TABLE PUBLIC.COMMENTS_DOWN_VOTERS ADD CONSTRAINT PUBLIC.FKJYMYJ54LENHS4KE6MYQHLY72 FOREIGN KEY(COMMENT_MODEL_ID) REFERENCES PUBLIC.COMMENTS(ID) NOCHECK;
ALTER TABLE PUBLIC.CHECKSUMS ADD CONSTRAINT PUBLIC.FKLLW57XBW0D67OPTMWFMU3P2PC FOREIGN KEY(AREA_ID) REFERENCES PUBLIC.AREAS(ID) NOCHECK;
