SET DB_CLOSE_DELAY -1;
;
CREATE USER IF NOT EXISTS SA SALT 'fb03f44a76ce492b' HASH '185924df4fab89b7566060872c605388f21b68707c3258ee1a40b426e22aac3f' ADMIN;
CREATE SEQUENCE PUBLIC.HIBERNATE_SEQUENCE START WITH 396;
CREATE MEMORY TABLE PUBLIC.AREAS(
ID BIGINT NOT NULL,
CREATED_AT TIMESTAMP NOT NULL,
UPDATED_AT TIMESTAMP NOT NULL,
DESCRIPTION VARCHAR(255) NOT NULL,
TITLE VARCHAR(255) NOT NULL,
CREATED_BY_ID BIGINT NOT NULL
);
ALTER TABLE PUBLIC.AREAS ADD CONSTRAINT PUBLIC.CONSTRAINT_3 PRIMARY KEY(ID);
-- 10 +/- SELECT COUNT(*) FROM PUBLIC.AREAS;
INSERT INTO PUBLIC.AREAS(ID, CREATED_AT, UPDATED_AT, DESCRIPTION, TITLE, CREATED_BY_ID) VALUES
(21, TIMESTAMP '2019-05-02 09:27:41.586', TIMESTAMP '2019-05-02 09:27:41.586', 'Nice description for test area #0', 'Area 0', 1),
(22, TIMESTAMP '2019-05-02 09:27:41.586', TIMESTAMP '2019-05-02 09:27:41.586', 'Nice description for test area #1', 'Area 1', 1),
(23, TIMESTAMP '2019-05-02 09:27:41.601', TIMESTAMP '2019-05-02 09:27:41.601', 'Nice description for test area #2', 'Area 2', 1),
(24, TIMESTAMP '2019-05-02 09:27:41.601', TIMESTAMP '2019-05-02 09:27:41.601', 'Nice description for test area #3', 'Area 3', 1),
(25, TIMESTAMP '2019-05-02 09:27:41.617', TIMESTAMP '2019-05-02 09:27:41.617', 'Nice description for test area #4', 'Area 4', 1),
(26, TIMESTAMP '2019-05-02 09:27:41.617', TIMESTAMP '2019-05-02 09:27:41.617', 'Nice description for test area #5', 'Area 5', 1),
(27, TIMESTAMP '2019-05-02 09:27:41.617', TIMESTAMP '2019-05-02 09:27:41.617', 'Nice description for test area #6', 'Area 6', 1),
(28, TIMESTAMP '2019-05-02 09:27:41.617', TIMESTAMP '2019-05-02 09:27:41.617', 'Nice description for test area #7', 'Area 7', 1),
(29, TIMESTAMP '2019-05-02 09:27:41.617', TIMESTAMP '2019-05-02 09:27:41.617', 'Nice description for test area #8', 'Area 8', 1),
(30, TIMESTAMP '2019-05-02 09:27:41.633', TIMESTAMP '2019-05-02 09:27:41.633', 'Nice description for test area #9', 'Area 9', 1);
CREATE MEMORY TABLE PUBLIC.BALLOTS(
ID BIGINT NOT NULL,
LEVEL INTEGER NOT NULL,
VOTE_COUNT BIGINT NOT NULL,
CHECKSUM VARCHAR(255) NOT NULL,
POLL_ID BIGINT NOT NULL
);
ALTER TABLE PUBLIC.BALLOTS ADD CONSTRAINT PUBLIC.CONSTRAINT_1 PRIMARY KEY(ID);
-- 32 +/- SELECT COUNT(*) FROM PUBLIC.BALLOTS;
INSERT INTO PUBLIC.BALLOTS(ID, LEVEL, VOTE_COUNT, CHECKSUM, POLL_ID) VALUES
(331, 0, 1, '$2a$10$1IdrGrRAN2Wp3U7QI.JIzuuViLszDdeyBQZ4QNjYJJWIYI5M2O3G2', 303),
(332, 0, 1, '$2a$10$1IdrGrRAN2Wp3U7QI.JIzuDl5QTomD0jkJDoG.VH7LgF6BaMi7mUu', 303),
(333, 0, 4, '$2a$10$1IdrGrRAN2Wp3U7QI.JIzumrB8gg15WYrl/9Od2a/lKdcXxyoRqYe', 303),
(334, 0, 1, '$2a$10$1IdrGrRAN2Wp3U7QI.JIzu0U7xajdi9.MlI8tTpf7ZVQmMn3XTPaq', 303),
(335, 0, 1, '$2a$10$1IdrGrRAN2Wp3U7QI.JIzuA2amXnXPKlVvjlg62SZ08/U45S1krWS', 303),
(336, 0, 1, '$2a$10$1IdrGrRAN2Wp3U7QI.JIzuQi87d/P3rgtaiDqqegSB4vu2sByXkly', 303),
(337, 0, 2, '$2a$10$1IdrGrRAN2Wp3U7QI.JIzumF7aPaiUyhTd0m56K/SiA71ec5pLFu2', 303),
(338, 1, 1, '$2a$10$1IdrGrRAN2Wp3U7QI.JIzu9jY7URudOBmsrn4SD7Sp2bRAti6ztwK', 303),
(339, 0, 1, '$2a$10$1IdrGrRAN2Wp3U7QI.JIzuaW/fGb8Z2mJgsKxYwe5.NrtAFNxSQVS', 303),
(340, 0, 1, '$2a$10$1IdrGrRAN2Wp3U7QI.JIzuWb3cSZmVC9yx83VYQxwLFYSL5g8IoRy', 303),
(341, 0, 1, '$2a$10$1IdrGrRAN2Wp3U7QI.JIzuaXivFiTa4cwzBq6IwpHyvmd9OIEIHwW', 303),
(342, 0, 1, '$2a$10$1IdrGrRAN2Wp3U7QI.JIzuYTSKjBSu3cADo/STK5moSHUhn6NKcyS', 303),
(343, 0, 1, '$2a$10$1IdrGrRAN2Wp3U7QI.JIzuYun6DCp3DqD0HkMSxupTiHcONZRP0YC', 303),
(344, 0, 1, '$2a$10$1IdrGrRAN2Wp3U7QI.JIzuj/DUpsANoEk4usC10lyWBvgCY2jpdQ6', 303),
(345, 0, 1, '$2a$10$1IdrGrRAN2Wp3U7QI.JIzukT2e4dWh2jhcsPdh.C5JEqMyz08zCoa', 303),
(346, 0, 1, '$2a$10$1IdrGrRAN2Wp3U7QI.JIzuRe9KBAxYEu.ylAyhV50ek90rELSRGqG', 303),
(378, 0, 1, '$2a$10$1IdrGrRAN2Wp3U7QI.JIzuuViLszDdeyBQZ4QNjYJJWIYI5M2O3G2', 356),
(379, 0, 1, '$2a$10$1IdrGrRAN2Wp3U7QI.JIzuDl5QTomD0jkJDoG.VH7LgF6BaMi7mUu', 356),
(380, 0, 4, '$2a$10$1IdrGrRAN2Wp3U7QI.JIzumrB8gg15WYrl/9Od2a/lKdcXxyoRqYe', 356),
(381, 0, 1, '$2a$10$1IdrGrRAN2Wp3U7QI.JIzu0U7xajdi9.MlI8tTpf7ZVQmMn3XTPaq', 356),
(382, 0, 1, '$2a$10$1IdrGrRAN2Wp3U7QI.JIzuA2amXnXPKlVvjlg62SZ08/U45S1krWS', 356),
(383, 0, 1, '$2a$10$1IdrGrRAN2Wp3U7QI.JIzuQi87d/P3rgtaiDqqegSB4vu2sByXkly', 356),
(384, 0, 2, '$2a$10$1IdrGrRAN2Wp3U7QI.JIzumF7aPaiUyhTd0m56K/SiA71ec5pLFu2', 356),
(385, 1, 1, '$2a$10$1IdrGrRAN2Wp3U7QI.JIzu9jY7URudOBmsrn4SD7Sp2bRAti6ztwK', 356),
(386, 0, 1, '$2a$10$1IdrGrRAN2Wp3U7QI.JIzuaW/fGb8Z2mJgsKxYwe5.NrtAFNxSQVS', 356),
(387, 0, 1, '$2a$10$1IdrGrRAN2Wp3U7QI.JIzuWb3cSZmVC9yx83VYQxwLFYSL5g8IoRy', 356),
(388, 0, 1, '$2a$10$1IdrGrRAN2Wp3U7QI.JIzuaXivFiTa4cwzBq6IwpHyvmd9OIEIHwW', 356),
(389, 0, 1, '$2a$10$1IdrGrRAN2Wp3U7QI.JIzuYTSKjBSu3cADo/STK5moSHUhn6NKcyS', 356),
(390, 0, 1, '$2a$10$1IdrGrRAN2Wp3U7QI.JIzuYun6DCp3DqD0HkMSxupTiHcONZRP0YC', 356),
(391, 0, 1, '$2a$10$1IdrGrRAN2Wp3U7QI.JIzuj/DUpsANoEk4usC10lyWBvgCY2jpdQ6', 356),
(392, 0, 1, '$2a$10$1IdrGrRAN2Wp3U7QI.JIzukT2e4dWh2jhcsPdh.C5JEqMyz08zCoa', 356),
(393, 0, 1, '$2a$10$1IdrGrRAN2Wp3U7QI.JIzuRe9KBAxYEu.ylAyhV50ek90rELSRGqG', 356);
CREATE MEMORY TABLE PUBLIC.BALLOTS_VOTE_ORDER(
BALLOT_MODEL_ID BIGINT NOT NULL,
VOTE_ORDER_ID BIGINT NOT NULL,
VOTE_ORDER_ORDER INTEGER NOT NULL
);
ALTER TABLE PUBLIC.BALLOTS_VOTE_ORDER ADD CONSTRAINT PUBLIC.CONSTRAINT_5 PRIMARY KEY(BALLOT_MODEL_ID, VOTE_ORDER_ORDER);
-- 142 +/- SELECT COUNT(*) FROM PUBLIC.BALLOTS_VOTE_ORDER;
INSERT INTO PUBLIC.BALLOTS_VOTE_ORDER(BALLOT_MODEL_ID, VOTE_ORDER_ID, VOTE_ORDER_ORDER) VALUES
(331, 304, 0),
(331, 308, 1),
(331, 315, 2),
(331, 321, 3),
(332, 308, 0),
(332, 315, 1),
(332, 295, 2),
(332, 304, 3),
(333, 321, 0),
(333, 315, 1),
(333, 308, 2),
(333, 304, 3),
(337, 321, 0),
(337, 304, 1),
(337, 308, 2),
(337, 315, 3),
(337, 295, 4),
(338, 321, 0),
(338, 304, 1),
(338, 308, 2),
(338, 315, 3),
(338, 295, 4),
(339, 315, 0),
(339, 304, 1),
(339, 321, 2),
(339, 295, 3),
(339, 308, 4),
(334, 295, 0),
(334, 308, 1),
(334, 315, 2),
(334, 321, 3),
(335, 315, 0),
(335, 308, 1),
(335, 321, 2),
(335, 304, 3),
(340, 295, 0),
(340, 304, 1),
(340, 308, 2),
(340, 321, 3),
(341, 304, 0),
(341, 295, 1),
(341, 308, 2),
(341, 315, 3),
(341, 321, 4),
(342, 295, 0),
(342, 321, 1),
(342, 315, 2),
(342, 304, 3),
(343, 321, 0),
(343, 315, 1),
(344, 315, 0),
(344, 308, 1),
(344, 321, 2),
(344, 304, 3),
(344, 295, 4),
(345, 304, 0),
(345, 321, 1),
(345, 315, 2),
(345, 295, 3),
(345, 308, 4),
(346, 295, 0),
(346, 308, 1),
(346, 315, 2),
(346, 321, 3),
(336, 321, 0),
(336, 315, 1),
(336, 308, 2),
(336, 304, 3),
(336, 295, 4),
(378, 372, 0),
(378, 357, 1),
(378, 347, 2),
(378, 367, 3),
(378, 361, 4),
(379, 357, 0),
(379, 361, 1),
(379, 367, 2),
(379, 347, 3),
(379, 372, 4),
(380, 357, 0),
(380, 361, 1),
(380, 347, 2),
(380, 367, 3),
(384, 357, 0),
(384, 361, 1),
(384, 367, 2),
(384, 372, 3),
(385, 357, 0),
(385, 361, 1),
(385, 367, 2),
(385, 372, 3),
(386, 347, 0),
(386, 372, 1),
(386, 361, 2),
(386, 357, 3),
(381, 367, 0),
(381, 347, 1),
(381, 372, 2),
(381, 361, 3),
(381, 357, 4),
(382, 372, 0),
(382, 367, 1),
(382, 347, 2),
(382, 361, 3),
(382, 357, 4),
(387, 367, 0),
(387, 372, 1),
(387, 347, 2),
(387, 361, 3),
(387, 357, 4),
(388, 367, 0),
(388, 357, 1),
(388, 372, 2),
(388, 347, 3),
(388, 361, 4),
(389, 372, 0),
(389, 347, 1),
(389, 367, 2),
(389, 361, 3),
(389, 357, 4),
(390, 357, 0),
(390, 367, 1),
(390, 372, 2),
(390, 361, 3),
(390, 347, 4),
(391, 347, 0),
(391, 357, 1),
(391, 361, 2),
(391, 367, 3),
(391, 372, 4),
(392, 357, 0),
(392, 361, 1),
(392, 372, 2),
(392, 367, 3),
(392, 347, 4),
(393, 357, 0),
(393, 347, 1),
(393, 372, 2),
(383, 372, 0),
(383, 347, 1),
(383, 357, 2),
(383, 361, 3);
CREATE MEMORY TABLE PUBLIC.CHECKSUMS(
CHECKSUM VARCHAR(255) NOT NULL,
EXPIRES_AT TIMESTAMP,
TRANSITIVE BOOLEAN NOT NULL,
AREA_ID BIGINT,
DELEGATED_TO_CHECKSUM VARCHAR(255),
PUBLIC_PROXY_ID BIGINT
);
ALTER TABLE PUBLIC.CHECKSUMS ADD CONSTRAINT PUBLIC.CONSTRAINT_B PRIMARY KEY(CHECKSUM);
-- 18 +/- SELECT COUNT(*) FROM PUBLIC.CHECKSUMS;
INSERT INTO PUBLIC.CHECKSUMS(CHECKSUM, EXPIRES_AT, TRANSITIVE, AREA_ID, DELEGATED_TO_CHECKSUM, PUBLIC_PROXY_ID) VALUES
('$2a$10$1IdrGrRAN2Wp3U7QI.JIzueyGOu7FMMyyMJw3bvzEU2elpOrru8sy', TIMESTAMP '2019-05-03 09:27:46.091', TRUE, 21, NULL, 1),
('$2a$10$1IdrGrRAN2Wp3U7QI.JIzu9jY7URudOBmsrn4SD7Sp2bRAti6ztwK', TIMESTAMP '2019-05-03 09:27:47.71', TRUE, 21, '$2a$10$1IdrGrRAN2Wp3U7QI.JIzumF7aPaiUyhTd0m56K/SiA71ec5pLFu2', 6),
('$2a$10$1IdrGrRAN2Wp3U7QI.JIzuIvB5fBvUb/y3tpzb1Xahzu9k87H3HZ.', TIMESTAMP '2019-05-03 09:27:47.875', TRUE, 21, '$2a$10$1IdrGrRAN2Wp3U7QI.JIzueyGOu7FMMyyMJw3bvzEU2elpOrru8sy', 4),
('$2a$10$1IdrGrRAN2Wp3U7QI.JIzuuViLszDdeyBQZ4QNjYJJWIYI5M2O3G2', TIMESTAMP '2019-05-03 09:27:57.574', TRUE, 21, NULL, 13),
('$2a$10$1IdrGrRAN2Wp3U7QI.JIzuDl5QTomD0jkJDoG.VH7LgF6BaMi7mUu', TIMESTAMP '2019-05-03 09:27:57.808', TRUE, 21, NULL, 15),
('$2a$10$1IdrGrRAN2Wp3U7QI.JIzumrB8gg15WYrl/9Od2a/lKdcXxyoRqYe', TIMESTAMP '2019-05-03 09:27:58.043', TRUE, 21, '$2a$10$1IdrGrRAN2Wp3U7QI.JIzuIvB5fBvUb/y3tpzb1Xahzu9k87H3HZ.', 7),
('$2a$10$1IdrGrRAN2Wp3U7QI.JIzumF7aPaiUyhTd0m56K/SiA71ec5pLFu2', TIMESTAMP '2019-05-03 09:27:58.294', TRUE, 21, '$2a$10$1IdrGrRAN2Wp3U7QI.JIzueyGOu7FMMyyMJw3bvzEU2elpOrru8sy', 3),
('$2a$10$1IdrGrRAN2Wp3U7QI.JIzuaW/fGb8Z2mJgsKxYwe5.NrtAFNxSQVS', TIMESTAMP '2019-05-03 09:27:58.544', TRUE, 21, NULL, 5),
('$2a$10$1IdrGrRAN2Wp3U7QI.JIzu0U7xajdi9.MlI8tTpf7ZVQmMn3XTPaq', TIMESTAMP '2019-05-03 09:27:58.778', TRUE, 21, '$2a$10$1IdrGrRAN2Wp3U7QI.JIzumrB8gg15WYrl/9Od2a/lKdcXxyoRqYe', 10),
('$2a$10$1IdrGrRAN2Wp3U7QI.JIzuA2amXnXPKlVvjlg62SZ08/U45S1krWS', TIMESTAMP '2019-05-03 09:27:59.012', TRUE, 21, '$2a$10$1IdrGrRAN2Wp3U7QI.JIzumrB8gg15WYrl/9Od2a/lKdcXxyoRqYe', 11),
('$2a$10$1IdrGrRAN2Wp3U7QI.JIzuWb3cSZmVC9yx83VYQxwLFYSL5g8IoRy', TIMESTAMP '2019-05-03 09:27:59.248', TRUE, 21, '$2a$10$1IdrGrRAN2Wp3U7QI.JIzueyGOu7FMMyyMJw3bvzEU2elpOrru8sy', NULL),
('$2a$10$1IdrGrRAN2Wp3U7QI.JIzuaXivFiTa4cwzBq6IwpHyvmd9OIEIHwW', TIMESTAMP '2019-05-03 09:27:59.482', TRUE, 21, NULL, 9),
('$2a$10$1IdrGrRAN2Wp3U7QI.JIzuYTSKjBSu3cADo/STK5moSHUhn6NKcyS', TIMESTAMP '2019-05-03 09:27:59.717', TRUE, 21, NULL, 16),
('$2a$10$1IdrGrRAN2Wp3U7QI.JIzuYun6DCp3DqD0HkMSxupTiHcONZRP0YC', TIMESTAMP '2019-05-03 09:27:59.951', TRUE, 21, NULL, 20),
('$2a$10$1IdrGrRAN2Wp3U7QI.JIzuj/DUpsANoEk4usC10lyWBvgCY2jpdQ6', TIMESTAMP '2019-05-03 09:28:00.186', TRUE, 21, NULL, 18),
('$2a$10$1IdrGrRAN2Wp3U7QI.JIzukT2e4dWh2jhcsPdh.C5JEqMyz08zCoa', TIMESTAMP '2019-05-03 09:28:00.422', TRUE, 21, NULL, 14),
('$2a$10$1IdrGrRAN2Wp3U7QI.JIzuRe9KBAxYEu.ylAyhV50ek90rELSRGqG', TIMESTAMP '2019-05-03 09:28:00.656', TRUE, 21, NULL, 19),
('$2a$10$1IdrGrRAN2Wp3U7QI.JIzuQi87d/P3rgtaiDqqegSB4vu2sByXkly', TIMESTAMP '2019-05-03 09:28:00.89', FALSE, 21, '$2a$10$1IdrGrRAN2Wp3U7QI.JIzumrB8gg15WYrl/9Od2a/lKdcXxyoRqYe', 12);
CREATE MEMORY TABLE PUBLIC.COMMENTS(
ID BIGINT NOT NULL,
CREATED_AT TIMESTAMP NOT NULL,
UPDATED_AT TIMESTAMP NOT NULL,
COMMENT VARCHAR(255) NOT NULL,
CREATED_BY_ID BIGINT NOT NULL,
PARENT_ID BIGINT,
PROPOSAL_ID BIGINT NOT NULL
);
ALTER TABLE PUBLIC.COMMENTS ADD CONSTRAINT PUBLIC.CONSTRAINT_A PRIMARY KEY(ID);
-- 129 +/- SELECT COUNT(*) FROM PUBLIC.COMMENTS;
INSERT INTO PUBLIC.COMMENTS(ID, CREATED_AT, UPDATED_AT, COMMENT, CREATED_BY_ID, PARENT_ID, PROPOSAL_ID) VALUES
(194, TIMESTAMP '2019-05-02 09:27:44.389', TIMESTAMP '2019-05-02 09:27:44.389', 'Comment on root level. I really like this idea, but needs to be improved. 1556782064373', 17, NULL, 193),
(195, TIMESTAMP '2019-05-02 09:27:44.389', TIMESTAMP '2019-05-02 09:27:44.389', 'Reply 0 Lorem ipsum dolor sit ame', 2, 194, 193),
(196, TIMESTAMP '2019-05-02 09:27:44.404', TIMESTAMP '2019-05-02 09:27:44.404', 'Reply 1 Lorem ipsum dolor sit amet, consectetur adipiscing elit, sed do eiusmod tempor incid', 14, 194, 193),
(197, TIMESTAMP '2019-05-02 09:27:44.404', TIMESTAMP '2019-05-02 09:27:44.404', 'Reply 2 Lorem ipsum dolor sit amet, co', 16, 194, 193),
(198, TIMESTAMP '2019-05-02 09:27:44.404', TIMESTAMP '2019-05-02 09:27:44.404', 'Reply 3 Lorem ipsum dolor sit amet, consectetur adipiscing elit, sed do eiusmod tempor incid', 14, 194, 193),
(200, TIMESTAMP '2019-05-02 09:27:44.451', TIMESTAMP '2019-05-02 09:27:44.451', 'Comment on root level. I really like this idea, but needs to be improved. 1556782064451', 13, NULL, 199),
(201, TIMESTAMP '2019-05-02 09:27:44.451', TIMESTAMP '2019-05-02 09:27:44.451', 'Reply 0 Lorem ipsum dolor sit amet', 2, 200, 199),
(202, TIMESTAMP '2019-05-02 09:27:44.451', TIMESTAMP '2019-05-02 09:27:44.451', 'Reply 1 Lorem ipsum dolor sit amet, consectetur adipiscing elit, sed do eiusmod tempor inc', 11, 200, 199),
(203, TIMESTAMP '2019-05-02 09:27:44.451', TIMESTAMP '2019-05-02 09:27:44.451', 'Reply 2 Lorem ipsum dolor sit amet, c', 10, 200, 199),
(204, TIMESTAMP '2019-05-02 09:27:44.467', TIMESTAMP '2019-05-02 09:27:44.467', 'Reply 3 Lorem ipsum dolor sit amet, c', 13, 200, 199),
(205, TIMESTAMP '2019-05-02 09:27:44.467', TIMESTAMP '2019-05-02 09:27:44.467', 'Reply 4 Lorem ipsum dolor sit amet, consectetur adipiscing elit, se', 15, 200, 199),
(207, TIMESTAMP '2019-05-02 09:27:44.482', TIMESTAMP '2019-05-02 09:27:44.482', 'Comment on root level. I really like this idea, but needs to be improved. 1556782064482', 4, NULL, 206),
(208, TIMESTAMP '2019-05-02 09:27:44.498', TIMESTAMP '2019-05-02 09:27:44.498', 'Reply 0 Lorem ipsum dolor sit am', 8, 207, 206),
(209, TIMESTAMP '2019-05-02 09:27:44.498', TIMESTAMP '2019-05-02 09:27:44.498', 'Reply 1 Lorem ipsum dolor sit amet, consectetur adipiscing elit, sed do eiusmod tempor', 15, 207, 206),
(211, TIMESTAMP '2019-05-02 09:27:44.514', TIMESTAMP '2019-05-02 09:27:44.514', 'Comment on root level. I really like this idea, but needs to be improved. 1556782064514', 13, NULL, 210),
(212, TIMESTAMP '2019-05-02 09:27:44.529', TIMESTAMP '2019-05-02 09:27:44.529', 'Reply 0 Lorem ipsum dolor sit amet, consectetur adipiscing elit, sed do eiusmod tempor', 10, 211, 210),
(213, TIMESTAMP '2019-05-02 09:27:44.529', TIMESTAMP '2019-05-02 09:27:44.529', 'Reply 1 Lorem ipsum dolor sit amet, consectetur adipiscing el', 14, 211, 210),
(214, TIMESTAMP '2019-05-02 09:27:44.529', TIMESTAMP '2019-05-02 09:27:44.529', 'Reply 2 Lorem ipsum dolor sit amet, consectetur adipiscing elit, se', 5, 211, 210),
(216, TIMESTAMP '2019-05-02 09:27:44.545', TIMESTAMP '2019-05-02 09:27:44.545', 'Comment on root level. I really like this idea, but needs to be improved. 1556782064545', 18, NULL, 215),
(217, TIMESTAMP '2019-05-02 09:27:44.545', TIMESTAMP '2019-05-02 09:27:44.545', 'Reply 0 Lorem ipsum dolor sit amet, consectetur adipiscing elit, sed do eiusmod temp', 8, 216, 215),
(218, TIMESTAMP '2019-05-02 09:27:44.576', TIMESTAMP '2019-05-02 09:27:44.576', 'Reply 1 Lorem ipsum dolor sit amet, consectetur adipiscing elit, sed do eiusmod tem', 5, 216, 215),
(229, TIMESTAMP '2019-05-02 09:27:50.463', TIMESTAMP '2019-05-02 09:27:50.463', 'Comment on root level. I really like this idea, but needs to be improved. 1556782070463', 18, NULL, 228),
(230, TIMESTAMP '2019-05-02 09:27:50.463', TIMESTAMP '2019-05-02 09:27:50.463', 'Reply 0 Lorem ipsum dolor sit amet, consectetur adipiscing elit, sed do eiusmod tempor incididunt u', 14, 229, 228),
(231, TIMESTAMP '2019-05-02 09:27:50.479', TIMESTAMP '2019-05-02 09:27:50.479', 'Reply 1 Lorem ipsum dolor sit amet, consect', 6, 229, 228);
INSERT INTO PUBLIC.COMMENTS(ID, CREATED_AT, UPDATED_AT, COMMENT, CREATED_BY_ID, PARENT_ID, PROPOSAL_ID) VALUES
(232, TIMESTAMP '2019-05-02 09:27:50.479', TIMESTAMP '2019-05-02 09:27:50.479', 'Reply 2 Lorem ipsum dolor sit amet, consectetur adipiscing elit, sed do eiusmod ', 6, 229, 228),
(233, TIMESTAMP '2019-05-02 09:27:50.479', TIMESTAMP '2019-05-02 09:27:50.479', 'Reply 3 Lorem ipsum dolor sit amet, consectetur adipiscing eli', 7, 229, 228),
(234, TIMESTAMP '2019-05-02 09:27:50.479', TIMESTAMP '2019-05-02 09:27:50.479', 'Reply 4 Lorem ipsum dolor sit a', 1, 229, 228),
(239, TIMESTAMP '2019-05-02 09:27:50.541', TIMESTAMP '2019-05-02 09:27:50.541', 'Comment on root level. I really like this idea, but needs to be improved. 1556782070541', 20, NULL, 238),
(240, TIMESTAMP '2019-05-02 09:27:50.541', TIMESTAMP '2019-05-02 09:27:50.541', 'Reply 0 Lorem ipsum dolor sit amet, consectetur adipiscing elit, sed do eius', 18, 239, 238),
(241, TIMESTAMP '2019-05-02 09:27:50.541', TIMESTAMP '2019-05-02 09:27:50.541', 'Reply 1 Lorem ipsum dolor sit amet, consectetur adipiscing elit, sed do eiusmo', 18, 239, 238),
(242, TIMESTAMP '2019-05-02 09:27:50.541', TIMESTAMP '2019-05-02 09:27:50.541', 'Reply 2 Lorem ipsum dolor sit ', 16, 239, 238),
(243, TIMESTAMP '2019-05-02 09:27:50.541', TIMESTAMP '2019-05-02 09:27:50.541', 'Reply 3 Lorem ipsum dolor sit a', 2, 239, 238),
(244, TIMESTAMP '2019-05-02 09:27:50.541', TIMESTAMP '2019-05-02 09:27:50.541', 'Reply 4 Lorem ipsum dolor sit amet, consectetur adipiscing elit, sed do eiusmod tempor incidid', 4, 239, 238),
(245, TIMESTAMP '2019-05-02 09:27:50.541', TIMESTAMP '2019-05-02 09:27:50.541', 'Reply 5 Lorem ipsum dolor sit amet, consecte', 9, 239, 238),
(246, TIMESTAMP '2019-05-02 09:27:50.541', TIMESTAMP '2019-05-02 09:27:50.541', 'Reply 6 Lorem ipsum dolor sit amet, consectetur adipiscing elit, sed do eiusmod tempor incididunt ut la', 14, 239, 238),
(248, TIMESTAMP '2019-05-02 09:27:50.588', TIMESTAMP '2019-05-02 09:27:50.588', 'Comment on root level. I really like this idea, but needs to be improved. 1556782070588', 19, NULL, 247),
(249, TIMESTAMP '2019-05-02 09:27:50.588', TIMESTAMP '2019-05-02 09:27:50.588', 'Reply 0 Lorem ipsum dolor sit amet, consect', 16, 248, 247),
(250, TIMESTAMP '2019-05-02 09:27:50.588', TIMESTAMP '2019-05-02 09:27:50.588', 'Reply 1 Lorem ipsum dolor sit amet, consectetur adipiscing elit, sed ', 15, 248, 247),
(251, TIMESTAMP '2019-05-02 09:27:50.588', TIMESTAMP '2019-05-02 09:27:50.588', 'Reply 2 Lorem ipsum dolor sit amet, consectetur adipiscing elit, sed do eiusmod tempor in', 3, 248, 247),
(252, TIMESTAMP '2019-05-02 09:27:50.588', TIMESTAMP '2019-05-02 09:27:50.588', 'Reply 3 Lorem ipsum dolor sit amet, consectetur adipisc', 20, 248, 247),
(254, TIMESTAMP '2019-05-02 09:27:50.619', TIMESTAMP '2019-05-02 09:27:50.619', 'Comment on root level. I really like this idea, but needs to be improved. 1556782070619', 5, NULL, 253),
(255, TIMESTAMP '2019-05-02 09:27:50.619', TIMESTAMP '2019-05-02 09:27:50.619', 'Reply 0 Lorem ipsum dolor sit amet, consectetur adipiscing elit, sed do eiusmod tempor incididu', 2, 254, 253),
(256, TIMESTAMP '2019-05-02 09:27:50.635', TIMESTAMP '2019-05-02 09:27:50.635', 'Reply 1 Lorem ipsum dolor sit amet, consectetur adipiscing elit, sed do eiusmod tempor incidi', 4, 254, 253),
(258, TIMESTAMP '2019-05-02 09:27:50.682', TIMESTAMP '2019-05-02 09:27:50.682', 'Comment on root level. I really like this idea, but needs to be improved. 1556782070666', 19, NULL, 257),
(259, TIMESTAMP '2019-05-02 09:27:50.682', TIMESTAMP '2019-05-02 09:27:50.682', 'Reply 0 Lorem ipsum dolor sit amet, consectetur adipiscing elit, sed do eius', 17, 258, 257),
(260, TIMESTAMP '2019-05-02 09:27:50.682', TIMESTAMP '2019-05-02 09:27:50.682', 'Reply 1 Lorem ipsum dolor sit amet, consectetur adipiscing elit, sed do eiusmod tempor incididunt ut ', 5, 258, 257),
(261, TIMESTAMP '2019-05-02 09:27:50.682', TIMESTAMP '2019-05-02 09:27:50.682', 'Reply 2 Lorem ipsum dolor sit amet, consectetur adipiscing elit, sed do eiusmod tempor incididunt ut labor', 12, 258, 257),
(262, TIMESTAMP '2019-05-02 09:27:50.682', TIMESTAMP '2019-05-02 09:27:50.682', 'Reply 3 Lorem ipsum dolor sit amet, consectetur adipiscing elit, sed do eiusmod tem', 2, 258, 257);
INSERT INTO PUBLIC.COMMENTS(ID, CREATED_AT, UPDATED_AT, COMMENT, CREATED_BY_ID, PARENT_ID, PROPOSAL_ID) VALUES
(264, TIMESTAMP '2019-05-02 09:27:50.775', TIMESTAMP '2019-05-02 09:27:50.775', 'Comment on root level. I really like this idea, but needs to be improved. 1556782070760', 9, NULL, 263),
(265, TIMESTAMP '2019-05-02 09:27:50.775', TIMESTAMP '2019-05-02 09:27:50.775', 'Reply 0 Lorem ipsum dolor sit', 15, 264, 263),
(266, TIMESTAMP '2019-05-02 09:27:50.775', TIMESTAMP '2019-05-02 09:27:50.775', 'Reply 1 Lorem ipsum dolor s', 15, 264, 263),
(267, TIMESTAMP '2019-05-02 09:27:50.775', TIMESTAMP '2019-05-02 09:27:50.775', 'Reply 2 Lorem ipsum dolor sit amet, c', 20, 264, 263),
(270, TIMESTAMP '2019-05-02 09:27:50.807', TIMESTAMP '2019-05-02 09:27:50.807', 'Comment on root level. I really like this idea, but needs to be improved. 1556782070807', 8, NULL, 269),
(271, TIMESTAMP '2019-05-02 09:27:50.822', TIMESTAMP '2019-05-02 09:27:50.822', 'Reply 0 Lorem ipsum dolor s', 15, 270, 269),
(272, TIMESTAMP '2019-05-02 09:27:50.822', TIMESTAMP '2019-05-02 09:27:50.822', 'Reply 1 Lorem ipsum dolor si', 5, 270, 269),
(273, TIMESTAMP '2019-05-02 09:27:50.822', TIMESTAMP '2019-05-02 09:27:50.822', 'Reply 2 Lorem ipsum dolor sit amet, consectetur adipiscing elit, sed do eiusmod tempor incididu', 2, 270, 269),
(275, TIMESTAMP '2019-05-02 09:27:50.869', TIMESTAMP '2019-05-02 09:27:50.869', 'Comment on root level. I really like this idea, but needs to be improved. 1556782070869', 3, NULL, 274),
(276, TIMESTAMP '2019-05-02 09:27:50.869', TIMESTAMP '2019-05-02 09:27:50.869', 'Reply 0 Lorem ipsum do', 20, 275, 274),
(277, TIMESTAMP '2019-05-02 09:27:50.885', TIMESTAMP '2019-05-02 09:27:50.885', 'Reply 1 Lorem ipsum dolor sit amet, consectetur adipiscing elit, sed do eiusm', 2, 275, 274),
(278, TIMESTAMP '2019-05-02 09:27:50.885', TIMESTAMP '2019-05-02 09:27:50.885', 'Reply 2 Lorem ipsum dolor sit a', 20, 275, 274),
(279, TIMESTAMP '2019-05-02 09:27:50.885', TIMESTAMP '2019-05-02 09:27:50.885', 'Reply 3 Lorem ipsum dolor sit amet, consectetur adipiscing elit, sed do eiusmod tempor in', 5, 275, 274),
(280, TIMESTAMP '2019-05-02 09:27:50.885', TIMESTAMP '2019-05-02 09:27:50.885', 'Reply 4 Lorem ipsum dol', 9, 275, 274),
(281, TIMESTAMP '2019-05-02 09:27:50.885', TIMESTAMP '2019-05-02 09:27:50.885', 'Reply 5 Lorem ipsum dolor sit amet, consectetur adipiscing elit,', 15, 275, 274),
(282, TIMESTAMP '2019-05-02 09:27:50.885', TIMESTAMP '2019-05-02 09:27:50.885', 'Reply 6 Lorem ipsum dolor sit amet, consectetur adipiscing elit, sed', 15, 275, 274),
(284, TIMESTAMP '2019-05-02 09:27:50.947', TIMESTAMP '2019-05-02 09:27:50.947', 'Comment on root level. I really like this idea, but needs to be improved. 1556782070947', 12, NULL, 283),
(285, TIMESTAMP '2019-05-02 09:27:50.963', TIMESTAMP '2019-05-02 09:27:50.963', 'Reply 0 Lorem ipsum dolor sit amet, consectetur adipiscing elit', 14, 284, 283),
(286, TIMESTAMP '2019-05-02 09:27:50.963', TIMESTAMP '2019-05-02 09:27:50.963', 'Reply 1 Lorem ipsum dolor sit amet, consectetur adipis', 2, 284, 283),
(287, TIMESTAMP '2019-05-02 09:27:50.963', TIMESTAMP '2019-05-02 09:27:50.963', 'Reply 2 Lorem ipsum dolor sit', 18, 284, 283),
(288, TIMESTAMP '2019-05-02 09:27:50.963', TIMESTAMP '2019-05-02 09:27:50.963', 'Reply 3 Lorem ipsum dolor sit amet, consectetur adipiscing el', 11, 284, 283),
(290, TIMESTAMP '2019-05-02 09:27:51.01', TIMESTAMP '2019-05-02 09:27:51.01', 'Comment on root level. I really like this idea, but needs to be improved. 1556782071010', 12, NULL, 289),
(291, TIMESTAMP '2019-05-02 09:27:51.01', TIMESTAMP '2019-05-02 09:27:51.01', 'Reply 0 Lorem ipsum dolor sit amet, consectetur adipiscing elit, sed do eiusmod tempor incidi', 10, 290, 289),
(292, TIMESTAMP '2019-05-02 09:27:51.01', TIMESTAMP '2019-05-02 09:27:51.01', 'Reply 1 Lorem ipsum dolor sit amet, consectetur adipiscing elit, sed do eiusmod tempor incididunt ut ', 9, 290, 289),
(293, TIMESTAMP '2019-05-02 09:27:51.01', TIMESTAMP '2019-05-02 09:27:51.01', 'Reply 2 Lorem ipsum dolor sit amet, consectetur adipiscing elit, sed do eiusmod tempor inc', 20, 290, 289);
INSERT INTO PUBLIC.COMMENTS(ID, CREATED_AT, UPDATED_AT, COMMENT, CREATED_BY_ID, PARENT_ID, PROPOSAL_ID) VALUES
(294, TIMESTAMP '2019-05-02 09:27:51.01', TIMESTAMP '2019-05-02 09:27:51.01', 'Reply 3 Lorem ipsum dolor sit amet, consectetur adipiscing elit, sed do eiusmod tempor incididunt ut lab', 18, 290, 289),
(296, TIMESTAMP '2019-05-02 09:27:51.166', TIMESTAMP '2019-05-02 09:27:51.166', 'Comment on root level. I really like this idea, but needs to be improved. 1556782071166', 8, NULL, 295),
(297, TIMESTAMP '2019-05-02 09:27:51.182', TIMESTAMP '2019-05-02 09:27:51.182', 'Reply 0 Lorem ipsum dolor sit amet, consectetur adipiscin', 2, 296, 295),
(298, TIMESTAMP '2019-05-02 09:27:51.182', TIMESTAMP '2019-05-02 09:27:51.182', 'Reply 1 Lorem ipsum dolor sit amet, consectetur adipiscing elit, sed ', 4, 296, 295),
(299, TIMESTAMP '2019-05-02 09:27:51.182', TIMESTAMP '2019-05-02 09:27:51.182', 'Reply 2 Lorem ipsum dolor sit ', 11, 296, 295),
(300, TIMESTAMP '2019-05-02 09:27:51.182', TIMESTAMP '2019-05-02 09:27:51.182', 'Reply 3 Lorem ipsum dolor sit amet, consectetur adipi', 5, 296, 295),
(301, TIMESTAMP '2019-05-02 09:27:51.193', TIMESTAMP '2019-05-02 09:27:51.193', 'Reply 4 Lorem ipsum dolor sit amet, consectetur adipiscing elit, ', 20, 296, 295),
(302, TIMESTAMP '2019-05-02 09:27:51.193', TIMESTAMP '2019-05-02 09:27:51.193', 'Reply 5 Lorem ipsum dolor sit amet, consecte', 8, 296, 295),
(305, TIMESTAMP '2019-05-02 09:27:51.224', TIMESTAMP '2019-05-02 09:27:51.224', 'Comment on root level. I really like this idea, but needs to be improved. 1556782071224', 13, NULL, 304),
(306, TIMESTAMP '2019-05-02 09:27:51.224', TIMESTAMP '2019-05-02 09:27:51.224', 'Reply 0 Lorem ipsum dolor sit amet, consectetur adipiscing ', 20, 305, 304),
(307, TIMESTAMP '2019-05-02 09:27:51.224', TIMESTAMP '2019-05-02 09:27:51.224', 'Reply 1 Lorem ipsum dolor sit amet, consectetur adipiscing elit, sed do eiusmod', 9, 305, 304),
(309, TIMESTAMP '2019-05-02 09:27:51.255', TIMESTAMP '2019-05-02 09:27:51.255', 'Comment on root level. I really like this idea, but needs to be improved. 1556782071255', 6, NULL, 308),
(310, TIMESTAMP '2019-05-02 09:27:51.255', TIMESTAMP '2019-05-02 09:27:51.255', 'Reply 0 Lorem ipsum dolor sit amet, consect', 11, 309, 308),
(311, TIMESTAMP '2019-05-02 09:27:51.255', TIMESTAMP '2019-05-02 09:27:51.255', 'Reply 1 Lorem ipsum dolor sit amet, consecte', 3, 309, 308),
(312, TIMESTAMP '2019-05-02 09:27:51.271', TIMESTAMP '2019-05-02 09:27:51.271', 'Reply 2 Lorem ipsum dolor sit amet, con', 1, 309, 308),
(313, TIMESTAMP '2019-05-02 09:27:51.271', TIMESTAMP '2019-05-02 09:27:51.271', 'Reply 3 Lorem ipsum dolor sit amet, consectetur adipiscing elit, sed do eiusmod tempor inci', 8, 309, 308),
(314, TIMESTAMP '2019-05-02 09:27:51.271', TIMESTAMP '2019-05-02 09:27:51.271', 'Reply 4 Lorem ipsum dolor sit amet, consectetur adipiscing elit, sed do eiusmod tempor incid', 13, 309, 308),
(316, TIMESTAMP '2019-05-02 09:27:51.333', TIMESTAMP '2019-05-02 09:27:51.333', 'Comment on root level. I really like this idea, but needs to be improved. 1556782071333', 17, NULL, 315),
(317, TIMESTAMP '2019-05-02 09:27:51.333', TIMESTAMP '2019-05-02 09:27:51.333', 'Reply 0 Lorem ipsum dolor sit amet, consectetur adipiscing elit, sed do ei', 15, 316, 315),
(318, TIMESTAMP '2019-05-02 09:27:51.333', TIMESTAMP '2019-05-02 09:27:51.333', 'Reply 1 Lorem ipsum dolor sit amet', 17, 316, 315),
(319, TIMESTAMP '2019-05-02 09:27:51.333', TIMESTAMP '2019-05-02 09:27:51.333', 'Reply 2 Lorem ipsum dolor sit amet, consectetur adipiscing elit, ', 14, 316, 315),
(320, TIMESTAMP '2019-05-02 09:27:51.333', TIMESTAMP '2019-05-02 09:27:51.333', 'Reply 3 Lorem ipsum dolor sit amet, consectetur adipiscing', 5, 316, 315),
(322, TIMESTAMP '2019-05-02 09:27:51.411', TIMESTAMP '2019-05-02 09:27:51.411', 'Comment on root level. I really like this idea, but needs to be improved. 1556782071411', 9, NULL, 321),
(323, TIMESTAMP '2019-05-02 09:27:51.427', TIMESTAMP '2019-05-02 09:27:51.427', 'Reply 0 Lorem ipsum dolor sit amet, consectetur adipiscin', 17, 322, 321),
(324, TIMESTAMP '2019-05-02 09:27:51.427', TIMESTAMP '2019-05-02 09:27:51.427', 'Reply 1 Lorem ipsum dolor sit amet, consectet', 14, 322, 321);
INSERT INTO PUBLIC.COMMENTS(ID, CREATED_AT, UPDATED_AT, COMMENT, CREATED_BY_ID, PARENT_ID, PROPOSAL_ID) VALUES
(325, TIMESTAMP '2019-05-02 09:27:51.427', TIMESTAMP '2019-05-02 09:27:51.427', 'Reply 2 Lorem ipsum dolor sit amet, ', 11, 322, 321),
(326, TIMESTAMP '2019-05-02 09:27:51.427', TIMESTAMP '2019-05-02 09:27:51.427', 'Reply 3 Lorem ipsum dolor sit amet, consectetur adipiscing elit, sed do eiusmod tempor incidi', 2, 322, 321),
(327, TIMESTAMP '2019-05-02 09:27:51.427', TIMESTAMP '2019-05-02 09:27:51.427', 'Reply 4 Lorem ipsum dolor sit amet, consectetur adipiscing elit, sed do eiusm', 17, 322, 321),
(328, TIMESTAMP '2019-05-02 09:27:51.427', TIMESTAMP '2019-05-02 09:27:51.427', 'Reply 5 Lorem ipsum dolor', 1, 322, 321),
(329, TIMESTAMP '2019-05-02 09:27:51.427', TIMESTAMP '2019-05-02 09:27:51.427', 'Reply 6 Lorem ipsum dolor sit amet, consectetur adipiscing elit, sed do eiusmod tempor incidi', 18, 322, 321),
(330, TIMESTAMP '2019-05-02 09:27:51.427', TIMESTAMP '2019-05-02 09:27:51.427', 'Reply 7 Lorem ipsum dolor sit amet, consectetur adipiscing elit, sed do eiusmod tempor incididunt', 10, 322, 321),
(348, TIMESTAMP '2019-05-02 09:27:57.119', TIMESTAMP '2019-05-02 09:27:57.119', 'Comment on root level. I really like this idea, but needs to be improved. 1556782077119', 17, NULL, 347),
(349, TIMESTAMP '2019-05-02 09:27:57.119', TIMESTAMP '2019-05-02 09:27:57.119', 'Reply 0 Lorem ipsum dolor sit amet, consectetur ', 17, 348, 347),
(350, TIMESTAMP '2019-05-02 09:27:57.119', TIMESTAMP '2019-05-02 09:27:57.119', 'Reply 1 Lorem ipsum dolor sit amet, consectetur adipiscing elit', 12, 348, 347),
(351, TIMESTAMP '2019-05-02 09:27:57.119', TIMESTAMP '2019-05-02 09:27:57.119', 'Reply 2 Lorem ipsum dolor sit amet, consectetur adipiscing elit, sed do eiusm', 15, 348, 347),
(352, TIMESTAMP '2019-05-02 09:27:57.119', TIMESTAMP '2019-05-02 09:27:57.119', 'Reply 3 Lorem ipsum dolor sit amet, consectetur adipiscing elit, sed do eiusmod tempor ', 19, 348, 347),
(353, TIMESTAMP '2019-05-02 09:27:57.119', TIMESTAMP '2019-05-02 09:27:57.119', 'Reply 4 Lorem ipsum dolor sit amet, consecte', 19, 348, 347),
(354, TIMESTAMP '2019-05-02 09:27:57.119', TIMESTAMP '2019-05-02 09:27:57.119', 'Reply 5 Lorem ipsum dolor sit amet, c', 20, 348, 347),
(355, TIMESTAMP '2019-05-02 09:27:57.119', TIMESTAMP '2019-05-02 09:27:57.119', 'Reply 6 Lorem ipsum dolor sit amet, consectetur adipisci', 11, 348, 347),
(358, TIMESTAMP '2019-05-02 09:27:57.15', TIMESTAMP '2019-05-02 09:27:57.15', 'Comment on root level. I really like this idea, but needs to be improved. 1556782077150', 4, NULL, 357),
(359, TIMESTAMP '2019-05-02 09:27:57.15', TIMESTAMP '2019-05-02 09:27:57.15', 'Reply 0 Lorem ipsum dolor sit amet, consectetur adipiscing elit, sed do e', 8, 358, 357),
(360, TIMESTAMP '2019-05-02 09:27:57.15', TIMESTAMP '2019-05-02 09:27:57.15', 'Reply 1 Lorem ipsum dolor sit amet', 7, 358, 357),
(362, TIMESTAMP '2019-05-02 09:27:57.166', TIMESTAMP '2019-05-02 09:27:57.166', 'Comment on root level. I really like this idea, but needs to be improved. 1556782077166', 20, NULL, 361),
(363, TIMESTAMP '2019-05-02 09:27:57.166', TIMESTAMP '2019-05-02 09:27:57.166', 'Reply 0 Lorem ipsum dolor sit amet, consectetur adipiscing el', 17, 362, 361),
(364, TIMESTAMP '2019-05-02 09:27:57.181', TIMESTAMP '2019-05-02 09:27:57.181', 'Reply 1 Lorem ipsum dolor sit amet, consectetur adi', 14, 362, 361),
(365, TIMESTAMP '2019-05-02 09:27:57.181', TIMESTAMP '2019-05-02 09:27:57.181', 'Reply 2 Lorem ipsum dolor sit amet, consectetur adipiscing ', 3, 362, 361),
(366, TIMESTAMP '2019-05-02 09:27:57.181', TIMESTAMP '2019-05-02 09:27:57.181', 'Reply 3 Lorem ipsum dolor sit amet, consectetur adipiscing elit, sed', 5, 362, 361),
(368, TIMESTAMP '2019-05-02 09:27:57.197', TIMESTAMP '2019-05-02 09:27:57.197', 'Comment on root level. I really like this idea, but needs to be improved. 1556782077197', 19, NULL, 367),
(369, TIMESTAMP '2019-05-02 09:27:57.213', TIMESTAMP '2019-05-02 09:27:57.213', 'Reply 0 Lorem ipsum dolor sit amet, consectetur', 12, 368, 367),
(370, TIMESTAMP '2019-05-02 09:27:57.214', TIMESTAMP '2019-05-02 09:27:57.214', 'Reply 1 Lorem ipsum dolor sit amet, consectetur adipiscing elit, sed ', 17, 368, 367);
INSERT INTO PUBLIC.COMMENTS(ID, CREATED_AT, UPDATED_AT, COMMENT, CREATED_BY_ID, PARENT_ID, PROPOSAL_ID) VALUES
(371, TIMESTAMP '2019-05-02 09:27:57.214', TIMESTAMP '2019-05-02 09:27:57.214', 'Reply 2 Lorem ipsum dolor sit amet, consectetur adipiscing elit, sed do eiusmod tempor', 15, 368, 367),
(373, TIMESTAMP '2019-05-02 09:27:57.261', TIMESTAMP '2019-05-02 09:27:57.261', 'Comment on root level. I really like this idea, but needs to be improved. 1556782077246', 18, NULL, 372),
(374, TIMESTAMP '2019-05-02 09:27:57.261', TIMESTAMP '2019-05-02 09:27:57.261', 'Reply 0 Lorem ipsum dolor sit amet, cons', 8, 373, 372),
(375, TIMESTAMP '2019-05-02 09:27:57.261', TIMESTAMP '2019-05-02 09:27:57.261', 'Reply 1 Lorem ipsum dolor sit amet, consectetur adipiscing elit, sed do eiusmod tempor incididunt ut lab', 7, 373, 372),
(376, TIMESTAMP '2019-05-02 09:27:57.261', TIMESTAMP '2019-05-02 09:27:57.261', 'Reply 2 Lorem ipsum dolor sit amet, consectetur adipiscing elit, sed do eiusmod tempor incididunt', 2, 373, 372),
(377, TIMESTAMP '2019-05-02 09:27:57.261', TIMESTAMP '2019-05-02 09:27:57.261', 'Reply 3 Lorem ipsum dolor sit amet, consectetur', 2, 373, 372);
CREATE MEMORY TABLE PUBLIC.COMMENTS_DOWN_VOTERS(
COMMENT_MODEL_ID BIGINT NOT NULL,
DOWN_VOTERS_ID BIGINT NOT NULL
);
ALTER TABLE PUBLIC.COMMENTS_DOWN_VOTERS ADD CONSTRAINT PUBLIC.CONSTRAINT_2 PRIMARY KEY(COMMENT_MODEL_ID, DOWN_VOTERS_ID);
-- 305 +/- SELECT COUNT(*) FROM PUBLIC.COMMENTS_DOWN_VOTERS;
INSERT INTO PUBLIC.COMMENTS_DOWN_VOTERS(COMMENT_MODEL_ID, DOWN_VOTERS_ID) VALUES
(194, 15),
(194, 9),
(195, 10),
(195, 19),
(196, 12),
(197, 20),
(197, 14),
(197, 15),
(198, 4),
(198, 8),
(200, 12),
(200, 9),
(201, 2),
(201, 11),
(201, 7),
(201, 1),
(201, 3),
(202, 14),
(204, 13),
(204, 20),
(204, 7),
(204, 15),
(205, 4),
(205, 1),
(205, 16),
(205, 5),
(205, 9),
(207, 8),
(207, 11),
(208, 18),
(208, 16),
(208, 9),
(209, 11),
(209, 17),
(209, 18),
(211, 13),
(211, 1),
(212, 18),
(212, 16),
(213, 9),
(214, 19),
(214, 16),
(216, 4),
(216, 7),
(216, 5),
(216, 9),
(217, 14),
(217, 12),
(218, 8),
(218, 18),
(218, 14),
(218, 7),
(218, 3),
(229, 2),
(229, 17),
(229, 10),
(229, 3),
(230, 12),
(231, 16),
(232, 2),
(232, 19),
(233, 18),
(233, 14),
(234, 18),
(234, 20),
(239, 11),
(239, 8),
(239, 7),
(239, 12),
(239, 9),
(240, 11),
(240, 18),
(240, 20),
(241, 2),
(241, 4),
(241, 10),
(241, 15),
(242, 4),
(242, 13),
(242, 8),
(242, 15),
(242, 9),
(243, 13),
(243, 10),
(243, 16),
(244, 8),
(244, 17),
(244, 1),
(244, 15),
(244, 12),
(244, 9),
(245, 5),
(246, 2),
(248, 6),
(248, 18),
(248, 17),
(248, 3),
(249, 2),
(249, 14),
(249, 1),
(249, 3),
(249, 16),
(250, 17),
(251, 6),
(251, 7),
(251, 1),
(251, 3),
(251, 12),
(252, 20),
(254, 13),
(255, 2),
(255, 7),
(255, 5),
(256, 13),
(258, 4),
(258, 13),
(259, 6),
(260, 8),
(260, 15),
(260, 5),
(261, 13),
(261, 17),
(262, 11),
(262, 7),
(262, 9),
(264, 2),
(264, 15),
(265, 18),
(265, 10),
(265, 19),
(265, 9),
(266, 19),
(266, 5),
(267, 17),
(267, 9),
(270, 2),
(270, 8),
(270, 17),
(270, 7),
(270, 3),
(270, 9),
(271, 19),
(272, 12),
(273, 2),
(273, 13),
(273, 20),
(275, 2),
(275, 7),
(275, 16),
(276, 18),
(276, 20),
(276, 16),
(277, 4),
(278, 10),
(279, 9),
(280, 2),
(280, 13),
(280, 8),
(281, 2),
(281, 14),
(281, 19),
(281, 16),
(282, 13),
(282, 9),
(284, 11),
(284, 1),
(285, 4),
(285, 13),
(286, 20),
(287, 2),
(287, 8),
(287, 14),
(288, 6),
(288, 16),
(288, 12),
(290, 17),
(290, 14),
(291, 6),
(291, 13),
(291, 8),
(291, 7),
(291, 14),
(292, 10),
(292, 1),
(292, 19),
(292, 5),
(298, 12),
(299, 14),
(299, 3),
(300, 3),
(301, 5),
(302, 3),
(302, 19),
(305, 18),
(305, 16),
(305, 5),
(306, 6),
(306, 10),
(306, 19),
(307, 18),
(307, 1),
(307, 15),
(307, 5),
(309, 18),
(309, 10),
(310, 8),
(310, 18),
(312, 13),
(312, 10),
(312, 19),
(314, 4),
(314, 10),
(314, 16),
(316, 12),
(317, 6),
(317, 11),
(317, 17),
(317, 18),
(317, 14),
(317, 16),
(317, 9),
(318, 8),
(318, 19),
(318, 5),
(319, 8),
(319, 14),
(319, 9),
(320, 6),
(320, 3),
(320, 5),
(322, 4),
(322, 10),
(323, 6),
(323, 20),
(323, 14),
(323, 5),
(324, 11),
(324, 8),
(324, 17),
(325, 2),
(325, 14),
(325, 1),
(325, 5),
(326, 4),
(326, 2),
(326, 11),
(326, 19),
(326, 16),
(327, 6),
(327, 3),
(327, 19),
(329, 8),
(329, 10),
(329, 1),
(329, 5),
(330, 4),
(330, 20),
(330, 7),
(330, 1),
(330, 3),
(348, 4),
(349, 13),
(349, 11),
(350, 16),
(351, 9),
(354, 3),
(354, 15),
(354, 9),
(355, 3),
(355, 19),
(358, 20),
(358, 14),
(358, 3),
(358, 19),
(358, 5),
(358, 9),
(359, 4),
(359, 11),
(359, 14),
(359, 1),
(360, 2),
(363, 8),
(363, 5),
(364, 3),
(364, 12),
(365, 6),
(365, 1),
(366, 4),
(366, 18),
(366, 17),
(366, 20),
(366, 12),
(368, 11),
(368, 12),
(369, 3),
(369, 19),
(371, 2),
(371, 15),
(374, 14),
(375, 10),
(376, 4),
(377, 4),
(377, 13),
(377, 6),
(377, 14);
CREATE MEMORY TABLE PUBLIC.COMMENTS_UP_VOTERS(
COMMENT_MODEL_ID BIGINT NOT NULL,
UP_VOTERS_ID BIGINT NOT NULL
);
ALTER TABLE PUBLIC.COMMENTS_UP_VOTERS ADD CONSTRAINT PUBLIC.CONSTRAINT_20 PRIMARY KEY(COMMENT_MODEL_ID, UP_VOTERS_ID);
-- 343 +/- SELECT COUNT(*) FROM PUBLIC.COMMENTS_UP_VOTERS;
INSERT INTO PUBLIC.COMMENTS_UP_VOTERS(COMMENT_MODEL_ID, UP_VOTERS_ID) VALUES
(194, 8),
(194, 15),
(195, 13),
(195, 15),
(196, 12),
(197, 19),
(198, 6),
(198, 17),
(198, 20),
(198, 14),
(198, 15),
(198, 12),
(198, 9),
(200, 3),
(200, 15),
(201, 13),
(201, 7),
(203, 2),
(203, 6),
(203, 14),
(203, 9),
(204, 11),
(204, 3),
(204, 15),
(205, 2),
(205, 13),
(205, 8),
(205, 1),
(205, 3),
(207, 11),
(207, 8),
(207, 14),
(207, 10),
(208, 4),
(208, 6),
(208, 7),
(209, 1),
(209, 16),
(211, 6),
(211, 11),
(211, 18),
(211, 10),
(211, 3),
(211, 19),
(211, 5),
(213, 8),
(213, 18),
(213, 7),
(213, 12),
(214, 7),
(214, 5),
(216, 17),
(216, 16),
(216, 15),
(216, 9),
(217, 13),
(217, 18),
(217, 7),
(217, 14),
(217, 10),
(217, 9),
(218, 13),
(229, 14),
(229, 3),
(229, 5),
(230, 6),
(230, 17),
(230, 10),
(230, 1),
(230, 12),
(231, 17),
(232, 6),
(232, 13),
(232, 10),
(233, 8),
(234, 2),
(234, 13),
(234, 11),
(234, 3),
(239, 17),
(239, 18),
(239, 14),
(240, 4),
(240, 18),
(241, 12),
(242, 13),
(243, 3),
(244, 2),
(244, 6),
(244, 11),
(244, 1),
(244, 5),
(245, 12),
(246, 17),
(246, 10),
(248, 16),
(249, 11),
(249, 17),
(249, 10),
(249, 12),
(250, 13),
(250, 12),
(251, 8),
(251, 20),
(251, 10),
(251, 1),
(252, 6),
(252, 11),
(252, 8),
(252, 9),
(254, 8),
(256, 15),
(258, 11),
(258, 12),
(259, 13),
(259, 8),
(259, 11),
(259, 12),
(260, 10),
(260, 15),
(261, 7),
(261, 1),
(261, 16),
(261, 5),
(262, 14),
(262, 9),
(264, 3),
(264, 9),
(265, 5),
(266, 4),
(266, 13),
(266, 20),
(266, 12),
(267, 20),
(267, 3),
(270, 18),
(270, 15),
(271, 17),
(272, 4),
(272, 6),
(272, 18),
(272, 10),
(272, 5),
(272, 9),
(273, 2),
(273, 3),
(273, 16),
(273, 5),
(275, 8),
(276, 15),
(276, 9),
(278, 11),
(278, 10),
(278, 15),
(278, 12),
(279, 17),
(279, 14),
(280, 20),
(280, 7),
(280, 1),
(280, 16),
(281, 2),
(281, 4),
(281, 11),
(281, 18),
(282, 4),
(282, 18),
(282, 9),
(284, 2),
(284, 7),
(285, 6),
(285, 5),
(287, 6),
(287, 14),
(287, 10),
(287, 1),
(287, 15),
(288, 19),
(288, 12),
(290, 9),
(291, 18),
(291, 20),
(291, 10),
(291, 15),
(292, 13),
(292, 10),
(292, 16),
(293, 11),
(293, 1),
(293, 15),
(294, 20),
(294, 16),
(294, 12),
(297, 13),
(297, 1),
(297, 15),
(297, 9),
(298, 1),
(299, 11),
(299, 18),
(299, 15),
(299, 5),
(300, 18),
(300, 20),
(300, 12),
(301, 14),
(301, 1),
(301, 9),
(302, 8),
(305, 13),
(305, 17),
(305, 3),
(305, 12),
(306, 8),
(306, 11),
(306, 14),
(306, 10),
(307, 8),
(307, 19),
(307, 15),
(307, 5),
(309, 13),
(309, 14),
(309, 1),
(309, 16),
(309, 5),
(311, 6),
(311, 20),
(312, 11),
(312, 7),
(312, 3),
(312, 9),
(313, 13),
(313, 16),
(314, 2),
(314, 11),
(314, 10),
(314, 3),
(316, 4),
(316, 20),
(316, 14),
(316, 7),
(316, 1),
(316, 3),
(316, 16),
(318, 18),
(318, 5),
(319, 5),
(320, 14),
(320, 5),
(320, 9),
(322, 10),
(322, 1),
(322, 19),
(322, 15),
(322, 5),
(323, 8),
(323, 14),
(324, 11),
(324, 17),
(324, 9),
(325, 13),
(325, 10),
(325, 1),
(325, 19),
(325, 9),
(326, 8),
(326, 14),
(327, 11),
(327, 17),
(327, 16),
(328, 2),
(329, 6),
(329, 8),
(329, 7),
(329, 15),
(330, 13),
(330, 17),
(330, 20),
(330, 15),
(348, 15),
(348, 5),
(348, 9),
(349, 6),
(349, 8),
(349, 14),
(350, 13),
(350, 20),
(351, 18),
(352, 13),
(352, 9),
(353, 7),
(354, 7),
(354, 3),
(354, 19),
(354, 9),
(355, 13),
(355, 3),
(355, 16),
(358, 4),
(358, 12),
(359, 17),
(359, 3),
(359, 16),
(360, 6),
(360, 17),
(360, 20),
(360, 14),
(360, 10),
(362, 18),
(362, 3),
(362, 16),
(363, 6),
(364, 17),
(364, 16),
(365, 8),
(365, 3),
(368, 4),
(368, 18),
(368, 10),
(368, 1),
(368, 15),
(370, 9),
(371, 7),
(371, 12),
(373, 11),
(373, 18),
(373, 20),
(373, 15),
(374, 13),
(374, 11),
(374, 15),
(375, 20),
(375, 10),
(375, 3),
(376, 2),
(376, 13),
(376, 10),
(376, 1),
(376, 19),
(376, 16),
(377, 2),
(377, 19);
CREATE MEMORY TABLE PUBLIC.DELEGATIONS(
ID BIGINT NOT NULL,
CREATED_AT TIMESTAMP NOT NULL,
UPDATED_AT TIMESTAMP NOT NULL,
REQUESTED_DELEGATION_AT TIMESTAMP,
TRANSITIVE BOOLEAN NOT NULL,
AREA_ID BIGINT NOT NULL,
FROM_USER_ID BIGINT NOT NULL,
REQUESTED_DELEGATION_FROM_CHECKSUM_CHECKSUM VARCHAR(255),
TO_PROXY_ID BIGINT NOT NULL
);
ALTER TABLE PUBLIC.DELEGATIONS ADD CONSTRAINT PUBLIC.CONSTRAINT_8 PRIMARY KEY(ID);
-- 9 +/- SELECT COUNT(*) FROM PUBLIC.DELEGATIONS;
INSERT INTO PUBLIC.DELEGATIONS(ID, CREATED_AT, UPDATED_AT, REQUESTED_DELEGATION_AT, TRANSITIVE, AREA_ID, FROM_USER_ID, REQUESTED_DELEGATION_FROM_CHECKSUM_CHECKSUM, TO_PROXY_ID) VALUES
(219, TIMESTAMP '2019-05-02 09:27:45.326', TIMESTAMP '2019-05-02 09:27:45.326', NULL, TRUE, 21, 2, NULL, 1),
(220, TIMESTAMP '2019-05-02 09:27:45.935', TIMESTAMP '2019-05-02 09:27:45.935', NULL, TRUE, 21, 3, NULL, 1),
(221, TIMESTAMP '2019-05-02 09:27:46.584', TIMESTAMP '2019-05-02 09:27:46.584', NULL, TRUE, 21, 4, NULL, 1),
(222, TIMESTAMP '2019-05-02 09:27:47.069', TIMESTAMP '2019-05-02 09:27:47.069', TIMESTAMP '2019-05-02 09:27:47.069', TRUE, 21, 5, '$2a$10$1IdrGrRAN2Wp3U7QI.JIzuaW/fGb8Z2mJgsKxYwe5.NrtAFNxSQVS', 2),
(223, TIMESTAMP '2019-05-02 09:27:47.71', TIMESTAMP '2019-05-02 09:27:47.71', NULL, TRUE, 21, 6, NULL, 3),
(224, TIMESTAMP '2019-05-02 09:27:48.36', TIMESTAMP '2019-05-02 09:27:48.36', NULL, TRUE, 21, 7, NULL, 4),
(225, TIMESTAMP '2019-05-02 09:27:49.001', TIMESTAMP '2019-05-02 09:27:49.001', NULL, TRUE, 21, 10, NULL, 7),
(226, TIMESTAMP '2019-05-02 09:27:49.767', TIMESTAMP '2019-05-02 09:27:49.767', NULL, TRUE, 21, 11, NULL, 7),
(227, TIMESTAMP '2019-05-02 09:27:50.432', TIMESTAMP '2019-05-02 09:27:50.432', NULL, FALSE, 21, 12, NULL, 7);
CREATE MEMORY TABLE PUBLIC.KEY_VALUE(
ID BIGINT NOT NULL,
KEY_COL VARCHAR(255) NOT NULL,
VALUE_COL VARCHAR(255)
);
ALTER TABLE PUBLIC.KEY_VALUE ADD CONSTRAINT PUBLIC.CONSTRAINT_7 PRIMARY KEY(ID);
-- 3 +/- SELECT COUNT(*) FROM PUBLIC.KEY_VALUE;
INSERT INTO PUBLIC.KEY_VALUE(ID, KEY_COL, VALUE_COL) VALUES
(32, 'liquido.supporters.for.proposal', '10'),
(235, 'liquido.days.until.voting.starts', '14'),
(236, 'liquido.duration.of.voting.phase', '14');
CREATE MEMORY TABLE PUBLIC.LAWS(
ID BIGINT NOT NULL,
CREATED_AT TIMESTAMP NOT NULL,
UPDATED_AT TIMESTAMP NOT NULL,
DESCRIPTION VARCHAR(1000) NOT NULL,
REACHED_QUORUM_AT TIMESTAMP,
STATUS INTEGER NOT NULL,
TITLE VARCHAR(255) NOT NULL,
AREA_ID BIGINT NOT NULL,
CREATED_BY_ID BIGINT,
POLL_ID BIGINT
);
ALTER TABLE PUBLIC.LAWS ADD CONSTRAINT PUBLIC.CONSTRAINT_23 PRIMARY KEY(ID);
-- 188 +/- SELECT COUNT(*) FROM PUBLIC.LAWS;
INSERT INTO PUBLIC.LAWS(ID, CREATED_AT, UPDATED_AT, DESCRIPTION, REACHED_QUORUM_AT, STATUS, TITLE, AREA_ID, CREATED_BY_ID, POLL_ID) VALUES
(31, TIMESTAMP '2019-05-01 09:27:41.742', TIMESTAMP '2019-05-02 09:27:41.742', 'MSeXR7eq Lorem ipsum dolor sit amet, consectetur adipiscing elit, sed do eiusmod tempor incididunt ut labore et dolore magna aliqua. Ut enim ad minim veniam, quis nostrud exercitation ullamco laboris nisi ut aliquip ex ea commodo consequat. Duis aute iru', NULL, 0, 'Idea 0 title from TestFixtures', 21, 11, NULL),
(33, TIMESTAMP '2019-04-30 09:27:41.758', TIMESTAMP '2019-05-01 09:27:41.758', '3xvfHokw Lorem ipsum dolor sit amet, consectetur adipiscing elit, sed do eiusmod tempor incididunt ut labore et dolore magna aliqua. Ut enim ad minim veniam, quis nostrud exercitatio', NULL, 0, 'Idea 1 that suggest that we definitely need a longer title for ideas', 22, 14, NULL),
(34, TIMESTAMP '2019-04-29 09:27:41.773', TIMESTAMP '2019-04-30 09:27:41.773', 'wLsgFXfq Lorem i', NULL, 0, 'Idea 2 that suggest that we definitely need a longer title for ideas', 23, 3, NULL),
(35, TIMESTAMP '2019-04-28 09:27:41.773', TIMESTAMP '2019-04-29 09:27:41.773', 'kEHprwc6 Lorem ipsum dolor sit amet, consectetur adipiscing elit, sed do eiusmod tempor incididunt ut labore et dolore magna aliqua. Ut enim ad minim veniam, quis nostrud exercitation ullamco laboris nisi ut aliquip ex ea commodo consequat. Duis aute irure dolor in reprehenderit in voluptate velit esse cillum dol', NULL, 0, 'Idea 3 that suggest that we definitely need a longer title for ideas', 24, 12, NULL),
(36, TIMESTAMP '2019-04-27 09:27:41.789', TIMESTAMP '2019-04-28 09:27:41.789', 'aD8Mthd2 Lorem ipsum dolor sit amet, consectetur adipiscing elit, sed do eiusmod tempor incididunt ut labore et dolore magna aliqua. Ut enim ad minim veniam, quis nostrud exercitation ullamco laboris nisi ut aliquip ex ea commodo cons', NULL, 0, 'Idea 4 that suggest that we definitely need a longer title for ideas', 25, 17, NULL),
(37, TIMESTAMP '2019-04-26 09:27:41.805', TIMESTAMP '2019-04-27 09:27:41.805', 'GQxyxZFQ Lorem ipsum dolor sit amet, consectetur adipiscing elit, sed do eiusmod tempor incididunt ut labore et dolore magna aliqua. Ut enim ad minim veniam, quis nostrud exercitation ullamco laboris nisi ut aliquip ex ea commodo consequat. Duis aute irure dolor ', NULL, 0, 'Idea 5 that suggest that we definitely need a longer title for ideas', 26, 3, NULL),
(38, TIMESTAMP '2019-04-25 09:27:41.867', TIMESTAMP '2019-04-26 09:27:41.867', 'd0Unnvf9 Lorem ipsum dolor sit amet, consectetur adipiscing elit, sed do eiusmod tempor incididunt ut labore et dolore magna aliqua. Ut enim ad minim veniam, quis nostrud exercitation ullamco laboris nisi ut aliquip ex ea', NULL, 0, 'Idea 6 that suggest that we definitely need a longer title for ideas', 27, 17, NULL),
(39, TIMESTAMP '2019-04-24 09:27:41.883', TIMESTAMP '2019-04-25 09:27:41.883', 'EaNMVA28 Lorem ipsum dolor sit amet, consectetur adipiscing elit, sed do eiusmod tempor incididunt ut labore et dolore magna aliqua. Ut enim ad minim veniam, quis nostrud exercitation ullamco laboris nisi ut aliquip ex ea commodo consequat. Duis aute irure dolor in reprehenderit in voluptate velit esse cillum dolore eu fugiat ', NULL, 0, 'Idea 7 that suggest that we definitely need a longer title for ideas', 28, 11, NULL),
(40, TIMESTAMP '2019-04-23 09:27:41.883', TIMESTAMP '2019-04-24 09:27:41.883', 'tAngd2Mo Lorem ipsum dolo', NULL, 0, 'Idea 8 that suggest that we definitely need a longer title for ideas', 29, 9, NULL),
(41, TIMESTAMP '2019-04-22 09:27:41.914', TIMESTAMP '2019-04-23 09:27:41.914', 'hQwRruYp Lorem ipsum dolor sit amet, consectetur adipiscing elit, sed do eiusmod tempor incididunt ut labore et dolore magna aliqua. Ut enim ad m', NULL, 0, 'Idea 9 that suggest that we definitely need a longer title for ideas', 30, 19, NULL),
(42, TIMESTAMP '2019-04-21 09:27:41.93', TIMESTAMP '2019-04-22 09:27:41.93', 'CtqTdWc5 Lorem ipsum dolor sit amet, consectetur adipiscing elit, sed do eiusmod tempor incididunt ut labore et dolore magna aliqua. Ut enim ad minim veniam, quis nostrud exercitation ullamco laboris nisi ut aliquip ex ea commodo consequat. Duis aute irure dolor in reprehenderit in voluptate', NULL, 0, 'Idea 10 that suggest that we definitely need a longer title for ideas', 21, 11, NULL);
INSERT INTO PUBLIC.LAWS(ID, CREATED_AT, UPDATED_AT, DESCRIPTION, REACHED_QUORUM_AT, STATUS, TITLE, AREA_ID, CREATED_BY_ID, POLL_ID) VALUES
(43, TIMESTAMP '2019-04-20 09:27:41.945', TIMESTAMP '2019-04-21 09:27:41.945', 'NvywcupA Lorem ipsum dolor sit amet, consectetur adipiscing elit, sed do eiusmod tempor incididunt ut labore', NULL, 0, 'Idea 11 that suggest that we definitely need a longer title for ideas', 22, 6, NULL),
(44, TIMESTAMP '2019-04-19 09:27:41.961', TIMESTAMP '2019-04-20 09:27:41.961', 'Y0Xc6BYl Lorem ipsum dolor sit amet, consectetur adipiscing elit, sed do eiusmod tempor incididunt ut lab', NULL, 0, 'Idea 12 that suggest that we definitely need a longer title for ideas', 23, 3, NULL),
(45, TIMESTAMP '2019-04-18 09:27:41.992', TIMESTAMP '2019-04-19 09:27:41.992', '6KW8wnSl Lorem ipsum dolor sit amet, consectetur adipiscing elit, sed do eiusmod tempor incididunt ut labore et dolore magna aliqua. Ut enim ad minim veniam, quis nostrud exercitation ulla', NULL, 0, 'Idea 13 that suggest that we definitely need a longer title for ideas', 24, 20, NULL),
(46, TIMESTAMP '2019-04-17 09:27:41.992', TIMESTAMP '2019-04-18 09:27:41.992', 'LpXvK9R3 Lorem ipsum dolor sit amet, consectetur adipiscing elit, sed do eiusmod tempor incididunt ut labore et dolore magna aliqua. Ut enim ad minim veniam, quis nostrud exercitation ullamco laboris nisi ut aliquip ex ea commodo consequat. Duis aute irure dolor in reprehenderit in voluptate velit esse cillum dolore eu fugiat nulla pariatur. Excepteur sint occaeca', NULL, 0, 'Idea 14 that suggest that we definitely need a longer title for ideas', 25, 8, NULL),
(47, TIMESTAMP '2019-04-16 09:27:42.008', TIMESTAMP '2019-04-17 09:27:42.008', 'GnXN0vEm Lorem ipsum dolor sit amet, consectetur adipiscing elit, sed do eiusmod tempor incididunt ut labore et dolore magna aliqua. Ut enim ad minim veniam, quis nostrud exercitation ullamco laboris nisi ut aliquip ex ea commodo consequat. Duis aute irure dolor in reprehenderit in voluptate velit es', NULL, 0, 'Idea 15 that suggest that we definitely need a longer title for ideas', 26, 3, NULL),
(48, TIMESTAMP '2019-04-15 09:27:42.008', TIMESTAMP '2019-04-16 09:27:42.008', 's8E008aM Lorem ipsum ', NULL, 0, 'Idea 16 that suggest that we definitely need a longer title for ideas', 27, 1, NULL),
(49, TIMESTAMP '2019-04-14 09:27:42.055', TIMESTAMP '2019-04-15 09:27:42.055', 'FzWfvgTT Lorem ipsum dolor sit amet, consectetur adipiscing elit, sed do eiusmod tempor incididunt ut labore et dolore magna aliqua. Ut enim ad minim veniam, quis nostrud exercitation ullamco la', NULL, 0, 'Idea 17 that suggest that we definitely need a longer title for ideas', 28, 6, NULL),
(50, TIMESTAMP '2019-04-13 09:27:42.07', TIMESTAMP '2019-04-14 09:27:42.07', 'knhyW5nm Lorem ipsum dolor sit amet, consectetur adipiscing elit, sed do eiusmod tempor incididunt ut labore et dolore magna aliqua. Ut enim ad minim veniam, quis nostrud exercitation ullamco laboris nisi ut aliquip ex ea commodo consequat. Duis aute irure dolor in reprehenderit in voluptate velit esse cillum dolore eu fugiat nulla pariatur. Excepteur sint occaecat c', NULL, 0, 'Idea 18 that suggest that we definitely need a longer title for ideas', 29, 7, NULL),
(51, TIMESTAMP '2019-04-12 09:27:42.101', TIMESTAMP '2019-04-13 09:27:42.101', '69RwoHPc Lorem ipsum dolor sit amet, consectetur adipiscing elit, sed do eiusmod tempor incididunt ut labore et dolore magna aliqua. Ut enim ad minim veniam, quis nostrud exercitation ullamco laboris nisi ut aliquip ex ea commodo consequat. Duis aute irure ', NULL, 0, 'Idea 19 that suggest that we definitely need a longer title for ideas', 30, 20, NULL),
(52, TIMESTAMP '2019-04-11 09:27:42.117', TIMESTAMP '2019-04-12 09:27:42.117', 'EVzu5zvp Lorem ipsum dolor sit amet, consectetur adipiscing elit, sed do eiusmod tempor incididunt ut labore et dolore magna aliqua. Ut enim ad minim veni', NULL, 0, 'Idea 20 that suggest that we definitely need a longer title for ideas', 21, 13, NULL),
(53, TIMESTAMP '2019-04-10 09:27:42.117', TIMESTAMP '2019-04-11 09:27:42.117', 'ToY5uQzG Lorem ipsum dolor sit amet, consectetur adipiscing elit, sed do eiusmod tempor incididunt ut labore et dolore magna aliqua. Ut enim ad minim veniam, quis nostrud exercitation ullamco laboris nisi ut aliquip ex ea commodo consequat. Duis aute irure dolor in reprehenderit in voluptate velit ess', NULL, 0, 'Idea 21 that suggest that we definitely need a longer title for ideas', 22, 10, NULL);
INSERT INTO PUBLIC.LAWS(ID, CREATED_AT, UPDATED_AT, DESCRIPTION, REACHED_QUORUM_AT, STATUS, TITLE, AREA_ID, CREATED_BY_ID, POLL_ID) VALUES
(54, TIMESTAMP '2019-04-09 09:27:42.145', TIMESTAMP '2019-04-10 09:27:42.145', 'dL0czMn6 Lorem ipsum dolor sit amet, consectetur adipiscing elit, sed do eiusmod tempor incididunt ut labore et do', NULL, 0, 'Idea 22 that suggest that we definitely need a longer title for ideas', 23, 10, NULL),
(55, TIMESTAMP '2019-04-08 09:27:42.176', TIMESTAMP '2019-04-09 09:27:42.176', 'VY5eOpVG Lorem ipsum dolor sit amet, consectetur adipiscing elit, sed do eiusmod tempor incididunt ut labore et dolore magna aliqua. Ut enim ad minim veniam, quis nostrud exercitation ', NULL, 0, 'Idea 23 that suggest that we definitely need a longer title for ideas', 24, 1, NULL),
(56, TIMESTAMP '2019-04-07 09:27:42.176', TIMESTAMP '2019-04-08 09:27:42.176', 'LtDSPCMZ Lorem ipsum dolor sit amet, consectetur adipiscing elit, sed do eiusmod tempor incididunt ut labore et dolore magna aliqua. Ut enim ad minim veniam, quis nostrud exercitation ullamco laboris nisi ut aliquip ex ea commodo consequat. Duis aute irure dolor in reprehenderit in voluptate velit esse cillum dolore eu fugiat nulla pariatur. Excep', NULL, 0, 'Idea 24 that suggest that we definitely need a longer title for ideas', 25, 10, NULL),
(57, TIMESTAMP '2019-04-06 09:27:42.176', TIMESTAMP '2019-04-07 09:27:42.176', 'VFb23xQa Lorem ipsum dolor sit amet, consectetur adipiscing elit, sed do eiusmod tempor incididunt ut labore et dolore magna aliqua. Ut enim ad minim veniam, quis nostrud exercitation ullamco laboris nisi ut aliquip ex ea commodo consequat. Duis aute irure dolor in reprehenderit in ', NULL, 0, 'Idea 25 that suggest that we definitely need a longer title for ideas', 26, 10, NULL),
(58, TIMESTAMP '2019-04-05 09:27:42.192', TIMESTAMP '2019-04-06 09:27:42.192', 'XZNC3NUa Lorem ipsum dolor sit amet, consectetur adipiscing elit, sed do eiusmod tempor incididunt ut labore et dolore magna aliqua. Ut enim ad minim veniam, quis nostrud exercitation ullamco laboris nisi ut aliquip ex ea commodo consequat.', NULL, 0, 'Idea 26 that suggest that we definitely need a longer title for ideas', 27, 20, NULL),
(59, TIMESTAMP '2019-04-04 09:27:42.192', TIMESTAMP '2019-04-05 09:27:42.192', 'QEN6KbuG Lorem ipsum dolor sit amet, consectetur adipiscing elit, sed do eiusmod tempor incididunt ut labore et dolore magna aliqua. Ut enim ad minim veniam, quis nostrud exercitation ullamco laboris nisi ut aliquip ex ea commodo consequat. Duis aute irure dolor in reprehenderit in vol', NULL, 0, 'Idea 27 that suggest that we definitely need a longer title for ideas', 28, 12, NULL),
(60, TIMESTAMP '2019-04-03 09:27:42.192', TIMESTAMP '2019-04-04 09:27:42.192', 'eoLQArRM Lorem ipsum dolor sit amet, consectetur adipiscing elit, sed do eiusmod tempor incididunt ut labore et dolore magna aliqua. Ut enim ad minim veniam, quis nostrud exercitation ullamco laboris nisi ut aliquip ex ea commodo consequat. Duis aute irure ', NULL, 0, 'Idea 28 that suggest that we definitely need a longer title for ideas', 29, 14, NULL),
(61, TIMESTAMP '2019-04-02 09:27:42.207', TIMESTAMP '2019-04-03 09:27:42.207', 'EFoauFtO Lorem ipsum dolor sit amet, consectetur adipiscing eli', NULL, 0, 'Idea 29 that suggest that we definitely need a longer title for ideas', 30, 16, NULL),
(62, TIMESTAMP '2019-04-01 09:27:42.223', TIMESTAMP '2019-04-02 09:27:42.223', 'qdGRmCCa Lorem ipsum dolor sit amet, consectetur adipiscing elit, sed do eiusmod tempor incididunt ut labore et dolore magna aliqua. Ut enim ad minim veniam, quis nostrud exercitation ullamco laboris nisi ut aliquip ex ea commodo consequat. Duis aute irure dolor in reprehenderit in voluptate velit esse cillum dolore eu fugiat nulla pariatur. Excepteur sint occaecat cup', NULL, 0, 'Idea 30 that suggest that we definitely need a longer title for ideas', 21, 20, NULL),
(63, TIMESTAMP '2019-03-31 09:27:42.239', TIMESTAMP '2019-04-01 09:27:42.239', 'Pf4wRt7Q Lorem ipsum dolor sit amet, consectetur adipiscing elit, sed do eiusmod tempor incididunt ut labore et dolore magna aliqua. Ut enim ad minim veniam, quis nostrud exercitation ullamco laboris nisi ut aliquip ex ea commodo consequat. Duis aute irure dolor in reprehenderit in voluptate velit esse cillum dolore eu fugiat nulla pariatur. Excepteur s', NULL, 0, 'Idea 31 that suggest that we definitely need a longer title for ideas', 22, 7, NULL);
INSERT INTO PUBLIC.LAWS(ID, CREATED_AT, UPDATED_AT, DESCRIPTION, REACHED_QUORUM_AT, STATUS, TITLE, AREA_ID, CREATED_BY_ID, POLL_ID) VALUES
(64, TIMESTAMP '2019-03-30 09:27:42.27', TIMESTAMP '2019-03-31 09:27:42.27', '6AmfAmHL Lorem ipsum dolor sit amet, consectetur adipiscing elit, sed do eiusmod tempor incididunt ut labore et dolore magna aliqua. Ut enim ad minim veniam, quis nostrud exercitation ullamco laboris nisi ut aliquip ex ea commodo consequat. Duis aute irure dolor in reprehenderit in voluptate velit esse cillum dolore', NULL, 0, 'Idea 32 that suggest that we definitely need a longer title for ideas', 23, 12, NULL),
(65, TIMESTAMP '2019-03-29 09:27:42.27', TIMESTAMP '2019-03-30 09:27:42.285', 'QT0hXUWX Lorem ipsum dolor sit amet, consectetur adipiscing elit, sed do eiusmod tempor incididunt ut labore et dolore magna aliqua. Ut eni', NULL, 0, 'Idea 33 that suggest that we definitely need a longer title for ideas', 24, 13, NULL),
(66, TIMESTAMP '2019-03-28 09:27:42.301', TIMESTAMP '2019-03-29 09:27:42.301', 'Q3uLozAF Lorem ipsum dolor sit amet, consectetur adipiscing elit, sed do eiusmod tempor incididunt ut labore et dolore magna aliqua. Ut enim ad minim veniam, quis nostrud exercitation ullamco laboris nisi ut aliquip ex ea commodo consequat. Duis aute irure dolor in r', NULL, 0, 'Idea 34 that suggest that we definitely need a longer title for ideas', 25, 14, NULL),
(67, TIMESTAMP '2019-03-27 09:27:42.332', TIMESTAMP '2019-03-28 09:27:42.332', 'hlfUyHsV Lorem ipsum dolor sit amet, consectetur adipiscing elit, sed do eiusmod tempor incididunt ut labore et dolore magna aliqua. Ut enim ad minim veniam, quis nostrud exercitation ullamco laboris nisi ut aliquip ex ea commodo consequat. Duis aute irure dolor in reprehenderit in voluptate velit esse cillum dolore eu fugiat nulla pariatur. Excepteur sint occaecat cupidatat non proident, sunt in ', NULL, 0, 'Idea 35 that suggest that we definitely need a longer title for ideas', 26, 18, NULL),
(68, TIMESTAMP '2019-03-26 09:27:42.364', TIMESTAMP '2019-03-27 09:27:42.364', 'aRCWGXBH Lorem ipsum dolor sit ame', NULL, 0, 'Idea 36 that suggest that we definitely need a longer title for ideas', 27, 20, NULL),
(69, TIMESTAMP '2019-03-25 09:27:42.379', TIMESTAMP '2019-03-26 09:27:42.379', 'sECgx8u4 Lorem ipsum dolor sit amet, consectetur adipiscing elit, sed do eiusmod tempor incididunt ut labore et dolore magna aliqua. Ut enim ad minim veniam, quis nostrud exercitation ullamco laboris nisi ut aliquip ex ea commodo consequat. Duis aute irure dolor in reprehenderit in voluptate velit esse cillum do', NULL, 0, 'Idea 37 that suggest that we definitely need a longer title for ideas', 28, 13, NULL),
(70, TIMESTAMP '2019-03-24 09:27:42.379', TIMESTAMP '2019-03-25 09:27:42.379', 'lPo55uVV Lorem ipsum dolor sit amet, consectetur adipiscing el', NULL, 0, 'Idea 38 that suggest that we definitely need a longer title for ideas', 29, 1, NULL),
(71, TIMESTAMP '2019-03-23 09:27:42.395', TIMESTAMP '2019-03-24 09:27:42.395', 'xyqYxvfE Lorem ipsum dolor sit amet, consectetur adipiscing elit, sed do eiusmod tempor incididun', NULL, 0, 'Idea 39 that suggest that we definitely need a longer title for ideas', 30, 17, NULL),
(72, TIMESTAMP '2019-03-22 09:27:42.395', TIMESTAMP '2019-03-23 09:27:42.395', 'arNeeeLW Lorem ipsum dolor sit amet, consectetur adipiscing elit, sed do eiusmod tempor incididunt ut labore et dolore magna aliqua. Ut enim ad minim veniam, quis nostrud exercita', NULL, 0, 'Idea 40 that suggest that we definitely need a longer title for ideas', 21, 4, NULL),
(73, TIMESTAMP '2019-03-21 09:27:42.395', TIMESTAMP '2019-03-22 09:27:42.395', '7vvzoaeQ Lorem ipsum dolor sit amet, consectetur adipiscing elit, sed do eiusmod tempor incididunt ut labore et dolore magna aliqua. Ut enim ad minim veniam, quis nostrud exercitation ullamco laboris nisi ut aliquip e', NULL, 0, 'Idea 41 that suggest that we definitely need a longer title for ideas', 22, 11, NULL),
(74, TIMESTAMP '2019-03-20 09:27:42.41', TIMESTAMP '2019-03-21 09:27:42.41', 'Ko66PoU0 Lorem ipsum dolor sit amet, consectetur adipiscing elit, sed do eiusmod tempor incididunt ut labore et dolore magna aliqua. Ut enim ad minim veniam, quis nostrud exercitation ullamco laboris nisi ut aliquip ex ea commodo consequat. ', NULL, 0, 'Idea 42 that suggest that we definitely need a longer title for ideas', 23, 10, NULL);
INSERT INTO PUBLIC.LAWS(ID, CREATED_AT, UPDATED_AT, DESCRIPTION, REACHED_QUORUM_AT, STATUS, TITLE, AREA_ID, CREATED_BY_ID, POLL_ID) VALUES
(75, TIMESTAMP '2019-03-19 09:27:42.41', TIMESTAMP '2019-03-20 09:27:42.426', 'T42N9WP2 Lorem ipsum dolor sit amet, consectetur adipiscing elit, sed do eiusmod tempor incididunt ut labore et dolore magna aliqua. Ut enim ad minim veniam, quis nostrud exercitation ullamco laboris nisi ut aliquip ex ea commodo consequat. Duis aute irure dolor in reprehenderit in voluptate velit esse cillum dolore eu fugiat nulla pari', NULL, 0, 'Idea 43 that suggest that we definitely need a longer title for ideas', 24, 2, NULL),
(76, TIMESTAMP '2019-03-18 09:27:42.442', TIMESTAMP '2019-03-19 09:27:42.442', 'GZuWUvz3 Lorem ipsum dolor sit amet, consectetur adipiscing elit, sed do eiusmod tempor incididunt ut labore et dolore magna aliqua. Ut enim ad minim veniam, quis nostrud exercitation ullamco laboris nisi ut aliquip ex ea commodo consequat. Duis ', NULL, 0, 'Idea 44 that suggest that we definitely need a longer title for ideas', 25, 6, NULL),
(77, TIMESTAMP '2019-03-17 09:27:42.442', TIMESTAMP '2019-03-18 09:27:42.442', 'RLvhTymr Lorem ip', NULL, 0, 'Idea 45 that suggest that we definitely need a longer title for ideas', 26, 17, NULL),
(78, TIMESTAMP '2019-03-16 09:27:42.442', TIMESTAMP '2019-03-17 09:27:42.457', 'Xx0L97UE Lorem ipsum dolor sit amet, consectetur adipiscing elit, sed do eiusmod tempor incididunt ut labore et', NULL, 0, 'Idea 46 that suggest that we definitely need a longer title for ideas', 27, 12, NULL),
(79, TIMESTAMP '2019-03-15 09:27:42.473', TIMESTAMP '2019-03-16 09:27:42.473', 'usVOwVKU Lorem ipsum dolor sit amet, consectetur adipiscing elit, sed do eiusmod tempor incididunt ut labore et dolore magna aliqua. Ut enim ad minim veniam, q', NULL, 0, 'Idea 47 that suggest that we definitely need a longer title for ideas', 28, 7, NULL),
(80, TIMESTAMP '2019-03-14 09:27:42.489', TIMESTAMP '2019-03-15 09:27:42.489', '5GUPWzv6 Lorem ipsum dolor sit amet, consectetur adipiscing elit, sed do eiusmod tempor incididunt ut labore et dolore magna aliqua. Ut enim ad minim veniam, quis nostrud exercitation ullamco laboris nisi ut aliquip ex ea commodo consequat', NULL, 0, 'Idea 48 that suggest that we definitely need a longer title for ideas', 29, 7, NULL),
(81, TIMESTAMP '2019-03-13 09:27:42.535', TIMESTAMP '2019-03-14 09:27:42.535', 'H0KnTWEA Lorem ipsum dolor sit amet, consectetur adipiscing elit, sed do eiusmod tempor incididunt ut labore et dolore magna aliqua. Ut enim ad minim veniam, quis nostrud exercitation ullamco laboris nisi ut aliquip ex ea commodo consequat. Duis aute irure dolor in reprehenderit in voluptate velit esse cillum dolore eu fugiat nulla pariatur.', NULL, 0, 'Idea 49 that suggest that we definitely need a longer title for ideas', 30, 12, NULL),
(82, TIMESTAMP '2019-03-12 09:27:42.582', TIMESTAMP '2019-03-13 09:27:42.582', '8sVfNR4y Lorem ipsum dolor sit amet, consectetur adipiscing elit, sed do eiusmod tempor incididunt ut labore et dolore magna aliqua. Ut enim ad minim veniam, quis nostrud exercitation ullamco laboris nisi ut aliquip ex ea commodo consequat. Duis aute irure dolor in reprehenderit in vol', NULL, 0, 'Idea 50 that suggest that we definitely need a longer title for ideas', 21, 18, NULL),
(83, TIMESTAMP '2019-03-11 09:27:42.614', TIMESTAMP '2019-03-12 09:27:42.614', '7uDChsNc Lorem ipsum dolor sit amet, consectetur adipiscing elit, sed do eiusmod tem', NULL, 0, 'Idea 51 that suggest that we definitely need a longer title for ideas', 22, 10, NULL),
(84, TIMESTAMP '2019-03-10 09:27:42.614', TIMESTAMP '2019-03-11 09:27:42.614', '77RcYd9p Lorem ipsum dolor sit amet, consectetur adipiscing elit, sed do eiusmod tempor incididunt ut labore et dolore magna aliqua. Ut enim ad minim veniam, quis nostrud exercitation ullamco labo', NULL, 0, 'Idea 52 that suggest that we definitely need a longer title for ideas', 23, 6, NULL),
(85, TIMESTAMP '2019-03-09 09:27:42.629', TIMESTAMP '2019-03-10 09:27:42.629', 'rRRKPZu8 Lorem ipsum dolor sit amet, consectetur adipiscing elit, sed do eiusmod tempor incididunt ut labore et dolore magna aliqua. Ut enim ad minim veniam, quis nostrud exercitatio', NULL, 0, 'Idea 53 that suggest that we definitely need a longer title for ideas', 24, 8, NULL);
INSERT INTO PUBLIC.LAWS(ID, CREATED_AT, UPDATED_AT, DESCRIPTION, REACHED_QUORUM_AT, STATUS, TITLE, AREA_ID, CREATED_BY_ID, POLL_ID) VALUES
(86, TIMESTAMP '2019-03-08 09:27:42.629', TIMESTAMP '2019-03-09 09:27:42.629', '3vEKowQ3 Lorem ipsum dolor sit amet, consectetur adipiscing elit, sed do eiusmod tempor incididunt ut labore et dolore magna aliqua. Ut enim ad minim veniam, quis nostrud exercitatio', NULL, 0, 'Idea 54 that suggest that we definitely need a longer title for ideas', 25, 12, NULL),
(87, TIMESTAMP '2019-03-07 09:27:42.629', TIMESTAMP '2019-03-08 09:27:42.629', 'B5P2txUf Lorem ipsum dolor sit amet, consectetur adipiscing elit, sed do eiusmod tempor incididunt ut labore et dolore magna aliqua. Ut enim ad minim veniam, quis nostrud exercitation ullamco laboris nisi ut aliquip ex ea commodo consequat. Duis aute irure dolor in reprehenderit in voluptate velit esse cillum', NULL, 0, 'Idea 55 that suggest that we definitely need a longer title for ideas', 26, 1, NULL),
(88, TIMESTAMP '2019-03-06 09:27:42.645', TIMESTAMP '2019-03-07 09:27:42.645', 'VUmFupbO Lorem ipsum dolor sit amet, consectetur adipiscing elit, sed do eiusmod tempor incididunt ut labore et dolore magna aliqua. Ut enim ad minim veniam, quis n', NULL, 0, 'Idea 56 that suggest that we definitely need a longer title for ideas', 27, 6, NULL),
(89, TIMESTAMP '2019-03-05 09:27:42.645', TIMESTAMP '2019-03-06 09:27:42.645', 'Abp9xVgu Lorem ipsum dolor sit amet, consectetur adipiscing elit, sed do eiusmod tempor incididunt ut labore et dolore magna aliqua. Ut enim ad minim veniam, quis nostrud exercitation ullamco la', NULL, 0, 'Idea 57 that suggest that we definitely need a longer title for ideas', 28, 15, NULL),
(90, TIMESTAMP '2019-03-04 09:27:42.66', TIMESTAMP '2019-03-05 09:27:42.66', 'QRNfe3e0 Lorem ipsum dolor sit amet, consectetur adipiscing elit, sed do eiusmod tempor incididunt ut labore et dolore magna aliqua. Ut enim ad minim veniam, quis nostrud exercitation ullamco laboris nisi ut aliquip ex ea commodo consequat. Duis aute irure dolor in reprehenderit in voluptate', NULL, 0, 'Idea 58 that suggest that we definitely need a longer title for ideas', 29, 16, NULL),
(91, TIMESTAMP '2019-03-03 09:27:42.66', TIMESTAMP '2019-03-04 09:27:42.66', 'cpgTeU77 Lorem ipsum dolor sit amet, consectetur adipiscing elit, sed do eiusmod tempor incididunt ut labore et dolore magna aliqua. Ut enim ad minim veniam, quis n', NULL, 0, 'Idea 59 that suggest that we definitely need a longer title for ideas', 30, 19, NULL),
(92, TIMESTAMP '2019-03-02 09:27:42.676', TIMESTAMP '2019-03-03 09:27:42.676', 'BANPHsrg Lorem ipsum dolor sit amet, consectetur adipiscing elit, sed do eiusmod tempor incididunt ut lab', NULL, 0, 'Idea 60 that suggest that we definitely need a longer title for ideas', 21, 20, NULL),
(93, TIMESTAMP '2019-03-01 09:27:42.692', TIMESTAMP '2019-03-02 09:27:42.692', 'rgAsrK3Z Lorem ipsum dolor sit amet, consectetur adipiscing elit, sed do eiusmod tempor incididunt ut labore et dolore magna aliqua. Ut enim ad minim veniam, quis nostrud exercitation ullamco laboris nisi ut a', NULL, 0, 'Idea 61 that suggest that we definitely need a longer title for ideas', 22, 2, NULL),
(94, TIMESTAMP '2019-02-28 09:27:42.707', TIMESTAMP '2019-03-01 09:27:42.707', 'RzqStoRx Lorem ipsum dolor sit amet, consectetur adipiscing elit, sed do eiusmod tempor incididunt ut labore et dolore magna aliqua. Ut enim ad minim veniam, quis nostrud exercitation ullamco laboris nisi ut aliquip ex ea commodo consequat. Duis aute irure dolo', NULL, 0, 'Idea 62 that suggest that we definitely need a longer title for ideas', 23, 5, NULL),
(95, TIMESTAMP '2019-02-27 09:27:42.739', TIMESTAMP '2019-02-28 09:27:42.739', '6tqC6QVu Lorem ipsum dolor sit amet, consectetur adipiscing elit, sed do eiusmod tempor incididunt ut labore et dolore magna aliqua. Ut enim ad minim veniam, quis nostrud exercitation ullamco laboris nisi ut aliquip ex ea commodo consequat. Duis aute irure dolo', NULL, 0, 'Idea 63 that suggest that we definitely need a longer title for ideas', 24, 20, NULL),
(96, TIMESTAMP '2019-02-26 09:27:42.754', TIMESTAMP '2019-02-27 09:27:42.754', 'hgraTZhO Lorem ipsum dolor sit amet, consectetur adipiscing elit, sed do eiusmod tempor incididunt ut labore et dolore magna aliqua. Ut enim ad minim veniam, quis no', NULL, 0, 'Idea 64 that suggest that we definitely need a longer title for ideas', 25, 2, NULL);
INSERT INTO PUBLIC.LAWS(ID, CREATED_AT, UPDATED_AT, DESCRIPTION, REACHED_QUORUM_AT, STATUS, TITLE, AREA_ID, CREATED_BY_ID, POLL_ID) VALUES
(97, TIMESTAMP '2019-02-25 09:27:42.77', TIMESTAMP '2019-02-26 09:27:42.77', 'HXVNOPBe Lorem i', NULL, 0, 'Idea 65 that suggest that we definitely need a longer title for ideas', 26, 20, NULL),
(98, TIMESTAMP '2019-02-24 09:27:42.77', TIMESTAMP '2019-02-25 09:27:42.77', 'SZpv6qCc Lorem ipsum dolor sit amet, consectetur adipiscing elit, sed do eiusmod tempor incididunt ut labore et dolore', NULL, 0, 'Idea 66 that suggest that we definitely need a longer title for ideas', 27, 2, NULL),
(99, TIMESTAMP '2019-02-23 09:27:42.801', TIMESTAMP '2019-02-24 09:27:42.801', 'rqYD8VnG Lorem ipsum dolor sit amet, consectetur adipiscing elit, sed do eiusmod tempor incididunt ut labore et dolore magna aliqua. Ut enim ad minim veniam, quis nostrud exercitation ullamco laboris nisi ut aliquip ex ea commodo consequat. Duis aute irure dolor in reprehenderit in voluptate velit esse cillum dolore eu fugiat nulla pariatur. Excepteur sint occaecat cupidat', NULL, 0, 'Idea 67 that suggest that we definitely need a longer title for ideas', 28, 1, NULL),
(100, TIMESTAMP '2019-02-22 09:27:42.817', TIMESTAMP '2019-02-23 09:27:42.817', 'VD89Xbr6 Lorem ipsum dolor sit amet, consectetur adipiscing elit, sed do eiusmod tempor incididunt ut labore et do', NULL, 0, 'Idea 68 that suggest that we definitely need a longer title for ideas', 29, 2, NULL),
(101, TIMESTAMP '2019-02-21 09:27:42.817', TIMESTAMP '2019-02-22 09:27:42.817', '2mxOQaxl Lorem ipsum dolor sit amet, consectetur adipiscing elit, sed do eiusmod tempor incididunt ut labore et dolore magna aliqua. Ut enim ad minim veniam, quis nostrud exercitation ullamco laboris nisi ut aliquip ex ea commodo consequat. Duis aute irure dolor in reprehenderit in voluptate velit esse cillum dolore eu fugiat nulla pariatur. Excepteur sint occaecat cupidatat non proident, sunt in culpa', NULL, 0, 'Idea 69 that suggest that we definitely need a longer title for ideas', 30, 5, NULL),
(102, TIMESTAMP '2019-02-20 09:27:42.832', TIMESTAMP '2019-02-21 09:27:42.832', 'S8cxBURl Lorem ipsum dolor sit amet, consectetur adipiscing elit, sed do eiusmo', NULL, 0, 'Idea 70 that suggest that we definitely need a longer title for ideas', 21, 9, NULL),
(103, TIMESTAMP '2019-02-19 09:27:42.848', TIMESTAMP '2019-02-20 09:27:42.848', '7NV44eV2 Lorem ipsum dolor', NULL, 0, 'Idea 71 that suggest that we definitely need a longer title for ideas', 22, 15, NULL),
(104, TIMESTAMP '2019-02-18 09:27:42.848', TIMESTAMP '2019-02-19 09:27:42.848', 'kmhUUHV4 Lorem ipsum dolor sit amet, consectetur adipisci', NULL, 0, 'Idea 72 that suggest that we definitely need a longer title for ideas', 23, 10, NULL),
(105, TIMESTAMP '2019-02-17 09:27:42.864', TIMESTAMP '2019-02-18 09:27:42.864', 'CGC9lxTx Lorem ipsum dolor sit amet, consectetur adipiscing elit, sed do eiusmod tempor incididunt ut labore et dolore magna aliqua. Ut enim ad minim veniam, quis nostrud exercitation ullamco laboris nisi ut aliquip ex ea commodo consequat. Duis aute irure dolor in reprehenderit in voluptate velit esse', NULL, 0, 'Idea 73 that suggest that we definitely need a longer title for ideas', 24, 9, NULL),
(106, TIMESTAMP '2019-02-16 09:27:42.864', TIMESTAMP '2019-02-17 09:27:42.864', 'WKko5ntP Lorem ipsum dolor sit amet, consectetur adipiscing elit, sed do eiusmod tempor incididunt ut labore et dolore magna aliqua. Ut enim ad minim veniam, quis nostrud exercitation ullamco laboris nisi ut aliquip ex ea commodo consequat. Duis aute irure dolor in reprehenderit in voluptate ve', NULL, 0, 'Idea 74 that suggest that we definitely need a longer title for ideas', 25, 19, NULL),
(107, TIMESTAMP '2019-02-15 09:27:42.879', TIMESTAMP '2019-02-16 09:27:42.879', 'ga6w5QLp Lorem ipsum dolor sit amet, consectetur adipiscing elit, sed do eiusmod tempor incididunt ut labore et dolore magna aliqua. Ut enim ad minim veniam, q', NULL, 0, 'Idea 75 that suggest that we definitely need a longer title for ideas', 26, 13, NULL),
(108, TIMESTAMP '2019-02-14 09:27:42.895', TIMESTAMP '2019-02-15 09:27:42.895', '6Pre8K73 Lorem ipsum dolor sit amet, consectetur adipiscing elit, sed do eiusmod tempor incididunt ut labore et dolore magna aliqua. Ut enim ad minim veniam, quis nostrud exercitation ullamco laboris nisi ut aliquip ex ea commodo consequ', NULL, 0, 'Idea 76 that suggest that we definitely need a longer title for ideas', 27, 1, NULL);
INSERT INTO PUBLIC.LAWS(ID, CREATED_AT, UPDATED_AT, DESCRIPTION, REACHED_QUORUM_AT, STATUS, TITLE, AREA_ID, CREATED_BY_ID, POLL_ID) VALUES
(109, TIMESTAMP '2019-02-13 09:27:42.91', TIMESTAMP '2019-02-14 09:27:42.91', '0LDq64sd Lorem ipsum dolor sit amet, consectetur adipiscing elit, sed do eiusmod tempor incididunt ut labore et dolore magna aliqua. Ut enim ad minim veniam, q', NULL, 0, 'Idea 77 that suggest that we definitely need a longer title for ideas', 28, 16, NULL),
(110, TIMESTAMP '2019-02-12 09:27:42.91', TIMESTAMP '2019-02-13 09:27:42.91', 'TlWreSdx Lorem ipsum dolor sit amet, consectetur adipiscing elit, sed do eiusmod tempor incididunt ut labore et dolore magna aliqua. Ut enim ad minim veniam, quis nostrud exercitation ullamco laboris nisi ut aliquip ex ea commodo consequat. Duis aute irure dolor in reprehenderit in voluptate velit esse cillum dolore eu fugiat nulla pariatur. Exc', NULL, 0, 'Idea 78 that suggest that we definitely need a longer title for ideas', 29, 1, NULL),
(111, TIMESTAMP '2019-02-11 09:27:42.926', TIMESTAMP '2019-02-12 09:27:42.926', 'PoV4NPaC Lorem ipsum dolor sit amet, consectetur adipisci', NULL, 0, 'Idea 79 that suggest that we definitely need a longer title for ideas', 30, 7, NULL),
(112, TIMESTAMP '2019-02-10 09:27:42.942', TIMESTAMP '2019-02-11 09:27:42.942', 'Cv2T7oSM Lorem ipsum dolor sit amet, consectetur adipiscing elit, sed do eiusmod tempor incididunt ut labore et dolore magna aliqua. Ut enim ad minim veniam, quis nostr', NULL, 0, 'Idea 80 that suggest that we definitely need a longer title for ideas', 21, 18, NULL),
(113, TIMESTAMP '2019-02-09 09:27:42.942', TIMESTAMP '2019-02-10 09:27:42.942', '5DprBBqn Lo', NULL, 0, 'Idea 81 that suggest that we definitely need a longer title for ideas', 22, 3, NULL),
(114, TIMESTAMP '2019-02-08 09:27:42.957', TIMESTAMP '2019-02-09 09:27:42.957', 'WZPpzm3S Lorem ipsum dolor sit amet, consectetur adipiscing elit, sed do eiusmod tempor incididunt ut labore et dolore magna aliqua. Ut enim ad minim veniam, quis nostrud exercitation ullamco laboris nisi ut aliquip ex ea commodo consequat. Duis aute irure dolor in reprehenderit in voluptate velit esse cillum dolore eu', NULL, 0, 'Idea 82 that suggest that we definitely need a longer title for ideas', 23, 6, NULL),
(115, TIMESTAMP '2019-02-07 09:27:42.957', TIMESTAMP '2019-02-08 09:27:42.957', 'tPCoelvr Lorem ipsum dolor sit amet, consectetur adipiscing elit, sed do eiusmod tempor incididunt ut labore et dolore magna aliqua. Ut enim ad minim veniam, quis nostrud exercitation ullamco laboris nisi ut aliquip ex ea commodo consequat. Duis aute irure dolor in reprehenderi', NULL, 0, 'Idea 83 that suggest that we definitely need a longer title for ideas', 24, 8, NULL),
(116, TIMESTAMP '2019-02-06 09:27:42.957', TIMESTAMP '2019-02-07 09:27:42.957', 'QlescV6u Lorem ipsum dolor sit amet, consectetur adipiscing elit, sed do eiusmod tempor incididunt ut labore et dolore magna aliqua. Ut enim ad minim veniam, quis nostrud exercitation ullamco laboris nisi ut aliquip ex ea commodo consequat. Duis aute irure dolor in reprehenderit in voluptate velit esse cillum dolore eu fugiat nulla pariatur. Excepteur sint occaecat cupidatat n', NULL, 0, 'Idea 84 that suggest that we definitely need a longer title for ideas', 25, 8, NULL),
(117, TIMESTAMP '2019-02-05 09:27:42.973', TIMESTAMP '2019-02-06 09:27:42.973', 'b0xkWMWg Lorem ipsum dolor sit amet, consectetur adipiscing elit, sed do eiusmod tempor incididunt ut labore et dolore magna aliqua. Ut enim ad minim veniam, quis nostrud exercitation ullamco laboris', NULL, 0, 'Idea 85 that suggest that we definitely need a longer title for ideas', 26, 6, NULL),
(118, TIMESTAMP '2019-02-04 09:27:42.973', TIMESTAMP '2019-02-05 09:27:42.973', 'NSAKuqlR Lorem ipsum dolor sit amet, consectetur adipiscing elit, sed do eiusmod tempor incididunt ut labore et dolore magna aliqua. Ut enim ad minim veniam, quis nostrud exercitation ullamco laboris nisi ut aliquip ex ea commodo consequat. Duis aute irure dolor in reprehenderit in voluptate velit esse cillum dolore eu fugiat nulla pariatur. Excepteu', NULL, 0, 'Idea 86 that suggest that we definitely need a longer title for ideas', 27, 3, NULL);
INSERT INTO PUBLIC.LAWS(ID, CREATED_AT, UPDATED_AT, DESCRIPTION, REACHED_QUORUM_AT, STATUS, TITLE, AREA_ID, CREATED_BY_ID, POLL_ID) VALUES
(119, TIMESTAMP '2019-02-03 09:27:42.973', TIMESTAMP '2019-02-04 09:27:42.973', 'Fz9EgqR2 Lorem ipsum dolor sit amet, consectetur adipiscing elit, sed do eiusmod tempor incididunt ut labore et dolore magna aliq', NULL, 0, 'Idea 87 that suggest that we definitely need a longer title for ideas', 28, 8, NULL),
(120, TIMESTAMP '2019-02-02 09:27:43.004', TIMESTAMP '2019-02-03 09:27:43.004', 'u0mUEmSo Lorem ipsum dolor sit amet, consectetur adipiscing elit, sed do eiusmod tempor incididunt ut labore et dolore magna aliqua. Ut enim ad minim veniam, quis nostrud exercitation ullamco laboris nisi ut aliquip ex ea commodo consequat. Duis aute ir', NULL, 0, 'Idea 88 that suggest that we definitely need a longer title for ideas', 29, 2, NULL),
(121, TIMESTAMP '2019-02-01 09:27:43.004', TIMESTAMP '2019-02-02 09:27:43.004', 'LQWPVzQt Lorem ipsum dolor sit amet, consectetur adipiscing elit, sed do eiusmod tempor incididunt ut labore et dolore magna aliqua. Ut enim ad minim veniam, quis nostrud exercitation ullamco laboris nisi ut aliquip ex ea commodo consequat. Duis a', NULL, 0, 'Idea 89 that suggest that we definitely need a longer title for ideas', 30, 1, NULL),
(122, TIMESTAMP '2019-01-31 09:27:43.02', TIMESTAMP '2019-02-01 09:27:43.035', 'PF9fxzOs Lorem ipsum dolor sit amet, consectetur adipiscing elit, sed do eiusmod tempor incididunt ut labore et dolore magna aliqua. Ut enim ad minim veniam, quis nostr', NULL, 0, 'Idea 90 that suggest that we definitely need a longer title for ideas', 21, 12, NULL),
(123, TIMESTAMP '2019-01-30 09:27:43.035', TIMESTAMP '2019-01-31 09:27:43.035', 'qMd0LoyO Lorem ipsum dolor sit amet, consectetur adipiscing elit, sed do eiusmod tempor incididunt ut labore et dolore magna aliqua. Ut enim ad minim veniam, quis nostrud exercitation ullamco laboris nisi ut aliquip ex ea commodo consequat. Duis aute irure dolor in reprehenderit in voluptate velit esse ', NULL, 0, 'Idea 91 that suggest that we definitely need a longer title for ideas', 22, 9, NULL),
(124, TIMESTAMP '2019-01-29 09:27:43.051', TIMESTAMP '2019-01-30 09:27:43.051', 'bk4fZyQr Lorem ipsum dolor sit amet, consectetur ', NULL, 0, 'Idea 92 that suggest that we definitely need a longer title for ideas', 23, 15, NULL),
(125, TIMESTAMP '2019-01-28 09:27:43.051', TIMESTAMP '2019-01-29 09:27:43.051', 'bFxpVXGY Lorem ipsum dolor sit amet, consectetur adipiscing elit, sed do eiusmod tempor incididunt ut labore et dolore magna aliqua. Ut enim', NULL, 0, 'Idea 93 that suggest that we definitely need a longer title for ideas', 24, 11, NULL),
(126, TIMESTAMP '2019-01-27 09:27:43.067', TIMESTAMP '2019-01-28 09:27:43.067', 'SDMVuNlR Lorem ipsum dolor sit amet, consectetur adipiscing elit, sed do eiusmod tempor incididunt ut labore et dolore magna aliqua. Ut enim ad minim veniam, quis nostrud exercitation ullamco laboris nisi ut aliquip ex ea commodo consequat. Duis aute irure dolor in reprehenderit in voluptate velit esse cillum ', NULL, 0, 'Idea 94 that suggest that we definitely need a longer title for ideas', 25, 9, NULL),
(127, TIMESTAMP '2019-01-26 09:27:43.067', TIMESTAMP '2019-01-27 09:27:43.067', 'wym8hnlN Lorem ipsum dolor sit amet, consectetur adipiscing elit, sed do eiusmod tempor incididunt ut labore et dolore magna aliqua. Ut enim ad minim veniam, quis nostrud exercitation ullamco laboris nisi ', NULL, 0, 'Idea 95 that suggest that we definitely need a longer title for ideas', 26, 2, NULL),
(128, TIMESTAMP '2019-01-25 09:27:43.067', TIMESTAMP '2019-01-26 09:27:43.067', 'c5b4bDVt Lorem ipsum dolor sit amet, consectetur adipiscing elit, sed do eiusmod tempor incididunt ut labore et dolore magna aliqua. Ut enim ad minim veniam, quis nostrud exercitation ullamco laboris nisi ut ali', NULL, 0, 'Idea 96 that suggest that we definitely need a longer title for ideas', 27, 18, NULL),
(129, TIMESTAMP '2019-01-24 09:27:43.082', TIMESTAMP '2019-01-25 09:27:43.082', 'rhnsHhrv Lorem ipsum dolor sit amet, consectetur adipiscing elit, sed do eiusmod tempor incididunt ut labore et dolore magna aliqua. Ut enim ad minim veniam, quis nostrud exercitation ullamco laboris nisi ut aliquip ex ea commodo consequat. Duis aute irure dolor in reprehenderit in voluptate velit esse cillum dolore eu fugiat nulla pariatur. Excepteu', NULL, 0, 'Idea 97 that suggest that we definitely need a longer title for ideas', 28, 7, NULL);
INSERT INTO PUBLIC.LAWS(ID, CREATED_AT, UPDATED_AT, DESCRIPTION, REACHED_QUORUM_AT, STATUS, TITLE, AREA_ID, CREATED_BY_ID, POLL_ID) VALUES
(130, TIMESTAMP '2019-01-23 09:27:43.123', TIMESTAMP '2019-01-24 09:27:43.123', 'GvWgveAA Lorem ipsum dolor sit amet, consectetur adipiscing elit, sed do eiusmod tempor incididunt ut labor', NULL, 0, 'Idea 98 that suggest that we definitely need a longer title for ideas', 29, 10, NULL),
(131, TIMESTAMP '2019-01-22 09:27:43.14', TIMESTAMP '2019-01-23 09:27:43.14', 'rxxHKbRh Lorem ipsum dolor sit amet, consec', NULL, 0, 'Idea 99 that suggest that we definitely need a longer title for ideas', 30, 17, NULL),
(132, TIMESTAMP '2019-01-21 09:27:43.149', TIMESTAMP '2019-01-22 09:27:43.149', 'QLpDCnBe Lorem ipsum dolor sit amet, consectetur adipiscing elit, sed do eiusmod tempor incididunt ut labore et dolore magna aliqua. Ut enim ad mini', NULL, 0, 'Idea 100 that suggest that we definitely need a longer title for ideas', 21, 14, NULL),
(133, TIMESTAMP '2019-01-20 09:27:43.149', TIMESTAMP '2019-01-21 09:27:43.149', 'SU2TaVZe Lorem ipsum dolor sit amet, consectetur adipiscing elit, sed do eiusmod tempor incididunt ut labore et dolore magna aliqua. Ut enim ad minim veniam, quis nostrud exercitation ullamco laboris nisi ut aliquip ex ea commodo consequat. Duis aute irure dolor in reprehenderit in voluptate veli', NULL, 0, 'Idea 101 that suggest that we definitely need a longer title for ideas', 22, 2, NULL),
(134, TIMESTAMP '2019-01-19 09:27:43.149', TIMESTAMP '2019-01-20 09:27:43.149', '5V9wwzmm Lorem ipsum dolor sit amet, consectetur adipiscing elit, sed do eiusmod tempor incididunt ut labore et dolore magna aliqua. Ut enim ad minim veniam, quis nostrud exercitation ullamco laboris nisi ut aliquip ex ea commodo consequat. Duis aute irure dolor in reprehenderit in voluptate velit esse cillum dolore eu fugiat nulla pariatur. Excepteur sint occaecat cupidatat non proident, sunt ', NULL, 0, 'Idea 102 that suggest that we definitely need a longer title for ideas', 23, 2, NULL),
(135, TIMESTAMP '2019-01-18 09:27:43.149', TIMESTAMP '2019-01-19 09:27:43.149', 'NaAe5WOF Lorem ipsum dolor sit amet, consectetur adipiscing elit, sed do eiusmo', NULL, 0, 'Idea 103 that suggest that we definitely need a longer title for ideas', 24, 6, NULL),
(136, TIMESTAMP '2019-01-17 09:27:43.164', TIMESTAMP '2019-01-18 09:27:43.164', 'z4KC2KzW Lorem ipsum dolor sit amet, consectetur adipiscing elit, sed do eiusmod tempor incididunt ut labore et dolore magna aliqua. Ut enim ad minim veniam, quis nostrud exercitation ullamco laboris nisi ut aliquip ex ea commodo consequat. Duis au', NULL, 0, 'Idea 104 that suggest that we definitely need a longer title for ideas', 25, 18, NULL),
(137, TIMESTAMP '2019-01-16 09:27:43.18', TIMESTAMP '2019-01-17 09:27:43.196', 'OKdLShP7 Lorem ipsum dolor sit amet, consectetur adipiscing elit, sed do eiusmod tempor incididunt ut labore et dolore magna aliqua. Ut enim ad minim veniam, quis nostrud exercitation ullamco laboris nisi ut aliquip ex ea commodo consequat. Duis aute irure dolor in reprehenderit in voluptate velit esse cillum dolore eu fugiat nulla pariatur. Excepteur sint occaecat cupidatat non proident, sunt in ', NULL, 0, 'Idea 105 that suggest that we definitely need a longer title for ideas', 26, 12, NULL),
(138, TIMESTAMP '2019-01-15 09:27:43.211', TIMESTAMP '2019-01-16 09:27:43.211', '25wCRU0L Lorem ipsum dolor sit amet, consectetur adipiscing elit, sed do eiusmod tempor incididunt ut labore et dolore magna aliqua. Ut enim ad minim veniam, quis nostrud exercitation ullamco laboris nisi ut aliquip ex ea commodo consequat. Duis aute irure dolor in reprehenderit in voluptate velit esse cill', NULL, 0, 'Idea 106 that suggest that we definitely need a longer title for ideas', 27, 1, NULL),
(139, TIMESTAMP '2019-01-14 09:27:43.227', TIMESTAMP '2019-01-15 09:27:43.227', 'xwDR2qdg Lorem ipsum dolor sit amet, consectetur adipiscing elit, sed do eiusmod tempor incididunt ut labore et dolore magna aliqua. Ut enim ad minim veniam, quis nostrud exercitation ullamco laboris nisi ut aliquip ex ea commodo consequat. Duis aute irure dolor in reprehenderit in voluptate velit esse cillum dolore eu', NULL, 0, 'Idea 107 that suggest that we definitely need a longer title for ideas', 28, 9, NULL);
INSERT INTO PUBLIC.LAWS(ID, CREATED_AT, UPDATED_AT, DESCRIPTION, REACHED_QUORUM_AT, STATUS, TITLE, AREA_ID, CREATED_BY_ID, POLL_ID) VALUES
(140, TIMESTAMP '2019-01-13 09:27:43.227', TIMESTAMP '2019-01-14 09:27:43.227', 'xOy3xOEK Lorem ipsum dolor sit amet, consectetur adipiscing elit, sed do eiusmod tempor incididunt ut labore et dolore magna aliqua. Ut enim ad minim veniam, quis nostrud exercitation ullamco laboris nisi ut aliquip e', NULL, 0, 'Idea 108 that suggest that we definitely need a longer title for ideas', 29, 14, NULL),
(141, TIMESTAMP '2019-01-12 09:27:43.242', TIMESTAMP '2019-01-13 09:27:43.242', 'Wu7r4tGA Lorem ipsum dolor sit amet, consectetur adipiscing elit, sed do eiusmod tempor incididunt ut labore et dolor', NULL, 0, 'Idea 109 that suggest that we definitely need a longer title for ideas', 30, 2, NULL),
(142, TIMESTAMP '2019-01-11 09:27:43.258', TIMESTAMP '2019-01-12 09:27:43.258', 'eYFYXqwH Lorem ipsum dolor sit amet, consectetur adipiscing eli', NULL, 0, 'Idea 110 that suggest that we definitely need a longer title for ideas', 21, 15, NULL),
(143, TIMESTAMP '2019-04-26 09:27:43.274', TIMESTAMP '2019-04-27 09:27:43.274', 'x5Ywtm3v Lorem ipsum dolor sit amet, consectetur adipiscing elit, sed do eiusmod tempor incididunt ut labore et dolore magna aliqua. Ut enim ad minim veniam, quis nostrud exercitation ullamco laboris nisi ut aliquip ex ea commodo consequat. Duis aute irure dolor in reprehenderit in voluptate velit esse cillum dolore eu fugiat nulla pariatur. Excepteur sin', TIMESTAMP '2019-04-29 09:27:43.274', 1, 'Proposal 0 that reached its quorum', 22, 19, NULL),
(144, TIMESTAMP '2019-04-28 09:27:43.289', TIMESTAMP '2019-04-29 09:27:43.289', 'WgYoSC7P Lorem ipsum dolor sit amet', TIMESTAMP '2019-05-01 09:27:43.289', 1, 'Proposal 1 that reached its quorum', 26, 3, NULL),
(145, TIMESTAMP '2019-05-02 09:27:43.321', TIMESTAMP '2019-05-02 09:27:43.321', 'BoLdYafG Lorem ipsum dolor sit amet, consectet', TIMESTAMP '2019-05-02 09:27:43.321', 1, 'Proposal 2 that reached its quorum', 22, 13, NULL),
(146, TIMESTAMP '2019-04-30 09:27:43.355', TIMESTAMP '2019-05-01 09:27:43.355', 'QkvW3Tlv Lorem ipsum dolor sit amet, consectetur adipiscing elit, sed do eiusmod tempor incididunt ut labore et dolore magna aliqua. Ut enim ad minim veniam, quis nostrud exercitation ullamco laboris nisi ut aliquip ex ea commodo consequat. Duis aute irure dolor in r', TIMESTAMP '2019-05-01 09:27:43.339', 1, 'Proposal 3 that reached its quorum', 28, 10, NULL),
(147, TIMESTAMP '2019-04-27 09:27:43.386', TIMESTAMP '2019-04-28 09:27:43.386', 'xx9ydg7a Lorem ipsum dolor sit amet, consectetur adipiscing elit, sed do eiusmod tempor incididunt ut labore et dolore magna aliqua. Ut enim ad minim veni', TIMESTAMP '2019-05-02 09:27:43.386', 1, 'Proposal 4 that reached its quorum', 25, 17, NULL),
(148, TIMESTAMP '2019-04-23 09:27:43.402', TIMESTAMP '2019-04-24 09:27:43.402', 'EDM5UTRE Lorem ip', TIMESTAMP '2019-05-02 09:27:43.402', 1, 'Proposal 5 that reached its quorum', 28, 5, NULL),
(149, TIMESTAMP '2019-04-30 09:27:43.433', TIMESTAMP '2019-05-01 09:27:43.433', 'YTth0RfY Lorem ipsum dolor sit amet, consectetur adipiscing elit, sed do eiusmod tempor incididunt ut labore et dolo', TIMESTAMP '2019-05-02 09:27:43.433', 1, 'Proposal 6 that reached its quorum', 27, 19, NULL),
(150, TIMESTAMP '2019-04-24 09:27:43.448', TIMESTAMP '2019-04-25 09:27:43.464', 'Kle5wRCZ Lorem ipsum dolor sit amet, consectetur adipiscing elit, sed do eius', TIMESTAMP '2019-05-02 09:27:43.448', 1, 'Proposal 7 that reached its quorum', 22, 6, NULL),
(151, TIMESTAMP '2019-05-01 09:27:43.48', TIMESTAMP '2019-05-02 09:27:43.48', 'CnHsEvkS Lorem ipsum dolor sit amet, consectetur adipiscing elit, sed do eiusmod tempor incididunt ut labore et dolore magna aliqua. Ut enim ad minim veniam, quis nostrud exercitation ullamco laboris nisi ut aliquip ex ea commodo consequat. Duis aute irure dolor in reprehenderit in voluptate velit esse cillum dolore eu fugiat nulla pa', TIMESTAMP '2019-05-02 09:27:43.48', 1, 'Proposal 8 that reached its quorum', 27, 6, NULL),
(152, TIMESTAMP '2019-04-25 09:27:43.495', TIMESTAMP '2019-04-26 09:27:43.495', 'hUhFyme3 Lorem ipsum do', TIMESTAMP '2019-04-27 09:27:43.495', 1, 'Proposal 9 that reached its quorum', 28, 17, NULL);
INSERT INTO PUBLIC.LAWS(ID, CREATED_AT, UPDATED_AT, DESCRIPTION, REACHED_QUORUM_AT, STATUS, TITLE, AREA_ID, CREATED_BY_ID, POLL_ID) VALUES
(153, TIMESTAMP '2019-05-01 09:27:43.511', TIMESTAMP '2019-05-02 09:27:43.511', 'DQvx30aR Lorem ipsum dolor sit amet, consectetur adipiscing elit, sed do eiusmod tempor incididunt ut labore et dolore magna aliqua. Ut enim ad minim veniam, quis nostrud exercitation ullamco laboris nisi ut aliquip ex ea commodo consequat. Duis aute irure dolor in ', TIMESTAMP '2019-05-02 09:27:43.511', 1, 'Proposal 10 that reached its quorum', 27, 14, NULL),
(154, TIMESTAMP '2019-05-01 09:27:43.527', TIMESTAMP '2019-05-02 09:27:43.527', 'SEv5Wr30 Lorem ipsum dolor sit amet, consectetur adipiscing elit, sed do eiusmod tempor incididunt ut labore et d', TIMESTAMP '2019-05-02 09:27:43.527', 1, 'Proposal 11 that reached its quorum', 23, 2, NULL),
(155, TIMESTAMP '2019-04-23 09:27:43.542', TIMESTAMP '2019-04-24 09:27:43.542', 'GF0yCd7W Lorem ipsum dolor sit amet, consectetur adipiscing elit, sed do eiusmod tempor incididunt ut labore et dolore magna aliqua. Ut enim ad minim veniam, quis nostrud exercitation ullamco laboris nisi ut aliquip ex ea commodo consequat. Duis aute irure dolor in reprehenderit in voluptate velit esse cillum dolore eu fugiat', TIMESTAMP '2019-04-24 09:27:43.542', 1, 'Proposal 12 that reached its quorum', 21, 17, NULL),
(156, TIMESTAMP '2019-05-01 09:27:43.573', TIMESTAMP '2019-05-02 09:27:43.573', 'tFsO5cfm Lorem ipsum dolor sit amet, consectetur adipiscing elit, sed do eiusmod tempor incididunt ut labore et dolore magna aliqua. Ut enim ad minim veniam, quis nostrud exercitation ullamco laboris nisi ut aliquip ex ea commodo consequat. Duis aute irure dolor in reprehenderit in voluptate velit esse cillum dolore eu f', TIMESTAMP '2019-05-02 09:27:43.573', 1, 'Proposal 13 that reached its quorum', 23, 13, NULL),
(157, TIMESTAMP '2019-04-30 09:27:43.605', TIMESTAMP '2019-05-01 09:27:43.605', 'chU9d988 Lorem ipsum dolor sit amet, consectetur adipiscing elit, sed do eiusmod tempor incididunt ut labore et dolore magna aliqua. Ut enim ad minim veniam, quis nostrud exe', TIMESTAMP '2019-05-01 09:27:43.605', 1, 'Proposal 14 that reached its quorum', 28, 3, NULL),
(158, TIMESTAMP '2019-04-23 09:27:43.636', TIMESTAMP '2019-04-24 09:27:43.636', 'GKd3zZSL Lorem ipsum dolor sit amet, consectetur adipiscing elit, sed do eiusmod tempor incididunt ut labore et dolore magna aliqua. Ut eni', TIMESTAMP '2019-04-26 09:27:43.62', 1, 'Proposal 15 that reached its quorum', 24, 14, NULL),
(159, TIMESTAMP '2019-04-26 09:27:43.667', TIMESTAMP '2019-04-27 09:27:43.667', '4GKxDEvl Lorem ipsum dolor sit amet, consectetur adipiscing elit, sed do eiusmod tempor incididunt ut labore et', TIMESTAMP '2019-04-28 09:27:43.667', 1, 'Proposal 16 that reached its quorum', 25, 17, NULL),
(160, TIMESTAMP '2019-04-29 09:27:43.683', TIMESTAMP '2019-04-30 09:27:43.683', 'Ry72RODs Lorem ipsum dolor sit amet, consectetur adipiscing elit, sed do eiusmod tempor incididunt ut labore et dolore magna aliqua. Ut enim ad minim veniam, quis nostrud exercitation ullamco laboris nisi ut aliquip ex ea commodo consequat. Duis aute irure dolor in reprehenderit in voluptate velit esse cillum dolo', TIMESTAMP '2019-04-30 09:27:43.683', 1, 'Proposal 17 that reached its quorum', 25, 3, NULL),
(161, TIMESTAMP '2019-04-29 09:27:43.698', TIMESTAMP '2019-04-30 09:27:43.698', 'NtN8kpmr Lorem ipsum dolor sit amet, consect', TIMESTAMP '2019-05-01 09:27:43.698', 1, 'Proposal 18 that reached its quorum', 22, 11, NULL),
(162, TIMESTAMP '2019-04-23 09:27:43.73', TIMESTAMP '2019-04-24 09:27:43.73', '2xKmhXpA Lorem ipsum dolor sit amet, consectetur adipiscing elit, sed do eiusmod tempor incididunt ut labore et dolore magna aliqua. Ut enim ad minim veniam, quis nostrud exercitation ullamco laboris nisi ut aliquip ex ea commodo consequat. Duis aute irure dolor in reprehenderit in voluptate velit esse cillum dolore eu f', TIMESTAMP '2019-04-29 09:27:43.714', 1, 'Proposal 19 that reached its quorum', 27, 5, NULL),
(163, TIMESTAMP '2019-04-26 09:27:43.761', TIMESTAMP '2019-04-27 09:27:43.761', 'zV6PXeH4 Lorem ipsum dolor sit amet, consectetur adipiscing elit, sed do eiusmod tempor incididunt ut labore et dolore magna aliqua. Ut enim ad minim veniam, quis nostrud exercitation ullamco laboris nisi ut aliquip ex ea commodo consequat. Duis aute irure dolor in reprehenderit in voluptate velit ess', TIMESTAMP '2019-04-30 09:27:43.761', 1, 'Proposal 20 that reached its quorum', 29, 13, NULL);
INSERT INTO PUBLIC.LAWS(ID, CREATED_AT, UPDATED_AT, DESCRIPTION, REACHED_QUORUM_AT, STATUS, TITLE, AREA_ID, CREATED_BY_ID, POLL_ID) VALUES
(164, TIMESTAMP '2019-04-24 09:27:43.823', TIMESTAMP '2019-04-25 09:27:43.823', 'XXOHazUv Lorem ipsum dolor sit amet, consectetur adipiscing elit, sed do eiusmod tem', TIMESTAMP '2019-05-02 09:27:43.823', 1, 'Proposal 21 that reached its quorum', 24, 17, NULL),
(165, TIMESTAMP '2019-04-24 09:27:43.855', TIMESTAMP '2019-04-25 09:27:43.855', 'mzBaP5Zb Lorem ipsum dolor sit amet, consectetur adipiscing elit, sed do eiusmod tempor incididunt ut labore et dolore magna aliqua. Ut enim ad minim veniam, quis nostrud exercitation ullamco laboris nisi ut aliquip ex ea commodo consequat. Duis aute irure dolor in reprehenderit in voluptate velit esse cillum dolore eu fugiat nulla pariatur. Excepteur sint occaecat cupidatat non proident, sunt in culpa ', TIMESTAMP '2019-04-25 09:27:43.839', 1, 'Proposal 22 that reached its quorum', 26, 18, NULL),
(166, TIMESTAMP '2019-04-25 09:27:43.87', TIMESTAMP '2019-04-26 09:27:43.87', 'kxdx9WlW Lorem ipsum dolor sit amet, consectetur adipiscing elit, sed do eiusmod tempor incididunt ut labore et dolore magna aliqua. Ut enim ad minim veniam, quis nostrud exercitation ullamco laboris nisi ut aliquip ex ea commodo consequat. Duis aute irure dolor in reprehenderit in voluptate velit esse cillum dolore eu fugiat nulla pariatur. Except', TIMESTAMP '2019-04-27 09:27:43.87', 1, 'Proposal 23 that reached its quorum', 25, 18, NULL),
(167, TIMESTAMP '2019-04-29 09:27:43.886', TIMESTAMP '2019-04-30 09:27:43.886', 'Z6ukXp8R Lorem ipsum dolor sit amet, consectetur adipiscing elit, sed do eiusmod tempor incididunt ut labore et dolore magna aliqua', TIMESTAMP '2019-04-30 09:27:43.886', 1, 'Proposal 24 that reached its quorum', 30, 4, NULL),
(168, TIMESTAMP '2019-04-24 09:27:43.902', TIMESTAMP '2019-04-25 09:27:43.902', 'bbaDz9uM Lorem ipsum dolor sit amet, consectetur adipiscing elit, sed do eiusmod tempor incididunt ut labore et dolore magna aliqua. Ut enim ad minim veniam, quis nostrud exercitation ullamco laboris nisi ut aliquip ex ea commodo consequat. Duis aute irure dolor in reprehenderit in voluptate velit esse cillum dolore eu fugiat nulla pariatur. Excepteur sint occaecat cupidatat non proident, sunt i', TIMESTAMP '2019-05-01 09:27:43.902', 1, 'Proposal 25 that reached its quorum', 21, 19, NULL),
(169, TIMESTAMP '2019-04-29 09:27:43.917', TIMESTAMP '2019-04-30 09:27:43.917', 'D3Oe7kpq Lorem ipsum dolor sit amet, consectetur adipiscing elit, sed do eiusmod tempor incididunt ut labore et dolore magna aliqua. Ut enim ad minim veniam, quis nostrud exercitation ullamco laboris nisi ut aliquip ex ea commodo consequat. Duis aute irure', TIMESTAMP '2019-05-02 09:27:43.917', 1, 'Proposal 26 that reached its quorum', 30, 19, NULL),
(170, TIMESTAMP '2019-04-29 09:27:43.933', TIMESTAMP '2019-04-30 09:27:43.933', 'c8yyrxCY Lorem ipsum dolor sit amet, consectetur adipiscing elit, sed do eiusmod tempor incididunt ut labore et dolore magna aliqua. Ut enim ad minim veniam, quis nostrud exercitation ullamco laboris nisi ut a', TIMESTAMP '2019-05-02 09:27:43.933', 1, 'Proposal 27 that reached its quorum', 30, 8, NULL),
(171, TIMESTAMP '2019-04-24 09:27:43.948', TIMESTAMP '2019-04-25 09:27:43.948', 'XxwhF6R6 Lorem ipsum dolor sit amet, consectetur adipiscing elit, sed do eiusmod tempor incididunt ut labore et dolore magna aliqua. Ut enim ad minim veniam, quis nostrud exercitation ullamco laboris nisi ut aliquip ex ea commodo consequat. Duis aute irure dolor in reprehenderit in voluptate velit esse cillu', TIMESTAMP '2019-05-01 09:27:43.948', 1, 'Proposal 28 that reached its quorum', 30, 13, NULL),
(172, TIMESTAMP '2019-04-29 09:27:43.98', TIMESTAMP '2019-04-30 09:27:43.98', 'ZMPONwxv Lorem ipsum dolor sit amet, consectetur adipiscing elit, sed do eiusmod tempor incididunt ut labore et dolore magna aliqua. Ut enim ad minim veniam, quis nostrud exercitation ullamco laboris nisi ut aliquip ex ea commodo consequat. Duis aute irure dolor', TIMESTAMP '2019-05-01 09:27:43.98', 1, 'Proposal 29 that reached its quorum', 23, 15, NULL);
INSERT INTO PUBLIC.LAWS(ID, CREATED_AT, UPDATED_AT, DESCRIPTION, REACHED_QUORUM_AT, STATUS, TITLE, AREA_ID, CREATED_BY_ID, POLL_ID) VALUES
(173, TIMESTAMP '2019-04-24 09:27:44.011', TIMESTAMP '2019-04-25 09:27:44.011', 'vK4xQ76e Lorem ipsum dolor sit amet, consectetur adipiscing elit, sed do eiusmod tempor incididunt ut labore et dolore magna aliqua. Ut enim ad minim veniam, quis nostrud exercitation ullamco laboris nisi ut aliquip ex ea commodo consequat. Duis aute irure dolor in reprehenderit in voluptate velit esse cillum dolore eu fugiat nulla pariatur. Excepteur sint occaecat cupidatat non proident', TIMESTAMP '2019-04-30 09:27:44.011', 1, 'Proposal 30 that reached its quorum', 21, 9, NULL),
(174, TIMESTAMP '2019-04-29 09:27:44.027', TIMESTAMP '2019-04-30 09:27:44.027', 'Dgh6WXKX Lorem ipsum dolor sit amet, consectetur a', TIMESTAMP '2019-04-30 09:27:44.027', 1, 'Proposal 31 that reached its quorum', 25, 3, NULL),
(175, TIMESTAMP '2019-04-28 09:27:44.042', TIMESTAMP '2019-04-29 09:27:44.042', 'wGPgX7Ng Lorem ipsum dolor sit amet, consectetur adipiscing elit, sed do eiusmod tempor incididunt ut labore et dolore magna aliqua. Ut enim ad minim ve', TIMESTAMP '2019-05-01 09:27:44.042', 1, 'Proposal 32 that reached its quorum', 22, 18, NULL),
(176, TIMESTAMP '2019-04-29 09:27:44.058', TIMESTAMP '2019-04-30 09:27:44.058', 'b9gUGbVk Lorem ipsum dolor sit amet, consectetur adipiscing el', TIMESTAMP '2019-05-02 09:27:44.058', 1, 'Proposal 33 that reached its quorum', 27, 9, NULL),
(177, TIMESTAMP '2019-04-27 09:27:44.089', TIMESTAMP '2019-04-28 09:27:44.089', 'rT5Elpte Lorem ipsum dolor sit amet, consectetur adipiscing elit, sed do eiusmod tempor incididunt ut labore et dolore magna aliqua. Ut enim ad minim veniam, quis nostrud exercitation ullamco laboris nisi ut aliquip ex ea commodo conse', TIMESTAMP '2019-04-28 09:27:44.073', 1, 'Proposal 34 that reached its quorum', 27, 16, NULL),
(178, TIMESTAMP '2019-04-29 09:27:44.105', TIMESTAMP '2019-04-30 09:27:44.105', 'SE2GteHO Lorem ipsum dolor sit amet, consectetur adipiscing elit, sed ', TIMESTAMP '2019-04-30 09:27:44.105', 1, 'Proposal 35 that reached its quorum', 25, 20, NULL),
(179, TIMESTAMP '2019-04-29 09:27:44.12', TIMESTAMP '2019-04-30 09:27:44.12', 'GzofwNRn Lorem ipsum dolor sit', TIMESTAMP '2019-04-30 09:27:44.12', 1, 'Proposal 36 that reached its quorum', 21, 18, NULL),
(180, TIMESTAMP '2019-04-28 09:27:44.136', TIMESTAMP '2019-04-29 09:27:44.136', 'TveORNVG Lorem ipsum dolor sit amet, consectetur adipisc', TIMESTAMP '2019-05-02 09:27:44.136', 1, 'Proposal 37 that reached its quorum', 27, 4, NULL),
(181, TIMESTAMP '2019-05-01 09:27:44.136', TIMESTAMP '2019-05-02 09:27:44.136', 'pWex6On5 Lorem ipsum dolor sit amet, consectetur adipiscing elit, sed do eius', TIMESTAMP '2019-05-02 09:27:44.136', 1, 'Proposal 38 that reached its quorum', 26, 9, NULL),
(182, TIMESTAMP '2019-05-01 09:27:44.152', TIMESTAMP '2019-05-02 09:27:44.152', 'Y0yC7S8V Lorem ipsum dolor sit amet, consectetur adipiscing elit, sed do eiusmod tempor ', TIMESTAMP '2019-05-02 09:27:44.152', 1, 'Proposal 39 that reached its quorum', 28, 17, NULL),
(183, TIMESTAMP '2019-04-26 09:27:44.185', TIMESTAMP '2019-04-27 09:27:44.185', 'WESbpcpw Lorem ipsum dolor sit amet, consectetur adipiscing elit, sed do eiusmod tempor incididunt ut ', TIMESTAMP '2019-05-01 09:27:44.185', 1, 'Proposal 40 that reached its quorum', 21, 13, NULL),
(184, TIMESTAMP '2019-04-27 09:27:44.232', TIMESTAMP '2019-04-28 09:27:44.232', 'P9ocXU0g Lorem ipsum dolor sit amet, consectetur adipiscing elit, sed do eiusmod tempor incididunt ut labore et dolore magna aliqua. Ut enim ad minim veniam, quis nostrud exercitation ullamco laboris nisi ut aliquip ex ea commodo consequat. Duis aute irure dolor in reprehenderit in voluptate velit esse cillum dolore ', TIMESTAMP '2019-04-30 09:27:44.232', 1, 'Proposal 41 that reached its quorum', 23, 10, NULL),
(185, TIMESTAMP '2019-04-26 09:27:44.248', TIMESTAMP '2019-04-27 09:27:44.248', '8d7LAl6M Lorem ipsum dolor sit amet, consectetur adipiscing elit, sed do eiusmod tempor incididunt ut labore et dolore magna aliqua. Ut enim ad minim veni', TIMESTAMP '2019-05-01 09:27:44.248', 1, 'Proposal 42 that reached its quorum', 21, 17, NULL);
INSERT INTO PUBLIC.LAWS(ID, CREATED_AT, UPDATED_AT, DESCRIPTION, REACHED_QUORUM_AT, STATUS, TITLE, AREA_ID, CREATED_BY_ID, POLL_ID) VALUES
(186, TIMESTAMP '2019-04-28 09:27:44.279', TIMESTAMP '2019-04-29 09:27:44.279', 'kawT5dO3 Lorem ipsum dolor sit amet, consectetur adipiscing elit, sed do eiusmod tempor incididunt ut labore et dolore magna aliqua. Ut ', TIMESTAMP '2019-04-29 09:27:44.264', 1, 'Proposal 43 that reached its quorum', 26, 5, NULL),
(187, TIMESTAMP '2019-04-29 09:27:44.295', TIMESTAMP '2019-04-30 09:27:44.295', 'aCcLkrsD Lorem ipsum dolor sit amet, consectetur adipiscing elit, sed do eiusmod tempor incididunt ut labore et dolore magna aliqua. Ut enim ad minim veniam, quis nostrud exercitation ullamco laboris nisi ut aliquip ex ea commo', TIMESTAMP '2019-05-02 09:27:44.295', 1, 'Proposal 44 that reached its quorum', 21, 14, NULL),
(188, TIMESTAMP '2019-04-30 09:27:44.31', TIMESTAMP '2019-05-01 09:27:44.31', 'FKD7nbBk Lorem ipsum dolor sit amet, consectetur adipiscing elit, sed do eiusmod tempor incididunt ut labore et dolore magna a', TIMESTAMP '2019-05-01 09:27:44.31', 1, 'Proposal 45 that reached its quorum', 22, 18, NULL),
(189, TIMESTAMP '2019-04-26 09:27:44.326', TIMESTAMP '2019-04-27 09:27:44.326', '2sOO5QCc Lorem ipsum dolor sit amet, consectetur adipiscing elit, sed do eiusmod tempor incididunt ut labore et dolore ma', TIMESTAMP '2019-05-02 09:27:44.326', 1, 'Proposal 46 that reached its quorum', 30, 1, NULL),
(190, TIMESTAMP '2019-05-02 09:27:44.342', TIMESTAMP '2019-05-02 09:27:44.342', '9ArYmrkQ Lorem ipsum dolor sit amet, consectetur adipiscing elit, sed do eiusmod tempor incididunt ut labore et dolore magna aliqua. Ut enim ad minim veniam, quis nostrud exercitation ullamco laboris nisi ut aliquip ex ea commodo consequat. Duis aute irure dolor in reprehenderit in voluptate velit esse cillum dolore eu', TIMESTAMP '2019-05-02 09:27:44.342', 1, 'Proposal 47 that reached its quorum', 22, 6, NULL),
(191, TIMESTAMP '2019-05-02 09:27:44.342', TIMESTAMP '2019-05-02 09:27:44.342', 'xgENn8XO Lorem ipsum dolor sit amet, consectetur adipiscing elit, sed do eiusmod tempor incididunt ut labore et dolore magna aliqua. Ut enim ad minim veniam, quis nostrud exercitation ullamco laboris nisi ut aliquip ex ea commodo consequat. Duis aute', TIMESTAMP '2019-05-02 09:27:44.342', 1, 'Proposal 48 that reached its quorum', 24, 16, NULL),
(192, TIMESTAMP '2019-04-25 09:27:44.373', TIMESTAMP '2019-04-26 09:27:44.373', 'KtGTNwzP Lorem ipsum dolor sit amet, consectetur adipiscing elit, sed do eiusmod tempor incididunt ut labore et dolore magna aliqua. Ut enim ad minim veniam, quis nostrud exercitation ullamco la', TIMESTAMP '2019-04-28 09:27:44.357', 1, 'Proposal 49 that reached its quorum', 22, 16, NULL),
(193, TIMESTAMP '2019-04-27 09:27:44.373', TIMESTAMP '2019-04-28 09:27:44.373', 'Lorem ipsum dolor sit amet, consectetur adipiscing elit, sed do eiusmod tempor incididunt ut labore et dolore magna aliqua. Ut enim ad minim veniam, quis nostrud exercitatio', TIMESTAMP '2019-04-28 09:27:44.373', 1, 'Proposal 0 for user testuser1@liquido.de', 22, 1, NULL),
(199, TIMESTAMP '2019-04-29 09:27:44.451', TIMESTAMP '2019-04-30 09:27:44.451', 'Lorem ipsum dolor sit amet, consectetur adipiscing elit, sed do eiusmod tempor incididunt ut labore et dolore magna aliqua. Ut enim ad minim veniam, quis nostrud exercitation ', TIMESTAMP '2019-05-01 09:27:44.451', 1, 'Proposal 1 for user testuser1@liquido.de', 30, 1, NULL),
(206, TIMESTAMP '2019-04-28 09:27:44.482', TIMESTAMP '2019-04-29 09:27:44.482', 'Lorem ipsum dolor sit amet, consectetur adipiscing elit, sed do eiusmod tempor incididunt ut labore et dolore magna aliqua. Ut enim ad minim veniam, quis nostrud exercitation ullamco laboris nisi ut aliquip ex ea commodo consequat. Duis aute irure dolor in reprehenderit in voluptate velit esse cill', TIMESTAMP '2019-04-29 09:27:44.482', 1, 'Proposal 2 for user testuser1@liquido.de', 23, 1, NULL),
(210, TIMESTAMP '2019-04-30 09:27:44.514', TIMESTAMP '2019-05-01 09:27:44.514', 'Lorem ipsum dolor sit amet, consectetur adipiscing elit, sed do eiusmod tempor incididunt ut labore et dolore magna aliqua. Ut enim ad minim veniam, quis nostrud exercitation ullamco l', TIMESTAMP '2019-05-01 09:27:44.514', 1, 'Proposal 3 for user testuser1@liquido.de', 30, 1, NULL);
INSERT INTO PUBLIC.LAWS(ID, CREATED_AT, UPDATED_AT, DESCRIPTION, REACHED_QUORUM_AT, STATUS, TITLE, AREA_ID, CREATED_BY_ID, POLL_ID) VALUES
(215, TIMESTAMP '2019-04-28 09:27:44.545', TIMESTAMP '2019-04-29 09:27:44.545', 'Lorem ipsum dolor sit amet, consectetur adipiscing elit, sed do eiusmod tempor incididunt ut labore et dolor', TIMESTAMP '2019-04-30 09:27:44.545', 1, 'Proposal 4 for user testuser1@liquido.de', 24, 1, NULL),
(228, TIMESTAMP '2019-04-22 09:27:50.463', TIMESTAMP '2019-05-02 09:27:50.51', 'Lorem ipsum dolor sit amet, consectetur adipiscing elit, sed do eiusmod tempor incididunt ut labore et dolore magna aliqua. Ut enim ad minim veniam, quis nostrud exercitation ullamco laboris nisi ut aliquip ex ea commodo consequat. Duis aute irure dolor in reprehenderit in voluptate velit esse cillum dolore eu fugiat nulla pariatur. Excepteur sint occaecat cupidatat non proident, sunt in c', TIMESTAMP '2019-04-25 09:27:50.463', 2, 'Initial Proposal in a poll that is in elaboration 1556782070447', 21, 13, 237),
(238, TIMESTAMP '2019-04-12 09:27:50.541', TIMESTAMP '2019-05-02 09:27:50.572', 'Lorem ipsum dolor sit amet, consectetur adipiscing elit, sed do eiusmod tempor incididunt ut labore et dolore magna aliqua. Ut enim ad minim veniam, quis nostrud exercitation ullamco laboris nisi ut aliquip ex ea commodo consequat. Duis aute irure dolor in reprehenderit in voluptate velit esse cillum dolore eu fugiat nulla pariatur. Excepteur sint occaec', TIMESTAMP '2019-04-14 09:27:50.525', 2, 'Alternative Proposal1 in a poll that is in elaboration1556782070510', 21, 15, 237),
(247, TIMESTAMP '2019-04-12 09:27:50.588', TIMESTAMP '2019-05-02 09:27:50.604', 'Lorem ipsum dolor sit amet, consectetur adipiscing elit, sed do eiusmod tempor incididunt ut labore et dolore magna aliqua. Ut enim ad minim veniam, quis nostrud exercitation ullamco laboris nisi ut aliquip ex ea commodo consequat. D', TIMESTAMP '2019-04-14 09:27:50.588', 2, 'Alternative Proposal2 in a poll that is in elaboration1556782070572', 21, 7, 237),
(253, TIMESTAMP '2019-04-12 09:27:50.619', TIMESTAMP '2019-05-02 09:27:50.65', 'Lorem ipsum dolor sit amet, consectetur adipiscing elit, sed do eiusmod tempor incididunt ut labore et dolo', TIMESTAMP '2019-04-14 09:27:50.619', 2, 'Alternative Proposal3 in a poll that is in elaboration1556782070619', 21, 3, 237),
(257, TIMESTAMP '2019-04-12 09:27:50.666', TIMESTAMP '2019-05-02 09:27:50.713', 'Lorem ipsum dolor sit amet, consectetur adipiscing elit, sed do eiusmod tempor incididunt ut labore et dolore magna aliqua. Ut enim ad minim veniam, quis nostrud exercitation ullamco laboris nisi ut aliquip ex ea commodo consequat. Duis aute irure dolor in reprehenderit in voluptate velit esse cillum dolore eu fugiat nulla pariatur. Excepteur sint occaecat cupidatat non proident, sunt in cu', TIMESTAMP '2019-04-14 09:27:50.666', 2, 'Alternative Proposal4 in a poll that is in elaboration1556782070650', 21, 5, 237),
(263, TIMESTAMP '2019-04-22 09:27:50.76', TIMESTAMP '2019-05-02 09:27:51.104', 'Lorem ipsum dolor sit amet, consectetur adipiscing elit, sed do eiusmod tempor incididunt ut labore et dolore magna aliqua. Ut enim ad minim veniam, quis nostrud exercitation ullamco laboris nisi ut aliquip ex ea commodo consequat. Duis aute irure d', TIMESTAMP '2019-04-25 09:27:50.76', 3, 'Proposal 5 in voting phase 1556782071041', 21, 13, 268),
(269, TIMESTAMP '2019-04-12 09:27:50.807', TIMESTAMP '2019-05-02 09:27:51.104', 'Lorem ipsum dolor sit amet, consectetur adipiscing elit, sed do eiusmod tempor incididunt ut labore et dolore magna aliqua. Ut enim ad minim veniam, quis nostrud exercitation ullamco laboris nisi ut aliquip ex ea commodo consequat. Duis aute irure dolor in reprehenderit in voluptate velit esse cillum dolore eu fugiat nulla pariatur. Excepteur sint occaecat ', TIMESTAMP '2019-04-14 09:27:50.807', 3, 'Proposal 4 in voting phase 1556782071041', 21, 15, 268),
(274, TIMESTAMP '2019-04-12 09:27:50.869', TIMESTAMP '2019-05-02 09:27:51.104', 'Lorem ipsum dolor sit amet, consectetur adipiscing elit, sed do eiusmod tempor incididunt ut labore et dolore magna aliqua. Ut enim ad minim veniam, quis nostrud exercitation ullamco laboris nisi ut aliquip ex ea commodo consequat. Duis aute irure dolor in reprehenderit in vo', TIMESTAMP '2019-04-14 09:27:50.869', 3, 'Proposal 3 in voting phase 1556782071041', 21, 7, 268);
INSERT INTO PUBLIC.LAWS(ID, CREATED_AT, UPDATED_AT, DESCRIPTION, REACHED_QUORUM_AT, STATUS, TITLE, AREA_ID, CREATED_BY_ID, POLL_ID) VALUES
(283, TIMESTAMP '2019-04-12 09:27:50.947', TIMESTAMP '2019-05-02 09:27:51.104', 'Lorem ipsum dolor sit amet, consectetur adipiscing elit, sed do eiusmod tempor incididunt ut labore et dolore magna aliqua. Ut enim ad minim veniam, quis nostrud exercitation ullamco laboris nisi ut aliquip ex ea commodo consequat. Duis aute irure dolor in reprehenderit in voluptate velit esse cillum dolore eu fugiat nulla pariatur. Excepteur sint occaecat cupidatat non proid', TIMESTAMP '2019-04-14 09:27:50.947', 3, 'Proposal 2 in voting phase 1556782071041', 21, 3, 268),
(289, TIMESTAMP '2019-04-12 09:27:51.01', TIMESTAMP '2019-05-02 09:27:51.119', 'Lorem ipsum dolor sit amet, consectetur adipiscing elit, sed do eiusmod tempor incididunt ut labore et dolore magna aliqua. Ut enim ad minim veniam, quis nostrud exercitation ullamco laboris nisi ut aliquip ex ea commodo consequat.', TIMESTAMP '2019-04-14 09:27:51.01', 3, 'Proposal 1 in voting phase 1556782071041', 21, 5, 268),
(295, TIMESTAMP '2019-04-22 09:27:51.166', TIMESTAMP '2019-05-02 09:27:51.568', 'Lorem ipsum dolor sit amet, consectetur adipiscing elit, sed do eiusmod tempor incididunt ut labore et dolore magna aliqua. Ut enim ad minim veniam, quis nostrud exercitation ullamco laboris nisi ut', TIMESTAMP '2019-04-25 09:27:51.166', 3, 'Proposal 5 in voting phase 1556782071458', 21, 13, 303),
(304, TIMESTAMP '2019-04-12 09:27:51.224', TIMESTAMP '2019-05-02 09:27:51.568', 'Lorem ipsum dolor sit amet, consectetur adipiscing elit, sed do eiusmod tempor incididunt ut labore et dolore magna aliqua. Ut enim ad minim veniam, quis nostrud exercitation ullamco laboris ni', TIMESTAMP '2019-04-14 09:27:51.224', 3, 'Proposal 4 in voting phase 1556782071458', 21, 15, 303),
(308, TIMESTAMP '2019-04-12 09:27:51.255', TIMESTAMP '2019-05-02 09:27:51.568', 'Lorem ipsum dolor sit amet, consectetur adipiscing elit, sed do eiusmod tempor incididunt ut labore et dolore magna aliqua. Ut enim ad minim veniam, quis nostrud exercitation ullamco laboris nisi ut aliquip ex ea commodo consequat. Duis', TIMESTAMP '2019-04-14 09:27:51.255', 3, 'Proposal 3 in voting phase 1556782071458', 21, 7, 303),
(315, TIMESTAMP '2019-04-12 09:27:51.333', TIMESTAMP '2019-05-02 09:27:51.568', 'Lorem ipsum dolor sit amet, consectetur adipiscing elit, sed do eiusmod tempor incididunt ut labore et dolore magna aliqua. Ut enim ad minim veniam, quis nostrud exercitation ullamco laboris nisi ut aliquip ex ea commodo consequat. Duis aute irure dolor in reprehenderit in voluptate velit esse cillum do', TIMESTAMP '2019-04-14 09:27:51.318', 3, 'Proposal 2 in voting phase 1556782071458', 21, 3, 303),
(321, TIMESTAMP '2019-04-12 09:27:51.411', TIMESTAMP '2019-05-02 09:27:51.568', 'Lorem ipsum dolor sit amet, consectetur adipiscing elit, sed do eiusmod tempor incididunt ut labore et dolore magna aliqua. Ut enim ad minim veniam, quis nostrud exercitation ullamco laboris nisi ut aliquip ex ea commodo consequat. Duis aute irure dolor in reprehenderit in voluptate velit esse cillum dol', TIMESTAMP '2019-04-14 09:27:51.411', 3, 'Proposal 1 in voting phase 1556782071458', 21, 5, 303),
(347, TIMESTAMP '2019-04-22 09:27:57.119', TIMESTAMP '2019-05-02 09:28:01', 'Lorem ipsum dolor sit amet, consectetur adipiscing elit, sed do eiusmod tempor incididunt ut labore et dolore magna aliqua. Ut enim ad minim veniam, quis nostrud exercitation ullamco laboris nisi ut aliquip ex ea commodo consequat. Duis aute irure dolor in reprehenderit in voluptate velit esse cillum dolore eu fugiat nulla pariatur. Excepteur sint occaecat cupidatat non proident, ', TIMESTAMP '2019-04-25 09:27:57.103', 5, 'Proposal 5 in voting phase 1556782077293', 21, 13, 356),
(357, TIMESTAMP '2019-04-12 09:27:57.15', TIMESTAMP '2019-05-02 09:28:01', 'Lorem ipsum dolor sit amet, consectetur adipiscing elit, sed do eiusmod tempor incididunt ut labore et dolore magna aliqua. Ut enim ad minim veniam, quis nostrud exercitation ullamco laboris nisi ut aliquip ex ea commodo consequat. Duis aute irure dolor in reprehenderit in voluptate velit esse cillum dolore eu fugiat nu', TIMESTAMP '2019-04-14 09:27:57.15', 4, 'Proposal 4 in voting phase 1556782077293', 21, 15, 356);
INSERT INTO PUBLIC.LAWS(ID, CREATED_AT, UPDATED_AT, DESCRIPTION, REACHED_QUORUM_AT, STATUS, TITLE, AREA_ID, CREATED_BY_ID, POLL_ID) VALUES
(361, TIMESTAMP '2019-04-12 09:27:57.166', TIMESTAMP '2019-05-02 09:28:01', 'Lorem ipsum dolor sit amet, consectetur adipiscing elit, sed do eiusmod tempor incididunt ut labore et dolore magna aliq', TIMESTAMP '2019-04-14 09:27:57.166', 5, 'Proposal 3 in voting phase 1556782077293', 21, 7, 356),
(367, TIMESTAMP '2019-04-12 09:27:57.197', TIMESTAMP '2019-05-02 09:28:01', 'Lorem ipsum dolor sit amet, consectetur adipiscing elit, sed do eiusmod tempor incididunt ut labore et dolore magna aliqua. Ut enim ad minim veniam, quis nostrud exercitation ullamco laboris nisi ut aliquip ex ea commodo consequat. Duis aute irure dolor in reprehenderit in voluptate velit esse cillum dolore eu fugiat nulla pariatur. Excepteur sint occaecat cupidatat non proiden', TIMESTAMP '2019-04-14 09:27:57.197', 5, 'Proposal 2 in voting phase 1556782077293', 21, 3, 356),
(372, TIMESTAMP '2019-04-12 09:27:57.246', TIMESTAMP '2019-05-02 09:28:01', 'Lorem ipsum dolor sit amet, consectetur adipiscing elit, sed do eiusmod tempor incididunt ut labore et dolore magna aliqua. Ut enim ad minim veniam, quis nostrud exercitation ullamco laboris nisi ut aliquip ex ea commodo consequat. Duis aute irure ', TIMESTAMP '2019-04-14 09:27:57.246', 5, 'Proposal 1 in voting phase 1556782077293', 21, 5, 356),
(394, TIMESTAMP '2019-04-12 09:28:01.031', TIMESTAMP '2019-05-02 09:28:01.031', 'Lorem ipsum dolor sit amet, consectetur adipiscing elit, sed do eiusmod tempor incididunt ut labore et dolore magna aliqua. Ut enim ad minim ven', TIMESTAMP '2019-04-08 09:28:01.015', 4, 'Law 0', 21, 1, NULL),
(395, TIMESTAMP '2019-04-11 09:28:01.047', TIMESTAMP '2019-05-02 09:28:01.047', 'Lorem ipsum dolor sit amet, consectetur adipiscing elit, sed do eiusmod tempor incididunt ut labore et dolore magna aliqua. Ut enim ad minim veniam, quis nostrud exercitation ullamco laboris nisi ut aliquip ex ea commodo ', TIMESTAMP '2019-04-08 09:28:01.031', 4, 'Law 1', 21, 1, NULL);
CREATE MEMORY TABLE PUBLIC.LAWS_COMMENTS(
LAW_MODEL_ID BIGINT NOT NULL,
COMMENTS_ID BIGINT NOT NULL
);
ALTER TABLE PUBLIC.LAWS_COMMENTS ADD CONSTRAINT PUBLIC.CONSTRAINT_A0 PRIMARY KEY(LAW_MODEL_ID, COMMENTS_ID);
-- 25 +/- SELECT COUNT(*) FROM PUBLIC.LAWS_COMMENTS;
INSERT INTO PUBLIC.LAWS_COMMENTS(LAW_MODEL_ID, COMMENTS_ID) VALUES
(193, 194),
(199, 200),
(206, 207),
(210, 211),
(215, 216),
(228, 229),
(238, 239),
(247, 248),
(253, 254),
(257, 258),
(263, 264),
(269, 270),
(274, 275),
(283, 284),
(289, 290),
(295, 296),
(304, 305),
(308, 309),
(315, 316),
(321, 322),
(347, 348),
(357, 358),
(361, 362),
(367, 368),
(372, 373);
CREATE MEMORY TABLE PUBLIC.LAWS_SUPPORTERS(
LAW_MODEL_ID BIGINT NOT NULL,
SUPPORTERS_ID BIGINT NOT NULL
);
ALTER TABLE PUBLIC.LAWS_SUPPORTERS ADD CONSTRAINT PUBLIC.CONSTRAINT_C PRIMARY KEY(LAW_MODEL_ID, SUPPORTERS_ID);
-- 1194 +/- SELECT COUNT(*) FROM PUBLIC.LAWS_SUPPORTERS;
INSERT INTO PUBLIC.LAWS_SUPPORTERS(LAW_MODEL_ID, SUPPORTERS_ID) VALUES
(31, 13),
(31, 14),
(31, 16),
(31, 17),
(33, 15),
(33, 4),
(33, 6),
(33, 8),
(34, 9),
(34, 10),
(36, 20),
(36, 10),
(36, 16),
(36, 7),
(36, 2),
(37, 9),
(37, 5),
(37, 15),
(38, 14),
(38, 8),
(38, 12),
(38, 19),
(38, 6),
(38, 1),
(38, 2),
(39, 1),
(39, 8),
(41, 15),
(41, 14),
(41, 20),
(41, 12),
(42, 8),
(43, 4),
(43, 14),
(43, 20),
(43, 10),
(43, 11),
(43, 5),
(44, 17),
(45, 12),
(45, 10),
(45, 17),
(45, 18),
(45, 16),
(45, 14),
(45, 6),
(45, 3),
(46, 6),
(47, 7),
(47, 12),
(48, 13),
(48, 15),
(48, 2),
(48, 3),
(49, 5),
(49, 16),
(49, 4),
(49, 12),
(49, 15),
(49, 2),
(49, 19),
(49, 8),
(50, 11),
(50, 1),
(51, 12),
(51, 3),
(51, 10),
(51, 17),
(51, 19),
(51, 8),
(52, 10),
(52, 8),
(52, 19),
(53, 6),
(54, 19),
(54, 15),
(54, 2),
(54, 11),
(54, 18),
(54, 8),
(55, 2),
(55, 14),
(55, 19),
(55, 5),
(55, 4),
(55, 10),
(58, 5),
(58, 3),
(60, 11),
(60, 17),
(60, 16),
(61, 9),
(62, 6),
(62, 17),
(62, 4),
(62, 13),
(62, 8),
(62, 3),
(62, 1),
(62, 5),
(63, 15),
(63, 3),
(63, 19),
(63, 9),
(63, 14),
(64, 6),
(64, 11),
(64, 20),
(65, 12),
(65, 4),
(66, 15),
(66, 5),
(66, 1),
(66, 16),
(66, 13),
(66, 17),
(66, 20),
(67, 6),
(67, 4),
(67, 19),
(67, 7),
(67, 17),
(67, 5),
(67, 20),
(68, 10),
(68, 1),
(68, 2),
(68, 12),
(69, 16),
(69, 17),
(69, 9),
(69, 4),
(69, 5),
(70, 7),
(70, 5),
(70, 6),
(74, 3),
(74, 11),
(74, 16),
(74, 15),
(75, 13),
(75, 12),
(75, 6),
(75, 9),
(75, 7),
(76, 11),
(76, 10),
(76, 8),
(76, 14),
(76, 7),
(76, 5),
(76, 1),
(76, 19),
(77, 12),
(77, 14),
(77, 10),
(79, 1),
(79, 19),
(79, 13),
(79, 2),
(79, 18),
(79, 4),
(79, 8),
(79, 15),
(80, 19),
(80, 3),
(81, 14),
(81, 15),
(81, 9),
(81, 4),
(81, 8),
(81, 16),
(82, 20),
(82, 17),
(82, 10),
(82, 13),
(82, 19),
(82, 9),
(82, 8),
(82, 3),
(83, 4),
(83, 3),
(83, 18),
(83, 15),
(83, 14),
(83, 16),
(83, 11),
(85, 3),
(85, 7),
(85, 14),
(85, 12),
(85, 18),
(87, 16),
(87, 3),
(87, 5),
(88, 7),
(88, 9),
(88, 20),
(89, 12),
(89, 5),
(90, 5),
(90, 14),
(90, 7),
(90, 10),
(91, 16),
(92, 15),
(92, 8),
(92, 12),
(92, 16),
(92, 18),
(92, 1),
(92, 7),
(93, 17),
(93, 19),
(93, 9),
(93, 1),
(93, 18),
(94, 4),
(94, 8),
(94, 7),
(94, 17),
(95, 8),
(95, 16),
(95, 12),
(95, 7),
(95, 14),
(95, 5),
(95, 2),
(96, 18),
(96, 5),
(97, 11),
(97, 16),
(97, 15),
(97, 3),
(97, 19),
(97, 18),
(97, 1),
(98, 18),
(98, 4),
(99, 4),
(99, 11),
(99, 19),
(100, 19),
(100, 8),
(100, 6),
(100, 4),
(100, 20),
(100, 18),
(101, 16),
(101, 9),
(102, 14),
(102, 17),
(102, 11),
(102, 13),
(102, 2),
(102, 18),
(103, 7),
(103, 10),
(103, 20),
(103, 5),
(103, 16),
(103, 17),
(104, 5),
(104, 4),
(104, 8),
(104, 7),
(105, 5),
(105, 4),
(105, 1),
(105, 8),
(105, 2),
(105, 6),
(105, 19),
(107, 10),
(107, 6),
(107, 3),
(107, 20),
(108, 20),
(108, 14),
(108, 4),
(108, 16),
(109, 1),
(109, 20),
(109, 18),
(109, 14),
(110, 11),
(111, 5),
(111, 10),
(111, 6),
(111, 2),
(111, 9),
(111, 19),
(111, 4),
(112, 14),
(112, 9),
(112, 13),
(112, 20),
(112, 11),
(113, 10),
(113, 7),
(114, 11),
(114, 14),
(114, 8),
(114, 10),
(114, 3),
(117, 4),
(118, 1),
(119, 11),
(119, 1),
(119, 15),
(119, 9),
(120, 11),
(120, 13),
(120, 18),
(120, 5),
(120, 9),
(120, 3),
(120, 14),
(120, 12),
(121, 20),
(121, 17),
(122, 5),
(122, 13),
(122, 15),
(122, 20),
(122, 7),
(122, 17),
(123, 3),
(123, 13),
(123, 18),
(124, 5),
(124, 16),
(124, 7),
(124, 3),
(125, 3),
(126, 13),
(126, 5),
(126, 6),
(126, 14),
(127, 3),
(127, 13),
(127, 8),
(127, 20),
(127, 17),
(130, 1),
(130, 9),
(130, 2),
(130, 15),
(130, 20),
(130, 11),
(130, 6),
(131, 13),
(131, 19),
(131, 6),
(131, 7),
(131, 12),
(131, 20),
(131, 8),
(132, 12),
(132, 19),
(132, 13),
(132, 17),
(134, 8),
(134, 17),
(134, 11),
(135, 19),
(135, 18),
(136, 15),
(136, 19),
(136, 20),
(136, 17),
(136, 7),
(137, 9),
(137, 14),
(137, 4),
(137, 8),
(137, 16),
(137, 7),
(137, 2),
(137, 20),
(138, 17),
(138, 19),
(138, 12),
(138, 3),
(138, 9),
(138, 10),
(138, 6),
(139, 14),
(139, 17),
(139, 19),
(139, 4),
(139, 18),
(139, 15),
(140, 17),
(140, 2),
(140, 15),
(140, 19),
(141, 15),
(141, 16),
(141, 11),
(141, 14),
(141, 18),
(142, 19),
(142, 11),
(142, 10);
INSERT INTO PUBLIC.LAWS_SUPPORTERS(LAW_MODEL_ID, SUPPORTERS_ID) VALUES
(142, 16),
(142, 6),
(142, 5),
(142, 8),
(142, 2),
(143, 16),
(143, 17),
(143, 1),
(143, 12),
(143, 11),
(143, 13),
(143, 14),
(143, 18),
(143, 5),
(143, 8),
(144, 20),
(144, 19),
(144, 18),
(144, 12),
(144, 2),
(144, 8),
(144, 6),
(144, 4),
(144, 9),
(144, 15),
(145, 5),
(145, 14),
(145, 1),
(145, 10),
(145, 2),
(145, 6),
(145, 8),
(145, 19),
(145, 18),
(145, 12),
(146, 4),
(146, 16),
(146, 11),
(146, 5),
(146, 6),
(146, 17),
(146, 7),
(146, 8),
(146, 15),
(146, 18),
(147, 14),
(147, 7),
(147, 5),
(147, 3),
(147, 2),
(147, 12),
(147, 6),
(147, 1),
(147, 16),
(147, 9),
(148, 15),
(148, 19),
(148, 17),
(148, 10),
(148, 16),
(148, 11),
(148, 2),
(148, 14),
(148, 1),
(148, 12),
(149, 4),
(149, 11),
(149, 6),
(149, 2),
(149, 17),
(149, 5),
(149, 1),
(149, 3),
(149, 13),
(149, 7),
(150, 5),
(150, 15),
(150, 8),
(150, 19),
(150, 14),
(150, 18),
(150, 9),
(150, 10),
(150, 12),
(150, 7),
(151, 12),
(151, 15),
(151, 20),
(151, 8),
(151, 5),
(151, 9),
(151, 11),
(151, 2),
(151, 1),
(151, 17),
(152, 19),
(152, 12),
(152, 3),
(152, 7),
(152, 20),
(152, 4),
(152, 6),
(152, 15),
(152, 1),
(152, 11),
(153, 9),
(153, 4),
(153, 16),
(153, 13),
(153, 8),
(153, 1),
(153, 10),
(153, 5),
(153, 6),
(153, 3),
(154, 7),
(154, 4),
(154, 5),
(154, 11),
(154, 10),
(154, 12),
(154, 16),
(154, 19),
(154, 18),
(154, 14),
(155, 9),
(155, 8),
(155, 15),
(155, 4),
(155, 3),
(155, 16),
(155, 18),
(155, 2),
(155, 6),
(155, 19),
(156, 9),
(156, 19),
(156, 1),
(156, 15),
(156, 17),
(156, 18),
(156, 14),
(156, 8),
(156, 10),
(156, 20),
(157, 2),
(157, 9),
(157, 8),
(157, 14),
(157, 17),
(157, 1),
(157, 19),
(157, 16),
(157, 15),
(157, 7),
(158, 9),
(158, 1),
(158, 4),
(158, 5),
(158, 12),
(158, 18),
(158, 16),
(158, 2),
(158, 15),
(158, 8),
(159, 19),
(159, 2),
(159, 11),
(159, 10),
(159, 6),
(159, 4),
(159, 15),
(159, 12),
(159, 5),
(159, 16),
(160, 4),
(160, 19),
(160, 1),
(160, 18),
(160, 13),
(160, 17),
(160, 2),
(160, 20),
(160, 16),
(160, 10),
(161, 1),
(161, 5),
(161, 15),
(161, 17),
(161, 14),
(161, 16),
(161, 20),
(161, 9),
(161, 3),
(161, 12),
(162, 4),
(162, 6),
(162, 17),
(162, 8),
(162, 2),
(162, 9),
(162, 18),
(162, 19),
(162, 14),
(162, 10),
(163, 17),
(163, 9),
(163, 6),
(163, 7),
(163, 2),
(163, 8),
(163, 20),
(163, 1),
(163, 4),
(163, 16),
(164, 12),
(164, 4),
(164, 14),
(164, 10),
(164, 8),
(164, 1),
(164, 6),
(164, 3),
(164, 11),
(164, 2),
(165, 14),
(165, 13),
(165, 7),
(165, 4),
(165, 2),
(165, 15),
(165, 9),
(165, 16),
(165, 17),
(165, 1),
(166, 8),
(166, 7),
(166, 19),
(166, 11),
(166, 13),
(166, 4),
(166, 6),
(166, 10),
(166, 5),
(166, 17),
(167, 7),
(167, 13),
(167, 9),
(167, 17),
(167, 11),
(167, 5),
(167, 10),
(167, 18),
(167, 3),
(167, 16),
(168, 15),
(168, 3),
(168, 9),
(168, 20),
(168, 10),
(168, 7),
(168, 13),
(168, 8),
(168, 2),
(168, 4),
(169, 15),
(169, 4),
(169, 6),
(169, 13),
(169, 16),
(169, 14),
(169, 9),
(169, 1),
(169, 5),
(169, 18),
(170, 10),
(170, 7),
(170, 5),
(170, 1),
(170, 15),
(170, 12),
(170, 17),
(170, 18),
(170, 19),
(170, 3),
(171, 15),
(171, 5),
(171, 19),
(171, 4),
(171, 9),
(171, 20),
(171, 11),
(171, 14),
(171, 18),
(171, 2),
(172, 8),
(172, 2),
(172, 7),
(172, 18),
(172, 3),
(172, 9),
(172, 4),
(172, 19),
(172, 5),
(172, 1),
(173, 3),
(173, 12),
(173, 2),
(173, 8),
(173, 16),
(173, 10),
(173, 1),
(173, 11),
(173, 7),
(173, 15),
(174, 1),
(174, 10),
(174, 2),
(174, 12),
(174, 15),
(174, 19),
(174, 17),
(174, 14),
(174, 16),
(174, 9),
(175, 16),
(175, 1),
(175, 2),
(175, 10),
(175, 11),
(175, 19),
(175, 9),
(175, 13),
(175, 8),
(175, 12),
(176, 17),
(176, 6),
(176, 7),
(176, 15),
(176, 19),
(176, 1),
(176, 5),
(176, 18),
(176, 4),
(176, 16),
(177, 9),
(177, 15),
(177, 4),
(177, 8),
(177, 19),
(177, 20),
(177, 7),
(177, 18),
(177, 14),
(177, 11),
(178, 12),
(178, 10),
(178, 14),
(178, 1),
(178, 15),
(178, 4),
(178, 3),
(178, 6),
(178, 2),
(178, 16),
(179, 14),
(179, 10),
(179, 9),
(179, 16),
(179, 11),
(179, 7),
(179, 8),
(179, 12),
(179, 1),
(179, 4),
(180, 13),
(180, 20),
(180, 10),
(180, 7),
(180, 18),
(180, 19),
(180, 9),
(180, 5),
(180, 2);
INSERT INTO PUBLIC.LAWS_SUPPORTERS(LAW_MODEL_ID, SUPPORTERS_ID) VALUES
(180, 17),
(181, 2),
(181, 5),
(181, 17),
(181, 10),
(181, 1),
(181, 19),
(181, 8),
(181, 16),
(181, 4),
(181, 3),
(182, 10),
(182, 8),
(182, 3),
(182, 18),
(182, 6),
(182, 16),
(182, 11),
(182, 20),
(182, 12),
(182, 1),
(183, 6),
(183, 3),
(183, 9),
(183, 5),
(183, 1),
(183, 18),
(183, 8),
(183, 2),
(183, 12),
(183, 7),
(184, 11),
(184, 19),
(184, 18),
(184, 3),
(184, 14),
(184, 4),
(184, 20),
(184, 9),
(184, 2),
(184, 17),
(185, 10),
(185, 7),
(185, 2),
(185, 5),
(185, 14),
(185, 13),
(185, 11),
(185, 19),
(185, 12),
(185, 15),
(186, 10),
(186, 7),
(186, 8),
(186, 12),
(186, 15),
(186, 16),
(186, 2),
(186, 11),
(186, 6),
(186, 9),
(187, 19),
(187, 5),
(187, 7),
(187, 20),
(187, 9),
(187, 4),
(187, 8),
(187, 17),
(187, 2),
(187, 6),
(188, 16),
(188, 11),
(188, 1),
(188, 6),
(188, 2),
(188, 13),
(188, 4),
(188, 15),
(188, 10),
(188, 8),
(189, 17),
(189, 6),
(189, 11),
(189, 3),
(189, 4),
(189, 16),
(189, 19),
(189, 8),
(189, 13),
(189, 14),
(190, 5),
(190, 19),
(190, 15),
(190, 20),
(190, 7),
(190, 8),
(190, 9),
(190, 18),
(190, 12),
(190, 11),
(191, 14),
(191, 7),
(191, 9),
(191, 4),
(191, 20),
(191, 8),
(191, 17),
(191, 15),
(191, 19),
(191, 6),
(192, 12),
(192, 6),
(192, 4),
(192, 5),
(192, 19),
(192, 13),
(192, 2),
(192, 10),
(192, 17),
(192, 8),
(193, 18),
(193, 13),
(193, 3),
(193, 12),
(193, 19),
(193, 6),
(193, 11),
(193, 8),
(193, 7),
(193, 2),
(199, 8),
(199, 11),
(199, 9),
(199, 17),
(199, 13),
(199, 16),
(199, 2),
(199, 10),
(199, 14),
(199, 5),
(206, 3),
(206, 19),
(206, 13),
(206, 16),
(206, 20),
(206, 10),
(206, 7),
(206, 15),
(206, 2),
(206, 6),
(210, 9),
(210, 20),
(210, 16),
(210, 4),
(210, 7),
(210, 19),
(210, 15),
(210, 12),
(210, 14),
(210, 8),
(215, 11),
(215, 12),
(215, 5),
(215, 10),
(215, 20),
(215, 15),
(215, 17),
(215, 8),
(215, 14),
(215, 2),
(228, 12),
(228, 10),
(228, 15),
(228, 4),
(228, 2),
(228, 17),
(228, 20),
(228, 18),
(228, 8),
(228, 6),
(238, 8),
(238, 14),
(238, 4),
(238, 1),
(238, 16),
(238, 20),
(238, 2),
(238, 5),
(238, 7),
(238, 9),
(247, 20),
(247, 4),
(247, 1),
(247, 2),
(247, 14),
(247, 10),
(247, 17),
(247, 3),
(247, 16),
(247, 6),
(253, 2),
(253, 15),
(253, 8),
(253, 9),
(253, 6),
(253, 13),
(253, 5),
(253, 17),
(253, 11),
(253, 16),
(257, 9),
(257, 6),
(257, 18),
(257, 15),
(257, 14),
(257, 7),
(257, 2),
(257, 3),
(257, 16),
(257, 4),
(263, 12),
(263, 11),
(263, 2),
(263, 20),
(263, 14),
(263, 6),
(263, 4),
(263, 19),
(263, 3),
(263, 7),
(269, 1),
(269, 10),
(269, 4),
(269, 7),
(269, 8),
(269, 13),
(269, 9),
(269, 6),
(269, 20),
(269, 3),
(274, 4),
(274, 14),
(274, 9),
(274, 11),
(274, 17),
(274, 6),
(274, 12),
(274, 18),
(274, 19),
(274, 3),
(283, 20),
(283, 18),
(283, 4),
(283, 10),
(283, 15),
(283, 5),
(283, 2),
(283, 13),
(283, 19),
(283, 16),
(289, 6),
(289, 8),
(289, 10),
(289, 1),
(289, 20),
(289, 11),
(289, 2),
(289, 16),
(289, 13),
(289, 9),
(295, 3),
(295, 16),
(295, 17),
(295, 11),
(295, 7),
(295, 14),
(295, 6),
(295, 20),
(295, 5),
(295, 4),
(304, 16),
(304, 3),
(304, 6),
(304, 12),
(304, 20),
(304, 18),
(304, 13),
(304, 9),
(304, 11),
(304, 10),
(308, 5),
(308, 15),
(308, 1),
(308, 2),
(308, 16),
(308, 3),
(308, 8),
(308, 19),
(308, 17),
(308, 6),
(315, 11),
(315, 9),
(315, 5),
(315, 13),
(315, 19),
(315, 7),
(315, 20),
(315, 15),
(315, 10),
(315, 4),
(321, 1),
(321, 4),
(321, 18),
(321, 7),
(321, 10),
(321, 8),
(321, 3),
(321, 20),
(321, 15),
(321, 17),
(347, 16),
(347, 19),
(347, 3),
(347, 9),
(347, 18),
(347, 5),
(347, 6),
(347, 4),
(347, 17),
(347, 2),
(357, 7),
(357, 20),
(357, 5),
(357, 11),
(357, 13),
(357, 18),
(357, 2),
(357, 4),
(357, 16),
(357, 14),
(361, 12),
(361, 4),
(361, 11),
(361, 10),
(361, 5),
(361, 15),
(361, 18),
(361, 9),
(361, 14),
(361, 20),
(367, 4),
(367, 12),
(367, 15),
(367, 13),
(367, 16),
(367, 5),
(367, 14),
(367, 6),
(367, 1),
(367, 11),
(372, 3),
(372, 6),
(372, 8),
(372, 4),
(372, 17),
(372, 14),
(372, 20),
(372, 16),
(372, 10),
(372, 12),
(394, 15),
(394, 17),
(394, 9),
(394, 18),
(394, 10),
(394, 12),
(394, 13),
(394, 6),
(394, 2),
(394, 11),
(394, 5),
(394, 8);
INSERT INTO PUBLIC.LAWS_SUPPORTERS(LAW_MODEL_ID, SUPPORTERS_ID) VALUES
(394, 4),
(394, 14),
(394, 19),
(394, 7),
(394, 3),
(394, 16),
(395, 9),
(395, 15),
(395, 2),
(395, 13),
(395, 4),
(395, 8),
(395, 14),
(395, 10),
(395, 3),
(395, 18),
(395, 6),
(395, 17),
(395, 11),
(395, 7),
(395, 16),
(395, 12);
CREATE MEMORY TABLE PUBLIC.ONE_TIME_TOKEN(
ID BIGINT NOT NULL,
CREATED_AT TIMESTAMP NOT NULL,
UPDATED_AT TIMESTAMP NOT NULL,
TOKEN VARCHAR(255) NOT NULL,
TOKEN_TYPE INTEGER NOT NULL,
VALID_UNTIL TIMESTAMP NOT NULL,
USER_ID BIGINT NOT NULL
);
ALTER TABLE PUBLIC.ONE_TIME_TOKEN ADD CONSTRAINT PUBLIC.CONSTRAINT_4 PRIMARY KEY(ID);
-- 0 +/- SELECT COUNT(*) FROM PUBLIC.ONE_TIME_TOKEN;
CREATE MEMORY TABLE PUBLIC.POLLS(
ID BIGINT NOT NULL,
CREATED_AT TIMESTAMP NOT NULL,
UPDATED_AT TIMESTAMP NOT NULL,
DUEL_MATRIX VARCHAR(255),
STATUS INTEGER,
VOTING_END_AT TIMESTAMP,
VOTING_START_AT TIMESTAMP,
WINNER_ID BIGINT
);
ALTER TABLE PUBLIC.POLLS ADD CONSTRAINT PUBLIC.CONSTRAINT_48 PRIMARY KEY(ID);
-- 4 +/- SELECT COUNT(*) FROM PUBLIC.POLLS;
INSERT INTO PUBLIC.POLLS(ID, CREATED_AT, UPDATED_AT, DUEL_MATRIX, STATUS, VOTING_END_AT, VOTING_START_AT, WINNER_ID) VALUES
(237, TIMESTAMP '2019-04-25 09:27:50.713', TIMESTAMP '2019-04-25 09:27:50.713', '', 0, TIMESTAMP '2019-05-30 00:00:00', TIMESTAMP '2019-05-16 00:00:00', NULL),
(268, TIMESTAMP '2019-04-17 09:27:51.072', TIMESTAMP '2019-05-02 09:27:51.104', '', 1, TIMESTAMP '2019-05-15 00:00:00', TIMESTAMP '2019-05-01 09:27:51.104', NULL),
(303, TIMESTAMP '2019-04-17 09:27:51.49', TIMESTAMP '2019-05-02 09:27:57.103', '[]', 1, TIMESTAMP '2019-05-15 00:00:00', TIMESTAMP '2019-05-01 09:27:51.521', NULL),
(356, TIMESTAMP '2019-03-30 08:27:57.402', TIMESTAMP '2019-05-02 09:28:01', '[[0,6,9,7,8],[8,0,7,5,9],[6,7,0,5,6],[9,10,11,0,9],[6,7,10,7,0]]', 2, TIMESTAMP '2019-05-02 09:28:00.984', TIMESTAMP '2019-04-13 09:27:57.386', 357);
CREATE MEMORY TABLE PUBLIC.USERS(
ID BIGINT NOT NULL,
CREATED_AT TIMESTAMP NOT NULL,
UPDATED_AT TIMESTAMP NOT NULL,
EMAIL VARCHAR(255) NOT NULL,
LAST_LOGIN TIMESTAMP,
MOBILEPHONE VARCHAR(255),
NAME VARCHAR(255),
PICTURE VARCHAR(255),
WEBSITE VARCHAR(255)
);
ALTER TABLE PUBLIC.USERS ADD CONSTRAINT PUBLIC.CONSTRAINT_4D PRIMARY KEY(ID);
-- 20 +/- SELECT COUNT(*) FROM PUBLIC.USERS;
INSERT INTO PUBLIC.USERS(ID, CREATED_AT, UPDATED_AT, EMAIL, LAST_LOGIN, MOBILEPHONE, NAME, PICTURE, WEBSITE) VALUES
(1, TIMESTAMP '2019-05-02 09:27:41.461', TIMESTAMP '2019-05-02 09:27:41.461', 'testuser1@liquido.de', NULL, '+49123451', 'Donald Duck', '/static/img/photos/1.png', 'http://www.liquido.de'),
(2, TIMESTAMP '2019-05-02 09:27:41.523', TIMESTAMP '2019-05-02 09:27:41.523', 'testuser2@liquido.de', NULL, '+49123452', 'Test User2', '/static/img/photos/2.png', 'http://www.liquido.de'),
(3, TIMESTAMP '2019-05-02 09:27:41.523', TIMESTAMP '2019-05-02 09:27:41.523', 'testuser3@liquido.de', NULL, '+49123453', 'Test User3', '/static/img/photos/3.png', 'http://www.liquido.de'),
(4, TIMESTAMP '2019-05-02 09:27:41.523', TIMESTAMP '2019-05-02 09:27:41.523', 'testuser4@liquido.de', NULL, '+49123454', 'Test User4', '/static/img/photos/1.png', 'http://www.liquido.de'),
(5, TIMESTAMP '2019-05-02 09:27:41.523', TIMESTAMP '2019-05-02 09:27:41.523', 'testuser5@liquido.de', NULL, '+49123455', 'Test User5', '/static/img/photos/2.png', 'http://www.liquido.de'),
(6, TIMESTAMP '2019-05-02 09:27:41.523', TIMESTAMP '2019-05-02 09:27:41.523', 'testuser6@liquido.de', NULL, '+49123456', 'Test User6', '/static/img/photos/3.png', 'http://www.liquido.de'),
(7, TIMESTAMP '2019-05-02 09:27:41.539', TIMESTAMP '2019-05-02 09:27:41.539', 'testuser7@liquido.de', NULL, '+49123457', 'Test User7', '/static/img/photos/1.png', 'http://www.liquido.de'),
(8, TIMESTAMP '2019-05-02 09:27:41.539', TIMESTAMP '2019-05-02 09:27:41.539', 'testuser8@liquido.de', NULL, '+49123458', 'Test User8', '/static/img/photos/2.png', 'http://www.liquido.de'),
(9, TIMESTAMP '2019-05-02 09:27:41.539', TIMESTAMP '2019-05-02 09:27:41.539', 'testuser9@liquido.de', NULL, '+49123459', 'Test User9', '/static/img/photos/3.png', 'http://www.liquido.de'),
(10, TIMESTAMP '2019-05-02 09:27:41.539', TIMESTAMP '2019-05-02 09:27:41.539', 'testuser10@liquido.de', NULL, '+491234510', 'Test User10', '/static/img/photos/1.png', 'http://www.liquido.de'),
(11, TIMESTAMP '2019-05-02 09:27:41.555', TIMESTAMP '2019-05-02 09:27:41.555', 'testuser11@liquido.de', NULL, '+491234511', 'Test User11', '/static/img/photos/2.png', 'http://www.liquido.de'),
(12, TIMESTAMP '2019-05-02 09:27:41.555', TIMESTAMP '2019-05-02 09:27:41.555', 'testuser12@liquido.de', NULL, '+491234512', 'Test User12', '/static/img/photos/3.png', 'http://www.liquido.de'),
(13, TIMESTAMP '2019-05-02 09:27:41.555', TIMESTAMP '2019-05-02 09:27:41.555', 'testuser13@liquido.de', NULL, '+491234513', 'Test User13', '/static/img/photos/1.png', 'http://www.liquido.de'),
(14, TIMESTAMP '2019-05-02 09:27:41.555', TIMESTAMP '2019-05-02 09:27:41.555', 'testuser14@liquido.de', NULL, '+491234514', 'Test User14', '/static/img/photos/2.png', 'http://www.liquido.de'),
(15, TIMESTAMP '2019-05-02 09:27:41.555', TIMESTAMP '2019-05-02 09:27:41.555', 'testuser15@liquido.de', NULL, '+491234515', 'Test User15', '/static/img/photos/3.png', 'http://www.liquido.de'),
(16, TIMESTAMP '2019-05-02 09:27:41.57', TIMESTAMP '2019-05-02 09:27:41.57', 'testuser16@liquido.de', NULL, '+491234516', 'Test User16', '/static/img/photos/1.png', 'http://www.liquido.de'),
(17, TIMESTAMP '2019-05-02 09:27:41.57', TIMESTAMP '2019-05-02 09:27:41.57', 'testuser17@liquido.de', NULL, '+491234517', 'Test User17', '/static/img/photos/2.png', 'http://www.liquido.de'),
(18, TIMESTAMP '2019-05-02 09:27:41.57', TIMESTAMP '2019-05-02 09:27:41.57', 'testuser18@liquido.de', NULL, '+491234518', 'Test User18', '/static/img/photos/3.png', 'http://www.liquido.de'),
(19, TIMESTAMP '2019-05-02 09:27:41.57', TIMESTAMP '2019-05-02 09:27:41.57', 'testuser19@liquido.de', NULL, '+491234519', 'Test User19', '/static/img/photos/1.png', 'http://www.liquido.de'),
(20, TIMESTAMP '2019-05-02 09:27:41.586', TIMESTAMP '2019-05-02 09:27:41.586', 'testuser20@liquido.de', NULL, '+491234520', 'Test User20', '/static/img/photos/2.png', 'http://www.liquido.de');
-- 0 +/- SELECT COUNT(*) FROM PUBLIC.QRTZ_CALENDARS;
-- 0 +/- SELECT COUNT(*) FROM PUBLIC.QRTZ_CRON_TRIGGERS;
-- 0 +/- SELECT COUNT(*) FROM PUBLIC.QRTZ_FIRED_TRIGGERS;
-- 0 +/- SELECT COUNT(*) FROM PUBLIC.QRTZ_PAUSED_TRIGGER_GRPS;
-- 0 +/- SELECT COUNT(*) FROM PUBLIC.QRTZ_SCHEDULER_STATE;
-- 0 +/- SELECT COUNT(*) FROM PUBLIC.QRTZ_LOCKS;
-- 0 +/- SELECT COUNT(*) FROM PUBLIC.QRTZ_JOB_DETAILS;
-- 0 +/- SELECT COUNT(*) FROM PUBLIC.QRTZ_SIMPLE_TRIGGERS;
-- 0 +/- SELECT COUNT(*) FROM PUBLIC.QRTZ_SIMPROP_TRIGGERS;
-- 0 +/- SELECT COUNT(*) FROM PUBLIC.QRTZ_BLOB_TRIGGERS;
-- 0 +/- SELECT COUNT(*) FROM PUBLIC.QRTZ_TRIGGERS;
ALTER TABLE PUBLIC.AREAS ADD CONSTRAINT PUBLIC.UK_P61HNJ1M450KNDUSCXOLDCHFJ UNIQUE(TITLE);
ALTER TABLE PUBLIC.KEY_VALUE ADD CONSTRAINT PUBLIC.UK_8TE0DHIEXEOWA1RGVA302TO1L UNIQUE(KEY_COL);
ALTER TABLE PUBLIC.USERS ADD CONSTRAINT PUBLIC.UK_6DOTKOTT2KJSP8VW4D0M25FB7 UNIQUE(EMAIL);
ALTER TABLE PUBLIC.LAWS ADD CONSTRAINT PUBLIC.UK_BS516OPV3HONTPTWVPIOOS72B UNIQUE(TITLE);
ALTER TABLE PUBLIC.DELEGATIONS ADD CONSTRAINT PUBLIC.UK2WYH7POIF8NPDWLUR8DFORD0J UNIQUE(AREA_ID, FROM_USER_ID);
ALTER TABLE PUBLIC.LAWS_COMMENTS ADD CONSTRAINT PUBLIC.UK_OF3YV6X3MAHJPHJBJE5XHRXC8 UNIQUE(COMMENTS_ID);
ALTER TABLE PUBLIC.BALLOTS ADD CONSTRAINT PUBLIC.UKHWWEPK8N3CE54LEREWX2FMYXF UNIQUE(POLL_ID, CHECKSUM);
ALTER TABLE PUBLIC.USERS ADD CONSTRAINT PUBLIC.UK_70QE9WOFM8UJ2PEANWKPHERRM UNIQUE(MOBILEPHONE);
ALTER TABLE PUBLIC.CHECKSUMS ADD CONSTRAINT PUBLIC.UKL0XNKLNHLK4PTWSU9B0QXTYBN UNIQUE(AREA_ID, PUBLIC_PROXY_ID);
ALTER TABLE PUBLIC.AREAS ADD CONSTRAINT PUBLIC.FKP9N0U4HM2Q1O7V0068C8GD4EL FOREIGN KEY(CREATED_BY_ID) REFERENCES PUBLIC.USERS(ID) NOCHECK;
ALTER TABLE PUBLIC.DELEGATIONS ADD CONSTRAINT PUBLIC.FK1Y1R0D478R9NTDMUIYKKUHADV FOREIGN KEY(REQUESTED_DELEGATION_FROM_CHECKSUM_CHECKSUM) REFERENCES PUBLIC.CHECKSUMS(CHECKSUM) NOCHECK;
ALTER TABLE PUBLIC.DELEGATIONS ADD CONSTRAINT PUBLIC.FKSWBDEOVC7HSQ5EX30PBMDU9D4 FOREIGN KEY(AREA_ID) REFERENCES PUBLIC.AREAS(ID) NOCHECK;
ALTER TABLE PUBLIC.LAWS ADD CONSTRAINT PUBLIC.FK4QUHD81MM84X6RQ0CCBXSEYXX FOREIGN KEY(POLL_ID) REFERENCES PUBLIC.POLLS(ID) NOCHECK;
ALTER TABLE PUBLIC.LAWS_SUPPORTERS ADD CONSTRAINT PUBLIC.FK9B4I87YIKUCHRIRFJAYMGOHE3 FOREIGN KEY(LAW_MODEL_ID) REFERENCES PUBLIC.LAWS(ID) NOCHECK;
ALTER TABLE PUBLIC.BALLOTS ADD CONSTRAINT PUBLIC.FKOG7SHPLJ1CCOH8N9AO4Y16LQ3 FOREIGN KEY(POLL_ID) REFERENCES PUBLIC.POLLS(ID) NOCHECK;
ALTER TABLE PUBLIC.COMMENTS_DOWN_VOTERS ADD CONSTRAINT PUBLIC.FK62ILAC17TG4CPKRHEONUD72HV FOREIGN KEY(DOWN_VOTERS_ID) REFERENCES PUBLIC.USERS(ID) NOCHECK;
ALTER TABLE PUBLIC.CHECKSUMS ADD CONSTRAINT PUBLIC.FKDFLPSE9FSOGY1FMFDY2W79RG FOREIGN KEY(DELEGATED_TO_CHECKSUM) REFERENCES PUBLIC.CHECKSUMS(CHECKSUM) NOCHECK;
ALTER TABLE PUBLIC.BALLOTS_VOTE_ORDER ADD CONSTRAINT PUBLIC.FKIH6THEWVJEH3OW9DL1YTJ9AWB FOREIGN KEY(BALLOT_MODEL_ID) REFERENCES PUBLIC.BALLOTS(ID) NOCHECK;
ALTER TABLE PUBLIC.COMMENTS ADD CONSTRAINT PUBLIC.FK7PUWBWE4YL8B2O32R798UW8Q7 FOREIGN KEY(PROPOSAL_ID) REFERENCES PUBLIC.LAWS(ID) NOCHECK;
ALTER TABLE PUBLIC.CHECKSUMS ADD CONSTRAINT PUBLIC.FK68FTLVL0MWTVOQD3BFUPP0XRG FOREIGN KEY(PUBLIC_PROXY_ID) REFERENCES PUBLIC.USERS(ID) NOCHECK;
ALTER TABLE PUBLIC.LAWS ADD CONSTRAINT PUBLIC.FKTR1PLL46Q50SHWBFFYIYUAVGN FOREIGN KEY(CREATED_BY_ID) REFERENCES PUBLIC.USERS(ID) NOCHECK;
ALTER TABLE PUBLIC.ONE_TIME_TOKEN ADD CONSTRAINT PUBLIC.FK4O21XT1RMRICB3EA4TO5NKR8D FOREIGN KEY(USER_ID) REFERENCES PUBLIC.USERS(ID) NOCHECK;
ALTER TABLE PUBLIC.BALLOTS_VOTE_ORDER ADD CONSTRAINT PUBLIC.FKOWD5MAD84QVWGST43698A6GX5 FOREIGN KEY(VOTE_ORDER_ID) REFERENCES PUBLIC.LAWS(ID) NOCHECK;
ALTER TABLE PUBLIC.COMMENTS ADD CONSTRAINT PUBLIC.FKAKKM6QFYDU7VGNFNE1YO0XMED FOREIGN KEY(CREATED_BY_ID) REFERENCES PUBLIC.USERS(ID) NOCHECK;
ALTER TABLE PUBLIC.DELEGATIONS ADD CONSTRAINT PUBLIC.FK21A6LG8FU2JS6E0JU41WJ2GQP FOREIGN KEY(TO_PROXY_ID) REFERENCES PUBLIC.USERS(ID) NOCHECK;
ALTER TABLE PUBLIC.LAWS_COMMENTS ADD CONSTRAINT PUBLIC.FK36FBKIUITRV0YRVY8S0IG46IX FOREIGN KEY(LAW_MODEL_ID) REFERENCES PUBLIC.LAWS(ID) NOCHECK;
ALTER TABLE PUBLIC.POLLS ADD CONSTRAINT PUBLIC.FKQADOVSMQ4UOK58SP9HKHWJQIS FOREIGN KEY(WINNER_ID) REFERENCES PUBLIC.LAWS(ID) NOCHECK;
ALTER TABLE PUBLIC.DELEGATIONS ADD CONSTRAINT PUBLIC.FK9KOYA2MI6T18VF7U1FROBKNIQ FOREIGN KEY(FROM_USER_ID) REFERENCES PUBLIC.USERS(ID) NOCHECK;
ALTER TABLE PUBLIC.BALLOTS ADD CONSTRAINT PUBLIC.FK1RRV2WY16UQONFL9CR1CQG2XD FOREIGN KEY(CHECKSUM) REFERENCES PUBLIC.CHECKSUMS(CHECKSUM) NOCHECK;
ALTER TABLE PUBLIC.LAWS ADD CONSTRAINT PUBLIC.FK9VIQDJ5LDUN0AHWQDFF1WUY39 FOREIGN KEY(AREA_ID) REFERENCES PUBLIC.AREAS(ID) NOCHECK;
ALTER TABLE PUBLIC.LAWS_COMMENTS ADD CONSTRAINT PUBLIC.FKFL0Y4QFVFPF9YNMMFJ0JEVXFF FOREIGN KEY(COMMENTS_ID) REFERENCES PUBLIC.COMMENTS(ID) NOCHECK;
ALTER TABLE PUBLIC.COMMENTS_UP_VOTERS ADD CONSTRAINT PUBLIC.FKEUURM027PDC4L5A9G9O2L0UYD FOREIGN KEY(UP_VOTERS_ID) REFERENCES PUBLIC.USERS(ID) NOCHECK;
ALTER TABLE PUBLIC.COMMENTS ADD CONSTRAINT PUBLIC.FKLRI30OKF66PHTCGBE5POK7CC0 FOREIGN KEY(PARENT_ID) REFERENCES PUBLIC.COMMENTS(ID) NOCHECK;
ALTER TABLE PUBLIC.COMMENTS_UP_VOTERS ADD CONSTRAINT PUBLIC.FK8LS8T571Y99VTTW1MDKEBXAGP FOREIGN KEY(COMMENT_MODEL_ID) REFERENCES PUBLIC.COMMENTS(ID) NOCHECK;
ALTER TABLE PUBLIC.LAWS_SUPPORTERS ADD CONSTRAINT PUBLIC.FKK8MVJC4RQ970OJAVYFIA9BQVE FOREIGN KEY(SUPPORTERS_ID) REFERENCES PUBLIC.USERS(ID) NOCHECK;
ALTER TABLE PUBLIC.COMMENTS_DOWN_VOTERS ADD CONSTRAINT PUBLIC.FKJYMYJ54LENHS4KE6MYQHLY72 FOREIGN KEY(COMMENT_MODEL_ID) REFERENCES PUBLIC.COMMENTS(ID) NOCHECK;
ALTER TABLE PUBLIC.CHECKSUMS ADD CONSTRAINT PUBLIC.FKLLW57XBW0D67OPTMWFMU3P2PC FOREIGN KEY(AREA_ID) REFERENCES PUBLIC.AREAS(ID) NOCHECK;
