SET DB_CLOSE_DELAY -1;
;
CREATE USER IF NOT EXISTS SA SALT 'e0ee612810cc88cc' HASH 'ac71928bd518dc66e44677d9ce284c01233c020a7c1fc3c241057dcc0ab36733' ADMIN;
CREATE SEQUENCE PUBLIC.HIBERNATE_SEQUENCE START WITH 406;
CREATE MEMORY TABLE PUBLIC.AREAS(
ID BIGINT NOT NULL,
CREATED_AT TIMESTAMP NOT NULL,
UPDATED_AT TIMESTAMP NOT NULL,
DESCRIPTION VARCHAR(255) NOT NULL,
TITLE VARCHAR(255) NOT NULL,
CREATED_BY_ID BIGINT NOT NULL
);
ALTER TABLE PUBLIC.AREAS ADD CONSTRAINT PUBLIC.CONSTRAINT_3 PRIMARY KEY(ID);
-- 10 +/- SELECT COUNT(*) FROM PUBLIC.AREAS;
INSERT INTO PUBLIC.AREAS(ID, CREATED_AT, UPDATED_AT, DESCRIPTION, TITLE, CREATED_BY_ID) VALUES
(22, TIMESTAMP '2019-10-28 19:47:04.422', TIMESTAMP '2019-10-28 19:47:04.422', 'Nice description for test area #0', 'Area 0', 1),
(23, TIMESTAMP '2019-10-28 19:47:04.424', TIMESTAMP '2019-10-28 19:47:04.424', 'Nice description for test area #1', 'Area 1', 1),
(24, TIMESTAMP '2019-10-28 19:47:04.424', TIMESTAMP '2019-10-28 19:47:04.424', 'Nice description for test area #2', 'Area 2', 1),
(25, TIMESTAMP '2019-10-28 19:47:04.424', TIMESTAMP '2019-10-28 19:47:04.424', 'Nice description for test area #3', 'Area 3', 1),
(26, TIMESTAMP '2019-10-28 19:47:04.434', TIMESTAMP '2019-10-28 19:47:04.434', 'Nice description for test area #4', 'Area 4', 1),
(27, TIMESTAMP '2019-10-28 19:47:04.434', TIMESTAMP '2019-10-28 19:47:04.434', 'Nice description for test area #5', 'Area 5', 1),
(28, TIMESTAMP '2019-10-28 19:47:04.434', TIMESTAMP '2019-10-28 19:47:04.434', 'Nice description for test area #6', 'Area 6', 1),
(29, TIMESTAMP '2019-10-28 19:47:04.442', TIMESTAMP '2019-10-28 19:47:04.442', 'Nice description for test area #7', 'Area 7', 1),
(30, TIMESTAMP '2019-10-28 19:47:04.445', TIMESTAMP '2019-10-28 19:47:04.445', 'Nice description for test area #8', 'Area 8', 1),
(31, TIMESTAMP '2019-10-28 19:47:04.448', TIMESTAMP '2019-10-28 19:47:04.448', 'Nice description for test area #9', 'Area 9', 1);
CREATE MEMORY TABLE PUBLIC.BALLOTS(
ID BIGINT NOT NULL,
LEVEL INTEGER NOT NULL,
VOTE_COUNT BIGINT NOT NULL,
CHECKSUM VARCHAR(255) NOT NULL,
POLL_ID BIGINT NOT NULL
);
ALTER TABLE PUBLIC.BALLOTS ADD CONSTRAINT PUBLIC.CONSTRAINT_1 PRIMARY KEY(ID);
-- 32 +/- SELECT COUNT(*) FROM PUBLIC.BALLOTS;
INSERT INTO PUBLIC.BALLOTS(ID, LEVEL, VOTE_COUNT, CHECKSUM, POLL_ID) VALUES
(338, 0, 1, '$2a$10$1IdrGrRAN2Wp3U7QI.JIzuFb6SFgAPcXvJJzyrA1clTArLk/sGlMq', 314),
(339, 0, 1, '$2a$10$1IdrGrRAN2Wp3U7QI.JIzuRMyDyD0rV5XSGlVcf1liGYmN44buSd.', 314),
(340, 0, 4, '$2a$10$1IdrGrRAN2Wp3U7QI.JIzuzMaerK4Ai5A.h5eicC4s5j6UNNA5CTa', 314),
(341, 0, 1, '$2a$10$1IdrGrRAN2Wp3U7QI.JIzug6aJMxjTF58HqC.bDLcmkZFXYH7GPvC', 314),
(342, 0, 1, '$2a$10$1IdrGrRAN2Wp3U7QI.JIzurVcd95ezGWGNRWb2Yt00TXFh0b.zNVW', 314),
(343, 0, 1, '$2a$10$1IdrGrRAN2Wp3U7QI.JIzuxEF.Fmwe9CfO.FaVrA3fnAXXZE90iGK', 314),
(344, 0, 2, '$2a$10$1IdrGrRAN2Wp3U7QI.JIzu92jjTL/Dg.yXe5XB6x9p5akvesOM1Pu', 314),
(345, 1, 1, '$2a$10$1IdrGrRAN2Wp3U7QI.JIzuRhw3H7yUKqSpOuUk9K0GSUFfuSetvdy', 314),
(346, 0, 1, '$2a$10$1IdrGrRAN2Wp3U7QI.JIzuyzQ7rc1NUML7xdU/e6YHhZeOOqX78w2', 314),
(347, 0, 1, '$2a$10$1IdrGrRAN2Wp3U7QI.JIzu3Uvrte917jX/XRlns59QVlYV2IyV1Q6', 314),
(348, 0, 1, '$2a$10$1IdrGrRAN2Wp3U7QI.JIzuuf2/z13aNJshK8JPHDYOKqcy.aKW9S.', 314),
(349, 0, 1, '$2a$10$1IdrGrRAN2Wp3U7QI.JIzu7lHxnzU35N0S.lL.9wod/as7XAPGFDa', 314),
(350, 0, 1, '$2a$10$1IdrGrRAN2Wp3U7QI.JIzuICuIupDOLnHuJAj6ROAiSAQwsO5uq2u', 314),
(351, 0, 1, '$2a$10$1IdrGrRAN2Wp3U7QI.JIzuq517e5uraTWmvShubgri4QmrHOsIkrm', 314),
(352, 0, 1, '$2a$10$1IdrGrRAN2Wp3U7QI.JIzuNsD/AaaAdwlvzcdeIeA59KxEsJzmCIG', 314),
(353, 0, 1, '$2a$10$1IdrGrRAN2Wp3U7QI.JIzuQOz/iC/oe/89JH4FeUPVjLi1W0jp1..', 314),
(388, 0, 1, '$2a$10$1IdrGrRAN2Wp3U7QI.JIzuFb6SFgAPcXvJJzyrA1clTArLk/sGlMq', 359),
(389, 0, 1, '$2a$10$1IdrGrRAN2Wp3U7QI.JIzuRMyDyD0rV5XSGlVcf1liGYmN44buSd.', 359),
(390, 0, 4, '$2a$10$1IdrGrRAN2Wp3U7QI.JIzuzMaerK4Ai5A.h5eicC4s5j6UNNA5CTa', 359),
(391, 0, 1, '$2a$10$1IdrGrRAN2Wp3U7QI.JIzug6aJMxjTF58HqC.bDLcmkZFXYH7GPvC', 359),
(392, 0, 1, '$2a$10$1IdrGrRAN2Wp3U7QI.JIzurVcd95ezGWGNRWb2Yt00TXFh0b.zNVW', 359),
(393, 0, 1, '$2a$10$1IdrGrRAN2Wp3U7QI.JIzuxEF.Fmwe9CfO.FaVrA3fnAXXZE90iGK', 359),
(394, 0, 2, '$2a$10$1IdrGrRAN2Wp3U7QI.JIzu92jjTL/Dg.yXe5XB6x9p5akvesOM1Pu', 359),
(395, 1, 1, '$2a$10$1IdrGrRAN2Wp3U7QI.JIzuRhw3H7yUKqSpOuUk9K0GSUFfuSetvdy', 359),
(396, 0, 1, '$2a$10$1IdrGrRAN2Wp3U7QI.JIzuyzQ7rc1NUML7xdU/e6YHhZeOOqX78w2', 359),
(397, 0, 1, '$2a$10$1IdrGrRAN2Wp3U7QI.JIzu3Uvrte917jX/XRlns59QVlYV2IyV1Q6', 359),
(398, 0, 1, '$2a$10$1IdrGrRAN2Wp3U7QI.JIzuuf2/z13aNJshK8JPHDYOKqcy.aKW9S.', 359),
(399, 0, 1, '$2a$10$1IdrGrRAN2Wp3U7QI.JIzu7lHxnzU35N0S.lL.9wod/as7XAPGFDa', 359),
(400, 0, 1, '$2a$10$1IdrGrRAN2Wp3U7QI.JIzuICuIupDOLnHuJAj6ROAiSAQwsO5uq2u', 359),
(401, 0, 1, '$2a$10$1IdrGrRAN2Wp3U7QI.JIzuq517e5uraTWmvShubgri4QmrHOsIkrm', 359),
(402, 0, 1, '$2a$10$1IdrGrRAN2Wp3U7QI.JIzuNsD/AaaAdwlvzcdeIeA59KxEsJzmCIG', 359),
(403, 0, 1, '$2a$10$1IdrGrRAN2Wp3U7QI.JIzuQOz/iC/oe/89JH4FeUPVjLi1W0jp1..', 359);
CREATE MEMORY TABLE PUBLIC.BALLOTS_VOTE_ORDER(
BALLOT_MODEL_ID BIGINT NOT NULL,
VOTE_ORDER_ID BIGINT NOT NULL,
VOTE_ORDER_ORDER INTEGER NOT NULL
);
ALTER TABLE PUBLIC.BALLOTS_VOTE_ORDER ADD CONSTRAINT PUBLIC.CONSTRAINT_5 PRIMARY KEY(BALLOT_MODEL_ID, VOTE_ORDER_ORDER);
-- 145 +/- SELECT COUNT(*) FROM PUBLIC.BALLOTS_VOTE_ORDER;
INSERT INTO PUBLIC.BALLOTS_VOTE_ORDER(BALLOT_MODEL_ID, VOTE_ORDER_ID, VOTE_ORDER_ORDER) VALUES
(338, 309, 0),
(338, 321, 1),
(338, 325, 2),
(338, 332, 3),
(339, 321, 0),
(339, 315, 1),
(339, 309, 2),
(339, 325, 3),
(340, 321, 0),
(340, 325, 1),
(340, 332, 2),
(344, 321, 0),
(344, 325, 1),
(344, 315, 2),
(344, 332, 3),
(344, 309, 4),
(345, 321, 0),
(345, 325, 1),
(345, 315, 2),
(345, 332, 3),
(345, 309, 4),
(346, 321, 0),
(346, 325, 1),
(346, 332, 2),
(346, 309, 3),
(346, 315, 4),
(341, 332, 0),
(341, 309, 1),
(341, 321, 2),
(341, 315, 3),
(342, 332, 0),
(342, 325, 1),
(342, 321, 2),
(342, 315, 3),
(347, 332, 0),
(347, 315, 1),
(347, 325, 2),
(347, 309, 3),
(347, 321, 4),
(348, 332, 0),
(348, 325, 1),
(348, 321, 2),
(348, 315, 3),
(349, 332, 0),
(349, 315, 1),
(349, 309, 2),
(350, 332, 0),
(350, 315, 1),
(350, 309, 2),
(350, 325, 3),
(350, 321, 4),
(351, 332, 0),
(351, 325, 1),
(351, 315, 2),
(351, 321, 3),
(351, 309, 4),
(352, 309, 0),
(352, 332, 1),
(352, 325, 2),
(352, 315, 3),
(352, 321, 4),
(353, 332, 0),
(353, 321, 1),
(353, 325, 2),
(353, 315, 3),
(343, 332, 0),
(343, 325, 1),
(343, 321, 2),
(343, 315, 3),
(343, 309, 4),
(388, 354, 0),
(388, 382, 1),
(388, 366, 2),
(388, 374, 3),
(389, 366, 0),
(389, 354, 1),
(389, 374, 2),
(389, 360, 3),
(390, 382, 0),
(390, 374, 1),
(390, 366, 2),
(390, 360, 3),
(390, 354, 4),
(394, 354, 0),
(394, 382, 1),
(394, 374, 2),
(394, 360, 3),
(395, 354, 0),
(395, 382, 1),
(395, 374, 2),
(395, 360, 3),
(396, 382, 0),
(396, 360, 1),
(396, 374, 2),
(396, 366, 3),
(396, 354, 4),
(391, 366, 0),
(391, 382, 1),
(391, 360, 2),
(391, 354, 3),
(391, 374, 4),
(392, 382, 0),
(392, 374, 1),
(392, 360, 2),
(392, 354, 3),
(392, 366, 4),
(397, 382, 0),
(397, 354, 1),
(397, 366, 2),
(397, 360, 3),
(397, 374, 4),
(398, 382, 0),
(398, 374, 1),
(398, 366, 2),
(398, 360, 3),
(398, 354, 4),
(399, 374, 0),
(399, 366, 1),
(399, 360, 2),
(399, 382, 3),
(399, 354, 4),
(400, 360, 0),
(400, 374, 1),
(400, 354, 2),
(400, 382, 3),
(400, 366, 4),
(401, 360, 0),
(401, 354, 1),
(401, 374, 2),
(401, 382, 3),
(402, 382, 0),
(402, 366, 1),
(402, 354, 2),
(402, 360, 3),
(402, 374, 4),
(403, 366, 0),
(403, 354, 1),
(403, 374, 2),
(403, 360, 3),
(403, 382, 4),
(393, 382, 0),
(393, 374, 1),
(393, 354, 2),
(393, 366, 3),
(393, 360, 4);
CREATE MEMORY TABLE PUBLIC.CHECKSUMS(
CHECKSUM VARCHAR(255) NOT NULL,
EXPIRES_AT TIMESTAMP,
TRANSITIVE BOOLEAN NOT NULL,
AREA_ID BIGINT,
DELEGATED_TO_CHECKSUM VARCHAR(255),
PUBLIC_PROXY_ID BIGINT
);
ALTER TABLE PUBLIC.CHECKSUMS ADD CONSTRAINT PUBLIC.CONSTRAINT_B PRIMARY KEY(CHECKSUM);
-- 18 +/- SELECT COUNT(*) FROM PUBLIC.CHECKSUMS;
INSERT INTO PUBLIC.CHECKSUMS(CHECKSUM, EXPIRES_AT, TRANSITIVE, AREA_ID, DELEGATED_TO_CHECKSUM, PUBLIC_PROXY_ID) VALUES
('$2a$10$1IdrGrRAN2Wp3U7QI.JIzujP5HM1Z.hWRZjCw03H8QVfHvE3xfaYG', TIMESTAMP '2019-10-29 19:47:08.618', TRUE, 22, NULL, 1),
('$2a$10$1IdrGrRAN2Wp3U7QI.JIzuRhw3H7yUKqSpOuUk9K0GSUFfuSetvdy', TIMESTAMP '2019-10-29 19:47:10.187', TRUE, 22, '$2a$10$1IdrGrRAN2Wp3U7QI.JIzu92jjTL/Dg.yXe5XB6x9p5akvesOM1Pu', 6),
('$2a$10$1IdrGrRAN2Wp3U7QI.JIzuVejE82VRK0Se4RFNa1JED7KgTOU4siK', TIMESTAMP '2019-10-29 19:47:10.34', TRUE, 22, '$2a$10$1IdrGrRAN2Wp3U7QI.JIzujP5HM1Z.hWRZjCw03H8QVfHvE3xfaYG', 4),
('$2a$10$1IdrGrRAN2Wp3U7QI.JIzuFb6SFgAPcXvJJzyrA1clTArLk/sGlMq', TIMESTAMP '2019-10-29 19:47:19.335', TRUE, 22, NULL, 13),
('$2a$10$1IdrGrRAN2Wp3U7QI.JIzuRMyDyD0rV5XSGlVcf1liGYmN44buSd.', TIMESTAMP '2019-10-29 19:47:19.573', TRUE, 22, NULL, 15),
('$2a$10$1IdrGrRAN2Wp3U7QI.JIzuzMaerK4Ai5A.h5eicC4s5j6UNNA5CTa', TIMESTAMP '2019-10-29 19:47:19.805', TRUE, 22, '$2a$10$1IdrGrRAN2Wp3U7QI.JIzuVejE82VRK0Se4RFNa1JED7KgTOU4siK', 7),
('$2a$10$1IdrGrRAN2Wp3U7QI.JIzu92jjTL/Dg.yXe5XB6x9p5akvesOM1Pu', TIMESTAMP '2019-10-29 19:47:20.068', TRUE, 22, '$2a$10$1IdrGrRAN2Wp3U7QI.JIzujP5HM1Z.hWRZjCw03H8QVfHvE3xfaYG', 3),
('$2a$10$1IdrGrRAN2Wp3U7QI.JIzuyzQ7rc1NUML7xdU/e6YHhZeOOqX78w2', TIMESTAMP '2019-10-29 19:47:20.302', TRUE, 22, NULL, 5),
('$2a$10$1IdrGrRAN2Wp3U7QI.JIzug6aJMxjTF58HqC.bDLcmkZFXYH7GPvC', TIMESTAMP '2019-10-29 19:47:20.556', TRUE, 22, '$2a$10$1IdrGrRAN2Wp3U7QI.JIzuzMaerK4Ai5A.h5eicC4s5j6UNNA5CTa', 10),
('$2a$10$1IdrGrRAN2Wp3U7QI.JIzurVcd95ezGWGNRWb2Yt00TXFh0b.zNVW', TIMESTAMP '2019-10-29 19:47:20.787', TRUE, 22, '$2a$10$1IdrGrRAN2Wp3U7QI.JIzuzMaerK4Ai5A.h5eicC4s5j6UNNA5CTa', 11),
('$2a$10$1IdrGrRAN2Wp3U7QI.JIzu3Uvrte917jX/XRlns59QVlYV2IyV1Q6', TIMESTAMP '2019-10-29 19:47:21.039', TRUE, 22, '$2a$10$1IdrGrRAN2Wp3U7QI.JIzujP5HM1Z.hWRZjCw03H8QVfHvE3xfaYG', NULL),
('$2a$10$1IdrGrRAN2Wp3U7QI.JIzuuf2/z13aNJshK8JPHDYOKqcy.aKW9S.', TIMESTAMP '2019-10-29 19:47:21.285', TRUE, 22, NULL, 9),
('$2a$10$1IdrGrRAN2Wp3U7QI.JIzu7lHxnzU35N0S.lL.9wod/as7XAPGFDa', TIMESTAMP '2019-10-29 19:47:21.53', TRUE, 22, NULL, 16),
('$2a$10$1IdrGrRAN2Wp3U7QI.JIzuICuIupDOLnHuJAj6ROAiSAQwsO5uq2u', TIMESTAMP '2019-10-29 19:47:21.769', TRUE, 22, NULL, 20),
('$2a$10$1IdrGrRAN2Wp3U7QI.JIzuq517e5uraTWmvShubgri4QmrHOsIkrm', TIMESTAMP '2019-10-29 19:47:22.011', TRUE, 22, NULL, 18),
('$2a$10$1IdrGrRAN2Wp3U7QI.JIzuNsD/AaaAdwlvzcdeIeA59KxEsJzmCIG', TIMESTAMP '2019-10-29 19:47:22.262', TRUE, 22, NULL, 14),
('$2a$10$1IdrGrRAN2Wp3U7QI.JIzuQOz/iC/oe/89JH4FeUPVjLi1W0jp1..', TIMESTAMP '2019-10-29 19:47:22.513', TRUE, 22, NULL, 19),
('$2a$10$1IdrGrRAN2Wp3U7QI.JIzuxEF.Fmwe9CfO.FaVrA3fnAXXZE90iGK', TIMESTAMP '2019-10-29 19:47:22.749', FALSE, 22, '$2a$10$1IdrGrRAN2Wp3U7QI.JIzuzMaerK4Ai5A.h5eicC4s5j6UNNA5CTa', 12);
CREATE MEMORY TABLE PUBLIC.COMMENTS(
ID BIGINT NOT NULL,
CREATED_AT TIMESTAMP NOT NULL,
UPDATED_AT TIMESTAMP NOT NULL,
COMMENT VARCHAR(255) NOT NULL,
CREATED_BY_ID BIGINT NOT NULL,
PARENT_ID BIGINT,
PROPOSAL_ID BIGINT NOT NULL
);
ALTER TABLE PUBLIC.COMMENTS ADD CONSTRAINT PUBLIC.CONSTRAINT_A PRIMARY KEY(ID);
-- 138 +/- SELECT COUNT(*) FROM PUBLIC.COMMENTS;
INSERT INTO PUBLIC.COMMENTS(ID, CREATED_AT, UPDATED_AT, COMMENT, CREATED_BY_ID, PARENT_ID, PROPOSAL_ID) VALUES
(195, TIMESTAMP '2019-10-28 19:47:06.842', TIMESTAMP '2019-10-28 19:47:06.842', 'Comment on root level. I really like this idea, but needs to be improved. 1572288426832', 10, NULL, 194),
(196, TIMESTAMP '2019-10-28 19:47:06.842', TIMESTAMP '2019-10-28 19:47:06.842', 'Reply 0 Lorem ipsum dolor sit amet, consectetur a', 20, 195, 194),
(197, TIMESTAMP '2019-10-28 19:47:06.85', TIMESTAMP '2019-10-28 19:47:06.85', 'Reply 1 Lorem ipsum dolor sit', 20, 195, 194),
(198, TIMESTAMP '2019-10-28 19:47:06.85', TIMESTAMP '2019-10-28 19:47:06.85', 'Reply 2 Lorem ipsu', 2, 195, 194),
(199, TIMESTAMP '2019-10-28 19:47:06.852', TIMESTAMP '2019-10-28 19:47:06.852', 'Reply 3 Lorem ipsum dolor sit amet, consectetur adipiscing elit, sed do eiusmod tempor i', 7, 195, 194),
(200, TIMESTAMP '2019-10-28 19:47:06.852', TIMESTAMP '2019-10-28 19:47:06.852', 'Reply 4 Lorem ipsum dolor sit amet, consectetur adi', 17, 195, 194),
(201, TIMESTAMP '2019-10-28 19:47:06.852', TIMESTAMP '2019-10-28 19:47:06.852', 'Reply 5 Lorem ipsum dolor sit amet, consectetur adipiscing elit, sed ', 18, 195, 194),
(202, TIMESTAMP '2019-10-28 19:47:06.852', TIMESTAMP '2019-10-28 19:47:06.852', 'Reply 6 Lorem ipsum dolor sit amet, consectetur adipiscing elit, sed ', 5, 195, 194),
(203, TIMESTAMP '2019-10-28 19:47:06.852', TIMESTAMP '2019-10-28 19:47:06.852', 'Reply 7 Lorem ipsum dolor sit amet, consectetur adipi', 4, 195, 194),
(205, TIMESTAMP '2019-10-28 19:47:06.892', TIMESTAMP '2019-10-28 19:47:06.892', 'Comment on root level. I really like this idea, but needs to be improved. 1572288426892', 17, NULL, 204),
(206, TIMESTAMP '2019-10-28 19:47:06.892', TIMESTAMP '2019-10-28 19:47:06.892', 'Reply 0 Lorem ipsum dolor sit amet, consectetur adipiscing elit, ', 12, 205, 204),
(207, TIMESTAMP '2019-10-28 19:47:06.9', TIMESTAMP '2019-10-28 19:47:06.9', 'Reply 1 Lorem ipsum dolor sit a', 6, 205, 204),
(208, TIMESTAMP '2019-10-28 19:47:06.9', TIMESTAMP '2019-10-28 19:47:06.9', 'Reply 2 Lorem ipsum dolor sit amet, consectetur adipiscing elit, sed ', 11, 205, 204),
(210, TIMESTAMP '2019-10-28 19:47:06.932', TIMESTAMP '2019-10-28 19:47:06.932', 'Comment on root level. I really like this idea, but needs to be improved. 1572288426932', 12, NULL, 209),
(211, TIMESTAMP '2019-10-28 19:47:06.932', TIMESTAMP '2019-10-28 19:47:06.932', 'Reply 0 Lorem ipsum dolor sit ame', 13, 210, 209),
(212, TIMESTAMP '2019-10-28 19:47:06.932', TIMESTAMP '2019-10-28 19:47:06.932', 'Reply 1 Lorem ipsum dolor sit amet, consectetur a', 16, 210, 209),
(213, TIMESTAMP '2019-10-28 19:47:06.932', TIMESTAMP '2019-10-28 19:47:06.932', 'Reply 2 Lorem ipsum dolor sit amet, consectetur adip', 1, 210, 209),
(214, TIMESTAMP '2019-10-28 19:47:06.94', TIMESTAMP '2019-10-28 19:47:06.94', 'Reply 3 Lorem ipsum dolor sit amet, consectetur adipiscing elit', 11, 210, 209),
(216, TIMESTAMP '2019-10-28 19:47:06.972', TIMESTAMP '2019-10-28 19:47:06.972', 'Comment on root level. I really like this idea, but needs to be improved. 1572288426970', 19, NULL, 215),
(217, TIMESTAMP '2019-10-28 19:47:06.972', TIMESTAMP '2019-10-28 19:47:06.972', 'Reply 0 Lorem ipsum dolor sit amet, consectetur ad', 5, 216, 215),
(218, TIMESTAMP '2019-10-28 19:47:06.972', TIMESTAMP '2019-10-28 19:47:06.972', 'Reply 1 Lorem ipsum dolor sit amet, consectetur adipiscing', 3, 216, 215),
(219, TIMESTAMP '2019-10-28 19:47:06.972', TIMESTAMP '2019-10-28 19:47:06.972', 'Reply 2 Lorem ipsum dolor sit amet, consectetur ad', 15, 216, 215),
(220, TIMESTAMP '2019-10-28 19:47:06.972', TIMESTAMP '2019-10-28 19:47:06.972', 'Reply 3 Lorem ipsum dolor sit amet, ', 7, 216, 215),
(221, TIMESTAMP '2019-10-28 19:47:06.972', TIMESTAMP '2019-10-28 19:47:06.972', 'Reply 4 Lorem ipsu', 8, 216, 215),
(222, TIMESTAMP '2019-10-28 19:47:06.972', TIMESTAMP '2019-10-28 19:47:06.972', 'Reply 5 Lorem ipsum dolor sit amet, con', 13, 216, 215),
(223, TIMESTAMP '2019-10-28 19:47:06.98', TIMESTAMP '2019-10-28 19:47:06.98', 'Reply 6 Lorem ipsum dolor sit amet, consectetur adipiscing elit, sed do eiusmod tempor incididunt ut', 1, 216, 215);
INSERT INTO PUBLIC.COMMENTS(ID, CREATED_AT, UPDATED_AT, COMMENT, CREATED_BY_ID, PARENT_ID, PROPOSAL_ID) VALUES
(225, TIMESTAMP '2019-10-28 19:47:07.043', TIMESTAMP '2019-10-28 19:47:07.043', 'Comment on root level. I really like this idea, but needs to be improved. 1572288427043', 12, NULL, 224),
(226, TIMESTAMP '2019-10-28 19:47:07.051', TIMESTAMP '2019-10-28 19:47:07.051', 'Reply 0 Lorem ipsum dolor sit a', 6, 225, 224),
(227, TIMESTAMP '2019-10-28 19:47:07.053', TIMESTAMP '2019-10-28 19:47:07.053', 'Reply 1 Lorem ipsum dolor sit amet, consectetur adipisci', 16, 225, 224),
(228, TIMESTAMP '2019-10-28 19:47:07.053', TIMESTAMP '2019-10-28 19:47:07.053', 'Reply 2 Lorem ipsu', 17, 225, 224),
(229, TIMESTAMP '2019-10-28 19:47:07.053', TIMESTAMP '2019-10-28 19:47:07.053', 'Reply 3 Lorem ipsum dolor sit amet, c', 9, 225, 224),
(230, TIMESTAMP '2019-10-28 19:47:07.053', TIMESTAMP '2019-10-28 19:47:07.053', 'Reply 4 Lorem ipsum dolor sit amet, consectetur adipiscing elit, sed do e', 15, 225, 224),
(241, TIMESTAMP '2019-10-28 19:47:12.677', TIMESTAMP '2019-10-28 19:47:12.677', 'Comment on root level. I really like this idea, but needs to be improved. 1572288432677', 7, NULL, 240),
(242, TIMESTAMP '2019-10-28 19:47:12.677', TIMESTAMP '2019-10-28 19:47:12.677', 'Reply 0 Lorem ipsum dolor sit amet, consectetur adipiscing e', 10, 241, 240),
(243, TIMESTAMP '2019-10-28 19:47:12.677', TIMESTAMP '2019-10-28 19:47:12.677', 'Reply 1 Lorem ipsum dolor sit amet, consectetur adipiscing elit, sed do eiusmod tempor incididunt ut labo', 11, 241, 240),
(244, TIMESTAMP '2019-10-28 19:47:12.677', TIMESTAMP '2019-10-28 19:47:12.677', 'Reply 2 Lorem ipsum dolor sit amet, consectetur adipiscing elit, sed do eiusmod te', 6, 241, 240),
(245, TIMESTAMP '2019-10-28 19:47:12.677', TIMESTAMP '2019-10-28 19:47:12.677', 'Reply 3 Lorem ipsum dolor sit amet, consectetur adipiscing elit, sed do eiusmod tempor incididunt ut lab', 14, 241, 240),
(250, TIMESTAMP '2019-10-28 19:47:12.724', TIMESTAMP '2019-10-28 19:47:12.724', 'Comment on root level. I really like this idea, but needs to be improved. 1572288432724', 16, NULL, 249),
(251, TIMESTAMP '2019-10-28 19:47:12.724', TIMESTAMP '2019-10-28 19:47:12.724', 'Reply 0 Lorem ipsum dolor sit amet, consectetur adipiscing elit, sed do eiusmod tempor incididunt ut ', 20, 250, 249),
(252, TIMESTAMP '2019-10-28 19:47:12.724', TIMESTAMP '2019-10-28 19:47:12.724', 'Reply 1 Lorem ipsum dolor sit amet, consectetur adipiscing elit, sed do eiusmod tempor incididunt ut', 4, 250, 249),
(253, TIMESTAMP '2019-10-28 19:47:12.724', TIMESTAMP '2019-10-28 19:47:12.724', 'Reply 2 Lorem ipsum dolor sit amet, consectetur adipiscing', 13, 250, 249),
(255, TIMESTAMP '2019-10-28 19:47:12.762', TIMESTAMP '2019-10-28 19:47:12.762', 'Comment on root level. I really like this idea, but needs to be improved. 1572288432762', 18, NULL, 254),
(256, TIMESTAMP '2019-10-28 19:47:12.762', TIMESTAMP '2019-10-28 19:47:12.762', 'Reply 0 Lorem ipsum dolor sit amet, consectetur adipiscing eli', 6, 255, 254),
(257, TIMESTAMP '2019-10-28 19:47:12.762', TIMESTAMP '2019-10-28 19:47:12.762', 'Reply 1 Lorem ipsum dolor sit amet, consectetur adipiscin', 3, 255, 254),
(258, TIMESTAMP '2019-10-28 19:47:12.762', TIMESTAMP '2019-10-28 19:47:12.762', 'Reply 2 Lorem ipsum dolor sit amet, consectetur adip', 11, 255, 254),
(259, TIMESTAMP '2019-10-28 19:47:12.762', TIMESTAMP '2019-10-28 19:47:12.762', 'Reply 3 Lorem ipsum dolor sit amet, consectetur adipiscing elit, sed do eiu', 7, 255, 254),
(260, TIMESTAMP '2019-10-28 19:47:12.762', TIMESTAMP '2019-10-28 19:47:12.762', 'Reply 4 Lorem ipsum dolor sit amet, consectetur adipiscing elit, sed do eiusmod tempor incididun', 2, 255, 254),
(261, TIMESTAMP '2019-10-28 19:47:12.762', TIMESTAMP '2019-10-28 19:47:12.762', 'Reply 5 Lorem ipsum dolor sit amet, consectetur adipiscing elit, sed do eiu', 19, 255, 254),
(263, TIMESTAMP '2019-10-28 19:47:12.793', TIMESTAMP '2019-10-28 19:47:12.793', 'Comment on root level. I really like this idea, but needs to be improved. 1572288432793', 12, NULL, 262),
(264, TIMESTAMP '2019-10-28 19:47:12.793', TIMESTAMP '2019-10-28 19:47:12.793', 'Reply 0 Lorem ipsum dolor sit amet, consectetur adipiscing elit, sed do eius', 5, 263, 262);
INSERT INTO PUBLIC.COMMENTS(ID, CREATED_AT, UPDATED_AT, COMMENT, CREATED_BY_ID, PARENT_ID, PROPOSAL_ID) VALUES
(265, TIMESTAMP '2019-10-28 19:47:12.793', TIMESTAMP '2019-10-28 19:47:12.793', 'Reply 1 Lorem ipsum dolor sit amet, consectetur adipiscing elit', 17, 263, 262),
(266, TIMESTAMP '2019-10-28 19:47:12.793', TIMESTAMP '2019-10-28 19:47:12.793', 'Reply 2 Lorem ipsum do', 18, 263, 262),
(267, TIMESTAMP '2019-10-28 19:47:12.793', TIMESTAMP '2019-10-28 19:47:12.793', 'Reply 3 Lorem ipsum dolor sit a', 4, 263, 262),
(268, TIMESTAMP '2019-10-28 19:47:12.793', TIMESTAMP '2019-10-28 19:47:12.793', 'Reply 4 Lorem ipsum dolor sit amet, consectetur adipiscing elit, sed do eiusmod tempor incididu', 1, 263, 262),
(270, TIMESTAMP '2019-10-28 19:47:12.84', TIMESTAMP '2019-10-28 19:47:12.84', 'Comment on root level. I really like this idea, but needs to be improved. 1572288432840', 5, NULL, 269),
(271, TIMESTAMP '2019-10-28 19:47:12.84', TIMESTAMP '2019-10-28 19:47:12.84', 'Reply 0 Lorem ipsum dolor sit amet, consectetur adipiscing elit, sed', 1, 270, 269),
(272, TIMESTAMP '2019-10-28 19:47:12.846', TIMESTAMP '2019-10-28 19:47:12.846', 'Reply 1 Lorem ipsum dolor sit amet, consectetur adipiscing elit, sed do eiu', 14, 270, 269),
(273, TIMESTAMP '2019-10-28 19:47:12.848', TIMESTAMP '2019-10-28 19:47:12.848', 'Reply 2 Lorem ipsum', 16, 270, 269),
(274, TIMESTAMP '2019-10-28 19:47:12.848', TIMESTAMP '2019-10-28 19:47:12.848', 'Reply 3 Lorem ipsum dolor sit amet, consect', 17, 270, 269),
(276, TIMESTAMP '2019-10-28 19:47:12.887', TIMESTAMP '2019-10-28 19:47:12.887', 'Comment on root level. I really like this idea, but needs to be improved. 1572288432887', 11, NULL, 275),
(277, TIMESTAMP '2019-10-28 19:47:12.889', TIMESTAMP '2019-10-28 19:47:12.889', 'Reply 0 Lorem ipsum dolor sit amet, co', 10, 276, 275),
(278, TIMESTAMP '2019-10-28 19:47:12.889', TIMESTAMP '2019-10-28 19:47:12.889', 'Reply 1 Lorem ipsum dolor sit amet, consectetur adipiscing elit, sed do eiusmod tempor incididunt ut labore', 20, 276, 275),
(279, TIMESTAMP '2019-10-28 19:47:12.889', TIMESTAMP '2019-10-28 19:47:12.889', 'Reply 2 Lorem ipsum dolor sit amet', 1, 276, 275),
(282, TIMESTAMP '2019-10-28 19:47:12.917', TIMESTAMP '2019-10-28 19:47:12.917', 'Comment on root level. I really like this idea, but needs to be improved. 1572288432909', 7, NULL, 281),
(283, TIMESTAMP '2019-10-28 19:47:12.919', TIMESTAMP '2019-10-28 19:47:12.919', 'Reply 0 Lorem ipsum dolor sit amet, consectetur adipiscing elit, sed do eiusmod tempor ', 17, 282, 281),
(284, TIMESTAMP '2019-10-28 19:47:12.919', TIMESTAMP '2019-10-28 19:47:12.919', 'Reply 1 Lorem ipsu', 16, 282, 281),
(285, TIMESTAMP '2019-10-28 19:47:12.919', TIMESTAMP '2019-10-28 19:47:12.919', 'Reply 2 Lorem ipsum dolor sit amet, conse', 2, 282, 281),
(286, TIMESTAMP '2019-10-28 19:47:12.919', TIMESTAMP '2019-10-28 19:47:12.919', 'Reply 3 Lorem ipsum dolor sit amet, consectetur adipiscing elit, sed do eiusmod tempor incididunt ut labor', 3, 282, 281),
(287, TIMESTAMP '2019-10-28 19:47:12.919', TIMESTAMP '2019-10-28 19:47:12.919', 'Reply 4 Lorem ipsum dolor sit amet, consectetur adipiscing elit, sed do eiusmod tempor incidid', 2, 282, 281),
(288, TIMESTAMP '2019-10-28 19:47:12.927', TIMESTAMP '2019-10-28 19:47:12.927', 'Reply 5 Lorem ipsum dolor si', 5, 282, 281),
(290, TIMESTAMP '2019-10-28 19:47:12.949', TIMESTAMP '2019-10-28 19:47:12.949', 'Comment on root level. I really like this idea, but needs to be improved. 1572288432949', 10, NULL, 289),
(291, TIMESTAMP '2019-10-28 19:47:12.949', TIMESTAMP '2019-10-28 19:47:12.949', 'Reply 0 Lorem ipsum dolor sit amet, consectetur adipiscin', 5, 290, 289),
(292, TIMESTAMP '2019-10-28 19:47:12.949', TIMESTAMP '2019-10-28 19:47:12.949', 'Reply 1 Lorem ipsu', 12, 290, 289),
(293, TIMESTAMP '2019-10-28 19:47:12.949', TIMESTAMP '2019-10-28 19:47:12.949', 'Reply 2 Lorem ipsum dolor sit amet, consectetur adipiscing elit, sed do eiusmod tempor incididunt ', 19, 290, 289),
(294, TIMESTAMP '2019-10-28 19:47:12.949', TIMESTAMP '2019-10-28 19:47:12.949', 'Reply 3 Lorem ipsum dolo', 9, 290, 289),
(296, TIMESTAMP '2019-10-28 19:47:12.979', TIMESTAMP '2019-10-28 19:47:12.979', 'Comment on root level. I really like this idea, but needs to be improved. 1572288432979', 3, NULL, 295);
INSERT INTO PUBLIC.COMMENTS(ID, CREATED_AT, UPDATED_AT, COMMENT, CREATED_BY_ID, PARENT_ID, PROPOSAL_ID) VALUES
(297, TIMESTAMP '2019-10-28 19:47:12.979', TIMESTAMP '2019-10-28 19:47:12.979', 'Reply 0 Lorem ipsum dolor sit amet, cons', 17, 296, 295),
(298, TIMESTAMP '2019-10-28 19:47:12.979', TIMESTAMP '2019-10-28 19:47:12.979', 'Reply 1 Lorem ipsum dolor sit amet, consectetur adipiscing e', 7, 296, 295),
(299, TIMESTAMP '2019-10-28 19:47:12.979', TIMESTAMP '2019-10-28 19:47:12.979', 'Reply 2 Lorem ipsum dolor sit amet, consectetur adipiscing elit, sed ', 10, 296, 295),
(300, TIMESTAMP '2019-10-28 19:47:12.979', TIMESTAMP '2019-10-28 19:47:12.979', 'Reply 3 Lorem ipsum dolor sit amet, consectetur adipiscing elit, sed do eiusmod tempor incididunt ', 1, 296, 295),
(301, TIMESTAMP '2019-10-28 19:47:12.979', TIMESTAMP '2019-10-28 19:47:12.979', 'Reply 4 Lorem ipsum dolor sit amet, consectetur adipiscing elit, sed do eiusmod tempor incididunt ut labor', 13, 296, 295),
(303, TIMESTAMP '2019-10-28 19:47:13.009', TIMESTAMP '2019-10-28 19:47:13.009', 'Comment on root level. I really like this idea, but needs to be improved. 1572288433009', 16, NULL, 302),
(304, TIMESTAMP '2019-10-28 19:47:13.009', TIMESTAMP '2019-10-28 19:47:13.009', 'Reply 0 Lorem ipsum dolor sit amet, consectetur adipiscing elit, s', 3, 303, 302),
(305, TIMESTAMP '2019-10-28 19:47:13.017', TIMESTAMP '2019-10-28 19:47:13.017', 'Reply 1 Lorem ipsum dolor sit amet, consectetur ad', 19, 303, 302),
(306, TIMESTAMP '2019-10-28 19:47:13.019', TIMESTAMP '2019-10-28 19:47:13.019', 'Reply 2 Lorem ipsum dolor sit ', 3, 303, 302),
(307, TIMESTAMP '2019-10-28 19:47:13.019', TIMESTAMP '2019-10-28 19:47:13.019', 'Reply 3 Lorem ipsum dolor sit amet, consectetur adipisci', 15, 303, 302),
(308, TIMESTAMP '2019-10-28 19:47:13.019', TIMESTAMP '2019-10-28 19:47:13.019', 'Reply 4 Lorem ipsum dolor sit amet, consectetur adipiscing elit, sed do eiusmod tempor incididu', 2, 303, 302),
(310, TIMESTAMP '2019-10-28 19:47:13.108', TIMESTAMP '2019-10-28 19:47:13.108', 'Comment on root level. I really like this idea, but needs to be improved. 1572288433108', 13, NULL, 309),
(311, TIMESTAMP '2019-10-28 19:47:13.11', TIMESTAMP '2019-10-28 19:47:13.11', 'Reply 0 Lorem ipsum ', 4, 310, 309),
(312, TIMESTAMP '2019-10-28 19:47:13.11', TIMESTAMP '2019-10-28 19:47:13.11', 'Reply 1 Lorem ipsum dolor sit amet, con', 5, 310, 309),
(313, TIMESTAMP '2019-10-28 19:47:13.11', TIMESTAMP '2019-10-28 19:47:13.11', 'Reply 2 Lorem ipsum dolor sit amet, consectetur adipiscing elit, sed do eiusmod tempor incididunt ut l', 19, 310, 309),
(316, TIMESTAMP '2019-10-28 19:47:13.138', TIMESTAMP '2019-10-28 19:47:13.138', 'Comment on root level. I really like this idea, but needs to be improved. 1572288433138', 5, NULL, 315),
(317, TIMESTAMP '2019-10-28 19:47:13.14', TIMESTAMP '2019-10-28 19:47:13.14', 'Reply 0 Lorem ipsum dolor sit amet, consectetur adipiscing elit', 19, 316, 315),
(318, TIMESTAMP '2019-10-28 19:47:13.158', TIMESTAMP '2019-10-28 19:47:13.158', 'Reply 1 Lorem ipsum dolor sit amet, consectetur adipiscing elit, sed do ei', 12, 316, 315),
(319, TIMESTAMP '2019-10-28 19:47:13.158', TIMESTAMP '2019-10-28 19:47:13.158', 'Reply 2 Lorem ipsum dolor sit amet, consect', 20, 316, 315),
(320, TIMESTAMP '2019-10-28 19:47:13.158', TIMESTAMP '2019-10-28 19:47:13.158', 'Reply 3 Lorem ipsum do', 6, 316, 315),
(322, TIMESTAMP '2019-10-28 19:47:13.18', TIMESTAMP '2019-10-28 19:47:13.18', 'Comment on root level. I really like this idea, but needs to be improved. 1572288433180', 11, NULL, 321),
(323, TIMESTAMP '2019-10-28 19:47:13.18', TIMESTAMP '2019-10-28 19:47:13.18', 'Reply 0 Lorem ipsum dolor sit amet, consectetur adipiscing elit, sed do ', 4, 322, 321),
(324, TIMESTAMP '2019-10-28 19:47:13.18', TIMESTAMP '2019-10-28 19:47:13.18', 'Reply 1 Lorem ipsum dolor sit', 19, 322, 321),
(326, TIMESTAMP '2019-10-28 19:47:13.2', TIMESTAMP '2019-10-28 19:47:13.2', 'Comment on root level. I really like this idea, but needs to be improved. 1572288433200', 14, NULL, 325),
(327, TIMESTAMP '2019-10-28 19:47:13.2', TIMESTAMP '2019-10-28 19:47:13.2', 'Reply 0 Lorem ipsum dolor sit amet, consectetur adipiscing elit, sed do eiusmod tempor incididun', 10, 326, 325);
INSERT INTO PUBLIC.COMMENTS(ID, CREATED_AT, UPDATED_AT, COMMENT, CREATED_BY_ID, PARENT_ID, PROPOSAL_ID) VALUES
(328, TIMESTAMP '2019-10-28 19:47:13.208', TIMESTAMP '2019-10-28 19:47:13.208', 'Reply 1 Lorem ipsum dolor sit amet, consectetur adipiscin', 10, 326, 325),
(329, TIMESTAMP '2019-10-28 19:47:13.208', TIMESTAMP '2019-10-28 19:47:13.208', 'Reply 2 Lorem ipsum dolor sit amet, consectetur adipiscing elit, sed do eiusmod tempor incididunt u', 2, 326, 325),
(330, TIMESTAMP '2019-10-28 19:47:13.208', TIMESTAMP '2019-10-28 19:47:13.208', 'Reply 3 Lorem ipsum dolor sit amet, consectetur adipiscing elit, sed do eiusmod t', 6, 326, 325),
(331, TIMESTAMP '2019-10-28 19:47:13.21', TIMESTAMP '2019-10-28 19:47:13.21', 'Reply 4 Lorem ipsum d', 8, 326, 325),
(333, TIMESTAMP '2019-10-28 19:47:13.238', TIMESTAMP '2019-10-28 19:47:13.238', 'Comment on root level. I really like this idea, but needs to be improved. 1572288433230', 15, NULL, 332),
(334, TIMESTAMP '2019-10-28 19:47:13.238', TIMESTAMP '2019-10-28 19:47:13.238', 'Reply 0 Lorem ipsum dolor sit amet, consectetur adipiscing', 4, 333, 332),
(335, TIMESTAMP '2019-10-28 19:47:13.24', TIMESTAMP '2019-10-28 19:47:13.24', 'Reply 1 Lorem ipsum dolor sit ', 6, 333, 332),
(336, TIMESTAMP '2019-10-28 19:47:13.24', TIMESTAMP '2019-10-28 19:47:13.24', 'Reply 2 Lorem ipsum dolor sit amet, consecte', 6, 333, 332),
(337, TIMESTAMP '2019-10-28 19:47:13.24', TIMESTAMP '2019-10-28 19:47:13.24', 'Reply 3 Lorem ipsum dolor sit amet, consectetur adipiscing elit, sed do eiusmod tempor incididunt ut', 19, 333, 332),
(355, TIMESTAMP '2019-10-28 19:47:18.964', TIMESTAMP '2019-10-28 19:47:18.964', 'Comment on root level. I really like this idea, but needs to be improved. 1572288438964', 9, NULL, 354),
(356, TIMESTAMP '2019-10-28 19:47:18.964', TIMESTAMP '2019-10-28 19:47:18.964', 'Reply 0 Lorem ipsum dolor sit amet, consectetur adipiscing eli', 5, 355, 354),
(357, TIMESTAMP '2019-10-28 19:47:18.964', TIMESTAMP '2019-10-28 19:47:18.964', 'Reply 1 Lorem ipsum dolor sit amet, consectetur adipiscing elit, sed do eiusmod tem', 7, 355, 354),
(358, TIMESTAMP '2019-10-28 19:47:18.964', TIMESTAMP '2019-10-28 19:47:18.964', 'Reply 2 Lorem ipsum dolor sit amet, consectetur adipiscing elit, sed do eiusmod tempor i', 4, 355, 354),
(361, TIMESTAMP '2019-10-28 19:47:18.98', TIMESTAMP '2019-10-28 19:47:18.98', 'Comment on root level. I really like this idea, but needs to be improved. 1572288438980', 19, NULL, 360),
(362, TIMESTAMP '2019-10-28 19:47:18.98', TIMESTAMP '2019-10-28 19:47:18.98', 'Reply 0 Lorem ipsum dolor sit amet, consectetur adipiscing elit, sed do eiusmod', 17, 361, 360),
(363, TIMESTAMP '2019-10-28 19:47:18.98', TIMESTAMP '2019-10-28 19:47:18.98', 'Reply 1 Lorem ipsum dolor sit amet, conse', 19, 361, 360),
(364, TIMESTAMP '2019-10-28 19:47:18.98', TIMESTAMP '2019-10-28 19:47:18.98', 'Reply 2 Lorem ipsum dolor si', 9, 361, 360),
(365, TIMESTAMP '2019-10-28 19:47:18.98', TIMESTAMP '2019-10-28 19:47:18.98', 'Reply 3 Lorem ipsum dolor sit amet, consectetur adipiscing elit, s', 4, 361, 360),
(367, TIMESTAMP '2019-10-28 19:47:19.008', TIMESTAMP '2019-10-28 19:47:19.008', 'Comment on root level. I really like this idea, but needs to be improved. 1572288439008', 4, NULL, 366),
(368, TIMESTAMP '2019-10-28 19:47:19.008', TIMESTAMP '2019-10-28 19:47:19.008', 'Reply 0 Lorem ipsum dolor sit amet, consectetur adipiscing elit, sed do eiusmod tempor incididunt ut l', 18, 367, 366),
(369, TIMESTAMP '2019-10-28 19:47:19.008', TIMESTAMP '2019-10-28 19:47:19.008', 'Reply 1 Lorem ipsum dolor sit amet, consectetur adipiscing elit, sed do eiusmod tempor incididunt ', 6, 367, 366),
(370, TIMESTAMP '2019-10-28 19:47:19.008', TIMESTAMP '2019-10-28 19:47:19.008', 'Reply 2 Lorem ipsum dolor sit amet, consectetu', 15, 367, 366),
(371, TIMESTAMP '2019-10-28 19:47:19.008', TIMESTAMP '2019-10-28 19:47:19.008', 'Reply 3 Lorem ipsum dolor sit amet, consectetur adipiscing elit, sed d', 2, 367, 366),
(372, TIMESTAMP '2019-10-28 19:47:19.008', TIMESTAMP '2019-10-28 19:47:19.008', 'Reply 4 Lorem ipsum dolor sit amet, consectetur ', 19, 367, 366);
INSERT INTO PUBLIC.COMMENTS(ID, CREATED_AT, UPDATED_AT, COMMENT, CREATED_BY_ID, PARENT_ID, PROPOSAL_ID) VALUES
(373, TIMESTAMP '2019-10-28 19:47:19.008', TIMESTAMP '2019-10-28 19:47:19.008', 'Reply 5 Lorem ipsum dolor sit amet, consectetur adipiscing elit, sed do eiusmod tempor incididunt ut labo', 14, 367, 366),
(375, TIMESTAMP '2019-10-28 19:47:19.023', TIMESTAMP '2019-10-28 19:47:19.023', 'Comment on root level. I really like this idea, but needs to be improved. 1572288439023', 18, NULL, 374),
(376, TIMESTAMP '2019-10-28 19:47:19.023', TIMESTAMP '2019-10-28 19:47:19.023', 'Reply 0 Lorem ipsum dolor sit amet, consectetur adipiscing elit, sed', 10, 375, 374),
(377, TIMESTAMP '2019-10-28 19:47:19.039', TIMESTAMP '2019-10-28 19:47:19.039', 'Reply 1 Lorem ipsum dolor sit amet, consectetur adipiscing elit, sed do eiusmod tempor incidi', 11, 375, 374),
(378, TIMESTAMP '2019-10-28 19:47:19.039', TIMESTAMP '2019-10-28 19:47:19.039', 'Reply 2 Lorem ipsum dolor sit amet, consectetur adipiscing elit, sed do eiusmod', 9, 375, 374),
(379, TIMESTAMP '2019-10-28 19:47:19.039', TIMESTAMP '2019-10-28 19:47:19.039', 'Reply 3 Lorem ipsum dolor sit amet, consectetur adipiscing elit, sed do eiusm', 7, 375, 374),
(380, TIMESTAMP '2019-10-28 19:47:19.039', TIMESTAMP '2019-10-28 19:47:19.039', 'Reply 4 Lorem ipsum dolor sit amet, consectetur adipiscing elit, sed do eiusmod tempor incididunt ut lab', 6, 375, 374),
(381, TIMESTAMP '2019-10-28 19:47:19.039', TIMESTAMP '2019-10-28 19:47:19.039', 'Reply 5 Lorem ipsum dolor sit amet, consectetur adipiscing elit, sed ', 15, 375, 374),
(383, TIMESTAMP '2019-10-28 19:47:19.054', TIMESTAMP '2019-10-28 19:47:19.054', 'Comment on root level. I really like this idea, but needs to be improved. 1572288439054', 3, NULL, 382),
(384, TIMESTAMP '2019-10-28 19:47:19.054', TIMESTAMP '2019-10-28 19:47:19.054', 'Reply 0 Lorem ipsum dolor ', 10, 383, 382),
(385, TIMESTAMP '2019-10-28 19:47:19.07', TIMESTAMP '2019-10-28 19:47:19.07', 'Reply 1 Lorem ipsum dolor sit amet, consectetur a', 8, 383, 382),
(386, TIMESTAMP '2019-10-28 19:47:19.07', TIMESTAMP '2019-10-28 19:47:19.07', 'Reply 2 Lorem ipsum dolor sit amet, consectetur adipiscing elit, sed do eiusmod tempor incididunt ut labo', 13, 383, 382),
(387, TIMESTAMP '2019-10-28 19:47:19.108', TIMESTAMP '2019-10-28 19:47:19.108', 'Reply 3 Lorem ipsum dolor sit amet, consectetur adipiscing elit, sed do eiusmod tempor incididunt', 12, 383, 382);
CREATE MEMORY TABLE PUBLIC.COMMENTS_DOWN_VOTERS(
COMMENT_MODEL_ID BIGINT NOT NULL,
DOWN_VOTERS_ID BIGINT NOT NULL
);
ALTER TABLE PUBLIC.COMMENTS_DOWN_VOTERS ADD CONSTRAINT PUBLIC.CONSTRAINT_2 PRIMARY KEY(COMMENT_MODEL_ID, DOWN_VOTERS_ID);
-- 327 +/- SELECT COUNT(*) FROM PUBLIC.COMMENTS_DOWN_VOTERS;
INSERT INTO PUBLIC.COMMENTS_DOWN_VOTERS(COMMENT_MODEL_ID, DOWN_VOTERS_ID) VALUES
(195, 2),
(195, 14),
(195, 19),
(196, 5),
(197, 13),
(198, 14),
(199, 3),
(200, 11),
(201, 2),
(201, 6),
(201, 15),
(202, 2),
(202, 20),
(202, 3),
(202, 5),
(203, 10),
(203, 3),
(203, 12),
(207, 19),
(208, 17),
(208, 9),
(210, 14),
(211, 6),
(211, 10),
(211, 16),
(212, 17),
(213, 9),
(214, 18),
(216, 17),
(216, 14),
(216, 9),
(217, 17),
(217, 20),
(217, 15),
(217, 9),
(218, 13),
(218, 18),
(218, 17),
(218, 1),
(219, 11),
(219, 17),
(219, 1),
(219, 15),
(219, 12),
(220, 7),
(222, 11),
(222, 12),
(222, 5),
(223, 2),
(225, 4),
(225, 2),
(225, 8),
(225, 14),
(226, 6),
(226, 19),
(227, 4),
(227, 8),
(227, 20),
(227, 10),
(229, 2),
(229, 4),
(229, 6),
(229, 11),
(230, 6),
(230, 17),
(230, 18),
(230, 20),
(241, 3),
(241, 9),
(242, 20),
(242, 14),
(242, 1),
(242, 19),
(243, 14),
(243, 9),
(244, 6),
(244, 16),
(244, 5),
(245, 6),
(245, 14),
(245, 1),
(250, 17),
(250, 15),
(251, 4),
(251, 16),
(252, 14),
(252, 19),
(253, 4),
(253, 13),
(253, 17),
(253, 3),
(255, 4),
(255, 19),
(255, 12),
(257, 17),
(257, 1),
(257, 19),
(258, 8),
(258, 19),
(259, 14),
(259, 10),
(259, 16),
(259, 15),
(260, 8),
(260, 3),
(260, 9),
(261, 6),
(263, 13),
(263, 14),
(263, 10),
(263, 9),
(264, 7),
(264, 19),
(266, 13),
(266, 17),
(266, 10),
(266, 16),
(267, 10),
(268, 15),
(270, 10),
(270, 19),
(270, 15),
(270, 16),
(271, 7),
(271, 12),
(272, 2),
(272, 13),
(272, 8),
(272, 11),
(272, 20),
(272, 1),
(273, 14),
(273, 3),
(273, 16),
(273, 9),
(274, 4),
(274, 13),
(274, 11),
(274, 14),
(276, 8),
(276, 7),
(276, 15),
(276, 16),
(277, 1),
(277, 15),
(277, 16),
(278, 20),
(278, 19),
(282, 10),
(282, 12),
(283, 6),
(283, 1),
(283, 5),
(284, 17),
(284, 7),
(284, 10),
(284, 3),
(285, 5),
(285, 12),
(285, 9),
(286, 4),
(286, 11),
(286, 14),
(286, 9),
(287, 4),
(287, 6),
(287, 3),
(288, 4),
(288, 17),
(290, 11),
(290, 7),
(290, 19),
(290, 9),
(292, 13),
(292, 17),
(292, 20),
(292, 9),
(296, 8),
(296, 10),
(297, 2),
(297, 20),
(298, 6),
(298, 7),
(300, 2),
(300, 6),
(300, 10),
(300, 5),
(301, 4),
(301, 5),
(304, 9),
(305, 4),
(305, 3),
(306, 14),
(306, 7),
(306, 12),
(307, 11),
(307, 8),
(307, 7),
(307, 3),
(307, 19),
(307, 16),
(307, 5),
(308, 4),
(308, 2),
(308, 6),
(308, 15),
(311, 13),
(311, 20),
(311, 7),
(311, 12),
(312, 4),
(312, 6),
(312, 19),
(312, 9),
(313, 4),
(313, 13),
(313, 8),
(313, 14),
(316, 20),
(316, 7),
(316, 19),
(316, 5),
(317, 9),
(318, 18),
(318, 19),
(318, 16),
(319, 20),
(319, 7),
(319, 10),
(319, 3),
(319, 5),
(320, 11),
(322, 2),
(322, 9),
(323, 13),
(324, 8),
(324, 18),
(326, 12),
(326, 9),
(327, 6),
(327, 11),
(327, 19),
(328, 20),
(329, 18),
(330, 17),
(330, 20),
(330, 19),
(333, 9),
(334, 7),
(334, 1),
(334, 12),
(335, 9),
(336, 2),
(336, 11),
(336, 17),
(336, 16),
(337, 11),
(337, 10),
(355, 3),
(355, 5),
(356, 9),
(357, 8),
(358, 2),
(358, 17),
(358, 10),
(358, 1),
(358, 15),
(358, 5),
(358, 12),
(358, 9),
(361, 4),
(361, 8),
(361, 1),
(362, 11),
(362, 1),
(362, 15),
(363, 13),
(363, 6),
(363, 7),
(364, 6),
(364, 5),
(365, 13),
(365, 8),
(365, 1),
(365, 12),
(368, 2),
(368, 1),
(368, 19),
(369, 7),
(370, 4),
(370, 16),
(371, 11),
(371, 10),
(371, 5),
(372, 18),
(372, 20),
(372, 9),
(373, 12),
(377, 2),
(377, 8),
(377, 5),
(378, 4),
(378, 6),
(378, 8),
(378, 16),
(378, 9),
(379, 6),
(379, 8),
(379, 11),
(379, 1),
(379, 3),
(380, 18),
(380, 14),
(380, 12),
(381, 2),
(381, 6),
(381, 8),
(381, 1),
(381, 12),
(381, 9),
(384, 13),
(384, 14),
(384, 1),
(385, 5),
(386, 2),
(387, 19),
(387, 9);
CREATE MEMORY TABLE PUBLIC.COMMENTS_UP_VOTERS(
COMMENT_MODEL_ID BIGINT NOT NULL,
UP_VOTERS_ID BIGINT NOT NULL
);
ALTER TABLE PUBLIC.COMMENTS_UP_VOTERS ADD CONSTRAINT PUBLIC.CONSTRAINT_20 PRIMARY KEY(COMMENT_MODEL_ID, UP_VOTERS_ID);
-- 358 +/- SELECT COUNT(*) FROM PUBLIC.COMMENTS_UP_VOTERS;
INSERT INTO PUBLIC.COMMENTS_UP_VOTERS(COMMENT_MODEL_ID, UP_VOTERS_ID) VALUES
(195, 7),
(196, 18),
(196, 5),
(197, 1),
(197, 16),
(198, 15),
(199, 4),
(199, 10),
(199, 3),
(199, 5),
(200, 11),
(200, 15),
(201, 13),
(201, 18),
(201, 17),
(201, 20),
(201, 10),
(201, 1),
(202, 4),
(202, 13),
(202, 17),
(202, 3),
(202, 19),
(202, 15),
(203, 4),
(203, 7),
(203, 16),
(203, 9),
(205, 4),
(206, 4),
(206, 17),
(207, 10),
(207, 12),
(208, 4),
(208, 2),
(208, 12),
(210, 20),
(210, 10),
(210, 15),
(211, 17),
(211, 16),
(212, 2),
(212, 6),
(213, 18),
(213, 19),
(213, 16),
(214, 2),
(214, 20),
(216, 3),
(216, 16),
(217, 6),
(217, 8),
(217, 18),
(217, 14),
(217, 10),
(218, 2),
(218, 14),
(218, 10),
(218, 3),
(219, 6),
(219, 12),
(220, 4),
(220, 8),
(220, 14),
(220, 3),
(220, 15),
(221, 17),
(222, 4),
(222, 16),
(222, 9),
(223, 4),
(223, 11),
(223, 16),
(223, 9),
(225, 4),
(225, 12),
(226, 17),
(227, 13),
(227, 20),
(227, 10),
(227, 12),
(228, 18),
(228, 14),
(228, 16),
(229, 2),
(229, 11),
(229, 18),
(229, 9),
(230, 18),
(230, 1),
(230, 5),
(230, 12),
(241, 18),
(241, 1),
(241, 3),
(243, 6),
(244, 11),
(244, 10),
(245, 2),
(245, 18),
(245, 14),
(245, 19),
(245, 5),
(250, 4),
(250, 2),
(250, 3),
(250, 5),
(251, 8),
(251, 11),
(251, 17),
(251, 15),
(252, 13),
(252, 6),
(252, 16),
(252, 5),
(253, 2),
(253, 6),
(253, 14),
(255, 8),
(255, 11),
(256, 18),
(256, 19),
(258, 13),
(258, 20),
(258, 9),
(259, 2),
(259, 13),
(259, 1),
(259, 15),
(260, 20),
(260, 10),
(261, 18),
(261, 10),
(263, 11),
(263, 17),
(263, 14),
(263, 1),
(265, 8),
(265, 20),
(265, 5),
(266, 8),
(266, 17),
(266, 1),
(266, 9),
(267, 17),
(267, 18),
(267, 1),
(267, 16),
(268, 13),
(268, 18),
(268, 15),
(268, 5),
(270, 3),
(270, 16),
(270, 12),
(271, 1),
(271, 19),
(271, 16),
(272, 10),
(272, 1),
(273, 13),
(273, 15),
(273, 9),
(274, 2),
(274, 11),
(276, 10),
(277, 6),
(278, 18),
(278, 7),
(278, 3),
(278, 5),
(279, 11),
(279, 17),
(279, 5),
(282, 13),
(282, 11),
(282, 18),
(282, 14),
(282, 3),
(282, 16),
(282, 5),
(283, 6),
(283, 8),
(283, 16),
(283, 12),
(284, 2),
(284, 20),
(284, 14),
(284, 7),
(284, 10),
(284, 9),
(285, 11),
(285, 16),
(287, 1),
(287, 19),
(288, 2),
(288, 13),
(288, 20),
(290, 4),
(290, 17),
(291, 18),
(291, 20),
(292, 13),
(292, 8),
(292, 12),
(293, 11),
(293, 10),
(294, 6),
(294, 13),
(294, 11),
(294, 7),
(294, 9),
(296, 18),
(296, 16),
(297, 14),
(298, 14),
(299, 14),
(299, 3),
(299, 16),
(300, 19),
(301, 6),
(301, 16),
(303, 13),
(303, 17),
(304, 18),
(304, 1),
(304, 3),
(304, 19),
(306, 1),
(307, 7),
(308, 11),
(308, 17),
(308, 20),
(308, 14),
(308, 10),
(310, 18),
(312, 20),
(312, 16),
(312, 5),
(313, 4),
(313, 17),
(313, 20),
(313, 1),
(316, 4),
(316, 19),
(316, 5),
(316, 9),
(317, 4),
(317, 6),
(317, 13),
(317, 3),
(318, 8),
(318, 19),
(319, 6),
(319, 11),
(319, 19),
(319, 12),
(320, 13),
(320, 8),
(320, 11),
(320, 20),
(320, 9),
(322, 8),
(323, 12),
(324, 4),
(324, 7),
(324, 3),
(326, 2),
(326, 8),
(327, 11),
(327, 10),
(327, 16),
(328, 13),
(328, 7),
(328, 19),
(328, 12),
(328, 9),
(329, 14),
(329, 10),
(330, 13),
(330, 17),
(330, 19),
(330, 12),
(330, 9),
(331, 17),
(331, 19),
(331, 16),
(333, 4),
(333, 13),
(333, 18),
(333, 16),
(333, 15),
(334, 15),
(335, 17),
(335, 14),
(335, 16),
(336, 3),
(337, 11),
(337, 1),
(337, 3),
(355, 6),
(356, 20),
(357, 4),
(357, 17),
(357, 7),
(357, 19),
(361, 5),
(362, 11),
(362, 3),
(362, 19),
(362, 9),
(363, 18),
(363, 14),
(363, 3),
(364, 4),
(364, 8),
(364, 7),
(364, 19),
(365, 11),
(365, 18),
(365, 14),
(365, 1),
(367, 2),
(367, 13),
(367, 17),
(368, 1),
(368, 16),
(368, 15),
(369, 13),
(369, 11),
(369, 1),
(369, 16),
(371, 18),
(372, 8),
(372, 17),
(372, 9),
(373, 17),
(373, 9),
(376, 3),
(376, 9),
(378, 2),
(378, 16),
(378, 5),
(379, 4),
(380, 6),
(381, 6),
(381, 14),
(383, 5),
(384, 4),
(385, 13),
(385, 20),
(385, 1),
(385, 16),
(386, 6),
(386, 8),
(386, 20),
(386, 1),
(387, 18);
CREATE MEMORY TABLE PUBLIC.DELEGATIONS(
ID BIGINT NOT NULL,
CREATED_AT TIMESTAMP NOT NULL,
UPDATED_AT TIMESTAMP NOT NULL,
REQUESTED_DELEGATION_AT TIMESTAMP,
TRANSITIVE BOOLEAN NOT NULL,
AREA_ID BIGINT NOT NULL,
FROM_USER_ID BIGINT NOT NULL,
REQUESTED_DELEGATION_FROM_CHECKSUM_CHECKSUM VARCHAR(255),
TO_PROXY_ID BIGINT NOT NULL
);
ALTER TABLE PUBLIC.DELEGATIONS ADD CONSTRAINT PUBLIC.CONSTRAINT_8 PRIMARY KEY(ID);
-- 9 +/- SELECT COUNT(*) FROM PUBLIC.DELEGATIONS;
INSERT INTO PUBLIC.DELEGATIONS(ID, CREATED_AT, UPDATED_AT, REQUESTED_DELEGATION_AT, TRANSITIVE, AREA_ID, FROM_USER_ID, REQUESTED_DELEGATION_FROM_CHECKSUM_CHECKSUM, TO_PROXY_ID) VALUES
(231, TIMESTAMP '2019-10-28 19:47:07.844', TIMESTAMP '2019-10-28 19:47:07.844', NULL, TRUE, 22, 2, NULL, 1),
(232, TIMESTAMP '2019-10-28 19:47:08.455', TIMESTAMP '2019-10-28 19:47:08.455', NULL, TRUE, 22, 3, NULL, 1),
(233, TIMESTAMP '2019-10-28 19:47:09.072', TIMESTAMP '2019-10-28 19:47:09.072', NULL, TRUE, 22, 4, NULL, 1),
(234, TIMESTAMP '2019-10-28 19:47:09.558', TIMESTAMP '2019-10-28 19:47:09.558', TIMESTAMP '2019-10-28 19:47:09.558', TRUE, 22, 5, '$2a$10$1IdrGrRAN2Wp3U7QI.JIzuyzQ7rc1NUML7xdU/e6YHhZeOOqX78w2', 2),
(235, TIMESTAMP '2019-10-28 19:47:10.187', TIMESTAMP '2019-10-28 19:47:10.187', NULL, TRUE, 22, 6, NULL, 3),
(236, TIMESTAMP '2019-10-28 19:47:10.804', TIMESTAMP '2019-10-28 19:47:10.804', NULL, TRUE, 22, 7, NULL, 4),
(237, TIMESTAMP '2019-10-28 19:47:11.421', TIMESTAMP '2019-10-28 19:47:11.421', NULL, TRUE, 22, 10, NULL, 7),
(238, TIMESTAMP '2019-10-28 19:47:12.044', TIMESTAMP '2019-10-28 19:47:12.044', NULL, TRUE, 22, 11, NULL, 7),
(239, TIMESTAMP '2019-10-28 19:47:12.661', TIMESTAMP '2019-10-28 19:47:12.661', NULL, FALSE, 22, 12, NULL, 7);
CREATE MEMORY TABLE PUBLIC.KEY_VALUE(
ID BIGINT NOT NULL,
KEY_COL VARCHAR(255) NOT NULL,
VALUE_COL VARCHAR(255)
);
ALTER TABLE PUBLIC.KEY_VALUE ADD CONSTRAINT PUBLIC.CONSTRAINT_7 PRIMARY KEY(ID);
-- 3 +/- SELECT COUNT(*) FROM PUBLIC.KEY_VALUE;
INSERT INTO PUBLIC.KEY_VALUE(ID, KEY_COL, VALUE_COL) VALUES
(33, 'liquido.supporters.for.proposal', '10'),
(246, 'liquido.days.until.voting.starts', '14'),
(247, 'liquido.duration.of.voting.phase', '14');
CREATE MEMORY TABLE PUBLIC.LAWS(
ID BIGINT NOT NULL,
CREATED_AT TIMESTAMP NOT NULL,
UPDATED_AT TIMESTAMP NOT NULL,
DESCRIPTION VARCHAR(1000) NOT NULL,
REACHED_QUORUM_AT TIMESTAMP,
STATUS INTEGER NOT NULL,
TITLE VARCHAR(255) NOT NULL,
AREA_ID BIGINT NOT NULL,
CREATED_BY_ID BIGINT,
POLL_ID BIGINT
);
ALTER TABLE PUBLIC.LAWS ADD CONSTRAINT PUBLIC.CONSTRAINT_23 PRIMARY KEY(ID);
-- 188 +/- SELECT COUNT(*) FROM PUBLIC.LAWS;
INSERT INTO PUBLIC.LAWS(ID, CREATED_AT, UPDATED_AT, DESCRIPTION, REACHED_QUORUM_AT, STATUS, TITLE, AREA_ID, CREATED_BY_ID, POLL_ID) VALUES
(32, TIMESTAMP '2019-10-27 19:47:04.502', TIMESTAMP '2019-10-28 19:47:04.505', '0nEbY8hA Lorem ipsum dolor sit amet, consectetur adipiscing elit, sed do eiusmod tempor incididunt ut labore et dolore magna aliqua. Ut enim ad minim veniam, quis nostrud exercitation ullamco laboris nisi ut aliquip ex ea commodo consequat. Duis aute irure dolor in reprehenderit in voluptate velit esse cillum dolore eu fugiat nulla pariatur. Excepteur sint occaeca', NULL, 0, 'Idea 0 title from TestFixtures', 22, 10, NULL),
(34, TIMESTAMP '2019-10-26 19:47:04.574', TIMESTAMP '2019-10-27 19:47:04.574', 'zdnAkRhX Lorem ipsum dolor sit amet, consectetur adipiscing elit, sed do e', NULL, 0, 'Idea 1 that suggest that we definitely need a longer title for ideas', 23, 5, NULL),
(35, TIMESTAMP '2019-10-25 19:47:04.604', TIMESTAMP '2019-10-26 19:47:04.604', '73KW2M3L Lorem ipsum dolor sit amet, consectetur adipiscing elit, sed do eiusmod tempor incididunt ut labore et dolore ', NULL, 0, 'Idea 2 that suggest that we definitely need a longer title for ideas', 24, 11, NULL),
(36, TIMESTAMP '2019-10-24 19:47:04.612', TIMESTAMP '2019-10-25 19:47:04.612', 'bgoZgPXA Lorem ipsum dolor sit amet, consectetur adipiscing elit, sed do eiusmod tempor incididunt ut labore et dolore magna aliqua. Ut enim ad minim veniam, quis nostrud exe', NULL, 0, 'Idea 3 that suggest that we definitely need a longer title for ideas', 25, 3, NULL),
(37, TIMESTAMP '2019-10-23 19:47:04.614', TIMESTAMP '2019-10-24 19:47:04.614', 'kSCaNGZM Lorem ipsum dolor sit amet, consectetur adipiscing elit, sed do eiusmod tempor incididunt ut labore et dolore magna aliqua. Ut enim ad minim veniam, quis nostrud exer', NULL, 0, 'Idea 4 that suggest that we definitely need a longer title for ideas', 26, 15, NULL),
(38, TIMESTAMP '2019-10-22 19:47:04.644', TIMESTAMP '2019-10-23 19:47:04.644', 'NhhuqEbe Lorem ipsum dolor sit amet, consectetur adipiscing elit, sed do eiusmod tempor incididunt ut labore et dolore magna aliqua. Ut enim ad minim veniam, quis nostrud exercitation ullamco laboris nisi ut aliquip ex ea commodo consequat. Duis aute irure dolor in reprehenderit in vol', NULL, 0, 'Idea 5 that suggest that we definitely need a longer title for ideas', 27, 6, NULL),
(39, TIMESTAMP '2019-10-21 19:47:04.674', TIMESTAMP '2019-10-22 19:47:04.674', 'hh3SgsFM Lorem ipsum dolor sit amet, consectetur adipiscing elit, sed do eiusmod tempor incididunt ut labore et dolore m', NULL, 0, 'Idea 6 that suggest that we definitely need a longer title for ideas', 28, 4, NULL),
(40, TIMESTAMP '2019-10-20 19:47:04.695', TIMESTAMP '2019-10-21 19:47:04.695', 'h4PSfuVF Lorem ipsum dolor sit amet, consectetur adipiscing elit, sed do eiusmod tempor incididunt ut labore et dolore magna aliqua. Ut enim ad minim veniam, quis nostrud exercitation ullamco laboris nisi ut aliquip ex ea commodo consequat. Duis aute irure dolor in reprehenderit in voluptate velit esse cillum dolore ', NULL, 0, 'Idea 7 that suggest that we definitely need a longer title for ideas', 29, 14, NULL),
(41, TIMESTAMP '2019-10-19 19:47:04.725', TIMESTAMP '2019-10-20 19:47:04.725', 'gal0x2PA Lorem ipsum dolor sit amet, consectetur adipiscing elit, sed do eiusmod tempor incididunt ut labore et dolore magna aliqua. Ut enim ad minim veniam, quis nostrud exercitation ullamco laboris nisi ut aliquip ex ea commodo consequat. Duis aute irure dolor in reprehenderit in voluptate velit ess', NULL, 0, 'Idea 8 that suggest that we definitely need a longer title for ideas', 30, 15, NULL),
(42, TIMESTAMP '2019-10-18 19:47:04.755', TIMESTAMP '2019-10-19 19:47:04.755', 'capE3K7F Lorem ipsum dolor sit amet, consectetur adipiscing elit, sed do eiusmod tempor incididunt ut labore et dolore magna aliqua. Ut enim ad minim veniam, quis nostrud exercitation ullamco laboris nisi ut aliquip ex ea commodo consequat. Duis aute irure dolor in reprehenderit in voluptate velit esse cillum dolore eu fugiat nulla pariatur. Excepteur sint occaecat cupidatat non', NULL, 0, 'Idea 9 that suggest that we definitely need a longer title for ideas', 31, 13, NULL);
INSERT INTO PUBLIC.LAWS(ID, CREATED_AT, UPDATED_AT, DESCRIPTION, REACHED_QUORUM_AT, STATUS, TITLE, AREA_ID, CREATED_BY_ID, POLL_ID) VALUES
(43, TIMESTAMP '2019-10-17 19:47:04.755', TIMESTAMP '2019-10-18 19:47:04.755', 'trhnbGkx Lorem ipsum dolor ', NULL, 0, 'Idea 10 that suggest that we definitely need a longer title for ideas', 22, 11, NULL),
(44, TIMESTAMP '2019-10-16 19:47:04.775', TIMESTAMP '2019-10-17 19:47:04.783', 'rhOLtcxv Lorem ipsum dolor sit amet, consectetur adipiscing elit, sed do eiusmod tempor incididunt ut labore et dolore magna aliqua. Ut enim ad minim veniam, quis nostrud exercitation ullamco laboris nisi ut aliquip ex ea commodo consequat. Duis aute irure dolor in reprehenderit in voluptate veli', NULL, 0, 'Idea 11 that suggest that we definitely need a longer title for ideas', 23, 3, NULL),
(45, TIMESTAMP '2019-10-15 19:47:04.795', TIMESTAMP '2019-10-16 19:47:04.795', '2VDpfsmU L', NULL, 0, 'Idea 12 that suggest that we definitely need a longer title for ideas', 24, 12, NULL),
(46, TIMESTAMP '2019-10-14 19:47:04.815', TIMESTAMP '2019-10-15 19:47:04.815', 'ToQZMrkV Lorem ipsum dolor sit amet, consectetur adipiscing elit, sed do eiusmod tempor incididunt ut labore et dolore magna aliqua. Ut enim ad minim veniam, quis nostrud exercitation ullamco laboris nisi ut aliquip ex ea commodo consequat. Duis aute irure dolor in ', NULL, 0, 'Idea 13 that suggest that we definitely need a longer title for ideas', 25, 5, NULL),
(47, TIMESTAMP '2019-10-13 19:47:04.815', TIMESTAMP '2019-10-14 19:47:04.815', 'Q7RdwvQO Lorem ipsum dolor sit amet, consectetur adipiscing elit, sed do eiusmod tempor incididunt ut labore et dolore magna aliqua. Ut enim ad minim veniam, quis nostrud exercitation ullamco laboris nisi ut aliquip ex ea commodo consequat. Duis aute irure dolor in reprehenderit in voluptate velit esse cillum dolore eu fugiat nulla pariatur. Excepteur', NULL, 0, 'Idea 14 that suggest that we definitely need a longer title for ideas', 26, 16, NULL),
(48, TIMESTAMP '2019-10-12 19:47:04.843', TIMESTAMP '2019-10-13 19:47:04.843', 'nxtQc88N Lorem ipsum dolor sit amet, consectetur adipiscing elit, sed do eiusmod tempor incididunt ut labore et dolore magna aliqua. Ut enim ad minim veniam, quis nostrud exercitation ullamco laboris nisi ut ali', NULL, 0, 'Idea 15 that suggest that we definitely need a longer title for ideas', 27, 10, NULL),
(49, TIMESTAMP '2019-10-11 19:47:04.855', TIMESTAMP '2019-10-12 19:47:04.855', 'SzU0knLt Lorem ipsum dolor sit amet, consectetur adipiscing elit, sed do eiusmod tempor incididunt ut labore et dolore magna aliqua. Ut enim ad minim veniam, quis nostrud exercitation ullamco laboris nisi ut aliquip ex ea commodo consequat. Duis aute irure dolor in reprehenderit in voluptate velit esse cillum dolore eu fugiat nu', NULL, 0, 'Idea 16 that suggest that we definitely need a longer title for ideas', 28, 9, NULL),
(50, TIMESTAMP '2019-10-10 19:47:04.855', TIMESTAMP '2019-10-11 19:47:04.855', 'ZOQ0WZpv Lorem ipsum dolor sit amet, consectetur adipiscing elit, sed do eiusmod tempor incididunt ut labore et dolore magna aliqua. Ut enim ad minim venia', NULL, 0, 'Idea 17 that suggest that we definitely need a longer title for ideas', 29, 11, NULL),
(51, TIMESTAMP '2019-10-09 19:47:04.875', TIMESTAMP '2019-10-10 19:47:04.883', '0U9rB7DG Lorem ipsum dolor sit amet, consectetur adipiscing elit, sed do eiusmod tempor incididunt ut labore et dolore magna aliqua. Ut enim ad minim veniam, quis nostrud exercitation ullamco laboris nisi ut aliquip ex ea commodo consequat. Duis aute irure dolor in reprehenderit in voluptate velit esse cillum dolore eu fugiat nulla pariatur. Excepteur si', NULL, 0, 'Idea 18 that suggest that we definitely need a longer title for ideas', 30, 17, NULL),
(52, TIMESTAMP '2019-10-08 19:47:04.895', TIMESTAMP '2019-10-09 19:47:04.895', '7uNX8TlL Lorem ipsum dolor sit amet, consectetur adipiscing elit, sed do eiusmod tempor incididunt ut labore et dolore magna aliqua. Ut enim ad minim veniam, quis nostrud exercitation ullamco laboris nisi ut aliquip ex ea commodo consequat. Duis aute irure ', NULL, 0, 'Idea 19 that suggest that we definitely need a longer title for ideas', 31, 17, NULL);
INSERT INTO PUBLIC.LAWS(ID, CREATED_AT, UPDATED_AT, DESCRIPTION, REACHED_QUORUM_AT, STATUS, TITLE, AREA_ID, CREATED_BY_ID, POLL_ID) VALUES
(53, TIMESTAMP '2019-10-07 19:47:04.926', TIMESTAMP '2019-10-08 19:47:04.926', 'okbzkZOk Lorem ipsum dolor sit amet, consectetur adipiscing elit, sed do eiusmod tempor incididunt ut labore et dolore magna aliqua. Ut enim ad minim veniam, quis nostrud e', NULL, 0, 'Idea 20 that suggest that we definitely need a longer title for ideas', 22, 18, NULL),
(54, TIMESTAMP '2019-10-06 19:47:04.936', TIMESTAMP '2019-10-07 19:47:04.936', '2hBxmkTT Lorem ipsum dolor sit amet, consectetur adipisci', NULL, 0, 'Idea 21 that suggest that we definitely need a longer title for ideas', 23, 11, NULL),
(55, TIMESTAMP '2019-10-05 19:47:04.966', TIMESTAMP '2019-10-06 19:47:04.966', 'HFlbt2S4 Lorem ipsum dolor sit amet, consectetur adipiscing elit, sed do eiusmod tempor inc', NULL, 0, 'Idea 22 that suggest that we definitely need a longer title for ideas', 24, 6, NULL),
(56, TIMESTAMP '2019-10-04 19:47:04.974', TIMESTAMP '2019-10-05 19:47:04.974', 'szWhzlh8 Lorem ipsum dolor sit amet, consectetur adipiscing elit, sed do eiusmod tempor incididunt ut labore et dolore magna aliqua. Ut enim ad minim veniam, quis nostru', NULL, 0, 'Idea 23 that suggest that we definitely need a longer title for ideas', 25, 15, NULL),
(57, TIMESTAMP '2019-10-03 19:47:04.984', TIMESTAMP '2019-10-04 19:47:04.984', 'eOH26lUz Lorem ipsum dolor sit amet, consectetur adipiscing elit, sed d', NULL, 0, 'Idea 24 that suggest that we definitely need a longer title for ideas', 26, 5, NULL),
(58, TIMESTAMP '2019-10-02 19:47:04.999', TIMESTAMP '2019-10-03 19:47:04.999', 'EaZ24EVZ Lorem ipsum dolor sit amet, consectetur adipiscing elit, sed do eiusmod tempor incididunt ut labore et dolore magna aliqua. Ut enim ad minim veniam, quis nostrud exercitation ullamco laboris nisi ut aliquip ex ea commodo consequat. Duis aute irure dolor in reprehenderit in voluptate velit esse cill', NULL, 0, 'Idea 25 that suggest that we definitely need a longer title for ideas', 27, 8, NULL),
(59, TIMESTAMP '2019-10-01 19:47:05.015', TIMESTAMP '2019-10-02 19:47:05.015', 'GTtNT25H Lorem ipsum dolor sit amet, consectetur adi', NULL, 0, 'Idea 26 that suggest that we definitely need a longer title for ideas', 28, 4, NULL),
(60, TIMESTAMP '2019-09-30 19:47:05.031', TIMESTAMP '2019-10-01 19:47:05.031', 'H2cZFddo Lorem ipsum dolor sit amet, consectetur adipiscing elit, sed do eiusmod tempor incididunt ut labore et dolore magn', NULL, 0, 'Idea 27 that suggest that we definitely need a longer title for ideas', 29, 13, NULL),
(61, TIMESTAMP '2019-09-29 19:47:05.046', TIMESTAMP '2019-09-30 19:47:05.046', 'bGaVskW4 Lorem ipsum dolor sit amet, consectetur adipiscing elit, sed do eiusmod tempor incididunt ut labore et dolore magna aliqua. Ut enim ad minim veniam, quis nostrud exercitation ullamco laboris nisi ut aliquip ex ea commodo consequat. Duis aute irure dolor in reprehenderit in voluptate velit esse cillum dolore eu fugiat nulla pariatur. Excepteur sint occaecat cu', NULL, 0, 'Idea 28 that suggest that we definitely need a longer title for ideas', 30, 2, NULL),
(62, TIMESTAMP '2019-09-28 19:47:05.046', TIMESTAMP '2019-09-29 19:47:05.046', '7sq2A9eP Lorem ipsum dolor sit amet, consectetur adipiscing elit, sed do eiusmod tempor incididunt ut labore et dolore magna aliqua. Ut enim ad minim veniam, quis nostrud exercitation ullamco laboris nisi ut aliquip ex ea commodo consequat.', NULL, 0, 'Idea 29 that suggest that we definitely need a longer title for ideas', 31, 7, NULL),
(63, TIMESTAMP '2019-09-27 19:47:05.046', TIMESTAMP '2019-09-28 19:47:05.046', 'TTnewgLD Lorem ipsum dolor sit amet, consectetur adipiscing elit, sed do eiusmod tempor incididunt ut labore et dolore magna aliqua. Ut enim ad minim veniam, quis nostrud exercitation ullamco laboris nisi ut aliquip ex ea commodo consequat. Duis aute irure dolor in reprehenderit in voluptate velit esse cillum dolore eu fug', NULL, 0, 'Idea 30 that suggest that we definitely need a longer title for ideas', 22, 10, NULL),
(64, TIMESTAMP '2019-09-26 19:47:05.062', TIMESTAMP '2019-09-27 19:47:05.062', 'w5hTwcvh Lorem ipsum dolor sit amet, consectetur adipiscing elit, sed do eiusmod tempor incididunt ut labore et dolore magna aliqua. Ut enim ad minim veniam, quis nostrud exercitation ullamco laboris nisi ut aliquip ex ea commodo consequat. Duis aute irure dolor in reprehenderi', NULL, 0, 'Idea 31 that suggest that we definitely need a longer title for ideas', 23, 20, NULL);
INSERT INTO PUBLIC.LAWS(ID, CREATED_AT, UPDATED_AT, DESCRIPTION, REACHED_QUORUM_AT, STATUS, TITLE, AREA_ID, CREATED_BY_ID, POLL_ID) VALUES
(65, TIMESTAMP '2019-09-25 19:47:05.1', TIMESTAMP '2019-09-26 19:47:05.1', 'tYTsMAGu Lorem ipsum dolor sit amet, co', NULL, 0, 'Idea 32 that suggest that we definitely need a longer title for ideas', 24, 16, NULL),
(66, TIMESTAMP '2019-09-24 19:47:05.115', TIMESTAMP '2019-09-25 19:47:05.115', '0fskwMhc Lorem ipsum dolor sit amet, consectetur adipiscing elit, sed do eiusmod tempor incididunt ut labore et dolore magna aliqua. Ut enim ad minim veniam, quis nostrud exercitation ullamco laboris nisi ut aliquip ex ea commodo consequat. Duis aute irure dolor in reprehenderit in voluptate velit esse cillum dolore eu fugiat nulla pariatur. Excepteur sint occaecat cupidatat non proident, sunt in culpa', NULL, 0, 'Idea 33 that suggest that we definitely need a longer title for ideas', 25, 1, NULL),
(67, TIMESTAMP '2019-09-23 19:47:05.131', TIMESTAMP '2019-09-24 19:47:05.131', 'ar9ptOPO Lorem ipsum dolor sit amet, consectetur adipiscing elit, sed do eiusmod tempor incididunt ut l', NULL, 0, 'Idea 34 that suggest that we definitely need a longer title for ideas', 26, 15, NULL),
(68, TIMESTAMP '2019-09-22 19:47:05.146', TIMESTAMP '2019-09-23 19:47:05.146', 'heFM00fR Lore', NULL, 0, 'Idea 35 that suggest that we definitely need a longer title for ideas', 27, 4, NULL),
(69, TIMESTAMP '2019-09-21 19:47:05.162', TIMESTAMP '2019-09-22 19:47:05.162', '4gT2A4OD Lorem ', NULL, 0, 'Idea 36 that suggest that we definitely need a longer title for ideas', 28, 20, NULL),
(70, TIMESTAMP '2019-09-20 19:47:05.184', TIMESTAMP '2019-09-21 19:47:05.184', 't6gbueTA Lorem ipsum dolor sit amet, consectetur adipiscing elit, sed do', NULL, 0, 'Idea 37 that suggest that we definitely need a longer title for ideas', 29, 13, NULL),
(71, TIMESTAMP '2019-09-19 19:47:05.2', TIMESTAMP '2019-09-20 19:47:05.2', 'sT8aZFmV Lorem ipsum dolor sit amet, consectetur adipiscing elit, sed do eiusmod tempor incididunt ut labore et dolore magna aliqua. Ut enim ad minim veniam, quis nostrud exercitation ullamco laboris nisi ut aliquip ex ea commodo consequat. Duis aute irure dolor in reprehenderit in voluptate velit esse cillum dolore eu fugiat nulla pariatur. Excepteur sint o', NULL, 0, 'Idea 38 that suggest that we definitely need a longer title for ideas', 30, 1, NULL),
(72, TIMESTAMP '2019-09-18 19:47:05.215', TIMESTAMP '2019-09-19 19:47:05.215', 'UGgWnVUD Lorem ipsum dolor sit amet, consectetur adipiscing elit, sed do eiusmod tempor incididunt ut labore et dolore magna aliqua. Ut enim ad minim veniam, quis nostrud exercitation ullamco', NULL, 0, 'Idea 39 that suggest that we definitely need a longer title for ideas', 31, 12, NULL),
(73, TIMESTAMP '2019-09-17 19:47:05.234', TIMESTAMP '2019-09-18 19:47:05.234', '7AF7R8bY Lorem ipsum dolor sit amet, consectetur ad', NULL, 0, 'Idea 40 that suggest that we definitely need a longer title for ideas', 22, 14, NULL),
(74, TIMESTAMP '2019-09-16 19:47:05.234', TIMESTAMP '2019-09-17 19:47:05.234', '8D2x9oNu Lorem ipsum dolor sit amet, consectetur adipiscing elit, sed do eiusmod tempor incididu', NULL, 0, 'Idea 41 that suggest that we definitely need a longer title for ideas', 23, 15, NULL),
(75, TIMESTAMP '2019-09-15 19:47:05.249', TIMESTAMP '2019-09-16 19:47:05.249', 'cXkWZCyR Lorem ipsum dolor sit amet, consectetur adipiscing elit, sed ', NULL, 0, 'Idea 42 that suggest that we definitely need a longer title for ideas', 24, 19, NULL),
(76, TIMESTAMP '2019-09-14 19:47:05.265', TIMESTAMP '2019-09-15 19:47:05.265', 'q3Yf0mTM Lorem ipsum dolor sit amet, consectetur adipiscing elit, sed do eiusmod tempor incididunt ut labore et dolore magna aliqua. Ut enim ad minim veniam, quis nostrud exercitation ullamco laboris nisi ut aliquip ex ea commodo consequat. Duis aute irure dolor in rep', NULL, 0, 'Idea 43 that suggest that we definitely need a longer title for ideas', 25, 11, NULL),
(77, TIMESTAMP '2019-09-13 19:47:05.28', TIMESTAMP '2019-09-14 19:47:05.28', 'kUPqqs50 Lorem ipsum dolor sit amet, consectetur adipiscing elit, sed do eiusmod tempor incididunt ut labore et dolore magna aliqua. Ut enim ad minim veniam, quis nostrud exercitation ullamco laboris nisi ut aliquip ex ea commodo', NULL, 0, 'Idea 44 that suggest that we definitely need a longer title for ideas', 26, 1, NULL);
INSERT INTO PUBLIC.LAWS(ID, CREATED_AT, UPDATED_AT, DESCRIPTION, REACHED_QUORUM_AT, STATUS, TITLE, AREA_ID, CREATED_BY_ID, POLL_ID) VALUES
(78, TIMESTAMP '2019-09-12 19:47:05.284', TIMESTAMP '2019-09-13 19:47:05.284', '5ROf7pTR Lorem ipsum dolor sit amet, consectetur adipiscing elit, sed do eiusmod tempor incididunt ut labore et dolore magna aliqua. Ut enim ad minim veniam, quis nostrud exercitation ullamco laboris nisi ut aliquip ex ea commodo consequat. Duis aute irure dolor in reprehenderit in voluptate velit esse cillum dolo', NULL, 0, 'Idea 45 that suggest that we definitely need a longer title for ideas', 27, 18, NULL),
(79, TIMESTAMP '2019-09-11 19:47:05.284', TIMESTAMP '2019-09-12 19:47:05.284', 'NzL2pUwp Lorem ipsum dolor sit amet, consectetur adipiscing elit, sed do eiusmod tempor incididunt ut labo', NULL, 0, 'Idea 46 that suggest that we definitely need a longer title for ideas', 28, 2, NULL),
(80, TIMESTAMP '2019-09-10 19:47:05.316', TIMESTAMP '2019-09-11 19:47:05.316', 'P3xQE9uM Lorem ipsum dolor sit amet, consectetur adipiscing elit, sed do eiusmod tempor incididunt ut labore et dolore magna aliqua. Ut enim ad minim veniam, quis nostrud exe', NULL, 0, 'Idea 47 that suggest that we definitely need a longer title for ideas', 29, 9, NULL),
(81, TIMESTAMP '2019-09-09 19:47:05.316', TIMESTAMP '2019-09-10 19:47:05.316', 'o50Afbl6 Lorem ipsum dolor sit amet, consectetur adipiscing elit, sed do eiusmod tempor incididunt ut labore et d', NULL, 0, 'Idea 48 that suggest that we definitely need a longer title for ideas', 30, 19, NULL),
(82, TIMESTAMP '2019-09-08 19:47:05.331', TIMESTAMP '2019-09-09 19:47:05.331', 'xCdq4k6t Lorem ipsum dol', NULL, 0, 'Idea 49 that suggest that we definitely need a longer title for ideas', 31, 9, NULL),
(83, TIMESTAMP '2019-09-07 19:47:05.331', TIMESTAMP '2019-09-08 19:47:05.331', '5usPmWzA Lorem ipsum dolor sit amet, consectetur adipiscing elit, sed do eiusmod tempor incididunt ut labore et dolore magna aliqua. Ut enim ad minim veniam, quis nostrud exercitation ullamco laboris nisi ut ', NULL, 0, 'Idea 50 that suggest that we definitely need a longer title for ideas', 22, 12, NULL),
(84, TIMESTAMP '2019-09-06 19:47:05.347', TIMESTAMP '2019-09-07 19:47:05.347', 'bZUNQ5Na Lorem ipsum dolor sit amet, consectetur adipiscing elit, sed do eiusmod tempor incididunt ut labore et dolore magna aliqua. Ut enim ad minim veniam, quis nostrud exercitatio', NULL, 0, 'Idea 51 that suggest that we definitely need a longer title for ideas', 23, 10, NULL),
(85, TIMESTAMP '2019-09-05 19:47:05.363', TIMESTAMP '2019-09-06 19:47:05.363', 'eUY6BfqZ Lorem ipsum dolor sit amet, consectetur adipiscing elit, sed do eiusmod tempor incididunt ut labore et dolore magn', NULL, 0, 'Idea 52 that suggest that we definitely need a longer title for ideas', 24, 2, NULL),
(86, TIMESTAMP '2019-09-04 19:47:05.378', TIMESTAMP '2019-09-05 19:47:05.378', 'a7BUL5Cm Lorem ipsum dolor sit amet, consectetur adipiscing elit, sed do eiusmod tempor incididunt ut labore et dolore', NULL, 0, 'Idea 53 that suggest that we definitely need a longer title for ideas', 25, 8, NULL),
(87, TIMESTAMP '2019-09-03 19:47:05.385', TIMESTAMP '2019-09-04 19:47:05.385', 'kWcqD2gX Lorem ipsum dolor sit amet, consectetur adipiscing elit, sed do eiusmod tempor incididunt ut labore et dolore magna aliqua. Ut enim ad minim ven', NULL, 0, 'Idea 54 that suggest that we definitely need a longer title for ideas', 26, 14, NULL),
(88, TIMESTAMP '2019-09-02 19:47:05.4', TIMESTAMP '2019-09-03 19:47:05.4', 'vEfHkUu7 Lore', NULL, 0, 'Idea 55 that suggest that we definitely need a longer title for ideas', 27, 5, NULL),
(89, TIMESTAMP '2019-09-01 19:47:05.416', TIMESTAMP '2019-09-02 19:47:05.416', '2bRxxBBh Lorem ipsum dolor sit amet, consectetur adipiscing elit, sed do eiusmod tempor incididunt ut labore et dolore magna aliqua. Ut enim ad minim veniam, quis nostrud exe', NULL, 0, 'Idea 56 that suggest that we definitely need a longer title for ideas', 28, 8, NULL),
(90, TIMESTAMP '2019-08-31 19:47:05.432', TIMESTAMP '2019-09-01 19:47:05.432', '07V4urGM Lorem ipsum dolor sit amet, consectetur adipiscing elit, sed do eiusmod t', NULL, 0, 'Idea 57 that suggest that we definitely need a longer title for ideas', 29, 7, NULL);
INSERT INTO PUBLIC.LAWS(ID, CREATED_AT, UPDATED_AT, DESCRIPTION, REACHED_QUORUM_AT, STATUS, TITLE, AREA_ID, CREATED_BY_ID, POLL_ID) VALUES
(91, TIMESTAMP '2019-08-30 19:47:05.432', TIMESTAMP '2019-08-31 19:47:05.432', '84EmmbcK Lorem ipsum dolor sit amet, consectetur adipiscing elit,', NULL, 0, 'Idea 58 that suggest that we definitely need a longer title for ideas', 30, 4, NULL),
(92, TIMESTAMP '2019-08-29 19:47:05.447', TIMESTAMP '2019-08-30 19:47:05.447', 'DnPYvwS3 Lorem ipsum dolor sit amet, consectetur adipiscing elit, sed do eiusmod tempor incididunt ut labore et dolore magna aliqua. Ut enim ad minim veniam, quis nostrud exercitation ullamco laboris nisi ut aliquip ex ea commodo consequat. Duis aute irure do', NULL, 0, 'Idea 59 that suggest that we definitely need a longer title for ideas', 31, 5, NULL),
(93, TIMESTAMP '2019-08-28 19:47:05.463', TIMESTAMP '2019-08-29 19:47:05.463', 'Ce8ZQZQn Lorem ipsum dolor sit amet, consectetur adipiscing elit, sed do eiusmod tempor incididunt ut ', NULL, 0, 'Idea 60 that suggest that we definitely need a longer title for ideas', 22, 13, NULL),
(94, TIMESTAMP '2019-08-27 19:47:05.463', TIMESTAMP '2019-08-28 19:47:05.463', 'FcbQm3fu Lorem ipsum dolor sit amet, consectetur adipiscing elit, sed do eiusmod tempor incididunt ut labore et dolore magna aliqua. Ut enim ad minim veniam, quis nostrud exercitation ullamco laboris nisi ut aliquip ex ea commodo consequat. Duis aute irure dolor in reprehenderit in voluptate velit esse cillum dolore eu fugiat', NULL, 0, 'Idea 61 that suggest that we definitely need a longer title for ideas', 23, 13, NULL),
(95, TIMESTAMP '2019-08-26 19:47:05.478', TIMESTAMP '2019-08-27 19:47:05.478', 'lx0EACnz Lorem ipsum dolor sit amet, consectetur adipiscing', NULL, 0, 'Idea 62 that suggest that we definitely need a longer title for ideas', 24, 9, NULL),
(96, TIMESTAMP '2019-08-25 19:47:05.485', TIMESTAMP '2019-08-26 19:47:05.485', 'ZaQPaUYb Lorem ipsum dolor sit amet, consectetur adipiscing elit, sed do eiusmod tempor incididunt ut labore et dolore magna aliqua. Ut enim ad minim veniam, quis nostrud exercitation ullamco laboris nisi ut aliquip ex ea commodo consequat. Duis aute irure dolor in reprehenderit in voluptate velit esse cillum dolore eu fugiat nulla pariatur. Excepteur sint occaecat cupidatat', NULL, 0, 'Idea 63 that suggest that we definitely need a longer title for ideas', 25, 16, NULL),
(97, TIMESTAMP '2019-08-24 19:47:05.485', TIMESTAMP '2019-08-25 19:47:05.485', 'uZ2ZnnVe Lorem ipsum dolor sit amet', NULL, 0, 'Idea 64 that suggest that we definitely need a longer title for ideas', 26, 1, NULL),
(98, TIMESTAMP '2019-08-23 19:47:05.485', TIMESTAMP '2019-08-24 19:47:05.485', 'NqsXaek5 Lorem ipsum dolor sit amet, consectetur adipiscing elit, sed do eiusmod tempor incididunt ut labore et dolore magna aliqua. Ut enim ad minim veniam, quis nostrud exercitatio', NULL, 0, 'Idea 65 that suggest that we definitely need a longer title for ideas', 27, 3, NULL),
(99, TIMESTAMP '2019-08-22 19:47:05.501', TIMESTAMP '2019-08-23 19:47:05.501', 'Q5vDQTek Lorem ipsum dolor sit amet, consectetur adipiscing elit, sed do eiusm', NULL, 0, 'Idea 66 that suggest that we definitely need a longer title for ideas', 28, 17, NULL),
(100, TIMESTAMP '2019-08-21 19:47:05.501', TIMESTAMP '2019-08-22 19:47:05.501', 'm9kncosu Lorem ipsum dolor sit amet, consectetur adipiscing elit, sed do eiusmod te', NULL, 0, 'Idea 67 that suggest that we definitely need a longer title for ideas', 29, 4, NULL),
(101, TIMESTAMP '2019-08-20 19:47:05.516', TIMESTAMP '2019-08-21 19:47:05.516', 'kPb0EQVo Lorem ipsum dolor sit amet, consectetur adipiscing elit, sed do eiusmod tempor incididunt ut labore et dolore magna aliqua', NULL, 0, 'Idea 68 that suggest that we definitely need a longer title for ideas', 30, 6, NULL),
(102, TIMESTAMP '2019-08-19 19:47:05.532', TIMESTAMP '2019-08-20 19:47:05.532', 'qU7nVEr3 Lorem ipsum dolor sit amet, consectetur adipiscing elit, sed do eiusmod tempor incididunt ut labore et dolore magna aliqua. Ut enim ad minim veniam, quis nostrud exercitation ullamco laboris nisi ut aliquip ex ea commodo consequat. Duis aute irure dolor in rep', NULL, 0, 'Idea 69 that suggest that we definitely need a longer title for ideas', 31, 8, NULL);
INSERT INTO PUBLIC.LAWS(ID, CREATED_AT, UPDATED_AT, DESCRIPTION, REACHED_QUORUM_AT, STATUS, TITLE, AREA_ID, CREATED_BY_ID, POLL_ID) VALUES
(103, TIMESTAMP '2019-08-18 19:47:05.547', TIMESTAMP '2019-08-19 19:47:05.547', 'vdmAWwSz Lorem ipsum dolor sit amet', NULL, 0, 'Idea 70 that suggest that we definitely need a longer title for ideas', 22, 10, NULL),
(104, TIMESTAMP '2019-08-17 19:47:05.547', TIMESTAMP '2019-08-18 19:47:05.547', 'd8570Sl5 Lorem ip', NULL, 0, 'Idea 71 that suggest that we definitely need a longer title for ideas', 23, 19, NULL),
(105, TIMESTAMP '2019-08-16 19:47:05.547', TIMESTAMP '2019-08-17 19:47:05.547', '5sgN585a Lorem ipsum dolor sit amet, consectetur adipiscing elit, sed do eiusmod tempor incididunt ut labore et dolore magna aliqua. Ut enim ad minim veniam, quis nostrud exercitation ullamco laboris nisi ut aliquip ex ea commodo consequat. Duis aute irure dolor in reprehenderit in voluptate velit esse cillum dolore eu fu', NULL, 0, 'Idea 72 that suggest that we definitely need a longer title for ideas', 24, 4, NULL),
(106, TIMESTAMP '2019-08-15 19:47:05.563', TIMESTAMP '2019-08-16 19:47:05.563', '5Mq5gr63 Lorem ipsum dolor sit amet, consect', NULL, 0, 'Idea 73 that suggest that we definitely need a longer title for ideas', 25, 3, NULL),
(107, TIMESTAMP '2019-08-14 19:47:05.563', TIMESTAMP '2019-08-15 19:47:05.563', 'BwEN3GYE Lorem ipsum dolor sit amet, consectetur adipiscing elit, sed do eiusmod tempor incididunt ut labore et dolore magna aliqua. Ut enim ad minim veniam, quis nostrud exercitation ullamco laboris nisi ut aliquip ex ea commodo consequat. Duis aute irure dolor in reprehenderit in voluptate velit esse cillum dolore eu fugi', NULL, 0, 'Idea 74 that suggest that we definitely need a longer title for ideas', 26, 16, NULL),
(108, TIMESTAMP '2019-08-13 19:47:05.563', TIMESTAMP '2019-08-14 19:47:05.563', 'g6kg7kBV Lorem ipsum dolor sit amet, consectetur adipiscing elit, sed do eiusmod tempor incididunt ut labore et dolore magna aliqua. Ut enim ad mini', NULL, 0, 'Idea 75 that suggest that we definitely need a longer title for ideas', 27, 6, NULL),
(109, TIMESTAMP '2019-08-12 19:47:05.585', TIMESTAMP '2019-08-13 19:47:05.585', '8oSzCSGd Lorem ipsum dolor', NULL, 0, 'Idea 76 that suggest that we definitely need a longer title for ideas', 28, 14, NULL),
(110, TIMESTAMP '2019-08-11 19:47:05.585', TIMESTAMP '2019-08-12 19:47:05.585', 'zlBQasNM Lorem ipsum dolor sit amet, consectetur adipiscing elit, sed do eiusmod tempor incididunt ut labore et dolore magna aliqua. Ut enim ad minim veniam, quis nostrud exercitation ullamco laboris nisi ut aliquip ex ea commodo consequat. Duis aute irure dolor in reprehenderit in voluptate velit esse cillum dolo', NULL, 0, 'Idea 77 that suggest that we definitely need a longer title for ideas', 29, 12, NULL),
(111, TIMESTAMP '2019-08-10 19:47:05.601', TIMESTAMP '2019-08-11 19:47:05.601', 'DVW0pwAy Lorem ipsum dolor sit amet, consectetur adipiscing elit, sed do eiusmod tempor incididunt ut labore et dolore magna aliqua. Ut enim ad minim veniam, quis nostrud exercitation ullamco laboris nisi ', NULL, 0, 'Idea 78 that suggest that we definitely need a longer title for ideas', 30, 4, NULL),
(112, TIMESTAMP '2019-08-09 19:47:05.601', TIMESTAMP '2019-08-10 19:47:05.601', 'YWdAFODl Lorem ipsum dolor sit amet, ', NULL, 0, 'Idea 79 that suggest that we definitely need a longer title for ideas', 31, 7, NULL),
(113, TIMESTAMP '2019-08-08 19:47:05.601', TIMESTAMP '2019-08-09 19:47:05.601', 'KNKBYmyY Lorem ipsum dolo', NULL, 0, 'Idea 80 that suggest that we definitely need a longer title for ideas', 22, 1, NULL),
(114, TIMESTAMP '2019-08-07 19:47:05.616', TIMESTAMP '2019-08-08 19:47:05.616', 'L8fKtvt6 Lorem ipsum dolor sit amet, consectetur adipiscing elit, sed do eiusmod tempor incididunt ut labore et ', NULL, 0, 'Idea 81 that suggest that we definitely need a longer title for ideas', 23, 7, NULL),
(115, TIMESTAMP '2019-08-06 19:47:05.616', TIMESTAMP '2019-08-07 19:47:05.616', 'q7AoXNwo Lorem ipsum dolor sit amet, consectetur adipiscing elit, sed do eiusmod tempor incididunt ut labore et dolore magna aliqua. Ut enim ad minim veniam, quis nostrud exercitation ullamco laboris nisi ut aliquip ex ea commodo consequat. Duis aute irure dolor in reprehenderit in voluptate velit esse cillum dolore eu fugiat nulla pariatur. Excepteu', NULL, 0, 'Idea 82 that suggest that we definitely need a longer title for ideas', 24, 10, NULL);
INSERT INTO PUBLIC.LAWS(ID, CREATED_AT, UPDATED_AT, DESCRIPTION, REACHED_QUORUM_AT, STATUS, TITLE, AREA_ID, CREATED_BY_ID, POLL_ID) VALUES
(116, TIMESTAMP '2019-08-05 19:47:05.616', TIMESTAMP '2019-08-06 19:47:05.616', 'kf3hDnAe Lorem ipsum dolor sit amet, consectetur adipiscing elit, sed do eiusmod tempor incididunt ut labore et dolore magna aliqua. Ut enim ad minim veniam, quis nostrud exercitation ullamco laboris nisi ut aliquip ex ea commodo consequat. Duis aute irure dolor in reprehenderit in voluptate velit esse cillum dolore eu fugiat nulla pariatur. ', NULL, 0, 'Idea 83 that suggest that we definitely need a longer title for ideas', 25, 4, NULL),
(117, TIMESTAMP '2019-08-04 19:47:05.616', TIMESTAMP '2019-08-05 19:47:05.616', 'A2FTXDcv Lorem ipsum dolor sit amet, consectetur adipiscing elit, sed do eiusmod tempor incididunt ut labore et dolore magna aliqua. Ut enim ad minim veniam, quis nostrud exercitation ullamco laboris nisi ut aliquip ex ea commodo consequat. Duis aute irure dolor in reprehenderit in voluptate velit esse cillum dolore eu fugiat nulla pariatur. Excepteur sint occa', NULL, 0, 'Idea 84 that suggest that we definitely need a longer title for ideas', 26, 4, NULL),
(118, TIMESTAMP '2019-08-03 19:47:05.616', TIMESTAMP '2019-08-04 19:47:05.616', 'FZESvf0B Lorem ipsum dolor sit amet, consectetur adipiscing elit, sed do eiusmod tempor incididunt ut labore et dolore magna aliqua. Ut enim ad minim', NULL, 0, 'Idea 85 that suggest that we definitely need a longer title for ideas', 27, 14, NULL),
(119, TIMESTAMP '2019-08-02 19:47:05.632', TIMESTAMP '2019-08-03 19:47:05.632', 'wF4lA4wZ Lorem ipsum dolor sit amet, consectetur adipiscing eli', NULL, 0, 'Idea 86 that suggest that we definitely need a longer title for ideas', 28, 11, NULL),
(120, TIMESTAMP '2019-08-01 19:47:05.648', TIMESTAMP '2019-08-02 19:47:05.648', '7uKTtw7x Lorem ipsum dolor sit amet, consectetur adipisc', NULL, 0, 'Idea 87 that suggest that we definitely need a longer title for ideas', 29, 4, NULL),
(121, TIMESTAMP '2019-07-31 19:47:05.648', TIMESTAMP '2019-08-01 19:47:05.648', 'fYVpgpFe Lorem ipsum dolor sit amet, consecte', NULL, 0, 'Idea 88 that suggest that we definitely need a longer title for ideas', 30, 6, NULL),
(122, TIMESTAMP '2019-07-30 19:47:05.648', TIMESTAMP '2019-07-31 19:47:05.648', 'uBDVn7ry Lorem ipsum dolor sit amet, consectetur adipiscing elit, sed do eiusmod tempor incididunt ut labore et dolore magna aliqua. Ut enim ad minim veniam, quis nostrud exercitation ullamco laboris nisi ut aliquip ex ea commodo consequat. Duis aute irure dolor in reprehenderit in volu', NULL, 0, 'Idea 89 that suggest that we definitely need a longer title for ideas', 31, 20, NULL),
(123, TIMESTAMP '2019-07-29 19:47:05.663', TIMESTAMP '2019-07-30 19:47:05.663', '3DGdMEfG Lorem ipsum dolor sit amet, consectetur adipiscing elit, sed do eiusmod tempor incididunt ut labore et dolore magna aliqu', NULL, 0, 'Idea 90 that suggest that we definitely need a longer title for ideas', 22, 9, NULL),
(124, TIMESTAMP '2019-07-28 19:47:05.663', TIMESTAMP '2019-07-29 19:47:05.663', '63466nXd Lorem ipsum dolor sit amet, consectetur adipiscing elit, sed do eiusmod tempor incididunt ut labore et dolore magna aliqua. Ut enim ad minim veniam, quis nostrud exercitation ullamco labo', NULL, 0, 'Idea 91 that suggest that we definitely need a longer title for ideas', 23, 18, NULL),
(125, TIMESTAMP '2019-07-27 19:47:05.685', TIMESTAMP '2019-07-28 19:47:05.685', 'HGu49NrY Lorem ipsum dolor sit amet, consectetur adipiscing elit, s', NULL, 0, 'Idea 92 that suggest that we definitely need a longer title for ideas', 24, 2, NULL),
(126, TIMESTAMP '2019-07-26 19:47:05.685', TIMESTAMP '2019-07-27 19:47:05.685', '2GofoKG8 Lorem ipsum dolor sit amet, consectetur adipiscing elit, sed do eiusmod tempor incididunt ut labore et dolore magna aliqua. Ut enim ad minim veniam, quis nostrud exercitation ullamco laboris nisi ut aliquip ex ea commodo consequat. Duis aute irure dolor in reprehenderit in voluptate velit esse cillum dolore eu fugiat nulla pariatur. Excepteur sint occaecat cupidatat non proi', NULL, 0, 'Idea 93 that suggest that we definitely need a longer title for ideas', 25, 14, NULL);
INSERT INTO PUBLIC.LAWS(ID, CREATED_AT, UPDATED_AT, DESCRIPTION, REACHED_QUORUM_AT, STATUS, TITLE, AREA_ID, CREATED_BY_ID, POLL_ID) VALUES
(127, TIMESTAMP '2019-07-25 19:47:05.701', TIMESTAMP '2019-07-26 19:47:05.701', 'CK3UkCEY Lorem ipsum dolor sit amet, consectetur adipiscing elit, sed do eiusmod tempor incididunt ut labore et dolore magna aliqua. Ut enim ad minim veniam, quis nostrud exercitation ullamco laboris nisi ut aliquip ex ea commodo consequat. Duis aute irure dolor in reprehenderit in voluptate velit esse cillum dolore eu fugiat nulla pariatur. Excepteur sint occaecat cupidata', NULL, 0, 'Idea 94 that suggest that we definitely need a longer title for ideas', 26, 18, NULL),
(128, TIMESTAMP '2019-07-24 19:47:05.701', TIMESTAMP '2019-07-25 19:47:05.701', 'HacybUzf Lorem ipsum dolor sit amet, consectetur adipiscing elit, sed do eiusmod tempor incididunt ut labore et dolore magna aliqua. Ut enim ad minim veniam, quis nostrud exercitation ullamco laboris nisi ut aliquip ex ea commodo consequat. Duis aute irure dolor in reprehenderit in vol', NULL, 0, 'Idea 95 that suggest that we definitely need a longer title for ideas', 27, 8, NULL),
(129, TIMESTAMP '2019-07-23 19:47:05.732', TIMESTAMP '2019-07-24 19:47:05.732', 'KC6Z2cg8 Lorem ipsum dolor sit amet, consectetur adipiscing elit, sed do eiusmod tempor incididunt ut labore et dolore magna aliqua. Ut enim ad minim veniam, quis nostrud exercitation ullamco laboris nisi ut aliquip ex ea c', NULL, 0, 'Idea 96 that suggest that we definitely need a longer title for ideas', 28, 17, NULL),
(130, TIMESTAMP '2019-07-22 19:47:05.732', TIMESTAMP '2019-07-23 19:47:05.732', 'FLMrXNum Lorem ipsum dolor sit amet, consectetur adipiscing elit, sed do eiusmod tempor ', NULL, 0, 'Idea 97 that suggest that we definitely need a longer title for ideas', 29, 16, NULL),
(131, TIMESTAMP '2019-07-21 19:47:05.732', TIMESTAMP '2019-07-22 19:47:05.732', 'LlDqH4UZ Lorem ipsum dolor sit amet, consectetur adipiscing elit, sed do eiusmod tempor incididunt ut labore et dolore magna aliqua. Ut enim ad minim veniam, quis nostrud exercitation ullamco laboris nisi ut aliquip', NULL, 0, 'Idea 98 that suggest that we definitely need a longer title for ideas', 30, 7, NULL),
(132, TIMESTAMP '2019-07-20 19:47:05.732', TIMESTAMP '2019-07-21 19:47:05.732', 'kOg0zpTg Lorem ipsum dolor s', NULL, 0, 'Idea 99 that suggest that we definitely need a longer title for ideas', 31, 19, NULL),
(133, TIMESTAMP '2019-07-19 19:47:05.748', TIMESTAMP '2019-07-20 19:47:05.748', '43TM6DNe Lorem ipsum dolor sit amet, consectetur adipiscing elit, sed do eiusmod tempor incididunt ut labore et dolore magna aliqua. Ut enim ad minim veniam, quis nostrud exercitatio', NULL, 0, 'Idea 100 that suggest that we definitely need a longer title for ideas', 22, 15, NULL),
(134, TIMESTAMP '2019-07-18 19:47:05.764', TIMESTAMP '2019-07-19 19:47:05.764', '2rbgcsgt Lorem ipsum dolor sit amet, cons', NULL, 0, 'Idea 101 that suggest that we definitely need a longer title for ideas', 23, 16, NULL),
(135, TIMESTAMP '2019-07-17 19:47:05.786', TIMESTAMP '2019-07-18 19:47:05.786', 'BZC63leL Lorem ipsum dolor sit amet, consectetur adipiscing elit, s', NULL, 0, 'Idea 102 that suggest that we definitely need a longer title for ideas', 24, 8, NULL),
(136, TIMESTAMP '2019-07-16 19:47:05.786', TIMESTAMP '2019-07-17 19:47:05.786', 'fm9Sy2xT Lorem ipsum dolor sit amet, consectetur adipiscing elit, sed do eiusmod tempor incididunt ut labore et dolore magna aliqua. Ut enim ad minim veniam, q', NULL, 0, 'Idea 103 that suggest that we definitely need a longer title for ideas', 25, 14, NULL),
(137, TIMESTAMP '2019-07-15 19:47:05.786', TIMESTAMP '2019-07-16 19:47:05.786', 'eSn6UNTP Lorem ipsum dolor sit amet, consectetur adipiscing elit, sed do eiusmod tempor incididunt ut labore et dolore magna aliqua. Ut enim ad minim veniam, quis nostrud exercitation ullamco laboris nisi ut aliquip ex ea commodo consequat. Duis aute irure dolor in reprehenderit in voluptate veli', NULL, 0, 'Idea 104 that suggest that we definitely need a longer title for ideas', 26, 1, NULL),
(138, TIMESTAMP '2019-07-14 19:47:05.801', TIMESTAMP '2019-07-15 19:47:05.801', 'YePAoXev Lorem ipsum dolor sit amet, consectetur adipiscing elit, sed do eiusmod tempor incididunt ut labore et dolore magna aliqua. Ut enim ad minim veniam, quis nostrud exercitation ullamco laboris nisi ut aliquip ex ea commodo consequat. Duis aute irure dolor in reprehenderit in voluptate velit esse cillum dolore eu fugiat nulla pariatur. Excepteur sint occaec', NULL, 0, 'Idea 105 that suggest that we definitely need a longer title for ideas', 27, 12, NULL);
INSERT INTO PUBLIC.LAWS(ID, CREATED_AT, UPDATED_AT, DESCRIPTION, REACHED_QUORUM_AT, STATUS, TITLE, AREA_ID, CREATED_BY_ID, POLL_ID) VALUES
(139, TIMESTAMP '2019-07-13 19:47:05.801', TIMESTAMP '2019-07-14 19:47:05.801', 'MdOKPeYN Lorem ipsum dolor sit amet, consectetur adipiscing elit, sed do eiusmod tempor incididunt ut labore et dolore magna aliqua. Ut enim ad minim veniam, quis nostrud exercitation ullamco laboris nisi ut aliquip ex ea commodo consequat. Duis aute irure dolor in reprehenderit in voluptate velit esse cillum dolore eu fugiat nulla pariatur. Excepteur sint occaecat cupidatat non proident', NULL, 0, 'Idea 106 that suggest that we definitely need a longer title for ideas', 28, 11, NULL),
(140, TIMESTAMP '2019-07-12 19:47:05.833', TIMESTAMP '2019-07-13 19:47:05.833', 'kQVrAEds Lorem ipsum dolor sit amet, consectetur adipiscing elit, sed do eiusmod tempor incididunt ut labore et dolore magna aliqua. Ut enim ad minim veniam, quis nostrud exercitation ullamco laboris nisi ut aliquip ex ea commodo consequat. Duis aute irure dolor in reprehenderit in voluptate velit esse cillum dolore eu fugiat nulla pariatur. Excepteur sint oc', NULL, 0, 'Idea 107 that suggest that we definitely need a longer title for ideas', 29, 7, NULL),
(141, TIMESTAMP '2019-07-11 19:47:05.833', TIMESTAMP '2019-07-12 19:47:05.833', 'Qr4zCSkL Lorem ipsum ', NULL, 0, 'Idea 108 that suggest that we definitely need a longer title for ideas', 30, 1, NULL),
(142, TIMESTAMP '2019-07-10 19:47:05.848', TIMESTAMP '2019-07-11 19:47:05.848', 'MYA4nPys Lorem ipsum dolor sit amet, consectetur adipiscing elit, sed do eiusmod tempor incididunt ut labore et dolore magna aliqua. Ut enim ad minim veniam, quis nostrud exercitation ullamco laboris nisi ut aliquip ex ea commodo consequat. Duis aute irure dolor in reprehenderit in voluptate velit esse cillum dolore eu fugi', NULL, 0, 'Idea 109 that suggest that we definitely need a longer title for ideas', 31, 7, NULL),
(143, TIMESTAMP '2019-07-09 19:47:05.848', TIMESTAMP '2019-07-10 19:47:05.848', '97QXGR5h Lorem ipsum dolor sit amet, consectetur adipiscing elit, sed do eiusmod tempor incididunt ut labore et dolore magna aliqua. Ut enim ad minim veniam, quis nostrud exercitation ullamco labo', NULL, 0, 'Idea 110 that suggest that we definitely need a longer title for ideas', 22, 4, NULL),
(144, TIMESTAMP '2019-10-27 19:47:05.864', TIMESTAMP '2019-10-28 19:47:05.864', 'wZQzKEWV Lorem ipsum dolor sit amet, consectetur adipiscing elit, sed do eiusmod tempor incididunt ut labore et dol', TIMESTAMP '2019-10-28 19:47:05.864', 1, 'Proposal 0 that reached its quorum', 23, 9, NULL),
(145, TIMESTAMP '2019-10-19 19:47:05.886', TIMESTAMP '2019-10-20 19:47:05.886', 'oAgmswMQ Lorem ipsum dolor sit amet, consectetur adipiscing elit, sed do eiusmod tempor incididunt ut labore et dolore magna aliqua. Ut enim ad minim veniam, quis nostrud exercitation ullamco laboris nisi ut aliquip ex ea commodo consequat. Duis aute irure dolor in reprehenderit in voluptate velit esse cillum dolore eu fugiat', TIMESTAMP '2019-10-25 20:47:05.886', 1, 'Proposal 1 that reached its quorum', 24, 17, NULL),
(146, TIMESTAMP '2019-10-22 19:47:05.902', TIMESTAMP '2019-10-23 19:47:05.902', '8Fh64TpH Lorem ipsum dolor sit amet, consectetur adipiscing elit, sed do eiusmod tempor incididunt ut labore et dolore magna aliqua. Ut enim ad minim veniam, quis nostrud exercitation ullamco laboris nisi ut aliquip ex ea commodo consequat. Duis aute irure dolor in reprehenderit in voluptate velit esse cillum dolore eu fugiat nulla pariatur. Excep', TIMESTAMP '2019-10-26 20:47:05.902', 1, 'Proposal 2 that reached its quorum', 25, 13, NULL),
(147, TIMESTAMP '2019-10-23 19:47:05.917', TIMESTAMP '2019-10-24 19:47:05.917', 'MM9XObsB Lorem ipsum dolor sit amet, consectetur adipiscing elit, sed do eiusmod tempor incididunt ut labore et dolore magna aliqua. Ut enim ad minim veniam, quis nostrud exercitation ullamco laboris nisi ut aliquip ex ea commodo consequat. Duis aute irure dolor in reprehenderit in voluptate velit esse cillum dolore eu fugiat nulla pariatur. Excepteur sint o', TIMESTAMP '2019-10-24 20:47:05.917', 1, 'Proposal 3 that reached its quorum', 30, 4, NULL);
INSERT INTO PUBLIC.LAWS(ID, CREATED_AT, UPDATED_AT, DESCRIPTION, REACHED_QUORUM_AT, STATUS, TITLE, AREA_ID, CREATED_BY_ID, POLL_ID) VALUES
(148, TIMESTAMP '2019-10-19 19:47:05.933', TIMESTAMP '2019-10-20 19:47:05.933', 'WKzHk88X Lorem ipsum dolor sit amet, consectetur adipiscing elit, sed do eiusmod tempor incididunt ut labore et dolore magna aliqua. Ut enim ad minim veniam, quis nos', TIMESTAMP '2019-10-25 20:47:05.933', 1, 'Proposal 4 that reached its quorum', 26, 5, NULL),
(149, TIMESTAMP '2019-10-20 19:47:05.964', TIMESTAMP '2019-10-21 19:47:05.964', 'RUVflTM0 Lorem ipsum dolor sit amet, consectetur adipiscing elit, sed do eiusmod tempor incididunt ut labore et dolore mag', TIMESTAMP '2019-10-22 20:47:05.964', 1, 'Proposal 5 that reached its quorum', 29, 18, NULL),
(150, TIMESTAMP '2019-10-23 19:47:05.986', TIMESTAMP '2019-10-24 19:47:05.986', 'qNGch9om Lorem ipsum dolor sit amet, consectetur adipiscing elit, sed do eiusmod tempor incididunt ut labore et dolore magna aliqua. Ut enim ad minim veniam, quis nostrud exercitation ullamco laboris nisi ut aliquip ex ea commodo consequat. Duis aute irure dolor in reprehenderit in voluptate velit esse cillum dolore eu fugiat nulla pariatur. Excepteur sint occaecat cupidatat non proident,', TIMESTAMP '2019-10-24 20:47:05.986', 1, 'Proposal 6 that reached its quorum', 26, 13, NULL),
(151, TIMESTAMP '2019-10-21 19:47:06.033', TIMESTAMP '2019-10-22 19:47:06.033', 'zFSd4xVN Lorem ipsum dolor sit amet, consectetur adipiscing elit, sed do eiusmod tempor incididunt ut labore et dolore magna aliqua. Ut enim ad minim veniam, quis nostrud exercitat', TIMESTAMP '2019-10-28 19:47:06.017', 1, 'Proposal 7 that reached its quorum', 29, 5, NULL),
(152, TIMESTAMP '2019-10-21 19:47:06.049', TIMESTAMP '2019-10-22 19:47:06.049', 'mvDPXWss Lorem ipsum dolor sit amet, consectetur adipiscing elit, sed do eiusmod tempor incididunt ut labore et dolore magna aliqua. Ut enim ad minim veniam, quis nostrud exercitation ullamco laboris nisi ut aliquip ex ea commodo consequat. Duis aute irure dolor in reprehenderit in voluptate velit ', TIMESTAMP '2019-10-28 19:47:06.049', 1, 'Proposal 8 that reached its quorum', 24, 8, NULL),
(153, TIMESTAMP '2019-10-23 19:47:06.119', TIMESTAMP '2019-10-24 19:47:06.119', 'F0zpq4Gv Lorem ipsum dolor sit amet, consectetur adipiscing elit, sed do eiusmod tempor incididunt ut labore et dolore magna aliqua. Ut ', TIMESTAMP '2019-10-25 20:47:06.119', 1, 'Proposal 9 that reached its quorum', 22, 17, NULL),
(154, TIMESTAMP '2019-10-20 19:47:06.149', TIMESTAMP '2019-10-21 19:47:06.149', 'Mv55BnPp Lorem ipsum dolor sit amet, consectetur adipiscing elit, sed do eiusmod tempor incididunt ut labore et dolore magna aliqua. Ut enim ', TIMESTAMP '2019-10-23 20:47:06.149', 1, 'Proposal 10 that reached its quorum', 31, 7, NULL),
(155, TIMESTAMP '2019-10-28 19:47:06.199', TIMESTAMP '2019-10-28 19:47:06.199', 'sU5vumX6 Lorem ipsum dolor sit amet, consectetur adipiscing elit, sed do eiusmod tempor incididunt ut labore et dolore magna aliqua. Ut enim ad minim veniam, quis nostrud exercitation ullamco laboris nisi ut aliquip', TIMESTAMP '2019-10-28 19:47:06.189', 1, 'Proposal 11 that reached its quorum', 25, 7, NULL),
(156, TIMESTAMP '2019-10-27 19:47:06.219', TIMESTAMP '2019-10-28 19:47:06.227', 'UWQkHUL6 Lorem ipsum dolor sit amet, consectetur adipiscing elit, sed do eiusmod tempor incididunt ut labore et dolore magna aliqua. Ut enim ad minim veniam, quis nostrud exercitation ullamco laboris nisi ut aliquip ex ea commodo consequat. Duis aute irure dolor in reprehenderit in voluptate velit esse cillum dolore eu fugiat nulla pariatur. Excepteur sint occaecat cupidatat non proident', TIMESTAMP '2019-10-28 19:47:06.219', 1, 'Proposal 12 that reached its quorum', 25, 20, NULL),
(157, TIMESTAMP '2019-10-19 19:47:06.249', TIMESTAMP '2019-10-20 19:47:06.249', 'FXeA3x0x Lorem ipsum dolor sit amet, consectetur adipiscing elit, sed do eiusmod ', TIMESTAMP '2019-10-20 20:47:06.249', 1, 'Proposal 13 that reached its quorum', 30, 3, NULL),
(158, TIMESTAMP '2019-10-28 19:47:06.267', TIMESTAMP '2019-10-28 19:47:06.267', 'tng5wYF0 Lorem ipsum dolor sit amet, consectetur adipiscing elit, sed do eiusmod tempor incididunt ut labore et dolore magna aliqua. Ut enim ad mini', TIMESTAMP '2019-10-28 19:47:06.257', 1, 'Proposal 14 that reached its quorum', 24, 8, NULL);
INSERT INTO PUBLIC.LAWS(ID, CREATED_AT, UPDATED_AT, DESCRIPTION, REACHED_QUORUM_AT, STATUS, TITLE, AREA_ID, CREATED_BY_ID, POLL_ID) VALUES
(159, TIMESTAMP '2019-10-19 19:47:06.279', TIMESTAMP '2019-10-20 19:47:06.279', 'uCNYgPh0 Lorem ipsum dolor sit amet, consectetur adipiscing elit, sed do eiusmod tempor incididunt ut labore et dolore magna aliqua. Ut enim ad minim veniam, quis nostrud exercitation ullamco laboris nisi ut aliquip ex ea commodo consequat. Duis aute irure dolor in reprehenderit in voluptate velit esse cillum dolore eu f', TIMESTAMP '2019-10-22 20:47:06.279', 1, 'Proposal 15 that reached its quorum', 24, 7, NULL),
(160, TIMESTAMP '2019-10-19 19:47:06.297', TIMESTAMP '2019-10-20 19:47:06.297', 'uQsa3WHp Lorem ipsum dolor sit amet, consectetur adipiscing elit, sed do eiusmod tempor incididunt ut labore et dolore magna aliqua. ', TIMESTAMP '2019-10-20 20:47:06.289', 1, 'Proposal 16 that reached its quorum', 27, 18, NULL),
(161, TIMESTAMP '2019-10-21 19:47:06.307', TIMESTAMP '2019-10-22 19:47:06.307', 'BHhvaFok Lorem ipsum dolor sit amet, consectetur adipiscing elit, sed do eiusmod tempor incididunt ut labore et dolore magna aliqua. Ut enim ad minim ve', TIMESTAMP '2019-10-23 20:47:06.307', 1, 'Proposal 17 that reached its quorum', 25, 1, NULL),
(162, TIMESTAMP '2019-10-27 19:47:06.319', TIMESTAMP '2019-10-28 19:47:06.319', 'qNyraw45 Lorem ipsum dolor sit amet, consectetur adipiscing elit, sed do eiusmod tempor incididunt ut labore et dolor', TIMESTAMP '2019-10-28 19:47:06.319', 1, 'Proposal 18 that reached its quorum', 29, 20, NULL),
(163, TIMESTAMP '2019-10-20 19:47:06.327', TIMESTAMP '2019-10-21 19:47:06.327', 'Fd636qpT Lorem ipsum dolor sit amet, consectetur adipiscing elit, sed do eiusmod tempor incididunt ut labore et dolore magna aliqua. Ut enim ad minim veniam, quis nostrud exercitation ullamco laboris nisi ut aliquip ex ea commodo consequat. Duis aute irure dolor in reprehenderit in voluptate velit esse cillum dolore eu fugiat nulla pariatur. Excepteur sint occaecat cupi', TIMESTAMP '2019-10-27 19:47:06.327', 1, 'Proposal 19 that reached its quorum', 25, 10, NULL),
(164, TIMESTAMP '2019-10-22 19:47:06.35', TIMESTAMP '2019-10-23 19:47:06.35', 'MWogyzlX Lorem ipsum dolor sit amet, consectetur adipiscing elit, sed do eiusmod tempor incididunt ut labore et dolore magna aliqua. Ut enim ad minim veniam, quis nostrud exercitation ullamco laboris nisi ut aliquip ex ea', TIMESTAMP '2019-10-26 20:47:06.348', 1, 'Proposal 20 that reached its quorum', 31, 1, NULL),
(165, TIMESTAMP '2019-10-19 19:47:06.36', TIMESTAMP '2019-10-20 19:47:06.36', 'CDPa46Oa Lorem', TIMESTAMP '2019-10-27 19:47:06.36', 1, 'Proposal 21 that reached its quorum', 25, 6, NULL),
(166, TIMESTAMP '2019-10-19 19:47:06.378', TIMESTAMP '2019-10-20 19:47:06.38', 'VLUnuQQA Lorem ipsum ', TIMESTAMP '2019-10-22 20:47:06.37', 1, 'Proposal 22 that reached its quorum', 27, 10, NULL),
(167, TIMESTAMP '2019-10-23 19:47:06.4', TIMESTAMP '2019-10-24 19:47:06.4', 'MZo9pqbO Lorem ipsum dolor sit amet, consectetur adipiscing elit, sed do eiusmod tempor incididunt ut labore et dolore', TIMESTAMP '2019-10-28 19:47:06.4', 1, 'Proposal 23 that reached its quorum', 23, 8, NULL),
(168, TIMESTAMP '2019-10-23 19:47:06.418', TIMESTAMP '2019-10-24 19:47:06.418', 'M7DcsUTh Lorem ipsum dolor sit amet, consectetur adipiscing elit, sed do eiusmod tempor incididunt ut labore et dolore magna aliqua. Ut enim ad minim veniam, quis nostrud exercitation ullamco laboris nisi ut aliquip ex ea commodo consequat. Duis aute irure dolor in reprehenderit in voluptate velit esse cillum dolore eu fugiat nulla pariatur. Excepteur ', TIMESTAMP '2019-10-28 19:47:06.41', 1, 'Proposal 24 that reached its quorum', 31, 6, NULL),
(169, TIMESTAMP '2019-10-24 19:47:06.43', TIMESTAMP '2019-10-25 19:47:06.43', 'OkNKTXCk Lorem ipsum dolor sit amet, consectetur adipiscing elit, sed do ', TIMESTAMP '2019-10-27 19:47:06.43', 1, 'Proposal 25 that reached its quorum', 26, 9, NULL),
(170, TIMESTAMP '2019-10-22 19:47:06.45', TIMESTAMP '2019-10-23 19:47:06.45', 'P6lf3TYl Lorem ipsum dolor sit amet, consectetur adi', TIMESTAMP '2019-10-23 20:47:06.45', 1, 'Proposal 26 that reached its quorum', 28, 8, NULL);
INSERT INTO PUBLIC.LAWS(ID, CREATED_AT, UPDATED_AT, DESCRIPTION, REACHED_QUORUM_AT, STATUS, TITLE, AREA_ID, CREATED_BY_ID, POLL_ID) VALUES
(171, TIMESTAMP '2019-10-20 19:47:06.468', TIMESTAMP '2019-10-21 19:47:06.468', 'gz9PdKTf Lorem ipsum dolor sit amet, consectetur adipiscing elit, sed do eiusmod tempor incididunt ut labore et dolore magna aliqua. Ut enim ad minim veniam, quis nostrud exercitation ullamco laboris nisi ut aliquip ex ea commodo consequat. Duis aute irure dolor in reprehenderit in voluptate velit esse cillum dolore eu fugiat nulla pariatur. Excepteur sint occaecat cupidatat non proident, sunt in culp', TIMESTAMP '2019-10-22 20:47:06.468', 1, 'Proposal 27 that reached its quorum', 29, 8, NULL),
(172, TIMESTAMP '2019-10-22 19:47:06.48', TIMESTAMP '2019-10-23 19:47:06.48', 'swgPvNVY Lorem ipsum dolor sit ', TIMESTAMP '2019-10-27 19:47:06.48', 1, 'Proposal 28 that reached its quorum', 26, 17, NULL),
(173, TIMESTAMP '2019-10-28 19:47:06.5', TIMESTAMP '2019-10-28 19:47:06.5', 'KMrQ7cpX Lorem ipsum dolor sit amet, consectetur adipiscing elit', TIMESTAMP '2019-10-28 19:47:06.498', 1, 'Proposal 29 that reached its quorum', 27, 4, NULL),
(174, TIMESTAMP '2019-10-27 19:47:06.51', TIMESTAMP '2019-10-28 19:47:06.51', 'BQ8t3RYY Lorem ipsum dolor sit amet, consectetur adipiscing elit, sed do eiusmod tempor incididunt ut labore et dolore magna aliqua. Ut enim ad minim veniam, quis nostrud exercitation ullamco laboris nisi ut aliquip ex ea commodo consequat. Duis aute irure dolor in reprehenderit in voluptate velit esse cil', TIMESTAMP '2019-10-28 19:47:06.51', 1, 'Proposal 30 that reached its quorum', 29, 16, NULL),
(175, TIMESTAMP '2019-10-20 19:47:06.528', TIMESTAMP '2019-10-21 19:47:06.528', 'FV2hyz9Q Lorem ipsum dolor sit amet, consectetur adipiscing elit, sed do ei', TIMESTAMP '2019-10-23 20:47:06.52', 1, 'Proposal 31 that reached its quorum', 30, 10, NULL),
(176, TIMESTAMP '2019-10-28 19:47:06.54', TIMESTAMP '2019-10-28 19:47:06.54', 'EdsdXtwS Lorem ipsum dolor sit amet, consectetur adipiscing elit, sed do eiusmod tempor incididunt ut labore et dolore magna aliqua. Ut enim ad minim veniam, quis nostrud exercitation ullamco laboris nisi ut aliquip ex ea commodo consequat. Duis aute irure dolor in reprehenderit in voluptate velit esse cillum dolore eu fugiat nulla pariatur. Excepteur sint occaecat cupidatat non proiden', TIMESTAMP '2019-10-28 19:47:06.54', 1, 'Proposal 32 that reached its quorum', 28, 11, NULL),
(177, TIMESTAMP '2019-10-23 19:47:06.55', TIMESTAMP '2019-10-24 19:47:06.55', 'np2DDYSq Lorem ipsum dolor sit amet, consectetur adipiscing elit, sed do eiusmod tempor incididunt ut labore et dolore magna aliqua. Ut enim ad minim veniam, quis nostrud exercitation ullamco laboris nisi ut aliquip ex ea commodo ', TIMESTAMP '2019-10-24 20:47:06.55', 1, 'Proposal 33 that reached its quorum', 24, 5, NULL),
(178, TIMESTAMP '2019-10-24 19:47:06.57', TIMESTAMP '2019-10-25 19:47:06.57', 'BsbsOkPc Lorem ipsum dolor sit amet, consectetur adipiscing elit, sed do eiusmod tempor incididunt ut labore et dolore magna aliqua. Ut enim ad minim veniam, quis nostrud ex', TIMESTAMP '2019-10-27 19:47:06.568', 1, 'Proposal 34 that reached its quorum', 23, 4, NULL),
(179, TIMESTAMP '2019-10-20 19:47:06.579', TIMESTAMP '2019-10-21 19:47:06.579', 'DAXmB5Hp Lorem ipsum dolor sit amet, consectetur adipiscing elit, sed do ', TIMESTAMP '2019-10-28 19:47:06.579', 1, 'Proposal 35 that reached its quorum', 31, 15, NULL),
(180, TIMESTAMP '2019-10-21 19:47:06.591', TIMESTAMP '2019-10-22 19:47:06.591', 'R5ukPwHP Lorem ipsum dolor sit amet, consectetur adipiscing elit, sed do eiusmod tempor incididunt ut labore et dolore magna aliqua. Ut enim ad minim veniam, quis nostrud exercitation ullamco laboris nisi ut aliquip ex ea commodo consequat.', TIMESTAMP '2019-10-22 20:47:06.591', 1, 'Proposal 36 that reached its quorum', 23, 19, NULL),
(181, TIMESTAMP '2019-10-27 19:47:06.621', TIMESTAMP '2019-10-28 19:47:06.621', 'UlHvmlAo Lorem ipsum dolor sit amet, consectetur adipiscing elit, sed do eiusmod', TIMESTAMP '2019-10-28 19:47:06.621', 1, 'Proposal 37 that reached its quorum', 28, 20, NULL);
INSERT INTO PUBLIC.LAWS(ID, CREATED_AT, UPDATED_AT, DESCRIPTION, REACHED_QUORUM_AT, STATUS, TITLE, AREA_ID, CREATED_BY_ID, POLL_ID) VALUES
(182, TIMESTAMP '2019-10-25 19:47:06.641', TIMESTAMP '2019-10-26 19:47:06.641', 'VsNyNwek Lorem ipsum dolor sit amet, consectetur adipiscing elit, sed do eiusmod tempor incididunt ut labore et dolore magna aliqua. Ut enim ad minim veniam, quis nostrud exercitation ullamco laboris nisi ut aliquip ex ea commodo consequat. Duis aute irure dolor in reprehenderit in voluptate velit esse cillum', TIMESTAMP '2019-10-27 19:47:06.639', 1, 'Proposal 38 that reached its quorum', 30, 6, NULL),
(183, TIMESTAMP '2019-10-22 19:47:06.661', TIMESTAMP '2019-10-23 19:47:06.661', 'tDQMbwpx Lorem ipsum dolor sit amet, consectetur adipiscing elit, sed do eiusmod tempor incididunt ut labore et dolore magna aliqua. Ut enim ad minim veniam, quis nostrud exercitation ullamco laboris nisi ut aliquip ex ea commodo consequat. Duis aute irure dolor in reprehenderi', TIMESTAMP '2019-10-26 20:47:06.661', 1, 'Proposal 39 that reached its quorum', 23, 14, NULL),
(184, TIMESTAMP '2019-10-27 19:47:06.701', TIMESTAMP '2019-10-28 19:47:06.701', 'sMLMsnWZ Lorem ipsum dolor sit amet, consectetur adipiscing elit, sed do eiusmod tempor incididunt ut labore et dolore magna aliqua. Ut enim ad minim veniam, quis nostrud exercitation ullamco laboris nisi ut aliquip ex ea commodo consequat. Duis aute irure dolor in reprehenderit in voluptate velit esse cillum dolore eu fugiat nulla pariatur. Excepteur sint occaecat cupidatat non proid', TIMESTAMP '2019-10-28 19:47:06.701', 1, 'Proposal 40 that reached its quorum', 26, 12, NULL),
(185, TIMESTAMP '2019-10-23 19:47:06.711', TIMESTAMP '2019-10-24 19:47:06.711', '5O7fXkdv Lorem ipsum dolor sit amet, consectetur adipiscing elit, sed do eiusmod tempor incididunt ut labore et dolore magna aliqua. Ut enim ad minim veniam, quis nostrud exercitation ullamco laboris nisi ut aliquip ex ea commodo consequat. Duis aute irure dolo', TIMESTAMP '2019-10-28 19:47:06.711', 1, 'Proposal 41 that reached its quorum', 25, 6, NULL),
(186, TIMESTAMP '2019-10-19 19:47:06.731', TIMESTAMP '2019-10-20 19:47:06.731', 'ZVbMrl4Y Lorem ipsum dolor sit amet, consectetur adipiscing elit, ', TIMESTAMP '2019-10-22 20:47:06.729', 1, 'Proposal 42 that reached its quorum', 25, 18, NULL),
(187, TIMESTAMP '2019-10-26 19:47:06.741', TIMESTAMP '2019-10-27 19:47:06.741', 'cVGwYvbW Lorem ipsum dolor sit amet, consectetur adipiscing elit, sed do eiusmod tempor incididunt ut labore et dolore magna aliqua. Ut enim ad minim veniam, quis nostrud exercitation ullamco laboris nisi ut aliquip ex ea commodo consequat. Duis aute irure dolor in reprehenderit in voluptate velit esse cillum dolore eu fugiat nulla', TIMESTAMP '2019-10-27 19:47:06.741', 1, 'Proposal 43 that reached its quorum', 26, 16, NULL),
(188, TIMESTAMP '2019-10-28 19:47:06.751', TIMESTAMP '2019-10-28 19:47:06.751', 'wE59FQWY Lorem ipsum dolor sit amet, consectetur adipiscing elit, sed do eiusmod tempor incididunt ut labore et dolore magna aliqua. Ut enim ad minim veniam, quis nostrud exercitation ullamco laboris nisi ut aliquip ex ea commodo consequat. Duis aute irure dolor in reprehende', TIMESTAMP '2019-10-28 19:47:06.751', 1, 'Proposal 44 that reached its quorum', 28, 5, NULL),
(189, TIMESTAMP '2019-10-20 19:47:06.761', TIMESTAMP '2019-10-21 19:47:06.761', 'zXwxUDWL Lorem ipsum dolor sit amet, consectetur adipiscing elit, sed do eiusmod tempor incididunt ut labore et ', TIMESTAMP '2019-10-27 19:47:06.761', 1, 'Proposal 45 that reached its quorum', 25, 5, NULL),
(190, TIMESTAMP '2019-10-28 19:47:06.771', TIMESTAMP '2019-10-28 19:47:06.771', 'OK0sYQRu Lorem ipsum dolor sit amet, consectetur adipiscing elit, sed do eiusmod tempor incididunt ut labore et dolore magna aliqua. Ut enim ad minim veniam, quis nostrud exercitation ullamco laboris nisi ut aliquip ex ea commodo consequat. Duis aute irure dolor in reprehenderit in voluptate velit esse cillum dolore eu fugiat nulla pariatur. Excepteur sint occaecat cupidatat non proident, sunt ', TIMESTAMP '2019-10-28 19:47:06.771', 1, 'Proposal 46 that reached its quorum', 24, 19, NULL);
INSERT INTO PUBLIC.LAWS(ID, CREATED_AT, UPDATED_AT, DESCRIPTION, REACHED_QUORUM_AT, STATUS, TITLE, AREA_ID, CREATED_BY_ID, POLL_ID) VALUES
(191, TIMESTAMP '2019-10-22 19:47:06.781', TIMESTAMP '2019-10-23 19:47:06.781', 'ZxweFonZ Lorem ipsum dolor sit amet, consectetur adipiscing elit, sed do eiusmod tempor incididunt ut labore et dolore magna aliqua. Ut enim ad minim veniam, quis nostrud exercitation ullamco laboris nisi ut aliquip ex ea commodo consequat. Duis aute irure dolor in reprehenderit in voluptate velit esse cillum dolore eu fugiat nulla pariatu', TIMESTAMP '2019-10-23 20:47:06.781', 1, 'Proposal 47 that reached its quorum', 25, 18, NULL),
(192, TIMESTAMP '2019-10-20 19:47:06.801', TIMESTAMP '2019-10-21 19:47:06.801', 'xef6yEml Lorem ipsum dolor sit amet, consectetur adipiscing elit, sed do eiusmod tempor incididunt ut labore et dolore magna aliqu', TIMESTAMP '2019-10-28 19:47:06.799', 1, 'Proposal 48 that reached its quorum', 23, 14, NULL),
(193, TIMESTAMP '2019-10-24 19:47:06.812', TIMESTAMP '2019-10-25 19:47:06.812', 'cavfHutt Lorem ipsum ', TIMESTAMP '2019-10-25 20:47:06.812', 1, 'Proposal 49 that reached its quorum', 22, 12, NULL),
(194, TIMESTAMP '2019-10-23 20:47:06.832', TIMESTAMP '2019-10-28 19:47:06.872', 'Lorem ipsum dolor sit amet, consectetur adipiscing elit, sed do eiusmod tempor incididunt ut labore et dolore magna aliqua. Ut enim ad minim veniam, quis nostrud exercitation ullamco laboris nisi ut aliquip ex ea commodo consequat.', TIMESTAMP '2019-10-24 20:47:06.832', 1, 'Proposal 0 for user testuser1@liquido.de', 22, 1, NULL),
(204, TIMESTAMP '2019-10-21 20:47:06.892', TIMESTAMP '2019-10-28 19:47:06.91', 'Lorem ipsum dolor sit amet, consectetur adipiscing elit, sed do eiusmod tempor incididunt ut labore et dolore magna aliqua. Ut enim ad minim veniam, quis nostrud exercitation ull', TIMESTAMP '2019-10-22 20:47:06.892', 1, 'Proposal 1 for user testuser1@liquido.de', 26, 1, NULL),
(209, TIMESTAMP '2019-10-24 20:47:06.932', TIMESTAMP '2019-10-28 19:47:06.942', 'Lorem ipsum dolor sit amet, consectetur adipiscing elit, sed do eiusmod tempor incididunt ut labore et dolore magna aliqua. Ut enim ad minim veniam, qui', TIMESTAMP '2019-10-27 19:47:06.93', 1, 'Proposal 2 for user testuser1@liquido.de', 29, 1, NULL),
(215, TIMESTAMP '2019-10-24 20:47:06.97', TIMESTAMP '2019-10-28 19:47:06.99', 'Lorem ipsum dolor sit amet, consectetur adipiscing elit, sed do eiusmod tempor incididunt ut labore et dolore magna aliqua. Ut enim ad minim veniam, quis nostrud exercitation ullamco laboris n', TIMESTAMP '2019-10-26 20:47:06.962', 1, 'Proposal 3 for user testuser1@liquido.de', 30, 1, NULL),
(224, TIMESTAMP '2019-10-26 20:47:07.043', TIMESTAMP '2019-10-28 19:47:07.063', 'Lorem ipsum dolor sit amet, consectetur adipiscing elit, sed do eiusmod tempor incididunt ut labore et dolore magna aliqua. Ut enim ad minim veniam, quis nostrud exercitation ullamco laboris nisi ut aliquip ex ea commodo consequat. Duis aute irure dolor in reprehenderit in voluptate velit esse cillum dolore eu fugiat nulla pariatur. Excepteur sint oc', TIMESTAMP '2019-10-27 19:47:07.043', 1, 'Proposal 4 for user testuser1@liquido.de', 26, 1, NULL),
(240, TIMESTAMP '2019-10-18 20:47:12.677', TIMESTAMP '2019-10-28 19:47:12.708', 'Lorem ipsum dolor sit amet, consectetur adipiscing elit, sed do eiusmod tempor incididunt ut labore et dolore magna aliqua. Ut enim ad minim veniam, quis nostrud exercitation ullamco laboris nisi ut aliquip ex ea commodo consequat. Duis aute irure dolor in reprehenderit in voluptate velit esse cillum dolore eu ', TIMESTAMP '2019-10-21 20:47:12.677', 2, 'Initial Proposal in a poll that is in elaboration 1572288432661', 22, 13, 248),
(249, TIMESTAMP '2019-10-08 20:47:12.724', TIMESTAMP '2019-10-28 19:47:12.746', 'Lorem ipsum dolor sit amet, consectetur adipiscing elit, sed do eiusmod tempor incididunt ut labore et dolore magna aliqua. Ut enim ad minim veniam, quis nostrud exercitation ullamco laboris nisi ut aliquip ex ea commodo consequat. Duis aute irure dolor in reprehenderit in voluptate velit esse cillum dolore eu fugiat nulla pariatur. Excepteur si', TIMESTAMP '2019-10-10 20:47:12.724', 2, 'Alternative Proposal1 in a poll that is in elaboration1572288432708', 22, 15, 248);
INSERT INTO PUBLIC.LAWS(ID, CREATED_AT, UPDATED_AT, DESCRIPTION, REACHED_QUORUM_AT, STATUS, TITLE, AREA_ID, CREATED_BY_ID, POLL_ID) VALUES
(254, TIMESTAMP '2019-10-08 20:47:12.762', TIMESTAMP '2019-10-28 19:47:12.777', 'Lorem ipsum dolor sit amet, consectetur adipiscing elit, sed do eiusmod tempor incididunt ut labore et dolore magna aliqua. Ut enim ad minim veniam, quis nostrud exercitation ullamco laboris nisi ut aliquip ex ea commodo consequat. Duis aute irure dolor in reprehenderit in voluptate velit esse cill', TIMESTAMP '2019-10-10 20:47:12.762', 2, 'Alternative Proposal2 in a poll that is in elaboration1572288432746', 22, 7, 248),
(262, TIMESTAMP '2019-10-08 20:47:12.793', TIMESTAMP '2019-10-28 19:47:12.824', 'Lorem ipsum dolor sit amet, consectetur adipiscing elit, sed do eiusmod tempor incididunt ut labore et dolore magna aliqua. Ut enim ad minim veniam, quis nostrud exercitation ullamco laboris nisi ut aliquip ex ea commodo consequat. Duis aute irure dolor in reprehenderit in voluptate velit esse cillum dolore eu fugiat nulla pariatur. Excepteur sint occaecat cupidatat non proident', TIMESTAMP '2019-10-10 20:47:12.793', 2, 'Alternative Proposal3 in a poll that is in elaboration1572288432777', 22, 3, 248),
(269, TIMESTAMP '2019-10-08 20:47:12.84', TIMESTAMP '2019-10-28 19:47:12.868', 'Lorem ipsum dolor sit amet, consectetur adipiscing elit, sed do eiusmod tempor incididunt ut labore et dolore magna aliqua. Ut enim ad minim veniam, quis nostrud exercitation ullamco laboris nisi ut aliquip ex ea commodo consequat. Duis aute irure dolor in reprehe', TIMESTAMP '2019-10-10 20:47:12.824', 2, 'Alternative Proposal4 in a poll that is in elaboration1572288432824', 22, 5, 248),
(275, TIMESTAMP '2019-10-18 20:47:12.887', TIMESTAMP '2019-10-28 19:47:13.087', 'Lorem ipsum dolor sit amet, consectetur adipiscing elit, sed do eiusmod tempor incididunt ut labore et dolore magna aliqua. Ut enim ad minim veniam, quis nostrud exercitation ullamco laboris nisi ut aliquip ex ea commodo consequat. Duis aute irure dolor in reprehenderit in voluptate velit esse cillum dolore eu fugiat nulla pariatur. Excepteur sint occaecat cupidatat non proident, sunt in culpa qu', TIMESTAMP '2019-10-21 20:47:12.879', 3, 'Proposal 5 in voting phase 1572288433039', 22, 13, 280),
(281, TIMESTAMP '2019-10-08 20:47:12.909', TIMESTAMP '2019-10-28 19:47:13.089', 'Lorem ipsum dolor sit amet, consectetur adipiscing elit, sed do eiusmod tempor incididunt ut labore et dolore magna aliqua. Ut enim ad minim veniam, quis nostrud exercitation ullamco laboris nisi ut aliquip ex ea commodo consequat. Duis aute irure dolor in reprehenderit in voluptate velit esse cillum dolore eu fugiat nulla pariatur. Excepteur sint occaecat cupidatat no', TIMESTAMP '2019-10-10 20:47:12.909', 3, 'Proposal 4 in voting phase 1572288433039', 22, 15, 280),
(289, TIMESTAMP '2019-10-08 20:47:12.949', TIMESTAMP '2019-10-28 19:47:13.089', 'Lorem ipsum dolor sit amet, consectetur adipiscing elit, sed do eiusmod tempor incididunt ut labore et dolore magna aliqua. Ut enim ad minim veniam, quis nostrud exercitation ', TIMESTAMP '2019-10-10 20:47:12.947', 3, 'Proposal 3 in voting phase 1572288433039', 22, 7, 280),
(295, TIMESTAMP '2019-10-08 20:47:12.979', TIMESTAMP '2019-10-28 19:47:13.089', 'Lorem ipsum dolor sit amet, consectetur adipiscing elit, sed do eiusmod tempor incididunt ut labore et dolore magna aliqua. Ut enim ad minim veniam, quis nostrud exercitation ullamco lab', TIMESTAMP '2019-10-10 20:47:12.977', 3, 'Proposal 2 in voting phase 1572288433039', 22, 3, 280),
(302, TIMESTAMP '2019-10-08 20:47:13.009', TIMESTAMP '2019-10-28 19:47:13.089', 'Lorem ipsum dolor sit amet, consectetur adipiscing elit, sed do eiusmod tempor incididunt ut labore et dol', TIMESTAMP '2019-10-10 20:47:13.009', 3, 'Proposal 1 in voting phase 1572288433039', 22, 5, 280),
(309, TIMESTAMP '2019-10-18 20:47:13.108', TIMESTAMP '2019-10-28 19:47:13.29', 'Lorem ipsum dolor sit amet, consectetur adipiscing elit, sed do eiusmod tempor incididunt ut labore et dolore magna aliqua. Ut enim ad minim veniam, quis nostrud exercitation ', TIMESTAMP '2019-10-21 20:47:13.099', 3, 'Proposal 5 in voting phase 1572288433260', 22, 13, 314);
INSERT INTO PUBLIC.LAWS(ID, CREATED_AT, UPDATED_AT, DESCRIPTION, REACHED_QUORUM_AT, STATUS, TITLE, AREA_ID, CREATED_BY_ID, POLL_ID) VALUES
(315, TIMESTAMP '2019-10-08 20:47:13.138', TIMESTAMP '2019-10-28 19:47:13.29', 'Lorem ipsum dolor sit amet, consectetur adipiscing elit, sed do eiusmod tempor incididunt ut labore et dolore magna aliqua. Ut enim ad minim veniam, quis nostrud exercitation ullamco laboris nisi ut aliquip ex ea commodo consequat. Duis aute irure dolor in reprehenderit in v', TIMESTAMP '2019-10-10 20:47:13.13', 3, 'Proposal 4 in voting phase 1572288433260', 22, 15, 314),
(321, TIMESTAMP '2019-10-08 20:47:13.18', TIMESTAMP '2019-10-28 19:47:13.29', 'Lorem ipsum dolor sit amet, consectetur adipiscing elit, sed do eiusmod tempor incididunt ut labore et dolore magna aliqua. Ut enim ad minim veniam, quis nostrud exercitation ullamco laboris nisi ut aliquip ex ea commodo consequat. Duis aute irure dolor in reprehenderit in voluptate velit esse cillum dolore eu fugiat nulla pariatur. Excepteur sint occaecat cupidatat non proident, sunt in c', TIMESTAMP '2019-10-10 20:47:13.18', 3, 'Proposal 3 in voting phase 1572288433260', 22, 7, 314),
(325, TIMESTAMP '2019-10-08 20:47:13.2', TIMESTAMP '2019-10-28 19:47:13.29', 'Lorem ipsum dolor sit amet, consectetur adipiscing elit, sed do eiusmod tempor incididunt ut labore et dolore magna aliqua. Ut enim ad minim veniam, quis nostrud exercitation ullamco laboris nisi ut aliquip ex ea commodo consequat. Duis aute irure dolor in reprehenderit in voluptate velit esse cillum dolore eu fugiat nulla pariatur. Excepteur sint occae', TIMESTAMP '2019-10-10 20:47:13.2', 3, 'Proposal 2 in voting phase 1572288433260', 22, 3, 314),
(332, TIMESTAMP '2019-10-08 20:47:13.23', TIMESTAMP '2019-10-28 19:47:13.29', 'Lorem ipsum dolor sit amet, consectetur adipiscing elit, sed do eiusmod tempor incididunt ut labore et dolore magna aliqua. Ut enim ad minim veniam, quis ', TIMESTAMP '2019-10-10 20:47:13.23', 3, 'Proposal 1 in voting phase 1572288433260', 22, 5, 314),
(354, TIMESTAMP '2019-10-18 20:47:18.964', TIMESTAMP '2019-10-28 19:47:22.85', 'Lorem ipsum dolor sit amet, consectetur adipiscing elit, sed do eiusmod tempor incididunt ut labore et dolore magna aliqua. Ut enim ad minim veniam, quis no', TIMESTAMP '2019-10-21 20:47:18.949', 5, 'Proposal 5 in voting phase 1572288439123', 22, 13, 359),
(360, TIMESTAMP '2019-10-08 20:47:18.98', TIMESTAMP '2019-10-28 19:47:22.85', 'Lorem ipsum dolor sit amet, consectetur adipiscing elit, sed do eiusmod tempor incididunt ut labore et dolore magna aliqua. Ut enim ad', TIMESTAMP '2019-10-10 20:47:18.98', 5, 'Proposal 4 in voting phase 1572288439123', 22, 15, 359),
(366, TIMESTAMP '2019-10-08 20:47:19.008', TIMESTAMP '2019-10-28 19:47:22.85', 'Lorem ipsum dolor sit amet, consectetur adipiscing elit, sed do eiusmod tempor incididunt ut labore et dolore magna aliqua. Ut enim ad minim veniam, quis nostrud exercitation ullamco laboris nisi ut aliquip ex ea commodo consequat. Duis aute irure dolor in reprehenderit in voluptate velit esse cillum dolore eu fugiat nulla pariatur. Excepte', TIMESTAMP '2019-10-10 20:47:19.008', 5, 'Proposal 3 in voting phase 1572288439123', 22, 7, 359),
(374, TIMESTAMP '2019-10-08 20:47:19.023', TIMESTAMP '2019-10-28 19:47:22.85', 'Lorem ipsum dolor sit amet, consectetur adipiscing elit, sed do eiusmod tempor incididunt ut labore et dolore magna aliqua. Ut enim ad minim veniam, quis nostrud exercitation ullamco laboris nisi ut aliquip ex ea commodo consequat. Duis aute irure dolor in reprehende', TIMESTAMP '2019-10-10 20:47:19.023', 5, 'Proposal 2 in voting phase 1572288439123', 22, 3, 359),
(382, TIMESTAMP '2019-10-08 20:47:19.054', TIMESTAMP '2019-10-28 19:47:22.865', 'Lorem ipsum dolor sit amet, consectetur adipiscing elit, sed do eiusmod tempor incididunt ut labore et dolore magna aliqua. Ut enim ad minim veniam, quis nostrud exercitation ullamco laboris nisi ut aliquip ex e', TIMESTAMP '2019-10-10 20:47:19.054', 4, 'This winning Proposal is now a Law', 22, 5, 359),
(404, TIMESTAMP '2019-10-08 19:47:22.887', TIMESTAMP '2019-10-28 19:47:22.887', 'Lorem ipsum dolor sit amet, consectetur adipiscing elit, sed do eiusmod tempor incididunt ut labore et dolore magna aliqua. Ut enim a', TIMESTAMP '2019-10-04 20:47:22.872', 4, 'Law 0', 22, 1, NULL);
INSERT INTO PUBLIC.LAWS(ID, CREATED_AT, UPDATED_AT, DESCRIPTION, REACHED_QUORUM_AT, STATUS, TITLE, AREA_ID, CREATED_BY_ID, POLL_ID) VALUES
(405, TIMESTAMP '2019-10-07 19:47:22.903', TIMESTAMP '2019-10-28 19:47:22.903', 'Lorem ipsum dolor sit amet, consectetur adipiscing elit, sed do eiusmod tempor incididunt ut labore et dolore magna aliqua. Ut enim ad minim veniam, quis nostrud exercitation ullamco laboris nisi ut aliquip ex ea commodo consequat. Duis aute irure dolor in reprehenderit in voluptate ', TIMESTAMP '2019-10-04 20:47:22.903', 4, 'Law 1', 22, 1, NULL);
CREATE MEMORY TABLE PUBLIC.LAWS_COMMENTS(
LAW_MODEL_ID BIGINT NOT NULL,
COMMENTS_ID BIGINT NOT NULL
);
ALTER TABLE PUBLIC.LAWS_COMMENTS ADD CONSTRAINT PUBLIC.CONSTRAINT_A0 PRIMARY KEY(LAW_MODEL_ID, COMMENTS_ID);
-- 25 +/- SELECT COUNT(*) FROM PUBLIC.LAWS_COMMENTS;
INSERT INTO PUBLIC.LAWS_COMMENTS(LAW_MODEL_ID, COMMENTS_ID) VALUES
(194, 195),
(204, 205),
(209, 210),
(215, 216),
(224, 225),
(240, 241),
(249, 250),
(254, 255),
(262, 263),
(269, 270),
(275, 276),
(281, 282),
(289, 290),
(295, 296),
(302, 303),
(309, 310),
(315, 316),
(321, 322),
(325, 326),
(332, 333),
(354, 355),
(360, 361),
(366, 367),
(374, 375),
(382, 383);
CREATE MEMORY TABLE PUBLIC.LAWS_SUPPORTERS(
LAW_MODEL_ID BIGINT NOT NULL,
SUPPORTERS_ID BIGINT NOT NULL
);
ALTER TABLE PUBLIC.LAWS_SUPPORTERS ADD CONSTRAINT PUBLIC.CONSTRAINT_C PRIMARY KEY(LAW_MODEL_ID, SUPPORTERS_ID);
-- 1229 +/- SELECT COUNT(*) FROM PUBLIC.LAWS_SUPPORTERS;
INSERT INTO PUBLIC.LAWS_SUPPORTERS(LAW_MODEL_ID, SUPPORTERS_ID) VALUES
(34, 20),
(34, 12),
(34, 19),
(34, 4),
(34, 11),
(34, 14),
(35, 7),
(35, 4),
(35, 14),
(35, 8),
(35, 2),
(35, 13),
(35, 16),
(35, 19),
(37, 6),
(38, 18),
(38, 4),
(38, 8),
(38, 7),
(38, 12),
(38, 19),
(39, 15),
(39, 16),
(39, 7),
(39, 20),
(39, 9),
(39, 12),
(40, 19),
(40, 3),
(40, 4),
(40, 10),
(41, 13),
(41, 2),
(41, 14),
(41, 11),
(41, 17),
(42, 19),
(42, 15),
(42, 17),
(42, 6),
(44, 15),
(44, 7),
(44, 16),
(44, 10),
(44, 13),
(45, 15),
(45, 7),
(45, 4),
(45, 6),
(46, 10),
(46, 15),
(46, 4),
(46, 17),
(46, 2),
(46, 7),
(48, 18),
(48, 16),
(48, 12),
(51, 9),
(51, 4),
(51, 15),
(51, 10),
(51, 11),
(51, 1),
(51, 6),
(52, 12),
(52, 6),
(52, 11),
(52, 5),
(53, 16),
(53, 9),
(53, 11),
(53, 20),
(53, 1),
(53, 7),
(54, 13),
(54, 18),
(55, 5),
(55, 18),
(55, 16),
(55, 1),
(55, 7),
(55, 3),
(55, 20),
(56, 13),
(56, 10),
(56, 3),
(56, 18),
(56, 16),
(57, 11),
(57, 20),
(57, 6),
(57, 18),
(57, 2),
(57, 10),
(57, 19),
(58, 18),
(58, 9),
(58, 12),
(58, 1),
(58, 20),
(59, 10),
(59, 2),
(59, 14),
(59, 15),
(59, 17),
(59, 11),
(59, 1),
(59, 18),
(60, 8),
(60, 6),
(60, 2),
(60, 18),
(60, 1),
(61, 14),
(61, 8),
(63, 13),
(63, 12),
(63, 5),
(64, 4),
(64, 16),
(64, 14),
(64, 5),
(64, 8),
(64, 9),
(64, 1),
(64, 19),
(65, 11),
(65, 4),
(65, 3),
(65, 14),
(65, 2),
(65, 19),
(65, 6),
(67, 7),
(67, 16),
(67, 17),
(67, 14),
(67, 18),
(67, 13),
(67, 19),
(68, 15),
(68, 13),
(68, 9),
(69, 17),
(69, 16),
(69, 11),
(70, 14),
(70, 19),
(70, 20),
(70, 8),
(70, 6),
(70, 18),
(70, 12),
(70, 5),
(71, 4),
(71, 19),
(71, 9),
(71, 2),
(71, 17),
(71, 3),
(72, 15),
(72, 13),
(72, 8),
(72, 6),
(72, 1),
(72, 2),
(72, 9),
(72, 10),
(73, 15),
(73, 11),
(74, 1),
(74, 3),
(74, 2),
(75, 17),
(75, 15),
(75, 1),
(75, 13),
(75, 6),
(75, 5),
(76, 4),
(76, 6),
(76, 8),
(76, 5),
(76, 16),
(76, 18),
(76, 7),
(76, 10),
(77, 19),
(77, 20),
(79, 8),
(79, 16),
(79, 17),
(79, 11),
(79, 15),
(80, 15),
(80, 2),
(80, 17),
(80, 18),
(80, 10),
(80, 20),
(80, 3),
(81, 7),
(81, 16),
(83, 17),
(83, 19),
(84, 11),
(84, 9),
(84, 12),
(85, 8),
(85, 11),
(85, 7),
(85, 18),
(85, 20),
(86, 20),
(86, 17),
(86, 5),
(86, 9),
(86, 14),
(86, 11),
(86, 6),
(87, 3),
(87, 17),
(87, 18),
(87, 9),
(87, 7),
(87, 6),
(87, 20),
(88, 10),
(88, 19),
(88, 11),
(88, 3),
(88, 6),
(88, 1),
(89, 5),
(89, 13),
(89, 18),
(90, 12),
(90, 10),
(90, 17),
(90, 2),
(90, 18),
(90, 6),
(90, 1),
(90, 16),
(91, 18),
(91, 15),
(92, 3),
(92, 17),
(92, 12),
(92, 19),
(92, 15),
(92, 6),
(92, 7),
(92, 18),
(93, 5),
(93, 14),
(93, 6),
(93, 1),
(93, 4),
(93, 19),
(93, 11),
(93, 8),
(94, 18),
(94, 8),
(94, 3),
(95, 6),
(95, 2),
(95, 7),
(95, 20),
(95, 1),
(96, 19),
(96, 12),
(96, 20),
(98, 15),
(98, 9),
(98, 6),
(98, 10),
(98, 7),
(98, 13),
(98, 2),
(99, 10),
(99, 13),
(99, 15),
(99, 2),
(99, 16),
(100, 17),
(100, 19),
(100, 15),
(100, 6),
(101, 15),
(101, 9),
(101, 19),
(101, 2),
(101, 8),
(102, 3),
(102, 7),
(102, 2),
(102, 15),
(102, 12),
(102, 13),
(103, 18),
(103, 13),
(103, 14),
(103, 16),
(103, 7),
(103, 6),
(104, 3),
(105, 14),
(105, 18),
(105, 15),
(105, 11),
(108, 18),
(108, 8),
(108, 15),
(109, 1),
(109, 18),
(109, 10),
(109, 3),
(110, 11),
(110, 13),
(110, 7),
(110, 9),
(110, 16),
(110, 17),
(111, 17),
(113, 15),
(113, 14),
(113, 16),
(113, 11),
(114, 16),
(115, 17),
(118, 19),
(119, 17),
(119, 9),
(119, 5),
(119, 10),
(119, 20),
(119, 7),
(119, 2),
(119, 8),
(120, 6),
(120, 17),
(120, 18),
(120, 1),
(120, 19),
(120, 7),
(120, 14),
(121, 11),
(121, 15),
(123, 18),
(123, 3),
(123, 19),
(123, 6),
(123, 13),
(123, 16),
(124, 10),
(124, 2),
(124, 7),
(124, 9),
(125, 17),
(125, 5),
(125, 13),
(125, 12),
(125, 19),
(126, 12),
(126, 18),
(126, 13),
(126, 20),
(126, 4),
(127, 1),
(127, 2),
(127, 14),
(127, 11),
(127, 5),
(127, 12),
(127, 15),
(127, 20),
(128, 19),
(128, 2),
(128, 13),
(128, 6),
(129, 4),
(129, 3),
(129, 10),
(129, 5),
(129, 8),
(130, 8),
(130, 18),
(130, 14),
(130, 13),
(133, 8),
(134, 17),
(134, 2),
(134, 13),
(134, 5),
(134, 4),
(134, 20),
(134, 19),
(134, 8),
(135, 3),
(135, 10),
(135, 5),
(135, 14),
(135, 6),
(135, 16),
(136, 20),
(137, 18);
INSERT INTO PUBLIC.LAWS_SUPPORTERS(LAW_MODEL_ID, SUPPORTERS_ID) VALUES
(137, 14),
(137, 13),
(137, 15),
(137, 10),
(137, 16),
(137, 2),
(138, 7),
(138, 3),
(139, 18),
(139, 7),
(139, 6),
(139, 13),
(139, 9),
(140, 9),
(140, 16),
(140, 8),
(140, 6),
(140, 19),
(140, 17),
(140, 18),
(140, 10),
(141, 3),
(141, 13),
(141, 19),
(141, 9),
(141, 5),
(141, 2),
(141, 11),
(142, 19),
(142, 6),
(142, 9),
(143, 7),
(143, 20),
(143, 11),
(143, 9),
(143, 15),
(143, 19),
(144, 10),
(144, 20),
(144, 2),
(144, 19),
(144, 1),
(144, 6),
(144, 4),
(144, 5),
(144, 15),
(144, 14),
(145, 7),
(145, 10),
(145, 5),
(145, 9),
(145, 15),
(145, 12),
(145, 8),
(145, 18),
(145, 19),
(145, 11),
(146, 12),
(146, 8),
(146, 19),
(146, 7),
(146, 10),
(146, 18),
(146, 14),
(146, 4),
(146, 11),
(146, 6),
(147, 5),
(147, 6),
(147, 14),
(147, 7),
(147, 17),
(147, 16),
(147, 8),
(147, 2),
(147, 13),
(147, 19),
(148, 4),
(148, 16),
(148, 7),
(148, 8),
(148, 14),
(148, 11),
(148, 9),
(148, 2),
(148, 15),
(148, 18),
(149, 2),
(149, 20),
(149, 6),
(149, 10),
(149, 7),
(149, 8),
(149, 3),
(149, 9),
(149, 12),
(149, 14),
(150, 8),
(150, 15),
(150, 7),
(150, 12),
(150, 18),
(150, 10),
(150, 1),
(150, 20),
(150, 4),
(150, 9),
(151, 11),
(151, 10),
(151, 20),
(151, 1),
(151, 14),
(151, 12),
(151, 8),
(151, 6),
(151, 13),
(151, 3),
(152, 13),
(152, 10),
(152, 6),
(152, 14),
(152, 17),
(152, 1),
(152, 2),
(152, 19),
(152, 20),
(152, 18),
(153, 6),
(153, 15),
(153, 10),
(153, 20),
(153, 8),
(153, 2),
(153, 18),
(153, 5),
(153, 11),
(153, 13),
(154, 10),
(154, 20),
(154, 8),
(154, 11),
(154, 1),
(154, 12),
(154, 19),
(154, 9),
(154, 18),
(154, 6),
(155, 14),
(155, 3),
(155, 17),
(155, 19),
(155, 2),
(155, 12),
(155, 10),
(155, 1),
(155, 6),
(155, 8),
(156, 4),
(156, 18),
(156, 9),
(156, 15),
(156, 19),
(156, 17),
(156, 13),
(156, 2),
(156, 1),
(156, 8),
(157, 12),
(157, 13),
(157, 1),
(157, 17),
(157, 15),
(157, 16),
(157, 14),
(157, 6),
(157, 8),
(157, 20),
(158, 1),
(158, 9),
(158, 6),
(158, 17),
(158, 12),
(158, 19),
(158, 14),
(158, 5),
(158, 2),
(158, 20),
(159, 8),
(159, 20),
(159, 6),
(159, 5),
(159, 12),
(159, 16),
(159, 14),
(159, 10),
(159, 19),
(159, 13),
(160, 14),
(160, 15),
(160, 2),
(160, 20),
(160, 12),
(160, 11),
(160, 16),
(160, 19),
(160, 9),
(160, 5),
(161, 13),
(161, 10),
(161, 9),
(161, 11),
(161, 7),
(161, 14),
(161, 12),
(161, 18),
(161, 15),
(161, 5),
(162, 18),
(162, 19),
(162, 16),
(162, 14),
(162, 11),
(162, 3),
(162, 12),
(162, 7),
(162, 1),
(162, 8),
(163, 9),
(163, 15),
(163, 14),
(163, 1),
(163, 2),
(163, 17),
(163, 16),
(163, 3),
(163, 20),
(163, 19),
(164, 20),
(164, 13),
(164, 6),
(164, 2),
(164, 15),
(164, 8),
(164, 19),
(164, 14),
(164, 5),
(164, 17),
(165, 5),
(165, 19),
(165, 4),
(165, 2),
(165, 11),
(165, 7),
(165, 13),
(165, 14),
(165, 12),
(165, 8),
(166, 15),
(166, 20),
(166, 9),
(166, 7),
(166, 16),
(166, 8),
(166, 13),
(166, 2),
(166, 5),
(166, 14),
(167, 1),
(167, 4),
(167, 11),
(167, 2),
(167, 6),
(167, 10),
(167, 17),
(167, 14),
(167, 13),
(167, 7),
(168, 5),
(168, 7),
(168, 17),
(168, 18),
(168, 15),
(168, 2),
(168, 4),
(168, 10),
(168, 16),
(168, 20),
(169, 17),
(169, 7),
(169, 5),
(169, 2),
(169, 13),
(169, 1),
(169, 15),
(169, 10),
(169, 4),
(169, 16),
(170, 19),
(170, 10),
(170, 18),
(170, 7),
(170, 9),
(170, 6),
(170, 20),
(170, 12),
(170, 14),
(170, 1),
(171, 10),
(171, 4),
(171, 18),
(171, 9),
(171, 3),
(171, 14),
(171, 1),
(171, 7),
(171, 12),
(171, 5),
(172, 18),
(172, 13),
(172, 1),
(172, 7),
(172, 2),
(172, 11),
(172, 9),
(172, 14),
(172, 5),
(172, 12),
(173, 17),
(173, 5),
(173, 7),
(173, 3),
(173, 14),
(173, 12),
(173, 2),
(173, 18),
(173, 1),
(173, 20),
(174, 12),
(174, 14),
(174, 5),
(174, 18),
(174, 19),
(174, 6),
(174, 10),
(174, 15),
(174, 7),
(174, 3),
(175, 1),
(175, 9),
(175, 6),
(175, 5),
(175, 16),
(175, 12),
(175, 14),
(175, 2),
(175, 11),
(175, 7),
(176, 1),
(176, 9),
(176, 10),
(176, 5),
(176, 2),
(176, 16),
(176, 15),
(176, 17),
(176, 4),
(176, 18),
(177, 9),
(177, 12),
(177, 2),
(177, 15),
(177, 11),
(177, 16),
(177, 19),
(177, 6),
(177, 8),
(177, 3),
(178, 9),
(178, 20),
(178, 11),
(178, 8),
(178, 2);
INSERT INTO PUBLIC.LAWS_SUPPORTERS(LAW_MODEL_ID, SUPPORTERS_ID) VALUES
(178, 13),
(178, 12),
(178, 15),
(178, 16),
(178, 19),
(179, 2),
(179, 19),
(179, 18),
(179, 6),
(179, 13),
(179, 10),
(179, 8),
(179, 12),
(179, 1),
(179, 5),
(180, 17),
(180, 1),
(180, 9),
(180, 5),
(180, 16),
(180, 11),
(180, 14),
(180, 2),
(180, 7),
(180, 13),
(181, 15),
(181, 10),
(181, 2),
(181, 11),
(181, 19),
(181, 12),
(181, 6),
(181, 16),
(181, 7),
(181, 4),
(182, 2),
(182, 5),
(182, 3),
(182, 12),
(182, 14),
(182, 7),
(182, 11),
(182, 9),
(182, 8),
(182, 18),
(183, 11),
(183, 12),
(183, 10),
(183, 20),
(183, 4),
(183, 6),
(183, 16),
(183, 2),
(183, 3),
(183, 5),
(184, 11),
(184, 10),
(184, 14),
(184, 20),
(184, 2),
(184, 16),
(184, 19),
(184, 4),
(184, 1),
(184, 13),
(185, 4),
(185, 13),
(185, 19),
(185, 18),
(185, 16),
(185, 2),
(185, 7),
(185, 8),
(185, 15),
(185, 9),
(186, 7),
(186, 17),
(186, 3),
(186, 19),
(186, 20),
(186, 2),
(186, 13),
(186, 10),
(186, 9),
(186, 16),
(187, 5),
(187, 13),
(187, 14),
(187, 10),
(187, 4),
(187, 19),
(187, 17),
(187, 3),
(187, 11),
(187, 9),
(188, 11),
(188, 1),
(188, 14),
(188, 7),
(188, 9),
(188, 17),
(188, 10),
(188, 4),
(188, 2),
(188, 6),
(189, 12),
(189, 10),
(189, 16),
(189, 19),
(189, 6),
(189, 13),
(189, 7),
(189, 20),
(189, 17),
(189, 15),
(190, 15),
(190, 18),
(190, 20),
(190, 13),
(190, 10),
(190, 16),
(190, 14),
(190, 5),
(190, 11),
(190, 6),
(191, 8),
(191, 15),
(191, 19),
(191, 4),
(191, 14),
(191, 13),
(191, 17),
(191, 12),
(191, 3),
(191, 9),
(192, 11),
(192, 9),
(192, 8),
(192, 5),
(192, 1),
(192, 18),
(192, 16),
(192, 19),
(192, 15),
(192, 3),
(193, 15),
(193, 1),
(193, 6),
(193, 18),
(193, 2),
(193, 5),
(193, 14),
(193, 19),
(193, 11),
(193, 7),
(194, 19),
(194, 16),
(194, 8),
(194, 5),
(194, 9),
(194, 12),
(194, 4),
(194, 18),
(194, 14),
(194, 15),
(204, 11),
(204, 17),
(204, 15),
(204, 8),
(204, 14),
(204, 6),
(204, 7),
(204, 20),
(204, 4),
(204, 19),
(209, 20),
(209, 3),
(209, 4),
(209, 10),
(209, 5),
(209, 14),
(209, 17),
(209, 6),
(209, 18),
(209, 13),
(215, 17),
(215, 19),
(215, 9),
(215, 2),
(215, 16),
(215, 5),
(215, 3),
(215, 8),
(215, 11),
(215, 4),
(224, 2),
(224, 17),
(224, 7),
(224, 10),
(224, 6),
(224, 19),
(224, 12),
(224, 20),
(224, 15),
(224, 16),
(240, 1),
(240, 14),
(240, 16),
(240, 12),
(240, 6),
(240, 8),
(240, 11),
(240, 5),
(240, 19),
(240, 17),
(249, 20),
(249, 3),
(249, 17),
(249, 4),
(249, 11),
(249, 5),
(249, 2),
(249, 1),
(249, 12),
(249, 14),
(254, 15),
(254, 3),
(254, 18),
(254, 14),
(254, 13),
(254, 9),
(254, 4),
(254, 2),
(254, 17),
(254, 16),
(262, 16),
(262, 20),
(262, 19),
(262, 6),
(262, 17),
(262, 7),
(262, 2),
(262, 8),
(262, 15),
(262, 13),
(269, 1),
(269, 12),
(269, 7),
(269, 11),
(269, 10),
(269, 20),
(269, 13),
(269, 6),
(269, 18),
(269, 19),
(275, 17),
(275, 14),
(275, 7),
(275, 2),
(275, 15),
(275, 18),
(275, 6),
(275, 11),
(275, 16),
(275, 9),
(281, 4),
(281, 20),
(281, 3),
(281, 7),
(281, 10),
(281, 19),
(281, 16),
(281, 1),
(281, 12),
(281, 11),
(289, 2),
(289, 15),
(289, 14),
(289, 17),
(289, 16),
(289, 10),
(289, 20),
(289, 6),
(289, 5),
(289, 18),
(295, 11),
(295, 12),
(295, 9),
(295, 7),
(295, 17),
(295, 10),
(295, 14),
(295, 1),
(295, 15),
(295, 4),
(302, 11),
(302, 7),
(302, 9),
(302, 17),
(302, 19),
(302, 4),
(302, 15),
(302, 16),
(302, 1),
(302, 20),
(309, 17),
(309, 4),
(309, 9),
(309, 5),
(309, 12),
(309, 11),
(309, 3),
(309, 8),
(309, 10),
(309, 7),
(315, 20),
(315, 18),
(315, 1),
(315, 5),
(315, 11),
(315, 19),
(315, 10),
(315, 14),
(315, 2),
(315, 6),
(321, 14),
(321, 5),
(321, 9),
(321, 6),
(321, 20),
(321, 11),
(321, 4),
(321, 16),
(321, 13),
(321, 19),
(325, 8),
(325, 12),
(325, 5),
(325, 20),
(325, 14),
(325, 6),
(325, 9),
(325, 1),
(325, 19),
(325, 16),
(332, 14),
(332, 13),
(332, 9),
(332, 16),
(332, 3),
(332, 10),
(332, 18),
(332, 19),
(332, 4),
(332, 2),
(354, 5),
(354, 10),
(354, 20),
(354, 1),
(354, 4),
(354, 11),
(354, 18),
(354, 8),
(354, 12),
(354, 2),
(360, 14),
(360, 2),
(360, 13),
(360, 10),
(360, 19),
(360, 1),
(360, 5),
(360, 17),
(360, 7),
(360, 11),
(366, 16),
(366, 9),
(366, 15),
(366, 2),
(366, 1),
(366, 19);
INSERT INTO PUBLIC.LAWS_SUPPORTERS(LAW_MODEL_ID, SUPPORTERS_ID) VALUES
(366, 13),
(366, 12),
(366, 8),
(366, 20),
(374, 8),
(374, 9),
(374, 18),
(374, 17),
(374, 14),
(374, 13),
(374, 1),
(374, 10),
(374, 5),
(374, 4),
(382, 9),
(382, 17),
(382, 18),
(382, 3),
(382, 15),
(382, 4),
(382, 2),
(382, 16),
(382, 12),
(382, 11),
(404, 18),
(404, 9),
(404, 3),
(404, 16),
(404, 14),
(404, 15),
(404, 20),
(404, 10),
(404, 5),
(404, 19),
(404, 4),
(404, 17),
(404, 8),
(404, 6),
(404, 12),
(404, 7),
(404, 13),
(404, 2),
(405, 9),
(405, 16),
(405, 15),
(405, 2),
(405, 5),
(405, 17),
(405, 8),
(405, 6),
(405, 13),
(405, 10),
(405, 14),
(405, 11),
(405, 18),
(405, 3),
(405, 7),
(405, 19);
CREATE MEMORY TABLE PUBLIC.ONE_TIME_TOKEN(
ID BIGINT NOT NULL,
CREATED_AT TIMESTAMP NOT NULL,
UPDATED_AT TIMESTAMP NOT NULL,
TOKEN VARCHAR(255) NOT NULL,
TOKEN_TYPE INTEGER NOT NULL,
VALID_UNTIL TIMESTAMP NOT NULL,
USER_ID BIGINT NOT NULL
);
ALTER TABLE PUBLIC.ONE_TIME_TOKEN ADD CONSTRAINT PUBLIC.CONSTRAINT_4 PRIMARY KEY(ID);
-- 0 +/- SELECT COUNT(*) FROM PUBLIC.ONE_TIME_TOKEN;
CREATE MEMORY TABLE PUBLIC.POLLS(
ID BIGINT NOT NULL,
CREATED_AT TIMESTAMP NOT NULL,
UPDATED_AT TIMESTAMP NOT NULL,
DUEL_MATRIX VARCHAR(255),
STATUS INTEGER,
TITLE VARCHAR(255),
VOTING_END_AT TIMESTAMP,
VOTING_START_AT TIMESTAMP,
WINNER_ID BIGINT
);
ALTER TABLE PUBLIC.POLLS ADD CONSTRAINT PUBLIC.CONSTRAINT_48 PRIMARY KEY(ID);
-- 4 +/- SELECT COUNT(*) FROM PUBLIC.POLLS;
INSERT INTO PUBLIC.POLLS(ID, CREATED_AT, UPDATED_AT, DUEL_MATRIX, STATUS, TITLE, VOTING_END_AT, VOTING_START_AT, WINNER_ID) VALUES
(248, TIMESTAMP '2019-10-21 19:47:12.868', TIMESTAMP '2019-10-21 19:47:12.868', '', 0, 'Poll from TestDataCreator 2708', TIMESTAMP '2019-11-25 00:00:00', TIMESTAMP '2019-11-11 00:00:00', NULL),
(280, TIMESTAMP '2019-10-13 20:47:13.049', TIMESTAMP '2019-10-28 19:47:13.087', '', 1, 'Poll in voting phase 3069', TIMESTAMP '2019-11-10 00:00:00', TIMESTAMP '2019-10-27 19:47:13.069', NULL),
(314, TIMESTAMP '2019-10-13 20:47:13.27', TIMESTAMP '2019-10-28 19:47:18.949', '[]', 1, 'Poll in voting phase 3280', TIMESTAMP '2019-11-10 00:00:00', TIMESTAMP '2019-10-27 19:47:13.28', NULL),
(359, TIMESTAMP '2019-09-25 20:47:19.17', TIMESTAMP '2019-10-28 19:47:22.865', '[[0,11,12,11,9],[5,0,10,10,7],[4,6,0,10,8],[5,6,6,0,8],[7,9,8,8,0]]', 2, 'Finished Poll 9170', TIMESTAMP '2019-10-28 19:47:22.834', TIMESTAMP '2019-10-09 19:47:19.17', 382);
CREATE MEMORY TABLE PUBLIC.USERS(
ID BIGINT NOT NULL,
CREATED_AT TIMESTAMP NOT NULL,
UPDATED_AT TIMESTAMP NOT NULL,
EMAIL VARCHAR(255) NOT NULL,
LAST_LOGIN TIMESTAMP,
MOBILEPHONE VARCHAR(255),
NAME VARCHAR(255),
PICTURE VARCHAR(255),
WEBSITE VARCHAR(255)
);
ALTER TABLE PUBLIC.USERS ADD CONSTRAINT PUBLIC.CONSTRAINT_4D PRIMARY KEY(ID);
-- 21 +/- SELECT COUNT(*) FROM PUBLIC.USERS;
INSERT INTO PUBLIC.USERS(ID, CREATED_AT, UPDATED_AT, EMAIL, LAST_LOGIN, MOBILEPHONE, NAME, PICTURE, WEBSITE) VALUES
(1, TIMESTAMP '2019-10-28 19:47:04.283', TIMESTAMP '2019-10-28 19:47:04.283', 'testuser1@liquido.de', NULL, '+49123451', 'Donald Duck', '/static/img/avatars/Avatar1.png', 'http://www.liquido.de'),
(2, TIMESTAMP '2019-10-28 19:47:04.343', TIMESTAMP '2019-10-28 19:47:04.343', 'testuser2@liquido.de', NULL, '+49123452', 'Test User2', '/static/img/avatars/Avatar2.png', 'http://www.liquido.de'),
(3, TIMESTAMP '2019-10-28 19:47:04.343', TIMESTAMP '2019-10-28 19:47:04.343', 'testuser3@liquido.de', NULL, '+49123453', 'Test User3', '/static/img/avatars/Avatar3.png', 'http://www.liquido.de'),
(4, TIMESTAMP '2019-10-28 19:47:04.352', TIMESTAMP '2019-10-28 19:47:04.352', 'testuser4@liquido.de', NULL, '+49123454', 'Test User4', '/static/img/avatars/Avatar4.png', 'http://www.liquido.de'),
(5, TIMESTAMP '2019-10-28 19:47:04.354', TIMESTAMP '2019-10-28 19:47:04.354', 'testuser5@liquido.de', NULL, '+49123455', 'Test User5', '/static/img/avatars/Avatar5.png', 'http://www.liquido.de'),
(6, TIMESTAMP '2019-10-28 19:47:04.354', TIMESTAMP '2019-10-28 19:47:04.354', 'testuser6@liquido.de', NULL, '+49123456', 'Test User6', '/static/img/avatars/Avatar6.png', 'http://www.liquido.de'),
(7, TIMESTAMP '2019-10-28 19:47:04.362', TIMESTAMP '2019-10-28 19:47:04.362', 'testuser7@liquido.de', NULL, '+49123457', 'Test User7', '/static/img/avatars/Avatar7.png', 'http://www.liquido.de'),
(8, TIMESTAMP '2019-10-28 19:47:04.364', TIMESTAMP '2019-10-28 19:47:04.364', 'testuser8@liquido.de', NULL, '+49123458', 'Test User8', '/static/img/avatars/Avatar8.png', 'http://www.liquido.de'),
(9, TIMESTAMP '2019-10-28 19:47:04.364', TIMESTAMP '2019-10-28 19:47:04.364', 'testuser9@liquido.de', NULL, '+49123459', 'Test User9', '/static/img/avatars/Avatar9.png', 'http://www.liquido.de'),
(10, TIMESTAMP '2019-10-28 19:47:04.374', TIMESTAMP '2019-10-28 19:47:04.374', 'testuser10@liquido.de', NULL, '+491234510', 'Test User10', '/static/img/avatars/Avatar10.png', 'http://www.liquido.de'),
(11, TIMESTAMP '2019-10-28 19:47:04.374', TIMESTAMP '2019-10-28 19:47:04.374', 'testuser11@liquido.de', NULL, '+491234511', 'Test User11', '/static/img/avatars/Avatar11.png', 'http://www.liquido.de'),
(12, TIMESTAMP '2019-10-28 19:47:04.382', TIMESTAMP '2019-10-28 19:47:04.382', 'testuser12@liquido.de', NULL, '+491234512', 'Test User12', '/static/img/avatars/Avatar12.png', 'http://www.liquido.de'),
(13, TIMESTAMP '2019-10-28 19:47:04.384', TIMESTAMP '2019-10-28 19:47:04.384', 'testuser13@liquido.de', NULL, '+491234513', 'Test User13', '/static/img/avatars/Avatar13.png', 'http://www.liquido.de'),
(14, TIMESTAMP '2019-10-28 19:47:04.384', TIMESTAMP '2019-10-28 19:47:04.384', 'testuser14@liquido.de', NULL, '+491234514', 'Test User14', '/static/img/avatars/Avatar14.png', 'http://www.liquido.de'),
(15, TIMESTAMP '2019-10-28 19:47:04.392', TIMESTAMP '2019-10-28 19:47:04.392', 'testuser15@liquido.de', NULL, '+491234515', 'Test User15', '/static/img/avatars/Avatar15.png', 'http://www.liquido.de'),
(16, TIMESTAMP '2019-10-28 19:47:04.392', TIMESTAMP '2019-10-28 19:47:04.392', 'testuser16@liquido.de', NULL, '+491234516', 'Test User16', '/static/img/avatars/Avatar16.png', 'http://www.liquido.de'),
(17, TIMESTAMP '2019-10-28 19:47:04.392', TIMESTAMP '2019-10-28 19:47:04.392', 'testuser17@liquido.de', NULL, '+491234517', 'Test User17', '/static/img/avatars/Avatar1.png', 'http://www.liquido.de'),
(18, TIMESTAMP '2019-10-28 19:47:04.404', TIMESTAMP '2019-10-28 19:47:04.404', 'testuser18@liquido.de', NULL, '+491234518', 'Test User18', '/static/img/avatars/Avatar2.png', 'http://www.liquido.de'),
(19, TIMESTAMP '2019-10-28 19:47:04.404', TIMESTAMP '2019-10-28 19:47:04.404', 'testuser19@liquido.de', NULL, '+491234519', 'Test User19', '/static/img/avatars/Avatar3.png', 'http://www.liquido.de'),
(20, TIMESTAMP '2019-10-28 19:47:04.404', TIMESTAMP '2019-10-28 19:47:04.404', 'testuser20@liquido.de', NULL, '+491234520', 'Test User20', '/static/img/avatars/Avatar4.png', 'http://www.liquido.de'),
(21, TIMESTAMP '2019-10-28 19:47:04.412', TIMESTAMP '2019-10-28 19:47:04.412', 'admin@liquido.de', NULL, '+491234567890', 'Secret Admin Name', NULL, NULL);
-- 0 +/- SELECT COUNT(*) FROM PUBLIC.QRTZ_CALENDARS;
-- 0 +/- SELECT COUNT(*) FROM PUBLIC.QRTZ_CRON_TRIGGERS;
-- 0 +/- SELECT COUNT(*) FROM PUBLIC.QRTZ_FIRED_TRIGGERS;
-- 0 +/- SELECT COUNT(*) FROM PUBLIC.QRTZ_PAUSED_TRIGGER_GRPS;
-- 0 +/- SELECT COUNT(*) FROM PUBLIC.QRTZ_SCHEDULER_STATE;
-- 0 +/- SELECT COUNT(*) FROM PUBLIC.QRTZ_LOCKS;
-- 0 +/- SELECT COUNT(*) FROM PUBLIC.QRTZ_JOB_DETAILS;
-- 0 +/- SELECT COUNT(*) FROM PUBLIC.QRTZ_SIMPLE_TRIGGERS;
-- 0 +/- SELECT COUNT(*) FROM PUBLIC.QRTZ_SIMPROP_TRIGGERS;
-- 0 +/- SELECT COUNT(*) FROM PUBLIC.QRTZ_BLOB_TRIGGERS;
-- 0 +/- SELECT COUNT(*) FROM PUBLIC.QRTZ_TRIGGERS;
ALTER TABLE PUBLIC.AREAS ADD CONSTRAINT PUBLIC.UK_P61HNJ1M450KNDUSCXOLDCHFJ UNIQUE(TITLE);
ALTER TABLE PUBLIC.KEY_VALUE ADD CONSTRAINT PUBLIC.UK_8TE0DHIEXEOWA1RGVA302TO1L UNIQUE(KEY_COL);
ALTER TABLE PUBLIC.USERS ADD CONSTRAINT PUBLIC.UK_6DOTKOTT2KJSP8VW4D0M25FB7 UNIQUE(EMAIL);
ALTER TABLE PUBLIC.LAWS ADD CONSTRAINT PUBLIC.UK_BS516OPV3HONTPTWVPIOOS72B UNIQUE(TITLE);
ALTER TABLE PUBLIC.DELEGATIONS ADD CONSTRAINT PUBLIC.UK2WYH7POIF8NPDWLUR8DFORD0J UNIQUE(AREA_ID, FROM_USER_ID);
ALTER TABLE PUBLIC.LAWS_COMMENTS ADD CONSTRAINT PUBLIC.UK_OF3YV6X3MAHJPHJBJE5XHRXC8 UNIQUE(COMMENTS_ID);
ALTER TABLE PUBLIC.BALLOTS ADD CONSTRAINT PUBLIC.UKHWWEPK8N3CE54LEREWX2FMYXF UNIQUE(POLL_ID, CHECKSUM);
ALTER TABLE PUBLIC.USERS ADD CONSTRAINT PUBLIC.UK_70QE9WOFM8UJ2PEANWKPHERRM UNIQUE(MOBILEPHONE);
ALTER TABLE PUBLIC.CHECKSUMS ADD CONSTRAINT PUBLIC.UKL0XNKLNHLK4PTWSU9B0QXTYBN UNIQUE(AREA_ID, PUBLIC_PROXY_ID);
ALTER TABLE PUBLIC.AREAS ADD CONSTRAINT PUBLIC.FKP9N0U4HM2Q1O7V0068C8GD4EL FOREIGN KEY(CREATED_BY_ID) REFERENCES PUBLIC.USERS(ID) NOCHECK;
ALTER TABLE PUBLIC.DELEGATIONS ADD CONSTRAINT PUBLIC.FK1Y1R0D478R9NTDMUIYKKUHADV FOREIGN KEY(REQUESTED_DELEGATION_FROM_CHECKSUM_CHECKSUM) REFERENCES PUBLIC.CHECKSUMS(CHECKSUM) NOCHECK;
ALTER TABLE PUBLIC.DELEGATIONS ADD CONSTRAINT PUBLIC.FKSWBDEOVC7HSQ5EX30PBMDU9D4 FOREIGN KEY(AREA_ID) REFERENCES PUBLIC.AREAS(ID) NOCHECK;
ALTER TABLE PUBLIC.LAWS ADD CONSTRAINT PUBLIC.FK4QUHD81MM84X6RQ0CCBXSEYXX FOREIGN KEY(POLL_ID) REFERENCES PUBLIC.POLLS(ID) NOCHECK;
ALTER TABLE PUBLIC.LAWS_SUPPORTERS ADD CONSTRAINT PUBLIC.FK9B4I87YIKUCHRIRFJAYMGOHE3 FOREIGN KEY(LAW_MODEL_ID) REFERENCES PUBLIC.LAWS(ID) NOCHECK;
ALTER TABLE PUBLIC.BALLOTS ADD CONSTRAINT PUBLIC.FKOG7SHPLJ1CCOH8N9AO4Y16LQ3 FOREIGN KEY(POLL_ID) REFERENCES PUBLIC.POLLS(ID) NOCHECK;
ALTER TABLE PUBLIC.COMMENTS_DOWN_VOTERS ADD CONSTRAINT PUBLIC.FK62ILAC17TG4CPKRHEONUD72HV FOREIGN KEY(DOWN_VOTERS_ID) REFERENCES PUBLIC.USERS(ID) NOCHECK;
ALTER TABLE PUBLIC.CHECKSUMS ADD CONSTRAINT PUBLIC.FKDFLPSE9FSOGY1FMFDY2W79RG FOREIGN KEY(DELEGATED_TO_CHECKSUM) REFERENCES PUBLIC.CHECKSUMS(CHECKSUM) NOCHECK;
ALTER TABLE PUBLIC.BALLOTS_VOTE_ORDER ADD CONSTRAINT PUBLIC.FKIH6THEWVJEH3OW9DL1YTJ9AWB FOREIGN KEY(BALLOT_MODEL_ID) REFERENCES PUBLIC.BALLOTS(ID) NOCHECK;
ALTER TABLE PUBLIC.COMMENTS ADD CONSTRAINT PUBLIC.FK7PUWBWE4YL8B2O32R798UW8Q7 FOREIGN KEY(PROPOSAL_ID) REFERENCES PUBLIC.LAWS(ID) NOCHECK;
ALTER TABLE PUBLIC.CHECKSUMS ADD CONSTRAINT PUBLIC.FK68FTLVL0MWTVOQD3BFUPP0XRG FOREIGN KEY(PUBLIC_PROXY_ID) REFERENCES PUBLIC.USERS(ID) NOCHECK;
ALTER TABLE PUBLIC.LAWS ADD CONSTRAINT PUBLIC.FKTR1PLL46Q50SHWBFFYIYUAVGN FOREIGN KEY(CREATED_BY_ID) REFERENCES PUBLIC.USERS(ID) NOCHECK;
ALTER TABLE PUBLIC.ONE_TIME_TOKEN ADD CONSTRAINT PUBLIC.FK4O21XT1RMRICB3EA4TO5NKR8D FOREIGN KEY(USER_ID) REFERENCES PUBLIC.USERS(ID) NOCHECK;
ALTER TABLE PUBLIC.BALLOTS_VOTE_ORDER ADD CONSTRAINT PUBLIC.FKOWD5MAD84QVWGST43698A6GX5 FOREIGN KEY(VOTE_ORDER_ID) REFERENCES PUBLIC.LAWS(ID) NOCHECK;
ALTER TABLE PUBLIC.COMMENTS ADD CONSTRAINT PUBLIC.FKAKKM6QFYDU7VGNFNE1YO0XMED FOREIGN KEY(CREATED_BY_ID) REFERENCES PUBLIC.USERS(ID) NOCHECK;
ALTER TABLE PUBLIC.DELEGATIONS ADD CONSTRAINT PUBLIC.FK21A6LG8FU2JS6E0JU41WJ2GQP FOREIGN KEY(TO_PROXY_ID) REFERENCES PUBLIC.USERS(ID) NOCHECK;
ALTER TABLE PUBLIC.LAWS_COMMENTS ADD CONSTRAINT PUBLIC.FK36FBKIUITRV0YRVY8S0IG46IX FOREIGN KEY(LAW_MODEL_ID) REFERENCES PUBLIC.LAWS(ID) NOCHECK;
ALTER TABLE PUBLIC.POLLS ADD CONSTRAINT PUBLIC.FKQADOVSMQ4UOK58SP9HKHWJQIS FOREIGN KEY(WINNER_ID) REFERENCES PUBLIC.LAWS(ID) NOCHECK;
ALTER TABLE PUBLIC.DELEGATIONS ADD CONSTRAINT PUBLIC.FK9KOYA2MI6T18VF7U1FROBKNIQ FOREIGN KEY(FROM_USER_ID) REFERENCES PUBLIC.USERS(ID) NOCHECK;
ALTER TABLE PUBLIC.BALLOTS ADD CONSTRAINT PUBLIC.FK1RRV2WY16UQONFL9CR1CQG2XD FOREIGN KEY(CHECKSUM) REFERENCES PUBLIC.CHECKSUMS(CHECKSUM) NOCHECK;
ALTER TABLE PUBLIC.LAWS ADD CONSTRAINT PUBLIC.FK9VIQDJ5LDUN0AHWQDFF1WUY39 FOREIGN KEY(AREA_ID) REFERENCES PUBLIC.AREAS(ID) NOCHECK;
ALTER TABLE PUBLIC.LAWS_COMMENTS ADD CONSTRAINT PUBLIC.FKFL0Y4QFVFPF9YNMMFJ0JEVXFF FOREIGN KEY(COMMENTS_ID) REFERENCES PUBLIC.COMMENTS(ID) NOCHECK;
ALTER TABLE PUBLIC.COMMENTS_UP_VOTERS ADD CONSTRAINT PUBLIC.FKEUURM027PDC4L5A9G9O2L0UYD FOREIGN KEY(UP_VOTERS_ID) REFERENCES PUBLIC.USERS(ID) NOCHECK;
ALTER TABLE PUBLIC.COMMENTS ADD CONSTRAINT PUBLIC.FKLRI30OKF66PHTCGBE5POK7CC0 FOREIGN KEY(PARENT_ID) REFERENCES PUBLIC.COMMENTS(ID) NOCHECK;
ALTER TABLE PUBLIC.COMMENTS_UP_VOTERS ADD CONSTRAINT PUBLIC.FK8LS8T571Y99VTTW1MDKEBXAGP FOREIGN KEY(COMMENT_MODEL_ID) REFERENCES PUBLIC.COMMENTS(ID) NOCHECK;
ALTER TABLE PUBLIC.LAWS_SUPPORTERS ADD CONSTRAINT PUBLIC.FKK8MVJC4RQ970OJAVYFIA9BQVE FOREIGN KEY(SUPPORTERS_ID) REFERENCES PUBLIC.USERS(ID) NOCHECK;
ALTER TABLE PUBLIC.COMMENTS_DOWN_VOTERS ADD CONSTRAINT PUBLIC.FKJYMYJ54LENHS4KE6MYQHLY72 FOREIGN KEY(COMMENT_MODEL_ID) REFERENCES PUBLIC.COMMENTS(ID) NOCHECK;
ALTER TABLE PUBLIC.CHECKSUMS ADD CONSTRAINT PUBLIC.FKLLW57XBW0D67OPTMWFMU3P2PC FOREIGN KEY(AREA_ID) REFERENCES PUBLIC.AREAS(ID) NOCHECK;
