SET DB_CLOSE_DELAY -1;
;
CREATE USER IF NOT EXISTS "SA" SALT 'e014d131fc399b92' HASH '071bab4ad37964e1153c4d6387985970f1c501db18e13ead002026af5ad367d5' ADMIN;
CREATE SEQUENCE "PUBLIC"."HIBERNATE_SEQUENCE" START WITH 398;
CREATE MEMORY TABLE "PUBLIC"."AREAS"(
"ID" BIGINT NOT NULL,
"CREATED_AT" TIMESTAMP NOT NULL,
"UPDATED_AT" TIMESTAMP NOT NULL,
"DESCRIPTION" VARCHAR(255) NOT NULL,
"TITLE" VARCHAR(255) NOT NULL,
"CREATED_BY_ID" BIGINT NOT NULL
);
ALTER TABLE "PUBLIC"."AREAS" ADD CONSTRAINT "PUBLIC"."CONSTRAINT_3" PRIMARY KEY("ID");
-- 10 +/- SELECT COUNT(*) FROM PUBLIC.AREAS;
INSERT INTO "PUBLIC"."AREAS" VALUES
(22, TIMESTAMP '2019-12-01 16:18:39.977', TIMESTAMP '2019-12-01 16:18:39.977', 'Nice description for test area #0', 'Area 0', 1),
(23, TIMESTAMP '2019-12-01 16:18:39.993', TIMESTAMP '2019-12-01 16:18:39.993', 'Nice description for test area #1', 'Area 1', 1),
(24, TIMESTAMP '2019-12-01 16:18:39.993', TIMESTAMP '2019-12-01 16:18:39.993', 'Nice description for test area #2', 'Area 2', 1),
(25, TIMESTAMP '2019-12-01 16:18:39.993', TIMESTAMP '2019-12-01 16:18:39.993', 'Nice description for test area #3', 'Area 3', 1),
(26, TIMESTAMP '2019-12-01 16:18:39.993', TIMESTAMP '2019-12-01 16:18:39.993', 'Nice description for test area #4', 'Area 4', 1),
(27, TIMESTAMP '2019-12-01 16:18:39.993', TIMESTAMP '2019-12-01 16:18:39.993', 'Nice description for test area #5', 'Area 5', 1),
(28, TIMESTAMP '2019-12-01 16:18:39.993', TIMESTAMP '2019-12-01 16:18:39.993', 'Nice description for test area #6', 'Area 6', 1),
(29, TIMESTAMP '2019-12-01 16:18:40.008', TIMESTAMP '2019-12-01 16:18:40.008', 'Nice description for test area #7', 'Area 7', 1),
(30, TIMESTAMP '2019-12-01 16:18:40.008', TIMESTAMP '2019-12-01 16:18:40.008', 'Nice description for test area #8', 'Area 8', 1),
(31, TIMESTAMP '2019-12-01 16:18:40.008', TIMESTAMP '2019-12-01 16:18:40.008', 'Nice description for test area #9', 'Area 9', 1);
CREATE MEMORY TABLE "PUBLIC"."BALLOTS"(
"ID" BIGINT NOT NULL,
"LEVEL" INTEGER NOT NULL,
"VOTE_COUNT" BIGINT NOT NULL,
"CHECKSUM" VARCHAR(255) NOT NULL,
"POLL_ID" BIGINT NOT NULL
);
ALTER TABLE "PUBLIC"."BALLOTS" ADD CONSTRAINT "PUBLIC"."CONSTRAINT_1" PRIMARY KEY("ID");
-- 32 +/- SELECT COUNT(*) FROM PUBLIC.BALLOTS;
INSERT INTO "PUBLIC"."BALLOTS" VALUES
(334, 0, 1, '$2a$10$1IdrGrRAN2Wp3U7QI.JIzuLWYmX8a8mYTh.vjJc7tXFvw8MYTRxn6', 306),
(335, 0, 1, '$2a$10$1IdrGrRAN2Wp3U7QI.JIzumlcpwp8brtUDnbFrq3yf2CMP0CBmGkS', 306),
(336, 0, 4, '$2a$10$1IdrGrRAN2Wp3U7QI.JIzu4HeueVNdaHPs3H5dOkHoKyKmOv2LOTy', 306),
(337, 0, 1, '$2a$10$1IdrGrRAN2Wp3U7QI.JIzuYBfqBJ8KRURXGBEFD1NIy8BIUtxNH8i', 306),
(338, 0, 1, '$2a$10$1IdrGrRAN2Wp3U7QI.JIzuj.6MAo8TWBWCw/Az7uRlus4mRiLJh/i', 306),
(339, 0, 1, '$2a$10$1IdrGrRAN2Wp3U7QI.JIzukLk9n0nP/KZdEWe.TYbRMKT7d5wS9rm', 306),
(340, 0, 2, '$2a$10$1IdrGrRAN2Wp3U7QI.JIzuEtxLCwrNT9pKlY1rgxYhl3RtaNJEQW.', 306),
(341, 1, 1, '$2a$10$1IdrGrRAN2Wp3U7QI.JIzulyuC.ir27zjCKynm/ef4Gp77Z9XU9UC', 306),
(342, 0, 1, '$2a$10$1IdrGrRAN2Wp3U7QI.JIzuNX3Ud6yFocoawh8dxtXS6Xinvh2wN8O', 306),
(343, 0, 1, '$2a$10$1IdrGrRAN2Wp3U7QI.JIzuL7lV2QCtsOcieHmoCH6Frx3m0Y2gHDy', 306),
(344, 0, 1, '$2a$10$1IdrGrRAN2Wp3U7QI.JIzupVvL.A.5dYSm7rGT0GBv1hPhN0oHIb2', 306),
(345, 0, 1, '$2a$10$1IdrGrRAN2Wp3U7QI.JIzu5kxuD9IiiPFdcwyhozqhvbAy0ZE3UIy', 306),
(346, 0, 1, '$2a$10$1IdrGrRAN2Wp3U7QI.JIzuWpvcrZ.M0VWtIrLxjdUF9DDvCTqEyxi', 306),
(347, 0, 1, '$2a$10$1IdrGrRAN2Wp3U7QI.JIzutiQDHi8vodSsYuDPKvp8FraWGUTlwFG', 306),
(348, 0, 1, '$2a$10$1IdrGrRAN2Wp3U7QI.JIzuidRK2esq5qotXMifey0buhheoxNToqO', 306),
(349, 0, 1, '$2a$10$1IdrGrRAN2Wp3U7QI.JIzu6Bp5DRTXJoaGWZwPuxZlqWxdkXxzepO', 306),
(380, 0, 1, '$2a$10$1IdrGrRAN2Wp3U7QI.JIzuLWYmX8a8mYTh.vjJc7tXFvw8MYTRxn6', 357),
(381, 0, 1, '$2a$10$1IdrGrRAN2Wp3U7QI.JIzumlcpwp8brtUDnbFrq3yf2CMP0CBmGkS', 357),
(382, 0, 4, '$2a$10$1IdrGrRAN2Wp3U7QI.JIzu4HeueVNdaHPs3H5dOkHoKyKmOv2LOTy', 357),
(383, 0, 1, '$2a$10$1IdrGrRAN2Wp3U7QI.JIzuYBfqBJ8KRURXGBEFD1NIy8BIUtxNH8i', 357),
(384, 0, 1, '$2a$10$1IdrGrRAN2Wp3U7QI.JIzuj.6MAo8TWBWCw/Az7uRlus4mRiLJh/i', 357),
(385, 0, 1, '$2a$10$1IdrGrRAN2Wp3U7QI.JIzukLk9n0nP/KZdEWe.TYbRMKT7d5wS9rm', 357),
(386, 0, 2, '$2a$10$1IdrGrRAN2Wp3U7QI.JIzuEtxLCwrNT9pKlY1rgxYhl3RtaNJEQW.', 357),
(387, 1, 1, '$2a$10$1IdrGrRAN2Wp3U7QI.JIzulyuC.ir27zjCKynm/ef4Gp77Z9XU9UC', 357),
(388, 0, 1, '$2a$10$1IdrGrRAN2Wp3U7QI.JIzuNX3Ud6yFocoawh8dxtXS6Xinvh2wN8O', 357),
(389, 0, 1, '$2a$10$1IdrGrRAN2Wp3U7QI.JIzuL7lV2QCtsOcieHmoCH6Frx3m0Y2gHDy', 357),
(390, 0, 1, '$2a$10$1IdrGrRAN2Wp3U7QI.JIzupVvL.A.5dYSm7rGT0GBv1hPhN0oHIb2', 357),
(391, 0, 1, '$2a$10$1IdrGrRAN2Wp3U7QI.JIzu5kxuD9IiiPFdcwyhozqhvbAy0ZE3UIy', 357),
(392, 0, 1, '$2a$10$1IdrGrRAN2Wp3U7QI.JIzuWpvcrZ.M0VWtIrLxjdUF9DDvCTqEyxi', 357),
(393, 0, 1, '$2a$10$1IdrGrRAN2Wp3U7QI.JIzutiQDHi8vodSsYuDPKvp8FraWGUTlwFG', 357),
(394, 0, 1, '$2a$10$1IdrGrRAN2Wp3U7QI.JIzuidRK2esq5qotXMifey0buhheoxNToqO', 357),
(395, 0, 1, '$2a$10$1IdrGrRAN2Wp3U7QI.JIzu6Bp5DRTXJoaGWZwPuxZlqWxdkXxzepO', 357);
CREATE MEMORY TABLE "PUBLIC"."BALLOTS_VOTE_ORDER"(
"BALLOT_MODEL_ID" BIGINT NOT NULL,
"VOTE_ORDER_ID" BIGINT NOT NULL,
"LAW_MODEL_ORDER" INTEGER NOT NULL
);
ALTER TABLE "PUBLIC"."BALLOTS_VOTE_ORDER" ADD CONSTRAINT "PUBLIC"."CONSTRAINT_5" PRIMARY KEY("BALLOT_MODEL_ID", "LAW_MODEL_ORDER");
-- 136 +/- SELECT COUNT(*) FROM PUBLIC.BALLOTS_VOTE_ORDER;
INSERT INTO "PUBLIC"."BALLOTS_VOTE_ORDER" VALUES
(334, 330, 0),
(334, 314, 1),
(334, 307, 2),
(334, 323, 3),
(334, 302, 4),
(335, 323, 0),
(335, 314, 1),
(335, 307, 2),
(335, 302, 3),
(336, 323, 0),
(336, 330, 1),
(336, 307, 2),
(336, 302, 3),
(336, 314, 4),
(340, 307, 0),
(340, 314, 1),
(340, 330, 2),
(340, 323, 3),
(341, 307, 0),
(341, 314, 1),
(341, 330, 2),
(341, 323, 3),
(342, 307, 0),
(342, 302, 1),
(342, 314, 2),
(342, 323, 3),
(342, 330, 4),
(337, 323, 0),
(337, 330, 1),
(337, 314, 2),
(337, 307, 3),
(337, 302, 4),
(338, 307, 0),
(338, 323, 1),
(338, 302, 2),
(338, 314, 3),
(343, 323, 0),
(343, 314, 1),
(343, 307, 2),
(343, 302, 3),
(344, 323, 0),
(344, 330, 1),
(344, 314, 2),
(344, 307, 3),
(344, 302, 4),
(345, 302, 0),
(345, 307, 1),
(345, 314, 2),
(345, 330, 3),
(346, 323, 0),
(346, 330, 1),
(346, 314, 2),
(346, 307, 3),
(347, 330, 0),
(347, 314, 1),
(347, 323, 2),
(347, 307, 3),
(347, 302, 4),
(348, 307, 0),
(348, 302, 1),
(348, 314, 2),
(348, 323, 3),
(349, 330, 0),
(349, 314, 1),
(349, 302, 2),
(339, 314, 0),
(339, 330, 1),
(339, 302, 2),
(339, 307, 3),
(339, 323, 4),
(380, 358, 0),
(380, 364, 1),
(380, 369, 2),
(380, 375, 3),
(380, 350, 4),
(381, 350, 0),
(381, 364, 1),
(381, 358, 2),
(381, 375, 3),
(381, 369, 4),
(382, 350, 0),
(382, 369, 1),
(382, 375, 2),
(382, 364, 3),
(382, 358, 4),
(386, 369, 0),
(386, 375, 1),
(386, 358, 2),
(386, 350, 3),
(387, 369, 0),
(387, 375, 1),
(387, 358, 2),
(387, 350, 3),
(388, 364, 0),
(388, 358, 1),
(388, 350, 2),
(388, 375, 3),
(383, 375, 0),
(383, 350, 1),
(383, 369, 2),
(383, 358, 3),
(383, 364, 4),
(384, 369, 0),
(384, 375, 1),
(384, 364, 2),
(384, 350, 3),
(389, 375, 0),
(389, 369, 1),
(389, 364, 2),
(389, 358, 3),
(389, 350, 4),
(390, 364, 0),
(390, 369, 1),
(390, 358, 2),
(390, 350, 3),
(391, 358, 0),
(391, 364, 1),
(391, 369, 2),
(391, 350, 3),
(392, 375, 0),
(392, 358, 1),
(392, 350, 2),
(392, 369, 3),
(393, 350, 0),
(393, 364, 1),
(393, 358, 2),
(394, 369, 0),
(394, 364, 1),
(394, 375, 2),
(394, 358, 3),
(395, 358, 0),
(395, 350, 1),
(395, 364, 2),
(385, 364, 0),
(385, 375, 1),
(385, 358, 2);
CREATE MEMORY TABLE "PUBLIC"."CHECKSUMS"(
"CHECKSUM" VARCHAR(255) NOT NULL,
"EXPIRES_AT" TIMESTAMP,
"TRANSITIVE" BOOLEAN NOT NULL,
"AREA_ID" BIGINT,
"DELEGATED_TO_CHECKSUM" VARCHAR(255),
"PUBLIC_PROXY_ID" BIGINT
);
ALTER TABLE "PUBLIC"."CHECKSUMS" ADD CONSTRAINT "PUBLIC"."CONSTRAINT_B" PRIMARY KEY("CHECKSUM");
-- 18 +/- SELECT COUNT(*) FROM PUBLIC.CHECKSUMS;
INSERT INTO "PUBLIC"."CHECKSUMS" VALUES
('$2a$10$1IdrGrRAN2Wp3U7QI.JIzuccBk8DrXNh0KtYIUb4eNp.t52wOn6W2', TIMESTAMP '2019-12-02 16:18:44.22', TRUE, 22, NULL, 1),
('$2a$10$1IdrGrRAN2Wp3U7QI.JIzuL7lV2QCtsOcieHmoCH6Frx3m0Y2gHDy', TIMESTAMP '2019-12-02 16:18:56.155', TRUE, 22, '$2a$10$1IdrGrRAN2Wp3U7QI.JIzuccBk8DrXNh0KtYIUb4eNp.t52wOn6W2', NULL),
('$2a$10$1IdrGrRAN2Wp3U7QI.JIzuEtxLCwrNT9pKlY1rgxYhl3RtaNJEQW.', TIMESTAMP '2019-12-02 16:18:55.221', TRUE, 22, '$2a$10$1IdrGrRAN2Wp3U7QI.JIzuccBk8DrXNh0KtYIUb4eNp.t52wOn6W2', 3),
('$2a$10$1IdrGrRAN2Wp3U7QI.JIzuZjktzIdpQANYKKzwjQ2AG3JLRied3ZC', TIMESTAMP '2019-12-02 16:18:45.901', TRUE, 22, '$2a$10$1IdrGrRAN2Wp3U7QI.JIzuccBk8DrXNh0KtYIUb4eNp.t52wOn6W2', 4),
('$2a$10$1IdrGrRAN2Wp3U7QI.JIzuNX3Ud6yFocoawh8dxtXS6Xinvh2wN8O', TIMESTAMP '2019-12-02 16:18:55.455', TRUE, 22, NULL, 5),
('$2a$10$1IdrGrRAN2Wp3U7QI.JIzulyuC.ir27zjCKynm/ef4Gp77Z9XU9UC', TIMESTAMP '2019-12-02 16:18:45.744', TRUE, 22, '$2a$10$1IdrGrRAN2Wp3U7QI.JIzuEtxLCwrNT9pKlY1rgxYhl3RtaNJEQW.', 6),
('$2a$10$1IdrGrRAN2Wp3U7QI.JIzu4HeueVNdaHPs3H5dOkHoKyKmOv2LOTy', TIMESTAMP '2019-12-02 16:18:54.991', TRUE, 22, '$2a$10$1IdrGrRAN2Wp3U7QI.JIzuZjktzIdpQANYKKzwjQ2AG3JLRied3ZC', 7),
('$2a$10$1IdrGrRAN2Wp3U7QI.JIzuYBfqBJ8KRURXGBEFD1NIy8BIUtxNH8i', TIMESTAMP '2019-12-02 16:18:55.683', TRUE, 22, '$2a$10$1IdrGrRAN2Wp3U7QI.JIzu4HeueVNdaHPs3H5dOkHoKyKmOv2LOTy', 10),
('$2a$10$1IdrGrRAN2Wp3U7QI.JIzuj.6MAo8TWBWCw/Az7uRlus4mRiLJh/i', TIMESTAMP '2019-12-02 16:18:55.919', TRUE, 22, '$2a$10$1IdrGrRAN2Wp3U7QI.JIzu4HeueVNdaHPs3H5dOkHoKyKmOv2LOTy', 11),
('$2a$10$1IdrGrRAN2Wp3U7QI.JIzukLk9n0nP/KZdEWe.TYbRMKT7d5wS9rm', TIMESTAMP '2019-12-02 16:18:57.795', FALSE, 22, '$2a$10$1IdrGrRAN2Wp3U7QI.JIzu4HeueVNdaHPs3H5dOkHoKyKmOv2LOTy', 12),
('$2a$10$1IdrGrRAN2Wp3U7QI.JIzuLWYmX8a8mYTh.vjJc7tXFvw8MYTRxn6', TIMESTAMP '2019-12-02 16:18:54.51', TRUE, 22, NULL, 13),
('$2a$10$1IdrGrRAN2Wp3U7QI.JIzumlcpwp8brtUDnbFrq3yf2CMP0CBmGkS', TIMESTAMP '2019-12-02 16:18:54.745', TRUE, 22, NULL, 15),
('$2a$10$1IdrGrRAN2Wp3U7QI.JIzupVvL.A.5dYSm7rGT0GBv1hPhN0oHIb2', TIMESTAMP '2019-12-02 16:18:56.389', TRUE, 22, NULL, 9),
('$2a$10$1IdrGrRAN2Wp3U7QI.JIzu5kxuD9IiiPFdcwyhozqhvbAy0ZE3UIy', TIMESTAMP '2019-12-02 16:18:56.623', TRUE, 22, NULL, 16),
('$2a$10$1IdrGrRAN2Wp3U7QI.JIzuWpvcrZ.M0VWtIrLxjdUF9DDvCTqEyxi', TIMESTAMP '2019-12-02 16:18:56.858', TRUE, 22, NULL, 20),
('$2a$10$1IdrGrRAN2Wp3U7QI.JIzutiQDHi8vodSsYuDPKvp8FraWGUTlwFG', TIMESTAMP '2019-12-02 16:18:57.092', TRUE, 22, NULL, 18),
('$2a$10$1IdrGrRAN2Wp3U7QI.JIzuidRK2esq5qotXMifey0buhheoxNToqO', TIMESTAMP '2019-12-02 16:18:57.311', TRUE, 22, NULL, 14),
('$2a$10$1IdrGrRAN2Wp3U7QI.JIzu6Bp5DRTXJoaGWZwPuxZlqWxdkXxzepO', TIMESTAMP '2019-12-02 16:18:57.561', TRUE, 22, NULL, 19);
CREATE MEMORY TABLE "PUBLIC"."COMMENTS"(
"ID" BIGINT NOT NULL,
"CREATED_AT" TIMESTAMP NOT NULL,
"UPDATED_AT" TIMESTAMP NOT NULL,
"COMMENT" VARCHAR(255) NOT NULL,
"CREATED_BY_ID" BIGINT NOT NULL,
"PARENT_ID" BIGINT,
"PROPOSAL_ID" BIGINT NOT NULL
);
ALTER TABLE "PUBLIC"."COMMENTS" ADD CONSTRAINT "PUBLIC"."CONSTRAINT_A" PRIMARY KEY("ID");
-- 133 +/- SELECT COUNT(*) FROM PUBLIC.COMMENTS;
INSERT INTO "PUBLIC"."COMMENTS" VALUES
(194, TIMESTAMP '2019-12-01 16:18:42.546', TIMESTAMP '2019-12-01 16:18:42.546', 'Comment on root level. I really like this idea, but needs to be improved. 1575213522530', 8, NULL, 193),
(195, TIMESTAMP '2019-12-01 16:18:42.546', TIMESTAMP '2019-12-01 16:18:42.546', 'Reply 0 Lorem ipsum dolor sit amet, consectetur adipiscing elit, sed do eiusmod tempor incididunt ut l', 15, 194, 193),
(196, TIMESTAMP '2019-12-01 16:18:42.546', TIMESTAMP '2019-12-01 16:18:42.546', 'Reply 1 Lorem ipsum dolor sit amet, consectetur adipiscing elit, sed do eiusmod tempor incididunt ut labor', 15, 194, 193),
(197, TIMESTAMP '2019-12-01 16:18:42.546', TIMESTAMP '2019-12-01 16:18:42.546', 'Reply 2 Lorem ipsum dol', 16, 194, 193),
(198, TIMESTAMP '2019-12-01 16:18:42.562', TIMESTAMP '2019-12-01 16:18:42.562', 'Reply 3 Lorem ipsum dolor sit ame', 6, 194, 193),
(199, TIMESTAMP '2019-12-01 16:18:42.562', TIMESTAMP '2019-12-01 16:18:42.562', 'Reply 4 Lorem ipsum dolor sit amet, consectetur adipiscing elit, ', 6, 194, 193),
(200, TIMESTAMP '2019-12-01 16:18:42.562', TIMESTAMP '2019-12-01 16:18:42.562', 'Reply 5 Lorem ipsum dolor sit amet, consectetur adipiscing elit, sed do eiusmod tempor ', 8, 194, 193),
(201, TIMESTAMP '2019-12-01 16:18:42.562', TIMESTAMP '2019-12-01 16:18:42.562', 'Reply 6 Lorem ipsum dolor sit amet, consectetur adipiscing elit, sed do eiusmod tempor incididunt', 1, 194, 193),
(203, TIMESTAMP '2019-12-01 16:18:42.593', TIMESTAMP '2019-12-01 16:18:42.593', 'Comment on root level. I really like this idea, but needs to be improved. 1575213522593', 19, NULL, 202),
(204, TIMESTAMP '2019-12-01 16:18:42.593', TIMESTAMP '2019-12-01 16:18:42.593', 'Reply 0 Lorem ipsum dolor s', 12, 203, 202),
(205, TIMESTAMP '2019-12-01 16:18:42.593', TIMESTAMP '2019-12-01 16:18:42.593', 'Reply 1 Lorem ipsum dolor sit amet, consectetur adipiscing elit, sed do eiusmod tempor incid', 6, 203, 202),
(206, TIMESTAMP '2019-12-01 16:18:42.593', TIMESTAMP '2019-12-01 16:18:42.593', 'Reply 2 Lorem ipsum dolor sit amet, consectetur adipiscing elit, sed do eiusmod tempo', 11, 203, 202),
(207, TIMESTAMP '2019-12-01 16:18:42.624', TIMESTAMP '2019-12-01 16:18:42.624', 'Reply 3 Lorem ipsum dolor sit amet, conse', 18, 203, 202),
(208, TIMESTAMP '2019-12-01 16:18:42.624', TIMESTAMP '2019-12-01 16:18:42.624', 'Reply 4 Lorem ipsum dolor s', 14, 203, 202),
(210, TIMESTAMP '2019-12-01 16:18:42.702', TIMESTAMP '2019-12-01 16:18:42.702', 'Comment on root level. I really like this idea, but needs to be improved. 1575213522687', 13, NULL, 209),
(211, TIMESTAMP '2019-12-01 16:18:42.702', TIMESTAMP '2019-12-01 16:18:42.702', 'Reply 0 Lorem ipsum dolor sit amet, consectetur adi', 18, 210, 209),
(212, TIMESTAMP '2019-12-01 16:18:42.702', TIMESTAMP '2019-12-01 16:18:42.702', 'Reply 1 Lorem ipsum dolor sit amet, consectetur adipiscing elit, sed do', 9, 210, 209),
(213, TIMESTAMP '2019-12-01 16:18:42.702', TIMESTAMP '2019-12-01 16:18:42.702', 'Reply 2 Lorem ipsum dolor sit amet, consectetur adipiscing elit, sed do', 13, 210, 209),
(214, TIMESTAMP '2019-12-01 16:18:42.702', TIMESTAMP '2019-12-01 16:18:42.702', 'Reply 3 Lorem ipsum dolor sit amet', 16, 210, 209),
(215, TIMESTAMP '2019-12-01 16:18:42.702', TIMESTAMP '2019-12-01 16:18:42.702', 'Reply 4 Lorem ipsum dolor sit amet, consectetur adipiscing elit, sed do eiusmod te', 15, 210, 209),
(216, TIMESTAMP '2019-12-01 16:18:42.702', TIMESTAMP '2019-12-01 16:18:42.702', 'Reply 5 Lorem ipsum dolor sit amet, consectetur adipiscing elit, sed ', 14, 210, 209),
(217, TIMESTAMP '2019-12-01 16:18:42.702', TIMESTAMP '2019-12-01 16:18:42.702', 'Reply 6 Lorem ipsum dolor sit amet, consectetur adipiscing elit, sed do eiusmod tempor incididunt ut', 13, 210, 209),
(218, TIMESTAMP '2019-12-01 16:18:42.718', TIMESTAMP '2019-12-01 16:18:42.718', 'Reply 7 Lorem ipsum dolor sit amet, consectetur adipiscing elit, sed do eiusmod tempor incidid', 18, 210, 209),
(220, TIMESTAMP '2019-12-01 16:18:42.733', TIMESTAMP '2019-12-01 16:18:42.733', 'Comment on root level. I really like this idea, but needs to be improved. 1575213522733', 20, NULL, 219);
INSERT INTO "PUBLIC"."COMMENTS" VALUES
(221, TIMESTAMP '2019-12-01 16:18:42.733', TIMESTAMP '2019-12-01 16:18:42.733', 'Reply 0 Lorem ipsum dolor sit amet, consectetur adipiscing elit, ', 5, 220, 219),
(222, TIMESTAMP '2019-12-01 16:18:42.733', TIMESTAMP '2019-12-01 16:18:42.733', 'Reply 1 Lorem ipsum dolo', 20, 220, 219),
(223, TIMESTAMP '2019-12-01 16:18:42.733', TIMESTAMP '2019-12-01 16:18:42.733', 'Reply 2 Lorem ipsum dolor sit amet, consectetur adipiscing e', 2, 220, 219),
(224, TIMESTAMP '2019-12-01 16:18:42.733', TIMESTAMP '2019-12-01 16:18:42.733', 'Reply 3 Lorem ipsum dolor sit', 9, 220, 219),
(226, TIMESTAMP '2019-12-01 16:18:42.749', TIMESTAMP '2019-12-01 16:18:42.749', 'Comment on root level. I really like this idea, but needs to be improved. 1575213522749', 14, NULL, 225),
(227, TIMESTAMP '2019-12-01 16:18:42.749', TIMESTAMP '2019-12-01 16:18:42.749', 'Reply 0 Lorem ipsum dolor sit amet, consectetur adipiscing elit, sed do eiusmod tempor incididunt ut ', 16, 226, 225),
(228, TIMESTAMP '2019-12-01 16:18:42.749', TIMESTAMP '2019-12-01 16:18:42.749', 'Reply 1 Lorem ipsum dolor sit amet, consectetur adipiscing elit, sed do eiusmod tempor incididunt ut lab', 9, 226, 225),
(229, TIMESTAMP '2019-12-01 16:18:42.749', TIMESTAMP '2019-12-01 16:18:42.749', 'Reply 2 Lorem ipsum dolor sit amet, consectetur adipiscing elit, s', 2, 226, 225),
(240, TIMESTAMP '2019-12-01 16:18:48.205', TIMESTAMP '2019-12-01 16:18:48.205', 'Comment on root level. I really like this idea, but needs to be improved. 1575213528205', 8, NULL, 239),
(241, TIMESTAMP '2019-12-01 16:18:48.205', TIMESTAMP '2019-12-01 16:18:48.205', 'Reply 0 Lorem ipsum dolor ', 6, 240, 239),
(242, TIMESTAMP '2019-12-01 16:18:48.205', TIMESTAMP '2019-12-01 16:18:48.205', 'Reply 1 Lorem ipsum dolor sit amet, consectetur adipiscing elit, sed do eiusmod tempor incididunt ut la', 1, 240, 239),
(245, TIMESTAMP '2019-12-01 16:18:48.236', TIMESTAMP '2019-12-01 16:18:48.236', 'Comment on root level. I really like this idea, but needs to be improved. 1575213528236', 13, NULL, 244),
(246, TIMESTAMP '2019-12-01 16:18:48.236', TIMESTAMP '2019-12-01 16:18:48.236', 'Reply 0 Lorem ipsu', 8, 245, 244),
(247, TIMESTAMP '2019-12-01 16:18:48.236', TIMESTAMP '2019-12-01 16:18:48.236', 'Reply 1 Lorem ipsum dolor sit amet, consec', 4, 245, 244),
(248, TIMESTAMP '2019-12-01 16:18:48.236', TIMESTAMP '2019-12-01 16:18:48.236', 'Reply 2 Lorem ipsum dolor sit amet, consectetur adipiscing elit, sed do eiusmod tempor incididunt ut la', 18, 245, 244),
(250, TIMESTAMP '2019-12-01 16:18:48.268', TIMESTAMP '2019-12-01 16:18:48.268', 'Comment on root level. I really like this idea, but needs to be improved. 1575213528268', 19, NULL, 249),
(251, TIMESTAMP '2019-12-01 16:18:48.268', TIMESTAMP '2019-12-01 16:18:48.268', 'Reply 0 Lorem ipsum dolor sit amet, consectetur adipisc', 15, 250, 249),
(252, TIMESTAMP '2019-12-01 16:18:48.268', TIMESTAMP '2019-12-01 16:18:48.268', 'Reply 1 Lorem ipsum dolor sit amet, consectetur adipiscing elit, sed do eiusmod tempor incididunt ut la', 12, 250, 249),
(253, TIMESTAMP '2019-12-01 16:18:48.268', TIMESTAMP '2019-12-01 16:18:48.268', 'Reply 2 Lorem ipsum dolor sit amet, consectetur adipiscing elit, sed do eiusmod tempor incididunt', 16, 250, 249),
(255, TIMESTAMP '2019-12-01 16:18:48.299', TIMESTAMP '2019-12-01 16:18:48.299', 'Comment on root level. I really like this idea, but needs to be improved. 1575213528299', 10, NULL, 254),
(256, TIMESTAMP '2019-12-01 16:18:48.299', TIMESTAMP '2019-12-01 16:18:48.299', 'Reply 0 Lorem ipsum dolor sit amet, consec', 12, 255, 254),
(257, TIMESTAMP '2019-12-01 16:18:48.299', TIMESTAMP '2019-12-01 16:18:48.299', 'Reply 1 Lorem ipsum dolor sit amet, consectetur adipiscing elit,', 2, 255, 254),
(258, TIMESTAMP '2019-12-01 16:18:48.299', TIMESTAMP '2019-12-01 16:18:48.299', 'Reply 2 Lorem ipsum dolor sit amet, consect', 12, 255, 254),
(259, TIMESTAMP '2019-12-01 16:18:48.299', TIMESTAMP '2019-12-01 16:18:48.299', 'Reply 3 Lorem ipsum d', 11, 255, 254),
(261, TIMESTAMP '2019-12-01 16:18:48.314', TIMESTAMP '2019-12-01 16:18:48.314', 'Comment on root level. I really like this idea, but needs to be improved. 1575213528314', 13, NULL, 260);
INSERT INTO "PUBLIC"."COMMENTS" VALUES
(262, TIMESTAMP '2019-12-01 16:18:48.314', TIMESTAMP '2019-12-01 16:18:48.314', 'Reply 0 Lorem ipsum dolor sit amet, consectetur adipiscing elit, sed do eiusmod tempor incididunt ut labo', 14, 261, 260),
(263, TIMESTAMP '2019-12-01 16:18:48.314', TIMESTAMP '2019-12-01 16:18:48.314', 'Reply 1 Lorem ipsum dolor sit amet, ', 5, 261, 260),
(264, TIMESTAMP '2019-12-01 16:18:48.314', TIMESTAMP '2019-12-01 16:18:48.314', 'Reply 2 Lorem ipsum dolor sit amet, consectetur adipiscing elit, sed do ', 5, 261, 260),
(266, TIMESTAMP '2019-12-01 16:18:48.346', TIMESTAMP '2019-12-01 16:18:48.346', 'Comment on root level. I really like this idea, but needs to be improved. 1575213528346', 20, NULL, 265),
(267, TIMESTAMP '2019-12-01 16:18:48.346', TIMESTAMP '2019-12-01 16:18:48.346', 'Reply 0 Lorem ipsum dol', 14, 266, 265),
(268, TIMESTAMP '2019-12-01 16:18:48.346', TIMESTAMP '2019-12-01 16:18:48.346', 'Reply 1 Lorem ipsu', 2, 266, 265),
(269, TIMESTAMP '2019-12-01 16:18:48.346', TIMESTAMP '2019-12-01 16:18:48.346', 'Reply 2 Lorem ipsu', 1, 266, 265),
(270, TIMESTAMP '2019-12-01 16:18:48.346', TIMESTAMP '2019-12-01 16:18:48.346', 'Reply 3 Lorem ipsum', 13, 266, 265),
(273, TIMESTAMP '2019-12-01 16:18:48.377', TIMESTAMP '2019-12-01 16:18:48.377', 'Comment on root level. I really like this idea, but needs to be improved. 1575213528361', 8, NULL, 272),
(274, TIMESTAMP '2019-12-01 16:18:48.377', TIMESTAMP '2019-12-01 16:18:48.377', 'Reply 0 Lorem ipsum d', 14, 273, 272),
(275, TIMESTAMP '2019-12-01 16:18:48.377', TIMESTAMP '2019-12-01 16:18:48.377', 'Reply 1 Lorem ipsum dolor sit amet, consectetur adipiscing elit, sed do eiusmod tempor incidi', 10, 273, 272),
(276, TIMESTAMP '2019-12-01 16:18:48.377', TIMESTAMP '2019-12-01 16:18:48.377', 'Reply 2 Lorem ipsum dolor sit', 5, 273, 272),
(277, TIMESTAMP '2019-12-01 16:18:48.377', TIMESTAMP '2019-12-01 16:18:48.377', 'Reply 3 Lorem ipsum dolor sit amet, con', 5, 273, 272),
(279, TIMESTAMP '2019-12-01 16:18:48.471', TIMESTAMP '2019-12-01 16:18:48.471', 'Comment on root level. I really like this idea, but needs to be improved. 1575213528471', 13, NULL, 278),
(280, TIMESTAMP '2019-12-01 16:18:48.486', TIMESTAMP '2019-12-01 16:18:48.486', 'Reply 0 Lorem ipsum dolor sit amet, consectetur adipisci', 6, 279, 278),
(281, TIMESTAMP '2019-12-01 16:18:48.486', TIMESTAMP '2019-12-01 16:18:48.486', 'Reply 1 Lorem ipsum dolor sit amet, consectetur adipiscing ', 13, 279, 278),
(282, TIMESTAMP '2019-12-01 16:18:48.486', TIMESTAMP '2019-12-01 16:18:48.486', 'Reply 2 Lorem ipsum dolor sit amet, consectetur adipiscing elit, sed do eiusmod tempor incididunt ut labo', 10, 279, 278),
(283, TIMESTAMP '2019-12-01 16:18:48.486', TIMESTAMP '2019-12-01 16:18:48.486', 'Reply 3 Lorem ipsum dolor sit amet, consec', 10, 279, 278),
(284, TIMESTAMP '2019-12-01 16:18:48.486', TIMESTAMP '2019-12-01 16:18:48.486', 'Reply 4 Lorem ipsum dolor sit amet, con', 18, 279, 278),
(286, TIMESTAMP '2019-12-01 16:18:48.517', TIMESTAMP '2019-12-01 16:18:48.517', 'Comment on root level. I really like this idea, but needs to be improved. 1575213528517', 15, NULL, 285),
(287, TIMESTAMP '2019-12-01 16:18:48.517', TIMESTAMP '2019-12-01 16:18:48.517', 'Reply 0 Lorem ipsum dolor sit amet, consectetur adipis', 2, 286, 285),
(288, TIMESTAMP '2019-12-01 16:18:48.517', TIMESTAMP '2019-12-01 16:18:48.517', 'Reply 1 Lorem ipsum dolor sit amet, consectetur adipiscing elit, sed do e', 9, 286, 285),
(289, TIMESTAMP '2019-12-01 16:18:48.517', TIMESTAMP '2019-12-01 16:18:48.517', 'Reply 2 Lorem ipsum dolor sit amet, consectetur adipiscing elit, sed do eiusmod tempor incididunt ut ', 1, 286, 285),
(290, TIMESTAMP '2019-12-01 16:18:48.517', TIMESTAMP '2019-12-01 16:18:48.517', 'Reply 3 Lorem ipsum dolor sit amet, cons', 8, 286, 285),
(291, TIMESTAMP '2019-12-01 16:18:48.517', TIMESTAMP '2019-12-01 16:18:48.517', 'Reply 4 Lorem ipsum dolor sit amet', 11, 286, 285),
(292, TIMESTAMP '2019-12-01 16:18:48.533', TIMESTAMP '2019-12-01 16:18:48.533', 'Reply 5 Lorem ipsum dolor sit', 9, 286, 285),
(293, TIMESTAMP '2019-12-01 16:18:48.533', TIMESTAMP '2019-12-01 16:18:48.533', 'Reply 6 Lorem ipsum dolor sit amet, consectetur adipiscing elit, sed do eiusmod tem', 19, 286, 285);
INSERT INTO "PUBLIC"."COMMENTS" VALUES
(295, TIMESTAMP '2019-12-01 16:18:48.549', TIMESTAMP '2019-12-01 16:18:48.549', 'Comment on root level. I really like this idea, but needs to be improved. 1575213528549', 11, NULL, 294),
(296, TIMESTAMP '2019-12-01 16:18:48.549', TIMESTAMP '2019-12-01 16:18:48.549', 'Reply 0 Lorem ipsum dolor sit amet, consectetur adipiscing elit, sed do eiusmod te', 18, 295, 294),
(297, TIMESTAMP '2019-12-01 16:18:48.549', TIMESTAMP '2019-12-01 16:18:48.549', 'Reply 1 Lorem ipsum dolor sit amet, consect', 9, 295, 294),
(298, TIMESTAMP '2019-12-01 16:18:48.549', TIMESTAMP '2019-12-01 16:18:48.549', 'Reply 2 Lorem ipsum dolor sit amet, consect', 12, 295, 294),
(299, TIMESTAMP '2019-12-01 16:18:48.549', TIMESTAMP '2019-12-01 16:18:48.549', 'Reply 3 Lorem ipsum dolor sit amet, consect', 11, 295, 294),
(300, TIMESTAMP '2019-12-01 16:18:48.564', TIMESTAMP '2019-12-01 16:18:48.564', 'Reply 4 Lorem ipsum dolor sit amet, consectetur adipiscing e', 8, 295, 294),
(301, TIMESTAMP '2019-12-01 16:18:48.564', TIMESTAMP '2019-12-01 16:18:48.564', 'Reply 5 Lorem ipsum dolor sit amet, consectetur adipiscing elit, sed do eiusmod', 5, 295, 294),
(303, TIMESTAMP '2019-12-01 16:18:48.658', TIMESTAMP '2019-12-01 16:18:48.658', 'Comment on root level. I really like this idea, but needs to be improved. 1575213528658', 1, NULL, 302),
(304, TIMESTAMP '2019-12-01 16:18:48.658', TIMESTAMP '2019-12-01 16:18:48.658', 'Reply 0 Lorem ipsum dolor sit amet, consectetur adipiscing elit, sed', 8, 303, 302),
(305, TIMESTAMP '2019-12-01 16:18:48.674', TIMESTAMP '2019-12-01 16:18:48.674', 'Reply 1 Lorem ipsum dolor sit amet, consectetur adipiscing', 16, 303, 302),
(308, TIMESTAMP '2019-12-01 16:18:48.689', TIMESTAMP '2019-12-01 16:18:48.689', 'Comment on root level. I really like this idea, but needs to be improved. 1575213528689', 17, NULL, 307),
(309, TIMESTAMP '2019-12-01 16:18:48.689', TIMESTAMP '2019-12-01 16:18:48.689', 'Reply 0 Lorem ipsum dolor s', 1, 308, 307),
(310, TIMESTAMP '2019-12-01 16:18:48.689', TIMESTAMP '2019-12-01 16:18:48.689', 'Reply 1 Lorem ipsum d', 12, 308, 307),
(311, TIMESTAMP '2019-12-01 16:18:48.689', TIMESTAMP '2019-12-01 16:18:48.689', 'Reply 2 Lorem ipsum dolor sit amet, consectetur adipiscing elit', 5, 308, 307),
(312, TIMESTAMP '2019-12-01 16:18:48.689', TIMESTAMP '2019-12-01 16:18:48.689', 'Reply 3 Lorem ipsum dolor sit amet, consectetur adipiscing elit, sed do eiusmod tempor incididunt ut la', 15, 308, 307),
(313, TIMESTAMP '2019-12-01 16:18:48.689', TIMESTAMP '2019-12-01 16:18:48.689', 'Reply 4 Lorem ipsum dolor sit amet, consectetur adipiscing elit, sed do eiusmod tempor incididunt ut ', 4, 308, 307),
(315, TIMESTAMP '2019-12-01 16:18:48.721', TIMESTAMP '2019-12-01 16:18:48.721', 'Comment on root level. I really like this idea, but needs to be improved. 1575213528721', 19, NULL, 314),
(316, TIMESTAMP '2019-12-01 16:18:48.721', TIMESTAMP '2019-12-01 16:18:48.721', 'Reply 0 Lorem ipsum dolor sit amet, consectetur adipiscing elit, sed do eiusmod tempor incididunt ut ', 9, 315, 314),
(317, TIMESTAMP '2019-12-01 16:18:48.721', TIMESTAMP '2019-12-01 16:18:48.721', 'Reply 1 Lorem ipsum dolor sit amet, consectetur adipiscing elit, sed do eiusmod tempor incididunt ut ', 11, 315, 314),
(318, TIMESTAMP '2019-12-01 16:18:48.721', TIMESTAMP '2019-12-01 16:18:48.721', 'Reply 2 Lorem ipsum dolor sit', 6, 315, 314),
(319, TIMESTAMP '2019-12-01 16:18:48.721', TIMESTAMP '2019-12-01 16:18:48.721', 'Reply 3 Lorem ipsum dolor sit amet, consectetur adipiscing elit, sed do eiusmod tempor inci', 14, 315, 314),
(320, TIMESTAMP '2019-12-01 16:18:48.721', TIMESTAMP '2019-12-01 16:18:48.721', 'Reply 4 Lorem ipsum dolor sit am', 8, 315, 314),
(321, TIMESTAMP '2019-12-01 16:18:48.721', TIMESTAMP '2019-12-01 16:18:48.721', 'Reply 5 Lorem ipsum dolor sit amet, consectetur adipisci', 7, 315, 314),
(322, TIMESTAMP '2019-12-01 16:18:48.721', TIMESTAMP '2019-12-01 16:18:48.721', 'Reply 6 Lorem ipsum dolor sit amet, consectetur adip', 7, 315, 314),
(324, TIMESTAMP '2019-12-01 16:18:48.736', TIMESTAMP '2019-12-01 16:18:48.736', 'Comment on root level. I really like this idea, but needs to be improved. 1575213528736', 2, NULL, 323);
INSERT INTO "PUBLIC"."COMMENTS" VALUES
(325, TIMESTAMP '2019-12-01 16:18:48.736', TIMESTAMP '2019-12-01 16:18:48.736', 'Reply 0 Lorem ipsum dolor sit amet, consectetur adipiscing elit, sed do eiusmod tempor incididunt ut', 7, 324, 323),
(326, TIMESTAMP '2019-12-01 16:18:48.736', TIMESTAMP '2019-12-01 16:18:48.736', 'Reply 1 Lorem ipsum dolor sit amet, consectetur adipiscing elit, sed do eiusmod tempor incididunt u', 17, 324, 323),
(327, TIMESTAMP '2019-12-01 16:18:48.752', TIMESTAMP '2019-12-01 16:18:48.752', 'Reply 2 Lorem ipsum dolor sit amet, consectetur adipiscing elit, sed do', 15, 324, 323),
(328, TIMESTAMP '2019-12-01 16:18:48.752', TIMESTAMP '2019-12-01 16:18:48.752', 'Reply 3 Lorem ipsum dolor sit amet, consectetur adipiscing elit, sed do eiusmod tempor inci', 16, 324, 323),
(329, TIMESTAMP '2019-12-01 16:18:48.752', TIMESTAMP '2019-12-01 16:18:48.752', 'Reply 4 Lorem ipsum dolor sit a', 6, 324, 323),
(331, TIMESTAMP '2019-12-01 16:18:48.767', TIMESTAMP '2019-12-01 16:18:48.767', 'Comment on root level. I really like this idea, but needs to be improved. 1575213528767', 8, NULL, 330),
(332, TIMESTAMP '2019-12-01 16:18:48.767', TIMESTAMP '2019-12-01 16:18:48.767', 'Reply 0 Lorem ipsum dolor sit amet, consectetur adipiscing elit, sed do eiu', 5, 331, 330),
(333, TIMESTAMP '2019-12-01 16:18:48.767', TIMESTAMP '2019-12-01 16:18:48.767', 'Reply 1 Lorem ipsum dolor sit', 20, 331, 330),
(351, TIMESTAMP '2019-12-01 16:18:54.244', TIMESTAMP '2019-12-01 16:18:54.244', 'Comment on root level. I really like this idea, but needs to be improved. 1575213534244', 7, NULL, 350),
(352, TIMESTAMP '2019-12-01 16:18:54.244', TIMESTAMP '2019-12-01 16:18:54.244', 'Reply 0 Lorem ipsum dolor sit amet, consectetur adipiscing elit', 3, 351, 350),
(353, TIMESTAMP '2019-12-01 16:18:54.244', TIMESTAMP '2019-12-01 16:18:54.244', 'Reply 1 Lorem ipsum dol', 8, 351, 350),
(354, TIMESTAMP '2019-12-01 16:18:54.244', TIMESTAMP '2019-12-01 16:18:54.244', 'Reply 2 Lorem ipsum dolor sit amet, consectetur adipiscing elit, sed do eiusm', 8, 351, 350),
(355, TIMESTAMP '2019-12-01 16:18:54.244', TIMESTAMP '2019-12-01 16:18:54.244', 'Reply 3 Lorem ipsum dolor sit amet, consectetur adipiscing elit, sed do eiusmod tempor incididu', 6, 351, 350),
(356, TIMESTAMP '2019-12-01 16:18:54.244', TIMESTAMP '2019-12-01 16:18:54.244', 'Reply 4 Lorem ipsum dolor sit amet, consectetur adipiscing elit, sed do eiusmod tempor incididunt ut labor', 3, 351, 350),
(359, TIMESTAMP '2019-12-01 16:18:54.276', TIMESTAMP '2019-12-01 16:18:54.276', 'Comment on root level. I really like this idea, but needs to be improved. 1575213534276', 19, NULL, 358),
(360, TIMESTAMP '2019-12-01 16:18:54.276', TIMESTAMP '2019-12-01 16:18:54.276', 'Reply 0 Lorem ipsum dolor sit amet', 3, 359, 358),
(361, TIMESTAMP '2019-12-01 16:18:54.276', TIMESTAMP '2019-12-01 16:18:54.276', 'Reply 1 Lorem ipsum dolor sit amet, consectetur adipiscing elit, sed do eiusmod tem', 16, 359, 358),
(362, TIMESTAMP '2019-12-01 16:18:54.276', TIMESTAMP '2019-12-01 16:18:54.276', 'Reply 2 Lorem ipsum dolor sit amet, consectetur ', 1, 359, 358),
(363, TIMESTAMP '2019-12-01 16:18:54.276', TIMESTAMP '2019-12-01 16:18:54.276', 'Reply 3 Lorem ipsum dolor sit amet, consectetur ad', 9, 359, 358),
(365, TIMESTAMP '2019-12-01 16:18:54.291', TIMESTAMP '2019-12-01 16:18:54.291', 'Comment on root level. I really like this idea, but needs to be improved. 1575213534291', 13, NULL, 364),
(366, TIMESTAMP '2019-12-01 16:18:54.291', TIMESTAMP '2019-12-01 16:18:54.291', 'Reply 0 Lorem ipsum dolor sit amet, consectetur adipiscing elit, sed do eiusmo', 17, 365, 364),
(367, TIMESTAMP '2019-12-01 16:18:54.291', TIMESTAMP '2019-12-01 16:18:54.291', 'Reply 1 Lorem ipsum dolor s', 4, 365, 364),
(368, TIMESTAMP '2019-12-01 16:18:54.291', TIMESTAMP '2019-12-01 16:18:54.291', 'Reply 2 Lorem ipsum dol', 11, 365, 364),
(370, TIMESTAMP '2019-12-01 16:18:54.307', TIMESTAMP '2019-12-01 16:18:54.307', 'Comment on root level. I really like this idea, but needs to be improved. 1575213534307', 3, NULL, 369),
(371, TIMESTAMP '2019-12-01 16:18:54.307', TIMESTAMP '2019-12-01 16:18:54.307', 'Reply 0 Lorem ipsum dolor sit amet, consectetur adipiscing elit, ', 4, 370, 369);
INSERT INTO "PUBLIC"."COMMENTS" VALUES
(372, TIMESTAMP '2019-12-01 16:18:54.307', TIMESTAMP '2019-12-01 16:18:54.307', 'Reply 1 Lorem ipsum dolor', 3, 370, 369),
(373, TIMESTAMP '2019-12-01 16:18:54.307', TIMESTAMP '2019-12-01 16:18:54.307', 'Reply 2 Lorem ipsum dolor sit amet, consectetur adipiscing elit, sed do eiusmod tempor i', 2, 370, 369),
(374, TIMESTAMP '2019-12-01 16:18:54.307', TIMESTAMP '2019-12-01 16:18:54.307', 'Reply 3 Lorem ipsum dolor sit amet, consect', 4, 370, 369),
(376, TIMESTAMP '2019-12-01 16:18:54.338', TIMESTAMP '2019-12-01 16:18:54.338', 'Comment on root level. I really like this idea, but needs to be improved. 1575213534338', 4, NULL, 375),
(377, TIMESTAMP '2019-12-01 16:18:54.338', TIMESTAMP '2019-12-01 16:18:54.338', 'Reply 0 Lorem ipsum dolor sit amet, consectet', 8, 376, 375),
(378, TIMESTAMP '2019-12-01 16:18:54.338', TIMESTAMP '2019-12-01 16:18:54.338', 'Reply 1 Lorem ipsum dolor sit amet, conse', 13, 376, 375),
(379, TIMESTAMP '2019-12-01 16:18:54.338', TIMESTAMP '2019-12-01 16:18:54.338', 'Reply 2 Lorem ipsum dolor sit amet, consectetur adipiscing elit, sed do eiusmod tem', 9, 376, 375);
CREATE MEMORY TABLE "PUBLIC"."COMMENTS_DOWN_VOTERS"(
"COMMENT_MODEL_ID" BIGINT NOT NULL,
"DOWN_VOTERS_ID" BIGINT NOT NULL
);
ALTER TABLE "PUBLIC"."COMMENTS_DOWN_VOTERS" ADD CONSTRAINT "PUBLIC"."CONSTRAINT_2" PRIMARY KEY("COMMENT_MODEL_ID", "DOWN_VOTERS_ID");
-- 338 +/- SELECT COUNT(*) FROM PUBLIC.COMMENTS_DOWN_VOTERS;
INSERT INTO "PUBLIC"."COMMENTS_DOWN_VOTERS" VALUES
(194, 6),
(195, 6),
(195, 18),
(195, 9),
(196, 17),
(197, 7),
(197, 10),
(197, 19),
(198, 17),
(198, 5),
(199, 5),
(200, 7),
(201, 13),
(201, 10),
(203, 6),
(203, 8),
(204, 11),
(205, 20),
(205, 10),
(206, 20),
(206, 19),
(207, 4),
(207, 9),
(208, 14),
(208, 3),
(210, 6),
(210, 9),
(211, 14),
(211, 12),
(212, 8),
(212, 1),
(212, 3),
(212, 5),
(213, 20),
(213, 14),
(213, 7),
(213, 12),
(213, 9),
(214, 11),
(214, 12),
(215, 6),
(215, 8),
(215, 5),
(215, 9),
(216, 18),
(216, 1),
(217, 11),
(217, 20),
(218, 13),
(218, 8),
(220, 13),
(220, 17),
(220, 12),
(220, 9),
(222, 13),
(222, 11),
(222, 20),
(222, 10),
(222, 15),
(223, 14),
(223, 10),
(223, 12),
(224, 20),
(224, 16),
(226, 8),
(226, 18),
(226, 10),
(226, 19),
(227, 16),
(227, 15),
(228, 2),
(228, 6),
(228, 9),
(229, 2),
(240, 13),
(240, 18),
(242, 11),
(242, 14),
(242, 1),
(242, 3),
(242, 15),
(245, 17),
(245, 16),
(246, 2),
(246, 19),
(247, 13),
(247, 7),
(247, 10),
(247, 3),
(247, 19),
(248, 4),
(250, 2),
(250, 6),
(250, 14),
(251, 4),
(251, 11),
(251, 1),
(252, 2),
(252, 13),
(252, 14),
(252, 5),
(253, 19),
(255, 5),
(257, 18),
(257, 19),
(257, 9),
(259, 6),
(259, 17),
(259, 19),
(259, 15),
(259, 9),
(261, 2),
(261, 13),
(261, 17),
(261, 18),
(261, 12),
(264, 8),
(266, 3),
(267, 15),
(267, 9),
(268, 14),
(268, 16),
(269, 2),
(269, 18),
(269, 12),
(270, 11),
(270, 14),
(270, 15),
(270, 12),
(273, 8),
(273, 14),
(273, 12),
(274, 16),
(274, 5),
(275, 13),
(275, 11),
(275, 18),
(276, 13),
(276, 8),
(276, 11),
(276, 17),
(276, 15),
(276, 9),
(277, 6),
(277, 17),
(277, 20),
(277, 3),
(277, 19),
(277, 15),
(279, 13),
(279, 20),
(279, 10),
(279, 12),
(280, 13),
(280, 17),
(280, 19),
(280, 15),
(280, 5),
(281, 13),
(281, 1),
(281, 3),
(282, 18),
(282, 20),
(282, 14),
(282, 9),
(283, 15),
(284, 6),
(284, 19),
(284, 16),
(287, 4),
(287, 1),
(287, 16),
(287, 12),
(287, 9),
(288, 17),
(288, 19),
(288, 15),
(288, 16),
(288, 9),
(289, 17),
(289, 20),
(289, 14),
(290, 5),
(291, 2),
(291, 7),
(291, 1),
(291, 19),
(291, 9),
(292, 3),
(293, 12),
(296, 8),
(296, 11),
(296, 17),
(296, 20),
(296, 7),
(296, 3),
(296, 15),
(297, 19),
(297, 5),
(298, 4),
(298, 5),
(299, 2),
(300, 17),
(303, 19),
(304, 8),
(304, 18),
(304, 14),
(305, 17),
(305, 1),
(305, 9),
(308, 18),
(308, 10),
(309, 11),
(309, 18),
(309, 20),
(309, 5),
(310, 16),
(311, 9),
(312, 2),
(312, 13),
(312, 11),
(312, 8),
(313, 7),
(313, 10),
(313, 5),
(313, 9),
(315, 11),
(315, 8),
(315, 14),
(315, 15),
(316, 8),
(316, 19),
(317, 13),
(317, 14),
(317, 10),
(318, 4),
(318, 6),
(318, 7),
(318, 1),
(318, 5),
(318, 12),
(319, 17),
(319, 20),
(319, 7),
(320, 13),
(321, 13),
(321, 5),
(322, 2),
(322, 3),
(322, 12),
(324, 1),
(324, 16),
(325, 6),
(325, 17),
(325, 10),
(325, 1),
(325, 5),
(325, 9),
(326, 13),
(326, 14),
(327, 2),
(327, 11),
(327, 20),
(327, 7),
(327, 9),
(328, 15),
(329, 14),
(331, 2),
(331, 6),
(331, 13),
(332, 7),
(332, 19),
(332, 12),
(333, 2),
(333, 18),
(333, 12),
(351, 20),
(351, 15),
(351, 9),
(352, 6),
(352, 8),
(353, 18),
(353, 20),
(353, 10),
(353, 15),
(353, 9),
(354, 2),
(354, 18),
(355, 2),
(355, 6),
(355, 13),
(355, 7),
(355, 5),
(356, 18),
(356, 20),
(356, 10),
(359, 6),
(359, 17),
(359, 18),
(359, 3),
(359, 16),
(360, 4),
(360, 7),
(361, 17),
(362, 18),
(362, 20),
(362, 3),
(363, 10),
(363, 3),
(363, 12),
(365, 13),
(366, 6),
(366, 17),
(366, 20),
(366, 7),
(366, 5),
(367, 16),
(368, 5),
(368, 9),
(370, 6),
(370, 3),
(371, 2),
(372, 15),
(373, 10),
(374, 4),
(374, 11),
(374, 14),
(374, 10),
(376, 1),
(377, 2),
(378, 17),
(378, 10),
(378, 1),
(378, 16),
(379, 4),
(379, 13),
(379, 17),
(379, 7);
CREATE MEMORY TABLE "PUBLIC"."COMMENTS_UP_VOTERS"(
"COMMENT_MODEL_ID" BIGINT NOT NULL,
"UP_VOTERS_ID" BIGINT NOT NULL
);
ALTER TABLE "PUBLIC"."COMMENTS_UP_VOTERS" ADD CONSTRAINT "PUBLIC"."CONSTRAINT_20" PRIMARY KEY("COMMENT_MODEL_ID", "UP_VOTERS_ID");
-- 321 +/- SELECT COUNT(*) FROM PUBLIC.COMMENTS_UP_VOTERS;
INSERT INTO "PUBLIC"."COMMENTS_UP_VOTERS" VALUES
(194, 2),
(194, 18),
(194, 17),
(194, 7),
(194, 10),
(194, 1),
(195, 2),
(195, 13),
(195, 18),
(195, 14),
(195, 10),
(195, 16),
(196, 19),
(196, 12),
(198, 13),
(198, 18),
(198, 17),
(198, 3),
(199, 9),
(200, 12),
(201, 4),
(201, 5),
(203, 3),
(203, 19),
(203, 5),
(203, 12),
(204, 2),
(204, 18),
(204, 9),
(205, 2),
(205, 18),
(205, 16),
(206, 13),
(206, 7),
(207, 17),
(207, 3),
(207, 9),
(208, 10),
(210, 3),
(211, 18),
(211, 14),
(211, 9),
(212, 16),
(213, 11),
(213, 8),
(213, 18),
(213, 14),
(216, 4),
(216, 19),
(216, 9),
(217, 2),
(217, 4),
(217, 8),
(217, 17),
(217, 10),
(218, 18),
(218, 12),
(218, 5),
(220, 11),
(221, 4),
(221, 13),
(221, 6),
(221, 18),
(221, 7),
(221, 16),
(222, 4),
(222, 7),
(222, 1),
(222, 9),
(223, 18),
(223, 5),
(224, 6),
(224, 20),
(226, 2),
(226, 14),
(226, 7),
(226, 19),
(226, 5),
(227, 6),
(228, 19),
(228, 16),
(229, 11),
(229, 19),
(229, 15),
(240, 8),
(240, 1),
(240, 5),
(241, 2),
(241, 11),
(241, 7),
(241, 1),
(242, 17),
(242, 20),
(242, 16),
(246, 20),
(246, 14),
(247, 6),
(247, 8),
(247, 20),
(247, 12),
(248, 8),
(248, 14),
(250, 8),
(251, 12),
(252, 14),
(252, 3),
(252, 9),
(253, 13),
(253, 17),
(253, 7),
(256, 6),
(256, 13),
(256, 18),
(256, 14),
(257, 18),
(257, 15),
(257, 16),
(258, 12),
(259, 8),
(259, 17),
(259, 14),
(259, 3),
(262, 11),
(262, 18),
(262, 1),
(262, 3),
(263, 9),
(264, 11),
(264, 8),
(264, 1),
(264, 3),
(266, 2),
(266, 11),
(266, 3),
(266, 9),
(267, 6),
(267, 8),
(267, 14),
(267, 3),
(267, 5),
(268, 4),
(268, 2),
(268, 20),
(268, 7),
(268, 16),
(269, 11),
(269, 7),
(269, 19),
(269, 5),
(269, 12),
(269, 9),
(270, 1),
(270, 5),
(273, 14),
(273, 9),
(274, 9),
(275, 13),
(275, 3),
(275, 16),
(276, 5),
(276, 12),
(279, 8),
(279, 20),
(280, 2),
(280, 7),
(281, 6),
(281, 17),
(281, 14),
(282, 6),
(282, 20),
(282, 3),
(282, 16),
(283, 2),
(283, 10),
(283, 12),
(284, 10),
(284, 3),
(284, 15),
(284, 9),
(288, 4),
(288, 17),
(288, 20),
(288, 16),
(289, 4),
(289, 8),
(289, 10),
(289, 19),
(289, 12),
(290, 4),
(290, 2),
(290, 16),
(291, 4),
(291, 20),
(291, 12),
(292, 11),
(292, 12),
(293, 1),
(295, 2),
(295, 4),
(295, 20),
(295, 14),
(295, 10),
(295, 9),
(296, 2),
(296, 9),
(297, 6),
(297, 20),
(297, 14),
(298, 7),
(298, 12),
(299, 17),
(299, 3),
(300, 20),
(300, 16),
(301, 8),
(301, 20),
(303, 4),
(303, 13),
(303, 12),
(304, 4),
(304, 17),
(304, 3),
(304, 12),
(305, 8),
(308, 13),
(308, 12),
(309, 7),
(309, 1),
(310, 2),
(310, 13),
(310, 10),
(311, 13),
(312, 14),
(312, 15),
(313, 12),
(315, 4),
(315, 6),
(315, 13),
(315, 1),
(316, 8),
(316, 1),
(316, 19),
(317, 4),
(317, 13),
(317, 10),
(317, 3),
(319, 10),
(319, 1),
(319, 3),
(319, 5),
(320, 4),
(321, 18),
(321, 5),
(322, 17),
(322, 14),
(322, 19),
(322, 15),
(324, 10),
(324, 19),
(325, 2),
(326, 14),
(327, 14),
(328, 8),
(328, 18),
(329, 11),
(329, 15),
(329, 5),
(329, 9),
(331, 17),
(331, 7),
(331, 9),
(332, 18),
(332, 14),
(333, 6),
(333, 18),
(333, 1),
(333, 5),
(351, 2),
(351, 11),
(351, 17),
(351, 15),
(352, 20),
(352, 14),
(354, 16),
(355, 2),
(356, 17),
(360, 17),
(360, 1),
(361, 6),
(362, 17),
(362, 7),
(362, 1),
(362, 5),
(363, 6),
(363, 8),
(363, 7),
(365, 18),
(365, 12),
(367, 14),
(367, 16),
(368, 18),
(368, 7),
(370, 8),
(370, 17),
(371, 8),
(371, 1),
(372, 11),
(372, 8),
(372, 5),
(373, 6),
(373, 10),
(374, 2),
(374, 3),
(377, 3),
(377, 12),
(378, 13),
(378, 8),
(379, 2),
(379, 1),
(379, 15),
(379, 12);
CREATE MEMORY TABLE "PUBLIC"."DELEGATIONS"(
"ID" BIGINT NOT NULL,
"CREATED_AT" TIMESTAMP NOT NULL,
"UPDATED_AT" TIMESTAMP NOT NULL,
"REQUESTED_DELEGATION_AT" TIMESTAMP,
"TRANSITIVE" BOOLEAN NOT NULL,
"AREA_ID" BIGINT NOT NULL,
"FROM_USER_ID" BIGINT NOT NULL,
"REQUESTED_DELEGATION_FROM_CHECKSUM_CHECKSUM" VARCHAR(255),
"TO_PROXY_ID" BIGINT NOT NULL
);
ALTER TABLE "PUBLIC"."DELEGATIONS" ADD CONSTRAINT "PUBLIC"."CONSTRAINT_8" PRIMARY KEY("ID");
-- 9 +/- SELECT COUNT(*) FROM PUBLIC.DELEGATIONS;
INSERT INTO "PUBLIC"."DELEGATIONS" VALUES
(230, TIMESTAMP '2019-12-01 16:18:43.468', TIMESTAMP '2019-12-01 16:18:43.468', NULL, TRUE, 22, 2, NULL, 1),
(231, TIMESTAMP '2019-12-01 16:18:44.08', TIMESTAMP '2019-12-01 16:18:44.08', NULL, TRUE, 22, 3, NULL, 1),
(232, TIMESTAMP '2019-12-01 16:18:44.689', TIMESTAMP '2019-12-01 16:18:44.689', NULL, TRUE, 22, 4, NULL, 1),
(233, TIMESTAMP '2019-12-01 16:18:45.143', TIMESTAMP '2019-12-01 16:18:45.143', TIMESTAMP '2019-12-01 16:18:45.143', TRUE, 22, 5, '$2a$10$1IdrGrRAN2Wp3U7QI.JIzuNX3Ud6yFocoawh8dxtXS6Xinvh2wN8O', 2),
(234, TIMESTAMP '2019-12-01 16:18:45.744', TIMESTAMP '2019-12-01 16:18:45.744', NULL, TRUE, 22, 6, NULL, 3),
(235, TIMESTAMP '2019-12-01 16:18:46.354', TIMESTAMP '2019-12-01 16:18:46.354', NULL, TRUE, 22, 7, NULL, 4),
(236, TIMESTAMP '2019-12-01 16:18:46.963', TIMESTAMP '2019-12-01 16:18:46.963', NULL, TRUE, 22, 10, NULL, 7),
(237, TIMESTAMP '2019-12-01 16:18:47.578', TIMESTAMP '2019-12-01 16:18:47.578', NULL, TRUE, 22, 11, NULL, 7),
(238, TIMESTAMP '2019-12-01 16:18:48.174', TIMESTAMP '2019-12-01 16:18:48.174', NULL, FALSE, 22, 12, NULL, 7);
CREATE MEMORY TABLE "PUBLIC"."KEY_VALUE"(
"ID" BIGINT NOT NULL,
"KEY_COL" VARCHAR(255) NOT NULL,
"VALUE_COL" VARCHAR(255)
);
ALTER TABLE "PUBLIC"."KEY_VALUE" ADD CONSTRAINT "PUBLIC"."CONSTRAINT_7" PRIMARY KEY("ID");
-- 0 +/- SELECT COUNT(*) FROM PUBLIC.KEY_VALUE;
CREATE MEMORY TABLE "PUBLIC"."LAWS"(
"ID" BIGINT NOT NULL,
"CREATED_AT" TIMESTAMP NOT NULL,
"UPDATED_AT" TIMESTAMP NOT NULL,
"DESCRIPTION" VARCHAR(1000) NOT NULL,
"REACHED_QUORUM_AT" TIMESTAMP,
"STATUS" INTEGER NOT NULL,
"TITLE" VARCHAR(255) NOT NULL,
"AREA_ID" BIGINT NOT NULL,
"CREATED_BY_ID" BIGINT,
"POLL_ID" BIGINT
);
ALTER TABLE "PUBLIC"."LAWS" ADD CONSTRAINT "PUBLIC"."CONSTRAINT_23" PRIMARY KEY("ID");
-- 188 +/- SELECT COUNT(*) FROM PUBLIC.LAWS;
INSERT INTO "PUBLIC"."LAWS" VALUES
(32, TIMESTAMP '2019-11-30 16:18:40.102', TIMESTAMP '2019-12-01 16:18:40.118', 'EBHB8Xlk Lorem ipsum dolor sit amet, consectetur adipiscing elit, sed do eiusmod tempor incididunt ut labore et dolore magna aliqua. Ut enim ad minim veniam, quis nostrud exercitation ullamco laboris nisi ut aliquip ex ea commodo consequat. Duis aute irure dolor in reprehenderit in voluptate velit esse cillum dolore eu fugiat nulla pariatur. Excepteur sint o', NULL, 0, 'Idea 0 title from TestFixtures', 22, 3, NULL),
(33, TIMESTAMP '2019-11-29 16:18:40.149', TIMESTAMP '2019-11-30 16:18:40.149', 'u2bKAB7W Lorem ipsum dolor sit amet, consectetur adipiscing elit, sed do eiusmod tempor incididunt ut labore et dolore magna aliqua. Ut enim ad minim veniam, quis nostrud exercitation ullamco laboris nisi ut aliquip ex ea comm', NULL, 0, 'Idea 1 that suggest that we definitely need a longer title for ideas', 23, 10, NULL),
(34, TIMESTAMP '2019-11-28 16:18:40.149', TIMESTAMP '2019-11-29 16:18:40.149', 'dScAWUOy Lorem ipsum dolor sit amet, consectetur adipiscing elit, sed do eiusmod tempor incididunt ut labore et dolore magna aliqua. Ut enim ad minim veniam, quis nostrud exercitation ullamco laboris nisi ut aliquip ex ea commodo consequat. Duis aute irure dolor in reprehenderit in voluptate velit esse cillum dolore eu fugiat nulla pariatur. Excepteur sint occaecat cupidatat non proident, sunt in c', NULL, 0, 'Idea 2 that suggest that we definitely need a longer title for ideas', 24, 15, NULL),
(35, TIMESTAMP '2019-11-27 16:18:40.165', TIMESTAMP '2019-11-28 16:18:40.165', 'yDdkY60F Lorem ipsum dolor sit amet, consectetur adipiscing elit, sed do eiusmod tempor incididunt ut labore et dolore magna aliqua. Ut enim ad minim veniam, quis nostrud exercitation ullamco laboris nisi ut aliquip e', NULL, 0, 'Idea 3 that suggest that we definitely need a longer title for ideas', 25, 8, NULL),
(36, TIMESTAMP '2019-11-26 16:18:40.165', TIMESTAMP '2019-11-27 16:18:40.165', 'upA8uhuf Lorem ipsum dolor sit amet, consectetur adipiscing elit, sed do eiusmod tempor incidid', NULL, 0, 'Idea 4 that suggest that we definitely need a longer title for ideas', 26, 4, NULL),
(37, TIMESTAMP '2019-11-25 16:18:40.18', TIMESTAMP '2019-11-26 16:18:40.18', 'rqdBP5X2 Lorem ipsum dolor sit amet, consectetur adipiscing elit, sed do eiusmod tempor incididunt ut labore et dolore magna aliqua. Ut enim ad minim veniam, quis nostrud exercitation ullamco laboris nisi ut aliquip ex ea commodo consequat. Duis aute irure dolor in reprehenderit in voluptate velit esse cillum dolore eu fugiat nulla pariatur. Excepteur sint occaecat cupidatat non proi', NULL, 0, 'Idea 5 that suggest that we definitely need a longer title for ideas', 27, 3, NULL),
(38, TIMESTAMP '2019-11-24 16:18:40.211', TIMESTAMP '2019-11-25 16:18:40.211', 'NV8OLEln Lorem ipsum dolo', NULL, 0, 'Idea 6 that suggest that we definitely need a longer title for ideas', 28, 8, NULL),
(39, TIMESTAMP '2019-11-23 16:18:40.227', TIMESTAMP '2019-11-24 16:18:40.227', 'YA4S4R5q Lorem ipsum dolor sit amet, consectetur adipiscing elit, sed do eiusmod tempor incididunt ut labore et dolore magna aliqua. Ut enim ad minim veniam, quis nostrud exercitation ullamco laboris nisi ut aliquip ex ea commodo consequat. Duis aute irure dolor in reprehenderit in voluptate velit esse cillum dolore eu fugiat nulla p', NULL, 0, 'Idea 7 that suggest that we definitely need a longer title for ideas', 29, 1, NULL),
(40, TIMESTAMP '2019-11-22 16:18:40.243', TIMESTAMP '2019-11-23 16:18:40.243', 'ZPdpbFQN Lorem ipsum dolor sit amet, consectetur adipiscing elit, sed do eiusmod tempor incididunt ut labore et dolore magna aliqua. Ut enim ad minim veniam, quis nostrud exercitat', NULL, 0, 'Idea 8 that suggest that we definitely need a longer title for ideas', 30, 14, NULL),
(41, TIMESTAMP '2019-11-21 16:18:40.274', TIMESTAMP '2019-11-22 16:18:40.274', 'yK3uwnLm Lorem ipsum dolor sit amet, consectetur ', NULL, 0, 'Idea 9 that suggest that we definitely need a longer title for ideas', 31, 20, NULL),
(42, TIMESTAMP '2019-11-20 16:18:40.305', TIMESTAMP '2019-11-21 16:18:40.305', 'Xgvr6YGu Lorem ipsum dolor sit amet, consectetur adipiscing elit, sed do eiusmod tempor incididunt ut labore et dolore magna aliqua. Ut enim ad minim veniam, quis nostrud exercitation ullamco laboris nisi ut aliquip ex ea commodo consequat. Duis aute irure dolor in reprehenderit in voluptate velit esse cillum dolo', NULL, 0, 'Idea 10 that suggest that we definitely need a longer title for ideas', 22, 11, NULL);
INSERT INTO "PUBLIC"."LAWS" VALUES
(43, TIMESTAMP '2019-11-19 16:18:40.321', TIMESTAMP '2019-11-20 16:18:40.321', 'SfBsnche Lorem ipsum dolor sit amet, consectetur adipiscing elit, sed do eiusmod tempor incididunt ut labore et dolore magna aliqua. ', NULL, 0, 'Idea 11 that suggest that we definitely need a longer title for ideas', 23, 5, NULL),
(44, TIMESTAMP '2019-11-18 16:18:40.321', TIMESTAMP '2019-11-19 16:18:40.321', 'pzqRggnP Lorem ipsum dolor sit amet, consecte', NULL, 0, 'Idea 12 that suggest that we definitely need a longer title for ideas', 24, 20, NULL),
(45, TIMESTAMP '2019-11-17 16:18:40.352', TIMESTAMP '2019-11-18 16:18:40.352', '9TvrE5ZF Lorem ipsum dolor sit amet, consectetur adipiscing elit, sed do eiusmod tempor incididunt ut labore et', NULL, 0, 'Idea 13 that suggest that we definitely need a longer title for ideas', 25, 5, NULL),
(46, TIMESTAMP '2019-11-16 16:18:40.368', TIMESTAMP '2019-11-17 16:18:40.368', 'BZWXlFxc Lorem ipsum dolor sit amet, consectetur adipiscing elit, sed do eiusmod tempor incididunt ut labore et dolore magna aliqua. Ut enim ad minim veniam, quis nostrud exercitation ullamco laboris nisi ut aliquip ex ea commodo consequat. Duis aute irure dolor in repreh', NULL, 0, 'Idea 14 that suggest that we definitely need a longer title for ideas', 26, 16, NULL),
(47, TIMESTAMP '2019-11-15 16:18:40.368', TIMESTAMP '2019-11-16 16:18:40.368', 'P0Sh4Ql7 Lorem ipsum dolor sit amet, consectetur adipiscing elit, sed do eiusmod tempor incididunt ut labore et dolore magna aliqua. Ut enim ad minim veniam, quis nostrud exercitation ullamco laboris nisi ut aliquip ex ea commodo consequat. Duis aute irure dolor in reprehenderit in voluptate velit esse cillum dolore eu fugiat nulla pariatur. Excepteur sint occaecat cupidatat non proident, sunt in c', NULL, 0, 'Idea 15 that suggest that we definitely need a longer title for ideas', 27, 15, NULL),
(48, TIMESTAMP '2019-11-14 16:18:40.383', TIMESTAMP '2019-11-15 16:18:40.383', 'lEy90Bbl Lorem', NULL, 0, 'Idea 16 that suggest that we definitely need a longer title for ideas', 28, 11, NULL),
(49, TIMESTAMP '2019-11-13 16:18:40.43', TIMESTAMP '2019-11-14 16:18:40.43', 'RfomZLph Lorem ipsum dolor sit amet, consectetur adipiscing elit, sed do eiusmod tempor incididunt ut labore et dolore magna aliqua. Ut enim ad minim veniam, quis nostrud exercitation ullamco laboris nisi ut aliquip ex ea commodo consequat', NULL, 0, 'Idea 17 that suggest that we definitely need a longer title for ideas', 29, 2, NULL),
(50, TIMESTAMP '2019-11-12 16:18:40.446', TIMESTAMP '2019-11-13 16:18:40.446', 'tXxnw0ob Lorem ipsum dolor sit amet, consectetur adipiscing elit, sed do eiusmod tempor incididunt ut labore et dolore magna aliqua. Ut enim ad minim veniam, quis nostrud exercitation ullamco laboris nisi ut aliquip ex ea commodo consequat. Duis aute irure dolor in reprehenderit in', NULL, 0, 'Idea 18 that suggest that we definitely need a longer title for ideas', 30, 2, NULL),
(51, TIMESTAMP '2019-11-11 16:18:40.461', TIMESTAMP '2019-11-12 16:18:40.461', 'vrDaSPRC Lorem ipsum dolor sit amet, consectetur adipiscing elit, sed do eiusmod tempor incididunt ut labore et dolore magna aliqua. Ut enim ad minim veniam, quis nostrud exercitation ullamco laboris nisi ut aliquip ex ea commodo consequat. Duis aute irure dolor in reprehend', NULL, 0, 'Idea 19 that suggest that we definitely need a longer title for ideas', 31, 8, NULL),
(52, TIMESTAMP '2019-11-10 16:18:40.524', TIMESTAMP '2019-11-11 16:18:40.524', 'Phb9nTmk Lorem ipsum dolor sit amet, consectetur adipisc', NULL, 0, 'Idea 20 that suggest that we definitely need a longer title for ideas', 22, 1, NULL),
(53, TIMESTAMP '2019-11-09 16:18:40.555', TIMESTAMP '2019-11-10 16:18:40.555', 'M9YosVg5 Lorem ipsum dolor sit amet, consectetur adipiscing elit, sed do eiusmod tempor incididunt ut labore et dolore magna aliqua. Ut enim ad minim veniam, quis nostrud exercitation ullamco laboris nisi ut aliquip ex ea commodo consequat. Duis aute irure dolor in reprehenderit in voluptate velit', NULL, 0, 'Idea 21 that suggest that we definitely need a longer title for ideas', 23, 13, NULL);
INSERT INTO "PUBLIC"."LAWS" VALUES
(54, TIMESTAMP '2019-11-08 16:18:40.586', TIMESTAMP '2019-11-09 16:18:40.586', 'P0enNr33 Lorem ipsum dolor sit amet, consectetur adipiscing elit, sed do eiusmod tempor incididunt ut labore et dolore magna aliqua. Ut enim ad minim veniam, quis nostrud exercitation ullamco laboris nisi ut aliquip ex ea commodo consequat. Duis aute irure dolor in reprehenderit in voluptate velit e', NULL, 0, 'Idea 22 that suggest that we definitely need a longer title for ideas', 24, 4, NULL),
(55, TIMESTAMP '2019-11-07 16:18:40.586', TIMESTAMP '2019-11-08 16:18:40.586', 'QuWvefZZ Lorem ipsum dolor sit amet, consectetur adipiscing elit', NULL, 0, 'Idea 23 that suggest that we definitely need a longer title for ideas', 25, 16, NULL),
(56, TIMESTAMP '2019-11-06 16:18:40.602', TIMESTAMP '2019-11-07 16:18:40.602', '0O5AVDXH Lorem ipsum dolor sit amet, consectetur adipiscing elit, sed do e', NULL, 0, 'Idea 24 that suggest that we definitely need a longer title for ideas', 26, 1, NULL),
(57, TIMESTAMP '2019-11-05 16:18:40.618', TIMESTAMP '2019-11-06 16:18:40.618', 'gt54VdNM Lorem ipsum dolor sit amet, consectetur adipiscing elit, sed do eiusmod tempor inc', NULL, 0, 'Idea 25 that suggest that we definitely need a longer title for ideas', 27, 8, NULL),
(58, TIMESTAMP '2019-11-04 16:18:40.633', TIMESTAMP '2019-11-05 16:18:40.633', 'd7HLcfUm Lorem ipsum dolor sit amet, consectetur adipiscing elit, sed do eiusmod tempor incididunt ut labore et dolore magna aliqua. Ut enim ad minim veniam, quis nostrud exercitation ullamco laboris nisi ut aliquip ex ea commodo consequat. Duis aute irure dolor in reprehenderit in voluptate velit esse cillum dolore eu fugiat nulla pariatur. Excepteur sint occaecat cupidatat non proident, sunt i', NULL, 0, 'Idea 26 that suggest that we definitely need a longer title for ideas', 28, 11, NULL),
(59, TIMESTAMP '2019-11-03 16:18:40.649', TIMESTAMP '2019-11-04 16:18:40.649', 'Vbb89tMN Lorem ipsum dolor sit amet, consectetur adipiscing elit, sed do eiusmod t', NULL, 0, 'Idea 27 that suggest that we definitely need a longer title for ideas', 29, 1, NULL),
(60, TIMESTAMP '2019-11-02 16:18:40.664', TIMESTAMP '2019-11-03 16:18:40.664', 'zKtYcxpK Lorem ipsum dolor sit amet, consectetur adipiscing elit, sed do eiusmod tempor incididunt ut labore et dolore magna aliqua. Ut enim ad minim veniam, quis nostrud exercitation ullamco laboris nisi ut aliquip', NULL, 0, 'Idea 28 that suggest that we definitely need a longer title for ideas', 30, 12, NULL),
(61, TIMESTAMP '2019-11-01 16:18:40.664', TIMESTAMP '2019-11-02 16:18:40.664', 'cDdkvqsh Lorem ipsum dolor sit amet, consectetur adipiscin', NULL, 0, 'Idea 29 that suggest that we definitely need a longer title for ideas', 31, 8, NULL),
(62, TIMESTAMP '2019-10-31 16:18:40.68', TIMESTAMP '2019-11-01 16:18:40.68', 'OLBrP6gN Lorem ipsum dolor sit amet, consectetur adipiscing elit, sed do eiusmod temp', NULL, 0, 'Idea 30 that suggest that we definitely need a longer title for ideas', 22, 3, NULL),
(63, TIMESTAMP '2019-10-30 16:18:40.68', TIMESTAMP '2019-10-31 16:18:40.68', 'pqqtN3Vv Lorem ipsum dolor sit amet, consectetur adipiscing elit, sed do eiusmod tempor incididunt ut labore et dolore magna aliqua. Ut enim ad minim veniam, quis nostrud exercitation ullamco laboris nisi ut aliquip ex ea commodo consequat. Duis aute irure dolor in reprehenderit in voluptate velit esse cillum dolore eu fugiat nulla pariatur. Excepteur sin', NULL, 0, 'Idea 31 that suggest that we definitely need a longer title for ideas', 23, 8, NULL),
(64, TIMESTAMP '2019-10-29 16:18:40.696', TIMESTAMP '2019-10-30 16:18:40.696', 'yV2dmzed Lorem ipsum dolor sit amet, consectetur adipiscing elit, sed do eiusmod tempor incididunt ut labore et dolore magna aliqua. Ut enim ad minim veniam, quis nostrud exercitation ullamco laboris nisi ut aliquip ex ea commodo consequat. Duis aute irure dolor in reprehenderit in voluptate velit esse', NULL, 0, 'Idea 32 that suggest that we definitely need a longer title for ideas', 24, 20, NULL),
(65, TIMESTAMP '2019-10-28 16:18:40.696', TIMESTAMP '2019-10-29 16:18:40.696', 'OrVUpNs8 Lorem ipsum dolor sit amet, consectetur adipiscing elit, sed do eiusmod tempor incididunt ut labore et dolore magna aliqua. Ut enim ad minim veniam, quis nostrud exercitation ullamco laboris nisi ut aliquip ex ea commodo consequat. Duis aute irure dolor in reprehenderit in voluptate velit esse cillum dolore eu fugiat nulla pariatur. Excepteur sint occaecat cupidatat non p', NULL, 0, 'Idea 33 that suggest that we definitely need a longer title for ideas', 25, 3, NULL);
INSERT INTO "PUBLIC"."LAWS" VALUES
(66, TIMESTAMP '2019-10-27 16:18:40.696', TIMESTAMP '2019-10-28 16:18:40.696', 'HgayXVLx Lorem ipsum dolor sit amet, consectetur adipiscing elit, sed do eiusmod tempor incididunt ut labore et dolore magna aliqua. Ut enim ad minim veniam, quis nostrud exercitation ullamco laboris nisi ut aliquip ex ea commodo consequat. Duis aute irure dolor in reprehenderit in voluptate velit esse cillum dolore eu fugiat nulla pariatur. Excepteur sint occaecat cupidat', NULL, 0, 'Idea 34 that suggest that we definitely need a longer title for ideas', 26, 8, NULL),
(67, TIMESTAMP '2019-10-26 16:18:40.727', TIMESTAMP '2019-10-27 16:18:40.727', '242G68LV Lorem ipsum dolor sit amet, consectetur adipiscing elit, sed do eiusmod tempor incididunt ut labore et dolore magna aliqua. Ut enim ad minim veniam, quis nostrud exercitation ullamco laboris nisi ut aliquip ex ea commodo consequat. Duis aute irure dolor in reprehenderit in voluptate velit esse cillum dolore eu fugiat nulla pariatur. Excepteur sint occaecat cupidatat non proident, sunt in culpa qu', NULL, 0, 'Idea 35 that suggest that we definitely need a longer title for ideas', 27, 3, NULL),
(68, TIMESTAMP '2019-10-25 16:18:40.743', TIMESTAMP '2019-10-26 16:18:40.743', 'xVRyv2QZ Lorem ipsum dolor sit amet, consectetur adipiscing elit, sed do eiusmod tempor incididunt ut labore et dolore magna aliq', NULL, 0, 'Idea 36 that suggest that we definitely need a longer title for ideas', 28, 1, NULL),
(69, TIMESTAMP '2019-10-24 16:18:40.743', TIMESTAMP '2019-10-25 16:18:40.743', 'SThLCEUP Lorem ipsum dolor sit amet, consectetur adipiscing elit, sed do eiusmod tempor incididunt ut labore et dolore magna aliqua. Ut enim a', NULL, 0, 'Idea 37 that suggest that we definitely need a longer title for ideas', 29, 18, NULL),
(70, TIMESTAMP '2019-10-23 16:18:40.758', TIMESTAMP '2019-10-24 16:18:40.758', 'KSBc7yeZ Lorem ipsum dolor sit amet, consectetur adipiscing elit, sed do eiusmod tempor incididunt ut', NULL, 0, 'Idea 38 that suggest that we definitely need a longer title for ideas', 30, 7, NULL),
(71, TIMESTAMP '2019-10-22 16:18:40.758', TIMESTAMP '2019-10-23 16:18:40.758', 'CUTpNTdz Lorem ipsum dolor sit amet, consectetur adipiscing elit, sed do eiusmod tempor incididunt ut labore et dolore magna aliqua. Ut enim ad minim veniam, quis nostrud exercitation ullamco laboris nisi ut aliquip ex ea commodo consequat. Duis aute irure dolor in reprehenderit in voluptate velit esse cillum dolore eu fugi', NULL, 0, 'Idea 39 that suggest that we definitely need a longer title for ideas', 31, 14, NULL),
(72, TIMESTAMP '2019-10-21 16:18:40.774', TIMESTAMP '2019-10-22 16:18:40.789', 'dmNPR5Mu Lorem ipsum dolor sit amet, consectetur adipiscing elit, sed do eiusmod tempor incididunt ut labore et dolore magna aliqua. Ut enim ad minim veniam, quis nostrud exercitation ullamco laboris nisi ut aliquip ex ea commodo consequat. Duis aute irure dolor in reprehenderit in voluptate velit esse cillum dolore eu fugia', NULL, 0, 'Idea 40 that suggest that we definitely need a longer title for ideas', 22, 17, NULL),
(73, TIMESTAMP '2019-10-20 16:18:40.789', TIMESTAMP '2019-10-21 16:18:40.789', '7q5ZNQPP Lorem ipsum dolor sit amet, consectetur adipiscing elit, sed do eiusmod tempor incididunt ut labore et dolore magna aliqua. Ut enim ad minim veniam, quis nostrud exercitation ullamco laboris nisi ut aliquip ex ea commodo consequat. Duis aute irure dolor in reprehenderit in voluptate velit esse cillum dolore eu fugiat nulla pariatur. Excepteur sint occaecat c', NULL, 0, 'Idea 41 that suggest that we definitely need a longer title for ideas', 23, 7, NULL),
(74, TIMESTAMP '2019-10-19 16:18:40.821', TIMESTAMP '2019-10-20 16:18:40.821', 'HlQnXrcH Lorem ipsum dolor sit amet, consectetur adipiscing elit, sed do eiusmod tempor incididunt ut labore et dolore magna aliqua. Ut enim ad minim veniam, quis nostrud exercitation ullamco laboris nisi ut aliquip ex ea commodo consequat. Duis aute irure dolor in reprehenderit in voluptate velit esse cillum dol', NULL, 0, 'Idea 42 that suggest that we definitely need a longer title for ideas', 24, 5, NULL);
INSERT INTO "PUBLIC"."LAWS" VALUES
(75, TIMESTAMP '2019-10-18 16:18:40.821', TIMESTAMP '2019-10-19 16:18:40.821', 'vsM3rfgq Lorem ipsum dolor sit amet, consectetur adipiscing elit, sed do eiusmod tempor incididunt ut labore et dolor', NULL, 0, 'Idea 43 that suggest that we definitely need a longer title for ideas', 25, 19, NULL),
(76, TIMESTAMP '2019-10-17 16:18:40.836', TIMESTAMP '2019-10-18 16:18:40.836', 'cYdQNFY3 Lorem ipsum dolor sit amet, consectetur adipiscing elit, sed do eiusmod tempor incididunt ut labore et dolore magna aliqua. Ut enim ad minim veniam, quis nostrud exercitation ullamco ', NULL, 0, 'Idea 44 that suggest that we definitely need a longer title for ideas', 26, 6, NULL),
(77, TIMESTAMP '2019-10-16 16:18:40.836', TIMESTAMP '2019-10-17 16:18:40.836', 'dBQ9Wyfc Lorem ipsum dolor sit amet, consectetur adipiscing elit, sed do eiusmod tempor incididunt ut labore et dolore magna aliqua. Ut enim ad minim veniam, quis nostrud exercitation ullamco laboris nisi ut aliquip ex ea commodo consequat. Duis aute irure dolor in repr', NULL, 0, 'Idea 45 that suggest that we definitely need a longer title for ideas', 27, 1, NULL),
(78, TIMESTAMP '2019-10-15 16:18:40.852', TIMESTAMP '2019-10-16 16:18:40.852', 'Hn5oBAG0 Lorem ipsum dolor sit amet, consectetur adipiscing elit, sed do eiusmod tempor incididunt ut labore et dolore magna aliqua. Ut enim ad minim veniam, quis nostrud exercitation ullamco laboris nisi ut aliquip ex ea commodo consequat. Duis aute irure dolor in reprehenderit in voluptate velit esse cillum dolore eu fugiat nulla pariatur. Excepteur sint o', NULL, 0, 'Idea 46 that suggest that we definitely need a longer title for ideas', 28, 4, NULL),
(79, TIMESTAMP '2019-10-14 16:18:40.852', TIMESTAMP '2019-10-15 16:18:40.852', '53HEuZaX Lorem ipsum dolor sit amet, consectetur adipiscing elit, sed do eiusmod tempor incididunt ut labore et dolore magna aliqua. Ut enim ad minim veniam, quis nostrud exercitation ullamco laboris nisi ut aliquip ex ea commodo consequat. Duis aute irure dolor in reprehenderit in voluptate velit e', NULL, 0, 'Idea 47 that suggest that we definitely need a longer title for ideas', 29, 6, NULL),
(80, TIMESTAMP '2019-10-13 16:18:40.852', TIMESTAMP '2019-10-14 16:18:40.852', 'Lr4ksnsh Lorem ipsum dol', NULL, 0, 'Idea 48 that suggest that we definitely need a longer title for ideas', 30, 7, NULL),
(81, TIMESTAMP '2019-10-12 16:18:40.868', TIMESTAMP '2019-10-13 16:18:40.868', 'qhsa34tz Lorem ipsum dolor sit amet, consectetur adipiscing elit, sed do eiusmod tempor incididunt ut labore et dolore magna aliqua. Ut enim ad minim veniam, quis nostrud exercitation ullamco laboris nisi ut aliquip ex ea commodo consequat. Duis aute irure dolor in reprehenderit in voluptate velit esse cillum dolore eu fugiat nulla pariatur. Excepteur sint occaecat cupidatat non ', NULL, 0, 'Idea 49 that suggest that we definitely need a longer title for ideas', 31, 14, NULL),
(82, TIMESTAMP '2019-10-11 16:18:40.883', TIMESTAMP '2019-10-12 16:18:40.883', 'gGB7aESL Lorem ipsum dolor sit amet, consectetur adipiscing elit, sed do ei', NULL, 0, 'Idea 50 that suggest that we definitely need a longer title for ideas', 22, 13, NULL),
(83, TIMESTAMP '2019-10-10 16:18:40.899', TIMESTAMP '2019-10-11 16:18:40.899', 'pK7NU9pf Lorem ipsum ', NULL, 0, 'Idea 51 that suggest that we definitely need a longer title for ideas', 23, 9, NULL),
(84, TIMESTAMP '2019-10-09 16:18:40.899', TIMESTAMP '2019-10-10 16:18:40.899', 'gtuzyH6O Lorem ipsum dolor sit amet, consectetur adipiscing elit, sed do eiusmod tempor incididunt ut labore et dolore magna aliqua. Ut enim ad', NULL, 0, 'Idea 52 that suggest that we definitely need a longer title for ideas', 24, 14, NULL),
(85, TIMESTAMP '2019-10-08 16:18:40.914', TIMESTAMP '2019-10-09 16:18:40.914', 'GnGGl6ZC Lorem ipsum dolor sit amet, consectetur adipiscing elit, sed do eiusmod tempor incidid', NULL, 0, 'Idea 53 that suggest that we definitely need a longer title for ideas', 25, 1, NULL),
(86, TIMESTAMP '2019-10-07 16:18:40.93', TIMESTAMP '2019-10-08 16:18:40.93', 'Rzw6qcnd Lorem ipsum dolor sit amet, consectetur adipiscing elit, sed do eiusmod tempor incididunt ut labore et dolore magna aliqua. Ut enim ad minim veniam, quis nostrud exercitation ullamco laboris nisi ', NULL, 0, 'Idea 54 that suggest that we definitely need a longer title for ideas', 26, 2, NULL);
INSERT INTO "PUBLIC"."LAWS" VALUES
(87, TIMESTAMP '2019-10-06 16:18:40.946', TIMESTAMP '2019-10-07 16:18:40.946', 'CSK39w0d Lorem ipsum dolor sit amet, consectetur adipiscing elit, sed do eiusmod tempor incididunt ut labore et dolore magna aliqua. Ut enim ad minim veniam, quis nostrud exercitation ullamco laboris nisi ut aliquip ex ea commodo consequat. Duis aute irure dolor in reprehenderit in voluptate velit esse cillum dolore eu fugiat nulla pariatur. Excepteur sint occaecat cupidatat non proid', NULL, 0, 'Idea 55 that suggest that we definitely need a longer title for ideas', 27, 11, NULL),
(88, TIMESTAMP '2019-10-05 16:18:40.961', TIMESTAMP '2019-10-06 16:18:40.961', '7cdzxpc6 Lorem ipsum dolor sit amet, consectetur adipiscing elit, sed do eiusmod tempor incididunt u', NULL, 0, 'Idea 56 that suggest that we definitely need a longer title for ideas', 28, 1, NULL),
(89, TIMESTAMP '2019-10-04 16:18:40.961', TIMESTAMP '2019-10-05 16:18:40.961', 'WvgQTnPc Lorem ipsum dolor sit amet, consectetur adipiscing elit, sed do eiusmod tempor incididunt ut labore et dolore magna aliqua. Ut enim ad minim veniam, quis nostrud exercitation ullamco laboris nisi ut aliquip ex ea commodo consequat. Duis aute irure dolor in reprehenderit in voluptate velit esse cillum dolore eu fugiat nulla pariatur. Excepteur sint occaecat cupidatat non pr', NULL, 0, 'Idea 57 that suggest that we definitely need a longer title for ideas', 29, 8, NULL),
(90, TIMESTAMP '2019-10-03 16:18:40.961', TIMESTAMP '2019-10-04 16:18:40.961', 'nK990bYb Lorem ipsum dolor sit amet, consectetur ', NULL, 0, 'Idea 58 that suggest that we definitely need a longer title for ideas', 30, 1, NULL),
(91, TIMESTAMP '2019-10-02 16:18:40.977', TIMESTAMP '2019-10-03 16:18:40.977', 'sl5OH7Vb Lorem ipsum dolor sit amet, consectetur adipiscing elit, sed do eiusmod tempor incididunt ut labore et dolore magna aliqua. Ut enim ad minim veniam, quis nostrud ex', NULL, 0, 'Idea 59 that suggest that we definitely need a longer title for ideas', 31, 1, NULL),
(92, TIMESTAMP '2019-10-01 16:18:40.977', TIMESTAMP '2019-10-02 16:18:40.977', 'TNSXfEQb Lorem ipsum dolor sit amet, consectetur adipiscing elit, sed do eiu', NULL, 0, 'Idea 60 that suggest that we definitely need a longer title for ideas', 22, 7, NULL),
(93, TIMESTAMP '2019-09-30 16:18:40.993', TIMESTAMP '2019-10-01 16:18:40.993', 'p5skDonE Lorem ipsum dolor sit amet, consectet', NULL, 0, 'Idea 61 that suggest that we definitely need a longer title for ideas', 23, 12, NULL),
(94, TIMESTAMP '2019-09-29 16:18:41.024', TIMESTAMP '2019-09-30 16:18:41.024', 'cAT2VDbs Lorem ipsum dolor sit amet, consectetur adipiscing elit, sed do eiusmod tempor incididunt ut labore et dolore magna aliqua. Ut enim ad minim veniam, quis nostrud exercitation ullamco laboris nisi ut aliquip ex ea commodo consequat. Duis aute irure dolor in reprehenderit in voluptate velit esse cillum dolore eu fugiat nulla pariatur. Excepteur sint occaecat cupidatat non proident, sunt in culp', NULL, 0, 'Idea 62 that suggest that we definitely need a longer title for ideas', 24, 10, NULL),
(95, TIMESTAMP '2019-09-28 16:18:41.039', TIMESTAMP '2019-09-29 16:18:41.039', 'SFzNwsMT Lorem ipsum dolor sit amet, consectetur adipiscing elit, sed do eiusmod tempor incididunt ut labore et dolore magna aliqua. Ut enim ad minim veniam, quis nostrud exercitation ullamco laboris nisi ut aliquip ex ea commodo consequat. Duis aute irure dolor in reprehenderit in v', NULL, 0, 'Idea 63 that suggest that we definitely need a longer title for ideas', 25, 11, NULL),
(96, TIMESTAMP '2019-09-27 16:18:41.055', TIMESTAMP '2019-09-28 16:18:41.055', '96oW09nS Lorem ipsum dolor sit amet, consectetur adipiscing elit, sed do eiusmod tempor incididunt ut labore et dolore magna aliqua. Ut enim ad minim v', NULL, 0, 'Idea 64 that suggest that we definitely need a longer title for ideas', 26, 10, NULL),
(97, TIMESTAMP '2019-09-26 16:18:41.055', TIMESTAMP '2019-09-27 16:18:41.055', 'NEqgy9Wb Lorem ipsum dolor sit amet, consectetur adipiscing elit, sed do eiusmod tempor incididunt ut labore et dolore magna aliqua. Ut enim ad minim veniam, quis nostrud exercitation ullamco laboris ', NULL, 0, 'Idea 65 that suggest that we definitely need a longer title for ideas', 27, 11, NULL);
INSERT INTO "PUBLIC"."LAWS" VALUES
(98, TIMESTAMP '2019-09-25 16:18:41.071', TIMESTAMP '2019-09-26 16:18:41.071', '7NoLShg7 Lorem ipsum dolor sit amet, consectetur adipiscing elit, sed do eiusmod tempor incididunt ut labore et dolore magna aliqua. Ut enim ad minim veniam, quis nostrud exercitation ullamco laboris nisi ut aliquip ex ea commodo consequat. Duis aute irure dolor', NULL, 0, 'Idea 66 that suggest that we definitely need a longer title for ideas', 28, 10, NULL),
(99, TIMESTAMP '2019-09-24 16:18:41.071', TIMESTAMP '2019-09-25 16:18:41.071', 'WFdVTOh4 Lorem ipsum dolor sit amet, consectetur adipiscing elit, sed do eiusmod tempor incididunt ut labore et dolore magna aliqua. Ut enim ad minim veniam, quis nostrud exercitation ullamco laboris nisi ut aliquip ex ea commodo consequat. Duis aute irure dolor in reprehenderit in voluptate velit esse cillum dolore eu fugiat null', NULL, 0, 'Idea 67 that suggest that we definitely need a longer title for ideas', 29, 11, NULL),
(100, TIMESTAMP '2019-09-23 16:18:41.086', TIMESTAMP '2019-09-24 16:18:41.086', 'ux0aL98V Lorem ipsum dolor sit amet, consectetur adipiscing elit, sed do eiusmod tempor incididunt ut labore et dolore magna aliqua. Ut enim ad minim veniam, quis nostrud exercitation ullamco laboris', NULL, 0, 'Idea 68 that suggest that we definitely need a longer title for ideas', 30, 12, NULL),
(101, TIMESTAMP '2019-09-22 16:18:41.102', TIMESTAMP '2019-09-23 16:18:41.102', 'kcfDvuWg Lorem ipsum dolor sit amet, consectetur adipiscing elit, sed do eiusmod tempor incididunt ut labore et dolore magna aliqua. Ut enim ad minim veniam, quis nostrud exercitation ullamco laboris nisi ut aliquip ex ea commodo consequat. Duis aute irure dolor in reprehend', NULL, 0, 'Idea 69 that suggest that we definitely need a longer title for ideas', 31, 20, NULL),
(102, TIMESTAMP '2019-09-21 16:18:41.102', TIMESTAMP '2019-09-22 16:18:41.102', '3cl4HOCA Lorem ', NULL, 0, 'Idea 70 that suggest that we definitely need a longer title for ideas', 22, 15, NULL),
(103, TIMESTAMP '2019-09-20 16:18:41.102', TIMESTAMP '2019-09-21 16:18:41.102', 'ln6uvSPQ Lorem ipsum dolor sit amet, consectetur adipiscing elit, sed do eiusmod tempor incididunt ut labore et dolore magna aliqua. Ut enim ad minim veniam, quis nostrud exercitation ullamco laboris nisi ut aliquip ex ea commodo consequat. Duis aute irure dolor in reprehenderit in voluptate velit esse cillum dolore eu fugiat nulla pariatur. Excepteur sint occaecat cupidatat non proide', NULL, 0, 'Idea 71 that suggest that we definitely need a longer title for ideas', 23, 9, NULL),
(104, TIMESTAMP '2019-09-19 16:18:41.102', TIMESTAMP '2019-09-20 16:18:41.102', 'Hp5Ss3Qm Lorem ipsum dolor sit amet, consectetur adipiscing elit, sed do eiusmod tempor incididunt ut labore et dolore magna aliqua. Ut enim ad minim veniam, quis nostrud exercitation ullamco laboris nisi ut ali', NULL, 0, 'Idea 72 that suggest that we definitely need a longer title for ideas', 24, 7, NULL),
(105, TIMESTAMP '2019-09-18 16:18:41.117', TIMESTAMP '2019-09-19 16:18:41.117', 'OEGpfDRx Lorem ipsum dolor sit amet, consectetur adipiscing elit, sed do eiusmod tempor incididunt ut labore et dolore magna aliqua. Ut enim ad minim veniam, quis nostrud exercit', NULL, 0, 'Idea 73 that suggest that we definitely need a longer title for ideas', 25, 20, NULL),
(106, TIMESTAMP '2019-09-17 16:18:41.117', TIMESTAMP '2019-09-18 16:18:41.117', 'AumnNW3v Lorem ipsum dolor sit amet, consectetur adipiscing elit, sed do eiusmod tempor incididunt ut', NULL, 0, 'Idea 74 that suggest that we definitely need a longer title for ideas', 26, 11, NULL),
(107, TIMESTAMP '2019-09-16 16:18:41.117', TIMESTAMP '2019-09-17 16:18:41.117', 'KqWLfeqy Lorem ipsum dolor sit amet, consectetur adipiscing elit, sed do eiusmod tempor incididunt ut labore et dolore magna aliqua. Ut enim ad minim veniam, quis nostrud exercitation ullamco laboris nisi ut aliquip ex ea commodo consequat. Duis aute irure dolor in reprehenderit in voluptate velit', NULL, 0, 'Idea 75 that suggest that we definitely need a longer title for ideas', 27, 17, NULL);
INSERT INTO "PUBLIC"."LAWS" VALUES
(108, TIMESTAMP '2019-09-15 16:18:41.133', TIMESTAMP '2019-09-16 16:18:41.133', 'wWLQwZD5 Lorem ipsum dolor sit amet, consectetur adipiscing elit, sed do eiusmod tempor incididunt ut labore et dolore magna aliqua. Ut enim ad m', NULL, 0, 'Idea 76 that suggest that we definitely need a longer title for ideas', 28, 10, NULL),
(109, TIMESTAMP '2019-09-14 16:18:41.133', TIMESTAMP '2019-09-15 16:18:41.133', '5AEKc7s6 Lorem ipsum dolor sit amet, consectetur adipiscing eli', NULL, 0, 'Idea 77 that suggest that we definitely need a longer title for ideas', 29, 1, NULL),
(110, TIMESTAMP '2019-09-13 16:18:41.164', TIMESTAMP '2019-09-14 16:18:41.164', 'CLq86xbZ Lorem ipsum dolor sit amet, consectetur adipiscing elit, sed do eiusmod tempor incididunt ut labore et dolore magna aliqua. Ut enim ad minim veniam, quis nostrud exercitation ullamco laboris nisi ut aliquip ex ea commodo consequat. Duis aute irure dolor in reprehenderit in voluptate velit esse cillum dolore eu fugiat nulla pariatur. Excepteur sint occaecat cupidatat non proi', NULL, 0, 'Idea 78 that suggest that we definitely need a longer title for ideas', 30, 6, NULL),
(111, TIMESTAMP '2019-09-12 16:18:41.18', TIMESTAMP '2019-09-13 16:18:41.18', '7ftHRaEe Lorem ipsum dolor sit amet, consectetur adipiscing elit, sed do eiusmod tempor incididunt ut labore et dolore magna aliqua. Ut enim ad minim veniam, quis nostrud exercitation ullamco laboris nisi ut aliquip ex ea commodo consequat. Duis aute irure dolor in reprehenderit in voluptate velit esse cillum dolore eu fugiat nulla pariatur. Excepteur sint occaeca', NULL, 0, 'Idea 79 that suggest that we definitely need a longer title for ideas', 31, 13, NULL),
(112, TIMESTAMP '2019-09-11 16:18:41.18', TIMESTAMP '2019-09-12 16:18:41.18', 'UPwSZYU6 Lorem ipsum dolor sit amet, consectetur adipiscing elit, sed do eiusmod tempor incididunt ut labore et dolore magna aliqua. Ut enim ad minim veniam, quis nostru', NULL, 0, 'Idea 80 that suggest that we definitely need a longer title for ideas', 22, 13, NULL),
(113, TIMESTAMP '2019-09-10 16:18:41.196', TIMESTAMP '2019-09-11 16:18:41.196', 'SaCu0N9U Lorem ipsum dolor sit amet, consectetur adipiscing elit, sed do eiusmod tempor incididunt ut labore et dolore magna aliqua. Ut enim ad minim ', NULL, 0, 'Idea 81 that suggest that we definitely need a longer title for ideas', 23, 5, NULL),
(114, TIMESTAMP '2019-09-09 16:18:41.196', TIMESTAMP '2019-09-10 16:18:41.211', 'uSO6t58o Lorem ipsum dolor sit amet, consectetur adipiscing elit, sed do eiusmod tempor incididunt ut labore et dolore magna aliqua. Ut enim ad minim veniam, quis nostrud', NULL, 0, 'Idea 82 that suggest that we definitely need a longer title for ideas', 24, 9, NULL),
(115, TIMESTAMP '2019-09-08 16:18:41.211', TIMESTAMP '2019-09-09 16:18:41.211', 'BBFy6N79 Lorem ipsum dolor sit amet, consectetur adipiscing elit, sed do eiusmod tempor incididunt ut labore et dolore magna aliqua. Ut enim ad minim veniam, quis nostrud exercitation ullamco laboris nisi ut aliquip ex ea commodo consequat. Duis aute irure dolor in reprehenderit in voluptate velit esse cillum dol', NULL, 0, 'Idea 83 that suggest that we definitely need a longer title for ideas', 25, 20, NULL),
(116, TIMESTAMP '2019-09-07 16:18:41.211', TIMESTAMP '2019-09-08 16:18:41.211', 'gnFXVwfF Lorem ipsum dolor sit amet, consectetur adipiscing elit, sed do eiusmod tempor incididunt ut labore et dolore magna aliqua. Ut enim ad minim veniam, quis nostrud exercitation ullamco laboris nisi ut aliquip ex ea commodo consequat. Duis aute irure dolor in reprehenderit in voluptate velit esse cillum dolore eu fugiat nulla ', NULL, 0, 'Idea 84 that suggest that we definitely need a longer title for ideas', 26, 17, NULL),
(117, TIMESTAMP '2019-09-06 16:18:41.227', TIMESTAMP '2019-09-07 16:18:41.227', 'oY06SROS Lorem ipsum dolor sit amet, consectetur adipiscing elit, sed do eiusmod tempor incididunt ut labore et dolore magna', NULL, 0, 'Idea 85 that suggest that we definitely need a longer title for ideas', 27, 14, NULL),
(118, TIMESTAMP '2019-09-05 16:18:41.242', TIMESTAMP '2019-09-06 16:18:41.242', 'UprAPl5w Lorem ipsum dolor sit amet, consectetur adipiscing elit, sed do eiusmod tempor incididunt ut labore et dolore magna aliqua. Ut enim ad minim veniam, quis nostrud exercitation ullamco laboris nisi ut aliquip ex ea commodo consequat. Duis aute irure dolor in reprehenderit in voluptate velit esse cillum dolore eu fugiat nulla pariatur. Excepteur s', NULL, 0, 'Idea 86 that suggest that we definitely need a longer title for ideas', 28, 13, NULL);
INSERT INTO "PUBLIC"."LAWS" VALUES
(119, TIMESTAMP '2019-09-04 16:18:41.242', TIMESTAMP '2019-09-05 16:18:41.242', 'pSAbzblQ Lorem ipsum dolor sit amet, consectetur adipiscing elit, sed do eiusmod tempor incididunt ut labore et dolore magna aliqua. Ut enim ad minim veniam, quis nostrud ex', NULL, 0, 'Idea 87 that suggest that we definitely need a longer title for ideas', 29, 14, NULL),
(120, TIMESTAMP '2019-09-03 16:18:41.258', TIMESTAMP '2019-09-04 16:18:41.258', '5AXFT08Y Lorem ipsum dolor sit amet, consectetur adipiscing elit, sed do eiusmod tempor incididunt ut labore et dolore magna ali', NULL, 0, 'Idea 88 that suggest that we definitely need a longer title for ideas', 30, 2, NULL),
(121, TIMESTAMP '2019-09-02 16:18:41.258', TIMESTAMP '2019-09-03 16:18:41.258', 'XPh72H99 Lorem ipsum dolor sit amet, consectetur adipiscing elit, sed do eiusmod tempor incididunt ut labore et dolore magna aliqua. Ut enim ad minim veniam, quis nostrud exercitation ullamco laboris nisi ut aliquip ex ea commodo consequat. Duis aute irure dol', NULL, 0, 'Idea 89 that suggest that we definitely need a longer title for ideas', 31, 16, NULL),
(122, TIMESTAMP '2019-09-01 16:18:41.258', TIMESTAMP '2019-09-02 16:18:41.258', 'ZwFeGAqX Lorem ipsum dolor sit amet, consectetur adipiscing elit, sed do eiusmod tempor incididunt ut labore et dolore magna aliqua. Ut enim ad minim veniam, quis nostrud exercitation ullamco laboris nisi ut aliquip ex ea commodo consequat. Duis ', NULL, 0, 'Idea 90 that suggest that we definitely need a longer title for ideas', 22, 11, NULL),
(123, TIMESTAMP '2019-08-31 16:18:41.274', TIMESTAMP '2019-09-01 16:18:41.274', 'ToqlvylA Lorem ipsum dolor sit amet, consectetur adipiscing elit, sed do eiusmod tempor incididunt ut labore et dolore magna aliqua. Ut enim ad minim veniam, quis nostrud exercitation ullamco laboris nisi ut aliquip ex ea commodo consequat. Duis aute irure dolor in reprehenderit in voluptate velit esse cillum dolore eu fugiat nulla pariatur. Excepteur sint occaecat cupidatat non proident, sun', NULL, 0, 'Idea 91 that suggest that we definitely need a longer title for ideas', 23, 19, NULL),
(124, TIMESTAMP '2019-08-30 16:18:41.274', TIMESTAMP '2019-08-31 16:18:41.274', 'VEYxosae Lorem ipsum dolor sit amet, consectetur adipiscing elit, sed do eiusmod tempor incididunt ut labore et dolore magna aliqua. Ut enim ad minim veniam, quis nostrud exercitation ullamco laboris nisi ut aliquip ex ea commodo consequat. Dui', NULL, 0, 'Idea 92 that suggest that we definitely need a longer title for ideas', 24, 17, NULL),
(125, TIMESTAMP '2019-08-29 16:18:41.289', TIMESTAMP '2019-08-30 16:18:41.289', 'u6zStWHD Lorem ipsum dolor sit amet, consectetur adipiscing elit, sed do eiusmod tempor incididunt ut labore et dolore magna aliqua. Ut enim ad minim veniam, quis nostrud exercitation ullamco la', NULL, 0, 'Idea 93 that suggest that we definitely need a longer title for ideas', 25, 12, NULL),
(126, TIMESTAMP '2019-08-28 16:18:41.305', TIMESTAMP '2019-08-29 16:18:41.305', 'TWx0VWpK Lorem ipsum dolor sit amet, consectetur adipiscing elit, sed do eiusmod tempor incididunt ut labore et dolore magn', NULL, 0, 'Idea 94 that suggest that we definitely need a longer title for ideas', 26, 19, NULL),
(127, TIMESTAMP '2019-08-27 16:18:41.305', TIMESTAMP '2019-08-28 16:18:41.305', '3oCcNFuy Lorem ipsum dolor sit amet, consectetur adipiscing elit, sed do eiusmod tempor incididunt ut labore et dolore magna aliqua. Ut enim ad minim veniam, quis nostrud exercitation ullamco laboris nisi ut aliquip ex ea commodo consequat. Duis aute irure dolor in reprehenderit in voluptate velit esse cillum do', NULL, 0, 'Idea 95 that suggest that we definitely need a longer title for ideas', 27, 12, NULL),
(128, TIMESTAMP '2019-08-26 16:18:41.305', TIMESTAMP '2019-08-27 16:18:41.305', '52RH0FeE Lorem ipsum dolor sit amet, consectetur adipiscing elit, sed do eiusmod tempor incididunt ut labore et dolore magna aliqua. Ut enim ad minim veniam, quis nostrud exercitation ullamco laboris nisi ut aliquip ex ea commodo consequat. Duis aute irure dolor in reprehenderit in voluptate velit esse cillum dolore eu fugiat nulla pariatur. Exce', NULL, 0, 'Idea 96 that suggest that we definitely need a longer title for ideas', 28, 4, NULL);
INSERT INTO "PUBLIC"."LAWS" VALUES
(129, TIMESTAMP '2019-08-25 16:18:41.321', TIMESTAMP '2019-08-26 16:18:41.321', 'nCXcMmOr Lorem ipsum dolor sit amet, consectetur adipiscing elit, sed do eiusmod tempor incididunt ut labore et dolore magna aliqua. Ut enim ad minim veniam, quis nostrud exercitation ullamco laboris nisi ut aliquip ex ea commodo consequat. Duis aute irure dolor', NULL, 0, 'Idea 97 that suggest that we definitely need a longer title for ideas', 29, 7, NULL),
(130, TIMESTAMP '2019-08-24 16:18:41.321', TIMESTAMP '2019-08-25 16:18:41.321', 'KfCRRAYp Lorem ipsum dolor sit amet, consectetur adipiscing elit, sed do eiusmod tempor incididunt ut labore et dolore magna aliqua. Ut enim ad minim veniam, quis nostrud exercitation ullamco laboris nisi ut aliquip ex ea commodo consequat. Duis aute irure dolor in reprehenderit in voluptate velit esse cillum dolore eu fugiat nulla pariatur. Excepteur sint oc', NULL, 0, 'Idea 98 that suggest that we definitely need a longer title for ideas', 30, 10, NULL),
(131, TIMESTAMP '2019-08-23 16:18:41.321', TIMESTAMP '2019-08-24 16:18:41.321', '6mUav9un Lorem ipsum dolor sit am', NULL, 0, 'Idea 99 that suggest that we definitely need a longer title for ideas', 31, 16, NULL),
(132, TIMESTAMP '2019-08-22 16:18:41.336', TIMESTAMP '2019-08-23 16:18:41.336', 'oybpNWBs Lorem ipsum dolor sit amet, consectetur adipiscing elit, sed do eiusmod tempor incididunt ut labore et dolore magna aliqua. Ut enim ad minim veniam, quis nostrud exercitation ullamco laboris nis', NULL, 0, 'Idea 100 that suggest that we definitely need a longer title for ideas', 22, 6, NULL),
(133, TIMESTAMP '2019-08-21 16:18:41.336', TIMESTAMP '2019-08-22 16:18:41.336', 'faDRMmF5 Lorem ipsum dolor sit ', NULL, 0, 'Idea 101 that suggest that we definitely need a longer title for ideas', 23, 13, NULL),
(134, TIMESTAMP '2019-08-20 16:18:41.352', TIMESTAMP '2019-08-21 16:18:41.352', 'VZtaNBGl Lorem ipsum dolor sit amet, consectetur adipiscing elit, sed do eiusmod tempor incididunt ut labore et dolore magna aliqua. Ut enim ad minim veniam, quis nostrud exercitation ullamco laboris nisi ut aliquip ex ea commodo consequat. Du', NULL, 0, 'Idea 102 that suggest that we definitely need a longer title for ideas', 24, 8, NULL),
(135, TIMESTAMP '2019-08-19 16:18:41.383', TIMESTAMP '2019-08-20 16:18:41.383', 'TvrkAwtN Lorem ipsum dolor sit amet, consectetur adipiscing elit, sed do eiusmod tempor incididunt ut l', NULL, 0, 'Idea 103 that suggest that we definitely need a longer title for ideas', 25, 2, NULL),
(136, TIMESTAMP '2019-08-18 16:18:41.399', TIMESTAMP '2019-08-19 16:18:41.399', 'fqQNhVdb Lorem ipsum dolor sit amet, consectetur adipiscing elit, sed do eiusmod tempor incididunt ut labore et dolore magna aliqua. Ut ', NULL, 0, 'Idea 104 that suggest that we definitely need a longer title for ideas', 26, 5, NULL),
(137, TIMESTAMP '2019-08-17 16:18:41.414', TIMESTAMP '2019-08-18 16:18:41.414', 'yZ4Um03c Lorem ipsum dolor sit amet, consectetur adipiscing elit, sed do eiusmod tempor incididunt ut labore et dolore magna aliqua. Ut enim ad minim veniam, quis nostrud exercitation ullamco laboris nisi ut aliquip ex ea commodo consequat. Duis aute irure dolor in reprehe', NULL, 0, 'Idea 105 that suggest that we definitely need a longer title for ideas', 27, 2, NULL),
(138, TIMESTAMP '2019-08-16 16:18:41.414', TIMESTAMP '2019-08-17 16:18:41.43', '9vPXwlfO Lorem ipsum dolor sit amet, consectetur adipiscing elit, sed do eiusmod tempor incididunt ut labore et dolore magna aliqua. Ut enim ad minim veniam, quis nostrud exercitation ullamco laboris nisi ut aliquip ex ea commodo consequat. Duis aute irure dolor in reprehenderit in voluptate velit esse cillum ', NULL, 0, 'Idea 106 that suggest that we definitely need a longer title for ideas', 28, 15, NULL),
(139, TIMESTAMP '2019-08-15 16:18:41.43', TIMESTAMP '2019-08-16 16:18:41.43', 'nNBNcVDP Lorem ipsum dolor sit amet, consectetur adipiscing elit, sed do eiusmod tempor incididunt ut labore et dolore magna aliqua. Ut enim ad minim veniam, quis nostrud exercitation ullamco laboris nisi ut aliquip ex ea commodo consequat. Duis aute irure dolor in reprehenderit in voluptate velit esse cillum dolore eu fugiat nulla pariatur. Excepte', NULL, 0, 'Idea 107 that suggest that we definitely need a longer title for ideas', 29, 14, NULL);
INSERT INTO "PUBLIC"."LAWS" VALUES
(140, TIMESTAMP '2019-08-14 16:18:41.43', TIMESTAMP '2019-08-15 16:18:41.43', '8kOxoKBE Lorem ipsum dolor sit amet, consectetur adipiscing elit, sed do eiusmod tempor incididunt ut labore et dolore magna aliqua. Ut enim ad minim veniam, quis nostrud exercitation ullamco laboris nisi ut aliquip ex ea commodo consequat. Duis aute irure dolor in reprehenderit in voluptate velit esse cillum dolore eu fugiat nulla pariatur. Excepteur sint occa', NULL, 0, 'Idea 108 that suggest that we definitely need a longer title for ideas', 30, 13, NULL),
(141, TIMESTAMP '2019-08-13 16:18:41.446', TIMESTAMP '2019-08-14 16:18:41.446', 'P3pCBpcV Lorem ipsum dolor sit amet, consectetur adipiscing elit, sed do eiusmod tempor incididunt ut labore et dolore magna aliqua. Ut enim ad minim veniam, quis nostrud exercitation ullamco laboris nisi ut aliquip ex ea commodo conseq', NULL, 0, 'Idea 109 that suggest that we definitely need a longer title for ideas', 31, 19, NULL),
(142, TIMESTAMP '2019-08-12 16:18:41.461', TIMESTAMP '2019-08-13 16:18:41.461', 'phCE7WKs Lorem ipsum dolor sit amet, consectetur adipiscing elit, sed do eiusmod tempor incididunt ut labore et dolore magna aliqua. Ut enim ad minim veniam, quis nostrud exercitation ullamco laboris nisi ut aliquip ex ea commodo consequat. Duis aute irure dolor in reprehenderit in voluptate velit esse cillum dolore eu fugiat ', NULL, 0, 'Idea 110 that suggest that we definitely need a longer title for ideas', 22, 17, NULL),
(143, TIMESTAMP '2019-11-26 16:18:41.492', TIMESTAMP '2019-11-27 16:18:41.492', 'vSLDemyB Lorem ipsum dolor sit amet, consectetur adipiscing elit, sed do eiusmod tempor incididunt ut labore et dolore magna aliqua. Ut enim ad minim veniam, quis nostrud exercitation ullamco laboris nisi ut aliquip ex ea commodo consequat. Duis aute irure dolor in reprehenderit in voluptate velit esse cillum dolore eu fugiat nulla pariatur. Excepteur sint occaecat cupid', TIMESTAMP '2019-11-27 16:18:41.492', 1, 'Proposal 0 that reached its quorum', 27, 3, NULL),
(144, TIMESTAMP '2019-11-27 16:18:41.508', TIMESTAMP '2019-11-28 16:18:41.508', 'OrvLKyC3 Lorem ipsum dolor sit amet, consectetur adipiscing elit, sed do eiusmod tempor incididunt ut labore et dolore magna aliqua. Ut enim ad minim veniam, quis nostrud exercitation ullamco laboris nisi ut aliquip ex ea commodo consequat. Duis aute irure dolor in reprehenderit in voluptate velit esse cillum dolore eu fugia', TIMESTAMP '2019-11-29 16:18:41.508', 1, 'Proposal 1 that reached its quorum', 24, 12, NULL),
(145, TIMESTAMP '2019-11-23 16:18:41.524', TIMESTAMP '2019-11-24 16:18:41.524', 'mLpUrDcS Lorem ipsum dolor sit amet, consectetur adipiscing elit, se', TIMESTAMP '2019-11-26 16:18:41.524', 1, 'Proposal 2 that reached its quorum', 30, 12, NULL),
(146, TIMESTAMP '2019-11-24 16:18:41.551', TIMESTAMP '2019-11-25 16:18:41.551', 'nnPd3enk Lorem ipsum dolor sit amet, consectetur adipiscing elit, sed do eiusmod tempor incididunt ut labore et dolore magna aliqua. Ut enim ad minim veniam, quis nostrud exercitation ullamco laboris nisi ut aliquip ex ea commodo consequat. Duis aute irure dolor in reprehenderit in voluptate velit esse cillum dolore eu fugiat nulla pariatur. Excepteur sint occaecat cupidatat non proi', TIMESTAMP '2019-11-30 16:18:41.548', 1, 'Proposal 3 that reached its quorum', 28, 14, NULL),
(147, TIMESTAMP '2019-11-27 16:18:41.593', TIMESTAMP '2019-11-28 16:18:41.593', 'KxQRVdo9 Lorem ipsum dolor sit amet, consectetur adipiscing elit, sed do eiusmod tempor incididunt ut labore et dolore magna aliqua. Ut enim ad minim veniam, quis nostrud exercitation ullamco laboris nisi ut aliquip ex ea commodo consequat. Duis a', TIMESTAMP '2019-11-28 16:18:41.593', 1, 'Proposal 4 that reached its quorum', 27, 13, NULL),
(148, TIMESTAMP '2019-12-01 16:18:41.624', TIMESTAMP '2019-12-01 16:18:41.624', 'zDA35R8Y Lorem ipsum dolor sit amet, consectetur adipiscing elit, s', TIMESTAMP '2019-12-01 16:18:41.624', 1, 'Proposal 5 that reached its quorum', 23, 2, NULL),
(149, TIMESTAMP '2019-11-23 16:18:41.656', TIMESTAMP '2019-11-24 16:18:41.656', 'uvw2N2KU Lorem ipsum dolor sit amet, consectetur adipiscing elit, sed do eiusmod tempor incididunt ut labore et dolore magna aliqua. Ut enim ad minim veniam, quis nostrud exercitation ullamco laboris nisi ut aliquip ex ea commodo consequat. Duis aute irure dolor in reprehenderit in voluptate velit esse cillum dolore eu fugiat nulla pariatu', TIMESTAMP '2019-11-30 16:18:41.656', 1, 'Proposal 6 that reached its quorum', 28, 2, NULL);
INSERT INTO "PUBLIC"."LAWS" VALUES
(150, TIMESTAMP '2019-11-27 16:18:41.671', TIMESTAMP '2019-11-28 16:18:41.671', 'kFxQoRDC Lorem ipsum dolor sit amet, consectetur adipiscing elit, sed do eiusmod tempor incididunt ut labore et dolore magna aliqua. Ut enim ad minim veniam, quis nostrud exercitation ullamco laboris nisi ut aliquip ex ea commodo consequat. Duis aute irure dolor in reprehenderit in voluptate velit esse cillum dolore eu fugiat nulla pariatur. Excepteur sint occaecat cupidatat non proident, sun', TIMESTAMP '2019-11-30 16:18:41.671', 1, 'Proposal 7 that reached its quorum', 24, 15, NULL),
(151, TIMESTAMP '2019-11-23 16:18:41.687', TIMESTAMP '2019-11-24 16:18:41.687', 'vy48fHhR Lorem ipsum d', TIMESTAMP '2019-11-24 16:18:41.687', 1, 'Proposal 8 that reached its quorum', 24, 17, NULL),
(152, TIMESTAMP '2019-11-24 16:18:41.702', TIMESTAMP '2019-11-25 16:18:41.702', 'gzVHfVgD Lorem ipsum dolor sit amet, consectetur adipiscing elit, sed do eiusmod tempor incididunt ut labore et dolore magna aliqua. Ut enim ad minim veniam, quis nostrud exercitation ullamco laboris nisi ut aliquip ex ea commodo consequat. Duis aute irure dolor in reprehenderit in voluptate velit esse cillum dolore eu fugiat nulla pariat', TIMESTAMP '2019-11-25 16:18:41.702', 1, 'Proposal 9 that reached its quorum', 27, 7, NULL),
(153, TIMESTAMP '2019-11-28 16:18:41.718', TIMESTAMP '2019-11-29 16:18:41.718', 'gVhEGKD0 Lo', TIMESTAMP '2019-11-29 16:18:41.718', 1, 'Proposal 10 that reached its quorum', 31, 11, NULL),
(154, TIMESTAMP '2019-11-29 16:18:41.734', TIMESTAMP '2019-11-30 16:18:41.734', 'Tn8VoHr9 Lorem ipsum dolor sit amet, consectetur adipiscing elit, sed do eiusmod tempor incididunt ut labore et dolore magna aliqua. Ut enim ad minim veniam, quis nostrud exercitation ullamco laboris nisi ut aliquip ex ea commodo consequat. Duis aute irure dolor in reprehenderit in voluptate velit esse cillum dolore eu fugiat nulla pariatur. Excepteur sint occaecat cupidatat', TIMESTAMP '2019-11-30 16:18:41.734', 1, 'Proposal 11 that reached its quorum', 22, 3, NULL),
(155, TIMESTAMP '2019-11-23 16:18:41.749', TIMESTAMP '2019-11-24 16:18:41.749', 'NGpMxB59 Lorem ipsum dolor sit amet, consectetur adipiscing elit, sed do eiusmod tempor incididunt ut labore et dolore magna aliqua. Ut enim ad mini', TIMESTAMP '2019-11-29 16:18:41.749', 1, 'Proposal 12 that reached its quorum', 30, 8, NULL),
(156, TIMESTAMP '2019-11-27 16:18:41.827', TIMESTAMP '2019-11-28 16:18:41.827', 'BGUolzfq Lorem ipsum dolor sit amet, consectetur adipiscing elit, sed do eiusmod tempor incididunt ut labore et dolore magna aliqua. Ut enim ad minim veniam, quis nostrud exercitation ullamco laboris nisi ut aliquip ex ea commodo consequat. Duis aute irure dolor in reprehenderit in voluptate velit esse cillum dolore eu fugiat nulla pa', TIMESTAMP '2019-12-01 16:18:41.827', 1, 'Proposal 13 that reached its quorum', 27, 13, NULL),
(157, TIMESTAMP '2019-11-27 16:18:41.859', TIMESTAMP '2019-11-28 16:18:41.859', 'mHSl2NWU Lorem ipsum dolor sit amet, consectetur adipiscing elit', TIMESTAMP '2019-12-01 16:18:41.843', 1, 'Proposal 14 that reached its quorum', 29, 1, NULL),
(158, TIMESTAMP '2019-11-28 16:18:41.874', TIMESTAMP '2019-11-29 16:18:41.874', 'fkwqA2Cd Lorem ipsum dolor sit amet, consectetur adipiscing elit, sed do eiusmod tempor incididunt ut labore et dolore magna aliqua. Ut enim ad m', TIMESTAMP '2019-11-29 16:18:41.874', 1, 'Proposal 15 that reached its quorum', 31, 10, NULL),
(159, TIMESTAMP '2019-11-23 16:18:41.89', TIMESTAMP '2019-11-24 16:18:41.89', 'ggnb8v5R Lorem ipsum dolor sit amet, consectetur adipiscing elit, sed do eiusmod tempor incididunt ut labore et dolore magna aliqua.', TIMESTAMP '2019-11-30 16:18:41.89', 1, 'Proposal 16 that reached its quorum', 25, 13, NULL),
(160, TIMESTAMP '2019-11-28 16:18:41.921', TIMESTAMP '2019-11-29 16:18:41.921', 'bvDavsfQ Lorem ipsum dolor sit amet, consectetur adipiscing elit, sed do eiusmod tempor incididunt ut labore et dolore magna aliqua. Ut enim ad minim veniam, quis nostrud exercitation ullamco laboris nisi ut aliquip ex ea commodo consequat. Duis aute irure dolor in reprehenderit in voluptate velit esse cillum dolore eu fugiat ', TIMESTAMP '2019-11-29 16:18:41.921', 1, 'Proposal 17 that reached its quorum', 22, 20, NULL);
INSERT INTO "PUBLIC"."LAWS" VALUES
(161, TIMESTAMP '2019-11-26 16:18:41.952', TIMESTAMP '2019-11-27 16:18:41.952', 'rfv0b4s3 Lorem ipsum dolor sit amet, consectetur adipiscing elit, sed do eiusmod tempor incididunt ut labore et dolore magna aliqua. Ut enim ad minim veniam, quis nostrud exercitation ullamco laboris nisi ut aliquip ex ea commodo consequat. Duis aute irure dolor in reprehenderit in voluptate velit esse cillum dolore eu fugiat nulla pariatur. Excepteur sint occaecat cupidatat non proid', TIMESTAMP '2019-11-29 16:18:41.952', 1, 'Proposal 18 that reached its quorum', 24, 7, NULL),
(162, TIMESTAMP '2019-11-28 16:18:41.984', TIMESTAMP '2019-11-29 16:18:41.984', 'BVhT6CAa Lorem ipsum dolor sit amet, consectetur adipiscing elit, sed do eiusmod tempor incididunt ut labore et dolore magna aliqua. Ut enim ad minim veniam, quis nostrud exercitation ullamco laboris nisi ut aliquip ex ea commodo ', TIMESTAMP '2019-11-30 16:18:41.984', 1, 'Proposal 19 that reached its quorum', 31, 20, NULL),
(163, TIMESTAMP '2019-11-29 16:18:42.015', TIMESTAMP '2019-11-30 16:18:42.015', 'zZMA5H57 Lorem ipsum dol', TIMESTAMP '2019-11-30 16:18:42.015', 1, 'Proposal 20 that reached its quorum', 31, 19, NULL),
(164, TIMESTAMP '2019-11-23 16:18:42.03', TIMESTAMP '2019-11-24 16:18:42.046', '7E4B2G7X Lorem ipsum dolor sit amet, consectetur adipiscing elit, sed do eiusmod tempor incididunt ut labore et dolore magna aliqua. Ut enim ad minim veniam, quis nostrud exercitation ullamco laboris nisi ut aliquip ex ea commodo', TIMESTAMP '2019-12-01 16:18:42.03', 1, 'Proposal 21 that reached its quorum', 24, 19, NULL),
(165, TIMESTAMP '2019-11-28 16:18:42.062', TIMESTAMP '2019-11-29 16:18:42.062', 'q0aEhSxl Lorem ipsum dolor sit amet, consectetur adipiscing elit, sed do eiusmod tempor incididunt ut labore et dolore magna aliqua. Ut enim ad minim veniam, quis nostrud exercitation ullamco laboris nisi ut aliquip ex ea commodo consequat. Duis aute irure dolor in reprehenderit', TIMESTAMP '2019-11-30 16:18:42.046', 1, 'Proposal 22 that reached its quorum', 23, 4, NULL),
(166, TIMESTAMP '2019-11-26 16:18:42.077', TIMESTAMP '2019-11-27 16:18:42.077', 'Tls9vTbg Lorem ipsum dolor sit amet, consectetur adipiscing elit, sed do eiusmod tempor incididunt ut labore et dolore magna aliqua. Ut enim ad minim veniam, quis nostrud exercitation ullamco laboris nisi ut aliquip ex ea commodo consequat. Duis aute irure dolor in reprehenderit in voluptate velit esse cillum dolore eu fugiat nulla pariatur. Excepteur sint occaecat cupidatat non proi', TIMESTAMP '2019-11-29 16:18:42.077', 1, 'Proposal 23 that reached its quorum', 30, 15, NULL),
(167, TIMESTAMP '2019-11-23 16:18:42.093', TIMESTAMP '2019-11-24 16:18:42.093', 'HydU8COS Lorem ipsum dolor sit amet, consectetur adipiscing elit, sed do eiusmod tempor incididunt ut labore et dolore magna aliqua. Ut enim ad minim veniam, quis nos', TIMESTAMP '2019-11-25 16:18:42.093', 1, 'Proposal 24 that reached its quorum', 24, 20, NULL),
(168, TIMESTAMP '2019-12-01 16:18:42.109', TIMESTAMP '2019-12-01 16:18:42.109', 'GuuYTuLs Lorem ipsum dolor sit amet, consectetur adipiscing elit, sed do eiusmod tempor incididunt ut labore et dolore magna aliqua. Ut enim ad minim veniam, quis nostrud exercitation ullamco laboris nisi ut aliquip ex ea commodo consequat. Duis aute irure dolor in reprehen', TIMESTAMP '2019-12-01 16:18:42.109', 1, 'Proposal 25 that reached its quorum', 25, 17, NULL),
(169, TIMESTAMP '2019-11-27 16:18:42.124', TIMESTAMP '2019-11-28 16:18:42.124', '3mENTLAX Lorem ipsum dolor sit amet, consectetur adipiscing elit, sed do eiusmod tempor incididunt ut l', TIMESTAMP '2019-11-30 16:18:42.109', 1, 'Proposal 26 that reached its quorum', 26, 9, NULL),
(170, TIMESTAMP '2019-11-30 16:18:42.124', TIMESTAMP '2019-12-01 16:18:42.124', 'b5KK4MtV Lorem ipsum dolor sit amet, consectetu', TIMESTAMP '2019-12-01 16:18:42.124', 1, 'Proposal 27 that reached its quorum', 27, 3, NULL),
(171, TIMESTAMP '2019-11-23 16:18:42.14', TIMESTAMP '2019-11-24 16:18:42.14', '6RHvb4Yb Lorem ipsum dolor sit amet, consectetur adipiscing elit, sed do eiusmod tempor incididunt ut labore et dolore magna aliqua. Ut enim ad minim veniam, quis nostrud exercitatio', TIMESTAMP '2019-11-24 16:18:42.14', 1, 'Proposal 28 that reached its quorum', 29, 16, NULL);
INSERT INTO "PUBLIC"."LAWS" VALUES
(172, TIMESTAMP '2019-12-01 16:18:42.155', TIMESTAMP '2019-12-01 16:18:42.155', 'u52ETOKB Lorem ipsum dolor sit amet, consectetur adipiscing elit, sed do eiusmod tempor incididunt ut labore et dolore magna aliqua. Ut enim ad mi', TIMESTAMP '2019-12-01 16:18:42.155', 1, 'Proposal 29 that reached its quorum', 27, 20, NULL),
(173, TIMESTAMP '2019-11-30 16:18:42.171', TIMESTAMP '2019-12-01 16:18:42.171', 'bRgwpF76 Lorem ipsum dolor sit amet, consectetur adipiscing elit, sed do eiusmod tempor incididunt ut la', TIMESTAMP '2019-12-01 16:18:42.171', 1, 'Proposal 30 that reached its quorum', 28, 5, NULL),
(174, TIMESTAMP '2019-11-25 16:18:42.202', TIMESTAMP '2019-11-26 16:18:42.202', 'zZEpL7LD Lorem ipsum dolor sit amet, consectetur adipiscing elit, sed do eiusmod tempor incididunt ut labore et dolore magna aliqua. Ut enim ad minim veniam, quis nostrud exercitation ullamco laboris nisi ut aliquip ex ea commodo consequat. Duis aute irure dolor in reprehenderit in voluptate velit esse cillum dolore eu fugiat nulla pariatur. Excepteur sint occaecat cupi', TIMESTAMP '2019-11-28 16:18:42.202', 1, 'Proposal 31 that reached its quorum', 27, 3, NULL),
(175, TIMESTAMP '2019-11-30 16:18:42.249', TIMESTAMP '2019-12-01 16:18:42.249', '0OxW3Nv0 Lorem ipsum dolor sit amet, consectetur adipiscing elit, sed do eiusmod tempor incididunt ut labore et dolore mag', TIMESTAMP '2019-12-01 16:18:42.249', 1, 'Proposal 32 that reached its quorum', 26, 14, NULL),
(176, TIMESTAMP '2019-11-28 16:18:42.28', TIMESTAMP '2019-11-29 16:18:42.28', 'ftdwqHlC Lorem ipsum dolor sit amet, consectetur adipiscing elit, sed do eiusmod tempor incididunt ut labore et dolore magna aliqua. Ut enim ad minim veniam, quis nostrud exercitation ullamco laboris ni', TIMESTAMP '2019-12-01 16:18:42.28', 1, 'Proposal 33 that reached its quorum', 24, 16, NULL),
(177, TIMESTAMP '2019-11-29 16:18:42.296', TIMESTAMP '2019-11-30 16:18:42.296', 'dGgt59vD Lorem ipsum dolor sit amet, consectetur adipiscing elit, sed do eiusmod tempor incididunt ut labore et dolore magna aliqua. Ut enim ad minim veniam, quis nostrud exercitation ullamco laboris nisi ut aliquip ex ea commodo conse', TIMESTAMP '2019-12-01 16:18:42.296', 1, 'Proposal 34 that reached its quorum', 24, 12, NULL),
(178, TIMESTAMP '2019-12-01 16:18:42.327', TIMESTAMP '2019-12-01 16:18:42.327', '2vVAlD5g Lorem ipsum dolor sit amet, consectetur adipiscing elit, sed do eiusmod tempor incididunt ut labore et dolore magna aliqua. Ut enim ad minim veniam, quis nostrud exercitation ullamco laboris nisi ut aliquip ex ea commodo consequat. Duis aute irure dolor in reprehenderit in voluptate velit esse cillum dolore eu fugiat nulla pariatur. Excepteur sint occa', TIMESTAMP '2019-12-01 16:18:42.327', 1, 'Proposal 35 that reached its quorum', 28, 11, NULL),
(179, TIMESTAMP '2019-11-23 16:18:42.343', TIMESTAMP '2019-11-24 16:18:42.343', 'PMw6R2K3 Lorem ipsum dolor sit amet, consectetur adipiscing elit, sed do eiusmod tempor incididunt ut labore et dolore mag', TIMESTAMP '2019-11-24 16:18:42.343', 1, 'Proposal 36 that reached its quorum', 23, 4, NULL),
(180, TIMESTAMP '2019-11-24 16:18:42.343', TIMESTAMP '2019-11-25 16:18:42.343', 'fz3pCK2V Lorem ipsum dolor sit amet, consectetur adipiscing elit, sed do eiusmod tempor incididunt ut labore et dolore magna aliqua. Ut enim ad minim veniam, quis nostrud exercitation ullamco laboris nisi ut aliquip ex ea commodo consequat. Duis aute irure dolor in reprehenderit in voluptate velit esse cillum dolore eu fugiat nulla pariatur. Excepteur sint occaecat cupidatat non proident, sunt in cu', TIMESTAMP '2019-12-01 16:18:42.343', 1, 'Proposal 37 that reached its quorum', 27, 12, NULL),
(181, TIMESTAMP '2019-11-26 16:18:42.359', TIMESTAMP '2019-11-27 16:18:42.359', 'FzX0ZK9k Lorem ipsum dolor sit amet, consectetur adipiscing elit, sed do eiusmod tempor incididunt ut labore et dolore magna aliqua. Ut enim ad minim veniam, quis nostrud exercitation ullamco laboris nisi ut aliquip ex ea commodo consequat. Duis aute irure dolor in reprehenderit in voluptate velit esse cillum dolore eu fugiat nulla pariatur. Excep', TIMESTAMP '2019-11-28 16:18:42.359', 1, 'Proposal 38 that reached its quorum', 26, 17, NULL);
INSERT INTO "PUBLIC"."LAWS" VALUES
(182, TIMESTAMP '2019-11-23 16:18:42.374', TIMESTAMP '2019-11-24 16:18:42.374', 'taEFwCKl Lorem ipsum dolor sit amet, consectetur adipiscing elit, sed do eiusmod tempor incididunt ut labore et', TIMESTAMP '2019-11-28 16:18:42.374', 1, 'Proposal 39 that reached its quorum', 24, 5, NULL),
(183, TIMESTAMP '2019-11-30 16:18:42.39', TIMESTAMP '2019-12-01 16:18:42.39', 'KzldCSNA Lorem ipsum dolor sit amet, consectetur adipiscing elit, sed do eiusmod tempor incididunt ut labore et dolore magna aliqua. Ut enim ad minim veniam, quis nostrud exercitation ullamco laboris nisi ut aliquip ex ea commodo consequat. Duis aute irure dolor in reprehenderit in voluptate velit esse cillum dolore eu fugiat nulla pariatur. Exc', TIMESTAMP '2019-12-01 16:18:42.39', 1, 'Proposal 40 that reached its quorum', 26, 13, NULL),
(184, TIMESTAMP '2019-11-29 16:18:42.405', TIMESTAMP '2019-11-30 16:18:42.405', 'YbrMwC2D Lorem ipsum dolor sit amet, consectetur adipiscing elit, sed do eiusmod tempor incididunt ut labore et dolore magna aliqua. Ut enim ad minim veniam, quis nostrud exercitation ullamco laboris nisi ut aliquip ex ea commodo consequat. Duis aute irure dolor in reprehenderit in voluptate velit esse cillum ', TIMESTAMP '2019-11-30 16:18:42.405', 1, 'Proposal 41 that reached its quorum', 22, 3, NULL),
(185, TIMESTAMP '2019-11-29 16:18:42.421', TIMESTAMP '2019-11-30 16:18:42.421', 'cB3kEBQD Lorem ipsum dolor sit amet, consectetur adipiscing elit, sed do eiusmod tempor incididunt ut labore et dolore magna aliqua. Ut enim ad minim veniam, quis nostrud exercitation ullamco laboris nisi ut aliquip ex ea commodo consequat. Duis aute irure dolor in reprehenderit in voluptate velit esse cillum dolore eu fugiat nulla pariatur. Excepteur sint occaecat cupidatat non proident, sunt ', TIMESTAMP '2019-12-01 16:18:42.421', 1, 'Proposal 42 that reached its quorum', 28, 16, NULL),
(186, TIMESTAMP '2019-11-27 16:18:42.437', TIMESTAMP '2019-11-28 16:18:42.437', '58z5c3KK Lorem ipsum dolor sit amet, consectetur adipiscing elit, sed do eiusmod tempor incididunt ut labore et dolo', TIMESTAMP '2019-11-29 16:18:42.437', 1, 'Proposal 43 that reached its quorum', 28, 2, NULL),
(187, TIMESTAMP '2019-11-29 16:18:42.452', TIMESTAMP '2019-11-30 16:18:42.452', 'LgUBD3u6 Lorem ipsum dolor sit amet, consectetur adipiscing elit, sed do eiusmod tempor incididunt ut labore et dolore magna aliqua. Ut enim ad minim veniam, quis nostrud exercitation ullamco laboris nisi ut aliquip ex ea commodo conseq', TIMESTAMP '2019-11-30 16:18:42.452', 1, 'Proposal 44 that reached its quorum', 27, 7, NULL),
(188, TIMESTAMP '2019-11-27 16:18:42.468', TIMESTAMP '2019-11-28 16:18:42.468', 'K8p8tq7l Lorem ipsum dolor sit amet, consectetur adipiscing elit, sed do eiusmod tempor incididunt ut labore et dolore m', TIMESTAMP '2019-11-28 16:18:42.468', 1, 'Proposal 45 that reached its quorum', 26, 2, NULL),
(189, TIMESTAMP '2019-11-22 16:18:42.483', TIMESTAMP '2019-11-23 16:18:42.483', 'Xe8w72LT Lorem ipsum dolor sit amet, consectetur adipiscing elit, sed do ', TIMESTAMP '2019-11-25 16:18:42.483', 1, 'Proposal 46 that reached its quorum', 31, 19, NULL),
(190, TIMESTAMP '2019-11-23 16:18:42.499', TIMESTAMP '2019-11-24 16:18:42.499', 'ZTLFGQMv Lorem ipsum dolor sit amet, consectetur adipiscing elit, sed do eiusmod tempor incididunt ut labore et dolore magna aliqua. Ut enim ad minim veniam, quis nostrud exercitation ullamco laboris nisi ut aliquip ex ea commodo consequat. Duis aute irure dolor in reprehenderit in voluptate velit esse cillum dolore eu fugiat nulla p', TIMESTAMP '2019-11-29 16:18:42.499', 1, 'Proposal 47 that reached its quorum', 27, 1, NULL),
(191, TIMESTAMP '2019-11-28 16:18:42.515', TIMESTAMP '2019-11-29 16:18:42.515', 'YzUmPR8R Lorem ipsum dolor sit amet, consectetur adipiscing elit, sed do eiusmod tempor incididunt ut labore et dolore magna aliqua. Ut enim ad minim veniam, quis nostrud exercitation ullamco laboris nisi ut aliquip ex ea commodo consequat. Duis aute irure dolor in reprehenderit in voluptate velit esse cillum dolore eu fugiat null', TIMESTAMP '2019-11-30 16:18:42.515', 1, 'Proposal 48 that reached its quorum', 22, 9, NULL);
INSERT INTO "PUBLIC"."LAWS" VALUES
(192, TIMESTAMP '2019-11-24 16:18:42.53', TIMESTAMP '2019-11-25 16:18:42.53', 'bNt7lEms Lorem ipsum dolor sit amet, consectetur ', TIMESTAMP '2019-11-28 16:18:42.53', 1, 'Proposal 49 that reached its quorum', 27, 20, NULL),
(193, TIMESTAMP '2019-11-26 16:18:42.53', TIMESTAMP '2019-11-27 16:18:42.53', 'Lorem ipsum dolor sit amet, consectetur adipiscing elit, sed do eiusmod tempor incididunt ut labore et dolore magna aliqua. Ut enim ad minim veniam, quis nostrud exercitation ullamco laboris nisi ut aliquip ex ea commodo consequat. Duis aute irure dolor in reprehenderit in voluptate velit esse cillum dolore eu fugiat nulla pariatur. Excepteur sint occaecat cupidatat non proident, ', TIMESTAMP '2019-11-30 16:18:42.53', 1, 'Proposal 0 for user testuser1@liquido.de', 28, 1, NULL),
(202, TIMESTAMP '2019-11-24 16:18:42.593', TIMESTAMP '2019-11-25 16:18:42.593', 'Lorem ipsum dolor sit amet, consectetur adipiscing elit, sed do eiusmod tempor incididunt ut labore et dolore magna aliqua. Ut enim ad minim veniam, quis nostrud exercitation ullamco laboris nisi ut aliquip ex ea commodo consequat. Duis aute irure dolor in reprehenderit in voluptate velit esse cillum dolore eu fugiat nulla pariatur. Excepteu', TIMESTAMP '2019-11-27 16:18:42.593', 1, 'Proposal 1 for user testuser1@liquido.de', 29, 1, NULL),
(209, TIMESTAMP '2019-12-01 16:18:42.687', TIMESTAMP '2019-12-01 16:18:42.687', 'Lorem ipsum dolor sit amet, consectetur adipiscing elit, sed do eiusmod tempor incididunt ut labore et dolore magna aliqua. Ut enim ad minim veniam, quis nostrud exercitation ullamco laboris nisi ut aliquip ex ea commodo consequat. Duis aute irure dolor in reprehenderit in voluptate velit esse cillum dolore eu fugiat nulla pariatur. Excepteur sint occaecat cupidatat non proiden', TIMESTAMP '2019-12-01 16:18:42.687', 1, 'Proposal 2 for user testuser1@liquido.de', 30, 1, NULL),
(219, TIMESTAMP '2019-11-28 16:18:42.733', TIMESTAMP '2019-11-29 16:18:42.733', 'Lorem ipsum dolor sit amet, consectetur adipiscing elit, sed do eiusmod tempor incididunt ut labore et dolore magna aliqua. Ut enim ad minim veniam, quis nostrud exercitation ullamco laboris nisi ut aliquip ex ea commodo consequat. Duis aute irure dolor in reprehenderit in voluptate velit esse cillum dolor', TIMESTAMP '2019-12-01 16:18:42.733', 1, 'Proposal 3 for user testuser1@liquido.de', 27, 1, NULL),
(225, TIMESTAMP '2019-11-29 16:18:42.749', TIMESTAMP '2019-11-30 16:18:42.749', 'Lorem ipsum dolor sit amet, consectetur adipiscing elit, sed do eiusmod tempor incididunt ut labore et dolore magna aliqua. Ut enim ad minim veniam, quis nostrud exercitation ullamco ', TIMESTAMP '2019-12-01 16:18:42.749', 1, 'Proposal 4 for user testuser1@liquido.de', 28, 1, NULL),
(239, TIMESTAMP '2019-11-21 16:18:48.205', TIMESTAMP '2019-12-01 16:18:48.221', 'Lorem ipsum dolor sit amet, consectetur adipiscing elit, sed do eiusmod tempor incididunt ut labore et dolore magna aliqua. Ut enim ad minim veniam, quis nostrud exercitation ullamco laboris nisi ut aliquip ex ea commodo consequat. Duis aute irure dolor in reprehenderit in voluptate velit esse cillum', TIMESTAMP '2019-11-24 16:18:48.205', 2, 'Initial Proposal in a poll that is in elaboration 1575213528189', 22, 13, 243),
(244, TIMESTAMP '2019-11-11 16:18:48.236', TIMESTAMP '2019-12-01 16:18:48.252', 'Lorem ipsum dolor sit amet, consectetur adipiscing elit, sed do eiusmod tempor incididunt ut labore et dolore magna aliqua. Ut enim ad minim veniam, quis nostrud exercitation ullamco laboris nisi ut aliquip ex ea commodo consequat. Duis aute irure dolor in reprehenderit in voluptate velit esse cillum dolore eu fugiat nulla pariatur. Exce', TIMESTAMP '2019-11-13 16:18:48.236', 2, 'Alternative Proposal1 in a poll that is in elaboration1575213528221', 22, 15, 243),
(249, TIMESTAMP '2019-11-11 16:18:48.268', TIMESTAMP '2019-12-01 16:18:48.283', 'Lorem ipsum dolor sit amet, consectetur adipiscing elit, sed do eiusmod tempor incididunt ut labore et dolore magna aliqua. Ut enim ad minim veniam, quis nostrud exercitation ullamco laboris nisi ut aliquip ex ea commodo consequat. Duis aute irure dolor in reprehenderit in voluptate velit esse cillum dol', TIMESTAMP '2019-11-13 16:18:48.268', 2, 'Alternative Proposal2 in a poll that is in elaboration1575213528252', 22, 7, 243);
INSERT INTO "PUBLIC"."LAWS" VALUES
(254, TIMESTAMP '2019-11-11 16:18:48.299', TIMESTAMP '2019-12-01 16:18:48.299', 'Lorem ipsum dolor sit amet, consectetur adipiscing elit, sed do eiusmod tempor incididunt ut labore et dolore magna aliqua. Ut enim ad minim veniam, quis nostrud exercitation ullamco laboris nisi ut aliquip ex ea commodo consequat. Duis aute irure dolor in reprehenderit in voluptate velit e', TIMESTAMP '2019-11-13 16:18:48.283', 2, 'Alternative Proposal3 in a poll that is in elaboration1575213528283', 22, 3, 243),
(260, TIMESTAMP '2019-11-11 16:18:48.314', TIMESTAMP '2019-12-01 16:18:48.33', 'Lorem ipsum dolor sit amet, consectetur adipiscing elit, sed do eiusmod tempor incididunt ut labore et dolore magna aliqua. Ut enim ad minim veniam, quis nostrud exercitation ullamco laboris nisi ut ali', TIMESTAMP '2019-11-13 16:18:48.314', 2, 'Alternative Proposal4 in a poll that is in elaboration1575213528299', 22, 5, 243),
(265, TIMESTAMP '2019-11-21 16:18:48.346', TIMESTAMP '2019-12-01 16:18:48.627', 'Lorem ipsum dolor sit amet, consectetur adipiscing elit, sed do eiusmod tempor incididunt ut labore et dolore magna ali', TIMESTAMP '2019-11-24 16:18:48.346', 3, 'Proposal 3 in voting phase 1575213528580', 22, 13, 271),
(272, TIMESTAMP '2019-11-11 16:18:48.361', TIMESTAMP '2019-12-01 16:18:48.627', 'Lorem ipsum dolor sit amet, consectetur adipiscing elit, sed do eiusmod tempor incididunt ut labore et dolore magna ', TIMESTAMP '2019-11-13 16:18:48.361', 3, 'Proposal 1 in voting phase 1575213528580', 22, 15, 271),
(278, TIMESTAMP '2019-11-11 16:18:48.471', TIMESTAMP '2019-12-01 16:18:48.627', 'Lorem ipsum dolor sit amet, consectetur adipiscing elit, sed do eiusmod tempor incididunt ut labore et dolore magna aliqua. Ut enim ad minim veniam, quis nostrud exercitation ullamco laboris nisi ut aliquip ex ea commodo consequat. Duis aute irure dolor in reprehenderit in ', TIMESTAMP '2019-11-13 16:18:48.471', 3, 'Proposal 2 in voting phase 1575213528580', 22, 7, 271),
(285, TIMESTAMP '2019-11-11 16:18:48.517', TIMESTAMP '2019-12-01 16:18:48.627', 'Lorem ipsum dolor sit amet, consectetur adipiscing elit, sed do eiusmod tempor incididunt ut labore et dolore magna aliqua. Ut enim ad minim veniam, quis nostrud exercitation ullamco laboris nisi ut aliquip ex ea commodo consequat. Duis aute irure dolor in reprehenderit in voluptate velit esse cillum dolo', TIMESTAMP '2019-11-13 16:18:48.517', 3, 'Proposal 4 in voting phase 1575213528580', 22, 3, 271),
(294, TIMESTAMP '2019-11-11 16:18:48.549', TIMESTAMP '2019-12-01 16:18:48.627', 'Lorem ipsum dolor sit amet, consectetur adipiscing elit, sed do eiusmod tempor incididunt ut labore et dolore magna aliqua. Ut enim ad minim veniam, quis nostrud exercitation ullamco laboris nisi ut aliquip ex ea commodo consequat. Duis aute irure dolo', TIMESTAMP '2019-11-13 16:18:48.549', 3, 'Proposal 5 in voting phase 1575213528580', 22, 5, 271),
(302, TIMESTAMP '2019-11-21 16:18:48.658', TIMESTAMP '2019-12-01 16:18:48.783', 'Lorem ipsum dolor sit amet, consectetur adipiscing elit, sed do eiusmod tempor incididunt ut labore et dolore magna ', TIMESTAMP '2019-11-24 16:18:48.658', 3, 'Proposal 5 in voting phase 1575213528783', 22, 13, 306),
(307, TIMESTAMP '2019-11-11 16:18:48.689', TIMESTAMP '2019-12-01 16:18:48.783', 'Lorem ipsum dolor sit amet, consectetur adipiscing elit, sed do eiusmod tempor incididunt ut labore et dolore magna aliqua. Ut enim ad minim veniam, quis nostrud exercitation ullamco laboris nisi ut aliquip ex ea commodo consequat. Duis aute irure dolor in reprehenderit in voluptate velit esse cillum dolore ', TIMESTAMP '2019-11-13 16:18:48.689', 3, 'Proposal 2 in voting phase 1575213528783', 22, 15, 306),
(314, TIMESTAMP '2019-11-11 16:18:48.721', TIMESTAMP '2019-12-01 16:18:48.783', 'Lorem ipsum dolor sit amet, consectetur adipiscing elit, sed do eiusmod tempor incididunt ut labore et dolore magna aliqua. Ut enim ad minim veniam, quis nostrud exercitation ullamco laboris nisi ut aliquip ex ea commodo consequat. Duis aute irure dolor in reprehenderit in voluptate velit esse cillum dolore eu fugiat nulla pariatur. Excepteur sint occaecat cupidatat non ', TIMESTAMP '2019-11-13 16:18:48.705', 3, 'Proposal 1 in voting phase 1575213528783', 22, 7, 306);
INSERT INTO "PUBLIC"."LAWS" VALUES
(323, TIMESTAMP '2019-11-11 16:18:48.736', TIMESTAMP '2019-12-01 16:18:48.799', 'Lorem ipsum dolor sit amet, consectetur adipiscing elit, sed do eiusmod tempor incididunt ut labore et dolore magna aliqua. Ut enim ad mi', TIMESTAMP '2019-11-13 16:18:48.736', 3, 'Proposal 4 in voting phase 1575213528783', 22, 3, 306),
(330, TIMESTAMP '2019-11-11 16:18:48.767', TIMESTAMP '2019-12-01 16:18:48.799', 'Lorem ipsum dolor sit amet, consectetur adipiscing elit, sed do eiusmod tempor incididunt ut labore et dolore magna aliqua. Ut eni', TIMESTAMP '2019-11-13 16:18:48.767', 3, 'Proposal 3 in voting phase 1575213528783', 22, 5, 306),
(350, TIMESTAMP '2019-11-21 16:18:54.244', TIMESTAMP '2019-12-01 16:18:57.889', 'Lorem ipsum dolor sit amet, consectetur adipiscing elit, sed do eiusmod tempor incididunt ut labore et dolore magna aliqua. Ut enim ad minim veniam, quis nostrud exercitation ullamco laboris nisi ut aliquip ex ea commodo consequat. Duis aute irure dol', TIMESTAMP '2019-11-24 16:18:54.244', 5, 'Proposal 1 in voting phase 1575213534338', 22, 13, 357),
(358, TIMESTAMP '2019-11-11 16:18:54.276', TIMESTAMP '2019-12-01 16:18:57.889', 'Lorem ipsum dolor sit amet, consectetur adipiscing elit, sed do eiusmod tempor incididunt ut labore et dolore magna aliqua. Ut enim ad minim veniam, quis nostrud', TIMESTAMP '2019-11-13 16:18:54.276', 5, 'Proposal 4 in voting phase 1575213534338', 22, 15, 357),
(364, TIMESTAMP '2019-11-11 16:18:54.291', TIMESTAMP '2019-12-01 16:18:57.889', 'Lorem ipsum dolor sit amet, consectetur adipiscing elit, sed do eiusmod tempor incididunt ut labore et dolore magna aliqua. Ut enim ad minim veniam, quis nostrud exercitation ullamco laboris nisi ut aliquip ex ea commodo cons', TIMESTAMP '2019-11-13 16:18:54.291', 5, 'Proposal 2 in voting phase 1575213534338', 22, 7, 357),
(369, TIMESTAMP '2019-11-11 16:18:54.307', TIMESTAMP '2019-12-01 16:18:57.889', 'Lorem ipsum dolor sit amet, consectetur adipiscing elit, sed do eiusmod tempor incididunt ut labore et dolore magna ali', TIMESTAMP '2019-11-13 16:18:54.307', 4, 'This winning Proposal is now a Law', 22, 3, 357),
(375, TIMESTAMP '2019-11-11 16:18:54.338', TIMESTAMP '2019-12-01 16:18:57.889', 'Lorem ipsum dolor sit amet, consectetur adipiscing elit, sed do eiusmod tempor incididunt ut labore et dolore magna aliqua. Ut enim ad minim veniam, quis nostrud exercitation ullamco laboris nisi ut aliquip ex ea commodo c', TIMESTAMP '2019-11-13 16:18:54.338', 5, 'Proposal 3 in voting phase 1575213534338', 22, 5, 357),
(396, TIMESTAMP '2019-11-11 16:18:57.905', TIMESTAMP '2019-12-01 16:18:57.905', 'Lorem ipsum dolor sit amet, consectetur adipiscing elit, sed do eiusmod tempor incididunt ut labore et dolore magna aliqua. Ut enim ad minim veniam, quis nostrud exercitation ullamco laboris nisi ut aliquip ex ea commodo consequat. Duis aute irure d', TIMESTAMP '2019-11-07 16:18:57.905', 4, 'Law 0', 22, 1, NULL),
(397, TIMESTAMP '2019-11-10 16:18:57.92', TIMESTAMP '2019-12-01 16:18:57.92', 'Lorem ipsum dolor sit amet, consectetur adipiscing elit, sed do eiusmod tempor incididunt ut labore et dolore magna aliqua. Ut enim ad minim veniam, quis nostrud exercitation ullamco laboris nisi ut aliquip ex ea commodo consequat. Duis aute irure dolor in reprehenderit in voluptate velit esse cillum d', TIMESTAMP '2019-11-07 16:18:57.92', 4, 'Law 1', 22, 1, NULL);
CREATE MEMORY TABLE "PUBLIC"."LAWS_COMMENTS"(
"LAW_MODEL_ID" BIGINT NOT NULL,
"COMMENTS_ID" BIGINT NOT NULL
);
ALTER TABLE "PUBLIC"."LAWS_COMMENTS" ADD CONSTRAINT "PUBLIC"."CONSTRAINT_A0" PRIMARY KEY("LAW_MODEL_ID", "COMMENTS_ID");
-- 25 +/- SELECT COUNT(*) FROM PUBLIC.LAWS_COMMENTS;
INSERT INTO "PUBLIC"."LAWS_COMMENTS" VALUES
(193, 194),
(202, 203),
(209, 210),
(219, 220),
(225, 226),
(239, 240),
(244, 245),
(249, 250),
(254, 255),
(260, 261),
(265, 266),
(272, 273),
(278, 279),
(285, 286),
(294, 295),
(302, 303),
(307, 308),
(314, 315),
(323, 324),
(330, 331),
(350, 351),
(358, 359),
(364, 365),
(369, 370),
(375, 376);
CREATE MEMORY TABLE "PUBLIC"."LAWS_SUPPORTERS"(
"LAW_MODEL_ID" BIGINT NOT NULL,
"SUPPORTERS_ID" BIGINT NOT NULL
);
ALTER TABLE "PUBLIC"."LAWS_SUPPORTERS" ADD CONSTRAINT "PUBLIC"."CONSTRAINT_C" PRIMARY KEY("LAW_MODEL_ID", "SUPPORTERS_ID");
-- 1234 +/- SELECT COUNT(*) FROM PUBLIC.LAWS_SUPPORTERS;
INSERT INTO "PUBLIC"."LAWS_SUPPORTERS" VALUES
(32, 13),
(32, 18),
(32, 19),
(32, 7),
(32, 1),
(32, 4),
(32, 20),
(33, 4),
(33, 17),
(33, 20),
(33, 15),
(33, 6),
(33, 8),
(33, 13),
(34, 13),
(35, 4),
(37, 11),
(37, 9),
(37, 6),
(38, 13),
(38, 12),
(38, 16),
(38, 4),
(38, 18),
(38, 2),
(38, 6),
(38, 7),
(39, 10),
(39, 3),
(39, 15),
(39, 14),
(39, 7),
(39, 8),
(39, 13),
(39, 12),
(40, 1),
(41, 14),
(41, 8),
(41, 13),
(41, 10),
(41, 9),
(41, 17),
(41, 2),
(42, 15),
(42, 4),
(42, 3),
(42, 19),
(42, 5),
(42, 14),
(42, 12),
(44, 2),
(45, 1),
(45, 10),
(45, 7),
(45, 18),
(45, 20),
(45, 8),
(45, 9),
(45, 15),
(47, 14),
(47, 17),
(48, 2),
(48, 10),
(48, 3),
(48, 18),
(48, 5),
(48, 13),
(48, 20),
(48, 4),
(49, 4),
(49, 6),
(49, 15),
(49, 18),
(49, 19),
(49, 8),
(49, 5),
(49, 16),
(50, 5),
(50, 12),
(50, 11),
(50, 7),
(51, 13),
(51, 15),
(52, 12),
(52, 9),
(52, 14),
(52, 4),
(52, 20),
(52, 2),
(52, 13),
(52, 3),
(53, 2),
(53, 10),
(53, 6),
(53, 4),
(53, 16),
(53, 19),
(54, 7),
(54, 14),
(54, 11),
(54, 6),
(54, 9),
(54, 12),
(54, 10),
(55, 15),
(55, 4),
(56, 6),
(56, 20),
(56, 4),
(56, 2),
(56, 14),
(56, 11),
(56, 19),
(57, 19),
(57, 3),
(57, 18),
(57, 20),
(58, 14),
(58, 9),
(58, 7),
(58, 4),
(58, 10),
(58, 19),
(58, 20),
(58, 15),
(59, 18),
(59, 13),
(59, 6),
(59, 9),
(59, 14),
(59, 8),
(59, 16),
(60, 13),
(60, 2),
(60, 11),
(60, 9),
(60, 18),
(60, 3),
(60, 19),
(61, 12),
(61, 15),
(61, 17),
(61, 9),
(61, 7),
(61, 10),
(61, 18),
(63, 1),
(63, 7),
(63, 18),
(63, 17),
(63, 20),
(63, 16),
(64, 10),
(64, 13),
(65, 13),
(65, 4),
(67, 4),
(67, 14),
(67, 1),
(67, 12),
(67, 17),
(68, 11),
(68, 12),
(68, 20),
(68, 3),
(68, 13),
(68, 16),
(70, 12),
(70, 4),
(70, 13),
(71, 16),
(71, 5),
(72, 15),
(72, 1),
(72, 7),
(72, 2),
(72, 13),
(73, 11),
(73, 3),
(73, 15),
(74, 13),
(74, 11),
(74, 20),
(74, 1),
(74, 16),
(74, 8),
(75, 2),
(76, 10),
(76, 8),
(76, 9),
(77, 18),
(77, 16),
(77, 14),
(77, 7),
(78, 1),
(78, 10),
(79, 5),
(79, 11),
(80, 12),
(80, 2),
(80, 4),
(80, 8),
(81, 19),
(81, 4),
(81, 6),
(81, 5),
(81, 17),
(81, 12),
(81, 15),
(81, 13),
(82, 19),
(82, 8),
(82, 14),
(82, 7),
(82, 3),
(82, 1),
(82, 16),
(82, 10),
(83, 7),
(83, 1),
(83, 8),
(83, 18),
(84, 16),
(85, 3),
(85, 19),
(85, 9),
(85, 17),
(85, 16),
(85, 7),
(86, 15),
(86, 9),
(86, 4),
(86, 16),
(86, 1),
(86, 10),
(87, 7),
(87, 10),
(87, 9),
(88, 7),
(88, 19),
(88, 4),
(89, 12),
(89, 1),
(89, 18),
(89, 17),
(89, 20),
(91, 9),
(91, 4),
(92, 4),
(93, 9),
(93, 1),
(93, 15),
(93, 20),
(93, 10),
(93, 4),
(93, 18),
(93, 13),
(94, 16),
(94, 3),
(94, 5),
(94, 20),
(94, 15),
(94, 4),
(94, 7),
(95, 3),
(95, 7),
(95, 15),
(95, 20),
(95, 8),
(96, 14),
(96, 17),
(96, 9),
(96, 5),
(96, 4),
(96, 6),
(96, 19),
(96, 8),
(97, 5),
(97, 8),
(97, 14),
(98, 8),
(98, 14),
(98, 4),
(99, 4),
(99, 2),
(99, 14),
(99, 20),
(99, 5),
(99, 15),
(99, 13),
(99, 17),
(100, 9),
(100, 4),
(100, 1),
(100, 15),
(100, 14),
(100, 5),
(101, 2),
(101, 8),
(101, 9),
(101, 18),
(101, 13),
(103, 15),
(103, 3),
(103, 1),
(103, 17),
(103, 4),
(103, 12),
(104, 16),
(105, 6),
(106, 16),
(106, 17),
(106, 13),
(106, 3),
(106, 9),
(106, 10),
(107, 18),
(107, 7),
(108, 2),
(108, 17),
(108, 19),
(108, 18),
(108, 1),
(108, 4),
(109, 3),
(109, 6),
(109, 18),
(110, 1),
(110, 13),
(110, 10),
(110, 7),
(110, 12),
(110, 5),
(111, 4),
(111, 8),
(111, 9),
(111, 6),
(111, 17),
(111, 15),
(112, 1),
(112, 11),
(112, 18),
(112, 6),
(113, 15),
(113, 3),
(113, 8),
(113, 18),
(113, 20),
(113, 6),
(113, 1),
(116, 16),
(116, 10),
(117, 7),
(117, 2),
(117, 15),
(117, 20),
(117, 11),
(117, 16),
(118, 11),
(119, 20),
(119, 10),
(120, 10),
(120, 13),
(120, 18),
(121, 17),
(123, 14),
(123, 20),
(123, 7),
(123, 16),
(124, 6),
(124, 15),
(124, 19),
(124, 14),
(124, 8),
(125, 14),
(125, 7),
(125, 11),
(125, 15),
(125, 4),
(126, 9),
(126, 3),
(126, 11),
(126, 18),
(126, 4),
(126, 8),
(126, 14),
(126, 7),
(127, 14),
(127, 9),
(127, 6),
(128, 13),
(128, 15),
(129, 10),
(129, 8),
(129, 3),
(129, 11),
(129, 1),
(130, 1),
(131, 2),
(131, 6),
(131, 7),
(131, 12),
(131, 15),
(132, 9),
(132, 7),
(132, 4),
(132, 11),
(132, 3),
(132, 2),
(132, 16),
(133, 14),
(133, 17),
(134, 7);
INSERT INTO "PUBLIC"."LAWS_SUPPORTERS" VALUES
(134, 4),
(134, 12),
(134, 20),
(134, 14),
(134, 16),
(135, 6),
(135, 12),
(135, 18),
(135, 7),
(135, 17),
(136, 15),
(136, 3),
(136, 16),
(136, 2),
(136, 12),
(136, 7),
(136, 9),
(136, 18),
(137, 16),
(137, 11),
(137, 7),
(137, 5),
(138, 3),
(138, 9),
(140, 16),
(140, 10),
(141, 10),
(141, 20),
(141, 16),
(141, 14),
(141, 8),
(142, 20),
(142, 5),
(142, 15),
(142, 3),
(142, 13),
(142, 10),
(142, 9),
(143, 16),
(143, 11),
(143, 1),
(143, 9),
(143, 2),
(143, 4),
(143, 19),
(143, 12),
(143, 17),
(143, 6),
(144, 3),
(144, 4),
(144, 19),
(144, 1),
(144, 6),
(144, 5),
(144, 2),
(144, 8),
(144, 17),
(144, 10),
(145, 7),
(145, 1),
(145, 13),
(145, 5),
(145, 3),
(145, 10),
(145, 8),
(145, 14),
(145, 6),
(145, 20),
(146, 5),
(146, 19),
(146, 3),
(146, 15),
(146, 8),
(146, 20),
(146, 18),
(146, 6),
(146, 7),
(146, 9),
(147, 17),
(147, 12),
(147, 20),
(147, 16),
(147, 7),
(147, 2),
(147, 10),
(147, 3),
(147, 5),
(147, 6),
(148, 11),
(148, 1),
(148, 5),
(148, 13),
(148, 15),
(148, 10),
(148, 20),
(148, 3),
(148, 16),
(148, 17),
(149, 19),
(149, 4),
(149, 15),
(149, 11),
(149, 1),
(149, 16),
(149, 13),
(149, 3),
(149, 14),
(149, 17),
(150, 11),
(150, 6),
(150, 8),
(150, 3),
(150, 13),
(150, 12),
(150, 20),
(150, 1),
(150, 5),
(150, 18),
(151, 9),
(151, 13),
(151, 12),
(151, 3),
(151, 14),
(151, 16),
(151, 11),
(151, 8),
(151, 20),
(151, 19),
(152, 1),
(152, 14),
(152, 8),
(152, 12),
(152, 13),
(152, 17),
(152, 6),
(152, 18),
(152, 2),
(152, 11),
(153, 12),
(153, 10),
(153, 17),
(153, 1),
(153, 5),
(153, 9),
(153, 4),
(153, 16),
(153, 3),
(153, 8),
(154, 13),
(154, 19),
(154, 8),
(154, 18),
(154, 17),
(154, 12),
(154, 15),
(154, 6),
(154, 4),
(154, 9),
(155, 15),
(155, 16),
(155, 2),
(155, 3),
(155, 18),
(155, 6),
(155, 1),
(155, 20),
(155, 10),
(155, 14),
(156, 1),
(156, 16),
(156, 3),
(156, 2),
(156, 15),
(156, 10),
(156, 5),
(156, 7),
(156, 18),
(156, 12),
(157, 2),
(157, 16),
(157, 20),
(157, 12),
(157, 13),
(157, 9),
(157, 6),
(157, 10),
(157, 4),
(157, 11),
(158, 18),
(158, 15),
(158, 6),
(158, 2),
(158, 14),
(158, 1),
(158, 7),
(158, 5),
(158, 20),
(158, 13),
(159, 7),
(159, 3),
(159, 6),
(159, 20),
(159, 11),
(159, 9),
(159, 4),
(159, 2),
(159, 5),
(159, 1),
(160, 8),
(160, 11),
(160, 13),
(160, 5),
(160, 2),
(160, 18),
(160, 14),
(160, 12),
(160, 4),
(160, 9),
(161, 2),
(161, 6),
(161, 5),
(161, 10),
(161, 12),
(161, 15),
(161, 20),
(161, 4),
(161, 18),
(161, 13),
(162, 18),
(162, 14),
(162, 2),
(162, 11),
(162, 19),
(162, 10),
(162, 15),
(162, 5),
(162, 1),
(162, 9),
(163, 5),
(163, 2),
(163, 7),
(163, 6),
(163, 3),
(163, 13),
(163, 8),
(163, 1),
(163, 10),
(163, 14),
(164, 7),
(164, 1),
(164, 20),
(164, 2),
(164, 18),
(164, 8),
(164, 4),
(164, 11),
(164, 17),
(164, 12),
(165, 17),
(165, 5),
(165, 14),
(165, 15),
(165, 11),
(165, 16),
(165, 1),
(165, 18),
(165, 12),
(165, 2),
(166, 9),
(166, 16),
(166, 19),
(166, 4),
(166, 3),
(166, 11),
(166, 10),
(166, 17),
(166, 12),
(166, 18),
(167, 19),
(167, 9),
(167, 16),
(167, 15),
(167, 10),
(167, 3),
(167, 2),
(167, 8),
(167, 5),
(167, 6),
(168, 7),
(168, 18),
(168, 9),
(168, 11),
(168, 19),
(168, 3),
(168, 5),
(168, 13),
(168, 1),
(168, 8),
(169, 11),
(169, 10),
(169, 17),
(169, 19),
(169, 6),
(169, 3),
(169, 13),
(169, 5),
(169, 20),
(169, 15),
(170, 15),
(170, 9),
(170, 4),
(170, 11),
(170, 8),
(170, 13),
(170, 20),
(170, 1),
(170, 7),
(170, 16),
(171, 10),
(171, 19),
(171, 2),
(171, 18),
(171, 15),
(171, 20),
(171, 9),
(171, 14),
(171, 17),
(171, 6),
(172, 1),
(172, 2),
(172, 8),
(172, 6),
(172, 13),
(172, 18),
(172, 15),
(172, 7),
(172, 12),
(172, 16),
(173, 11),
(173, 9),
(173, 2),
(173, 18),
(173, 16),
(173, 19),
(173, 12),
(173, 10),
(173, 13),
(173, 15),
(174, 16),
(174, 10),
(174, 14),
(174, 7),
(174, 2),
(174, 11),
(174, 9),
(174, 18),
(174, 5),
(174, 6),
(175, 16),
(175, 1),
(175, 15),
(175, 9),
(175, 3),
(175, 8),
(175, 2),
(175, 11),
(175, 7),
(175, 20),
(176, 10),
(176, 5),
(176, 11),
(176, 6),
(176, 7),
(176, 20),
(176, 15),
(176, 17),
(176, 14),
(176, 8),
(177, 3),
(177, 20),
(177, 8),
(177, 17),
(177, 6),
(177, 15),
(177, 13);
INSERT INTO "PUBLIC"."LAWS_SUPPORTERS" VALUES
(177, 5),
(177, 19),
(177, 11),
(178, 5),
(178, 2),
(178, 17),
(178, 3),
(178, 18),
(178, 13),
(178, 14),
(178, 1),
(178, 8),
(178, 19),
(179, 12),
(179, 7),
(179, 9),
(179, 11),
(179, 16),
(179, 15),
(179, 10),
(179, 13),
(179, 6),
(179, 19),
(180, 15),
(180, 13),
(180, 3),
(180, 10),
(180, 4),
(180, 11),
(180, 14),
(180, 16),
(180, 8),
(180, 1),
(181, 13),
(181, 1),
(181, 15),
(181, 12),
(181, 9),
(181, 8),
(181, 4),
(181, 16),
(181, 5),
(181, 18),
(182, 11),
(182, 14),
(182, 18),
(182, 16),
(182, 9),
(182, 13),
(182, 3),
(182, 20),
(182, 15),
(182, 1),
(183, 18),
(183, 20),
(183, 4),
(183, 12),
(183, 8),
(183, 7),
(183, 17),
(183, 1),
(183, 5),
(183, 16),
(184, 12),
(184, 10),
(184, 20),
(184, 4),
(184, 13),
(184, 14),
(184, 5),
(184, 7),
(184, 16),
(184, 8),
(185, 1),
(185, 4),
(185, 9),
(185, 8),
(185, 2),
(185, 14),
(185, 19),
(185, 17),
(185, 18),
(185, 6),
(186, 6),
(186, 3),
(186, 18),
(186, 16),
(186, 14),
(186, 17),
(186, 10),
(186, 20),
(186, 4),
(186, 11),
(187, 20),
(187, 14),
(187, 13),
(187, 1),
(187, 8),
(187, 5),
(187, 19),
(187, 2),
(187, 15),
(187, 9),
(188, 19),
(188, 5),
(188, 10),
(188, 3),
(188, 1),
(188, 17),
(188, 20),
(188, 4),
(188, 11),
(188, 12),
(189, 17),
(189, 2),
(189, 12),
(189, 13),
(189, 6),
(189, 3),
(189, 14),
(189, 5),
(189, 11),
(189, 20),
(190, 8),
(190, 6),
(190, 3),
(190, 11),
(190, 18),
(190, 15),
(190, 19),
(190, 10),
(190, 13),
(190, 20),
(191, 5),
(191, 19),
(191, 2),
(191, 1),
(191, 11),
(191, 12),
(191, 14),
(191, 3),
(191, 13),
(191, 16),
(192, 10),
(192, 1),
(192, 7),
(192, 16),
(192, 5),
(192, 15),
(192, 4),
(192, 9),
(192, 19),
(192, 8),
(193, 2),
(193, 10),
(193, 15),
(193, 3),
(193, 17),
(193, 20),
(193, 4),
(193, 14),
(193, 7),
(193, 8),
(202, 5),
(202, 18),
(202, 8),
(202, 7),
(202, 16),
(202, 11),
(202, 13),
(202, 14),
(202, 15),
(202, 9),
(209, 15),
(209, 20),
(209, 19),
(209, 8),
(209, 16),
(209, 7),
(209, 2),
(209, 13),
(209, 9),
(209, 12),
(219, 7),
(219, 13),
(219, 6),
(219, 17),
(219, 11),
(219, 15),
(219, 10),
(219, 2),
(219, 9),
(219, 5),
(225, 6),
(225, 16),
(225, 3),
(225, 7),
(225, 18),
(225, 11),
(225, 5),
(225, 14),
(225, 12),
(225, 17),
(239, 6),
(239, 2),
(239, 16),
(239, 10),
(239, 5),
(239, 9),
(239, 4),
(239, 3),
(239, 1),
(239, 8),
(244, 14),
(244, 2),
(244, 3),
(244, 10),
(244, 12),
(244, 18),
(244, 1),
(244, 11),
(244, 8),
(244, 6),
(249, 8),
(249, 1),
(249, 5),
(249, 6),
(249, 19),
(249, 16),
(249, 3),
(249, 20),
(249, 17),
(249, 4),
(254, 11),
(254, 6),
(254, 9),
(254, 7),
(254, 1),
(254, 19),
(254, 2),
(254, 16),
(254, 13),
(254, 14),
(260, 11),
(260, 13),
(260, 8),
(260, 3),
(260, 6),
(260, 15),
(260, 4),
(260, 10),
(260, 2),
(260, 20),
(265, 10),
(265, 3),
(265, 12),
(265, 14),
(265, 11),
(265, 8),
(265, 15),
(265, 20),
(265, 18),
(265, 2),
(272, 1),
(272, 9),
(272, 3),
(272, 12),
(272, 14),
(272, 11),
(272, 13),
(272, 7),
(272, 16),
(272, 19),
(278, 2),
(278, 18),
(278, 8),
(278, 1),
(278, 6),
(278, 12),
(278, 20),
(278, 15),
(278, 16),
(278, 10),
(285, 1),
(285, 15),
(285, 5),
(285, 13),
(285, 7),
(285, 9),
(285, 4),
(285, 14),
(285, 12),
(285, 2),
(294, 13),
(294, 7),
(294, 12),
(294, 3),
(294, 14),
(294, 1),
(294, 20),
(294, 19),
(294, 9),
(294, 18),
(302, 7),
(302, 1),
(302, 16),
(302, 19),
(302, 2),
(302, 11),
(302, 18),
(302, 15),
(302, 5),
(302, 8),
(307, 8),
(307, 17),
(307, 5),
(307, 19),
(307, 7),
(307, 18),
(307, 3),
(307, 11),
(307, 13),
(307, 1),
(314, 20),
(314, 6),
(314, 18),
(314, 4),
(314, 9),
(314, 16),
(314, 8),
(314, 15),
(314, 1),
(314, 10),
(323, 17),
(323, 7),
(323, 9),
(323, 1),
(323, 15),
(323, 16),
(323, 11),
(323, 4),
(323, 2),
(323, 18),
(330, 8),
(330, 11),
(330, 2),
(330, 16),
(330, 15),
(330, 4),
(330, 17),
(330, 3),
(330, 1),
(330, 7),
(350, 8),
(350, 7),
(350, 12),
(350, 17),
(350, 2),
(350, 9),
(350, 11),
(350, 10),
(350, 4),
(350, 16),
(358, 2),
(358, 17),
(358, 13),
(358, 20),
(358, 11),
(358, 6),
(358, 5),
(358, 10),
(358, 12),
(358, 19),
(364, 17),
(364, 4),
(364, 13),
(364, 16),
(364, 8),
(364, 2),
(364, 19),
(364, 20),
(364, 3),
(364, 1),
(369, 15),
(369, 2);
INSERT INTO "PUBLIC"."LAWS_SUPPORTERS" VALUES
(369, 16),
(369, 13),
(369, 18),
(369, 11),
(369, 20),
(369, 10),
(369, 8),
(369, 9),
(375, 7),
(375, 17),
(375, 19),
(375, 3),
(375, 11),
(375, 1),
(375, 14),
(375, 10),
(375, 15),
(375, 18),
(396, 7),
(396, 3),
(396, 16),
(396, 12),
(396, 5),
(396, 6),
(396, 9),
(396, 18),
(396, 20),
(396, 14),
(396, 15),
(396, 11),
(396, 4),
(396, 13),
(396, 2),
(396, 8),
(397, 17),
(397, 15),
(397, 2),
(397, 11),
(397, 18),
(397, 8),
(397, 19),
(397, 16),
(397, 20),
(397, 9),
(397, 13),
(397, 12),
(397, 10),
(397, 6),
(397, 4),
(397, 3),
(397, 7);
CREATE MEMORY TABLE "PUBLIC"."ONE_TIME_TOKEN"(
"ID" BIGINT NOT NULL,
"CREATED_AT" TIMESTAMP NOT NULL,
"UPDATED_AT" TIMESTAMP NOT NULL,
"TOKEN" VARCHAR(255) NOT NULL,
"TOKEN_TYPE" INTEGER NOT NULL,
"VALID_UNTIL" TIMESTAMP NOT NULL,
"USER_ID" BIGINT NOT NULL
);
ALTER TABLE "PUBLIC"."ONE_TIME_TOKEN" ADD CONSTRAINT "PUBLIC"."CONSTRAINT_4" PRIMARY KEY("ID");
-- 0 +/- SELECT COUNT(*) FROM PUBLIC.ONE_TIME_TOKEN;
CREATE MEMORY TABLE "PUBLIC"."POLLS"(
"ID" BIGINT NOT NULL,
"CREATED_AT" TIMESTAMP NOT NULL,
"UPDATED_AT" TIMESTAMP NOT NULL,
"DUEL_MATRIX" VARCHAR(255),
"STATUS" INTEGER,
"TITLE" VARCHAR(255),
"VOTING_END_AT" TIMESTAMP,
"VOTING_START_AT" TIMESTAMP,
"WINNER_ID" BIGINT
);
ALTER TABLE "PUBLIC"."POLLS" ADD CONSTRAINT "PUBLIC"."CONSTRAINT_48" PRIMARY KEY("ID");
-- 4 +/- SELECT COUNT(*) FROM PUBLIC.POLLS;
INSERT INTO "PUBLIC"."POLLS" VALUES
(243, TIMESTAMP '2019-11-24 16:18:48.33', TIMESTAMP '2019-11-24 16:18:48.33', '', 0, 'Poll from TestDataCreator 8221', TIMESTAMP '2019-12-29 00:00:00', TIMESTAMP '2019-12-15 00:00:00', NULL),
(271, TIMESTAMP '2019-11-16 16:18:48.611', TIMESTAMP '2019-12-01 16:18:48.627', '', 1, 'Poll in voting phase 8627', TIMESTAMP '2019-12-14 00:00:00', TIMESTAMP '2019-11-30 16:18:48.627', NULL),
(306, TIMESTAMP '2019-11-16 16:18:48.783', TIMESTAMP '2019-12-01 16:18:48.799', '', 1, 'Poll in voting phase 8799', TIMESTAMP '2019-12-14 00:00:00', TIMESTAMP '2019-11-30 16:18:48.799', NULL),
(357, TIMESTAMP '2019-10-29 16:18:54.369', TIMESTAMP '2019-12-01 16:18:57.889', '[[0,8,8,8,8],[8,0,8,9,9],[7,8,0,7,5],[6,7,9,0,9],[8,7,11,7,0]]', 2, 'Finished Poll 4354', TIMESTAMP '2019-12-01 16:18:57.873', TIMESTAMP '2019-11-12 16:18:54.354', 369);
CREATE MEMORY TABLE "PUBLIC"."USERS"(
"ID" BIGINT NOT NULL,
"CREATED_AT" TIMESTAMP NOT NULL,
"UPDATED_AT" TIMESTAMP NOT NULL,
"EMAIL" VARCHAR(255) NOT NULL,
"LAST_LOGIN" TIMESTAMP,
"MOBILEPHONE" VARCHAR(255),
"NAME" VARCHAR(255),
"PICTURE" VARCHAR(255),
"WEBSITE" VARCHAR(255)
);
ALTER TABLE "PUBLIC"."USERS" ADD CONSTRAINT "PUBLIC"."CONSTRAINT_4D" PRIMARY KEY("ID");
-- 21 +/- SELECT COUNT(*) FROM PUBLIC.USERS;
INSERT INTO "PUBLIC"."USERS" VALUES
(1, TIMESTAMP '2019-12-01 16:18:39.868', TIMESTAMP '2019-12-01 16:18:39.868', 'testuser1@liquido.de', NULL, '+49123451', 'Donald Duck', '/static/img/avatars/Avatar1.png', 'http://www.liquido.de'),
(2, TIMESTAMP '2019-12-01 16:18:39.915', TIMESTAMP '2019-12-01 16:18:39.915', 'testuser2@liquido.de', NULL, '+49123452', 'Test User2', '/static/img/avatars/Avatar2.png', 'http://www.liquido.de'),
(3, TIMESTAMP '2019-12-01 16:18:39.915', TIMESTAMP '2019-12-01 16:18:39.915', 'testuser3@liquido.de', NULL, '+49123453', 'Test User3', '/static/img/avatars/Avatar3.png', 'http://www.liquido.de'),
(4, TIMESTAMP '2019-12-01 16:18:39.915', TIMESTAMP '2019-12-01 16:18:39.915', 'testuser4@liquido.de', NULL, '+49123454', 'Test User4', '/static/img/avatars/Avatar4.png', 'http://www.liquido.de'),
(5, TIMESTAMP '2019-12-01 16:18:39.915', TIMESTAMP '2019-12-01 16:18:39.915', 'testuser5@liquido.de', NULL, '+49123455', 'Test User5', '/static/img/avatars/Avatar5.png', 'http://www.liquido.de'),
(6, TIMESTAMP '2019-12-01 16:18:39.93', TIMESTAMP '2019-12-01 16:18:39.93', 'testuser6@liquido.de', NULL, '+49123456', 'Test User6', '/static/img/avatars/Avatar6.png', 'http://www.liquido.de'),
(7, TIMESTAMP '2019-12-01 16:18:39.93', TIMESTAMP '2019-12-01 16:18:39.93', 'testuser7@liquido.de', NULL, '+49123457', 'Test User7', '/static/img/avatars/Avatar7.png', 'http://www.liquido.de'),
(8, TIMESTAMP '2019-12-01 16:18:39.93', TIMESTAMP '2019-12-01 16:18:39.93', 'testuser8@liquido.de', NULL, '+49123458', 'Test User8', '/static/img/avatars/Avatar8.png', 'http://www.liquido.de'),
(9, TIMESTAMP '2019-12-01 16:18:39.93', TIMESTAMP '2019-12-01 16:18:39.93', 'testuser9@liquido.de', NULL, '+49123459', 'Test User9', '/static/img/avatars/Avatar9.png', 'http://www.liquido.de'),
(10, TIMESTAMP '2019-12-01 16:18:39.946', TIMESTAMP '2019-12-01 16:18:39.946', 'testuser10@liquido.de', NULL, '+491234510', 'Test User10', '/static/img/avatars/Avatar10.png', 'http://www.liquido.de'),
(11, TIMESTAMP '2019-12-01 16:18:39.946', TIMESTAMP '2019-12-01 16:18:39.946', 'testuser11@liquido.de', NULL, '+491234511', 'Test User11', '/static/img/avatars/Avatar11.png', 'http://www.liquido.de'),
(12, TIMESTAMP '2019-12-01 16:18:39.946', TIMESTAMP '2019-12-01 16:18:39.946', 'testuser12@liquido.de', NULL, '+491234512', 'Test User12', '/static/img/avatars/Avatar12.png', 'http://www.liquido.de'),
(13, TIMESTAMP '2019-12-01 16:18:39.946', TIMESTAMP '2019-12-01 16:18:39.946', 'testuser13@liquido.de', NULL, '+491234513', 'Test User13', '/static/img/avatars/Avatar13.png', 'http://www.liquido.de'),
(14, TIMESTAMP '2019-12-01 16:18:39.946', TIMESTAMP '2019-12-01 16:18:39.946', 'testuser14@liquido.de', NULL, '+491234514', 'Test User14', '/static/img/avatars/Avatar14.png', 'http://www.liquido.de'),
(15, TIMESTAMP '2019-12-01 16:18:39.962', TIMESTAMP '2019-12-01 16:18:39.962', 'testuser15@liquido.de', NULL, '+491234515', 'Test User15', '/static/img/avatars/Avatar15.png', 'http://www.liquido.de'),
(16, TIMESTAMP '2019-12-01 16:18:39.962', TIMESTAMP '2019-12-01 16:18:39.962', 'testuser16@liquido.de', NULL, '+491234516', 'Test User16', '/static/img/avatars/Avatar16.png', 'http://www.liquido.de'),
(17, TIMESTAMP '2019-12-01 16:18:39.962', TIMESTAMP '2019-12-01 16:18:39.962', 'testuser17@liquido.de', NULL, '+491234517', 'Test User17', '/static/img/avatars/Avatar1.png', 'http://www.liquido.de'),
(18, TIMESTAMP '2019-12-01 16:18:39.962', TIMESTAMP '2019-12-01 16:18:39.962', 'testuser18@liquido.de', NULL, '+491234518', 'Test User18', '/static/img/avatars/Avatar2.png', 'http://www.liquido.de'),
(19, TIMESTAMP '2019-12-01 16:18:39.977', TIMESTAMP '2019-12-01 16:18:39.977', 'testuser19@liquido.de', NULL, '+491234519', 'Test User19', '/static/img/avatars/Avatar3.png', 'http://www.liquido.de'),
(20, TIMESTAMP '2019-12-01 16:18:39.977', TIMESTAMP '2019-12-01 16:18:39.977', 'testuser20@liquido.de', NULL, '+491234520', 'Test User20', '/static/img/avatars/Avatar4.png', 'http://www.liquido.de'),
(21, TIMESTAMP '2019-12-01 16:18:39.977', TIMESTAMP '2019-12-01 16:18:39.977', 'admin@liquido.de', NULL, '+491234567890', 'Admin Name', NULL, NULL);
-- 0 +/- SELECT COUNT(*) FROM PUBLIC.QRTZ_CALENDARS;
-- 0 +/- SELECT COUNT(*) FROM PUBLIC.QRTZ_CRON_TRIGGERS;
-- 0 +/- SELECT COUNT(*) FROM PUBLIC.QRTZ_FIRED_TRIGGERS;
-- 0 +/- SELECT COUNT(*) FROM PUBLIC.QRTZ_PAUSED_TRIGGER_GRPS;
-- 0 +/- SELECT COUNT(*) FROM PUBLIC.QRTZ_SCHEDULER_STATE;
-- 0 +/- SELECT COUNT(*) FROM PUBLIC.QRTZ_LOCKS;
-- 0 +/- SELECT COUNT(*) FROM PUBLIC.QRTZ_JOB_DETAILS;
-- 0 +/- SELECT COUNT(*) FROM PUBLIC.QRTZ_SIMPLE_TRIGGERS;
-- 0 +/- SELECT COUNT(*) FROM PUBLIC.QRTZ_SIMPROP_TRIGGERS;
-- 0 +/- SELECT COUNT(*) FROM PUBLIC.QRTZ_BLOB_TRIGGERS;
-- 0 +/- SELECT COUNT(*) FROM PUBLIC.QRTZ_TRIGGERS;
ALTER TABLE "PUBLIC"."AREAS" ADD CONSTRAINT "PUBLIC"."UK_P61HNJ1M450KNDUSCXOLDCHFJ" UNIQUE("TITLE");
ALTER TABLE "PUBLIC"."KEY_VALUE" ADD CONSTRAINT "PUBLIC"."UK_8TE0DHIEXEOWA1RGVA302TO1L" UNIQUE("KEY_COL");
ALTER TABLE "PUBLIC"."USERS" ADD CONSTRAINT "PUBLIC"."UK_6DOTKOTT2KJSP8VW4D0M25FB7" UNIQUE("EMAIL");
ALTER TABLE "PUBLIC"."LAWS" ADD CONSTRAINT "PUBLIC"."UK_BS516OPV3HONTPTWVPIOOS72B" UNIQUE("TITLE");
ALTER TABLE "PUBLIC"."DELEGATIONS" ADD CONSTRAINT "PUBLIC"."UK2WYH7POIF8NPDWLUR8DFORD0J" UNIQUE("AREA_ID", "FROM_USER_ID");
ALTER TABLE "PUBLIC"."LAWS_COMMENTS" ADD CONSTRAINT "PUBLIC"."UK_OF3YV6X3MAHJPHJBJE5XHRXC8" UNIQUE("COMMENTS_ID");
ALTER TABLE "PUBLIC"."BALLOTS" ADD CONSTRAINT "PUBLIC"."UKHWWEPK8N3CE54LEREWX2FMYXF" UNIQUE("POLL_ID", "CHECKSUM");
ALTER TABLE "PUBLIC"."USERS" ADD CONSTRAINT "PUBLIC"."UK_70QE9WOFM8UJ2PEANWKPHERRM" UNIQUE("MOBILEPHONE");
ALTER TABLE "PUBLIC"."CHECKSUMS" ADD CONSTRAINT "PUBLIC"."UKL0XNKLNHLK4PTWSU9B0QXTYBN" UNIQUE("AREA_ID", "PUBLIC_PROXY_ID");
ALTER TABLE "PUBLIC"."AREAS" ADD CONSTRAINT "PUBLIC"."FKP9N0U4HM2Q1O7V0068C8GD4EL" FOREIGN KEY("CREATED_BY_ID") REFERENCES "PUBLIC"."USERS"("ID") NOCHECK;
ALTER TABLE "PUBLIC"."DELEGATIONS" ADD CONSTRAINT "PUBLIC"."FK1Y1R0D478R9NTDMUIYKKUHADV" FOREIGN KEY("REQUESTED_DELEGATION_FROM_CHECKSUM_CHECKSUM") REFERENCES "PUBLIC"."CHECKSUMS"("CHECKSUM") NOCHECK;
ALTER TABLE "PUBLIC"."DELEGATIONS" ADD CONSTRAINT "PUBLIC"."FKSWBDEOVC7HSQ5EX30PBMDU9D4" FOREIGN KEY("AREA_ID") REFERENCES "PUBLIC"."AREAS"("ID") NOCHECK;
ALTER TABLE "PUBLIC"."LAWS" ADD CONSTRAINT "PUBLIC"."FK4QUHD81MM84X6RQ0CCBXSEYXX" FOREIGN KEY("POLL_ID") REFERENCES "PUBLIC"."POLLS"("ID") NOCHECK;
ALTER TABLE "PUBLIC"."LAWS_SUPPORTERS" ADD CONSTRAINT "PUBLIC"."FK9B4I87YIKUCHRIRFJAYMGOHE3" FOREIGN KEY("LAW_MODEL_ID") REFERENCES "PUBLIC"."LAWS"("ID") NOCHECK;
ALTER TABLE "PUBLIC"."BALLOTS" ADD CONSTRAINT "PUBLIC"."FKOG7SHPLJ1CCOH8N9AO4Y16LQ3" FOREIGN KEY("POLL_ID") REFERENCES "PUBLIC"."POLLS"("ID") NOCHECK;
ALTER TABLE "PUBLIC"."COMMENTS_DOWN_VOTERS" ADD CONSTRAINT "PUBLIC"."FK62ILAC17TG4CPKRHEONUD72HV" FOREIGN KEY("DOWN_VOTERS_ID") REFERENCES "PUBLIC"."USERS"("ID") NOCHECK;
ALTER TABLE "PUBLIC"."CHECKSUMS" ADD CONSTRAINT "PUBLIC"."FKDFLPSE9FSOGY1FMFDY2W79RG" FOREIGN KEY("DELEGATED_TO_CHECKSUM") REFERENCES "PUBLIC"."CHECKSUMS"("CHECKSUM") NOCHECK;
ALTER TABLE "PUBLIC"."BALLOTS_VOTE_ORDER" ADD CONSTRAINT "PUBLIC"."FKIH6THEWVJEH3OW9DL1YTJ9AWB" FOREIGN KEY("BALLOT_MODEL_ID") REFERENCES "PUBLIC"."BALLOTS"("ID") NOCHECK;
ALTER TABLE "PUBLIC"."COMMENTS" ADD CONSTRAINT "PUBLIC"."FK7PUWBWE4YL8B2O32R798UW8Q7" FOREIGN KEY("PROPOSAL_ID") REFERENCES "PUBLIC"."LAWS"("ID") NOCHECK;
ALTER TABLE "PUBLIC"."CHECKSUMS" ADD CONSTRAINT "PUBLIC"."FK68FTLVL0MWTVOQD3BFUPP0XRG" FOREIGN KEY("PUBLIC_PROXY_ID") REFERENCES "PUBLIC"."USERS"("ID") NOCHECK;
ALTER TABLE "PUBLIC"."LAWS" ADD CONSTRAINT "PUBLIC"."FKTR1PLL46Q50SHWBFFYIYUAVGN" FOREIGN KEY("CREATED_BY_ID") REFERENCES "PUBLIC"."USERS"("ID") NOCHECK;
ALTER TABLE "PUBLIC"."ONE_TIME_TOKEN" ADD CONSTRAINT "PUBLIC"."FK4O21XT1RMRICB3EA4TO5NKR8D" FOREIGN KEY("USER_ID") REFERENCES "PUBLIC"."USERS"("ID") NOCHECK;
ALTER TABLE "PUBLIC"."BALLOTS_VOTE_ORDER" ADD CONSTRAINT "PUBLIC"."FKOWD5MAD84QVWGST43698A6GX5" FOREIGN KEY("VOTE_ORDER_ID") REFERENCES "PUBLIC"."LAWS"("ID") NOCHECK;
ALTER TABLE "PUBLIC"."COMMENTS" ADD CONSTRAINT "PUBLIC"."FKAKKM6QFYDU7VGNFNE1YO0XMED" FOREIGN KEY("CREATED_BY_ID") REFERENCES "PUBLIC"."USERS"("ID") NOCHECK;
ALTER TABLE "PUBLIC"."DELEGATIONS" ADD CONSTRAINT "PUBLIC"."FK21A6LG8FU2JS6E0JU41WJ2GQP" FOREIGN KEY("TO_PROXY_ID") REFERENCES "PUBLIC"."USERS"("ID") NOCHECK;
ALTER TABLE "PUBLIC"."LAWS_COMMENTS" ADD CONSTRAINT "PUBLIC"."FK36FBKIUITRV0YRVY8S0IG46IX" FOREIGN KEY("LAW_MODEL_ID") REFERENCES "PUBLIC"."LAWS"("ID") NOCHECK;
ALTER TABLE "PUBLIC"."POLLS" ADD CONSTRAINT "PUBLIC"."FKQADOVSMQ4UOK58SP9HKHWJQIS" FOREIGN KEY("WINNER_ID") REFERENCES "PUBLIC"."LAWS"("ID") NOCHECK;
ALTER TABLE "PUBLIC"."DELEGATIONS" ADD CONSTRAINT "PUBLIC"."FK9KOYA2MI6T18VF7U1FROBKNIQ" FOREIGN KEY("FROM_USER_ID") REFERENCES "PUBLIC"."USERS"("ID") NOCHECK;
ALTER TABLE "PUBLIC"."BALLOTS" ADD CONSTRAINT "PUBLIC"."FK1RRV2WY16UQONFL9CR1CQG2XD" FOREIGN KEY("CHECKSUM") REFERENCES "PUBLIC"."CHECKSUMS"("CHECKSUM") NOCHECK;
ALTER TABLE "PUBLIC"."LAWS" ADD CONSTRAINT "PUBLIC"."FK9VIQDJ5LDUN0AHWQDFF1WUY39" FOREIGN KEY("AREA_ID") REFERENCES "PUBLIC"."AREAS"("ID") NOCHECK;
ALTER TABLE "PUBLIC"."LAWS_COMMENTS" ADD CONSTRAINT "PUBLIC"."FKFL0Y4QFVFPF9YNMMFJ0JEVXFF" FOREIGN KEY("COMMENTS_ID") REFERENCES "PUBLIC"."COMMENTS"("ID") NOCHECK;
ALTER TABLE "PUBLIC"."COMMENTS_UP_VOTERS" ADD CONSTRAINT "PUBLIC"."FKEUURM027PDC4L5A9G9O2L0UYD" FOREIGN KEY("UP_VOTERS_ID") REFERENCES "PUBLIC"."USERS"("ID") NOCHECK;
ALTER TABLE "PUBLIC"."COMMENTS" ADD CONSTRAINT "PUBLIC"."FKLRI30OKF66PHTCGBE5POK7CC0" FOREIGN KEY("PARENT_ID") REFERENCES "PUBLIC"."COMMENTS"("ID") NOCHECK;
ALTER TABLE "PUBLIC"."COMMENTS_UP_VOTERS" ADD CONSTRAINT "PUBLIC"."FK8LS8T571Y99VTTW1MDKEBXAGP" FOREIGN KEY("COMMENT_MODEL_ID") REFERENCES "PUBLIC"."COMMENTS"("ID") NOCHECK;
ALTER TABLE "PUBLIC"."LAWS_SUPPORTERS" ADD CONSTRAINT "PUBLIC"."FKK8MVJC4RQ970OJAVYFIA9BQVE" FOREIGN KEY("SUPPORTERS_ID") REFERENCES "PUBLIC"."USERS"("ID") NOCHECK;
ALTER TABLE "PUBLIC"."COMMENTS_DOWN_VOTERS" ADD CONSTRAINT "PUBLIC"."FKJYMYJ54LENHS4KE6MYQHLY72" FOREIGN KEY("COMMENT_MODEL_ID") REFERENCES "PUBLIC"."COMMENTS"("ID") NOCHECK;
ALTER TABLE "PUBLIC"."CHECKSUMS" ADD CONSTRAINT "PUBLIC"."FKLLW57XBW0D67OPTMWFMU3P2PC" FOREIGN KEY("AREA_ID") REFERENCES "PUBLIC"."AREAS"("ID") NOCHECK;
