SET DB_CLOSE_DELAY -1;
;
CREATE USER IF NOT EXISTS SA SALT '6f3693fc788e4565' HASH '60a828ca128eb3a6d21e199a1d2d8d07ab9d03c4208e24a18902fc43a122f418' ADMIN;
CREATE SEQUENCE PUBLIC.HIBERNATE_SEQUENCE START WITH 343;
CREATE MEMORY TABLE PUBLIC.AREAS(
ID BIGINT NOT NULL,
CREATED_AT TIMESTAMP NOT NULL,
UPDATED_AT TIMESTAMP NOT NULL,
DESCRIPTION VARCHAR(255) NOT NULL,
TITLE VARCHAR(255) NOT NULL,
CREATED_BY_ID BIGINT NOT NULL
);
ALTER TABLE PUBLIC.AREAS ADD CONSTRAINT PUBLIC.CONSTRAINT_3 PRIMARY KEY(ID);
-- 10 +/- SELECT COUNT(*) FROM PUBLIC.AREAS;
INSERT INTO PUBLIC.AREAS(ID, CREATED_AT, UPDATED_AT, DESCRIPTION, TITLE, CREATED_BY_ID) VALUES
(21, TIMESTAMP '2018-12-09 11:16:34.341', TIMESTAMP '2018-12-09 11:16:34.341', 'Nice description for test area #0', 'Area 0', 1),
(22, TIMESTAMP '2018-12-09 11:16:34.344', TIMESTAMP '2018-12-09 11:16:34.344', 'Nice description for test area #1', 'Area 1', 1),
(23, TIMESTAMP '2018-12-09 11:16:34.351', TIMESTAMP '2018-12-09 11:16:34.351', 'Nice description for test area #2', 'Area 2', 1),
(24, TIMESTAMP '2018-12-09 11:16:34.354', TIMESTAMP '2018-12-09 11:16:34.354', 'Nice description for test area #3', 'Area 3', 1),
(25, TIMESTAMP '2018-12-09 11:16:34.367', TIMESTAMP '2018-12-09 11:16:34.367', 'Nice description for test area #4', 'Area 4', 1),
(26, TIMESTAMP '2018-12-09 11:16:34.369', TIMESTAMP '2018-12-09 11:16:34.369', 'Nice description for test area #5', 'Area 5', 1),
(27, TIMESTAMP '2018-12-09 11:16:34.37', TIMESTAMP '2018-12-09 11:16:34.37', 'Nice description for test area #6', 'Area 6', 1),
(28, TIMESTAMP '2018-12-09 11:16:34.371', TIMESTAMP '2018-12-09 11:16:34.371', 'Nice description for test area #7', 'Area 7', 1),
(29, TIMESTAMP '2018-12-09 11:16:34.372', TIMESTAMP '2018-12-09 11:16:34.372', 'Nice description for test area #8', 'Area 8', 1),
(30, TIMESTAMP '2018-12-09 11:16:34.373', TIMESTAMP '2018-12-09 11:16:34.373', 'Nice description for test area #9', 'Area 9', 1);
CREATE MEMORY TABLE PUBLIC.BALLOT_MODEL(
ID BIGINT NOT NULL,
LEVEL INTEGER NOT NULL,
VOTE_COUNT INTEGER NOT NULL,
CHECKSUM_CHECKSUM VARCHAR(255) NOT NULL,
POLL_ID BIGINT NOT NULL
);
ALTER TABLE PUBLIC.BALLOT_MODEL ADD CONSTRAINT PUBLIC.CONSTRAINT_6 PRIMARY KEY(ID);
-- 30 +/- SELECT COUNT(*) FROM PUBLIC.BALLOT_MODEL;
INSERT INTO PUBLIC.BALLOT_MODEL(ID, LEVEL, VOTE_COUNT, CHECKSUM_CHECKSUM, POLL_ID) VALUES
(275, 0, 1, '$2a$10$1IdrGrRAN2Wp3U7QI.JIzuuViLszDdeyBQZ4QNjYJJWIYI5M2O3G2', 246),
(276, 0, 1, '$2a$10$1IdrGrRAN2Wp3U7QI.JIzuDl5QTomD0jkJDoG.VH7LgF6BaMi7mUu', 246),
(277, 0, 1, '$2a$10$1IdrGrRAN2Wp3U7QI.JIzumrB8gg15WYrl/9Od2a/lKdcXxyoRqYe', 246),
(278, 0, 1, '$2a$10$1IdrGrRAN2Wp3U7QI.JIzumF7aPaiUyhTd0m56K/SiA71ec5pLFu2', 246),
(279, 0, 1, '$2a$10$1IdrGrRAN2Wp3U7QI.JIzuaW/fGb8Z2mJgsKxYwe5.NrtAFNxSQVS', 246),
(280, 0, 1, '$2a$10$1IdrGrRAN2Wp3U7QI.JIzu0U7xajdi9.MlI8tTpf7ZVQmMn3XTPaq', 246),
(281, 0, 1, '$2a$10$1IdrGrRAN2Wp3U7QI.JIzuA2amXnXPKlVvjlg62SZ08/U45S1krWS', 246),
(282, 0, 1, '$2a$10$1IdrGrRAN2Wp3U7QI.JIzuWb3cSZmVC9yx83VYQxwLFYSL5g8IoRy', 246),
(283, 0, 1, '$2a$10$1IdrGrRAN2Wp3U7QI.JIzuaXivFiTa4cwzBq6IwpHyvmd9OIEIHwW', 246),
(284, 0, 1, '$2a$10$1IdrGrRAN2Wp3U7QI.JIzuYTSKjBSu3cADo/STK5moSHUhn6NKcyS', 246),
(285, 0, 1, '$2a$10$1IdrGrRAN2Wp3U7QI.JIzuYun6DCp3DqD0HkMSxupTiHcONZRP0YC', 246),
(286, 0, 1, '$2a$10$1IdrGrRAN2Wp3U7QI.JIzuj/DUpsANoEk4usC10lyWBvgCY2jpdQ6', 246),
(287, 0, 1, '$2a$10$1IdrGrRAN2Wp3U7QI.JIzukT2e4dWh2jhcsPdh.C5JEqMyz08zCoa', 246),
(288, 0, 1, '$2a$10$1IdrGrRAN2Wp3U7QI.JIzuRe9KBAxYEu.ylAyhV50ek90rELSRGqG', 246),
(289, 0, 1, '$2a$10$1IdrGrRAN2Wp3U7QI.JIzuQi87d/P3rgtaiDqqegSB4vu2sByXkly', 246),
(326, 0, 1, '$2a$10$1IdrGrRAN2Wp3U7QI.JIzuuViLszDdeyBQZ4QNjYJJWIYI5M2O3G2', 297),
(327, 0, 1, '$2a$10$1IdrGrRAN2Wp3U7QI.JIzuDl5QTomD0jkJDoG.VH7LgF6BaMi7mUu', 297),
(328, 0, 1, '$2a$10$1IdrGrRAN2Wp3U7QI.JIzumrB8gg15WYrl/9Od2a/lKdcXxyoRqYe', 297),
(329, 0, 1, '$2a$10$1IdrGrRAN2Wp3U7QI.JIzumF7aPaiUyhTd0m56K/SiA71ec5pLFu2', 297),
(330, 0, 1, '$2a$10$1IdrGrRAN2Wp3U7QI.JIzuaW/fGb8Z2mJgsKxYwe5.NrtAFNxSQVS', 297),
(331, 0, 1, '$2a$10$1IdrGrRAN2Wp3U7QI.JIzu0U7xajdi9.MlI8tTpf7ZVQmMn3XTPaq', 297),
(332, 0, 1, '$2a$10$1IdrGrRAN2Wp3U7QI.JIzuA2amXnXPKlVvjlg62SZ08/U45S1krWS', 297),
(333, 0, 1, '$2a$10$1IdrGrRAN2Wp3U7QI.JIzuWb3cSZmVC9yx83VYQxwLFYSL5g8IoRy', 297),
(334, 0, 1, '$2a$10$1IdrGrRAN2Wp3U7QI.JIzuaXivFiTa4cwzBq6IwpHyvmd9OIEIHwW', 297),
(335, 0, 1, '$2a$10$1IdrGrRAN2Wp3U7QI.JIzuYTSKjBSu3cADo/STK5moSHUhn6NKcyS', 297),
(336, 0, 1, '$2a$10$1IdrGrRAN2Wp3U7QI.JIzuYun6DCp3DqD0HkMSxupTiHcONZRP0YC', 297),
(337, 0, 1, '$2a$10$1IdrGrRAN2Wp3U7QI.JIzuj/DUpsANoEk4usC10lyWBvgCY2jpdQ6', 297),
(338, 0, 1, '$2a$10$1IdrGrRAN2Wp3U7QI.JIzukT2e4dWh2jhcsPdh.C5JEqMyz08zCoa', 297),
(339, 0, 1, '$2a$10$1IdrGrRAN2Wp3U7QI.JIzuRe9KBAxYEu.ylAyhV50ek90rELSRGqG', 297),
(340, 0, 1, '$2a$10$1IdrGrRAN2Wp3U7QI.JIzuQi87d/P3rgtaiDqqegSB4vu2sByXkly', 297);
CREATE MEMORY TABLE PUBLIC.BALLOT_MODEL_VOTE_ORDER(
BALLOT_MODEL_ID BIGINT NOT NULL,
VOTE_ORDER_ID BIGINT NOT NULL,
VOTE_ORDER_ORDER INTEGER NOT NULL
);
ALTER TABLE PUBLIC.BALLOT_MODEL_VOTE_ORDER ADD CONSTRAINT PUBLIC.CONSTRAINT_E PRIMARY KEY(BALLOT_MODEL_ID, VOTE_ORDER_ORDER);
-- 134 +/- SELECT COUNT(*) FROM PUBLIC.BALLOT_MODEL_VOTE_ORDER;
INSERT INTO PUBLIC.BALLOT_MODEL_VOTE_ORDER(BALLOT_MODEL_ID, VOTE_ORDER_ID, VOTE_ORDER_ORDER) VALUES
(275, 261, 0),
(275, 268, 1),
(275, 247, 2),
(275, 254, 3),
(275, 239, 4),
(276, 261, 0),
(276, 254, 1),
(276, 239, 2),
(276, 247, 3),
(276, 268, 4),
(277, 254, 0),
(277, 261, 1),
(277, 268, 2),
(277, 247, 3),
(277, 239, 4),
(278, 268, 0),
(278, 254, 1),
(278, 261, 2),
(278, 239, 3),
(279, 239, 0),
(279, 268, 1),
(279, 247, 2),
(279, 261, 3),
(279, 254, 4),
(280, 268, 0),
(280, 261, 1),
(280, 254, 2),
(280, 239, 3),
(281, 254, 0),
(281, 268, 1),
(281, 247, 2),
(281, 239, 3),
(281, 261, 4),
(282, 239, 0),
(282, 254, 1),
(282, 268, 2),
(282, 261, 3),
(283, 254, 0),
(283, 247, 1),
(283, 239, 2),
(284, 247, 0),
(284, 254, 1),
(284, 261, 2),
(284, 268, 3),
(284, 239, 4),
(285, 268, 0),
(285, 261, 1),
(285, 254, 2),
(285, 247, 3),
(285, 239, 4),
(286, 268, 0),
(286, 261, 1),
(286, 254, 2),
(286, 239, 3),
(286, 247, 4),
(287, 239, 0),
(287, 247, 1),
(287, 261, 2),
(288, 268, 0),
(288, 239, 1),
(288, 261, 2),
(289, 268, 0),
(289, 261, 1),
(289, 247, 2),
(289, 239, 3),
(326, 305, 0),
(326, 298, 1),
(326, 290, 2),
(326, 312, 3),
(326, 319, 4),
(327, 290, 0),
(327, 319, 1),
(327, 305, 2),
(327, 312, 3),
(328, 298, 0),
(328, 305, 1),
(328, 290, 2),
(328, 312, 3),
(328, 319, 4),
(329, 298, 0),
(329, 312, 1),
(329, 305, 2),
(329, 319, 3),
(330, 298, 0),
(330, 312, 1),
(330, 290, 2),
(330, 319, 3),
(330, 305, 4),
(331, 298, 0),
(331, 305, 1),
(331, 312, 2),
(331, 319, 3),
(332, 305, 0),
(332, 312, 1),
(332, 319, 2),
(332, 290, 3),
(333, 319, 0),
(333, 312, 1),
(333, 305, 2),
(333, 298, 3),
(333, 290, 4),
(334, 319, 0),
(334, 305, 1),
(334, 312, 2),
(334, 290, 3),
(334, 298, 4),
(335, 305, 0),
(335, 290, 1),
(335, 312, 2),
(335, 319, 3),
(336, 298, 0),
(336, 305, 1),
(336, 312, 2),
(336, 319, 3),
(336, 290, 4),
(337, 305, 0),
(337, 319, 1),
(337, 290, 2),
(337, 298, 3),
(338, 298, 0),
(338, 319, 1),
(338, 312, 2),
(338, 290, 3),
(338, 305, 4),
(339, 319, 0),
(339, 312, 1),
(339, 298, 2),
(339, 290, 3),
(339, 305, 4),
(340, 298, 0),
(340, 312, 1),
(340, 305, 2),
(340, 319, 3),
(340, 290, 4);
CREATE MEMORY TABLE PUBLIC.CHECKSUMS(
CHECKSUM VARCHAR(255) NOT NULL,
EXPIRES_AT TIMESTAMP,
TRANSITIVE BOOLEAN NOT NULL,
AREA_ID BIGINT,
DELEGATED_TO_CHECKSUM VARCHAR(255),
PUBLIC_PROXY_ID BIGINT
);
ALTER TABLE PUBLIC.CHECKSUMS ADD CONSTRAINT PUBLIC.CONSTRAINT_B PRIMARY KEY(CHECKSUM);
-- 18 +/- SELECT COUNT(*) FROM PUBLIC.CHECKSUMS;
INSERT INTO PUBLIC.CHECKSUMS(CHECKSUM, EXPIRES_AT, TRANSITIVE, AREA_ID, DELEGATED_TO_CHECKSUM, PUBLIC_PROXY_ID) VALUES
('$2a$10$1IdrGrRAN2Wp3U7QI.JIzueyGOu7FMMyyMJw3bvzEU2elpOrru8sy', TIMESTAMP '2018-12-10 11:16:35.733', TRUE, 21, NULL, 1),
('$2a$10$1IdrGrRAN2Wp3U7QI.JIzuIvB5fBvUb/y3tpzb1Xahzu9k87H3HZ.', TIMESTAMP '2018-12-10 11:16:36.657', TRUE, 21, '$2a$10$1IdrGrRAN2Wp3U7QI.JIzueyGOu7FMMyyMJw3bvzEU2elpOrru8sy', 4),
('$2a$10$1IdrGrRAN2Wp3U7QI.JIzu9jY7URudOBmsrn4SD7Sp2bRAti6ztwK', TIMESTAMP '2018-12-10 11:16:36.92', FALSE, 21, '$2a$10$1IdrGrRAN2Wp3U7QI.JIzuIvB5fBvUb/y3tpzb1Xahzu9k87H3HZ.', 6),
('$2a$10$1IdrGrRAN2Wp3U7QI.JIzuuViLszDdeyBQZ4QNjYJJWIYI5M2O3G2', TIMESTAMP '2018-12-10 11:16:45.603', TRUE, 21, NULL, 13),
('$2a$10$1IdrGrRAN2Wp3U7QI.JIzuDl5QTomD0jkJDoG.VH7LgF6BaMi7mUu', TIMESTAMP '2018-12-10 11:16:45.847', TRUE, 21, NULL, 15),
('$2a$10$1IdrGrRAN2Wp3U7QI.JIzumrB8gg15WYrl/9Od2a/lKdcXxyoRqYe', TIMESTAMP '2018-12-10 11:16:46.09', FALSE, 21, NULL, 7),
('$2a$10$1IdrGrRAN2Wp3U7QI.JIzumF7aPaiUyhTd0m56K/SiA71ec5pLFu2', TIMESTAMP '2018-12-10 11:16:46.335', TRUE, 21, '$2a$10$1IdrGrRAN2Wp3U7QI.JIzueyGOu7FMMyyMJw3bvzEU2elpOrru8sy', 3),
('$2a$10$1IdrGrRAN2Wp3U7QI.JIzuaW/fGb8Z2mJgsKxYwe5.NrtAFNxSQVS', TIMESTAMP '2018-12-10 11:16:46.579', TRUE, 21, '$2a$10$1IdrGrRAN2Wp3U7QI.JIzuIvB5fBvUb/y3tpzb1Xahzu9k87H3HZ.', 5),
('$2a$10$1IdrGrRAN2Wp3U7QI.JIzu0U7xajdi9.MlI8tTpf7ZVQmMn3XTPaq', TIMESTAMP '2018-12-10 11:16:46.823', TRUE, 21, NULL, 10),
('$2a$10$1IdrGrRAN2Wp3U7QI.JIzuA2amXnXPKlVvjlg62SZ08/U45S1krWS', TIMESTAMP '2018-12-10 11:16:47.066', TRUE, 21, NULL, 11),
('$2a$10$1IdrGrRAN2Wp3U7QI.JIzuWb3cSZmVC9yx83VYQxwLFYSL5g8IoRy', TIMESTAMP '2018-12-10 11:16:47.307', TRUE, 21, '$2a$10$1IdrGrRAN2Wp3U7QI.JIzueyGOu7FMMyyMJw3bvzEU2elpOrru8sy', NULL),
('$2a$10$1IdrGrRAN2Wp3U7QI.JIzuaXivFiTa4cwzBq6IwpHyvmd9OIEIHwW', TIMESTAMP '2018-12-10 11:16:47.553', TRUE, 21, NULL, 9),
('$2a$10$1IdrGrRAN2Wp3U7QI.JIzuYTSKjBSu3cADo/STK5moSHUhn6NKcyS', TIMESTAMP '2018-12-10 11:16:47.797', TRUE, 21, NULL, 16),
('$2a$10$1IdrGrRAN2Wp3U7QI.JIzuYun6DCp3DqD0HkMSxupTiHcONZRP0YC', TIMESTAMP '2018-12-10 11:16:48.038', TRUE, 21, NULL, 20),
('$2a$10$1IdrGrRAN2Wp3U7QI.JIzuj/DUpsANoEk4usC10lyWBvgCY2jpdQ6', TIMESTAMP '2018-12-10 11:16:48.282', TRUE, 21, NULL, 18),
('$2a$10$1IdrGrRAN2Wp3U7QI.JIzukT2e4dWh2jhcsPdh.C5JEqMyz08zCoa', TIMESTAMP '2018-12-10 11:16:48.538', TRUE, 21, NULL, 14),
('$2a$10$1IdrGrRAN2Wp3U7QI.JIzuRe9KBAxYEu.ylAyhV50ek90rELSRGqG', TIMESTAMP '2018-12-10 11:16:48.782', TRUE, 21, NULL, 19),
('$2a$10$1IdrGrRAN2Wp3U7QI.JIzuQi87d/P3rgtaiDqqegSB4vu2sByXkly', TIMESTAMP '2018-12-10 11:16:49.025', TRUE, 21, NULL, 12);
CREATE MEMORY TABLE PUBLIC.COMMENTS(
ID BIGINT NOT NULL,
CREATED_AT TIMESTAMP NOT NULL,
UPDATED_AT TIMESTAMP NOT NULL,
COMMENT VARCHAR(255) NOT NULL,
CREATED_BY_ID BIGINT NOT NULL,
PARENT_ID BIGINT
);
ALTER TABLE PUBLIC.COMMENTS ADD CONSTRAINT PUBLIC.CONSTRAINT_A PRIMARY KEY(ID);
-- 90 +/- SELECT COUNT(*) FROM PUBLIC.COMMENTS;
INSERT INTO PUBLIC.COMMENTS(ID, CREATED_AT, UPDATED_AT, COMMENT, CREATED_BY_ID, PARENT_ID) VALUES
(204, TIMESTAMP '2018-12-09 11:16:39.986', TIMESTAMP '2018-12-09 11:16:39.986', 'Comment on root level. I really like this idea, but needs to be improved.', 11, NULL),
(205, TIMESTAMP '2018-12-09 11:16:39.987', TIMESTAMP '2018-12-09 11:16:39.987', 'Reply 0 Lorem ipsum dolor sit amet, consectetur adipiscing elit, sed do eiusmod tempor incididunt ut labo', 10, 204),
(206, TIMESTAMP '2018-12-09 11:16:39.988', TIMESTAMP '2018-12-09 11:16:39.988', 'Reply 1 Lorem ipsum dolor sit amet, consec', 8, 204),
(207, TIMESTAMP '2018-12-09 11:16:39.989', TIMESTAMP '2018-12-09 11:16:39.989', 'Reply 2 Lorem ipsum dolor sit amet, consectetur adipiscing elit, sed do eiusmod ', 18, 204),
(208, TIMESTAMP '2018-12-09 11:16:39.999', TIMESTAMP '2018-12-09 11:16:39.999', 'Reply 3 Lorem ipsum dolor sit amet, consectetur adipiscing elit, sed do eiusmod te', 9, 204),
(209, TIMESTAMP '2018-12-09 11:16:39.999', TIMESTAMP '2018-12-09 11:16:39.999', 'Reply 4 Lorem ipsum dolor sit amet, consectetur', 6, 204),
(212, TIMESTAMP '2018-12-09 11:16:40.112', TIMESTAMP '2018-12-09 11:16:40.112', 'Comment on root level. I really like this idea, but needs to be improved.', 4, NULL),
(213, TIMESTAMP '2018-12-09 11:16:40.113', TIMESTAMP '2018-12-09 11:16:40.113', 'Reply 0 Lorem ipsum dolor sit amet, consectetur adipiscing elit, sed do ei', 16, 212),
(214, TIMESTAMP '2018-12-09 11:16:40.114', TIMESTAMP '2018-12-09 11:16:40.114', 'Reply 1 Lorem ipsum dolor sit amet, consectetur adipiscing elit, sed do eiusmod tempor incididun', 10, 212),
(215, TIMESTAMP '2018-12-09 11:16:40.118', TIMESTAMP '2018-12-09 11:16:40.118', 'Reply 2 Lorem ipsum dolor sit amet, consectetur adipiscing elit, sed do eiusmod te', 16, 212),
(216, TIMESTAMP '2018-12-09 11:16:40.118', TIMESTAMP '2018-12-09 11:16:40.118', 'Reply 3 Lorem ipsum dolor sit amet, consectetur adipiscing elit, sed do eiusmod t', 3, 212),
(217, TIMESTAMP '2018-12-09 11:16:40.119', TIMESTAMP '2018-12-09 11:16:40.119', 'Reply 4 Lorem ipsum dolor', 12, 212),
(219, TIMESTAMP '2018-12-09 11:16:40.134', TIMESTAMP '2018-12-09 11:16:40.134', 'Comment on root level. I really like this idea, but needs to be improved.', 6, NULL),
(220, TIMESTAMP '2018-12-09 11:16:40.134', TIMESTAMP '2018-12-09 11:16:40.134', 'Reply 0 Lorem ipsum dolor sit amet, consecte', 5, 219),
(221, TIMESTAMP '2018-12-09 11:16:40.293', TIMESTAMP '2018-12-09 11:16:40.293', 'Reply 1 Lorem ipsum dolor sit amet, consectetur adipiscing elit, sed do eiusmod', 20, 219),
(222, TIMESTAMP '2018-12-09 11:16:40.297', TIMESTAMP '2018-12-09 11:16:40.297', 'Reply 2 Lorem ipsum dolor sit amet, ', 16, 219),
(223, TIMESTAMP '2018-12-09 11:16:40.297', TIMESTAMP '2018-12-09 11:16:40.297', 'Reply 3 Lorem ipsum ', 12, 219),
(224, TIMESTAMP '2018-12-09 11:16:40.298', TIMESTAMP '2018-12-09 11:16:40.298', 'Reply 4 Lorem ipsum dolor sit amet, consectetur adipiscing elit, sed do eiusmod t', 6, 219),
(226, TIMESTAMP '2018-12-09 11:16:40.317', TIMESTAMP '2018-12-09 11:16:40.317', 'Comment on root level. I really like this idea, but needs to be improved.', 17, NULL),
(227, TIMESTAMP '2018-12-09 11:16:40.317', TIMESTAMP '2018-12-09 11:16:40.317', 'Reply 0 Lorem ipsum dolor sit amet, consectetur ad', 12, 226),
(228, TIMESTAMP '2018-12-09 11:16:40.318', TIMESTAMP '2018-12-09 11:16:40.318', 'Reply 1 Lorem ipsum dol', 20, 226),
(229, TIMESTAMP '2018-12-09 11:16:40.318', TIMESTAMP '2018-12-09 11:16:40.318', 'Reply 2 Lorem ipsum dolor sit amet, consectetur adipiscing elit, sed do', 16, 226),
(230, TIMESTAMP '2018-12-09 11:16:40.319', TIMESTAMP '2018-12-09 11:16:40.319', 'Reply 3 Lorem ipsum dolor sit amet, consectet', 8, 226),
(231, TIMESTAMP '2018-12-09 11:16:40.319', TIMESTAMP '2018-12-09 11:16:40.319', 'Reply 4 Lorem ipsum dolor si', 13, 226),
(233, TIMESTAMP '2018-12-09 11:16:40.356', TIMESTAMP '2018-12-09 11:16:40.356', 'Comment on root level. I really like this idea, but needs to be improved.', 2, NULL),
(234, TIMESTAMP '2018-12-09 11:16:40.377', TIMESTAMP '2018-12-09 11:16:40.377', 'Reply 0 Lorem ipsum dolor sit amet, consectetur adipiscing elit, sed do eiusmod tempor incididunt ut ', 18, 233);
INSERT INTO PUBLIC.COMMENTS(ID, CREATED_AT, UPDATED_AT, COMMENT, CREATED_BY_ID, PARENT_ID) VALUES
(235, TIMESTAMP '2018-12-09 11:16:40.399', TIMESTAMP '2018-12-09 11:16:40.399', 'Reply 1 Lorem ipsum dolor sit amet, consectetur adipiscing elit, sed do eiusmod tempor i', 19, 233),
(236, TIMESTAMP '2018-12-09 11:16:40.4', TIMESTAMP '2018-12-09 11:16:40.4', 'Reply 2 Lorem ipsum dolor s', 2, 233),
(237, TIMESTAMP '2018-12-09 11:16:40.4', TIMESTAMP '2018-12-09 11:16:40.4', 'Reply 3 Lorem ipsum dolor sit amet, consectetur adipiscin', 1, 233),
(238, TIMESTAMP '2018-12-09 11:16:40.401', TIMESTAMP '2018-12-09 11:16:40.401', 'Reply 4 Lorem ipsum dolor sit amet, consectetur adipiscing elit, sed ', 11, 233),
(240, TIMESTAMP '2018-12-09 11:16:40.419', TIMESTAMP '2018-12-09 11:16:40.419', 'Comment on root level. I really like this idea, but needs to be improved.', 17, NULL),
(241, TIMESTAMP '2018-12-09 11:16:40.42', TIMESTAMP '2018-12-09 11:16:40.42', 'Reply 0 Lorem ipsum dolor sit amet, consectetur adipiscing elit, sed do eiusmod tempor incididunt ut', 11, 240),
(242, TIMESTAMP '2018-12-09 11:16:40.42', TIMESTAMP '2018-12-09 11:16:40.42', 'Reply 1 Lorem ipsum dolor sit amet, consectetur adipiscing elit, sed do ei', 18, 240),
(243, TIMESTAMP '2018-12-09 11:16:40.421', TIMESTAMP '2018-12-09 11:16:40.421', 'Reply 2 Lorem ipsum dolor sit amet, consectetur adipiscing elit,', 2, 240),
(244, TIMESTAMP '2018-12-09 11:16:40.421', TIMESTAMP '2018-12-09 11:16:40.421', 'Reply 3 Lorem ipsum dolor sit amet, consectetur adipiscing elit, sed do e', 9, 240),
(245, TIMESTAMP '2018-12-09 11:16:40.422', TIMESTAMP '2018-12-09 11:16:40.422', 'Reply 4 Lorem ipsum dolor sit amet, consectetur adipiscing elit, se', 1, 240),
(248, TIMESTAMP '2018-12-09 11:16:40.434', TIMESTAMP '2018-12-09 11:16:40.434', 'Comment on root level. I really like this idea, but needs to be improved.', 10, NULL),
(249, TIMESTAMP '2018-12-09 11:16:40.435', TIMESTAMP '2018-12-09 11:16:40.435', 'Reply 0 Lorem ipsum dolor s', 17, 248),
(250, TIMESTAMP '2018-12-09 11:16:40.435', TIMESTAMP '2018-12-09 11:16:40.435', 'Reply 1 Lorem ipsum dolor sit a', 13, 248),
(251, TIMESTAMP '2018-12-09 11:16:40.63', TIMESTAMP '2018-12-09 11:16:40.63', 'Reply 2 Lorem ipsum dolor sit amet, consectetur adipiscing', 9, 248),
(252, TIMESTAMP '2018-12-09 11:16:40.63', TIMESTAMP '2018-12-09 11:16:40.63', 'Reply 3 Lorem ipsum do', 19, 248),
(253, TIMESTAMP '2018-12-09 11:16:40.631', TIMESTAMP '2018-12-09 11:16:40.631', 'Reply 4 Lorem ipsum dolor sit amet, consectetur adipiscing elit, sed do eiusmod tempor incididunt ', 15, 248),
(255, TIMESTAMP '2018-12-09 11:16:40.644', TIMESTAMP '2018-12-09 11:16:40.644', 'Comment on root level. I really like this idea, but needs to be improved.', 8, NULL),
(256, TIMESTAMP '2018-12-09 11:16:40.645', TIMESTAMP '2018-12-09 11:16:40.645', 'Reply 0 Lorem ipsum dolor sit amet, consectetur adipiscing elit, sed do eiusmod tempor i', 13, 255),
(257, TIMESTAMP '2018-12-09 11:16:40.646', TIMESTAMP '2018-12-09 11:16:40.646', 'Reply 1 Lorem ipsum dolor sit ', 4, 255),
(258, TIMESTAMP '2018-12-09 11:16:40.646', TIMESTAMP '2018-12-09 11:16:40.646', 'Reply 2 Lorem ipsum dolor', 3, 255),
(259, TIMESTAMP '2018-12-09 11:16:40.647', TIMESTAMP '2018-12-09 11:16:40.647', 'Reply 3 Lorem ipsum dolor sit amet, consectetur adipiscing elit, sed do eiusmod tempor inc', 7, 255),
(260, TIMESTAMP '2018-12-09 11:16:40.648', TIMESTAMP '2018-12-09 11:16:40.648', 'Reply 4 Lorem ipsum d', 10, 255),
(262, TIMESTAMP '2018-12-09 11:16:40.701', TIMESTAMP '2018-12-09 11:16:40.701', 'Comment on root level. I really like this idea, but needs to be improved.', 11, NULL),
(263, TIMESTAMP '2018-12-09 11:16:40.702', TIMESTAMP '2018-12-09 11:16:40.702', 'Reply 0 Lorem ipsum dolor sit amet, consectetur adipiscing elit, sed do eiusmod tempor incididun', 9, 262),
(264, TIMESTAMP '2018-12-09 11:16:40.703', TIMESTAMP '2018-12-09 11:16:40.703', 'Reply 1 Lorem ipsum dolor sit amet, consectetur adipiscing elit, sed do ', 3, 262),
(265, TIMESTAMP '2018-12-09 11:16:40.71', TIMESTAMP '2018-12-09 11:16:40.71', 'Reply 2 Lorem ipsum d', 9, 262);
INSERT INTO PUBLIC.COMMENTS(ID, CREATED_AT, UPDATED_AT, COMMENT, CREATED_BY_ID, PARENT_ID) VALUES
(266, TIMESTAMP '2018-12-09 11:16:40.711', TIMESTAMP '2018-12-09 11:16:40.711', 'Reply 3 Lorem ipsum dolor sit amet, consectetur adipiscing elit, sed do eiusmod tempor incididunt ut lab', 15, 262),
(267, TIMESTAMP '2018-12-09 11:16:40.746', TIMESTAMP '2018-12-09 11:16:40.746', 'Reply 4 Lorem ipsum dolor sit amet, consectetur adipiscing elit,', 19, 262),
(269, TIMESTAMP '2018-12-09 11:16:40.778', TIMESTAMP '2018-12-09 11:16:40.778', 'Comment on root level. I really like this idea, but needs to be improved.', 3, NULL),
(270, TIMESTAMP '2018-12-09 11:16:40.779', TIMESTAMP '2018-12-09 11:16:40.779', 'Reply 0 Lorem ipsum dolor sit amet, consec', 16, 269),
(271, TIMESTAMP '2018-12-09 11:16:40.779', TIMESTAMP '2018-12-09 11:16:40.779', 'Reply 1 Lorem ipsum dolor sit amet, co', 19, 269),
(272, TIMESTAMP '2018-12-09 11:16:40.78', TIMESTAMP '2018-12-09 11:16:40.78', 'Reply 2 Lorem ipsum dolo', 9, 269),
(273, TIMESTAMP '2018-12-09 11:16:40.78', TIMESTAMP '2018-12-09 11:16:40.78', 'Reply 3 Lorem ipsum dolor sit amet, consectetur adipiscing elit, sed do eiusm', 14, 269),
(274, TIMESTAMP '2018-12-09 11:16:40.781', TIMESTAMP '2018-12-09 11:16:40.781', 'Reply 4 Lorem ipsum dolor sit amet, consectetur adipiscing elit, sed do eiusmod tempor', 5, 269),
(291, TIMESTAMP '2018-12-09 11:16:45.372', TIMESTAMP '2018-12-09 11:16:45.372', 'Comment on root level. I really like this idea, but needs to be improved.', 9, NULL),
(292, TIMESTAMP '2018-12-09 11:16:45.373', TIMESTAMP '2018-12-09 11:16:45.373', 'Reply 0 Lorem ipsum dolo', 19, 291),
(293, TIMESTAMP '2018-12-09 11:16:45.373', TIMESTAMP '2018-12-09 11:16:45.373', 'Reply 1 Lorem ipsum dolor sit amet, cons', 17, 291),
(294, TIMESTAMP '2018-12-09 11:16:45.374', TIMESTAMP '2018-12-09 11:16:45.374', 'Reply 2 Lorem ipsum dolor sit amet, consectetur adipiscing elit, sed do eiusmod tempor incididunt ut labo', 2, 291),
(295, TIMESTAMP '2018-12-09 11:16:45.374', TIMESTAMP '2018-12-09 11:16:45.374', 'Reply 3 Lorem ipsum dolor sit amet, consectetur adipiscing elit, sed do eiusmod tempor inc', 2, 291),
(296, TIMESTAMP '2018-12-09 11:16:45.375', TIMESTAMP '2018-12-09 11:16:45.375', 'Reply 4 Lorem ipsum dolor sit amet, consectetur adipiscing elit, sed do eiusmod tempor incididunt ut labor', 20, 291),
(299, TIMESTAMP '2018-12-09 11:16:45.383', TIMESTAMP '2018-12-09 11:16:45.383', 'Comment on root level. I really like this idea, but needs to be improved.', 20, NULL),
(300, TIMESTAMP '2018-12-09 11:16:45.384', TIMESTAMP '2018-12-09 11:16:45.384', 'Reply 0 Lorem ipsum dolor sit amet, consectetur adipiscing elit, sed do eiusmod tempor incididunt ', 11, 299),
(301, TIMESTAMP '2018-12-09 11:16:45.384', TIMESTAMP '2018-12-09 11:16:45.384', 'Reply 1 Lorem ipsum dolor sit amet', 2, 299),
(302, TIMESTAMP '2018-12-09 11:16:45.385', TIMESTAMP '2018-12-09 11:16:45.385', 'Reply 2 Lorem ipsum', 9, 299),
(303, TIMESTAMP '2018-12-09 11:16:45.385', TIMESTAMP '2018-12-09 11:16:45.385', 'Reply 3 Lorem ipsum dolor sit amet, consectetur adipiscing elit,', 2, 299),
(304, TIMESTAMP '2018-12-09 11:16:45.385', TIMESTAMP '2018-12-09 11:16:45.385', 'Reply 4 Lorem ipsum dolor sit amet, consectetur adipiscing elit, sed do eiusmod tempor incididunt ut l', 17, 299),
(306, TIMESTAMP '2018-12-09 11:16:45.394', TIMESTAMP '2018-12-09 11:16:45.394', 'Comment on root level. I really like this idea, but needs to be improved.', 4, NULL),
(307, TIMESTAMP '2018-12-09 11:16:45.395', TIMESTAMP '2018-12-09 11:16:45.395', 'Reply 0 Lorem ipsum dolor sit amet, consectetur adipiscing elit, sed do eiusmod tempor incididunt ut ', 9, 306),
(308, TIMESTAMP '2018-12-09 11:16:45.395', TIMESTAMP '2018-12-09 11:16:45.395', 'Reply 1 Lorem ipsum dolor sit amet, consectetur adipiscing elit, sed do eiusmod temp', 9, 306),
(309, TIMESTAMP '2018-12-09 11:16:45.396', TIMESTAMP '2018-12-09 11:16:45.396', 'Reply 2 Lorem ipsum dolor sit amet, consectetur adipiscing elit, ', 12, 306),
(310, TIMESTAMP '2018-12-09 11:16:45.396', TIMESTAMP '2018-12-09 11:16:45.396', 'Reply 3 Lorem ipsum dolor sit amet, consectetur adipiscing elit, sed do ', 15, 306);
INSERT INTO PUBLIC.COMMENTS(ID, CREATED_AT, UPDATED_AT, COMMENT, CREATED_BY_ID, PARENT_ID) VALUES
(311, TIMESTAMP '2018-12-09 11:16:45.396', TIMESTAMP '2018-12-09 11:16:45.396', 'Reply 4 Lorem ipsum dol', 20, 306),
(313, TIMESTAMP '2018-12-09 11:16:45.416', TIMESTAMP '2018-12-09 11:16:45.416', 'Comment on root level. I really like this idea, but needs to be improved.', 3, NULL),
(314, TIMESTAMP '2018-12-09 11:16:45.416', TIMESTAMP '2018-12-09 11:16:45.416', 'Reply 0 Lorem ipsum dolor sit amet, consectet', 14, 313),
(315, TIMESTAMP '2018-12-09 11:16:45.417', TIMESTAMP '2018-12-09 11:16:45.417', 'Reply 1 Lorem ipsum dolor sit amet, consectetur adipiscing elit, sed do eiusmod tempor i', 12, 313),
(316, TIMESTAMP '2018-12-09 11:16:45.418', TIMESTAMP '2018-12-09 11:16:45.418', 'Reply 2 Lorem ipsum dolor sit amet, consectetur adipiscing elit, sed do eiu', 14, 313),
(317, TIMESTAMP '2018-12-09 11:16:45.418', TIMESTAMP '2018-12-09 11:16:45.418', 'Reply 3 Lorem ipsum dolor sit amet, cons', 15, 313),
(318, TIMESTAMP '2018-12-09 11:16:45.418', TIMESTAMP '2018-12-09 11:16:45.418', 'Reply 4 Lorem ipsum dolor sit amet, consectetur adipiscing elit, sed do eiusmod tempor incidi', 1, 313),
(320, TIMESTAMP '2018-12-09 11:16:45.428', TIMESTAMP '2018-12-09 11:16:45.428', 'Comment on root level. I really like this idea, but needs to be improved.', 8, NULL),
(321, TIMESTAMP '2018-12-09 11:16:45.428', TIMESTAMP '2018-12-09 11:16:45.428', 'Reply 0 Lorem ipsum dolor sit amet, consectetur adipiscing elit,', 8, 320),
(322, TIMESTAMP '2018-12-09 11:16:45.429', TIMESTAMP '2018-12-09 11:16:45.429', 'Reply 1 Lorem ipsum dolor sit amet', 3, 320),
(323, TIMESTAMP '2018-12-09 11:16:45.429', TIMESTAMP '2018-12-09 11:16:45.429', 'Reply 2 Lorem ipsum dolor sit amet, consectetur ', 13, 320),
(324, TIMESTAMP '2018-12-09 11:16:45.43', TIMESTAMP '2018-12-09 11:16:45.43', 'Reply 3 Lorem ipsum do', 18, 320),
(325, TIMESTAMP '2018-12-09 11:16:45.43', TIMESTAMP '2018-12-09 11:16:45.43', 'Reply 4 Lorem ipsum dolor sit amet, consectetur adipiscing elit, sed do eiusmod tempor incididunt ut labore', 1, 320);
CREATE MEMORY TABLE PUBLIC.COMMENTS_DOWN_VOTERS(
COMMENT_MODEL_ID BIGINT NOT NULL,
DOWN_VOTERS_ID BIGINT NOT NULL
);
ALTER TABLE PUBLIC.COMMENTS_DOWN_VOTERS ADD CONSTRAINT PUBLIC.CONSTRAINT_2 PRIMARY KEY(COMMENT_MODEL_ID, DOWN_VOTERS_ID);
-- 219 +/- SELECT COUNT(*) FROM PUBLIC.COMMENTS_DOWN_VOTERS;
INSERT INTO PUBLIC.COMMENTS_DOWN_VOTERS(COMMENT_MODEL_ID, DOWN_VOTERS_ID) VALUES
(206, 17),
(206, 10),
(206, 12),
(207, 11),
(207, 18),
(207, 1),
(207, 15),
(208, 6),
(208, 18),
(209, 18),
(209, 7),
(209, 14),
(212, 2),
(212, 6),
(212, 10),
(212, 12),
(214, 2),
(214, 14),
(214, 10),
(214, 15),
(215, 6),
(215, 17),
(215, 12),
(216, 2),
(216, 18),
(216, 7),
(217, 11),
(217, 16),
(217, 5),
(217, 9),
(219, 10),
(219, 19),
(220, 12),
(221, 8),
(223, 9),
(224, 10),
(226, 2),
(226, 14),
(226, 1),
(227, 8),
(227, 14),
(228, 7),
(229, 18),
(229, 19),
(229, 16),
(230, 16),
(231, 10),
(233, 17),
(233, 12),
(234, 13),
(234, 8),
(234, 20),
(234, 9),
(235, 17),
(236, 15),
(237, 11),
(237, 7),
(237, 1),
(237, 19),
(237, 16),
(238, 4),
(238, 17),
(238, 5),
(240, 6),
(240, 8),
(240, 11),
(240, 16),
(240, 9),
(241, 6),
(241, 10),
(241, 1),
(241, 19),
(241, 15),
(242, 9),
(244, 11),
(244, 10),
(245, 13),
(245, 11),
(248, 7),
(248, 5),
(249, 4),
(249, 14),
(249, 12),
(250, 11),
(250, 18),
(250, 15),
(251, 2),
(251, 5),
(252, 6),
(252, 11),
(253, 13),
(253, 18),
(253, 20),
(253, 7),
(253, 14),
(253, 1),
(253, 19),
(255, 6),
(255, 20),
(255, 7),
(255, 14),
(257, 11),
(257, 17),
(257, 10),
(258, 17),
(258, 10),
(258, 3),
(260, 6),
(260, 18),
(260, 10),
(262, 8),
(263, 14),
(264, 13),
(264, 10),
(264, 3),
(265, 3),
(266, 8),
(266, 12),
(266, 9),
(267, 4),
(267, 18),
(269, 13),
(269, 11),
(269, 14),
(269, 19),
(270, 20),
(270, 10),
(270, 1),
(271, 13),
(271, 18),
(272, 18),
(272, 15),
(273, 2),
(273, 13),
(273, 11),
(273, 10),
(273, 19),
(273, 15),
(274, 13),
(274, 17),
(274, 14),
(274, 19),
(291, 2),
(291, 20),
(291, 5),
(292, 7),
(292, 14),
(292, 1),
(292, 9),
(293, 4),
(293, 6),
(294, 13),
(294, 8),
(294, 17),
(294, 1),
(295, 6),
(295, 11),
(295, 17),
(295, 3),
(296, 11),
(296, 18),
(296, 14),
(296, 16),
(296, 9),
(299, 19),
(300, 4),
(300, 6),
(300, 18),
(300, 10),
(300, 9),
(301, 4),
(301, 17),
(303, 2),
(303, 13),
(303, 18),
(303, 3),
(304, 11),
(304, 7),
(306, 20),
(307, 4),
(307, 18),
(307, 10),
(307, 15),
(307, 5),
(308, 4),
(309, 6),
(309, 8),
(309, 11),
(309, 12),
(309, 9),
(311, 18),
(311, 1),
(311, 3),
(311, 15),
(313, 8),
(313, 10),
(313, 19),
(314, 15),
(314, 12),
(317, 15),
(317, 12),
(318, 8),
(318, 17),
(318, 3),
(320, 13),
(320, 20),
(320, 3),
(320, 9),
(321, 11),
(321, 19),
(321, 16),
(322, 3),
(322, 15),
(323, 6),
(324, 17),
(324, 15),
(324, 12),
(325, 2),
(325, 3);
CREATE MEMORY TABLE PUBLIC.COMMENTS_UP_VOTERS(
COMMENT_MODEL_ID BIGINT NOT NULL,
UP_VOTERS_ID BIGINT NOT NULL
);
ALTER TABLE PUBLIC.COMMENTS_UP_VOTERS ADD CONSTRAINT PUBLIC.CONSTRAINT_20 PRIMARY KEY(COMMENT_MODEL_ID, UP_VOTERS_ID);
-- 253 +/- SELECT COUNT(*) FROM PUBLIC.COMMENTS_UP_VOTERS;
INSERT INTO PUBLIC.COMMENTS_UP_VOTERS(COMMENT_MODEL_ID, UP_VOTERS_ID) VALUES
(204, 2),
(204, 3),
(205, 4),
(206, 2),
(206, 13),
(206, 1),
(206, 3),
(207, 17),
(207, 14),
(207, 1),
(208, 6),
(208, 8),
(208, 17),
(208, 10),
(208, 1),
(209, 6),
(209, 8),
(209, 1),
(209, 19),
(213, 2),
(213, 13),
(213, 7),
(213, 1),
(213, 16),
(214, 13),
(214, 3),
(214, 12),
(215, 19),
(215, 16),
(216, 14),
(216, 3),
(216, 15),
(216, 12),
(219, 4),
(219, 14),
(219, 7),
(219, 1),
(219, 15),
(220, 11),
(221, 18),
(221, 17),
(221, 1),
(221, 9),
(222, 4),
(222, 17),
(222, 3),
(222, 19),
(222, 5),
(223, 6),
(224, 4),
(224, 18),
(224, 20),
(224, 5),
(226, 17),
(226, 18),
(226, 16),
(226, 5),
(227, 11),
(227, 18),
(227, 5),
(228, 13),
(228, 14),
(228, 1),
(228, 19),
(229, 13),
(229, 6),
(229, 11),
(229, 8),
(229, 20),
(230, 10),
(231, 18),
(231, 12),
(233, 13),
(233, 8),
(233, 10),
(233, 5),
(234, 4),
(234, 8),
(234, 12),
(234, 9),
(235, 6),
(235, 13),
(235, 20),
(235, 15),
(235, 9),
(237, 17),
(237, 1),
(237, 16),
(238, 2),
(238, 7),
(238, 12),
(238, 5),
(240, 6),
(240, 18),
(241, 8),
(241, 10),
(242, 19),
(242, 12),
(243, 2),
(243, 14),
(243, 10),
(244, 2),
(244, 8),
(244, 14),
(245, 20),
(248, 6),
(248, 1),
(249, 3),
(251, 6),
(251, 13),
(251, 11),
(251, 7),
(251, 5),
(252, 2),
(252, 13),
(252, 16),
(253, 18),
(255, 7),
(255, 14),
(255, 3),
(256, 7),
(256, 3),
(256, 9),
(257, 18),
(257, 1),
(257, 3),
(258, 11),
(258, 10),
(258, 12),
(259, 5),
(260, 14),
(260, 3),
(260, 16),
(262, 16),
(263, 11),
(263, 7),
(263, 10),
(263, 5),
(264, 2),
(264, 13),
(264, 18),
(264, 3),
(264, 19),
(264, 5),
(265, 11),
(266, 2),
(266, 10),
(266, 5),
(266, 12),
(267, 13),
(269, 17),
(269, 7),
(270, 4),
(270, 14),
(270, 1),
(270, 12),
(271, 11),
(271, 17),
(271, 20),
(271, 15),
(271, 5),
(271, 9),
(272, 14),
(272, 1),
(273, 6),
(273, 14),
(273, 12),
(274, 8),
(274, 20),
(291, 4),
(291, 13),
(292, 4),
(292, 7),
(292, 15),
(293, 17),
(293, 20),
(293, 14),
(293, 5),
(294, 6),
(294, 15),
(295, 2),
(295, 11),
(295, 7),
(295, 5),
(296, 17),
(296, 7),
(296, 14),
(299, 20),
(299, 3),
(299, 5),
(300, 17),
(300, 14),
(300, 1),
(301, 2),
(301, 6),
(301, 11),
(301, 15),
(301, 9),
(303, 2),
(303, 6),
(303, 11),
(304, 13),
(304, 5),
(304, 12),
(306, 6),
(306, 18),
(306, 3),
(307, 6),
(307, 17),
(307, 18),
(308, 8),
(308, 7),
(308, 1),
(308, 12),
(309, 8),
(309, 17),
(309, 18),
(310, 20),
(310, 10),
(311, 15),
(311, 5),
(313, 10),
(313, 15),
(313, 5),
(314, 18),
(314, 20),
(314, 19),
(314, 9),
(315, 8),
(315, 19),
(315, 16),
(317, 20),
(317, 19),
(318, 4),
(318, 6),
(318, 3),
(318, 15),
(320, 8),
(320, 10),
(320, 19),
(321, 10),
(322, 6),
(322, 11),
(322, 10),
(322, 1),
(322, 15),
(323, 11),
(324, 13),
(324, 20),
(324, 3),
(325, 2),
(325, 4),
(325, 16);
CREATE MEMORY TABLE PUBLIC.DELEGATIONS(
ID BIGINT NOT NULL,
CREATED_AT TIMESTAMP NOT NULL,
UPDATED_AT TIMESTAMP NOT NULL,
REQUESTED_DELEGATION_AT TIMESTAMP,
TRANSITIVE BOOLEAN NOT NULL,
AREA_ID BIGINT NOT NULL,
FROM_USER_ID BIGINT NOT NULL,
REQUESTED_DELEGATION_FROM_CHECKSUM_CHECKSUM VARCHAR(255),
TO_PROXY_ID BIGINT NOT NULL
);
ALTER TABLE PUBLIC.DELEGATIONS ADD CONSTRAINT PUBLIC.CONSTRAINT_8 PRIMARY KEY(ID);
-- 6 +/- SELECT COUNT(*) FROM PUBLIC.DELEGATIONS;
INSERT INTO PUBLIC.DELEGATIONS(ID, CREATED_AT, UPDATED_AT, REQUESTED_DELEGATION_AT, TRANSITIVE, AREA_ID, FROM_USER_ID, REQUESTED_DELEGATION_FROM_CHECKSUM_CHECKSUM, TO_PROXY_ID) VALUES
(31, TIMESTAMP '2018-12-09 11:16:35.024', TIMESTAMP '2018-12-09 11:16:35.024', NULL, TRUE, 21, 2, NULL, 1),
(32, TIMESTAMP '2018-12-09 11:16:35.509', TIMESTAMP '2018-12-09 11:16:35.509', NULL, TRUE, 21, 3, NULL, 1),
(33, TIMESTAMP '2018-12-09 11:16:36.06', TIMESTAMP '2018-12-09 11:16:36.06', NULL, TRUE, 21, 4, NULL, 1),
(34, TIMESTAMP '2018-12-09 11:16:36.495', TIMESTAMP '2018-12-09 11:16:36.495', NULL, TRUE, 21, 5, NULL, 4),
(35, TIMESTAMP '2018-12-09 11:16:36.927', TIMESTAMP '2018-12-09 11:16:36.927', NULL, TRUE, 21, 6, NULL, 4),
(36, TIMESTAMP '2018-12-09 11:16:37.243', TIMESTAMP '2018-12-09 11:16:37.243', TIMESTAMP '2018-12-09 11:16:37.243', FALSE, 21, 7, '$2a$10$1IdrGrRAN2Wp3U7QI.JIzumrB8gg15WYrl/9Od2a/lKdcXxyoRqYe', 2);
CREATE MEMORY TABLE PUBLIC.KEY_VALUE(
ID BIGINT NOT NULL,
KEY VARCHAR(255) NOT NULL,
VALUE VARCHAR(255)
);
ALTER TABLE PUBLIC.KEY_VALUE ADD CONSTRAINT PUBLIC.CONSTRAINT_7 PRIMARY KEY(ID);
-- 0 +/- SELECT COUNT(*) FROM PUBLIC.KEY_VALUE;
CREATE MEMORY TABLE PUBLIC.LAWS(
ID BIGINT NOT NULL,
CREATED_AT TIMESTAMP NOT NULL,
UPDATED_AT TIMESTAMP NOT NULL,
DESCRIPTION VARCHAR(1000) NOT NULL,
REACHED_QUORUM_AT TIMESTAMP,
STATUS INTEGER NOT NULL,
TITLE VARCHAR(255) NOT NULL,
AREA_ID BIGINT NOT NULL,
CREATED_BY_ID BIGINT NOT NULL,
POLL_ID BIGINT
);
ALTER TABLE PUBLIC.LAWS ADD CONSTRAINT PUBLIC.CONSTRAINT_23 PRIMARY KEY(ID);
-- 183 +/- SELECT COUNT(*) FROM PUBLIC.LAWS;
INSERT INTO PUBLIC.LAWS(ID, CREATED_AT, UPDATED_AT, DESCRIPTION, REACHED_QUORUM_AT, STATUS, TITLE, AREA_ID, CREATED_BY_ID, POLL_ID) VALUES
(37, TIMESTAMP '2018-12-08 11:16:37.365', TIMESTAMP '2018-12-09 11:16:37.365', 'RnbrHn6x Lorem ipsum dolor sit amet, consectetur adip', NULL, 0, 'Idea 0 that suggest that we definitely need a longer title for ideas', 21, 5, NULL),
(38, TIMESTAMP '2018-12-07 11:16:37.373', TIMESTAMP '2018-12-08 11:16:37.376', 'cSJqYxD7 Lorem ipsum dolor sit amet, consectetur adipiscing elit, sed do eiusmod tempor incididunt ut labore et dolore magna aliqua. Ut enim ad minim veniam, quis nostrud exercitation ullamco laboris ni', NULL, 0, 'Idea 1 that suggest that we definitely need a longer title for ideas', 22, 12, NULL),
(39, TIMESTAMP '2018-12-06 11:16:37.385', TIMESTAMP '2018-12-07 11:16:37.396', '2o0QCiaK Lor', NULL, 0, 'Idea 2 that suggest that we definitely need a longer title for ideas', 23, 16, NULL),
(40, TIMESTAMP '2018-12-05 11:16:37.4', TIMESTAMP '2018-12-06 11:16:37.4', 'uclndw50 Lorem ipsum dolor sit amet, consectetur adipiscing elit, sed do eiusmod tempor incididunt ut labore et dolore magna aliqua. Ut enim ad minim veniam, quis nostrud exercitation ullamco laboris nisi ut aliquip ex ea commodo consequat. Duis aute irure dolor in reprehenderit in volup', NULL, 0, 'Idea 3 that suggest that we definitely need a longer title for ideas', 24, 12, NULL),
(41, TIMESTAMP '2018-12-04 11:16:37.435', TIMESTAMP '2018-12-05 11:16:37.435', 'hAVkz4ea Lorem ipsum dolor sit amet, consectetur adipiscing elit, sed do eiusmod tempor incididunt ut labore et dolore magna aliqua. Ut enim ad minim veniam, quis nostrud exercitation ', NULL, 0, 'Idea 4 that suggest that we definitely need a longer title for ideas', 25, 18, NULL),
(42, TIMESTAMP '2018-12-03 11:16:37.45', TIMESTAMP '2018-12-04 11:16:37.45', 'gSWpemF8 Lorem ipsum dolor sit amet, consectetur adipiscing', NULL, 0, 'Idea 5 that suggest that we definitely need a longer title for ideas', 26, 11, NULL),
(43, TIMESTAMP '2018-12-02 11:16:37.618', TIMESTAMP '2018-12-03 11:16:37.618', 'PgMQEGap Lorem ipsum dolor sit amet, consectetur adipiscing elit, sed do eiusmod tempor incididunt ut labore et dolore magna aliqua. Ut enim ad minim veniam, quis nostrud exercitation ullamco laboris nisi ut aliquip ex ea commodo consequat. Duis aute irure dolor in reprehenderit in voluptate velit esse cil', NULL, 0, 'Idea 6 that suggest that we definitely need a longer title for ideas', 27, 7, NULL),
(44, TIMESTAMP '2018-12-01 11:16:37.646', TIMESTAMP '2018-12-02 11:16:37.646', 'pW65gHB1 Lorem ipsum dolor sit amet, consectetur adipisci', NULL, 0, 'Idea 7 that suggest that we definitely need a longer title for ideas', 28, 16, NULL),
(45, TIMESTAMP '2018-11-30 11:16:37.678', TIMESTAMP '2018-12-01 11:16:37.678', 'h2uFV1VD Lorem ipsum dolor sit amet, consectetur adipiscing elit, sed do eiusmod tempor incididunt ut labore et do', NULL, 0, 'Idea 8 that suggest that we definitely need a longer title for ideas', 29, 14, NULL),
(46, TIMESTAMP '2018-11-29 11:16:37.684', TIMESTAMP '2018-11-30 11:16:37.684', 'MKlQm42O Lor', NULL, 0, 'Idea 9 that suggest that we definitely need a longer title for ideas', 30, 17, NULL),
(47, TIMESTAMP '2018-11-28 11:16:37.688', TIMESTAMP '2018-11-29 11:16:37.688', '0nmvaAiv Lorem ipsum dolor sit amet, consectetur adipiscing elit, sed do eiusmod tempor incididunt ut labore et dolore magna aliqua. Ut enim ad minim veniam, quis nostrud exercitation ullamco laboris nisi ut aliquip ex ea commodo consequat. Duis aute irure dolor in reprehenderit in voluptate velit esse cillum dolore eu fugiat nulla pariatur. Excepteur sint occaecat cupidatat non proident, sunt in', NULL, 0, 'Idea 10 that suggest that we definitely need a longer title for ideas', 21, 14, NULL),
(48, TIMESTAMP '2018-11-27 11:16:37.705', TIMESTAMP '2018-11-28 11:16:37.705', '0dEpivQ4 Lorem ipsum dolor sit amet, consectetur adipiscing elit, sed do eiusmod tempor incididunt ut labore et dolore magna aliqua. Ut enim ad minim veniam, quis nostrud exercitation ullamco laboris nisi ut aliquip ex ea commodo consequat. Duis aute irure dolor in reprehenderit in voluptate velit esse cillum dolore eu fugiat nulla pariatur. Excepteur sint occae', NULL, 0, 'Idea 11 that suggest that we definitely need a longer title for ideas', 22, 9, NULL);
INSERT INTO PUBLIC.LAWS(ID, CREATED_AT, UPDATED_AT, DESCRIPTION, REACHED_QUORUM_AT, STATUS, TITLE, AREA_ID, CREATED_BY_ID, POLL_ID) VALUES
(49, TIMESTAMP '2018-11-26 11:16:37.708', TIMESTAMP '2018-11-27 11:16:37.708', 'o6XEgUpV Lorem ipsum dolor sit amet, consectetur adipiscing elit, sed do eiusmod tempor incididunt ut labore et dolore magna aliqua. Ut enim ad minim veniam, quis nostrud exercitation ullamco laboris nisi ut aliquip ex ea commodo con', NULL, 0, 'Idea 12 that suggest that we definitely need a longer title for ideas', 23, 11, NULL),
(50, TIMESTAMP '2018-11-25 11:16:37.714', TIMESTAMP '2018-11-26 11:16:37.714', 'FSNjIlPN Lorem ipsum dolor sit amet, consectetur adipiscing elit, sed do eiusmod tempor incididunt ut labore et dolore magna aliqua. Ut enim ad minim veniam, quis nostrud exercitation ullamco laboris nisi ut aliquip ex ea commodo consequat. Duis aute irure dolor in reprehenderit in voluptate velit esse cillum dolore eu fugiat nulla pariatur. Excepteur sint occaecat cupidat', NULL, 0, 'Idea 13 that suggest that we definitely need a longer title for ideas', 24, 15, NULL),
(51, TIMESTAMP '2018-11-24 11:16:37.764', TIMESTAMP '2018-11-25 11:16:37.764', 'vB9QgSGa Lorem ipsum dolor sit amet, consectetur adipiscing elit, sed do eiusmod tempor incididunt ut labore et dolore magna aliqua. Ut enim ad minim veniam, quis nostrud exercitation ullamco laboris nisi ut aliqu', NULL, 0, 'Idea 14 that suggest that we definitely need a longer title for ideas', 25, 17, NULL),
(52, TIMESTAMP '2018-11-23 11:16:37.77', TIMESTAMP '2018-11-24 11:16:37.77', 'afORC2um Lorem ipsum dolor sit amet, consectetur adipiscing elit, sed do eiusmod tempor incididunt ut labore et dolore magna aliqua. Ut enim ad minim veniam, quis nostrud exercitation ullamco laboris nisi ut aliquip ex ea commodo consequat. Duis aute irure dolor in reprehenderit in voluptate velit esse cillum dolore eu fugiat nulla pariatu', NULL, 0, 'Idea 15 that suggest that we definitely need a longer title for ideas', 26, 1, NULL),
(53, TIMESTAMP '2018-11-22 11:16:37.774', TIMESTAMP '2018-11-23 11:16:37.775', 'sRtaj3uj Lorem ipsum dolor sit amet, consectetur adipiscing elit, sed do eiusmod tempor incididunt ut labore et dolore magna aliqua. Ut enim ad minim veniam, quis nostrud exercitation ullamco laboris nisi ut aliquip ex ea commodo consequat. Duis aute irure dolor in reprehenderit in voluptate velit esse cillum dolore eu fug', NULL, 0, 'Idea 16 that suggest that we definitely need a longer title for ideas', 27, 12, NULL),
(54, TIMESTAMP '2018-11-21 11:16:37.781', TIMESTAMP '2018-11-22 11:16:37.781', 'NX6BRIgV Lorem ipsum dolor sit amet, consectetur adipiscing elit, sed do eiusmod tempor incididunt ut labor', NULL, 0, 'Idea 17 that suggest that we definitely need a longer title for ideas', 28, 19, NULL),
(55, TIMESTAMP '2018-11-20 11:16:37.784', TIMESTAMP '2018-11-21 11:16:37.784', '1JhRqokE Lorem ipsum dolor sit amet, consectetur adipiscing elit, sed do eiusmod tempor incididunt u', NULL, 0, 'Idea 18 that suggest that we definitely need a longer title for ideas', 29, 4, NULL),
(56, TIMESTAMP '2018-11-19 11:16:37.787', TIMESTAMP '2018-11-20 11:16:37.787', 'WzbQ2T6A Lorem ipsum dolor sit amet, cons', NULL, 0, 'Idea 19 that suggest that we definitely need a longer title for ideas', 30, 9, NULL),
(57, TIMESTAMP '2018-11-18 11:16:37.793', TIMESTAMP '2018-11-19 11:16:37.793', 'U4yyFlQE Lorem ipsum dolor sit amet, consectetur adipiscing elit, sed do eiusmod tempor incididunt ut labore et dolore magna aliqua. Ut enim ad minim veniam, quis nostrud exercitation ullamco laboris nisi ut aliquip ex ea commodo consequat. Duis aute irure dolor in reprehenderit ', NULL, 0, 'Idea 20 that suggest that we definitely need a longer title for ideas', 21, 7, NULL),
(58, TIMESTAMP '2018-11-17 11:16:37.814', TIMESTAMP '2018-11-18 11:16:37.814', 'gaWD5AKA Lorem ipsum dolor sit amet, consectetur adipiscing elit, sed do eiusmod tempor incididunt ut labore et dolore magna aliqua. Ut enim ad minim veniam, quis nostrud exercitation ullamco laboris nisi ut aliquip ex ea commodo consequat. Duis aute irure dolor in reprehend', NULL, 0, 'Idea 21 that suggest that we definitely need a longer title for ideas', 22, 11, NULL);
INSERT INTO PUBLIC.LAWS(ID, CREATED_AT, UPDATED_AT, DESCRIPTION, REACHED_QUORUM_AT, STATUS, TITLE, AREA_ID, CREATED_BY_ID, POLL_ID) VALUES
(59, TIMESTAMP '2018-11-16 11:16:37.822', TIMESTAMP '2018-11-17 11:16:37.822', 'OvH8rGmj Lorem ipsum dolor', NULL, 0, 'Idea 22 that suggest that we definitely need a longer title for ideas', 23, 8, NULL),
(60, TIMESTAMP '2018-11-15 11:16:37.828', TIMESTAMP '2018-11-16 11:16:37.828', 'zasbQ98N Lorem ipsum dolor sit amet, consectetur adipiscing elit, sed do eiusmod tempor incididunt ut labore et dolore magna aliqua. Ut enim ad minim veniam, quis nostrud e', NULL, 0, 'Idea 23 that suggest that we definitely need a longer title for ideas', 24, 17, NULL),
(61, TIMESTAMP '2018-11-14 11:16:37.838', TIMESTAMP '2018-11-15 11:16:37.838', 'HVAJc7G7 Lorem ipsum dolor sit amet, consectetur adipiscing elit, sed do eiusmod tempor incididunt ut labore et dolore magna aliqua. Ut enim ad minim veniam, quis nostrud exercitation ullamco laboris nisi ut aliquip ex ea commodo consequat. Duis aute irure dolor in reprehenderit in voluptate velit esse cillum dolore eu fugi', NULL, 0, 'Idea 24 that suggest that we definitely need a longer title for ideas', 25, 15, NULL),
(62, TIMESTAMP '2018-11-13 11:16:37.843', TIMESTAMP '2018-11-14 11:16:37.843', 'gjmEQ6rc Lorem ipsum dolor sit amet, consectetur adipiscing elit, sed do eiusmod tempor incididunt ut labore et dolore magna aliqua. Ut enim ad minim veniam, quis nostrud exercitation ullamco laboris nisi ut aliquip ex ea commodo consequat. Duis aute i', NULL, 0, 'Idea 25 that suggest that we definitely need a longer title for ideas', 26, 4, NULL),
(63, TIMESTAMP '2018-11-12 11:16:37.849', TIMESTAMP '2018-11-13 11:16:37.849', 'APpXD5ZD Lorem ipsum dolor sit amet, consectetur adipiscing elit, sed do eiusmod tempor incididunt ut labore et dolore magna aliqua. Ut enim ad minim veniam, quis nostrud exercitation ullamco laboris nisi ut aliquip ex ea commodo consequat. Duis aute irure ', NULL, 0, 'Idea 26 that suggest that we definitely need a longer title for ideas', 27, 5, NULL),
(64, TIMESTAMP '2018-11-11 11:16:37.854', TIMESTAMP '2018-11-12 11:16:37.854', 'R6yrDGeX Lorem ipsum dolor sit amet, consectetur adipiscing elit, sed do eiusmod tempor incididunt ut labore et dolore magna aliqua. Ut enim ad minim veniam, quis nostrud exercitation ullamco laboris nisi ut aliquip ex ea commodo consequat. Duis aute irure dolor in reprehenderit in voluptate velit esse cillum dolo', NULL, 0, 'Idea 27 that suggest that we definitely need a longer title for ideas', 28, 7, NULL),
(65, TIMESTAMP '2018-11-10 11:16:37.859', TIMESTAMP '2018-11-11 11:16:37.859', 'nyqz63oI Lorem ipsum dolor sit amet, consectetur adipiscing elit, sed do eiusmod tempor ', NULL, 0, 'Idea 28 that suggest that we definitely need a longer title for ideas', 29, 14, NULL),
(66, TIMESTAMP '2018-11-09 11:16:37.864', TIMESTAMP '2018-11-10 11:16:37.864', 'Nno1wZoN Lorem ipsum dolor sit amet, consectetur adipiscing elit, sed do eiusmod tempor incididunt ut labore et dolore magna aliqua. Ut enim ad', NULL, 0, 'Idea 29 that suggest that we definitely need a longer title for ideas', 30, 19, NULL),
(67, TIMESTAMP '2018-11-08 11:16:37.869', TIMESTAMP '2018-11-09 11:16:37.869', 'OJR5QSJc Lorem ipsum dolor s', NULL, 0, 'Idea 30 that suggest that we definitely need a longer title for ideas', 21, 16, NULL),
(68, TIMESTAMP '2018-11-07 11:16:37.876', TIMESTAMP '2018-11-08 11:16:37.876', 'Y0CW2mvG Lorem ipsum dolor sit amet, consectetur adipiscing elit, sed do eiusmod tempor incididunt ut labore et dolore magna aliqua. Ut enim ad minim veniam, quis nostrud exercitation ullamco laboris nisi ut aliquip e', NULL, 0, 'Idea 31 that suggest that we definitely need a longer title for ideas', 22, 11, NULL),
(69, TIMESTAMP '2018-11-06 11:16:37.882', TIMESTAMP '2018-11-07 11:16:37.882', '2wxqMBUT Lorem ipsum dolor sit amet, consectetur adipiscing elit, sed do eiusmod tempor incididunt ut labore et do', NULL, 0, 'Idea 32 that suggest that we definitely need a longer title for ideas', 23, 14, NULL),
(70, TIMESTAMP '2018-11-05 11:16:37.886', TIMESTAMP '2018-11-06 11:16:37.886', '0v7LVk1N Lorem ipsum dolor sit amet, consectetur adipiscing elit, sed do eiusmod tempor incididunt ut labore et dolore magna aliqua. Ut enim ad minim veniam, quis nostrud exercitation ullamco laboris nisi ut aliquip ex ea commodo consequat. Duis aute irure dolor in reprehenderit in voluptate velit esse cillum dolore eu fugiat nulla pariatur. Excepteur sint occaecat cupidatat non ', NULL, 0, 'Idea 33 that suggest that we definitely need a longer title for ideas', 24, 20, NULL);
INSERT INTO PUBLIC.LAWS(ID, CREATED_AT, UPDATED_AT, DESCRIPTION, REACHED_QUORUM_AT, STATUS, TITLE, AREA_ID, CREATED_BY_ID, POLL_ID) VALUES
(71, TIMESTAMP '2018-11-04 11:16:37.917', TIMESTAMP '2018-11-05 11:16:37.918', 'AjRvjPwy Lorem ipsum dolor sit amet, consectetur adipiscing elit, sed do eiusmod tempor incididunt ut labore et dolore magna aliqua. Ut enim ad minim veniam, quis nostrud exercita', NULL, 0, 'Idea 34 that suggest that we definitely need a longer title for ideas', 25, 10, NULL),
(72, TIMESTAMP '2018-11-03 11:16:37.919', TIMESTAMP '2018-11-04 11:16:37.919', 'iLW6qCF4 Lorem ipsum dolor sit amet, consectetur adipiscing elit, sed do eiusmod tempor incididunt ut labore et dolore magna aliqua. Ut enim ad minim veniam, quis nostrud exercitation ullamco laboris nisi ut a', NULL, 0, 'Idea 35 that suggest that we definitely need a longer title for ideas', 26, 6, NULL),
(73, TIMESTAMP '2018-11-02 11:16:37.923', TIMESTAMP '2018-11-03 11:16:37.924', 'KEZcmm60 Lorem ipsum dolor sit amet, consectetur adipiscing elit, sed do eiusmod tempor incididunt ut labore et dolore magna aliqua. Ut enim ad minim veniam, quis nostrud exercitation ullamco laboris nisi ut aliquip ex ea commodo consequat. Duis aute irure dolor in reprehenderit in voluptate velit esse cillum dolore ', NULL, 0, 'Idea 36 that suggest that we definitely need a longer title for ideas', 27, 10, NULL),
(74, TIMESTAMP '2018-11-01 11:16:37.927', TIMESTAMP '2018-11-02 11:16:37.927', 'uAPwfYTT Lorem ipsum dolor sit amet, consectetur adipiscing elit, sed do eiusmod tempor incididunt ut labore et dolore magna aliqua. Ut enim ad minim veniam, quis nostrud exercitation ullamco laboris nisi ut aliquip ex ea commodo consequat. Duis aute irure dolor in reprehenderit in voluptate velit esse cillum dolore eu fugiat nulla pariatur. Excepteur sint occaecat cupid', NULL, 0, 'Idea 37 that suggest that we definitely need a longer title for ideas', 28, 19, NULL),
(75, TIMESTAMP '2018-10-31 11:16:37.93', TIMESTAMP '2018-11-01 11:16:37.93', 'gIdA6VEW Lorem ipsum dolor sit amet, consectetur adipiscing elit, sed do eiusmod tempor incididunt ut labore et dolore magna aliqua. Ut enim ad minim veniam, quis nostrud exercitation', NULL, 0, 'Idea 38 that suggest that we definitely need a longer title for ideas', 29, 5, NULL),
(76, TIMESTAMP '2018-10-30 11:16:37.943', TIMESTAMP '2018-10-31 11:16:37.943', 'V27t66kg Lorem ipsum dolor sit amet, consectetur adipiscing elit, sed do eiusmod tempor incididunt ut labore et dolore magna aliqua. Ut enim ad minim veniam, quis nostrud exercitation ullamco laboris nisi ut aliquip ex ea commodo consequat. Duis aute irure dolor in reprehenderit in voluptate velit esse', NULL, 0, 'Idea 39 that suggest that we definitely need a longer title for ideas', 30, 8, NULL),
(77, TIMESTAMP '2018-10-29 11:16:37.946', TIMESTAMP '2018-10-30 11:16:37.946', 'sPEY26Ie Lorem ipsum dolor sit amet, consectetur adipiscing elit, sed do eiusmod tempor incididunt ut labore et dolore magna aliqua. Ut enim ad minim veniam, quis nostrud exercitation ullamco laboris ', NULL, 0, 'Idea 40 that suggest that we definitely need a longer title for ideas', 21, 17, NULL),
(78, TIMESTAMP '2018-10-28 11:16:37.95', TIMESTAMP '2018-10-29 11:16:37.95', 'IL9xOIt7 Lorem ipsum dolor sit amet, consectetur adipiscing elit, sed do eiusmod tempor incididunt ut labore et dolore magna aliqua. Ut enim ad minim veniam, quis nostrud exercitation ullamco laboris nisi ut aliquip ex ea commodo consequat. Duis aute irure dolor in reprehenderit in voluptate velit esse cillum ', NULL, 0, 'Idea 41 that suggest that we definitely need a longer title for ideas', 22, 4, NULL),
(79, TIMESTAMP '2018-10-27 11:16:37.954', TIMESTAMP '2018-10-28 11:16:37.954', 'y1h8XOvW Lorem ipsum d', NULL, 0, 'Idea 42 that suggest that we definitely need a longer title for ideas', 23, 6, NULL),
(80, TIMESTAMP '2018-10-26 11:16:38.026', TIMESTAMP '2018-10-27 11:16:38.026', 'Bmw6mwVb Lorem ipsum dolor sit amet, consectetur adipiscing elit, sed do eiusmod tempor incididunt ut labore et dolore magna aliqua. Ut enim ad minim veniam, quis nostrud exercitation ullamco laboris nisi ut aliquip ex ea commodo consequat. Duis aute irure d', NULL, 0, 'Idea 43 that suggest that we definitely need a longer title for ideas', 24, 15, NULL);
INSERT INTO PUBLIC.LAWS(ID, CREATED_AT, UPDATED_AT, DESCRIPTION, REACHED_QUORUM_AT, STATUS, TITLE, AREA_ID, CREATED_BY_ID, POLL_ID) VALUES
(81, TIMESTAMP '2018-10-25 11:16:38.046', TIMESTAMP '2018-10-26 11:16:38.046', 'hUNCYixG Lorem ips', NULL, 0, 'Idea 44 that suggest that we definitely need a longer title for ideas', 25, 13, NULL),
(82, TIMESTAMP '2018-10-24 11:16:38.072', TIMESTAMP '2018-10-25 11:16:38.073', 'znDWOiy2 Lorem ipsum dolor sit amet, consectetur adipiscing elit, sed do eiusmod tempor incididunt ut labore et dolore magna aliqua. Ut enim ad minim veniam, quis nostrud exercitation ullamco laboris nisi ut aliquip ex ea commodo consequat. Duis aute irure dolor in reprehenderit in voluptate velit esse cillum dolore eu fugiat nulla pariatur. Exc', NULL, 0, 'Idea 45 that suggest that we definitely need a longer title for ideas', 26, 12, NULL),
(83, TIMESTAMP '2018-10-23 11:16:38.111', TIMESTAMP '2018-10-24 11:16:38.112', 'YQxVqxzw Lorem ipsum dolor sit amet, co', NULL, 0, 'Idea 46 that suggest that we definitely need a longer title for ideas', 27, 9, NULL),
(84, TIMESTAMP '2018-10-22 11:16:38.115', TIMESTAMP '2018-10-23 11:16:38.115', 'ezzLoBAl Lorem ipsum dolor sit amet, consectetur adipiscing elit, sed do eiusmod tempor incididunt ut labore et dolore magna aliqua. Ut enim ad minim veniam, quis nostrud exercitation ullamco laboris nisi ut aliquip ex ea commodo consequat. Duis aute irure dolor in reprehenderit in voluptate velit esse cillum dolore eu fugiat nulla pariatur. Ex', NULL, 0, 'Idea 47 that suggest that we definitely need a longer title for ideas', 28, 9, NULL),
(85, TIMESTAMP '2018-10-21 11:16:38.118', TIMESTAMP '2018-10-22 11:16:38.119', 'tWLIBkW8 Lorem ipsum dolor sit amet, consectetur adipiscing elit, sed do eiusmod tempor incididunt ut labore et dolore magna aliqua. Ut enim ad minim veniam, quis nostrud exercitation ullamco laboris nisi ut aliquip ', NULL, 0, 'Idea 48 that suggest that we definitely need a longer title for ideas', 29, 10, NULL),
(86, TIMESTAMP '2018-10-20 11:16:38.127', TIMESTAMP '2018-10-21 11:16:38.127', 'GFnpN9pD Lorem ipsum dolor sit amet, consectetur adipiscing elit, sed do eiusmod tempor incididunt ut labore et dolore magn', NULL, 0, 'Idea 49 that suggest that we definitely need a longer title for ideas', 30, 7, NULL),
(87, TIMESTAMP '2018-10-19 11:16:38.137', TIMESTAMP '2018-10-20 11:16:38.137', 'QznhVfbn Lorem ipsum dolor sit amet, consectetur adipiscing elit, sed do eiusmod tempor incididunt ut labore et dolore ma', NULL, 0, 'Idea 50 that suggest that we definitely need a longer title for ideas', 21, 15, NULL),
(88, TIMESTAMP '2018-10-18 11:16:38.142', TIMESTAMP '2018-10-19 11:16:38.142', 'mpOxnEb1 Lorem ipsum dolor sit amet, consectetur adipiscing elit, sed do eiusmod tempor incididunt ut labore et dolore magna aliqua. Ut enim ad minim veniam, quis', NULL, 0, 'Idea 51 that suggest that we definitely need a longer title for ideas', 22, 6, NULL),
(89, TIMESTAMP '2018-10-17 11:16:38.144', TIMESTAMP '2018-10-18 11:16:38.144', 'wxo4tXAa Lorem ipsum dolor sit amet, consectetur adipiscing elit, sed do eiusmod tempor incididunt ut labore et dolore magna aliqua. Ut enim ad minim veniam, quis nostrud exercitation ullamco laboris nisi ut aliquip ex ea commodo consequat. Duis aute irure dolor in re', NULL, 0, 'Idea 52 that suggest that we definitely need a longer title for ideas', 23, 20, NULL),
(90, TIMESTAMP '2018-10-16 11:16:38.147', TIMESTAMP '2018-10-17 11:16:38.147', 'PdxL3Dhv Lorem ipsum dolor sit amet, consectetur adipiscing elit, sed do eiusmod tempor incididunt ut labore et dolore magna aliqua. Ut enim ad minim veniam, qu', NULL, 0, 'Idea 53 that suggest that we definitely need a longer title for ideas', 24, 8, NULL),
(91, TIMESTAMP '2018-10-15 11:16:38.15', TIMESTAMP '2018-10-16 11:16:38.15', 'QSretUfM Lorem ipsum dolor sit amet, consectetur adipiscing elit, sed do eiusmod tempor incididunt ut labore ', NULL, 0, 'Idea 54 that suggest that we definitely need a longer title for ideas', 25, 12, NULL),
(92, TIMESTAMP '2018-10-14 11:16:38.155', TIMESTAMP '2018-10-15 11:16:38.155', 'LJ3hEW0l Lorem ipsum dolor sit amet, consectetur adipiscing elit, sed do eiusmod tempor incididunt ut labore et dolore magna aliqua. Ut enim ad minim veniam, quis nostrud exercitation ullamco laboris nisi ut aliquip ex ea commodo consequat. Duis aute irure dolor in reprehenderit in voluptate velit esse cillum dolore eu fugiat nulla paria', NULL, 0, 'Idea 55 that suggest that we definitely need a longer title for ideas', 26, 1, NULL);
INSERT INTO PUBLIC.LAWS(ID, CREATED_AT, UPDATED_AT, DESCRIPTION, REACHED_QUORUM_AT, STATUS, TITLE, AREA_ID, CREATED_BY_ID, POLL_ID) VALUES
(93, TIMESTAMP '2018-10-13 11:16:38.157', TIMESTAMP '2018-10-14 11:16:38.158', 'rAVaY5Pv Lorem ipsum dolor sit amet, consectetur adipiscing elit, sed do eiusmod tempor incididunt u', NULL, 0, 'Idea 56 that suggest that we definitely need a longer title for ideas', 27, 20, NULL),
(94, TIMESTAMP '2018-10-12 11:16:38.163', TIMESTAMP '2018-10-13 11:16:38.163', 'pCXdG2Uq Lorem ipsum dolor sit amet, consectetur adipiscing elit, se', NULL, 0, 'Idea 57 that suggest that we definitely need a longer title for ideas', 28, 11, NULL),
(95, TIMESTAMP '2018-10-11 11:16:38.166', TIMESTAMP '2018-10-12 11:16:38.166', 'ma2J3VF3 Lorem ipsum dolor sit amet, consectetur adipiscing elit, sed do eiusmod tempor incididunt ut labore et dolore magna aliqua. Ut enim ad minim veniam, quis nostrud exercitation ulla', NULL, 0, 'Idea 58 that suggest that we definitely need a longer title for ideas', 29, 5, NULL),
(96, TIMESTAMP '2018-10-10 11:16:38.178', TIMESTAMP '2018-10-11 11:16:38.178', 'mAPQPvMw Lore', NULL, 0, 'Idea 59 that suggest that we definitely need a longer title for ideas', 30, 3, NULL),
(97, TIMESTAMP '2018-10-09 11:16:38.187', TIMESTAMP '2018-10-10 11:16:38.187', 'NaVWZO22 Lorem ipsum dolor sit amet, consectetur adipiscing elit, sed do eiusmod tempor incididunt ut labore et dolore magna aliqua. Ut enim ad minim veniam, quis nostrud exercitation ullamco laboris nisi ut aliquip ex ea commodo consequat. Duis aute irure dolor in reprehenderit in voluptate vel', NULL, 0, 'Idea 60 that suggest that we definitely need a longer title for ideas', 21, 5, NULL),
(98, TIMESTAMP '2018-10-08 11:16:38.203', TIMESTAMP '2018-10-09 11:16:38.203', 'OJvAeLfX Lorem ipsum dolor sit amet, consectetur adipiscing e', NULL, 0, 'Idea 61 that suggest that we definitely need a longer title for ideas', 22, 14, NULL),
(99, TIMESTAMP '2018-10-07 11:16:38.258', TIMESTAMP '2018-10-08 11:16:38.258', 'mxYCReT0 Lorem ipsum dolor sit amet, consectetur adipiscing elit, sed do eiusmod tempor incididunt ut labore et dolore magna aliqua. Ut enim ad minim veniam, quis nostrud exercitation ullamco laboris nisi ut aliquip ex ea commodo consequat. Duis aute irure dolor in reprehenderit in voluptate velit esse cillum dolore eu fugiat nu', NULL, 0, 'Idea 62 that suggest that we definitely need a longer title for ideas', 23, 1, NULL),
(100, TIMESTAMP '2018-10-06 11:16:38.264', TIMESTAMP '2018-10-07 11:16:38.264', '6GvkD6Tl Lorem ipsum dolor sit amet, consectetur adipiscing elit, sed do eiusmod tempor incididunt ut labore et dolore magna aliqua. Ut enim ad minim veniam, quis nostrud exercitation ullamco laboris nisi ut aliquip ex ea commodo consequat. Duis aute ', NULL, 0, 'Idea 63 that suggest that we definitely need a longer title for ideas', 24, 3, NULL),
(101, TIMESTAMP '2018-10-05 11:16:38.268', TIMESTAMP '2018-10-06 11:16:38.268', 'I6oi6VVu Lorem ipsum dolor sit amet, consectetur adipiscing elit, sed do eiusmod tempor incididu', NULL, 0, 'Idea 64 that suggest that we definitely need a longer title for ideas', 25, 16, NULL),
(102, TIMESTAMP '2018-10-04 11:16:38.274', TIMESTAMP '2018-10-05 11:16:38.275', 'yawqGR1m Lorem ipsum dolor sit amet, consectetur adipiscing elit, sed do eiusmod tempor incididunt ut labore et dolore magna aliqua. Ut enim ad minim veniam, quis nostrud exercitation ullamco laboris nisi ut aliquip ex ea commodo consequat. Duis aute irure dolor in reprehenderit in voluptate veli', NULL, 0, 'Idea 65 that suggest that we definitely need a longer title for ideas', 26, 2, NULL),
(103, TIMESTAMP '2018-10-03 11:16:38.305', TIMESTAMP '2018-10-04 11:16:38.306', 's5WrIRQI Lorem ipsum dolor sit amet, consectetur adipiscing elit, sed do eiusmod tempor incididun', NULL, 0, 'Idea 66 that suggest that we definitely need a longer title for ideas', 27, 13, NULL),
(104, TIMESTAMP '2018-10-02 11:16:38.31', TIMESTAMP '2018-10-03 11:16:38.31', 'FACh6y59 Lorem ipsum dolor sit amet, consectetur adipiscing elit, sed do eiusmod tempor incididunt ut labore et dolore magna aliqua. Ut en', NULL, 0, 'Idea 67 that suggest that we definitely need a longer title for ideas', 28, 10, NULL);
INSERT INTO PUBLIC.LAWS(ID, CREATED_AT, UPDATED_AT, DESCRIPTION, REACHED_QUORUM_AT, STATUS, TITLE, AREA_ID, CREATED_BY_ID, POLL_ID) VALUES
(105, TIMESTAMP '2018-10-01 11:16:38.315', TIMESTAMP '2018-10-02 11:16:38.315', 'Z5KWbBAU Lorem ipsum dolor sit amet, consectetur adipiscing elit, sed do eiusmod tempor incididunt ut labore et dolore magna aliqua', NULL, 0, 'Idea 68 that suggest that we definitely need a longer title for ideas', 29, 12, NULL),
(106, TIMESTAMP '2018-09-30 11:16:38.32', TIMESTAMP '2018-10-01 11:16:38.32', 'A1kWIJbJ Lorem ipsum dolor sit amet, consectetur adipiscing elit, sed do eiusmod tempor incididunt u', NULL, 0, 'Idea 69 that suggest that we definitely need a longer title for ideas', 30, 13, NULL),
(107, TIMESTAMP '2018-09-29 11:16:38.323', TIMESTAMP '2018-09-30 11:16:38.323', '4QQN3Tlk Lorem ipsum dolor sit amet, consectetur adipiscing elit, sed do eiusmod tempor incididunt ut labore et dolore magna aliqua. Ut enim ad minim veniam, quis nostrud exercitation ullamco laboris nisi ut aliquip ex ea commodo consequat. Duis aute irure dolor in reprehend', NULL, 0, 'Idea 70 that suggest that we definitely need a longer title for ideas', 21, 6, NULL),
(108, TIMESTAMP '2018-09-28 11:16:38.326', TIMESTAMP '2018-09-29 11:16:38.326', 'z6mygMHR Lorem ipsum dolor sit amet, consecte', NULL, 0, 'Idea 71 that suggest that we definitely need a longer title for ideas', 22, 9, NULL),
(109, TIMESTAMP '2018-09-27 11:16:38.331', TIMESTAMP '2018-09-28 11:16:38.331', 'ddSiKLSG Lorem ipsum dolor sit amet, consectetur adipiscing elit, sed do eiusmod tempor incididunt ut labore et dolore magna aliqua. Ut enim ad minim veniam, quis nostrud exercitation ullamco laboris nisi ut aliquip ex ea commodo consequat. Duis aute irure dolor in reprehenderit in voluptate velit esse cillum dolore eu fugiat nulla pariatur. Excepteur sint occaecat cup', NULL, 0, 'Idea 72 that suggest that we definitely need a longer title for ideas', 23, 10, NULL),
(110, TIMESTAMP '2018-09-26 11:16:38.337', TIMESTAMP '2018-09-27 11:16:38.337', 'e8i8R22X Lorem ipsum dolor sit amet, consectetur adipiscing elit, sed do eiusmod tempor incididunt ut labore et dolore magna aliqua. Ut enim ad minim veniam, quis nostrud exercitation ullamco laboris nisi ut aliquip ex ea commodo consequat. Duis aute', NULL, 0, 'Idea 73 that suggest that we definitely need a longer title for ideas', 24, 6, NULL),
(111, TIMESTAMP '2018-09-25 11:16:38.355', TIMESTAMP '2018-09-26 11:16:38.355', 'DsphNEeH Lorem ipsum dolor sit amet, consectetur adipiscing elit, sed do eiusmod tempor incididunt ut labore et dolore magna aliqua. Ut enim ad minim veniam, q', NULL, 0, 'Idea 74 that suggest that we definitely need a longer title for ideas', 25, 11, NULL),
(112, TIMESTAMP '2018-09-24 11:16:38.382', TIMESTAMP '2018-09-25 11:16:38.382', 'rBDUbn6n Lorem ipsum dolor sit amet, consectetur adipiscing elit, sed do eiusmod tempor incididunt ut la', NULL, 0, 'Idea 75 that suggest that we definitely need a longer title for ideas', 26, 16, NULL),
(113, TIMESTAMP '2018-09-23 11:16:38.386', TIMESTAMP '2018-09-24 11:16:38.386', 'ePhBtNtu Lorem ipsum dolor sit amet, consectetur adipiscing elit, sed do eiusmod tempor incididunt ut labore', NULL, 0, 'Idea 76 that suggest that we definitely need a longer title for ideas', 27, 17, NULL),
(114, TIMESTAMP '2018-09-22 11:16:38.39', TIMESTAMP '2018-09-23 11:16:38.39', 'e1VjfeGU Lorem ipsum dolor sit amet, consectetur adipiscing elit, sed do eiusmod tempor incididunt ut labore et dolore magna aliqua. Ut enim ad minim veniam, quis nostrud exercitation ullamco laboris nisi ut aliquip ex ea commodo consequat. Duis aute irure dolor in reprehenderit in voluptate velit esse cillum dolore eu fugiat nulla pariatur. Excepteur sint occaecat cu', NULL, 0, 'Idea 77 that suggest that we definitely need a longer title for ideas', 28, 19, NULL),
(115, TIMESTAMP '2018-09-21 11:16:38.397', TIMESTAMP '2018-09-22 11:16:38.397', '0LD77l17 Lorem ipsum dolor sit amet, consectetur adipiscing elit, sed do eiusmod tempor incididunt ut labore et dolore magna aliqua. Ut enim ad minim veniam, quis nostrud exercitation ullamco laboris nisi ut aliquip ex ea commodo consequat. Duis aute irure dolor in reprehenderit in voluptate velit esse cillum dolore eu fugiat nulla pariatur. Excepteur sint occaecat cupidatat no', NULL, 0, 'Idea 78 that suggest that we definitely need a longer title for ideas', 29, 12, NULL);
INSERT INTO PUBLIC.LAWS(ID, CREATED_AT, UPDATED_AT, DESCRIPTION, REACHED_QUORUM_AT, STATUS, TITLE, AREA_ID, CREATED_BY_ID, POLL_ID) VALUES
(116, TIMESTAMP '2018-09-20 11:16:38.401', TIMESTAMP '2018-09-21 11:16:38.401', 'g7Mo000I Lorem ipsum dolor sit amet, consectetur adipiscing elit, sed do eiusmod tempor incidid', NULL, 0, 'Idea 79 that suggest that we definitely need a longer title for ideas', 30, 15, NULL),
(117, TIMESTAMP '2018-09-19 11:16:38.403', TIMESTAMP '2018-09-20 11:16:38.403', 'bi9RrzME Lorem ipsum dolor sit amet, consectetur adipiscing elit, sed do eiusmod tempor incididunt ut labore et dolore magna aliqua. Ut enim ad minim veniam, quis nostrud exercitation ullamco laboris nisi ut aliquip ex ea commodo consequat. Duis aute irure dolor in reprehenderit in voluptate velit esse cillum dolore eu fugiat nulla pariat', NULL, 0, 'Idea 80 that suggest that we definitely need a longer title for ideas', 21, 7, NULL),
(118, TIMESTAMP '2018-09-18 11:16:38.405', TIMESTAMP '2018-09-19 11:16:38.405', 'OrxXDQHq Lorem ipsum dolor sit amet, consectetur adipiscing elit, sed do eiusmod tempor incididunt ut labore et dolore magna aliqua. Ut enim ad minim veniam, quis nostrud exercitation ullamco laboris nisi ut aliquip ex ea commodo consequat. Duis aute irure dolor in reprehenderit in voluptate velit esse cillum dolore eu fugiat nulla pariatur. Excepteur', NULL, 0, 'Idea 81 that suggest that we definitely need a longer title for ideas', 22, 3, NULL),
(119, TIMESTAMP '2018-09-17 11:16:38.406', TIMESTAMP '2018-09-18 11:16:38.406', 'RFyL242O Lorem ipsum dolor sit amet, consec', NULL, 0, 'Idea 82 that suggest that we definitely need a longer title for ideas', 23, 7, NULL),
(120, TIMESTAMP '2018-09-16 11:16:38.409', TIMESTAMP '2018-09-17 11:16:38.409', 'jbuzhpxN Lorem ipsum dolor sit amet, consectetur adipiscing elit, sed do eiusmod tempor incididunt ut labore et dolore magna aliqua. Ut enim ad minim veniam, quis nostrud exercitation ullamco laboris nisi ut aliquip ex ea commodo consequat. Duis aute irure dolor in reprehen', NULL, 0, 'Idea 83 that suggest that we definitely need a longer title for ideas', 24, 15, NULL),
(121, TIMESTAMP '2018-09-15 11:16:38.411', TIMESTAMP '2018-09-16 11:16:38.412', 'mIzgh20a Lorem ipsum dolor sit amet, consectetur adipiscing elit, sed do eiusmod tempor incididunt ut labore et dolore magna aliqua. Ut enim ad minim veniam, quis nostrud exercitation ullamco laboris nisi ut aliquip ex ea commodo consequat. Duis aute irure dolor in reprehenderit in voluptate velit esse cillum dolore eu fugiat nulla pariatur. Excepteur si', NULL, 0, 'Idea 84 that suggest that we definitely need a longer title for ideas', 25, 1, NULL),
(122, TIMESTAMP '2018-09-14 11:16:38.413', TIMESTAMP '2018-09-15 11:16:38.414', 'f30cgM9C Lorem ipsum dolor sit amet, consectetur adipiscing elit, sed do eiusmod tempor incididunt ut labore et dolore magna aliqua. Ut enim ad minim veniam, quis nostrud exercitation ullamco laboris nisi ut aliquip ex ea commodo consequat', NULL, 0, 'Idea 85 that suggest that we definitely need a longer title for ideas', 26, 8, NULL),
(123, TIMESTAMP '2018-09-13 11:16:38.416', TIMESTAMP '2018-09-14 11:16:38.416', 'wlnET3ZS Lorem ipsum dolor sit', NULL, 0, 'Idea 86 that suggest that we definitely need a longer title for ideas', 27, 19, NULL),
(124, TIMESTAMP '2018-09-12 11:16:38.42', TIMESTAMP '2018-09-13 11:16:38.42', 'U3F2VjFk Lorem ipsum dolor sit amet, consectetur adipiscing elit, sed do eiusmod tempor incididunt ut labore et dolore magna aliqua. Ut enim ad minim veniam, quis nostrud exercitation ullamco laboris nisi ut aliquip ex ea commodo consequat. Duis aute irure dolor in reprehenderit in voluptate velit esse ', NULL, 0, 'Idea 87 that suggest that we definitely need a longer title for ideas', 28, 20, NULL),
(125, TIMESTAMP '2018-09-11 11:16:38.467', TIMESTAMP '2018-09-12 11:16:38.467', 'mCkUCj46 Lorem ipsum dolor sit amet, consectetur adipiscing elit, sed do eiusmod tempor incididunt ut labore et dolore magna aliqua. Ut enim ad minim veniam, quis nostrud exercitation ullamco laboris nisi ut aliquip ex ea commodo consequa', NULL, 0, 'Idea 88 that suggest that we definitely need a longer title for ideas', 29, 17, NULL);
INSERT INTO PUBLIC.LAWS(ID, CREATED_AT, UPDATED_AT, DESCRIPTION, REACHED_QUORUM_AT, STATUS, TITLE, AREA_ID, CREATED_BY_ID, POLL_ID) VALUES
(126, TIMESTAMP '2018-09-10 11:16:38.47', TIMESTAMP '2018-09-11 11:16:38.47', 'mYVRECRJ Lorem ipsum dolor sit amet, consectetur adipiscing elit, sed do eiusmod tempor incididunt ut labore et dolore magna aliqua. Ut enim ad minim veniam, quis nostrud exercitation ullamco laboris nisi ut aliquip ex ea commodo consequat. Duis aute irure dolor in reprehenderit in volupt', NULL, 0, 'Idea 89 that suggest that we definitely need a longer title for ideas', 30, 10, NULL),
(127, TIMESTAMP '2018-09-09 11:16:38.475', TIMESTAMP '2018-09-10 11:16:38.475', '9UjMYqJ3 Lorem ipsum dolor sit amet, consectet', NULL, 0, 'Idea 90 that suggest that we definitely need a longer title for ideas', 21, 3, NULL),
(128, TIMESTAMP '2018-09-08 11:16:38.479', TIMESTAMP '2018-09-09 11:16:38.479', 'rUjvsPmX Lorem ipsum dolor sit amet, consectetur adipiscing elit, sed do eiusmod tempor incididunt ut labore et dolore magna aliqua. Ut enim ad minim veniam, quis nostrud exercitation ullamco laboris nisi ut aliquip ex ea commodo consequat. Duis aute irure dolor in reprehenderit in voluptate velit esse cillum dolore eu fugiat nulla', NULL, 0, 'Idea 91 that suggest that we definitely need a longer title for ideas', 22, 19, NULL),
(129, TIMESTAMP '2018-09-07 11:16:38.484', TIMESTAMP '2018-09-08 11:16:38.484', 'xOYWi2Mv Lorem ipsum dolor sit amet, consectetur adipiscing elit, sed do eiusmod tempor incididunt ut labore et dolore magna aliqua. Ut enim ad minim veniam, quis nostrud exercitation ullamco laboris nisi ut aliquip ex ea commodo consequat. Duis aute irure dolor in reprehenderit in voluptate velit esse cillum dolore eu fugiat nulla pariatur. Excepteur sint occaecat cupidatat non proident, sunt in', NULL, 0, 'Idea 92 that suggest that we definitely need a longer title for ideas', 23, 17, NULL),
(130, TIMESTAMP '2018-09-06 11:16:38.491', TIMESTAMP '2018-09-07 11:16:38.491', 'DLwGPg8i Lorem ipsum dolor ', NULL, 0, 'Idea 93 that suggest that we definitely need a longer title for ideas', 24, 17, NULL),
(131, TIMESTAMP '2018-09-05 11:16:38.495', TIMESTAMP '2018-09-06 11:16:38.495', '84uyZci5 Lorem ipsum dolor sit amet, consectetur adipiscing elit, sed do eiusmod tempor incididunt ut labore et dolore magna aliqua. Ut enim ad minim veniam, quis nostrud exercitation ullamco laboris nisi ut al', NULL, 0, 'Idea 94 that suggest that we definitely need a longer title for ideas', 25, 14, NULL),
(132, TIMESTAMP '2018-09-04 11:16:38.498', TIMESTAMP '2018-09-05 11:16:38.498', 'emxJwQez Lorem ipsum dolor sit amet, consectetur adipiscing elit, sed do ', NULL, 0, 'Idea 95 that suggest that we definitely need a longer title for ideas', 26, 2, NULL),
(133, TIMESTAMP '2018-09-03 11:16:38.499', TIMESTAMP '2018-09-04 11:16:38.499', 'cTIdfMyW Lorem ipsum dolor sit amet, consectetur adipiscing elit, sed do eiusmod tempor incididunt ut labore et dolore magna aliqua. Ut enim ad minim veniam, quis nostrud exercitation ullamco laboris nisi ut aliquip ex ea commodo consequat. Duis aute irure dolor in re', NULL, 0, 'Idea 96 that suggest that we definitely need a longer title for ideas', 27, 16, NULL),
(134, TIMESTAMP '2018-09-02 11:16:38.505', TIMESTAMP '2018-09-03 11:16:38.505', 'qppNQBpF Lorem ipsum dolor sit amet, consectetur adipiscing elit, sed do eiusmod tempor incididunt ut labore et dolore magna aliqua. Ut enim ad minim veniam, quis nostrud exercitation u', NULL, 0, 'Idea 97 that suggest that we definitely need a longer title for ideas', 28, 20, NULL),
(135, TIMESTAMP '2018-09-01 11:16:38.507', TIMESTAMP '2018-09-02 11:16:38.507', 'bF4Ml3IF Lorem ipsum dolor sit amet, consectetur adipiscing elit, sed do eiusmod tempor incididunt ut labore et dolore magna aliqua. Ut enim ad minim veniam, quis nostrud exercitation ullamco laboris nisi ut aliquip ex ea commodo consequat. Duis aute irure dolor in reprehenderit in voluptate velit esse cillum dolore eu fugiat nulla pariatur. Excepteur s', NULL, 0, 'Idea 98 that suggest that we definitely need a longer title for ideas', 29, 11, NULL);
INSERT INTO PUBLIC.LAWS(ID, CREATED_AT, UPDATED_AT, DESCRIPTION, REACHED_QUORUM_AT, STATUS, TITLE, AREA_ID, CREATED_BY_ID, POLL_ID) VALUES
(136, TIMESTAMP '2018-08-31 11:16:38.51', TIMESTAMP '2018-09-01 11:16:38.51', 'VCYgepYO Lorem ipsum dolor sit amet, consectetur adipiscing elit, sed do eiusmod tempor incididunt ut labore et dolore magna aliqua. Ut enim ad minim veniam, quis nostrud exercitation ullamco laboris nisi ut aliquip ex ea commodo consequat. Duis aute irure dolor ', NULL, 0, 'Idea 99 that suggest that we definitely need a longer title for ideas', 30, 20, NULL),
(137, TIMESTAMP '2018-08-30 11:16:38.513', TIMESTAMP '2018-08-31 11:16:38.513', '0Bgq5UC0 Lorem ipsum dolor sit amet, consectetur adipiscing elit, sed do eiusmod tempor incididunt ut labore et dolore magna aliqua. Ut enim ad minim veniam, quis nostrud exercitation ullamco laboris nisi ut aliquip ex ea commodo consequat. Duis aute irure dolor in reprehenderit in voluptate velit esse cillum dolore eu fugiat nulla pariatur. Excepteur ', NULL, 0, 'Idea 100 that suggest that we definitely need a longer title for ideas', 21, 15, NULL),
(138, TIMESTAMP '2018-08-29 11:16:38.517', TIMESTAMP '2018-08-30 11:16:38.517', 'wROESvrx Lorem ipsum dolor sit amet, consectetur adipiscing elit, sed do eiusmod tempor incididunt ut labore et dolore magna aliqua. Ut enim ad minim veniam, quis nostrud exercitation ullamco laboris nisi ut aliquip ex ea commodo consequat. Duis aute irure dolor in reprehenderit in voluptate velit esse cillum dolore eu fugiat nulla pariatur. Excepteur', NULL, 0, 'Idea 101 that suggest that we definitely need a longer title for ideas', 22, 8, NULL),
(139, TIMESTAMP '2018-08-28 11:16:38.522', TIMESTAMP '2018-08-29 11:16:38.522', 'FmTfTqDX Lorem ipsum dolor sit amet', NULL, 0, 'Idea 102 that suggest that we definitely need a longer title for ideas', 23, 20, NULL),
(140, TIMESTAMP '2018-08-27 11:16:38.525', TIMESTAMP '2018-08-28 11:16:38.525', '9BDDLM5c Lorem ipsum dolor sit amet, consectetur adipiscing elit, sed do eiusmod tempor incididunt ut labore et dolore magna aliqua. Ut enim ad minim veniam, quis nostrud exercitation ullamco laboris nisi ut aliquip ex ea commodo consequat. Duis aute irure dolor in reprehenderit in voluptate velit esse cillum dolore eu fugiat nulla pariatur. Excepteur sint occaecat', NULL, 0, 'Idea 103 that suggest that we definitely need a longer title for ideas', 24, 11, NULL),
(141, TIMESTAMP '2018-08-26 11:16:38.527', TIMESTAMP '2018-08-27 11:16:38.527', 'W3A6vXvu Lorem ipsum dolor sit amet, consectetur adipiscing elit, sed do eiusmod tempor incididunt ut labore et dolore magna a', NULL, 0, 'Idea 104 that suggest that we definitely need a longer title for ideas', 25, 19, NULL),
(142, TIMESTAMP '2018-08-25 11:16:38.53', TIMESTAMP '2018-08-26 11:16:38.53', 'a5nEK5ts Lorem ipsum dolor sit amet, consectetur adipiscing elit, sed do eiusmod', NULL, 0, 'Idea 105 that suggest that we definitely need a longer title for ideas', 26, 1, NULL),
(143, TIMESTAMP '2018-08-24 11:16:38.534', TIMESTAMP '2018-08-25 11:16:38.534', 'K2uOSS7I Lorem ipsum dolor sit amet, consectetur adipiscing elit, sed do eiusmod tempor incididunt ut labore et dolore magna aliqua. Ut enim ad minim veniam, quis nostrud exercitation ullamco laboris nisi ut aliquip ex ea commodo consequat. Duis aute irure dolor in reprehenderit in voluptate velit esse cillum dolore eu fugiat nulla pariatur. Excepteur sint occaecat cupida', NULL, 0, 'Idea 106 that suggest that we definitely need a longer title for ideas', 27, 15, NULL),
(144, TIMESTAMP '2018-08-23 11:16:38.539', TIMESTAMP '2018-08-24 11:16:38.539', 'xay1scGr Lorem ipsum dolor sit amet, consectetur adipiscing elit, sed do eiusmod tempor incididunt ut labore et dolore magna aliqua. Ut enim ad minim veniam, quis nostrud exercitation ullamco laboris nisi ut aliquip e', NULL, 0, 'Idea 107 that suggest that we definitely need a longer title for ideas', 28, 14, NULL),
(145, TIMESTAMP '2018-08-22 11:16:38.545', TIMESTAMP '2018-08-23 11:16:38.545', 'JavHvXXX Lorem ipsum dolor sit amet, consectetur adipiscing elit, sed do eiusmod tempor incididunt ut labore et dolore magna aliqua. Ut enim ad minim veniam, quis n', NULL, 0, 'Idea 108 that suggest that we definitely need a longer title for ideas', 29, 8, NULL);
INSERT INTO PUBLIC.LAWS(ID, CREATED_AT, UPDATED_AT, DESCRIPTION, REACHED_QUORUM_AT, STATUS, TITLE, AREA_ID, CREATED_BY_ID, POLL_ID) VALUES
(146, TIMESTAMP '2018-08-21 11:16:38.547', TIMESTAMP '2018-08-22 11:16:38.548', '1iRZBkwH Lorem ipsum dolor sit amet, consectetur adipiscing elit, sed do eiusmod tempor incididunt ut labore et dolore magna aliqua. Ut enim ad minim veniam, quis nostrud exercitation ullamco laboris nisi ut aliquip ex ea commodo consequat. Duis aute irure dolor in reprehenderit in voluptate velit esse cillum ', NULL, 0, 'Idea 109 that suggest that we definitely need a longer title for ideas', 30, 8, NULL),
(147, TIMESTAMP '2018-08-20 11:16:38.55', TIMESTAMP '2018-08-21 11:16:38.551', 'IxipXarG Lorem ipsum dolor sit amet, consectetur adipiscing elit, sed do eiusmod tempor incididunt ut labore et dolore magna aliqua. Ut enim ad minim veniam, quis nostrud exercitation ullamco l', NULL, 0, 'Idea 110 that suggest that we definitely need a longer title for ideas', 21, 9, NULL),
(148, TIMESTAMP '2018-12-03 11:16:38.562', TIMESTAMP '2018-12-04 11:16:38.562', 'J7lClDrs Lorem ipsum dolor sit amet, consectetur adipiscing elit, sed do eiusmod tempor incididunt ut labore et dolore magna aliqua. Ut enim ad minim veniam, ', TIMESTAMP '2018-12-09 11:16:38.561', 1, 'Proposal 0 that reached its quorum', 25, 11, NULL),
(149, TIMESTAMP '2018-12-06 11:16:38.6', TIMESTAMP '2018-12-07 11:16:38.601', 'GoUhFwaI Lorem ipsum dolor sit amet, consectetur adipiscing elit, sed do eiusmod tempor incididunt ut labore et dolore magna aliqua. Ut enim ad minim veniam, quis nostrud exerci', TIMESTAMP '2018-12-09 11:16:38.599', 1, 'Proposal 1 that reached its quorum', 21, 11, NULL),
(150, TIMESTAMP '2018-12-08 11:16:38.608', TIMESTAMP '2018-12-09 11:16:38.609', '7F8ja2Yi Lorem ipsum dolor sit amet, consectetur adipiscing elit, sed do eiusmod tempor incididunt ut labore et dolore magna aliqua. Ut enim ad minim veniam, quis nostrud exercitation ullamco laboris nisi ut aliquip ex ea commodo consequat. Duis aute irure dolor ', TIMESTAMP '2018-12-09 11:16:38.607', 1, 'Proposal 2 that reached its quorum', 26, 10, NULL),
(151, TIMESTAMP '2018-12-05 11:16:38.617', TIMESTAMP '2018-12-06 11:16:38.618', 'DFCeta76 Lorem ipsum dolor sit amet, consectetur adipiscing elit, sed do eiusmod tempor incididunt ut labore et dolore magna aliqua. Ut enim ad minim veniam, quis nostrud exercitation ullamco laboris nisi ut aliquip ex ea commodo consequat. Duis aute irure dolor in reprehenderit in voluptate velit esse cillu', TIMESTAMP '2018-12-09 11:16:38.616', 1, 'Proposal 3 that reached its quorum', 29, 19, NULL),
(152, TIMESTAMP '2018-12-01 11:16:38.626', TIMESTAMP '2018-12-02 11:16:38.626', 'XyHULDaV Lorem ipsum dolor sit amet, consectetur adipiscing elit, sed do eiusmod tempor incididunt ut labore et dolore magna aliqua. Ut enim a', TIMESTAMP '2018-12-09 11:16:38.625', 1, 'Proposal 4 that reached its quorum', 30, 1, NULL),
(153, TIMESTAMP '2018-12-05 11:16:38.633', TIMESTAMP '2018-12-06 11:16:38.633', 'DScZ2Pxq Lorem ipsum dolor sit amet, consectetur adipiscing elit, sed do eiusmod tempor incididunt ut labore et dolore magna aliqua. Ut enim ad minim veniam, quis nostrud exercitation ullamco laboris nisi ut aliquip ex ea commodo consequat. Duis aute irure dolor in reprehenderit in vo', TIMESTAMP '2018-12-09 11:16:38.632', 1, 'Proposal 5 that reached its quorum', 22, 13, NULL),
(154, TIMESTAMP '2018-12-07 11:16:38.641', TIMESTAMP '2018-12-08 11:16:38.641', '9uZtYPhX Lorem ipsum dolor sit', TIMESTAMP '2018-12-09 11:16:38.639', 1, 'Proposal 6 that reached its quorum', 28, 6, NULL),
(155, TIMESTAMP '2018-12-05 11:16:38.648', TIMESTAMP '2018-12-06 11:16:38.648', 'sc6C2BM4 Lorem ipsum dolor sit amet, consectetur adipiscing elit, sed do eiusmod tempor incididunt ut labo', TIMESTAMP '2018-12-09 11:16:38.647', 1, 'Proposal 7 that reached its quorum', 27, 8, NULL),
(156, TIMESTAMP '2018-12-04 11:16:38.655', TIMESTAMP '2018-12-05 11:16:38.655', 'FzD0zb2s Lorem ipsum dolor sit amet, consectetur adipiscing elit, sed do eiusmod tempor incididunt ut labore et dolore magna aliqua. Ut enim ad minim veniam, quis nostrud exercitation ullamco laboris nisi ut aliquip ex ea commodo consequat. Duis aute irure dolor in reprehenderit in voluptate velit esse cillum dolore eu fugiat nulla pariatur. Except', TIMESTAMP '2018-12-09 11:16:38.654', 1, 'Proposal 8 that reached its quorum', 22, 1, NULL);
INSERT INTO PUBLIC.LAWS(ID, CREATED_AT, UPDATED_AT, DESCRIPTION, REACHED_QUORUM_AT, STATUS, TITLE, AREA_ID, CREATED_BY_ID, POLL_ID) VALUES
(157, TIMESTAMP '2018-11-30 11:16:38.675', TIMESTAMP '2018-12-01 11:16:38.675', 'g0ncS5cE Lorem ipsum dolor sit amet, consectetur adipiscing elit, sed do eiusmod tempor incididunt ut labore et dolore magna aliqua. Ut enim ad minim veniam, quis nostrud exercitation ullamco laboris nisi ut aliquip ex ea commodo consequat. Duis aute irure dolor ', TIMESTAMP '2018-12-09 11:16:38.674', 1, 'Proposal 9 that reached its quorum', 29, 18, NULL),
(158, TIMESTAMP '2018-12-09 11:16:38.685', TIMESTAMP '2018-12-09 11:16:38.686', 'ZDc9vk7F Lorem ipsum dolor sit amet, consectetur adipiscing elit, sed do eiusmod tempor incididunt ut labore et dolore magna aliqua. Ut enim ad minim veniam, quis nostrud exercitation ullamco laboris nisi ut aliquip ex ea commodo consequat. Duis aute irure dolor in reprehenderit in voluptate velit esse cillum dolore eu fugiat null', TIMESTAMP '2018-12-09 11:16:38.682', 1, 'Proposal 10 that reached its quorum', 21, 11, NULL),
(159, TIMESTAMP '2018-12-03 11:16:38.693', TIMESTAMP '2018-12-04 11:16:38.693', 'SA66mrw7 Lorem ipsum dolor sit amet, consectetur adipiscing elit, sed do eiusmod tempor incididunt ut labore et dolore magna aliqua. Ut enim ad minim veniam, quis nostrud exercitation ullamco laboris nisi ut aliquip ex ea commodo consequat. Duis aute irure dolor in reprehenderit in voluptate velit esse cillum ', TIMESTAMP '2018-12-09 11:16:38.692', 1, 'Proposal 11 that reached its quorum', 26, 11, NULL),
(160, TIMESTAMP '2018-12-03 11:16:38.702', TIMESTAMP '2018-12-04 11:16:38.702', 'syTrmnYU Lorem ipsum dolor sit amet, consectetur adipiscing elit, sed do eiusmod tempor incididunt ut labore et dolore magna aliqua. Ut enim ad minim veniam, quis nostrud exercitation ullamco l', TIMESTAMP '2018-12-09 11:16:38.7', 1, 'Proposal 12 that reached its quorum', 21, 9, NULL),
(161, TIMESTAMP '2018-12-08 11:16:38.71', TIMESTAMP '2018-12-09 11:16:38.71', 'wep6YXGj Lorem ipsum dolor sit amet, consectetur adipiscing elit, sed do eiusmod tempor incididunt ut labore et dolore magna aliqua. Ut enim ad minim veniam, quis nostrud exercitation ullamco laboris nisi ut aliquip ex ea commodo consequat. Duis aute irure dolor in reprehenderit in voluptate velit esse cillum dolore eu fugiat nulla pariatur. Excepteur sint occaecat cupidatat', TIMESTAMP '2018-12-09 11:16:38.708', 1, 'Proposal 13 that reached its quorum', 24, 6, NULL),
(162, TIMESTAMP '2018-12-05 11:16:38.766', TIMESTAMP '2018-12-06 11:16:38.766', 'vmfXxPiI Lorem ipsum dolor sit amet, consectetur adipiscing elit, sed do eiusmod tempor incididunt ut labore et dolore magna aliqua. Ut enim ad minim veniam, quis nostrud exercitation ullamco laboris nisi ut aliquip ex ea commodo consequat. Duis aute irure dolor in reprehenderit in volupt', TIMESTAMP '2018-12-09 11:16:38.765', 1, 'Proposal 14 that reached its quorum', 30, 20, NULL),
(163, TIMESTAMP '2018-12-06 11:16:38.784', TIMESTAMP '2018-12-07 11:16:38.784', 'LKnM7OY4 Lorem ipsum dolor sit amet, consectetur adipiscing elit, sed do eiusmod tempor incididunt ut labore et dolore magna aliqua. Ut enim ad minim veniam, quis nostrud exercitation ullamco laboris nisi ut aliquip ex ea commodo consequat. Duis aute irure dolor in reprehenderit in voluptate velit esse cillum dolore eu fugiat nulla pariatur', TIMESTAMP '2018-12-09 11:16:38.775', 1, 'Proposal 15 that reached its quorum', 22, 20, NULL),
(164, TIMESTAMP '2018-12-02 11:16:38.835', TIMESTAMP '2018-12-03 11:16:38.835', 'uJBtnTqH Lorem ipsum dolor sit amet, consectetur adipiscing elit, sed do eiusmod tempor incididunt ut labore et dolore magna aliqua. Ut enim ad minim veniam, quis nostrud', TIMESTAMP '2018-12-09 11:16:38.833', 1, 'Proposal 16 that reached its quorum', 24, 12, NULL),
(165, TIMESTAMP '2018-12-06 11:16:38.936', TIMESTAMP '2018-12-07 11:16:38.936', 'Tc8s5uX2 Lorem ipsum dolor sit amet, consectetur adipiscing elit, sed do eiusmod tempor incididunt ut labore et dolore magna aliqua. Ut enim ad minim veniam, quis nostrud exercitation ullamco laboris nisi ut aliquip ex ea commodo consequat. Duis aute irure dolor in reprehenderit in volu', TIMESTAMP '2018-12-09 11:16:38.935', 1, 'Proposal 17 that reached its quorum', 27, 5, NULL);
INSERT INTO PUBLIC.LAWS(ID, CREATED_AT, UPDATED_AT, DESCRIPTION, REACHED_QUORUM_AT, STATUS, TITLE, AREA_ID, CREATED_BY_ID, POLL_ID) VALUES
(166, TIMESTAMP '2018-12-01 11:16:38.944', TIMESTAMP '2018-12-02 11:16:38.944', 'p5576qxm Lorem ipsum dolor sit amet, consectetur adipiscing elit, sed do eiusmod tempor incididunt ut labore et dolore magna aliqua. Ut enim ad minim veniam, quis nostrud exercitation ullamco laboris nisi ut aliquip ex ea commodo consequat. Duis aute irure dolor in reprehe', TIMESTAMP '2018-12-09 11:16:38.943', 1, 'Proposal 18 that reached its quorum', 24, 8, NULL),
(167, TIMESTAMP '2018-12-03 11:16:38.951', TIMESTAMP '2018-12-04 11:16:38.951', 'MHTtOOiD Lorem ipsum dolor sit amet, consectetur adipiscing elit, sed do eiusmod tempor incididunt ut labore et dolore magna aliqua. Ut enim ad minim veniam, quis nostrud exercitation ullamco laboris nisi ut aliquip ex ea commodo consequat. Duis aute irure dolor in reprehenderit in voluptate velit esse cillum dolore eu fugiat nulla pariatur. Excepteur sint occaecat cupidatat non proident, sunt in c', TIMESTAMP '2018-12-09 11:16:38.95', 1, 'Proposal 19 that reached its quorum', 25, 7, NULL),
(168, TIMESTAMP '2018-12-02 11:16:38.958', TIMESTAMP '2018-12-03 11:16:38.959', 'HxS5nHld Lorem ipsum dolor sit amet, consectetur adipiscing elit, sed do eiusmod tempor incididunt ut labore et dolore magna aliqua. Ut enim ad minim veniam, quis nostrud exercitation ullamco laboris nisi ut aliquip ex ea commodo consequat. Duis aute irure dolor in reprehenderit in voluptate velit esse cillum dolore eu fugiat nulla pariatur. Excepteur sint occaecat cupidatat ', TIMESTAMP '2018-12-09 11:16:38.957', 1, 'Proposal 20 that reached its quorum', 21, 12, NULL),
(169, TIMESTAMP '2018-12-09 11:16:39.012', TIMESTAMP '2018-12-09 11:16:39.013', '72CuV6Js Lorem ipsum dolor sit amet, consectetur adipiscing elit, sed do eiusmod tempor incididunt ut labore et dolore magna aliqua. Ut enim ad minim veniam, quis nostrud exercitation ullamco laboris nisi ut aliquip ex ea commodo consequat. Duis aute irure dolor in reprehenderit in voluptate velit esse ci', TIMESTAMP '2018-12-09 11:16:39.011', 1, 'Proposal 21 that reached its quorum', 27, 15, NULL),
(170, TIMESTAMP '2018-12-03 11:16:39.021', TIMESTAMP '2018-12-04 11:16:39.021', 'LPdObXLR Lorem ipsum dolor sit amet, consectetur adipiscing elit, sed do eiusmod tempor incididunt ut labore et dolore magna aliqua. Ut enim ad minim veniam, quis nostrud exercitation ullamco laboris nisi ut aliquip ex ea commodo consequat', TIMESTAMP '2018-12-09 11:16:39.02', 1, 'Proposal 22 that reached its quorum', 28, 19, NULL),
(171, TIMESTAMP '2018-12-08 11:16:39.047', TIMESTAMP '2018-12-09 11:16:39.047', 'sOJW5jk6 Lorem ipsum dolor sit amet, consectetur ad', TIMESTAMP '2018-12-09 11:16:39.046', 1, 'Proposal 23 that reached its quorum', 21, 14, NULL),
(172, TIMESTAMP '2018-12-07 11:16:39.054', TIMESTAMP '2018-12-08 11:16:39.054', 'wZlA0pN6 Lorem ipsum dolor sit amet, consectetur adipiscing elit, sed do eiusmod tempor incididunt ut labore et dolore magna aliqua. Ut enim ad minim veniam, quis nostrud exercitation ullamco laboris nisi ut aliquip ex ea commodo', TIMESTAMP '2018-12-09 11:16:39.053', 1, 'Proposal 24 that reached its quorum', 26, 1, NULL),
(173, TIMESTAMP '2018-12-09 11:16:39.069', TIMESTAMP '2018-12-09 11:16:39.069', 'RcueKGlM Lorem ipsum dolor si', TIMESTAMP '2018-12-09 11:16:39.068', 1, 'Proposal 25 that reached its quorum', 25, 12, NULL),
(174, TIMESTAMP '2018-11-30 11:16:39.077', TIMESTAMP '2018-12-01 11:16:39.077', '7u87AG6g Lorem ipsum dolor sit amet, consectetur adipiscing elit, sed do eiusmod tempor incididunt ut labore et dolore magna aliqua. Ut enim ad minim veniam, quis nostrud exercitation ullamco laboris nisi ut aliquip ex ea commodo consequat. Duis aute irure dolor in reprehenderit in voluptate velit esse cillum dolore eu fugiat nulla pariatur. Exce', TIMESTAMP '2018-12-09 11:16:39.075', 1, 'Proposal 26 that reached its quorum', 27, 4, NULL),
(175, TIMESTAMP '2018-12-05 11:16:39.084', TIMESTAMP '2018-12-06 11:16:39.085', 'hyfUh1XQ Lorem ipsum dolor sit amet, consectetur adipiscing elit, sed ', TIMESTAMP '2018-12-09 11:16:39.083', 1, 'Proposal 27 that reached its quorum', 25, 15, NULL);
INSERT INTO PUBLIC.LAWS(ID, CREATED_AT, UPDATED_AT, DESCRIPTION, REACHED_QUORUM_AT, STATUS, TITLE, AREA_ID, CREATED_BY_ID, POLL_ID) VALUES
(176, TIMESTAMP '2018-12-06 11:16:39.092', TIMESTAMP '2018-12-07 11:16:39.092', 'XKYwUhR8 Lorem ipsum dolor sit amet, consectetur adipiscing elit, sed do eiusmod tempor incididunt ut labore et dolore magna aliqua. Ut enim ad minim veniam, quis nostrud exercitation ullamco laboris nisi ut aliquip ex ea commodo consequat. Duis aute irure dolor in reprehenderit in voluptate velit esse cillum dolore eu fugiat nulla pariatur. Excepteur sint occaecat cupidatat non', TIMESTAMP '2018-12-09 11:16:39.091', 1, 'Proposal 28 that reached its quorum', 28, 18, NULL),
(177, TIMESTAMP '2018-12-05 11:16:39.164', TIMESTAMP '2018-12-06 11:16:39.164', '33Woskzo Lorem ipsum dolor sit amet, consectetur adipiscing elit, sed do eiusmod tempor incididunt ut labore et dolore magna aliqua. Ut enim ad minim veniam, quis nostrud exercitation ullamco laboris nisi ut aliquip ex ea commodo consequat. Duis aute ', TIMESTAMP '2018-12-09 11:16:39.103', 1, 'Proposal 29 that reached its quorum', 29, 20, NULL),
(178, TIMESTAMP '2018-12-09 11:16:39.346', TIMESTAMP '2018-12-09 11:16:39.346', 'iNfWgpnu Lorem ipsum dolor sit amet, consec', TIMESTAMP '2018-12-09 11:16:39.345', 1, 'Proposal 30 that reached its quorum', 29, 5, NULL),
(179, TIMESTAMP '2018-12-08 11:16:39.355', TIMESTAMP '2018-12-09 11:16:39.356', 'gyPKt2Gm Lorem ipsum dolor sit amet, consectetur adipiscing elit, sed do eiusmod tempor incididunt ut labore et dolore magna aliqua. Ut enim ad minim veniam, quis nostrud exercitation ullamco laboris nisi ut aliquip ex ea commodo consequat. Duis aute irure dolo', TIMESTAMP '2018-12-09 11:16:39.353', 1, 'Proposal 31 that reached its quorum', 23, 12, NULL),
(180, TIMESTAMP '2018-12-03 11:16:39.381', TIMESTAMP '2018-12-04 11:16:39.381', 'RP7ldfOj Lorem ipsum dolor sit amet, consectetur adipiscing elit, sed do eiusmod tempor incididunt ut labore et dolore magna aliqua. ', TIMESTAMP '2018-12-09 11:16:39.38', 1, 'Proposal 32 that reached its quorum', 22, 19, NULL),
(181, TIMESTAMP '2018-12-07 11:16:39.432', TIMESTAMP '2018-12-08 11:16:39.432', 'qQpPutct Lorem ipsum dolor sit amet, consectetur adipiscing elit, sed do eiusmod tempor incididunt ut labore et dolore magna aliqua. Ut enim ad minim veniam, quis nostrud exercitation ullamco laboris nisi ut aliquip ex ea commodo consequat. Duis aute irure dolor in reprehenderit in voluptate v', TIMESTAMP '2018-12-09 11:16:39.431', 1, 'Proposal 33 that reached its quorum', 21, 20, NULL),
(182, TIMESTAMP '2018-12-06 11:16:39.446', TIMESTAMP '2018-12-07 11:16:39.447', 'dfVdE2Pi Lorem ipsum dolor sit amet, consectetur adipiscing elit, sed do eiusmod tempor incididunt ut labore et dolore magna aliqua. Ut enim ad ', TIMESTAMP '2018-12-09 11:16:39.445', 1, 'Proposal 34 that reached its quorum', 24, 2, NULL),
(183, TIMESTAMP '2018-11-30 11:16:39.488', TIMESTAMP '2018-12-01 11:16:39.488', '4FZKFEJt Lorem ipsum dolor', TIMESTAMP '2018-12-09 11:16:39.487', 1, 'Proposal 35 that reached its quorum', 29, 13, NULL),
(184, TIMESTAMP '2018-12-06 11:16:39.498', TIMESTAMP '2018-12-07 11:16:39.498', '5SUnvoK3 Lorem ipsum dolor sit amet, consectetur adipiscing el', TIMESTAMP '2018-12-09 11:16:39.496', 1, 'Proposal 36 that reached its quorum', 30, 13, NULL),
(185, TIMESTAMP '2018-12-01 11:16:39.562', TIMESTAMP '2018-12-02 11:16:39.562', 'LF8uVbfc Lorem ipsum dolor sit amet, consectetur adipiscing elit, sed do eiusmod tempor incididunt ut labore et dolore magna aliqua. Ut enim ad minim ven', TIMESTAMP '2018-12-09 11:16:39.56', 1, 'Proposal 37 that reached its quorum', 29, 2, NULL),
(186, TIMESTAMP '2018-12-03 11:16:39.574', TIMESTAMP '2018-12-04 11:16:39.574', 'XNTIM5re Lorem ipsum dolor sit amet, consectetur adipiscing', TIMESTAMP '2018-12-09 11:16:39.569', 1, 'Proposal 38 that reached its quorum', 21, 16, NULL),
(187, TIMESTAMP '2018-12-09 11:16:39.613', TIMESTAMP '2018-12-09 11:16:39.613', 'bT6Fq0ab Lorem ipsum dolor sit amet, consectetur adipiscing elit, sed do eiusmod ', TIMESTAMP '2018-12-09 11:16:39.6', 1, 'Proposal 39 that reached its quorum', 28, 12, NULL);
INSERT INTO PUBLIC.LAWS(ID, CREATED_AT, UPDATED_AT, DESCRIPTION, REACHED_QUORUM_AT, STATUS, TITLE, AREA_ID, CREATED_BY_ID, POLL_ID) VALUES
(188, TIMESTAMP '2018-12-08 11:16:39.646', TIMESTAMP '2018-12-09 11:16:39.646', '3qInDCfW Lorem ipsum dolor sit amet, consectetur adipiscing elit, sed do eiusmod tempor incididunt ut labore et dolore magna aliqua. Ut enim ad minim veniam', TIMESTAMP '2018-12-09 11:16:39.641', 1, 'Proposal 40 that reached its quorum', 21, 11, NULL),
(189, TIMESTAMP '2018-12-09 11:16:39.679', TIMESTAMP '2018-12-09 11:16:39.679', '5e5WhOwP Lorem ipsum dolor sit amet, consectetur adipiscing elit, sed do eiusmod tempor incididunt ut labore et dolore magna aliqua. Ut enim ad minim veniam, quis nostrud exercitation ullamco laboris nisi ', TIMESTAMP '2018-12-09 11:16:39.676', 1, 'Proposal 41 that reached its quorum', 28, 4, NULL),
(190, TIMESTAMP '2018-12-03 11:16:39.721', TIMESTAMP '2018-12-04 11:16:39.721', 'GNc3DMVf Lorem ipsum dolor sit amet, consectetur adipiscing elit, sed do eiusmod tempor incididunt ut labore et dolore magna ali', TIMESTAMP '2018-12-09 11:16:39.72', 1, 'Proposal 42 that reached its quorum', 28, 17, NULL),
(191, TIMESTAMP '2018-12-04 11:16:39.728', TIMESTAMP '2018-12-05 11:16:39.729', 'YvhgnqmE Lorem ipsum dolor sit amet, consectetur adipiscing elit, sed do eiusmod tempor incididunt ut labore et dolore magna aliqua. Ut enim ad minim veniam, quis nostrud exercitation ullamco laboris nisi ut aliquip ex ea commodo consequat. Duis aute irure dolor in reprehenderit in voluptate velit esse cillum dolore eu fugiat nulla pariatur. Excepteur sint occaecat cupidatat non proident, sunt in cu', TIMESTAMP '2018-12-09 11:16:39.727', 1, 'Proposal 43 that reached its quorum', 22, 7, NULL),
(192, TIMESTAMP '2018-12-06 11:16:39.736', TIMESTAMP '2018-12-07 11:16:39.736', 'xa0W3v1R Lorem ipsum dolor sit amet, consectetur adipiscing elit, sed do eiusmod tempor incididunt ut labore et dolore magna aliqua. Ut enim ad minim veniam, quis nostrud exercitation ullamco laboris nisi ut aliquip ex ea commodo consequat. Duis aute irure dolor in reprehenderit in voluptate velit esse cillum dolore eu fugiat nulla pariatur. Excepteur sint occaecat cupidatat non proident, sunt in c', TIMESTAMP '2018-12-09 11:16:39.735', 1, 'Proposal 44 that reached its quorum', 29, 13, NULL),
(193, TIMESTAMP '2018-12-01 11:16:39.75', TIMESTAMP '2018-12-02 11:16:39.75', 'gGdzmYpG Lorem ipsum dolor sit amet, consectetu', TIMESTAMP '2018-12-09 11:16:39.745', 1, 'Proposal 45 that reached its quorum', 28, 19, NULL),
(194, TIMESTAMP '2018-12-09 11:16:39.761', TIMESTAMP '2018-12-09 11:16:39.761', 'suxnSVl5 Lorem ipsum dolor sit amet, consectetur ', TIMESTAMP '2018-12-09 11:16:39.76', 1, 'Proposal 46 that reached its quorum', 26, 20, NULL),
(195, TIMESTAMP '2018-12-08 11:16:39.772', TIMESTAMP '2018-12-09 11:16:39.772', '0U4vSFEa Lorem ipsum dolor sit amet, consectetur adipiscin', TIMESTAMP '2018-12-09 11:16:39.771', 1, 'Proposal 47 that reached its quorum', 21, 6, NULL),
(196, TIMESTAMP '2018-12-08 11:16:39.782', TIMESTAMP '2018-12-09 11:16:39.782', 'NBjVNHJz Lorem ipsum dolor sit amet, consectetur adipiscing elit, sed do eiusmod tempor incididunt ut labore et dolore magna aliqua. Ut enim ad minim veniam, quis nostrud exer', TIMESTAMP '2018-12-09 11:16:39.78', 1, 'Proposal 48 that reached its quorum', 29, 6, NULL),
(197, TIMESTAMP '2018-12-05 11:16:39.789', TIMESTAMP '2018-12-06 11:16:39.789', 'XVZ7pmit Lorem ipsum dolor sit amet, consectetur adipiscing elit, sed do eiusmod tempor incididunt ut labore et dolore magna aliqua. Ut enim ad minim veniam, quis nostrud exercitation ullamco laboris nisi ut aliquip ex ea commodo consequat. Duis aute irure dolor in reprehenderit in voluptate velit esse cillum dolore eu fugiat nulla pariatur. Excepteur sint occaecat cupidatat non proident, sunt in culpa q', TIMESTAMP '2018-12-09 11:16:39.788', 1, 'Proposal 49 that reached its quorum', 22, 8, NULL),
(198, TIMESTAMP '2018-12-09 11:16:39.797', TIMESTAMP '2018-12-09 11:16:39.797', 'Lorem ipsum dolor sit amet, consectetur adipiscing elit, sed do eiusmod tempor incididunt ut labore et dolore magna aliqua. Ut enim ad minim veniam, quis nostrud exercitation ullamco laboris nisi ut aliquip e', TIMESTAMP '2018-12-09 11:16:39.796', 1, 'Proposal 0 for user testuser1@liquido.de', 23, 1, NULL);
INSERT INTO PUBLIC.LAWS(ID, CREATED_AT, UPDATED_AT, DESCRIPTION, REACHED_QUORUM_AT, STATUS, TITLE, AREA_ID, CREATED_BY_ID, POLL_ID) VALUES
(199, TIMESTAMP '2018-12-08 11:16:39.808', TIMESTAMP '2018-12-09 11:16:39.808', 'Lorem ipsum dolor sit amet, consectetur adipiscing elit, sed do eiusmod tempor incididunt ut labore et dolore magna aliqua. Ut enim ad minim veniam, quis nostrud exercitation ullamco laboris nisi ut aliquip ex ea commodo consequat. Duis aute irure dolor in reprehenderit in voluptate velit ', TIMESTAMP '2018-12-09 11:16:39.806', 1, 'Proposal 1 for user testuser1@liquido.de', 22, 1, NULL),
(200, TIMESTAMP '2018-12-05 11:16:39.876', TIMESTAMP '2018-12-06 11:16:39.876', 'Lorem ipsum dolor sit amet, consectetur adipiscing elit, sed do eiusmod tempor incididunt ut labore et dolore magna aliqua. Ut enim ad minim veniam, quis nostrud exercitation ullamco laboris nisi ut aliquip ex ea commodo consequat', TIMESTAMP '2018-12-09 11:16:39.874', 1, 'Proposal 2 for user testuser1@liquido.de', 30, 1, NULL),
(201, TIMESTAMP '2018-12-09 11:16:39.884', TIMESTAMP '2018-12-09 11:16:39.884', 'Lorem ipsum dolor sit amet, consectetur adipiscing elit, sed do eiusmod tempor incididunt ut labore et dolore magna aliqua. Ut enim ad minim veniam, quis nostrud exercitation ullamco laboris nisi ut aliquip ex ea commodo consequat. Duis aute irure dolor in reprehenderit in voluptate velit esse cillum dolore eu fugia', TIMESTAMP '2018-12-09 11:16:39.883', 1, 'Proposal 3 for user testuser1@liquido.de', 30, 1, NULL),
(202, TIMESTAMP '2018-12-02 11:16:39.905', TIMESTAMP '2018-12-03 11:16:39.905', 'Lorem ipsum dolor sit amet, consectetur adipiscing elit, sed do eiusmod tempor incididunt ut labore et dolore magna aliqua. Ut enim ad minim veniam, quis nostrud exercitation ullamco laboris nisi ut aliquip ex ea commodo consequat. Duis aute irure dolor in reprehenderit in voluptate velit es', TIMESTAMP '2018-12-09 11:16:39.902', 1, 'Proposal 4 for user testuser1@liquido.de', 26, 1, NULL),
(203, TIMESTAMP '2018-11-29 11:16:39.941', TIMESTAMP '2018-12-09 11:16:40.095', 'Lorem ipsum dolor sit amet, consectetur adipiscing elit, sed do eiusmod tempor incididunt ut labore et dolore magna aliqua. Ut enim ad minim veniam, quis nostrud exercitation ullamco laboris nisi ut aliquip ex ea commodo consequat. Duis aute irure dolor in reprehenderit in voluptate velit esse cillum dolore eu fugiat nulla pariatur. Excepte', TIMESTAMP '2018-12-09 11:16:39.936', 2, 'Initial Proposal in a poll that is in elaboration 1544350599905', 21, 13, 210),
(211, TIMESTAMP '2018-11-19 11:16:40.111', TIMESTAMP '2018-12-09 11:16:40.124', 'Lorem ipsum dolor sit amet, consectetur adipiscing elit, sed do eiusmod tempor incididunt ut labore et dolore magna aliqua. Ut enim ad minim veniam, quis nostrud exercitation ullamco laboris nisi ut aliquip ex ea commodo consequat. Duis aute irure dolor in reprehenderit in voluptate velit esse cillum dolore eu fugiat nulla pariatur. Excepteur sint occaeca', TIMESTAMP '2018-12-09 11:16:40.108', 2, 'Alternative Proposal1 in a poll that is in elaboration1544350600096', 21, 15, 210),
(218, TIMESTAMP '2018-11-19 11:16:40.133', TIMESTAMP '2018-12-09 11:16:40.306', 'Lorem ipsum dolor sit amet, consectetur adipiscing elit, sed do eiusmod tempor incididunt ut labore et dolore ', TIMESTAMP '2018-12-09 11:16:40.13', 2, 'Alternative Proposal2 in a poll that is in elaboration1544350600124', 21, 7, 210),
(225, TIMESTAMP '2018-11-19 11:16:40.316', TIMESTAMP '2018-12-09 11:16:40.325', 'Lorem ipsum dolor sit amet, consectetur adipiscing elit, sed do eiusmod tempor incididunt ut labore et dolore magna aliqua. Ut enim ad minim veniam, quis nostrud exercitation ullamco laboris nisi ut aliquip ex ea commodo consequat. Duis aute irure dolor in reprehenderit in voluptate velit esse cillum dolore eu fugiat nulla pariatur. Excep', TIMESTAMP '2018-12-09 11:16:40.315', 2, 'Alternative Proposal3 in a poll that is in elaboration1544350600306', 21, 3, 210),
(232, TIMESTAMP '2018-11-19 11:16:40.356', TIMESTAMP '2018-12-09 11:16:40.407', 'Lorem ipsum dolor sit amet, consectetur adipiscing elit, sed do eiusmod tempor incididunt ut labore et dolore', TIMESTAMP '2018-12-09 11:16:40.354', 2, 'Alternative Proposal4 in a poll that is in elaboration1544350600325', 21, 5, 210);
INSERT INTO PUBLIC.LAWS(ID, CREATED_AT, UPDATED_AT, DESCRIPTION, REACHED_QUORUM_AT, STATUS, TITLE, AREA_ID, CREATED_BY_ID, POLL_ID) VALUES
(239, TIMESTAMP '2018-11-29 11:16:40.418', TIMESTAMP '2018-12-09 11:16:40.905', 'Lorem ipsum dolor sit amet, consectetur adipiscing elit, sed do eiusmod tempor incididunt ut labore et dolore magna aliqua. Ut enim ad minim veniam, quis nostrud exercit', TIMESTAMP '2018-12-09 11:16:40.417', 3, 'Proposal 5 in voting phase 1544350600818', 21, 13, 246),
(247, TIMESTAMP '2018-11-19 11:16:40.434', TIMESTAMP '2018-12-09 11:16:40.905', 'Lorem ipsum dolor sit amet, consectetur adipiscing elit, sed do eiusmod tempor incididunt ut labore et dolore magna aliqua. Ut e', TIMESTAMP '2018-12-09 11:16:40.433', 3, 'Proposal 4 in voting phase 1544350600818', 21, 15, 246),
(254, TIMESTAMP '2018-11-19 11:16:40.643', TIMESTAMP '2018-12-09 11:16:40.905', 'Lorem ipsum dolor sit amet, consectetur adipiscing elit, sed do eiusmod tempor incididunt ut labore et dolore magna aliqua. Ut enim ad minim veniam, quis nostrud exercitation ullamco ', TIMESTAMP '2018-12-09 11:16:40.642', 3, 'Proposal 3 in voting phase 1544350600818', 21, 7, 246),
(261, TIMESTAMP '2018-11-19 11:16:40.701', TIMESTAMP '2018-12-09 11:16:40.906', 'Lorem ipsum dolor sit amet, consectetur adipiscing elit, sed do eiusmod tempor incididunt ut labore et dolore magna aliqua. Ut enim ad minim veniam, quis nostrud exercitation ullamco laboris nisi ut aliquip ex ea commodo consequat. Duis aute irure dolor in reprehenderit in voluptate velit esse cillum dolore eu fugiat nulla pariatur. Excepteur sint occaecat cupidatat non proid', TIMESTAMP '2018-12-09 11:16:40.7', 3, 'Proposal 2 in voting phase 1544350600818', 21, 3, 246),
(268, TIMESTAMP '2018-11-19 11:16:40.778', TIMESTAMP '2018-12-09 11:16:40.906', 'Lorem ipsum dolor sit amet, consectetur adipiscing elit, sed do eiusmod tempor incididunt ut labore et dolore magna aliqua. Ut enim ad minim veniam, quis nostrud exercitation ullamco laboris', TIMESTAMP '2018-12-09 11:16:40.777', 3, 'Proposal 1 in voting phase 1544350600818', 21, 5, 246),
(290, TIMESTAMP '2018-11-29 11:16:45.372', TIMESTAMP '2018-12-09 11:16:49.139', 'Lorem ipsum dolor sit amet, consectetur adipiscing elit, sed do eiusmod tempor incididunt ut labore e', TIMESTAMP '2018-12-09 11:16:45.371', 5, 'Proposal 5 in voting phase 1544350605435', 21, 13, 297),
(298, TIMESTAMP '2018-11-19 11:16:45.383', TIMESTAMP '2018-12-09 11:16:49.139', 'Lorem ipsum dolor sit amet, consectetur adipiscing elit, sed do eiusmod tempor incididunt ut labore et dolore magna aliqua. Ut enim ad minim veniam, quis nostrud exercitation ullamco laboris nisi ut aliquip ex ea commodo consequat. Duis aute irure dolor in rep', TIMESTAMP '2018-12-09 11:16:45.382', 4, 'Proposal 4 in voting phase 1544350605435', 21, 15, 297),
(305, TIMESTAMP '2018-11-19 11:16:45.394', TIMESTAMP '2018-12-09 11:16:49.14', 'Lorem ipsum dolor sit amet, consectetur adipiscing elit, sed do eiusmod tempor incididunt ut labore et dolore magna aliqua. Ut enim ad minim veniam, quis nostrud exercitation ullamco laboris nisi ut aliquip ex ea commodo consequat. Duis aute irure dolor in reprehenderit in voluptate velit esse cillum dolore eu fugiat nulla par', TIMESTAMP '2018-12-09 11:16:45.393', 5, 'Proposal 3 in voting phase 1544350605435', 21, 7, 297),
(312, TIMESTAMP '2018-11-19 11:16:45.406', TIMESTAMP '2018-12-09 11:16:49.14', 'Lorem ipsum dolor sit amet, consectetur adipiscing elit, sed do eiusmod tempor incididunt ut labore et dolore magn', TIMESTAMP '2018-12-09 11:16:45.405', 5, 'Proposal 2 in voting phase 1544350605435', 21, 3, 297),
(319, TIMESTAMP '2018-11-19 11:16:45.428', TIMESTAMP '2018-12-09 11:16:49.14', 'Lorem ipsum dolor sit amet, consectetur adipiscing elit, sed do eiusmod tempor incididunt ut labore et dolore magna aliqua. Ut enim ad minim veniam, quis nostrud exercitation ullamco laboris nisi ut aliquip ex ea commodo consequat. Duis aute irure dolor in reprehenderit in voluptate velit esse cillum dolore eu', TIMESTAMP '2018-12-09 11:16:45.427', 5, 'Proposal 1 in voting phase 1544350605435', 21, 5, 297);
INSERT INTO PUBLIC.LAWS(ID, CREATED_AT, UPDATED_AT, DESCRIPTION, REACHED_QUORUM_AT, STATUS, TITLE, AREA_ID, CREATED_BY_ID, POLL_ID) VALUES
(341, TIMESTAMP '2018-11-19 11:16:49.153', TIMESTAMP '2018-12-09 11:16:49.152', 'Lorem ipsum dolor sit amet, consectetur adipiscing elit, sed do eiusmod tempor incididunt ut labore et dolore magna aliqua. Ut enim ad minim veniam, quis nostrud exercitation ullamco laboris nisi ut aliquip ex ea commodo consequat. Duis aute irure dolor in reprehenderit in voluptate velit esse cillum dolore eu fugiat nulla pariatur. Excepteur si', TIMESTAMP '2018-11-15 11:16:49.15', 4, 'Law 0', 21, 1, NULL),
(342, TIMESTAMP '2018-11-18 11:16:49.162', TIMESTAMP '2018-12-09 11:16:49.162', 'Lorem ipsum dolor sit amet, consectetur adipiscing elit, sed do eiusmod tempor incididunt ut labore et dolore magna aliqua. Ut enim ad minim veniam, quis nostrud exercitation ullamco laboris nisi ut aliquip ex ea commodo consequat. Duis aute irure dolor in reprehe', TIMESTAMP '2018-11-15 11:16:49.161', 4, 'Law 1', 21, 1, NULL);
CREATE MEMORY TABLE PUBLIC.LAWS_COMMENTS(
LAW_MODEL_ID BIGINT NOT NULL,
COMMENTS_ID BIGINT NOT NULL
);
ALTER TABLE PUBLIC.LAWS_COMMENTS ADD CONSTRAINT PUBLIC.CONSTRAINT_A0 PRIMARY KEY(LAW_MODEL_ID, COMMENTS_ID);
-- 15 +/- SELECT COUNT(*) FROM PUBLIC.LAWS_COMMENTS;
INSERT INTO PUBLIC.LAWS_COMMENTS(LAW_MODEL_ID, COMMENTS_ID) VALUES
(203, 204),
(211, 212),
(218, 219),
(225, 226),
(232, 233),
(239, 240),
(247, 248),
(254, 255),
(261, 262),
(268, 269),
(290, 291),
(298, 299),
(305, 306),
(312, 313),
(319, 320);
CREATE MEMORY TABLE PUBLIC.LAWS_SUPPORTERS(
LAW_MODEL_ID BIGINT NOT NULL,
SUPPORTERS_ID BIGINT NOT NULL
);
ALTER TABLE PUBLIC.LAWS_SUPPORTERS ADD CONSTRAINT PUBLIC.CONSTRAINT_C PRIMARY KEY(LAW_MODEL_ID, SUPPORTERS_ID);
-- 1174 +/- SELECT COUNT(*) FROM PUBLIC.LAWS_SUPPORTERS;
INSERT INTO PUBLIC.LAWS_SUPPORTERS(LAW_MODEL_ID, SUPPORTERS_ID) VALUES
(37, 14),
(37, 6),
(37, 7),
(37, 19),
(37, 2),
(37, 1),
(37, 16),
(38, 8),
(39, 1),
(39, 14),
(39, 4),
(39, 19),
(39, 5),
(41, 7),
(41, 14),
(42, 20),
(42, 16),
(42, 17),
(42, 7),
(42, 12),
(43, 10),
(43, 2),
(44, 7),
(44, 4),
(44, 17),
(44, 8),
(44, 2),
(44, 20),
(45, 9),
(45, 15),
(45, 17),
(45, 13),
(46, 16),
(46, 3),
(47, 3),
(48, 1),
(48, 17),
(48, 7),
(49, 16),
(50, 3),
(50, 18),
(50, 12),
(50, 8),
(51, 11),
(51, 16),
(51, 19),
(51, 15),
(51, 6),
(51, 18),
(52, 11),
(52, 19),
(52, 14),
(52, 13),
(52, 15),
(52, 10),
(52, 18),
(53, 19),
(53, 5),
(53, 14),
(53, 8),
(53, 1),
(54, 4),
(54, 10),
(54, 8),
(54, 7),
(54, 1),
(55, 5),
(56, 4),
(57, 8),
(57, 14),
(57, 19),
(57, 10),
(57, 2),
(58, 10),
(58, 8),
(59, 1),
(59, 14),
(59, 7),
(59, 18),
(59, 12),
(59, 5),
(59, 17),
(60, 8),
(60, 3),
(60, 7),
(60, 13),
(60, 19),
(60, 6),
(60, 14),
(61, 14),
(61, 17),
(61, 16),
(61, 5),
(61, 3),
(62, 1),
(62, 10),
(62, 15),
(62, 11),
(62, 9),
(62, 2),
(62, 19),
(63, 6),
(63, 18),
(63, 10),
(63, 3),
(63, 1),
(63, 12),
(63, 9),
(63, 14),
(64, 18),
(64, 15),
(64, 1),
(64, 5),
(64, 6),
(65, 13),
(65, 9),
(65, 17),
(65, 6),
(65, 2),
(66, 8),
(66, 14),
(66, 11),
(66, 16),
(66, 5),
(67, 7),
(67, 15),
(67, 9),
(67, 8),
(67, 2),
(67, 20),
(67, 1),
(68, 7),
(68, 3),
(68, 16),
(68, 6),
(68, 15),
(68, 17),
(68, 20),
(68, 8),
(69, 20),
(69, 6),
(69, 7),
(69, 13),
(69, 19),
(69, 5),
(69, 8),
(69, 11),
(70, 4),
(70, 14),
(70, 6),
(70, 2),
(73, 17),
(73, 19),
(73, 2),
(73, 16),
(73, 3),
(73, 11),
(73, 6),
(73, 20),
(74, 15),
(74, 5),
(75, 19),
(76, 17),
(76, 7),
(76, 2),
(76, 9),
(76, 11),
(76, 20),
(76, 16),
(76, 4),
(77, 12),
(77, 20),
(78, 13),
(79, 2),
(80, 11),
(80, 6),
(80, 8),
(80, 16),
(80, 18),
(80, 13),
(80, 14),
(81, 6),
(81, 19),
(81, 20),
(81, 18),
(81, 11),
(81, 17),
(82, 13),
(82, 5),
(82, 1),
(82, 20),
(82, 11),
(83, 15),
(83, 11),
(83, 12),
(83, 8),
(83, 17),
(84, 11),
(85, 14),
(85, 3),
(85, 1),
(86, 13),
(86, 5),
(86, 19),
(86, 9),
(86, 2),
(87, 8),
(87, 4),
(88, 18),
(88, 9),
(88, 16),
(88, 5),
(88, 8),
(88, 2),
(90, 12),
(90, 11),
(91, 18),
(92, 19),
(92, 12),
(94, 10),
(94, 17),
(94, 16),
(94, 13),
(94, 19),
(94, 12),
(94, 20),
(94, 2),
(95, 11),
(96, 6),
(96, 2),
(96, 12),
(96, 11),
(96, 14),
(96, 1),
(96, 8),
(96, 17),
(97, 11),
(97, 19),
(97, 20),
(97, 18),
(97, 9),
(98, 3),
(98, 16),
(99, 17),
(99, 2),
(99, 6),
(99, 15),
(99, 13),
(99, 5),
(99, 12),
(100, 13),
(100, 18),
(100, 14),
(100, 8),
(100, 20),
(100, 2),
(101, 3),
(101, 7),
(102, 19),
(102, 16),
(102, 17),
(102, 1),
(102, 11),
(102, 7),
(103, 12),
(103, 9),
(103, 20),
(103, 19),
(103, 11),
(103, 17),
(104, 20),
(104, 1),
(104, 2),
(105, 19),
(105, 9),
(105, 16),
(105, 2),
(105, 13),
(105, 4),
(105, 15),
(106, 3),
(106, 2),
(106, 15),
(106, 8),
(107, 5),
(107, 13),
(107, 19),
(108, 19),
(108, 7),
(109, 11),
(109, 4),
(109, 17),
(109, 18),
(109, 14),
(109, 2),
(109, 9),
(109, 13),
(110, 10),
(110, 7),
(110, 20),
(110, 13),
(110, 9),
(110, 17),
(110, 5),
(111, 5),
(111, 8),
(111, 16),
(111, 9),
(111, 10),
(111, 13),
(111, 18),
(112, 7),
(112, 17),
(112, 9),
(112, 5),
(112, 18),
(112, 1),
(112, 19),
(113, 14),
(113, 5),
(113, 15),
(113, 18),
(114, 9),
(114, 1),
(114, 10),
(114, 8),
(114, 18),
(115, 17),
(115, 16),
(115, 14),
(115, 5),
(115, 4),
(115, 9),
(116, 6),
(116, 12),
(116, 19),
(116, 8),
(116, 16),
(116, 17),
(118, 10),
(120, 13),
(120, 2),
(122, 14),
(123, 17),
(123, 20),
(124, 18),
(124, 9),
(124, 3),
(124, 10),
(125, 6),
(125, 7),
(125, 20),
(126, 4),
(126, 6),
(126, 3),
(127, 1),
(127, 20),
(127, 17),
(127, 16),
(127, 9),
(127, 13),
(127, 8),
(127, 19),
(128, 16),
(128, 11),
(128, 17),
(128, 5),
(128, 8),
(128, 13),
(129, 9),
(129, 16),
(129, 1),
(129, 7),
(129, 19),
(129, 11),
(129, 18),
(129, 2),
(130, 7),
(130, 14),
(130, 2),
(130, 12),
(130, 10),
(130, 4),
(130, 9),
(130, 5),
(131, 16),
(131, 6),
(131, 4),
(132, 13),
(132, 18),
(134, 18),
(134, 19),
(134, 11),
(134, 12),
(134, 5),
(134, 13),
(134, 1),
(134, 10),
(136, 1),
(136, 13),
(136, 3),
(137, 6),
(137, 18),
(137, 11),
(137, 7),
(137, 1);
INSERT INTO PUBLIC.LAWS_SUPPORTERS(LAW_MODEL_ID, SUPPORTERS_ID) VALUES
(138, 18),
(138, 7),
(138, 11),
(138, 20),
(138, 15),
(139, 3),
(139, 17),
(139, 7),
(139, 16),
(139, 6),
(139, 9),
(139, 10),
(139, 19),
(140, 16),
(140, 8),
(142, 10),
(142, 12),
(142, 5),
(143, 4),
(144, 5),
(145, 10),
(145, 11),
(145, 7),
(145, 12),
(145, 20),
(145, 2),
(145, 17),
(145, 3),
(146, 13),
(146, 4),
(147, 13),
(147, 19),
(148, 2),
(148, 19),
(148, 12),
(148, 3),
(148, 8),
(148, 13),
(148, 1),
(148, 17),
(148, 9),
(148, 6),
(149, 17),
(149, 9),
(149, 3),
(149, 7),
(149, 12),
(149, 2),
(149, 20),
(149, 15),
(149, 19),
(149, 6),
(150, 11),
(150, 8),
(150, 5),
(150, 17),
(150, 1),
(150, 6),
(150, 14),
(150, 18),
(150, 15),
(150, 2),
(151, 10),
(151, 8),
(151, 6),
(151, 15),
(151, 5),
(151, 11),
(151, 14),
(151, 3),
(151, 13),
(151, 20),
(152, 20),
(152, 6),
(152, 8),
(152, 3),
(152, 4),
(152, 14),
(152, 7),
(152, 12),
(152, 10),
(152, 13),
(153, 9),
(153, 17),
(153, 20),
(153, 16),
(153, 4),
(153, 2),
(153, 5),
(153, 19),
(153, 10),
(153, 1),
(154, 16),
(154, 14),
(154, 19),
(154, 17),
(154, 7),
(154, 10),
(154, 3),
(154, 12),
(154, 4),
(154, 15),
(155, 17),
(155, 11),
(155, 5),
(155, 10),
(155, 13),
(155, 2),
(155, 9),
(155, 19),
(155, 15),
(155, 3),
(156, 18),
(156, 11),
(156, 13),
(156, 5),
(156, 15),
(156, 8),
(156, 6),
(156, 2),
(156, 9),
(156, 14),
(157, 19),
(157, 5),
(157, 10),
(157, 4),
(157, 8),
(157, 13),
(157, 20),
(157, 7),
(157, 12),
(157, 11),
(158, 18),
(158, 17),
(158, 13),
(158, 14),
(158, 3),
(158, 8),
(158, 15),
(158, 12),
(158, 9),
(158, 7),
(159, 1),
(159, 10),
(159, 17),
(159, 9),
(159, 3),
(159, 15),
(159, 18),
(159, 14),
(159, 4),
(159, 16),
(160, 19),
(160, 13),
(160, 10),
(160, 2),
(160, 5),
(160, 11),
(160, 6),
(160, 8),
(160, 14),
(160, 12),
(161, 1),
(161, 2),
(161, 15),
(161, 17),
(161, 14),
(161, 10),
(161, 11),
(161, 18),
(161, 9),
(161, 16),
(162, 1),
(162, 10),
(162, 2),
(162, 8),
(162, 4),
(162, 3),
(162, 13),
(162, 11),
(162, 9),
(162, 18),
(163, 5),
(163, 15),
(163, 13),
(163, 18),
(163, 9),
(163, 1),
(163, 2),
(163, 11),
(163, 8),
(163, 10),
(164, 5),
(164, 4),
(164, 18),
(164, 9),
(164, 11),
(164, 10),
(164, 19),
(164, 8),
(164, 1),
(164, 7),
(165, 9),
(165, 3),
(165, 11),
(165, 10),
(165, 7),
(165, 1),
(165, 8),
(165, 4),
(165, 16),
(165, 2),
(166, 7),
(166, 10),
(166, 14),
(166, 5),
(166, 11),
(166, 15),
(166, 9),
(166, 3),
(166, 16),
(166, 17),
(167, 9),
(167, 2),
(167, 11),
(167, 5),
(167, 4),
(167, 14),
(167, 17),
(167, 6),
(167, 1),
(167, 3),
(168, 1),
(168, 6),
(168, 10),
(168, 16),
(168, 2),
(168, 18),
(168, 8),
(168, 20),
(168, 19),
(168, 4),
(169, 4),
(169, 8),
(169, 10),
(169, 3),
(169, 13),
(169, 19),
(169, 20),
(169, 14),
(169, 2),
(169, 1),
(170, 17),
(170, 9),
(170, 3),
(170, 5),
(170, 15),
(170, 6),
(170, 2),
(170, 7),
(170, 10),
(170, 1),
(171, 9),
(171, 17),
(171, 6),
(171, 20),
(171, 13),
(171, 10),
(171, 12),
(171, 2),
(171, 19),
(171, 5),
(172, 14),
(172, 2),
(172, 12),
(172, 4),
(172, 20),
(172, 5),
(172, 17),
(172, 7),
(172, 19),
(172, 3),
(173, 17),
(173, 19),
(173, 6),
(173, 20),
(173, 5),
(173, 8),
(173, 1),
(173, 2),
(173, 11),
(173, 10),
(174, 2),
(174, 18),
(174, 13),
(174, 8),
(174, 19),
(174, 7),
(174, 6),
(174, 11),
(174, 16),
(174, 12),
(175, 14),
(175, 7),
(175, 1),
(175, 20),
(175, 18),
(175, 11),
(175, 12),
(175, 19),
(175, 6),
(175, 13),
(176, 12),
(176, 13),
(176, 10),
(176, 11),
(176, 20),
(176, 2),
(176, 4),
(176, 1),
(176, 16),
(176, 15),
(177, 11),
(177, 16),
(177, 9),
(177, 3),
(177, 1),
(177, 6),
(177, 14),
(177, 17),
(177, 7),
(177, 4),
(178, 1),
(178, 19),
(178, 9),
(178, 2),
(178, 20),
(178, 15),
(178, 14),
(178, 8),
(178, 3),
(178, 11),
(179, 18),
(179, 19),
(179, 13),
(179, 15),
(179, 8),
(179, 17),
(179, 3),
(179, 1),
(179, 6),
(179, 20),
(180, 9),
(180, 12),
(180, 11),
(180, 16),
(180, 18),
(180, 17),
(180, 13),
(180, 7),
(180, 2),
(180, 8),
(181, 1),
(181, 2),
(181, 18),
(181, 6),
(181, 5),
(181, 13),
(181, 15),
(181, 8),
(181, 11),
(181, 19),
(182, 9),
(182, 14),
(182, 6),
(182, 10),
(182, 11),
(182, 3),
(182, 8),
(182, 5),
(182, 1),
(182, 12),
(183, 3);
INSERT INTO PUBLIC.LAWS_SUPPORTERS(LAW_MODEL_ID, SUPPORTERS_ID) VALUES
(183, 18),
(183, 2),
(183, 8),
(183, 1),
(183, 5),
(183, 7),
(183, 9),
(183, 16),
(183, 10),
(184, 20),
(184, 11),
(184, 9),
(184, 15),
(184, 18),
(184, 17),
(184, 5),
(184, 4),
(184, 12),
(184, 3),
(185, 9),
(185, 11),
(185, 7),
(185, 6),
(185, 3),
(185, 16),
(185, 10),
(185, 4),
(185, 20),
(185, 14),
(186, 19),
(186, 11),
(186, 4),
(186, 20),
(186, 14),
(186, 13),
(186, 6),
(186, 17),
(186, 12),
(186, 2),
(187, 8),
(187, 16),
(187, 6),
(187, 19),
(187, 13),
(187, 9),
(187, 1),
(187, 11),
(187, 5),
(187, 18),
(188, 4),
(188, 15),
(188, 19),
(188, 10),
(188, 3),
(188, 2),
(188, 20),
(188, 6),
(188, 1),
(188, 14),
(189, 19),
(189, 16),
(189, 5),
(189, 17),
(189, 2),
(189, 18),
(189, 20),
(189, 12),
(189, 9),
(189, 10),
(190, 18),
(190, 12),
(190, 3),
(190, 13),
(190, 6),
(190, 11),
(190, 5),
(190, 1),
(190, 8),
(190, 9),
(191, 8),
(191, 10),
(191, 9),
(191, 14),
(191, 13),
(191, 17),
(191, 11),
(191, 3),
(191, 5),
(191, 15),
(192, 20),
(192, 18),
(192, 5),
(192, 3),
(192, 4),
(192, 7),
(192, 10),
(192, 11),
(192, 12),
(192, 14),
(193, 17),
(193, 4),
(193, 8),
(193, 12),
(193, 18),
(193, 13),
(193, 7),
(193, 14),
(193, 16),
(193, 5),
(194, 10),
(194, 2),
(194, 11),
(194, 17),
(194, 7),
(194, 5),
(194, 12),
(194, 16),
(194, 9),
(194, 4),
(195, 8),
(195, 1),
(195, 13),
(195, 3),
(195, 10),
(195, 7),
(195, 17),
(195, 18),
(195, 15),
(195, 19),
(196, 9),
(196, 16),
(196, 8),
(196, 11),
(196, 14),
(196, 19),
(196, 15),
(196, 20),
(196, 3),
(196, 2),
(197, 7),
(197, 2),
(197, 4),
(197, 6),
(197, 20),
(197, 12),
(197, 17),
(197, 1),
(197, 5),
(197, 11),
(198, 6),
(198, 5),
(198, 13),
(198, 17),
(198, 16),
(198, 14),
(198, 4),
(198, 9),
(198, 12),
(198, 19),
(199, 6),
(199, 9),
(199, 16),
(199, 2),
(199, 20),
(199, 5),
(199, 10),
(199, 8),
(199, 15),
(199, 12),
(200, 8),
(200, 12),
(200, 2),
(200, 5),
(200, 16),
(200, 7),
(200, 14),
(200, 15),
(200, 13),
(200, 3),
(201, 7),
(201, 3),
(201, 16),
(201, 20),
(201, 13),
(201, 6),
(201, 17),
(201, 9),
(201, 5),
(201, 12),
(202, 5),
(202, 2),
(202, 9),
(202, 14),
(202, 11),
(202, 16),
(202, 10),
(202, 19),
(202, 17),
(202, 12),
(203, 14),
(203, 16),
(203, 18),
(203, 4),
(203, 12),
(203, 10),
(203, 15),
(203, 17),
(203, 9),
(203, 7),
(211, 6),
(211, 9),
(211, 1),
(211, 8),
(211, 5),
(211, 3),
(211, 14),
(211, 12),
(211, 18),
(211, 19),
(218, 11),
(218, 1),
(218, 13),
(218, 19),
(218, 17),
(218, 4),
(218, 8),
(218, 3),
(218, 6),
(218, 9),
(225, 4),
(225, 10),
(225, 7),
(225, 19),
(225, 6),
(225, 18),
(225, 20),
(225, 14),
(225, 13),
(225, 17),
(232, 15),
(232, 1),
(232, 9),
(232, 2),
(232, 20),
(232, 16),
(232, 10),
(232, 14),
(232, 12),
(232, 6),
(239, 12),
(239, 17),
(239, 20),
(239, 16),
(239, 8),
(239, 9),
(239, 5),
(239, 19),
(239, 1),
(239, 11),
(247, 1),
(247, 19),
(247, 3),
(247, 9),
(247, 11),
(247, 6),
(247, 5),
(247, 12),
(247, 2),
(247, 16),
(254, 13),
(254, 3),
(254, 16),
(254, 4),
(254, 19),
(254, 6),
(254, 15),
(254, 10),
(254, 12),
(254, 5),
(261, 14),
(261, 12),
(261, 11),
(261, 18),
(261, 1),
(261, 5),
(261, 7),
(261, 17),
(261, 2),
(261, 4),
(268, 14),
(268, 3),
(268, 16),
(268, 11),
(268, 13),
(268, 12),
(268, 10),
(268, 4),
(268, 15),
(268, 18),
(290, 1),
(290, 17),
(290, 18),
(290, 20),
(290, 15),
(290, 6),
(290, 2),
(290, 8),
(290, 11),
(290, 5),
(298, 8),
(298, 1),
(298, 9),
(298, 12),
(298, 3),
(298, 4),
(298, 2),
(298, 6),
(298, 20),
(298, 13),
(305, 11),
(305, 4),
(305, 1),
(305, 19),
(305, 20),
(305, 16),
(305, 3),
(305, 14),
(305, 15),
(305, 2),
(312, 9),
(312, 1),
(312, 20),
(312, 13),
(312, 18),
(312, 12),
(312, 15),
(312, 6),
(312, 7),
(312, 19),
(319, 7),
(319, 17),
(319, 3),
(319, 15),
(319, 20),
(319, 12),
(319, 18),
(319, 9),
(319, 13),
(319, 6),
(341, 11),
(341, 8),
(341, 20),
(341, 16),
(341, 3),
(341, 14),
(341, 9),
(341, 10),
(341, 2),
(341, 4),
(341, 19),
(341, 5),
(341, 13),
(341, 12),
(341, 7),
(341, 18),
(341, 6),
(341, 17),
(342, 5),
(342, 8),
(342, 7),
(342, 12),
(342, 16),
(342, 15),
(342, 10),
(342, 6),
(342, 9),
(342, 20),
(342, 13),
(342, 11),
(342, 17),
(342, 2),
(342, 14);
INSERT INTO PUBLIC.LAWS_SUPPORTERS(LAW_MODEL_ID, SUPPORTERS_ID) VALUES
(342, 3),
(342, 4),
(342, 18);
CREATE MEMORY TABLE PUBLIC.ONE_TIME_TOKEN(
ID BIGINT NOT NULL,
CREATED_AT TIMESTAMP NOT NULL,
UPDATED_AT TIMESTAMP NOT NULL,
TOKEN VARCHAR(255) NOT NULL,
TOKEN_TYPE INTEGER NOT NULL,
VALID_UNTIL TIMESTAMP NOT NULL,
USER_ID BIGINT NOT NULL
);
ALTER TABLE PUBLIC.ONE_TIME_TOKEN ADD CONSTRAINT PUBLIC.CONSTRAINT_4 PRIMARY KEY(ID);
-- 0 +/- SELECT COUNT(*) FROM PUBLIC.ONE_TIME_TOKEN;
CREATE MEMORY TABLE PUBLIC.POLLS(
ID BIGINT NOT NULL,
CREATED_AT TIMESTAMP NOT NULL,
UPDATED_AT TIMESTAMP NOT NULL,
STATUS INTEGER,
VOTING_END_AT TIMESTAMP,
VOTING_START_AT TIMESTAMP,
WINNER_ID BIGINT
);
ALTER TABLE PUBLIC.POLLS ADD CONSTRAINT PUBLIC.CONSTRAINT_48 PRIMARY KEY(ID);
-- 3 +/- SELECT COUNT(*) FROM PUBLIC.POLLS;
INSERT INTO PUBLIC.POLLS(ID, CREATED_AT, UPDATED_AT, STATUS, VOTING_END_AT, VOTING_START_AT, WINNER_ID) VALUES
(210, TIMESTAMP '2018-12-02 11:16:40.408', TIMESTAMP '2018-12-02 11:16:40.408', 0, TIMESTAMP '2019-01-06 00:00:00', TIMESTAMP '2018-12-23 00:00:00', NULL),
(246, TIMESTAMP '2018-11-24 11:16:40.839', TIMESTAMP '2018-12-09 11:16:40.905', 1, TIMESTAMP '2018-12-22 00:00:00', TIMESTAMP '2018-12-08 11:16:40.898', NULL),
(297, TIMESTAMP '2018-12-26 04:19:36.423', TIMESTAMP '2018-12-09 11:16:49.138', 2, TIMESTAMP '2018-12-09 11:16:49.127', TIMESTAMP '2018-11-20 11:16:49.124', 298);
CREATE MEMORY TABLE PUBLIC.USERS(
ID BIGINT NOT NULL,
CREATED_AT TIMESTAMP NOT NULL,
UPDATED_AT TIMESTAMP NOT NULL,
EMAIL VARCHAR(255) NOT NULL,
MOBILEPHONE VARCHAR(255),
NAME VARCHAR(255),
PICTURE VARCHAR(255),
WEBSITE VARCHAR(255)
);
ALTER TABLE PUBLIC.USERS ADD CONSTRAINT PUBLIC.CONSTRAINT_4D PRIMARY KEY(ID);
-- 20 +/- SELECT COUNT(*) FROM PUBLIC.USERS;
INSERT INTO PUBLIC.USERS(ID, CREATED_AT, UPDATED_AT, EMAIL, MOBILEPHONE, NAME, PICTURE, WEBSITE) VALUES
(1, TIMESTAMP '2018-12-09 11:16:34.226', TIMESTAMP '2018-12-09 11:16:34.226', 'testuser1@liquido.de', '+49123451', 'Test User1', '/static/img/photos/1.png', 'http://www.liquido.de'),
(2, TIMESTAMP '2018-12-09 11:16:34.277', TIMESTAMP '2018-12-09 11:16:34.277', 'testuser2@liquido.de', '+49123452', 'Test User2', '/static/img/photos/2.png', 'http://www.liquido.de'),
(3, TIMESTAMP '2018-12-09 11:16:34.28', TIMESTAMP '2018-12-09 11:16:34.28', 'testuser3@liquido.de', '+49123453', 'Test User3', '/static/img/photos/3.png', 'http://www.liquido.de'),
(4, TIMESTAMP '2018-12-09 11:16:34.282', TIMESTAMP '2018-12-09 11:16:34.282', 'testuser4@liquido.de', '+49123454', 'Test User4', '/static/img/photos/1.png', 'http://www.liquido.de'),
(5, TIMESTAMP '2018-12-09 11:16:34.283', TIMESTAMP '2018-12-09 11:16:34.283', 'testuser5@liquido.de', '+49123455', 'Test User5', '/static/img/photos/2.png', 'http://www.liquido.de'),
(6, TIMESTAMP '2018-12-09 11:16:34.285', TIMESTAMP '2018-12-09 11:16:34.285', 'testuser6@liquido.de', '+49123456', 'Test User6', '/static/img/photos/3.png', 'http://www.liquido.de'),
(7, TIMESTAMP '2018-12-09 11:16:34.287', TIMESTAMP '2018-12-09 11:16:34.287', 'testuser7@liquido.de', '+49123457', 'Test User7', '/static/img/photos/1.png', 'http://www.liquido.de'),
(8, TIMESTAMP '2018-12-09 11:16:34.289', TIMESTAMP '2018-12-09 11:16:34.289', 'testuser8@liquido.de', '+49123458', 'Test User8', '/static/img/photos/2.png', 'http://www.liquido.de'),
(9, TIMESTAMP '2018-12-09 11:16:34.29', TIMESTAMP '2018-12-09 11:16:34.29', 'testuser9@liquido.de', '+49123459', 'Test User9', '/static/img/photos/3.png', 'http://www.liquido.de'),
(10, TIMESTAMP '2018-12-09 11:16:34.292', TIMESTAMP '2018-12-09 11:16:34.292', 'testuser10@liquido.de', '+491234510', 'Test User10', '/static/img/photos/1.png', 'http://www.liquido.de'),
(11, TIMESTAMP '2018-12-09 11:16:34.293', TIMESTAMP '2018-12-09 11:16:34.293', 'testuser11@liquido.de', '+491234511', 'Test User11', '/static/img/photos/2.png', 'http://www.liquido.de'),
(12, TIMESTAMP '2018-12-09 11:16:34.301', TIMESTAMP '2018-12-09 11:16:34.301', 'testuser12@liquido.de', '+491234512', 'Test User12', '/static/img/photos/3.png', 'http://www.liquido.de'),
(13, TIMESTAMP '2018-12-09 11:16:34.305', TIMESTAMP '2018-12-09 11:16:34.305', 'testuser13@liquido.de', '+491234513', 'Test User13', '/static/img/photos/1.png', 'http://www.liquido.de'),
(14, TIMESTAMP '2018-12-09 11:16:34.307', TIMESTAMP '2018-12-09 11:16:34.307', 'testuser14@liquido.de', '+491234514', 'Test User14', '/static/img/photos/2.png', 'http://www.liquido.de'),
(15, TIMESTAMP '2018-12-09 11:16:34.311', TIMESTAMP '2018-12-09 11:16:34.311', 'testuser15@liquido.de', '+491234515', 'Test User15', '/static/img/photos/3.png', 'http://www.liquido.de'),
(16, TIMESTAMP '2018-12-09 11:16:34.313', TIMESTAMP '2018-12-09 11:16:34.313', 'testuser16@liquido.de', '+491234516', 'Test User16', '/static/img/photos/1.png', 'http://www.liquido.de'),
(17, TIMESTAMP '2018-12-09 11:16:34.325', TIMESTAMP '2018-12-09 11:16:34.325', 'testuser17@liquido.de', '+491234517', 'Test User17', '/static/img/photos/2.png', 'http://www.liquido.de'),
(18, TIMESTAMP '2018-12-09 11:16:34.327', TIMESTAMP '2018-12-09 11:16:34.327', 'testuser18@liquido.de', '+491234518', 'Test User18', '/static/img/photos/3.png', 'http://www.liquido.de'),
(19, TIMESTAMP '2018-12-09 11:16:34.329', TIMESTAMP '2018-12-09 11:16:34.329', 'testuser19@liquido.de', '+491234519', 'Test User19', '/static/img/photos/1.png', 'http://www.liquido.de'),
(20, TIMESTAMP '2018-12-09 11:16:34.331', TIMESTAMP '2018-12-09 11:16:34.331', 'testuser20@liquido.de', '+491234520', 'Test User20', '/static/img/photos/2.png', 'http://www.liquido.de');
-- 0 +/- SELECT COUNT(*) FROM PUBLIC.QRTZ_CALENDARS;
-- 0 +/- SELECT COUNT(*) FROM PUBLIC.QRTZ_CRON_TRIGGERS;
-- 0 +/- SELECT COUNT(*) FROM PUBLIC.QRTZ_FIRED_TRIGGERS;
-- 0 +/- SELECT COUNT(*) FROM PUBLIC.QRTZ_PAUSED_TRIGGER_GRPS;
-- 0 +/- SELECT COUNT(*) FROM PUBLIC.QRTZ_SCHEDULER_STATE;
-- 1 +/- SELECT COUNT(*) FROM PUBLIC.QRTZ_LOCKS;
-- 2 +/- SELECT COUNT(*) FROM PUBLIC.QRTZ_JOB_DETAILS;
-- 2 +/- SELECT COUNT(*) FROM PUBLIC.QRTZ_SIMPLE_TRIGGERS;
-- 0 +/- SELECT COUNT(*) FROM PUBLIC.QRTZ_SIMPROP_TRIGGERS;
-- 0 +/- SELECT COUNT(*) FROM PUBLIC.QRTZ_BLOB_TRIGGERS;
-- 2 +/- SELECT COUNT(*) FROM PUBLIC.QRTZ_TRIGGERS;
ALTER TABLE PUBLIC.AREAS ADD CONSTRAINT PUBLIC.UK_P61HNJ1M450KNDUSCXOLDCHFJ UNIQUE(TITLE);
ALTER TABLE PUBLIC.USERS ADD CONSTRAINT PUBLIC.UK_6DOTKOTT2KJSP8VW4D0M25FB7 UNIQUE(EMAIL);
ALTER TABLE PUBLIC.LAWS ADD CONSTRAINT PUBLIC.UK_BS516OPV3HONTPTWVPIOOS72B UNIQUE(TITLE);
ALTER TABLE PUBLIC.DELEGATIONS ADD CONSTRAINT PUBLIC.UK2WYH7POIF8NPDWLUR8DFORD0J UNIQUE(AREA_ID, FROM_USER_ID);
ALTER TABLE PUBLIC.LAWS_COMMENTS ADD CONSTRAINT PUBLIC.UK_OF3YV6X3MAHJPHJBJE5XHRXC8 UNIQUE(COMMENTS_ID);
ALTER TABLE PUBLIC.CHECKSUMS ADD CONSTRAINT PUBLIC.UKL0XNKLNHLK4PTWSU9B0QXTYBN UNIQUE(AREA_ID, PUBLIC_PROXY_ID);
ALTER TABLE PUBLIC.KEY_VALUE ADD CONSTRAINT PUBLIC.UK_GVYP924RQ0A5Y8U3EMJS35G2Q UNIQUE(KEY);
ALTER TABLE PUBLIC.BALLOT_MODEL ADD CONSTRAINT PUBLIC.FK80AA8GKY9NQS7CS136W9JBLJ6 FOREIGN KEY(POLL_ID) REFERENCES PUBLIC.POLLS(ID) NOCHECK;
ALTER TABLE PUBLIC.AREAS ADD CONSTRAINT PUBLIC.FKP9N0U4HM2Q1O7V0068C8GD4EL FOREIGN KEY(CREATED_BY_ID) REFERENCES PUBLIC.USERS(ID) NOCHECK;
ALTER TABLE PUBLIC.DELEGATIONS ADD CONSTRAINT PUBLIC.FK1Y1R0D478R9NTDMUIYKKUHADV FOREIGN KEY(REQUESTED_DELEGATION_FROM_CHECKSUM_CHECKSUM) REFERENCES PUBLIC.CHECKSUMS(CHECKSUM) NOCHECK;
ALTER TABLE PUBLIC.DELEGATIONS ADD CONSTRAINT PUBLIC.FKSWBDEOVC7HSQ5EX30PBMDU9D4 FOREIGN KEY(AREA_ID) REFERENCES PUBLIC.AREAS(ID) NOCHECK;
ALTER TABLE PUBLIC.LAWS ADD CONSTRAINT PUBLIC.FK4QUHD81MM84X6RQ0CCBXSEYXX FOREIGN KEY(POLL_ID) REFERENCES PUBLIC.POLLS(ID) NOCHECK;
ALTER TABLE PUBLIC.LAWS_SUPPORTERS ADD CONSTRAINT PUBLIC.FK9B4I87YIKUCHRIRFJAYMGOHE3 FOREIGN KEY(LAW_MODEL_ID) REFERENCES PUBLIC.LAWS(ID) NOCHECK;
ALTER TABLE PUBLIC.COMMENTS_DOWN_VOTERS ADD CONSTRAINT PUBLIC.FK62ILAC17TG4CPKRHEONUD72HV FOREIGN KEY(DOWN_VOTERS_ID) REFERENCES PUBLIC.USERS(ID) NOCHECK;
ALTER TABLE PUBLIC.CHECKSUMS ADD CONSTRAINT PUBLIC.FKDFLPSE9FSOGY1FMFDY2W79RG FOREIGN KEY(DELEGATED_TO_CHECKSUM) REFERENCES PUBLIC.CHECKSUMS(CHECKSUM) NOCHECK;
ALTER TABLE PUBLIC.CHECKSUMS ADD CONSTRAINT PUBLIC.FK68FTLVL0MWTVOQD3BFUPP0XRG FOREIGN KEY(PUBLIC_PROXY_ID) REFERENCES PUBLIC.USERS(ID) NOCHECK;
ALTER TABLE PUBLIC.LAWS ADD CONSTRAINT PUBLIC.FKTR1PLL46Q50SHWBFFYIYUAVGN FOREIGN KEY(CREATED_BY_ID) REFERENCES PUBLIC.USERS(ID) NOCHECK;
ALTER TABLE PUBLIC.ONE_TIME_TOKEN ADD CONSTRAINT PUBLIC.FK4O21XT1RMRICB3EA4TO5NKR8D FOREIGN KEY(USER_ID) REFERENCES PUBLIC.USERS(ID) NOCHECK;
ALTER TABLE PUBLIC.COMMENTS ADD CONSTRAINT PUBLIC.FKAKKM6QFYDU7VGNFNE1YO0XMED FOREIGN KEY(CREATED_BY_ID) REFERENCES PUBLIC.USERS(ID) NOCHECK;
ALTER TABLE PUBLIC.DELEGATIONS ADD CONSTRAINT PUBLIC.FK21A6LG8FU2JS6E0JU41WJ2GQP FOREIGN KEY(TO_PROXY_ID) REFERENCES PUBLIC.USERS(ID) NOCHECK;
ALTER TABLE PUBLIC.LAWS_COMMENTS ADD CONSTRAINT PUBLIC.FK36FBKIUITRV0YRVY8S0IG46IX FOREIGN KEY(LAW_MODEL_ID) REFERENCES PUBLIC.LAWS(ID) NOCHECK;
ALTER TABLE PUBLIC.POLLS ADD CONSTRAINT PUBLIC.FKQADOVSMQ4UOK58SP9HKHWJQIS FOREIGN KEY(WINNER_ID) REFERENCES PUBLIC.LAWS(ID) NOCHECK;
ALTER TABLE PUBLIC.DELEGATIONS ADD CONSTRAINT PUBLIC.FK9KOYA2MI6T18VF7U1FROBKNIQ FOREIGN KEY(FROM_USER_ID) REFERENCES PUBLIC.USERS(ID) NOCHECK;
ALTER TABLE PUBLIC.BALLOT_MODEL_VOTE_ORDER ADD CONSTRAINT PUBLIC.FKG4WVLJWGWECJJBW58FVL0AD5X FOREIGN KEY(BALLOT_MODEL_ID) REFERENCES PUBLIC.BALLOT_MODEL(ID) NOCHECK;
ALTER TABLE PUBLIC.BALLOT_MODEL ADD CONSTRAINT PUBLIC.FKP19OJ9H53MY80XIR4TWVUE13B FOREIGN KEY(CHECKSUM_CHECKSUM) REFERENCES PUBLIC.CHECKSUMS(CHECKSUM) NOCHECK;
ALTER TABLE PUBLIC.LAWS ADD CONSTRAINT PUBLIC.FK9VIQDJ5LDUN0AHWQDFF1WUY39 FOREIGN KEY(AREA_ID) REFERENCES PUBLIC.AREAS(ID) NOCHECK;
ALTER TABLE PUBLIC.LAWS_COMMENTS ADD CONSTRAINT PUBLIC.FKFL0Y4QFVFPF9YNMMFJ0JEVXFF FOREIGN KEY(COMMENTS_ID) REFERENCES PUBLIC.COMMENTS(ID) NOCHECK;
ALTER TABLE PUBLIC.BALLOT_MODEL_VOTE_ORDER ADD CONSTRAINT PUBLIC.FKK6IWSNAFAEQQ59N0FNWN5K6DI FOREIGN KEY(VOTE_ORDER_ID) REFERENCES PUBLIC.LAWS(ID) NOCHECK;
ALTER TABLE PUBLIC.COMMENTS_UP_VOTERS ADD CONSTRAINT PUBLIC.FKEUURM027PDC4L5A9G9O2L0UYD FOREIGN KEY(UP_VOTERS_ID) REFERENCES PUBLIC.USERS(ID) NOCHECK;
ALTER TABLE PUBLIC.COMMENTS ADD CONSTRAINT PUBLIC.FKLRI30OKF66PHTCGBE5POK7CC0 FOREIGN KEY(PARENT_ID) REFERENCES PUBLIC.COMMENTS(ID) NOCHECK;
ALTER TABLE PUBLIC.COMMENTS_UP_VOTERS ADD CONSTRAINT PUBLIC.FK8LS8T571Y99VTTW1MDKEBXAGP FOREIGN KEY(COMMENT_MODEL_ID) REFERENCES PUBLIC.COMMENTS(ID) NOCHECK;
ALTER TABLE PUBLIC.LAWS_SUPPORTERS ADD CONSTRAINT PUBLIC.FKK8MVJC4RQ970OJAVYFIA9BQVE FOREIGN KEY(SUPPORTERS_ID) REFERENCES PUBLIC.USERS(ID) NOCHECK;
ALTER TABLE PUBLIC.COMMENTS_DOWN_VOTERS ADD CONSTRAINT PUBLIC.FKJYMYJ54LENHS4KE6MYQHLY72 FOREIGN KEY(COMMENT_MODEL_ID) REFERENCES PUBLIC.COMMENTS(ID) NOCHECK;
ALTER TABLE PUBLIC.CHECKSUMS ADD CONSTRAINT PUBLIC.FKLLW57XBW0D67OPTMWFMU3P2PC FOREIGN KEY(AREA_ID) REFERENCES PUBLIC.AREAS(ID) NOCHECK;
