SET DB_CLOSE_DELAY -1;
;
CREATE USER IF NOT EXISTS SA SALT '4701c664252a22fa' HASH '36c0b40548e460ac8b5fb46e76449e82f4601248cd2d1e46a26e8dec50f696ee' ADMIN;
CREATE SEQUENCE PUBLIC.HIBERNATE_SEQUENCE START WITH 387;
CREATE MEMORY TABLE PUBLIC.AREAS(
ID BIGINT NOT NULL,
CREATED_AT TIMESTAMP NOT NULL,
UPDATED_AT TIMESTAMP NOT NULL,
DESCRIPTION VARCHAR(255) NOT NULL,
TITLE VARCHAR(255) NOT NULL,
CREATED_BY_ID BIGINT NOT NULL
);
ALTER TABLE PUBLIC.AREAS ADD CONSTRAINT PUBLIC.CONSTRAINT_3 PRIMARY KEY(ID);
-- 10 +/- SELECT COUNT(*) FROM PUBLIC.AREAS;
INSERT INTO PUBLIC.AREAS(ID, CREATED_AT, UPDATED_AT, DESCRIPTION, TITLE, CREATED_BY_ID) VALUES
(21, TIMESTAMP '2019-01-04 15:53:46.53', TIMESTAMP '2019-01-04 15:53:46.53', 'Nice description for test area #0', 'Area 0', 1),
(22, TIMESTAMP '2019-01-04 15:53:46.533', TIMESTAMP '2019-01-04 15:53:46.533', 'Nice description for test area #1', 'Area 1', 1),
(23, TIMESTAMP '2019-01-04 15:53:46.535', TIMESTAMP '2019-01-04 15:53:46.535', 'Nice description for test area #2', 'Area 2', 1),
(24, TIMESTAMP '2019-01-04 15:53:46.538', TIMESTAMP '2019-01-04 15:53:46.538', 'Nice description for test area #3', 'Area 3', 1),
(25, TIMESTAMP '2019-01-04 15:53:46.54', TIMESTAMP '2019-01-04 15:53:46.54', 'Nice description for test area #4', 'Area 4', 1),
(26, TIMESTAMP '2019-01-04 15:53:46.542', TIMESTAMP '2019-01-04 15:53:46.542', 'Nice description for test area #5', 'Area 5', 1),
(27, TIMESTAMP '2019-01-04 15:53:46.544', TIMESTAMP '2019-01-04 15:53:46.544', 'Nice description for test area #6', 'Area 6', 1),
(28, TIMESTAMP '2019-01-04 15:53:46.547', TIMESTAMP '2019-01-04 15:53:46.547', 'Nice description for test area #7', 'Area 7', 1),
(29, TIMESTAMP '2019-01-04 15:53:46.549', TIMESTAMP '2019-01-04 15:53:46.549', 'Nice description for test area #8', 'Area 8', 1),
(30, TIMESTAMP '2019-01-04 15:53:46.551', TIMESTAMP '2019-01-04 15:53:46.551', 'Nice description for test area #9', 'Area 9', 1);
CREATE MEMORY TABLE PUBLIC.BALLOTS(
ID BIGINT NOT NULL,
LEVEL INTEGER NOT NULL,
VOTE_COUNT BIGINT NOT NULL,
CHECKSUM VARCHAR(255) NOT NULL,
POLL_ID BIGINT NOT NULL
);
ALTER TABLE PUBLIC.BALLOTS ADD CONSTRAINT PUBLIC.CONSTRAINT_1 PRIMARY KEY(ID);
-- 32 +/- SELECT COUNT(*) FROM PUBLIC.BALLOTS;
INSERT INTO PUBLIC.BALLOTS(ID, LEVEL, VOTE_COUNT, CHECKSUM, POLL_ID) VALUES
(317, 0, 1, '$2a$10$1IdrGrRAN2Wp3U7QI.JIzuuViLszDdeyBQZ4QNjYJJWIYI5M2O3G2', 288),
(318, 0, 1, '$2a$10$1IdrGrRAN2Wp3U7QI.JIzuDl5QTomD0jkJDoG.VH7LgF6BaMi7mUu', 288),
(319, 0, 4, '$2a$10$1IdrGrRAN2Wp3U7QI.JIzumrB8gg15WYrl/9Od2a/lKdcXxyoRqYe', 288),
(320, 0, 1, '$2a$10$1IdrGrRAN2Wp3U7QI.JIzu0U7xajdi9.MlI8tTpf7ZVQmMn3XTPaq', 288),
(321, 0, 1, '$2a$10$1IdrGrRAN2Wp3U7QI.JIzuA2amXnXPKlVvjlg62SZ08/U45S1krWS', 288),
(322, 0, 1, '$2a$10$1IdrGrRAN2Wp3U7QI.JIzuQi87d/P3rgtaiDqqegSB4vu2sByXkly', 288),
(323, 0, 2, '$2a$10$1IdrGrRAN2Wp3U7QI.JIzumF7aPaiUyhTd0m56K/SiA71ec5pLFu2', 288),
(324, 1, 1, '$2a$10$1IdrGrRAN2Wp3U7QI.JIzu9jY7URudOBmsrn4SD7Sp2bRAti6ztwK', 288),
(325, 0, 1, '$2a$10$1IdrGrRAN2Wp3U7QI.JIzuaW/fGb8Z2mJgsKxYwe5.NrtAFNxSQVS', 288),
(326, 0, 1, '$2a$10$1IdrGrRAN2Wp3U7QI.JIzuWb3cSZmVC9yx83VYQxwLFYSL5g8IoRy', 288),
(327, 0, 1, '$2a$10$1IdrGrRAN2Wp3U7QI.JIzuaXivFiTa4cwzBq6IwpHyvmd9OIEIHwW', 288),
(328, 0, 1, '$2a$10$1IdrGrRAN2Wp3U7QI.JIzuYTSKjBSu3cADo/STK5moSHUhn6NKcyS', 288),
(329, 0, 1, '$2a$10$1IdrGrRAN2Wp3U7QI.JIzuYun6DCp3DqD0HkMSxupTiHcONZRP0YC', 288),
(330, 0, 1, '$2a$10$1IdrGrRAN2Wp3U7QI.JIzuj/DUpsANoEk4usC10lyWBvgCY2jpdQ6', 288),
(331, 0, 1, '$2a$10$1IdrGrRAN2Wp3U7QI.JIzukT2e4dWh2jhcsPdh.C5JEqMyz08zCoa', 288),
(332, 0, 1, '$2a$10$1IdrGrRAN2Wp3U7QI.JIzuRe9KBAxYEu.ylAyhV50ek90rELSRGqG', 288),
(369, 0, 1, '$2a$10$1IdrGrRAN2Wp3U7QI.JIzuuViLszDdeyBQZ4QNjYJJWIYI5M2O3G2', 340),
(370, 0, 1, '$2a$10$1IdrGrRAN2Wp3U7QI.JIzuDl5QTomD0jkJDoG.VH7LgF6BaMi7mUu', 340),
(371, 0, 4, '$2a$10$1IdrGrRAN2Wp3U7QI.JIzumrB8gg15WYrl/9Od2a/lKdcXxyoRqYe', 340),
(372, 0, 1, '$2a$10$1IdrGrRAN2Wp3U7QI.JIzu0U7xajdi9.MlI8tTpf7ZVQmMn3XTPaq', 340),
(373, 0, 1, '$2a$10$1IdrGrRAN2Wp3U7QI.JIzuA2amXnXPKlVvjlg62SZ08/U45S1krWS', 340),
(374, 0, 1, '$2a$10$1IdrGrRAN2Wp3U7QI.JIzuQi87d/P3rgtaiDqqegSB4vu2sByXkly', 340),
(375, 0, 2, '$2a$10$1IdrGrRAN2Wp3U7QI.JIzumF7aPaiUyhTd0m56K/SiA71ec5pLFu2', 340),
(376, 1, 1, '$2a$10$1IdrGrRAN2Wp3U7QI.JIzu9jY7URudOBmsrn4SD7Sp2bRAti6ztwK', 340),
(377, 0, 1, '$2a$10$1IdrGrRAN2Wp3U7QI.JIzuaW/fGb8Z2mJgsKxYwe5.NrtAFNxSQVS', 340),
(378, 0, 1, '$2a$10$1IdrGrRAN2Wp3U7QI.JIzuWb3cSZmVC9yx83VYQxwLFYSL5g8IoRy', 340),
(379, 0, 1, '$2a$10$1IdrGrRAN2Wp3U7QI.JIzuaXivFiTa4cwzBq6IwpHyvmd9OIEIHwW', 340),
(380, 0, 1, '$2a$10$1IdrGrRAN2Wp3U7QI.JIzuYTSKjBSu3cADo/STK5moSHUhn6NKcyS', 340),
(381, 0, 1, '$2a$10$1IdrGrRAN2Wp3U7QI.JIzuYun6DCp3DqD0HkMSxupTiHcONZRP0YC', 340),
(382, 0, 1, '$2a$10$1IdrGrRAN2Wp3U7QI.JIzuj/DUpsANoEk4usC10lyWBvgCY2jpdQ6', 340),
(383, 0, 1, '$2a$10$1IdrGrRAN2Wp3U7QI.JIzukT2e4dWh2jhcsPdh.C5JEqMyz08zCoa', 340),
(384, 0, 1, '$2a$10$1IdrGrRAN2Wp3U7QI.JIzuRe9KBAxYEu.ylAyhV50ek90rELSRGqG', 340);
CREATE MEMORY TABLE PUBLIC.BALLOTS_VOTE_ORDER(
BALLOT_MODEL_ID BIGINT NOT NULL,
VOTE_ORDER_ID BIGINT NOT NULL,
VOTE_ORDER_ORDER INTEGER NOT NULL
);
ALTER TABLE PUBLIC.BALLOTS_VOTE_ORDER ADD CONSTRAINT PUBLIC.CONSTRAINT_5 PRIMARY KEY(BALLOT_MODEL_ID, VOTE_ORDER_ORDER);
-- 141 +/- SELECT COUNT(*) FROM PUBLIC.BALLOTS_VOTE_ORDER;
INSERT INTO PUBLIC.BALLOTS_VOTE_ORDER(BALLOT_MODEL_ID, VOTE_ORDER_ID, VOTE_ORDER_ORDER) VALUES
(317, 281, 0),
(317, 289, 1),
(317, 310, 2),
(318, 281, 0),
(318, 289, 1),
(318, 296, 2),
(318, 303, 3),
(318, 310, 4),
(319, 303, 0),
(319, 310, 1),
(319, 281, 2),
(319, 289, 3),
(323, 310, 0),
(323, 303, 1),
(323, 296, 2),
(323, 289, 3),
(323, 281, 4),
(324, 310, 0),
(324, 303, 1),
(324, 296, 2),
(324, 289, 3),
(324, 281, 4),
(325, 303, 0),
(325, 281, 1),
(325, 310, 2),
(325, 296, 3),
(325, 289, 4),
(320, 281, 0),
(320, 296, 1),
(320, 289, 2),
(321, 281, 0),
(321, 289, 1),
(321, 296, 2),
(321, 303, 3),
(326, 281, 0),
(326, 289, 1),
(326, 296, 2),
(326, 303, 3),
(326, 310, 4),
(327, 296, 0),
(327, 303, 1),
(327, 310, 2),
(327, 281, 3),
(328, 303, 0),
(328, 289, 1),
(328, 310, 2),
(328, 281, 3),
(329, 310, 0),
(329, 296, 1),
(329, 303, 2),
(329, 281, 3),
(329, 289, 4),
(330, 303, 0),
(330, 296, 1),
(330, 310, 2),
(330, 289, 3),
(330, 281, 4),
(331, 303, 0),
(331, 310, 1),
(331, 296, 2),
(331, 281, 3),
(331, 289, 4),
(332, 310, 0),
(332, 303, 1),
(332, 289, 2),
(322, 310, 0),
(322, 303, 1),
(322, 289, 2),
(322, 296, 3),
(322, 281, 4),
(369, 362, 0),
(369, 355, 1),
(369, 333, 2),
(370, 355, 0),
(370, 333, 1),
(370, 341, 2),
(370, 362, 3),
(370, 348, 4),
(371, 333, 0),
(371, 355, 1),
(371, 348, 2),
(371, 341, 3),
(375, 362, 0),
(375, 355, 1),
(375, 348, 2),
(375, 333, 3),
(375, 341, 4),
(376, 362, 0),
(376, 355, 1),
(376, 348, 2),
(376, 333, 3),
(376, 341, 4),
(377, 348, 0),
(377, 355, 1),
(377, 341, 2),
(377, 333, 3),
(377, 362, 4),
(372, 355, 0),
(372, 341, 1),
(372, 362, 2),
(372, 333, 3),
(372, 348, 4),
(373, 355, 0),
(373, 341, 1),
(373, 333, 2),
(373, 362, 3),
(373, 348, 4),
(378, 355, 0),
(378, 362, 1),
(378, 348, 2),
(379, 362, 0),
(379, 355, 1),
(379, 333, 2),
(379, 341, 3),
(379, 348, 4),
(380, 355, 0),
(380, 333, 1),
(380, 362, 2),
(380, 348, 3),
(381, 362, 0),
(381, 348, 1),
(381, 333, 2),
(381, 341, 3),
(382, 348, 0),
(382, 355, 1),
(382, 333, 2),
(382, 362, 3),
(383, 362, 0),
(383, 355, 1),
(383, 333, 2),
(383, 348, 3),
(383, 341, 4),
(384, 341, 0),
(384, 355, 1),
(384, 362, 2),
(384, 333, 3),
(384, 348, 4),
(374, 341, 0),
(374, 348, 1),
(374, 355, 2),
(374, 362, 3);
CREATE MEMORY TABLE PUBLIC.CHECKSUMS(
CHECKSUM VARCHAR(255) NOT NULL,
EXPIRES_AT TIMESTAMP,
TRANSITIVE BOOLEAN NOT NULL,
AREA_ID BIGINT,
DELEGATED_TO_CHECKSUM VARCHAR(255),
PUBLIC_PROXY_ID BIGINT
);
ALTER TABLE PUBLIC.CHECKSUMS ADD CONSTRAINT PUBLIC.CONSTRAINT_B PRIMARY KEY(CHECKSUM);
-- 18 +/- SELECT COUNT(*) FROM PUBLIC.CHECKSUMS;
INSERT INTO PUBLIC.CHECKSUMS(CHECKSUM, EXPIRES_AT, TRANSITIVE, AREA_ID, DELEGATED_TO_CHECKSUM, PUBLIC_PROXY_ID) VALUES
('$2a$10$1IdrGrRAN2Wp3U7QI.JIzueyGOu7FMMyyMJw3bvzEU2elpOrru8sy', TIMESTAMP '2019-01-05 15:53:50.256', TRUE, 21, NULL, 1),
('$2a$10$1IdrGrRAN2Wp3U7QI.JIzu9jY7URudOBmsrn4SD7Sp2bRAti6ztwK', TIMESTAMP '2019-01-05 15:53:52.158', TRUE, 21, '$2a$10$1IdrGrRAN2Wp3U7QI.JIzumF7aPaiUyhTd0m56K/SiA71ec5pLFu2', 6),
('$2a$10$1IdrGrRAN2Wp3U7QI.JIzuIvB5fBvUb/y3tpzb1Xahzu9k87H3HZ.', TIMESTAMP '2019-01-05 15:53:52.323', TRUE, 21, '$2a$10$1IdrGrRAN2Wp3U7QI.JIzueyGOu7FMMyyMJw3bvzEU2elpOrru8sy', 4),
('$2a$10$1IdrGrRAN2Wp3U7QI.JIzuuViLszDdeyBQZ4QNjYJJWIYI5M2O3G2', TIMESTAMP '2019-01-05 15:54:00.941', TRUE, 21, NULL, 13),
('$2a$10$1IdrGrRAN2Wp3U7QI.JIzuDl5QTomD0jkJDoG.VH7LgF6BaMi7mUu', TIMESTAMP '2019-01-05 15:54:01.175', TRUE, 21, NULL, 15),
('$2a$10$1IdrGrRAN2Wp3U7QI.JIzumrB8gg15WYrl/9Od2a/lKdcXxyoRqYe', TIMESTAMP '2019-01-05 15:54:01.415', TRUE, 21, '$2a$10$1IdrGrRAN2Wp3U7QI.JIzuIvB5fBvUb/y3tpzb1Xahzu9k87H3HZ.', 7),
('$2a$10$1IdrGrRAN2Wp3U7QI.JIzumF7aPaiUyhTd0m56K/SiA71ec5pLFu2', TIMESTAMP '2019-01-05 15:54:01.66', TRUE, 21, '$2a$10$1IdrGrRAN2Wp3U7QI.JIzueyGOu7FMMyyMJw3bvzEU2elpOrru8sy', 3),
('$2a$10$1IdrGrRAN2Wp3U7QI.JIzuaW/fGb8Z2mJgsKxYwe5.NrtAFNxSQVS', TIMESTAMP '2019-01-05 15:54:01.899', TRUE, 21, NULL, 5),
('$2a$10$1IdrGrRAN2Wp3U7QI.JIzu0U7xajdi9.MlI8tTpf7ZVQmMn3XTPaq', TIMESTAMP '2019-01-05 15:54:02.142', TRUE, 21, '$2a$10$1IdrGrRAN2Wp3U7QI.JIzumrB8gg15WYrl/9Od2a/lKdcXxyoRqYe', 10),
('$2a$10$1IdrGrRAN2Wp3U7QI.JIzuA2amXnXPKlVvjlg62SZ08/U45S1krWS', TIMESTAMP '2019-01-05 15:54:02.383', TRUE, 21, '$2a$10$1IdrGrRAN2Wp3U7QI.JIzumrB8gg15WYrl/9Od2a/lKdcXxyoRqYe', 11),
('$2a$10$1IdrGrRAN2Wp3U7QI.JIzuWb3cSZmVC9yx83VYQxwLFYSL5g8IoRy', TIMESTAMP '2019-01-05 15:54:02.624', TRUE, 21, '$2a$10$1IdrGrRAN2Wp3U7QI.JIzueyGOu7FMMyyMJw3bvzEU2elpOrru8sy', NULL),
('$2a$10$1IdrGrRAN2Wp3U7QI.JIzuaXivFiTa4cwzBq6IwpHyvmd9OIEIHwW', TIMESTAMP '2019-01-05 15:54:02.858', TRUE, 21, NULL, 9),
('$2a$10$1IdrGrRAN2Wp3U7QI.JIzuYTSKjBSu3cADo/STK5moSHUhn6NKcyS', TIMESTAMP '2019-01-05 15:54:03.1', TRUE, 21, NULL, 16),
('$2a$10$1IdrGrRAN2Wp3U7QI.JIzuYun6DCp3DqD0HkMSxupTiHcONZRP0YC', TIMESTAMP '2019-01-05 15:54:03.333', TRUE, 21, NULL, 20),
('$2a$10$1IdrGrRAN2Wp3U7QI.JIzuj/DUpsANoEk4usC10lyWBvgCY2jpdQ6', TIMESTAMP '2019-01-05 15:54:03.568', TRUE, 21, NULL, 18),
('$2a$10$1IdrGrRAN2Wp3U7QI.JIzukT2e4dWh2jhcsPdh.C5JEqMyz08zCoa', TIMESTAMP '2019-01-05 15:54:03.803', TRUE, 21, NULL, 14),
('$2a$10$1IdrGrRAN2Wp3U7QI.JIzuRe9KBAxYEu.ylAyhV50ek90rELSRGqG', TIMESTAMP '2019-01-05 15:54:04.036', TRUE, 21, NULL, 19),
('$2a$10$1IdrGrRAN2Wp3U7QI.JIzuQi87d/P3rgtaiDqqegSB4vu2sByXkly', TIMESTAMP '2019-01-05 15:54:04.271', FALSE, 21, '$2a$10$1IdrGrRAN2Wp3U7QI.JIzumrB8gg15WYrl/9Od2a/lKdcXxyoRqYe', 12);
CREATE MEMORY TABLE PUBLIC.COMMENTS(
ID BIGINT NOT NULL,
CREATED_AT TIMESTAMP NOT NULL,
UPDATED_AT TIMESTAMP NOT NULL,
COMMENT VARCHAR(255) NOT NULL,
CREATED_BY_ID BIGINT NOT NULL,
PARENT_ID BIGINT
);
ALTER TABLE PUBLIC.COMMENTS ADD CONSTRAINT PUBLIC.CONSTRAINT_A PRIMARY KEY(ID);
-- 120 +/- SELECT COUNT(*) FROM PUBLIC.COMMENTS;
INSERT INTO PUBLIC.COMMENTS(ID, CREATED_AT, UPDATED_AT, COMMENT, CREATED_BY_ID, PARENT_ID) VALUES
(208, TIMESTAMP '2019-01-04 15:53:54.644', TIMESTAMP '2019-01-04 15:53:54.644', 'Comment on root level. I really like this idea, but needs to be improved.', 17, NULL),
(209, TIMESTAMP '2019-01-04 15:53:54.648', TIMESTAMP '2019-01-04 15:53:54.648', 'Reply 0 Lorem ipsum dolor sit amet, consectetur adipiscing elit, sed do eiusmod', 18, 208),
(210, TIMESTAMP '2019-01-04 15:53:54.649', TIMESTAMP '2019-01-04 15:53:54.649', 'Reply 1 Lorem ipsum dolor sit amet, consectetur adipiscing elit, ', 6, 208),
(211, TIMESTAMP '2019-01-04 15:53:54.65', TIMESTAMP '2019-01-04 15:53:54.65', 'Reply 2 Lorem ipsum dolor sit amet, consect', 2, 208),
(212, TIMESTAMP '2019-01-04 15:53:54.652', TIMESTAMP '2019-01-04 15:53:54.652', 'Reply 3 Lorem ipsum dolor sit amet, consectetur adipiscing elit, sed do eiusmod tempor ', 13, 208),
(213, TIMESTAMP '2019-01-04 15:53:54.653', TIMESTAMP '2019-01-04 15:53:54.653', 'Reply 4 Lorem ipsum dolor sit amet, consect', 17, 208),
(218, TIMESTAMP '2019-01-04 15:53:54.687', TIMESTAMP '2019-01-04 15:53:54.687', 'Comment on root level. I really like this idea, but needs to be improved.', 2, NULL),
(219, TIMESTAMP '2019-01-04 15:53:54.689', TIMESTAMP '2019-01-04 15:53:54.689', 'Reply 0 Lorem ipsum dolor sit amet, co', 9, 218),
(220, TIMESTAMP '2019-01-04 15:53:54.69', TIMESTAMP '2019-01-04 15:53:54.69', 'Reply 1 Lorem ipsum dolor sit amet, consectetur adipiscing elit, sed do e', 6, 218),
(221, TIMESTAMP '2019-01-04 15:53:54.69', TIMESTAMP '2019-01-04 15:53:54.69', 'Reply 2 Lorem ipsum dol', 20, 218),
(222, TIMESTAMP '2019-01-04 15:53:54.691', TIMESTAMP '2019-01-04 15:53:54.691', 'Reply 3 Lorem ipsum dolor sit amet, consectetur adipiscing elit, sed do', 11, 218),
(223, TIMESTAMP '2019-01-04 15:53:54.692', TIMESTAMP '2019-01-04 15:53:54.692', 'Reply 4 Lorem ipsum dolor sit amet, consectetur adipiscing elit, sed do eiusmod t', 19, 218),
(225, TIMESTAMP '2019-01-04 15:53:54.71', TIMESTAMP '2019-01-04 15:53:54.71', 'Comment on root level. I really like this idea, but needs to be improved.', 18, NULL),
(226, TIMESTAMP '2019-01-04 15:53:54.711', TIMESTAMP '2019-01-04 15:53:54.711', 'Reply 0 Lorem ipsum dolor sit amet, ', 19, 225),
(227, TIMESTAMP '2019-01-04 15:53:54.712', TIMESTAMP '2019-01-04 15:53:54.712', 'Reply 1 Lorem ipsum dolor sit amet, consectetur adipiscing elit, sed do eiusmod t', 6, 225),
(228, TIMESTAMP '2019-01-04 15:53:54.713', TIMESTAMP '2019-01-04 15:53:54.713', 'Reply 2 Lorem ipsum dolor sit amet, consectetur adipiscing elit, sed do eiusmod tempor incididunt ut labor', 16, 225),
(229, TIMESTAMP '2019-01-04 15:53:54.714', TIMESTAMP '2019-01-04 15:53:54.714', 'Reply 3 Lorem ipsum dolor sit amet, consectetur a', 10, 225),
(230, TIMESTAMP '2019-01-04 15:53:54.715', TIMESTAMP '2019-01-04 15:53:54.715', 'Reply 4 Lorem ipsum dolor sit amet, consectetur adipiscing elit, sed do eiusmod tempor inci', 7, 225),
(232, TIMESTAMP '2019-01-04 15:53:54.735', TIMESTAMP '2019-01-04 15:53:54.735', 'Comment on root level. I really like this idea, but needs to be improved.', 20, NULL),
(233, TIMESTAMP '2019-01-04 15:53:54.736', TIMESTAMP '2019-01-04 15:53:54.736', 'Reply 0 Lorem ipsum dolor sit amet, cons', 5, 232),
(234, TIMESTAMP '2019-01-04 15:53:54.737', TIMESTAMP '2019-01-04 15:53:54.737', 'Reply 1 Lorem ipsum dolor s', 18, 232),
(235, TIMESTAMP '2019-01-04 15:53:54.738', TIMESTAMP '2019-01-04 15:53:54.738', 'Reply 2 Lorem ipsum dolor sit amet, consectetur adipiscing elit, sed do eiusmod tempor incididunt ut labore', 14, 232),
(236, TIMESTAMP '2019-01-04 15:53:54.74', TIMESTAMP '2019-01-04 15:53:54.74', 'Reply 3 Lorem ipsum dolor sit amet, consectetur adipiscing e', 7, 232),
(237, TIMESTAMP '2019-01-04 15:53:54.741', TIMESTAMP '2019-01-04 15:53:54.741', 'Reply 4 Lorem ipsum dolor sit amet, consectetur adipiscing elit,', 13, 232),
(239, TIMESTAMP '2019-01-04 15:53:54.761', TIMESTAMP '2019-01-04 15:53:54.761', 'Comment on root level. I really like this idea, but needs to be improved.', 4, NULL),
(240, TIMESTAMP '2019-01-04 15:53:54.762', TIMESTAMP '2019-01-04 15:53:54.762', 'Reply 0 Lorem ipsum dol', 19, 239);
INSERT INTO PUBLIC.COMMENTS(ID, CREATED_AT, UPDATED_AT, COMMENT, CREATED_BY_ID, PARENT_ID) VALUES
(241, TIMESTAMP '2019-01-04 15:53:54.763', TIMESTAMP '2019-01-04 15:53:54.763', 'Reply 1 Lorem ipsum dolor ', 15, 239),
(242, TIMESTAMP '2019-01-04 15:53:54.764', TIMESTAMP '2019-01-04 15:53:54.764', 'Reply 2 Lorem ipsum dolor sit amet, consectetur adipiscing elit, sed do eiusmod tempor inc', 1, 239),
(243, TIMESTAMP '2019-01-04 15:53:54.765', TIMESTAMP '2019-01-04 15:53:54.765', 'Reply 3 Lorem ipsum dolor sit amet', 8, 239),
(244, TIMESTAMP '2019-01-04 15:53:54.766', TIMESTAMP '2019-01-04 15:53:54.766', 'Reply 4 Lorem ipsum dolor sit amet, consectetur adipiscing elit, sed do eiusmod tempor incididunt ', 7, 239),
(246, TIMESTAMP '2019-01-04 15:53:54.787', TIMESTAMP '2019-01-04 15:53:54.787', 'Comment on root level. I really like this idea, but needs to be improved.', 12, NULL),
(247, TIMESTAMP '2019-01-04 15:53:54.788', TIMESTAMP '2019-01-04 15:53:54.788', 'Reply 0 Lorem ipsum', 11, 246),
(248, TIMESTAMP '2019-01-04 15:53:54.789', TIMESTAMP '2019-01-04 15:53:54.789', 'Reply 1 Lorem ipsum dolor sit amet, consectetur adipiscing elit, sed do eiusmod tempor incididunt ut ', 5, 246),
(249, TIMESTAMP '2019-01-04 15:53:54.79', TIMESTAMP '2019-01-04 15:53:54.79', 'Reply 2 Lorem ipsum dolor sit amet, consectetur adipiscing elit, s', 15, 246),
(250, TIMESTAMP '2019-01-04 15:53:54.791', TIMESTAMP '2019-01-04 15:53:54.791', 'Reply 3 Lorem ipsum dolor sit amet, consectetur adipisc', 6, 246),
(251, TIMESTAMP '2019-01-04 15:53:54.792', TIMESTAMP '2019-01-04 15:53:54.792', 'Reply 4 Lorem ipsum dolor sit amet, consectetur adipiscing elit, sed do eiusmod tempor inc', 5, 246),
(254, TIMESTAMP '2019-01-04 15:53:54.809', TIMESTAMP '2019-01-04 15:53:54.809', 'Comment on root level. I really like this idea, but needs to be improved.', 3, NULL),
(255, TIMESTAMP '2019-01-04 15:53:54.81', TIMESTAMP '2019-01-04 15:53:54.81', 'Reply 0 Lorem ipsum dolor sit amet, consectetur adipiscing elit, sed do ei', 18, 254),
(256, TIMESTAMP '2019-01-04 15:53:54.81', TIMESTAMP '2019-01-04 15:53:54.81', 'Reply 1 Lorem ipsum dolor sit amet, consectetur adipiscing elit, sed do eiusmod tempor incididunt ut', 5, 254),
(257, TIMESTAMP '2019-01-04 15:53:54.811', TIMESTAMP '2019-01-04 15:53:54.811', 'Reply 2 Lorem ipsum dol', 7, 254),
(258, TIMESTAMP '2019-01-04 15:53:54.812', TIMESTAMP '2019-01-04 15:53:54.812', 'Reply 3 Lorem ipsum dolor sit ', 2, 254),
(259, TIMESTAMP '2019-01-04 15:53:54.813', TIMESTAMP '2019-01-04 15:53:54.813', 'Reply 4 Lorem ipsum dolor sit amet, consectetur adipiscing el', 13, 254),
(261, TIMESTAMP '2019-01-04 15:53:54.85', TIMESTAMP '2019-01-04 15:53:54.85', 'Comment on root level. I really like this idea, but needs to be improved.', 8, NULL),
(262, TIMESTAMP '2019-01-04 15:53:54.855', TIMESTAMP '2019-01-04 15:53:54.855', 'Reply 0 Lorem ipsum dolor sit amet, c', 13, 261),
(263, TIMESTAMP '2019-01-04 15:53:54.857', TIMESTAMP '2019-01-04 15:53:54.857', 'Reply 1 Lorem ipsum dolor sit amet, consectetur adipiscing elit, sed do eiusm', 9, 261),
(264, TIMESTAMP '2019-01-04 15:53:54.858', TIMESTAMP '2019-01-04 15:53:54.858', 'Reply 2 Lorem ipsum dolor sit amet, consectetur adipiscing elit, sed do ', 4, 261),
(265, TIMESTAMP '2019-01-04 15:53:54.859', TIMESTAMP '2019-01-04 15:53:54.859', 'Reply 3 Lorem ipsum dolor sit amet, consectetur adi', 12, 261),
(266, TIMESTAMP '2019-01-04 15:53:54.862', TIMESTAMP '2019-01-04 15:53:54.862', 'Reply 4 Lorem ipsum dolor sit amet, consectetur adipiscing elit, sed do eiu', 1, 261),
(268, TIMESTAMP '2019-01-04 15:53:54.885', TIMESTAMP '2019-01-04 15:53:54.885', 'Comment on root level. I really like this idea, but needs to be improved.', 18, NULL),
(269, TIMESTAMP '2019-01-04 15:53:54.886', TIMESTAMP '2019-01-04 15:53:54.886', 'Reply 0 Lorem ipsum dolor sit amet, consectetur adipiscing elit, sed do eiusmod tempor incididunt ut lab', 3, 268),
(270, TIMESTAMP '2019-01-04 15:53:54.888', TIMESTAMP '2019-01-04 15:53:54.888', 'Reply 1 Lorem ipsum dolor sit amet, consectetur adipiscing elit, sed do ei', 6, 268),
(271, TIMESTAMP '2019-01-04 15:53:54.889', TIMESTAMP '2019-01-04 15:53:54.889', 'Reply 2 Lorem ipsum dolor sit amet, consectetur adipiscing elit, sed do eiu', 1, 268);
INSERT INTO PUBLIC.COMMENTS(ID, CREATED_AT, UPDATED_AT, COMMENT, CREATED_BY_ID, PARENT_ID) VALUES
(272, TIMESTAMP '2019-01-04 15:53:54.891', TIMESTAMP '2019-01-04 15:53:54.891', 'Reply 3 Lorem ipsum dolor sit amet, consectetur adipiscing elit, sed do eiusmod tempor incididunt ', 10, 268),
(273, TIMESTAMP '2019-01-04 15:53:54.892', TIMESTAMP '2019-01-04 15:53:54.892', 'Reply 4 Lorem ipsum dol', 6, 268),
(275, TIMESTAMP '2019-01-04 15:53:54.926', TIMESTAMP '2019-01-04 15:53:54.926', 'Comment on root level. I really like this idea, but needs to be improved.', 11, NULL),
(276, TIMESTAMP '2019-01-04 15:53:54.927', TIMESTAMP '2019-01-04 15:53:54.927', 'Reply 0 Lorem ipsum dolor sit amet, consectetur adipiscing elit, sed do', 17, 275),
(277, TIMESTAMP '2019-01-04 15:53:54.93', TIMESTAMP '2019-01-04 15:53:54.93', 'Reply 1 Lorem ipsum dolor s', 15, 275),
(278, TIMESTAMP '2019-01-04 15:53:54.931', TIMESTAMP '2019-01-04 15:53:54.931', 'Reply 2 Lorem ipsum dolor sit amet, consectetur adipiscing elit, sed do eiusmod tempor incididunt ut labo', 20, 275),
(279, TIMESTAMP '2019-01-04 15:53:54.932', TIMESTAMP '2019-01-04 15:53:54.932', 'Reply 3 Lorem ipsum dolor s', 18, 275),
(280, TIMESTAMP '2019-01-04 15:53:54.933', TIMESTAMP '2019-01-04 15:53:54.933', 'Reply 4 Lorem ipsum dolor sit amet, consectetur adipiscing elit, sed do eiusmod tempor incididunt ut labo', 5, 275),
(282, TIMESTAMP '2019-01-04 15:53:55', TIMESTAMP '2019-01-04 15:53:55', 'Comment on root level. I really like this idea, but needs to be improved.', 14, NULL),
(283, TIMESTAMP '2019-01-04 15:53:55.001', TIMESTAMP '2019-01-04 15:53:55.001', 'Reply 0 Lorem ipsum dolor sit amet, consectetur adipiscing elit, sed do eiusmod tempor incididunt ut lab', 13, 282),
(284, TIMESTAMP '2019-01-04 15:53:55.001', TIMESTAMP '2019-01-04 15:53:55.001', 'Reply 1 Lorem ipsum dolor sit amet, consectetur adipiscing elit, sed do eiusmod tempor incid', 13, 282),
(285, TIMESTAMP '2019-01-04 15:53:55.002', TIMESTAMP '2019-01-04 15:53:55.002', 'Reply 2 Lorem ipsum dolor sit amet, consectetur adipiscing e', 2, 282),
(286, TIMESTAMP '2019-01-04 15:53:55.003', TIMESTAMP '2019-01-04 15:53:55.003', 'Reply 3 Lorem ipsum dolor sit amet', 19, 282),
(287, TIMESTAMP '2019-01-04 15:53:55.004', TIMESTAMP '2019-01-04 15:53:55.004', 'Reply 4 Lorem ipsum dolor sit ', 17, 282),
(290, TIMESTAMP '2019-01-04 15:53:55.021', TIMESTAMP '2019-01-04 15:53:55.021', 'Comment on root level. I really like this idea, but needs to be improved.', 18, NULL),
(291, TIMESTAMP '2019-01-04 15:53:55.021', TIMESTAMP '2019-01-04 15:53:55.021', 'Reply 0 Lorem ipsum dolor sit amet, consectetur adipis', 17, 290),
(292, TIMESTAMP '2019-01-04 15:53:55.022', TIMESTAMP '2019-01-04 15:53:55.022', 'Reply 1 Lorem ipsum dolor sit amet, consectetur adipiscing elit, sed do e', 14, 290),
(293, TIMESTAMP '2019-01-04 15:53:55.023', TIMESTAMP '2019-01-04 15:53:55.023', 'Reply 2 Lorem ipsum dolor sit amet, consectetur adipisci', 2, 290),
(294, TIMESTAMP '2019-01-04 15:53:55.024', TIMESTAMP '2019-01-04 15:53:55.024', 'Reply 3 Lorem ipsum dolor sit amet, consectetur adipiscing elit, sed do eiusmod tempor in', 15, 290),
(295, TIMESTAMP '2019-01-04 15:53:55.025', TIMESTAMP '2019-01-04 15:53:55.025', 'Reply 4 Lorem ipsum dolor sit amet, consectetur adipiscing elit, sed do eiusmod', 17, 290),
(297, TIMESTAMP '2019-01-04 15:53:55.045', TIMESTAMP '2019-01-04 15:53:55.045', 'Comment on root level. I really like this idea, but needs to be improved.', 5, NULL),
(298, TIMESTAMP '2019-01-04 15:53:55.046', TIMESTAMP '2019-01-04 15:53:55.046', 'Reply 0 Lorem ipsum dolor sit amet, consectetur adipiscing elit, sed do eiusmod tempor inci', 16, 297),
(299, TIMESTAMP '2019-01-04 15:53:55.048', TIMESTAMP '2019-01-04 15:53:55.048', 'Reply 1 Lorem ipsum dolor sit amet, consecte', 1, 297),
(300, TIMESTAMP '2019-01-04 15:53:55.05', TIMESTAMP '2019-01-04 15:53:55.05', 'Reply 2 Lorem ipsum dolor sit amet, co', 1, 297),
(301, TIMESTAMP '2019-01-04 15:53:55.051', TIMESTAMP '2019-01-04 15:53:55.051', 'Reply 3 Lorem ipsum dolor sit amet, co', 1, 297),
(302, TIMESTAMP '2019-01-04 15:53:55.053', TIMESTAMP '2019-01-04 15:53:55.053', 'Reply 4 Lorem ipsum dolor sit amet, consectetur adipiscing elit, ', 1, 297);
INSERT INTO PUBLIC.COMMENTS(ID, CREATED_AT, UPDATED_AT, COMMENT, CREATED_BY_ID, PARENT_ID) VALUES
(304, TIMESTAMP '2019-01-04 15:53:55.097', TIMESTAMP '2019-01-04 15:53:55.097', 'Comment on root level. I really like this idea, but needs to be improved.', 9, NULL),
(305, TIMESTAMP '2019-01-04 15:53:55.099', TIMESTAMP '2019-01-04 15:53:55.099', 'Reply 0 Lorem ipsum dolor sit amet, consectetur adipiscing elit, sed do ', 5, 304),
(306, TIMESTAMP '2019-01-04 15:53:55.1', TIMESTAMP '2019-01-04 15:53:55.1', 'Reply 1 Lorem ipsum dolor si', 10, 304),
(307, TIMESTAMP '2019-01-04 15:53:55.101', TIMESTAMP '2019-01-04 15:53:55.101', 'Reply 2 Lorem ipsum dolor sit amet, consect', 9, 304),
(308, TIMESTAMP '2019-01-04 15:53:55.103', TIMESTAMP '2019-01-04 15:53:55.103', 'Reply 3 Lorem ipsum dolor sit a', 18, 304),
(309, TIMESTAMP '2019-01-04 15:53:55.104', TIMESTAMP '2019-01-04 15:53:55.104', 'Reply 4 Lorem ipsum dolor sit amet, consectetur adipiscing elit, sed do eiusmod tempor inci', 14, 304),
(311, TIMESTAMP '2019-01-04 15:53:55.132', TIMESTAMP '2019-01-04 15:53:55.132', 'Comment on root level. I really like this idea, but needs to be improved.', 18, NULL),
(312, TIMESTAMP '2019-01-04 15:53:55.133', TIMESTAMP '2019-01-04 15:53:55.133', 'Reply 0 Lorem ipsum dolor sit amet, consectetur adipiscing', 12, 311),
(313, TIMESTAMP '2019-01-04 15:53:55.134', TIMESTAMP '2019-01-04 15:53:55.134', 'Reply 1 Lorem ipsum dolor sit amet, consectetur adipiscing elit, sed do eiusmod tempor incididunt ut labo', 18, 311),
(314, TIMESTAMP '2019-01-04 15:53:55.136', TIMESTAMP '2019-01-04 15:53:55.136', 'Reply 2 Lorem ipsum dolor sit amet, consectetur adipiscing elit, sed do eiusmod tempor incididunt ut labore', 5, 311),
(315, TIMESTAMP '2019-01-04 15:53:55.137', TIMESTAMP '2019-01-04 15:53:55.137', 'Reply 3 Lorem ipsum dolor sit amet, consectet', 13, 311),
(316, TIMESTAMP '2019-01-04 15:53:55.138', TIMESTAMP '2019-01-04 15:53:55.138', 'Reply 4 Lorem ipsum dolor sit amet, consectetur adip', 9, 311),
(334, TIMESTAMP '2019-01-04 15:54:00.683', TIMESTAMP '2019-01-04 15:54:00.683', 'Comment on root level. I really like this idea, but needs to be improved.', 16, NULL),
(335, TIMESTAMP '2019-01-04 15:54:00.684', TIMESTAMP '2019-01-04 15:54:00.684', 'Reply 0 Lorem ipsum dolor sit amet, consectetur adipiscing elit, sed do eiusmod tempo', 9, 334),
(336, TIMESTAMP '2019-01-04 15:54:00.685', TIMESTAMP '2019-01-04 15:54:00.685', 'Reply 1 Lorem ipsum dolor sit', 4, 334),
(337, TIMESTAMP '2019-01-04 15:54:00.686', TIMESTAMP '2019-01-04 15:54:00.686', 'Reply 2 Lorem ipsum dolor sit amet, consectetur adipiscing elit, sed do eiusmod tempor i', 12, 334),
(338, TIMESTAMP '2019-01-04 15:54:00.687', TIMESTAMP '2019-01-04 15:54:00.687', 'Reply 3 Lorem ipsum dolor sit amet, consectetur adipisci', 7, 334),
(339, TIMESTAMP '2019-01-04 15:54:00.687', TIMESTAMP '2019-01-04 15:54:00.687', 'Reply 4 Lorem ipsum dolor sit amet,', 19, 334),
(342, TIMESTAMP '2019-01-04 15:54:00.702', TIMESTAMP '2019-01-04 15:54:00.702', 'Comment on root level. I really like this idea, but needs to be improved.', 10, NULL),
(343, TIMESTAMP '2019-01-04 15:54:00.702', TIMESTAMP '2019-01-04 15:54:00.702', 'Reply 0 Lorem ipsum dolor sit amet, consectetur a', 12, 342),
(344, TIMESTAMP '2019-01-04 15:54:00.703', TIMESTAMP '2019-01-04 15:54:00.703', 'Reply 1 Lorem ipsum dolor sit ame', 3, 342),
(345, TIMESTAMP '2019-01-04 15:54:00.704', TIMESTAMP '2019-01-04 15:54:00.704', 'Reply 2 Lorem ipsum dolor sit amet, consectetu', 4, 342),
(346, TIMESTAMP '2019-01-04 15:54:00.704', TIMESTAMP '2019-01-04 15:54:00.704', 'Reply 3 Lorem ipsum', 3, 342),
(347, TIMESTAMP '2019-01-04 15:54:00.705', TIMESTAMP '2019-01-04 15:54:00.705', 'Reply 4 Lorem ipsum dolor sit amet,', 18, 342),
(349, TIMESTAMP '2019-01-04 15:54:00.718', TIMESTAMP '2019-01-04 15:54:00.718', 'Comment on root level. I really like this idea, but needs to be improved.', 13, NULL),
(350, TIMESTAMP '2019-01-04 15:54:00.719', TIMESTAMP '2019-01-04 15:54:00.719', 'Reply 0 Lorem ipsum dolor sit amet, con', 14, 349),
(351, TIMESTAMP '2019-01-04 15:54:00.72', TIMESTAMP '2019-01-04 15:54:00.72', 'Reply 1 Lorem ipsum dolor sit amet, consectetur adipiscing elit, sed do eiusmod tempor incididunt ut lab', 3, 349);
INSERT INTO PUBLIC.COMMENTS(ID, CREATED_AT, UPDATED_AT, COMMENT, CREATED_BY_ID, PARENT_ID) VALUES
(352, TIMESTAMP '2019-01-04 15:54:00.721', TIMESTAMP '2019-01-04 15:54:00.721', 'Reply 2 Lorem ipsum dolor sit amet, consectetur adipiscing elit, sed do eiusmod tempor incididunt', 2, 349),
(353, TIMESTAMP '2019-01-04 15:54:00.722', TIMESTAMP '2019-01-04 15:54:00.722', 'Reply 3 Lorem ipsum dolor sit amet, consectetur adipiscing elit, sed do eiusmod tempor inc', 19, 349),
(354, TIMESTAMP '2019-01-04 15:54:00.722', TIMESTAMP '2019-01-04 15:54:00.722', 'Reply 4 Lorem ipsum dolor sit amet, consectetur adipiscing elit, sed do eiusmod tempo', 6, 349),
(356, TIMESTAMP '2019-01-04 15:54:00.736', TIMESTAMP '2019-01-04 15:54:00.736', 'Comment on root level. I really like this idea, but needs to be improved.', 18, NULL),
(357, TIMESTAMP '2019-01-04 15:54:00.737', TIMESTAMP '2019-01-04 15:54:00.737', 'Reply 0 Lorem ipsum dolor sit amet, consectetur adipiscing elit, sed do eiu', 6, 356),
(358, TIMESTAMP '2019-01-04 15:54:00.737', TIMESTAMP '2019-01-04 15:54:00.737', 'Reply 1 Lorem ipsum dolor sit amet, consectetur adipiscing elit, sed do eiusmod tempor inci', 2, 356),
(359, TIMESTAMP '2019-01-04 15:54:00.738', TIMESTAMP '2019-01-04 15:54:00.738', 'Reply 2 Lorem ipsum dolor sit amet, consec', 11, 356),
(360, TIMESTAMP '2019-01-04 15:54:00.739', TIMESTAMP '2019-01-04 15:54:00.739', 'Reply 3 Lorem ipsum dolor sit amet, consectetur adipiscing elit, sed do eius', 8, 356),
(361, TIMESTAMP '2019-01-04 15:54:00.739', TIMESTAMP '2019-01-04 15:54:00.739', 'Reply 4 Lorem ipsum dolor sit a', 17, 356),
(363, TIMESTAMP '2019-01-04 15:54:00.753', TIMESTAMP '2019-01-04 15:54:00.753', 'Comment on root level. I really like this idea, but needs to be improved.', 7, NULL),
(364, TIMESTAMP '2019-01-04 15:54:00.755', TIMESTAMP '2019-01-04 15:54:00.755', 'Reply 0 Lorem ipsum dolor sit amet, consectetur adipiscing eli', 7, 363),
(365, TIMESTAMP '2019-01-04 15:54:00.755', TIMESTAMP '2019-01-04 15:54:00.755', 'Reply 1 Lorem ipsum dolor sit amet, consectetur adipiscing elit, sed do eiusmo', 10, 363),
(366, TIMESTAMP '2019-01-04 15:54:00.756', TIMESTAMP '2019-01-04 15:54:00.756', 'Reply 2 Lorem ipsum dolor sit amet, consectetur', 4, 363),
(367, TIMESTAMP '2019-01-04 15:54:00.757', TIMESTAMP '2019-01-04 15:54:00.757', 'Reply 3 Lorem ipsum dolor sit amet, consectetur', 13, 363),
(368, TIMESTAMP '2019-01-04 15:54:00.758', TIMESTAMP '2019-01-04 15:54:00.758', 'Reply 4 Lorem ipsum dolor sit amet, consecte', 13, 363);
CREATE MEMORY TABLE PUBLIC.COMMENTS_DOWN_VOTERS(
COMMENT_MODEL_ID BIGINT NOT NULL,
DOWN_VOTERS_ID BIGINT NOT NULL
);
ALTER TABLE PUBLIC.COMMENTS_DOWN_VOTERS ADD CONSTRAINT PUBLIC.CONSTRAINT_2 PRIMARY KEY(COMMENT_MODEL_ID, DOWN_VOTERS_ID);
-- 317 +/- SELECT COUNT(*) FROM PUBLIC.COMMENTS_DOWN_VOTERS;
INSERT INTO PUBLIC.COMMENTS_DOWN_VOTERS(COMMENT_MODEL_ID, DOWN_VOTERS_ID) VALUES
(208, 2),
(208, 13),
(208, 8),
(208, 1),
(208, 3),
(210, 2),
(210, 9),
(211, 2),
(211, 4),
(211, 18),
(211, 12),
(212, 4),
(212, 16),
(213, 13),
(213, 10),
(213, 19),
(218, 2),
(218, 4),
(218, 8),
(218, 9),
(219, 1),
(219, 12),
(220, 4),
(220, 9),
(221, 5),
(222, 6),
(222, 14),
(222, 19),
(222, 15),
(222, 12),
(223, 12),
(225, 4),
(225, 11),
(225, 7),
(225, 12),
(226, 10),
(226, 3),
(226, 15),
(227, 18),
(228, 7),
(229, 3),
(230, 20),
(232, 13),
(232, 15),
(232, 9),
(233, 6),
(233, 8),
(233, 19),
(233, 12),
(234, 8),
(234, 11),
(234, 18),
(234, 7),
(234, 9),
(235, 2),
(235, 4),
(235, 8),
(235, 20),
(236, 17),
(236, 7),
(236, 19),
(236, 16),
(237, 1),
(237, 19),
(237, 15),
(239, 14),
(239, 5),
(240, 13),
(240, 11),
(241, 3),
(241, 15),
(242, 5),
(243, 8),
(244, 4),
(244, 6),
(246, 11),
(247, 2),
(247, 20),
(248, 17),
(248, 18),
(248, 14),
(248, 16),
(248, 12),
(248, 5),
(249, 2),
(249, 7),
(249, 3),
(249, 9),
(250, 15),
(250, 12),
(250, 9),
(251, 6),
(251, 8),
(251, 19),
(251, 16),
(254, 15),
(255, 8),
(255, 19),
(257, 2),
(257, 1),
(257, 12),
(258, 18),
(261, 19),
(261, 12),
(262, 3),
(262, 15),
(262, 12),
(263, 4),
(263, 6),
(263, 11),
(263, 1),
(264, 15),
(264, 12),
(264, 9),
(265, 19),
(266, 6),
(266, 19),
(266, 15),
(266, 12),
(268, 14),
(268, 3),
(269, 18),
(269, 1),
(269, 12),
(270, 7),
(270, 3),
(270, 19),
(272, 2),
(272, 17),
(272, 20),
(272, 1),
(273, 9),
(276, 6),
(276, 14),
(276, 5),
(276, 9),
(277, 2),
(277, 6),
(277, 8),
(277, 10),
(277, 15),
(278, 9),
(279, 17),
(279, 14),
(279, 16),
(280, 6),
(280, 8),
(280, 11),
(280, 17),
(280, 7),
(282, 5),
(282, 12),
(283, 2),
(283, 6),
(283, 5),
(284, 7),
(284, 5),
(285, 6),
(285, 20),
(285, 14),
(285, 12),
(285, 9),
(286, 17),
(286, 7),
(286, 1),
(286, 12),
(287, 10),
(290, 4),
(290, 13),
(290, 10),
(291, 20),
(291, 5),
(292, 13),
(293, 6),
(293, 11),
(293, 17),
(294, 3),
(295, 3),
(297, 7),
(297, 1),
(298, 18),
(298, 17),
(298, 20),
(298, 5),
(299, 2),
(299, 6),
(299, 14),
(300, 6),
(300, 13),
(300, 3),
(300, 19),
(300, 15),
(301, 7),
(301, 19),
(302, 13),
(302, 20),
(302, 10),
(302, 1),
(304, 11),
(304, 17),
(304, 7),
(304, 19),
(304, 15),
(304, 5),
(304, 9),
(305, 19),
(305, 5),
(306, 19),
(306, 16),
(307, 6),
(308, 8),
(308, 16),
(309, 8),
(309, 7),
(311, 7),
(311, 3),
(313, 2),
(313, 18),
(313, 20),
(313, 19),
(313, 12),
(314, 4),
(314, 6),
(314, 20),
(315, 8),
(315, 18),
(315, 19),
(316, 6),
(334, 6),
(334, 5),
(335, 2),
(335, 4),
(335, 17),
(335, 14),
(335, 15),
(335, 9),
(336, 2),
(336, 20),
(336, 5),
(336, 12),
(336, 9),
(337, 2),
(337, 6),
(337, 5),
(338, 18),
(338, 19),
(339, 8),
(339, 7),
(339, 10),
(339, 1),
(339, 9),
(342, 16),
(342, 5),
(343, 7),
(344, 2),
(344, 17),
(346, 16),
(346, 15),
(347, 14),
(347, 10),
(347, 19),
(349, 6),
(349, 8),
(349, 20),
(349, 10),
(350, 10),
(350, 15),
(351, 8),
(352, 17),
(352, 10),
(353, 4),
(353, 13),
(354, 4),
(354, 11),
(354, 18),
(354, 1),
(354, 5),
(356, 16),
(357, 7),
(358, 6),
(358, 8),
(358, 3),
(358, 15),
(358, 12),
(359, 2),
(359, 17),
(359, 20),
(359, 14),
(360, 13),
(360, 19),
(360, 16),
(360, 12),
(361, 6),
(363, 6),
(363, 20),
(363, 7),
(363, 14),
(363, 1),
(363, 5),
(364, 8),
(364, 18),
(364, 17),
(364, 1),
(364, 5),
(364, 12),
(365, 11),
(365, 17),
(365, 3),
(365, 12),
(366, 19),
(367, 13),
(367, 14),
(367, 1),
(367, 5),
(368, 18),
(368, 15),
(368, 12);
CREATE MEMORY TABLE PUBLIC.COMMENTS_UP_VOTERS(
COMMENT_MODEL_ID BIGINT NOT NULL,
UP_VOTERS_ID BIGINT NOT NULL
);
ALTER TABLE PUBLIC.COMMENTS_UP_VOTERS ADD CONSTRAINT PUBLIC.CONSTRAINT_20 PRIMARY KEY(COMMENT_MODEL_ID, UP_VOTERS_ID);
-- 274 +/- SELECT COUNT(*) FROM PUBLIC.COMMENTS_UP_VOTERS;
INSERT INTO PUBLIC.COMMENTS_UP_VOTERS(COMMENT_MODEL_ID, UP_VOTERS_ID) VALUES
(208, 2),
(208, 11),
(208, 20),
(208, 14),
(209, 13),
(209, 14),
(209, 15),
(210, 20),
(211, 17),
(212, 4),
(212, 17),
(218, 13),
(218, 8),
(218, 7),
(218, 3),
(219, 15),
(220, 11),
(221, 16),
(221, 9),
(225, 6),
(225, 20),
(225, 14),
(227, 9),
(228, 13),
(228, 17),
(228, 14),
(228, 19),
(229, 16),
(230, 17),
(230, 7),
(230, 12),
(232, 18),
(233, 13),
(233, 18),
(234, 2),
(234, 20),
(234, 16),
(235, 13),
(235, 7),
(235, 15),
(235, 12),
(236, 19),
(236, 9),
(237, 4),
(237, 13),
(237, 8),
(240, 15),
(240, 5),
(241, 4),
(243, 4),
(243, 6),
(243, 11),
(243, 1),
(244, 20),
(244, 7),
(244, 16),
(246, 7),
(247, 6),
(247, 8),
(247, 1),
(247, 5),
(248, 15),
(248, 16),
(248, 12),
(249, 8),
(249, 16),
(249, 5),
(250, 4),
(250, 20),
(250, 5),
(251, 3),
(251, 19),
(251, 12),
(254, 4),
(254, 13),
(254, 14),
(255, 6),
(255, 8),
(255, 11),
(255, 20),
(255, 16),
(256, 18),
(256, 20),
(256, 1),
(257, 8),
(257, 3),
(258, 10),
(258, 15),
(258, 5),
(259, 5),
(261, 4),
(261, 14),
(261, 16),
(262, 13),
(262, 6),
(262, 20),
(262, 16),
(263, 20),
(263, 1),
(263, 3),
(264, 6),
(264, 12),
(265, 8),
(265, 11),
(265, 10),
(266, 5),
(266, 9),
(268, 2),
(268, 6),
(268, 1),
(268, 3),
(268, 15),
(268, 12),
(269, 11),
(269, 8),
(269, 17),
(269, 20),
(269, 5),
(269, 9),
(270, 1),
(270, 12),
(271, 15),
(271, 16),
(272, 6),
(272, 8),
(272, 18),
(272, 10),
(273, 18),
(273, 14),
(273, 10),
(273, 3),
(275, 4),
(275, 18),
(275, 12),
(276, 17),
(276, 20),
(276, 1),
(277, 11),
(278, 4),
(278, 8),
(278, 3),
(280, 6),
(280, 7),
(280, 12),
(280, 9),
(282, 8),
(282, 11),
(282, 1),
(282, 12),
(282, 5),
(283, 2),
(283, 10),
(283, 1),
(283, 19),
(284, 6),
(284, 3),
(287, 18),
(290, 5),
(291, 14),
(291, 15),
(292, 4),
(292, 8),
(292, 11),
(293, 8),
(293, 17),
(293, 14),
(294, 4),
(294, 18),
(294, 1),
(295, 20),
(295, 14),
(295, 7),
(297, 4),
(297, 7),
(297, 10),
(299, 2),
(299, 19),
(299, 12),
(300, 8),
(301, 11),
(302, 4),
(302, 13),
(302, 17),
(302, 20),
(302, 16),
(302, 15),
(302, 12),
(304, 20),
(304, 7),
(305, 7),
(306, 13),
(306, 6),
(306, 3),
(306, 12),
(307, 4),
(307, 13),
(307, 5),
(308, 20),
(308, 7),
(308, 16),
(308, 15),
(309, 16),
(309, 5),
(312, 1),
(312, 3),
(314, 11),
(314, 18),
(314, 20),
(314, 14),
(315, 4),
(315, 8),
(315, 18),
(315, 20),
(316, 11),
(316, 3),
(316, 12),
(334, 8),
(334, 11),
(334, 7),
(334, 16),
(334, 12),
(337, 16),
(339, 11),
(339, 9),
(342, 3),
(342, 9),
(343, 13),
(343, 14),
(343, 19),
(344, 11),
(344, 10),
(346, 4),
(347, 1),
(349, 18),
(349, 20),
(349, 7),
(350, 7),
(350, 1),
(350, 15),
(350, 5),
(350, 12),
(351, 13),
(352, 11),
(352, 16),
(353, 20),
(354, 6),
(354, 8),
(354, 5),
(354, 12),
(356, 10),
(358, 6),
(358, 3),
(359, 13),
(359, 10),
(359, 3),
(360, 6),
(360, 10),
(360, 3),
(360, 16),
(361, 13),
(361, 20),
(361, 14),
(361, 12),
(363, 4),
(363, 20),
(364, 17),
(364, 20),
(364, 9),
(365, 13),
(365, 8),
(365, 15),
(366, 14),
(366, 16),
(368, 17);
CREATE MEMORY TABLE PUBLIC.DELEGATIONS(
ID BIGINT NOT NULL,
CREATED_AT TIMESTAMP NOT NULL,
UPDATED_AT TIMESTAMP NOT NULL,
REQUESTED_DELEGATION_AT TIMESTAMP,
TRANSITIVE BOOLEAN NOT NULL,
AREA_ID BIGINT NOT NULL,
FROM_USER_ID BIGINT NOT NULL,
REQUESTED_DELEGATION_FROM_CHECKSUM_CHECKSUM VARCHAR(255),
TO_PROXY_ID BIGINT NOT NULL
);
ALTER TABLE PUBLIC.DELEGATIONS ADD CONSTRAINT PUBLIC.CONSTRAINT_8 PRIMARY KEY(ID);
-- 9 +/- SELECT COUNT(*) FROM PUBLIC.DELEGATIONS;
INSERT INTO PUBLIC.DELEGATIONS(ID, CREATED_AT, UPDATED_AT, REQUESTED_DELEGATION_AT, TRANSITIVE, AREA_ID, FROM_USER_ID, REQUESTED_DELEGATION_FROM_CHECKSUM_CHECKSUM, TO_PROXY_ID) VALUES
(198, TIMESTAMP '2019-01-04 15:53:49.464', TIMESTAMP '2019-01-04 15:53:49.464', NULL, TRUE, 21, 2, NULL, 1),
(199, TIMESTAMP '2019-01-04 15:53:50.1', TIMESTAMP '2019-01-04 15:53:50.1', NULL, TRUE, 21, 3, NULL, 1),
(200, TIMESTAMP '2019-01-04 15:53:50.772', TIMESTAMP '2019-01-04 15:53:50.772', NULL, TRUE, 21, 4, NULL, 1),
(201, TIMESTAMP '2019-01-04 15:53:51.364', TIMESTAMP '2019-01-04 15:53:51.364', TIMESTAMP '2019-01-04 15:53:51.363', TRUE, 21, 5, '$2a$10$1IdrGrRAN2Wp3U7QI.JIzuaW/fGb8Z2mJgsKxYwe5.NrtAFNxSQVS', 2),
(202, TIMESTAMP '2019-01-04 15:53:52.166', TIMESTAMP '2019-01-04 15:53:52.166', NULL, TRUE, 21, 6, NULL, 3),
(203, TIMESTAMP '2019-01-04 15:53:52.781', TIMESTAMP '2019-01-04 15:53:52.781', NULL, TRUE, 21, 7, NULL, 4),
(204, TIMESTAMP '2019-01-04 15:53:53.4', TIMESTAMP '2019-01-04 15:53:53.4', NULL, TRUE, 21, 10, NULL, 7),
(205, TIMESTAMP '2019-01-04 15:53:54.011', TIMESTAMP '2019-01-04 15:53:54.011', NULL, TRUE, 21, 11, NULL, 7),
(206, TIMESTAMP '2019-01-04 15:53:54.621', TIMESTAMP '2019-01-04 15:53:54.621', NULL, FALSE, 21, 12, NULL, 7);
CREATE MEMORY TABLE PUBLIC.KEY_VALUE(
ID BIGINT NOT NULL,
KEY VARCHAR(255) NOT NULL,
VALUE VARCHAR(255)
);
ALTER TABLE PUBLIC.KEY_VALUE ADD CONSTRAINT PUBLIC.CONSTRAINT_7 PRIMARY KEY(ID);
-- 3 +/- SELECT COUNT(*) FROM PUBLIC.KEY_VALUE;
INSERT INTO PUBLIC.KEY_VALUE(ID, KEY, VALUE) VALUES
(32, 'liquido.supporters.for.proposal', '10'),
(214, 'liquido.days.until.voting.starts', '14'),
(215, 'liquido.duration.of.voting.phase', '14');
CREATE MEMORY TABLE PUBLIC.LAWS(
ID BIGINT NOT NULL,
CREATED_AT TIMESTAMP NOT NULL,
UPDATED_AT TIMESTAMP NOT NULL,
DESCRIPTION VARCHAR(1000) NOT NULL,
REACHED_QUORUM_AT TIMESTAMP,
STATUS INTEGER NOT NULL,
TITLE VARCHAR(255) NOT NULL,
AREA_ID BIGINT NOT NULL,
CREATED_BY_ID BIGINT,
POLL_ID BIGINT
);
ALTER TABLE PUBLIC.LAWS ADD CONSTRAINT PUBLIC.CONSTRAINT_23 PRIMARY KEY(ID);
-- 188 +/- SELECT COUNT(*) FROM PUBLIC.LAWS;
INSERT INTO PUBLIC.LAWS(ID, CREATED_AT, UPDATED_AT, DESCRIPTION, REACHED_QUORUM_AT, STATUS, TITLE, AREA_ID, CREATED_BY_ID, POLL_ID) VALUES
(31, TIMESTAMP '2019-01-03 15:53:46.671', TIMESTAMP '2019-01-04 15:53:46.672', 'z5CK9PuB Lorem ipsum dolor sit amet, consectetur adipiscing elit, sed do eiusmod tempor incididunt ut labore et dolore magna aliqua. Ut enim ad minim veniam, quis nostrud exercitation ullamco laboris nisi ut aliquip ex ea commodo consequat. Duis aute irure dolor in reprehenderit in voluptate velit esse cillum dolore eu fugiat nulla pariatur. Excepteur sint occaecat cupidatat non proident, s', NULL, 0, 'Idea 0 that suggest that we definitely need a longer title for ideas', 21, 18, NULL),
(33, TIMESTAMP '2019-01-02 15:53:46.683', TIMESTAMP '2019-01-03 15:53:46.684', 'R17Njh2e Lorem ipsum dolor sit amet, co', NULL, 0, 'Idea 1 that suggest that we definitely need a longer title for ideas', 22, 7, NULL),
(34, TIMESTAMP '2019-01-01 15:53:46.697', TIMESTAMP '2019-01-02 15:53:46.697', 'dTyo0eAA Lorem ipsum dolor sit amet, consectetur ', NULL, 0, 'Idea 2 that suggest that we definitely need a longer title for ideas', 23, 6, NULL),
(35, TIMESTAMP '2018-12-31 15:53:46.724', TIMESTAMP '2019-01-01 15:53:46.725', 'Q3Gr74cZ Lorem ipsum dolor sit amet, consectetur adipiscing elit, sed do eiusmod tempor incididunt ut labore et dolore magna aliqua. Ut enim ad minim veniam, quis nostrud exercitation ullamco laboris nisi ut aliquip ex ea commodo consequat.', NULL, 0, 'Idea 3 that suggest that we definitely need a longer title for ideas', 24, 6, NULL),
(36, TIMESTAMP '2018-12-30 15:53:46.748', TIMESTAMP '2018-12-31 15:53:46.748', 'M0bvPcqE Lorem ipsum dolor sit amet, consectetur adipiscing elit, sed do eius', NULL, 0, 'Idea 4 that suggest that we definitely need a longer title for ideas', 25, 16, NULL),
(37, TIMESTAMP '2018-12-29 15:53:46.771', TIMESTAMP '2018-12-30 15:53:46.771', 'a2GVECV7 Lorem ipsum dolor sit amet, c', NULL, 0, 'Idea 5 that suggest that we definitely need a longer title for ideas', 26, 5, NULL),
(38, TIMESTAMP '2018-12-28 15:53:46.781', TIMESTAMP '2018-12-29 15:53:46.781', 'ifFldLt3 Lorem ipsum dolor sit amet, consectetur adipiscing elit, sed do eiusmod tempor incididunt ut labore et dolore magna aliqua. Ut enim ad minim veniam, quis nostru', NULL, 0, 'Idea 6 that suggest that we definitely need a longer title for ideas', 27, 8, NULL),
(39, TIMESTAMP '2018-12-27 15:53:46.799', TIMESTAMP '2018-12-28 15:53:46.799', 'AcSrsL6V Lorem ipsum dolor sit amet, consectetur adipiscing elit, sed do eiusmod tempor incididunt ut labore et dolore magna aliqua. Ut enim ad minim veniam, quis nostrud exercitation ullamco laboris nisi ut aliquip ex ea commodo consequat. Duis aute irure dolor in reprehenderit in voluptate velit esse cillum dolore eu fugiat nulla pariatur. Excepteur sint occaecat cupidatat non proident, sunt in culpa ', NULL, 0, 'Idea 7 that suggest that we definitely need a longer title for ideas', 28, 12, NULL),
(40, TIMESTAMP '2018-12-26 15:53:46.805', TIMESTAMP '2018-12-27 15:53:46.805', '9osRfaJr Lorem ipsum dolor sit amet, consectetur adipiscing elit, sed do eiusmod tempor incididunt ut labore et dolore magna aliqua. Ut enim ad minim veniam, quis nostrud exercitation ullamco laboris nisi ut aliquip ex ea commodo consequat. Duis aute irure dolor in reprehenderit in voluptate velit esse', NULL, 0, 'Idea 8 that suggest that we definitely need a longer title for ideas', 29, 2, NULL),
(41, TIMESTAMP '2018-12-25 15:53:46.816', TIMESTAMP '2018-12-26 15:53:46.816', '1MGcYZ4S Lorem ipsum dolor sit amet, consectetur adipiscing elit, sed do eiusmod tempor incididunt ut labore et dolore magna aliqua. Ut enim ad minim veniam, quis nostrud exercitation ullamco laboris nisi ut aliquip ex ea commodo consequat. Duis aute irure dolor in reprehenderit in voluptate velit esse cillum d', NULL, 0, 'Idea 9 that suggest that we definitely need a longer title for ideas', 30, 1, NULL),
(42, TIMESTAMP '2018-12-24 15:53:46.841', TIMESTAMP '2018-12-25 15:53:46.841', 'm4k0HK5g Lorem ipsum dolor sit amet, consectetur adipiscing elit, sed do eiusmod tempor incididunt ut labore et dolore', NULL, 0, 'Idea 10 that suggest that we definitely need a longer title for ideas', 21, 11, NULL);
INSERT INTO PUBLIC.LAWS(ID, CREATED_AT, UPDATED_AT, DESCRIPTION, REACHED_QUORUM_AT, STATUS, TITLE, AREA_ID, CREATED_BY_ID, POLL_ID) VALUES
(43, TIMESTAMP '2018-12-23 15:53:46.857', TIMESTAMP '2018-12-24 15:53:46.857', 'ErsNvUYm Lorem ipsum dolor sit amet, consectetur adipiscing elit, sed do eiusmod tempor incididunt ut labore et dolore magna aliqua. Ut enim ad minim veniam, quis nostrud exercitation ullamco laboris nisi ut aliquip ex ea commodo consequat. Duis aute irure dolor in reprehenderit in volupta', NULL, 0, 'Idea 11 that suggest that we definitely need a longer title for ideas', 22, 3, NULL),
(44, TIMESTAMP '2018-12-22 15:53:46.864', TIMESTAMP '2018-12-23 15:53:46.865', 'haIkfHYQ Lorem ipsum dolor sit amet, consectetur adipiscing elit, sed do eiusmod tempor incididunt ut labore et dolor', NULL, 0, 'Idea 12 that suggest that we definitely need a longer title for ideas', 23, 5, NULL),
(45, TIMESTAMP '2018-12-21 15:53:46.886', TIMESTAMP '2018-12-22 15:53:46.887', 'Sm547BO3 Lorem ipsum dolor sit amet, consectetur adipiscing elit, sed do eiusmod tempor incididunt ut labore et dolore magna aliqua. Ut enim ad minim veniam, quis nostrud exercitation ullamco laboris nisi ut aliquip ex ea commodo consequat. Duis aute irure dolor in reprehenderit in voluptate velit esse cillum dolore eu fugiat nulla pariatur. Excepteur sint occaecat cup', NULL, 0, 'Idea 13 that suggest that we definitely need a longer title for ideas', 24, 1, NULL),
(46, TIMESTAMP '2018-12-20 15:53:46.901', TIMESTAMP '2018-12-21 15:53:46.901', 'kzwwyTgG Lorem ipsum dolor sit amet, consectetur adipiscing elit, sed do eiusmod tempor incididunt ut labore et dolore magna aliqua. Ut enim ad minim veniam, quis nostrud exercitation ullamco laboris nisi ut aliquip ex ea commodo consequat. Duis aute irure do', NULL, 0, 'Idea 14 that suggest that we definitely need a longer title for ideas', 25, 1, NULL),
(47, TIMESTAMP '2018-12-19 15:53:46.912', TIMESTAMP '2018-12-20 15:53:46.913', 'YyAu91FK Lorem ipsum dolor sit amet, consectetur adipiscing elit, sed do eiusmod tempor incididunt ut labore et dolore magna aliqua. Ut enim ad minim veniam, quis nostrud exercitation ullamco laboris nisi ut aliquip ex ea commodo consequat. Duis aute irure dolor in reprehenderit in voluptate velit esse cillum dolore eu fugiat nulla pariatur. Excepteur sint occaeca', NULL, 0, 'Idea 15 that suggest that we definitely need a longer title for ideas', 26, 2, NULL),
(48, TIMESTAMP '2018-12-18 15:53:46.927', TIMESTAMP '2018-12-19 15:53:46.928', 'Vc5d9YcY Lorem ipsum dolor sit amet, con', NULL, 0, 'Idea 16 that suggest that we definitely need a longer title for ideas', 27, 19, NULL),
(49, TIMESTAMP '2018-12-17 15:53:46.941', TIMESTAMP '2018-12-18 15:53:46.942', 'z5R9WGeo Lorem ipsum dolor sit amet, consectetur adipiscing elit, sed do eiusmod tempor incididunt ut labore et dolore magna aliqua. Ut enim ad minim veniam, quis nostrud exercitation ullamco laboris n', NULL, 0, 'Idea 17 that suggest that we definitely need a longer title for ideas', 28, 6, NULL),
(50, TIMESTAMP '2018-12-16 15:53:46.96', TIMESTAMP '2018-12-17 15:53:46.96', 'nKNXhjFu Lorem ipsum dolor sit amet, consectetur adipiscing ', NULL, 0, 'Idea 18 that suggest that we definitely need a longer title for ideas', 29, 19, NULL),
(51, TIMESTAMP '2018-12-15 15:53:46.977', TIMESTAMP '2018-12-16 15:53:46.977', 'YFOh53QY Lorem ipsum dolor sit amet, consectetur adipiscing elit, sed do eiusmod tempor incididunt ut labore et dolore magna aliqua. Ut enim ad minim veniam, quis nostrud exercitation ullamco laboris nisi ut aliquip ex ea commodo', NULL, 0, 'Idea 19 that suggest that we definitely need a longer title for ideas', 30, 12, NULL),
(52, TIMESTAMP '2018-12-14 15:53:46.994', TIMESTAMP '2018-12-15 15:53:46.994', 'KEu46Ztq Lorem ipsum dolor sit amet, consectetur adipiscing elit, sed do eiusmod tempor incididunt ut labore et dolore magna aliqua. Ut enim ad minim veniam, quis nostrud e', NULL, 0, 'Idea 20 that suggest that we definitely need a longer title for ideas', 21, 6, NULL),
(53, TIMESTAMP '2018-12-13 15:53:47', TIMESTAMP '2018-12-14 15:53:47', 'B4yS7LXX Lorem ipsum dolor sit amet, consectetur adipiscing elit, sed do eiusmod tempor incididunt ut labore et dolore magna aliqua. Ut enim ad minim veniam, quis nostrud exercitation ullamco laboris nisi ut aliquip ex ea commodo consequat. Duis aute irure dolor in reprehenderit in voluptate velit esse cillum dolore eu fugiat nulla pariatur. E', NULL, 0, 'Idea 21 that suggest that we definitely need a longer title for ideas', 22, 9, NULL);
INSERT INTO PUBLIC.LAWS(ID, CREATED_AT, UPDATED_AT, DESCRIPTION, REACHED_QUORUM_AT, STATUS, TITLE, AREA_ID, CREATED_BY_ID, POLL_ID) VALUES
(54, TIMESTAMP '2018-12-12 15:53:47.011', TIMESTAMP '2018-12-13 15:53:47.011', 'H4l7hTjs Lorem ipsum dolor sit amet, consectetur adipiscing elit, sed do eiusmod tempor incididunt ut labore et ', NULL, 0, 'Idea 22 that suggest that we definitely need a longer title for ideas', 23, 14, NULL),
(55, TIMESTAMP '2018-12-11 15:53:47.021', TIMESTAMP '2018-12-12 15:53:47.021', 'gbC47zV7 Lorem ipsum dolor sit amet, consectetur adipiscing', NULL, 0, 'Idea 23 that suggest that we definitely need a longer title for ideas', 24, 12, NULL),
(56, TIMESTAMP '2018-12-10 15:53:47.033', TIMESTAMP '2018-12-11 15:53:47.033', 'GFHtSL20 Lorem ipsum dolor sit amet, consectetur adipiscing elit, sed do eiusmod tempor ', NULL, 0, 'Idea 24 that suggest that we definitely need a longer title for ideas', 25, 8, NULL),
(57, TIMESTAMP '2018-12-09 15:53:47.044', TIMESTAMP '2018-12-10 15:53:47.044', '3GBOx4IC Lorem ipsum dolo', NULL, 0, 'Idea 25 that suggest that we definitely need a longer title for ideas', 26, 11, NULL),
(58, TIMESTAMP '2018-12-08 15:53:47.049', TIMESTAMP '2018-12-09 15:53:47.049', 'kgrhvJmQ Lorem ipsum dolor sit amet, consectetur adipiscing elit, sed do eiusmod tempor incididunt ut labore et dolore magna aliqua. Ut enim ad minim veniam, quis nostrud exercitation ullamco laboris nisi ut', NULL, 0, 'Idea 26 that suggest that we definitely need a longer title for ideas', 27, 1, NULL),
(59, TIMESTAMP '2018-12-07 15:53:47.054', TIMESTAMP '2018-12-08 15:53:47.054', 'cbQzl5xF Lorem ipsum dolor sit amet, consectetur adipiscing elit, sed do eiusmod tempor incididunt ut labore et dolore magna aliqua. Ut enim ad minim veniam, quis nostrud exercitation ullamco laboris nis', NULL, 0, 'Idea 27 that suggest that we definitely need a longer title for ideas', 28, 4, NULL),
(60, TIMESTAMP '2018-12-06 15:53:47.061', TIMESTAMP '2018-12-07 15:53:47.061', 's9CNEP6F Lorem ipsum dolor sit amet, consectetur adipi', NULL, 0, 'Idea 28 that suggest that we definitely need a longer title for ideas', 29, 11, NULL),
(61, TIMESTAMP '2018-12-05 15:53:47.067', TIMESTAMP '2018-12-06 15:53:47.067', 'w5VxbC8G Lorem ipsum dolor sit amet, consectetur adipiscing elit, sed do eiusmod tempor incididunt ut labore et dolore magna aliqua. Ut enim ad minim veniam, quis nostrud exercitation ullamco laboris nisi ut aliquip ex ea commodo consequat. Duis aute irure dolor in reprehenderit in voluptate velit esse cillum dolore eu fugiat', NULL, 0, 'Idea 29 that suggest that we definitely need a longer title for ideas', 30, 9, NULL),
(62, TIMESTAMP '2018-12-04 15:53:47.072', TIMESTAMP '2018-12-05 15:53:47.072', 'I3QAsvt2 Lorem ipsum dolor sit amet, consectetur adipiscing elit, sed do eiusmod tempor incididunt ut labore et dolore magna aliqua. Ut enim ad minim veniam, quis nostrud exercitation ullamco laboris nisi ut aliquip ex ea commodo consequat. Duis aute irure dolo', NULL, 0, 'Idea 30 that suggest that we definitely need a longer title for ideas', 21, 10, NULL),
(63, TIMESTAMP '2018-12-03 15:53:47.082', TIMESTAMP '2018-12-04 15:53:47.082', 'KIBTcezr Lorem ipsum dolor sit amet, consectetur adipiscing elit, sed do eiusmod tempor incididunt ut ', NULL, 0, 'Idea 31 that suggest that we definitely need a longer title for ideas', 22, 19, NULL),
(64, TIMESTAMP '2018-12-02 15:53:47.095', TIMESTAMP '2018-12-03 15:53:47.095', 'myH43mQo Lorem ipsum dolor sit amet, consectetur adipiscing elit, sed do eiusmod tempor incididunt ut labore et dolore magna aliqua. Ut enim ad minim veniam, quis nostrud exercitation ullamco', NULL, 0, 'Idea 32 that suggest that we definitely need a longer title for ideas', 23, 13, NULL),
(65, TIMESTAMP '2018-12-01 15:53:47.107', TIMESTAMP '2018-12-02 15:53:47.108', 'VxCg46pz Lorem ipsum dolor sit amet, consectetur adipiscing elit, sed do eiusmod tempor incididunt ut labore et dolore magna aliqua. Ut enim ad minim veniam, quis nostrud exercitation ullamco laboris nisi ut aliquip ex ea commodo consequat. Duis aute irure dolor in reprehenderit in voluptate velit esse cillum dolore eu fugia', NULL, 0, 'Idea 33 that suggest that we definitely need a longer title for ideas', 24, 2, NULL);
INSERT INTO PUBLIC.LAWS(ID, CREATED_AT, UPDATED_AT, DESCRIPTION, REACHED_QUORUM_AT, STATUS, TITLE, AREA_ID, CREATED_BY_ID, POLL_ID) VALUES
(66, TIMESTAMP '2018-11-30 15:53:47.121', TIMESTAMP '2018-12-01 15:53:47.121', 'pd9E8jlZ Lorem ipsum dolor sit amet, consectetur adipiscing elit, sed do eiusmod tempor incididunt ut labore et dolore magna aliqua. Ut enim ad minim veniam, quis nostrud exercitation ullamco laboris nisi ut aliquip ex ea commodo consequat. Duis aute irure dolor in reprehenderit in voluptate velit esse cillum dolore eu fugiat ', NULL, 0, 'Idea 34 that suggest that we definitely need a longer title for ideas', 25, 4, NULL),
(67, TIMESTAMP '2018-11-29 15:53:47.13', TIMESTAMP '2018-11-30 15:53:47.13', 'qhsv3lze Lorem ipsum dolor sit amet, consectetur adipiscing elit, sed do eiusmod tem', NULL, 0, 'Idea 35 that suggest that we definitely need a longer title for ideas', 26, 7, NULL),
(68, TIMESTAMP '2018-11-28 15:53:47.139', TIMESTAMP '2018-11-29 15:53:47.139', 'h5CJ4dCw Lorem', NULL, 0, 'Idea 36 that suggest that we definitely need a longer title for ideas', 27, 17, NULL),
(69, TIMESTAMP '2018-11-27 15:53:47.146', TIMESTAMP '2018-11-28 15:53:47.146', 'oa2lkrFx Lorem ipsum dolor sit amet, consectetur adipiscing elit, sed do eiusmod tempor incididunt ut labore ', NULL, 0, 'Idea 37 that suggest that we definitely need a longer title for ideas', 28, 5, NULL),
(70, TIMESTAMP '2018-11-26 15:53:47.16', TIMESTAMP '2018-11-27 15:53:47.16', 'dbsqbTk2 Lorem ipsum dolor sit amet, consectetur adipiscing elit, sed do eiusmod tempor inci', NULL, 0, 'Idea 38 that suggest that we definitely need a longer title for ideas', 29, 5, NULL),
(71, TIMESTAMP '2018-11-25 15:53:47.166', TIMESTAMP '2018-11-26 15:53:47.166', 'o4mMkcLP Lorem ipsum dolor sit amet, consectetur adipiscing elit, sed do eiusmod tempor incididunt ut labore et dolore magna aliqua. Ut enim ad minim veniam, quis nostrud exercitation ullamco laboris nisi ut aliquip ex ea commodo consequat. Duis aute irure dolor in reprehenderit in voluptate velit esse cillum dolore eu fugiat nulla pariatur. Exc', NULL, 0, 'Idea 39 that suggest that we definitely need a longer title for ideas', 30, 17, NULL),
(72, TIMESTAMP '2018-11-24 15:53:47.175', TIMESTAMP '2018-11-25 15:53:47.175', 'lc9kbY2w Lorem ipsum dolor sit amet, consectetur adipiscing elit, sed ', NULL, 0, 'Idea 40 that suggest that we definitely need a longer title for ideas', 21, 2, NULL),
(73, TIMESTAMP '2018-11-23 15:53:47.188', TIMESTAMP '2018-11-24 15:53:47.188', '13BSlY17 Lorem ipsum dolor sit amet, consectetur adipiscing elit, sed do eiusmod tempor incididunt ut labore et dolore magna aliqua. Ut enim ad minim veniam, quis nostrud exercitation ullamco laboris nisi ut aliquip ex ea commodo consequat. Duis aute irure dolor in reprehenderit in voluptate velit esse cillum dolore eu fu', NULL, 0, 'Idea 41 that suggest that we definitely need a longer title for ideas', 22, 7, NULL),
(74, TIMESTAMP '2018-11-22 15:53:47.194', TIMESTAMP '2018-11-23 15:53:47.194', 'rNOxnUGf Lorem ipsum dolor sit amet, consectetur adipiscing elit, sed do eiusmod tempor incididunt ut labore et dolore magna aliqua. Ut ', NULL, 0, 'Idea 42 that suggest that we definitely need a longer title for ideas', 23, 6, NULL),
(75, TIMESTAMP '2018-11-21 15:53:47.198', TIMESTAMP '2018-11-22 15:53:47.198', 'mS0zT2cv Lorem ipsum dolor sit amet, consectetur adipiscing elit, sed do eiusmod tempor incididunt ut labore et dolore magna aliqua. Ut enim ad minim veniam, quis nostrud exercitation ullamco laboris nisi ut aliquip ex ea commodo consequat. Duis aute irure dolor in reprehenderit in voluptate velit esse cillum dolore eu fugiat nulla pariatur. Excepteur sin', NULL, 0, 'Idea 43 that suggest that we definitely need a longer title for ideas', 24, 10, NULL),
(76, TIMESTAMP '2018-11-20 15:53:47.204', TIMESTAMP '2018-11-21 15:53:47.204', 'J4kWwUIY ', NULL, 0, 'Idea 44 that suggest that we definitely need a longer title for ideas', 25, 7, NULL),
(77, TIMESTAMP '2018-11-19 15:53:47.212', TIMESTAMP '2018-11-20 15:53:47.212', 'hUcadkZb Lorem ipsum dolor sit amet, consectetur adipiscing elit, sed do eiusmod tempor incididunt ut labore et dolore magna aliqua. Ut enim ad minim veniam, quis nostrud exercitation ullamco laboris nisi ut aliquip ex ea commodo consequat. Duis aute irure dolor in reprehenderit in voluptate velit esse cillum dolore eu fugiat nulla pariatur. Excepteur sint occaecat cupidatat non ', NULL, 0, 'Idea 45 that suggest that we definitely need a longer title for ideas', 26, 1, NULL);
INSERT INTO PUBLIC.LAWS(ID, CREATED_AT, UPDATED_AT, DESCRIPTION, REACHED_QUORUM_AT, STATUS, TITLE, AREA_ID, CREATED_BY_ID, POLL_ID) VALUES
(78, TIMESTAMP '2018-11-18 15:53:47.229', TIMESTAMP '2018-11-19 15:53:47.229', 'LO2h6AaH Lorem ipsum dolor sit amet, consectetur adipiscing elit, sed do eiusmod tempor incididunt ut labore et dolore magna ', NULL, 0, 'Idea 46 that suggest that we definitely need a longer title for ideas', 27, 4, NULL),
(79, TIMESTAMP '2018-11-17 15:53:47.233', TIMESTAMP '2018-11-18 15:53:47.233', 'AbF2pgpp Lorem ipsum dolor sit amet, consectetur adipiscing elit, sed do eiusmod tempor incididunt ut labore et dolore magna aliqua. Ut enim ad minim veniam, quis nostrud exercitation ullamco laboris nisi ut aliquip ex ea commodo consequat. Duis aute irure dolor in reprehenderit in voluptate velit esse cillum dolore eu fugiat nulla pariatur. Excepteur sint occaecat cupidat', NULL, 0, 'Idea 47 that suggest that we definitely need a longer title for ideas', 28, 16, NULL),
(80, TIMESTAMP '2018-11-16 15:53:47.238', TIMESTAMP '2018-11-17 15:53:47.238', 'xwKvX0Za Lorem ipsum dolor sit amet, consectetur adipiscing elit, sed do eiusmod tempor incididunt ut labore et dolore magna aliqua. Ut enim ad minim veniam, quis nostrud exer', NULL, 0, 'Idea 48 that suggest that we definitely need a longer title for ideas', 29, 14, NULL),
(81, TIMESTAMP '2018-11-15 15:53:47.249', TIMESTAMP '2018-11-16 15:53:47.249', 'YRsWzBHn Lorem ipsum dolor sit amet, consectetur adipiscing elit, sed do eiusmod tempor incididunt ut labore et dolore magna aliqua. Ut enim ad minim veniam, quis nostrud exercit', NULL, 0, 'Idea 49 that suggest that we definitely need a longer title for ideas', 30, 16, NULL),
(82, TIMESTAMP '2018-11-14 15:53:47.255', TIMESTAMP '2018-11-15 15:53:47.255', 'Y57ZMpNW Lorem ipsum dolor sit amet, consectetur adipiscing elit, sed do eiusmod tempor incididunt ut labore et dolore magn', NULL, 0, 'Idea 50 that suggest that we definitely need a longer title for ideas', 21, 9, NULL),
(83, TIMESTAMP '2018-11-13 15:53:47.27', TIMESTAMP '2018-11-14 15:53:47.27', '8nlPfmlq Lorem ipsum dolor sit amet, consectetur adipiscing elit, sed do eiusmod tempor incididunt ut labore et dolore magna aliqua. Ut enim ad minim veniam, quis nostrud exercitation ullamco laboris nisi ut aliquip ex ea commodo consequat. Duis aute irure dolor in reprehenderit in voluptate velit esse cillum dolore eu fugi', NULL, 0, 'Idea 51 that suggest that we definitely need a longer title for ideas', 22, 16, NULL),
(84, TIMESTAMP '2018-11-12 15:53:47.278', TIMESTAMP '2018-11-13 15:53:47.279', '3IVCxHMr Lorem ipsum dolor sit amet, consectetur adipiscing elit, sed do eiusmod tempor incididunt ut labore et dolore magna aliqua. Ut enim ad minim veniam, quis nostrud exercitation ullamco laboris nisi ut aliquip ex ea commodo consequat. Duis aute irure dolor in reprehenderit in voluptate velit esse cillum dolore eu fugiat nulla pariatur. Excepteur sint occaecat cupidata', NULL, 0, 'Idea 52 that suggest that we definitely need a longer title for ideas', 23, 9, NULL),
(85, TIMESTAMP '2018-11-11 15:53:47.285', TIMESTAMP '2018-11-12 15:53:47.285', 'WLEtOpC4 Lorem ipsum dolor sit amet, consectetur adipiscing elit, sed do eiusmo', NULL, 0, 'Idea 53 that suggest that we definitely need a longer title for ideas', 24, 17, NULL),
(86, TIMESTAMP '2018-11-10 15:53:47.29', TIMESTAMP '2018-11-11 15:53:47.29', 'TcpMuzfU Lorem ipsum dolor sit amet, consectetur adipiscing elit, sed do eiusmod tempor incididunt ut labore et dolore magna aliqua. Ut enim ad minim veniam, quis nostrud exercitation ullamco laboris nisi ut aliquip ex ea commodo consequat. Duis aute irure dolor in reprehenderit in voluptate velit esse cillum dolore eu fugiat nulla pariatur.', NULL, 0, 'Idea 54 that suggest that we definitely need a longer title for ideas', 25, 10, NULL),
(87, TIMESTAMP '2018-11-09 15:53:47.298', TIMESTAMP '2018-11-10 15:53:47.298', '4v8NlNxJ Lorem ipsum dolor sit amet, consectetur adipiscing elit, sed do eiusmod tempor incididunt ut labore et dolore magna aliqua. Ut enim ad minim veniam, quis nostrud exercitation ullamco laboris nisi ut aliquip ex ea commodo consequat. Duis aute', NULL, 0, 'Idea 55 that suggest that we definitely need a longer title for ideas', 26, 3, NULL);
INSERT INTO PUBLIC.LAWS(ID, CREATED_AT, UPDATED_AT, DESCRIPTION, REACHED_QUORUM_AT, STATUS, TITLE, AREA_ID, CREATED_BY_ID, POLL_ID) VALUES
(88, TIMESTAMP '2018-11-08 15:53:47.304', TIMESTAMP '2018-11-09 15:53:47.304', 'duY5zDMh Lorem ipsum dolor sit amet, consectetur adipiscing elit, sed do eiusmod tempor incididunt ut la', NULL, 0, 'Idea 56 that suggest that we definitely need a longer title for ideas', 27, 18, NULL),
(89, TIMESTAMP '2018-11-07 15:53:47.316', TIMESTAMP '2018-11-08 15:53:47.316', 'jVLy4z3r Lorem ipsum dolor sit amet, consectetur adipiscing elit, sed do eiusmod tempor incididunt ut labore et dolore magna aliqua. Ut enim ad minim veniam, quis nostrud exercitation ullamco laboris nisi ut aliquip ex ea commodo consequat. Duis aute irure dolor in r', NULL, 0, 'Idea 57 that suggest that we definitely need a longer title for ideas', 28, 15, NULL),
(90, TIMESTAMP '2018-11-06 15:53:47.322', TIMESTAMP '2018-11-07 15:53:47.322', 'i4xEGvcH Lorem ipsum dolor sit amet, consectetur adipiscing elit, sed do eiusmod tempor incididunt ut labore et dolore magna aliqua. Ut enim ad minim veniam, quis nostrud exercitation ullamco laboris nisi ut aliquip ex ea commodo consequat. Duis aute irure dolor in reprehenderit in voluptate velit esse cillum dolore eu fugiat nulla pariatur. Excepteur sint occaecat cupidatat non proident, sunt in culpa', NULL, 0, 'Idea 58 that suggest that we definitely need a longer title for ideas', 29, 4, NULL),
(91, TIMESTAMP '2018-11-05 15:53:47.33', TIMESTAMP '2018-11-06 15:53:47.33', 'zwI8agW4 Lorem ipsum dolor sit amet, consectetur adipiscing elit, sed do eiusmod tempor incididunt ut labore et dolore magna aliqua. Ut enim ad minim veniam, quis nostrud exercitation ullamco laboris nisi ut aliquip ex ', NULL, 0, 'Idea 59 that suggest that we definitely need a longer title for ideas', 30, 18, NULL),
(92, TIMESTAMP '2018-11-04 15:53:47.338', TIMESTAMP '2018-11-05 15:53:47.338', 'gGxcMR1i Lorem ipsum dolor sit amet, consectetur adipiscing elit, sed do eiusmod tempor incididunt ut labore et dolore magna aliqua. Ut enim ad minim veniam, quis nostrud exercitation ullamco laboris nisi ut aliquip ex ea commodo consequat. Duis aute irure dolor in reprehenderit in voluptate velit esse cillum dolore eu fugiat nulla pariatur. Excepteur sint occaecat cupidatat non proident, sunt in culpa', NULL, 0, 'Idea 60 that suggest that we definitely need a longer title for ideas', 21, 14, NULL),
(93, TIMESTAMP '2018-11-03 15:53:47.341', TIMESTAMP '2018-11-04 15:53:47.341', 'YcD4tvzd Lorem ipsum dolor sit amet, consectetur adipiscing elit, sed do eiusmod tempor incididunt ut labore et dolore magna aliqua. U', NULL, 0, 'Idea 61 that suggest that we definitely need a longer title for ideas', 22, 10, NULL),
(94, TIMESTAMP '2018-11-02 15:53:47.347', TIMESTAMP '2018-11-03 15:53:47.347', 'tAQwcdex Lorem ipsum dolor sit amet, consectetur adipiscing elit, sed do eiusmod tempor incididunt ut labore et dolore magna aliqua. Ut enim ad minim veniam, quis nostrud exercitatio', NULL, 0, 'Idea 62 that suggest that we definitely need a longer title for ideas', 23, 13, NULL),
(95, TIMESTAMP '2018-11-01 15:53:47.353', TIMESTAMP '2018-11-02 15:53:47.353', 'W9LKiSGG Lorem ipsum dolor sit amet, consectetur adipiscing elit, sed do eiusmod tempor incididunt ut labore et dolore magna aliqua. Ut enim ad minim veniam, quis nostrud exercitation ullamco laboris nisi ut aliquip ex ea commodo consequat. Duis aute irure dolor in reprehenderit in voluptat', NULL, 0, 'Idea 63 that suggest that we definitely need a longer title for ideas', 24, 18, NULL),
(96, TIMESTAMP '2018-10-31 15:53:47.357', TIMESTAMP '2018-11-01 15:53:47.357', 'mbE0kGCx Lorem ipsum dolor sit amet, consectetur adipiscing elit, sed do eiusmod tempor incididunt ut labore et dolore magna aliqua. Ut enim ad minim veniam, quis nostrud exercitation ullamco laboris nisi ut aliquip ex ea commodo consequat. Duis aute irure dolor in reprehenderit', NULL, 0, 'Idea 64 that suggest that we definitely need a longer title for ideas', 25, 19, NULL),
(97, TIMESTAMP '2018-10-30 15:53:47.365', TIMESTAMP '2018-10-31 15:53:47.365', 'NcdvHJhv Lorem ipsum dolor sit amet, consectetur adipiscing elit, sed do eiusmod tempor incididunt ut labore et dolore magna aliqua. Ut enim ad minim veniam, quis nostrud exercitation ullamco laboris nisi ut aliq', NULL, 0, 'Idea 65 that suggest that we definitely need a longer title for ideas', 26, 2, NULL);
INSERT INTO PUBLIC.LAWS(ID, CREATED_AT, UPDATED_AT, DESCRIPTION, REACHED_QUORUM_AT, STATUS, TITLE, AREA_ID, CREATED_BY_ID, POLL_ID) VALUES
(98, TIMESTAMP '2018-10-29 15:53:47.368', TIMESTAMP '2018-10-30 15:53:47.368', 'sWMrtEUN Lorem ipsum dolor sit amet, consectetur adipiscing elit, sed do eiusmod tempor incididunt ut labore et dolore magna aliqua. U', NULL, 0, 'Idea 66 that suggest that we definitely need a longer title for ideas', 27, 15, NULL),
(99, TIMESTAMP '2018-10-28 15:53:47.374', TIMESTAMP '2018-10-29 15:53:47.374', 'iwYkGaEw Lorem ipsum dolor sit amet, consectetur adipiscing elit, sed do eiusmod tempor incididunt ut labore et dolore magna aliqua. Ut enim ad minim veniam, quis nostrud exercitation ullamco la', NULL, 0, 'Idea 67 that suggest that we definitely need a longer title for ideas', 28, 9, NULL),
(100, TIMESTAMP '2018-10-27 15:53:47.379', TIMESTAMP '2018-10-28 15:53:47.379', 'wB5DLdkY Lorem ipsum dolor sit amet, consectetur adipiscing elit, sed do eiusmod tempor incididunt ut labore et dolore magna aliqua. Ut enim ad minim veniam, quis nostrud exercitation ullamco laboris nisi ut aliquip ex ea commodo consequat. Du', NULL, 0, 'Idea 68 that suggest that we definitely need a longer title for ideas', 29, 6, NULL),
(101, TIMESTAMP '2018-10-26 15:53:47.39', TIMESTAMP '2018-10-27 15:53:47.39', '1zyvONyE Lorem ipsum dolor sit amet, consectetur adipiscing elit, sed do eiusmod tempor incididunt ut labore et dolore magna aliqua. Ut enim ad minim veniam, quis nostrud ex', NULL, 0, 'Idea 69 that suggest that we definitely need a longer title for ideas', 30, 13, NULL),
(102, TIMESTAMP '2018-10-25 15:53:47.399', TIMESTAMP '2018-10-26 15:53:47.399', 'UebkcTPL Lorem ipsum dolor sit amet, consectetur adipiscing elit, sed do eiusmod tempor incididunt ut labore ', NULL, 0, 'Idea 70 that suggest that we definitely need a longer title for ideas', 21, 1, NULL),
(103, TIMESTAMP '2018-10-24 15:53:47.405', TIMESTAMP '2018-10-25 15:53:47.406', 'WZKlv0GU Lorem ipsum dol', NULL, 0, 'Idea 71 that suggest that we definitely need a longer title for ideas', 22, 18, NULL),
(104, TIMESTAMP '2018-10-23 15:53:47.409', TIMESTAMP '2018-10-24 15:53:47.409', 'EAkXwEhf Lorem ipsum dolor sit amet, consectetur adipiscing elit, sed do eiusmod tempor incididunt ut labore et dolore magna aliqua. Ut enim ad minim veniam,', NULL, 0, 'Idea 72 that suggest that we definitely need a longer title for ideas', 23, 18, NULL),
(105, TIMESTAMP '2018-10-22 15:53:47.413', TIMESTAMP '2018-10-23 15:53:47.413', 'CISlzxWC Lorem ipsum dolor sit amet, consectetur adipiscing elit, sed do eiusmod tempor incididunt ut labore et dolore magna aliqua. Ut enim ad minim veniam, quis nostrud exercitation ullamco laboris nisi ut aliquip ex ea commodo consequat. Duis aute irure dolor in reprehenderit in voluptate velit esse cillum dolore eu fugiat nulla pariatur. Excepteur sint occaecat cupidat', NULL, 0, 'Idea 73 that suggest that we definitely need a longer title for ideas', 24, 18, NULL),
(106, TIMESTAMP '2018-10-21 15:53:47.423', TIMESTAMP '2018-10-22 15:53:47.423', 'y9tPM4Pt Lorem ipsum dolor sit amet, consectetur adipiscing elit, sed do eiusmod tempor incididunt ut labore et dolore magna aliqua. Ut enim ad minim veniam, quis nostrud exercitation ullamco laboris nisi ut aliquip ex ea commodo consequat. Duis aute irure dolor in reprehenderit ', NULL, 0, 'Idea 74 that suggest that we definitely need a longer title for ideas', 25, 16, NULL),
(107, TIMESTAMP '2018-10-20 15:53:47.432', TIMESTAMP '2018-10-21 15:53:47.432', 'PEjXu2iU Lorem ipsum dolor sit amet, consectetur adipiscing elit, sed do eiusmod tempor incididunt ut labore et dolore magna aliqua. Ut enim ad minim veniam, quis nostrud exercitation ullamco laboris nisi ut aliquip ex ea commodo consequat. Duis aute irure dolor in reprehenderit in voluptate velit esse cillum dolore eu fugiat nulla pariatur', NULL, 0, 'Idea 75 that suggest that we definitely need a longer title for ideas', 26, 7, NULL),
(108, TIMESTAMP '2018-10-19 15:53:47.436', TIMESTAMP '2018-10-20 15:53:47.436', 'SSeL7DVx Lorem ipsum dolor sit am', NULL, 0, 'Idea 76 that suggest that we definitely need a longer title for ideas', 27, 8, NULL);
INSERT INTO PUBLIC.LAWS(ID, CREATED_AT, UPDATED_AT, DESCRIPTION, REACHED_QUORUM_AT, STATUS, TITLE, AREA_ID, CREATED_BY_ID, POLL_ID) VALUES
(109, TIMESTAMP '2018-10-18 15:53:47.44', TIMESTAMP '2018-10-19 15:53:47.441', '8fpnls1X Lorem ipsum dolor sit amet, consectetur adipiscing elit, sed do eiusmod tempor incid', NULL, 0, 'Idea 77 that suggest that we definitely need a longer title for ideas', 28, 8, NULL),
(110, TIMESTAMP '2018-10-17 15:53:47.448', TIMESTAMP '2018-10-18 15:53:47.448', 'ntUG5nsW Lorem ipsum dolor sit amet, consectetur adipiscing elit, sed do eiusmod tempor incididunt ut labore et dolore magna aliqua. Ut enim ad minim veniam, quis nostrud exercitation ullamco laboris nisi ut aliquip ex ea commodo consequat. Duis aute irure dolor in reprehenderit in voluptate velit esse cillum dolore eu fugiat nulla pariatur. Excepteur sint occa', NULL, 0, 'Idea 78 that suggest that we definitely need a longer title for ideas', 29, 17, NULL),
(111, TIMESTAMP '2018-10-16 15:53:47.455', TIMESTAMP '2018-10-17 15:53:47.455', 'z5cjmvmv Lorem ipsum dolor sit amet, consectetur adipiscing elit, sed do eiusmod tempor incididunt ut labore et dolore magna aliqua. Ut enim ad minim veniam, quis nostrud exercitation ullamco laboris nisi ut aliquip ex ea commodo consequat. Duis aute irure dolor in reprehenderit in voluptate velit esse cillum dolore eu fugiat nulla pariatur. Excepteur sint occaecat cupidatat non proident, sunt', NULL, 0, 'Idea 79 that suggest that we definitely need a longer title for ideas', 30, 8, NULL),
(112, TIMESTAMP '2018-10-15 15:53:47.463', TIMESTAMP '2018-10-16 15:53:47.463', 'G8YMInu9 Lorem ipsum dolor sit amet, consectetur adipi', NULL, 0, 'Idea 80 that suggest that we definitely need a longer title for ideas', 21, 18, NULL),
(113, TIMESTAMP '2018-10-14 15:53:47.471', TIMESTAMP '2018-10-15 15:53:47.472', 'u4KUYiKE Lorem ipsum dolor sit amet, consectetur adipiscing elit, sed do eiusmod tempor incididunt ut labore et dolore magna aliqua. Ut enim ad minim veniam, quis nostrud exercitation ullamco laboris nisi ut aliquip ex ea commodo consequat. Duis aute irure dolor in repreh', NULL, 0, 'Idea 81 that suggest that we definitely need a longer title for ideas', 22, 9, NULL),
(114, TIMESTAMP '2018-10-13 15:53:47.479', TIMESTAMP '2018-10-14 15:53:47.479', 'cIJPpdl1 Lorem ipsum dolor sit amet, consectetur adipiscing elit, sed do eiusmod tempor incididunt ut labore et dolore magna aliqua. Ut enim ad minim veniam, quis nostrud exercitation ullamco laboris nisi ut aliquip ex ea ', NULL, 0, 'Idea 82 that suggest that we definitely need a longer title for ideas', 23, 14, NULL),
(115, TIMESTAMP '2018-10-12 15:53:47.483', TIMESTAMP '2018-10-13 15:53:47.483', 'GlJay8RR Lorem ipsum dolor sit amet, consectetur adipiscing elit, sed do eiusmod tempor incididunt ut labore et dolore magna aliqua. Ut enim ad minim veniam, quis nostrud exercitation ullamco laboris nisi ut aliquip ex ea commodo consequat. Duis aute irure dolor in reprehenderit in voluptate velit esse cillum dolore eu fugiat nulla pariatu', NULL, 0, 'Idea 83 that suggest that we definitely need a longer title for ideas', 24, 7, NULL),
(116, TIMESTAMP '2018-10-11 15:53:47.49', TIMESTAMP '2018-10-12 15:53:47.49', 'ioZDy54Q Lorem ipsum dolor sit amet, consectetur adipiscing elit, sed do eiusmod tempor incididunt ut labore et dolore magna aliqua. Ut enim ad minim veniam, quis nostrud exercitation ullamco laboris nisi ut aliquip ex ea commodo c', NULL, 0, 'Idea 84 that suggest that we definitely need a longer title for ideas', 25, 19, NULL),
(117, TIMESTAMP '2018-10-10 15:53:47.494', TIMESTAMP '2018-10-11 15:53:47.494', '8RK7bZqR Lorem ipsum dolor sit amet, consectetur adipiscing elit, sed do eiusmod tempor incididunt ut labore et dolore magna aliqua. Ut enim ad minim veniam, quis nostrud exercitation ullamco laboris nisi ut aliquip ex ea commodo consequat. Duis aute irure dolor in reprehenderit in voluptate velit esse cillum dolore eu fugiat nulla pariatur. Excepteur s', NULL, 0, 'Idea 85 that suggest that we definitely need a longer title for ideas', 26, 6, NULL),
(118, TIMESTAMP '2018-10-09 15:53:47.504', TIMESTAMP '2018-10-10 15:53:47.504', 'JefBUURh Lorem ipsum dolor sit amet, consectetur adipiscing elit, sed do eiusmod tempor incididunt ut labore et dolore magna aliqua. Ut enim ad minim veniam, quis nostrud exercitation ullamco laboris nisi ut aliquip ex ea commodo consequat. Duis aute irure dolor in reprehenderit i', NULL, 0, 'Idea 86 that suggest that we definitely need a longer title for ideas', 27, 14, NULL);
INSERT INTO PUBLIC.LAWS(ID, CREATED_AT, UPDATED_AT, DESCRIPTION, REACHED_QUORUM_AT, STATUS, TITLE, AREA_ID, CREATED_BY_ID, POLL_ID) VALUES
(119, TIMESTAMP '2018-10-08 15:53:47.514', TIMESTAMP '2018-10-09 15:53:47.514', 'ukVXFLKG Lorem ipsum dolor sit amet, consectetur adipiscing elit, sed do eiusmod tempor incididunt ut labore et dolore magna aliqua. Ut enim ad minim veniam, quis nostrud exercitation ullamco laboris nisi ut aliquip ex ea commodo consequat. Duis aute irure dolor in reprehenderi', NULL, 0, 'Idea 87 that suggest that we definitely need a longer title for ideas', 28, 7, NULL),
(120, TIMESTAMP '2018-10-07 15:53:47.521', TIMESTAMP '2018-10-08 15:53:47.521', 'DpwsRixr Lorem ipsum d', NULL, 0, 'Idea 88 that suggest that we definitely need a longer title for ideas', 29, 4, NULL),
(121, TIMESTAMP '2018-10-06 15:53:47.529', TIMESTAMP '2018-10-07 15:53:47.529', 'Q7vVuFZ1 Lorem ipsum dolor sit amet, consectetur adipiscing elit, sed do eiusmod tempor incididunt ut labore et dolore magna aliqua. Ut enim ad minim veniam, quis nostrud exercitation ullamco laboris nisi ut aliquip ex ea commodo consequat. Duis aute irure dolor in reprehenderit in voluptate velit esse cillum dolore eu fugiat nulla pariatur. Excepteur sint occaecat cupidatat non', NULL, 0, 'Idea 89 that suggest that we definitely need a longer title for ideas', 30, 4, NULL),
(122, TIMESTAMP '2018-10-05 15:53:47.538', TIMESTAMP '2018-10-06 15:53:47.538', '5OSku7Go Lorem ipsum dolor sit amet, consectetur adipi', NULL, 0, 'Idea 90 that suggest that we definitely need a longer title for ideas', 21, 2, NULL),
(123, TIMESTAMP '2018-10-04 15:53:47.544', TIMESTAMP '2018-10-05 15:53:47.544', 'pCnCoPFp Lorem ipsum dolor sit amet, consectetur adipiscing elit, sed do eiusmod tempor incididunt ut labore et dolore magna aliqua. Ut enim ad minim veniam, quis nostrud exercitation ullamco laboris nisi ut aliquip ex ea commodo consequat', NULL, 0, 'Idea 91 that suggest that we definitely need a longer title for ideas', 22, 8, NULL),
(124, TIMESTAMP '2018-10-03 15:53:47.553', TIMESTAMP '2018-10-04 15:53:47.553', 'kDax2NCV Lorem ipsum dolor sit amet, consectetur adipiscing elit, sed ', NULL, 0, 'Idea 92 that suggest that we definitely need a longer title for ideas', 23, 12, NULL),
(125, TIMESTAMP '2018-10-02 15:53:47.56', TIMESTAMP '2018-10-03 15:53:47.56', 'lYa8oUDy Lorem ipsum dolor sit amet, consectetur adipiscing elit, sed do eiusmod tempor incididunt ut labore et dolore magna aliqua. Ut enim ad minim veniam, quis nostrud exercitation ullamco laboris nisi ut aliquip ex ea commodo consequat. Duis aute irure dolor in reprehenderit in voluptate velit esse cillum dolore eu fugiat nulla pariatur. Excepteur sint occaecat', NULL, 0, 'Idea 93 that suggest that we definitely need a longer title for ideas', 24, 1, NULL),
(126, TIMESTAMP '2018-10-01 15:53:47.566', TIMESTAMP '2018-10-02 15:53:47.566', 'lY9C1bMt Lorem ipsum dolor sit amet, consectetur adipiscing elit, sed do eiusmod tempor incididunt ut labore et dolore magna aliqua. Ut enim ad minim veniam, quis nostrud exercitation ullamco laboris nisi ut aliquip ex ea commodo consequat. Duis aute irure dolor in reprehenderit in voluptate velit esse cillum dolore eu fugiat nulla pariatur. E', NULL, 0, 'Idea 94 that suggest that we definitely need a longer title for ideas', 25, 9, NULL),
(127, TIMESTAMP '2018-09-30 15:53:47.572', TIMESTAMP '2018-10-01 15:53:47.572', 'ze0iOJ8C Lorem ipsum dolor sit amet, consectetur adipiscing elit, sed do eiusmod tempor incididunt ut labore et dolore magna aliqua. Ut enim ad minim veniam, quis nostrud exercitation ullamco laboris nisi ut aliquip ex ea commodo consequat. Duis aute irure dolor in reprehenderit in voluptate velit esse c', NULL, 0, 'Idea 95 that suggest that we definitely need a longer title for ideas', 26, 7, NULL),
(128, TIMESTAMP '2018-09-29 15:53:47.578', TIMESTAMP '2018-09-30 15:53:47.578', 'ZFXOdHGX Lorem ipsum dolor sit amet, consectetur adipiscing elit, sed do eiusmod tempor incididunt ut labore et dolore magna aliqua. Ut enim ad minim veniam, quis nostrud exercitation ullamco laboris nisi ut aliquip ex ea commodo consequat. Duis aute irure dolor in reprehenderit in voluptate velit esse cillum dolore eu fugiat nulla pariatur. Exce', NULL, 0, 'Idea 96 that suggest that we definitely need a longer title for ideas', 27, 13, NULL);
INSERT INTO PUBLIC.LAWS(ID, CREATED_AT, UPDATED_AT, DESCRIPTION, REACHED_QUORUM_AT, STATUS, TITLE, AREA_ID, CREATED_BY_ID, POLL_ID) VALUES
(129, TIMESTAMP '2018-09-28 15:53:47.584', TIMESTAMP '2018-09-29 15:53:47.584', 'OoWOFlcR Lorem ipsum dolor sit amet, consectetur adipiscing elit, sed do eiusmod tempor incididunt ut labore et dolore magna aliqua. Ut enim ad minim veniam, quis nostrud exercitation ullamco laboris nisi ut aliquip ex ea commodo consequat. Duis aute irure dolor in re', NULL, 0, 'Idea 97 that suggest that we definitely need a longer title for ideas', 28, 1, NULL),
(130, TIMESTAMP '2018-09-27 15:53:47.591', TIMESTAMP '2018-09-28 15:53:47.591', 'FJnsLybM Lorem ipsum d', NULL, 0, 'Idea 98 that suggest that we definitely need a longer title for ideas', 29, 13, NULL),
(131, TIMESTAMP '2018-09-26 15:53:47.598', TIMESTAMP '2018-09-27 15:53:47.598', 'YHouCWIR Lorem ipsum dolor sit amet, consectetur adipiscing elit, sed do eiusmod tempor incididunt ut labore et dolore magna aliqua. Ut enim ad minim veniam, quis nostrud exercitation ullamco laboris nisi ut aliquip ex ea commodo consequat. Duis aute irure dolor in reprehenderit in voluptate velit esse cillum dolore eu fugiat nulla pariatur. Excepteur sint ', NULL, 0, 'Idea 99 that suggest that we definitely need a longer title for ideas', 30, 18, NULL),
(132, TIMESTAMP '2018-09-25 15:53:47.602', TIMESTAMP '2018-09-26 15:53:47.602', 'HH4zrwmE Lorem ipsum dolor sit amet, consectetur adipiscing elit, sed do eiusmod tempor incididunt ut labore et dolore magna aliqua. Ut enim ad minim veniam, quis nostrud exercitation ullamco laboris nisi ut aliquip ex', NULL, 0, 'Idea 100 that suggest that we definitely need a longer title for ideas', 21, 18, NULL),
(133, TIMESTAMP '2018-09-24 15:53:47.611', TIMESTAMP '2018-09-25 15:53:47.611', 'r449W1N6 Lorem ipsum dolor sit amet, consectetur adipiscing elit, sed do eiusmod tempor incididunt ut labore et dolore magna aliqua. Ut enim ad ', NULL, 0, 'Idea 101 that suggest that we definitely need a longer title for ideas', 22, 13, NULL),
(134, TIMESTAMP '2018-09-23 15:53:47.618', TIMESTAMP '2018-09-24 15:53:47.618', '6I8JQXSS Lorem ipsum dolor sit amet, consectetur adipiscing elit, sed do eiusmod tempor incididunt ut labore et dolore magna aliqua. Ut enim ad minim veniam, quis nostrud exercitation ullamco laboris nisi ut aliquip', NULL, 0, 'Idea 102 that suggest that we definitely need a longer title for ideas', 23, 20, NULL),
(135, TIMESTAMP '2018-09-22 15:53:47.625', TIMESTAMP '2018-09-23 15:53:47.625', 'AxmYJOsW Lorem ipsum dolor sit amet, consectetur adipiscing elit, sed do eiusmod tempor incididunt ut labore et dolore m', NULL, 0, 'Idea 103 that suggest that we definitely need a longer title for ideas', 24, 6, NULL),
(136, TIMESTAMP '2018-09-21 15:53:47.633', TIMESTAMP '2018-09-22 15:53:47.633', '0uXBW0hq Lorem ip', NULL, 0, 'Idea 104 that suggest that we definitely need a longer title for ideas', 25, 2, NULL),
(137, TIMESTAMP '2018-09-20 15:53:47.641', TIMESTAMP '2018-09-21 15:53:47.641', '6kvDmdRx Lorem ipsum dolor sit amet, consectetur adipiscing elit,', NULL, 0, 'Idea 105 that suggest that we definitely need a longer title for ideas', 26, 9, NULL),
(138, TIMESTAMP '2018-09-19 15:53:47.65', TIMESTAMP '2018-09-20 15:53:47.65', '4Km1wtGt Lorem ipsum dolor sit amet, consectetur adipiscing elit, sed do eiusmod tempor incididunt ut labore et dolore magna aliqua. Ut enim ad minim veniam, quis nostrud exercitation ullamco laboris nisi ut aliquip ex ea commodo consequat. ', NULL, 0, 'Idea 106 that suggest that we definitely need a longer title for ideas', 27, 2, NULL),
(139, TIMESTAMP '2018-09-18 15:53:47.655', TIMESTAMP '2018-09-19 15:53:47.655', 'djT8TFE6 Lorem ipsum dolor sit amet, consectetur adipiscing elit, sed do eiusmod tempor incididunt ut labore et dolore magna aliqua. Ut enim ad ', NULL, 0, 'Idea 107 that suggest that we definitely need a longer title for ideas', 28, 7, NULL),
(140, TIMESTAMP '2018-09-17 15:53:47.661', TIMESTAMP '2018-09-18 15:53:47.661', '67IjZg0T Lorem ipsum dolor sit amet, consectetur adipiscing elit, sed do eiusmod tempor incididunt ut labore et dolore magna aliqua. Ut enim ad minim veniam, quis nostrud', NULL, 0, 'Idea 108 that suggest that we definitely need a longer title for ideas', 29, 5, NULL);
INSERT INTO PUBLIC.LAWS(ID, CREATED_AT, UPDATED_AT, DESCRIPTION, REACHED_QUORUM_AT, STATUS, TITLE, AREA_ID, CREATED_BY_ID, POLL_ID) VALUES
(141, TIMESTAMP '2018-09-16 15:53:47.666', TIMESTAMP '2018-09-17 15:53:47.666', 'IGPVuwj6 Lorem ipsum dolor sit amet, consectetur adipiscing elit, sed do eiusmod tempor incididunt ut labore et dolore magna aliqua. Ut enim ad minim veniam, quis nostrud exercitation ullamco laboris nisi ut aliquip ex ea commodo cons', NULL, 0, 'Idea 109 that suggest that we definitely need a longer title for ideas', 30, 11, NULL),
(142, TIMESTAMP '2018-09-15 15:53:47.669', TIMESTAMP '2018-09-16 15:53:47.669', '1yR6CFDB Lorem ipsum dolor sit amet, consectetur adipiscing', NULL, 0, 'Idea 110 that suggest that we definitely need a longer title for ideas', 21, 13, NULL),
(143, TIMESTAMP '2018-12-30 15:53:47.684', TIMESTAMP '2018-12-31 15:53:47.684', 'iLCK8h9x Lorem ipsum dolor sit amet, consectetur adipiscing elit, sed do eiusmod tempor', TIMESTAMP '2019-01-04 15:53:47.68', 1, 'Proposal 0 that reached its quorum', 26, 11, NULL),
(144, TIMESTAMP '2019-01-03 15:53:47.699', TIMESTAMP '2019-01-04 15:53:47.699', 'gExkPZIf Lorem ipsum dolor sit', TIMESTAMP '2019-01-04 15:53:47.697', 1, 'Proposal 1 that reached its quorum', 28, 10, NULL),
(145, TIMESTAMP '2018-12-30 15:53:47.716', TIMESTAMP '2018-12-31 15:53:47.717', 'DjUs4ZSH Lorem ipsum dolor sit amet, consectetur adipiscing elit, sed do eiusmod tempor incididunt ut labore et dolore magna aliqua.', TIMESTAMP '2019-01-04 15:53:47.714', 1, 'Proposal 2 that reached its quorum', 26, 5, NULL),
(146, TIMESTAMP '2018-12-27 15:53:47.731', TIMESTAMP '2018-12-28 15:53:47.731', 'q0zloDhS Lorem ipsum dolor sit amet, consectetur ', TIMESTAMP '2019-01-04 15:53:47.729', 1, 'Proposal 3 that reached its quorum', 30, 11, NULL),
(147, TIMESTAMP '2018-12-26 15:53:47.746', TIMESTAMP '2018-12-27 15:53:47.746', 'A2ChhqRV Lorem ipsum dolor sit amet, consectetu', TIMESTAMP '2019-01-04 15:53:47.744', 1, 'Proposal 4 that reached its quorum', 25, 9, NULL),
(148, TIMESTAMP '2018-12-30 15:53:47.762', TIMESTAMP '2018-12-31 15:53:47.762', 'kosStEs2 Lorem ipsum dolor sit amet, consectetur adipiscing elit, sed do eiusmod tempor incididunt ut labore et dolore magna aliqua. Ut enim ad minim veniam, quis nostrud exercitation ullamco laboris nisi ut aliquip ex ea commodo consequat. Duis aute irure dolor in reprehenderit in voluptate velit esse cillum dolore eu fugiat nulla pariatur. ', TIMESTAMP '2019-01-04 15:53:47.76', 1, 'Proposal 5 that reached its quorum', 25, 7, NULL),
(149, TIMESTAMP '2019-01-03 15:53:47.778', TIMESTAMP '2019-01-04 15:53:47.778', '3ekZeQqv Lorem ipsum dolor sit amet, consecte', TIMESTAMP '2019-01-04 15:53:47.776', 1, 'Proposal 6 that reached its quorum', 28, 18, NULL),
(150, TIMESTAMP '2018-12-30 15:53:47.794', TIMESTAMP '2018-12-31 15:53:47.794', 'XvkhhjpH Lorem ipsum dolor sit amet, consectetur adipiscing elit, sed do eiusmod tempor incididunt ut labore et dolore magna aliqua. Ut enim ad minim veniam, quis nostrud exercitation ullamco laboris nisi ut aliquip ex ea commodo consequat. Duis aute irure dolor in reprehenderit in voluptat', TIMESTAMP '2019-01-04 15:53:47.792', 1, 'Proposal 7 that reached its quorum', 26, 7, NULL),
(151, TIMESTAMP '2018-12-31 15:53:47.812', TIMESTAMP '2019-01-01 15:53:47.812', 'JTYlQXnf Lorem ipsum dolor sit amet, consectetur adipiscing elit, sed do eiusmod tempor incididunt ut l', TIMESTAMP '2019-01-04 15:53:47.809', 1, 'Proposal 8 that reached its quorum', 28, 6, NULL),
(152, TIMESTAMP '2018-12-27 15:53:47.828', TIMESTAMP '2018-12-28 15:53:47.828', 'Ry6OUdof Lorem ipsum dolor sit amet, consectetur adipiscing elit, sed do eiusmod tempor incididunt ut labore et dolore magna aliqua. Ut enim ad minim veniam, quis nostrud exercitation ullamco laboris nisi ut aliquip ex ea commodo consequat. Duis aute irure dolor in reprehenderit in voluptate velit esse cillum dolore eu fugiat nulla pariatur. Excepteur ', TIMESTAMP '2019-01-04 15:53:47.826', 1, 'Proposal 9 that reached its quorum', 23, 2, NULL),
(153, TIMESTAMP '2018-12-31 15:53:47.846', TIMESTAMP '2019-01-01 15:53:47.846', 'PPOlGURg Lorem ipsum dolor sit amet, consectetur adipiscing elit, sed do', TIMESTAMP '2019-01-04 15:53:47.843', 1, 'Proposal 10 that reached its quorum', 22, 8, NULL);
INSERT INTO PUBLIC.LAWS(ID, CREATED_AT, UPDATED_AT, DESCRIPTION, REACHED_QUORUM_AT, STATUS, TITLE, AREA_ID, CREATED_BY_ID, POLL_ID) VALUES
(154, TIMESTAMP '2019-01-03 15:53:47.863', TIMESTAMP '2019-01-04 15:53:47.863', 'JFszrUfa Lorem ipsum dolor sit amet, consectetur adipiscing elit, sed do eiusmod tempor incididunt ut labore et dolore magna aliqua. Ut enim ad minim veniam, quis nostrud exercitation ullamco laboris nisi ut aliquip ex ea commodo consequat. Duis aute irure dolor in reprehenderit in voluptate velit esse cillum dolore eu fugiat nulla pariatur. Excepteur sint occa', TIMESTAMP '2019-01-04 15:53:47.86', 1, 'Proposal 11 that reached its quorum', 25, 11, NULL),
(155, TIMESTAMP '2019-01-03 15:53:47.882', TIMESTAMP '2019-01-04 15:53:47.883', 'OnMzAamt Lorem ipsum dolor sit amet, consectetur adipiscing elit, sed do eiusmod tempor incididunt ut labore et dolore magna aliqua. Ut enim ad minim veniam, quis nostrud e', TIMESTAMP '2019-01-04 15:53:47.88', 1, 'Proposal 12 that reached its quorum', 27, 12, NULL),
(156, TIMESTAMP '2018-12-31 15:53:47.907', TIMESTAMP '2019-01-01 15:53:47.908', 'JvGPxvXZ Lorem ipsum dolor sit amet, consectetur adipiscing elit, sed do eiusmod tempor incididunt ut labore et dolore magna aliqua. Ut enim ad minim veniam, qui', TIMESTAMP '2019-01-04 15:53:47.905', 1, 'Proposal 13 that reached its quorum', 21, 20, NULL),
(157, TIMESTAMP '2019-01-03 15:53:47.932', TIMESTAMP '2019-01-04 15:53:47.932', 'hoy5UPdE Lorem ipsum dolor sit amet, consectetur adipiscing elit, sed do eiusmod tempor incididunt ut labore et dolore magna aliqua. Ut enim ad minim veniam, quis nostrud exercitation ullamco laboris nisi ut aliquip ex ea commodo consequat. Duis aute irure dolor in reprehenderit in voluptate velit esse cillum dolore eu fugiat nulla pari', TIMESTAMP '2019-01-04 15:53:47.926', 1, 'Proposal 14 that reached its quorum', 27, 1, NULL),
(158, TIMESTAMP '2018-12-26 15:53:47.949', TIMESTAMP '2018-12-27 15:53:47.949', '3eaMtovr Lorem ipsum dolor sit amet, consectetur adipiscing elit, sed do eiusmod tempor incididunt ut labore et dolore magna aliqua. Ut enim ad minim veniam, quis nostrud exercitation ullamco laboris nisi ut aliquip ex ea commodo consequa', TIMESTAMP '2019-01-04 15:53:47.946', 1, 'Proposal 15 that reached its quorum', 23, 17, NULL),
(159, TIMESTAMP '2018-12-28 15:53:47.969', TIMESTAMP '2018-12-29 15:53:47.97', 'fyCUqrxZ Lorem ipsum dolor sit amet, consectetur adipiscing elit, sed do eiusmod tempor incididunt ut labore et dolore magna aliqua. Ut enim ad minim veniam, quis nostrud exercitation ull', TIMESTAMP '2019-01-04 15:53:47.964', 1, 'Proposal 16 that reached its quorum', 21, 18, NULL),
(160, TIMESTAMP '2019-01-01 15:53:48.016', TIMESTAMP '2019-01-02 15:53:48.016', 'G4Kvbm4u Lorem ipsum dolor sit amet, consectetur adipiscing elit, sed do eiusmod tempor incididunt ut labore et dolore magna aliqua. Ut enim ad minim veni', TIMESTAMP '2019-01-04 15:53:48.013', 1, 'Proposal 17 that reached its quorum', 29, 2, NULL),
(161, TIMESTAMP '2019-01-04 15:53:48.034', TIMESTAMP '2019-01-04 15:53:48.034', 'gdHh4b1D Lorem ipsum dolor sit amet, consectetur adipiscing elit, sed do eiusmod tempor incididunt ut labore et dolore magna aliqua. Ut enim ad minim veniam, quis nostrud exercitation ullamco laboris nisi ut aliquip ex ea commodo consequat. Duis aute irure dolor in reprehenderit in voluptate velit esse cillum dolore eu fugiat nulla pariatur. ', TIMESTAMP '2019-01-04 15:53:48.032', 1, 'Proposal 18 that reached its quorum', 26, 16, NULL),
(162, TIMESTAMP '2019-01-04 15:53:48.051', TIMESTAMP '2019-01-04 15:53:48.051', 'XKVlJhiL Lorem ipsum dolor sit amet, consectetur adipiscing elit, sed do eiusmod tempor incididunt ut labore et ', TIMESTAMP '2019-01-04 15:53:48.048', 1, 'Proposal 19 that reached its quorum', 24, 11, NULL),
(163, TIMESTAMP '2019-01-03 15:53:48.068', TIMESTAMP '2019-01-04 15:53:48.068', 'LCW53aVb Lorem ipsum dolor sit amet, consectetur adipiscing elit, sed do eiusmod tempor incididunt ut labore et dolore magna aliqua. Ut enim a', TIMESTAMP '2019-01-04 15:53:48.066', 1, 'Proposal 20 that reached its quorum', 25, 12, NULL);
INSERT INTO PUBLIC.LAWS(ID, CREATED_AT, UPDATED_AT, DESCRIPTION, REACHED_QUORUM_AT, STATUS, TITLE, AREA_ID, CREATED_BY_ID, POLL_ID) VALUES
(164, TIMESTAMP '2018-12-26 15:53:48.091', TIMESTAMP '2018-12-27 15:53:48.091', 'UkrDn575 Lorem ipsum dolor sit amet, consectetur adipiscing elit, sed do eiusmod tempor incididunt ut labore et dolore magna aliqua. Ut enim ad minim veniam, quis nostrud exercitation ullamco laboris nisi ut aliquip ex ea commodo consequat. Duis aute irure dolor in reprehenderit in voluptate velit esse cillum dolore eu fugiat nulla pa', TIMESTAMP '2019-01-04 15:53:48.088', 1, 'Proposal 21 that reached its quorum', 29, 18, NULL),
(165, TIMESTAMP '2018-12-29 15:53:48.112', TIMESTAMP '2018-12-30 15:53:48.112', '2ogSqKn1 Lorem ipsum dolor sit amet, ', TIMESTAMP '2019-01-04 15:53:48.109', 1, 'Proposal 22 that reached its quorum', 30, 4, NULL),
(166, TIMESTAMP '2019-01-04 15:53:48.142', TIMESTAMP '2019-01-04 15:53:48.142', 'Oty09J8W Lorem ipsum dolor sit amet, consectetur adipiscing elit, sed do eiusmod tempor incididunt ut labore et dolore magna aliqua. Ut enim ad minim veniam, quis nostrud exercitation ullamco laboris nisi ut aliquip ex ea commodo consequat. Duis aute irure dolor in reprehenderit in voluptate velit esse cillum dolore eu fugiat', TIMESTAMP '2019-01-04 15:53:48.137', 1, 'Proposal 23 that reached its quorum', 26, 20, NULL),
(167, TIMESTAMP '2019-01-04 15:53:48.166', TIMESTAMP '2019-01-04 15:53:48.166', '9UEuvRkS Lorem ipsum dolor sit amet, consectetur adipiscing elit, sed do eiusmod tempor incididunt ut labore et dolo', TIMESTAMP '2019-01-04 15:53:48.164', 1, 'Proposal 24 that reached its quorum', 23, 10, NULL),
(168, TIMESTAMP '2018-12-26 15:53:48.184', TIMESTAMP '2018-12-27 15:53:48.184', 'vRJi6jwr Lorem ipsum dolor sit amet, consectetur adipiscing elit, sed do eiusmod tempor incididunt ut labore et dolore magna aliqua. Ut enim ad minim veniam, quis nostrud exercitation ullamco laboris nisi ut aliquip ex ea commodo consequat. Duis aute irure dolor in reprehenderit in voluptate velit esse cillum dolore eu fugiat nulla pariatur. Excepteur sint occaecat cupidatat non proident, sunt in culpa qu', TIMESTAMP '2019-01-04 15:53:48.183', 1, 'Proposal 25 that reached its quorum', 29, 16, NULL),
(169, TIMESTAMP '2019-01-03 15:53:48.204', TIMESTAMP '2019-01-04 15:53:48.204', '4iz9ESAT Lorem ipsum dolor sit amet, consectetur adipiscing elit, sed do eiusmod tempor incididunt ut labore et dolore ', TIMESTAMP '2019-01-04 15:53:48.202', 1, 'Proposal 26 that reached its quorum', 24, 14, NULL),
(170, TIMESTAMP '2018-12-29 15:53:48.245', TIMESTAMP '2018-12-30 15:53:48.245', 'MMjspsEe Lorem ipsum dolor sit amet, consectetur adipiscing elit, sed do eiusmod tempor incididunt ut labore et dolore magna aliqua. Ut enim ad minim veniam, quis nostrud exercitation ullamco laboris nisi ut aliquip ex ea commodo consequat. Duis aute irure dolor in reprehenderit in voluptate velit esse cillum dolore eu fugiat nulla pariatur', TIMESTAMP '2019-01-04 15:53:48.243', 1, 'Proposal 27 that reached its quorum', 27, 10, NULL),
(171, TIMESTAMP '2018-12-31 15:53:48.26', TIMESTAMP '2019-01-01 15:53:48.26', 'hbkJVnI7 Lorem ipsum dolor sit amet, consectetur adipiscing elit, sed do eiusmod tempor incididunt ut labore et dolore magna aliqua. Ut enim ad minim veniam, quis nostrud exercitation ullamco laboris nisi ut aliquip ex ea commodo consequat. Duis aute irure dolor in reprehenderit in voluptate velit esse cillum dolore eu fugiat nulla pariatur. E', TIMESTAMP '2019-01-04 15:53:48.258', 1, 'Proposal 28 that reached its quorum', 29, 18, NULL),
(172, TIMESTAMP '2018-12-26 15:53:48.275', TIMESTAMP '2018-12-27 15:53:48.275', '8tyXaPCH Lorem ipsum dolor sit amet, consectetur adipiscing elit, sed d', TIMESTAMP '2019-01-04 15:53:48.273', 1, 'Proposal 29 that reached its quorum', 24, 5, NULL),
(173, TIMESTAMP '2019-01-02 15:53:48.289', TIMESTAMP '2019-01-03 15:53:48.289', 'yZkw4oa5 Lorem ipsum dolor sit amet, cons', TIMESTAMP '2019-01-04 15:53:48.287', 1, 'Proposal 30 that reached its quorum', 26, 3, NULL),
(174, TIMESTAMP '2018-12-26 15:53:48.321', TIMESTAMP '2018-12-27 15:53:48.321', 'RB3uD14O Lorem ipsum dolor sit amet, consectetur adipiscing elit, sed do eiusmod tempor incididunt ut labore et dolore magna aliqua. Ut enim ad minim veniam, quis nostrud exercitation ullamco laboris nisi ut al', TIMESTAMP '2019-01-04 15:53:48.316', 1, 'Proposal 31 that reached its quorum', 22, 12, NULL);
INSERT INTO PUBLIC.LAWS(ID, CREATED_AT, UPDATED_AT, DESCRIPTION, REACHED_QUORUM_AT, STATUS, TITLE, AREA_ID, CREATED_BY_ID, POLL_ID) VALUES
(175, TIMESTAMP '2018-12-31 15:53:48.338', TIMESTAMP '2019-01-01 15:53:48.338', 'ixhPFkmh Lorem ipsum dolor sit amet, consectetur adipiscing elit, sed do eiusmod tempor incididunt ut labore et dolore magna aliqua. Ut enim ad minim veniam, quis nostrud exercitation ullamco laboris nisi ut aliquip ex ea commodo con', TIMESTAMP '2019-01-04 15:53:48.336', 1, 'Proposal 32 that reached its quorum', 22, 2, NULL),
(176, TIMESTAMP '2018-12-27 15:53:48.364', TIMESTAMP '2018-12-28 15:53:48.364', 'QavwuaDX Lorem ipsum dolor sit amet, consectetur adipiscing elit, sed do eiusmod tempor incididun', TIMESTAMP '2019-01-04 15:53:48.36', 1, 'Proposal 33 that reached its quorum', 23, 8, NULL),
(177, TIMESTAMP '2019-01-03 15:53:48.392', TIMESTAMP '2019-01-04 15:53:48.392', 'qKiR7W8Q Lorem ipsum dolor sit amet, consectetur adipisci', TIMESTAMP '2019-01-04 15:53:48.389', 1, 'Proposal 34 that reached its quorum', 28, 9, NULL),
(178, TIMESTAMP '2019-01-02 15:53:48.411', TIMESTAMP '2019-01-03 15:53:48.411', 'kNQCd8To Lorem ipsum dolor sit amet, consectetur adipiscing elit, sed do eiusmod tempor incididunt ut labore et dolore magna aliqua. Ut enim ad minim veniam, quis nostrud exercitation ullamco laboris nisi ut aliquip ex ea commodo consequat. Duis aute irure dolor in reprehenderit in voluptate velit esse', TIMESTAMP '2019-01-04 15:53:48.409', 1, 'Proposal 35 that reached its quorum', 22, 3, NULL),
(179, TIMESTAMP '2018-12-28 15:53:48.423', TIMESTAMP '2018-12-29 15:53:48.423', 'plJvqNk5 Lorem ipsum dolor sit amet, consectetur adipiscing elit, sed do eiusmod', TIMESTAMP '2019-01-04 15:53:48.422', 1, 'Proposal 36 that reached its quorum', 24, 17, NULL),
(180, TIMESTAMP '2019-01-04 15:53:48.44', TIMESTAMP '2019-01-04 15:53:48.44', 'c7Mvedlf Lorem ipsum dolor sit amet, consectetur adipiscing elit, sed do eiusmod tempor incididunt ut labore et dolore magna aliqua. Ut enim ad minim veniam, quis nostrud exercitation ullamco laboris nisi ut aliquip ex ea commodo consequat. Duis aute irure dolor in reprehenderit in voluptate velit esse cillum dolore eu fugiat nulla pariatur. Excepteur sint occaecat cupidatat non proident, sun', TIMESTAMP '2019-01-04 15:53:48.437', 1, 'Proposal 37 that reached its quorum', 21, 19, NULL),
(181, TIMESTAMP '2018-12-28 15:53:48.454', TIMESTAMP '2018-12-29 15:53:48.454', 'hswNTqfV Lorem ipsum dolor sit amet, consectetur adipiscing elit, sed do eiusmod tempor incididunt ut labore et dolore magna aliqua. Ut enim ad minim veniam, quis nostrud exercitation ullamco laboris nisi ut ali', TIMESTAMP '2019-01-04 15:53:48.453', 1, 'Proposal 38 that reached its quorum', 29, 1, NULL),
(182, TIMESTAMP '2018-12-28 15:53:48.468', TIMESTAMP '2018-12-29 15:53:48.468', 'ZX1KaQe9 Lorem ipsum dolor sit amet, consectetur adipiscing elit, s', TIMESTAMP '2019-01-04 15:53:48.466', 1, 'Proposal 39 that reached its quorum', 24, 3, NULL),
(183, TIMESTAMP '2018-12-26 15:53:48.481', TIMESTAMP '2018-12-27 15:53:48.481', 'CLVddlbv Lorem ipsum dolor sit amet, consectetur adipiscing elit, sed do eiusmod tempor incididunt ut labore et dolore magna aliqua. Ut enim ad minim veniam, quis nostrud e', TIMESTAMP '2019-01-04 15:53:48.478', 1, 'Proposal 40 that reached its quorum', 29, 19, NULL),
(184, TIMESTAMP '2018-12-27 15:53:48.497', TIMESTAMP '2018-12-28 15:53:48.497', 'tl913540 Lorem ipsum dolor sit amet, consectetur adipiscing elit, sed do eiusmod tempor i', TIMESTAMP '2019-01-04 15:53:48.494', 1, 'Proposal 41 that reached its quorum', 25, 19, NULL),
(185, TIMESTAMP '2019-01-02 15:53:48.515', TIMESTAMP '2019-01-03 15:53:48.515', 'f1EqpyHP Lorem ipsum dolor sit amet, consectetur adipiscing elit, sed do eiusmod tempor incididunt ut labore et dolore magna aliqua. Ut enim ad minim veniam, quis nostrud exercitation ullamco laboris nisi ut aliq', TIMESTAMP '2019-01-04 15:53:48.513', 1, 'Proposal 42 that reached its quorum', 23, 20, NULL),
(186, TIMESTAMP '2018-12-29 15:53:48.528', TIMESTAMP '2018-12-30 15:53:48.528', 'h2GgzXvD Lorem ipsum dolor sit amet, consectetur adipiscing elit, sed do eiusmod tempor incididunt ut labore et dolore magna aliqua. Ut enim ad minim veniam, quis nostrud exercitation ullamco laboris nisi ut aliquip ex ea commodo consequat. Duis aute irure dolor in reprehenderit in voluptate velit esse cillum dolore eu fugiat nulla pariatur. Excepteur', TIMESTAMP '2019-01-04 15:53:48.526', 1, 'Proposal 43 that reached its quorum', 25, 4, NULL);
INSERT INTO PUBLIC.LAWS(ID, CREATED_AT, UPDATED_AT, DESCRIPTION, REACHED_QUORUM_AT, STATUS, TITLE, AREA_ID, CREATED_BY_ID, POLL_ID) VALUES
(187, TIMESTAMP '2018-12-28 15:53:48.539', TIMESTAMP '2018-12-29 15:53:48.539', '4lY7tD2v Lorem ipsum dolor sit amet, consectetur adipiscing elit, sed do eiusmod tempor incididunt ut labore et dolore magna aliqua. Ut enim ad minim veniam, quis nostrud exercitation ullamco laboris nisi ut aliquip ex ea commodo consequat. Duis aute irure dolor in reprehenderit ', TIMESTAMP '2019-01-04 15:53:48.538', 1, 'Proposal 44 that reached its quorum', 26, 10, NULL),
(188, TIMESTAMP '2018-12-26 15:53:48.552', TIMESTAMP '2018-12-27 15:53:48.552', '4cnuDh8U Lorem i', TIMESTAMP '2019-01-04 15:53:48.551', 1, 'Proposal 45 that reached its quorum', 22, 17, NULL),
(189, TIMESTAMP '2018-12-30 15:53:48.577', TIMESTAMP '2018-12-31 15:53:48.577', '1E2eAGNN Lorem ipsum dolor sit amet, consectetur adipiscing elit, sed do eiusmod tempor incididunt ut labore et dolore magna aliqua. Ut enim ad minim veniam, quis nostrud exercitation ullamco laboris nisi ut aliquip', TIMESTAMP '2019-01-04 15:53:48.575', 1, 'Proposal 46 that reached its quorum', 25, 7, NULL),
(190, TIMESTAMP '2019-01-03 15:53:48.597', TIMESTAMP '2019-01-04 15:53:48.597', 'iKQcBaZP Lorem ipsum dolor sit amet, consectetur adipiscing elit, sed do eiusmod tempor incididunt ut labore et dolore magna aliqua. Ut enim ad minim veniam, quis nostrud exercitation ullamco laboris nisi ut aliquip ex ea commodo consequat. Duis aute irure dolor in reprehenderit in voluptate velit esse cillum dolore ', TIMESTAMP '2019-01-04 15:53:48.594', 1, 'Proposal 47 that reached its quorum', 29, 8, NULL),
(191, TIMESTAMP '2018-12-26 15:53:48.61', TIMESTAMP '2018-12-27 15:53:48.61', 'gNQ6wDOG Lorem ipsum dolor sit amet, consectetur adipiscing elit, sed do eiusmod tempor incididunt ut labore et dolore magna aliqua. Ut enim ad minim veniam, quis nostrud exercitation ullamco laboris nisi ut aliquip ex ea commodo consequat. Duis aute irure dolor in reprehenderit in voluptate velit esse cillum dolore eu fugiat nulla pariatur. Excepteur sint occaecat cupidatat non proident, sunt in c', TIMESTAMP '2019-01-04 15:53:48.607', 1, 'Proposal 48 that reached its quorum', 21, 9, NULL),
(192, TIMESTAMP '2018-12-27 15:53:48.647', TIMESTAMP '2018-12-28 15:53:48.647', 'SqcV2EPc Lorem ipsum dolor sit amet, consectetur adipiscing elit, sed do eiusmod tempor incididunt ut labore et dolore magna aliqua. Ut enim ad minim veniam, quis nostrud exercitation ullamco laboris nisi ut aliquip ex ea commodo consequat. Duis aute irure dolor in reprehenderit in voluptate velit esse cillum dolore eu fugiat nulla pariatur. Excepteur sint occaecat cupidatat non proide', TIMESTAMP '2019-01-04 15:53:48.643', 1, 'Proposal 49 that reached its quorum', 26, 12, NULL),
(193, TIMESTAMP '2019-01-02 15:53:48.66', TIMESTAMP '2019-01-03 15:53:48.66', 'Lorem ipsum dolor sit amet, consectetur adipiscing elit, sed do eiusmod tempor incididunt ut labore et dolore magna aliqua. Ut enim ad minim veniam, quis nostrud exercitation ullamco laboris nisi ut aliquip ex ea commodo consequat. Duis aut', TIMESTAMP '2019-01-04 15:53:48.658', 1, 'Proposal 0 for user testuser1@liquido.de', 23, 1, NULL),
(194, TIMESTAMP '2019-01-02 15:53:48.673', TIMESTAMP '2019-01-03 15:53:48.674', 'Lorem ipsum dolor sit amet, consectetur adipiscing elit, sed do eiusmod tempor incididunt ut labore et dolore magna aliqua. Ut enim ad minim veniam, quis nostrud exercitation ullamco laboris nisi ut aliquip ex ea commodo consequat. Duis aute ', TIMESTAMP '2019-01-04 15:53:48.671', 1, 'Proposal 1 for user testuser1@liquido.de', 25, 1, NULL),
(195, TIMESTAMP '2018-12-30 15:53:48.691', TIMESTAMP '2018-12-31 15:53:48.691', 'Lorem ipsum dolor sit amet, consectetur adipiscing elit, sed do eiusmod tempor incididunt ut labore et dolore magna aliqua. Ut enim ad minim veniam, quis nostrud exercitation ullamco laboris nisi ut aliquip ex ea commodo consequat. Duis aute irure dolor in reprehenderit in voluptate velit esse cillum dolore eu fugiat nulla pariatur. Excepteur sint occae', TIMESTAMP '2019-01-04 15:53:48.688', 1, 'Proposal 2 for user testuser1@liquido.de', 21, 1, NULL);
INSERT INTO PUBLIC.LAWS(ID, CREATED_AT, UPDATED_AT, DESCRIPTION, REACHED_QUORUM_AT, STATUS, TITLE, AREA_ID, CREATED_BY_ID, POLL_ID) VALUES
(196, TIMESTAMP '2018-12-30 15:53:48.713', TIMESTAMP '2018-12-31 15:53:48.714', 'Lorem ipsum dolor sit amet, consectetur adipiscing elit, sed do eiusmod tempor incididunt ut labore et dolore magna aliqua. Ut enim ad minim veniam, quis nostrud exercitation ullamco laboris nisi ', TIMESTAMP '2019-01-04 15:53:48.705', 1, 'Proposal 3 for user testuser1@liquido.de', 25, 1, NULL),
(197, TIMESTAMP '2019-01-04 15:53:48.74', TIMESTAMP '2019-01-04 15:53:48.74', 'Lorem ipsum dolor sit amet, consectetur adipiscing elit, sed do eiusmod tempor incididunt ut labore et dolore magna aliqua. Ut en', TIMESTAMP '2019-01-04 15:53:48.737', 1, 'Proposal 4 for user testuser1@liquido.de', 24, 1, NULL),
(207, TIMESTAMP '2018-12-25 15:53:54.639', TIMESTAMP '2019-01-04 15:53:54.674', 'Lorem ipsum dolor sit amet, consectetur adipiscing elit, sed do eiusmod tempor incididunt ut labore et dolore magna aliqua. Ut enim ad minim ', TIMESTAMP '2019-01-04 15:53:54.638', 2, 'Initial Proposal in a poll that is in elaboration 1546613634630', 21, 13, 216),
(217, TIMESTAMP '2018-12-15 15:53:54.687', TIMESTAMP '2019-01-04 15:53:54.699', 'Lorem ipsum dolor sit amet, consectetur adipiscing elit, sed do eiusmod tempor incididunt ut labore et dolore magna aliqua. Ut enim ad minim veniam, quis nostrud exercitation ullamco laboris nisi ut aliquip ex ea commodo consequat. Duis aute irure dolor in reprehenderit in voluptate velit esse cillum dolore eu fugiat nulla pariatur. Excepteur sint occaecat cupidatat non ', TIMESTAMP '2019-01-04 15:53:54.685', 2, 'Alternative Proposal1 in a poll that is in elaboration1546613634675', 21, 15, 216),
(224, TIMESTAMP '2018-12-15 15:53:54.71', TIMESTAMP '2019-01-04 15:53:54.724', 'Lorem ipsum dolor sit amet, consectetur adipiscing elit, sed do eiusmod tempor incididunt ut labore et dolore magna aliqua. Ut enim ad minim veniam, quis nostrud exercitation ullamco laboris nisi ut aliquip ex ea commodo consequat. Duis aute irure dolor in reprehenderit in voluptate velit e', TIMESTAMP '2019-01-04 15:53:54.708', 2, 'Alternative Proposal2 in a poll that is in elaboration1546613634700', 21, 7, 216),
(231, TIMESTAMP '2018-12-15 15:53:54.735', TIMESTAMP '2019-01-04 15:53:54.751', 'Lorem ipsum dolor sit amet, consectetur adipiscing elit, sed do eiusmod tempor incididunt ut labore et dolore magna aliqua. Ut enim ad minim veniam, quis nostrud exercitation ullamco laboris nisi ut aliquip ex ea commodo consequat. Duis aute irure dolor in reprehenderit in voluptate velit es', TIMESTAMP '2019-01-04 15:53:54.733', 2, 'Alternative Proposal3 in a poll that is in elaboration1546613634724', 21, 3, 216),
(238, TIMESTAMP '2018-12-15 15:53:54.76', TIMESTAMP '2019-01-04 15:53:54.775', 'Lorem ipsum dolor sit amet, consectetur adipiscing elit, sed do eiusmod tempor incididunt ut labore et dolore magna aliqua. Ut enim ad minim veniam, quis nostrud exercitation ullamco laboris nisi ut aliquip ex ea commodo consequat. Duis aute irure dolor in re', TIMESTAMP '2019-01-04 15:53:54.759', 2, 'Alternative Proposal4 in a poll that is in elaboration1546613634751', 21, 5, 216),
(245, TIMESTAMP '2018-12-25 15:53:54.786', TIMESTAMP '2019-01-04 15:53:54.987', 'Lorem ipsum dolor sit amet, consectetur adipiscing elit, sed do eiusmod tempor incididunt ut labore et dolore magna aliqua. Ut enim ad minim veniam, quis nostrud exe', TIMESTAMP '2019-01-04 15:53:54.785', 3, 'Proposal 5 in voting phase 1546613634946', 21, 13, 252),
(253, TIMESTAMP '2018-12-15 15:53:54.808', TIMESTAMP '2019-01-04 15:53:54.987', 'Lorem ipsum dolor sit amet, consectetur adipiscing elit, sed do eiusmod tempor incididunt ut labore et dolore magna aliqua. Ut enim ad minim veniam, quis nostrud exercitation ullamco laboris nisi ut aliquip ex ea commodo consequat. Duis aute irure dolor in reprehenderit in voluptate velit esse cillum dolore eu fugiat nulla pariatur. Excepteur sint occaecat cupidatat non pr', TIMESTAMP '2019-01-04 15:53:54.807', 3, 'Proposal 4 in voting phase 1546613634946', 21, 15, 252);
INSERT INTO PUBLIC.LAWS(ID, CREATED_AT, UPDATED_AT, DESCRIPTION, REACHED_QUORUM_AT, STATUS, TITLE, AREA_ID, CREATED_BY_ID, POLL_ID) VALUES
(260, TIMESTAMP '2018-12-15 15:53:54.833', TIMESTAMP '2019-01-04 15:53:54.987', 'Lorem ipsum dolor sit amet, consectetur adipiscing elit, sed do eiusmod tempor incididunt ut labore et dolore magna ', TIMESTAMP '2019-01-04 15:53:54.831', 3, 'Proposal 3 in voting phase 1546613634946', 21, 7, 252),
(267, TIMESTAMP '2018-12-15 15:53:54.884', TIMESTAMP '2019-01-04 15:53:54.987', 'Lorem ipsum dolor sit amet, consectetur adipiscing elit, sed do eiusmod tempor incididunt ut labore et dolore magna aliqua. Ut enim ad minim veniam, quis nostrud exercitation ullamco laboris nisi ut aliquip ex ea commodo consequat. Duis aute irure dolor in reprehenderit in voluptate velit esse cillum dolore eu fugiat nulla pariatur. Excepteur sint occaecat cup', TIMESTAMP '2019-01-04 15:53:54.883', 3, 'Proposal 2 in voting phase 1546613634946', 21, 3, 252),
(274, TIMESTAMP '2018-12-15 15:53:54.924', TIMESTAMP '2019-01-04 15:53:54.987', 'Lorem ipsum dolor sit amet, consectetur adipiscing elit, sed do eiusmod tempor incididunt ut labore et dolore ma', TIMESTAMP '2019-01-04 15:53:54.92', 3, 'Proposal 1 in voting phase 1546613634946', 21, 5, 252),
(281, TIMESTAMP '2018-12-25 15:53:54.999', TIMESTAMP '2019-01-04 15:53:55.175', 'Lorem ipsum dolor sit amet, consectetur adipiscing elit, sed do eiusmod tempor incididunt ut labore et dolore magna aliqua. Ut enim ad minim veniam, quis nostrud exercitation ullamco laboris nisi ut aliquip ex ea commodo consequat. Duis aute irure dolor in reprehenderit in voluptate velit esse cillum dolore eu fugiat nulla pariatur. Excepteur sint o', TIMESTAMP '2019-01-04 15:53:54.998', 3, 'Proposal 5 in voting phase 1546613635150', 21, 13, 288),
(289, TIMESTAMP '2018-12-15 15:53:55.02', TIMESTAMP '2019-01-04 15:53:55.176', 'Lorem ipsum dolor sit amet, consectetur adipiscing elit, sed do eiusmod tempor incididunt ut labore et dolore magna aliqua. Ut enim ad minim veniam, quis nostrud exercitation ullamco laboris nisi ut aliquip ex ea commodo conseq', TIMESTAMP '2019-01-04 15:53:55.019', 3, 'Proposal 4 in voting phase 1546613635150', 21, 15, 288),
(296, TIMESTAMP '2018-12-15 15:53:55.044', TIMESTAMP '2019-01-04 15:53:55.176', 'Lorem ipsum dolor sit amet, consectetur adipiscing elit, sed do eiusmod tempor incididunt ut labore et dolore ', TIMESTAMP '2019-01-04 15:53:55.042', 3, 'Proposal 3 in voting phase 1546613635150', 21, 7, 288),
(303, TIMESTAMP '2018-12-15 15:53:55.096', TIMESTAMP '2019-01-04 15:53:55.176', 'Lorem ipsum dolor sit amet, consectetur adipiscing elit, sed do eiusmod tempor incididunt ut labore et dolore magna aliqua. Ut enim ad minim veniam, quis no', TIMESTAMP '2019-01-04 15:53:55.093', 3, 'Proposal 2 in voting phase 1546613635150', 21, 3, 288),
(310, TIMESTAMP '2018-12-15 15:53:55.132', TIMESTAMP '2019-01-04 15:53:55.176', 'Lorem ipsum dolor sit amet, consectetur adipiscing elit, sed do eiusmod tempor incididunt ut labore et dolore magna aliqua. Ut enim ad minim veniam, quis nostrud exercitation ullamco laboris nisi ut aliquip ex ea co', TIMESTAMP '2019-01-04 15:53:55.13', 3, 'Proposal 1 in voting phase 1546613635150', 21, 5, 288),
(333, TIMESTAMP '2018-12-25 15:54:00.683', TIMESTAMP '2019-01-04 15:54:04.37', 'Lorem ipsum dolor sit amet, consectetur adipiscing elit, sed do eiusmod tempor incididunt ut labore et dolore magna aliqua. Ut enim ad minim veniam, quis nostrud exercitation ullamco laboris nisi ut aliquip ex ea commodo consequat. Duis aute irure dolor in reprehenderit in voluptate velit esse cillum dolore eu fugiat nulla pariatur. Excepteur sint occaecat cupidatat non proiden', TIMESTAMP '2019-01-04 15:54:00.681', 5, 'Proposal 5 in voting phase 1546613640765', 21, 13, 340),
(341, TIMESTAMP '2018-12-15 15:54:00.701', TIMESTAMP '2019-01-04 15:54:04.37', 'Lorem ipsum dolor sit amet, consectetur adipiscing elit, sed do eiusmod tempor incididunt ut labore et dolore magna aliqua. Ut enim ad minim veniam, quis nostrud exercitation ullamco laboris nisi ut aliquip ex', TIMESTAMP '2019-01-04 15:54:00.7', 5, 'Proposal 4 in voting phase 1546613640765', 21, 15, 340);
INSERT INTO PUBLIC.LAWS(ID, CREATED_AT, UPDATED_AT, DESCRIPTION, REACHED_QUORUM_AT, STATUS, TITLE, AREA_ID, CREATED_BY_ID, POLL_ID) VALUES
(348, TIMESTAMP '2018-12-15 15:54:00.718', TIMESTAMP '2019-01-04 15:54:04.371', 'Lorem ipsum dolor sit amet, consectetur adipiscing elit, sed do eiusmod tempor incididunt ut labore et d', TIMESTAMP '2019-01-04 15:54:00.717', 5, 'Proposal 3 in voting phase 1546613640765', 21, 7, 340),
(355, TIMESTAMP '2018-12-15 15:54:00.736', TIMESTAMP '2019-01-04 15:54:04.371', 'Lorem ipsum dolor sit amet, consectetur adipiscing elit, sed do eiusmod tempor incididunt ut labore et dolore magna aliqua. Ut enim ad minim veniam, quis nostrud exercitation ullamco laboris nisi ut aliquip ex ea commodo consequat. Duis aute irure dolor in reprehenderit in voluptate velit esse cillum dolore eu fugiat nulla pariatur. Excepteur sint occa', TIMESTAMP '2019-01-04 15:54:00.734', 4, 'Proposal 2 in voting phase 1546613640765', 21, 3, 340),
(362, TIMESTAMP '2018-12-15 15:54:00.753', TIMESTAMP '2019-01-04 15:54:04.372', 'Lorem ipsum dolor sit amet, consectetur adipiscing elit, sed do eiusmod tempor incididunt ut labore et dolore magna aliqua. Ut enim ad minim veniam, quis nostrud exercit', TIMESTAMP '2019-01-04 15:54:00.752', 5, 'Proposal 1 in voting phase 1546613640765', 21, 5, 340),
(385, TIMESTAMP '2018-12-15 15:54:04.389', TIMESTAMP '2019-01-04 15:54:04.388', 'Lorem ipsum dolor sit amet, consectetur adipiscing elit, sed do eiusmod tempor incididunt ut labore et dolore magna aliqua. Ut enim ad minim veniam, quis nostrud exercitation ullamco laboris nisi ut aliquip ex ea commodo consequat. Duis aute irure dolor in reprehenderit in voluptate velit esse cillum dolore eu fugiat nulla pariatur. Excepteur sint occaecat cupidatat non proident, sunt in culpa', TIMESTAMP '2018-12-11 15:54:04.385', 4, 'Law 0', 21, 1, NULL),
(386, TIMESTAMP '2018-12-14 15:54:04.403', TIMESTAMP '2019-01-04 15:54:04.402', 'Lorem ipsum dolor sit amet, consectetur adipiscing elit, sed do eiusmod tempor incididunt ut labore et dolore magna aliqua. Ut enim ad minim veniam, quis nostr', TIMESTAMP '2018-12-11 15:54:04.401', 4, 'Law 1', 21, 1, NULL);
CREATE MEMORY TABLE PUBLIC.LAWS_COMMENTS(
LAW_MODEL_ID BIGINT NOT NULL,
COMMENTS_ID BIGINT NOT NULL
);
ALTER TABLE PUBLIC.LAWS_COMMENTS ADD CONSTRAINT PUBLIC.CONSTRAINT_A0 PRIMARY KEY(LAW_MODEL_ID, COMMENTS_ID);
-- 20 +/- SELECT COUNT(*) FROM PUBLIC.LAWS_COMMENTS;
INSERT INTO PUBLIC.LAWS_COMMENTS(LAW_MODEL_ID, COMMENTS_ID) VALUES
(207, 208),
(217, 218),
(224, 225),
(231, 232),
(238, 239),
(245, 246),
(253, 254),
(260, 261),
(267, 268),
(274, 275),
(281, 282),
(289, 290),
(296, 297),
(303, 304),
(310, 311),
(333, 334),
(341, 342),
(348, 349),
(355, 356),
(362, 363);
CREATE MEMORY TABLE PUBLIC.LAWS_SUPPORTERS(
LAW_MODEL_ID BIGINT NOT NULL,
SUPPORTERS_ID BIGINT NOT NULL
);
ALTER TABLE PUBLIC.LAWS_SUPPORTERS ADD CONSTRAINT PUBLIC.CONSTRAINT_C PRIMARY KEY(LAW_MODEL_ID, SUPPORTERS_ID);
-- 1207 +/- SELECT COUNT(*) FROM PUBLIC.LAWS_SUPPORTERS;
INSERT INTO PUBLIC.LAWS_SUPPORTERS(LAW_MODEL_ID, SUPPORTERS_ID) VALUES
(31, 7),
(31, 16),
(31, 10),
(33, 12),
(34, 17),
(34, 5),
(35, 20),
(35, 4),
(35, 14),
(35, 11),
(35, 16),
(35, 7),
(36, 10),
(36, 12),
(36, 8),
(36, 7),
(36, 20),
(36, 5),
(37, 6),
(37, 15),
(38, 2),
(38, 16),
(39, 11),
(39, 18),
(39, 17),
(39, 10),
(41, 9),
(41, 13),
(41, 20),
(42, 20),
(42, 6),
(42, 17),
(42, 9),
(42, 1),
(42, 18),
(42, 7),
(43, 10),
(43, 4),
(43, 1),
(43, 14),
(43, 9),
(44, 19),
(45, 20),
(45, 17),
(45, 14),
(45, 12),
(45, 18),
(45, 19),
(45, 16),
(46, 16),
(46, 3),
(46, 13),
(46, 6),
(46, 7),
(47, 14),
(47, 9),
(47, 5),
(48, 16),
(48, 17),
(48, 4),
(48, 1),
(48, 11),
(49, 14),
(49, 8),
(49, 15),
(49, 11),
(49, 7),
(50, 12),
(50, 7),
(50, 11),
(50, 6),
(50, 4),
(50, 18),
(50, 2),
(51, 6),
(51, 13),
(51, 10),
(51, 19),
(51, 20),
(51, 15),
(51, 5),
(52, 13),
(52, 5),
(52, 2),
(52, 19),
(52, 7),
(52, 8),
(52, 20),
(53, 7),
(54, 13),
(54, 15),
(54, 2),
(54, 5),
(55, 13),
(55, 1),
(55, 4),
(56, 13),
(56, 9),
(56, 17),
(56, 1),
(56, 15),
(57, 19),
(57, 3),
(57, 16),
(57, 10),
(59, 3),
(60, 8),
(60, 18),
(61, 1),
(63, 17),
(63, 1),
(63, 9),
(63, 7),
(63, 8),
(63, 5),
(64, 15),
(64, 14),
(64, 16),
(64, 1),
(64, 12),
(64, 10),
(65, 20),
(65, 14),
(65, 15),
(65, 7),
(65, 19),
(65, 17),
(66, 18),
(66, 11),
(66, 5),
(66, 6),
(66, 12),
(66, 2),
(67, 4),
(67, 2),
(67, 6),
(67, 19),
(68, 7),
(68, 3),
(68, 5),
(69, 14),
(69, 11),
(70, 14),
(70, 12),
(70, 1),
(70, 6),
(70, 9),
(70, 3),
(70, 15),
(71, 16),
(72, 3),
(72, 8),
(72, 14),
(73, 17),
(73, 14),
(73, 19),
(73, 4),
(73, 5),
(73, 12),
(73, 9),
(73, 10),
(74, 7),
(76, 15),
(76, 17),
(76, 3),
(77, 14),
(77, 16),
(77, 8),
(77, 20),
(78, 18),
(78, 14),
(78, 13),
(78, 5),
(80, 3),
(80, 4),
(81, 3),
(81, 1),
(81, 10),
(81, 4),
(81, 15),
(82, 5),
(82, 17),
(83, 6),
(83, 19),
(83, 18),
(83, 13),
(83, 12),
(83, 7),
(83, 2),
(83, 20),
(84, 1),
(84, 20),
(84, 18),
(84, 6),
(85, 14),
(85, 20),
(85, 15),
(86, 17),
(86, 2),
(87, 6),
(87, 11),
(87, 16),
(87, 7),
(88, 1),
(88, 15),
(88, 4),
(89, 8),
(89, 13),
(89, 16),
(89, 1),
(89, 19),
(89, 20),
(89, 18),
(90, 3),
(90, 19),
(91, 2),
(91, 6),
(91, 14),
(91, 7),
(91, 20),
(92, 11),
(92, 16),
(92, 10),
(92, 3),
(92, 17),
(94, 5),
(94, 4),
(94, 11),
(95, 12),
(95, 15),
(96, 2),
(97, 11),
(97, 17),
(97, 3),
(97, 12),
(97, 1),
(99, 20),
(99, 4),
(99, 5),
(100, 15),
(101, 16),
(101, 15),
(101, 6),
(101, 11),
(101, 20),
(101, 5),
(101, 9),
(101, 18),
(102, 18),
(102, 8),
(102, 19),
(102, 14),
(102, 6),
(102, 5),
(103, 19),
(103, 12),
(105, 1),
(105, 11),
(105, 13),
(106, 6),
(106, 18),
(106, 11),
(106, 14),
(106, 4),
(106, 3),
(106, 12),
(106, 19),
(107, 3),
(107, 12),
(107, 18),
(107, 17),
(107, 2),
(107, 10),
(107, 8),
(108, 9),
(109, 7),
(110, 5),
(110, 9),
(110, 19),
(110, 14),
(110, 11),
(111, 18),
(111, 5),
(111, 6),
(111, 1),
(111, 2),
(112, 15),
(112, 14),
(112, 16),
(112, 17),
(112, 4),
(113, 14),
(113, 7),
(113, 20),
(113, 12),
(113, 6),
(113, 16),
(113, 19),
(114, 7),
(114, 4),
(114, 3),
(114, 18),
(114, 17),
(115, 2),
(115, 10),
(116, 11),
(116, 6),
(116, 9),
(116, 18),
(116, 14),
(117, 7),
(118, 9),
(118, 13),
(118, 4),
(118, 16),
(118, 18),
(118, 8),
(118, 17),
(119, 5),
(119, 12),
(119, 8),
(119, 13),
(119, 1),
(119, 3),
(119, 18),
(120, 5),
(120, 12),
(121, 6),
(121, 8),
(121, 5),
(121, 11),
(121, 2),
(122, 7),
(122, 16),
(122, 8),
(122, 14),
(122, 3),
(122, 6),
(123, 10),
(123, 18),
(123, 4),
(123, 16),
(123, 5),
(124, 14),
(124, 15),
(124, 1),
(124, 17),
(124, 9),
(124, 13),
(124, 8),
(125, 17),
(125, 18),
(125, 20),
(125, 16),
(125, 19),
(125, 14),
(126, 2),
(126, 18),
(126, 11),
(126, 3),
(127, 8),
(127, 6),
(127, 11),
(127, 16),
(128, 12),
(128, 3),
(128, 11),
(129, 15),
(129, 7),
(129, 4),
(130, 6),
(130, 18),
(130, 16),
(130, 17),
(130, 20),
(130, 11),
(131, 8),
(131, 7),
(131, 15),
(131, 1),
(131, 2),
(132, 19),
(133, 10),
(133, 20),
(133, 5),
(133, 15),
(133, 17),
(133, 14),
(133, 19),
(133, 9),
(134, 18),
(134, 19),
(134, 15),
(134, 12),
(135, 18),
(135, 17),
(135, 3),
(135, 15),
(136, 17),
(136, 8),
(136, 12),
(136, 20),
(136, 14),
(137, 10);
INSERT INTO PUBLIC.LAWS_SUPPORTERS(LAW_MODEL_ID, SUPPORTERS_ID) VALUES
(137, 11),
(137, 4),
(137, 5),
(137, 15),
(137, 17),
(138, 4),
(138, 15),
(138, 17),
(138, 8),
(138, 6),
(138, 14),
(139, 19),
(139, 14),
(140, 9),
(140, 6),
(140, 14),
(141, 12),
(141, 16),
(143, 2),
(143, 9),
(143, 17),
(143, 12),
(143, 4),
(143, 6),
(143, 14),
(143, 7),
(143, 18),
(143, 13),
(144, 3),
(144, 9),
(144, 8),
(144, 19),
(144, 14),
(144, 17),
(144, 11),
(144, 13),
(144, 1),
(144, 6),
(145, 7),
(145, 19),
(145, 17),
(145, 13),
(145, 12),
(145, 14),
(145, 8),
(145, 2),
(145, 6),
(145, 10),
(146, 3),
(146, 17),
(146, 13),
(146, 4),
(146, 6),
(146, 7),
(146, 19),
(146, 10),
(146, 18),
(146, 15),
(147, 7),
(147, 11),
(147, 4),
(147, 19),
(147, 6),
(147, 12),
(147, 10),
(147, 15),
(147, 3),
(147, 17),
(148, 11),
(148, 6),
(148, 2),
(148, 9),
(148, 15),
(148, 8),
(148, 20),
(148, 13),
(148, 5),
(148, 12),
(149, 7),
(149, 15),
(149, 2),
(149, 16),
(149, 10),
(149, 12),
(149, 5),
(149, 8),
(149, 13),
(149, 1),
(150, 20),
(150, 11),
(150, 10),
(150, 13),
(150, 15),
(150, 9),
(150, 5),
(150, 16),
(150, 2),
(150, 14),
(151, 4),
(151, 1),
(151, 20),
(151, 9),
(151, 16),
(151, 11),
(151, 2),
(151, 3),
(151, 12),
(151, 17),
(152, 9),
(152, 10),
(152, 8),
(152, 4),
(152, 20),
(152, 15),
(152, 14),
(152, 7),
(152, 13),
(152, 18),
(153, 19),
(153, 13),
(153, 16),
(153, 1),
(153, 20),
(153, 10),
(153, 18),
(153, 6),
(153, 7),
(153, 4),
(154, 5),
(154, 14),
(154, 10),
(154, 20),
(154, 7),
(154, 12),
(154, 15),
(154, 2),
(154, 19),
(154, 6),
(155, 17),
(155, 2),
(155, 8),
(155, 6),
(155, 13),
(155, 4),
(155, 1),
(155, 10),
(155, 11),
(155, 20),
(156, 18),
(156, 5),
(156, 12),
(156, 13),
(156, 8),
(156, 16),
(156, 3),
(156, 6),
(156, 9),
(156, 15),
(157, 5),
(157, 13),
(157, 17),
(157, 19),
(157, 9),
(157, 4),
(157, 20),
(157, 11),
(157, 6),
(157, 12),
(158, 18),
(158, 7),
(158, 15),
(158, 11),
(158, 8),
(158, 12),
(158, 1),
(158, 20),
(158, 5),
(158, 6),
(159, 3),
(159, 10),
(159, 13),
(159, 14),
(159, 8),
(159, 20),
(159, 2),
(159, 11),
(159, 17),
(159, 9),
(160, 6),
(160, 15),
(160, 9),
(160, 10),
(160, 13),
(160, 1),
(160, 7),
(160, 3),
(160, 11),
(160, 8),
(161, 19),
(161, 18),
(161, 14),
(161, 15),
(161, 2),
(161, 17),
(161, 10),
(161, 6),
(161, 9),
(161, 4),
(162, 4),
(162, 17),
(162, 9),
(162, 13),
(162, 10),
(162, 18),
(162, 1),
(162, 3),
(162, 7),
(162, 14),
(163, 7),
(163, 20),
(163, 14),
(163, 18),
(163, 11),
(163, 2),
(163, 10),
(163, 4),
(163, 13),
(163, 3),
(164, 4),
(164, 5),
(164, 16),
(164, 19),
(164, 14),
(164, 10),
(164, 13),
(164, 20),
(164, 7),
(164, 2),
(165, 12),
(165, 3),
(165, 18),
(165, 17),
(165, 19),
(165, 7),
(165, 20),
(165, 9),
(165, 1),
(165, 8),
(166, 15),
(166, 18),
(166, 7),
(166, 1),
(166, 10),
(166, 6),
(166, 4),
(166, 12),
(166, 3),
(166, 2),
(167, 19),
(167, 11),
(167, 5),
(167, 18),
(167, 8),
(167, 7),
(167, 16),
(167, 2),
(167, 20),
(167, 9),
(168, 13),
(168, 3),
(168, 2),
(168, 11),
(168, 4),
(168, 10),
(168, 20),
(168, 1),
(168, 8),
(168, 6),
(169, 17),
(169, 12),
(169, 8),
(169, 10),
(169, 7),
(169, 13),
(169, 20),
(169, 5),
(169, 11),
(169, 9),
(170, 3),
(170, 15),
(170, 5),
(170, 11),
(170, 6),
(170, 18),
(170, 7),
(170, 20),
(170, 9),
(170, 4),
(171, 7),
(171, 12),
(171, 10),
(171, 5),
(171, 20),
(171, 16),
(171, 1),
(171, 8),
(171, 6),
(171, 2),
(172, 17),
(172, 11),
(172, 16),
(172, 12),
(172, 8),
(172, 2),
(172, 4),
(172, 13),
(172, 15),
(172, 20),
(173, 15),
(173, 11),
(173, 2),
(173, 1),
(173, 4),
(173, 18),
(173, 9),
(173, 12),
(173, 7),
(173, 14),
(174, 6),
(174, 2),
(174, 14),
(174, 17),
(174, 4),
(174, 9),
(174, 19),
(174, 15),
(174, 3),
(174, 20),
(175, 14),
(175, 13),
(175, 6),
(175, 12),
(175, 11),
(175, 4),
(175, 9),
(175, 16),
(175, 10),
(175, 8),
(176, 2),
(176, 12),
(176, 1),
(176, 3),
(176, 19),
(176, 5),
(176, 13),
(176, 11),
(176, 6),
(176, 10),
(177, 4),
(177, 10),
(177, 20),
(177, 6),
(177, 16),
(177, 14),
(177, 13),
(177, 11),
(177, 2),
(177, 15),
(178, 17),
(178, 5),
(178, 6),
(178, 12),
(178, 14),
(178, 11),
(178, 18),
(178, 4),
(178, 20),
(178, 8),
(179, 1),
(179, 19),
(179, 14),
(179, 9);
INSERT INTO PUBLIC.LAWS_SUPPORTERS(LAW_MODEL_ID, SUPPORTERS_ID) VALUES
(179, 16),
(179, 12),
(179, 10),
(179, 2),
(179, 3),
(179, 11),
(180, 18),
(180, 17),
(180, 8),
(180, 20),
(180, 3),
(180, 10),
(180, 11),
(180, 12),
(180, 13),
(180, 2),
(181, 17),
(181, 11),
(181, 4),
(181, 19),
(181, 20),
(181, 14),
(181, 6),
(181, 13),
(181, 7),
(181, 5),
(182, 8),
(182, 20),
(182, 1),
(182, 10),
(182, 13),
(182, 4),
(182, 2),
(182, 16),
(182, 17),
(182, 12),
(183, 16),
(183, 9),
(183, 3),
(183, 18),
(183, 13),
(183, 8),
(183, 20),
(183, 4),
(183, 17),
(183, 1),
(184, 18),
(184, 3),
(184, 7),
(184, 8),
(184, 15),
(184, 20),
(184, 2),
(184, 17),
(184, 13),
(184, 5),
(185, 3),
(185, 12),
(185, 10),
(185, 6),
(185, 9),
(185, 4),
(185, 11),
(185, 13),
(185, 19),
(185, 8),
(186, 9),
(186, 11),
(186, 19),
(186, 6),
(186, 5),
(186, 18),
(186, 13),
(186, 12),
(186, 7),
(186, 3),
(187, 2),
(187, 8),
(187, 11),
(187, 17),
(187, 19),
(187, 12),
(187, 16),
(187, 6),
(187, 20),
(187, 4),
(188, 4),
(188, 18),
(188, 11),
(188, 2),
(188, 13),
(188, 15),
(188, 9),
(188, 6),
(188, 5),
(188, 14),
(189, 13),
(189, 11),
(189, 5),
(189, 8),
(189, 20),
(189, 1),
(189, 16),
(189, 9),
(189, 14),
(189, 6),
(190, 9),
(190, 2),
(190, 10),
(190, 14),
(190, 16),
(190, 5),
(190, 6),
(190, 17),
(190, 19),
(190, 12),
(191, 3),
(191, 5),
(191, 16),
(191, 19),
(191, 4),
(191, 2),
(191, 10),
(191, 7),
(191, 1),
(191, 20),
(192, 16),
(192, 17),
(192, 9),
(192, 11),
(192, 3),
(192, 18),
(192, 10),
(192, 7),
(192, 5),
(192, 2),
(193, 4),
(193, 10),
(193, 3),
(193, 17),
(193, 15),
(193, 14),
(193, 12),
(193, 2),
(193, 7),
(193, 20),
(194, 7),
(194, 18),
(194, 10),
(194, 13),
(194, 8),
(194, 5),
(194, 2),
(194, 11),
(194, 15),
(194, 14),
(195, 7),
(195, 11),
(195, 9),
(195, 15),
(195, 16),
(195, 4),
(195, 17),
(195, 14),
(195, 19),
(195, 18),
(196, 14),
(196, 20),
(196, 9),
(196, 8),
(196, 19),
(196, 11),
(196, 3),
(196, 2),
(196, 5),
(196, 6),
(197, 6),
(197, 20),
(197, 9),
(197, 5),
(197, 17),
(197, 14),
(197, 13),
(197, 4),
(197, 12),
(197, 18),
(207, 18),
(207, 17),
(207, 3),
(207, 8),
(207, 16),
(207, 4),
(207, 9),
(207, 12),
(207, 11),
(207, 15),
(217, 16),
(217, 6),
(217, 1),
(217, 2),
(217, 9),
(217, 11),
(217, 10),
(217, 3),
(217, 14),
(217, 7),
(224, 4),
(224, 18),
(224, 16),
(224, 1),
(224, 20),
(224, 19),
(224, 5),
(224, 3),
(224, 17),
(224, 14),
(231, 14),
(231, 10),
(231, 5),
(231, 6),
(231, 8),
(231, 18),
(231, 17),
(231, 20),
(231, 9),
(231, 4),
(238, 13),
(238, 16),
(238, 6),
(238, 19),
(238, 1),
(238, 14),
(238, 4),
(238, 3),
(238, 12),
(238, 7),
(245, 16),
(245, 9),
(245, 18),
(245, 14),
(245, 19),
(245, 17),
(245, 12),
(245, 6),
(245, 3),
(245, 5),
(253, 16),
(253, 12),
(253, 13),
(253, 4),
(253, 3),
(253, 1),
(253, 18),
(253, 8),
(253, 14),
(253, 11),
(260, 9),
(260, 1),
(260, 3),
(260, 18),
(260, 16),
(260, 20),
(260, 4),
(260, 2),
(260, 11),
(260, 13),
(267, 2),
(267, 18),
(267, 15),
(267, 13),
(267, 12),
(267, 16),
(267, 20),
(267, 9),
(267, 4),
(267, 6),
(274, 11),
(274, 1),
(274, 2),
(274, 17),
(274, 4),
(274, 12),
(274, 3),
(274, 8),
(274, 20),
(274, 15),
(281, 15),
(281, 8),
(281, 18),
(281, 1),
(281, 6),
(281, 20),
(281, 14),
(281, 16),
(281, 2),
(281, 10),
(289, 10),
(289, 4),
(289, 11),
(289, 20),
(289, 5),
(289, 6),
(289, 2),
(289, 19),
(289, 3),
(289, 13),
(296, 16),
(296, 11),
(296, 8),
(296, 19),
(296, 3),
(296, 20),
(296, 2),
(296, 17),
(296, 4),
(296, 14),
(303, 20),
(303, 12),
(303, 13),
(303, 15),
(303, 19),
(303, 17),
(303, 6),
(303, 2),
(303, 9),
(303, 14),
(310, 1),
(310, 4),
(310, 19),
(310, 6),
(310, 10),
(310, 2),
(310, 7),
(310, 16),
(310, 13),
(310, 9),
(333, 6),
(333, 15),
(333, 17),
(333, 7),
(333, 11),
(333, 1),
(333, 14),
(333, 5),
(333, 20),
(333, 3),
(341, 2),
(341, 11),
(341, 7),
(341, 13),
(341, 5),
(341, 4),
(341, 3),
(341, 12),
(341, 9),
(341, 10),
(348, 8),
(348, 5),
(348, 12),
(348, 15),
(348, 14),
(348, 4),
(348, 2),
(348, 3),
(348, 1),
(348, 19),
(355, 9),
(355, 11),
(355, 8),
(355, 15),
(355, 1),
(355, 16),
(355, 10),
(355, 5),
(355, 2),
(355, 19),
(362, 9),
(362, 4),
(362, 11),
(362, 14),
(362, 17),
(362, 20),
(362, 13);
INSERT INTO PUBLIC.LAWS_SUPPORTERS(LAW_MODEL_ID, SUPPORTERS_ID) VALUES
(362, 18),
(362, 10),
(362, 16),
(385, 20),
(385, 8),
(385, 6),
(385, 14),
(385, 3),
(385, 11),
(385, 10),
(385, 17),
(385, 16),
(385, 2),
(385, 13),
(385, 19),
(385, 15),
(385, 12),
(385, 4),
(385, 18),
(385, 5),
(386, 3),
(386, 10),
(386, 13),
(386, 19),
(386, 9),
(386, 2),
(386, 11),
(386, 6),
(386, 16),
(386, 7),
(386, 20),
(386, 8),
(386, 14),
(386, 15),
(386, 4),
(386, 17),
(386, 12),
(386, 5);
CREATE MEMORY TABLE PUBLIC.ONE_TIME_TOKEN(
ID BIGINT NOT NULL,
CREATED_AT TIMESTAMP NOT NULL,
UPDATED_AT TIMESTAMP NOT NULL,
TOKEN VARCHAR(255) NOT NULL,
TOKEN_TYPE INTEGER NOT NULL,
VALID_UNTIL TIMESTAMP NOT NULL,
USER_ID BIGINT NOT NULL
);
ALTER TABLE PUBLIC.ONE_TIME_TOKEN ADD CONSTRAINT PUBLIC.CONSTRAINT_4 PRIMARY KEY(ID);
-- 0 +/- SELECT COUNT(*) FROM PUBLIC.ONE_TIME_TOKEN;
CREATE MEMORY TABLE PUBLIC.POLLS(
ID BIGINT NOT NULL,
CREATED_AT TIMESTAMP NOT NULL,
UPDATED_AT TIMESTAMP NOT NULL,
STATUS INTEGER,
VOTING_END_AT TIMESTAMP,
VOTING_START_AT TIMESTAMP,
WINNER_ID BIGINT
);
ALTER TABLE PUBLIC.POLLS ADD CONSTRAINT PUBLIC.CONSTRAINT_48 PRIMARY KEY(ID);
-- 4 +/- SELECT COUNT(*) FROM PUBLIC.POLLS;
INSERT INTO PUBLIC.POLLS(ID, CREATED_AT, UPDATED_AT, STATUS, VOTING_END_AT, VOTING_START_AT, WINNER_ID) VALUES
(216, TIMESTAMP '2018-12-28 15:53:54.776', TIMESTAMP '2018-12-28 15:53:54.776', 0, TIMESTAMP '2019-02-01 00:00:00', TIMESTAMP '2019-01-18 00:00:00', NULL),
(252, TIMESTAMP '2018-12-20 15:53:54.955', TIMESTAMP '2019-01-04 15:53:54.987', 1, TIMESTAMP '2019-01-17 00:00:00', TIMESTAMP '2019-01-03 15:53:54.979', NULL),
(288, TIMESTAMP '2018-12-20 15:53:55.159', TIMESTAMP '2019-01-04 15:53:55.176', 1, TIMESTAMP '2019-01-17 00:00:00', TIMESTAMP '2019-01-03 15:53:55.169', NULL),
(340, TIMESTAMP '2019-01-21 08:56:48.084', TIMESTAMP '2019-01-04 15:54:04.369', 2, TIMESTAMP '2019-01-04 15:54:04.356', TIMESTAMP '2018-12-16 15:54:00.784', 355);
CREATE MEMORY TABLE PUBLIC.USERS(
ID BIGINT NOT NULL,
CREATED_AT TIMESTAMP NOT NULL,
UPDATED_AT TIMESTAMP NOT NULL,
EMAIL VARCHAR(255) NOT NULL,
MOBILEPHONE VARCHAR(255),
NAME VARCHAR(255),
PICTURE VARCHAR(255),
WEBSITE VARCHAR(255)
);
ALTER TABLE PUBLIC.USERS ADD CONSTRAINT PUBLIC.CONSTRAINT_4D PRIMARY KEY(ID);
-- 20 +/- SELECT COUNT(*) FROM PUBLIC.USERS;
INSERT INTO PUBLIC.USERS(ID, CREATED_AT, UPDATED_AT, EMAIL, MOBILEPHONE, NAME, PICTURE, WEBSITE) VALUES
(1, TIMESTAMP '2019-01-04 15:53:46.397', TIMESTAMP '2019-01-04 15:53:46.397', 'testuser1@liquido.de', '+49123451', 'Test User1', '/static/img/photos/1.png', 'http://www.liquido.de'),
(2, TIMESTAMP '2019-01-04 15:53:46.462', TIMESTAMP '2019-01-04 15:53:46.462', 'testuser2@liquido.de', '+49123452', 'Test User2', '/static/img/photos/2.png', 'http://www.liquido.de'),
(3, TIMESTAMP '2019-01-04 15:53:46.465', TIMESTAMP '2019-01-04 15:53:46.465', 'testuser3@liquido.de', '+49123453', 'Test User3', '/static/img/photos/3.png', 'http://www.liquido.de'),
(4, TIMESTAMP '2019-01-04 15:53:46.468', TIMESTAMP '2019-01-04 15:53:46.468', 'testuser4@liquido.de', '+49123454', 'Test User4', '/static/img/photos/1.png', 'http://www.liquido.de'),
(5, TIMESTAMP '2019-01-04 15:53:46.471', TIMESTAMP '2019-01-04 15:53:46.471', 'testuser5@liquido.de', '+49123455', 'Test User5', '/static/img/photos/2.png', 'http://www.liquido.de'),
(6, TIMESTAMP '2019-01-04 15:53:46.474', TIMESTAMP '2019-01-04 15:53:46.474', 'testuser6@liquido.de', '+49123456', 'Test User6', '/static/img/photos/3.png', 'http://www.liquido.de'),
(7, TIMESTAMP '2019-01-04 15:53:46.477', TIMESTAMP '2019-01-04 15:53:46.477', 'testuser7@liquido.de', '+49123457', 'Test User7', '/static/img/photos/1.png', 'http://www.liquido.de'),
(8, TIMESTAMP '2019-01-04 15:53:46.482', TIMESTAMP '2019-01-04 15:53:46.482', 'testuser8@liquido.de', '+49123458', 'Test User8', '/static/img/photos/2.png', 'http://www.liquido.de'),
(9, TIMESTAMP '2019-01-04 15:53:46.485', TIMESTAMP '2019-01-04 15:53:46.485', 'testuser9@liquido.de', '+49123459', 'Test User9', '/static/img/photos/3.png', 'http://www.liquido.de'),
(10, TIMESTAMP '2019-01-04 15:53:46.488', TIMESTAMP '2019-01-04 15:53:46.488', 'testuser10@liquido.de', '+491234510', 'Test User10', '/static/img/photos/1.png', 'http://www.liquido.de'),
(11, TIMESTAMP '2019-01-04 15:53:46.491', TIMESTAMP '2019-01-04 15:53:46.491', 'testuser11@liquido.de', '+491234511', 'Test User11', '/static/img/photos/2.png', 'http://www.liquido.de'),
(12, TIMESTAMP '2019-01-04 15:53:46.495', TIMESTAMP '2019-01-04 15:53:46.495', 'testuser12@liquido.de', '+491234512', 'Test User12', '/static/img/photos/3.png', 'http://www.liquido.de'),
(13, TIMESTAMP '2019-01-04 15:53:46.498', TIMESTAMP '2019-01-04 15:53:46.498', 'testuser13@liquido.de', '+491234513', 'Test User13', '/static/img/photos/1.png', 'http://www.liquido.de'),
(14, TIMESTAMP '2019-01-04 15:53:46.501', TIMESTAMP '2019-01-04 15:53:46.501', 'testuser14@liquido.de', '+491234514', 'Test User14', '/static/img/photos/2.png', 'http://www.liquido.de'),
(15, TIMESTAMP '2019-01-04 15:53:46.505', TIMESTAMP '2019-01-04 15:53:46.505', 'testuser15@liquido.de', '+491234515', 'Test User15', '/static/img/photos/3.png', 'http://www.liquido.de'),
(16, TIMESTAMP '2019-01-04 15:53:46.509', TIMESTAMP '2019-01-04 15:53:46.509', 'testuser16@liquido.de', '+491234516', 'Test User16', '/static/img/photos/1.png', 'http://www.liquido.de'),
(17, TIMESTAMP '2019-01-04 15:53:46.512', TIMESTAMP '2019-01-04 15:53:46.512', 'testuser17@liquido.de', '+491234517', 'Test User17', '/static/img/photos/2.png', 'http://www.liquido.de'),
(18, TIMESTAMP '2019-01-04 15:53:46.515', TIMESTAMP '2019-01-04 15:53:46.515', 'testuser18@liquido.de', '+491234518', 'Test User18', '/static/img/photos/3.png', 'http://www.liquido.de'),
(19, TIMESTAMP '2019-01-04 15:53:46.518', TIMESTAMP '2019-01-04 15:53:46.518', 'testuser19@liquido.de', '+491234519', 'Test User19', '/static/img/photos/1.png', 'http://www.liquido.de'),
(20, TIMESTAMP '2019-01-04 15:53:46.521', TIMESTAMP '2019-01-04 15:53:46.521', 'testuser20@liquido.de', '+491234520', 'Test User20', '/static/img/photos/2.png', 'http://www.liquido.de');
-- 0 +/- SELECT COUNT(*) FROM PUBLIC.QRTZ_CALENDARS;
-- 0 +/- SELECT COUNT(*) FROM PUBLIC.QRTZ_CRON_TRIGGERS;
-- 0 +/- SELECT COUNT(*) FROM PUBLIC.QRTZ_FIRED_TRIGGERS;
-- 0 +/- SELECT COUNT(*) FROM PUBLIC.QRTZ_PAUSED_TRIGGER_GRPS;
-- 0 +/- SELECT COUNT(*) FROM PUBLIC.QRTZ_SCHEDULER_STATE;
-- 1 +/- SELECT COUNT(*) FROM PUBLIC.QRTZ_LOCKS;
-- 3 +/- SELECT COUNT(*) FROM PUBLIC.QRTZ_JOB_DETAILS;
-- 3 +/- SELECT COUNT(*) FROM PUBLIC.QRTZ_SIMPLE_TRIGGERS;
-- 0 +/- SELECT COUNT(*) FROM PUBLIC.QRTZ_SIMPROP_TRIGGERS;
-- 0 +/- SELECT COUNT(*) FROM PUBLIC.QRTZ_BLOB_TRIGGERS;
-- 3 +/- SELECT COUNT(*) FROM PUBLIC.QRTZ_TRIGGERS;
ALTER TABLE PUBLIC.AREAS ADD CONSTRAINT PUBLIC.UK_P61HNJ1M450KNDUSCXOLDCHFJ UNIQUE(TITLE);
ALTER TABLE PUBLIC.USERS ADD CONSTRAINT PUBLIC.UK_6DOTKOTT2KJSP8VW4D0M25FB7 UNIQUE(EMAIL);
ALTER TABLE PUBLIC.LAWS ADD CONSTRAINT PUBLIC.UK_BS516OPV3HONTPTWVPIOOS72B UNIQUE(TITLE);
ALTER TABLE PUBLIC.DELEGATIONS ADD CONSTRAINT PUBLIC.UK2WYH7POIF8NPDWLUR8DFORD0J UNIQUE(AREA_ID, FROM_USER_ID);
ALTER TABLE PUBLIC.LAWS_COMMENTS ADD CONSTRAINT PUBLIC.UK_OF3YV6X3MAHJPHJBJE5XHRXC8 UNIQUE(COMMENTS_ID);
ALTER TABLE PUBLIC.BALLOTS ADD CONSTRAINT PUBLIC.UKHWWEPK8N3CE54LEREWX2FMYXF UNIQUE(POLL_ID, CHECKSUM);
ALTER TABLE PUBLIC.USERS ADD CONSTRAINT PUBLIC.UK_70QE9WOFM8UJ2PEANWKPHERRM UNIQUE(MOBILEPHONE);
ALTER TABLE PUBLIC.CHECKSUMS ADD CONSTRAINT PUBLIC.UKL0XNKLNHLK4PTWSU9B0QXTYBN UNIQUE(AREA_ID, PUBLIC_PROXY_ID);
ALTER TABLE PUBLIC.KEY_VALUE ADD CONSTRAINT PUBLIC.UK_GVYP924RQ0A5Y8U3EMJS35G2Q UNIQUE(KEY);
ALTER TABLE PUBLIC.AREAS ADD CONSTRAINT PUBLIC.FKP9N0U4HM2Q1O7V0068C8GD4EL FOREIGN KEY(CREATED_BY_ID) REFERENCES PUBLIC.USERS(ID) NOCHECK;
ALTER TABLE PUBLIC.DELEGATIONS ADD CONSTRAINT PUBLIC.FK1Y1R0D478R9NTDMUIYKKUHADV FOREIGN KEY(REQUESTED_DELEGATION_FROM_CHECKSUM_CHECKSUM) REFERENCES PUBLIC.CHECKSUMS(CHECKSUM) NOCHECK;
ALTER TABLE PUBLIC.DELEGATIONS ADD CONSTRAINT PUBLIC.FKSWBDEOVC7HSQ5EX30PBMDU9D4 FOREIGN KEY(AREA_ID) REFERENCES PUBLIC.AREAS(ID) NOCHECK;
ALTER TABLE PUBLIC.LAWS ADD CONSTRAINT PUBLIC.FK4QUHD81MM84X6RQ0CCBXSEYXX FOREIGN KEY(POLL_ID) REFERENCES PUBLIC.POLLS(ID) NOCHECK;
ALTER TABLE PUBLIC.LAWS_SUPPORTERS ADD CONSTRAINT PUBLIC.FK9B4I87YIKUCHRIRFJAYMGOHE3 FOREIGN KEY(LAW_MODEL_ID) REFERENCES PUBLIC.LAWS(ID) NOCHECK;
ALTER TABLE PUBLIC.BALLOTS ADD CONSTRAINT PUBLIC.FKOG7SHPLJ1CCOH8N9AO4Y16LQ3 FOREIGN KEY(POLL_ID) REFERENCES PUBLIC.POLLS(ID) NOCHECK;
ALTER TABLE PUBLIC.COMMENTS_DOWN_VOTERS ADD CONSTRAINT PUBLIC.FK62ILAC17TG4CPKRHEONUD72HV FOREIGN KEY(DOWN_VOTERS_ID) REFERENCES PUBLIC.USERS(ID) NOCHECK;
ALTER TABLE PUBLIC.CHECKSUMS ADD CONSTRAINT PUBLIC.FKDFLPSE9FSOGY1FMFDY2W79RG FOREIGN KEY(DELEGATED_TO_CHECKSUM) REFERENCES PUBLIC.CHECKSUMS(CHECKSUM) NOCHECK;
ALTER TABLE PUBLIC.BALLOTS_VOTE_ORDER ADD CONSTRAINT PUBLIC.FKIH6THEWVJEH3OW9DL1YTJ9AWB FOREIGN KEY(BALLOT_MODEL_ID) REFERENCES PUBLIC.BALLOTS(ID) NOCHECK;
ALTER TABLE PUBLIC.CHECKSUMS ADD CONSTRAINT PUBLIC.FK68FTLVL0MWTVOQD3BFUPP0XRG FOREIGN KEY(PUBLIC_PROXY_ID) REFERENCES PUBLIC.USERS(ID) NOCHECK;
ALTER TABLE PUBLIC.LAWS ADD CONSTRAINT PUBLIC.FKTR1PLL46Q50SHWBFFYIYUAVGN FOREIGN KEY(CREATED_BY_ID) REFERENCES PUBLIC.USERS(ID) NOCHECK;
ALTER TABLE PUBLIC.ONE_TIME_TOKEN ADD CONSTRAINT PUBLIC.FK4O21XT1RMRICB3EA4TO5NKR8D FOREIGN KEY(USER_ID) REFERENCES PUBLIC.USERS(ID) NOCHECK;
ALTER TABLE PUBLIC.BALLOTS_VOTE_ORDER ADD CONSTRAINT PUBLIC.FKOWD5MAD84QVWGST43698A6GX5 FOREIGN KEY(VOTE_ORDER_ID) REFERENCES PUBLIC.LAWS(ID) NOCHECK;
ALTER TABLE PUBLIC.COMMENTS ADD CONSTRAINT PUBLIC.FKAKKM6QFYDU7VGNFNE1YO0XMED FOREIGN KEY(CREATED_BY_ID) REFERENCES PUBLIC.USERS(ID) NOCHECK;
ALTER TABLE PUBLIC.DELEGATIONS ADD CONSTRAINT PUBLIC.FK21A6LG8FU2JS6E0JU41WJ2GQP FOREIGN KEY(TO_PROXY_ID) REFERENCES PUBLIC.USERS(ID) NOCHECK;
ALTER TABLE PUBLIC.LAWS_COMMENTS ADD CONSTRAINT PUBLIC.FK36FBKIUITRV0YRVY8S0IG46IX FOREIGN KEY(LAW_MODEL_ID) REFERENCES PUBLIC.LAWS(ID) NOCHECK;
ALTER TABLE PUBLIC.POLLS ADD CONSTRAINT PUBLIC.FKQADOVSMQ4UOK58SP9HKHWJQIS FOREIGN KEY(WINNER_ID) REFERENCES PUBLIC.LAWS(ID) NOCHECK;
ALTER TABLE PUBLIC.DELEGATIONS ADD CONSTRAINT PUBLIC.FK9KOYA2MI6T18VF7U1FROBKNIQ FOREIGN KEY(FROM_USER_ID) REFERENCES PUBLIC.USERS(ID) NOCHECK;
ALTER TABLE PUBLIC.BALLOTS ADD CONSTRAINT PUBLIC.FK1RRV2WY16UQONFL9CR1CQG2XD FOREIGN KEY(CHECKSUM) REFERENCES PUBLIC.CHECKSUMS(CHECKSUM) NOCHECK;
ALTER TABLE PUBLIC.LAWS ADD CONSTRAINT PUBLIC.FK9VIQDJ5LDUN0AHWQDFF1WUY39 FOREIGN KEY(AREA_ID) REFERENCES PUBLIC.AREAS(ID) NOCHECK;
ALTER TABLE PUBLIC.LAWS_COMMENTS ADD CONSTRAINT PUBLIC.FKFL0Y4QFVFPF9YNMMFJ0JEVXFF FOREIGN KEY(COMMENTS_ID) REFERENCES PUBLIC.COMMENTS(ID) NOCHECK;
ALTER TABLE PUBLIC.COMMENTS_UP_VOTERS ADD CONSTRAINT PUBLIC.FKEUURM027PDC4L5A9G9O2L0UYD FOREIGN KEY(UP_VOTERS_ID) REFERENCES PUBLIC.USERS(ID) NOCHECK;
ALTER TABLE PUBLIC.COMMENTS ADD CONSTRAINT PUBLIC.FKLRI30OKF66PHTCGBE5POK7CC0 FOREIGN KEY(PARENT_ID) REFERENCES PUBLIC.COMMENTS(ID) NOCHECK;
ALTER TABLE PUBLIC.COMMENTS_UP_VOTERS ADD CONSTRAINT PUBLIC.FK8LS8T571Y99VTTW1MDKEBXAGP FOREIGN KEY(COMMENT_MODEL_ID) REFERENCES PUBLIC.COMMENTS(ID) NOCHECK;
ALTER TABLE PUBLIC.LAWS_SUPPORTERS ADD CONSTRAINT PUBLIC.FKK8MVJC4RQ970OJAVYFIA9BQVE FOREIGN KEY(SUPPORTERS_ID) REFERENCES PUBLIC.USERS(ID) NOCHECK;
ALTER TABLE PUBLIC.COMMENTS_DOWN_VOTERS ADD CONSTRAINT PUBLIC.FKJYMYJ54LENHS4KE6MYQHLY72 FOREIGN KEY(COMMENT_MODEL_ID) REFERENCES PUBLIC.COMMENTS(ID) NOCHECK;
ALTER TABLE PUBLIC.CHECKSUMS ADD CONSTRAINT PUBLIC.FKLLW57XBW0D67OPTMWFMU3P2PC FOREIGN KEY(AREA_ID) REFERENCES PUBLIC.AREAS(ID) NOCHECK;
