SET DB_CLOSE_DELAY -1;
;
CREATE USER IF NOT EXISTS SA SALT '3c60635addeb0ae4' HASH 'b742d52a5d3aef3b28164666bead7ac1055e545bc54cb04b1e19d64ccb0b9313' ADMIN;
CREATE SEQUENCE PUBLIC.HIBERNATE_SEQUENCE START WITH 348;
CREATE MEMORY TABLE PUBLIC.AREAS(
ID BIGINT NOT NULL,
CREATED_AT TIMESTAMP NOT NULL,
UPDATED_AT TIMESTAMP NOT NULL,
DESCRIPTION VARCHAR(255) NOT NULL,
TITLE VARCHAR(255) NOT NULL,
CREATED_BY_ID BIGINT NOT NULL
);
ALTER TABLE PUBLIC.AREAS ADD CONSTRAINT PUBLIC.CONSTRAINT_3 PRIMARY KEY(ID);
-- 10 +/- SELECT COUNT(*) FROM PUBLIC.AREAS;
INSERT INTO PUBLIC.AREAS(ID, CREATED_AT, UPDATED_AT, DESCRIPTION, TITLE, CREATED_BY_ID) VALUES
(21, TIMESTAMP '2018-12-11 18:17:10.771', TIMESTAMP '2018-12-11 18:17:10.771', 'Nice description for test area #0', 'Area 0', 1),
(22, TIMESTAMP '2018-12-11 18:17:10.776', TIMESTAMP '2018-12-11 18:17:10.776', 'Nice description for test area #1', 'Area 1', 1),
(23, TIMESTAMP '2018-12-11 18:17:10.782', TIMESTAMP '2018-12-11 18:17:10.782', 'Nice description for test area #2', 'Area 2', 1),
(24, TIMESTAMP '2018-12-11 18:17:10.787', TIMESTAMP '2018-12-11 18:17:10.787', 'Nice description for test area #3', 'Area 3', 1),
(25, TIMESTAMP '2018-12-11 18:17:10.79', TIMESTAMP '2018-12-11 18:17:10.79', 'Nice description for test area #4', 'Area 4', 1),
(26, TIMESTAMP '2018-12-11 18:17:10.795', TIMESTAMP '2018-12-11 18:17:10.795', 'Nice description for test area #5', 'Area 5', 1),
(27, TIMESTAMP '2018-12-11 18:17:10.798', TIMESTAMP '2018-12-11 18:17:10.798', 'Nice description for test area #6', 'Area 6', 1),
(28, TIMESTAMP '2018-12-11 18:17:10.801', TIMESTAMP '2018-12-11 18:17:10.801', 'Nice description for test area #7', 'Area 7', 1),
(29, TIMESTAMP '2018-12-11 18:17:10.806', TIMESTAMP '2018-12-11 18:17:10.806', 'Nice description for test area #8', 'Area 8', 1),
(30, TIMESTAMP '2018-12-11 18:17:10.809', TIMESTAMP '2018-12-11 18:17:10.809', 'Nice description for test area #9', 'Area 9', 1);
CREATE MEMORY TABLE PUBLIC.BALLOT_MODEL(
ID BIGINT NOT NULL,
LEVEL INTEGER NOT NULL,
VOTE_COUNT INTEGER NOT NULL,
CHECKSUM_CHECKSUM VARCHAR(255) NOT NULL,
POLL_ID BIGINT NOT NULL
);
ALTER TABLE PUBLIC.BALLOT_MODEL ADD CONSTRAINT PUBLIC.CONSTRAINT_6 PRIMARY KEY(ID);
-- 32 +/- SELECT COUNT(*) FROM PUBLIC.BALLOT_MODEL;
INSERT INTO PUBLIC.BALLOT_MODEL(ID, LEVEL, VOTE_COUNT, CHECKSUM_CHECKSUM, POLL_ID) VALUES
(278, 0, 1, '$2a$10$1IdrGrRAN2Wp3U7QI.JIzuuViLszDdeyBQZ4QNjYJJWIYI5M2O3G2', 249),
(279, 0, 1, '$2a$10$1IdrGrRAN2Wp3U7QI.JIzuDl5QTomD0jkJDoG.VH7LgF6BaMi7mUu', 249),
(280, 0, 4, '$2a$10$1IdrGrRAN2Wp3U7QI.JIzumrB8gg15WYrl/9Od2a/lKdcXxyoRqYe', 249),
(281, 0, 1, '$2a$10$1IdrGrRAN2Wp3U7QI.JIzu0U7xajdi9.MlI8tTpf7ZVQmMn3XTPaq', 249),
(282, 0, 1, '$2a$10$1IdrGrRAN2Wp3U7QI.JIzuA2amXnXPKlVvjlg62SZ08/U45S1krWS', 249),
(283, 0, 1, '$2a$10$1IdrGrRAN2Wp3U7QI.JIzuQi87d/P3rgtaiDqqegSB4vu2sByXkly', 249),
(284, 0, 2, '$2a$10$1IdrGrRAN2Wp3U7QI.JIzumF7aPaiUyhTd0m56K/SiA71ec5pLFu2', 249),
(285, 1, 1, '$2a$10$1IdrGrRAN2Wp3U7QI.JIzu9jY7URudOBmsrn4SD7Sp2bRAti6ztwK', 249),
(286, 0, 1, '$2a$10$1IdrGrRAN2Wp3U7QI.JIzuaW/fGb8Z2mJgsKxYwe5.NrtAFNxSQVS', 249),
(287, 0, 1, '$2a$10$1IdrGrRAN2Wp3U7QI.JIzuWb3cSZmVC9yx83VYQxwLFYSL5g8IoRy', 249),
(288, 0, 1, '$2a$10$1IdrGrRAN2Wp3U7QI.JIzuaXivFiTa4cwzBq6IwpHyvmd9OIEIHwW', 249),
(289, 0, 1, '$2a$10$1IdrGrRAN2Wp3U7QI.JIzuYTSKjBSu3cADo/STK5moSHUhn6NKcyS', 249),
(290, 0, 1, '$2a$10$1IdrGrRAN2Wp3U7QI.JIzuYun6DCp3DqD0HkMSxupTiHcONZRP0YC', 249),
(291, 0, 1, '$2a$10$1IdrGrRAN2Wp3U7QI.JIzuj/DUpsANoEk4usC10lyWBvgCY2jpdQ6', 249),
(292, 0, 1, '$2a$10$1IdrGrRAN2Wp3U7QI.JIzukT2e4dWh2jhcsPdh.C5JEqMyz08zCoa', 249),
(293, 0, 1, '$2a$10$1IdrGrRAN2Wp3U7QI.JIzuRe9KBAxYEu.ylAyhV50ek90rELSRGqG', 249),
(330, 0, 1, '$2a$10$1IdrGrRAN2Wp3U7QI.JIzuuViLszDdeyBQZ4QNjYJJWIYI5M2O3G2', 301),
(331, 0, 1, '$2a$10$1IdrGrRAN2Wp3U7QI.JIzuDl5QTomD0jkJDoG.VH7LgF6BaMi7mUu', 301),
(332, 0, 4, '$2a$10$1IdrGrRAN2Wp3U7QI.JIzumrB8gg15WYrl/9Od2a/lKdcXxyoRqYe', 301),
(333, 0, 1, '$2a$10$1IdrGrRAN2Wp3U7QI.JIzu0U7xajdi9.MlI8tTpf7ZVQmMn3XTPaq', 301),
(334, 0, 1, '$2a$10$1IdrGrRAN2Wp3U7QI.JIzuA2amXnXPKlVvjlg62SZ08/U45S1krWS', 301),
(335, 0, 1, '$2a$10$1IdrGrRAN2Wp3U7QI.JIzuQi87d/P3rgtaiDqqegSB4vu2sByXkly', 301),
(336, 0, 2, '$2a$10$1IdrGrRAN2Wp3U7QI.JIzumF7aPaiUyhTd0m56K/SiA71ec5pLFu2', 301),
(337, 1, 1, '$2a$10$1IdrGrRAN2Wp3U7QI.JIzu9jY7URudOBmsrn4SD7Sp2bRAti6ztwK', 301),
(338, 0, 1, '$2a$10$1IdrGrRAN2Wp3U7QI.JIzuaW/fGb8Z2mJgsKxYwe5.NrtAFNxSQVS', 301),
(339, 0, 1, '$2a$10$1IdrGrRAN2Wp3U7QI.JIzuWb3cSZmVC9yx83VYQxwLFYSL5g8IoRy', 301),
(340, 0, 1, '$2a$10$1IdrGrRAN2Wp3U7QI.JIzuaXivFiTa4cwzBq6IwpHyvmd9OIEIHwW', 301),
(341, 0, 1, '$2a$10$1IdrGrRAN2Wp3U7QI.JIzuYTSKjBSu3cADo/STK5moSHUhn6NKcyS', 301),
(342, 0, 1, '$2a$10$1IdrGrRAN2Wp3U7QI.JIzuYun6DCp3DqD0HkMSxupTiHcONZRP0YC', 301),
(343, 0, 1, '$2a$10$1IdrGrRAN2Wp3U7QI.JIzuj/DUpsANoEk4usC10lyWBvgCY2jpdQ6', 301),
(344, 0, 1, '$2a$10$1IdrGrRAN2Wp3U7QI.JIzukT2e4dWh2jhcsPdh.C5JEqMyz08zCoa', 301),
(345, 0, 1, '$2a$10$1IdrGrRAN2Wp3U7QI.JIzuRe9KBAxYEu.ylAyhV50ek90rELSRGqG', 301);
CREATE MEMORY TABLE PUBLIC.BALLOT_MODEL_VOTE_ORDER(
BALLOT_MODEL_ID BIGINT NOT NULL,
VOTE_ORDER_ID BIGINT NOT NULL,
VOTE_ORDER_ORDER INTEGER NOT NULL
);
ALTER TABLE PUBLIC.BALLOT_MODEL_VOTE_ORDER ADD CONSTRAINT PUBLIC.CONSTRAINT_E PRIMARY KEY(BALLOT_MODEL_ID, VOTE_ORDER_ORDER);
-- 128 +/- SELECT COUNT(*) FROM PUBLIC.BALLOT_MODEL_VOTE_ORDER;
INSERT INTO PUBLIC.BALLOT_MODEL_VOTE_ORDER(BALLOT_MODEL_ID, VOTE_ORDER_ID, VOTE_ORDER_ORDER) VALUES
(278, 250, 0),
(278, 264, 1),
(278, 257, 2),
(278, 271, 3),
(278, 242, 4),
(279, 257, 0),
(279, 250, 1),
(279, 264, 2),
(279, 271, 3),
(283, 242, 0),
(283, 250, 1),
(283, 257, 2),
(285, 271, 0),
(285, 257, 1),
(285, 250, 2),
(285, 242, 3),
(286, 271, 0),
(286, 257, 1),
(286, 242, 2),
(286, 250, 3),
(281, 257, 0),
(281, 264, 1),
(281, 271, 2),
(281, 250, 3),
(281, 242, 4),
(282, 271, 0),
(282, 250, 1),
(282, 264, 2),
(282, 257, 3),
(282, 242, 4),
(287, 242, 0),
(287, 271, 1),
(287, 264, 2),
(287, 257, 3),
(287, 250, 4),
(288, 264, 0),
(288, 257, 1),
(288, 271, 2),
(288, 242, 3),
(289, 242, 0),
(289, 271, 1),
(289, 257, 2),
(289, 264, 3),
(289, 250, 4),
(290, 250, 0),
(290, 242, 1),
(290, 257, 2),
(290, 271, 3),
(291, 242, 0),
(291, 271, 1),
(291, 257, 2),
(291, 250, 3),
(291, 264, 4),
(292, 242, 0),
(292, 271, 1),
(292, 250, 2),
(292, 264, 3),
(293, 242, 0),
(293, 271, 1),
(293, 250, 2),
(293, 264, 3),
(293, 257, 4),
(283, 264, 3),
(283, 271, 4),
(330, 302, 0),
(330, 316, 1),
(330, 323, 2),
(330, 309, 3),
(331, 302, 0),
(331, 309, 1),
(331, 294, 2),
(331, 316, 3),
(331, 323, 4),
(335, 309, 2),
(335, 302, 3),
(337, 323, 0),
(337, 316, 1),
(337, 309, 2),
(337, 302, 3),
(337, 294, 4),
(338, 302, 0),
(338, 294, 1),
(338, 316, 2),
(338, 323, 3),
(338, 309, 4),
(333, 316, 0),
(333, 323, 1),
(333, 309, 2),
(333, 294, 3),
(333, 302, 4),
(334, 302, 0),
(334, 323, 1),
(334, 316, 2),
(334, 309, 3),
(334, 294, 4),
(339, 316, 0),
(339, 302, 1),
(339, 323, 2),
(339, 309, 3),
(339, 294, 4),
(340, 309, 0),
(340, 316, 1),
(340, 294, 2),
(340, 323, 3),
(341, 294, 0),
(341, 302, 1),
(341, 323, 2),
(341, 316, 3),
(342, 309, 0),
(342, 316, 1),
(342, 302, 2),
(342, 294, 3),
(342, 323, 4),
(343, 294, 0),
(343, 302, 1),
(343, 316, 2),
(343, 323, 3),
(343, 309, 4),
(344, 309, 0),
(344, 323, 1),
(344, 302, 2),
(344, 294, 3),
(345, 294, 0),
(345, 316, 1),
(345, 323, 2),
(335, 316, 0),
(335, 323, 1),
(335, 294, 4);
CREATE MEMORY TABLE PUBLIC.CHECKSUMS(
CHECKSUM VARCHAR(255) NOT NULL,
EXPIRES_AT TIMESTAMP,
TRANSITIVE BOOLEAN NOT NULL,
AREA_ID BIGINT,
DELEGATED_TO_CHECKSUM VARCHAR(255),
PUBLIC_PROXY_ID BIGINT
);
ALTER TABLE PUBLIC.CHECKSUMS ADD CONSTRAINT PUBLIC.CONSTRAINT_B PRIMARY KEY(CHECKSUM);
-- 18 +/- SELECT COUNT(*) FROM PUBLIC.CHECKSUMS;
INSERT INTO PUBLIC.CHECKSUMS(CHECKSUM, EXPIRES_AT, TRANSITIVE, AREA_ID, DELEGATED_TO_CHECKSUM, PUBLIC_PROXY_ID) VALUES
('$2a$10$1IdrGrRAN2Wp3U7QI.JIzueyGOu7FMMyyMJw3bvzEU2elpOrru8sy', TIMESTAMP '2018-12-12 18:17:19.319', TRUE, 21, NULL, 1),
('$2a$10$1IdrGrRAN2Wp3U7QI.JIzu9jY7URudOBmsrn4SD7Sp2bRAti6ztwK', TIMESTAMP '2018-12-12 18:17:20.647', TRUE, 21, '$2a$10$1IdrGrRAN2Wp3U7QI.JIzumF7aPaiUyhTd0m56K/SiA71ec5pLFu2', 6),
('$2a$10$1IdrGrRAN2Wp3U7QI.JIzuIvB5fBvUb/y3tpzb1Xahzu9k87H3HZ.', TIMESTAMP '2018-12-12 18:17:20.807', TRUE, 21, '$2a$10$1IdrGrRAN2Wp3U7QI.JIzueyGOu7FMMyyMJw3bvzEU2elpOrru8sy', 4),
('$2a$10$1IdrGrRAN2Wp3U7QI.JIzuuViLszDdeyBQZ4QNjYJJWIYI5M2O3G2', TIMESTAMP '2018-12-12 18:17:30.541', TRUE, 21, NULL, 13),
('$2a$10$1IdrGrRAN2Wp3U7QI.JIzuDl5QTomD0jkJDoG.VH7LgF6BaMi7mUu', TIMESTAMP '2018-12-12 18:17:30.806', TRUE, 21, NULL, 15),
('$2a$10$1IdrGrRAN2Wp3U7QI.JIzumrB8gg15WYrl/9Od2a/lKdcXxyoRqYe', TIMESTAMP '2018-12-12 18:17:31.089', TRUE, 21, '$2a$10$1IdrGrRAN2Wp3U7QI.JIzuIvB5fBvUb/y3tpzb1Xahzu9k87H3HZ.', 7),
('$2a$10$1IdrGrRAN2Wp3U7QI.JIzumF7aPaiUyhTd0m56K/SiA71ec5pLFu2', TIMESTAMP '2018-12-12 18:17:31.374', TRUE, 21, '$2a$10$1IdrGrRAN2Wp3U7QI.JIzueyGOu7FMMyyMJw3bvzEU2elpOrru8sy', 3),
('$2a$10$1IdrGrRAN2Wp3U7QI.JIzuaW/fGb8Z2mJgsKxYwe5.NrtAFNxSQVS', TIMESTAMP '2018-12-12 18:17:31.642', TRUE, 21, NULL, 5),
('$2a$10$1IdrGrRAN2Wp3U7QI.JIzu0U7xajdi9.MlI8tTpf7ZVQmMn3XTPaq', TIMESTAMP '2018-12-12 18:17:31.896', TRUE, 21, '$2a$10$1IdrGrRAN2Wp3U7QI.JIzumrB8gg15WYrl/9Od2a/lKdcXxyoRqYe', 10),
('$2a$10$1IdrGrRAN2Wp3U7QI.JIzuA2amXnXPKlVvjlg62SZ08/U45S1krWS', TIMESTAMP '2018-12-12 18:17:32.153', TRUE, 21, '$2a$10$1IdrGrRAN2Wp3U7QI.JIzumrB8gg15WYrl/9Od2a/lKdcXxyoRqYe', 11),
('$2a$10$1IdrGrRAN2Wp3U7QI.JIzuWb3cSZmVC9yx83VYQxwLFYSL5g8IoRy', TIMESTAMP '2018-12-12 18:17:32.41', TRUE, 21, '$2a$10$1IdrGrRAN2Wp3U7QI.JIzueyGOu7FMMyyMJw3bvzEU2elpOrru8sy', NULL),
('$2a$10$1IdrGrRAN2Wp3U7QI.JIzuaXivFiTa4cwzBq6IwpHyvmd9OIEIHwW', TIMESTAMP '2018-12-12 18:17:32.658', TRUE, 21, NULL, 9),
('$2a$10$1IdrGrRAN2Wp3U7QI.JIzuYTSKjBSu3cADo/STK5moSHUhn6NKcyS', TIMESTAMP '2018-12-12 18:17:32.903', TRUE, 21, NULL, 16),
('$2a$10$1IdrGrRAN2Wp3U7QI.JIzuYun6DCp3DqD0HkMSxupTiHcONZRP0YC', TIMESTAMP '2018-12-12 18:17:33.147', TRUE, 21, NULL, 20),
('$2a$10$1IdrGrRAN2Wp3U7QI.JIzuj/DUpsANoEk4usC10lyWBvgCY2jpdQ6', TIMESTAMP '2018-12-12 18:17:33.4', TRUE, 21, NULL, 18),
('$2a$10$1IdrGrRAN2Wp3U7QI.JIzukT2e4dWh2jhcsPdh.C5JEqMyz08zCoa', TIMESTAMP '2018-12-12 18:17:33.651', TRUE, 21, NULL, 14),
('$2a$10$1IdrGrRAN2Wp3U7QI.JIzuRe9KBAxYEu.ylAyhV50ek90rELSRGqG', TIMESTAMP '2018-12-12 18:17:33.9', TRUE, 21, NULL, 19),
('$2a$10$1IdrGrRAN2Wp3U7QI.JIzuQi87d/P3rgtaiDqqegSB4vu2sByXkly', TIMESTAMP '2018-12-12 18:17:34.143', FALSE, 21, '$2a$10$1IdrGrRAN2Wp3U7QI.JIzumrB8gg15WYrl/9Od2a/lKdcXxyoRqYe', 12);
CREATE MEMORY TABLE PUBLIC.COMMENTS(
ID BIGINT NOT NULL,
CREATED_AT TIMESTAMP NOT NULL,
UPDATED_AT TIMESTAMP NOT NULL,
COMMENT VARCHAR(255) NOT NULL,
CREATED_BY_ID BIGINT NOT NULL,
PARENT_ID BIGINT
);
ALTER TABLE PUBLIC.COMMENTS ADD CONSTRAINT PUBLIC.CONSTRAINT_A PRIMARY KEY(ID);
-- 90 +/- SELECT COUNT(*) FROM PUBLIC.COMMENTS;
INSERT INTO PUBLIC.COMMENTS(ID, CREATED_AT, UPDATED_AT, COMMENT, CREATED_BY_ID, PARENT_ID) VALUES
(207, TIMESTAMP '2018-12-11 18:17:24.637', TIMESTAMP '2018-12-11 18:17:24.637', 'Comment on root level. I really like this idea, but needs to be improved.', 6, NULL),
(208, TIMESTAMP '2018-12-11 18:17:24.643', TIMESTAMP '2018-12-11 18:17:24.643', 'Reply 0 Lorem ipsum dolor sit amet, consectetur adipiscing elit, sed do eiusmod tempor incididunt ut labore', 18, 207),
(209, TIMESTAMP '2018-12-11 18:17:24.645', TIMESTAMP '2018-12-11 18:17:24.645', 'Reply 1 Lorem ipsum dolor sit amet, consectetur adipiscing elit, sed do eiusmod tempor incid', 19, 207),
(210, TIMESTAMP '2018-12-11 18:17:24.648', TIMESTAMP '2018-12-11 18:17:24.648', 'Reply 2 Lorem ipsum dolor sit amet, consectetur adipiscing elit, sed do eiusmod tempor incididunt ut labore', 11, 207),
(211, TIMESTAMP '2018-12-11 18:17:24.649', TIMESTAMP '2018-12-11 18:17:24.649', 'Reply 3 Lorem ipsum dolor sit amet, consectet', 14, 207),
(212, TIMESTAMP '2018-12-11 18:17:24.65', TIMESTAMP '2018-12-11 18:17:24.65', 'Reply 4 Lorem ipsum dolor sit amet, consectetur adipiscing elit, s', 10, 207),
(215, TIMESTAMP '2018-12-11 18:17:24.684', TIMESTAMP '2018-12-11 18:17:24.684', 'Comment on root level. I really like this idea, but needs to be improved.', 12, NULL),
(216, TIMESTAMP '2018-12-11 18:17:24.685', TIMESTAMP '2018-12-11 18:17:24.685', 'Reply 0 Lorem ipsum dolor sit amet, consectetur adipiscing elit, s', 11, 215),
(217, TIMESTAMP '2018-12-11 18:17:24.687', TIMESTAMP '2018-12-11 18:17:24.687', 'Reply 1 Lorem ipsum dolor sit amet, consectetur adi', 9, 215),
(218, TIMESTAMP '2018-12-11 18:17:24.688', TIMESTAMP '2018-12-11 18:17:24.688', 'Reply 2 Lorem ipsum dolor sit amet, consectetur adipiscing', 6, 215),
(219, TIMESTAMP '2018-12-11 18:17:24.689', TIMESTAMP '2018-12-11 18:17:24.689', 'Reply 3 Lorem ipsum dolor sit amet, consectetur adipiscing elit, sed do eiusmod tempor incididunt ut lab', 10, 215),
(220, TIMESTAMP '2018-12-11 18:17:24.69', TIMESTAMP '2018-12-11 18:17:24.69', 'Reply 4 Lorem ipsum dolor sit amet, consectetur adipiscing elit, sed do eiusmod tempo', 15, 215),
(222, TIMESTAMP '2018-12-11 18:17:24.716', TIMESTAMP '2018-12-11 18:17:24.716', 'Comment on root level. I really like this idea, but needs to be improved.', 20, NULL),
(223, TIMESTAMP '2018-12-11 18:17:24.717', TIMESTAMP '2018-12-11 18:17:24.717', 'Reply 0 Lorem ipsum dolor sit amet, consec', 7, 222),
(224, TIMESTAMP '2018-12-11 18:17:24.718', TIMESTAMP '2018-12-11 18:17:24.718', 'Reply 1 Lorem ipsum dolor sit amet, consectetur adipiscing elit, sed do eiusmod tempor incididunt ut ', 6, 222),
(225, TIMESTAMP '2018-12-11 18:17:24.72', TIMESTAMP '2018-12-11 18:17:24.72', 'Reply 2 Lorem ipsum dolor sit amet, consectetur adipiscing elit, ', 3, 222),
(226, TIMESTAMP '2018-12-11 18:17:24.722', TIMESTAMP '2018-12-11 18:17:24.722', 'Reply 3 Lorem ipsum dolor sit amet, consectetur adipiscing elit, sed do eiusmod temp', 2, 222),
(227, TIMESTAMP '2018-12-11 18:17:24.724', TIMESTAMP '2018-12-11 18:17:24.724', 'Reply 4 Lorem ipsum dolor sit amet, consectetur adipiscing elit, sed do eiusmod tempor in', 17, 222),
(229, TIMESTAMP '2018-12-11 18:17:24.743', TIMESTAMP '2018-12-11 18:17:24.743', 'Comment on root level. I really like this idea, but needs to be improved.', 8, NULL),
(230, TIMESTAMP '2018-12-11 18:17:24.744', TIMESTAMP '2018-12-11 18:17:24.744', 'Reply 0 Lorem ipsum dolor sit amet, consectetur adipiscing elit, sed do eiusm', 12, 229),
(231, TIMESTAMP '2018-12-11 18:17:24.745', TIMESTAMP '2018-12-11 18:17:24.745', 'Reply 1 Lorem ipsum dolor sit amet, consectetur adipi', 20, 229),
(232, TIMESTAMP '2018-12-11 18:17:24.746', TIMESTAMP '2018-12-11 18:17:24.746', 'Reply 2 Lorem ipsum dolor sit amet, consectetur a', 10, 229),
(233, TIMESTAMP '2018-12-11 18:17:24.748', TIMESTAMP '2018-12-11 18:17:24.748', 'Reply 3 Lorem ipsum', 13, 229),
(234, TIMESTAMP '2018-12-11 18:17:24.749', TIMESTAMP '2018-12-11 18:17:24.749', 'Reply 4 Lorem ipsum dolor sit amet, consectetur adip', 19, 229),
(236, TIMESTAMP '2018-12-11 18:17:24.771', TIMESTAMP '2018-12-11 18:17:24.771', 'Comment on root level. I really like this idea, but needs to be improved.', 15, NULL);
INSERT INTO PUBLIC.COMMENTS(ID, CREATED_AT, UPDATED_AT, COMMENT, CREATED_BY_ID, PARENT_ID) VALUES
(237, TIMESTAMP '2018-12-11 18:17:24.772', TIMESTAMP '2018-12-11 18:17:24.772', 'Reply 0 Lorem ipsum dolor sit amet, consectetur adipiscing elit, sed do eiusmod temp', 8, 236),
(238, TIMESTAMP '2018-12-11 18:17:24.773', TIMESTAMP '2018-12-11 18:17:24.773', 'Reply 1 Lorem ipsum dolor sit amet, co', 17, 236),
(239, TIMESTAMP '2018-12-11 18:17:24.775', TIMESTAMP '2018-12-11 18:17:24.775', 'Reply 2 Lorem ipsum dolor sit amet, consectetur adipiscing el', 20, 236),
(240, TIMESTAMP '2018-12-11 18:17:24.776', TIMESTAMP '2018-12-11 18:17:24.776', 'Reply 3 Lorem ipsum dolor sit amet, consectetur adipiscing elit, sed do e', 19, 236),
(241, TIMESTAMP '2018-12-11 18:17:24.777', TIMESTAMP '2018-12-11 18:17:24.777', 'Reply 4 Lorem ipsum dolor sit amet', 8, 236),
(243, TIMESTAMP '2018-12-11 18:17:24.799', TIMESTAMP '2018-12-11 18:17:24.799', 'Comment on root level. I really like this idea, but needs to be improved.', 10, NULL),
(244, TIMESTAMP '2018-12-11 18:17:24.8', TIMESTAMP '2018-12-11 18:17:24.8', 'Reply 0 Lorem ipsum dolor sit amet, consectetur adipiscing elit, sed do eiusmod tempor incidi', 5, 243),
(245, TIMESTAMP '2018-12-11 18:17:24.801', TIMESTAMP '2018-12-11 18:17:24.801', 'Reply 1 Lorem ipsum dolor sit amet, consectetur adipiscing elit, sed do eiusmod tempor incididun', 15, 243),
(246, TIMESTAMP '2018-12-11 18:17:24.802', TIMESTAMP '2018-12-11 18:17:24.802', 'Reply 2 Lorem ipsum dolor sit amet, consectetur adipiscing elit, sed do eiusmod tempor incididunt ', 19, 243),
(247, TIMESTAMP '2018-12-11 18:17:24.804', TIMESTAMP '2018-12-11 18:17:24.804', 'Reply 3 Lorem ipsum dolor sit amet, consectetur adipiscing eli', 7, 243),
(248, TIMESTAMP '2018-12-11 18:17:24.805', TIMESTAMP '2018-12-11 18:17:24.805', 'Reply 4 Lorem ipsum ', 13, 243),
(251, TIMESTAMP '2018-12-11 18:17:24.826', TIMESTAMP '2018-12-11 18:17:24.826', 'Comment on root level. I really like this idea, but needs to be improved.', 3, NULL),
(252, TIMESTAMP '2018-12-11 18:17:24.827', TIMESTAMP '2018-12-11 18:17:24.827', 'Reply 0 Lorem ipsum dolor sit amet, co', 1, 251),
(253, TIMESTAMP '2018-12-11 18:17:24.829', TIMESTAMP '2018-12-11 18:17:24.829', 'Reply 1 Lorem ipsum dolor sit amet, consectetur adipiscing elit, sed do eiusmod tempor incididunt ', 16, 251),
(254, TIMESTAMP '2018-12-11 18:17:24.83', TIMESTAMP '2018-12-11 18:17:24.83', 'Reply 2 Lorem ipsum dolor si', 16, 251),
(255, TIMESTAMP '2018-12-11 18:17:24.831', TIMESTAMP '2018-12-11 18:17:24.831', 'Reply 3 Lorem ipsum dolor sit amet, consectetur adip', 6, 251),
(256, TIMESTAMP '2018-12-11 18:17:24.832', TIMESTAMP '2018-12-11 18:17:24.832', 'Reply 4 Lorem ipsum dolor sit amet, consectetur adipiscing elit, sed do eiusmod tempor inci', 11, 251),
(258, TIMESTAMP '2018-12-11 18:17:24.851', TIMESTAMP '2018-12-11 18:17:24.851', 'Comment on root level. I really like this idea, but needs to be improved.', 20, NULL),
(259, TIMESTAMP '2018-12-11 18:17:24.852', TIMESTAMP '2018-12-11 18:17:24.852', 'Reply 0 Lorem ipsum dolor sit amet, consectetur adipiscin', 2, 258),
(260, TIMESTAMP '2018-12-11 18:17:24.854', TIMESTAMP '2018-12-11 18:17:24.854', 'Reply 1 Lorem ipsum d', 7, 258),
(261, TIMESTAMP '2018-12-11 18:17:24.855', TIMESTAMP '2018-12-11 18:17:24.855', 'Reply 2 Lorem ipsum dolor sit amet, consectetur adipiscing elit, sed do eiusmod tempor incididunt ut l', 2, 258),
(262, TIMESTAMP '2018-12-11 18:17:24.857', TIMESTAMP '2018-12-11 18:17:24.857', 'Reply 3 Lorem ipsum dolor sit amet, consectetur a', 16, 258),
(263, TIMESTAMP '2018-12-11 18:17:24.858', TIMESTAMP '2018-12-11 18:17:24.858', 'Reply 4 Lorem ipsum dolor sit amet, consect', 20, 258),
(265, TIMESTAMP '2018-12-11 18:17:24.878', TIMESTAMP '2018-12-11 18:17:24.878', 'Comment on root level. I really like this idea, but needs to be improved.', 20, NULL),
(266, TIMESTAMP '2018-12-11 18:17:24.879', TIMESTAMP '2018-12-11 18:17:24.879', 'Reply 0 Lorem ipsum dolor sit amet, consectetur adipiscing eli', 5, 265),
(267, TIMESTAMP '2018-12-11 18:17:24.881', TIMESTAMP '2018-12-11 18:17:24.881', 'Reply 1 Lorem ipsum dolor sit amet, consectetur adipiscing elit, sed do ', 7, 265);
INSERT INTO PUBLIC.COMMENTS(ID, CREATED_AT, UPDATED_AT, COMMENT, CREATED_BY_ID, PARENT_ID) VALUES
(268, TIMESTAMP '2018-12-11 18:17:24.882', TIMESTAMP '2018-12-11 18:17:24.882', 'Reply 2 Lorem ipsum dolor sit amet, consectetur adipiscing elit, sed do eiusmod tem', 4, 265),
(269, TIMESTAMP '2018-12-11 18:17:24.884', TIMESTAMP '2018-12-11 18:17:24.884', 'Reply 3 Lorem ipsum dolor sit amet, consectetur adipiscing e', 6, 265),
(270, TIMESTAMP '2018-12-11 18:17:24.885', TIMESTAMP '2018-12-11 18:17:24.885', 'Reply 4 Lorem ipsum dolor sit amet, consectetur adipiscing eli', 4, 265),
(272, TIMESTAMP '2018-12-11 18:17:24.91', TIMESTAMP '2018-12-11 18:17:24.91', 'Comment on root level. I really like this idea, but needs to be improved.', 19, NULL),
(273, TIMESTAMP '2018-12-11 18:17:24.911', TIMESTAMP '2018-12-11 18:17:24.911', 'Reply 0 Lorem ipsum dolor sit amet, consectetur adipiscing elit, sed do ', 14, 272),
(274, TIMESTAMP '2018-12-11 18:17:24.913', TIMESTAMP '2018-12-11 18:17:24.913', 'Reply 1 Lorem ipsum dolor sit amet, consectetur adipiscing elit, sed do eiusmod', 9, 272),
(275, TIMESTAMP '2018-12-11 18:17:24.914', TIMESTAMP '2018-12-11 18:17:24.914', 'Reply 2 Lorem ipsum dolor sit amet, consectetur adipiscing elit, sed do eiusmod te', 8, 272),
(276, TIMESTAMP '2018-12-11 18:17:24.915', TIMESTAMP '2018-12-11 18:17:24.915', 'Reply 3 Lorem ipsum ', 12, 272),
(277, TIMESTAMP '2018-12-11 18:17:24.917', TIMESTAMP '2018-12-11 18:17:24.917', 'Reply 4 Lorem ipsum dolor sit amet, consectetur adipiscing elit, sed do eiusmod tempor incididunt u', 3, 272),
(295, TIMESTAMP '2018-12-11 18:17:30.251', TIMESTAMP '2018-12-11 18:17:30.251', 'Comment on root level. I really like this idea, but needs to be improved.', 18, NULL),
(296, TIMESTAMP '2018-12-11 18:17:30.252', TIMESTAMP '2018-12-11 18:17:30.252', 'Reply 0 Lorem ipsum dolor sit amet, consectetur adipiscing elit, sed do eiusmod tempor inc', 3, 295),
(297, TIMESTAMP '2018-12-11 18:17:30.253', TIMESTAMP '2018-12-11 18:17:30.253', 'Reply 1 Lorem ipsum dolor sit amet, consectetur a', 14, 295),
(298, TIMESTAMP '2018-12-11 18:17:30.254', TIMESTAMP '2018-12-11 18:17:30.254', 'Reply 2 Lorem ipsum dolor sit amet, consectetur adipiscing elit, sed do eiusmod tempor incididun', 8, 295),
(299, TIMESTAMP '2018-12-11 18:17:30.255', TIMESTAMP '2018-12-11 18:17:30.255', 'Reply 3 Lorem ipsum dolor sit amet, consectetur adi', 10, 295),
(300, TIMESTAMP '2018-12-11 18:17:30.255', TIMESTAMP '2018-12-11 18:17:30.255', 'Reply 4 Lorem ipsum dolor sit amet, consectetur adi', 10, 295),
(303, TIMESTAMP '2018-12-11 18:17:30.268', TIMESTAMP '2018-12-11 18:17:30.268', 'Comment on root level. I really like this idea, but needs to be improved.', 9, NULL),
(304, TIMESTAMP '2018-12-11 18:17:30.269', TIMESTAMP '2018-12-11 18:17:30.269', 'Reply 0 Lorem ipsum dolor sit amet, consectetur adipiscing elit, sed do eiusmod tempor inc', 1, 303),
(305, TIMESTAMP '2018-12-11 18:17:30.272', TIMESTAMP '2018-12-11 18:17:30.272', 'Reply 1 Lorem ipsum dolor sit amet, consecte', 11, 303),
(306, TIMESTAMP '2018-12-11 18:17:30.275', TIMESTAMP '2018-12-11 18:17:30.275', 'Reply 2 Lorem ipsum dolor sit ', 9, 303),
(307, TIMESTAMP '2018-12-11 18:17:30.277', TIMESTAMP '2018-12-11 18:17:30.277', 'Reply 3 Lorem ipsum dolor sit amet, consectetur adipiscing elit, sed do eiusmod tempor incididunt ut labor', 9, 303),
(308, TIMESTAMP '2018-12-11 18:17:30.278', TIMESTAMP '2018-12-11 18:17:30.278', 'Reply 4 Lorem ipsum dolor sit amet, consectetur adipiscing elit, sed do eiusmod tempor incididunt ut ', 4, 303),
(310, TIMESTAMP '2018-12-11 18:17:30.292', TIMESTAMP '2018-12-11 18:17:30.292', 'Comment on root level. I really like this idea, but needs to be improved.', 12, NULL),
(311, TIMESTAMP '2018-12-11 18:17:30.293', TIMESTAMP '2018-12-11 18:17:30.293', 'Reply 0 Lorem ipsum dolor sit amet, consectetur adipiscing elit, sed do eiusmod tempor incididunt ut labo', 5, 310),
(312, TIMESTAMP '2018-12-11 18:17:30.294', TIMESTAMP '2018-12-11 18:17:30.294', 'Reply 1 Lorem ipsum dolor sit amet, ', 17, 310),
(313, TIMESTAMP '2018-12-11 18:17:30.295', TIMESTAMP '2018-12-11 18:17:30.295', 'Reply 2 Lorem ipsum dolor sit amet, consectetur adipiscing elit, sed d', 8, 310);
INSERT INTO PUBLIC.COMMENTS(ID, CREATED_AT, UPDATED_AT, COMMENT, CREATED_BY_ID, PARENT_ID) VALUES
(314, TIMESTAMP '2018-12-11 18:17:30.296', TIMESTAMP '2018-12-11 18:17:30.296', 'Reply 3 Lorem ipsum dolor sit amet, consectetur adipiscing elit, sed do eiusmod tempor incididunt ', 18, 310),
(315, TIMESTAMP '2018-12-11 18:17:30.297', TIMESTAMP '2018-12-11 18:17:30.297', 'Reply 4 Lorem ipsum dolor sit', 19, 310),
(317, TIMESTAMP '2018-12-11 18:17:30.312', TIMESTAMP '2018-12-11 18:17:30.312', 'Comment on root level. I really like this idea, but needs to be improved.', 4, NULL),
(318, TIMESTAMP '2018-12-11 18:17:30.313', TIMESTAMP '2018-12-11 18:17:30.313', 'Reply 0 Lorem ipsum dolor sit amet, consectetur adipiscing elit, sed do eiusmod te', 5, 317),
(319, TIMESTAMP '2018-12-11 18:17:30.314', TIMESTAMP '2018-12-11 18:17:30.314', 'Reply 1 Lorem ipsum dolor sit amet, consectetur adip', 17, 317),
(320, TIMESTAMP '2018-12-11 18:17:30.315', TIMESTAMP '2018-12-11 18:17:30.315', 'Reply 2 Lorem ipsum dolor sit amet, consectetur adipiscing elit, sed do eiusmod tempor incididunt ut la', 20, 317),
(321, TIMESTAMP '2018-12-11 18:17:30.316', TIMESTAMP '2018-12-11 18:17:30.316', 'Reply 3 Lorem ipsum dolor sit amet, consectetur adipiscing elit, sed do eiusmod tempor i', 7, 317),
(322, TIMESTAMP '2018-12-11 18:17:30.316', TIMESTAMP '2018-12-11 18:17:30.316', 'Reply 4 Lorem ipsum dolor sit amet, consectetur adipiscing elit, sed do eiusmod tempor inc', 1, 317),
(324, TIMESTAMP '2018-12-11 18:17:30.331', TIMESTAMP '2018-12-11 18:17:30.331', 'Comment on root level. I really like this idea, but needs to be improved.', 1, NULL),
(325, TIMESTAMP '2018-12-11 18:17:30.332', TIMESTAMP '2018-12-11 18:17:30.332', 'Reply 0 Lorem ipsum dolor si', 7, 324),
(326, TIMESTAMP '2018-12-11 18:17:30.333', TIMESTAMP '2018-12-11 18:17:30.333', 'Reply 1 Lorem ipsum dolor si', 13, 324),
(327, TIMESTAMP '2018-12-11 18:17:30.334', TIMESTAMP '2018-12-11 18:17:30.334', 'Reply 2 Lorem ipsum dolor sit amet, consectetur adipiscing eli', 8, 324),
(328, TIMESTAMP '2018-12-11 18:17:30.335', TIMESTAMP '2018-12-11 18:17:30.335', 'Reply 3 Lorem ipsum dolor sit amet, consectetur adipiscing elit', 6, 324),
(329, TIMESTAMP '2018-12-11 18:17:30.338', TIMESTAMP '2018-12-11 18:17:30.338', 'Reply 4 Lorem ipsum dolor sit amet, consectetur adipiscing elit, sed do eiusmod temp', 13, 324);
CREATE MEMORY TABLE PUBLIC.COMMENTS_DOWN_VOTERS(
COMMENT_MODEL_ID BIGINT NOT NULL,
DOWN_VOTERS_ID BIGINT NOT NULL
);
ALTER TABLE PUBLIC.COMMENTS_DOWN_VOTERS ADD CONSTRAINT PUBLIC.CONSTRAINT_2 PRIMARY KEY(COMMENT_MODEL_ID, DOWN_VOTERS_ID);
-- 221 +/- SELECT COUNT(*) FROM PUBLIC.COMMENTS_DOWN_VOTERS;
INSERT INTO PUBLIC.COMMENTS_DOWN_VOTERS(COMMENT_MODEL_ID, DOWN_VOTERS_ID) VALUES
(207, 4),
(207, 18),
(208, 18),
(208, 10),
(209, 2),
(209, 4),
(209, 18),
(209, 3),
(210, 2),
(210, 13),
(210, 7),
(211, 11),
(212, 2),
(212, 8),
(212, 17),
(212, 18),
(212, 20),
(212, 10),
(212, 3),
(217, 11),
(217, 17),
(217, 14),
(217, 3),
(217, 19),
(217, 9),
(218, 11),
(218, 16),
(219, 6),
(219, 15),
(220, 4),
(220, 11),
(220, 8),
(222, 7),
(222, 14),
(223, 2),
(223, 13),
(223, 17),
(223, 15),
(224, 20),
(225, 6),
(225, 16),
(225, 15),
(225, 5),
(227, 13),
(227, 19),
(227, 15),
(227, 12),
(229, 11),
(229, 19),
(231, 3),
(231, 15),
(233, 8),
(233, 17),
(233, 7),
(233, 1),
(234, 20),
(236, 10),
(238, 6),
(238, 17),
(238, 10),
(238, 5),
(240, 14),
(240, 16),
(240, 12),
(241, 20),
(241, 5),
(241, 12),
(244, 6),
(244, 17),
(244, 9),
(246, 11),
(246, 20),
(246, 5),
(246, 9),
(247, 3),
(247, 19),
(248, 7),
(248, 5),
(251, 11),
(251, 14),
(253, 16),
(253, 9),
(254, 2),
(254, 18),
(254, 17),
(254, 14),
(254, 10),
(255, 2),
(255, 17),
(255, 19),
(256, 6),
(256, 7),
(256, 19),
(256, 16),
(258, 2),
(258, 17),
(259, 2),
(259, 6),
(259, 11),
(259, 8),
(259, 20),
(260, 11),
(260, 20),
(261, 2),
(261, 6),
(261, 7),
(261, 16),
(262, 4),
(262, 18),
(263, 1),
(265, 13),
(265, 6),
(265, 5),
(265, 9),
(266, 13),
(266, 5),
(267, 13),
(267, 1),
(267, 3),
(267, 15),
(268, 19),
(268, 12),
(269, 18),
(269, 7),
(269, 10),
(269, 1),
(269, 16),
(270, 4),
(270, 17),
(270, 7),
(270, 1),
(270, 16),
(273, 2),
(273, 11),
(273, 7),
(274, 6),
(274, 1),
(275, 4),
(275, 2),
(275, 1),
(275, 16),
(275, 5),
(275, 9),
(276, 8),
(276, 18),
(276, 7),
(276, 16),
(295, 18),
(296, 15),
(296, 9),
(297, 17),
(297, 1),
(299, 13),
(299, 18),
(299, 1),
(299, 9),
(300, 14),
(300, 5),
(303, 2),
(303, 20),
(303, 7),
(303, 5),
(304, 18),
(304, 15),
(305, 4),
(306, 2),
(306, 7),
(306, 1),
(306, 3),
(306, 5),
(308, 4),
(308, 20),
(308, 1),
(308, 19),
(310, 13),
(310, 7),
(311, 16),
(312, 13),
(312, 6),
(312, 8),
(313, 13),
(313, 11),
(313, 3),
(314, 6),
(314, 12),
(315, 4),
(315, 14),
(315, 10),
(317, 11),
(317, 3),
(317, 12),
(317, 5),
(318, 18),
(318, 19),
(318, 15),
(318, 12),
(319, 6),
(319, 8),
(319, 10),
(319, 16),
(320, 4),
(320, 11),
(320, 15),
(321, 6),
(321, 8),
(321, 1),
(322, 17),
(324, 4),
(324, 20),
(325, 2),
(325, 11),
(325, 7),
(326, 2),
(326, 1),
(326, 9),
(327, 18),
(327, 17),
(327, 7),
(328, 13),
(328, 7),
(329, 6);
CREATE MEMORY TABLE PUBLIC.COMMENTS_UP_VOTERS(
COMMENT_MODEL_ID BIGINT NOT NULL,
UP_VOTERS_ID BIGINT NOT NULL
);
ALTER TABLE PUBLIC.COMMENTS_UP_VOTERS ADD CONSTRAINT PUBLIC.CONSTRAINT_20 PRIMARY KEY(COMMENT_MODEL_ID, UP_VOTERS_ID);
-- 220 +/- SELECT COUNT(*) FROM PUBLIC.COMMENTS_UP_VOTERS;
INSERT INTO PUBLIC.COMMENTS_UP_VOTERS(COMMENT_MODEL_ID, UP_VOTERS_ID) VALUES
(207, 8),
(208, 11),
(208, 8),
(208, 7),
(208, 19),
(208, 5),
(209, 8),
(209, 7),
(209, 14),
(209, 16),
(210, 18),
(211, 12),
(212, 2),
(212, 8),
(212, 10),
(212, 3),
(212, 15),
(212, 5),
(215, 11),
(216, 13),
(216, 11),
(216, 10),
(217, 17),
(217, 3),
(217, 12),
(218, 4),
(218, 8),
(218, 20),
(219, 5),
(223, 16),
(223, 9),
(224, 20),
(225, 3),
(225, 15),
(226, 2),
(226, 3),
(226, 5),
(227, 2),
(227, 16),
(227, 12),
(227, 9),
(229, 18),
(229, 1),
(230, 20),
(230, 16),
(231, 14),
(231, 1),
(231, 5),
(231, 9),
(232, 11),
(232, 17),
(233, 20),
(233, 7),
(233, 16),
(234, 6),
(234, 8),
(234, 7),
(234, 3),
(234, 5),
(236, 3),
(237, 4),
(237, 13),
(237, 12),
(238, 10),
(238, 19),
(239, 4),
(239, 14),
(239, 5),
(239, 12),
(239, 9),
(241, 2),
(241, 14),
(241, 3),
(241, 19),
(243, 11),
(243, 14),
(243, 15),
(243, 12),
(243, 9),
(244, 12),
(245, 10),
(245, 1),
(245, 15),
(246, 8),
(246, 11),
(246, 7),
(246, 5),
(246, 12),
(247, 6),
(247, 5),
(248, 11),
(248, 15),
(248, 5),
(248, 12),
(251, 13),
(251, 17),
(252, 20),
(252, 19),
(253, 6),
(253, 10),
(253, 19),
(253, 15),
(255, 11),
(255, 17),
(255, 7),
(255, 10),
(258, 17),
(258, 10),
(258, 12),
(259, 8),
(259, 18),
(260, 11),
(260, 18),
(260, 7),
(260, 9),
(261, 13),
(261, 17),
(261, 20),
(261, 3),
(261, 5),
(263, 1),
(263, 16),
(266, 20),
(268, 6),
(268, 7),
(268, 14),
(269, 11),
(269, 20),
(269, 16),
(269, 5),
(270, 7),
(270, 15),
(270, 5),
(272, 4),
(272, 18),
(272, 14),
(273, 10),
(273, 1),
(273, 19),
(274, 19),
(275, 2),
(275, 8),
(275, 20),
(275, 1),
(276, 2),
(276, 20),
(276, 7),
(276, 16),
(295, 11),
(295, 20),
(295, 10),
(295, 3),
(296, 8),
(296, 17),
(297, 6),
(298, 20),
(299, 20),
(299, 7),
(299, 10),
(300, 20),
(300, 15),
(303, 18),
(303, 7),
(304, 8),
(304, 1),
(304, 3),
(305, 8),
(305, 20),
(305, 3),
(306, 5),
(307, 4),
(308, 17),
(308, 1),
(308, 15),
(310, 18),
(310, 5),
(311, 11),
(311, 3),
(311, 15),
(312, 19),
(312, 9),
(313, 17),
(313, 14),
(313, 5),
(314, 8),
(314, 18),
(314, 20),
(314, 1),
(315, 18),
(317, 15),
(317, 9),
(318, 5),
(319, 8),
(319, 7),
(319, 15),
(319, 5),
(321, 1),
(321, 19),
(322, 1),
(322, 19),
(322, 16),
(322, 9),
(324, 16),
(325, 18),
(325, 17),
(325, 19),
(325, 5),
(325, 9),
(326, 6),
(326, 17),
(326, 20),
(326, 9),
(327, 9),
(328, 13),
(328, 6),
(328, 14),
(328, 5),
(329, 4),
(329, 15),
(329, 16);
CREATE MEMORY TABLE PUBLIC.DELEGATIONS(
ID BIGINT NOT NULL,
CREATED_AT TIMESTAMP NOT NULL,
UPDATED_AT TIMESTAMP NOT NULL,
REQUESTED_DELEGATION_AT TIMESTAMP,
TRANSITIVE BOOLEAN NOT NULL,
AREA_ID BIGINT NOT NULL,
FROM_USER_ID BIGINT NOT NULL,
REQUESTED_DELEGATION_FROM_CHECKSUM_CHECKSUM VARCHAR(255),
TO_PROXY_ID BIGINT NOT NULL
);
ALTER TABLE PUBLIC.DELEGATIONS ADD CONSTRAINT PUBLIC.CONSTRAINT_8 PRIMARY KEY(ID);
-- 9 +/- SELECT COUNT(*) FROM PUBLIC.DELEGATIONS;
INSERT INTO PUBLIC.DELEGATIONS(ID, CREATED_AT, UPDATED_AT, REQUESTED_DELEGATION_AT, TRANSITIVE, AREA_ID, FROM_USER_ID, REQUESTED_DELEGATION_FROM_CHECKSUM_CHECKSUM, TO_PROXY_ID) VALUES
(31, TIMESTAMP '2018-12-11 18:17:18.618', TIMESTAMP '2018-12-11 18:17:18.618', NULL, TRUE, 21, 2, NULL, 1),
(32, TIMESTAMP '2018-12-11 18:17:19.165', TIMESTAMP '2018-12-11 18:17:19.165', NULL, TRUE, 21, 3, NULL, 1),
(33, TIMESTAMP '2018-12-11 18:17:19.715', TIMESTAMP '2018-12-11 18:17:19.715', NULL, TRUE, 21, 4, NULL, 1),
(34, TIMESTAMP '2018-12-11 18:17:20.104', TIMESTAMP '2018-12-11 18:17:20.104', TIMESTAMP '2018-12-11 18:17:20.103', TRUE, 21, 5, '$2a$10$1IdrGrRAN2Wp3U7QI.JIzuaW/fGb8Z2mJgsKxYwe5.NrtAFNxSQVS', 2),
(35, TIMESTAMP '2018-12-11 18:17:20.652', TIMESTAMP '2018-12-11 18:17:20.652', NULL, TRUE, 21, 6, NULL, 3),
(36, TIMESTAMP '2018-12-11 18:17:21.198', TIMESTAMP '2018-12-11 18:17:21.198', NULL, TRUE, 21, 7, NULL, 4),
(37, TIMESTAMP '2018-12-11 18:17:21.745', TIMESTAMP '2018-12-11 18:17:21.745', NULL, TRUE, 21, 10, NULL, 7),
(38, TIMESTAMP '2018-12-11 18:17:22.289', TIMESTAMP '2018-12-11 18:17:22.289', NULL, TRUE, 21, 11, NULL, 7),
(39, TIMESTAMP '2018-12-11 18:17:22.834', TIMESTAMP '2018-12-11 18:17:22.834', NULL, FALSE, 21, 12, NULL, 7);
CREATE MEMORY TABLE PUBLIC.KEY_VALUE(
ID BIGINT NOT NULL,
KEY VARCHAR(255) NOT NULL,
VALUE VARCHAR(255)
);
ALTER TABLE PUBLIC.KEY_VALUE ADD CONSTRAINT PUBLIC.CONSTRAINT_7 PRIMARY KEY(ID);
-- 0 +/- SELECT COUNT(*) FROM PUBLIC.KEY_VALUE;
CREATE MEMORY TABLE PUBLIC.LAWS(
ID BIGINT NOT NULL,
CREATED_AT TIMESTAMP NOT NULL,
UPDATED_AT TIMESTAMP NOT NULL,
DESCRIPTION VARCHAR(1000) NOT NULL,
REACHED_QUORUM_AT TIMESTAMP,
STATUS INTEGER NOT NULL,
TITLE VARCHAR(255) NOT NULL,
AREA_ID BIGINT NOT NULL,
CREATED_BY_ID BIGINT NOT NULL,
POLL_ID BIGINT
);
ALTER TABLE PUBLIC.LAWS ADD CONSTRAINT PUBLIC.CONSTRAINT_23 PRIMARY KEY(ID);
-- 183 +/- SELECT COUNT(*) FROM PUBLIC.LAWS;
INSERT INTO PUBLIC.LAWS(ID, CREATED_AT, UPDATED_AT, DESCRIPTION, REACHED_QUORUM_AT, STATUS, TITLE, AREA_ID, CREATED_BY_ID, POLL_ID) VALUES
(40, TIMESTAMP '2018-12-10 18:17:22.905', TIMESTAMP '2018-12-11 18:17:22.905', '6u0ENVAC Lorem ipsum dolor sit amet, consectetur adipiscing elit, sed do eiusmod tempor incididunt ut labore et dolore magna aliqua. Ut enim ad minim veniam, quis nostrud exercitation ullamco laboris nisi ut aliquip ex ea commodo consequat. Duis aute irure dolor in reprehende', NULL, 0, 'Idea 0 that suggest that we definitely need a longer title for ideas', 21, 6, NULL),
(41, TIMESTAMP '2018-12-09 18:17:22.929', TIMESTAMP '2018-12-10 18:17:22.929', '6NT3vRjg Lorem ipsum dolor sit amet, consectetur adipiscing elit, sed do eiusmod tempor incididunt ut labore et dolore magna aliqua. Ut enim ad minim veniam, quis nostrud e', NULL, 0, 'Idea 1 that suggest that we definitely need a longer title for ideas', 22, 15, NULL),
(42, TIMESTAMP '2018-12-08 18:17:22.952', TIMESTAMP '2018-12-09 18:17:22.952', '9RpMCo37 Lorem ipsum dolor sit amet, consectetur adipiscing elit, sed do eiusmod tempor incididunt ut labore et dolore magna aliqua. Ut enim ad minim veniam, quis nostrud exercitation ullamco laboris nisi ut aliquip ex ea commodo consequat. Duis aute irure dolor in reprehenderit in voluptate velit esse cillum dolore eu fugia', NULL, 0, 'Idea 2 that suggest that we definitely need a longer title for ideas', 23, 7, NULL),
(43, TIMESTAMP '2018-12-07 18:17:22.977', TIMESTAMP '2018-12-08 18:17:22.977', 'D49rYvVN Lorem ipsum dolor sit amet, consectetur adipiscing elit, sed do eiusmod t', NULL, 0, 'Idea 3 that suggest that we definitely need a longer title for ideas', 24, 9, NULL),
(44, TIMESTAMP '2018-12-06 18:17:22.991', TIMESTAMP '2018-12-07 18:17:22.991', 'MYN7yZfG Lorem ipsum dolor sit amet, consectetur adipiscing elit, sed do eiu', NULL, 0, 'Idea 4 that suggest that we definitely need a longer title for ideas', 25, 15, NULL),
(45, TIMESTAMP '2018-12-05 18:17:23.017', TIMESTAMP '2018-12-06 18:17:23.017', 'nr9vhnv8 Lorem ipsum dolor sit amet, consectetur adipiscing elit, sed do eiusmod tempor incididunt ut labore et dolore magna aliqua. Ut enim ad minim veniam, quis nostrud exercitation ullamco laboris nisi ut aliquip ex ea commodo consequat. Duis aute irure dolor in reprehenderit in voluptate velit esse cillum dolore eu fugiat null', NULL, 0, 'Idea 5 that suggest that we definitely need a longer title for ideas', 26, 3, NULL),
(46, TIMESTAMP '2018-12-04 18:17:23.043', TIMESTAMP '2018-12-05 18:17:23.043', 'xjaRmMiz Lorem ipsum dolor sit amet, consectetur adipiscing elit, sed do eiusmod tempor incididunt ut labore et dolore magna aliqua. Ut enim ad minim veniam, quis nostrud exercitation ullamco laboris nisi ut aliquip ex ea commodo consequat. Duis aute irure do', NULL, 0, 'Idea 6 that suggest that we definitely need a longer title for ideas', 27, 14, NULL),
(47, TIMESTAMP '2018-12-03 18:17:23.053', TIMESTAMP '2018-12-04 18:17:23.053', '47rODx2b Lorem ipsum dolor sit amet, consectetur adipiscing elit, sed do eiusmod tempor incididunt ut labore et dolore magna aliqua. Ut enim ad minim veniam, quis nostrud exercitation ullamco laboris nisi ut aliquip ex ea commodo consequat. Duis aute irure dolor in reprehenderit in voluptate velit esse cillum dolore eu fugiat nulla pariatur. Excepteur sint occaecat cupidat', NULL, 0, 'Idea 7 that suggest that we definitely need a longer title for ideas', 28, 3, NULL),
(48, TIMESTAMP '2018-12-02 18:17:23.073', TIMESTAMP '2018-12-03 18:17:23.073', 'sRrvZxDw Lorem ipsum dolor sit amet, consectetur adipiscing elit, sed do eiusmod tempor incididunt ut labore et dolore magna aliqua. Ut enim ad minim veniam, quis nostrud exercitation ullamco laboris nisi ut aliquip ex', NULL, 0, 'Idea 8 that suggest that we definitely need a longer title for ideas', 29, 19, NULL),
(49, TIMESTAMP '2018-12-01 18:17:23.085', TIMESTAMP '2018-12-02 18:17:23.086', 'tgzmG9xt Lorem ipsum dolor sit amet, consectetur adipiscing elit, sed do eiusmod tempor incididunt ut labore et dolore magna aliqua. Ut enim ad minim veniam, quis nostrud exercitation ullamco laboris nisi ut aliquip ex ea commodo consequat. Duis aute irure dolor in reprehenderit in voluptate velit esse cillum dolore eu fugiat nulla pariatur. Excepteur sint occaecat cupidata', NULL, 0, 'Idea 9 that suggest that we definitely need a longer title for ideas', 30, 12, NULL);
INSERT INTO PUBLIC.LAWS(ID, CREATED_AT, UPDATED_AT, DESCRIPTION, REACHED_QUORUM_AT, STATUS, TITLE, AREA_ID, CREATED_BY_ID, POLL_ID) VALUES
(50, TIMESTAMP '2018-11-30 18:17:23.099', TIMESTAMP '2018-12-01 18:17:23.099', 'C2ERVZqQ Lorem ipsum dolor sit amet, consectetur adipiscing elit, sed do eiusmod tempor incididunt ut labore et dolore magna aliqua. Ut enim ad minim veniam, quis nostrud exercitation ullamco laboris nisi ut aliquip ex ea commodo consequat. Duis aute irure dolor in reprehenderit in voluptate velit esse cillu', NULL, 0, 'Idea 10 that suggest that we definitely need a longer title for ideas', 21, 15, NULL),
(51, TIMESTAMP '2018-11-29 18:17:23.116', TIMESTAMP '2018-11-30 18:17:23.116', '2WepWU6W Lorem ipsum dolor sit amet, ', NULL, 0, 'Idea 11 that suggest that we definitely need a longer title for ideas', 22, 10, NULL),
(52, TIMESTAMP '2018-11-28 18:17:23.136', TIMESTAMP '2018-11-29 18:17:23.136', 'BkGcVDyt Lorem ipsum dolor sit amet, consectetur adipiscing elit, sed do eiusmod tempor incididunt ut labore et dolore magna aliqua. Ut enim ad minim veniam, quis nostrud exercitation ullamco laboris nisi ut aliquip ex ea commodo consequat. Duis aute irure dolor in reprehenderit in voluptate velit esse cillum dolore eu fugiat nulla pariatur. Excepteur sint occaecat cupidatat non', NULL, 0, 'Idea 12 that suggest that we definitely need a longer title for ideas', 23, 14, NULL),
(53, TIMESTAMP '2018-11-27 18:17:23.143', TIMESTAMP '2018-11-28 18:17:23.143', 'Jtevf7X7 Lorem ipsum dolor sit amet, consectetur adipiscing elit, sed do eiusmod tempor incididunt ut labore et dolore magna aliqua. Ut enim ad minim veniam, quis nostrud exercitation ullamco laboris nisi ut aliq', NULL, 0, 'Idea 13 that suggest that we definitely need a longer title for ideas', 24, 7, NULL),
(54, TIMESTAMP '2018-11-26 18:17:23.162', TIMESTAMP '2018-11-27 18:17:23.162', 'NYBqlPtr Lorem ipsum dolor sit amet, consectetur adipiscing elit, sed do eiusmod tempor incididunt ut labore et dolore magna aliqua. Ut ', NULL, 0, 'Idea 14 that suggest that we definitely need a longer title for ideas', 25, 17, NULL),
(55, TIMESTAMP '2018-11-25 18:17:23.181', TIMESTAMP '2018-11-26 18:17:23.182', '6s961iih Lorem ipsum dolor sit amet, consectetur adipiscing elit, sed do eiusmod tempor incididunt ut labore et dolore ', NULL, 0, 'Idea 15 that suggest that we definitely need a longer title for ideas', 26, 2, NULL),
(56, TIMESTAMP '2018-11-24 18:17:23.203', TIMESTAMP '2018-11-25 18:17:23.204', 'PI8rdHMw Lorem ipsum dolor sit amet, consectetur adipiscing elit, sed do eiusmod tempor incididunt ut labore et dolore magna aliqua. Ut enim ad minim veniam, quis nostrud exercitation ullamco laboris nisi ut aliquip ex ea commodo consequat. Duis aute irure dolor in reprehenderit in voluptate velit esse cillum dolore eu fugiat nulla pariatur. Excepteur sint occaecat cupidatat non pro', NULL, 0, 'Idea 16 that suggest that we definitely need a longer title for ideas', 27, 9, NULL),
(57, TIMESTAMP '2018-11-23 18:17:23.214', TIMESTAMP '2018-11-24 18:17:23.214', 'bnddG2M8 Lorem ipsum dolor sit amet, consectetur adipiscing elit, sed do eiusmod tempor incididunt ut labore et dolore magna aliqua. Ut enim ad minim veniam, quis nostrud exercitation ullamco laboris nisi ut aliquip ex ea commodo consequat. Duis aute irure dolor in reprehenderit in voluptate velit esse cillum dolore eu fugiat nulla pariatur. Excepteur sint occaecat cupidatat non proident, sunt', NULL, 0, 'Idea 17 that suggest that we definitely need a longer title for ideas', 28, 20, NULL),
(58, TIMESTAMP '2018-11-22 18:17:23.234', TIMESTAMP '2018-11-23 18:17:23.234', 'somK4Euz Lorem ipsum dolor sit amet, consectetur adipiscing elit, sed do eiusmod tempor incididun', NULL, 0, 'Idea 18 that suggest that we definitely need a longer title for ideas', 29, 6, NULL),
(59, TIMESTAMP '2018-11-21 18:17:23.252', TIMESTAMP '2018-11-22 18:17:23.253', '37cFUFCc Lorem ipsum dolor sit amet, consectetur adipiscing elit, sed do eiusmod tempor incididunt ut labore et dolore magna aliqua. Ut enim ad minim veniam, quis nostrud exercitation ullamco laboris nisi ut aliquip ex ea commodo consequat. Duis aute irure dolor in reprehenderit in voluptate velit esse cillum do', NULL, 0, 'Idea 19 that suggest that we definitely need a longer title for ideas', 30, 13, NULL);
INSERT INTO PUBLIC.LAWS(ID, CREATED_AT, UPDATED_AT, DESCRIPTION, REACHED_QUORUM_AT, STATUS, TITLE, AREA_ID, CREATED_BY_ID, POLL_ID) VALUES
(60, TIMESTAMP '2018-11-20 18:17:23.27', TIMESTAMP '2018-11-21 18:17:23.27', 'eQmf1RvR Lorem ipsum dolor sit amet, consectetur adipiscing elit, sed do eiusmod tempor incididunt ut labore et dolore magna aliqua. Ut enim ad minim veniam, quis nostrud exercitation ullamco laboris nisi ut aliquip ex ea commodo consequat. Duis aute irure dolor in repreh', NULL, 0, 'Idea 20 that suggest that we definitely need a longer title for ideas', 21, 15, NULL),
(61, TIMESTAMP '2018-11-19 18:17:23.287', TIMESTAMP '2018-11-20 18:17:23.288', 'iRhbKfXw Lorem ipsum dolor', NULL, 0, 'Idea 21 that suggest that we definitely need a longer title for ideas', 22, 12, NULL),
(62, TIMESTAMP '2018-11-18 18:17:23.303', TIMESTAMP '2018-11-19 18:17:23.303', 'vkr8K8zI Lorem ipsum dolor sit amet, consectetur adipiscing elit, sed do eiusmod tempor incididunt ut labore et dolore magna aliqua. Ut enim ad minim veniam, quis nostrud exercitation ullamco laboris nisi ut aliquip ex ea commodo consequat. Duis aute irure dolor in reprehenderit in vol', NULL, 0, 'Idea 22 that suggest that we definitely need a longer title for ideas', 23, 8, NULL),
(63, TIMESTAMP '2018-11-17 18:17:23.312', TIMESTAMP '2018-11-18 18:17:23.312', 'bZGjs8ur Lorem ipsum dolor sit amet, consectetur adipiscing elit, sed do eiusmod tempor incididunt ut l', NULL, 0, 'Idea 23 that suggest that we definitely need a longer title for ideas', 24, 20, NULL),
(64, TIMESTAMP '2018-11-16 18:17:23.319', TIMESTAMP '2018-11-17 18:17:23.319', 'SznF2qQa Lorem ipsum dolor sit amet, consectetur adipiscing elit, sed do eiusmod tempor incididunt ut labore et dolore magna aliqua. Ut enim ad minim veniam, quis nostrud exercitation ullamco laboris nisi ut aliquip ex ea commodo consequat. Duis aute irure dolor in reprehenderit in voluptate velit esse cillum dolore e', NULL, 0, 'Idea 24 that suggest that we definitely need a longer title for ideas', 25, 17, NULL),
(65, TIMESTAMP '2018-11-15 18:17:23.324', TIMESTAMP '2018-11-16 18:17:23.324', 'vW4WCkm2 L', NULL, 0, 'Idea 25 that suggest that we definitely need a longer title for ideas', 26, 14, NULL),
(66, TIMESTAMP '2018-11-14 18:17:23.335', TIMESTAMP '2018-11-15 18:17:23.336', 'eX4Zj5yq Lorem ipsum dolor sit amet, consectetur adipiscing elit, sed do eiusmod tempor incididunt ut labore et dolore magna aliqua. Ut enim ad minim veniam, quis nostrud exercitation ullamco laboris nisi ut al', NULL, 0, 'Idea 26 that suggest that we definitely need a longer title for ideas', 27, 4, NULL),
(67, TIMESTAMP '2018-11-13 18:17:23.346', TIMESTAMP '2018-11-14 18:17:23.346', 'Sn0EHTSL Lorem ipsum dolor sit amet, consectetur adipiscing elit, sed do eiusmod tempor incididunt ut labore et dolore magna aliqua. Ut enim ad minim veniam, quis nostrud exercitation ullamco laboris nisi ut aliquip ex ea commodo consequat. Duis aute irure dolor in reprehenderit in voluptate velit esse cillum dolore eu fugiat nu', NULL, 0, 'Idea 27 that suggest that we definitely need a longer title for ideas', 28, 17, NULL),
(68, TIMESTAMP '2018-11-12 18:17:23.361', TIMESTAMP '2018-11-13 18:17:23.361', 'jb7PkiUL Lorem ipsum dolor sit amet, consectetur adipiscing elit, sed do eiusmod tempor incididunt ut labore et dolore magna aliqua. Ut enim ad minim veniam, quis nostrud exercitation ullamco laboris nisi ut aliquip e', NULL, 0, 'Idea 28 that suggest that we definitely need a longer title for ideas', 29, 7, NULL),
(69, TIMESTAMP '2018-11-11 18:17:23.369', TIMESTAMP '2018-11-12 18:17:23.369', 'QLHqf6XD Lorem ipsum dolor sit amet, consectetur adipiscing elit, sed do eiusmod tempor incididunt ut labore et dolore magna aliqua. Ut enim ad minim veniam, quis nostrud exercitation ullamco laboris nisi ut aliquip ex ea commodo consequat. Duis aute irure dolor in reprehen', NULL, 0, 'Idea 29 that suggest that we definitely need a longer title for ideas', 30, 12, NULL),
(70, TIMESTAMP '2018-11-10 18:17:23.372', TIMESTAMP '2018-11-11 18:17:23.373', '8g6g7jzs Lorem ipsum dolor sit amet, consectetur a', NULL, 0, 'Idea 30 that suggest that we definitely need a longer title for ideas', 21, 15, NULL);
INSERT INTO PUBLIC.LAWS(ID, CREATED_AT, UPDATED_AT, DESCRIPTION, REACHED_QUORUM_AT, STATUS, TITLE, AREA_ID, CREATED_BY_ID, POLL_ID) VALUES
(71, TIMESTAMP '2018-11-09 18:17:23.38', TIMESTAMP '2018-11-10 18:17:23.38', 'QqQeHfYm Lorem ipsum dolor sit amet, consectetur adipiscing elit, sed do eiusmod tempor incididunt ut labore et dolore magna aliqua. Ut enim ad minim veniam, quis nostrud exercitation ullamco laboris nisi ut aliquip ex ea commodo consequat. Duis aute i', NULL, 0, 'Idea 31 that suggest that we definitely need a longer title for ideas', 22, 5, NULL),
(72, TIMESTAMP '2018-11-08 18:17:23.39', TIMESTAMP '2018-11-09 18:17:23.391', 'q4dQlXsJ Lorem ipsum dolor sit amet, consectetur adipiscing elit, sed do eiusmod tempor incididunt ut labore et dolore magna aliqua. Ut enim ad minim veniam, quis nostrud exercitation ullamco laboris nisi ut aliquip ex ea commo', NULL, 0, 'Idea 32 that suggest that we definitely need a longer title for ideas', 23, 15, NULL),
(73, TIMESTAMP '2018-11-07 18:17:23.397', TIMESTAMP '2018-11-08 18:17:23.398', 'wIzY5EtY Lorem ipsum dolor sit amet, consectetur adipiscing elit, sed do eiusmod tempor incididunt ut l', NULL, 0, 'Idea 33 that suggest that we definitely need a longer title for ideas', 24, 7, NULL),
(74, TIMESTAMP '2018-11-06 18:17:23.411', TIMESTAMP '2018-11-07 18:17:23.411', 'IY25t14W Lorem ipsum dolor sit amet, consectetur adipiscing elit, sed do eiusmod tempor incididunt ut labore et dolore magna aliqua. Ut enim ad minim veniam, quis nostrud exercitation ullamco laboris', NULL, 0, 'Idea 34 that suggest that we definitely need a longer title for ideas', 25, 12, NULL),
(75, TIMESTAMP '2018-11-05 18:17:23.422', TIMESTAMP '2018-11-06 18:17:23.422', 'bAPaXHR5 Lorem ipsum dolor sit amet, consectetur adipiscing elit, sed do eiusmod tempor incididunt ut labore et dolore magna aliqua. Ut enim ad minim veniam, quis nostrud exercitation ullamco laboris nisi ut aliquip ex ea commodo consequat. Duis aute irure dolor in reprehenderit in voluptate velit esse cillum dolore eu fugiat nulla pariatur. Excepteur sint oc', NULL, 0, 'Idea 35 that suggest that we definitely need a longer title for ideas', 26, 16, NULL),
(76, TIMESTAMP '2018-11-04 18:17:23.429', TIMESTAMP '2018-11-05 18:17:23.429', 'st7FDLf5 Lorem ipsum dolor sit amet, consectetur adipiscing elit, sed do eiusmod tempor incididunt ut labore et dolore magna aliqua. Ut enim ad minim veniam, quis nostrud exercitation ullamco laboris nisi ut aliqu', NULL, 0, 'Idea 36 that suggest that we definitely need a longer title for ideas', 27, 5, NULL),
(77, TIMESTAMP '2018-11-03 18:17:23.434', TIMESTAMP '2018-11-04 18:17:23.434', '4YSzYnOw Lorem ips', NULL, 0, 'Idea 37 that suggest that we definitely need a longer title for ideas', 28, 16, NULL),
(78, TIMESTAMP '2018-11-02 18:17:23.438', TIMESTAMP '2018-11-03 18:17:23.438', 'EMC4TFXg Lorem ipsum dolor sit amet, consectetur adipiscing elit, sed do eiusmod tempor incididunt ut labore et dolore magna aliqua. Ut enim ad minim veniam, quis nostrud exercitation ullamco laboris nisi ut aliquip e', NULL, 0, 'Idea 38 that suggest that we definitely need a longer title for ideas', 29, 17, NULL),
(79, TIMESTAMP '2018-11-01 18:17:23.446', TIMESTAMP '2018-11-02 18:17:23.446', '72yvG8p8 Lorem ipsum dolor sit amet, consectetur adipiscing elit, sed do eiusmod tempor incididunt ut labore et dolore magna aliqua. Ut enim ad minim veniam, quis nostrud exercitation ullamc', NULL, 0, 'Idea 39 that suggest that we definitely need a longer title for ideas', 30, 20, NULL),
(80, TIMESTAMP '2018-10-31 18:17:23.449', TIMESTAMP '2018-11-01 18:17:23.449', 'TBiO5uBm Lorem ipsum dolor sit amet, consectetur adipiscing elit, sed do eiusmod tempor incididunt ut labore et dolore magna aliqua. Ut ', NULL, 0, 'Idea 40 that suggest that we definitely need a longer title for ideas', 21, 1, NULL),
(81, TIMESTAMP '2018-10-30 18:17:23.46', TIMESTAMP '2018-10-31 18:17:23.46', 'd1jxuShi Lorem ipsum dolor sit amet, consectetur adipiscing elit, sed do eiusmod tempor incididunt ut labore et dolore magna aliqua. Ut e', NULL, 0, 'Idea 41 that suggest that we definitely need a longer title for ideas', 22, 14, NULL);
INSERT INTO PUBLIC.LAWS(ID, CREATED_AT, UPDATED_AT, DESCRIPTION, REACHED_QUORUM_AT, STATUS, TITLE, AREA_ID, CREATED_BY_ID, POLL_ID) VALUES
(82, TIMESTAMP '2018-10-29 18:17:23.465', TIMESTAMP '2018-10-30 18:17:23.465', 'zWOvXUfY Lorem ipsum dolor sit amet, consectetur adipiscing elit, sed do eiusmod tempor incididunt ut labore et dolore magna aliqua. Ut enim ad minim veniam, quis nostrud exercitation ullamco laboris nisi ut aliquip ex ea commodo consequat. Duis aute i', NULL, 0, 'Idea 42 that suggest that we definitely need a longer title for ideas', 23, 1, NULL),
(83, TIMESTAMP '2018-10-28 18:17:23.475', TIMESTAMP '2018-10-29 18:17:23.475', 'HKW1D2hi Lorem ipsum do', NULL, 0, 'Idea 43 that suggest that we definitely need a longer title for ideas', 24, 17, NULL),
(84, TIMESTAMP '2018-10-27 18:17:23.479', TIMESTAMP '2018-10-28 18:17:23.479', 'IJL7l2Cu Lorem ipsum dolor sit amet, consectetur adipiscing elit, sed do eiusmod tempor incididunt ut labore et dolore magna aliqua. Ut enim ad minim veniam, quis nostrud exercitation ullamco laboris nisi ut aliquip ex ea commodo consequat. Duis aute irure dolor in reprehenderit in voluptate velit esse cillum dolore eu fugiat nulla pariatur. Ex', NULL, 0, 'Idea 44 that suggest that we definitely need a longer title for ideas', 25, 14, NULL),
(85, TIMESTAMP '2018-10-26 18:17:23.486', TIMESTAMP '2018-10-27 18:17:23.486', 'xerTzL59 Lorem ipsum dolor sit amet, consectetur adipiscing elit, sed do eiusmod tempor incididunt ut labore et dolore magna aliqua. Ut enim ad minim veniam, quis nostrud exercitation ullamco laboris nisi ut aliquip ex ea commodo consequat. Duis aute irure dolor in reprehenderit in voluptate velit esse cillum dolore eu fugiat nulla pariatur. Excepteur ', NULL, 0, 'Idea 45 that suggest that we definitely need a longer title for ideas', 26, 12, NULL),
(86, TIMESTAMP '2018-10-25 18:17:23.489', TIMESTAMP '2018-10-26 18:17:23.49', 'gbdSY52b Lorem ipsum dolor sit amet, consectetur adipiscing elit, sed do eiusmod ', NULL, 0, 'Idea 46 that suggest that we definitely need a longer title for ideas', 27, 9, NULL),
(87, TIMESTAMP '2018-10-24 18:17:23.492', TIMESTAMP '2018-10-25 18:17:23.492', 'lNaymUMN Lorem ipsum dolor sit amet, consectetur adipiscing elit, sed do eiusmod tempor incididunt ut labore et dolore magna aliqua. Ut enim ad minim veniam, quis nostrud exercitation ullamco laboris nisi ut aliquip ex ea commodo co', NULL, 0, 'Idea 47 that suggest that we definitely need a longer title for ideas', 28, 13, NULL),
(88, TIMESTAMP '2018-10-23 18:17:23.497', TIMESTAMP '2018-10-24 18:17:23.498', 'eLW1OidQ Lorem ipsum dolor sit amet, consectetur adipiscing elit, sed do eiusmod tempor incididunt ut labore et dolore magna aliqua. Ut enim ad minim veniam, quis nostrud exercitation ullamco laboris nisi ut aliquip ex ea commodo consequat. Duis aute irure dolor in reprehenderit in voluptate velit esse cillum dolore eu fugiat nulla pari', NULL, 0, 'Idea 48 that suggest that we definitely need a longer title for ideas', 29, 10, NULL),
(89, TIMESTAMP '2018-10-22 18:17:23.506', TIMESTAMP '2018-10-23 18:17:23.506', 'p6eECLdg Lorem ipsum dolor sit amet, consectetur adipiscing elit, sed do eiusmod tempor incididunt ut labore et dolore magna aliqua. Ut enim ad minim veniam, quis nostrud exercitation ullamco laboris nisi ut aliquip e', NULL, 0, 'Idea 49 that suggest that we definitely need a longer title for ideas', 30, 2, NULL),
(90, TIMESTAMP '2018-10-21 18:17:23.519', TIMESTAMP '2018-10-22 18:17:23.519', 'fSyj20wF Lorem ipsum dolor sit amet, consectetur adipiscing elit, sed do eiusmod tempor incididunt ut labore et dolore magna aliqua. Ut enim ad minim veniam, quis nostrud exercitation ullamco laboris nisi ut aliquip ex ea commodo consequat. Duis aute irure dol', NULL, 0, 'Idea 50 that suggest that we definitely need a longer title for ideas', 21, 20, NULL),
(91, TIMESTAMP '2018-10-20 18:17:23.532', TIMESTAMP '2018-10-21 18:17:23.532', 'wioX5EOW Lorem ipsum dolor sit amet, consectetur adipiscing elit, sed do eiusmod tempor incididunt ut labore et dolore magna aliqua. Ut enim ad minim veniam, quis nostrud exercitation ullamco laboris nisi ut aliquip ex ea commodo consequat. Duis aute irure dolor', NULL, 0, 'Idea 51 that suggest that we definitely need a longer title for ideas', 22, 19, NULL);
INSERT INTO PUBLIC.LAWS(ID, CREATED_AT, UPDATED_AT, DESCRIPTION, REACHED_QUORUM_AT, STATUS, TITLE, AREA_ID, CREATED_BY_ID, POLL_ID) VALUES
(92, TIMESTAMP '2018-10-19 18:17:23.536', TIMESTAMP '2018-10-20 18:17:23.536', 'NywDsL77 Lorem ipsum dolor sit amet, cons', NULL, 0, 'Idea 52 that suggest that we definitely need a longer title for ideas', 23, 3, NULL),
(93, TIMESTAMP '2018-10-18 18:17:23.54', TIMESTAMP '2018-10-19 18:17:23.541', 'QbSQuohR Lorem ipsum dolor sit amet, consectetur adipiscing elit, sed do eiusmod tempor incididunt ut labore et dolore magna aliqua. Ut enim ad minim veniam, quis nostrud exercitation ullamco laboris nisi ut aliquip ex ea commodo cons', NULL, 0, 'Idea 53 that suggest that we definitely need a longer title for ideas', 24, 17, NULL),
(94, TIMESTAMP '2018-10-17 18:17:23.549', TIMESTAMP '2018-10-18 18:17:23.549', 'TySuE4ue Lorem ipsum dolor sit amet, consectetur adipiscing elit, sed do eiusmod tempor incididunt ut labore et dolore magna aliqua. Ut enim ad minim veniam, quis nostrud exercitation ullamco laboris nisi ut aliquip ex ea commodo ', NULL, 0, 'Idea 54 that suggest that we definitely need a longer title for ideas', 25, 13, NULL),
(95, TIMESTAMP '2018-10-16 18:17:23.558', TIMESTAMP '2018-10-17 18:17:23.558', 'ErbsWV2m Lorem ipsum dolor sit amet, consectetur adipiscing elit, sed do eiusmod tempor incididunt ut labore et dolore magna aliqua. Ut enim ad minim veniam, quis nostrud exercitation ullamco laboris nisi ut aliquip ex ea commodo consequat. Duis aute irure dolor in reprehenderit in voluptate velit esse cillum dolore eu fugiat nulla pariatur. Excepteur sint', NULL, 0, 'Idea 55 that suggest that we definitely need a longer title for ideas', 26, 19, NULL),
(96, TIMESTAMP '2018-10-15 18:17:23.571', TIMESTAMP '2018-10-16 18:17:23.571', 'qKr4bu27 Lorem ipsum dolor sit amet, consectet', NULL, 0, 'Idea 56 that suggest that we definitely need a longer title for ideas', 27, 9, NULL),
(97, TIMESTAMP '2018-10-14 18:17:23.577', TIMESTAMP '2018-10-15 18:17:23.577', 'G3MQm1g6 Lorem ipsum dolor sit amet, consectetur adipiscing elit, sed do eiusmod tempor incididunt ut labore et dolore magna aliqua. Ut enim ad minim veniam, quis', NULL, 0, 'Idea 57 that suggest that we definitely need a longer title for ideas', 28, 17, NULL),
(98, TIMESTAMP '2018-10-13 18:17:23.581', TIMESTAMP '2018-10-14 18:17:23.581', 'qAONdCzh Lorem ipsum dolor sit amet, consectetur adipiscing elit, sed do eiusmod tempor incididunt ut labore et dolore magna aliqua. Ut enim ad minim veniam, quis nostrud exercitation ullamco laboris nisi ut', NULL, 0, 'Idea 58 that suggest that we definitely need a longer title for ideas', 29, 11, NULL),
(99, TIMESTAMP '2018-10-12 18:17:23.585', TIMESTAMP '2018-10-13 18:17:23.585', 'nLFHPT4L Lorem ipsum dolor sit amet, consectetur adipiscing elit, sed do eiusmod tempor incididunt ut labore et dolore magna aliqua. Ut enim ad minim veniam, quis nostrud exercitation ullamco laboris nisi ut aliquip ex ea commodo consequat. Duis aute irure dolor in reprehenderit in voluptate velit esse cillum dolore eu fugiat nulla pariatur. Exc', NULL, 0, 'Idea 59 that suggest that we definitely need a longer title for ideas', 30, 9, NULL),
(100, TIMESTAMP '2018-10-11 18:17:23.591', TIMESTAMP '2018-10-12 18:17:23.591', 'RIosK4l2 Lorem ipsum dolor sit amet, consectetur adipiscing elit, sed do eiusmod tempor incididunt ut labore et dolore magna aliqua. Ut enim ad minim veniam, quis nostrud exercitation ullamco laboris nisi ut aliquip ex ea', NULL, 0, 'Idea 60 that suggest that we definitely need a longer title for ideas', 21, 14, NULL),
(101, TIMESTAMP '2018-10-10 18:17:23.595', TIMESTAMP '2018-10-11 18:17:23.595', 'ljdnzxvA Lorem ipsum dolor sit amet, consectetur adipiscing elit, sed do eiusmod tempor incididunt ut la', NULL, 0, 'Idea 61 that suggest that we definitely need a longer title for ideas', 22, 13, NULL),
(102, TIMESTAMP '2018-10-09 18:17:23.597', TIMESTAMP '2018-10-10 18:17:23.597', 'taGBnoAY Lorem ipsum dolor sit amet, consectetur adipiscing elit, sed do eiusmod tempor incididunt ut labore et dolore magna aliqua. Ut enim ad minim veniam, quis nostrud exercitation ullamco laboris nisi ut aliquip ex ea commodo consequat. Duis aute irure dolor in reprehenderit i', NULL, 0, 'Idea 62 that suggest that we definitely need a longer title for ideas', 23, 8, NULL);
INSERT INTO PUBLIC.LAWS(ID, CREATED_AT, UPDATED_AT, DESCRIPTION, REACHED_QUORUM_AT, STATUS, TITLE, AREA_ID, CREATED_BY_ID, POLL_ID) VALUES
(103, TIMESTAMP '2018-10-08 18:17:23.606', TIMESTAMP '2018-10-09 18:17:23.606', '0gaViEbf Lorem ipsum dolor sit amet, consectetur adipi', NULL, 0, 'Idea 63 that suggest that we definitely need a longer title for ideas', 24, 1, NULL),
(104, TIMESTAMP '2018-10-07 18:17:23.612', TIMESTAMP '2018-10-08 18:17:23.612', 'CVNmYUyu Lorem ipsum dolor sit amet, consectetur adipiscing elit, sed do eiusmod tempor incididunt ut labore et dolore magna aliqua. Ut enim ad minim veniam, quis nostrud exercitati', NULL, 0, 'Idea 64 that suggest that we definitely need a longer title for ideas', 25, 20, NULL),
(105, TIMESTAMP '2018-10-06 18:17:23.619', TIMESTAMP '2018-10-07 18:17:23.619', 'zrZyeFek Lorem ipsum dolor sit amet, consectetur adipiscing elit, sed do eiusmod tempor incididunt ut labore et dolore magna aliqua. Ut enim ad minim veniam, quis nostrud exercitation ullamco laboris nisi ut aliquip ex ea commodo consequat. Duis aute irure dolor in reprehenderit in voluptate velit esse cillum dolore eu fugiat nulla pariatur. Excepteur sint occaecat cupidatat non proident, sunt in ', NULL, 0, 'Idea 65 that suggest that we definitely need a longer title for ideas', 26, 3, NULL),
(106, TIMESTAMP '2018-10-05 18:17:23.627', TIMESTAMP '2018-10-06 18:17:23.627', 'FXyTlOgv Lorem ipsum', NULL, 0, 'Idea 66 that suggest that we definitely need a longer title for ideas', 27, 8, NULL),
(107, TIMESTAMP '2018-10-04 18:17:23.639', TIMESTAMP '2018-10-05 18:17:23.639', 'AHGHEoKt Lorem ipsum dolor sit amet, consectetur adipiscing elit, sed do eiusmod tempor incididunt ut labore et dolore magna al', NULL, 0, 'Idea 67 that suggest that we definitely need a longer title for ideas', 28, 5, NULL),
(108, TIMESTAMP '2018-10-03 18:17:23.644', TIMESTAMP '2018-10-04 18:17:23.644', 'hFDQ1mKo Lorem ipsum dolor sit amet, consect', NULL, 0, 'Idea 68 that suggest that we definitely need a longer title for ideas', 29, 10, NULL),
(109, TIMESTAMP '2018-10-02 18:17:23.65', TIMESTAMP '2018-10-03 18:17:23.65', 'uyQbl5JW Lorem ipsum dolor sit amet, consectetur adipiscing elit, sed do eiusmod tempor incididunt ut labore et dolore magna aliqua. Ut enim ad minim veniam, quis nostrud exercitation ullamco laboris nisi ut aliquip ex ea commodo consequat. Duis aute irure dolor in reprehenderit', NULL, 0, 'Idea 69 that suggest that we definitely need a longer title for ideas', 30, 9, NULL),
(110, TIMESTAMP '2018-10-01 18:17:23.657', TIMESTAMP '2018-10-02 18:17:23.657', 'oADLGyJd Lorem ipsum dolor sit amet, cons', NULL, 0, 'Idea 70 that suggest that we definitely need a longer title for ideas', 21, 2, NULL),
(111, TIMESTAMP '2018-09-30 18:17:23.66', TIMESTAMP '2018-10-01 18:17:23.66', 'kZFDXz7z Lorem ipsum dolor sit amet, consectetur adipiscing elit, sed do eiusmod tempor incididunt ut labore et dolore magna aliqua. Ut enim ad minim veniam, quis nostrud exercitation ullamco laboris nisi ut aliquip ex ea commodo consequat. Duis aute irure dolor in', NULL, 0, 'Idea 71 that suggest that we definitely need a longer title for ideas', 22, 9, NULL),
(112, TIMESTAMP '2018-09-29 18:17:23.665', TIMESTAMP '2018-09-30 18:17:23.665', '1f8aZrBV Lorem ipsum dolor sit amet, consectetur adipiscing elit, sed do eiusmod tempor incididunt ut labore et dolore magna aliqua. Ut enim ad minim veniam, quis nostrud exercitation ullamco laboris nisi ut aliquip ex ea commodo consequat. Duis aute irure dolor in reprehenderit ', NULL, 0, 'Idea 72 that suggest that we definitely need a longer title for ideas', 23, 12, NULL),
(113, TIMESTAMP '2018-09-28 18:17:23.669', TIMESTAMP '2018-09-29 18:17:23.669', 'y3mMR07M Lorem ipsum dolor sit amet', NULL, 0, 'Idea 73 that suggest that we definitely need a longer title for ideas', 24, 13, NULL),
(114, TIMESTAMP '2018-09-27 18:17:23.672', TIMESTAMP '2018-09-28 18:17:23.672', 'EYwgC5fa Lorem ipsum dolor sit amet, consectetur adipiscing elit, sed do eiusmod tempor incididunt ut labore et dolore magna aliqua. Ut enim ad minim veniam, quis nostrud exercitation ullamco labor', NULL, 0, 'Idea 74 that suggest that we definitely need a longer title for ideas', 25, 1, NULL);
INSERT INTO PUBLIC.LAWS(ID, CREATED_AT, UPDATED_AT, DESCRIPTION, REACHED_QUORUM_AT, STATUS, TITLE, AREA_ID, CREATED_BY_ID, POLL_ID) VALUES
(115, TIMESTAMP '2018-09-26 18:17:23.677', TIMESTAMP '2018-09-27 18:17:23.677', 'HDXsd5VZ Lorem ipsum dolor sit amet, consectetur adipiscing elit, sed do eiusmod tempor incididunt ut labore et dolore magna aliqua. Ut enim ad minim veniam, quis nostrud exercitation ullamco laboris nisi ut aliquip ex', NULL, 0, 'Idea 75 that suggest that we definitely need a longer title for ideas', 26, 8, NULL),
(116, TIMESTAMP '2018-09-25 18:17:23.689', TIMESTAMP '2018-09-26 18:17:23.689', 'N6QsUtxJ Lorem ipsum dolor sit amet, consectetur adipiscing elit, sed do eiusmod tempor incididunt ut labore et dolore magna aliqua. Ut enim ad min', NULL, 0, 'Idea 76 that suggest that we definitely need a longer title for ideas', 27, 8, NULL),
(117, TIMESTAMP '2018-09-24 18:17:23.698', TIMESTAMP '2018-09-25 18:17:23.698', '6P6NyEF3 Lorem ipsum dolor sit amet, consectetur adipiscing elit, sed do eiusmod tempor incididunt ut labore et dolore magna aliqua. Ut enim ad minim veniam, quis nostrud', NULL, 0, 'Idea 77 that suggest that we definitely need a longer title for ideas', 28, 19, NULL),
(118, TIMESTAMP '2018-09-23 18:17:23.708', TIMESTAMP '2018-09-24 18:17:23.708', 'feMPqGNs Lorem ipsum dolor sit amet, consectetur adipiscing elit, sed do eiusmod tempor incididunt ut labore et dolore magna aliqua. Ut enim ad minim veniam,', NULL, 0, 'Idea 78 that suggest that we definitely need a longer title for ideas', 29, 10, NULL),
(119, TIMESTAMP '2018-09-22 18:17:23.712', TIMESTAMP '2018-09-23 18:17:23.713', 'V3SXMRv9 Lorem ipsum dolor sit amet, consectetur adipiscing elit, sed do eiusmod tempor incidid', NULL, 0, 'Idea 79 that suggest that we definitely need a longer title for ideas', 30, 10, NULL),
(120, TIMESTAMP '2018-09-21 18:17:23.716', TIMESTAMP '2018-09-22 18:17:23.716', 'gPR0sT7W Lorem ipsum dolor sit amet, consectetur adipiscing elit, sed do eiusmod tempor incididunt ut labore et dolore magna aliqua. Ut enim ad minim veniam, quis nostrud exercitat', NULL, 0, 'Idea 80 that suggest that we definitely need a longer title for ideas', 21, 15, NULL),
(121, TIMESTAMP '2018-09-20 18:17:23.727', TIMESTAMP '2018-09-21 18:17:23.727', 'yghNl87f Lorem ipsum dolor sit amet, consectetur adipiscing elit, sed do eiusmod tempor incididunt ut labore et dolore magna aliqua. Ut enim ad minim veniam, quis nostrud exercitation ullamco laboris nisi ut aliquip ex ea commodo consequat. Duis aute irure dolor in reprehenderit in voluptate velit esse cillum dolore eu fugiat nulla pariatur. Excepteur sint occaecat cupidatat ', NULL, 0, 'Idea 81 that suggest that we definitely need a longer title for ideas', 22, 5, NULL),
(122, TIMESTAMP '2018-09-19 18:17:23.734', TIMESTAMP '2018-09-20 18:17:23.734', '4D2nagOU Lorem ipsum dolor sit amet, consectetur adipiscing elit, sed do eiusmod tempor incididunt ut labore et dolore magna aliqua. Ut enim ad minim veniam, quis nostrud exercitation ullamco laboris nisi ut aliquip ex ea commodo consequat. Duis aute irure dolor in reprehenderit in voluptate velit esse c', NULL, 0, 'Idea 82 that suggest that we definitely need a longer title for ideas', 23, 4, NULL),
(123, TIMESTAMP '2018-09-18 18:17:23.738', TIMESTAMP '2018-09-19 18:17:23.738', 'BWQvEur9 Lorem ipsum dolor sit amet, consectetur adipiscing elit, sed do eiusmod tempor incididunt ut labore et dolore magna aliqua. Ut enim ad minim veniam, quis nostrud exercitation ullamco laboris nisi ut aliquip ex ea commodo consequat. Duis aute irure dolor ', NULL, 0, 'Idea 83 that suggest that we definitely need a longer title for ideas', 24, 11, NULL),
(124, TIMESTAMP '2018-09-17 18:17:23.742', TIMESTAMP '2018-09-18 18:17:23.742', 'L3wGYmvp Lorem ipsum dolor sit amet, consecte', NULL, 0, 'Idea 84 that suggest that we definitely need a longer title for ideas', 25, 12, NULL),
(125, TIMESTAMP '2018-09-16 18:17:23.751', TIMESTAMP '2018-09-17 18:17:23.751', 'r3r5KE2D Lorem ipsum dolor sit amet, consectetur adipiscing elit, sed do eiusmod tempor incididunt ut labore et dolore magna aliqua. Ut enim ad ', NULL, 0, 'Idea 85 that suggest that we definitely need a longer title for ideas', 26, 18, NULL);
INSERT INTO PUBLIC.LAWS(ID, CREATED_AT, UPDATED_AT, DESCRIPTION, REACHED_QUORUM_AT, STATUS, TITLE, AREA_ID, CREATED_BY_ID, POLL_ID) VALUES
(126, TIMESTAMP '2018-09-15 18:17:23.761', TIMESTAMP '2018-09-16 18:17:23.761', '5f2BM0CS Lorem ipsum dolor sit amet, consectetur adipiscing elit, sed do eiusmod tempor incididunt ut labore et dolore magna aliqua. Ut enim ad minim veniam, quis nost', NULL, 0, 'Idea 86 that suggest that we definitely need a longer title for ideas', 27, 16, NULL),
(127, TIMESTAMP '2018-09-14 18:17:23.771', TIMESTAMP '2018-09-15 18:17:23.771', 'FsZUS5Yn Lorem ipsum dolor sit amet, consectetur adipiscing elit, sed do eiusmod tempor incididunt ut labore et dolore magna aliqua. Ut enim ad minim veniam, quis nostrud exercitation ullamco laboris nisi ut', NULL, 0, 'Idea 87 that suggest that we definitely need a longer title for ideas', 28, 3, NULL),
(128, TIMESTAMP '2018-09-13 18:17:23.783', TIMESTAMP '2018-09-14 18:17:23.783', 'aR8QDYyB Lorem ipsum dolor sit amet, consectet', NULL, 0, 'Idea 88 that suggest that we definitely need a longer title for ideas', 29, 17, NULL),
(129, TIMESTAMP '2018-09-12 18:17:23.794', TIMESTAMP '2018-09-13 18:17:23.794', 'brKW76Oj Lorem ipsum dolor sit amet, consectetur adipiscing elit, sed do eiusmod tempor incididunt ut labore et dolore magna aliqua. Ut enim ad minim veniam, quis nostrud exercitation ullamco laboris nisi ut aliquip ex ea commodo consequat. Duis aute irure dolor in reprehenderit in voluptate velit esse cillum dolore eu fugiat nulla pariatur. Excepteur sint oc', NULL, 0, 'Idea 89 that suggest that we definitely need a longer title for ideas', 30, 16, NULL),
(130, TIMESTAMP '2018-09-11 18:17:23.801', TIMESTAMP '2018-09-12 18:17:23.801', 'SpnZH0pi Lorem ipsum dolor sit amet, consectetur adipiscing elit, sed do eiusmod tempor incididunt ut labore et dolore magna aliqua. Ut enim ad minim veniam, quis nostrud exercitation ullamco laboris nisi', NULL, 0, 'Idea 90 that suggest that we definitely need a longer title for ideas', 21, 2, NULL),
(131, TIMESTAMP '2018-09-10 18:17:23.81', TIMESTAMP '2018-09-11 18:17:23.81', 'oSKl4YOC Lorem ipsum dolor sit amet, consectetur adipiscing elit, sed do eiusmod tempor incididunt ut labore et dolore magna aliqua. Ut enim ad minim veniam, quis nostrud exercitation ullamco laboris nisi ut aliquip ex ea commodo consequat. Duis aute irure dolor in reprehenderit in voluptate velit esse cillum dolore eu fugiat nulla pariatur. Excepteur s', NULL, 0, 'Idea 91 that suggest that we definitely need a longer title for ideas', 22, 10, NULL),
(132, TIMESTAMP '2018-09-09 18:17:23.822', TIMESTAMP '2018-09-10 18:17:23.823', 'hUOgyELj Lorem ipsum dolor sit amet, consectetur adipiscing elit, sed do eiu', NULL, 0, 'Idea 92 that suggest that we definitely need a longer title for ideas', 23, 19, NULL),
(133, TIMESTAMP '2018-09-08 18:17:23.829', TIMESTAMP '2018-09-09 18:17:23.83', 'GhysG42d Lore', NULL, 0, 'Idea 93 that suggest that we definitely need a longer title for ideas', 24, 13, NULL),
(134, TIMESTAMP '2018-09-07 18:17:23.835', TIMESTAMP '2018-09-08 18:17:23.835', 'kaxfPL9D Lorem ipsum dolor sit amet, consectetur adipiscing elit, sed do eiusmod tempor incididunt ut labore et dolore magna aliqua. Ut enim ad minim veniam, quis nostrud exercitation ullamco laboris nisi ut aliquip ex ea commodo consequat. ', NULL, 0, 'Idea 94 that suggest that we definitely need a longer title for ideas', 25, 4, NULL),
(135, TIMESTAMP '2018-09-06 18:17:23.844', TIMESTAMP '2018-09-07 18:17:23.844', 'U50ZAoXR Lorem ipsum dolor sit amet, consectetur adipiscing elit, sed do eiusmod tempor incididunt ut labore et dolore magna aliqua. Ut enim ad minim veniam, quis nostrud exercitation ullamco laboris nisi ut aliquip ex ea commodo consequat. Duis aute irure dolor in reprehenderit in voluptate velit esse cillum dolore eu fugiat nulla pariatur. Excepteur sint occaecat cupidatat non', NULL, 0, 'Idea 95 that suggest that we definitely need a longer title for ideas', 26, 19, NULL),
(136, TIMESTAMP '2018-09-05 18:17:23.85', TIMESTAMP '2018-09-06 18:17:23.85', 'mQgM15fH Lorem ipsum dolor sit amet, consectetur adipiscing elit, sed do eiusmod tempor incididunt ut labore et dolore magna aliqua. U', NULL, 0, 'Idea 96 that suggest that we definitely need a longer title for ideas', 27, 14, NULL);
INSERT INTO PUBLIC.LAWS(ID, CREATED_AT, UPDATED_AT, DESCRIPTION, REACHED_QUORUM_AT, STATUS, TITLE, AREA_ID, CREATED_BY_ID, POLL_ID) VALUES
(137, TIMESTAMP '2018-09-04 18:17:23.855', TIMESTAMP '2018-09-05 18:17:23.855', 'pJzbdywf Lorem ipsum dolor sit amet, consectetur adipiscing elit, sed do eiusmod tempor incididunt ut labore et dolore magna aliqua. Ut enim ad minim veniam, quis nostrud exercitation ullamco laboris nisi ut aliquip ex ea commodo consequat. Duis aute irure dolor in reprehenderit in voluptate velit esse cillum dolore eu fugiat nulla pariatur. Excepteur sint occaecat cupi', NULL, 0, 'Idea 97 that suggest that we definitely need a longer title for ideas', 28, 12, NULL),
(138, TIMESTAMP '2018-09-03 18:17:23.864', TIMESTAMP '2018-09-04 18:17:23.864', 'hY39Qytr Lorem ipsum dolor sit amet, consectetur adipiscing elit, sed do eiusmod tempor incididunt ut labore et dolore magna aliqua. Ut enim ad minim veniam, quis nostrud exercitation ullamco laboris nisi ut aliquip ex ea commodo consequat. Duis aute irure dolor in reprehenderit in voluptate velit esse cillum dolore eu fugiat nulla pariatur. Excepteur sint occaecat cupidata', NULL, 0, 'Idea 98 that suggest that we definitely need a longer title for ideas', 29, 17, NULL),
(139, TIMESTAMP '2018-09-02 18:17:23.874', TIMESTAMP '2018-09-03 18:17:23.874', 'aSJueHmA Lorem ipsum dolor sit', NULL, 0, 'Idea 99 that suggest that we definitely need a longer title for ideas', 30, 8, NULL),
(140, TIMESTAMP '2018-09-01 18:17:23.882', TIMESTAMP '2018-09-02 18:17:23.882', 'jOPMl7cp Lorem ipsum dolor sit amet, consectetur adipiscing e', NULL, 0, 'Idea 100 that suggest that we definitely need a longer title for ideas', 21, 14, NULL),
(141, TIMESTAMP '2018-08-31 18:17:23.895', TIMESTAMP '2018-09-01 18:17:23.896', 'WP2cAAN6 Lorem ipsum dolor sit amet, consectetur adipiscing elit, sed do eiusmod tempor incididunt ut la', NULL, 0, 'Idea 101 that suggest that we definitely need a longer title for ideas', 22, 9, NULL),
(142, TIMESTAMP '2018-08-30 18:17:23.902', TIMESTAMP '2018-08-31 18:17:23.902', 'Fa04R6ma Lorem ipsum dolor sit amet, consectetur adipiscing elit, sed do eiusmod tempor incididunt ut labore et dolore magna aliqua. Ut enim ad minim veniam, quis nostrud exercitation ullamco laboris nisi ut aliquip ex ea commodo consequat. Duis aute irure dolor in reprehenderit in voluptate velit esse cillum dolore eu fugiat nulla par', NULL, 0, 'Idea 102 that suggest that we definitely need a longer title for ideas', 23, 2, NULL),
(143, TIMESTAMP '2018-08-29 18:17:23.913', TIMESTAMP '2018-08-30 18:17:23.913', 'ulfhmtKm Lorem ipsum dolor sit amet, consectetur adipiscing elit, sed do eiusmod tempor incididunt ut labore et dolore magna aliqua. Ut enim ad minim veniam, quis nostrud exercitation ullamco laboris nisi ut aliquip ex ea commodo consequat. Duis aute irure d', NULL, 0, 'Idea 103 that suggest that we definitely need a longer title for ideas', 24, 3, NULL),
(144, TIMESTAMP '2018-08-28 18:17:23.921', TIMESTAMP '2018-08-29 18:17:23.922', 'BxAVMDQN Lorem ipsum dolor sit amet, consectetur adipiscing elit, sed do eiusmod tempor incididunt ut labore et dolore magna aliqua. Ut enim ad minim veniam, quis nostrud exercitation ullamco laboris nisi ut aliquip ex ea commodo consequat. Duis ', NULL, 0, 'Idea 104 that suggest that we definitely need a longer title for ideas', 25, 6, NULL),
(145, TIMESTAMP '2018-08-27 18:17:23.925', TIMESTAMP '2018-08-28 18:17:23.925', 'OEqfkLRJ Lorem ipsum dolor sit amet, consectetur adipiscing elit, sed do eiusmod tempor incididunt ut labore et dolore magna aliqua. Ut enim ad minim veniam, quis nostrud exercit', NULL, 0, 'Idea 105 that suggest that we definitely need a longer title for ideas', 26, 17, NULL),
(146, TIMESTAMP '2018-08-26 18:17:23.936', TIMESTAMP '2018-08-27 18:17:23.936', 'dCYN6EYV Lorem ipsum dolor sit amet, consectetur adipiscing elit, sed do eiusmod tempor incididunt ut labore et dolore magna aliqua. Ut enim ad minim veniam, quis nostrud exercitation ullamco laboris nisi ut aliquip ex ea commodo consequat. Duis aute irure dolor in reprehenderit in voluptate velit ess', NULL, 0, 'Idea 106 that suggest that we definitely need a longer title for ideas', 27, 5, NULL);
INSERT INTO PUBLIC.LAWS(ID, CREATED_AT, UPDATED_AT, DESCRIPTION, REACHED_QUORUM_AT, STATUS, TITLE, AREA_ID, CREATED_BY_ID, POLL_ID) VALUES
(147, TIMESTAMP '2018-08-25 18:17:23.946', TIMESTAMP '2018-08-26 18:17:23.946', 'z2JRGplP Lorem ipsum dolor sit amet, cons', NULL, 0, 'Idea 107 that suggest that we definitely need a longer title for ideas', 28, 3, NULL),
(148, TIMESTAMP '2018-08-24 18:17:23.956', TIMESTAMP '2018-08-25 18:17:23.956', 'Cm7qNDsF Lorem ipsum dolor sit amet, consectetur adipiscing elit, sed do eiusmod tempor incididunt ut labore et dolore magna aliqua. Ut enim ad minim veniam, quis nostrud exercitation ullamco laboris', NULL, 0, 'Idea 108 that suggest that we definitely need a longer title for ideas', 29, 19, NULL),
(149, TIMESTAMP '2018-08-23 18:17:23.965', TIMESTAMP '2018-08-24 18:17:23.965', 'UpIJglg1 Lorem ipsum dolor sit amet, consectetur adipiscing elit, sed do eiusmod tempor incididunt ut labore et dolore magna aliqua. Ut enim ad minim ve', NULL, 0, 'Idea 109 that suggest that we definitely need a longer title for ideas', 30, 14, NULL),
(150, TIMESTAMP '2018-08-22 18:17:23.969', TIMESTAMP '2018-08-23 18:17:23.969', 'W8ArB91k Lorem ipsum dolor sit amet, consectetur adipiscing elit, sed do eiusmod tempor incididunt ut labore et dolore magna aliqua. Ut enim ad minim veniam, quis nostr', NULL, 0, 'Idea 110 that suggest that we definitely need a longer title for ideas', 21, 9, NULL),
(151, TIMESTAMP '2018-12-07 18:17:23.986', TIMESTAMP '2018-12-08 18:17:23.987', 'EifiDzxR Lorem ipsum dolor sit amet, consectetur adipiscing elit, sed do eiusmod tempor incididunt ut labore et dolore magna aliqua. Ut enim ad minim veniam, quis nostrud exercitation ullamco laboris nisi ut aliquip ex ea commodo consequat. Duis aut', TIMESTAMP '2018-12-11 18:17:23.984', 1, 'Proposal 0 that reached its quorum', 24, 17, NULL),
(152, TIMESTAMP '2018-12-11 18:17:24.001', TIMESTAMP '2018-12-11 18:17:24.001', 'jgpulrFE Lorem ipsum dolor sit amet, consectetur adipiscing elit, sed do eiusmod tempor incididunt ut labore et dolore magna aliqua. Ut enim ad minim veniam, quis nostrud exercitation ullamco laboris nisi ut aliquip ex ea commodo consequat. Duis', TIMESTAMP '2018-12-11 18:17:23.999', 1, 'Proposal 1 that reached its quorum', 25, 9, NULL),
(153, TIMESTAMP '2018-12-02 18:17:24.016', TIMESTAMP '2018-12-03 18:17:24.016', 'wOSxHPMT Lorem ipsum dolor sit amet, consectetur adipiscing elit, sed do eiusmod tempor incididunt ut labore et dolore magna aliqua. Ut enim ad minim veniam, quis nostrud exercitation ullamco laboris nisi ut aliqui', TIMESTAMP '2018-12-11 18:17:24.014', 1, 'Proposal 2 that reached its quorum', 22, 11, NULL),
(154, TIMESTAMP '2018-12-06 18:17:24.029', TIMESTAMP '2018-12-07 18:17:24.029', 'AJr41v3v Lorem ipsum dolor sit amet, consectetur adipiscing elit, sed do eiusmod tempor incididunt ut labore et dolore magna aliqua. Ut enim ad minim veniam, quis nostrud exercitation ullamco laboris nisi ut aliquip ex ea commodo consequat. Duis aute irure dolor in reprehenderit in voluptate velit esse cillum dolore eu fugiat', TIMESTAMP '2018-12-11 18:17:24.027', 1, 'Proposal 3 that reached its quorum', 22, 3, NULL),
(155, TIMESTAMP '2018-12-09 18:17:24.042', TIMESTAMP '2018-12-10 18:17:24.042', 'TW9LeEQe Lorem ipsum dolor sit amet, consectetur adipiscing elit, sed do eiusmod tempor incididunt ut labore et dolore magna a', TIMESTAMP '2018-12-11 18:17:24.04', 1, 'Proposal 4 that reached its quorum', 29, 5, NULL),
(156, TIMESTAMP '2018-12-09 18:17:24.056', TIMESTAMP '2018-12-10 18:17:24.056', 'kZBqQgjX Lorem ipsum dolor sit amet, consectetur adipiscing elit, sed do eiusmod tempor incididunt ut labore et dolore magna aliqua. Ut enim ad minim veniam, quis nostrud exercitation ullamco laboris nisi ut aliquip ex ea commodo consequat. Duis aute irure dolor in reprehenderit in voluptate velit esse cillum dolore eu fugiat nulla pariatur. Excepteur ', TIMESTAMP '2018-12-11 18:17:24.054', 1, 'Proposal 5 that reached its quorum', 24, 5, NULL),
(157, TIMESTAMP '2018-12-07 18:17:24.074', TIMESTAMP '2018-12-08 18:17:24.074', 'x3slKP3K Lorem ipsum dolor sit amet, consectetur adipiscing elit, sed do eiusmod tempor incididunt ut labore et dolore magna aliqua. Ut enim ad minim veniam, quis nostrud exercitation ullamco laboris nisi ', TIMESTAMP '2018-12-11 18:17:24.072', 1, 'Proposal 6 that reached its quorum', 30, 12, NULL);
INSERT INTO PUBLIC.LAWS(ID, CREATED_AT, UPDATED_AT, DESCRIPTION, REACHED_QUORUM_AT, STATUS, TITLE, AREA_ID, CREATED_BY_ID, POLL_ID) VALUES
(158, TIMESTAMP '2018-12-06 18:17:24.09', TIMESTAMP '2018-12-07 18:17:24.09', 'KWqYDQUu Lorem ipsum dolor sit amet, consectetur adipiscing elit, sed do eiusmod tempor incididunt ut labore et dolore magna aliqua. Ut enim ad minim veniam, quis nostrud exercitation ullamco laboris nisi ut aliquip ex ea commodo consequat. Duis aute irure dolor in reprehenderit in voluptate velit esse cillum dolore eu fugiat nulla pariatur. Excepteur sint occae', TIMESTAMP '2018-12-11 18:17:24.087', 1, 'Proposal 7 that reached its quorum', 21, 7, NULL),
(159, TIMESTAMP '2018-12-06 18:17:24.105', TIMESTAMP '2018-12-07 18:17:24.105', 'GnBfgfL9 Lorem ipsum dolor sit amet, consectetur adipiscing elit, sed do eiusmod tempor incididunt ', TIMESTAMP '2018-12-11 18:17:24.103', 1, 'Proposal 8 that reached its quorum', 25, 10, NULL),
(160, TIMESTAMP '2018-12-03 18:17:24.119', TIMESTAMP '2018-12-04 18:17:24.119', 'CsNahHqR Lorem ipsum dolor sit amet, consectetur adipiscing elit, sed do eiusmod tempor incididunt ut labore et dolore magna aliqua. Ut enim ad minim veniam, quis nostrud ex', TIMESTAMP '2018-12-11 18:17:24.117', 1, 'Proposal 9 that reached its quorum', 28, 14, NULL),
(161, TIMESTAMP '2018-12-03 18:17:24.132', TIMESTAMP '2018-12-04 18:17:24.132', 'sgjeUH93 Lorem ipsum dolor sit amet, consectetur adipiscing elit, sed do eiusmod tempor incididunt ut labore et dolore magna aliqua. Ut enim ad minim veniam, quis nostrud exercitation ullamco laboris nisi ut aliquip ex ea commodo consequat. Duis aute irure dolor in reprehenderit in voluptate velit esse cillum dolore eu fugiat nulla pariatur. Excepteur sint occaecat cupidatat non proi', TIMESTAMP '2018-12-11 18:17:24.13', 1, 'Proposal 10 that reached its quorum', 22, 9, NULL),
(162, TIMESTAMP '2018-12-02 18:17:24.145', TIMESTAMP '2018-12-03 18:17:24.145', 'mHkNBcGD Lorem ipsum dolor sit amet, consectetur adipiscing elit, sed do eiusmod tempor incididunt ut labore et d', TIMESTAMP '2018-12-11 18:17:24.143', 1, 'Proposal 11 that reached its quorum', 25, 9, NULL),
(163, TIMESTAMP '2018-12-08 18:17:24.158', TIMESTAMP '2018-12-09 18:17:24.158', 'jQ5KZk6g Lorem ipsum dolor sit amet, consectetur adipiscing elit, sed do eiusmod tempor incididunt ut labore et dolore magna', TIMESTAMP '2018-12-11 18:17:24.156', 1, 'Proposal 12 that reached its quorum', 26, 7, NULL),
(164, TIMESTAMP '2018-12-09 18:17:24.169', TIMESTAMP '2018-12-10 18:17:24.169', 'dmCxV4Js Lorem ipsum dolor sit amet, consectetur ad', TIMESTAMP '2018-12-11 18:17:24.168', 1, 'Proposal 13 that reached its quorum', 21, 17, NULL),
(165, TIMESTAMP '2018-12-06 18:17:24.184', TIMESTAMP '2018-12-07 18:17:24.184', 'fVQhalQG Lorem ipsum dolor sit amet, consectetur adipiscing elit, sed do eiusmod tempor incididunt ut labore et dolore magna aliqua. Ut enim ad minim veniam, quis nostrud exercitation ullamco laboris nisi ut aliquip e', TIMESTAMP '2018-12-11 18:17:24.182', 1, 'Proposal 14 that reached its quorum', 25, 8, NULL),
(166, TIMESTAMP '2018-12-09 18:17:24.195', TIMESTAMP '2018-12-10 18:17:24.195', 'y3tm3Z22 Lorem ipsum dolor sit amet, consectetur adipiscing elit, sed do eiusmod te', TIMESTAMP '2018-12-11 18:17:24.194', 1, 'Proposal 15 that reached its quorum', 23, 19, NULL),
(167, TIMESTAMP '2018-12-05 18:17:24.208', TIMESTAMP '2018-12-06 18:17:24.208', 'Af98R2Qv Lorem ipsum dolor sit amet, consectetur adipiscing elit, sed do eiusmod tempor incididunt ut labore et dolore magna aliqua. Ut enim ad minim veniam, quis nostrud exercitation ullamco laboris nisi ut aliquip ex ea commodo consequat. Duis aute irure dolor in reprehenderit in voluptate velit esse cillum dolore eu fugiat nulla p', TIMESTAMP '2018-12-11 18:17:24.206', 1, 'Proposal 16 that reached its quorum', 23, 15, NULL),
(168, TIMESTAMP '2018-12-11 18:17:24.22', TIMESTAMP '2018-12-11 18:17:24.22', 'o7MmZOpU Lorem ipsum dolor sit amet, consectetur adipiscing elit, sed do eiusmod tempor incididunt ut labore et dolore magna aliq', TIMESTAMP '2018-12-11 18:17:24.218', 1, 'Proposal 17 that reached its quorum', 25, 14, NULL);
INSERT INTO PUBLIC.LAWS(ID, CREATED_AT, UPDATED_AT, DESCRIPTION, REACHED_QUORUM_AT, STATUS, TITLE, AREA_ID, CREATED_BY_ID, POLL_ID) VALUES
(169, TIMESTAMP '2018-12-02 18:17:24.231', TIMESTAMP '2018-12-03 18:17:24.231', 'sU00xHOv Lorem ipsum dolor sit amet, consectetur adipiscing elit, sed do eiusmod tempor incididunt ut labore et dolore magna aliqua. Ut enim ad minim veniam, quis nostr', TIMESTAMP '2018-12-11 18:17:24.229', 1, 'Proposal 18 that reached its quorum', 26, 6, NULL),
(170, TIMESTAMP '2018-12-08 18:17:24.245', TIMESTAMP '2018-12-09 18:17:24.245', 'Y9Dq6MQP Lorem ipsum dolor sit amet, consectetur adipiscing elit, sed do eiusmod tempor incididunt ut labore et dolore magna aliqua. Ut enim ad minim veniam, quis nostrud exercitation ullamco laboris nisi ut aliquip ex ea commodo consequat. Duis aute irure dolor in reprehenderit in voluptate velit esse cillum dolore eu fugiat nulla pariatur. Excepteur sint occaecat', TIMESTAMP '2018-12-11 18:17:24.243', 1, 'Proposal 19 that reached its quorum', 24, 10, NULL),
(171, TIMESTAMP '2018-12-04 18:17:24.258', TIMESTAMP '2018-12-05 18:17:24.258', '4nWbHBE0 Lorem ipsum dolor sit amet, consectetur adipiscing elit, sed do eiusmod tempor incididunt ut labore et dolore magna aliqua. Ut enim ad minim veniam, quis nostrud exercitation ullamco laboris nisi ut aliquip ex ea commodo consequat', TIMESTAMP '2018-12-11 18:17:24.256', 1, 'Proposal 20 that reached its quorum', 28, 6, NULL),
(172, TIMESTAMP '2018-12-04 18:17:24.271', TIMESTAMP '2018-12-05 18:17:24.271', 'ip5nCLYh Lorem ipsum dolor sit amet, consectetur adipiscing elit, sed do eiusmod tempor incididunt ut labore et dolore magna aliqua. Ut enim ad minim veniam, quis nostrud exercitation ullamco laboris nisi ut aliquip ex ea commodo consequat. ', TIMESTAMP '2018-12-11 18:17:24.269', 1, 'Proposal 21 that reached its quorum', 23, 6, NULL),
(173, TIMESTAMP '2018-12-03 18:17:24.282', TIMESTAMP '2018-12-04 18:17:24.282', 'sQP1goGd Lorem ipsum dolor sit amet, consectetur adipiscing elit, sed do eiusmod tempor incididunt ut labore et dolore magna aliqua. Ut enim ad minim veniam, quis nostrud exercitation ullamco laboris nisi ut aliquip ex ea commodo consequat. Duis aute irure dolor in reprehen', TIMESTAMP '2018-12-11 18:17:24.28', 1, 'Proposal 22 that reached its quorum', 27, 17, NULL),
(174, TIMESTAMP '2018-12-08 18:17:24.293', TIMESTAMP '2018-12-09 18:17:24.293', 'IpDp7Kbb Lorem ipsum dolor sit a', TIMESTAMP '2018-12-11 18:17:24.292', 1, 'Proposal 23 that reached its quorum', 26, 1, NULL),
(175, TIMESTAMP '2018-12-08 18:17:24.304', TIMESTAMP '2018-12-09 18:17:24.304', '38OXIX1c Lorem ip', TIMESTAMP '2018-12-11 18:17:24.302', 1, 'Proposal 24 that reached its quorum', 22, 7, NULL),
(176, TIMESTAMP '2018-12-09 18:17:24.317', TIMESTAMP '2018-12-10 18:17:24.317', 'ZIjn4sAg Lorem ipsum dolor sit amet, consectetur adipiscing elit, sed do eiusmod tempor incididunt ut labore et dolore magna aliqua. Ut enim ad minim veniam, quis nostrud exercitation ullamco laboris nisi ut aliquip ex ea commodo consequat. Duis aute irure dolor in reprehenderit in voluptate velit esse cillum dolore eu fugiat nulla pariatur. Excepteur ', TIMESTAMP '2018-12-11 18:17:24.315', 1, 'Proposal 25 that reached its quorum', 30, 18, NULL),
(177, TIMESTAMP '2018-12-08 18:17:24.329', TIMESTAMP '2018-12-09 18:17:24.329', 'Ur20rowY Lorem ipsum dolor sit amet, consectetur adipiscing elit, sed do eiusmod tempor incididunt ut labore et dolore magna aliqua. Ut enim ad minim veniam, quis nostrud exercitation ullamco laboris nisi ut aliquip ex ea commodo consequat. Duis aute irure dolor in reprehenderit in voluptate velit es', TIMESTAMP '2018-12-11 18:17:24.328', 1, 'Proposal 26 that reached its quorum', 24, 8, NULL),
(178, TIMESTAMP '2018-12-04 18:17:24.342', TIMESTAMP '2018-12-05 18:17:24.342', 'I7mCohG4 Lorem ipsum dolor sit amet, consectetur adipiscing elit, sed do eiusmod tempor incididunt ut labore et dolore magna aliqua. Ut enim ad minim veniam, quis nostrud exercitation ullamco laboris nisi ut aliquip ex ea commodo consequat. Dui', TIMESTAMP '2018-12-11 18:17:24.34', 1, 'Proposal 27 that reached its quorum', 24, 5, NULL);
INSERT INTO PUBLIC.LAWS(ID, CREATED_AT, UPDATED_AT, DESCRIPTION, REACHED_QUORUM_AT, STATUS, TITLE, AREA_ID, CREATED_BY_ID, POLL_ID) VALUES
(179, TIMESTAMP '2018-12-02 18:17:24.353', TIMESTAMP '2018-12-03 18:17:24.353', '4uxBPVhk Lorem ipsum dolor sit amet, consectetur adipiscing elit, sed do eiusmod tempor incididunt ut labore et dolore magna aliqua. Ut enim ad minim veniam, quis nostrud exercitation ullamco laboris nisi ut aliquip ex ea commodo consequat. Duis aute irure dolor in reprehenderit in voluptate velit esse cillum do', TIMESTAMP '2018-12-11 18:17:24.351', 1, 'Proposal 28 that reached its quorum', 29, 15, NULL),
(180, TIMESTAMP '2018-12-06 18:17:24.362', TIMESTAMP '2018-12-07 18:17:24.362', 'Z6jNbbmW Lorem ipsum dolor sit amet, consectetur adipiscing elit, sed do eiusmod tempor incididunt ut labore et dolore magna ali', TIMESTAMP '2018-12-11 18:17:24.361', 1, 'Proposal 29 that reached its quorum', 22, 1, NULL),
(181, TIMESTAMP '2018-12-02 18:17:24.372', TIMESTAMP '2018-12-03 18:17:24.372', '73xEN85M Lorem ipsum dolor sit amet, consectetur adipiscing ', TIMESTAMP '2018-12-11 18:17:24.371', 1, 'Proposal 30 that reached its quorum', 30, 9, NULL),
(182, TIMESTAMP '2018-12-05 18:17:24.384', TIMESTAMP '2018-12-06 18:17:24.384', '7U1ILDKp Lorem ipsum dolor sit amet, consectetur adipiscing elit, sed do eiusmod tempor incididunt ut labore et dolore magna aliqua. Ut enim ad minim veniam, quis nostrud exercitation ullamco laboris nisi ut aliquip ex ea commodo consequat. Duis aute irure dolor in reprehenderit in voluptate v', TIMESTAMP '2018-12-11 18:17:24.382', 1, 'Proposal 31 that reached its quorum', 28, 17, NULL),
(183, TIMESTAMP '2018-12-05 18:17:24.398', TIMESTAMP '2018-12-06 18:17:24.398', 'iDhNpCNf Lorem ipsum dolor sit amet, consectetur adipiscing elit, sed do eiusmod tempor incididunt ut labore et dolore magna aliqua. Ut enim ad minim veniam, quis nostrud exercitation ullamco laboris nisi ut aliquip ex ea commodo consequat. Duis aute irure dolor in reprehenderit in vo', TIMESTAMP '2018-12-11 18:17:24.396', 1, 'Proposal 32 that reached its quorum', 25, 9, NULL),
(184, TIMESTAMP '2018-12-09 18:17:24.408', TIMESTAMP '2018-12-10 18:17:24.408', 'IlgzXqaw Lorem ipsum dolor sit amet, consectetur adipiscing elit, sed d', TIMESTAMP '2018-12-11 18:17:24.406', 1, 'Proposal 33 that reached its quorum', 21, 7, NULL),
(185, TIMESTAMP '2018-12-09 18:17:24.418', TIMESTAMP '2018-12-10 18:17:24.418', '1MFkTDNA Lorem ipsum dolor sit amet, consectetur adipiscing elit, sed do eiusmod tempor incididunt ut labore et dolore magna aliqua. Ut enim ad minim veniam, quis nostrud exercitation ullamco laboris nisi ut aliquip ex ea commodo consequat. Duis aute irure dolor in reprehender', TIMESTAMP '2018-12-11 18:17:24.416', 1, 'Proposal 34 that reached its quorum', 23, 2, NULL),
(186, TIMESTAMP '2018-12-11 18:17:24.428', TIMESTAMP '2018-12-11 18:17:24.428', 'ulkpk8qr Lorem ipsum dolor sit amet, consectetur adipiscing elit, sed do eiusmod tempor incididunt ut labore et dolore magna aliqua. Ut enim ad minim veniam, quis nostrud exercitation ullamco laboris nisi ut aliquip ex ea commodo consequat. Dui', TIMESTAMP '2018-12-11 18:17:24.426', 1, 'Proposal 35 that reached its quorum', 28, 13, NULL),
(187, TIMESTAMP '2018-12-02 18:17:24.438', TIMESTAMP '2018-12-03 18:17:24.438', 'cAIRrRGi Lorem ipsum dolor sit amet, consectetur adipiscing elit, sed do eiusmod tempor incididunt ut labore et dolore magna aliqua. Ut enim ad minim veniam, quis nostrud exercitation ullamco laboris nisi ut aliquip ex ea commodo consequat. Duis aute irure dolor in reprehenderit in volup', TIMESTAMP '2018-12-11 18:17:24.436', 1, 'Proposal 36 that reached its quorum', 22, 10, NULL),
(188, TIMESTAMP '2018-12-09 18:17:24.448', TIMESTAMP '2018-12-10 18:17:24.448', '3pHgmPEw Lorem ipsum dolor sit amet, consectetur adipiscing elit, sed do eiusmod tempor incididunt ut labore et dol', TIMESTAMP '2018-12-11 18:17:24.446', 1, 'Proposal 37 that reached its quorum', 25, 9, NULL),
(189, TIMESTAMP '2018-12-09 18:17:24.459', TIMESTAMP '2018-12-10 18:17:24.459', 'CgKKEMa7 Lorem ipsum dolor sit amet, consectetur adipiscing elit, sed do eiusmod tempor incididunt ut labore et dolore magna aliqua. Ut enim ad minim veniam, quis nostrud ', TIMESTAMP '2018-12-11 18:17:24.457', 1, 'Proposal 38 that reached its quorum', 27, 20, NULL);
INSERT INTO PUBLIC.LAWS(ID, CREATED_AT, UPDATED_AT, DESCRIPTION, REACHED_QUORUM_AT, STATUS, TITLE, AREA_ID, CREATED_BY_ID, POLL_ID) VALUES
(190, TIMESTAMP '2018-12-07 18:17:24.468', TIMESTAMP '2018-12-08 18:17:24.468', 'aeOvjWk3 Lorem ipsum dolor', TIMESTAMP '2018-12-11 18:17:24.467', 1, 'Proposal 39 that reached its quorum', 22, 2, NULL),
(191, TIMESTAMP '2018-12-09 18:17:24.478', TIMESTAMP '2018-12-10 18:17:24.478', 'qo0y71iE Lorem ipsum dolor sit amet, consectetur adipiscing elit, sed do eiusmod tempor incididunt ut labore et dolore magna aliqua. Ut enim ad minim veniam, quis nostrud exercitation ullamco laboris nisi ut aliquip', TIMESTAMP '2018-12-11 18:17:24.476', 1, 'Proposal 40 that reached its quorum', 25, 13, NULL),
(192, TIMESTAMP '2018-12-03 18:17:24.488', TIMESTAMP '2018-12-04 18:17:24.488', 'XttxjbjA Lorem ipsum dolor sit amet, consectetur adipiscing elit, sed do eiusmod tempor incididunt ut labore et dolore magna aliqua. Ut enim ad minim veniam, quis nostrud exercitation ullamco laboris nisi ut aliquip ex ea commodo consequat. Duis aute irure dolor in reprehenderit in voluptate velit esse cillum dolore eu fugiat nulla pariatur. Excepteur sint occaecat cupidatat non pro', TIMESTAMP '2018-12-11 18:17:24.486', 1, 'Proposal 41 that reached its quorum', 21, 12, NULL),
(193, TIMESTAMP '2018-12-08 18:17:24.497', TIMESTAMP '2018-12-09 18:17:24.497', 'ZdEqw3U5 Lorem ipsum dolor sit amet, consectetur adipiscing elit, sed do eiusmod tempor incididunt ut labore et dolore magna aliqua. Ut enim ad minim veniam, quis nostrud exercitation ullamco laboris nisi ut aliq', TIMESTAMP '2018-12-11 18:17:24.496', 1, 'Proposal 42 that reached its quorum', 23, 20, NULL),
(194, TIMESTAMP '2018-12-03 18:17:24.507', TIMESTAMP '2018-12-04 18:17:24.507', '1K6CGeQo Lorem ipsum dolor sit amet, consectetur adipiscing elit, sed do eiusmod tempor incididunt ut labore et dolore magna aliqua. Ut enim ad minim veniam, quis nostrud exercitation ullamco laboris nisi ut aliquip ex ea commodo consequat. Duis aute irure dolor in reprehenderit in voluptate velit esse cillum dolore eu fugiat nulla pariatur. Excepteur sint occaecat cupi', TIMESTAMP '2018-12-11 18:17:24.506', 1, 'Proposal 43 that reached its quorum', 22, 14, NULL),
(195, TIMESTAMP '2018-12-02 18:17:24.516', TIMESTAMP '2018-12-03 18:17:24.517', 'wTDYUaKN Lorem ipsum dolor sit amet, consectetur adipiscing elit, sed do eiusmod tempo', TIMESTAMP '2018-12-11 18:17:24.515', 1, 'Proposal 44 that reached its quorum', 28, 19, NULL),
(196, TIMESTAMP '2018-12-04 18:17:24.526', TIMESTAMP '2018-12-05 18:17:24.526', 'xB3Wh5Ky Lorem ipsum dolor sit amet, consectetur adipiscing elit, sed do eiusmod tempor incididunt ut labore et dolore magna aliqua. Ut enim ad minim veniam, quis nostrud exercitation ullamco laboris nisi ut aliquip ex ea commodo consequat. Duis aute irure dolor in reprehenderit in voluptate velit esse cillum dolore e', TIMESTAMP '2018-12-11 18:17:24.525', 1, 'Proposal 45 that reached its quorum', 22, 3, NULL),
(197, TIMESTAMP '2018-12-06 18:17:24.535', TIMESTAMP '2018-12-07 18:17:24.535', 'RT1kiJEF Lorem ipsum dolor sit amet', TIMESTAMP '2018-12-11 18:17:24.534', 1, 'Proposal 46 that reached its quorum', 21, 18, NULL),
(198, TIMESTAMP '2018-12-08 18:17:24.548', TIMESTAMP '2018-12-09 18:17:24.548', '5yKwGgaB Lorem ipsum dolor sit amet, consectetur adipiscing elit, sed do eiusmod tempor incididunt ut labore et dolore magna aliqua. Ut enim ad minim veniam, quis nostrud exercitation ullamco', TIMESTAMP '2018-12-11 18:17:24.545', 1, 'Proposal 47 that reached its quorum', 27, 19, NULL),
(199, TIMESTAMP '2018-12-11 18:17:24.559', TIMESTAMP '2018-12-11 18:17:24.559', 'DZfzjZ6J Lorem ipsum dolor sit amet, consectetur adipiscing elit, sed do eiusmod tempor incididunt ut labore et dolore magna aliqua. Ut enim ad minim veniam, quis nostrud exercitation ullamco laboris nisi ut aliquip ex ea commodo consequat. Duis aute irure dolor in reprehenderit in voluptate velit esse cillum dolore eu fugiat nulla pariatur. Excepteur sint occaecat cup', TIMESTAMP '2018-12-11 18:17:24.557', 1, 'Proposal 48 that reached its quorum', 24, 16, NULL);
INSERT INTO PUBLIC.LAWS(ID, CREATED_AT, UPDATED_AT, DESCRIPTION, REACHED_QUORUM_AT, STATUS, TITLE, AREA_ID, CREATED_BY_ID, POLL_ID) VALUES
(200, TIMESTAMP '2018-12-05 18:17:24.568', TIMESTAMP '2018-12-06 18:17:24.568', 'Bmt1qg6L Lorem ipsum dolor sit amet, consectetur adipiscing elit, sed do eiusmod tempor incididunt ut l', TIMESTAMP '2018-12-11 18:17:24.567', 1, 'Proposal 49 that reached its quorum', 25, 4, NULL),
(201, TIMESTAMP '2018-12-09 18:17:24.578', TIMESTAMP '2018-12-10 18:17:24.578', 'Lorem ipsum dolor sit amet, consectetur adipiscing elit, sed do eiusmod tempor incididunt ut labore et dolore magna aliqua. Ut enim ad minim veniam, quis nostrud exercitation ullamco laboris nisi ut aliquip ex ea commodo consequat. Duis aute irure dolor in reprehenderit in voluptate v', TIMESTAMP '2018-12-11 18:17:24.576', 1, 'Proposal 0 for user testuser1@liquido.de', 25, 1, NULL),
(202, TIMESTAMP '2018-12-08 18:17:24.59', TIMESTAMP '2018-12-09 18:17:24.59', 'Lorem ipsum dolor sit amet, consectetur adipiscing elit, sed do eiusmod tempor incididunt ut labore et dolore magna aliqua. Ut enim ad minim veniam, quis nostrud exercitation ullamco laboris nisi ut aliquip ex ea commodo consequat. Duis aute irure dolor in reprehenderit in voluptate velit esse cillum dolore eu fugiat nulla pariatur. Excepteur sint occaecat cupidatat ', TIMESTAMP '2018-12-11 18:17:24.587', 1, 'Proposal 1 for user testuser1@liquido.de', 22, 1, NULL),
(203, TIMESTAMP '2018-12-07 18:17:24.601', TIMESTAMP '2018-12-08 18:17:24.601', 'Lorem ipsum dolor sit amet, consectetur adipiscing elit, sed do eiusmod tempor incididunt ut labore et dolore magna aliqua. Ut enim ad minim veniam, quis nostrud exercitation ullamco laboris nisi ut aliquip ex ea commodo consequat. Duis aute irure dolor in reprehenderit in voluptate velit esse cillum dolore eu fugiat nulla pariatur. Ex', TIMESTAMP '2018-12-11 18:17:24.6', 1, 'Proposal 2 for user testuser1@liquido.de', 24, 1, NULL),
(204, TIMESTAMP '2018-12-05 18:17:24.611', TIMESTAMP '2018-12-06 18:17:24.611', 'Lorem ipsum dolor sit amet, consectetur adipiscing elit, sed do eiusmod tempor incididunt ut labore et dolore magna aliqua. Ut enim ad minim veniam, quis nostrud exercitation ullamco laboris nisi ut aliquip ex ea commodo consequat. Duis aute irure dolor in reprehenderit in', TIMESTAMP '2018-12-11 18:17:24.61', 1, 'Proposal 3 for user testuser1@liquido.de', 28, 1, NULL),
(205, TIMESTAMP '2018-12-10 18:17:24.621', TIMESTAMP '2018-12-11 18:17:24.621', 'Lorem ipsum dolor sit amet, consectetur adipiscing elit, sed do eiusmod tempor incididunt ut labore et dolore magna aliqua. Ut enim ad minim veniam, quis nostrud exercitation ullamco laboris nisi ut aliquip ex ea commodo consequat. Duis aute irure dolor in reprehenderit in voluptate velit esse cillum dolore eu fu', TIMESTAMP '2018-12-11 18:17:24.619', 1, 'Proposal 4 for user testuser1@liquido.de', 22, 1, NULL),
(206, TIMESTAMP '2018-12-01 18:17:24.631', TIMESTAMP '2018-12-11 18:17:24.67', 'Lorem ipsum dolor sit amet, consectetur adipiscing elit, sed do eiusmod tempor incididunt ut labore et dolore magna aliqua. Ut eni', TIMESTAMP '2018-12-11 18:17:24.629', 2, 'Initial Proposal in a poll that is in elaboration 1544548644622', 21, 13, 213),
(214, TIMESTAMP '2018-11-21 18:17:24.683', TIMESTAMP '2018-12-11 18:17:24.702', 'Lorem ipsum dolor sit amet, consectetur adipiscing elit, sed do eiusmod tempor incididunt ut labore et dolore magna aliqua. Ut enim ad minim veniam, quis nostrud exercitation ullamco laboris nisi ut aliquip ex ea commodo consequat. Duis aute irure dolor in reprehenderit in voluptate velit esse cillum dolore', TIMESTAMP '2018-12-11 18:17:24.682', 2, 'Alternative Proposal1 in a poll that is in elaboration1544548644672', 21, 15, 213),
(221, TIMESTAMP '2018-11-21 18:17:24.716', TIMESTAMP '2018-12-11 18:17:24.733', 'Lorem ipsum dolor sit amet, consectetur adipiscing elit, sed do eiusmod tempor incididunt ut labore et dolore magna aliqua. Ut enim ad minim veniam, quis nostrud exercitation ullamco laboris nis', TIMESTAMP '2018-12-11 18:17:24.714', 2, 'Alternative Proposal2 in a poll that is in elaboration1544548644703', 21, 7, 213);
INSERT INTO PUBLIC.LAWS(ID, CREATED_AT, UPDATED_AT, DESCRIPTION, REACHED_QUORUM_AT, STATUS, TITLE, AREA_ID, CREATED_BY_ID, POLL_ID) VALUES
(228, TIMESTAMP '2018-11-21 18:17:24.743', TIMESTAMP '2018-12-11 18:17:24.758', 'Lorem ipsum dolor sit amet, consectetur adipiscing elit, sed do eiusmod tempor incididunt ut labore et dolore magna aliqua. Ut enim ad minim veniam, qu', TIMESTAMP '2018-12-11 18:17:24.741', 2, 'Alternative Proposal3 in a poll that is in elaboration1544548644733', 21, 3, 213),
(235, TIMESTAMP '2018-11-21 18:17:24.77', TIMESTAMP '2018-12-11 18:17:24.786', 'Lorem ipsum dolor sit amet, consectetur adipiscing elit, sed do eiusmod tempor incididunt ut labore et dolore magna aliqua. Ut enim ad minim veniam, quis nostrud exercitation ullamco laboris nisi ut aliquip ex ea commodo consequat. Duis ', TIMESTAMP '2018-12-11 18:17:24.769', 2, 'Alternative Proposal4 in a poll that is in elaboration1544548644759', 21, 5, 213),
(242, TIMESTAMP '2018-12-01 18:17:24.799', TIMESTAMP '2018-12-11 18:17:24.978', 'Lorem ipsum dolor sit amet, consectetur adipiscing elit, sed do eiusmod tempor incididunt ut labore et dolore magna aliqua. Ut enim ad minim veniam, quis nostrud exercitation ullamco laboris nisi ut aliquip ex ea commodo consequat. Duis aute irure dolor in reprehenderit in voluptate velit esse cillum dol', TIMESTAMP '2018-12-11 18:17:24.797', 3, 'Proposal 5 in voting phase 1544548644929', 21, 13, 249),
(250, TIMESTAMP '2018-11-21 18:17:24.825', TIMESTAMP '2018-12-11 18:17:24.979', 'Lorem ipsum dolor sit amet, consectetur adipiscing elit, sed do eiusmod tempor incididunt ut labore et dolore magna aliqua. Ut enim ad minim veniam, quis nostrud exercitation ullamco laboris nisi ut aliquip ex ea commodo consequat. Duis aute irure dolor in reprehenderit in voluptate velit esse cillum dolor', TIMESTAMP '2018-12-11 18:17:24.824', 3, 'Proposal 4 in voting phase 1544548644929', 21, 15, 249),
(257, TIMESTAMP '2018-11-21 18:17:24.85', TIMESTAMP '2018-12-11 18:17:24.979', 'Lorem ipsum dolor sit amet, consectetur adipiscing elit, sed do eiusmod tempor incididunt ut labore et dolore magna aliqua. Ut enim ad minim veniam, quis nostrud exercitation ullamco laboris nisi u', TIMESTAMP '2018-12-11 18:17:24.849', 3, 'Proposal 3 in voting phase 1544548644929', 21, 7, 249),
(264, TIMESTAMP '2018-11-21 18:17:24.877', TIMESTAMP '2018-12-11 18:17:24.98', 'Lorem ipsum dolor sit amet, consectetur adipiscing elit, sed do eiusmod tempor incididunt ut labore et dolore magna aliqua. Ut enim ad minim veniam, quis nostru', TIMESTAMP '2018-12-11 18:17:24.875', 3, 'Proposal 2 in voting phase 1544548644929', 21, 3, 249),
(271, TIMESTAMP '2018-11-21 18:17:24.909', TIMESTAMP '2018-12-11 18:17:24.98', 'Lorem ipsum dolor sit amet, consectetur adipiscing elit, sed do eiusmod tempor incididunt ut labore et dolore magna aliqua. Ut enim ad minim veniam, quis nostrud exercitation ullamco laboris nisi ut ', TIMESTAMP '2018-12-11 18:17:24.908', 3, 'Proposal 1 in voting phase 1544548644929', 21, 5, 249),
(294, TIMESTAMP '2018-12-01 18:17:30.25', TIMESTAMP '2018-12-11 18:17:34.273', 'Lorem ipsum dolor sit amet, consectetur adipiscing elit, sed do eiusmod tempor incididunt ut labore et dolore magna aliqua. Ut enim ad minim veniam, quis nostrud exercitation ullamco laboris nisi ut aliquip ex ea commodo consequat. Duis aute irure dolor in reprehenderit in voluptate velit esse cillum dolore eu fugiat nulla pariatur. Excepteur sint occaecat cupidatat non proident, ', TIMESTAMP '2018-12-11 18:17:30.249', 5, 'Proposal 5 in voting phase 1544548650347', 21, 13, 301),
(302, TIMESTAMP '2018-11-21 18:17:30.268', TIMESTAMP '2018-12-11 18:17:34.273', 'Lorem ipsum dolor sit amet, consectetur adipiscing elit, sed do eiusmod tempor incididunt ut labore et dolore magna aliqua. Ut enim ad minim veniam, quis nostrud exercitation ullamco laboris nisi ut aliquip ex ea commodo consequat. Duis aute irure dolor in reprehenderit in voluptate velit esse cillum dolore eu fugiat nulla pariatur. Exc', TIMESTAMP '2018-12-11 18:17:30.267', 4, 'Proposal 4 in voting phase 1544548650347', 21, 15, 301),
(309, TIMESTAMP '2018-11-21 18:17:30.292', TIMESTAMP '2018-12-11 18:17:34.274', 'Lorem ipsum dolor sit amet, consectetur adipiscing elit, sed do eiusmod tempor incididunt ut labore et dolore magna aliqua. Ut enim ad minim veniam, quis nostrud exercitation ullamco laboris nisi ut aliquip ex ea commodo consequat. Duis aute irure dolor in reprehenderit in voluptate velit esse cillum dolore ', TIMESTAMP '2018-12-11 18:17:30.291', 5, 'Proposal 3 in voting phase 1544548650347', 21, 7, 301);
INSERT INTO PUBLIC.LAWS(ID, CREATED_AT, UPDATED_AT, DESCRIPTION, REACHED_QUORUM_AT, STATUS, TITLE, AREA_ID, CREATED_BY_ID, POLL_ID) VALUES
(316, TIMESTAMP '2018-11-21 18:17:30.312', TIMESTAMP '2018-12-11 18:17:34.274', 'Lorem ipsum dolor sit amet, consectetur adipiscing elit, sed do eiusmod tempor incididunt ut labore et dolore magna aliqua. Ut enim ad minim veniam, quis nostrud exercitation ullamco laboris nisi ut aliquip ex ea commodo consequat. Duis aute irure dolor in reprehenderit in voluptate velit esse cillum', TIMESTAMP '2018-12-11 18:17:30.31', 5, 'Proposal 2 in voting phase 1544548650347', 21, 3, 301),
(323, TIMESTAMP '2018-11-21 18:17:30.33', TIMESTAMP '2018-12-11 18:17:34.275', 'Lorem ipsum dolor sit amet, consectetur adipiscing elit, sed do eiusmod tempor incididunt ut labore et dolore magna aliqua. Ut enim ad minim veniam, quis nostrud exercitation ullamco laboris nisi ut aliquip ex ea commodo consequat. Dui', TIMESTAMP '2018-12-11 18:17:30.329', 5, 'Proposal 1 in voting phase 1544548650347', 21, 5, 301),
(346, TIMESTAMP '2018-11-21 18:17:34.297', TIMESTAMP '2018-12-11 18:17:34.297', 'Lorem ipsum dolor sit amet, consectetur adipiscing elit, sed do eiusmod tempor incididunt ut labore et dolore magna aliqua. Ut enim ad minim veniam, quis nostrud exercitation ullamco laboris nisi ut aliquip ex ea commodo consequat. Duis aute irure dolor in', TIMESTAMP '2018-11-17 18:17:34.294', 4, 'Law 0', 21, 1, NULL),
(347, TIMESTAMP '2018-11-20 18:17:34.311', TIMESTAMP '2018-12-11 18:17:34.311', 'Lorem ipsum dolor sit amet, consectetur adipiscing elit, sed do eiusmod tempor incididunt ut labore et dolore magna aliqua. Ut enim ad minim veniam, quis nostrud exercitation ullamco laboris nisi ut aliquip ex ea commodo consequat. Duis aute irure dolor in reprehenderit in voluptate velit esse cillum dolore eu fugiat nulla pariatur. Excepteur sint occae', TIMESTAMP '2018-11-17 18:17:34.309', 4, 'Law 1', 21, 1, NULL);
CREATE MEMORY TABLE PUBLIC.LAWS_COMMENTS(
LAW_MODEL_ID BIGINT NOT NULL,
COMMENTS_ID BIGINT NOT NULL
);
ALTER TABLE PUBLIC.LAWS_COMMENTS ADD CONSTRAINT PUBLIC.CONSTRAINT_A0 PRIMARY KEY(LAW_MODEL_ID, COMMENTS_ID);
-- 15 +/- SELECT COUNT(*) FROM PUBLIC.LAWS_COMMENTS;
INSERT INTO PUBLIC.LAWS_COMMENTS(LAW_MODEL_ID, COMMENTS_ID) VALUES
(206, 207),
(214, 215),
(221, 222),
(228, 229),
(235, 236),
(242, 243),
(250, 251),
(257, 258),
(264, 265),
(271, 272),
(294, 295),
(302, 303),
(309, 310),
(316, 317),
(323, 324);
CREATE MEMORY TABLE PUBLIC.LAWS_SUPPORTERS(
LAW_MODEL_ID BIGINT NOT NULL,
SUPPORTERS_ID BIGINT NOT NULL
);
ALTER TABLE PUBLIC.LAWS_SUPPORTERS ADD CONSTRAINT PUBLIC.CONSTRAINT_C PRIMARY KEY(LAW_MODEL_ID, SUPPORTERS_ID);
-- 1126 +/- SELECT COUNT(*) FROM PUBLIC.LAWS_SUPPORTERS;
INSERT INTO PUBLIC.LAWS_SUPPORTERS(LAW_MODEL_ID, SUPPORTERS_ID) VALUES
(40, 2),
(40, 10),
(41, 18),
(41, 10),
(41, 16),
(41, 13),
(41, 5),
(41, 17),
(42, 9),
(42, 1),
(42, 12),
(42, 18),
(42, 6),
(42, 20),
(43, 14),
(43, 13),
(43, 6),
(43, 18),
(44, 6),
(44, 10),
(45, 14),
(45, 5),
(45, 8),
(45, 18),
(45, 1),
(45, 11),
(46, 11),
(46, 1),
(46, 7),
(46, 16),
(46, 2),
(47, 8),
(48, 20),
(48, 1),
(48, 6),
(48, 10),
(48, 17),
(48, 7),
(49, 20),
(49, 1),
(49, 6),
(49, 13),
(50, 9),
(50, 10),
(50, 8),
(50, 7),
(51, 9),
(51, 6),
(51, 7),
(51, 2),
(51, 17),
(51, 8),
(52, 13),
(52, 4),
(52, 10),
(52, 20),
(52, 17),
(52, 18),
(52, 19),
(54, 16),
(54, 15),
(54, 11),
(54, 10),
(54, 14),
(54, 3),
(54, 1),
(55, 7),
(55, 13),
(55, 8),
(55, 10),
(55, 16),
(55, 1),
(56, 14),
(56, 5),
(56, 17),
(56, 4),
(56, 11),
(56, 18),
(56, 19),
(56, 13),
(57, 7),
(57, 13),
(58, 20),
(58, 8),
(58, 15),
(58, 18),
(58, 10),
(58, 9),
(58, 5),
(59, 4),
(59, 18),
(59, 14),
(59, 10),
(59, 11),
(59, 9),
(60, 17),
(60, 11),
(60, 4),
(60, 18),
(60, 12),
(61, 16),
(61, 14),
(61, 7),
(61, 6),
(61, 3),
(61, 4),
(62, 17),
(62, 9),
(62, 3),
(62, 12),
(62, 14),
(63, 11),
(63, 19),
(64, 5),
(66, 14),
(66, 19),
(66, 18),
(66, 8),
(66, 15),
(67, 2),
(67, 16),
(67, 10),
(67, 3),
(67, 4),
(68, 3),
(68, 1),
(68, 8),
(68, 10),
(68, 15),
(68, 2),
(68, 16),
(69, 3),
(69, 18),
(69, 20),
(71, 20),
(71, 11),
(71, 1),
(72, 1),
(72, 18),
(72, 17),
(72, 6),
(72, 13),
(73, 13),
(74, 2),
(74, 14),
(74, 4),
(74, 20),
(74, 18),
(74, 6),
(75, 17),
(75, 15),
(75, 10),
(75, 6),
(76, 20),
(76, 12),
(77, 20),
(79, 12),
(79, 15),
(79, 7),
(79, 19),
(81, 5),
(81, 7),
(81, 18),
(81, 13),
(81, 20),
(81, 10),
(82, 12),
(83, 12),
(83, 18),
(83, 13),
(83, 3),
(83, 20),
(85, 7),
(85, 6),
(85, 16),
(88, 19),
(88, 17),
(89, 9),
(89, 17),
(89, 4),
(89, 18),
(90, 1),
(90, 13),
(90, 18),
(90, 12),
(90, 15),
(90, 10),
(90, 14),
(91, 17),
(91, 16),
(91, 13),
(91, 5),
(91, 8),
(91, 20),
(91, 4),
(93, 6),
(94, 11),
(94, 15),
(94, 16),
(95, 7),
(95, 3),
(95, 8),
(96, 7),
(96, 17),
(96, 6),
(96, 4),
(96, 13),
(96, 8),
(96, 11),
(96, 20),
(97, 7),
(99, 20),
(100, 13),
(100, 19),
(103, 8),
(103, 3),
(103, 17),
(103, 7),
(103, 20),
(104, 2),
(104, 9),
(105, 12),
(105, 14),
(105, 1),
(106, 5),
(106, 11),
(106, 1),
(107, 11),
(107, 12),
(107, 16),
(107, 14),
(107, 4),
(108, 7),
(109, 20),
(109, 16),
(110, 3),
(110, 5),
(110, 15),
(112, 5),
(112, 2),
(114, 19),
(115, 5),
(116, 5),
(116, 1),
(116, 15),
(116, 11),
(116, 6),
(116, 13),
(116, 7),
(116, 19),
(117, 2),
(117, 10),
(117, 17),
(117, 6),
(117, 1),
(118, 1),
(118, 3),
(118, 6),
(118, 4),
(118, 5),
(118, 7),
(119, 12),
(121, 17),
(121, 12),
(121, 8),
(121, 11),
(121, 14),
(121, 20),
(121, 19),
(121, 9),
(122, 15),
(122, 17),
(122, 14),
(122, 1),
(123, 2),
(125, 8),
(125, 14),
(125, 17),
(125, 13),
(125, 3),
(125, 1),
(125, 7),
(126, 20),
(126, 5),
(126, 12),
(127, 8),
(127, 2),
(127, 13),
(127, 10),
(128, 8),
(128, 16),
(128, 9),
(128, 13),
(129, 3),
(129, 17),
(129, 14),
(129, 20),
(130, 10),
(130, 17),
(130, 14),
(131, 19),
(131, 8),
(131, 9),
(131, 4),
(132, 15),
(132, 1),
(132, 13),
(132, 17),
(132, 4),
(132, 6),
(132, 12),
(133, 11),
(133, 18),
(133, 20),
(134, 17),
(134, 20),
(135, 5),
(135, 18),
(135, 4),
(135, 16),
(135, 17),
(136, 8),
(138, 4),
(138, 9),
(138, 12),
(138, 20),
(138, 14),
(139, 19),
(139, 5),
(139, 15),
(139, 12),
(139, 3),
(140, 17),
(140, 3),
(140, 4),
(140, 1),
(141, 2),
(141, 13),
(141, 20),
(141, 8),
(141, 10),
(141, 18),
(142, 18),
(142, 11),
(142, 19),
(142, 12),
(143, 2),
(143, 14),
(143, 5),
(143, 19),
(143, 17),
(143, 16),
(143, 1),
(143, 20),
(144, 10),
(144, 19),
(144, 17),
(144, 20),
(144, 12),
(144, 9),
(145, 16),
(146, 9),
(146, 13),
(146, 3),
(146, 14),
(146, 17),
(146, 6),
(146, 20),
(146, 12),
(147, 9),
(147, 4),
(147, 14),
(147, 18),
(147, 11),
(147, 8),
(147, 16),
(147, 1),
(148, 10),
(148, 9),
(148, 14),
(148, 7),
(148, 16),
(148, 17),
(148, 11),
(148, 18),
(149, 12),
(149, 5),
(149, 19),
(149, 8),
(149, 20),
(149, 18),
(150, 3),
(150, 14),
(151, 1),
(151, 12),
(151, 7),
(151, 5),
(151, 14),
(151, 10),
(151, 13),
(151, 8);
INSERT INTO PUBLIC.LAWS_SUPPORTERS(LAW_MODEL_ID, SUPPORTERS_ID) VALUES
(151, 19),
(151, 15),
(152, 1),
(152, 7),
(152, 17),
(152, 5),
(152, 4),
(152, 13),
(152, 16),
(152, 20),
(152, 15),
(152, 19),
(153, 4),
(153, 6),
(153, 15),
(153, 20),
(153, 16),
(153, 10),
(153, 19),
(153, 3),
(153, 13),
(153, 2),
(154, 1),
(154, 18),
(154, 15),
(154, 14),
(154, 8),
(154, 4),
(154, 2),
(154, 17),
(154, 11),
(154, 5),
(155, 13),
(155, 7),
(155, 2),
(155, 16),
(155, 12),
(155, 18),
(155, 17),
(155, 14),
(155, 19),
(155, 1),
(156, 8),
(156, 10),
(156, 7),
(156, 4),
(156, 15),
(156, 1),
(156, 12),
(156, 14),
(156, 20),
(156, 3),
(157, 4),
(157, 7),
(157, 15),
(157, 8),
(157, 3),
(157, 1),
(157, 16),
(157, 14),
(157, 19),
(157, 18),
(158, 14),
(158, 9),
(158, 4),
(158, 15),
(158, 17),
(158, 3),
(158, 16),
(158, 2),
(158, 5),
(158, 10),
(159, 9),
(159, 18),
(159, 8),
(159, 11),
(159, 2),
(159, 13),
(159, 6),
(159, 15),
(159, 4),
(159, 12),
(160, 5),
(160, 7),
(160, 11),
(160, 20),
(160, 13),
(160, 17),
(160, 10),
(160, 1),
(160, 16),
(160, 19),
(161, 8),
(161, 4),
(161, 15),
(161, 2),
(161, 14),
(161, 6),
(161, 19),
(161, 10),
(161, 3),
(161, 18),
(162, 17),
(162, 5),
(162, 14),
(162, 3),
(162, 8),
(162, 4),
(162, 20),
(162, 1),
(162, 16),
(162, 6),
(163, 13),
(163, 16),
(163, 17),
(163, 1),
(163, 2),
(163, 19),
(163, 10),
(163, 14),
(163, 18),
(163, 9),
(164, 12),
(164, 3),
(164, 8),
(164, 1),
(164, 14),
(164, 5),
(164, 19),
(164, 7),
(164, 2),
(164, 9),
(165, 4),
(165, 6),
(165, 17),
(165, 13),
(165, 1),
(165, 5),
(165, 18),
(165, 20),
(165, 14),
(165, 16),
(166, 16),
(166, 1),
(166, 6),
(166, 4),
(166, 13),
(166, 5),
(166, 3),
(166, 20),
(166, 18),
(166, 17),
(167, 1),
(167, 11),
(167, 9),
(167, 3),
(167, 6),
(167, 14),
(167, 16),
(167, 19),
(167, 10),
(167, 8),
(168, 18),
(168, 10),
(168, 3),
(168, 9),
(168, 2),
(168, 8),
(168, 19),
(168, 7),
(168, 5),
(168, 6),
(169, 3),
(169, 10),
(169, 5),
(169, 4),
(169, 19),
(169, 11),
(169, 9),
(169, 18),
(169, 15),
(169, 17),
(170, 4),
(170, 15),
(170, 19),
(170, 20),
(170, 8),
(170, 13),
(170, 11),
(170, 7),
(170, 6),
(170, 1),
(171, 16),
(171, 2),
(171, 10),
(171, 20),
(171, 12),
(171, 9),
(171, 11),
(171, 5),
(171, 19),
(171, 8),
(172, 17),
(172, 11),
(172, 14),
(172, 18),
(172, 12),
(172, 5),
(172, 20),
(172, 16),
(172, 3),
(172, 15),
(173, 13),
(173, 4),
(173, 3),
(173, 15),
(173, 1),
(173, 19),
(173, 14),
(173, 6),
(173, 10),
(173, 5),
(174, 14),
(174, 16),
(174, 8),
(174, 12),
(174, 4),
(174, 9),
(174, 18),
(174, 15),
(174, 7),
(174, 11),
(175, 20),
(175, 11),
(175, 9),
(175, 3),
(175, 12),
(175, 6),
(175, 16),
(175, 10),
(175, 5),
(175, 14),
(176, 20),
(176, 11),
(176, 1),
(176, 14),
(176, 4),
(176, 10),
(176, 17),
(176, 3),
(176, 5),
(176, 2),
(177, 4),
(177, 1),
(177, 9),
(177, 10),
(177, 19),
(177, 7),
(177, 18),
(177, 13),
(177, 6),
(177, 12),
(178, 13),
(178, 6),
(178, 10),
(178, 14),
(178, 2),
(178, 12),
(178, 9),
(178, 7),
(178, 17),
(178, 20),
(179, 20),
(179, 16),
(179, 19),
(179, 10),
(179, 9),
(179, 4),
(179, 13),
(179, 5),
(179, 14),
(179, 3),
(180, 2),
(180, 11),
(180, 9),
(180, 12),
(180, 17),
(180, 20),
(180, 3),
(180, 5),
(180, 15),
(180, 19),
(181, 14),
(181, 17),
(181, 19),
(181, 1),
(181, 16),
(181, 6),
(181, 13),
(181, 12),
(181, 8),
(181, 3),
(182, 13),
(182, 10),
(182, 15),
(182, 6),
(182, 16),
(182, 20),
(182, 3),
(182, 8),
(182, 11),
(182, 14),
(183, 20),
(183, 12),
(183, 18),
(183, 19),
(183, 17),
(183, 13),
(183, 11),
(183, 8),
(183, 10),
(183, 7),
(184, 5),
(184, 14),
(184, 13),
(184, 16),
(184, 19),
(184, 1),
(184, 17),
(184, 6),
(184, 4),
(184, 18),
(185, 12),
(185, 11),
(185, 6),
(185, 10),
(185, 20),
(185, 8),
(185, 3),
(185, 9),
(185, 16),
(185, 17),
(186, 18),
(186, 19),
(186, 12),
(186, 8),
(186, 6),
(186, 14),
(186, 3),
(186, 11),
(186, 17),
(186, 10),
(187, 11),
(187, 14),
(187, 19),
(187, 6),
(187, 2),
(187, 15),
(187, 16),
(187, 1),
(187, 13),
(187, 4),
(188, 15),
(188, 18),
(188, 11),
(188, 4),
(188, 13),
(188, 1),
(188, 17),
(188, 16),
(188, 12),
(188, 7),
(189, 9),
(189, 19),
(189, 12),
(189, 4),
(189, 16),
(189, 2),
(189, 8),
(189, 17),
(189, 13);
INSERT INTO PUBLIC.LAWS_SUPPORTERS(LAW_MODEL_ID, SUPPORTERS_ID) VALUES
(189, 18),
(190, 7),
(190, 14),
(190, 13),
(190, 16),
(190, 8),
(190, 15),
(190, 10),
(190, 1),
(190, 5),
(190, 20),
(191, 20),
(191, 10),
(191, 11),
(191, 1),
(191, 8),
(191, 9),
(191, 19),
(191, 4),
(191, 15),
(191, 5),
(192, 7),
(192, 6),
(192, 15),
(192, 19),
(192, 5),
(192, 10),
(192, 18),
(192, 2),
(192, 11),
(192, 8),
(193, 19),
(193, 10),
(193, 3),
(193, 5),
(193, 1),
(193, 7),
(193, 2),
(193, 14),
(193, 13),
(193, 9),
(194, 1),
(194, 12),
(194, 6),
(194, 19),
(194, 10),
(194, 13),
(194, 15),
(194, 5),
(194, 2),
(194, 17),
(195, 12),
(195, 1),
(195, 15),
(195, 11),
(195, 6),
(195, 8),
(195, 3),
(195, 10),
(195, 7),
(195, 5),
(196, 11),
(196, 14),
(196, 2),
(196, 4),
(196, 19),
(196, 7),
(196, 1),
(196, 8),
(196, 13),
(196, 10),
(197, 1),
(197, 7),
(197, 8),
(197, 17),
(197, 20),
(197, 3),
(197, 2),
(197, 19),
(197, 6),
(197, 10),
(198, 12),
(198, 4),
(198, 2),
(198, 7),
(198, 5),
(198, 6),
(198, 16),
(198, 18),
(198, 11),
(198, 15),
(199, 4),
(199, 1),
(199, 10),
(199, 8),
(199, 3),
(199, 15),
(199, 18),
(199, 5),
(199, 12),
(199, 9),
(200, 5),
(200, 9),
(200, 7),
(200, 1),
(200, 17),
(200, 20),
(200, 14),
(200, 19),
(200, 16),
(200, 18),
(201, 20),
(201, 19),
(201, 8),
(201, 13),
(201, 9),
(201, 4),
(201, 14),
(201, 17),
(201, 3),
(201, 12),
(202, 13),
(202, 17),
(202, 15),
(202, 4),
(202, 11),
(202, 8),
(202, 5),
(202, 20),
(202, 2),
(202, 18),
(203, 12),
(203, 4),
(203, 3),
(203, 18),
(203, 5),
(203, 11),
(203, 14),
(203, 13),
(203, 7),
(203, 15),
(204, 15),
(204, 17),
(204, 19),
(204, 20),
(204, 5),
(204, 12),
(204, 9),
(204, 14),
(204, 7),
(204, 16),
(205, 17),
(205, 6),
(205, 5),
(205, 9),
(205, 19),
(205, 7),
(205, 10),
(205, 18),
(205, 15),
(205, 11),
(206, 11),
(206, 9),
(206, 6),
(206, 7),
(206, 4),
(206, 8),
(206, 2),
(206, 17),
(206, 19),
(206, 16),
(214, 7),
(214, 18),
(214, 5),
(214, 13),
(214, 4),
(214, 17),
(214, 8),
(214, 11),
(214, 9),
(214, 2),
(221, 5),
(221, 18),
(221, 12),
(221, 1),
(221, 16),
(221, 10),
(221, 20),
(221, 17),
(221, 13),
(221, 3),
(228, 11),
(228, 6),
(228, 14),
(228, 17),
(228, 5),
(228, 9),
(228, 10),
(228, 8),
(228, 19),
(228, 2),
(235, 3),
(235, 18),
(235, 12),
(235, 6),
(235, 4),
(235, 7),
(235, 19),
(235, 11),
(235, 1),
(235, 2),
(242, 5),
(242, 7),
(242, 6),
(242, 2),
(242, 17),
(242, 3),
(242, 18),
(242, 12),
(242, 9),
(242, 4),
(250, 20),
(250, 16),
(250, 10),
(250, 1),
(250, 8),
(250, 6),
(250, 14),
(250, 11),
(250, 5),
(250, 18),
(257, 1),
(257, 8),
(257, 10),
(257, 14),
(257, 18),
(257, 2),
(257, 12),
(257, 13),
(257, 19),
(257, 4),
(264, 6),
(264, 11),
(264, 5),
(264, 14),
(264, 9),
(264, 10),
(264, 1),
(264, 16),
(264, 20),
(264, 12),
(271, 7),
(271, 12),
(271, 10),
(271, 13),
(271, 20),
(271, 11),
(271, 18),
(271, 4),
(271, 2),
(271, 1),
(294, 3),
(294, 16),
(294, 20),
(294, 9),
(294, 10),
(294, 2),
(294, 17),
(294, 6),
(294, 8),
(294, 14),
(302, 11),
(302, 12),
(302, 17),
(302, 6),
(302, 10),
(302, 5),
(302, 13),
(302, 9),
(302, 4),
(302, 7),
(309, 17),
(309, 15),
(309, 9),
(309, 4),
(309, 13),
(309, 12),
(309, 18),
(309, 16),
(309, 3),
(309, 20),
(316, 14),
(316, 16),
(316, 2),
(316, 5),
(316, 11),
(316, 12),
(316, 4),
(316, 6),
(316, 10),
(316, 20),
(323, 12),
(323, 13),
(323, 8),
(323, 4),
(323, 15),
(323, 19),
(323, 16),
(323, 10),
(323, 2),
(323, 6),
(346, 10),
(346, 6),
(346, 3),
(346, 4),
(346, 11),
(346, 20),
(346, 2),
(346, 19),
(346, 12),
(346, 9),
(346, 14),
(346, 5),
(346, 8),
(346, 13),
(346, 7),
(346, 17),
(346, 15),
(347, 9),
(347, 16),
(347, 8),
(347, 3),
(347, 13),
(347, 6),
(347, 14),
(347, 11),
(347, 10),
(347, 17),
(347, 2),
(347, 19),
(347, 15),
(347, 4),
(347, 20),
(347, 12);
CREATE MEMORY TABLE PUBLIC.ONE_TIME_TOKEN(
ID BIGINT NOT NULL,
CREATED_AT TIMESTAMP NOT NULL,
UPDATED_AT TIMESTAMP NOT NULL,
TOKEN VARCHAR(255) NOT NULL,
TOKEN_TYPE INTEGER NOT NULL,
VALID_UNTIL TIMESTAMP NOT NULL,
USER_ID BIGINT NOT NULL
);
ALTER TABLE PUBLIC.ONE_TIME_TOKEN ADD CONSTRAINT PUBLIC.CONSTRAINT_4 PRIMARY KEY(ID);
-- 0 +/- SELECT COUNT(*) FROM PUBLIC.ONE_TIME_TOKEN;
CREATE MEMORY TABLE PUBLIC.POLLS(
ID BIGINT NOT NULL,
CREATED_AT TIMESTAMP NOT NULL,
UPDATED_AT TIMESTAMP NOT NULL,
STATUS INTEGER,
VOTING_END_AT TIMESTAMP,
VOTING_START_AT TIMESTAMP,
WINNER_ID BIGINT
);
ALTER TABLE PUBLIC.POLLS ADD CONSTRAINT PUBLIC.CONSTRAINT_48 PRIMARY KEY(ID);
-- 3 +/- SELECT COUNT(*) FROM PUBLIC.POLLS;
INSERT INTO PUBLIC.POLLS(ID, CREATED_AT, UPDATED_AT, STATUS, VOTING_END_AT, VOTING_START_AT, WINNER_ID) VALUES
(213, TIMESTAMP '2018-12-04 18:17:24.786', TIMESTAMP '2018-12-04 18:17:24.787', 0, TIMESTAMP '2019-01-08 00:00:00', TIMESTAMP '2018-12-25 00:00:00', NULL),
(249, TIMESTAMP '2018-11-26 18:17:24.938', TIMESTAMP '2018-12-11 18:17:24.979', 1, TIMESTAMP '2018-12-24 00:00:00', TIMESTAMP '2018-12-10 18:17:24.97', NULL),
(301, TIMESTAMP '2018-12-28 11:20:21.548', TIMESTAMP '2018-12-11 18:17:34.272', 2, TIMESTAMP '2018-12-11 18:17:34.253', TIMESTAMP '2018-11-22 18:17:34.246', 302);
CREATE MEMORY TABLE PUBLIC.USERS(
ID BIGINT NOT NULL,
CREATED_AT TIMESTAMP NOT NULL,
UPDATED_AT TIMESTAMP NOT NULL,
EMAIL VARCHAR(255) NOT NULL,
MOBILEPHONE VARCHAR(255),
NAME VARCHAR(255),
PICTURE VARCHAR(255),
WEBSITE VARCHAR(255)
);
ALTER TABLE PUBLIC.USERS ADD CONSTRAINT PUBLIC.CONSTRAINT_4D PRIMARY KEY(ID);
-- 20 +/- SELECT COUNT(*) FROM PUBLIC.USERS;
INSERT INTO PUBLIC.USERS(ID, CREATED_AT, UPDATED_AT, EMAIL, MOBILEPHONE, NAME, PICTURE, WEBSITE) VALUES
(1, TIMESTAMP '2018-12-11 18:17:10.632', TIMESTAMP '2018-12-11 18:17:10.632', 'testuser1@liquido.de', '+49123451', 'Test User1', '/static/img/photos/1.png', 'http://www.liquido.de'),
(2, TIMESTAMP '2018-12-11 18:17:10.694', TIMESTAMP '2018-12-11 18:17:10.694', 'testuser2@liquido.de', '+49123452', 'Test User2', '/static/img/photos/2.png', 'http://www.liquido.de'),
(3, TIMESTAMP '2018-12-11 18:17:10.698', TIMESTAMP '2018-12-11 18:17:10.698', 'testuser3@liquido.de', '+49123453', 'Test User3', '/static/img/photos/3.png', 'http://www.liquido.de'),
(4, TIMESTAMP '2018-12-11 18:17:10.701', TIMESTAMP '2018-12-11 18:17:10.701', 'testuser4@liquido.de', '+49123454', 'Test User4', '/static/img/photos/1.png', 'http://www.liquido.de'),
(5, TIMESTAMP '2018-12-11 18:17:10.705', TIMESTAMP '2018-12-11 18:17:10.705', 'testuser5@liquido.de', '+49123455', 'Test User5', '/static/img/photos/2.png', 'http://www.liquido.de'),
(6, TIMESTAMP '2018-12-11 18:17:10.709', TIMESTAMP '2018-12-11 18:17:10.709', 'testuser6@liquido.de', '+49123456', 'Test User6', '/static/img/photos/3.png', 'http://www.liquido.de'),
(7, TIMESTAMP '2018-12-11 18:17:10.713', TIMESTAMP '2018-12-11 18:17:10.713', 'testuser7@liquido.de', '+49123457', 'Test User7', '/static/img/photos/1.png', 'http://www.liquido.de'),
(8, TIMESTAMP '2018-12-11 18:17:10.717', TIMESTAMP '2018-12-11 18:17:10.717', 'testuser8@liquido.de', '+49123458', 'Test User8', '/static/img/photos/2.png', 'http://www.liquido.de'),
(9, TIMESTAMP '2018-12-11 18:17:10.721', TIMESTAMP '2018-12-11 18:17:10.721', 'testuser9@liquido.de', '+49123459', 'Test User9', '/static/img/photos/3.png', 'http://www.liquido.de'),
(10, TIMESTAMP '2018-12-11 18:17:10.725', TIMESTAMP '2018-12-11 18:17:10.725', 'testuser10@liquido.de', '+491234510', 'Test User10', '/static/img/photos/1.png', 'http://www.liquido.de'),
(11, TIMESTAMP '2018-12-11 18:17:10.728', TIMESTAMP '2018-12-11 18:17:10.728', 'testuser11@liquido.de', '+491234511', 'Test User11', '/static/img/photos/2.png', 'http://www.liquido.de'),
(12, TIMESTAMP '2018-12-11 18:17:10.732', TIMESTAMP '2018-12-11 18:17:10.732', 'testuser12@liquido.de', '+491234512', 'Test User12', '/static/img/photos/3.png', 'http://www.liquido.de'),
(13, TIMESTAMP '2018-12-11 18:17:10.736', TIMESTAMP '2018-12-11 18:17:10.736', 'testuser13@liquido.de', '+491234513', 'Test User13', '/static/img/photos/1.png', 'http://www.liquido.de'),
(14, TIMESTAMP '2018-12-11 18:17:10.739', TIMESTAMP '2018-12-11 18:17:10.739', 'testuser14@liquido.de', '+491234514', 'Test User14', '/static/img/photos/2.png', 'http://www.liquido.de'),
(15, TIMESTAMP '2018-12-11 18:17:10.743', TIMESTAMP '2018-12-11 18:17:10.743', 'testuser15@liquido.de', '+491234515', 'Test User15', '/static/img/photos/3.png', 'http://www.liquido.de'),
(16, TIMESTAMP '2018-12-11 18:17:10.748', TIMESTAMP '2018-12-11 18:17:10.748', 'testuser16@liquido.de', '+491234516', 'Test User16', '/static/img/photos/1.png', 'http://www.liquido.de'),
(17, TIMESTAMP '2018-12-11 18:17:10.752', TIMESTAMP '2018-12-11 18:17:10.752', 'testuser17@liquido.de', '+491234517', 'Test User17', '/static/img/photos/2.png', 'http://www.liquido.de'),
(18, TIMESTAMP '2018-12-11 18:17:10.756', TIMESTAMP '2018-12-11 18:17:10.756', 'testuser18@liquido.de', '+491234518', 'Test User18', '/static/img/photos/3.png', 'http://www.liquido.de'),
(19, TIMESTAMP '2018-12-11 18:17:10.759', TIMESTAMP '2018-12-11 18:17:10.759', 'testuser19@liquido.de', '+491234519', 'Test User19', '/static/img/photos/1.png', 'http://www.liquido.de'),
(20, TIMESTAMP '2018-12-11 18:17:10.762', TIMESTAMP '2018-12-11 18:17:10.762', 'testuser20@liquido.de', '+491234520', 'Test User20', '/static/img/photos/2.png', 'http://www.liquido.de');
-- 0 +/- SELECT COUNT(*) FROM PUBLIC.QRTZ_CALENDARS;
-- 0 +/- SELECT COUNT(*) FROM PUBLIC.QRTZ_CRON_TRIGGERS;
-- 0 +/- SELECT COUNT(*) FROM PUBLIC.QRTZ_FIRED_TRIGGERS;
-- 0 +/- SELECT COUNT(*) FROM PUBLIC.QRTZ_PAUSED_TRIGGER_GRPS;
-- 0 +/- SELECT COUNT(*) FROM PUBLIC.QRTZ_SCHEDULER_STATE;
-- 1 +/- SELECT COUNT(*) FROM PUBLIC.QRTZ_LOCKS;
-- 2 +/- SELECT COUNT(*) FROM PUBLIC.QRTZ_JOB_DETAILS;
-- 2 +/- SELECT COUNT(*) FROM PUBLIC.QRTZ_SIMPLE_TRIGGERS;
-- 0 +/- SELECT COUNT(*) FROM PUBLIC.QRTZ_SIMPROP_TRIGGERS;
-- 0 +/- SELECT COUNT(*) FROM PUBLIC.QRTZ_BLOB_TRIGGERS;
-- 2 +/- SELECT COUNT(*) FROM PUBLIC.QRTZ_TRIGGERS;
ALTER TABLE PUBLIC.AREAS ADD CONSTRAINT PUBLIC.UK_P61HNJ1M450KNDUSCXOLDCHFJ UNIQUE(TITLE);
ALTER TABLE PUBLIC.USERS ADD CONSTRAINT PUBLIC.UK_6DOTKOTT2KJSP8VW4D0M25FB7 UNIQUE(EMAIL);
ALTER TABLE PUBLIC.LAWS ADD CONSTRAINT PUBLIC.UK_BS516OPV3HONTPTWVPIOOS72B UNIQUE(TITLE);
ALTER TABLE PUBLIC.DELEGATIONS ADD CONSTRAINT PUBLIC.UK2WYH7POIF8NPDWLUR8DFORD0J UNIQUE(AREA_ID, FROM_USER_ID);
ALTER TABLE PUBLIC.LAWS_COMMENTS ADD CONSTRAINT PUBLIC.UK_OF3YV6X3MAHJPHJBJE5XHRXC8 UNIQUE(COMMENTS_ID);
ALTER TABLE PUBLIC.CHECKSUMS ADD CONSTRAINT PUBLIC.UKL0XNKLNHLK4PTWSU9B0QXTYBN UNIQUE(AREA_ID, PUBLIC_PROXY_ID);
ALTER TABLE PUBLIC.KEY_VALUE ADD CONSTRAINT PUBLIC.UK_GVYP924RQ0A5Y8U3EMJS35G2Q UNIQUE(KEY);
ALTER TABLE PUBLIC.BALLOT_MODEL ADD CONSTRAINT PUBLIC.FK80AA8GKY9NQS7CS136W9JBLJ6 FOREIGN KEY(POLL_ID) REFERENCES PUBLIC.POLLS(ID) NOCHECK;
ALTER TABLE PUBLIC.AREAS ADD CONSTRAINT PUBLIC.FKP9N0U4HM2Q1O7V0068C8GD4EL FOREIGN KEY(CREATED_BY_ID) REFERENCES PUBLIC.USERS(ID) NOCHECK;
ALTER TABLE PUBLIC.DELEGATIONS ADD CONSTRAINT PUBLIC.FK1Y1R0D478R9NTDMUIYKKUHADV FOREIGN KEY(REQUESTED_DELEGATION_FROM_CHECKSUM_CHECKSUM) REFERENCES PUBLIC.CHECKSUMS(CHECKSUM) NOCHECK;
ALTER TABLE PUBLIC.DELEGATIONS ADD CONSTRAINT PUBLIC.FKSWBDEOVC7HSQ5EX30PBMDU9D4 FOREIGN KEY(AREA_ID) REFERENCES PUBLIC.AREAS(ID) NOCHECK;
ALTER TABLE PUBLIC.LAWS ADD CONSTRAINT PUBLIC.FK4QUHD81MM84X6RQ0CCBXSEYXX FOREIGN KEY(POLL_ID) REFERENCES PUBLIC.POLLS(ID) NOCHECK;
ALTER TABLE PUBLIC.LAWS_SUPPORTERS ADD CONSTRAINT PUBLIC.FK9B4I87YIKUCHRIRFJAYMGOHE3 FOREIGN KEY(LAW_MODEL_ID) REFERENCES PUBLIC.LAWS(ID) NOCHECK;
ALTER TABLE PUBLIC.COMMENTS_DOWN_VOTERS ADD CONSTRAINT PUBLIC.FK62ILAC17TG4CPKRHEONUD72HV FOREIGN KEY(DOWN_VOTERS_ID) REFERENCES PUBLIC.USERS(ID) NOCHECK;
ALTER TABLE PUBLIC.CHECKSUMS ADD CONSTRAINT PUBLIC.FKDFLPSE9FSOGY1FMFDY2W79RG FOREIGN KEY(DELEGATED_TO_CHECKSUM) REFERENCES PUBLIC.CHECKSUMS(CHECKSUM) NOCHECK;
ALTER TABLE PUBLIC.CHECKSUMS ADD CONSTRAINT PUBLIC.FK68FTLVL0MWTVOQD3BFUPP0XRG FOREIGN KEY(PUBLIC_PROXY_ID) REFERENCES PUBLIC.USERS(ID) NOCHECK;
ALTER TABLE PUBLIC.LAWS ADD CONSTRAINT PUBLIC.FKTR1PLL46Q50SHWBFFYIYUAVGN FOREIGN KEY(CREATED_BY_ID) REFERENCES PUBLIC.USERS(ID) NOCHECK;
ALTER TABLE PUBLIC.ONE_TIME_TOKEN ADD CONSTRAINT PUBLIC.FK4O21XT1RMRICB3EA4TO5NKR8D FOREIGN KEY(USER_ID) REFERENCES PUBLIC.USERS(ID) NOCHECK;
ALTER TABLE PUBLIC.COMMENTS ADD CONSTRAINT PUBLIC.FKAKKM6QFYDU7VGNFNE1YO0XMED FOREIGN KEY(CREATED_BY_ID) REFERENCES PUBLIC.USERS(ID) NOCHECK;
ALTER TABLE PUBLIC.DELEGATIONS ADD CONSTRAINT PUBLIC.FK21A6LG8FU2JS6E0JU41WJ2GQP FOREIGN KEY(TO_PROXY_ID) REFERENCES PUBLIC.USERS(ID) NOCHECK;
ALTER TABLE PUBLIC.LAWS_COMMENTS ADD CONSTRAINT PUBLIC.FK36FBKIUITRV0YRVY8S0IG46IX FOREIGN KEY(LAW_MODEL_ID) REFERENCES PUBLIC.LAWS(ID) NOCHECK;
ALTER TABLE PUBLIC.POLLS ADD CONSTRAINT PUBLIC.FKQADOVSMQ4UOK58SP9HKHWJQIS FOREIGN KEY(WINNER_ID) REFERENCES PUBLIC.LAWS(ID) NOCHECK;
ALTER TABLE PUBLIC.DELEGATIONS ADD CONSTRAINT PUBLIC.FK9KOYA2MI6T18VF7U1FROBKNIQ FOREIGN KEY(FROM_USER_ID) REFERENCES PUBLIC.USERS(ID) NOCHECK;
ALTER TABLE PUBLIC.BALLOT_MODEL_VOTE_ORDER ADD CONSTRAINT PUBLIC.FKG4WVLJWGWECJJBW58FVL0AD5X FOREIGN KEY(BALLOT_MODEL_ID) REFERENCES PUBLIC.BALLOT_MODEL(ID) NOCHECK;
ALTER TABLE PUBLIC.BALLOT_MODEL ADD CONSTRAINT PUBLIC.FKP19OJ9H53MY80XIR4TWVUE13B FOREIGN KEY(CHECKSUM_CHECKSUM) REFERENCES PUBLIC.CHECKSUMS(CHECKSUM) NOCHECK;
ALTER TABLE PUBLIC.LAWS ADD CONSTRAINT PUBLIC.FK9VIQDJ5LDUN0AHWQDFF1WUY39 FOREIGN KEY(AREA_ID) REFERENCES PUBLIC.AREAS(ID) NOCHECK;
ALTER TABLE PUBLIC.LAWS_COMMENTS ADD CONSTRAINT PUBLIC.FKFL0Y4QFVFPF9YNMMFJ0JEVXFF FOREIGN KEY(COMMENTS_ID) REFERENCES PUBLIC.COMMENTS(ID) NOCHECK;
ALTER TABLE PUBLIC.BALLOT_MODEL_VOTE_ORDER ADD CONSTRAINT PUBLIC.FKK6IWSNAFAEQQ59N0FNWN5K6DI FOREIGN KEY(VOTE_ORDER_ID) REFERENCES PUBLIC.LAWS(ID) NOCHECK;
ALTER TABLE PUBLIC.COMMENTS_UP_VOTERS ADD CONSTRAINT PUBLIC.FKEUURM027PDC4L5A9G9O2L0UYD FOREIGN KEY(UP_VOTERS_ID) REFERENCES PUBLIC.USERS(ID) NOCHECK;
ALTER TABLE PUBLIC.COMMENTS ADD CONSTRAINT PUBLIC.FKLRI30OKF66PHTCGBE5POK7CC0 FOREIGN KEY(PARENT_ID) REFERENCES PUBLIC.COMMENTS(ID) NOCHECK;
ALTER TABLE PUBLIC.COMMENTS_UP_VOTERS ADD CONSTRAINT PUBLIC.FK8LS8T571Y99VTTW1MDKEBXAGP FOREIGN KEY(COMMENT_MODEL_ID) REFERENCES PUBLIC.COMMENTS(ID) NOCHECK;
ALTER TABLE PUBLIC.LAWS_SUPPORTERS ADD CONSTRAINT PUBLIC.FKK8MVJC4RQ970OJAVYFIA9BQVE FOREIGN KEY(SUPPORTERS_ID) REFERENCES PUBLIC.USERS(ID) NOCHECK;
ALTER TABLE PUBLIC.COMMENTS_DOWN_VOTERS ADD CONSTRAINT PUBLIC.FKJYMYJ54LENHS4KE6MYQHLY72 FOREIGN KEY(COMMENT_MODEL_ID) REFERENCES PUBLIC.COMMENTS(ID) NOCHECK;
ALTER TABLE PUBLIC.CHECKSUMS ADD CONSTRAINT PUBLIC.FKLLW57XBW0D67OPTMWFMU3P2PC FOREIGN KEY(AREA_ID) REFERENCES PUBLIC.AREAS(ID) NOCHECK;
