SET DB_CLOSE_DELAY -1;
;
CREATE USER IF NOT EXISTS SA SALT '9710f7ff4a95c8f1' HASH 'c8fa39d66fe1053aa479a2ef17fcc6758db969a632d9efc5019e53470367c70b' ADMIN;
CREATE SEQUENCE PUBLIC.HIBERNATE_SEQUENCE START WITH 401;
CREATE MEMORY TABLE PUBLIC.AREAS(
ID BIGINT NOT NULL,
CREATED_AT TIMESTAMP NOT NULL,
UPDATED_AT TIMESTAMP NOT NULL,
DESCRIPTION VARCHAR(255) NOT NULL,
TITLE VARCHAR(255) NOT NULL,
CREATED_BY_ID BIGINT NOT NULL
);
ALTER TABLE PUBLIC.AREAS ADD CONSTRAINT PUBLIC.CONSTRAINT_3 PRIMARY KEY(ID);
-- 10 +/- SELECT COUNT(*) FROM PUBLIC.AREAS;
INSERT INTO PUBLIC.AREAS(ID, CREATED_AT, UPDATED_AT, DESCRIPTION, TITLE, CREATED_BY_ID) VALUES
(21, TIMESTAMP '2019-07-29 20:51:12.037', TIMESTAMP '2019-07-29 20:51:12.037', 'Nice description for test area #0', 'Area 0', 1),
(22, TIMESTAMP '2019-07-29 20:51:12.053', TIMESTAMP '2019-07-29 20:51:12.053', 'Nice description for test area #1', 'Area 1', 1),
(23, TIMESTAMP '2019-07-29 20:51:12.053', TIMESTAMP '2019-07-29 20:51:12.053', 'Nice description for test area #2', 'Area 2', 1),
(24, TIMESTAMP '2019-07-29 20:51:12.053', TIMESTAMP '2019-07-29 20:51:12.053', 'Nice description for test area #3', 'Area 3', 1),
(25, TIMESTAMP '2019-07-29 20:51:12.053', TIMESTAMP '2019-07-29 20:51:12.053', 'Nice description for test area #4', 'Area 4', 1),
(26, TIMESTAMP '2019-07-29 20:51:12.053', TIMESTAMP '2019-07-29 20:51:12.053', 'Nice description for test area #5', 'Area 5', 1),
(27, TIMESTAMP '2019-07-29 20:51:12.068', TIMESTAMP '2019-07-29 20:51:12.068', 'Nice description for test area #6', 'Area 6', 1),
(28, TIMESTAMP '2019-07-29 20:51:12.068', TIMESTAMP '2019-07-29 20:51:12.068', 'Nice description for test area #7', 'Area 7', 1),
(29, TIMESTAMP '2019-07-29 20:51:12.068', TIMESTAMP '2019-07-29 20:51:12.068', 'Nice description for test area #8', 'Area 8', 1),
(30, TIMESTAMP '2019-07-29 20:51:12.068', TIMESTAMP '2019-07-29 20:51:12.068', 'Nice description for test area #9', 'Area 9', 1);
CREATE MEMORY TABLE PUBLIC.BALLOTS(
ID BIGINT NOT NULL,
LEVEL INTEGER NOT NULL,
VOTE_COUNT BIGINT NOT NULL,
CHECKSUM VARCHAR(255) NOT NULL,
POLL_ID BIGINT NOT NULL
);
ALTER TABLE PUBLIC.BALLOTS ADD CONSTRAINT PUBLIC.CONSTRAINT_1 PRIMARY KEY(ID);
-- 32 +/- SELECT COUNT(*) FROM PUBLIC.BALLOTS;
INSERT INTO PUBLIC.BALLOTS(ID, LEVEL, VOTE_COUNT, CHECKSUM, POLL_ID) VALUES
(333, 0, 1, '$2a$10$1IdrGrRAN2Wp3U7QI.JIzuuViLszDdeyBQZ4QNjYJJWIYI5M2O3G2', 306),
(334, 0, 1, '$2a$10$1IdrGrRAN2Wp3U7QI.JIzuDl5QTomD0jkJDoG.VH7LgF6BaMi7mUu', 306),
(335, 0, 4, '$2a$10$1IdrGrRAN2Wp3U7QI.JIzumrB8gg15WYrl/9Od2a/lKdcXxyoRqYe', 306),
(336, 0, 1, '$2a$10$1IdrGrRAN2Wp3U7QI.JIzu0U7xajdi9.MlI8tTpf7ZVQmMn3XTPaq', 306),
(337, 0, 1, '$2a$10$1IdrGrRAN2Wp3U7QI.JIzuA2amXnXPKlVvjlg62SZ08/U45S1krWS', 306),
(338, 0, 1, '$2a$10$1IdrGrRAN2Wp3U7QI.JIzuQi87d/P3rgtaiDqqegSB4vu2sByXkly', 306),
(339, 0, 2, '$2a$10$1IdrGrRAN2Wp3U7QI.JIzumF7aPaiUyhTd0m56K/SiA71ec5pLFu2', 306),
(340, 1, 1, '$2a$10$1IdrGrRAN2Wp3U7QI.JIzu9jY7URudOBmsrn4SD7Sp2bRAti6ztwK', 306),
(341, 0, 1, '$2a$10$1IdrGrRAN2Wp3U7QI.JIzuaW/fGb8Z2mJgsKxYwe5.NrtAFNxSQVS', 306),
(342, 0, 1, '$2a$10$1IdrGrRAN2Wp3U7QI.JIzuWb3cSZmVC9yx83VYQxwLFYSL5g8IoRy', 306),
(343, 0, 1, '$2a$10$1IdrGrRAN2Wp3U7QI.JIzuaXivFiTa4cwzBq6IwpHyvmd9OIEIHwW', 306),
(344, 0, 1, '$2a$10$1IdrGrRAN2Wp3U7QI.JIzuYTSKjBSu3cADo/STK5moSHUhn6NKcyS', 306),
(345, 0, 1, '$2a$10$1IdrGrRAN2Wp3U7QI.JIzuYun6DCp3DqD0HkMSxupTiHcONZRP0YC', 306),
(346, 0, 1, '$2a$10$1IdrGrRAN2Wp3U7QI.JIzuj/DUpsANoEk4usC10lyWBvgCY2jpdQ6', 306),
(347, 0, 1, '$2a$10$1IdrGrRAN2Wp3U7QI.JIzukT2e4dWh2jhcsPdh.C5JEqMyz08zCoa', 306),
(348, 0, 1, '$2a$10$1IdrGrRAN2Wp3U7QI.JIzuRe9KBAxYEu.ylAyhV50ek90rELSRGqG', 306),
(383, 0, 1, '$2a$10$1IdrGrRAN2Wp3U7QI.JIzuuViLszDdeyBQZ4QNjYJJWIYI5M2O3G2', 356),
(384, 0, 1, '$2a$10$1IdrGrRAN2Wp3U7QI.JIzuDl5QTomD0jkJDoG.VH7LgF6BaMi7mUu', 356),
(385, 0, 4, '$2a$10$1IdrGrRAN2Wp3U7QI.JIzumrB8gg15WYrl/9Od2a/lKdcXxyoRqYe', 356),
(386, 0, 1, '$2a$10$1IdrGrRAN2Wp3U7QI.JIzu0U7xajdi9.MlI8tTpf7ZVQmMn3XTPaq', 356),
(387, 0, 1, '$2a$10$1IdrGrRAN2Wp3U7QI.JIzuA2amXnXPKlVvjlg62SZ08/U45S1krWS', 356),
(388, 0, 1, '$2a$10$1IdrGrRAN2Wp3U7QI.JIzuQi87d/P3rgtaiDqqegSB4vu2sByXkly', 356),
(389, 0, 2, '$2a$10$1IdrGrRAN2Wp3U7QI.JIzumF7aPaiUyhTd0m56K/SiA71ec5pLFu2', 356),
(390, 1, 1, '$2a$10$1IdrGrRAN2Wp3U7QI.JIzu9jY7URudOBmsrn4SD7Sp2bRAti6ztwK', 356),
(391, 0, 1, '$2a$10$1IdrGrRAN2Wp3U7QI.JIzuaW/fGb8Z2mJgsKxYwe5.NrtAFNxSQVS', 356),
(392, 0, 1, '$2a$10$1IdrGrRAN2Wp3U7QI.JIzuWb3cSZmVC9yx83VYQxwLFYSL5g8IoRy', 356),
(393, 0, 1, '$2a$10$1IdrGrRAN2Wp3U7QI.JIzuaXivFiTa4cwzBq6IwpHyvmd9OIEIHwW', 356),
(394, 0, 1, '$2a$10$1IdrGrRAN2Wp3U7QI.JIzuYTSKjBSu3cADo/STK5moSHUhn6NKcyS', 356),
(395, 0, 1, '$2a$10$1IdrGrRAN2Wp3U7QI.JIzuYun6DCp3DqD0HkMSxupTiHcONZRP0YC', 356),
(396, 0, 1, '$2a$10$1IdrGrRAN2Wp3U7QI.JIzuj/DUpsANoEk4usC10lyWBvgCY2jpdQ6', 356),
(397, 0, 1, '$2a$10$1IdrGrRAN2Wp3U7QI.JIzukT2e4dWh2jhcsPdh.C5JEqMyz08zCoa', 356),
(398, 0, 1, '$2a$10$1IdrGrRAN2Wp3U7QI.JIzuRe9KBAxYEu.ylAyhV50ek90rELSRGqG', 356);
CREATE MEMORY TABLE PUBLIC.BALLOTS_VOTE_ORDER(
BALLOT_MODEL_ID BIGINT NOT NULL,
VOTE_ORDER_ID BIGINT NOT NULL,
VOTE_ORDER_ORDER INTEGER NOT NULL
);
ALTER TABLE PUBLIC.BALLOTS_VOTE_ORDER ADD CONSTRAINT PUBLIC.CONSTRAINT_5 PRIMARY KEY(BALLOT_MODEL_ID, VOTE_ORDER_ORDER);
-- 146 +/- SELECT COUNT(*) FROM PUBLIC.BALLOTS_VOTE_ORDER;
INSERT INTO PUBLIC.BALLOTS_VOTE_ORDER(BALLOT_MODEL_ID, VOTE_ORDER_ID, VOTE_ORDER_ORDER) VALUES
(333, 326, 0),
(333, 307, 1),
(333, 321, 2),
(333, 302, 3),
(333, 313, 4),
(334, 302, 0),
(334, 307, 1),
(334, 313, 2),
(334, 321, 3),
(334, 326, 4),
(335, 302, 0),
(335, 326, 1),
(335, 321, 2),
(335, 307, 3),
(335, 313, 4),
(339, 307, 0),
(339, 313, 1),
(339, 302, 2),
(339, 321, 3),
(339, 326, 4),
(340, 307, 0),
(340, 313, 1),
(340, 302, 2),
(340, 321, 3),
(340, 326, 4),
(341, 313, 0),
(341, 326, 1),
(336, 302, 0),
(336, 313, 1),
(336, 321, 2),
(336, 307, 3),
(337, 321, 0),
(337, 302, 1),
(337, 313, 2),
(337, 307, 3),
(337, 326, 4),
(342, 302, 0),
(342, 313, 1),
(342, 321, 2),
(342, 326, 3),
(343, 326, 0),
(343, 321, 1),
(343, 313, 2),
(343, 307, 3),
(343, 302, 4),
(344, 307, 0),
(344, 321, 1),
(344, 302, 2),
(344, 326, 3),
(345, 326, 0),
(345, 321, 1),
(345, 313, 2),
(345, 307, 3),
(346, 307, 0),
(346, 313, 1),
(346, 321, 2),
(346, 302, 3),
(346, 326, 4),
(347, 326, 0),
(347, 302, 1),
(347, 321, 2),
(347, 307, 3),
(348, 302, 0),
(348, 326, 1),
(348, 313, 2),
(348, 307, 3),
(348, 321, 4),
(338, 302, 0),
(338, 313, 1),
(338, 321, 2),
(338, 326, 3),
(338, 307, 4),
(383, 375, 0),
(383, 368, 1),
(383, 357, 2),
(383, 349, 3),
(384, 349, 0),
(384, 357, 1),
(384, 362, 2),
(384, 368, 3),
(384, 375, 4),
(385, 349, 0),
(385, 362, 1),
(385, 368, 2),
(385, 357, 3),
(385, 375, 4),
(389, 349, 0),
(389, 357, 1),
(389, 368, 2),
(389, 375, 3),
(389, 362, 4),
(390, 349, 0),
(390, 357, 1),
(390, 368, 2),
(390, 375, 3),
(390, 362, 4),
(391, 362, 0),
(391, 368, 1),
(391, 375, 2),
(391, 357, 3),
(391, 349, 4),
(386, 357, 0),
(386, 375, 1),
(386, 368, 2),
(386, 349, 3),
(386, 362, 4),
(387, 368, 0),
(387, 362, 1),
(387, 349, 2),
(387, 357, 3),
(387, 375, 4),
(392, 357, 0),
(392, 362, 1),
(392, 349, 2),
(392, 368, 3),
(392, 375, 4),
(393, 349, 0),
(393, 362, 1),
(393, 368, 2),
(393, 375, 3),
(394, 349, 0),
(394, 362, 1),
(394, 368, 2),
(394, 357, 3),
(395, 375, 0),
(395, 368, 1),
(395, 349, 2),
(395, 362, 3),
(395, 357, 4),
(396, 357, 0),
(396, 362, 1),
(396, 375, 2),
(396, 368, 3),
(397, 349, 0),
(397, 357, 1),
(397, 362, 2),
(397, 368, 3),
(397, 375, 4),
(398, 375, 0),
(398, 368, 1),
(398, 349, 2),
(398, 362, 3),
(398, 357, 4),
(388, 357, 0),
(388, 375, 1),
(388, 362, 2);
CREATE MEMORY TABLE PUBLIC.CHECKSUMS(
CHECKSUM VARCHAR(255) NOT NULL,
EXPIRES_AT TIMESTAMP,
TRANSITIVE BOOLEAN NOT NULL,
AREA_ID BIGINT,
DELEGATED_TO_CHECKSUM VARCHAR(255),
PUBLIC_PROXY_ID BIGINT
);
ALTER TABLE PUBLIC.CHECKSUMS ADD CONSTRAINT PUBLIC.CONSTRAINT_B PRIMARY KEY(CHECKSUM);
-- 18 +/- SELECT COUNT(*) FROM PUBLIC.CHECKSUMS;
INSERT INTO PUBLIC.CHECKSUMS(CHECKSUM, EXPIRES_AT, TRANSITIVE, AREA_ID, DELEGATED_TO_CHECKSUM, PUBLIC_PROXY_ID) VALUES
('$2a$10$1IdrGrRAN2Wp3U7QI.JIzueyGOu7FMMyyMJw3bvzEU2elpOrru8sy', TIMESTAMP '2019-07-30 20:51:16.443', TRUE, 21, NULL, 1),
('$2a$10$1IdrGrRAN2Wp3U7QI.JIzu9jY7URudOBmsrn4SD7Sp2bRAti6ztwK', TIMESTAMP '2019-07-30 20:51:18.152', TRUE, 21, '$2a$10$1IdrGrRAN2Wp3U7QI.JIzumF7aPaiUyhTd0m56K/SiA71ec5pLFu2', 6),
('$2a$10$1IdrGrRAN2Wp3U7QI.JIzuIvB5fBvUb/y3tpzb1Xahzu9k87H3HZ.', TIMESTAMP '2019-07-30 20:51:18.402', TRUE, 21, '$2a$10$1IdrGrRAN2Wp3U7QI.JIzueyGOu7FMMyyMJw3bvzEU2elpOrru8sy', 4),
('$2a$10$1IdrGrRAN2Wp3U7QI.JIzuuViLszDdeyBQZ4QNjYJJWIYI5M2O3G2', TIMESTAMP '2019-07-30 20:51:28.279', TRUE, 21, NULL, 13),
('$2a$10$1IdrGrRAN2Wp3U7QI.JIzuDl5QTomD0jkJDoG.VH7LgF6BaMi7mUu', TIMESTAMP '2019-07-30 20:51:28.497', TRUE, 21, NULL, 15),
('$2a$10$1IdrGrRAN2Wp3U7QI.JIzumrB8gg15WYrl/9Od2a/lKdcXxyoRqYe', TIMESTAMP '2019-07-30 20:51:28.732', TRUE, 21, '$2a$10$1IdrGrRAN2Wp3U7QI.JIzuIvB5fBvUb/y3tpzb1Xahzu9k87H3HZ.', 7),
('$2a$10$1IdrGrRAN2Wp3U7QI.JIzumF7aPaiUyhTd0m56K/SiA71ec5pLFu2', TIMESTAMP '2019-07-30 20:51:28.966', TRUE, 21, '$2a$10$1IdrGrRAN2Wp3U7QI.JIzueyGOu7FMMyyMJw3bvzEU2elpOrru8sy', 3),
('$2a$10$1IdrGrRAN2Wp3U7QI.JIzuaW/fGb8Z2mJgsKxYwe5.NrtAFNxSQVS', TIMESTAMP '2019-07-30 20:51:29.185', TRUE, 21, NULL, 5),
('$2a$10$1IdrGrRAN2Wp3U7QI.JIzu0U7xajdi9.MlI8tTpf7ZVQmMn3XTPaq', TIMESTAMP '2019-07-30 20:51:29.419', TRUE, 21, '$2a$10$1IdrGrRAN2Wp3U7QI.JIzumrB8gg15WYrl/9Od2a/lKdcXxyoRqYe', 10),
('$2a$10$1IdrGrRAN2Wp3U7QI.JIzuA2amXnXPKlVvjlg62SZ08/U45S1krWS', TIMESTAMP '2019-07-30 20:51:29.654', TRUE, 21, '$2a$10$1IdrGrRAN2Wp3U7QI.JIzumrB8gg15WYrl/9Od2a/lKdcXxyoRqYe', 11),
('$2a$10$1IdrGrRAN2Wp3U7QI.JIzuWb3cSZmVC9yx83VYQxwLFYSL5g8IoRy', TIMESTAMP '2019-07-30 20:51:29.888', TRUE, 21, '$2a$10$1IdrGrRAN2Wp3U7QI.JIzueyGOu7FMMyyMJw3bvzEU2elpOrru8sy', NULL),
('$2a$10$1IdrGrRAN2Wp3U7QI.JIzuaXivFiTa4cwzBq6IwpHyvmd9OIEIHwW', TIMESTAMP '2019-07-30 20:51:30.123', TRUE, 21, NULL, 9),
('$2a$10$1IdrGrRAN2Wp3U7QI.JIzuYTSKjBSu3cADo/STK5moSHUhn6NKcyS', TIMESTAMP '2019-07-30 20:51:30.357', TRUE, 21, NULL, 16),
('$2a$10$1IdrGrRAN2Wp3U7QI.JIzuYun6DCp3DqD0HkMSxupTiHcONZRP0YC', TIMESTAMP '2019-07-30 20:51:30.591', TRUE, 21, NULL, 20),
('$2a$10$1IdrGrRAN2Wp3U7QI.JIzuj/DUpsANoEk4usC10lyWBvgCY2jpdQ6', TIMESTAMP '2019-07-30 20:51:30.81', TRUE, 21, NULL, 18),
('$2a$10$1IdrGrRAN2Wp3U7QI.JIzukT2e4dWh2jhcsPdh.C5JEqMyz08zCoa', TIMESTAMP '2019-07-30 20:51:31.045', TRUE, 21, NULL, 14),
('$2a$10$1IdrGrRAN2Wp3U7QI.JIzuRe9KBAxYEu.ylAyhV50ek90rELSRGqG', TIMESTAMP '2019-07-30 20:51:31.294', TRUE, 21, NULL, 19),
('$2a$10$1IdrGrRAN2Wp3U7QI.JIzuQi87d/P3rgtaiDqqegSB4vu2sByXkly', TIMESTAMP '2019-07-30 20:51:31.529', FALSE, 21, '$2a$10$1IdrGrRAN2Wp3U7QI.JIzumrB8gg15WYrl/9Od2a/lKdcXxyoRqYe', 12);
CREATE MEMORY TABLE PUBLIC.COMMENTS(
ID BIGINT NOT NULL,
CREATED_AT TIMESTAMP NOT NULL,
UPDATED_AT TIMESTAMP NOT NULL,
COMMENT VARCHAR(255) NOT NULL,
CREATED_BY_ID BIGINT NOT NULL,
PARENT_ID BIGINT,
PROPOSAL_ID BIGINT NOT NULL
);
ALTER TABLE PUBLIC.COMMENTS ADD CONSTRAINT PUBLIC.CONSTRAINT_A PRIMARY KEY(ID);
-- 134 +/- SELECT COUNT(*) FROM PUBLIC.COMMENTS;
INSERT INTO PUBLIC.COMMENTS(ID, CREATED_AT, UPDATED_AT, COMMENT, CREATED_BY_ID, PARENT_ID, PROPOSAL_ID) VALUES
(194, TIMESTAMP '2019-07-29 20:51:13.923', TIMESTAMP '2019-07-29 20:51:13.923', 'Comment on root level. I really like this idea, but needs to be improved. 1564426273923', 16, NULL, 193),
(195, TIMESTAMP '2019-07-29 20:51:13.923', TIMESTAMP '2019-07-29 20:51:13.923', 'Reply 0 Lorem ipsum dolor sit amet, consectetur adipiscin', 3, 194, 193),
(196, TIMESTAMP '2019-07-29 20:51:13.939', TIMESTAMP '2019-07-29 20:51:13.939', 'Reply 1 Lorem ipsum dolor sit amet, consectetur adipiscing elit, sed do eiusmod tempor incididunt ', 14, 194, 193),
(197, TIMESTAMP '2019-07-29 20:51:13.939', TIMESTAMP '2019-07-29 20:51:13.939', 'Reply 2 Lorem ipsum dol', 15, 194, 193),
(198, TIMESTAMP '2019-07-29 20:51:13.939', TIMESTAMP '2019-07-29 20:51:13.939', 'Reply 3 Lorem ipsum dolor sit ame', 12, 194, 193),
(199, TIMESTAMP '2019-07-29 20:51:13.939', TIMESTAMP '2019-07-29 20:51:13.939', 'Reply 4 Lorem ipsum dolor sit amet, consectetur adipiscing elit, sed do eiusm', 8, 194, 193),
(201, TIMESTAMP '2019-07-29 20:51:13.954', TIMESTAMP '2019-07-29 20:51:13.954', 'Comment on root level. I really like this idea, but needs to be improved. 1564426273954', 7, NULL, 200),
(202, TIMESTAMP '2019-07-29 20:51:13.954', TIMESTAMP '2019-07-29 20:51:13.954', 'Reply 0 Lorem ipsum dolor sit amet, consectetur adipiscing elit, sed do ei', 12, 201, 200),
(203, TIMESTAMP '2019-07-29 20:51:13.954', TIMESTAMP '2019-07-29 20:51:13.954', 'Reply 1 Lorem ipsum dolor sit amet, consectetur adipiscing elit, sed do eiusmod tempor incididunt ut labor', 18, 201, 200),
(204, TIMESTAMP '2019-07-29 20:51:13.954', TIMESTAMP '2019-07-29 20:51:13.954', 'Reply 2 Lorem ipsum dolor sit amet, co', 1, 201, 200),
(205, TIMESTAMP '2019-07-29 20:51:13.954', TIMESTAMP '2019-07-29 20:51:13.954', 'Reply 3 Lorem ipsum dolor sit amet, consectetur adipiscing elit, sed do eiusmod tempor incididunt ut labor', 5, 201, 200),
(206, TIMESTAMP '2019-07-29 20:51:13.954', TIMESTAMP '2019-07-29 20:51:13.954', 'Reply 4 Lorem ipsum dolor sit amet, consectetur adipiscing elit, sed do eiusmod tem', 6, 201, 200),
(207, TIMESTAMP '2019-07-29 20:51:13.97', TIMESTAMP '2019-07-29 20:51:13.97', 'Reply 5 Lorem ipsum dolor sit amet, consectetur ad', 16, 201, 200),
(209, TIMESTAMP '2019-07-29 20:51:13.97', TIMESTAMP '2019-07-29 20:51:13.97', 'Comment on root level. I really like this idea, but needs to be improved. 1564426273970', 6, NULL, 208),
(210, TIMESTAMP '2019-07-29 20:51:13.97', TIMESTAMP '2019-07-29 20:51:13.97', 'Reply 0 Lorem ipsum dolor s', 19, 209, 208),
(211, TIMESTAMP '2019-07-29 20:51:13.97', TIMESTAMP '2019-07-29 20:51:13.97', 'Reply 1 Lorem ipsum dolor sit amet, consectet', 2, 209, 208),
(212, TIMESTAMP '2019-07-29 20:51:13.97', TIMESTAMP '2019-07-29 20:51:13.97', 'Reply 2 Lorem ipsum dolor sit amet, consectetur adipiscing elit, s', 11, 209, 208),
(213, TIMESTAMP '2019-07-29 20:51:13.97', TIMESTAMP '2019-07-29 20:51:13.97', 'Reply 3 Lorem ipsum dolor sit amet, consectetur ', 14, 209, 208),
(214, TIMESTAMP '2019-07-29 20:51:13.97', TIMESTAMP '2019-07-29 20:51:13.97', 'Reply 4 Lorem ipsum dolor sit amet, consectetur adipiscing elit', 18, 209, 208),
(216, TIMESTAMP '2019-07-29 20:51:13.986', TIMESTAMP '2019-07-29 20:51:13.986', 'Comment on root level. I really like this idea, but needs to be improved. 1564426273986', 6, NULL, 215),
(217, TIMESTAMP '2019-07-29 20:51:13.986', TIMESTAMP '2019-07-29 20:51:13.986', 'Reply 0 Lorem ipsum dolor sit amet, consectetur adipiscing elit, sed do eiusmod tempor incidi', 16, 216, 215),
(218, TIMESTAMP '2019-07-29 20:51:13.986', TIMESTAMP '2019-07-29 20:51:13.986', 'Reply 1 Lorem ipsum dolor sit amet, consectetur adipiscing elit, sed do ei', 5, 216, 215),
(219, TIMESTAMP '2019-07-29 20:51:13.986', TIMESTAMP '2019-07-29 20:51:13.986', 'Reply 2 Lorem ipsum dolo', 3, 216, 215),
(221, TIMESTAMP '2019-07-29 20:51:14.001', TIMESTAMP '2019-07-29 20:51:14.001', 'Comment on root level. I really like this idea, but needs to be improved. 1564426274001', 10, NULL, 220),
(222, TIMESTAMP '2019-07-29 20:51:14.001', TIMESTAMP '2019-07-29 20:51:14.001', 'Reply 0 Lorem ipsum dolor sit amet, consectetur adipiscing elit, sed do eiusmod tem', 14, 221, 220);
INSERT INTO PUBLIC.COMMENTS(ID, CREATED_AT, UPDATED_AT, COMMENT, CREATED_BY_ID, PARENT_ID, PROPOSAL_ID) VALUES
(223, TIMESTAMP '2019-07-29 20:51:14.001', TIMESTAMP '2019-07-29 20:51:14.001', 'Reply 1 Lorem ipsum dolor', 15, 221, 220),
(224, TIMESTAMP '2019-07-29 20:51:14.001', TIMESTAMP '2019-07-29 20:51:14.001', 'Reply 2 Lorem ipsum dolor sit amet, consectet', 6, 221, 220),
(225, TIMESTAMP '2019-07-29 20:51:14.001', TIMESTAMP '2019-07-29 20:51:14.001', 'Reply 3 Lorem ipsum dolor ', 13, 221, 220),
(226, TIMESTAMP '2019-07-29 20:51:14.001', TIMESTAMP '2019-07-29 20:51:14.001', 'Reply 4 Lorem ipsum dolor', 19, 221, 220),
(237, TIMESTAMP '2019-07-29 20:51:21.574', TIMESTAMP '2019-07-29 20:51:21.574', 'Comment on root level. I really like this idea, but needs to be improved. 1564426281574', 8, NULL, 236),
(238, TIMESTAMP '2019-07-29 20:51:21.574', TIMESTAMP '2019-07-29 20:51:21.574', 'Reply 0 Lorem ipsum dolor sit amet, consectetur adipiscing elit, sed do eiu', 16, 237, 236),
(239, TIMESTAMP '2019-07-29 20:51:21.574', TIMESTAMP '2019-07-29 20:51:21.574', 'Reply 1 Lorem ipsum dolor sit amet, consectetur adipiscing elit, sed do eiusmod tempor incididunt ut labo', 17, 237, 236),
(240, TIMESTAMP '2019-07-29 20:51:21.59', TIMESTAMP '2019-07-29 20:51:21.59', 'Reply 2 Lorem ipsum dolor sit amet, consectetur adipisc', 6, 237, 236),
(241, TIMESTAMP '2019-07-29 20:51:21.59', TIMESTAMP '2019-07-29 20:51:21.59', 'Reply 3 Lorem ipsum dolor sit amet, consectetur adipiscing e', 15, 237, 236),
(242, TIMESTAMP '2019-07-29 20:51:21.59', TIMESTAMP '2019-07-29 20:51:21.59', 'Reply 4 Lorem ipsum dolor sit amet, consectetur adipiscing el', 11, 237, 236),
(243, TIMESTAMP '2019-07-29 20:51:21.59', TIMESTAMP '2019-07-29 20:51:21.59', 'Reply 5 Lorem ipsum dolor sit amet, consectetur adipiscing elit, sed do eiusmod tempor incididun', 2, 237, 236),
(248, TIMESTAMP '2019-07-29 20:51:21.605', TIMESTAMP '2019-07-29 20:51:21.605', 'Comment on root level. I really like this idea, but needs to be improved. 1564426281605', 10, NULL, 247),
(249, TIMESTAMP '2019-07-29 20:51:21.605', TIMESTAMP '2019-07-29 20:51:21.605', 'Reply 0 Lorem ipsum dolor sit amet, consectetur adipiscing elit, se', 9, 248, 247),
(250, TIMESTAMP '2019-07-29 20:51:21.605', TIMESTAMP '2019-07-29 20:51:21.605', 'Reply 1 Lorem ipsu', 6, 248, 247),
(251, TIMESTAMP '2019-07-29 20:51:21.605', TIMESTAMP '2019-07-29 20:51:21.605', 'Reply 2 Lorem ipsum dolor sit amet, consectetur adipiscing elit, sed do eiusmod tempor incidi', 3, 248, 247),
(253, TIMESTAMP '2019-07-29 20:51:21.621', TIMESTAMP '2019-07-29 20:51:21.621', 'Comment on root level. I really like this idea, but needs to be improved. 1564426281621', 14, NULL, 252),
(254, TIMESTAMP '2019-07-29 20:51:21.621', TIMESTAMP '2019-07-29 20:51:21.621', 'Reply 0 Lorem ipsum dolor sit amet, consectetur adipiscing elit, sed do eiusmod tempor inci', 15, 253, 252),
(255, TIMESTAMP '2019-07-29 20:51:21.621', TIMESTAMP '2019-07-29 20:51:21.621', 'Reply 1 Lorem ipsum dolor sit amet, consectetur adipisci', 1, 253, 252),
(257, TIMESTAMP '2019-07-29 20:51:21.637', TIMESTAMP '2019-07-29 20:51:21.637', 'Comment on root level. I really like this idea, but needs to be improved. 1564426281637', 1, NULL, 256),
(258, TIMESTAMP '2019-07-29 20:51:21.637', TIMESTAMP '2019-07-29 20:51:21.637', 'Reply 0 Lorem ipsum dolor sit amet, consectetur adipiscing elit, sed do e', 18, 257, 256),
(259, TIMESTAMP '2019-07-29 20:51:21.637', TIMESTAMP '2019-07-29 20:51:21.637', 'Reply 1 Lorem ipsum dolor sit amet, consect', 1, 257, 256),
(260, TIMESTAMP '2019-07-29 20:51:21.637', TIMESTAMP '2019-07-29 20:51:21.637', 'Reply 2 Lorem ipsum dolor sit amet, consectetur adipisc', 7, 257, 256),
(262, TIMESTAMP '2019-07-29 20:51:21.652', TIMESTAMP '2019-07-29 20:51:21.652', 'Comment on root level. I really like this idea, but needs to be improved. 1564426281652', 3, NULL, 261),
(263, TIMESTAMP '2019-07-29 20:51:21.652', TIMESTAMP '2019-07-29 20:51:21.652', 'Reply 0 Lorem ipsum dolor sit amet, consectetur adipiscing elit, sed do e', 19, 262, 261),
(264, TIMESTAMP '2019-07-29 20:51:21.652', TIMESTAMP '2019-07-29 20:51:21.652', 'Reply 1 Lorem ipsum dolor sit amet, consectetur adipiscing elit, sed do eiusmod tempor incididunt ut lab', 19, 262, 261);
INSERT INTO PUBLIC.COMMENTS(ID, CREATED_AT, UPDATED_AT, COMMENT, CREATED_BY_ID, PARENT_ID, PROPOSAL_ID) VALUES
(265, TIMESTAMP '2019-07-29 20:51:21.652', TIMESTAMP '2019-07-29 20:51:21.652', 'Reply 2 Lorem ipsum dolor sit amet, consectetur adi', 9, 262, 261),
(266, TIMESTAMP '2019-07-29 20:51:21.652', TIMESTAMP '2019-07-29 20:51:21.652', 'Reply 3 Lorem ipsum dolor sit amet, consectetur adipiscing elit, sed do eiusmod tempor inc', 10, 262, 261),
(267, TIMESTAMP '2019-07-29 20:51:21.652', TIMESTAMP '2019-07-29 20:51:21.652', 'Reply 4 Lorem ipsum dolor sit amet, consec', 5, 262, 261),
(269, TIMESTAMP '2019-07-29 20:51:21.668', TIMESTAMP '2019-07-29 20:51:21.668', 'Comment on root level. I really like this idea, but needs to be improved. 1564426281668', 6, NULL, 268),
(270, TIMESTAMP '2019-07-29 20:51:21.668', TIMESTAMP '2019-07-29 20:51:21.668', 'Reply 0 Lorem ipsum dolo', 11, 269, 268),
(271, TIMESTAMP '2019-07-29 20:51:21.668', TIMESTAMP '2019-07-29 20:51:21.668', 'Reply 1 Lorem ipsum dolor sit amet, consectetur adipiscing elit, sed do eiusmod tempor incid', 4, 269, 268),
(272, TIMESTAMP '2019-07-29 20:51:21.668', TIMESTAMP '2019-07-29 20:51:21.668', 'Reply 2 Lorem ipsum dolor sit amet, consectetur adipi', 6, 269, 268),
(275, TIMESTAMP '2019-07-29 20:51:21.684', TIMESTAMP '2019-07-29 20:51:21.684', 'Comment on root level. I really like this idea, but needs to be improved. 1564426281684', 6, NULL, 274),
(276, TIMESTAMP '2019-07-29 20:51:21.684', TIMESTAMP '2019-07-29 20:51:21.684', 'Reply 0 Lorem ipsum dolor sit amet, consectetur adipiscing elit, sed do eiusmod te', 3, 275, 274),
(277, TIMESTAMP '2019-07-29 20:51:21.684', TIMESTAMP '2019-07-29 20:51:21.684', 'Reply 1 Lorem ipsum dolor sit amet, ', 1, 275, 274),
(278, TIMESTAMP '2019-07-29 20:51:21.684', TIMESTAMP '2019-07-29 20:51:21.684', 'Reply 2 Lorem ipsum dolor sit amet, consectetur adipiscin', 16, 275, 274),
(279, TIMESTAMP '2019-07-29 20:51:21.684', TIMESTAMP '2019-07-29 20:51:21.684', 'Reply 3 Lorem ipsum dolor sit amet, consectetur ', 14, 275, 274),
(281, TIMESTAMP '2019-07-29 20:51:21.684', TIMESTAMP '2019-07-29 20:51:21.684', 'Comment on root level. I really like this idea, but needs to be improved. 1564426281684', 16, NULL, 280),
(282, TIMESTAMP '2019-07-29 20:51:21.699', TIMESTAMP '2019-07-29 20:51:21.699', 'Reply 0 Lorem ipsum dolor sit amet, consectetur adipiscing elit, sed do eiusmod tempor inci', 8, 281, 280),
(283, TIMESTAMP '2019-07-29 20:51:21.699', TIMESTAMP '2019-07-29 20:51:21.699', 'Reply 1 Lorem ipsum dolor sit amet, consectetur adipiscing elit, sed do eiusmod ', 14, 281, 280),
(284, TIMESTAMP '2019-07-29 20:51:21.699', TIMESTAMP '2019-07-29 20:51:21.699', 'Reply 2 Lorem ipsum dolor sit amet, conse', 11, 281, 280),
(285, TIMESTAMP '2019-07-29 20:51:21.699', TIMESTAMP '2019-07-29 20:51:21.699', 'Reply 3 Lorem ipsum dolor', 2, 281, 280),
(286, TIMESTAMP '2019-07-29 20:51:21.699', TIMESTAMP '2019-07-29 20:51:21.699', 'Reply 4 Lorem ipsum dolor sit ame', 20, 281, 280),
(288, TIMESTAMP '2019-07-29 20:51:21.715', TIMESTAMP '2019-07-29 20:51:21.715', 'Comment on root level. I really like this idea, but needs to be improved. 1564426281715', 11, NULL, 287),
(289, TIMESTAMP '2019-07-29 20:51:21.73', TIMESTAMP '2019-07-29 20:51:21.73', 'Reply 0 Lorem ipsum dolor sit amet, consectetur adipiscing elit, sed do eiusmod te', 2, 288, 287),
(290, TIMESTAMP '2019-07-29 20:51:21.73', TIMESTAMP '2019-07-29 20:51:21.73', 'Reply 1 Lorem ipsum dolor sit amet, consectetur adipiscing elit, sed do eiusm', 13, 288, 287),
(291, TIMESTAMP '2019-07-29 20:51:21.73', TIMESTAMP '2019-07-29 20:51:21.73', 'Reply 2 Lorem ipsum dolor sit amet, consectetur adipiscing elit, sed do eiusmod tempor in', 14, 288, 287),
(292, TIMESTAMP '2019-07-29 20:51:21.73', TIMESTAMP '2019-07-29 20:51:21.73', 'Reply 3 Lorem ipsum dolor sit amet, consectetur', 14, 288, 287),
(294, TIMESTAMP '2019-07-29 20:51:21.746', TIMESTAMP '2019-07-29 20:51:21.746', 'Comment on root level. I really like this idea, but needs to be improved. 1564426281746', 8, NULL, 293),
(295, TIMESTAMP '2019-07-29 20:51:21.762', TIMESTAMP '2019-07-29 20:51:21.762', 'Reply 0 Lorem ipsum dolor sit amet, consectetur adipiscing elit, sed do eiusmod tempor', 11, 294, 293);
INSERT INTO PUBLIC.COMMENTS(ID, CREATED_AT, UPDATED_AT, COMMENT, CREATED_BY_ID, PARENT_ID, PROPOSAL_ID) VALUES
(296, TIMESTAMP '2019-07-29 20:51:21.762', TIMESTAMP '2019-07-29 20:51:21.762', 'Reply 1 Lorem ipsum dolor sit ame', 15, 294, 293),
(297, TIMESTAMP '2019-07-29 20:51:21.762', TIMESTAMP '2019-07-29 20:51:21.762', 'Reply 2 Lorem ipsum dolor sit amet, consectetur adipisc', 4, 294, 293),
(298, TIMESTAMP '2019-07-29 20:51:21.762', TIMESTAMP '2019-07-29 20:51:21.762', 'Reply 3 Lorem ipsum do', 5, 294, 293),
(299, TIMESTAMP '2019-07-29 20:51:21.762', TIMESTAMP '2019-07-29 20:51:21.762', 'Reply 4 Lorem ipsum dolor sit amet, consectetur adipiscing elit, sed do eiusmod tempor incididunt ut', 17, 294, 293),
(300, TIMESTAMP '2019-07-29 20:51:21.762', TIMESTAMP '2019-07-29 20:51:21.762', 'Reply 5 Lorem ipsum dolor sit amet, consectet', 6, 294, 293),
(301, TIMESTAMP '2019-07-29 20:51:21.762', TIMESTAMP '2019-07-29 20:51:21.762', 'Reply 6 Lorem ipsum dolor sit amet, consectetur ad', 8, 294, 293),
(303, TIMESTAMP '2019-07-29 20:51:21.84', TIMESTAMP '2019-07-29 20:51:21.84', 'Comment on root level. I really like this idea, but needs to be improved. 1564426281840', 1, NULL, 302),
(304, TIMESTAMP '2019-07-29 20:51:21.855', TIMESTAMP '2019-07-29 20:51:21.855', 'Reply 0 Lorem ipsum dolor sit amet, consectetur adipiscing elit, sed do eiusmod ', 2, 303, 302),
(305, TIMESTAMP '2019-07-29 20:51:21.855', TIMESTAMP '2019-07-29 20:51:21.855', 'Reply 1 Lorem ipsum dolor sit amet, consectetur adipiscing eli', 15, 303, 302),
(308, TIMESTAMP '2019-07-29 20:51:21.871', TIMESTAMP '2019-07-29 20:51:21.871', 'Comment on root level. I really like this idea, but needs to be improved. 1564426281871', 13, NULL, 307),
(309, TIMESTAMP '2019-07-29 20:51:21.887', TIMESTAMP '2019-07-29 20:51:21.887', 'Reply 0 Lorem ipsum dolor sit amet, consectetur adipiscing elit, sed do eiusmod tempor incididunt ut', 17, 308, 307),
(310, TIMESTAMP '2019-07-29 20:51:21.887', TIMESTAMP '2019-07-29 20:51:21.887', 'Reply 1 Lorem ipsu', 20, 308, 307),
(311, TIMESTAMP '2019-07-29 20:51:21.887', TIMESTAMP '2019-07-29 20:51:21.887', 'Reply 2 Lorem ipsum dolor sit amet, consectetur adipiscing elit, sed do eiusmod tempor inc', 13, 308, 307),
(312, TIMESTAMP '2019-07-29 20:51:21.887', TIMESTAMP '2019-07-29 20:51:21.887', 'Reply 3 Lorem ipsum dolor sit amet, consectetur', 20, 308, 307),
(314, TIMESTAMP '2019-07-29 20:51:21.949', TIMESTAMP '2019-07-29 20:51:21.949', 'Comment on root level. I really like this idea, but needs to be improved. 1564426281949', 5, NULL, 313),
(315, TIMESTAMP '2019-07-29 20:51:21.949', TIMESTAMP '2019-07-29 20:51:21.949', 'Reply 0 Lorem ipsum dolor sit amet, consectetur adipiscing el', 5, 314, 313),
(316, TIMESTAMP '2019-07-29 20:51:21.949', TIMESTAMP '2019-07-29 20:51:21.949', 'Reply 1 Lorem ipsum dolor sit amet, consectetur adipiscing elit, sed do eiusmod tempor incid', 20, 314, 313),
(317, TIMESTAMP '2019-07-29 20:51:21.949', TIMESTAMP '2019-07-29 20:51:21.949', 'Reply 2 Lorem ipsum dolor sit amet, consectetur adip', 1, 314, 313),
(318, TIMESTAMP '2019-07-29 20:51:21.949', TIMESTAMP '2019-07-29 20:51:21.949', 'Reply 3 Lorem ipsum dolor sit amet, consectetur adipiscing elit, sed do eiusmod tem', 16, 314, 313),
(319, TIMESTAMP '2019-07-29 20:51:21.949', TIMESTAMP '2019-07-29 20:51:21.949', 'Reply 4 Lorem ipsum dolor sit amet, consectetur adipiscing elit', 15, 314, 313),
(320, TIMESTAMP '2019-07-29 20:51:21.949', TIMESTAMP '2019-07-29 20:51:21.949', 'Reply 5 Lorem ipsum dolor sit amet, consectetur adipiscing elit, sed do eiusmod tem', 5, 314, 313),
(322, TIMESTAMP '2019-07-29 20:51:21.965', TIMESTAMP '2019-07-29 20:51:21.965', 'Comment on root level. I really like this idea, but needs to be improved. 1564426281965', 7, NULL, 321),
(323, TIMESTAMP '2019-07-29 20:51:21.965', TIMESTAMP '2019-07-29 20:51:21.965', 'Reply 0 Lorem ipsum dolor sit amet, consectetur adipiscing elit, sed do eiusmod tempor incididunt', 7, 322, 321),
(324, TIMESTAMP '2019-07-29 20:51:21.965', TIMESTAMP '2019-07-29 20:51:21.965', 'Reply 1 Lorem ipsum dolor sit amet, co', 1, 322, 321),
(325, TIMESTAMP '2019-07-29 20:51:21.965', TIMESTAMP '2019-07-29 20:51:21.965', 'Reply 2 Lorem ipsum dolor sit amet, consectetur adipiscing elit, sed do eiusmod ', 6, 322, 321);
INSERT INTO PUBLIC.COMMENTS(ID, CREATED_AT, UPDATED_AT, COMMENT, CREATED_BY_ID, PARENT_ID, PROPOSAL_ID) VALUES
(327, TIMESTAMP '2019-07-29 20:51:21.996', TIMESTAMP '2019-07-29 20:51:21.996', 'Comment on root level. I really like this idea, but needs to be improved. 1564426281996', 6, NULL, 326),
(328, TIMESTAMP '2019-07-29 20:51:21.996', TIMESTAMP '2019-07-29 20:51:21.996', 'Reply 0 Lorem ipsum dolor sit amet, consectetur adipiscing elit', 8, 327, 326),
(329, TIMESTAMP '2019-07-29 20:51:21.996', TIMESTAMP '2019-07-29 20:51:21.996', 'Reply 1 Lorem ipsum dolor sit amet, consectetur adipiscing elit, sed do eiusmod tempor incididunt ut labore', 8, 327, 326),
(330, TIMESTAMP '2019-07-29 20:51:21.996', TIMESTAMP '2019-07-29 20:51:21.996', 'Reply 2 Lorem ipsum dolor sit amet, consectetur adipiscing elit,', 15, 327, 326),
(331, TIMESTAMP '2019-07-29 20:51:21.996', TIMESTAMP '2019-07-29 20:51:21.996', 'Reply 3 Lorem ipsum dolor sit amet, consectetur adipiscing elit, sed do eius', 18, 327, 326),
(332, TIMESTAMP '2019-07-29 20:51:21.996', TIMESTAMP '2019-07-29 20:51:21.996', 'Reply 4 Lorem ipsum dolor sit amet, consectetur adipiscin', 9, 327, 326),
(350, TIMESTAMP '2019-07-29 20:51:28.029', TIMESTAMP '2019-07-29 20:51:28.029', 'Comment on root level. I really like this idea, but needs to be improved. 1564426288029', 12, NULL, 349),
(351, TIMESTAMP '2019-07-29 20:51:28.029', TIMESTAMP '2019-07-29 20:51:28.029', 'Reply 0 Lorem ipsum dolor sit amet, ', 3, 350, 349),
(352, TIMESTAMP '2019-07-29 20:51:28.029', TIMESTAMP '2019-07-29 20:51:28.029', 'Reply 1 Lorem ipsum dolor sit amet, consectetur adipiscing elit, sed do eiusmod tempor incididunt ut l', 11, 350, 349),
(353, TIMESTAMP '2019-07-29 20:51:28.029', TIMESTAMP '2019-07-29 20:51:28.029', 'Reply 2 Lorem ipsum dolor sit amet, consectetur adipiscing elit, sed do eiusmod tempor i', 3, 350, 349),
(354, TIMESTAMP '2019-07-29 20:51:28.029', TIMESTAMP '2019-07-29 20:51:28.029', 'Reply 3 Lorem ipsum dolor sit amet, consectetur adipisci', 9, 350, 349),
(355, TIMESTAMP '2019-07-29 20:51:28.029', TIMESTAMP '2019-07-29 20:51:28.029', 'Reply 4 Lorem ipsum dolor sit amet, consectetur adipiscing elit, sed do eiusmod tempor incididunt ut labore', 19, 350, 349),
(358, TIMESTAMP '2019-07-29 20:51:28.044', TIMESTAMP '2019-07-29 20:51:28.044', 'Comment on root level. I really like this idea, but needs to be improved. 1564426288044', 2, NULL, 357),
(359, TIMESTAMP '2019-07-29 20:51:28.044', TIMESTAMP '2019-07-29 20:51:28.044', 'Reply 0 Lorem ipsum dolor sit amet, consecte', 19, 358, 357),
(360, TIMESTAMP '2019-07-29 20:51:28.044', TIMESTAMP '2019-07-29 20:51:28.044', 'Reply 1 Lorem ipsum d', 4, 358, 357),
(361, TIMESTAMP '2019-07-29 20:51:28.044', TIMESTAMP '2019-07-29 20:51:28.044', 'Reply 2 Lorem ipsum dolor sit amet, consectetur adipiscing elit, sed do eiusmod tempor incididunt ut la', 10, 358, 357),
(363, TIMESTAMP '2019-07-29 20:51:28.06', TIMESTAMP '2019-07-29 20:51:28.06', 'Comment on root level. I really like this idea, but needs to be improved. 1564426288060', 19, NULL, 362),
(364, TIMESTAMP '2019-07-29 20:51:28.06', TIMESTAMP '2019-07-29 20:51:28.06', 'Reply 0 Lorem ipsum dolor sit amet, consectetur adipiscing elit,', 13, 363, 362),
(365, TIMESTAMP '2019-07-29 20:51:28.06', TIMESTAMP '2019-07-29 20:51:28.06', 'Reply 1 Lorem ipsum dolor sit amet, consectetur adipiscing elit, sed do eiusmod tempor incididunt ut', 11, 363, 362),
(366, TIMESTAMP '2019-07-29 20:51:28.06', TIMESTAMP '2019-07-29 20:51:28.06', 'Reply 2 Lorem ipsum dolor sit amet, ', 4, 363, 362),
(367, TIMESTAMP '2019-07-29 20:51:28.06', TIMESTAMP '2019-07-29 20:51:28.06', 'Reply 3 Lorem ipsu', 16, 363, 362),
(369, TIMESTAMP '2019-07-29 20:51:28.076', TIMESTAMP '2019-07-29 20:51:28.076', 'Comment on root level. I really like this idea, but needs to be improved. 1564426288076', 8, NULL, 368),
(370, TIMESTAMP '2019-07-29 20:51:28.076', TIMESTAMP '2019-07-29 20:51:28.076', 'Reply 0 Lorem ipsum dolor sit amet', 5, 369, 368),
(371, TIMESTAMP '2019-07-29 20:51:28.076', TIMESTAMP '2019-07-29 20:51:28.076', 'Reply 1 Lorem ipsum dolor sit amet, consectetu', 4, 369, 368);
INSERT INTO PUBLIC.COMMENTS(ID, CREATED_AT, UPDATED_AT, COMMENT, CREATED_BY_ID, PARENT_ID, PROPOSAL_ID) VALUES
(372, TIMESTAMP '2019-07-29 20:51:28.076', TIMESTAMP '2019-07-29 20:51:28.076', 'Reply 2 Lorem ipsum dolor sit amet, conse', 13, 369, 368),
(373, TIMESTAMP '2019-07-29 20:51:28.076', TIMESTAMP '2019-07-29 20:51:28.076', 'Reply 3 Lorem ipsum dolor sit amet, consectetur adipiscing elit, sed do eiusmod tempor incididunt ut lab', 17, 369, 368),
(374, TIMESTAMP '2019-07-29 20:51:28.076', TIMESTAMP '2019-07-29 20:51:28.076', 'Reply 4 Lorem ipsu', 13, 369, 368),
(376, TIMESTAMP '2019-07-29 20:51:28.091', TIMESTAMP '2019-07-29 20:51:28.091', 'Comment on root level. I really like this idea, but needs to be improved. 1564426288091', 11, NULL, 375),
(377, TIMESTAMP '2019-07-29 20:51:28.091', TIMESTAMP '2019-07-29 20:51:28.091', 'Reply 0 Lorem ipsum dolor sit amet, consectetur adipiscing elit, sed do eiusmod tempor in', 19, 376, 375),
(378, TIMESTAMP '2019-07-29 20:51:28.091', TIMESTAMP '2019-07-29 20:51:28.091', 'Reply 1 Lorem ipsum dolor sit am', 15, 376, 375),
(379, TIMESTAMP '2019-07-29 20:51:28.091', TIMESTAMP '2019-07-29 20:51:28.091', 'Reply 2 Lorem ipsum dolor sit amet, consectetur adipiscing elit, sed do eiusmod tempor incid', 8, 376, 375),
(380, TIMESTAMP '2019-07-29 20:51:28.091', TIMESTAMP '2019-07-29 20:51:28.091', 'Reply 3 Lorem ipsum dolor sit amet, consectetur adipiscing elit, sed do eiusmod tempor', 20, 376, 375),
(381, TIMESTAMP '2019-07-29 20:51:28.091', TIMESTAMP '2019-07-29 20:51:28.091', 'Reply 4 Lorem ipsum dolor sit amet, ', 8, 376, 375),
(382, TIMESTAMP '2019-07-29 20:51:28.091', TIMESTAMP '2019-07-29 20:51:28.091', 'Reply 5 Lorem ipsum dolor sit amet, consectetur adipiscing eli', 7, 376, 375);
CREATE MEMORY TABLE PUBLIC.COMMENTS_DOWN_VOTERS(
COMMENT_MODEL_ID BIGINT NOT NULL,
DOWN_VOTERS_ID BIGINT NOT NULL
);
ALTER TABLE PUBLIC.COMMENTS_DOWN_VOTERS ADD CONSTRAINT PUBLIC.CONSTRAINT_2 PRIMARY KEY(COMMENT_MODEL_ID, DOWN_VOTERS_ID);
-- 357 +/- SELECT COUNT(*) FROM PUBLIC.COMMENTS_DOWN_VOTERS;
INSERT INTO PUBLIC.COMMENTS_DOWN_VOTERS(COMMENT_MODEL_ID, DOWN_VOTERS_ID) VALUES
(194, 11),
(194, 20),
(195, 2),
(195, 1),
(195, 12),
(196, 8),
(196, 10),
(196, 1),
(198, 2),
(198, 13),
(198, 3),
(199, 4),
(199, 2),
(199, 17),
(199, 14),
(199, 10),
(199, 1),
(199, 16),
(199, 9),
(201, 6),
(201, 3),
(201, 16),
(201, 9),
(202, 6),
(202, 11),
(202, 8),
(202, 7),
(202, 19),
(203, 8),
(204, 10),
(205, 9),
(206, 2),
(206, 8),
(206, 9),
(207, 13),
(209, 3),
(209, 19),
(210, 6),
(210, 13),
(210, 11),
(210, 14),
(210, 10),
(210, 15),
(213, 18),
(213, 20),
(213, 3),
(213, 15),
(214, 18),
(216, 2),
(216, 11),
(216, 15),
(217, 13),
(217, 5),
(218, 20),
(218, 10),
(218, 1),
(219, 6),
(219, 18),
(219, 1),
(221, 4),
(221, 11),
(221, 1),
(222, 13),
(222, 8),
(222, 18),
(222, 14),
(223, 2),
(223, 12),
(224, 2),
(225, 4),
(225, 19),
(225, 5),
(226, 20),
(226, 14),
(226, 10),
(226, 15),
(226, 12),
(237, 7),
(238, 13),
(238, 17),
(238, 5),
(239, 6),
(239, 3),
(239, 15),
(240, 8),
(240, 17),
(240, 20),
(240, 15),
(240, 12),
(241, 10),
(242, 16),
(242, 5),
(243, 20),
(243, 7),
(243, 10),
(243, 1),
(243, 9),
(248, 18),
(248, 1),
(249, 4),
(249, 10),
(249, 19),
(249, 12),
(250, 8),
(251, 13),
(253, 2),
(254, 20),
(254, 1),
(254, 9),
(255, 6),
(255, 8),
(255, 18),
(255, 17),
(257, 13),
(257, 11),
(257, 7),
(258, 4),
(258, 7),
(258, 19),
(258, 5),
(259, 11),
(260, 6),
(260, 20),
(260, 14),
(262, 20),
(262, 7),
(262, 3),
(263, 11),
(263, 19),
(264, 4),
(264, 15),
(264, 9),
(265, 6),
(265, 20),
(266, 18),
(266, 5),
(267, 18),
(267, 5),
(267, 9),
(270, 2),
(271, 6),
(271, 18),
(271, 20),
(271, 1),
(272, 6),
(272, 13),
(272, 20),
(275, 2),
(275, 17),
(275, 9),
(276, 3),
(277, 4),
(277, 14),
(277, 15),
(277, 5),
(277, 12),
(278, 20),
(278, 14),
(278, 5),
(279, 18),
(279, 14),
(281, 6),
(281, 8),
(281, 7),
(281, 10),
(282, 8),
(282, 10),
(282, 19),
(282, 12),
(282, 9),
(284, 2),
(284, 17),
(284, 7),
(284, 19),
(284, 9),
(285, 6),
(285, 18),
(285, 3),
(285, 15),
(286, 4),
(286, 6),
(286, 3),
(286, 16),
(288, 13),
(288, 17),
(289, 13),
(289, 11),
(289, 18),
(289, 14),
(289, 7),
(289, 15),
(289, 12),
(290, 8),
(290, 18),
(290, 14),
(290, 12),
(291, 4),
(291, 7),
(291, 10),
(292, 6),
(294, 11),
(295, 4),
(296, 18),
(297, 4),
(297, 13),
(298, 16),
(298, 5),
(299, 3),
(299, 19),
(299, 16),
(300, 2),
(300, 16),
(301, 13),
(301, 18),
(301, 20),
(301, 19),
(303, 9),
(304, 4),
(304, 18),
(304, 16),
(304, 5),
(304, 9),
(305, 4),
(305, 13),
(305, 11),
(305, 18),
(305, 14),
(305, 10),
(305, 12),
(308, 1),
(309, 18),
(309, 10),
(309, 12),
(310, 6),
(310, 12),
(311, 6),
(311, 14),
(311, 5),
(312, 19),
(312, 15),
(312, 16),
(314, 8),
(314, 11),
(314, 1),
(315, 19),
(316, 3),
(317, 6),
(317, 1),
(317, 3),
(317, 19),
(317, 12),
(318, 17),
(318, 7),
(319, 18),
(319, 19),
(320, 3),
(322, 17),
(322, 7),
(322, 15),
(323, 6),
(323, 14),
(324, 17),
(325, 6),
(325, 7),
(327, 8),
(327, 1),
(327, 15),
(328, 2),
(328, 18),
(328, 14),
(328, 1),
(328, 15),
(329, 6),
(329, 18),
(329, 20),
(330, 2),
(330, 3),
(330, 9),
(331, 20),
(331, 9),
(332, 14),
(350, 2),
(350, 18),
(350, 14),
(350, 19),
(350, 9),
(351, 11),
(351, 18),
(351, 7),
(351, 15),
(351, 16),
(351, 9),
(352, 10),
(352, 3),
(353, 18),
(353, 17),
(354, 8),
(354, 18),
(354, 12),
(355, 13),
(355, 6),
(355, 8),
(355, 10),
(355, 19),
(358, 13),
(358, 8),
(358, 17),
(358, 5),
(359, 12),
(361, 13),
(361, 11),
(363, 8),
(364, 18),
(364, 20),
(364, 10),
(364, 16),
(364, 5),
(365, 3),
(365, 15),
(365, 12),
(366, 5),
(367, 6),
(367, 11),
(367, 7),
(367, 12),
(369, 13),
(369, 17),
(369, 19),
(369, 15),
(371, 10),
(371, 3),
(371, 5),
(372, 10),
(372, 19),
(372, 15),
(372, 12),
(373, 6),
(373, 8),
(373, 11),
(373, 15),
(374, 18),
(376, 8),
(377, 6),
(377, 7),
(378, 6),
(378, 10),
(379, 17),
(379, 3),
(379, 16),
(380, 8),
(380, 1),
(381, 14),
(381, 1),
(381, 16),
(381, 12),
(382, 20),
(382, 3);
CREATE MEMORY TABLE PUBLIC.COMMENTS_UP_VOTERS(
COMMENT_MODEL_ID BIGINT NOT NULL,
UP_VOTERS_ID BIGINT NOT NULL
);
ALTER TABLE PUBLIC.COMMENTS_UP_VOTERS ADD CONSTRAINT PUBLIC.CONSTRAINT_20 PRIMARY KEY(COMMENT_MODEL_ID, UP_VOTERS_ID);
-- 319 +/- SELECT COUNT(*) FROM PUBLIC.COMMENTS_UP_VOTERS;
INSERT INTO PUBLIC.COMMENTS_UP_VOTERS(COMMENT_MODEL_ID, UP_VOTERS_ID) VALUES
(196, 14),
(196, 15),
(198, 10),
(198, 3),
(199, 17),
(199, 1),
(199, 19),
(199, 5),
(199, 12),
(199, 9),
(201, 7),
(201, 19),
(201, 5),
(205, 6),
(205, 8),
(205, 20),
(205, 16),
(206, 2),
(206, 8),
(206, 7),
(206, 12),
(207, 19),
(207, 15),
(207, 9),
(209, 4),
(209, 8),
(209, 15),
(209, 5),
(210, 17),
(210, 14),
(210, 5),
(211, 4),
(211, 11),
(211, 8),
(211, 17),
(211, 12),
(212, 15),
(213, 11),
(213, 8),
(213, 17),
(213, 10),
(213, 12),
(214, 10),
(214, 5),
(216, 1),
(217, 8),
(217, 11),
(217, 18),
(217, 5),
(219, 6),
(219, 8),
(219, 18),
(219, 5),
(221, 11),
(222, 17),
(222, 10),
(222, 12),
(223, 6),
(223, 1),
(223, 16),
(223, 5),
(223, 9),
(225, 8),
(225, 7),
(226, 6),
(226, 20),
(226, 10),
(226, 15),
(237, 2),
(237, 15),
(238, 6),
(238, 18),
(239, 2),
(239, 14),
(239, 10),
(240, 13),
(240, 8),
(240, 18),
(240, 14),
(240, 19),
(241, 19),
(242, 8),
(242, 11),
(242, 18),
(242, 10),
(243, 8),
(248, 13),
(248, 15),
(249, 6),
(249, 1),
(249, 16),
(249, 5),
(250, 1),
(250, 19),
(250, 16),
(251, 14),
(251, 10),
(251, 3),
(251, 16),
(253, 4),
(255, 4),
(255, 3),
(255, 12),
(257, 19),
(257, 12),
(257, 9),
(258, 2),
(258, 6),
(258, 15),
(258, 5),
(259, 13),
(259, 8),
(259, 14),
(259, 10),
(259, 16),
(259, 12),
(260, 6),
(260, 14),
(262, 6),
(262, 13),
(262, 16),
(263, 2),
(263, 10),
(264, 20),
(265, 9),
(266, 2),
(266, 1),
(266, 3),
(266, 16),
(267, 6),
(267, 17),
(267, 15),
(269, 15),
(269, 9),
(270, 8),
(270, 9),
(271, 20),
(272, 4),
(275, 8),
(275, 19),
(275, 12),
(276, 6),
(276, 7),
(276, 12),
(277, 17),
(277, 18),
(277, 1),
(279, 8),
(279, 3),
(281, 6),
(281, 17),
(281, 16),
(281, 12),
(282, 17),
(282, 12),
(282, 9),
(283, 11),
(283, 9),
(285, 7),
(285, 14),
(285, 10),
(285, 1),
(286, 9),
(288, 2),
(288, 14),
(288, 10),
(290, 18),
(290, 16),
(290, 12),
(291, 4),
(292, 13),
(292, 18),
(292, 14),
(295, 3),
(295, 19),
(295, 9),
(296, 6),
(296, 11),
(296, 7),
(296, 3),
(296, 12),
(298, 6),
(298, 11),
(299, 11),
(299, 18),
(299, 14),
(300, 8),
(300, 17),
(301, 20),
(303, 1),
(303, 9),
(304, 6),
(304, 17),
(304, 10),
(304, 15),
(305, 20),
(305, 12),
(308, 4),
(308, 8),
(308, 20),
(311, 4),
(311, 20),
(314, 20),
(314, 7),
(314, 19),
(314, 9),
(315, 2),
(315, 13),
(315, 8),
(315, 7),
(316, 2),
(316, 3),
(316, 5),
(316, 9),
(317, 4),
(317, 19),
(318, 3),
(319, 20),
(320, 13),
(320, 18),
(320, 14),
(320, 10),
(322, 11),
(322, 12),
(323, 7),
(323, 10),
(323, 1),
(324, 7),
(325, 2),
(325, 8),
(325, 14),
(325, 10),
(325, 15),
(327, 19),
(328, 1),
(328, 3),
(328, 19),
(329, 15),
(329, 12),
(330, 3),
(331, 1),
(331, 15),
(332, 14),
(332, 15),
(350, 15),
(351, 7),
(352, 4),
(352, 11),
(353, 7),
(353, 16),
(353, 12),
(354, 17),
(354, 1),
(354, 5),
(355, 19),
(358, 18),
(358, 7),
(358, 1),
(358, 16),
(359, 6),
(359, 19),
(360, 14),
(360, 10),
(360, 1),
(360, 16),
(361, 4),
(363, 7),
(364, 2),
(364, 6),
(364, 11),
(364, 10),
(364, 1),
(366, 2),
(366, 20),
(366, 19),
(366, 15),
(367, 2),
(367, 8),
(367, 1),
(369, 14),
(369, 19),
(369, 15),
(370, 13),
(370, 17),
(370, 20),
(371, 8),
(371, 12),
(371, 9),
(372, 4),
(372, 8),
(372, 18),
(373, 1),
(374, 14),
(374, 12),
(376, 2),
(376, 8),
(377, 6),
(377, 15),
(378, 6),
(378, 20),
(378, 19),
(378, 16),
(378, 5),
(379, 13),
(379, 10),
(379, 3),
(379, 5),
(380, 6),
(380, 10),
(381, 4),
(381, 20),
(381, 12),
(382, 4),
(382, 6),
(382, 8),
(382, 17),
(382, 3),
(382, 16),
(382, 9);
CREATE MEMORY TABLE PUBLIC.DELEGATIONS(
ID BIGINT NOT NULL,
CREATED_AT TIMESTAMP NOT NULL,
UPDATED_AT TIMESTAMP NOT NULL,
REQUESTED_DELEGATION_AT TIMESTAMP,
TRANSITIVE BOOLEAN NOT NULL,
AREA_ID BIGINT NOT NULL,
FROM_USER_ID BIGINT NOT NULL,
REQUESTED_DELEGATION_FROM_CHECKSUM_CHECKSUM VARCHAR(255),
TO_PROXY_ID BIGINT NOT NULL
);
ALTER TABLE PUBLIC.DELEGATIONS ADD CONSTRAINT PUBLIC.CONSTRAINT_8 PRIMARY KEY(ID);
-- 9 +/- SELECT COUNT(*) FROM PUBLIC.DELEGATIONS;
INSERT INTO PUBLIC.DELEGATIONS(ID, CREATED_AT, UPDATED_AT, REQUESTED_DELEGATION_AT, TRANSITIVE, AREA_ID, FROM_USER_ID, REQUESTED_DELEGATION_FROM_CHECKSUM_CHECKSUM, TO_PROXY_ID) VALUES
(227, TIMESTAMP '2019-07-29 20:51:15.048', TIMESTAMP '2019-07-29 20:51:15.048', NULL, TRUE, 21, 2, NULL, 1),
(228, TIMESTAMP '2019-07-29 20:51:16.24', TIMESTAMP '2019-07-29 20:51:16.24', NULL, TRUE, 21, 3, NULL, 1),
(229, TIMESTAMP '2019-07-29 20:51:16.959', TIMESTAMP '2019-07-29 20:51:16.959', NULL, TRUE, 21, 4, NULL, 1),
(230, TIMESTAMP '2019-07-29 20:51:17.433', TIMESTAMP '2019-07-29 20:51:17.433', TIMESTAMP '2019-07-29 20:51:17.433', TRUE, 21, 5, '$2a$10$1IdrGrRAN2Wp3U7QI.JIzuaW/fGb8Z2mJgsKxYwe5.NrtAFNxSQVS', 2),
(231, TIMESTAMP '2019-07-29 20:51:18.152', TIMESTAMP '2019-07-29 20:51:18.152', NULL, TRUE, 21, 6, NULL, 3),
(232, TIMESTAMP '2019-07-29 20:51:18.965', TIMESTAMP '2019-07-29 20:51:18.965', NULL, TRUE, 21, 7, NULL, 4),
(233, TIMESTAMP '2019-07-29 20:51:19.933', TIMESTAMP '2019-07-29 20:51:19.933', NULL, TRUE, 21, 10, NULL, 7),
(234, TIMESTAMP '2019-07-29 20:51:20.668', TIMESTAMP '2019-07-29 20:51:20.668', NULL, TRUE, 21, 11, NULL, 7),
(235, TIMESTAMP '2019-07-29 20:51:21.559', TIMESTAMP '2019-07-29 20:51:21.559', NULL, FALSE, 21, 12, NULL, 7);
CREATE MEMORY TABLE PUBLIC.KEY_VALUE(
ID BIGINT NOT NULL,
KEY_COL VARCHAR(255) NOT NULL,
VALUE_COL VARCHAR(255)
);
ALTER TABLE PUBLIC.KEY_VALUE ADD CONSTRAINT PUBLIC.CONSTRAINT_7 PRIMARY KEY(ID);
-- 3 +/- SELECT COUNT(*) FROM PUBLIC.KEY_VALUE;
INSERT INTO PUBLIC.KEY_VALUE(ID, KEY_COL, VALUE_COL) VALUES
(32, 'liquido.supporters.for.proposal', '10'),
(244, 'liquido.days.until.voting.starts', '14'),
(245, 'liquido.duration.of.voting.phase', '14');
CREATE MEMORY TABLE PUBLIC.LAWS(
ID BIGINT NOT NULL,
CREATED_AT TIMESTAMP NOT NULL,
UPDATED_AT TIMESTAMP NOT NULL,
DESCRIPTION VARCHAR(1000) NOT NULL,
REACHED_QUORUM_AT TIMESTAMP,
STATUS INTEGER NOT NULL,
TITLE VARCHAR(255) NOT NULL,
AREA_ID BIGINT NOT NULL,
CREATED_BY_ID BIGINT,
POLL_ID BIGINT
);
ALTER TABLE PUBLIC.LAWS ADD CONSTRAINT PUBLIC.CONSTRAINT_23 PRIMARY KEY(ID);
-- 188 +/- SELECT COUNT(*) FROM PUBLIC.LAWS;
INSERT INTO PUBLIC.LAWS(ID, CREATED_AT, UPDATED_AT, DESCRIPTION, REACHED_QUORUM_AT, STATUS, TITLE, AREA_ID, CREATED_BY_ID, POLL_ID) VALUES
(31, TIMESTAMP '2019-07-28 20:51:12.099', TIMESTAMP '2019-07-29 20:51:12.099', '9k6nYaFl Lorem ipsum dolor sit amet, consectetur adipiscing elit, sed do eiusmod tempor incididunt ut labore et dolore magna aliqua. Ut enim ad minim veniam, quis nostrud exercitation ullamco laboris nisi ut aliquip ex ea commodo consequat. Duis aute irure dolor in reprehenderit in voluptate velit esse cillum dolo', NULL, 0, 'Idea 0 title from TestFixtures', 21, 13, NULL),
(33, TIMESTAMP '2019-07-27 20:51:12.115', TIMESTAMP '2019-07-28 20:51:12.115', 'd3bNXulY Lorem ipsum dolor sit amet, consectetur adipiscing elit, sed do eiusmod tempor incididunt ut labore et dolore magna aliqua. Ut enim ad', NULL, 0, 'Idea 1 that suggest that we definitely need a longer title for ideas', 22, 12, NULL),
(34, TIMESTAMP '2019-07-26 20:51:12.115', TIMESTAMP '2019-07-27 20:51:12.115', '8WDeSEAu Lorem ipsum dolo', NULL, 0, 'Idea 2 that suggest that we definitely need a longer title for ideas', 23, 7, NULL),
(35, TIMESTAMP '2019-07-25 20:51:12.146', TIMESTAMP '2019-07-26 20:51:12.146', 'BhPX2ZZL Lorem ipsum dolor sit ', NULL, 0, 'Idea 3 that suggest that we definitely need a longer title for ideas', 24, 19, NULL),
(36, TIMESTAMP '2019-07-24 20:51:12.162', TIMESTAMP '2019-07-25 20:51:12.162', 'sw0FrRzD Lorem ipsum dolor sit amet, consectetur adipiscing elit, sed do eiusmod tempor incidi', NULL, 0, 'Idea 4 that suggest that we definitely need a longer title for ideas', 25, 15, NULL),
(37, TIMESTAMP '2019-07-23 20:51:12.178', TIMESTAMP '2019-07-24 20:51:12.178', '5cQNoTbY Lorem ip', NULL, 0, 'Idea 5 that suggest that we definitely need a longer title for ideas', 26, 9, NULL),
(38, TIMESTAMP '2019-07-22 20:51:12.178', TIMESTAMP '2019-07-23 20:51:12.178', 'vny57mpy Lorem ipsum dolor sit amet, consectetur adipiscing elit, sed do eiusmod tempor incididunt ut ', NULL, 0, 'Idea 6 that suggest that we definitely need a longer title for ideas', 27, 5, NULL),
(39, TIMESTAMP '2019-07-21 20:51:12.193', TIMESTAMP '2019-07-22 20:51:12.193', 'vrMWPweq Lorem ipsum dolor sit a', NULL, 0, 'Idea 7 that suggest that we definitely need a longer title for ideas', 28, 17, NULL),
(40, TIMESTAMP '2019-07-20 20:51:12.24', TIMESTAMP '2019-07-21 20:51:12.24', 'RAtxYlU9 Lorem ipsum dolor sit amet, consectetur adipiscing elit, sed do eiusmod tempor incididunt ut labore et dolore magna aliqua. Ut enim ad minim veniam, quis nostrud exercitation ullamco laboris nisi ut aliquip ex ea c', NULL, 0, 'Idea 8 that suggest that we definitely need a longer title for ideas', 29, 12, NULL),
(41, TIMESTAMP '2019-07-19 20:51:12.256', TIMESTAMP '2019-07-20 20:51:12.256', 'RH9G2eoK Lorem ipsum dolor sit amet, consectetur adipiscing elit, sed do eiusmod tempor incididunt ut labore et dolore magna aliqua. Ut enim ad minim veniam, quis nostrud exercitation ullamco laboris nisi ut aliquip ex ea commodo consequat. Duis aute i', NULL, 0, 'Idea 9 that suggest that we definitely need a longer title for ideas', 30, 2, NULL),
(42, TIMESTAMP '2019-07-18 20:51:12.256', TIMESTAMP '2019-07-19 20:51:12.256', 'YSSHDVCo Lorem ipsum dolor sit amet, c', NULL, 0, 'Idea 10 that suggest that we definitely need a longer title for ideas', 21, 14, NULL),
(43, TIMESTAMP '2019-07-17 20:51:12.256', TIMESTAMP '2019-07-18 20:51:12.256', 'ty8zWsfN Lorem ipsum dolor sit amet, consectetur adipiscing elit, sed do eiusmod tempor incididunt ut labore et dolore magna aliqua. Ut enim ad minim venia', NULL, 0, 'Idea 11 that suggest that we definitely need a longer title for ideas', 22, 1, NULL),
(44, TIMESTAMP '2019-07-16 20:51:12.271', TIMESTAMP '2019-07-17 20:51:12.271', 'ncuNKMDz Lorem ipsum dolor sit amet, consectetur adipiscing elit, sed do eiusmod tempor incididunt ut labore et dolore magna aliqua. Ut enim ad minim veniam, quis nostrud exercitation ullamco laboris nisi ut aliquip ex ea co', NULL, 0, 'Idea 12 that suggest that we definitely need a longer title for ideas', 23, 18, NULL),
(45, TIMESTAMP '2019-07-15 20:51:12.271', TIMESTAMP '2019-07-16 20:51:12.271', 'cGoX8tXM Lorem ipsum dolor sit amet, consectetur adipiscing elit, sed do eiusmod tempor incididunt ut labore et dolore magna aliqua. Ut enim ad minim veniam, quis nostrud exercitation ullamco laboris nisi ut aliquip ex ea commodo consequat. Duis aute irure dolor in reprehenderit in voluptate velit esse cillum dolore eu fugiat nulla pariatur. Excepteur sint occaecat cupidatat non', NULL, 0, 'Idea 13 that suggest that we definitely need a longer title for ideas', 24, 4, NULL);
INSERT INTO PUBLIC.LAWS(ID, CREATED_AT, UPDATED_AT, DESCRIPTION, REACHED_QUORUM_AT, STATUS, TITLE, AREA_ID, CREATED_BY_ID, POLL_ID) VALUES
(46, TIMESTAMP '2019-07-14 20:51:12.303', TIMESTAMP '2019-07-15 20:51:12.303', 'V7UDhMws Lorem ipsum dolor sit amet, consectetur adipiscing elit, sed do eiusmod tempor incididunt ut labore et dolore magna aliqua. Ut enim ad minim veniam, quis nostrud exercitation ullamco laboris nisi ut aliquip ex ea commodo consequat. Duis aute irure dolor in reprehenderit in v', NULL, 0, 'Idea 14 that suggest that we definitely need a longer title for ideas', 25, 9, NULL),
(47, TIMESTAMP '2019-07-13 20:51:12.318', TIMESTAMP '2019-07-14 20:51:12.318', 'alKVqx5P Lorem ipsum dolor sit amet, consectetur adipiscing elit, sed do eiusmod tempor incididunt ut labore et dolore magna aliqua. Ut enim ad minim veniam, quis nostrud exercitation ullamco laboris nisi ut aliqui', NULL, 0, 'Idea 15 that suggest that we definitely need a longer title for ideas', 26, 11, NULL),
(48, TIMESTAMP '2019-07-12 20:51:12.318', TIMESTAMP '2019-07-13 20:51:12.318', 'Q3DztXSn Lorem ipsum dolor sit amet, consectetur adipiscing elit, sed do ei', NULL, 0, 'Idea 16 that suggest that we definitely need a longer title for ideas', 27, 20, NULL),
(49, TIMESTAMP '2019-07-11 20:51:12.318', TIMESTAMP '2019-07-12 20:51:12.318', 'XFyl7AEF Lorem ipsum dolor sit amet, consectetur adipiscing elit, sed do eiusmod tempor incididunt ut labore et dolore magna aliqua. Ut enim ad minim veniam, quis nostrud exercitation ullamco laboris nisi ut aliquip ex ea commodo consequat. Duis aute irure dolor in reprehenderit in voluptate velit esse cillum dolore eu fugiat nulla pariatur. Ex', NULL, 0, 'Idea 17 that suggest that we definitely need a longer title for ideas', 28, 1, NULL),
(50, TIMESTAMP '2019-07-10 20:51:12.318', TIMESTAMP '2019-07-11 20:51:12.318', 'StoKc8UH Lorem ipsum dolor sit amet, consectetur adipiscing elit, sed do eiusmod tempor incididunt ut labore et dolore magna aliqua. Ut enim ad minim veniam, quis nostrud exercitation ullamco laboris nisi ut aliquip ex ea commodo consequat. Duis aute irure dolor in reprehenderit in voluptate velit esse cillum dolore eu fugiat nulla pariatur', NULL, 0, 'Idea 18 that suggest that we definitely need a longer title for ideas', 29, 17, NULL),
(51, TIMESTAMP '2019-07-09 20:51:12.318', TIMESTAMP '2019-07-10 20:51:12.318', 'W6Fz0GS2 Lorem ipsum dolor sit amet, consectetur adipiscing elit, sed do eiusmod tempor incididunt ut labore et dolore magna aliqua. Ut enim ad minim veniam, quis nostrud exercitation ullamco labor', NULL, 0, 'Idea 19 that suggest that we definitely need a longer title for ideas', 30, 9, NULL),
(52, TIMESTAMP '2019-07-08 20:51:12.318', TIMESTAMP '2019-07-09 20:51:12.318', 'VndlNObo Lorem ipsum dolor sit amet, consectetur adipiscing elit, sed do eiusmod temp', NULL, 0, 'Idea 20 that suggest that we definitely need a longer title for ideas', 21, 5, NULL),
(53, TIMESTAMP '2019-07-07 20:51:12.334', TIMESTAMP '2019-07-08 20:51:12.334', 'rhqbPFa6 Lorem ipsum dolor sit amet, consectetur adipiscing elit, sed do eiusmod tempor incididunt ut labore et dolore magna aliqua. Ut enim ad minim veniam, quis nostrud exercitation ullamco laboris nisi ut aliquip ex ea commodo consequat. Duis aute irure dolor in reprehenderit in volupt', NULL, 0, 'Idea 21 that suggest that we definitely need a longer title for ideas', 22, 12, NULL),
(54, TIMESTAMP '2019-07-06 20:51:12.334', TIMESTAMP '2019-07-07 20:51:12.334', 'xoqBb9Zm Lorem ipsum dolor sit amet, consectetur adipiscing elit, sed do eiusmod tempor incididunt ut labore et dolore magna aliqua. Ut enim ad minim veniam, quis nostrud exercitation ullamco laboris nisi ut aliquip ex ea commodo consequat. Duis aute irure dolor in reprehenderit', NULL, 0, 'Idea 22 that suggest that we definitely need a longer title for ideas', 23, 5, NULL),
(55, TIMESTAMP '2019-07-05 20:51:12.35', TIMESTAMP '2019-07-06 20:51:12.35', 'mQGXf88c Lorem ipsum dolor sit amet, consectetur adi', NULL, 0, 'Idea 23 that suggest that we definitely need a longer title for ideas', 24, 5, NULL),
(56, TIMESTAMP '2019-07-04 20:51:12.381', TIMESTAMP '2019-07-05 20:51:12.381', 'tSYYAn8T Lorem ipsum dolor sit amet, consectetur adipiscing elit, sed do eiusmod tempor incididunt ut labore et dolore magna aliqua. Ut enim ad minim veniam, quis nostrud exercitation ullamco laboris nisi ut aliquip ex ea commodo consequat. Duis aute irure dolor in reprehenderit in voluptate velit esse cillum dolore eu fugiat nulla pariatur. ', NULL, 0, 'Idea 24 that suggest that we definitely need a longer title for ideas', 25, 3, NULL);
INSERT INTO PUBLIC.LAWS(ID, CREATED_AT, UPDATED_AT, DESCRIPTION, REACHED_QUORUM_AT, STATUS, TITLE, AREA_ID, CREATED_BY_ID, POLL_ID) VALUES
(57, TIMESTAMP '2019-07-03 20:51:12.381', TIMESTAMP '2019-07-04 20:51:12.428', 'Ec0lKfSv Lorem ipsum dolor sit amet, consectetur adipiscing elit, sed do eiusmod tempor incididunt ut labore et dolore magna aliqua. Ut enim ad minim veniam, quis nos', NULL, 0, 'Idea 25 that suggest that we definitely need a longer title for ideas', 26, 6, NULL),
(58, TIMESTAMP '2019-07-02 20:51:12.475', TIMESTAMP '2019-07-03 20:51:12.475', 'ZdBfVWRg Lorem ipsum dolor sit amet, consectetur adipiscing elit, sed do eiusmod tempor incididunt ut labore et dolore magna aliqua. Ut enim ad minim veniam, quis nostrud exercitation ullamco laboris nisi ', NULL, 0, 'Idea 26 that suggest that we definitely need a longer title for ideas', 27, 14, NULL),
(59, TIMESTAMP '2019-07-01 20:51:12.49', TIMESTAMP '2019-07-02 20:51:12.49', 'tp5Da87D Lorem ipsum dolor sit amet, consectetur adipiscing elit, sed do eiusmod tempor incididunt ut labore et dolore magna aliqua. Ut enim ad minim veniam, quis nostrud exercitation ullamco laboris nisi ut aliquip ex ea commodo consequat. Duis aute irure dolor in ', NULL, 0, 'Idea 27 that suggest that we definitely need a longer title for ideas', 28, 1, NULL),
(60, TIMESTAMP '2019-06-30 20:51:12.49', TIMESTAMP '2019-07-01 20:51:12.49', 'k80HgdbX Lorem ipsum dolor sit amet, consectetur adipiscing elit, sed do eiusmod tempor incididunt ut labore et dolore magna aliqua. Ut enim ad minim veniam, quis nostrud exercitation ullamco laboris nisi ut aliquip ex ea commodo consequat. Duis aute irure dolor in reprehenderit in voluptate velit esse cillum dolore eu fugiat nulla pariatur. Excepteur sint occaecat cupidat', NULL, 0, 'Idea 28 that suggest that we definitely need a longer title for ideas', 29, 14, NULL),
(61, TIMESTAMP '2019-06-29 20:51:12.506', TIMESTAMP '2019-06-30 20:51:12.506', 'GxvqXMzD Lorem ip', NULL, 0, 'Idea 29 that suggest that we definitely need a longer title for ideas', 30, 1, NULL),
(62, TIMESTAMP '2019-06-28 20:51:12.506', TIMESTAMP '2019-06-29 20:51:12.506', 'hgbuFdvN Lorem ipsum dolor sit amet, consectetur adipiscing elit, sed do eiusmod tempor incididunt ut labore et dolore magna aliqua. Ut enim ad minim veniam, quis nostrud exercitation ullamco laboris nisi ut aliquip ex ea commodo consequat. Duis aute irure dolor in reprehender', NULL, 0, 'Idea 30 that suggest that we definitely need a longer title for ideas', 21, 3, NULL),
(63, TIMESTAMP '2019-06-27 20:51:12.521', TIMESTAMP '2019-06-28 20:51:12.521', 'OpPamZCy Lorem ipsum dolor sit amet, consectetur adipiscing elit, sed do eiusmod tempor incididunt ut labore et dolore magna aliqua. Ut enim ad mi', NULL, 0, 'Idea 31 that suggest that we definitely need a longer title for ideas', 22, 16, NULL),
(64, TIMESTAMP '2019-06-26 20:51:12.568', TIMESTAMP '2019-06-27 20:51:12.568', 'a5uqW86n Lorem ipsum dolor sit amet, consectetur adipiscing elit, sed do eiusmod tempor incididunt ut labore et dolore magna aliqua. Ut enim ad minim veniam, quis nostrud exercitation ullamco laboris nisi ut aliquip ex ea commodo consequat. Duis aute irure dolor in reprehende', NULL, 0, 'Idea 32 that suggest that we definitely need a longer title for ideas', 23, 4, NULL),
(65, TIMESTAMP '2019-06-25 20:51:12.584', TIMESTAMP '2019-06-26 20:51:12.584', 'xrP82eeO Lorem ipsum dolor sit amet, conse', NULL, 0, 'Idea 33 that suggest that we definitely need a longer title for ideas', 24, 18, NULL),
(66, TIMESTAMP '2019-06-24 20:51:12.6', TIMESTAMP '2019-06-25 20:51:12.6', 'l0KdMb3U Lorem ipsum dolor sit amet, consectetur adipiscing elit, sed do eiusmod tempor incididunt ut labore et dolore magna aliqua', NULL, 0, 'Idea 34 that suggest that we definitely need a longer title for ideas', 25, 1, NULL),
(67, TIMESTAMP '2019-06-23 20:51:12.6', TIMESTAMP '2019-06-24 20:51:12.6', 'nPRtgObG Lorem ipsum dolor sit amet, consectetur adipiscing el', NULL, 0, 'Idea 35 that suggest that we definitely need a longer title for ideas', 26, 14, NULL),
(68, TIMESTAMP '2019-06-22 20:51:12.6', TIMESTAMP '2019-06-23 20:51:12.6', 'cmQYCFXa Lorem ipsum dolor sit amet, consectetur adipiscing elit, sed do eiusmod tempor incididunt ut labore et dolore magna aliqua. Ut enim ad minim veniam, quis nostrud exercitation ullamco laboris nisi ut aliquip ex ea commodo consequat. Duis aute irure dolor in reprehender', NULL, 0, 'Idea 36 that suggest that we definitely need a longer title for ideas', 27, 16, NULL);
INSERT INTO PUBLIC.LAWS(ID, CREATED_AT, UPDATED_AT, DESCRIPTION, REACHED_QUORUM_AT, STATUS, TITLE, AREA_ID, CREATED_BY_ID, POLL_ID) VALUES
(69, TIMESTAMP '2019-06-21 20:51:12.6', TIMESTAMP '2019-06-22 20:51:12.6', '7NGQS3rN Lorem ipsum dolor sit amet, consectetur adipiscing elit, sed do eiusmod tempor incididunt ut labore et dolore magna aliqua. Ut enim ad minim veniam, quis nostrud exercitation ullamco laboris nisi ut aliquip ex ea commodo consequat. Duis aute irure dolor in reprehenderit in voluptate velit esse cillum dolore eu fugiat nul', NULL, 0, 'Idea 37 that suggest that we definitely need a longer title for ideas', 28, 18, NULL),
(70, TIMESTAMP '2019-06-20 20:51:12.6', TIMESTAMP '2019-06-21 20:51:12.6', 'rZxtqD4c Lorem ipsum dolor sit amet, consectetur adipiscing elit, sed do eiusmod tempor incididunt ut labore et dolore magna aliqua. Ut enim ad minim veniam, quis nostrud exercitation ullamco laboris nisi ut aliquip ex ea commodo consequat. Duis ', NULL, 0, 'Idea 38 that suggest that we definitely need a longer title for ideas', 29, 9, NULL),
(71, TIMESTAMP '2019-06-19 20:51:12.631', TIMESTAMP '2019-06-20 20:51:12.631', 'HYf8p9Ub Lorem ipsum dolor sit amet, consectetur adipiscing elit, sed do eiusmod tempor incididunt ut labore et dolore magna aliqua. Ut enim ad minim veniam, quis nostrud exercitation ullamco laboris nisi ut aliquip ex ea commodo consequat. Duis aute irure dolor in reprehenderit in voluptate velit esse cillum dolore eu fugiat nulla pariatur. Excepteur sint occaecat c', NULL, 0, 'Idea 39 that suggest that we definitely need a longer title for ideas', 30, 11, NULL),
(72, TIMESTAMP '2019-06-18 20:51:12.725', TIMESTAMP '2019-06-19 20:51:12.725', 'MycEBsCx Lorem ipsum dolor sit amet, consectetur adipiscing elit, sed do eiusmod tempor incididunt ut labore et dolore magna aliqua. Ut enim ad minim veniam, quis nostrud exercitation ullamco laboris nisi', NULL, 0, 'Idea 40 that suggest that we definitely need a longer title for ideas', 21, 16, NULL),
(73, TIMESTAMP '2019-06-17 20:51:12.725', TIMESTAMP '2019-06-18 20:51:12.725', 't0okkxSr Lorem ipsum dolor sit amet, consectetur adipiscing elit, sed do eiusmod tempor incididunt ut labore et dolore magna aliqua. Ut enim ad minim veniam, quis nostrud exercitation ullamco laboris nisi ut aliquip ex ea commodo consequat. Duis aute irure dolor in reprehenderit in voluptate velit esse cillum dolore eu fugiat nulla pariatur. ', NULL, 0, 'Idea 41 that suggest that we definitely need a longer title for ideas', 22, 9, NULL),
(74, TIMESTAMP '2019-06-16 20:51:12.834', TIMESTAMP '2019-06-17 20:51:12.834', 'CZ4E4cH8 Lorem ipsum dolor sit amet, consectetur adipiscing elit, sed do eiusmod tempor incididunt ut labore et dolore magna aliqua. Ut enim ad minim veniam, quis nostrud exercitation ullamco laboris nisi ut aliquip ex ea commodo consequat. Duis aute irure dolor in reprehenderit in voluptate velit esse cillum dolore eu fugiat nulla pariatur. Excepteur sint occaecat c', NULL, 0, 'Idea 42 that suggest that we definitely need a longer title for ideas', 23, 9, NULL),
(75, TIMESTAMP '2019-06-15 20:51:12.85', TIMESTAMP '2019-06-16 20:51:12.85', 'ZEpeb6an Lorem ipsum dolor sit amet, consectetur adipiscing elit, sed do eiusmod tempor incididunt ut labore et ', NULL, 0, 'Idea 43 that suggest that we definitely need a longer title for ideas', 24, 1, NULL),
(76, TIMESTAMP '2019-06-14 20:51:12.85', TIMESTAMP '2019-06-15 20:51:12.85', '30kAcZtO Lorem ipsum dolor sit', NULL, 0, 'Idea 44 that suggest that we definitely need a longer title for ideas', 25, 9, NULL),
(77, TIMESTAMP '2019-06-13 20:51:12.865', TIMESTAMP '2019-06-14 20:51:12.865', 'rluSarWX Lorem ipsum dolor sit amet, consectetur adipiscing elit, sed do eiusmod tempor incididunt ut labore et dolore magna aliqua. Ut enim ad minim veniam, quis nostrud exercitation ullamco laboris nisi ut aliquip ex ea commodo', NULL, 0, 'Idea 45 that suggest that we definitely need a longer title for ideas', 26, 19, NULL),
(78, TIMESTAMP '2019-06-12 20:51:12.865', TIMESTAMP '2019-06-13 20:51:12.865', 'tkpGYlut Lorem ipsum dolor sit amet, consectetur adipiscing elit, sed do eius', NULL, 0, 'Idea 46 that suggest that we definitely need a longer title for ideas', 27, 14, NULL);
INSERT INTO PUBLIC.LAWS(ID, CREATED_AT, UPDATED_AT, DESCRIPTION, REACHED_QUORUM_AT, STATUS, TITLE, AREA_ID, CREATED_BY_ID, POLL_ID) VALUES
(79, TIMESTAMP '2019-06-11 20:51:12.865', TIMESTAMP '2019-06-12 20:51:12.865', 'lu8SMNz4 Lorem', NULL, 0, 'Idea 47 that suggest that we definitely need a longer title for ideas', 28, 3, NULL),
(80, TIMESTAMP '2019-06-10 20:51:12.865', TIMESTAMP '2019-06-11 20:51:12.865', 'TlEw7Kws Lorem ipsum dolor sit amet, consectetur adipiscing elit, sed do eiusmod tempor incididunt ut labore et dolore magna aliqua. Ut enim ad minim veniam, quis nostrud exercitation ullamco laboris nisi ut aliquip ex ea commodo consequat. Duis aute irure dolor in reprehenderit in voluptate velit esse cillum dolore eu fugiat nulla pariatur. Excepteur sint occaecat cup', NULL, 0, 'Idea 48 that suggest that we definitely need a longer title for ideas', 29, 12, NULL),
(81, TIMESTAMP '2019-06-09 20:51:12.865', TIMESTAMP '2019-06-10 20:51:12.865', 'Tm5e93Rh Lorem ipsum dolor sit amet, consectetur adipiscing elit, sed do eiusmod tempor incididunt ut labore et dolore magna aliqua. Ut enim ad minim veniam, quis nostrud exercitation ullamco laboris nisi ut aliquip ex ea', NULL, 0, 'Idea 49 that suggest that we definitely need a longer title for ideas', 30, 2, NULL),
(82, TIMESTAMP '2019-06-08 20:51:12.865', TIMESTAMP '2019-06-09 20:51:12.865', 'OzuVKQUy Lorem ipsum dolor sit amet, consectetur adipiscing elit, sed do eiusmod tempor incididunt ut labore et dolore magna aliqua. Ut enim ad minim veniam, quis nostrud exercitation ullamco laboris nisi ut aliquip ex ea commodo consequat. Duis aute irure dolor in reprehenderit in voluptate velit esse cillum dolore eu fugiat nulla paria', NULL, 0, 'Idea 50 that suggest that we definitely need a longer title for ideas', 21, 4, NULL),
(83, TIMESTAMP '2019-06-07 20:51:12.865', TIMESTAMP '2019-06-08 20:51:12.865', 'YNPbPQkx Lorem ipsum dolor sit amet, consectetur adipiscing elit, sed do eiusmod tempor incididunt ut labore et dolore magna aliqua. Ut enim ad minim veniam, quis nostrud exercitation ullamco laboris nisi ut aliquip ex ea commodo consequat. Duis aute irure dolor in ', NULL, 0, 'Idea 51 that suggest that we definitely need a longer title for ideas', 22, 10, NULL),
(84, TIMESTAMP '2019-06-06 20:51:12.881', TIMESTAMP '2019-06-07 20:51:12.881', '4Ax0BQLt Lorem ipsum dolor sit amet,', NULL, 0, 'Idea 52 that suggest that we definitely need a longer title for ideas', 23, 10, NULL),
(85, TIMESTAMP '2019-06-05 20:51:12.881', TIMESTAMP '2019-06-06 20:51:12.881', '2tpSPbDs Lorem ipsum dolor sit amet, consectetur adipiscing elit, sed do eiusmod tempor incididunt ut labore et dolore magna aliqua. Ut enim ad minim veniam, quis nostrud exercitation ullamco laboris nisi ut aliquip ex ea commodo consequat. Duis aute irure dolor in reprehenderit in voluptate velit esse cillum dolore eu fu', NULL, 0, 'Idea 53 that suggest that we definitely need a longer title for ideas', 24, 20, NULL),
(86, TIMESTAMP '2019-06-04 20:51:12.881', TIMESTAMP '2019-06-05 20:51:12.881', '9lYWvkaf Lorem ipsum dolor sit amet, consectetur adipiscing elit, sed do eiusmod tempor incididunt ut labore et dolore magna aliqua. Ut enim ad minim veniam, quis nostrud exercitation ullamco laboris nisi ut aliquip ex ea commodo consequat. Duis aute irure dolor in reprehenderit in voluptate velit esse cillum dolore eu fugiat nulla pariatur. Excepteur sint occaecat cupidatat non ', NULL, 0, 'Idea 54 that suggest that we definitely need a longer title for ideas', 25, 8, NULL),
(87, TIMESTAMP '2019-06-03 20:51:12.881', TIMESTAMP '2019-06-04 20:51:12.881', 'gVWEKUyB Lorem ipsum dolor sit amet, consectetur adipiscing elit, sed do eiusmod tempor incididunt ut labore et dolore magna aliqua. Ut enim ad minim veniam, quis nostrud exercitation ullamco laboris nisi ut aliquip ex ea commodo consequat. Duis aute irure dolor in reprehenderit in voluptate velit esse cillum dolore eu fugiat nulla pariatur. Except', NULL, 0, 'Idea 55 that suggest that we definitely need a longer title for ideas', 26, 18, NULL),
(88, TIMESTAMP '2019-06-02 20:51:12.896', TIMESTAMP '2019-06-03 20:51:12.896', 'RWRXQCeL Lorem ipsum dolor sit amet, consectetur adipiscing elit, sed do eiusmod tempor incididunt ut labore et dolore magna aliqua. Ut enim ad minim veniam, quis nostrud exercitation ullamco laboris nisi ut aliquip ex ea commodo consequat. Duis aute irure dolor in ', NULL, 0, 'Idea 56 that suggest that we definitely need a longer title for ideas', 27, 4, NULL);
INSERT INTO PUBLIC.LAWS(ID, CREATED_AT, UPDATED_AT, DESCRIPTION, REACHED_QUORUM_AT, STATUS, TITLE, AREA_ID, CREATED_BY_ID, POLL_ID) VALUES
(89, TIMESTAMP '2019-06-01 20:51:12.896', TIMESTAMP '2019-06-02 20:51:12.896', 'cnV7GDmS Lorem ipsum dolor sit amet, consectetur adipiscing elit, sed do eiusmod tempor incididunt ut labore et', NULL, 0, 'Idea 57 that suggest that we definitely need a longer title for ideas', 28, 7, NULL),
(90, TIMESTAMP '2019-05-31 20:51:12.896', TIMESTAMP '2019-06-01 20:51:12.896', 'qQWSYcsk Lorem ipsum dolor sit amet, consectetur adip', NULL, 0, 'Idea 58 that suggest that we definitely need a longer title for ideas', 29, 16, NULL),
(91, TIMESTAMP '2019-05-30 20:51:12.896', TIMESTAMP '2019-05-31 20:51:12.896', 'v4nhFNvC Lorem ipsum dolor sit amet, consectetur adipiscing elit, sed do eiusmod tempor incididunt ut labore et dolore magna aliqua. Ut enim ad minim veniam, quis nostrud exercitation ullamco laboris nisi ut aliquip ex ea commodo consequat. Duis aute irure dolor in reprehenderit in voluptate velit esse cillum dolore eu fugiat nulla', NULL, 0, 'Idea 59 that suggest that we definitely need a longer title for ideas', 30, 1, NULL),
(92, TIMESTAMP '2019-05-29 20:51:12.912', TIMESTAMP '2019-05-30 20:51:12.912', 'BBW4m7eC Lorem ipsum dolor sit amet, consectetur adipiscing elit, sed do eiusmod tempor incididunt ut labore et dolore magna aliqua. Ut enim ad minim veniam, quis nostrud exercitation ullamco laboris nisi ut aliquip ex ea commodo consequat. Duis aute', NULL, 0, 'Idea 60 that suggest that we definitely need a longer title for ideas', 21, 11, NULL),
(93, TIMESTAMP '2019-05-28 20:51:12.912', TIMESTAMP '2019-05-29 20:51:12.912', 'UYnOumEh Lorem ipsum dolor si', NULL, 0, 'Idea 61 that suggest that we definitely need a longer title for ideas', 22, 15, NULL),
(94, TIMESTAMP '2019-05-27 20:51:12.912', TIMESTAMP '2019-05-28 20:51:12.912', 'zvHRRWgQ Lorem ipsum dolor sit amet, consectetur adipiscing elit, sed do eiusmod tempor incididunt ut labore et dolore magna aliqua. Ut enim ad minim veniam, quis nostrud exercitation ullamco laboris nisi ut aliquip ex ea commodo consequat. Duis aute irure dolor in repr', NULL, 0, 'Idea 62 that suggest that we definitely need a longer title for ideas', 23, 5, NULL),
(95, TIMESTAMP '2019-05-26 20:51:12.912', TIMESTAMP '2019-05-27 20:51:12.912', '45qsrK3N Lorem ipsum dolor sit amet, consectetur adipiscing elit, sed do eiusmod ', NULL, 0, 'Idea 63 that suggest that we definitely need a longer title for ideas', 24, 13, NULL),
(96, TIMESTAMP '2019-05-25 20:51:12.928', TIMESTAMP '2019-05-26 20:51:12.928', 'vhSOduul Lorem ipsum dolor sit amet, consectetur adipiscing elit, sed do eiusmod tempor incididunt ut labore et dolore magna aliqua. Ut enim ad minim veniam, quis nostrud exercitation ullamco laboris nisi ut aliquip ex ea commodo consequat. Duis aute irure dolor in reprehenderi', NULL, 0, 'Idea 64 that suggest that we definitely need a longer title for ideas', 25, 5, NULL),
(97, TIMESTAMP '2019-05-24 20:51:12.928', TIMESTAMP '2019-05-25 20:51:12.928', 'AvauVwbn Lorem ipsum dolor sit amet, consectetur adipiscing elit, sed do eiusmod tempor incididunt ut labore et dolore magna aliqua. Ut enim ad minim veniam, quis nostrud exercitation ullamco laboris nisi ut aliquip ex ea commodo consequat. Duis aute irure dolor in reprehenderit in voluptate velit esse cillum dolore', NULL, 0, 'Idea 65 that suggest that we definitely need a longer title for ideas', 26, 11, NULL),
(98, TIMESTAMP '2019-05-23 20:51:12.928', TIMESTAMP '2019-05-24 20:51:12.928', 'XMphCxyd Lorem ipsum dolor sit amet, consectetur adipiscing elit, sed do eiusmod tempor incididunt ut labore et dolore magna aliqua. Ut enim ad minim veniam, quis nost', NULL, 0, 'Idea 66 that suggest that we definitely need a longer title for ideas', 27, 15, NULL),
(99, TIMESTAMP '2019-05-22 20:51:12.928', TIMESTAMP '2019-05-23 20:51:12.928', '6Fvt89un Lorem ipsum dolor sit amet, consectetur adipiscing elit, sed do eiusmod tempor incididunt ut labore et dolore magna aliqua. Ut enim ad minim veniam, quis nostrud exercitation ullamco laboris nisi ut aliquip ex ea commodo consequat. Duis aute irure dolor in reprehenderit in voluptate velit esse cillum ', NULL, 0, 'Idea 67 that suggest that we definitely need a longer title for ideas', 28, 7, NULL);
INSERT INTO PUBLIC.LAWS(ID, CREATED_AT, UPDATED_AT, DESCRIPTION, REACHED_QUORUM_AT, STATUS, TITLE, AREA_ID, CREATED_BY_ID, POLL_ID) VALUES
(100, TIMESTAMP '2019-05-21 20:51:12.943', TIMESTAMP '2019-05-22 20:51:12.943', '0Nx3MCs0 Lorem ipsum dolor sit amet, consectetur adipiscing elit, sed d', NULL, 0, 'Idea 68 that suggest that we definitely need a longer title for ideas', 29, 3, NULL),
(101, TIMESTAMP '2019-05-20 20:51:12.943', TIMESTAMP '2019-05-21 20:51:12.943', '3dURzMmA Lorem ipsum dolor sit amet, consectetur adipiscing elit, sed do eiusmod tempor incididunt ut labore et dolore magna aliqua. Ut enim ad minim veniam, quis nostrud exercitation ullamco laboris nisi ut aliquip ex ea commodo consequat. Duis aute irure dolor in reprehenderit in voluptate velit e', NULL, 0, 'Idea 69 that suggest that we definitely need a longer title for ideas', 30, 11, NULL),
(102, TIMESTAMP '2019-05-19 20:51:12.943', TIMESTAMP '2019-05-20 20:51:12.943', '36NqpH7t Lorem ipsum dolor sit amet, consectetur adipiscing elit, sed do eiusmod tempor incididunt ut labore et dolore magna aliqua. Ut enim ad minim veniam, quis nostrud exercitation ullamco laboris nisi ut aliquip ex ea commodo consequat. Duis aute irure dolor in reprehenderit in voluptate velit esse cillum dolore eu fugiat nulla pariatur. Excepteur sint ', NULL, 0, 'Idea 70 that suggest that we definitely need a longer title for ideas', 21, 11, NULL),
(103, TIMESTAMP '2019-05-18 20:51:13.021', TIMESTAMP '2019-05-19 20:51:13.021', 'EBuFEFlh Lorem ipsum dolor sit amet, consectetur adipiscing elit, sed do eiusmod tempor incididunt ut labore et dolore magna aliqua. Ut enim ad minim veniam, quis nostrud exercitation ullamco laboris nisi ut aliquip ex ea commodo consequat. ', NULL, 0, 'Idea 71 that suggest that we definitely need a longer title for ideas', 22, 5, NULL),
(104, TIMESTAMP '2019-05-17 20:51:13.021', TIMESTAMP '2019-05-18 20:51:13.021', 'AGspWdPe Lorem ipsum dolor sit amet, consectetur adipiscing elit, sed do eiusmod tempor incididunt ut labore et dolore magna aliqua. Ut enim ad minim veniam, quis nostrud exercitation ullamco laboris nisi ut aliquip ex ea commodo consequat', NULL, 0, 'Idea 72 that suggest that we definitely need a longer title for ideas', 23, 10, NULL),
(105, TIMESTAMP '2019-05-16 20:51:13.021', TIMESTAMP '2019-05-17 20:51:13.021', 'hf2rO602 Lorem ipsum dolor sit amet, consectetur adipiscing elit, sed do eiusmod tempor incididunt ut labore et dolore magna aliqua. Ut enim ad minim veniam, quis nostrud exercitation ullamco laboris nisi ut aliq', NULL, 0, 'Idea 73 that suggest that we definitely need a longer title for ideas', 24, 11, NULL),
(106, TIMESTAMP '2019-05-15 20:51:13.037', TIMESTAMP '2019-05-16 20:51:13.037', 'eqxfebzA Lorem ipsum dolor sit amet, consectetur adipiscing elit, sed do eiusmod tempor i', NULL, 0, 'Idea 74 that suggest that we definitely need a longer title for ideas', 25, 7, NULL),
(107, TIMESTAMP '2019-05-14 20:51:13.037', TIMESTAMP '2019-05-15 20:51:13.037', 'F6ZCcAZy Lorem ipsum dolor sit amet, consectetur adipiscing elit, sed do eiusmod tempor incididunt ut labore et dolore magna ali', NULL, 0, 'Idea 75 that suggest that we definitely need a longer title for ideas', 26, 9, NULL),
(108, TIMESTAMP '2019-05-13 20:51:13.053', TIMESTAMP '2019-05-14 20:51:13.053', 'bUkagGx4 Lorem ipsum dolor sit amet, consectetur adipiscing elit, sed do eiusmod tempor incididunt ut labore et dolore magna aliqua. Ut enim ad minim veniam, quis nostrud exercitation ullamco laboris nisi ut aliquip ex ea comm', NULL, 0, 'Idea 76 that suggest that we definitely need a longer title for ideas', 27, 8, NULL),
(109, TIMESTAMP '2019-05-12 20:51:13.068', TIMESTAMP '2019-05-13 20:51:13.068', 'fweydBWk Lorem ipsum dolor sit amet, consectetur adipiscing elit, sed do eiusmod tempor inci', NULL, 0, 'Idea 77 that suggest that we definitely need a longer title for ideas', 28, 14, NULL),
(110, TIMESTAMP '2019-05-11 20:51:13.068', TIMESTAMP '2019-05-12 20:51:13.068', 'KAu7DXzR Lorem ipsum dolor sit am', NULL, 0, 'Idea 78 that suggest that we definitely need a longer title for ideas', 29, 4, NULL);
INSERT INTO PUBLIC.LAWS(ID, CREATED_AT, UPDATED_AT, DESCRIPTION, REACHED_QUORUM_AT, STATUS, TITLE, AREA_ID, CREATED_BY_ID, POLL_ID) VALUES
(111, TIMESTAMP '2019-05-10 20:51:13.087', TIMESTAMP '2019-05-11 20:51:13.087', '3727240M Lorem ipsum dolor sit amet, consectetur adipiscing elit, sed do eiusmod tempor incididunt ut labore et dolore magna aliqua. Ut enim ad minim veniam, quis nostrud exercitation ullamco laboris nisi ut aliquip ex ea commodo consequat. Du', NULL, 0, 'Idea 79 that suggest that we definitely need a longer title for ideas', 30, 7, NULL),
(112, TIMESTAMP '2019-05-09 20:51:13.09', TIMESTAMP '2019-05-10 20:51:13.09', 'K60S7Pdt Lorem ipsum dolor sit amet, consectetur adipiscing elit, sed do eiusmod tempor incididunt ut labore et dolore magna aliqua. Ut enim ad minim veniam, quis nostrud exercitation ullamco laboris nisi ut aliquip ex ea commodo consequat. Duis aute irure dolor in reprehenderit in voluptate velit esse cillum dolore eu fugiat nul', NULL, 0, 'Idea 80 that suggest that we definitely need a longer title for ideas', 21, 20, NULL),
(113, TIMESTAMP '2019-05-08 20:51:13.091', TIMESTAMP '2019-05-09 20:51:13.091', 'QH4rCeUK Lorem ipsum dolor sit amet, consectetur adipiscing elit, sed do eiusmod tempo', NULL, 0, 'Idea 81 that suggest that we definitely need a longer title for ideas', 22, 9, NULL),
(114, TIMESTAMP '2019-05-07 20:51:13.092', TIMESTAMP '2019-05-08 20:51:13.092', 'pGMBG3UW Lorem ipsum dolor sit amet, consectetur adipiscing elit, sed do eiusmod tempor incididunt ut labore et dolore magna ali', NULL, 0, 'Idea 82 that suggest that we definitely need a longer title for ideas', 23, 17, NULL),
(115, TIMESTAMP '2019-05-06 20:51:13.095', TIMESTAMP '2019-05-07 20:51:13.095', '5cMDVDGc Lorem ipsum dolor sit amet, consectetur adipiscing elit, sed do eiusmod tempor incididunt ut labore et dolore magna aliqua. Ut enim ad minim veniam, quis nostrud exercitation', NULL, 0, 'Idea 83 that suggest that we definitely need a longer title for ideas', 24, 8, NULL),
(116, TIMESTAMP '2019-05-05 20:51:13.095', TIMESTAMP '2019-05-06 20:51:13.095', 'Vt9v6Mk2 Lorem ipsum dolor sit amet, consectetur adipiscing elit, sed do eiusmod tempor incididunt ut labore et dolore magna aliqua. Ut enim ad minim veniam, quis nostrud exercitation ullamco laboris nisi ut aliquip ex ea commodo consequat. Duis aute irure dolor in reprehenderit in voluptate velit esse cillum dolore eu fugiat nulla pariatur. Excepteur sint occaecat cupi', NULL, 0, 'Idea 84 that suggest that we definitely need a longer title for ideas', 25, 7, NULL),
(117, TIMESTAMP '2019-05-04 20:51:13.095', TIMESTAMP '2019-05-05 20:51:13.095', '4YHAAOLY Lorem ipsum dolo', NULL, 0, 'Idea 85 that suggest that we definitely need a longer title for ideas', 26, 17, NULL),
(118, TIMESTAMP '2019-05-03 20:51:13.111', TIMESTAMP '2019-05-04 20:51:13.111', 'C96UvZm4 Lorem ipsum dolor sit amet, consectetur adipiscing elit, sed do eiusmod tempor incididunt ut labore et dolore magna aliqua. Ut enim ad minim veniam, quis nostrud exercitation ullamco laboris nisi ut aliquip ex ea commodo consequat. Duis aute irure dolor in reprehenderit in voluptate velit esse cillum dolore eu fugiat nu', NULL, 0, 'Idea 86 that suggest that we definitely need a longer title for ideas', 27, 18, NULL),
(119, TIMESTAMP '2019-05-02 20:51:13.111', TIMESTAMP '2019-05-03 20:51:13.111', 'P3Tm39QE Lorem ipsum dolor sit amet, consectetur adipiscing elit, sed do eiusmod tempor incididunt ut labore et dolore magna aliqua. Ut enim ad minim veniam, quis nostrud exercitation ullamco laboris nisi ut aliquip ex ea commo', NULL, 0, 'Idea 87 that suggest that we definitely need a longer title for ideas', 28, 9, NULL),
(120, TIMESTAMP '2019-05-01 20:51:13.111', TIMESTAMP '2019-05-02 20:51:13.111', '9dDTSf7X Lorem ipsum dolor sit amet, consectetur adipiscing elit, sed do eiusmod tempor incididunt ut labore et dolore magna aliqua. Ut enim ad minim veniam, quis nostrud exercitation', NULL, 0, 'Idea 88 that suggest that we definitely need a longer title for ideas', 29, 10, NULL),
(121, TIMESTAMP '2019-04-30 20:51:13.111', TIMESTAMP '2019-05-01 20:51:13.111', 'DlFBfSqh Lorem ipsum dolor sit amet, consectetur adi', NULL, 0, 'Idea 89 that suggest that we definitely need a longer title for ideas', 30, 13, NULL);
INSERT INTO PUBLIC.LAWS(ID, CREATED_AT, UPDATED_AT, DESCRIPTION, REACHED_QUORUM_AT, STATUS, TITLE, AREA_ID, CREATED_BY_ID, POLL_ID) VALUES
(122, TIMESTAMP '2019-04-29 20:51:13.126', TIMESTAMP '2019-04-30 20:51:13.126', 'POoUg3gA Lorem ipsum dolor sit amet, consectetur adipiscing elit', NULL, 0, 'Idea 90 that suggest that we definitely need a longer title for ideas', 21, 4, NULL),
(123, TIMESTAMP '2019-04-28 20:51:13.126', TIMESTAMP '2019-04-29 20:51:13.126', 'Vy7XBSDD Lorem ipsum dolor sit amet, consectetur adipis', NULL, 0, 'Idea 91 that suggest that we definitely need a longer title for ideas', 22, 4, NULL),
(124, TIMESTAMP '2019-04-27 20:51:13.142', TIMESTAMP '2019-04-28 20:51:13.142', '6MMr3qNy Lorem ipsum dolor sit amet, consectetur adipiscing elit, sed do eiusmod tempor incididunt ut labore et dolore magna aliqua. Ut enim ad minim veniam, quis nostrud exercitation ullamco laboris nisi ut aliquip ex ea commodo consequat. Duis aute irure dolor in reprehenderit in voluptate velit esse cillum dolore eu fugiat nulla pariatur. Excepteur sint occaecat cupidatat ', NULL, 0, 'Idea 92 that suggest that we definitely need a longer title for ideas', 23, 12, NULL),
(125, TIMESTAMP '2019-04-26 20:51:13.142', TIMESTAMP '2019-04-27 20:51:13.142', 'PzOHtM86 Lorem ipsum dolor sit amet, consectetur adipiscing elit, sed do eiusmod tempor incididunt ut labore et dolore magna aliqua. Ut enim ad minim veniam, quis nostrud exercitation ullamco laboris nisi ut aliqui', NULL, 0, 'Idea 93 that suggest that we definitely need a longer title for ideas', 24, 5, NULL),
(126, TIMESTAMP '2019-04-25 20:51:13.157', TIMESTAMP '2019-04-26 20:51:13.157', 'L4YM5nt2 Lorem ipsum dolor sit amet, consectetur adipiscing elit', NULL, 0, 'Idea 94 that suggest that we definitely need a longer title for ideas', 25, 3, NULL),
(127, TIMESTAMP '2019-04-24 20:51:13.157', TIMESTAMP '2019-04-25 20:51:13.157', '7xFuFcO7 Lorem ipsum dolor sit amet, consectetur adipiscin', NULL, 0, 'Idea 95 that suggest that we definitely need a longer title for ideas', 26, 2, NULL),
(128, TIMESTAMP '2019-04-23 20:51:13.157', TIMESTAMP '2019-04-24 20:51:13.157', 'zOzBadpD Lorem ipsum dolor sit amet, consectetur adipiscing elit, sed do eiusmod tempor incididunt ut labore et', NULL, 0, 'Idea 96 that suggest that we definitely need a longer title for ideas', 27, 13, NULL),
(129, TIMESTAMP '2019-04-22 20:51:13.157', TIMESTAMP '2019-04-23 20:51:13.157', 'nOLeGrfH Lorem ipsum dolor sit amet, consectetur adipiscing elit, sed do eiusmod tempor incididunt ut labore et dolore magna aliqua. Ut enim ad minim veniam, quis nostrud exercitation ullamco laboris nisi ut aliquip ex ea commodo consequat. Duis aute irure dolor in reprehenderit in voluptate velit esse cillum dolore eu fugiat nulla pariatur. Excepteur si', NULL, 0, 'Idea 97 that suggest that we definitely need a longer title for ideas', 28, 17, NULL),
(130, TIMESTAMP '2019-04-21 20:51:13.173', TIMESTAMP '2019-04-22 20:51:13.173', 'h5smvpXA Lorem ipsum dolor sit amet, consectetur adipiscing elit, sed do eiusmod tempor incididunt ut labore et dolore magna aliqua. Ut enim ad minim veniam, quis nostrud exercitation ullamco laboris nisi ut aliquip ex ea commodo consequat. Duis aute irure dolor in reprehenderit in voluptate velit esse cillum dolore eu', NULL, 0, 'Idea 98 that suggest that we definitely need a longer title for ideas', 29, 4, NULL),
(131, TIMESTAMP '2019-04-20 20:51:13.173', TIMESTAMP '2019-04-21 20:51:13.173', 'o73GqUsb Lorem ipsum dolor sit amet, consectetur adipis', NULL, 0, 'Idea 99 that suggest that we definitely need a longer title for ideas', 30, 11, NULL),
(132, TIMESTAMP '2019-04-19 20:51:13.173', TIMESTAMP '2019-04-20 20:51:13.173', 'YtKyexev Lorem ipsum dolor sit amet, consectetur adipiscing elit, sed do eiusmod tempor incididunt ut labore et dolore magna aliqua. Ut enim ad minim veniam, quis nostrud exercitation ullamco laboris nisi ut aliquip ex ea commodo consequat. Duis aute irure dolor in reprehenderit in voluptate velit esse cillum dolore eu fugiat nulla pariatur. Excepteur sint occaecat c', NULL, 0, 'Idea 100 that suggest that we definitely need a longer title for ideas', 21, 7, NULL);
INSERT INTO PUBLIC.LAWS(ID, CREATED_AT, UPDATED_AT, DESCRIPTION, REACHED_QUORUM_AT, STATUS, TITLE, AREA_ID, CREATED_BY_ID, POLL_ID) VALUES
(133, TIMESTAMP '2019-04-18 20:51:13.204', TIMESTAMP '2019-04-19 20:51:13.204', 'ncOSeHKn Lorem ipsum dolor sit amet, consectetur adipiscing elit, sed do eiusmod tempor incididunt ut labore et dolore magna aliqua. Ut enim ad minim veniam, quis nostrud exercitation ullamco laboris nisi ut aliquip ex ea commodo consequat. Duis aute irure dolor in reprehenderit in voluptate velit esse cillum dolore eu fugiat nulla pariatur. Excepteur sint occaecat ', NULL, 0, 'Idea 101 that suggest that we definitely need a longer title for ideas', 22, 15, NULL),
(134, TIMESTAMP '2019-04-17 20:51:13.204', TIMESTAMP '2019-04-18 20:51:13.204', '8DO2Hnrm Lorem ips', NULL, 0, 'Idea 102 that suggest that we definitely need a longer title for ideas', 23, 7, NULL),
(135, TIMESTAMP '2019-04-16 20:51:13.204', TIMESTAMP '2019-04-17 20:51:13.204', 'gFYDtzFH Lorem ipsum dolor sit amet, consectetur adipiscing elit, sed do eiusmod tempor incididunt ut labore et dolore magna aliqua. Ut enim ad minim veniam, quis nostrud ', NULL, 0, 'Idea 103 that suggest that we definitely need a longer title for ideas', 24, 2, NULL),
(136, TIMESTAMP '2019-04-15 20:51:13.204', TIMESTAMP '2019-04-16 20:51:13.204', 'MqrYnQWt Lorem ipsum dolor sit amet, consectetur adipiscing elit, sed do eiusmod tempor incididunt ut labore et dolore magna aliqua. Ut enim ad minim veniam, quis nostrud exercitation ullamco laboris nisi ut aliquip ex ea commodo consequat. Duis aute irure dolor in reprehenderit in voluptate velit esse cillum dolore eu fugiat nulla pariatur. Excepteur sint occaecat cupidatat non proi', NULL, 0, 'Idea 104 that suggest that we definitely need a longer title for ideas', 25, 16, NULL),
(137, TIMESTAMP '2019-04-14 20:51:13.236', TIMESTAMP '2019-04-15 20:51:13.236', 'yH960D6Z Lorem ipsum dolor sit amet, consectetur adipiscing elit, sed do eiusmod tempor incididunt ut labore et dolore magna aliqua. Ut enim ad minim veniam, quis nostrud exercitation ullamco laboris nisi ut aliquip ex ea commodo consequat. Duis aute irure dolor in reprehenderit in voluptate velit', NULL, 0, 'Idea 105 that suggest that we definitely need a longer title for ideas', 26, 20, NULL),
(138, TIMESTAMP '2019-04-13 20:51:13.236', TIMESTAMP '2019-04-14 20:51:13.236', 'ku0tnhDX Lorem ipsum dolor sit amet, consectetur adipiscing elit, sed do eiusmod tempor incididunt ut labore et dolore magna aliqua. Ut enim ad minim veniam, quis nostrud exercitation ullamco laboris nisi ut aliquip ex ea commodo consequat. Duis aute irure dolor in reprehenderit in voluptate velit esse cillum dolore eu fugiat nulla pariatur. Ex', NULL, 0, 'Idea 106 that suggest that we definitely need a longer title for ideas', 27, 13, NULL),
(139, TIMESTAMP '2019-04-12 20:51:13.236', TIMESTAMP '2019-04-13 20:51:13.236', '9wmZvU2N Lorem ipsum dolor sit amet, consectetur adipiscing elit, sed do eiusmod tempor incididunt ut labore et dolore magna aliqua. Ut enim ad minim veniam, quis nostrud exercitation ullamco laboris nisi ut aliquip ex ea commodo consequat. Duis aute irure dolor in reprehenderit in voluptate', NULL, 0, 'Idea 107 that suggest that we definitely need a longer title for ideas', 28, 3, NULL),
(140, TIMESTAMP '2019-04-11 20:51:13.236', TIMESTAMP '2019-04-12 20:51:13.236', 'AGhROeV8 Lorem ipsum dolor sit amet, consectetur adipisc', NULL, 0, 'Idea 108 that suggest that we definitely need a longer title for ideas', 29, 18, NULL),
(141, TIMESTAMP '2019-04-10 20:51:13.251', TIMESTAMP '2019-04-11 20:51:13.251', 'SvVGctSh Lorem ipsum dolor sit amet, consectetur adipiscing elit, sed do eiusmod tempor incididunt ut labore et dolore magna aliqua. Ut enim ad minim veniam, quis nostrud exercitation ullamco laboris nisi ut aliquip ex ea commodo consequat. Duis aute iru', NULL, 0, 'Idea 109 that suggest that we definitely need a longer title for ideas', 30, 20, NULL),
(142, TIMESTAMP '2019-04-09 20:51:13.251', TIMESTAMP '2019-04-10 20:51:13.251', 'lQ99epsz Lorem ipsum dolor sit amet, consectetur adipiscing elit, sed do eiusmod tempor incididunt ut labore et dolore magna aliqua. Ut enim ad minim veniam, quis nostrud exercita', NULL, 0, 'Idea 110 that suggest that we definitely need a longer title for ideas', 21, 7, NULL);
INSERT INTO PUBLIC.LAWS(ID, CREATED_AT, UPDATED_AT, DESCRIPTION, REACHED_QUORUM_AT, STATUS, TITLE, AREA_ID, CREATED_BY_ID, POLL_ID) VALUES
(143, TIMESTAMP '2019-07-28 20:51:13.251', TIMESTAMP '2019-07-29 20:51:13.251', 'C5TG62be Lorem ipsum dolor sit amet, consectetur', TIMESTAMP '2019-07-29 20:51:13.251', 1, 'Proposal 0 that reached its quorum', 27, 6, NULL),
(144, TIMESTAMP '2019-07-23 20:51:13.314', TIMESTAMP '2019-07-24 20:51:13.314', '0UKo7tvr Lorem ipsum dolor sit amet, consectetur adipiscing elit, sed do eiusmod tempor incididunt ut labore et dolore magna aliqua. Ut enim ad minim veniam, quis nostru', TIMESTAMP '2019-07-28 20:51:13.298', 1, 'Proposal 1 that reached its quorum', 22, 9, NULL),
(145, TIMESTAMP '2019-07-27 20:51:13.314', TIMESTAMP '2019-07-28 20:51:13.314', 'ZZxDGVD3 L', TIMESTAMP '2019-07-28 20:51:13.314', 1, 'Proposal 2 that reached its quorum', 30, 4, NULL),
(146, TIMESTAMP '2019-07-23 20:51:13.314', TIMESTAMP '2019-07-24 20:51:13.314', '79sAtHlm Lorem ipsum dolor sit amet, consectetur adipiscing elit, sed do eiusmod tempor incididunt ut labore et dolore magna aliqua. Ut enim ad minim veniam, quis nostrud exercitation ullamco laboris nisi ut aliquip ex ea commodo consequat. Duis aute irure dolor in reprehen', TIMESTAMP '2019-07-27 20:51:13.314', 1, 'Proposal 3 that reached its quorum', 25, 16, NULL),
(147, TIMESTAMP '2019-07-28 20:51:13.329', TIMESTAMP '2019-07-29 20:51:13.329', 'ZNdAYoo7 Lorem ipsum dolor sit amet, consectetur adipiscing elit, sed do eiusmod tempor incididunt ut labore et dolore magna aliqua. Ut enim ad minim veniam, quis nostrud exercitation ullamco laboris nisi ut aliquip ex ea commodo consequat. Duis aute irure dolor in reprehenderit in voluptate velit esse cillum dolore eu fugiat nulla pariatur. Exc', TIMESTAMP '2019-07-29 20:51:13.329', 1, 'Proposal 4 that reached its quorum', 25, 3, NULL),
(148, TIMESTAMP '2019-07-29 20:51:13.361', TIMESTAMP '2019-07-29 20:51:13.361', 'VBX24wr8 Lorem ipsum dolor sit amet, consectetur adipiscing elit, sed do eiusmod tempor incididunt ut labore et dolore magna aliqua. Ut enim ad minim veniam, quis nostrud exercitation ullamco laboris nisi ut aliquip ex ', TIMESTAMP '2019-07-29 20:51:13.329', 1, 'Proposal 5 that reached its quorum', 24, 18, NULL),
(149, TIMESTAMP '2019-07-21 20:51:13.361', TIMESTAMP '2019-07-22 20:51:13.361', 'f0DahqNy Lorem ipsum dolor sit amet, consectetur adipiscing elit, sed do eiusmod ', TIMESTAMP '2019-07-28 20:51:13.361', 1, 'Proposal 6 that reached its quorum', 23, 7, NULL),
(150, TIMESTAMP '2019-07-22 20:51:13.361', TIMESTAMP '2019-07-23 20:51:13.361', 'WzmwwEfu Lorem ipsum dolor sit amet, consectetur adipiscing elit, sed do eiusmod tempor incididunt ut labore et dolore magna aliqua. Ut enim ad minim veniam, quis nostrud exercitation ullamco laboris nisi ut aliquip ex ea commodo consequat. Duis aute irure dolor in reprehenderit in voluptate velit esse cillum dolore eu fugiat nulla pariatur. Excepte', TIMESTAMP '2019-07-24 20:51:13.361', 1, 'Proposal 7 that reached its quorum', 22, 9, NULL),
(151, TIMESTAMP '2019-07-21 20:51:13.376', TIMESTAMP '2019-07-22 20:51:13.376', '7UYyETQT Lorem ipsum dolor sit amet, consectetur adipiscing elit, sed do eiusmod tempor incididunt ut labore et dolore magna aliqua. Ut enim ad minim veniam, quis nostrud exercitation ullamco laboris nisi ut aliquip ex ea commodo consequat. Duis aute irure dolor in reprehenderit in voluptate velit esse cillum dolore eu fugiat nulla pariatur. Excepteur sint occaecat cupidatat', TIMESTAMP '2019-07-22 20:51:13.376', 1, 'Proposal 8 that reached its quorum', 25, 14, NULL),
(152, TIMESTAMP '2019-07-29 20:51:13.376', TIMESTAMP '2019-07-29 20:51:13.376', 'zkV5hpLG Lorem ipsum dolor sit amet, consectetur adipiscing elit, sed do eiusmod tempor incididunt ut labore et dolore magna aliqua. Ut enim ad minim veniam, quis nostrud exercitation ullamco laboris nisi ut aliquip ex ea commodo consequat. Duis aute irure dolor in reprehenderi', TIMESTAMP '2019-07-29 20:51:13.376', 1, 'Proposal 9 that reached its quorum', 24, 15, NULL),
(153, TIMESTAMP '2019-07-29 20:51:13.392', TIMESTAMP '2019-07-29 20:51:13.392', 'nDcOX8CR Lorem ipsum dolor sit a', TIMESTAMP '2019-07-29 20:51:13.392', 1, 'Proposal 10 that reached its quorum', 27, 4, NULL);
INSERT INTO PUBLIC.LAWS(ID, CREATED_AT, UPDATED_AT, DESCRIPTION, REACHED_QUORUM_AT, STATUS, TITLE, AREA_ID, CREATED_BY_ID, POLL_ID) VALUES
(154, TIMESTAMP '2019-07-21 20:51:13.392', TIMESTAMP '2019-07-22 20:51:13.392', 'r4lvzrwb Lorem ipsum dolor sit amet, con', TIMESTAMP '2019-07-23 20:51:13.392', 1, 'Proposal 11 that reached its quorum', 25, 12, NULL),
(155, TIMESTAMP '2019-07-26 20:51:13.407', TIMESTAMP '2019-07-27 20:51:13.407', 'StmFUHNL Lorem ipsum dolor sit amet, consectetur adipiscing elit, sed do eiusmod tempor incididunt ut lab', TIMESTAMP '2019-07-28 20:51:13.407', 1, 'Proposal 12 that reached its quorum', 25, 19, NULL),
(156, TIMESTAMP '2019-07-24 20:51:13.407', TIMESTAMP '2019-07-25 20:51:13.407', 'cVBobLEU Lorem ipsum dolor sit amet, consectetur adipiscing elit, sed do eiusmod tempor incididunt ut labore et dolore magna aliqua. Ut enim ad minim veniam, quis nostrud exercitation ullamco laboris nisi ut aliquip ex ea commodo consequat. Dui', TIMESTAMP '2019-07-26 20:51:13.407', 1, 'Proposal 13 that reached its quorum', 27, 20, NULL),
(157, TIMESTAMP '2019-07-21 20:51:13.423', TIMESTAMP '2019-07-22 20:51:13.423', 'UruN5CQ8 Lorem ipsum dolor sit amet, consectetur', TIMESTAMP '2019-07-25 20:51:13.423', 1, 'Proposal 14 that reached its quorum', 30, 2, NULL),
(158, TIMESTAMP '2019-07-28 20:51:13.423', TIMESTAMP '2019-07-29 20:51:13.423', 'FAEDAPCY Lorem ipsum dolor sit amet, consectetur adipiscing elit, sed do eiusmod tempor incididunt ut labore et dolore magna aliqua. Ut enim ad mi', TIMESTAMP '2019-07-29 20:51:13.423', 1, 'Proposal 15 that reached its quorum', 24, 4, NULL),
(159, TIMESTAMP '2019-07-26 20:51:13.439', TIMESTAMP '2019-07-27 20:51:13.439', '25KBuV7k Lorem ipsum dolor sit amet, consectetur adipiscing elit, sed do eiusmod tempor incididunt ut labore et dolore magna aliqua. Ut enim ad minim veniam, quis nostrud exercitation ullamco l', TIMESTAMP '2019-07-27 20:51:13.439', 1, 'Proposal 16 that reached its quorum', 26, 11, NULL),
(160, TIMESTAMP '2019-07-23 20:51:13.454', TIMESTAMP '2019-07-24 20:51:13.454', '8SalxaxR Lorem ipsum dolor sit amet, consectetur adipiscing elit, sed do eiusmod tempor incididunt ut labore et dolore magna aliqua. Ut enim ad minim veniam, quis nostrud exercitation ullamco lab', TIMESTAMP '2019-07-27 20:51:13.454', 1, 'Proposal 17 that reached its quorum', 23, 18, NULL),
(161, TIMESTAMP '2019-07-22 20:51:13.486', TIMESTAMP '2019-07-23 20:51:13.486', 'M53HOxd8 Lorem ipsum dolor sit amet, consectetur adipiscing elit, sed do eiusmod tempor incididunt ut labore et dolore magna aliqua. Ut enim ad minim veniam, quis nostrud exercitation ullamco laboris nisi ut aliquip ex ea commodo consequat. Duis aute irure dolor in reprehenderit in voluptate velit esse cillum dolore eu fugiat nulla pariatur. Excepteur sin', TIMESTAMP '2019-07-26 20:51:13.486', 1, 'Proposal 18 that reached its quorum', 25, 3, NULL),
(162, TIMESTAMP '2019-07-26 20:51:13.517', TIMESTAMP '2019-07-27 20:51:13.517', 'uXbeYFRf Lorem ipsum dolor sit amet, consectetur adipiscing elit, sed do eiusmod tempor incididunt ut labore et dolore magna aliqua. Ut enim ad minim veniam, quis nostrud exercitation ullamco laboris nisi ut aliquip ex ea commodo consequat. Duis aute irure dolor in reprehenderit in voluptate velit esse cillum dolore eu fugiat nulla pariatur. Excepteur sint occaecat cu', TIMESTAMP '2019-07-28 20:51:13.517', 1, 'Proposal 19 that reached its quorum', 26, 10, NULL),
(163, TIMESTAMP '2019-07-24 20:51:13.533', TIMESTAMP '2019-07-25 20:51:13.533', 'YxRlTtr3 Lorem ipsum dolor sit amet, consectetur adipiscing elit, sed do eiusmod tempor incididunt ut labore et dolore magna aliqua. Ut enim ad minim veniam, quis nostrud exercitation ullamco laboris nisi ut aliquip ex ea commodo consequat. Duis aute irure dolor in reprehenderit in voluptate velit esse cillum dolore eu fugiat nulla pariatur. Excepteur sint occaecat cupidatat non proident, s', TIMESTAMP '2019-07-25 20:51:13.533', 1, 'Proposal 20 that reached its quorum', 30, 9, NULL),
(164, TIMESTAMP '2019-07-28 20:51:13.548', TIMESTAMP '2019-07-29 20:51:13.548', 'wQL7WaL4 Lorem ipsum dolor sit amet, consectetur adipiscing elit, sed do eiusmod tempor incididunt ut labore et dolore magna aliqua. Ut enim ad minim veniam, quis nostrud exercitation ullamco laboris nisi ut aliquip ex ea commodo consequat. Duis aute irure dolor in reprehenderit in voluptate velit esse cillum dolore eu fugiat nulla pariatur. E', TIMESTAMP '2019-07-29 20:51:13.548', 1, 'Proposal 21 that reached its quorum', 28, 17, NULL);
INSERT INTO PUBLIC.LAWS(ID, CREATED_AT, UPDATED_AT, DESCRIPTION, REACHED_QUORUM_AT, STATUS, TITLE, AREA_ID, CREATED_BY_ID, POLL_ID) VALUES
(165, TIMESTAMP '2019-07-28 20:51:13.564', TIMESTAMP '2019-07-29 20:51:13.564', 'wKDR0yCR Lorem ipsum dolor sit amet, consectetur adipiscing elit, sed do eiusmod tempor incididunt ut labore et dolore magna aliqua. Ut enim ad minim veniam, quis nostrud exercitation ullamco laboris n', TIMESTAMP '2019-07-29 20:51:13.564', 1, 'Proposal 22 that reached its quorum', 25, 4, NULL),
(166, TIMESTAMP '2019-07-27 20:51:13.564', TIMESTAMP '2019-07-28 20:51:13.564', 'QSPOmlMP Lorem ipsum dolor sit amet, conse', TIMESTAMP '2019-07-28 20:51:13.564', 1, 'Proposal 23 that reached its quorum', 25, 4, NULL),
(167, TIMESTAMP '2019-07-27 20:51:13.595', TIMESTAMP '2019-07-28 20:51:13.595', '2eEbPAR4 Lorem ipsum dolor sit am', TIMESTAMP '2019-07-28 20:51:13.595', 1, 'Proposal 24 that reached its quorum', 24, 17, NULL),
(168, TIMESTAMP '2019-07-25 20:51:13.595', TIMESTAMP '2019-07-26 20:51:13.595', 'U7nOq8MR Lorem ipsum dolor sit amet, consectetur adipiscing elit, sed do eiusmod tempor incididunt ut labore et dolore magna aliqua. Ut enim ad ', TIMESTAMP '2019-07-27 20:51:13.595', 1, 'Proposal 25 that reached its quorum', 22, 18, NULL),
(169, TIMESTAMP '2019-07-25 20:51:13.642', TIMESTAMP '2019-07-26 20:51:13.642', 'g6sZLzHL Lorem ipsum dolor sit amet, consectetur adipiscing elit, sed do eiusmod tempor incididunt ut labore et dolore magna aliqua. Ut enim ad minim veniam, quis nostrud exercitation ullamco laboris nisi ut aliquip ex ea commodo consequat. Duis aute irure dolor in reprehenderit in voluptate velit esse cillum dolore eu fugiat nulla pariatur. Excepteur sint occaecat cupidatat non proident, sunt in culp', TIMESTAMP '2019-07-28 20:51:13.642', 1, 'Proposal 26 that reached its quorum', 28, 6, NULL),
(170, TIMESTAMP '2019-07-26 20:51:13.673', TIMESTAMP '2019-07-27 20:51:13.673', 'V8beSLnm Lorem ipsum dolor sit amet, consectetur adipiscing elit, sed do eiusmod tempor incididunt ut labore et dolore magna aliqua. Ut enim ad minim veniam, quis nostrud exercitation ullamco laboris nisi ut', TIMESTAMP '2019-07-29 20:51:13.673', 1, 'Proposal 27 that reached its quorum', 24, 1, NULL),
(171, TIMESTAMP '2019-07-25 20:51:13.689', TIMESTAMP '2019-07-26 20:51:13.689', '3LTelBMS Lorem ipsum dolor sit amet, consectetur adipiscing elit, sed do eiusmod tempor incididunt ut labore et dolore magna aliqua. Ut enim ad minim veniam, quis nostrud exercitation ullamco laboris nisi ut aliquip ex ea com', TIMESTAMP '2019-07-27 20:51:13.689', 1, 'Proposal 28 that reached its quorum', 29, 18, NULL),
(172, TIMESTAMP '2019-07-26 20:51:13.704', TIMESTAMP '2019-07-27 20:51:13.704', 'ukGnSrmY Lorem ipsum dolor sit amet, consectetur adipiscing elit, sed do eiusmod tempor incididunt ut labore et dolore magna aliqua. Ut enim ad minim veniam, quis nostrud exercitation ullamco laboris nisi ut aliquip ex ea commodo consequat. Duis aute irure dolor in repreh', TIMESTAMP '2019-07-29 20:51:13.704', 1, 'Proposal 29 that reached its quorum', 29, 7, NULL),
(173, TIMESTAMP '2019-07-26 20:51:13.704', TIMESTAMP '2019-07-27 20:51:13.704', 'aKFCUB5q Lorem ipsum dolor sit amet, consectetur adipiscing elit, sed do eiusmod tempor incididunt ut labore et dolore magna aliqua. Ut enim ad minim veniam, quis nostrud exercitation ullamco laboris nisi', TIMESTAMP '2019-07-27 20:51:13.704', 1, 'Proposal 30 that reached its quorum', 26, 12, NULL),
(174, TIMESTAMP '2019-07-21 20:51:13.704', TIMESTAMP '2019-07-22 20:51:13.704', 'EDquTW9v Lorem ipsum dolor sit amet, consectetur adipiscing elit, sed do eiusmod tempor incididunt ut labore et dolore magna aliqua. Ut enim ad minim veniam, quis nostrud exercitation ullamco laboris nisi ut aliquip ex ea commodo consequat. Duis aute irure dolor in reprehenderit in voluptate velit esse cillum dolore eu fugiat nulla pariatur. Excepteur sint occaecat cupidatat non proident,', TIMESTAMP '2019-07-27 20:51:13.704', 1, 'Proposal 31 that reached its quorum', 22, 13, NULL),
(175, TIMESTAMP '2019-07-26 20:51:13.736', TIMESTAMP '2019-07-27 20:51:13.736', 'WWRhXtuN Lorem ipsum dolor sit amet, consectetur adipiscing elit, sed do eiusmod tempor incididunt ut labore et dolore magna aliqua. Ut enim ad minim veniam, quis nostrud exercitation ullamco laboris nisi ut aliquip ex ea commodo consequat. Duis aute irure dolor in reprehenderit in voluptate velit esse cillum dolore eu fugiat nulla pariatur. Excepteur sint occ', TIMESTAMP '2019-07-27 20:51:13.736', 1, 'Proposal 32 that reached its quorum', 25, 3, NULL);
INSERT INTO PUBLIC.LAWS(ID, CREATED_AT, UPDATED_AT, DESCRIPTION, REACHED_QUORUM_AT, STATUS, TITLE, AREA_ID, CREATED_BY_ID, POLL_ID) VALUES
(176, TIMESTAMP '2019-07-22 20:51:13.736', TIMESTAMP '2019-07-23 20:51:13.736', 'qBL8VRDN Lorem ipsum dolor sit amet, consectetur adipiscing elit, sed do eiusmod tempor incididunt ut labore et dolore magna aliqua. Ut enim ad minim veniam, quis nostrud exercitation ullamco laboris nisi ut aliquip ex ea commodo consequat. Duis aute irure dolor in reprehenderit in voluptate velit esse cillum dolore eu fugiat nulla pariatur. Exc', TIMESTAMP '2019-07-26 20:51:13.736', 1, 'Proposal 33 that reached its quorum', 22, 20, NULL),
(177, TIMESTAMP '2019-07-28 20:51:13.736', TIMESTAMP '2019-07-29 20:51:13.751', 'DHOMaH0q Lorem ipsum dolor sit amet, consectetur adipiscing elit, sed do eiusmod tempor incididunt ut labore et dolo', TIMESTAMP '2019-07-29 20:51:13.736', 1, 'Proposal 34 that reached its quorum', 23, 11, NULL),
(178, TIMESTAMP '2019-07-29 20:51:13.751', TIMESTAMP '2019-07-29 20:51:13.751', 'AoHERpKx Lorem ipsum dolor sit amet, consectetur adipiscing elit, sed do eiusmod tempor incididunt ut labore et dolore magna aliqua. Ut enim ad minim veniam, quis nostrud exercitation ullamco laboris nisi ut aliquip ex ea commodo consequat. Duis aute irure dolor in reprehenderit in voluptate velit esse cillum dolore eu fugiat nulla pariatur. Excepteur sint occaecat cupidatat non proident, sunt in ', TIMESTAMP '2019-07-29 20:51:13.751', 1, 'Proposal 35 that reached its quorum', 30, 6, NULL),
(179, TIMESTAMP '2019-07-27 20:51:13.751', TIMESTAMP '2019-07-28 20:51:13.751', 'dcPTGDqb Lorem ipsum dolor sit', TIMESTAMP '2019-07-29 20:51:13.751', 1, 'Proposal 36 that reached its quorum', 25, 3, NULL),
(180, TIMESTAMP '2019-07-21 20:51:13.767', TIMESTAMP '2019-07-22 20:51:13.767', 'KKtE9ekT Lorem ipsum dolor sit amet, consectetur adipiscing elit, sed do eiusmod tempor incididunt ut labore et dolore magna aliqua. Ut enim ad minim veniam, quis', TIMESTAMP '2019-07-23 20:51:13.767', 1, 'Proposal 37 that reached its quorum', 22, 19, NULL),
(181, TIMESTAMP '2019-07-23 20:51:13.783', TIMESTAMP '2019-07-24 20:51:13.783', 'fWzLo8YO Lorem ipsum dolor sit amet, consectetur adipiscing elit, sed do eiusmod tempor incididunt ut labore et dolore magna aliqua. Ut enim ad minim veniam, quis nostrud exercitation ullamco laboris nisi ut aliquip ex ea commodo consequat. Duis aute irure dolor in reprehenderit in voluptate velit esse cillum dolore eu fugiat nulla pariatur. Excepteur sint occaecat cupidatat non proide', TIMESTAMP '2019-07-24 20:51:13.783', 1, 'Proposal 38 that reached its quorum', 24, 7, NULL),
(182, TIMESTAMP '2019-07-28 20:51:13.798', TIMESTAMP '2019-07-29 20:51:13.798', 'BdSuBZX3 Lore', TIMESTAMP '2019-07-29 20:51:13.798', 1, 'Proposal 39 that reached its quorum', 24, 7, NULL),
(183, TIMESTAMP '2019-07-24 20:51:13.829', TIMESTAMP '2019-07-25 20:51:13.829', '8mZo5tC3 Lorem ipsum dolor sit amet, consectetur adipiscing elit, sed do eiusmod tempor incididunt ut labore et dolore magna aliqua. Ut enim ad minim veniam, quis nostrud exercitation ullamco laboris nisi ut aliquip ex ea commodo consequat. Duis aute irure dolor in reprehenderit in voluptate velit esse cillum dolore eu fugiat nulla pariatur. Excepteur sint occaecat cupidatat non proident, sunt in culpa qu', TIMESTAMP '2019-07-27 20:51:13.829', 1, 'Proposal 40 that reached its quorum', 22, 19, NULL),
(184, TIMESTAMP '2019-07-22 20:51:13.845', TIMESTAMP '2019-07-23 20:51:13.845', 'tcDSQGEh Lorem ipsum dolor sit amet, consectetur adipiscing elit, sed do eiusmod tempor incididunt ut labore et dolore magna aliqua. Ut enim ad minim veniam, quis nostrud exercitation ullamco laboris nisi ut aliqu', TIMESTAMP '2019-07-27 20:51:13.845', 1, 'Proposal 41 that reached its quorum', 23, 16, NULL),
(185, TIMESTAMP '2019-07-23 20:51:13.861', TIMESTAMP '2019-07-24 20:51:13.861', 'zq2lyyck Lorem ipsum dolor sit amet, consectetur adipiscing elit, sed do eiusmod tempor incididunt ut labore et dolore magna aliqua. Ut enim ad minim veniam, quis nostrud exercitation ullamco laboris nisi ut aliquip ex ea commodo consequat. Duis aute irure dolor in reprehenderit in voluptate velit esse cillum dolore eu fugiat nulla pariatu', TIMESTAMP '2019-07-26 20:51:13.861', 1, 'Proposal 42 that reached its quorum', 24, 6, NULL);
INSERT INTO PUBLIC.LAWS(ID, CREATED_AT, UPDATED_AT, DESCRIPTION, REACHED_QUORUM_AT, STATUS, TITLE, AREA_ID, CREATED_BY_ID, POLL_ID) VALUES
(186, TIMESTAMP '2019-07-24 20:51:13.861', TIMESTAMP '2019-07-25 20:51:13.861', 'eZZkHBGU Lorem ipsum dolor sit amet, consectetur adipiscing elit, sed do eiusmod tempor incididunt ut labore et dolore magna aliqua. Ut enim ad minim veniam, quis nostrud exercitation ullamco laboris nisi ut aliquip ex ea commodo consequat. Duis aute irure dolor in reprehenderit in', TIMESTAMP '2019-07-25 20:51:13.861', 1, 'Proposal 43 that reached its quorum', 28, 10, NULL),
(187, TIMESTAMP '2019-07-20 20:51:13.892', TIMESTAMP '2019-07-21 20:51:13.892', 'vdRfTlw6 Lorem ipsum dolor sit amet, cons', TIMESTAMP '2019-07-28 20:51:13.892', 1, 'Proposal 44 that reached its quorum', 26, 14, NULL),
(188, TIMESTAMP '2019-07-25 20:51:13.892', TIMESTAMP '2019-07-26 20:51:13.892', 'OZ5SfkF4 Lorem ipsum dolor sit amet, consectetur adipiscing elit, sed do eiusmod tempor incididunt ut labore et dolore magna aliqua. Ut enim ad minim veniam, quis nostrud exercitation ullamco laboris nisi ut aliquip e', TIMESTAMP '2019-07-26 20:51:13.892', 1, 'Proposal 45 that reached its quorum', 23, 19, NULL),
(189, TIMESTAMP '2019-07-29 20:51:13.892', TIMESTAMP '2019-07-29 20:51:13.892', 'SrNMV85h Lorem ipsum dolor sit amet, co', TIMESTAMP '2019-07-29 20:51:13.892', 1, 'Proposal 46 that reached its quorum', 25, 2, NULL),
(190, TIMESTAMP '2019-07-23 20:51:13.908', TIMESTAMP '2019-07-24 20:51:13.908', 'fYngHUZp Lorem ipsum dolor sit amet, consectetur adipiscing elit, sed do eiusmod tempor incididunt ut labore et dolore magna aliqua. Ut enim ad ', TIMESTAMP '2019-07-26 20:51:13.908', 1, 'Proposal 47 that reached its quorum', 26, 3, NULL),
(191, TIMESTAMP '2019-07-26 20:51:13.908', TIMESTAMP '2019-07-27 20:51:13.908', 'Hc5X45dO Lorem ipsum dolor sit amet, consectetur adipiscing elit, sed do eiusmod tempor incididunt ut labore et dolore magna aliqua. Ut enim ad m', TIMESTAMP '2019-07-27 20:51:13.908', 1, 'Proposal 48 that reached its quorum', 25, 19, NULL),
(192, TIMESTAMP '2019-07-27 20:51:13.923', TIMESTAMP '2019-07-28 20:51:13.923', 'VzAXOgXL Lorem ipsum dolor sit amet, consectetur adipiscing elit, sed do eiusmod tempor incididunt ut labore et dolore magna aliqua. Ut enim ad minim veniam, quis nostrud exercitation ullamco laboris nisi ut aliquip ex ea commodo consequat. Duis aute irure d', TIMESTAMP '2019-07-28 20:51:13.923', 1, 'Proposal 49 that reached its quorum', 28, 5, NULL),
(193, TIMESTAMP '2019-07-26 20:51:13.923', TIMESTAMP '2019-07-27 20:51:13.923', 'Lorem ipsum dolor sit amet, consectetur adipiscing elit, sed do eiusmod tempor incididunt ut labore et dolore m', TIMESTAMP '2019-07-27 20:51:13.923', 1, 'Proposal 0 for user testuser1@liquido.de', 26, 1, NULL),
(200, TIMESTAMP '2019-07-25 20:51:13.954', TIMESTAMP '2019-07-26 20:51:13.954', 'Lorem ipsum dolor sit amet, consectetur adipiscing elit, sed do eiusmod tempor incididunt ut labore et dolore magna aliqua. Ut enim ad minim veniam, quis nostrud exercitation ullamco laboris nisi ut aliquip ex ea commodo consequat. Duis aute irure dolor in reprehenderit in voluptate velit esse cillum dolore eu fugiat nulla pariatur. Excepteur sint occaecat cupidatat non proident, sunt in culpa qu', TIMESTAMP '2019-07-26 20:51:13.954', 1, 'Proposal 1 for user testuser1@liquido.de', 26, 1, NULL),
(208, TIMESTAMP '2019-07-25 20:51:13.97', TIMESTAMP '2019-07-26 20:51:13.97', 'Lorem ipsum dolor sit amet, consectetur adipiscing elit, sed do eiusmod tempor incididunt ut labore et dolore magna aliqua. Ut enim ad minim veniam, quis nostrud exercitation ullamco laboris nisi ut aliquip ex ea commodo consequat. Duis aute irure dolor in reprehenderit in voluptate velit esse cillum dolore ', TIMESTAMP '2019-07-29 20:51:13.97', 1, 'Proposal 2 for user testuser1@liquido.de', 27, 1, NULL),
(215, TIMESTAMP '2019-07-28 20:51:13.986', TIMESTAMP '2019-07-29 20:51:13.986', 'Lorem ipsum dolor sit amet, consectetur adipiscing elit, sed do eiusmod tempor incididunt ut labore et dolore magna aliqua. Ut enim ad minim veniam, quis nostrud exercitation ullamco laboris nisi ut aliquip ex ea commodo consequat. Duis aute irure dolor in reprehenderit in voluptate veli', TIMESTAMP '2019-07-29 20:51:13.986', 1, 'Proposal 3 for user testuser1@liquido.de', 24, 1, NULL);
INSERT INTO PUBLIC.LAWS(ID, CREATED_AT, UPDATED_AT, DESCRIPTION, REACHED_QUORUM_AT, STATUS, TITLE, AREA_ID, CREATED_BY_ID, POLL_ID) VALUES
(220, TIMESTAMP '2019-07-20 20:51:14.001', TIMESTAMP '2019-07-21 20:51:14.001', 'Lorem ipsum dolor sit amet, consectetur adipiscing elit, sed do eiusmod tempor incididunt ut labore et dolore magna aliqua. Ut e', TIMESTAMP '2019-07-27 20:51:14.001', 1, 'Proposal 4 for user testuser1@liquido.de', 28, 1, NULL),
(236, TIMESTAMP '2019-07-19 20:51:21.574', TIMESTAMP '2019-07-29 20:51:21.605', 'Lorem ipsum dolor sit amet, consectetur adipiscing elit, sed do eiusmod tempor incididunt ut labore et dolore magna aliqua. Ut enim ad minim veniam, quis nostrud exercitation ullamco laboris nisi ', TIMESTAMP '2019-07-22 20:51:21.574', 2, 'Initial Proposal in a poll that is in elaboration 1564426281574', 21, 13, 246),
(247, TIMESTAMP '2019-07-09 20:51:21.605', TIMESTAMP '2019-07-29 20:51:21.621', 'Lorem ipsum dolor sit amet, consectetur adipiscing elit, sed do eiusmod tempor incididunt ut labore et dolore magna aliqua. Ut enim ad minim veniam, quis nostrud exercitation ullamco laboris nisi ut aliquip ex ea commodo consequat. Duis aute irure dolor in reprehenderit in voluptate velit esse cillum dolore eu fugiat nulla pariatur. Excepteur sint o', TIMESTAMP '2019-07-11 20:51:21.605', 2, 'Alternative Proposal1 in a poll that is in elaboration1564426281605', 21, 15, 246),
(252, TIMESTAMP '2019-07-09 20:51:21.621', TIMESTAMP '2019-07-29 20:51:21.637', 'Lorem ipsum dolor sit amet, consectetur adipiscing elit, sed do eiusmod tempor incididunt ut labore e', TIMESTAMP '2019-07-11 20:51:21.621', 2, 'Alternative Proposal2 in a poll that is in elaboration1564426281621', 21, 7, 246),
(256, TIMESTAMP '2019-07-09 20:51:21.637', TIMESTAMP '2019-07-29 20:51:21.652', 'Lorem ipsum dolor sit amet, consectetur adipiscing elit, sed do eiusmod tempor incididunt ut labore et dolore magna aliqua. Ut enim ad minim veniam, quis nostrud exercitation ullamco laboris nisi ut aliquip ex ea commodo c', TIMESTAMP '2019-07-11 20:51:21.637', 2, 'Alternative Proposal3 in a poll that is in elaboration1564426281637', 21, 3, 246),
(261, TIMESTAMP '2019-07-09 20:51:21.652', TIMESTAMP '2019-07-29 20:51:21.668', 'Lorem ipsum dolor sit amet, consectetur adipiscing elit, sed do eiusmod tempor incididunt ut labore et dolore magna aliqua. Ut enim ad minim veniam, quis nostrud exercitation ullamco laboris nisi ut aliquip e', TIMESTAMP '2019-07-11 20:51:21.652', 2, 'Alternative Proposal4 in a poll that is in elaboration1564426281652', 21, 5, 246),
(268, TIMESTAMP '2019-07-19 20:51:21.668', TIMESTAMP '2019-07-29 20:51:21.84', 'Lorem ipsum dolor sit amet, consectetur adipiscing elit, sed do eiusmod tempor incididunt ut labore et dolore ', TIMESTAMP '2019-07-22 20:51:21.668', 3, 'Proposal 5 in voting phase 1564426281777', 21, 13, 273),
(274, TIMESTAMP '2019-07-09 20:51:21.684', TIMESTAMP '2019-07-29 20:51:21.84', 'Lorem ipsum dolor sit amet, consectetur adipiscing elit, sed do eiusmod tempor incididunt ut labore et dolore magna aliqua. Ut enim ad minim veniam, quis nostrud exercitation ullamco laboris nisi ut aliquip ex ea commodo consequat. Duis aute irure d', TIMESTAMP '2019-07-11 20:51:21.684', 3, 'Proposal 4 in voting phase 1564426281777', 21, 15, 273),
(280, TIMESTAMP '2019-07-09 20:51:21.684', TIMESTAMP '2019-07-29 20:51:21.84', 'Lorem ipsum dolor sit amet, consectetur adipiscing elit, sed do eiusmod tempor incididunt ut labore et dolore magna aliqua. Ut enim ad minim veniam, quis nostrud exercitation ullamco laboris nisi ut aliquip ex ea commodo consequat. Duis aute irure dolor in reprehenderit in voluptate velit esse cillum dolore eu fugiat nulla pariatur. Excepte', TIMESTAMP '2019-07-11 20:51:21.684', 3, 'Proposal 3 in voting phase 1564426281777', 21, 7, 273),
(287, TIMESTAMP '2019-07-09 20:51:21.715', TIMESTAMP '2019-07-29 20:51:21.84', 'Lorem ipsum dolor sit amet, consectetur adipiscing elit, sed do eiusmod tempor incididunt ut labore et dolore magna aliqua. Ut enim ad minim veniam, quis nostrud exercitation ullamco laboris nisi ut aliquip ex ea commodo consequat. Duis aute irure dolor in reprehenderit in voluptate velit esse cillum dolore eu fugiat nulla par', TIMESTAMP '2019-07-11 20:51:21.715', 3, 'Proposal 2 in voting phase 1564426281777', 21, 3, 273);
INSERT INTO PUBLIC.LAWS(ID, CREATED_AT, UPDATED_AT, DESCRIPTION, REACHED_QUORUM_AT, STATUS, TITLE, AREA_ID, CREATED_BY_ID, POLL_ID) VALUES
(293, TIMESTAMP '2019-07-09 20:51:21.746', TIMESTAMP '2019-07-29 20:51:21.84', 'Lorem ipsum dolor sit amet, consectetur adipiscing elit, sed do eiusmod tempor incididunt ut labore et dolore magna aliqua. Ut enim ad minim veniam, quis nostrud exercitation ullamco laboris nisi ut aliquip ex ea commodo consequat. Duis aute irure dolor in reprehenderit in voluptate velit esse cillum dolore eu fugiat nulla pariatur. Excepteur sint occaecat cupidatat non proident, sunt i', TIMESTAMP '2019-07-11 20:51:21.746', 3, 'Proposal 1 in voting phase 1564426281777', 21, 5, 273),
(302, TIMESTAMP '2019-07-19 20:51:21.84', TIMESTAMP '2019-07-29 20:51:22.027', 'Lorem ipsum dolor sit amet, consectetur adipiscing elit, sed do eiusmod tempor incididunt ut labore et dolore magna aliqua. Ut enim ad minim veniam, quis nostrud exercitation ullamco laboris nisi ut aliquip ex ea commodo consequat. Duis aute irure dolor in reprehenderit in voluptate velit esse cillum dolore eu fugiat nulla pariatur. Excepteur sint occaecat cupidatat non proident', TIMESTAMP '2019-07-22 20:51:21.84', 3, 'Proposal 5 in voting phase 1564426282012', 21, 13, 306),
(307, TIMESTAMP '2019-07-09 20:51:21.871', TIMESTAMP '2019-07-29 20:51:22.027', 'Lorem ipsum dolor sit amet, consectetur adipiscing elit, sed do eiusmod tempor incididunt ut labore et dolore ', TIMESTAMP '2019-07-11 20:51:21.871', 3, 'Proposal 4 in voting phase 1564426282012', 21, 15, 306),
(313, TIMESTAMP '2019-07-09 20:51:21.949', TIMESTAMP '2019-07-29 20:51:22.027', 'Lorem ipsum dolor sit amet, consectetur adipiscing elit, sed do eiusmod tempor incididunt ut labore et dolore magna aliqua. Ut enim ad minim veniam, q', TIMESTAMP '2019-07-11 20:51:21.949', 3, 'Proposal 3 in voting phase 1564426282012', 21, 7, 306),
(321, TIMESTAMP '2019-07-09 20:51:21.965', TIMESTAMP '2019-07-29 20:51:22.027', 'Lorem ipsum dolor sit amet, consectetur adipiscing elit, sed do eiusmod tempor incididunt ut labore et dolore magna aliqua. Ut enim ad minim veniam, quis nostrud exercitation ullamco laboris nisi ut aliquip ex ea commodo consequat. Duis aute irure dolor in reprehenderit in voluptate velit esse cillum dolore eu fugiat nulla pariatur. Excepteur sint', TIMESTAMP '2019-07-11 20:51:21.965', 3, 'Proposal 2 in voting phase 1564426282012', 21, 3, 306),
(326, TIMESTAMP '2019-07-09 20:51:21.996', TIMESTAMP '2019-07-29 20:51:22.027', 'Lorem ipsum dolor sit amet, consectetur adipiscing elit, sed do eiusmod tempor incididunt ut labore et dolore magna aliqua. Ut enim ad minim veniam, quis ', TIMESTAMP '2019-07-11 20:51:21.996', 3, 'Proposal 1 in voting phase 1564426282012', 21, 5, 306),
(349, TIMESTAMP '2019-07-19 20:51:28.029', TIMESTAMP '2019-07-29 20:51:31.623', 'Lorem ipsum dolor sit amet, consectetur adipiscing elit, sed do eiusmod tempor incididunt ut labore et dolore magna aliqua. Ut enim ad mi', TIMESTAMP '2019-07-22 20:51:28.029', 4, 'This winning Proposal is now a Law', 21, 13, 356),
(357, TIMESTAMP '2019-07-09 20:51:28.044', TIMESTAMP '2019-07-29 20:51:31.623', 'Lorem ipsum dolor sit amet, consectetur adipiscing elit, sed do eiusmod tempor incididunt ut labore et dolore magna aliqua. Ut enim ad minim veniam, quis nostrud exercitation ullamco laboris nisi ut aliquip ex ea co', TIMESTAMP '2019-07-11 20:51:28.044', 5, 'Proposal 4 in voting phase 1564426288107', 21, 15, 356),
(362, TIMESTAMP '2019-07-09 20:51:28.06', TIMESTAMP '2019-07-29 20:51:31.623', 'Lorem ipsum dolor sit amet, consectetur adipiscing elit, sed do eiusmod tempor incididunt ut labore et dolore magna aliqua. Ut enim ad minim veniam, quis nostrud exercitation ullamco laboris nisi ut aliquip ex ea commodo consequat. Duis aute irure dolor in reprehenderit in voluptate velit esse cillum dolore eu fugiat nulla pa', TIMESTAMP '2019-07-11 20:51:28.06', 5, 'Proposal 3 in voting phase 1564426288107', 21, 7, 356),
(368, TIMESTAMP '2019-07-09 20:51:28.076', TIMESTAMP '2019-07-29 20:51:31.623', 'Lorem ipsum dolor sit amet, consectetur adipiscing elit, sed do eiusmod tempor incididunt ut labore et dolore magna aliqua. Ut enim ad minim veniam, quis nostrud exercitation ullamco laboris nisi ut aliquip e', TIMESTAMP '2019-07-11 20:51:28.076', 5, 'Proposal 2 in voting phase 1564426288107', 21, 3, 356);
INSERT INTO PUBLIC.LAWS(ID, CREATED_AT, UPDATED_AT, DESCRIPTION, REACHED_QUORUM_AT, STATUS, TITLE, AREA_ID, CREATED_BY_ID, POLL_ID) VALUES
(375, TIMESTAMP '2019-07-09 20:51:28.091', TIMESTAMP '2019-07-29 20:51:31.623', 'Lorem ipsum dolor sit amet, consectetur adipiscing elit, sed do eiusmod tempor incididunt ut labore et dolore magna aliqua. Ut enim ad minim', TIMESTAMP '2019-07-11 20:51:28.091', 5, 'Proposal 1 in voting phase 1564426288107', 21, 5, 356),
(399, TIMESTAMP '2019-07-09 20:51:31.638', TIMESTAMP '2019-07-29 20:51:31.638', 'Lorem ipsum dolor sit amet, consectetur adipiscing elit, sed do eiusmod tempor incididunt ut labore et dolore magna aliqua. Ut enim ad minim veniam, quis nostrud exercitation ullamco laboris nisi ut aliquip ex ea commodo consequat. Duis aute irure dolor in reprehenderit in voluptate velit esse cillum dolore eu fugi', TIMESTAMP '2019-07-05 20:51:31.638', 4, 'Law 0', 21, 1, NULL),
(400, TIMESTAMP '2019-07-08 20:51:31.654', TIMESTAMP '2019-07-29 20:51:31.638', 'Lorem ipsum dolor sit amet, consectetur adipiscing elit, sed do eiusmod tempor incididunt ut labore et dolore magna aliqua. Ut enim ad minim veniam, quis nostrud exercitation ullamco laboris nisi ut aliquip ex ea commodo consequat. Duis', TIMESTAMP '2019-07-05 20:51:31.638', 4, 'Law 1', 21, 1, NULL);
CREATE MEMORY TABLE PUBLIC.LAWS_COMMENTS(
LAW_MODEL_ID BIGINT NOT NULL,
COMMENTS_ID BIGINT NOT NULL
);
ALTER TABLE PUBLIC.LAWS_COMMENTS ADD CONSTRAINT PUBLIC.CONSTRAINT_A0 PRIMARY KEY(LAW_MODEL_ID, COMMENTS_ID);
-- 25 +/- SELECT COUNT(*) FROM PUBLIC.LAWS_COMMENTS;
INSERT INTO PUBLIC.LAWS_COMMENTS(LAW_MODEL_ID, COMMENTS_ID) VALUES
(193, 194),
(200, 201),
(208, 209),
(215, 216),
(220, 221),
(236, 237),
(247, 248),
(252, 253),
(256, 257),
(261, 262),
(268, 269),
(274, 275),
(280, 281),
(287, 288),
(293, 294),
(302, 303),
(307, 308),
(313, 314),
(321, 322),
(326, 327),
(349, 350),
(357, 358),
(362, 363),
(368, 369),
(375, 376);
CREATE MEMORY TABLE PUBLIC.LAWS_SUPPORTERS(
LAW_MODEL_ID BIGINT NOT NULL,
SUPPORTERS_ID BIGINT NOT NULL
);
ALTER TABLE PUBLIC.LAWS_SUPPORTERS ADD CONSTRAINT PUBLIC.CONSTRAINT_C PRIMARY KEY(LAW_MODEL_ID, SUPPORTERS_ID);
-- 1305 +/- SELECT COUNT(*) FROM PUBLIC.LAWS_SUPPORTERS;
INSERT INTO PUBLIC.LAWS_SUPPORTERS(LAW_MODEL_ID, SUPPORTERS_ID) VALUES
(31, 10),
(31, 18),
(31, 7),
(31, 16),
(31, 5),
(31, 12),
(33, 9),
(33, 14),
(34, 13),
(34, 12),
(34, 20),
(35, 12),
(35, 18),
(35, 1),
(35, 3),
(35, 4),
(35, 20),
(35, 14),
(35, 7),
(36, 9),
(36, 8),
(36, 6),
(36, 16),
(36, 4),
(36, 18),
(37, 4),
(37, 19),
(37, 3),
(37, 7),
(37, 2),
(37, 18),
(37, 11),
(37, 14),
(38, 11),
(38, 7),
(39, 5),
(39, 20),
(39, 11),
(39, 9),
(40, 20),
(40, 1),
(40, 3),
(40, 10),
(40, 5),
(41, 16),
(42, 3),
(42, 7),
(42, 19),
(42, 20),
(42, 5),
(42, 11),
(44, 17),
(44, 11),
(44, 9),
(44, 2),
(44, 19),
(44, 10),
(44, 5),
(44, 7),
(45, 3),
(45, 12),
(46, 11),
(46, 2),
(46, 8),
(46, 7),
(46, 10),
(46, 18),
(46, 6),
(46, 16),
(47, 17),
(47, 16),
(47, 19),
(47, 10),
(47, 15),
(47, 2),
(48, 3),
(48, 9),
(50, 8),
(50, 13),
(50, 2),
(50, 18),
(51, 1),
(51, 6),
(51, 3),
(51, 10),
(51, 7),
(51, 17),
(51, 13),
(51, 19),
(52, 13),
(52, 3),
(52, 11),
(52, 1),
(52, 7),
(53, 2),
(53, 20),
(54, 1),
(54, 2),
(55, 17),
(55, 20),
(55, 18),
(55, 8),
(55, 16),
(55, 10),
(55, 7),
(56, 16),
(56, 15),
(57, 5),
(57, 11),
(58, 3),
(58, 15),
(58, 17),
(58, 16),
(58, 19),
(58, 20),
(59, 5),
(59, 15),
(59, 16),
(60, 19),
(60, 7),
(61, 20),
(61, 12),
(61, 15),
(61, 8),
(61, 16),
(61, 2),
(62, 14),
(62, 11),
(62, 10),
(62, 7),
(62, 5),
(62, 17),
(62, 19),
(62, 8),
(63, 15),
(63, 5),
(63, 2),
(63, 11),
(63, 4),
(63, 7),
(63, 1),
(63, 9),
(64, 8),
(64, 20),
(64, 14),
(64, 16),
(64, 2),
(65, 15),
(65, 14),
(65, 13),
(65, 10),
(65, 16),
(65, 3),
(65, 1),
(66, 11),
(66, 8),
(66, 10),
(66, 12),
(66, 15),
(66, 5),
(66, 19),
(66, 13),
(67, 6),
(67, 12),
(67, 7),
(67, 11),
(67, 20),
(67, 5),
(67, 17),
(68, 13),
(68, 11),
(68, 1),
(68, 3),
(68, 10),
(68, 5),
(68, 2),
(69, 8),
(69, 16),
(69, 3),
(69, 13),
(69, 10),
(69, 9),
(69, 5),
(70, 18),
(70, 3),
(70, 17),
(71, 3),
(71, 15),
(71, 8),
(71, 16),
(71, 18),
(71, 7),
(71, 1),
(71, 4),
(72, 3),
(72, 2),
(72, 7),
(72, 5),
(72, 19),
(73, 18),
(73, 8),
(73, 11),
(74, 1),
(74, 20),
(74, 18),
(74, 4),
(74, 8),
(74, 14),
(74, 3),
(74, 6),
(75, 6),
(75, 2),
(75, 15),
(75, 12),
(76, 17),
(76, 12),
(76, 1),
(76, 2),
(76, 8),
(76, 19),
(76, 18),
(76, 13),
(77, 3),
(77, 4),
(77, 11),
(78, 12),
(78, 5),
(78, 19),
(78, 15),
(78, 18),
(79, 16),
(79, 4),
(79, 11),
(80, 1),
(80, 5),
(82, 14),
(82, 8),
(82, 9),
(82, 19),
(82, 1),
(82, 17),
(82, 20),
(83, 7),
(84, 7),
(84, 15),
(84, 2),
(84, 19),
(84, 4),
(84, 8),
(85, 4),
(85, 10),
(85, 5),
(85, 9),
(85, 14),
(85, 8),
(86, 20),
(86, 11),
(86, 9),
(86, 15),
(86, 13),
(86, 6),
(88, 10),
(88, 14),
(88, 8),
(89, 10),
(89, 19),
(89, 14),
(89, 4),
(89, 3),
(89, 11),
(89, 9),
(91, 16),
(91, 2),
(91, 9),
(91, 3),
(91, 8),
(91, 6),
(91, 19),
(91, 18),
(92, 16),
(92, 5),
(92, 18),
(92, 13),
(93, 9),
(93, 18),
(93, 3),
(93, 14),
(93, 6),
(93, 20),
(93, 19),
(94, 8),
(94, 1),
(94, 12),
(95, 20),
(95, 12),
(95, 17),
(95, 5),
(95, 1),
(95, 4),
(95, 11),
(96, 16),
(96, 9),
(96, 12),
(96, 13),
(96, 18),
(96, 7),
(96, 17),
(96, 8),
(97, 9),
(97, 14),
(97, 2),
(97, 12),
(97, 17),
(97, 7),
(98, 10),
(98, 19),
(98, 5),
(98, 14),
(98, 13),
(98, 18),
(100, 5),
(100, 15),
(100, 16),
(100, 19),
(100, 1),
(100, 18),
(100, 11),
(101, 18),
(101, 10),
(101, 4),
(101, 14),
(101, 9),
(101, 20),
(102, 20),
(102, 9),
(102, 19),
(102, 18),
(102, 16),
(103, 19),
(103, 2),
(103, 1),
(103, 15),
(103, 12),
(103, 4),
(103, 20),
(103, 6),
(104, 15),
(104, 3),
(104, 20),
(104, 16),
(104, 18),
(104, 2),
(105, 10),
(105, 2),
(105, 9),
(105, 15),
(105, 3),
(105, 13),
(105, 6),
(106, 11),
(106, 18),
(106, 4),
(107, 16),
(107, 1),
(108, 18),
(108, 1),
(108, 3),
(108, 17),
(108, 10),
(108, 4),
(109, 12),
(109, 20),
(110, 20),
(110, 7),
(110, 11),
(110, 17),
(110, 9),
(110, 18),
(110, 2),
(110, 13),
(111, 11),
(111, 16),
(111, 5),
(111, 18),
(111, 8),
(111, 3),
(111, 12),
(111, 15),
(112, 15),
(112, 8),
(112, 19),
(115, 5),
(115, 20),
(115, 19),
(115, 18),
(115, 14),
(115, 17),
(115, 9),
(116, 6),
(116, 18),
(116, 11),
(116, 3),
(116, 10),
(117, 12),
(118, 13),
(118, 3),
(118, 4),
(118, 16),
(118, 7),
(118, 15),
(118, 20),
(119, 15);
INSERT INTO PUBLIC.LAWS_SUPPORTERS(LAW_MODEL_ID, SUPPORTERS_ID) VALUES
(119, 4),
(119, 10),
(120, 3),
(120, 8),
(120, 9),
(120, 12),
(120, 7),
(120, 13),
(121, 6),
(121, 4),
(121, 20),
(121, 15),
(121, 16),
(121, 14),
(121, 11),
(121, 9),
(122, 7),
(122, 13),
(122, 6),
(122, 11),
(124, 20),
(124, 2),
(124, 15),
(124, 4),
(124, 13),
(125, 10),
(125, 3),
(125, 4),
(125, 19),
(126, 8),
(126, 4),
(126, 10),
(126, 12),
(126, 18),
(126, 7),
(127, 5),
(127, 6),
(128, 6),
(128, 5),
(129, 4),
(129, 13),
(129, 14),
(129, 7),
(130, 8),
(130, 16),
(130, 12),
(130, 14),
(130, 6),
(130, 13),
(131, 18),
(131, 16),
(131, 5),
(131, 20),
(131, 12),
(131, 6),
(131, 13),
(131, 2),
(132, 3),
(132, 8),
(132, 1),
(132, 16),
(132, 17),
(132, 20),
(132, 19),
(132, 4),
(133, 4),
(133, 16),
(133, 19),
(134, 11),
(134, 14),
(134, 12),
(134, 17),
(134, 2),
(135, 8),
(135, 17),
(135, 15),
(135, 5),
(135, 1),
(136, 7),
(136, 12),
(136, 10),
(136, 13),
(136, 9),
(136, 1),
(136, 17),
(136, 4),
(137, 14),
(137, 3),
(137, 4),
(137, 15),
(137, 2),
(138, 19),
(138, 15),
(139, 8),
(139, 5),
(139, 9),
(140, 16),
(140, 15),
(141, 1),
(141, 16),
(141, 15),
(141, 8),
(141, 4),
(141, 13),
(141, 11),
(142, 9),
(142, 14),
(142, 19),
(143, 15),
(143, 10),
(143, 17),
(143, 20),
(143, 5),
(143, 8),
(143, 18),
(143, 19),
(143, 11),
(143, 9),
(144, 10),
(144, 5),
(144, 15),
(144, 16),
(144, 13),
(144, 11),
(144, 20),
(144, 18),
(144, 1),
(144, 14),
(145, 9),
(145, 7),
(145, 20),
(145, 2),
(145, 19),
(145, 17),
(145, 1),
(145, 8),
(145, 12),
(145, 13),
(146, 7),
(146, 14),
(146, 13),
(146, 5),
(146, 6),
(146, 20),
(146, 15),
(146, 3),
(146, 2),
(146, 9),
(147, 18),
(147, 5),
(147, 1),
(147, 12),
(147, 9),
(147, 11),
(147, 7),
(147, 20),
(147, 8),
(147, 10),
(148, 12),
(148, 19),
(148, 3),
(148, 17),
(148, 13),
(148, 6),
(148, 16),
(148, 9),
(148, 7),
(148, 20),
(149, 15),
(149, 5),
(149, 14),
(149, 13),
(149, 6),
(149, 9),
(149, 16),
(149, 11),
(149, 19),
(149, 10),
(150, 14),
(150, 3),
(150, 15),
(150, 19),
(150, 5),
(150, 17),
(150, 2),
(150, 16),
(150, 18),
(150, 20),
(151, 12),
(151, 16),
(151, 2),
(151, 10),
(151, 13),
(151, 15),
(151, 19),
(151, 9),
(151, 3),
(151, 6),
(152, 6),
(152, 17),
(152, 12),
(152, 20),
(152, 7),
(152, 4),
(152, 8),
(152, 3),
(152, 9),
(152, 10),
(153, 7),
(153, 12),
(153, 14),
(153, 20),
(153, 8),
(153, 10),
(153, 2),
(153, 16),
(153, 6),
(153, 3),
(154, 1),
(154, 8),
(154, 20),
(154, 2),
(154, 15),
(154, 4),
(154, 10),
(154, 14),
(154, 9),
(154, 7),
(155, 18),
(155, 12),
(155, 8),
(155, 7),
(155, 17),
(155, 13),
(155, 4),
(155, 14),
(155, 5),
(155, 3),
(156, 19),
(156, 1),
(156, 3),
(156, 16),
(156, 5),
(156, 15),
(156, 7),
(156, 12),
(156, 9),
(156, 14),
(157, 10),
(157, 20),
(157, 15),
(157, 19),
(157, 11),
(157, 4),
(157, 5),
(157, 6),
(157, 3),
(157, 18),
(158, 9),
(158, 1),
(158, 18),
(158, 20),
(158, 13),
(158, 2),
(158, 8),
(158, 16),
(158, 5),
(158, 3),
(159, 2),
(159, 6),
(159, 17),
(159, 16),
(159, 15),
(159, 5),
(159, 8),
(159, 4),
(159, 3),
(159, 18),
(160, 11),
(160, 14),
(160, 2),
(160, 16),
(160, 20),
(160, 19),
(160, 17),
(160, 15),
(160, 9),
(160, 7),
(161, 5),
(161, 10),
(161, 18),
(161, 16),
(161, 13),
(161, 15),
(161, 20),
(161, 8),
(161, 14),
(161, 6),
(162, 14),
(162, 16),
(162, 17),
(162, 13),
(162, 7),
(162, 4),
(162, 5),
(162, 15),
(162, 3),
(162, 9),
(163, 18),
(163, 4),
(163, 6),
(163, 19),
(163, 5),
(163, 12),
(163, 16),
(163, 14),
(163, 11),
(163, 1),
(164, 14),
(164, 13),
(164, 10),
(164, 4),
(164, 19),
(164, 9),
(164, 15),
(164, 18),
(164, 12),
(164, 3),
(165, 19),
(165, 2),
(165, 11),
(165, 20),
(165, 13),
(165, 10),
(165, 3),
(165, 15),
(165, 17),
(165, 7),
(166, 2),
(166, 13),
(166, 9),
(166, 11),
(166, 7),
(166, 19),
(166, 12),
(166, 6),
(166, 1),
(166, 16),
(167, 6),
(167, 15),
(167, 1),
(167, 2),
(167, 9),
(167, 11),
(167, 3),
(167, 20),
(167, 8),
(167, 14),
(168, 10),
(168, 13),
(168, 2),
(168, 8),
(168, 3),
(168, 17),
(168, 19),
(168, 15),
(168, 5),
(168, 7),
(169, 13),
(169, 9),
(169, 3),
(169, 19),
(169, 17),
(169, 4),
(169, 8),
(169, 5),
(169, 16),
(169, 2),
(170, 5),
(170, 4),
(170, 20),
(170, 8),
(170, 19);
INSERT INTO PUBLIC.LAWS_SUPPORTERS(LAW_MODEL_ID, SUPPORTERS_ID) VALUES
(170, 6),
(170, 16),
(170, 15),
(170, 7),
(170, 2),
(171, 20),
(171, 2),
(171, 1),
(171, 8),
(171, 14),
(171, 5),
(171, 6),
(171, 7),
(171, 13),
(171, 17),
(172, 10),
(172, 14),
(172, 11),
(172, 3),
(172, 17),
(172, 15),
(172, 5),
(172, 16),
(172, 19),
(172, 20),
(173, 17),
(173, 11),
(173, 5),
(173, 18),
(173, 8),
(173, 2),
(173, 6),
(173, 13),
(173, 4),
(173, 19),
(174, 18),
(174, 8),
(174, 4),
(174, 16),
(174, 9),
(174, 6),
(174, 12),
(174, 19),
(174, 7),
(174, 2),
(175, 4),
(175, 16),
(175, 2),
(175, 6),
(175, 20),
(175, 17),
(175, 11),
(175, 9),
(175, 15),
(175, 13),
(176, 15),
(176, 7),
(176, 17),
(176, 14),
(176, 12),
(176, 3),
(176, 19),
(176, 16),
(176, 5),
(176, 2),
(177, 20),
(177, 3),
(177, 19),
(177, 8),
(177, 17),
(177, 16),
(177, 10),
(177, 6),
(177, 12),
(177, 9),
(178, 20),
(178, 9),
(178, 13),
(178, 16),
(178, 10),
(178, 2),
(178, 12),
(178, 4),
(178, 1),
(178, 14),
(179, 16),
(179, 20),
(179, 8),
(179, 11),
(179, 19),
(179, 13),
(179, 2),
(179, 1),
(179, 7),
(179, 14),
(180, 1),
(180, 2),
(180, 12),
(180, 10),
(180, 8),
(180, 6),
(180, 4),
(180, 20),
(180, 15),
(180, 5),
(181, 2),
(181, 20),
(181, 18),
(181, 15),
(181, 14),
(181, 8),
(181, 3),
(181, 5),
(181, 17),
(181, 19),
(182, 17),
(182, 12),
(182, 5),
(182, 4),
(182, 20),
(182, 16),
(182, 14),
(182, 9),
(182, 2),
(182, 6),
(183, 1),
(183, 9),
(183, 8),
(183, 12),
(183, 3),
(183, 7),
(183, 15),
(183, 4),
(183, 16),
(183, 20),
(184, 10),
(184, 11),
(184, 19),
(184, 15),
(184, 6),
(184, 18),
(184, 8),
(184, 12),
(184, 13),
(184, 5),
(185, 10),
(185, 13),
(185, 3),
(185, 4),
(185, 8),
(185, 1),
(185, 16),
(185, 18),
(185, 20),
(185, 12),
(186, 19),
(186, 7),
(186, 14),
(186, 12),
(186, 18),
(186, 8),
(186, 9),
(186, 2),
(186, 15),
(186, 20),
(187, 19),
(187, 1),
(187, 11),
(187, 10),
(187, 20),
(187, 6),
(187, 12),
(187, 13),
(187, 3),
(187, 5),
(188, 18),
(188, 10),
(188, 3),
(188, 12),
(188, 8),
(188, 5),
(188, 4),
(188, 2),
(188, 15),
(188, 13),
(189, 1),
(189, 15),
(189, 12),
(189, 13),
(189, 4),
(189, 3),
(189, 7),
(189, 19),
(189, 9),
(189, 11),
(190, 20),
(190, 12),
(190, 18),
(190, 13),
(190, 11),
(190, 1),
(190, 7),
(190, 8),
(190, 15),
(190, 5),
(191, 2),
(191, 8),
(191, 15),
(191, 6),
(191, 13),
(191, 1),
(191, 18),
(191, 9),
(191, 20),
(191, 11),
(192, 14),
(192, 15),
(192, 2),
(192, 8),
(192, 17),
(192, 1),
(192, 9),
(192, 19),
(192, 12),
(192, 4),
(193, 5),
(193, 20),
(193, 11),
(193, 18),
(193, 4),
(193, 14),
(193, 7),
(193, 17),
(193, 19),
(193, 10),
(200, 18),
(200, 13),
(200, 16),
(200, 14),
(200, 7),
(200, 5),
(200, 15),
(200, 9),
(200, 12),
(200, 2),
(208, 10),
(208, 17),
(208, 5),
(208, 8),
(208, 13),
(208, 12),
(208, 16),
(208, 20),
(208, 11),
(208, 6),
(215, 10),
(215, 4),
(215, 7),
(215, 17),
(215, 13),
(215, 12),
(215, 11),
(215, 2),
(215, 14),
(215, 9),
(220, 12),
(220, 7),
(220, 6),
(220, 16),
(220, 5),
(220, 11),
(220, 2),
(220, 18),
(220, 14),
(220, 20),
(236, 15),
(236, 1),
(236, 17),
(236, 20),
(236, 6),
(236, 19),
(236, 4),
(236, 12),
(236, 8),
(236, 3),
(247, 16),
(247, 8),
(247, 17),
(247, 2),
(247, 3),
(247, 18),
(247, 14),
(247, 19),
(247, 11),
(247, 13),
(252, 19),
(252, 5),
(252, 2),
(252, 12),
(252, 6),
(252, 3),
(252, 15),
(252, 18),
(252, 10),
(252, 8),
(256, 8),
(256, 1),
(256, 6),
(256, 18),
(256, 5),
(256, 12),
(256, 20),
(256, 13),
(256, 11),
(256, 15),
(261, 9),
(261, 8),
(261, 11),
(261, 17),
(261, 18),
(261, 10),
(261, 14),
(261, 12),
(261, 1),
(261, 6),
(268, 15),
(268, 11),
(268, 1),
(268, 7),
(268, 2),
(268, 4),
(268, 9),
(268, 20),
(268, 8),
(268, 18),
(274, 14),
(274, 12),
(274, 7),
(274, 8),
(274, 13),
(274, 18),
(274, 1),
(274, 9),
(274, 16),
(274, 11),
(280, 18),
(280, 10),
(280, 6),
(280, 19),
(280, 14),
(280, 5),
(280, 2),
(280, 20),
(280, 4),
(280, 16),
(287, 16),
(287, 17),
(287, 12),
(287, 11),
(287, 4),
(287, 5),
(287, 14),
(287, 10),
(287, 18),
(287, 9),
(293, 8),
(293, 20),
(293, 18),
(293, 16),
(293, 7),
(293, 17),
(293, 12),
(293, 1),
(293, 13),
(293, 19),
(302, 1),
(302, 15),
(302, 11),
(302, 5),
(302, 17),
(302, 6),
(302, 10);
INSERT INTO PUBLIC.LAWS_SUPPORTERS(LAW_MODEL_ID, SUPPORTERS_ID) VALUES
(302, 9),
(302, 12),
(302, 3),
(307, 1),
(307, 16),
(307, 20),
(307, 19),
(307, 5),
(307, 9),
(307, 3),
(307, 18),
(307, 12),
(307, 11),
(313, 16),
(313, 8),
(313, 5),
(313, 11),
(313, 4),
(313, 13),
(313, 10),
(313, 15),
(313, 14),
(313, 9),
(321, 19),
(321, 9),
(321, 14),
(321, 20),
(321, 11),
(321, 15),
(321, 6),
(321, 7),
(321, 4),
(321, 5),
(326, 4),
(326, 18),
(326, 13),
(326, 9),
(326, 8),
(326, 6),
(326, 7),
(326, 3),
(326, 20),
(326, 12),
(349, 9),
(349, 10),
(349, 15),
(349, 12),
(349, 7),
(349, 19),
(349, 1),
(349, 2),
(349, 11),
(349, 4),
(357, 16),
(357, 4),
(357, 8),
(357, 10),
(357, 11),
(357, 17),
(357, 12),
(357, 2),
(357, 7),
(357, 5),
(362, 3),
(362, 6),
(362, 4),
(362, 19),
(362, 17),
(362, 8),
(362, 9),
(362, 16),
(362, 2),
(362, 14),
(368, 7),
(368, 15),
(368, 11),
(368, 19),
(368, 12),
(368, 18),
(368, 20),
(368, 8),
(368, 9),
(368, 10),
(375, 14),
(375, 1),
(375, 13),
(375, 10),
(375, 17),
(375, 7),
(375, 19),
(375, 6),
(375, 9),
(375, 11),
(399, 15),
(399, 12),
(399, 5),
(399, 4),
(399, 19),
(399, 6),
(399, 10),
(399, 18),
(399, 14),
(399, 3),
(399, 2),
(399, 11),
(399, 7),
(399, 16),
(399, 8),
(399, 13),
(399, 9),
(400, 11),
(400, 12),
(400, 16),
(400, 10),
(400, 20),
(400, 2),
(400, 14),
(400, 3),
(400, 7),
(400, 6),
(400, 15),
(400, 8),
(400, 18),
(400, 9),
(400, 5),
(400, 19),
(400, 17),
(400, 13);
CREATE MEMORY TABLE PUBLIC.ONE_TIME_TOKEN(
ID BIGINT NOT NULL,
CREATED_AT TIMESTAMP NOT NULL,
UPDATED_AT TIMESTAMP NOT NULL,
TOKEN VARCHAR(255) NOT NULL,
TOKEN_TYPE INTEGER NOT NULL,
VALID_UNTIL TIMESTAMP NOT NULL,
USER_ID BIGINT NOT NULL
);
ALTER TABLE PUBLIC.ONE_TIME_TOKEN ADD CONSTRAINT PUBLIC.CONSTRAINT_4 PRIMARY KEY(ID);
-- 0 +/- SELECT COUNT(*) FROM PUBLIC.ONE_TIME_TOKEN;
CREATE MEMORY TABLE PUBLIC.POLLS(
ID BIGINT NOT NULL,
CREATED_AT TIMESTAMP NOT NULL,
UPDATED_AT TIMESTAMP NOT NULL,
DUEL_MATRIX VARCHAR(255),
STATUS INTEGER,
TITLE VARCHAR(255),
VOTING_END_AT TIMESTAMP,
VOTING_START_AT TIMESTAMP,
WINNER_ID BIGINT
);
ALTER TABLE PUBLIC.POLLS ADD CONSTRAINT PUBLIC.CONSTRAINT_48 PRIMARY KEY(ID);
-- 4 +/- SELECT COUNT(*) FROM PUBLIC.POLLS;
INSERT INTO PUBLIC.POLLS(ID, CREATED_AT, UPDATED_AT, DUEL_MATRIX, STATUS, TITLE, VOTING_END_AT, VOTING_START_AT, WINNER_ID) VALUES
(246, TIMESTAMP '2019-07-22 20:51:21.668', TIMESTAMP '2019-07-22 20:51:21.668', '', 0, NULL, TIMESTAMP '2019-08-26 00:00:00', TIMESTAMP '2019-08-12 00:00:00', NULL),
(273, TIMESTAMP '2019-07-14 20:51:21.793', TIMESTAMP '2019-07-29 20:51:21.84', '', 1, NULL, TIMESTAMP '2019-08-11 00:00:00', TIMESTAMP '2019-07-28 20:51:21.824', NULL),
(306, TIMESTAMP '2019-07-14 20:51:22.012', TIMESTAMP '2019-07-29 20:51:28.029', '[]', 1, NULL, TIMESTAMP '2019-08-11 00:00:00', TIMESTAMP '2019-07-28 20:51:22.027', NULL),
(356, TIMESTAMP '2019-06-26 20:51:28.122', TIMESTAMP '2019-07-29 20:51:31.623', '[[0,6,7,4,7],[10,0,7,8,6],[9,8,0,7,4],[10,8,9,0,6],[9,8,10,10,0]]', 2, NULL, TIMESTAMP '2019-07-29 20:51:31.607', TIMESTAMP '2019-07-10 20:51:28.122', 349);
CREATE MEMORY TABLE PUBLIC.USERS(
ID BIGINT NOT NULL,
CREATED_AT TIMESTAMP NOT NULL,
UPDATED_AT TIMESTAMP NOT NULL,
EMAIL VARCHAR(255) NOT NULL,
LAST_LOGIN TIMESTAMP,
MOBILEPHONE VARCHAR(255),
NAME VARCHAR(255),
PICTURE VARCHAR(255),
WEBSITE VARCHAR(255)
);
ALTER TABLE PUBLIC.USERS ADD CONSTRAINT PUBLIC.CONSTRAINT_4D PRIMARY KEY(ID);
-- 20 +/- SELECT COUNT(*) FROM PUBLIC.USERS;
INSERT INTO PUBLIC.USERS(ID, CREATED_AT, UPDATED_AT, EMAIL, LAST_LOGIN, MOBILEPHONE, NAME, PICTURE, WEBSITE) VALUES
(1, TIMESTAMP '2019-07-29 20:51:11.959', TIMESTAMP '2019-07-29 20:51:11.959', 'testuser1@liquido.de', NULL, '+49123451', 'Donald Duck', '/static/img/photos/1.png', 'http://www.liquido.de'),
(2, TIMESTAMP '2019-07-29 20:51:11.974', TIMESTAMP '2019-07-29 20:51:11.974', 'testuser2@liquido.de', NULL, '+49123452', 'Test User2', '/static/img/photos/2.png', 'http://www.liquido.de'),
(3, TIMESTAMP '2019-07-29 20:51:11.974', TIMESTAMP '2019-07-29 20:51:11.974', 'testuser3@liquido.de', NULL, '+49123453', 'Test User3', '/static/img/photos/3.png', 'http://www.liquido.de'),
(4, TIMESTAMP '2019-07-29 20:51:11.974', TIMESTAMP '2019-07-29 20:51:11.974', 'testuser4@liquido.de', NULL, '+49123454', 'Test User4', '/static/img/photos/1.png', 'http://www.liquido.de'),
(5, TIMESTAMP '2019-07-29 20:51:11.974', TIMESTAMP '2019-07-29 20:51:11.974', 'testuser5@liquido.de', NULL, '+49123455', 'Test User5', '/static/img/photos/2.png', 'http://www.liquido.de'),
(6, TIMESTAMP '2019-07-29 20:51:11.974', TIMESTAMP '2019-07-29 20:51:11.974', 'testuser6@liquido.de', NULL, '+49123456', 'Test User6', '/static/img/photos/3.png', 'http://www.liquido.de'),
(7, TIMESTAMP '2019-07-29 20:51:11.974', TIMESTAMP '2019-07-29 20:51:11.974', 'testuser7@liquido.de', NULL, '+49123457', 'Test User7', '/static/img/photos/1.png', 'http://www.liquido.de'),
(8, TIMESTAMP '2019-07-29 20:51:11.974', TIMESTAMP '2019-07-29 20:51:11.974', 'testuser8@liquido.de', NULL, '+49123458', 'Test User8', '/static/img/photos/2.png', 'http://www.liquido.de'),
(9, TIMESTAMP '2019-07-29 20:51:11.974', TIMESTAMP '2019-07-29 20:51:11.974', 'testuser9@liquido.de', NULL, '+49123459', 'Test User9', '/static/img/photos/3.png', 'http://www.liquido.de'),
(10, TIMESTAMP '2019-07-29 20:51:11.974', TIMESTAMP '2019-07-29 20:51:11.974', 'testuser10@liquido.de', NULL, '+491234510', 'Test User10', '/static/img/photos/1.png', 'http://www.liquido.de'),
(11, TIMESTAMP '2019-07-29 20:51:11.974', TIMESTAMP '2019-07-29 20:51:11.974', 'testuser11@liquido.de', NULL, '+491234511', 'Test User11', '/static/img/photos/2.png', 'http://www.liquido.de'),
(12, TIMESTAMP '2019-07-29 20:51:11.974', TIMESTAMP '2019-07-29 20:51:11.974', 'testuser12@liquido.de', NULL, '+491234512', 'Test User12', '/static/img/photos/3.png', 'http://www.liquido.de'),
(13, TIMESTAMP '2019-07-29 20:51:11.974', TIMESTAMP '2019-07-29 20:51:11.974', 'testuser13@liquido.de', NULL, '+491234513', 'Test User13', '/static/img/photos/1.png', 'http://www.liquido.de'),
(14, TIMESTAMP '2019-07-29 20:51:11.99', TIMESTAMP '2019-07-29 20:51:11.99', 'testuser14@liquido.de', NULL, '+491234514', 'Test User14', '/static/img/photos/2.png', 'http://www.liquido.de'),
(15, TIMESTAMP '2019-07-29 20:51:11.99', TIMESTAMP '2019-07-29 20:51:11.99', 'testuser15@liquido.de', NULL, '+491234515', 'Test User15', '/static/img/photos/3.png', 'http://www.liquido.de'),
(16, TIMESTAMP '2019-07-29 20:51:11.99', TIMESTAMP '2019-07-29 20:51:11.99', 'testuser16@liquido.de', NULL, '+491234516', 'Test User16', '/static/img/photos/1.png', 'http://www.liquido.de'),
(17, TIMESTAMP '2019-07-29 20:51:11.99', TIMESTAMP '2019-07-29 20:51:11.99', 'testuser17@liquido.de', NULL, '+491234517', 'Test User17', '/static/img/photos/2.png', 'http://www.liquido.de'),
(18, TIMESTAMP '2019-07-29 20:51:11.99', TIMESTAMP '2019-07-29 20:51:11.99', 'testuser18@liquido.de', NULL, '+491234518', 'Test User18', '/static/img/photos/3.png', 'http://www.liquido.de'),
(19, TIMESTAMP '2019-07-29 20:51:11.99', TIMESTAMP '2019-07-29 20:51:11.99', 'testuser19@liquido.de', NULL, '+491234519', 'Test User19', '/static/img/photos/1.png', 'http://www.liquido.de'),
(20, TIMESTAMP '2019-07-29 20:51:11.99', TIMESTAMP '2019-07-29 20:51:11.99', 'testuser20@liquido.de', NULL, '+491234520', 'Test User20', '/static/img/photos/2.png', 'http://www.liquido.de');
-- 0 +/- SELECT COUNT(*) FROM PUBLIC.QRTZ_CALENDARS;
-- 0 +/- SELECT COUNT(*) FROM PUBLIC.QRTZ_CRON_TRIGGERS;
-- 0 +/- SELECT COUNT(*) FROM PUBLIC.QRTZ_FIRED_TRIGGERS;
-- 0 +/- SELECT COUNT(*) FROM PUBLIC.QRTZ_PAUSED_TRIGGER_GRPS;
-- 0 +/- SELECT COUNT(*) FROM PUBLIC.QRTZ_SCHEDULER_STATE;
-- 0 +/- SELECT COUNT(*) FROM PUBLIC.QRTZ_LOCKS;
-- 0 +/- SELECT COUNT(*) FROM PUBLIC.QRTZ_JOB_DETAILS;
-- 0 +/- SELECT COUNT(*) FROM PUBLIC.QRTZ_SIMPLE_TRIGGERS;
-- 0 +/- SELECT COUNT(*) FROM PUBLIC.QRTZ_SIMPROP_TRIGGERS;
-- 0 +/- SELECT COUNT(*) FROM PUBLIC.QRTZ_BLOB_TRIGGERS;
-- 0 +/- SELECT COUNT(*) FROM PUBLIC.QRTZ_TRIGGERS;
ALTER TABLE PUBLIC.AREAS ADD CONSTRAINT PUBLIC.UK_P61HNJ1M450KNDUSCXOLDCHFJ UNIQUE(TITLE);
ALTER TABLE PUBLIC.KEY_VALUE ADD CONSTRAINT PUBLIC.UK_8TE0DHIEXEOWA1RGVA302TO1L UNIQUE(KEY_COL);
ALTER TABLE PUBLIC.USERS ADD CONSTRAINT PUBLIC.UK_6DOTKOTT2KJSP8VW4D0M25FB7 UNIQUE(EMAIL);
ALTER TABLE PUBLIC.LAWS ADD CONSTRAINT PUBLIC.UK_BS516OPV3HONTPTWVPIOOS72B UNIQUE(TITLE);
ALTER TABLE PUBLIC.DELEGATIONS ADD CONSTRAINT PUBLIC.UK2WYH7POIF8NPDWLUR8DFORD0J UNIQUE(AREA_ID, FROM_USER_ID);
ALTER TABLE PUBLIC.LAWS_COMMENTS ADD CONSTRAINT PUBLIC.UK_OF3YV6X3MAHJPHJBJE5XHRXC8 UNIQUE(COMMENTS_ID);
ALTER TABLE PUBLIC.BALLOTS ADD CONSTRAINT PUBLIC.UKHWWEPK8N3CE54LEREWX2FMYXF UNIQUE(POLL_ID, CHECKSUM);
ALTER TABLE PUBLIC.USERS ADD CONSTRAINT PUBLIC.UK_70QE9WOFM8UJ2PEANWKPHERRM UNIQUE(MOBILEPHONE);
ALTER TABLE PUBLIC.CHECKSUMS ADD CONSTRAINT PUBLIC.UKL0XNKLNHLK4PTWSU9B0QXTYBN UNIQUE(AREA_ID, PUBLIC_PROXY_ID);
ALTER TABLE PUBLIC.AREAS ADD CONSTRAINT PUBLIC.FKP9N0U4HM2Q1O7V0068C8GD4EL FOREIGN KEY(CREATED_BY_ID) REFERENCES PUBLIC.USERS(ID) NOCHECK;
ALTER TABLE PUBLIC.DELEGATIONS ADD CONSTRAINT PUBLIC.FK1Y1R0D478R9NTDMUIYKKUHADV FOREIGN KEY(REQUESTED_DELEGATION_FROM_CHECKSUM_CHECKSUM) REFERENCES PUBLIC.CHECKSUMS(CHECKSUM) NOCHECK;
ALTER TABLE PUBLIC.DELEGATIONS ADD CONSTRAINT PUBLIC.FKSWBDEOVC7HSQ5EX30PBMDU9D4 FOREIGN KEY(AREA_ID) REFERENCES PUBLIC.AREAS(ID) NOCHECK;
ALTER TABLE PUBLIC.LAWS ADD CONSTRAINT PUBLIC.FK4QUHD81MM84X6RQ0CCBXSEYXX FOREIGN KEY(POLL_ID) REFERENCES PUBLIC.POLLS(ID) NOCHECK;
ALTER TABLE PUBLIC.LAWS_SUPPORTERS ADD CONSTRAINT PUBLIC.FK9B4I87YIKUCHRIRFJAYMGOHE3 FOREIGN KEY(LAW_MODEL_ID) REFERENCES PUBLIC.LAWS(ID) NOCHECK;
ALTER TABLE PUBLIC.BALLOTS ADD CONSTRAINT PUBLIC.FKOG7SHPLJ1CCOH8N9AO4Y16LQ3 FOREIGN KEY(POLL_ID) REFERENCES PUBLIC.POLLS(ID) NOCHECK;
ALTER TABLE PUBLIC.COMMENTS_DOWN_VOTERS ADD CONSTRAINT PUBLIC.FK62ILAC17TG4CPKRHEONUD72HV FOREIGN KEY(DOWN_VOTERS_ID) REFERENCES PUBLIC.USERS(ID) NOCHECK;
ALTER TABLE PUBLIC.CHECKSUMS ADD CONSTRAINT PUBLIC.FKDFLPSE9FSOGY1FMFDY2W79RG FOREIGN KEY(DELEGATED_TO_CHECKSUM) REFERENCES PUBLIC.CHECKSUMS(CHECKSUM) NOCHECK;
ALTER TABLE PUBLIC.BALLOTS_VOTE_ORDER ADD CONSTRAINT PUBLIC.FKIH6THEWVJEH3OW9DL1YTJ9AWB FOREIGN KEY(BALLOT_MODEL_ID) REFERENCES PUBLIC.BALLOTS(ID) NOCHECK;
ALTER TABLE PUBLIC.COMMENTS ADD CONSTRAINT PUBLIC.FK7PUWBWE4YL8B2O32R798UW8Q7 FOREIGN KEY(PROPOSAL_ID) REFERENCES PUBLIC.LAWS(ID) NOCHECK;
ALTER TABLE PUBLIC.CHECKSUMS ADD CONSTRAINT PUBLIC.FK68FTLVL0MWTVOQD3BFUPP0XRG FOREIGN KEY(PUBLIC_PROXY_ID) REFERENCES PUBLIC.USERS(ID) NOCHECK;
ALTER TABLE PUBLIC.LAWS ADD CONSTRAINT PUBLIC.FKTR1PLL46Q50SHWBFFYIYUAVGN FOREIGN KEY(CREATED_BY_ID) REFERENCES PUBLIC.USERS(ID) NOCHECK;
ALTER TABLE PUBLIC.ONE_TIME_TOKEN ADD CONSTRAINT PUBLIC.FK4O21XT1RMRICB3EA4TO5NKR8D FOREIGN KEY(USER_ID) REFERENCES PUBLIC.USERS(ID) NOCHECK;
ALTER TABLE PUBLIC.BALLOTS_VOTE_ORDER ADD CONSTRAINT PUBLIC.FKOWD5MAD84QVWGST43698A6GX5 FOREIGN KEY(VOTE_ORDER_ID) REFERENCES PUBLIC.LAWS(ID) NOCHECK;
ALTER TABLE PUBLIC.COMMENTS ADD CONSTRAINT PUBLIC.FKAKKM6QFYDU7VGNFNE1YO0XMED FOREIGN KEY(CREATED_BY_ID) REFERENCES PUBLIC.USERS(ID) NOCHECK;
ALTER TABLE PUBLIC.DELEGATIONS ADD CONSTRAINT PUBLIC.FK21A6LG8FU2JS6E0JU41WJ2GQP FOREIGN KEY(TO_PROXY_ID) REFERENCES PUBLIC.USERS(ID) NOCHECK;
ALTER TABLE PUBLIC.LAWS_COMMENTS ADD CONSTRAINT PUBLIC.FK36FBKIUITRV0YRVY8S0IG46IX FOREIGN KEY(LAW_MODEL_ID) REFERENCES PUBLIC.LAWS(ID) NOCHECK;
ALTER TABLE PUBLIC.POLLS ADD CONSTRAINT PUBLIC.FKQADOVSMQ4UOK58SP9HKHWJQIS FOREIGN KEY(WINNER_ID) REFERENCES PUBLIC.LAWS(ID) NOCHECK;
ALTER TABLE PUBLIC.DELEGATIONS ADD CONSTRAINT PUBLIC.FK9KOYA2MI6T18VF7U1FROBKNIQ FOREIGN KEY(FROM_USER_ID) REFERENCES PUBLIC.USERS(ID) NOCHECK;
ALTER TABLE PUBLIC.BALLOTS ADD CONSTRAINT PUBLIC.FK1RRV2WY16UQONFL9CR1CQG2XD FOREIGN KEY(CHECKSUM) REFERENCES PUBLIC.CHECKSUMS(CHECKSUM) NOCHECK;
ALTER TABLE PUBLIC.LAWS ADD CONSTRAINT PUBLIC.FK9VIQDJ5LDUN0AHWQDFF1WUY39 FOREIGN KEY(AREA_ID) REFERENCES PUBLIC.AREAS(ID) NOCHECK;
ALTER TABLE PUBLIC.LAWS_COMMENTS ADD CONSTRAINT PUBLIC.FKFL0Y4QFVFPF9YNMMFJ0JEVXFF FOREIGN KEY(COMMENTS_ID) REFERENCES PUBLIC.COMMENTS(ID) NOCHECK;
ALTER TABLE PUBLIC.COMMENTS_UP_VOTERS ADD CONSTRAINT PUBLIC.FKEUURM027PDC4L5A9G9O2L0UYD FOREIGN KEY(UP_VOTERS_ID) REFERENCES PUBLIC.USERS(ID) NOCHECK;
ALTER TABLE PUBLIC.COMMENTS ADD CONSTRAINT PUBLIC.FKLRI30OKF66PHTCGBE5POK7CC0 FOREIGN KEY(PARENT_ID) REFERENCES PUBLIC.COMMENTS(ID) NOCHECK;
ALTER TABLE PUBLIC.COMMENTS_UP_VOTERS ADD CONSTRAINT PUBLIC.FK8LS8T571Y99VTTW1MDKEBXAGP FOREIGN KEY(COMMENT_MODEL_ID) REFERENCES PUBLIC.COMMENTS(ID) NOCHECK;
ALTER TABLE PUBLIC.LAWS_SUPPORTERS ADD CONSTRAINT PUBLIC.FKK8MVJC4RQ970OJAVYFIA9BQVE FOREIGN KEY(SUPPORTERS_ID) REFERENCES PUBLIC.USERS(ID) NOCHECK;
ALTER TABLE PUBLIC.COMMENTS_DOWN_VOTERS ADD CONSTRAINT PUBLIC.FKJYMYJ54LENHS4KE6MYQHLY72 FOREIGN KEY(COMMENT_MODEL_ID) REFERENCES PUBLIC.COMMENTS(ID) NOCHECK;
ALTER TABLE PUBLIC.CHECKSUMS ADD CONSTRAINT PUBLIC.FKLLW57XBW0D67OPTMWFMU3P2PC FOREIGN KEY(AREA_ID) REFERENCES PUBLIC.AREAS(ID) NOCHECK;
