SET DB_CLOSE_DELAY -1;
;
CREATE USER IF NOT EXISTS SA SALT 'bdbb2fbcf52da535' HASH '3c2a44572ee56f15d59129d02a19ad5a8d0b776a977cd61cde637f2f55cf927f' ADMIN;
CREATE SEQUENCE PUBLIC.HIBERNATE_SEQUENCE START WITH 343;
CREATE MEMORY TABLE PUBLIC.AREAS(
ID BIGINT NOT NULL,
CREATED_AT TIMESTAMP NOT NULL,
UPDATED_AT TIMESTAMP NOT NULL,
DESCRIPTION VARCHAR(255) NOT NULL,
TITLE VARCHAR(255) NOT NULL,
CREATED_BY_ID BIGINT NOT NULL
);
ALTER TABLE PUBLIC.AREAS ADD CONSTRAINT PUBLIC.CONSTRAINT_3 PRIMARY KEY(ID);
-- 10 +/- SELECT COUNT(*) FROM PUBLIC.AREAS;
INSERT INTO PUBLIC.AREAS(ID, CREATED_AT, UPDATED_AT, DESCRIPTION, TITLE, CREATED_BY_ID) VALUES
(21, TIMESTAMP '2018-12-10 14:48:32.969', TIMESTAMP '2018-12-10 14:48:32.969', 'Nice description for test area #0', 'Area 0', 1),
(22, TIMESTAMP '2018-12-10 14:48:32.971', TIMESTAMP '2018-12-10 14:48:32.971', 'Nice description for test area #1', 'Area 1', 1),
(23, TIMESTAMP '2018-12-10 14:48:32.973', TIMESTAMP '2018-12-10 14:48:32.973', 'Nice description for test area #2', 'Area 2', 1),
(24, TIMESTAMP '2018-12-10 14:48:32.974', TIMESTAMP '2018-12-10 14:48:32.974', 'Nice description for test area #3', 'Area 3', 1),
(25, TIMESTAMP '2018-12-10 14:48:32.977', TIMESTAMP '2018-12-10 14:48:32.977', 'Nice description for test area #4', 'Area 4', 1),
(26, TIMESTAMP '2018-12-10 14:48:32.978', TIMESTAMP '2018-12-10 14:48:32.978', 'Nice description for test area #5', 'Area 5', 1),
(27, TIMESTAMP '2018-12-10 14:48:32.987', TIMESTAMP '2018-12-10 14:48:32.987', 'Nice description for test area #6', 'Area 6', 1),
(28, TIMESTAMP '2018-12-10 14:48:32.989', TIMESTAMP '2018-12-10 14:48:32.989', 'Nice description for test area #7', 'Area 7', 1),
(29, TIMESTAMP '2018-12-10 14:48:32.991', TIMESTAMP '2018-12-10 14:48:32.991', 'Nice description for test area #8', 'Area 8', 1),
(30, TIMESTAMP '2018-12-10 14:48:32.993', TIMESTAMP '2018-12-10 14:48:32.993', 'Nice description for test area #9', 'Area 9', 1);
CREATE MEMORY TABLE PUBLIC.BALLOT_MODEL(
ID BIGINT NOT NULL,
LEVEL INTEGER NOT NULL,
VOTE_COUNT INTEGER NOT NULL,
CHECKSUM_CHECKSUM VARCHAR(255) NOT NULL,
POLL_ID BIGINT NOT NULL
);
ALTER TABLE PUBLIC.BALLOT_MODEL ADD CONSTRAINT PUBLIC.CONSTRAINT_6 PRIMARY KEY(ID);
-- 30 +/- SELECT COUNT(*) FROM PUBLIC.BALLOT_MODEL;
INSERT INTO PUBLIC.BALLOT_MODEL(ID, LEVEL, VOTE_COUNT, CHECKSUM_CHECKSUM, POLL_ID) VALUES
(275, 0, 1, '$2a$10$1IdrGrRAN2Wp3U7QI.JIzuuViLszDdeyBQZ4QNjYJJWIYI5M2O3G2', 246),
(276, 0, 1, '$2a$10$1IdrGrRAN2Wp3U7QI.JIzuDl5QTomD0jkJDoG.VH7LgF6BaMi7mUu', 246),
(277, 0, 1, '$2a$10$1IdrGrRAN2Wp3U7QI.JIzumrB8gg15WYrl/9Od2a/lKdcXxyoRqYe', 246),
(278, 0, 1, '$2a$10$1IdrGrRAN2Wp3U7QI.JIzumF7aPaiUyhTd0m56K/SiA71ec5pLFu2', 246),
(279, 0, 1, '$2a$10$1IdrGrRAN2Wp3U7QI.JIzuaW/fGb8Z2mJgsKxYwe5.NrtAFNxSQVS', 246),
(280, 0, 1, '$2a$10$1IdrGrRAN2Wp3U7QI.JIzu0U7xajdi9.MlI8tTpf7ZVQmMn3XTPaq', 246),
(281, 0, 1, '$2a$10$1IdrGrRAN2Wp3U7QI.JIzuA2amXnXPKlVvjlg62SZ08/U45S1krWS', 246),
(282, 0, 1, '$2a$10$1IdrGrRAN2Wp3U7QI.JIzuWb3cSZmVC9yx83VYQxwLFYSL5g8IoRy', 246),
(283, 0, 1, '$2a$10$1IdrGrRAN2Wp3U7QI.JIzuaXivFiTa4cwzBq6IwpHyvmd9OIEIHwW', 246),
(284, 0, 1, '$2a$10$1IdrGrRAN2Wp3U7QI.JIzuYTSKjBSu3cADo/STK5moSHUhn6NKcyS', 246),
(285, 0, 1, '$2a$10$1IdrGrRAN2Wp3U7QI.JIzuYun6DCp3DqD0HkMSxupTiHcONZRP0YC', 246),
(286, 0, 1, '$2a$10$1IdrGrRAN2Wp3U7QI.JIzuj/DUpsANoEk4usC10lyWBvgCY2jpdQ6', 246),
(287, 0, 1, '$2a$10$1IdrGrRAN2Wp3U7QI.JIzukT2e4dWh2jhcsPdh.C5JEqMyz08zCoa', 246),
(288, 0, 1, '$2a$10$1IdrGrRAN2Wp3U7QI.JIzuRe9KBAxYEu.ylAyhV50ek90rELSRGqG', 246),
(289, 0, 1, '$2a$10$1IdrGrRAN2Wp3U7QI.JIzuQi87d/P3rgtaiDqqegSB4vu2sByXkly', 246),
(326, 0, 1, '$2a$10$1IdrGrRAN2Wp3U7QI.JIzuuViLszDdeyBQZ4QNjYJJWIYI5M2O3G2', 297),
(327, 0, 1, '$2a$10$1IdrGrRAN2Wp3U7QI.JIzuDl5QTomD0jkJDoG.VH7LgF6BaMi7mUu', 297),
(328, 0, 1, '$2a$10$1IdrGrRAN2Wp3U7QI.JIzumrB8gg15WYrl/9Od2a/lKdcXxyoRqYe', 297),
(329, 0, 1, '$2a$10$1IdrGrRAN2Wp3U7QI.JIzumF7aPaiUyhTd0m56K/SiA71ec5pLFu2', 297),
(330, 0, 1, '$2a$10$1IdrGrRAN2Wp3U7QI.JIzuaW/fGb8Z2mJgsKxYwe5.NrtAFNxSQVS', 297),
(331, 0, 1, '$2a$10$1IdrGrRAN2Wp3U7QI.JIzu0U7xajdi9.MlI8tTpf7ZVQmMn3XTPaq', 297),
(332, 0, 1, '$2a$10$1IdrGrRAN2Wp3U7QI.JIzuA2amXnXPKlVvjlg62SZ08/U45S1krWS', 297),
(333, 0, 1, '$2a$10$1IdrGrRAN2Wp3U7QI.JIzuWb3cSZmVC9yx83VYQxwLFYSL5g8IoRy', 297),
(334, 0, 1, '$2a$10$1IdrGrRAN2Wp3U7QI.JIzuaXivFiTa4cwzBq6IwpHyvmd9OIEIHwW', 297),
(335, 0, 1, '$2a$10$1IdrGrRAN2Wp3U7QI.JIzuYTSKjBSu3cADo/STK5moSHUhn6NKcyS', 297),
(336, 0, 1, '$2a$10$1IdrGrRAN2Wp3U7QI.JIzuYun6DCp3DqD0HkMSxupTiHcONZRP0YC', 297),
(337, 0, 1, '$2a$10$1IdrGrRAN2Wp3U7QI.JIzuj/DUpsANoEk4usC10lyWBvgCY2jpdQ6', 297),
(338, 0, 1, '$2a$10$1IdrGrRAN2Wp3U7QI.JIzukT2e4dWh2jhcsPdh.C5JEqMyz08zCoa', 297),
(339, 0, 1, '$2a$10$1IdrGrRAN2Wp3U7QI.JIzuRe9KBAxYEu.ylAyhV50ek90rELSRGqG', 297),
(340, 0, 1, '$2a$10$1IdrGrRAN2Wp3U7QI.JIzuQi87d/P3rgtaiDqqegSB4vu2sByXkly', 297);
CREATE MEMORY TABLE PUBLIC.BALLOT_MODEL_VOTE_ORDER(
BALLOT_MODEL_ID BIGINT NOT NULL,
VOTE_ORDER_ID BIGINT NOT NULL,
VOTE_ORDER_ORDER INTEGER NOT NULL
);
ALTER TABLE PUBLIC.BALLOT_MODEL_VOTE_ORDER ADD CONSTRAINT PUBLIC.CONSTRAINT_E PRIMARY KEY(BALLOT_MODEL_ID, VOTE_ORDER_ORDER);
-- 131 +/- SELECT COUNT(*) FROM PUBLIC.BALLOT_MODEL_VOTE_ORDER;
INSERT INTO PUBLIC.BALLOT_MODEL_VOTE_ORDER(BALLOT_MODEL_ID, VOTE_ORDER_ID, VOTE_ORDER_ORDER) VALUES
(275, 239, 0),
(275, 268, 1),
(275, 254, 2),
(275, 261, 3),
(276, 254, 0),
(276, 239, 1),
(276, 261, 2),
(276, 268, 3),
(277, 247, 0),
(277, 261, 1),
(277, 268, 2),
(277, 239, 3),
(277, 254, 4),
(278, 239, 0),
(278, 247, 1),
(278, 254, 2),
(278, 261, 3),
(279, 254, 0),
(279, 247, 1),
(279, 261, 2),
(279, 239, 3),
(279, 268, 4),
(280, 247, 0),
(280, 268, 1),
(281, 247, 0),
(281, 261, 1),
(281, 239, 2),
(281, 268, 3),
(281, 254, 4),
(282, 268, 0),
(282, 261, 1),
(282, 247, 2),
(282, 239, 3),
(283, 268, 0),
(283, 261, 1),
(283, 247, 2),
(283, 239, 3),
(283, 254, 4),
(284, 239, 0),
(284, 254, 1),
(284, 261, 2),
(284, 247, 3),
(285, 254, 0),
(285, 268, 1),
(285, 239, 2),
(285, 247, 3),
(285, 261, 4),
(286, 268, 0),
(286, 254, 1),
(287, 268, 0),
(287, 261, 1),
(287, 239, 2),
(287, 247, 3),
(287, 254, 4),
(288, 268, 0),
(288, 261, 1),
(288, 254, 2),
(288, 247, 3),
(289, 239, 0),
(289, 254, 1),
(289, 268, 2),
(326, 290, 0),
(326, 312, 1),
(326, 305, 2),
(326, 298, 3),
(327, 290, 0),
(327, 312, 1),
(327, 305, 2),
(327, 319, 3),
(327, 298, 4),
(328, 312, 0),
(328, 319, 1),
(328, 305, 2),
(328, 298, 3),
(328, 290, 4),
(329, 305, 0),
(329, 312, 1),
(329, 319, 2),
(329, 298, 3),
(329, 290, 4),
(330, 319, 0),
(330, 298, 1),
(330, 312, 2),
(330, 305, 3),
(331, 319, 0),
(331, 312, 1),
(331, 305, 2),
(331, 290, 3),
(331, 298, 4),
(332, 319, 0),
(332, 312, 1),
(332, 305, 2),
(332, 290, 3),
(333, 298, 0),
(333, 319, 1),
(333, 290, 2),
(333, 312, 3),
(333, 305, 4),
(334, 319, 0),
(334, 312, 1),
(334, 290, 2),
(334, 298, 3),
(334, 305, 4),
(335, 298, 0),
(335, 290, 1),
(335, 305, 2),
(335, 312, 3),
(336, 290, 0),
(336, 298, 1),
(336, 305, 2),
(336, 319, 3),
(337, 319, 0),
(337, 312, 1),
(337, 290, 2),
(337, 305, 3),
(337, 298, 4),
(338, 319, 0),
(338, 305, 1),
(338, 298, 2),
(338, 290, 3),
(338, 312, 4),
(339, 298, 0),
(339, 319, 1),
(339, 290, 2),
(339, 312, 3),
(339, 305, 4),
(340, 298, 0),
(340, 305, 1),
(340, 290, 2),
(340, 312, 3),
(340, 319, 4);
CREATE MEMORY TABLE PUBLIC.CHECKSUMS(
CHECKSUM VARCHAR(255) NOT NULL,
EXPIRES_AT TIMESTAMP,
TRANSITIVE BOOLEAN NOT NULL,
AREA_ID BIGINT,
DELEGATED_TO_CHECKSUM VARCHAR(255),
PUBLIC_PROXY_ID BIGINT
);
ALTER TABLE PUBLIC.CHECKSUMS ADD CONSTRAINT PUBLIC.CONSTRAINT_B PRIMARY KEY(CHECKSUM);
-- 18 +/- SELECT COUNT(*) FROM PUBLIC.CHECKSUMS;
INSERT INTO PUBLIC.CHECKSUMS(CHECKSUM, EXPIRES_AT, TRANSITIVE, AREA_ID, DELEGATED_TO_CHECKSUM, PUBLIC_PROXY_ID) VALUES
('$2a$10$1IdrGrRAN2Wp3U7QI.JIzueyGOu7FMMyyMJw3bvzEU2elpOrru8sy', TIMESTAMP '2018-12-11 14:48:34.525', TRUE, 21, NULL, 1),
('$2a$10$1IdrGrRAN2Wp3U7QI.JIzuIvB5fBvUb/y3tpzb1Xahzu9k87H3HZ.', TIMESTAMP '2018-12-11 14:48:35.876', TRUE, 21, '$2a$10$1IdrGrRAN2Wp3U7QI.JIzueyGOu7FMMyyMJw3bvzEU2elpOrru8sy', 4),
('$2a$10$1IdrGrRAN2Wp3U7QI.JIzu9jY7URudOBmsrn4SD7Sp2bRAti6ztwK', TIMESTAMP '2018-12-11 14:48:36.247', FALSE, 21, '$2a$10$1IdrGrRAN2Wp3U7QI.JIzuIvB5fBvUb/y3tpzb1Xahzu9k87H3HZ.', 6),
('$2a$10$1IdrGrRAN2Wp3U7QI.JIzuuViLszDdeyBQZ4QNjYJJWIYI5M2O3G2', TIMESTAMP '2018-12-11 14:48:43.934', TRUE, 21, NULL, 13),
('$2a$10$1IdrGrRAN2Wp3U7QI.JIzuDl5QTomD0jkJDoG.VH7LgF6BaMi7mUu', TIMESTAMP '2018-12-11 14:48:44.336', TRUE, 21, NULL, 15),
('$2a$10$1IdrGrRAN2Wp3U7QI.JIzumrB8gg15WYrl/9Od2a/lKdcXxyoRqYe', TIMESTAMP '2018-12-11 14:48:44.722', FALSE, 21, NULL, 7),
('$2a$10$1IdrGrRAN2Wp3U7QI.JIzumF7aPaiUyhTd0m56K/SiA71ec5pLFu2', TIMESTAMP '2018-12-11 14:48:45.11', TRUE, 21, '$2a$10$1IdrGrRAN2Wp3U7QI.JIzueyGOu7FMMyyMJw3bvzEU2elpOrru8sy', 3),
('$2a$10$1IdrGrRAN2Wp3U7QI.JIzuaW/fGb8Z2mJgsKxYwe5.NrtAFNxSQVS', TIMESTAMP '2018-12-11 14:48:45.499', TRUE, 21, '$2a$10$1IdrGrRAN2Wp3U7QI.JIzuIvB5fBvUb/y3tpzb1Xahzu9k87H3HZ.', 5),
('$2a$10$1IdrGrRAN2Wp3U7QI.JIzu0U7xajdi9.MlI8tTpf7ZVQmMn3XTPaq', TIMESTAMP '2018-12-11 14:48:45.882', TRUE, 21, NULL, 10),
('$2a$10$1IdrGrRAN2Wp3U7QI.JIzuA2amXnXPKlVvjlg62SZ08/U45S1krWS', TIMESTAMP '2018-12-11 14:48:46.268', TRUE, 21, NULL, 11),
('$2a$10$1IdrGrRAN2Wp3U7QI.JIzuWb3cSZmVC9yx83VYQxwLFYSL5g8IoRy', TIMESTAMP '2018-12-11 14:48:46.506', TRUE, 21, '$2a$10$1IdrGrRAN2Wp3U7QI.JIzueyGOu7FMMyyMJw3bvzEU2elpOrru8sy', NULL),
('$2a$10$1IdrGrRAN2Wp3U7QI.JIzuaXivFiTa4cwzBq6IwpHyvmd9OIEIHwW', TIMESTAMP '2018-12-11 14:48:46.894', TRUE, 21, NULL, 9),
('$2a$10$1IdrGrRAN2Wp3U7QI.JIzuYTSKjBSu3cADo/STK5moSHUhn6NKcyS', TIMESTAMP '2018-12-11 14:48:47.289', TRUE, 21, NULL, 16),
('$2a$10$1IdrGrRAN2Wp3U7QI.JIzuYun6DCp3DqD0HkMSxupTiHcONZRP0YC', TIMESTAMP '2018-12-11 14:48:47.672', TRUE, 21, NULL, 20),
('$2a$10$1IdrGrRAN2Wp3U7QI.JIzuj/DUpsANoEk4usC10lyWBvgCY2jpdQ6', TIMESTAMP '2018-12-11 14:48:48.058', TRUE, 21, NULL, 18),
('$2a$10$1IdrGrRAN2Wp3U7QI.JIzukT2e4dWh2jhcsPdh.C5JEqMyz08zCoa', TIMESTAMP '2018-12-11 14:48:48.446', TRUE, 21, NULL, 14),
('$2a$10$1IdrGrRAN2Wp3U7QI.JIzuRe9KBAxYEu.ylAyhV50ek90rELSRGqG', TIMESTAMP '2018-12-11 14:48:48.834', TRUE, 21, NULL, 19),
('$2a$10$1IdrGrRAN2Wp3U7QI.JIzuQi87d/P3rgtaiDqqegSB4vu2sByXkly', TIMESTAMP '2018-12-11 14:48:49.222', TRUE, 21, NULL, 12);
CREATE MEMORY TABLE PUBLIC.COMMENTS(
ID BIGINT NOT NULL,
CREATED_AT TIMESTAMP NOT NULL,
UPDATED_AT TIMESTAMP NOT NULL,
COMMENT VARCHAR(255) NOT NULL,
CREATED_BY_ID BIGINT NOT NULL,
PARENT_ID BIGINT
);
ALTER TABLE PUBLIC.COMMENTS ADD CONSTRAINT PUBLIC.CONSTRAINT_A PRIMARY KEY(ID);
-- 90 +/- SELECT COUNT(*) FROM PUBLIC.COMMENTS;
INSERT INTO PUBLIC.COMMENTS(ID, CREATED_AT, UPDATED_AT, COMMENT, CREATED_BY_ID, PARENT_ID) VALUES
(204, TIMESTAMP '2018-12-10 14:48:37.629', TIMESTAMP '2018-12-10 14:48:37.629', 'Comment on root level. I really like this idea, but needs to be improved.', 10, NULL),
(205, TIMESTAMP '2018-12-10 14:48:37.63', TIMESTAMP '2018-12-10 14:48:37.63', 'Reply 0 Lorem ipsum dolor sit amet, consectetur adipiscing elit, sed do e', 8, 204),
(206, TIMESTAMP '2018-12-10 14:48:37.632', TIMESTAMP '2018-12-10 14:48:37.632', 'Reply 1 Lorem ipsum dolor sit amet, consectetur adipiscing ', 7, 204),
(207, TIMESTAMP '2018-12-10 14:48:37.633', TIMESTAMP '2018-12-10 14:48:37.633', 'Reply 2 Lorem ipsum dolor s', 18, 204),
(208, TIMESTAMP '2018-12-10 14:48:37.634', TIMESTAMP '2018-12-10 14:48:37.634', 'Reply 3 Lorem ipsum dol', 5, 204),
(209, TIMESTAMP '2018-12-10 14:48:37.635', TIMESTAMP '2018-12-10 14:48:37.635', 'Reply 4 Lorem ipsum dolor sit amet, consectetur adipiscing elit, sed do ', 8, 204),
(212, TIMESTAMP '2018-12-10 14:48:37.667', TIMESTAMP '2018-12-10 14:48:37.667', 'Comment on root level. I really like this idea, but needs to be improved.', 1, NULL),
(213, TIMESTAMP '2018-12-10 14:48:37.668', TIMESTAMP '2018-12-10 14:48:37.668', 'Reply 0 Lorem ipsum dolor sit amet, consectetur adipiscing elit, sed do eiusmod tempor incididunt ut labore', 17, 212),
(214, TIMESTAMP '2018-12-10 14:48:37.669', TIMESTAMP '2018-12-10 14:48:37.669', 'Reply 1 Lorem ipsum dolor sit amet, consectetur ad', 7, 212),
(215, TIMESTAMP '2018-12-10 14:48:37.67', TIMESTAMP '2018-12-10 14:48:37.67', 'Reply 2 Lorem ipsum dolor sit amet, consectetur adipiscing elit, sed do eiusmod tempor inci', 16, 212),
(216, TIMESTAMP '2018-12-10 14:48:37.67', TIMESTAMP '2018-12-10 14:48:37.67', 'Reply 3 Lorem ipsum dolor sit amet, ', 9, 212),
(217, TIMESTAMP '2018-12-10 14:48:37.671', TIMESTAMP '2018-12-10 14:48:37.671', 'Reply 4 Lorem ipsum dolor sit amet, consectetur adipiscing elit, sed do eiusmod te', 13, 212),
(219, TIMESTAMP '2018-12-10 14:48:37.686', TIMESTAMP '2018-12-10 14:48:37.686', 'Comment on root level. I really like this idea, but needs to be improved.', 11, NULL),
(220, TIMESTAMP '2018-12-10 14:48:37.687', TIMESTAMP '2018-12-10 14:48:37.687', 'Reply 0 Lorem ipsum d', 8, 219),
(221, TIMESTAMP '2018-12-10 14:48:37.687', TIMESTAMP '2018-12-10 14:48:37.687', 'Reply 1 Lorem ipsum dolor sit amet, consectetur adip', 1, 219),
(222, TIMESTAMP '2018-12-10 14:48:37.688', TIMESTAMP '2018-12-10 14:48:37.688', 'Reply 2 Lorem ipsum dolor sit amet, consectet', 5, 219),
(223, TIMESTAMP '2018-12-10 14:48:37.689', TIMESTAMP '2018-12-10 14:48:37.689', 'Reply 3 Lorem ipsum dolor sit amet, consectetur adipiscing elit, sed ', 4, 219),
(224, TIMESTAMP '2018-12-10 14:48:37.689', TIMESTAMP '2018-12-10 14:48:37.689', 'Reply 4 Lorem ipsum dolor sit amet, consectetur adipiscing elit, sed do eiusmod tempor incididunt ut labo', 8, 219),
(226, TIMESTAMP '2018-12-10 14:48:37.704', TIMESTAMP '2018-12-10 14:48:37.704', 'Comment on root level. I really like this idea, but needs to be improved.', 7, NULL),
(227, TIMESTAMP '2018-12-10 14:48:37.705', TIMESTAMP '2018-12-10 14:48:37.705', 'Reply 0 Lorem ipsum dolor sit amet, consectetur adipiscing elit, sed do eiusmod tempor incididunt ut lab', 19, 226),
(228, TIMESTAMP '2018-12-10 14:48:37.705', TIMESTAMP '2018-12-10 14:48:37.705', 'Reply 1 Lorem ipsum dolor sit amet, consectetur adipiscing elit, sed do eiusmod tempor incididunt ut lab', 16, 226),
(229, TIMESTAMP '2018-12-10 14:48:37.706', TIMESTAMP '2018-12-10 14:48:37.706', 'Reply 2 Lorem ipsum dolor sit amet, consectetur adipiscing elit, sed do eiusmod tempor ', 8, 226),
(230, TIMESTAMP '2018-12-10 14:48:37.707', TIMESTAMP '2018-12-10 14:48:37.707', 'Reply 3 Lorem ipsum dolor sit amet, consectetur adipiscing elit, sed do ei', 17, 226),
(231, TIMESTAMP '2018-12-10 14:48:37.707', TIMESTAMP '2018-12-10 14:48:37.707', 'Reply 4 Lorem ipsum dolor sit amet, consectetu', 13, 226),
(233, TIMESTAMP '2018-12-10 14:48:37.72', TIMESTAMP '2018-12-10 14:48:37.72', 'Comment on root level. I really like this idea, but needs to be improved.', 11, NULL);
INSERT INTO PUBLIC.COMMENTS(ID, CREATED_AT, UPDATED_AT, COMMENT, CREATED_BY_ID, PARENT_ID) VALUES
(234, TIMESTAMP '2018-12-10 14:48:37.721', TIMESTAMP '2018-12-10 14:48:37.721', 'Reply 0 Lorem ipsum dolor sit amet,', 7, 233),
(235, TIMESTAMP '2018-12-10 14:48:37.722', TIMESTAMP '2018-12-10 14:48:37.722', 'Reply 1 Lorem ipsum dolor sit amet, ', 12, 233),
(236, TIMESTAMP '2018-12-10 14:48:37.722', TIMESTAMP '2018-12-10 14:48:37.722', 'Reply 2 Lorem ipsum dolor sit amet, co', 5, 233),
(237, TIMESTAMP '2018-12-10 14:48:37.723', TIMESTAMP '2018-12-10 14:48:37.723', 'Reply 3 Lorem ipsum dolor sit amet, consect', 14, 233),
(238, TIMESTAMP '2018-12-10 14:48:37.723', TIMESTAMP '2018-12-10 14:48:37.723', 'Reply 4 Lorem ipsum dolor sit amet, consectetur', 17, 233),
(240, TIMESTAMP '2018-12-10 14:48:37.737', TIMESTAMP '2018-12-10 14:48:37.737', 'Comment on root level. I really like this idea, but needs to be improved.', 20, NULL),
(241, TIMESTAMP '2018-12-10 14:48:37.738', TIMESTAMP '2018-12-10 14:48:37.738', 'Reply 0 Lorem ipsum dolor sit amet, consectetur adipiscing e', 6, 240),
(242, TIMESTAMP '2018-12-10 14:48:37.738', TIMESTAMP '2018-12-10 14:48:37.738', 'Reply 1 Lorem ipsum dolor sit amet, consectetur ad', 17, 240),
(243, TIMESTAMP '2018-12-10 14:48:37.739', TIMESTAMP '2018-12-10 14:48:37.739', 'Reply 2 Lorem ipsum dolor sit amet, consectetur adipiscing elit, sed do eiusmod tempor incididunt', 5, 240),
(244, TIMESTAMP '2018-12-10 14:48:37.739', TIMESTAMP '2018-12-10 14:48:37.739', 'Reply 3 Lorem ipsum dolor sit amet, consectetur adipiscing elit, sed ', 2, 240),
(245, TIMESTAMP '2018-12-10 14:48:37.752', TIMESTAMP '2018-12-10 14:48:37.752', 'Reply 4 Lorem ipsum dolor sit amet, consectetur adipiscing elit, sed do eiusmod tempor ', 7, 240),
(248, TIMESTAMP '2018-12-10 14:48:37.77', TIMESTAMP '2018-12-10 14:48:37.77', 'Comment on root level. I really like this idea, but needs to be improved.', 20, NULL),
(249, TIMESTAMP '2018-12-10 14:48:37.771', TIMESTAMP '2018-12-10 14:48:37.771', 'Reply 0 Lorem ipsum ', 8, 248),
(250, TIMESTAMP '2018-12-10 14:48:37.772', TIMESTAMP '2018-12-10 14:48:37.772', 'Reply 1 Lorem ipsum dolor sit amet, co', 7, 248),
(251, TIMESTAMP '2018-12-10 14:48:37.773', TIMESTAMP '2018-12-10 14:48:37.773', 'Reply 2 Lorem ipsum dolor sit amet, consectetur adipiscing eli', 2, 248),
(252, TIMESTAMP '2018-12-10 14:48:37.774', TIMESTAMP '2018-12-10 14:48:37.774', 'Reply 3 Lorem ipsum dolor sit amet, consectetur adipiscing elit, sed do eiusmod tem', 14, 248),
(253, TIMESTAMP '2018-12-10 14:48:37.774', TIMESTAMP '2018-12-10 14:48:37.774', 'Reply 4 Lorem ipsum dolor sit amet, consecte', 10, 248),
(255, TIMESTAMP '2018-12-10 14:48:37.793', TIMESTAMP '2018-12-10 14:48:37.793', 'Comment on root level. I really like this idea, but needs to be improved.', 16, NULL),
(256, TIMESTAMP '2018-12-10 14:48:37.796', TIMESTAMP '2018-12-10 14:48:37.796', 'Reply 0 Lorem ipsum dolor sit amet, consectetur adipiscing elit, s', 20, 255),
(257, TIMESTAMP '2018-12-10 14:48:37.797', TIMESTAMP '2018-12-10 14:48:37.797', 'Reply 1 Lorem ipsum dolor sit amet,', 16, 255),
(258, TIMESTAMP '2018-12-10 14:48:37.801', TIMESTAMP '2018-12-10 14:48:37.801', 'Reply 2 Lorem ipsum dolo', 3, 255),
(259, TIMESTAMP '2018-12-10 14:48:37.802', TIMESTAMP '2018-12-10 14:48:37.802', 'Reply 3 Lorem ipsum dolor sit amet, consectetur adipis', 8, 255),
(260, TIMESTAMP '2018-12-10 14:48:37.803', TIMESTAMP '2018-12-10 14:48:37.803', 'Reply 4 Lorem ipsum dolor sit amet, consectetur adipiscing elit, sed do ', 15, 255),
(262, TIMESTAMP '2018-12-10 14:48:37.817', TIMESTAMP '2018-12-10 14:48:37.817', 'Comment on root level. I really like this idea, but needs to be improved.', 19, NULL),
(263, TIMESTAMP '2018-12-10 14:48:37.818', TIMESTAMP '2018-12-10 14:48:37.818', 'Reply 0 Lorem ipsum dolor sit amet, consectetur adipiscing elit, sed do eiusmod tempor incididunt ut la', 8, 262),
(264, TIMESTAMP '2018-12-10 14:48:37.819', TIMESTAMP '2018-12-10 14:48:37.819', 'Reply 1 Lorem ipsum', 2, 262),
(265, TIMESTAMP '2018-12-10 14:48:37.821', TIMESTAMP '2018-12-10 14:48:37.821', 'Reply 2 Lorem ipsum dolor', 2, 262);
INSERT INTO PUBLIC.COMMENTS(ID, CREATED_AT, UPDATED_AT, COMMENT, CREATED_BY_ID, PARENT_ID) VALUES
(266, TIMESTAMP '2018-12-10 14:48:37.822', TIMESTAMP '2018-12-10 14:48:37.822', 'Reply 3 Lorem ipsum dolor sit amet, consectetur adipiscing elit, sed do eiusmod tem', 3, 262),
(267, TIMESTAMP '2018-12-10 14:48:37.822', TIMESTAMP '2018-12-10 14:48:37.822', 'Reply 4 Lorem ipsum dolor sit am', 5, 262),
(269, TIMESTAMP '2018-12-10 14:48:37.839', TIMESTAMP '2018-12-10 14:48:37.839', 'Comment on root level. I really like this idea, but needs to be improved.', 15, NULL),
(270, TIMESTAMP '2018-12-10 14:48:37.84', TIMESTAMP '2018-12-10 14:48:37.84', 'Reply 0 Lorem ipsum dolor sit amet, consectetur adipiscing elit, sed do eiusmod tempor incid', 8, 269),
(271, TIMESTAMP '2018-12-10 14:48:37.841', TIMESTAMP '2018-12-10 14:48:37.841', 'Reply 1 Lorem ipsum dolor sit amet, consectetur adipisc', 18, 269),
(272, TIMESTAMP '2018-12-10 14:48:37.841', TIMESTAMP '2018-12-10 14:48:37.841', 'Reply 2 Lorem ipsum ', 7, 269),
(273, TIMESTAMP '2018-12-10 14:48:37.842', TIMESTAMP '2018-12-10 14:48:37.842', 'Reply 3 Lorem ipsum dolor sit amet, consectetur adipisc', 2, 269),
(274, TIMESTAMP '2018-12-10 14:48:37.843', TIMESTAMP '2018-12-10 14:48:37.843', 'Reply 4 Lorem ipsum dolor sit amet, conse', 15, 269),
(291, TIMESTAMP '2018-12-10 14:48:43.567', TIMESTAMP '2018-12-10 14:48:43.567', 'Comment on root level. I really like this idea, but needs to be improved.', 19, NULL),
(292, TIMESTAMP '2018-12-10 14:48:43.568', TIMESTAMP '2018-12-10 14:48:43.568', 'Reply 0 Lorem ipsum dolor sit amet, consectetur adipiscing elit, sed do eiusmod tempor in', 16, 291),
(293, TIMESTAMP '2018-12-10 14:48:43.569', TIMESTAMP '2018-12-10 14:48:43.569', 'Reply 1 Lorem ipsum dolor sit amet, consectetur adipiscing elit, sed do eiusmod te', 6, 291),
(294, TIMESTAMP '2018-12-10 14:48:43.569', TIMESTAMP '2018-12-10 14:48:43.569', 'Reply 2 Lorem ipsum dolor sit amet, consectetur', 18, 291),
(295, TIMESTAMP '2018-12-10 14:48:43.569', TIMESTAMP '2018-12-10 14:48:43.569', 'Reply 3 Lorem ipsum ', 8, 291),
(296, TIMESTAMP '2018-12-10 14:48:43.57', TIMESTAMP '2018-12-10 14:48:43.57', 'Reply 4 Lorem ipsum dolor sit amet,', 20, 291),
(299, TIMESTAMP '2018-12-10 14:48:43.579', TIMESTAMP '2018-12-10 14:48:43.579', 'Comment on root level. I really like this idea, but needs to be improved.', 9, NULL),
(300, TIMESTAMP '2018-12-10 14:48:43.579', TIMESTAMP '2018-12-10 14:48:43.579', 'Reply 0 Lorem ipsum dolor sit amet, cons', 20, 299),
(301, TIMESTAMP '2018-12-10 14:48:43.58', TIMESTAMP '2018-12-10 14:48:43.58', 'Reply 1 Lorem ipsum dolor sit amet, consectetur adipiscing elit, sed do eiu', 9, 299),
(302, TIMESTAMP '2018-12-10 14:48:43.58', TIMESTAMP '2018-12-10 14:48:43.58', 'Reply 2 Lorem ipsu', 18, 299),
(303, TIMESTAMP '2018-12-10 14:48:43.58', TIMESTAMP '2018-12-10 14:48:43.58', 'Reply 3 Lorem ipsum dolor sit amet, cons', 3, 299),
(304, TIMESTAMP '2018-12-10 14:48:43.581', TIMESTAMP '2018-12-10 14:48:43.581', 'Reply 4 Lorem ipsum dolor sit amet, consectetur adipiscing elit, sed do eiusmod tem', 2, 299),
(306, TIMESTAMP '2018-12-10 14:48:43.59', TIMESTAMP '2018-12-10 14:48:43.59', 'Comment on root level. I really like this idea, but needs to be improved.', 1, NULL),
(307, TIMESTAMP '2018-12-10 14:48:43.59', TIMESTAMP '2018-12-10 14:48:43.59', 'Reply 0 Lorem ipsum dolor sit amet, consectetur adipisc', 1, 306),
(308, TIMESTAMP '2018-12-10 14:48:43.591', TIMESTAMP '2018-12-10 14:48:43.591', 'Reply 1 Lorem ipsum dolo', 7, 306),
(309, TIMESTAMP '2018-12-10 14:48:43.592', TIMESTAMP '2018-12-10 14:48:43.592', 'Reply 2 Lorem ipsum ', 2, 306),
(310, TIMESTAMP '2018-12-10 14:48:43.592', TIMESTAMP '2018-12-10 14:48:43.592', 'Reply 3 Lorem ipsum dolor sit amet, consectetur adipiscing e', 16, 306),
(311, TIMESTAMP '2018-12-10 14:48:43.593', TIMESTAMP '2018-12-10 14:48:43.593', 'Reply 4 Lorem ipsum dolo', 1, 306),
(313, TIMESTAMP '2018-12-10 14:48:43.603', TIMESTAMP '2018-12-10 14:48:43.603', 'Comment on root level. I really like this idea, but needs to be improved.', 5, NULL),
(314, TIMESTAMP '2018-12-10 14:48:43.603', TIMESTAMP '2018-12-10 14:48:43.603', 'Reply 0 Lorem ipsum dolor sit amet, consectetur adipiscing elit, sed do eiusm', 7, 313);
INSERT INTO PUBLIC.COMMENTS(ID, CREATED_AT, UPDATED_AT, COMMENT, CREATED_BY_ID, PARENT_ID) VALUES
(315, TIMESTAMP '2018-12-10 14:48:43.604', TIMESTAMP '2018-12-10 14:48:43.604', 'Reply 1 Lorem ipsum dolor sit amet, conse', 2, 313),
(316, TIMESTAMP '2018-12-10 14:48:43.604', TIMESTAMP '2018-12-10 14:48:43.604', 'Reply 2 Lorem ipsum dolor sit amet, consectetur adipiscing elit,', 19, 313),
(317, TIMESTAMP '2018-12-10 14:48:43.605', TIMESTAMP '2018-12-10 14:48:43.605', 'Reply 3 Lorem ipsum dolor sit amet, co', 8, 313),
(318, TIMESTAMP '2018-12-10 14:48:43.605', TIMESTAMP '2018-12-10 14:48:43.605', 'Reply 4 Lorem ipsum dolor sit amet, consectetur adipisc', 13, 313),
(320, TIMESTAMP '2018-12-10 14:48:43.614', TIMESTAMP '2018-12-10 14:48:43.614', 'Comment on root level. I really like this idea, but needs to be improved.', 6, NULL),
(321, TIMESTAMP '2018-12-10 14:48:43.616', TIMESTAMP '2018-12-10 14:48:43.616', 'Reply 0 Lorem ipsum dolor sit amet, consectetur adipiscing elit, sed do eiusmod', 17, 320),
(322, TIMESTAMP '2018-12-10 14:48:43.617', TIMESTAMP '2018-12-10 14:48:43.617', 'Reply 1 Lorem ipsum dolor sit amet, consectetur adipiscing elit, sed do eiu', 13, 320),
(323, TIMESTAMP '2018-12-10 14:48:43.617', TIMESTAMP '2018-12-10 14:48:43.617', 'Reply 2 Lorem ipsum dolor sit amet, consectetur adipiscing elit, sed do eiusmod tempor incid', 14, 320),
(324, TIMESTAMP '2018-12-10 14:48:43.618', TIMESTAMP '2018-12-10 14:48:43.618', 'Reply 3 Lorem ipsum dolor sit amet, consect', 9, 320),
(325, TIMESTAMP '2018-12-10 14:48:43.618', TIMESTAMP '2018-12-10 14:48:43.618', 'Reply 4 Lorem ipsum dolor sit amet, consectetur adipiscing elit, sed do eiusmod tem', 4, 320);
CREATE MEMORY TABLE PUBLIC.COMMENTS_DOWN_VOTERS(
COMMENT_MODEL_ID BIGINT NOT NULL,
DOWN_VOTERS_ID BIGINT NOT NULL
);
ALTER TABLE PUBLIC.COMMENTS_DOWN_VOTERS ADD CONSTRAINT PUBLIC.CONSTRAINT_2 PRIMARY KEY(COMMENT_MODEL_ID, DOWN_VOTERS_ID);
-- 178 +/- SELECT COUNT(*) FROM PUBLIC.COMMENTS_DOWN_VOTERS;
INSERT INTO PUBLIC.COMMENTS_DOWN_VOTERS(COMMENT_MODEL_ID, DOWN_VOTERS_ID) VALUES
(204, 2),
(204, 13),
(205, 13),
(205, 5),
(207, 2),
(207, 7),
(207, 19),
(207, 15),
(208, 4),
(208, 13),
(208, 3),
(209, 10),
(209, 12),
(212, 3),
(214, 8),
(214, 19),
(214, 16),
(215, 13),
(215, 14),
(216, 1),
(216, 5),
(219, 7),
(219, 1),
(220, 18),
(221, 17),
(221, 5),
(222, 4),
(222, 6),
(222, 20),
(222, 19),
(222, 9),
(223, 7),
(223, 1),
(223, 5),
(224, 15),
(226, 2),
(226, 14),
(226, 1),
(226, 3),
(227, 8),
(227, 1),
(227, 16),
(227, 9),
(228, 11),
(228, 17),
(228, 16),
(228, 5),
(229, 4),
(229, 18),
(229, 12),
(229, 5),
(229, 9),
(230, 16),
(231, 6),
(231, 3),
(231, 5),
(235, 6),
(235, 18),
(235, 16),
(236, 11),
(236, 5),
(237, 8),
(237, 11),
(237, 10),
(238, 7),
(238, 10),
(238, 3),
(240, 18),
(240, 10),
(240, 19),
(241, 2),
(241, 17),
(242, 5),
(243, 17),
(243, 19),
(243, 9),
(244, 11),
(244, 19),
(245, 7),
(245, 1),
(245, 19),
(245, 16),
(248, 13),
(248, 14),
(249, 9),
(250, 16),
(250, 12),
(251, 20),
(252, 17),
(252, 1),
(252, 19),
(252, 5),
(253, 13),
(253, 7),
(253, 14),
(253, 15),
(253, 5),
(258, 15),
(260, 6),
(260, 17),
(260, 5),
(262, 20),
(262, 19),
(263, 6),
(263, 8),
(263, 3),
(263, 9),
(264, 14),
(265, 13),
(266, 4),
(266, 1),
(267, 3),
(267, 5),
(267, 9),
(269, 4),
(270, 2),
(270, 18),
(270, 1),
(270, 12),
(272, 4),
(272, 17),
(274, 2),
(274, 14),
(274, 10),
(274, 19),
(274, 16),
(292, 20),
(292, 7),
(292, 5),
(295, 5),
(296, 14),
(299, 11),
(299, 19),
(299, 15),
(299, 9),
(300, 4),
(300, 8),
(300, 15),
(301, 18),
(301, 14),
(302, 6),
(302, 8),
(304, 14),
(306, 13),
(306, 1),
(306, 15),
(307, 4),
(307, 6),
(307, 1),
(308, 5),
(309, 20),
(309, 19),
(310, 11),
(310, 17),
(310, 14),
(311, 19),
(313, 18),
(315, 4),
(315, 17),
(315, 7),
(315, 15),
(315, 9),
(316, 13),
(316, 11),
(316, 17),
(316, 14),
(318, 13),
(318, 7),
(318, 10),
(318, 15),
(320, 2),
(320, 4),
(320, 3),
(321, 2),
(321, 14),
(322, 5),
(324, 1),
(325, 16);
CREATE MEMORY TABLE PUBLIC.COMMENTS_UP_VOTERS(
COMMENT_MODEL_ID BIGINT NOT NULL,
UP_VOTERS_ID BIGINT NOT NULL
);
ALTER TABLE PUBLIC.COMMENTS_UP_VOTERS ADD CONSTRAINT PUBLIC.CONSTRAINT_20 PRIMARY KEY(COMMENT_MODEL_ID, UP_VOTERS_ID);
-- 221 +/- SELECT COUNT(*) FROM PUBLIC.COMMENTS_UP_VOTERS;
INSERT INTO PUBLIC.COMMENTS_UP_VOTERS(COMMENT_MODEL_ID, UP_VOTERS_ID) VALUES
(204, 4),
(204, 11),
(204, 18),
(205, 19),
(205, 5),
(206, 11),
(206, 18),
(206, 15),
(207, 10),
(208, 20),
(212, 6),
(212, 12),
(213, 13),
(214, 2),
(214, 7),
(214, 19),
(215, 2),
(215, 8),
(215, 15),
(216, 4),
(216, 10),
(216, 1),
(216, 19),
(217, 17),
(219, 6),
(219, 19),
(220, 6),
(220, 11),
(221, 6),
(221, 16),
(222, 3),
(222, 5),
(223, 6),
(223, 17),
(224, 2),
(224, 20),
(224, 19),
(224, 5),
(226, 1),
(226, 15),
(226, 12),
(227, 14),
(227, 15),
(228, 6),
(228, 13),
(228, 10),
(229, 8),
(229, 17),
(229, 3),
(229, 16),
(229, 5),
(230, 17),
(230, 20),
(231, 18),
(231, 3),
(231, 12),
(231, 9),
(233, 14),
(234, 11),
(234, 16),
(234, 5),
(235, 2),
(235, 13),
(235, 15),
(236, 6),
(236, 3),
(237, 8),
(238, 6),
(238, 13),
(238, 8),
(238, 10),
(238, 12),
(240, 16),
(240, 9),
(241, 13),
(241, 19),
(242, 10),
(242, 19),
(242, 9),
(243, 6),
(243, 8),
(243, 19),
(244, 2),
(244, 8),
(244, 18),
(245, 11),
(248, 4),
(249, 2),
(249, 4),
(249, 15),
(250, 13),
(250, 8),
(250, 19),
(251, 4),
(251, 11),
(251, 17),
(252, 6),
(253, 10),
(253, 1),
(253, 9),
(255, 2),
(255, 13),
(255, 9),
(256, 8),
(256, 18),
(256, 20),
(256, 12),
(257, 2),
(257, 8),
(257, 11),
(257, 17),
(258, 6),
(258, 12),
(260, 13),
(260, 11),
(262, 20),
(263, 2),
(263, 3),
(264, 11),
(264, 20),
(265, 4),
(265, 16),
(265, 9),
(267, 16),
(270, 14),
(270, 5),
(271, 18),
(271, 20),
(271, 10),
(271, 5),
(273, 10),
(273, 9),
(274, 13),
(274, 19),
(291, 2),
(291, 10),
(291, 1),
(291, 16),
(291, 15),
(292, 13),
(292, 17),
(292, 7),
(292, 14),
(292, 9),
(293, 13),
(293, 6),
(293, 16),
(293, 12),
(294, 7),
(294, 1),
(294, 16),
(295, 2),
(295, 18),
(295, 19),
(295, 16),
(296, 10),
(296, 1),
(296, 12),
(299, 6),
(300, 4),
(300, 20),
(301, 11),
(301, 8),
(301, 7),
(301, 16),
(302, 11),
(302, 16),
(303, 19),
(303, 15),
(303, 5),
(304, 19),
(306, 4),
(306, 2),
(306, 3),
(307, 6),
(307, 11),
(307, 14),
(307, 10),
(307, 15),
(308, 4),
(308, 1),
(308, 15),
(308, 5),
(308, 9),
(309, 1),
(309, 3),
(309, 19),
(309, 5),
(310, 11),
(310, 7),
(310, 5),
(311, 13),
(311, 6),
(311, 18),
(313, 14),
(313, 5),
(314, 7),
(314, 14),
(314, 19),
(315, 4),
(315, 19),
(315, 9),
(316, 6),
(318, 8),
(318, 18),
(320, 2),
(321, 4),
(321, 11),
(321, 15),
(322, 18),
(322, 10),
(322, 15),
(323, 8),
(323, 20),
(323, 7),
(323, 1),
(323, 19),
(325, 13),
(325, 11),
(325, 14),
(325, 5);
CREATE MEMORY TABLE PUBLIC.DELEGATIONS(
ID BIGINT NOT NULL,
CREATED_AT TIMESTAMP NOT NULL,
UPDATED_AT TIMESTAMP NOT NULL,
REQUESTED_DELEGATION_AT TIMESTAMP,
TRANSITIVE BOOLEAN NOT NULL,
AREA_ID BIGINT NOT NULL,
FROM_USER_ID BIGINT NOT NULL,
REQUESTED_DELEGATION_FROM_CHECKSUM_CHECKSUM VARCHAR(255),
TO_PROXY_ID BIGINT NOT NULL
);
ALTER TABLE PUBLIC.DELEGATIONS ADD CONSTRAINT PUBLIC.CONSTRAINT_8 PRIMARY KEY(ID);
-- 6 +/- SELECT COUNT(*) FROM PUBLIC.DELEGATIONS;
INSERT INTO PUBLIC.DELEGATIONS(ID, CREATED_AT, UPDATED_AT, REQUESTED_DELEGATION_AT, TRANSITIVE, AREA_ID, FROM_USER_ID, REQUESTED_DELEGATION_FROM_CHECKSUM_CHECKSUM, TO_PROXY_ID) VALUES
(31, TIMESTAMP '2018-12-10 14:48:33.557', TIMESTAMP '2018-12-10 14:48:33.557', NULL, TRUE, 21, 2, NULL, 1),
(32, TIMESTAMP '2018-12-10 14:48:34.228', TIMESTAMP '2018-12-10 14:48:34.228', NULL, TRUE, 21, 3, NULL, 1),
(33, TIMESTAMP '2018-12-10 14:48:34.898', TIMESTAMP '2018-12-10 14:48:34.898', NULL, TRUE, 21, 4, NULL, 1),
(34, TIMESTAMP '2018-12-10 14:48:35.577', TIMESTAMP '2018-12-10 14:48:35.577', NULL, TRUE, 21, 5, NULL, 4),
(35, TIMESTAMP '2018-12-10 14:48:36.252', TIMESTAMP '2018-12-10 14:48:36.252', NULL, FALSE, 21, 6, NULL, 4),
(36, TIMESTAMP '2018-12-10 14:48:36.626', TIMESTAMP '2018-12-10 14:48:36.626', TIMESTAMP '2018-12-10 14:48:36.626', FALSE, 21, 7, '$2a$10$1IdrGrRAN2Wp3U7QI.JIzumrB8gg15WYrl/9Od2a/lKdcXxyoRqYe', 2);
CREATE MEMORY TABLE PUBLIC.KEY_VALUE(
ID BIGINT NOT NULL,
KEY VARCHAR(255) NOT NULL,
VALUE VARCHAR(255)
);
ALTER TABLE PUBLIC.KEY_VALUE ADD CONSTRAINT PUBLIC.CONSTRAINT_7 PRIMARY KEY(ID);
-- 0 +/- SELECT COUNT(*) FROM PUBLIC.KEY_VALUE;
CREATE MEMORY TABLE PUBLIC.LAWS(
ID BIGINT NOT NULL,
CREATED_AT TIMESTAMP NOT NULL,
UPDATED_AT TIMESTAMP NOT NULL,
DESCRIPTION VARCHAR(1000) NOT NULL,
REACHED_QUORUM_AT TIMESTAMP,
STATUS INTEGER NOT NULL,
TITLE VARCHAR(255) NOT NULL,
AREA_ID BIGINT NOT NULL,
CREATED_BY_ID BIGINT NOT NULL,
POLL_ID BIGINT
);
ALTER TABLE PUBLIC.LAWS ADD CONSTRAINT PUBLIC.CONSTRAINT_23 PRIMARY KEY(ID);
-- 183 +/- SELECT COUNT(*) FROM PUBLIC.LAWS;
INSERT INTO PUBLIC.LAWS(ID, CREATED_AT, UPDATED_AT, DESCRIPTION, REACHED_QUORUM_AT, STATUS, TITLE, AREA_ID, CREATED_BY_ID, POLL_ID) VALUES
(37, TIMESTAMP '2018-12-09 14:48:36.641', TIMESTAMP '2018-12-10 14:48:36.641', 'TH47YVt0 Lorem ipsum dolor sit amet, consectetur adipiscing elit, sed do eiusmod tempor incididunt ut labore et dolore magna aliqua. Ut enim ad minim veniam, quis nostrud exercitation ullamco laboris nisi ut aliquip ex ea c', NULL, 0, 'Idea 0 that suggest that we definitely need a longer title for ideas', 21, 16, NULL),
(38, TIMESTAMP '2018-12-08 14:48:36.645', TIMESTAMP '2018-12-09 14:48:36.645', 'PDnHCCnG Lorem ipsum dolor sit amet, consectetur adipiscing elit, sed do eiusmod tempor incididunt ut labore et dolore magna aliqua. Ut enim ad minim veniam, quis nostrud exercitation ullamco laboris nisi ut aliquip ex ea commodo consequat. Duis aute irure dolor in reprehenderit in voluptate velit esse cillum dolore eu fugiat nulla pariatur. Excepteur sint occaecat cupidatat non proide', NULL, 0, 'Idea 1 that suggest that we definitely need a longer title for ideas', 22, 9, NULL),
(39, TIMESTAMP '2018-12-07 14:48:36.648', TIMESTAMP '2018-12-08 14:48:36.648', 'Ngs1rLiD Lorem ipsum dolor sit amet, consectetur adipiscing elit, sed do eiusmod tempor incididunt ut labore et dolore magna aliqua. Ut enim ad minim veniam, quis nostrud exercitation ullamco laboris nisi ut aliquip ex ea commodo consequat. Duis aute irure dolor in reprehenderit in voluptate velit esse cillum dolore eu fugiat nulla pariatur', NULL, 0, 'Idea 2 that suggest that we definitely need a longer title for ideas', 23, 2, NULL),
(40, TIMESTAMP '2018-12-06 14:48:36.651', TIMESTAMP '2018-12-07 14:48:36.651', 'MlnWZ8eG Lorem ipsum dolor sit amet, consectetur adipiscing elit, sed do eiusmod tempor incididunt ut labore et dolore magna aliqua. Ut enim ad minim veniam, quis nostrud exercitation ullamco laboris nisi ut aliquip ex ea commodo consequat. Duis aute irure dolor in reprehenderit', NULL, 0, 'Idea 3 that suggest that we definitely need a longer title for ideas', 24, 14, NULL),
(41, TIMESTAMP '2018-12-05 14:48:36.656', TIMESTAMP '2018-12-06 14:48:36.656', '1hQ1Ok4Q Lorem ipsum dolor sit amet, consectetur adipiscing elit, sed do eiusmod tempor incididunt ut labore et dolore magna aliqua. Ut enim ad minim veniam, quis nostrud exerc', NULL, 0, 'Idea 4 that suggest that we definitely need a longer title for ideas', 25, 9, NULL),
(42, TIMESTAMP '2018-12-04 14:48:36.662', TIMESTAMP '2018-12-05 14:48:36.662', 'BISmiCjO Lorem ipsum dolor sit amet, consectetur adipiscing elit, sed do eiusmod tempor incididunt ut labore et dolore magna aliqua. Ut enim ad minim veniam, quis nostrud exercitation ullamco laboris nisi ut aliquip ex ea commodo consequat. Duis aute irure dolor in reprehende', NULL, 0, 'Idea 5 that suggest that we definitely need a longer title for ideas', 26, 2, NULL),
(43, TIMESTAMP '2018-12-03 14:48:36.667', TIMESTAMP '2018-12-04 14:48:36.667', 'dlG5EjVP Lorem ipsum dolor sit amet, consectetur adipiscing elit, sed do eiusmod tempor incididunt ut labore et dolore magna aliqua. Ut enim ad minim veniam, quis nostrud exercitation ullamco laboris nisi ut aliquip ex ea commodo consequat. Duis aute irure dolor in reprehe', NULL, 0, 'Idea 6 that suggest that we definitely need a longer title for ideas', 27, 1, NULL),
(44, TIMESTAMP '2018-12-02 14:48:36.671', TIMESTAMP '2018-12-03 14:48:36.671', 'KcdQ1a2C Lorem ipsum dolor sit amet, consectetur adipiscing elit, sed do eiusmod tempor incididunt ut labore et dolore magna aliqua. Ut enim ad minim veniam, quis nostrud exercitation ullamco laboris nisi ut aliquip ex ea commodo consequat. Duis aute irure dolor in reprehenderit in voluptate velit esse cill', NULL, 0, 'Idea 7 that suggest that we definitely need a longer title for ideas', 28, 2, NULL),
(45, TIMESTAMP '2018-12-01 14:48:36.673', TIMESTAMP '2018-12-02 14:48:36.673', 'FlfElVuC Lorem ipsum dolor sit amet, consectetur adipiscing elit, sed do eiusmod tempor incididunt ut labore et dolore magna aliqua. Ut enim ad minim veniam, quis nostrud exercitation ullamco laboris nisi ut aliquip ex ea commodo consequat. Duis aute irure dolor in reprehenderit in volu', NULL, 0, 'Idea 8 that suggest that we definitely need a longer title for ideas', 29, 13, NULL);
INSERT INTO PUBLIC.LAWS(ID, CREATED_AT, UPDATED_AT, DESCRIPTION, REACHED_QUORUM_AT, STATUS, TITLE, AREA_ID, CREATED_BY_ID, POLL_ID) VALUES
(46, TIMESTAMP '2018-11-30 14:48:36.677', TIMESTAMP '2018-12-01 14:48:36.677', 'hzhnBJC5 Lorem ipsum dolor sit amet, consectetur adipiscing elit, sed do eiusmod tempor incididunt ut labore et dolore magna aliqua. Ut enim ad minim veniam, quis nostrud exercitation ullamco laboris nisi ut aliquip ex ea commodo consequat. Duis aute', NULL, 0, 'Idea 9 that suggest that we definitely need a longer title for ideas', 30, 16, NULL),
(47, TIMESTAMP '2018-11-29 14:48:36.679', TIMESTAMP '2018-11-30 14:48:36.679', 'ZNp2WPAd Lorem ipsum dolor sit amet, consectetur adipiscing elit, sed do eiusmod tempor incididunt ut labore et dolore magna aliqua. Ut enim ad minim veniam, quis nostrud exercitation ullamco laboris nisi ut aliquip', NULL, 0, 'Idea 10 that suggest that we definitely need a longer title for ideas', 21, 9, NULL),
(48, TIMESTAMP '2018-11-28 14:48:36.682', TIMESTAMP '2018-11-29 14:48:36.682', 'I3yEX7Vg Lorem ipsum dolor sit amet, consectetur adipiscing elit, sed do eiusmod tempor incididunt ut la', NULL, 0, 'Idea 11 that suggest that we definitely need a longer title for ideas', 22, 17, NULL),
(49, TIMESTAMP '2018-11-27 14:48:36.687', TIMESTAMP '2018-11-28 14:48:36.687', 'RvfWU6BT Lorem ipsum dolor sit amet, consectetur adipiscing elit, sed do eiusmod tempor incididunt ut labore et dolore magna aliqua. U', NULL, 0, 'Idea 12 that suggest that we definitely need a longer title for ideas', 23, 11, NULL),
(50, TIMESTAMP '2018-11-26 14:48:36.69', TIMESTAMP '2018-11-27 14:48:36.69', '7C7I24IJ Lorem ipsum dolor sit amet, consectetur adipiscing elit, sed do eiusmod tempor incididunt ut labore et dolore magna aliqua. Ut enim ad minim veniam, quis nostrud exercitation ullamco laboris nisi ut aliquip ex ea commodo consequat. Duis aute irure dolor in reprehenderit in voluptate velit esse cillum dolore eu fugiat nulla pariatur. Excepteur si', NULL, 0, 'Idea 13 that suggest that we definitely need a longer title for ideas', 24, 15, NULL),
(51, TIMESTAMP '2018-11-25 14:48:36.694', TIMESTAMP '2018-11-26 14:48:36.694', 'YUi6aSS4 Lorem ipsum dolor sit amet, consectetur adipiscing elit, sed do eiusmod tempor incididunt ut labore et dolore magna aliqua. Ut enim ad minim veniam, quis nostrud exercitation ullamco laboris nisi ut aliquip ex ea commo', NULL, 0, 'Idea 14 that suggest that we definitely need a longer title for ideas', 25, 9, NULL),
(52, TIMESTAMP '2018-11-24 14:48:36.699', TIMESTAMP '2018-11-25 14:48:36.699', 'bv6BIqIQ Lorem ipsum dolor sit amet, consectetur adipiscing elit, sed do eiusmod tempor incididunt ut labore et dolore magna aliqua.', NULL, 0, 'Idea 15 that suggest that we definitely need a longer title for ideas', 26, 19, NULL),
(53, TIMESTAMP '2018-11-23 14:48:36.704', TIMESTAMP '2018-11-24 14:48:36.704', 'OFHkHxUR Lorem ipsum dolor sit amet, consectetur adipiscing elit, sed do eiusmod tempor incididunt ut labore et dolore magna aliqua. Ut enim ad minim veniam', NULL, 0, 'Idea 16 that suggest that we definitely need a longer title for ideas', 27, 12, NULL),
(54, TIMESTAMP '2018-11-22 14:48:36.709', TIMESTAMP '2018-11-23 14:48:36.709', 'zwppJNjU Lorem ipsum dolor sit amet, consectetur adipiscing elit, sed do eiusmod tempor incididunt ut labore et dolore magna aliqua. Ut enim ad minim veniam, quis nostrud exercitation ullamco laboris nisi ut aliquip ex ea commodo consequat. Duis aute irure dolor in reprehenderit in voluptate velit esse cillum dolore eu fugiat nulla pariatur. Excepteur sint occaecat cupidatat non proident, sunt', NULL, 0, 'Idea 17 that suggest that we definitely need a longer title for ideas', 28, 18, NULL),
(55, TIMESTAMP '2018-11-21 14:48:36.715', TIMESTAMP '2018-11-22 14:48:36.715', 'n0ysSH7F Lorem ipsum d', NULL, 0, 'Idea 18 that suggest that we definitely need a longer title for ideas', 29, 9, NULL),
(56, TIMESTAMP '2018-11-20 14:48:36.718', TIMESTAMP '2018-11-21 14:48:36.718', 'Rv614NpT Lorem ipsum dolor sit amet, consectetur adipiscing elit, sed do eiusmod tempor incididunt ut labore et dolore magna aliqua. Ut enim ad minim veniam, quis nostrud exercitation ullamco laboris nisi ut aliquip ex ea commodo consequat. Duis aute irure dolor in reprehenderit in volupt', NULL, 0, 'Idea 19 that suggest that we definitely need a longer title for ideas', 30, 15, NULL);
INSERT INTO PUBLIC.LAWS(ID, CREATED_AT, UPDATED_AT, DESCRIPTION, REACHED_QUORUM_AT, STATUS, TITLE, AREA_ID, CREATED_BY_ID, POLL_ID) VALUES
(57, TIMESTAMP '2018-11-19 14:48:36.722', TIMESTAMP '2018-11-20 14:48:36.723', 'zYpiH3Gt Lorem ips', NULL, 0, 'Idea 20 that suggest that we definitely need a longer title for ideas', 21, 12, NULL),
(58, TIMESTAMP '2018-11-18 14:48:36.725', TIMESTAMP '2018-11-19 14:48:36.725', 'TQVXKRQC Lorem ipsum dolor sit amet, consectetur adipiscing elit', NULL, 0, 'Idea 21 that suggest that we definitely need a longer title for ideas', 22, 3, NULL),
(59, TIMESTAMP '2018-11-17 14:48:36.727', TIMESTAMP '2018-11-18 14:48:36.727', 'RdzjpW1j Lorem ipsum dolor sit amet, consectetur adipiscing elit, sed do eiusmod tempor incididunt ut labore et dolore magna aliqua. Ut en', NULL, 0, 'Idea 22 that suggest that we definitely need a longer title for ideas', 23, 16, NULL),
(60, TIMESTAMP '2018-11-16 14:48:36.73', TIMESTAMP '2018-11-17 14:48:36.73', '5KEBwSLA Lorem ipsum dolor sit amet, consectetur adipiscing elit, sed do eiusmod tempor incidid', NULL, 0, 'Idea 23 that suggest that we definitely need a longer title for ideas', 24, 3, NULL),
(61, TIMESTAMP '2018-11-15 14:48:36.734', TIMESTAMP '2018-11-16 14:48:36.735', 'Iudojney Lorem ipsum dolor sit amet, consectetur adipiscing elit, sed do eiusmod tempor incididunt ut labore et dolore magna aliqua. Ut enim ad minim veniam, quis nostrud exercitation ullamco laboris nisi ut aliquip ex ea commodo consequat. Duis aute irure dolor in reprehenderit in voluptat', NULL, 0, 'Idea 24 that suggest that we definitely need a longer title for ideas', 25, 7, NULL),
(62, TIMESTAMP '2018-11-14 14:48:36.74', TIMESTAMP '2018-11-15 14:48:36.74', 'tS7GoFMG Lorem ipsum dolor sit amet, consectetur adipiscing elit, sed do eiusmod tempor incididunt ut labore et dolore magna aliqua. Ut enim ad minim veniam, quis nostrud exercitation ullamco laboris nisi ut aliquip ex ea commodo consequat. Duis aute irure dolor in reprehenderit in voluptate velit esse cillum dolore eu fugiat nulla pariatur. Excepteur sint occaecat cupidatat non proident,', NULL, 0, 'Idea 25 that suggest that we definitely need a longer title for ideas', 26, 5, NULL),
(63, TIMESTAMP '2018-11-13 14:48:36.743', TIMESTAMP '2018-11-14 14:48:36.743', 'tER5OoE4 Lorem ipsum dolor sit amet, consectetur adipiscing elit, sed do eiusmod tempor incididunt ut lab', NULL, 0, 'Idea 26 that suggest that we definitely need a longer title for ideas', 27, 11, NULL),
(64, TIMESTAMP '2018-11-12 14:48:36.75', TIMESTAMP '2018-11-13 14:48:36.75', '8m9X5E7E Lorem ipsum dolor sit amet, consectetur adipiscing elit, sed do eiusmod tempor incididu', NULL, 0, 'Idea 27 that suggest that we definitely need a longer title for ideas', 28, 15, NULL),
(65, TIMESTAMP '2018-11-11 14:48:36.76', TIMESTAMP '2018-11-12 14:48:36.76', 'sm2VB3Cd Lorem ipsum dolor sit amet, consectetur adipiscing elit, sed do eiusmod tempor incididunt ut labore et dolore magna a', NULL, 0, 'Idea 28 that suggest that we definitely need a longer title for ideas', 29, 6, NULL),
(66, TIMESTAMP '2018-11-10 14:48:36.77', TIMESTAMP '2018-11-11 14:48:36.77', 'ctQMO7B5 Lorem ipsum dolor sit amet, consectetur adipiscing elit, sed do eiusmod tempor incididunt ut labore et dolore magna aliqua. Ut enim ad minim v', NULL, 0, 'Idea 29 that suggest that we definitely need a longer title for ideas', 30, 10, NULL),
(67, TIMESTAMP '2018-11-09 14:48:36.779', TIMESTAMP '2018-11-10 14:48:36.779', '1tvpdm4x Lorem ipsum dolor sit amet, consectetur adipiscing elit, sed do eiusmod tempor incididunt ut labore et dolore magna aliqua. Ut enim ad minim veniam, qui', NULL, 0, 'Idea 30 that suggest that we definitely need a longer title for ideas', 21, 1, NULL),
(68, TIMESTAMP '2018-11-08 14:48:36.786', TIMESTAMP '2018-11-09 14:48:36.787', 'EyFr8jKa Lorem ipsum dolor sit amet, consectetur adipiscing elit, sed do eiusmod tempor incididunt ut labore et dolore magna aliqua. Ut enim ad minim veniam, quis nostrud exercitation ullamco laboris nisi ut aliquip ex ea commodo consequat. Duis aute irure dolor in reprehenderit in voluptate velit esse cillum dolore eu fugiat nulla pariatur. Excepteur sint occaecat cupidatat non proident, sun', NULL, 0, 'Idea 31 that suggest that we definitely need a longer title for ideas', 22, 7, NULL);
INSERT INTO PUBLIC.LAWS(ID, CREATED_AT, UPDATED_AT, DESCRIPTION, REACHED_QUORUM_AT, STATUS, TITLE, AREA_ID, CREATED_BY_ID, POLL_ID) VALUES
(69, TIMESTAMP '2018-11-07 14:48:36.792', TIMESTAMP '2018-11-08 14:48:36.792', 'LF1OrwOd Lorem ipsum dolor sit amet, consectetur adipiscing elit, sed do eiusmod tempor incididunt ut labore et dolore magna aliqua. Ut ', NULL, 0, 'Idea 32 that suggest that we definitely need a longer title for ideas', 23, 10, NULL),
(70, TIMESTAMP '2018-11-06 14:48:36.798', TIMESTAMP '2018-11-07 14:48:36.798', 'lKuiyJi4 Lorem ipsum dolo', NULL, 0, 'Idea 33 that suggest that we definitely need a longer title for ideas', 24, 4, NULL),
(71, TIMESTAMP '2018-11-05 14:48:36.804', TIMESTAMP '2018-11-06 14:48:36.804', 'RQveSiG5 Lorem ipsum dolor sit amet, consectetur adipiscing elit, sed do eiusmod tempor incididunt ut labore et dolore magna aliqua. Ut enim ad minim veniam, quis nostrud exercitation ullamco laboris nisi ut aliquip ex ea commodo consequat. Duis aute irure dolor in reprehenderit in voluptate velit esse cillum dolore eu fugiat nulla', NULL, 0, 'Idea 34 that suggest that we definitely need a longer title for ideas', 25, 8, NULL),
(72, TIMESTAMP '2018-11-04 14:48:36.809', TIMESTAMP '2018-11-05 14:48:36.809', 'i1AtQAmO Lorem ipsum dolor sit amet, consectetur adipiscing elit, sed do eiusmod temp', NULL, 0, 'Idea 35 that suggest that we definitely need a longer title for ideas', 26, 17, NULL),
(73, TIMESTAMP '2018-11-03 14:48:36.81', TIMESTAMP '2018-11-04 14:48:36.811', 'ER8Bl0nE Lorem ipsum dolor sit amet, consectetur adipiscing elit, sed do eiusmod tempor incididunt ut lab', NULL, 0, 'Idea 36 that suggest that we definitely need a longer title for ideas', 27, 16, NULL),
(74, TIMESTAMP '2018-11-02 14:48:36.814', TIMESTAMP '2018-11-03 14:48:36.814', 'wZaEzOSK Lorem ipsum dolor sit amet, consectetur adipiscing elit, sed do eiusmod tempor incididunt ut labore et dolore magna aliqua. Ut enim ad minim veniam, quis nostrud exercitation ullamco laboris nisi ut aliqu', NULL, 0, 'Idea 37 that suggest that we definitely need a longer title for ideas', 28, 6, NULL),
(75, TIMESTAMP '2018-11-01 14:48:36.821', TIMESTAMP '2018-11-02 14:48:36.821', '8e7S0rHr Lorem ipsum dolor sit amet, consectetur adipiscing elit, sed do eiusmod tempor incididunt ut labore et dolore magna aliqua. Ut enim ad minim veniam, quis nostrud exercitation ullamco laboris nisi ut aliquip ex ea commodo co', NULL, 0, 'Idea 38 that suggest that we definitely need a longer title for ideas', 29, 8, NULL),
(76, TIMESTAMP '2018-10-31 14:48:36.827', TIMESTAMP '2018-11-01 14:48:36.827', 'ceU6umrf Lorem ipsum dolor sit amet, consectetur adipiscing elit, sed do eiusmod tempor incididunt ut labore et dol', NULL, 0, 'Idea 39 that suggest that we definitely need a longer title for ideas', 30, 14, NULL),
(77, TIMESTAMP '2018-10-30 14:48:36.835', TIMESTAMP '2018-10-31 14:48:36.835', 'YWESfV57 Lorem ipsum dolor sit amet, consectetur adipiscing elit, sed do eiusmod tempor incididunt ut labore et dolore magna aliqua. Ut enim ad minim veniam, quis nostrud exercitation ullamco laboris nisi ut aliquip ex ea commodo consequat. Duis aute irure dolor in reprehenderit in voluptate velit esse cillum dolore eu fugiat nulla pariatur. Excepteur sint occ', NULL, 0, 'Idea 40 that suggest that we definitely need a longer title for ideas', 21, 11, NULL),
(78, TIMESTAMP '2018-10-29 14:48:36.84', TIMESTAMP '2018-10-30 14:48:36.84', 'ZiegxZvd Lorem ipsum dolor sit amet, consectetur adipiscing elit,', NULL, 0, 'Idea 41 that suggest that we definitely need a longer title for ideas', 22, 20, NULL),
(79, TIMESTAMP '2018-10-28 14:48:36.843', TIMESTAMP '2018-10-29 14:48:36.843', 'cDSjMFRm Lorem ipsum dolor sit amet, consectetur adipiscing elit, sed do eiusmod tempor incididunt ut labore et dolore magna aliqua. Ut enim ad minim ve', NULL, 0, 'Idea 42 that suggest that we definitely need a longer title for ideas', 23, 14, NULL),
(80, TIMESTAMP '2018-10-27 14:48:36.846', TIMESTAMP '2018-10-28 14:48:36.846', 'beDspedW Lorem ipsum dolor sit amet, consectetur adipiscing elit, sed do eiusmod tempor incididunt ut labore et dolore magna aliqua. Ut enim ad minim veniam, quis nostrud exercitation ullamco laboris nisi ut aliquip ex ea commodo consequat. Du', NULL, 0, 'Idea 43 that suggest that we definitely need a longer title for ideas', 24, 12, NULL);
INSERT INTO PUBLIC.LAWS(ID, CREATED_AT, UPDATED_AT, DESCRIPTION, REACHED_QUORUM_AT, STATUS, TITLE, AREA_ID, CREATED_BY_ID, POLL_ID) VALUES
(81, TIMESTAMP '2018-10-26 14:48:36.851', TIMESTAMP '2018-10-27 14:48:36.851', 'w0x06kpU Lorem ipsum dolor sit amet, consectetur ', NULL, 0, 'Idea 44 that suggest that we definitely need a longer title for ideas', 25, 19, NULL),
(82, TIMESTAMP '2018-10-25 14:48:36.854', TIMESTAMP '2018-10-26 14:48:36.854', 'tr7vhqvT Lorem ipsum dolor sit amet, consectetur adipiscing elit, sed do eiu', NULL, 0, 'Idea 45 that suggest that we definitely need a longer title for ideas', 26, 17, NULL),
(83, TIMESTAMP '2018-10-24 14:48:36.875', TIMESTAMP '2018-10-25 14:48:36.875', 'pyT2Nh03 Lorem ipsum dolor sit amet, consectetur adipiscing elit, sed do eiusmod tempor incididunt ut labore et dolore magna aliqua. Ut enim ad minim veniam, quis nostrud exercitation ullamco laboris nisi ut aliquip ex ea commodo consequat. Duis aute irure dolor in reprehenderit in vo', NULL, 0, 'Idea 46 that suggest that we definitely need a longer title for ideas', 27, 20, NULL),
(84, TIMESTAMP '2018-10-23 14:48:36.878', TIMESTAMP '2018-10-24 14:48:36.878', 'gifvBjJL Lorem ipsum dolor sit amet, consectetur adipiscing elit, sed do eiusmod tempor incididunt ut labore et dolore magna aliqua. Ut enim ad minim veniam, quis nostrud exercitation ullamco laboris nisi ut aliquip ex ea commodo consequat. Duis aute irure dolor in reprehenderit in voluptate velit esse cillum dolore eu fugiat nulla pariatur. Excepteur sint occaecat c', NULL, 0, 'Idea 47 that suggest that we definitely need a longer title for ideas', 28, 18, NULL),
(85, TIMESTAMP '2018-10-22 14:48:36.885', TIMESTAMP '2018-10-23 14:48:36.885', 'tSvkxsK7 Lorem ipsum dolor sit amet, consectetur a', NULL, 0, 'Idea 48 that suggest that we definitely need a longer title for ideas', 29, 13, NULL),
(86, TIMESTAMP '2018-10-21 14:48:36.887', TIMESTAMP '2018-10-22 14:48:36.887', 'yC5ZpUlL Lorem ipsum dolor sit amet, consectetur adipiscing elit, sed do eiusmod tempor incididunt ut labore et dolore magna aliqua. Ut enim ad minim veniam, quis nostrud exercitation ullamco laboris nisi ut aliquip ex ea commodo consequat. Duis aute irure dolor in reprehenderit in voluptate velit esse cillum dolore eu ', NULL, 0, 'Idea 49 that suggest that we definitely need a longer title for ideas', 30, 9, NULL),
(87, TIMESTAMP '2018-10-20 14:48:36.89', TIMESTAMP '2018-10-21 14:48:36.89', 'OOCP9FLT Lorem ipsum dolor sit amet, consectetur adipiscing elit, sed do eiusmod tempor incididunt ut labore ', NULL, 0, 'Idea 50 that suggest that we definitely need a longer title for ideas', 21, 5, NULL),
(88, TIMESTAMP '2018-10-19 14:48:36.894', TIMESTAMP '2018-10-20 14:48:36.894', 'GNHZw6QB Lorem ipsum dolor sit amet, consectetur adipiscing elit, sed do eiusmod tempor incididunt ut labore et dolore magna aliqua. Ut enim ad minim veniam, quis nostrud exercitation ullamco laboris nisi ut aliquip ex ea commodo consequat. Duis aute irure dolor in reprehenderit in voluptate velit esse cillum dolore eu fugiat nulla pariatur. Excepteur sint occaec', NULL, 0, 'Idea 51 that suggest that we definitely need a longer title for ideas', 22, 8, NULL),
(89, TIMESTAMP '2018-10-18 14:48:36.899', TIMESTAMP '2018-10-19 14:48:36.899', 'mRcKPOeS Lorem ipsum dolor sit amet, consectetur adipiscing elit, sed do eiusmod tempor inc', NULL, 0, 'Idea 52 that suggest that we definitely need a longer title for ideas', 23, 5, NULL),
(90, TIMESTAMP '2018-10-17 14:48:36.904', TIMESTAMP '2018-10-18 14:48:36.904', 'SG578uGH Lorem ipsum dolor sit amet, consectetur adipiscing elit, sed do eiusmod tempor incididunt ut labore et dolore magna aliqua. Ut enim ad minim veniam, quis nostrud exercitation ullamco laboris nisi ut aliquip ex ea commodo consequat. Duis aute irur', NULL, 0, 'Idea 53 that suggest that we definitely need a longer title for ideas', 24, 11, NULL),
(91, TIMESTAMP '2018-10-16 14:48:36.909', TIMESTAMP '2018-10-17 14:48:36.909', 'cVOrvzjq Lorem ipsum dolor sit amet, consectetur adipiscing elit, sed do eiusmod tempor incididunt ut labore et dolor', NULL, 0, 'Idea 54 that suggest that we definitely need a longer title for ideas', 25, 11, NULL);
INSERT INTO PUBLIC.LAWS(ID, CREATED_AT, UPDATED_AT, DESCRIPTION, REACHED_QUORUM_AT, STATUS, TITLE, AREA_ID, CREATED_BY_ID, POLL_ID) VALUES
(92, TIMESTAMP '2018-10-15 14:48:36.914', TIMESTAMP '2018-10-16 14:48:36.914', 'Kni0vJkn Lorem ipsum dolor sit amet, consectetur adipiscing elit, sed do eiusmod tempor incididunt ut labore et dolore magna aliqua. Ut enim ad mi', NULL, 0, 'Idea 55 that suggest that we definitely need a longer title for ideas', 26, 16, NULL),
(93, TIMESTAMP '2018-10-14 14:48:36.916', TIMESTAMP '2018-10-15 14:48:36.916', 'W57L0Gyw Lorem ipsum dolor sit amet, consectetur adipiscing elit, sed do eiusmod tempor incididunt ut labore et dolore magna aliqua. Ut enim ad minim veniam, quis nostrud exercitation ullamco laboris nisi ut aliquip ex ea commodo consequat. Duis aute irure dolor in reprehenderit in voluptate velit esse cillum dolore eu fu', NULL, 0, 'Idea 56 that suggest that we definitely need a longer title for ideas', 27, 12, NULL),
(94, TIMESTAMP '2018-10-13 14:48:36.918', TIMESTAMP '2018-10-14 14:48:36.918', 'i69Gnmsd Lorem ipsum dolor sit amet, consectetur adipiscing elit, sed do eiusmod tempor incididunt ut labore et dolore magna aliqua. Ut enim ad minim veniam, quis nostrud exercitation ullamco laboris nisi ut aliquip ex ea commodo consequat. Duis aute irure dolor in rep', NULL, 0, 'Idea 57 that suggest that we definitely need a longer title for ideas', 28, 12, NULL),
(95, TIMESTAMP '2018-10-12 14:48:36.921', TIMESTAMP '2018-10-13 14:48:36.921', 'xfXriY9K Lorem ipsum dolor sit amet, consectetur adipiscing elit, sed do eiusmod tempor incididunt ut labore et dolore magna aliqua. Ut enim ad minim veniam, quis nos', NULL, 0, 'Idea 58 that suggest that we definitely need a longer title for ideas', 29, 6, NULL),
(96, TIMESTAMP '2018-10-11 14:48:36.925', TIMESTAMP '2018-10-12 14:48:36.925', 'rSm1f5hr Lorem ipsum dolor sit amet, consectetur adipiscing elit, sed do eiusmod tempor incididunt ut labore et dolore magna aliqua. Ut enim ad minim veniam, quis nostrud exercitation ullamco laboris nisi ut aliquip ex ea commodo consequat. Duis aute irure dolor in reprehenderit in voluptate velit esse cillum dolore eu fugiat nu', NULL, 0, 'Idea 59 that suggest that we definitely need a longer title for ideas', 30, 19, NULL),
(97, TIMESTAMP '2018-10-10 14:48:36.928', TIMESTAMP '2018-10-11 14:48:36.928', '9RAJ1tZN Lorem ipsum dolor sit amet, consectetur adipiscing elit, sed do eiusmod tempor incididunt ut labore et dolore magna aliqua. Ut enim ad minim veniam, quis nostrud exercitation ullamco laboris nisi ut aliquip ex ea commodo co', NULL, 0, 'Idea 60 that suggest that we definitely need a longer title for ideas', 21, 11, NULL),
(98, TIMESTAMP '2018-10-09 14:48:36.934', TIMESTAMP '2018-10-10 14:48:36.934', 'OXboB1Ww Lorem ipsum dolor sit amet, consectetur adipiscing elit, sed do eiusmod tempor incididunt ut labore et dolore magna aliqua. Ut enim ad minim veniam, quis nostrud exercitation ullamco laboris nisi ut aliquip ex ea commodo consequat. Duis aute irure dolor in reprehenderit in voluptate velit esse cillum dolore eu f', NULL, 0, 'Idea 61 that suggest that we definitely need a longer title for ideas', 22, 16, NULL),
(99, TIMESTAMP '2018-10-08 14:48:36.938', TIMESTAMP '2018-10-09 14:48:36.938', '35ptyKzh Lorem ipsum dolor sit amet, consectetur adipiscing elit, ', NULL, 0, 'Idea 62 that suggest that we definitely need a longer title for ideas', 23, 6, NULL),
(100, TIMESTAMP '2018-10-07 14:48:36.941', TIMESTAMP '2018-10-08 14:48:36.941', 'OYf0fnm5 Lorem ipsum dolor sit amet, consectetur adipiscing elit, sed do eiusmod tempor incididunt ut labore et dolore magna aliqua. Ut enim ad minim veniam, quis nostrud exercitation ullamco laboris nisi ut aliquip ex ea commodo consequat. Duis aute irure dolor', NULL, 0, 'Idea 63 that suggest that we definitely need a longer title for ideas', 24, 4, NULL),
(101, TIMESTAMP '2018-10-06 14:48:36.944', TIMESTAMP '2018-10-07 14:48:36.944', 'L1nv8SRC Lorem ipsum dolor sit amet, consectetur adipiscing elit, sed do eiusmod tempor incididunt ut labore et dolore magna aliqua. Ut enim ad minim veniam, quis nostrud exercitation ullamco laboris nisi ut aliquip ex ', NULL, 0, 'Idea 64 that suggest that we definitely need a longer title for ideas', 25, 6, NULL);
INSERT INTO PUBLIC.LAWS(ID, CREATED_AT, UPDATED_AT, DESCRIPTION, REACHED_QUORUM_AT, STATUS, TITLE, AREA_ID, CREATED_BY_ID, POLL_ID) VALUES
(102, TIMESTAMP '2018-10-05 14:48:36.949', TIMESTAMP '2018-10-06 14:48:36.949', 'L17qljR9 Lorem ipsum dolor sit amet, consectetur adipiscing elit, sed do eiusmod tempor incididunt ut labore et dolore magna aliqua. Ut enim ad minim veniam, quis nostrud exercitation ullamco laboris nisi ut aliquip ex ea commodo consequat. Duis aute irure dolor in reprehenderit in voluptate velit esse cillum dolore eu fugiat nulla pariatur. Excepteur sint oc', NULL, 0, 'Idea 65 that suggest that we definitely need a longer title for ideas', 26, 7, NULL),
(103, TIMESTAMP '2018-10-04 14:48:36.952', TIMESTAMP '2018-10-05 14:48:36.952', 'LoHqEeiI Lorem ipsum dolor sit amet, consectetur adipiscing elit, sed do eiusmod tempor incididunt ut labore et dolore mag', NULL, 0, 'Idea 66 that suggest that we definitely need a longer title for ideas', 27, 11, NULL),
(104, TIMESTAMP '2018-10-03 14:48:36.954', TIMESTAMP '2018-10-04 14:48:36.954', 'qN0Ikn1B Lorem ipsum dolor sit amet, consectetur adipiscing elit, sed do eiusmod tempor incididunt ut labore et dolore magna aliqua. Ut enim ad mi', NULL, 0, 'Idea 67 that suggest that we definitely need a longer title for ideas', 28, 13, NULL),
(105, TIMESTAMP '2018-10-02 14:48:36.958', TIMESTAMP '2018-10-03 14:48:36.958', 'WcVLEjyC Lorem ipsum dolor sit amet, consectetur adipiscing elit, sed do eiusmod tempor incididunt ut labore et dolore magna aliqua. Ut enim ad minim veniam, quis nostrud exercitation ullamco laboris nisi ut aliquip ex ea com', NULL, 0, 'Idea 68 that suggest that we definitely need a longer title for ideas', 29, 18, NULL),
(106, TIMESTAMP '2018-10-01 14:48:36.96', TIMESTAMP '2018-10-02 14:48:36.96', 'AiwQtvpn Lorem ipsum dolor sit amet, consectetur adipiscing elit, sed do eiusmod tempor incididunt ut labore et dolore magna aliqua. Ut enim ad minim veniam, quis nostrud exercitation ullamco laboris nis', NULL, 0, 'Idea 69 that suggest that we definitely need a longer title for ideas', 30, 19, NULL),
(107, TIMESTAMP '2018-09-30 14:48:36.965', TIMESTAMP '2018-10-01 14:48:36.965', 'L5hhKMCw Lorem ipsum dolor sit amet, consectetur adipiscing elit, sed do eiusmod tempor incididunt ut labore et dolore magna aliqua. Ut enim ad minim veniam, quis nostrud exercitation ullamco laboris nisi ut aliquip ex ea commodo consequat. Duis aute irure dolor in reprehenderit in voluptate velit esse cillum dolore eu fugiat nulla pariatur. Excepteur sint occaeca', NULL, 0, 'Idea 70 that suggest that we definitely need a longer title for ideas', 21, 3, NULL),
(108, TIMESTAMP '2018-09-29 14:48:36.969', TIMESTAMP '2018-09-30 14:48:36.969', 'Qc6258t3 Lorem ipsum dolor sit amet, consectetur adipiscing elit, sed do eiusmod tempor incididunt ut labore et dolore magna aliqua. Ut enim ad minim veniam, quis nostrud exercitation ullamco laboris nisi ut aliquip ex ea commodo consequat. Duis aute iru', NULL, 0, 'Idea 71 that suggest that we definitely need a longer title for ideas', 22, 8, NULL),
(109, TIMESTAMP '2018-09-28 14:48:36.971', TIMESTAMP '2018-09-29 14:48:36.971', 'ynGxar6t Lorem ipsum dolor sit amet, consectetur adipiscing elit, sed do eiusmod tempor incididunt ut labore et dolore magna aliqua. Ut enim ad minim veniam, quis nostrud exercitation ullamco laboris nisi ut aliquip ex ea c', NULL, 0, 'Idea 72 that suggest that we definitely need a longer title for ideas', 23, 9, NULL),
(110, TIMESTAMP '2018-09-27 14:48:36.973', TIMESTAMP '2018-09-28 14:48:36.973', '1imV3Lml Lorem ipsum dolor sit amet, consectetur adipiscing elit, sed do eiusmod tempor incididunt ut labore et dolore magna aliqua. Ut enim ad minim veniam, quis nostrud exercitation ullamco laboris nisi ut aliquip ex ea commodo consequat. Duis aute irure dolor in reprehenderit in voluptate velit esse cillum dolore eu fugiat nulla p', NULL, 0, 'Idea 73 that suggest that we definitely need a longer title for ideas', 24, 18, NULL),
(111, TIMESTAMP '2018-09-26 14:48:36.976', TIMESTAMP '2018-09-27 14:48:36.976', 'OgS500OY Lorem ipsum dolor sit amet, consectetur adipiscing elit, sed do eiusmod tempor incididunt ut labore et dolore magna aliqua. Ut enim ad minim veniam, quis nostrud exercitation ullamco laboris nisi ut aliquip ', NULL, 0, 'Idea 74 that suggest that we definitely need a longer title for ideas', 25, 3, NULL);
INSERT INTO PUBLIC.LAWS(ID, CREATED_AT, UPDATED_AT, DESCRIPTION, REACHED_QUORUM_AT, STATUS, TITLE, AREA_ID, CREATED_BY_ID, POLL_ID) VALUES
(112, TIMESTAMP '2018-09-25 14:48:36.983', TIMESTAMP '2018-09-26 14:48:36.983', 'vJgxftEU Lorem ipsum dolor sit amet, consectetur adipiscing elit, sed do eiusmod tempor incididunt ut labore et dolore magna aliqua. Ut enim ad minim veniam, quis nostrud exercitation ullamco laboris nisi ut aliquip ex ea co', NULL, 0, 'Idea 75 that suggest that we definitely need a longer title for ideas', 26, 15, NULL),
(113, TIMESTAMP '2018-09-24 14:48:36.987', TIMESTAMP '2018-09-25 14:48:36.987', 'cnR7wmPI Lorem ipsum dolor sit amet, cons', NULL, 0, 'Idea 76 that suggest that we definitely need a longer title for ideas', 27, 13, NULL),
(114, TIMESTAMP '2018-09-23 14:48:36.991', TIMESTAMP '2018-09-24 14:48:36.991', 'sYpVC7Ps Lorem ipsum dolor sit amet, consectetur adipiscing elit, sed', NULL, 0, 'Idea 77 that suggest that we definitely need a longer title for ideas', 28, 9, NULL),
(115, TIMESTAMP '2018-09-22 14:48:36.994', TIMESTAMP '2018-09-23 14:48:36.994', 'lYilzAif Lorem ipsum dolor sit amet, consectetur adipiscing elit, sed do eiusmod tempor incididunt ut labore et dolore magna aliqua. Ut enim ', NULL, 0, 'Idea 78 that suggest that we definitely need a longer title for ideas', 29, 16, NULL),
(116, TIMESTAMP '2018-09-21 14:48:36.998', TIMESTAMP '2018-09-22 14:48:36.998', 'qvEG8y3M Lorem ipsum dolor sit amet, consectetur adipiscing elit, sed do eiusmod tempor incididunt ut labore et dolore magna aliqua. Ut enim ad minim veniam, quis nostrud exercitation ullamco laboris nisi ut aliquip ex ea commodo consequat. Duis aute irure dolor in reprehenderit in voluptate velit esse cillum dolore eu fugiat nulla', NULL, 0, 'Idea 79 that suggest that we definitely need a longer title for ideas', 30, 19, NULL),
(117, TIMESTAMP '2018-09-20 14:48:37.001', TIMESTAMP '2018-09-21 14:48:37.001', 'lg5KSjFc Lorem ipsum dolor sit amet, consectetur adipiscing elit, sed do eiusmod tempor incididunt ut labore et dolore magna aliqua. Ut enim ad minim veniam, quis nostrud exercitation ullamco laboris nisi ut aliquip ex ea commodo consequat. Duis aute irure dolor in reprehenderit in voluptate velit esse cillum dolore eu fugiat nulla pariatur. Excepteur sint occaecat cupidatat non pro', NULL, 0, 'Idea 80 that suggest that we definitely need a longer title for ideas', 21, 3, NULL),
(118, TIMESTAMP '2018-09-19 14:48:37.004', TIMESTAMP '2018-09-20 14:48:37.004', 'ZG6qQMf2 Lorem ipsum dolor sit amet, consectetur adipiscing elit, sed do eiusmod tempor incididunt ut labore et dolore magna aliqua. Ut enim ad minim veniam, quis nostrud exercitation ullamco laboris nisi ut aliquip ex ea commodo consequat. Duis aute irure dolor in reprehenderit in voluptate velit esse cillum dolore eu fugiat nulla pariatur. Excepteur sint occaecat cupidata', NULL, 0, 'Idea 81 that suggest that we definitely need a longer title for ideas', 22, 16, NULL),
(119, TIMESTAMP '2018-09-18 14:48:37.006', TIMESTAMP '2018-09-19 14:48:37.006', 'twxKoHkx Lorem ipsum dolor sit amet, consectetur adipiscing elit, sed do eiusmod tempor incididunt ut labore et dolore magna aliqua. Ut enim ad minim veniam, quis nostrud exercitation ullamco laboris nisi ut aliquip ex ea commodo consequat. Duis aute irure dolor in reprehenderit in voluptate velit esse cillum dolore eu fugiat nulla pariatur. Excepteur sint occaecat cupidatat non proident, ', NULL, 0, 'Idea 82 that suggest that we definitely need a longer title for ideas', 23, 19, NULL),
(120, TIMESTAMP '2018-09-17 14:48:37.01', TIMESTAMP '2018-09-18 14:48:37.01', 'F4dFdH8O Lorem ipsum dolor sit amet, consectetur adipiscing elit, sed do eiusmod tempor incididunt ut labore et dolore magna aliqua. Ut enim ad minim veniam, quis nostrud exercitation ullamco laboris nisi ut aliquip ex ea commodo consequat. Duis aute irure dolor in reprehenderit in voluptate velit esse cillum dolore ', NULL, 0, 'Idea 83 that suggest that we definitely need a longer title for ideas', 24, 12, NULL),
(121, TIMESTAMP '2018-09-16 14:48:37.012', TIMESTAMP '2018-09-17 14:48:37.012', 'ZYEnD328 Lorem ipsum dolor sit amet, consectetur adipiscing elit, sed do eiusmod tempor incididunt ut labore et dolore magna aliqua. Ut enim ad minim veniam, quis nostrud exercitation ullamco laboris nisi ut aliquip ex ea commodo consequat. Duis aute irure dolor in repreh', NULL, 0, 'Idea 84 that suggest that we definitely need a longer title for ideas', 25, 6, NULL);
INSERT INTO PUBLIC.LAWS(ID, CREATED_AT, UPDATED_AT, DESCRIPTION, REACHED_QUORUM_AT, STATUS, TITLE, AREA_ID, CREATED_BY_ID, POLL_ID) VALUES
(122, TIMESTAMP '2018-09-15 14:48:37.015', TIMESTAMP '2018-09-16 14:48:37.015', 'ZQHV9gaC Lorem ipsum dolor sit amet, consectetur adipiscing elit, sed do eiusmod tempor incididunt ut la', NULL, 0, 'Idea 85 that suggest that we definitely need a longer title for ideas', 26, 6, NULL),
(123, TIMESTAMP '2018-09-14 14:48:37.019', TIMESTAMP '2018-09-15 14:48:37.02', 'XBEtfzt5 Lorem ipsum dolor sit amet, consectetur adipiscing elit, sed do eiusmod tempor incididunt ut labore et dolore magna aliqua. Ut enim ad minim veniam, quis nostrud exercitation ullamco laboris nisi ut aliquip ex ea commodo consequat. Duis aute irure dolor in rep', NULL, 0, 'Idea 86 that suggest that we definitely need a longer title for ideas', 27, 7, NULL),
(124, TIMESTAMP '2018-09-13 14:48:37.024', TIMESTAMP '2018-09-14 14:48:37.024', 'DEEu0p0x Lorem ipsum dolor sit amet, consectetur adipiscing elit, sed do eiusmod tempor incididunt ut labore et dolore magna aliqua. Ut enim ad minim veniam, quis nostrud exercitation ullamco laboris nisi ut aliquip ex ea commodo consequat. Duis aute irure dolor i', NULL, 0, 'Idea 87 that suggest that we definitely need a longer title for ideas', 28, 8, NULL),
(125, TIMESTAMP '2018-09-12 14:48:37.029', TIMESTAMP '2018-09-13 14:48:37.029', 'FSi5nZx3 Lorem ipsum dolor sit amet, consectetur adipiscing elit, sed do eiusmod tempor incididunt ut labore et dolore magna aliqua. Ut enim ad minim veniam, quis nostrud exercitation ullamco laboris nisi ut aliquip ex ea commodo consequat. Duis aute irure dolor in reprehenderit in voluptate velit esse cillum dolore eu fugiat nulla pariatur. Excepteur sint occa', NULL, 0, 'Idea 88 that suggest that we definitely need a longer title for ideas', 29, 10, NULL),
(126, TIMESTAMP '2018-09-11 14:48:37.037', TIMESTAMP '2018-09-12 14:48:37.037', '5GpEYlZz Lorem ipsum dolor sit amet, consectetur adipiscing elit, sed do eiusmod tempor incididunt ut labore et dolore magna aliqua. Ut enim ad minim veniam, quis nostrud exercitation ullamco laboris nisi ut aliquip ex ea commodo consequat. Duis aute irure dolor in reprehenderit in voluptate velit esse cillum dolore eu fugiat nulla pariatur. Excepteur sint occaecat cupidatat non ', NULL, 0, 'Idea 89 that suggest that we definitely need a longer title for ideas', 30, 10, NULL),
(127, TIMESTAMP '2018-09-10 14:48:37.04', TIMESTAMP '2018-09-11 14:48:37.04', '1bfSKpo2 Lorem ipsum dolor sit amet, consectetur adipiscing elit, sed do eiusmod tempor incididunt ut labore et dolore magna aliqua. Ut enim ad minim veniam, quis nostrud exercitation ullamco laboris nisi ut aliquip ex ea commodo consequat. Duis aute irure dolor in reprehenderit in voluptate velit esse cillum dolore eu fugiat nulla pariatur. Excepteur sint occaecat ', NULL, 0, 'Idea 90 that suggest that we definitely need a longer title for ideas', 21, 3, NULL),
(128, TIMESTAMP '2018-09-09 14:48:37.043', TIMESTAMP '2018-09-10 14:48:37.043', 'wFb6yTRw Lorem ipsum dolor sit amet, consectetur adipiscing elit, sed do eiusmod tempor incididunt ut labore ', NULL, 0, 'Idea 91 that suggest that we definitely need a longer title for ideas', 22, 17, NULL),
(129, TIMESTAMP '2018-09-08 14:48:37.049', TIMESTAMP '2018-09-09 14:48:37.049', 'Li4rwp9Y Lorem ipsum dolor sit amet, consectetur adipiscing elit, sed do eiusmod tempor incididunt ut labore et dolore magna ', NULL, 0, 'Idea 92 that suggest that we definitely need a longer title for ideas', 23, 13, NULL),
(130, TIMESTAMP '2018-09-07 14:48:37.053', TIMESTAMP '2018-09-08 14:48:37.053', 'i4TvBQUz Lorem ipsum dolor sit amet, consectetur adipiscing elit, sed do eiusmod tempor incididunt ut labore et dolore magna aliqua. Ut enim ad minim veniam, quis nostrud exercitation ullamco laboris nisi ut aliquip ex ea commodo consequat. Duis aute irure dolor in reprehenderit in voluptat', NULL, 0, 'Idea 93 that suggest that we definitely need a longer title for ideas', 24, 17, NULL),
(131, TIMESTAMP '2018-09-06 14:48:37.057', TIMESTAMP '2018-09-07 14:48:37.058', 'ZeX3wELh Lorem ipsum dolor sit amet, consectetur adipiscing elit, sed do eiusmod tempor incididunt ut labore et dolore magna aliqua. Ut enim ad minim veniam, quis nostrud exercitation ullamco laboris nisi ut aliquip ex ea commodo consequat. Duis aute irure dolor in reprehenderit in voluptate velit esse cillum dolore eu fugiat nulla pariatur. Excepteur sint ', NULL, 0, 'Idea 94 that suggest that we definitely need a longer title for ideas', 25, 13, NULL);
INSERT INTO PUBLIC.LAWS(ID, CREATED_AT, UPDATED_AT, DESCRIPTION, REACHED_QUORUM_AT, STATUS, TITLE, AREA_ID, CREATED_BY_ID, POLL_ID) VALUES
(132, TIMESTAMP '2018-09-05 14:48:37.06', TIMESTAMP '2018-09-06 14:48:37.06', 'mqY6OLOX Lorem ipsum dolor sit amet, consectetur adipiscing elit, sed do eiusmod tempor incididunt ut labore et dolore magna aliqua. Ut enim ad minim veniam, quis nostrud exercitation ullamco laboris nisi ut aliquip ex ea commodo consequat. Duis aute irure dolor in reprehenderit in voluptate velit esse cillum dolore eu fugia', NULL, 0, 'Idea 95 that suggest that we definitely need a longer title for ideas', 26, 7, NULL),
(133, TIMESTAMP '2018-09-04 14:48:37.063', TIMESTAMP '2018-09-05 14:48:37.063', 'ZgQUY7dp Lorem ipsum dolor sit amet, consectetur adipiscing elit, sed do eiusmod tem', NULL, 0, 'Idea 96 that suggest that we definitely need a longer title for ideas', 27, 19, NULL),
(134, TIMESTAMP '2018-09-03 14:48:37.069', TIMESTAMP '2018-09-04 14:48:37.069', 'NTodFM4p Lorem ipsum dolor sit amet, consectetur adipiscing elit, sed do eiusmod tempor incididunt ut labore et dolore magna aliqua. Ut enim ad minim veniam, quis nostrud exercitation ullamco laboris nisi ut aliquip ex ea commodo consequat. ', NULL, 0, 'Idea 97 that suggest that we definitely need a longer title for ideas', 28, 9, NULL),
(135, TIMESTAMP '2018-09-02 14:48:37.072', TIMESTAMP '2018-09-03 14:48:37.072', 'tCroj4Bp Lorem ipsum dolor sit amet, consectetur adipiscing elit, sed do eiusmod tempor incididunt ut labore et dolore magna aliqua. Ut enim ad minim venia', NULL, 0, 'Idea 98 that suggest that we definitely need a longer title for ideas', 29, 16, NULL),
(136, TIMESTAMP '2018-09-01 14:48:37.077', TIMESTAMP '2018-09-02 14:48:37.077', 'eg97kwkl Lorem ipsum dolor sit amet, consectetur adipiscing elit, sed do eiusmod tempor incididunt ut labore et dolore magna aliqua. Ut enim ad minim veniam, quis nostrud exercitation ullamco laboris nisi ut aliquip ex ea commodo consequat. Duis aute irure dolor in reprehenderit in voluptate velit esse cillum dolore eu fugiat nulla pariatur. Excepteur sint occa', NULL, 0, 'Idea 99 that suggest that we definitely need a longer title for ideas', 30, 11, NULL),
(137, TIMESTAMP '2018-08-31 14:48:37.083', TIMESTAMP '2018-09-01 14:48:37.083', 'Y95KFCEC Lorem ipsum dolor sit amet, consectetur adipiscing elit, sed do eiusmod tempor incididunt ut labore et dolore magna aliqua. Ut enim ad minim veniam, quis nostrud exercitation ullamco laboris nisi ut aliquip ex ea commodo consequat. D', NULL, 0, 'Idea 100 that suggest that we definitely need a longer title for ideas', 21, 14, NULL),
(138, TIMESTAMP '2018-08-30 14:48:37.086', TIMESTAMP '2018-08-31 14:48:37.086', 'wyqc2yU4 Lorem ipsum dolor sit amet, consectetur adipiscing elit, sed do eiusmod tempor incididunt ut labore et dolore magna aliqua. Ut enim ad minim veniam, quis nostrud exercitation ullamco laboris nisi ut aliquip ex ea commodo consequat. Duis aute irure dolor in reprehenderit in voluptate velit esse cillum dolore eu fugiat nulla pariatur. Excepteur sint occaecat cupidatat non proident, sunt in cul', NULL, 0, 'Idea 101 that suggest that we definitely need a longer title for ideas', 22, 1, NULL),
(139, TIMESTAMP '2018-08-29 14:48:37.091', TIMESTAMP '2018-08-30 14:48:37.091', 'KHJKBaQG Lorem ipsum dolor sit amet, consectetur adipiscing elit, sed do eiusmod tempor incididunt ut labore et dolore magna aliqua. Ut enim ad minim veniam, quis nostrud exercitation ullamco laboris nisi ut aliquip ex ea commodo consequat. Duis aute irure dolor in reprehenderit in voluptate velit ess', NULL, 0, 'Idea 102 that suggest that we definitely need a longer title for ideas', 23, 15, NULL),
(140, TIMESTAMP '2018-08-28 14:48:37.094', TIMESTAMP '2018-08-29 14:48:37.094', 'OjmQenDR Lorem ipsum dolor sit amet, consectetur adipiscing elit, sed do eiusmod tempor incididunt ut labore et dolore magna aliqua. Ut enim ad minim veniam, quis nostrud exercit', NULL, 0, 'Idea 103 that suggest that we definitely need a longer title for ideas', 24, 10, NULL),
(141, TIMESTAMP '2018-08-27 14:48:37.099', TIMESTAMP '2018-08-28 14:48:37.099', 'S51V298O Lorem ipsum dolor sit amet, consectetur adipiscing elit, sed do eiusmod tempor incididunt ut labore et dolore magna aliqua. Ut enim ad minim veniam, quis nostrud exercitation ullamco laboris nisi ut aliquip ex ea commodo consequat. Duis aute irure dolor in reprehenderit in voluptate velit esse cillum dolore eu fugiat nulla pariatur. Excepteur sint occaecat cupidatat non proident, s', NULL, 0, 'Idea 104 that suggest that we definitely need a longer title for ideas', 25, 14, NULL);
INSERT INTO PUBLIC.LAWS(ID, CREATED_AT, UPDATED_AT, DESCRIPTION, REACHED_QUORUM_AT, STATUS, TITLE, AREA_ID, CREATED_BY_ID, POLL_ID) VALUES
(142, TIMESTAMP '2018-08-26 14:48:37.103', TIMESTAMP '2018-08-27 14:48:37.103', 'wc5OOnnI Lorem ipsum dolor sit amet, consectetur adipiscing elit, sed do eiusmod tempor incididunt ut labore et dolore magna aliqua. Ut enim ad minim veniam, quis nostrud exercitation ullamco laboris nisi ut aliquip ex ea commodo consequat. Duis aute irure dolor in reprehenderit in voluptate velit esse cillum dolore eu fugiat nulla pariatur. Excepteur sint occaecat cupidatat non pr', NULL, 0, 'Idea 105 that suggest that we definitely need a longer title for ideas', 26, 13, NULL),
(143, TIMESTAMP '2018-08-25 14:48:37.108', TIMESTAMP '2018-08-26 14:48:37.108', 'hqjm1CmU Lorem ipsum dolor sit amet, consectetur adipiscing elit, ', NULL, 0, 'Idea 106 that suggest that we definitely need a longer title for ideas', 27, 15, NULL),
(144, TIMESTAMP '2018-08-24 14:48:37.111', TIMESTAMP '2018-08-25 14:48:37.111', 'c2arW23W Lorem ipsum dolor sit amet, consectetur adipiscing elit, sed do eiusmod tempor incididunt ut labore et dolore magna aliqua. Ut enim ad minim veniam, quis nostrud exercitation ullamco laboris nisi ut aliquip ex ea commodo consequat. Duis aute irure dolor in r', NULL, 0, 'Idea 107 that suggest that we definitely need a longer title for ideas', 28, 4, NULL),
(145, TIMESTAMP '2018-08-23 14:48:37.116', TIMESTAMP '2018-08-24 14:48:37.116', 'NqT2eV8z Lorem ipsum dolor sit amet, conse', NULL, 0, 'Idea 108 that suggest that we definitely need a longer title for ideas', 29, 15, NULL),
(146, TIMESTAMP '2018-08-22 14:48:37.121', TIMESTAMP '2018-08-23 14:48:37.121', '9hfNINIn Lorem ipsum dolor sit amet, consectetur adipiscing elit, sed do ', NULL, 0, 'Idea 109 that suggest that we definitely need a longer title for ideas', 30, 4, NULL),
(147, TIMESTAMP '2018-08-21 14:48:37.125', TIMESTAMP '2018-08-22 14:48:37.125', 'gu09GTve Lorem ipsum dolor sit amet, consectetur adipiscing elit, sed do eiusmod tempor incididunt ut labore et dolore magna a', NULL, 0, 'Idea 110 that suggest that we definitely need a longer title for ideas', 21, 15, NULL),
(148, TIMESTAMP '2018-12-05 14:48:37.132', TIMESTAMP '2018-12-06 14:48:37.132', 'RfaDGF3s Lorem ipsum dolor sit amet, consectetur adipiscing elit, sed do eiusmod tempor incididunt ut labore et dolore magna aliqua. Ut enim ad minim veniam, quis nostrud exercitation ullamco laboris nisi ut aliquip ex ea commodo consequat. Duis aute irure dolor in reprehenderit in voluptate velit esse cillu', TIMESTAMP '2018-12-10 14:48:37.131', 1, 'Proposal 0 that reached its quorum', 30, 6, NULL),
(149, TIMESTAMP '2018-12-06 14:48:37.138', TIMESTAMP '2018-12-07 14:48:37.138', 'Q0G6AlzU Lorem ipsum dolor sit amet, consectetur adipiscing elit, sed do eiusmod tempor incididunt ut l', TIMESTAMP '2018-12-10 14:48:37.137', 1, 'Proposal 1 that reached its quorum', 30, 17, NULL),
(150, TIMESTAMP '2018-12-03 14:48:37.144', TIMESTAMP '2018-12-04 14:48:37.144', '3WRk2Xbx Lorem ipsum dolor sit amet, consectetur adipiscing elit, sed do eiusmod tempor incididunt ut labore et dolore magna aliqua. Ut enim ad minim veniam, quis nostrud exercitation ullamco laboris nisi ut aliquip ex ea commodo consequat. Duis aute irure dolor in reprehenderit in voluptate velit esse cillum dolore eu fugiat nulla pariatur. Excepte', TIMESTAMP '2018-12-10 14:48:37.143', 1, 'Proposal 2 that reached its quorum', 28, 9, NULL),
(151, TIMESTAMP '2018-12-10 14:48:37.152', TIMESTAMP '2018-12-10 14:48:37.152', 'crAhpljf Lorem ipsum dolor sit amet, consectetur adipiscing elit, sed do eiusmod tempor incididunt ut labore et dolore magna aliqua. Ut enim ad minim veniam, quis nostrud exercitation ullamco laboris nisi ut aliquip ex ea commodo consequat. Duis aute irure dolor in reprehenderit in volupt', TIMESTAMP '2018-12-10 14:48:37.151', 1, 'Proposal 3 that reached its quorum', 29, 4, NULL),
(152, TIMESTAMP '2018-12-08 14:48:37.158', TIMESTAMP '2018-12-09 14:48:37.158', 'mXDJShIh Lorem ipsum dolor sit amet, consectetur adipiscing elit, sed do eiusmod tempor incididunt ut labore et dolore magna aliqua. Ut enim ad minim veniam, quis nostrud exercitation ullamco laboris nisi ut aliquip ex ea commodo consequat. Duis aute irure dolor in reprehenderit in voluptate velit esse cillum dolore eu fugiat nulla pariatur', TIMESTAMP '2018-12-10 14:48:37.157', 1, 'Proposal 4 that reached its quorum', 27, 20, NULL);
INSERT INTO PUBLIC.LAWS(ID, CREATED_AT, UPDATED_AT, DESCRIPTION, REACHED_QUORUM_AT, STATUS, TITLE, AREA_ID, CREATED_BY_ID, POLL_ID) VALUES
(153, TIMESTAMP '2018-12-07 14:48:37.165', TIMESTAMP '2018-12-08 14:48:37.165', 'qBldnIFA Lorem ipsum dolor sit amet, consectetur adipiscing elit, sed do eiusmod tempor incididunt ut labore et dolore magna aliqua. Ut enim ad minim veniam, quis nostrud exercitation ullamco laboris nisi ut aliquip ex ea commodo consequat. Duis aute irure dolor in reprehenderit in vo', TIMESTAMP '2018-12-10 14:48:37.163', 1, 'Proposal 5 that reached its quorum', 30, 5, NULL),
(154, TIMESTAMP '2018-12-02 14:48:37.172', TIMESTAMP '2018-12-03 14:48:37.172', 'Zbarr35C Lorem ipsum dolor sit amet, consectetur adipiscing elit, sed do eiusmod tempor incididunt ut labore et dolore magna aliqua. Ut enim ad minim veniam, quis nostrud exercitation ullamco laboris nisi ut aliquip ex ea commodo consequat. Duis aute ir', TIMESTAMP '2018-12-10 14:48:37.171', 1, 'Proposal 6 that reached its quorum', 26, 12, NULL),
(155, TIMESTAMP '2018-12-10 14:48:37.179', TIMESTAMP '2018-12-10 14:48:37.179', 'H1nrtgyx Lorem ipsum dolor sit amet, consectetur adipiscing elit, sed do eiusmod tempor incididunt ut labore et dolore magna aliqua. Ut enim ad minim veniam, quis nostrud exercitation ullamco laboris nisi ut aliquip ex ea commodo', TIMESTAMP '2018-12-10 14:48:37.178', 1, 'Proposal 7 that reached its quorum', 21, 20, NULL),
(156, TIMESTAMP '2018-12-02 14:48:37.191', TIMESTAMP '2018-12-03 14:48:37.191', 'KrtSMGm8 Lorem ipsum dolor sit amet, consectetur adipiscing elit, sed do eiusmod tempor incididunt ut labore et dolore magna aliqua. Ut enim ad minim veniam, quis nostrud exercitation ullamco laboris nisi ut aliquip ex ea commodo consequat. Duis aute irure dolor in reprehenderit in voluptate velit esse cillum dolore eu fugiat nulla pariatur. Excepteur sint occaecat cupidatat non proide', TIMESTAMP '2018-12-10 14:48:37.19', 1, 'Proposal 8 that reached its quorum', 30, 6, NULL),
(157, TIMESTAMP '2018-12-10 14:48:37.197', TIMESTAMP '2018-12-10 14:48:37.197', 'qKVDT35O Lorem ipsum dolor sit amet, consectetur adipiscing elit, sed do eiusmod tempor incididunt ut labore et dolore magna aliqua. Ut enim ad minim veniam, quis nostrud exercitat', TIMESTAMP '2018-12-10 14:48:37.196', 1, 'Proposal 9 that reached its quorum', 23, 9, NULL),
(158, TIMESTAMP '2018-12-04 14:48:37.204', TIMESTAMP '2018-12-05 14:48:37.204', '0TMyQYbx Lorem ipsum dolor sit amet, consectetur adipiscing elit, sed do eiusmod tempor incididunt ut labore et dolore magna aliqua. Ut enim ad minim veniam, quis nostrud exercitation ullamco laboris nisi ut aliquip ex ea commodo consequat. Duis aute irure', TIMESTAMP '2018-12-10 14:48:37.203', 1, 'Proposal 10 that reached its quorum', 22, 16, NULL),
(159, TIMESTAMP '2018-12-09 14:48:37.211', TIMESTAMP '2018-12-10 14:48:37.212', 'UOw1RiOK Lorem ipsum dolor sit amet, consectetur adipiscing elit, sed do eiusmod tempor incididunt ut labore et dolore magna aliqua. Ut enim ad minim veniam, quis nostrud exercitation ullamco laboris nisi ut aliquip ex ea commodo consequat. Duis aute irure dolor in reprehenderit in voluptate velit esse cillum ', TIMESTAMP '2018-12-10 14:48:37.21', 1, 'Proposal 11 that reached its quorum', 29, 3, NULL),
(160, TIMESTAMP '2018-12-03 14:48:37.221', TIMESTAMP '2018-12-04 14:48:37.221', 'KXXmi1EZ Lorem ipsum dolor sit amet, consectetur adipiscing elit, sed do eiusmod tempor incididunt ut labore et dolore magna aliqua. Ut enim ad minim veniam, quis nostru', TIMESTAMP '2018-12-10 14:48:37.22', 1, 'Proposal 12 that reached its quorum', 22, 7, NULL),
(161, TIMESTAMP '2018-12-09 14:48:37.229', TIMESTAMP '2018-12-10 14:48:37.229', 'FVf6IUXP Lorem ipsum dolor sit', TIMESTAMP '2018-12-10 14:48:37.228', 1, 'Proposal 13 that reached its quorum', 29, 14, NULL),
(162, TIMESTAMP '2018-12-03 14:48:37.238', TIMESTAMP '2018-12-04 14:48:37.238', 'VvaWCUt2 Lorem ipsum d', TIMESTAMP '2018-12-10 14:48:37.237', 1, 'Proposal 14 that reached its quorum', 23, 11, NULL),
(163, TIMESTAMP '2018-12-06 14:48:37.246', TIMESTAMP '2018-12-07 14:48:37.246', 'Bx8LxYP0 Lorem ipsum dolor sit amet, consectetur adipiscing elit, sed do ei', TIMESTAMP '2018-12-10 14:48:37.245', 1, 'Proposal 15 that reached its quorum', 24, 12, NULL);
INSERT INTO PUBLIC.LAWS(ID, CREATED_AT, UPDATED_AT, DESCRIPTION, REACHED_QUORUM_AT, STATUS, TITLE, AREA_ID, CREATED_BY_ID, POLL_ID) VALUES
(164, TIMESTAMP '2018-12-10 14:48:37.255', TIMESTAMP '2018-12-10 14:48:37.255', 'tfS0Gb6D Lorem ipsum dolor sit amet, consectetur adipiscing elit, sed do eiusmod tempor incididunt ut labore et dolore magna aliqua. Ut enim ad minim veniam, quis', TIMESTAMP '2018-12-10 14:48:37.254', 1, 'Proposal 16 that reached its quorum', 29, 10, NULL),
(165, TIMESTAMP '2018-12-08 14:48:37.265', TIMESTAMP '2018-12-09 14:48:37.266', 'qtGlwdCt Lorem ipsum dolor sit amet, consectetur adipiscing elit, sed do eiusmod tempor incididunt ut labore et dolore magna aliqua. Ut enim ad minim veniam, quis nostrud exercitation ullamco laboris nisi ut aliquip ex ea commodo consequat. Duis aute irure ', TIMESTAMP '2018-12-10 14:48:37.263', 1, 'Proposal 17 that reached its quorum', 28, 14, NULL),
(166, TIMESTAMP '2018-12-02 14:48:37.274', TIMESTAMP '2018-12-03 14:48:37.274', 'XYwLrgys Lorem ipsum dolor sit amet, consectetur adipiscing elit, sed do eiusmod tempor incididunt ut labore et dolore magna aliqua. Ut enim ad minim veniam, quis nostrud exercitation ullamco laboris nisi ut aliquip ex ea commodo consequat. Duis aute irure dolor in reprehenderit in', TIMESTAMP '2018-12-10 14:48:37.273', 1, 'Proposal 18 that reached its quorum', 25, 4, NULL),
(167, TIMESTAMP '2018-12-02 14:48:37.283', TIMESTAMP '2018-12-03 14:48:37.283', 'DaweQ5Zy Lorem ipsum dolor sit amet, consectetur adipiscing elit, sed do eiusmod tempor incididunt ut labore et dolore magna aliqua. Ut enim ad minim veniam, quis nostrud exercitation ullamco laboris nisi ut aliquip ex ea commodo', TIMESTAMP '2018-12-10 14:48:37.282', 1, 'Proposal 19 that reached its quorum', 27, 8, NULL),
(168, TIMESTAMP '2018-12-04 14:48:37.294', TIMESTAMP '2018-12-05 14:48:37.294', 'EV3j1HeP Lorem ipsum dolor sit amet, consectetur adipiscing e', TIMESTAMP '2018-12-10 14:48:37.293', 1, 'Proposal 20 that reached its quorum', 29, 6, NULL),
(169, TIMESTAMP '2018-12-10 14:48:37.303', TIMESTAMP '2018-12-10 14:48:37.303', 'uyrOqh25 Lorem ipsum dolor sit amet, consectetur adipiscing elit, sed do eiusmod tempor incididunt ut labore et dolore magna ali', TIMESTAMP '2018-12-10 14:48:37.302', 1, 'Proposal 21 that reached its quorum', 30, 11, NULL),
(170, TIMESTAMP '2018-12-06 14:48:37.31', TIMESTAMP '2018-12-07 14:48:37.31', 'yrA5vuRR Lorem ipsum dolor sit amet, consectetur adipiscing elit, sed do eiusmod tempor incididunt ut labore et dolore magna aliqua. Ut enim ad minim veni', TIMESTAMP '2018-12-10 14:48:37.309', 1, 'Proposal 22 that reached its quorum', 22, 15, NULL),
(171, TIMESTAMP '2018-12-08 14:48:37.318', TIMESTAMP '2018-12-09 14:48:37.318', 'UrgBIn8V Lorem ipsum dolor sit amet, consectetur adipiscing elit, sed do eiusmod tempor incididunt ut labore et dolore magna aliqua. Ut enim ad minim veniam, quis nostrud exercitation ullamco laboris nisi ut aliquip ex ea commodo consequat. Duis aute ', TIMESTAMP '2018-12-10 14:48:37.317', 1, 'Proposal 23 that reached its quorum', 30, 14, NULL),
(172, TIMESTAMP '2018-12-10 14:48:37.334', TIMESTAMP '2018-12-10 14:48:37.334', 'LdfAGTQq Lorem ipsum dolor sit amet, consectetur adipiscing elit, sed do eiusmod tem', TIMESTAMP '2018-12-10 14:48:37.33', 1, 'Proposal 24 that reached its quorum', 23, 17, NULL),
(173, TIMESTAMP '2018-12-04 14:48:37.342', TIMESTAMP '2018-12-05 14:48:37.342', '2VH2GmJF Lorem ipsum dolor sit amet, consectetur adipiscing elit, sed do eiusmod tempor incididunt', TIMESTAMP '2018-12-10 14:48:37.341', 1, 'Proposal 25 that reached its quorum', 29, 6, NULL),
(174, TIMESTAMP '2018-12-01 14:48:37.353', TIMESTAMP '2018-12-02 14:48:37.353', 'BwAz9jfv Lorem ipsum dolor sit amet, consectetur ', TIMESTAMP '2018-12-10 14:48:37.352', 1, 'Proposal 26 that reached its quorum', 28, 20, NULL),
(175, TIMESTAMP '2018-12-05 14:48:37.361', TIMESTAMP '2018-12-06 14:48:37.361', 'rdoYPoPo Lorem ipsum dolor sit amet, consectetur adipiscing elit, sed do eiusmod tempor incididunt ut labore et dolore magna aliqua. Ut enim ad minim veniam, quis nostrud exercitation ullamco laboris nisi ut aliquip ex ea commodo consequat. Duis aute irure dolor in reprehenderit in voluptate velit esse cillum dolore eu fugiat nulla pariatur. Excepteur sint occaecat cupidatat non pro', TIMESTAMP '2018-12-10 14:48:37.36', 1, 'Proposal 27 that reached its quorum', 23, 5, NULL);
INSERT INTO PUBLIC.LAWS(ID, CREATED_AT, UPDATED_AT, DESCRIPTION, REACHED_QUORUM_AT, STATUS, TITLE, AREA_ID, CREATED_BY_ID, POLL_ID) VALUES
(176, TIMESTAMP '2018-12-05 14:48:37.373', TIMESTAMP '2018-12-06 14:48:37.373', 'TopLQ0bz Lorem ipsum dolor sit amet, consectetur adipiscing elit, sed do eiusmod tempor incididunt ut ', TIMESTAMP '2018-12-10 14:48:37.372', 1, 'Proposal 28 that reached its quorum', 24, 11, NULL),
(177, TIMESTAMP '2018-12-06 14:48:37.386', TIMESTAMP '2018-12-07 14:48:37.386', 'AUzSVvH4 Lorem ipsum dolor sit amet, consectetur adipiscing elit, sed do eiusmod tempor i', TIMESTAMP '2018-12-10 14:48:37.385', 1, 'Proposal 29 that reached its quorum', 25, 19, NULL),
(178, TIMESTAMP '2018-12-07 14:48:37.394', TIMESTAMP '2018-12-08 14:48:37.394', 'd3m7vaus Lorem ipsum dolor sit amet, consect', TIMESTAMP '2018-12-10 14:48:37.393', 1, 'Proposal 30 that reached its quorum', 28, 4, NULL),
(179, TIMESTAMP '2018-12-03 14:48:37.405', TIMESTAMP '2018-12-04 14:48:37.405', 'TBQiSKop Lorem ipsum dolor sit amet, consectetur adipiscing', TIMESTAMP '2018-12-10 14:48:37.404', 1, 'Proposal 31 that reached its quorum', 26, 19, NULL),
(180, TIMESTAMP '2018-12-07 14:48:37.417', TIMESTAMP '2018-12-08 14:48:37.417', 'GkFyWndJ Lorem ipsum dolor sit amet, consectetur adipiscing elit, sed do eiusmod tempor incididunt ut labore et dolore magna aliqua. Ut enim ad minim veniam, quis nostrud exercitation ullamco laboris nisi ut aliquip ex ea commodo consequat. Duis aute irure dolor in reprehenderit in voluptate velit esse cillum dolore ', TIMESTAMP '2018-12-10 14:48:37.413', 1, 'Proposal 32 that reached its quorum', 29, 15, NULL),
(181, TIMESTAMP '2018-12-07 14:48:37.426', TIMESTAMP '2018-12-08 14:48:37.426', 'Pxu4NcdL Lorem ipsum dolor sit amet, consectetur adipiscing elit, sed do eiusmod tempor incididunt ut labore et dolore magna aliqua. Ut enim ad minim veniam, quis nostrud exercitation ullamco laboris nisi ut aliquip ex ea commodo consequat. Duis aute irure dolor in reprehenderit in voluptate velit esse cillum dolore eu fugiat nul', TIMESTAMP '2018-12-10 14:48:37.425', 1, 'Proposal 33 that reached its quorum', 25, 17, NULL),
(182, TIMESTAMP '2018-12-09 14:48:37.436', TIMESTAMP '2018-12-10 14:48:37.436', 'pTa4pbQR Lorem ipsum dolor sit amet, consectetur adipisc', TIMESTAMP '2018-12-10 14:48:37.435', 1, 'Proposal 34 that reached its quorum', 27, 4, NULL),
(183, TIMESTAMP '2018-12-01 14:48:37.447', TIMESTAMP '2018-12-02 14:48:37.447', 'lKjhDm2Q Lorem ipsum dolor sit amet, consectetur adipiscing elit, sed do eiusmod tempor incididunt ut labore et dolore magna aliqua. Ut enim ad minim veniam, quis nostrud exercitation ullamco laboris nisi ut aliquip ex ea commodo consequat. Duis aute irure dolor in reprehenderit in voluptate velit esse cillum dolore eu fugiat nulla pariatur. Excepteur sint occaecat cupidatat non ', TIMESTAMP '2018-12-10 14:48:37.446', 1, 'Proposal 35 that reached its quorum', 26, 9, NULL),
(184, TIMESTAMP '2018-12-05 14:48:37.458', TIMESTAMP '2018-12-06 14:48:37.458', 'phzhUGBL Lorem ipsum dolor sit amet, consectetur adipiscing elit, sed do eiusmod tempor incididunt ut labore et dolore magna aliqua. Ut enim ad minim veniam, quis nostrud exercitation ullamco laboris nisi ut aliquip ex ea commodo consequat. Duis aute irure dolor in reprehenderit in voluptate velit esse cillum dolore eu fugiat nulla pariatur. Excepteur sint occaecat cupidatat non proident, s', TIMESTAMP '2018-12-10 14:48:37.456', 1, 'Proposal 36 that reached its quorum', 27, 1, NULL),
(185, TIMESTAMP '2018-12-09 14:48:37.464', TIMESTAMP '2018-12-10 14:48:37.464', 'V8NGTLeT Lorem ipsum dolor sit amet, consectetur adipiscing elit, sed do eiu', TIMESTAMP '2018-12-10 14:48:37.463', 1, 'Proposal 37 that reached its quorum', 24, 20, NULL),
(186, TIMESTAMP '2018-12-08 14:48:37.472', TIMESTAMP '2018-12-09 14:48:37.472', 'IFTmCdIt Lorem ipsum dolor sit amet, consectetur adipiscing elit, sed do eiusmod tempor incididunt ut labore et dolore magna aliqua. Ut enim ad minim veniam, quis nostrud exercitation ullamco laboris nisi ut aliquip ex ea commodo consequat. Duis aute irure dolor in reprehenderit in voluptate velit esse cillum dolore eu fugiat nulla pariatur. Excepteur sint occaecat cupidatat non proident, sunt in c', TIMESTAMP '2018-12-10 14:48:37.471', 1, 'Proposal 38 that reached its quorum', 22, 13, NULL);
INSERT INTO PUBLIC.LAWS(ID, CREATED_AT, UPDATED_AT, DESCRIPTION, REACHED_QUORUM_AT, STATUS, TITLE, AREA_ID, CREATED_BY_ID, POLL_ID) VALUES
(187, TIMESTAMP '2018-12-09 14:48:37.477', TIMESTAMP '2018-12-10 14:48:37.478', 'syZjBa1V Lorem ipsum dolor sit amet, consectetur adipiscing elit, sed do eiusmod tempor incididunt ut labore et dolore magna aliqua. Ut enim ad minim veniam, quis nostrud exercitation ullamco laboris nisi ut aliquip ex ea commodo consequat. Duis aute irure dolor in repr', TIMESTAMP '2018-12-10 14:48:37.477', 1, 'Proposal 39 that reached its quorum', 24, 6, NULL),
(188, TIMESTAMP '2018-12-07 14:48:37.484', TIMESTAMP '2018-12-08 14:48:37.485', 'zzrrHrl4 Lorem ipsum dolor sit amet, consectetur adipiscing elit, sed do eiusmod tempor incididunt ut labore et dolore magna aliqua. Ut enim ad minim veniam, quis nostrud exercitation ullamco laboris nisi ut aliquip ex ea commodo consequat. Duis aute irure dolor in reprehend', TIMESTAMP '2018-12-10 14:48:37.483', 1, 'Proposal 40 that reached its quorum', 27, 15, NULL),
(189, TIMESTAMP '2018-12-02 14:48:37.49', TIMESTAMP '2018-12-03 14:48:37.49', 'AySfBhKM Lorem ipsum dolor sit amet, consectetur adipiscing elit, sed do eiusmod tempor incididu', TIMESTAMP '2018-12-10 14:48:37.489', 1, 'Proposal 41 that reached its quorum', 21, 8, NULL),
(190, TIMESTAMP '2018-12-09 14:48:37.496', TIMESTAMP '2018-12-10 14:48:37.496', 'XL4IPhHM Lorem ipsum dolor sit amet, consectetur adipiscing elit, sed do eiusmod tempor incididunt ut labore et dolore magna aliqua. Ut enim ad minim veniam, quis nostrud exercitation ullamco laboris nisi ut aliquip ex ea commodo consequat. Duis aute irure dolor in reprehenderit in voluptate velit esse cill', TIMESTAMP '2018-12-10 14:48:37.495', 1, 'Proposal 42 that reached its quorum', 21, 12, NULL),
(191, TIMESTAMP '2018-12-03 14:48:37.503', TIMESTAMP '2018-12-04 14:48:37.503', 'vqa4z0Xa Lorem ipsum dolor sit amet, consectetur adipiscing elit, sed do eiusmod tempor incididunt ut labore et dolore magna aliqua. Ut enim ad minim veniam, quis nostrud exercitation ullamco laboris nisi ut aliquip ex ea commodo consequat. Duis aute irure dolor in reprehenderit in voluptate velit esse cillum dolore eu fugiat nulla pariatur. Excepteur sint occaecat ', TIMESTAMP '2018-12-10 14:48:37.502', 1, 'Proposal 43 that reached its quorum', 23, 3, NULL),
(192, TIMESTAMP '2018-12-08 14:48:37.509', TIMESTAMP '2018-12-09 14:48:37.509', 'mJjsbgGg Lorem ipsum dolor sit amet, consectetur adipiscing elit, sed do eiusmod tempor incididunt ut lab', TIMESTAMP '2018-12-10 14:48:37.508', 1, 'Proposal 44 that reached its quorum', 27, 17, NULL),
(193, TIMESTAMP '2018-12-10 14:48:37.515', TIMESTAMP '2018-12-10 14:48:37.515', 'FZKLpY3x Lorem ipsum dolor sit amet, consectetur adipiscing elit, sed do eiusmod tempor incididunt ut labore et dolore magna aliqua. Ut enim ad minim veniam, quis nostrud exercitation ullamco laboris nisi ut aliquip ex ea commodo consequat. Duis aute irure dolor in reprehenderit in voluptate velit esse cillum dolore eu fugiat nulla pariatur. Excepteur sint occaecat cupidatat non proident, sunt', TIMESTAMP '2018-12-10 14:48:37.514', 1, 'Proposal 45 that reached its quorum', 21, 13, NULL),
(194, TIMESTAMP '2018-12-03 14:48:37.521', TIMESTAMP '2018-12-04 14:48:37.521', '6Ts4a5fd Lorem ipsum dolor sit amet, consectetur adipiscing elit, sed do eiusmod tempor incididunt ut labore et dolore magna aliqua. Ut enim', TIMESTAMP '2018-12-10 14:48:37.52', 1, 'Proposal 46 that reached its quorum', 26, 13, NULL),
(195, TIMESTAMP '2018-12-03 14:48:37.528', TIMESTAMP '2018-12-04 14:48:37.528', 'RIt2NmBt Lorem ipsum dolor sit amet, consectetur adipiscing elit, sed do eiusmod tempor ', TIMESTAMP '2018-12-10 14:48:37.527', 1, 'Proposal 47 that reached its quorum', 22, 10, NULL),
(196, TIMESTAMP '2018-12-04 14:48:37.539', TIMESTAMP '2018-12-05 14:48:37.539', '86FOP8r6 Lorem ipsum dolor sit amet, consectetur adipiscing elit, sed do eiusmod tempor incididunt ut labore et dolore magna aliqua. Ut enim ad minim veniam, quis nostrud exercitation ullamco laboris nisi ut aliquip ex ea commodo consequat. Duis aute irure dolor in reprehenderit in voluptate velit esse cillum dolore eu fugiat nulla pariatur. ', TIMESTAMP '2018-12-10 14:48:37.538', 1, 'Proposal 48 that reached its quorum', 29, 8, NULL);
INSERT INTO PUBLIC.LAWS(ID, CREATED_AT, UPDATED_AT, DESCRIPTION, REACHED_QUORUM_AT, STATUS, TITLE, AREA_ID, CREATED_BY_ID, POLL_ID) VALUES
(197, TIMESTAMP '2018-12-09 14:48:37.558', TIMESTAMP '2018-12-10 14:48:37.558', 'qT4LVhDS Lorem ipsum dolor sit amet, consectetur adipiscing elit, sed do eiusmod tempor incididunt ut labore et dolore magna aliqua. Ut enim ad minim veniam, quis nostrud exercitati', TIMESTAMP '2018-12-10 14:48:37.551', 1, 'Proposal 49 that reached its quorum', 23, 6, NULL),
(198, TIMESTAMP '2018-12-01 14:48:37.572', TIMESTAMP '2018-12-02 14:48:37.573', 'Lorem ipsum dolor sit amet, consectetur adipiscing elit, sed do eiusmod tempor incididunt ut labore et dolore magna aliqua. Ut enim ad minim veniam, quis nostrud exercitation ullamco laboris nisi ut aliquip ex ea commod', TIMESTAMP '2018-12-10 14:48:37.571', 1, 'Proposal 0 for user testuser1@liquido.de', 26, 1, NULL),
(199, TIMESTAMP '2018-12-09 14:48:37.579', TIMESTAMP '2018-12-10 14:48:37.579', 'Lorem ipsum dolor sit amet, consectetur adipiscing elit, sed do eiusmod tempor incididunt ut labore et dolore magna aliqua. Ut enim ad minim veniam, quis nostrud exercitation ullamco laboris nisi ut aliquip ex e', TIMESTAMP '2018-12-10 14:48:37.578', 1, 'Proposal 1 for user testuser1@liquido.de', 22, 1, NULL),
(200, TIMESTAMP '2018-12-10 14:48:37.589', TIMESTAMP '2018-12-10 14:48:37.589', 'Lorem ipsum dolor sit amet, consectetur adipiscing elit, sed do eiusmod tempor incididunt ut labore et dolore magna aliqua. Ut en', TIMESTAMP '2018-12-10 14:48:37.588', 1, 'Proposal 2 for user testuser1@liquido.de', 24, 1, NULL),
(201, TIMESTAMP '2018-12-08 14:48:37.596', TIMESTAMP '2018-12-09 14:48:37.596', 'Lorem ipsum dolor sit amet, consectetur adipiscing elit, sed do eiusmod tempor incididunt ut labore et dolore magna aliqua. Ut enim ad minim veniam, quis nos', TIMESTAMP '2018-12-10 14:48:37.595', 1, 'Proposal 3 for user testuser1@liquido.de', 30, 1, NULL),
(202, TIMESTAMP '2018-12-05 14:48:37.608', TIMESTAMP '2018-12-06 14:48:37.608', 'Lorem ipsum dolor sit amet, consectetur adipiscing elit, sed do eiusmod tempor incididunt ut labore et dolore magna aliqua. Ut enim ad minim veniam, quis nostrud exer', TIMESTAMP '2018-12-10 14:48:37.606', 1, 'Proposal 4 for user testuser1@liquido.de', 22, 1, NULL),
(203, TIMESTAMP '2018-11-30 14:48:37.621', TIMESTAMP '2018-12-10 14:48:37.655', 'Lorem ipsum dolor sit amet, consectetur adipiscing elit, sed do eiusmod tempor incididunt ut labore et dolore magna aliqua. Ut enim ad minim veniam, quis nostrud exercitation ullamco laboris nisi ut aliquip ex ea commodo consequat. Duis aute irure dolor in reprehenderit in voluptate velit esse cillum dolore eu fugiat nulla pariatur. Excepteur sint', TIMESTAMP '2018-12-10 14:48:37.619', 2, 'Initial Proposal in a poll that is in elaboration 1544449717608', 21, 13, 210),
(211, TIMESTAMP '2018-11-20 14:48:37.666', TIMESTAMP '2018-12-10 14:48:37.676', 'Lorem ipsum dolor sit amet, consectetur adipiscing elit, sed do eiusmod tempor incididunt ut labore et dolore magna aliqua. Ut enim ad minim veniam, quis nostrud exercitation ullamco l', TIMESTAMP '2018-12-10 14:48:37.664', 2, 'Alternative Proposal1 in a poll that is in elaboration1544449717657', 21, 15, 210),
(218, TIMESTAMP '2018-11-20 14:48:37.685', TIMESTAMP '2018-12-10 14:48:37.694', 'Lorem ipsum dolor sit amet, consectetur adipiscing elit, sed do eiusmod tempor incididunt ut labore et dolore magna aliqua. Ut enim ad minim veniam, quis nostrud exe', TIMESTAMP '2018-12-10 14:48:37.682', 2, 'Alternative Proposal2 in a poll that is in elaboration1544449717676', 21, 7, 210),
(225, TIMESTAMP '2018-11-20 14:48:37.703', TIMESTAMP '2018-12-10 14:48:37.712', 'Lorem ipsum dolor sit amet, consectetur adipiscing elit, sed do eiusmod tempor incididunt ut labore et dolore magna aliqua. Ut enim a', TIMESTAMP '2018-12-10 14:48:37.702', 2, 'Alternative Proposal3 in a poll that is in elaboration1544449717695', 21, 3, 210),
(232, TIMESTAMP '2018-11-20 14:48:37.72', TIMESTAMP '2018-12-10 14:48:37.728', 'Lorem ipsum dolor sit amet, consectetur adipiscing elit, sed do eiusmod tempor incididunt ut labore et dolore magna aliqua. Ut enim ad minim veniam, quis nostrud exercitation ullamco laboris nisi ut aliq', TIMESTAMP '2018-12-10 14:48:37.719', 2, 'Alternative Proposal4 in a poll that is in elaboration1544449717713', 21, 5, 210);
INSERT INTO PUBLIC.LAWS(ID, CREATED_AT, UPDATED_AT, DESCRIPTION, REACHED_QUORUM_AT, STATUS, TITLE, AREA_ID, CREATED_BY_ID, POLL_ID) VALUES
(239, TIMESTAMP '2018-11-30 14:48:37.736', TIMESTAMP '2018-12-10 14:48:37.872', 'Lorem ipsum dolor sit amet, consectetur adipiscing elit, sed do eiusmod tempor incididunt ut labore et dolore magna aliqua. Ut enim ad minim veniam, quis nostrud exercitation ullamco laboris nisi ut aliquip ex ea commodo consequat. Duis aute irure dolor in reprehenderit in voluptate velit esse cillum dolore eu fugiat nulla pariatur. Ex', TIMESTAMP '2018-12-10 14:48:37.735', 3, 'Proposal 5 in voting phase 1544449717857', 21, 13, 246),
(247, TIMESTAMP '2018-11-20 14:48:37.769', TIMESTAMP '2018-12-10 14:48:37.873', 'Lorem ipsum dolor sit amet, consectetur adipiscing elit, sed do eiusmod tempor incididunt ut labore et dolore magna aliqua. Ut enim ad minim veniam, quis nostrud exercitation ullamco laboris nisi ut aliquip ex ea commodo consequat. Duis aute irure dolor in reprehenderit in voluptate velit esse cillum dolore eu fugiat nulla pariatur. Excepteur sint occaecat c', TIMESTAMP '2018-12-10 14:48:37.767', 3, 'Proposal 4 in voting phase 1544449717857', 21, 15, 246),
(254, TIMESTAMP '2018-11-20 14:48:37.793', TIMESTAMP '2018-12-10 14:48:37.873', 'Lorem ipsum dolor sit amet, consectetur adipiscing elit, sed do eiusmod tempor incididunt ut labore et dolore magna aliqua. Ut enim ad minim veniam, quis nostrud exercitation ullamco laboris nisi ut aliquip ex ea commodo consequat. Duis aute irure dolor in reprehenderit in voluptate velit esse cillum dolore eu fugiat nulla pariatur. Excepteur sint oc', TIMESTAMP '2018-12-10 14:48:37.791', 3, 'Proposal 3 in voting phase 1544449717857', 21, 7, 246),
(261, TIMESTAMP '2018-11-20 14:48:37.817', TIMESTAMP '2018-12-10 14:48:37.873', 'Lorem ipsum dolor sit amet, consectetur adipiscing elit, sed do eiusmod tempor incididunt ut labore et dolore magna aliqua. Ut enim ad minim veniam, quis nostrud exercitation ullamco laboris nisi ut aliquip ex ea commodo consequat. Duis aute irure dolor in reprehenderit in voluptate vel', TIMESTAMP '2018-12-10 14:48:37.815', 3, 'Proposal 2 in voting phase 1544449717857', 21, 3, 246),
(268, TIMESTAMP '2018-11-20 14:48:37.838', TIMESTAMP '2018-12-10 14:48:37.873', 'Lorem ipsum dolor sit amet, consectetur adipiscing elit, sed do eiusmod tempor incididunt ut labore et dolore magna aliqua. Ut enim ad minim veniam, quis nostrud exercitation ullamco laboris nisi ut aliquip ex ea commodo consequat. Duis aute irure dolor in reprehenderit in voluptate velit esse cillum dolore eu fugiat nulla pariatur. Excepteur sint occaecat cupidatat non proident, sunt in', TIMESTAMP '2018-12-10 14:48:37.837', 3, 'Proposal 1 in voting phase 1544449717857', 21, 5, 246),
(290, TIMESTAMP '2018-11-30 14:48:43.567', TIMESTAMP '2018-12-10 14:48:49.328', 'Lorem ipsum dolor sit amet, consectetur adipiscing elit, sed do eiusmod tempor incididunt ut labore et dolore magna aliqua. Ut enim ad minim veniam, quis nostrud exercitation ullamco laboris ', TIMESTAMP '2018-12-10 14:48:43.566', 5, 'Proposal 5 in voting phase 1544449723623', 21, 13, 297),
(298, TIMESTAMP '2018-11-20 14:48:43.578', TIMESTAMP '2018-12-10 14:48:49.329', 'Lorem ipsum dolor sit amet, consectetur adipiscing elit, sed do eiusmod tempor incididunt ut labore et dolore magna aliqua. Ut enim ad minim veniam, quis nostrud exercitation ullamco laboris nisi ut aliquip ex ea commodo consequat. Duis aute irure dolor in reprehenderit in voluptate velit esse cillum ', TIMESTAMP '2018-12-10 14:48:43.577', 5, 'Proposal 4 in voting phase 1544449723623', 21, 15, 297),
(305, TIMESTAMP '2018-11-20 14:48:43.589', TIMESTAMP '2018-12-10 14:48:49.329', 'Lorem ipsum dolor sit amet, consectetur adipiscing elit, sed do eiusmod tempor incididunt ut labore et dolore magn', TIMESTAMP '2018-12-10 14:48:43.589', 5, 'Proposal 3 in voting phase 1544449723623', 21, 7, 297),
(312, TIMESTAMP '2018-11-20 14:48:43.602', TIMESTAMP '2018-12-10 14:48:49.329', 'Lorem ipsum dolor sit amet, consectetur adipiscing elit, sed do eiusmod tempor incididunt ut labore et dolore magna aliqua. Ut enim ad minim veniam, qu', TIMESTAMP '2018-12-10 14:48:43.601', 5, 'Proposal 2 in voting phase 1544449723623', 21, 3, 297);
INSERT INTO PUBLIC.LAWS(ID, CREATED_AT, UPDATED_AT, DESCRIPTION, REACHED_QUORUM_AT, STATUS, TITLE, AREA_ID, CREATED_BY_ID, POLL_ID) VALUES
(319, TIMESTAMP '2018-11-20 14:48:43.614', TIMESTAMP '2018-12-10 14:48:49.33', 'Lorem ipsum dolor sit amet, consectetur adipiscing elit, sed do eiusmod tempor incididunt ut labore et dolore magna aliqua. Ut enim ad minim veniam, quis nostrud exercitation ullamco laboris nisi ut aliquip ex ea commodo consequat. Duis aute irure dolor in reprehenderit in voluptate velit esse cillum dolore eu fugiat nulla pariatur. Excepteur sint occaecat cupidatat non proident, su', TIMESTAMP '2018-12-10 14:48:43.613', 4, 'Proposal 1 in voting phase 1544449723623', 21, 5, 297),
(341, TIMESTAMP '2018-11-20 14:48:49.341', TIMESTAMP '2018-12-10 14:48:49.341', 'Lorem ipsum dolor sit amet, consectetur adipiscing elit, sed do eiusmod tempor incididunt ut labore et dolore magna aliqua. Ut enim ad m', TIMESTAMP '2018-11-16 14:48:49.339', 4, 'Law 0', 21, 1, NULL),
(342, TIMESTAMP '2018-11-19 14:48:49.351', TIMESTAMP '2018-12-10 14:48:49.351', 'Lorem ipsum dolor sit amet, consectetur adipiscing elit, sed do eiusmod tempor incididunt ut labore et dolore magna aliqua. Ut enim ad minim veniam, quis nostrud exercitation ullamco laboris nisi ut aliquip ex ea commodo consequat. Duis aute irure dolor in reprehenderit in voluptate velit esse cillum dolore eu fugiat nulla pariatur. Excepteur sint occaecat cupidat', TIMESTAMP '2018-11-16 14:48:49.35', 4, 'Law 1', 21, 1, NULL);
CREATE MEMORY TABLE PUBLIC.LAWS_COMMENTS(
LAW_MODEL_ID BIGINT NOT NULL,
COMMENTS_ID BIGINT NOT NULL
);
ALTER TABLE PUBLIC.LAWS_COMMENTS ADD CONSTRAINT PUBLIC.CONSTRAINT_A0 PRIMARY KEY(LAW_MODEL_ID, COMMENTS_ID);
-- 15 +/- SELECT COUNT(*) FROM PUBLIC.LAWS_COMMENTS;
INSERT INTO PUBLIC.LAWS_COMMENTS(LAW_MODEL_ID, COMMENTS_ID) VALUES
(203, 204),
(211, 212),
(218, 219),
(225, 226),
(232, 233),
(239, 240),
(247, 248),
(254, 255),
(261, 262),
(268, 269),
(290, 291),
(298, 299),
(305, 306),
(312, 313),
(319, 320);
CREATE MEMORY TABLE PUBLIC.LAWS_SUPPORTERS(
LAW_MODEL_ID BIGINT NOT NULL,
SUPPORTERS_ID BIGINT NOT NULL
);
ALTER TABLE PUBLIC.LAWS_SUPPORTERS ADD CONSTRAINT PUBLIC.CONSTRAINT_C PRIMARY KEY(LAW_MODEL_ID, SUPPORTERS_ID);
-- 1160 +/- SELECT COUNT(*) FROM PUBLIC.LAWS_SUPPORTERS;
INSERT INTO PUBLIC.LAWS_SUPPORTERS(LAW_MODEL_ID, SUPPORTERS_ID) VALUES
(37, 14),
(37, 11),
(38, 6),
(38, 19),
(40, 20),
(40, 7),
(41, 4),
(41, 2),
(41, 3),
(41, 8),
(42, 20),
(42, 16),
(42, 18),
(42, 4),
(42, 3),
(42, 8),
(43, 10),
(43, 20),
(43, 5),
(44, 19),
(44, 11),
(46, 13),
(46, 7),
(46, 9),
(46, 10),
(46, 11),
(48, 12),
(48, 7),
(49, 2),
(49, 4),
(49, 5),
(49, 18),
(49, 17),
(49, 1),
(50, 16),
(50, 8),
(51, 4),
(51, 7),
(51, 3),
(51, 19),
(52, 10),
(52, 2),
(53, 8),
(53, 15),
(53, 13),
(53, 18),
(53, 16),
(53, 4),
(54, 5),
(54, 20),
(54, 6),
(54, 7),
(54, 16),
(54, 12),
(55, 15),
(55, 4),
(55, 18),
(55, 14),
(55, 10),
(55, 11),
(55, 16),
(56, 2),
(57, 3),
(57, 1),
(57, 13),
(57, 11),
(57, 18),
(57, 9),
(59, 3),
(59, 20),
(60, 9),
(60, 20),
(61, 3),
(61, 11),
(61, 15),
(61, 18),
(62, 17),
(62, 19),
(62, 3),
(62, 15),
(62, 6),
(62, 4),
(62, 18),
(62, 13),
(63, 2),
(63, 4),
(64, 9),
(64, 6),
(64, 7),
(64, 13),
(64, 5),
(64, 17),
(64, 4),
(64, 8),
(65, 12),
(65, 11),
(65, 3),
(66, 7),
(66, 11),
(66, 5),
(66, 2),
(66, 9),
(66, 12),
(66, 19),
(67, 3),
(67, 10),
(67, 2),
(67, 19),
(67, 12),
(68, 19),
(68, 20),
(68, 15),
(68, 6),
(69, 15),
(69, 13),
(69, 17),
(70, 7),
(70, 5),
(70, 13),
(71, 20),
(71, 5),
(71, 19),
(71, 10),
(71, 18),
(74, 1),
(74, 17),
(75, 9),
(75, 20),
(75, 11),
(75, 18),
(76, 6),
(76, 8),
(76, 10),
(76, 13),
(76, 7),
(77, 19),
(77, 1),
(77, 7),
(77, 15),
(78, 2),
(78, 3),
(78, 7),
(78, 12),
(78, 6),
(78, 16),
(78, 4),
(79, 11),
(80, 15),
(81, 4),
(81, 9),
(81, 8),
(81, 16),
(82, 7),
(84, 8),
(85, 19),
(85, 4),
(85, 18),
(85, 14),
(85, 9),
(85, 2),
(85, 20),
(85, 11),
(87, 12),
(87, 11),
(87, 16),
(88, 10),
(88, 5),
(88, 16),
(88, 2),
(88, 17),
(88, 13),
(89, 11),
(89, 12),
(89, 16),
(89, 2),
(89, 8),
(90, 10),
(90, 8),
(90, 5),
(90, 9),
(90, 19),
(90, 18),
(90, 1),
(91, 17),
(91, 9),
(91, 14),
(91, 18),
(91, 15),
(91, 16),
(91, 6),
(91, 8),
(92, 3),
(92, 7),
(92, 4),
(92, 9),
(92, 10),
(92, 14),
(92, 18),
(95, 3),
(95, 17),
(95, 5),
(95, 4),
(95, 16),
(96, 9),
(96, 12),
(96, 8),
(96, 14),
(96, 3),
(97, 15),
(97, 20),
(98, 19),
(98, 8),
(98, 6),
(98, 4),
(98, 3),
(98, 14),
(98, 18),
(99, 4),
(99, 19),
(99, 18),
(99, 15),
(99, 10),
(99, 7),
(100, 10),
(100, 20),
(101, 9),
(101, 14),
(101, 1),
(102, 6),
(102, 8),
(102, 2),
(102, 9),
(103, 7),
(103, 20),
(103, 2),
(105, 11),
(105, 7),
(105, 19),
(105, 16),
(105, 3),
(105, 2),
(106, 14),
(107, 15),
(107, 7),
(107, 19),
(107, 13),
(107, 4),
(107, 18),
(108, 13),
(108, 20),
(108, 16),
(108, 5),
(108, 15),
(108, 6),
(110, 2),
(111, 7),
(111, 4),
(111, 1),
(111, 15),
(111, 9),
(112, 17),
(112, 1),
(112, 13),
(112, 12),
(112, 8),
(112, 4),
(112, 18),
(112, 10),
(113, 19),
(113, 1),
(113, 2),
(113, 8),
(113, 18),
(113, 12),
(113, 5),
(114, 2),
(114, 11),
(114, 16),
(114, 5),
(115, 19),
(115, 5),
(116, 9),
(116, 20),
(116, 14),
(116, 16),
(118, 18),
(118, 12),
(118, 15),
(118, 5),
(118, 13),
(119, 20),
(120, 1),
(120, 20),
(120, 17),
(120, 8),
(120, 19),
(122, 1),
(122, 2),
(123, 20),
(123, 12),
(123, 16),
(123, 8),
(123, 4),
(124, 7),
(124, 13),
(124, 17),
(124, 9),
(124, 14),
(124, 16),
(124, 6),
(125, 16),
(125, 18),
(125, 4),
(125, 7),
(125, 20),
(125, 11),
(125, 14),
(126, 7),
(126, 9),
(126, 4),
(126, 8),
(126, 5),
(126, 3),
(126, 11),
(127, 4),
(127, 14),
(127, 8),
(128, 8),
(128, 14),
(129, 3),
(129, 12),
(129, 17),
(129, 1),
(129, 11),
(129, 5),
(129, 15),
(129, 7),
(130, 5),
(130, 1),
(130, 8),
(131, 5),
(131, 16),
(131, 20),
(131, 8),
(131, 15),
(131, 3),
(131, 18),
(132, 15),
(133, 15),
(133, 6),
(134, 1),
(134, 14),
(134, 8),
(134, 6),
(134, 12),
(134, 2),
(135, 14),
(135, 18),
(135, 3),
(135, 19),
(136, 12),
(136, 18),
(136, 7),
(136, 4),
(136, 20),
(136, 1),
(136, 19),
(136, 15),
(137, 1),
(137, 2),
(137, 10),
(137, 15),
(137, 19),
(137, 8),
(137, 4),
(137, 16),
(138, 8),
(138, 14),
(138, 4),
(139, 5),
(139, 17),
(139, 18),
(139, 1),
(139, 4),
(139, 20),
(139, 16),
(140, 2),
(141, 4),
(141, 2),
(141, 13),
(141, 12),
(141, 19),
(141, 10),
(141, 20),
(142, 7),
(142, 10),
(142, 12),
(142, 17),
(142, 4),
(142, 9),
(143, 13),
(143, 11),
(143, 1),
(143, 9);
INSERT INTO PUBLIC.LAWS_SUPPORTERS(LAW_MODEL_ID, SUPPORTERS_ID) VALUES
(143, 4),
(143, 18),
(144, 20),
(144, 18),
(144, 14),
(144, 16),
(145, 2),
(145, 5),
(145, 20),
(145, 16),
(145, 8),
(146, 8),
(146, 5),
(146, 6),
(146, 9),
(146, 16),
(146, 2),
(146, 13),
(147, 7),
(147, 16),
(147, 10),
(147, 11),
(147, 20),
(148, 14),
(148, 13),
(148, 3),
(148, 5),
(148, 7),
(148, 11),
(148, 2),
(148, 9),
(148, 15),
(148, 20),
(149, 20),
(149, 18),
(149, 5),
(149, 11),
(149, 10),
(149, 8),
(149, 16),
(149, 12),
(149, 14),
(149, 2),
(150, 15),
(150, 11),
(150, 5),
(150, 16),
(150, 14),
(150, 18),
(150, 12),
(150, 1),
(150, 6),
(150, 7),
(151, 15),
(151, 9),
(151, 2),
(151, 8),
(151, 18),
(151, 17),
(151, 16),
(151, 5),
(151, 20),
(151, 12),
(152, 19),
(152, 11),
(152, 3),
(152, 4),
(152, 7),
(152, 9),
(152, 16),
(152, 2),
(152, 17),
(152, 12),
(153, 12),
(153, 16),
(153, 6),
(153, 3),
(153, 14),
(153, 8),
(153, 20),
(153, 7),
(153, 17),
(153, 1),
(154, 4),
(154, 16),
(154, 11),
(154, 7),
(154, 10),
(154, 14),
(154, 18),
(154, 3),
(154, 9),
(154, 1),
(155, 16),
(155, 15),
(155, 1),
(155, 11),
(155, 7),
(155, 3),
(155, 18),
(155, 2),
(155, 8),
(155, 4),
(156, 15),
(156, 1),
(156, 17),
(156, 8),
(156, 14),
(156, 11),
(156, 3),
(156, 19),
(156, 2),
(156, 5),
(157, 18),
(157, 11),
(157, 14),
(157, 10),
(157, 8),
(157, 17),
(157, 13),
(157, 5),
(157, 4),
(157, 7),
(158, 6),
(158, 1),
(158, 9),
(158, 11),
(158, 3),
(158, 12),
(158, 20),
(158, 15),
(158, 13),
(158, 19),
(159, 2),
(159, 1),
(159, 11),
(159, 13),
(159, 9),
(159, 19),
(159, 6),
(159, 16),
(159, 14),
(159, 18),
(160, 8),
(160, 19),
(160, 4),
(160, 6),
(160, 16),
(160, 3),
(160, 12),
(160, 17),
(160, 1),
(160, 11),
(161, 18),
(161, 10),
(161, 13),
(161, 4),
(161, 3),
(161, 12),
(161, 6),
(161, 2),
(161, 17),
(161, 16),
(162, 2),
(162, 18),
(162, 14),
(162, 1),
(162, 9),
(162, 5),
(162, 20),
(162, 10),
(162, 19),
(162, 12),
(163, 3),
(163, 19),
(163, 5),
(163, 18),
(163, 1),
(163, 14),
(163, 13),
(163, 10),
(163, 16),
(163, 15),
(164, 16),
(164, 7),
(164, 8),
(164, 9),
(164, 11),
(164, 15),
(164, 13),
(164, 3),
(164, 1),
(164, 4),
(165, 19),
(165, 2),
(165, 6),
(165, 10),
(165, 3),
(165, 9),
(165, 20),
(165, 13),
(165, 4),
(165, 5),
(166, 1),
(166, 6),
(166, 10),
(166, 3),
(166, 15),
(166, 5),
(166, 8),
(166, 2),
(166, 17),
(166, 18),
(167, 14),
(167, 9),
(167, 20),
(167, 19),
(167, 6),
(167, 2),
(167, 11),
(167, 17),
(167, 10),
(167, 3),
(168, 19),
(168, 1),
(168, 4),
(168, 13),
(168, 2),
(168, 20),
(168, 17),
(168, 12),
(168, 9),
(168, 10),
(169, 19),
(169, 8),
(169, 18),
(169, 5),
(169, 7),
(169, 14),
(169, 10),
(169, 3),
(169, 15),
(169, 1),
(170, 11),
(170, 5),
(170, 14),
(170, 9),
(170, 13),
(170, 12),
(170, 6),
(170, 10),
(170, 19),
(170, 3),
(171, 1),
(171, 2),
(171, 15),
(171, 9),
(171, 10),
(171, 18),
(171, 11),
(171, 13),
(171, 16),
(171, 8),
(172, 2),
(172, 13),
(172, 15),
(172, 14),
(172, 18),
(172, 16),
(172, 4),
(172, 5),
(172, 20),
(172, 8),
(173, 18),
(173, 16),
(173, 11),
(173, 13),
(173, 14),
(173, 7),
(173, 19),
(173, 9),
(173, 12),
(173, 2),
(174, 1),
(174, 7),
(174, 11),
(174, 13),
(174, 15),
(174, 6),
(174, 16),
(174, 17),
(174, 19),
(174, 4),
(175, 13),
(175, 4),
(175, 7),
(175, 12),
(175, 10),
(175, 18),
(175, 17),
(175, 16),
(175, 20),
(175, 8),
(176, 8),
(176, 9),
(176, 15),
(176, 2),
(176, 12),
(176, 18),
(176, 3),
(176, 13),
(176, 17),
(176, 5),
(177, 2),
(177, 15),
(177, 4),
(177, 17),
(177, 3),
(177, 7),
(177, 8),
(177, 16),
(177, 6),
(177, 14),
(178, 8),
(178, 12),
(178, 5),
(178, 20),
(178, 1),
(178, 3),
(178, 15),
(178, 13),
(178, 7),
(178, 19),
(179, 8),
(179, 3),
(179, 18),
(179, 5),
(179, 16),
(179, 2),
(179, 1),
(179, 17),
(179, 12),
(179, 15),
(180, 6),
(180, 1),
(180, 8),
(180, 14),
(180, 17),
(180, 13),
(180, 11),
(180, 3),
(180, 18),
(180, 4),
(181, 10),
(181, 3),
(181, 5),
(181, 4),
(181, 15),
(181, 13),
(181, 12),
(181, 20),
(181, 1),
(181, 14),
(182, 17),
(182, 18),
(182, 1),
(182, 16),
(182, 7),
(182, 11),
(182, 15),
(182, 12),
(182, 14),
(182, 8),
(183, 6),
(183, 13),
(183, 15),
(183, 12),
(183, 1),
(183, 7),
(183, 10),
(183, 18),
(183, 8);
INSERT INTO PUBLIC.LAWS_SUPPORTERS(LAW_MODEL_ID, SUPPORTERS_ID) VALUES
(183, 3),
(184, 18),
(184, 17),
(184, 15),
(184, 14),
(184, 6),
(184, 20),
(184, 16),
(184, 2),
(184, 5),
(184, 11),
(185, 17),
(185, 5),
(185, 7),
(185, 16),
(185, 12),
(185, 4),
(185, 18),
(185, 3),
(185, 11),
(185, 6),
(186, 4),
(186, 8),
(186, 2),
(186, 10),
(186, 6),
(186, 5),
(186, 12),
(186, 19),
(186, 11),
(186, 7),
(187, 20),
(187, 2),
(187, 12),
(187, 15),
(187, 5),
(187, 4),
(187, 8),
(187, 19),
(187, 3),
(187, 16),
(188, 17),
(188, 14),
(188, 10),
(188, 2),
(188, 1),
(188, 6),
(188, 20),
(188, 13),
(188, 16),
(188, 7),
(189, 16),
(189, 12),
(189, 1),
(189, 19),
(189, 4),
(189, 17),
(189, 11),
(189, 6),
(189, 13),
(189, 18),
(190, 6),
(190, 19),
(190, 1),
(190, 16),
(190, 15),
(190, 5),
(190, 9),
(190, 18),
(190, 3),
(190, 17),
(191, 13),
(191, 15),
(191, 1),
(191, 7),
(191, 11),
(191, 20),
(191, 14),
(191, 4),
(191, 2),
(191, 5),
(192, 19),
(192, 14),
(192, 4),
(192, 20),
(192, 16),
(192, 7),
(192, 10),
(192, 18),
(192, 13),
(192, 3),
(193, 19),
(193, 12),
(193, 16),
(193, 8),
(193, 5),
(193, 18),
(193, 3),
(193, 10),
(193, 9),
(193, 11),
(194, 4),
(194, 5),
(194, 2),
(194, 3),
(194, 14),
(194, 19),
(194, 8),
(194, 12),
(194, 16),
(194, 15),
(195, 9),
(195, 13),
(195, 3),
(195, 8),
(195, 12),
(195, 7),
(195, 20),
(195, 2),
(195, 11),
(195, 17),
(196, 17),
(196, 6),
(196, 3),
(196, 12),
(196, 10),
(196, 9),
(196, 16),
(196, 7),
(196, 11),
(196, 13),
(197, 3),
(197, 14),
(197, 19),
(197, 5),
(197, 8),
(197, 12),
(197, 9),
(197, 11),
(197, 15),
(197, 17),
(198, 8),
(198, 18),
(198, 7),
(198, 9),
(198, 3),
(198, 12),
(198, 13),
(198, 4),
(198, 6),
(198, 14),
(199, 3),
(199, 9),
(199, 15),
(199, 16),
(199, 5),
(199, 12),
(199, 19),
(199, 11),
(199, 2),
(199, 18),
(200, 16),
(200, 15),
(200, 4),
(200, 20),
(200, 17),
(200, 6),
(200, 10),
(200, 11),
(200, 2),
(200, 7),
(201, 3),
(201, 10),
(201, 18),
(201, 19),
(201, 2),
(201, 11),
(201, 15),
(201, 6),
(201, 8),
(201, 12),
(202, 20),
(202, 12),
(202, 6),
(202, 17),
(202, 10),
(202, 18),
(202, 2),
(202, 3),
(202, 9),
(202, 11),
(203, 9),
(203, 1),
(203, 7),
(203, 20),
(203, 15),
(203, 5),
(203, 4),
(203, 12),
(203, 17),
(203, 14),
(211, 4),
(211, 12),
(211, 7),
(211, 19),
(211, 8),
(211, 14),
(211, 20),
(211, 9),
(211, 16),
(211, 6),
(218, 9),
(218, 13),
(218, 17),
(218, 10),
(218, 2),
(218, 19),
(218, 16),
(218, 12),
(218, 18),
(218, 20),
(225, 17),
(225, 2),
(225, 4),
(225, 13),
(225, 14),
(225, 10),
(225, 20),
(225, 18),
(225, 7),
(225, 5),
(232, 14),
(232, 12),
(232, 19),
(232, 15),
(232, 3),
(232, 6),
(232, 4),
(232, 11),
(232, 16),
(232, 9),
(239, 5),
(239, 19),
(239, 20),
(239, 18),
(239, 8),
(239, 15),
(239, 7),
(239, 4),
(239, 9),
(239, 3),
(247, 11),
(247, 17),
(247, 1),
(247, 8),
(247, 13),
(247, 6),
(247, 3),
(247, 10),
(247, 18),
(247, 7),
(254, 14),
(254, 10),
(254, 20),
(254, 4),
(254, 6),
(254, 15),
(254, 13),
(254, 19),
(254, 16),
(254, 11),
(261, 12),
(261, 16),
(261, 11),
(261, 6),
(261, 9),
(261, 20),
(261, 2),
(261, 18),
(261, 14),
(261, 8),
(268, 10),
(268, 12),
(268, 1),
(268, 8),
(268, 16),
(268, 9),
(268, 4),
(268, 6),
(268, 18),
(268, 17),
(290, 11),
(290, 18),
(290, 3),
(290, 15),
(290, 8),
(290, 7),
(290, 17),
(290, 14),
(290, 2),
(290, 19),
(298, 14),
(298, 5),
(298, 18),
(298, 17),
(298, 7),
(298, 11),
(298, 3),
(298, 12),
(298, 10),
(298, 19),
(305, 11),
(305, 4),
(305, 17),
(305, 14),
(305, 18),
(305, 3),
(305, 12),
(305, 10),
(305, 15),
(305, 6),
(312, 1),
(312, 11),
(312, 9),
(312, 5),
(312, 20),
(312, 7),
(312, 16),
(312, 17),
(312, 8),
(312, 13),
(319, 18),
(319, 4),
(319, 12),
(319, 6),
(319, 13),
(319, 1),
(319, 2),
(319, 20),
(319, 19),
(319, 17),
(341, 8),
(341, 10),
(341, 11),
(341, 12),
(341, 18),
(341, 4),
(341, 16),
(341, 19),
(341, 7),
(341, 20),
(341, 6),
(341, 9),
(341, 2),
(341, 14),
(341, 3),
(341, 15),
(342, 9),
(342, 16),
(342, 17),
(342, 6),
(342, 20),
(342, 15),
(342, 3),
(342, 18),
(342, 7),
(342, 12),
(342, 2),
(342, 4),
(342, 11),
(342, 5),
(342, 19),
(342, 10),
(342, 8);
CREATE MEMORY TABLE PUBLIC.ONE_TIME_TOKEN(
ID BIGINT NOT NULL,
CREATED_AT TIMESTAMP NOT NULL,
UPDATED_AT TIMESTAMP NOT NULL,
TOKEN VARCHAR(255) NOT NULL,
TOKEN_TYPE INTEGER NOT NULL,
VALID_UNTIL TIMESTAMP NOT NULL,
USER_ID BIGINT NOT NULL
);
ALTER TABLE PUBLIC.ONE_TIME_TOKEN ADD CONSTRAINT PUBLIC.CONSTRAINT_4 PRIMARY KEY(ID);
-- 0 +/- SELECT COUNT(*) FROM PUBLIC.ONE_TIME_TOKEN;
CREATE MEMORY TABLE PUBLIC.POLLS(
ID BIGINT NOT NULL,
CREATED_AT TIMESTAMP NOT NULL,
UPDATED_AT TIMESTAMP NOT NULL,
STATUS INTEGER,
VOTING_END_AT TIMESTAMP,
VOTING_START_AT TIMESTAMP,
WINNER_ID BIGINT
);
ALTER TABLE PUBLIC.POLLS ADD CONSTRAINT PUBLIC.CONSTRAINT_48 PRIMARY KEY(ID);
-- 3 +/- SELECT COUNT(*) FROM PUBLIC.POLLS;
INSERT INTO PUBLIC.POLLS(ID, CREATED_AT, UPDATED_AT, STATUS, VOTING_END_AT, VOTING_START_AT, WINNER_ID) VALUES
(210, TIMESTAMP '2018-12-03 14:48:37.729', TIMESTAMP '2018-12-03 14:48:37.729', 0, TIMESTAMP '2019-01-07 00:00:00', TIMESTAMP '2018-12-24 00:00:00', NULL),
(246, TIMESTAMP '2018-11-25 14:48:37.861', TIMESTAMP '2018-12-10 14:48:37.872', 1, TIMESTAMP '2018-12-23 00:00:00', TIMESTAMP '2018-12-09 14:48:37.869', NULL),
(297, TIMESTAMP '2018-12-27 07:51:36.613', TIMESTAMP '2018-12-10 14:48:49.328', 2, TIMESTAMP '2018-12-10 14:48:49.317', TIMESTAMP '2018-11-21 14:48:49.313', 319);
CREATE MEMORY TABLE PUBLIC.USERS(
ID BIGINT NOT NULL,
CREATED_AT TIMESTAMP NOT NULL,
UPDATED_AT TIMESTAMP NOT NULL,
EMAIL VARCHAR(255) NOT NULL,
MOBILEPHONE VARCHAR(255),
NAME VARCHAR(255),
PICTURE VARCHAR(255),
WEBSITE VARCHAR(255)
);
ALTER TABLE PUBLIC.USERS ADD CONSTRAINT PUBLIC.CONSTRAINT_4D PRIMARY KEY(ID);
-- 20 +/- SELECT COUNT(*) FROM PUBLIC.USERS;
INSERT INTO PUBLIC.USERS(ID, CREATED_AT, UPDATED_AT, EMAIL, MOBILEPHONE, NAME, PICTURE, WEBSITE) VALUES
(1, TIMESTAMP '2018-12-10 14:48:32.908', TIMESTAMP '2018-12-10 14:48:32.908', 'testuser1@liquido.de', '+49123451', 'Test User1', '/static/img/photos/1.png', 'http://www.liquido.de'),
(2, TIMESTAMP '2018-12-10 14:48:32.913', TIMESTAMP '2018-12-10 14:48:32.913', 'testuser2@liquido.de', '+49123452', 'Test User2', '/static/img/photos/2.png', 'http://www.liquido.de'),
(3, TIMESTAMP '2018-12-10 14:48:32.915', TIMESTAMP '2018-12-10 14:48:32.915', 'testuser3@liquido.de', '+49123453', 'Test User3', '/static/img/photos/3.png', 'http://www.liquido.de'),
(4, TIMESTAMP '2018-12-10 14:48:32.918', TIMESTAMP '2018-12-10 14:48:32.918', 'testuser4@liquido.de', '+49123454', 'Test User4', '/static/img/photos/1.png', 'http://www.liquido.de'),
(5, TIMESTAMP '2018-12-10 14:48:32.919', TIMESTAMP '2018-12-10 14:48:32.919', 'testuser5@liquido.de', '+49123455', 'Test User5', '/static/img/photos/2.png', 'http://www.liquido.de'),
(6, TIMESTAMP '2018-12-10 14:48:32.921', TIMESTAMP '2018-12-10 14:48:32.921', 'testuser6@liquido.de', '+49123456', 'Test User6', '/static/img/photos/3.png', 'http://www.liquido.de'),
(7, TIMESTAMP '2018-12-10 14:48:32.922', TIMESTAMP '2018-12-10 14:48:32.922', 'testuser7@liquido.de', '+49123457', 'Test User7', '/static/img/photos/1.png', 'http://www.liquido.de'),
(8, TIMESTAMP '2018-12-10 14:48:32.924', TIMESTAMP '2018-12-10 14:48:32.924', 'testuser8@liquido.de', '+49123458', 'Test User8', '/static/img/photos/2.png', 'http://www.liquido.de'),
(9, TIMESTAMP '2018-12-10 14:48:32.925', TIMESTAMP '2018-12-10 14:48:32.925', 'testuser9@liquido.de', '+49123459', 'Test User9', '/static/img/photos/3.png', 'http://www.liquido.de'),
(10, TIMESTAMP '2018-12-10 14:48:32.926', TIMESTAMP '2018-12-10 14:48:32.926', 'testuser10@liquido.de', '+491234510', 'Test User10', '/static/img/photos/1.png', 'http://www.liquido.de'),
(11, TIMESTAMP '2018-12-10 14:48:32.929', TIMESTAMP '2018-12-10 14:48:32.929', 'testuser11@liquido.de', '+491234511', 'Test User11', '/static/img/photos/2.png', 'http://www.liquido.de'),
(12, TIMESTAMP '2018-12-10 14:48:32.933', TIMESTAMP '2018-12-10 14:48:32.933', 'testuser12@liquido.de', '+491234512', 'Test User12', '/static/img/photos/3.png', 'http://www.liquido.de'),
(13, TIMESTAMP '2018-12-10 14:48:32.935', TIMESTAMP '2018-12-10 14:48:32.935', 'testuser13@liquido.de', '+491234513', 'Test User13', '/static/img/photos/1.png', 'http://www.liquido.de'),
(14, TIMESTAMP '2018-12-10 14:48:32.936', TIMESTAMP '2018-12-10 14:48:32.936', 'testuser14@liquido.de', '+491234514', 'Test User14', '/static/img/photos/2.png', 'http://www.liquido.de'),
(15, TIMESTAMP '2018-12-10 14:48:32.937', TIMESTAMP '2018-12-10 14:48:32.937', 'testuser15@liquido.de', '+491234515', 'Test User15', '/static/img/photos/3.png', 'http://www.liquido.de'),
(16, TIMESTAMP '2018-12-10 14:48:32.939', TIMESTAMP '2018-12-10 14:48:32.939', 'testuser16@liquido.de', '+491234516', 'Test User16', '/static/img/photos/1.png', 'http://www.liquido.de'),
(17, TIMESTAMP '2018-12-10 14:48:32.955', TIMESTAMP '2018-12-10 14:48:32.955', 'testuser17@liquido.de', '+491234517', 'Test User17', '/static/img/photos/2.png', 'http://www.liquido.de'),
(18, TIMESTAMP '2018-12-10 14:48:32.958', TIMESTAMP '2018-12-10 14:48:32.958', 'testuser18@liquido.de', '+491234518', 'Test User18', '/static/img/photos/3.png', 'http://www.liquido.de'),
(19, TIMESTAMP '2018-12-10 14:48:32.96', TIMESTAMP '2018-12-10 14:48:32.96', 'testuser19@liquido.de', '+491234519', 'Test User19', '/static/img/photos/1.png', 'http://www.liquido.de'),
(20, TIMESTAMP '2018-12-10 14:48:32.961', TIMESTAMP '2018-12-10 14:48:32.961', 'testuser20@liquido.de', '+491234520', 'Test User20', '/static/img/photos/2.png', 'http://www.liquido.de');
-- 0 +/- SELECT COUNT(*) FROM PUBLIC.QRTZ_CALENDARS;
-- 0 +/- SELECT COUNT(*) FROM PUBLIC.QRTZ_CRON_TRIGGERS;
-- 0 +/- SELECT COUNT(*) FROM PUBLIC.QRTZ_FIRED_TRIGGERS;
-- 0 +/- SELECT COUNT(*) FROM PUBLIC.QRTZ_PAUSED_TRIGGER_GRPS;
-- 0 +/- SELECT COUNT(*) FROM PUBLIC.QRTZ_SCHEDULER_STATE;
-- 1 +/- SELECT COUNT(*) FROM PUBLIC.QRTZ_LOCKS;
-- 2 +/- SELECT COUNT(*) FROM PUBLIC.QRTZ_JOB_DETAILS;
-- 2 +/- SELECT COUNT(*) FROM PUBLIC.QRTZ_SIMPLE_TRIGGERS;
-- 0 +/- SELECT COUNT(*) FROM PUBLIC.QRTZ_SIMPROP_TRIGGERS;
-- 0 +/- SELECT COUNT(*) FROM PUBLIC.QRTZ_BLOB_TRIGGERS;
-- 2 +/- SELECT COUNT(*) FROM PUBLIC.QRTZ_TRIGGERS;
ALTER TABLE PUBLIC.AREAS ADD CONSTRAINT PUBLIC.UK_P61HNJ1M450KNDUSCXOLDCHFJ UNIQUE(TITLE);
ALTER TABLE PUBLIC.USERS ADD CONSTRAINT PUBLIC.UK_6DOTKOTT2KJSP8VW4D0M25FB7 UNIQUE(EMAIL);
ALTER TABLE PUBLIC.LAWS ADD CONSTRAINT PUBLIC.UK_BS516OPV3HONTPTWVPIOOS72B UNIQUE(TITLE);
ALTER TABLE PUBLIC.DELEGATIONS ADD CONSTRAINT PUBLIC.UK2WYH7POIF8NPDWLUR8DFORD0J UNIQUE(AREA_ID, FROM_USER_ID);
ALTER TABLE PUBLIC.LAWS_COMMENTS ADD CONSTRAINT PUBLIC.UK_OF3YV6X3MAHJPHJBJE5XHRXC8 UNIQUE(COMMENTS_ID);
ALTER TABLE PUBLIC.CHECKSUMS ADD CONSTRAINT PUBLIC.UKL0XNKLNHLK4PTWSU9B0QXTYBN UNIQUE(AREA_ID, PUBLIC_PROXY_ID);
ALTER TABLE PUBLIC.KEY_VALUE ADD CONSTRAINT PUBLIC.UK_GVYP924RQ0A5Y8U3EMJS35G2Q UNIQUE(KEY);
ALTER TABLE PUBLIC.BALLOT_MODEL ADD CONSTRAINT PUBLIC.FK80AA8GKY9NQS7CS136W9JBLJ6 FOREIGN KEY(POLL_ID) REFERENCES PUBLIC.POLLS(ID) NOCHECK;
ALTER TABLE PUBLIC.AREAS ADD CONSTRAINT PUBLIC.FKP9N0U4HM2Q1O7V0068C8GD4EL FOREIGN KEY(CREATED_BY_ID) REFERENCES PUBLIC.USERS(ID) NOCHECK;
ALTER TABLE PUBLIC.DELEGATIONS ADD CONSTRAINT PUBLIC.FK1Y1R0D478R9NTDMUIYKKUHADV FOREIGN KEY(REQUESTED_DELEGATION_FROM_CHECKSUM_CHECKSUM) REFERENCES PUBLIC.CHECKSUMS(CHECKSUM) NOCHECK;
ALTER TABLE PUBLIC.DELEGATIONS ADD CONSTRAINT PUBLIC.FKSWBDEOVC7HSQ5EX30PBMDU9D4 FOREIGN KEY(AREA_ID) REFERENCES PUBLIC.AREAS(ID) NOCHECK;
ALTER TABLE PUBLIC.LAWS ADD CONSTRAINT PUBLIC.FK4QUHD81MM84X6RQ0CCBXSEYXX FOREIGN KEY(POLL_ID) REFERENCES PUBLIC.POLLS(ID) NOCHECK;
ALTER TABLE PUBLIC.LAWS_SUPPORTERS ADD CONSTRAINT PUBLIC.FK9B4I87YIKUCHRIRFJAYMGOHE3 FOREIGN KEY(LAW_MODEL_ID) REFERENCES PUBLIC.LAWS(ID) NOCHECK;
ALTER TABLE PUBLIC.COMMENTS_DOWN_VOTERS ADD CONSTRAINT PUBLIC.FK62ILAC17TG4CPKRHEONUD72HV FOREIGN KEY(DOWN_VOTERS_ID) REFERENCES PUBLIC.USERS(ID) NOCHECK;
ALTER TABLE PUBLIC.CHECKSUMS ADD CONSTRAINT PUBLIC.FKDFLPSE9FSOGY1FMFDY2W79RG FOREIGN KEY(DELEGATED_TO_CHECKSUM) REFERENCES PUBLIC.CHECKSUMS(CHECKSUM) NOCHECK;
ALTER TABLE PUBLIC.CHECKSUMS ADD CONSTRAINT PUBLIC.FK68FTLVL0MWTVOQD3BFUPP0XRG FOREIGN KEY(PUBLIC_PROXY_ID) REFERENCES PUBLIC.USERS(ID) NOCHECK;
ALTER TABLE PUBLIC.LAWS ADD CONSTRAINT PUBLIC.FKTR1PLL46Q50SHWBFFYIYUAVGN FOREIGN KEY(CREATED_BY_ID) REFERENCES PUBLIC.USERS(ID) NOCHECK;
ALTER TABLE PUBLIC.ONE_TIME_TOKEN ADD CONSTRAINT PUBLIC.FK4O21XT1RMRICB3EA4TO5NKR8D FOREIGN KEY(USER_ID) REFERENCES PUBLIC.USERS(ID) NOCHECK;
ALTER TABLE PUBLIC.COMMENTS ADD CONSTRAINT PUBLIC.FKAKKM6QFYDU7VGNFNE1YO0XMED FOREIGN KEY(CREATED_BY_ID) REFERENCES PUBLIC.USERS(ID) NOCHECK;
ALTER TABLE PUBLIC.DELEGATIONS ADD CONSTRAINT PUBLIC.FK21A6LG8FU2JS6E0JU41WJ2GQP FOREIGN KEY(TO_PROXY_ID) REFERENCES PUBLIC.USERS(ID) NOCHECK;
ALTER TABLE PUBLIC.LAWS_COMMENTS ADD CONSTRAINT PUBLIC.FK36FBKIUITRV0YRVY8S0IG46IX FOREIGN KEY(LAW_MODEL_ID) REFERENCES PUBLIC.LAWS(ID) NOCHECK;
ALTER TABLE PUBLIC.POLLS ADD CONSTRAINT PUBLIC.FKQADOVSMQ4UOK58SP9HKHWJQIS FOREIGN KEY(WINNER_ID) REFERENCES PUBLIC.LAWS(ID) NOCHECK;
ALTER TABLE PUBLIC.DELEGATIONS ADD CONSTRAINT PUBLIC.FK9KOYA2MI6T18VF7U1FROBKNIQ FOREIGN KEY(FROM_USER_ID) REFERENCES PUBLIC.USERS(ID) NOCHECK;
ALTER TABLE PUBLIC.BALLOT_MODEL_VOTE_ORDER ADD CONSTRAINT PUBLIC.FKG4WVLJWGWECJJBW58FVL0AD5X FOREIGN KEY(BALLOT_MODEL_ID) REFERENCES PUBLIC.BALLOT_MODEL(ID) NOCHECK;
ALTER TABLE PUBLIC.BALLOT_MODEL ADD CONSTRAINT PUBLIC.FKP19OJ9H53MY80XIR4TWVUE13B FOREIGN KEY(CHECKSUM_CHECKSUM) REFERENCES PUBLIC.CHECKSUMS(CHECKSUM) NOCHECK;
ALTER TABLE PUBLIC.LAWS ADD CONSTRAINT PUBLIC.FK9VIQDJ5LDUN0AHWQDFF1WUY39 FOREIGN KEY(AREA_ID) REFERENCES PUBLIC.AREAS(ID) NOCHECK;
ALTER TABLE PUBLIC.LAWS_COMMENTS ADD CONSTRAINT PUBLIC.FKFL0Y4QFVFPF9YNMMFJ0JEVXFF FOREIGN KEY(COMMENTS_ID) REFERENCES PUBLIC.COMMENTS(ID) NOCHECK;
ALTER TABLE PUBLIC.BALLOT_MODEL_VOTE_ORDER ADD CONSTRAINT PUBLIC.FKK6IWSNAFAEQQ59N0FNWN5K6DI FOREIGN KEY(VOTE_ORDER_ID) REFERENCES PUBLIC.LAWS(ID) NOCHECK;
ALTER TABLE PUBLIC.COMMENTS_UP_VOTERS ADD CONSTRAINT PUBLIC.FKEUURM027PDC4L5A9G9O2L0UYD FOREIGN KEY(UP_VOTERS_ID) REFERENCES PUBLIC.USERS(ID) NOCHECK;
ALTER TABLE PUBLIC.COMMENTS ADD CONSTRAINT PUBLIC.FKLRI30OKF66PHTCGBE5POK7CC0 FOREIGN KEY(PARENT_ID) REFERENCES PUBLIC.COMMENTS(ID) NOCHECK;
ALTER TABLE PUBLIC.COMMENTS_UP_VOTERS ADD CONSTRAINT PUBLIC.FK8LS8T571Y99VTTW1MDKEBXAGP FOREIGN KEY(COMMENT_MODEL_ID) REFERENCES PUBLIC.COMMENTS(ID) NOCHECK;
ALTER TABLE PUBLIC.LAWS_SUPPORTERS ADD CONSTRAINT PUBLIC.FKK8MVJC4RQ970OJAVYFIA9BQVE FOREIGN KEY(SUPPORTERS_ID) REFERENCES PUBLIC.USERS(ID) NOCHECK;
ALTER TABLE PUBLIC.COMMENTS_DOWN_VOTERS ADD CONSTRAINT PUBLIC.FKJYMYJ54LENHS4KE6MYQHLY72 FOREIGN KEY(COMMENT_MODEL_ID) REFERENCES PUBLIC.COMMENTS(ID) NOCHECK;
ALTER TABLE PUBLIC.CHECKSUMS ADD CONSTRAINT PUBLIC.FKLLW57XBW0D67OPTMWFMU3P2PC FOREIGN KEY(AREA_ID) REFERENCES PUBLIC.AREAS(ID) NOCHECK;
