SET DB_CLOSE_DELAY -1;
;
CREATE USER IF NOT EXISTS "SA" SALT '7df797502ba4f5ca' HASH 'ebb91b5004a981bce00e6a11daf3084b384f319d93d65ec985778791c53942c7' ADMIN;
CREATE SEQUENCE "PUBLIC"."HIBERNATE_SEQUENCE" START WITH 387;
CREATE MEMORY TABLE "PUBLIC"."AREAS"(
"ID" BIGINT NOT NULL,
"CREATED_AT" TIMESTAMP NOT NULL,
"UPDATED_AT" TIMESTAMP NOT NULL,
"DESCRIPTION" VARCHAR(255) NOT NULL,
"TITLE" VARCHAR(255) NOT NULL,
"CREATED_BY_ID" BIGINT NOT NULL
);
ALTER TABLE "PUBLIC"."AREAS" ADD CONSTRAINT "PUBLIC"."CONSTRAINT_3" PRIMARY KEY("ID");
-- 10 +/- SELECT COUNT(*) FROM PUBLIC.AREAS;
INSERT INTO "PUBLIC"."AREAS" VALUES
(22, TIMESTAMP '2019-12-09 07:25:51.75', TIMESTAMP '2019-12-09 07:25:51.75', 'Nice description for test area #0', 'Area 0', 1),
(23, TIMESTAMP '2019-12-09 07:25:51.752', TIMESTAMP '2019-12-09 07:25:51.752', 'Nice description for test area #1', 'Area 1', 1),
(24, TIMESTAMP '2019-12-09 07:25:51.753', TIMESTAMP '2019-12-09 07:25:51.753', 'Nice description for test area #2', 'Area 2', 1),
(25, TIMESTAMP '2019-12-09 07:25:51.755', TIMESTAMP '2019-12-09 07:25:51.755', 'Nice description for test area #3', 'Area 3', 1),
(26, TIMESTAMP '2019-12-09 07:25:51.756', TIMESTAMP '2019-12-09 07:25:51.756', 'Nice description for test area #4', 'Area 4', 1),
(27, TIMESTAMP '2019-12-09 07:25:51.758', TIMESTAMP '2019-12-09 07:25:51.758', 'Nice description for test area #5', 'Area 5', 1),
(28, TIMESTAMP '2019-12-09 07:25:51.759', TIMESTAMP '2019-12-09 07:25:51.759', 'Nice description for test area #6', 'Area 6', 1),
(29, TIMESTAMP '2019-12-09 07:25:51.76', TIMESTAMP '2019-12-09 07:25:51.76', 'Nice description for test area #7', 'Area 7', 1),
(30, TIMESTAMP '2019-12-09 07:25:51.761', TIMESTAMP '2019-12-09 07:25:51.761', 'Nice description for test area #8', 'Area 8', 1),
(31, TIMESTAMP '2019-12-09 07:25:51.763', TIMESTAMP '2019-12-09 07:25:51.763', 'Nice description for test area #9', 'Area 9', 1);
CREATE MEMORY TABLE "PUBLIC"."BALLOTS"(
"ID" BIGINT NOT NULL,
"LEVEL" INTEGER NOT NULL,
"VOTE_COUNT" BIGINT NOT NULL,
"CHECKSUM" VARCHAR(255) NOT NULL,
"POLL_ID" BIGINT NOT NULL
);
ALTER TABLE "PUBLIC"."BALLOTS" ADD CONSTRAINT "PUBLIC"."CONSTRAINT_1" PRIMARY KEY("ID");
-- 32 +/- SELECT COUNT(*) FROM PUBLIC.BALLOTS;
INSERT INTO "PUBLIC"."BALLOTS" VALUES
(322, 0, 1, '$2a$10$1IdrGrRAN2Wp3U7QI.JIzuLWYmX8a8mYTh.vjJc7tXFvw8MYTRxn6', 294),
(323, 0, 1, '$2a$10$1IdrGrRAN2Wp3U7QI.JIzumlcpwp8brtUDnbFrq3yf2CMP0CBmGkS', 294),
(324, 0, 4, '$2a$10$1IdrGrRAN2Wp3U7QI.JIzu4HeueVNdaHPs3H5dOkHoKyKmOv2LOTy', 294),
(325, 0, 1, '$2a$10$1IdrGrRAN2Wp3U7QI.JIzuYBfqBJ8KRURXGBEFD1NIy8BIUtxNH8i', 294),
(326, 0, 1, '$2a$10$1IdrGrRAN2Wp3U7QI.JIzuj.6MAo8TWBWCw/Az7uRlus4mRiLJh/i', 294),
(327, 0, 1, '$2a$10$1IdrGrRAN2Wp3U7QI.JIzukLk9n0nP/KZdEWe.TYbRMKT7d5wS9rm', 294),
(328, 0, 2, '$2a$10$1IdrGrRAN2Wp3U7QI.JIzuEtxLCwrNT9pKlY1rgxYhl3RtaNJEQW.', 294),
(329, 1, 1, '$2a$10$1IdrGrRAN2Wp3U7QI.JIzulyuC.ir27zjCKynm/ef4Gp77Z9XU9UC', 294),
(330, 0, 1, '$2a$10$1IdrGrRAN2Wp3U7QI.JIzuNX3Ud6yFocoawh8dxtXS6Xinvh2wN8O', 294),
(331, 0, 1, '$2a$10$1IdrGrRAN2Wp3U7QI.JIzuL7lV2QCtsOcieHmoCH6Frx3m0Y2gHDy', 294),
(332, 0, 1, '$2a$10$1IdrGrRAN2Wp3U7QI.JIzupVvL.A.5dYSm7rGT0GBv1hPhN0oHIb2', 294),
(333, 0, 1, '$2a$10$1IdrGrRAN2Wp3U7QI.JIzu5kxuD9IiiPFdcwyhozqhvbAy0ZE3UIy', 294),
(334, 0, 1, '$2a$10$1IdrGrRAN2Wp3U7QI.JIzuWpvcrZ.M0VWtIrLxjdUF9DDvCTqEyxi', 294),
(335, 0, 1, '$2a$10$1IdrGrRAN2Wp3U7QI.JIzutiQDHi8vodSsYuDPKvp8FraWGUTlwFG', 294),
(336, 0, 1, '$2a$10$1IdrGrRAN2Wp3U7QI.JIzuidRK2esq5qotXMifey0buhheoxNToqO', 294),
(337, 0, 1, '$2a$10$1IdrGrRAN2Wp3U7QI.JIzu6Bp5DRTXJoaGWZwPuxZlqWxdkXxzepO', 294),
(369, 0, 1, '$2a$10$1IdrGrRAN2Wp3U7QI.JIzuLWYmX8a8mYTh.vjJc7tXFvw8MYTRxn6', 343),
(370, 0, 1, '$2a$10$1IdrGrRAN2Wp3U7QI.JIzumlcpwp8brtUDnbFrq3yf2CMP0CBmGkS', 343),
(371, 0, 4, '$2a$10$1IdrGrRAN2Wp3U7QI.JIzu4HeueVNdaHPs3H5dOkHoKyKmOv2LOTy', 343),
(372, 0, 1, '$2a$10$1IdrGrRAN2Wp3U7QI.JIzuYBfqBJ8KRURXGBEFD1NIy8BIUtxNH8i', 343),
(373, 0, 1, '$2a$10$1IdrGrRAN2Wp3U7QI.JIzuj.6MAo8TWBWCw/Az7uRlus4mRiLJh/i', 343),
(374, 0, 1, '$2a$10$1IdrGrRAN2Wp3U7QI.JIzukLk9n0nP/KZdEWe.TYbRMKT7d5wS9rm', 343),
(375, 0, 2, '$2a$10$1IdrGrRAN2Wp3U7QI.JIzuEtxLCwrNT9pKlY1rgxYhl3RtaNJEQW.', 343),
(376, 1, 1, '$2a$10$1IdrGrRAN2Wp3U7QI.JIzulyuC.ir27zjCKynm/ef4Gp77Z9XU9UC', 343),
(377, 0, 1, '$2a$10$1IdrGrRAN2Wp3U7QI.JIzuNX3Ud6yFocoawh8dxtXS6Xinvh2wN8O', 343),
(378, 0, 1, '$2a$10$1IdrGrRAN2Wp3U7QI.JIzuL7lV2QCtsOcieHmoCH6Frx3m0Y2gHDy', 343),
(379, 0, 1, '$2a$10$1IdrGrRAN2Wp3U7QI.JIzupVvL.A.5dYSm7rGT0GBv1hPhN0oHIb2', 343),
(380, 0, 1, '$2a$10$1IdrGrRAN2Wp3U7QI.JIzu5kxuD9IiiPFdcwyhozqhvbAy0ZE3UIy', 343),
(381, 0, 1, '$2a$10$1IdrGrRAN2Wp3U7QI.JIzuWpvcrZ.M0VWtIrLxjdUF9DDvCTqEyxi', 343),
(382, 0, 1, '$2a$10$1IdrGrRAN2Wp3U7QI.JIzutiQDHi8vodSsYuDPKvp8FraWGUTlwFG', 343),
(383, 0, 1, '$2a$10$1IdrGrRAN2Wp3U7QI.JIzuidRK2esq5qotXMifey0buhheoxNToqO', 343),
(384, 0, 1, '$2a$10$1IdrGrRAN2Wp3U7QI.JIzu6Bp5DRTXJoaGWZwPuxZlqWxdkXxzepO', 343);
CREATE MEMORY TABLE "PUBLIC"."BALLOTS_VOTE_ORDER"(
"BALLOT_MODEL_ID" BIGINT NOT NULL,
"VOTE_ORDER_ID" BIGINT NOT NULL,
"LAW_MODEL_ORDER" INTEGER NOT NULL
);
ALTER TABLE "PUBLIC"."BALLOTS_VOTE_ORDER" ADD CONSTRAINT "PUBLIC"."CONSTRAINT_5" PRIMARY KEY("BALLOT_MODEL_ID", "LAW_MODEL_ORDER");
-- 148 +/- SELECT COUNT(*) FROM PUBLIC.BALLOTS_VOTE_ORDER;
INSERT INTO "PUBLIC"."BALLOTS_VOTE_ORDER" VALUES
(322, 295, 0),
(322, 304, 1),
(322, 287, 2),
(322, 300, 3),
(322, 312, 4),
(323, 312, 0),
(323, 304, 1),
(323, 287, 2),
(323, 295, 3),
(324, 287, 0),
(324, 295, 1),
(324, 300, 2),
(324, 304, 3),
(324, 312, 4),
(328, 295, 0),
(328, 304, 1),
(328, 287, 2),
(328, 300, 3),
(329, 295, 0),
(329, 304, 1),
(329, 287, 2),
(329, 300, 3),
(330, 300, 0),
(330, 287, 1),
(330, 312, 2),
(330, 304, 3),
(330, 295, 4),
(325, 304, 0),
(325, 287, 1),
(325, 300, 2),
(325, 312, 3),
(325, 295, 4),
(326, 304, 0),
(326, 295, 1),
(326, 300, 2),
(326, 287, 3),
(326, 312, 4),
(331, 295, 0),
(331, 312, 1),
(331, 300, 2),
(331, 304, 3),
(331, 287, 4),
(332, 312, 0),
(332, 295, 1),
(332, 300, 2),
(332, 304, 3),
(333, 312, 0),
(333, 287, 1),
(333, 295, 2),
(333, 304, 3),
(334, 295, 0),
(334, 312, 1),
(334, 304, 2),
(334, 287, 3),
(334, 300, 4),
(335, 312, 0),
(335, 300, 1),
(335, 287, 2),
(335, 295, 3),
(336, 300, 0),
(336, 304, 1),
(336, 287, 2),
(336, 312, 3),
(336, 295, 4),
(337, 300, 0),
(337, 295, 1),
(337, 287, 2),
(337, 304, 3),
(337, 312, 4),
(327, 300, 0),
(327, 304, 1),
(327, 295, 2),
(327, 312, 3),
(369, 338, 0),
(369, 359, 1),
(369, 351, 2),
(369, 344, 3),
(369, 364, 4),
(370, 344, 0),
(370, 364, 1),
(370, 359, 2),
(370, 351, 3),
(371, 364, 0),
(371, 344, 1),
(371, 351, 2),
(371, 359, 3),
(371, 338, 4),
(375, 351, 0),
(375, 359, 1),
(375, 338, 2),
(375, 344, 3),
(375, 364, 4),
(376, 351, 0),
(376, 359, 1),
(376, 338, 2),
(376, 344, 3),
(376, 364, 4),
(377, 344, 0),
(377, 338, 1),
(377, 359, 2),
(377, 351, 3),
(372, 338, 0),
(372, 344, 1),
(372, 359, 2),
(372, 364, 3),
(372, 351, 4),
(373, 351, 0),
(373, 364, 1),
(373, 359, 2),
(373, 344, 3),
(373, 338, 4),
(378, 359, 0),
(378, 351, 1),
(378, 364, 2),
(378, 338, 3),
(379, 364, 0),
(379, 344, 1),
(379, 338, 2),
(379, 351, 3),
(379, 359, 4),
(380, 344, 0),
(380, 338, 1),
(380, 359, 2),
(380, 351, 3),
(381, 344, 0),
(381, 351, 1),
(381, 359, 2),
(381, 364, 3),
(381, 338, 4),
(382, 359, 0),
(382, 364, 1),
(382, 338, 2),
(382, 344, 3),
(382, 351, 4),
(383, 359, 0),
(383, 338, 1),
(383, 344, 2),
(383, 364, 3),
(384, 351, 0),
(384, 359, 1),
(384, 338, 2),
(384, 344, 3),
(384, 364, 4),
(374, 359, 0),
(374, 338, 1),
(374, 344, 2),
(374, 364, 3),
(374, 351, 4);
CREATE MEMORY TABLE "PUBLIC"."CHECKSUMS"(
"CHECKSUM" VARCHAR(255) NOT NULL,
"EXPIRES_AT" TIMESTAMP,
"TRANSITIVE" BOOLEAN NOT NULL,
"AREA_ID" BIGINT,
"DELEGATED_TO_CHECKSUM" VARCHAR(255),
"PUBLIC_PROXY_ID" BIGINT
);
ALTER TABLE "PUBLIC"."CHECKSUMS" ADD CONSTRAINT "PUBLIC"."CONSTRAINT_B" PRIMARY KEY("CHECKSUM");
-- 18 +/- SELECT COUNT(*) FROM PUBLIC.CHECKSUMS;
INSERT INTO "PUBLIC"."CHECKSUMS" VALUES
('$2a$10$1IdrGrRAN2Wp3U7QI.JIzuccBk8DrXNh0KtYIUb4eNp.t52wOn6W2', TIMESTAMP '2019-12-10 07:25:55.927', TRUE, 22, NULL, 1),
('$2a$10$1IdrGrRAN2Wp3U7QI.JIzuL7lV2QCtsOcieHmoCH6Frx3m0Y2gHDy', TIMESTAMP '2019-12-10 07:26:13.454', TRUE, 22, '$2a$10$1IdrGrRAN2Wp3U7QI.JIzuccBk8DrXNh0KtYIUb4eNp.t52wOn6W2', NULL),
('$2a$10$1IdrGrRAN2Wp3U7QI.JIzuEtxLCwrNT9pKlY1rgxYhl3RtaNJEQW.', TIMESTAMP '2019-12-10 07:26:11.957', TRUE, 22, '$2a$10$1IdrGrRAN2Wp3U7QI.JIzuccBk8DrXNh0KtYIUb4eNp.t52wOn6W2', 3),
('$2a$10$1IdrGrRAN2Wp3U7QI.JIzuZjktzIdpQANYKKzwjQ2AG3JLRied3ZC', TIMESTAMP '2019-12-10 07:25:58.347', TRUE, 22, '$2a$10$1IdrGrRAN2Wp3U7QI.JIzuccBk8DrXNh0KtYIUb4eNp.t52wOn6W2', 4),
('$2a$10$1IdrGrRAN2Wp3U7QI.JIzuNX3Ud6yFocoawh8dxtXS6Xinvh2wN8O', TIMESTAMP '2019-12-10 07:26:12.272', TRUE, 22, NULL, 5),
('$2a$10$1IdrGrRAN2Wp3U7QI.JIzulyuC.ir27zjCKynm/ef4Gp77Z9XU9UC', TIMESTAMP '2019-12-10 07:25:58.121', TRUE, 22, '$2a$10$1IdrGrRAN2Wp3U7QI.JIzuEtxLCwrNT9pKlY1rgxYhl3RtaNJEQW.', 6),
('$2a$10$1IdrGrRAN2Wp3U7QI.JIzu4HeueVNdaHPs3H5dOkHoKyKmOv2LOTy', TIMESTAMP '2019-12-10 07:26:11.624', TRUE, 22, '$2a$10$1IdrGrRAN2Wp3U7QI.JIzuZjktzIdpQANYKKzwjQ2AG3JLRied3ZC', 7),
('$2a$10$1IdrGrRAN2Wp3U7QI.JIzuYBfqBJ8KRURXGBEFD1NIy8BIUtxNH8i', TIMESTAMP '2019-12-10 07:26:12.724', TRUE, 22, '$2a$10$1IdrGrRAN2Wp3U7QI.JIzu4HeueVNdaHPs3H5dOkHoKyKmOv2LOTy', 10),
('$2a$10$1IdrGrRAN2Wp3U7QI.JIzuj.6MAo8TWBWCw/Az7uRlus4mRiLJh/i', TIMESTAMP '2019-12-10 07:26:13.121', TRUE, 22, '$2a$10$1IdrGrRAN2Wp3U7QI.JIzu4HeueVNdaHPs3H5dOkHoKyKmOv2LOTy', 11),
('$2a$10$1IdrGrRAN2Wp3U7QI.JIzukLk9n0nP/KZdEWe.TYbRMKT7d5wS9rm', TIMESTAMP '2019-12-10 07:26:15.823', FALSE, 22, '$2a$10$1IdrGrRAN2Wp3U7QI.JIzu4HeueVNdaHPs3H5dOkHoKyKmOv2LOTy', 12),
('$2a$10$1IdrGrRAN2Wp3U7QI.JIzuLWYmX8a8mYTh.vjJc7tXFvw8MYTRxn6', TIMESTAMP '2019-12-10 07:26:10.88', TRUE, 22, NULL, 13),
('$2a$10$1IdrGrRAN2Wp3U7QI.JIzumlcpwp8brtUDnbFrq3yf2CMP0CBmGkS', TIMESTAMP '2019-12-10 07:26:11.237', TRUE, 22, NULL, 15),
('$2a$10$1IdrGrRAN2Wp3U7QI.JIzupVvL.A.5dYSm7rGT0GBv1hPhN0oHIb2', TIMESTAMP '2019-12-10 07:26:13.854', TRUE, 22, NULL, 9),
('$2a$10$1IdrGrRAN2Wp3U7QI.JIzu5kxuD9IiiPFdcwyhozqhvbAy0ZE3UIy', TIMESTAMP '2019-12-10 07:26:14.226', TRUE, 22, NULL, 16),
('$2a$10$1IdrGrRAN2Wp3U7QI.JIzuWpvcrZ.M0VWtIrLxjdUF9DDvCTqEyxi', TIMESTAMP '2019-12-10 07:26:14.541', TRUE, 22, NULL, 20),
('$2a$10$1IdrGrRAN2Wp3U7QI.JIzutiQDHi8vodSsYuDPKvp8FraWGUTlwFG', TIMESTAMP '2019-12-10 07:26:14.87', TRUE, 22, NULL, 18),
('$2a$10$1IdrGrRAN2Wp3U7QI.JIzuidRK2esq5qotXMifey0buhheoxNToqO', TIMESTAMP '2019-12-10 07:26:15.181', TRUE, 22, NULL, 14),
('$2a$10$1IdrGrRAN2Wp3U7QI.JIzu6Bp5DRTXJoaGWZwPuxZlqWxdkXxzepO', TIMESTAMP '2019-12-10 07:26:15.505', TRUE, 22, NULL, 19);
CREATE MEMORY TABLE "PUBLIC"."COMMENTS"(
"ID" BIGINT NOT NULL,
"CREATED_AT" TIMESTAMP NOT NULL,
"UPDATED_AT" TIMESTAMP NOT NULL,
"COMMENT" VARCHAR(255) NOT NULL,
"CREATED_BY_ID" BIGINT NOT NULL,
"PARENT_ID" BIGINT,
"PROPOSAL_ID" BIGINT NOT NULL
);
ALTER TABLE "PUBLIC"."COMMENTS" ADD CONSTRAINT "PUBLIC"."CONSTRAINT_A" PRIMARY KEY("ID");
-- 122 +/- SELECT COUNT(*) FROM PUBLIC.COMMENTS;
INSERT INTO "PUBLIC"."COMMENTS" VALUES
(194, TIMESTAMP '2019-12-09 07:25:53.805', TIMESTAMP '2019-12-09 07:25:53.805', 'Comment on root level. I really like this idea, but needs to be improved. 1575872753791', 9, NULL, 193),
(195, TIMESTAMP '2019-12-09 07:25:53.807', TIMESTAMP '2019-12-09 07:25:53.807', 'Reply 0 Lorem ipsum dolor sit amet, consectetur adipiscing elit, sed do ei', 8, 194, 193),
(196, TIMESTAMP '2019-12-09 07:25:53.809', TIMESTAMP '2019-12-09 07:25:53.809', 'Reply 1 Lorem ipsum dolor sit amet, consectetur ad', 5, 194, 193),
(198, TIMESTAMP '2019-12-09 07:25:53.834', TIMESTAMP '2019-12-09 07:25:53.834', 'Comment on root level. I really like this idea, but needs to be improved. 1575872753833', 18, NULL, 197),
(199, TIMESTAMP '2019-12-09 07:25:53.836', TIMESTAMP '2019-12-09 07:25:53.836', 'Reply 0 Lorem ipsum dolor sit amet, consectetur adipiscing elit, sed', 17, 198, 197),
(200, TIMESTAMP '2019-12-09 07:25:53.838', TIMESTAMP '2019-12-09 07:25:53.838', 'Reply 1 Lorem ipsum dolor sit amet, consectetur adipisc', 2, 198, 197),
(201, TIMESTAMP '2019-12-09 07:25:53.84', TIMESTAMP '2019-12-09 07:25:53.84', 'Reply 2 Lorem ipsum dolor sit amet, consectetur adipiscing elit, sed do eiusmod ', 4, 198, 197),
(203, TIMESTAMP '2019-12-09 07:25:53.87', TIMESTAMP '2019-12-09 07:25:53.87', 'Comment on root level. I really like this idea, but needs to be improved. 1575872753868', 18, NULL, 202),
(204, TIMESTAMP '2019-12-09 07:25:53.872', TIMESTAMP '2019-12-09 07:25:53.872', 'Reply 0 Lorem ipsum dolor sit amet, consectetur', 3, 203, 202),
(205, TIMESTAMP '2019-12-09 07:25:53.873', TIMESTAMP '2019-12-09 07:25:53.873', 'Reply 1 Lorem ipsum dolor sit ', 7, 203, 202),
(206, TIMESTAMP '2019-12-09 07:25:53.875', TIMESTAMP '2019-12-09 07:25:53.875', 'Reply 2 Lorem ipsum dolor sit amet, consectetur adipiscing elit, sed do eiusmod te', 14, 203, 202),
(208, TIMESTAMP '2019-12-09 07:25:53.91', TIMESTAMP '2019-12-09 07:25:53.91', 'Comment on root level. I really like this idea, but needs to be improved. 1575872753908', 6, NULL, 207),
(209, TIMESTAMP '2019-12-09 07:25:53.912', TIMESTAMP '2019-12-09 07:25:53.912', 'Reply 0 Lorem ipsum dolor', 18, 208, 207),
(210, TIMESTAMP '2019-12-09 07:25:53.915', TIMESTAMP '2019-12-09 07:25:53.915', 'Reply 1 Lorem ipsum dolor sit ', 6, 208, 207),
(212, TIMESTAMP '2019-12-09 07:25:53.943', TIMESTAMP '2019-12-09 07:25:53.943', 'Comment on root level. I really like this idea, but needs to be improved. 1575872753942', 5, NULL, 211),
(213, TIMESTAMP '2019-12-09 07:25:53.945', TIMESTAMP '2019-12-09 07:25:53.945', 'Reply 0 Lorem ipsum dolor sit ame', 20, 212, 211),
(214, TIMESTAMP '2019-12-09 07:25:53.946', TIMESTAMP '2019-12-09 07:25:53.946', 'Reply 1 Lorem ipsum dolor sit amet, consectetur adipiscing elit, sed do e', 4, 212, 211),
(215, TIMESTAMP '2019-12-09 07:25:53.948', TIMESTAMP '2019-12-09 07:25:53.948', 'Reply 2 Lorem ipsum dolor sit amet, consectetur adipis', 8, 212, 211),
(216, TIMESTAMP '2019-12-09 07:25:53.949', TIMESTAMP '2019-12-09 07:25:53.949', 'Reply 3 Lorem ipsum dolor sit amet, consectetur adipiscing elit, sed do eiusmod tempor inci', 2, 212, 211),
(217, TIMESTAMP '2019-12-09 07:25:53.951', TIMESTAMP '2019-12-09 07:25:53.951', 'Reply 4 Lorem ipsum dolor sit a', 14, 212, 211),
(218, TIMESTAMP '2019-12-09 07:25:53.952', TIMESTAMP '2019-12-09 07:25:53.952', 'Reply 5 Lorem ipsum dolor sit amet, consectetur adipiscing elit, sed do eiusmo', 14, 212, 211),
(229, TIMESTAMP '2019-12-09 07:26:01.601', TIMESTAMP '2019-12-09 07:26:01.601', 'Comment on root level. I really like this idea, but needs to be improved. 1575872761601', 16, NULL, 228),
(230, TIMESTAMP '2019-12-09 07:26:01.602', TIMESTAMP '2019-12-09 07:26:01.602', 'Reply 0 Lorem ipsum dolor sit amet, consectetur adipiscing elit, sed do eiusmod tempor ', 9, 229, 228),
(231, TIMESTAMP '2019-12-09 07:26:01.603', TIMESTAMP '2019-12-09 07:26:01.603', 'Reply 1 Lorem ipsum dolor sit amet, consectetur adipiscing elit, sed do eiusmod tempor incididunt ut', 2, 229, 228),
(234, TIMESTAMP '2019-12-09 07:26:01.644', TIMESTAMP '2019-12-09 07:26:01.644', 'Comment on root level. I really like this idea, but needs to be improved. 1575872761643', 9, NULL, 233);
INSERT INTO "PUBLIC"."COMMENTS" VALUES
(235, TIMESTAMP '2019-12-09 07:26:01.648', TIMESTAMP '2019-12-09 07:26:01.648', 'Reply 0 Lorem ipsum dolor sit amet, consectetur adipi', 1, 234, 233),
(236, TIMESTAMP '2019-12-09 07:26:01.65', TIMESTAMP '2019-12-09 07:26:01.65', 'Reply 1 Lorem ipsum dolor sit amet, consect', 5, 234, 233),
(238, TIMESTAMP '2019-12-09 07:26:01.688', TIMESTAMP '2019-12-09 07:26:01.688', 'Comment on root level. I really like this idea, but needs to be improved. 1575872761688', 9, NULL, 237),
(239, TIMESTAMP '2019-12-09 07:26:01.69', TIMESTAMP '2019-12-09 07:26:01.69', 'Reply 0 Lorem ipsum dolor sit amet, consectetur adipiscing elit, sed do', 12, 238, 237),
(240, TIMESTAMP '2019-12-09 07:26:01.691', TIMESTAMP '2019-12-09 07:26:01.691', 'Reply 1 Lorem ipsum dolor sit amet, consectetur adipiscing elit, sed do eiusmod tempor incid', 9, 238, 237),
(241, TIMESTAMP '2019-12-09 07:26:01.692', TIMESTAMP '2019-12-09 07:26:01.692', 'Reply 2 Lorem ipsum dolor si', 12, 238, 237),
(243, TIMESTAMP '2019-12-09 07:26:01.723', TIMESTAMP '2019-12-09 07:26:01.723', 'Comment on root level. I really like this idea, but needs to be improved. 1575872761722', 13, NULL, 242),
(244, TIMESTAMP '2019-12-09 07:26:01.724', TIMESTAMP '2019-12-09 07:26:01.724', 'Reply 0 Lorem ipsum dolor sit amet, consectetur adipiscing elit, sed do eiusmod tempor inc', 10, 243, 242),
(245, TIMESTAMP '2019-12-09 07:26:01.726', TIMESTAMP '2019-12-09 07:26:01.726', 'Reply 1 Lorem ipsum d', 18, 243, 242),
(246, TIMESTAMP '2019-12-09 07:26:01.727', TIMESTAMP '2019-12-09 07:26:01.727', 'Reply 2 Lorem ipsum dolor sit amet, consectetur adipiscing elit, sed do eiusmod temp', 16, 243, 242),
(248, TIMESTAMP '2019-12-09 07:26:01.761', TIMESTAMP '2019-12-09 07:26:01.761', 'Comment on root level. I really like this idea, but needs to be improved. 1575872761760', 16, NULL, 247),
(249, TIMESTAMP '2019-12-09 07:26:01.762', TIMESTAMP '2019-12-09 07:26:01.762', 'Reply 0 Lorem ipsum dolor sit amet, consectetur adipiscing elit, sed do eiu', 5, 248, 247),
(250, TIMESTAMP '2019-12-09 07:26:01.764', TIMESTAMP '2019-12-09 07:26:01.764', 'Reply 1 Lorem ipsum dolor sit amet, consectetur adipiscing elit, sed do eiusm', 8, 248, 247),
(251, TIMESTAMP '2019-12-09 07:26:01.765', TIMESTAMP '2019-12-09 07:26:01.765', 'Reply 2 Lorem ipsum dolor sit amet, consectetur adipiscing', 11, 248, 247),
(252, TIMESTAMP '2019-12-09 07:26:01.766', TIMESTAMP '2019-12-09 07:26:01.766', 'Reply 3 Lorem ipsum dolor sit amet, consectetur adipiscing elit, s', 20, 248, 247),
(253, TIMESTAMP '2019-12-09 07:26:01.767', TIMESTAMP '2019-12-09 07:26:01.767', 'Reply 4 Lorem ipsum dolor sit amet, consectetur adipiscing elit, sed d', 16, 248, 247),
(255, TIMESTAMP '2019-12-09 07:26:01.799', TIMESTAMP '2019-12-09 07:26:01.799', 'Comment on root level. I really like this idea, but needs to be improved. 1575872761799', 6, NULL, 254),
(256, TIMESTAMP '2019-12-09 07:26:01.801', TIMESTAMP '2019-12-09 07:26:01.801', 'Reply 0 Lorem ipsum dolor sit amet, consectetur adipiscing elit, sed do eiusmod tempor ', 10, 255, 254),
(257, TIMESTAMP '2019-12-09 07:26:01.802', TIMESTAMP '2019-12-09 07:26:01.802', 'Reply 1 Lorem ipsum do', 17, 255, 254),
(258, TIMESTAMP '2019-12-09 07:26:01.804', TIMESTAMP '2019-12-09 07:26:01.804', 'Reply 2 Lorem ipsum dolor si', 15, 255, 254),
(259, TIMESTAMP '2019-12-09 07:26:01.806', TIMESTAMP '2019-12-09 07:26:01.806', 'Reply 3 Lorem ipsum dolor sit amet, consecte', 5, 255, 254),
(260, TIMESTAMP '2019-12-09 07:26:01.807', TIMESTAMP '2019-12-09 07:26:01.807', 'Reply 4 Lorem ipsum dolor s', 15, 255, 254),
(261, TIMESTAMP '2019-12-09 07:26:01.809', TIMESTAMP '2019-12-09 07:26:01.809', 'Reply 5 Lorem ipsum dolor sit amet, consectetur adipiscing elit, sed do e', 16, 255, 254),
(264, TIMESTAMP '2019-12-09 07:26:01.842', TIMESTAMP '2019-12-09 07:26:01.842', 'Comment on root level. I really like this idea, but needs to be improved. 1575872761841', 14, NULL, 263),
(265, TIMESTAMP '2019-12-09 07:26:01.844', TIMESTAMP '2019-12-09 07:26:01.844', 'Reply 0 Lorem ipsum dolor sit amet, consectetur adipiscing elit, sed do', 4, 264, 263);
INSERT INTO "PUBLIC"."COMMENTS" VALUES
(266, TIMESTAMP '2019-12-09 07:26:01.845', TIMESTAMP '2019-12-09 07:26:01.845', 'Reply 1 Lorem ipsum dolor sit amet, consectetur adipiscing ', 8, 264, 263),
(267, TIMESTAMP '2019-12-09 07:26:01.847', TIMESTAMP '2019-12-09 07:26:01.847', 'Reply 2 Lorem ipsum dolor sit amet, consectetur adipiscing el', 2, 264, 263),
(268, TIMESTAMP '2019-12-09 07:26:01.848', TIMESTAMP '2019-12-09 07:26:01.848', 'Reply 3 Lorem ipsum dolor sit amet, consectetur adipiscing elit, sed do eiusmod tempor incidi', 15, 264, 263),
(270, TIMESTAMP '2019-12-09 07:26:01.873', TIMESTAMP '2019-12-09 07:26:01.873', 'Comment on root level. I really like this idea, but needs to be improved. 1575872761872', 18, NULL, 269),
(271, TIMESTAMP '2019-12-09 07:26:01.874', TIMESTAMP '2019-12-09 07:26:01.874', 'Reply 0 Lorem ipsu', 4, 270, 269),
(272, TIMESTAMP '2019-12-09 07:26:01.875', TIMESTAMP '2019-12-09 07:26:01.875', 'Reply 1 Lorem ipsum dolor sit amet, consectetur adipis', 13, 270, 269),
(273, TIMESTAMP '2019-12-09 07:26:01.877', TIMESTAMP '2019-12-09 07:26:01.877', 'Reply 2 Lorem ipsum dolor sit amet, consectetur adipiscing elit, sed do eiusmod tempor incididunt ', 8, 270, 269),
(274, TIMESTAMP '2019-12-09 07:26:01.878', TIMESTAMP '2019-12-09 07:26:01.878', 'Reply 3 Lorem ipsum dolor sit amet, consectetur adipiscing elit, sed do eiusmod tem', 19, 270, 269),
(276, TIMESTAMP '2019-12-09 07:26:01.916', TIMESTAMP '2019-12-09 07:26:01.916', 'Comment on root level. I really like this idea, but needs to be improved. 1575872761915', 9, NULL, 275),
(277, TIMESTAMP '2019-12-09 07:26:01.918', TIMESTAMP '2019-12-09 07:26:01.918', 'Reply 0 Lorem ipsum dolor sit amet, consectetur adipiscing elit, sed do eiusmod tempor incididunt ut labo', 4, 276, 275),
(278, TIMESTAMP '2019-12-09 07:26:01.92', TIMESTAMP '2019-12-09 07:26:01.92', 'Reply 1 Lorem ipsum dolo', 18, 276, 275),
(279, TIMESTAMP '2019-12-09 07:26:01.922', TIMESTAMP '2019-12-09 07:26:01.922', 'Reply 2 Lorem ipsum dolor sit amet, consectetur adipiscing elit, sed do e', 2, 276, 275),
(280, TIMESTAMP '2019-12-09 07:26:01.923', TIMESTAMP '2019-12-09 07:26:01.923', 'Reply 3 Lorem ipsum dolor sit amet, consectetur adipiscing elit, sed ', 1, 276, 275),
(282, TIMESTAMP '2019-12-09 07:26:01.959', TIMESTAMP '2019-12-09 07:26:01.959', 'Comment on root level. I really like this idea, but needs to be improved. 1575872761958', 5, NULL, 281),
(283, TIMESTAMP '2019-12-09 07:26:01.96', TIMESTAMP '2019-12-09 07:26:01.96', 'Reply 0 Lorem ipsum dolor sit amet, ', 1, 282, 281),
(284, TIMESTAMP '2019-12-09 07:26:01.962', TIMESTAMP '2019-12-09 07:26:01.962', 'Reply 1 Lorem ipsum dolor sit amet, consectetur adip', 18, 282, 281),
(285, TIMESTAMP '2019-12-09 07:26:01.964', TIMESTAMP '2019-12-09 07:26:01.964', 'Reply 2 Lorem ipsum dolor sit amet, consectetur adipiscing elit, sed do ', 10, 282, 281),
(286, TIMESTAMP '2019-12-09 07:26:01.965', TIMESTAMP '2019-12-09 07:26:01.965', 'Reply 3 Lorem ipsum dolor sit amet, consec', 4, 282, 281),
(288, TIMESTAMP '2019-12-09 07:26:02.028', TIMESTAMP '2019-12-09 07:26:02.028', 'Comment on root level. I really like this idea, but needs to be improved. 1575872762027', 11, NULL, 287),
(289, TIMESTAMP '2019-12-09 07:26:02.03', TIMESTAMP '2019-12-09 07:26:02.03', 'Reply 0 Lorem ipsum dolor sit amet, consec', 11, 288, 287),
(290, TIMESTAMP '2019-12-09 07:26:02.032', TIMESTAMP '2019-12-09 07:26:02.032', 'Reply 1 Lorem ipsum dolor sit amet, consectetur adipiscing elit, sed do ', 17, 288, 287),
(291, TIMESTAMP '2019-12-09 07:26:02.033', TIMESTAMP '2019-12-09 07:26:02.033', 'Reply 2 Lorem ipsum dolor sit amet, consectetur adipiscing elit, sed do eiusmod tempor incidid', 11, 288, 287),
(292, TIMESTAMP '2019-12-09 07:26:02.034', TIMESTAMP '2019-12-09 07:26:02.034', 'Reply 3 Lorem ipsum dolor sit amet, consectetur adipiscing elit, sed do eiusmod tempor incididunt', 10, 288, 287),
(293, TIMESTAMP '2019-12-09 07:26:02.035', TIMESTAMP '2019-12-09 07:26:02.035', 'Reply 4 Lorem ipsum dolor sit amet, consectetur adipiscing elit, sed do eiusmod temp', 14, 288, 287),
(296, TIMESTAMP '2019-12-09 07:26:02.061', TIMESTAMP '2019-12-09 07:26:02.061', 'Comment on root level. I really like this idea, but needs to be improved. 1575872762060', 4, NULL, 295);
INSERT INTO "PUBLIC"."COMMENTS" VALUES
(297, TIMESTAMP '2019-12-09 07:26:02.062', TIMESTAMP '2019-12-09 07:26:02.062', 'Reply 0 Lorem ipsum dolor sit amet, consectetur ', 17, 296, 295),
(298, TIMESTAMP '2019-12-09 07:26:02.065', TIMESTAMP '2019-12-09 07:26:02.065', 'Reply 1 Lorem ipsum dolor sit amet, consectetur adipiscing elit, sed do e', 15, 296, 295),
(299, TIMESTAMP '2019-12-09 07:26:02.066', TIMESTAMP '2019-12-09 07:26:02.066', 'Reply 2 Lorem ipsum dolor sit amet, consectetur adipiscing elit, sed do eiusmod tempor incididunt ', 20, 296, 295),
(301, TIMESTAMP '2019-12-09 07:26:02.094', TIMESTAMP '2019-12-09 07:26:02.094', 'Comment on root level. I really like this idea, but needs to be improved. 1575872762094', 9, NULL, 300),
(302, TIMESTAMP '2019-12-09 07:26:02.096', TIMESTAMP '2019-12-09 07:26:02.096', 'Reply 0 Lorem ipsum dolor sit amet, consectetur adipiscing elit, sed do eiusmod', 2, 301, 300),
(303, TIMESTAMP '2019-12-09 07:26:02.098', TIMESTAMP '2019-12-09 07:26:02.098', 'Reply 1 Lorem ipsum dolor sit amet, consectetur adipiscing elit, sed do eiusmod te', 18, 301, 300),
(305, TIMESTAMP '2019-12-09 07:26:02.135', TIMESTAMP '2019-12-09 07:26:02.135', 'Comment on root level. I really like this idea, but needs to be improved. 1575872762135', 5, NULL, 304),
(306, TIMESTAMP '2019-12-09 07:26:02.137', TIMESTAMP '2019-12-09 07:26:02.137', 'Reply 0 Lorem ipsum dolor sit amet, consectetur adipiscing elit, sed do e', 13, 305, 304),
(307, TIMESTAMP '2019-12-09 07:26:02.138', TIMESTAMP '2019-12-09 07:26:02.138', 'Reply 1 Lorem ipsum dolor sit amet, consectetur adipiscing elit, sed ', 4, 305, 304),
(308, TIMESTAMP '2019-12-09 07:26:02.138', TIMESTAMP '2019-12-09 07:26:02.138', 'Reply 2 Lorem ipsum dolor sit amet, consectetur adipiscing ', 3, 305, 304),
(309, TIMESTAMP '2019-12-09 07:26:02.139', TIMESTAMP '2019-12-09 07:26:02.139', 'Reply 3 Lorem ipsum dolor sit amet, consectetur ', 14, 305, 304),
(310, TIMESTAMP '2019-12-09 07:26:02.14', TIMESTAMP '2019-12-09 07:26:02.14', 'Reply 4 Lorem ipsum dolor sit amet, consectetur a', 15, 305, 304),
(311, TIMESTAMP '2019-12-09 07:26:02.141', TIMESTAMP '2019-12-09 07:26:02.141', 'Reply 5 Lorem ipsum dolor sit am', 13, 305, 304),
(313, TIMESTAMP '2019-12-09 07:26:02.166', TIMESTAMP '2019-12-09 07:26:02.166', 'Comment on root level. I really like this idea, but needs to be improved. 1575872762165', 13, NULL, 312),
(314, TIMESTAMP '2019-12-09 07:26:02.167', TIMESTAMP '2019-12-09 07:26:02.167', 'Reply 0 Lorem ipsum dolor sit amet, consectetur adipiscing elit, sed do eiusmod tempor incididunt ', 17, 313, 312),
(315, TIMESTAMP '2019-12-09 07:26:02.168', TIMESTAMP '2019-12-09 07:26:02.168', 'Reply 1 Lorem ipsum dolor sit amet, c', 14, 313, 312),
(316, TIMESTAMP '2019-12-09 07:26:02.169', TIMESTAMP '2019-12-09 07:26:02.169', 'Reply 2 Lorem ipsum dolor sit amet, consectetur adipiscing elit, sed do eiusmod tempor incididunt ut ', 5, 313, 312),
(317, TIMESTAMP '2019-12-09 07:26:02.17', TIMESTAMP '2019-12-09 07:26:02.17', 'Reply 3 Lorem ipsum dolor sit amet, consectetur adipiscing elit, sed do e', 18, 313, 312),
(318, TIMESTAMP '2019-12-09 07:26:02.171', TIMESTAMP '2019-12-09 07:26:02.171', 'Reply 4 Lorem ipsum dolor sit amet, consectetur adipiscing elit, sed do eiusmod tempor incididunt ', 8, 313, 312),
(319, TIMESTAMP '2019-12-09 07:26:02.172', TIMESTAMP '2019-12-09 07:26:02.172', 'Reply 5 Lorem ipsum dolor sit amet, consectetur', 14, 313, 312),
(320, TIMESTAMP '2019-12-09 07:26:02.173', TIMESTAMP '2019-12-09 07:26:02.173', 'Reply 6 Lorem ipsum dolor sit amet, consectetur adipiscin', 14, 313, 312),
(321, TIMESTAMP '2019-12-09 07:26:02.174', TIMESTAMP '2019-12-09 07:26:02.174', 'Reply 7 Lorem ipsum dolor sit amet, consectetur adipiscing elit, sed ', 15, 313, 312),
(339, TIMESTAMP '2019-12-09 07:26:10.427', TIMESTAMP '2019-12-09 07:26:10.427', 'Comment on root level. I really like this idea, but needs to be improved. 1575872770426', 20, NULL, 338),
(340, TIMESTAMP '2019-12-09 07:26:10.428', TIMESTAMP '2019-12-09 07:26:10.428', 'Reply 0 Lorem ipsum dolor sit amet, consectet', 13, 339, 338),
(341, TIMESTAMP '2019-12-09 07:26:10.429', TIMESTAMP '2019-12-09 07:26:10.429', 'Reply 1 Lorem ipsum dolor sit amet, consectetur adipiscing elit, sed ', 10, 339, 338);
INSERT INTO "PUBLIC"."COMMENTS" VALUES
(342, TIMESTAMP '2019-12-09 07:26:10.431', TIMESTAMP '2019-12-09 07:26:10.431', 'Reply 2 Lorem ipsum dolor sit amet, consectetur adipiscing elit, sed do eiusmod tempor incididunt ut labor', 13, 339, 338),
(345, TIMESTAMP '2019-12-09 07:26:10.462', TIMESTAMP '2019-12-09 07:26:10.462', 'Comment on root level. I really like this idea, but needs to be improved. 1575872770461', 17, NULL, 344),
(346, TIMESTAMP '2019-12-09 07:26:10.463', TIMESTAMP '2019-12-09 07:26:10.463', 'Reply 0 Lorem ipsum dolor sit amet, co', 13, 345, 344),
(347, TIMESTAMP '2019-12-09 07:26:10.464', TIMESTAMP '2019-12-09 07:26:10.464', 'Reply 1 Lorem ipsum dolor sit amet, consectetur adipiscing elit, sed do eius', 8, 345, 344),
(348, TIMESTAMP '2019-12-09 07:26:10.466', TIMESTAMP '2019-12-09 07:26:10.466', 'Reply 2 Lorem ipsum dolor sit amet, consectetur adipiscing elit,', 10, 345, 344),
(349, TIMESTAMP '2019-12-09 07:26:10.468', TIMESTAMP '2019-12-09 07:26:10.468', 'Reply 3 Lorem ipsum dolor sit amet, consectet', 5, 345, 344),
(350, TIMESTAMP '2019-12-09 07:26:10.472', TIMESTAMP '2019-12-09 07:26:10.472', 'Reply 4 Lorem ipsum dolor sit amet, consectetur adipiscing elit, sed do eiu', 18, 345, 344),
(352, TIMESTAMP '2019-12-09 07:26:10.509', TIMESTAMP '2019-12-09 07:26:10.509', 'Comment on root level. I really like this idea, but needs to be improved. 1575872770508', 17, NULL, 351),
(353, TIMESTAMP '2019-12-09 07:26:10.511', TIMESTAMP '2019-12-09 07:26:10.511', 'Reply 0 Lorem ipsum dolor sit amet, consectetur a', 17, 352, 351),
(354, TIMESTAMP '2019-12-09 07:26:10.513', TIMESTAMP '2019-12-09 07:26:10.513', 'Reply 1 Lorem ipsum dolor sit amet, consectetur adipiscing elit, sed do eiusmod tempor incididu', 3, 352, 351),
(355, TIMESTAMP '2019-12-09 07:26:10.515', TIMESTAMP '2019-12-09 07:26:10.515', 'Reply 2 Lorem ipsum dolor sit amet, consectetur ', 18, 352, 351),
(356, TIMESTAMP '2019-12-09 07:26:10.516', TIMESTAMP '2019-12-09 07:26:10.516', 'Reply 3 Lorem ipsum dolor sit amet, consectetur adipiscing ', 12, 352, 351),
(357, TIMESTAMP '2019-12-09 07:26:10.517', TIMESTAMP '2019-12-09 07:26:10.517', 'Reply 4 Lorem ipsum dolor sit amet, consec', 8, 352, 351),
(358, TIMESTAMP '2019-12-09 07:26:10.519', TIMESTAMP '2019-12-09 07:26:10.519', 'Reply 5 Lorem ipsum dolor sit amet, consectetur adipiscing elit, sed do eiusmod tempor incididunt ', 1, 352, 351),
(360, TIMESTAMP '2019-12-09 07:26:10.555', TIMESTAMP '2019-12-09 07:26:10.555', 'Comment on root level. I really like this idea, but needs to be improved. 1575872770554', 9, NULL, 359),
(361, TIMESTAMP '2019-12-09 07:26:10.556', TIMESTAMP '2019-12-09 07:26:10.556', 'Reply 0 Lorem ipsum dolor sit amet, consectetur adipi', 17, 360, 359),
(362, TIMESTAMP '2019-12-09 07:26:10.558', TIMESTAMP '2019-12-09 07:26:10.558', 'Reply 1 Lorem ipsum dolor sit amet, consectetur adipiscing elit, sed do eiusmod tempor incididunt ut l', 6, 360, 359),
(363, TIMESTAMP '2019-12-09 07:26:10.56', TIMESTAMP '2019-12-09 07:26:10.56', 'Reply 2 Lorem ipsum dolor ', 4, 360, 359),
(365, TIMESTAMP '2019-12-09 07:26:10.602', TIMESTAMP '2019-12-09 07:26:10.602', 'Comment on root level. I really like this idea, but needs to be improved. 1575872770601', 7, NULL, 364),
(366, TIMESTAMP '2019-12-09 07:26:10.604', TIMESTAMP '2019-12-09 07:26:10.604', 'Reply 0 Lorem ipsum dolor sit amet, consectetur adipiscing elit, sed do eiusmod tempor incididunt ut labor', 5, 365, 364),
(367, TIMESTAMP '2019-12-09 07:26:10.606', TIMESTAMP '2019-12-09 07:26:10.606', 'Reply 1 Lorem ipsum dolor sit amet, consectetur adipiscin', 9, 365, 364),
(368, TIMESTAMP '2019-12-09 07:26:10.608', TIMESTAMP '2019-12-09 07:26:10.608', 'Reply 2 Lorem ipsum dolor sit ', 20, 365, 364);
CREATE MEMORY TABLE "PUBLIC"."COMMENTS_DOWN_VOTERS"(
"COMMENT_MODEL_ID" BIGINT NOT NULL,
"DOWN_VOTERS_ID" BIGINT NOT NULL
);
ALTER TABLE "PUBLIC"."COMMENTS_DOWN_VOTERS" ADD CONSTRAINT "PUBLIC"."CONSTRAINT_2" PRIMARY KEY("COMMENT_MODEL_ID", "DOWN_VOTERS_ID");
-- 318 +/- SELECT COUNT(*) FROM PUBLIC.COMMENTS_DOWN_VOTERS;
INSERT INTO "PUBLIC"."COMMENTS_DOWN_VOTERS" VALUES
(194, 6),
(194, 13),
(195, 4),
(195, 1),
(196, 6),
(196, 12),
(200, 9),
(201, 1),
(201, 16),
(203, 20),
(203, 14),
(204, 2),
(204, 17),
(204, 20),
(204, 10),
(205, 2),
(205, 20),
(205, 10),
(205, 1),
(206, 8),
(206, 17),
(206, 12),
(208, 4),
(208, 7),
(208, 3),
(208, 19),
(208, 5),
(208, 9),
(209, 3),
(209, 15),
(209, 12),
(210, 8),
(210, 20),
(210, 10),
(212, 13),
(212, 3),
(214, 6),
(214, 17),
(214, 15),
(214, 16),
(214, 5),
(215, 11),
(215, 8),
(215, 20),
(215, 15),
(215, 16),
(215, 9),
(216, 8),
(216, 20),
(217, 4),
(217, 10),
(217, 9),
(218, 7),
(229, 8),
(229, 15),
(229, 12),
(230, 14),
(231, 16),
(234, 10),
(234, 9),
(236, 14),
(236, 10),
(236, 3),
(236, 12),
(238, 4),
(238, 17),
(238, 16),
(238, 15),
(238, 12),
(238, 9),
(239, 19),
(239, 5),
(241, 20),
(241, 15),
(243, 8),
(243, 18),
(243, 19),
(243, 16),
(243, 5),
(244, 11),
(244, 17),
(244, 16),
(245, 11),
(245, 19),
(246, 13),
(246, 17),
(248, 8),
(248, 17),
(248, 14),
(248, 7),
(249, 7),
(249, 5),
(250, 19),
(250, 5),
(251, 20),
(251, 10),
(251, 9),
(252, 11),
(252, 1),
(252, 19),
(253, 17),
(253, 10),
(253, 19),
(253, 16),
(253, 5),
(255, 7),
(256, 4),
(256, 8),
(256, 14),
(256, 3),
(256, 15),
(256, 9),
(257, 11),
(257, 20),
(257, 1),
(257, 15),
(258, 15),
(259, 3),
(259, 16),
(260, 2),
(260, 20),
(260, 9),
(261, 4),
(261, 11),
(261, 18),
(265, 11),
(265, 14),
(265, 1),
(265, 16),
(266, 18),
(266, 9),
(267, 6),
(267, 17),
(268, 17),
(268, 18),
(270, 5),
(272, 6),
(272, 1),
(272, 19),
(274, 6),
(274, 20),
(274, 19),
(274, 5),
(276, 13),
(276, 6),
(276, 14),
(276, 19),
(276, 12),
(276, 9),
(277, 2),
(277, 16),
(278, 13),
(278, 20),
(278, 10),
(279, 3),
(280, 6),
(282, 2),
(282, 11),
(282, 17),
(283, 20),
(284, 4),
(284, 17),
(284, 14),
(284, 15),
(285, 13),
(285, 8),
(285, 17),
(285, 7),
(285, 9),
(286, 8),
(288, 3),
(289, 13),
(289, 14),
(289, 7),
(289, 19),
(289, 15),
(290, 8),
(290, 18),
(290, 3),
(290, 16),
(291, 4),
(291, 13),
(291, 19),
(291, 5),
(292, 6),
(292, 20),
(292, 3),
(292, 12),
(293, 2),
(293, 18),
(293, 1),
(293, 16),
(293, 9),
(296, 4),
(296, 13),
(296, 8),
(296, 14),
(296, 10),
(297, 6),
(297, 8),
(299, 4),
(299, 8),
(299, 10),
(301, 15),
(302, 13),
(302, 18),
(302, 16),
(302, 12),
(303, 2),
(305, 11),
(305, 3),
(305, 9),
(306, 17),
(306, 14),
(306, 3),
(306, 5),
(306, 9),
(307, 14),
(308, 4),
(308, 19),
(309, 8),
(309, 16),
(310, 8),
(311, 2),
(311, 11),
(311, 19),
(311, 16),
(311, 5),
(311, 9),
(313, 4),
(313, 20),
(313, 7),
(313, 19),
(313, 16),
(314, 2),
(314, 14),
(314, 7),
(314, 1),
(314, 15),
(314, 12),
(315, 16),
(316, 4),
(316, 2),
(316, 8),
(316, 18),
(316, 19),
(317, 18),
(317, 3),
(317, 9),
(318, 10),
(319, 6),
(319, 14),
(319, 9),
(320, 6),
(320, 14),
(320, 19),
(320, 5),
(339, 13),
(341, 4),
(341, 6),
(341, 17),
(341, 5),
(342, 18),
(342, 7),
(342, 15),
(345, 7),
(346, 20),
(347, 13),
(347, 8),
(347, 18),
(347, 3),
(347, 9),
(348, 16),
(349, 2),
(349, 5),
(349, 12),
(350, 8),
(350, 1),
(350, 16),
(350, 15),
(352, 4),
(352, 3),
(352, 15),
(352, 5),
(353, 18),
(353, 10),
(354, 5),
(354, 9),
(355, 15),
(356, 19),
(357, 13),
(357, 17),
(357, 18),
(360, 8),
(360, 18),
(360, 17),
(361, 8),
(361, 16),
(361, 15),
(362, 17),
(362, 14),
(362, 5),
(363, 2),
(363, 13),
(363, 18),
(363, 19),
(365, 13),
(365, 5),
(366, 14),
(366, 3),
(366, 15),
(366, 12),
(367, 8),
(367, 15),
(368, 8),
(368, 17),
(368, 20),
(368, 7);
CREATE MEMORY TABLE "PUBLIC"."COMMENTS_UP_VOTERS"(
"COMMENT_MODEL_ID" BIGINT NOT NULL,
"UP_VOTERS_ID" BIGINT NOT NULL
);
ALTER TABLE "PUBLIC"."COMMENTS_UP_VOTERS" ADD CONSTRAINT "PUBLIC"."CONSTRAINT_20" PRIMARY KEY("COMMENT_MODEL_ID", "UP_VOTERS_ID");
-- 282 +/- SELECT COUNT(*) FROM PUBLIC.COMMENTS_UP_VOTERS;
INSERT INTO "PUBLIC"."COMMENTS_UP_VOTERS" VALUES
(194, 6),
(194, 20),
(194, 7),
(194, 14),
(194, 1),
(194, 9),
(195, 6),
(195, 18),
(195, 20),
(196, 17),
(196, 1),
(196, 19),
(196, 15),
(199, 11),
(199, 17),
(200, 2),
(200, 11),
(200, 17),
(201, 4),
(201, 20),
(201, 19),
(201, 9),
(203, 11),
(203, 14),
(203, 1),
(203, 19),
(203, 12),
(204, 11),
(204, 10),
(204, 1),
(204, 16),
(206, 4),
(206, 13),
(206, 8),
(206, 7),
(208, 16),
(209, 7),
(209, 3),
(209, 9),
(210, 15),
(210, 9),
(212, 14),
(212, 10),
(212, 3),
(213, 18),
(213, 1),
(213, 3),
(213, 12),
(213, 9),
(214, 18),
(215, 2),
(215, 20),
(215, 5),
(216, 2),
(216, 20),
(216, 7),
(216, 10),
(217, 3),
(217, 9),
(218, 4),
(218, 20),
(218, 1),
(229, 4),
(229, 20),
(229, 5),
(229, 12),
(230, 2),
(230, 6),
(230, 18),
(230, 16),
(231, 13),
(231, 18),
(234, 2),
(234, 11),
(234, 1),
(235, 19),
(236, 20),
(240, 2),
(240, 18),
(240, 14),
(241, 6),
(241, 8),
(241, 19),
(245, 4),
(245, 11),
(245, 3),
(245, 15),
(246, 13),
(246, 11),
(246, 1),
(246, 12),
(248, 4),
(248, 20),
(248, 16),
(249, 6),
(249, 12),
(251, 16),
(252, 4),
(252, 8),
(253, 15),
(255, 4),
(255, 14),
(255, 15),
(256, 5),
(257, 4),
(257, 11),
(258, 18),
(259, 2),
(260, 1),
(264, 13),
(264, 6),
(265, 18),
(265, 10),
(266, 6),
(266, 7),
(266, 19),
(266, 12),
(267, 3),
(268, 7),
(270, 20),
(270, 14),
(270, 12),
(271, 4),
(271, 16),
(272, 6),
(272, 11),
(272, 17),
(272, 10),
(272, 1),
(272, 9),
(273, 18),
(274, 13),
(276, 4),
(276, 20),
(276, 14),
(277, 1),
(278, 8),
(279, 4),
(279, 18),
(279, 3),
(279, 5),
(280, 20),
(280, 14),
(280, 12),
(280, 9),
(282, 6),
(282, 8),
(283, 3),
(283, 9),
(284, 13),
(284, 17),
(285, 13),
(285, 18),
(286, 2),
(286, 8),
(286, 14),
(286, 1),
(288, 11),
(288, 18),
(288, 5),
(289, 11),
(289, 20),
(289, 1),
(289, 5),
(290, 6),
(290, 12),
(291, 20),
(291, 16),
(291, 12),
(292, 18),
(292, 20),
(292, 1),
(292, 3),
(293, 4),
(293, 8),
(293, 20),
(296, 20),
(296, 7),
(297, 1),
(298, 12),
(299, 8),
(299, 5),
(299, 12),
(301, 2),
(301, 8),
(301, 3),
(302, 7),
(302, 10),
(302, 3),
(303, 6),
(303, 10),
(303, 16),
(305, 2),
(305, 6),
(305, 17),
(305, 7),
(305, 10),
(305, 19),
(305, 12),
(306, 1),
(307, 11),
(307, 3),
(307, 12),
(308, 8),
(308, 3),
(308, 16),
(310, 4),
(310, 2),
(310, 11),
(310, 16),
(311, 18),
(311, 7),
(311, 16),
(313, 8),
(313, 10),
(314, 8),
(314, 14),
(314, 19),
(315, 18),
(315, 3),
(315, 15),
(316, 20),
(316, 7),
(316, 1),
(316, 15),
(316, 5),
(316, 9),
(317, 4),
(317, 16),
(317, 5),
(318, 18),
(318, 15),
(318, 16),
(320, 11),
(320, 1),
(339, 2),
(339, 18),
(339, 14),
(340, 13),
(340, 10),
(341, 4),
(341, 8),
(341, 11),
(341, 10),
(342, 4),
(346, 10),
(347, 6),
(347, 10),
(347, 3),
(348, 14),
(349, 7),
(350, 2),
(350, 4),
(350, 7),
(352, 10),
(353, 13),
(353, 1),
(355, 15),
(356, 4),
(356, 17),
(356, 1),
(357, 4),
(357, 10),
(358, 8),
(358, 18),
(361, 4),
(361, 2),
(361, 11),
(361, 10),
(361, 15),
(362, 19),
(362, 5),
(362, 12),
(365, 2),
(365, 13),
(365, 14),
(366, 2),
(367, 14),
(368, 17),
(368, 7),
(368, 12),
(368, 5);
CREATE MEMORY TABLE "PUBLIC"."DELEGATIONS"(
"ID" BIGINT NOT NULL,
"CREATED_AT" TIMESTAMP NOT NULL,
"UPDATED_AT" TIMESTAMP NOT NULL,
"REQUESTED_DELEGATION_AT" TIMESTAMP,
"TRANSITIVE" BOOLEAN NOT NULL,
"AREA_ID" BIGINT NOT NULL,
"FROM_USER_ID" BIGINT NOT NULL,
"REQUESTED_DELEGATION_FROM_CHECKSUM_CHECKSUM" VARCHAR(255),
"TO_PROXY_ID" BIGINT NOT NULL
);
ALTER TABLE "PUBLIC"."DELEGATIONS" ADD CONSTRAINT "PUBLIC"."CONSTRAINT_8" PRIMARY KEY("ID");
-- 9 +/- SELECT COUNT(*) FROM PUBLIC.DELEGATIONS;
INSERT INTO "PUBLIC"."DELEGATIONS" VALUES
(219, TIMESTAMP '2019-12-09 07:25:54.82', TIMESTAMP '2019-12-09 07:25:54.82', NULL, TRUE, 22, 2, NULL, 1),
(220, TIMESTAMP '2019-12-09 07:25:55.701', TIMESTAMP '2019-12-09 07:25:55.701', NULL, TRUE, 22, 3, NULL, 1),
(221, TIMESTAMP '2019-12-09 07:25:56.62', TIMESTAMP '2019-12-09 07:25:56.62', NULL, TRUE, 22, 4, NULL, 1),
(222, TIMESTAMP '2019-12-09 07:25:57.265', TIMESTAMP '2019-12-09 07:25:57.265', TIMESTAMP '2019-12-09 07:25:57.264', TRUE, 22, 5, '$2a$10$1IdrGrRAN2Wp3U7QI.JIzuNX3Ud6yFocoawh8dxtXS6Xinvh2wN8O', 2),
(223, TIMESTAMP '2019-12-09 07:25:58.122', TIMESTAMP '2019-12-09 07:25:58.122', NULL, TRUE, 22, 6, NULL, 3),
(224, TIMESTAMP '2019-12-09 07:25:59.038', TIMESTAMP '2019-12-09 07:25:59.038', NULL, TRUE, 22, 7, NULL, 4),
(225, TIMESTAMP '2019-12-09 07:25:59.869', TIMESTAMP '2019-12-09 07:25:59.869', NULL, TRUE, 22, 10, NULL, 7),
(226, TIMESTAMP '2019-12-09 07:26:00.698', TIMESTAMP '2019-12-09 07:26:00.698', NULL, TRUE, 22, 11, NULL, 7),
(227, TIMESTAMP '2019-12-09 07:26:01.582', TIMESTAMP '2019-12-09 07:26:01.582', NULL, FALSE, 22, 12, NULL, 7);
CREATE MEMORY TABLE "PUBLIC"."KEY_VALUE"(
"ID" BIGINT NOT NULL,
"KEY_COL" VARCHAR(255) NOT NULL,
"VALUE_COL" VARCHAR(255)
);
ALTER TABLE "PUBLIC"."KEY_VALUE" ADD CONSTRAINT "PUBLIC"."CONSTRAINT_7" PRIMARY KEY("ID");
-- 0 +/- SELECT COUNT(*) FROM PUBLIC.KEY_VALUE;
CREATE MEMORY TABLE "PUBLIC"."LAWS"(
"ID" BIGINT NOT NULL,
"CREATED_AT" TIMESTAMP NOT NULL,
"UPDATED_AT" TIMESTAMP NOT NULL,
"DESCRIPTION" VARCHAR(1000) NOT NULL,
"REACHED_QUORUM_AT" TIMESTAMP,
"STATUS" INTEGER NOT NULL,
"TITLE" VARCHAR(255) NOT NULL,
"AREA_ID" BIGINT NOT NULL,
"CREATED_BY_ID" BIGINT,
"POLL_ID" BIGINT
);
ALTER TABLE "PUBLIC"."LAWS" ADD CONSTRAINT "PUBLIC"."CONSTRAINT_23" PRIMARY KEY("ID");
-- 188 +/- SELECT COUNT(*) FROM PUBLIC.LAWS;
INSERT INTO "PUBLIC"."LAWS" VALUES
(32, TIMESTAMP '2019-12-08 07:25:51.785', TIMESTAMP '2019-12-09 07:25:51.785', '3O3CEMfD Lorem ipsum dolor sit amet, consectetur adipiscing elit, sed do eiusmod tempor incididunt ut labore et dolore magna aliqua. Ut enim ad minim veniam, quis nostrud exercitation ullamco laboris nisi ut aliqui', NULL, 0, 'Idea 0 title from TestFixtures', 22, 15, NULL),
(33, TIMESTAMP '2019-12-07 07:25:51.8', TIMESTAMP '2019-12-08 07:25:51.8', 'VHsVctvs Lorem ipsum dolor sit amet, consectetur ad', NULL, 0, 'Idea 1 that suggest that we definitely need a longer title for ideas', 23, 1, NULL),
(34, TIMESTAMP '2019-12-06 07:25:51.808', TIMESTAMP '2019-12-07 07:25:51.808', 'eZm8S9T9 Lorem ipsum dolor sit amet, consectetur adipiscing elit, sed do eiusmod tempor incididunt ut labore et dolore magna aliqua. Ut enim ad minim veniam, quis nostrud exercitation ullamco laboris nisi ut aliquip ex ea commodo consequat. Duis aute iru', NULL, 0, 'Idea 2 that suggest that we definitely need a longer title for ideas', 24, 6, NULL),
(35, TIMESTAMP '2019-12-05 07:25:51.823', TIMESTAMP '2019-12-06 07:25:51.823', 'YSg7OT7Q Lorem ipsum dolor sit amet, consectetur adipiscing elit, sed do eiusmod tempor incididunt ut labore et dolore magna aliqua. Ut enim ad minim veniam, quis nostrud exercitation ullam', NULL, 0, 'Idea 3 that suggest that we definitely need a longer title for ideas', 25, 17, NULL),
(36, TIMESTAMP '2019-12-04 07:25:51.828', TIMESTAMP '2019-12-05 07:25:51.828', 'fgeLTNyS Lorem ipsum dolor sit amet, consectetur adipiscing elit, sed do eiusmod tempor incididunt ut labore et dolore magna aliqua. Ut enim ad minim veniam, quis nostrud exercitation ullamco laboris nisi ut aliquip ex ea commodo consequat. Duis aute irure dolor in reprehenderit in voluptate velit ess', NULL, 0, 'Idea 4 that suggest that we definitely need a longer title for ideas', 26, 14, NULL),
(37, TIMESTAMP '2019-12-03 07:25:51.837', TIMESTAMP '2019-12-04 07:25:51.838', 'nkouPbyp Lorem ipsum dolor sit amet, consectetur adipiscing elit, sed do eiusmod tempor incididunt ut labore et dolore magna aliqua. Ut e', NULL, 0, 'Idea 5 that suggest that we definitely need a longer title for ideas', 27, 18, NULL),
(38, TIMESTAMP '2019-12-02 07:25:51.848', TIMESTAMP '2019-12-03 07:25:51.848', 'zCSyVwTD Lorem ipsum dolor sit amet, consectetur adipiscing elit, sed do eiusmod tempor incididunt ut labore et dolore magna aliqua. Ut enim ad minim veniam, quis nostrud exercitation ullamco laboris nisi ut aliquip ex ea commodo consequat. Duis aute irure dolor in reprehenderit in voluptate velit esse ', NULL, 0, 'Idea 6 that suggest that we definitely need a longer title for ideas', 28, 3, NULL),
(39, TIMESTAMP '2019-12-01 07:25:51.86', TIMESTAMP '2019-12-02 07:25:51.86', 'DdG3LHDS Lorem ipsum dolor sit amet, consectetu', NULL, 0, 'Idea 7 that suggest that we definitely need a longer title for ideas', 29, 4, NULL),
(40, TIMESTAMP '2019-11-30 07:25:51.871', TIMESTAMP '2019-12-01 07:25:51.871', 'l6qpbpVY Lorem ipsum dolor sit amet, consectetur adipiscing elit, sed do eiusmod tempor incididunt ut lab', NULL, 0, 'Idea 8 that suggest that we definitely need a longer title for ideas', 30, 11, NULL),
(41, TIMESTAMP '2019-11-29 07:25:51.882', TIMESTAMP '2019-11-30 07:25:51.882', 'FmCXvfkF Lorem ipsum dolor sit amet, consectetur adipiscing elit, sed do eiusmod tempor incididunt ut labore et dolore magna aliqua. Ut enim ad minim veniam, quis nostrud exercitation ulla', NULL, 0, 'Idea 9 that suggest that we definitely need a longer title for ideas', 31, 12, NULL),
(42, TIMESTAMP '2019-11-28 07:25:51.894', TIMESTAMP '2019-11-29 07:25:51.894', 'WE7Er4Up Lorem ipsum dolor sit amet, consectetur adipiscing elit, sed do eiusmod tempor incididunt ut labore et dolore magna aliqua. Ut enim ad minim veniam, quis nostrud exercitation ullamco laboris nisi ut aliquip ex ea commodo consequat. Du', NULL, 0, 'Idea 10 that suggest that we definitely need a longer title for ideas', 22, 9, NULL),
(43, TIMESTAMP '2019-11-27 07:25:51.9', TIMESTAMP '2019-11-28 07:25:51.9', 'GCLLUgSz Lorem ipsum dolor sit amet, consectetur adipiscing elit, sed do eiusmod tempor incididunt ut labore et dolore magna aliqua. Ut enim ad minim veniam, quis nostrud exercitation ullamco laboris nisi ut aliquip e', NULL, 0, 'Idea 11 that suggest that we definitely need a longer title for ideas', 23, 10, NULL);
INSERT INTO "PUBLIC"."LAWS" VALUES
(44, TIMESTAMP '2019-11-26 07:25:51.915', TIMESTAMP '2019-11-27 07:25:51.916', '82xA5Wp7 Lorem ipsum dolor sit amet, consectetur adipiscing elit, sed do eiusmod tempor incididunt ut labore et dolore magna aliqua. Ut enim ad minim veniam, quis nostrud exercitation ullamco laboris nisi ut aliquip ex ea commodo consequat. Dui', NULL, 0, 'Idea 12 that suggest that we definitely need a longer title for ideas', 24, 12, NULL),
(45, TIMESTAMP '2019-11-25 07:25:51.927', TIMESTAMP '2019-11-26 07:25:51.928', 'OveqNTAd Lorem ipsum dolor sit amet, consectetur adipiscing elit, sed do eiusmod tempor incididunt ut labore et dolore magna aliqua. Ut enim ad minim veniam, quis nostrud exercitation ullamco laboris nisi ut aliquip ex ea commodo consequat. Duis aute irure dolor in reprehenderit in vo', NULL, 0, 'Idea 13 that suggest that we definitely need a longer title for ideas', 25, 8, NULL),
(46, TIMESTAMP '2019-11-24 07:25:51.934', TIMESTAMP '2019-11-25 07:25:51.934', 'QcNODaC8 Lorem ipsum dolor sit amet, consectetur adipiscing elit, sed do eiusmod tempor incididunt ut labore et dolore', NULL, 0, 'Idea 14 that suggest that we definitely need a longer title for ideas', 26, 4, NULL),
(47, TIMESTAMP '2019-11-23 07:25:51.943', TIMESTAMP '2019-11-24 07:25:51.943', 'xWYGz6bg Lorem ipsum dolor sit amet, consectetur adipiscing elit, sed do eiusmod tempor incididunt ut labore et dolore magna aliqua. Ut enim ad minim veniam, quis nostrud exercitation ullamco', NULL, 0, 'Idea 15 that suggest that we definitely need a longer title for ideas', 27, 19, NULL),
(48, TIMESTAMP '2019-11-22 07:25:51.953', TIMESTAMP '2019-11-23 07:25:51.954', 'nBen3Tfs Lorem ipsum dolor sit amet, consectetur adipiscing elit, sed do eiusmod tempor incididunt ut labore et dolore magna aliqua. Ut enim ad minim veniam, quis nostru', NULL, 0, 'Idea 16 that suggest that we definitely need a longer title for ideas', 28, 10, NULL),
(49, TIMESTAMP '2019-11-21 07:25:51.963', TIMESTAMP '2019-11-22 07:25:51.963', 'GV6a9sgw Lor', NULL, 0, 'Idea 17 that suggest that we definitely need a longer title for ideas', 29, 15, NULL),
(50, TIMESTAMP '2019-11-20 07:25:51.968', TIMESTAMP '2019-11-21 07:25:51.968', 'ESWYTXzD Lorem ipsum dolor sit amet, consectetu', NULL, 0, 'Idea 18 that suggest that we definitely need a longer title for ideas', 30, 11, NULL),
(51, TIMESTAMP '2019-11-19 07:25:51.975', TIMESTAMP '2019-11-20 07:25:51.975', 'xyvZUVwF Lorem ipsum dolor sit amet, consectetur adipiscing elit, sed do eiusmo', NULL, 0, 'Idea 19 that suggest that we definitely need a longer title for ideas', 31, 19, NULL),
(52, TIMESTAMP '2019-11-18 07:25:51.977', TIMESTAMP '2019-11-19 07:25:51.977', '7Nm79YZV Lorem ipsum dolor sit amet, consectetu', NULL, 0, 'Idea 20 that suggest that we definitely need a longer title for ideas', 22, 6, NULL),
(53, TIMESTAMP '2019-11-17 07:25:51.989', TIMESTAMP '2019-11-18 07:25:51.989', 'eegMaMV6 Lorem ipsum dolor sit amet, consectetur adipiscing elit, sed do eiusmod tempor incididunt ut labore et dolore magna aliqua. Ut enim ad minim veniam, quis nostrud exercitation ullamco laboris nisi ut aliquip ex ea commodo consequat. Duis aute irure dolor in', NULL, 0, 'Idea 21 that suggest that we definitely need a longer title for ideas', 23, 16, NULL),
(54, TIMESTAMP '2019-11-16 07:25:52.002', TIMESTAMP '2019-11-17 07:25:52.002', 'XP9WTgkQ ', NULL, 0, 'Idea 22 that suggest that we definitely need a longer title for ideas', 24, 3, NULL),
(55, TIMESTAMP '2019-11-15 07:25:52.016', TIMESTAMP '2019-11-16 07:25:52.016', 'rA6obpUT Lorem ipsum dolor sit amet, consectetur adipiscing elit, sed do eiusmod tempor incididunt ut labore et dolore magna ', NULL, 0, 'Idea 23 that suggest that we definitely need a longer title for ideas', 25, 15, NULL),
(56, TIMESTAMP '2019-11-14 07:25:52.028', TIMESTAMP '2019-11-15 07:25:52.028', 'pyf05gEX Lorem ipsum dolor sit amet, consectetur adipiscing elit, sed do eiusmod tempor incididunt ut labore et dolore magna aliqua. Ut enim ad minim veniam, quis nostrud exercitation ullamco laboris nisi ut aliquip ex ea commodo consequat. Duis aute irure dolor in reprehenderit in volupta', NULL, 0, 'Idea 24 that suggest that we definitely need a longer title for ideas', 26, 13, NULL);
INSERT INTO "PUBLIC"."LAWS" VALUES
(57, TIMESTAMP '2019-11-13 07:25:52.033', TIMESTAMP '2019-11-14 07:25:52.033', 'nK78ZBcC Lorem ipsum dolor sit amet, consectetur adipiscing elit, sed do eiusmod tempor incididunt ut labore et dolore magna aliqua. Ut enim ad minim veniam, quis nostrud exercitation ullamco laboris nisi ut aliquip ex ea commodo consequat. Duis aute irure dolor in reprehenderit in voluptate velit esse cillum dolore eu fugiat nulla pariatur. Excepteur sint occaecat cupidatat non pr', NULL, 0, 'Idea 25 that suggest that we definitely need a longer title for ideas', 27, 3, NULL),
(58, TIMESTAMP '2019-11-12 07:25:52.037', TIMESTAMP '2019-11-13 07:25:52.037', 'e5s5XPfU Lorem ipsum dolor sit amet, consectetur adipiscing elit, sed do eiusmod tempor incididunt ut labore et dolore magna aliqua. Ut enim ad minim veniam, quis nostrud exercitation ullamco laboris nisi ut aliquip ex ea commodo consequat. Dui', NULL, 0, 'Idea 26 that suggest that we definitely need a longer title for ideas', 28, 20, NULL),
(59, TIMESTAMP '2019-11-11 07:25:52.042', TIMESTAMP '2019-11-12 07:25:52.042', 'z9b2D7At Lorem ipsum dolor sit amet, consectetu', NULL, 0, 'Idea 27 that suggest that we definitely need a longer title for ideas', 29, 20, NULL),
(60, TIMESTAMP '2019-11-10 07:25:52.056', TIMESTAMP '2019-11-11 07:25:52.057', 'FqtWZWUW Lorem ipsum dolor sit amet, consectetur adipiscing elit, sed do eiusmod tempor incididunt ut labore et dolore ', NULL, 0, 'Idea 28 that suggest that we definitely need a longer title for ideas', 30, 6, NULL),
(61, TIMESTAMP '2019-11-09 07:25:52.066', TIMESTAMP '2019-11-10 07:25:52.066', 'ltp6Vq5M Lorem ipsum dolor sit amet, conse', NULL, 0, 'Idea 29 that suggest that we definitely need a longer title for ideas', 31, 1, NULL),
(62, TIMESTAMP '2019-11-08 07:25:52.072', TIMESTAMP '2019-11-09 07:25:52.073', 'YVctwF7D Lorem ipsum dolor sit amet, consectetur adipiscing elit, sed do eiusmod tempor incididunt ut labore et dolore magna aliqua. Ut enim ad minim veniam, quis nostrud exercitation ullamco laboris nisi ut a', NULL, 0, 'Idea 30 that suggest that we definitely need a longer title for ideas', 22, 17, NULL),
(63, TIMESTAMP '2019-11-07 07:25:52.077', TIMESTAMP '2019-11-08 07:25:52.077', 'EHUha2qS Lorem ipsum dolor sit amet, consectetur adipiscing elit', NULL, 0, 'Idea 31 that suggest that we definitely need a longer title for ideas', 23, 10, NULL),
(64, TIMESTAMP '2019-11-06 07:25:52.09', TIMESTAMP '2019-11-07 07:25:52.09', 'pwU4l5Ya Lorem ipsum dolor sit amet, consectetur adipiscing elit, sed do eiusmod tempor incididunt ut labore et dolore m', NULL, 0, 'Idea 32 that suggest that we definitely need a longer title for ideas', 24, 17, NULL),
(65, TIMESTAMP '2019-11-05 07:25:52.098', TIMESTAMP '2019-11-06 07:25:52.098', 'Gw5RPZwy Lorem ipsum dolor sit amet, consectetur adipiscing elit, sed do eiusmod tempor incididunt ut labore et dolore magna aliqua. Ut enim ad minim ', NULL, 0, 'Idea 33 that suggest that we definitely need a longer title for ideas', 25, 11, NULL),
(66, TIMESTAMP '2019-11-04 07:25:52.104', TIMESTAMP '2019-11-05 07:25:52.104', 'LLOByG9H Lorem ipsum dolor sit amet, consectetur adipiscing elit, sed do eiusmod tempor incididunt ut labore et dolore magna aliqua. Ut enim ad minim veniam, quis nostrud exercitation ullamco laboris nisi ut aliquip ex ea commodo consequat. Duis aute irure dolor in reprehenderit in voluptate velit esse cillum dolore eu fugiat nulla pariatur. Excepteur sint occaecat cupidatat non proident, sunt in c', NULL, 0, 'Idea 34 that suggest that we definitely need a longer title for ideas', 26, 1, NULL),
(67, TIMESTAMP '2019-11-03 07:25:52.11', TIMESTAMP '2019-11-04 07:25:52.111', '3ylVrSlB Lorem ipsum dolor sit amet, consectetur adipiscing elit, sed do eiusmod tempor incididunt ut labore et dolore magna aliqua. Ut enim ad minim veniam, quis nostrud exercitation ullamco laboris nisi ut aliquip ex ea commodo consequat. Duis aute irure dolor in reprehenderit in voluptate velit esse cillum dolore eu fugiat nulla pariatur. Excepteur sint occaecat cupidata', NULL, 0, 'Idea 35 that suggest that we definitely need a longer title for ideas', 27, 16, NULL);
INSERT INTO "PUBLIC"."LAWS" VALUES
(68, TIMESTAMP '2019-11-02 07:25:52.12', TIMESTAMP '2019-11-03 07:25:52.121', 'mUohZlaC Lorem ipsum dolor sit amet, consectetur adipiscing elit, sed do eiusmod tempor incididunt ut labore et dolore magna aliqua. Ut enim ad minim veniam, quis nostrud exercitation ullamco laboris nisi ut aliquip ex ea commodo consequat. Duis aute irure dolor in reprehenderit in volu', NULL, 0, 'Idea 36 that suggest that we definitely need a longer title for ideas', 28, 15, NULL),
(69, TIMESTAMP '2019-11-01 07:25:52.135', TIMESTAMP '2019-11-02 07:25:52.135', '0fxF9yHq Lorem ipsum dolor sit amet, consectetur adipiscing elit, sed do eiusmod tempor incididunt ut labore et dolore magna aliqua. Ut enim ad minim veniam, quis nostrud exercitation ullamco laboris nisi ut aliquip ex ea commodo consequat. Duis aute irure dolor in reprehenderit in voluptate velit esse cillum dolore eu fugiat nulla pariatur. Excepteur sint occaecat cupidatat non ', NULL, 0, 'Idea 37 that suggest that we definitely need a longer title for ideas', 29, 15, NULL),
(70, TIMESTAMP '2019-10-31 07:25:52.142', TIMESTAMP '2019-11-01 07:25:52.143', 'SlzpkZp9 Lorem ipsum dolor sit amet, consectetur adipiscing elit, sed do eiusmod tempor incididunt ut labore et dolore magna aliqua. Ut enim ad minim veniam, quis nostrud exercitation ullamco laboris nisi ut aliquip ex ea commodo consequat. Duis aute irure dolor in reprehenderit in voluptate velit esse cillum dolore eu f', NULL, 0, 'Idea 38 that suggest that we definitely need a longer title for ideas', 30, 10, NULL),
(71, TIMESTAMP '2019-10-30 07:25:52.147', TIMESTAMP '2019-10-31 07:25:52.147', 'MzFDMQO7 Lorem ipsum dolor sit amet, consectetur adipiscing elit, sed do eiusmod tempor incididunt ut labore et d', NULL, 0, 'Idea 39 that suggest that we definitely need a longer title for ideas', 31, 20, NULL),
(72, TIMESTAMP '2019-10-29 07:25:52.155', TIMESTAMP '2019-10-30 07:25:52.155', 'cpQ5sqHK Lorem ipsum dolor sit amet, consectetur adipiscing elit, sed do eiusmod tempor incididunt ut labore et dolore magna aliqua. Ut en', NULL, 0, 'Idea 40 that suggest that we definitely need a longer title for ideas', 22, 4, NULL),
(73, TIMESTAMP '2019-10-28 07:25:52.163', TIMESTAMP '2019-10-29 07:25:52.163', '2YBT9y2b Lorem ipsum dolor sit amet, consecte', NULL, 0, 'Idea 41 that suggest that we definitely need a longer title for ideas', 23, 12, NULL),
(74, TIMESTAMP '2019-10-27 07:25:52.168', TIMESTAMP '2019-10-28 07:25:52.168', 'ghcysFca Lorem ipsum dolor sit amet, consectetur adipiscing elit, sed do eiusmod tempor incididunt ut labore et dolore magna aliqua. Ut enim ad minim veniam, quis nostrud exercitation ullamco laboris nisi ut aliquip ex ea', NULL, 0, 'Idea 42 that suggest that we definitely need a longer title for ideas', 24, 13, NULL),
(75, TIMESTAMP '2019-10-26 07:25:52.17', TIMESTAMP '2019-10-27 07:25:52.17', 'dAVlso3y Lorem ipsum dolor sit amet, consectetur adipiscing elit, sed do eiusmod tempor incididunt ut labore et dolore magna aliqua. Ut enim ad minim veniam, quis nostrud exercitation ullamco laboris nisi ut aliquip ex ea commodo consequat. Duis aute i', NULL, 0, 'Idea 43 that suggest that we definitely need a longer title for ideas', 25, 20, NULL),
(76, TIMESTAMP '2019-10-25 07:25:52.175', TIMESTAMP '2019-10-26 07:25:52.176', 'qqmnaamP Lorem ipsum dolor sit amet, consectetur adipiscing elit, sed do eiusmod tempor incididunt ', NULL, 0, 'Idea 44 that suggest that we definitely need a longer title for ideas', 26, 4, NULL),
(77, TIMESTAMP '2019-10-24 07:25:52.183', TIMESTAMP '2019-10-25 07:25:52.183', 'Ez9dyFBV Lorem ipsum dolor sit amet, consectetur adipiscing elit, sed do eiusmod tempor incididunt ut labore et dolore magna aliqua. Ut enim ad minim veniam, quis nostrud exercitation ullamco laboris nisi ut aliquip ex ea commodo consequat. Duis aute irure dolor in reprehenderit in voluptate velit esse cillum dolore eu fugiat nulla pariatur', NULL, 0, 'Idea 45 that suggest that we definitely need a longer title for ideas', 27, 12, NULL),
(78, TIMESTAMP '2019-10-23 07:25:52.186', TIMESTAMP '2019-10-24 07:25:52.186', 'FhlHYWrK Lorem ipsum dolor sit amet, consectetur adipiscing elit, sed do eiusmod tempor incididunt ut labore et dolore magna aliqua. Ut enim ad minim veniam, quis nostrud exercitation ullamco laboris nisi ut aliquip', NULL, 0, 'Idea 46 that suggest that we definitely need a longer title for ideas', 28, 20, NULL);
INSERT INTO "PUBLIC"."LAWS" VALUES
(79, TIMESTAMP '2019-10-22 07:25:52.198', TIMESTAMP '2019-10-23 07:25:52.198', 'QQHLSAtO Lorem ipsum dolor ', NULL, 0, 'Idea 47 that suggest that we definitely need a longer title for ideas', 29, 3, NULL),
(80, TIMESTAMP '2019-10-21 07:25:52.201', TIMESTAMP '2019-10-22 07:25:52.201', '0QX3SYS9 Lorem ipsum dolor sit amet, consectetur adipiscing elit, sed do eiusmod tempor incididunt ut labore et dolore magna aliqua. Ut enim ad minim veniam, quis nostrud exercitation ullamco laboris nisi ut aliquip ex ea commodo consequat. Duis aute irure ', NULL, 0, 'Idea 48 that suggest that we definitely need a longer title for ideas', 30, 14, NULL),
(81, TIMESTAMP '2019-10-20 07:25:52.207', TIMESTAMP '2019-10-21 07:25:52.207', 'g58USS6E Lorem ipsum do', NULL, 0, 'Idea 49 that suggest that we definitely need a longer title for ideas', 31, 12, NULL),
(82, TIMESTAMP '2019-10-19 07:25:52.219', TIMESTAMP '2019-10-20 07:25:52.219', 'vkMpXFVr Lorem ipsum dolor sit amet, consectetur adipiscing elit, sed do eiusmod tempor incididunt ut labore et dolore magna aliqua. Ut enim ad minim veniam, quis nostrud exercitation ullamco laboris nisi ut aliquip ex ea commodo consequat. Duis aute', NULL, 0, 'Idea 50 that suggest that we definitely need a longer title for ideas', 22, 20, NULL),
(83, TIMESTAMP '2019-10-18 07:25:52.227', TIMESTAMP '2019-10-19 07:25:52.227', 'N4fa4q5p Lorem ipsum dolor sit amet, consectetur adipiscing elit, sed do eiusmod tempor incididunt ut labore et ', NULL, 0, 'Idea 51 that suggest that we definitely need a longer title for ideas', 23, 14, NULL),
(84, TIMESTAMP '2019-10-17 07:25:52.238', TIMESTAMP '2019-10-18 07:25:52.238', 'kkXRqpFQ Lorem ipsum dolor sit amet, co', NULL, 0, 'Idea 52 that suggest that we definitely need a longer title for ideas', 24, 15, NULL),
(85, TIMESTAMP '2019-10-16 07:25:52.248', TIMESTAMP '2019-10-17 07:25:52.248', 'hSVKusHX Lorem ipsum dolor sit amet, consectetur adipiscing elit, sed do eiusmod tempor incididunt ut labore et dolore magna aliqua. Ut enim ad minim veniam, quis nostrud exercitation ullamco labo', NULL, 0, 'Idea 53 that suggest that we definitely need a longer title for ideas', 25, 8, NULL),
(86, TIMESTAMP '2019-10-15 07:25:52.25', TIMESTAMP '2019-10-16 07:25:52.25', 'C4sKaOc4 Lorem ipsum do', NULL, 0, 'Idea 54 that suggest that we definitely need a longer title for ideas', 26, 10, NULL),
(87, TIMESTAMP '2019-10-14 07:25:52.263', TIMESTAMP '2019-10-15 07:25:52.264', '2uEBX6OU Lorem ipsum dolor sit amet, consectetur adipiscing elit, sed do eiusmod tempor incididunt ut labore et dolore magna aliqua. Ut enim ad minim veniam, quis nostrud exercitation ullamco laboris nisi ut aliquip ex ea commodo conseq', NULL, 0, 'Idea 55 that suggest that we definitely need a longer title for ideas', 27, 18, NULL),
(88, TIMESTAMP '2019-10-13 07:25:52.272', TIMESTAMP '2019-10-14 07:25:52.272', 'lqbPpwZQ Lorem ipsum dolor sit amet, consectetur', NULL, 0, 'Idea 56 that suggest that we definitely need a longer title for ideas', 28, 11, NULL),
(89, TIMESTAMP '2019-10-12 07:25:52.284', TIMESTAMP '2019-10-13 07:25:52.284', 'DUsTNNyC Lorem ipsum dolor sit amet, consectetur adipiscing elit, sed do eiusmod tempor incididunt ut la', NULL, 0, 'Idea 57 that suggest that we definitely need a longer title for ideas', 29, 5, NULL),
(90, TIMESTAMP '2019-10-11 07:25:52.294', TIMESTAMP '2019-10-12 07:25:52.295', 'yoSN00GL Lorem ipsum dolor sit amet, consectetur adipiscing elit, sed do eiusmod tempor incididunt ut labore et dolore magna aliqu', NULL, 0, 'Idea 58 that suggest that we definitely need a longer title for ideas', 30, 14, NULL),
(91, TIMESTAMP '2019-10-10 07:25:52.311', TIMESTAMP '2019-10-11 07:25:52.311', 'X7MommGs Lorem ipsum dolor sit amet, consectetur adipiscing elit, sed do eiusmod tempor incididunt ut labore et dolore magna aliqua. Ut enim ad minim veniam, quis nostrud exercitation ul', NULL, 0, 'Idea 59 that suggest that we definitely need a longer title for ideas', 31, 16, NULL),
(92, TIMESTAMP '2019-10-09 07:25:52.324', TIMESTAMP '2019-10-10 07:25:52.325', 'gbZXAxyU Lorem ipsum dolor sit amet, consectetur adipiscing elit, sed do eiusmod tempor incididunt ut labore et dolore magna aliqua. Ut enim ad minim veniam, quis nostrud ex', NULL, 0, 'Idea 60 that suggest that we definitely need a longer title for ideas', 22, 10, NULL);
INSERT INTO "PUBLIC"."LAWS" VALUES
(93, TIMESTAMP '2019-10-08 07:25:52.329', TIMESTAMP '2019-10-09 07:25:52.329', 'wazwVfLv Lorem ipsum dolor si', NULL, 0, 'Idea 61 that suggest that we definitely need a longer title for ideas', 23, 10, NULL),
(94, TIMESTAMP '2019-10-07 07:25:52.342', TIMESTAMP '2019-10-08 07:25:52.342', 'XZ5V6GQ4 Lorem ipsum dolor sit amet, consectetur adipiscing elit, ', NULL, 0, 'Idea 62 that suggest that we definitely need a longer title for ideas', 24, 1, NULL),
(95, TIMESTAMP '2019-10-06 07:25:52.352', TIMESTAMP '2019-10-07 07:25:52.352', 'bVCP0SBl Lorem ipsum dolor sit amet, consectetur adipiscing elit, sed do eiusmod tempor incididunt ut labore et dolore magna aliqua. Ut enim ad minim veniam, quis nostrud exercitation ullamco la', NULL, 0, 'Idea 63 that suggest that we definitely need a longer title for ideas', 25, 5, NULL),
(96, TIMESTAMP '2019-10-05 07:25:52.355', TIMESTAMP '2019-10-06 07:25:52.355', 'NlExXRcg Lorem ipsum dolor sit amet, consectetur adipiscing elit, sed do eiusmod tempor incididunt ut labore et dolore magna aliqua. Ut enim ad minim veniam, quis nostrud exercitation ullamco labor', NULL, 0, 'Idea 64 that suggest that we definitely need a longer title for ideas', 26, 2, NULL),
(97, TIMESTAMP '2019-10-04 07:25:52.364', TIMESTAMP '2019-10-05 07:25:52.364', 'zY06EPYN Lorem ipsum dolor sit amet, consectetur adipiscing elit, sed do eiusmod tempor incididunt ut labore et dolore magna aliqua. Ut enim ad minim veniam, quis no', NULL, 0, 'Idea 65 that suggest that we definitely need a longer title for ideas', 27, 18, NULL),
(98, TIMESTAMP '2019-10-03 07:25:52.367', TIMESTAMP '2019-10-04 07:25:52.367', 'kT5XDAsO Lorem ipsum dolor ', NULL, 0, 'Idea 66 that suggest that we definitely need a longer title for ideas', 28, 11, NULL),
(99, TIMESTAMP '2019-10-02 07:25:52.372', TIMESTAMP '2019-10-03 07:25:52.372', 'Rfgr2FHP Lorem ipsum dolor sit amet, consectetur adipiscing elit, ', NULL, 0, 'Idea 67 that suggest that we definitely need a longer title for ideas', 29, 6, NULL),
(100, TIMESTAMP '2019-10-01 07:25:52.382', TIMESTAMP '2019-10-02 07:25:52.382', 'u90HYAx3 Lorem ipsum dolor sit amet, consectetur adipiscing elit, sed do eiusmod tempor incididunt ut labore et dolore magna aliqua. Ut enim ad minim veniam, quis nostrud exercitation ullamco laboris nisi ut aliquip ex ea commodo consequat. Duis aute irure dolor in reprehenderit in voluptate velit ess', NULL, 0, 'Idea 68 that suggest that we definitely need a longer title for ideas', 30, 12, NULL),
(101, TIMESTAMP '2019-09-30 07:25:52.393', TIMESTAMP '2019-10-01 07:25:52.393', 'YEV0LL6M Lorem ipsum dolor sit amet, consectetur adipiscing elit, sed do eiusmod tempor incididunt ut lab', NULL, 0, 'Idea 69 that suggest that we definitely need a longer title for ideas', 31, 5, NULL),
(102, TIMESTAMP '2019-09-29 07:25:52.404', TIMESTAMP '2019-09-30 07:25:52.404', 'GXY7m6su Lorem ipsum dolor sit amet, consectetur adipiscing elit, sed do eiusmod tempor incididunt ut labore et dolore magna aliqua. Ut enim ad minim veniam, quis nostrud exercitation ullamco laboris nisi ut aliquip ex ea commodo consequat. Duis aute irure dolor in reprehenderit in voluptate velit esse cillum dolore eu f', NULL, 0, 'Idea 70 that suggest that we definitely need a longer title for ideas', 22, 1, NULL),
(103, TIMESTAMP '2019-09-28 07:25:52.41', TIMESTAMP '2019-09-29 07:25:52.41', 'GTlwwzhv Lorem ipsum dolor sit amet, consectetur adipiscing elit, sed do eiusmod tempor incididunt ut labore et dolore magna aliqua. Ut enim ad minim veniam, quis nostrud exercitation ullamco', NULL, 0, 'Idea 71 that suggest that we definitely need a longer title for ideas', 23, 14, NULL),
(104, TIMESTAMP '2019-09-27 07:25:52.424', TIMESTAMP '2019-09-28 07:25:52.425', 'RvNB4aVD Lorem ipsum dolor sit amet, consectetur adipiscing elit, sed do eiusmod tempor incididunt ut labore et dolore magna aliqua. Ut enim ad minim veniam, quis no', NULL, 0, 'Idea 72 that suggest that we definitely need a longer title for ideas', 24, 14, NULL),
(105, TIMESTAMP '2019-09-26 07:25:52.429', TIMESTAMP '2019-09-27 07:25:52.43', 'o9Ngsb5K Lorem ipsum dolor sit amet, consectetur adipiscing elit, sed do eiusmod tempor incididunt ut labore et dolore magna aliqua. Ut enim ad minim veniam, quis nostrud exercitation ullamco laboris nisi ut aliquip ex ea commodo consequat. Duis aute irure dolor in reprehenderit in voluptate ', NULL, 0, 'Idea 73 that suggest that we definitely need a longer title for ideas', 25, 1, NULL);
INSERT INTO "PUBLIC"."LAWS" VALUES
(106, TIMESTAMP '2019-09-25 07:25:52.443', TIMESTAMP '2019-09-26 07:25:52.443', 'xWZfSxEf Lorem ipsum dolor sit amet, consectetur adipiscing elit, sed do eiusmod tempor incididunt ut labore et dolore magna aliqua. Ut enim ad minim veniam, quis nostrud exercitatio', NULL, 0, 'Idea 74 that suggest that we definitely need a longer title for ideas', 26, 2, NULL),
(107, TIMESTAMP '2019-09-24 07:25:52.448', TIMESTAMP '2019-09-25 07:25:52.448', 'k29KAA6Z Lorem ipsum dolor sit amet, consectetur adipiscing elit, sed do eiusmod tempor incididunt ut labore et dolore magna aliqua. Ut enim ad minim veniam, quis nostrud exercitation ullamco laboris nisi ut ali', NULL, 0, 'Idea 75 that suggest that we definitely need a longer title for ideas', 27, 14, NULL),
(108, TIMESTAMP '2019-09-23 07:25:52.454', TIMESTAMP '2019-09-24 07:25:52.454', 'lQN5u0VA Lorem ipsum dolor sit amet, consectetur adipiscing elit, sed do eiusmod tempor incididunt ut labore et dolore magna aliqua. Ut enim ad minim veniam, quis nostrud exercitation ullamco laboris nisi ut aliquip ex ea commodo consequat. Duis aute irur', NULL, 0, 'Idea 76 that suggest that we definitely need a longer title for ideas', 28, 11, NULL),
(109, TIMESTAMP '2019-09-22 07:25:52.465', TIMESTAMP '2019-09-23 07:25:52.465', '4wZmdwmd Lorem ipsum dolor sit amet, consectetur adipiscing elit, sed do eiusmod tempor incididunt ut labore e', NULL, 0, 'Idea 77 that suggest that we definitely need a longer title for ideas', 29, 15, NULL),
(110, TIMESTAMP '2019-09-21 07:25:52.466', TIMESTAMP '2019-09-22 07:25:52.466', 'KxaOdc0u Lorem ipsum dolor si', NULL, 0, 'Idea 78 that suggest that we definitely need a longer title for ideas', 30, 3, NULL),
(111, TIMESTAMP '2019-09-20 07:25:52.473', TIMESTAMP '2019-09-21 07:25:52.473', 'mz5eACRd Lorem ipsum dolor sit amet, consectetur adipiscing elit, sed do eiusmod tempor incididunt ut labore et dolore magna aliqua. Ut enim ad minim veniam, quis nostrud exercitation ullamco laboris nisi ut aliquip ex ea commodo consequat. Duis aute irure dolor in reprehenderi', NULL, 0, 'Idea 79 that suggest that we definitely need a longer title for ideas', 31, 18, NULL),
(112, TIMESTAMP '2019-09-19 07:25:52.481', TIMESTAMP '2019-09-20 07:25:52.481', 'QS6Dkw7n Lorem ipsum dolor sit amet, consectetur adipiscing elit, sed do eiusmod tempor incididunt ut labore et dolore magna aliqua. Ut enim ad minim veniam, quis nostrud exercitation ullamco laboris nisi ut aliquip ex ea commodo consequat. Duis aute irure dolor in reprehenderit in voluptate velit esse cillum dolore eu fugiat nulla pariatur. Excepteur', NULL, 0, 'Idea 80 that suggest that we definitely need a longer title for ideas', 22, 13, NULL),
(113, TIMESTAMP '2019-09-18 07:25:52.488', TIMESTAMP '2019-09-19 07:25:52.488', 'c5fFrWho Lorem ipsum dolor sit amet, consectetur adipiscing elit, sed do eiusmod tempor incididunt ut labore et dolore magna aliqua. Ut enim ad minim veniam, quis nostrud exercitation ullamco laboris nisi ut aliquip ex ea commodo consequat. Duis aute irure dolor in reprehenderit in voluptate velit esse cillum dolore eu fug', NULL, 0, 'Idea 81 that suggest that we definitely need a longer title for ideas', 23, 12, NULL),
(114, TIMESTAMP '2019-09-17 07:25:52.496', TIMESTAMP '2019-09-18 07:25:52.496', 'kgwFvAF7 Lorem ipsum dolor sit amet, consectetur adipiscing elit, sed do eiusmod tempor incididunt ut labore et dolore magna aliqua. Ut enim ad minim veniam, quis nostrud exercitation ullamco laboris nisi ut aliquip ex ea commodo consequat. Duis aute irure dolor in reprehenderit in voluptate velit', NULL, 0, 'Idea 82 that suggest that we definitely need a longer title for ideas', 24, 9, NULL),
(115, TIMESTAMP '2019-09-16 07:25:52.504', TIMESTAMP '2019-09-17 07:25:52.504', 'ZOtBUo5f Lorem ipsum dolor sit amet, co', NULL, 0, 'Idea 83 that suggest that we definitely need a longer title for ideas', 25, 17, NULL),
(116, TIMESTAMP '2019-09-15 07:25:52.512', TIMESTAMP '2019-09-16 07:25:52.513', 'XScOpa7g Lorem ipsum dolor sit amet, consectetur adipiscing elit, sed do eiusmod tempor incididunt ut labore et dolore magna aliqua. Ut enim ad minim veniam, quis nostrud exercitation ullamco laboris nisi ut aliquip ex ea commodo consequat. Duis aute irure dolor in reprehenderit in voluptate velit esse cillum dolore eu fugiat nulla pariatur. Exce', NULL, 0, 'Idea 84 that suggest that we definitely need a longer title for ideas', 26, 13, NULL);
INSERT INTO "PUBLIC"."LAWS" VALUES
(117, TIMESTAMP '2019-09-14 07:25:52.519', TIMESTAMP '2019-09-15 07:25:52.519', '3eR3NCdX Lorem ipsum dolor sit amet, consectetur adipiscing elit, sed do eiusmod tempor incididunt ut labore et dolore magna aliqua. Ut enim ad minim veniam, quis nostrud exercitation ullamco laboris nisi ut aliquip ex ea commodo consequat. Duis aute irure dolor in', NULL, 0, 'Idea 85 that suggest that we definitely need a longer title for ideas', 27, 8, NULL),
(118, TIMESTAMP '2019-09-13 07:25:52.523', TIMESTAMP '2019-09-14 07:25:52.523', 'gWblLheB Lorem ipsum dolor sit amet, consectetur adipiscing elit, sed do eiusmod tempor incididunt ut labore et dolore magna aliqua. Ut enim ad m', NULL, 0, 'Idea 86 that suggest that we definitely need a longer title for ideas', 28, 13, NULL),
(119, TIMESTAMP '2019-09-12 07:25:52.539', TIMESTAMP '2019-09-13 07:25:52.539', '2vMWDxLL Lorem ipsum dolor sit amet, consectetur adipiscing elit, sed do eiusmod tempor incididunt ut labore et dolore magna aliqua. Ut enim ad minim veniam, quis nostrud exercitation ullamco laboris nisi ut aliquip ex ea commodo consequat. Duis aute irure dolor in reprehenderit in vo', NULL, 0, 'Idea 87 that suggest that we definitely need a longer title for ideas', 29, 10, NULL),
(120, TIMESTAMP '2019-09-11 07:25:52.542', TIMESTAMP '2019-09-12 07:25:52.542', 'DmnF7myk Lorem ipsum dolor sit amet, consectetur adipiscing elit, sed do eiusmod tempor incididunt ut labore et dolore', NULL, 0, 'Idea 88 that suggest that we definitely need a longer title for ideas', 30, 20, NULL),
(121, TIMESTAMP '2019-09-10 07:25:52.545', TIMESTAMP '2019-09-11 07:25:52.545', 'TFKsTrpC Lorem ipsum dolor sit amet, consectetur adipiscing elit, sed do eiusmod tempor incididunt ut labore et dolore magna aliqua. Ut enim ad minim veniam, quis nostrud exercitation ullamco laboris nisi ut aliquip ex e', NULL, 0, 'Idea 89 that suggest that we definitely need a longer title for ideas', 31, 18, NULL),
(122, TIMESTAMP '2019-09-09 07:25:52.552', TIMESTAMP '2019-09-10 07:25:52.552', 'GWRDFwSy Lorem ipsum dolor sit amet, consectetur adipiscing elit, sed do eiusmod tempor incididunt ut labore et dolore magna aliqua. Ut enim ad minim veniam, quis nostrud exercitation ullamco laboris nisi ut aliquip ex ea commodo consequat. Duis aute irure dolor in reprehenderit in voluptate velit esse cillum dolore eu fugiat nulla pariatur. Excepteur sint occaecat cupidatat no', NULL, 0, 'Idea 90 that suggest that we definitely need a longer title for ideas', 22, 18, NULL),
(123, TIMESTAMP '2019-09-08 07:25:52.554', TIMESTAMP '2019-09-09 07:25:52.554', 'YUe5x5Ge Lorem ipsum dolor sit amet, consectetur adipiscing elit, sed do eiusmod tempor incididunt ut labore et dolore magna aliqua. Ut enim ad minim veniam, quis nostrud exercitation ullamco laboris nisi ut aliquip ex ea commodo consequa', NULL, 0, 'Idea 91 that suggest that we definitely need a longer title for ideas', 23, 10, NULL),
(124, TIMESTAMP '2019-09-07 07:25:52.556', TIMESTAMP '2019-09-08 07:25:52.556', 'P5D5kbtw Lorem ipsum dolor sit amet, consectetur adipiscing elit, sed do eiusmod tempor incididunt ut labore et dolore magna aliqua. Ut enim ad minim veniam, ', NULL, 0, 'Idea 92 that suggest that we definitely need a longer title for ideas', 24, 8, NULL),
(125, TIMESTAMP '2019-09-06 07:25:52.56', TIMESTAMP '2019-09-07 07:25:52.56', 'huhC25gT Lorem ipsum dolor sit amet, consectetur adipiscing elit, sed do eiusmod tempor incididunt ut labore et dolore magna aliqua. Ut enim ad minim veniam, quis nostrud exercitation ullamco laboris nisi ut aliquip ex ea commodo consequat. Duis aute irure dolor in reprehenderit in voluptate v', NULL, 0, 'Idea 93 that suggest that we definitely need a longer title for ideas', 25, 16, NULL),
(126, TIMESTAMP '2019-09-05 07:25:52.575', TIMESTAMP '2019-09-06 07:25:52.575', 'MGFsZshT Lorem ipsum ', NULL, 0, 'Idea 94 that suggest that we definitely need a longer title for ideas', 26, 16, NULL),
(127, TIMESTAMP '2019-09-04 07:25:52.584', TIMESTAMP '2019-09-05 07:25:52.584', 'bdfNP5Fo Lorem ipsum dolor sit amet, consectetur adipiscing elit, sed do eiusmod tempor incididunt ut labore et dolore magna aliqua. Ut enim ad minim veniam, quis nostrud exercitation ullamco laboris nisi ut aliquip ex ea commodo consequat. Duis aut', NULL, 0, 'Idea 95 that suggest that we definitely need a longer title for ideas', 27, 20, NULL);
INSERT INTO "PUBLIC"."LAWS" VALUES
(128, TIMESTAMP '2019-09-03 07:25:52.592', TIMESTAMP '2019-09-04 07:25:52.592', 'hYcRSKBe Lorem ipsum dolor sit amet, consectetur adipiscing elit, sed do eiusmod tempor incididunt ut labore et dolore magna aliqua. Ut enim ad minim veniam, quis nostrud exercitation ullamco laboris nisi ut aliquip ex ea commodo c', NULL, 0, 'Idea 96 that suggest that we definitely need a longer title for ideas', 28, 19, NULL),
(129, TIMESTAMP '2019-09-02 07:25:52.594', TIMESTAMP '2019-09-03 07:25:52.594', 'BvXa03wh Lorem ipsum dolor sit amet, consectetur adipiscing elit, sed do eiusmod tempor incididunt ut labore et dolore magna aliqua. Ut eni', NULL, 0, 'Idea 97 that suggest that we definitely need a longer title for ideas', 29, 16, NULL),
(130, TIMESTAMP '2019-09-01 07:25:52.601', TIMESTAMP '2019-09-02 07:25:52.601', 'nn2D4U7H Lorem ipsum dolor sit amet, consectetur adipiscing elit, sed do eiusmod tempor incididunt ut labore et dolore magna aliqua. Ut enim ad minim veniam, quis nostrud exercitation ullamco laboris nisi ut aliquip ex ea commodo consequat. Duis aute irure dolor in reprehenderit in voluptate velit esse cillum dolore eu fugiat nulla pariatur. E', NULL, 0, 'Idea 98 that suggest that we definitely need a longer title for ideas', 30, 19, NULL),
(131, TIMESTAMP '2019-08-31 07:25:52.606', TIMESTAMP '2019-09-01 07:25:52.606', 'vTbo6NXo Lorem ipsum dolor sit amet, consectetur adipisc', NULL, 0, 'Idea 99 that suggest that we definitely need a longer title for ideas', 31, 10, NULL),
(132, TIMESTAMP '2019-08-30 07:25:52.613', TIMESTAMP '2019-08-31 07:25:52.614', '8euOSaMz Lorem ipsum dolor sit amet, consectetur adipiscing elit, sed do eiusmod tempor incididunt ut labore et dolore magna aliqua. Ut enim ad minim veniam, quis nostrud exercitation ullamco laboris nisi ut aliquip ex ea commodo consequat. Duis aute irure dolor in reprehenderit in voluptate velit esse cillum dolore eu fugiat nulla pariatur. Excepteur sint occaecat cupidatat non proident,', NULL, 0, 'Idea 100 that suggest that we definitely need a longer title for ideas', 22, 7, NULL),
(133, TIMESTAMP '2019-08-29 07:25:52.623', TIMESTAMP '2019-08-30 07:25:52.623', 'ZW7VbFu3 Lorem ipsum dolor sit amet, consectetur adipiscing elit, sed do eiusmod tempor incididunt ut labore et dolore magna aliqua. Ut enim ad minim veniam, quis nostrud exercitation ullamco laboris nisi ut aliquip ex ea commodo consequat. Duis aute irure dolor in reprehenderit in voluptate velit esse cill', NULL, 0, 'Idea 101 that suggest that we definitely need a longer title for ideas', 23, 1, NULL),
(134, TIMESTAMP '2019-08-28 07:25:52.632', TIMESTAMP '2019-08-29 07:25:52.632', 'xu650adT Lorem ipsum dolor sit amet, consectetur adipiscing elit, sed do eiusmod tempor incididunt ut labore et dolore magna aliqua. Ut enim ad minim veniam, quis nostrud exercitation ullamco laboris nisi ut aliquip ex ea commodo consequat. Duis aute irure dolor in reprehenderit in voluptate velit esse cillum dolore eu fugiat nulla pariatur. Excep', NULL, 0, 'Idea 102 that suggest that we definitely need a longer title for ideas', 24, 5, NULL),
(135, TIMESTAMP '2019-08-27 07:25:52.643', TIMESTAMP '2019-08-28 07:25:52.644', 'qWhxXcup Lorem ipsum dolor sit amet, consectetur adipiscing elit, sed ', NULL, 0, 'Idea 103 that suggest that we definitely need a longer title for ideas', 25, 13, NULL),
(136, TIMESTAMP '2019-08-26 07:25:52.657', TIMESTAMP '2019-08-27 07:25:52.658', 'LlGB9F9B Lorem ipsum dolor sit amet, consectetur adipiscing elit, sed do eiusmod tempor incididunt ut labore et dolore magna aliqua. Ut enim ad minim veniam, quis nostrud exercitation ullamco laboris nisi ut aliquip ex ea commodo consequat. Duis aute irure dolor in reprehenderit in voluptate velit esse cillum dolore eu fugiat nulla pariat', NULL, 0, 'Idea 104 that suggest that we definitely need a longer title for ideas', 26, 10, NULL),
(137, TIMESTAMP '2019-08-25 07:25:52.666', TIMESTAMP '2019-08-26 07:25:52.666', 'bk4smwUq Lorem ipsum dolor sit amet, consectetur adipiscing elit, sed do eiusmod tempor incididunt ut labore et dolore magna aliqua. Ut enim ad minim veniam, quis nostrud exercitation ullamco laboris nisi ut aliquip ex ea commodo consequat. Duis aute irure dolor in reprehenderit in voluptate velit esse cillum dolore eu fugiat nulla pariatur. Excepteu', NULL, 0, 'Idea 105 that suggest that we definitely need a longer title for ideas', 27, 3, NULL);
INSERT INTO "PUBLIC"."LAWS" VALUES
(138, TIMESTAMP '2019-08-24 07:25:52.669', TIMESTAMP '2019-08-25 07:25:52.669', 'O3hOeXqe Lorem ipsum dolor sit amet, consectetur adipiscing elit, sed do eiusmod tempor incididunt ut labore et dolore magna aliqua. Ut enim ad minim veniam, quis nostrud exercitation ullamco laboris nisi ut aliquip ex ea commodo consequat. Duis aute irure dolor in reprehenderit in voluptate velit esse cillum dolore eu fugiat nulla pariatur. Excepteur sint occaecat cupidatat non proident, sunt in culpa qu', NULL, 0, 'Idea 106 that suggest that we definitely need a longer title for ideas', 28, 15, NULL),
(139, TIMESTAMP '2019-08-23 07:25:52.678', TIMESTAMP '2019-08-24 07:25:52.678', 'aMdeDLKh Lorem ipsum dolor sit amet, consectetur adipiscing elit, sed do eiusmod tempor incididunt ut labore et dolore magna aliqua. Ut enim ad minim veniam, quis nostrud exercitation ullamco laboris nisi ut aliquip ex ea commodo consequat. Duis aute irure dolor in reprehenderit in voluptate velit esse cillum dolore eu fugiat nulla pariatur. Excepteur sint occaecat cupidatat non proident, sunt in culpa q', NULL, 0, 'Idea 107 that suggest that we definitely need a longer title for ideas', 29, 3, NULL),
(140, TIMESTAMP '2019-08-22 07:25:52.684', TIMESTAMP '2019-08-23 07:25:52.684', 'cTMYPAme Lorem ipsum dolor sit amet, consectetur adipiscing elit, s', NULL, 0, 'Idea 108 that suggest that we definitely need a longer title for ideas', 30, 20, NULL),
(141, TIMESTAMP '2019-08-21 07:25:52.69', TIMESTAMP '2019-08-22 07:25:52.691', 'Nt4kBwxF Lorem ipsum dolor sit amet, consectetur adipiscing elit, sed do eiusmod tempor incididunt ut labore et dol', NULL, 0, 'Idea 109 that suggest that we definitely need a longer title for ideas', 31, 9, NULL),
(142, TIMESTAMP '2019-08-20 07:25:52.695', TIMESTAMP '2019-08-21 07:25:52.695', '4T0uOarZ Lorem ipsum dolor sit amet, consectetur adipiscing elit, sed do eiusmod tempor incididunt ut labore et dolore magna aliqua. Ut enim ad minim veniam, quis nostrud exercitation ullamco laboris nisi ut aliquip ex ea commodo consequat. Duis aute irure dolor in reprehenderit in voluptate velit esse cillum dolore eu fugiat nulla pariatur. Excepteur sint occaecat cupid', NULL, 0, 'Idea 110 that suggest that we definitely need a longer title for ideas', 22, 4, NULL),
(143, TIMESTAMP '2019-12-04 07:25:52.718', TIMESTAMP '2019-12-05 07:25:52.718', 'dGzcFK3E Lorem ipsum dolor sit amet, consectetur adipiscing elit, sed do eiusmod tempor incididunt ut labore et dolore magna aliqua. Ut enim ', TIMESTAMP '2019-12-08 07:25:52.715', 1, 'Proposal 0 that reached its quorum', 28, 11, NULL),
(144, TIMESTAMP '2019-12-01 07:25:52.74', TIMESTAMP '2019-12-02 07:25:52.74', 'C5qqwg6f Lorem ipsum dolor sit amet, consectetur adipiscing elit, sed do eiusmod tempor incididunt ut labore et dolore magna aliqua. Ut enim ad minim veniam, quis nostrud exercitation ullamco laboris nisi ut aliquip ex ea commodo consequat. Duis aute irure dolor in reprehenderit in voluptate velit esse cillum dolore eu fugiat nulla pariatur. Excepteur sint o', TIMESTAMP '2019-12-02 07:25:52.738', 1, 'Proposal 1 that reached its quorum', 27, 15, NULL),
(145, TIMESTAMP '2019-12-04 07:25:52.759', TIMESTAMP '2019-12-05 07:25:52.759', '0ntFu5YH Lorem ipsum dolor sit amet, cons', TIMESTAMP '2019-12-08 07:25:52.757', 1, 'Proposal 2 that reached its quorum', 22, 7, NULL),
(146, TIMESTAMP '2019-11-30 07:25:52.776', TIMESTAMP '2019-12-01 07:25:52.776', 'Q3azbfnE Lorem ipsum dolor sit amet, consectetur adipiscing elit, sed do eiusmod tempor incididunt ut labore et dolore magna aliqua. Ut enim ad minim veniam, quis nostrud exercitation ullamco laboris nisi ut aliquip ex ea commodo consequat. Duis aute irure dolor i', TIMESTAMP '2019-12-03 07:25:52.774', 1, 'Proposal 3 that reached its quorum', 31, 16, NULL),
(147, TIMESTAMP '2019-12-04 07:25:52.793', TIMESTAMP '2019-12-05 07:25:52.793', 'ZKXQStxX Lorem ipsum dolor sit amet, consectetur adipiscing elit, sed do eiusmod tempor incididunt ut labore et dolore magna aliqua. Ut enim ad minim veniam, quis nostrud exercitation ullamco laboris nisi ut aliquip ex ea commodo consequat. Duis aute irure dolor in reprehenderit in voluptate velit esse cillum dolore eu fugiat nulla pariatur. Excepteur ', TIMESTAMP '2019-12-06 07:25:52.791', 1, 'Proposal 4 that reached its quorum', 23, 1, NULL);
INSERT INTO "PUBLIC"."LAWS" VALUES
(148, TIMESTAMP '2019-12-05 07:25:52.81', TIMESTAMP '2019-12-06 07:25:52.81', '6Lw9XXoT Lorem ipsum dolor sit amet, consectetur adipiscing elit, sed do eiusmod tempor incididunt ut labore et dolore magna aliqua. Ut enim ad minim veniam, quis nostrud exercitation ullamco laboris nisi ut aliquip ex', TIMESTAMP '2019-12-08 07:25:52.808', 1, 'Proposal 5 that reached its quorum', 28, 9, NULL),
(149, TIMESTAMP '2019-12-04 07:25:52.832', TIMESTAMP '2019-12-05 07:25:52.832', 'KQ6LkLtZ Lorem ipsum dolor sit amet, consectetur adipiscing elit, sed do eiusmod tempor incididunt ut labore et dolore magna aliqua. Ut enim ad minim veniam, quis nostrud exercitation ullamco laboris nisi ut aliquip ex ea commodo consequat. Duis aute irure dolor in reprehenderit ', TIMESTAMP '2019-12-06 07:25:52.829', 1, 'Proposal 6 that reached its quorum', 28, 9, NULL),
(150, TIMESTAMP '2019-12-01 07:25:52.854', TIMESTAMP '2019-12-02 07:25:52.854', 'ZAeDrlC0 Lorem ipsum dolor sit amet, consectetur adipiscing elit, sed do eiusmod tempor incididunt ut labore et dolore magna aliqua. Ut enim ad minim veniam, quis nostrud exercitation ullamco laboris nisi ut aliquip ex ea commodo consequat. Duis aute irure dolor in r', TIMESTAMP '2019-12-05 07:25:52.853', 1, 'Proposal 7 that reached its quorum', 31, 4, NULL),
(151, TIMESTAMP '2019-12-02 07:25:52.877', TIMESTAMP '2019-12-03 07:25:52.877', 'm9QOnVX3 Lorem ipsum dolor sit amet, consectetur adipiscing elit, sed do eiusmod ', TIMESTAMP '2019-12-09 07:25:52.874', 1, 'Proposal 8 that reached its quorum', 23, 11, NULL),
(152, TIMESTAMP '2019-12-03 07:25:52.905', TIMESTAMP '2019-12-04 07:25:52.905', 'wEmr7x6O Lorem ipsum dolor sit amet, consectetur adipiscing elit, sed do eiusmod tempor incididunt ut labore et dolore magna aliqua. Ut enim ad minim veniam, quis nostrud exercitation ullamco laboris nisi ut aliquip ex ea commodo consequat. Duis aute irure dolor in reprehenderit in voluptate velit esse cillum dolore eu fugiat nulla pariatur. Excepteur sint occaecat cupidatat non proident, s', TIMESTAMP '2019-12-05 07:25:52.903', 1, 'Proposal 9 that reached its quorum', 30, 19, NULL),
(153, TIMESTAMP '2019-12-07 07:25:52.927', TIMESTAMP '2019-12-08 07:25:52.927', 'u5pNCx6U Lorem', TIMESTAMP '2019-12-09 07:25:52.925', 1, 'Proposal 10 that reached its quorum', 26, 13, NULL),
(154, TIMESTAMP '2019-11-30 07:25:52.948', TIMESTAMP '2019-12-01 07:25:52.948', '0B6Bg7VE Lorem ipsum dolor sit amet, consectetur adipiscing elit, sed do eiusmod tempor incididunt ut labore et dolore magna aliqua. Ut enim ad minim veniam, quis nostrud exercitation ullamco laboris nisi ut aliquip ex ea commodo consequat. ', TIMESTAMP '2019-12-09 07:25:52.946', 1, 'Proposal 11 that reached its quorum', 30, 17, NULL),
(155, TIMESTAMP '2019-12-06 07:25:52.971', TIMESTAMP '2019-12-07 07:25:52.972', 'LDZfTbqf Lorem ipsum dolor sit amet, consectetur adipiscing elit, sed do eiusmod tempor incididunt ut labore et dolore magna aliqua. Ut enim ad minim veniam, quis nostrud exercitation ullamco laboris nisi ut aliquip ex ea commodo consequat. Duis aute irure dolor in reprehenderit in voluptate velit esse cillu', TIMESTAMP '2019-12-09 07:25:52.969', 1, 'Proposal 12 that reached its quorum', 24, 17, NULL),
(156, TIMESTAMP '2019-12-02 07:25:52.996', TIMESTAMP '2019-12-03 07:25:52.996', 'PDBTPlaO Lorem ipsum dolor sit amet, consectetur adipiscing elit, sed do eiusmod tempor incididunt ut labore et dolore magna aliqua. Ut enim ad minim veniam, quis nostrud exercitation ullamco laboris nisi ut aliquip ex ea commodo consequat. Duis aute irure dolor in reprehenderit in voluptate velit esse cillum dolore eu fugiat nulla pariatur. Excepteur sint occaecat cupidatat non proident, sunt ', TIMESTAMP '2019-12-04 07:25:52.994', 1, 'Proposal 13 that reached its quorum', 25, 5, NULL),
(157, TIMESTAMP '2019-12-02 07:25:53.017', TIMESTAMP '2019-12-03 07:25:53.017', 'b7gvN3D3 Lorem ipsum dolor sit amet, consectetur adipiscing elit, sed do eiusmod tempor incididunt ut labore et dolore magna aliqua. Ut enim ad minim veniam, quis nostrud exercitation ullamco laboris nisi ut aliquip ex ea commodo consequat. Duis aute ', TIMESTAMP '2019-12-03 07:25:53.015', 1, 'Proposal 14 that reached its quorum', 25, 3, NULL);
INSERT INTO "PUBLIC"."LAWS" VALUES
(158, TIMESTAMP '2019-12-05 07:25:53.037', TIMESTAMP '2019-12-06 07:25:53.038', 'eeW5HseX Lorem ipsum dolor sit amet, consectetur adipiscing elit, sed do eiusmod tempor incididunt ut labore et dolore magna aliqua. Ut enim ad minim veniam, quis nostrud exercitation ullamco laboris nisi ut aliquip ex ea commodo consequat. Duis aute irure dolor in reprehenderit in voluptate v', TIMESTAMP '2019-12-07 07:25:53.036', 1, 'Proposal 15 that reached its quorum', 25, 17, NULL),
(159, TIMESTAMP '2019-12-06 07:25:53.054', TIMESTAMP '2019-12-07 07:25:53.055', 'a8WdeyM4 Lorem ipsum dolor sit amet, consectetur adipiscing elit, sed do eiusmod tempor i', TIMESTAMP '2019-12-07 07:25:53.053', 1, 'Proposal 16 that reached its quorum', 29, 2, NULL),
(160, TIMESTAMP '2019-12-08 07:25:53.071', TIMESTAMP '2019-12-09 07:25:53.071', 'v2TyeUXz Lorem ipsum dolor sit amet, consectetur adipiscing elit, sed do eiusmod tempor incididunt ut labore et dol', TIMESTAMP '2019-12-09 07:25:53.069', 1, 'Proposal 17 that reached its quorum', 26, 20, NULL),
(161, TIMESTAMP '2019-12-01 07:25:53.087', TIMESTAMP '2019-12-02 07:25:53.088', 'VdG8tT8m Lorem ipsum dolor sit amet, consectetur adipiscing elit, sed do eiusmod tempor incididunt ut labore et dolore magna aliqua. Ut enim ad ', TIMESTAMP '2019-12-04 07:25:53.085', 1, 'Proposal 18 that reached its quorum', 23, 11, NULL),
(162, TIMESTAMP '2019-12-02 07:25:53.104', TIMESTAMP '2019-12-03 07:25:53.104', 'ZSfdRpeZ Lorem ipsum dolor sit amet, consectetur adipiscing elit, sed do eiusmod tem', TIMESTAMP '2019-12-08 07:25:53.103', 1, 'Proposal 19 that reached its quorum', 27, 2, NULL),
(163, TIMESTAMP '2019-12-05 07:25:53.124', TIMESTAMP '2019-12-06 07:25:53.124', 'TRorzcGR Lorem ipsum dolor sit amet, consectetur adipiscing elit, sed do eiusmod tempor incididunt ut labore et dolore magna aliqua. Ut enim ad minim veniam, quis nostrud exercitati', TIMESTAMP '2019-12-06 07:25:53.122', 1, 'Proposal 20 that reached its quorum', 27, 2, NULL),
(164, TIMESTAMP '2019-12-04 07:25:53.142', TIMESTAMP '2019-12-05 07:25:53.142', 'mZSKGaXd Lorem ipsum dolor sit amet, consectetur adipiscing elit, sed do eiusmod tempor incididunt ut labore et dolore magna aliqua. Ut enim ad minim veniam, quis nostrud exercitation ullamco laboris nisi ut aliquip ex ea commodo cons', TIMESTAMP '2019-12-09 07:25:53.141', 1, 'Proposal 21 that reached its quorum', 30, 7, NULL),
(165, TIMESTAMP '2019-12-05 07:25:53.162', TIMESTAMP '2019-12-06 07:25:53.163', 'FpXr4PNM Lorem ipsum dolor sit amet, consectetur adipiscing elit, sed do eiusmod tempor incididunt ut labore et dolore magna aliqua. Ut enim ad minim veniam, quis nostrud exercitation ullamco laboris nisi ut aliquip ex ea', TIMESTAMP '2019-12-07 07:25:53.16', 1, 'Proposal 22 that reached its quorum', 22, 9, NULL),
(166, TIMESTAMP '2019-12-05 07:25:53.181', TIMESTAMP '2019-12-06 07:25:53.181', 'xwchBBvn Lorem ipsum dolor sit amet, consectetur adipiscing elit, sed do eiusmod tempor incididunt ut labore et dolore magna aliqua. Ut enim ad minim veniam, quis nostrud exercitation ullamco laboris nisi ut aliquip ex ea commodo consequat. Duis aute irure dolor in reprehenderit in voluptate velit esse cillum dolore eu fugiat n', TIMESTAMP '2019-12-06 07:25:53.179', 1, 'Proposal 23 that reached its quorum', 26, 11, NULL),
(167, TIMESTAMP '2019-12-08 07:25:53.196', TIMESTAMP '2019-12-09 07:25:53.196', 'YOCdSXNh Lorem ipsum dolor sit amet, consectetur adipiscing elit, sed do eiusmod tempor incididunt ut labore et dolore magna aliqua. Ut enim ad minim veniam, quis nostrud exercitation ullamco laboris nisi ut aliquip ex ea commodo consequat. Duis aute irure dolor in reprehenderit in voluptate velit esse cillum dolore eu fugiat nulla pariatur. Excepteur sint occaecat cupidat', TIMESTAMP '2019-12-09 07:25:53.194', 1, 'Proposal 24 that reached its quorum', 22, 16, NULL),
(168, TIMESTAMP '2019-12-08 07:25:53.211', TIMESTAMP '2019-12-09 07:25:53.211', 'LO92lftr Lorem ipsum dolor sit amet, consectetur adipiscing elit, sed do eiusmod tempor incididunt ut labore et dolore magna aliqua. Ut enim ad minim', TIMESTAMP '2019-12-09 07:25:53.209', 1, 'Proposal 25 that reached its quorum', 24, 14, NULL);
INSERT INTO "PUBLIC"."LAWS" VALUES
(169, TIMESTAMP '2019-12-04 07:25:53.228', TIMESTAMP '2019-12-05 07:25:53.228', 'q6awvpCY Lorem ipsum dolor sit amet, consectetur adipiscing elit, sed do eiusmod tempor incididunt ut labore et dolore magna aliqua. Ut enim ad minim veniam, quis nostrud exercitation ullamco laboris nisi ut aliquip ex ea commodo consequat. Duis aute irure dolor in reprehenderit in', TIMESTAMP '2019-12-07 07:25:53.226', 1, 'Proposal 26 that reached its quorum', 22, 4, NULL),
(170, TIMESTAMP '2019-12-07 07:25:53.258', TIMESTAMP '2019-12-08 07:25:53.258', 's3FH0rnf Lorem ip', TIMESTAMP '2019-12-09 07:25:53.255', 1, 'Proposal 27 that reached its quorum', 27, 3, NULL),
(171, TIMESTAMP '2019-12-05 07:25:53.281', TIMESTAMP '2019-12-06 07:25:53.281', 'tGZp9c8C Lorem ipsum dolor sit amet, consectetur adipiscing elit, sed do eiusmod tempor incididunt ut labore et dolore magna aliqua. Ut enim ad minim veniam, quis nostrud exercitation ullam', TIMESTAMP '2019-12-06 07:25:53.278', 1, 'Proposal 28 that reached its quorum', 22, 3, NULL),
(172, TIMESTAMP '2019-11-30 07:25:53.301', TIMESTAMP '2019-12-01 07:25:53.302', 'fCQ7AO9A Lorem ipsum dolor sit amet, consectetur adipiscing elit, sed do eiusmod tempor incididunt ut labore et dolore magna aliqua. Ut enim ad minim veniam, quis nostrud exercitation ullamco laboris nisi ut a', TIMESTAMP '2019-12-08 07:25:53.3', 1, 'Proposal 29 that reached its quorum', 25, 18, NULL),
(173, TIMESTAMP '2019-12-01 07:25:53.318', TIMESTAMP '2019-12-02 07:25:53.318', '39hqXmSW Lorem ipsum dolor sit amet, consectetur adipiscing elit, sed do eiusmod tempor incididunt ut labore et dolore magna aliqua. Ut enim ad minim veniam, quis nostrud exercitation ullamco laboris nisi ut aliquip ex ea commodo consequat. Duis aute irure dolor in reprehenderit in voluptate velit esse cillum dolore eu fugiat nulla pariatur. Excepteur sint occaecat cupidatat non', TIMESTAMP '2019-12-02 07:25:53.316', 1, 'Proposal 30 that reached its quorum', 31, 13, NULL),
(174, TIMESTAMP '2019-12-01 07:25:53.333', TIMESTAMP '2019-12-02 07:25:53.333', '27SQ4hN2 Lorem ipsum dolor sit amet, consectetur adipiscing elit, sed do eiusmod tempor incididunt ut labore et dolore magna aliqua. Ut enim ad minim veniam, quis nostrud exercitation ullamco laboris nisi ut', TIMESTAMP '2019-12-08 07:25:53.332', 1, 'Proposal 31 that reached its quorum', 29, 9, NULL),
(175, TIMESTAMP '2019-12-09 07:25:53.351', TIMESTAMP '2019-12-09 07:25:53.351', 'PanuR7Tq Lorem ipsum dolor sit amet, consectetur adipiscing elit, sed do eiusmod tempor incididunt ut labore et dolore magna aliqua. Ut enim ad minim veniam, quis nostrud exercitation ullamco laboris nisi ut aliquip ex ea commodo consequat. Duis aute irure dolor in repreh', TIMESTAMP '2019-12-09 07:25:53.349', 1, 'Proposal 32 that reached its quorum', 29, 10, NULL),
(176, TIMESTAMP '2019-12-08 07:25:53.376', TIMESTAMP '2019-12-09 07:25:53.376', 'QolBwaSA Lorem ipsum dolor sit amet, consectetur adipiscing elit, sed do eiusmod tempor incididunt ut labore et dolore magna aliqua. Ut enim ad minim veniam, quis nostrud exercitation ullamco laboris nisi ut aliquip ex ea commodo consequat. Duis aute irure dolor in reprehenderit in voluptate velit esse cillum dolore eu fugiat nulla pariatur. Excepteur sint occaecat cupi', TIMESTAMP '2019-12-09 07:25:53.373', 1, 'Proposal 33 that reached its quorum', 22, 4, NULL),
(177, TIMESTAMP '2019-12-09 07:25:53.405', TIMESTAMP '2019-12-09 07:25:53.405', 'uQAAQxq2 Lorem ipsum dolor sit amet, consectetur adipiscing elit, sed do eiusmod tempor incididunt ut labore et dolore magna aliqua. Ut enim ad minim veniam, quis nostrud exercitation ullamco laboris nisi ut aliquip ex ea commodo consequat. Duis aute ', TIMESTAMP '2019-12-09 07:25:53.402', 1, 'Proposal 34 that reached its quorum', 26, 17, NULL),
(178, TIMESTAMP '2019-12-08 07:25:53.432', TIMESTAMP '2019-12-09 07:25:53.432', '4O3mwgSV Lorem ipsum dolor sit amet, consectetur adipiscing elit, sed do eiusmod tempor incididunt ut labore et dolore magna aliqua. Ut enim ad minim veniam, quis nostrud exercitation ullam', TIMESTAMP '2019-12-09 07:25:53.429', 1, 'Proposal 35 that reached its quorum', 30, 6, NULL);
INSERT INTO "PUBLIC"."LAWS" VALUES
(179, TIMESTAMP '2019-12-02 07:25:53.456', TIMESTAMP '2019-12-03 07:25:53.456', 'bUsAscKL Lorem ipsum dolor sit amet, consectetur adipiscing elit, sed do eiusmod tempor incididunt ut labore et dolore magna aliqua. Ut enim ad minim veniam, quis nostrud exercitation ullamco laboris nisi ut aliquip ex ea commodo consequat. Duis aute irure dolor in reprehenderit in voluptate velit esse cillum dolore eu fugiat nulla pariatur. Excepteur sint occaecat cupidatat non proident, sun', TIMESTAMP '2019-12-07 07:25:53.453', 1, 'Proposal 36 that reached its quorum', 23, 12, NULL),
(180, TIMESTAMP '2019-12-07 07:25:53.481', TIMESTAMP '2019-12-08 07:25:53.481', 'gEDGhELM Lorem ipsum dolor sit amet, consectetur adipiscing elit, sed do eiusmo', TIMESTAMP '2019-12-08 07:25:53.478', 1, 'Proposal 37 that reached its quorum', 29, 17, NULL),
(181, TIMESTAMP '2019-12-02 07:25:53.504', TIMESTAMP '2019-12-03 07:25:53.504', 'GA6rUMOz Lorem ipsum dolor sit amet, consectetur adipiscing elit, sed do eiusmod tempor incididunt ut labore et dolore magna aliqua. Ut enim ad minim veniam, quis nostrud exercitation ullamco laboris nisi ut aliquip ex ea commodo consequat. Duis aute irure dolor in reprehenderit in voluptate velit ', TIMESTAMP '2019-12-05 07:25:53.502', 1, 'Proposal 38 that reached its quorum', 22, 11, NULL),
(182, TIMESTAMP '2019-12-05 07:25:53.527', TIMESTAMP '2019-12-06 07:25:53.528', 'kgKXHrLv Lorem ipsum dolor sit amet, consectetur adipiscing elit, sed do eiusmod tempor incididunt ut labore et dolore magna aliqua. Ut enim ad minim veniam, quis nostrud exercitation ullamco laboris nisi ut aliquip ex ea commodo consequat. Duis aute irure dolor in reprehenderit in voluptate velit esse cillum dolor', TIMESTAMP '2019-12-06 07:25:53.525', 1, 'Proposal 39 that reached its quorum', 28, 19, NULL),
(183, TIMESTAMP '2019-11-30 07:25:53.55', TIMESTAMP '2019-12-01 07:25:53.55', 'U8Xwwgsp Lorem ipsum dolor sit amet, consectetur adipiscing elit, sed do eiusmod tempor incididunt ut labore et dolore magna aliqua. Ut enim ad minim veniam, quis nostrud exercitation u', TIMESTAMP '2019-12-09 07:25:53.548', 1, 'Proposal 40 that reached its quorum', 25, 14, NULL),
(184, TIMESTAMP '2019-12-05 07:25:53.568', TIMESTAMP '2019-12-06 07:25:53.568', 'kmYTNGKQ Lorem ipsum dolor sit amet, consectetur adipiscing elit, sed do eiusmod tempor incididunt ut labore et dolore magna aliqua. Ut enim ad minim veniam, quis nostrud exercitation ullamco laboris nisi ut aliquip ex ea commodo consequat. Duis aute irure ', TIMESTAMP '2019-12-08 07:25:53.566', 1, 'Proposal 41 that reached its quorum', 30, 15, NULL),
(185, TIMESTAMP '2019-12-06 07:25:53.588', TIMESTAMP '2019-12-07 07:25:53.588', 'Az9AByYo Lorem ipsum dolor sit amet, consectetur adi', TIMESTAMP '2019-12-08 07:25:53.585', 1, 'Proposal 42 that reached its quorum', 25, 11, NULL),
(186, TIMESTAMP '2019-11-30 07:25:53.614', TIMESTAMP '2019-12-01 07:25:53.614', 'Sk0HkqHZ Lorem ipsum dolor ', TIMESTAMP '2019-12-07 07:25:53.611', 1, 'Proposal 43 that reached its quorum', 22, 2, NULL),
(187, TIMESTAMP '2019-11-30 07:25:53.641', TIMESTAMP '2019-12-01 07:25:53.641', '6Zo0dKKK Lorem ipsum dolor sit amet, consectetur adipiscing elit, sed do eius', TIMESTAMP '2019-12-04 07:25:53.638', 1, 'Proposal 44 that reached its quorum', 24, 8, NULL),
(188, TIMESTAMP '2019-12-09 07:25:53.668', TIMESTAMP '2019-12-09 07:25:53.669', 'Ff7RHzZB Lorem ipsum dolor sit amet, consectetur adipiscing elit, sed do eiusmod tempor in', TIMESTAMP '2019-12-09 07:25:53.667', 1, 'Proposal 45 that reached its quorum', 26, 17, NULL),
(189, TIMESTAMP '2019-12-01 07:25:53.691', TIMESTAMP '2019-12-02 07:25:53.691', 'ggNckynB Lorem ipsum dolor sit amet, consectetur adipiscing elit, sed do eiusmod tempor incididunt ut labore et dolore magna aliqua. Ut enim ad minim veniam, quis nostrud exercitation ullamco laboris ', TIMESTAMP '2019-12-06 07:25:53.689', 1, 'Proposal 46 that reached its quorum', 27, 15, NULL),
(190, TIMESTAMP '2019-12-04 07:25:53.716', TIMESTAMP '2019-12-05 07:25:53.716', 'vDnD8yxD Lorem ipsum dolor sit amet, consectetur adipiscing elit, sed do eiusmod tempor incididu', TIMESTAMP '2019-12-08 07:25:53.713', 1, 'Proposal 47 that reached its quorum', 26, 8, NULL);
INSERT INTO "PUBLIC"."LAWS" VALUES
(191, TIMESTAMP '2019-12-09 07:25:53.741', TIMESTAMP '2019-12-09 07:25:53.741', 'SbrUnwtX Lorem ipsum dolor ', TIMESTAMP '2019-12-09 07:25:53.739', 1, 'Proposal 48 that reached its quorum', 22, 13, NULL),
(192, TIMESTAMP '2019-12-01 07:25:53.767', TIMESTAMP '2019-12-02 07:25:53.768', 'KEQBuKgY Lorem ipsum dolor sit amet, consectetur adipiscing elit, sed do eiusmod tempor incididunt ut labore et dolore ma', TIMESTAMP '2019-12-08 07:25:53.765', 1, 'Proposal 49 that reached its quorum', 28, 15, NULL),
(193, TIMESTAMP '2019-12-03 07:25:53.791', TIMESTAMP '2019-12-04 07:25:53.791', 'Lorem ipsum dolor sit amet, consectetur adipiscing elit, sed do eiusmod tempor incididunt ut labore et dolore magna aliqua. Ut enim ad minim veniam, quis nostrud exercitation ullamco laboris nisi ut aliquip ex ea commodo consequat. Duis aute irure dolor in re', TIMESTAMP '2019-12-07 07:25:53.788', 1, 'Proposal 0 for user testuser1@liquido.de', 28, 1, NULL),
(197, TIMESTAMP '2019-12-09 07:25:53.833', TIMESTAMP '2019-12-09 07:25:53.833', 'Lorem ipsum dolor sit amet, consectetur adipiscing elit, sed do eiusmod tempor incididunt ut labore et dolore magna aliqua. Ut enim ad minim veniam, quis nostrud exercitation ullamco laboris nisi ut aliquip ex ea commodo consequat. Duis aute irure dolor in reprehenderit in voluptate velit esse cillum dolore eu fugiat nulla pariatur. Excepteur sint occaecat cupida', TIMESTAMP '2019-12-09 07:25:53.83', 1, 'Proposal 1 for user testuser1@liquido.de', 29, 1, NULL),
(202, TIMESTAMP '2019-12-09 07:25:53.868', TIMESTAMP '2019-12-09 07:25:53.882', 'Lorem ipsum dolor sit amet, consectetur adipiscing elit, sed do eiusmod tempor incididunt ut labore et dolore magna aliqua. Ut enim ad minim veniam, quis nostrud exercitation ullamco laboris nisi ut aliquip ex ea commodo consequat. Duis aute irure dolor in reprehenderit in voluptate velit esse cillum dolore eu fugiat null', TIMESTAMP '2019-12-09 07:25:53.865', 1, 'Proposal 2 for user testuser1@liquido.de', 29, 1, NULL),
(207, TIMESTAMP '2019-12-02 07:25:53.908', TIMESTAMP '2019-12-03 07:25:53.908', 'Lorem ipsum dolor sit amet, consectetur adipiscing elit, sed do eiusmod tempor incididunt ut labore et dolore magna ali', TIMESTAMP '2019-12-06 07:25:53.905', 1, 'Proposal 3 for user testuser1@liquido.de', 27, 1, NULL),
(211, TIMESTAMP '2019-12-03 07:25:53.942', TIMESTAMP '2019-12-04 07:25:53.942', 'Lorem ipsum dolor sit amet, consectetur adipiscing elit, sed do eiusmod tempor incididunt ut labore et dolore magna aliqua. Ut enim ad minim veniam, quis nostrud exercitation ullamco laboris nisi ut aliquip ex ea commodo consequat. Duis aute irure dolor in reprehenderit in voluptate velit es', TIMESTAMP '2019-12-06 07:25:53.94', 1, 'Proposal 4 for user testuser1@liquido.de', 25, 1, NULL),
(228, TIMESTAMP '2019-11-29 07:26:01.601', TIMESTAMP '2019-12-09 07:26:01.626', 'Lorem ipsum dolor sit amet, consectetur adipiscing elit, sed do eiusmod tempor incididunt ut labore et dolore magna aliqua. Ut enim ad minim veniam, quis nost', TIMESTAMP '2019-12-02 07:26:01.599', 2, 'Initial Proposal in a poll that is in elaboration 1575872761588', 22, 13, 232),
(233, TIMESTAMP '2019-11-19 07:26:01.643', TIMESTAMP '2019-12-09 07:26:01.663', 'Lorem ipsum dolor sit amet, consectetur adipiscing elit, sed do eiusmod tempor incididunt ut labore et dolore magna aliqua. Ut enim ad minim veniam, quis nostrud exercitation ullamco laboris nisi ut aliquip ex ea commodo consequ', TIMESTAMP '2019-11-21 07:26:01.64', 2, 'Alternative Proposal1 in a poll that is in elaboration1575872761627', 22, 15, 232),
(237, TIMESTAMP '2019-11-19 07:26:01.687', TIMESTAMP '2019-12-09 07:26:01.701', 'Lorem ipsum dolor sit amet, consectetur adipiscing elit, sed do eiusmod tempor incididunt ut labore et dolore magna aliqua. Ut enim ad minim veniam, quis nostrud exercitation ullamco laboris nisi ut aliquip ex ea commodo consequat. Duis aute irure dolor in reprehenderit in vol', TIMESTAMP '2019-11-21 07:26:01.686', 2, 'Alternative Proposal2 in a poll that is in elaboration1575872761665', 22, 7, 232),
(242, TIMESTAMP '2019-11-19 07:26:01.722', TIMESTAMP '2019-12-09 07:26:01.739', 'Lorem ipsum dolor sit amet, consectetur adipiscing elit, sed do eiusmod tempor incididunt ut labore et dolore magna aliqua. Ut enim ad minim veniam, quis nostrud exercitation ullamco laboris nisi ut aliquip ex ea commodo consequat. Duis aute irure dolor in reprehenderit in voluptate velit esse cillum dolore eu fugiat nulla pariatur. Excepteur sint oc', TIMESTAMP '2019-11-21 07:26:01.72', 2, 'Alternative Proposal3 in a poll that is in elaboration1575872761702', 22, 3, 232);
INSERT INTO "PUBLIC"."LAWS" VALUES
(247, TIMESTAMP '2019-11-19 07:26:01.76', TIMESTAMP '2019-12-09 07:26:01.777', 'Lorem ipsum dolor sit amet, consectetur adipiscing elit, sed do eiusmod tempor incididunt ut labore et dolore magna aliqua. Ut enim ad minim veniam, quis nostrud exercitation ullamco laboris nisi ut aliquip ex ea commodo consequat. Duis aute irure dolor in reprehenderit in voluptate vel', TIMESTAMP '2019-11-21 07:26:01.758', 2, 'Alternative Proposal4 in a poll that is in elaboration1575872761739', 22, 5, 232),
(254, TIMESTAMP '2019-11-29 07:26:01.798', TIMESTAMP '2019-12-09 07:26:02.008', 'Lorem ipsum dolor sit amet, consectetur adipiscing elit, sed do eiusmod tempor incididunt ut labore et dolore magna aliqua. Ut enim ad minim veniam, quis nostrud exercitation ullamco laboris nisi ut aliquip ex ea commodo consequat. Duis aute irure dolor in reprehenderit i', TIMESTAMP '2019-12-02 07:26:01.796', 3, 'Proposal 4 in voting phase 1575872761980', 22, 13, 262),
(263, TIMESTAMP '2019-11-19 07:26:01.841', TIMESTAMP '2019-12-09 07:26:02.009', 'Lorem ipsum dolor sit amet, consectetur adipiscing elit, sed do eiusmod tempor incididunt ut labore et dolore magna aliqua. Ut enim ad minim veniam, quis nostrud exercitation ullamco laboris nisi ut aliquip ex ea commodo consequat. Duis aute irure dolor in reprehenderit in voluptate velit esse cillum dolore eu fugiat nulla', TIMESTAMP '2019-11-21 07:26:01.84', 3, 'Proposal 5 in voting phase 1575872761980', 22, 15, 262),
(269, TIMESTAMP '2019-11-19 07:26:01.872', TIMESTAMP '2019-12-09 07:26:02.01', 'Lorem ipsum dolor sit amet, consectetur adipiscing elit, sed do eiusmod tempor incididunt ut labore et dolore magna aliqua. ', TIMESTAMP '2019-11-21 07:26:01.87', 3, 'Proposal 1 in voting phase 1575872761980', 22, 7, 262),
(275, TIMESTAMP '2019-11-19 07:26:01.915', TIMESTAMP '2019-12-09 07:26:02.01', 'Lorem ipsum dolor sit amet, consectetur adipiscing elit, sed do eiusmod tempor incididunt ut labore et dolore magna aliqua. Ut enim ad minim veniam, quis nostrud exercitation ullam', TIMESTAMP '2019-11-21 07:26:01.912', 3, 'Proposal 3 in voting phase 1575872761980', 22, 3, 262),
(281, TIMESTAMP '2019-11-19 07:26:01.958', TIMESTAMP '2019-12-09 07:26:02.01', 'Lorem ipsum dolor sit amet, consectetur adipiscing elit, sed do eiusmod tempor incididunt ut labore et dolore magna aliqua. Ut enim ad minim veniam, quis nostrud exercitation ullamco laboris nisi ut aliquip ex ea commodo consequat. Duis aute irure dolor in reprehenderit in voluptate velit esse cillum dolore eu fugiat nulla pariatur. ', TIMESTAMP '2019-11-21 07:26:01.955', 3, 'Proposal 2 in voting phase 1575872761980', 22, 5, 262),
(287, TIMESTAMP '2019-11-29 07:26:02.027', TIMESTAMP '2019-12-09 07:26:02.215', 'Lorem ipsum dolor sit amet, consectetur adipiscing elit, sed do eiusmod tempor incididunt ut labore et dolore magna aliqua. Ut enim ad minim veniam, quis nostrud exercitation ullamco laboris nisi ut aliquip ex ea commodo consequat. Duis ', TIMESTAMP '2019-12-02 07:26:02.026', 3, 'Proposal 2 in voting phase 1575872762186', 22, 13, 294),
(295, TIMESTAMP '2019-11-19 07:26:02.06', TIMESTAMP '2019-12-09 07:26:02.216', 'Lorem ipsum dolor sit amet, consectetur adipiscing elit, sed do eiusmod tempor incididunt ut labore et dolore magna aliqua. Ut enim ad minim veniam, quis nostrud exercitation ullamco laboris nisi ut aliquip ex ea commodo consequat. Duis aute irure dolor in reprehenderit in voluptate velit esse cillum dolore eu fug', TIMESTAMP '2019-11-21 07:26:02.058', 3, 'Proposal 3 in voting phase 1575872762186', 22, 15, 294),
(300, TIMESTAMP '2019-11-19 07:26:02.093', TIMESTAMP '2019-12-09 07:26:02.216', 'Lorem ipsum dolor sit amet, consectetur adipiscing elit, sed do eiusmod tempor incididunt ut labore et dolore magna aliqua. Ut enim ad minim veniam, quis nostrud exercitation ullamco laboris nisi ut aliquip ex ea commodo consequat. Duis aute irure dolor in reprehenderit in voluptate ', TIMESTAMP '2019-11-21 07:26:02.092', 3, 'Proposal 4 in voting phase 1575872762186', 22, 7, 294),
(304, TIMESTAMP '2019-11-19 07:26:02.135', TIMESTAMP '2019-12-09 07:26:02.216', 'Lorem ipsum dolor sit amet, consectetur adipiscing elit, sed do eiusmod tempor incididunt ut labore et dolore magna aliqua. Ut enim ad minim veniam, quis nostrud exercitation ullamco laboris nisi ut aliquip ex ea commodo consequat. Duis aute irure dolor in reprehenderit in voluptate velit esse cillum dolore eu fugiat nulla pariatur. Excepteur sint occae', TIMESTAMP '2019-11-21 07:26:02.134', 3, 'Proposal 1 in voting phase 1575872762186', 22, 3, 294);
INSERT INTO "PUBLIC"."LAWS" VALUES
(312, TIMESTAMP '2019-11-19 07:26:02.165', TIMESTAMP '2019-12-09 07:26:02.217', 'Lorem ipsum dolor sit amet, consectetur adipiscing elit, sed do eiusmod tempor incididunt ut labore et dolore magna aliqua. Ut enim ad minim veniam, quis nostrud exercitation ullamco laboris nisi ut aliquip ex ea commodo consequat. Duis aute irure dolor in reprehenderit in voluptate velit esse cillum dolore eu fugiat nulla pariatur. Excepteur sint occaecat cupida', TIMESTAMP '2019-11-21 07:26:02.164', 3, 'Proposal 5 in voting phase 1575872762186', 22, 5, 294),
(338, TIMESTAMP '2019-11-29 07:26:10.425', TIMESTAMP '2019-12-09 07:26:15.967', 'Lorem ipsum dolor sit amet, consectetur adipiscing elit, sed do eiusmod tempor incididunt ut labore et ', TIMESTAMP '2019-12-02 07:26:10.423', 5, 'Proposal 4 in voting phase 1575872770624', 22, 13, 343),
(344, TIMESTAMP '2019-11-19 07:26:10.461', TIMESTAMP '2019-12-09 07:26:15.968', 'Lorem ipsum dolor sit amet, consectetur adipiscing elit, sed do eiusmod tempor incididunt ut labore et dolore magna ', TIMESTAMP '2019-11-21 07:26:10.459', 5, 'Proposal 3 in voting phase 1575872770624', 22, 15, 343),
(351, TIMESTAMP '2019-11-19 07:26:10.508', TIMESTAMP '2019-12-09 07:26:15.968', 'Lorem ipsum dolor sit amet, consectetur adipiscing elit, sed do eiusmod tempor incididunt ut labore et dolore magna aliqua. Ut enim ad minim veniam, quis nost', TIMESTAMP '2019-11-21 07:26:10.506', 5, 'Proposal 1 in voting phase 1575872770624', 22, 7, 343),
(359, TIMESTAMP '2019-11-19 07:26:10.554', TIMESTAMP '2019-12-09 07:26:15.976', 'Lorem ipsum dolor sit amet, consectetur adipiscing elit, sed do eiusmod tempor incididunt ut labore et dolore magna aliqua. Ut enim ad minim veniam, quis nostrud exercitation ullamco laboris nisi ut aliquip ex ea commodo consequat. Duis aute irure dolor in reprehenderit in ', TIMESTAMP '2019-11-21 07:26:10.552', 4, 'This winning Proposal is now a Law', 22, 3, 343),
(364, TIMESTAMP '2019-11-19 07:26:10.601', TIMESTAMP '2019-12-09 07:26:15.969', 'Lorem ipsum dolor sit amet, consectetur adipiscing elit, sed do eiusmod tempor incididunt ut labore et dolore magna aliqua. Ut enim ad minim veniam, quis nostrud exercitation ullamco laboris nisi ut aliquip ex ea commodo consequat. Duis aute irure dolor in reprehenderit in voluptate velit esse cillum dolore eu fugiat nu', TIMESTAMP '2019-11-21 07:26:10.597', 5, 'Proposal 2 in voting phase 1575872770624', 22, 5, 343),
(385, TIMESTAMP '2019-11-19 07:26:16.001', TIMESTAMP '2019-12-09 07:26:16.001', 'Lorem ipsum dolor sit amet, consectetur adipiscing elit, sed do eiusmod tempor incididunt ut labore et dolore magna aliqua. Ut enim ad minim', TIMESTAMP '2019-11-15 07:26:15.997', 4, 'Law 0', 22, 1, NULL),
(386, TIMESTAMP '2019-11-18 07:26:16.022', TIMESTAMP '2019-12-09 07:26:16.021', 'Lorem ipsum dolor sit amet, consectetur adipiscing elit, sed do eiusmod tempor incididunt ut labore et dolore magna aliqua. Ut enim ad minim veniam, quis nostrud exercitation ullamco laboris nisi ut aliquip ex ea commodo consequat. Duis aute irure dolor in reprehenderit in voluptate velit esse cillum dolore eu fugiat nulla pariatur. Excepteur sint o', TIMESTAMP '2019-11-15 07:26:16.019', 4, 'Law 1', 22, 1, NULL);
CREATE MEMORY TABLE "PUBLIC"."LAWS_COMMENTS"(
"LAW_MODEL_ID" BIGINT NOT NULL,
"COMMENTS_ID" BIGINT NOT NULL
);
ALTER TABLE "PUBLIC"."LAWS_COMMENTS" ADD CONSTRAINT "PUBLIC"."CONSTRAINT_A0" PRIMARY KEY("LAW_MODEL_ID", "COMMENTS_ID");
-- 25 +/- SELECT COUNT(*) FROM PUBLIC.LAWS_COMMENTS;
INSERT INTO "PUBLIC"."LAWS_COMMENTS" VALUES
(193, 194),
(197, 198),
(202, 203),
(207, 208),
(211, 212),
(228, 229),
(233, 234),
(237, 238),
(242, 243),
(247, 248),
(254, 255),
(263, 264),
(269, 270),
(275, 276),
(281, 282),
(287, 288),
(295, 296),
(300, 301),
(304, 305),
(312, 313),
(338, 339),
(344, 345),
(351, 352),
(359, 360),
(364, 365);
CREATE MEMORY TABLE "PUBLIC"."LAWS_SUPPORTERS"(
"LAW_MODEL_ID" BIGINT NOT NULL,
"SUPPORTERS_ID" BIGINT NOT NULL
);
ALTER TABLE "PUBLIC"."LAWS_SUPPORTERS" ADD CONSTRAINT "PUBLIC"."CONSTRAINT_C" PRIMARY KEY("LAW_MODEL_ID", "SUPPORTERS_ID");
-- 1233 +/- SELECT COUNT(*) FROM PUBLIC.LAWS_SUPPORTERS;
INSERT INTO "PUBLIC"."LAWS_SUPPORTERS" VALUES
(32, 12),
(32, 11),
(32, 10),
(32, 8),
(33, 17),
(33, 7),
(33, 20),
(33, 12),
(33, 13),
(33, 2),
(34, 14),
(34, 16),
(35, 14),
(35, 16),
(35, 18),
(35, 10),
(35, 13),
(35, 1),
(35, 6),
(36, 15),
(36, 13),
(36, 11),
(37, 1),
(37, 15),
(37, 2),
(37, 9),
(37, 16),
(37, 20),
(38, 10),
(38, 15),
(38, 2),
(38, 12),
(38, 20),
(38, 18),
(39, 15),
(39, 1),
(39, 17),
(39, 7),
(39, 12),
(39, 2),
(39, 16),
(39, 10),
(40, 20),
(40, 12),
(40, 3),
(40, 15),
(40, 1),
(40, 9),
(40, 4),
(41, 1),
(41, 3),
(41, 20),
(41, 9),
(41, 11),
(41, 2),
(41, 7),
(42, 19),
(42, 15),
(42, 20),
(42, 1),
(42, 16),
(42, 11),
(43, 5),
(43, 13),
(44, 9),
(44, 15),
(44, 16),
(44, 14),
(44, 7),
(44, 5),
(44, 1),
(45, 10),
(45, 16),
(45, 17),
(45, 20),
(45, 18),
(45, 14),
(46, 15),
(46, 11),
(47, 11),
(47, 13),
(47, 2),
(47, 15),
(48, 3),
(48, 19),
(48, 7),
(48, 14),
(48, 18),
(49, 13),
(49, 3),
(49, 2),
(49, 1),
(49, 14),
(50, 20),
(51, 12),
(51, 15),
(51, 1),
(53, 18),
(53, 7),
(53, 20),
(53, 12),
(53, 11),
(53, 14),
(54, 16),
(54, 8),
(54, 13),
(54, 14),
(54, 12),
(54, 7),
(54, 1),
(55, 18),
(55, 4),
(55, 10),
(55, 19),
(55, 1),
(55, 20),
(55, 7),
(56, 18),
(56, 20),
(56, 12),
(56, 3),
(56, 10),
(56, 9),
(56, 14),
(57, 6),
(57, 7),
(58, 6),
(59, 15),
(60, 3),
(60, 8),
(60, 18),
(60, 17),
(60, 20),
(60, 7),
(61, 2),
(61, 5),
(61, 3),
(61, 13),
(62, 7),
(62, 3),
(63, 19),
(64, 4),
(64, 20),
(64, 18),
(64, 8),
(64, 7),
(64, 5),
(64, 10),
(64, 13),
(65, 12),
(65, 20),
(65, 1),
(65, 18),
(66, 16),
(66, 8),
(66, 14),
(67, 20),
(67, 6),
(68, 2),
(68, 19),
(68, 3),
(68, 12),
(69, 17),
(69, 19),
(69, 11),
(69, 1),
(69, 20),
(69, 7),
(69, 16),
(70, 8),
(70, 2),
(71, 3),
(72, 12),
(72, 18),
(72, 10),
(72, 8),
(73, 8),
(73, 14),
(73, 4),
(74, 18),
(76, 20),
(76, 5),
(77, 4),
(77, 1),
(78, 9),
(79, 11),
(79, 15),
(79, 4),
(79, 13),
(79, 10),
(79, 1),
(80, 9),
(81, 7),
(81, 3),
(81, 20),
(82, 3),
(82, 16),
(82, 14),
(82, 13),
(82, 18),
(82, 5),
(82, 7),
(83, 6),
(83, 13),
(83, 12),
(84, 13),
(84, 14),
(84, 3),
(84, 19),
(85, 18),
(85, 4),
(85, 5),
(85, 15),
(87, 14),
(87, 9),
(87, 1),
(87, 5),
(87, 10),
(87, 7),
(87, 11),
(87, 8),
(88, 4),
(88, 18),
(88, 10),
(88, 19),
(89, 13),
(89, 1),
(89, 14),
(89, 9),
(89, 7),
(89, 10),
(90, 5),
(90, 6),
(90, 13),
(90, 3),
(90, 8),
(90, 19),
(91, 15),
(91, 19),
(91, 1),
(91, 13),
(91, 17),
(91, 7),
(91, 5),
(92, 16),
(92, 20),
(92, 3),
(92, 2),
(92, 12),
(92, 14),
(92, 18),
(93, 17),
(94, 13),
(94, 16),
(94, 9),
(94, 11),
(94, 17),
(94, 4),
(94, 12),
(95, 15),
(95, 3),
(95, 2),
(95, 16),
(95, 9),
(95, 7),
(95, 11),
(96, 19),
(97, 15),
(97, 1),
(97, 6),
(97, 4),
(97, 8),
(97, 7),
(97, 3),
(98, 2),
(99, 20),
(99, 9),
(99, 1),
(100, 2),
(100, 14),
(100, 1),
(100, 20),
(100, 13),
(100, 16),
(100, 10),
(101, 9),
(101, 6),
(101, 2),
(101, 13),
(101, 7),
(101, 14),
(101, 19),
(101, 3),
(102, 4),
(102, 3),
(102, 7),
(102, 6),
(102, 18),
(102, 10),
(102, 20),
(102, 8),
(103, 6),
(103, 7),
(103, 4),
(104, 8),
(104, 9),
(104, 15),
(104, 16),
(104, 2),
(104, 7),
(104, 13),
(104, 1),
(105, 5),
(105, 17),
(106, 4),
(106, 13),
(106, 8),
(106, 6),
(106, 12),
(106, 1),
(106, 17),
(107, 8),
(108, 14),
(108, 6),
(108, 2),
(108, 4),
(109, 19),
(109, 20),
(109, 10),
(109, 18),
(109, 12),
(109, 3),
(109, 7),
(111, 15),
(111, 4),
(111, 9),
(111, 7),
(112, 4),
(112, 16),
(112, 10),
(113, 17),
(113, 6),
(113, 16),
(114, 8),
(114, 14),
(114, 15),
(114, 2),
(115, 20),
(115, 2),
(115, 18),
(115, 19),
(116, 15),
(116, 20),
(116, 8),
(116, 14),
(116, 10),
(117, 10),
(117, 19),
(117, 9),
(118, 16),
(119, 6),
(119, 2),
(119, 11),
(119, 12),
(119, 20),
(119, 17),
(119, 4),
(119, 14),
(122, 4),
(122, 19),
(125, 19),
(126, 2),
(126, 5),
(126, 7),
(126, 10),
(126, 14),
(126, 1),
(126, 20),
(127, 13),
(127, 1),
(127, 8),
(127, 3),
(127, 16),
(128, 14),
(128, 12),
(128, 1),
(128, 15),
(128, 6),
(130, 1),
(130, 13),
(130, 10),
(130, 9),
(131, 20),
(131, 2),
(131, 17),
(132, 20),
(132, 12),
(132, 10),
(132, 15),
(133, 10),
(133, 18),
(133, 16),
(133, 13),
(133, 19),
(133, 4),
(133, 7),
(134, 3),
(134, 2),
(134, 16),
(134, 18),
(134, 10);
INSERT INTO "PUBLIC"."LAWS_SUPPORTERS" VALUES
(135, 16),
(135, 5),
(135, 20),
(135, 15),
(135, 4),
(135, 11),
(135, 3),
(135, 17),
(136, 5),
(136, 16),
(136, 7),
(136, 14),
(136, 13),
(136, 20),
(136, 2),
(137, 16),
(137, 13),
(137, 18),
(137, 14),
(137, 17),
(138, 8),
(139, 20),
(139, 15),
(139, 1),
(139, 4),
(139, 8),
(139, 6),
(140, 3),
(140, 10),
(140, 11),
(141, 16),
(141, 14),
(141, 3),
(141, 19),
(141, 4),
(142, 12),
(142, 8),
(142, 17),
(143, 6),
(143, 7),
(143, 19),
(143, 13),
(143, 5),
(143, 17),
(143, 14),
(143, 16),
(143, 12),
(143, 15),
(144, 10),
(144, 4),
(144, 1),
(144, 13),
(144, 5),
(144, 12),
(144, 7),
(144, 19),
(144, 6),
(144, 11),
(145, 5),
(145, 1),
(145, 6),
(145, 20),
(145, 17),
(145, 3),
(145, 18),
(145, 4),
(145, 8),
(145, 19),
(146, 12),
(146, 3),
(146, 4),
(146, 20),
(146, 2),
(146, 8),
(146, 7),
(146, 15),
(146, 11),
(146, 13),
(147, 8),
(147, 16),
(147, 11),
(147, 19),
(147, 10),
(147, 6),
(147, 17),
(147, 5),
(147, 12),
(147, 14),
(148, 8),
(148, 5),
(148, 1),
(148, 12),
(148, 6),
(148, 16),
(148, 20),
(148, 11),
(148, 17),
(148, 14),
(149, 13),
(149, 4),
(149, 15),
(149, 8),
(149, 10),
(149, 3),
(149, 19),
(149, 7),
(149, 11),
(149, 14),
(150, 8),
(150, 16),
(150, 12),
(150, 13),
(150, 2),
(150, 17),
(150, 6),
(150, 5),
(150, 14),
(150, 1),
(151, 8),
(151, 5),
(151, 9),
(151, 18),
(151, 10),
(151, 15),
(151, 13),
(151, 19),
(151, 17),
(151, 1),
(152, 16),
(152, 20),
(152, 8),
(152, 15),
(152, 4),
(152, 17),
(152, 1),
(152, 14),
(152, 12),
(152, 18),
(153, 11),
(153, 8),
(153, 7),
(153, 2),
(153, 20),
(153, 12),
(153, 18),
(153, 10),
(153, 4),
(153, 1),
(154, 13),
(154, 15),
(154, 11),
(154, 3),
(154, 4),
(154, 18),
(154, 20),
(154, 10),
(154, 1),
(154, 6),
(155, 8),
(155, 14),
(155, 7),
(155, 9),
(155, 3),
(155, 13),
(155, 5),
(155, 1),
(155, 11),
(155, 15),
(156, 9),
(156, 18),
(156, 1),
(156, 12),
(156, 17),
(156, 20),
(156, 6),
(156, 13),
(156, 7),
(156, 15),
(157, 15),
(157, 5),
(157, 17),
(157, 6),
(157, 1),
(157, 19),
(157, 14),
(157, 16),
(157, 18),
(157, 20),
(158, 3),
(158, 10),
(158, 6),
(158, 4),
(158, 14),
(158, 11),
(158, 13),
(158, 1),
(158, 19),
(158, 9),
(159, 13),
(159, 1),
(159, 10),
(159, 9),
(159, 14),
(159, 3),
(159, 7),
(159, 5),
(159, 20),
(159, 8),
(160, 2),
(160, 14),
(160, 10),
(160, 3),
(160, 19),
(160, 15),
(160, 8),
(160, 18),
(160, 9),
(160, 16),
(161, 17),
(161, 7),
(161, 12),
(161, 1),
(161, 20),
(161, 3),
(161, 4),
(161, 19),
(161, 2),
(161, 14),
(162, 6),
(162, 4),
(162, 20),
(162, 5),
(162, 8),
(162, 15),
(162, 19),
(162, 13),
(162, 1),
(162, 12),
(163, 12),
(163, 20),
(163, 9),
(163, 1),
(163, 13),
(163, 6),
(163, 19),
(163, 7),
(163, 16),
(163, 8),
(164, 18),
(164, 20),
(164, 10),
(164, 16),
(164, 19),
(164, 12),
(164, 1),
(164, 13),
(164, 11),
(164, 14),
(165, 3),
(165, 10),
(165, 17),
(165, 19),
(165, 16),
(165, 13),
(165, 2),
(165, 4),
(165, 11),
(165, 7),
(166, 7),
(166, 13),
(166, 15),
(166, 1),
(166, 20),
(166, 4),
(166, 2),
(166, 14),
(166, 5),
(166, 9),
(167, 12),
(167, 5),
(167, 3),
(167, 10),
(167, 19),
(167, 13),
(167, 9),
(167, 17),
(167, 15),
(167, 4),
(168, 11),
(168, 15),
(168, 12),
(168, 10),
(168, 6),
(168, 18),
(168, 19),
(168, 7),
(168, 13),
(168, 8),
(169, 3),
(169, 14),
(169, 20),
(169, 12),
(169, 13),
(169, 19),
(169, 15),
(169, 5),
(169, 6),
(169, 8),
(170, 10),
(170, 12),
(170, 19),
(170, 7),
(170, 8),
(170, 11),
(170, 16),
(170, 13),
(170, 17),
(170, 20),
(171, 18),
(171, 7),
(171, 9),
(171, 14),
(171, 20),
(171, 2),
(171, 11),
(171, 13),
(171, 10),
(171, 19),
(172, 2),
(172, 20),
(172, 14),
(172, 9),
(172, 13),
(172, 4),
(172, 16),
(172, 17),
(172, 6),
(172, 10),
(173, 4),
(173, 20),
(173, 11),
(173, 17),
(173, 8),
(173, 2),
(173, 14),
(173, 15),
(173, 18),
(173, 6),
(174, 18),
(174, 10),
(174, 16),
(174, 19),
(174, 20),
(174, 4),
(174, 17),
(174, 8),
(174, 14),
(174, 6),
(175, 13),
(175, 11),
(175, 12),
(175, 19),
(175, 5),
(175, 20),
(175, 7),
(175, 8),
(175, 14),
(175, 3),
(176, 17),
(176, 2),
(176, 18),
(176, 13),
(176, 5),
(176, 14),
(176, 9),
(176, 11),
(176, 6),
(176, 1),
(177, 5),
(177, 4),
(177, 10),
(177, 16),
(177, 14);
INSERT INTO "PUBLIC"."LAWS_SUPPORTERS" VALUES
(177, 11),
(177, 15),
(177, 18),
(177, 8),
(177, 20),
(178, 3),
(178, 15),
(178, 11),
(178, 14),
(178, 20),
(178, 7),
(178, 4),
(178, 10),
(178, 16),
(178, 9),
(179, 5),
(179, 1),
(179, 20),
(179, 10),
(179, 3),
(179, 19),
(179, 4),
(179, 2),
(179, 8),
(179, 9),
(180, 8),
(180, 20),
(180, 16),
(180, 14),
(180, 5),
(180, 3),
(180, 4),
(180, 7),
(180, 9),
(180, 2),
(181, 14),
(181, 4),
(181, 15),
(181, 2),
(181, 13),
(181, 9),
(181, 8),
(181, 20),
(181, 17),
(181, 19),
(182, 11),
(182, 15),
(182, 3),
(182, 6),
(182, 7),
(182, 5),
(182, 20),
(182, 4),
(182, 2),
(182, 12),
(183, 9),
(183, 18),
(183, 16),
(183, 3),
(183, 8),
(183, 5),
(183, 17),
(183, 1),
(183, 19),
(183, 15),
(184, 6),
(184, 3),
(184, 1),
(184, 16),
(184, 14),
(184, 5),
(184, 11),
(184, 12),
(184, 7),
(184, 9),
(185, 7),
(185, 16),
(185, 20),
(185, 13),
(185, 8),
(185, 14),
(185, 17),
(185, 15),
(185, 18),
(185, 3),
(186, 19),
(186, 20),
(186, 16),
(186, 10),
(186, 8),
(186, 7),
(186, 1),
(186, 14),
(186, 15),
(186, 4),
(187, 1),
(187, 12),
(187, 14),
(187, 18),
(187, 9),
(187, 2),
(187, 20),
(187, 17),
(187, 11),
(187, 3),
(188, 2),
(188, 11),
(188, 6),
(188, 18),
(188, 8),
(188, 16),
(188, 15),
(188, 5),
(188, 14),
(188, 13),
(189, 10),
(189, 9),
(189, 17),
(189, 5),
(189, 18),
(189, 13),
(189, 2),
(189, 7),
(189, 1),
(189, 19),
(190, 14),
(190, 6),
(190, 16),
(190, 12),
(190, 4),
(190, 1),
(190, 19),
(190, 7),
(190, 3),
(190, 15),
(191, 2),
(191, 20),
(191, 12),
(191, 7),
(191, 17),
(191, 15),
(191, 8),
(191, 19),
(191, 10),
(191, 3),
(192, 16),
(192, 1),
(192, 13),
(192, 18),
(192, 2),
(192, 8),
(192, 11),
(192, 9),
(192, 12),
(192, 20),
(193, 18),
(193, 17),
(193, 14),
(193, 5),
(193, 7),
(193, 2),
(193, 19),
(193, 8),
(193, 20),
(193, 15),
(197, 5),
(197, 11),
(197, 9),
(197, 7),
(197, 17),
(197, 8),
(197, 4),
(197, 6),
(197, 19),
(197, 2),
(202, 9),
(202, 18),
(202, 5),
(202, 14),
(202, 19),
(202, 16),
(202, 7),
(202, 13),
(202, 10),
(202, 8),
(207, 3),
(207, 13),
(207, 4),
(207, 12),
(207, 18),
(207, 15),
(207, 17),
(207, 8),
(207, 14),
(207, 20),
(211, 3),
(211, 6),
(211, 11),
(211, 13),
(211, 20),
(211, 10),
(211, 12),
(211, 14),
(211, 2),
(211, 7),
(228, 8),
(228, 18),
(228, 2),
(228, 19),
(228, 16),
(228, 3),
(228, 12),
(228, 5),
(228, 14),
(228, 15),
(233, 4),
(233, 19),
(233, 16),
(233, 5),
(233, 20),
(233, 13),
(233, 12),
(233, 7),
(233, 10),
(233, 3),
(237, 15),
(237, 3),
(237, 11),
(237, 8),
(237, 18),
(237, 1),
(237, 13),
(237, 20),
(237, 16),
(237, 10),
(242, 2),
(242, 18),
(242, 6),
(242, 17),
(242, 4),
(242, 8),
(242, 11),
(242, 19),
(242, 16),
(242, 15),
(247, 2),
(247, 7),
(247, 1),
(247, 15),
(247, 14),
(247, 8),
(247, 19),
(247, 12),
(247, 16),
(247, 11),
(254, 9),
(254, 2),
(254, 12),
(254, 10),
(254, 20),
(254, 1),
(254, 4),
(254, 5),
(254, 18),
(254, 3),
(263, 2),
(263, 5),
(263, 11),
(263, 20),
(263, 18),
(263, 8),
(263, 9),
(263, 7),
(263, 3),
(263, 17),
(269, 5),
(269, 4),
(269, 20),
(269, 6),
(269, 19),
(269, 9),
(269, 11),
(269, 15),
(269, 8),
(269, 2),
(275, 7),
(275, 14),
(275, 5),
(275, 6),
(275, 10),
(275, 8),
(275, 20),
(275, 19),
(275, 13),
(275, 11),
(281, 8),
(281, 2),
(281, 20),
(281, 3),
(281, 7),
(281, 19),
(281, 6),
(281, 12),
(281, 9),
(281, 14),
(287, 2),
(287, 1),
(287, 18),
(287, 8),
(287, 19),
(287, 9),
(287, 4),
(287, 16),
(287, 7),
(287, 10),
(295, 3),
(295, 4),
(295, 16),
(295, 18),
(295, 2),
(295, 7),
(295, 12),
(295, 11),
(295, 5),
(295, 13),
(300, 20),
(300, 13),
(300, 19),
(300, 11),
(300, 16),
(300, 9),
(300, 4),
(300, 8),
(300, 15),
(300, 5),
(304, 2),
(304, 18),
(304, 6),
(304, 8),
(304, 11),
(304, 20),
(304, 12),
(304, 15),
(304, 19),
(304, 13),
(312, 7),
(312, 6),
(312, 13),
(312, 11),
(312, 12),
(312, 1),
(312, 14),
(312, 20),
(312, 18),
(312, 15),
(338, 16),
(338, 18),
(338, 19),
(338, 17),
(338, 4),
(338, 12),
(338, 6),
(338, 15),
(338, 20),
(338, 11),
(344, 5),
(344, 3),
(344, 17),
(344, 6),
(344, 2),
(344, 8),
(344, 14),
(344, 18),
(344, 7),
(344, 13),
(351, 6),
(351, 2),
(351, 20),
(351, 15),
(351, 13),
(351, 17),
(351, 18),
(351, 11),
(351, 4),
(351, 5);
INSERT INTO "PUBLIC"."LAWS_SUPPORTERS" VALUES
(359, 9),
(359, 15),
(359, 8),
(359, 18),
(359, 2),
(359, 12),
(359, 10),
(359, 5),
(359, 13),
(359, 19),
(364, 2),
(364, 13),
(364, 17),
(364, 11),
(364, 6),
(364, 7),
(364, 15),
(364, 20),
(364, 9),
(364, 4),
(385, 16),
(385, 8),
(385, 7),
(385, 5),
(385, 15),
(385, 18),
(385, 9),
(385, 17),
(385, 10),
(385, 19),
(385, 14),
(385, 2),
(385, 6),
(385, 4),
(385, 3),
(385, 12),
(385, 13),
(386, 3),
(386, 12),
(386, 15),
(386, 9),
(386, 20),
(386, 10),
(386, 5),
(386, 6),
(386, 11),
(386, 14),
(386, 2),
(386, 8),
(386, 13),
(386, 19),
(386, 16),
(386, 18),
(386, 4);
CREATE MEMORY TABLE "PUBLIC"."ONE_TIME_TOKEN"(
"ID" BIGINT NOT NULL,
"CREATED_AT" TIMESTAMP NOT NULL,
"UPDATED_AT" TIMESTAMP NOT NULL,
"TOKEN" VARCHAR(255) NOT NULL,
"TOKEN_TYPE" INTEGER NOT NULL,
"VALID_UNTIL" TIMESTAMP NOT NULL,
"USER_ID" BIGINT NOT NULL
);
ALTER TABLE "PUBLIC"."ONE_TIME_TOKEN" ADD CONSTRAINT "PUBLIC"."CONSTRAINT_4" PRIMARY KEY("ID");
-- 0 +/- SELECT COUNT(*) FROM PUBLIC.ONE_TIME_TOKEN;
CREATE MEMORY TABLE "PUBLIC"."POLLS"(
"ID" BIGINT NOT NULL,
"CREATED_AT" TIMESTAMP NOT NULL,
"UPDATED_AT" TIMESTAMP NOT NULL,
"DUEL_MATRIX" VARCHAR(255),
"STATUS" INTEGER,
"TITLE" VARCHAR(255),
"VOTING_END_AT" TIMESTAMP,
"VOTING_START_AT" TIMESTAMP,
"WINNER_ID" BIGINT
);
ALTER TABLE "PUBLIC"."POLLS" ADD CONSTRAINT "PUBLIC"."CONSTRAINT_48" PRIMARY KEY("ID");
-- 4 +/- SELECT COUNT(*) FROM PUBLIC.POLLS;
INSERT INTO "PUBLIC"."POLLS" VALUES
(232, TIMESTAMP '2019-12-02 07:26:01.778', TIMESTAMP '2019-12-02 07:26:01.779', '', 0, 'Poll from TestDataCreator 1627', TIMESTAMP '2020-01-06 00:00:00', TIMESTAMP '2019-12-23 00:00:00', NULL),
(262, TIMESTAMP '2019-11-24 07:26:01.992', TIMESTAMP '2019-12-09 07:26:02.008', '', 1, 'Poll in voting phase 2002', TIMESTAMP '2019-12-22 00:00:00', TIMESTAMP '2019-12-08 07:26:02.002', NULL),
(294, TIMESTAMP '2019-11-24 07:26:02.197', TIMESTAMP '2019-12-09 07:26:02.216', '', 1, 'Poll in voting phase 2207', TIMESTAMP '2019-12-22 00:00:00', TIMESTAMP '2019-12-08 07:26:02.207', NULL),
(343, TIMESTAMP '2019-11-06 07:26:10.661', TIMESTAMP '2019-12-09 07:26:15.967', '[[0,5,7,4,7],[11,0,7,7,10],[9,9,0,5,8],[12,9,11,0,9],[9,6,8,7,0]]', 2, 'Finished Poll 654', TIMESTAMP '2019-12-09 07:26:15.955', TIMESTAMP '2019-11-20 07:26:10.654', 359);
CREATE MEMORY TABLE "PUBLIC"."USERS"(
"ID" BIGINT NOT NULL,
"CREATED_AT" TIMESTAMP NOT NULL,
"UPDATED_AT" TIMESTAMP NOT NULL,
"EMAIL" VARCHAR(255) NOT NULL,
"LAST_LOGIN" TIMESTAMP,
"MOBILEPHONE" VARCHAR(255),
"NAME" VARCHAR(255),
"PICTURE" VARCHAR(255),
"WEBSITE" VARCHAR(255)
);
ALTER TABLE "PUBLIC"."USERS" ADD CONSTRAINT "PUBLIC"."CONSTRAINT_4D" PRIMARY KEY("ID");
-- 21 +/- SELECT COUNT(*) FROM PUBLIC.USERS;
INSERT INTO "PUBLIC"."USERS" VALUES
(1, TIMESTAMP '2019-12-09 07:25:51.688', TIMESTAMP '2019-12-09 07:25:51.688', 'testuser1@liquido.de', NULL, '+49123451', 'Donald Duck', '/static/img/avatars/Avatar1.png', 'http://www.liquido.de'),
(2, TIMESTAMP '2019-12-09 07:25:51.694', TIMESTAMP '2019-12-09 07:25:51.694', 'testuser2@liquido.de', NULL, '+49123452', 'Test User2', '/static/img/avatars/Avatar2.png', 'http://www.liquido.de'),
(3, TIMESTAMP '2019-12-09 07:25:51.695', TIMESTAMP '2019-12-09 07:25:51.695', 'testuser3@liquido.de', NULL, '+49123453', 'Test User3', '/static/img/avatars/Avatar3.png', 'http://www.liquido.de'),
(4, TIMESTAMP '2019-12-09 07:25:51.698', TIMESTAMP '2019-12-09 07:25:51.698', 'testuser4@liquido.de', NULL, '+49123454', 'Test User4', '/static/img/avatars/Avatar4.png', 'http://www.liquido.de'),
(5, TIMESTAMP '2019-12-09 07:25:51.699', TIMESTAMP '2019-12-09 07:25:51.699', 'testuser5@liquido.de', NULL, '+49123455', 'Test User5', '/static/img/avatars/Avatar5.png', 'http://www.liquido.de'),
(6, TIMESTAMP '2019-12-09 07:25:51.701', TIMESTAMP '2019-12-09 07:25:51.701', 'testuser6@liquido.de', NULL, '+49123456', 'Test User6', '/static/img/avatars/Avatar6.png', 'http://www.liquido.de'),
(7, TIMESTAMP '2019-12-09 07:25:51.703', TIMESTAMP '2019-12-09 07:25:51.703', 'testuser7@liquido.de', NULL, '+49123457', 'Test User7', '/static/img/avatars/Avatar7.png', 'http://www.liquido.de'),
(8, TIMESTAMP '2019-12-09 07:25:51.705', TIMESTAMP '2019-12-09 07:25:51.705', 'testuser8@liquido.de', NULL, '+49123458', 'Test User8', '/static/img/avatars/Avatar8.png', 'http://www.liquido.de'),
(9, TIMESTAMP '2019-12-09 07:25:51.707', TIMESTAMP '2019-12-09 07:25:51.707', 'testuser9@liquido.de', NULL, '+49123459', 'Test User9', '/static/img/avatars/Avatar9.png', 'http://www.liquido.de'),
(10, TIMESTAMP '2019-12-09 07:25:51.709', TIMESTAMP '2019-12-09 07:25:51.709', 'testuser10@liquido.de', NULL, '+491234510', 'Test User10', '/static/img/avatars/Avatar10.png', 'http://www.liquido.de'),
(11, TIMESTAMP '2019-12-09 07:25:51.711', TIMESTAMP '2019-12-09 07:25:51.711', 'testuser11@liquido.de', NULL, '+491234511', 'Test User11', '/static/img/avatars/Avatar11.png', 'http://www.liquido.de'),
(12, TIMESTAMP '2019-12-09 07:25:51.714', TIMESTAMP '2019-12-09 07:25:51.714', 'testuser12@liquido.de', NULL, '+491234512', 'Test User12', '/static/img/avatars/Avatar12.png', 'http://www.liquido.de'),
(13, TIMESTAMP '2019-12-09 07:25:51.716', TIMESTAMP '2019-12-09 07:25:51.716', 'testuser13@liquido.de', NULL, '+491234513', 'Test User13', '/static/img/avatars/Avatar13.png', 'http://www.liquido.de'),
(14, TIMESTAMP '2019-12-09 07:25:51.718', TIMESTAMP '2019-12-09 07:25:51.718', 'testuser14@liquido.de', NULL, '+491234514', 'Test User14', '/static/img/avatars/Avatar14.png', 'http://www.liquido.de'),
(15, TIMESTAMP '2019-12-09 07:25:51.72', TIMESTAMP '2019-12-09 07:25:51.72', 'testuser15@liquido.de', NULL, '+491234515', 'Test User15', '/static/img/avatars/Avatar15.png', 'http://www.liquido.de'),
(16, TIMESTAMP '2019-12-09 07:25:51.723', TIMESTAMP '2019-12-09 07:25:51.723', 'testuser16@liquido.de', NULL, '+491234516', 'Test User16', '/static/img/avatars/Avatar16.png', 'http://www.liquido.de'),
(17, TIMESTAMP '2019-12-09 07:25:51.726', TIMESTAMP '2019-12-09 07:25:51.726', 'testuser17@liquido.de', NULL, '+491234517', 'Test User17', '/static/img/avatars/Avatar1.png', 'http://www.liquido.de'),
(18, TIMESTAMP '2019-12-09 07:25:51.728', TIMESTAMP '2019-12-09 07:25:51.728', 'testuser18@liquido.de', NULL, '+491234518', 'Test User18', '/static/img/avatars/Avatar2.png', 'http://www.liquido.de'),
(19, TIMESTAMP '2019-12-09 07:25:51.731', TIMESTAMP '2019-12-09 07:25:51.731', 'testuser19@liquido.de', NULL, '+491234519', 'Test User19', '/static/img/avatars/Avatar3.png', 'http://www.liquido.de'),
(20, TIMESTAMP '2019-12-09 07:25:51.734', TIMESTAMP '2019-12-09 07:25:51.734', 'testuser20@liquido.de', NULL, '+491234520', 'Test User20', '/static/img/avatars/Avatar4.png', 'http://www.liquido.de'),
(21, TIMESTAMP '2019-12-09 07:25:51.736', TIMESTAMP '2019-12-09 07:25:51.736', 'admin@liquido.de', NULL, '+491234567890', 'Admin Name', NULL, NULL);
-- 0 +/- SELECT COUNT(*) FROM PUBLIC.QRTZ_CALENDARS;
-- 0 +/- SELECT COUNT(*) FROM PUBLIC.QRTZ_CRON_TRIGGERS;
-- 0 +/- SELECT COUNT(*) FROM PUBLIC.QRTZ_FIRED_TRIGGERS;
-- 0 +/- SELECT COUNT(*) FROM PUBLIC.QRTZ_PAUSED_TRIGGER_GRPS;
-- 0 +/- SELECT COUNT(*) FROM PUBLIC.QRTZ_SCHEDULER_STATE;
-- 0 +/- SELECT COUNT(*) FROM PUBLIC.QRTZ_LOCKS;
-- 0 +/- SELECT COUNT(*) FROM PUBLIC.QRTZ_JOB_DETAILS;
-- 0 +/- SELECT COUNT(*) FROM PUBLIC.QRTZ_SIMPLE_TRIGGERS;
-- 0 +/- SELECT COUNT(*) FROM PUBLIC.QRTZ_SIMPROP_TRIGGERS;
-- 0 +/- SELECT COUNT(*) FROM PUBLIC.QRTZ_BLOB_TRIGGERS;
-- 0 +/- SELECT COUNT(*) FROM PUBLIC.QRTZ_TRIGGERS;
ALTER TABLE "PUBLIC"."AREAS" ADD CONSTRAINT "PUBLIC"."UK_P61HNJ1M450KNDUSCXOLDCHFJ" UNIQUE("TITLE");
ALTER TABLE "PUBLIC"."KEY_VALUE" ADD CONSTRAINT "PUBLIC"."UK_8TE0DHIEXEOWA1RGVA302TO1L" UNIQUE("KEY_COL");
ALTER TABLE "PUBLIC"."USERS" ADD CONSTRAINT "PUBLIC"."UK_6DOTKOTT2KJSP8VW4D0M25FB7" UNIQUE("EMAIL");
ALTER TABLE "PUBLIC"."LAWS" ADD CONSTRAINT "PUBLIC"."UK_BS516OPV3HONTPTWVPIOOS72B" UNIQUE("TITLE");
ALTER TABLE "PUBLIC"."DELEGATIONS" ADD CONSTRAINT "PUBLIC"."UK2WYH7POIF8NPDWLUR8DFORD0J" UNIQUE("AREA_ID", "FROM_USER_ID");
ALTER TABLE "PUBLIC"."LAWS_COMMENTS" ADD CONSTRAINT "PUBLIC"."UK_OF3YV6X3MAHJPHJBJE5XHRXC8" UNIQUE("COMMENTS_ID");
ALTER TABLE "PUBLIC"."BALLOTS" ADD CONSTRAINT "PUBLIC"."UKHWWEPK8N3CE54LEREWX2FMYXF" UNIQUE("POLL_ID", "CHECKSUM");
ALTER TABLE "PUBLIC"."USERS" ADD CONSTRAINT "PUBLIC"."UK_70QE9WOFM8UJ2PEANWKPHERRM" UNIQUE("MOBILEPHONE");
ALTER TABLE "PUBLIC"."CHECKSUMS" ADD CONSTRAINT "PUBLIC"."UKL0XNKLNHLK4PTWSU9B0QXTYBN" UNIQUE("AREA_ID", "PUBLIC_PROXY_ID");
ALTER TABLE "PUBLIC"."AREAS" ADD CONSTRAINT "PUBLIC"."FKP9N0U4HM2Q1O7V0068C8GD4EL" FOREIGN KEY("CREATED_BY_ID") REFERENCES "PUBLIC"."USERS"("ID") NOCHECK;
ALTER TABLE "PUBLIC"."DELEGATIONS" ADD CONSTRAINT "PUBLIC"."FK1Y1R0D478R9NTDMUIYKKUHADV" FOREIGN KEY("REQUESTED_DELEGATION_FROM_CHECKSUM_CHECKSUM") REFERENCES "PUBLIC"."CHECKSUMS"("CHECKSUM") NOCHECK;
ALTER TABLE "PUBLIC"."DELEGATIONS" ADD CONSTRAINT "PUBLIC"."FKSWBDEOVC7HSQ5EX30PBMDU9D4" FOREIGN KEY("AREA_ID") REFERENCES "PUBLIC"."AREAS"("ID") NOCHECK;
ALTER TABLE "PUBLIC"."LAWS" ADD CONSTRAINT "PUBLIC"."FK4QUHD81MM84X6RQ0CCBXSEYXX" FOREIGN KEY("POLL_ID") REFERENCES "PUBLIC"."POLLS"("ID") NOCHECK;
ALTER TABLE "PUBLIC"."LAWS_SUPPORTERS" ADD CONSTRAINT "PUBLIC"."FK9B4I87YIKUCHRIRFJAYMGOHE3" FOREIGN KEY("LAW_MODEL_ID") REFERENCES "PUBLIC"."LAWS"("ID") NOCHECK;
ALTER TABLE "PUBLIC"."BALLOTS" ADD CONSTRAINT "PUBLIC"."FKOG7SHPLJ1CCOH8N9AO4Y16LQ3" FOREIGN KEY("POLL_ID") REFERENCES "PUBLIC"."POLLS"("ID") NOCHECK;
ALTER TABLE "PUBLIC"."COMMENTS_DOWN_VOTERS" ADD CONSTRAINT "PUBLIC"."FK62ILAC17TG4CPKRHEONUD72HV" FOREIGN KEY("DOWN_VOTERS_ID") REFERENCES "PUBLIC"."USERS"("ID") NOCHECK;
ALTER TABLE "PUBLIC"."CHECKSUMS" ADD CONSTRAINT "PUBLIC"."FKDFLPSE9FSOGY1FMFDY2W79RG" FOREIGN KEY("DELEGATED_TO_CHECKSUM") REFERENCES "PUBLIC"."CHECKSUMS"("CHECKSUM") NOCHECK;
ALTER TABLE "PUBLIC"."BALLOTS_VOTE_ORDER" ADD CONSTRAINT "PUBLIC"."FKIH6THEWVJEH3OW9DL1YTJ9AWB" FOREIGN KEY("BALLOT_MODEL_ID") REFERENCES "PUBLIC"."BALLOTS"("ID") NOCHECK;
ALTER TABLE "PUBLIC"."COMMENTS" ADD CONSTRAINT "PUBLIC"."FK7PUWBWE4YL8B2O32R798UW8Q7" FOREIGN KEY("PROPOSAL_ID") REFERENCES "PUBLIC"."LAWS"("ID") NOCHECK;
ALTER TABLE "PUBLIC"."CHECKSUMS" ADD CONSTRAINT "PUBLIC"."FK68FTLVL0MWTVOQD3BFUPP0XRG" FOREIGN KEY("PUBLIC_PROXY_ID") REFERENCES "PUBLIC"."USERS"("ID") NOCHECK;
ALTER TABLE "PUBLIC"."LAWS" ADD CONSTRAINT "PUBLIC"."FKTR1PLL46Q50SHWBFFYIYUAVGN" FOREIGN KEY("CREATED_BY_ID") REFERENCES "PUBLIC"."USERS"("ID") NOCHECK;
ALTER TABLE "PUBLIC"."ONE_TIME_TOKEN" ADD CONSTRAINT "PUBLIC"."FK4O21XT1RMRICB3EA4TO5NKR8D" FOREIGN KEY("USER_ID") REFERENCES "PUBLIC"."USERS"("ID") NOCHECK;
ALTER TABLE "PUBLIC"."BALLOTS_VOTE_ORDER" ADD CONSTRAINT "PUBLIC"."FKOWD5MAD84QVWGST43698A6GX5" FOREIGN KEY("VOTE_ORDER_ID") REFERENCES "PUBLIC"."LAWS"("ID") NOCHECK;
ALTER TABLE "PUBLIC"."COMMENTS" ADD CONSTRAINT "PUBLIC"."FKAKKM6QFYDU7VGNFNE1YO0XMED" FOREIGN KEY("CREATED_BY_ID") REFERENCES "PUBLIC"."USERS"("ID") NOCHECK;
ALTER TABLE "PUBLIC"."DELEGATIONS" ADD CONSTRAINT "PUBLIC"."FK21A6LG8FU2JS6E0JU41WJ2GQP" FOREIGN KEY("TO_PROXY_ID") REFERENCES "PUBLIC"."USERS"("ID") NOCHECK;
ALTER TABLE "PUBLIC"."LAWS_COMMENTS" ADD CONSTRAINT "PUBLIC"."FK36FBKIUITRV0YRVY8S0IG46IX" FOREIGN KEY("LAW_MODEL_ID") REFERENCES "PUBLIC"."LAWS"("ID") NOCHECK;
ALTER TABLE "PUBLIC"."POLLS" ADD CONSTRAINT "PUBLIC"."FKQADOVSMQ4UOK58SP9HKHWJQIS" FOREIGN KEY("WINNER_ID") REFERENCES "PUBLIC"."LAWS"("ID") NOCHECK;
ALTER TABLE "PUBLIC"."DELEGATIONS" ADD CONSTRAINT "PUBLIC"."FK9KOYA2MI6T18VF7U1FROBKNIQ" FOREIGN KEY("FROM_USER_ID") REFERENCES "PUBLIC"."USERS"("ID") NOCHECK;
ALTER TABLE "PUBLIC"."BALLOTS" ADD CONSTRAINT "PUBLIC"."FK1RRV2WY16UQONFL9CR1CQG2XD" FOREIGN KEY("CHECKSUM") REFERENCES "PUBLIC"."CHECKSUMS"("CHECKSUM") NOCHECK;
ALTER TABLE "PUBLIC"."LAWS" ADD CONSTRAINT "PUBLIC"."FK9VIQDJ5LDUN0AHWQDFF1WUY39" FOREIGN KEY("AREA_ID") REFERENCES "PUBLIC"."AREAS"("ID") NOCHECK;
ALTER TABLE "PUBLIC"."LAWS_COMMENTS" ADD CONSTRAINT "PUBLIC"."FKFL0Y4QFVFPF9YNMMFJ0JEVXFF" FOREIGN KEY("COMMENTS_ID") REFERENCES "PUBLIC"."COMMENTS"("ID") NOCHECK;
ALTER TABLE "PUBLIC"."COMMENTS_UP_VOTERS" ADD CONSTRAINT "PUBLIC"."FKEUURM027PDC4L5A9G9O2L0UYD" FOREIGN KEY("UP_VOTERS_ID") REFERENCES "PUBLIC"."USERS"("ID") NOCHECK;
ALTER TABLE "PUBLIC"."COMMENTS" ADD CONSTRAINT "PUBLIC"."FKLRI30OKF66PHTCGBE5POK7CC0" FOREIGN KEY("PARENT_ID") REFERENCES "PUBLIC"."COMMENTS"("ID") NOCHECK;
ALTER TABLE "PUBLIC"."COMMENTS_UP_VOTERS" ADD CONSTRAINT "PUBLIC"."FK8LS8T571Y99VTTW1MDKEBXAGP" FOREIGN KEY("COMMENT_MODEL_ID") REFERENCES "PUBLIC"."COMMENTS"("ID") NOCHECK;
ALTER TABLE "PUBLIC"."LAWS_SUPPORTERS" ADD CONSTRAINT "PUBLIC"."FKK8MVJC4RQ970OJAVYFIA9BQVE" FOREIGN KEY("SUPPORTERS_ID") REFERENCES "PUBLIC"."USERS"("ID") NOCHECK;
ALTER TABLE "PUBLIC"."COMMENTS_DOWN_VOTERS" ADD CONSTRAINT "PUBLIC"."FKJYMYJ54LENHS4KE6MYQHLY72" FOREIGN KEY("COMMENT_MODEL_ID") REFERENCES "PUBLIC"."COMMENTS"("ID") NOCHECK;
ALTER TABLE "PUBLIC"."CHECKSUMS" ADD CONSTRAINT "PUBLIC"."FKLLW57XBW0D67OPTMWFMU3P2PC" FOREIGN KEY("AREA_ID") REFERENCES "PUBLIC"."AREAS"("ID") NOCHECK;
