SET DB_CLOSE_DELAY -1;
;
CREATE USER IF NOT EXISTS SA SALT 'fca136c8b18e7256' HASH '56c8ea149669c4235336ebeb1abd790f97599b49dbd18ffa1d24d62e9c1e4311' ADMIN;
CREATE SEQUENCE PUBLIC.HIBERNATE_SEQUENCE START WITH 405;
CREATE MEMORY TABLE PUBLIC.AREAS(
ID BIGINT NOT NULL,
CREATED_AT TIMESTAMP NOT NULL,
UPDATED_AT TIMESTAMP NOT NULL,
DESCRIPTION VARCHAR(255) NOT NULL,
TITLE VARCHAR(255) NOT NULL,
CREATED_BY_ID BIGINT NOT NULL
);
ALTER TABLE PUBLIC.AREAS ADD CONSTRAINT PUBLIC.CONSTRAINT_3 PRIMARY KEY(ID);
-- 10 +/- SELECT COUNT(*) FROM PUBLIC.AREAS;
INSERT INTO PUBLIC.AREAS(ID, CREATED_AT, UPDATED_AT, DESCRIPTION, TITLE, CREATED_BY_ID) VALUES
(21, TIMESTAMP '2019-02-03 00:43:05.423', TIMESTAMP '2019-02-03 00:43:05.423', 'Nice description for test area #0', 'Area 0', 1),
(22, TIMESTAMP '2019-02-03 00:43:05.44', TIMESTAMP '2019-02-03 00:43:05.44', 'Nice description for test area #1', 'Area 1', 1),
(23, TIMESTAMP '2019-02-03 00:43:05.445', TIMESTAMP '2019-02-03 00:43:05.445', 'Nice description for test area #2', 'Area 2', 1),
(24, TIMESTAMP '2019-02-03 00:43:05.452', TIMESTAMP '2019-02-03 00:43:05.452', 'Nice description for test area #3', 'Area 3', 1),
(25, TIMESTAMP '2019-02-03 00:43:05.456', TIMESTAMP '2019-02-03 00:43:05.456', 'Nice description for test area #4', 'Area 4', 1),
(26, TIMESTAMP '2019-02-03 00:43:05.462', TIMESTAMP '2019-02-03 00:43:05.462', 'Nice description for test area #5', 'Area 5', 1),
(27, TIMESTAMP '2019-02-03 00:43:05.471', TIMESTAMP '2019-02-03 00:43:05.471', 'Nice description for test area #6', 'Area 6', 1),
(28, TIMESTAMP '2019-02-03 00:43:05.476', TIMESTAMP '2019-02-03 00:43:05.476', 'Nice description for test area #7', 'Area 7', 1),
(29, TIMESTAMP '2019-02-03 00:43:05.483', TIMESTAMP '2019-02-03 00:43:05.483', 'Nice description for test area #8', 'Area 8', 1),
(30, TIMESTAMP '2019-02-03 00:43:05.486', TIMESTAMP '2019-02-03 00:43:05.486', 'Nice description for test area #9', 'Area 9', 1);
CREATE MEMORY TABLE PUBLIC.BALLOTS(
ID BIGINT NOT NULL,
LEVEL INTEGER NOT NULL,
VOTE_COUNT BIGINT NOT NULL,
CHECKSUM VARCHAR(255) NOT NULL,
POLL_ID BIGINT NOT NULL
);
ALTER TABLE PUBLIC.BALLOTS ADD CONSTRAINT PUBLIC.CONSTRAINT_1 PRIMARY KEY(ID);
-- 32 +/- SELECT COUNT(*) FROM PUBLIC.BALLOTS;
INSERT INTO PUBLIC.BALLOTS(ID, LEVEL, VOTE_COUNT, CHECKSUM, POLL_ID) VALUES
(339, 0, 1, '$2a$10$1IdrGrRAN2Wp3U7QI.JIzuuViLszDdeyBQZ4QNjYJJWIYI5M2O3G2', 311),
(340, 0, 1, '$2a$10$1IdrGrRAN2Wp3U7QI.JIzuDl5QTomD0jkJDoG.VH7LgF6BaMi7mUu', 311),
(341, 0, 4, '$2a$10$1IdrGrRAN2Wp3U7QI.JIzumrB8gg15WYrl/9Od2a/lKdcXxyoRqYe', 311),
(342, 0, 1, '$2a$10$1IdrGrRAN2Wp3U7QI.JIzu0U7xajdi9.MlI8tTpf7ZVQmMn3XTPaq', 311),
(343, 0, 1, '$2a$10$1IdrGrRAN2Wp3U7QI.JIzuA2amXnXPKlVvjlg62SZ08/U45S1krWS', 311),
(344, 0, 1, '$2a$10$1IdrGrRAN2Wp3U7QI.JIzuQi87d/P3rgtaiDqqegSB4vu2sByXkly', 311),
(345, 0, 2, '$2a$10$1IdrGrRAN2Wp3U7QI.JIzumF7aPaiUyhTd0m56K/SiA71ec5pLFu2', 311),
(346, 1, 1, '$2a$10$1IdrGrRAN2Wp3U7QI.JIzu9jY7URudOBmsrn4SD7Sp2bRAti6ztwK', 311),
(347, 0, 1, '$2a$10$1IdrGrRAN2Wp3U7QI.JIzuaW/fGb8Z2mJgsKxYwe5.NrtAFNxSQVS', 311),
(348, 0, 1, '$2a$10$1IdrGrRAN2Wp3U7QI.JIzuWb3cSZmVC9yx83VYQxwLFYSL5g8IoRy', 311),
(349, 0, 1, '$2a$10$1IdrGrRAN2Wp3U7QI.JIzuaXivFiTa4cwzBq6IwpHyvmd9OIEIHwW', 311),
(350, 0, 1, '$2a$10$1IdrGrRAN2Wp3U7QI.JIzuYTSKjBSu3cADo/STK5moSHUhn6NKcyS', 311),
(351, 0, 1, '$2a$10$1IdrGrRAN2Wp3U7QI.JIzuYun6DCp3DqD0HkMSxupTiHcONZRP0YC', 311),
(352, 0, 1, '$2a$10$1IdrGrRAN2Wp3U7QI.JIzuj/DUpsANoEk4usC10lyWBvgCY2jpdQ6', 311),
(353, 0, 1, '$2a$10$1IdrGrRAN2Wp3U7QI.JIzukT2e4dWh2jhcsPdh.C5JEqMyz08zCoa', 311),
(354, 0, 1, '$2a$10$1IdrGrRAN2Wp3U7QI.JIzuRe9KBAxYEu.ylAyhV50ek90rELSRGqG', 311),
(387, 0, 1, '$2a$10$1IdrGrRAN2Wp3U7QI.JIzuuViLszDdeyBQZ4QNjYJJWIYI5M2O3G2', 362),
(388, 0, 1, '$2a$10$1IdrGrRAN2Wp3U7QI.JIzuDl5QTomD0jkJDoG.VH7LgF6BaMi7mUu', 362),
(389, 0, 4, '$2a$10$1IdrGrRAN2Wp3U7QI.JIzumrB8gg15WYrl/9Od2a/lKdcXxyoRqYe', 362),
(390, 0, 1, '$2a$10$1IdrGrRAN2Wp3U7QI.JIzu0U7xajdi9.MlI8tTpf7ZVQmMn3XTPaq', 362),
(391, 0, 1, '$2a$10$1IdrGrRAN2Wp3U7QI.JIzuA2amXnXPKlVvjlg62SZ08/U45S1krWS', 362),
(392, 0, 1, '$2a$10$1IdrGrRAN2Wp3U7QI.JIzuQi87d/P3rgtaiDqqegSB4vu2sByXkly', 362),
(393, 0, 2, '$2a$10$1IdrGrRAN2Wp3U7QI.JIzumF7aPaiUyhTd0m56K/SiA71ec5pLFu2', 362),
(394, 1, 1, '$2a$10$1IdrGrRAN2Wp3U7QI.JIzu9jY7URudOBmsrn4SD7Sp2bRAti6ztwK', 362),
(395, 0, 1, '$2a$10$1IdrGrRAN2Wp3U7QI.JIzuaW/fGb8Z2mJgsKxYwe5.NrtAFNxSQVS', 362),
(396, 0, 1, '$2a$10$1IdrGrRAN2Wp3U7QI.JIzuWb3cSZmVC9yx83VYQxwLFYSL5g8IoRy', 362),
(397, 0, 1, '$2a$10$1IdrGrRAN2Wp3U7QI.JIzuaXivFiTa4cwzBq6IwpHyvmd9OIEIHwW', 362),
(398, 0, 1, '$2a$10$1IdrGrRAN2Wp3U7QI.JIzuYTSKjBSu3cADo/STK5moSHUhn6NKcyS', 362),
(399, 0, 1, '$2a$10$1IdrGrRAN2Wp3U7QI.JIzuYun6DCp3DqD0HkMSxupTiHcONZRP0YC', 362),
(400, 0, 1, '$2a$10$1IdrGrRAN2Wp3U7QI.JIzuj/DUpsANoEk4usC10lyWBvgCY2jpdQ6', 362),
(401, 0, 1, '$2a$10$1IdrGrRAN2Wp3U7QI.JIzukT2e4dWh2jhcsPdh.C5JEqMyz08zCoa', 362),
(402, 0, 1, '$2a$10$1IdrGrRAN2Wp3U7QI.JIzuRe9KBAxYEu.ylAyhV50ek90rELSRGqG', 362);
CREATE MEMORY TABLE PUBLIC.BALLOTS_VOTE_ORDER(
BALLOT_MODEL_ID BIGINT NOT NULL,
VOTE_ORDER_ID BIGINT NOT NULL,
VOTE_ORDER_ORDER INTEGER NOT NULL
);
ALTER TABLE PUBLIC.BALLOTS_VOTE_ORDER ADD CONSTRAINT PUBLIC.CONSTRAINT_5 PRIMARY KEY(BALLOT_MODEL_ID, VOTE_ORDER_ORDER);
-- 143 +/- SELECT COUNT(*) FROM PUBLIC.BALLOTS_VOTE_ORDER;
INSERT INTO PUBLIC.BALLOTS_VOTE_ORDER(BALLOT_MODEL_ID, VOTE_ORDER_ID, VOTE_ORDER_ORDER) VALUES
(339, 329, 0),
(339, 305, 1),
(339, 323, 2),
(339, 318, 3),
(340, 329, 0),
(340, 323, 1),
(340, 312, 2),
(340, 318, 3),
(340, 305, 4),
(341, 305, 0),
(341, 323, 1),
(341, 312, 2),
(341, 329, 3),
(341, 318, 4),
(345, 318, 0),
(345, 323, 1),
(345, 329, 2),
(346, 318, 0),
(346, 323, 1),
(346, 329, 2),
(347, 329, 0),
(347, 323, 1),
(347, 318, 2),
(347, 312, 3),
(342, 329, 0),
(342, 312, 1),
(342, 323, 2),
(342, 305, 3),
(342, 318, 4),
(343, 323, 0),
(343, 312, 1),
(343, 318, 2),
(343, 305, 3),
(343, 329, 4),
(348, 329, 0),
(348, 323, 1),
(348, 312, 2),
(348, 305, 3),
(349, 312, 0),
(349, 305, 1),
(349, 318, 2),
(349, 323, 3),
(349, 329, 4),
(350, 305, 0),
(350, 318, 1),
(350, 323, 2),
(350, 329, 3),
(351, 305, 0),
(351, 323, 1),
(351, 318, 2),
(351, 329, 3),
(351, 312, 4),
(352, 312, 0),
(352, 318, 1),
(352, 305, 2),
(352, 323, 3),
(352, 329, 4),
(353, 323, 0),
(353, 329, 1),
(353, 305, 2),
(353, 312, 3),
(354, 312, 0),
(354, 318, 1),
(354, 305, 2),
(354, 329, 3),
(344, 329, 0),
(344, 312, 1),
(344, 323, 2),
(344, 318, 3),
(344, 305, 4),
(387, 363, 0),
(387, 368, 1),
(387, 380, 2),
(387, 376, 3),
(387, 355, 4),
(388, 380, 0),
(388, 376, 1),
(388, 355, 2),
(388, 363, 3),
(388, 368, 4),
(389, 380, 0),
(389, 376, 1),
(389, 368, 2),
(389, 363, 3),
(393, 380, 0),
(393, 355, 1),
(393, 368, 2),
(393, 363, 3),
(393, 376, 4),
(394, 380, 0),
(394, 355, 1),
(394, 368, 2),
(394, 363, 3),
(394, 376, 4),
(395, 355, 0),
(395, 363, 1),
(395, 368, 2),
(395, 376, 3),
(390, 380, 0),
(390, 355, 1),
(390, 368, 2),
(391, 380, 0),
(391, 376, 1),
(391, 355, 2),
(391, 363, 3),
(391, 368, 4),
(396, 368, 0),
(396, 355, 1),
(396, 376, 2),
(396, 363, 3),
(397, 368, 0),
(397, 355, 1),
(397, 376, 2),
(397, 380, 3),
(398, 368, 0),
(398, 376, 1),
(398, 363, 2),
(398, 355, 3),
(398, 380, 4),
(399, 355, 0),
(399, 363, 1),
(399, 376, 2),
(399, 380, 3),
(400, 355, 0),
(400, 380, 1),
(400, 376, 2),
(400, 368, 3),
(400, 363, 4),
(401, 376, 0),
(401, 363, 1),
(401, 355, 2),
(401, 380, 3),
(401, 368, 4),
(402, 380, 0),
(402, 376, 1),
(402, 355, 2),
(402, 363, 3),
(402, 368, 4),
(392, 363, 0),
(392, 368, 1),
(392, 355, 2),
(392, 376, 3),
(392, 380, 4);
CREATE MEMORY TABLE PUBLIC.CHECKSUMS(
CHECKSUM VARCHAR(255) NOT NULL,
EXPIRES_AT TIMESTAMP,
TRANSITIVE BOOLEAN NOT NULL,
AREA_ID BIGINT,
DELEGATED_TO_CHECKSUM VARCHAR(255),
PUBLIC_PROXY_ID BIGINT
);
ALTER TABLE PUBLIC.CHECKSUMS ADD CONSTRAINT PUBLIC.CONSTRAINT_B PRIMARY KEY(CHECKSUM);
-- 18 +/- SELECT COUNT(*) FROM PUBLIC.CHECKSUMS;
INSERT INTO PUBLIC.CHECKSUMS(CHECKSUM, EXPIRES_AT, TRANSITIVE, AREA_ID, DELEGATED_TO_CHECKSUM, PUBLIC_PROXY_ID) VALUES
('$2a$10$1IdrGrRAN2Wp3U7QI.JIzueyGOu7FMMyyMJw3bvzEU2elpOrru8sy', TIMESTAMP '2019-02-04 00:43:10.303', TRUE, 21, NULL, 1),
('$2a$10$1IdrGrRAN2Wp3U7QI.JIzu9jY7URudOBmsrn4SD7Sp2bRAti6ztwK', TIMESTAMP '2019-02-04 00:43:11.896', TRUE, 21, '$2a$10$1IdrGrRAN2Wp3U7QI.JIzumF7aPaiUyhTd0m56K/SiA71ec5pLFu2', 6),
('$2a$10$1IdrGrRAN2Wp3U7QI.JIzuIvB5fBvUb/y3tpzb1Xahzu9k87H3HZ.', TIMESTAMP '2019-02-04 00:43:12.056', TRUE, 21, '$2a$10$1IdrGrRAN2Wp3U7QI.JIzueyGOu7FMMyyMJw3bvzEU2elpOrru8sy', 4),
('$2a$10$1IdrGrRAN2Wp3U7QI.JIzuuViLszDdeyBQZ4QNjYJJWIYI5M2O3G2', TIMESTAMP '2019-02-04 00:43:21.879', TRUE, 21, NULL, 13),
('$2a$10$1IdrGrRAN2Wp3U7QI.JIzuDl5QTomD0jkJDoG.VH7LgF6BaMi7mUu', TIMESTAMP '2019-02-04 00:43:22.126', TRUE, 21, NULL, 15),
('$2a$10$1IdrGrRAN2Wp3U7QI.JIzumrB8gg15WYrl/9Od2a/lKdcXxyoRqYe', TIMESTAMP '2019-02-04 00:43:22.378', TRUE, 21, '$2a$10$1IdrGrRAN2Wp3U7QI.JIzuIvB5fBvUb/y3tpzb1Xahzu9k87H3HZ.', 7),
('$2a$10$1IdrGrRAN2Wp3U7QI.JIzumF7aPaiUyhTd0m56K/SiA71ec5pLFu2', TIMESTAMP '2019-02-04 00:43:22.661', TRUE, 21, '$2a$10$1IdrGrRAN2Wp3U7QI.JIzueyGOu7FMMyyMJw3bvzEU2elpOrru8sy', 3),
('$2a$10$1IdrGrRAN2Wp3U7QI.JIzuaW/fGb8Z2mJgsKxYwe5.NrtAFNxSQVS', TIMESTAMP '2019-02-04 00:43:22.915', TRUE, 21, NULL, 5),
('$2a$10$1IdrGrRAN2Wp3U7QI.JIzu0U7xajdi9.MlI8tTpf7ZVQmMn3XTPaq', TIMESTAMP '2019-02-04 00:43:23.161', TRUE, 21, '$2a$10$1IdrGrRAN2Wp3U7QI.JIzumrB8gg15WYrl/9Od2a/lKdcXxyoRqYe', 10),
('$2a$10$1IdrGrRAN2Wp3U7QI.JIzuA2amXnXPKlVvjlg62SZ08/U45S1krWS', TIMESTAMP '2019-02-04 00:43:23.403', TRUE, 21, '$2a$10$1IdrGrRAN2Wp3U7QI.JIzumrB8gg15WYrl/9Od2a/lKdcXxyoRqYe', 11),
('$2a$10$1IdrGrRAN2Wp3U7QI.JIzuWb3cSZmVC9yx83VYQxwLFYSL5g8IoRy', TIMESTAMP '2019-02-04 00:43:23.651', TRUE, 21, '$2a$10$1IdrGrRAN2Wp3U7QI.JIzueyGOu7FMMyyMJw3bvzEU2elpOrru8sy', NULL),
('$2a$10$1IdrGrRAN2Wp3U7QI.JIzuaXivFiTa4cwzBq6IwpHyvmd9OIEIHwW', TIMESTAMP '2019-02-04 00:43:23.893', TRUE, 21, NULL, 9),
('$2a$10$1IdrGrRAN2Wp3U7QI.JIzuYTSKjBSu3cADo/STK5moSHUhn6NKcyS', TIMESTAMP '2019-02-04 00:43:24.133', TRUE, 21, NULL, 16),
('$2a$10$1IdrGrRAN2Wp3U7QI.JIzuYun6DCp3DqD0HkMSxupTiHcONZRP0YC', TIMESTAMP '2019-02-04 00:43:24.376', TRUE, 21, NULL, 20),
('$2a$10$1IdrGrRAN2Wp3U7QI.JIzuj/DUpsANoEk4usC10lyWBvgCY2jpdQ6', TIMESTAMP '2019-02-04 00:43:24.618', TRUE, 21, NULL, 18),
('$2a$10$1IdrGrRAN2Wp3U7QI.JIzukT2e4dWh2jhcsPdh.C5JEqMyz08zCoa', TIMESTAMP '2019-02-04 00:43:24.859', TRUE, 21, NULL, 14),
('$2a$10$1IdrGrRAN2Wp3U7QI.JIzuRe9KBAxYEu.ylAyhV50ek90rELSRGqG', TIMESTAMP '2019-02-04 00:43:25.1', TRUE, 21, NULL, 19),
('$2a$10$1IdrGrRAN2Wp3U7QI.JIzuQi87d/P3rgtaiDqqegSB4vu2sByXkly', TIMESTAMP '2019-02-04 00:43:25.34', FALSE, 21, '$2a$10$1IdrGrRAN2Wp3U7QI.JIzumrB8gg15WYrl/9Od2a/lKdcXxyoRqYe', 12);
CREATE MEMORY TABLE PUBLIC.COMMENTS(
ID BIGINT NOT NULL,
CREATED_AT TIMESTAMP NOT NULL,
UPDATED_AT TIMESTAMP NOT NULL,
COMMENT VARCHAR(255) NOT NULL,
CREATED_BY_ID BIGINT NOT NULL,
LAW_ID BIGINT NOT NULL,
PARENT_ID BIGINT
);
ALTER TABLE PUBLIC.COMMENTS ADD CONSTRAINT PUBLIC.CONSTRAINT_A PRIMARY KEY(ID);
-- 138 +/- SELECT COUNT(*) FROM PUBLIC.COMMENTS;
INSERT INTO PUBLIC.COMMENTS(ID, CREATED_AT, UPDATED_AT, COMMENT, CREATED_BY_ID, LAW_ID, PARENT_ID) VALUES
(194, TIMESTAMP '2019-02-03 00:43:08.605', TIMESTAMP '2019-02-03 00:43:08.605', 'Comment on root level. I really like this idea, but needs to be improved. 1549150988600', 10, 193, NULL),
(195, TIMESTAMP '2019-02-03 00:43:08.609', TIMESTAMP '2019-02-03 00:43:08.609', 'Reply 0 Lorem ipsum dolor sit amet, consectetur adipiscing elit, sed do eiusmod tempor incididun', 13, 193, 194),
(196, TIMESTAMP '2019-02-03 00:43:08.61', TIMESTAMP '2019-02-03 00:43:08.61', 'Reply 1 Lorem ipsum dolor sit amet, consectetur adipiscing elit, sed do eiusmod tempor incididunt', 1, 193, 194),
(197, TIMESTAMP '2019-02-03 00:43:08.612', TIMESTAMP '2019-02-03 00:43:08.612', 'Reply 2 Lorem ipsum dolor sit amet, consectet', 4, 193, 194),
(199, TIMESTAMP '2019-02-03 00:43:08.645', TIMESTAMP '2019-02-03 00:43:08.645', 'Comment on root level. I really like this idea, but needs to be improved. 1549150988639', 9, 198, NULL),
(200, TIMESTAMP '2019-02-03 00:43:08.648', TIMESTAMP '2019-02-03 00:43:08.648', 'Reply 0 Lorem ipsum dolor sit amet, con', 1, 198, 199),
(201, TIMESTAMP '2019-02-03 00:43:08.661', TIMESTAMP '2019-02-03 00:43:08.661', 'Reply 1 Lorem ipsum dolor sit amet, consectetur adipiscing elit, sed do eiusmod tempor in', 2, 198, 199),
(202, TIMESTAMP '2019-02-03 00:43:08.664', TIMESTAMP '2019-02-03 00:43:08.664', 'Reply 2 Lorem ipsum dolor sit amet, consectetur', 13, 198, 199),
(203, TIMESTAMP '2019-02-03 00:43:08.669', TIMESTAMP '2019-02-03 00:43:08.669', 'Reply 3 Lorem ipsum dolor sit amet, consectetur adipiscing elit, sed do eiusmod tempor in', 13, 198, 199),
(204, TIMESTAMP '2019-02-03 00:43:08.671', TIMESTAMP '2019-02-03 00:43:08.671', 'Reply 4 Lorem ipsum dolor sit amet, consectetur adipiscing elit, sed do eiusmod tempor in', 5, 198, 199),
(206, TIMESTAMP '2019-02-03 00:43:08.698', TIMESTAMP '2019-02-03 00:43:08.698', 'Comment on root level. I really like this idea, but needs to be improved. 1549150988697', 7, 205, NULL),
(207, TIMESTAMP '2019-02-03 00:43:08.699', TIMESTAMP '2019-02-03 00:43:08.699', 'Reply 0 Lorem ipsum dolor sit amet, consectetur adipiscing elit, sed do eiusmod tempor incididunt ut labore', 20, 205, 206),
(208, TIMESTAMP '2019-02-03 00:43:08.7', TIMESTAMP '2019-02-03 00:43:08.7', 'Reply 1 Lorem ipsum dolor sit amet, consectetur adipiscing elit, sed do eiusmod tem', 12, 205, 206),
(209, TIMESTAMP '2019-02-03 00:43:08.703', TIMESTAMP '2019-02-03 00:43:08.703', 'Reply 2 Lorem ipsum dolor sit amet, con', 6, 205, 206),
(210, TIMESTAMP '2019-02-03 00:43:08.709', TIMESTAMP '2019-02-03 00:43:08.709', 'Reply 3 Lorem ipsum dolor sit amet, consectetur adipiscing elit', 3, 205, 206),
(211, TIMESTAMP '2019-02-03 00:43:08.711', TIMESTAMP '2019-02-03 00:43:08.711', 'Reply 4 Lorem ipsum dolor sit amet, con', 5, 205, 206),
(212, TIMESTAMP '2019-02-03 00:43:08.712', TIMESTAMP '2019-02-03 00:43:08.712', 'Reply 5 Lorem ipsum dolor sit amet, consectetur adipiscing elit, sed do eiusmod tempor i', 6, 205, 206),
(214, TIMESTAMP '2019-02-03 00:43:08.739', TIMESTAMP '2019-02-03 00:43:08.739', 'Comment on root level. I really like this idea, but needs to be improved. 1549150988739', 18, 213, NULL),
(215, TIMESTAMP '2019-02-03 00:43:08.741', TIMESTAMP '2019-02-03 00:43:08.741', 'Reply 0 Lorem ipsum dolor sit amet, consectetur adipiscing elit, sed do eiusmod tempor inci', 2, 213, 214),
(216, TIMESTAMP '2019-02-03 00:43:08.743', TIMESTAMP '2019-02-03 00:43:08.743', 'Reply 1 Lorem ipsu', 17, 213, 214),
(217, TIMESTAMP '2019-02-03 00:43:08.744', TIMESTAMP '2019-02-03 00:43:08.744', 'Reply 2 Lorem ipsum dolor sit amet, consectetur adipiscing elit, sed do eiusmod tempor incididunt ut lab', 19, 213, 214),
(219, TIMESTAMP '2019-02-03 00:43:08.779', TIMESTAMP '2019-02-03 00:43:08.779', 'Comment on root level. I really like this idea, but needs to be improved. 1549150988778', 19, 218, NULL),
(220, TIMESTAMP '2019-02-03 00:43:08.785', TIMESTAMP '2019-02-03 00:43:08.785', 'Reply 0 Lorem ipsum dolor sit amet, consectetur adipiscing elit, sed do eiusmod tempor incididunt ut la', 3, 218, 219);
INSERT INTO PUBLIC.COMMENTS(ID, CREATED_AT, UPDATED_AT, COMMENT, CREATED_BY_ID, LAW_ID, PARENT_ID) VALUES
(221, TIMESTAMP '2019-02-03 00:43:08.787', TIMESTAMP '2019-02-03 00:43:08.787', 'Reply 1 Lorem ipsum dolor sit amet, consectetur adipiscing elit,', 2, 218, 219),
(222, TIMESTAMP '2019-02-03 00:43:08.789', TIMESTAMP '2019-02-03 00:43:08.789', 'Reply 2 Lorem ipsum dolor sit amet, consectetur adipiscing elit, sed do eiusmod tempor incididunt ', 1, 218, 219),
(223, TIMESTAMP '2019-02-03 00:43:08.791', TIMESTAMP '2019-02-03 00:43:08.791', 'Reply 3 Lorem ipsum dolor sit amet, consectetur adipiscing elit, sed do eius', 14, 218, 219),
(234, TIMESTAMP '2019-02-03 00:43:14.404', TIMESTAMP '2019-02-03 00:43:14.404', 'Comment on root level. I really like this idea, but needs to be improved. 1549150994404', 10, 233, NULL),
(235, TIMESTAMP '2019-02-03 00:43:14.405', TIMESTAMP '2019-02-03 00:43:14.405', 'Reply 0 Lorem ipsum dolor sit amet, consectetur adipiscing elit, sed do eiusmod', 19, 233, 234),
(236, TIMESTAMP '2019-02-03 00:43:14.406', TIMESTAMP '2019-02-03 00:43:14.406', 'Reply 1 Lorem ipsum dolor sit amet, consectetur adipiscing elit, sed do eiusmod tempor incididunt ut labor', 15, 233, 234),
(237, TIMESTAMP '2019-02-03 00:43:14.408', TIMESTAMP '2019-02-03 00:43:14.408', 'Reply 2 Lorem ipsum dolor sit amet, consectetur adipiscing elit, sed do eiusmod ', 6, 233, 234),
(238, TIMESTAMP '2019-02-03 00:43:14.409', TIMESTAMP '2019-02-03 00:43:14.409', 'Reply 3 Lorem ipsum dolor sit ame', 16, 233, 234),
(243, TIMESTAMP '2019-02-03 00:43:14.454', TIMESTAMP '2019-02-03 00:43:14.454', 'Comment on root level. I really like this idea, but needs to be improved. 1549150994453', 19, 242, NULL),
(244, TIMESTAMP '2019-02-03 00:43:14.456', TIMESTAMP '2019-02-03 00:43:14.456', 'Reply 0 Lorem ipsum dolor si', 8, 242, 243),
(245, TIMESTAMP '2019-02-03 00:43:14.457', TIMESTAMP '2019-02-03 00:43:14.457', 'Reply 1 Lorem ipsum dolor sit amet,', 12, 242, 243),
(246, TIMESTAMP '2019-02-03 00:43:14.459', TIMESTAMP '2019-02-03 00:43:14.459', 'Reply 2 Lorem ipsum dolor sit', 9, 242, 243),
(248, TIMESTAMP '2019-02-03 00:43:14.499', TIMESTAMP '2019-02-03 00:43:14.499', 'Comment on root level. I really like this idea, but needs to be improved. 1549150994499', 18, 247, NULL),
(249, TIMESTAMP '2019-02-03 00:43:14.501', TIMESTAMP '2019-02-03 00:43:14.501', 'Reply 0 Lorem ipsum dolor sit a', 13, 247, 248),
(250, TIMESTAMP '2019-02-03 00:43:14.503', TIMESTAMP '2019-02-03 00:43:14.503', 'Reply 1 Lorem ipsum dolor sit amet, consectetur adipiscing elit, sed do ', 10, 247, 248),
(251, TIMESTAMP '2019-02-03 00:43:14.505', TIMESTAMP '2019-02-03 00:43:14.505', 'Reply 2 Lorem ipsum dolo', 11, 247, 248),
(252, TIMESTAMP '2019-02-03 00:43:14.506', TIMESTAMP '2019-02-03 00:43:14.506', 'Reply 3 Lorem ipsum dolor sit amet, consectetur adipiscing elit, sed do eiusmod tempor incididunt ut labore', 8, 247, 248),
(253, TIMESTAMP '2019-02-03 00:43:14.508', TIMESTAMP '2019-02-03 00:43:14.508', 'Reply 4 Lorem ipsum dolor sit amet, consectetur adipiscing elit, sed do eiusmod tempor inci', 7, 247, 248),
(254, TIMESTAMP '2019-02-03 00:43:14.51', TIMESTAMP '2019-02-03 00:43:14.51', 'Reply 5 Lorem ipsum dolor sit amet, con', 4, 247, 248),
(256, TIMESTAMP '2019-02-03 00:43:14.6', TIMESTAMP '2019-02-03 00:43:14.6', 'Comment on root level. I really like this idea, but needs to be improved. 1549150994594', 4, 255, NULL),
(257, TIMESTAMP '2019-02-03 00:43:14.605', TIMESTAMP '2019-02-03 00:43:14.605', 'Reply 0 Lorem ipsum dolor sit amet, consectetur adipiscing elit,', 15, 255, 256),
(258, TIMESTAMP '2019-02-03 00:43:14.607', TIMESTAMP '2019-02-03 00:43:14.607', 'Reply 1 Lorem ipsum dolor sit amet, consectetur adipiscing elit, sed do eiusmod tempor inci', 11, 255, 256),
(259, TIMESTAMP '2019-02-03 00:43:14.608', TIMESTAMP '2019-02-03 00:43:14.608', 'Reply 2 Lorem ipsum dolor sit amet, consectetur adipis', 8, 255, 256),
(260, TIMESTAMP '2019-02-03 00:43:14.61', TIMESTAMP '2019-02-03 00:43:14.61', 'Reply 3 Lorem ipsum dolo', 5, 255, 256),
(261, TIMESTAMP '2019-02-03 00:43:14.611', TIMESTAMP '2019-02-03 00:43:14.611', 'Reply 4 Lorem ipsum dolor sit amet, consectetur adipiscing elit, sed do eiusmod tempor incididunt ut labor', 6, 255, 256);
INSERT INTO PUBLIC.COMMENTS(ID, CREATED_AT, UPDATED_AT, COMMENT, CREATED_BY_ID, LAW_ID, PARENT_ID) VALUES
(263, TIMESTAMP '2019-02-03 00:43:14.674', TIMESTAMP '2019-02-03 00:43:14.674', 'Comment on root level. I really like this idea, but needs to be improved. 1549150994673', 4, 262, NULL),
(264, TIMESTAMP '2019-02-03 00:43:14.675', TIMESTAMP '2019-02-03 00:43:14.675', 'Reply 0 Lorem ipsum dol', 14, 262, 263),
(265, TIMESTAMP '2019-02-03 00:43:14.676', TIMESTAMP '2019-02-03 00:43:14.676', 'Reply 1 Lorem ipsum dolor sit', 12, 262, 263),
(267, TIMESTAMP '2019-02-03 00:43:14.722', TIMESTAMP '2019-02-03 00:43:14.722', 'Comment on root level. I really like this idea, but needs to be improved. 1549150994721', 11, 266, NULL),
(268, TIMESTAMP '2019-02-03 00:43:14.725', TIMESTAMP '2019-02-03 00:43:14.725', 'Reply 0 Lorem ipsum dolor sit amet, consectetur adipiscing e', 19, 266, 267),
(269, TIMESTAMP '2019-02-03 00:43:14.726', TIMESTAMP '2019-02-03 00:43:14.726', 'Reply 1 Lorem ipsum dolor sit amet, consectetur adip', 6, 266, 267),
(270, TIMESTAMP '2019-02-03 00:43:14.727', TIMESTAMP '2019-02-03 00:43:14.727', 'Reply 2 Lorem ipsum dolor sit amet, consectetur adipiscing elit, sed do eiusmod tempo', 19, 266, 267),
(271, TIMESTAMP '2019-02-03 00:43:14.736', TIMESTAMP '2019-02-03 00:43:14.736', 'Reply 3 Lorem ipsum dolor sit amet, consectetur adipiscing elit, sed do eiusmod tempor incididu', 8, 266, 267),
(272, TIMESTAMP '2019-02-03 00:43:14.738', TIMESTAMP '2019-02-03 00:43:14.738', 'Reply 4 Lorem ipsum dolor sit ', 10, 266, 267),
(273, TIMESTAMP '2019-02-03 00:43:14.747', TIMESTAMP '2019-02-03 00:43:14.747', 'Reply 5 Lorem ipsum dolor sit amet, consectetur adipiscing elit, sed do eiusmod tempor incid', 3, 266, 267),
(274, TIMESTAMP '2019-02-03 00:43:14.749', TIMESTAMP '2019-02-03 00:43:14.749', 'Reply 6 Lorem ipsum dolor ', 19, 266, 267),
(275, TIMESTAMP '2019-02-03 00:43:14.751', TIMESTAMP '2019-02-03 00:43:14.751', 'Reply 7 Lorem ipsum dolor sit amet, consectetur adipiscin', 20, 266, 267),
(278, TIMESTAMP '2019-02-03 00:43:14.8', TIMESTAMP '2019-02-03 00:43:14.8', 'Comment on root level. I really like this idea, but needs to be improved. 1549150994799', 15, 277, NULL),
(279, TIMESTAMP '2019-02-03 00:43:14.801', TIMESTAMP '2019-02-03 00:43:14.801', 'Reply 0 Lorem ipsum dolor sit amet, consectetur adipiscing elit, sed do eiusmod tempo', 13, 277, 278),
(280, TIMESTAMP '2019-02-03 00:43:14.803', TIMESTAMP '2019-02-03 00:43:14.803', 'Reply 1 Lorem ipsum dolor sit amet, consectetur adipiscing elit, sed do eiusmod tempor incididunt ut labor', 17, 277, 278),
(281, TIMESTAMP '2019-02-03 00:43:14.808', TIMESTAMP '2019-02-03 00:43:14.808', 'Reply 2 Lorem ipsum dolor sit amet, consectetur adipiscing ', 4, 277, 278),
(282, TIMESTAMP '2019-02-03 00:43:14.809', TIMESTAMP '2019-02-03 00:43:14.809', 'Reply 3 Lorem ipsum dolor sit amet, consectetur adipiscing elit, sed d', 1, 277, 278),
(283, TIMESTAMP '2019-02-03 00:43:14.81', TIMESTAMP '2019-02-03 00:43:14.81', 'Reply 4 Lorem ipsum dolor sit amet, consectetur adipiscing elit, sed do e', 15, 277, 278),
(285, TIMESTAMP '2019-02-03 00:43:14.872', TIMESTAMP '2019-02-03 00:43:14.872', 'Comment on root level. I really like this idea, but needs to be improved. 1549150994872', 9, 284, NULL),
(286, TIMESTAMP '2019-02-03 00:43:14.873', TIMESTAMP '2019-02-03 00:43:14.873', 'Reply 0 Lorem ipsum dolor sit amet, ', 2, 284, 285),
(287, TIMESTAMP '2019-02-03 00:43:14.874', TIMESTAMP '2019-02-03 00:43:14.874', 'Reply 1 Lorem ipsum dolor sit amet, consectetur adi', 18, 284, 285),
(288, TIMESTAMP '2019-02-03 00:43:14.876', TIMESTAMP '2019-02-03 00:43:14.876', 'Reply 2 Lorem ipsum dolor sit amet', 9, 284, 285),
(289, TIMESTAMP '2019-02-03 00:43:14.877', TIMESTAMP '2019-02-03 00:43:14.877', 'Reply 3 Lorem ipsum dolor s', 14, 284, 285),
(290, TIMESTAMP '2019-02-03 00:43:14.878', TIMESTAMP '2019-02-03 00:43:14.878', 'Reply 4 Lorem ipsum dolor sit amet, consectetur adipiscing', 6, 284, 285),
(291, TIMESTAMP '2019-02-03 00:43:14.881', TIMESTAMP '2019-02-03 00:43:14.881', 'Reply 5 Lorem ipsum dolor sit amet, consectetur adipiscing elit, sed d', 20, 284, 285);
INSERT INTO PUBLIC.COMMENTS(ID, CREATED_AT, UPDATED_AT, COMMENT, CREATED_BY_ID, LAW_ID, PARENT_ID) VALUES
(293, TIMESTAMP '2019-02-03 00:43:14.968', TIMESTAMP '2019-02-03 00:43:14.968', 'Comment on root level. I really like this idea, but needs to be improved. 1549150994968', 19, 292, NULL),
(294, TIMESTAMP '2019-02-03 00:43:14.971', TIMESTAMP '2019-02-03 00:43:14.971', 'Reply 0 Lorem ipsum dolor sit amet', 1, 292, 293),
(295, TIMESTAMP '2019-02-03 00:43:14.973', TIMESTAMP '2019-02-03 00:43:14.973', 'Reply 1 Lorem ipsum dolor sit amet, consectetur adipiscing ', 19, 292, 293),
(296, TIMESTAMP '2019-02-03 00:43:14.974', TIMESTAMP '2019-02-03 00:43:14.974', 'Reply 2 Lorem ipsum dolor sit amet, consectetur adip', 3, 292, 293),
(297, TIMESTAMP '2019-02-03 00:43:14.976', TIMESTAMP '2019-02-03 00:43:14.976', 'Reply 3 Lorem ipsum dolor sit amet, consectetur adipiscing elit, sed do eius', 13, 292, 293),
(299, TIMESTAMP '2019-02-03 00:43:15.056', TIMESTAMP '2019-02-03 00:43:15.056', 'Comment on root level. I really like this idea, but needs to be improved. 1549150995056', 17, 298, NULL),
(300, TIMESTAMP '2019-02-03 00:43:15.057', TIMESTAMP '2019-02-03 00:43:15.057', 'Reply 0 Lorem ipsum dolor sit amet, consectetur adipiscing elit, sed do eiusmod tempor incididunt ut lab', 18, 298, 299),
(301, TIMESTAMP '2019-02-03 00:43:15.059', TIMESTAMP '2019-02-03 00:43:15.059', 'Reply 1 Lorem ipsum dolor sit amet, consectetur ', 12, 298, 299),
(302, TIMESTAMP '2019-02-03 00:43:15.06', TIMESTAMP '2019-02-03 00:43:15.06', 'Reply 2 Lorem ipsum dolor sit amet, consectetur adipisci', 1, 298, 299),
(303, TIMESTAMP '2019-02-03 00:43:15.061', TIMESTAMP '2019-02-03 00:43:15.061', 'Reply 3 Lorem ipsum dolor sit amet, c', 7, 298, 299),
(304, TIMESTAMP '2019-02-03 00:43:15.062', TIMESTAMP '2019-02-03 00:43:15.062', 'Reply 4 Lorem ipsum dolor sit amet, consectetur adipiscing elit, sed do eius', 7, 298, 299),
(306, TIMESTAMP '2019-02-03 00:43:15.286', TIMESTAMP '2019-02-03 00:43:15.286', 'Comment on root level. I really like this idea, but needs to be improved. 1549150995286', 6, 305, NULL),
(307, TIMESTAMP '2019-02-03 00:43:15.287', TIMESTAMP '2019-02-03 00:43:15.287', 'Reply 0 Lorem ipsum dolor s', 15, 305, 306),
(308, TIMESTAMP '2019-02-03 00:43:15.288', TIMESTAMP '2019-02-03 00:43:15.288', 'Reply 1 Lorem ipsum dolor sit amet, consectetur adi', 19, 305, 306),
(309, TIMESTAMP '2019-02-03 00:43:15.289', TIMESTAMP '2019-02-03 00:43:15.289', 'Reply 2 Lorem ipsum dolor sit amet, consectetur adipiscing elit, sed do eiusmod tempor inci', 16, 305, 306),
(310, TIMESTAMP '2019-02-03 00:43:15.29', TIMESTAMP '2019-02-03 00:43:15.29', 'Reply 3 Lorem ipsum dolor sit amet, consectetur adipiscing elit, sed do eiusmod te', 8, 305, 306),
(313, TIMESTAMP '2019-02-03 00:43:15.31', TIMESTAMP '2019-02-03 00:43:15.31', 'Comment on root level. I really like this idea, but needs to be improved. 1549150995309', 6, 312, NULL),
(314, TIMESTAMP '2019-02-03 00:43:15.311', TIMESTAMP '2019-02-03 00:43:15.311', 'Reply 0 Lorem ipsum dolor sit amet, consectetur adipiscing elit, sed do eiusmod tempo', 3, 312, 313),
(315, TIMESTAMP '2019-02-03 00:43:15.312', TIMESTAMP '2019-02-03 00:43:15.312', 'Reply 1 Lorem ipsum dolor sit amet, consectetur adipiscing e', 2, 312, 313),
(316, TIMESTAMP '2019-02-03 00:43:15.313', TIMESTAMP '2019-02-03 00:43:15.313', 'Reply 2 Lorem ipsum dolor sit amet, consectetur adipiscing elit, sed do e', 4, 312, 313),
(317, TIMESTAMP '2019-02-03 00:43:15.315', TIMESTAMP '2019-02-03 00:43:15.315', 'Reply 3 Lorem ipsum dolor ', 12, 312, 313),
(319, TIMESTAMP '2019-02-03 00:43:15.386', TIMESTAMP '2019-02-03 00:43:15.386', 'Comment on root level. I really like this idea, but needs to be improved. 1549150995385', 11, 318, NULL),
(320, TIMESTAMP '2019-02-03 00:43:15.387', TIMESTAMP '2019-02-03 00:43:15.387', 'Reply 0 Lorem ipsum do', 3, 318, 319),
(321, TIMESTAMP '2019-02-03 00:43:15.389', TIMESTAMP '2019-02-03 00:43:15.389', 'Reply 1 Lorem ipsum dolor sit amet, consectetur adipiscing elit, sed do eiusmod tempor inci', 11, 318, 319),
(322, TIMESTAMP '2019-02-03 00:43:15.393', TIMESTAMP '2019-02-03 00:43:15.393', 'Reply 2 Lorem ipsum dolor si', 14, 318, 319);
INSERT INTO PUBLIC.COMMENTS(ID, CREATED_AT, UPDATED_AT, COMMENT, CREATED_BY_ID, LAW_ID, PARENT_ID) VALUES
(324, TIMESTAMP '2019-02-03 00:43:15.439', TIMESTAMP '2019-02-03 00:43:15.439', 'Comment on root level. I really like this idea, but needs to be improved. 1549150995439', 14, 323, NULL),
(325, TIMESTAMP '2019-02-03 00:43:15.441', TIMESTAMP '2019-02-03 00:43:15.441', 'Reply 0 Lorem ipsum dolor sit amet, consectetur adipiscing elit, sed ', 13, 323, 324),
(326, TIMESTAMP '2019-02-03 00:43:15.444', TIMESTAMP '2019-02-03 00:43:15.444', 'Reply 1 Lorem ipsum dolor sit amet, consectetur adipiscing elit, s', 8, 323, 324),
(327, TIMESTAMP '2019-02-03 00:43:15.447', TIMESTAMP '2019-02-03 00:43:15.447', 'Reply 2 Lorem ipsum dolo', 19, 323, 324),
(328, TIMESTAMP '2019-02-03 00:43:15.451', TIMESTAMP '2019-02-03 00:43:15.451', 'Reply 3 Lorem ipsum dolor s', 10, 323, 324),
(330, TIMESTAMP '2019-02-03 00:43:15.504', TIMESTAMP '2019-02-03 00:43:15.504', 'Comment on root level. I really like this idea, but needs to be improved. 1549150995503', 14, 329, NULL),
(331, TIMESTAMP '2019-02-03 00:43:15.505', TIMESTAMP '2019-02-03 00:43:15.505', 'Reply 0 Lorem ipsum dolor sit amet, consectetur adipiscing elit, sed do eiusmod tempor incididunt ut labo', 14, 329, 330),
(332, TIMESTAMP '2019-02-03 00:43:15.506', TIMESTAMP '2019-02-03 00:43:15.506', 'Reply 1 Lorem ipsum dolor si', 3, 329, 330),
(333, TIMESTAMP '2019-02-03 00:43:15.507', TIMESTAMP '2019-02-03 00:43:15.507', 'Reply 2 Lorem ipsum dolor sit amet, conse', 5, 329, 330),
(334, TIMESTAMP '2019-02-03 00:43:15.508', TIMESTAMP '2019-02-03 00:43:15.508', 'Reply 3 Lorem ipsum dolor sit amet, consecte', 17, 329, 330),
(335, TIMESTAMP '2019-02-03 00:43:15.509', TIMESTAMP '2019-02-03 00:43:15.509', 'Reply 4 Lorem ipsum dolor sit amet, consectetur adipiscing elit,', 14, 329, 330),
(336, TIMESTAMP '2019-02-03 00:43:15.509', TIMESTAMP '2019-02-03 00:43:15.509', 'Reply 5 Lorem ipsum dolor sit amet, consectetur adipiscing elit, sed do eiusmod tempor incididunt ut l', 6, 329, 330),
(337, TIMESTAMP '2019-02-03 00:43:15.51', TIMESTAMP '2019-02-03 00:43:15.51', 'Reply 6 Lorem ipsum dol', 14, 329, 330),
(338, TIMESTAMP '2019-02-03 00:43:15.511', TIMESTAMP '2019-02-03 00:43:15.511', 'Reply 7 Lorem ipsum dolor sit amet, conse', 1, 329, 330),
(356, TIMESTAMP '2019-02-03 00:43:21.319', TIMESTAMP '2019-02-03 00:43:21.319', 'Comment on root level. I really like this idea, but needs to be improved. 1549151001319', 18, 355, NULL),
(357, TIMESTAMP '2019-02-03 00:43:21.321', TIMESTAMP '2019-02-03 00:43:21.321', 'Reply 0 Lorem ipsum dolor sit amet, consectetur adipiscing elit, sed do eiusmod temp', 14, 355, 356),
(358, TIMESTAMP '2019-02-03 00:43:21.322', TIMESTAMP '2019-02-03 00:43:21.322', 'Reply 1 Lorem ipsum dolor sit amet, consectetur adipiscing elit, sed do eiusmo', 9, 355, 356),
(359, TIMESTAMP '2019-02-03 00:43:21.323', TIMESTAMP '2019-02-03 00:43:21.323', 'Reply 2 Lorem ipsum dolor sit amet, consectetur adipiscing elit, sed do ei', 15, 355, 356),
(360, TIMESTAMP '2019-02-03 00:43:21.324', TIMESTAMP '2019-02-03 00:43:21.324', 'Reply 3 Lorem ipsum dolor sit amet, consectetur adipiscing elit, sed do eiusmod tempor inc', 19, 355, 356),
(361, TIMESTAMP '2019-02-03 00:43:21.325', TIMESTAMP '2019-02-03 00:43:21.325', 'Reply 4 Lorem ipsum dolor sit amet, consectetur adipiscing elit, sed do eiusmod tempor incididunt ut ', 14, 355, 356),
(364, TIMESTAMP '2019-02-03 00:43:21.347', TIMESTAMP '2019-02-03 00:43:21.347', 'Comment on root level. I really like this idea, but needs to be improved. 1549151001346', 7, 363, NULL),
(365, TIMESTAMP '2019-02-03 00:43:21.348', TIMESTAMP '2019-02-03 00:43:21.348', 'Reply 0 Lorem ipsum dolor sit amet, consectetur adipiscing elit, sed do e', 4, 363, 364),
(366, TIMESTAMP '2019-02-03 00:43:21.35', TIMESTAMP '2019-02-03 00:43:21.35', 'Reply 1 Lorem ipsum dolor sit amet, consectetur adipiscing elit, sed do ', 14, 363, 364),
(367, TIMESTAMP '2019-02-03 00:43:21.351', TIMESTAMP '2019-02-03 00:43:21.351', 'Reply 2 Lorem ipsum dolor sit amet, consectetur adipiscing elit, sed do eiusmod tempor incididunt ut labore', 16, 363, 364);
INSERT INTO PUBLIC.COMMENTS(ID, CREATED_AT, UPDATED_AT, COMMENT, CREATED_BY_ID, LAW_ID, PARENT_ID) VALUES
(369, TIMESTAMP '2019-02-03 00:43:21.386', TIMESTAMP '2019-02-03 00:43:21.386', 'Comment on root level. I really like this idea, but needs to be improved. 1549151001386', 7, 368, NULL),
(370, TIMESTAMP '2019-02-03 00:43:21.388', TIMESTAMP '2019-02-03 00:43:21.388', 'Reply 0 Lorem ipsum ', 2, 368, 369),
(371, TIMESTAMP '2019-02-03 00:43:21.389', TIMESTAMP '2019-02-03 00:43:21.389', 'Reply 1 Lorem ipsum dolor si', 18, 368, 369),
(372, TIMESTAMP '2019-02-03 00:43:21.389', TIMESTAMP '2019-02-03 00:43:21.389', 'Reply 2 Lorem ipsum dolor sit amet, consectetur adipiscing elit, sed do eiusmod tempor incididunt ', 12, 368, 369),
(373, TIMESTAMP '2019-02-03 00:43:21.39', TIMESTAMP '2019-02-03 00:43:21.39', 'Reply 3 Lorem ipsum dolor sit amet, consectetur adipiscing elit, sed do eiusmod', 7, 368, 369),
(374, TIMESTAMP '2019-02-03 00:43:21.391', TIMESTAMP '2019-02-03 00:43:21.391', 'Reply 4 Lorem ipsum dolor sit amet, consectetur adipiscing elit, sed do eiusmod tempor incididunt ut ', 14, 368, 369),
(375, TIMESTAMP '2019-02-03 00:43:21.392', TIMESTAMP '2019-02-03 00:43:21.392', 'Reply 5 Lorem ipsu', 13, 368, 369),
(377, TIMESTAMP '2019-02-03 00:43:21.427', TIMESTAMP '2019-02-03 00:43:21.427', 'Comment on root level. I really like this idea, but needs to be improved. 1549151001426', 10, 376, NULL),
(378, TIMESTAMP '2019-02-03 00:43:21.428', TIMESTAMP '2019-02-03 00:43:21.428', 'Reply 0 Lorem ipsum dolor sit amet, consectetur adipiscing elit, sed do eiusmod temp', 12, 376, 377),
(379, TIMESTAMP '2019-02-03 00:43:21.429', TIMESTAMP '2019-02-03 00:43:21.429', 'Reply 1 Lorem ipsum dolor si', 20, 376, 377),
(381, TIMESTAMP '2019-02-03 00:43:21.493', TIMESTAMP '2019-02-03 00:43:21.493', 'Comment on root level. I really like this idea, but needs to be improved. 1549151001491', 1, 380, NULL),
(382, TIMESTAMP '2019-02-03 00:43:21.499', TIMESTAMP '2019-02-03 00:43:21.499', 'Reply 0 Lorem ipsum dolor sit amet, consectetur adipiscing elit, sed do ei', 19, 380, 381),
(383, TIMESTAMP '2019-02-03 00:43:21.503', TIMESTAMP '2019-02-03 00:43:21.503', 'Reply 1 Lorem ipsum dolor', 7, 380, 381),
(384, TIMESTAMP '2019-02-03 00:43:21.509', TIMESTAMP '2019-02-03 00:43:21.509', 'Reply 2 Lorem ipsum dolor sit amet, consectetur adipiscing elit, sed do eiusmod temp', 5, 380, 381),
(385, TIMESTAMP '2019-02-03 00:43:21.511', TIMESTAMP '2019-02-03 00:43:21.511', 'Reply 3 Lorem ipsum dolor sit amet, consectetur adipiscing elit', 11, 380, 381),
(386, TIMESTAMP '2019-02-03 00:43:21.515', TIMESTAMP '2019-02-03 00:43:21.515', 'Reply 4 Lorem ipsum dolor sit amet, consectetur adipi', 16, 380, 381);
CREATE MEMORY TABLE PUBLIC.COMMENTS_DOWN_VOTERS(
COMMENT_MODEL_ID BIGINT NOT NULL,
DOWN_VOTERS_ID BIGINT NOT NULL
);
ALTER TABLE PUBLIC.COMMENTS_DOWN_VOTERS ADD CONSTRAINT PUBLIC.CONSTRAINT_2 PRIMARY KEY(COMMENT_MODEL_ID, DOWN_VOTERS_ID);
-- 332 +/- SELECT COUNT(*) FROM PUBLIC.COMMENTS_DOWN_VOTERS;
INSERT INTO PUBLIC.COMMENTS_DOWN_VOTERS(COMMENT_MODEL_ID, DOWN_VOTERS_ID) VALUES
(194, 3),
(196, 8),
(196, 5),
(197, 13),
(197, 8),
(197, 12),
(199, 4),
(199, 6),
(199, 10),
(199, 12),
(200, 11),
(200, 7),
(200, 19),
(201, 9),
(202, 4),
(202, 2),
(203, 15),
(203, 12),
(204, 13),
(204, 6),
(206, 13),
(207, 10),
(207, 1),
(207, 9),
(208, 17),
(208, 19),
(209, 6),
(209, 3),
(210, 8),
(210, 18),
(210, 17),
(210, 7),
(210, 3),
(210, 19),
(212, 8),
(212, 7),
(212, 10),
(212, 16),
(214, 11),
(214, 9),
(215, 6),
(215, 18),
(215, 19),
(216, 5),
(217, 4),
(217, 7),
(217, 14),
(217, 5),
(220, 4),
(220, 3),
(221, 6),
(221, 20),
(221, 3),
(223, 4),
(223, 11),
(223, 20),
(223, 7),
(223, 9),
(234, 9),
(235, 4),
(235, 8),
(235, 20),
(235, 10),
(235, 1),
(235, 16),
(236, 2),
(236, 17),
(236, 14),
(236, 10),
(237, 13),
(237, 5),
(238, 17),
(238, 20),
(238, 10),
(243, 18),
(243, 10),
(244, 11),
(244, 17),
(245, 11),
(248, 2),
(248, 18),
(248, 7),
(248, 1),
(248, 16),
(249, 6),
(249, 11),
(252, 6),
(252, 8),
(252, 17),
(252, 7),
(252, 16),
(253, 2),
(254, 11),
(254, 15),
(254, 5),
(256, 13),
(256, 18),
(256, 3),
(257, 1),
(257, 5),
(258, 15),
(259, 8),
(259, 11),
(259, 14),
(259, 15),
(260, 2),
(260, 10),
(261, 17),
(261, 16),
(263, 8),
(263, 14),
(264, 13),
(264, 18),
(264, 20),
(265, 4),
(267, 2),
(267, 4),
(267, 17),
(267, 10),
(267, 15),
(268, 14),
(268, 3),
(268, 16),
(269, 20),
(270, 13),
(270, 8),
(270, 5),
(271, 13),
(271, 16),
(272, 2),
(272, 4),
(272, 17),
(272, 3),
(275, 16),
(278, 14),
(278, 3),
(278, 16),
(279, 17),
(279, 14),
(279, 3),
(279, 9),
(280, 4),
(280, 17),
(280, 20),
(282, 8),
(282, 3),
(282, 9),
(283, 6),
(283, 13),
(283, 10),
(283, 1),
(283, 16),
(283, 9),
(285, 8),
(285, 18),
(285, 7),
(285, 10),
(286, 2),
(286, 13),
(286, 12),
(287, 20),
(287, 19),
(287, 9),
(288, 3),
(288, 15),
(289, 7),
(289, 15),
(290, 17),
(291, 2),
(291, 13),
(291, 19),
(291, 9),
(294, 17),
(295, 7),
(295, 3),
(295, 15),
(295, 12),
(295, 5),
(297, 18),
(297, 1),
(297, 3),
(297, 15),
(300, 14),
(301, 2),
(301, 14),
(303, 2),
(303, 11),
(306, 13),
(307, 13),
(308, 14),
(308, 9),
(309, 8),
(309, 20),
(309, 7),
(309, 10),
(310, 2),
(310, 20),
(313, 14),
(313, 5),
(314, 6),
(315, 4),
(315, 13),
(315, 17),
(315, 1),
(316, 1),
(317, 4),
(317, 11),
(317, 14),
(317, 3),
(317, 5),
(319, 8),
(319, 20),
(319, 10),
(319, 12),
(320, 8),
(320, 18),
(320, 3),
(321, 11),
(321, 18),
(321, 19),
(321, 15),
(322, 4),
(322, 11),
(322, 15),
(325, 19),
(325, 5),
(326, 2),
(326, 11),
(327, 4),
(327, 6),
(327, 18),
(328, 13),
(328, 14),
(328, 1),
(328, 12),
(328, 9),
(330, 2),
(330, 8),
(330, 16),
(332, 2),
(332, 20),
(333, 18),
(333, 3),
(333, 19),
(333, 15),
(334, 3),
(334, 16),
(335, 6),
(335, 8),
(336, 14),
(336, 15),
(337, 13),
(337, 17),
(338, 4),
(338, 6),
(338, 11),
(338, 14),
(338, 10),
(356, 11),
(356, 14),
(356, 5),
(357, 20),
(357, 15),
(358, 8),
(359, 11),
(359, 10),
(360, 2),
(360, 14),
(361, 17),
(361, 7),
(361, 9),
(365, 11),
(365, 18),
(365, 7),
(365, 3),
(366, 13),
(366, 7),
(367, 13),
(367, 17),
(367, 19),
(369, 13),
(369, 10),
(369, 1),
(369, 9),
(370, 5),
(371, 13),
(371, 6),
(372, 13),
(372, 12),
(372, 9),
(373, 17),
(373, 20),
(373, 9),
(374, 13),
(374, 6),
(374, 15),
(374, 5),
(375, 19),
(375, 12),
(377, 8),
(377, 15),
(377, 12),
(377, 5),
(378, 8),
(378, 11),
(378, 20),
(378, 14),
(378, 7),
(378, 1),
(378, 19),
(379, 11),
(381, 4),
(381, 13),
(381, 5),
(381, 9),
(382, 3),
(382, 5),
(382, 12),
(383, 5),
(384, 13),
(384, 8),
(384, 10),
(384, 19),
(384, 5),
(385, 4),
(385, 6),
(385, 8),
(385, 17),
(385, 1),
(386, 18),
(386, 15),
(386, 12);
CREATE MEMORY TABLE PUBLIC.COMMENTS_UP_VOTERS(
COMMENT_MODEL_ID BIGINT NOT NULL,
UP_VOTERS_ID BIGINT NOT NULL
);
ALTER TABLE PUBLIC.COMMENTS_UP_VOTERS ADD CONSTRAINT PUBLIC.CONSTRAINT_20 PRIMARY KEY(COMMENT_MODEL_ID, UP_VOTERS_ID);
-- 312 +/- SELECT COUNT(*) FROM PUBLIC.COMMENTS_UP_VOTERS;
INSERT INTO PUBLIC.COMMENTS_UP_VOTERS(COMMENT_MODEL_ID, UP_VOTERS_ID) VALUES
(194, 4),
(195, 4),
(195, 15),
(196, 20),
(197, 2),
(197, 13),
(197, 17),
(197, 1),
(197, 5),
(199, 4),
(199, 19),
(199, 9),
(200, 2),
(200, 11),
(200, 14),
(200, 3),
(202, 14),
(202, 15),
(202, 5),
(204, 6),
(204, 1),
(204, 5),
(204, 9),
(206, 15),
(207, 4),
(207, 2),
(207, 13),
(207, 10),
(207, 1),
(207, 5),
(207, 12),
(208, 2),
(208, 17),
(208, 15),
(209, 10),
(210, 13),
(210, 6),
(210, 17),
(210, 7),
(212, 5),
(214, 19),
(215, 10),
(217, 2),
(217, 19),
(220, 6),
(220, 15),
(221, 14),
(221, 12),
(221, 5),
(222, 2),
(222, 17),
(222, 5),
(223, 20),
(234, 4),
(234, 16),
(234, 12),
(235, 14),
(235, 9),
(236, 6),
(236, 1),
(236, 15),
(236, 12),
(237, 15),
(238, 1),
(238, 5),
(238, 12),
(243, 7),
(243, 16),
(244, 20),
(244, 7),
(245, 13),
(245, 11),
(245, 18),
(245, 1),
(245, 9),
(246, 12),
(248, 20),
(248, 1),
(248, 3),
(250, 8),
(250, 17),
(250, 15),
(251, 8),
(251, 16),
(252, 4),
(252, 5),
(253, 14),
(253, 16),
(254, 13),
(254, 20),
(256, 8),
(257, 2),
(258, 5),
(259, 20),
(260, 10),
(260, 9),
(261, 13),
(261, 6),
(261, 18),
(261, 10),
(261, 3),
(261, 16),
(261, 9),
(263, 6),
(263, 8),
(264, 8),
(264, 14),
(265, 2),
(265, 9),
(267, 2),
(268, 2),
(268, 18),
(268, 3),
(268, 12),
(270, 15),
(271, 14),
(271, 16),
(272, 6),
(272, 18),
(273, 4),
(273, 12),
(274, 11),
(274, 15),
(274, 9),
(275, 1),
(275, 15),
(278, 19),
(279, 18),
(279, 19),
(279, 9),
(280, 20),
(280, 9),
(282, 13),
(282, 18),
(282, 17),
(283, 13),
(283, 18),
(285, 5),
(286, 7),
(286, 15),
(288, 6),
(288, 14),
(289, 4),
(289, 2),
(290, 10),
(290, 19),
(291, 7),
(291, 1),
(291, 19),
(293, 4),
(293, 2),
(293, 14),
(293, 15),
(293, 9),
(295, 11),
(295, 17),
(295, 10),
(296, 4),
(296, 8),
(296, 3),
(296, 16),
(297, 13),
(297, 16),
(299, 4),
(299, 15),
(300, 2),
(300, 17),
(300, 15),
(301, 17),
(302, 13),
(302, 10),
(302, 19),
(303, 3),
(303, 16),
(303, 12),
(304, 2),
(304, 7),
(306, 3),
(306, 9),
(307, 4),
(307, 17),
(307, 14),
(307, 5),
(308, 11),
(308, 3),
(309, 6),
(309, 20),
(309, 10),
(309, 5),
(310, 6),
(313, 6),
(313, 18),
(313, 7),
(313, 10),
(313, 16),
(314, 19),
(315, 12),
(315, 9),
(316, 1),
(316, 19),
(316, 5),
(317, 7),
(317, 5),
(319, 13),
(320, 2),
(320, 13),
(320, 1),
(320, 19),
(320, 9),
(321, 2),
(321, 8),
(321, 18),
(321, 7),
(322, 6),
(322, 13),
(322, 11),
(322, 9),
(324, 2),
(324, 10),
(324, 19),
(325, 2),
(325, 18),
(326, 6),
(326, 8),
(326, 20),
(326, 19),
(327, 2),
(327, 16),
(327, 5),
(328, 17),
(328, 20),
(328, 19),
(328, 12),
(328, 5),
(330, 2),
(330, 13),
(330, 10),
(330, 1),
(331, 4),
(331, 14),
(331, 10),
(332, 20),
(332, 12),
(333, 16),
(334, 11),
(334, 14),
(334, 3),
(334, 16),
(335, 8),
(335, 11),
(336, 2),
(336, 8),
(336, 19),
(336, 9),
(337, 4),
(337, 13),
(337, 18),
(337, 16),
(338, 4),
(338, 6),
(338, 11),
(338, 7),
(338, 15),
(356, 20),
(356, 12),
(356, 9),
(357, 18),
(357, 19),
(357, 15),
(358, 11),
(358, 16),
(359, 4),
(359, 20),
(360, 2),
(360, 17),
(360, 14),
(364, 4),
(364, 6),
(364, 16),
(365, 20),
(365, 10),
(366, 4),
(366, 12),
(367, 6),
(367, 11),
(367, 3),
(369, 7),
(369, 9),
(370, 17),
(370, 7),
(372, 13),
(372, 17),
(372, 16),
(375, 2),
(377, 11),
(377, 17),
(379, 4),
(379, 19),
(379, 15),
(379, 5),
(381, 17),
(381, 14),
(381, 1),
(382, 13),
(383, 17),
(383, 7),
(383, 15),
(385, 11),
(385, 14),
(385, 15),
(385, 5),
(385, 9);
CREATE MEMORY TABLE PUBLIC.DELEGATIONS(
ID BIGINT NOT NULL,
CREATED_AT TIMESTAMP NOT NULL,
UPDATED_AT TIMESTAMP NOT NULL,
REQUESTED_DELEGATION_AT TIMESTAMP,
TRANSITIVE BOOLEAN NOT NULL,
AREA_ID BIGINT NOT NULL,
FROM_USER_ID BIGINT NOT NULL,
REQUESTED_DELEGATION_FROM_CHECKSUM_CHECKSUM VARCHAR(255),
TO_PROXY_ID BIGINT NOT NULL
);
ALTER TABLE PUBLIC.DELEGATIONS ADD CONSTRAINT PUBLIC.CONSTRAINT_8 PRIMARY KEY(ID);
-- 9 +/- SELECT COUNT(*) FROM PUBLIC.DELEGATIONS;
INSERT INTO PUBLIC.DELEGATIONS(ID, CREATED_AT, UPDATED_AT, REQUESTED_DELEGATION_AT, TRANSITIVE, AREA_ID, FROM_USER_ID, REQUESTED_DELEGATION_FROM_CHECKSUM_CHECKSUM, TO_PROXY_ID) VALUES
(224, TIMESTAMP '2019-02-03 00:43:09.504', TIMESTAMP '2019-02-03 00:43:09.504', NULL, TRUE, 21, 2, NULL, 1),
(225, TIMESTAMP '2019-02-03 00:43:10.15', TIMESTAMP '2019-02-03 00:43:10.15', NULL, TRUE, 21, 3, NULL, 1),
(226, TIMESTAMP '2019-02-03 00:43:10.771', TIMESTAMP '2019-02-03 00:43:10.771', NULL, TRUE, 21, 4, NULL, 1),
(227, TIMESTAMP '2019-02-03 00:43:11.273', TIMESTAMP '2019-02-03 00:43:11.273', TIMESTAMP '2019-02-03 00:43:11.272', TRUE, 21, 5, '$2a$10$1IdrGrRAN2Wp3U7QI.JIzuaW/fGb8Z2mJgsKxYwe5.NrtAFNxSQVS', 2),
(228, TIMESTAMP '2019-02-03 00:43:11.899', TIMESTAMP '2019-02-03 00:43:11.899', NULL, TRUE, 21, 6, NULL, 3),
(229, TIMESTAMP '2019-02-03 00:43:12.524', TIMESTAMP '2019-02-03 00:43:12.524', NULL, TRUE, 21, 7, NULL, 4),
(230, TIMESTAMP '2019-02-03 00:43:13.148', TIMESTAMP '2019-02-03 00:43:13.148', NULL, TRUE, 21, 10, NULL, 7),
(231, TIMESTAMP '2019-02-03 00:43:13.766', TIMESTAMP '2019-02-03 00:43:13.766', NULL, TRUE, 21, 11, NULL, 7),
(232, TIMESTAMP '2019-02-03 00:43:14.381', TIMESTAMP '2019-02-03 00:43:14.381', NULL, FALSE, 21, 12, NULL, 7);
CREATE MEMORY TABLE PUBLIC.KEY_VALUE(
ID BIGINT NOT NULL,
KEY_COL VARCHAR(255) NOT NULL,
VALUE_COL VARCHAR(255)
);
ALTER TABLE PUBLIC.KEY_VALUE ADD CONSTRAINT PUBLIC.CONSTRAINT_7 PRIMARY KEY(ID);
-- 3 +/- SELECT COUNT(*) FROM PUBLIC.KEY_VALUE;
INSERT INTO PUBLIC.KEY_VALUE(ID, KEY_COL, VALUE_COL) VALUES
(32, 'liquido.supporters.for.proposal', '10'),
(239, 'liquido.days.until.voting.starts', '14'),
(240, 'liquido.duration.of.voting.phase', '14');
CREATE MEMORY TABLE PUBLIC.LAWS(
ID BIGINT NOT NULL,
CREATED_AT TIMESTAMP NOT NULL,
UPDATED_AT TIMESTAMP NOT NULL,
DESCRIPTION VARCHAR(1000) NOT NULL,
REACHED_QUORUM_AT TIMESTAMP,
STATUS INTEGER NOT NULL,
TITLE VARCHAR(255) NOT NULL,
AREA_ID BIGINT NOT NULL,
CREATED_BY_ID BIGINT,
POLL_ID BIGINT
);
ALTER TABLE PUBLIC.LAWS ADD CONSTRAINT PUBLIC.CONSTRAINT_23 PRIMARY KEY(ID);
-- 188 +/- SELECT COUNT(*) FROM PUBLIC.LAWS;
INSERT INTO PUBLIC.LAWS(ID, CREATED_AT, UPDATED_AT, DESCRIPTION, REACHED_QUORUM_AT, STATUS, TITLE, AREA_ID, CREATED_BY_ID, POLL_ID) VALUES
(31, TIMESTAMP '2019-02-02 00:43:05.584', TIMESTAMP '2019-02-03 00:43:05.585', 'kva2eRCM Lorem ipsum dolor sit amet, consectetur adipiscing elit, sed do eiusmod tempor incididunt ut labore et dolore magna aliqua. Ut enim ad minim veniam, quis nostrud exercitation ullamco laboris nisi u', NULL, 0, 'Idea 0 that suggest that we definitely need a longer title for ideas', 21, 18, NULL),
(33, TIMESTAMP '2019-02-01 00:43:05.641', TIMESTAMP '2019-02-02 00:43:05.641', 'Gjx6Xal8 Lorem ipsum dolor sit amet, consectetur adipiscing elit, sed do eiusmod tempor incididunt ut labore et dolore magna aliqua. Ut enim ad minim veniam, quis nostrud exercitation ullamco laboris nisi ut aliquip ex ea commodo consequat. Duis aute irure dolor in reprehenderit in voluptate velit esse cil', NULL, 0, 'Idea 1 that suggest that we definitely need a longer title for ideas', 22, 2, NULL),
(34, TIMESTAMP '2019-01-31 00:43:05.712', TIMESTAMP '2019-02-01 00:43:05.712', 'lpMkftG4 Lorem ipsum dolor sit amet, consectetur adipiscing elit, sed do eiusmod tempor incididunt ut labore et d', NULL, 0, 'Idea 2 that suggest that we definitely need a longer title for ideas', 23, 2, NULL),
(35, TIMESTAMP '2019-01-30 00:43:05.737', TIMESTAMP '2019-01-31 00:43:05.737', 'M4gysTmq Lorem ipsum dolor sit amet, consectetur adipiscing elit, sed do eiusmod tempor incididunt ut labore et dolore magna aliqua. Ut enim ad minim veniam, quis nostrud exercitation ullamco laboris nisi ut aliquip ex ea commodo consequat. Duis aute irure dolor in reprehenderit in voluptate velit esse cillum dolore eu fugiat nulla pariatur. Excepteur sint occaecat cupidatat non proident,', NULL, 0, 'Idea 3 that suggest that we definitely need a longer title for ideas', 24, 13, NULL),
(36, TIMESTAMP '2019-01-29 00:43:05.753', TIMESTAMP '2019-01-30 00:43:05.753', 'Ze4NXq74 Lorem ipsum dolor sit amet, consectetur adipiscing elit, sed do eiusmod tempor incididunt ut labore e', NULL, 0, 'Idea 4 that suggest that we definitely need a longer title for ideas', 25, 2, NULL),
(37, TIMESTAMP '2019-01-28 00:43:05.778', TIMESTAMP '2019-01-29 00:43:05.778', '1RIuyeua Lorem ipsum dolor sit amet, consectetur adipiscing elit, sed do eiusmod', NULL, 0, 'Idea 5 that suggest that we definitely need a longer title for ideas', 26, 9, NULL),
(38, TIMESTAMP '2019-01-27 00:43:05.79', TIMESTAMP '2019-01-28 00:43:05.79', 'V7sPYZzi Lorem ipsum dolor sit amet, consectetur adipiscing elit, sed do eiusmod tempor incididunt ut labore et dolore magna aliqua. Ut enim ad minim veniam, quis nostrud ex', NULL, 0, 'Idea 6 that suggest that we definitely need a longer title for ideas', 27, 18, NULL),
(39, TIMESTAMP '2019-01-26 00:43:05.845', TIMESTAMP '2019-01-27 00:43:05.846', 'KhSG9u2j Lorem ipsum dolor sit amet, consectetur adipiscing elit, sed do eiusmod tempor incididunt ut labore et dolore magna aliqua. Ut enim ad minim veniam, quis nostrud exercitation ullamco laboris nisi ut aliquip ex ea commodo consequa', NULL, 0, 'Idea 7 that suggest that we definitely need a longer title for ideas', 28, 9, NULL),
(40, TIMESTAMP '2019-01-25 00:43:05.886', TIMESTAMP '2019-01-26 00:43:05.886', 'HummlCyy Lorem ipsum dolor sit amet, consectetur adipiscing elit, sed do eiusmod tempor incididunt ut labore et dolore magna aliqua. Ut enim ad minim veniam, quis no', NULL, 0, 'Idea 8 that suggest that we definitely need a longer title for ideas', 29, 12, NULL),
(41, TIMESTAMP '2019-01-24 00:43:05.899', TIMESTAMP '2019-01-25 00:43:05.899', 'sYRar2uB Lorem ipsum dolor sit amet, consectetur adipiscing elit, sed do eiusmod tempor incididunt ut labore et dolore magna aliqua. Ut enim ad minim veniam, quis nostrud exercitation ullamco laboris nisi ut aliquip ex ea commodo', NULL, 0, 'Idea 9 that suggest that we definitely need a longer title for ideas', 30, 16, NULL),
(42, TIMESTAMP '2019-01-23 00:43:05.918', TIMESTAMP '2019-01-24 00:43:05.918', 'JIc8oUQH Lorem ipsum dolor sit amet, consectetur adipiscing elit, sed', NULL, 0, 'Idea 10 that suggest that we definitely need a longer title for ideas', 21, 4, NULL);
INSERT INTO PUBLIC.LAWS(ID, CREATED_AT, UPDATED_AT, DESCRIPTION, REACHED_QUORUM_AT, STATUS, TITLE, AREA_ID, CREATED_BY_ID, POLL_ID) VALUES
(43, TIMESTAMP '2019-01-22 00:43:05.925', TIMESTAMP '2019-01-23 00:43:05.925', 'zVcNKieh Lorem ipsum dolor sit amet, consectetur adipiscing elit, sed do eiusmod tempor incididunt ut labore et dolore magna aliqua. Ut enim ad minim veniam, quis nostrud exercita', NULL, 0, 'Idea 11 that suggest that we definitely need a longer title for ideas', 22, 5, NULL),
(44, TIMESTAMP '2019-01-21 00:43:05.958', TIMESTAMP '2019-01-22 00:43:05.958', 'UnYNzD4C Lorem ipsum dolor sit amet, consectetur adipiscing elit, sed do eiusmod tempor incididunt ut labore et dolore m', NULL, 0, 'Idea 12 that suggest that we definitely need a longer title for ideas', 23, 18, NULL),
(45, TIMESTAMP '2019-01-20 00:43:05.969', TIMESTAMP '2019-01-21 00:43:05.969', 'zbVb1YgN Lorem ipsum dolor sit amet, consectetur adipiscing elit, sed do eiusmod tempor incididunt ut labore et dolore magna aliqua. Ut enim ad minim veniam, quis nostrud exercitation ullamco laboris nisi ut aliquip ex ea commodo cons', NULL, 0, 'Idea 13 that suggest that we definitely need a longer title for ideas', 24, 3, NULL),
(46, TIMESTAMP '2019-01-19 00:43:05.976', TIMESTAMP '2019-01-20 00:43:05.976', 'P1pwpiHW Lorem ipsum dolor sit amet, consectetur adipiscing elit, sed do eiusmod tempor incididunt ut labore et dolore magna aliqua. Ut enim ad minim veniam, quis nostrud exercitation ullamco laboris nisi ut aliquip ex ea commodo consequat. Duis aute ir', NULL, 0, 'Idea 14 that suggest that we definitely need a longer title for ideas', 25, 15, NULL),
(47, TIMESTAMP '2019-01-18 00:43:05.987', TIMESTAMP '2019-01-19 00:43:05.987', 'n0wLhN9i Lorem ipsum dolor sit amet, consectetur adipiscing elit, sed do eiusmod tempor incididunt ut labore et dolore magna aliqua. Ut enim ad m', NULL, 0, 'Idea 15 that suggest that we definitely need a longer title for ideas', 26, 4, NULL),
(48, TIMESTAMP '2019-01-17 00:43:05.995', TIMESTAMP '2019-01-18 00:43:05.995', 'tb6GF1pB Lorem ipsum dolor sit amet, consectetur adipiscing elit, sed do eiusmod tempor incididunt ut labore et dolore magna aliqua. Ut enim ad minim veniam, quis nostrud exercitation ullamco laboris nisi ut aliquip ex ea commodo consequat. Duis aute irure dolor in reprehenderit in voluptate velit', NULL, 0, 'Idea 16 that suggest that we definitely need a longer title for ideas', 27, 9, NULL),
(49, TIMESTAMP '2019-01-16 00:43:06.005', TIMESTAMP '2019-01-17 00:43:06.005', 'aqVa3gjU Lorem ipsum dolor sit amet, consectetur adipiscing elit, sed do eiusmod tempor incididunt ut labore et dolore magna aliqua. Ut enim ad minim veniam, quis nostrud exercitation ullamco laboris nisi ut aliquip ex ea commodo consequat. Duis aute irure dolor in reprehenderit in vol', NULL, 0, 'Idea 17 that suggest that we definitely need a longer title for ideas', 28, 2, NULL),
(50, TIMESTAMP '2019-01-15 00:43:06.024', TIMESTAMP '2019-01-16 00:43:06.025', '9cNO1MXv Lorem ipsum dolor sit amet, consectetur adipiscing elit, sed do eiusmod tempor incididunt ut labore et dolore magna aliqua. Ut enim ad minim veniam, quis nostrud exercitation ullamco laboris nisi ut aliquip ex ea commodo conseq', NULL, 0, 'Idea 18 that suggest that we definitely need a longer title for ideas', 29, 12, NULL),
(51, TIMESTAMP '2019-01-14 00:43:06.043', TIMESTAMP '2019-01-15 00:43:06.044', 'PEbKmHWg Lorem ipsum dolor sit amet, consectetur adipiscing elit, sed do eiusmod tempor incididunt ut labore et dolore magna aliqua. Ut enim ad minim veniam, quis nostrud exercitation ullamco laboris nisi ut aliquip ex ea commodo consequat. Duis aute irure dolor in reprehenderit in voluptate velit esse cillum dolore e', NULL, 0, 'Idea 19 that suggest that we definitely need a longer title for ideas', 30, 14, NULL),
(52, TIMESTAMP '2019-01-13 00:43:06.055', TIMESTAMP '2019-01-14 00:43:06.055', '2H1zGYsy Lorem ipsum dolor sit ame', NULL, 0, 'Idea 20 that suggest that we definitely need a longer title for ideas', 21, 16, NULL),
(53, TIMESTAMP '2019-01-12 00:43:06.088', TIMESTAMP '2019-01-13 00:43:06.088', '6bTbIGzH Lorem ipsum dolor sit amet, consectetur adipiscing elit, sed do eiusmod tempor incididunt ut labore et dolore magna aliqua. Ut enim ad minim veniam, quis nostrud exercitation ullamco laboris nisi ut aliquip ex ea commodo consequat. Duis aute irure dolor in reprehenderit in voluptate velit esse cillum dolore eu fugiat nulla pariatur. Excepteur sint', NULL, 0, 'Idea 21 that suggest that we definitely need a longer title for ideas', 22, 5, NULL);
INSERT INTO PUBLIC.LAWS(ID, CREATED_AT, UPDATED_AT, DESCRIPTION, REACHED_QUORUM_AT, STATUS, TITLE, AREA_ID, CREATED_BY_ID, POLL_ID) VALUES
(54, TIMESTAMP '2019-01-11 00:43:06.106', TIMESTAMP '2019-01-12 00:43:06.106', 'j0D2xsRz Lorem ipsum dolor sit amet, consectetur adipiscing elit, sed do eiusmod tempor incididunt ut labore et dolore magna aliqua. Ut enim ad minim veniam, quis nostrud exercitati', NULL, 0, 'Idea 22 that suggest that we definitely need a longer title for ideas', 23, 1, NULL),
(55, TIMESTAMP '2019-01-10 00:43:06.118', TIMESTAMP '2019-01-11 00:43:06.118', 'ZargLfDG Lorem ipsum dolor sit amet, consect', NULL, 0, 'Idea 23 that suggest that we definitely need a longer title for ideas', 24, 1, NULL),
(56, TIMESTAMP '2019-01-09 00:43:06.126', TIMESTAMP '2019-01-10 00:43:06.127', 'wx2gkSGk Lorem ipsum dolor sit amet, consectetur adipiscing elit, sed do eiusmod tempor incididunt ut labore et dolore magna aliqua. Ut enim ad minim veniam, quis nostrud exercitation ullamco laboris nisi ut aliquip ex ea commodo consequat. Duis aute irure dolor in reprehenderit in voluptate velit esse ', NULL, 0, 'Idea 24 that suggest that we definitely need a longer title for ideas', 25, 9, NULL),
(57, TIMESTAMP '2019-01-08 00:43:06.162', TIMESTAMP '2019-01-09 00:43:06.164', 'aifhAXMJ Lorem ipsum dolor sit amet, consectetur adipiscing elit, sed do eiusmod tempor incididunt ut labo', NULL, 0, 'Idea 25 that suggest that we definitely need a longer title for ideas', 26, 3, NULL),
(58, TIMESTAMP '2019-01-07 00:43:06.175', TIMESTAMP '2019-01-08 00:43:06.175', 'rWwQnT8g Lorem ipsum dolor sit amet, consect', NULL, 0, 'Idea 26 that suggest that we definitely need a longer title for ideas', 27, 6, NULL),
(59, TIMESTAMP '2019-01-06 00:43:06.195', TIMESTAMP '2019-01-07 00:43:06.196', 'cZYzwptl Lorem ipsum dolor sit amet, consectetur adipiscing elit, sed do eiusmod tempor incididunt ut labore et dolore magna aliqua. Ut enim ad minim veniam, quis nostrud exercitation ullamco laboris nisi ut aliquip ex ea commodo conseq', NULL, 0, 'Idea 27 that suggest that we definitely need a longer title for ideas', 28, 20, NULL),
(60, TIMESTAMP '2019-01-05 00:43:06.208', TIMESTAMP '2019-01-06 00:43:06.208', '3hefyzuN Lorem ipsum dolor sit amet, consectetur adipiscing elit, sed do eiusmod tempor incididunt ut labore et dolore magna aliqua. Ut enim ad minim veniam, quis nostrud exercitation ullamco laboris nisi ut aliquip ex ea commodo consequat. Duis aute irure do', NULL, 0, 'Idea 28 that suggest that we definitely need a longer title for ideas', 29, 10, NULL),
(61, TIMESTAMP '2019-01-04 00:43:06.216', TIMESTAMP '2019-01-05 00:43:06.216', 'IZv9QCa9 Lorem ipsum dolor sit amet, consectetur adipiscing elit, sed do eiusmod tempor incididunt ut labore et dolore magna aliqua. Ut enim ad minim veniam, quis nostrud exercitation ullamco laboris nisi ut aliquip ex ea commodo consequat. Duis aute irure dolor in reprehende', NULL, 0, 'Idea 29 that suggest that we definitely need a longer title for ideas', 30, 4, NULL),
(62, TIMESTAMP '2019-01-03 00:43:06.251', TIMESTAMP '2019-01-04 00:43:06.255', 'k6Hp32gu Lorem ipsum dolor sit amet, consectetur adipiscing elit, sed do eiusmod tempor incididunt ut labore et dolore magna aliqua. Ut enim ad minim veniam, quis nostrud exercitation ullamco laboris nisi ut aliquip ex ea commodo consequat. Duis a', NULL, 0, 'Idea 30 that suggest that we definitely need a longer title for ideas', 21, 12, NULL),
(63, TIMESTAMP '2019-01-02 00:43:06.3', TIMESTAMP '2019-01-03 00:43:06.3', 'AERifqmy Lorem ipsum dolor sit amet, consectetur adipiscing elit, sed do eiusmod tempor incididunt ut labore et dolore magna aliqua. Ut enim ad minim veniam, quis nostrud exercitation ullamco laboris nisi ut aliquip ex ea commodo consequat. Duis aute irure dolor in reprehenderit in voluptate velit esse cillum dolore eu fugiat nulla pariatur. Excepteur sint occaecat cupidatat ', NULL, 0, 'Idea 31 that suggest that we definitely need a longer title for ideas', 22, 13, NULL),
(64, TIMESTAMP '2019-01-01 00:43:06.314', TIMESTAMP '2019-01-02 00:43:06.315', 'OHy3ohFW Lorem ipsum dolor sit amet, consectetur adipiscing elit, sed do eiusmod tempor incididunt ut labore et dolore magna aliqua. Ut enim ad minim veniam, quis nostrud exercitation ullamco laboris nisi ut aliquip ex ea commodo consequat. Duis aute irure dolor in reprehenderit in voluptate velit esse cillum dolore eu fugiat nulla pariatur. Except', NULL, 0, 'Idea 32 that suggest that we definitely need a longer title for ideas', 23, 13, NULL);
INSERT INTO PUBLIC.LAWS(ID, CREATED_AT, UPDATED_AT, DESCRIPTION, REACHED_QUORUM_AT, STATUS, TITLE, AREA_ID, CREATED_BY_ID, POLL_ID) VALUES
(65, TIMESTAMP '2018-12-31 00:43:06.329', TIMESTAMP '2019-01-01 00:43:06.33', 'kscmuBZJ Lorem ipsum dolor sit amet, consectetur adipiscing el', NULL, 0, 'Idea 33 that suggest that we definitely need a longer title for ideas', 24, 17, NULL),
(66, TIMESTAMP '2018-12-30 00:43:06.343', TIMESTAMP '2018-12-31 00:43:06.344', '8UfmQi9Z Lorem ipsum dolor sit amet, consect', NULL, 0, 'Idea 34 that suggest that we definitely need a longer title for ideas', 25, 19, NULL),
(67, TIMESTAMP '2018-12-29 00:43:06.354', TIMESTAMP '2018-12-30 00:43:06.356', 'Mc8jCFHE Lorem ipsum dolor sit amet, consectetur adipiscing elit, ', NULL, 0, 'Idea 35 that suggest that we definitely need a longer title for ideas', 26, 9, NULL),
(68, TIMESTAMP '2018-12-28 00:43:06.378', TIMESTAMP '2018-12-29 00:43:06.378', 'Z40BUdCW Lorem ipsum dolor sit amet, consectetur adipiscing elit, sed do eiusmod tempor incididun', NULL, 0, 'Idea 36 that suggest that we definitely need a longer title for ideas', 27, 5, NULL),
(69, TIMESTAMP '2018-12-27 00:43:06.385', TIMESTAMP '2018-12-28 00:43:06.385', 'lE2hu4nH Lorem ipsum dolor sit amet, consectetur adipiscing elit, sed do eiusmod tempor incididunt ut labore et', NULL, 0, 'Idea 37 that suggest that we definitely need a longer title for ideas', 28, 4, NULL),
(70, TIMESTAMP '2018-12-26 00:43:06.395', TIMESTAMP '2018-12-27 00:43:06.395', 'i5Lo8F15 Lorem ipsum dolor sit amet, consectetur adipiscing elit, sed do eiusmod tempor incididunt ut labore et dolore magna aliqua. Ut enim ad minim veniam, quis nostrud exercitation ullamco laboris nisi ut aliquip ex ea commodo consequat. Duis aute irure dolor in reprehenderit in voluptate velit esse ci', NULL, 0, 'Idea 38 that suggest that we definitely need a longer title for ideas', 29, 11, NULL),
(71, TIMESTAMP '2018-12-25 00:43:06.402', TIMESTAMP '2018-12-26 00:43:06.402', 'xpkVJMnV Lorem ipsum dolor sit amet, consectetur adipiscing elit, sed do eiusmod tempor incididunt ut labore et dolore magna aliqua. Ut enim ad minim veniam, quis nostrud exercit', NULL, 0, 'Idea 39 that suggest that we definitely need a longer title for ideas', 30, 14, NULL),
(72, TIMESTAMP '2018-12-24 00:43:06.418', TIMESTAMP '2018-12-25 00:43:06.418', 'uCnFkUUu Lorem ipsum dolor sit amet, consectetur adipiscing elit, sed do eiusmod tempor incididunt ut labore et dolore magna aliqua. Ut enim ad minim veniam, quis nostrud exercitation ullamco laboris nisi ut aliquip ex ea commodo consequat. Duis aute ', NULL, 0, 'Idea 40 that suggest that we definitely need a longer title for ideas', 21, 7, NULL),
(73, TIMESTAMP '2018-12-23 00:43:06.445', TIMESTAMP '2018-12-24 00:43:06.446', 'hNAVCpT4 Lorem ipsum dolor sit amet, consectetur adipiscing elit, sed do eiusmod tempor incididunt ut labore et dolore magna aliqua. Ut enim ad minim veniam, quis nostrud exercitation ullamco laboris nisi ut aliquip ex ea commodo consequat. Duis aute irure dolor in ', NULL, 0, 'Idea 41 that suggest that we definitely need a longer title for ideas', 22, 13, NULL),
(74, TIMESTAMP '2018-12-22 00:43:06.484', TIMESTAMP '2018-12-23 00:43:06.484', 'gWsJ9yMO Lorem ipsum dolor sit amet, consectetur adipiscing elit, sed do eiusmod tempor incididunt ut labore et dolore magna aliqua. Ut enim ad minim veniam, quis nostrud exercitation ullamco laboris nisi ut aliquip ex ea commodo consequat. Duis aute irure dolor in reprehenderit ', NULL, 0, 'Idea 42 that suggest that we definitely need a longer title for ideas', 23, 19, NULL),
(75, TIMESTAMP '2018-12-21 00:43:06.499', TIMESTAMP '2018-12-22 00:43:06.499', 'MOMIuela Lorem ipsum dolor sit amet, consectetur adipiscing elit, sed do eiusmod tempor incididunt ut labore et dolore magna aliqua. Ut enim ad minim veniam, quis nostrud exercitation ullamco laboris nisi ut aliquip ex ea commodo consequat. Duis aute irure dolor in reprehenderit in voluptate ve', NULL, 0, 'Idea 43 that suggest that we definitely need a longer title for ideas', 24, 19, NULL),
(76, TIMESTAMP '2018-12-20 00:43:06.511', TIMESTAMP '2018-12-21 00:43:06.511', '6bDKIjjk Lorem ipsum dolor sit amet, consectetur adipiscing elit, sed do eiusmod tempor incididunt ut labore et dolore magna aliqua. Ut enim ad minim veniam, quis nostrud exercitation ullamco laboris nisi ut aliquip ex ea commodo consequat. Duis aute irure dol', NULL, 0, 'Idea 44 that suggest that we definitely need a longer title for ideas', 25, 6, NULL);
INSERT INTO PUBLIC.LAWS(ID, CREATED_AT, UPDATED_AT, DESCRIPTION, REACHED_QUORUM_AT, STATUS, TITLE, AREA_ID, CREATED_BY_ID, POLL_ID) VALUES
(77, TIMESTAMP '2018-12-19 00:43:06.523', TIMESTAMP '2018-12-20 00:43:06.523', 'F8FpmOoj Lorem ipsum dolor sit amet, consectetur adipiscing elit, sed do eiusmod tempor incididunt ut labore et dolore magna aliqua. Ut enim ad minim veniam, quis nostrud exercitation ullamco laboris nisi ut aliquip ex ea commodo consequat. Duis aute irure dolor in r', NULL, 0, 'Idea 45 that suggest that we definitely need a longer title for ideas', 26, 18, NULL),
(78, TIMESTAMP '2018-12-18 00:43:06.54', TIMESTAMP '2018-12-19 00:43:06.541', 'KgLrCG2U Lorem ipsum dolor sit amet, consectetur adipiscing elit, sed do eiusmod tempor incididunt ut labore et dolore magna aliqua. Ut enim ad minim veniam, quis nostrud exercitation ullamco laboris nisi ut aliquip ex ea commodo consequat. Duis aute irure dolor in reprehenderit in voluptate velit esse cillum dolore eu fugiat nul', NULL, 0, 'Idea 46 that suggest that we definitely need a longer title for ideas', 27, 9, NULL),
(79, TIMESTAMP '2018-12-17 00:43:06.553', TIMESTAMP '2018-12-18 00:43:06.553', 'QPAeHZDC Lorem ipsum dolor sit amet, consectetur adipiscing elit, sed do eiusmod tempor incididunt ut labore et dolore magna aliqua. Ut enim ad minim veniam, quis nostrud exercitation ullamco laboris nisi ut aliquip ex ea commodo consequat. Duis aute irure dolor in reprehenderit in voluptate velit esse cillum dolore eu fugiat nulla pariatur. Excepteur sint occaecat cupidatat non proident, sunt in culpa q', NULL, 0, 'Idea 47 that suggest that we definitely need a longer title for ideas', 28, 20, NULL),
(80, TIMESTAMP '2018-12-16 00:43:06.573', TIMESTAMP '2018-12-17 00:43:06.573', 'JGSn9fRX Lorem ipsum dolor sit amet, consectetur adipiscing elit, sed do eiusmod tempor incididunt ut labore et dolore magna aliq', NULL, 0, 'Idea 48 that suggest that we definitely need a longer title for ideas', 29, 14, NULL),
(81, TIMESTAMP '2018-12-15 00:43:06.577', TIMESTAMP '2018-12-16 00:43:06.578', 'BCNo4bcs Lorem ipsum dolor sit amet, consectetur adipiscing elit, sed do eiusmod tempor incididunt ut labore et dolore magna aliqua. Ut enim ad minim veniam, quis nostrud exercitation ullamco laboris nisi ut aliquip ex ea commodo consequat. Duis aute irure dolor ', NULL, 0, 'Idea 49 that suggest that we definitely need a longer title for ideas', 30, 16, NULL),
(82, TIMESTAMP '2018-12-14 00:43:06.597', TIMESTAMP '2018-12-15 00:43:06.598', 'zHHvRDY5 Lorem ipsum dolor sit amet, consectetur adipiscing elit, sed do eiusmod tempor incididunt ut labore et dolore magna aliqua. Ut enim ad minim veniam, quis nostrud exercitation ullamco laboris nisi', NULL, 0, 'Idea 50 that suggest that we definitely need a longer title for ideas', 21, 1, NULL),
(83, TIMESTAMP '2018-12-13 00:43:06.605', TIMESTAMP '2018-12-14 00:43:06.605', 'sZIIcTPZ Lorem ipsum dolor sit amet, consectetur adipiscing elit, sed do eiusmod tempor incididunt ut labore et dolore magna aliqua. Ut enim ad minim veniam, quis nostrud exercitation ullamco laboris nisi ut aliquip ex ea commodo consequat. Duis aute irure dolor in reprehenderit in voluptate velit esse cillum dolore eu fugiat', NULL, 0, 'Idea 51 that suggest that we definitely need a longer title for ideas', 22, 12, NULL),
(84, TIMESTAMP '2018-12-12 00:43:06.612', TIMESTAMP '2018-12-13 00:43:06.612', 'qbO99Msu Lorem ipsum dolor sit amet, consectetur adipiscing elit, sed do eiusmod tempor incididunt ut labore et dolore magna aliqua. Ut enim ad minim veniam, quis nostrud exercitation ullamco laboris nisi ut aliquip ex ea commodo consequat. Duis aute irure dolor in reprehenderit in voluptate velit esse cillum dolore eu fugiat nulla pariatur. Excepteur sint o', NULL, 0, 'Idea 52 that suggest that we definitely need a longer title for ideas', 23, 7, NULL),
(85, TIMESTAMP '2018-12-11 00:43:06.624', TIMESTAMP '2018-12-12 00:43:06.624', 'IileicVh Lorem ipsum dolor sit amet, consectetur adipiscing elit, sed do eiusmod tempor incididunt ut labore et dolore magna aliqua. Ut enim ad minim veniam, quis nostrud exercitation ullamco laboris nisi ut aliquip ex ea commodo consequat. Duis aute irure dolor in reprehenderit', NULL, 0, 'Idea 53 that suggest that we definitely need a longer title for ideas', 24, 5, NULL);
INSERT INTO PUBLIC.LAWS(ID, CREATED_AT, UPDATED_AT, DESCRIPTION, REACHED_QUORUM_AT, STATUS, TITLE, AREA_ID, CREATED_BY_ID, POLL_ID) VALUES
(86, TIMESTAMP '2018-12-10 00:43:06.655', TIMESTAMP '2018-12-11 00:43:06.655', 'AN1ltG26 Lorem ipsum dolor sit amet, consectetur adipiscing elit, sed do eiusmod tempor incididunt ut labore et dolore magna aliqua. U', NULL, 0, 'Idea 54 that suggest that we definitely need a longer title for ideas', 25, 19, NULL),
(87, TIMESTAMP '2018-12-09 00:43:06.672', TIMESTAMP '2018-12-10 00:43:06.672', 'vaI0EGmb Lorem ipsum dolor sit amet, consectetur adipiscing elit, sed do eiusmod tempor incididunt ut labore et dolore magna aliqua. Ut enim ad minim veniam, quis nostrud exercitation ullamco laboris nisi ut aliquip ex ea commodo consequat. Duis aute irure dolor in reprehenderit in voluptate velit esse cillum dolore eu fugiat nulla pariatur. Excepteur sint occaecat cup', NULL, 0, 'Idea 55 that suggest that we definitely need a longer title for ideas', 26, 15, NULL),
(88, TIMESTAMP '2018-12-08 00:43:06.716', TIMESTAMP '2018-12-09 00:43:06.716', '97JFCh66 Lorem ipsum dolor sit amet, consectetur adipiscing elit, sed do eiusmod tempor incididunt ut labore et dolore magna aliqua. Ut enim ad minim veniam, quis nostrud exercitation ullamco laboris nisi ut aliquip ex ea commodo consequat. Duis aute ', NULL, 0, 'Idea 56 that suggest that we definitely need a longer title for ideas', 27, 20, NULL),
(89, TIMESTAMP '2018-12-07 00:43:06.728', TIMESTAMP '2018-12-08 00:43:06.728', 'yKj1RCR1 Lorem ipsum dolor sit amet, con', NULL, 0, 'Idea 57 that suggest that we definitely need a longer title for ideas', 28, 7, NULL),
(90, TIMESTAMP '2018-12-06 00:43:06.739', TIMESTAMP '2018-12-07 00:43:06.739', 'jddTfAJY Lorem ipsum dolor sit amet, consectetur adipiscing elit, sed do eiusmod tempor incididunt ut labore et dolore magna aliqua. Ut enim ad minim veniam, quis nostrud exercitat', NULL, 0, 'Idea 58 that suggest that we definitely need a longer title for ideas', 29, 5, NULL),
(91, TIMESTAMP '2018-12-05 00:43:06.746', TIMESTAMP '2018-12-06 00:43:06.747', 'J8foqkJd Lorem ipsum dolor sit amet, consectetur adipiscing elit, sed do eiusmod tempor incididunt ut labore et dolore magna', NULL, 0, 'Idea 59 that suggest that we definitely need a longer title for ideas', 30, 7, NULL),
(92, TIMESTAMP '2018-12-04 00:43:06.762', TIMESTAMP '2018-12-05 00:43:06.762', 'uiY1qxFt Lorem ipsum dol', NULL, 0, 'Idea 60 that suggest that we definitely need a longer title for ideas', 21, 12, NULL),
(93, TIMESTAMP '2018-12-03 00:43:06.773', TIMESTAMP '2018-12-04 00:43:06.774', 'QEfpvAAC Lorem ipsum dolor sit amet, consectetur adipiscing elit, sed do eiusmod tempor incididunt ut labore et dolore magna aliqua. Ut enim ad minim veni', NULL, 0, 'Idea 61 that suggest that we definitely need a longer title for ideas', 22, 10, NULL),
(94, TIMESTAMP '2018-12-02 00:43:06.785', TIMESTAMP '2018-12-03 00:43:06.785', 'Xhiuy47b Lorem ipsum dolor sit amet, consectetur adipiscing elit, sed do eiusmod tempor incididunt ut labore et dolore magna aliqua. Ut enim ad minim veniam, quis nostrud exercitation ul', NULL, 0, 'Idea 62 that suggest that we definitely need a longer title for ideas', 23, 14, NULL),
(95, TIMESTAMP '2018-12-01 00:43:06.797', TIMESTAMP '2018-12-02 00:43:06.798', 'QxgwYu1h L', NULL, 0, 'Idea 63 that suggest that we definitely need a longer title for ideas', 24, 6, NULL),
(96, TIMESTAMP '2018-11-30 00:43:06.809', TIMESTAMP '2018-12-01 00:43:06.809', 'Uj9JYnjX Lorem ipsum dolor sit amet, consectetur adipiscing elit, sed do eiusmod tempor incididunt ut labore et dolore magna aliqua. Ut enim ad minim veniam, quis nostrud exercitation ullamco laboris nisi ut aliquip ex ea commodo consequat. Duis aute irure dolor in reprehenderit in voluptate velit esse cillum dolore eu fugiat nulla pariatur. Excepteur sint occaecat cupidatat non proident, sunt in culpa ', NULL, 0, 'Idea 64 that suggest that we definitely need a longer title for ideas', 25, 16, NULL),
(97, TIMESTAMP '2018-11-29 00:43:06.823', TIMESTAMP '2018-11-30 00:43:06.823', 'Xuxanhkp Lorem ipsum dolor sit amet, consectetur adipiscing elit, sed do eiusmod tempor incididunt ut labore et dolore magna aliqua. Ut enim ad minim veniam, quis nostrud exercitation ullamco laboris nisi ut aliquip ex ea commodo consequat. Duis aute irure dolor in reprehenderit in voluptate velit esse cillum dolore eu fugiat nulla pariatur. Exce', NULL, 0, 'Idea 65 that suggest that we definitely need a longer title for ideas', 26, 12, NULL);
INSERT INTO PUBLIC.LAWS(ID, CREATED_AT, UPDATED_AT, DESCRIPTION, REACHED_QUORUM_AT, STATUS, TITLE, AREA_ID, CREATED_BY_ID, POLL_ID) VALUES
(98, TIMESTAMP '2018-11-28 00:43:06.844', TIMESTAMP '2018-11-29 00:43:06.844', 'u7TCqocT Lorem ipsum dolor sit amet, consectetur adipiscing elit, sed do eiusmod tempor incididunt ut labore et dol', NULL, 0, 'Idea 66 that suggest that we definitely need a longer title for ideas', 27, 6, NULL),
(99, TIMESTAMP '2018-11-27 00:43:06.865', TIMESTAMP '2018-11-28 00:43:06.867', 'FKHQjunX Lorem ipsum dolor sit amet, consectetur adipiscing elit, sed do eiusmod tempor incididunt ut labore et dolore magna aliqua. Ut enim ad minim veniam, quis nostrud exercitation ullamco laboris nisi ut aliquip', NULL, 0, 'Idea 67 that suggest that we definitely need a longer title for ideas', 28, 5, NULL),
(100, TIMESTAMP '2018-11-26 00:43:06.882', TIMESTAMP '2018-11-27 00:43:06.883', 'oQzXEkJL Lorem ipsum dolor sit amet, consectetur adipiscing elit, sed do eiusmod tempor incididunt ut labore et dolore magna aliqua. Ut enim ad minim veniam, quis nostrud exercitation ullamco labor', NULL, 0, 'Idea 68 that suggest that we definitely need a longer title for ideas', 29, 4, NULL),
(101, TIMESTAMP '2018-11-25 00:43:06.894', TIMESTAMP '2018-11-26 00:43:06.894', 'wSs4ty79 Lorem ipsum dolor sit amet, consectetur adipiscing elit, sed do eiusmod tempor incididunt ut lab', NULL, 0, 'Idea 69 that suggest that we definitely need a longer title for ideas', 30, 3, NULL),
(102, TIMESTAMP '2018-11-24 00:43:06.9', TIMESTAMP '2018-11-25 00:43:06.9', 'fRXzWOmV Lorem ipsum dolor sit amet, consectetur adipiscing elit, sed do eiusmod tempor incididunt ut labore et dolore magna aliqua. Ut enim ad ', NULL, 0, 'Idea 70 that suggest that we definitely need a longer title for ideas', 21, 7, NULL),
(103, TIMESTAMP '2018-11-23 00:43:06.911', TIMESTAMP '2018-11-24 00:43:06.911', 'kkOHtrZ2 Lorem ipsum dolor sit amet, consectetur adipiscing elit, sed do eiusmod tempor incididunt ut labore et dolore magna', NULL, 0, 'Idea 71 that suggest that we definitely need a longer title for ideas', 22, 8, NULL),
(104, TIMESTAMP '2018-11-22 00:43:06.915', TIMESTAMP '2018-11-23 00:43:06.915', 'LFzBQvxc Lorem ipsum dolor sit amet, consectetur adipiscing elit, sed do eiusmod tempor incididunt u', NULL, 0, 'Idea 72 that suggest that we definitely need a longer title for ideas', 23, 7, NULL),
(105, TIMESTAMP '2018-11-21 00:43:06.956', TIMESTAMP '2018-11-22 00:43:06.957', 'GqZuSYdQ Lorem ipsum dolor sit amet, consectetur adipiscing elit, sed do eiusmod tempor incididunt ut labore et dolore magna aliqua. Ut enim ad minim veniam, quis nostrud exercitation ullamco laboris nisi ut aliquip ex ea commodo consequat. Duis aute irure dolor in reprehenderit in voluptate veli', NULL, 0, 'Idea 73 that suggest that we definitely need a longer title for ideas', 24, 2, NULL),
(106, TIMESTAMP '2018-11-20 00:43:06.966', TIMESTAMP '2018-11-21 00:43:06.966', 'xwPBnYRs Lorem ipsum dolor sit amet, consectetur adipiscin', NULL, 0, 'Idea 74 that suggest that we definitely need a longer title for ideas', 25, 2, NULL),
(107, TIMESTAMP '2018-11-19 00:43:06.969', TIMESTAMP '2018-11-20 00:43:06.97', 'hKHKQWjF Lorem ipsum dolor sit amet, consectetur adipiscing elit, sed do eiusmod tempor incididunt ut labore et dolore magna aliqua. Ut enim ad minim veniam, quis nostrud exercitation ullamco laboris nisi ut ali', NULL, 0, 'Idea 75 that suggest that we definitely need a longer title for ideas', 26, 14, NULL),
(108, TIMESTAMP '2018-11-18 00:43:06.985', TIMESTAMP '2018-11-19 00:43:06.985', 'AeEF8Vtt Lorem ipsum dolor sit amet, consectetur adipiscing elit, sed do eiusmod tempor incididunt ut labore et dolore magna ', NULL, 0, 'Idea 76 that suggest that we definitely need a longer title for ideas', 27, 14, NULL),
(109, TIMESTAMP '2018-11-17 00:43:06.994', TIMESTAMP '2018-11-18 00:43:06.994', 'EmsHo6hI Lorem ipsum dolor sit amet, consectetur adipiscing elit, sed do eiusmod tempor incididunt ut labore et dolore magna aliqua. Ut enim ad minim veniam, quis nostrud exercitation ullamco laboris nisi ut aliquip ex ea commodo consequat. Duis aute irure dolor in repr', NULL, 0, 'Idea 77 that suggest that we definitely need a longer title for ideas', 28, 12, NULL);
INSERT INTO PUBLIC.LAWS(ID, CREATED_AT, UPDATED_AT, DESCRIPTION, REACHED_QUORUM_AT, STATUS, TITLE, AREA_ID, CREATED_BY_ID, POLL_ID) VALUES
(110, TIMESTAMP '2018-11-16 00:43:07.004', TIMESTAMP '2018-11-17 00:43:07.004', 'pHNPtZga Lorem ipsum dolor sit amet, consectetur adipiscing elit, sed do eiusmod tempor incididunt ut labore et dolore magna aliqua. Ut enim ad minim', NULL, 0, 'Idea 78 that suggest that we definitely need a longer title for ideas', 29, 6, NULL),
(111, TIMESTAMP '2018-11-15 00:43:07.014', TIMESTAMP '2018-11-16 00:43:07.014', 'hjLezgiF Lorem ipsum dolor sit amet, consectetur adipiscing elit, sed do eiusmod tempor incididunt ut labore et dolore magna aliqua. Ut enim ad m', NULL, 0, 'Idea 79 that suggest that we definitely need a longer title for ideas', 30, 3, NULL),
(112, TIMESTAMP '2018-11-14 00:43:07.017', TIMESTAMP '2018-11-15 00:43:07.017', 'kQhjhC4M Lorem ipsum dolor sit amet, consectetur adipiscing elit, sed do eiusmod tempor incididunt ut labore et dolore magna aliqua. Ut enim ad minim veniam, quis nostrud exercitation ullamco laboris nisi ut aliquip ex ea commodo consequat. Duis aute irure dolor in reprehenderit in voluptate velit esse cillum dolore eu fugi', NULL, 0, 'Idea 80 that suggest that we definitely need a longer title for ideas', 21, 20, NULL),
(113, TIMESTAMP '2018-11-13 00:43:07.037', TIMESTAMP '2018-11-14 00:43:07.037', 'zPBVZwWV Lorem ipsum dolor sit amet, consectetur adipiscing elit, sed do eiusmod tempor incididunt ut labore et dolore magna aliqua. Ut enim ad minim veniam, quis nostrud exercitation ullamco laboris nisi ut aliquip ex ea commodo consequat. Duis aute irure dolor in reprehenderit in voluptate velit esse cillum dolore eu ', NULL, 0, 'Idea 81 that suggest that we definitely need a longer title for ideas', 22, 5, NULL),
(114, TIMESTAMP '2018-11-12 00:43:07.048', TIMESTAMP '2018-11-13 00:43:07.049', 'H4J0PKX8 Lorem ipsum dolor sit amet, consectetur adipiscing elit, sed do eiusmod tempor incididunt ut labore et dolore magna aliqua. Ut enim ad minim veniam, quis nostrud exercitation ullamco laboris nisi ut aliquip ex ea commodo consequat. Duis aute irure dolor in reprehenderit in voluptate velit esse cillum dolore eu fugiat nulla pariatur. Excepteur sint occaec', NULL, 0, 'Idea 82 that suggest that we definitely need a longer title for ideas', 23, 13, NULL),
(115, TIMESTAMP '2018-11-11 00:43:07.067', TIMESTAMP '2018-11-12 00:43:07.067', 'YPnk9SA0 Lorem ipsum dolor sit amet, consectetur adipiscing elit, sed do eiusmod tempor incididunt ut labore et dolore magna aliqua. Ut enim ad minim veniam, quis nost', NULL, 0, 'Idea 83 that suggest that we definitely need a longer title for ideas', 24, 20, NULL),
(116, TIMESTAMP '2018-11-10 00:43:07.083', TIMESTAMP '2018-11-11 00:43:07.083', 'wp2fpdLK Lorem ipsum dolor sit amet, consectetur adipiscing elit, sed do eiusmod tempor incididunt ut labore et dolore magna aliqua. Ut enim ad minim veniam, quis nostrud exercitation ullamco laboris nisi ut aliquip ex ea commodo consequat. Duis aute irure dolor in reprehender', NULL, 0, 'Idea 84 that suggest that we definitely need a longer title for ideas', 25, 12, NULL),
(117, TIMESTAMP '2018-11-09 00:43:07.093', TIMESTAMP '2018-11-10 00:43:07.093', 'OfBffkaz Lorem ipsum dolor sit amet, consectetur adipiscing elit, sed do eiusmod tempor incididunt ut labore et dolore magna aliqua. Ut enim ad minim veniam, quis nostrud exercitation ullamco ', NULL, 0, 'Idea 85 that suggest that we definitely need a longer title for ideas', 26, 13, NULL),
(118, TIMESTAMP '2018-11-08 00:43:07.098', TIMESTAMP '2018-11-09 00:43:07.098', '7MYXTHUL Lorem ipsum dolor sit amet, consectetur adipiscing elit, sed do eiusmod tempor incididunt ut labore et dolore magna aliqua. Ut enim ad minim veniam, quis nostrud exercitation ullamco laboris nisi ut aliquip ex ea commodo consequat. Duis aute irure dolor in reprehenderit in voluptate velit esse cillum dolore eu fugiat nulla pariatur. Excepteur sint occaecat cupid', NULL, 0, 'Idea 86 that suggest that we definitely need a longer title for ideas', 27, 11, NULL),
(119, TIMESTAMP '2018-11-07 00:43:07.101', TIMESTAMP '2018-11-08 00:43:07.102', 'vT8jWA4z Lorem ipsum dolor sit amet, consectet', NULL, 0, 'Idea 87 that suggest that we definitely need a longer title for ideas', 28, 12, NULL);
INSERT INTO PUBLIC.LAWS(ID, CREATED_AT, UPDATED_AT, DESCRIPTION, REACHED_QUORUM_AT, STATUS, TITLE, AREA_ID, CREATED_BY_ID, POLL_ID) VALUES
(120, TIMESTAMP '2018-11-06 00:43:07.116', TIMESTAMP '2018-11-07 00:43:07.116', 'X97RXfW9 Lorem ipsum dolor sit amet, consectetur adipiscing elit, sed do eiusmod tempor incididunt ut labore et dolore magna aliqua. Ut enim ad minim veniam, quis nostrud exercitation ullamco laboris nisi ut aliquip ex ea commodo consequat. Duis aute irure dolor in reprehenderit in voluptate velit esse cillum dolore eu fugiat nulla pariatur. Excepteur sint occaecat cupidatat non', NULL, 0, 'Idea 88 that suggest that we definitely need a longer title for ideas', 29, 18, NULL),
(121, TIMESTAMP '2018-11-05 00:43:07.128', TIMESTAMP '2018-11-06 00:43:07.129', 'UOkMwLZS Lorem ipsum dolor sit amet, consectetur adipiscing elit, sed do eiusmod tempor incididunt ut labore et dolore magna aliqua. Ut enim ad minim veniam, quis nostrud exercitation ullamco', NULL, 0, 'Idea 89 that suggest that we definitely need a longer title for ideas', 30, 17, NULL),
(122, TIMESTAMP '2018-11-04 00:43:07.143', TIMESTAMP '2018-11-05 00:43:07.143', 'ji3WI6eA Lorem ipsum dolor sit amet, consectetur adipiscing elit, sed do eiusmod tempor incididunt ut labore et dolore magna aliqua. Ut enim ad minim veniam, quis nostrud exercitation ullamco laboris nisi ut aliquip ex ea commodo consequat. Duis aute irure dolor in reprehenderit in voluptate velit esse cillum dolore eu fugiat nulla pariatur. Excepteur sint occaecat cu', NULL, 0, 'Idea 90 that suggest that we definitely need a longer title for ideas', 21, 7, NULL),
(123, TIMESTAMP '2018-11-03 00:43:07.153', TIMESTAMP '2018-11-04 00:43:07.153', 'Jzvk0LKE Lorem ipsum dolor sit amet, consectetur adipiscing elit, sed do eiusmod tempor incididunt ut labore et dolore magna aliqua. Ut enim ad min', NULL, 0, 'Idea 91 that suggest that we definitely need a longer title for ideas', 22, 5, NULL),
(124, TIMESTAMP '2018-11-02 00:43:07.168', TIMESTAMP '2018-11-03 00:43:07.169', 'I2QesWS4 Lorem ipsum dolor sit amet, consectetur adipiscing elit, sed do eiusmod tempor incididunt ut labore et dolore magna aliqua. Ut enim ad minim veniam, quis nostrud exerc', NULL, 0, 'Idea 92 that suggest that we definitely need a longer title for ideas', 23, 16, NULL),
(125, TIMESTAMP '2018-11-01 00:43:07.179', TIMESTAMP '2018-11-02 00:43:07.179', 'yCaQKP4j Lorem ipsum dolor sit amet, consectetur adipiscing elit, sed do eiusmod tempor incididunt ut labore et dolore magna aliqua. Ut enim ad minim veniam, quis nostrud exercitation ullamco laboris nisi ut aliquip ex ea commodo consequat. Duis aute irure dolor in reprehenderit in voluptate velit esse cillum dolore eu ', NULL, 0, 'Idea 93 that suggest that we definitely need a longer title for ideas', 24, 14, NULL),
(126, TIMESTAMP '2018-10-31 00:43:07.191', TIMESTAMP '2018-11-01 00:43:07.192', '4XPI5hM4 Lorem ipsum dolor sit amet, consectetur adipiscing elit, sed do eiusmod tempor incididunt ut labore et dolore magna aliqua. Ut enim ad minim veniam, quis nostrud exercitation ullamco laboris nisi ut aliquip ex ea commodo consequat. Duis aute irure dolor in reprehenderit in voluptate velit ess', NULL, 0, 'Idea 94 that suggest that we definitely need a longer title for ideas', 25, 9, NULL),
(127, TIMESTAMP '2018-10-30 00:43:07.201', TIMESTAMP '2018-10-31 00:43:07.201', 'Vg1sTAii Lorem ipsum dolor sit amet, consectetur adipiscing elit, sed do eiusmod tempor incididunt ut labore et dolore magna aliqua. Ut enim ad minim veniam, quis nostrud exercitation ullamco laboris nisi ut aliquip ex ea commodo consequ', NULL, 0, 'Idea 95 that suggest that we definitely need a longer title for ideas', 26, 19, NULL),
(128, TIMESTAMP '2018-10-29 00:43:07.213', TIMESTAMP '2018-10-30 00:43:07.214', 'FEJEC6sg Lorem ipsum dolor sit amet, consectetur adipiscing elit, sed do eiusmod tempor incididunt ut labore et dolore magna aliqua. Ut enim ad minim veniam, quis nostrud exercitation ullamco la', NULL, 0, 'Idea 96 that suggest that we definitely need a longer title for ideas', 27, 17, NULL),
(129, TIMESTAMP '2018-10-28 00:43:07.22', TIMESTAMP '2018-10-29 00:43:07.22', 'b05WdNDU Lorem ipsum dolor sit amet, consectetur adipiscing elit, sed do eiusmod tempor incididunt ut labore et dolore magna aliqua. Ut enim ad minim veniam, quis nostrud exercitation ullamco laboris nisi ut aliquip ex ea commodo consequat. Duis aute irure dolor in', NULL, 0, 'Idea 97 that suggest that we definitely need a longer title for ideas', 28, 16, NULL);
INSERT INTO PUBLIC.LAWS(ID, CREATED_AT, UPDATED_AT, DESCRIPTION, REACHED_QUORUM_AT, STATUS, TITLE, AREA_ID, CREATED_BY_ID, POLL_ID) VALUES
(130, TIMESTAMP '2018-10-27 00:43:07.234', TIMESTAMP '2018-10-28 00:43:07.234', 'otEbeYrz Lorem ipsum dolor sit amet, consectetur adipiscing elit, sed do eiusmod tempor incididunt ut labore et dolore magna aliqua. Ut enim ad minim veniam, quis nostrud exercitation ullamco laboris nisi ut aliquip ex ea commodo consequat. Duis aute irure dolor in reprehenderit in voluptate velit esse cillum dolore eu fugiat nulla par', NULL, 0, 'Idea 98 that suggest that we definitely need a longer title for ideas', 29, 16, NULL),
(131, TIMESTAMP '2018-10-26 00:43:07.251', TIMESTAMP '2018-10-27 00:43:07.251', '4Uh2E5l2 Lorem ipsum dolor sit am', NULL, 0, 'Idea 99 that suggest that we definitely need a longer title for ideas', 30, 2, NULL),
(132, TIMESTAMP '2018-10-25 00:43:07.272', TIMESTAMP '2018-10-26 00:43:07.272', 'bN95lvJ8 Lorem ipsum dolor sit amet, consectetur adipiscing elit, sed do eiusmod tempor incididunt ut labore et dolore magna aliqua. ', NULL, 0, 'Idea 100 that suggest that we definitely need a longer title for ideas', 21, 12, NULL),
(133, TIMESTAMP '2018-10-24 00:43:07.28', TIMESTAMP '2018-10-25 00:43:07.28', '2yt04Jp4 Lorem ipsum dolor sit amet, consectetur adipiscing elit, sed do eiusmod tempor incididunt ut labore et dolore magna aliqua. Ut enim ad minim veniam, quis nostrud exercitation ullamco laboris nisi ut aliquip ex ea commodo consequat. Duis aute irure dolor in reprehenderit in voluptate veli', NULL, 0, 'Idea 101 that suggest that we definitely need a longer title for ideas', 22, 17, NULL),
(134, TIMESTAMP '2018-10-23 00:43:07.306', TIMESTAMP '2018-10-24 00:43:07.306', 'uWOIAtFk Lorem ipsum dolor sit amet, consectetur adipiscing elit, sed do eiusmod te', NULL, 0, 'Idea 102 that suggest that we definitely need a longer title for ideas', 23, 13, NULL),
(135, TIMESTAMP '2018-10-22 00:43:07.315', TIMESTAMP '2018-10-23 00:43:07.315', 'LyERUsR1 Lorem ipsum dolor sit amet, consectetur adipiscing elit, sed do eiusmod tempor incididunt ut labore et dolore magna aliqua. Ut enim ad minim veniam, quis nostrud exercitation ullamco laboris nisi ut aliquip ex ea commodo consequat. Duis aute irure dolor in reprehenderit in voluptate ve', NULL, 0, 'Idea 103 that suggest that we definitely need a longer title for ideas', 24, 10, NULL),
(136, TIMESTAMP '2018-10-21 00:43:07.325', TIMESTAMP '2018-10-22 00:43:07.326', '9hAqzFlm Lorem ipsum dolor sit amet, consectetur adipiscing elit, sed do eiusmod tempor incididunt ut labore et dolore magna aliqua. Ut enim ad minim veniam, quis nostrud exercitation ullamco laboris nisi ut aliquip ex ea commodo consequat. Duis aute irure dolor in r', NULL, 0, 'Idea 104 that suggest that we definitely need a longer title for ideas', 25, 11, NULL),
(137, TIMESTAMP '2018-10-20 00:43:07.344', TIMESTAMP '2018-10-21 00:43:07.344', 'BFn4Gq3Y Lorem ipsum dolor sit amet, consectetur adipiscing elit, sed do eiusmod tempor incididunt ut labore et dolore magna aliqua. Ut enim ad minim veniam, quis nostrud exercitation ullamco laboris nisi ut aliquip ex ea commodo consequat. Duis aute irure dolor in reprehenderit in voluptate velit esse cillum dolore eu fugiat nulla pariatur. Excepteur sint occaecat cupidatat non ', NULL, 0, 'Idea 105 that suggest that we definitely need a longer title for ideas', 26, 14, NULL),
(138, TIMESTAMP '2018-10-19 00:43:07.355', TIMESTAMP '2018-10-20 00:43:07.355', 'qJTBECGX Lorem ipsum dolor sit amet, consectetur adipiscing elit, sed do eiusmod tempor incididunt ut labore et dolore magna aliqua. Ut enim ad minim veniam, quis nostrud exercitation ullamco laboris nisi ut aliquip ex ea commodo consequat. Duis aute irure dolor in reprehenderi', NULL, 0, 'Idea 106 that suggest that we definitely need a longer title for ideas', 27, 15, NULL),
(139, TIMESTAMP '2018-10-18 00:43:07.363', TIMESTAMP '2018-10-19 00:43:07.364', 'grh8DoiC Lorem ipsum dolor sit amet, consectetur adipiscing elit, sed do eiusmod tempor incididunt ut labore et dolore magna aliqua. Ut enim ad minim veniam, quis nostrud exercitation ullamco laboris nisi ut aliquip ex ea commodo consequat. Duis aute irure dolor in reprehenderit in voluptate velit esse cill', NULL, 0, 'Idea 107 that suggest that we definitely need a longer title for ideas', 28, 12, NULL);
INSERT INTO PUBLIC.LAWS(ID, CREATED_AT, UPDATED_AT, DESCRIPTION, REACHED_QUORUM_AT, STATUS, TITLE, AREA_ID, CREATED_BY_ID, POLL_ID) VALUES
(140, TIMESTAMP '2018-10-17 00:43:07.374', TIMESTAMP '2018-10-18 00:43:07.374', 'h1RYAsR5 Lorem ipsum dolor sit amet, consectetur adipiscing el', NULL, 0, 'Idea 108 that suggest that we definitely need a longer title for ideas', 29, 6, NULL),
(141, TIMESTAMP '2018-10-16 00:43:07.382', TIMESTAMP '2018-10-17 00:43:07.382', 'LA3K900o Lorem ipsum dolor sit amet, consectetur adipiscing elit, sed do eiusmod tempor incididunt ut labore et dolore magna aliqua. Ut enim ad minim veniam, quis nostrud exercitation ullamco laboris nisi u', NULL, 0, 'Idea 109 that suggest that we definitely need a longer title for ideas', 30, 2, NULL),
(142, TIMESTAMP '2018-10-15 00:43:07.391', TIMESTAMP '2018-10-16 00:43:07.391', 'lIJmwElW Lorem ipsum dolor sit amet, consectetur adipiscing elit, sed do eiusmod tempor incididunt ut labore et dolore magna aliqua. Ut enim ad minim veniam, quis nostrud exercitation ullamco laboris nisi ut aliquip ex ea commodo consequat. Duis aute irure dolor in reprehenderit in voluptate velit esse cillum dolore eu fugiat nulla pariatur. Excepteur sint occaecat cupidatat non proident, sunt in culpa q', NULL, 0, 'Idea 110 that suggest that we definitely need a longer title for ideas', 21, 9, NULL),
(143, TIMESTAMP '2019-01-30 00:43:07.418', TIMESTAMP '2019-01-31 00:43:07.418', 'DfansPOF Lorem ipsum dolor sit amet, consectetur adipiscing elit, sed do eiusmod tempor incididunt ut labore et dolore magna aliqua. Ut enim ad minim veniam, quis nostrud exercitation ullamco laboris nisi ut aliquip ex ea commodo consequat. Duis aute irure dolor in reprehenderit in voluptate velit esse cillum dolore eu fugiat nulla pariatur. Excepteur sint occaecat cupidatat no', TIMESTAMP '2019-02-03 00:43:07.414', 1, 'Proposal 0 that reached its quorum', 25, 5, NULL),
(144, TIMESTAMP '2019-01-30 00:43:07.43', TIMESTAMP '2019-01-31 00:43:07.431', 'grC0aBDa ', TIMESTAMP '2019-02-03 00:43:07.428', 1, 'Proposal 1 that reached its quorum', 26, 7, NULL),
(145, TIMESTAMP '2019-01-31 00:43:07.455', TIMESTAMP '2019-02-01 00:43:07.455', 'c0H1z3qs Lorem ipsum dolor sit amet, consectetur adipiscing elit, sed do eiusmod tempor incididunt ut labore et dolore magna aliqua. Ut enim ad minim veniam, quis nostrud exercitation ullamco laboris nisi ut aliquip ex ea commodo consequat. Duis aute irure dolor in reprehenderit in voluptate velit esse cillum dolore eu fugiat nulla pariatur. Excepteur sint o', TIMESTAMP '2019-02-03 00:43:07.451', 1, 'Proposal 2 that reached its quorum', 21, 7, NULL),
(146, TIMESTAMP '2019-01-25 00:43:07.472', TIMESTAMP '2019-01-26 00:43:07.472', 'AbaKkShK Lorem ipsum dolor sit amet, consectetur adipiscing elit, sed do eiusmod tempor incididunt ut labore et dolore magna aliqua. Ut enim ad minim veniam, quis nostrud exercitation ullamco laboris nis', TIMESTAMP '2019-02-03 00:43:07.47', 1, 'Proposal 3 that reached its quorum', 28, 13, NULL),
(147, TIMESTAMP '2019-01-27 00:43:07.492', TIMESTAMP '2019-01-28 00:43:07.492', 'QwSxv3hq Lorem ipsum dolor sit amet, consectetur adipiscing elit, sed do eiusmod tempor incididunt ut labore et dolore magna aliqua. Ut enim ad minim veniam, quis nostrud exercitation ullam', TIMESTAMP '2019-02-03 00:43:07.49', 1, 'Proposal 4 that reached its quorum', 28, 8, NULL),
(148, TIMESTAMP '2019-01-30 00:43:07.517', TIMESTAMP '2019-01-31 00:43:07.518', 'OgnfNhFF Lorem ipsum dolor sit amet, consectetur adipiscing elit, sed do eiusmod tempor incididunt ut labore et dolore magna aliqua. Ut enim ad minim veniam, quis nostrud exercitation ullamco laboris nisi ut aliquip ex e', TIMESTAMP '2019-02-03 00:43:07.515', 1, 'Proposal 5 that reached its quorum', 26, 15, NULL),
(149, TIMESTAMP '2019-01-31 00:43:07.543', TIMESTAMP '2019-02-01 00:43:07.543', '7134lymb Lorem ipsum dolor sit amet, consectetur adipiscing elit, sed do eiusmod tempor incididunt ut labore et dolore magna aliqua. Ut enim ad minim veniam, quis nostrud exercitation ullamco laboris nisi ut aliquip ex ea commodo consequat. Duis aute irure dolor i', TIMESTAMP '2019-02-03 00:43:07.541', 1, 'Proposal 6 that reached its quorum', 21, 20, NULL);
INSERT INTO PUBLIC.LAWS(ID, CREATED_AT, UPDATED_AT, DESCRIPTION, REACHED_QUORUM_AT, STATUS, TITLE, AREA_ID, CREATED_BY_ID, POLL_ID) VALUES
(150, TIMESTAMP '2019-01-30 00:43:07.569', TIMESTAMP '2019-01-31 00:43:07.569', 'GCf4qX5I Lorem ipsum dolor sit amet, consectetur adipiscing elit, sed do eiusmod tempor incididunt ut labore et dolore', TIMESTAMP '2019-02-03 00:43:07.567', 1, 'Proposal 7 that reached its quorum', 22, 13, NULL),
(151, TIMESTAMP '2019-01-28 00:43:07.582', TIMESTAMP '2019-01-29 00:43:07.582', 'f4uKDSa9 Lorem ipsum dolor sit amet, consectetur adipiscing elit, sed do eiusmod tempor incididunt ut labore et dolore magna aliqua. Ut enim ad minim veniam, quis nostrud exercitation ullamco laboris nisi ut aliquip ex ea com', TIMESTAMP '2019-02-03 00:43:07.58', 1, 'Proposal 8 that reached its quorum', 24, 20, NULL),
(152, TIMESTAMP '2019-02-01 00:43:07.612', TIMESTAMP '2019-02-02 00:43:07.613', 'D6YsXyFp Lorem ipsum dolor sit amet, consectetur adipiscing elit, sed do eiusmod tempor incididunt ut labore et dolore magna aliqua. Ut enim ad minim veniam, quis nostrud exercitation ullamco laboris nisi ut aliquip ex ea commodo consequat. Duis aute irure dolor in reprehenderit in voluptate velit esse cillum dolore eu fugiat nulla pariatur. Except', TIMESTAMP '2019-02-03 00:43:07.61', 1, 'Proposal 9 that reached its quorum', 29, 20, NULL),
(153, TIMESTAMP '2019-01-31 00:43:07.636', TIMESTAMP '2019-02-01 00:43:07.636', 'Y9AySJz6 Lorem ipsum dolor sit amet, consectetur adipiscing elit, sed do eiusmod tempor incididunt ut labore et dolore magna aliqua. Ut enim ad minim veniam, quis nostrud exercitation ullamco laboris nisi ut aliquip ex ea commodo consequat. Duis aute irure dolor in reprehenderit in voluptate velit esse cillum dolore eu fugiat nulla pariatur. Ex', TIMESTAMP '2019-02-03 00:43:07.634', 1, 'Proposal 10 that reached its quorum', 28, 17, NULL),
(154, TIMESTAMP '2019-01-31 00:43:07.68', TIMESTAMP '2019-02-01 00:43:07.68', '8dJLWA52 Lorem ipsum dolor sit amet, consectetur adipiscing elit, sed do eiusmod tempor incididunt ut labore et dolore magna aliqua. Ut enim ad minim veniam, quis nostrud exercitation ullamco laboris nisi ut al', TIMESTAMP '2019-02-03 00:43:07.671', 1, 'Proposal 11 that reached its quorum', 22, 6, NULL),
(155, TIMESTAMP '2019-02-01 00:43:07.721', TIMESTAMP '2019-02-02 00:43:07.724', 'TKYPCueq Lorem ipsum dolor sit amet, consectetur adipiscing elit, sed do eiusmod tempor incididunt ut labore et dolore magna aliqua. Ut enim ad minim veniam, quis nostrud exercitation ullamco laboris nisi u', TIMESTAMP '2019-02-03 00:43:07.716', 1, 'Proposal 12 that reached its quorum', 29, 10, NULL),
(156, TIMESTAMP '2019-01-29 00:43:07.804', TIMESTAMP '2019-01-30 00:43:07.804', '9FK7sBnT Lorem ipsum dolor sit amet, consectetur adipiscing elit, sed do eiusmod tempor incididunt ut labore et dolore magna aliqua. Ut enim ad minim veniam, quis nostrud exercitation ullamco laboris nisi ut aliquip ex ea commodo consequat. Duis aute irure dolor in reprehenderit in voluptate velit esse cillum dolore eu fugiat nulla pariatur. Exce', TIMESTAMP '2019-02-03 00:43:07.793', 1, 'Proposal 13 that reached its quorum', 27, 18, NULL),
(157, TIMESTAMP '2019-02-01 00:43:07.826', TIMESTAMP '2019-02-02 00:43:07.826', 'YFezNNZZ Lorem ipsum dolor sit amet, consectetur adipiscing elit, sed do eiusmod tempor incididunt ut labore et dolore magna aliqua. Ut enim ad minim veniam, quis nostrud exercitation ullamco laboris nisi ut aliquip ex ea commodo consequat. Duis aute irure dolor in reprehenderit in voluptate velit esse cillum dolore eu fugiat nulla pariatur. Excepteur sint occaecat cupidatat non proident, sunt in culpa', TIMESTAMP '2019-02-03 00:43:07.825', 1, 'Proposal 14 that reached its quorum', 29, 12, NULL),
(158, TIMESTAMP '2019-02-01 00:43:07.857', TIMESTAMP '2019-02-02 00:43:07.857', 'NZcFCuKY Lore', TIMESTAMP '2019-02-03 00:43:07.852', 1, 'Proposal 15 that reached its quorum', 29, 20, NULL),
(159, TIMESTAMP '2019-01-27 00:43:07.88', TIMESTAMP '2019-01-28 00:43:07.88', 'ZrSbyKBs Lorem ipsum dolor sit amet, consectetur adipiscing elit, sed do eiusmod tempor incididunt ut labore et dolore magna aliqua. Ut enim ad minim veniam, quis nostrud exercitation ullamco laboris nisi ut aliquip ex ea commodo consequat. Duis aute irure dolor in reprehenderit in voluptate velit esse cillum dolore eu fugiat nulla pariatur. Excepteur sint occaecat cupidatat non proident, sunt', TIMESTAMP '2019-02-03 00:43:07.876', 1, 'Proposal 16 that reached its quorum', 28, 5, NULL);
INSERT INTO PUBLIC.LAWS(ID, CREATED_AT, UPDATED_AT, DESCRIPTION, REACHED_QUORUM_AT, STATUS, TITLE, AREA_ID, CREATED_BY_ID, POLL_ID) VALUES
(160, TIMESTAMP '2019-01-27 00:43:07.904', TIMESTAMP '2019-01-28 00:43:07.904', 'fUJf1fdo Lorem ipsum dolor sit amet, consectetur adipiscing elit, sed do eiusmod tempor incididunt ut labore et dolore magna aliqua. Ut enim ad mini', TIMESTAMP '2019-02-03 00:43:07.902', 1, 'Proposal 17 that reached its quorum', 29, 20, NULL),
(161, TIMESTAMP '2019-02-03 00:43:07.931', TIMESTAMP '2019-02-03 00:43:07.931', 'cmkb9t5i Lorem ipsum dolor sit amet, consectetur adipiscing elit, sed do eiusmod tempor incididunt ut labore et dolore magna aliqua. Ut enim ad minim veniam, quis nostrud exercitation ullamco', TIMESTAMP '2019-02-03 00:43:07.928', 1, 'Proposal 18 that reached its quorum', 30, 12, NULL),
(162, TIMESTAMP '2019-01-30 00:43:07.953', TIMESTAMP '2019-01-31 00:43:07.954', 'rC96CLXl Lorem ipsum do', TIMESTAMP '2019-02-03 00:43:07.952', 1, 'Proposal 19 that reached its quorum', 23, 4, NULL),
(163, TIMESTAMP '2019-02-03 00:43:07.975', TIMESTAMP '2019-02-03 00:43:07.975', '1WfGO2lX Lorem ipsum dolor sit amet, consectetur adipiscing elit, sed do eiusmod tempor incididunt ut labore et dolore magna aliqua. Ut enim ad minim veniam, quis nostrud exercitation ullamco laboris nisi ut aliquip ex ea commodo consequat. Duis aute irure dolor in reprehe', TIMESTAMP '2019-02-03 00:43:07.972', 1, 'Proposal 20 that reached its quorum', 24, 3, NULL),
(164, TIMESTAMP '2019-01-26 00:43:07.988', TIMESTAMP '2019-01-27 00:43:07.988', 'Dw3WJLgk Lorem ipsum dolor sit amet, consectetur adipiscing elit, sed do eiusmod tempor incididunt ut labore et dolore magna aliqua. Ut enim ad minim veniam, quis nostrud exercitation ullamco laboris nisi ut aliquip ex ea commodo consequat. Duis aute irure dolor in reprehenderit in voluptate velit esse cillum dolore eu fugiat nulla pariatur. Excepteur sint ', TIMESTAMP '2019-02-03 00:43:07.986', 1, 'Proposal 21 that reached its quorum', 24, 2, NULL),
(165, TIMESTAMP '2019-01-31 00:43:08', TIMESTAMP '2019-02-01 00:43:08', 'BAwiu3IA Lorem ipsum dolor sit amet, consectetur adipiscing elit, sed do eiusmod tempor incididunt ut labore et dolore magna aliqua. Ut enim ad minim veniam, quis nostrud exercitation ullamco laboris nisi ut aliquip ex ea commodo consequat. Duis aute irure dolor in reprehenderit in voluptate velit esse cillum dolore eu fugiat nulla pariatur. Excepteur sint occaecat ', TIMESTAMP '2019-02-03 00:43:07.998', 1, 'Proposal 22 that reached its quorum', 28, 6, NULL),
(166, TIMESTAMP '2019-01-29 00:43:08.013', TIMESTAMP '2019-01-30 00:43:08.013', 'UKm0FExW Lorem ipsum dolor sit amet, consectetur adipiscing elit, sed do eiusmod tempor incididunt ut labore et dolore magna aliqua. Ut enim ad minim veniam, quis nostrud exercitation ullamco laboris nisi ut aliquip ex ea commodo consequat. Duis aute irure dolor in repr', TIMESTAMP '2019-02-03 00:43:08.011', 1, 'Proposal 23 that reached its quorum', 29, 5, NULL),
(167, TIMESTAMP '2019-01-25 00:43:08.024', TIMESTAMP '2019-01-26 00:43:08.025', 'YpyDmIiO Lorem ipsum dolor sit amet', TIMESTAMP '2019-02-03 00:43:08.023', 1, 'Proposal 24 that reached its quorum', 26, 20, NULL),
(168, TIMESTAMP '2019-02-03 00:43:08.038', TIMESTAMP '2019-02-03 00:43:08.038', 'vD2KuI6w Lorem ipsum dolor sit amet, consectetur adipiscing elit, sed do eiusmod tempor incididunt ut labore et dolore magna aliqua. Ut enim ad minim veniam, quis nostrud exercitation ullamco laboris nisi ut aliquip ex ea commodo consequat. ', TIMESTAMP '2019-02-03 00:43:08.036', 1, 'Proposal 25 that reached its quorum', 30, 2, NULL),
(169, TIMESTAMP '2019-01-26 00:43:08.085', TIMESTAMP '2019-01-27 00:43:08.085', 'r3wQq1fU Lorem ipsum dolor sit amet, consectetur adipiscing elit, sed do eiusmod tempor incid', TIMESTAMP '2019-02-03 00:43:08.083', 1, 'Proposal 26 that reached its quorum', 29, 15, NULL),
(170, TIMESTAMP '2019-02-01 00:43:08.119', TIMESTAMP '2019-02-02 00:43:08.119', 'VrJYt7Ls Lorem ipsum dolor sit ', TIMESTAMP '2019-02-03 00:43:08.104', 1, 'Proposal 27 that reached its quorum', 30, 6, NULL);
INSERT INTO PUBLIC.LAWS(ID, CREATED_AT, UPDATED_AT, DESCRIPTION, REACHED_QUORUM_AT, STATUS, TITLE, AREA_ID, CREATED_BY_ID, POLL_ID) VALUES
(171, TIMESTAMP '2019-01-28 00:43:08.142', TIMESTAMP '2019-01-29 00:43:08.142', 'W3vTr5CX ', TIMESTAMP '2019-02-03 00:43:08.14', 1, 'Proposal 28 that reached its quorum', 23, 12, NULL),
(172, TIMESTAMP '2019-02-03 00:43:08.168', TIMESTAMP '2019-02-03 00:43:08.169', 'sFU8cwDB Lorem ipsum dolor sit amet, consectetur adipiscing elit, sed do eiusmod tempor incididunt ut labore et dolore magna aliqua. Ut enim ad minim veniam, quis nostrud exercitation ullamco laboris nisi ut aliquip ex ea commodo consequat. Duis aute irure dolor in reprehenderit in voluptate velit esse cillum dolore eu fugiat nulla par', TIMESTAMP '2019-02-03 00:43:08.165', 1, 'Proposal 29 that reached its quorum', 21, 20, NULL),
(173, TIMESTAMP '2019-02-02 00:43:08.189', TIMESTAMP '2019-02-03 00:43:08.19', 'oaN7YGMT Lorem ipsum dolor sit amet, consectetur adipiscing elit, sed do eiusmod tempor incididunt ut labore ', TIMESTAMP '2019-02-03 00:43:08.187', 1, 'Proposal 30 that reached its quorum', 28, 12, NULL),
(174, TIMESTAMP '2019-01-28 00:43:08.202', TIMESTAMP '2019-01-29 00:43:08.202', 'gJVKLicN Lorem ipsum dolor sit amet, consectetur adipiscing elit, sed do eiusmod tempor incididunt ut labo', TIMESTAMP '2019-02-03 00:43:08.2', 1, 'Proposal 31 that reached its quorum', 29, 10, NULL),
(175, TIMESTAMP '2019-01-25 00:43:08.212', TIMESTAMP '2019-01-26 00:43:08.212', '1jAICuVn Lorem ipsum dolor sit amet, consectetur adipiscing elit, sed do eiusmod tempor incididunt ut labore et dolore magna aliqua. Ut enim ad minim ven', TIMESTAMP '2019-02-03 00:43:08.211', 1, 'Proposal 32 that reached its quorum', 25, 14, NULL),
(176, TIMESTAMP '2019-02-02 00:43:08.226', TIMESTAMP '2019-02-03 00:43:08.226', 'xUa42SQG Lorem ipsum dolor sit amet, consectetur adipiscing elit, sed do eiusmod tempor', TIMESTAMP '2019-02-03 00:43:08.224', 1, 'Proposal 33 that reached its quorum', 29, 14, NULL),
(177, TIMESTAMP '2019-01-26 00:43:08.284', TIMESTAMP '2019-01-27 00:43:08.284', 'uNBAf8UT Lorem ipsum dolor sit amet, consectetur adipiscing elit, sed do eiusmod tempor incididunt ut labore et dolore ', TIMESTAMP '2019-02-03 00:43:08.282', 1, 'Proposal 34 that reached its quorum', 24, 11, NULL),
(178, TIMESTAMP '2019-02-01 00:43:08.316', TIMESTAMP '2019-02-02 00:43:08.317', 'kAWXXxQv Lorem ipsum dolor sit amet, consectetur adipiscing elit, sed do eiusmod tempor incididunt ut labore et dolore magna aliqua. Ut enim ad minim veniam, quis nostrud exercitation ullamco laboris nisi ut aliquip ex ea commodo consequat. Duis aute irure dolor in reprehenderit in voluptate velit esse cillum dolore ', TIMESTAMP '2019-02-03 00:43:08.314', 1, 'Proposal 35 that reached its quorum', 21, 6, NULL),
(179, TIMESTAMP '2019-01-29 00:43:08.335', TIMESTAMP '2019-01-30 00:43:08.335', '86hRvEYx Lorem ipsum dolor sit amet, consectetur adipiscing elit, sed do eiusmod tempor incididunt ut labore et dolore magna aliqua. Ut en', TIMESTAMP '2019-02-03 00:43:08.332', 1, 'Proposal 36 that reached its quorum', 30, 13, NULL),
(180, TIMESTAMP '2019-01-28 00:43:08.361', TIMESTAMP '2019-01-29 00:43:08.362', 'nkoqMlqb Lorem ipsum dolor sit amet, consectetur adipiscing elit, sed do eiusmod tempor incididunt ut labore et dolore magna aliqua. Ut enim ad minim veniam, quis nostrud exercitation ullamco laboris nisi ut aliquip ex ea commodo consequat. Duis aute irure', TIMESTAMP '2019-02-03 00:43:08.359', 1, 'Proposal 37 that reached its quorum', 28, 18, NULL),
(181, TIMESTAMP '2019-01-29 00:43:08.377', TIMESTAMP '2019-01-30 00:43:08.377', 'JFuCi7Id Lorem ipsum dolor sit amet, consectetur adipiscing elit, sed do eiusmod tempor incididunt ut labore et dolore magna aliqua. Ut enim ad minim veniam, quis nostrud exercitation ullamco laboris nisi ut aliquip ex ea commodo consequat. Duis aute irure dolor in reprehenderit in voluptate velit esse cillum dolore eu fugiat nulla pariatur. Excepteur sint occaecat c', TIMESTAMP '2019-02-03 00:43:08.376', 1, 'Proposal 38 that reached its quorum', 26, 11, NULL),
(182, TIMESTAMP '2019-01-29 00:43:08.389', TIMESTAMP '2019-01-30 00:43:08.389', 'I9RbShz7 Lorem ipsum dolor sit amet, consectetur adipiscing elit, sed do eiusmod tempor incididunt ut labore et dolore magna aliqua. Ut enim ad minim veniam, quis nostrud exercitation ullamco laboris nisi ut aliquip ex ea commodo consequat. Duis aute irure dolor in reprehenderit ', TIMESTAMP '2019-02-03 00:43:08.387', 1, 'Proposal 39 that reached its quorum', 29, 4, NULL);
INSERT INTO PUBLIC.LAWS(ID, CREATED_AT, UPDATED_AT, DESCRIPTION, REACHED_QUORUM_AT, STATUS, TITLE, AREA_ID, CREATED_BY_ID, POLL_ID) VALUES
(183, TIMESTAMP '2019-01-26 00:43:08.399', TIMESTAMP '2019-01-27 00:43:08.399', 'zSflqxfD Lorem ipsum dolor sit amet, consectetur adipiscing elit, sed do eiusmod tempor incididunt ut labore et dolore magna aliqua. Ut enim ad minim veniam, quis nostrud exercitation ullamco laboris nisi ut aliquip ex ea commodo consequat. Duis aute irure dolor in reprehenderit in volupta', TIMESTAMP '2019-02-03 00:43:08.397', 1, 'Proposal 40 that reached its quorum', 22, 12, NULL),
(184, TIMESTAMP '2019-02-01 00:43:08.408', TIMESTAMP '2019-02-02 00:43:08.408', 'dUAOfs0a Lorem ipsum dolor sit amet, consectetur adipiscing elit, sed do eiusmod tempor incididunt ut labore et dolore magna aliqua. Ut enim ad minim veniam, quis nostrud exercitation ullamco laboris nisi ut aliquip ex ea commodo cons', TIMESTAMP '2019-02-03 00:43:08.407', 1, 'Proposal 41 that reached its quorum', 21, 8, NULL),
(185, TIMESTAMP '2019-01-27 00:43:08.419', TIMESTAMP '2019-01-28 00:43:08.419', 'mX1stYeq Lorem ipsum dolor sit am', TIMESTAMP '2019-02-03 00:43:08.418', 1, 'Proposal 42 that reached its quorum', 22, 5, NULL),
(186, TIMESTAMP '2019-02-03 00:43:08.429', TIMESTAMP '2019-02-03 00:43:08.429', 'N53kWBqx Lorem ipsum dolor sit amet, consectetur adipiscing elit, sed do eiusmod tempor incididunt ut labore et dolore magna aliqua. Ut enim ad minim veniam, quis nost', TIMESTAMP '2019-02-03 00:43:08.428', 1, 'Proposal 43 that reached its quorum', 29, 8, NULL),
(187, TIMESTAMP '2019-01-27 00:43:08.447', TIMESTAMP '2019-01-28 00:43:08.447', 'ROFvvNng Lorem ipsum dolor sit amet, consectetur adipiscing elit, sed do eiusmod tempor incididunt ut labore et dolore magna aliqua. Ut enim ad minim veniam, quis nostrud exercitation ullamco laboris nisi ut aliquip ex ea commodo co', TIMESTAMP '2019-02-03 00:43:08.442', 1, 'Proposal 44 that reached its quorum', 24, 17, NULL),
(188, TIMESTAMP '2019-01-25 00:43:08.493', TIMESTAMP '2019-01-26 00:43:08.493', '4GwqWiuk Lorem ipsum dolor sit amet, consectetur adipiscing elit, sed do eiusmod tempor incididunt ut labore et dolore magna aliqua. Ut enim ad minim veniam, quis nostrud exercitation ullamco laboris nisi ut aliquip ex ea commodo ', TIMESTAMP '2019-02-03 00:43:08.461', 1, 'Proposal 45 that reached its quorum', 21, 18, NULL),
(189, TIMESTAMP '2019-01-25 00:43:08.512', TIMESTAMP '2019-01-26 00:43:08.512', 'LUR4AK5Y Lorem ipsum dolor sit amet, consectetur adipiscing elit, sed do eiusmod tempor incididunt ut labore et dolore magna aliqua. Ut enim ad minim veniam, quis nostrud exercitation ullamco laboris nisi u', TIMESTAMP '2019-02-03 00:43:08.51', 1, 'Proposal 46 that reached its quorum', 24, 7, NULL),
(190, TIMESTAMP '2019-02-03 00:43:08.532', TIMESTAMP '2019-02-03 00:43:08.532', 'p8BdiuC0 Lorem ipsum dolor sit amet, consectetur adipiscing elit, sed do eiusmod tempor incididunt ut labore et dolore magna aliqua. Ut enim ad minim veniam, quis nostrud exercitation ullamco laboris nisi ut aliquip ex ea commodo consequat. Duis aute irure dolor in reprehenderit in voluptate velit esse cillum dolore eu fugiat nulla pariatur. Ex', TIMESTAMP '2019-02-03 00:43:08.529', 1, 'Proposal 47 that reached its quorum', 22, 19, NULL),
(191, TIMESTAMP '2019-01-28 00:43:08.55', TIMESTAMP '2019-01-29 00:43:08.551', 'pSnbOIrn Lorem ipsum dolor sit amet, consectetur adipiscing elit, s', TIMESTAMP '2019-02-03 00:43:08.549', 1, 'Proposal 48 that reached its quorum', 28, 14, NULL),
(192, TIMESTAMP '2019-02-01 00:43:08.57', TIMESTAMP '2019-02-02 00:43:08.57', 'b1f0NJOP Lorem ipsum dolor sit amet, consectetur adipiscing elit, sed do eiusmod tempor incididu', TIMESTAMP '2019-02-03 00:43:08.569', 1, 'Proposal 49 that reached its quorum', 29, 19, NULL),
(193, TIMESTAMP '2019-01-30 00:43:08.6', TIMESTAMP '2019-01-31 00:43:08.6', 'Lorem ipsum dolor sit amet, consectetur adipiscing elit, sed do eiusmod tempor incididunt ut labore et dolore magna aliqua. Ut enim ad minim veniam, quis nostrud exercitation ullamco laboris nisi ut aliquip ex ea commodo consequat. Duis aute irure dolor in r', TIMESTAMP '2019-02-03 00:43:08.598', 1, 'Proposal 0 for user testuser1@liquido.de', 27, 1, NULL);
INSERT INTO PUBLIC.LAWS(ID, CREATED_AT, UPDATED_AT, DESCRIPTION, REACHED_QUORUM_AT, STATUS, TITLE, AREA_ID, CREATED_BY_ID, POLL_ID) VALUES
(198, TIMESTAMP '2019-01-31 00:43:08.639', TIMESTAMP '2019-02-01 00:43:08.639', 'Lorem ipsum dolor sit amet, consectetur adipiscing elit, sed do eiusmod tempor incididunt ut labore et dolore magna aliqua. Ut enim ad mini', TIMESTAMP '2019-02-03 00:43:08.637', 1, 'Proposal 1 for user testuser1@liquido.de', 21, 1, NULL),
(205, TIMESTAMP '2019-01-27 00:43:08.697', TIMESTAMP '2019-01-28 00:43:08.697', 'Lorem ipsum dolor sit amet, consectetur adipiscing elit, sed do eiusmod tempor incididunt ut labore et dolore magna aliqua. Ut enim ad minim veniam, quis nostrud exercitation ullamco labo', TIMESTAMP '2019-02-03 00:43:08.695', 1, 'Proposal 2 for user testuser1@liquido.de', 28, 1, NULL),
(213, TIMESTAMP '2019-01-26 00:43:08.738', TIMESTAMP '2019-02-03 00:43:08.756', 'Lorem ipsum dolor sit amet, consectetur adipiscing elit, sed do eiusmod tempor incididunt ut labore et dolore magna aliqua. Ut enim ad minim veniam, quis nostrud exercitation ullamco laboris nisi ut aliquip ex ea commodo consequat. Duis aute irure dolor in reprehenderit in voluptate velit esse cillum dolore eu fugiat n', TIMESTAMP '2019-02-03 00:43:08.734', 1, 'Proposal 3 for user testuser1@liquido.de', 21, 1, NULL),
(218, TIMESTAMP '2019-02-01 00:43:08.778', TIMESTAMP '2019-02-02 00:43:08.778', 'Lorem ipsum dolor sit amet, consectetur adipiscing elit, sed do eiusmod tempor incididunt ut labore et dolore magna aliqua. Ut enim ad minim veniam, quis nostrud e', TIMESTAMP '2019-02-03 00:43:08.775', 1, 'Proposal 4 for user testuser1@liquido.de', 25, 1, NULL),
(233, TIMESTAMP '2019-01-24 00:43:14.403', TIMESTAMP '2019-02-03 00:43:14.433', 'Lorem ipsum dolor sit amet, consectetur adipiscing elit, sed do eiusmod tempor incididunt ut labore et dolore magna aliqua. Ut enim ad minim veniam, quis nostrud exercitation ullamco laboris nisi ut al', TIMESTAMP '2019-02-03 00:43:14.401', 2, 'Initial Proposal in a poll that is in elaboration 1549150994391', 21, 13, 241),
(242, TIMESTAMP '2019-01-14 00:43:14.453', TIMESTAMP '2019-02-03 00:43:14.486', 'Lorem ipsum dolor sit amet, consectetur adipiscing elit, sed do eiusmod tempor incididunt ut labore et dolore mag', TIMESTAMP '2019-02-03 00:43:14.451', 2, 'Alternative Proposal1 in a poll that is in elaboration1549150994434', 21, 15, 241),
(247, TIMESTAMP '2019-01-14 00:43:14.499', TIMESTAMP '2019-02-03 00:43:14.565', 'Lorem ipsum dolor sit amet, consectetur adipiscing elit, sed do eiusmod tempor incididunt ut labore et dolore magna aliqua. Ut enim ad minim veniam, quis nostrud exercitation ullamco laboris nisi ut aliquip ex ea commodo consequat. Duis aute irure dolor in reprehenderit in voluptate velit esse cillum', TIMESTAMP '2019-02-03 00:43:14.497', 2, 'Alternative Proposal2 in a poll that is in elaboration1549150994486', 21, 7, 241),
(255, TIMESTAMP '2019-01-14 00:43:14.594', TIMESTAMP '2019-02-03 00:43:14.661', 'Lorem ipsum dolor sit amet, consectetur adipiscing elit, sed do eiusmod tempor incididunt ut labore et dolore magna aliqua. Ut enim ad minim veniam, quis nostrud exercitation ullamco laboris nisi ut aliquip ex ea commodo consequat. Duis aute irure dolor in reprehenderit in voluptate velit esse cillum dolore eu fugiat nulla pariatur. Excepteur sint occaecat cupidatat non pr', TIMESTAMP '2019-02-03 00:43:14.592', 2, 'Alternative Proposal3 in a poll that is in elaboration1549150994567', 21, 3, 241),
(262, TIMESTAMP '2019-01-14 00:43:14.673', TIMESTAMP '2019-02-03 00:43:14.707', 'Lorem ipsum dolor sit amet, consectetur adipiscing elit, sed do eiusmod tempor incididunt ut labore et dolore magna ali', TIMESTAMP '2019-02-03 00:43:14.672', 2, 'Alternative Proposal4 in a poll that is in elaboration1549150994662', 21, 5, 241),
(266, TIMESTAMP '2019-01-24 00:43:14.721', TIMESTAMP '2019-02-03 00:43:15.271', 'Lorem ipsum dolor sit amet, consectetur adipiscing elit, sed do eiusmod tempor incididunt ut labore et dolore magna aliqua. Ut enim ad minim veniam, quis nostrud exercitation ullamco laboris nisi ut aliquip ex ea commodo consequat. Duis aute irure dolor in reprehenderit in voluptate velit esse cillum dolore eu fugiat nulla pariatur. Excepteur sint occaecat cupidatat non proident, sunt in cu', TIMESTAMP '2019-02-03 00:43:14.72', 3, 'Proposal 5 in voting phase 1549150995096', 21, 13, 276);
INSERT INTO PUBLIC.LAWS(ID, CREATED_AT, UPDATED_AT, DESCRIPTION, REACHED_QUORUM_AT, STATUS, TITLE, AREA_ID, CREATED_BY_ID, POLL_ID) VALUES
(277, TIMESTAMP '2019-01-14 00:43:14.799', TIMESTAMP '2019-02-03 00:43:15.271', 'Lorem ipsum dolor sit amet, consectetur adipiscing elit, sed do eiusmod tempor incididunt ut labore et dolore magna aliqua. Ut enim ad minim veniam, quis nostrud exercitation ullamco laboris nisi ut aliquip ex ea commodo co', TIMESTAMP '2019-02-03 00:43:14.794', 3, 'Proposal 4 in voting phase 1549150995096', 21, 15, 276),
(284, TIMESTAMP '2019-01-14 00:43:14.871', TIMESTAMP '2019-02-03 00:43:15.272', 'Lorem ipsum dolor sit amet, consectetur adipiscing elit, sed do eiusmod tempor incididunt ut labore et dolore magna aliqua. Ut enim ad minim veniam, quis nostrud exercitation ullamco laboris nisi ut aliquip ex ', TIMESTAMP '2019-02-03 00:43:14.87', 3, 'Proposal 3 in voting phase 1549150995096', 21, 7, 276),
(292, TIMESTAMP '2019-01-14 00:43:14.968', TIMESTAMP '2019-02-03 00:43:15.272', 'Lorem ipsum dolor sit amet, consectetur adipiscing elit, sed do eiusmod tempor incididunt ut labore et dolore magna aliqua. Ut enim ad minim veniam, quis nostrud exercitation ullamco laboris nisi ut aliquip ex ea commodo consequat. Duis aute irure dolor in reprehenderit in voluptate velit esse cillum dolore eu fugiat nulla pariatur. Excepteur sint occaecat cupidatat non proident, s', TIMESTAMP '2019-02-03 00:43:14.965', 3, 'Proposal 2 in voting phase 1549150995096', 21, 3, 276),
(298, TIMESTAMP '2019-01-14 00:43:15.055', TIMESTAMP '2019-02-03 00:43:15.272', 'Lorem ipsum dolor sit amet, consectetur adipiscing elit, sed do eiusmod tempor incididunt ut labore et dolore magna aliqua. Ut enim ad minim veniam, quis nostrud exercitation ullamco laboris nisi ut aliquip ex ea commodo consequat. Duis aute irure dolor in reprehenderit in voluptate velit esse cillum dolore eu fugiat nulla pariatur. Excepteur sint', TIMESTAMP '2019-02-03 00:43:15.053', 3, 'Proposal 1 in voting phase 1549150995096', 21, 5, 276),
(305, TIMESTAMP '2019-01-24 00:43:15.285', TIMESTAMP '2019-02-03 00:43:15.655', 'Lorem ipsum dolor sit amet, consectetur adipiscing elit, sed do eiusmod tempor incididunt ut labore et dolore magna aliqua. Ut enim ad minim veniam, quis nostrud exercitation ullamco laboris nisi ut aliquip ex ea commodo consequat. Duis aute irure dolor in reprehenderit in voluptate velit esse cillum dolore eu fugiat nulla pariatur. Excepteur sint occaecat cupidatat', TIMESTAMP '2019-02-03 00:43:15.284', 3, 'Proposal 5 in voting phase 1549150995557', 21, 13, 311),
(312, TIMESTAMP '2019-01-14 00:43:15.309', TIMESTAMP '2019-02-03 00:43:15.655', 'Lorem ipsum dolor sit amet, consectetur adipiscing elit, sed do eiusmod tempor incididunt ut labore et dolore magna aliqua. Ut enim ad minim veniam, quis nostrud exercitation ullamco laboris nisi ut aliquip ex ea commodo consequat. Duis aute iru', TIMESTAMP '2019-02-03 00:43:15.308', 3, 'Proposal 4 in voting phase 1549150995557', 21, 15, 311),
(318, TIMESTAMP '2019-01-14 00:43:15.385', TIMESTAMP '2019-02-03 00:43:15.655', 'Lorem ipsum dolor sit amet, consectetur adipiscing elit, sed do eiusmod tempor incididunt ut labore et dolore magna aliqua. Ut enim ad minim veniam, quis nostrud exercitation ullamco laboris nisi ut aliquip ex ea commodo consequat. Duis aute irure dolor in reprehenderit in voluptate velit esse cillum dolore eu fugiat nulla pariatur. Excepteur sint occaecat cupidat', TIMESTAMP '2019-02-03 00:43:15.384', 3, 'Proposal 3 in voting phase 1549150995557', 21, 7, 311),
(323, TIMESTAMP '2019-01-14 00:43:15.439', TIMESTAMP '2019-02-03 00:43:15.656', 'Lorem ipsum dolor sit amet, consectetur adipiscing elit, sed do eiusmod tempor incididunt ut labore et dolore magna aliqua. Ut enim ad minim veniam, quis nostrud exercitation ullamco laboris nisi ut aliquip ex ea commodo consequat. Duis aute irure dolor in reprehenderit in voluptate velit e', TIMESTAMP '2019-02-03 00:43:15.437', 3, 'Proposal 2 in voting phase 1549150995557', 21, 3, 311),
(329, TIMESTAMP '2019-01-14 00:43:15.503', TIMESTAMP '2019-02-03 00:43:15.656', 'Lorem ipsum dolor sit amet, consectetur adipiscing elit, sed do eiusmod tempor incididunt ut labore et dolore magna aliqua. Ut enim ad minim veniam, quis nostrud exercitati', TIMESTAMP '2019-02-03 00:43:15.502', 3, 'Proposal 1 in voting phase 1549150995557', 21, 5, 311);
INSERT INTO PUBLIC.LAWS(ID, CREATED_AT, UPDATED_AT, DESCRIPTION, REACHED_QUORUM_AT, STATUS, TITLE, AREA_ID, CREATED_BY_ID, POLL_ID) VALUES
(355, TIMESTAMP '2019-01-24 00:43:21.319', TIMESTAMP '2019-02-03 00:43:25.45', 'Lorem ipsum dolor sit amet, consectetur adipiscing elit, sed do eiusmod tempor incididunt ut labore et dolore magna aliqua. Ut enim ad minim veniam, quis nostrud exercitation ullamco l', TIMESTAMP '2019-02-03 00:43:21.317', 4, 'Proposal 5 in voting phase 1549151001556', 21, 13, 362),
(363, TIMESTAMP '2019-01-14 00:43:21.346', TIMESTAMP '2019-02-03 00:43:25.45', 'Lorem ipsum dolor sit amet, consectetur adipiscing elit, sed do eiusmod tempor incididunt ut labore et dolore magna aliqua. Ut enim ad minim veniam, quis nostrud exercitation ullamco laboris nisi ut aliquip ex ea commodo consequat. Duis aute irure dolor in reprehenderit in voluptate velit esse cillum dolore eu fug', TIMESTAMP '2019-02-03 00:43:21.345', 5, 'Proposal 4 in voting phase 1549151001556', 21, 15, 362),
(368, TIMESTAMP '2019-01-14 00:43:21.386', TIMESTAMP '2019-02-03 00:43:25.451', 'Lorem ipsum dolor sit amet, consectetur adipiscing elit, sed do eiusmod tempor incididunt ut labore et dolore magna aliqua. Ut enim ad minim veniam, qui', TIMESTAMP '2019-02-03 00:43:21.384', 5, 'Proposal 3 in voting phase 1549151001556', 21, 7, 362),
(376, TIMESTAMP '2019-01-14 00:43:21.426', TIMESTAMP '2019-02-03 00:43:25.451', 'Lorem ipsum dolor sit amet, consectetur adipiscing elit, sed do eiusmod tempor incididunt ut labore et dolore magna aliqua. Ut enim ad minim veniam, quis nostrud exercitation ullam', TIMESTAMP '2019-02-03 00:43:21.425', 5, 'Proposal 2 in voting phase 1549151001556', 21, 3, 362),
(380, TIMESTAMP '2019-01-14 00:43:21.491', TIMESTAMP '2019-02-03 00:43:25.451', 'Lorem ipsum dolor sit amet, consectetur adipiscing elit, sed do eiusmod tempor incididunt ut labore et dolore magna aliqua. Ut enim ad minim veniam, quis nostrud exercitation ullamco laboris nisi ut aliqui', TIMESTAMP '2019-02-03 00:43:21.489', 5, 'Proposal 1 in voting phase 1549151001556', 21, 5, 362),
(403, TIMESTAMP '2019-01-14 00:43:25.481', TIMESTAMP '2019-02-03 00:43:25.481', 'Lorem ipsum dolor sit amet, consectetur adipiscing elit, sed do eiusmod tempor incididunt ut labore et dolore magna aliqua. Ut enim ad minim veniam, quis nostrud exercitation ullamco laboris nisi ut aliquip ex ea commodo consequat. Duis aute irure dolor in reprehenderit in voluptate velit esse cillum dolore eu fugiat nulla pariatur. Excepteur sint occaecat c', TIMESTAMP '2019-01-10 00:43:25.464', 4, 'Law 0', 21, 1, NULL),
(404, TIMESTAMP '2019-01-13 00:43:25.51', TIMESTAMP '2019-02-03 00:43:25.51', 'Lorem ipsum dolor sit amet, consectetur adipiscing elit, sed do eiusmod tempor incididunt ut labore et dolore magna aliqua. Ut enim ad minim veniam, quis nostrud exercitation ullamco laboris nisi ut aliquip ex ea commodo consequ', TIMESTAMP '2019-01-10 00:43:25.494', 4, 'Law 1', 21, 1, NULL);
CREATE MEMORY TABLE PUBLIC.LAWS_COMMENTS(
LAW_MODEL_ID BIGINT NOT NULL,
COMMENTS_ID BIGINT NOT NULL
);
ALTER TABLE PUBLIC.LAWS_COMMENTS ADD CONSTRAINT PUBLIC.CONSTRAINT_A0 PRIMARY KEY(LAW_MODEL_ID, COMMENTS_ID);
-- 25 +/- SELECT COUNT(*) FROM PUBLIC.LAWS_COMMENTS;
INSERT INTO PUBLIC.LAWS_COMMENTS(LAW_MODEL_ID, COMMENTS_ID) VALUES
(193, 194),
(198, 199),
(205, 206),
(213, 214),
(218, 219),
(233, 234),
(242, 243),
(247, 248),
(255, 256),
(262, 263),
(266, 267),
(277, 278),
(284, 285),
(292, 293),
(298, 299),
(305, 306),
(312, 313),
(318, 319),
(323, 324),
(329, 330),
(355, 356),
(363, 364),
(368, 369),
(376, 377),
(380, 381);
CREATE MEMORY TABLE PUBLIC.LAWS_SUPPORTERS(
LAW_MODEL_ID BIGINT NOT NULL,
SUPPORTERS_ID BIGINT NOT NULL
);
ALTER TABLE PUBLIC.LAWS_SUPPORTERS ADD CONSTRAINT PUBLIC.CONSTRAINT_C PRIMARY KEY(LAW_MODEL_ID, SUPPORTERS_ID);
-- 1236 +/- SELECT COUNT(*) FROM PUBLIC.LAWS_SUPPORTERS;
INSERT INTO PUBLIC.LAWS_SUPPORTERS(LAW_MODEL_ID, SUPPORTERS_ID) VALUES
(31, 19),
(31, 10),
(31, 16),
(31, 8),
(31, 13),
(31, 1),
(33, 6),
(33, 15),
(33, 17),
(34, 11),
(34, 4),
(34, 20),
(34, 13),
(34, 1),
(35, 12),
(35, 14),
(35, 6),
(36, 13),
(37, 14),
(37, 20),
(37, 12),
(37, 4),
(37, 11),
(38, 12),
(39, 14),
(39, 3),
(39, 20),
(39, 6),
(39, 7),
(39, 8),
(39, 11),
(40, 4),
(40, 15),
(40, 16),
(41, 2),
(42, 10),
(42, 7),
(44, 17),
(44, 7),
(44, 13),
(44, 11),
(44, 1),
(44, 15),
(44, 14),
(45, 13),
(45, 1),
(45, 4),
(46, 19),
(47, 6),
(47, 12),
(48, 2),
(48, 4),
(49, 3),
(49, 15),
(50, 13),
(50, 15),
(51, 10),
(51, 13),
(51, 6),
(51, 11),
(52, 3),
(53, 7),
(53, 17),
(53, 4),
(53, 19),
(53, 11),
(53, 1),
(53, 12),
(54, 20),
(54, 11),
(54, 18),
(55, 18),
(55, 9),
(56, 5),
(57, 19),
(57, 11),
(57, 20),
(57, 16),
(57, 14),
(57, 8),
(57, 10),
(58, 10),
(59, 12),
(59, 15),
(59, 19),
(59, 16),
(59, 11),
(59, 5),
(59, 10),
(60, 17),
(60, 11),
(60, 8),
(60, 7),
(61, 12),
(62, 19),
(62, 10),
(62, 6),
(62, 8),
(62, 9),
(63, 9),
(63, 14),
(63, 10),
(63, 18),
(63, 1),
(63, 15),
(63, 8),
(63, 16),
(64, 17),
(64, 18),
(64, 5),
(65, 1),
(65, 5),
(65, 11),
(65, 8),
(66, 17),
(66, 5),
(66, 12),
(67, 20),
(68, 6),
(68, 9),
(68, 16),
(68, 8),
(68, 19),
(69, 3),
(70, 18),
(70, 8),
(70, 12),
(71, 5),
(72, 2),
(72, 5),
(72, 3),
(72, 14),
(72, 18),
(73, 12),
(73, 7),
(73, 1),
(73, 8),
(74, 6),
(74, 3),
(74, 20),
(74, 8),
(74, 14),
(74, 18),
(74, 10),
(75, 5),
(75, 3),
(75, 6),
(75, 16),
(75, 20),
(75, 13),
(76, 11),
(76, 10),
(76, 9),
(76, 3),
(77, 20),
(77, 12),
(77, 16),
(77, 15),
(77, 5),
(78, 5),
(78, 19),
(78, 7),
(78, 12),
(78, 16),
(78, 18),
(78, 15),
(78, 2),
(79, 17),
(79, 4),
(79, 9),
(79, 11),
(79, 15),
(80, 1),
(80, 9),
(80, 13),
(80, 11),
(80, 19),
(80, 4),
(80, 17),
(80, 12),
(82, 14),
(82, 13),
(82, 19),
(82, 10),
(82, 12),
(82, 9),
(82, 5),
(82, 7),
(83, 7),
(83, 13),
(84, 6),
(84, 19),
(84, 15),
(85, 16),
(85, 8),
(85, 11),
(85, 20),
(85, 6),
(85, 7),
(85, 14),
(86, 9),
(86, 17),
(86, 15),
(86, 18),
(86, 20),
(87, 4),
(87, 17),
(87, 1),
(88, 14),
(88, 12),
(88, 2),
(88, 19),
(88, 18),
(88, 7),
(89, 15),
(89, 16),
(90, 1),
(90, 15),
(90, 17),
(90, 18),
(91, 9),
(91, 15),
(92, 17),
(92, 4),
(92, 1),
(92, 15),
(92, 20),
(92, 13),
(92, 11),
(93, 19),
(93, 9),
(93, 6),
(94, 5),
(94, 16),
(94, 11),
(94, 6),
(94, 4),
(94, 3),
(95, 4),
(95, 14),
(95, 1),
(95, 8),
(95, 7),
(95, 19),
(95, 10),
(95, 13),
(96, 19),
(96, 18),
(96, 11),
(96, 10),
(96, 20),
(96, 6),
(97, 14),
(97, 13),
(97, 10),
(97, 5),
(97, 6),
(98, 16),
(98, 19),
(98, 13),
(98, 5),
(98, 7),
(98, 2),
(98, 3),
(98, 20),
(99, 8),
(99, 17),
(99, 6),
(99, 9),
(99, 20),
(99, 12),
(99, 10),
(99, 16),
(100, 13),
(100, 9),
(100, 16),
(101, 8),
(101, 6),
(103, 19),
(103, 18),
(103, 13),
(105, 10),
(105, 11),
(105, 9),
(105, 5),
(105, 4),
(105, 8),
(105, 17),
(106, 4),
(106, 11),
(106, 7),
(106, 8),
(108, 18),
(108, 17),
(108, 1),
(108, 5),
(108, 19),
(108, 4),
(108, 8),
(108, 13),
(109, 1),
(109, 14),
(109, 17),
(109, 20),
(109, 2),
(110, 20),
(110, 11),
(110, 13),
(110, 3),
(110, 15),
(111, 12),
(111, 20),
(111, 8),
(111, 11),
(111, 17),
(111, 14),
(113, 11),
(113, 6),
(113, 13),
(113, 20),
(113, 9),
(113, 19),
(114, 6),
(114, 5),
(114, 3),
(115, 18),
(115, 16),
(115, 13),
(115, 15),
(115, 3),
(116, 5),
(116, 1),
(116, 6),
(116, 10),
(117, 20),
(117, 15),
(117, 19),
(117, 3),
(117, 4),
(117, 14),
(118, 14),
(120, 10),
(120, 8),
(120, 15),
(120, 13),
(120, 16),
(120, 9),
(120, 11),
(120, 20),
(121, 16),
(121, 1),
(121, 3),
(121, 18),
(121, 15),
(121, 6),
(121, 20),
(122, 6),
(122, 19),
(122, 3),
(122, 5),
(122, 10),
(122, 9),
(122, 17),
(123, 10),
(123, 17),
(123, 16),
(123, 15),
(124, 9),
(124, 18),
(125, 2),
(125, 3),
(125, 19),
(125, 12),
(126, 10),
(126, 20),
(126, 6),
(126, 4),
(126, 1),
(126, 16),
(126, 12),
(127, 11),
(127, 15),
(127, 9),
(127, 18),
(127, 6),
(128, 11),
(128, 1),
(128, 10),
(128, 9),
(128, 15),
(128, 4),
(128, 7),
(129, 1),
(129, 19),
(129, 13),
(130, 7),
(130, 12),
(131, 17),
(132, 11),
(132, 8),
(132, 20),
(132, 5),
(132, 16),
(132, 2),
(132, 1),
(132, 3),
(133, 12);
INSERT INTO PUBLIC.LAWS_SUPPORTERS(LAW_MODEL_ID, SUPPORTERS_ID) VALUES
(133, 8),
(133, 14),
(134, 9),
(134, 18),
(134, 16),
(134, 14),
(134, 15),
(134, 19),
(134, 20),
(134, 17),
(135, 19),
(135, 14),
(136, 8),
(136, 6),
(136, 17),
(136, 5),
(136, 18),
(137, 4),
(137, 7),
(137, 3),
(137, 18),
(137, 8),
(137, 5),
(137, 12),
(137, 11),
(138, 14),
(138, 7),
(138, 11),
(138, 20),
(140, 12),
(140, 1),
(140, 4),
(140, 13),
(140, 16),
(140, 17),
(141, 3),
(141, 4),
(141, 18),
(142, 7),
(142, 8),
(142, 13),
(142, 11),
(142, 1),
(142, 14),
(143, 3),
(143, 2),
(143, 15),
(143, 6),
(143, 4),
(143, 10),
(143, 17),
(143, 1),
(143, 20),
(143, 9),
(144, 6),
(144, 10),
(144, 1),
(144, 12),
(144, 13),
(144, 20),
(144, 17),
(144, 9),
(144, 16),
(144, 4),
(145, 15),
(145, 10),
(145, 1),
(145, 12),
(145, 20),
(145, 16),
(145, 6),
(145, 4),
(145, 19),
(145, 18),
(146, 20),
(146, 2),
(146, 8),
(146, 6),
(146, 19),
(146, 9),
(146, 10),
(146, 15),
(146, 14),
(146, 4),
(147, 14),
(147, 7),
(147, 12),
(147, 1),
(147, 10),
(147, 15),
(147, 13),
(147, 2),
(147, 19),
(147, 3),
(148, 20),
(148, 17),
(148, 3),
(148, 5),
(148, 13),
(148, 1),
(148, 8),
(148, 16),
(148, 6),
(148, 7),
(149, 13),
(149, 3),
(149, 14),
(149, 8),
(149, 12),
(149, 2),
(149, 16),
(149, 11),
(149, 1),
(149, 17),
(150, 6),
(150, 2),
(150, 3),
(150, 10),
(150, 17),
(150, 5),
(150, 14),
(150, 11),
(150, 16),
(150, 9),
(151, 1),
(151, 4),
(151, 16),
(151, 8),
(151, 9),
(151, 2),
(151, 15),
(151, 3),
(151, 14),
(151, 12),
(152, 10),
(152, 6),
(152, 1),
(152, 4),
(152, 15),
(152, 14),
(152, 7),
(152, 17),
(152, 3),
(152, 18),
(153, 10),
(153, 8),
(153, 3),
(153, 7),
(153, 5),
(153, 13),
(153, 20),
(153, 12),
(153, 19),
(153, 18),
(154, 12),
(154, 19),
(154, 17),
(154, 2),
(154, 4),
(154, 20),
(154, 1),
(154, 11),
(154, 13),
(154, 5),
(155, 17),
(155, 12),
(155, 4),
(155, 6),
(155, 5),
(155, 16),
(155, 2),
(155, 18),
(155, 14),
(155, 11),
(156, 9),
(156, 7),
(156, 6),
(156, 5),
(156, 14),
(156, 17),
(156, 3),
(156, 13),
(156, 20),
(156, 16),
(157, 15),
(157, 9),
(157, 18),
(157, 1),
(157, 5),
(157, 8),
(157, 13),
(157, 16),
(157, 19),
(157, 4),
(158, 16),
(158, 3),
(158, 12),
(158, 17),
(158, 8),
(158, 9),
(158, 19),
(158, 18),
(158, 2),
(158, 11),
(159, 20),
(159, 10),
(159, 3),
(159, 6),
(159, 19),
(159, 8),
(159, 14),
(159, 4),
(159, 9),
(159, 7),
(160, 14),
(160, 6),
(160, 12),
(160, 11),
(160, 1),
(160, 5),
(160, 10),
(160, 17),
(160, 16),
(160, 8),
(161, 3),
(161, 5),
(161, 15),
(161, 19),
(161, 2),
(161, 8),
(161, 11),
(161, 9),
(161, 18),
(161, 6),
(162, 19),
(162, 18),
(162, 2),
(162, 1),
(162, 9),
(162, 12),
(162, 14),
(162, 3),
(162, 8),
(162, 20),
(163, 9),
(163, 19),
(163, 18),
(163, 12),
(163, 20),
(163, 13),
(163, 2),
(163, 11),
(163, 5),
(163, 10),
(164, 7),
(164, 18),
(164, 12),
(164, 9),
(164, 8),
(164, 17),
(164, 20),
(164, 5),
(164, 1),
(164, 15),
(165, 18),
(165, 17),
(165, 8),
(165, 3),
(165, 2),
(165, 5),
(165, 9),
(165, 16),
(165, 4),
(165, 7),
(166, 14),
(166, 19),
(166, 16),
(166, 13),
(166, 1),
(166, 6),
(166, 12),
(166, 17),
(166, 9),
(166, 18),
(167, 14),
(167, 12),
(167, 2),
(167, 9),
(167, 8),
(167, 15),
(167, 17),
(167, 18),
(167, 13),
(167, 5),
(168, 7),
(168, 13),
(168, 15),
(168, 11),
(168, 10),
(168, 6),
(168, 12),
(168, 19),
(168, 17),
(168, 9),
(169, 11),
(169, 5),
(169, 7),
(169, 13),
(169, 19),
(169, 4),
(169, 6),
(169, 2),
(169, 3),
(169, 18),
(170, 17),
(170, 16),
(170, 19),
(170, 2),
(170, 11),
(170, 8),
(170, 15),
(170, 10),
(170, 5),
(170, 9),
(171, 13),
(171, 7),
(171, 8),
(171, 11),
(171, 18),
(171, 14),
(171, 20),
(171, 9),
(171, 1),
(171, 17),
(172, 13),
(172, 2),
(172, 8),
(172, 16),
(172, 7),
(172, 14),
(172, 17),
(172, 19),
(172, 9),
(172, 5),
(173, 10),
(173, 19),
(173, 1),
(173, 11),
(173, 7),
(173, 2),
(173, 5),
(173, 3),
(173, 20),
(173, 8),
(174, 17),
(174, 1),
(174, 5),
(174, 2),
(174, 7),
(174, 6),
(174, 9),
(174, 16),
(174, 20),
(174, 19),
(175, 6),
(175, 3),
(175, 11),
(175, 7),
(175, 15),
(175, 18),
(175, 17),
(175, 9),
(175, 19),
(175, 2),
(176, 8),
(176, 10),
(176, 17),
(176, 16),
(176, 19),
(176, 3),
(176, 4),
(176, 13),
(176, 11);
INSERT INTO PUBLIC.LAWS_SUPPORTERS(LAW_MODEL_ID, SUPPORTERS_ID) VALUES
(176, 5),
(177, 9),
(177, 10),
(177, 5),
(177, 18),
(177, 6),
(177, 3),
(177, 20),
(177, 12),
(177, 15),
(177, 17),
(178, 3),
(178, 8),
(178, 14),
(178, 13),
(178, 17),
(178, 15),
(178, 18),
(178, 5),
(178, 1),
(178, 4),
(179, 7),
(179, 19),
(179, 18),
(179, 14),
(179, 2),
(179, 6),
(179, 8),
(179, 5),
(179, 20),
(179, 9),
(180, 13),
(180, 12),
(180, 6),
(180, 10),
(180, 20),
(180, 9),
(180, 14),
(180, 2),
(180, 1),
(180, 4),
(181, 14),
(181, 20),
(181, 10),
(181, 16),
(181, 6),
(181, 7),
(181, 5),
(181, 8),
(181, 19),
(181, 17),
(182, 2),
(182, 17),
(182, 11),
(182, 5),
(182, 14),
(182, 7),
(182, 6),
(182, 3),
(182, 8),
(182, 18),
(183, 14),
(183, 15),
(183, 7),
(183, 1),
(183, 4),
(183, 17),
(183, 9),
(183, 2),
(183, 3),
(183, 6),
(184, 5),
(184, 19),
(184, 18),
(184, 2),
(184, 17),
(184, 4),
(184, 1),
(184, 11),
(184, 12),
(184, 3),
(185, 8),
(185, 6),
(185, 14),
(185, 4),
(185, 13),
(185, 10),
(185, 12),
(185, 7),
(185, 16),
(185, 2),
(186, 6),
(186, 20),
(186, 1),
(186, 13),
(186, 11),
(186, 7),
(186, 12),
(186, 18),
(186, 10),
(186, 16),
(187, 3),
(187, 14),
(187, 1),
(187, 20),
(187, 7),
(187, 19),
(187, 6),
(187, 12),
(187, 4),
(187, 16),
(188, 17),
(188, 5),
(188, 20),
(188, 10),
(188, 11),
(188, 19),
(188, 12),
(188, 8),
(188, 15),
(188, 14),
(189, 1),
(189, 2),
(189, 14),
(189, 17),
(189, 20),
(189, 15),
(189, 16),
(189, 12),
(189, 9),
(189, 6),
(190, 15),
(190, 12),
(190, 9),
(190, 7),
(190, 3),
(190, 6),
(190, 11),
(190, 20),
(190, 16),
(190, 14),
(191, 8),
(191, 16),
(191, 2),
(191, 18),
(191, 12),
(191, 13),
(191, 11),
(191, 15),
(191, 6),
(191, 20),
(192, 15),
(192, 2),
(192, 12),
(192, 20),
(192, 13),
(192, 10),
(192, 6),
(192, 11),
(192, 1),
(192, 5),
(193, 9),
(193, 12),
(193, 2),
(193, 3),
(193, 5),
(193, 6),
(193, 11),
(193, 16),
(193, 17),
(193, 19),
(198, 9),
(198, 5),
(198, 6),
(198, 16),
(198, 19),
(198, 15),
(198, 20),
(198, 17),
(198, 12),
(198, 10),
(205, 10),
(205, 17),
(205, 11),
(205, 9),
(205, 5),
(205, 20),
(205, 18),
(205, 3),
(205, 4),
(205, 13),
(213, 6),
(213, 18),
(213, 16),
(213, 10),
(213, 19),
(213, 9),
(213, 5),
(213, 8),
(213, 11),
(213, 15),
(218, 5),
(218, 16),
(218, 8),
(218, 2),
(218, 17),
(218, 14),
(218, 3),
(218, 15),
(218, 11),
(218, 4),
(233, 18),
(233, 2),
(233, 8),
(233, 15),
(233, 20),
(233, 12),
(233, 17),
(233, 14),
(233, 11),
(233, 5),
(242, 10),
(242, 2),
(242, 18),
(242, 1),
(242, 4),
(242, 6),
(242, 12),
(242, 7),
(242, 9),
(242, 16),
(247, 5),
(247, 8),
(247, 16),
(247, 14),
(247, 10),
(247, 6),
(247, 9),
(247, 11),
(247, 1),
(247, 17),
(255, 7),
(255, 9),
(255, 12),
(255, 19),
(255, 11),
(255, 4),
(255, 8),
(255, 18),
(255, 14),
(255, 16),
(262, 3),
(262, 10),
(262, 12),
(262, 15),
(262, 2),
(262, 4),
(262, 1),
(262, 7),
(262, 14),
(262, 20),
(266, 20),
(266, 7),
(266, 14),
(266, 15),
(266, 19),
(266, 6),
(266, 3),
(266, 12),
(266, 2),
(266, 9),
(277, 20),
(277, 7),
(277, 17),
(277, 6),
(277, 8),
(277, 18),
(277, 12),
(277, 3),
(277, 16),
(277, 14),
(284, 12),
(284, 2),
(284, 11),
(284, 3),
(284, 9),
(284, 13),
(284, 20),
(284, 19),
(284, 18),
(284, 4),
(292, 18),
(292, 7),
(292, 13),
(292, 8),
(292, 4),
(292, 15),
(292, 20),
(292, 11),
(292, 14),
(292, 19),
(298, 4),
(298, 10),
(298, 14),
(298, 1),
(298, 18),
(298, 15),
(298, 6),
(298, 17),
(298, 7),
(298, 11),
(305, 5),
(305, 11),
(305, 7),
(305, 19),
(305, 16),
(305, 4),
(305, 20),
(305, 2),
(305, 10),
(305, 6),
(312, 5),
(312, 12),
(312, 11),
(312, 3),
(312, 16),
(312, 9),
(312, 20),
(312, 18),
(312, 6),
(312, 13),
(318, 18),
(318, 19),
(318, 12),
(318, 13),
(318, 10),
(318, 17),
(318, 16),
(318, 3),
(318, 11),
(318, 2),
(323, 16),
(323, 12),
(323, 17),
(323, 6),
(323, 20),
(323, 19),
(323, 9),
(323, 2),
(323, 7),
(323, 10),
(329, 12),
(329, 15),
(329, 11),
(329, 1),
(329, 13),
(329, 16),
(329, 6),
(329, 4),
(329, 9),
(329, 3),
(355, 5),
(355, 8),
(355, 17),
(355, 2),
(355, 10),
(355, 11),
(355, 9),
(355, 20),
(355, 4),
(355, 18),
(363, 19),
(363, 20),
(363, 12),
(363, 1),
(363, 11),
(363, 7),
(363, 10),
(363, 3),
(363, 9),
(363, 17),
(368, 14);
INSERT INTO PUBLIC.LAWS_SUPPORTERS(LAW_MODEL_ID, SUPPORTERS_ID) VALUES
(368, 12),
(368, 3),
(368, 15),
(368, 2),
(368, 4),
(368, 8),
(368, 6),
(368, 10),
(368, 20),
(376, 6),
(376, 10),
(376, 16),
(376, 13),
(376, 4),
(376, 20),
(376, 18),
(376, 19),
(376, 12),
(376, 11),
(380, 16),
(380, 4),
(380, 13),
(380, 9),
(380, 17),
(380, 8),
(380, 12),
(380, 3),
(380, 11),
(380, 6),
(403, 16),
(403, 17),
(403, 12),
(403, 3),
(403, 8),
(403, 18),
(403, 15),
(403, 4),
(403, 20),
(403, 13),
(403, 10),
(403, 9),
(403, 11),
(403, 7),
(403, 2),
(403, 19),
(403, 5),
(404, 10),
(404, 3),
(404, 8),
(404, 11),
(404, 13),
(404, 7),
(404, 5),
(404, 14),
(404, 20),
(404, 17),
(404, 15),
(404, 18),
(404, 19),
(404, 16),
(404, 2),
(404, 12),
(404, 9),
(404, 4);
CREATE MEMORY TABLE PUBLIC.ONE_TIME_TOKEN(
ID BIGINT NOT NULL,
CREATED_AT TIMESTAMP NOT NULL,
UPDATED_AT TIMESTAMP NOT NULL,
TOKEN VARCHAR(255) NOT NULL,
TOKEN_TYPE INTEGER NOT NULL,
VALID_UNTIL TIMESTAMP NOT NULL,
USER_ID BIGINT NOT NULL
);
ALTER TABLE PUBLIC.ONE_TIME_TOKEN ADD CONSTRAINT PUBLIC.CONSTRAINT_4 PRIMARY KEY(ID);
-- 0 +/- SELECT COUNT(*) FROM PUBLIC.ONE_TIME_TOKEN;
CREATE MEMORY TABLE PUBLIC.POLLS(
ID BIGINT NOT NULL,
CREATED_AT TIMESTAMP NOT NULL,
UPDATED_AT TIMESTAMP NOT NULL,
STATUS INTEGER,
VOTING_END_AT TIMESTAMP,
VOTING_START_AT TIMESTAMP,
WINNER_ID BIGINT
);
ALTER TABLE PUBLIC.POLLS ADD CONSTRAINT PUBLIC.CONSTRAINT_48 PRIMARY KEY(ID);
-- 4 +/- SELECT COUNT(*) FROM PUBLIC.POLLS;
INSERT INTO PUBLIC.POLLS(ID, CREATED_AT, UPDATED_AT, STATUS, VOTING_END_AT, VOTING_START_AT, WINNER_ID) VALUES
(241, TIMESTAMP '2019-01-27 00:43:14.708', TIMESTAMP '2019-01-27 00:43:14.708', 0, TIMESTAMP '2019-03-03 00:00:00', TIMESTAMP '2019-02-17 00:00:00', NULL),
(276, TIMESTAMP '2019-01-19 00:43:15.138', TIMESTAMP '2019-02-03 00:43:15.271', 1, TIMESTAMP '2019-02-16 00:00:00', TIMESTAMP '2019-02-02 00:43:15.222', NULL),
(311, TIMESTAMP '2019-01-19 00:43:15.598', TIMESTAMP '2019-02-03 00:43:15.655', 1, TIMESTAMP '2019-02-16 00:00:00', TIMESTAMP '2019-02-02 00:43:15.627', NULL),
(362, TIMESTAMP '2019-02-19 17:46:09.008', TIMESTAMP '2019-02-03 00:43:25.449', 2, TIMESTAMP '2019-02-03 00:43:25.43', TIMESTAMP '2019-01-15 00:43:21.68', 355);
CREATE MEMORY TABLE PUBLIC.USERS(
ID BIGINT NOT NULL,
CREATED_AT TIMESTAMP NOT NULL,
UPDATED_AT TIMESTAMP NOT NULL,
EMAIL VARCHAR(255) NOT NULL,
LAST_LOGIN TIMESTAMP,
MOBILEPHONE VARCHAR(255),
NAME VARCHAR(255),
PICTURE VARCHAR(255),
WEBSITE VARCHAR(255)
);
ALTER TABLE PUBLIC.USERS ADD CONSTRAINT PUBLIC.CONSTRAINT_4D PRIMARY KEY(ID);
-- 20 +/- SELECT COUNT(*) FROM PUBLIC.USERS;
INSERT INTO PUBLIC.USERS(ID, CREATED_AT, UPDATED_AT, EMAIL, LAST_LOGIN, MOBILEPHONE, NAME, PICTURE, WEBSITE) VALUES
(1, TIMESTAMP '2019-02-03 00:43:05.265', TIMESTAMP '2019-02-03 00:43:05.265', 'testuser1@liquido.de', NULL, '+49123451', 'Test User1', '/static/img/photos/1.png', 'http://www.liquido.de'),
(2, TIMESTAMP '2019-02-03 00:43:05.33', TIMESTAMP '2019-02-03 00:43:05.33', 'testuser2@liquido.de', NULL, '+49123452', 'Test User2', '/static/img/photos/2.png', 'http://www.liquido.de'),
(3, TIMESTAMP '2019-02-03 00:43:05.334', TIMESTAMP '2019-02-03 00:43:05.334', 'testuser3@liquido.de', NULL, '+49123453', 'Test User3', '/static/img/photos/3.png', 'http://www.liquido.de'),
(4, TIMESTAMP '2019-02-03 00:43:05.339', TIMESTAMP '2019-02-03 00:43:05.339', 'testuser4@liquido.de', NULL, '+49123454', 'Test User4', '/static/img/photos/1.png', 'http://www.liquido.de'),
(5, TIMESTAMP '2019-02-03 00:43:05.342', TIMESTAMP '2019-02-03 00:43:05.342', 'testuser5@liquido.de', NULL, '+49123455', 'Test User5', '/static/img/photos/2.png', 'http://www.liquido.de'),
(6, TIMESTAMP '2019-02-03 00:43:05.345', TIMESTAMP '2019-02-03 00:43:05.345', 'testuser6@liquido.de', NULL, '+49123456', 'Test User6', '/static/img/photos/3.png', 'http://www.liquido.de'),
(7, TIMESTAMP '2019-02-03 00:43:05.349', TIMESTAMP '2019-02-03 00:43:05.349', 'testuser7@liquido.de', NULL, '+49123457', 'Test User7', '/static/img/photos/1.png', 'http://www.liquido.de'),
(8, TIMESTAMP '2019-02-03 00:43:05.353', TIMESTAMP '2019-02-03 00:43:05.353', 'testuser8@liquido.de', NULL, '+49123458', 'Test User8', '/static/img/photos/2.png', 'http://www.liquido.de'),
(9, TIMESTAMP '2019-02-03 00:43:05.357', TIMESTAMP '2019-02-03 00:43:05.357', 'testuser9@liquido.de', NULL, '+49123459', 'Test User9', '/static/img/photos/3.png', 'http://www.liquido.de'),
(10, TIMESTAMP '2019-02-03 00:43:05.36', TIMESTAMP '2019-02-03 00:43:05.36', 'testuser10@liquido.de', NULL, '+491234510', 'Test User10', '/static/img/photos/1.png', 'http://www.liquido.de'),
(11, TIMESTAMP '2019-02-03 00:43:05.363', TIMESTAMP '2019-02-03 00:43:05.363', 'testuser11@liquido.de', NULL, '+491234511', 'Test User11', '/static/img/photos/2.png', 'http://www.liquido.de'),
(12, TIMESTAMP '2019-02-03 00:43:05.367', TIMESTAMP '2019-02-03 00:43:05.367', 'testuser12@liquido.de', NULL, '+491234512', 'Test User12', '/static/img/photos/3.png', 'http://www.liquido.de'),
(13, TIMESTAMP '2019-02-03 00:43:05.37', TIMESTAMP '2019-02-03 00:43:05.37', 'testuser13@liquido.de', NULL, '+491234513', 'Test User13', '/static/img/photos/1.png', 'http://www.liquido.de'),
(14, TIMESTAMP '2019-02-03 00:43:05.374', TIMESTAMP '2019-02-03 00:43:05.374', 'testuser14@liquido.de', NULL, '+491234514', 'Test User14', '/static/img/photos/2.png', 'http://www.liquido.de'),
(15, TIMESTAMP '2019-02-03 00:43:05.377', TIMESTAMP '2019-02-03 00:43:05.377', 'testuser15@liquido.de', NULL, '+491234515', 'Test User15', '/static/img/photos/3.png', 'http://www.liquido.de'),
(16, TIMESTAMP '2019-02-03 00:43:05.382', TIMESTAMP '2019-02-03 00:43:05.382', 'testuser16@liquido.de', NULL, '+491234516', 'Test User16', '/static/img/photos/1.png', 'http://www.liquido.de'),
(17, TIMESTAMP '2019-02-03 00:43:05.387', TIMESTAMP '2019-02-03 00:43:05.387', 'testuser17@liquido.de', NULL, '+491234517', 'Test User17', '/static/img/photos/2.png', 'http://www.liquido.de'),
(18, TIMESTAMP '2019-02-03 00:43:05.395', TIMESTAMP '2019-02-03 00:43:05.395', 'testuser18@liquido.de', NULL, '+491234518', 'Test User18', '/static/img/photos/3.png', 'http://www.liquido.de'),
(19, TIMESTAMP '2019-02-03 00:43:05.401', TIMESTAMP '2019-02-03 00:43:05.401', 'testuser19@liquido.de', NULL, '+491234519', 'Test User19', '/static/img/photos/1.png', 'http://www.liquido.de'),
(20, TIMESTAMP '2019-02-03 00:43:05.408', TIMESTAMP '2019-02-03 00:43:05.408', 'testuser20@liquido.de', NULL, '+491234520', 'Test User20', '/static/img/photos/2.png', 'http://www.liquido.de');
-- 0 +/- SELECT COUNT(*) FROM PUBLIC.QRTZ_CALENDARS;
-- 0 +/- SELECT COUNT(*) FROM PUBLIC.QRTZ_CRON_TRIGGERS;
-- 0 +/- SELECT COUNT(*) FROM PUBLIC.QRTZ_FIRED_TRIGGERS;
-- 0 +/- SELECT COUNT(*) FROM PUBLIC.QRTZ_PAUSED_TRIGGER_GRPS;
-- 0 +/- SELECT COUNT(*) FROM PUBLIC.QRTZ_SCHEDULER_STATE;
-- 0 +/- SELECT COUNT(*) FROM PUBLIC.QRTZ_LOCKS;
-- 0 +/- SELECT COUNT(*) FROM PUBLIC.QRTZ_JOB_DETAILS;
-- 0 +/- SELECT COUNT(*) FROM PUBLIC.QRTZ_SIMPLE_TRIGGERS;
-- 0 +/- SELECT COUNT(*) FROM PUBLIC.QRTZ_SIMPROP_TRIGGERS;
-- 0 +/- SELECT COUNT(*) FROM PUBLIC.QRTZ_BLOB_TRIGGERS;
-- 0 +/- SELECT COUNT(*) FROM PUBLIC.QRTZ_TRIGGERS;
ALTER TABLE PUBLIC.AREAS ADD CONSTRAINT PUBLIC.UK_P61HNJ1M450KNDUSCXOLDCHFJ UNIQUE(TITLE);
ALTER TABLE PUBLIC.KEY_VALUE ADD CONSTRAINT PUBLIC.UK_8TE0DHIEXEOWA1RGVA302TO1L UNIQUE(KEY_COL);
ALTER TABLE PUBLIC.USERS ADD CONSTRAINT PUBLIC.UK_6DOTKOTT2KJSP8VW4D0M25FB7 UNIQUE(EMAIL);
ALTER TABLE PUBLIC.LAWS ADD CONSTRAINT PUBLIC.UK_BS516OPV3HONTPTWVPIOOS72B UNIQUE(TITLE);
ALTER TABLE PUBLIC.DELEGATIONS ADD CONSTRAINT PUBLIC.UK2WYH7POIF8NPDWLUR8DFORD0J UNIQUE(AREA_ID, FROM_USER_ID);
ALTER TABLE PUBLIC.LAWS_COMMENTS ADD CONSTRAINT PUBLIC.UK_OF3YV6X3MAHJPHJBJE5XHRXC8 UNIQUE(COMMENTS_ID);
ALTER TABLE PUBLIC.BALLOTS ADD CONSTRAINT PUBLIC.UKHWWEPK8N3CE54LEREWX2FMYXF UNIQUE(POLL_ID, CHECKSUM);
ALTER TABLE PUBLIC.USERS ADD CONSTRAINT PUBLIC.UK_70QE9WOFM8UJ2PEANWKPHERRM UNIQUE(MOBILEPHONE);
ALTER TABLE PUBLIC.CHECKSUMS ADD CONSTRAINT PUBLIC.UKL0XNKLNHLK4PTWSU9B0QXTYBN UNIQUE(AREA_ID, PUBLIC_PROXY_ID);
ALTER TABLE PUBLIC.AREAS ADD CONSTRAINT PUBLIC.FKP9N0U4HM2Q1O7V0068C8GD4EL FOREIGN KEY(CREATED_BY_ID) REFERENCES PUBLIC.USERS(ID) NOCHECK;
ALTER TABLE PUBLIC.DELEGATIONS ADD CONSTRAINT PUBLIC.FK1Y1R0D478R9NTDMUIYKKUHADV FOREIGN KEY(REQUESTED_DELEGATION_FROM_CHECKSUM_CHECKSUM) REFERENCES PUBLIC.CHECKSUMS(CHECKSUM) NOCHECK;
ALTER TABLE PUBLIC.DELEGATIONS ADD CONSTRAINT PUBLIC.FKSWBDEOVC7HSQ5EX30PBMDU9D4 FOREIGN KEY(AREA_ID) REFERENCES PUBLIC.AREAS(ID) NOCHECK;
ALTER TABLE PUBLIC.LAWS ADD CONSTRAINT PUBLIC.FK4QUHD81MM84X6RQ0CCBXSEYXX FOREIGN KEY(POLL_ID) REFERENCES PUBLIC.POLLS(ID) NOCHECK;
ALTER TABLE PUBLIC.LAWS_SUPPORTERS ADD CONSTRAINT PUBLIC.FK9B4I87YIKUCHRIRFJAYMGOHE3 FOREIGN KEY(LAW_MODEL_ID) REFERENCES PUBLIC.LAWS(ID) NOCHECK;
ALTER TABLE PUBLIC.BALLOTS ADD CONSTRAINT PUBLIC.FKOG7SHPLJ1CCOH8N9AO4Y16LQ3 FOREIGN KEY(POLL_ID) REFERENCES PUBLIC.POLLS(ID) NOCHECK;
ALTER TABLE PUBLIC.COMMENTS_DOWN_VOTERS ADD CONSTRAINT PUBLIC.FK62ILAC17TG4CPKRHEONUD72HV FOREIGN KEY(DOWN_VOTERS_ID) REFERENCES PUBLIC.USERS(ID) NOCHECK;
ALTER TABLE PUBLIC.CHECKSUMS ADD CONSTRAINT PUBLIC.FKDFLPSE9FSOGY1FMFDY2W79RG FOREIGN KEY(DELEGATED_TO_CHECKSUM) REFERENCES PUBLIC.CHECKSUMS(CHECKSUM) NOCHECK;
ALTER TABLE PUBLIC.BALLOTS_VOTE_ORDER ADD CONSTRAINT PUBLIC.FKIH6THEWVJEH3OW9DL1YTJ9AWB FOREIGN KEY(BALLOT_MODEL_ID) REFERENCES PUBLIC.BALLOTS(ID) NOCHECK;
ALTER TABLE PUBLIC.CHECKSUMS ADD CONSTRAINT PUBLIC.FK68FTLVL0MWTVOQD3BFUPP0XRG FOREIGN KEY(PUBLIC_PROXY_ID) REFERENCES PUBLIC.USERS(ID) NOCHECK;
ALTER TABLE PUBLIC.LAWS ADD CONSTRAINT PUBLIC.FKTR1PLL46Q50SHWBFFYIYUAVGN FOREIGN KEY(CREATED_BY_ID) REFERENCES PUBLIC.USERS(ID) NOCHECK;
ALTER TABLE PUBLIC.ONE_TIME_TOKEN ADD CONSTRAINT PUBLIC.FK4O21XT1RMRICB3EA4TO5NKR8D FOREIGN KEY(USER_ID) REFERENCES PUBLIC.USERS(ID) NOCHECK;
ALTER TABLE PUBLIC.BALLOTS_VOTE_ORDER ADD CONSTRAINT PUBLIC.FKOWD5MAD84QVWGST43698A6GX5 FOREIGN KEY(VOTE_ORDER_ID) REFERENCES PUBLIC.LAWS(ID) NOCHECK;
ALTER TABLE PUBLIC.COMMENTS ADD CONSTRAINT PUBLIC.FKAKKM6QFYDU7VGNFNE1YO0XMED FOREIGN KEY(CREATED_BY_ID) REFERENCES PUBLIC.USERS(ID) NOCHECK;
ALTER TABLE PUBLIC.DELEGATIONS ADD CONSTRAINT PUBLIC.FK21A6LG8FU2JS6E0JU41WJ2GQP FOREIGN KEY(TO_PROXY_ID) REFERENCES PUBLIC.USERS(ID) NOCHECK;
ALTER TABLE PUBLIC.LAWS_COMMENTS ADD CONSTRAINT PUBLIC.FK36FBKIUITRV0YRVY8S0IG46IX FOREIGN KEY(LAW_MODEL_ID) REFERENCES PUBLIC.LAWS(ID) NOCHECK;
ALTER TABLE PUBLIC.POLLS ADD CONSTRAINT PUBLIC.FKQADOVSMQ4UOK58SP9HKHWJQIS FOREIGN KEY(WINNER_ID) REFERENCES PUBLIC.LAWS(ID) NOCHECK;
ALTER TABLE PUBLIC.DELEGATIONS ADD CONSTRAINT PUBLIC.FK9KOYA2MI6T18VF7U1FROBKNIQ FOREIGN KEY(FROM_USER_ID) REFERENCES PUBLIC.USERS(ID) NOCHECK;
ALTER TABLE PUBLIC.COMMENTS ADD CONSTRAINT PUBLIC.FK4V1HI5NTV7K7XL8SF7KR91ANA FOREIGN KEY(LAW_ID) REFERENCES PUBLIC.LAWS(ID) NOCHECK;
ALTER TABLE PUBLIC.BALLOTS ADD CONSTRAINT PUBLIC.FK1RRV2WY16UQONFL9CR1CQG2XD FOREIGN KEY(CHECKSUM) REFERENCES PUBLIC.CHECKSUMS(CHECKSUM) NOCHECK;
ALTER TABLE PUBLIC.LAWS ADD CONSTRAINT PUBLIC.FK9VIQDJ5LDUN0AHWQDFF1WUY39 FOREIGN KEY(AREA_ID) REFERENCES PUBLIC.AREAS(ID) NOCHECK;
ALTER TABLE PUBLIC.LAWS_COMMENTS ADD CONSTRAINT PUBLIC.FKFL0Y4QFVFPF9YNMMFJ0JEVXFF FOREIGN KEY(COMMENTS_ID) REFERENCES PUBLIC.COMMENTS(ID) NOCHECK;
ALTER TABLE PUBLIC.COMMENTS_UP_VOTERS ADD CONSTRAINT PUBLIC.FKEUURM027PDC4L5A9G9O2L0UYD FOREIGN KEY(UP_VOTERS_ID) REFERENCES PUBLIC.USERS(ID) NOCHECK;
ALTER TABLE PUBLIC.COMMENTS ADD CONSTRAINT PUBLIC.FKLRI30OKF66PHTCGBE5POK7CC0 FOREIGN KEY(PARENT_ID) REFERENCES PUBLIC.COMMENTS(ID) NOCHECK;
ALTER TABLE PUBLIC.COMMENTS_UP_VOTERS ADD CONSTRAINT PUBLIC.FK8LS8T571Y99VTTW1MDKEBXAGP FOREIGN KEY(COMMENT_MODEL_ID) REFERENCES PUBLIC.COMMENTS(ID) NOCHECK;
ALTER TABLE PUBLIC.LAWS_SUPPORTERS ADD CONSTRAINT PUBLIC.FKK8MVJC4RQ970OJAVYFIA9BQVE FOREIGN KEY(SUPPORTERS_ID) REFERENCES PUBLIC.USERS(ID) NOCHECK;
ALTER TABLE PUBLIC.COMMENTS_DOWN_VOTERS ADD CONSTRAINT PUBLIC.FKJYMYJ54LENHS4KE6MYQHLY72 FOREIGN KEY(COMMENT_MODEL_ID) REFERENCES PUBLIC.COMMENTS(ID) NOCHECK;
ALTER TABLE PUBLIC.CHECKSUMS ADD CONSTRAINT PUBLIC.FKLLW57XBW0D67OPTMWFMU3P2PC FOREIGN KEY(AREA_ID) REFERENCES PUBLIC.AREAS(ID) NOCHECK;
