SET DB_CLOSE_DELAY -1;        
;             
CREATE USER IF NOT EXISTS SA SALT '995a1694a0c7384f' HASH 'ce39e01300c153b89d9ece9ddee7e044ff5a7a2943961e500d33b0bd5b9335e1' ADMIN;           
CREATE SEQUENCE PUBLIC.HIBERNATE_SEQUENCE START WITH 342;     
CREATE MEMORY TABLE PUBLIC.AREAS(
    ID BIGINT NOT NULL,
    CREATED_AT TIMESTAMP NOT NULL,
    UPDATED_AT TIMESTAMP NOT NULL,
    DESCRIPTION VARCHAR(255) NOT NULL,
    TITLE VARCHAR(255) NOT NULL,
    CREATED_BY_ID BIGINT NOT NULL
);           
ALTER TABLE PUBLIC.AREAS ADD CONSTRAINT PUBLIC.CONSTRAINT_3 PRIMARY KEY(ID);  
-- 10 +/- SELECT COUNT(*) FROM PUBLIC.AREAS;  
INSERT INTO PUBLIC.AREAS(ID, CREATED_AT, UPDATED_AT, DESCRIPTION, TITLE, CREATED_BY_ID) VALUES
(21, TIMESTAMP '2018-12-08 20:42:04.61', TIMESTAMP '2018-12-08 20:42:04.61', 'Nice description for test area #0', 'Area 0', 1),
(22, TIMESTAMP '2018-12-08 20:42:04.613', TIMESTAMP '2018-12-08 20:42:04.613', 'Nice description for test area #1', 'Area 1', 1),
(23, TIMESTAMP '2018-12-08 20:42:04.615', TIMESTAMP '2018-12-08 20:42:04.615', 'Nice description for test area #2', 'Area 2', 1),
(24, TIMESTAMP '2018-12-08 20:42:04.616', TIMESTAMP '2018-12-08 20:42:04.616', 'Nice description for test area #3', 'Area 3', 1),
(25, TIMESTAMP '2018-12-08 20:42:04.619', TIMESTAMP '2018-12-08 20:42:04.619', 'Nice description for test area #4', 'Area 4', 1),
(26, TIMESTAMP '2018-12-08 20:42:04.62', TIMESTAMP '2018-12-08 20:42:04.62', 'Nice description for test area #5', 'Area 5', 1),
(27, TIMESTAMP '2018-12-08 20:42:04.622', TIMESTAMP '2018-12-08 20:42:04.622', 'Nice description for test area #6', 'Area 6', 1),
(28, TIMESTAMP '2018-12-08 20:42:04.623', TIMESTAMP '2018-12-08 20:42:04.623', 'Nice description for test area #7', 'Area 7', 1),
(29, TIMESTAMP '2018-12-08 20:42:04.624', TIMESTAMP '2018-12-08 20:42:04.624', 'Nice description for test area #8', 'Area 8', 1),
(30, TIMESTAMP '2018-12-08 20:42:04.625', TIMESTAMP '2018-12-08 20:42:04.625', 'Nice description for test area #9', 'Area 9', 1);      
CREATE MEMORY TABLE PUBLIC.BALLOT_MODEL(
    ID BIGINT NOT NULL,
    LEVEL INTEGER NOT NULL,
    VOTE_COUNT INTEGER NOT NULL,
    CHECKSUM_CHECKSUM VARCHAR(255) NOT NULL,
    POLL_ID BIGINT NOT NULL
);               
ALTER TABLE PUBLIC.BALLOT_MODEL ADD CONSTRAINT PUBLIC.CONSTRAINT_6 PRIMARY KEY(ID);           
-- 30 +/- SELECT COUNT(*) FROM PUBLIC.BALLOT_MODEL;           
INSERT INTO PUBLIC.BALLOT_MODEL(ID, LEVEL, VOTE_COUNT, CHECKSUM_CHECKSUM, POLL_ID) VALUES
(274, 0, 1, '$2a$10$1IdrGrRAN2Wp3U7QI.JIzuuViLszDdeyBQZ4QNjYJJWIYI5M2O3G2', 245),
(275, 0, 1, '$2a$10$1IdrGrRAN2Wp3U7QI.JIzuDl5QTomD0jkJDoG.VH7LgF6BaMi7mUu', 245),
(276, 0, 1, '$2a$10$1IdrGrRAN2Wp3U7QI.JIzumrB8gg15WYrl/9Od2a/lKdcXxyoRqYe', 245),
(277, 0, 1, '$2a$10$1IdrGrRAN2Wp3U7QI.JIzumF7aPaiUyhTd0m56K/SiA71ec5pLFu2', 245),
(278, 0, 1, '$2a$10$1IdrGrRAN2Wp3U7QI.JIzuaW/fGb8Z2mJgsKxYwe5.NrtAFNxSQVS', 245),
(279, 0, 1, '$2a$10$1IdrGrRAN2Wp3U7QI.JIzu0U7xajdi9.MlI8tTpf7ZVQmMn3XTPaq', 245),
(280, 0, 1, '$2a$10$1IdrGrRAN2Wp3U7QI.JIzuA2amXnXPKlVvjlg62SZ08/U45S1krWS', 245),
(281, 0, 1, '$2a$10$1IdrGrRAN2Wp3U7QI.JIzuWb3cSZmVC9yx83VYQxwLFYSL5g8IoRy', 245),
(282, 0, 1, '$2a$10$1IdrGrRAN2Wp3U7QI.JIzuaXivFiTa4cwzBq6IwpHyvmd9OIEIHwW', 245),
(283, 0, 1, '$2a$10$1IdrGrRAN2Wp3U7QI.JIzuYTSKjBSu3cADo/STK5moSHUhn6NKcyS', 245),
(284, 0, 1, '$2a$10$1IdrGrRAN2Wp3U7QI.JIzuYun6DCp3DqD0HkMSxupTiHcONZRP0YC', 245),
(285, 0, 1, '$2a$10$1IdrGrRAN2Wp3U7QI.JIzuj/DUpsANoEk4usC10lyWBvgCY2jpdQ6', 245),
(286, 0, 1, '$2a$10$1IdrGrRAN2Wp3U7QI.JIzukT2e4dWh2jhcsPdh.C5JEqMyz08zCoa', 245),
(287, 0, 1, '$2a$10$1IdrGrRAN2Wp3U7QI.JIzuRe9KBAxYEu.ylAyhV50ek90rELSRGqG', 245),
(288, 0, 1, '$2a$10$1IdrGrRAN2Wp3U7QI.JIzuQi87d/P3rgtaiDqqegSB4vu2sByXkly', 245),
(325, 0, 1, '$2a$10$1IdrGrRAN2Wp3U7QI.JIzuuViLszDdeyBQZ4QNjYJJWIYI5M2O3G2', 296),
(326, 0, 1, '$2a$10$1IdrGrRAN2Wp3U7QI.JIzuDl5QTomD0jkJDoG.VH7LgF6BaMi7mUu', 296),
(327, 0, 1, '$2a$10$1IdrGrRAN2Wp3U7QI.JIzumrB8gg15WYrl/9Od2a/lKdcXxyoRqYe', 296),
(328, 0, 1, '$2a$10$1IdrGrRAN2Wp3U7QI.JIzumF7aPaiUyhTd0m56K/SiA71ec5pLFu2', 296),
(329, 0, 1, '$2a$10$1IdrGrRAN2Wp3U7QI.JIzuaW/fGb8Z2mJgsKxYwe5.NrtAFNxSQVS', 296),
(330, 0, 1, '$2a$10$1IdrGrRAN2Wp3U7QI.JIzu0U7xajdi9.MlI8tTpf7ZVQmMn3XTPaq', 296),
(331, 0, 1, '$2a$10$1IdrGrRAN2Wp3U7QI.JIzuA2amXnXPKlVvjlg62SZ08/U45S1krWS', 296),
(332, 0, 1, '$2a$10$1IdrGrRAN2Wp3U7QI.JIzuWb3cSZmVC9yx83VYQxwLFYSL5g8IoRy', 296),
(333, 0, 1, '$2a$10$1IdrGrRAN2Wp3U7QI.JIzuaXivFiTa4cwzBq6IwpHyvmd9OIEIHwW', 296),
(334, 0, 1, '$2a$10$1IdrGrRAN2Wp3U7QI.JIzuYTSKjBSu3cADo/STK5moSHUhn6NKcyS', 296),
(335, 0, 1, '$2a$10$1IdrGrRAN2Wp3U7QI.JIzuYun6DCp3DqD0HkMSxupTiHcONZRP0YC', 296),
(336, 0, 1, '$2a$10$1IdrGrRAN2Wp3U7QI.JIzuj/DUpsANoEk4usC10lyWBvgCY2jpdQ6', 296),
(337, 0, 1, '$2a$10$1IdrGrRAN2Wp3U7QI.JIzukT2e4dWh2jhcsPdh.C5JEqMyz08zCoa', 296),
(338, 0, 1, '$2a$10$1IdrGrRAN2Wp3U7QI.JIzuRe9KBAxYEu.ylAyhV50ek90rELSRGqG', 296),
(339, 0, 1, '$2a$10$1IdrGrRAN2Wp3U7QI.JIzuQi87d/P3rgtaiDqqegSB4vu2sByXkly', 296);           
CREATE MEMORY TABLE PUBLIC.BALLOT_MODEL_VOTE_ORDER(
    BALLOT_MODEL_ID BIGINT NOT NULL,
    VOTE_ORDER_ID BIGINT NOT NULL,
    VOTE_ORDER_ORDER INTEGER NOT NULL
);      
ALTER TABLE PUBLIC.BALLOT_MODEL_VOTE_ORDER ADD CONSTRAINT PUBLIC.CONSTRAINT_E PRIMARY KEY(BALLOT_MODEL_ID, VOTE_ORDER_ORDER); 
-- 133 +/- SELECT COUNT(*) FROM PUBLIC.BALLOT_MODEL_VOTE_ORDER;               
INSERT INTO PUBLIC.BALLOT_MODEL_VOTE_ORDER(BALLOT_MODEL_ID, VOTE_ORDER_ID, VOTE_ORDER_ORDER) VALUES
(274, 260, 0),
(274, 253, 1),
(274, 246, 2),
(275, 253, 0),
(275, 246, 1),
(275, 238, 2),
(275, 260, 3),
(275, 267, 4),
(276, 246, 0),
(276, 253, 1),
(276, 260, 2),
(276, 267, 3),
(277, 253, 0),
(277, 260, 1),
(277, 267, 2),
(277, 238, 3),
(277, 246, 4),
(278, 246, 0),
(278, 253, 1),
(278, 238, 2),
(278, 260, 3),
(279, 238, 0),
(279, 260, 1),
(279, 253, 2),
(279, 246, 3),
(280, 238, 0),
(280, 253, 1),
(280, 260, 2),
(280, 246, 3),
(280, 267, 4),
(281, 267, 0),
(281, 260, 1),
(281, 253, 2),
(281, 246, 3),
(281, 238, 4),
(282, 267, 0),
(282, 260, 1),
(282, 253, 2),
(282, 238, 3),
(282, 246, 4),
(283, 246, 0),
(283, 260, 1),
(283, 253, 2),
(283, 267, 3),
(283, 238, 4),
(284, 253, 0),
(284, 260, 1),
(284, 246, 2),
(284, 238, 3),
(285, 253, 0),
(285, 260, 1),
(285, 267, 2),
(285, 246, 3),
(285, 238, 4),
(286, 260, 0),
(286, 267, 1),
(286, 238, 2),
(286, 246, 3),
(286, 253, 4),
(287, 246, 0),
(287, 267, 1),
(287, 260, 2),
(287, 253, 3),
(288, 238, 0),
(288, 246, 1),
(288, 253, 2),
(325, 297, 0),
(325, 311, 1),
(325, 318, 2),
(325, 289, 3),
(325, 304, 4),
(326, 289, 0),
(326, 297, 1),
(326, 304, 2),
(326, 311, 3),
(327, 304, 0),
(327, 297, 1),
(328, 311, 0),
(328, 304, 1),
(328, 297, 2),
(328, 318, 3),
(328, 289, 4),
(329, 289, 0),
(329, 304, 1),
(329, 311, 2),
(329, 318, 3),
(329, 297, 4),
(330, 318, 0),
(330, 304, 1),
(330, 289, 2),
(331, 318, 0),
(331, 289, 1),
(331, 304, 2),
(331, 297, 3),
(332, 289, 0),
(332, 297, 1),
(332, 304, 2),
(332, 311, 3),
(333, 289, 0),
(333, 318, 1),
(333, 311, 2),
(333, 297, 3),
(333, 304, 4),
(334, 318, 0),
(334, 311, 1),
(334, 304, 2),
(334, 297, 3),
(334, 289, 4),
(335, 289, 0),
(335, 304, 1),
(335, 297, 2),
(335, 311, 3),
(335, 318, 4),
(336, 297, 0),
(336, 304, 1),
(336, 289, 2),
(336, 311, 3),
(336, 318, 4),
(337, 304, 0),
(337, 311, 1),
(337, 318, 2),
(337, 297, 3),
(337, 289, 4),
(338, 311, 0),
(338, 297, 1),
(338, 289, 2),
(338, 318, 3),
(338, 304, 4),
(339, 289, 0),
(339, 318, 1),
(339, 311, 2),
(339, 297, 3),
(339, 304, 4);           
CREATE MEMORY TABLE PUBLIC.CHECKSUMS(
    CHECKSUM VARCHAR(255) NOT NULL,
    EXPIRES_AT TIMESTAMP,
    TRANSITIVE BOOLEAN NOT NULL,
    AREA_ID BIGINT,
    DELEGATED_TO_CHECKSUM VARCHAR(255),
    PUBLIC_PROXY_ID BIGINT
);         
ALTER TABLE PUBLIC.CHECKSUMS ADD CONSTRAINT PUBLIC.CONSTRAINT_B PRIMARY KEY(CHECKSUM);        
-- 18 +/- SELECT COUNT(*) FROM PUBLIC.CHECKSUMS;              
INSERT INTO PUBLIC.CHECKSUMS(CHECKSUM, EXPIRES_AT, TRANSITIVE, AREA_ID, DELEGATED_TO_CHECKSUM, PUBLIC_PROXY_ID) VALUES
('$2a$10$1IdrGrRAN2Wp3U7QI.JIzueyGOu7FMMyyMJw3bvzEU2elpOrru8sy', TIMESTAMP '2018-12-09 20:42:04.895', TRUE, 21, NULL, 1),
('$2a$10$1IdrGrRAN2Wp3U7QI.JIzuIvB5fBvUb/y3tpzb1Xahzu9k87H3HZ.', TIMESTAMP '2018-12-09 20:42:05.796', TRUE, 21, '$2a$10$1IdrGrRAN2Wp3U7QI.JIzueyGOu7FMMyyMJw3bvzEU2elpOrru8sy', 4),
('$2a$10$1IdrGrRAN2Wp3U7QI.JIzu9jY7URudOBmsrn4SD7Sp2bRAti6ztwK', TIMESTAMP '2018-12-09 20:42:06.492', FALSE, 21, '$2a$10$1IdrGrRAN2Wp3U7QI.JIzuIvB5fBvUb/y3tpzb1Xahzu9k87H3HZ.', 6),
('$2a$10$1IdrGrRAN2Wp3U7QI.JIzuuViLszDdeyBQZ4QNjYJJWIYI5M2O3G2', TIMESTAMP '2018-12-09 20:42:13.797', TRUE, 21, NULL, 13),
('$2a$10$1IdrGrRAN2Wp3U7QI.JIzuDl5QTomD0jkJDoG.VH7LgF6BaMi7mUu', TIMESTAMP '2018-12-09 20:42:14.041', TRUE, 21, NULL, 15),
('$2a$10$1IdrGrRAN2Wp3U7QI.JIzumrB8gg15WYrl/9Od2a/lKdcXxyoRqYe', TIMESTAMP '2018-12-09 20:42:14.282', TRUE, 21, NULL, 7),
('$2a$10$1IdrGrRAN2Wp3U7QI.JIzumF7aPaiUyhTd0m56K/SiA71ec5pLFu2', TIMESTAMP '2018-12-09 20:42:14.522', TRUE, 21, '$2a$10$1IdrGrRAN2Wp3U7QI.JIzueyGOu7FMMyyMJw3bvzEU2elpOrru8sy', 3),
('$2a$10$1IdrGrRAN2Wp3U7QI.JIzuaW/fGb8Z2mJgsKxYwe5.NrtAFNxSQVS', TIMESTAMP '2018-12-09 20:42:14.764', TRUE, 21, '$2a$10$1IdrGrRAN2Wp3U7QI.JIzuIvB5fBvUb/y3tpzb1Xahzu9k87H3HZ.', 5),
('$2a$10$1IdrGrRAN2Wp3U7QI.JIzu0U7xajdi9.MlI8tTpf7ZVQmMn3XTPaq', TIMESTAMP '2018-12-09 20:42:15.008', TRUE, 21, NULL, 10),
('$2a$10$1IdrGrRAN2Wp3U7QI.JIzuA2amXnXPKlVvjlg62SZ08/U45S1krWS', TIMESTAMP '2018-12-09 20:42:15.262', TRUE, 21, NULL, 11),
('$2a$10$1IdrGrRAN2Wp3U7QI.JIzuWb3cSZmVC9yx83VYQxwLFYSL5g8IoRy', TIMESTAMP '2018-12-09 20:42:15.504', TRUE, 21, '$2a$10$1IdrGrRAN2Wp3U7QI.JIzueyGOu7FMMyyMJw3bvzEU2elpOrru8sy', 2),
('$2a$10$1IdrGrRAN2Wp3U7QI.JIzuaXivFiTa4cwzBq6IwpHyvmd9OIEIHwW', TIMESTAMP '2018-12-09 20:42:15.746', TRUE, 21, NULL, 9),
('$2a$10$1IdrGrRAN2Wp3U7QI.JIzuYTSKjBSu3cADo/STK5moSHUhn6NKcyS', TIMESTAMP '2018-12-09 20:42:15.988', TRUE, 21, NULL, 16),
('$2a$10$1IdrGrRAN2Wp3U7QI.JIzuYun6DCp3DqD0HkMSxupTiHcONZRP0YC', TIMESTAMP '2018-12-09 20:42:16.231', TRUE, 21, NULL, 20),
('$2a$10$1IdrGrRAN2Wp3U7QI.JIzuj/DUpsANoEk4usC10lyWBvgCY2jpdQ6', TIMESTAMP '2018-12-09 20:42:16.474', TRUE, 21, NULL, 18),
('$2a$10$1IdrGrRAN2Wp3U7QI.JIzukT2e4dWh2jhcsPdh.C5JEqMyz08zCoa', TIMESTAMP '2018-12-09 20:42:16.717', TRUE, 21, NULL, 14),
('$2a$10$1IdrGrRAN2Wp3U7QI.JIzuRe9KBAxYEu.ylAyhV50ek90rELSRGqG', TIMESTAMP '2018-12-09 20:42:16.96', TRUE, 21, NULL, 19),
('$2a$10$1IdrGrRAN2Wp3U7QI.JIzuQi87d/P3rgtaiDqqegSB4vu2sByXkly', TIMESTAMP '2018-12-09 20:42:17.202', TRUE, 21, NULL, 12);      
CREATE MEMORY TABLE PUBLIC.COMMENTS(
    ID BIGINT NOT NULL,
    CREATED_AT TIMESTAMP NOT NULL,
    UPDATED_AT TIMESTAMP NOT NULL,
    COMMENT VARCHAR(255) NOT NULL,
    CREATED_BY_ID BIGINT NOT NULL,
    PARENT_ID BIGINT
);       
ALTER TABLE PUBLIC.COMMENTS ADD CONSTRAINT PUBLIC.CONSTRAINT_A PRIMARY KEY(ID);               
-- 90 +/- SELECT COUNT(*) FROM PUBLIC.COMMENTS;               
INSERT INTO PUBLIC.COMMENTS(ID, CREATED_AT, UPDATED_AT, COMMENT, CREATED_BY_ID, PARENT_ID) VALUES
(203, TIMESTAMP '2018-12-08 20:42:08.661', TIMESTAMP '2018-12-08 20:42:08.661', 'Comment on root level. I really like this idea, but needs to be improved.', 7, NULL),
(204, TIMESTAMP '2018-12-08 20:42:08.662', TIMESTAMP '2018-12-08 20:42:08.662', 'Reply 0 Lorem ipsum dolor sit amet, consectetur ', 8, 203),
(205, TIMESTAMP '2018-12-08 20:42:08.663', TIMESTAMP '2018-12-08 20:42:08.663', 'Reply 1 Lorem ipsum dolor sit amet, consectetur adipiscing elit, ', 2, 203),
(206, TIMESTAMP '2018-12-08 20:42:08.664', TIMESTAMP '2018-12-08 20:42:08.664', 'Reply 2 Lorem ipsum dolor sit amet, consectetur adipiscing elit, sed do eiusmod te', 9, 203),
(207, TIMESTAMP '2018-12-08 20:42:08.664', TIMESTAMP '2018-12-08 20:42:08.664', 'Reply 3 Lorem ipsum dolor sit amet, consectetur adi', 19, 203),
(208, TIMESTAMP '2018-12-08 20:42:08.665', TIMESTAMP '2018-12-08 20:42:08.665', 'Reply 4 Lorem ipsum dolor sit amet, consectetur adipiscing elit, sed do eiusmod temp', 18, 203),
(211, TIMESTAMP '2018-12-08 20:42:08.686', TIMESTAMP '2018-12-08 20:42:08.686', 'Comment on root level. I really like this idea, but needs to be improved.', 7, NULL),
(212, TIMESTAMP '2018-12-08 20:42:08.687', TIMESTAMP '2018-12-08 20:42:08.687', 'Reply 0 Lorem ipsum dolor sit amet, consectetur adipiscing elit, sed do eiusmod tempor incididunt ut labor', 11, 211),
(213, TIMESTAMP '2018-12-08 20:42:08.688', TIMESTAMP '2018-12-08 20:42:08.688', 'Reply 1 Lorem ipsum dolor sit amet, consectetur adipisci', 9, 211),
(214, TIMESTAMP '2018-12-08 20:42:08.688', TIMESTAMP '2018-12-08 20:42:08.688', 'Reply 2 Lorem ipsum dolor sit amet, conse', 4, 211),
(215, TIMESTAMP '2018-12-08 20:42:08.689', TIMESTAMP '2018-12-08 20:42:08.689', 'Reply 3 Lorem ipsu', 20, 211),
(216, TIMESTAMP '2018-12-08 20:42:08.69', TIMESTAMP '2018-12-08 20:42:08.69', 'Reply 4 Lorem ipsum dolor sit a', 8, 211),
(218, TIMESTAMP '2018-12-08 20:42:08.701', TIMESTAMP '2018-12-08 20:42:08.701', 'Comment on root level. I really like this idea, but needs to be improved.', 8, NULL),
(219, TIMESTAMP '2018-12-08 20:42:08.702', TIMESTAMP '2018-12-08 20:42:08.702', 'Reply 0 Lorem ipsum dolor sit amet, consectetu', 6, 218),
(220, TIMESTAMP '2018-12-08 20:42:08.702', TIMESTAMP '2018-12-08 20:42:08.702', 'Reply 1 Lorem ipsum dolor sit amet, consectetur adipiscing e', 13, 218),
(221, TIMESTAMP '2018-12-08 20:42:08.703', TIMESTAMP '2018-12-08 20:42:08.703', 'Reply 2 Lorem ipsum dolor sit amet, consectetur adipiscing elit, sed do eiusmo', 9, 218),
(222, TIMESTAMP '2018-12-08 20:42:08.703', TIMESTAMP '2018-12-08 20:42:08.703', 'Reply 3 Lorem ipsum dolor sit a', 13, 218),
(223, TIMESTAMP '2018-12-08 20:42:08.704', TIMESTAMP '2018-12-08 20:42:08.704', 'Reply 4 Lorem ipsum dolor sit amet, consectetur ', 10, 218),
(225, TIMESTAMP '2018-12-08 20:42:08.716', TIMESTAMP '2018-12-08 20:42:08.716', 'Comment on root level. I really like this idea, but needs to be improved.', 4, NULL),
(226, TIMESTAMP '2018-12-08 20:42:08.716', TIMESTAMP '2018-12-08 20:42:08.716', 'Reply 0 Lorem ipsum dolor sit amet, consectetu', 19, 225),
(227, TIMESTAMP '2018-12-08 20:42:08.717', TIMESTAMP '2018-12-08 20:42:08.717', 'Reply 1 Lorem ipsum dolor sit amet, consecte', 11, 225),
(228, TIMESTAMP '2018-12-08 20:42:08.717', TIMESTAMP '2018-12-08 20:42:08.717', 'Reply 2 Lorem ipsu', 10, 225),
(229, TIMESTAMP '2018-12-08 20:42:08.718', TIMESTAMP '2018-12-08 20:42:08.718', 'Reply 3 Lorem ipsum dolor sit amet, consec', 6, 225),
(230, TIMESTAMP '2018-12-08 20:42:08.718', TIMESTAMP '2018-12-08 20:42:08.718', 'Reply 4 Lorem ipsum do', 9, 225),
(232, TIMESTAMP '2018-12-08 20:42:08.73', TIMESTAMP '2018-12-08 20:42:08.73', 'Comment on root level. I really like this idea, but needs to be improved.', 15, NULL),
(233, TIMESTAMP '2018-12-08 20:42:08.73', TIMESTAMP '2018-12-08 20:42:08.73', 'Reply 0 Lorem ipsum dolor sit amet, consectetur adipiscing elit, sed do eiusmod tempor incididunt ut labore', 10, 232),
(234, TIMESTAMP '2018-12-08 20:42:08.731', TIMESTAMP '2018-12-08 20:42:08.731', 'Reply 1 Lorem ipsum dolor sit amet, consectetu', 18, 232);        
INSERT INTO PUBLIC.COMMENTS(ID, CREATED_AT, UPDATED_AT, COMMENT, CREATED_BY_ID, PARENT_ID) VALUES
(235, TIMESTAMP '2018-12-08 20:42:08.732', TIMESTAMP '2018-12-08 20:42:08.732', 'Reply 2 Lorem ipsum dolor', 6, 232),
(236, TIMESTAMP '2018-12-08 20:42:08.733', TIMESTAMP '2018-12-08 20:42:08.733', 'Reply 3 Lorem ipsum dolor sit amet, consectetur adipisci', 8, 232),
(237, TIMESTAMP '2018-12-08 20:42:08.733', TIMESTAMP '2018-12-08 20:42:08.733', 'Reply 4 Lorem ipsum dolor sit amet, consectetur adipiscing elit, sed do eiusmod tempor incididunt ut lab', 15, 232),
(239, TIMESTAMP '2018-12-08 20:42:08.746', TIMESTAMP '2018-12-08 20:42:08.746', 'Comment on root level. I really like this idea, but needs to be improved.', 20, NULL),
(240, TIMESTAMP '2018-12-08 20:42:08.748', TIMESTAMP '2018-12-08 20:42:08.748', 'Reply 0 Lorem ipsum dolor sit', 18, 239),
(241, TIMESTAMP '2018-12-08 20:42:08.748', TIMESTAMP '2018-12-08 20:42:08.748', 'Reply 1 Lorem ipsu', 18, 239),
(242, TIMESTAMP '2018-12-08 20:42:08.749', TIMESTAMP '2018-12-08 20:42:08.749', 'Reply 2 Lorem ipsum dolor sit ', 15, 239),
(243, TIMESTAMP '2018-12-08 20:42:08.751', TIMESTAMP '2018-12-08 20:42:08.751', 'Reply 3 Lorem ipsum dolor sit amet, consectetur adipiscing', 7, 239),
(244, TIMESTAMP '2018-12-08 20:42:08.751', TIMESTAMP '2018-12-08 20:42:08.751', 'Reply 4 Lorem ipsum dolo', 1, 239),
(247, TIMESTAMP '2018-12-08 20:42:08.763', TIMESTAMP '2018-12-08 20:42:08.763', 'Comment on root level. I really like this idea, but needs to be improved.', 12, NULL),
(248, TIMESTAMP '2018-12-08 20:42:08.763', TIMESTAMP '2018-12-08 20:42:08.763', 'Reply 0 Lorem ipsum dolor sit amet, consectetur adipiscing elit, sed do eiusmod t', 8, 247),
(249, TIMESTAMP '2018-12-08 20:42:08.764', TIMESTAMP '2018-12-08 20:42:08.764', 'Reply 1 Lorem ipsum dolor sit amet, consectetur adipiscing elit, sed do eiu', 16, 247),
(250, TIMESTAMP '2018-12-08 20:42:08.765', TIMESTAMP '2018-12-08 20:42:08.765', 'Reply 2 Lorem ipsum dolor sit amet, consectetur adipiscing elit, sed do eiusmod tempo', 7, 247),
(251, TIMESTAMP '2018-12-08 20:42:08.766', TIMESTAMP '2018-12-08 20:42:08.766', 'Reply 3 Lorem ipsum dolor sit amet, consectetur adipiscing elit, sed do e', 17, 247),
(252, TIMESTAMP '2018-12-08 20:42:08.766', TIMESTAMP '2018-12-08 20:42:08.766', 'Reply 4 Lorem ipsum dolor sit amet', 15, 247),
(254, TIMESTAMP '2018-12-08 20:42:08.796', TIMESTAMP '2018-12-08 20:42:08.796', 'Comment on root level. I really like this idea, but needs to be improved.', 18, NULL),
(255, TIMESTAMP '2018-12-08 20:42:08.797', TIMESTAMP '2018-12-08 20:42:08.797', 'Reply 0 Lorem ipsum dolor sit amet, consectetur adipiscing elit, sed do eiusmod tempor incididunt ut la', 9, 254),
(256, TIMESTAMP '2018-12-08 20:42:08.798', TIMESTAMP '2018-12-08 20:42:08.798', 'Reply 1 Lorem ipsum dolor sit amet, consectet', 17, 254),
(257, TIMESTAMP '2018-12-08 20:42:08.8', TIMESTAMP '2018-12-08 20:42:08.8', 'Reply 2 Lorem ipsum dolor sit amet, consectetur adipiscing elit, sed do eiusmod tempor incididunt ut labor', 15, 254),
(258, TIMESTAMP '2018-12-08 20:42:08.801', TIMESTAMP '2018-12-08 20:42:08.801', 'Reply 3 Lorem ipsum dolor sit amet, consectetur adipiscing elit, sed do eiusmod te', 8, 254),
(259, TIMESTAMP '2018-12-08 20:42:08.801', TIMESTAMP '2018-12-08 20:42:08.801', 'Reply 4 Lorem ipsum dolor sit amet, consectetur adipiscing elit, sed do eiusmod tempor incididun', 3, 254),
(261, TIMESTAMP '2018-12-08 20:42:08.838', TIMESTAMP '2018-12-08 20:42:08.838', 'Comment on root level. I really like this idea, but needs to be improved.', 13, NULL),
(262, TIMESTAMP '2018-12-08 20:42:08.839', TIMESTAMP '2018-12-08 20:42:08.839', 'Reply 0 Lorem ipsum dolor sit amet, consectetur adipiscing elit, sed do ei', 20, 261),
(263, TIMESTAMP '2018-12-08 20:42:08.839', TIMESTAMP '2018-12-08 20:42:08.839', 'Reply 1 Lorem ipsum dolor sit amet, consectetur adipiscing elit, sed do eiusmod tempor incididunt ut labore', 10, 261),
(264, TIMESTAMP '2018-12-08 20:42:08.84', TIMESTAMP '2018-12-08 20:42:08.84', 'Reply 2 Lorem ipsum dolor sit amet, consectetur adipi', 3, 261),
(265, TIMESTAMP '2018-12-08 20:42:08.84', TIMESTAMP '2018-12-08 20:42:08.84', 'Reply 3 Lorem ipsum dolor sit amet, consectetur adipiscing elit, ', 15, 261);  
INSERT INTO PUBLIC.COMMENTS(ID, CREATED_AT, UPDATED_AT, COMMENT, CREATED_BY_ID, PARENT_ID) VALUES
(266, TIMESTAMP '2018-12-08 20:42:08.841', TIMESTAMP '2018-12-08 20:42:08.841', 'Reply 4 Lorem ipsum dolor sit amet, consectetur adipiscing elit, sed ', 6, 261),
(268, TIMESTAMP '2018-12-08 20:42:08.852', TIMESTAMP '2018-12-08 20:42:08.852', 'Comment on root level. I really like this idea, but needs to be improved.', 14, NULL),
(269, TIMESTAMP '2018-12-08 20:42:08.853', TIMESTAMP '2018-12-08 20:42:08.853', 'Reply 0 Lorem ipsum dolor sit ame', 4, 268),
(270, TIMESTAMP '2018-12-08 20:42:08.853', TIMESTAMP '2018-12-08 20:42:08.853', 'Reply 1 Lorem ipsum do', 12, 268),
(271, TIMESTAMP '2018-12-08 20:42:08.854', TIMESTAMP '2018-12-08 20:42:08.854', 'Reply 2 Lorem ipsum dolor sit amet, consectetur adipiscing elit, sed do ', 13, 268),
(272, TIMESTAMP '2018-12-08 20:42:08.855', TIMESTAMP '2018-12-08 20:42:08.855', 'Reply 3 Lorem ipsum dolor sit amet, consectetur adipis', 2, 268),
(273, TIMESTAMP '2018-12-08 20:42:08.855', TIMESTAMP '2018-12-08 20:42:08.855', 'Reply 4 Lorem ipsum dolor sit amet, consectetur adipiscing elit, sed do eiu', 11, 268),
(290, TIMESTAMP '2018-12-08 20:42:13.573', TIMESTAMP '2018-12-08 20:42:13.573', 'Comment on root level. I really like this idea, but needs to be improved.', 17, NULL),
(291, TIMESTAMP '2018-12-08 20:42:13.574', TIMESTAMP '2018-12-08 20:42:13.574', 'Reply 0 Lorem ipsum dolor sit amet, consectetur adipiscing elit, se', 20, 290),
(292, TIMESTAMP '2018-12-08 20:42:13.575', TIMESTAMP '2018-12-08 20:42:13.575', 'Reply 1 Lorem ipsum dolor sit amet, consectetur adipiscing elit, sed do eiusmod tem', 19, 290),
(293, TIMESTAMP '2018-12-08 20:42:13.575', TIMESTAMP '2018-12-08 20:42:13.575', 'Reply 2 Lorem ipsum dolor sit amet, consectetur adipiscing elit, sed do eiusmod tempor incididunt', 6, 290),
(294, TIMESTAMP '2018-12-08 20:42:13.576', TIMESTAMP '2018-12-08 20:42:13.576', 'Reply 3 Lorem ipsum dolor sit amet, consectetur adip', 9, 290),
(295, TIMESTAMP '2018-12-08 20:42:13.576', TIMESTAMP '2018-12-08 20:42:13.576', 'Reply 4 Lorem ipsum dolor sit a', 12, 290),
(298, TIMESTAMP '2018-12-08 20:42:13.587', TIMESTAMP '2018-12-08 20:42:13.587', 'Comment on root level. I really like this idea, but needs to be improved.', 13, NULL),
(299, TIMESTAMP '2018-12-08 20:42:13.588', TIMESTAMP '2018-12-08 20:42:13.588', 'Reply 0 Lorem ipsum dolor', 18, 298),
(300, TIMESTAMP '2018-12-08 20:42:13.589', TIMESTAMP '2018-12-08 20:42:13.589', 'Reply 1 Lorem ipsum dolor sit amet, consectetur adipisci', 20, 298),
(301, TIMESTAMP '2018-12-08 20:42:13.589', TIMESTAMP '2018-12-08 20:42:13.589', 'Reply 2 Lorem ipsum', 15, 298),
(302, TIMESTAMP '2018-12-08 20:42:13.59', TIMESTAMP '2018-12-08 20:42:13.59', 'Reply 3 Lorem ipsum dolor sit amet, consectetur adipiscing elit, sed do eiusmod temp', 2, 298),
(303, TIMESTAMP '2018-12-08 20:42:13.591', TIMESTAMP '2018-12-08 20:42:13.591', 'Reply 4 Lorem ipsum dolor sit amet, consectetur adipiscing elit, sed do eiusmod tempor', 3, 298),
(305, TIMESTAMP '2018-12-08 20:42:13.601', TIMESTAMP '2018-12-08 20:42:13.601', 'Comment on root level. I really like this idea, but needs to be improved.', 13, NULL),
(306, TIMESTAMP '2018-12-08 20:42:13.602', TIMESTAMP '2018-12-08 20:42:13.602', 'Reply 0 Lorem ipsum dolor sit amet, consectetur adipiscing elit, sed do eiusmod tempor i', 17, 305),
(307, TIMESTAMP '2018-12-08 20:42:13.602', TIMESTAMP '2018-12-08 20:42:13.602', 'Reply 1 Lorem ipsum ', 2, 305),
(308, TIMESTAMP '2018-12-08 20:42:13.603', TIMESTAMP '2018-12-08 20:42:13.603', 'Reply 2 Lorem ipsum dolor sit amet, consectetur adipiscing elit, sed do eiusmod tempor in', 5, 305),
(309, TIMESTAMP '2018-12-08 20:42:13.603', TIMESTAMP '2018-12-08 20:42:13.603', 'Reply 3 Lorem ipsum dolor sit amet, consectetur adipiscing elit,', 4, 305),
(310, TIMESTAMP '2018-12-08 20:42:13.604', TIMESTAMP '2018-12-08 20:42:13.604', 'Reply 4 Lorem ipsum dolor sit amet, consectetur', 7, 305),
(312, TIMESTAMP '2018-12-08 20:42:13.612', TIMESTAMP '2018-12-08 20:42:13.612', 'Comment on root level. I really like this idea, but needs to be improved.', 14, NULL); 
INSERT INTO PUBLIC.COMMENTS(ID, CREATED_AT, UPDATED_AT, COMMENT, CREATED_BY_ID, PARENT_ID) VALUES
(313, TIMESTAMP '2018-12-08 20:42:13.613', TIMESTAMP '2018-12-08 20:42:13.613', 'Reply 0 Lorem ipsum dolor sit amet, consectetur adipiscing elit, sed do eiusmod te', 15, 312),
(314, TIMESTAMP '2018-12-08 20:42:13.613', TIMESTAMP '2018-12-08 20:42:13.613', 'Reply 1 Lorem ipsum dolor sit amet, consectetur adipiscing e', 9, 312),
(315, TIMESTAMP '2018-12-08 20:42:13.614', TIMESTAMP '2018-12-08 20:42:13.614', 'Reply 2 Lorem ipsum dolor sit amet, consectetur adipiscing elit, sed do eiusmod tempor incididunt ut labor', 1, 312),
(316, TIMESTAMP '2018-12-08 20:42:13.614', TIMESTAMP '2018-12-08 20:42:13.614', 'Reply 3 Lorem ipsum dolor sit amet, consectetur', 4, 312),
(317, TIMESTAMP '2018-12-08 20:42:13.615', TIMESTAMP '2018-12-08 20:42:13.615', 'Reply 4 Lorem ipsum dolor sit amet, consectet', 16, 312),
(319, TIMESTAMP '2018-12-08 20:42:13.624', TIMESTAMP '2018-12-08 20:42:13.624', 'Comment on root level. I really like this idea, but needs to be improved.', 8, NULL),
(320, TIMESTAMP '2018-12-08 20:42:13.625', TIMESTAMP '2018-12-08 20:42:13.625', 'Reply 0 Lorem ipsum dolor sit amet, consectetur adipiscing elit, sed do eiusmod tempor incididunt ut ', 4, 319),
(321, TIMESTAMP '2018-12-08 20:42:13.625', TIMESTAMP '2018-12-08 20:42:13.625', 'Reply 1 Lorem ipsum dolor sit amet, consectetur adipiscing ', 9, 319),
(322, TIMESTAMP '2018-12-08 20:42:13.626', TIMESTAMP '2018-12-08 20:42:13.626', 'Reply 2 Lorem ipsum dolor sit amet, consectetur adipiscing elit, sed do', 9, 319),
(323, TIMESTAMP '2018-12-08 20:42:13.626', TIMESTAMP '2018-12-08 20:42:13.626', 'Reply 3 Lorem ipsum dolor sit amet,', 10, 319),
(324, TIMESTAMP '2018-12-08 20:42:13.627', TIMESTAMP '2018-12-08 20:42:13.627', 'Reply 4 Lorem ipsum do', 8, 319);  
CREATE MEMORY TABLE PUBLIC.COMMENTS_DOWN_VOTERS(
    COMMENT_MODEL_ID BIGINT NOT NULL,
    DOWN_VOTERS_ID BIGINT NOT NULL
);               
ALTER TABLE PUBLIC.COMMENTS_DOWN_VOTERS ADD CONSTRAINT PUBLIC.CONSTRAINT_2 PRIMARY KEY(COMMENT_MODEL_ID, DOWN_VOTERS_ID);     
-- 208 +/- SELECT COUNT(*) FROM PUBLIC.COMMENTS_DOWN_VOTERS;  
INSERT INTO PUBLIC.COMMENTS_DOWN_VOTERS(COMMENT_MODEL_ID, DOWN_VOTERS_ID) VALUES
(203, 20),
(204, 13),
(204, 8),
(204, 12),
(205, 20),
(205, 1),
(206, 9),
(211, 3),
(212, 1),
(212, 16),
(212, 9),
(214, 2),
(214, 14),
(215, 8),
(215, 10),
(215, 12),
(216, 11),
(218, 11),
(218, 15),
(218, 9),
(219, 2),
(219, 10),
(220, 2),
(221, 3),
(222, 18),
(222, 17),
(222, 19),
(223, 4),
(225, 7),
(225, 9),
(226, 18),
(227, 11),
(227, 17),
(227, 1),
(228, 8),
(228, 17),
(228, 1),
(228, 3),
(229, 8),
(229, 9),
(230, 2),
(230, 13),
(230, 6),
(230, 18),
(230, 19),
(230, 5),
(232, 17),
(232, 20),
(232, 12),
(233, 8),
(233, 5),
(235, 4),
(235, 10),
(235, 16),
(235, 5),
(236, 13),
(236, 11),
(237, 17),
(237, 14),
(237, 16),
(237, 9),
(239, 5),
(240, 13),
(241, 13),
(242, 13),
(242, 8),
(242, 10),
(243, 4),
(243, 17),
(243, 16),
(243, 12),
(247, 11),
(247, 17),
(247, 18),
(247, 1),
(247, 9),
(248, 13),
(248, 10),
(249, 10),
(250, 8),
(250, 18),
(250, 3),
(251, 8),
(251, 17),
(251, 7),
(252, 11),
(252, 17),
(255, 13),
(255, 12),
(256, 11),
(256, 17),
(256, 10),
(256, 1),
(256, 19),
(257, 4),
(257, 7),
(257, 16),
(257, 9),
(258, 1),
(258, 19),
(258, 12),
(259, 13),
(259, 7),
(259, 19),
(259, 5),
(261, 14),
(261, 15),
(262, 2),
(262, 6),
(263, 2),
(263, 6),
(263, 16),
(263, 12),
(265, 4),
(265, 1),
(265, 5),
(266, 14),
(266, 16),
(266, 15),
(266, 12),
(268, 4),
(268, 14),
(268, 3),
(268, 15),
(269, 2),
(269, 13),
(269, 1),
(269, 19),
(269, 9),
(270, 4),
(270, 2),
(270, 19),
(272, 20),
(272, 9),
(273, 18),
(273, 19),
(290, 1),
(291, 4),
(291, 13),
(291, 10),
(291, 3),
(292, 2),
(292, 8),
(292, 11),
(292, 19),
(293, 18),
(294, 20),
(294, 14),
(294, 5),
(295, 18),
(295, 9),
(298, 18),
(299, 4),
(299, 18),
(299, 7),
(299, 10),
(300, 4),
(300, 11),
(300, 10),
(300, 9),
(301, 11),
(301, 18),
(301, 19),
(302, 14),
(303, 17),
(303, 20),
(303, 14),
(303, 3),
(303, 19),
(305, 16),
(306, 18),
(306, 17),
(306, 14),
(306, 1),
(306, 3),
(307, 11),
(307, 7),
(308, 5),
(309, 18),
(310, 20),
(310, 7),
(310, 3),
(310, 9),
(312, 13),
(312, 3),
(312, 19),
(312, 16),
(313, 20),
(314, 15),
(314, 9),
(315, 20),
(315, 9),
(316, 13),
(317, 18),
(317, 1),
(317, 9),
(319, 7),
(319, 1),
(319, 15),
(320, 18),
(320, 7),
(321, 1),
(322, 7),
(323, 6),
(323, 1),
(324, 6),
(324, 3),
(324, 12);           
CREATE MEMORY TABLE PUBLIC.COMMENTS_UP_VOTERS(
    COMMENT_MODEL_ID BIGINT NOT NULL,
    UP_VOTERS_ID BIGINT NOT NULL
);   
ALTER TABLE PUBLIC.COMMENTS_UP_VOTERS ADD CONSTRAINT PUBLIC.CONSTRAINT_20 PRIMARY KEY(COMMENT_MODEL_ID, UP_VOTERS_ID);        
-- 226 +/- SELECT COUNT(*) FROM PUBLIC.COMMENTS_UP_VOTERS;    
INSERT INTO PUBLIC.COMMENTS_UP_VOTERS(COMMENT_MODEL_ID, UP_VOTERS_ID) VALUES
(203, 2),
(203, 6),
(203, 12),
(204, 4),
(204, 2),
(204, 11),
(204, 8),
(204, 17),
(205, 2),
(205, 18),
(205, 10),
(206, 20),
(206, 9),
(207, 18),
(207, 9),
(208, 13),
(208, 11),
(208, 7),
(211, 3),
(212, 14),
(213, 4),
(214, 7),
(214, 15),
(215, 6),
(215, 13),
(215, 18),
(215, 1),
(216, 11),
(216, 17),
(218, 13),
(218, 18),
(219, 13),
(219, 8),
(219, 9),
(220, 8),
(220, 18),
(220, 19),
(220, 15),
(221, 4),
(221, 11),
(221, 15),
(222, 6),
(222, 18),
(223, 19),
(223, 15),
(225, 4),
(225, 11),
(225, 16),
(226, 4),
(226, 8),
(226, 10),
(226, 19),
(226, 15),
(228, 20),
(228, 14),
(229, 1),
(229, 15),
(230, 15),
(230, 5),
(232, 17),
(232, 7),
(232, 12),
(233, 4),
(234, 18),
(235, 18),
(235, 14),
(235, 9),
(236, 1),
(237, 14),
(237, 15),
(239, 1),
(241, 6),
(241, 8),
(241, 18),
(241, 19),
(241, 9),
(242, 18),
(242, 1),
(243, 18),
(243, 14),
(244, 4),
(244, 15),
(247, 11),
(247, 20),
(247, 14),
(247, 7),
(248, 7),
(248, 10),
(248, 19),
(248, 5),
(249, 13),
(249, 11),
(249, 10),
(250, 7),
(250, 1),
(250, 15),
(251, 1),
(252, 10),
(252, 19),
(254, 11),
(254, 20),
(254, 19),
(254, 12),
(255, 8),
(255, 11),
(256, 8),
(256, 20),
(257, 5),
(257, 9),
(258, 3),
(259, 1),
(259, 16),
(259, 12),
(261, 6),
(261, 12),
(263, 13),
(263, 9),
(265, 2),
(265, 11),
(265, 3),
(265, 5),
(266, 18),
(266, 7),
(268, 11),
(268, 20),
(268, 7),
(268, 14),
(268, 10),
(269, 1),
(270, 13),
(270, 7),
(270, 16),
(270, 5),
(271, 20),
(271, 5),
(272, 18),
(272, 17),
(272, 10),
(273, 6),
(290, 14),
(290, 1),
(290, 16),
(290, 5),
(291, 4),
(291, 11),
(291, 14),
(291, 9),
(292, 13),
(292, 18),
(292, 14),
(292, 1),
(292, 5),
(293, 11),
(293, 19),
(293, 9),
(294, 15),
(295, 6),
(295, 11),
(295, 8),
(295, 9),
(298, 8),
(299, 2),
(299, 14),
(299, 7),
(299, 3),
(299, 9),
(301, 6),
(301, 8),
(301, 7),
(302, 4),
(302, 11),
(302, 18),
(302, 3),
(302, 15),
(303, 13),
(303, 20),
(303, 15),
(305, 6),
(305, 18),
(306, 4),
(306, 6),
(306, 7),
(306, 1),
(306, 19),
(306, 5),
(309, 20),
(309, 1),
(309, 16),
(310, 10),
(310, 16),
(312, 4),
(312, 6),
(312, 11),
(312, 16),
(312, 15),
(313, 14),
(314, 13),
(314, 18),
(315, 17),
(315, 20),
(315, 14),
(315, 16),
(316, 8),
(316, 17),
(316, 19),
(316, 9),
(317, 11),
(319, 6),
(319, 18),
(319, 19),
(319, 9),
(320, 6),
(320, 11),
(320, 20),
(321, 17),
(321, 14),
(321, 3),
(322, 11),
(323, 18),
(323, 10),
(323, 1),
(323, 16),
(323, 9),
(324, 1),
(324, 3),
(324, 9);            
CREATE MEMORY TABLE PUBLIC.DELEGATIONS(
    ID BIGINT NOT NULL,
    CREATED_AT TIMESTAMP NOT NULL,
    UPDATED_AT TIMESTAMP NOT NULL,
    REQUESTED_DELEGATION_AT TIMESTAMP,
    TRANSITIVE BOOLEAN NOT NULL,
    AREA_ID BIGINT NOT NULL,
    FROM_USER_ID BIGINT NOT NULL,
    REQUESTED_DELEGATION_FROM_CHECKSUM_CHECKSUM VARCHAR(255),
    REQUESTED_DELEGATION_TO_ID BIGINT,
    TO_PROXY_ID BIGINT NOT NULL
);               
ALTER TABLE PUBLIC.DELEGATIONS ADD CONSTRAINT PUBLIC.CONSTRAINT_8 PRIMARY KEY(ID);            
-- 5 +/- SELECT COUNT(*) FROM PUBLIC.DELEGATIONS;             
INSERT INTO PUBLIC.DELEGATIONS(ID, CREATED_AT, UPDATED_AT, REQUESTED_DELEGATION_AT, TRANSITIVE, AREA_ID, FROM_USER_ID, REQUESTED_DELEGATION_FROM_CHECKSUM_CHECKSUM, REQUESTED_DELEGATION_TO_ID, TO_PROXY_ID) VALUES
(31, TIMESTAMP '2018-12-08 20:42:05.275', TIMESTAMP '2018-12-08 20:42:05.275', NULL, TRUE, 21, 2, NULL, NULL, 1),
(32, TIMESTAMP '2018-12-08 20:42:05.636', TIMESTAMP '2018-12-08 20:42:05.636', NULL, TRUE, 21, 3, NULL, NULL, 1),
(33, TIMESTAMP '2018-12-08 20:42:05.88', TIMESTAMP '2018-12-08 20:42:05.88', NULL, TRUE, 21, 4, NULL, NULL, 1),
(34, TIMESTAMP '2018-12-08 20:42:06.181', TIMESTAMP '2018-12-08 20:42:06.181', NULL, TRUE, 21, 5, NULL, NULL, 4),
(35, TIMESTAMP '2018-12-08 20:42:06.59', TIMESTAMP '2018-12-08 20:42:06.59', NULL, TRUE, 21, 6, NULL, NULL, 4);
CREATE MEMORY TABLE PUBLIC.KEY_VALUE(
    ID BIGINT NOT NULL,
    KEY VARCHAR(255) NOT NULL,
    VALUE VARCHAR(255)
);    
ALTER TABLE PUBLIC.KEY_VALUE ADD CONSTRAINT PUBLIC.CONSTRAINT_7 PRIMARY KEY(ID);              
-- 0 +/- SELECT COUNT(*) FROM PUBLIC.KEY_VALUE;               
CREATE MEMORY TABLE PUBLIC.LAWS(
    ID BIGINT NOT NULL,
    CREATED_AT TIMESTAMP NOT NULL,
    UPDATED_AT TIMESTAMP NOT NULL,
    DESCRIPTION VARCHAR(1000) NOT NULL,
    REACHED_QUORUM_AT TIMESTAMP,
    STATUS INTEGER NOT NULL,
    TITLE VARCHAR(255) NOT NULL,
    AREA_ID BIGINT NOT NULL,
    CREATED_BY_ID BIGINT NOT NULL,
    POLL_ID BIGINT
);        
ALTER TABLE PUBLIC.LAWS ADD CONSTRAINT PUBLIC.CONSTRAINT_23 PRIMARY KEY(ID);  
-- 183 +/- SELECT COUNT(*) FROM PUBLIC.LAWS;  
INSERT INTO PUBLIC.LAWS(ID, CREATED_AT, UPDATED_AT, DESCRIPTION, REACHED_QUORUM_AT, STATUS, TITLE, AREA_ID, CREATED_BY_ID, POLL_ID) VALUES
(36, TIMESTAMP '2018-12-07 20:42:06.665', TIMESTAMP '2018-12-08 20:42:06.665', 'GtFwXPwc Lorem ipsum dolor sit amet, consectetur adipiscing elit, sed do eiusmod tempor incididunt ut labore et dolore magna aliqua. Ut enim ad minim veniam, quis nostrud exercitation ul', NULL, 0, 'Idea 0 that suggest that we definitely need a longer title for ideas', 21, 18, NULL),
(37, TIMESTAMP '2018-12-06 20:42:06.682', TIMESTAMP '2018-12-07 20:42:06.683', 'Ya9BE38R Lorem ipsum dolor sit amet, consectetur adipiscing elit, sed do eiusmod tempor i', NULL, 0, 'Idea 1 that suggest that we definitely need a longer title for ideas', 22, 17, NULL),
(38, TIMESTAMP '2018-12-05 20:42:06.698', TIMESTAMP '2018-12-06 20:42:06.698', 'VS7EEqJJ Lorem ipsum dolor sit amet, consectetur adipiscing elit, sed do eiusmod tempor incididunt ut labore et dolore magna aliqua. Ut enim ad minim veniam, quis nostrud exercitation ullamco laboris nisi ut aliquip ex ea commodo consequat. Duis aute irure dolor in reprehenderit in voluptate velit esse cillum dolore eu fugiat nulla pariatur. Excepteur sint occaecat cupidatat no', NULL, 0, 'Idea 2 that suggest that we definitely need a longer title for ideas', 23, 4, NULL),
(39, TIMESTAMP '2018-12-04 20:42:06.725', TIMESTAMP '2018-12-05 20:42:06.725', 'FwzWzgxk Lorem ipsum dolor sit amet, consectetur adipiscing elit, sed do eiusmod tempor incididunt ut labore et dolore magna aliqua. Ut enim ad minim veniam, quis nostrud exercitation ullamco laboris nisi ut aliquip ex ea commodo consequat. Duis aute irure dolor in reprehenderit in voluptate velit esse cillum dolore eu fugiat nulla pariatur. Excepteur sint occaecat cupidatat non proident, sunt in culp', NULL, 0, 'Idea 3 that suggest that we definitely need a longer title for ideas', 24, 9, NULL),
(40, TIMESTAMP '2018-12-03 20:42:06.804', TIMESTAMP '2018-12-04 20:42:06.804', '2iIptsUl Lorem ipsum dolor sit amet, consectetur adipiscing elit, sed do eiusmod tempor incididunt ut labore et d', NULL, 0, 'Idea 4 that suggest that we definitely need a longer title for ideas', 25, 11, NULL),
(41, TIMESTAMP '2018-12-02 20:42:06.943', TIMESTAMP '2018-12-03 20:42:06.943', 'Ti6hEXo4 Lorem ipsum dolor sit amet, consectetur adipiscing elit, sed do eiusmod tempor incididunt ut labore et dolore magna aliqua. Ut enim ad minim veniam, quis nostrud exercitation ullamco laboris nisi ut aliquip ex ea commodo consequat. ', NULL, 0, 'Idea 5 that suggest that we definitely need a longer title for ideas', 26, 18, NULL),
(42, TIMESTAMP '2018-12-01 20:42:06.958', TIMESTAMP '2018-12-02 20:42:06.959', 'QRGMxNaU Lorem ipsum dolor sit amet, consectetur adipiscing elit, sed do eiusmod tempor incididunt ut la', NULL, 0, 'Idea 6 that suggest that we definitely need a longer title for ideas', 27, 16, NULL),
(43, TIMESTAMP '2018-11-30 20:42:06.983', TIMESTAMP '2018-12-01 20:42:06.983', '3DpfiGSk Lorem ipsum dolor sit amet, consectetur adipiscing elit, sed do eiusmod tempor incididunt ut labore et dolore magna aliqua. Ut enim ad minim veniam, quis nostrud exercitation ullamco laboris nisi ut aliquip ex ea commodo consequat. Duis aute irure dolor in reprehenderit in voluptate velit esse cillum dolore eu fugiat nulla pariatur. Excepteur sint occaecat cupidatat non proident, sunt ', NULL, 0, 'Idea 7 that suggest that we definitely need a longer title for ideas', 28, 13, NULL),
(44, TIMESTAMP '2018-11-29 20:42:07.022', TIMESTAMP '2018-11-30 20:42:07.022', '46DYFtHj Lorem ipsum dolor sit amet, consectetur adipiscing elit, sed do eiusmod tempor incididunt ut labore et dolore magna aliqua. Ut enim ad minim veniam, quis nostrud exercitation ullamco laboris nisi ut aliquip ex ea commodo consequat. Duis aute irure dolor in reprehenderit in voluptate velit esse cillum dolore eu fugiat nulla pariatur. Excepteur sint occaecat cupidatat non proi', NULL, 0, 'Idea 8 that suggest that we definitely need a longer title for ideas', 29, 17, NULL),
(45, TIMESTAMP '2018-11-28 20:42:07.026', TIMESTAMP '2018-11-29 20:42:07.027', 'uxusqY9j Lorem ipsum dolor sit amet, consectetur adipisci', NULL, 0, 'Idea 9 that suggest that we definitely need a longer title for ideas', 30, 16, NULL);         
INSERT INTO PUBLIC.LAWS(ID, CREATED_AT, UPDATED_AT, DESCRIPTION, REACHED_QUORUM_AT, STATUS, TITLE, AREA_ID, CREATED_BY_ID, POLL_ID) VALUES
(46, TIMESTAMP '2018-11-27 20:42:07.031', TIMESTAMP '2018-11-28 20:42:07.031', 'CF0L6YdV Lorem ipsum dolor sit amet, consectetur adipiscing elit, sed do eiusmod tempor inci', NULL, 0, 'Idea 10 that suggest that we definitely need a longer title for ideas', 21, 2, NULL),
(47, TIMESTAMP '2018-11-26 20:42:07.059', TIMESTAMP '2018-11-27 20:42:07.059', 'hBeAUga5 Lorem ipsum dolor sit amet, consectetur adipiscing elit, sed do eiusmod tempor incididunt ut labore et dolore magna aliqua. Ut enim ad minim veniam, quis nostrud exercitation ullamco laboris nisi ut aliquip ex ', NULL, 0, 'Idea 11 that suggest that we definitely need a longer title for ideas', 22, 20, NULL),
(48, TIMESTAMP '2018-11-25 20:42:07.061', TIMESTAMP '2018-11-26 20:42:07.061', '8WNVLol7 Lorem ipsum dolor sit amet, consectetur adipiscing elit, sed do eiusmod tempor incididunt ut labore et dolore magna aliqua. Ut enim ad minim veniam, quis nostrud exercitation ullamco laboris nisi u', NULL, 0, 'Idea 12 that suggest that we definitely need a longer title for ideas', 23, 6, NULL),
(49, TIMESTAMP '2018-11-24 20:42:07.067', TIMESTAMP '2018-11-25 20:42:07.067', 'jBtJjbbW Lorem ipsum dolor sit amet, consectetur adipiscing elit, sed do eiusmod tempor incididunt ut labore et dolore magna aliqua. Ut enim ad minim veniam, quis nostrud exercitation ullamco laboris nisi ut aliquip ex ea commodo consequat. Duis aute irure dolor in reprehenderit in voluptate velit esse cillum dolore eu fugiat nulla pariatur. Excepteur sint occaecat', NULL, 0, 'Idea 13 that suggest that we definitely need a longer title for ideas', 24, 1, NULL),
(50, TIMESTAMP '2018-11-23 20:42:07.089', TIMESTAMP '2018-11-24 20:42:07.089', 'jJFa4AOO Lorem ipsum dolor sit amet, consectetur adipiscing elit, sed do eiusmod ', NULL, 0, 'Idea 14 that suggest that we definitely need a longer title for ideas', 25, 1, NULL),
(51, TIMESTAMP '2018-11-22 20:42:07.105', TIMESTAMP '2018-11-23 20:42:07.105', 'U5YG0iXD Lorem ipsum dolor sit amet, consectetur adipiscing elit, sed do eiusmod tempor incididunt ut labore et dolore magna aliqua. ', NULL, 0, 'Idea 15 that suggest that we definitely need a longer title for ideas', 26, 2, NULL),
(52, TIMESTAMP '2018-11-21 20:42:07.15', TIMESTAMP '2018-11-22 20:42:07.15', 'PB06s37Q Lorem ipsum dolor sit amet, consectetur adipiscing elit, sed do eiusmod tempor in', NULL, 0, 'Idea 16 that suggest that we definitely need a longer title for ideas', 27, 19, NULL),
(53, TIMESTAMP '2018-11-20 20:42:07.154', TIMESTAMP '2018-11-21 20:42:07.155', 'e4lpivbS Lorem ipsum dolor sit amet, consectetur adipiscing elit, sed do eiusmod tempor incididunt ', NULL, 0, 'Idea 17 that suggest that we definitely need a longer title for ideas', 28, 18, NULL),
(54, TIMESTAMP '2018-11-19 20:42:07.156', TIMESTAMP '2018-11-20 20:42:07.156', 'MQ88Y8nT Lorem ipsum dolor sit amet, consectetur adipiscing elit, sed do eiusmod tempor incididunt ut labore et dolore magna aliqua. Ut enim ad minim veniam, quis nostrud exercitation ullamco laboris nisi ut aliquip ex ea commodo consequat. Duis aute irure dolor in reprehenderit in voluptate velit esse cillum dolore eu f', NULL, 0, 'Idea 18 that suggest that we definitely need a longer title for ideas', 29, 6, NULL),
(55, TIMESTAMP '2018-11-18 20:42:07.158', TIMESTAMP '2018-11-19 20:42:07.158', '8eDdMngv Lorem ipsum dolor sit amet, consectetur adipisc', NULL, 0, 'Idea 19 that suggest that we definitely need a longer title for ideas', 30, 3, NULL),
(56, TIMESTAMP '2018-11-17 20:42:07.159', TIMESTAMP '2018-11-18 20:42:07.16', 'Jv4lTtZE Lorem ', NULL, 0, 'Idea 20 that suggest that we definitely need a longer title for ideas', 21, 11, NULL),
(57, TIMESTAMP '2018-11-16 20:42:07.163', TIMESTAMP '2018-11-17 20:42:07.163', 'BPZasldZ Lorem ipsum dolor sit amet, c', NULL, 0, 'Idea 21 that suggest that we definitely need a longer title for ideas', 22, 8, NULL),
(58, TIMESTAMP '2018-11-15 20:42:07.17', TIMESTAMP '2018-11-16 20:42:07.17', 'imd08Avj Lorem ipsum dolor sit amet, consectetur adipiscing elit, sed do eiusmod tempor incididunt ut labore et dolore magna aliqua. Ut enim ad m', NULL, 0, 'Idea 22 that suggest that we definitely need a longer title for ideas', 23, 2, NULL);          
INSERT INTO PUBLIC.LAWS(ID, CREATED_AT, UPDATED_AT, DESCRIPTION, REACHED_QUORUM_AT, STATUS, TITLE, AREA_ID, CREATED_BY_ID, POLL_ID) VALUES
(59, TIMESTAMP '2018-11-14 20:42:07.172', TIMESTAMP '2018-11-15 20:42:07.172', '9KpRdXko Lorem ipsum dolor sit amet, consectetur adipiscing elit, sed do eiusmod tempor incididunt ut labore et dolore magna aliqua. Ut enim ad minim veniam, quis nostrud exercitation ullamco laboris nisi ut aliquip ex ea commodo consequat. Duis aute irure dolor in reprehenderit in voluptate ve', NULL, 0, 'Idea 23 that suggest that we definitely need a longer title for ideas', 24, 2, NULL),
(60, TIMESTAMP '2018-11-13 20:42:07.177', TIMESTAMP '2018-11-14 20:42:07.177', 'RT146zLo Lorem ipsum dolor sit amet, consectetur adipiscing elit, sed do eiusmod tempor incididunt ut labore et dolore magna aliqua. Ut enim ad minim veniam, quis nostrud exercitation ullamco laboris nisi ut aliquip ex ea commodo consequat. Duis aute irure dolor in reprehenderit in voluptate velit esse cillum dolore eu fugiat nulla pariatur.', NULL, 0, 'Idea 24 that suggest that we definitely need a longer title for ideas', 25, 7, NULL),
(61, TIMESTAMP '2018-11-12 20:42:07.234', TIMESTAMP '2018-11-13 20:42:07.234', 'I4Q4ahsj Lorem ipsum dolor sit amet, consectetur adipiscing elit, sed do eiusmod tempor incididunt ut labore et dolore magna aliqua. Ut enim ad minim veniam, quis nostrud exercitation ullamco laboris nisi ut aliquip ex ea commodo consequat. Duis aute irure dolor in reprehenderit in voluptate velit esse cillum dolore eu fugiat nulla pariatur. Excepteur sint occaecat cupidatat n', NULL, 0, 'Idea 25 that suggest that we definitely need a longer title for ideas', 26, 2, NULL),
(62, TIMESTAMP '2018-11-11 20:42:07.239', TIMESTAMP '2018-11-12 20:42:07.239', 'vYkx8dRG Lorem ipsum dolor sit amet, consectetur adipiscing elit, sed do eiusmod tempor incididunt ut la', NULL, 0, 'Idea 26 that suggest that we definitely need a longer title for ideas', 27, 16, NULL),
(63, TIMESTAMP '2018-11-10 20:42:07.243', TIMESTAMP '2018-11-11 20:42:07.243', 'iOnjxU5E Lorem ipsum dolor sit amet, consectetur adipiscing elit, sed do eiusmod tempor incididunt ut labore et dolore magna aliqua. Ut enim ad minim veniam, quis nostrud exercitation ullamco laboris nisi ut aliquip ex ea commodo consequat. Duis aute irure dolor in reprehenderit in voluptate velit esse cillum', NULL, 0, 'Idea 27 that suggest that we definitely need a longer title for ideas', 28, 5, NULL),
(64, TIMESTAMP '2018-11-09 20:42:07.249', TIMESTAMP '2018-11-10 20:42:07.249', 'FL1gyiwO Lorem ipsum dolor sit amet, consectetur adipiscing elit, sed do eiusmod tempor incididunt ut labore et dolore magna aliqua. Ut enim ad minim veniam, quis nostrud exercitation ullamco laboris nisi ut aliquip ex ', NULL, 0, 'Idea 28 that suggest that we definitely need a longer title for ideas', 29, 15, NULL),
(65, TIMESTAMP '2018-11-08 20:42:07.252', TIMESTAMP '2018-11-09 20:42:07.252', 'baT22ii3 Lorem ipsum dolor sit amet, consectetur adipiscing elit, sed do eiusmod tempor incididunt ut labore et dolore magna aliqua. Ut enim ad minim veniam, quis nostrud exercitation ullamco laboris nisi ut aliquip ex ea commodo consequat. Duis aute irure', NULL, 0, 'Idea 29 that suggest that we definitely need a longer title for ideas', 30, 10, NULL),
(66, TIMESTAMP '2018-11-07 20:42:07.255', TIMESTAMP '2018-11-08 20:42:07.255', '8FDR064I Lorem ipsum dolor sit amet, consectetur adipiscing elit, sed do eiusmod tempor incididunt ut labore et dolore magna aliqua. Ut enim ad minim veniam, quis nostrud exercitation ullamco laboris nisi ut aliquip ex ea commodo co', NULL, 0, 'Idea 30 that suggest that we definitely need a longer title for ideas', 21, 2, NULL),
(67, TIMESTAMP '2018-11-06 20:42:07.262', TIMESTAMP '2018-11-07 20:42:07.262', 'of6dq3Am Lorem ipsum dolor sit amet, consectetur adipiscing elit, sed do eiusmod tempor incididunt ut labore et dolore magna aliqua. Ut enim ad minim veniam, quis nostrud', NULL, 0, 'Idea 31 that suggest that we definitely need a longer title for ideas', 22, 5, NULL),
(68, TIMESTAMP '2018-11-05 20:42:07.27', TIMESTAMP '2018-11-06 20:42:07.271', 'J6P2Dsq4 Lorem ipsum dolor sit amet, consectetur a', NULL, 0, 'Idea 32 that suggest that we definitely need a longer title for ideas', 23, 5, NULL);    
INSERT INTO PUBLIC.LAWS(ID, CREATED_AT, UPDATED_AT, DESCRIPTION, REACHED_QUORUM_AT, STATUS, TITLE, AREA_ID, CREATED_BY_ID, POLL_ID) VALUES
(69, TIMESTAMP '2018-11-04 20:42:07.296', TIMESTAMP '2018-11-05 20:42:07.296', 'Xyi8kHR2 Lorem ipsum dolor sit amet, consectetur adipiscing elit, sed do eiusmod', NULL, 0, 'Idea 33 that suggest that we definitely need a longer title for ideas', 24, 17, NULL),
(70, TIMESTAMP '2018-11-03 20:42:07.309', TIMESTAMP '2018-11-04 20:42:07.309', '5eWggsWu Lorem ipsum dolor sit amet, consectetur adipiscing elit, sed do eiusmod tempor incididunt ut labore et dolore magna aliqua. Ut enim ad minim veniam, quis nostrud exercitation ullamco laboris nisi ut aliquip ex ea commodo c', NULL, 0, 'Idea 34 that suggest that we definitely need a longer title for ideas', 25, 14, NULL),
(71, TIMESTAMP '2018-11-02 20:42:07.317', TIMESTAMP '2018-11-03 20:42:07.32', 'q9Y2vP1g Lorem ipsum dolor sit amet, consectetur adipiscing elit, sed do eiusmod tempor incididunt ut labore et dolore magna aliqua. Ut enim ad minim ve', NULL, 0, 'Idea 35 that suggest that we definitely need a longer title for ideas', 26, 6, NULL),
(72, TIMESTAMP '2018-11-01 20:42:07.333', TIMESTAMP '2018-11-02 20:42:07.333', 'tqUqzmmj Lorem ipsum dolor sit amet, consectetur adipiscing elit, sed do eiusmod tempor incididunt ut labore et dolore magna aliqua. Ut enim ad minim veniam, quis nostrud exercitation ullamco laboris nisi ut aliquip ex ea commodo consequat. Duis aute irure dolor in reprehenderit in voluptate velit esse cillum dolore eu fugiat nul', NULL, 0, 'Idea 36 that suggest that we definitely need a longer title for ideas', 27, 17, NULL),
(73, TIMESTAMP '2018-10-31 20:42:07.339', TIMESTAMP '2018-11-01 20:42:07.339', 'TUxSSAvB Lorem ipsum dolor sit amet, consectetur', NULL, 0, 'Idea 37 that suggest that we definitely need a longer title for ideas', 28, 5, NULL),
(74, TIMESTAMP '2018-10-30 20:42:07.349', TIMESTAMP '2018-10-31 20:42:07.349', 'CayVzxco Lorem ipsum dolor sit amet, consectetur adipiscing elit, sed do eiusmod tempor incididunt ut labore et dolore magna aliqua. Ut enim ad minim veniam, quis nostrud exercitation ullamco laboris nisi ut aliquip ex ea commodo consequat. Duis aute irure dolor in reprehenderit in voluptate velit esse cillum dolore eu fugiat nulla pariatur. Ex', NULL, 0, 'Idea 38 that suggest that we definitely need a longer title for ideas', 29, 1, NULL),
(75, TIMESTAMP '2018-10-29 20:42:07.361', TIMESTAMP '2018-10-30 20:42:07.362', 'JPvbml9I Lorem ipsum dolor sit amet, consectetur adipiscing elit, sed do eiusmod tempor incididunt ut labore et dolore magna aliqua. Ut enim ad minim veniam, quis nostrud exercitation ullamco laboris nisi ut aliquip ex ea commodo consequat. Duis aute irure dolor in reprehenderit in voluptate velit esse cillum dolore eu fugiat nulla pariatur. Excepteur sint occaecat cupidatat non proident, sunt in', NULL, 0, 'Idea 39 that suggest that we definitely need a longer title for ideas', 30, 9, NULL),
(76, TIMESTAMP '2018-10-28 20:42:07.367', TIMESTAMP '2018-10-29 20:42:07.367', '2SK34OYQ Lorem ipsum dolor sit amet, consectetur adipiscing elit, sed do eiusmod tempor incididunt ut labore et dolore magna aliqua. Ut enim ad minim veniam, quis nostrud exercitation ullamco laboris nisi ut aliquip ex ea commodo consequat. Duis aute irure dolor in reprehenderit in voluptate velit esse cillum dolore eu fugiat nulla pariatur. Excepteur sint occaecat cupidatat non proident, sunt in cu', NULL, 0, 'Idea 40 that suggest that we definitely need a longer title for ideas', 21, 11, NULL),
(77, TIMESTAMP '2018-10-27 20:42:07.387', TIMESTAMP '2018-10-28 20:42:07.387', 'Ress19Zf Lorem ipsum dolor sit amet, consectetur adipiscing elit, sed do eiusmod tempor incididunt ut labore et dolore magna aliqua. Ut enim ad minim veniam, quis nostrud exercitation ullamco laboris nisi ut aliquip ex ea commodo consequat. Duis aute irure dolor in reprehenderit in voluptate velit esse cillum dolore eu fugiat nulla pariatur. Excepteur sint occae', NULL, 0, 'Idea 41 that suggest that we definitely need a longer title for ideas', 22, 9, NULL);            
INSERT INTO PUBLIC.LAWS(ID, CREATED_AT, UPDATED_AT, DESCRIPTION, REACHED_QUORUM_AT, STATUS, TITLE, AREA_ID, CREATED_BY_ID, POLL_ID) VALUES
(78, TIMESTAMP '2018-10-26 20:42:07.403', TIMESTAMP '2018-10-27 20:42:07.403', 'sGxAVNPd Lorem ipsum dolor sit amet, consectetur adipiscing elit, sed do eiusmod tempor inc', NULL, 0, 'Idea 42 that suggest that we definitely need a longer title for ideas', 23, 7, NULL),
(79, TIMESTAMP '2018-10-25 20:42:07.406', TIMESTAMP '2018-10-26 20:42:07.406', 'P2cwKOaN Lorem ipsum dolor sit amet, consectetur adipiscing elit, sed do eiusmod tempor incididunt ut labore et dolore magna aliqua. Ut enim ad minim veniam, quis nostrud exercitation ullamco laboris nisi ut aliquip ex ea commodo consequat. Duis aute irure dolor in reprehenderit in voluptate velit ', NULL, 0, 'Idea 43 that suggest that we definitely need a longer title for ideas', 24, 1, NULL),
(80, TIMESTAMP '2018-10-24 20:42:07.426', TIMESTAMP '2018-10-25 20:42:07.427', 'J3GgBm0x Lorem ipsum dolor sit amet, cons', NULL, 0, 'Idea 44 that suggest that we definitely need a longer title for ideas', 25, 8, NULL),
(81, TIMESTAMP '2018-10-23 20:42:07.444', TIMESTAMP '2018-10-24 20:42:07.444', 'M5yHWZG2 Lorem ipsum dolor sit amet, consectetur adipiscing elit, sed do eiusmod tempor incididunt ut labore et dolore magna aliqua. Ut enim ad minim veniam, quis nostrud exercitation ullamco laboris nisi ut aliquip ex ea commodo consequat. Duis aute irure dolor in reprehenderit in voluptate velit esse cillum dolore eu fugiat nulla pariatur. Excepteur sint', NULL, 0, 'Idea 45 that suggest that we definitely need a longer title for ideas', 26, 19, NULL),
(82, TIMESTAMP '2018-10-22 20:42:07.454', TIMESTAMP '2018-10-23 20:42:07.454', 'd5PUM7i2 Lore', NULL, 0, 'Idea 46 that suggest that we definitely need a longer title for ideas', 27, 18, NULL),
(83, TIMESTAMP '2018-10-21 20:42:07.457', TIMESTAMP '2018-10-22 20:42:07.457', 'TCIhk2n6 Lorem ipsum dolor sit amet, consectetur adipiscing elit, sed do eiusmod tempor incididunt ut labore et dolore magna aliqua. Ut enim ad minim veniam, quis nostrud exercitation ullamco laboris nisi ut aliquip ex ea commodo consequat. ', NULL, 0, 'Idea 47 that suggest that we definitely need a longer title for ideas', 28, 6, NULL),
(84, TIMESTAMP '2018-10-20 20:42:07.478', TIMESTAMP '2018-10-21 20:42:07.478', '5lmMvmRS Lorem ipsum dolor sit amet, consectetur adipiscing elit, sed do eiusmod tempor incididunt ut labore et dolore magna aliqua. Ut enim ad minim veniam, quis nostrud exercitatio', NULL, 0, 'Idea 48 that suggest that we definitely need a longer title for ideas', 29, 5, NULL),
(85, TIMESTAMP '2018-10-19 20:42:07.482', TIMESTAMP '2018-10-20 20:42:07.482', 'yWWShuOz Lorem ipsum dolor sit amet, consectetur adipiscing elit, sed do eiusmod tempor incididunt ut labore et dolore magna aliqua. Ut enim ad minim veniam, quis nostrud exercitation ullamco laboris nisi ut aliq', NULL, 0, 'Idea 49 that suggest that we definitely need a longer title for ideas', 30, 13, NULL),
(86, TIMESTAMP '2018-10-18 20:42:07.485', TIMESTAMP '2018-10-19 20:42:07.485', 'HjFcLKvY Lorem ipsum dolor sit amet, consectetur adipiscing elit, sed do eiusmod tempor incididunt ut labore et dolore magna aliqua. Ut enim ad minim veniam, quis nostrud exercitation ullamco laboris nisi ut aliquip ex ea commodo consequat. Duis aute irure dolor in reprehenderit in voluptate velit esse cillum dolore eu fugiat nulla pariatur. Excepteur s', NULL, 0, 'Idea 50 that suggest that we definitely need a longer title for ideas', 21, 12, NULL),
(87, TIMESTAMP '2018-10-17 20:42:07.489', TIMESTAMP '2018-10-18 20:42:07.489', 'D3LrbO0I Lorem ipsum dolo', NULL, 0, 'Idea 51 that suggest that we definitely need a longer title for ideas', 22, 3, NULL),
(88, TIMESTAMP '2018-10-16 20:42:07.492', TIMESTAMP '2018-10-17 20:42:07.492', 'qJcbw1I0 Lorem ipsum dolor sit amet, consectetur adipiscing elit, sed do eiusmod tempor incididunt ut labore et dolore magna aliqua. Ut enim ad minim veniam, quis nostrud exercitation ullamco laboris nisi ut aliquip ex ea com', NULL, 0, 'Idea 52 that suggest that we definitely need a longer title for ideas', 23, 5, NULL);          
INSERT INTO PUBLIC.LAWS(ID, CREATED_AT, UPDATED_AT, DESCRIPTION, REACHED_QUORUM_AT, STATUS, TITLE, AREA_ID, CREATED_BY_ID, POLL_ID) VALUES
(89, TIMESTAMP '2018-10-15 20:42:07.503', TIMESTAMP '2018-10-16 20:42:07.503', 'Qlt7Xu2p Lorem ipsum dolor sit amet, consectetur adipiscing elit, sed do eiusmod tempor incididunt ut labor', NULL, 0, 'Idea 53 that suggest that we definitely need a longer title for ideas', 24, 2, NULL),
(90, TIMESTAMP '2018-10-14 20:42:07.512', TIMESTAMP '2018-10-15 20:42:07.512', 'TCEG5UtY Lorem ipsum dolor sit amet, consectetur adipiscing elit, sed do eiusmod tempor incididunt ut labore et dolore magna aliqua. Ut enim ad minim veniam, quis nostrud exercitation ullamco laboris nisi ut aliquip ex ea commodo consequat. Duis aute irure dolor in reprehenderit in voluptate ve', NULL, 0, 'Idea 54 that suggest that we definitely need a longer title for ideas', 25, 13, NULL),
(91, TIMESTAMP '2018-10-13 20:42:07.517', TIMESTAMP '2018-10-14 20:42:07.518', '3it3iZbH Lorem ipsum dolor sit amet,', NULL, 0, 'Idea 55 that suggest that we definitely need a longer title for ideas', 26, 20, NULL),
(92, TIMESTAMP '2018-10-12 20:42:07.522', TIMESTAMP '2018-10-13 20:42:07.522', 'kdOa2sHa Lorem ipsum dolor sit amet, consectetur adipisci', NULL, 0, 'Idea 56 that suggest that we definitely need a longer title for ideas', 27, 3, NULL),
(93, TIMESTAMP '2018-10-11 20:42:07.538', TIMESTAMP '2018-10-12 20:42:07.538', 'UxPOty8G Lorem ipsum dolor sit amet, consectetur adipiscing elit, s', NULL, 0, 'Idea 57 that suggest that we definitely need a longer title for ideas', 28, 5, NULL),
(94, TIMESTAMP '2018-10-10 20:42:07.542', TIMESTAMP '2018-10-11 20:42:07.542', 'K4lxgP5L Lorem ipsum dolor sit amet, consectetur adipiscing elit, sed do eiusmod tempor incididunt ut labore et dolore magna aliqua. Ut enim a', NULL, 0, 'Idea 58 that suggest that we definitely need a longer title for ideas', 29, 1, NULL),
(95, TIMESTAMP '2018-10-09 20:42:07.556', TIMESTAMP '2018-10-10 20:42:07.556', 'sNyp7t6i Lorem ipsum dolor sit amet, consectetur adipiscing elit, sed do eiusmod tempor incididunt ut labore et dolore magna aliqua. Ut enim ad minim veniam, quis nostrud exercitation ullamco laboris nisi ut aliquip ex ea commodo consequat. Duis aute irure dolor in reprehenderit in voluptate velit esse cillum dolore eu fugiat nulla pariatur. Excepteur sint occaecat cup', NULL, 0, 'Idea 59 that suggest that we definitely need a longer title for ideas', 30, 12, NULL),
(96, TIMESTAMP '2018-10-08 20:42:07.56', TIMESTAMP '2018-10-09 20:42:07.561', '99exb8es Lorem ipsum dolor sit amet, consectetur adipiscing elit, sed do eiusmod tempor incididunt ut labore et dolore magna aliqua. Ut enim ad minim veniam, quis nostrud exercitation ullamco laboris nisi ut aliquip ex ea commodo consequat. Duis aute irure dolor in reprehenderit in voluptate velit esse cillum dolore eu fugiat nulla pariatur. Excepteur sint occaecat cupi', NULL, 0, 'Idea 60 that suggest that we definitely need a longer title for ideas', 21, 8, NULL),
(97, TIMESTAMP '2018-10-07 20:42:07.584', TIMESTAMP '2018-10-08 20:42:07.584', 'JXgXXwv4 Lorem ipsum dolor sit a', NULL, 0, 'Idea 61 that suggest that we definitely need a longer title for ideas', 22, 10, NULL),
(98, TIMESTAMP '2018-10-06 20:42:07.59', TIMESTAMP '2018-10-07 20:42:07.59', 'e15YVJwg Lorem ipsum dolor sit amet, consectetur adipiscing elit, sed do eiusmod ', NULL, 0, 'Idea 62 that suggest that we definitely need a longer title for ideas', 23, 8, NULL),
(99, TIMESTAMP '2018-10-05 20:42:07.601', TIMESTAMP '2018-10-06 20:42:07.601', 'NtwRiUVL Lorem ipsum dolor sit amet, consectetur adipiscing elit, sed do eiusmod tempor incididunt ut labore et dolore magna aliqua. Ut enim ad minim veniam, quis nostrud exercitation ullamco laboris nisi ut aliquip ex ea commodo consequat. Duis aute irure dolor in reprehenderit in voluptate velit esse cillum d', NULL, 0, 'Idea 63 that suggest that we definitely need a longer title for ideas', 24, 19, NULL),
(100, TIMESTAMP '2018-10-04 20:42:07.65', TIMESTAMP '2018-10-05 20:42:07.65', 'dLQxnRwj Lorem ipsum dolor sit amet, consectetur adipiscing elit, sed do eiusmod tempor incididunt ut labore et dolore magna aliqua. Ut enim ad minim veniam, quis nostrud exercitation ullamco laboris nisi ut aliquip ex ea commodo consequat. Duis aute irure dolor in reprehenderit in voluptate velit esse cillum dolore eu fugiat nulla pariatur. Excepteur sint occaecat cupidatat non proident, sunt', NULL, 0, 'Idea 64 that suggest that we definitely need a longer title for ideas', 25, 14, NULL);      
INSERT INTO PUBLIC.LAWS(ID, CREATED_AT, UPDATED_AT, DESCRIPTION, REACHED_QUORUM_AT, STATUS, TITLE, AREA_ID, CREATED_BY_ID, POLL_ID) VALUES
(101, TIMESTAMP '2018-10-03 20:42:07.657', TIMESTAMP '2018-10-04 20:42:07.657', 'rWi8CFSF Lorem ipsum dolor sit amet, consectetur adipiscing elit, sed do eiusmod tempor incididunt ut labore et dolore magna aliqua. Ut enim ad minim veniam, quis nostrud exercitation ullamco laboris nisi ut aliquip ex ea commodo consequat. Duis aute irure dolor in reprehenderit in volupt', NULL, 0, 'Idea 65 that suggest that we definitely need a longer title for ideas', 26, 18, NULL),
(102, TIMESTAMP '2018-10-02 20:42:07.66', TIMESTAMP '2018-10-03 20:42:07.66', 'kQFISzeT Lorem ipsum dolor sit amet, consectetur adipiscing elit, sed do eiusmod tempor incididunt ut labore et dolore magna aliqua. Ut enim ad minim veniam, quis nostrud exercitation ullamco laboris nisi ut ', NULL, 0, 'Idea 66 that suggest that we definitely need a longer title for ideas', 27, 6, NULL),
(103, TIMESTAMP '2018-10-01 20:42:07.667', TIMESTAMP '2018-10-02 20:42:07.667', 'ZMH8VR3l Lorem ipsum dolor sit amet,', NULL, 0, 'Idea 67 that suggest that we definitely need a longer title for ideas', 28, 3, NULL),
(104, TIMESTAMP '2018-09-30 20:42:07.672', TIMESTAMP '2018-10-01 20:42:07.672', 'vptlDC9j Lorem ipsum dolor sit amet, consectetur adipiscing elit,', NULL, 0, 'Idea 68 that suggest that we definitely need a longer title for ideas', 29, 17, NULL),
(105, TIMESTAMP '2018-09-29 20:42:07.676', TIMESTAMP '2018-09-30 20:42:07.676', '5fBIrVu9 Lorem ip', NULL, 0, 'Idea 69 that suggest that we definitely need a longer title for ideas', 30, 10, NULL),
(106, TIMESTAMP '2018-09-28 20:42:07.682', TIMESTAMP '2018-09-29 20:42:07.682', 'QPm0Jijp Lorem ipsum dolor sit amet, consectetur adipiscing elit, sed do eiusmod tempor incididunt ut labore et dolore magna aliqua. Ut enim ad minim veniam, quis nostrud exercitation ullamco laboris nisi ut aliquip ex ea commodo consequat. Duis aute irure dolor in reprehenderit', NULL, 0, 'Idea 70 that suggest that we definitely need a longer title for ideas', 21, 10, NULL),
(107, TIMESTAMP '2018-09-27 20:42:07.686', TIMESTAMP '2018-09-28 20:42:07.686', 'eOoxiYqi Lorem ipsum dolor sit amet, consectetur adipiscing elit, sed do eiusmod tempor incididunt ut labore et dolor', NULL, 0, 'Idea 71 that suggest that we definitely need a longer title for ideas', 22, 10, NULL),
(108, TIMESTAMP '2018-09-26 20:42:07.689', TIMESTAMP '2018-09-27 20:42:07.689', 'xxrqvqsP Lorem ipsum dolor sit amet, consectetur adipiscing elit, sed do eiusmod tempor incididunt ut labore et dolore magna aliqua. Ut enim ad minim veniam, quis nostrud exercitation ullamco laboris nisi ut aliquip ex ea commodo consequat.', NULL, 0, 'Idea 72 that suggest that we definitely need a longer title for ideas', 23, 16, NULL),
(109, TIMESTAMP '2018-09-25 20:42:07.704', TIMESTAMP '2018-09-26 20:42:07.704', 'UsZhLCOk Lorem ipsum dolor sit amet, consectetur adipiscing elit, sed do eiusmod tempor incididunt ut labore et dolore magna aliqua. Ut enim ad m', NULL, 0, 'Idea 73 that suggest that we definitely need a longer title for ideas', 24, 16, NULL),
(110, TIMESTAMP '2018-09-24 20:42:07.707', TIMESTAMP '2018-09-25 20:42:07.707', 'MWzrqYLK Lorem ipsum dolor sit amet, consectetur adipiscing elit, sed do eiusmod tempor incididunt ut labore et dolore magna aliqua. Ut enim ad minim veniam, quis nostrud exercitation ullamco laboris nisi ut aliquip ex ', NULL, 0, 'Idea 74 that suggest that we definitely need a longer title for ideas', 25, 8, NULL),
(111, TIMESTAMP '2018-09-23 20:42:07.711', TIMESTAMP '2018-09-24 20:42:07.711', 'UIkRzZye Lorem ipsum dolor sit amet, consectetur adipiscing elit, sed do eiusmod tempor incididunt ut labore et dolo', NULL, 0, 'Idea 75 that suggest that we definitely need a longer title for ideas', 26, 2, NULL),
(112, TIMESTAMP '2018-09-22 20:42:07.714', TIMESTAMP '2018-09-23 20:42:07.714', 'aQ0uWtoh L', NULL, 0, 'Idea 76 that suggest that we definitely need a longer title for ideas', 27, 4, NULL),
(113, TIMESTAMP '2018-09-21 20:42:07.72', TIMESTAMP '2018-09-22 20:42:07.72', 'dQfTwCmx Lorem ipsum dolor sit amet, consectetur adipiscing elit, sed ', NULL, 0, 'Idea 77 that suggest that we definitely need a longer title for ideas', 28, 8, NULL);             
INSERT INTO PUBLIC.LAWS(ID, CREATED_AT, UPDATED_AT, DESCRIPTION, REACHED_QUORUM_AT, STATUS, TITLE, AREA_ID, CREATED_BY_ID, POLL_ID) VALUES
(114, TIMESTAMP '2018-09-20 20:42:07.728', TIMESTAMP '2018-09-21 20:42:07.728', 'K9iEUyKW Lorem ipsum dolor sit amet, consectetur adipis', NULL, 0, 'Idea 78 that suggest that we definitely need a longer title for ideas', 29, 18, NULL),
(115, TIMESTAMP '2018-09-19 20:42:07.729', TIMESTAMP '2018-09-20 20:42:07.729', 'B4VRYUu4 Lorem ipsum dolor sit amet, consectetur adipiscing elit, sed do eiusmod tempor incididunt ut labore et dolore magna aliqua. Ut enim ad minim veniam, quis nostrud exercitation ullamco laboris nisi ut aliquip ex ea commodo consequat. Duis aute irure dolor in reprehenderit in voluptate velit esse ', NULL, 0, 'Idea 79 that suggest that we definitely need a longer title for ideas', 30, 14, NULL),
(116, TIMESTAMP '2018-09-18 20:42:07.732', TIMESTAMP '2018-09-19 20:42:07.732', 'mw3ZFskv Lorem ipsum dolor sit amet, consectetur adipiscing elit, sed do eiusmod tempor incididunt ut labore et dolore mag', NULL, 0, 'Idea 80 that suggest that we definitely need a longer title for ideas', 21, 9, NULL),
(117, TIMESTAMP '2018-09-17 20:42:07.736', TIMESTAMP '2018-09-18 20:42:07.736', 'tThfO8GY Lorem ipsum dolor sit amet, consectetur adipiscing elit, sed do eiusmod tempor incididunt ut labore et dolore magna aliqua. Ut enim ad minim veniam, quis nostrud e', NULL, 0, 'Idea 81 that suggest that we definitely need a longer title for ideas', 22, 16, NULL),
(118, TIMESTAMP '2018-09-16 20:42:07.742', TIMESTAMP '2018-09-17 20:42:07.742', 'HkI6MMzs Lorem ipsum do', NULL, 0, 'Idea 82 that suggest that we definitely need a longer title for ideas', 23, 7, NULL),
(119, TIMESTAMP '2018-09-15 20:42:07.755', TIMESTAMP '2018-09-16 20:42:07.755', 'Hpb29oyg Lorem ipsum dolor sit amet, consectetur adipiscing elit,', NULL, 0, 'Idea 83 that suggest that we definitely need a longer title for ideas', 24, 9, NULL),
(120, TIMESTAMP '2018-09-14 20:42:07.783', TIMESTAMP '2018-09-15 20:42:07.783', 'KkQf4thG Lorem ipsum dolor sit amet, consectetur adipiscing elit, sed do eiusmod tempor incididunt ut labore et dolore magna aliqua. Ut enim ad minim veniam, quis nostrud exercitation ullamco laboris nisi ut aliquip ex ea commodo consequat. Duis aute irure dolor in reprehenderit in voluptate velit esse cillum dolore eu fugiat nulla pariatur', NULL, 0, 'Idea 84 that suggest that we definitely need a longer title for ideas', 25, 8, NULL),
(121, TIMESTAMP '2018-09-13 20:42:07.787', TIMESTAMP '2018-09-14 20:42:07.787', 'EJo9oMZJ Lorem ipsum dolor sit amet, consectetur adipiscing elit, sed do eiusmod tempor incididunt ut labore et dolore magna aliqua. Ut enim ad minim veniam, quis nostrud exercitation ullamco laboris nisi ut aliquip ex ea c', NULL, 0, 'Idea 85 that suggest that we definitely need a longer title for ideas', 26, 3, NULL),
(122, TIMESTAMP '2018-09-12 20:42:07.79', TIMESTAMP '2018-09-13 20:42:07.79', '0WPMTbWe Lorem ipsum dolor sit amet, consectetur adipiscing elit, sed do eiusmod tempor incididunt ut labore et dolore magna aliqua. Ut enim ad minim veniam, ', NULL, 0, 'Idea 86 that suggest that we definitely need a longer title for ideas', 27, 11, NULL),
(123, TIMESTAMP '2018-09-11 20:42:07.793', TIMESTAMP '2018-09-12 20:42:07.793', '5sqQ0xeQ Lorem ipsum dolor sit amet, consectetur adipiscing elit, s', NULL, 0, 'Idea 87 that suggest that we definitely need a longer title for ideas', 28, 18, NULL),
(124, TIMESTAMP '2018-09-10 20:42:07.807', TIMESTAMP '2018-09-11 20:42:07.807', '4x3R3uMu Lorem ipsum dolor sit amet, consectetur adipiscing elit, sed do eiusmod tempor incididunt ut labore et dolore magna aliqua. Ut enim ad minim veniam, quis nostrud exercitation ullamco laboris nisi ut aliquip ex ea commodo consequat. Duis aute irure dolor in reprehenderit in voluptate velit ess', NULL, 0, 'Idea 88 that suggest that we definitely need a longer title for ideas', 29, 7, NULL),
(125, TIMESTAMP '2018-09-09 20:42:07.815', TIMESTAMP '2018-09-10 20:42:07.817', 'I7PO6Vpa Lorem ipsum dolor sit amet, consectetur adipiscing elit, sed do eiusmod tempor incididunt ut labore et dolore magna aliqua. Ut enim ad minim veniam, quis nostrud exercitation ullamco laboris nisi ut aliquip ex', NULL, 0, 'Idea 89 that suggest that we definitely need a longer title for ideas', 30, 15, NULL); 
INSERT INTO PUBLIC.LAWS(ID, CREATED_AT, UPDATED_AT, DESCRIPTION, REACHED_QUORUM_AT, STATUS, TITLE, AREA_ID, CREATED_BY_ID, POLL_ID) VALUES
(126, TIMESTAMP '2018-09-08 20:42:07.821', TIMESTAMP '2018-09-09 20:42:07.821', '0xM4IP9U Lorem ipsum dolor sit amet, consectetur adipiscing elit, sed do eiusmod tempor incididunt ut labore et dolore magna aliqua. Ut enim ad minim veniam, quis nostrud exercitation ullamco laboris nisi ut aliquip ex ea commodo consequat. Duis aute irure dolor in reprehenderit in voluptate velit esse cillum dolo', NULL, 0, 'Idea 90 that suggest that we definitely need a longer title for ideas', 21, 8, NULL),
(127, TIMESTAMP '2018-09-07 20:42:07.825', TIMESTAMP '2018-09-08 20:42:07.825', 'gOeDNymi Lorem ipsum dolor sit amet, consectetur adipiscing elit, sed do eiusmod tempor incididunt ut labore et dolore magna aliqua. Ut enim ad minim veniam, quis nostrud exercitation ullamco laboris nisi ut aliquip ex ea commodo consequat. Duis aute irure dolor in reprehenderit in voluptate velit esse cillum dolore eu fugiat nulla pariatur. Excepteur sint occaecat cupidatat non proiden', NULL, 0, 'Idea 91 that suggest that we definitely need a longer title for ideas', 22, 16, NULL),
(128, TIMESTAMP '2018-09-06 20:42:07.831', TIMESTAMP '2018-09-07 20:42:07.831', 'PzODVppN Lorem ipsum dolor sit amet, consectetur adipiscin', NULL, 0, 'Idea 92 that suggest that we definitely need a longer title for ideas', 23, 2, NULL),
(129, TIMESTAMP '2018-09-05 20:42:07.841', TIMESTAMP '2018-09-06 20:42:07.841', 'HCgCG1je Lorem ipsum dolor sit amet, consectetur adipiscing elit, sed do eiusmod tempor incididunt ut labore et dolore magna aliqua. Ut enim ad minim veniam, quis nostrud exercitation ullamco laboris nisi ut aliquip ex ea commodo consequat. Duis aute irure dolor in reprehenderit in voluptate velit esse cillum dolore eu fugiat nulla pariatur', NULL, 0, 'Idea 93 that suggest that we definitely need a longer title for ideas', 24, 8, NULL),
(130, TIMESTAMP '2018-09-04 20:42:07.856', TIMESTAMP '2018-09-05 20:42:07.857', 'NpODi3Do Lorem ipsum dolor sit amet, consectetur adipiscing elit, sed do eiusmod tempor incididunt ut labore et dolore magna aliqua. Ut enim ad minim veniam, quis nostrud exercitation ullamco laboris nisi ut aliquip ex ea commodo consequat. Duis aute irure dolor in reprehenderit in voluptate velit esse cillum dolore eu fugiat nulla p', NULL, 0, 'Idea 94 that suggest that we definitely need a longer title for ideas', 25, 16, NULL),
(131, TIMESTAMP '2018-09-03 20:42:07.859', TIMESTAMP '2018-09-04 20:42:07.859', '4ABIABU5 Lorem ipsum dolor sit amet, consectetur adipiscing elit, sed do eiusmod tempor incididunt ut labore et dolore magna aliqua. Ut enim ad minim veniam, quis nostrud exercitation ullamco laboris nisi ut aliquip ex ea commodo consequat. Duis aute irure dolor in reprehenderit in voluptate velit esse cillum dolore eu fugiat nulla pariatur.', NULL, 0, 'Idea 95 that suggest that we definitely need a longer title for ideas', 26, 2, NULL),
(132, TIMESTAMP '2018-09-02 20:42:07.864', TIMESTAMP '2018-09-03 20:42:07.864', 'upw4aE11 Lorem ipsum dolor sit amet, consectetur adipiscing elit, sed do eiusmod tem', NULL, 0, 'Idea 96 that suggest that we definitely need a longer title for ideas', 27, 6, NULL),
(133, TIMESTAMP '2018-09-01 20:42:07.867', TIMESTAMP '2018-09-02 20:42:07.868', 'UssLI0qN Lorem ipsum dolor sit amet, consectetur adipiscing elit, sed do eiusmod tempor incididunt ut labore et dolore ma', NULL, 0, 'Idea 97 that suggest that we definitely need a longer title for ideas', 28, 10, NULL),
(134, TIMESTAMP '2018-08-31 20:42:07.916', TIMESTAMP '2018-09-01 20:42:07.916', 'TC8vCZfv Lorem ipsum dolor sit amet, consectetur ad', NULL, 0, 'Idea 98 that suggest that we definitely need a longer title for ideas', 29, 13, NULL),
(135, TIMESTAMP '2018-08-30 20:42:07.918', TIMESTAMP '2018-08-31 20:42:07.918', 'jzuGjs36 Lorem ipsum dolor sit amet, consectetur adipiscing elit, sed do eiusmod tempor incididunt ut labore et dolore magna aliqua. Ut enim ad minim veniam, quis nostrud exercitation ullamco laboris nisi ut aliquip ex ea commodo consequat. Duis aute irure dolor in reprehenderit in voluptate velit esse cillum dolore eu fugiat nulla pariatur. Excepteur sint occaecat cupida', NULL, 0, 'Idea 99 that suggest that we definitely need a longer title for ideas', 30, 13, NULL); 
INSERT INTO PUBLIC.LAWS(ID, CREATED_AT, UPDATED_AT, DESCRIPTION, REACHED_QUORUM_AT, STATUS, TITLE, AREA_ID, CREATED_BY_ID, POLL_ID) VALUES
(136, TIMESTAMP '2018-08-29 20:42:07.924', TIMESTAMP '2018-08-30 20:42:07.924', 'bHqiV1Vv Lorem ipsum dolor sit amet, consectetur adipiscing elit, sed do eiusmod tempor incidid', NULL, 0, 'Idea 100 that suggest that we definitely need a longer title for ideas', 21, 2, NULL),
(137, TIMESTAMP '2018-08-28 20:42:07.939', TIMESTAMP '2018-08-29 20:42:07.939', 'Lw4VjWn8 Lorem ipsum dolor sit amet, consectetur adipiscing elit, sed do eiusmod tempor incididunt ut labore et ', NULL, 0, 'Idea 101 that suggest that we definitely need a longer title for ideas', 22, 20, NULL),
(138, TIMESTAMP '2018-08-27 20:42:07.946', TIMESTAMP '2018-08-28 20:42:07.946', 'ieLyMUX2 Lorem ipsum dolor sit amet, consectetur adipiscing elit, sed do eiusmod tempor incididunt ut labore et dolore magna aliqua. Ut enim ', NULL, 0, 'Idea 102 that suggest that we definitely need a longer title for ideas', 23, 1, NULL),
(139, TIMESTAMP '2018-08-26 20:42:07.953', TIMESTAMP '2018-08-27 20:42:07.953', 'grQfYOay Lorem ipsum dolor sit amet, consectetur adipiscing elit, sed do eiusmod tempor incididunt ut labore et dolore magna aliqua. Ut enim ad minim veniam, quis nostrud e', NULL, 0, 'Idea 103 that suggest that we definitely need a longer title for ideas', 24, 10, NULL),
(140, TIMESTAMP '2018-08-25 20:42:07.959', TIMESTAMP '2018-08-26 20:42:07.959', 'Rxir8bjs Lorem ipsum dolor sit amet, consectetur adipiscing elit, sed do eiusmod tempor incididunt ut labore et dolore magna aliqua. Ut enim ad minim veniam, quis nostrud exercitation ullamco laboris nisi ut aliquip ex ea commodo consequat. Duis aute irure dolor in reprehenderit in voluptate velit esse cillum dolore eu fugiat', NULL, 0, 'Idea 104 that suggest that we definitely need a longer title for ideas', 25, 8, NULL),
(141, TIMESTAMP '2018-08-24 20:42:07.965', TIMESTAMP '2018-08-25 20:42:07.965', 'BPUvtonY Lorem ipsum dolor sit ame', NULL, 0, 'Idea 105 that suggest that we definitely need a longer title for ideas', 26, 5, NULL),
(142, TIMESTAMP '2018-08-23 20:42:07.97', TIMESTAMP '2018-08-24 20:42:07.97', 'Kodvk6wi ', NULL, 0, 'Idea 106 that suggest that we definitely need a longer title for ideas', 27, 14, NULL),
(143, TIMESTAMP '2018-08-22 20:42:07.975', TIMESTAMP '2018-08-23 20:42:07.975', 'nAbKX4YL Lorem ipsum dolor sit amet, consectetur adipiscing elit, sed do eiusmod tempor incididunt ut labore et dolore magna aliqua. Ut enim ad minim veniam, quis nostrud exercitation ullamco laboris nisi ut aliquip ex ea commodo consequat. Duis aute irure dolor in reprehenderit in voluptate velit esse cillum dolore eu fugiat nulla pariatur. Excepteur sint occaecat ', NULL, 0, 'Idea 107 that suggest that we definitely need a longer title for ideas', 28, 5, NULL),
(144, TIMESTAMP '2018-08-21 20:42:07.978', TIMESTAMP '2018-08-22 20:42:07.978', '1ZYLSxzF Lorem ipsum dolor sit amet, consectetur adipiscing elit, sed do eiusmod tempor incididunt ut labore et dolore magna aliqua. Ut enim ad minim veniam, quis nostrud exercitation ullamco laboris nisi ut aliquip ex ea commodo consequat', NULL, 0, 'Idea 108 that suggest that we definitely need a longer title for ideas', 29, 1, NULL),
(145, TIMESTAMP '2018-08-20 20:42:07.982', TIMESTAMP '2018-08-21 20:42:07.982', 'aECy6xBv Lorem ipsum dolor sit amet, consectetur adipiscing elit, sed do eiusmod tempor incididunt ut labore et dolore magna aliqua. Ut enim ad minim veniam, quis nostrud exercitation ullamco laboris nisi ut aliquip ex ', NULL, 0, 'Idea 109 that suggest that we definitely need a longer title for ideas', 30, 12, NULL),
(146, TIMESTAMP '2018-08-19 20:42:07.987', TIMESTAMP '2018-08-20 20:42:07.987', 'ukWiDsyh Lorem ipsum dolor sit amet, consectetur adipiscing elit, sed do eiusmod tempor incididunt ut labore et dolore magna', NULL, 0, 'Idea 110 that suggest that we definitely need a longer title for ideas', 21, 16, NULL),
(147, TIMESTAMP '2018-11-29 20:42:07.997', TIMESTAMP '2018-11-30 20:42:07.997', 'WCv1rFCO Lorem ipsum dolor sit amet, consectetur adipiscing elit, sed do eiusmod tempor incididunt ut labore et dolore magna aliqua. Ut enim ad minim veniam, quis nostrud exercitation ullamco laboris nisi ut aliquip ex ea commodo consequat. Duis aute irure dolor in reprehenderit in voluptate velit ess', TIMESTAMP '2018-12-08 20:42:07.996', 1, 'Proposal 0 that reached its quorum', 27, 6, NULL);
INSERT INTO PUBLIC.LAWS(ID, CREATED_AT, UPDATED_AT, DESCRIPTION, REACHED_QUORUM_AT, STATUS, TITLE, AREA_ID, CREATED_BY_ID, POLL_ID) VALUES
(148, TIMESTAMP '2018-12-04 20:42:08.017', TIMESTAMP '2018-12-05 20:42:08.017', 'ah2rWIHb Lorem ipsum dolor sit amet, consectetur adipiscing elit, sed do eiusmod tempor incididunt ut labore et dolore magna ali', TIMESTAMP '2018-12-08 20:42:08.016', 1, 'Proposal 1 that reached its quorum', 27, 11, NULL),
(149, TIMESTAMP '2018-12-06 20:42:08.024', TIMESTAMP '2018-12-07 20:42:08.025', 'LEgOuhww Lorem ipsum dolor sit amet, consectetur adipiscing elit, sed do eiusmod tempor incididunt ut labore et dolore magna aliqua. Ut enim ad minim veniam, quis nostrud exercitation ullamco laboris nisi ut ', TIMESTAMP '2018-12-08 20:42:08.023', 1, 'Proposal 2 that reached its quorum', 28, 18, NULL),
(150, TIMESTAMP '2018-12-04 20:42:08.034', TIMESTAMP '2018-12-05 20:42:08.034', 'OqTV184i Lorem ipsum dolor sit amet, consectetur adipiscing elit, sed do eiusmod tempor incididunt ut labore et dolore magna aliqua. Ut enim ad minim veniam, quis nostrud exercitation ullamco laboris nisi ut aliquip ex ea commodo consequat. Duis aute irure dolor in reprehenderit in voluptate velit esse cillum dolo', TIMESTAMP '2018-12-08 20:42:08.033', 1, 'Proposal 3 that reached its quorum', 30, 15, NULL),
(151, TIMESTAMP '2018-12-01 20:42:08.043', TIMESTAMP '2018-12-02 20:42:08.043', '9ISebqkZ Lorem ipsum dolor sit amet, consectetur adipiscing elit, sed d', TIMESTAMP '2018-12-08 20:42:08.04', 1, 'Proposal 4 that reached its quorum', 29, 15, NULL),
(152, TIMESTAMP '2018-12-04 20:42:08.081', TIMESTAMP '2018-12-05 20:42:08.081', '8sMjigL8 Lorem ipsum dolor sit amet, consectetur adipiscing elit, sed do eiusmod tempor incididunt ut labore et dolore magna aliqua. Ut enim ad minim veniam, quis nostrud exercitation ullamco laboris nisi ut aliquip ex ea commodo consequat. Duis aute irure dolor in reprehenderit in voluptate velit esse cillum do', TIMESTAMP '2018-12-08 20:42:08.05', 1, 'Proposal 5 that reached its quorum', 24, 1, NULL),
(153, TIMESTAMP '2018-11-29 20:42:08.089', TIMESTAMP '2018-11-30 20:42:08.089', '9iTSzIRh Lorem ipsum dolor sit amet, consectetur adipiscing elit, sed do eiusmod tempor incididunt ut labore et dolore magna aliqua. Ut enim ad minim veniam, quis nostrud exercitation ullamco laboris nisi ut aliquip ex ea commodo consequat. Duis aute irure dolor in reprehenderit in voluptate velit esse cillum dolore eu fugiat nulla par', TIMESTAMP '2018-12-08 20:42:08.088', 1, 'Proposal 6 that reached its quorum', 24, 7, NULL),
(154, TIMESTAMP '2018-12-05 20:42:08.096', TIMESTAMP '2018-12-06 20:42:08.096', 'unIF3AYl Lorem ipsum dolor sit amet, consectetur adipiscing elit, sed do eiusmod tempor incididunt ut labore et dolore magna aliqua. Ut enim ad minim veniam, quis nostrud exercitation ullamco laboris nisi ut aliquip ex ea commodo consequat. Duis aute irure dolor in reprehenderit in voluptate velit esse cil', TIMESTAMP '2018-12-08 20:42:08.095', 1, 'Proposal 7 that reached its quorum', 26, 6, NULL),
(155, TIMESTAMP '2018-12-06 20:42:08.104', TIMESTAMP '2018-12-07 20:42:08.104', '3bGT9QRa Lorem ipsum dolor sit amet, consectetur adipiscing elit, sed do eiusmod tempor incididunt ut labore et dolore magna aliqua. Ut enim ad minim veniam, quis nostrud exercitation ullamco laboris nisi ut al', TIMESTAMP '2018-12-08 20:42:08.102', 1, 'Proposal 8 that reached its quorum', 24, 1, NULL),
(156, TIMESTAMP '2018-11-30 20:42:08.111', TIMESTAMP '2018-12-01 20:42:08.111', 'EGSpt3iw Lorem ipsum dolor sit amet, consectetur adipiscing elit, sed do eiusmod tempor in', TIMESTAMP '2018-12-08 20:42:08.11', 1, 'Proposal 9 that reached its quorum', 24, 17, NULL),
(157, TIMESTAMP '2018-12-07 20:42:08.119', TIMESTAMP '2018-12-08 20:42:08.119', 'oarzkwLZ Lorem ipsum dolor sit amet, consectetur adipiscing elit, sed do eiusmod tempor incididunt ut labore et dolore magna aliqua. Ut enim ad minim veniam, quis nostrud exercitation ullamco laboris nisi ut aliquip ex ea commodo consequat. Duis aute irure dolor in reprehenderit in voluptate velit esse cillum dolore eu fugiat nulla pariatur. Excepteur sint occ', TIMESTAMP '2018-12-08 20:42:08.118', 1, 'Proposal 10 that reached its quorum', 23, 6, NULL);  
INSERT INTO PUBLIC.LAWS(ID, CREATED_AT, UPDATED_AT, DESCRIPTION, REACHED_QUORUM_AT, STATUS, TITLE, AREA_ID, CREATED_BY_ID, POLL_ID) VALUES
(158, TIMESTAMP '2018-12-07 20:42:08.125', TIMESTAMP '2018-12-08 20:42:08.125', 'CaXVZoJn Lorem ipsum dolor sit amet, consectetur adipiscing elit, sed do eiusmod tempor incididunt ut labore et dolore magna aliqua. Ut enim ad minim veniam, quis nostrud exercitation ullamco laboris nisi ut aliquip ex ea commodo consequat. Duis aute irure dolor in reprehenderit in voluptate velit esse cillum dolore eu fugiat nulla pariatur. Excepteur sint occaecat cupidatat non proident, sunt ', TIMESTAMP '2018-12-08 20:42:08.124', 1, 'Proposal 11 that reached its quorum', 27, 10, NULL),
(159, TIMESTAMP '2018-12-05 20:42:08.131', TIMESTAMP '2018-12-06 20:42:08.131', 'k4LDjrZq Lorem ipsum dolor sit amet, consectetur adipiscing elit, sed do eiusmod tempor incididunt ut labore et dolore magna aliqua.', TIMESTAMP '2018-12-08 20:42:08.13', 1, 'Proposal 12 that reached its quorum', 27, 18, NULL),
(160, TIMESTAMP '2018-12-05 20:42:08.14', TIMESTAMP '2018-12-06 20:42:08.14', '8YRm1PPk Lorem ipsum dolor sit amet, consectetur adipiscing elit, sed do eiusmod tempor incididunt ut labore et dolore magna aliqua. Ut enim ad minim veniam, quis nostrud exercitation ullamco l', TIMESTAMP '2018-12-08 20:42:08.139', 1, 'Proposal 13 that reached its quorum', 26, 5, NULL),
(161, TIMESTAMP '2018-12-01 20:42:08.152', TIMESTAMP '2018-12-02 20:42:08.152', '9BYJIHQQ Lorem ipsum dolor sit amet, consectetur adipiscing elit, sed do eiusmod tempor incididunt ut labore et dolore magna aliqua. Ut enim ad minim veniam, quis nostrud exercitation ullamco laboris nisi ut aliquip ex ea commodo consequat. Duis aute irure d', TIMESTAMP '2018-12-08 20:42:08.151', 1, 'Proposal 14 that reached its quorum', 26, 17, NULL),
(162, TIMESTAMP '2018-12-04 20:42:08.159', TIMESTAMP '2018-12-05 20:42:08.159', '8v8u1tlC Lorem ipsum dolor sit amet, consectetur adipiscing elit, sed do eiusmod tempor incididunt ut labore et dolore magna aliqua. Ut enim ad minim veniam, quis nostrud exercitation ullamco laboris nisi ut aliquip ex ea commodo consequat. Duis aute irure dolor in reprehenderit in voluptate velit esse cillum dolore eu fugiat nulla pariatur. Excepteur sint occaecat cupidatat non proident, ', TIMESTAMP '2018-12-08 20:42:08.158', 1, 'Proposal 15 that reached its quorum', 30, 5, NULL),
(163, TIMESTAMP '2018-12-05 20:42:08.166', TIMESTAMP '2018-12-06 20:42:08.166', '0kWIll7A Lorem ipsum dolor sit amet, consectetur adipiscing elit, sed do eiusmod tempor incididunt ut labore et dolore magna aliqua. Ut enim ad minim veniam, quis nostrud exercitation ullamco laboris nisi ut aliquip ex ea commodo consequat. Duis aute irure dolor in reprehenderit in voluptate velit esse cillum dolore eu fugiat nulla pariatur. Excepteur sint occaecat cupidatat non proide', TIMESTAMP '2018-12-08 20:42:08.165', 1, 'Proposal 16 that reached its quorum', 30, 4, NULL),
(164, TIMESTAMP '2018-12-04 20:42:08.172', TIMESTAMP '2018-12-05 20:42:08.172', 'ddrO5NyD Lorem ipsum dolor sit amet, consectetur adipiscing elit, sed do eiusmod tempor incididunt ut labore et dolore magna aliqua. Ut enim ad minim veniam, quis nostrud exercitation ullamco laboris nisi ut aliquip ex ea commodo consequat. Duis aute irure dolor in rep', TIMESTAMP '2018-12-08 20:42:08.171', 1, 'Proposal 17 that reached its quorum', 25, 19, NULL),
(165, TIMESTAMP '2018-12-01 20:42:08.178', TIMESTAMP '2018-12-02 20:42:08.178', 'MGYZjKd8 Lorem ipsum dolor sit amet, consectetur adipiscing elit, sed do eiusmod tempor incididunt ut labore et dolore magna aliqua. Ut enim ad minim veniam, quis nostrud exercitation ullamco laboris nisi ut aliquip ex ea commodo consequat. Duis aute irure dolor in reprehenderit in voluptate velit esse cillum dolore eu fugiat nulla pariatur. Excepteur sint occaecat cupidatat non pr', TIMESTAMP '2018-12-08 20:42:08.177', 1, 'Proposal 18 that reached its quorum', 28, 12, NULL),
(166, TIMESTAMP '2018-11-29 20:42:08.186', TIMESTAMP '2018-11-30 20:42:08.186', 'TW6tGO17 Lorem ipsum dolor sit amet, consectetur adipiscing elit, sed do eiusmod tempor incididunt u', TIMESTAMP '2018-12-08 20:42:08.183', 1, 'Proposal 19 that reached its quorum', 27, 7, NULL);               
INSERT INTO PUBLIC.LAWS(ID, CREATED_AT, UPDATED_AT, DESCRIPTION, REACHED_QUORUM_AT, STATUS, TITLE, AREA_ID, CREATED_BY_ID, POLL_ID) VALUES
(167, TIMESTAMP '2018-12-08 20:42:08.193', TIMESTAMP '2018-12-08 20:42:08.193', 'AHtNDPRy Lorem ipsum dolor sit amet, consectetur adipiscing elit, sed do eiusmod tempor incididunt ut labore et dolore magna aliqua. Ut enim ad minim veniam, quis nostrud exercitation ullamco laboris nisi ut aliquip ', TIMESTAMP '2018-12-08 20:42:08.192', 1, 'Proposal 20 that reached its quorum', 28, 12, NULL),
(168, TIMESTAMP '2018-11-30 20:42:08.199', TIMESTAMP '2018-12-01 20:42:08.2', 'ECtN8jDN Lorem ipsum dolor s', TIMESTAMP '2018-12-08 20:42:08.199', 1, 'Proposal 21 that reached its quorum', 25, 11, NULL),
(169, TIMESTAMP '2018-12-04 20:42:08.208', TIMESTAMP '2018-12-05 20:42:08.208', 'V0oeZx6U Lorem ipsum dolor sit amet, consectetur adipiscing elit, sed do eiusmod tempor i', TIMESTAMP '2018-12-08 20:42:08.205', 1, 'Proposal 22 that reached its quorum', 28, 12, NULL),
(170, TIMESTAMP '2018-12-04 20:42:08.217', TIMESTAMP '2018-12-05 20:42:08.217', '2xZ5K5EY Lorem ipsum dolor sit amet, consectetur adipiscing elit, sed do eiusmod tempor incididunt ut labore et dolore magna aliqua. Ut enim ad minim veniam, quis nostrud exe', TIMESTAMP '2018-12-08 20:42:08.216', 1, 'Proposal 23 that reached its quorum', 24, 3, NULL),
(171, TIMESTAMP '2018-11-30 20:42:08.223', TIMESTAMP '2018-12-01 20:42:08.223', 'f1RjuJs5 Lorem ipsum dolor sit amet, consectetur adipiscing elit, sed do eiusmod tempor incididunt ut labore et dolore magna aliqua. Ut enim ad minim veniam, quis nostrud exercitation ullamco laboris nisi ut aliquip ex ea commodo consequat. Duis au', TIMESTAMP '2018-12-08 20:42:08.222', 1, 'Proposal 24 that reached its quorum', 26, 17, NULL),
(172, TIMESTAMP '2018-12-04 20:42:08.237', TIMESTAMP '2018-12-05 20:42:08.237', '47HpFS6H Lor', TIMESTAMP '2018-12-08 20:42:08.236', 1, 'Proposal 25 that reached its quorum', 21, 10, NULL),
(173, TIMESTAMP '2018-11-30 20:42:08.245', TIMESTAMP '2018-12-01 20:42:08.245', 'qp756OXZ Lorem ipsum dolor sit amet, consectetur adipiscing elit, sed do eiusmod tempor incididunt ut labore et dolore magna aliqua. Ut enim ad minim veniam, quis nostrud exercitation ullamco laboris nisi ut aliquip ex ea commodo consequat. Duis aute irure dolor in reprehende', TIMESTAMP '2018-12-08 20:42:08.244', 1, 'Proposal 26 that reached its quorum', 30, 9, NULL),
(174, TIMESTAMP '2018-12-06 20:42:08.252', TIMESTAMP '2018-12-07 20:42:08.252', 'wHrg1aQC Lorem ipsum dolor sit amet, consectetur adipiscing elit, sed do eiusmod tempor incididunt ut labore et dolore magna aliqua. ', TIMESTAMP '2018-12-08 20:42:08.251', 1, 'Proposal 27 that reached its quorum', 26, 3, NULL),
(175, TIMESTAMP '2018-11-30 20:42:08.259', TIMESTAMP '2018-12-01 20:42:08.259', 'uolvlLjM Lorem ipsum dolor sit amet, consectetur adipiscing elit, sed do eiusmod tempor incididunt ut lab', TIMESTAMP '2018-12-08 20:42:08.258', 1, 'Proposal 28 that reached its quorum', 29, 2, NULL),
(176, TIMESTAMP '2018-12-03 20:42:08.266', TIMESTAMP '2018-12-04 20:42:08.266', 'iDYfjkUY Lorem ipsum dolor sit amet, consectetur adipiscing e', TIMESTAMP '2018-12-08 20:42:08.265', 1, 'Proposal 29 that reached its quorum', 27, 11, NULL),
(177, TIMESTAMP '2018-12-07 20:42:08.273', TIMESTAMP '2018-12-08 20:42:08.273', 'VurYJNGi Lorem ipsum dolor sit amet, consectetur adipiscing elit, sed do eiusmod tempor incididunt ut labore et dolore magna aliqua. Ut enim ad minim veniam, quis nostrud exercitation ullamco laboris nisi ut aliquip ex ea commodo consequat. Duis aute irure dolor in reprehenderit in voluptate velit esse cillum dolore eu fugiat nulla pariatur. Excepteur sint oc', TIMESTAMP '2018-12-08 20:42:08.272', 1, 'Proposal 30 that reached its quorum', 27, 1, NULL),
(178, TIMESTAMP '2018-12-04 20:42:08.28', TIMESTAMP '2018-12-05 20:42:08.28', '7BlIL913 Lorem ipsum dolor sit amet, consectetur adipiscing elit, sed do eiusmod tempor incididunt ut labore et dolore magna aliqua. Ut enim ad minim veniam, quis nostrud exercitation ullamco laboris nisi ut aliquip ex ea commodo consequat. Duis aute irure dolor in reprehenderit in voluptate velit esse cillum dolore eu fugiat', TIMESTAMP '2018-12-08 20:42:08.279', 1, 'Proposal 31 that reached its quorum', 26, 6, NULL);            
INSERT INTO PUBLIC.LAWS(ID, CREATED_AT, UPDATED_AT, DESCRIPTION, REACHED_QUORUM_AT, STATUS, TITLE, AREA_ID, CREATED_BY_ID, POLL_ID) VALUES
(179, TIMESTAMP '2018-12-05 20:42:08.288', TIMESTAMP '2018-12-06 20:42:08.288', 'N3TAsmkW Lorem ipsum dolor sit ame', TIMESTAMP '2018-12-08 20:42:08.287', 1, 'Proposal 32 that reached its quorum', 21, 17, NULL),
(180, TIMESTAMP '2018-11-30 20:42:08.295', TIMESTAMP '2018-12-01 20:42:08.295', 'fSdYBg1p Lorem ipsum dolor sit amet, consectetur adipiscing elit, sed do eiusmod tempor incididunt ut labore et dolore magna aliqua. Ut enim ad minim veniam, quis nostrud exercitation ullamco laboris nisi ut aliquip ex ea commodo consequ', TIMESTAMP '2018-12-08 20:42:08.294', 1, 'Proposal 33 that reached its quorum', 25, 8, NULL),
(181, TIMESTAMP '2018-12-03 20:42:08.309', TIMESTAMP '2018-12-04 20:42:08.309', 'U65bpYv8 Lorem ipsum dolor sit amet, consectetur adipiscing elit, sed do eiusmod tempor incididunt ut labore et dolore magna aliqua. Ut enim ad minim veniam, quis nostrud exercitation ullamco laboris nisi ut aliquip ex ea commodo consequat. Duis aute irure dolor in reprehenderit in voluptate velit esse cillum dolore eu fugiat nulla pariatur. Excepteur sint occaecat cupidatat no', TIMESTAMP '2018-12-08 20:42:08.308', 1, 'Proposal 34 that reached its quorum', 21, 16, NULL),
(182, TIMESTAMP '2018-12-05 20:42:08.321', TIMESTAMP '2018-12-06 20:42:08.321', 'H2lsvP8i Lorem ipsum dolor sit amet, consectetur adipiscing elit, sed do eiusmod tempor incididunt ut labore et dolore magna aliqua. Ut enim ad minim veniam, quis nostrud exercitation ullamco laboris nisi ut aliquip ex ea commodo consequat. Duis aute irure do', TIMESTAMP '2018-12-08 20:42:08.318', 1, 'Proposal 35 that reached its quorum', 21, 19, NULL),
(183, TIMESTAMP '2018-12-02 20:42:08.328', TIMESTAMP '2018-12-03 20:42:08.328', 'qqcOgJzP Lorem ipsum dolor sit amet, consectetur adipiscing elit, sed do eiusmod tempor incididunt ut labore et dolore magna aliqua. Ut enim ad minim veniam, quis nostrud exercitation ullamco laboris nisi ut aliquip ex ea commodo consequat. Duis aute irure dolor in reprehenderit in', TIMESTAMP '2018-12-08 20:42:08.327', 1, 'Proposal 36 that reached its quorum', 22, 5, NULL),
(184, TIMESTAMP '2018-12-06 20:42:08.336', TIMESTAMP '2018-12-07 20:42:08.336', 'mK1VjXcO Lorem ipsum dolor sit amet, consectetur adipiscing elit, sed do eiusmod tempor incididunt ut labore et dolore magna aliqua. Ut enim ad minim veniam, quis nostrud exercitation ullamco laboris nisi ut aliquip ex ea commodo consequat. Duis aute irure dolor in reprehenderit in voluptate velit esse cillum dolore eu fugiat n', TIMESTAMP '2018-12-08 20:42:08.335', 1, 'Proposal 37 that reached its quorum', 30, 9, NULL),
(185, TIMESTAMP '2018-12-03 20:42:08.35', TIMESTAMP '2018-12-04 20:42:08.35', 'CCJhyKhD Lorem ipsum dolor sit amet, consectetur adipiscing elit, sed do eiusmod tempor incididunt ut labore et dolore magna aliqua. Ut enim ad minim ', TIMESTAMP '2018-12-08 20:42:08.349', 1, 'Proposal 38 that reached its quorum', 26, 3, NULL),
(186, TIMESTAMP '2018-12-06 20:42:08.391', TIMESTAMP '2018-12-07 20:42:08.391', 'lNvNnJmf Lorem ipsum dolor sit amet, consectetur adipiscing elit, sed do', TIMESTAMP '2018-12-08 20:42:08.389', 1, 'Proposal 39 that reached its quorum', 26, 18, NULL),
(187, TIMESTAMP '2018-12-03 20:42:08.404', TIMESTAMP '2018-12-04 20:42:08.404', 'sjHe4Sib Lorem ipsum dolor sit amet, consectetur adipiscing elit, sed do eiusmod tempor incididunt ut labore et dolore magna aliqua. Ut enim ad minim veniam, quis nostrud exercitation ullamco laboris nisi ut aliquip ex ea commodo consequat. Duis aute irure dolor in reprehenderit in voluptate v', TIMESTAMP '2018-12-08 20:42:08.403', 1, 'Proposal 40 that reached its quorum', 26, 7, NULL),
(188, TIMESTAMP '2018-12-01 20:42:08.41', TIMESTAMP '2018-12-02 20:42:08.41', 'j33QQ2Rj Lorem ipsum dolor sit amet, consectetur adipiscing elit, sed do eiusmod tempor incididunt ut labore et dolore magna aliqua. Ut enim ad minim veniam, quis nostrud exercitation ullamco laboris nisi ut aliquip ex ea commodo consequat. Duis aute irure dolor in reprehenderit in voluptate velit esse c', TIMESTAMP '2018-12-08 20:42:08.409', 1, 'Proposal 41 that reached its quorum', 25, 16, NULL);         
INSERT INTO PUBLIC.LAWS(ID, CREATED_AT, UPDATED_AT, DESCRIPTION, REACHED_QUORUM_AT, STATUS, TITLE, AREA_ID, CREATED_BY_ID, POLL_ID) VALUES
(189, TIMESTAMP '2018-12-03 20:42:08.442', TIMESTAMP '2018-12-04 20:42:08.442', 'ohSdDp6P Lorem ipsum dolor sit amet, consectetur adipiscing elit, sed do eiusmod tempor incididunt ut labore et dolore magna aliqua. Ut enim ad minim veniam, quis nostrud exercitation ullamco laboris nisi ut aliquip ex ea commodo consequat. Duis aute irure dolor in reprehenderit in voluptate velit esse cillum dolore eu fugiat nulla pariatur. Excepteur sint occa', TIMESTAMP '2018-12-08 20:42:08.441', 1, 'Proposal 42 that reached its quorum', 22, 2, NULL),
(190, TIMESTAMP '2018-12-03 20:42:08.457', TIMESTAMP '2018-12-04 20:42:08.457', 'BBQucuU6 Lorem ipsum dolor sit amet, consectetur adipiscing elit, sed do eiusmod tempor incididunt ut labore et dolore magna aliqua', TIMESTAMP '2018-12-08 20:42:08.456', 1, 'Proposal 43 that reached its quorum', 30, 3, NULL),
(191, TIMESTAMP '2018-12-05 20:42:08.466', TIMESTAMP '2018-12-06 20:42:08.466', 'uTsTAs8k Lorem ipsum dolor sit amet, consectetur adipiscing elit, sed do eiusmod tempor incididunt ut labore et dolore magna aliqua. Ut enim ad minim veniam, quis nostrud exercitation ullamco laboris nisi ut aliquip ex ea commodo consequat. Duis aute irure dolor in reprehenderit in voluptate velit esse cillum dolore eu fugiat nulla pariatur. Excepteur sint occaecat cupidatat non proident, sunt in', TIMESTAMP '2018-12-08 20:42:08.464', 1, 'Proposal 44 that reached its quorum', 26, 8, NULL),
(192, TIMESTAMP '2018-11-29 20:42:08.482', TIMESTAMP '2018-11-30 20:42:08.482', 'mlz3UyTI Lorem ipsum dolor sit amet, consectetur adipiscing elit, sed do eiusmod tempor incididunt ut labore et dolore magna aliqua. Ut enim ad minim veniam, quis nostrud exercitation ullamco laboris nisi ut aliquip ex ea commodo consequat. Duis aute irure dolor in reprehenderit in voluptate velit esse cillum dolore eu fugiat nulla pariatur. Excepteur si', TIMESTAMP '2018-12-08 20:42:08.472', 1, 'Proposal 45 that reached its quorum', 22, 17, NULL),
(193, TIMESTAMP '2018-12-06 20:42:08.549', TIMESTAMP '2018-12-07 20:42:08.549', 'Cr3CVdWv Lorem ipsum dolor sit amet, consectetur adipiscing elit, sed do eiusmod tempor incididunt ut labore et dolore magna aliqua. Ut enim ad minim veniam, quis nostrud exercitation ullamco laboris nisi ut aliquip ex ea commodo consequat. Duis aute irure dolor in reprehende', TIMESTAMP '2018-12-08 20:42:08.547', 1, 'Proposal 46 that reached its quorum', 30, 6, NULL),
(194, TIMESTAMP '2018-12-02 20:42:08.593', TIMESTAMP '2018-12-03 20:42:08.593', 'kyT877me Lorem ipsum dolor sit amet, consectetur adipiscing elit, sed do eiusmod tempor incididunt ut labore et dolore magna aliqua. Ut enim ad minim veniam, quis nostrud exercitation ullamco laboris nisi ut aliquip ex ea commodo consequat. Dui', TIMESTAMP '2018-12-08 20:42:08.592', 1, 'Proposal 47 that reached its quorum', 29, 19, NULL),
(195, TIMESTAMP '2018-12-03 20:42:08.599', TIMESTAMP '2018-12-04 20:42:08.599', 'IEFHbtjX Lorem ipsum dolor sit amet, consectetur adipiscing elit, sed do eiusmod tempor incididunt ut labore et dolore magna aliqua. Ut enim ad minim veniam, quis nostrud exercitation ullamco laboris nisi ut aliquip ex ea commodo consequat. Duis aute irure dolor in reprehenderit in voluptate velit esse cillum dolore eu fugiat nulla pariatur. E', TIMESTAMP '2018-12-08 20:42:08.598', 1, 'Proposal 48 that reached its quorum', 24, 16, NULL),
(196, TIMESTAMP '2018-12-06 20:42:08.613', TIMESTAMP '2018-12-07 20:42:08.614', 'xgFuq0Ax Lorem ipsum dolor sit amet, consectetur adipiscing elit, sed do eiusmod tempor incididunt ut labore et dolore magna aliqua. Ut enim ad minim veniam, quis nostrud exercitation ullamco laboris nisi ut aliquip ex ea commodo consequat. Duis aute irure dolor in reprehenderit in voluptate velit esse cillum dolore eu fugiat nulla p', TIMESTAMP '2018-12-08 20:42:08.612', 1, 'Proposal 49 that reached its quorum', 22, 4, NULL),
(197, TIMESTAMP '2018-12-05 20:42:08.62', TIMESTAMP '2018-12-06 20:42:08.62', 'Lorem ipsum dolor sit amet, consectetur adipiscing elit, sed do eiusmod tempor incididunt ut labore et dolore magna aliqua. Ut enim ad minim veni', TIMESTAMP '2018-12-08 20:42:08.619', 1, 'Proposal 0 for user testuser1@liquido.de', 28, 1, NULL);          
INSERT INTO PUBLIC.LAWS(ID, CREATED_AT, UPDATED_AT, DESCRIPTION, REACHED_QUORUM_AT, STATUS, TITLE, AREA_ID, CREATED_BY_ID, POLL_ID) VALUES
(198, TIMESTAMP '2018-12-06 20:42:08.626', TIMESTAMP '2018-12-07 20:42:08.626', 'Lorem ipsum dolor sit amet, consectetur adipiscing elit, sed do eiusmod tempor incididunt ut labore et dolore magna aliqua. Ut enim ad minim veniam, quis nostrud exercitation ullamco laboris nisi ut aliquip ex ea commodo consequat. Duis aut', TIMESTAMP '2018-12-08 20:42:08.625', 1, 'Proposal 1 for user testuser1@liquido.de', 25, 1, NULL),
(199, TIMESTAMP '2018-11-29 20:42:08.632', TIMESTAMP '2018-11-30 20:42:08.632', 'Lorem ipsum dolor sit amet, consectetur adipiscing elit, sed do eiusmod tempor incididunt ut labore et dolore magna aliqua. Ut enim ad minim veniam, quis nostrud exercitation ullamco laboris nisi ut aliquip ex ea commodo consequat. Duis aute irure dolor in reprehenderit in voluptate velit esse cillum dolore eu fugiat nulla', TIMESTAMP '2018-12-08 20:42:08.631', 1, 'Proposal 2 for user testuser1@liquido.de', 22, 1, NULL),
(200, TIMESTAMP '2018-12-07 20:42:08.639', TIMESTAMP '2018-12-08 20:42:08.639', 'Lorem ipsum dolor sit amet, consectetur adipiscing elit, sed do eiusmod tempor incididunt ut labore et dolore magna aliqua. Ut enim ad minim veniam, quis nostrud exercitation ullamco laboris nisi ut aliquip ex ea commodo consequat. Duis aute irure dolor in reprehenderit in voluptate velit esse cillum dolore eu fugiat nulla p', TIMESTAMP '2018-12-08 20:42:08.638', 1, 'Proposal 3 for user testuser1@liquido.de', 26, 1, NULL),
(201, TIMESTAMP '2018-12-07 20:42:08.645', TIMESTAMP '2018-12-08 20:42:08.646', 'Lorem ipsum dolor sit amet, consectetur adipiscing elit, sed do eiusmod tempor incididunt ut labore et dolore magna aliqua. Ut enim ad minim veniam, quis nostrud exercitation ullamco laboris nisi ut aliquip ex ea commodo consequat. Duis aute irure dolor in reprehenderit in voluptate velit esse cillum dolore eu ', TIMESTAMP '2018-12-08 20:42:08.644', 1, 'Proposal 4 for user testuser1@liquido.de', 26, 1, NULL),
(202, TIMESTAMP '2018-11-28 20:42:08.652', TIMESTAMP '2018-12-08 20:42:08.676', 'Lorem ipsum dolor sit amet, consectetur adipiscing elit, sed do eiusmod tempor incididunt ut labore ', TIMESTAMP '2018-12-08 20:42:08.651', 2, 'Initial Proposal in a poll that is in elaboration 1544298128646', 21, 13, 209),
(210, TIMESTAMP '2018-11-18 20:42:08.685', TIMESTAMP '2018-12-08 20:42:08.695', 'Lorem ipsum dolor sit amet, consectetur adipiscing elit, sed do eiusmod tempor incididunt ut labore et dolore magna aliqua. Ut enim ad mini', TIMESTAMP '2018-12-08 20:42:08.684', 2, 'Alternative Proposal1 in a poll that is in elaboration1544298128677', 21, 15, 209),
(217, TIMESTAMP '2018-11-18 20:42:08.701', TIMESTAMP '2018-12-08 20:42:08.709', 'Lorem ipsum dolor sit amet, consectetur adipiscing elit, sed do eiusmod tempor incididunt ut labore et dolore magna aliqua. Ut enim ad minim veniam, quis nostrud exercitation ullamco laboris nisi ut aliquip ex ea commodo consequat. Duis aute irure dolor in reprehenderit in voluptate velit esse cillum dolore eu fugiat nulla pariatu', TIMESTAMP '2018-12-08 20:42:08.7', 2, 'Alternative Proposal2 in a poll that is in elaboration1544298128695', 21, 7, 209),
(224, TIMESTAMP '2018-11-18 20:42:08.715', TIMESTAMP '2018-12-08 20:42:08.723', 'Lorem ipsum dolor sit amet, consectetur adipiscing elit, sed do eiusmod tempor incididunt ut labore et dolore magna aliqua. Ut enim ad minim veniam, quis nostrud exercitation ullamco laboris nisi ut aliquip ex ea commodo consequat. Duis aute irure dolor in reprehenderit in voluptate velit esse cillum dolore eu fugiat nulla pariatur. Excepteur sint', TIMESTAMP '2018-12-08 20:42:08.714', 2, 'Alternative Proposal3 in a poll that is in elaboration1544298128710', 21, 3, 209),
(231, TIMESTAMP '2018-11-18 20:42:08.729', TIMESTAMP '2018-12-08 20:42:08.738', 'Lorem ipsum dolor sit amet, consectetur adipiscing elit, sed do eiusmod tempor incididunt ut labore et dolore magna aliqua. Ut enim ad minim veniam, quis nostrud exercitation ullamco laboris nisi ut aliq', TIMESTAMP '2018-12-08 20:42:08.728', 2, 'Alternative Proposal4 in a poll that is in elaboration1544298128723', 21, 5, 209);  
INSERT INTO PUBLIC.LAWS(ID, CREATED_AT, UPDATED_AT, DESCRIPTION, REACHED_QUORUM_AT, STATUS, TITLE, AREA_ID, CREATED_BY_ID, POLL_ID) VALUES
(238, TIMESTAMP '2018-11-28 20:42:08.745', TIMESTAMP '2018-12-08 20:42:08.88', 'Lorem ipsum dolor sit amet, consectetur adipiscing elit, sed do eiusmod tempor incididunt ut labore et dolore magna aliqua. Ut enim ad minim veniam, quis nostrud exercitation ullamco laboris nisi ut aliquip ex ea commodo consequat. Duis aute irure dolor in reprehenderit in voluptate velit esse cillum dolore e', TIMESTAMP '2018-12-08 20:42:08.744', 3, 'Proposal 5 in voting phase 1544298128865', 21, 13, 245),
(246, TIMESTAMP '2018-11-18 20:42:08.762', TIMESTAMP '2018-12-08 20:42:08.881', 'Lorem ipsum dolor sit amet, consectetur adipiscing elit, sed do eiusmod tempor incididunt ut labore et dolore magna aliqua. Ut', TIMESTAMP '2018-12-08 20:42:08.761', 3, 'Proposal 4 in voting phase 1544298128865', 21, 15, 245),
(253, TIMESTAMP '2018-11-18 20:42:08.794', TIMESTAMP '2018-12-08 20:42:08.881', 'Lorem ipsum dolor sit amet, consectetur adipiscing elit, sed do eiusmod tempor incididunt ut labore et dolore magna aliqua. Ut enim ad minim veniam, quis nostrud exercitation ullamco laboris ni', TIMESTAMP '2018-12-08 20:42:08.793', 3, 'Proposal 3 in voting phase 1544298128865', 21, 7, 245),
(260, TIMESTAMP '2018-11-18 20:42:08.837', TIMESTAMP '2018-12-08 20:42:08.881', 'Lorem ipsum dolor sit amet, consectetur adipiscing elit, sed do eiusmod tempor incididunt ut labore et dolore magna aliqua. Ut enim ad minim veniam, quis nostrud exercitation ullamco laboris nisi ut aliquip ex ea commodo consequat. Duis aute irure dolor in reprehenderit in voluptate velit esse', TIMESTAMP '2018-12-08 20:42:08.836', 3, 'Proposal 2 in voting phase 1544298128865', 21, 3, 245),
(267, TIMESTAMP '2018-11-18 20:42:08.851', TIMESTAMP '2018-12-08 20:42:08.881', 'Lorem ipsum dolor sit amet, consectetur adipiscing elit, sed do eiusmod tempor incididunt ut labore et dolore magna aliqua. Ut enim ad minim veniam, quis nostrud exercitation ullamco laboris nisi ut aliquip ex ea commodo consequat. Duis aute irure dolor in reprehenderit in voluptate velit esse cillum dolore eu fugiat nulla pariatur. Excepteur sint occaecat cupidatat non proident, ', TIMESTAMP '2018-12-08 20:42:08.85', 3, 'Proposal 1 in voting phase 1544298128865', 21, 5, 245),
(289, TIMESTAMP '2018-11-28 20:42:13.573', TIMESTAMP '2018-12-08 20:42:17.31', 'Lorem ipsum dolor sit amet, consectetur adipiscing elit, sed do eiusmod tempor incididunt ut labore et dolor', TIMESTAMP '2018-12-08 20:42:13.572', 4, 'Proposal 5 in voting phase 1544298133632', 21, 13, 296),
(297, TIMESTAMP '2018-11-18 20:42:13.587', TIMESTAMP '2018-12-08 20:42:17.311', 'Lorem ipsum dolor sit amet, consectetur adipiscing elit, sed do eiusmod tempor incididunt ut labore et dolore magna aliqua. Ut enim ad minim veniam, quis nostrud exercitation ullamco laboris nisi ut aliquip ex ea commodo consequat. Duis aute irure dolor in reprehenderit in voluptate velit esse ci', TIMESTAMP '2018-12-08 20:42:13.586', 5, 'Proposal 4 in voting phase 1544298133632', 21, 15, 296),
(304, TIMESTAMP '2018-11-18 20:42:13.601', TIMESTAMP '2018-12-08 20:42:17.311', 'Lorem ipsum dolor sit amet, consectetur adipiscing elit, sed do eiusmod tempor incididunt ut labore et dol', TIMESTAMP '2018-12-08 20:42:13.6', 5, 'Proposal 3 in voting phase 1544298133632', 21, 7, 296),
(311, TIMESTAMP '2018-11-18 20:42:13.612', TIMESTAMP '2018-12-08 20:42:17.312', 'Lorem ipsum dolor sit amet, consectetur adipiscing elit, sed do eiusmod tempor incididunt ut labore et dolore magna aliqua. Ut enim ad', TIMESTAMP '2018-12-08 20:42:13.611', 5, 'Proposal 2 in voting phase 1544298133632', 21, 3, 296),
(318, TIMESTAMP '2018-11-18 20:42:13.624', TIMESTAMP '2018-12-08 20:42:17.312', 'Lorem ipsum dolor sit amet, consectetur adipiscing elit, sed do eiusmod tempor incididunt ut labore et dolore magna aliqua. Ut enim ad minim veniam, quis nostrud exercitation ullamco laboris', TIMESTAMP '2018-12-08 20:42:13.623', 5, 'Proposal 1 in voting phase 1544298133632', 21, 5, 296),
(340, TIMESTAMP '2018-11-18 20:42:17.323', TIMESTAMP '2018-12-08 20:42:17.323', 'Lorem ipsum dolor sit amet, consectetur adipiscing elit, sed do eiusmod tempor incididunt ut labore et dolore magna aliqua. Ut enim ad minim veniam, quis nostrud exercitation ullamco laboris nisi ut aliquip ex ea commodo consequat. Duis aute irure dolor in reprehenderit in voluptate velit esse cillum dolore eu fugiat nulla pariatur. Excepteur sint occaecat', TIMESTAMP '2018-11-14 20:42:17.321', 4, 'Law 0', 21, 1, NULL);  
INSERT INTO PUBLIC.LAWS(ID, CREATED_AT, UPDATED_AT, DESCRIPTION, REACHED_QUORUM_AT, STATUS, TITLE, AREA_ID, CREATED_BY_ID, POLL_ID) VALUES
(341, TIMESTAMP '2018-11-17 20:42:17.331', TIMESTAMP '2018-12-08 20:42:17.331', 'Lorem ipsum dolor sit amet, consectetur adipiscing elit, sed do eiusmod tempor incididunt ut labore et dolore magna aliqua. Ut enim ad minim veniam, quis nostrud exercitation ullamco laboris nisi ut aliquip ex ea commodo consequat. Duis aute irure dolor in reprehenderit in voluptate velit esse cillum dolore eu fugiat nulla pariatur. Excepteur sint occaecat cupidatat non proid', TIMESTAMP '2018-11-14 20:42:17.33', 4, 'Law 1', 21, 1, NULL);       
CREATE MEMORY TABLE PUBLIC.LAWS_COMMENTS(
    LAW_MODEL_ID BIGINT NOT NULL,
    COMMENTS_ID BIGINT NOT NULL
);             
ALTER TABLE PUBLIC.LAWS_COMMENTS ADD CONSTRAINT PUBLIC.CONSTRAINT_A0 PRIMARY KEY(LAW_MODEL_ID, COMMENTS_ID);  
-- 15 +/- SELECT COUNT(*) FROM PUBLIC.LAWS_COMMENTS;          
INSERT INTO PUBLIC.LAWS_COMMENTS(LAW_MODEL_ID, COMMENTS_ID) VALUES
(202, 203),
(210, 211),
(217, 218),
(224, 225),
(231, 232),
(238, 239),
(246, 247),
(253, 254),
(260, 261),
(267, 268),
(289, 290),
(297, 298),
(304, 305),
(311, 312),
(318, 319);         
CREATE MEMORY TABLE PUBLIC.LAWS_SUPPORTERS(
    LAW_MODEL_ID BIGINT NOT NULL,
    SUPPORTERS_ID BIGINT NOT NULL
);         
ALTER TABLE PUBLIC.LAWS_SUPPORTERS ADD CONSTRAINT PUBLIC.CONSTRAINT_C PRIMARY KEY(LAW_MODEL_ID, SUPPORTERS_ID);               
-- 1152 +/- SELECT COUNT(*) FROM PUBLIC.LAWS_SUPPORTERS;      
INSERT INTO PUBLIC.LAWS_SUPPORTERS(LAW_MODEL_ID, SUPPORTERS_ID) VALUES
(36, 20),
(36, 15),
(36, 17),
(36, 4),
(37, 4),
(38, 20),
(39, 14),
(39, 18),
(39, 3),
(39, 1),
(40, 3),
(40, 13),
(40, 20),
(40, 4),
(41, 8),
(42, 15),
(42, 11),
(42, 12),
(42, 10),
(42, 6),
(42, 17),
(42, 8),
(43, 5),
(45, 7),
(45, 3),
(45, 12),
(45, 1),
(45, 5),
(47, 1),
(47, 4),
(47, 14),
(47, 11),
(47, 15),
(47, 17),
(49, 16),
(49, 2),
(49, 5),
(50, 13),
(50, 20),
(50, 14),
(50, 12),
(50, 4),
(50, 6),
(50, 10),
(51, 20),
(51, 4),
(51, 11),
(51, 16),
(52, 5),
(52, 18),
(52, 16),
(52, 4),
(52, 2),
(52, 12),
(52, 15),
(53, 15),
(53, 10),
(53, 12),
(53, 5),
(53, 1),
(53, 3),
(53, 17),
(56, 3),
(57, 18),
(57, 3),
(58, 16),
(58, 7),
(58, 18),
(58, 13),
(58, 14),
(58, 11),
(60, 17),
(60, 9),
(60, 20),
(60, 2),
(60, 1),
(60, 4),
(60, 15),
(60, 19),
(61, 3),
(61, 13),
(61, 5),
(61, 17),
(61, 6),
(61, 16),
(61, 4),
(61, 15),
(62, 4),
(63, 19),
(63, 10),
(63, 17),
(63, 9),
(63, 7),
(63, 11),
(64, 3),
(64, 12),
(64, 20),
(64, 6),
(64, 13),
(64, 17),
(64, 7),
(64, 4),
(65, 18),
(65, 7),
(66, 13),
(66, 7),
(67, 6),
(67, 16),
(67, 12),
(67, 14),
(67, 17),
(67, 1),
(69, 12),
(70, 15),
(70, 19),
(70, 6),
(70, 16),
(70, 2),
(71, 12),
(71, 11),
(71, 3),
(71, 14),
(71, 20),
(72, 18),
(72, 13),
(73, 10),
(73, 17),
(73, 16),
(73, 19),
(74, 20),
(74, 10),
(74, 7),
(75, 13),
(76, 16),
(76, 9),
(76, 10),
(76, 15),
(77, 5),
(77, 7),
(77, 4),
(77, 6),
(77, 11),
(78, 15),
(78, 18),
(78, 5),
(78, 17),
(79, 20),
(80, 10),
(80, 13),
(80, 12),
(80, 1),
(81, 6),
(81, 20),
(81, 5),
(81, 18),
(82, 6),
(82, 4),
(82, 13),
(82, 15),
(82, 14),
(83, 12),
(83, 19),
(84, 12),
(84, 17),
(84, 4),
(84, 19),
(84, 8),
(84, 7),
(84, 18),
(85, 5),
(85, 16),
(85, 6),
(85, 8),
(86, 13),
(86, 11),
(86, 2),
(87, 6),
(87, 14),
(88, 14),
(89, 1),
(89, 19),
(90, 8),
(90, 3),
(90, 17),
(90, 11),
(90, 9),
(91, 2),
(91, 3),
(91, 9),
(92, 20),
(92, 8),
(92, 12),
(92, 18),
(94, 5),
(94, 20),
(94, 6),
(94, 19),
(95, 4),
(95, 1),
(95, 5),
(95, 3),
(95, 19),
(96, 5),
(96, 12),
(96, 6),
(96, 18),
(96, 1),
(97, 11),
(97, 17),
(98, 18),
(98, 12),
(98, 7),
(98, 15),
(98, 13),
(99, 12),
(99, 6),
(99, 5),
(100, 9),
(101, 17),
(101, 10),
(101, 5),
(101, 16),
(101, 7),
(101, 13),
(101, 4),
(102, 14),
(102, 1),
(103, 9),
(103, 6),
(103, 8),
(103, 16),
(103, 19),
(103, 15),
(103, 13),
(103, 4),
(104, 10),
(104, 18),
(104, 4),
(104, 2),
(104, 19),
(104, 9),
(105, 2),
(105, 11),
(106, 7),
(106, 6),
(106, 12),
(106, 11),
(106, 19),
(106, 13),
(106, 2),
(107, 2),
(107, 17),
(107, 14),
(107, 5),
(107, 11),
(108, 15),
(109, 7),
(109, 11),
(109, 9),
(109, 8),
(109, 6),
(109, 3),
(110, 5),
(110, 7),
(112, 19),
(112, 20),
(112, 5),
(112, 3),
(112, 13),
(113, 17),
(113, 14),
(113, 10),
(113, 19),
(113, 20),
(113, 7),
(113, 5),
(116, 8),
(116, 2),
(116, 16),
(117, 3),
(117, 4),
(117, 14),
(117, 17),
(118, 11),
(118, 8),
(118, 17),
(118, 19),
(118, 5),
(118, 9),
(119, 5),
(119, 13),
(119, 19),
(119, 2),
(119, 7),
(120, 4),
(120, 9),
(120, 15),
(120, 7),
(120, 5),
(120, 11),
(120, 1),
(121, 4),
(121, 11),
(121, 18),
(122, 17),
(122, 19),
(122, 10),
(122, 14),
(124, 16),
(124, 15),
(124, 3),
(124, 8),
(124, 9),
(124, 10),
(124, 20),
(124, 6),
(125, 13),
(125, 16),
(125, 14),
(125, 2),
(125, 10),
(126, 14),
(126, 1),
(126, 17),
(126, 15),
(127, 5),
(127, 8),
(127, 2),
(127, 19),
(128, 16),
(128, 18),
(128, 9),
(130, 11),
(130, 8),
(130, 18),
(130, 13),
(130, 2),
(130, 3),
(131, 10),
(131, 16),
(132, 17),
(132, 2),
(132, 13),
(132, 18),
(132, 7),
(132, 8),
(132, 10),
(134, 17),
(134, 20),
(134, 11),
(134, 9),
(134, 18),
(134, 3),
(134, 5),
(134, 16),
(135, 1),
(136, 13),
(136, 14),
(136, 20),
(136, 10),
(137, 17),
(137, 15),
(137, 2),
(137, 4),
(137, 10),
(137, 14),
(138, 11),
(138, 6),
(138, 14),
(138, 10),
(138, 2),
(138, 12),
(138, 7),
(138, 5),
(139, 17),
(139, 2),
(139, 15),
(139, 9),
(139, 16),
(139, 6),
(140, 12),
(140, 2),
(140, 1),
(140, 3),
(140, 11),
(140, 5),
(140, 15),
(140, 16),
(141, 13),
(141, 4),
(141, 11),
(141, 16),
(141, 8),
(141, 7),
(141, 9),
(141, 6),
(142, 17),
(142, 20),
(142, 3),
(142, 1),
(142, 6),
(143, 1),
(143, 7); 
INSERT INTO PUBLIC.LAWS_SUPPORTERS(LAW_MODEL_ID, SUPPORTERS_ID) VALUES
(143, 4),
(143, 3),
(143, 13),
(143, 14),
(143, 19),
(144, 7),
(144, 13),
(144, 12),
(145, 10),
(145, 13),
(145, 18),
(146, 2),
(146, 3),
(146, 1),
(146, 19),
(146, 7),
(147, 19),
(147, 18),
(147, 16),
(147, 17),
(147, 3),
(147, 20),
(147, 4),
(147, 8),
(147, 5),
(147, 1),
(148, 14),
(148, 18),
(148, 15),
(148, 17),
(148, 20),
(148, 12),
(148, 7),
(148, 3),
(148, 1),
(148, 5),
(149, 19),
(149, 1),
(149, 10),
(149, 8),
(149, 14),
(149, 20),
(149, 11),
(149, 7),
(149, 13),
(149, 15),
(150, 16),
(150, 19),
(150, 12),
(150, 9),
(150, 10),
(150, 13),
(150, 20),
(150, 18),
(150, 6),
(150, 3),
(151, 7),
(151, 2),
(151, 6),
(151, 12),
(151, 13),
(151, 16),
(151, 18),
(151, 20),
(151, 8),
(151, 9),
(152, 10),
(152, 5),
(152, 8),
(152, 19),
(152, 2),
(152, 18),
(152, 17),
(152, 7),
(152, 13),
(152, 4),
(153, 2),
(153, 14),
(153, 6),
(153, 15),
(153, 9),
(153, 5),
(153, 18),
(153, 4),
(153, 10),
(153, 12),
(154, 14),
(154, 1),
(154, 7),
(154, 11),
(154, 13),
(154, 2),
(154, 20),
(154, 19),
(154, 16),
(154, 18),
(155, 20),
(155, 3),
(155, 8),
(155, 11),
(155, 7),
(155, 9),
(155, 19),
(155, 15),
(155, 5),
(155, 10),
(156, 14),
(156, 20),
(156, 2),
(156, 9),
(156, 4),
(156, 1),
(156, 16),
(156, 5),
(156, 7),
(156, 13),
(157, 18),
(157, 2),
(157, 11),
(157, 1),
(157, 5),
(157, 3),
(157, 15),
(157, 20),
(157, 10),
(157, 19),
(158, 4),
(158, 8),
(158, 12),
(158, 20),
(158, 15),
(158, 19),
(158, 3),
(158, 9),
(158, 2),
(158, 6),
(159, 19),
(159, 7),
(159, 5),
(159, 12),
(159, 15),
(159, 9),
(159, 14),
(159, 6),
(159, 3),
(159, 1),
(160, 20),
(160, 18),
(160, 8),
(160, 12),
(160, 11),
(160, 13),
(160, 10),
(160, 9),
(160, 4),
(160, 3),
(161, 5),
(161, 2),
(161, 3),
(161, 13),
(161, 18),
(161, 20),
(161, 1),
(161, 10),
(161, 16),
(161, 9),
(162, 17),
(162, 12),
(162, 20),
(162, 6),
(162, 9),
(162, 7),
(162, 15),
(162, 10),
(162, 14),
(162, 19),
(163, 16),
(163, 15),
(163, 17),
(163, 1),
(163, 14),
(163, 20),
(163, 5),
(163, 3),
(163, 18),
(163, 19),
(164, 8),
(164, 9),
(164, 1),
(164, 3),
(164, 16),
(164, 7),
(164, 5),
(164, 15),
(164, 11),
(164, 10),
(165, 5),
(165, 8),
(165, 13),
(165, 1),
(165, 11),
(165, 9),
(165, 15),
(165, 18),
(165, 20),
(165, 7),
(166, 17),
(166, 20),
(166, 8),
(166, 9),
(166, 3),
(166, 13),
(166, 4),
(166, 16),
(166, 2),
(166, 6),
(167, 14),
(167, 4),
(167, 9),
(167, 10),
(167, 20),
(167, 17),
(167, 18),
(167, 13),
(167, 2),
(167, 19),
(168, 15),
(168, 14),
(168, 16),
(168, 19),
(168, 1),
(168, 7),
(168, 20),
(168, 2),
(168, 8),
(168, 9),
(169, 1),
(169, 6),
(169, 20),
(169, 19),
(169, 14),
(169, 18),
(169, 2),
(169, 16),
(169, 13),
(169, 15),
(170, 10),
(170, 17),
(170, 4),
(170, 15),
(170, 5),
(170, 14),
(170, 12),
(170, 20),
(170, 7),
(170, 13),
(171, 19),
(171, 14),
(171, 11),
(171, 10),
(171, 12),
(171, 16),
(171, 6),
(171, 5),
(171, 4),
(171, 20),
(172, 12),
(172, 14),
(172, 8),
(172, 2),
(172, 3),
(172, 20),
(172, 17),
(172, 19),
(172, 15),
(172, 11),
(173, 10),
(173, 11),
(173, 15),
(173, 12),
(173, 16),
(173, 20),
(173, 17),
(173, 6),
(173, 18),
(173, 3),
(174, 8),
(174, 11),
(174, 7),
(174, 4),
(174, 12),
(174, 14),
(174, 18),
(174, 1),
(174, 13),
(174, 6),
(175, 17),
(175, 8),
(175, 4),
(175, 14),
(175, 11),
(175, 1),
(175, 6),
(175, 19),
(175, 7),
(175, 10),
(176, 17),
(176, 8),
(176, 12),
(176, 2),
(176, 7),
(176, 14),
(176, 19),
(176, 9),
(176, 3),
(176, 5),
(177, 19),
(177, 5),
(177, 15),
(177, 12),
(177, 10),
(177, 6),
(177, 16),
(177, 20),
(177, 11),
(177, 2),
(178, 19),
(178, 16),
(178, 1),
(178, 15),
(178, 12),
(178, 8),
(178, 4),
(178, 7),
(178, 9),
(178, 18),
(179, 2),
(179, 14),
(179, 13),
(179, 18),
(179, 19),
(179, 12),
(179, 4),
(179, 11),
(179, 16),
(179, 7),
(180, 10),
(180, 14),
(180, 18),
(180, 4),
(180, 6),
(180, 3),
(180, 2),
(180, 7),
(180, 13),
(180, 16),
(181, 3),
(181, 20),
(181, 1),
(181, 14),
(181, 15),
(181, 4),
(181, 8),
(181, 18),
(181, 7),
(181, 5),
(182, 16),
(182, 5),
(182, 13),
(182, 2),
(182, 3),
(182, 14),
(182, 18),
(182, 9),
(182, 10),
(182, 6),
(183, 8),
(183, 15),
(183, 9),
(183, 4),
(183, 11),
(183, 7);        
INSERT INTO PUBLIC.LAWS_SUPPORTERS(LAW_MODEL_ID, SUPPORTERS_ID) VALUES
(183, 17),
(183, 18),
(183, 12),
(183, 3),
(184, 19),
(184, 18),
(184, 5),
(184, 13),
(184, 11),
(184, 1),
(184, 6),
(184, 8),
(184, 4),
(184, 3),
(185, 5),
(185, 7),
(185, 12),
(185, 11),
(185, 15),
(185, 16),
(185, 2),
(185, 20),
(185, 8),
(185, 4),
(186, 1),
(186, 8),
(186, 12),
(186, 11),
(186, 20),
(186, 3),
(186, 14),
(186, 4),
(186, 10),
(186, 7),
(187, 3),
(187, 10),
(187, 6),
(187, 20),
(187, 16),
(187, 9),
(187, 11),
(187, 18),
(187, 14),
(187, 4),
(188, 11),
(188, 18),
(188, 8),
(188, 20),
(188, 4),
(188, 2),
(188, 19),
(188, 10),
(188, 13),
(188, 7),
(189, 9),
(189, 20),
(189, 12),
(189, 17),
(189, 16),
(189, 4),
(189, 19),
(189, 7),
(189, 13),
(189, 14),
(190, 19),
(190, 15),
(190, 14),
(190, 18),
(190, 12),
(190, 13),
(190, 9),
(190, 1),
(190, 4),
(190, 20),
(191, 17),
(191, 9),
(191, 2),
(191, 12),
(191, 7),
(191, 14),
(191, 20),
(191, 6),
(191, 4),
(191, 15),
(192, 20),
(192, 4),
(192, 14),
(192, 5),
(192, 1),
(192, 8),
(192, 19),
(192, 6),
(192, 18),
(192, 11),
(193, 9),
(193, 10),
(193, 15),
(193, 11),
(193, 17),
(193, 16),
(193, 4),
(193, 18),
(193, 12),
(193, 13),
(194, 7),
(194, 8),
(194, 5),
(194, 12),
(194, 20),
(194, 14),
(194, 15),
(194, 18),
(194, 17),
(194, 4),
(195, 4),
(195, 2),
(195, 20),
(195, 3),
(195, 9),
(195, 17),
(195, 14),
(195, 15),
(195, 11),
(195, 19),
(196, 20),
(196, 13),
(196, 12),
(196, 16),
(196, 10),
(196, 6),
(196, 17),
(196, 3),
(196, 9),
(196, 8),
(197, 10),
(197, 13),
(197, 19),
(197, 11),
(197, 8),
(197, 4),
(197, 6),
(197, 9),
(197, 17),
(197, 12),
(198, 19),
(198, 16),
(198, 2),
(198, 18),
(198, 14),
(198, 15),
(198, 11),
(198, 12),
(198, 13),
(198, 3),
(199, 4),
(199, 6),
(199, 13),
(199, 11),
(199, 19),
(199, 14),
(199, 16),
(199, 12),
(199, 8),
(199, 7),
(200, 13),
(200, 15),
(200, 18),
(200, 10),
(200, 4),
(200, 5),
(200, 17),
(200, 11),
(200, 16),
(200, 6),
(201, 8),
(201, 5),
(201, 20),
(201, 10),
(201, 19),
(201, 9),
(201, 7),
(201, 11),
(201, 6),
(201, 2),
(202, 11),
(202, 20),
(202, 12),
(202, 8),
(202, 14),
(202, 1),
(202, 16),
(202, 3),
(202, 17),
(202, 19),
(210, 20),
(210, 1),
(210, 11),
(210, 10),
(210, 2),
(210, 14),
(210, 12),
(210, 8),
(210, 19),
(210, 16),
(217, 16),
(217, 15),
(217, 19),
(217, 4),
(217, 2),
(217, 5),
(217, 3),
(217, 17),
(217, 18),
(217, 8),
(224, 8),
(224, 20),
(224, 10),
(224, 9),
(224, 7),
(224, 11),
(224, 5),
(224, 15),
(224, 17),
(224, 6),
(231, 3),
(231, 14),
(231, 11),
(231, 8),
(231, 9),
(231, 1),
(231, 13),
(231, 7),
(231, 19),
(231, 18),
(238, 9),
(238, 7),
(238, 1),
(238, 17),
(238, 3),
(238, 10),
(238, 5),
(238, 4),
(238, 14),
(238, 19),
(246, 11),
(246, 7),
(246, 20),
(246, 8),
(246, 1),
(246, 13),
(246, 6),
(246, 9),
(246, 16),
(246, 3),
(253, 13),
(253, 15),
(253, 8),
(253, 6),
(253, 16),
(253, 17),
(253, 19),
(253, 9),
(253, 18),
(253, 3),
(260, 18),
(260, 7),
(260, 9),
(260, 16),
(260, 11),
(260, 2),
(260, 12),
(260, 20),
(260, 1),
(260, 5),
(267, 10),
(267, 12),
(267, 7),
(267, 4),
(267, 15),
(267, 20),
(267, 13),
(267, 8),
(267, 19),
(267, 3),
(289, 10),
(289, 1),
(289, 16),
(289, 8),
(289, 20),
(289, 12),
(289, 5),
(289, 11),
(289, 3),
(289, 4),
(297, 11),
(297, 12),
(297, 5),
(297, 3),
(297, 4),
(297, 6),
(297, 16),
(297, 18),
(297, 2),
(297, 14),
(304, 16),
(304, 3),
(304, 20),
(304, 13),
(304, 8),
(304, 17),
(304, 10),
(304, 18),
(304, 4),
(304, 12),
(311, 5),
(311, 6),
(311, 19),
(311, 15),
(311, 20),
(311, 17),
(311, 14),
(311, 8),
(311, 16),
(311, 2),
(318, 11),
(318, 14),
(318, 6),
(318, 2),
(318, 10),
(318, 7),
(318, 13),
(318, 8),
(318, 3),
(318, 17),
(340, 13),
(340, 19),
(340, 17),
(340, 12),
(340, 5),
(340, 10),
(340, 8),
(340, 7),
(340, 15),
(340, 6),
(340, 2),
(340, 16),
(340, 9),
(340, 20),
(340, 18),
(340, 11),
(340, 3),
(341, 10),
(341, 18),
(341, 5),
(341, 16),
(341, 13),
(341, 12),
(341, 7),
(341, 4),
(341, 9),
(341, 17),
(341, 6),
(341, 20),
(341, 3),
(341, 2),
(341, 14),
(341, 19);
CREATE MEMORY TABLE PUBLIC.ONE_TIME_TOKEN(
    ID BIGINT NOT NULL,
    CREATED_AT TIMESTAMP NOT NULL,
    UPDATED_AT TIMESTAMP NOT NULL,
    TOKEN VARCHAR(255) NOT NULL,
    TOKEN_TYPE INTEGER NOT NULL,
    VALID_UNTIL TIMESTAMP NOT NULL,
    USER_ID BIGINT NOT NULL
);         
ALTER TABLE PUBLIC.ONE_TIME_TOKEN ADD CONSTRAINT PUBLIC.CONSTRAINT_4 PRIMARY KEY(ID);         
-- 0 +/- SELECT COUNT(*) FROM PUBLIC.ONE_TIME_TOKEN;          
CREATE MEMORY TABLE PUBLIC.POLLS(
    ID BIGINT NOT NULL,
    CREATED_AT TIMESTAMP NOT NULL,
    UPDATED_AT TIMESTAMP NOT NULL,
    STATUS INTEGER,
    VOTING_END_AT TIMESTAMP,
    VOTING_START_AT TIMESTAMP,
    WINNER_ID BIGINT
);               
ALTER TABLE PUBLIC.POLLS ADD CONSTRAINT PUBLIC.CONSTRAINT_48 PRIMARY KEY(ID); 
-- 3 +/- SELECT COUNT(*) FROM PUBLIC.POLLS;   
INSERT INTO PUBLIC.POLLS(ID, CREATED_AT, UPDATED_AT, STATUS, VOTING_END_AT, VOTING_START_AT, WINNER_ID) VALUES
(209, TIMESTAMP '2018-12-01 20:42:08.738', TIMESTAMP '2018-12-01 20:42:08.739', 0, TIMESTAMP '2019-01-05 00:00:00', TIMESTAMP '2018-12-22 00:00:00', NULL),
(245, TIMESTAMP '2018-11-23 20:42:08.87', TIMESTAMP '2018-12-08 20:42:08.881', 1, TIMESTAMP '2018-12-21 00:00:00', TIMESTAMP '2018-12-07 20:42:08.877', NULL),
(296, TIMESTAMP '2018-12-25 13:45:04.595', TIMESTAMP '2018-12-08 20:42:17.31', 2, TIMESTAMP '2018-12-08 20:42:17.3', TIMESTAMP '2018-11-19 20:42:17.295', 289);  
CREATE MEMORY TABLE PUBLIC.USERS(
    ID BIGINT NOT NULL,
    CREATED_AT TIMESTAMP NOT NULL,
    UPDATED_AT TIMESTAMP NOT NULL,
    EMAIL VARCHAR(255) NOT NULL,
    MOBILEPHONE VARCHAR(255),
    NAME VARCHAR(255),
    PICTURE VARCHAR(255),
    WEBSITE VARCHAR(255)
);          
ALTER TABLE PUBLIC.USERS ADD CONSTRAINT PUBLIC.CONSTRAINT_4D PRIMARY KEY(ID); 
-- 20 +/- SELECT COUNT(*) FROM PUBLIC.USERS;  
INSERT INTO PUBLIC.USERS(ID, CREATED_AT, UPDATED_AT, EMAIL, MOBILEPHONE, NAME, PICTURE, WEBSITE) VALUES
(1, TIMESTAMP '2018-12-08 20:42:04.563', TIMESTAMP '2018-12-08 20:42:04.563', 'testuser1@liquido.de', '+4912345', 'Test User1', '/static/img/photos/1.png', 'http://www.liquido.de'),
(2, TIMESTAMP '2018-12-08 20:42:04.569', TIMESTAMP '2018-12-08 20:42:04.569', 'testuser2@liquido.de', '+494497981972', 'Test User2', '/static/img/photos/2.png', 'http://www.liquido.de'),
(3, TIMESTAMP '2018-12-08 20:42:04.58', TIMESTAMP '2018-12-08 20:42:04.58', 'testuser3@liquido.de', '+495175165593', 'Test User3', '/static/img/photos/3.png', 'http://www.liquido.de'),
(4, TIMESTAMP '2018-12-08 20:42:04.582', TIMESTAMP '2018-12-08 20:42:04.582', 'testuser4@liquido.de', '+496033690611', 'Test User4', '/static/img/photos/1.png', 'http://www.liquido.de'),
(5, TIMESTAMP '2018-12-08 20:42:04.583', TIMESTAMP '2018-12-08 20:42:04.583', 'testuser5@liquido.de', '+495080810862', 'Test User5', '/static/img/photos/2.png', 'http://www.liquido.de'),
(6, TIMESTAMP '2018-12-08 20:42:04.585', TIMESTAMP '2018-12-08 20:42:04.585', 'testuser6@liquido.de', '+494522616388', 'Test User6', '/static/img/photos/3.png', 'http://www.liquido.de'),
(7, TIMESTAMP '2018-12-08 20:42:04.587', TIMESTAMP '2018-12-08 20:42:04.587', 'testuser7@liquido.de', '+497769738654', 'Test User7', '/static/img/photos/1.png', 'http://www.liquido.de'),
(8, TIMESTAMP '2018-12-08 20:42:04.588', TIMESTAMP '2018-12-08 20:42:04.588', 'testuser8@liquido.de', '+498910298730', 'Test User8', '/static/img/photos/2.png', 'http://www.liquido.de'),
(9, TIMESTAMP '2018-12-08 20:42:04.59', TIMESTAMP '2018-12-08 20:42:04.59', 'testuser9@liquido.de', '+497350777772', 'Test User9', '/static/img/photos/3.png', 'http://www.liquido.de'),
(10, TIMESTAMP '2018-12-08 20:42:04.591', TIMESTAMP '2018-12-08 20:42:04.591', 'testuser10@liquido.de', '+495386229075', 'Test User10', '/static/img/photos/1.png', 'http://www.liquido.de'),
(11, TIMESTAMP '2018-12-08 20:42:04.592', TIMESTAMP '2018-12-08 20:42:04.592', 'testuser11@liquido.de', '+499744787083', 'Test User11', '/static/img/photos/2.png', 'http://www.liquido.de'),
(12, TIMESTAMP '2018-12-08 20:42:04.594', TIMESTAMP '2018-12-08 20:42:04.594', 'testuser12@liquido.de', '+494432185190', 'Test User12', '/static/img/photos/3.png', 'http://www.liquido.de'),
(13, TIMESTAMP '2018-12-08 20:42:04.595', TIMESTAMP '2018-12-08 20:42:04.595', 'testuser13@liquido.de', '+493647687089', 'Test User13', '/static/img/photos/1.png', 'http://www.liquido.de'),
(14, TIMESTAMP '2018-12-08 20:42:04.597', TIMESTAMP '2018-12-08 20:42:04.597', 'testuser14@liquido.de', '+495426531167', 'Test User14', '/static/img/photos/2.png', 'http://www.liquido.de'),
(15, TIMESTAMP '2018-12-08 20:42:04.598', TIMESTAMP '2018-12-08 20:42:04.598', 'testuser15@liquido.de', '+494401317099', 'Test User15', '/static/img/photos/3.png', 'http://www.liquido.de'),
(16, TIMESTAMP '2018-12-08 20:42:04.6', TIMESTAMP '2018-12-08 20:42:04.6', 'testuser16@liquido.de', '+495743133649', 'Test User16', '/static/img/photos/1.png', 'http://www.liquido.de'),
(17, TIMESTAMP '2018-12-08 20:42:04.601', TIMESTAMP '2018-12-08 20:42:04.601', 'testuser17@liquido.de', '+493665048132', 'Test User17', '/static/img/photos/2.png', 'http://www.liquido.de'),
(18, TIMESTAMP '2018-12-08 20:42:04.603', TIMESTAMP '2018-12-08 20:42:04.603', 'testuser18@liquido.de', '+496647848879', 'Test User18', '/static/img/photos/3.png', 'http://www.liquido.de'),
(19, TIMESTAMP '2018-12-08 20:42:04.604', TIMESTAMP '2018-12-08 20:42:04.604', 'testuser19@liquido.de', '+499770796782', 'Test User19', '/static/img/photos/1.png', 'http://www.liquido.de'),
(20, TIMESTAMP '2018-12-08 20:42:04.605', TIMESTAMP '2018-12-08 20:42:04.605', 'testuser20@liquido.de', '+499267234108', 'Test User20', '/static/img/photos/2.png', 'http://www.liquido.de');   
ALTER TABLE PUBLIC.AREAS ADD CONSTRAINT PUBLIC.UK_P61HNJ1M450KNDUSCXOLDCHFJ UNIQUE(TITLE);
ALTER TABLE PUBLIC.USERS ADD CONSTRAINT PUBLIC.UK_6DOTKOTT2KJSP8VW4D0M25FB7 UNIQUE(EMAIL);    
ALTER TABLE PUBLIC.LAWS ADD CONSTRAINT PUBLIC.UK_BS516OPV3HONTPTWVPIOOS72B UNIQUE(TITLE);     
ALTER TABLE PUBLIC.DELEGATIONS ADD CONSTRAINT PUBLIC.UK2WYH7POIF8NPDWLUR8DFORD0J UNIQUE(AREA_ID, FROM_USER_ID);               
ALTER TABLE PUBLIC.LAWS_COMMENTS ADD CONSTRAINT PUBLIC.UK_OF3YV6X3MAHJPHJBJE5XHRXC8 UNIQUE(COMMENTS_ID);      
ALTER TABLE PUBLIC.CHECKSUMS ADD CONSTRAINT PUBLIC.UKL0XNKLNHLK4PTWSU9B0QXTYBN UNIQUE(AREA_ID, PUBLIC_PROXY_ID);              
ALTER TABLE PUBLIC.KEY_VALUE ADD CONSTRAINT PUBLIC.UK_GVYP924RQ0A5Y8U3EMJS35G2Q UNIQUE(KEY);  
ALTER TABLE PUBLIC.BALLOT_MODEL ADD CONSTRAINT PUBLIC.FK80AA8GKY9NQS7CS136W9JBLJ6 FOREIGN KEY(POLL_ID) REFERENCES PUBLIC.POLLS(ID) NOCHECK;   
ALTER TABLE PUBLIC.AREAS ADD CONSTRAINT PUBLIC.FKP9N0U4HM2Q1O7V0068C8GD4EL FOREIGN KEY(CREATED_BY_ID) REFERENCES PUBLIC.USERS(ID) NOCHECK;    
ALTER TABLE PUBLIC.DELEGATIONS ADD CONSTRAINT PUBLIC.FK1Y1R0D478R9NTDMUIYKKUHADV FOREIGN KEY(REQUESTED_DELEGATION_FROM_CHECKSUM_CHECKSUM) REFERENCES PUBLIC.CHECKSUMS(CHECKSUM) NOCHECK;      
ALTER TABLE PUBLIC.DELEGATIONS ADD CONSTRAINT PUBLIC.FKSWBDEOVC7HSQ5EX30PBMDU9D4 FOREIGN KEY(AREA_ID) REFERENCES PUBLIC.AREAS(ID) NOCHECK;    
ALTER TABLE PUBLIC.LAWS ADD CONSTRAINT PUBLIC.FK4QUHD81MM84X6RQ0CCBXSEYXX FOREIGN KEY(POLL_ID) REFERENCES PUBLIC.POLLS(ID) NOCHECK;           
ALTER TABLE PUBLIC.LAWS_SUPPORTERS ADD CONSTRAINT PUBLIC.FK9B4I87YIKUCHRIRFJAYMGOHE3 FOREIGN KEY(LAW_MODEL_ID) REFERENCES PUBLIC.LAWS(ID) NOCHECK;            
ALTER TABLE PUBLIC.COMMENTS_DOWN_VOTERS ADD CONSTRAINT PUBLIC.FK62ILAC17TG4CPKRHEONUD72HV FOREIGN KEY(DOWN_VOTERS_ID) REFERENCES PUBLIC.USERS(ID) NOCHECK;    
ALTER TABLE PUBLIC.CHECKSUMS ADD CONSTRAINT PUBLIC.FKDFLPSE9FSOGY1FMFDY2W79RG FOREIGN KEY(DELEGATED_TO_CHECKSUM) REFERENCES PUBLIC.CHECKSUMS(CHECKSUM) NOCHECK;
ALTER TABLE PUBLIC.CHECKSUMS ADD CONSTRAINT PUBLIC.FK68FTLVL0MWTVOQD3BFUPP0XRG FOREIGN KEY(PUBLIC_PROXY_ID) REFERENCES PUBLIC.USERS(ID) NOCHECK;              
ALTER TABLE PUBLIC.LAWS ADD CONSTRAINT PUBLIC.FKTR1PLL46Q50SHWBFFYIYUAVGN FOREIGN KEY(CREATED_BY_ID) REFERENCES PUBLIC.USERS(ID) NOCHECK;     
ALTER TABLE PUBLIC.ONE_TIME_TOKEN ADD CONSTRAINT PUBLIC.FK4O21XT1RMRICB3EA4TO5NKR8D FOREIGN KEY(USER_ID) REFERENCES PUBLIC.USERS(ID) NOCHECK; 
ALTER TABLE PUBLIC.COMMENTS ADD CONSTRAINT PUBLIC.FKAKKM6QFYDU7VGNFNE1YO0XMED FOREIGN KEY(CREATED_BY_ID) REFERENCES PUBLIC.USERS(ID) NOCHECK;
ALTER TABLE PUBLIC.DELEGATIONS ADD CONSTRAINT PUBLIC.FK21A6LG8FU2JS6E0JU41WJ2GQP FOREIGN KEY(TO_PROXY_ID) REFERENCES PUBLIC.USERS(ID) NOCHECK;
ALTER TABLE PUBLIC.LAWS_COMMENTS ADD CONSTRAINT PUBLIC.FK36FBKIUITRV0YRVY8S0IG46IX FOREIGN KEY(LAW_MODEL_ID) REFERENCES PUBLIC.LAWS(ID) NOCHECK;              
ALTER TABLE PUBLIC.POLLS ADD CONSTRAINT PUBLIC.FKQADOVSMQ4UOK58SP9HKHWJQIS FOREIGN KEY(WINNER_ID) REFERENCES PUBLIC.LAWS(ID) NOCHECK;         
ALTER TABLE PUBLIC.DELEGATIONS ADD CONSTRAINT PUBLIC.FK9KOYA2MI6T18VF7U1FROBKNIQ FOREIGN KEY(FROM_USER_ID) REFERENCES PUBLIC.USERS(ID) NOCHECK;               
ALTER TABLE PUBLIC.BALLOT_MODEL_VOTE_ORDER ADD CONSTRAINT PUBLIC.FKG4WVLJWGWECJJBW58FVL0AD5X FOREIGN KEY(BALLOT_MODEL_ID) REFERENCES PUBLIC.BALLOT_MODEL(ID) NOCHECK;         
ALTER TABLE PUBLIC.BALLOT_MODEL ADD CONSTRAINT PUBLIC.FKP19OJ9H53MY80XIR4TWVUE13B FOREIGN KEY(CHECKSUM_CHECKSUM) REFERENCES PUBLIC.CHECKSUMS(CHECKSUM) NOCHECK;               
ALTER TABLE PUBLIC.LAWS ADD CONSTRAINT PUBLIC.FK9VIQDJ5LDUN0AHWQDFF1WUY39 FOREIGN KEY(AREA_ID) REFERENCES PUBLIC.AREAS(ID) NOCHECK;           
ALTER TABLE PUBLIC.LAWS_COMMENTS ADD CONSTRAINT PUBLIC.FKFL0Y4QFVFPF9YNMMFJ0JEVXFF FOREIGN KEY(COMMENTS_ID) REFERENCES PUBLIC.COMMENTS(ID) NOCHECK;
ALTER TABLE PUBLIC.BALLOT_MODEL_VOTE_ORDER ADD CONSTRAINT PUBLIC.FKK6IWSNAFAEQQ59N0FNWN5K6DI FOREIGN KEY(VOTE_ORDER_ID) REFERENCES PUBLIC.LAWS(ID) NOCHECK;   
ALTER TABLE PUBLIC.COMMENTS_UP_VOTERS ADD CONSTRAINT PUBLIC.FKEUURM027PDC4L5A9G9O2L0UYD FOREIGN KEY(UP_VOTERS_ID) REFERENCES PUBLIC.USERS(ID) NOCHECK;        
ALTER TABLE PUBLIC.COMMENTS ADD CONSTRAINT PUBLIC.FKLRI30OKF66PHTCGBE5POK7CC0 FOREIGN KEY(PARENT_ID) REFERENCES PUBLIC.COMMENTS(ID) NOCHECK;  
ALTER TABLE PUBLIC.COMMENTS_UP_VOTERS ADD CONSTRAINT PUBLIC.FK8LS8T571Y99VTTW1MDKEBXAGP FOREIGN KEY(COMMENT_MODEL_ID) REFERENCES PUBLIC.COMMENTS(ID) NOCHECK; 
ALTER TABLE PUBLIC.LAWS_SUPPORTERS ADD CONSTRAINT PUBLIC.FKK8MVJC4RQ970OJAVYFIA9BQVE FOREIGN KEY(SUPPORTERS_ID) REFERENCES PUBLIC.USERS(ID) NOCHECK;          
ALTER TABLE PUBLIC.COMMENTS_DOWN_VOTERS ADD CONSTRAINT PUBLIC.FKJYMYJ54LENHS4KE6MYQHLY72 FOREIGN KEY(COMMENT_MODEL_ID) REFERENCES PUBLIC.COMMENTS(ID) NOCHECK;
ALTER TABLE PUBLIC.CHECKSUMS ADD CONSTRAINT PUBLIC.FKLLW57XBW0D67OPTMWFMU3P2PC FOREIGN KEY(AREA_ID) REFERENCES PUBLIC.AREAS(ID) NOCHECK;      
ALTER TABLE PUBLIC.DELEGATIONS ADD CONSTRAINT PUBLIC.FKLMYVBEEGN653A9AV9T3U3XG7S FOREIGN KEY(REQUESTED_DELEGATION_TO_ID) REFERENCES PUBLIC.USERS(ID) NOCHECK; 
