SET DB_CLOSE_DELAY -1;
;
CREATE USER IF NOT EXISTS SA SALT 'b2ac19964f0d7ddf' HASH '5e095e914e5364ac711a0e06ae3c77a512eae2a57ac66445300a742373384cdf' ADMIN;
CREATE SEQUENCE PUBLIC.HIBERNATE_SEQUENCE START WITH 404;
CREATE MEMORY TABLE PUBLIC.AREAS(
ID BIGINT NOT NULL,
CREATED_AT TIMESTAMP NOT NULL,
UPDATED_AT TIMESTAMP NOT NULL,
DESCRIPTION VARCHAR(255) NOT NULL,
TITLE VARCHAR(255) NOT NULL,
CREATED_BY_ID BIGINT NOT NULL
);
ALTER TABLE PUBLIC.AREAS ADD CONSTRAINT PUBLIC.CONSTRAINT_3 PRIMARY KEY(ID);
-- 10 +/- SELECT COUNT(*) FROM PUBLIC.AREAS;
INSERT INTO PUBLIC.AREAS(ID, CREATED_AT, UPDATED_AT, DESCRIPTION, TITLE, CREATED_BY_ID) VALUES
(21, TIMESTAMP '2019-03-16 11:50:04.973', TIMESTAMP '2019-03-16 11:50:04.973', 'Nice description for test area #0', 'Area 0', 1),
(22, TIMESTAMP '2019-03-16 11:50:04.974', TIMESTAMP '2019-03-16 11:50:04.974', 'Nice description for test area #1', 'Area 1', 1),
(23, TIMESTAMP '2019-03-16 11:50:04.976', TIMESTAMP '2019-03-16 11:50:04.976', 'Nice description for test area #2', 'Area 2', 1),
(24, TIMESTAMP '2019-03-16 11:50:04.977', TIMESTAMP '2019-03-16 11:50:04.977', 'Nice description for test area #3', 'Area 3', 1),
(25, TIMESTAMP '2019-03-16 11:50:04.978', TIMESTAMP '2019-03-16 11:50:04.978', 'Nice description for test area #4', 'Area 4', 1),
(26, TIMESTAMP '2019-03-16 11:50:04.979', TIMESTAMP '2019-03-16 11:50:04.979', 'Nice description for test area #5', 'Area 5', 1),
(27, TIMESTAMP '2019-03-16 11:50:04.979', TIMESTAMP '2019-03-16 11:50:04.979', 'Nice description for test area #6', 'Area 6', 1),
(28, TIMESTAMP '2019-03-16 11:50:04.98', TIMESTAMP '2019-03-16 11:50:04.98', 'Nice description for test area #7', 'Area 7', 1),
(29, TIMESTAMP '2019-03-16 11:50:04.981', TIMESTAMP '2019-03-16 11:50:04.981', 'Nice description for test area #8', 'Area 8', 1),
(30, TIMESTAMP '2019-03-16 11:50:04.982', TIMESTAMP '2019-03-16 11:50:04.982', 'Nice description for test area #9', 'Area 9', 1);
CREATE MEMORY TABLE PUBLIC.BALLOTS(
ID BIGINT NOT NULL,
LEVEL INTEGER NOT NULL,
VOTE_COUNT BIGINT NOT NULL,
CHECKSUM VARCHAR(255) NOT NULL,
POLL_ID BIGINT NOT NULL
);
ALTER TABLE PUBLIC.BALLOTS ADD CONSTRAINT PUBLIC.CONSTRAINT_1 PRIMARY KEY(ID);
-- 32 +/- SELECT COUNT(*) FROM PUBLIC.BALLOTS;
INSERT INTO PUBLIC.BALLOTS(ID, LEVEL, VOTE_COUNT, CHECKSUM, POLL_ID) VALUES
(339, 0, 1, '$2a$10$1IdrGrRAN2Wp3U7QI.JIzuuViLszDdeyBQZ4QNjYJJWIYI5M2O3G2', 312),
(340, 0, 1, '$2a$10$1IdrGrRAN2Wp3U7QI.JIzuDl5QTomD0jkJDoG.VH7LgF6BaMi7mUu', 312),
(341, 0, 4, '$2a$10$1IdrGrRAN2Wp3U7QI.JIzumrB8gg15WYrl/9Od2a/lKdcXxyoRqYe', 312),
(342, 0, 1, '$2a$10$1IdrGrRAN2Wp3U7QI.JIzu0U7xajdi9.MlI8tTpf7ZVQmMn3XTPaq', 312),
(343, 0, 1, '$2a$10$1IdrGrRAN2Wp3U7QI.JIzuA2amXnXPKlVvjlg62SZ08/U45S1krWS', 312),
(344, 0, 1, '$2a$10$1IdrGrRAN2Wp3U7QI.JIzuQi87d/P3rgtaiDqqegSB4vu2sByXkly', 312),
(345, 0, 2, '$2a$10$1IdrGrRAN2Wp3U7QI.JIzumF7aPaiUyhTd0m56K/SiA71ec5pLFu2', 312),
(346, 1, 1, '$2a$10$1IdrGrRAN2Wp3U7QI.JIzu9jY7URudOBmsrn4SD7Sp2bRAti6ztwK', 312),
(347, 0, 1, '$2a$10$1IdrGrRAN2Wp3U7QI.JIzuaW/fGb8Z2mJgsKxYwe5.NrtAFNxSQVS', 312),
(348, 0, 1, '$2a$10$1IdrGrRAN2Wp3U7QI.JIzuWb3cSZmVC9yx83VYQxwLFYSL5g8IoRy', 312),
(349, 0, 1, '$2a$10$1IdrGrRAN2Wp3U7QI.JIzuaXivFiTa4cwzBq6IwpHyvmd9OIEIHwW', 312),
(350, 0, 1, '$2a$10$1IdrGrRAN2Wp3U7QI.JIzuYTSKjBSu3cADo/STK5moSHUhn6NKcyS', 312),
(351, 0, 1, '$2a$10$1IdrGrRAN2Wp3U7QI.JIzuYun6DCp3DqD0HkMSxupTiHcONZRP0YC', 312),
(352, 0, 1, '$2a$10$1IdrGrRAN2Wp3U7QI.JIzuj/DUpsANoEk4usC10lyWBvgCY2jpdQ6', 312),
(353, 0, 1, '$2a$10$1IdrGrRAN2Wp3U7QI.JIzukT2e4dWh2jhcsPdh.C5JEqMyz08zCoa', 312),
(354, 0, 1, '$2a$10$1IdrGrRAN2Wp3U7QI.JIzuRe9KBAxYEu.ylAyhV50ek90rELSRGqG', 312),
(386, 0, 1, '$2a$10$1IdrGrRAN2Wp3U7QI.JIzuuViLszDdeyBQZ4QNjYJJWIYI5M2O3G2', 360),
(387, 0, 1, '$2a$10$1IdrGrRAN2Wp3U7QI.JIzuDl5QTomD0jkJDoG.VH7LgF6BaMi7mUu', 360),
(388, 0, 4, '$2a$10$1IdrGrRAN2Wp3U7QI.JIzumrB8gg15WYrl/9Od2a/lKdcXxyoRqYe', 360),
(389, 0, 1, '$2a$10$1IdrGrRAN2Wp3U7QI.JIzu0U7xajdi9.MlI8tTpf7ZVQmMn3XTPaq', 360),
(390, 0, 1, '$2a$10$1IdrGrRAN2Wp3U7QI.JIzuA2amXnXPKlVvjlg62SZ08/U45S1krWS', 360),
(391, 0, 1, '$2a$10$1IdrGrRAN2Wp3U7QI.JIzuQi87d/P3rgtaiDqqegSB4vu2sByXkly', 360),
(392, 0, 2, '$2a$10$1IdrGrRAN2Wp3U7QI.JIzumF7aPaiUyhTd0m56K/SiA71ec5pLFu2', 360),
(393, 1, 1, '$2a$10$1IdrGrRAN2Wp3U7QI.JIzu9jY7URudOBmsrn4SD7Sp2bRAti6ztwK', 360),
(394, 0, 1, '$2a$10$1IdrGrRAN2Wp3U7QI.JIzuaW/fGb8Z2mJgsKxYwe5.NrtAFNxSQVS', 360),
(395, 0, 1, '$2a$10$1IdrGrRAN2Wp3U7QI.JIzuWb3cSZmVC9yx83VYQxwLFYSL5g8IoRy', 360),
(396, 0, 1, '$2a$10$1IdrGrRAN2Wp3U7QI.JIzuaXivFiTa4cwzBq6IwpHyvmd9OIEIHwW', 360),
(397, 0, 1, '$2a$10$1IdrGrRAN2Wp3U7QI.JIzuYTSKjBSu3cADo/STK5moSHUhn6NKcyS', 360),
(398, 0, 1, '$2a$10$1IdrGrRAN2Wp3U7QI.JIzuYun6DCp3DqD0HkMSxupTiHcONZRP0YC', 360),
(399, 0, 1, '$2a$10$1IdrGrRAN2Wp3U7QI.JIzuj/DUpsANoEk4usC10lyWBvgCY2jpdQ6', 360),
(400, 0, 1, '$2a$10$1IdrGrRAN2Wp3U7QI.JIzukT2e4dWh2jhcsPdh.C5JEqMyz08zCoa', 360),
(401, 0, 1, '$2a$10$1IdrGrRAN2Wp3U7QI.JIzuRe9KBAxYEu.ylAyhV50ek90rELSRGqG', 360);
CREATE MEMORY TABLE PUBLIC.BALLOTS_VOTE_ORDER(
BALLOT_MODEL_ID BIGINT NOT NULL,
VOTE_ORDER_ID BIGINT NOT NULL,
VOTE_ORDER_ORDER INTEGER NOT NULL
);
ALTER TABLE PUBLIC.BALLOTS_VOTE_ORDER ADD CONSTRAINT PUBLIC.CONSTRAINT_5 PRIMARY KEY(BALLOT_MODEL_ID, VOTE_ORDER_ORDER);
-- 144 +/- SELECT COUNT(*) FROM PUBLIC.BALLOTS_VOTE_ORDER;
INSERT INTO PUBLIC.BALLOTS_VOTE_ORDER(BALLOT_MODEL_ID, VOTE_ORDER_ID, VOTE_ORDER_ORDER) VALUES
(339, 320, 0),
(339, 327, 1),
(339, 333, 2),
(339, 313, 3),
(339, 308, 4),
(340, 327, 0),
(340, 333, 1),
(340, 320, 2),
(341, 308, 0),
(341, 313, 1),
(341, 320, 2),
(341, 327, 3),
(341, 333, 4),
(345, 313, 0),
(345, 308, 1),
(345, 327, 2),
(345, 333, 3),
(346, 313, 0),
(346, 308, 1),
(346, 327, 2),
(346, 333, 3),
(347, 313, 0),
(347, 333, 1),
(347, 327, 2),
(347, 320, 3),
(347, 308, 4),
(342, 327, 0),
(342, 313, 1),
(342, 308, 2),
(342, 333, 3),
(342, 320, 4),
(343, 308, 0),
(343, 327, 1),
(343, 320, 2),
(343, 313, 3),
(348, 327, 0),
(348, 320, 1),
(348, 308, 2),
(348, 313, 3),
(348, 333, 4),
(349, 308, 0),
(349, 313, 1),
(349, 320, 2),
(349, 333, 3),
(349, 327, 4),
(350, 308, 0),
(350, 327, 1),
(350, 320, 2),
(350, 313, 3),
(351, 313, 0),
(351, 333, 1),
(351, 327, 2),
(351, 308, 3),
(351, 320, 4),
(352, 320, 0),
(352, 308, 1),
(352, 333, 2),
(352, 327, 3),
(353, 308, 0),
(353, 313, 1),
(353, 320, 2),
(353, 327, 3),
(354, 333, 0),
(354, 313, 1),
(354, 327, 2),
(354, 308, 3),
(344, 327, 0),
(344, 333, 1),
(344, 313, 2),
(344, 308, 3),
(386, 374, 0),
(386, 361, 1),
(386, 379, 2),
(386, 355, 3),
(386, 368, 4),
(387, 361, 0),
(387, 379, 1),
(387, 374, 2),
(387, 368, 3),
(387, 355, 4),
(388, 368, 0),
(388, 374, 1),
(388, 361, 2),
(388, 379, 3),
(388, 355, 4),
(392, 361, 0),
(392, 368, 1),
(392, 374, 2),
(392, 355, 3),
(392, 379, 4),
(393, 361, 0),
(393, 368, 1),
(393, 374, 2),
(393, 355, 3),
(393, 379, 4),
(394, 361, 0),
(394, 368, 1),
(394, 374, 2),
(394, 379, 3),
(394, 355, 4),
(389, 379, 0),
(389, 355, 1),
(389, 374, 2),
(389, 361, 3),
(389, 368, 4),
(390, 361, 0),
(390, 368, 1),
(390, 374, 2),
(395, 355, 0),
(395, 379, 1),
(395, 374, 2),
(395, 368, 3),
(395, 361, 4),
(396, 355, 0),
(396, 361, 1),
(396, 368, 2),
(396, 379, 3),
(397, 355, 0),
(397, 374, 1),
(397, 368, 2),
(397, 361, 3),
(398, 368, 0),
(398, 355, 1),
(398, 361, 2),
(399, 355, 0),
(399, 361, 1),
(399, 368, 2),
(399, 374, 3),
(399, 379, 4),
(400, 374, 0),
(400, 379, 1),
(400, 361, 2),
(400, 355, 3),
(400, 368, 4),
(401, 379, 0),
(401, 374, 1),
(401, 368, 2),
(401, 361, 3),
(401, 355, 4),
(391, 379, 0),
(391, 355, 1),
(391, 368, 2),
(391, 361, 3),
(391, 374, 4);
CREATE MEMORY TABLE PUBLIC.CHECKSUMS(
CHECKSUM VARCHAR(255) NOT NULL,
EXPIRES_AT TIMESTAMP,
TRANSITIVE BOOLEAN NOT NULL,
AREA_ID BIGINT,
DELEGATED_TO_CHECKSUM VARCHAR(255),
PUBLIC_PROXY_ID BIGINT
);
ALTER TABLE PUBLIC.CHECKSUMS ADD CONSTRAINT PUBLIC.CONSTRAINT_B PRIMARY KEY(CHECKSUM);
-- 18 +/- SELECT COUNT(*) FROM PUBLIC.CHECKSUMS;
INSERT INTO PUBLIC.CHECKSUMS(CHECKSUM, EXPIRES_AT, TRANSITIVE, AREA_ID, DELEGATED_TO_CHECKSUM, PUBLIC_PROXY_ID) VALUES
('$2a$10$1IdrGrRAN2Wp3U7QI.JIzueyGOu7FMMyyMJw3bvzEU2elpOrru8sy', TIMESTAMP '2019-03-17 11:50:09.881', TRUE, 21, NULL, 1),
('$2a$10$1IdrGrRAN2Wp3U7QI.JIzu9jY7URudOBmsrn4SD7Sp2bRAti6ztwK', TIMESTAMP '2019-03-17 11:50:11.814', TRUE, 21, '$2a$10$1IdrGrRAN2Wp3U7QI.JIzumF7aPaiUyhTd0m56K/SiA71ec5pLFu2', 6),
('$2a$10$1IdrGrRAN2Wp3U7QI.JIzuIvB5fBvUb/y3tpzb1Xahzu9k87H3HZ.', TIMESTAMP '2019-03-17 11:50:12.017', TRUE, 21, '$2a$10$1IdrGrRAN2Wp3U7QI.JIzueyGOu7FMMyyMJw3bvzEU2elpOrru8sy', 4),
('$2a$10$1IdrGrRAN2Wp3U7QI.JIzuuViLszDdeyBQZ4QNjYJJWIYI5M2O3G2', TIMESTAMP '2019-03-17 11:50:22.871', TRUE, 21, NULL, 13),
('$2a$10$1IdrGrRAN2Wp3U7QI.JIzuDl5QTomD0jkJDoG.VH7LgF6BaMi7mUu', TIMESTAMP '2019-03-17 11:50:23.105', TRUE, 21, NULL, 15),
('$2a$10$1IdrGrRAN2Wp3U7QI.JIzumrB8gg15WYrl/9Od2a/lKdcXxyoRqYe', TIMESTAMP '2019-03-17 11:50:23.339', TRUE, 21, '$2a$10$1IdrGrRAN2Wp3U7QI.JIzuIvB5fBvUb/y3tpzb1Xahzu9k87H3HZ.', 7),
('$2a$10$1IdrGrRAN2Wp3U7QI.JIzumF7aPaiUyhTd0m56K/SiA71ec5pLFu2', TIMESTAMP '2019-03-17 11:50:23.589', TRUE, 21, '$2a$10$1IdrGrRAN2Wp3U7QI.JIzueyGOu7FMMyyMJw3bvzEU2elpOrru8sy', 3),
('$2a$10$1IdrGrRAN2Wp3U7QI.JIzuaW/fGb8Z2mJgsKxYwe5.NrtAFNxSQVS', TIMESTAMP '2019-03-17 11:50:23.824', TRUE, 21, NULL, 5),
('$2a$10$1IdrGrRAN2Wp3U7QI.JIzu0U7xajdi9.MlI8tTpf7ZVQmMn3XTPaq', TIMESTAMP '2019-03-17 11:50:24.064', TRUE, 21, '$2a$10$1IdrGrRAN2Wp3U7QI.JIzumrB8gg15WYrl/9Od2a/lKdcXxyoRqYe', 10),
('$2a$10$1IdrGrRAN2Wp3U7QI.JIzuA2amXnXPKlVvjlg62SZ08/U45S1krWS', TIMESTAMP '2019-03-17 11:50:24.298', TRUE, 21, '$2a$10$1IdrGrRAN2Wp3U7QI.JIzumrB8gg15WYrl/9Od2a/lKdcXxyoRqYe', 11),
('$2a$10$1IdrGrRAN2Wp3U7QI.JIzuWb3cSZmVC9yx83VYQxwLFYSL5g8IoRy', TIMESTAMP '2019-03-17 11:50:24.532', TRUE, 21, '$2a$10$1IdrGrRAN2Wp3U7QI.JIzueyGOu7FMMyyMJw3bvzEU2elpOrru8sy', NULL),
('$2a$10$1IdrGrRAN2Wp3U7QI.JIzuaXivFiTa4cwzBq6IwpHyvmd9OIEIHwW', TIMESTAMP '2019-03-17 11:50:24.759', TRUE, 21, NULL, 9),
('$2a$10$1IdrGrRAN2Wp3U7QI.JIzuYTSKjBSu3cADo/STK5moSHUhn6NKcyS', TIMESTAMP '2019-03-17 11:50:25.001', TRUE, 21, NULL, 16),
('$2a$10$1IdrGrRAN2Wp3U7QI.JIzuYun6DCp3DqD0HkMSxupTiHcONZRP0YC', TIMESTAMP '2019-03-17 11:50:25.236', TRUE, 21, NULL, 20),
('$2a$10$1IdrGrRAN2Wp3U7QI.JIzuj/DUpsANoEk4usC10lyWBvgCY2jpdQ6', TIMESTAMP '2019-03-17 11:50:25.47', TRUE, 21, NULL, 18),
('$2a$10$1IdrGrRAN2Wp3U7QI.JIzukT2e4dWh2jhcsPdh.C5JEqMyz08zCoa', TIMESTAMP '2019-03-17 11:50:25.705', TRUE, 21, NULL, 14),
('$2a$10$1IdrGrRAN2Wp3U7QI.JIzuRe9KBAxYEu.ylAyhV50ek90rELSRGqG', TIMESTAMP '2019-03-17 11:50:25.939', TRUE, 21, NULL, 19),
('$2a$10$1IdrGrRAN2Wp3U7QI.JIzuQi87d/P3rgtaiDqqegSB4vu2sByXkly', TIMESTAMP '2019-03-17 11:50:26.173', FALSE, 21, '$2a$10$1IdrGrRAN2Wp3U7QI.JIzumrB8gg15WYrl/9Od2a/lKdcXxyoRqYe', 12);
CREATE MEMORY TABLE PUBLIC.COMMENTS(
ID BIGINT NOT NULL,
CREATED_AT TIMESTAMP NOT NULL,
UPDATED_AT TIMESTAMP NOT NULL,
COMMENT VARCHAR(255) NOT NULL,
CREATED_BY_ID BIGINT NOT NULL,
LAW_ID BIGINT NOT NULL,
PARENT_ID BIGINT
);
ALTER TABLE PUBLIC.COMMENTS ADD CONSTRAINT PUBLIC.CONSTRAINT_A PRIMARY KEY(ID);
-- 137 +/- SELECT COUNT(*) FROM PUBLIC.COMMENTS;
INSERT INTO PUBLIC.COMMENTS(ID, CREATED_AT, UPDATED_AT, COMMENT, CREATED_BY_ID, LAW_ID, PARENT_ID) VALUES
(194, TIMESTAMP '2019-03-16 11:50:07.241', TIMESTAMP '2019-03-16 11:50:07.241', 'Comment on root level. I really like this idea, but needs to be improved. 1552733407241', 6, 193, NULL),
(195, TIMESTAMP '2019-03-16 11:50:07.241', TIMESTAMP '2019-03-16 11:50:07.241', 'Reply 0 Lorem ipsum dolor sit amet, consectetur adipiscing elit, ', 19, 193, 194),
(196, TIMESTAMP '2019-03-16 11:50:07.241', TIMESTAMP '2019-03-16 11:50:07.241', 'Reply 1 Lorem ipsum dolor sit amet, consectetur adipiscing el', 8, 193, 194),
(197, TIMESTAMP '2019-03-16 11:50:07.241', TIMESTAMP '2019-03-16 11:50:07.241', 'Reply 2 Lorem ipsum dolor sit amet, consectetur adipiscing elit, sed do eiusmod tempor incididunt ut', 6, 193, 194),
(198, TIMESTAMP '2019-03-16 11:50:07.241', TIMESTAMP '2019-03-16 11:50:07.241', 'Reply 3 Lorem ipsum dolo', 11, 193, 194),
(199, TIMESTAMP '2019-03-16 11:50:07.241', TIMESTAMP '2019-03-16 11:50:07.241', 'Reply 4 Lorem ipsum dolor sit amet, consectetur adipiscing elit, sed do eiusmod tempor', 17, 193, 194),
(201, TIMESTAMP '2019-03-16 11:50:07.257', TIMESTAMP '2019-03-16 11:50:07.257', 'Comment on root level. I really like this idea, but needs to be improved. 1552733407257', 8, 200, NULL),
(202, TIMESTAMP '2019-03-16 11:50:07.273', TIMESTAMP '2019-03-16 11:50:07.273', 'Reply 0 Lorem ipsum dolor si', 10, 200, 201),
(203, TIMESTAMP '2019-03-16 11:50:07.273', TIMESTAMP '2019-03-16 11:50:07.273', 'Reply 1 Lorem ipsum dolor sit amet, consectetur adipiscin', 16, 200, 201),
(204, TIMESTAMP '2019-03-16 11:50:07.273', TIMESTAMP '2019-03-16 11:50:07.273', 'Reply 2 Lorem ipsum dolor sit ame', 1, 200, 201),
(205, TIMESTAMP '2019-03-16 11:50:07.273', TIMESTAMP '2019-03-16 11:50:07.273', 'Reply 3 Lorem ipsum dolor sit amet, consectetur adipiscing elit, sed do eiusmod tempor inc', 2, 200, 201),
(206, TIMESTAMP '2019-03-16 11:50:07.273', TIMESTAMP '2019-03-16 11:50:07.273', 'Reply 4 Lorem ipsum do', 1, 200, 201),
(207, TIMESTAMP '2019-03-16 11:50:07.273', TIMESTAMP '2019-03-16 11:50:07.273', 'Reply 5 Lorem ipsum dolor sit amet, consectetur a', 15, 200, 201),
(208, TIMESTAMP '2019-03-16 11:50:07.288', TIMESTAMP '2019-03-16 11:50:07.288', 'Reply 6 Lorem ipsum dolor sit amet, consectetur adipiscing elit, sed do eiusmod tempor incididu', 9, 200, 201),
(209, TIMESTAMP '2019-03-16 11:50:07.288', TIMESTAMP '2019-03-16 11:50:07.288', 'Reply 7 Lorem ipsu', 14, 200, 201),
(211, TIMESTAMP '2019-03-16 11:50:07.288', TIMESTAMP '2019-03-16 11:50:07.288', 'Comment on root level. I really like this idea, but needs to be improved. 1552733407288', 12, 210, NULL),
(212, TIMESTAMP '2019-03-16 11:50:07.288', TIMESTAMP '2019-03-16 11:50:07.288', 'Reply 0 Lorem ipsum dolor sit amet, consectetur adipiscing elit', 10, 210, 211),
(213, TIMESTAMP '2019-03-16 11:50:07.288', TIMESTAMP '2019-03-16 11:50:07.288', 'Reply 1 Lorem ipsum dolor sit amet, consectetur adipiscing elit, sed do eiusmod tem', 2, 210, 211),
(214, TIMESTAMP '2019-03-16 11:50:07.288', TIMESTAMP '2019-03-16 11:50:07.288', 'Reply 2 Lorem ipsum dolor sit amet,', 19, 210, 211),
(215, TIMESTAMP '2019-03-16 11:50:07.304', TIMESTAMP '2019-03-16 11:50:07.304', 'Reply 3 Lorem ipsum', 3, 210, 211),
(217, TIMESTAMP '2019-03-16 11:50:07.32', TIMESTAMP '2019-03-16 11:50:07.32', 'Comment on root level. I really like this idea, but needs to be improved. 1552733407320', 19, 216, NULL),
(218, TIMESTAMP '2019-03-16 11:50:07.32', TIMESTAMP '2019-03-16 11:50:07.32', 'Reply 0 Lorem ipsum dolor sit amet, consectetur adipiscing elit, sed do eius', 19, 216, 217),
(219, TIMESTAMP '2019-03-16 11:50:07.335', TIMESTAMP '2019-03-16 11:50:07.335', 'Reply 1 Lorem ipsum dolor sit amet, conse', 13, 216, 217),
(220, TIMESTAMP '2019-03-16 11:50:07.335', TIMESTAMP '2019-03-16 11:50:07.335', 'Reply 2 Lorem ipsum dolor sit amet, consectetur ', 2, 216, 217),
(221, TIMESTAMP '2019-03-16 11:50:07.335', TIMESTAMP '2019-03-16 11:50:07.335', 'Reply 3 Lorem ipsum dolor sit amet, consectetur adipiscing elit, sed do eiusmod t', 14, 216, 217),
(222, TIMESTAMP '2019-03-16 11:50:07.335', TIMESTAMP '2019-03-16 11:50:07.335', 'Reply 4 Lorem ipsum dolor sit amet, consectetu', 7, 216, 217);
INSERT INTO PUBLIC.COMMENTS(ID, CREATED_AT, UPDATED_AT, COMMENT, CREATED_BY_ID, LAW_ID, PARENT_ID) VALUES
(224, TIMESTAMP '2019-03-16 11:50:07.351', TIMESTAMP '2019-03-16 11:50:07.351', 'Comment on root level. I really like this idea, but needs to be improved. 1552733407351', 1, 223, NULL),
(225, TIMESTAMP '2019-03-16 11:50:07.351', TIMESTAMP '2019-03-16 11:50:07.351', 'Reply 0 Lorem ipsum dolor sit amet, consectetur a', 16, 223, 224),
(226, TIMESTAMP '2019-03-16 11:50:07.351', TIMESTAMP '2019-03-16 11:50:07.351', 'Reply 1 Lorem ipsum dolor sit amet, consectetur adipiscing elit, sed do eiusmod tempor incididunt ut labore', 3, 223, 224),
(227, TIMESTAMP '2019-03-16 11:50:07.366', TIMESTAMP '2019-03-16 11:50:07.366', 'Reply 2 Lorem ipsum dolor sit amet, consectetur adipiscing eli', 7, 223, 224),
(228, TIMESTAMP '2019-03-16 11:50:07.366', TIMESTAMP '2019-03-16 11:50:07.366', 'Reply 3 Lorem ipsum dol', 9, 223, 224),
(229, TIMESTAMP '2019-03-16 11:50:07.366', TIMESTAMP '2019-03-16 11:50:07.366', 'Reply 4 Lorem ipsum dolor sit amet', 11, 223, 224),
(230, TIMESTAMP '2019-03-16 11:50:07.366', TIMESTAMP '2019-03-16 11:50:07.366', 'Reply 5 Lorem ipsum', 6, 223, 224),
(241, TIMESTAMP '2019-03-16 11:50:15.007', TIMESTAMP '2019-03-16 11:50:15.007', 'Comment on root level. I really like this idea, but needs to be improved. 1552733415007', 17, 240, NULL),
(242, TIMESTAMP '2019-03-16 11:50:15.007', TIMESTAMP '2019-03-16 11:50:15.007', 'Reply 0 Lorem ipsum dolor sit amet, consectetur a', 6, 240, 241),
(243, TIMESTAMP '2019-03-16 11:50:15.007', TIMESTAMP '2019-03-16 11:50:15.007', 'Reply 1 Lorem ipsum dolor sit amet, consectetur adi', 12, 240, 241),
(244, TIMESTAMP '2019-03-16 11:50:15.038', TIMESTAMP '2019-03-16 11:50:15.038', 'Reply 2 Lorem ipsum dolor sit amet, consectetur adipiscing elit, sed do eiusmod tempor incididunt ut la', 11, 240, 241),
(245, TIMESTAMP '2019-03-16 11:50:15.038', TIMESTAMP '2019-03-16 11:50:15.038', 'Reply 3 Lorem ipsum dolor sit amet, consectetur adipiscing eli', 4, 240, 241),
(250, TIMESTAMP '2019-03-16 11:50:15.07', TIMESTAMP '2019-03-16 11:50:15.07', 'Comment on root level. I really like this idea, but needs to be improved. 1552733415070', 14, 249, NULL),
(251, TIMESTAMP '2019-03-16 11:50:15.07', TIMESTAMP '2019-03-16 11:50:15.07', 'Reply 0 Lorem ipsum dolor sit amet, consectetur adipiscing elit, sed do eiusmod tempor incididunt ', 20, 249, 250),
(252, TIMESTAMP '2019-03-16 11:50:15.07', TIMESTAMP '2019-03-16 11:50:15.07', 'Reply 1 Lorem ipsum dolor sit amet, consectetur adipiscing elit, sed do eiusmod tempor incididunt ut lab', 2, 249, 250),
(253, TIMESTAMP '2019-03-16 11:50:15.07', TIMESTAMP '2019-03-16 11:50:15.07', 'Reply 2 Lorem ipsum dolor sit amet, consectetur adipiscing elit, sed', 4, 249, 250),
(254, TIMESTAMP '2019-03-16 11:50:15.085', TIMESTAMP '2019-03-16 11:50:15.085', 'Reply 3 Lorem ipsum dolor sit amet, consectetur adipiscing elit, sed d', 12, 249, 250),
(256, TIMESTAMP '2019-03-16 11:50:15.132', TIMESTAMP '2019-03-16 11:50:15.132', 'Comment on root level. I really like this idea, but needs to be improved. 1552733415132', 19, 255, NULL),
(257, TIMESTAMP '2019-03-16 11:50:15.132', TIMESTAMP '2019-03-16 11:50:15.132', 'Reply 0 Lorem ipsum dolor sit amet, consectetur ad', 6, 255, 256),
(258, TIMESTAMP '2019-03-16 11:50:15.132', TIMESTAMP '2019-03-16 11:50:15.132', 'Reply 1 Lorem ipsum dolor sit amet, consectetur adipiscing elit, sed do eiusmod tempor incididunt ut lab', 1, 255, 256),
(259, TIMESTAMP '2019-03-16 11:50:15.132', TIMESTAMP '2019-03-16 11:50:15.132', 'Reply 2 Lorem ipsum dolor sit amet, consectetur adipiscing elit, ', 9, 255, 256),
(260, TIMESTAMP '2019-03-16 11:50:15.132', TIMESTAMP '2019-03-16 11:50:15.132', 'Reply 3 Lorem ipsum dolor sit amet, consectetur adipisc', 3, 255, 256),
(261, TIMESTAMP '2019-03-16 11:50:15.132', TIMESTAMP '2019-03-16 11:50:15.132', 'Reply 4 Lorem ipsum dolor sit amet, consectetur adipiscing elit, sed do eiusmod te', 4, 255, 256),
(262, TIMESTAMP '2019-03-16 11:50:15.132', TIMESTAMP '2019-03-16 11:50:15.132', 'Reply 5 Lorem ipsum dolor sit ame', 1, 255, 256);
INSERT INTO PUBLIC.COMMENTS(ID, CREATED_AT, UPDATED_AT, COMMENT, CREATED_BY_ID, LAW_ID, PARENT_ID) VALUES
(263, TIMESTAMP '2019-03-16 11:50:15.132', TIMESTAMP '2019-03-16 11:50:15.132', 'Reply 6 Lorem ipsum dolor sit amet, consectetur adipiscing elit, sed do eiusmod tempor incididunt', 19, 255, 256),
(265, TIMESTAMP '2019-03-16 11:50:15.242', TIMESTAMP '2019-03-16 11:50:15.242', 'Comment on root level. I really like this idea, but needs to be improved. 1552733415242', 12, 264, NULL),
(266, TIMESTAMP '2019-03-16 11:50:15.242', TIMESTAMP '2019-03-16 11:50:15.242', 'Reply 0 Lorem ipsum dolor sit amet, consectetur adipiscing elit, sed do eiusmod tempor incididunt ut la', 20, 264, 265),
(267, TIMESTAMP '2019-03-16 11:50:15.242', TIMESTAMP '2019-03-16 11:50:15.242', 'Reply 1 Lorem ipsum dolor sit amet', 13, 264, 265),
(269, TIMESTAMP '2019-03-16 11:50:15.288', TIMESTAMP '2019-03-16 11:50:15.288', 'Comment on root level. I really like this idea, but needs to be improved. 1552733415288', 10, 268, NULL),
(270, TIMESTAMP '2019-03-16 11:50:15.288', TIMESTAMP '2019-03-16 11:50:15.288', 'Reply 0 Lorem ipsum dolor sit amet, consectetur adipiscing elit, sed', 19, 268, 269),
(271, TIMESTAMP '2019-03-16 11:50:15.288', TIMESTAMP '2019-03-16 11:50:15.288', 'Reply 1 Lorem ipsum dolor sit amet, ', 10, 268, 269),
(272, TIMESTAMP '2019-03-16 11:50:15.304', TIMESTAMP '2019-03-16 11:50:15.304', 'Reply 2 Lorem ipsum dolor sit amet, consectetur adipiscing e', 14, 268, 269),
(273, TIMESTAMP '2019-03-16 11:50:15.304', TIMESTAMP '2019-03-16 11:50:15.304', 'Reply 3 Lorem ipsum dolor sit amet, consectetur adipiscing elit, sed do eiusmod tempor i', 11, 268, 269),
(275, TIMESTAMP '2019-03-16 11:50:15.351', TIMESTAMP '2019-03-16 11:50:15.351', 'Comment on root level. I really like this idea, but needs to be improved. 1552733415351', 11, 274, NULL),
(276, TIMESTAMP '2019-03-16 11:50:15.351', TIMESTAMP '2019-03-16 11:50:15.351', 'Reply 0 Lorem ipsum dolor sit amet, consect', 3, 274, 275),
(277, TIMESTAMP '2019-03-16 11:50:15.351', TIMESTAMP '2019-03-16 11:50:15.351', 'Reply 1 Lorem ipsum dolor sit amet, consectetur adipiscing elit, sed do eiusmod tempor incididunt ut labore', 7, 274, 275),
(278, TIMESTAMP '2019-03-16 11:50:15.351', TIMESTAMP '2019-03-16 11:50:15.351', 'Reply 2 Lorem ipsum dolor sit amet, consectetur adipiscing elit, sed do eiusmod tempor incididunt', 18, 274, 275),
(279, TIMESTAMP '2019-03-16 11:50:15.351', TIMESTAMP '2019-03-16 11:50:15.351', 'Reply 3 Lorem ipsum dolor sit amet, consect', 13, 274, 275),
(282, TIMESTAMP '2019-03-16 11:50:15.367', TIMESTAMP '2019-03-16 11:50:15.367', 'Comment on root level. I really like this idea, but needs to be improved. 1552733415367', 16, 281, NULL),
(283, TIMESTAMP '2019-03-16 11:50:15.367', TIMESTAMP '2019-03-16 11:50:15.367', 'Reply 0 Lorem ipsum dolor sit amet, consectetur adi', 9, 281, 282),
(284, TIMESTAMP '2019-03-16 11:50:15.367', TIMESTAMP '2019-03-16 11:50:15.367', 'Reply 1 Lorem ipsum dolor sit amet, c', 15, 281, 282),
(285, TIMESTAMP '2019-03-16 11:50:15.382', TIMESTAMP '2019-03-16 11:50:15.382', 'Reply 2 Lorem ipsum dolor sit a', 16, 281, 282),
(286, TIMESTAMP '2019-03-16 11:50:15.382', TIMESTAMP '2019-03-16 11:50:15.382', 'Reply 3 Lorem ipsum dolor sit amet, consec', 14, 281, 282),
(287, TIMESTAMP '2019-03-16 11:50:15.382', TIMESTAMP '2019-03-16 11:50:15.382', 'Reply 4 Lorem ipsum', 8, 281, 282),
(288, TIMESTAMP '2019-03-16 11:50:15.382', TIMESTAMP '2019-03-16 11:50:15.382', 'Reply 5 Lorem ipsum dolor sit amet, consectetur adipiscing elit, s', 18, 281, 282),
(289, TIMESTAMP '2019-03-16 11:50:15.382', TIMESTAMP '2019-03-16 11:50:15.382', 'Reply 6 Lorem ipsum dolor sit amet, consectetur adipiscing elit, sed', 20, 281, 282),
(291, TIMESTAMP '2019-03-16 11:50:15.492', TIMESTAMP '2019-03-16 11:50:15.492', 'Comment on root level. I really like this idea, but needs to be improved. 1552733415492', 11, 290, NULL),
(292, TIMESTAMP '2019-03-16 11:50:15.492', TIMESTAMP '2019-03-16 11:50:15.492', 'Reply 0 Lorem ipsum dolor sit amet, consectetur adipiscing elit, sed do eiusmod tempo', 4, 290, 291),
(293, TIMESTAMP '2019-03-16 11:50:15.492', TIMESTAMP '2019-03-16 11:50:15.492', 'Reply 1 Lorem ipsum dolor sit amet, con', 18, 290, 291);
INSERT INTO PUBLIC.COMMENTS(ID, CREATED_AT, UPDATED_AT, COMMENT, CREATED_BY_ID, LAW_ID, PARENT_ID) VALUES
(294, TIMESTAMP '2019-03-16 11:50:15.492', TIMESTAMP '2019-03-16 11:50:15.492', 'Reply 2 Lorem ipsum dolor sit amet, consectetur adipiscing elit, sed do eiusmod tempor ', 8, 290, 291),
(295, TIMESTAMP '2019-03-16 11:50:15.492', TIMESTAMP '2019-03-16 11:50:15.492', 'Reply 3 Lorem ipsum dolor sit amet, consectetur adipiscing elit, sed do eiusmod tempor incid', 17, 290, 291),
(296, TIMESTAMP '2019-03-16 11:50:15.492', TIMESTAMP '2019-03-16 11:50:15.492', 'Reply 4 Lorem ipsum dolor si', 12, 290, 291),
(297, TIMESTAMP '2019-03-16 11:50:15.492', TIMESTAMP '2019-03-16 11:50:15.492', 'Reply 5 Lorem ipsum dolor sit amet, consectetur adipiscing ', 16, 290, 291),
(299, TIMESTAMP '2019-03-16 11:50:15.538', TIMESTAMP '2019-03-16 11:50:15.538', 'Comment on root level. I really like this idea, but needs to be improved. 1552733415538', 20, 298, NULL),
(300, TIMESTAMP '2019-03-16 11:50:15.538', TIMESTAMP '2019-03-16 11:50:15.538', 'Reply 0 Lorem ipsum dolor sit amet, consectetur adipiscing elit,', 6, 298, 299),
(301, TIMESTAMP '2019-03-16 11:50:15.554', TIMESTAMP '2019-03-16 11:50:15.554', 'Reply 1 Lorem ipsum dolor sit amet, consectetur adipiscing el', 12, 298, 299),
(302, TIMESTAMP '2019-03-16 11:50:15.554', TIMESTAMP '2019-03-16 11:50:15.554', 'Reply 2 Lorem ipsum dolor sit amet, consectetur adipiscing e', 18, 298, 299),
(304, TIMESTAMP '2019-03-16 11:50:15.679', TIMESTAMP '2019-03-16 11:50:15.679', 'Comment on root level. I really like this idea, but needs to be improved. 1552733415679', 15, 303, NULL),
(305, TIMESTAMP '2019-03-16 11:50:15.679', TIMESTAMP '2019-03-16 11:50:15.679', 'Reply 0 Lorem ipsum dolor sit amet, consectetur adipiscing elit, sed do eius', 10, 303, 304),
(306, TIMESTAMP '2019-03-16 11:50:15.679', TIMESTAMP '2019-03-16 11:50:15.679', 'Reply 1 Lorem ipsum dolor sit amet, consectetur adipiscing elit, sed do eiusmod tempor incidi', 9, 303, 304),
(307, TIMESTAMP '2019-03-16 11:50:15.679', TIMESTAMP '2019-03-16 11:50:15.679', 'Reply 2 Lorem ipsum dolor sit amet, consectetur adipiscing elit, s', 17, 303, 304),
(309, TIMESTAMP '2019-03-16 11:50:15.835', TIMESTAMP '2019-03-16 11:50:15.835', 'Comment on root level. I really like this idea, but needs to be improved. 1552733415835', 10, 308, NULL),
(310, TIMESTAMP '2019-03-16 11:50:15.835', TIMESTAMP '2019-03-16 11:50:15.835', 'Reply 0 Lorem ipsum dolor sit amet, consectetur adipiscing elit, sed do eiusmod tempor incididunt ut labor', 20, 308, 309),
(311, TIMESTAMP '2019-03-16 11:50:15.835', TIMESTAMP '2019-03-16 11:50:15.835', 'Reply 1 Lorem ipsum dolor sit amet, consectetur adipis', 18, 308, 309),
(314, TIMESTAMP '2019-03-16 11:50:15.867', TIMESTAMP '2019-03-16 11:50:15.867', 'Comment on root level. I really like this idea, but needs to be improved. 1552733415867', 14, 313, NULL),
(315, TIMESTAMP '2019-03-16 11:50:15.867', TIMESTAMP '2019-03-16 11:50:15.867', 'Reply 0 Lorem ipsum dolor sit amet, consectetur adipiscing elit, sed do eiusmod tempor incididunt ut labore', 5, 313, 314),
(316, TIMESTAMP '2019-03-16 11:50:15.867', TIMESTAMP '2019-03-16 11:50:15.867', 'Reply 1 Lorem ipsum dolor', 7, 313, 314),
(317, TIMESTAMP '2019-03-16 11:50:15.867', TIMESTAMP '2019-03-16 11:50:15.867', 'Reply 2 Lorem ipsum dolor sit amet, consectetur adipiscing elit, sed do eius', 14, 313, 314),
(318, TIMESTAMP '2019-03-16 11:50:15.867', TIMESTAMP '2019-03-16 11:50:15.867', 'Reply 3 Lorem ipsum dolor sit amet, consectetur adipiscing elit, sed do eiusmod tempor inc', 20, 313, 314),
(319, TIMESTAMP '2019-03-16 11:50:15.867', TIMESTAMP '2019-03-16 11:50:15.867', 'Reply 4 Lorem ipsum dolor sit amet, consectetur', 17, 313, 314),
(321, TIMESTAMP '2019-03-16 11:50:15.945', TIMESTAMP '2019-03-16 11:50:15.945', 'Comment on root level. I really like this idea, but needs to be improved. 1552733415945', 6, 320, NULL),
(322, TIMESTAMP '2019-03-16 11:50:15.96', TIMESTAMP '2019-03-16 11:50:15.96', 'Reply 0 Lorem ipsum dolor sit amet, consectetur adipiscing elit, sed do eiusmo', 4, 320, 321),
(323, TIMESTAMP '2019-03-16 11:50:15.96', TIMESTAMP '2019-03-16 11:50:15.96', 'Reply 1 Lorem ipsum dolor sit ', 1, 320, 321);
INSERT INTO PUBLIC.COMMENTS(ID, CREATED_AT, UPDATED_AT, COMMENT, CREATED_BY_ID, LAW_ID, PARENT_ID) VALUES
(324, TIMESTAMP '2019-03-16 11:50:15.96', TIMESTAMP '2019-03-16 11:50:15.96', 'Reply 2 Lorem ipsum dolor sit amet, consectetur adipiscing elit, sed do eius', 19, 320, 321),
(325, TIMESTAMP '2019-03-16 11:50:15.96', TIMESTAMP '2019-03-16 11:50:15.96', 'Reply 3 Lorem ipsum dolor sit amet, consectetur adipiscing eli', 1, 320, 321),
(326, TIMESTAMP '2019-03-16 11:50:15.964', TIMESTAMP '2019-03-16 11:50:15.964', 'Reply 4 Lorem ipsum dolor sit amet, cons', 11, 320, 321),
(328, TIMESTAMP '2019-03-16 11:50:15.988', TIMESTAMP '2019-03-16 11:50:15.988', 'Comment on root level. I really like this idea, but needs to be improved. 1552733415988', 14, 327, NULL),
(329, TIMESTAMP '2019-03-16 11:50:16.003', TIMESTAMP '2019-03-16 11:50:16.003', 'Reply 0 Lorem ipsum dolor sit amet, consectetur adipis', 2, 327, 328),
(330, TIMESTAMP '2019-03-16 11:50:16.003', TIMESTAMP '2019-03-16 11:50:16.003', 'Reply 1 Lorem ipsum dolor', 18, 327, 328),
(331, TIMESTAMP '2019-03-16 11:50:16.003', TIMESTAMP '2019-03-16 11:50:16.003', 'Reply 2 Lorem ipsum dolor sit amet, consectetur adipiscing elit, sed do eiusmod tempor incidid', 8, 327, 328),
(332, TIMESTAMP '2019-03-16 11:50:16.003', TIMESTAMP '2019-03-16 11:50:16.003', 'Reply 3 Lorem ipsum dolor sit amet, consectetur adipiscing elit, sed do eiusmod tempor incidid', 5, 327, 328),
(334, TIMESTAMP '2019-03-16 11:50:16.035', TIMESTAMP '2019-03-16 11:50:16.035', 'Comment on root level. I really like this idea, but needs to be improved. 1552733416035', 12, 333, NULL),
(335, TIMESTAMP '2019-03-16 11:50:16.035', TIMESTAMP '2019-03-16 11:50:16.035', 'Reply 0 Lorem ipsum dolor sit amet, consectetur adipiscing elit, sed do eiusmod tem', 18, 333, 334),
(336, TIMESTAMP '2019-03-16 11:50:16.035', TIMESTAMP '2019-03-16 11:50:16.035', 'Reply 1 Lorem ipsum dolor sit ', 7, 333, 334),
(337, TIMESTAMP '2019-03-16 11:50:16.035', TIMESTAMP '2019-03-16 11:50:16.035', 'Reply 2 Lorem ipsum dolor sit amet, consectetur adipiscing', 1, 333, 334),
(338, TIMESTAMP '2019-03-16 11:50:16.035', TIMESTAMP '2019-03-16 11:50:16.035', 'Reply 3 Lorem ipsum', 14, 333, 334),
(356, TIMESTAMP '2019-03-16 11:50:22.433', TIMESTAMP '2019-03-16 11:50:22.433', 'Comment on root level. I really like this idea, but needs to be improved. 1552733422433', 17, 355, NULL),
(357, TIMESTAMP '2019-03-16 11:50:22.433', TIMESTAMP '2019-03-16 11:50:22.433', 'Reply 0 Lorem ipsum dolor sit amet,', 4, 355, 356),
(358, TIMESTAMP '2019-03-16 11:50:22.433', TIMESTAMP '2019-03-16 11:50:22.433', 'Reply 1 Lorem ipsum dolor sit amet, consectetur adipiscing eli', 8, 355, 356),
(359, TIMESTAMP '2019-03-16 11:50:22.433', TIMESTAMP '2019-03-16 11:50:22.433', 'Reply 2 Lorem ipsum dolor sit amet, consectetur adipiscing elit, sed do eiusmod tempor', 20, 355, 356),
(362, TIMESTAMP '2019-03-16 11:50:22.464', TIMESTAMP '2019-03-16 11:50:22.464', 'Comment on root level. I really like this idea, but needs to be improved. 1552733422464', 10, 361, NULL),
(363, TIMESTAMP '2019-03-16 11:50:22.464', TIMESTAMP '2019-03-16 11:50:22.464', 'Reply 0 Lorem ipsum dolor sit amet,', 9, 361, 362),
(364, TIMESTAMP '2019-03-16 11:50:22.464', TIMESTAMP '2019-03-16 11:50:22.464', 'Reply 1 Lorem ipsum dolor sit amet, consectetur adipiscing elit, sed do eiusmod tempor inci', 20, 361, 362),
(365, TIMESTAMP '2019-03-16 11:50:22.464', TIMESTAMP '2019-03-16 11:50:22.464', 'Reply 2 Lorem ipsum dolor sit amet, consectetur adipiscing elit, sed do eiusmod tempor incidid', 15, 361, 362),
(366, TIMESTAMP '2019-03-16 11:50:22.464', TIMESTAMP '2019-03-16 11:50:22.464', 'Reply 3 Lorem ipsum dolor sit amet, consectetur adipiscing elit, sed do eiusmod tempor', 5, 361, 362),
(367, TIMESTAMP '2019-03-16 11:50:22.464', TIMESTAMP '2019-03-16 11:50:22.464', 'Reply 4 Lorem ipsum dolor sit amet, consec', 20, 361, 362),
(369, TIMESTAMP '2019-03-16 11:50:22.496', TIMESTAMP '2019-03-16 11:50:22.496', 'Comment on root level. I really like this idea, but needs to be improved. 1552733422496', 9, 368, NULL),
(370, TIMESTAMP '2019-03-16 11:50:22.496', TIMESTAMP '2019-03-16 11:50:22.496', 'Reply 0 Lorem ipsum dolor sit amet, consectetur adipisci', 7, 368, 369);
INSERT INTO PUBLIC.COMMENTS(ID, CREATED_AT, UPDATED_AT, COMMENT, CREATED_BY_ID, LAW_ID, PARENT_ID) VALUES
(371, TIMESTAMP '2019-03-16 11:50:22.496', TIMESTAMP '2019-03-16 11:50:22.496', 'Reply 1 Lorem ipsum dolor sit amet, consectetur adipiscing elit, sed do eiusmod tempor incididun', 6, 368, 369),
(372, TIMESTAMP '2019-03-16 11:50:22.496', TIMESTAMP '2019-03-16 11:50:22.496', 'Reply 2 Lorem ipsum dolor ', 9, 368, 369),
(373, TIMESTAMP '2019-03-16 11:50:22.496', TIMESTAMP '2019-03-16 11:50:22.496', 'Reply 3 Lorem ipsum dolor sit amet, consectetur adipiscing elit, sed ', 16, 368, 369),
(375, TIMESTAMP '2019-03-16 11:50:22.527', TIMESTAMP '2019-03-16 11:50:22.527', 'Comment on root level. I really like this idea, but needs to be improved. 1552733422527', 5, 374, NULL),
(376, TIMESTAMP '2019-03-16 11:50:22.527', TIMESTAMP '2019-03-16 11:50:22.527', 'Reply 0 Lorem ipsum dolor sit amet, consectetur adipiscing elit, sed do eiusmod tempor incidid', 6, 374, 375),
(377, TIMESTAMP '2019-03-16 11:50:22.527', TIMESTAMP '2019-03-16 11:50:22.527', 'Reply 1 Lorem ipsum dolor sit amet, consecte', 6, 374, 375),
(378, TIMESTAMP '2019-03-16 11:50:22.527', TIMESTAMP '2019-03-16 11:50:22.527', 'Reply 2 Lorem ipsum d', 6, 374, 375),
(380, TIMESTAMP '2019-03-16 11:50:22.574', TIMESTAMP '2019-03-16 11:50:22.574', 'Comment on root level. I really like this idea, but needs to be improved. 1552733422574', 10, 379, NULL),
(381, TIMESTAMP '2019-03-16 11:50:22.574', TIMESTAMP '2019-03-16 11:50:22.574', 'Reply 0 Lorem ipsum dolor sit amet, consectetur adipiscing elit, sed do eiusmod tempor incididunt ut l', 13, 379, 380),
(382, TIMESTAMP '2019-03-16 11:50:22.574', TIMESTAMP '2019-03-16 11:50:22.574', 'Reply 1 Lorem ipsum d', 4, 379, 380),
(383, TIMESTAMP '2019-03-16 11:50:22.574', TIMESTAMP '2019-03-16 11:50:22.574', 'Reply 2 Lorem ipsum dolor sit amet, consectetur adipiscing elit, sed do eiusmod tempor ', 4, 379, 380),
(384, TIMESTAMP '2019-03-16 11:50:22.574', TIMESTAMP '2019-03-16 11:50:22.574', 'Reply 3 Lorem ipsum ', 17, 379, 380),
(385, TIMESTAMP '2019-03-16 11:50:22.574', TIMESTAMP '2019-03-16 11:50:22.574', 'Reply 4 Lorem ipsum dolor sit amet, consectetur adipiscing elit, ', 14, 379, 380);
CREATE MEMORY TABLE PUBLIC.COMMENTS_DOWN_VOTERS(
COMMENT_MODEL_ID BIGINT NOT NULL,
DOWN_VOTERS_ID BIGINT NOT NULL
);
ALTER TABLE PUBLIC.COMMENTS_DOWN_VOTERS ADD CONSTRAINT PUBLIC.CONSTRAINT_2 PRIMARY KEY(COMMENT_MODEL_ID, DOWN_VOTERS_ID);
-- 367 +/- SELECT COUNT(*) FROM PUBLIC.COMMENTS_DOWN_VOTERS;
INSERT INTO PUBLIC.COMMENTS_DOWN_VOTERS(COMMENT_MODEL_ID, DOWN_VOTERS_ID) VALUES
(194, 4),
(194, 10),
(194, 1),
(194, 15),
(195, 6),
(195, 13),
(195, 16),
(196, 2),
(196, 6),
(196, 1),
(196, 12),
(197, 13),
(198, 14),
(198, 3),
(198, 19),
(199, 2),
(199, 6),
(199, 18),
(199, 20),
(199, 10),
(199, 19),
(199, 5),
(201, 11),
(201, 1),
(201, 5),
(202, 10),
(202, 1),
(202, 9),
(203, 2),
(203, 6),
(203, 18),
(203, 20),
(203, 3),
(203, 16),
(204, 17),
(204, 18),
(204, 3),
(204, 16),
(205, 6),
(205, 16),
(205, 15),
(206, 17),
(206, 20),
(206, 7),
(206, 3),
(206, 15),
(207, 15),
(208, 2),
(208, 6),
(208, 14),
(208, 1),
(209, 4),
(209, 17),
(212, 10),
(213, 18),
(213, 7),
(213, 10),
(213, 16),
(214, 2),
(214, 11),
(214, 14),
(214, 7),
(214, 3),
(215, 8),
(215, 17),
(215, 20),
(215, 3),
(215, 15),
(217, 4),
(217, 13),
(217, 8),
(217, 17),
(217, 7),
(217, 3),
(219, 2),
(219, 18),
(220, 13),
(220, 8),
(220, 9),
(221, 20),
(221, 9),
(222, 20),
(224, 2),
(224, 17),
(224, 7),
(224, 1),
(224, 15),
(225, 13),
(225, 20),
(226, 8),
(228, 11),
(228, 7),
(228, 3),
(229, 4),
(229, 3),
(229, 19),
(229, 15),
(230, 1),
(230, 12),
(241, 13),
(241, 11),
(241, 10),
(241, 19),
(242, 8),
(242, 3),
(243, 2),
(243, 13),
(243, 7),
(243, 1),
(244, 4),
(244, 11),
(244, 14),
(244, 10),
(244, 16),
(250, 3),
(250, 5),
(250, 9),
(251, 2),
(251, 13),
(251, 6),
(251, 10),
(251, 19),
(252, 18),
(252, 10),
(252, 15),
(252, 5),
(253, 4),
(253, 3),
(253, 16),
(253, 12),
(254, 11),
(254, 17),
(254, 1),
(254, 3),
(254, 19),
(256, 2),
(256, 9),
(257, 2),
(257, 12),
(258, 11),
(258, 14),
(258, 16),
(258, 5),
(259, 2),
(259, 17),
(259, 15),
(260, 2),
(260, 6),
(260, 18),
(260, 1),
(261, 6),
(262, 17),
(262, 16),
(262, 5),
(263, 7),
(263, 3),
(263, 15),
(265, 4),
(265, 11),
(265, 20),
(265, 1),
(265, 16),
(266, 20),
(266, 12),
(267, 8),
(267, 18),
(267, 20),
(267, 10),
(267, 16),
(269, 17),
(269, 7),
(269, 1),
(269, 3),
(270, 8),
(270, 17),
(271, 6),
(271, 1),
(271, 12),
(272, 7),
(272, 1),
(272, 15),
(273, 2),
(273, 8),
(273, 18),
(273, 20),
(275, 16),
(276, 13),
(276, 6),
(277, 17),
(277, 15),
(277, 16),
(278, 4),
(279, 4),
(279, 2),
(279, 18),
(279, 19),
(282, 6),
(282, 19),
(282, 9),
(283, 20),
(283, 10),
(283, 19),
(283, 12),
(284, 8),
(284, 18),
(284, 20),
(284, 16),
(284, 12),
(286, 1),
(286, 3),
(287, 2),
(287, 19),
(287, 16),
(288, 13),
(288, 11),
(288, 3),
(289, 18),
(289, 20),
(289, 10),
(289, 5),
(291, 14),
(291, 3),
(291, 19),
(291, 15),
(292, 18),
(292, 20),
(292, 3),
(292, 5),
(293, 17),
(294, 16),
(294, 12),
(295, 13),
(295, 12),
(296, 2),
(296, 8),
(297, 10),
(299, 20),
(299, 10),
(300, 15),
(300, 12),
(301, 4),
(301, 15),
(302, 13),
(302, 6),
(302, 18),
(304, 20),
(305, 2),
(305, 20),
(305, 19),
(305, 16),
(306, 2),
(306, 5),
(307, 4),
(307, 16),
(309, 13),
(309, 6),
(309, 12),
(309, 9),
(311, 17),
(311, 1),
(311, 3),
(311, 19),
(311, 16),
(314, 11),
(314, 3),
(314, 12),
(315, 15),
(316, 11),
(316, 5),
(317, 14),
(317, 12),
(318, 6),
(318, 13),
(319, 10),
(321, 2),
(321, 11),
(321, 18),
(321, 10),
(321, 3),
(321, 15),
(322, 2),
(322, 10),
(322, 3),
(322, 19),
(323, 8),
(324, 3),
(325, 8),
(325, 18),
(325, 1),
(325, 5),
(325, 9),
(326, 18),
(326, 20),
(326, 5),
(328, 18),
(329, 11),
(330, 4),
(330, 6),
(331, 13),
(331, 7),
(331, 10),
(331, 1),
(332, 8),
(334, 11),
(334, 17),
(335, 18),
(336, 9),
(337, 9),
(338, 17),
(338, 20),
(338, 15),
(338, 5),
(338, 12),
(356, 9),
(357, 17),
(359, 10),
(362, 4),
(362, 6),
(363, 2),
(363, 15),
(364, 17),
(364, 10),
(365, 15),
(366, 3),
(366, 5),
(367, 5),
(369, 10),
(369, 9),
(370, 17),
(370, 14),
(370, 3),
(371, 12),
(371, 5),
(372, 8),
(372, 17),
(372, 7),
(372, 1),
(372, 16),
(372, 15),
(373, 19),
(373, 16),
(373, 9),
(375, 3),
(375, 16),
(375, 5),
(376, 17),
(377, 20),
(377, 19),
(377, 12),
(377, 9),
(378, 18),
(378, 3),
(378, 9),
(380, 5),
(381, 17),
(381, 7),
(381, 12),
(381, 9),
(383, 11),
(383, 17),
(383, 19),
(383, 15),
(384, 4),
(384, 16),
(384, 12),
(385, 6),
(385, 11);
CREATE MEMORY TABLE PUBLIC.COMMENTS_UP_VOTERS(
COMMENT_MODEL_ID BIGINT NOT NULL,
UP_VOTERS_ID BIGINT NOT NULL
);
ALTER TABLE PUBLIC.COMMENTS_UP_VOTERS ADD CONSTRAINT PUBLIC.CONSTRAINT_20 PRIMARY KEY(COMMENT_MODEL_ID, UP_VOTERS_ID);
-- 327 +/- SELECT COUNT(*) FROM PUBLIC.COMMENTS_UP_VOTERS;
INSERT INTO PUBLIC.COMMENTS_UP_VOTERS(COMMENT_MODEL_ID, UP_VOTERS_ID) VALUES
(194, 4),
(194, 8),
(194, 17),
(194, 14),
(194, 10),
(194, 5),
(195, 20),
(195, 5),
(195, 12),
(196, 18),
(196, 20),
(197, 16),
(198, 13),
(198, 19),
(198, 9),
(199, 4),
(199, 8),
(199, 20),
(199, 7),
(199, 10),
(201, 2),
(202, 6),
(203, 8),
(203, 17),
(203, 20),
(203, 1),
(203, 16),
(205, 2),
(205, 6),
(205, 20),
(206, 16),
(206, 5),
(206, 12),
(207, 13),
(207, 7),
(208, 13),
(208, 8),
(209, 19),
(209, 15),
(209, 5),
(211, 18),
(211, 19),
(211, 15),
(211, 9),
(212, 12),
(213, 8),
(213, 17),
(213, 14),
(213, 15),
(213, 16),
(214, 4),
(215, 20),
(217, 10),
(217, 1),
(218, 18),
(218, 10),
(219, 16),
(219, 9),
(220, 9),
(221, 4),
(221, 17),
(224, 4),
(224, 15),
(224, 12),
(225, 8),
(226, 10),
(227, 6),
(227, 10),
(227, 19),
(227, 12),
(227, 9),
(228, 10),
(229, 13),
(229, 7),
(230, 13),
(230, 8),
(230, 18),
(230, 20),
(241, 20),
(241, 10),
(241, 5),
(242, 4),
(242, 10),
(242, 5),
(242, 9),
(243, 12),
(244, 20),
(244, 7),
(245, 11),
(245, 17),
(245, 20),
(250, 8),
(250, 11),
(250, 10),
(251, 10),
(252, 9),
(253, 4),
(253, 17),
(253, 3),
(253, 15),
(253, 5),
(253, 9),
(256, 4),
(256, 7),
(256, 16),
(257, 8),
(257, 14),
(258, 8),
(259, 5),
(260, 2),
(261, 2),
(261, 10),
(261, 5),
(261, 12),
(262, 18),
(262, 14),
(262, 1),
(262, 3),
(263, 14),
(263, 10),
(265, 13),
(265, 20),
(265, 9),
(266, 20),
(269, 7),
(269, 3),
(270, 15),
(271, 6),
(271, 13),
(271, 16),
(272, 20),
(272, 14),
(272, 10),
(272, 1),
(272, 19),
(273, 20),
(273, 5),
(273, 9),
(275, 11),
(275, 18),
(275, 20),
(275, 7),
(275, 1),
(276, 4),
(276, 11),
(276, 10),
(276, 5),
(277, 8),
(277, 17),
(278, 1),
(279, 14),
(279, 10),
(279, 9),
(282, 6),
(282, 11),
(282, 18),
(282, 14),
(282, 5),
(283, 8),
(283, 5),
(284, 2),
(284, 4),
(284, 13),
(284, 12),
(285, 6),
(285, 10),
(285, 9),
(286, 11),
(286, 20),
(288, 13),
(288, 15),
(289, 17),
(289, 10),
(289, 12),
(289, 5),
(291, 19),
(292, 20),
(292, 1),
(293, 17),
(293, 16),
(294, 2),
(294, 15),
(295, 15),
(296, 3),
(296, 19),
(296, 5),
(297, 16),
(299, 4),
(299, 7),
(299, 19),
(300, 8),
(300, 17),
(300, 10),
(301, 8),
(301, 7),
(301, 16),
(304, 11),
(304, 7),
(304, 12),
(307, 20),
(307, 14),
(309, 17),
(309, 15),
(309, 9),
(310, 16),
(311, 6),
(311, 5),
(314, 7),
(314, 3),
(314, 16),
(314, 9),
(315, 1),
(315, 3),
(316, 6),
(316, 17),
(317, 4),
(317, 18),
(317, 5),
(317, 12),
(318, 10),
(318, 12),
(318, 9),
(319, 11),
(322, 11),
(322, 14),
(322, 7),
(322, 12),
(323, 4),
(323, 6),
(323, 10),
(323, 9),
(324, 2),
(324, 18),
(324, 7),
(324, 1),
(325, 15),
(326, 18),
(326, 20),
(326, 7),
(326, 3),
(326, 16),
(328, 8),
(328, 7),
(329, 13),
(329, 20),
(329, 14),
(331, 5),
(332, 4),
(332, 18),
(332, 17),
(332, 14),
(332, 16),
(334, 14),
(334, 3),
(334, 15),
(334, 9),
(335, 18),
(335, 17),
(335, 1),
(336, 11),
(336, 10),
(337, 11),
(337, 3),
(337, 16),
(338, 13),
(338, 7),
(338, 9),
(356, 7),
(356, 19),
(356, 16),
(356, 9),
(358, 6),
(358, 17),
(358, 20),
(358, 16),
(359, 3),
(359, 9),
(363, 4),
(363, 6),
(363, 20),
(363, 9),
(364, 20),
(365, 2),
(365, 6),
(365, 19),
(365, 15),
(365, 16),
(366, 13),
(366, 18),
(366, 17),
(366, 10),
(366, 16),
(366, 12),
(367, 11),
(367, 18),
(369, 17),
(369, 10),
(369, 15),
(370, 8),
(370, 11),
(370, 7),
(370, 1),
(370, 16),
(371, 13),
(371, 3),
(372, 18),
(372, 7),
(372, 9),
(373, 4),
(373, 17),
(373, 19),
(376, 6),
(376, 12),
(377, 14),
(378, 13),
(378, 5),
(380, 13),
(380, 15),
(381, 14),
(382, 20),
(382, 10),
(382, 3),
(382, 12),
(383, 13),
(384, 17),
(384, 7),
(385, 3);
CREATE MEMORY TABLE PUBLIC.DELEGATIONS(
ID BIGINT NOT NULL,
CREATED_AT TIMESTAMP NOT NULL,
UPDATED_AT TIMESTAMP NOT NULL,
REQUESTED_DELEGATION_AT TIMESTAMP,
TRANSITIVE BOOLEAN NOT NULL,
AREA_ID BIGINT NOT NULL,
FROM_USER_ID BIGINT NOT NULL,
REQUESTED_DELEGATION_FROM_CHECKSUM_CHECKSUM VARCHAR(255),
TO_PROXY_ID BIGINT NOT NULL
);
ALTER TABLE PUBLIC.DELEGATIONS ADD CONSTRAINT PUBLIC.CONSTRAINT_8 PRIMARY KEY(ID);
-- 9 +/- SELECT COUNT(*) FROM PUBLIC.DELEGATIONS;
INSERT INTO PUBLIC.DELEGATIONS(ID, CREATED_AT, UPDATED_AT, REQUESTED_DELEGATION_AT, TRANSITIVE, AREA_ID, FROM_USER_ID, REQUESTED_DELEGATION_FROM_CHECKSUM_CHECKSUM, TO_PROXY_ID) VALUES
(231, TIMESTAMP '2019-03-16 11:50:08.693', TIMESTAMP '2019-03-16 11:50:08.693', NULL, TRUE, 21, 2, NULL, 1),
(232, TIMESTAMP '2019-03-16 11:50:09.646', TIMESTAMP '2019-03-16 11:50:09.646', NULL, TRUE, 21, 3, NULL, 1),
(233, TIMESTAMP '2019-03-16 11:50:10.584', TIMESTAMP '2019-03-16 11:50:10.584', NULL, TRUE, 21, 4, NULL, 1),
(234, TIMESTAMP '2019-03-16 11:50:11.126', TIMESTAMP '2019-03-16 11:50:11.126', TIMESTAMP '2019-03-16 11:50:11.126', TRUE, 21, 5, '$2a$10$1IdrGrRAN2Wp3U7QI.JIzuaW/fGb8Z2mJgsKxYwe5.NrtAFNxSQVS', 2),
(235, TIMESTAMP '2019-03-16 11:50:11.814', TIMESTAMP '2019-03-16 11:50:11.814', NULL, TRUE, 21, 6, NULL, 3),
(236, TIMESTAMP '2019-03-16 11:50:12.578', TIMESTAMP '2019-03-16 11:50:12.578', NULL, TRUE, 21, 7, NULL, 4),
(237, TIMESTAMP '2019-03-16 11:50:13.406', TIMESTAMP '2019-03-16 11:50:13.406', NULL, TRUE, 21, 10, NULL, 7),
(238, TIMESTAMP '2019-03-16 11:50:14.202', TIMESTAMP '2019-03-16 11:50:14.202', NULL, TRUE, 21, 11, NULL, 7),
(239, TIMESTAMP '2019-03-16 11:50:14.96', TIMESTAMP '2019-03-16 11:50:14.96', NULL, FALSE, 21, 12, NULL, 7);
CREATE MEMORY TABLE PUBLIC.KEY_VALUE(
ID BIGINT NOT NULL,
KEY_COL VARCHAR(255) NOT NULL,
VALUE_COL VARCHAR(255)
);
ALTER TABLE PUBLIC.KEY_VALUE ADD CONSTRAINT PUBLIC.CONSTRAINT_7 PRIMARY KEY(ID);
-- 3 +/- SELECT COUNT(*) FROM PUBLIC.KEY_VALUE;
INSERT INTO PUBLIC.KEY_VALUE(ID, KEY_COL, VALUE_COL) VALUES
(32, 'liquido.supporters.for.proposal', '10'),
(246, 'liquido.days.until.voting.starts', '14'),
(247, 'liquido.duration.of.voting.phase', '14');
CREATE MEMORY TABLE PUBLIC.LAWS(
ID BIGINT NOT NULL,
CREATED_AT TIMESTAMP NOT NULL,
UPDATED_AT TIMESTAMP NOT NULL,
DESCRIPTION VARCHAR(1000) NOT NULL,
REACHED_QUORUM_AT TIMESTAMP,
STATUS INTEGER NOT NULL,
TITLE VARCHAR(255) NOT NULL,
AREA_ID BIGINT NOT NULL,
CREATED_BY_ID BIGINT,
POLL_ID BIGINT
);
ALTER TABLE PUBLIC.LAWS ADD CONSTRAINT PUBLIC.CONSTRAINT_23 PRIMARY KEY(ID);
-- 188 +/- SELECT COUNT(*) FROM PUBLIC.LAWS;
INSERT INTO PUBLIC.LAWS(ID, CREATED_AT, UPDATED_AT, DESCRIPTION, REACHED_QUORUM_AT, STATUS, TITLE, AREA_ID, CREATED_BY_ID, POLL_ID) VALUES
(31, TIMESTAMP '2019-03-15 11:50:05.017', TIMESTAMP '2019-03-16 11:50:05.018', 'Eu4TYk7e Lorem ipsum dolor sit amet, consectetur adipiscing elit, sed do eiusmod tempor incididunt ut labore et dolore magna aliqua. Ut enim ad minim veniam, quis nostrud exercitation ullamco laboris nisi ut aliquip ex ea commodo consequat. Duis aute irure dolor in reprehenderit in voluptate velit esse cillum dolore eu fugiat nul', NULL, 0, 'Idea 0 title from TestFixtures', 21, 9, NULL),
(33, TIMESTAMP '2019-03-14 11:50:05.08', TIMESTAMP '2019-03-15 11:50:05.08', '37uODs0p Lorem ipsum dolor sit amet, consectetur adipiscing elit, sed do eiusmod tempor incididunt ut labore et dolore magna aliqua. Ut enim ad minim ve', NULL, 0, 'Idea 1 that suggest that we definitely need a longer title for ideas', 22, 15, NULL),
(34, TIMESTAMP '2019-03-13 11:50:05.089', TIMESTAMP '2019-03-14 11:50:05.089', 'GUTG7bBx Lorem ipsum dolor sit amet, consectetur adipiscing elit, sed do eiusmod tempor incididunt ut labore et dolore magna aliqua. Ut enim ad minim veniam, quis nostr', NULL, 0, 'Idea 2 that suggest that we definitely need a longer title for ideas', 23, 15, NULL),
(35, TIMESTAMP '2019-03-12 11:50:05.106', TIMESTAMP '2019-03-13 11:50:05.106', 'xo3wUq0U Lorem ipsum dolor sit amet, consectetu', NULL, 0, 'Idea 3 that suggest that we definitely need a longer title for ideas', 24, 11, NULL),
(36, TIMESTAMP '2019-03-11 11:50:05.171', TIMESTAMP '2019-03-12 11:50:05.171', 'fUcqlM5X Lorem ipsum dolor sit amet, consectetur adipiscing elit, sed do eiusmod tempor incididunt ut labore et dolore magna aliqua. Ut enim ad minim veniam, quis nostrud exercitation ullamco', NULL, 0, 'Idea 4 that suggest that we definitely need a longer title for ideas', 25, 18, NULL),
(37, TIMESTAMP '2019-03-10 11:50:05.176', TIMESTAMP '2019-03-11 11:50:05.177', 'ZlhyTDvO Lorem ipsum dolor sit amet, consectetur adipiscing elit, sed do eiusmod tempor incididunt ut labore et dolore magna aliqua. Ut enim ad minim veniam, quis nostrud exercitation ullamco laboris nisi ut aliquip ex ea commodo consequat. Duis aute irure dolor in reprehenderit in voluptate velit esse cillum dolore eu fugiat nulla pariatur. Excepteur sint occaecat cupidatat non proident, sunt', NULL, 0, 'Idea 5 that suggest that we definitely need a longer title for ideas', 26, 13, NULL),
(38, TIMESTAMP '2019-03-09 11:50:05.348', TIMESTAMP '2019-03-10 11:50:05.348', 'mpwRQRry Lorem ipsum dolor sit amet, consectetur adipiscing elit, sed do eiusmod tempor incididunt ut labore et dolore magna aliqua. Ut eni', NULL, 0, 'Idea 6 that suggest that we definitely need a longer title for ideas', 27, 4, NULL),
(39, TIMESTAMP '2019-03-08 11:50:05.359', TIMESTAMP '2019-03-09 11:50:05.359', 'cGeHOz8L Lorem ipsum dolor sit ', NULL, 0, 'Idea 7 that suggest that we definitely need a longer title for ideas', 28, 14, NULL),
(40, TIMESTAMP '2019-03-07 11:50:05.365', TIMESTAMP '2019-03-08 11:50:05.365', 'LsMDkOrb Lorem ipsum dolor sit amet, consectetur adipiscing elit, sed do eiusmod tempor incididunt ut labore et dolore magna aliqua. Ut enim ad minim veniam, quis nostrud exercit', NULL, 0, 'Idea 8 that suggest that we definitely need a longer title for ideas', 29, 3, NULL),
(41, TIMESTAMP '2019-03-06 11:50:05.369', TIMESTAMP '2019-03-07 11:50:05.369', '6Q7yHglS Lorem ipsum dolor sit amet, consectetur adipiscing elit, sed do eiusmod tempor incididunt ut labore et dolore magna aliqua. Ut enim ad minim veniam, quis nostrud exercitation ullamco laboris nisi ut aliquip ex ea commodo consequat. Duis aute irure dolor in reprehenderit in voluptate velit esse cillum dolore eu fugiat nulla pariatur. Excepteur sin', NULL, 0, 'Idea 9 that suggest that we definitely need a longer title for ideas', 30, 18, NULL),
(42, TIMESTAMP '2019-03-05 11:50:05.379', TIMESTAMP '2019-03-06 11:50:05.379', 'XLfOmonC Lorem ipsum dolor sit amet, consectetur adipiscing elit, sed do eiusmod tempor incididunt ut labore et dolore magna aliqua. Ut enim ad minim veniam, quis nostrud exercitation ullamco laboris nisi ut aliquip ex ea commodo consequat. Duis aute irure dolor in reprehenderit in voluptate velit esse cillum dolore eu fugiat nulla pariatur. Excepteur sint occaeca', NULL, 0, 'Idea 10 that suggest that we definitely need a longer title for ideas', 21, 18, NULL);
INSERT INTO PUBLIC.LAWS(ID, CREATED_AT, UPDATED_AT, DESCRIPTION, REACHED_QUORUM_AT, STATUS, TITLE, AREA_ID, CREATED_BY_ID, POLL_ID) VALUES
(43, TIMESTAMP '2019-03-04 11:50:05.387', TIMESTAMP '2019-03-05 11:50:05.387', 'Clx2xMrx Lorem ipsum dolor sit amet, consectetur adipiscing elit, sed do eiusmod tempor incididunt ut labore et dolore magna aliqua. Ut enim ad minim veniam, quis nostrud exercitation ullamco laboris nisi ut aliquip ex ea c', NULL, 0, 'Idea 11 that suggest that we definitely need a longer title for ideas', 22, 12, NULL),
(44, TIMESTAMP '2019-03-03 11:50:05.417', TIMESTAMP '2019-03-04 11:50:05.418', 'ZhA2KOTk Lorem ipsum dolor sit amet, consectetur adipiscing elit, sed do eiusmod tempor incididunt ut labore et dolore magna aliqua. Ut enim ad minim veniam, quis ', NULL, 0, 'Idea 12 that suggest that we definitely need a longer title for ideas', 23, 5, NULL),
(45, TIMESTAMP '2019-03-02 11:50:05.423', TIMESTAMP '2019-03-03 11:50:05.423', 'Q0GMqF5B Lorem ipsum dolor sit amet, consectetur adipiscing elit, sed do eiusmod tempor incididunt ut labore et dolore magna aliqua. Ut enim ad minim veniam, quis nostrud exercitation ullamco laboris nisi ut aliquip ex ea commodo consequat. Duis aute irure dolor in reprehenderit in voluptate velit esse cillum dolore eu fugiat nulla pariatur. Excepteur sint occaecat cupidatat non proident, sunt ', NULL, 0, 'Idea 13 that suggest that we definitely need a longer title for ideas', 24, 18, NULL),
(46, TIMESTAMP '2019-03-01 11:50:05.431', TIMESTAMP '2019-03-02 11:50:05.431', 'Fep4bbrQ Lorem ipsum dolor sit amet, consectetur adipiscing elit, sed do eiusmod tempor incididunt ut labore et dolore magna aliqua. Ut enim ad minim veniam, quis nostrud exercitation ullamco laboris nisi ut aliquip ex ea commodo consequat. Duis aute irure dolor in reprehenderit in voluptate ', NULL, 0, 'Idea 14 that suggest that we definitely need a longer title for ideas', 25, 1, NULL),
(47, TIMESTAMP '2019-02-28 11:50:05.44', TIMESTAMP '2019-03-01 11:50:05.44', 'OT5FlFkC Lorem ipsum dolor sit amet, consectetur adipiscing elit, sed do eiusmod tempor incididunt ut labore et dolore magna aliqua. Ut enim ad minim veniam, quis nostrud exercitation ullamco laboris nisi ut aliquip ex ea commodo consequat. Duis aute irure dolor in reprehenderit in voluptate velit esse cillum dolore eu fugiat nul', NULL, 0, 'Idea 15 that suggest that we definitely need a longer title for ideas', 26, 9, NULL),
(48, TIMESTAMP '2019-02-27 11:50:05.457', TIMESTAMP '2019-02-28 11:50:05.457', 'T3TQzox4 Lorem ipsum dolor sit amet, consectetur adipiscing elit, sed do eiusmod tempor incididunt ut labore et dolore magna aliqua. Ut enim ad minim veniam, quis nostrud exercitation ullamco laboris ni', NULL, 0, 'Idea 16 that suggest that we definitely need a longer title for ideas', 27, 18, NULL),
(49, TIMESTAMP '2019-02-26 11:50:05.468', TIMESTAMP '2019-02-27 11:50:05.468', 'e5F2Y2Zw Lorem ipsum dolor sit amet, consectetur adipiscing elit, sed do eiusmod tempor incididunt ut labore et dolore magna aliqua. Ut enim ad minim ', NULL, 0, 'Idea 17 that suggest that we definitely need a longer title for ideas', 28, 17, NULL),
(50, TIMESTAMP '2019-02-25 11:50:05.502', TIMESTAMP '2019-02-26 11:50:05.502', 'Am0BY9qy Lorem ipsum dolor sit amet, consectetur adipiscing elit, sed do eiusmod tempor incididunt ut labore et dolore magna aliqua. Ut enim ad minim veniam, quis nostrud exercitation ullamco laboris nisi ut aliquip ex ea commodo consequat. Duis aute irure dolor in reprehenderit in voluptate velit esse cillum dolore eu fugiat nulla pariatur. Excepteur sint occaecat cupidatat non ', NULL, 0, 'Idea 18 that suggest that we definitely need a longer title for ideas', 29, 19, NULL),
(51, TIMESTAMP '2019-02-24 11:50:05.543', TIMESTAMP '2019-02-25 11:50:05.543', 'zAZ2yncn Lorem ipsum dolor sit amet, consectetur adipiscing elit, sed do eiusmod tempor incididunt ut labore et dolore magna aliqua. Ut enim ad minim veniam, quis nostrud exercitation ullamco laboris nisi ut aliquip ex ea comm', NULL, 0, 'Idea 19 that suggest that we definitely need a longer title for ideas', 30, 2, NULL);
INSERT INTO PUBLIC.LAWS(ID, CREATED_AT, UPDATED_AT, DESCRIPTION, REACHED_QUORUM_AT, STATUS, TITLE, AREA_ID, CREATED_BY_ID, POLL_ID) VALUES
(52, TIMESTAMP '2019-02-23 11:50:05.558', TIMESTAMP '2019-02-24 11:50:05.558', 'FBepGbl6 Lorem ipsum dolor sit amet, consectetur adipiscing elit, sed do eiusmod tempor incididunt ut labore et dolore magna aliqua. Ut enim ad minim veniam, quis nostrud exercitation ullamco laboris nisi ut aliquip ex ea commodo consequat. Duis aute irure dolor in reprehenderit in voluptate velit esse cillum dolore eu fugiat nulla pariatur. Excepteur si', NULL, 0, 'Idea 20 that suggest that we definitely need a longer title for ideas', 21, 13, NULL),
(53, TIMESTAMP '2019-02-22 11:50:05.578', TIMESTAMP '2019-02-23 11:50:05.578', 'P7S2cXyW Lorem ipsum dolor sit amet, consectetur adipisci', NULL, 0, 'Idea 21 that suggest that we definitely need a longer title for ideas', 22, 15, NULL),
(54, TIMESTAMP '2019-02-21 11:50:05.587', TIMESTAMP '2019-02-22 11:50:05.588', 'lVGDmfCk Lorem ipsum dolor sit amet, consectetur adipiscing elit, sed do eiusmod tempor incididunt ut labore et dolore magna aliqua. Ut enim ad minim veniam, quis nostrud exercitation ullamco laboris nisi ut aliquip ex ea commodo consequat. Duis aute irure dolor in repreh', NULL, 0, 'Idea 22 that suggest that we definitely need a longer title for ideas', 23, 3, NULL),
(55, TIMESTAMP '2019-02-20 11:50:05.599', TIMESTAMP '2019-02-21 11:50:05.599', 'Wh4xNxZL Lorem ipsum dolor sit amet, consectetur adipiscing elit, sed do eiusmod tempor incididunt ut labore et dolore magna aliqua. Ut enim ad minim veniam, quis nostrud exercitation ullamco laboris nisi ut aliquip ex ea commodo consequat. Duis aute irure dolor in re', NULL, 0, 'Idea 23 that suggest that we definitely need a longer title for ideas', 24, 2, NULL),
(56, TIMESTAMP '2019-02-19 11:50:05.602', TIMESTAMP '2019-02-20 11:50:05.603', 'ySeDuF2K Lorem ipsum dolor sit amet, consectetur adipiscing elit, sed do eiusmod', NULL, 0, 'Idea 24 that suggest that we definitely need a longer title for ideas', 25, 13, NULL),
(57, TIMESTAMP '2019-02-18 11:50:05.607', TIMESTAMP '2019-02-19 11:50:05.607', 'aUfhW30r Lorem ipsum dolor sit amet, consectetur adipiscing elit, sed do eiusmod tempor incididunt ut labore et dolore magna aliqua. Ut enim ad minim veniam, quis nostrud exercitation ullamco laboris nisi ut aliquip ex ea commodo consequat. Duis aute irure dolor in reprehenderit in voluptate velit esse cillum dolore eu fugiat nulla pariatur. Excepteur sint occaecat cupidatat non pro', NULL, 0, 'Idea 25 that suggest that we definitely need a longer title for ideas', 26, 12, NULL),
(58, TIMESTAMP '2019-02-17 11:50:05.613', TIMESTAMP '2019-02-18 11:50:05.613', 'equhOxMC Lorem ipsum dolor sit amet, consectetur adipiscing elit, sed do eiusmod tempor incididunt ut labore et dolore magna aliqua. Ut enim ad minim veniam, quis nostrud exercitation ullamco laboris nisi ut aliquip ', NULL, 0, 'Idea 26 that suggest that we definitely need a longer title for ideas', 27, 16, NULL),
(59, TIMESTAMP '2019-02-16 11:50:05.624', TIMESTAMP '2019-02-17 11:50:05.624', 'utZ8WkCe Lorem ipsum dolor sit amet, consectetur adipiscing elit, sed do eiusmod tempor incididunt ut labore et dolore magna aliqua. Ut enim ad minim veniam, quis nostrud exercitation ullamco laboris nisi ut aliquip ex ea ', NULL, 0, 'Idea 27 that suggest that we definitely need a longer title for ideas', 28, 9, NULL),
(60, TIMESTAMP '2019-02-15 11:50:05.636', TIMESTAMP '2019-02-16 11:50:05.637', '8GoFncNx Lorem ipsum dolor sit amet, consectetur adipiscing elit, sed do eiusmod tempor incididunt ut labore et dolore magna aliqua. Ut enim ad minim veniam, quis nostrud exercitation ullamco laboris nisi ut aliquip ex ea commodo consequat. Duis aute irure dolor in reprehenderit in voluptate velit esse cillum dolore eu fugiat nulla pariatur. Excepteur sint occaecat cupidatat non pr', NULL, 0, 'Idea 28 that suggest that we definitely need a longer title for ideas', 29, 17, NULL),
(61, TIMESTAMP '2019-02-14 11:50:05.666', TIMESTAMP '2019-02-15 11:50:05.666', 'eHV4nyCC Lorem ipsum dolor sit amet, consectetur adipiscing elit, sed do eiusmod tempor incididunt ut labore et dolore magna aliqua. Ut enim ad minim veniam, quis nostrud exercitation ullamco laboris nisi ut aliquip ex ea commodo consequat. Duis aute irure dolor in repreh', NULL, 0, 'Idea 29 that suggest that we definitely need a longer title for ideas', 30, 19, NULL);
INSERT INTO PUBLIC.LAWS(ID, CREATED_AT, UPDATED_AT, DESCRIPTION, REACHED_QUORUM_AT, STATUS, TITLE, AREA_ID, CREATED_BY_ID, POLL_ID) VALUES
(62, TIMESTAMP '2019-02-13 11:50:05.672', TIMESTAMP '2019-02-14 11:50:05.672', 'PPSloBlX Lorem ipsum dolor sit amet, consectetur adipiscing elit, sed do eiusmod tempor incididunt ut labore et dolore magna aliqua. Ut enim ad minim veniam, quis nostrud exercitation ullamco laboris nisi ut aliquip ex ea commodo consequat. Duis aute irure dolor in', NULL, 0, 'Idea 30 that suggest that we definitely need a longer title for ideas', 21, 9, NULL),
(63, TIMESTAMP '2019-02-12 11:50:05.678', TIMESTAMP '2019-02-13 11:50:05.679', 'GRmggVfP Lorem ipsum dolor sit amet, consectetur adipiscing elit, sed do eiusmod tempor incididunt ut labore et dolore magna aliqua. Ut enim ad minim veniam, quis nostrud exercitation ullamco labor', NULL, 0, 'Idea 31 that suggest that we definitely need a longer title for ideas', 22, 16, NULL),
(64, TIMESTAMP '2019-02-11 11:50:05.682', TIMESTAMP '2019-02-12 11:50:05.682', '66hcw9af Lorem ipsum dolor sit amet, consectetur adipiscing elit, sed do eiusmod tempor incididunt ut labore et dolore magna aliqua. Ut enim ad minim veniam, quis nostrud exercitation ullamco laboris nisi ut aliquip ex ea commodo consequat. Duis aute irure dolor in reprehenderit in voluptate velit esse cillum dolore eu fugiat nulla pariatur.', NULL, 0, 'Idea 32 that suggest that we definitely need a longer title for ideas', 23, 20, NULL),
(65, TIMESTAMP '2019-02-10 11:50:05.692', TIMESTAMP '2019-02-11 11:50:05.692', 'OXayT7LB Lorem ipsum dolor sit amet, consectetur adipiscing elit, sed do eiusmod tempor incididunt ut labore et dolore magna aliqua. Ut enim ad ', NULL, 0, 'Idea 33 that suggest that we definitely need a longer title for ideas', 24, 5, NULL),
(66, TIMESTAMP '2019-02-09 11:50:05.714', TIMESTAMP '2019-02-10 11:50:05.714', 'GYFvYBHg Lorem ipsum dolor sit amet, consectetur adipiscing elit, sed do eiusmod tempor incididunt ut labore et dolore magna aliqua. Ut enim ad minim veniam, quis nostrud exercitation ullamco laboris nisi ut aliquip', NULL, 0, 'Idea 34 that suggest that we definitely need a longer title for ideas', 25, 4, NULL),
(67, TIMESTAMP '2019-02-08 11:50:05.721', TIMESTAMP '2019-02-09 11:50:05.721', 'e2EWh8DD Lorem ipsum dolor sit amet, consectetur adipiscing elit, sed do eiusmod tempor incididunt ut la', NULL, 0, 'Idea 35 that suggest that we definitely need a longer title for ideas', 26, 8, NULL),
(68, TIMESTAMP '2019-02-07 11:50:05.724', TIMESTAMP '2019-02-08 11:50:05.724', 'voZ8PbVP Lorem ipsum dolor sit amet, consectetur adipiscing elit, se', NULL, 0, 'Idea 36 that suggest that we definitely need a longer title for ideas', 27, 17, NULL),
(69, TIMESTAMP '2019-02-06 11:50:05.726', TIMESTAMP '2019-02-07 11:50:05.726', '5XyFfcPz Lorem ipsum dolor sit ame', NULL, 0, 'Idea 37 that suggest that we definitely need a longer title for ideas', 28, 15, NULL),
(70, TIMESTAMP '2019-02-05 11:50:05.773', TIMESTAMP '2019-02-06 11:50:05.773', 'VKtcXzpc Lorem ipsum dolor sit amet, consectetur adipiscing elit, sed do eiusmod tempor incididunt ut labore et dolore magna aliqua. Ut enim ad minim veniam, quis nostrud exercitation ullamco laboris nisi ut aliquip ex ea commodo consequat. Duis aute irure dolor in reprehenderit in voluptate velit esse cillum dolore eu fugiat nulla pariatur. Excepteur sint occaecat cupidat', NULL, 0, 'Idea 38 that suggest that we definitely need a longer title for ideas', 29, 2, NULL),
(71, TIMESTAMP '2019-02-04 11:50:05.788', TIMESTAMP '2019-02-05 11:50:05.788', 'mUU0r2xL Lorem ipsum dolor sit amet, consectetur adipiscing elit, sed do eiusmod tempor incididunt ut labore et dolore magna aliqua. Ut enim ad minim veniam, quis nostrud exercitation ullamco laboris nisi ut aliquip ex ea commodo consequat. Duis aute irure dolor in reprehenderit in voluptate velit esse cillum dolore eu fugiat nulla pa', NULL, 0, 'Idea 39 that suggest that we definitely need a longer title for ideas', 30, 1, NULL),
(72, TIMESTAMP '2019-02-03 11:50:05.788', TIMESTAMP '2019-02-04 11:50:05.788', 'sqyBgxCe Lorem ipsum dolor sit amet, consectetur adipiscing elit, sed do eiusmod tempor incididunt ut labore et dolore magna aliqua. Ut enim ad minim veniam, quis nostrud exerc', NULL, 0, 'Idea 40 that suggest that we definitely need a longer title for ideas', 21, 16, NULL);
INSERT INTO PUBLIC.LAWS(ID, CREATED_AT, UPDATED_AT, DESCRIPTION, REACHED_QUORUM_AT, STATUS, TITLE, AREA_ID, CREATED_BY_ID, POLL_ID) VALUES
(73, TIMESTAMP '2019-02-02 11:50:05.804', TIMESTAMP '2019-02-03 11:50:05.804', 'woPTb4et Lore', NULL, 0, 'Idea 41 that suggest that we definitely need a longer title for ideas', 22, 7, NULL),
(74, TIMESTAMP '2019-02-01 11:50:05.804', TIMESTAMP '2019-02-02 11:50:05.804', '64LQmvdz Lorem ipsum dolor sit amet, consectetur adipiscing elit, sed do eiusmod tempor incididunt ut labore et dolore magna aliqua. Ut enim ad minim veniam, quis nostrud exercitation ullamco laboris nisi ', NULL, 0, 'Idea 42 that suggest that we definitely need a longer title for ideas', 23, 15, NULL),
(75, TIMESTAMP '2019-01-31 11:50:05.804', TIMESTAMP '2019-02-01 11:50:05.804', 'T8QXl4qZ Lorem ipsum dolor sit amet, consectetur adipiscing elit, sed do eiusmod tempor incididunt ut labore et dolore magna aliqua. Ut enim ad minim veniam, quis nostrud exercitation ullamco laboris nisi ut aliquip ex', NULL, 0, 'Idea 43 that suggest that we definitely need a longer title for ideas', 24, 1, NULL),
(76, TIMESTAMP '2019-01-30 11:50:05.82', TIMESTAMP '2019-01-31 11:50:05.82', 'm6ekDSQn Lorem ipsum dolor sit amet, consectetur adipiscing elit, sed do eiusmod tempor incididunt ut labore et dolore magna aliqua. Ut enim ad minim veniam, quis nostrud exercitation ullamco laboris nisi ut aliquip ex ea commodo consequat. Duis aute irure dolor in reprehenderit in voluptate velit esse cillum dolore eu fugiat nulla pariatur. Excepteur sint occaecat cupidatat non proi', NULL, 0, 'Idea 44 that suggest that we definitely need a longer title for ideas', 25, 8, NULL),
(77, TIMESTAMP '2019-01-29 11:50:05.82', TIMESTAMP '2019-01-30 11:50:05.82', 'TakFkRHt Lorem ipsum dolor sit amet, consectetur adipiscing elit, sed do eiusmod tempor incididunt ut labore et dolore magna aliqua. Ut enim ad minim veniam, quis nostrud exercitation ullamco laboris nisi ut aliquip ex ea commodo consequat. Duis aute irure dolor in reprehenderit in voluptate velit esse cillum dolore eu fugiat nulla pariatur. Excepteur si', NULL, 0, 'Idea 45 that suggest that we definitely need a longer title for ideas', 26, 5, NULL),
(78, TIMESTAMP '2019-01-28 11:50:05.82', TIMESTAMP '2019-01-29 11:50:05.82', 'qHqPEmSs Lorem ipsum dolor sit amet, consectetur adipiscin', NULL, 0, 'Idea 46 that suggest that we definitely need a longer title for ideas', 27, 5, NULL),
(79, TIMESTAMP '2019-01-27 11:50:05.835', TIMESTAMP '2019-01-28 11:50:05.835', 'cX8eRN2E Lorem ipsum dolor sit amet, consectetur adipiscing elit, sed do eiusmod tempor incididunt ut labore et dolore magna aliqua. Ut enim ad minim veniam, quis nostrud exercitation ullamco laboris nisi ut aliquip ex ea commodo', NULL, 0, 'Idea 47 that suggest that we definitely need a longer title for ideas', 28, 1, NULL),
(80, TIMESTAMP '2019-01-26 11:50:05.835', TIMESTAMP '2019-01-27 11:50:05.835', 'TLn69bNb Lorem ipsum dolor sit amet, consectetur adipiscing elit, sed do eiusmod tempor incididunt ut labore et dolore magna aliqua. Ut enim ad minim veniam, quis nostrud exercitation ullamco laboris nisi ut aliquip ex ea commodo', NULL, 0, 'Idea 48 that suggest that we definitely need a longer title for ideas', 29, 14, NULL),
(81, TIMESTAMP '2019-01-25 11:50:05.851', TIMESTAMP '2019-01-26 11:50:05.851', 'LFAMHWyt Lorem ipsum dolor sit amet, consectetur adipiscing elit, sed do eiusmod tempor incididunt', NULL, 0, 'Idea 49 that suggest that we definitely need a longer title for ideas', 30, 12, NULL),
(82, TIMESTAMP '2019-01-24 11:50:05.851', TIMESTAMP '2019-01-25 11:50:05.851', 'GLVTBoeT Lorem ipsum dolor sit amet, consectetur adipiscing elit, sed do eiusmod tempor incididunt ut labore et dolore mag', NULL, 0, 'Idea 50 that suggest that we definitely need a longer title for ideas', 21, 13, NULL),
(83, TIMESTAMP '2019-01-23 11:50:05.851', TIMESTAMP '2019-01-24 11:50:05.851', 'w0CekKHg Lorem ipsum dolor sit amet, consectetur adipiscing elit, sed do eiusmod tempor incididunt ut labore et dolore magna aliqua. Ut enim ad minim veniam, q', NULL, 0, 'Idea 51 that suggest that we definitely need a longer title for ideas', 22, 6, NULL);
INSERT INTO PUBLIC.LAWS(ID, CREATED_AT, UPDATED_AT, DESCRIPTION, REACHED_QUORUM_AT, STATUS, TITLE, AREA_ID, CREATED_BY_ID, POLL_ID) VALUES
(84, TIMESTAMP '2019-01-22 11:50:05.866', TIMESTAMP '2019-01-23 11:50:05.866', '9LfnVshv Lorem ipsum dolor sit amet, consectetur adipiscing elit, sed do eiusmod tempor incididunt ut labore et dolore magna aliqua. Ut enim ad minim veniam, quis nostrud exercitation ullamco laboris nisi ut aliquip ex ea commodo consequat. Duis aute irure dolor in reprehenderit in voluptate velit esse cillum dolore eu fugiat nulla pariatur. Ex', NULL, 0, 'Idea 52 that suggest that we definitely need a longer title for ideas', 23, 18, NULL),
(85, TIMESTAMP '2019-01-21 11:50:05.866', TIMESTAMP '2019-01-22 11:50:05.866', 't2TsFO5Z Lorem ipsum dolor sit amet, conse', NULL, 0, 'Idea 53 that suggest that we definitely need a longer title for ideas', 24, 4, NULL),
(86, TIMESTAMP '2019-01-20 11:50:05.866', TIMESTAMP '2019-01-21 11:50:05.866', 'CLLenoOr Lorem ipsum dolor sit amet, consectetu', NULL, 0, 'Idea 54 that suggest that we definitely need a longer title for ideas', 25, 19, NULL),
(87, TIMESTAMP '2019-01-19 11:50:05.882', TIMESTAMP '2019-01-20 11:50:05.882', 'KxPhVq0z Lorem ipsum dolor sit amet, consectetur adipiscing elit, sed do eiusmod tempor incididunt ut labore et dolore magna aliqua. Ut enim ad minim veniam, quis nostrud exerc', NULL, 0, 'Idea 55 that suggest that we definitely need a longer title for ideas', 26, 19, NULL),
(88, TIMESTAMP '2019-01-18 11:50:05.882', TIMESTAMP '2019-01-19 11:50:05.882', 'CFalb0Mf Lorem ipsum dolor sit amet, con', NULL, 0, 'Idea 56 that suggest that we definitely need a longer title for ideas', 27, 8, NULL),
(89, TIMESTAMP '2019-01-17 11:50:05.882', TIMESTAMP '2019-01-18 11:50:05.882', 'e6kkSAS2 Lorem ipsum dolor sit amet, consectetur adipiscing elit, sed do eiusmod tempor incididunt ut labore et dolore magna al', NULL, 0, 'Idea 57 that suggest that we definitely need a longer title for ideas', 28, 18, NULL),
(90, TIMESTAMP '2019-01-16 11:50:05.898', TIMESTAMP '2019-01-17 11:50:05.898', '4x9pNSTZ Lorem ipsum dolor sit amet, consectetur adipiscing elit, sed do eiusmod tempor incididunt ut labore et dolore magna aliqua. Ut enim ad minim veniam, quis nostrud exercitation ullamco laboris nisi ut aliq', NULL, 0, 'Idea 58 that suggest that we definitely need a longer title for ideas', 29, 3, NULL),
(91, TIMESTAMP '2019-01-15 11:50:05.898', TIMESTAMP '2019-01-16 11:50:05.898', 'yBlbAgLd Lorem ipsum dolor sit amet, consectetur adipiscing elit, sed do eiusmod tempor incididunt ut labore et do', NULL, 0, 'Idea 59 that suggest that we definitely need a longer title for ideas', 30, 16, NULL),
(92, TIMESTAMP '2019-01-14 11:50:05.913', TIMESTAMP '2019-01-15 11:50:05.913', 'V8MXD5QC Lorem ipsum dolor sit amet, consectetur adipiscing elit, sed do eiusmod tempor incididunt ut labore et dolore magna aliqua. Ut enim ad minim veniam, quis n', NULL, 0, 'Idea 60 that suggest that we definitely need a longer title for ideas', 21, 8, NULL),
(93, TIMESTAMP '2019-01-13 11:50:05.929', TIMESTAMP '2019-01-14 11:50:05.929', 'eoOgmM3E Lorem ipsum dolor sit amet, consectetur adipiscing elit, sed do eiusmod tempor incididunt ut labore et dolore magna aliqua. Ut enim ad minim veniam, quis nostrud exercitation ullamco laboris nisi ut aliquip ex ea commodo consequat. Duis aute irure dolor in reprehenderit in voluptate velit esse cillum dolore eu fugiat nulla pariatur. Excepteur sint occa', NULL, 0, 'Idea 61 that suggest that we definitely need a longer title for ideas', 22, 19, NULL),
(94, TIMESTAMP '2019-01-12 11:50:05.929', TIMESTAMP '2019-01-13 11:50:05.929', '9FN6RQ7r Lorem ipsum dolor sit amet, consectetur adipiscing elit, sed do eiusmod tempor incididunt ut labore et dolore magna aliqua. Ut enim ad minim veniam, quis nostrud exercitation ullamco laboris nisi ut aliquip ex ea commodo consequat. Duis aut', NULL, 0, 'Idea 62 that suggest that we definitely need a longer title for ideas', 23, 5, NULL),
(95, TIMESTAMP '2019-01-11 11:50:05.929', TIMESTAMP '2019-01-12 11:50:05.929', 'VBoShdeO Lorem ipsum dolor sit amet, consectetur adipiscing elit, sed do eiusmod tempor incididunt ut labore et dolore magna aliqua. Ut enim ad minim veniam, qu', NULL, 0, 'Idea 63 that suggest that we definitely need a longer title for ideas', 24, 8, NULL);
INSERT INTO PUBLIC.LAWS(ID, CREATED_AT, UPDATED_AT, DESCRIPTION, REACHED_QUORUM_AT, STATUS, TITLE, AREA_ID, CREATED_BY_ID, POLL_ID) VALUES
(96, TIMESTAMP '2019-01-10 11:50:05.945', TIMESTAMP '2019-01-11 11:50:05.945', 'vMKSle2X Lorem ipsum dolor sit amet, consectetur adipiscing elit, sed do eiusmod tempor incididunt ut labore et dolore magna aliqua. Ut enim ad minim veniam, quis nostrud exercitation', NULL, 0, 'Idea 64 that suggest that we definitely need a longer title for ideas', 25, 19, NULL),
(97, TIMESTAMP '2019-01-09 11:50:05.96', TIMESTAMP '2019-01-10 11:50:05.96', '7AfDGU0L Lorem ipsum dolor sit amet, consectetur adipiscing elit, sed do eiusmod tempor incididunt ut labore et dolore magna aliqua. Ut enim ad minim veniam, quis nostrud exercitation ullamco laboris nisi ut aliquip ex ea commodo consequat. Duis aute irure dol', NULL, 0, 'Idea 65 that suggest that we definitely need a longer title for ideas', 26, 20, NULL),
(98, TIMESTAMP '2019-01-08 11:50:05.976', TIMESTAMP '2019-01-09 11:50:05.976', 'hTPNo6zL Lorem ipsum dolor sit amet, consectetur adipiscing elit, sed do eiusmod tempor incididunt ut labore et dolore magna aliqua. Ut enim ad minim veniam, quis nostrud exercitation ullamco laboris nisi ut aliquip ex ea commodo consequat. Duis aute irure dolor in reprehenderit in voluptate velit esse cillum dolore eu fugiat nulla pariatur. Excepteur sint occaecat cupidatat non p', NULL, 0, 'Idea 66 that suggest that we definitely need a longer title for ideas', 27, 4, NULL),
(99, TIMESTAMP '2019-01-07 11:50:05.976', TIMESTAMP '2019-01-08 11:50:05.976', 'kDbXrZgK Lorem ipsum dolor sit amet, consectetur adipiscing elit, sed do eiusmod tempor incididunt ', NULL, 0, 'Idea 67 that suggest that we definitely need a longer title for ideas', 28, 8, NULL),
(100, TIMESTAMP '2019-01-06 11:50:05.976', TIMESTAMP '2019-01-07 11:50:05.976', 'dXdnHUXa Lorem ipsum dolor sit amet, consectetur ad', NULL, 0, 'Idea 68 that suggest that we definitely need a longer title for ideas', 29, 6, NULL),
(101, TIMESTAMP '2019-01-05 11:50:05.976', TIMESTAMP '2019-01-06 11:50:05.976', 'MpqQhEn0 Lorem ipsum dolor sit amet, consectetur adipiscing elit, sed do eiusmod tempor incididunt ut labore et dolore magna aliqua. Ut enim ad minim veniam, quis nostrud exercitation ullamco laboris nisi ut aliquip ex ea commodo consequat. Duis aute irure dolor in reprehenderit in voluptate velit esse cillum dolore eu ', NULL, 0, 'Idea 69 that suggest that we definitely need a longer title for ideas', 30, 18, NULL),
(102, TIMESTAMP '2019-01-04 11:50:05.976', TIMESTAMP '2019-01-05 11:50:05.976', 'fgkfHsbq Lorem ipsum dolor sit amet, consectetur adipiscing elit, sed do eiusmod tempor incididunt ut labore et dolore magna aliqua. Ut enim ad minim veniam, quis nostrud exercitation ullamco laboris nisi ut aliquip ex ea commodo consequat. Duis aute irure dolor in reprehenderit in voluptate velit esse cillum dolore eu fugiat nulla pariatur. Excepteur sint occaecat cupidatat non proident, ', NULL, 0, 'Idea 70 that suggest that we definitely need a longer title for ideas', 21, 15, NULL),
(103, TIMESTAMP '2019-01-03 11:50:05.991', TIMESTAMP '2019-01-04 11:50:05.991', 'c3Np69Gb Lorem ipsum dolor sit amet, consectetur adipiscing elit, sed do eiusmod tempor incididunt ', NULL, 0, 'Idea 71 that suggest that we definitely need a longer title for ideas', 22, 2, NULL),
(104, TIMESTAMP '2019-01-02 11:50:05.991', TIMESTAMP '2019-01-03 11:50:05.991', 'DqtdsRmG ', NULL, 0, 'Idea 72 that suggest that we definitely need a longer title for ideas', 23, 12, NULL),
(105, TIMESTAMP '2019-01-01 11:50:05.991', TIMESTAMP '2019-01-02 11:50:05.991', 'oxO88nrZ Lorem ipsum dolor sit amet, consectetur adipiscing elit, sed do eiusmod tempor incididunt ut labore et dolore magna aliqua. Ut enim ad minim veniam, quis nostrud exercitation ullamco laboris nisi ut aliquip ex ea commodo consequat. Duis aute irure dolor in reprehenderit in voluptat', NULL, 0, 'Idea 73 that suggest that we definitely need a longer title for ideas', 24, 10, NULL),
(106, TIMESTAMP '2018-12-31 11:50:06.007', TIMESTAMP '2019-01-01 11:50:06.007', 'em6TzYpG Lorem ipsum dolor sit amet, consectetur adipiscing elit, sed do eiusmod tempor incididunt ut labore et dolore magna aliqua. Ut enim ad minim veniam, quis nostrud exercitation ullamco laboris nisi ut aliquip ex ea commodo consequat. Duis aute irure dolor in reprehenderit in voluptate velit esse cillu', NULL, 0, 'Idea 74 that suggest that we definitely need a longer title for ideas', 25, 15, NULL);
INSERT INTO PUBLIC.LAWS(ID, CREATED_AT, UPDATED_AT, DESCRIPTION, REACHED_QUORUM_AT, STATUS, TITLE, AREA_ID, CREATED_BY_ID, POLL_ID) VALUES
(107, TIMESTAMP '2018-12-30 11:50:06.007', TIMESTAMP '2018-12-31 11:50:06.007', 'XPRe9S79 Lorem ipsum dolor sit amet, consectetur adipiscing elit, sed do eiusmod tempor incididunt ut labore et dolore magna aliqua. Ut enim ad mi', NULL, 0, 'Idea 75 that suggest that we definitely need a longer title for ideas', 26, 18, NULL),
(108, TIMESTAMP '2018-12-29 11:50:06.023', TIMESTAMP '2018-12-30 11:50:06.023', '6pacC0SF Lorem ipsum dolor sit amet, consectetur adipiscing elit, sed do eiusmod tempor incididunt ut labore et dolore magna aliqua. Ut enim ad minim veniam, quis nostrud exercitation ullamco laboris nisi ut aliquip ex ea commodo consequat. Duis aute irure dolor in reprehenderit in voluptate velit esse cillum dolore eu fugiat nulla pariatur. Excepteur s', NULL, 0, 'Idea 76 that suggest that we definitely need a longer title for ideas', 27, 4, NULL),
(109, TIMESTAMP '2018-12-28 11:50:06.023', TIMESTAMP '2018-12-29 11:50:06.023', 'oZVLssaf Lorem ipsum dolor sit amet, consectetur adipiscing elit, sed do eiusmod tempor incididunt ut labore et dolore magna aliqua. Ut enim ad minim veniam, quis nostrud exercitation ullamco laboris nisi ut aliquip ex ea commodo c', NULL, 0, 'Idea 77 that suggest that we definitely need a longer title for ideas', 28, 20, NULL),
(110, TIMESTAMP '2018-12-27 11:50:06.023', TIMESTAMP '2018-12-28 11:50:06.023', '5bn7Pp7f Lorem ipsum dolor sit amet, consectetur adipiscing elit, sed do eiusmod tempor incididunt ut labore et dolore magna aliqua. Ut enim ad minim veniam, quis nostrud exercitation ullamco laboris nisi ut aliquip ex ea commod', NULL, 0, 'Idea 78 that suggest that we definitely need a longer title for ideas', 29, 8, NULL),
(111, TIMESTAMP '2018-12-26 11:50:06.038', TIMESTAMP '2018-12-27 11:50:06.038', 'ahRltPzh Lorem ipsum dolor sit amet, consectetur adipiscing elit, sed do eiusmod tempor incididunt ut labore et dolore magna aliqua. Ut enim ad minim veniam, quis nostrud exercitation ullamco laboris nisi ut aliquip ex ea commodo consequat. Duis aute irure dolor in reprehenderit in voluptate velit esse cillum dolore eu fugiat nulla pariatur. Excepteur sint occaecat cupidatat non proident, sunt', NULL, 0, 'Idea 79 that suggest that we definitely need a longer title for ideas', 30, 10, NULL),
(112, TIMESTAMP '2018-12-25 11:50:06.038', TIMESTAMP '2018-12-26 11:50:06.038', 'KOPV3kdp Lorem ipsum dolor sit amet, consectetur adipiscing elit', NULL, 0, 'Idea 80 that suggest that we definitely need a longer title for ideas', 21, 12, NULL),
(113, TIMESTAMP '2018-12-24 11:50:06.07', TIMESTAMP '2018-12-25 11:50:06.07', 'LZmULzQK Lorem ipsum dolor sit amet, consectetur adipiscing elit, sed do eiusmod tempor incididunt ut labore et ', NULL, 0, 'Idea 81 that suggest that we definitely need a longer title for ideas', 22, 9, NULL),
(114, TIMESTAMP '2018-12-23 11:50:06.07', TIMESTAMP '2018-12-24 11:50:06.07', 'dCEosts5 Lorem ipsum dolor sit amet, consectetur adipiscing elit, sed do eiusmod tempor incididunt ut labore et dolore magna aliqua. Ut enim ', NULL, 0, 'Idea 82 that suggest that we definitely need a longer title for ideas', 23, 13, NULL),
(115, TIMESTAMP '2018-12-22 11:50:06.07', TIMESTAMP '2018-12-23 11:50:06.07', '2loYBUPM Lorem ipsum dolor sit amet, consectetur adipiscing elit, sed do eiusmod tempor incididunt ut labore et dolore magna aliqua. Ut enim ad minim veniam, quis nostrud exercitation ullamco laboris nisi ut al', NULL, 0, 'Idea 83 that suggest that we definitely need a longer title for ideas', 24, 2, NULL),
(116, TIMESTAMP '2018-12-21 11:50:06.085', TIMESTAMP '2018-12-22 11:50:06.085', 'fV7qrnhG Lorem ipsum dolor sit amet, cons', NULL, 0, 'Idea 84 that suggest that we definitely need a longer title for ideas', 25, 7, NULL),
(117, TIMESTAMP '2018-12-20 11:50:06.085', TIMESTAMP '2018-12-21 11:50:06.085', 'BG2cAcAe Lorem ipsum dolor sit amet, conse', NULL, 0, 'Idea 85 that suggest that we definitely need a longer title for ideas', 26, 5, NULL),
(118, TIMESTAMP '2018-12-19 11:50:06.085', TIMESTAMP '2018-12-20 11:50:06.085', 'aB5BdtpB Lorem ipsum dolor sit amet, consectetur adipiscing elit,', NULL, 0, 'Idea 86 that suggest that we definitely need a longer title for ideas', 27, 17, NULL);
INSERT INTO PUBLIC.LAWS(ID, CREATED_AT, UPDATED_AT, DESCRIPTION, REACHED_QUORUM_AT, STATUS, TITLE, AREA_ID, CREATED_BY_ID, POLL_ID) VALUES
(119, TIMESTAMP '2018-12-18 11:50:06.085', TIMESTAMP '2018-12-19 11:50:06.085', 'teFpn2CZ Lorem ipsum dolor sit amet, consectetur adipiscing elit, sed do eiusmod tempor incididunt ut labore et dolore magna aliqua. Ut enim a', NULL, 0, 'Idea 87 that suggest that we definitely need a longer title for ideas', 28, 15, NULL),
(120, TIMESTAMP '2018-12-17 11:50:06.101', TIMESTAMP '2018-12-18 11:50:06.101', 'kHEkyXuS Lorem ipsum dolor sit amet, consectetur adipisc', NULL, 0, 'Idea 88 that suggest that we definitely need a longer title for ideas', 29, 16, NULL),
(121, TIMESTAMP '2018-12-16 11:50:06.116', TIMESTAMP '2018-12-17 11:50:06.116', 'OTxc5fhZ Lorem ip', NULL, 0, 'Idea 89 that suggest that we definitely need a longer title for ideas', 30, 18, NULL),
(122, TIMESTAMP '2018-12-15 11:50:06.116', TIMESTAMP '2018-12-16 11:50:06.116', 'WWKE9G5V Lorem ipsum dolor sit amet, consectetur adipiscing elit, sed do eiusmod tempor incididunt ut labore et dolore magna aliqua. Ut enim ad minim veniam, quis nostrud exercitation ullamco laboris nisi ut aliquip ex ea commodo consequat. Duis a', NULL, 0, 'Idea 90 that suggest that we definitely need a longer title for ideas', 21, 19, NULL),
(123, TIMESTAMP '2018-12-14 11:50:06.116', TIMESTAMP '2018-12-15 11:50:06.116', 'NO2K4RH5 Lorem ipsum dolor sit amet, consectetur adipiscing elit, sed do eiusmod tempor incididunt ut labore et dolore magna aliqua. Ut enim ad minim veniam, quis nostrud exercitation ullamco laboris nisi ut aliquip ex ea commodo consequat. Duis aute irure dolor in reprehenderit in voluptate velit esse cillum dolore eu fugiat nulla pariatur. Excepteur sint occaecat cupidatat non proident, sunt in culpa qu', NULL, 0, 'Idea 91 that suggest that we definitely need a longer title for ideas', 22, 3, NULL),
(124, TIMESTAMP '2018-12-13 11:50:06.132', TIMESTAMP '2018-12-14 11:50:06.132', 'h6DOz25m Lorem ipsum dolor sit amet, consectetur adipiscing elit, sed do eiusmod tempor incididunt ut labore et dolore magna aliqua. Ut enim ad minim veniam, quis nostrud exercitation ', NULL, 0, 'Idea 92 that suggest that we definitely need a longer title for ideas', 23, 1, NULL),
(125, TIMESTAMP '2018-12-12 11:50:06.132', TIMESTAMP '2018-12-13 11:50:06.132', 'QwoxlFbr Lorem ipsum dolor sit amet, consectetur adipiscing elit, sed do eiusmod tempor incididunt ut lab', NULL, 0, 'Idea 93 that suggest that we definitely need a longer title for ideas', 24, 1, NULL),
(126, TIMESTAMP '2018-12-11 11:50:06.148', TIMESTAMP '2018-12-12 11:50:06.148', 'CPwQZAC0 Lorem ipsum dolor sit amet, consectetur adipiscing elit, sed do eiusmod tempor incididunt ut labore et dolore magna aliqua. Ut enim ad minim veniam, quis nostrud exercitation ullamco laboris nisi ut aliquip ex ea commodo consequat. Duis aute irure dolor in reprehenderit in voluptate velit esse cillum dolore eu fugiat nulla pariatur. Excepteur sint occaecat cupidatat non proident, sunt', NULL, 0, 'Idea 94 that suggest that we definitely need a longer title for ideas', 25, 1, NULL),
(127, TIMESTAMP '2018-12-10 11:50:06.148', TIMESTAMP '2018-12-11 11:50:06.148', 'T4wkwvNa Lorem ipsum dolor sit amet, consectetur adipiscing elit, sed do eiusmod tempor incididunt ut labore et dolore magna aliqua. Ut enim ad minim veniam, quis nostrud exercitation ullamc', NULL, 0, 'Idea 95 that suggest that we definitely need a longer title for ideas', 26, 13, NULL),
(128, TIMESTAMP '2018-12-09 11:50:06.148', TIMESTAMP '2018-12-10 11:50:06.148', '28VW5xr9 Lorem ipsum dolor sit amet, consectetur adipiscing elit, sed do eiusmod tempor incididunt ut labore et dolore magna aliqua. Ut enim ad minim veniam, quis nostrud exercitation ullamco laboris nisi ut aliquip ex ea commodo consequat. Duis aute irure dolor in reprehenderit in voluptate velit esse cillu', NULL, 0, 'Idea 96 that suggest that we definitely need a longer title for ideas', 27, 17, NULL),
(129, TIMESTAMP '2018-12-08 11:50:06.163', TIMESTAMP '2018-12-09 11:50:06.163', 'qmTePwtm Lorem ipsum dolor sit amet, consectetur adipiscing elit, sed do eiusmod tempor incididunt ut labore et dolore magna aliqua. Ut enim ad minim veniam, quis nostrud exercitation ullamco laboris nisi ut aliquip ex ea commodo consequat. Duis aute irure dolor in reprehenderit in voluptate velit esse cillum dolore e', NULL, 0, 'Idea 97 that suggest that we definitely need a longer title for ideas', 28, 4, NULL);
INSERT INTO PUBLIC.LAWS(ID, CREATED_AT, UPDATED_AT, DESCRIPTION, REACHED_QUORUM_AT, STATUS, TITLE, AREA_ID, CREATED_BY_ID, POLL_ID) VALUES
(130, TIMESTAMP '2018-12-07 11:50:06.179', TIMESTAMP '2018-12-08 11:50:06.179', 'EHf6TNod Lorem ipsum dolor sit amet, consectetur adipiscing elit, sed do eiusmod tempor incididunt ut labore et dolore magna aliqua. Ut enim ad minim veniam, quis nostrud exercitation ullamco laboris nisi ut aliquip ex ea commodo consequat. Duis aute irure dolor in reprehenderit in voluptate velit esse cillum dolore eu fugiat nulla', NULL, 0, 'Idea 98 that suggest that we definitely need a longer title for ideas', 29, 11, NULL),
(131, TIMESTAMP '2018-12-06 11:50:06.179', TIMESTAMP '2018-12-07 11:50:06.179', 'FRKUWbkw Lorem ipsum dolor sit amet, consectetur adipiscing elit, sed do eiusmod tempor incididunt ut labore et dolore magna aliqua. Ut enim ad minim veniam, quis nostrud exercitation ullamco laboris nisi ut aliquip ex ea commodo consequat. Duis aute irure dolor in reprehenderit in voluptate velit esse cillum dolore eu fugiat nulla pariatur. Ex', NULL, 0, 'Idea 99 that suggest that we definitely need a longer title for ideas', 30, 1, NULL),
(132, TIMESTAMP '2018-12-05 11:50:06.179', TIMESTAMP '2018-12-06 11:50:06.179', 'Wx4Nl5HD Lorem ipsum dolor sit amet, consectetur adipisci', NULL, 0, 'Idea 100 that suggest that we definitely need a longer title for ideas', 21, 2, NULL),
(133, TIMESTAMP '2018-12-04 11:50:06.195', TIMESTAMP '2018-12-05 11:50:06.195', 'tbNNSNYv Lorem ipsum dolor sit amet, consectetur adipiscing elit, sed do eiusmod tempor incididunt ut labore et dolore magna aliqua. Ut enim ad minim veniam, quis nostrud exercitation ullamco labor', NULL, 0, 'Idea 101 that suggest that we definitely need a longer title for ideas', 22, 11, NULL),
(134, TIMESTAMP '2018-12-03 11:50:06.195', TIMESTAMP '2018-12-04 11:50:06.195', 'wDrPTo68 Lorem ipsum dolor sit amet, consectetur adipiscing elit, sed do eiusmod tempor incididunt ut labore et dolore magna aliqua. Ut enim ad minim veniam, quis nostrud exercitation ullamco laboris nisi ut aliquip ex ea commodo consequat. Duis aute irure dolor in reprehenderit in voluptate velit ', NULL, 0, 'Idea 102 that suggest that we definitely need a longer title for ideas', 23, 15, NULL),
(135, TIMESTAMP '2018-12-02 11:50:06.21', TIMESTAMP '2018-12-03 11:50:06.21', '4dedCC2a Lorem ipsum dolor sit amet, ', NULL, 0, 'Idea 103 that suggest that we definitely need a longer title for ideas', 24, 18, NULL),
(136, TIMESTAMP '2018-12-01 11:50:06.21', TIMESTAMP '2018-12-02 11:50:06.21', '3NbKCYS0 Lorem ipsum dolor sit amet, consectetur adipiscing elit, sed do eiusmod tempor incididunt ut labore et dolore magna aliqua. Ut enim ad minim veniam, quis nostrud exercitation ullamco laboris nisi ut aliquip ex ea commodo consequat. Duis aute irure dolor in reprehenderit in voluptate velit esse cillum dolore eu fugiat ', NULL, 0, 'Idea 104 that suggest that we definitely need a longer title for ideas', 25, 7, NULL),
(137, TIMESTAMP '2018-11-30 11:50:06.21', TIMESTAMP '2018-12-01 11:50:06.226', 'HFKPxgBy Lorem ipsum dolor sit amet, consectetur adipiscing elit, sed do eiusmod tempor incididunt ut labore et dolore magna aliqua. Ut enim ad minim veniam, quis nostrud exercitation ullamco laboris nisi ut aliquip ex ea commodo consequat. Duis aute irure dolor in reprehenderit in voluptate velit esse cillum dolore eu fugiat nulla paria', NULL, 0, 'Idea 105 that suggest that we definitely need a longer title for ideas', 26, 13, NULL),
(138, TIMESTAMP '2018-11-29 11:50:06.241', TIMESTAMP '2018-11-30 11:50:06.241', 'n7CbSfrs Lorem ipsum dolor sit amet, consectetur adipiscing elit, sed do eiusmod tempor incididunt ut labore et dolore magna aliqua. Ut enim ad minim veniam, quis nostrud exercitation ullamco laboris nisi ut aliquip ex ea commodo consequat. Duis aute irure d', NULL, 0, 'Idea 106 that suggest that we definitely need a longer title for ideas', 27, 5, NULL),
(139, TIMESTAMP '2018-11-28 11:50:06.241', TIMESTAMP '2018-11-29 11:50:06.241', 'TUmVOBHw Lorem ipsum dolor sit amet, consectetur adipiscing elit, sed do eiusmod tempor incididunt ut labore et dolore magna aliqua. Ut enim ad minim veniam, quis nostrud exercitation ullamco laboris nisi ut a', NULL, 0, 'Idea 107 that suggest that we definitely need a longer title for ideas', 28, 12, NULL);
INSERT INTO PUBLIC.LAWS(ID, CREATED_AT, UPDATED_AT, DESCRIPTION, REACHED_QUORUM_AT, STATUS, TITLE, AREA_ID, CREATED_BY_ID, POLL_ID) VALUES
(140, TIMESTAMP '2018-11-27 11:50:06.257', TIMESTAMP '2018-11-28 11:50:06.257', 'A8pAg0KK Lorem ipsum dolor sit amet, consectetur adipiscing elit, sed do eiusmod tempor incididunt ut labore et dolore magna aliqua. Ut enim ad minim veniam, quis nostrud exerci', NULL, 0, 'Idea 108 that suggest that we definitely need a longer title for ideas', 29, 9, NULL),
(141, TIMESTAMP '2018-11-26 11:50:06.257', TIMESTAMP '2018-11-27 11:50:06.257', 'Taq0qVbD Lorem ipsum dolor sit amet, consectetur adipiscing elit, sed do eiusmod tempor incididunt ut labore et dolore magna aliqua. Ut enim ad minim veniam, quis nostrud exercitation ullamco laboris nisi ut aliquip ex ea commodo consequat. Duis aute irure dolor in reprehenderit in voluptate velit esse ci', NULL, 0, 'Idea 109 that suggest that we definitely need a longer title for ideas', 30, 13, NULL),
(142, TIMESTAMP '2018-11-25 11:50:06.257', TIMESTAMP '2018-11-26 11:50:06.257', 'wzMFWE3W Lorem ipsum dolor sit amet, consectetur adipiscing elit, sed do eiusmod tempor incididunt ut labore et dolore magna aliqua. Ut enim ad minim veniam, quis nostrud exercitation ullamco laboris nisi ut aliquip ex ea commodo consequat', NULL, 0, 'Idea 110 that suggest that we definitely need a longer title for ideas', 21, 13, NULL),
(143, TIMESTAMP '2019-03-12 11:50:06.257', TIMESTAMP '2019-03-13 11:50:06.257', 'Qa0AUUht Lorem ipsum dolor sit amet, consectetur adipiscing elit, sed do eiusmod tempor incididunt ut labore et dolore magna aliqua. Ut enim ', TIMESTAMP '2019-03-16 11:50:06.257', 1, 'Proposal 0 that reached its quorum', 24, 8, NULL),
(144, TIMESTAMP '2019-03-16 11:50:06.273', TIMESTAMP '2019-03-16 11:50:06.273', 'M8BYZQCf Lorem ipsum dolor sit amet, consectetur adipiscing elit, sed do eiusmod tempor incididunt ut labore et dolore magna aliqua. Ut enim ad minim veniam, quis n', TIMESTAMP '2019-03-16 11:50:06.273', 1, 'Proposal 1 that reached its quorum', 29, 9, NULL),
(145, TIMESTAMP '2019-03-12 11:50:06.304', TIMESTAMP '2019-03-13 11:50:06.304', 'OeLXe5oo Lorem ipsum dolor sit amet, consectetur adipiscing elit, sed do eiusmod tempor incididunt ut labore et dolore magna aliqua. Ut enim ad minim veniam, quis nostrud exercitation ullamco laboris nisi ut aliquip', TIMESTAMP '2019-03-16 11:50:06.304', 1, 'Proposal 2 that reached its quorum', 28, 5, NULL),
(146, TIMESTAMP '2019-03-12 11:50:06.32', TIMESTAMP '2019-03-13 11:50:06.32', 'yUseChn8 Lorem ipsum dolor sit amet, consectetur adipiscing elit, sed do eiusmod tempor incididunt ut labore et dolore magna aliqua. Ut enim ad minim ven', TIMESTAMP '2019-03-16 11:50:06.32', 1, 'Proposal 3 that reached its quorum', 27, 4, NULL),
(147, TIMESTAMP '2019-03-08 11:50:06.32', TIMESTAMP '2019-03-09 11:50:06.32', 'Uhl9sSKa Lorem ipsum dolor sit amet, consectetur ', TIMESTAMP '2019-03-16 11:50:06.32', 1, 'Proposal 4 that reached its quorum', 28, 7, NULL),
(148, TIMESTAMP '2019-03-15 11:50:06.351', TIMESTAMP '2019-03-16 11:50:06.351', 'Ddupta4u Lorem ipsum dolor sit amet, consectetur adipiscing elit, sed do eiusmod tempor incididunt ut labore et dolore magna aliqua. Ut enim ad minim veniam, quis nostrud exercitation ullam', TIMESTAMP '2019-03-16 11:50:06.351', 1, 'Proposal 5 that reached its quorum', 21, 20, NULL),
(149, TIMESTAMP '2019-03-16 11:50:06.366', TIMESTAMP '2019-03-16 11:50:06.366', 'A5ylaTXQ Lorem ipsum dolor sit amet, consectetur adipiscing elit, sed do eiusmod tempor incididunt ut labore et dolore magna aliqua. Ut enim ad minim veniam, quis nostrud exercitation ullamco laboris nisi ut aliquip ex ea commodo consequat.', TIMESTAMP '2019-03-16 11:50:06.366', 1, 'Proposal 6 that reached its quorum', 24, 17, NULL),
(150, TIMESTAMP '2019-03-15 11:50:06.366', TIMESTAMP '2019-03-16 11:50:06.366', 'H6rggeMU Lorem ipsum dolor sit amet, consectetur adipiscing elit, sed do eiusmod tempor incididunt ut labore et dolore magna aliqua. Ut enim ad minim veniam, quis nostrud exercitation ullamco laboris nisi ut aliquip ex ea commodo ', TIMESTAMP '2019-03-16 11:50:06.366', 1, 'Proposal 7 that reached its quorum', 25, 5, NULL);
INSERT INTO PUBLIC.LAWS(ID, CREATED_AT, UPDATED_AT, DESCRIPTION, REACHED_QUORUM_AT, STATUS, TITLE, AREA_ID, CREATED_BY_ID, POLL_ID) VALUES
(151, TIMESTAMP '2019-03-10 11:50:06.382', TIMESTAMP '2019-03-11 11:50:06.382', 'l9RV3q3P Lorem ipsum dolor sit amet, consectetur adipiscing elit, sed do eiusmod tempor incididunt ut labore et dolore ma', TIMESTAMP '2019-03-16 11:50:06.382', 1, 'Proposal 8 that reached its quorum', 29, 6, NULL),
(152, TIMESTAMP '2019-03-11 11:50:06.398', TIMESTAMP '2019-03-12 11:50:06.398', 'eTbHtSMT Lorem ipsum dolor sit amet, consectetur adipiscing elit, sed do eiu', TIMESTAMP '2019-03-16 11:50:06.398', 1, 'Proposal 9 that reached its quorum', 24, 17, NULL),
(153, TIMESTAMP '2019-03-16 11:50:06.413', TIMESTAMP '2019-03-16 11:50:06.413', 'TBqFnUsB Lorem ipsum dolor sit amet, consectetur adipiscing elit, sed do eiusmod tempor incididunt ut labore et dolore magna aliqua. Ut enim ad minim veniam, quis nostrud exercitation ullamco laboris nisi ut aliquip ex ea commodo consequat. Duis aute irure dolor in reprehenderit in voluptate velit esse cillum dolore eu fugiat nulla pariat', TIMESTAMP '2019-03-16 11:50:06.413', 1, 'Proposal 10 that reached its quorum', 22, 6, NULL),
(154, TIMESTAMP '2019-03-08 11:50:06.429', TIMESTAMP '2019-03-09 11:50:06.429', 'sRxLgs2b Lorem ipsum dolor sit amet, consectetur adipiscing elit, sed do eiusmod tempor incididunt ut labore et dolore magna aliqua. Ut enim ad minim veniam, quis nostrud exercitation ullamco laboris', TIMESTAMP '2019-03-16 11:50:06.429', 1, 'Proposal 11 that reached its quorum', 27, 13, NULL),
(155, TIMESTAMP '2019-03-08 11:50:06.491', TIMESTAMP '2019-03-09 11:50:06.491', 'UEbPFxed Lorem ipsum dolor sit amet, consectetur adipiscing elit, sed do eiusmod tempor incididunt ut labore et dolore magna aliqua. Ut enim ad minim veniam, quis nostrud exercitation ullamco laboris nisi ut aliquip ex e', TIMESTAMP '2019-03-16 11:50:06.491', 1, 'Proposal 12 that reached its quorum', 22, 18, NULL),
(156, TIMESTAMP '2019-03-15 11:50:06.507', TIMESTAMP '2019-03-16 11:50:06.507', 'XSkCROuM Lorem ipsum dolor sit amet, consectetur adipiscing elit, sed do eiusmod tempor incididunt ut labore et dolore magna aliqua. Ut enim ad minim veniam, quis nostrud exercitation ullamco laboris nisi ut aliquip ex ea commodo consequat. Duis aute irure dolor in reprehenderit in volupta', TIMESTAMP '2019-03-16 11:50:06.507', 1, 'Proposal 13 that reached its quorum', 27, 9, NULL),
(157, TIMESTAMP '2019-03-14 11:50:06.523', TIMESTAMP '2019-03-15 11:50:06.523', 'B7vU3UYw Lorem ipsum dolor sit amet, consectetur adipiscing elit, sed do eiusmod tempor incididunt ut labore et dolore magna aliqua. Ut enim ad minim veniam, quis nostrud exercitation ullamco laboris nisi ut aliquip ex ea', TIMESTAMP '2019-03-16 11:50:06.523', 1, 'Proposal 14 that reached its quorum', 28, 13, NULL),
(158, TIMESTAMP '2019-03-13 11:50:06.538', TIMESTAMP '2019-03-14 11:50:06.538', '3Qzr3uZ0 Lorem ipsum dolor sit amet, consectetur adipiscing elit, sed do eiusmod tempor incididunt ut labore et dolore magna aliqua. Ut enim ad minim veniam, quis nostrud exercitation ullamco laboris nisi ut aliquip ex ea commodo consequat. Duis aute ', TIMESTAMP '2019-03-16 11:50:06.523', 1, 'Proposal 15 that reached its quorum', 29, 5, NULL),
(159, TIMESTAMP '2019-03-16 11:50:06.554', TIMESTAMP '2019-03-16 11:50:06.554', 'ThAreMxd Lorem ipsum dolor sit amet,', TIMESTAMP '2019-03-16 11:50:06.554', 1, 'Proposal 16 that reached its quorum', 23, 9, NULL),
(160, TIMESTAMP '2019-03-15 11:50:06.57', TIMESTAMP '2019-03-16 11:50:06.57', 'fV2zfxgG Lorem ipsum dolor sit amet, consectetur adipiscing elit, sed do eiusmod tempor incididunt ut labore et dolore magna aliqua. Ut enim ad minim veniam, quis nostrud exerc', TIMESTAMP '2019-03-16 11:50:06.57', 1, 'Proposal 17 that reached its quorum', 23, 7, NULL),
(161, TIMESTAMP '2019-03-16 11:50:06.585', TIMESTAMP '2019-03-16 11:50:06.585', 'NRQL2Gxp Lorem ipsum dolor sit amet, consectetur adipiscing elit, sed do eiusmod tempor incididunt ut labore et do', TIMESTAMP '2019-03-16 11:50:06.585', 1, 'Proposal 18 that reached its quorum', 23, 17, NULL);
INSERT INTO PUBLIC.LAWS(ID, CREATED_AT, UPDATED_AT, DESCRIPTION, REACHED_QUORUM_AT, STATUS, TITLE, AREA_ID, CREATED_BY_ID, POLL_ID) VALUES
(162, TIMESTAMP '2019-03-11 11:50:06.585', TIMESTAMP '2019-03-12 11:50:06.585', 'xvXA2MWm Lorem ipsum dolor sit amet, consectetur adipiscing elit, sed do eiusmod tempor incididunt ut labore et dolore magna aliqua. Ut enim ad minim veniam, quis nostrud exercitation ullamco laboris nisi ut aliquip ex ea commodo consequat. D', TIMESTAMP '2019-03-16 11:50:06.585', 1, 'Proposal 19 that reached its quorum', 22, 13, NULL),
(163, TIMESTAMP '2019-03-11 11:50:06.663', TIMESTAMP '2019-03-12 11:50:06.663', 'gnEmh2tw Lorem ipsum dolor sit amet, consectetur adipiscing elit, sed do eiusmod tempor incididunt ut labore et dolore magna aliqua. Ut enim ad minim veniam, quis nostrud exercitation ullamco laboris nisi ut aliquip ex ea commodo consequat. Duis aute irure dolor in reprehenderit in voluptate velit esse cillum do', TIMESTAMP '2019-03-16 11:50:06.663', 1, 'Proposal 20 that reached its quorum', 26, 17, NULL),
(164, TIMESTAMP '2019-03-08 11:50:06.679', TIMESTAMP '2019-03-09 11:50:06.679', 'obFPMuAf Lorem ipsum dolor sit amet, consectetur adipiscing elit, sed do eiusmod tempor incididunt ut labore et dolore magna aliqua. Ut enim ad minim veniam, quis nostrud exercitation ullamco laboris nisi ut aliquip ex ea commodo consequat. Duis aute irure dolor in reprehenderit in voluptate velit esse cillu', TIMESTAMP '2019-03-16 11:50:06.679', 1, 'Proposal 21 that reached its quorum', 22, 4, NULL),
(165, TIMESTAMP '2019-03-12 11:50:06.695', TIMESTAMP '2019-03-13 11:50:06.695', 'KEmqrHA2 Lorem ipsum dolor sit amet, consectetur adipiscing elit, sed do eiusmod tempor incididunt ut labore et dolore magna aliqua. Ut enim ad minim veniam, quis nostrud exercitation ullamco laboris nisi ut aliquip ex ea commodo consequat. Duis aute irure dolor in reprehenderit in voluptate velit esse cillum dolore eu fugiat null', TIMESTAMP '2019-03-16 11:50:06.695', 1, 'Proposal 22 that reached its quorum', 24, 12, NULL),
(166, TIMESTAMP '2019-03-14 11:50:06.695', TIMESTAMP '2019-03-15 11:50:06.695', 'VvFu2gnL Lorem ipsum dolor sit amet, consectetur adipiscing elit, sed do eiusmod tempor incididunt ut labore et dolore magna aliqua. Ut enim ad minim veniam, quis nostrud exercitation ullamco laboris nisi ut aliquip ex ea ', TIMESTAMP '2019-03-16 11:50:06.695', 1, 'Proposal 23 that reached its quorum', 22, 4, NULL),
(167, TIMESTAMP '2019-03-14 11:50:06.695', TIMESTAMP '2019-03-15 11:50:06.695', 'XFY2UT7u Lorem ipsu', TIMESTAMP '2019-03-16 11:50:06.695', 1, 'Proposal 24 that reached its quorum', 26, 8, NULL),
(168, TIMESTAMP '2019-03-08 11:50:06.726', TIMESTAMP '2019-03-09 11:50:06.726', '5FCoeAGm Lorem ipsum dolor sit amet, consectetur adipiscing elit, sed do eiusmod tempor incididunt ut labore et dolore magna aliqua', TIMESTAMP '2019-03-16 11:50:06.726', 1, 'Proposal 25 that reached its quorum', 25, 4, NULL),
(169, TIMESTAMP '2019-03-16 11:50:06.726', TIMESTAMP '2019-03-16 11:50:06.726', 'OYTgy8mH Lorem ipsum dolor sit amet, consectetur adipiscing elit, sed do eiusmod tempor incididunt u', TIMESTAMP '2019-03-16 11:50:06.726', 1, 'Proposal 26 that reached its quorum', 30, 9, NULL),
(170, TIMESTAMP '2019-03-13 11:50:06.741', TIMESTAMP '2019-03-14 11:50:06.741', 'GAG0ynHt Lorem ipsum dolor sit amet, consectetur adipiscing elit, sed do eiusmod tempor incididunt ut labore et dolore magna aliqua. Ut enim a', TIMESTAMP '2019-03-16 11:50:06.741', 1, 'Proposal 27 that reached its quorum', 24, 19, NULL),
(171, TIMESTAMP '2019-03-13 11:50:06.741', TIMESTAMP '2019-03-14 11:50:06.741', 'CAHetbxl Lorem ipsum dolor sit amet, consectetur adipiscing elit, sed do eiusmod tempor incididunt ut labore et dolore magna aliqua. Ut enim ad minim venia', TIMESTAMP '2019-03-16 11:50:06.741', 1, 'Proposal 28 that reached its quorum', 29, 17, NULL),
(172, TIMESTAMP '2019-03-08 11:50:06.757', TIMESTAMP '2019-03-09 11:50:06.757', 'bnLbnNSL Lorem ipsum dolor sit amet, consectetur adipiscing elit, sed do eiusmod tempor incididunt ut labore et dolore magna aliqua. Ut enim ad minim veniam, quis nostrud exercitation ullamco laboris nisi ut aliquip ex ea commodo consequat. Duis aute irure dolor in reprehenderit in', TIMESTAMP '2019-03-16 11:50:06.757', 1, 'Proposal 29 that reached its quorum', 26, 1, NULL);
INSERT INTO PUBLIC.LAWS(ID, CREATED_AT, UPDATED_AT, DESCRIPTION, REACHED_QUORUM_AT, STATUS, TITLE, AREA_ID, CREATED_BY_ID, POLL_ID) VALUES
(173, TIMESTAMP '2019-03-08 11:50:06.788', TIMESTAMP '2019-03-09 11:50:06.788', 'al7lu29H Lorem ipsum dolor sit amet, consectetur adipiscing elit, sed do eiusmod tempor incididunt ut labore et do', TIMESTAMP '2019-03-16 11:50:06.788', 1, 'Proposal 30 that reached its quorum', 21, 14, NULL),
(174, TIMESTAMP '2019-03-16 11:50:06.82', TIMESTAMP '2019-03-16 11:50:06.82', 'R3u3pVSQ Lorem ipsu', TIMESTAMP '2019-03-16 11:50:06.804', 1, 'Proposal 31 that reached its quorum', 28, 9, NULL),
(175, TIMESTAMP '2019-03-16 11:50:06.835', TIMESTAMP '2019-03-16 11:50:06.835', 'VeKcroRd ', TIMESTAMP '2019-03-16 11:50:06.835', 1, 'Proposal 32 that reached its quorum', 22, 4, NULL),
(176, TIMESTAMP '2019-03-16 11:50:06.851', TIMESTAMP '2019-03-16 11:50:06.851', 'TV2OpMxE Lorem ipsum dolor sit amet, consectetur adipiscing elit, sed do eiusmod tempor incididunt ut labo', TIMESTAMP '2019-03-16 11:50:06.851', 1, 'Proposal 33 that reached its quorum', 26, 9, NULL),
(177, TIMESTAMP '2019-03-12 11:50:06.929', TIMESTAMP '2019-03-13 11:50:06.929', 'Zozx8MUA Lorem ipsum dolor sit amet, consectetur adipiscing elit, sed do eiusmod tempor incididunt ut labore et dolore magna aliqua. Ut enim ad minim veniam, quis nostrud exercitation ullamco laboris nisi ut aliquip ex ea c', TIMESTAMP '2019-03-16 11:50:06.929', 1, 'Proposal 34 that reached its quorum', 22, 14, NULL),
(178, TIMESTAMP '2019-03-09 11:50:06.945', TIMESTAMP '2019-03-10 11:50:06.945', 'bkNfbdvH Lorem ipsum dolor sit amet, consectetur adipiscing elit, sed do eiusmod tempor incididunt ut labore et dolore magna aliqua. Ut enim ad minim veniam, quis nostrud exercitation ullamco laboris nisi ut aliquip ex ea commodo consequat. Duis aute irure dolor in repre', TIMESTAMP '2019-03-16 11:50:06.945', 1, 'Proposal 35 that reached its quorum', 24, 2, NULL),
(179, TIMESTAMP '2019-03-13 11:50:06.945', TIMESTAMP '2019-03-14 11:50:06.945', 'Z9fbtReN Lorem ipsum dolor sit amet, consectetur adipiscing elit, sed do eiusmod tempor incididunt ut labore et dolore magna aliqua. Ut enim ad minim veniam, quis nostrud exercitation ullamco laboris nisi ut aliquip ex ea commodo consequat. Duis aute irure dolor in reprehenderit in voluptate velit esse cillum dolore eu fugiat nulla pariatur. Excepteur sint occaecat cupidatat non proident, sunt in culpa ', TIMESTAMP '2019-03-16 11:50:06.945', 1, 'Proposal 36 that reached its quorum', 27, 2, NULL),
(180, TIMESTAMP '2019-03-09 11:50:06.96', TIMESTAMP '2019-03-10 11:50:06.96', 'KtvChazw Lorem ipsum dolor sit amet, consectetur adipiscing elit, sed do eiusmod tempor incididunt ut labore et dolore magna aliqua. Ut enim ad minim veniam, quis nostrud exercitation ullamco laboris nisi ut aliquip ex ea commodo consequat. Duis aute irure dolor in reprehenderit in voluptate velit esse cillum dolore eu fugiat nulla pariat', TIMESTAMP '2019-03-16 11:50:06.96', 1, 'Proposal 37 that reached its quorum', 28, 5, NULL),
(181, TIMESTAMP '2019-03-12 11:50:06.96', TIMESTAMP '2019-03-13 11:50:06.96', 'f0DD2xqV Lorem ipsum dolor sit amet, consectetur adipiscing elit, sed do eiusmod tempor incididunt ut labore et dolore magna aliqua. Ut enim ad minim veniam, quis nostrud exercit', TIMESTAMP '2019-03-16 11:50:06.96', 1, 'Proposal 38 that reached its quorum', 26, 11, NULL),
(182, TIMESTAMP '2019-03-12 11:50:06.976', TIMESTAMP '2019-03-13 11:50:06.976', 'PCKYoSyr Lorem ipsum dolor sit amet, consectetur adipiscing elit, sed do eiusmod tempor incididunt ut labore et dolore magna aliqua. Ut enim ad minim veniam, quis nostrud exercitation ullamco laboris nisi ut aliquip ex ea commodo consequat. Duis aute irure dolor in reprehenderit in voluptate velit esse cillum dolore eu fugiat nulla pa', TIMESTAMP '2019-03-16 11:50:06.976', 1, 'Proposal 39 that reached its quorum', 28, 12, NULL),
(183, TIMESTAMP '2019-03-08 11:50:06.976', TIMESTAMP '2019-03-09 11:50:06.976', 'Vo8AaaSB Lorem ipsum dolor sit amet, consectetur adipiscing elit, sed do eiusmod tempor incididunt ut labore et dolore magna aliqua. Ut enim ad minim veniam, quis nostrud exercitation ullamco laboris nisi ut aliquip ex ea commodo consequat. Duis aute irure dolor in ', TIMESTAMP '2019-03-16 11:50:06.976', 1, 'Proposal 40 that reached its quorum', 26, 7, NULL);
INSERT INTO PUBLIC.LAWS(ID, CREATED_AT, UPDATED_AT, DESCRIPTION, REACHED_QUORUM_AT, STATUS, TITLE, AREA_ID, CREATED_BY_ID, POLL_ID) VALUES
(184, TIMESTAMP '2019-03-08 11:50:06.991', TIMESTAMP '2019-03-09 11:50:06.991', 'CKFlhSv4 Lorem ipsum dolor sit amet, consectetur adipiscing elit, sed do eiusmod tempor incididunt ut labore et dolore magna aliqua. Ut enim ad minim veniam, quis nostrud exercitation ullamco laboris nisi ut aliquip ex ea commodo consequat. Duis aute irure dolor in reprehenderit in voluptate velit esse cillum dolore eu fugiat nulla pariatur. E', TIMESTAMP '2019-03-16 11:50:06.991', 1, 'Proposal 41 that reached its quorum', 22, 2, NULL),
(185, TIMESTAMP '2019-03-07 11:50:07.038', TIMESTAMP '2019-03-08 11:50:07.038', '0v0yk0HT Lorem ipsum dolor sit amet, consectetur adipiscing elit, sed do eiusmod tempor incididunt ut labore et dolore magna aliqua. Ut enim ad minim veniam, quis nostrud exercitation ullamco laboris nisi ut aliquip ex ea commodo consequat. Duis aute irure dolor in reprehenderit in voluptate velit esse cillum dolore eu fugiat nulla pariatur. Excepteur sint occaecat cupid', TIMESTAMP '2019-03-16 11:50:07.038', 1, 'Proposal 42 that reached its quorum', 21, 20, NULL),
(186, TIMESTAMP '2019-03-10 11:50:07.038', TIMESTAMP '2019-03-11 11:50:07.038', 'yGuK2mGo Lorem ipsum dolor sit amet, consectetur adipiscing elit, sed do eiusmod tempor incididunt ut labore et dolore magna aliqua. Ut enim ad minim veniam, quis nostrud exercitation ullamco laboris nisi ut aliquip ex ea commodo co', TIMESTAMP '2019-03-16 11:50:07.038', 1, 'Proposal 43 that reached its quorum', 21, 1, NULL),
(187, TIMESTAMP '2019-03-10 11:50:07.054', TIMESTAMP '2019-03-11 11:50:07.054', 'fZVeaBgQ Lorem ipsum dolor sit amet, consectetur adipiscing elit, sed do eiusmod tempor incididunt ut labore et dolore magna aliqua. Ut enim ad minim veniam, quis nostrud exercitation ullamco laboris nisi ut aliquip ex ea commodo consequat. Duis aute irure dolor in reprehenderit in voluptate velit esse cillum dolore eu fugiat nulla pariatur. Except', TIMESTAMP '2019-03-16 11:50:07.054', 1, 'Proposal 44 that reached its quorum', 27, 8, NULL),
(188, TIMESTAMP '2019-03-11 11:50:07.054', TIMESTAMP '2019-03-12 11:50:07.054', 'GsSMdgHR Lorem ipsum dolor sit amet, consectetur adipiscing elit, sed do eiusmod tempor incididunt ut labore et dolore magna aliqua. Ut enim ad minim veniam, quis nostrud exercitation ullamco laboris nisi ut aliquip ex ea commodo consequat. Duis aute irure dolor in reprehenderit in voluptate velit esse cillum dolore eu fugiat nulla pariatur. Excepteur sint occaecat cupidatat non proident, s', TIMESTAMP '2019-03-16 11:50:07.054', 1, 'Proposal 45 that reached its quorum', 24, 17, NULL),
(189, TIMESTAMP '2019-03-12 11:50:07.101', TIMESTAMP '2019-03-13 11:50:07.101', 'fYtFvatN Lorem ipsum dolor sit amet, consectetur adipiscing elit, sed do eiusmod tempor incididunt ut labore et dolore magna aliqua. Ut enim ad minim veniam, quis nostrud exercitation ullamco ', TIMESTAMP '2019-03-16 11:50:07.101', 1, 'Proposal 46 that reached its quorum', 22, 4, NULL),
(190, TIMESTAMP '2019-03-12 11:50:07.179', TIMESTAMP '2019-03-13 11:50:07.179', 'r6fpkR7G Lorem ipsum dolor sit amet, consectetur adipiscing elit, sed do eiusmod tempor incididunt ut labore et dolore magna aliqua. Ut enim ad minim veniam, quis nostrud exercitation ullamco laboris nisi ut aliquip ex ea commodo consequat. Duis aute irure dolor ', TIMESTAMP '2019-03-16 11:50:07.179', 1, 'Proposal 47 that reached its quorum', 28, 9, NULL),
(191, TIMESTAMP '2019-03-15 11:50:07.195', TIMESTAMP '2019-03-16 11:50:07.195', 'FbYuYX2B Lorem ipsum dolor sit amet, consectetur adipiscing elit, sed do eiusmod tempor incididunt ut labore et dolore magna aliqua. Ut eni', TIMESTAMP '2019-03-16 11:50:07.195', 1, 'Proposal 48 that reached its quorum', 23, 19, NULL),
(192, TIMESTAMP '2019-03-16 11:50:07.226', TIMESTAMP '2019-03-16 11:50:07.226', 'fuh6xQw8 Lorem ipsum dolor sit amet, consectetur adipiscing elit, sed do eiusmod tempor incididunt ut labore et dolore magna aliqua. Ut enim ad minim veniam, quis nostrud exercitation ullamco laboris nisi ut aliquip ex ea commodo consequat. Duis aute irure dolor in reprehenderit in voluptate velit esse cillum dolore eu fugiat nulla pariat', TIMESTAMP '2019-03-16 11:50:07.226', 1, 'Proposal 49 that reached its quorum', 21, 1, NULL);
INSERT INTO PUBLIC.LAWS(ID, CREATED_AT, UPDATED_AT, DESCRIPTION, REACHED_QUORUM_AT, STATUS, TITLE, AREA_ID, CREATED_BY_ID, POLL_ID) VALUES
(193, TIMESTAMP '2019-03-07 11:50:07.241', TIMESTAMP '2019-03-08 11:50:07.241', 'Lorem ipsum dolor sit amet, consectetur adipiscing elit, sed do eiusmod tempor incididunt ut labore et dolore magna aliqua. Ut enim ad minim veniam, quis nostrud exercitation ullamco laboris nisi ut aliquip ex ea commodo consequat. Duis aute irure dolor in reprehenderit in voluptate velit esse cillum dolore eu fugiat nulla pariatur. ', TIMESTAMP '2019-03-16 11:50:07.241', 1, 'Proposal 0 for user testuser1@liquido.de', 26, 1, NULL),
(200, TIMESTAMP '2019-03-15 11:50:07.257', TIMESTAMP '2019-03-16 11:50:07.257', 'Lorem ipsum dolor sit amet, consectetur adipiscing elit, sed do eiusmod tempor incididunt ut labore et dolore magna aliqua. Ut enim ad minim veniam, quis nostrud exercitation ullamco laboris nisi ut aliquip ex ea commodo consequat. Duis aute irure dolor in reprehenderit in voluptate velit esse ci', TIMESTAMP '2019-03-16 11:50:07.257', 1, 'Proposal 1 for user testuser1@liquido.de', 22, 1, NULL),
(210, TIMESTAMP '2019-03-16 11:50:07.288', TIMESTAMP '2019-03-16 11:50:07.288', 'Lorem ipsum dolor sit amet, consectetur adipiscing elit, sed do eiusmod tempor incididunt ut labore et dolore magna aliqua. Ut enim ad minim veniam,', TIMESTAMP '2019-03-16 11:50:07.288', 1, 'Proposal 2 for user testuser1@liquido.de', 24, 1, NULL),
(216, TIMESTAMP '2019-03-14 11:50:07.32', TIMESTAMP '2019-03-15 11:50:07.32', 'Lorem ipsum dolor sit amet, consectetur adipiscing elit, sed do eiusmod tempor incididunt ut labore et dolore magna aliqua. Ut enim ad minim veniam, quis nostrud exercitation ullamco laboris nisi ut aliquip ex ea commodo consequat. Duis aute irure dolor in reprehenderit in voluptate velit esse cillum dolore eu fugiat nulla pariatu', TIMESTAMP '2019-03-16 11:50:07.32', 1, 'Proposal 3 for user testuser1@liquido.de', 23, 1, NULL),
(223, TIMESTAMP '2019-03-10 11:50:07.351', TIMESTAMP '2019-03-11 11:50:07.351', 'Lorem ipsum dolor sit amet, consectetur adipiscing elit, sed do eiusmod tempor incididunt ut labore et dolore magna aliqua. Ut enim ad minim veniam, quis nostrud exercitation ullamco laboris nisi ut aliquip ex ea commodo consequat. Duis aute irure dolor in reprehenderit in voluptate veli', TIMESTAMP '2019-03-16 11:50:07.351', 1, 'Proposal 4 for user testuser1@liquido.de', 23, 1, NULL),
(240, TIMESTAMP '2019-03-06 11:50:15.007', TIMESTAMP '2019-03-16 11:50:15.07', 'Lorem ipsum dolor sit amet, consectetur adipiscing elit, sed do eiusmod tempor incididunt ut labore et dolore magna aliqua. Ut enim ad minim veniam, quis nostrud exercitation ullamco laboris nisi ut aliquip ex ea commodo consequat. Duis aute irure dolor in reprehenderit in voluptate velit esse cillum dolore eu', TIMESTAMP '2019-03-16 11:50:14.992', 2, 'Initial Proposal in a poll that is in elaboration 1552733414976', 21, 13, 248),
(249, TIMESTAMP '2019-02-24 11:50:15.07', TIMESTAMP '2019-03-16 11:50:15.117', 'Lorem ipsum dolor sit amet, consectetur adipiscing elit, sed do eiusmod tempor incididunt ut labore et dolore magna aliqua. Ut enim ad minim veniam, quis nostrud exercitation ullamco la', TIMESTAMP '2019-03-16 11:50:15.07', 2, 'Alternative Proposal1 in a poll that is in elaboration1552733415070', 21, 15, 248),
(255, TIMESTAMP '2019-02-24 11:50:15.132', TIMESTAMP '2019-03-16 11:50:15.21', 'Lorem ipsum dolor sit amet, consectetur adipiscing elit, sed do eiusmod tempor incididunt ut labore et dolore magna aliqua. Ut enim ad minim veniam, quis nostrud exercitation ullamco laboris nisi ut aliquip ex ea commodo consequat. Duis aute irure dolor in reprehende', TIMESTAMP '2019-03-16 11:50:15.132', 2, 'Alternative Proposal2 in a poll that is in elaboration1552733415117', 21, 7, 248),
(264, TIMESTAMP '2019-02-24 11:50:15.242', TIMESTAMP '2019-03-16 11:50:15.288', 'Lorem ipsum dolor sit amet, consectetur adipiscing elit, sed do eiusmod tempor incididunt ut labore et dolore magna aliqua. Ut enim ad minim veniam, quis nostrud exercitation ullamco laboris nisi ut aliquip ex ea commodo consequat. Duis aute irure dolor in reprehenderit in voluptate velit esse cillum dolore eu fugiat nulla pariatu', TIMESTAMP '2019-03-16 11:50:15.226', 2, 'Alternative Proposal3 in a poll that is in elaboration1552733415210', 21, 3, 248);
INSERT INTO PUBLIC.LAWS(ID, CREATED_AT, UPDATED_AT, DESCRIPTION, REACHED_QUORUM_AT, STATUS, TITLE, AREA_ID, CREATED_BY_ID, POLL_ID) VALUES
(268, TIMESTAMP '2019-02-24 11:50:15.288', TIMESTAMP '2019-03-16 11:50:15.335', 'Lorem ipsum dolor sit amet, consectetur adipiscing elit, sed do eiusmod tempor incididunt ut labore et dolore magna aliqua. Ut enim ad minim veniam, quis no', TIMESTAMP '2019-03-16 11:50:15.288', 2, 'Alternative Proposal4 in a poll that is in elaboration1552733415288', 21, 5, 248),
(274, TIMESTAMP '2019-03-06 11:50:15.351', TIMESTAMP '2019-03-16 11:50:15.804', 'Lorem ipsum dolor sit amet, consectetur adipiscing elit, sed do eiusmod tempor incididunt ut labore et dolore magna aliqua. Ut enim ad minim veniam, quis nostrud exercitation ullamco laboris nisi ut aliquip ex ea commodo consequat. Duis aute irure dolor in reprehenderit in voluptate velit esse cil', TIMESTAMP '2019-03-16 11:50:15.335', 3, 'Proposal 5 in voting phase 1552733415710', 21, 13, 280),
(281, TIMESTAMP '2019-02-24 11:50:15.367', TIMESTAMP '2019-03-16 11:50:15.804', 'Lorem ipsum dolor sit amet, consectetur adipiscing elit, sed do eiusmod tempor incididunt ut labore et dolore magna aliqua. Ut enim ad minim veniam, quis nostrud exercitation ullamco laboris nisi ut aliquip ex ea commodo consequat. Duis aute irure dolo', TIMESTAMP '2019-03-16 11:50:15.367', 3, 'Proposal 4 in voting phase 1552733415710', 21, 15, 280),
(290, TIMESTAMP '2019-02-24 11:50:15.492', TIMESTAMP '2019-03-16 11:50:15.804', 'Lorem ipsum dolor sit amet, consectetur adipiscing elit, sed do eiusmod tempor incididunt ut labore et dolore magna aliqua. Ut enim ad minim veniam, quis nostrud exercitation ullamco laboris nisi ut aliquip ex ea commodo consequat. Duis aute irure dolor in reprehenderit in voluptate velit esse cillum dolore eu fugiat nulla pariat', TIMESTAMP '2019-03-16 11:50:15.492', 3, 'Proposal 3 in voting phase 1552733415710', 21, 7, 280),
(298, TIMESTAMP '2019-02-24 11:50:15.538', TIMESTAMP '2019-03-16 11:50:15.804', 'Lorem ipsum dolor sit amet, consectetur adipiscing elit, sed do eiusmod tempor incididunt ut labore et dolore magna aliqua. Ut enim ad minim veniam, quis nostrud exercitation ullamco laboris nisi ut aliquip ex ea commodo consequat. Duis aute irure dolor in reprehenderit in voluptate velit esse cillum dolore eu fugiat nulla pariatur. Excepteur sint occaecat cupidatat non proi', TIMESTAMP '2019-03-16 11:50:15.538', 3, 'Proposal 2 in voting phase 1552733415710', 21, 3, 280),
(303, TIMESTAMP '2019-02-24 11:50:15.679', TIMESTAMP '2019-03-16 11:50:15.804', 'Lorem ipsum dolor sit amet, consectetur adipiscing elit, sed do eiusmod tempor incididunt ut labore et dolore magna aliqua. Ut enim ad minim veniam, quis nostru', TIMESTAMP '2019-03-16 11:50:15.663', 3, 'Proposal 1 in voting phase 1552733415710', 21, 5, 280),
(308, TIMESTAMP '2019-03-06 11:50:15.835', TIMESTAMP '2019-03-16 11:50:16.16', 'Lorem ipsum dolor sit amet, consectetur adipiscing elit, sed do eiusmod tempor incididunt ut labore et dolore magna aliqua. Ut enim ad minim veniam, quis nostrud exercitation ullamco laboris nisi ut aliquip ex ea commodo consequat', TIMESTAMP '2019-03-16 11:50:15.82', 3, 'Proposal 5 in voting phase 1552733416066', 21, 13, 312),
(313, TIMESTAMP '2019-02-24 11:50:15.867', TIMESTAMP '2019-03-16 11:50:16.16', 'Lorem ipsum dolor sit amet, consectetur adipiscing elit, sed do eiusmod tempor incididunt ut labore et dolore magna aliqua. Ut e', TIMESTAMP '2019-03-16 11:50:15.851', 3, 'Proposal 4 in voting phase 1552733416066', 21, 15, 312),
(320, TIMESTAMP '2019-02-24 11:50:15.945', TIMESTAMP '2019-03-16 11:50:16.16', 'Lorem ipsum dolor sit amet, consectetur adipiscing elit, sed do eiusmod tempor incididunt ut labore et dolore magna aliqua. Ut enim ad minim veniam, quis nostrud exercitation ullamco laboris nisi ut aliquip ', TIMESTAMP '2019-03-16 11:50:15.945', 3, 'Proposal 3 in voting phase 1552733416066', 21, 7, 312),
(327, TIMESTAMP '2019-02-24 11:50:15.988', TIMESTAMP '2019-03-16 11:50:16.16', 'Lorem ipsum dolor sit amet, consectetur adipiscing elit, sed do eiusmod tempor incididunt ut labore et dolore magna aliqua. Ut enim ad minim veniam, quis nostrud exercitation ullamco laboris nisi ut aliquip ex ea commodo consequat. Duis aute irure dolor in reprehenderit in voluptate velit esse cillum dolore eu fugiat nulla pariatur. Excepteur sint occaecat cupidatat non proid', TIMESTAMP '2019-03-16 11:50:15.988', 3, 'Proposal 2 in voting phase 1552733416066', 21, 3, 312);
INSERT INTO PUBLIC.LAWS(ID, CREATED_AT, UPDATED_AT, DESCRIPTION, REACHED_QUORUM_AT, STATUS, TITLE, AREA_ID, CREATED_BY_ID, POLL_ID) VALUES
(333, TIMESTAMP '2019-02-24 11:50:16.035', TIMESTAMP '2019-03-16 11:50:16.16', 'Lorem ipsum dolor sit amet, consectetur adipiscing elit, sed do eiusmod tempor incididunt ut labore et dolore magna aliqua. Ut enim ad minim veniam, quis nostrud exercitation ullamco laboris nisi ut aliquip ex ea commodo consequat. Duis aute irure dolor in reprehenderit in voluptate', TIMESTAMP '2019-03-16 11:50:16.035', 3, 'Proposal 1 in voting phase 1552733416066', 21, 5, 312),
(355, TIMESTAMP '2019-03-06 11:50:22.433', TIMESTAMP '2019-03-16 11:50:26.283', 'Lorem ipsum dolor sit amet, consectetur adipiscing elit, sed do eiusmod tempor incididunt ut labore et dolore magna aliqua. Ut enim ad minim veniam, quis nostrud exercitation ullamco laboris nisi ut aliquip ex ea commodo consequat. Dui', TIMESTAMP '2019-03-16 11:50:22.433', 5, 'Proposal 5 in voting phase 1552733422605', 21, 13, 360),
(361, TIMESTAMP '2019-02-24 11:50:22.464', TIMESTAMP '2019-03-16 11:50:26.283', 'Lorem ipsum dolor sit amet, consectetur adipiscing elit, sed do eiusmod tempor incididunt ut labore et dolore magna aliqua. Ut enim ad minim veniam, quis nostrud exercitation ullamco laboris nisi ut aliquip ex ea commodo consequat. Duis aute irure dolor in reprehenderit in voluptate velit esse cillum dolore eu fugiat nulla pariatur. Excepteur sint occaeca', TIMESTAMP '2019-03-16 11:50:22.449', 4, 'Proposal 4 in voting phase 1552733422605', 21, 15, 360),
(368, TIMESTAMP '2019-02-24 11:50:22.496', TIMESTAMP '2019-03-16 11:50:26.283', 'Lorem ipsum dolor sit amet, consectetur adipiscing elit, sed do eiusmod tempor incididunt ut labore et dolore magna aliqua. Ut enim ad minim veniam, quis nostrud exercitation ullamco laboris nisi ut aliquip ex ea commodo consequat. Duis aut', TIMESTAMP '2019-03-16 11:50:22.496', 5, 'Proposal 3 in voting phase 1552733422605', 21, 7, 360),
(374, TIMESTAMP '2019-02-24 11:50:22.527', TIMESTAMP '2019-03-16 11:50:26.283', 'Lorem ipsum dolor sit amet, consectetur adipiscing elit, sed do eiusmod tempor incididunt ut labore et dolore magna aliqua. Ut enim ad minim veniam, quis nostrud exercitation ullamco laboris nisi ut aliquip ex ea commodo consequat. Duis aute irure dolor in reprehenderit in voluptate velit', TIMESTAMP '2019-03-16 11:50:22.527', 5, 'Proposal 2 in voting phase 1552733422605', 21, 3, 360),
(379, TIMESTAMP '2019-02-24 11:50:22.558', TIMESTAMP '2019-03-16 11:50:26.283', 'Lorem ipsum dolor sit amet, consectetur adipiscing elit, sed do eiusmod tempor incididunt ut labore et dolore magna aliqua. Ut enim ad minim veniam, quis nostrud exercitation ullamco laboris nisi ut aliquip ex ea commodo consequat. Duis aute irure dolor in reprehenderit in voluptate velit esse cillum dolore eu fugiat nulla pariatur', TIMESTAMP '2019-03-16 11:50:22.558', 5, 'Proposal 1 in voting phase 1552733422605', 21, 5, 360),
(402, TIMESTAMP '2019-02-24 11:50:26.298', TIMESTAMP '2019-03-16 11:50:26.298', 'Lorem ipsum dolor sit amet, consectetur adipiscing elit, sed do eiusmod tempor incididunt ut labore et dolore magna aliqua. Ut enim ad minim veniam, quis nostrud exercitation ullamco laboris nisi ut aliquip ex ea commodo consequat. Duis aute irure dolor in reprehenderit in voluptate velit esse cillum dolore eu fugiat nulla pariatur. Excepteur sint occaecat cupidatat no', TIMESTAMP '2019-02-20 11:50:26.283', 4, 'Law 0', 21, 1, NULL),
(403, TIMESTAMP '2019-02-23 11:50:26.33', TIMESTAMP '2019-03-16 11:50:26.33', 'Lorem ipsum dolor sit amet, consectetur adipiscing elit, sed do eiusmod tempor incididunt ut labore et dolore magna aliqua. Ut enim ad minim veniam, quis nostrud exercitation ullamco laboris nisi ut aliquip ex ea commodo consequat. Duis aute irure dolor in reprehenderit in voluptate velit esse cillum dolore eu fugiat nulla pariatur. Excepteur sint occaecat ', TIMESTAMP '2019-02-20 11:50:26.314', 4, 'Law 1', 21, 1, NULL);
CREATE MEMORY TABLE PUBLIC.LAWS_COMMENTS(
LAW_MODEL_ID BIGINT NOT NULL,
COMMENTS_ID BIGINT NOT NULL
);
ALTER TABLE PUBLIC.LAWS_COMMENTS ADD CONSTRAINT PUBLIC.CONSTRAINT_A0 PRIMARY KEY(LAW_MODEL_ID, COMMENTS_ID);
-- 25 +/- SELECT COUNT(*) FROM PUBLIC.LAWS_COMMENTS;
INSERT INTO PUBLIC.LAWS_COMMENTS(LAW_MODEL_ID, COMMENTS_ID) VALUES
(193, 194),
(200, 201),
(210, 211),
(216, 217),
(223, 224),
(240, 241),
(249, 250),
(255, 256),
(264, 265),
(268, 269),
(274, 275),
(281, 282),
(290, 291),
(298, 299),
(303, 304),
(308, 309),
(313, 314),
(320, 321),
(327, 328),
(333, 334),
(355, 356),
(361, 362),
(368, 369),
(374, 375),
(379, 380);
CREATE MEMORY TABLE PUBLIC.LAWS_SUPPORTERS(
LAW_MODEL_ID BIGINT NOT NULL,
SUPPORTERS_ID BIGINT NOT NULL
);
ALTER TABLE PUBLIC.LAWS_SUPPORTERS ADD CONSTRAINT PUBLIC.CONSTRAINT_C PRIMARY KEY(LAW_MODEL_ID, SUPPORTERS_ID);
-- 1195 +/- SELECT COUNT(*) FROM PUBLIC.LAWS_SUPPORTERS;
INSERT INTO PUBLIC.LAWS_SUPPORTERS(LAW_MODEL_ID, SUPPORTERS_ID) VALUES
(31, 7),
(31, 2),
(31, 18),
(31, 5),
(33, 13),
(33, 6),
(33, 10),
(33, 4),
(33, 8),
(33, 9),
(34, 2),
(34, 20),
(34, 1),
(34, 7),
(34, 16),
(34, 18),
(34, 11),
(34, 8),
(35, 18),
(35, 15),
(35, 16),
(35, 5),
(35, 13),
(35, 7),
(35, 1),
(35, 12),
(37, 8),
(37, 10),
(38, 5),
(38, 19),
(38, 10),
(38, 13),
(38, 17),
(38, 8),
(38, 16),
(39, 19),
(39, 16),
(39, 2),
(39, 3),
(39, 20),
(39, 13),
(39, 11),
(39, 6),
(40, 11),
(40, 10),
(41, 10),
(42, 17),
(42, 9),
(42, 11),
(42, 10),
(42, 15),
(43, 9),
(43, 2),
(43, 15),
(43, 10),
(43, 13),
(44, 19),
(44, 15),
(45, 6),
(45, 11),
(45, 12),
(46, 9),
(46, 14),
(46, 3),
(46, 11),
(46, 5),
(46, 17),
(47, 14),
(47, 15),
(47, 4),
(47, 11),
(47, 8),
(48, 2),
(48, 15),
(48, 5),
(48, 13),
(48, 8),
(48, 6),
(49, 6),
(49, 1),
(49, 19),
(49, 11),
(49, 14),
(49, 18),
(49, 13),
(50, 20),
(50, 9),
(50, 15),
(50, 2),
(51, 16),
(52, 3),
(52, 5),
(52, 20),
(52, 18),
(52, 8),
(52, 9),
(53, 6),
(53, 16),
(53, 19),
(53, 12),
(53, 4),
(53, 3),
(53, 20),
(54, 7),
(54, 9),
(54, 20),
(54, 6),
(54, 13),
(54, 15),
(54, 14),
(55, 5),
(55, 13),
(55, 14),
(55, 4),
(55, 12),
(55, 15),
(55, 20),
(57, 16),
(58, 8),
(59, 16),
(59, 14),
(59, 19),
(59, 20),
(60, 7),
(60, 11),
(60, 13),
(60, 10),
(60, 2),
(60, 9),
(60, 12),
(61, 11),
(61, 15),
(61, 12),
(61, 8),
(61, 13),
(61, 4),
(62, 8),
(62, 18),
(62, 5),
(62, 2),
(62, 12),
(62, 4),
(63, 7),
(63, 12),
(63, 20),
(63, 13),
(63, 17),
(63, 4),
(64, 16),
(65, 11),
(65, 4),
(65, 15),
(65, 17),
(65, 6),
(65, 14),
(65, 16),
(66, 18),
(66, 13),
(67, 18),
(70, 17),
(70, 1),
(70, 7),
(70, 16),
(70, 4),
(71, 11),
(71, 2),
(71, 12),
(71, 10),
(72, 2),
(72, 5),
(72, 14),
(72, 11),
(73, 12),
(73, 16),
(73, 10),
(73, 9),
(73, 19),
(73, 15),
(73, 2),
(74, 14),
(74, 5),
(75, 6),
(76, 1),
(76, 4),
(76, 2),
(76, 20),
(76, 17),
(76, 3),
(76, 19),
(76, 6),
(79, 12),
(79, 9),
(79, 8),
(79, 10),
(80, 17),
(80, 12),
(80, 19),
(80, 6),
(80, 18),
(81, 8),
(81, 17),
(81, 16),
(81, 11),
(81, 18),
(83, 1),
(83, 13),
(83, 5),
(83, 15),
(83, 14),
(83, 8),
(83, 4),
(83, 2),
(84, 14),
(84, 4),
(84, 9),
(84, 8),
(84, 2),
(84, 20),
(84, 15),
(84, 16),
(85, 3),
(85, 8),
(86, 20),
(86, 5),
(86, 1),
(86, 6),
(86, 8),
(87, 16),
(87, 15),
(88, 15),
(89, 2),
(89, 10),
(89, 20),
(89, 5),
(89, 7),
(89, 1),
(89, 16),
(91, 3),
(91, 15),
(91, 6),
(91, 9),
(91, 5),
(91, 17),
(92, 20),
(92, 13),
(92, 7),
(92, 12),
(92, 5),
(92, 15),
(92, 10),
(92, 18),
(93, 11),
(93, 5),
(93, 20),
(93, 6),
(93, 1),
(93, 9),
(93, 3),
(93, 16),
(94, 19),
(94, 9),
(94, 17),
(96, 18),
(96, 3),
(96, 12),
(96, 7),
(96, 11),
(96, 4),
(96, 17),
(97, 5),
(97, 10),
(97, 6),
(97, 4),
(97, 12),
(97, 1),
(98, 9),
(98, 18),
(98, 14),
(98, 10),
(98, 12),
(101, 1),
(101, 8),
(103, 8),
(103, 16),
(103, 4),
(103, 7),
(104, 2),
(104, 16),
(104, 17),
(104, 1),
(105, 7),
(105, 15),
(106, 2),
(107, 19),
(107, 10),
(107, 1),
(107, 8),
(107, 20),
(108, 5),
(108, 3),
(108, 15),
(108, 16),
(109, 6),
(109, 17),
(109, 5),
(109, 18),
(110, 11),
(110, 9),
(110, 10),
(110, 20),
(110, 12),
(111, 6),
(111, 13),
(111, 4),
(111, 17),
(111, 3),
(111, 19),
(111, 7),
(112, 4),
(112, 19),
(112, 3),
(113, 15),
(113, 1),
(113, 5),
(113, 16),
(113, 12),
(113, 19),
(114, 20),
(114, 18),
(114, 10),
(114, 12),
(114, 2),
(115, 1),
(116, 18),
(117, 14),
(117, 8),
(117, 1),
(117, 20),
(117, 16),
(118, 4),
(118, 12),
(119, 4),
(119, 5),
(119, 6),
(120, 4),
(120, 7),
(120, 11),
(121, 12),
(121, 7),
(121, 4),
(122, 2),
(123, 5),
(123, 7),
(123, 14),
(124, 15),
(124, 13),
(124, 8),
(124, 16),
(124, 11),
(124, 6),
(124, 5),
(125, 13),
(125, 16),
(125, 9),
(125, 11),
(126, 19),
(126, 9),
(126, 5),
(126, 2),
(128, 11),
(128, 16),
(128, 5),
(128, 7),
(128, 2),
(129, 9),
(129, 8),
(129, 10),
(129, 11),
(131, 19),
(132, 18),
(132, 9),
(132, 4),
(132, 3),
(133, 3),
(133, 18),
(133, 19),
(134, 12),
(134, 2),
(134, 10),
(134, 7),
(134, 11),
(134, 18),
(134, 19),
(135, 4),
(135, 17),
(135, 11),
(137, 8),
(137, 6),
(138, 19),
(138, 11),
(138, 13),
(138, 1),
(138, 17),
(138, 3),
(139, 5),
(140, 12),
(140, 14),
(140, 5),
(140, 7);
INSERT INTO PUBLIC.LAWS_SUPPORTERS(LAW_MODEL_ID, SUPPORTERS_ID) VALUES
(140, 3),
(140, 13),
(141, 7),
(142, 17),
(143, 14),
(143, 18),
(143, 19),
(143, 6),
(143, 2),
(143, 10),
(143, 9),
(143, 20),
(143, 5),
(143, 7),
(144, 14),
(144, 11),
(144, 17),
(144, 8),
(144, 5),
(144, 2),
(144, 7),
(144, 19),
(144, 20),
(144, 1),
(145, 9),
(145, 19),
(145, 20),
(145, 18),
(145, 8),
(145, 12),
(145, 10),
(145, 3),
(145, 14),
(145, 7),
(146, 8),
(146, 2),
(146, 16),
(146, 12),
(146, 17),
(146, 10),
(146, 3),
(146, 20),
(146, 14),
(146, 6),
(147, 11),
(147, 3),
(147, 5),
(147, 13),
(147, 17),
(147, 8),
(147, 20),
(147, 4),
(147, 9),
(147, 6),
(148, 9),
(148, 17),
(148, 14),
(148, 7),
(148, 15),
(148, 3),
(148, 5),
(148, 12),
(148, 10),
(148, 1),
(149, 15),
(149, 5),
(149, 14),
(149, 7),
(149, 16),
(149, 19),
(149, 10),
(149, 1),
(149, 20),
(149, 6),
(150, 15),
(150, 10),
(150, 14),
(150, 7),
(150, 13),
(150, 17),
(150, 8),
(150, 16),
(150, 11),
(150, 6),
(151, 2),
(151, 13),
(151, 11),
(151, 12),
(151, 18),
(151, 1),
(151, 20),
(151, 16),
(151, 4),
(151, 5),
(152, 7),
(152, 15),
(152, 5),
(152, 8),
(152, 14),
(152, 2),
(152, 18),
(152, 20),
(152, 11),
(152, 13),
(153, 11),
(153, 16),
(153, 19),
(153, 15),
(153, 5),
(153, 4),
(153, 9),
(153, 14),
(153, 3),
(153, 12),
(154, 10),
(154, 1),
(154, 7),
(154, 3),
(154, 20),
(154, 17),
(154, 18),
(154, 8),
(154, 12),
(154, 11),
(155, 3),
(155, 4),
(155, 8),
(155, 12),
(155, 15),
(155, 16),
(155, 17),
(155, 9),
(155, 14),
(155, 19),
(156, 3),
(156, 10),
(156, 4),
(156, 20),
(156, 8),
(156, 17),
(156, 6),
(156, 11),
(156, 2),
(156, 7),
(157, 4),
(157, 10),
(157, 2),
(157, 1),
(157, 7),
(157, 6),
(157, 3),
(157, 19),
(157, 8),
(157, 20),
(158, 1),
(158, 9),
(158, 2),
(158, 6),
(158, 11),
(158, 7),
(158, 16),
(158, 8),
(158, 14),
(158, 10),
(159, 12),
(159, 18),
(159, 16),
(159, 6),
(159, 7),
(159, 1),
(159, 8),
(159, 4),
(159, 17),
(159, 2),
(160, 5),
(160, 20),
(160, 8),
(160, 10),
(160, 14),
(160, 12),
(160, 9),
(160, 17),
(160, 2),
(160, 6),
(161, 9),
(161, 16),
(161, 7),
(161, 13),
(161, 5),
(161, 14),
(161, 20),
(161, 6),
(161, 2),
(161, 4),
(162, 16),
(162, 9),
(162, 15),
(162, 19),
(162, 11),
(162, 3),
(162, 8),
(162, 4),
(162, 1),
(162, 7),
(163, 18),
(163, 8),
(163, 9),
(163, 16),
(163, 2),
(163, 19),
(163, 6),
(163, 20),
(163, 10),
(163, 4),
(164, 20),
(164, 1),
(164, 19),
(164, 2),
(164, 15),
(164, 10),
(164, 6),
(164, 13),
(164, 16),
(164, 17),
(165, 10),
(165, 1),
(165, 6),
(165, 14),
(165, 19),
(165, 2),
(165, 17),
(165, 5),
(165, 11),
(165, 8),
(166, 3),
(166, 5),
(166, 17),
(166, 13),
(166, 15),
(166, 2),
(166, 1),
(166, 11),
(166, 12),
(166, 16),
(167, 6),
(167, 4),
(167, 2),
(167, 17),
(167, 12),
(167, 7),
(167, 13),
(167, 19),
(167, 10),
(167, 16),
(168, 6),
(168, 1),
(168, 7),
(168, 17),
(168, 2),
(168, 14),
(168, 3),
(168, 20),
(168, 19),
(168, 18),
(169, 14),
(169, 2),
(169, 18),
(169, 8),
(169, 4),
(169, 19),
(169, 12),
(169, 1),
(169, 11),
(169, 10),
(170, 3),
(170, 7),
(170, 1),
(170, 11),
(170, 15),
(170, 6),
(170, 17),
(170, 20),
(170, 12),
(170, 8),
(171, 18),
(171, 8),
(171, 2),
(171, 10),
(171, 5),
(171, 11),
(171, 6),
(171, 14),
(171, 4),
(171, 19),
(172, 12),
(172, 6),
(172, 16),
(172, 13),
(172, 3),
(172, 2),
(172, 14),
(172, 15),
(172, 20),
(172, 4),
(173, 20),
(173, 10),
(173, 6),
(173, 17),
(173, 11),
(173, 5),
(173, 3),
(173, 8),
(173, 2),
(173, 16),
(174, 16),
(174, 1),
(174, 5),
(174, 6),
(174, 18),
(174, 10),
(174, 13),
(174, 4),
(174, 14),
(174, 12),
(175, 9),
(175, 11),
(175, 7),
(175, 20),
(175, 17),
(175, 14),
(175, 2),
(175, 19),
(175, 3),
(175, 8),
(176, 8),
(176, 16),
(176, 14),
(176, 1),
(176, 11),
(176, 17),
(176, 7),
(176, 20),
(176, 18),
(176, 13),
(177, 8),
(177, 3),
(177, 10),
(177, 6),
(177, 17),
(177, 12),
(177, 1),
(177, 18),
(177, 13),
(177, 4),
(178, 1),
(178, 6),
(178, 20),
(178, 10),
(178, 14),
(178, 3),
(178, 8),
(178, 19),
(178, 4),
(178, 13),
(179, 6),
(179, 7),
(179, 15),
(179, 20),
(179, 5),
(179, 11),
(179, 12),
(179, 10),
(179, 8),
(179, 3),
(180, 3),
(180, 18),
(180, 11),
(180, 6),
(180, 2),
(180, 14),
(180, 10),
(180, 7),
(180, 17);
INSERT INTO PUBLIC.LAWS_SUPPORTERS(LAW_MODEL_ID, SUPPORTERS_ID) VALUES
(180, 13),
(181, 8),
(181, 19),
(181, 15),
(181, 7),
(181, 6),
(181, 18),
(181, 17),
(181, 10),
(181, 9),
(181, 2),
(182, 17),
(182, 16),
(182, 7),
(182, 9),
(182, 2),
(182, 19),
(182, 13),
(182, 14),
(182, 15),
(182, 3),
(183, 8),
(183, 12),
(183, 4),
(183, 19),
(183, 1),
(183, 16),
(183, 5),
(183, 15),
(183, 13),
(183, 6),
(184, 10),
(184, 12),
(184, 15),
(184, 5),
(184, 20),
(184, 7),
(184, 18),
(184, 8),
(184, 17),
(184, 16),
(185, 3),
(185, 6),
(185, 12),
(185, 1),
(185, 2),
(185, 7),
(185, 8),
(185, 4),
(185, 18),
(185, 11),
(186, 8),
(186, 12),
(186, 15),
(186, 4),
(186, 9),
(186, 17),
(186, 5),
(186, 14),
(186, 11),
(186, 3),
(187, 16),
(187, 9),
(187, 15),
(187, 17),
(187, 2),
(187, 5),
(187, 12),
(187, 19),
(187, 6),
(187, 13),
(188, 2),
(188, 10),
(188, 15),
(188, 7),
(188, 13),
(188, 11),
(188, 16),
(188, 12),
(188, 9),
(188, 3),
(189, 10),
(189, 13),
(189, 6),
(189, 19),
(189, 8),
(189, 3),
(189, 16),
(189, 20),
(189, 11),
(189, 2),
(190, 13),
(190, 3),
(190, 5),
(190, 16),
(190, 2),
(190, 1),
(190, 15),
(190, 8),
(190, 19),
(190, 7),
(191, 12),
(191, 16),
(191, 11),
(191, 8),
(191, 5),
(191, 15),
(191, 10),
(191, 20),
(191, 17),
(191, 3),
(192, 13),
(192, 7),
(192, 9),
(192, 10),
(192, 4),
(192, 12),
(192, 20),
(192, 16),
(192, 2),
(192, 14),
(193, 20),
(193, 5),
(193, 4),
(193, 15),
(193, 16),
(193, 7),
(193, 10),
(193, 18),
(193, 17),
(193, 13),
(200, 17),
(200, 16),
(200, 4),
(200, 5),
(200, 7),
(200, 8),
(200, 18),
(200, 6),
(200, 3),
(200, 9),
(210, 4),
(210, 15),
(210, 11),
(210, 16),
(210, 9),
(210, 14),
(210, 12),
(210, 20),
(210, 7),
(210, 18),
(216, 11),
(216, 2),
(216, 13),
(216, 17),
(216, 7),
(216, 20),
(216, 14),
(216, 19),
(216, 3),
(216, 18),
(223, 6),
(223, 2),
(223, 13),
(223, 17),
(223, 16),
(223, 5),
(223, 18),
(223, 15),
(223, 11),
(223, 3),
(240, 17),
(240, 8),
(240, 5),
(240, 16),
(240, 4),
(240, 18),
(240, 3),
(240, 15),
(240, 1),
(240, 19),
(249, 1),
(249, 17),
(249, 4),
(249, 2),
(249, 5),
(249, 14),
(249, 11),
(249, 13),
(249, 10),
(249, 12),
(255, 19),
(255, 14),
(255, 1),
(255, 20),
(255, 10),
(255, 6),
(255, 16),
(255, 15),
(255, 5),
(255, 17),
(264, 14),
(264, 16),
(264, 9),
(264, 13),
(264, 17),
(264, 8),
(264, 12),
(264, 4),
(264, 5),
(264, 6),
(268, 16),
(268, 9),
(268, 20),
(268, 12),
(268, 11),
(268, 1),
(268, 3),
(268, 14),
(268, 2),
(268, 8),
(274, 14),
(274, 20),
(274, 12),
(274, 11),
(274, 3),
(274, 9),
(274, 15),
(274, 19),
(274, 2),
(274, 10),
(281, 8),
(281, 1),
(281, 5),
(281, 14),
(281, 10),
(281, 13),
(281, 20),
(281, 3),
(281, 16),
(281, 19),
(290, 19),
(290, 18),
(290, 15),
(290, 10),
(290, 6),
(290, 5),
(290, 9),
(290, 4),
(290, 11),
(290, 8),
(298, 18),
(298, 16),
(298, 13),
(298, 20),
(298, 4),
(298, 11),
(298, 1),
(298, 6),
(298, 19),
(298, 5),
(303, 3),
(303, 16),
(303, 12),
(303, 7),
(303, 11),
(303, 20),
(303, 15),
(303, 17),
(303, 8),
(303, 10),
(308, 8),
(308, 9),
(308, 19),
(308, 11),
(308, 4),
(308, 7),
(308, 2),
(308, 17),
(308, 5),
(308, 16),
(313, 3),
(313, 9),
(313, 11),
(313, 14),
(313, 13),
(313, 2),
(313, 8),
(313, 5),
(313, 16),
(313, 17),
(320, 16),
(320, 1),
(320, 14),
(320, 3),
(320, 6),
(320, 20),
(320, 10),
(320, 19),
(320, 15),
(320, 9),
(327, 6),
(327, 14),
(327, 8),
(327, 1),
(327, 10),
(327, 5),
(327, 18),
(327, 15),
(327, 9),
(327, 13),
(333, 8),
(333, 19),
(333, 13),
(333, 3),
(333, 15),
(333, 18),
(333, 1),
(333, 12),
(333, 11),
(333, 10),
(355, 2),
(355, 15),
(355, 14),
(355, 5),
(355, 10),
(355, 3),
(355, 7),
(355, 12),
(355, 8),
(355, 16),
(361, 9),
(361, 5),
(361, 1),
(361, 2),
(361, 19),
(361, 3),
(361, 17),
(361, 10),
(361, 4),
(361, 12),
(368, 1),
(368, 4),
(368, 2),
(368, 8),
(368, 11),
(368, 17),
(368, 14),
(368, 16),
(368, 3),
(368, 6),
(374, 19),
(374, 12),
(374, 18),
(374, 14),
(374, 4),
(374, 11),
(374, 7),
(374, 2),
(374, 20),
(374, 8),
(379, 10),
(379, 16),
(379, 7),
(379, 17),
(379, 9),
(379, 13),
(379, 18),
(379, 8),
(379, 12),
(379, 15),
(402, 8),
(402, 5),
(402, 16),
(402, 14),
(402, 2),
(402, 17),
(402, 15),
(402, 3),
(402, 11),
(402, 12),
(402, 13);
INSERT INTO PUBLIC.LAWS_SUPPORTERS(LAW_MODEL_ID, SUPPORTERS_ID) VALUES
(402, 18),
(402, 20),
(402, 4),
(402, 6),
(403, 11),
(403, 15),
(403, 20),
(403, 2),
(403, 13),
(403, 14),
(403, 5),
(403, 17),
(403, 10),
(403, 16),
(403, 4),
(403, 8),
(403, 6),
(403, 7),
(403, 12),
(403, 19),
(403, 18);
CREATE MEMORY TABLE PUBLIC.ONE_TIME_TOKEN(
ID BIGINT NOT NULL,
CREATED_AT TIMESTAMP NOT NULL,
UPDATED_AT TIMESTAMP NOT NULL,
TOKEN VARCHAR(255) NOT NULL,
TOKEN_TYPE INTEGER NOT NULL,
VALID_UNTIL TIMESTAMP NOT NULL,
USER_ID BIGINT NOT NULL
);
ALTER TABLE PUBLIC.ONE_TIME_TOKEN ADD CONSTRAINT PUBLIC.CONSTRAINT_4 PRIMARY KEY(ID);
-- 0 +/- SELECT COUNT(*) FROM PUBLIC.ONE_TIME_TOKEN;
CREATE MEMORY TABLE PUBLIC.POLLS(
ID BIGINT NOT NULL,
CREATED_AT TIMESTAMP NOT NULL,
UPDATED_AT TIMESTAMP NOT NULL,
DUEL_MATRIX VARCHAR(255),
STATUS INTEGER,
VOTING_END_AT TIMESTAMP,
VOTING_START_AT TIMESTAMP,
WINNER_ID BIGINT
);
ALTER TABLE PUBLIC.POLLS ADD CONSTRAINT PUBLIC.CONSTRAINT_48 PRIMARY KEY(ID);
-- 4 +/- SELECT COUNT(*) FROM PUBLIC.POLLS;
INSERT INTO PUBLIC.POLLS(ID, CREATED_AT, UPDATED_AT, DUEL_MATRIX, STATUS, VOTING_END_AT, VOTING_START_AT, WINNER_ID) VALUES
(248, TIMESTAMP '2019-03-09 11:50:15.335', TIMESTAMP '2019-03-09 11:50:15.335', '', 0, TIMESTAMP '2019-04-13 00:00:00', TIMESTAMP '2019-03-30 00:00:00', NULL),
(280, TIMESTAMP '2019-03-01 11:50:15.742', TIMESTAMP '2019-03-16 11:50:15.804', '', 1, TIMESTAMP '2019-03-29 00:00:00', TIMESTAMP '2019-03-15 11:50:15.773', NULL),
(312, TIMESTAMP '2019-03-01 11:50:16.097', TIMESTAMP '2019-03-16 11:50:22.433', '[]', 1, TIMESTAMP '2019-03-29 00:00:00', TIMESTAMP '2019-03-15 11:50:16.144', NULL),
(360, TIMESTAMP '2019-02-11 11:50:22.714', TIMESTAMP '2019-03-16 11:50:26.283', '[[0,5,7,5,8],[8,0,7,7,8],[9,9,0,6,8],[9,8,10,0,9],[7,7,8,7,0]]', 2, TIMESTAMP '2019-03-16 11:50:26.267', TIMESTAMP '2019-02-25 11:50:22.699', 361);
CREATE MEMORY TABLE PUBLIC.USERS(
ID BIGINT NOT NULL,
CREATED_AT TIMESTAMP NOT NULL,
UPDATED_AT TIMESTAMP NOT NULL,
EMAIL VARCHAR(255) NOT NULL,
LAST_LOGIN TIMESTAMP,
MOBILEPHONE VARCHAR(255),
NAME VARCHAR(255),
PICTURE VARCHAR(255),
WEBSITE VARCHAR(255)
);
ALTER TABLE PUBLIC.USERS ADD CONSTRAINT PUBLIC.CONSTRAINT_4D PRIMARY KEY(ID);
-- 20 +/- SELECT COUNT(*) FROM PUBLIC.USERS;
INSERT INTO PUBLIC.USERS(ID, CREATED_AT, UPDATED_AT, EMAIL, LAST_LOGIN, MOBILEPHONE, NAME, PICTURE, WEBSITE) VALUES
(1, TIMESTAMP '2019-03-16 11:50:04.885', TIMESTAMP '2019-03-16 11:50:04.885', 'testuser1@liquido.de', NULL, '+49123451', 'Donald Duck', '/static/img/photos/1.png', 'http://www.liquido.de'),
(2, TIMESTAMP '2019-03-16 11:50:04.889', TIMESTAMP '2019-03-16 11:50:04.889', 'testuser2@liquido.de', NULL, '+49123452', 'Test User2', '/static/img/photos/2.png', 'http://www.liquido.de'),
(3, TIMESTAMP '2019-03-16 11:50:04.891', TIMESTAMP '2019-03-16 11:50:04.891', 'testuser3@liquido.de', NULL, '+49123453', 'Test User3', '/static/img/photos/3.png', 'http://www.liquido.de'),
(4, TIMESTAMP '2019-03-16 11:50:04.893', TIMESTAMP '2019-03-16 11:50:04.893', 'testuser4@liquido.de', NULL, '+49123454', 'Test User4', '/static/img/photos/1.png', 'http://www.liquido.de'),
(5, TIMESTAMP '2019-03-16 11:50:04.894', TIMESTAMP '2019-03-16 11:50:04.894', 'testuser5@liquido.de', NULL, '+49123455', 'Test User5', '/static/img/photos/2.png', 'http://www.liquido.de'),
(6, TIMESTAMP '2019-03-16 11:50:04.895', TIMESTAMP '2019-03-16 11:50:04.895', 'testuser6@liquido.de', NULL, '+49123456', 'Test User6', '/static/img/photos/3.png', 'http://www.liquido.de'),
(7, TIMESTAMP '2019-03-16 11:50:04.896', TIMESTAMP '2019-03-16 11:50:04.896', 'testuser7@liquido.de', NULL, '+49123457', 'Test User7', '/static/img/photos/1.png', 'http://www.liquido.de'),
(8, TIMESTAMP '2019-03-16 11:50:04.897', TIMESTAMP '2019-03-16 11:50:04.897', 'testuser8@liquido.de', NULL, '+49123458', 'Test User8', '/static/img/photos/2.png', 'http://www.liquido.de'),
(9, TIMESTAMP '2019-03-16 11:50:04.898', TIMESTAMP '2019-03-16 11:50:04.898', 'testuser9@liquido.de', NULL, '+49123459', 'Test User9', '/static/img/photos/3.png', 'http://www.liquido.de'),
(10, TIMESTAMP '2019-03-16 11:50:04.9', TIMESTAMP '2019-03-16 11:50:04.9', 'testuser10@liquido.de', NULL, '+491234510', 'Test User10', '/static/img/photos/1.png', 'http://www.liquido.de'),
(11, TIMESTAMP '2019-03-16 11:50:04.901', TIMESTAMP '2019-03-16 11:50:04.901', 'testuser11@liquido.de', NULL, '+491234511', 'Test User11', '/static/img/photos/2.png', 'http://www.liquido.de'),
(12, TIMESTAMP '2019-03-16 11:50:04.903', TIMESTAMP '2019-03-16 11:50:04.903', 'testuser12@liquido.de', NULL, '+491234512', 'Test User12', '/static/img/photos/3.png', 'http://www.liquido.de'),
(13, TIMESTAMP '2019-03-16 11:50:04.904', TIMESTAMP '2019-03-16 11:50:04.904', 'testuser13@liquido.de', NULL, '+491234513', 'Test User13', '/static/img/photos/1.png', 'http://www.liquido.de'),
(14, TIMESTAMP '2019-03-16 11:50:04.905', TIMESTAMP '2019-03-16 11:50:04.905', 'testuser14@liquido.de', NULL, '+491234514', 'Test User14', '/static/img/photos/2.png', 'http://www.liquido.de'),
(15, TIMESTAMP '2019-03-16 11:50:04.906', TIMESTAMP '2019-03-16 11:50:04.906', 'testuser15@liquido.de', NULL, '+491234515', 'Test User15', '/static/img/photos/3.png', 'http://www.liquido.de'),
(16, TIMESTAMP '2019-03-16 11:50:04.908', TIMESTAMP '2019-03-16 11:50:04.908', 'testuser16@liquido.de', NULL, '+491234516', 'Test User16', '/static/img/photos/1.png', 'http://www.liquido.de'),
(17, TIMESTAMP '2019-03-16 11:50:04.909', TIMESTAMP '2019-03-16 11:50:04.909', 'testuser17@liquido.de', NULL, '+491234517', 'Test User17', '/static/img/photos/2.png', 'http://www.liquido.de'),
(18, TIMESTAMP '2019-03-16 11:50:04.91', TIMESTAMP '2019-03-16 11:50:04.91', 'testuser18@liquido.de', NULL, '+491234518', 'Test User18', '/static/img/photos/3.png', 'http://www.liquido.de'),
(19, TIMESTAMP '2019-03-16 11:50:04.911', TIMESTAMP '2019-03-16 11:50:04.911', 'testuser19@liquido.de', NULL, '+491234519', 'Test User19', '/static/img/photos/1.png', 'http://www.liquido.de'),
(20, TIMESTAMP '2019-03-16 11:50:04.912', TIMESTAMP '2019-03-16 11:50:04.912', 'testuser20@liquido.de', NULL, '+491234520', 'Test User20', '/static/img/photos/2.png', 'http://www.liquido.de');
-- 0 +/- SELECT COUNT(*) FROM PUBLIC.QRTZ_CALENDARS;
-- 0 +/- SELECT COUNT(*) FROM PUBLIC.QRTZ_CRON_TRIGGERS;
-- 0 +/- SELECT COUNT(*) FROM PUBLIC.QRTZ_FIRED_TRIGGERS;
-- 0 +/- SELECT COUNT(*) FROM PUBLIC.QRTZ_PAUSED_TRIGGER_GRPS;
-- 0 +/- SELECT COUNT(*) FROM PUBLIC.QRTZ_SCHEDULER_STATE;
-- 0 +/- SELECT COUNT(*) FROM PUBLIC.QRTZ_LOCKS;
-- 0 +/- SELECT COUNT(*) FROM PUBLIC.QRTZ_JOB_DETAILS;
-- 0 +/- SELECT COUNT(*) FROM PUBLIC.QRTZ_SIMPLE_TRIGGERS;
-- 0 +/- SELECT COUNT(*) FROM PUBLIC.QRTZ_SIMPROP_TRIGGERS;
-- 0 +/- SELECT COUNT(*) FROM PUBLIC.QRTZ_BLOB_TRIGGERS;
-- 0 +/- SELECT COUNT(*) FROM PUBLIC.QRTZ_TRIGGERS;
ALTER TABLE PUBLIC.AREAS ADD CONSTRAINT PUBLIC.UK_P61HNJ1M450KNDUSCXOLDCHFJ UNIQUE(TITLE);
ALTER TABLE PUBLIC.KEY_VALUE ADD CONSTRAINT PUBLIC.UK_8TE0DHIEXEOWA1RGVA302TO1L UNIQUE(KEY_COL);
ALTER TABLE PUBLIC.USERS ADD CONSTRAINT PUBLIC.UK_6DOTKOTT2KJSP8VW4D0M25FB7 UNIQUE(EMAIL);
ALTER TABLE PUBLIC.LAWS ADD CONSTRAINT PUBLIC.UK_BS516OPV3HONTPTWVPIOOS72B UNIQUE(TITLE);
ALTER TABLE PUBLIC.DELEGATIONS ADD CONSTRAINT PUBLIC.UK2WYH7POIF8NPDWLUR8DFORD0J UNIQUE(AREA_ID, FROM_USER_ID);
ALTER TABLE PUBLIC.LAWS_COMMENTS ADD CONSTRAINT PUBLIC.UK_OF3YV6X3MAHJPHJBJE5XHRXC8 UNIQUE(COMMENTS_ID);
ALTER TABLE PUBLIC.BALLOTS ADD CONSTRAINT PUBLIC.UKHWWEPK8N3CE54LEREWX2FMYXF UNIQUE(POLL_ID, CHECKSUM);
ALTER TABLE PUBLIC.USERS ADD CONSTRAINT PUBLIC.UK_70QE9WOFM8UJ2PEANWKPHERRM UNIQUE(MOBILEPHONE);
ALTER TABLE PUBLIC.CHECKSUMS ADD CONSTRAINT PUBLIC.UKL0XNKLNHLK4PTWSU9B0QXTYBN UNIQUE(AREA_ID, PUBLIC_PROXY_ID);
ALTER TABLE PUBLIC.AREAS ADD CONSTRAINT PUBLIC.FKP9N0U4HM2Q1O7V0068C8GD4EL FOREIGN KEY(CREATED_BY_ID) REFERENCES PUBLIC.USERS(ID) NOCHECK;
ALTER TABLE PUBLIC.DELEGATIONS ADD CONSTRAINT PUBLIC.FK1Y1R0D478R9NTDMUIYKKUHADV FOREIGN KEY(REQUESTED_DELEGATION_FROM_CHECKSUM_CHECKSUM) REFERENCES PUBLIC.CHECKSUMS(CHECKSUM) NOCHECK;
ALTER TABLE PUBLIC.DELEGATIONS ADD CONSTRAINT PUBLIC.FKSWBDEOVC7HSQ5EX30PBMDU9D4 FOREIGN KEY(AREA_ID) REFERENCES PUBLIC.AREAS(ID) NOCHECK;
ALTER TABLE PUBLIC.LAWS ADD CONSTRAINT PUBLIC.FK4QUHD81MM84X6RQ0CCBXSEYXX FOREIGN KEY(POLL_ID) REFERENCES PUBLIC.POLLS(ID) NOCHECK;
ALTER TABLE PUBLIC.LAWS_SUPPORTERS ADD CONSTRAINT PUBLIC.FK9B4I87YIKUCHRIRFJAYMGOHE3 FOREIGN KEY(LAW_MODEL_ID) REFERENCES PUBLIC.LAWS(ID) NOCHECK;
ALTER TABLE PUBLIC.BALLOTS ADD CONSTRAINT PUBLIC.FKOG7SHPLJ1CCOH8N9AO4Y16LQ3 FOREIGN KEY(POLL_ID) REFERENCES PUBLIC.POLLS(ID) NOCHECK;
ALTER TABLE PUBLIC.COMMENTS_DOWN_VOTERS ADD CONSTRAINT PUBLIC.FK62ILAC17TG4CPKRHEONUD72HV FOREIGN KEY(DOWN_VOTERS_ID) REFERENCES PUBLIC.USERS(ID) NOCHECK;
ALTER TABLE PUBLIC.CHECKSUMS ADD CONSTRAINT PUBLIC.FKDFLPSE9FSOGY1FMFDY2W79RG FOREIGN KEY(DELEGATED_TO_CHECKSUM) REFERENCES PUBLIC.CHECKSUMS(CHECKSUM) NOCHECK;
ALTER TABLE PUBLIC.BALLOTS_VOTE_ORDER ADD CONSTRAINT PUBLIC.FKIH6THEWVJEH3OW9DL1YTJ9AWB FOREIGN KEY(BALLOT_MODEL_ID) REFERENCES PUBLIC.BALLOTS(ID) NOCHECK;
ALTER TABLE PUBLIC.CHECKSUMS ADD CONSTRAINT PUBLIC.FK68FTLVL0MWTVOQD3BFUPP0XRG FOREIGN KEY(PUBLIC_PROXY_ID) REFERENCES PUBLIC.USERS(ID) NOCHECK;
ALTER TABLE PUBLIC.LAWS ADD CONSTRAINT PUBLIC.FKTR1PLL46Q50SHWBFFYIYUAVGN FOREIGN KEY(CREATED_BY_ID) REFERENCES PUBLIC.USERS(ID) NOCHECK;
ALTER TABLE PUBLIC.ONE_TIME_TOKEN ADD CONSTRAINT PUBLIC.FK4O21XT1RMRICB3EA4TO5NKR8D FOREIGN KEY(USER_ID) REFERENCES PUBLIC.USERS(ID) NOCHECK;
ALTER TABLE PUBLIC.BALLOTS_VOTE_ORDER ADD CONSTRAINT PUBLIC.FKOWD5MAD84QVWGST43698A6GX5 FOREIGN KEY(VOTE_ORDER_ID) REFERENCES PUBLIC.LAWS(ID) NOCHECK;
ALTER TABLE PUBLIC.COMMENTS ADD CONSTRAINT PUBLIC.FKAKKM6QFYDU7VGNFNE1YO0XMED FOREIGN KEY(CREATED_BY_ID) REFERENCES PUBLIC.USERS(ID) NOCHECK;
ALTER TABLE PUBLIC.DELEGATIONS ADD CONSTRAINT PUBLIC.FK21A6LG8FU2JS6E0JU41WJ2GQP FOREIGN KEY(TO_PROXY_ID) REFERENCES PUBLIC.USERS(ID) NOCHECK;
ALTER TABLE PUBLIC.LAWS_COMMENTS ADD CONSTRAINT PUBLIC.FK36FBKIUITRV0YRVY8S0IG46IX FOREIGN KEY(LAW_MODEL_ID) REFERENCES PUBLIC.LAWS(ID) NOCHECK;
ALTER TABLE PUBLIC.POLLS ADD CONSTRAINT PUBLIC.FKQADOVSMQ4UOK58SP9HKHWJQIS FOREIGN KEY(WINNER_ID) REFERENCES PUBLIC.LAWS(ID) NOCHECK;
ALTER TABLE PUBLIC.DELEGATIONS ADD CONSTRAINT PUBLIC.FK9KOYA2MI6T18VF7U1FROBKNIQ FOREIGN KEY(FROM_USER_ID) REFERENCES PUBLIC.USERS(ID) NOCHECK;
ALTER TABLE PUBLIC.COMMENTS ADD CONSTRAINT PUBLIC.FK4V1HI5NTV7K7XL8SF7KR91ANA FOREIGN KEY(LAW_ID) REFERENCES PUBLIC.LAWS(ID) NOCHECK;
ALTER TABLE PUBLIC.BALLOTS ADD CONSTRAINT PUBLIC.FK1RRV2WY16UQONFL9CR1CQG2XD FOREIGN KEY(CHECKSUM) REFERENCES PUBLIC.CHECKSUMS(CHECKSUM) NOCHECK;
ALTER TABLE PUBLIC.LAWS ADD CONSTRAINT PUBLIC.FK9VIQDJ5LDUN0AHWQDFF1WUY39 FOREIGN KEY(AREA_ID) REFERENCES PUBLIC.AREAS(ID) NOCHECK;
ALTER TABLE PUBLIC.LAWS_COMMENTS ADD CONSTRAINT PUBLIC.FKFL0Y4QFVFPF9YNMMFJ0JEVXFF FOREIGN KEY(COMMENTS_ID) REFERENCES PUBLIC.COMMENTS(ID) NOCHECK;
ALTER TABLE PUBLIC.COMMENTS_UP_VOTERS ADD CONSTRAINT PUBLIC.FKEUURM027PDC4L5A9G9O2L0UYD FOREIGN KEY(UP_VOTERS_ID) REFERENCES PUBLIC.USERS(ID) NOCHECK;
ALTER TABLE PUBLIC.COMMENTS ADD CONSTRAINT PUBLIC.FKLRI30OKF66PHTCGBE5POK7CC0 FOREIGN KEY(PARENT_ID) REFERENCES PUBLIC.COMMENTS(ID) NOCHECK;
ALTER TABLE PUBLIC.COMMENTS_UP_VOTERS ADD CONSTRAINT PUBLIC.FK8LS8T571Y99VTTW1MDKEBXAGP FOREIGN KEY(COMMENT_MODEL_ID) REFERENCES PUBLIC.COMMENTS(ID) NOCHECK;
ALTER TABLE PUBLIC.LAWS_SUPPORTERS ADD CONSTRAINT PUBLIC.FKK8MVJC4RQ970OJAVYFIA9BQVE FOREIGN KEY(SUPPORTERS_ID) REFERENCES PUBLIC.USERS(ID) NOCHECK;
ALTER TABLE PUBLIC.COMMENTS_DOWN_VOTERS ADD CONSTRAINT PUBLIC.FKJYMYJ54LENHS4KE6MYQHLY72 FOREIGN KEY(COMMENT_MODEL_ID) REFERENCES PUBLIC.COMMENTS(ID) NOCHECK;
ALTER TABLE PUBLIC.CHECKSUMS ADD CONSTRAINT PUBLIC.FKLLW57XBW0D67OPTMWFMU3P2PC FOREIGN KEY(AREA_ID) REFERENCES PUBLIC.AREAS(ID) NOCHECK;
