SET DB_CLOSE_DELAY -1;
;
CREATE USER IF NOT EXISTS SA SALT 'fe01870661b4abad' HASH '90f6283798455a552a859afdc019ec90a139687f5d2fa75b115d5d387f4d2c65' ADMIN;
CREATE SEQUENCE PUBLIC.HIBERNATE_SEQUENCE START WITH 387;
CREATE MEMORY TABLE PUBLIC.AREAS(
ID BIGINT NOT NULL,
CREATED_AT TIMESTAMP NOT NULL,
UPDATED_AT TIMESTAMP NOT NULL,
DESCRIPTION VARCHAR(255) NOT NULL,
TITLE VARCHAR(255) NOT NULL,
CREATED_BY_ID BIGINT NOT NULL
);
ALTER TABLE PUBLIC.AREAS ADD CONSTRAINT PUBLIC.CONSTRAINT_3 PRIMARY KEY(ID);
-- 10 +/- SELECT COUNT(*) FROM PUBLIC.AREAS;
INSERT INTO PUBLIC.AREAS(ID, CREATED_AT, UPDATED_AT, DESCRIPTION, TITLE, CREATED_BY_ID) VALUES
(21, TIMESTAMP '2019-01-06 08:31:06.387', TIMESTAMP '2019-01-06 08:31:06.387', 'Nice description for test area #0', 'Area 0', 1),
(22, TIMESTAMP '2019-01-06 08:31:06.388', TIMESTAMP '2019-01-06 08:31:06.388', 'Nice description for test area #1', 'Area 1', 1),
(23, TIMESTAMP '2019-01-06 08:31:06.39', TIMESTAMP '2019-01-06 08:31:06.39', 'Nice description for test area #2', 'Area 2', 1),
(24, TIMESTAMP '2019-01-06 08:31:06.391', TIMESTAMP '2019-01-06 08:31:06.391', 'Nice description for test area #3', 'Area 3', 1),
(25, TIMESTAMP '2019-01-06 08:31:06.393', TIMESTAMP '2019-01-06 08:31:06.393', 'Nice description for test area #4', 'Area 4', 1),
(26, TIMESTAMP '2019-01-06 08:31:06.415', TIMESTAMP '2019-01-06 08:31:06.415', 'Nice description for test area #5', 'Area 5', 1),
(27, TIMESTAMP '2019-01-06 08:31:06.421', TIMESTAMP '2019-01-06 08:31:06.421', 'Nice description for test area #6', 'Area 6', 1),
(28, TIMESTAMP '2019-01-06 08:31:06.423', TIMESTAMP '2019-01-06 08:31:06.423', 'Nice description for test area #7', 'Area 7', 1),
(29, TIMESTAMP '2019-01-06 08:31:06.424', TIMESTAMP '2019-01-06 08:31:06.424', 'Nice description for test area #8', 'Area 8', 1),
(30, TIMESTAMP '2019-01-06 08:31:06.426', TIMESTAMP '2019-01-06 08:31:06.426', 'Nice description for test area #9', 'Area 9', 1);
CREATE MEMORY TABLE PUBLIC.BALLOTS(
ID BIGINT NOT NULL,
LEVEL INTEGER NOT NULL,
VOTE_COUNT BIGINT NOT NULL,
CHECKSUM VARCHAR(255) NOT NULL,
POLL_ID BIGINT NOT NULL
);
ALTER TABLE PUBLIC.BALLOTS ADD CONSTRAINT PUBLIC.CONSTRAINT_1 PRIMARY KEY(ID);
-- 32 +/- SELECT COUNT(*) FROM PUBLIC.BALLOTS;
INSERT INTO PUBLIC.BALLOTS(ID, LEVEL, VOTE_COUNT, CHECKSUM, POLL_ID) VALUES
(317, 0, 1, '$2a$10$1IdrGrRAN2Wp3U7QI.JIzuuViLszDdeyBQZ4QNjYJJWIYI5M2O3G2', 288),
(318, 0, 1, '$2a$10$1IdrGrRAN2Wp3U7QI.JIzuDl5QTomD0jkJDoG.VH7LgF6BaMi7mUu', 288),
(319, 0, 4, '$2a$10$1IdrGrRAN2Wp3U7QI.JIzumrB8gg15WYrl/9Od2a/lKdcXxyoRqYe', 288),
(320, 0, 1, '$2a$10$1IdrGrRAN2Wp3U7QI.JIzu0U7xajdi9.MlI8tTpf7ZVQmMn3XTPaq', 288),
(321, 0, 1, '$2a$10$1IdrGrRAN2Wp3U7QI.JIzuA2amXnXPKlVvjlg62SZ08/U45S1krWS', 288),
(322, 0, 1, '$2a$10$1IdrGrRAN2Wp3U7QI.JIzuQi87d/P3rgtaiDqqegSB4vu2sByXkly', 288),
(323, 0, 2, '$2a$10$1IdrGrRAN2Wp3U7QI.JIzumF7aPaiUyhTd0m56K/SiA71ec5pLFu2', 288),
(324, 1, 1, '$2a$10$1IdrGrRAN2Wp3U7QI.JIzu9jY7URudOBmsrn4SD7Sp2bRAti6ztwK', 288),
(325, 0, 1, '$2a$10$1IdrGrRAN2Wp3U7QI.JIzuaW/fGb8Z2mJgsKxYwe5.NrtAFNxSQVS', 288),
(326, 0, 1, '$2a$10$1IdrGrRAN2Wp3U7QI.JIzuWb3cSZmVC9yx83VYQxwLFYSL5g8IoRy', 288),
(327, 0, 1, '$2a$10$1IdrGrRAN2Wp3U7QI.JIzuaXivFiTa4cwzBq6IwpHyvmd9OIEIHwW', 288),
(328, 0, 1, '$2a$10$1IdrGrRAN2Wp3U7QI.JIzuYTSKjBSu3cADo/STK5moSHUhn6NKcyS', 288),
(329, 0, 1, '$2a$10$1IdrGrRAN2Wp3U7QI.JIzuYun6DCp3DqD0HkMSxupTiHcONZRP0YC', 288),
(330, 0, 1, '$2a$10$1IdrGrRAN2Wp3U7QI.JIzuj/DUpsANoEk4usC10lyWBvgCY2jpdQ6', 288),
(331, 0, 1, '$2a$10$1IdrGrRAN2Wp3U7QI.JIzukT2e4dWh2jhcsPdh.C5JEqMyz08zCoa', 288),
(332, 0, 1, '$2a$10$1IdrGrRAN2Wp3U7QI.JIzuRe9KBAxYEu.ylAyhV50ek90rELSRGqG', 288),
(369, 0, 1, '$2a$10$1IdrGrRAN2Wp3U7QI.JIzuuViLszDdeyBQZ4QNjYJJWIYI5M2O3G2', 340),
(370, 0, 1, '$2a$10$1IdrGrRAN2Wp3U7QI.JIzuDl5QTomD0jkJDoG.VH7LgF6BaMi7mUu', 340),
(371, 0, 4, '$2a$10$1IdrGrRAN2Wp3U7QI.JIzumrB8gg15WYrl/9Od2a/lKdcXxyoRqYe', 340),
(372, 0, 1, '$2a$10$1IdrGrRAN2Wp3U7QI.JIzu0U7xajdi9.MlI8tTpf7ZVQmMn3XTPaq', 340),
(373, 0, 1, '$2a$10$1IdrGrRAN2Wp3U7QI.JIzuA2amXnXPKlVvjlg62SZ08/U45S1krWS', 340),
(374, 0, 1, '$2a$10$1IdrGrRAN2Wp3U7QI.JIzuQi87d/P3rgtaiDqqegSB4vu2sByXkly', 340),
(375, 0, 2, '$2a$10$1IdrGrRAN2Wp3U7QI.JIzumF7aPaiUyhTd0m56K/SiA71ec5pLFu2', 340),
(376, 1, 1, '$2a$10$1IdrGrRAN2Wp3U7QI.JIzu9jY7URudOBmsrn4SD7Sp2bRAti6ztwK', 340),
(377, 0, 1, '$2a$10$1IdrGrRAN2Wp3U7QI.JIzuaW/fGb8Z2mJgsKxYwe5.NrtAFNxSQVS', 340),
(378, 0, 1, '$2a$10$1IdrGrRAN2Wp3U7QI.JIzuWb3cSZmVC9yx83VYQxwLFYSL5g8IoRy', 340),
(379, 0, 1, '$2a$10$1IdrGrRAN2Wp3U7QI.JIzuaXivFiTa4cwzBq6IwpHyvmd9OIEIHwW', 340),
(380, 0, 1, '$2a$10$1IdrGrRAN2Wp3U7QI.JIzuYTSKjBSu3cADo/STK5moSHUhn6NKcyS', 340),
(381, 0, 1, '$2a$10$1IdrGrRAN2Wp3U7QI.JIzuYun6DCp3DqD0HkMSxupTiHcONZRP0YC', 340),
(382, 0, 1, '$2a$10$1IdrGrRAN2Wp3U7QI.JIzuj/DUpsANoEk4usC10lyWBvgCY2jpdQ6', 340),
(383, 0, 1, '$2a$10$1IdrGrRAN2Wp3U7QI.JIzukT2e4dWh2jhcsPdh.C5JEqMyz08zCoa', 340),
(384, 0, 1, '$2a$10$1IdrGrRAN2Wp3U7QI.JIzuRe9KBAxYEu.ylAyhV50ek90rELSRGqG', 340);
CREATE MEMORY TABLE PUBLIC.BALLOTS_VOTE_ORDER(
BALLOT_MODEL_ID BIGINT NOT NULL,
VOTE_ORDER_ID BIGINT NOT NULL,
VOTE_ORDER_ORDER INTEGER NOT NULL
);
ALTER TABLE PUBLIC.BALLOTS_VOTE_ORDER ADD CONSTRAINT PUBLIC.CONSTRAINT_5 PRIMARY KEY(BALLOT_MODEL_ID, VOTE_ORDER_ORDER);
-- 146 +/- SELECT COUNT(*) FROM PUBLIC.BALLOTS_VOTE_ORDER;
INSERT INTO PUBLIC.BALLOTS_VOTE_ORDER(BALLOT_MODEL_ID, VOTE_ORDER_ID, VOTE_ORDER_ORDER) VALUES
(317, 310, 0),
(317, 303, 1),
(317, 289, 2),
(317, 281, 3),
(317, 296, 4),
(318, 303, 0),
(318, 289, 1),
(318, 296, 2),
(318, 310, 3),
(318, 281, 4),
(319, 296, 0),
(319, 289, 1),
(319, 281, 2),
(319, 303, 3),
(319, 310, 4),
(323, 281, 0),
(323, 303, 1),
(323, 310, 2),
(323, 289, 3),
(323, 296, 4),
(324, 281, 0),
(324, 303, 1),
(324, 310, 2),
(324, 289, 3),
(324, 296, 4),
(325, 310, 0),
(325, 303, 1),
(325, 281, 2),
(325, 296, 3),
(325, 289, 4),
(320, 281, 0),
(320, 296, 1),
(320, 303, 2),
(320, 310, 3),
(321, 281, 0),
(321, 289, 1),
(321, 303, 2),
(321, 310, 3),
(326, 281, 0),
(326, 289, 1),
(326, 296, 2),
(326, 303, 3),
(326, 310, 4),
(327, 296, 0),
(327, 303, 1),
(327, 289, 2),
(328, 296, 0),
(328, 281, 1),
(329, 303, 0),
(329, 289, 1),
(329, 281, 2),
(329, 296, 3),
(329, 310, 4),
(330, 310, 0),
(330, 303, 1),
(330, 296, 2),
(330, 289, 3),
(331, 289, 0),
(331, 296, 1),
(331, 281, 2),
(331, 310, 3),
(332, 289, 0),
(332, 296, 1),
(332, 281, 2),
(332, 303, 3),
(332, 310, 4),
(322, 310, 0),
(322, 281, 1),
(322, 303, 2),
(322, 296, 3),
(322, 289, 4),
(369, 333, 0),
(369, 341, 1),
(369, 348, 2),
(369, 355, 3),
(369, 362, 4),
(370, 333, 0),
(370, 348, 1),
(370, 355, 2),
(370, 341, 3),
(370, 362, 4),
(371, 362, 0),
(371, 355, 1),
(371, 333, 2),
(371, 348, 3),
(375, 362, 0),
(375, 348, 1),
(375, 333, 2),
(375, 341, 3),
(375, 355, 4),
(376, 362, 0),
(376, 348, 1),
(376, 333, 2),
(376, 341, 3),
(376, 355, 4),
(377, 333, 0),
(377, 355, 1),
(377, 341, 2),
(372, 333, 0),
(372, 348, 1),
(372, 355, 2),
(372, 341, 3),
(372, 362, 4),
(373, 362, 0),
(373, 341, 1),
(373, 355, 2),
(373, 348, 3),
(373, 333, 4),
(378, 333, 0),
(378, 348, 1),
(378, 355, 2),
(378, 341, 3),
(379, 341, 0),
(379, 348, 1),
(379, 333, 2),
(379, 355, 3),
(379, 362, 4),
(380, 348, 0),
(380, 333, 1),
(380, 355, 2),
(380, 341, 3),
(380, 362, 4),
(381, 355, 0),
(381, 333, 1),
(381, 341, 2),
(381, 362, 3),
(381, 348, 4),
(382, 362, 0),
(382, 333, 1),
(382, 355, 2),
(382, 341, 3),
(382, 348, 4),
(383, 341, 0),
(383, 348, 1),
(383, 355, 2),
(383, 362, 3),
(383, 333, 4),
(384, 341, 0),
(384, 355, 1),
(384, 362, 2),
(384, 348, 3),
(374, 362, 0),
(374, 355, 1),
(374, 348, 2),
(374, 341, 3),
(374, 333, 4);
CREATE MEMORY TABLE PUBLIC.CHECKSUMS(
CHECKSUM VARCHAR(255) NOT NULL,
EXPIRES_AT TIMESTAMP,
TRANSITIVE BOOLEAN NOT NULL,
AREA_ID BIGINT,
DELEGATED_TO_CHECKSUM VARCHAR(255),
PUBLIC_PROXY_ID BIGINT
);
ALTER TABLE PUBLIC.CHECKSUMS ADD CONSTRAINT PUBLIC.CONSTRAINT_B PRIMARY KEY(CHECKSUM);
-- 18 +/- SELECT COUNT(*) FROM PUBLIC.CHECKSUMS;
INSERT INTO PUBLIC.CHECKSUMS(CHECKSUM, EXPIRES_AT, TRANSITIVE, AREA_ID, DELEGATED_TO_CHECKSUM, PUBLIC_PROXY_ID) VALUES
('$2a$10$1IdrGrRAN2Wp3U7QI.JIzueyGOu7FMMyyMJw3bvzEU2elpOrru8sy', TIMESTAMP '2019-01-07 08:31:10.805', TRUE, 21, NULL, 1),
('$2a$10$1IdrGrRAN2Wp3U7QI.JIzu9jY7URudOBmsrn4SD7Sp2bRAti6ztwK', TIMESTAMP '2019-01-07 08:31:12.856', TRUE, 21, '$2a$10$1IdrGrRAN2Wp3U7QI.JIzumF7aPaiUyhTd0m56K/SiA71ec5pLFu2', 6),
('$2a$10$1IdrGrRAN2Wp3U7QI.JIzuIvB5fBvUb/y3tpzb1Xahzu9k87H3HZ.', TIMESTAMP '2019-01-07 08:31:13.071', TRUE, 21, '$2a$10$1IdrGrRAN2Wp3U7QI.JIzueyGOu7FMMyyMJw3bvzEU2elpOrru8sy', 4),
('$2a$10$1IdrGrRAN2Wp3U7QI.JIzuuViLszDdeyBQZ4QNjYJJWIYI5M2O3G2', TIMESTAMP '2019-01-07 08:31:25.148', TRUE, 21, NULL, 13),
('$2a$10$1IdrGrRAN2Wp3U7QI.JIzuDl5QTomD0jkJDoG.VH7LgF6BaMi7mUu', TIMESTAMP '2019-01-07 08:31:25.557', TRUE, 21, NULL, 15),
('$2a$10$1IdrGrRAN2Wp3U7QI.JIzumrB8gg15WYrl/9Od2a/lKdcXxyoRqYe', TIMESTAMP '2019-01-07 08:31:25.894', TRUE, 21, '$2a$10$1IdrGrRAN2Wp3U7QI.JIzuIvB5fBvUb/y3tpzb1Xahzu9k87H3HZ.', 7),
('$2a$10$1IdrGrRAN2Wp3U7QI.JIzumF7aPaiUyhTd0m56K/SiA71ec5pLFu2', TIMESTAMP '2019-01-07 08:31:26.267', TRUE, 21, '$2a$10$1IdrGrRAN2Wp3U7QI.JIzueyGOu7FMMyyMJw3bvzEU2elpOrru8sy', 3),
('$2a$10$1IdrGrRAN2Wp3U7QI.JIzuaW/fGb8Z2mJgsKxYwe5.NrtAFNxSQVS', TIMESTAMP '2019-01-07 08:31:26.538', TRUE, 21, NULL, 5),
('$2a$10$1IdrGrRAN2Wp3U7QI.JIzu0U7xajdi9.MlI8tTpf7ZVQmMn3XTPaq', TIMESTAMP '2019-01-07 08:31:27.234', TRUE, 21, '$2a$10$1IdrGrRAN2Wp3U7QI.JIzumrB8gg15WYrl/9Od2a/lKdcXxyoRqYe', 10),
('$2a$10$1IdrGrRAN2Wp3U7QI.JIzuA2amXnXPKlVvjlg62SZ08/U45S1krWS', TIMESTAMP '2019-01-07 08:31:28.158', TRUE, 21, '$2a$10$1IdrGrRAN2Wp3U7QI.JIzumrB8gg15WYrl/9Od2a/lKdcXxyoRqYe', 11),
('$2a$10$1IdrGrRAN2Wp3U7QI.JIzuWb3cSZmVC9yx83VYQxwLFYSL5g8IoRy', TIMESTAMP '2019-01-07 08:31:28.757', TRUE, 21, '$2a$10$1IdrGrRAN2Wp3U7QI.JIzueyGOu7FMMyyMJw3bvzEU2elpOrru8sy', NULL),
('$2a$10$1IdrGrRAN2Wp3U7QI.JIzuaXivFiTa4cwzBq6IwpHyvmd9OIEIHwW', TIMESTAMP '2019-01-07 08:31:29.142', TRUE, 21, NULL, 9),
('$2a$10$1IdrGrRAN2Wp3U7QI.JIzuYTSKjBSu3cADo/STK5moSHUhn6NKcyS', TIMESTAMP '2019-01-07 08:31:29.464', TRUE, 21, NULL, 16),
('$2a$10$1IdrGrRAN2Wp3U7QI.JIzuYun6DCp3DqD0HkMSxupTiHcONZRP0YC', TIMESTAMP '2019-01-07 08:31:29.72', TRUE, 21, NULL, 20),
('$2a$10$1IdrGrRAN2Wp3U7QI.JIzuj/DUpsANoEk4usC10lyWBvgCY2jpdQ6', TIMESTAMP '2019-01-07 08:31:30.134', TRUE, 21, NULL, 18),
('$2a$10$1IdrGrRAN2Wp3U7QI.JIzukT2e4dWh2jhcsPdh.C5JEqMyz08zCoa', TIMESTAMP '2019-01-07 08:31:30.589', TRUE, 21, NULL, 14),
('$2a$10$1IdrGrRAN2Wp3U7QI.JIzuRe9KBAxYEu.ylAyhV50ek90rELSRGqG', TIMESTAMP '2019-01-07 08:31:31.173', TRUE, 21, NULL, 19),
('$2a$10$1IdrGrRAN2Wp3U7QI.JIzuQi87d/P3rgtaiDqqegSB4vu2sByXkly', TIMESTAMP '2019-01-07 08:31:31.649', FALSE, 21, '$2a$10$1IdrGrRAN2Wp3U7QI.JIzumrB8gg15WYrl/9Od2a/lKdcXxyoRqYe', 12);
CREATE MEMORY TABLE PUBLIC.COMMENTS(
ID BIGINT NOT NULL,
CREATED_AT TIMESTAMP NOT NULL,
UPDATED_AT TIMESTAMP NOT NULL,
COMMENT VARCHAR(255) NOT NULL,
CREATED_BY_ID BIGINT NOT NULL,
PARENT_ID BIGINT
);
ALTER TABLE PUBLIC.COMMENTS ADD CONSTRAINT PUBLIC.CONSTRAINT_A PRIMARY KEY(ID);
-- 120 +/- SELECT COUNT(*) FROM PUBLIC.COMMENTS;
INSERT INTO PUBLIC.COMMENTS(ID, CREATED_AT, UPDATED_AT, COMMENT, CREATED_BY_ID, PARENT_ID) VALUES
(208, TIMESTAMP '2019-01-06 08:31:17.034', TIMESTAMP '2019-01-06 08:31:17.034', 'Comment on root level. I really like this idea, but needs to be improved.', 12, NULL),
(209, TIMESTAMP '2019-01-06 08:31:17.035', TIMESTAMP '2019-01-06 08:31:17.035', 'Reply 0 Lorem ipsum dolor sit amet, consectetur adipiscing elit, sed do eiusmod tempor incididunt ut la', 2, 208),
(210, TIMESTAMP '2019-01-06 08:31:17.036', TIMESTAMP '2019-01-06 08:31:17.036', 'Reply 1 Lorem ipsum dolor sit amet, consectetur adipiscing elit, sed do eiusmod tempor incididunt ut la', 19, 208),
(211, TIMESTAMP '2019-01-06 08:31:17.036', TIMESTAMP '2019-01-06 08:31:17.036', 'Reply 2 Lorem ipsum dolor sit amet, consectetur adipiscing elit, sed do eiusmod tempor i', 6, 208),
(212, TIMESTAMP '2019-01-06 08:31:17.037', TIMESTAMP '2019-01-06 08:31:17.037', 'Reply 3 Lorem ipsum dolor sit amet, consectetur adipiscing elit, sed do eiusmod tempor incididunt ut labore', 11, 208),
(213, TIMESTAMP '2019-01-06 08:31:17.037', TIMESTAMP '2019-01-06 08:31:17.037', 'Reply 4 Lorem ipsum dolor sit amet, conse', 10, 208),
(218, TIMESTAMP '2019-01-06 08:31:17.059', TIMESTAMP '2019-01-06 08:31:17.059', 'Comment on root level. I really like this idea, but needs to be improved.', 7, NULL),
(219, TIMESTAMP '2019-01-06 08:31:17.06', TIMESTAMP '2019-01-06 08:31:17.06', 'Reply 0 Lorem ipsum dolor sit amet, consectetur adi', 18, 218),
(220, TIMESTAMP '2019-01-06 08:31:17.061', TIMESTAMP '2019-01-06 08:31:17.061', 'Reply 1 Lorem ipsum dolor sit amet, consectetur adipiscing elit, se', 10, 218),
(221, TIMESTAMP '2019-01-06 08:31:17.062', TIMESTAMP '2019-01-06 08:31:17.062', 'Reply 2 Lorem ipsum dolor s', 13, 218),
(222, TIMESTAMP '2019-01-06 08:31:17.062', TIMESTAMP '2019-01-06 08:31:17.062', 'Reply 3 Lorem ipsum dolor sit amet, consectetur adipiscing elit, sed', 7, 218),
(223, TIMESTAMP '2019-01-06 08:31:17.063', TIMESTAMP '2019-01-06 08:31:17.063', 'Reply 4 Lorem ipsum dolor sit amet, consectetur adipiscing elit, sed do eiusmo', 13, 218),
(225, TIMESTAMP '2019-01-06 08:31:17.076', TIMESTAMP '2019-01-06 08:31:17.076', 'Comment on root level. I really like this idea, but needs to be improved.', 13, NULL),
(226, TIMESTAMP '2019-01-06 08:31:17.076', TIMESTAMP '2019-01-06 08:31:17.076', 'Reply 0 Lorem ipsum dolor si', 14, 225),
(227, TIMESTAMP '2019-01-06 08:31:17.077', TIMESTAMP '2019-01-06 08:31:17.077', 'Reply 1 Lorem ipsum dolor sit amet, consectetur adipiscing elit, sed do eiusmod tempor incididunt ', 17, 225),
(228, TIMESTAMP '2019-01-06 08:31:17.078', TIMESTAMP '2019-01-06 08:31:17.078', 'Reply 2 Lorem ipsum dolor sit amet, consectetur adipiscing elit, sed do eiusmod tempor', 3, 225),
(229, TIMESTAMP '2019-01-06 08:31:17.078', TIMESTAMP '2019-01-06 08:31:17.078', 'Reply 3 Lorem ipsum dolor sit amet, consectetur adipiscing elit, sed do eiusmod tempor incididunt u', 8, 225),
(230, TIMESTAMP '2019-01-06 08:31:17.079', TIMESTAMP '2019-01-06 08:31:17.079', 'Reply 4 Lorem ipsum dolor sit ame', 5, 225),
(232, TIMESTAMP '2019-01-06 08:31:17.092', TIMESTAMP '2019-01-06 08:31:17.092', 'Comment on root level. I really like this idea, but needs to be improved.', 9, NULL),
(233, TIMESTAMP '2019-01-06 08:31:17.093', TIMESTAMP '2019-01-06 08:31:17.093', 'Reply 0 Lorem ipsum dolor sit amet, consectetur adipiscing elit, sed do eiusmod tempo', 14, 232),
(234, TIMESTAMP '2019-01-06 08:31:17.093', TIMESTAMP '2019-01-06 08:31:17.093', 'Reply 1 Lorem ipsum dolor sit amet, consectetur adip', 8, 232),
(235, TIMESTAMP '2019-01-06 08:31:17.094', TIMESTAMP '2019-01-06 08:31:17.094', 'Reply 2 Lorem ipsum dolor si', 12, 232),
(236, TIMESTAMP '2019-01-06 08:31:17.095', TIMESTAMP '2019-01-06 08:31:17.095', 'Reply 3 Lorem ipsum dolor sit amet, consectetur a', 19, 232),
(237, TIMESTAMP '2019-01-06 08:31:17.096', TIMESTAMP '2019-01-06 08:31:17.096', 'Reply 4 Lorem ipsum dolor sit amet, conse', 8, 232),
(239, TIMESTAMP '2019-01-06 08:31:17.107', TIMESTAMP '2019-01-06 08:31:17.107', 'Comment on root level. I really like this idea, but needs to be improved.', 16, NULL);
INSERT INTO PUBLIC.COMMENTS(ID, CREATED_AT, UPDATED_AT, COMMENT, CREATED_BY_ID, PARENT_ID) VALUES
(240, TIMESTAMP '2019-01-06 08:31:17.108', TIMESTAMP '2019-01-06 08:31:17.108', 'Reply 0 Lorem ipsum dolor sit amet, consectetur adipiscing elit, sed do e', 3, 239),
(241, TIMESTAMP '2019-01-06 08:31:17.109', TIMESTAMP '2019-01-06 08:31:17.109', 'Reply 1 Lorem ipsum dolor sit amet, consectetur adipiscing el', 18, 239),
(242, TIMESTAMP '2019-01-06 08:31:17.109', TIMESTAMP '2019-01-06 08:31:17.109', 'Reply 2 Lorem ipsum dolor sit amet, consectetur adipi', 15, 239),
(243, TIMESTAMP '2019-01-06 08:31:17.11', TIMESTAMP '2019-01-06 08:31:17.11', 'Reply 3 Lorem ipsum dolor sit amet, consectetur adipiscing elit, sed do eiusmod tempor incididun', 14, 239),
(244, TIMESTAMP '2019-01-06 08:31:17.11', TIMESTAMP '2019-01-06 08:31:17.11', 'Reply 4 Lorem ipsum dolor sit amet, consectetur adipiscing elit, sed do eiusmod tempor incididun', 7, 239),
(246, TIMESTAMP '2019-01-06 08:31:17.123', TIMESTAMP '2019-01-06 08:31:17.123', 'Comment on root level. I really like this idea, but needs to be improved.', 19, NULL),
(247, TIMESTAMP '2019-01-06 08:31:17.124', TIMESTAMP '2019-01-06 08:31:17.124', 'Reply 0 Lorem ipsum dolor sit amet, consectetur adipiscing elit, sed do eiusmod tempor incidid', 11, 246),
(248, TIMESTAMP '2019-01-06 08:31:17.13', TIMESTAMP '2019-01-06 08:31:17.13', 'Reply 1 Lorem ipsum dolor s', 15, 246),
(249, TIMESTAMP '2019-01-06 08:31:17.131', TIMESTAMP '2019-01-06 08:31:17.131', 'Reply 2 Lorem ipsum dolor sit amet, consectetur adip', 4, 246),
(250, TIMESTAMP '2019-01-06 08:31:17.131', TIMESTAMP '2019-01-06 08:31:17.131', 'Reply 3 Lorem ipsum dolor sit amet, consectetur adipiscing', 8, 246),
(251, TIMESTAMP '2019-01-06 08:31:17.132', TIMESTAMP '2019-01-06 08:31:17.132', 'Reply 4 Lorem ipsum dolor sit amet, consectetur adipiscin', 4, 246),
(254, TIMESTAMP '2019-01-06 08:31:17.144', TIMESTAMP '2019-01-06 08:31:17.144', 'Comment on root level. I really like this idea, but needs to be improved.', 7, NULL),
(255, TIMESTAMP '2019-01-06 08:31:17.145', TIMESTAMP '2019-01-06 08:31:17.145', 'Reply 0 Lorem ipsum dolor sit amet, consectetur adipiscing elit, sed do eiusmod tempor incid', 16, 254),
(256, TIMESTAMP '2019-01-06 08:31:17.146', TIMESTAMP '2019-01-06 08:31:17.146', 'Reply 1 Lorem ipsum dolor sit amet, consectetur adipiscing elit, sed', 20, 254),
(257, TIMESTAMP '2019-01-06 08:31:17.146', TIMESTAMP '2019-01-06 08:31:17.146', 'Reply 2 Lorem ipsum dolor sit amet, consectetur adipiscing elit, sed do eiusmod tempor i', 15, 254),
(258, TIMESTAMP '2019-01-06 08:31:17.147', TIMESTAMP '2019-01-06 08:31:17.147', 'Reply 3 Lorem ipsum dolor sit amet, consectetur adipiscing elit, s', 20, 254),
(259, TIMESTAMP '2019-01-06 08:31:17.148', TIMESTAMP '2019-01-06 08:31:17.148', 'Reply 4 Lorem ipsum dolor sit amet, cons', 20, 254),
(261, TIMESTAMP '2019-01-06 08:31:17.158', TIMESTAMP '2019-01-06 08:31:17.158', 'Comment on root level. I really like this idea, but needs to be improved.', 8, NULL),
(262, TIMESTAMP '2019-01-06 08:31:17.16', TIMESTAMP '2019-01-06 08:31:17.16', 'Reply 0 Lorem ipsum dolor sit amet, consectetur adipiscing', 18, 261),
(263, TIMESTAMP '2019-01-06 08:31:17.16', TIMESTAMP '2019-01-06 08:31:17.16', 'Reply 1 Lorem ipsum dolor ', 17, 261),
(264, TIMESTAMP '2019-01-06 08:31:17.161', TIMESTAMP '2019-01-06 08:31:17.161', 'Reply 2 Lorem ipsum dolor sit amet, consectetur adipiscing elit, sed do eiusmod tempor incididun', 12, 261),
(265, TIMESTAMP '2019-01-06 08:31:17.162', TIMESTAMP '2019-01-06 08:31:17.162', 'Reply 3 Lorem ipsum dolor sit amet, cons', 20, 261),
(266, TIMESTAMP '2019-01-06 08:31:17.162', TIMESTAMP '2019-01-06 08:31:17.162', 'Reply 4 Lorem ipsum', 11, 261),
(268, TIMESTAMP '2019-01-06 08:31:17.173', TIMESTAMP '2019-01-06 08:31:17.173', 'Comment on root level. I really like this idea, but needs to be improved.', 4, NULL),
(269, TIMESTAMP '2019-01-06 08:31:17.174', TIMESTAMP '2019-01-06 08:31:17.174', 'Reply 0 Lorem ipsum dolor sit a', 12, 268),
(270, TIMESTAMP '2019-01-06 08:31:17.175', TIMESTAMP '2019-01-06 08:31:17.175', 'Reply 1 Lorem ipsum dolor sit amet, consectetur adipiscin', 9, 268);
INSERT INTO PUBLIC.COMMENTS(ID, CREATED_AT, UPDATED_AT, COMMENT, CREATED_BY_ID, PARENT_ID) VALUES
(271, TIMESTAMP '2019-01-06 08:31:17.175', TIMESTAMP '2019-01-06 08:31:17.175', 'Reply 2 Lorem ipsum dolor sit amet, consectetur adipiscing elit, sed do eiusmod tempor i', 12, 268),
(272, TIMESTAMP '2019-01-06 08:31:17.176', TIMESTAMP '2019-01-06 08:31:17.176', 'Reply 3 Lorem ipsum do', 9, 268),
(273, TIMESTAMP '2019-01-06 08:31:17.177', TIMESTAMP '2019-01-06 08:31:17.177', 'Reply 4 Lorem ipsum dolor sit amet, consectetur adipiscing elit, sed do eiusmod tempor incididunt ', 11, 268),
(275, TIMESTAMP '2019-01-06 08:31:17.189', TIMESTAMP '2019-01-06 08:31:17.189', 'Comment on root level. I really like this idea, but needs to be improved.', 13, NULL),
(276, TIMESTAMP '2019-01-06 08:31:17.19', TIMESTAMP '2019-01-06 08:31:17.19', 'Reply 0 Lorem ipsum dolor sit am', 9, 275),
(277, TIMESTAMP '2019-01-06 08:31:17.19', TIMESTAMP '2019-01-06 08:31:17.19', 'Reply 1 Lorem ipsum dolor sit amet,', 10, 275),
(278, TIMESTAMP '2019-01-06 08:31:17.193', TIMESTAMP '2019-01-06 08:31:17.193', 'Reply 2 Lorem ipsum dolor sit amet, consectetur adipis', 18, 275),
(279, TIMESTAMP '2019-01-06 08:31:17.194', TIMESTAMP '2019-01-06 08:31:17.194', 'Reply 3 Lorem ipsum dolor s', 13, 275),
(280, TIMESTAMP '2019-01-06 08:31:17.194', TIMESTAMP '2019-01-06 08:31:17.194', 'Reply 4 Lorem ipsum dolor sit amet, consectetur adipiscing elit, sed do eiusmod tempor inci', 12, 275),
(282, TIMESTAMP '2019-01-06 08:31:17.352', TIMESTAMP '2019-01-06 08:31:17.352', 'Comment on root level. I really like this idea, but needs to be improved.', 14, NULL),
(283, TIMESTAMP '2019-01-06 08:31:17.353', TIMESTAMP '2019-01-06 08:31:17.353', 'Reply 0 Lorem ipsum dolor sit am', 9, 282),
(284, TIMESTAMP '2019-01-06 08:31:17.353', TIMESTAMP '2019-01-06 08:31:17.353', 'Reply 1 Lorem ipsum dolor sit amet, consectetur adipiscing elit, sed do eiusmod tempor incididunt ut labore', 20, 282),
(285, TIMESTAMP '2019-01-06 08:31:17.354', TIMESTAMP '2019-01-06 08:31:17.354', 'Reply 2 Lorem ipsum dolor sit amet, consectetur adipiscing elit, ', 12, 282),
(286, TIMESTAMP '2019-01-06 08:31:17.356', TIMESTAMP '2019-01-06 08:31:17.356', 'Reply 3 Lorem ipsum dolor', 8, 282),
(287, TIMESTAMP '2019-01-06 08:31:17.356', TIMESTAMP '2019-01-06 08:31:17.356', 'Reply 4 Lorem ipsum dolor sit amet, consectetur adipiscing eli', 12, 282),
(290, TIMESTAMP '2019-01-06 08:31:17.375', TIMESTAMP '2019-01-06 08:31:17.375', 'Comment on root level. I really like this idea, but needs to be improved.', 1, NULL),
(291, TIMESTAMP '2019-01-06 08:31:17.376', TIMESTAMP '2019-01-06 08:31:17.376', 'Reply 0 Lorem ipsum dolor sit amet, consectetur adipiscing elit, sed do eiusmod tempor incididunt ut labore', 7, 290),
(292, TIMESTAMP '2019-01-06 08:31:17.377', TIMESTAMP '2019-01-06 08:31:17.377', 'Reply 1 Lorem ipsum dolor sit amet, consectetur a', 11, 290),
(293, TIMESTAMP '2019-01-06 08:31:17.378', TIMESTAMP '2019-01-06 08:31:17.378', 'Reply 2 Lorem ipsum dolor sit amet, consectetur adipiscing elit, sed do eiusmod tempor incid', 8, 290),
(294, TIMESTAMP '2019-01-06 08:31:17.379', TIMESTAMP '2019-01-06 08:31:17.379', 'Reply 3 Lorem ipsum dolor sit amet, consectetur adipiscing elit, sed do eiusmod tempor incidi', 14, 290),
(295, TIMESTAMP '2019-01-06 08:31:17.381', TIMESTAMP '2019-01-06 08:31:17.381', 'Reply 4 Lorem ipsum dolor sit amet, consectetur adipiscing elit, sed do eiusmod tempor incididunt ut l', 2, 290),
(297, TIMESTAMP '2019-01-06 08:31:17.4', TIMESTAMP '2019-01-06 08:31:17.4', 'Comment on root level. I really like this idea, but needs to be improved.', 10, NULL),
(298, TIMESTAMP '2019-01-06 08:31:17.402', TIMESTAMP '2019-01-06 08:31:17.402', 'Reply 0 Lorem ipsum dolor sit amet, consectetur adipiscing e', 18, 297),
(299, TIMESTAMP '2019-01-06 08:31:17.403', TIMESTAMP '2019-01-06 08:31:17.403', 'Reply 1 Lorem ipsum dolor sit amet, consectetur adipisc', 4, 297),
(300, TIMESTAMP '2019-01-06 08:31:17.404', TIMESTAMP '2019-01-06 08:31:17.404', 'Reply 2 Lorem ipsum dolor sit amet, consectetur adipiscing elit, sed do eius', 9, 297),
(301, TIMESTAMP '2019-01-06 08:31:17.405', TIMESTAMP '2019-01-06 08:31:17.405', 'Reply 3 Lorem ipsum dolor sit amet, consectetur adipiscing', 15, 297);
INSERT INTO PUBLIC.COMMENTS(ID, CREATED_AT, UPDATED_AT, COMMENT, CREATED_BY_ID, PARENT_ID) VALUES
(302, TIMESTAMP '2019-01-06 08:31:17.406', TIMESTAMP '2019-01-06 08:31:17.406', 'Reply 4 Lorem ipsum dolor sit amet, consectetur adipiscing elit', 19, 297),
(304, TIMESTAMP '2019-01-06 08:31:17.417', TIMESTAMP '2019-01-06 08:31:17.417', 'Comment on root level. I really like this idea, but needs to be improved.', 19, NULL),
(305, TIMESTAMP '2019-01-06 08:31:17.417', TIMESTAMP '2019-01-06 08:31:17.417', 'Reply 0 Lorem ipsum dolor sit amet, consectetur adipiscing elit, sed do eiusmod tempor ', 16, 304),
(306, TIMESTAMP '2019-01-06 08:31:17.419', TIMESTAMP '2019-01-06 08:31:17.419', 'Reply 1 Lorem ipsum dolor sit amet, consectetur adipiscing elit, sed do eiusmod tempor ', 8, 304),
(307, TIMESTAMP '2019-01-06 08:31:17.419', TIMESTAMP '2019-01-06 08:31:17.419', 'Reply 2 Lorem ipsum dolor sit amet, consectetur adipiscin', 14, 304),
(308, TIMESTAMP '2019-01-06 08:31:17.42', TIMESTAMP '2019-01-06 08:31:17.42', 'Reply 3 Lorem ipsum dolor sit amet, consectetur adipiscing elit, sed do eiusmod tempor incididu', 4, 304),
(309, TIMESTAMP '2019-01-06 08:31:17.42', TIMESTAMP '2019-01-06 08:31:17.42', 'Reply 4 Lorem ipsum dolor sit amet, consectetur adipiscing elit, sed d', 19, 304),
(311, TIMESTAMP '2019-01-06 08:31:17.443', TIMESTAMP '2019-01-06 08:31:17.443', 'Comment on root level. I really like this idea, but needs to be improved.', 9, NULL),
(312, TIMESTAMP '2019-01-06 08:31:17.444', TIMESTAMP '2019-01-06 08:31:17.444', 'Reply 0 Lorem ipsum dolor sit amet, consectetur adipiscing elit, s', 16, 311),
(313, TIMESTAMP '2019-01-06 08:31:17.444', TIMESTAMP '2019-01-06 08:31:17.444', 'Reply 1 Lorem ipsum dolor sit amet, consectetur adipisci', 6, 311),
(314, TIMESTAMP '2019-01-06 08:31:17.445', TIMESTAMP '2019-01-06 08:31:17.445', 'Reply 2 Lorem ipsum dolor ', 19, 311),
(315, TIMESTAMP '2019-01-06 08:31:17.446', TIMESTAMP '2019-01-06 08:31:17.446', 'Reply 3 Lorem ipsum dolor s', 2, 311),
(316, TIMESTAMP '2019-01-06 08:31:17.446', TIMESTAMP '2019-01-06 08:31:17.446', 'Reply 4 Lorem ipsum dolor ', 3, 311),
(334, TIMESTAMP '2019-01-06 08:31:24.478', TIMESTAMP '2019-01-06 08:31:24.478', 'Comment on root level. I really like this idea, but needs to be improved.', 10, NULL),
(335, TIMESTAMP '2019-01-06 08:31:24.479', TIMESTAMP '2019-01-06 08:31:24.479', 'Reply 0 Lorem ipsum dolor sit amet, ', 6, 334),
(336, TIMESTAMP '2019-01-06 08:31:24.479', TIMESTAMP '2019-01-06 08:31:24.479', 'Reply 1 Lorem ipsum dolor sit amet, consectetur adipiscing el', 16, 334),
(337, TIMESTAMP '2019-01-06 08:31:24.482', TIMESTAMP '2019-01-06 08:31:24.482', 'Reply 2 Lorem ipsum dolor sit amet, consectetur adipiscing elit, sed do eiusmod tempor incidi', 5, 334),
(338, TIMESTAMP '2019-01-06 08:31:24.484', TIMESTAMP '2019-01-06 08:31:24.484', 'Reply 3 Lorem ipsum dolor sit a', 18, 334),
(339, TIMESTAMP '2019-01-06 08:31:24.484', TIMESTAMP '2019-01-06 08:31:24.484', 'Reply 4 Lorem ipsum dolor sit ame', 14, 334),
(342, TIMESTAMP '2019-01-06 08:31:24.502', TIMESTAMP '2019-01-06 08:31:24.502', 'Comment on root level. I really like this idea, but needs to be improved.', 9, NULL),
(343, TIMESTAMP '2019-01-06 08:31:24.503', TIMESTAMP '2019-01-06 08:31:24.503', 'Reply 0 Lorem ipsum dolor sit amet, consectetur adipiscing elit, sed do eiusmod tempor inc', 14, 342),
(344, TIMESTAMP '2019-01-06 08:31:24.514', TIMESTAMP '2019-01-06 08:31:24.514', 'Reply 1 Lorem ipsum dolor', 11, 342),
(345, TIMESTAMP '2019-01-06 08:31:24.516', TIMESTAMP '2019-01-06 08:31:24.516', 'Reply 2 Lorem ipsum dolor sit amet, consectetur adipiscing elit, sed do eiusmod tempor', 10, 342),
(346, TIMESTAMP '2019-01-06 08:31:24.518', TIMESTAMP '2019-01-06 08:31:24.518', 'Reply 3 Lorem ipsum dolor sit amet, consectetur adipiscing elit, sed do eiusmod tempor incidid', 5, 342),
(347, TIMESTAMP '2019-01-06 08:31:24.519', TIMESTAMP '2019-01-06 08:31:24.519', 'Reply 4 Lorem ipsum dolor sit amet, consectetur adipiscing elit, sed do eiusmod tempor i', 14, 342),
(349, TIMESTAMP '2019-01-06 08:31:24.622', TIMESTAMP '2019-01-06 08:31:24.622', 'Comment on root level. I really like this idea, but needs to be improved.', 4, NULL);
INSERT INTO PUBLIC.COMMENTS(ID, CREATED_AT, UPDATED_AT, COMMENT, CREATED_BY_ID, PARENT_ID) VALUES
(350, TIMESTAMP '2019-01-06 08:31:24.623', TIMESTAMP '2019-01-06 08:31:24.623', 'Reply 0 Lorem ipsum dolor sit amet, consectetur adipiscing elit, sed do eiusmod tempor in', 20, 349),
(351, TIMESTAMP '2019-01-06 08:31:24.663', TIMESTAMP '2019-01-06 08:31:24.663', 'Reply 1 Lorem ipsum dolor sit amet, consectetur adip', 12, 349),
(352, TIMESTAMP '2019-01-06 08:31:24.664', TIMESTAMP '2019-01-06 08:31:24.664', 'Reply 2 Lorem ipsum dolor sit amet, consectetur adipisc', 5, 349),
(353, TIMESTAMP '2019-01-06 08:31:24.665', TIMESTAMP '2019-01-06 08:31:24.665', 'Reply 3 Lorem ipsum dolor sit amet, consectetur adipiscing elit, sed do eiusmod ', 14, 349),
(354, TIMESTAMP '2019-01-06 08:31:24.665', TIMESTAMP '2019-01-06 08:31:24.665', 'Reply 4 Lorem ipsum dolor sit amet, consectetur adipiscing elit, sed do eiusmod tempor incididunt ut la', 18, 349),
(356, TIMESTAMP '2019-01-06 08:31:24.68', TIMESTAMP '2019-01-06 08:31:24.68', 'Comment on root level. I really like this idea, but needs to be improved.', 12, NULL),
(357, TIMESTAMP '2019-01-06 08:31:24.68', TIMESTAMP '2019-01-06 08:31:24.68', 'Reply 0 Lorem ipsum dolor sit amet, consectetur adipiscing elit, sed do eiusmod tempor incidid', 17, 356),
(358, TIMESTAMP '2019-01-06 08:31:24.681', TIMESTAMP '2019-01-06 08:31:24.681', 'Reply 1 Lorem ipsum dolor sit amet, consectetur adipiscing', 18, 356),
(359, TIMESTAMP '2019-01-06 08:31:24.682', TIMESTAMP '2019-01-06 08:31:24.682', 'Reply 2 Lorem ipsum dolor sit amet, consectetur adipiscing ', 8, 356),
(360, TIMESTAMP '2019-01-06 08:31:24.682', TIMESTAMP '2019-01-06 08:31:24.682', 'Reply 3 Lorem ipsum dolor sit amet, consect', 1, 356),
(361, TIMESTAMP '2019-01-06 08:31:24.684', TIMESTAMP '2019-01-06 08:31:24.684', 'Reply 4 Lorem ipsum dolor sit amet, consectetur adipiscing elit, sed do eiusmod tempor incidi', 10, 356),
(363, TIMESTAMP '2019-01-06 08:31:24.719', TIMESTAMP '2019-01-06 08:31:24.719', 'Comment on root level. I really like this idea, but needs to be improved.', 20, NULL),
(364, TIMESTAMP '2019-01-06 08:31:24.719', TIMESTAMP '2019-01-06 08:31:24.719', 'Reply 0 Lorem ipsum d', 16, 363),
(365, TIMESTAMP '2019-01-06 08:31:24.749', TIMESTAMP '2019-01-06 08:31:24.749', 'Reply 1 Lorem ipsum dolor sit amet, consectetur adipiscing elit, sed do eiusmod te', 5, 363),
(366, TIMESTAMP '2019-01-06 08:31:24.75', TIMESTAMP '2019-01-06 08:31:24.75', 'Reply 2 Lorem ipsum dolor sit amet, consectetur ad', 1, 363),
(367, TIMESTAMP '2019-01-06 08:31:24.751', TIMESTAMP '2019-01-06 08:31:24.751', 'Reply 3 Lorem ipsum dolor sit amet, consectetur adipiscing elit, sed do eiusmod tempor incididun', 12, 363),
(368, TIMESTAMP '2019-01-06 08:31:24.751', TIMESTAMP '2019-01-06 08:31:24.751', 'Reply 4 Lorem ipsum dolor sit amet, consec', 13, 363);
CREATE MEMORY TABLE PUBLIC.COMMENTS_DOWN_VOTERS(
COMMENT_MODEL_ID BIGINT NOT NULL,
DOWN_VOTERS_ID BIGINT NOT NULL
);
ALTER TABLE PUBLIC.COMMENTS_DOWN_VOTERS ADD CONSTRAINT PUBLIC.CONSTRAINT_2 PRIMARY KEY(COMMENT_MODEL_ID, DOWN_VOTERS_ID);
-- 315 +/- SELECT COUNT(*) FROM PUBLIC.COMMENTS_DOWN_VOTERS;
INSERT INTO PUBLIC.COMMENTS_DOWN_VOTERS(COMMENT_MODEL_ID, DOWN_VOTERS_ID) VALUES
(208, 20),
(209, 6),
(209, 20),
(209, 7),
(209, 15),
(210, 4),
(210, 11),
(210, 12),
(211, 4),
(211, 18),
(211, 7),
(211, 10),
(212, 10),
(212, 1),
(212, 3),
(212, 16),
(212, 15),
(213, 13),
(213, 8),
(213, 12),
(218, 8),
(218, 3),
(218, 19),
(218, 16),
(219, 14),
(219, 19),
(219, 12),
(220, 18),
(220, 20),
(220, 19),
(220, 15),
(220, 5),
(221, 10),
(221, 16),
(222, 2),
(222, 13),
(223, 17),
(223, 1),
(225, 13),
(225, 9),
(226, 4),
(226, 3),
(227, 14),
(227, 16),
(228, 11),
(228, 3),
(228, 12),
(230, 6),
(232, 16),
(233, 2),
(233, 16),
(234, 18),
(234, 17),
(234, 7),
(235, 11),
(235, 1),
(235, 19),
(236, 13),
(236, 17),
(236, 3),
(236, 15),
(237, 11),
(237, 9),
(239, 8),
(239, 18),
(239, 19),
(239, 16),
(239, 12),
(240, 8),
(240, 7),
(240, 10),
(240, 1),
(240, 5),
(241, 2),
(241, 8),
(241, 3),
(241, 9),
(242, 4),
(242, 13),
(242, 12),
(243, 11),
(243, 18),
(244, 1),
(246, 2),
(246, 6),
(246, 11),
(246, 14),
(247, 19),
(248, 6),
(248, 11),
(249, 4),
(249, 5),
(250, 7),
(250, 19),
(251, 20),
(251, 10),
(254, 17),
(254, 5),
(255, 3),
(257, 4),
(257, 8),
(257, 17),
(257, 7),
(258, 10),
(258, 19),
(258, 9),
(259, 4),
(259, 2),
(259, 18),
(259, 17),
(259, 15),
(259, 9),
(261, 17),
(261, 7),
(261, 12),
(262, 7),
(263, 13),
(263, 17),
(263, 14),
(264, 4),
(264, 13),
(264, 20),
(265, 17),
(266, 11),
(266, 18),
(266, 14),
(266, 15),
(266, 5),
(266, 12),
(268, 17),
(268, 12),
(269, 13),
(269, 11),
(270, 18),
(270, 1),
(270, 5),
(271, 13),
(271, 8),
(271, 11),
(271, 1),
(271, 16),
(272, 11),
(272, 10),
(273, 9),
(275, 1),
(275, 9),
(276, 1),
(276, 15),
(276, 5),
(277, 13),
(277, 1),
(278, 6),
(278, 19),
(278, 15),
(278, 16),
(279, 13),
(279, 15),
(279, 9),
(280, 18),
(280, 14),
(282, 1),
(283, 7),
(283, 3),
(284, 6),
(284, 20),
(285, 11),
(285, 17),
(285, 20),
(285, 14),
(285, 7),
(287, 2),
(287, 13),
(287, 19),
(287, 12),
(290, 2),
(290, 19),
(291, 18),
(291, 20),
(291, 5),
(292, 2),
(292, 4),
(292, 11),
(292, 10),
(292, 15),
(294, 2),
(294, 1),
(294, 3),
(295, 2),
(295, 6),
(295, 13),
(295, 5),
(297, 17),
(298, 7),
(298, 15),
(299, 17),
(299, 1),
(299, 16),
(299, 5),
(300, 4),
(300, 16),
(301, 14),
(301, 19),
(302, 8),
(302, 20),
(302, 7),
(302, 3),
(302, 12),
(304, 13),
(304, 14),
(304, 5),
(305, 10),
(306, 4),
(306, 14),
(306, 16),
(307, 20),
(307, 7),
(307, 9),
(308, 4),
(308, 7),
(309, 4),
(309, 2),
(309, 17),
(309, 10),
(309, 1),
(309, 15),
(311, 20),
(311, 1),
(312, 6),
(312, 17),
(312, 20),
(312, 10),
(313, 17),
(313, 10),
(313, 3),
(313, 19),
(313, 9),
(314, 5),
(315, 2),
(316, 2),
(316, 18),
(316, 19),
(334, 20),
(336, 3),
(336, 16),
(337, 19),
(337, 5),
(338, 11),
(338, 18),
(338, 20),
(339, 2),
(339, 19),
(342, 13),
(342, 11),
(342, 17),
(342, 3),
(342, 12),
(343, 7),
(343, 16),
(344, 8),
(344, 1),
(344, 3),
(344, 16),
(344, 5),
(345, 13),
(345, 11),
(345, 18),
(346, 2),
(346, 13),
(346, 8),
(347, 13),
(347, 11),
(347, 1),
(351, 17),
(351, 18),
(351, 19),
(352, 8),
(352, 16),
(353, 5),
(354, 18),
(354, 1),
(356, 19),
(357, 13),
(358, 6),
(358, 13),
(358, 18),
(358, 10),
(358, 12),
(359, 8),
(359, 10),
(359, 16),
(359, 15),
(360, 11),
(360, 16),
(361, 17),
(361, 19),
(363, 6),
(363, 11),
(363, 17),
(363, 3),
(364, 11),
(364, 1),
(364, 3),
(365, 2),
(365, 13),
(365, 18),
(365, 17),
(365, 19),
(366, 4),
(366, 2),
(367, 4),
(367, 17),
(367, 3),
(367, 16),
(368, 13),
(368, 15);
CREATE MEMORY TABLE PUBLIC.COMMENTS_UP_VOTERS(
COMMENT_MODEL_ID BIGINT NOT NULL,
UP_VOTERS_ID BIGINT NOT NULL
);
ALTER TABLE PUBLIC.COMMENTS_UP_VOTERS ADD CONSTRAINT PUBLIC.CONSTRAINT_20 PRIMARY KEY(COMMENT_MODEL_ID, UP_VOTERS_ID);
-- 304 +/- SELECT COUNT(*) FROM PUBLIC.COMMENTS_UP_VOTERS;
INSERT INTO PUBLIC.COMMENTS_UP_VOTERS(COMMENT_MODEL_ID, UP_VOTERS_ID) VALUES
(208, 13),
(208, 17),
(208, 7),
(209, 2),
(209, 4),
(210, 18),
(210, 19),
(211, 7),
(211, 19),
(211, 5),
(212, 6),
(212, 17),
(212, 14),
(212, 16),
(212, 5),
(213, 4),
(213, 13),
(213, 11),
(213, 19),
(218, 6),
(218, 13),
(218, 12),
(219, 4),
(219, 11),
(219, 14),
(219, 9),
(220, 19),
(220, 9),
(221, 13),
(222, 4),
(222, 6),
(222, 13),
(222, 17),
(222, 10),
(222, 3),
(225, 2),
(225, 6),
(225, 20),
(225, 14),
(226, 2),
(226, 9),
(227, 17),
(228, 17),
(228, 1),
(230, 13),
(230, 18),
(230, 10),
(232, 15),
(233, 6),
(234, 18),
(234, 9),
(235, 2),
(235, 18),
(235, 7),
(236, 17),
(236, 19),
(236, 16),
(236, 5),
(239, 20),
(240, 10),
(241, 12),
(242, 2),
(242, 11),
(242, 14),
(242, 3),
(243, 6),
(243, 8),
(243, 18),
(243, 15),
(243, 12),
(243, 9),
(244, 17),
(244, 3),
(244, 16),
(244, 9),
(246, 18),
(246, 3),
(248, 4),
(248, 8),
(248, 17),
(249, 7),
(250, 14),
(251, 11),
(251, 14),
(251, 7),
(254, 1),
(255, 20),
(255, 3),
(256, 6),
(256, 9),
(257, 18),
(257, 14),
(257, 1),
(258, 12),
(258, 5),
(259, 11),
(259, 3),
(259, 9),
(261, 14),
(261, 19),
(261, 5),
(263, 4),
(263, 7),
(263, 1),
(264, 2),
(264, 6),
(264, 20),
(264, 14),
(264, 7),
(264, 10),
(264, 9),
(265, 2),
(265, 8),
(265, 20),
(265, 14),
(265, 1),
(265, 3),
(266, 13),
(266, 18),
(266, 3),
(268, 4),
(268, 7),
(268, 16),
(269, 2),
(269, 5),
(270, 17),
(270, 3),
(271, 20),
(271, 15),
(272, 13),
(272, 14),
(272, 7),
(273, 8),
(273, 7),
(273, 16),
(273, 5),
(276, 2),
(276, 8),
(276, 3),
(276, 15),
(277, 13),
(277, 18),
(279, 18),
(282, 6),
(282, 17),
(282, 18),
(282, 5),
(283, 17),
(284, 4),
(284, 11),
(285, 6),
(286, 9),
(287, 6),
(287, 20),
(290, 19),
(290, 5),
(291, 13),
(291, 11),
(291, 10),
(291, 19),
(291, 15),
(291, 16),
(292, 20),
(292, 10),
(292, 12),
(293, 19),
(294, 8),
(294, 17),
(294, 7),
(294, 9),
(295, 13),
(295, 20),
(297, 2),
(297, 4),
(297, 10),
(298, 1),
(298, 19),
(298, 9),
(300, 4),
(300, 2),
(300, 20),
(300, 15),
(300, 9),
(301, 2),
(301, 1),
(301, 15),
(301, 9),
(302, 4),
(302, 18),
(302, 10),
(304, 10),
(304, 5),
(305, 6),
(305, 17),
(306, 13),
(306, 1),
(306, 16),
(307, 9),
(308, 11),
(309, 13),
(309, 11),
(309, 18),
(309, 12),
(309, 9),
(311, 4),
(311, 19),
(312, 6),
(312, 11),
(312, 3),
(312, 12),
(313, 11),
(313, 8),
(313, 7),
(313, 16),
(314, 5),
(315, 19),
(316, 8),
(316, 17),
(316, 10),
(316, 1),
(316, 15),
(334, 8),
(334, 3),
(335, 2),
(335, 6),
(335, 8),
(335, 18),
(335, 17),
(335, 10),
(336, 20),
(336, 14),
(336, 7),
(337, 20),
(337, 19),
(337, 5),
(338, 14),
(338, 1),
(339, 4),
(339, 19),
(339, 16),
(342, 20),
(342, 3),
(342, 19),
(343, 11),
(343, 20),
(343, 19),
(343, 12),
(344, 4),
(344, 6),
(344, 18),
(344, 17),
(344, 10),
(345, 13),
(345, 10),
(345, 1),
(346, 19),
(349, 2),
(349, 7),
(349, 19),
(350, 6),
(350, 20),
(350, 7),
(350, 10),
(351, 19),
(352, 12),
(353, 19),
(353, 15),
(353, 5),
(353, 9),
(354, 4),
(354, 9),
(356, 13),
(356, 10),
(357, 4),
(357, 2),
(357, 13),
(357, 8),
(357, 18),
(357, 20),
(357, 12),
(359, 13),
(359, 1),
(359, 16),
(360, 9),
(361, 2),
(361, 4),
(361, 20),
(361, 14),
(361, 10),
(363, 4),
(363, 20),
(363, 14),
(363, 10),
(363, 1),
(364, 4),
(364, 11),
(364, 8),
(364, 5),
(364, 9),
(365, 9),
(366, 1),
(368, 1),
(368, 15),
(368, 16);
CREATE MEMORY TABLE PUBLIC.DELEGATIONS(
ID BIGINT NOT NULL,
CREATED_AT TIMESTAMP NOT NULL,
UPDATED_AT TIMESTAMP NOT NULL,
REQUESTED_DELEGATION_AT TIMESTAMP,
TRANSITIVE BOOLEAN NOT NULL,
AREA_ID BIGINT NOT NULL,
FROM_USER_ID BIGINT NOT NULL,
REQUESTED_DELEGATION_FROM_CHECKSUM_CHECKSUM VARCHAR(255),
TO_PROXY_ID BIGINT NOT NULL
);
ALTER TABLE PUBLIC.DELEGATIONS ADD CONSTRAINT PUBLIC.CONSTRAINT_8 PRIMARY KEY(ID);
-- 9 +/- SELECT COUNT(*) FROM PUBLIC.DELEGATIONS;
INSERT INTO PUBLIC.DELEGATIONS(ID, CREATED_AT, UPDATED_AT, REQUESTED_DELEGATION_AT, TRANSITIVE, AREA_ID, FROM_USER_ID, REQUESTED_DELEGATION_FROM_CHECKSUM_CHECKSUM, TO_PROXY_ID) VALUES
(198, TIMESTAMP '2019-01-06 08:31:09.799', TIMESTAMP '2019-01-06 08:31:09.799', NULL, TRUE, 21, 2, NULL, 1),
(199, TIMESTAMP '2019-01-06 08:31:10.598', TIMESTAMP '2019-01-06 08:31:10.598', NULL, TRUE, 21, 3, NULL, 1),
(200, TIMESTAMP '2019-01-06 08:31:11.361', TIMESTAMP '2019-01-06 08:31:11.361', NULL, TRUE, 21, 4, NULL, 1),
(201, TIMESTAMP '2019-01-06 08:31:12.026', TIMESTAMP '2019-01-06 08:31:12.026', TIMESTAMP '2019-01-06 08:31:12.026', TRUE, 21, 5, '$2a$10$1IdrGrRAN2Wp3U7QI.JIzuaW/fGb8Z2mJgsKxYwe5.NrtAFNxSQVS', 2),
(202, TIMESTAMP '2019-01-06 08:31:12.857', TIMESTAMP '2019-01-06 08:31:12.857', NULL, TRUE, 21, 6, NULL, 3),
(203, TIMESTAMP '2019-01-06 08:31:13.759', TIMESTAMP '2019-01-06 08:31:13.759', NULL, TRUE, 21, 7, NULL, 4),
(204, TIMESTAMP '2019-01-06 08:31:14.697', TIMESTAMP '2019-01-06 08:31:14.697', NULL, TRUE, 21, 10, NULL, 7),
(205, TIMESTAMP '2019-01-06 08:31:16.332', TIMESTAMP '2019-01-06 08:31:16.332', NULL, TRUE, 21, 11, NULL, 7),
(206, TIMESTAMP '2019-01-06 08:31:17.016', TIMESTAMP '2019-01-06 08:31:17.016', NULL, FALSE, 21, 12, NULL, 7);
CREATE MEMORY TABLE PUBLIC.KEY_VALUE(
ID BIGINT NOT NULL,
KEY VARCHAR(255) NOT NULL,
VALUE VARCHAR(255)
);
ALTER TABLE PUBLIC.KEY_VALUE ADD CONSTRAINT PUBLIC.CONSTRAINT_7 PRIMARY KEY(ID);
-- 3 +/- SELECT COUNT(*) FROM PUBLIC.KEY_VALUE;
INSERT INTO PUBLIC.KEY_VALUE(ID, KEY, VALUE) VALUES
(32, 'liquido.supporters.for.proposal', '10'),
(214, 'liquido.days.until.voting.starts', '14'),
(215, 'liquido.duration.of.voting.phase', '14');
CREATE MEMORY TABLE PUBLIC.LAWS(
ID BIGINT NOT NULL,
CREATED_AT TIMESTAMP NOT NULL,
UPDATED_AT TIMESTAMP NOT NULL,
DESCRIPTION VARCHAR(1000) NOT NULL,
REACHED_QUORUM_AT TIMESTAMP,
STATUS INTEGER NOT NULL,
TITLE VARCHAR(255) NOT NULL,
AREA_ID BIGINT NOT NULL,
CREATED_BY_ID BIGINT,
POLL_ID BIGINT
);
ALTER TABLE PUBLIC.LAWS ADD CONSTRAINT PUBLIC.CONSTRAINT_23 PRIMARY KEY(ID);
-- 188 +/- SELECT COUNT(*) FROM PUBLIC.LAWS;
INSERT INTO PUBLIC.LAWS(ID, CREATED_AT, UPDATED_AT, DESCRIPTION, REACHED_QUORUM_AT, STATUS, TITLE, AREA_ID, CREATED_BY_ID, POLL_ID) VALUES
(31, TIMESTAMP '2019-01-05 08:31:06.563', TIMESTAMP '2019-01-06 08:31:06.563', 'ZTLLY0b9 Lorem ipsum dolor sit amet, consectetur adipiscing elit, sed do eiusmod ', NULL, 0, 'Idea 0 that suggest that we definitely need a longer title for ideas', 21, 1, NULL),
(33, TIMESTAMP '2019-01-04 08:31:06.57', TIMESTAMP '2019-01-05 08:31:06.57', 'kJFW2spx Lorem ipsum dolor sit amet, consectetur adipiscing elit, sed do eiusmod tempor incididunt ut labore', NULL, 0, 'Idea 1 that suggest that we definitely need a longer title for ideas', 22, 12, NULL),
(34, TIMESTAMP '2019-01-03 08:31:06.595', TIMESTAMP '2019-01-04 08:31:06.596', 'y01k99Ez Lorem ipsum dolor sit amet, consectetur adipiscing elit, sed do eiusmod tempor incididunt ut labore et dolore magna aliqua. Ut enim ad minim veniam, quis nostrud exercitation ullamco laboris ', NULL, 0, 'Idea 2 that suggest that we definitely need a longer title for ideas', 23, 6, NULL),
(35, TIMESTAMP '2019-01-02 08:31:06.621', TIMESTAMP '2019-01-03 08:31:06.622', 'i3CK5XN2 Lorem ipsum dolor sit amet, consectetur adipiscing elit, sed do eiusmod tempor incididunt ut labore et dolore magna aliqua. Ut enim ad minim veniam, quis nostrud exercitation ullamco laboris nisi ut aliquip ex ea ', NULL, 0, 'Idea 3 that suggest that we definitely need a longer title for ideas', 24, 17, NULL),
(36, TIMESTAMP '2019-01-01 08:31:06.627', TIMESTAMP '2019-01-02 08:31:06.627', 'l0jew6pg Lorem ipsum dolor sit amet, consectetur adipiscing elit, sed do eiusmod tempor incididunt ut labore et dolore magna aliqua. Ut enim ad minim veniam, quis nostrud exercitation ullamco laboris nisi ut aliquip ex e', NULL, 0, 'Idea 4 that suggest that we definitely need a longer title for ideas', 25, 18, NULL),
(37, TIMESTAMP '2018-12-31 08:31:06.635', TIMESTAMP '2019-01-01 08:31:06.635', 'sDtEbz1O Lorem ipsum dolor sit amet, con', NULL, 0, 'Idea 5 that suggest that we definitely need a longer title for ideas', 26, 1, NULL),
(38, TIMESTAMP '2018-12-30 08:31:06.639', TIMESTAMP '2018-12-31 08:31:06.639', 'Js4zzEtr Lorem ipsum dolor sit amet, consectetur adipiscing elit, sed do eiusmod tempor incididunt ut labore et dolore magna aliqua. Ut enim ad minim veniam, quis nostrud exercitation ullamco laboris nisi ut aliquip ex ea commodo consequat. Duis aute irure dolor in reprehenderit in voluptate velit esse cillu', NULL, 0, 'Idea 6 that suggest that we definitely need a longer title for ideas', 27, 2, NULL),
(39, TIMESTAMP '2018-12-29 08:31:06.648', TIMESTAMP '2018-12-30 08:31:06.648', 'O2jbuq8j Lorem ipsum dolor sit amet, consectetur adipiscing elit, sed do eiusmod tempor', NULL, 0, 'Idea 7 that suggest that we definitely need a longer title for ideas', 28, 20, NULL),
(40, TIMESTAMP '2018-12-28 08:31:06.665', TIMESTAMP '2018-12-29 08:31:06.665', '38LmBHmK Lorem ipsum dolor sit amet, consectetur adipiscing elit, sed do eiusmod tempor incididunt ut labore et dolore magna aliqua. Ut enim ad minim veniam, quis nostrud exercitation ull', NULL, 0, 'Idea 8 that suggest that we definitely need a longer title for ideas', 29, 17, NULL),
(41, TIMESTAMP '2018-12-27 08:31:06.674', TIMESTAMP '2018-12-28 08:31:06.674', '47jHp5bw Lorem ipsum dolor sit amet, consectetur adipiscing elit, sed', NULL, 0, 'Idea 9 that suggest that we definitely need a longer title for ideas', 30, 12, NULL),
(42, TIMESTAMP '2018-12-26 08:31:06.682', TIMESTAMP '2018-12-27 08:31:06.683', 'R2dzPJtZ Lorem ipsum dolor sit amet, consectetur adipiscing elit, sed do eiusmod t', NULL, 0, 'Idea 10 that suggest that we definitely need a longer title for ideas', 21, 7, NULL),
(43, TIMESTAMP '2018-12-25 08:31:06.687', TIMESTAMP '2018-12-26 08:31:06.687', 'Sjqpm9q0 Lorem ipsum dolor sit amet, consectetur adipiscing elit, sed do eiusmod tempor incididunt ut labore et dolore magna aliqua. Ut enim ad minim veniam, quis nostrud exercitation ullamco laboris nisi ut aliquip ex ea commodo consequat. Duis aute irure dolor in', NULL, 0, 'Idea 11 that suggest that we definitely need a longer title for ideas', 22, 9, NULL);
INSERT INTO PUBLIC.LAWS(ID, CREATED_AT, UPDATED_AT, DESCRIPTION, REACHED_QUORUM_AT, STATUS, TITLE, AREA_ID, CREATED_BY_ID, POLL_ID) VALUES
(44, TIMESTAMP '2018-12-24 08:31:06.694', TIMESTAMP '2018-12-25 08:31:06.695', 'ig7NZx0v Lorem ipsum dolor sit amet, consectetur adipiscing elit, sed do eiusmod tempor incididunt ut labore et dolore magna aliqua. Ut enim ad minim veniam, quis nostrud exercitation ullamco laboris nisi ut aliquip ex ea commodo consequat. Duis aute irure dolor in reprehenderit in volup', NULL, 0, 'Idea 12 that suggest that we definitely need a longer title for ideas', 23, 4, NULL),
(45, TIMESTAMP '2018-12-23 08:31:06.77', TIMESTAMP '2018-12-24 08:31:06.77', 'RBvIqtal Lorem ipsum dolor sit amet, consectetur adipiscing elit, sed do eiusmod tempor incididunt ut labore et dolore magna aliqua. Ut enim ad minim veniam, quis nostrud exercitation ullamco laboris nisi ut aliquip ex ea commodo consequat. Duis aute irure dolor in reprehenderit in voluptate velit esse cillum dolore eu fugiat nulla pariatur. Excepteur sint occaecat', NULL, 0, 'Idea 13 that suggest that we definitely need a longer title for ideas', 24, 3, NULL),
(46, TIMESTAMP '2018-12-22 08:31:06.776', TIMESTAMP '2018-12-23 08:31:06.776', 'UpzLFgb8 Lorem ipsum dolor sit amet, consectetur adipiscing elit, sed do eiusmod tempor incididunt ut labore et dolore magna aliqua. Ut enim ad minim veniam, quis nostrud exercitation ullamco laboris nisi ut aliquip ex ea commodo consequat. Duis aute irure dolor in reprehen', NULL, 0, 'Idea 14 that suggest that we definitely need a longer title for ideas', 25, 4, NULL),
(47, TIMESTAMP '2018-12-21 08:31:06.779', TIMESTAMP '2018-12-22 08:31:06.779', 'an9xtp7x Lorem ipsum dolor sit amet, consectetur adipiscing elit, sed do eiusmod tempor incididunt ut labore et dolore magna aliqua. Ut enim ad minim veniam, quis nostrud exercitation ullamco laboris nisi ut aliquip ex ea commodo consequat. Duis aute irure dolor in reprehenderit in voluptate velit esse cillum dolore eu fugiat nulla pariatur. Excepteur sint oc', NULL, 0, 'Idea 15 that suggest that we definitely need a longer title for ideas', 26, 4, NULL),
(48, TIMESTAMP '2018-12-20 08:31:06.781', TIMESTAMP '2018-12-21 08:31:06.781', 'DVzcbx1f Lorem ipsum dolor sit amet, consectetur adipiscing elit, sed do eiusmod tempor incididunt ut labore et dolore magna aliqua. Ut enim ad minim veniam, quis nostrud exercitation ullamco laboris nisi ut aliquip ex ea commodo consequat. Duis aute irure dolor in reprehenderit in voluptate velit esse cillum dolore eu fugiat nulla pariatur. Excepteur sint o', NULL, 0, 'Idea 16 that suggest that we definitely need a longer title for ideas', 27, 18, NULL),
(49, TIMESTAMP '2018-12-19 08:31:06.787', TIMESTAMP '2018-12-20 08:31:06.787', '9TNaIizg Lorem ipsum dolor sit amet, consectetur adipiscing elit, sed do eiusmod tempor incididunt ut labore et dolore', NULL, 0, 'Idea 17 that suggest that we definitely need a longer title for ideas', 28, 4, NULL),
(50, TIMESTAMP '2018-12-18 08:31:06.791', TIMESTAMP '2018-12-19 08:31:06.791', 'Zzi749Fe Lorem ipsum dolor sit amet, consectetur adipiscing elit, sed do eiusmod tempor incididunt ut labore et dolore magna aliqua. Ut enim ad minim veniam, quis nostrud exercitation ulla', NULL, 0, 'Idea 18 that suggest that we definitely need a longer title for ideas', 29, 13, NULL),
(51, TIMESTAMP '2018-12-17 08:31:06.796', TIMESTAMP '2018-12-18 08:31:06.796', '3kNDS9S1 Lorem ipsum dolor sit amet, consectetur adipiscing elit, sed do eiusmod tempor incididunt ut labore et dolore magna aliqua. Ut enim ad minim veniam, quis nostrud exercitation ullamco laboris nisi ut aliquip ex ea commodo consequat. Duis aute irure dolor in reprehenderit in voluptate velit esse cillum dolore eu', NULL, 0, 'Idea 19 that suggest that we definitely need a longer title for ideas', 30, 16, NULL),
(52, TIMESTAMP '2018-12-16 08:31:06.799', TIMESTAMP '2018-12-17 08:31:06.799', 'LRuATVLk Lorem ipsum dolor sit amet, consectetur adipiscing elit, sed do eiusmod tempor incididunt ut labore et dolore magna aliqua. Ut enim ad minim veniam, quis nostrud exercitation ullamco laboris nisi ut aliquip ex ea commodo consequat. Duis aute irure dolor in reprehenderit in voluptate velit esse c', NULL, 0, 'Idea 20 that suggest that we definitely need a longer title for ideas', 21, 8, NULL);
INSERT INTO PUBLIC.LAWS(ID, CREATED_AT, UPDATED_AT, DESCRIPTION, REACHED_QUORUM_AT, STATUS, TITLE, AREA_ID, CREATED_BY_ID, POLL_ID) VALUES
(53, TIMESTAMP '2018-12-15 08:31:06.803', TIMESTAMP '2018-12-16 08:31:06.803', 'gqVbURt2 Lorem ipsum dolor sit amet, consectetur adipiscing elit, sed do eiusmod tempor incididunt ut labore et dolore magna al', NULL, 0, 'Idea 21 that suggest that we definitely need a longer title for ideas', 22, 7, NULL),
(54, TIMESTAMP '2018-12-14 08:31:06.882', TIMESTAMP '2018-12-15 08:31:06.882', 'qtcYTcdB Lorem ipsum dolor sit amet, consectetur adipiscing elit, sed do eiusmod tempor incididunt ut labore et dolore magna aliqua. Ut enim ad minim veniam, quis nostrud exercitation ullamco laboris nisi ut aliquip ex ea commodo consequat. Duis aute irure dol', NULL, 0, 'Idea 22 that suggest that we definitely need a longer title for ideas', 23, 18, NULL),
(55, TIMESTAMP '2018-12-13 08:31:06.886', TIMESTAMP '2018-12-14 08:31:06.886', 'QBBPUZcs Lorem ipsum dolor sit amet, consectet', NULL, 0, 'Idea 23 that suggest that we definitely need a longer title for ideas', 24, 8, NULL),
(56, TIMESTAMP '2018-12-12 08:31:06.891', TIMESTAMP '2018-12-13 08:31:06.891', '2tjGmbVe Lorem ipsum dolor sit amet, consecte', NULL, 0, 'Idea 24 that suggest that we definitely need a longer title for ideas', 25, 14, NULL),
(57, TIMESTAMP '2018-12-11 08:31:06.893', TIMESTAMP '2018-12-12 08:31:06.893', '0vn3hVA1 Lorem ipsum dolor sit amet, consectetur adipiscing elit, sed do eiusmod tempor incididunt ut labore et dolore magna aliqua. Ut enim ad minim veniam, quis nostrud exerci', NULL, 0, 'Idea 25 that suggest that we definitely need a longer title for ideas', 26, 6, NULL),
(58, TIMESTAMP '2018-12-10 08:31:06.903', TIMESTAMP '2018-12-11 08:31:06.903', 'iEMQAGi1 Lorem ipsum dolor sit amet, consectetur adipiscing elit, sed do ', NULL, 0, 'Idea 26 that suggest that we definitely need a longer title for ideas', 27, 12, NULL),
(59, TIMESTAMP '2018-12-09 08:31:06.907', TIMESTAMP '2018-12-10 08:31:06.907', 'ghJousEX Lorem ipsum dolor sit amet, consectetur adipiscing elit, sed do eiusmod tempor incididunt ut labore et dolore magna aliqua. Ut enim ad minim veniam, quis nostrud exercitation ullamco laboris nisi ut aliquip ex ea commodo consequat. Duis aute irure dolor in reprehenderit in voluptate velit esse cillum dolore eu fugiat nulla pariatur. Excepteur sint occaecat cupidatat non proident, sunt in', NULL, 0, 'Idea 27 that suggest that we definitely need a longer title for ideas', 28, 17, NULL),
(60, TIMESTAMP '2018-12-08 08:31:06.911', TIMESTAMP '2018-12-09 08:31:06.911', 'VCZol9Wm Lorem ipsum dolor sit amet, consectetur adipiscing elit, sed do eiusmod tempor incididunt ut labore et dolore magna aliqua. Ut enim ad minim veniam, quis nostrud exercitation ullamco laboris nisi ut aliquip ex ea commodo consequat. Duis aute irure dolor in reprehenderit in voluptate veli', NULL, 0, 'Idea 28 that suggest that we definitely need a longer title for ideas', 29, 13, NULL),
(61, TIMESTAMP '2018-12-07 08:31:06.915', TIMESTAMP '2018-12-08 08:31:06.915', 'Pp0oO15g Lorem ipsum dolor sit amet, consectetur adipiscing elit, sed do eiusmod tempor incididunt ut labore et dolore magna aliqua. Ut enim ad minim veniam, quis nostrud exercitation ullamco laboris nisi ut aliquip ex ea commodo consequat. Duis aute irure dolor in reprehenderit in voluptate velit esse cillum dolore eu fugiat nulla pariatur. Excepteur sint occaecat cupidatat non proident, sunt in culpa', NULL, 0, 'Idea 29 that suggest that we definitely need a longer title for ideas', 30, 6, NULL),
(62, TIMESTAMP '2018-12-06 08:31:07.105', TIMESTAMP '2018-12-07 08:31:07.105', 'HFGNgfXq Lorem ipsum dolor sit amet, consectetur adipiscing elit, sed do eiusmod tempor incididunt ut labore et dolore magna aliqua. Ut enim ad minim v', NULL, 0, 'Idea 30 that suggest that we definitely need a longer title for ideas', 21, 5, NULL),
(63, TIMESTAMP '2018-12-05 08:31:07.111', TIMESTAMP '2018-12-06 08:31:07.111', 'QScRvNVK Lorem ipsum dolor sit amet, consectetur adipiscing elit, sed do eiusmod tempor incididunt ut labore et dolore magna aliqua. Ut enim ad minim veniam, quis nostrud exercit', NULL, 0, 'Idea 31 that suggest that we definitely need a longer title for ideas', 22, 6, NULL);
INSERT INTO PUBLIC.LAWS(ID, CREATED_AT, UPDATED_AT, DESCRIPTION, REACHED_QUORUM_AT, STATUS, TITLE, AREA_ID, CREATED_BY_ID, POLL_ID) VALUES
(64, TIMESTAMP '2018-12-04 08:31:07.114', TIMESTAMP '2018-12-05 08:31:07.114', 'gefbtQ8E Lorem ipsum dolor sit amet, consectetur adipiscing elit, sed do eiusmod tempor incididunt ut labore et dolore magna aliqua. Ut enim ad minim veniam, quis nostrud exercitation ullamco laboris nisi ut aliquip ex ea commodo consequat. Duis aute irure dolor in reprehenderi', NULL, 0, 'Idea 32 that suggest that we definitely need a longer title for ideas', 23, 7, NULL),
(65, TIMESTAMP '2018-12-03 08:31:07.122', TIMESTAMP '2018-12-04 08:31:07.122', 'KuMTnmK0 Lorem ipsum dolor sit amet, consectetur adipiscing elit, sed do eiusmod tempor incididunt ut labore et dolore magna aliqua. Ut enim ad minim veniam, quis nostrud exercitation ullamco laboris nisi ut aliquip ex ea commodo consequat. Duis aute irure dolor in rep', NULL, 0, 'Idea 33 that suggest that we definitely need a longer title for ideas', 24, 13, NULL),
(66, TIMESTAMP '2018-12-02 08:31:07.127', TIMESTAMP '2018-12-03 08:31:07.127', 'kcXlfzua Lorem ipsum dolor sit amet, consectetur adipiscing elit, sed do eiusmod tempor incididunt ut labore et dolore magna aliqua. Ut enim ad minim veniam, quis nostrud exercitation ullamco laboris nisi ut aliquip ex ea commodo consequat. Duis aute irure dolor in reprehenderit in volupta', NULL, 0, 'Idea 34 that suggest that we definitely need a longer title for ideas', 25, 2, NULL),
(67, TIMESTAMP '2018-12-01 08:31:07.133', TIMESTAMP '2018-12-02 08:31:07.133', 'TZhht5R4 Lorem ipsum dolor sit amet, consectetur adipiscing elit, sed do eiusmod tempor incididunt ut labore et', NULL, 0, 'Idea 35 that suggest that we definitely need a longer title for ideas', 26, 14, NULL),
(68, TIMESTAMP '2018-11-30 08:31:07.144', TIMESTAMP '2018-12-01 08:31:07.144', 'COzgxVuK Lorem ipsum dolor sit amet, consectetur adipiscing elit, sed do eiusmod tempor incididunt ut labor', NULL, 0, 'Idea 36 that suggest that we definitely need a longer title for ideas', 27, 20, NULL),
(69, TIMESTAMP '2018-11-29 08:31:07.205', TIMESTAMP '2018-11-30 08:31:07.206', '6ZLgAyNj Lorem ipsum dolor sit amet, consectetur adipiscing elit, sed do eiusm', NULL, 0, 'Idea 37 that suggest that we definitely need a longer title for ideas', 28, 2, NULL),
(70, TIMESTAMP '2018-11-28 08:31:07.23', TIMESTAMP '2018-11-29 08:31:07.23', '4mWtEaZX Lorem ipsum dolor sit amet, consectetur adipiscing elit, sed do eiusmod tempor incididunt u', NULL, 0, 'Idea 38 that suggest that we definitely need a longer title for ideas', 29, 4, NULL),
(71, TIMESTAMP '2018-11-27 08:31:07.232', TIMESTAMP '2018-11-28 08:31:07.232', 'XrCjBrok Lorem ipsum dolor sit amet, consectetur adipiscing elit, sed do eiusmod tempor incididunt ut labore et dolore magna aliqua. Ut enim ad minim veniam, quis nostrud exercitation ullamco laboris nisi ut aliquip ex ea commodo consequat. Duis aute irure dolor in reprehenderit in voluptate velit esse cillum dolore eu fugiat nulla pariatur. Excepteur sint occaecat cupidatat non proident, sunt in ', NULL, 0, 'Idea 39 that suggest that we definitely need a longer title for ideas', 30, 11, NULL),
(72, TIMESTAMP '2018-11-26 08:31:07.241', TIMESTAMP '2018-11-27 08:31:07.241', 'SBqnY4xP Lorem ipsum dolor sit amet, consectetur adipiscing elit, sed do eiusmod tempor incididunt ut labore et dolore magna aliqua. Ut enim ad minim veniam, quis nostrud exe', NULL, 0, 'Idea 40 that suggest that we definitely need a longer title for ideas', 21, 8, NULL),
(73, TIMESTAMP '2018-11-25 08:31:07.26', TIMESTAMP '2018-11-26 08:31:07.26', '8cJyMpdC Lorem ipsum dolor sit amet, consectetur adipiscing elit, sed do eiusmod tempor incididunt ut labore et dolore magna aliqua. Ut enim ad minim veniam, quis nostrud exercitation ullamco laboris nisi ut aliquip ex ea com', NULL, 0, 'Idea 41 that suggest that we definitely need a longer title for ideas', 22, 13, NULL),
(74, TIMESTAMP '2018-11-24 08:31:07.267', TIMESTAMP '2018-11-25 08:31:07.267', 'dfHUXyvf Lorem ipsum dolor sit amet, consectetur adipiscing elit, sed do eiusmod tempor incididunt ut labore et dolore magna aliqua. Ut enim ad minim veniam, quis nostrud exercitation ullamco laboris nisi ut aliquip ex ea commodo consequat. Duis aute irure dolor in reprehenderit in voluptate velit esse cillum dolore eu fugiat nulla', NULL, 0, 'Idea 42 that suggest that we definitely need a longer title for ideas', 23, 8, NULL);
INSERT INTO PUBLIC.LAWS(ID, CREATED_AT, UPDATED_AT, DESCRIPTION, REACHED_QUORUM_AT, STATUS, TITLE, AREA_ID, CREATED_BY_ID, POLL_ID) VALUES
(75, TIMESTAMP '2018-11-23 08:31:07.285', TIMESTAMP '2018-11-24 08:31:07.285', 'Tbpzbix7 Lorem ipsum dolor sit amet, consectetur adipiscing elit, sed do eiusmod tempor incididunt ut labore et dolore magna aliqua. Ut enim ad ', NULL, 0, 'Idea 43 that suggest that we definitely need a longer title for ideas', 24, 1, NULL),
(76, TIMESTAMP '2018-11-22 08:31:07.292', TIMESTAMP '2018-11-23 08:31:07.293', 'Kh3Z8kfn Lorem ipsum dolor sit amet, consectetur adipiscing elit, sed do eiusmod tempor incididunt ut labore et dolore magna aliqua. Ut enim ad minim veniam, quis nostrud exercitation ullamco laboris nisi ut aliquip ex ea commodo ', NULL, 0, 'Idea 44 that suggest that we definitely need a longer title for ideas', 25, 3, NULL),
(77, TIMESTAMP '2018-11-21 08:31:07.298', TIMESTAMP '2018-11-22 08:31:07.298', 'suuhUNSs Lorem ipsum dolor sit amet, consectetur adipiscing elit, sed do eiusmod tempor incididunt ut labore et dolore magna aliqua. Ut enim ad minim veniam, quis nostrud exercitation ullamco laboris nis', NULL, 0, 'Idea 45 that suggest that we definitely need a longer title for ideas', 26, 18, NULL),
(78, TIMESTAMP '2018-11-20 08:31:07.301', TIMESTAMP '2018-11-21 08:31:07.302', 'NO6SRHg3 Lorem ipsum dolor sit amet, consectetur adipiscing elit, sed do eiusmod tempor incididunt ut labore et dolore magna aliqua. Ut enim ', NULL, 0, 'Idea 46 that suggest that we definitely need a longer title for ideas', 27, 12, NULL),
(79, TIMESTAMP '2018-11-19 08:31:07.306', TIMESTAMP '2018-11-20 08:31:07.306', 'NklICeHl Lorem ipsum dolor sit amet, consectetur adipiscing elit, sed do eiusmod tempor incididunt ut labore et dolore magna aliqua. Ut enim ad minim veniam, quis nostrud exercitation ullamco laboris nisi ut aliquip ', NULL, 0, 'Idea 47 that suggest that we definitely need a longer title for ideas', 28, 13, NULL),
(80, TIMESTAMP '2018-11-18 08:31:07.314', TIMESTAMP '2018-11-19 08:31:07.314', 'I31VBVFa Lorem ipsum dolor sit amet, consectetur adipiscing elit, sed do eiusmod tempor incididunt ut labore et dolore magna aliqua. Ut enim ad minim veniam, quis nos', NULL, 0, 'Idea 48 that suggest that we definitely need a longer title for ideas', 29, 15, NULL),
(81, TIMESTAMP '2018-11-17 08:31:07.331', TIMESTAMP '2018-11-18 08:31:07.331', 'VnCCU4Rx Lorem ipsum dolor sit amet, consectetur adipiscing elit, sed do eiusmod tempor incididunt ut labore et dolore magna aliqua. Ut enim ad minim veniam, quis nostrud exercitation ullamco laboris nisi ut aliquip ex ea commodo consequat. Duis aute irure dolor in reprehenderit in voluptate velit esse cillum dolore eu fugi', NULL, 0, 'Idea 49 that suggest that we definitely need a longer title for ideas', 30, 11, NULL),
(82, TIMESTAMP '2018-11-16 08:31:07.335', TIMESTAMP '2018-11-17 08:31:07.335', 'V8k9WobK Lorem ipsum dolor sit amet, consectetur adipiscing elit, sed do eiusmod tempor incididunt ut labore et dolore magna aliqua. Ut enim ad minim veniam, quis nostrud exercitation ullamco laboris nisi ut aliquip ', NULL, 0, 'Idea 50 that suggest that we definitely need a longer title for ideas', 21, 3, NULL),
(83, TIMESTAMP '2018-11-15 08:31:07.339', TIMESTAMP '2018-11-16 08:31:07.339', 'GwHV7BGT Lorem ipsum dolor sit amet, consectetur adipiscing elit, sed do eiusmod tempor incididunt ut labore et dolore magna aliqua. Ut enim ad minim veniam, quis nostrud exercitation ullamco laboris nisi ut aliquip ex ea commodo consequat. Duis aute irure dolor in reprehenderit in voluptate velit esse c', NULL, 0, 'Idea 51 that suggest that we definitely need a longer title for ideas', 22, 2, NULL),
(84, TIMESTAMP '2018-11-14 08:31:07.377', TIMESTAMP '2018-11-15 08:31:07.377', 'cdXDV52L Lorem ipsum dolor sit amet, consectetur adipiscing elit, sed do eiusmod tempor incididunt ut labore et dolore magna aliqua. Ut enim ad minim veniam, quis nostrud exercitation ullamco laboris nisi ut aliquip ex ea commodo consequat. Duis aute irure dolor in reprehenderit in voluptate velit esse cillum dolore eu fugiat nulla pariatur. Excepteu', NULL, 0, 'Idea 52 that suggest that we definitely need a longer title for ideas', 23, 13, NULL);
INSERT INTO PUBLIC.LAWS(ID, CREATED_AT, UPDATED_AT, DESCRIPTION, REACHED_QUORUM_AT, STATUS, TITLE, AREA_ID, CREATED_BY_ID, POLL_ID) VALUES
(85, TIMESTAMP '2018-11-13 08:31:07.398', TIMESTAMP '2018-11-14 08:31:07.399', 'YTY3qlYh Lorem ipsum dolor sit amet, consectetur adipiscing elit, sed do eiusm', NULL, 0, 'Idea 53 that suggest that we definitely need a longer title for ideas', 24, 13, NULL),
(86, TIMESTAMP '2018-11-12 08:31:07.405', TIMESTAMP '2018-11-13 08:31:07.406', 'ngMf8LQa Lorem ipsum dolor sit amet, consectetur adipiscing elit, sed do eiusmod tempor incididunt ut labore et dolore magna a', NULL, 0, 'Idea 54 that suggest that we definitely need a longer title for ideas', 25, 3, NULL),
(87, TIMESTAMP '2018-11-11 08:31:07.408', TIMESTAMP '2018-11-12 08:31:07.408', 'o7FYs8Sj Lorem ipsum dolor sit amet, consectetur adipiscing elit, sed do eiusmod tempor incididunt ut labore et dolore magna aliqua. Ut enim ad minim veniam, quis nostrud exercitation ullamco laboris ni', NULL, 0, 'Idea 55 that suggest that we definitely need a longer title for ideas', 26, 16, NULL),
(88, TIMESTAMP '2018-11-10 08:31:07.456', TIMESTAMP '2018-11-11 08:31:07.456', 'FGRKwTjg Lorem ipsum dolor sit amet, consectetur adipiscing elit, sed do eiusmod tempor incididunt ut labore et dolore magna aliqua. Ut enim ad minim veniam, quis nostrud exercitation ullamco laboris nisi', NULL, 0, 'Idea 56 that suggest that we definitely need a longer title for ideas', 27, 1, NULL),
(89, TIMESTAMP '2018-11-09 08:31:07.462', TIMESTAMP '2018-11-10 08:31:07.462', 'lFYoPnoj Lorem ipsum dolor sit amet, consectetur adip', NULL, 0, 'Idea 57 that suggest that we definitely need a longer title for ideas', 28, 5, NULL),
(90, TIMESTAMP '2018-11-08 08:31:07.464', TIMESTAMP '2018-11-09 08:31:07.464', 'lWhzqGb1 Lorem ipsum dolor sit amet, consectetur adipiscing elit, sed do eiusmod tempor incididunt ut labore et dolore magna aliqua. Ut enim ', NULL, 0, 'Idea 58 that suggest that we definitely need a longer title for ideas', 29, 5, NULL),
(91, TIMESTAMP '2018-11-07 08:31:07.466', TIMESTAMP '2018-11-08 08:31:07.466', 'YnBjFp9V Lorem ips', NULL, 0, 'Idea 59 that suggest that we definitely need a longer title for ideas', 30, 9, NULL),
(92, TIMESTAMP '2018-11-06 08:31:07.47', TIMESTAMP '2018-11-07 08:31:07.47', 'uezJbiSt Lo', NULL, 0, 'Idea 60 that suggest that we definitely need a longer title for ideas', 21, 14, NULL),
(93, TIMESTAMP '2018-11-05 08:31:07.475', TIMESTAMP '2018-11-06 08:31:07.475', 'qphiGa4M Lorem ipsum dolor sit amet, consectetur adipiscing elit, sed do eiusmod tempor incididunt ut labore et dolore magna aliqua. Ut enim ad minim veniam, quis nostrud exercitation ullamco laboris nisi ut aliquip ex ea commodo consequat. Duis aute irure dolor in reprehenderit in voluptate velit esse cillum dolore eu fugiat nulla pariatur. Excepteur sint occa', NULL, 0, 'Idea 61 that suggest that we definitely need a longer title for ideas', 22, 4, NULL),
(94, TIMESTAMP '2018-11-04 08:31:07.481', TIMESTAMP '2018-11-05 08:31:07.481', '0dxjied5 Lorem ipsum dolor sit amet, consectetur adipiscing elit, sed do eiusmod tempor incididunt ut labore et dolore magna ', NULL, 0, 'Idea 62 that suggest that we definitely need a longer title for ideas', 23, 10, NULL),
(95, TIMESTAMP '2018-11-03 08:31:07.485', TIMESTAMP '2018-11-04 08:31:07.485', 'xC8tsOdb Lorem ipsum dolor sit amet, consectetur adipiscing elit, sed do eiusmod tempor incididunt ut labore et dolore magna aliqua. Ut e', NULL, 0, 'Idea 63 that suggest that we definitely need a longer title for ideas', 24, 20, NULL),
(96, TIMESTAMP '2018-11-02 08:31:07.491', TIMESTAMP '2018-11-03 08:31:07.491', 'b54Igfmx Lorem ipsum dolor sit amet, consectetur adipiscing elit, sed do eiusmod tempor incididunt ut labore et dolore magna aliqua. Ut enim ad minim veniam, quis nostrud exercitation ullamco labo', NULL, 0, 'Idea 64 that suggest that we definitely need a longer title for ideas', 25, 10, NULL),
(97, TIMESTAMP '2018-11-01 08:31:07.528', TIMESTAMP '2018-11-02 08:31:07.528', 'EKwXe36p Lorem ipsum dolor sit amet, consectetur adipiscing elit, sed do eiusmod tempor incididunt ut labore et dolore magna aliqua. Ut enim ad minim veniam, ', NULL, 0, 'Idea 65 that suggest that we definitely need a longer title for ideas', 26, 8, NULL);
INSERT INTO PUBLIC.LAWS(ID, CREATED_AT, UPDATED_AT, DESCRIPTION, REACHED_QUORUM_AT, STATUS, TITLE, AREA_ID, CREATED_BY_ID, POLL_ID) VALUES
(98, TIMESTAMP '2018-10-31 08:31:07.532', TIMESTAMP '2018-11-01 08:31:07.532', 'PNG1IG4T Lorem ipsum dolor sit amet, consectetur adipiscing elit, sed do eiusmod tempor incididunt ut labore et dolore magna aliqua. Ut enim ad minim veniam, quis nostrud exercitation ullamco laboris nisi ut aliquip ex ea commodo consequat. Duis aute irure dolor in reprehenderit in voluptate velit esse cillum dolore eu fugiat nulla pariatur. Excepteur sint occaecat cupidatat non proident, sunt in', NULL, 0, 'Idea 66 that suggest that we definitely need a longer title for ideas', 27, 10, NULL),
(99, TIMESTAMP '2018-10-30 08:31:07.54', TIMESTAMP '2018-10-31 08:31:07.54', 'FoleqUHh ', NULL, 0, 'Idea 67 that suggest that we definitely need a longer title for ideas', 28, 1, NULL),
(100, TIMESTAMP '2018-10-29 08:31:07.547', TIMESTAMP '2018-10-30 08:31:07.548', 'cS0yCpEK Lorem ipsum dolor sit amet, consectetur adipiscing elit, sed do eiusmod tempor incididunt ut labore et dolore magna aliqua. Ut enim ad minim veniam, quis nostrud exercitation ullamco laboris nisi ut aliquip ex ea commodo consequat. Duis aute irure dolor in reprehenderit in voluptate velit esse cillum dolore eu fugiat nulla pariatur. Excepteur ', NULL, 0, 'Idea 68 that suggest that we definitely need a longer title for ideas', 29, 15, NULL),
(101, TIMESTAMP '2018-10-28 08:31:07.551', TIMESTAMP '2018-10-29 08:31:07.551', 'jUVynfTa Lorem ipsum dolor sit amet, consectetur adipiscing elit, sed do eiusmod tempor incididunt ut labore et dolore magna aliqua. Ut enim ad minim ven', NULL, 0, 'Idea 69 that suggest that we definitely need a longer title for ideas', 30, 4, NULL),
(102, TIMESTAMP '2018-10-27 08:31:07.556', TIMESTAMP '2018-10-28 08:31:07.557', 'LjXzHEff Lorem ipsum dolor sit amet, consectetur adipiscing elit, sed do eiusmod tempor incididunt ut labore et dolore magna aliqua. Ut enim ad minim veniam, quis nostrud', NULL, 0, 'Idea 70 that suggest that we definitely need a longer title for ideas', 21, 9, NULL),
(103, TIMESTAMP '2018-10-26 08:31:07.571', TIMESTAMP '2018-10-27 08:31:07.572', '5ftOwiMM Lorem ipsum dolor sit amet, consectetur adipiscing elit, sed do eiusmod tempor incididunt ut labore et dolore magna aliqua. Ut enim ad minim veniam, quis nostrud exercitation ullamco laboris nisi ut aliquip ex ea commodo consequat. Duis aute irure dolor in reprehenderit in voluptate velit esse cillum dolore eu fugiat nulla pariatur. Excepteur sint occaecat cupidatat non proident, su', NULL, 0, 'Idea 71 that suggest that we definitely need a longer title for ideas', 22, 7, NULL),
(104, TIMESTAMP '2018-10-25 08:31:07.586', TIMESTAMP '2018-10-26 08:31:07.586', 'eh3q4YIc Lorem ipsum dolor sit amet, consectetur adipiscing elit, sed do eiusmod tempor incididunt ut labore et dolore magna aliqua. Ut enim ad minim veniam, quis nostrud exercitation ullamco laboris nisi ut aliquip ex ea commodo consequat. Duis aute irure dolor in repreh', NULL, 0, 'Idea 72 that suggest that we definitely need a longer title for ideas', 23, 13, NULL),
(105, TIMESTAMP '2018-10-24 08:31:07.621', TIMESTAMP '2018-10-25 08:31:07.621', 'Ya2tCZqp Lorem ', NULL, 0, 'Idea 73 that suggest that we definitely need a longer title for ideas', 24, 10, NULL),
(106, TIMESTAMP '2018-10-23 08:31:07.634', TIMESTAMP '2018-10-24 08:31:07.634', 'x1vCgh2y Lorem ipsum dolor sit amet, consectetur adipiscing elit, sed do eiusmod tempor incididunt ut labore et dolore magna aliqua. Ut enim ad minim veniam, quis nostrud exercitation ullamco laboris nisi ut aliquip ex ea commodo consequat. Duis aute irure dolor in reprehenderit in voluptate velit esse cillum dolore eu fugiat nulla pariatur. Ex', NULL, 0, 'Idea 74 that suggest that we definitely need a longer title for ideas', 25, 19, NULL),
(107, TIMESTAMP '2018-10-22 08:31:07.656', TIMESTAMP '2018-10-23 08:31:07.656', 'casPtQVW Lorem ipsum dolor ', NULL, 0, 'Idea 75 that suggest that we definitely need a longer title for ideas', 26, 6, NULL),
(108, TIMESTAMP '2018-10-21 08:31:07.661', TIMESTAMP '2018-10-22 08:31:07.662', 'aNP6a1O2 Lorem ipsum dolor sit amet, consectetur adipiscing elit, sed do eiusmod tempor incididunt ut labore et dolore magna aliqua. Ut enim ad minim veniam, quis nostrud exercitation ullamco laboris nisi ut aliquip ex ea commodo consequat. Duis aute irure dolor in reprehenderit in voluptate velit esse cillum dolore eu fugiat nulla pariatur. Excepteur sint occa', NULL, 0, 'Idea 76 that suggest that we definitely need a longer title for ideas', 27, 12, NULL);
INSERT INTO PUBLIC.LAWS(ID, CREATED_AT, UPDATED_AT, DESCRIPTION, REACHED_QUORUM_AT, STATUS, TITLE, AREA_ID, CREATED_BY_ID, POLL_ID) VALUES
(109, TIMESTAMP '2018-10-20 08:31:07.666', TIMESTAMP '2018-10-21 08:31:07.666', 'jRE2ZwQc Lorem ipsum dolor sit amet, consectetur adipiscing elit, sed do eiusmod tempor incididunt ut labore et', NULL, 0, 'Idea 77 that suggest that we definitely need a longer title for ideas', 28, 19, NULL),
(110, TIMESTAMP '2018-10-19 08:31:07.672', TIMESTAMP '2018-10-20 08:31:07.672', 'BIst5PeX Lorem ipsum dolor sit amet, consectetur adipiscing elit, sed do eiusmod tempor incididunt ut labore et dolore magna aliqua. Ut enim ad minim veniam, quis nostrud exercitation ullamco laboris nisi ut aliquip ex ea commodo consequa', NULL, 0, 'Idea 78 that suggest that we definitely need a longer title for ideas', 29, 12, NULL),
(111, TIMESTAMP '2018-10-18 08:31:07.677', TIMESTAMP '2018-10-19 08:31:07.677', 'zcDnG23D Lorem ipsum dolor sit amet, consectetur adipiscing elit, sed do eiusmod tempor incididunt ut labore et dolore magna aliqua. Ut enim ad minim veniam, quis nostrud exercitation ullamco laboris nisi ut aliquip ex ea commodo consequat. Dui', NULL, 0, 'Idea 79 that suggest that we definitely need a longer title for ideas', 30, 18, NULL),
(112, TIMESTAMP '2018-10-17 08:31:07.68', TIMESTAMP '2018-10-18 08:31:07.68', 'QYBzLPZ5 Lorem ipsum dolor sit amet, consectetur adipiscing elit, sed do eiusmod tempor incididunt ut labore et dolore magna aliqua. Ut enim ad minim veniam, quis nostrud exercitation ullamco laboris nisi ut aliquip ex ea commodo consequat. Duis aute irure dolor in reprehenderit in ', NULL, 0, 'Idea 80 that suggest that we definitely need a longer title for ideas', 21, 6, NULL),
(113, TIMESTAMP '2018-10-16 08:31:07.681', TIMESTAMP '2018-10-17 08:31:07.681', '92yh8SHT Lorem ipsum dolor sit amet, consectetur adipiscing elit, sed do eiusmod tempor i', NULL, 0, 'Idea 81 that suggest that we definitely need a longer title for ideas', 22, 18, NULL),
(114, TIMESTAMP '2018-10-15 08:31:07.685', TIMESTAMP '2018-10-16 08:31:07.686', 'APew91qa Lorem ipsum dolor sit amet, consectetur adipiscing elit, sed do eiusmod tempor incididunt ut labore et dolor', NULL, 0, 'Idea 82 that suggest that we definitely need a longer title for ideas', 23, 5, NULL),
(115, TIMESTAMP '2018-10-14 08:31:07.687', TIMESTAMP '2018-10-15 08:31:07.688', 'jeKgIhlQ Lorem ipsum dolor sit amet, consectetur adipiscing elit, sed do eiusmod tempor incididunt ut labore et dolore magna aliqua. Ut enim ad minim veniam, quis nostrud exercitation ullamco laboris nisi ut aliquip ex ea commodo consequat. Duis aute irure dolor in reprehenderit in voluptate velit esse cillum dolore eu fugiat nulla pariatur. Excepteur sint occaecat cupidatat non proident, sunt in', NULL, 0, 'Idea 83 that suggest that we definitely need a longer title for ideas', 24, 12, NULL),
(116, TIMESTAMP '2018-10-13 08:31:07.702', TIMESTAMP '2018-10-14 08:31:07.702', 'rCa4VfUV Lorem ipsum dolor sit amet, consectetur adipiscing elit, sed do eiusmod tempor incididunt ut labore et dolore magna aliqua. Ut enim ad minim veniam, quis nostrud exercitation ullamco laboris nisi ut aliquip ex ea commodo consequat. Duis', NULL, 0, 'Idea 84 that suggest that we definitely need a longer title for ideas', 25, 14, NULL),
(117, TIMESTAMP '2018-10-12 08:31:07.704', TIMESTAMP '2018-10-13 08:31:07.704', '0fiviNuf Lorem ipsum dolor sit amet, co', NULL, 0, 'Idea 85 that suggest that we definitely need a longer title for ideas', 26, 8, NULL),
(118, TIMESTAMP '2018-10-11 08:31:07.714', TIMESTAMP '2018-10-12 08:31:07.714', 'D5LsDI8n Lorem ipsum dolor sit amet, consectetur adipiscing elit, sed do eiusmod tempor incididunt ut labore et dolore magna aliqua. Ut enim ad minim veniam, quis nostrud exercitation ullamco laboris nisi ut aliquip ex ea commodo consequat. Duis aute irure dolor in reprehenderit in vol', NULL, 0, 'Idea 86 that suggest that we definitely need a longer title for ideas', 27, 2, NULL),
(119, TIMESTAMP '2018-10-10 08:31:07.776', TIMESTAMP '2018-10-11 08:31:07.776', 'iDjmMjnN Lorem', NULL, 0, 'Idea 87 that suggest that we definitely need a longer title for ideas', 28, 18, NULL);
INSERT INTO PUBLIC.LAWS(ID, CREATED_AT, UPDATED_AT, DESCRIPTION, REACHED_QUORUM_AT, STATUS, TITLE, AREA_ID, CREATED_BY_ID, POLL_ID) VALUES
(120, TIMESTAMP '2018-10-09 08:31:07.778', TIMESTAMP '2018-10-10 08:31:07.778', 'uX5aqQTA Lorem ipsum dolor sit amet, consectetur adipiscing elit, sed do', NULL, 0, 'Idea 88 that suggest that we definitely need a longer title for ideas', 29, 8, NULL),
(121, TIMESTAMP '2018-10-08 08:31:07.797', TIMESTAMP '2018-10-09 08:31:07.797', 'bELYLOTe Lorem ipsum dolor sit amet, consectetur', NULL, 0, 'Idea 89 that suggest that we definitely need a longer title for ideas', 30, 4, NULL),
(122, TIMESTAMP '2018-10-07 08:31:07.824', TIMESTAMP '2018-10-08 08:31:07.824', 'IPTbGG1v Lorem ipsum dolor sit amet, consectetur adipiscing elit, sed do eiusmod tempor incididunt ut labore et dolore magna aliqua. Ut enim ad minim veniam, quis nostrud exercitation ullamco laboris nisi ut aliquip ex ea commodo consequat. Duis aute irure dolor in reprehenderit in voluptate velit esse cillum dolore eu fugiat nulla pariatur. Excepteur sint occaecat cu', NULL, 0, 'Idea 90 that suggest that we definitely need a longer title for ideas', 21, 3, NULL),
(123, TIMESTAMP '2018-10-06 08:31:07.83', TIMESTAMP '2018-10-07 08:31:07.83', 'CPtdbIx8 Lorem ipsum dolor sit amet, consectetur adipiscing elit, sed do eiusmod tempor incididunt ut labore et dolore magna aliqua. Ut enim ad minim veniam, quis nostrud exercitation ullamco laboris nisi ut aliquip ex ea commodo consequat. Duis aute irure dolor in reprehenderit in voluptate velit esse cillum dolore eu fugiat nulla pariatur. Excepteur sint occaecat', NULL, 0, 'Idea 91 that suggest that we definitely need a longer title for ideas', 22, 18, NULL),
(124, TIMESTAMP '2018-10-05 08:31:07.833', TIMESTAMP '2018-10-06 08:31:07.833', 'D91uo4EQ Lorem ipsum dolor sit amet, consectetur adipiscing elit, sed do eiusmod tempor incididunt ut labore et dolore magna aliqua. Ut enim ad minim veniam, quis nostrud exercitation ullamco laboris nisi ut aliquip ex ea commodo consequat. Duis aute irure dolor in reprehenderit in voluptate velit esse cillum dolore eu fugiat nulla pariatur. Excepteur sint occaecat cupidatat ', NULL, 0, 'Idea 92 that suggest that we definitely need a longer title for ideas', 23, 19, NULL),
(125, TIMESTAMP '2018-10-04 08:31:07.837', TIMESTAMP '2018-10-05 08:31:07.837', 'GDOjFD4Y Lorem ipsum dolor sit amet, consectetur adipiscing elit, sed do eiusmod tempor incidid', NULL, 0, 'Idea 93 that suggest that we definitely need a longer title for ideas', 24, 8, NULL),
(126, TIMESTAMP '2018-10-03 08:31:07.84', TIMESTAMP '2018-10-04 08:31:07.84', 'EwErhEs3 Lorem ipsum dolor sit amet, consectetur adipiscing elit, sed do eiusmod tempor incididunt ut labore et dolore magna aliqua. Ut enim ad minim veniam, quis nostrud exercitation ullamco laboris nisi ut aliquip ex ea commodo consequat. Duis aute irure dolor in reprehenderit in voluptate velit esse cillum dolore eu fugiat nulla pariatur. Excepteur sint occaecat cupidatat non proident,', NULL, 0, 'Idea 94 that suggest that we definitely need a longer title for ideas', 25, 5, NULL),
(127, TIMESTAMP '2018-10-02 08:31:07.845', TIMESTAMP '2018-10-03 08:31:07.845', 'BFhJwgl3 Lorem ipsum dolor sit amet, consectetur adipiscing elit, se', NULL, 0, 'Idea 95 that suggest that we definitely need a longer title for ideas', 26, 20, NULL),
(128, TIMESTAMP '2018-10-01 08:31:07.897', TIMESTAMP '2018-10-02 08:31:07.897', 'Pn69CAkr Lorem ipsum do', NULL, 0, 'Idea 96 that suggest that we definitely need a longer title for ideas', 27, 13, NULL),
(129, TIMESTAMP '2018-09-30 08:31:07.903', TIMESTAMP '2018-10-01 08:31:07.903', 'txnYdq9Y Lorem ipsum dolor sit amet, consectetur adipiscing elit, sed do eiusmod tempor incididunt ut labore et dolore magna aliqua. Ut enim ad minim veniam, quis nostrud exercitation ullamco laboris nisi ut aliquip ex ea commodo consequat. Duis aute irure dolor in reprehenderit in voluptate velit esse cillum dolore eu fugiat nulla pariatur. Excepteur sint occaecat cupidatat non proident, s', NULL, 0, 'Idea 97 that suggest that we definitely need a longer title for ideas', 28, 8, NULL);
INSERT INTO PUBLIC.LAWS(ID, CREATED_AT, UPDATED_AT, DESCRIPTION, REACHED_QUORUM_AT, STATUS, TITLE, AREA_ID, CREATED_BY_ID, POLL_ID) VALUES
(130, TIMESTAMP '2018-09-29 08:31:07.911', TIMESTAMP '2018-09-30 08:31:07.911', 'XH6htSzw Lorem ipsum dolor sit amet, consec', NULL, 0, 'Idea 98 that suggest that we definitely need a longer title for ideas', 29, 3, NULL),
(131, TIMESTAMP '2018-09-28 08:31:07.915', TIMESTAMP '2018-09-29 08:31:07.915', '7gs9E2NC Lorem ipsum dolor sit amet, consectetur adipiscing elit, sed do eiusmod tempor incididunt ut labore et dolore magna aliqua. Ut enim ad minim veniam, quis nostrud exercitation ullamco laboris nisi ut aliquip ex ea commodo consequat. Duis aute irure dolor in reprehenderit in voluptate velit esse cillum dolore eu fugiat nulla pariatur. Excepteur sint o', NULL, 0, 'Idea 99 that suggest that we definitely need a longer title for ideas', 30, 17, NULL),
(132, TIMESTAMP '2018-09-27 08:31:07.92', TIMESTAMP '2018-09-28 08:31:07.92', 'MBkXaLhh Lorem ipsum dolor sit amet, consectetur adipiscing elit, sed do eiusmod tempor incididunt ut labore et dolore magna aliqua. Ut enim ad minim veniam, quis nostrud exercitation ullamco laboris nisi ut aliquip ex ea commodo consequat. Duis aute irure dolor in reprehenderit in voluptate velit esse cillum dolore eu fugiat nulla pariatur. Excepteur sint occaecat cupidatat non', NULL, 0, 'Idea 100 that suggest that we definitely need a longer title for ideas', 21, 8, NULL),
(133, TIMESTAMP '2018-09-26 08:31:07.928', TIMESTAMP '2018-09-27 08:31:07.928', 'uG3u3dkU Lorem ipsum dolor sit amet, consectetur adipiscing elit, sed do eiusmod tempor incididunt ', NULL, 0, 'Idea 101 that suggest that we definitely need a longer title for ideas', 22, 20, NULL),
(134, TIMESTAMP '2018-09-25 08:31:07.933', TIMESTAMP '2018-09-26 08:31:07.933', 'm8ugMwFX Lorem ipsum dolor sit amet, consectetur adipiscing elit, sed do eiusmod tempor incididunt ut labore et dolore magna aliqua. Ut enim ad minim veniam, quis nostrud exercitation ullamco laboris nisi ut aliquip ex ea commodo consequat. D', NULL, 0, 'Idea 102 that suggest that we definitely need a longer title for ideas', 23, 3, NULL),
(135, TIMESTAMP '2018-09-24 08:31:07.937', TIMESTAMP '2018-09-25 08:31:07.938', 'ULUW0aDR Lorem ipsum dolor sit amet, consectetur adipiscing elit, sed do eiusmod tempor incididunt ut labore et dolore magna aliqua. Ut enim ad minim veniam, quis nostrud exercitation ullamco laboris nisi ut aliquip ex ea commodo consequat. Duis aute irure dolor in reprehend', NULL, 0, 'Idea 103 that suggest that we definitely need a longer title for ideas', 24, 10, NULL),
(136, TIMESTAMP '2018-09-23 08:31:07.944', TIMESTAMP '2018-09-24 08:31:07.944', '8RtXUIv4 Lorem ipsum dolor sit amet, consectetur adipiscing elit, sed do eiusmod tempor incididunt ut labore et dolore magna aliqua. Ut enim ad minim veniam, quis nostrud exercitation ullamco laboris nisi ut aliquip ex ea commodo consequa', NULL, 0, 'Idea 104 that suggest that we definitely need a longer title for ideas', 25, 14, NULL),
(137, TIMESTAMP '2018-09-22 08:31:07.947', TIMESTAMP '2018-09-23 08:31:07.947', 'HrTUx2gJ Lorem ipsum dolor sit amet, consectetur adipiscing elit, sed do eiusmod tempor incididunt ut labore et dolore magna aliqua. Ut enim ad minim veniam, quis nostrud exercitation ullamco laboris nisi ut aliquip ex ea commodo consequat. Duis aute irure dolor in reprehenderit in voluptate velit esse cillum dolore eu fugiat nulla pariatur. Excepteur sint occaecat cupidatat non proident, su', NULL, 0, 'Idea 105 that suggest that we definitely need a longer title for ideas', 26, 14, NULL),
(138, TIMESTAMP '2018-09-21 08:31:07.95', TIMESTAMP '2018-09-22 08:31:07.951', 'jCutdybK Lorem ipsum dolor sit amet, consectetur adipiscing elit, sed do eiusmod tempor incididunt ut labore et dolore magna aliqua. Ut enim ad minim veniam, quis nostrud exercitation ullamco laboris nisi ut aliquip ex ea commodo consequat. Duis aute irure dolor in reprehenderit in voluptate velit esse cillum dolore eu fugiat nulla pariatur. Excepteur sin', NULL, 0, 'Idea 106 that suggest that we definitely need a longer title for ideas', 27, 11, NULL);
INSERT INTO PUBLIC.LAWS(ID, CREATED_AT, UPDATED_AT, DESCRIPTION, REACHED_QUORUM_AT, STATUS, TITLE, AREA_ID, CREATED_BY_ID, POLL_ID) VALUES
(139, TIMESTAMP '2018-09-20 08:31:07.955', TIMESTAMP '2018-09-21 08:31:07.955', 'J6rnkQ52 Lorem ipsum dolor sit amet, consectetur adipiscing elit, sed do eiusmod tempor incididunt ut labore et dolore magna aliqua. Ut enim ad minim veniam, quis nostrud exercitati', NULL, 0, 'Idea 107 that suggest that we definitely need a longer title for ideas', 28, 19, NULL),
(140, TIMESTAMP '2018-09-19 08:31:07.966', TIMESTAMP '2018-09-20 08:31:07.966', 'uQ70ijTB Lorem ipsum dolor sit amet, consectetur adipiscing elit, sed do eiusmod tempor incididunt ut labore et dolore magna aliqua. Ut enim ad minim veniam, quis nostrud exercitation ullamco laboris nis', NULL, 0, 'Idea 108 that suggest that we definitely need a longer title for ideas', 29, 16, NULL),
(141, TIMESTAMP '2018-09-18 08:31:07.976', TIMESTAMP '2018-09-19 08:31:07.976', '0aO9TGnP Lorem ipsum dolor sit amet, consectetur adipiscing elit, sed do eiusmod tempor incididunt ut labore et dolore magna aliqua. Ut enim ad minim veniam, quis nostrud exercitation ullamco laboris nisi ut aliquip ex ea commodo consequat. Duis aute irure dolor in reprehenderit in voluptate velit esse cillum dolore eu fugiat nulla pariatur. Excepteur sint occaecat cupidatat non proiden', NULL, 0, 'Idea 109 that suggest that we definitely need a longer title for ideas', 30, 9, NULL),
(142, TIMESTAMP '2018-09-17 08:31:07.981', TIMESTAMP '2018-09-18 08:31:07.981', 'vNizgV9H Lorem ipsum dolor sit amet, consectetur adipiscing elit, sed do eiusmod tempor incididunt ut labore et dolore magna aliq', NULL, 0, 'Idea 110 that suggest that we definitely need a longer title for ideas', 21, 2, NULL),
(143, TIMESTAMP '2019-01-05 08:31:07.99', TIMESTAMP '2019-01-06 08:31:07.99', '5xQf4XPR Lorem ipsum dolor sit amet, consectetur adipiscing elit, sed do eiusmod tempor incididunt ut labore et dolore magna aliqua. Ut e', TIMESTAMP '2019-01-06 08:31:07.989', 1, 'Proposal 0 that reached its quorum', 25, 18, NULL),
(144, TIMESTAMP '2018-12-29 08:31:07.998', TIMESTAMP '2018-12-30 08:31:07.998', '1pxGgbyb Lorem ipsum dolor sit amet, consectetur adipiscing elit, sed do eiusmod tempor incididunt ut labore et dolore magna aliqua. Ut enim ad minim veniam, quis nostrud exercitation ullamco laboris nisi ut aliquip ex ea commodo consequat. Duis aute irure dolor in reprehenderit in voluptate velit', TIMESTAMP '2019-01-06 08:31:07.997', 1, 'Proposal 1 that reached its quorum', 24, 15, NULL),
(145, TIMESTAMP '2018-12-31 08:31:08.033', TIMESTAMP '2019-01-01 08:31:08.033', 'sfF42IFW Lorem ipsum dolor sit amet, consectetur adipiscing elit, sed do eiusmod tempor incididunt ut labore et dolore m', TIMESTAMP '2019-01-06 08:31:08.017', 1, 'Proposal 2 that reached its quorum', 24, 1, NULL),
(146, TIMESTAMP '2018-12-29 08:31:08.061', TIMESTAMP '2018-12-30 08:31:08.062', 'ATKeKPTc Lorem ipsum dolor sit amet, consectetur adipisc', TIMESTAMP '2019-01-06 08:31:08.057', 1, 'Proposal 3 that reached its quorum', 23, 5, NULL),
(147, TIMESTAMP '2019-01-03 08:31:08.077', TIMESTAMP '2019-01-04 08:31:08.077', 'l5myQmkd Lorem ip', TIMESTAMP '2019-01-06 08:31:08.076', 1, 'Proposal 4 that reached its quorum', 21, 14, NULL),
(148, TIMESTAMP '2018-12-29 08:31:08.086', TIMESTAMP '2018-12-30 08:31:08.086', 'H1b9NIM9 Lorem ipsum dolor sit amet, consectetur adipiscing elit, sed do eiusmod tempor incididunt ut labore et dolore magna aliqua. Ut enim ad minim veniam, quis nostrud exercitation ullamco laboris nisi ut aliquip ex ea commodo consequat. Duis aute irure dolor in reprehenderit in voluptate velit esse cillum dolore eu fugiat nulla pariatur. Excepteur sint occa', TIMESTAMP '2019-01-06 08:31:08.085', 1, 'Proposal 5 that reached its quorum', 24, 15, NULL),
(149, TIMESTAMP '2019-01-06 08:31:08.095', TIMESTAMP '2019-01-06 08:31:08.095', 'X5Tu3HQ2 Lorem ipsum dolor sit amet, consectetur adipiscing elit, sed ', TIMESTAMP '2019-01-06 08:31:08.094', 1, 'Proposal 6 that reached its quorum', 28, 5, NULL),
(150, TIMESTAMP '2018-12-30 08:31:08.153', TIMESTAMP '2018-12-31 08:31:08.153', 'KfNO0lzq Lorem ipsum dolor sit amet, consectetur adipiscing elit, sed do eiusmod tempor incididunt ut labore et dolore magna aliqua. Ut enim ad minim veniam, quis nostrud exercitation ullamco laboris nisi ut aliquip ex ea commodo c', TIMESTAMP '2019-01-06 08:31:08.151', 1, 'Proposal 7 that reached its quorum', 23, 14, NULL);
INSERT INTO PUBLIC.LAWS(ID, CREATED_AT, UPDATED_AT, DESCRIPTION, REACHED_QUORUM_AT, STATUS, TITLE, AREA_ID, CREATED_BY_ID, POLL_ID) VALUES
(151, TIMESTAMP '2018-12-29 08:31:08.173', TIMESTAMP '2018-12-30 08:31:08.174', 'Ow2FSlTA Lorem ipsum dolor sit amet, consectetur adipiscing elit, sed do eiusmod tempor incididunt ut labore et dolore magna aliqua. Ut enim ad minim veniam, quis nostrud exercitation ullamco laboris nisi ut aliquip ex ea commodo consequat. Duis aute irure dolor in reprehenderit in voluptate velit es', TIMESTAMP '2019-01-06 08:31:08.17', 1, 'Proposal 8 that reached its quorum', 29, 8, NULL),
(152, TIMESTAMP '2018-12-29 08:31:08.223', TIMESTAMP '2018-12-30 08:31:08.223', 'vqimd7jk Lorem ipsum dolor sit amet, consectetur adipiscing elit, sed do eiusmod tempor incididunt ut labore et dolore magna aliqua. Ut enim ad minim veniam, quis nostrud exercitation ullamco laboris nisi ut aliquip ex ea commodo consequat. Duis aute irure d', TIMESTAMP '2019-01-06 08:31:08.221', 1, 'Proposal 9 that reached its quorum', 29, 7, NULL),
(153, TIMESTAMP '2019-01-06 08:31:08.239', TIMESTAMP '2019-01-06 08:31:08.239', '9LaLxjJY Lorem ipsum dolor sit amet, consectetur adipiscing elit, sed do eiusmod tempor incid', TIMESTAMP '2019-01-06 08:31:08.238', 1, 'Proposal 10 that reached its quorum', 24, 4, NULL),
(154, TIMESTAMP '2019-01-03 08:31:08.299', TIMESTAMP '2019-01-04 08:31:08.3', 'vP5izafz Lorem ipsum dolor sit amet, consectetur adipiscing elit, sed do eiusmod tempor incididunt ut labore et dolo', TIMESTAMP '2019-01-06 08:31:08.297', 1, 'Proposal 11 that reached its quorum', 24, 6, NULL),
(155, TIMESTAMP '2019-01-03 08:31:08.314', TIMESTAMP '2019-01-04 08:31:08.314', 'Mq5KDjh7 Lorem ipsum dolor sit amet, consectetur adipiscing elit, sed do eiusmod tempor incididunt ut labore et dolore magna aliqua. Ut enim ad minim veniam, quis nostrud exercitation ullamc', TIMESTAMP '2019-01-06 08:31:08.312', 1, 'Proposal 12 that reached its quorum', 28, 10, NULL),
(156, TIMESTAMP '2019-01-02 08:31:08.344', TIMESTAMP '2019-01-03 08:31:08.344', 's1kvwhwN Lorem ipsum dolor sit amet, consectetur adipiscing elit, sed do eiusmod tempor incididunt ut labore et dolore magna aliqua. Ut enim ad minim veniam, quis nost', TIMESTAMP '2019-01-06 08:31:08.343', 1, 'Proposal 13 that reached its quorum', 21, 4, NULL),
(157, TIMESTAMP '2019-01-02 08:31:08.39', TIMESTAMP '2019-01-03 08:31:08.39', '1rdB8dUh Lorem ipsum dolor sit amet, consectetur adipiscing elit, sed do eiusmod tempor incididunt ut labore et dolore magna aliqua. Ut enim ad minim veniam, quis nostrud exercitation ullamco laboris nisi ut aliquip ex ea commodo consequat. Duis aute irure dolor in reprehenderit in voluptate velit esse cillum dolore eu fugiat nulla pariatur. Excep', TIMESTAMP '2019-01-06 08:31:08.388', 1, 'Proposal 14 that reached its quorum', 21, 11, NULL),
(158, TIMESTAMP '2018-12-30 08:31:08.419', TIMESTAMP '2018-12-31 08:31:08.419', 'VuXbNzLn Lorem ipsum dolor sit amet, consectetur adipiscing elit, sed do eiusmod tempor incididunt ut labore et dolore magna aliqua. Ut enim ad minim v', TIMESTAMP '2019-01-06 08:31:08.417', 1, 'Proposal 15 that reached its quorum', 26, 20, NULL),
(159, TIMESTAMP '2018-12-29 08:31:08.451', TIMESTAMP '2018-12-30 08:31:08.451', 'hJHfjgRn Lorem ipsum dolor sit amet, consectetur adipiscing elit, sed do eiusmod tempor incididunt ut labore et dolore magna aliqua. Ut enim ad minim', TIMESTAMP '2019-01-06 08:31:08.45', 1, 'Proposal 16 that reached its quorum', 30, 10, NULL),
(160, TIMESTAMP '2018-12-30 08:31:08.461', TIMESTAMP '2018-12-31 08:31:08.462', '5XPBnd8d Lorem ipsum dolor sit amet, consectetur adipiscing elit, sed do eiusmod tempor incididunt ut labore et dolore magna aliqua. Ut enim ad minim veniam, quis nostrud exercitation ullamco laboris nisi ut aliquip ex ea commodo consequat. Duis aute irure dolor in reprehenderit in voluptate velit esse cillum dolore eu fugiat nulla pariatur. Excepteur sint occaecat cu', TIMESTAMP '2019-01-06 08:31:08.46', 1, 'Proposal 17 that reached its quorum', 22, 19, NULL),
(161, TIMESTAMP '2019-01-05 08:31:08.477', TIMESTAMP '2019-01-06 08:31:08.477', 'xcNhY5HY Lorem ipsum dolor sit amet, consectetur adipiscing elit, sed do eiusmod tempor incididunt ut ', TIMESTAMP '2019-01-06 08:31:08.476', 1, 'Proposal 18 that reached its quorum', 26, 6, NULL);
INSERT INTO PUBLIC.LAWS(ID, CREATED_AT, UPDATED_AT, DESCRIPTION, REACHED_QUORUM_AT, STATUS, TITLE, AREA_ID, CREATED_BY_ID, POLL_ID) VALUES
(162, TIMESTAMP '2018-12-28 08:31:08.486', TIMESTAMP '2018-12-29 08:31:08.486', 'C3wCbjnD Lorem ipsum dol', TIMESTAMP '2019-01-06 08:31:08.483', 1, 'Proposal 19 that reached its quorum', 28, 13, NULL),
(163, TIMESTAMP '2018-12-31 08:31:08.493', TIMESTAMP '2019-01-01 08:31:08.493', 'orC4jv49 Lorem ipsum dolor sit amet, consectetur adipiscing elit, sed do eiusmod tempor incididunt ut labore et d', TIMESTAMP '2019-01-06 08:31:08.492', 1, 'Proposal 20 that reached its quorum', 25, 7, NULL),
(164, TIMESTAMP '2019-01-06 08:31:08.501', TIMESTAMP '2019-01-06 08:31:08.501', 'jiSP8EyP Lorem ipsum dolor sit amet, consectetur adipiscing elit, sed do eiusmod tempor incididunt ut labore et dolore magna aliqua. Ut enim ad minim venia', TIMESTAMP '2019-01-06 08:31:08.5', 1, 'Proposal 21 that reached its quorum', 26, 5, NULL),
(165, TIMESTAMP '2019-01-02 08:31:08.509', TIMESTAMP '2019-01-03 08:31:08.509', 'pHQGJadH ', TIMESTAMP '2019-01-06 08:31:08.508', 1, 'Proposal 22 that reached its quorum', 21, 7, NULL),
(166, TIMESTAMP '2019-01-02 08:31:08.53', TIMESTAMP '2019-01-03 08:31:08.53', 'U2k9LsB6 Lorem ipsum dolor sit a', TIMESTAMP '2019-01-06 08:31:08.529', 1, 'Proposal 23 that reached its quorum', 30, 13, NULL),
(167, TIMESTAMP '2018-12-30 08:31:08.539', TIMESTAMP '2018-12-31 08:31:08.539', 'D8Pl7Hhx Lorem ipsum dolor sit amet, consectetur adipiscing elit, sed do eiusmod tempor incididunt ut labore et dolore magna aliqua. Ut enim ad minim veniam, quis nostrud exercitation ullamco laboris nisi ut aliquip ex ea commodo consequat. Duis aute irure do', TIMESTAMP '2019-01-06 08:31:08.537', 1, 'Proposal 24 that reached its quorum', 30, 18, NULL),
(168, TIMESTAMP '2018-12-31 08:31:08.547', TIMESTAMP '2019-01-01 08:31:08.547', 'R6l3fJwF Lorem ipsum dolor sit amet, consectetur adipiscing elit, sed do eiusmod tempor incididunt ut labore et dolore magna aliqua. Ut enim ad minim veniam, quis nostrud exercitation ullamco laboris nisi ut aliquip ex e', TIMESTAMP '2019-01-06 08:31:08.546', 1, 'Proposal 25 that reached its quorum', 24, 10, NULL),
(169, TIMESTAMP '2019-01-04 08:31:08.561', TIMESTAMP '2019-01-05 08:31:08.561', 'arBnKgTx Lorem ipsum dolor sit amet, consectetur adipiscing elit, sed do eiusmod tempor incididunt ut labore et dolore magna aliqua. Ut enim ad minim veniam, quis nostrud exercitation ullamco laboris nisi ut aliquip ex ea commodo ', TIMESTAMP '2019-01-06 08:31:08.56', 1, 'Proposal 26 that reached its quorum', 29, 2, NULL),
(170, TIMESTAMP '2019-01-04 08:31:08.569', TIMESTAMP '2019-01-05 08:31:08.569', '2XupsBDj Lorem ipsum dolor sit amet, consectetur adipiscing elit, sed do eiusmod tempor incididunt ut labore et dolore magna aliqua. Ut enim ad minim veniam, quis nostrud exercitation ullamco laboris nisi ut aliquip ex ea commodo consequat. Duis aute irure dolor in reprehenderit in voluptate velit esse cillum dolore eu fugiat nulla pariatur. Excepteur sint occaecat cupidata', TIMESTAMP '2019-01-06 08:31:08.568', 1, 'Proposal 27 that reached its quorum', 23, 8, NULL),
(171, TIMESTAMP '2018-12-31 08:31:08.579', TIMESTAMP '2019-01-01 08:31:08.579', 'sTUCloNq Lorem ipsum dolor sit amet, consectetur adipiscing elit, sed do eiusmod tempor incididunt ut labore et dolore magna aliqua. Ut enim ad minim veniam, quis nostrud exercitation ullamco laboris nisi', TIMESTAMP '2019-01-06 08:31:08.575', 1, 'Proposal 28 that reached its quorum', 26, 19, NULL),
(172, TIMESTAMP '2019-01-02 08:31:08.588', TIMESTAMP '2019-01-03 08:31:08.588', '70dPNEEt Lorem ipsum dolor sit amet, consectetur adipiscing elit, sed do eiusmod tempor incididunt ut labore et dolore magna aliqua. Ut enim ad minim veniam, quis nostrud exercitation ullamco laboris nisi ', TIMESTAMP '2019-01-06 08:31:08.586', 1, 'Proposal 29 that reached its quorum', 21, 3, NULL),
(173, TIMESTAMP '2019-01-04 08:31:08.599', TIMESTAMP '2019-01-05 08:31:08.599', 'yUwwmMH8 Lorem ipsum dolor sit amet, consectetur adipiscing elit, sed do eiusmod tempor incididunt ut labore et dolore magna aliqua. Ut enim ad minim veniam, quis nostrud exercitation ullamco laboris nisi ut aliquip ex ea commodo consequat. Duis aute irure dolor in reprehenderit in voluptate velit esse cillum dolore eu fugiat nulla pariatur. Except', TIMESTAMP '2019-01-06 08:31:08.598', 1, 'Proposal 30 that reached its quorum', 29, 15, NULL);
INSERT INTO PUBLIC.LAWS(ID, CREATED_AT, UPDATED_AT, DESCRIPTION, REACHED_QUORUM_AT, STATUS, TITLE, AREA_ID, CREATED_BY_ID, POLL_ID) VALUES
(174, TIMESTAMP '2019-01-02 08:31:08.609', TIMESTAMP '2019-01-03 08:31:08.609', 'bOMEdW4w Lorem ipsum dolor sit amet, consectetur adipiscing elit, sed do eiusmod tempor incididunt ut la', TIMESTAMP '2019-01-06 08:31:08.606', 1, 'Proposal 31 that reached its quorum', 30, 2, NULL),
(175, TIMESTAMP '2019-01-06 08:31:08.617', TIMESTAMP '2019-01-06 08:31:08.617', 'PlVy0cg2 Lor', TIMESTAMP '2019-01-06 08:31:08.616', 1, 'Proposal 32 that reached its quorum', 22, 5, NULL),
(176, TIMESTAMP '2018-12-28 08:31:08.625', TIMESTAMP '2018-12-29 08:31:08.625', 'ppUWMnkO Lorem ipsum dolor sit amet, consectetur adipiscing elit, sed do eiusmod tempor incididunt ut labore et dolore magna aliqua. Ut enim ad minim veniam, quis nostrud exercitation ullamco laboris nisi ut aliquip ex ea commodo consequat. Duis ', TIMESTAMP '2019-01-06 08:31:08.624', 1, 'Proposal 33 that reached its quorum', 24, 17, NULL),
(177, TIMESTAMP '2018-12-31 08:31:08.655', TIMESTAMP '2019-01-01 08:31:08.655', 'J4btD8PQ Lorem ipsum dolor sit amet, consectetur adipiscing elit, sed do eiusmod tempor incididunt ut labore et dolore magna aliqu', TIMESTAMP '2019-01-06 08:31:08.654', 1, 'Proposal 34 that reached its quorum', 22, 20, NULL),
(178, TIMESTAMP '2018-12-28 08:31:08.667', TIMESTAMP '2018-12-29 08:31:08.667', 'DXCAQxR1 Lorem ipsum dolor sit amet, consectetur adipiscing elit, sed do eiusmod tempor incididunt ut labore et dolore magna aliqua. Ut enim ad minim veniam, quis nostrud exercitation ullamco laboris nisi ut aliquip ex ea commodo consequat. Duis aute irure dolor in reprehenderit in voluptate velit esse cillum dolore eu fugiat nulla pariatur. Excepteur sint occaecat cupidatat non proident, ', TIMESTAMP '2019-01-06 08:31:08.666', 1, 'Proposal 35 that reached its quorum', 28, 12, NULL),
(179, TIMESTAMP '2018-12-29 08:31:08.677', TIMESTAMP '2018-12-30 08:31:08.677', 'qVzKduPp Lorem ipsum dolor sit amet, consectetur adipiscing elit, sed do eiusmod tempor incididunt ut labore et dolore magna aliqua. Ut enim ad minim veniam, quis ', TIMESTAMP '2019-01-06 08:31:08.675', 1, 'Proposal 36 that reached its quorum', 25, 7, NULL),
(180, TIMESTAMP '2019-01-05 08:31:08.685', TIMESTAMP '2019-01-06 08:31:08.685', 'amnKVecO Lorem ipsum dolor sit amet, consectetur adipiscing elit, sed do eiusmod tempor incididunt ut labore et dolore magna aliqua. Ut enim ad minim veniam, quis nostrud exercitation ullamco laboris nisi ut aliquip ex ea commodo consequat. Duis aute irure dolor in reprehenderit in voluptate velit esse cillum dolore eu fugiat nulla pariatur. Excepteur sint occaecat ', TIMESTAMP '2019-01-06 08:31:08.684', 1, 'Proposal 37 that reached its quorum', 21, 10, NULL),
(181, TIMESTAMP '2019-01-01 08:31:08.787', TIMESTAMP '2019-01-02 08:31:08.787', 'VuY4u0pU Lorem ips', TIMESTAMP '2019-01-06 08:31:08.786', 1, 'Proposal 38 that reached its quorum', 27, 4, NULL),
(182, TIMESTAMP '2018-12-29 08:31:08.84', TIMESTAMP '2018-12-30 08:31:08.84', 'PC6dLtup Lorem ipsum dolor sit amet, consectetur adipiscing elit, sed do eiusmod tempor incididunt ut labore et dolore magna aliqua. Ut enim ad minim veniam, quis nostrud exercitation ullamco laboris nisi ut aliquip ex ea commodo consequat. Duis aute irure dolor in reprehenderit in voluptate velit esse cillum dolore eu fugiat nulla pari', TIMESTAMP '2019-01-06 08:31:08.839', 1, 'Proposal 39 that reached its quorum', 25, 12, NULL),
(183, TIMESTAMP '2018-12-29 08:31:08.849', TIMESTAMP '2018-12-30 08:31:08.849', 'XTtPWagw Lorem ipsum dolor sit amet, consectetur adipiscing elit, sed do eiusmod tempor incididunt ut labore et dolore magna aliqua. Ut enim ad minim veniam, quis nostrud exercitation ullamco laboris nisi ut aliquip ex ea commodo consequat. Duis aute irure dolor in reprehenderit in voluptat', TIMESTAMP '2019-01-06 08:31:08.848', 1, 'Proposal 40 that reached its quorum', 22, 13, NULL),
(184, TIMESTAMP '2019-01-04 08:31:08.86', TIMESTAMP '2019-01-05 08:31:08.86', 'sdFq0J27 Lorem ipsum dolor sit amet, consectetur adipiscing elit, sed do eiusmod tempor incididunt ut labore et dolore magna aliqua. Ut enim ad minim veniam, quis nostrud exercitation ullamco laboris nisi ut aliquip ex ea commodo consequat. Dui', TIMESTAMP '2019-01-06 08:31:08.855', 1, 'Proposal 41 that reached its quorum', 21, 2, NULL);
INSERT INTO PUBLIC.LAWS(ID, CREATED_AT, UPDATED_AT, DESCRIPTION, REACHED_QUORUM_AT, STATUS, TITLE, AREA_ID, CREATED_BY_ID, POLL_ID) VALUES
(185, TIMESTAMP '2019-01-06 08:31:08.871', TIMESTAMP '2019-01-06 08:31:08.871', 'mA6LJd9b Lorem ipsum dolor sit', TIMESTAMP '2019-01-06 08:31:08.87', 1, 'Proposal 42 that reached its quorum', 27, 19, NULL),
(186, TIMESTAMP '2018-12-31 08:31:08.911', TIMESTAMP '2019-01-01 08:31:08.911', 'Uukcjv3K Lorem ipsum dolor sit amet, consectetur adipiscing elit, sed do eiusmod tempor incididunt ut labore et dolore magna aliqua. Ut enim ad minim veniam, quis nostrud exercitation ullam', TIMESTAMP '2019-01-06 08:31:08.909', 1, 'Proposal 43 that reached its quorum', 27, 12, NULL),
(187, TIMESTAMP '2018-12-31 08:31:08.924', TIMESTAMP '2019-01-01 08:31:08.924', 'GcsJIIzU Lorem ipsum dolor sit amet, consectetur adipiscing elit, sed do eiusmod tempor incididunt ut labore', TIMESTAMP '2019-01-06 08:31:08.923', 1, 'Proposal 44 that reached its quorum', 23, 3, NULL),
(188, TIMESTAMP '2018-12-28 08:31:08.935', TIMESTAMP '2018-12-29 08:31:08.935', 'DgGOWrLK Lorem ipsum dolor sit amet, consectetur adipiscing elit, sed do eiusmod tempor i', TIMESTAMP '2019-01-06 08:31:08.934', 1, 'Proposal 45 that reached its quorum', 26, 1, NULL),
(189, TIMESTAMP '2018-12-28 08:31:08.945', TIMESTAMP '2018-12-29 08:31:08.945', 'YHQwISPL Lorem ipsum dolor sit amet, consectetur adipiscing elit, sed d', TIMESTAMP '2019-01-06 08:31:08.943', 1, 'Proposal 46 that reached its quorum', 30, 5, NULL),
(190, TIMESTAMP '2019-01-02 08:31:08.953', TIMESTAMP '2019-01-03 08:31:08.953', '7UOE1Xtn Lorem ipsum dolor sit amet, consectetur adipiscing elit, sed do eiusmod tempor incididunt ut labore et dolore magna aliqua. Ut enim ad minim veniam, quis nostrud exercitation ullamco laboris nisi ut al', TIMESTAMP '2019-01-06 08:31:08.952', 1, 'Proposal 47 that reached its quorum', 26, 7, NULL),
(191, TIMESTAMP '2018-12-31 08:31:08.961', TIMESTAMP '2019-01-01 08:31:08.961', 'ewOTy3xw Lorem ipsum dolor sit amet, consectetur adipiscing elit, sed do eiusm', TIMESTAMP '2019-01-06 08:31:08.959', 1, 'Proposal 48 that reached its quorum', 23, 6, NULL),
(192, TIMESTAMP '2019-01-01 08:31:08.968', TIMESTAMP '2019-01-02 08:31:08.968', 'UinvY9dE Lorem ipsum dolor sit amet, consectetur adipiscing elit, sed do eiusmod tempor incididunt ut labore et dolore magna aliqua. Ut enim ad minim veniam, quis nostrud exercitation ullamco laboris nisi ut aliquip ex ea commodo consequat. Duis aute irure dolor in reprehenderit in voluptate velit esse cillum dolore eu fugiat nulla pariatur. Excepteur sint o', TIMESTAMP '2019-01-06 08:31:08.967', 1, 'Proposal 49 that reached its quorum', 30, 9, NULL),
(193, TIMESTAMP '2019-01-03 08:31:08.975', TIMESTAMP '2019-01-04 08:31:08.975', 'Lorem ipsum dolor sit amet, consectetur adipiscing elit, sed do eiusmod tempor incididunt ut labore et dolore magna aliqua. Ut enim ad minim veniam, quis nostrud exercitation ullamco laboris nisi ut aliquip ex ea commodo consequat. Duis aute irure dolor in reprehenderit in voluptate velit', TIMESTAMP '2019-01-06 08:31:08.974', 1, 'Proposal 0 for user testuser1@liquido.de', 23, 1, NULL),
(194, TIMESTAMP '2018-12-31 08:31:08.983', TIMESTAMP '2019-01-01 08:31:08.983', 'Lorem ipsum dolor sit amet, consectetur adipiscing elit, sed do eiusmod tempor incididunt ut labore et dolore magna aliqua. Ut enim ad minim veniam', TIMESTAMP '2019-01-06 08:31:08.982', 1, 'Proposal 1 for user testuser1@liquido.de', 30, 1, NULL),
(195, TIMESTAMP '2019-01-04 08:31:08.991', TIMESTAMP '2019-01-05 08:31:08.991', 'Lorem ipsum dolor sit amet, consectetur adipiscing elit, sed do eiusmod tempor incididunt ut labore et dolore magna aliqua. Ut enim ad minim veniam, quis nostrud exercitation ullamco laboris nisi ut aliquip ex ea commodo consequat', TIMESTAMP '2019-01-06 08:31:08.99', 1, 'Proposal 2 for user testuser1@liquido.de', 28, 1, NULL),
(196, TIMESTAMP '2019-01-05 08:31:08.999', TIMESTAMP '2019-01-06 08:31:08.999', 'Lorem ipsum dolor sit amet, consectetur adipiscing elit, sed do eiusmod tempor incididunt ut labore et dolore magna aliqua. Ut enim ad minim veniam, quis nostrud exercitation ullamco laboris nisi ut aliquip ex ea commodo consequat. Duis ', TIMESTAMP '2019-01-06 08:31:08.998', 1, 'Proposal 3 for user testuser1@liquido.de', 22, 1, NULL);
INSERT INTO PUBLIC.LAWS(ID, CREATED_AT, UPDATED_AT, DESCRIPTION, REACHED_QUORUM_AT, STATUS, TITLE, AREA_ID, CREATED_BY_ID, POLL_ID) VALUES
(197, TIMESTAMP '2019-01-02 08:31:09.007', TIMESTAMP '2019-01-03 08:31:09.007', 'Lorem ipsum dolor sit amet, consectetur adipiscing elit, sed do eiusmod tempor incididunt ut labore et dolore magna aliqua. Ut enim ad minim veniam, quis nostrud exercitation ullamco laboris nisi ut aliquip ex ea commodo consequat. Duis aute irure do', TIMESTAMP '2019-01-06 08:31:09.006', 1, 'Proposal 4 for user testuser1@liquido.de', 26, 1, NULL),
(207, TIMESTAMP '2018-12-27 08:31:17.03', TIMESTAMP '2019-01-06 08:31:17.051', 'Lorem ipsum dolor sit amet, consectetur adipiscing elit, sed do eiusmod tempor incididunt ut labore et dolore magna aliqua. Ut enim ad minim veniam, quis nostrud exercitation ullamco laboris nisi ut aliquip ex ea commodo consequat. Duis aute irure dolor in reprehenderit in voluptate velit esse cillum dolore eu fugiat nulla pariatur. Excepteur', TIMESTAMP '2019-01-06 08:31:17.029', 2, 'Initial Proposal in a poll that is in elaboration 1546759877023', 21, 13, 216),
(217, TIMESTAMP '2018-12-17 08:31:17.058', TIMESTAMP '2019-01-06 08:31:17.069', 'Lorem ipsum dolor sit amet, consectetur adipiscing elit, sed do eiusmod tempor incididunt ut labore et dolore magna aliqua. Ut enim ad minim veniam, quis nostrud exercitation ullamco laboris nisi ut aliquip ex ea commodo consequat. Duis aute irure dolor in repreh', TIMESTAMP '2019-01-06 08:31:17.057', 2, 'Alternative Proposal1 in a poll that is in elaboration1546759877052', 21, 15, 216),
(224, TIMESTAMP '2018-12-17 08:31:17.075', TIMESTAMP '2019-01-06 08:31:17.084', 'Lorem ipsum dolor sit amet, consectetur adipiscing elit, sed do eiusmod tempor incididunt ut labore et dolore ', TIMESTAMP '2019-01-06 08:31:17.074', 2, 'Alternative Proposal2 in a poll that is in elaboration1546759877069', 21, 7, 216),
(231, TIMESTAMP '2018-12-17 08:31:17.092', TIMESTAMP '2019-01-06 08:31:17.1', 'Lorem ipsum dolor sit amet, consectetur adipiscing elit, sed do eiusmod tempor incididunt ut labore et dolore magna aliqua. Ut enim ad minim veniam, quis nostrud exercitation ullamco laboris nisi ut aliquip ex ea commodo consequat. Duis aute irure dolor in reprehenderit in voluptate velit esse cillum dolore eu fugiat nulla p', TIMESTAMP '2019-01-06 08:31:17.091', 2, 'Alternative Proposal3 in a poll that is in elaboration1546759877085', 21, 3, 216),
(238, TIMESTAMP '2018-12-17 08:31:17.107', TIMESTAMP '2019-01-06 08:31:17.116', 'Lorem ipsum dolor sit amet, consectetur adipiscing elit, sed do eiusmod tempor incididunt ut labore et dolore magna aliqua. Ut enim ad minim veniam, quis nostrud exercitation ullamco laboris nisi ut aliquip ex ea commodo consequat. Duis aute irure dolor in reprehenderit in voluptate velit esse cillum dolore eu fugiat nulla pariatur. Excepteur sint occaecat cupidatat non proident', TIMESTAMP '2019-01-06 08:31:17.106', 2, 'Alternative Proposal4 in a poll that is in elaboration1546759877100', 21, 5, 216),
(245, TIMESTAMP '2018-12-27 08:31:17.123', TIMESTAMP '2019-01-06 08:31:17.265', 'Lorem ipsum dolor sit amet, consectetur adipiscing elit, sed do eiusmod tempor incididunt ut labore et dolore magna aliqua. Ut enim ad minim veniam, quis nostrud exercitation ullamco laboris nisi ut aliquip ex ea commodo', TIMESTAMP '2019-01-06 08:31:17.122', 3, 'Proposal 5 in voting phase 1546759877207', 21, 13, 252),
(253, TIMESTAMP '2018-12-17 08:31:17.143', TIMESTAMP '2019-01-06 08:31:17.265', 'Lorem ipsum dolor sit amet, consectetur adipiscing elit, sed do eiusmod tempor incididunt ut labore et dolore magna aliqua. Ut enim ad minim veniam, quis nostrud exercitation ullamco laboris nisi ut aliquip ex ea commodo consequat. Duis aute irure dolor in reprehe', TIMESTAMP '2019-01-06 08:31:17.142', 3, 'Proposal 4 in voting phase 1546759877207', 21, 15, 252),
(260, TIMESTAMP '2018-12-17 08:31:17.158', TIMESTAMP '2019-01-06 08:31:17.265', 'Lorem ipsum dolor sit amet, consectetur adipiscing elit, sed do eiusmod tempor incididunt ut labore et dolore magna aliqua. Ut enim ad minim veniam, quis nostrud exercitation ullamco laboris nisi ut aliquip ex ea commodo consequat. Duis aute irure dolor in reprehenderit in voluptate velit esse cillum dolore eu fugiat nulla ', TIMESTAMP '2019-01-06 08:31:17.157', 3, 'Proposal 3 in voting phase 1546759877207', 21, 7, 252);
INSERT INTO PUBLIC.LAWS(ID, CREATED_AT, UPDATED_AT, DESCRIPTION, REACHED_QUORUM_AT, STATUS, TITLE, AREA_ID, CREATED_BY_ID, POLL_ID) VALUES
(267, TIMESTAMP '2018-12-17 08:31:17.173', TIMESTAMP '2019-01-06 08:31:17.265', 'Lorem ipsum dolor sit amet, consectetur adipiscing elit, sed do eiusmod tempor incididunt ut labore et dolore magna aliqua. Ut enim ad minim veniam, quis nostrud exercitation ullamco laboris nisi ut aliquip ex ea commodo consequat. Duis aute i', TIMESTAMP '2019-01-06 08:31:17.172', 3, 'Proposal 2 in voting phase 1546759877207', 21, 3, 252),
(274, TIMESTAMP '2018-12-17 08:31:17.188', TIMESTAMP '2019-01-06 08:31:17.265', 'Lorem ipsum dolor sit amet, consectetur adipiscing elit, sed do eiusmod tempor incididunt ut labore et dolore magna aliqua. Ut enim ad minim veniam, quis nostrud exercitation ullamco labori', TIMESTAMP '2019-01-06 08:31:17.187', 3, 'Proposal 1 in voting phase 1546759877207', 21, 5, 252),
(281, TIMESTAMP '2018-12-27 08:31:17.352', TIMESTAMP '2019-01-06 08:31:17.478', 'Lorem ipsum dolor sit amet, consectetur adipiscing elit, sed do eiusmod tempor incididunt ut labore et dolore magna aliqua. Ut enim ad minim veniam, quis nostrud exercitation ullamco laboris nisi ut aliquip ex ea commodo consequat. Duis aute irure ', TIMESTAMP '2019-01-06 08:31:17.351', 3, 'Proposal 5 in voting phase 1546759877452', 21, 13, 288),
(289, TIMESTAMP '2018-12-17 08:31:17.374', TIMESTAMP '2019-01-06 08:31:17.481', 'Lorem ipsum dolor sit amet, consectetur adipiscing elit, sed do eiusmod tempor incididunt ut labore et dolore magna aliqua. Ut enim ad minim veni', TIMESTAMP '2019-01-06 08:31:17.373', 3, 'Proposal 4 in voting phase 1546759877452', 21, 15, 288),
(296, TIMESTAMP '2018-12-17 08:31:17.4', TIMESTAMP '2019-01-06 08:31:17.481', 'Lorem ipsum dolor sit amet, consectetur adipiscing elit, sed do eiusmod tempor incididunt ut labore et dolore magna aliqua. Ut enim ad minim veniam, quis nostrud exercitation ullamco laboris nisi ut aliquip ex ea commodo consequat. Duis aute irure dolor in reprehenderit in voluptate velit esse cillum dolore eu fugiat nulla pariatur. Excepteur sint occaecat cupidatat non proident, sunt in cul', TIMESTAMP '2019-01-06 08:31:17.398', 3, 'Proposal 3 in voting phase 1546759877452', 21, 7, 288),
(303, TIMESTAMP '2018-12-17 08:31:17.416', TIMESTAMP '2019-01-06 08:31:17.481', 'Lorem ipsum dolor sit amet, consectetur adipiscing elit, sed do eiusmod tempor incididunt ut labore et dolore magna aliqua. Ut enim ad minim veniam, quis nostrud exercitation ullamco laboris nisi ut aliquip ex ea com', TIMESTAMP '2019-01-06 08:31:17.415', 3, 'Proposal 2 in voting phase 1546759877452', 21, 3, 288),
(310, TIMESTAMP '2018-12-17 08:31:17.432', TIMESTAMP '2019-01-06 08:31:17.481', 'Lorem ipsum dolor sit amet, consectetur adipiscing elit, sed do eiusmod tempor incididunt ut labore et dolore magna aliqua. Ut enim ad minim veniam, quis nostrud exercitation ullamco', TIMESTAMP '2019-01-06 08:31:17.431', 3, 'Proposal 1 in voting phase 1546759877452', 21, 5, 288),
(333, TIMESTAMP '2018-12-27 08:31:24.477', TIMESTAMP '2019-01-06 08:31:31.801', 'Lorem ipsum dolor sit amet, consectetur adipiscing elit, sed do eiusmod tempor incididunt ut labore et dolore magna aliqua. Ut enim ad minim veniam, quis nostru', TIMESTAMP '2019-01-06 08:31:24.476', 4, 'Proposal 5 in voting phase 1546759884799', 21, 13, 340),
(341, TIMESTAMP '2018-12-17 08:31:24.502', TIMESTAMP '2019-01-06 08:31:31.801', 'Lorem ipsum dolor sit amet, consectetur adipiscing elit, sed do eiusmod tempor incididunt ut labore et dolore magna aliqua. Ut enim ad', TIMESTAMP '2019-01-06 08:31:24.5', 5, 'Proposal 4 in voting phase 1546759884799', 21, 15, 340),
(348, TIMESTAMP '2018-12-17 08:31:24.621', TIMESTAMP '2019-01-06 08:31:31.802', 'Lorem ipsum dolor sit amet, consectetur adipiscing elit, sed do eiusmod tempor incididunt ut labore et dolore magna aliqua. Ut enim ad minim veniam, quis nostrud exercitation ullamco laboris nisi ut aliquip ex ea commodo consequat. Duis aute irure dolor in reprehenderit in', TIMESTAMP '2019-01-06 08:31:24.619', 5, 'Proposal 3 in voting phase 1546759884799', 21, 7, 340);
INSERT INTO PUBLIC.LAWS(ID, CREATED_AT, UPDATED_AT, DESCRIPTION, REACHED_QUORUM_AT, STATUS, TITLE, AREA_ID, CREATED_BY_ID, POLL_ID) VALUES
(355, TIMESTAMP '2018-12-17 08:31:24.679', TIMESTAMP '2019-01-06 08:31:31.803', 'Lorem ipsum dolor sit amet, consectetur adipiscing elit, sed do eiusmod tempor incididunt ut labore et dolore magna aliqua. Ut enim ad minim veniam, quis nostrud exercitation ullamco laboris nisi ut aliquip ex ea c', TIMESTAMP '2019-01-06 08:31:24.678', 5, 'Proposal 2 in voting phase 1546759884799', 21, 3, 340),
(362, TIMESTAMP '2018-12-17 08:31:24.718', TIMESTAMP '2019-01-06 08:31:31.803', 'Lorem ipsum dolor sit amet, consectetur adipiscing elit, sed do eiusmod tempor incididunt ut labore et dolore magna aliqua. Ut enim ad minim veniam, quis nostrud exercitation ullamco laboris nis', TIMESTAMP '2019-01-06 08:31:24.717', 5, 'Proposal 1 in voting phase 1546759884799', 21, 5, 340),
(385, TIMESTAMP '2018-12-17 08:31:31.84', TIMESTAMP '2019-01-06 08:31:31.839', 'Lorem ipsum dolor sit amet, consectetur adipiscing elit, sed do eiusmod tempor incididunt ut labore et dolore magna aliqua. Ut enim ad minim veniam, quis nostrud exercitation ullamco laboris nisi ut aliquip ex ea commodo consequat. Duis aute irure dolor in reprehenderit in voluptate veli', TIMESTAMP '2018-12-13 08:31:31.836', 4, 'Law 0', 21, 1, NULL),
(386, TIMESTAMP '2018-12-16 08:31:31.856', TIMESTAMP '2019-01-06 08:31:31.856', 'Lorem ipsum dolor sit amet, consectetur adipiscing elit, sed do eiusmod tempor incididunt ut labore et dolore magna aliqua. Ut enim ad minim veniam, quis nostrud exercitation ullamco laboris', TIMESTAMP '2018-12-13 08:31:31.849', 4, 'Law 1', 21, 1, NULL);
CREATE MEMORY TABLE PUBLIC.LAWS_COMMENTS(
LAW_MODEL_ID BIGINT NOT NULL,
COMMENTS_ID BIGINT NOT NULL
);
ALTER TABLE PUBLIC.LAWS_COMMENTS ADD CONSTRAINT PUBLIC.CONSTRAINT_A0 PRIMARY KEY(LAW_MODEL_ID, COMMENTS_ID);
-- 20 +/- SELECT COUNT(*) FROM PUBLIC.LAWS_COMMENTS;
INSERT INTO PUBLIC.LAWS_COMMENTS(LAW_MODEL_ID, COMMENTS_ID) VALUES
(207, 208),
(217, 218),
(224, 225),
(231, 232),
(238, 239),
(245, 246),
(253, 254),
(260, 261),
(267, 268),
(274, 275),
(281, 282),
(289, 290),
(296, 297),
(303, 304),
(310, 311),
(333, 334),
(341, 342),
(348, 349),
(355, 356),
(362, 363);
CREATE MEMORY TABLE PUBLIC.LAWS_SUPPORTERS(
LAW_MODEL_ID BIGINT NOT NULL,
SUPPORTERS_ID BIGINT NOT NULL
);
ALTER TABLE PUBLIC.LAWS_SUPPORTERS ADD CONSTRAINT PUBLIC.CONSTRAINT_C PRIMARY KEY(LAW_MODEL_ID, SUPPORTERS_ID);
-- 1214 +/- SELECT COUNT(*) FROM PUBLIC.LAWS_SUPPORTERS;
INSERT INTO PUBLIC.LAWS_SUPPORTERS(LAW_MODEL_ID, SUPPORTERS_ID) VALUES
(31, 9),
(31, 20),
(31, 18),
(31, 15),
(31, 12),
(31, 6),
(31, 2),
(31, 11),
(33, 2),
(33, 13),
(33, 5),
(33, 18),
(34, 4),
(34, 15),
(34, 14),
(34, 20),
(34, 13),
(35, 5),
(35, 6),
(35, 2),
(35, 14),
(35, 1),
(37, 15),
(37, 9),
(37, 4),
(37, 20),
(37, 6),
(37, 5),
(38, 14),
(38, 12),
(39, 13),
(39, 15),
(39, 18),
(39, 4),
(39, 1),
(39, 3),
(39, 2),
(40, 11),
(40, 9),
(40, 15),
(40, 8),
(40, 19),
(41, 3),
(41, 4),
(41, 20),
(41, 16),
(41, 5),
(41, 17),
(41, 9),
(41, 15),
(42, 11),
(42, 3),
(42, 5),
(42, 9),
(42, 15),
(42, 17),
(43, 19),
(43, 1),
(44, 7),
(44, 9),
(44, 12),
(44, 10),
(44, 14),
(44, 20),
(45, 7),
(45, 17),
(45, 9),
(45, 8),
(45, 2),
(46, 17),
(46, 14),
(46, 7),
(46, 1),
(46, 18),
(46, 19),
(47, 16),
(47, 11),
(49, 17),
(49, 8),
(49, 7),
(49, 12),
(49, 9),
(50, 4),
(50, 2),
(50, 16),
(50, 20),
(51, 17),
(51, 4),
(51, 15),
(51, 8),
(52, 18),
(53, 20),
(53, 12),
(53, 18),
(54, 19),
(54, 6),
(54, 17),
(54, 8),
(54, 2),
(55, 19),
(56, 12),
(56, 3),
(56, 4),
(58, 7),
(58, 6),
(58, 8),
(58, 19),
(59, 14),
(59, 6),
(59, 20),
(60, 7),
(61, 7),
(61, 18),
(62, 2),
(62, 6),
(62, 8),
(62, 15),
(62, 17),
(62, 16),
(63, 7),
(63, 19),
(63, 12),
(64, 18),
(65, 9),
(65, 7),
(65, 11),
(65, 19),
(65, 2),
(66, 18),
(66, 1),
(66, 8),
(67, 16),
(67, 17),
(67, 7),
(67, 10),
(67, 11),
(67, 5),
(67, 18),
(68, 7),
(68, 2),
(68, 12),
(68, 18),
(68, 1),
(68, 13),
(68, 6),
(68, 4),
(69, 11),
(69, 4),
(69, 9),
(70, 12),
(70, 10),
(70, 13),
(70, 5),
(70, 6),
(70, 15),
(70, 20),
(70, 9),
(72, 17),
(72, 11),
(72, 13),
(72, 14),
(72, 19),
(72, 3),
(72, 6),
(72, 1),
(73, 7),
(73, 10),
(73, 15),
(73, 12),
(73, 4),
(73, 8),
(73, 1),
(74, 17),
(74, 10),
(74, 16),
(75, 14),
(75, 12),
(76, 13),
(76, 18),
(76, 20),
(76, 15),
(76, 17),
(76, 16),
(76, 6),
(76, 19),
(77, 14),
(77, 13),
(77, 3),
(77, 7),
(77, 5),
(78, 10),
(78, 9),
(78, 3),
(79, 12),
(79, 9),
(79, 18),
(79, 14),
(80, 19),
(80, 1),
(80, 14),
(80, 11),
(80, 18),
(80, 7),
(80, 8),
(80, 10),
(81, 3),
(81, 19),
(81, 6),
(81, 17),
(81, 13),
(81, 1),
(81, 2),
(81, 9),
(82, 7),
(82, 11),
(82, 19),
(82, 12),
(83, 1),
(83, 7),
(83, 14),
(84, 20),
(84, 17),
(84, 12),
(84, 5),
(84, 10),
(84, 9),
(85, 15),
(85, 2),
(85, 9),
(85, 14),
(85, 19),
(85, 8),
(86, 7),
(86, 18),
(86, 12),
(86, 14),
(86, 5),
(86, 20),
(89, 3),
(89, 16),
(89, 2),
(89, 7),
(89, 19),
(89, 10),
(89, 20),
(91, 18),
(92, 16),
(92, 20),
(92, 5),
(92, 1),
(92, 4),
(93, 6),
(93, 7),
(93, 3),
(93, 5),
(94, 19),
(94, 4),
(94, 8),
(94, 17),
(94, 12),
(94, 6),
(94, 11),
(94, 5),
(95, 1),
(95, 10),
(95, 13),
(95, 15),
(96, 2),
(96, 13),
(96, 3),
(96, 12),
(97, 18),
(98, 15),
(98, 20),
(99, 4),
(99, 11),
(99, 10),
(99, 15),
(99, 14),
(99, 18),
(99, 2),
(99, 12),
(100, 17),
(100, 5),
(101, 9),
(101, 7),
(102, 6),
(102, 7),
(102, 8),
(103, 20),
(103, 8),
(103, 16),
(103, 19),
(104, 10),
(104, 9),
(104, 4),
(104, 1),
(104, 18),
(104, 2),
(105, 7),
(106, 8),
(106, 6),
(106, 20),
(106, 15),
(106, 13),
(106, 1),
(106, 9),
(106, 18),
(107, 19),
(107, 14),
(107, 11),
(107, 18),
(107, 1),
(107, 7),
(107, 13),
(108, 5),
(108, 20),
(108, 6),
(109, 12),
(109, 11),
(109, 4),
(109, 15),
(110, 11),
(110, 13),
(110, 20),
(110, 6),
(110, 4),
(110, 1),
(110, 14),
(111, 9),
(111, 10),
(111, 14),
(111, 20),
(111, 8),
(111, 6),
(114, 20),
(114, 10),
(114, 11),
(114, 16),
(114, 14),
(114, 7),
(116, 8),
(116, 17),
(116, 19),
(119, 8),
(119, 5),
(119, 9),
(119, 12),
(119, 14),
(119, 10),
(119, 13),
(119, 17),
(121, 13),
(121, 6),
(121, 15),
(122, 8),
(122, 1),
(122, 11),
(122, 17),
(122, 9),
(122, 13),
(122, 2),
(122, 4),
(123, 2),
(123, 7),
(124, 18),
(124, 6),
(125, 7),
(125, 1),
(125, 5),
(126, 18),
(126, 20),
(127, 17),
(127, 16),
(127, 9),
(127, 13),
(128, 17),
(129, 13),
(129, 17),
(129, 14),
(129, 16),
(130, 12),
(130, 15),
(131, 10),
(131, 20),
(131, 14),
(131, 19),
(132, 1),
(132, 5),
(132, 4),
(132, 7),
(132, 14),
(133, 10),
(133, 17),
(133, 6),
(133, 5),
(133, 1),
(134, 16),
(135, 7),
(135, 13),
(135, 8),
(135, 11),
(136, 6),
(136, 13),
(136, 4),
(136, 17),
(136, 15),
(137, 19),
(138, 19);
INSERT INTO PUBLIC.LAWS_SUPPORTERS(LAW_MODEL_ID, SUPPORTERS_ID) VALUES
(138, 3),
(138, 16),
(139, 7),
(139, 3),
(140, 10),
(140, 11),
(140, 5),
(140, 12),
(140, 2),
(140, 15),
(140, 3),
(141, 11),
(141, 20),
(141, 1),
(141, 10),
(141, 15),
(141, 14),
(141, 18),
(141, 17),
(142, 6),
(142, 10),
(142, 13),
(143, 2),
(143, 7),
(143, 17),
(143, 11),
(143, 6),
(143, 1),
(143, 4),
(143, 13),
(143, 14),
(143, 20),
(144, 7),
(144, 14),
(144, 9),
(144, 4),
(144, 3),
(144, 19),
(144, 20),
(144, 1),
(144, 2),
(144, 17),
(145, 16),
(145, 7),
(145, 11),
(145, 3),
(145, 13),
(145, 4),
(145, 14),
(145, 19),
(145, 6),
(145, 18),
(146, 19),
(146, 9),
(146, 20),
(146, 16),
(146, 11),
(146, 3),
(146, 10),
(146, 13),
(146, 14),
(146, 7),
(147, 16),
(147, 7),
(147, 11),
(147, 17),
(147, 20),
(147, 5),
(147, 9),
(147, 1),
(147, 6),
(147, 4),
(148, 20),
(148, 14),
(148, 10),
(148, 13),
(148, 17),
(148, 12),
(148, 16),
(148, 5),
(148, 4),
(148, 9),
(149, 15),
(149, 9),
(149, 3),
(149, 19),
(149, 4),
(149, 10),
(149, 14),
(149, 6),
(149, 13),
(149, 18),
(150, 15),
(150, 18),
(150, 4),
(150, 17),
(150, 8),
(150, 6),
(150, 7),
(150, 2),
(150, 20),
(150, 16),
(151, 1),
(151, 4),
(151, 3),
(151, 6),
(151, 19),
(151, 15),
(151, 11),
(151, 16),
(151, 9),
(151, 14),
(152, 1),
(152, 6),
(152, 10),
(152, 15),
(152, 17),
(152, 11),
(152, 8),
(152, 16),
(152, 20),
(152, 13),
(153, 18),
(153, 6),
(153, 3),
(153, 10),
(153, 5),
(153, 15),
(153, 19),
(153, 16),
(153, 14),
(153, 11),
(154, 2),
(154, 15),
(154, 7),
(154, 4),
(154, 1),
(154, 8),
(154, 20),
(154, 13),
(154, 16),
(154, 9),
(155, 4),
(155, 7),
(155, 9),
(155, 5),
(155, 1),
(155, 3),
(155, 2),
(155, 14),
(155, 16),
(155, 19),
(156, 15),
(156, 5),
(156, 2),
(156, 7),
(156, 18),
(156, 13),
(156, 14),
(156, 12),
(156, 11),
(156, 6),
(157, 20),
(157, 5),
(157, 4),
(157, 14),
(157, 1),
(157, 3),
(157, 15),
(157, 17),
(157, 19),
(157, 16),
(158, 10),
(158, 8),
(158, 11),
(158, 16),
(158, 17),
(158, 1),
(158, 2),
(158, 7),
(158, 12),
(158, 9),
(159, 1),
(159, 15),
(159, 19),
(159, 11),
(159, 7),
(159, 6),
(159, 20),
(159, 14),
(159, 18),
(159, 16),
(160, 9),
(160, 11),
(160, 8),
(160, 6),
(160, 15),
(160, 14),
(160, 16),
(160, 2),
(160, 20),
(160, 18),
(161, 12),
(161, 16),
(161, 2),
(161, 4),
(161, 8),
(161, 17),
(161, 18),
(161, 15),
(161, 7),
(161, 19),
(162, 2),
(162, 4),
(162, 5),
(162, 7),
(162, 20),
(162, 11),
(162, 9),
(162, 10),
(162, 14),
(162, 19),
(163, 14),
(163, 20),
(163, 11),
(163, 4),
(163, 5),
(163, 17),
(163, 15),
(163, 19),
(163, 12),
(163, 8),
(164, 12),
(164, 4),
(164, 16),
(164, 9),
(164, 6),
(164, 7),
(164, 13),
(164, 14),
(164, 11),
(164, 19),
(165, 9),
(165, 2),
(165, 17),
(165, 5),
(165, 6),
(165, 15),
(165, 8),
(165, 14),
(165, 1),
(165, 3),
(166, 7),
(166, 19),
(166, 15),
(166, 14),
(166, 5),
(166, 16),
(166, 8),
(166, 12),
(166, 20),
(166, 3),
(167, 17),
(167, 2),
(167, 14),
(167, 20),
(167, 9),
(167, 6),
(167, 11),
(167, 16),
(167, 5),
(167, 15),
(168, 15),
(168, 11),
(168, 20),
(168, 17),
(168, 8),
(168, 4),
(168, 13),
(168, 16),
(168, 1),
(168, 6),
(169, 6),
(169, 18),
(169, 16),
(169, 5),
(169, 10),
(169, 3),
(169, 14),
(169, 19),
(169, 8),
(169, 12),
(170, 19),
(170, 15),
(170, 10),
(170, 18),
(170, 9),
(170, 11),
(170, 12),
(170, 3),
(170, 2),
(170, 20),
(171, 17),
(171, 5),
(171, 3),
(171, 16),
(171, 20),
(171, 4),
(171, 7),
(171, 2),
(171, 6),
(171, 18),
(172, 1),
(172, 9),
(172, 8),
(172, 10),
(172, 2),
(172, 15),
(172, 4),
(172, 16),
(172, 7),
(172, 20),
(173, 5),
(173, 4),
(173, 19),
(173, 7),
(173, 16),
(173, 10),
(173, 11),
(173, 1),
(173, 14),
(173, 2),
(174, 5),
(174, 16),
(174, 19),
(174, 9),
(174, 10),
(174, 12),
(174, 6),
(174, 8),
(174, 20),
(174, 14),
(175, 17),
(175, 13),
(175, 15),
(175, 14),
(175, 16),
(175, 4),
(175, 10),
(175, 20),
(175, 11),
(175, 3),
(176, 4),
(176, 6),
(176, 18),
(176, 11),
(176, 5),
(176, 12),
(176, 16),
(176, 9),
(176, 15),
(176, 1),
(177, 15),
(177, 11),
(177, 17),
(177, 1),
(177, 12),
(177, 5),
(177, 18),
(177, 13),
(177, 14),
(177, 16),
(178, 11),
(178, 15),
(178, 4),
(178, 10),
(178, 14),
(178, 17),
(178, 1),
(178, 7),
(178, 6),
(178, 13);
INSERT INTO PUBLIC.LAWS_SUPPORTERS(LAW_MODEL_ID, SUPPORTERS_ID) VALUES
(179, 5),
(179, 11),
(179, 14),
(179, 17),
(179, 18),
(179, 20),
(179, 8),
(179, 9),
(179, 6),
(179, 10),
(180, 5),
(180, 17),
(180, 11),
(180, 16),
(180, 6),
(180, 13),
(180, 7),
(180, 15),
(180, 19),
(180, 4),
(181, 6),
(181, 10),
(181, 2),
(181, 18),
(181, 14),
(181, 11),
(181, 8),
(181, 1),
(181, 17),
(181, 15),
(182, 19),
(182, 9),
(182, 18),
(182, 17),
(182, 2),
(182, 8),
(182, 16),
(182, 13),
(182, 7),
(182, 10),
(183, 15),
(183, 4),
(183, 9),
(183, 2),
(183, 12),
(183, 8),
(183, 6),
(183, 18),
(183, 1),
(183, 14),
(184, 13),
(184, 1),
(184, 5),
(184, 7),
(184, 18),
(184, 8),
(184, 19),
(184, 12),
(184, 14),
(184, 17),
(185, 9),
(185, 12),
(185, 4),
(185, 7),
(185, 11),
(185, 6),
(185, 18),
(185, 5),
(185, 8),
(185, 16),
(186, 6),
(186, 20),
(186, 11),
(186, 3),
(186, 1),
(186, 16),
(186, 18),
(186, 2),
(186, 9),
(186, 8),
(187, 15),
(187, 18),
(187, 7),
(187, 2),
(187, 20),
(187, 13),
(187, 5),
(187, 6),
(187, 11),
(187, 8),
(188, 13),
(188, 6),
(188, 15),
(188, 2),
(188, 17),
(188, 14),
(188, 16),
(188, 19),
(188, 20),
(188, 18),
(189, 19),
(189, 10),
(189, 14),
(189, 13),
(189, 16),
(189, 9),
(189, 20),
(189, 6),
(189, 12),
(189, 11),
(190, 5),
(190, 19),
(190, 10),
(190, 20),
(190, 18),
(190, 4),
(190, 16),
(190, 17),
(190, 1),
(190, 15),
(191, 3),
(191, 18),
(191, 19),
(191, 16),
(191, 14),
(191, 9),
(191, 8),
(191, 12),
(191, 13),
(191, 5),
(192, 6),
(192, 12),
(192, 2),
(192, 4),
(192, 11),
(192, 15),
(192, 3),
(192, 7),
(192, 1),
(192, 20),
(193, 12),
(193, 8),
(193, 16),
(193, 7),
(193, 13),
(193, 11),
(193, 9),
(193, 15),
(193, 6),
(193, 3),
(194, 9),
(194, 19),
(194, 6),
(194, 10),
(194, 2),
(194, 7),
(194, 14),
(194, 5),
(194, 4),
(194, 15),
(195, 18),
(195, 20),
(195, 4),
(195, 19),
(195, 10),
(195, 7),
(195, 16),
(195, 14),
(195, 15),
(195, 17),
(196, 3),
(196, 8),
(196, 12),
(196, 9),
(196, 15),
(196, 14),
(196, 16),
(196, 5),
(196, 4),
(196, 11),
(197, 2),
(197, 8),
(197, 9),
(197, 6),
(197, 4),
(197, 19),
(197, 7),
(197, 10),
(197, 11),
(197, 20),
(207, 7),
(207, 14),
(207, 12),
(207, 20),
(207, 8),
(207, 15),
(207, 16),
(207, 18),
(207, 1),
(207, 11),
(217, 19),
(217, 12),
(217, 13),
(217, 14),
(217, 10),
(217, 17),
(217, 6),
(217, 4),
(217, 9),
(217, 2),
(224, 19),
(224, 12),
(224, 6),
(224, 8),
(224, 15),
(224, 4),
(224, 16),
(224, 3),
(224, 20),
(224, 18),
(231, 9),
(231, 2),
(231, 12),
(231, 18),
(231, 19),
(231, 15),
(231, 8),
(231, 11),
(231, 4),
(231, 13),
(238, 2),
(238, 1),
(238, 4),
(238, 8),
(238, 13),
(238, 20),
(238, 17),
(238, 15),
(238, 12),
(238, 11),
(245, 9),
(245, 8),
(245, 12),
(245, 20),
(245, 11),
(245, 7),
(245, 14),
(245, 3),
(245, 4),
(245, 16),
(253, 9),
(253, 11),
(253, 6),
(253, 17),
(253, 4),
(253, 19),
(253, 1),
(253, 5),
(253, 7),
(253, 12),
(260, 4),
(260, 5),
(260, 18),
(260, 19),
(260, 12),
(260, 2),
(260, 20),
(260, 10),
(260, 6),
(260, 9),
(267, 9),
(267, 15),
(267, 10),
(267, 6),
(267, 16),
(267, 11),
(267, 4),
(267, 18),
(267, 7),
(267, 17),
(274, 12),
(274, 7),
(274, 3),
(274, 4),
(274, 10),
(274, 8),
(274, 6),
(274, 16),
(274, 13),
(274, 19),
(281, 9),
(281, 19),
(281, 8),
(281, 16),
(281, 11),
(281, 10),
(281, 6),
(281, 1),
(281, 18),
(281, 14),
(289, 6),
(289, 12),
(289, 9),
(289, 13),
(289, 4),
(289, 8),
(289, 16),
(289, 19),
(289, 18),
(289, 7),
(296, 13),
(296, 1),
(296, 5),
(296, 6),
(296, 3),
(296, 14),
(296, 8),
(296, 4),
(296, 15),
(296, 12),
(303, 15),
(303, 13),
(303, 7),
(303, 14),
(303, 11),
(303, 12),
(303, 9),
(303, 2),
(303, 5),
(303, 10),
(310, 4),
(310, 19),
(310, 11),
(310, 16),
(310, 17),
(310, 6),
(310, 20),
(310, 7),
(310, 13),
(310, 1),
(333, 2),
(333, 8),
(333, 17),
(333, 20),
(333, 3),
(333, 14),
(333, 19),
(333, 16),
(333, 18),
(333, 11),
(341, 4),
(341, 10),
(341, 11),
(341, 3),
(341, 6),
(341, 12),
(341, 2),
(341, 9),
(341, 19),
(341, 14),
(348, 11),
(348, 20),
(348, 14),
(348, 13),
(348, 19),
(348, 12),
(348, 2),
(348, 3),
(348, 4),
(348, 17),
(355, 13),
(355, 1),
(355, 16),
(355, 14),
(355, 15),
(355, 5),
(355, 11),
(355, 17),
(355, 9),
(355, 10),
(362, 6),
(362, 18);
INSERT INTO PUBLIC.LAWS_SUPPORTERS(LAW_MODEL_ID, SUPPORTERS_ID) VALUES
(362, 10),
(362, 19),
(362, 4),
(362, 16),
(362, 7),
(362, 9),
(362, 13),
(362, 15),
(385, 10),
(385, 4),
(385, 16),
(385, 5),
(385, 8),
(385, 17),
(385, 12),
(385, 14),
(385, 20),
(385, 13),
(385, 11),
(385, 6),
(385, 9),
(385, 2),
(385, 19),
(385, 15),
(386, 10),
(386, 17),
(386, 19),
(386, 20),
(386, 9),
(386, 16),
(386, 8),
(386, 14),
(386, 4),
(386, 7),
(386, 18),
(386, 15),
(386, 11),
(386, 5),
(386, 3),
(386, 13),
(386, 2);
CREATE MEMORY TABLE PUBLIC.ONE_TIME_TOKEN(
ID BIGINT NOT NULL,
CREATED_AT TIMESTAMP NOT NULL,
UPDATED_AT TIMESTAMP NOT NULL,
TOKEN VARCHAR(255) NOT NULL,
TOKEN_TYPE INTEGER NOT NULL,
VALID_UNTIL TIMESTAMP NOT NULL,
USER_ID BIGINT NOT NULL
);
ALTER TABLE PUBLIC.ONE_TIME_TOKEN ADD CONSTRAINT PUBLIC.CONSTRAINT_4 PRIMARY KEY(ID);
-- 0 +/- SELECT COUNT(*) FROM PUBLIC.ONE_TIME_TOKEN;
CREATE MEMORY TABLE PUBLIC.POLLS(
ID BIGINT NOT NULL,
CREATED_AT TIMESTAMP NOT NULL,
UPDATED_AT TIMESTAMP NOT NULL,
STATUS INTEGER,
VOTING_END_AT TIMESTAMP,
VOTING_START_AT TIMESTAMP,
WINNER_ID BIGINT
);
ALTER TABLE PUBLIC.POLLS ADD CONSTRAINT PUBLIC.CONSTRAINT_48 PRIMARY KEY(ID);
-- 4 +/- SELECT COUNT(*) FROM PUBLIC.POLLS;
INSERT INTO PUBLIC.POLLS(ID, CREATED_AT, UPDATED_AT, STATUS, VOTING_END_AT, VOTING_START_AT, WINNER_ID) VALUES
(216, TIMESTAMP '2018-12-30 08:31:17.116', TIMESTAMP '2018-12-30 08:31:17.116', 0, TIMESTAMP '2019-02-03 00:00:00', TIMESTAMP '2019-01-20 00:00:00', NULL),
(252, TIMESTAMP '2018-12-22 08:31:17.211', TIMESTAMP '2019-01-06 08:31:17.265', 1, TIMESTAMP '2019-01-19 00:00:00', TIMESTAMP '2019-01-05 08:31:17.26', NULL),
(288, TIMESTAMP '2018-12-22 08:31:17.457', TIMESTAMP '2019-01-06 08:31:17.48', 1, TIMESTAMP '2019-01-19 00:00:00', TIMESTAMP '2019-01-05 08:31:17.463', NULL),
(340, TIMESTAMP '2019-01-23 01:34:12.16', TIMESTAMP '2019-01-06 08:31:31.8', 2, TIMESTAMP '2019-01-06 08:31:31.752', TIMESTAMP '2018-12-18 08:31:24.841', 333);
CREATE MEMORY TABLE PUBLIC.USERS(
ID BIGINT NOT NULL,
CREATED_AT TIMESTAMP NOT NULL,
UPDATED_AT TIMESTAMP NOT NULL,
EMAIL VARCHAR(255) NOT NULL,
MOBILEPHONE VARCHAR(255),
NAME VARCHAR(255),
PICTURE VARCHAR(255),
WEBSITE VARCHAR(255)
);
ALTER TABLE PUBLIC.USERS ADD CONSTRAINT PUBLIC.CONSTRAINT_4D PRIMARY KEY(ID);
-- 20 +/- SELECT COUNT(*) FROM PUBLIC.USERS;
INSERT INTO PUBLIC.USERS(ID, CREATED_AT, UPDATED_AT, EMAIL, MOBILEPHONE, NAME, PICTURE, WEBSITE) VALUES
(1, TIMESTAMP '2019-01-06 08:31:06.33', TIMESTAMP '2019-01-06 08:31:06.33', 'testuser1@liquido.de', '+49123451', 'Test User1', '/static/img/photos/1.png', 'http://www.liquido.de'),
(2, TIMESTAMP '2019-01-06 08:31:06.334', TIMESTAMP '2019-01-06 08:31:06.334', 'testuser2@liquido.de', '+49123452', 'Test User2', '/static/img/photos/2.png', 'http://www.liquido.de'),
(3, TIMESTAMP '2019-01-06 08:31:06.336', TIMESTAMP '2019-01-06 08:31:06.336', 'testuser3@liquido.de', '+49123453', 'Test User3', '/static/img/photos/3.png', 'http://www.liquido.de'),
(4, TIMESTAMP '2019-01-06 08:31:06.338', TIMESTAMP '2019-01-06 08:31:06.338', 'testuser4@liquido.de', '+49123454', 'Test User4', '/static/img/photos/1.png', 'http://www.liquido.de'),
(5, TIMESTAMP '2019-01-06 08:31:06.34', TIMESTAMP '2019-01-06 08:31:06.34', 'testuser5@liquido.de', '+49123455', 'Test User5', '/static/img/photos/2.png', 'http://www.liquido.de'),
(6, TIMESTAMP '2019-01-06 08:31:06.342', TIMESTAMP '2019-01-06 08:31:06.342', 'testuser6@liquido.de', '+49123456', 'Test User6', '/static/img/photos/3.png', 'http://www.liquido.de'),
(7, TIMESTAMP '2019-01-06 08:31:06.353', TIMESTAMP '2019-01-06 08:31:06.353', 'testuser7@liquido.de', '+49123457', 'Test User7', '/static/img/photos/1.png', 'http://www.liquido.de'),
(8, TIMESTAMP '2019-01-06 08:31:06.354', TIMESTAMP '2019-01-06 08:31:06.354', 'testuser8@liquido.de', '+49123458', 'Test User8', '/static/img/photos/2.png', 'http://www.liquido.de'),
(9, TIMESTAMP '2019-01-06 08:31:06.356', TIMESTAMP '2019-01-06 08:31:06.356', 'testuser9@liquido.de', '+49123459', 'Test User9', '/static/img/photos/3.png', 'http://www.liquido.de'),
(10, TIMESTAMP '2019-01-06 08:31:06.357', TIMESTAMP '2019-01-06 08:31:06.357', 'testuser10@liquido.de', '+491234510', 'Test User10', '/static/img/photos/1.png', 'http://www.liquido.de'),
(11, TIMESTAMP '2019-01-06 08:31:06.361', TIMESTAMP '2019-01-06 08:31:06.361', 'testuser11@liquido.de', '+491234511', 'Test User11', '/static/img/photos/2.png', 'http://www.liquido.de'),
(12, TIMESTAMP '2019-01-06 08:31:06.362', TIMESTAMP '2019-01-06 08:31:06.362', 'testuser12@liquido.de', '+491234512', 'Test User12', '/static/img/photos/3.png', 'http://www.liquido.de'),
(13, TIMESTAMP '2019-01-06 08:31:06.364', TIMESTAMP '2019-01-06 08:31:06.364', 'testuser13@liquido.de', '+491234513', 'Test User13', '/static/img/photos/1.png', 'http://www.liquido.de'),
(14, TIMESTAMP '2019-01-06 08:31:06.369', TIMESTAMP '2019-01-06 08:31:06.369', 'testuser14@liquido.de', '+491234514', 'Test User14', '/static/img/photos/2.png', 'http://www.liquido.de'),
(15, TIMESTAMP '2019-01-06 08:31:06.372', TIMESTAMP '2019-01-06 08:31:06.372', 'testuser15@liquido.de', '+491234515', 'Test User15', '/static/img/photos/3.png', 'http://www.liquido.de'),
(16, TIMESTAMP '2019-01-06 08:31:06.375', TIMESTAMP '2019-01-06 08:31:06.375', 'testuser16@liquido.de', '+491234516', 'Test User16', '/static/img/photos/1.png', 'http://www.liquido.de'),
(17, TIMESTAMP '2019-01-06 08:31:06.377', TIMESTAMP '2019-01-06 08:31:06.377', 'testuser17@liquido.de', '+491234517', 'Test User17', '/static/img/photos/2.png', 'http://www.liquido.de'),
(18, TIMESTAMP '2019-01-06 08:31:06.378', TIMESTAMP '2019-01-06 08:31:06.378', 'testuser18@liquido.de', '+491234518', 'Test User18', '/static/img/photos/3.png', 'http://www.liquido.de'),
(19, TIMESTAMP '2019-01-06 08:31:06.38', TIMESTAMP '2019-01-06 08:31:06.38', 'testuser19@liquido.de', '+491234519', 'Test User19', '/static/img/photos/1.png', 'http://www.liquido.de'),
(20, TIMESTAMP '2019-01-06 08:31:06.381', TIMESTAMP '2019-01-06 08:31:06.381', 'testuser20@liquido.de', '+491234520', 'Test User20', '/static/img/photos/2.png', 'http://www.liquido.de');
-- 0 +/- SELECT COUNT(*) FROM PUBLIC.QRTZ_CALENDARS;
-- 0 +/- SELECT COUNT(*) FROM PUBLIC.QRTZ_CRON_TRIGGERS;
-- 0 +/- SELECT COUNT(*) FROM PUBLIC.QRTZ_FIRED_TRIGGERS;
-- 0 +/- SELECT COUNT(*) FROM PUBLIC.QRTZ_PAUSED_TRIGGER_GRPS;
-- 0 +/- SELECT COUNT(*) FROM PUBLIC.QRTZ_SCHEDULER_STATE;
-- 1 +/- SELECT COUNT(*) FROM PUBLIC.QRTZ_LOCKS;
-- 3 +/- SELECT COUNT(*) FROM PUBLIC.QRTZ_JOB_DETAILS;
-- 3 +/- SELECT COUNT(*) FROM PUBLIC.QRTZ_SIMPLE_TRIGGERS;
-- 0 +/- SELECT COUNT(*) FROM PUBLIC.QRTZ_SIMPROP_TRIGGERS;
-- 0 +/- SELECT COUNT(*) FROM PUBLIC.QRTZ_BLOB_TRIGGERS;
-- 3 +/- SELECT COUNT(*) FROM PUBLIC.QRTZ_TRIGGERS;
ALTER TABLE PUBLIC.AREAS ADD CONSTRAINT PUBLIC.UK_P61HNJ1M450KNDUSCXOLDCHFJ UNIQUE(TITLE);
ALTER TABLE PUBLIC.USERS ADD CONSTRAINT PUBLIC.UK_6DOTKOTT2KJSP8VW4D0M25FB7 UNIQUE(EMAIL);
ALTER TABLE PUBLIC.LAWS ADD CONSTRAINT PUBLIC.UK_BS516OPV3HONTPTWVPIOOS72B UNIQUE(TITLE);
ALTER TABLE PUBLIC.DELEGATIONS ADD CONSTRAINT PUBLIC.UK2WYH7POIF8NPDWLUR8DFORD0J UNIQUE(AREA_ID, FROM_USER_ID);
ALTER TABLE PUBLIC.LAWS_COMMENTS ADD CONSTRAINT PUBLIC.UK_OF3YV6X3MAHJPHJBJE5XHRXC8 UNIQUE(COMMENTS_ID);
ALTER TABLE PUBLIC.BALLOTS ADD CONSTRAINT PUBLIC.UKHWWEPK8N3CE54LEREWX2FMYXF UNIQUE(POLL_ID, CHECKSUM);
ALTER TABLE PUBLIC.USERS ADD CONSTRAINT PUBLIC.UK_70QE9WOFM8UJ2PEANWKPHERRM UNIQUE(MOBILEPHONE);
ALTER TABLE PUBLIC.CHECKSUMS ADD CONSTRAINT PUBLIC.UKL0XNKLNHLK4PTWSU9B0QXTYBN UNIQUE(AREA_ID, PUBLIC_PROXY_ID);
ALTER TABLE PUBLIC.KEY_VALUE ADD CONSTRAINT PUBLIC.UK_GVYP924RQ0A5Y8U3EMJS35G2Q UNIQUE(KEY);
ALTER TABLE PUBLIC.AREAS ADD CONSTRAINT PUBLIC.FKP9N0U4HM2Q1O7V0068C8GD4EL FOREIGN KEY(CREATED_BY_ID) REFERENCES PUBLIC.USERS(ID) NOCHECK;
ALTER TABLE PUBLIC.DELEGATIONS ADD CONSTRAINT PUBLIC.FK1Y1R0D478R9NTDMUIYKKUHADV FOREIGN KEY(REQUESTED_DELEGATION_FROM_CHECKSUM_CHECKSUM) REFERENCES PUBLIC.CHECKSUMS(CHECKSUM) NOCHECK;
ALTER TABLE PUBLIC.DELEGATIONS ADD CONSTRAINT PUBLIC.FKSWBDEOVC7HSQ5EX30PBMDU9D4 FOREIGN KEY(AREA_ID) REFERENCES PUBLIC.AREAS(ID) NOCHECK;
ALTER TABLE PUBLIC.LAWS ADD CONSTRAINT PUBLIC.FK4QUHD81MM84X6RQ0CCBXSEYXX FOREIGN KEY(POLL_ID) REFERENCES PUBLIC.POLLS(ID) NOCHECK;
ALTER TABLE PUBLIC.LAWS_SUPPORTERS ADD CONSTRAINT PUBLIC.FK9B4I87YIKUCHRIRFJAYMGOHE3 FOREIGN KEY(LAW_MODEL_ID) REFERENCES PUBLIC.LAWS(ID) NOCHECK;
ALTER TABLE PUBLIC.BALLOTS ADD CONSTRAINT PUBLIC.FKOG7SHPLJ1CCOH8N9AO4Y16LQ3 FOREIGN KEY(POLL_ID) REFERENCES PUBLIC.POLLS(ID) NOCHECK;
ALTER TABLE PUBLIC.COMMENTS_DOWN_VOTERS ADD CONSTRAINT PUBLIC.FK62ILAC17TG4CPKRHEONUD72HV FOREIGN KEY(DOWN_VOTERS_ID) REFERENCES PUBLIC.USERS(ID) NOCHECK;
ALTER TABLE PUBLIC.CHECKSUMS ADD CONSTRAINT PUBLIC.FKDFLPSE9FSOGY1FMFDY2W79RG FOREIGN KEY(DELEGATED_TO_CHECKSUM) REFERENCES PUBLIC.CHECKSUMS(CHECKSUM) NOCHECK;
ALTER TABLE PUBLIC.BALLOTS_VOTE_ORDER ADD CONSTRAINT PUBLIC.FKIH6THEWVJEH3OW9DL1YTJ9AWB FOREIGN KEY(BALLOT_MODEL_ID) REFERENCES PUBLIC.BALLOTS(ID) NOCHECK;
ALTER TABLE PUBLIC.CHECKSUMS ADD CONSTRAINT PUBLIC.FK68FTLVL0MWTVOQD3BFUPP0XRG FOREIGN KEY(PUBLIC_PROXY_ID) REFERENCES PUBLIC.USERS(ID) NOCHECK;
ALTER TABLE PUBLIC.LAWS ADD CONSTRAINT PUBLIC.FKTR1PLL46Q50SHWBFFYIYUAVGN FOREIGN KEY(CREATED_BY_ID) REFERENCES PUBLIC.USERS(ID) NOCHECK;
ALTER TABLE PUBLIC.ONE_TIME_TOKEN ADD CONSTRAINT PUBLIC.FK4O21XT1RMRICB3EA4TO5NKR8D FOREIGN KEY(USER_ID) REFERENCES PUBLIC.USERS(ID) NOCHECK;
ALTER TABLE PUBLIC.BALLOTS_VOTE_ORDER ADD CONSTRAINT PUBLIC.FKOWD5MAD84QVWGST43698A6GX5 FOREIGN KEY(VOTE_ORDER_ID) REFERENCES PUBLIC.LAWS(ID) NOCHECK;
ALTER TABLE PUBLIC.COMMENTS ADD CONSTRAINT PUBLIC.FKAKKM6QFYDU7VGNFNE1YO0XMED FOREIGN KEY(CREATED_BY_ID) REFERENCES PUBLIC.USERS(ID) NOCHECK;
ALTER TABLE PUBLIC.DELEGATIONS ADD CONSTRAINT PUBLIC.FK21A6LG8FU2JS6E0JU41WJ2GQP FOREIGN KEY(TO_PROXY_ID) REFERENCES PUBLIC.USERS(ID) NOCHECK;
ALTER TABLE PUBLIC.LAWS_COMMENTS ADD CONSTRAINT PUBLIC.FK36FBKIUITRV0YRVY8S0IG46IX FOREIGN KEY(LAW_MODEL_ID) REFERENCES PUBLIC.LAWS(ID) NOCHECK;
ALTER TABLE PUBLIC.POLLS ADD CONSTRAINT PUBLIC.FKQADOVSMQ4UOK58SP9HKHWJQIS FOREIGN KEY(WINNER_ID) REFERENCES PUBLIC.LAWS(ID) NOCHECK;
ALTER TABLE PUBLIC.DELEGATIONS ADD CONSTRAINT PUBLIC.FK9KOYA2MI6T18VF7U1FROBKNIQ FOREIGN KEY(FROM_USER_ID) REFERENCES PUBLIC.USERS(ID) NOCHECK;
ALTER TABLE PUBLIC.BALLOTS ADD CONSTRAINT PUBLIC.FK1RRV2WY16UQONFL9CR1CQG2XD FOREIGN KEY(CHECKSUM) REFERENCES PUBLIC.CHECKSUMS(CHECKSUM) NOCHECK;
ALTER TABLE PUBLIC.LAWS ADD CONSTRAINT PUBLIC.FK9VIQDJ5LDUN0AHWQDFF1WUY39 FOREIGN KEY(AREA_ID) REFERENCES PUBLIC.AREAS(ID) NOCHECK;
ALTER TABLE PUBLIC.LAWS_COMMENTS ADD CONSTRAINT PUBLIC.FKFL0Y4QFVFPF9YNMMFJ0JEVXFF FOREIGN KEY(COMMENTS_ID) REFERENCES PUBLIC.COMMENTS(ID) NOCHECK;
ALTER TABLE PUBLIC.COMMENTS_UP_VOTERS ADD CONSTRAINT PUBLIC.FKEUURM027PDC4L5A9G9O2L0UYD FOREIGN KEY(UP_VOTERS_ID) REFERENCES PUBLIC.USERS(ID) NOCHECK;
ALTER TABLE PUBLIC.COMMENTS ADD CONSTRAINT PUBLIC.FKLRI30OKF66PHTCGBE5POK7CC0 FOREIGN KEY(PARENT_ID) REFERENCES PUBLIC.COMMENTS(ID) NOCHECK;
ALTER TABLE PUBLIC.COMMENTS_UP_VOTERS ADD CONSTRAINT PUBLIC.FK8LS8T571Y99VTTW1MDKEBXAGP FOREIGN KEY(COMMENT_MODEL_ID) REFERENCES PUBLIC.COMMENTS(ID) NOCHECK;
ALTER TABLE PUBLIC.LAWS_SUPPORTERS ADD CONSTRAINT PUBLIC.FKK8MVJC4RQ970OJAVYFIA9BQVE FOREIGN KEY(SUPPORTERS_ID) REFERENCES PUBLIC.USERS(ID) NOCHECK;
ALTER TABLE PUBLIC.COMMENTS_DOWN_VOTERS ADD CONSTRAINT PUBLIC.FKJYMYJ54LENHS4KE6MYQHLY72 FOREIGN KEY(COMMENT_MODEL_ID) REFERENCES PUBLIC.COMMENTS(ID) NOCHECK;
ALTER TABLE PUBLIC.CHECKSUMS ADD CONSTRAINT PUBLIC.FKLLW57XBW0D67OPTMWFMU3P2PC FOREIGN KEY(AREA_ID) REFERENCES PUBLIC.AREAS(ID) NOCHECK;
