SET DB_CLOSE_DELAY -1;
;
CREATE USER IF NOT EXISTS SA SALT 'd448e7e26aba128e' HASH '157da5df73cb4bfa6b4cde850c89ff75398ef508b78a382d854a898f4cfec4ca' ADMIN;
CREATE SEQUENCE PUBLIC.HIBERNATE_SEQUENCE START WITH 404;
CREATE MEMORY TABLE PUBLIC.AREAS(
ID BIGINT NOT NULL,
CREATED_AT TIMESTAMP NOT NULL,
UPDATED_AT TIMESTAMP NOT NULL,
DESCRIPTION VARCHAR(255) NOT NULL,
TITLE VARCHAR(255) NOT NULL,
CREATED_BY_ID BIGINT NOT NULL
);
ALTER TABLE PUBLIC.AREAS ADD CONSTRAINT PUBLIC.CONSTRAINT_3 PRIMARY KEY(ID);
-- 10 +/- SELECT COUNT(*) FROM PUBLIC.AREAS;
INSERT INTO PUBLIC.AREAS(ID, CREATED_AT, UPDATED_AT, DESCRIPTION, TITLE, CREATED_BY_ID) VALUES
(21, TIMESTAMP '2019-04-23 23:08:49.382', TIMESTAMP '2019-04-23 23:08:49.382', 'Nice description for test area #0', 'Area 0', 1),
(22, TIMESTAMP '2019-04-23 23:08:49.398', TIMESTAMP '2019-04-23 23:08:49.398', 'Nice description for test area #1', 'Area 1', 1),
(23, TIMESTAMP '2019-04-23 23:08:49.4', TIMESTAMP '2019-04-23 23:08:49.4', 'Nice description for test area #2', 'Area 2', 1),
(24, TIMESTAMP '2019-04-23 23:08:49.403', TIMESTAMP '2019-04-23 23:08:49.403', 'Nice description for test area #3', 'Area 3', 1),
(25, TIMESTAMP '2019-04-23 23:08:49.406', TIMESTAMP '2019-04-23 23:08:49.406', 'Nice description for test area #4', 'Area 4', 1),
(26, TIMESTAMP '2019-04-23 23:08:49.408', TIMESTAMP '2019-04-23 23:08:49.408', 'Nice description for test area #5', 'Area 5', 1),
(27, TIMESTAMP '2019-04-23 23:08:49.412', TIMESTAMP '2019-04-23 23:08:49.412', 'Nice description for test area #6', 'Area 6', 1),
(28, TIMESTAMP '2019-04-23 23:08:49.415', TIMESTAMP '2019-04-23 23:08:49.415', 'Nice description for test area #7', 'Area 7', 1),
(29, TIMESTAMP '2019-04-23 23:08:49.417', TIMESTAMP '2019-04-23 23:08:49.417', 'Nice description for test area #8', 'Area 8', 1),
(30, TIMESTAMP '2019-04-23 23:08:49.42', TIMESTAMP '2019-04-23 23:08:49.42', 'Nice description for test area #9', 'Area 9', 1);
CREATE MEMORY TABLE PUBLIC.BALLOTS(
ID BIGINT NOT NULL,
LEVEL INTEGER NOT NULL,
VOTE_COUNT BIGINT NOT NULL,
CHECKSUM VARCHAR(255) NOT NULL,
POLL_ID BIGINT NOT NULL
);
ALTER TABLE PUBLIC.BALLOTS ADD CONSTRAINT PUBLIC.CONSTRAINT_1 PRIMARY KEY(ID);
-- 32 +/- SELECT COUNT(*) FROM PUBLIC.BALLOTS;
INSERT INTO PUBLIC.BALLOTS(ID, LEVEL, VOTE_COUNT, CHECKSUM, POLL_ID) VALUES
(333, 0, 1, '$2a$10$1IdrGrRAN2Wp3U7QI.JIzuuViLszDdeyBQZ4QNjYJJWIYI5M2O3G2', 306),
(334, 0, 1, '$2a$10$1IdrGrRAN2Wp3U7QI.JIzuDl5QTomD0jkJDoG.VH7LgF6BaMi7mUu', 306),
(335, 0, 4, '$2a$10$1IdrGrRAN2Wp3U7QI.JIzumrB8gg15WYrl/9Od2a/lKdcXxyoRqYe', 306),
(336, 0, 1, '$2a$10$1IdrGrRAN2Wp3U7QI.JIzu0U7xajdi9.MlI8tTpf7ZVQmMn3XTPaq', 306),
(337, 0, 1, '$2a$10$1IdrGrRAN2Wp3U7QI.JIzuA2amXnXPKlVvjlg62SZ08/U45S1krWS', 306),
(338, 0, 1, '$2a$10$1IdrGrRAN2Wp3U7QI.JIzuQi87d/P3rgtaiDqqegSB4vu2sByXkly', 306),
(339, 0, 2, '$2a$10$1IdrGrRAN2Wp3U7QI.JIzumF7aPaiUyhTd0m56K/SiA71ec5pLFu2', 306),
(340, 1, 1, '$2a$10$1IdrGrRAN2Wp3U7QI.JIzu9jY7URudOBmsrn4SD7Sp2bRAti6ztwK', 306),
(341, 0, 1, '$2a$10$1IdrGrRAN2Wp3U7QI.JIzuaW/fGb8Z2mJgsKxYwe5.NrtAFNxSQVS', 306),
(342, 0, 1, '$2a$10$1IdrGrRAN2Wp3U7QI.JIzuWb3cSZmVC9yx83VYQxwLFYSL5g8IoRy', 306),
(343, 0, 1, '$2a$10$1IdrGrRAN2Wp3U7QI.JIzuaXivFiTa4cwzBq6IwpHyvmd9OIEIHwW', 306),
(344, 0, 1, '$2a$10$1IdrGrRAN2Wp3U7QI.JIzuYTSKjBSu3cADo/STK5moSHUhn6NKcyS', 306),
(345, 0, 1, '$2a$10$1IdrGrRAN2Wp3U7QI.JIzuYun6DCp3DqD0HkMSxupTiHcONZRP0YC', 306),
(346, 0, 1, '$2a$10$1IdrGrRAN2Wp3U7QI.JIzuj/DUpsANoEk4usC10lyWBvgCY2jpdQ6', 306),
(347, 0, 1, '$2a$10$1IdrGrRAN2Wp3U7QI.JIzukT2e4dWh2jhcsPdh.C5JEqMyz08zCoa', 306),
(348, 0, 1, '$2a$10$1IdrGrRAN2Wp3U7QI.JIzuRe9KBAxYEu.ylAyhV50ek90rELSRGqG', 306),
(386, 0, 1, '$2a$10$1IdrGrRAN2Wp3U7QI.JIzuuViLszDdeyBQZ4QNjYJJWIYI5M2O3G2', 354),
(387, 0, 1, '$2a$10$1IdrGrRAN2Wp3U7QI.JIzuDl5QTomD0jkJDoG.VH7LgF6BaMi7mUu', 354),
(388, 0, 4, '$2a$10$1IdrGrRAN2Wp3U7QI.JIzumrB8gg15WYrl/9Od2a/lKdcXxyoRqYe', 354),
(389, 0, 1, '$2a$10$1IdrGrRAN2Wp3U7QI.JIzu0U7xajdi9.MlI8tTpf7ZVQmMn3XTPaq', 354),
(390, 0, 1, '$2a$10$1IdrGrRAN2Wp3U7QI.JIzuA2amXnXPKlVvjlg62SZ08/U45S1krWS', 354),
(391, 0, 1, '$2a$10$1IdrGrRAN2Wp3U7QI.JIzuQi87d/P3rgtaiDqqegSB4vu2sByXkly', 354),
(392, 0, 2, '$2a$10$1IdrGrRAN2Wp3U7QI.JIzumF7aPaiUyhTd0m56K/SiA71ec5pLFu2', 354),
(393, 1, 1, '$2a$10$1IdrGrRAN2Wp3U7QI.JIzu9jY7URudOBmsrn4SD7Sp2bRAti6ztwK', 354),
(394, 0, 1, '$2a$10$1IdrGrRAN2Wp3U7QI.JIzuaW/fGb8Z2mJgsKxYwe5.NrtAFNxSQVS', 354),
(395, 0, 1, '$2a$10$1IdrGrRAN2Wp3U7QI.JIzuWb3cSZmVC9yx83VYQxwLFYSL5g8IoRy', 354),
(396, 0, 1, '$2a$10$1IdrGrRAN2Wp3U7QI.JIzuaXivFiTa4cwzBq6IwpHyvmd9OIEIHwW', 354),
(397, 0, 1, '$2a$10$1IdrGrRAN2Wp3U7QI.JIzuYTSKjBSu3cADo/STK5moSHUhn6NKcyS', 354),
(398, 0, 1, '$2a$10$1IdrGrRAN2Wp3U7QI.JIzuYun6DCp3DqD0HkMSxupTiHcONZRP0YC', 354),
(399, 0, 1, '$2a$10$1IdrGrRAN2Wp3U7QI.JIzuj/DUpsANoEk4usC10lyWBvgCY2jpdQ6', 354),
(400, 0, 1, '$2a$10$1IdrGrRAN2Wp3U7QI.JIzukT2e4dWh2jhcsPdh.C5JEqMyz08zCoa', 354),
(401, 0, 1, '$2a$10$1IdrGrRAN2Wp3U7QI.JIzuRe9KBAxYEu.ylAyhV50ek90rELSRGqG', 354);
CREATE MEMORY TABLE PUBLIC.BALLOTS_VOTE_ORDER(
BALLOT_MODEL_ID BIGINT NOT NULL,
VOTE_ORDER_ID BIGINT NOT NULL,
VOTE_ORDER_ORDER INTEGER NOT NULL
);
ALTER TABLE PUBLIC.BALLOTS_VOTE_ORDER ADD CONSTRAINT PUBLIC.CONSTRAINT_5 PRIMARY KEY(BALLOT_MODEL_ID, VOTE_ORDER_ORDER);
-- 137 +/- SELECT COUNT(*) FROM PUBLIC.BALLOTS_VOTE_ORDER;
INSERT INTO PUBLIC.BALLOTS_VOTE_ORDER(BALLOT_MODEL_ID, VOTE_ORDER_ID, VOTE_ORDER_ORDER) VALUES
(333, 307, 0),
(333, 325, 1),
(333, 312, 2),
(333, 296, 3),
(333, 319, 4),
(334, 296, 0),
(334, 312, 1),
(334, 325, 2),
(334, 319, 3),
(335, 319, 0),
(335, 325, 1),
(335, 307, 2),
(335, 296, 3),
(339, 325, 0),
(339, 319, 1),
(339, 312, 2),
(339, 307, 3),
(340, 325, 0),
(340, 319, 1),
(340, 312, 2),
(340, 307, 3),
(341, 296, 0),
(341, 325, 1),
(341, 319, 2),
(341, 312, 3),
(341, 307, 4),
(336, 307, 0),
(336, 325, 1),
(336, 312, 2),
(337, 307, 0),
(337, 312, 1),
(337, 296, 2),
(342, 312, 0),
(342, 296, 1),
(342, 325, 2),
(342, 319, 3),
(342, 307, 4),
(343, 325, 0),
(343, 319, 1),
(343, 312, 2),
(343, 307, 3),
(344, 312, 0),
(344, 307, 1),
(344, 325, 2),
(344, 296, 3),
(344, 319, 4),
(345, 319, 0),
(345, 325, 1),
(345, 307, 2),
(345, 296, 3),
(345, 312, 4),
(346, 296, 0),
(346, 307, 1),
(346, 312, 2),
(346, 325, 3),
(347, 319, 0),
(347, 312, 1),
(347, 307, 2),
(347, 296, 3),
(347, 325, 4),
(348, 319, 0),
(348, 325, 1),
(348, 312, 2),
(348, 296, 3),
(348, 307, 4),
(338, 296, 0),
(338, 319, 1),
(338, 307, 2),
(338, 312, 3),
(386, 376, 0),
(386, 368, 1),
(386, 349, 2),
(386, 364, 3),
(386, 355, 4),
(387, 349, 0),
(387, 355, 1),
(387, 364, 2),
(387, 368, 3),
(388, 368, 0),
(388, 376, 1),
(388, 349, 2),
(388, 364, 3),
(392, 355, 0),
(392, 364, 1),
(392, 368, 2),
(392, 349, 3),
(392, 376, 4),
(393, 355, 0),
(393, 364, 1),
(393, 368, 2),
(393, 349, 3),
(393, 376, 4),
(394, 376, 0),
(394, 368, 1),
(394, 364, 2),
(394, 355, 3),
(394, 349, 4),
(389, 355, 0),
(389, 364, 1),
(389, 368, 2),
(389, 376, 3),
(390, 355, 0),
(390, 349, 1),
(390, 364, 2),
(390, 368, 3),
(395, 349, 0),
(395, 355, 1),
(395, 376, 2),
(395, 364, 3),
(395, 368, 4),
(396, 349, 0),
(396, 368, 1),
(396, 376, 2),
(397, 376, 0),
(397, 355, 1),
(397, 349, 2),
(398, 349, 0),
(398, 355, 1),
(398, 364, 2),
(398, 368, 3),
(398, 376, 4),
(399, 355, 0),
(399, 368, 1),
(399, 376, 2),
(399, 364, 3),
(399, 349, 4),
(400, 349, 0),
(400, 376, 1),
(400, 368, 2),
(400, 355, 3),
(401, 355, 0),
(401, 364, 1),
(401, 376, 2),
(401, 368, 3),
(391, 349, 0),
(391, 355, 1),
(391, 364, 2);
CREATE MEMORY TABLE PUBLIC.CHECKSUMS(
CHECKSUM VARCHAR(255) NOT NULL,
EXPIRES_AT TIMESTAMP,
TRANSITIVE BOOLEAN NOT NULL,
AREA_ID BIGINT,
DELEGATED_TO_CHECKSUM VARCHAR(255),
PUBLIC_PROXY_ID BIGINT
);
ALTER TABLE PUBLIC.CHECKSUMS ADD CONSTRAINT PUBLIC.CONSTRAINT_B PRIMARY KEY(CHECKSUM);
-- 18 +/- SELECT COUNT(*) FROM PUBLIC.CHECKSUMS;
INSERT INTO PUBLIC.CHECKSUMS(CHECKSUM, EXPIRES_AT, TRANSITIVE, AREA_ID, DELEGATED_TO_CHECKSUM, PUBLIC_PROXY_ID) VALUES
('$2a$10$1IdrGrRAN2Wp3U7QI.JIzueyGOu7FMMyyMJw3bvzEU2elpOrru8sy', TIMESTAMP '2019-04-24 23:08:53.468', TRUE, 21, NULL, 1),
('$2a$10$1IdrGrRAN2Wp3U7QI.JIzu9jY7URudOBmsrn4SD7Sp2bRAti6ztwK', TIMESTAMP '2019-04-24 23:08:55.077', TRUE, 21, '$2a$10$1IdrGrRAN2Wp3U7QI.JIzumF7aPaiUyhTd0m56K/SiA71ec5pLFu2', 6),
('$2a$10$1IdrGrRAN2Wp3U7QI.JIzuIvB5fBvUb/y3tpzb1Xahzu9k87H3HZ.', TIMESTAMP '2019-04-24 23:08:55.245', TRUE, 21, '$2a$10$1IdrGrRAN2Wp3U7QI.JIzueyGOu7FMMyyMJw3bvzEU2elpOrru8sy', 4),
('$2a$10$1IdrGrRAN2Wp3U7QI.JIzuuViLszDdeyBQZ4QNjYJJWIYI5M2O3G2', TIMESTAMP '2019-04-24 23:09:04.573', TRUE, 21, NULL, 13),
('$2a$10$1IdrGrRAN2Wp3U7QI.JIzuDl5QTomD0jkJDoG.VH7LgF6BaMi7mUu', TIMESTAMP '2019-04-24 23:09:04.917', TRUE, 21, NULL, 15),
('$2a$10$1IdrGrRAN2Wp3U7QI.JIzumrB8gg15WYrl/9Od2a/lKdcXxyoRqYe', TIMESTAMP '2019-04-24 23:09:05.151', TRUE, 21, '$2a$10$1IdrGrRAN2Wp3U7QI.JIzuIvB5fBvUb/y3tpzb1Xahzu9k87H3HZ.', 7),
('$2a$10$1IdrGrRAN2Wp3U7QI.JIzumF7aPaiUyhTd0m56K/SiA71ec5pLFu2', TIMESTAMP '2019-04-24 23:09:05.411', TRUE, 21, '$2a$10$1IdrGrRAN2Wp3U7QI.JIzueyGOu7FMMyyMJw3bvzEU2elpOrru8sy', 3),
('$2a$10$1IdrGrRAN2Wp3U7QI.JIzuaW/fGb8Z2mJgsKxYwe5.NrtAFNxSQVS', TIMESTAMP '2019-04-24 23:09:05.679', TRUE, 21, NULL, 5),
('$2a$10$1IdrGrRAN2Wp3U7QI.JIzu0U7xajdi9.MlI8tTpf7ZVQmMn3XTPaq', TIMESTAMP '2019-04-24 23:09:05.932', TRUE, 21, '$2a$10$1IdrGrRAN2Wp3U7QI.JIzumrB8gg15WYrl/9Od2a/lKdcXxyoRqYe', 10),
('$2a$10$1IdrGrRAN2Wp3U7QI.JIzuA2amXnXPKlVvjlg62SZ08/U45S1krWS', TIMESTAMP '2019-04-24 23:09:06.163', TRUE, 21, '$2a$10$1IdrGrRAN2Wp3U7QI.JIzumrB8gg15WYrl/9Od2a/lKdcXxyoRqYe', 11),
('$2a$10$1IdrGrRAN2Wp3U7QI.JIzuWb3cSZmVC9yx83VYQxwLFYSL5g8IoRy', TIMESTAMP '2019-04-24 23:09:06.4', TRUE, 21, '$2a$10$1IdrGrRAN2Wp3U7QI.JIzueyGOu7FMMyyMJw3bvzEU2elpOrru8sy', NULL),
('$2a$10$1IdrGrRAN2Wp3U7QI.JIzuaXivFiTa4cwzBq6IwpHyvmd9OIEIHwW', TIMESTAMP '2019-04-24 23:09:06.652', TRUE, 21, NULL, 9),
('$2a$10$1IdrGrRAN2Wp3U7QI.JIzuYTSKjBSu3cADo/STK5moSHUhn6NKcyS', TIMESTAMP '2019-04-24 23:09:06.899', TRUE, 21, NULL, 16),
('$2a$10$1IdrGrRAN2Wp3U7QI.JIzuYun6DCp3DqD0HkMSxupTiHcONZRP0YC', TIMESTAMP '2019-04-24 23:09:07.176', TRUE, 21, NULL, 20),
('$2a$10$1IdrGrRAN2Wp3U7QI.JIzuj/DUpsANoEk4usC10lyWBvgCY2jpdQ6', TIMESTAMP '2019-04-24 23:09:07.408', TRUE, 21, NULL, 18),
('$2a$10$1IdrGrRAN2Wp3U7QI.JIzukT2e4dWh2jhcsPdh.C5JEqMyz08zCoa', TIMESTAMP '2019-04-24 23:09:07.637', TRUE, 21, NULL, 14),
('$2a$10$1IdrGrRAN2Wp3U7QI.JIzuRe9KBAxYEu.ylAyhV50ek90rELSRGqG', TIMESTAMP '2019-04-24 23:09:07.867', TRUE, 21, NULL, 19),
('$2a$10$1IdrGrRAN2Wp3U7QI.JIzuQi87d/P3rgtaiDqqegSB4vu2sByXkly', TIMESTAMP '2019-04-24 23:09:08.102', FALSE, 21, '$2a$10$1IdrGrRAN2Wp3U7QI.JIzumrB8gg15WYrl/9Od2a/lKdcXxyoRqYe', 12);
CREATE MEMORY TABLE PUBLIC.COMMENTS(
ID BIGINT NOT NULL,
CREATED_AT TIMESTAMP NOT NULL,
UPDATED_AT TIMESTAMP NOT NULL,
COMMENT VARCHAR(255) NOT NULL,
CREATED_BY_ID BIGINT NOT NULL,
PARENT_ID BIGINT,
PROPOSAL_ID BIGINT NOT NULL
);
ALTER TABLE PUBLIC.COMMENTS ADD CONSTRAINT PUBLIC.CONSTRAINT_A PRIMARY KEY(ID);
-- 137 +/- SELECT COUNT(*) FROM PUBLIC.COMMENTS;
INSERT INTO PUBLIC.COMMENTS(ID, CREATED_AT, UPDATED_AT, COMMENT, CREATED_BY_ID, PARENT_ID, PROPOSAL_ID) VALUES
(194, TIMESTAMP '2019-04-23 23:08:51.751', TIMESTAMP '2019-04-23 23:08:51.751', 'Comment on root level. I really like this idea, but needs to be improved. 1556053731746', 19, NULL, 193),
(195, TIMESTAMP '2019-04-23 23:08:51.755', TIMESTAMP '2019-04-23 23:08:51.755', 'Reply 0 Lorem ipsum dolor sit am', 10, 194, 193),
(196, TIMESTAMP '2019-04-23 23:08:51.757', TIMESTAMP '2019-04-23 23:08:51.757', 'Reply 1 Lorem ipsum dolor sit amet, consectetur adipiscing elit, sed do ei', 5, 194, 193),
(197, TIMESTAMP '2019-04-23 23:08:51.759', TIMESTAMP '2019-04-23 23:08:51.759', 'Reply 2 Lorem ipsum dolor sit a', 7, 194, 193),
(199, TIMESTAMP '2019-04-23 23:08:51.833', TIMESTAMP '2019-04-23 23:08:51.833', 'Comment on root level. I really like this idea, but needs to be improved. 1556053731833', 18, NULL, 198),
(200, TIMESTAMP '2019-04-23 23:08:51.835', TIMESTAMP '2019-04-23 23:08:51.835', 'Reply 0 Lorem ipsum dolor sit amet, cons', 17, 199, 198),
(201, TIMESTAMP '2019-04-23 23:08:51.836', TIMESTAMP '2019-04-23 23:08:51.836', 'Reply 1 Lorem ipsum dolor sit amet, consectetur adi', 7, 199, 198),
(202, TIMESTAMP '2019-04-23 23:08:51.84', TIMESTAMP '2019-04-23 23:08:51.84', 'Reply 2 Lorem ipsum dolor sit amet, consectetur adipiscing elit, sed do eiusmod tempor ', 9, 199, 198),
(203, TIMESTAMP '2019-04-23 23:08:51.841', TIMESTAMP '2019-04-23 23:08:51.841', 'Reply 3 Lorem ipsum dolor sit amet, cons', 6, 199, 198),
(205, TIMESTAMP '2019-04-23 23:08:51.892', TIMESTAMP '2019-04-23 23:08:51.892', 'Comment on root level. I really like this idea, but needs to be improved. 1556053731891', 7, NULL, 204),
(206, TIMESTAMP '2019-04-23 23:08:51.894', TIMESTAMP '2019-04-23 23:08:51.894', 'Reply 0 Lorem ipsum', 19, 205, 204),
(207, TIMESTAMP '2019-04-23 23:08:51.898', TIMESTAMP '2019-04-23 23:08:51.898', 'Reply 1 Lorem ipsum do', 18, 205, 204),
(209, TIMESTAMP '2019-04-23 23:08:51.921', TIMESTAMP '2019-04-23 23:08:51.921', 'Comment on root level. I really like this idea, but needs to be improved. 1556053731920', 20, NULL, 208),
(210, TIMESTAMP '2019-04-23 23:08:51.923', TIMESTAMP '2019-04-23 23:08:51.923', 'Reply 0 Lorem ipsum dolor sit amet, consectetur adipiscing ', 4, 209, 208),
(211, TIMESTAMP '2019-04-23 23:08:51.924', TIMESTAMP '2019-04-23 23:08:51.924', 'Reply 1 Lorem ipsum dolor sit amet, consectetur adipiscing ', 19, 209, 208),
(213, TIMESTAMP '2019-04-23 23:08:51.947', TIMESTAMP '2019-04-23 23:08:51.947', 'Comment on root level. I really like this idea, but needs to be improved. 1556053731947', 18, NULL, 212),
(214, TIMESTAMP '2019-04-23 23:08:51.949', TIMESTAMP '2019-04-23 23:08:51.949', 'Reply 0 Lorem ipsum dolor sit amet, consectetur adipiscing elit, sed do eiusm', 6, 213, 212),
(215, TIMESTAMP '2019-04-23 23:08:51.951', TIMESTAMP '2019-04-23 23:08:51.951', 'Reply 1 Lorem ipsum dolor sit amet, consectetur adipiscing elit, sed do eiusm', 14, 213, 212),
(216, TIMESTAMP '2019-04-23 23:08:51.952', TIMESTAMP '2019-04-23 23:08:51.952', 'Reply 2 Lorem ipsum dolor sit amet, consectetur adipiscing elit, sed do eiusmod tempor inci', 13, 213, 212),
(217, TIMESTAMP '2019-04-23 23:08:51.954', TIMESTAMP '2019-04-23 23:08:51.954', 'Reply 3 Lorem ipsum dolor sit amet, consectetur adipiscing elit, sed ', 16, 213, 212),
(218, TIMESTAMP '2019-04-23 23:08:51.955', TIMESTAMP '2019-04-23 23:08:51.955', 'Reply 4 Lorem ipsu', 3, 213, 212),
(219, TIMESTAMP '2019-04-23 23:08:51.956', TIMESTAMP '2019-04-23 23:08:51.956', 'Reply 5 Lorem ipsum dolor', 1, 213, 212),
(230, TIMESTAMP '2019-04-23 23:08:57.57', TIMESTAMP '2019-04-23 23:08:57.57', 'Comment on root level. I really like this idea, but needs to be improved. 1556053737569', 19, NULL, 229),
(231, TIMESTAMP '2019-04-23 23:08:57.574', TIMESTAMP '2019-04-23 23:08:57.574', 'Reply 0 Lorem ipsum dolor sit amet, co', 20, 230, 229),
(232, TIMESTAMP '2019-04-23 23:08:57.58', TIMESTAMP '2019-04-23 23:08:57.58', 'Reply 1 Lorem ipsum dolor sit amet, consectetur adipiscing elit, sed do eiusmod tempor in', 13, 230, 229),
(233, TIMESTAMP '2019-04-23 23:08:57.582', TIMESTAMP '2019-04-23 23:08:57.582', 'Reply 2 Lorem ipsum ', 7, 230, 229);
INSERT INTO PUBLIC.COMMENTS(ID, CREATED_AT, UPDATED_AT, COMMENT, CREATED_BY_ID, PARENT_ID, PROPOSAL_ID) VALUES
(234, TIMESTAMP '2019-04-23 23:08:57.584', TIMESTAMP '2019-04-23 23:08:57.584', 'Reply 3 Lorem ipsum', 3, 230, 229),
(235, TIMESTAMP '2019-04-23 23:08:57.588', TIMESTAMP '2019-04-23 23:08:57.588', 'Reply 4 Lorem ipsum dolor sit amet, consectetur adipiscing elit, sed do eiusmo', 17, 230, 229),
(236, TIMESTAMP '2019-04-23 23:08:57.59', TIMESTAMP '2019-04-23 23:08:57.59', 'Reply 5 Lorem ipsum dolor sit amet, consectetur adipiscing elit, sed do eiusmod tempor ', 17, 230, 229),
(241, TIMESTAMP '2019-04-23 23:08:57.666', TIMESTAMP '2019-04-23 23:08:57.666', 'Comment on root level. I really like this idea, but needs to be improved. 1556053737665', 9, NULL, 240),
(242, TIMESTAMP '2019-04-23 23:08:57.668', TIMESTAMP '2019-04-23 23:08:57.668', 'Reply 0 Lorem ipsum dolor sit amet, consectetur adipiscing elit, sed do eiusmod ', 7, 241, 240),
(243, TIMESTAMP '2019-04-23 23:08:57.669', TIMESTAMP '2019-04-23 23:08:57.669', 'Reply 1 Lorem ipsu', 18, 241, 240),
(244, TIMESTAMP '2019-04-23 23:08:57.671', TIMESTAMP '2019-04-23 23:08:57.671', 'Reply 2 Lorem ipsum dolor sit amet, consectetur adipiscing el', 19, 241, 240),
(245, TIMESTAMP '2019-04-23 23:08:57.672', TIMESTAMP '2019-04-23 23:08:57.672', 'Reply 3 Lorem ipsum dolor sit amet, consectetur adipiscing elit, sed do eius', 2, 241, 240),
(246, TIMESTAMP '2019-04-23 23:08:57.673', TIMESTAMP '2019-04-23 23:08:57.673', 'Reply 4 Lorem ipsum dolor sit amet, con', 8, 241, 240),
(248, TIMESTAMP '2019-04-23 23:08:57.724', TIMESTAMP '2019-04-23 23:08:57.724', 'Comment on root level. I really like this idea, but needs to be improved. 1556053737724', 16, NULL, 247),
(249, TIMESTAMP '2019-04-23 23:08:57.725', TIMESTAMP '2019-04-23 23:08:57.725', 'Reply 0 Lorem ipsum dolor sit amet, consectetur adipiscing elit, sed do eiusmod tempor incididunt ut lab', 8, 248, 247),
(250, TIMESTAMP '2019-04-23 23:08:57.734', TIMESTAMP '2019-04-23 23:08:57.734', 'Reply 1 Lorem ipsum dolor si', 1, 248, 247),
(251, TIMESTAMP '2019-04-23 23:08:57.735', TIMESTAMP '2019-04-23 23:08:57.735', 'Reply 2 Lorem ipsum dolor sit amet, consectetur adipiscing elit, sed do eiusmod tempor incididunt ut labo', 3, 248, 247),
(252, TIMESTAMP '2019-04-23 23:08:57.737', TIMESTAMP '2019-04-23 23:08:57.737', 'Reply 3 Lorem ipsum dolor sit amet, consectetur adipisc', 17, 248, 247),
(254, TIMESTAMP '2019-04-23 23:08:57.825', TIMESTAMP '2019-04-23 23:08:57.825', 'Comment on root level. I really like this idea, but needs to be improved. 1556053737825', 5, NULL, 253),
(255, TIMESTAMP '2019-04-23 23:08:57.827', TIMESTAMP '2019-04-23 23:08:57.827', 'Reply 0 Lorem ipsum dolor sit amet, consectetur adipiscing elit, sed do eiusmod tempor incididunt ut la', 17, 254, 253),
(256, TIMESTAMP '2019-04-23 23:08:57.832', TIMESTAMP '2019-04-23 23:08:57.832', 'Reply 1 Lorem ipsum dolor sit amet, consectetur adipiscing elit, se', 6, 254, 253),
(257, TIMESTAMP '2019-04-23 23:08:57.834', TIMESTAMP '2019-04-23 23:08:57.834', 'Reply 2 Lorem ipsum dolor sit amet', 13, 254, 253),
(258, TIMESTAMP '2019-04-23 23:08:57.835', TIMESTAMP '2019-04-23 23:08:57.835', 'Reply 3 Lorem ipsum dolor sit amet, consectetur adipiscing ', 19, 254, 253),
(259, TIMESTAMP '2019-04-23 23:08:57.837', TIMESTAMP '2019-04-23 23:08:57.837', 'Reply 4 Lorem ipsum dolor sit amet, consectetur adipiscing elit, sed do eiusmod tempor incididunt ut la', 17, 254, 253),
(260, TIMESTAMP '2019-04-23 23:08:57.838', TIMESTAMP '2019-04-23 23:08:57.838', 'Reply 5 Lorem ipsum dolor sit amet, consectetur adip', 13, 254, 253),
(261, TIMESTAMP '2019-04-23 23:08:57.839', TIMESTAMP '2019-04-23 23:08:57.839', 'Reply 6 Lorem ipsum dolor sit amet, consectetur adipiscing elit, sed do eiusmo', 12, 254, 253),
(263, TIMESTAMP '2019-04-23 23:08:57.884', TIMESTAMP '2019-04-23 23:08:57.884', 'Comment on root level. I really like this idea, but needs to be improved. 1556053737883', 3, NULL, 262),
(264, TIMESTAMP '2019-04-23 23:08:57.885', TIMESTAMP '2019-04-23 23:08:57.885', 'Reply 0 Lorem ipsum dolor sit amet, consectetur adip', 11, 263, 262);
INSERT INTO PUBLIC.COMMENTS(ID, CREATED_AT, UPDATED_AT, COMMENT, CREATED_BY_ID, PARENT_ID, PROPOSAL_ID) VALUES
(265, TIMESTAMP '2019-04-23 23:08:57.886', TIMESTAMP '2019-04-23 23:08:57.886', 'Reply 1 Lorem ipsum dolor sit amet, consectetur adipiscing elit, sed do eiusmo', 9, 263, 262),
(266, TIMESTAMP '2019-04-23 23:08:57.888', TIMESTAMP '2019-04-23 23:08:57.888', 'Reply 2 Lorem ipsum dolor sit amet, consectetur adipiscing elit, sed do eiusmod tempor incid', 11, 263, 262),
(267, TIMESTAMP '2019-04-23 23:08:57.889', TIMESTAMP '2019-04-23 23:08:57.889', 'Reply 3 Lorem ipsum dolor sit amet,', 19, 263, 262),
(268, TIMESTAMP '2019-04-23 23:08:57.89', TIMESTAMP '2019-04-23 23:08:57.89', 'Reply 4 Lorem ipsum dolor sit amet, consectetur adipiscing elit, sed do eiusmod tempor inci', 9, 263, 262),
(269, TIMESTAMP '2019-04-23 23:08:57.892', TIMESTAMP '2019-04-23 23:08:57.892', 'Reply 5 Lorem ipsum dolor sit amet, consectetur adipiscing elit, sed do eiusmod tempor in', 16, 263, 262),
(271, TIMESTAMP '2019-04-23 23:08:57.966', TIMESTAMP '2019-04-23 23:08:57.966', 'Comment on root level. I really like this idea, but needs to be improved. 1556053737965', 19, NULL, 270),
(272, TIMESTAMP '2019-04-23 23:08:57.969', TIMESTAMP '2019-04-23 23:08:57.969', 'Reply 0 Lorem ipsum dolor s', 19, 271, 270),
(273, TIMESTAMP '2019-04-23 23:08:57.971', TIMESTAMP '2019-04-23 23:08:57.971', 'Reply 1 Lorem ipsum dolor sit amet, consectetur adipisc', 19, 271, 270),
(274, TIMESTAMP '2019-04-23 23:08:57.974', TIMESTAMP '2019-04-23 23:08:57.974', 'Reply 2 Lorem ipsum dolor sit amet, consectetur adipiscing elit, sed do ', 15, 271, 270),
(277, TIMESTAMP '2019-04-23 23:08:58.009', TIMESTAMP '2019-04-23 23:08:58.009', 'Comment on root level. I really like this idea, but needs to be improved. 1556053738008', 16, NULL, 276),
(278, TIMESTAMP '2019-04-23 23:08:58.013', TIMESTAMP '2019-04-23 23:08:58.013', 'Reply 0 Lorem ipsum dolor sit amet, consectetur adipiscing elit, sed do eiusmod tempor incididunt ut', 19, 277, 276),
(279, TIMESTAMP '2019-04-23 23:08:58.015', TIMESTAMP '2019-04-23 23:08:58.015', 'Reply 1 Lorem ipsum dolor sit amet, consectetur adipiscing elit, sed do eiusm', 4, 277, 276),
(280, TIMESTAMP '2019-04-23 23:08:58.016', TIMESTAMP '2019-04-23 23:08:58.016', 'Reply 2 Lorem ipsum dolor sit amet, consectetur adipiscing elit, se', 17, 277, 276),
(282, TIMESTAMP '2019-04-23 23:08:58.05', TIMESTAMP '2019-04-23 23:08:58.05', 'Comment on root level. I really like this idea, but needs to be improved. 1556053738049', 15, NULL, 281),
(283, TIMESTAMP '2019-04-23 23:08:58.051', TIMESTAMP '2019-04-23 23:08:58.051', 'Reply 0 Lorem ipsum dolor sit amet, consectetur adipiscing elit, sed do eiusmod tempor incididunt ut ', 10, 282, 281),
(284, TIMESTAMP '2019-04-23 23:08:58.052', TIMESTAMP '2019-04-23 23:08:58.052', 'Reply 1 Lorem ipsum dolor sit amet, consectetur adipiscing elit, sed do eiusmod', 13, 282, 281),
(286, TIMESTAMP '2019-04-23 23:08:58.086', TIMESTAMP '2019-04-23 23:08:58.086', 'Comment on root level. I really like this idea, but needs to be improved. 1556053738085', 1, NULL, 285),
(287, TIMESTAMP '2019-04-23 23:08:58.087', TIMESTAMP '2019-04-23 23:08:58.087', 'Reply 0 Lorem ipsum dolor sit amet, consectetur adipiscing elit, sed do eiusmod tempor incididunt ut ', 1, 286, 285),
(288, TIMESTAMP '2019-04-23 23:08:58.088', TIMESTAMP '2019-04-23 23:08:58.088', 'Reply 1 Lorem ipsum dolor sit amet, consectetur adipiscing elit,', 2, 286, 285),
(289, TIMESTAMP '2019-04-23 23:08:58.089', TIMESTAMP '2019-04-23 23:08:58.089', 'Reply 2 Lorem ipsum dolor sit amet, consectetur adipiscing elit, sed do eiusmod tempor incididunt ut ', 2, 286, 285),
(290, TIMESTAMP '2019-04-23 23:08:58.091', TIMESTAMP '2019-04-23 23:08:58.091', 'Reply 3 Lorem ipsum dolor sit amet, consectetur adipiscing elit, sed do eiusmod tempor incididunt ut ', 8, 286, 285),
(292, TIMESTAMP '2019-04-23 23:08:58.136', TIMESTAMP '2019-04-23 23:08:58.136', 'Comment on root level. I really like this idea, but needs to be improved. 1556053738136', 7, NULL, 291),
(293, TIMESTAMP '2019-04-23 23:08:58.137', TIMESTAMP '2019-04-23 23:08:58.137', 'Reply 0 Lorem ipsum dolor sit amet, consectetur adipiscing elit, sed do eiusmod ', 1, 292, 291);
INSERT INTO PUBLIC.COMMENTS(ID, CREATED_AT, UPDATED_AT, COMMENT, CREATED_BY_ID, PARENT_ID, PROPOSAL_ID) VALUES
(294, TIMESTAMP '2019-04-23 23:08:58.139', TIMESTAMP '2019-04-23 23:08:58.139', 'Reply 1 Lorem ipsum dolor sit amet, consectetur adipiscing elit, sed do eiusmod tempor incididunt ut labore', 12, 292, 291),
(295, TIMESTAMP '2019-04-23 23:08:58.14', TIMESTAMP '2019-04-23 23:08:58.14', 'Reply 2 Lorem ipsum dolor sit amet, consectetur adipiscing elit, sed do eiusmod tempor incididunt ut labo', 18, 292, 291),
(297, TIMESTAMP '2019-04-23 23:08:58.233', TIMESTAMP '2019-04-23 23:08:58.233', 'Comment on root level. I really like this idea, but needs to be improved. 1556053738232', 20, NULL, 296),
(298, TIMESTAMP '2019-04-23 23:08:58.234', TIMESTAMP '2019-04-23 23:08:58.234', 'Reply 0 Lorem ipsum dolor sit amet, consectetur adipiscing ', 16, 297, 296),
(299, TIMESTAMP '2019-04-23 23:08:58.235', TIMESTAMP '2019-04-23 23:08:58.235', 'Reply 1 Lorem ipsum dolor sit amet, c', 20, 297, 296),
(300, TIMESTAMP '2019-04-23 23:08:58.236', TIMESTAMP '2019-04-23 23:08:58.236', 'Reply 2 Lorem ipsum dolor sit', 13, 297, 296),
(301, TIMESTAMP '2019-04-23 23:08:58.238', TIMESTAMP '2019-04-23 23:08:58.238', 'Reply 3 Lorem ipsum dolor sit amet, cons', 7, 297, 296),
(302, TIMESTAMP '2019-04-23 23:08:58.239', TIMESTAMP '2019-04-23 23:08:58.239', 'Reply 4 Lorem ipsum dolor sit amet, consectetur adipiscing elit, sed do eiusmod t', 16, 297, 296),
(303, TIMESTAMP '2019-04-23 23:08:58.239', TIMESTAMP '2019-04-23 23:08:58.239', 'Reply 5 Lorem ipsum dolor sit amet, consectetur adipiscing elit, sed do eiusmod t', 5, 297, 296),
(304, TIMESTAMP '2019-04-23 23:08:58.255', TIMESTAMP '2019-04-23 23:08:58.255', 'Reply 6 Lorem ipsum dolor sit amet, consectetur adipiscing elit, sed do eiusmod tempor incid', 5, 297, 296),
(305, TIMESTAMP '2019-04-23 23:08:58.256', TIMESTAMP '2019-04-23 23:08:58.256', 'Reply 7 Lorem ipsum dolor s', 7, 297, 296),
(308, TIMESTAMP '2019-04-23 23:08:58.299', TIMESTAMP '2019-04-23 23:08:58.299', 'Comment on root level. I really like this idea, but needs to be improved. 1556053738292', 4, NULL, 307),
(309, TIMESTAMP '2019-04-23 23:08:58.3', TIMESTAMP '2019-04-23 23:08:58.3', 'Reply 0 Lorem ipsum dolor sit amet, co', 16, 308, 307),
(310, TIMESTAMP '2019-04-23 23:08:58.301', TIMESTAMP '2019-04-23 23:08:58.301', 'Reply 1 Lorem ipsum dolor sit amet, consectet', 10, 308, 307),
(311, TIMESTAMP '2019-04-23 23:08:58.302', TIMESTAMP '2019-04-23 23:08:58.302', 'Reply 2 Lorem ipsum dolor sit amet, consectetur adipiscing elit, s', 14, 308, 307),
(313, TIMESTAMP '2019-04-23 23:08:58.333', TIMESTAMP '2019-04-23 23:08:58.333', 'Comment on root level. I really like this idea, but needs to be improved. 1556053738332', 12, NULL, 312),
(314, TIMESTAMP '2019-04-23 23:08:58.334', TIMESTAMP '2019-04-23 23:08:58.334', 'Reply 0 Lorem ipsum dolor sit amet, ', 10, 313, 312),
(315, TIMESTAMP '2019-04-23 23:08:58.335', TIMESTAMP '2019-04-23 23:08:58.335', 'Reply 1 Lorem ipsum dolor sit amet, co', 7, 313, 312),
(316, TIMESTAMP '2019-04-23 23:08:58.336', TIMESTAMP '2019-04-23 23:08:58.336', 'Reply 2 Lorem ipsum dolor sit amet, consectetur adipi', 20, 313, 312),
(317, TIMESTAMP '2019-04-23 23:08:58.337', TIMESTAMP '2019-04-23 23:08:58.337', 'Reply 3 Lorem ipsum dolor sit amet, ', 7, 313, 312),
(318, TIMESTAMP '2019-04-23 23:08:58.339', TIMESTAMP '2019-04-23 23:08:58.339', 'Reply 4 Lorem ipsum dolor sit amet, consectetur adipiscing eli', 9, 313, 312),
(320, TIMESTAMP '2019-04-23 23:08:58.373', TIMESTAMP '2019-04-23 23:08:58.373', 'Comment on root level. I really like this idea, but needs to be improved. 1556053738373', 4, NULL, 319),
(321, TIMESTAMP '2019-04-23 23:08:58.375', TIMESTAMP '2019-04-23 23:08:58.375', 'Reply 0 Lorem ipsum dolor sit amet, consectetur adipiscing elit, sed do eiu', 3, 320, 319),
(322, TIMESTAMP '2019-04-23 23:08:58.376', TIMESTAMP '2019-04-23 23:08:58.376', 'Reply 1 Lorem ipsum dolor sit amet, consectetur adipiscing elit, sed do eiusmod tempor i', 8, 320, 319),
(323, TIMESTAMP '2019-04-23 23:08:58.378', TIMESTAMP '2019-04-23 23:08:58.378', 'Reply 2 Lorem ipsum dolor sit amet,', 13, 320, 319);
INSERT INTO PUBLIC.COMMENTS(ID, CREATED_AT, UPDATED_AT, COMMENT, CREATED_BY_ID, PARENT_ID, PROPOSAL_ID) VALUES
(324, TIMESTAMP '2019-04-23 23:08:58.38', TIMESTAMP '2019-04-23 23:08:58.38', 'Reply 3 Lorem ipsum dolor sit amet, consectetur adipiscing elit, sed do eiusmod tempor inci', 12, 320, 319),
(326, TIMESTAMP '2019-04-23 23:08:58.416', TIMESTAMP '2019-04-23 23:08:58.416', 'Comment on root level. I really like this idea, but needs to be improved. 1556053738416', 9, NULL, 325),
(327, TIMESTAMP '2019-04-23 23:08:58.418', TIMESTAMP '2019-04-23 23:08:58.418', 'Reply 0 Lorem ipsum dolor sit amet, consectetur adipiscing elit, sed d', 15, 326, 325),
(328, TIMESTAMP '2019-04-23 23:08:58.419', TIMESTAMP '2019-04-23 23:08:58.419', 'Reply 1 Lorem ipsum dolor sit amet, consectetu', 5, 326, 325),
(329, TIMESTAMP '2019-04-23 23:08:58.42', TIMESTAMP '2019-04-23 23:08:58.42', 'Reply 2 Lorem ipsum dolor sit amet', 16, 326, 325),
(330, TIMESTAMP '2019-04-23 23:08:58.421', TIMESTAMP '2019-04-23 23:08:58.421', 'Reply 3 Lorem ipsum dolor sit amet, consectetur adipiscing elit', 19, 326, 325),
(331, TIMESTAMP '2019-04-23 23:08:58.422', TIMESTAMP '2019-04-23 23:08:58.422', 'Reply 4 Lorem ipsum dolor sit amet, consectetur adipiscing elit, sed do eiusmod ', 8, 326, 325),
(332, TIMESTAMP '2019-04-23 23:08:58.423', TIMESTAMP '2019-04-23 23:08:58.423', 'Reply 5 Lorem ipsum dolor sit amet, consectetur adipi', 13, 326, 325),
(350, TIMESTAMP '2019-04-23 23:09:03.952', TIMESTAMP '2019-04-23 23:09:03.952', 'Comment on root level. I really like this idea, but needs to be improved. 1556053743952', 7, NULL, 349),
(351, TIMESTAMP '2019-04-23 23:09:03.953', TIMESTAMP '2019-04-23 23:09:03.953', 'Reply 0 Lorem ipsum dolor s', 14, 350, 349),
(352, TIMESTAMP '2019-04-23 23:09:03.954', TIMESTAMP '2019-04-23 23:09:03.954', 'Reply 1 Lorem ipsum dolor sit amet, consectetur adipiscing elit, sed do eiusmod tempor inci', 1, 350, 349),
(353, TIMESTAMP '2019-04-23 23:09:03.955', TIMESTAMP '2019-04-23 23:09:03.955', 'Reply 2 Lorem ipsum dolor sit amet, consectetur adipiscing eli', 7, 350, 349),
(356, TIMESTAMP '2019-04-23 23:09:03.988', TIMESTAMP '2019-04-23 23:09:03.988', 'Comment on root level. I really like this idea, but needs to be improved. 1556053743987', 19, NULL, 355),
(357, TIMESTAMP '2019-04-23 23:09:03.989', TIMESTAMP '2019-04-23 23:09:03.989', 'Reply 0 Lorem ipsum dolor sit amet, consectetur adipiscing elit, sed do eiusmod tempor', 6, 356, 355),
(358, TIMESTAMP '2019-04-23 23:09:03.991', TIMESTAMP '2019-04-23 23:09:03.991', 'Reply 1 Lorem ipsum dolor sit amet, consectetur adipiscing elit, sed do eiusmod tempor incididunt ut labore', 17, 356, 355),
(359, TIMESTAMP '2019-04-23 23:09:03.992', TIMESTAMP '2019-04-23 23:09:03.992', 'Reply 2 Lorem ipsum dolor sit amet, co', 4, 356, 355),
(360, TIMESTAMP '2019-04-23 23:09:03.994', TIMESTAMP '2019-04-23 23:09:03.994', 'Reply 3 Lorem ipsum dolor sit amet, consectetur adipiscin', 17, 356, 355),
(361, TIMESTAMP '2019-04-23 23:09:03.996', TIMESTAMP '2019-04-23 23:09:03.996', 'Reply 4 Lorem ipsum dolor sit amet, consectetur adipiscing elit, sed do eiusmod tempor incididunt ', 3, 356, 355),
(362, TIMESTAMP '2019-04-23 23:09:03.998', TIMESTAMP '2019-04-23 23:09:03.998', 'Reply 5 Lorem ipsum dolor sit amet, consectetur adipiscing elit, sed do eiusmo', 17, 356, 355),
(363, TIMESTAMP '2019-04-23 23:09:03.999', TIMESTAMP '2019-04-23 23:09:03.999', 'Reply 6 Lorem ipsum dolor sit amet, c', 2, 356, 355),
(365, TIMESTAMP '2019-04-23 23:09:04.029', TIMESTAMP '2019-04-23 23:09:04.029', 'Comment on root level. I really like this idea, but needs to be improved. 1556053744029', 11, NULL, 364),
(366, TIMESTAMP '2019-04-23 23:09:04.031', TIMESTAMP '2019-04-23 23:09:04.031', 'Reply 0 Lorem ipsum dolor sit amet, consectetur adipiscing elit, sed do eiusmod tem', 16, 365, 364),
(367, TIMESTAMP '2019-04-23 23:09:04.032', TIMESTAMP '2019-04-23 23:09:04.032', 'Reply 1 Lorem ipsum dolor sit amet, consectetur adipiscing elit, sed do eiusmod tempor incididunt ut l', 6, 365, 364),
(369, TIMESTAMP '2019-04-23 23:09:04.077', TIMESTAMP '2019-04-23 23:09:04.077', 'Comment on root level. I really like this idea, but needs to be improved. 1556053744076', 10, NULL, 368);
INSERT INTO PUBLIC.COMMENTS(ID, CREATED_AT, UPDATED_AT, COMMENT, CREATED_BY_ID, PARENT_ID, PROPOSAL_ID) VALUES
(370, TIMESTAMP '2019-04-23 23:09:04.078', TIMESTAMP '2019-04-23 23:09:04.078', 'Reply 0 Lorem ipsum dolor sit amet, consectetur adipis', 4, 369, 368),
(371, TIMESTAMP '2019-04-23 23:09:04.08', TIMESTAMP '2019-04-23 23:09:04.08', 'Reply 1 Lorem ipsum dolor sit amet, cons', 2, 369, 368),
(372, TIMESTAMP '2019-04-23 23:09:04.082', TIMESTAMP '2019-04-23 23:09:04.082', 'Reply 2 Lorem ipsum dolor sit amet, consectetur adipiscing elit, sed do eiusmod tempor inci', 14, 369, 368),
(373, TIMESTAMP '2019-04-23 23:09:04.093', TIMESTAMP '2019-04-23 23:09:04.093', 'Reply 3 Lorem ipsum dolor sit amet, consectetur adipiscing elit, sed do eiusmod temp', 4, 369, 368),
(374, TIMESTAMP '2019-04-23 23:09:04.105', TIMESTAMP '2019-04-23 23:09:04.105', 'Reply 4 Lorem ipsum dolor sit amet, consectetur adipiscing el', 17, 369, 368),
(375, TIMESTAMP '2019-04-23 23:09:04.108', TIMESTAMP '2019-04-23 23:09:04.108', 'Reply 5 Lorem ipsum dolor sit amet, consectetur adipiscing elit, sed do eiusmod tem', 8, 369, 368),
(377, TIMESTAMP '2019-04-23 23:09:04.191', TIMESTAMP '2019-04-23 23:09:04.191', 'Comment on root level. I really like this idea, but needs to be improved. 1556053744191', 8, NULL, 376),
(378, TIMESTAMP '2019-04-23 23:09:04.193', TIMESTAMP '2019-04-23 23:09:04.193', 'Reply 0 Lorem ipsum dolor sit amet, consectetur adipiscing elit, sed do eiusm', 19, 377, 376),
(379, TIMESTAMP '2019-04-23 23:09:04.195', TIMESTAMP '2019-04-23 23:09:04.195', 'Reply 1 Lorem ipsum dolor sit a', 16, 377, 376),
(380, TIMESTAMP '2019-04-23 23:09:04.196', TIMESTAMP '2019-04-23 23:09:04.196', 'Reply 2 Lorem ipsum dolor sit amet, consectetur adipiscing elit, sed do eiusmod tempor i', 19, 377, 376),
(381, TIMESTAMP '2019-04-23 23:09:04.199', TIMESTAMP '2019-04-23 23:09:04.199', 'Reply 3 Lorem ipsum dolor sit amet, consectetur adipiscing elit, sed do eiusmod tempor in', 10, 377, 376),
(382, TIMESTAMP '2019-04-23 23:09:04.2', TIMESTAMP '2019-04-23 23:09:04.2', 'Reply 4 Lorem ipsum do', 1, 377, 376),
(383, TIMESTAMP '2019-04-23 23:09:04.203', TIMESTAMP '2019-04-23 23:09:04.203', 'Reply 5 Lorem ipsum dolor sit amet, consectetur adipiscing elit, sed do eiusmod tempor', 19, 377, 376),
(384, TIMESTAMP '2019-04-23 23:09:04.204', TIMESTAMP '2019-04-23 23:09:04.204', 'Reply 6 Lorem ipsum dolor sit amet, consectetur adipiscing el', 7, 377, 376),
(385, TIMESTAMP '2019-04-23 23:09:04.205', TIMESTAMP '2019-04-23 23:09:04.205', 'Reply 7 Lorem ipsum dolor sit amet, consectetur a', 18, 377, 376);
CREATE MEMORY TABLE PUBLIC.COMMENTS_DOWN_VOTERS(
COMMENT_MODEL_ID BIGINT NOT NULL,
DOWN_VOTERS_ID BIGINT NOT NULL
);
ALTER TABLE PUBLIC.COMMENTS_DOWN_VOTERS ADD CONSTRAINT PUBLIC.CONSTRAINT_2 PRIMARY KEY(COMMENT_MODEL_ID, DOWN_VOTERS_ID);
-- 348 +/- SELECT COUNT(*) FROM PUBLIC.COMMENTS_DOWN_VOTERS;
INSERT INTO PUBLIC.COMMENTS_DOWN_VOTERS(COMMENT_MODEL_ID, DOWN_VOTERS_ID) VALUES
(194, 2),
(194, 4),
(194, 8),
(194, 14),
(194, 15),
(194, 12),
(195, 14),
(195, 5),
(196, 20),
(196, 7),
(197, 4),
(197, 6),
(197, 18),
(197, 5),
(199, 2),
(199, 14),
(200, 14),
(200, 19),
(201, 4),
(201, 19),
(201, 12),
(202, 20),
(202, 14),
(203, 11),
(203, 19),
(205, 14),
(205, 5),
(206, 20),
(206, 10),
(206, 1),
(207, 20),
(207, 3),
(207, 19),
(209, 1),
(209, 16),
(210, 4),
(210, 17),
(210, 20),
(210, 9),
(211, 6),
(211, 13),
(211, 12),
(211, 9),
(213, 17),
(213, 20),
(213, 9),
(214, 13),
(214, 20),
(214, 14),
(214, 10),
(214, 1),
(215, 2),
(216, 17),
(217, 20),
(218, 18),
(218, 20),
(218, 7),
(218, 19),
(218, 9),
(219, 13),
(219, 10),
(219, 3),
(219, 5),
(230, 2),
(230, 14),
(230, 10),
(230, 12),
(231, 13),
(231, 11),
(231, 15),
(231, 12),
(232, 14),
(233, 2),
(233, 15),
(234, 8),
(234, 19),
(234, 15),
(234, 12),
(236, 4),
(236, 15),
(241, 13),
(241, 3),
(242, 19),
(243, 13),
(243, 20),
(243, 16),
(243, 9),
(244, 1),
(244, 15),
(245, 18),
(246, 15),
(248, 4),
(248, 2),
(248, 15),
(248, 5),
(249, 9),
(250, 6),
(250, 11),
(250, 16),
(250, 15),
(250, 12),
(251, 2),
(251, 11),
(252, 8),
(252, 7),
(255, 4),
(255, 17),
(255, 18),
(255, 15),
(256, 13),
(256, 19),
(257, 4),
(257, 6),
(257, 19),
(257, 5),
(258, 18),
(259, 14),
(259, 15),
(259, 5),
(260, 4),
(263, 3),
(263, 16),
(263, 5),
(264, 4),
(264, 15),
(264, 5),
(264, 12),
(265, 10),
(265, 19),
(266, 6),
(266, 18),
(267, 2),
(267, 7),
(267, 1),
(268, 4),
(268, 2),
(268, 11),
(268, 1),
(268, 15),
(268, 12),
(269, 7),
(269, 3),
(269, 9),
(271, 2),
(271, 17),
(271, 18),
(271, 7),
(271, 12),
(272, 13),
(272, 16),
(273, 17),
(273, 19),
(274, 13),
(274, 20),
(274, 7),
(274, 10),
(274, 15),
(277, 13),
(277, 1),
(278, 6),
(278, 8),
(278, 9),
(279, 8),
(280, 8),
(280, 12),
(282, 2),
(283, 18),
(283, 10),
(283, 3),
(283, 9),
(284, 8),
(284, 3),
(286, 6),
(286, 8),
(287, 8),
(287, 20),
(287, 7),
(287, 10),
(288, 13),
(288, 10),
(288, 3),
(288, 16),
(288, 9),
(289, 13),
(289, 10),
(289, 16),
(289, 12),
(290, 18),
(290, 3),
(292, 18),
(293, 13),
(293, 12),
(294, 4),
(294, 7),
(294, 19),
(295, 15),
(297, 16),
(297, 15),
(298, 17),
(299, 4),
(299, 3),
(300, 13),
(300, 19),
(301, 4),
(301, 17),
(301, 20),
(301, 14),
(302, 16),
(303, 11),
(303, 8),
(303, 1),
(303, 19),
(304, 11),
(304, 7),
(304, 16),
(305, 18),
(305, 20),
(305, 5),
(308, 13),
(308, 18),
(308, 19),
(309, 20),
(311, 7),
(311, 15),
(313, 2),
(313, 8),
(313, 16),
(314, 20),
(315, 7),
(315, 16),
(315, 5),
(316, 11),
(316, 18),
(316, 3),
(316, 9),
(318, 4),
(318, 8),
(318, 19),
(318, 9),
(320, 4),
(320, 9),
(321, 11),
(321, 10),
(321, 9),
(322, 18),
(322, 17),
(322, 12),
(323, 4),
(324, 8),
(324, 7),
(324, 19),
(324, 16),
(324, 9),
(326, 18),
(326, 14),
(327, 7),
(328, 12),
(330, 11),
(330, 1),
(330, 15),
(331, 17),
(331, 20),
(332, 6),
(332, 20),
(332, 1),
(332, 12),
(350, 17),
(350, 16),
(350, 12),
(351, 18),
(352, 4),
(352, 10),
(352, 15),
(352, 16),
(352, 5),
(353, 4),
(353, 11),
(353, 3),
(356, 11),
(357, 4),
(357, 17),
(358, 11),
(358, 14),
(358, 19),
(359, 11),
(359, 3),
(359, 15),
(360, 11),
(361, 18),
(361, 1),
(362, 6),
(363, 4),
(363, 8),
(363, 19),
(363, 5),
(363, 9),
(366, 18),
(366, 10),
(366, 19),
(367, 4),
(369, 3),
(370, 6),
(370, 13),
(370, 18),
(370, 1),
(371, 18),
(371, 15),
(371, 9),
(372, 8),
(372, 9),
(374, 7),
(374, 1),
(374, 3),
(374, 15),
(375, 8),
(375, 1),
(377, 2),
(377, 1),
(377, 15),
(378, 2),
(378, 11),
(378, 14),
(378, 12),
(379, 18),
(379, 14),
(379, 19),
(379, 9),
(380, 18),
(380, 12),
(381, 2),
(382, 13),
(382, 17),
(382, 18),
(382, 15),
(382, 12),
(383, 1),
(383, 16),
(384, 7),
(384, 12),
(384, 9),
(385, 2),
(385, 4),
(385, 6),
(385, 18),
(385, 20),
(385, 14),
(385, 16),
(385, 9);
CREATE MEMORY TABLE PUBLIC.COMMENTS_UP_VOTERS(
COMMENT_MODEL_ID BIGINT NOT NULL,
UP_VOTERS_ID BIGINT NOT NULL
);
ALTER TABLE PUBLIC.COMMENTS_UP_VOTERS ADD CONSTRAINT PUBLIC.CONSTRAINT_20 PRIMARY KEY(COMMENT_MODEL_ID, UP_VOTERS_ID);
-- 336 +/- SELECT COUNT(*) FROM PUBLIC.COMMENTS_UP_VOTERS;
INSERT INTO PUBLIC.COMMENTS_UP_VOTERS(COMMENT_MODEL_ID, UP_VOTERS_ID) VALUES
(195, 2),
(195, 13),
(195, 5),
(195, 9),
(196, 4),
(196, 17),
(196, 10),
(197, 4),
(199, 4),
(199, 8),
(199, 11),
(199, 20),
(199, 16),
(200, 13),
(200, 6),
(200, 20),
(200, 15),
(200, 12),
(201, 12),
(202, 13),
(202, 3),
(202, 15),
(202, 9),
(203, 3),
(205, 17),
(205, 5),
(205, 12),
(206, 16),
(207, 17),
(207, 10),
(207, 15),
(209, 20),
(209, 7),
(209, 15),
(210, 2),
(210, 4),
(210, 20),
(210, 15),
(211, 19),
(213, 9),
(214, 17),
(215, 2),
(215, 13),
(215, 8),
(216, 13),
(216, 15),
(217, 2),
(217, 8),
(217, 17),
(217, 15),
(218, 7),
(218, 9),
(219, 6),
(231, 13),
(231, 17),
(231, 14),
(232, 10),
(233, 4),
(233, 8),
(233, 11),
(233, 18),
(233, 1),
(233, 19),
(233, 9),
(234, 4),
(234, 10),
(234, 1),
(234, 12),
(235, 13),
(235, 17),
(235, 14),
(236, 4),
(236, 8),
(236, 18),
(236, 14),
(236, 12),
(241, 11),
(241, 20),
(241, 7),
(241, 14),
(241, 10),
(242, 8),
(243, 18),
(243, 7),
(243, 19),
(245, 19),
(245, 16),
(246, 11),
(246, 17),
(246, 20),
(246, 9),
(248, 13),
(248, 15),
(249, 2),
(249, 6),
(249, 17),
(249, 16),
(250, 10),
(250, 5),
(251, 18),
(251, 7),
(251, 10),
(252, 5),
(254, 8),
(254, 20),
(254, 19),
(254, 15),
(255, 4),
(255, 13),
(256, 14),
(256, 10),
(256, 15),
(258, 18),
(258, 7),
(258, 1),
(259, 13),
(259, 18),
(259, 5),
(260, 4),
(260, 18),
(260, 12),
(261, 10),
(263, 3),
(264, 4),
(264, 13),
(264, 1),
(264, 19),
(264, 9),
(265, 10),
(265, 19),
(266, 2),
(266, 8),
(266, 15),
(266, 5),
(267, 11),
(267, 18),
(267, 20),
(267, 15),
(267, 16),
(268, 16),
(268, 5),
(268, 9),
(269, 6),
(269, 18),
(269, 7),
(271, 17),
(271, 7),
(271, 14),
(271, 12),
(272, 4),
(272, 8),
(272, 5),
(273, 11),
(273, 17),
(277, 2),
(277, 6),
(278, 11),
(279, 8),
(279, 14),
(279, 9),
(280, 8),
(280, 20),
(280, 10),
(280, 3),
(280, 15),
(282, 6),
(282, 5),
(283, 5),
(283, 9),
(284, 8),
(284, 19),
(284, 15),
(286, 17),
(286, 10),
(286, 1),
(287, 7),
(287, 15),
(288, 11),
(289, 10),
(289, 1),
(290, 8),
(290, 10),
(292, 4),
(292, 7),
(292, 19),
(292, 12),
(293, 8),
(293, 16),
(294, 2),
(295, 4),
(295, 7),
(295, 10),
(295, 19),
(297, 4),
(297, 14),
(297, 5),
(297, 9),
(298, 11),
(298, 19),
(299, 18),
(300, 17),
(300, 9),
(301, 7),
(301, 9),
(303, 13),
(303, 14),
(304, 19),
(305, 20),
(305, 1),
(308, 11),
(308, 14),
(308, 1),
(308, 16),
(309, 4),
(309, 17),
(309, 16),
(310, 17),
(310, 10),
(310, 1),
(311, 2),
(311, 6),
(311, 17),
(311, 16),
(314, 13),
(314, 9),
(315, 7),
(316, 14),
(316, 10),
(316, 1),
(316, 3),
(317, 8),
(317, 20),
(317, 3),
(317, 19),
(317, 12),
(317, 9),
(318, 15),
(320, 2),
(320, 20),
(320, 10),
(320, 3),
(321, 11),
(321, 17),
(322, 13),
(322, 11),
(323, 18),
(323, 7),
(323, 9),
(324, 9),
(326, 8),
(326, 11),
(326, 20),
(326, 14),
(327, 1),
(327, 16),
(327, 15),
(328, 13),
(328, 17),
(328, 15),
(329, 14),
(330, 1),
(330, 16),
(331, 13),
(332, 2),
(332, 3),
(332, 15),
(351, 10),
(352, 20),
(352, 15),
(353, 1),
(353, 3),
(356, 6),
(356, 20),
(356, 5),
(356, 12),
(356, 9),
(357, 2),
(357, 13),
(357, 20),
(357, 16),
(357, 15),
(357, 5),
(358, 8),
(358, 1),
(359, 18),
(359, 17),
(359, 7),
(359, 10),
(359, 16),
(361, 11),
(361, 18),
(361, 14),
(361, 10),
(362, 12),
(365, 18),
(365, 20),
(365, 14),
(366, 4),
(366, 3),
(367, 20),
(367, 10),
(367, 16),
(369, 20),
(369, 7),
(369, 12),
(370, 1),
(370, 3),
(370, 15),
(371, 18),
(373, 4),
(373, 18),
(373, 3),
(373, 12),
(374, 6),
(374, 8),
(374, 10),
(374, 15),
(375, 13),
(377, 13),
(377, 17),
(377, 3),
(378, 6),
(379, 1),
(379, 15),
(379, 5),
(379, 9),
(380, 18),
(381, 20),
(381, 14),
(382, 17),
(383, 18),
(384, 1),
(384, 15),
(384, 5),
(385, 4),
(385, 1);
CREATE MEMORY TABLE PUBLIC.DELEGATIONS(
ID BIGINT NOT NULL,
CREATED_AT TIMESTAMP NOT NULL,
UPDATED_AT TIMESTAMP NOT NULL,
REQUESTED_DELEGATION_AT TIMESTAMP,
TRANSITIVE BOOLEAN NOT NULL,
AREA_ID BIGINT NOT NULL,
FROM_USER_ID BIGINT NOT NULL,
REQUESTED_DELEGATION_FROM_CHECKSUM_CHECKSUM VARCHAR(255),
TO_PROXY_ID BIGINT NOT NULL
);
ALTER TABLE PUBLIC.DELEGATIONS ADD CONSTRAINT PUBLIC.CONSTRAINT_8 PRIMARY KEY(ID);
-- 9 +/- SELECT COUNT(*) FROM PUBLIC.DELEGATIONS;
INSERT INTO PUBLIC.DELEGATIONS(ID, CREATED_AT, UPDATED_AT, REQUESTED_DELEGATION_AT, TRANSITIVE, AREA_ID, FROM_USER_ID, REQUESTED_DELEGATION_FROM_CHECKSUM_CHECKSUM, TO_PROXY_ID) VALUES
(220, TIMESTAMP '2019-04-23 23:08:52.697', TIMESTAMP '2019-04-23 23:08:52.697', NULL, TRUE, 21, 2, NULL, 1),
(221, TIMESTAMP '2019-04-23 23:08:53.313', TIMESTAMP '2019-04-23 23:08:53.313', NULL, TRUE, 21, 3, NULL, 1),
(222, TIMESTAMP '2019-04-23 23:08:53.925', TIMESTAMP '2019-04-23 23:08:53.925', NULL, TRUE, 21, 4, NULL, 1),
(223, TIMESTAMP '2019-04-23 23:08:54.44', TIMESTAMP '2019-04-23 23:08:54.44', TIMESTAMP '2019-04-23 23:08:54.44', TRUE, 21, 5, '$2a$10$1IdrGrRAN2Wp3U7QI.JIzuaW/fGb8Z2mJgsKxYwe5.NrtAFNxSQVS', 2),
(224, TIMESTAMP '2019-04-23 23:08:55.091', TIMESTAMP '2019-04-23 23:08:55.091', NULL, TRUE, 21, 6, NULL, 3),
(225, TIMESTAMP '2019-04-23 23:08:55.706', TIMESTAMP '2019-04-23 23:08:55.706', NULL, TRUE, 21, 7, NULL, 4),
(226, TIMESTAMP '2019-04-23 23:08:56.314', TIMESTAMP '2019-04-23 23:08:56.314', NULL, TRUE, 21, 10, NULL, 7),
(227, TIMESTAMP '2019-04-23 23:08:56.915', TIMESTAMP '2019-04-23 23:08:56.915', NULL, TRUE, 21, 11, NULL, 7),
(228, TIMESTAMP '2019-04-23 23:08:57.539', TIMESTAMP '2019-04-23 23:08:57.539', NULL, FALSE, 21, 12, NULL, 7);
CREATE MEMORY TABLE PUBLIC.KEY_VALUE(
ID BIGINT NOT NULL,
KEY_COL VARCHAR(255) NOT NULL,
VALUE_COL VARCHAR(255)
);
ALTER TABLE PUBLIC.KEY_VALUE ADD CONSTRAINT PUBLIC.CONSTRAINT_7 PRIMARY KEY(ID);
-- 3 +/- SELECT COUNT(*) FROM PUBLIC.KEY_VALUE;
INSERT INTO PUBLIC.KEY_VALUE(ID, KEY_COL, VALUE_COL) VALUES
(32, 'liquido.supporters.for.proposal', '10'),
(237, 'liquido.days.until.voting.starts', '14'),
(238, 'liquido.duration.of.voting.phase', '14');
CREATE MEMORY TABLE PUBLIC.LAWS(
ID BIGINT NOT NULL,
CREATED_AT TIMESTAMP NOT NULL,
UPDATED_AT TIMESTAMP NOT NULL,
DESCRIPTION VARCHAR(1000) NOT NULL,
REACHED_QUORUM_AT TIMESTAMP,
STATUS INTEGER NOT NULL,
TITLE VARCHAR(255) NOT NULL,
AREA_ID BIGINT NOT NULL,
CREATED_BY_ID BIGINT,
POLL_ID BIGINT
);
ALTER TABLE PUBLIC.LAWS ADD CONSTRAINT PUBLIC.CONSTRAINT_23 PRIMARY KEY(ID);
-- 188 +/- SELECT COUNT(*) FROM PUBLIC.LAWS;
INSERT INTO PUBLIC.LAWS(ID, CREATED_AT, UPDATED_AT, DESCRIPTION, REACHED_QUORUM_AT, STATUS, TITLE, AREA_ID, CREATED_BY_ID, POLL_ID) VALUES
(31, TIMESTAMP '2019-04-22 23:08:49.493', TIMESTAMP '2019-04-23 23:08:49.494', 'xXYvku7M Lorem ipsum dolor sit amet, consectetur adipiscing elit, sed do eiusmod tempor incididunt ut labore et dolore magna aliqua. Ut enim ad minim veniam, quis nostrud exercitation ullamco laboris nisi ut aliquip ex ea commodo consequat. Duis aute irure dolor in reprehenderit in volupta', NULL, 0, 'Idea 0 title from TestFixtures', 21, 13, NULL),
(33, TIMESTAMP '2019-04-21 23:08:49.526', TIMESTAMP '2019-04-22 23:08:49.526', 'PRwD4HDp Lorem ipsum dolor sit amet, consectetur adipiscing elit, sed do eiusmod tempor incididunt ut labore et dolore magna aliqua. Ut enim ad minim veniam, quis nostrud exercitation ullamco laboris nisi ut aliquip ex ea commodo consequat. Duis aute irure dolor in reprehenderit in voluptate velit esse cillum dolore eu fugiat nulla pariatur. Excepteur sint occaecat cupidatat non proident, sunt in culpa q', NULL, 0, 'Idea 1 that suggest that we definitely need a longer title for ideas', 22, 2, NULL),
(34, TIMESTAMP '2019-04-20 23:08:49.555', TIMESTAMP '2019-04-21 23:08:49.555', 'e0DUSC3x Lorem ipsum dolor sit amet, consectetur adipiscing elit, sed do eiusmod tempor incididunt ut labore et dolore magna aliqua. Ut enim ad minim veniam, quis nostrud exercitation ullamco laboris nisi ut aliquip ex ea commodo consequat. Duis aute irure dolor in reprehenderit in vol', NULL, 0, 'Idea 2 that suggest that we definitely need a longer title for ideas', 23, 2, NULL),
(35, TIMESTAMP '2019-04-19 23:08:49.592', TIMESTAMP '2019-04-20 23:08:49.592', 'Fey8AxYO Lorem ipsum dol', NULL, 0, 'Idea 3 that suggest that we definitely need a longer title for ideas', 24, 8, NULL),
(36, TIMESTAMP '2019-04-18 23:08:49.63', TIMESTAMP '2019-04-19 23:08:49.63', '9rrv2b8X Lorem ipsum dolor sit amet, consectetur adipiscing elit, sed do eiusmod tempor incididunt ut labore et dolore m', NULL, 0, 'Idea 4 that suggest that we definitely need a longer title for ideas', 25, 16, NULL),
(37, TIMESTAMP '2019-04-17 23:08:49.644', TIMESTAMP '2019-04-18 23:08:49.645', 'K3mynUBX Lorem ipsum dolor sit amet, consectetur adipiscing elit, sed do eiusmod tempor incididunt ut labore et dolore magna aliqua. Ut enim ad minim veniam, quis nostrud exercitation ullamco laboris nisi ut aliquip ex ea commodo consequat. Duis aute irure dolor in reprehenderit in voluptate velit esse cillum dolore eu fugiat nulla pariatur. Excepteur sint occaecat cupidatat non proident, sunt in culpa q', NULL, 0, 'Idea 5 that suggest that we definitely need a longer title for ideas', 26, 13, NULL),
(38, TIMESTAMP '2019-04-16 23:08:49.663', TIMESTAMP '2019-04-17 23:08:49.663', '5MCXy9D2 Lorem ipsum dolor sit amet, consectetur adipiscing elit, sed do eiusmod tempor incididunt ut labore et dolore magna aliqua. Ut eni', NULL, 0, 'Idea 6 that suggest that we definitely need a longer title for ideas', 27, 18, NULL),
(39, TIMESTAMP '2019-04-15 23:08:49.682', TIMESTAMP '2019-04-16 23:08:49.682', 'H0gxhap6 Lorem ipsum dolor sit amet, consectetur adipiscing elit, sed do eiusmod tempor incididunt ut labore et dolore magna aliqua. Ut enim ad minim veniam, quis nostrud exercitation ullamco laboris nisi ut aliquip ex ea commodo consequat. Duis aute irure dolor in reprehenderit in voluptate velit esse cillum dolore eu fugiat nulla pariatur. Excepteur sint occaecat cupidatat n', NULL, 0, 'Idea 7 that suggest that we definitely need a longer title for ideas', 28, 5, NULL),
(40, TIMESTAMP '2019-04-14 23:08:49.716', TIMESTAMP '2019-04-15 23:08:49.717', 'CxBBhtn2 Lorem ipsum dolor sit amet, consectetur adipiscing elit, sed do eiusmod tempor incididunt ut labore et dolore magna aliqua. Ut enim ad minim veniam, quis nostrud exercitation ullamco laboris nisi ut aliquip ex ea commodo consequat. Duis aute irure dolor in reprehenderit in voluptate velit esse cillum dolore eu fugiat nul', NULL, 0, 'Idea 8 that suggest that we definitely need a longer title for ideas', 29, 20, NULL),
(41, TIMESTAMP '2019-04-13 23:08:49.73', TIMESTAMP '2019-04-14 23:08:49.73', 'MKp9pkWE Lorem ipsum dolor sit amet, consectetur adipiscing elit, sed do eiusmod tempor incididunt ut labore et dolore magna aliqua. Ut enim ad mi', NULL, 0, 'Idea 9 that suggest that we definitely need a longer title for ideas', 30, 6, NULL);
INSERT INTO PUBLIC.LAWS(ID, CREATED_AT, UPDATED_AT, DESCRIPTION, REACHED_QUORUM_AT, STATUS, TITLE, AREA_ID, CREATED_BY_ID, POLL_ID) VALUES
(42, TIMESTAMP '2019-04-12 23:08:49.745', TIMESTAMP '2019-04-13 23:08:49.745', 'cbakvdfB Lorem ipsum dolor sit amet, consectetur adipiscing elit, sed do eiusmod tempor incididunt ut labore et dolore magna aliqua. Ut enim ad minim ven', NULL, 0, 'Idea 10 that suggest that we definitely need a longer title for ideas', 21, 14, NULL),
(43, TIMESTAMP '2019-04-11 23:08:49.752', TIMESTAMP '2019-04-12 23:08:49.752', 'Yf5nXtvl Lorem ipsum dolor sit amet, consectetur adipiscing elit, sed do eiusmod tempor incididunt ut labore et dolore magna aliqua. Ut enim ad minim veniam, quis nostrud exercitation ullamco laboris nisi ut aliquip ex ea commodo consequat. Duis aute irure dolor in reprehenderit in voluptate velit esse cillum dolore eu fugiat nulla pa', NULL, 0, 'Idea 11 that suggest that we definitely need a longer title for ideas', 22, 5, NULL),
(44, TIMESTAMP '2019-04-10 23:08:49.763', TIMESTAMP '2019-04-11 23:08:49.763', 'shSDX8rW Lorem ipsum dolor sit amet, consectetur adipiscing elit, sed do eiusmod tempor incididunt ut labore et dolore magna aliqua. Ut enim ad minim veniam, quis nostrud exercitation ullamco laboris nisi ut aliquip ex ea commodo consequat. Duis aute irure dolor in reprehenderit in', NULL, 0, 'Idea 12 that suggest that we definitely need a longer title for ideas', 23, 17, NULL),
(45, TIMESTAMP '2019-04-09 23:08:49.783', TIMESTAMP '2019-04-10 23:08:49.783', 'QkoTfZtL Lorem ipsum dolor sit amet, consectetur adipiscing elit, sed do eiusmod tempor incididunt ut labore et dolore magna aliqua. Ut enim ad minim veniam, quis nostrud exercitation ullamco laboris nisi ut aliquip ex ea commodo consequat. Duis aute irure dolor in reprehenderit in voluptate velit esse cillum dolore eu fugiat nulla pariatur. Excepteur sint occaecat cupidatat non proide', NULL, 0, 'Idea 13 that suggest that we definitely need a longer title for ideas', 24, 13, NULL),
(46, TIMESTAMP '2019-04-08 23:08:49.806', TIMESTAMP '2019-04-09 23:08:49.807', 'W5S7TX79 Lorem ipsum dolor sit amet, consectetur adipiscing elit, sed do eiusmod tempor incididunt ut labore et dolore magna aliqua. Ut enim ad minim ven', NULL, 0, 'Idea 14 that suggest that we definitely need a longer title for ideas', 25, 15, NULL),
(47, TIMESTAMP '2019-04-07 23:08:49.821', TIMESTAMP '2019-04-08 23:08:49.821', 'CqMlKZCw Lorem ipsum dolor sit amet, consectetur adipiscing elit, sed do eiusmod tempor incididunt ut labore et dolore magna aliqua. Ut enim ad minim veniam, quis nostrud exercitation ulla', NULL, 0, 'Idea 15 that suggest that we definitely need a longer title for ideas', 26, 1, NULL),
(48, TIMESTAMP '2019-04-06 23:08:49.874', TIMESTAMP '2019-04-07 23:08:49.874', 'qWFXvdFq Lorem ipsum dolor sit amet, consectetu', NULL, 0, 'Idea 16 that suggest that we definitely need a longer title for ideas', 27, 18, NULL),
(49, TIMESTAMP '2019-04-05 23:08:49.903', TIMESTAMP '2019-04-06 23:08:49.903', 'r8vbPfGk Lorem ipsum dolor sit amet, consectetur adipiscing elit, sed do eiusmod tempor incididunt ut labore et dolore magna aliqua. Ut enim ad minim veniam, quis nostrud exercitation ullamco laboris nisi ut aliquip ex ea commodo consequat. Duis aute irure dolor in reprehende', NULL, 0, 'Idea 17 that suggest that we definitely need a longer title for ideas', 28, 13, NULL),
(50, TIMESTAMP '2019-04-04 23:08:49.936', TIMESTAMP '2019-04-05 23:08:49.936', 'gmaNLvVD Lorem ipsum dolor sit amet, consectetur adipiscing elit, sed do eiusmod tempor incididunt ut labore et dolore magna aliqua. Ut enim ad minim veniam, quis nostrud exercitation ullamco laboris nisi ut aliquip ex ea commodo consequat. Duis aute irure dolor in reprehenderit in voluptate', NULL, 0, 'Idea 18 that suggest that we definitely need a longer title for ideas', 29, 3, NULL),
(51, TIMESTAMP '2019-04-03 23:08:49.964', TIMESTAMP '2019-04-04 23:08:49.965', 'ZccQ9u3s Lorem ipsum dolor sit amet, consectetur adipiscing elit, sed do eiusmod tempor incididunt ut labore et dolore magna aliqua. Ut enim ad minim veniam, quis nostrud exercitation ullamco laboris nisi ut aliquip ex ea commodo consequat. Duis aute irure dolor in reprehenderit in voluptate velit esse cillum dolore eu fugiat nulla pariatur. Excepteur sint occaecat cup', NULL, 0, 'Idea 19 that suggest that we definitely need a longer title for ideas', 30, 9, NULL);
INSERT INTO PUBLIC.LAWS(ID, CREATED_AT, UPDATED_AT, DESCRIPTION, REACHED_QUORUM_AT, STATUS, TITLE, AREA_ID, CREATED_BY_ID, POLL_ID) VALUES
(52, TIMESTAMP '2019-04-02 23:08:49.989', TIMESTAMP '2019-04-03 23:08:49.989', 'RSeerS97 Lorem ipsum dolor sit amet, consectetur adipiscing elit, sed do eiusmod tempor incididunt ut labore et dolore magna aliqua. Ut enim ad minim veniam, quis nostrud exercitation ullamco laboris nisi ut aliquip ex ea commodo consequa', NULL, 0, 'Idea 20 that suggest that we definitely need a longer title for ideas', 21, 15, NULL),
(53, TIMESTAMP '2019-04-01 23:08:49.992', TIMESTAMP '2019-04-02 23:08:49.993', 'u5u4zvFu Lorem ipsum dolor sit amet, consectetur adipiscing elit, sed do eiusmod tempor incididunt ut labore et dolore magna aliqua. Ut enim ad minim veniam, quis nostrud exercitation ullamco laboris nisi ut aliquip ex ea commodo consequat. Duis aute irure dolor i', NULL, 0, 'Idea 21 that suggest that we definitely need a longer title for ideas', 22, 12, NULL),
(54, TIMESTAMP '2019-03-31 23:08:50.003', TIMESTAMP '2019-04-01 23:08:50.003', 'fuaBqFZ8 Lorem ipsum dolor sit amet, consectetur adipiscing elit, sed do eiusmod tempor incididunt ut labore e', NULL, 0, 'Idea 22 that suggest that we definitely need a longer title for ideas', 23, 7, NULL),
(55, TIMESTAMP '2019-03-30 23:08:50.022', TIMESTAMP '2019-03-31 23:08:50.023', '0spt9D2B Lorem ipsum dolor sit amet, consectetur adipiscing elit, sed do eiusmod tempor incididunt ut labore et dolore magna aliqua. Ut enim ad minim veniam, quis nostrud exercitation ullamco laboris nisi ut aliquip ex ea commodo consequat. Duis aute irure dolor in reprehenderit in voluptate velit esse cillum dolore eu fugiat nulla pariatur. Exce', NULL, 0, 'Idea 23 that suggest that we definitely need a longer title for ideas', 24, 18, NULL),
(56, TIMESTAMP '2019-03-29 23:08:50.043', TIMESTAMP '2019-03-30 23:08:50.044', 'mFlPshK6 Lorem ipsu', NULL, 0, 'Idea 24 that suggest that we definitely need a longer title for ideas', 25, 7, NULL),
(57, TIMESTAMP '2019-03-28 23:08:50.062', TIMESTAMP '2019-03-29 23:08:50.063', 'ZdXK3cEc Lorem ipsum dolor sit amet, consectetur ', NULL, 0, 'Idea 25 that suggest that we definitely need a longer title for ideas', 26, 4, NULL),
(58, TIMESTAMP '2019-03-27 23:08:50.073', TIMESTAMP '2019-03-28 23:08:50.074', 'N7QaqoAP Lorem ips', NULL, 0, 'Idea 26 that suggest that we definitely need a longer title for ideas', 27, 6, NULL),
(59, TIMESTAMP '2019-03-26 23:08:50.086', TIMESTAMP '2019-03-27 23:08:50.086', 'tblBpznC Lorem ipsum dolor sit amet, consectetur adipiscing elit, sed do eiusmod tempor incididunt ut labore et dolore magna aliqua. Ut enim ad minim veniam, quis nostrud exercitation ullamco laboris nisi ut aliquip ex ea commodo consequat. Duis aute irure dolor in reprehenderit', NULL, 0, 'Idea 27 that suggest that we definitely need a longer title for ideas', 28, 12, NULL),
(60, TIMESTAMP '2019-03-25 23:08:50.091', TIMESTAMP '2019-03-26 23:08:50.091', '3S5l2QsT Lorem ip', NULL, 0, 'Idea 28 that suggest that we definitely need a longer title for ideas', 29, 17, NULL),
(61, TIMESTAMP '2019-03-24 23:08:50.098', TIMESTAMP '2019-03-25 23:08:50.098', 'RaYsQQRo Lorem ipsum dolor sit amet, consectetur adipiscing elit, sed do eiusmod tempor incididunt ut labore et dolore magna aliqua. Ut enim ad minim veniam, quis nostrud exercitation ullamco laboris nisi ut aliquip ex ea commodo consequat. Duis aute irure dolor in reprehenderit in voluptate velit esse cillum dolore eu fugiat nulla pariatur.', NULL, 0, 'Idea 29 that suggest that we definitely need a longer title for ideas', 30, 8, NULL),
(62, TIMESTAMP '2019-03-23 23:08:50.118', TIMESTAMP '2019-03-24 23:08:50.118', 'PEQkUM07 Lorem ipsum dolor sit amet, consectetur adipiscing elit, sed do eiusmod tempor incididunt ut labore et dolore magna aliqua. Ut enim ad minim veniam, quis nostrud exercitation ullamco laboris nisi ut aliquip ex ea commodo consequat. Duis aute irure dolor in repre', NULL, 0, 'Idea 30 that suggest that we definitely need a longer title for ideas', 21, 3, NULL),
(63, TIMESTAMP '2019-03-22 23:08:50.151', TIMESTAMP '2019-03-23 23:08:50.151', 'EClykSCe Lorem ipsum dolor sit amet, consectetur adipiscing elit, sed do eiusmod tempor incididunt ut labore et dolore magna aliqua. Ut enim ad minim veniam, quis nostrud exercitation ullamco laboris nisi ut aliquip ex ea commodo consequat. Duis aute irure dolor in reprehenderit in voluptate velit esse cillum dolore eu fugiat nulla pariatur. Excepteur sint occaecat cupidatat non proident', NULL, 0, 'Idea 31 that suggest that we definitely need a longer title for ideas', 22, 14, NULL);
INSERT INTO PUBLIC.LAWS(ID, CREATED_AT, UPDATED_AT, DESCRIPTION, REACHED_QUORUM_AT, STATUS, TITLE, AREA_ID, CREATED_BY_ID, POLL_ID) VALUES
(64, TIMESTAMP '2019-03-21 23:08:50.158', TIMESTAMP '2019-03-22 23:08:50.159', 'ba2GOPrr Lorem ipsum dolor sit amet, consectetur adipiscing elit, sed do eiusmod tempor incididunt ut labore et dolore magna aliqua. Ut enim ad minim veniam, quis nostrud ex', NULL, 0, 'Idea 32 that suggest that we definitely need a longer title for ideas', 23, 11, NULL),
(65, TIMESTAMP '2019-03-20 23:08:50.171', TIMESTAMP '2019-03-21 23:08:50.171', 'nyP2PCLv Lorem ipsum dolor sit amet, consectetur adipiscing elit, sed do eiusmod tempor incididunt ut labore et dolore magna aliqua. Ut enim ad minim veniam, quis nostrud exercitation ul', NULL, 0, 'Idea 33 that suggest that we definitely need a longer title for ideas', 24, 12, NULL),
(66, TIMESTAMP '2019-03-19 23:08:50.179', TIMESTAMP '2019-03-20 23:08:50.179', '9Gv39ynV Lorem ipsum dolor sit amet, consectetur adipiscing elit, sed do eiusmod tempor incididunt ut labore et dolore magna aliqua. Ut enim ad minim veniam, quis nost', NULL, 0, 'Idea 34 that suggest that we definitely need a longer title for ideas', 25, 4, NULL),
(67, TIMESTAMP '2019-03-18 23:08:50.187', TIMESTAMP '2019-03-19 23:08:50.187', 'nRZva6cM Lorem ipsum dolor sit amet, consecte', NULL, 0, 'Idea 35 that suggest that we definitely need a longer title for ideas', 26, 8, NULL),
(68, TIMESTAMP '2019-03-17 23:08:50.191', TIMESTAMP '2019-03-18 23:08:50.192', 'PLbdmTUS Lorem ipsum dolor sit amet, consectetur adipiscing elit, sed do eiusmod tempor incididunt ut labore et dolore magna aliqu', NULL, 0, 'Idea 36 that suggest that we definitely need a longer title for ideas', 27, 15, NULL),
(69, TIMESTAMP '2019-03-16 23:08:50.202', TIMESTAMP '2019-03-17 23:08:50.202', 'gMQXc6OB Lorem ipsum dolor sit amet, consectetur adipiscing elit, sed do eiusmod tempor incididunt ut labore et dolore magna aliqua. Ut enim ad minim veniam, quis nostrud exercitation ullamco laboris nisi ut aliquip ex ea commodo consequat. Duis aute ir', NULL, 0, 'Idea 37 that suggest that we definitely need a longer title for ideas', 28, 18, NULL),
(70, TIMESTAMP '2019-03-15 23:08:50.207', TIMESTAMP '2019-03-16 23:08:50.207', 'Pz3gocTR Lorem ipsum dolor sit amet, consectetur adipiscing elit, sed do eiusmod tempor incididunt ut labore et dolore magna aliqua. Ut enim ad minim veniam, quis nostrud exercitation ullamco laboris nisi ut aliquip ex ea commodo consequat. Duis aute irure', NULL, 0, 'Idea 38 that suggest that we definitely need a longer title for ideas', 29, 4, NULL),
(71, TIMESTAMP '2019-03-14 23:08:50.216', TIMESTAMP '2019-03-15 23:08:50.216', 'O9B2CQan Lorem ipsum dolor sit amet, consectetur adipiscing elit, sed do eiusmod tempor incididunt ut labore et dolore magna aliqua. Ut enim ad minim veniam, qu', NULL, 0, 'Idea 39 that suggest that we definitely need a longer title for ideas', 30, 19, NULL),
(72, TIMESTAMP '2019-03-13 23:08:50.223', TIMESTAMP '2019-03-14 23:08:50.223', '0oBR5e7l Lorem ipsum dolor sit amet, consectetur adipiscing elit, sed do eiusmod tempor incididunt ut labore et dolore magna aliqua. Ut enim ad minim veniam, quis nostrud exercitation ullamco laboris nisi ut aliquip ex ea commodo consequat. Duis aute irure dolor in reprehenderit in voluptate velit esse cillum dolore eu fugiat nulla pariatur. Excepteur sint', NULL, 0, 'Idea 40 that suggest that we definitely need a longer title for ideas', 21, 17, NULL),
(73, TIMESTAMP '2019-03-12 23:08:50.225', TIMESTAMP '2019-03-13 23:08:50.225', 'zFstNBNF Lorem ipsum dolor sit amet, consectetur adipiscing elit, sed do eiusmod tempor incididunt ut labore et dolore magna aliqua. Ut enim ad minim ve', NULL, 0, 'Idea 41 that suggest that we definitely need a longer title for ideas', 22, 16, NULL),
(74, TIMESTAMP '2019-03-11 23:08:50.242', TIMESTAMP '2019-03-12 23:08:50.242', 'XFElBTWW Lorem ipsum dolor sit amet, consectetur adipiscing elit, sed do eiusmod tempor incididunt ut labore et dolore magn', NULL, 0, 'Idea 42 that suggest that we definitely need a longer title for ideas', 23, 16, NULL);
INSERT INTO PUBLIC.LAWS(ID, CREATED_AT, UPDATED_AT, DESCRIPTION, REACHED_QUORUM_AT, STATUS, TITLE, AREA_ID, CREATED_BY_ID, POLL_ID) VALUES
(75, TIMESTAMP '2019-03-10 23:08:50.255', TIMESTAMP '2019-03-11 23:08:50.255', 'mBqRXbQl Lorem ', NULL, 0, 'Idea 43 that suggest that we definitely need a longer title for ideas', 24, 7, NULL),
(76, TIMESTAMP '2019-03-09 23:08:50.257', TIMESTAMP '2019-03-10 23:08:50.258', '6Oq82PYz Lorem ips', NULL, 0, 'Idea 44 that suggest that we definitely need a longer title for ideas', 25, 13, NULL),
(77, TIMESTAMP '2019-03-08 23:08:50.263', TIMESTAMP '2019-03-09 23:08:50.263', '6atw2R4u Lorem ipsum dolor sit amet, consectetur adipiscing elit, sed do eiusmod tempor incididunt ut labore et dolore magna aliqu', NULL, 0, 'Idea 45 that suggest that we definitely need a longer title for ideas', 26, 14, NULL),
(78, TIMESTAMP '2019-03-07 23:08:50.272', TIMESTAMP '2019-03-08 23:08:50.273', 'N2OZ0Dpd Lorem ipsum dolor sit amet, consectetur adipiscing elit, sed do eiusmod tempor incididunt ut labore et dolore magna aliqua. Ut enim ad minim veniam, quis nostrud exercitation ullamco laboris nisi ut aliquip ex ea commodo consequat. Duis aute irure dolor in reprehenderit in voluptate velit esse cillum dolore eu fugiat nulla pariatur. Ex', NULL, 0, 'Idea 46 that suggest that we definitely need a longer title for ideas', 27, 16, NULL),
(79, TIMESTAMP '2019-03-06 23:08:50.282', TIMESTAMP '2019-03-07 23:08:50.282', '7OWMwQ0G Lorem ipsum dolo', NULL, 0, 'Idea 47 that suggest that we definitely need a longer title for ideas', 28, 12, NULL),
(80, TIMESTAMP '2019-03-05 23:08:50.298', TIMESTAMP '2019-03-06 23:08:50.299', 'mSWnKqLv Lorem ipsum dolor sit amet, consectetur adipiscing elit, sed do eiusmod tempor incididunt ut labore et dolore magna aliqua. Ut enim ad minim ve', NULL, 0, 'Idea 48 that suggest that we definitely need a longer title for ideas', 29, 5, NULL),
(81, TIMESTAMP '2019-03-04 23:08:50.306', TIMESTAMP '2019-03-05 23:08:50.306', 'KGeTXqFg Lorem ipsum dolor sit amet, consectetur adipiscing elit, sed do eiusmod tempor incididunt ut labore et dolore magna aliqua. Ut enim ad minim veniam, quis nostrud exercitation ullamco laboris nisi ut aliquip ex ea commodo consequat. Duis aute irure dolor in reprehenderit in voluptate velit esse cillum dolore eu fugiat nulla pariatur. Excepteur sint occaecat cupidatat non pr', NULL, 0, 'Idea 49 that suggest that we definitely need a longer title for ideas', 30, 9, NULL),
(82, TIMESTAMP '2019-03-03 23:08:50.314', TIMESTAMP '2019-03-04 23:08:50.314', 'N8FRUDta Lorem ipsum dolor sit amet, consectetur adipiscing elit, sed do eiusmod tempor incididunt ut labore et dolore magna aliqua. Ut enim ad minim veniam, quis nostrud exercitation ullamco labori', NULL, 0, 'Idea 50 that suggest that we definitely need a longer title for ideas', 21, 7, NULL),
(83, TIMESTAMP '2019-03-02 23:08:50.33', TIMESTAMP '2019-03-03 23:08:50.33', 'sD3PrulX Lorem ipsum dolor sit amet, consectetur adipiscing elit, sed do eiusmod tempor incididunt ut labore et dolore magna aliqua. Ut enim ad minim veniam, quis nostrud exercitation ullamco laboris nisi ut aliquip ex ea commodo consequat. Duis aute irure dolor in reprehenderit in voluptate velit esse cillum dolore eu fugiat nulla pariatur. Excepteur s', NULL, 0, 'Idea 51 that suggest that we definitely need a longer title for ideas', 22, 4, NULL),
(84, TIMESTAMP '2019-03-01 23:08:50.337', TIMESTAMP '2019-03-02 23:08:50.338', 'xncXHE5y Lorem ipsum dolor sit amet, consectetur adipiscing elit, sed do eiusmod tempor incididunt ut labore et dolor', NULL, 0, 'Idea 52 that suggest that we definitely need a longer title for ideas', 23, 9, NULL),
(85, TIMESTAMP '2019-02-28 23:08:50.34', TIMESTAMP '2019-03-01 23:08:50.34', 'XhBLD5nU Lorem ipsum dolor sit amet, consectetur adipiscing elit, sed do eiusmod tempor incididunt ut labore et dolore magna aliqua. Ut enim ad minim veniam, quis nostrud exercitation ullamco laboris nisi ut aliquip ex ea commodo consequat. Duis aute irure dolor in reprehenderit in voluptate velit esse cillum dolore eu fugiat nulla pariatur. Excepteur sint occaecat cupidatat non proident, sunt in culpa ', NULL, 0, 'Idea 53 that suggest that we definitely need a longer title for ideas', 24, 15, NULL);
INSERT INTO PUBLIC.LAWS(ID, CREATED_AT, UPDATED_AT, DESCRIPTION, REACHED_QUORUM_AT, STATUS, TITLE, AREA_ID, CREATED_BY_ID, POLL_ID) VALUES
(86, TIMESTAMP '2019-02-27 23:08:50.352', TIMESTAMP '2019-02-28 23:08:50.352', 'OOVPAlxd Lorem ipsum dolor sit amet, consectetur adipiscing elit, sed do eiusmod tempor incididunt ut labore et dolore magna aliqua. Ut enim ad minim veniam, quis nos', NULL, 0, 'Idea 54 that suggest that we definitely need a longer title for ideas', 25, 17, NULL),
(87, TIMESTAMP '2019-02-26 23:08:50.354', TIMESTAMP '2019-02-27 23:08:50.354', 'oYkH8GBK Lorem ipsum dolor sit amet, consectetur adipiscing elit, sed do eiusmod tempor incididunt ut labore et dolore magna aliqua. Ut enim ad minim veniam, quis nostrud exercitation ullamco laboris nisi ut aliquip ex ea commodo consequat. Duis aute irure dolor in reprehenderit in voluptate velit esse cillum dolo', NULL, 0, 'Idea 55 that suggest that we definitely need a longer title for ideas', 26, 2, NULL),
(88, TIMESTAMP '2019-02-25 23:08:50.369', TIMESTAMP '2019-02-26 23:08:50.369', 'fsBdX7k3 Lorem ipsum dolor sit amet, consectetur adipiscing elit, sed do eiusmod tempor incididunt ut labore et dolore magna aliqua. Ut enim ad minim veniam, quis nostrud exercitation ullamco laboris nisi ut aliquip ex ea commodo consequat. Duis aute irure dolor in repr', NULL, 0, 'Idea 56 that suggest that we definitely need a longer title for ideas', 27, 11, NULL),
(89, TIMESTAMP '2019-02-24 23:08:50.373', TIMESTAMP '2019-02-25 23:08:50.373', 'G53hssDD Lorem ipsum dolor sit amet, consectetur adipiscing elit, sed do eiusmod tempor incididunt ut labore et dolore magna aliqua. Ut enim ad minim veniam, quis nostrud exercitation ullamco laboris nisi ut aliquip ex ea commodo consequat. Duis aute irure dolor in reprehenderit in voluptate velit esse cillum dolore eu', NULL, 0, 'Idea 57 that suggest that we definitely need a longer title for ideas', 28, 4, NULL),
(90, TIMESTAMP '2019-02-23 23:08:50.384', TIMESTAMP '2019-02-24 23:08:50.384', 'oX8TrvPh Lorem ipsum dolor sit amet, consectetur adipiscing elit, sed do eiusmod tempor incididunt ut labore et dolore magna aliqua. Ut enim ad minim veniam, quis nostrud exercitation ullamco laboris nisi ut aliquip ex ea commodo consequat. Duis aute irure dolor in reprehenderit in voluptate velit esse cillum dolore eu fugiat nulla pariatur. Excepteur sint occaecat cupidatat non proid', NULL, 0, 'Idea 58 that suggest that we definitely need a longer title for ideas', 29, 15, NULL),
(91, TIMESTAMP '2019-02-22 23:08:50.386', TIMESTAMP '2019-02-23 23:08:50.386', 'V3wNMHwB Lorem ipsum dolor sit amet, consectetur adipiscing elit, sed do eiusmod tempor incididunt ut labore et dolore magna aliqua. Ut enim ad minim veniam, quis nostrud exercitation ullamco laboris nisi ut aliquip ex ea commodo', NULL, 0, 'Idea 59 that suggest that we definitely need a longer title for ideas', 30, 8, NULL),
(92, TIMESTAMP '2019-02-21 23:08:50.394', TIMESTAMP '2019-02-22 23:08:50.395', '4rxenAYl Lorem ipsum dolor sit amet, consectetur adipiscing elit, sed do eiusmod tempor incididunt ut labore et dolore magna aliqua. Ut enim ad minim veniam, quis nostrud exercitation ullamco laboris nisi ut aliquip ex ea commodo consequat. Duis aute irure dolor in reprehenderit in voluptate velit esse ', NULL, 0, 'Idea 60 that suggest that we definitely need a longer title for ideas', 21, 17, NULL),
(93, TIMESTAMP '2019-02-20 23:08:50.4', TIMESTAMP '2019-02-21 23:08:50.401', '25feBAsD Lorem ipsum dolor sit amet, consectetur adipiscing elit, sed do eiusmod tempor incididunt ut labore et dolo', NULL, 0, 'Idea 61 that suggest that we definitely need a longer title for ideas', 22, 9, NULL),
(94, TIMESTAMP '2019-02-19 23:08:50.419', TIMESTAMP '2019-02-20 23:08:50.42', 'mGUlsokq Lorem ipsum dolor sit amet, consectetur adipiscing elit, sed do eiusmod tempor incididunt ut labore et dolore magna aliqua. Ut enim ad minim veniam, qu', NULL, 0, 'Idea 62 that suggest that we definitely need a longer title for ideas', 23, 16, NULL),
(95, TIMESTAMP '2019-02-18 23:08:50.43', TIMESTAMP '2019-02-19 23:08:50.431', 'FamW20dQ Lorem ipsum dolor sit amet, consectetur adipiscing elit, sed do eiusmod tempor incididunt ut labore et dolore magna aliqua. Ut enim ad minim veniam, quis nostr', NULL, 0, 'Idea 63 that suggest that we definitely need a longer title for ideas', 24, 2, NULL);
INSERT INTO PUBLIC.LAWS(ID, CREATED_AT, UPDATED_AT, DESCRIPTION, REACHED_QUORUM_AT, STATUS, TITLE, AREA_ID, CREATED_BY_ID, POLL_ID) VALUES
(96, TIMESTAMP '2019-02-17 23:08:50.44', TIMESTAMP '2019-02-18 23:08:50.44', 'DK9Qlf5A Lorem ipsum dolor sit amet, consectetur adipiscing elit, sed do eiusmod tempor incididunt ut labore et dolore magna aliqua. Ut enim ad minim veniam, quis nostrud exercitation ullamco laboris nisi ut aliquip ex ea commodo consequat. Duis au', NULL, 0, 'Idea 64 that suggest that we definitely need a longer title for ideas', 25, 12, NULL),
(97, TIMESTAMP '2019-02-16 23:08:50.454', TIMESTAMP '2019-02-17 23:08:50.454', 'wV7Xse2n Lorem ipsum dolor sit amet, consectetur adipiscing elit, sed do eiusmod tempor incididunt ut labore et dolore magna al', NULL, 0, 'Idea 65 that suggest that we definitely need a longer title for ideas', 26, 8, NULL),
(98, TIMESTAMP '2019-02-15 23:08:50.469', TIMESTAMP '2019-02-16 23:08:50.469', 'p083gLfz Lorem ipsum dolor sit amet, consectetur adipiscing elit, sed do eiusmod tempor incididunt ut labore et dolore magna aliqua. Ut enim ad minim veniam, quis nostrud exercitation ullamco laboris nisi ut aliquip ex ea commodo consequat. Duis aute irure dolor in reprehenderit in voluptate velit esse cillum dolore eu fugiat nulla pariatur. Excepteur sint occaecat cupidatat non ', NULL, 0, 'Idea 66 that suggest that we definitely need a longer title for ideas', 27, 16, NULL),
(99, TIMESTAMP '2019-02-14 23:08:50.471', TIMESTAMP '2019-02-15 23:08:50.471', 'd9vpLgng Lorem ipsum dolor sit amet, consectetur adipiscing elit, sed do eiusmod tempor incididunt ut labore et dolore magna aliqua. Ut enim ad minim veniam, quis nostrud exercitation ullamco laboris nisi u', NULL, 0, 'Idea 67 that suggest that we definitely need a longer title for ideas', 28, 6, NULL),
(100, TIMESTAMP '2019-02-13 23:08:50.473', TIMESTAMP '2019-02-14 23:08:50.473', 'GbaASen7 Lorem ipsum dolor sit amet, consectetur adipiscing elit, sed do eiusmod tempor incididunt ut labo', NULL, 0, 'Idea 68 that suggest that we definitely need a longer title for ideas', 29, 17, NULL),
(101, TIMESTAMP '2019-02-12 23:08:50.482', TIMESTAMP '2019-02-13 23:08:50.483', '9p4h7C7t Lorem ipsum dolor sit amet, consectetur adipiscing elit, sed do eiusmod tempor incididunt ut labore et dolore magna aliqua. Ut enim ad minim veniam, quis nostrud exercitation ullamco laboris nisi ut aliquip ex ea commodo consequat. Duis aute irure d', NULL, 0, 'Idea 69 that suggest that we definitely need a longer title for ideas', 30, 10, NULL),
(102, TIMESTAMP '2019-02-11 23:08:50.489', TIMESTAMP '2019-02-12 23:08:50.489', 'cDTAaPC8 Lorem ipsum dolor sit amet, consectetur adipiscing elit, sed do eiusmod tempor incididunt ut labore et dolore magna aliqua. Ut enim ad minim veniam, quis nostrud exercitation ullamco laboris nisi ut aliquip ex ea commodo consequat. Duis aute irure dolor in reprehenderit in voluptate velit esse cillum dolore eu fugi', NULL, 0, 'Idea 70 that suggest that we definitely need a longer title for ideas', 21, 18, NULL),
(103, TIMESTAMP '2019-02-10 23:08:50.502', TIMESTAMP '2019-02-11 23:08:50.502', 'ptcZemBN Lorem ipsum dolor sit amet, consectetur adipiscing elit, sed do eiusmod tempor incididunt ut labore et dolore magna aliqua. Ut enim ad minim veniam, qu', NULL, 0, 'Idea 71 that suggest that we definitely need a longer title for ideas', 22, 11, NULL),
(104, TIMESTAMP '2019-02-09 23:08:50.512', TIMESTAMP '2019-02-10 23:08:50.513', '06pwPAVz Lorem ipsum dolor sit amet, consectetur adipiscing elit, sed do eiusmod tempor incididunt ut labore et dolore magna aliqua. Ut enim ad minim veniam, quis no', NULL, 0, 'Idea 72 that suggest that we definitely need a longer title for ideas', 23, 4, NULL),
(105, TIMESTAMP '2019-02-08 23:08:50.523', TIMESTAMP '2019-02-09 23:08:50.523', 'OtYwG5F9 Lorem ipsum dolor sit amet, consectetur adipiscing elit, sed do eiusmod tempor incididunt ut labore et dolore magna aliqua. Ut enim ad minim veniam, quis nostrud exercitation ullamco laboris nisi ut aliquip ex ea commodo consequat. Duis aute irure dolor in reprehenderit in voluptate velit esse cillum dolore eu', NULL, 0, 'Idea 73 that suggest that we definitely need a longer title for ideas', 24, 20, NULL);
INSERT INTO PUBLIC.LAWS(ID, CREATED_AT, UPDATED_AT, DESCRIPTION, REACHED_QUORUM_AT, STATUS, TITLE, AREA_ID, CREATED_BY_ID, POLL_ID) VALUES
(106, TIMESTAMP '2019-02-07 23:08:50.538', TIMESTAMP '2019-02-08 23:08:50.538', 'HHadZSzU Lorem ipsum dolor sit amet, consectetur adipiscing elit, sed do eiusmod tempor incididunt ut labore et dolore magna aliqua. Ut enim ad minim veniam, quis nostrud exercitation ullamco laboris nisi ut aliquip ex ea commodo consequat. Duis aute irure dolor in reprehenderit in voluptate velit esse cillum dolore eu fugiat nulla pariatur. Excepteur sint occaecat cupidatat non proident, sunt in culpa ', NULL, 0, 'Idea 74 that suggest that we definitely need a longer title for ideas', 25, 11, NULL),
(107, TIMESTAMP '2019-02-06 23:08:50.541', TIMESTAMP '2019-02-07 23:08:50.542', '7pWkXfo6 Lorem ipsum dolor sit amet, consectetur adipiscing elit, sed do eiusmod tempor incididunt ut labore et do', NULL, 0, 'Idea 75 that suggest that we definitely need a longer title for ideas', 26, 16, NULL),
(108, TIMESTAMP '2019-02-05 23:08:50.56', TIMESTAMP '2019-02-06 23:08:50.561', 'WQuMEuWF Lorem ipsum dolor sit amet, consectetur adipiscing elit, sed do eiusmod tempor incididunt ut labore et dolore magna aliqua. Ut enim ad minim veniam, quis nostrud e', NULL, 0, 'Idea 76 that suggest that we definitely need a longer title for ideas', 27, 8, NULL),
(109, TIMESTAMP '2019-02-04 23:08:50.566', TIMESTAMP '2019-02-05 23:08:50.567', 'bMT0lBAA Lorem ipsum dolor sit amet, consectetur adipiscing elit, sed do eiusmod tempor incididunt ut labore et dolore magna aliqua. Ut enim ad minim veniam, quis nostrud exercitation ullamco laboris nisi ut aliquip ex ea commodo consequat. Duis aute irure dolor in reprehenderit in voluptate velit esse cillum dolore eu fugiat nulla pariatur. Excepteur sint occaeca', NULL, 0, 'Idea 77 that suggest that we definitely need a longer title for ideas', 28, 8, NULL),
(110, TIMESTAMP '2019-02-03 23:08:50.57', TIMESTAMP '2019-02-04 23:08:50.57', '876OSqxX Lorem ipsum dolor sit amet, consectetur adipiscing elit, sed do eiusmod tempor incididunt ut labore et dolore magna aliqua. Ut enim ad minim veniam, quis nostrud exercitation ullamco labor', NULL, 0, 'Idea 78 that suggest that we definitely need a longer title for ideas', 29, 14, NULL),
(111, TIMESTAMP '2019-02-02 23:08:50.579', TIMESTAMP '2019-02-03 23:08:50.579', 'UfOOUHMK Lorem ipsum dolor sit amet, consectetur adipiscing elit, sed do eiusmod tempor incididunt ut labore et dolore magna aliqua. Ut enim ad minim ve', NULL, 0, 'Idea 79 that suggest that we definitely need a longer title for ideas', 30, 9, NULL),
(112, TIMESTAMP '2019-02-01 23:08:50.585', TIMESTAMP '2019-02-02 23:08:50.585', 'dvxV5E22 Lorem ipsum dolor sit amet, consectetur adipiscing elit, sed do eiusmod tempor incididunt ut labore et dolore magna aliqua. Ut enim ad minim veniam, quis nostrud exercitation ullamco laboris nisi ut aliquip ex ea commodo consequat. Duis a', NULL, 0, 'Idea 80 that suggest that we definitely need a longer title for ideas', 21, 11, NULL),
(113, TIMESTAMP '2019-01-31 23:08:50.592', TIMESTAMP '2019-02-01 23:08:50.592', 'K3nNEplF Lorem ipsum dolor sit amet, consectetur adipiscing elit, sed do eiusmod tempor incididunt ut labore et dolore magna aliqua. Ut enim ad minim veniam, quis nostrud exercitation ullamco laboris nisi ut aliquip ex ea commodo consequat. Duis aute irure dolor in reprehenderit in voluptate velit esse cillum dolore eu fugiat nulla pariatur. Except', NULL, 0, 'Idea 81 that suggest that we definitely need a longer title for ideas', 22, 20, NULL),
(114, TIMESTAMP '2019-01-30 23:08:50.6', TIMESTAMP '2019-01-31 23:08:50.6', 'ddAEgzul Lorem ipsum dolor sit amet, consectetur adipiscing elit, sed do eiusmod tempor incididunt ut labore et dolore magna aliqua. Ut enim ad minim veniam, quis nostrud exercitation ullamco laboris nisi ut aliquip ex ea commodo consequat. Duis aute irure dolor in reprehenderit in voluptate velit esse cillum dolore eu fugiat nulla pariatur. Excepteur sint occaecat cupidatat non proident, sunt', NULL, 0, 'Idea 82 that suggest that we definitely need a longer title for ideas', 23, 4, NULL);
INSERT INTO PUBLIC.LAWS(ID, CREATED_AT, UPDATED_AT, DESCRIPTION, REACHED_QUORUM_AT, STATUS, TITLE, AREA_ID, CREATED_BY_ID, POLL_ID) VALUES
(115, TIMESTAMP '2019-01-29 23:08:50.611', TIMESTAMP '2019-01-30 23:08:50.611', 'fx6DstXW Lorem ipsum dolor sit amet, consectetur adipiscing elit, sed do eiusmod tempor incididunt ut labore et dolore magna aliqua. Ut enim ad minim veniam, quis nostrud exercitation ullamco laboris nisi ut aliquip ex ea commodo conseq', NULL, 0, 'Idea 83 that suggest that we definitely need a longer title for ideas', 24, 13, NULL),
(116, TIMESTAMP '2019-01-28 23:08:50.613', TIMESTAMP '2019-01-29 23:08:50.613', 'e2RYN4HY Lorem ipsum dolor sit amet, consectetur adipiscing elit, sed do eiusmod tempor incididunt ut labore et dolore magna aliqua. Ut enim ad minim veniam, quis nostrud exercitation ullamco laboris nisi ut aliquip ex ea commodo consequat. ', NULL, 0, 'Idea 84 that suggest that we definitely need a longer title for ideas', 25, 14, NULL),
(117, TIMESTAMP '2019-01-27 23:08:50.622', TIMESTAMP '2019-01-28 23:08:50.622', '4hUgySoy Lorem ipsum dolor sit amet, consectetur adipiscing elit, sed do eiusmod tempor incididunt ut labore et dolore magna aliqua. Ut enim ad minim veniam, quis nostrud exercitation ullamco laboris nisi ut aliquip ex ea commodo consequat. Duis aute irure ', NULL, 0, 'Idea 85 that suggest that we definitely need a longer title for ideas', 26, 14, NULL),
(118, TIMESTAMP '2019-01-26 23:08:50.627', TIMESTAMP '2019-01-27 23:08:50.627', 'GzZVL7gW Lorem ipsum dolor sit amet, consectetur adipiscing elit, sed do eiusmod tempor incididunt ut labore et dolore magna aliqua. Ut enim ad minim veniam, quis nostrud exercitation ullamco laboris nisi ut aliquip ex ea commodo consequat. Duis aute irure dolor in reprehenderit in voluptate velit esse cillum dolore eu fu', NULL, 0, 'Idea 86 that suggest that we definitely need a longer title for ideas', 27, 8, NULL),
(119, TIMESTAMP '2019-01-25 23:08:50.644', TIMESTAMP '2019-01-26 23:08:50.644', '6guZQEX2 Lorem ipsum dolor sit amet, consectetur adipiscing elit, sed do eiusmod tempor incididunt ut labore et dolore magna aliqua. Ut enim ad minim veniam, quis nostrud exercitation ullamco laboris nisi ut aliquip ex ea commodo consequat. Duis aute irure dolor in reprehenderit in voluptate velit esse cillum dolore eu fugiat nulla pariatur. Excepteur ', NULL, 0, 'Idea 87 that suggest that we definitely need a longer title for ideas', 28, 6, NULL),
(120, TIMESTAMP '2019-01-24 23:08:50.658', TIMESTAMP '2019-01-25 23:08:50.658', 'TzxN2BYn Lorem ipsum dolor sit amet, consectetur adipiscing elit, sed do eiusmod tempor incididunt ut labore et dolore magna aliqua. Ut enim ad minim veniam, quis nostrud exercitation ullamco laboris nisi ut ali', NULL, 0, 'Idea 88 that suggest that we definitely need a longer title for ideas', 29, 8, NULL),
(121, TIMESTAMP '2019-01-23 23:08:50.661', TIMESTAMP '2019-01-24 23:08:50.661', 'vuNb6rfU Lorem ipsum dolor sit amet, consectetur adipiscing elit, sed do eiusmod tempor incididunt ut labore et dolore magna aliqua. Ut enim ad minim veniam, quis nostrud exercitation ullamco laboris nisi ut aliquip ex ea commodo consequat. Duis aute irure dolor in reprehenderit in voluptate velit esse cillum dolore eu fugiat nulla p', NULL, 0, 'Idea 89 that suggest that we definitely need a longer title for ideas', 30, 12, NULL),
(122, TIMESTAMP '2019-01-22 23:08:50.669', TIMESTAMP '2019-01-23 23:08:50.669', 'MCQ7cus5 Lorem ipsum dolor sit amet, consectetur adipiscing elit, sed do eiusmod tempor incididunt ut labore et dolore magna aliqua. Ut enim ad minim veniam, quis nostrud exercitation ullamco lab', NULL, 0, 'Idea 90 that suggest that we definitely need a longer title for ideas', 21, 19, NULL),
(123, TIMESTAMP '2019-01-21 23:08:50.678', TIMESTAMP '2019-01-22 23:08:50.678', '4u2AXoZ5 Lorem ipsum dolor sit amet, consectetur adipiscing elit, sed do eiusmod tempor incididunt ut labore et dolore magna aliqua. Ut enim ad minim veniam, quis nostrud exercitation ullamco laboris nisi ut aliquip ex ea commodo consequat. Duis aute irure dolor in reprehenderit in voluptate velit esse cillum dolore eu fu', NULL, 0, 'Idea 91 that suggest that we definitely need a longer title for ideas', 22, 2, NULL);
INSERT INTO PUBLIC.LAWS(ID, CREATED_AT, UPDATED_AT, DESCRIPTION, REACHED_QUORUM_AT, STATUS, TITLE, AREA_ID, CREATED_BY_ID, POLL_ID) VALUES
(124, TIMESTAMP '2019-01-20 23:08:50.686', TIMESTAMP '2019-01-21 23:08:50.686', 'm5uAtuac Lorem ipsum dolor sit amet, consectetur adipiscing elit, sed do eiusmod tempo', NULL, 0, 'Idea 92 that suggest that we definitely need a longer title for ideas', 23, 12, NULL),
(125, TIMESTAMP '2019-01-19 23:08:50.695', TIMESTAMP '2019-01-20 23:08:50.695', '6S32bLrf Lorem ipsum dolor sit amet, consectetur adipiscing elit, sed do eiusmod tempor incididunt ut labore et dolore magna aliqua. Ut enim ad minim veniam, quis nostrud ex', NULL, 0, 'Idea 93 that suggest that we definitely need a longer title for ideas', 24, 15, NULL),
(126, TIMESTAMP '2019-01-18 23:08:50.702', TIMESTAMP '2019-01-19 23:08:50.702', 'lFLfvckA Lorem ipsum dolor sit amet, consectetur adipiscing elit, sed do eiusmod tempor incididunt ut labore et d', NULL, 0, 'Idea 94 that suggest that we definitely need a longer title for ideas', 25, 10, NULL),
(127, TIMESTAMP '2019-01-17 23:08:50.711', TIMESTAMP '2019-01-18 23:08:50.711', '2pTt83QU Lorem ipsum dolor sit amet, consectetur adipiscing elit, sed do eiusmod tempor incididunt ut labore et dolore magna aliqua. Ut enim ad minim veniam, quis nostrud exercitation ullamco laboris nisi ut aliquip ex ea commodo consequat. Duis aute irure dolor in reprehenderit in voluptate velit esse cillum dolore eu fugiat nulla pariatur. Excepteur sint occaecat cupidatat n', NULL, 0, 'Idea 95 that suggest that we definitely need a longer title for ideas', 26, 17, NULL),
(128, TIMESTAMP '2019-01-16 23:08:50.715', TIMESTAMP '2019-01-17 23:08:50.715', 'RrUHSLSP Lorem ipsum dolor sit amet, consectetur adipiscing eli', NULL, 0, 'Idea 96 that suggest that we definitely need a longer title for ideas', 27, 4, NULL),
(129, TIMESTAMP '2019-01-15 23:08:50.72', TIMESTAMP '2019-01-16 23:08:50.72', 'sbVBw8oP Lorem ipsum dolor sit amet, consectetur adipiscing elit, sed do eiusmod tempor incididunt ut labore et dolore magna aliqua. Ut enim ad minim veniam, quis nostrud exercitation ullamco laboris nisi ut aliquip ex ea commodo consequat. Duis aute irure dolor in reprehenderit in voluptate', NULL, 0, 'Idea 97 that suggest that we definitely need a longer title for ideas', 28, 12, NULL),
(130, TIMESTAMP '2019-01-14 23:08:50.732', TIMESTAMP '2019-01-15 23:08:50.732', 'muLLEUYs Lorem ipsum dolor sit amet, consectetur adipiscing elit, sed do eiusmod tempor incididunt ut labore et dolore magna aliqua. Ut enim ad minim veniam, quis nostrud exercitation ullamco laboris nisi ut aliquip ex ea commodo consequat. Duis aute irure dolor in reprehenderit in voluptate velit esse cillum dolore eu fugiat nulla pariatur. Excepteur sint occaecat cupidatat non proident, sunt in', NULL, 0, 'Idea 98 that suggest that we definitely need a longer title for ideas', 29, 19, NULL),
(131, TIMESTAMP '2019-01-13 23:08:50.772', TIMESTAMP '2019-01-14 23:08:50.772', 'tLLZqSdT Lorem ipsum dolor sit amet, consectetur adipiscing elit, sed do eiusmod tempor incididunt ut labore et dolore magna aliqua. Ut enim ad minim veniam, quis nostrud exercitation ullamco laboris nisi ut aliquip ex ea commodo consequat. Duis a', NULL, 0, 'Idea 99 that suggest that we definitely need a longer title for ideas', 30, 16, NULL),
(132, TIMESTAMP '2019-01-12 23:08:50.783', TIMESTAMP '2019-01-13 23:08:50.783', 'yaSXcwx7 Lorem ipsum dolor sit amet, consectetur adipiscing', NULL, 0, 'Idea 100 that suggest that we definitely need a longer title for ideas', 21, 17, NULL),
(133, TIMESTAMP '2019-01-11 23:08:50.792', TIMESTAMP '2019-01-12 23:08:50.792', 'hmrGOKgc Lorem ipsum dolor sit amet, consectetur adipiscing elit,', NULL, 0, 'Idea 101 that suggest that we definitely need a longer title for ideas', 22, 5, NULL),
(134, TIMESTAMP '2019-01-10 23:08:50.8', TIMESTAMP '2019-01-11 23:08:50.8', 'MadvDlT4 Lorem ipsum dolor sit amet, consectetur adipiscing elit, sed do eiusmod tempor incididunt ut labore et dolore magna aliqua. Ut enim ad minim veniam, quis nostrud exercitation ullamco laboris nisi ut aliquip ex ea commodo consequat. Duis aute irure dolor in reprehenderit in voluptate ', NULL, 0, 'Idea 102 that suggest that we definitely need a longer title for ideas', 23, 1, NULL);
INSERT INTO PUBLIC.LAWS(ID, CREATED_AT, UPDATED_AT, DESCRIPTION, REACHED_QUORUM_AT, STATUS, TITLE, AREA_ID, CREATED_BY_ID, POLL_ID) VALUES
(135, TIMESTAMP '2019-01-09 23:08:50.814', TIMESTAMP '2019-01-10 23:08:50.814', 'TBwPa8x5 Lorem ipsum dolor sit amet, consectetur adipiscing elit, sed do eiusmod tempor incididunt ut labore et dolore magna aliqua. Ut enim ad minim veniam, quis nostrud exercitation ullamco laboris nisi ut aliquip ex ea commodo consequat. Duis aute irure dolor', NULL, 0, 'Idea 103 that suggest that we definitely need a longer title for ideas', 24, 17, NULL),
(136, TIMESTAMP '2019-01-08 23:08:50.824', TIMESTAMP '2019-01-09 23:08:50.824', 'cvgWLlA6 Lorem ipsum dolor sit amet, consectetur adipiscing elit, sed do eiusmod tempor incididunt ut labore et dolore magna aliqua. Ut enim ad minim veniam, quis nostrud exercitation ullamco laboris nisi ut aliquip ex ea commodo consequat. Duis aute irure dolor in reprehenderit in voluptate velit esse cillum dolore eu fugiat nulla pariatur. Excepteur sint occaecat cupidatat non proid', NULL, 0, 'Idea 104 that suggest that we definitely need a longer title for ideas', 25, 4, NULL),
(137, TIMESTAMP '2019-01-07 23:08:50.831', TIMESTAMP '2019-01-08 23:08:50.832', 'Cdv7cthe Lorem ipsum dolor sit amet, consectetur adipiscing elit, sed do eiusmod tempor incididunt ut labore et dolore magna aliqua. Ut enim ad minim veniam, quis nostrud exercitation ullamco laboris nisi ut aliquip ex ea commodo consequat. Duis aute irure dolor in reprehenderit in voluptate velit esse cillum dolore eu fugiat nulla pariatur. Excepteur sint', NULL, 0, 'Idea 105 that suggest that we definitely need a longer title for ideas', 26, 11, NULL),
(138, TIMESTAMP '2019-01-06 23:08:50.841', TIMESTAMP '2019-01-07 23:08:50.841', 'oEOM438O Lorem ipsum dolor sit amet, consectetur adipiscing elit, sed do eiusmod tempor incididunt ut labore et dolore magna aliqua. Ut enim ad minim veniam, quis nostrud exercitation ullamco laboris nisi ut aliquip ex ea commodo consequat. Duis aute irure dolor in reprehenderit in voluptate velit esse cillum dolore eu fugia', NULL, 0, 'Idea 106 that suggest that we definitely need a longer title for ideas', 27, 6, NULL),
(139, TIMESTAMP '2019-01-05 23:08:50.849', TIMESTAMP '2019-01-06 23:08:50.849', 'dHqxaGM9 Lorem ipsum dolor sit amet, consectetur adipiscing elit, sed do eiusmod tempor incididunt ut labore et dol', NULL, 0, 'Idea 107 that suggest that we definitely need a longer title for ideas', 28, 15, NULL),
(140, TIMESTAMP '2019-01-04 23:08:50.861', TIMESTAMP '2019-01-05 23:08:50.861', 'TTvavmNv Lorem ipsum dolor sit amet, consectetur adipiscing elit, sed do eiusmod tempor incididunt ut labore et do', NULL, 0, 'Idea 108 that suggest that we definitely need a longer title for ideas', 29, 10, NULL),
(141, TIMESTAMP '2019-01-03 23:08:50.871', TIMESTAMP '2019-01-04 23:08:50.871', 'eTY0RNYp Lorem ipsum dolor sit amet', NULL, 0, 'Idea 109 that suggest that we definitely need a longer title for ideas', 30, 11, NULL),
(142, TIMESTAMP '2019-01-02 23:08:50.88', TIMESTAMP '2019-01-03 23:08:50.88', 'Q37n3n2G Lorem ipsum dolor sit amet, consectetur adipiscing elit, sed do eiusmod tempor incididunt ut labore et dolore magna aliqua. Ut enim ad minim veniam, quis nostrud exercitation ullamco laboris nisi ut aliquip ex ea commodo consequat. Duis aute irure dolor in reprehenderit in voluptate velit esse cillum ', NULL, 0, 'Idea 110 that suggest that we definitely need a longer title for ideas', 21, 2, NULL),
(143, TIMESTAMP '2019-04-23 23:08:50.902', TIMESTAMP '2019-04-23 23:08:50.902', '3TMREMnO Lorem ipsum ', TIMESTAMP '2019-04-23 23:08:50.9', 1, 'Proposal 0 that reached its quorum', 26, 15, NULL),
(144, TIMESTAMP '2019-04-22 23:08:50.92', TIMESTAMP '2019-04-23 23:08:50.921', 'pQBMYkpa Lorem ipsum dolor sit amet, consectetur adipiscing elit, sed do eiusmod tempor incididunt ut labore et dolore magna aliqua. Ut enim ad minim veniam, quis nostrud exercitation ullamco laboris nisi ut aliquip ex ea commodo consequat. Duis aute irure dolor in reprehenderit in voluptate velit esse ', TIMESTAMP '2019-04-23 23:08:50.918', 1, 'Proposal 1 that reached its quorum', 22, 9, NULL);
INSERT INTO PUBLIC.LAWS(ID, CREATED_AT, UPDATED_AT, DESCRIPTION, REACHED_QUORUM_AT, STATUS, TITLE, AREA_ID, CREATED_BY_ID, POLL_ID) VALUES
(145, TIMESTAMP '2019-04-18 23:08:50.942', TIMESTAMP '2019-04-19 23:08:50.942', 'zD7dA80G Lorem ipsum dolor sit amet, consectetur adipiscing elit, sed do eiu', TIMESTAMP '2019-04-21 23:08:50.94', 1, 'Proposal 2 that reached its quorum', 27, 8, NULL),
(146, TIMESTAMP '2019-04-21 23:08:50.965', TIMESTAMP '2019-04-22 23:08:50.965', 'EyxZ7lAQ Lor', TIMESTAMP '2019-04-23 23:08:50.961', 1, 'Proposal 3 that reached its quorum', 26, 5, NULL),
(147, TIMESTAMP '2019-04-19 23:08:50.986', TIMESTAMP '2019-04-20 23:08:50.986', '5tdE0wnX Lorem ipsum dolor sit amet, consectetur adipiscing elit, sed do eiusmod tempor incididunt ut labore et dolore magna aliqua. Ut enim ad minim ve', TIMESTAMP '2019-04-20 23:08:50.983', 1, 'Proposal 4 that reached its quorum', 26, 14, NULL),
(148, TIMESTAMP '2019-04-14 23:08:51.011', TIMESTAMP '2019-04-15 23:08:51.011', 'SyfV5nZK Lorem ipsum dolor sit amet, consectetur adipiscing elit, sed do eiusmod tempor incididunt ut labore et dolore magna aliqua. Ut enim ad minim veniam, quis nostrud exercitation ullamco laboris nisi ut aliquip ex ea commodo consequat. Duis aute irure dolor in reprehenderit in voluptate velit esse cillum dolore eu fugiat nulla pariatur. Excepteur sint occaecat cupidatat non proident, sunt in culpa', TIMESTAMP '2019-04-17 23:08:51.008', 1, 'Proposal 5 that reached its quorum', 24, 1, NULL),
(149, TIMESTAMP '2019-04-14 23:08:51.028', TIMESTAMP '2019-04-15 23:08:51.028', 'WgXS0htT Lorem ipsum dolor sit amet, consectetur adipiscing elit, sed do eiusmod tempor incididunt ut labore et dolore magna aliqua. Ut eni', TIMESTAMP '2019-04-22 23:08:51.026', 1, 'Proposal 6 that reached its quorum', 24, 16, NULL),
(150, TIMESTAMP '2019-04-19 23:08:51.045', TIMESTAMP '2019-04-20 23:08:51.045', 'o0xBEDeh Lorem ipsum dolor sit amet, consectetur adipiscing elit, sed do eiusmod tempor incididunt ut labore et dolore magna aliqua. Ut enim ad minim veniam, quis nostrud exercitation ullamco laboris nisi ut aliquip ex ea commodo consequat. Duis aute irure dolor in reprehenderit in voluptate velit esse cillum dolore eu fugiat nulla pariatur. Excepteur sint occa', TIMESTAMP '2019-04-23 23:08:51.043', 1, 'Proposal 7 that reached its quorum', 28, 15, NULL),
(151, TIMESTAMP '2019-04-15 23:08:51.062', TIMESTAMP '2019-04-16 23:08:51.062', 'Gre7q4lM Lorem ipsum dolor sit amet, consectetur adipiscing elit, sed do eiusmod tempor incididunt ut labore et dolore magna aliqua. Ut enim ad minim veniam, quis nostrud exercitation ullamco laboris nisi ut aliquip ex ea commodo consequat. Duis aute irure dolor in reprehenderit in voluptate velit esse cillum dolore eu fugiat nulla pariatur. Excepteur sint occaec', TIMESTAMP '2019-04-18 23:08:51.06', 1, 'Proposal 8 that reached its quorum', 30, 7, NULL),
(152, TIMESTAMP '2019-04-17 23:08:51.077', TIMESTAMP '2019-04-18 23:08:51.078', 'WaBSKO4F Lorem ipsum dolor sit amet, consectetur adipiscing el', TIMESTAMP '2019-04-19 23:08:51.075', 1, 'Proposal 9 that reached its quorum', 28, 2, NULL),
(153, TIMESTAMP '2019-04-15 23:08:51.092', TIMESTAMP '2019-04-16 23:08:51.093', 'HVMxzHaA Lorem ipsum dolor sit amet, consectetur adipiscing elit, sed do eiusmod tempor incididunt ut labore et dolore magna aliqua. Ut enim ad minim veniam, quis nostrud exercitation ullamco laboris nisi ut aliquip ex ea commodo consequat. Duis aute irure dolor in reprehenderit in voluptate velit esse cillum dolore eu fugiat nulla pariatur. Excepteur sint occaecat cupidatat non proiden', TIMESTAMP '2019-04-16 23:08:51.091', 1, 'Proposal 10 that reached its quorum', 26, 11, NULL),
(154, TIMESTAMP '2019-04-19 23:08:51.111', TIMESTAMP '2019-04-20 23:08:51.111', 'L6vbxwAM Lorem ipsum dolor sit amet, consectetur', TIMESTAMP '2019-04-23 23:08:51.108', 1, 'Proposal 11 that reached its quorum', 30, 16, NULL),
(155, TIMESTAMP '2019-04-21 23:08:51.127', TIMESTAMP '2019-04-22 23:08:51.127', 'Nndqohu9 Lorem ipsum dolor sit amet, consectetur adipiscing elit, sed do eiusmod tempor incididunt u', TIMESTAMP '2019-04-22 23:08:51.125', 1, 'Proposal 12 that reached its quorum', 26, 19, NULL);
INSERT INTO PUBLIC.LAWS(ID, CREATED_AT, UPDATED_AT, DESCRIPTION, REACHED_QUORUM_AT, STATUS, TITLE, AREA_ID, CREATED_BY_ID, POLL_ID) VALUES
(156, TIMESTAMP '2019-04-19 23:08:51.153', TIMESTAMP '2019-04-20 23:08:51.153', 'wVpnzMOW Lorem ipsum dolor sit amet, consectetur adipiscing elit, sed do eiusmod tempor incididunt ut labore et dolore magna aliqua. Ut enim ad minim veniam, quis nostrud exercitation ullamco laboris nisi ut aliquip ex ea commodo consequat. Duis aute irure dol', TIMESTAMP '2019-04-21 23:08:51.151', 1, 'Proposal 13 that reached its quorum', 21, 8, NULL),
(157, TIMESTAMP '2019-04-19 23:08:51.168', TIMESTAMP '2019-04-20 23:08:51.168', 'vdBTYFbY Lorem ipsum dolor sit amet, consectetur adipiscing elit, sed do eiusmod tempor incididunt ut labore et dolore magna aliqua. Ut enim ad minim veniam, quis nostrud exercitation ullamco laboris n', TIMESTAMP '2019-04-21 23:08:51.166', 1, 'Proposal 14 that reached its quorum', 24, 17, NULL),
(158, TIMESTAMP '2019-04-21 23:08:51.185', TIMESTAMP '2019-04-22 23:08:51.186', 'XQFSVDg9 Lorem ipsum dolor sit amet, consectetur adipiscing elit, sed do eiusmod tempor incididunt ut labore ', TIMESTAMP '2019-04-23 23:08:51.182', 1, 'Proposal 15 that reached its quorum', 24, 2, NULL),
(159, TIMESTAMP '2019-04-23 23:08:51.203', TIMESTAMP '2019-04-23 23:08:51.203', 'p6ooxxyU Lorem ipsum dolor sit amet, consectetur adipiscing elit, sed do eiusmod tempor incididunt ut labore et dolore magna aliqua. Ut enim ad minim veniam, quis nostrud exercitation ullamco laboris nis', TIMESTAMP '2019-04-23 23:08:51.201', 1, 'Proposal 16 that reached its quorum', 27, 1, NULL),
(160, TIMESTAMP '2019-04-15 23:08:51.219', TIMESTAMP '2019-04-16 23:08:51.22', 'TeKTpfH8 Lorem ipsum dolor sit amet, ', TIMESTAMP '2019-04-18 23:08:51.218', 1, 'Proposal 17 that reached its quorum', 28, 7, NULL),
(161, TIMESTAMP '2019-04-22 23:08:51.235', TIMESTAMP '2019-04-23 23:08:51.235', 'ZlL8cX3X Lorem ipsum dolor sit amet, consectetur adipiscing elit, sed do eiusm', TIMESTAMP '2019-04-23 23:08:51.234', 1, 'Proposal 18 that reached its quorum', 26, 7, NULL),
(162, TIMESTAMP '2019-04-21 23:08:51.256', TIMESTAMP '2019-04-22 23:08:51.256', 'EzY9GQPl Lorem ipsum dolor sit amet, consectetur adipiscing elit, sed do eiusmod tempor incididunt ut ', TIMESTAMP '2019-04-23 23:08:51.254', 1, 'Proposal 19 that reached its quorum', 22, 18, NULL),
(163, TIMESTAMP '2019-04-20 23:08:51.273', TIMESTAMP '2019-04-21 23:08:51.273', 'o8sHEdGu Lorem ipsum dolor sit amet, consectetur adipiscing elit, ', TIMESTAMP '2019-04-22 23:08:51.271', 1, 'Proposal 20 that reached its quorum', 26, 7, NULL),
(164, TIMESTAMP '2019-04-20 23:08:51.289', TIMESTAMP '2019-04-21 23:08:51.289', 'yhYVP9FT Lorem ipsum dolor sit amet, consectetur adipiscing elit, sed do eiusmod tempor incididunt ut labore et dolore magna aliqua. Ut enim ad minim veniam, quis nostrud exercitation ullamco laboris nisi ut aliquip ex ea commodo consequat. Duis aute irure dolor in reprehenderit in voluptate velit esse cillum dolore eu fugiat nulla pariatu', TIMESTAMP '2019-04-21 23:08:51.288', 1, 'Proposal 21 that reached its quorum', 24, 14, NULL),
(165, TIMESTAMP '2019-04-14 23:08:51.308', TIMESTAMP '2019-04-15 23:08:51.308', 'efh46KP5 Lorem ipsum dolor sit amet, consectetur adipiscing elit, sed do eiusmod tempor incididunt ut labore et dolore magna aliqua. Ut enim ad minim veniam, quis nostrud exercitation ullamco laboris nisi ut aliquip ex ea commodo consequat. Duis aute irure dolor in re', TIMESTAMP '2019-04-17 23:08:51.306', 1, 'Proposal 22 that reached its quorum', 23, 15, NULL),
(166, TIMESTAMP '2019-04-16 23:08:51.322', TIMESTAMP '2019-04-17 23:08:51.322', '9Xf9YB60 Lor', TIMESTAMP '2019-04-19 23:08:51.32', 1, 'Proposal 23 that reached its quorum', 25, 10, NULL),
(167, TIMESTAMP '2019-04-23 23:08:51.36', TIMESTAMP '2019-04-23 23:08:51.36', 'HsVxomok Lorem ipsum dolor sit amet, consectetur adipiscing elit, sed do eiusmod tempor incididunt ut labore et dolore magna aliqua. Ut enim ad minim veniam, quis nostrud exercitation ullamco laboris nisi ut aliquip ex ea commodo consequat. Duis aute ir', TIMESTAMP '2019-04-23 23:08:51.358', 1, 'Proposal 24 that reached its quorum', 25, 15, NULL);
INSERT INTO PUBLIC.LAWS(ID, CREATED_AT, UPDATED_AT, DESCRIPTION, REACHED_QUORUM_AT, STATUS, TITLE, AREA_ID, CREATED_BY_ID, POLL_ID) VALUES
(168, TIMESTAMP '2019-04-18 23:08:51.375', TIMESTAMP '2019-04-19 23:08:51.375', '6pO2s6g8 Lorem ipsum dolor sit amet, consectetur adipiscing elit, sed do eiusmod tempo', TIMESTAMP '2019-04-20 23:08:51.373', 1, 'Proposal 25 that reached its quorum', 22, 19, NULL),
(169, TIMESTAMP '2019-04-19 23:08:51.388', TIMESTAMP '2019-04-20 23:08:51.388', 'VZR039cF Lorem ipsum dolor sit amet, consectetur adipiscing elit, sed do eiusmod tempor incididunt ut labore et dolore magna aliqua. Ut enim ad minim veniam, quis nostrud exercitation ullamco laboris nisi ut aliquip ex ea commodo consequat. Duis aute irure dolor in reprehenderit in voluptate velit esse cillum dolor', TIMESTAMP '2019-04-23 23:08:51.386', 1, 'Proposal 26 that reached its quorum', 22, 19, NULL),
(170, TIMESTAMP '2019-04-14 23:08:51.422', TIMESTAMP '2019-04-15 23:08:51.422', 'vy0xuygP Lorem ipsum dolor sit amet, consectetur adipiscing elit, sed do eiusmod tempor incididunt ut labore et dolore magna aliqua. Ut enim ad minim veniam, quis nost', TIMESTAMP '2019-04-20 23:08:51.42', 1, 'Proposal 27 that reached its quorum', 29, 15, NULL),
(171, TIMESTAMP '2019-04-17 23:08:51.44', TIMESTAMP '2019-04-18 23:08:51.441', 'mZORqBUm Lorem ipsum dolor sit amet, consectetur adipiscing elit, sed do eiusmod tempor incididunt ut labore et dolore magna aliqua. Ut enim ad minim veniam, quis nostrud exercitation ullamco laboris nisi ut aliquip ex ea commodo consequat. Duis aute irure dolor in reprehenderit in voluptate velit esse cillum dolore eu fugiat nulla pariatur.', TIMESTAMP '2019-04-21 23:08:51.439', 1, 'Proposal 28 that reached its quorum', 29, 14, NULL),
(172, TIMESTAMP '2019-04-18 23:08:51.455', TIMESTAMP '2019-04-19 23:08:51.455', 'UnG9EA9X Lorem ipsum dolor sit amet, consectetur adipiscing elit, sed do eiusmod tempor incididunt ut labore et dolore magna aliqua. Ut enim ad minim veniam, quis nostrud exercitation ullamco laboris nisi ut aliquip ex ea commodo consequat. Duis aute irure dolor in repr', TIMESTAMP '2019-04-22 23:08:51.453', 1, 'Proposal 29 that reached its quorum', 27, 10, NULL),
(173, TIMESTAMP '2019-04-17 23:08:51.469', TIMESTAMP '2019-04-18 23:08:51.469', 'Td80u7KB Lorem ipsum dolor sit amet, consectetur adipiscing elit, sed do eiusmod tempor incididunt ut labore et dolore magna aliqua. Ut en', TIMESTAMP '2019-04-22 23:08:51.468', 1, 'Proposal 30 that reached its quorum', 22, 16, NULL),
(174, TIMESTAMP '2019-04-15 23:08:51.484', TIMESTAMP '2019-04-16 23:08:51.484', 'fbP76fH6 Lorem ipsum dolor sit amet, consectetur adipiscing elit, sed do eiusmod tempor incididunt ut labore et dolore magna aliqua. Ut enim ad minim veniam, quis nostrud exercitation ullamco laboris nisi ut aliquip ex ea commodo consequ', TIMESTAMP '2019-04-16 23:08:51.482', 1, 'Proposal 31 that reached its quorum', 28, 3, NULL),
(175, TIMESTAMP '2019-04-18 23:08:51.501', TIMESTAMP '2019-04-19 23:08:51.501', '9YXb680g Lorem ipsum dolor sit amet, consectetur adipiscing elit, sed do eiusmod tempor incididunt ut labore et dolore magna aliqua. Ut enim ad minim veniam, q', TIMESTAMP '2019-04-19 23:08:51.498', 1, 'Proposal 32 that reached its quorum', 29, 18, NULL),
(176, TIMESTAMP '2019-04-17 23:08:51.525', TIMESTAMP '2019-04-18 23:08:51.525', '0yeGgpku Lorem ipsum dolor sit amet, consectetur adipiscing elit, sed do eiusmod tempor incididunt ut labore et dolore magna aliqua. Ut enim ad minim veniam, quis nostrud exercitation ullamco laboris nisi ut aliquip ex ea commodo consequat. Duis aute irure dolor in reprehenderit in voluptate velit esse cillum d', TIMESTAMP '2019-04-18 23:08:51.523', 1, 'Proposal 33 that reached its quorum', 28, 15, NULL),
(177, TIMESTAMP '2019-04-19 23:08:51.537', TIMESTAMP '2019-04-20 23:08:51.537', 'QuhpLw6D Lorem ipsum dolor sit amet, consectetur adipiscing elit, sed do eiusmod tempor incididunt ut labore et dolore magna aliqua. Ut enim ad minim veniam, quis nostrud exercitation ullamco laboris nisi ut aliquip ex ea commodo consequat. Duis aute irure dolor in reprehenderit in voluptate velit esse cillum dolore eu fugiat nulla pariatur. Excepteur sint occaecat cupid', TIMESTAMP '2019-04-21 23:08:51.535', 1, 'Proposal 34 that reached its quorum', 21, 14, NULL);
INSERT INTO PUBLIC.LAWS(ID, CREATED_AT, UPDATED_AT, DESCRIPTION, REACHED_QUORUM_AT, STATUS, TITLE, AREA_ID, CREATED_BY_ID, POLL_ID) VALUES
(178, TIMESTAMP '2019-04-19 23:08:51.549', TIMESTAMP '2019-04-20 23:08:51.549', 'A6oZnF9b Lorem ipsum dolor sit amet, consectetu', TIMESTAMP '2019-04-22 23:08:51.547', 1, 'Proposal 35 that reached its quorum', 24, 18, NULL),
(179, TIMESTAMP '2019-04-18 23:08:51.561', TIMESTAMP '2019-04-19 23:08:51.562', 'ofQyNMyM Lorem ipsum dolor sit amet, consectetur adipiscing elit, sed do eiusmod tempor incididunt ut labore et dolore magna aliqua. Ut enim ad minim veniam, quis nostrud exercitation ullamco laboris nisi ut aliquip ex ea commodo consequat. Duis aute irure dolor in reprehenderit in voluptate velit esse cillum dolore eu fugiat nulla pari', TIMESTAMP '2019-04-22 23:08:51.56', 1, 'Proposal 36 that reached its quorum', 22, 2, NULL),
(180, TIMESTAMP '2019-04-20 23:08:51.574', TIMESTAMP '2019-04-21 23:08:51.574', 'OF4769sa Lorem ipsum dolor sit amet, consectetur adipiscing elit, sed do eiusmod tempor incididunt ut labore et dolore magna aliqua. Ut enim ad minim veniam, quis nostrud exercitation ullamco laboris nisi ut aliquip ex ea commodo consequat. Duis aute irure dolor in reprehenderit in voluptate velit esse cillum dolore eu fugiat nulla pariatur. Excepteur sint occaecat cupida', TIMESTAMP '2019-04-21 23:08:51.573', 1, 'Proposal 37 that reached its quorum', 21, 10, NULL),
(181, TIMESTAMP '2019-04-21 23:08:51.586', TIMESTAMP '2019-04-22 23:08:51.586', 'KLPC9ClV Lorem ipsum dolor sit amet, consectetur adipiscing elit, sed do eiusmod tempor incididunt ut labore et dolore magna aliqua. Ut enim ad minim veniam, quis nostrud exercitation ullamco la', TIMESTAMP '2019-04-23 23:08:51.585', 1, 'Proposal 38 that reached its quorum', 27, 20, NULL),
(182, TIMESTAMP '2019-04-17 23:08:51.599', TIMESTAMP '2019-04-18 23:08:51.599', 'foxt9Dl8 Lorem ipsum dolor sit amet, consectetur adipiscing elit, sed do eiusmod tempor incididunt ut labore et dolore magna aliqua. Ut enim ad minim veniam, quis nostrud exercitation ullamco laboris nisi ut aliquip ex ea commodo consequat. Duis aute irure dol', TIMESTAMP '2019-04-18 23:08:51.597', 1, 'Proposal 39 that reached its quorum', 24, 16, NULL),
(183, TIMESTAMP '2019-04-22 23:08:51.611', TIMESTAMP '2019-04-23 23:08:51.611', 'qmrLA7D3 Lorem ipsum dolor sit amet, consectetur adipiscing elit, sed do eiusmod tempor incididunt ut labore et dolore magna aliqua. Ut enim ad minim veniam, quis nostrud exercitation ullamco laboris nisi ut aliquip ex ea commodo consequat. Duis aute irure dolor in reprehenderit in voluptate velit esse cillum dolore eu fugiat nulla pariatur. Excepteur si', TIMESTAMP '2019-04-23 23:08:51.609', 1, 'Proposal 40 that reached its quorum', 22, 17, NULL),
(184, TIMESTAMP '2019-04-21 23:08:51.621', TIMESTAMP '2019-04-22 23:08:51.621', 'Baq9a9mE Lorem ipsum dolor sit amet', TIMESTAMP '2019-04-22 23:08:51.62', 1, 'Proposal 41 that reached its quorum', 29, 2, NULL),
(185, TIMESTAMP '2019-04-15 23:08:51.633', TIMESTAMP '2019-04-16 23:08:51.633', 'szvodUU6 Lorem ipsum dolor sit amet, consectetur ad', TIMESTAMP '2019-04-22 23:08:51.632', 1, 'Proposal 42 that reached its quorum', 29, 18, NULL),
(186, TIMESTAMP '2019-04-17 23:08:51.646', TIMESTAMP '2019-04-18 23:08:51.646', 'XC3f93zB Lorem ipsum dolor sit', TIMESTAMP '2019-04-21 23:08:51.645', 1, 'Proposal 43 that reached its quorum', 28, 3, NULL),
(187, TIMESTAMP '2019-04-16 23:08:51.657', TIMESTAMP '2019-04-17 23:08:51.657', 'hnSDYzyu Lorem ipsum dolor sit amet, consectetur adipiscing elit, sed do eiusmod tempor incididunt ut labore et dolore magna aliqua. Ut enim ad minim veniam, quis nostrud exercitation ullamco laboris nisi ut aliquip ex ea commodo consequat. Duis aute irure dolor in reprehenderit in v', TIMESTAMP '2019-04-17 23:08:51.656', 1, 'Proposal 44 that reached its quorum', 25, 10, NULL),
(188, TIMESTAMP '2019-04-22 23:08:51.67', TIMESTAMP '2019-04-23 23:08:51.67', '04Kopnc2 Lorem ipsum dolor sit amet, consectetur adipiscing elit, sed do eiusmod tempor incididunt ut labore et dolore magna aliqua. Ut enim ad minim veniam, quis nostrud exercitation ullamco laboris nisi ut aliquip ex ea commodo consequat. Duis aute irure dolor in reprehenderit in voluptate velit esse cillum dolore eu fugiat nulla pariatur', TIMESTAMP '2019-04-23 23:08:51.668', 1, 'Proposal 45 that reached its quorum', 26, 11, NULL);
INSERT INTO PUBLIC.LAWS(ID, CREATED_AT, UPDATED_AT, DESCRIPTION, REACHED_QUORUM_AT, STATUS, TITLE, AREA_ID, CREATED_BY_ID, POLL_ID) VALUES
(189, TIMESTAMP '2019-04-17 23:08:51.682', TIMESTAMP '2019-04-18 23:08:51.682', 'd4vpuoNn Lorem ipsum dolor sit amet, consectetur adipiscing elit, sed do eiusmod tempor incididunt ut labore et dolore magna aliqua. Ut enim ad minim veniam, quis nostrud exercitation ullamco laboris nisi ut aliquip ex ea commodo consequat', TIMESTAMP '2019-04-21 23:08:51.68', 1, 'Proposal 46 that reached its quorum', 25, 6, NULL),
(190, TIMESTAMP '2019-04-15 23:08:51.695', TIMESTAMP '2019-04-16 23:08:51.695', 'L8bcxn6x Lorem ipsum dolor sit amet, consectetur adipiscing elit, sed do eiusmod tempor incididunt ut labore et dolore magna aliqua. Ut enim ad minim veniam, quis nostrud exercitation ullamco laboris nisi ut aliquip ex ea commodo consequat. Duis aute irure dolor in reprehenderit in voluptate velit esse cillum do', TIMESTAMP '2019-04-18 23:08:51.693', 1, 'Proposal 47 that reached its quorum', 21, 3, NULL),
(191, TIMESTAMP '2019-04-23 23:08:51.711', TIMESTAMP '2019-04-23 23:08:51.711', '4VhXaC4S Lorem ipsum dolor sit amet, consec', TIMESTAMP '2019-04-23 23:08:51.708', 1, 'Proposal 48 that reached its quorum', 21, 6, NULL),
(192, TIMESTAMP '2019-04-19 23:08:51.726', TIMESTAMP '2019-04-20 23:08:51.726', 'UYYfR8mE Lorem i', TIMESTAMP '2019-04-21 23:08:51.724', 1, 'Proposal 49 that reached its quorum', 25, 8, NULL),
(193, TIMESTAMP '2019-04-20 23:08:51.746', TIMESTAMP '2019-04-21 23:08:51.746', 'Lorem ipsum dolor sit amet, consectetur adipiscing elit, sed do eiusmod tempor incididunt ut labore et dolore magna aliqua. Ut enim ad minim veniam, quis nostrud exercitation ullamco laboris nisi ut aliquip ex ea commodo consequat. Duis aute irure dolor in reprehenderit in volupt', TIMESTAMP '2019-04-22 23:08:51.744', 1, 'Proposal 0 for user testuser1@liquido.de', 27, 1, NULL),
(198, TIMESTAMP '2019-04-19 23:08:51.833', TIMESTAMP '2019-04-20 23:08:51.833', 'Lorem ipsum dolor sit amet, consectetur adipiscing elit, sed do eiusmod tempor incididunt ut labore et dolore magna aliqua. Ut enim ad minim veniam, quis nostrud exercitation ullamco laboris nisi ut aliquip ex ea commodo consequat. Duis aute irure dolor in reprehenderit in voluptate velit', TIMESTAMP '2019-04-23 23:08:51.831', 1, 'Proposal 1 for user testuser1@liquido.de', 29, 1, NULL),
(204, TIMESTAMP '2019-04-19 23:08:51.891', TIMESTAMP '2019-04-20 23:08:51.891', 'Lorem ipsum dolor sit amet, consectetur adipiscing elit, sed do eiusmod tempor incididunt ut labore et dolore magna aliqua. Ut enim ad minim veniam, quis nostrud exercitation ullamco laboris nisi ut aliquip ex ea commodo consequat. Duis aute irure dolor in reprehen', TIMESTAMP '2019-04-21 23:08:51.889', 1, 'Proposal 2 for user testuser1@liquido.de', 27, 1, NULL),
(208, TIMESTAMP '2019-04-17 23:08:51.92', TIMESTAMP '2019-04-18 23:08:51.92', 'Lorem ipsum dolor sit amet, consectetur adipiscing elit, sed do eiusmod tempor incididunt ut labore et dolore magna aliqua. U', TIMESTAMP '2019-04-21 23:08:51.918', 1, 'Proposal 3 for user testuser1@liquido.de', 28, 1, NULL),
(212, TIMESTAMP '2019-04-17 23:08:51.947', TIMESTAMP '2019-04-18 23:08:51.947', 'Lorem ipsum dolor sit amet, consectetur adipiscing elit, sed do eiusmod tempor incididunt ut labore et dolore magna aliqua. Ut enim ad minim veniam, quis nostrud exercitation ullamco laboris nisi ut aliquip ex ea commodo consequat. Duis aute irure dolor in reprehenderit in voluptate velit e', TIMESTAMP '2019-04-23 23:08:51.945', 1, 'Proposal 4 for user testuser1@liquido.de', 27, 1, NULL),
(229, TIMESTAMP '2019-04-13 23:08:57.569', TIMESTAMP '2019-04-23 23:08:57.64', 'Lorem ipsum dolor sit amet, consectetur adipiscing elit, sed do eiusmod tempor incididunt ut labore et dolore magna aliqua. Ut enim ad minim veniam, quis nostrud exercitation ullamco laboris nisi ut aliquip ex ea commodo consequat. Duis aute irure dolor in reprehenderit in voluptate velit esse cill', TIMESTAMP '2019-04-16 23:08:57.566', 2, 'Initial Proposal in a poll that is in elaboration 1556053737550', 21, 13, 239);
INSERT INTO PUBLIC.LAWS(ID, CREATED_AT, UPDATED_AT, DESCRIPTION, REACHED_QUORUM_AT, STATUS, TITLE, AREA_ID, CREATED_BY_ID, POLL_ID) VALUES
(240, TIMESTAMP '2019-04-03 23:08:57.665', TIMESTAMP '2019-04-23 23:08:57.701', 'Lorem ipsum dolor sit amet, consectetur adipiscing elit, sed do eiusmod tempor incididunt ut labore et dolore magna aliqua. Ut enim ad minim veniam, quis nostrud exercitation ullamco laboris nisi ut aliquip ex ea c', TIMESTAMP '2019-04-05 23:08:57.658', 2, 'Alternative Proposal1 in a poll that is in elaboration1556053737643', 21, 15, 239),
(247, TIMESTAMP '2019-04-03 23:08:57.723', TIMESTAMP '2019-04-23 23:08:57.8', 'Lorem ipsum dolor sit amet, consectetur adipiscing elit, sed do eiusmod tempor incididunt ut labore et dolore magna aliqua. Ut enim ad minim veniam, quis nostrud exercitation ullamco laboris nisi ut aliquip ex ea commodo consequat. Duis aute irure dolor in reprehenderit in voluptate velit esse cillum d', TIMESTAMP '2019-04-05 23:08:57.722', 2, 'Alternative Proposal2 in a poll that is in elaboration1556053737702', 21, 7, 239),
(253, TIMESTAMP '2019-04-03 23:08:57.825', TIMESTAMP '2019-04-23 23:08:57.863', 'Lorem ipsum dolor sit amet, consectetur adipiscing elit, sed do eiusmod tempor incididunt ut labore et dolore magna aliqua. Ut enim ad minim veniam, quis nostrud exercitation ullamco laboris nisi ut aliquip ex ea commodo consequat. Duis aute irure dolor in reprehenderit in voluptate velit esse cillum dolore eu fugiat nu', TIMESTAMP '2019-04-05 23:08:57.823', 2, 'Alternative Proposal3 in a poll that is in elaboration1556053737802', 21, 3, 239),
(262, TIMESTAMP '2019-04-03 23:08:57.883', TIMESTAMP '2019-04-23 23:08:57.925', 'Lorem ipsum dolor sit amet, consectetur adipiscing elit, sed do eiusmod tempor incididunt ut labore et dolore magna aliqua. Ut enim ad minim veniam, quis nostrud exercitation ullamco laboris nisi ut aliquip ex ea commodo ', TIMESTAMP '2019-04-05 23:08:57.876', 2, 'Alternative Proposal4 in a poll that is in elaboration1556053737864', 21, 5, 239),
(270, TIMESTAMP '2019-04-13 23:08:57.965', TIMESTAMP '2019-04-23 23:08:58.215', 'Lorem ipsum dolor sit amet, consectetur adipiscing elit, sed do eiusmod tempor incididunt ut labore et dolore magna aliqua. Ut enim ad minim veniam, quis nostrud exercitation ullamc', TIMESTAMP '2019-04-16 23:08:57.963', 3, 'Proposal 5 in voting phase 1556053738159', 21, 13, 275),
(276, TIMESTAMP '2019-04-03 23:08:58.008', TIMESTAMP '2019-04-23 23:08:58.215', 'Lorem ipsum dolor sit amet, consectetur adipiscing elit, sed do eiusmod tempor incididunt ut labore et dolore magna aliqua. Ut enim ad minim veniam, quis nostrud exercitation', TIMESTAMP '2019-04-05 23:08:58.006', 3, 'Proposal 4 in voting phase 1556053738159', 21, 15, 275),
(281, TIMESTAMP '2019-04-03 23:08:58.049', TIMESTAMP '2019-04-23 23:08:58.216', 'Lorem ipsum dolor sit amet, consectetur adipiscing elit, sed do eiusmod tempor incididunt ut labore et dolore magna aliqua. Ut enim ad minim veniam, quis nostrud exercitation ullamco laboris nisi ut aliquip ex ea commodo consequat. Duis aute irure dolor in reprehenderit in voluptate velit esse c', TIMESTAMP '2019-04-05 23:08:58.043', 3, 'Proposal 3 in voting phase 1556053738159', 21, 7, 275),
(285, TIMESTAMP '2019-04-03 23:08:58.085', TIMESTAMP '2019-04-23 23:08:58.216', 'Lorem ipsum dolor sit amet, consectetur adipiscing elit, sed do eiusmod tempor incididunt ut labore et dolore magna aliqua. Ut enim ad minim veniam, quis nostrud exercitation ullamco laboris nisi ut aliquip ex ea commodo consequat. Duis aute irure dolor in reprehenderit in voluptat', TIMESTAMP '2019-04-05 23:08:58.084', 3, 'Proposal 2 in voting phase 1556053738159', 21, 3, 275),
(291, TIMESTAMP '2019-04-03 23:08:58.135', TIMESTAMP '2019-04-23 23:08:58.216', 'Lorem ipsum dolor sit amet, consectetur adipiscing elit, sed do eiusmod tempor incididunt ut labore et dolore magna aliqua. Ut enim ad minim veniam, quis nostrud exercitation ullamco laboris nisi ut aliquip ex ea commodo consequat. Duis aute irure dolor in reprehenderit in voluptat', TIMESTAMP '2019-04-05 23:08:58.134', 3, 'Proposal 1 in voting phase 1556053738159', 21, 5, 275);
INSERT INTO PUBLIC.LAWS(ID, CREATED_AT, UPDATED_AT, DESCRIPTION, REACHED_QUORUM_AT, STATUS, TITLE, AREA_ID, CREATED_BY_ID, POLL_ID) VALUES
(296, TIMESTAMP '2019-04-13 23:08:58.232', TIMESTAMP '2019-04-23 23:08:58.476', 'Lorem ipsum dolor sit amet, consectetur adipiscing elit, sed do eiusmod tempor incididunt ut labore et dolore magna aliqua. Ut enim ad minim veniam, quis nostrud exercitation ullamco laboris nisi ut aliquip ex ea commodo consequat. Duis aute irure dolor in reprehenderit in voluptate velit esse cillum dolore eu fugiat nulla pariatur. Excepteur sint occaecat cupidatat non proident, sunt in ', TIMESTAMP '2019-04-16 23:08:58.226', 3, 'Proposal 5 in voting phase 1556053738444', 21, 13, 306),
(307, TIMESTAMP '2019-04-03 23:08:58.292', TIMESTAMP '2019-04-23 23:08:58.477', 'Lorem ipsum dolor sit amet, consectetur adipiscing elit, sed do eiusmod tempor incididunt ut labore et dolore magna aliqua. Ut enim ad minim veniam, quis nostrud exercitation ullamco laboris nisi ut aliquip ex ea commodo consequat. Duis aute irure dolor in reprehenderit in voluptate velit esse cillum dolore eu fugiat nulla pariatur.', TIMESTAMP '2019-04-05 23:08:58.291', 3, 'Proposal 4 in voting phase 1556053738444', 21, 15, 306),
(312, TIMESTAMP '2019-04-03 23:08:58.332', TIMESTAMP '2019-04-23 23:08:58.477', 'Lorem ipsum dolor sit amet, consectetur adipiscing elit, sed do eiusmod tempor incididunt ut labore et dolore magna aliqua. Ut enim ad minim veniam, quis nostrud exercitation ullamco laboris nisi ut aliquip ex ea commodo consequat. Duis aute irure dolor in reprehenderit in voluptate velit esse cillum dolore eu fugiat nulla pariatur. Excepteur sint occaecat cu', TIMESTAMP '2019-04-05 23:08:58.328', 3, 'Proposal 3 in voting phase 1556053738444', 21, 7, 306),
(319, TIMESTAMP '2019-04-03 23:08:58.373', TIMESTAMP '2019-04-23 23:08:58.477', 'Lorem ipsum dolor sit amet, consectetur adipiscing elit, sed do eiusmod tempor incididunt ut labore et dolore magna aliqua. Ut enim ad minim veniam, quis nostrud exercitation ullamco laboris nisi ut aliquip ex ea commodo consequat. Duis aute irure dolor in reprehenderit in v', TIMESTAMP '2019-04-05 23:08:58.371', 3, 'Proposal 2 in voting phase 1556053738444', 21, 3, 306),
(325, TIMESTAMP '2019-04-03 23:08:58.416', TIMESTAMP '2019-04-23 23:08:58.478', 'Lorem ipsum dolor sit amet, consectetur adipiscing elit, sed do eiusmod tempor incididunt ut labore et dolore magna aliqua. Ut enim ad minim veniam, quis nostrud exercitation ullamco laboris nisi ut aliquip ex ea commodo consequat. Duis aute irure dolor in reprehenderit in voluptate velit esse cillum dolore eu fugiat nulla pariatur. Except', TIMESTAMP '2019-04-05 23:08:58.409', 3, 'Proposal 1 in voting phase 1556053738444', 21, 5, 306),
(349, TIMESTAMP '2019-04-13 23:09:03.952', TIMESTAMP '2019-04-23 23:09:08.211', 'Lorem ipsum dolor sit amet, consectetur adipiscing elit, sed do eiusmod tempor incididunt ut labore et dolore magna aliqua. Ut enim ad minim veniam, quis nostrud exercitation ullamco laboris nisi ut aliquip ex ea commodo consequat. Duis aute irure dolor in reprehenderit in voluptate velit esse cillum dolore eu fugiat nulla pariatur. Except', TIMESTAMP '2019-04-16 23:09:03.951', 4, 'Proposal 5 in voting phase 1556053744224', 21, 13, 354),
(355, TIMESTAMP '2019-04-03 23:09:03.985', TIMESTAMP '2019-04-23 23:09:08.213', 'Lorem ipsum dolor sit amet, consectetur adipiscing elit, sed do eiusmod tempor incididunt ut labore et dolore magna aliqua. Ut enim ad minim veniam, quis nostrud exerc', TIMESTAMP '2019-04-05 23:09:03.983', 5, 'Proposal 4 in voting phase 1556053744224', 21, 15, 354),
(364, TIMESTAMP '2019-04-03 23:09:04.029', TIMESTAMP '2019-04-23 23:09:08.214', 'Lorem ipsum dolor sit amet, consectetur adipiscing elit, sed do eiusmod tempor incididunt ut labore et dolore magna aliqua. Ut enim ad minim veniam, quis nostrud exercitation ullamco labor', TIMESTAMP '2019-04-05 23:09:04.028', 5, 'Proposal 3 in voting phase 1556053744224', 21, 7, 354),
(368, TIMESTAMP '2019-04-03 23:09:04.066', TIMESTAMP '2019-04-23 23:09:08.214', 'Lorem ipsum dolor sit amet, consectetur adipiscing elit, sed do eiusmod tempor incididunt ut labore et dolo', TIMESTAMP '2019-04-05 23:09:04.064', 5, 'Proposal 2 in voting phase 1556053744224', 21, 3, 354);
INSERT INTO PUBLIC.LAWS(ID, CREATED_AT, UPDATED_AT, DESCRIPTION, REACHED_QUORUM_AT, STATUS, TITLE, AREA_ID, CREATED_BY_ID, POLL_ID) VALUES
(376, TIMESTAMP '2019-04-03 23:09:04.191', TIMESTAMP '2019-04-23 23:09:08.214', 'Lorem ipsum dolor sit amet, consectetur adipiscing elit, sed do eiusmod tempor incididunt ut labore et dolore magna aliqua. Ut enim ad minim veniam, qui', TIMESTAMP '2019-04-05 23:09:04.189', 5, 'Proposal 1 in voting phase 1556053744224', 21, 5, 354),
(402, TIMESTAMP '2019-04-03 23:09:08.238', TIMESTAMP '2019-04-23 23:09:08.238', 'Lorem ipsum dolor sit amet, consectetur adipiscing elit, sed do eiusmod tempor incididunt ut labore et dolore magna aliqua. Ut enim ad minim veniam, quis nostrud exercitation ul', TIMESTAMP '2019-03-30 22:09:08.235', 4, 'Law 0', 21, 1, NULL),
(403, TIMESTAMP '2019-04-02 23:09:08.261', TIMESTAMP '2019-04-23 23:09:08.259', 'Lorem ipsum dolor sit amet, consectetur adipiscing elit, sed do eiusmod tempor incididunt ut labore et dolore magna aliqua. Ut enim ad minim veniam, quis nostrud exercitation ullamco laboris nisi ut aliquip ex ea commodo consequat. Duis aute irure dolor in reprehenderit in voluptate velit esse cillum dolore eu fugiat nulla pariatur. Excepteur sint occaecat cupidatat non proident, s', TIMESTAMP '2019-03-30 22:09:08.257', 4, 'Law 1', 21, 1, NULL);
CREATE MEMORY TABLE PUBLIC.LAWS_COMMENTS(
LAW_MODEL_ID BIGINT NOT NULL,
COMMENTS_ID BIGINT NOT NULL
);
ALTER TABLE PUBLIC.LAWS_COMMENTS ADD CONSTRAINT PUBLIC.CONSTRAINT_A0 PRIMARY KEY(LAW_MODEL_ID, COMMENTS_ID);
-- 25 +/- SELECT COUNT(*) FROM PUBLIC.LAWS_COMMENTS;
INSERT INTO PUBLIC.LAWS_COMMENTS(LAW_MODEL_ID, COMMENTS_ID) VALUES
(193, 194),
(198, 199),
(204, 205),
(208, 209),
(212, 213),
(229, 230),
(240, 241),
(247, 248),
(253, 254),
(262, 263),
(270, 271),
(276, 277),
(281, 282),
(285, 286),
(291, 292),
(296, 297),
(307, 308),
(312, 313),
(319, 320),
(325, 326),
(349, 350),
(355, 356),
(364, 365),
(368, 369),
(376, 377);
CREATE MEMORY TABLE PUBLIC.LAWS_SUPPORTERS(
LAW_MODEL_ID BIGINT NOT NULL,
SUPPORTERS_ID BIGINT NOT NULL
);
ALTER TABLE PUBLIC.LAWS_SUPPORTERS ADD CONSTRAINT PUBLIC.CONSTRAINT_C PRIMARY KEY(LAW_MODEL_ID, SUPPORTERS_ID);
-- 1229 +/- SELECT COUNT(*) FROM PUBLIC.LAWS_SUPPORTERS;
INSERT INTO PUBLIC.LAWS_SUPPORTERS(LAW_MODEL_ID, SUPPORTERS_ID) VALUES
(31, 1),
(31, 18),
(31, 16),
(31, 20),
(31, 12),
(33, 10),
(33, 9),
(33, 5),
(33, 13),
(33, 3),
(33, 14),
(34, 15),
(34, 17),
(34, 4),
(34, 12),
(35, 7),
(35, 4),
(35, 15),
(35, 17),
(35, 19),
(35, 1),
(36, 9),
(36, 1),
(36, 4),
(36, 11),
(36, 20),
(36, 8),
(36, 18),
(36, 3),
(37, 2),
(37, 8),
(37, 3),
(37, 16),
(38, 2),
(38, 8),
(38, 20),
(38, 14),
(38, 17),
(39, 4),
(39, 1),
(39, 8),
(39, 11),
(39, 10),
(39, 18),
(40, 19),
(40, 17),
(40, 9),
(40, 13),
(40, 5),
(40, 7),
(40, 12),
(41, 5),
(41, 9),
(42, 16),
(42, 17),
(42, 8),
(43, 10),
(44, 11),
(44, 7),
(45, 12),
(45, 10),
(45, 18),
(45, 3),
(45, 7),
(46, 16),
(46, 13),
(46, 4),
(46, 7),
(46, 9),
(46, 2),
(47, 14),
(47, 3),
(47, 7),
(47, 2),
(47, 19),
(48, 3),
(48, 7),
(48, 19),
(48, 9),
(48, 16),
(48, 14),
(48, 1),
(49, 3),
(49, 14),
(49, 7),
(50, 8),
(50, 17),
(50, 16),
(50, 14),
(50, 19),
(50, 20),
(51, 11),
(51, 10),
(51, 5),
(51, 7),
(51, 17),
(52, 9),
(52, 16),
(52, 6),
(52, 17),
(52, 19),
(52, 2),
(54, 18),
(54, 20),
(54, 1),
(55, 17),
(55, 4),
(55, 3),
(55, 12),
(55, 7),
(56, 4),
(56, 17),
(56, 6),
(56, 20),
(57, 13),
(57, 6),
(57, 9),
(57, 2),
(58, 4),
(58, 17),
(58, 18),
(58, 11),
(59, 13),
(59, 11),
(60, 15),
(62, 15),
(62, 18),
(62, 16),
(63, 20),
(63, 10),
(63, 8),
(63, 6),
(63, 3),
(63, 18),
(64, 2),
(64, 16),
(65, 20),
(65, 8),
(65, 5),
(66, 9),
(66, 7),
(66, 5),
(67, 6),
(67, 10),
(67, 9),
(68, 5),
(69, 16),
(69, 8),
(69, 2),
(70, 18),
(71, 16),
(71, 5),
(71, 14),
(72, 8),
(72, 12),
(74, 15),
(74, 18),
(74, 4),
(74, 11),
(74, 6),
(74, 12),
(74, 14),
(75, 16),
(75, 4),
(75, 9),
(75, 12),
(75, 17),
(75, 5),
(78, 12),
(78, 11),
(78, 19),
(78, 6),
(79, 17),
(79, 20),
(79, 14),
(80, 2),
(80, 20),
(80, 19),
(80, 16),
(80, 4),
(80, 14),
(80, 13),
(80, 12),
(81, 20),
(81, 19),
(81, 12),
(81, 17),
(82, 11),
(82, 16),
(82, 5),
(83, 11),
(83, 1),
(83, 5),
(83, 9),
(83, 20),
(83, 2),
(83, 17),
(83, 15),
(84, 16),
(84, 18),
(84, 14),
(84, 10),
(86, 16),
(86, 1),
(86, 9),
(86, 8),
(86, 6),
(86, 18),
(88, 16),
(88, 5),
(88, 4),
(88, 18),
(88, 3),
(88, 6),
(88, 7),
(88, 14),
(89, 13),
(90, 16),
(90, 6),
(90, 1),
(90, 12),
(90, 20),
(92, 4),
(92, 8),
(93, 3),
(93, 18),
(94, 10),
(94, 13),
(94, 9),
(94, 6),
(94, 12),
(94, 4),
(94, 7),
(95, 9),
(95, 4),
(95, 5),
(95, 13),
(95, 17),
(96, 14),
(96, 19),
(96, 18),
(96, 4),
(96, 3),
(97, 17),
(97, 18),
(97, 13),
(97, 7),
(97, 14),
(97, 12),
(97, 9),
(98, 6),
(98, 9),
(98, 15),
(98, 7),
(98, 14),
(98, 20),
(98, 4),
(101, 18),
(101, 4),
(101, 11),
(101, 19),
(101, 15),
(102, 20),
(102, 7),
(102, 9),
(103, 12),
(103, 16),
(103, 13),
(103, 18),
(103, 2),
(103, 4),
(103, 6),
(103, 14),
(104, 12),
(104, 7),
(104, 6),
(104, 11),
(104, 18),
(104, 19),
(105, 18),
(105, 5),
(105, 16),
(105, 17),
(105, 8),
(105, 11),
(106, 13),
(106, 8),
(106, 20),
(106, 2),
(106, 10),
(106, 4),
(106, 19),
(106, 5),
(107, 19),
(108, 6),
(108, 5),
(108, 3),
(108, 20),
(108, 2),
(108, 11),
(108, 16),
(109, 18),
(109, 1),
(111, 4),
(111, 5),
(111, 2),
(111, 20),
(112, 4),
(112, 12),
(113, 10),
(113, 12),
(113, 14),
(113, 15),
(114, 16),
(114, 14),
(114, 2),
(115, 12),
(115, 1),
(115, 2),
(115, 20),
(115, 14),
(117, 7),
(117, 19),
(117, 9),
(117, 16),
(117, 12),
(118, 3),
(119, 18),
(119, 1),
(119, 16),
(119, 19),
(119, 7),
(119, 9),
(120, 17),
(120, 15),
(120, 6),
(120, 10),
(120, 16),
(120, 4),
(120, 5),
(122, 16),
(122, 10),
(122, 13),
(122, 14),
(123, 10),
(123, 12),
(123, 11),
(123, 1),
(123, 15),
(123, 6),
(124, 11),
(124, 5),
(124, 6),
(124, 2),
(124, 14),
(125, 2),
(125, 11),
(125, 10),
(125, 12),
(126, 11),
(126, 9),
(126, 4),
(126, 2),
(126, 15),
(127, 3),
(127, 16),
(127, 5),
(127, 1),
(127, 19),
(127, 8),
(128, 18),
(129, 3),
(129, 8),
(130, 20),
(130, 15),
(130, 5),
(130, 17),
(130, 8),
(130, 13),
(131, 12),
(131, 5),
(131, 7),
(131, 13),
(131, 9),
(131, 1),
(131, 6),
(132, 15),
(132, 8),
(132, 13),
(132, 9),
(132, 11),
(132, 5),
(133, 14),
(133, 3),
(133, 13),
(133, 4),
(133, 1),
(134, 12),
(134, 11),
(134, 8),
(135, 15),
(135, 12),
(135, 9),
(135, 5),
(135, 1),
(135, 2),
(135, 18);
INSERT INTO PUBLIC.LAWS_SUPPORTERS(LAW_MODEL_ID, SUPPORTERS_ID) VALUES
(135, 16),
(136, 6),
(136, 20),
(136, 2),
(136, 1),
(136, 18),
(136, 15),
(137, 4),
(137, 1),
(137, 6),
(137, 3),
(138, 19),
(138, 8),
(138, 12),
(138, 16),
(138, 11),
(138, 5),
(139, 10),
(139, 4),
(139, 12),
(139, 9),
(140, 19),
(140, 3),
(140, 20),
(140, 9),
(140, 15),
(140, 18),
(141, 3),
(141, 14),
(141, 5),
(141, 9),
(141, 7),
(141, 6),
(142, 14),
(142, 17),
(142, 6),
(142, 12),
(142, 20),
(143, 9),
(143, 20),
(143, 13),
(143, 19),
(143, 3),
(143, 7),
(143, 1),
(143, 18),
(143, 4),
(143, 5),
(144, 10),
(144, 3),
(144, 4),
(144, 5),
(144, 17),
(144, 1),
(144, 12),
(144, 7),
(144, 18),
(144, 11),
(145, 12),
(145, 1),
(145, 3),
(145, 7),
(145, 2),
(145, 6),
(145, 17),
(145, 5),
(145, 9),
(145, 15),
(146, 13),
(146, 7),
(146, 19),
(146, 15),
(146, 11),
(146, 18),
(146, 9),
(146, 4),
(146, 20),
(146, 17),
(147, 6),
(147, 17),
(147, 5),
(147, 8),
(147, 12),
(147, 4),
(147, 1),
(147, 9),
(147, 18),
(147, 19),
(148, 3),
(148, 9),
(148, 13),
(148, 18),
(148, 11),
(148, 8),
(148, 4),
(148, 17),
(148, 7),
(148, 5),
(149, 11),
(149, 12),
(149, 15),
(149, 6),
(149, 14),
(149, 20),
(149, 18),
(149, 13),
(149, 3),
(149, 5),
(150, 10),
(150, 11),
(150, 20),
(150, 2),
(150, 4),
(150, 9),
(150, 19),
(150, 18),
(150, 14),
(150, 13),
(151, 19),
(151, 6),
(151, 13),
(151, 16),
(151, 14),
(151, 15),
(151, 8),
(151, 4),
(151, 9),
(151, 20),
(152, 19),
(152, 5),
(152, 8),
(152, 15),
(152, 4),
(152, 17),
(152, 16),
(152, 11),
(152, 20),
(152, 7),
(153, 13),
(153, 6),
(153, 1),
(153, 12),
(153, 3),
(153, 2),
(153, 17),
(153, 14),
(153, 8),
(153, 4),
(154, 8),
(154, 9),
(154, 12),
(154, 15),
(154, 7),
(154, 4),
(154, 11),
(154, 6),
(154, 10),
(154, 14),
(155, 11),
(155, 12),
(155, 10),
(155, 14),
(155, 18),
(155, 1),
(155, 17),
(155, 5),
(155, 20),
(155, 4),
(156, 1),
(156, 11),
(156, 10),
(156, 7),
(156, 16),
(156, 15),
(156, 13),
(156, 9),
(156, 2),
(156, 20),
(157, 4),
(157, 8),
(157, 20),
(157, 16),
(157, 10),
(157, 5),
(157, 14),
(157, 15),
(157, 2),
(157, 7),
(158, 19),
(158, 14),
(158, 8),
(158, 4),
(158, 1),
(158, 18),
(158, 9),
(158, 11),
(158, 12),
(158, 6),
(159, 5),
(159, 19),
(159, 3),
(159, 20),
(159, 14),
(159, 4),
(159, 11),
(159, 17),
(159, 15),
(159, 9),
(160, 3),
(160, 2),
(160, 18),
(160, 20),
(160, 15),
(160, 5),
(160, 8),
(160, 9),
(160, 11),
(160, 14),
(161, 10),
(161, 9),
(161, 13),
(161, 6),
(161, 4),
(161, 20),
(161, 16),
(161, 18),
(161, 5),
(161, 14),
(162, 6),
(162, 20),
(162, 11),
(162, 17),
(162, 2),
(162, 16),
(162, 19),
(162, 4),
(162, 9),
(162, 10),
(163, 18),
(163, 19),
(163, 3),
(163, 5),
(163, 1),
(163, 17),
(163, 8),
(163, 11),
(163, 13),
(163, 4),
(164, 18),
(164, 6),
(164, 1),
(164, 11),
(164, 4),
(164, 20),
(164, 8),
(164, 9),
(164, 12),
(164, 17),
(165, 13),
(165, 14),
(165, 9),
(165, 8),
(165, 4),
(165, 2),
(165, 18),
(165, 7),
(165, 16),
(165, 19),
(166, 9),
(166, 5),
(166, 20),
(166, 2),
(166, 19),
(166, 4),
(166, 14),
(166, 11),
(166, 8),
(166, 1),
(167, 13),
(167, 8),
(167, 11),
(167, 4),
(167, 18),
(167, 14),
(167, 6),
(167, 9),
(167, 7),
(167, 16),
(168, 9),
(168, 15),
(168, 5),
(168, 6),
(168, 17),
(168, 16),
(168, 1),
(168, 7),
(168, 14),
(168, 3),
(169, 2),
(169, 8),
(169, 18),
(169, 16),
(169, 7),
(169, 5),
(169, 15),
(169, 4),
(169, 17),
(169, 13),
(170, 11),
(170, 19),
(170, 12),
(170, 16),
(170, 1),
(170, 14),
(170, 5),
(170, 9),
(170, 8),
(170, 2),
(171, 1),
(171, 18),
(171, 13),
(171, 8),
(171, 17),
(171, 6),
(171, 3),
(171, 7),
(171, 5),
(171, 20),
(172, 6),
(172, 3),
(172, 18),
(172, 13),
(172, 2),
(172, 14),
(172, 16),
(172, 17),
(172, 15),
(172, 19),
(173, 20),
(173, 6),
(173, 7),
(173, 4),
(173, 3),
(173, 12),
(173, 19),
(173, 9),
(173, 17),
(173, 8),
(174, 14),
(174, 13),
(174, 12),
(174, 17),
(174, 6),
(174, 10),
(174, 4),
(174, 15),
(174, 5),
(174, 8),
(175, 12),
(175, 2),
(175, 1),
(175, 13),
(175, 14),
(175, 5),
(175, 9),
(175, 15),
(175, 4),
(175, 8),
(176, 18),
(176, 3),
(176, 10),
(176, 4),
(176, 6),
(176, 19),
(176, 12),
(176, 16),
(176, 11),
(176, 20),
(177, 4),
(177, 9),
(177, 2),
(177, 18),
(177, 8);
INSERT INTO PUBLIC.LAWS_SUPPORTERS(LAW_MODEL_ID, SUPPORTERS_ID) VALUES
(177, 7),
(177, 13),
(177, 6),
(177, 17),
(177, 10),
(178, 8),
(178, 12),
(178, 9),
(178, 11),
(178, 4),
(178, 17),
(178, 19),
(178, 10),
(178, 13),
(178, 5),
(179, 14),
(179, 11),
(179, 8),
(179, 17),
(179, 9),
(179, 4),
(179, 13),
(179, 1),
(179, 16),
(179, 19),
(180, 15),
(180, 7),
(180, 13),
(180, 19),
(180, 1),
(180, 5),
(180, 14),
(180, 18),
(180, 8),
(180, 16),
(181, 1),
(181, 10),
(181, 2),
(181, 12),
(181, 19),
(181, 18),
(181, 16),
(181, 9),
(181, 5),
(181, 11),
(182, 9),
(182, 20),
(182, 1),
(182, 10),
(182, 17),
(182, 18),
(182, 5),
(182, 8),
(182, 13),
(182, 4),
(183, 13),
(183, 19),
(183, 16),
(183, 7),
(183, 4),
(183, 20),
(183, 2),
(183, 11),
(183, 9),
(183, 3),
(184, 5),
(184, 8),
(184, 15),
(184, 17),
(184, 9),
(184, 12),
(184, 11),
(184, 20),
(184, 13),
(184, 10),
(185, 1),
(185, 5),
(185, 2),
(185, 10),
(185, 7),
(185, 20),
(185, 12),
(185, 6),
(185, 3),
(185, 16),
(186, 8),
(186, 12),
(186, 11),
(186, 16),
(186, 19),
(186, 6),
(186, 2),
(186, 7),
(186, 4),
(186, 15),
(187, 6),
(187, 19),
(187, 1),
(187, 2),
(187, 7),
(187, 16),
(187, 4),
(187, 9),
(187, 11),
(187, 8),
(188, 10),
(188, 13),
(188, 2),
(188, 20),
(188, 7),
(188, 17),
(188, 6),
(188, 9),
(188, 18),
(188, 16),
(189, 14),
(189, 13),
(189, 15),
(189, 8),
(189, 7),
(189, 12),
(189, 9),
(189, 11),
(189, 16),
(189, 18),
(190, 10),
(190, 19),
(190, 6),
(190, 15),
(190, 4),
(190, 5),
(190, 1),
(190, 18),
(190, 14),
(190, 12),
(191, 15),
(191, 1),
(191, 3),
(191, 18),
(191, 19),
(191, 13),
(191, 20),
(191, 7),
(191, 9),
(191, 5),
(192, 18),
(192, 17),
(192, 7),
(192, 5),
(192, 12),
(192, 1),
(192, 9),
(192, 14),
(192, 16),
(192, 2),
(193, 12),
(193, 7),
(193, 16),
(193, 6),
(193, 4),
(193, 3),
(193, 9),
(193, 2),
(193, 5),
(193, 11),
(198, 11),
(198, 13),
(198, 12),
(198, 18),
(198, 10),
(198, 15),
(198, 5),
(198, 9),
(198, 14),
(198, 17),
(204, 8),
(204, 5),
(204, 20),
(204, 16),
(204, 6),
(204, 7),
(204, 10),
(204, 14),
(204, 2),
(204, 4),
(208, 12),
(208, 15),
(208, 10),
(208, 17),
(208, 6),
(208, 13),
(208, 2),
(208, 14),
(208, 16),
(208, 7),
(212, 2),
(212, 8),
(212, 4),
(212, 14),
(212, 12),
(212, 17),
(212, 3),
(212, 19),
(212, 6),
(212, 16),
(229, 19),
(229, 8),
(229, 6),
(229, 12),
(229, 7),
(229, 11),
(229, 5),
(229, 2),
(229, 1),
(229, 4),
(240, 17),
(240, 14),
(240, 1),
(240, 9),
(240, 10),
(240, 2),
(240, 12),
(240, 6),
(240, 13),
(240, 18),
(247, 13),
(247, 6),
(247, 14),
(247, 1),
(247, 9),
(247, 20),
(247, 19),
(247, 18),
(247, 2),
(247, 15),
(253, 10),
(253, 13),
(253, 19),
(253, 12),
(253, 11),
(253, 2),
(253, 17),
(253, 5),
(253, 15),
(253, 16),
(262, 19),
(262, 17),
(262, 15),
(262, 8),
(262, 16),
(262, 10),
(262, 3),
(262, 6),
(262, 20),
(262, 9),
(270, 10),
(270, 7),
(270, 17),
(270, 4),
(270, 14),
(270, 15),
(270, 19),
(270, 1),
(270, 2),
(270, 16),
(276, 20),
(276, 14),
(276, 12),
(276, 13),
(276, 16),
(276, 10),
(276, 19),
(276, 4),
(276, 2),
(276, 8),
(281, 8),
(281, 2),
(281, 3),
(281, 1),
(281, 10),
(281, 6),
(281, 4),
(281, 19),
(281, 5),
(281, 11),
(285, 1),
(285, 8),
(285, 15),
(285, 18),
(285, 2),
(285, 11),
(285, 6),
(285, 12),
(285, 20),
(285, 4),
(291, 1),
(291, 8),
(291, 11),
(291, 20),
(291, 18),
(291, 10),
(291, 19),
(291, 12),
(291, 15),
(291, 17),
(296, 17),
(296, 1),
(296, 14),
(296, 19),
(296, 16),
(296, 6),
(296, 15),
(296, 12),
(296, 10),
(296, 5),
(307, 11),
(307, 8),
(307, 2),
(307, 9),
(307, 4),
(307, 12),
(307, 20),
(307, 14),
(307, 10),
(307, 16),
(312, 15),
(312, 5),
(312, 2),
(312, 9),
(312, 17),
(312, 14),
(312, 11),
(312, 16),
(312, 12),
(312, 3),
(319, 19),
(319, 17),
(319, 5),
(319, 1),
(319, 8),
(319, 14),
(319, 15),
(319, 9),
(319, 12),
(319, 11),
(325, 4),
(325, 7),
(325, 14),
(325, 1),
(325, 16),
(325, 20),
(325, 18),
(325, 17),
(325, 6),
(325, 3),
(349, 6),
(349, 17),
(349, 16),
(349, 2),
(349, 20),
(349, 12),
(349, 7),
(349, 18),
(349, 3),
(349, 8),
(355, 19),
(355, 17),
(355, 9),
(355, 8),
(355, 16),
(355, 13),
(355, 18),
(355, 10),
(355, 1),
(355, 11),
(364, 15),
(364, 11),
(364, 14),
(364, 5),
(364, 4),
(364, 3),
(364, 6);
INSERT INTO PUBLIC.LAWS_SUPPORTERS(LAW_MODEL_ID, SUPPORTERS_ID) VALUES
(364, 17),
(364, 18),
(364, 9),
(368, 15),
(368, 16),
(368, 4),
(368, 7),
(368, 11),
(368, 10),
(368, 18),
(368, 14),
(368, 17),
(368, 6),
(376, 9),
(376, 6),
(376, 18),
(376, 2),
(376, 13),
(376, 15),
(376, 11),
(376, 14),
(376, 19),
(376, 1),
(402, 17),
(402, 4),
(402, 5),
(402, 6),
(402, 19),
(402, 12),
(402, 9),
(402, 14),
(402, 16),
(402, 8),
(402, 18),
(402, 10),
(402, 20),
(402, 15),
(402, 2),
(402, 11),
(403, 18),
(403, 14),
(403, 6),
(403, 15),
(403, 17),
(403, 5),
(403, 13),
(403, 19),
(403, 16),
(403, 2),
(403, 7),
(403, 12),
(403, 4),
(403, 10),
(403, 20),
(403, 8),
(403, 3),
(403, 9);
CREATE MEMORY TABLE PUBLIC.ONE_TIME_TOKEN(
ID BIGINT NOT NULL,
CREATED_AT TIMESTAMP NOT NULL,
UPDATED_AT TIMESTAMP NOT NULL,
TOKEN VARCHAR(255) NOT NULL,
TOKEN_TYPE INTEGER NOT NULL,
VALID_UNTIL TIMESTAMP NOT NULL,
USER_ID BIGINT NOT NULL
);
ALTER TABLE PUBLIC.ONE_TIME_TOKEN ADD CONSTRAINT PUBLIC.CONSTRAINT_4 PRIMARY KEY(ID);
-- 0 +/- SELECT COUNT(*) FROM PUBLIC.ONE_TIME_TOKEN;
CREATE MEMORY TABLE PUBLIC.POLLS(
ID BIGINT NOT NULL,
CREATED_AT TIMESTAMP NOT NULL,
UPDATED_AT TIMESTAMP NOT NULL,
DUEL_MATRIX VARCHAR(255),
STATUS INTEGER,
VOTING_END_AT TIMESTAMP,
VOTING_START_AT TIMESTAMP,
WINNER_ID BIGINT
);
ALTER TABLE PUBLIC.POLLS ADD CONSTRAINT PUBLIC.CONSTRAINT_48 PRIMARY KEY(ID);
-- 4 +/- SELECT COUNT(*) FROM PUBLIC.POLLS;
INSERT INTO PUBLIC.POLLS(ID, CREATED_AT, UPDATED_AT, DUEL_MATRIX, STATUS, VOTING_END_AT, VOTING_START_AT, WINNER_ID) VALUES
(239, TIMESTAMP '2019-04-16 23:08:57.926', TIMESTAMP '2019-04-16 23:08:57.926', '', 0, TIMESTAMP '2019-05-21 00:00:00', TIMESTAMP '2019-05-07 00:00:00', NULL),
(275, TIMESTAMP '2019-04-08 23:08:58.178', TIMESTAMP '2019-04-23 23:08:58.215', '', 1, TIMESTAMP '2019-05-06 00:00:00', TIMESTAMP '2019-04-22 23:08:58.202', NULL),
(306, TIMESTAMP '2019-04-08 23:08:58.455', TIMESTAMP '2019-04-23 23:09:03.939', '[]', 1, TIMESTAMP '2019-05-06 00:00:00', TIMESTAMP '2019-04-22 23:08:58.466', NULL),
(354, TIMESTAMP '2019-03-21 22:09:04.275', TIMESTAMP '2019-04-23 23:09:08.21', '[[0,6,7,5,6],[7,0,6,5,7],[7,8,0,2,6],[10,11,11,0,8],[9,7,9,8,0]]', 2, TIMESTAMP '2019-04-23 23:09:08.188', TIMESTAMP '2019-04-04 23:09:04.26', 349);
CREATE MEMORY TABLE PUBLIC.USERS(
ID BIGINT NOT NULL,
CREATED_AT TIMESTAMP NOT NULL,
UPDATED_AT TIMESTAMP NOT NULL,
EMAIL VARCHAR(255) NOT NULL,
LAST_LOGIN TIMESTAMP,
MOBILEPHONE VARCHAR(255),
NAME VARCHAR(255),
PICTURE VARCHAR(255),
WEBSITE VARCHAR(255)
);
ALTER TABLE PUBLIC.USERS ADD CONSTRAINT PUBLIC.CONSTRAINT_4D PRIMARY KEY(ID);
-- 20 +/- SELECT COUNT(*) FROM PUBLIC.USERS;
INSERT INTO PUBLIC.USERS(ID, CREATED_AT, UPDATED_AT, EMAIL, LAST_LOGIN, MOBILEPHONE, NAME, PICTURE, WEBSITE) VALUES
(1, TIMESTAMP '2019-04-23 23:08:49.228', TIMESTAMP '2019-04-23 23:08:49.228', 'testuser1@liquido.de', NULL, '+49123451', 'Donald Duck', '/static/img/photos/1.png', 'http://www.liquido.de'),
(2, TIMESTAMP '2019-04-23 23:08:49.288', TIMESTAMP '2019-04-23 23:08:49.288', 'testuser2@liquido.de', NULL, '+49123452', 'Test User2', '/static/img/photos/2.png', 'http://www.liquido.de'),
(3, TIMESTAMP '2019-04-23 23:08:49.293', TIMESTAMP '2019-04-23 23:08:49.293', 'testuser3@liquido.de', NULL, '+49123453', 'Test User3', '/static/img/photos/3.png', 'http://www.liquido.de'),
(4, TIMESTAMP '2019-04-23 23:08:49.3', TIMESTAMP '2019-04-23 23:08:49.3', 'testuser4@liquido.de', NULL, '+49123454', 'Test User4', '/static/img/photos/1.png', 'http://www.liquido.de'),
(5, TIMESTAMP '2019-04-23 23:08:49.307', TIMESTAMP '2019-04-23 23:08:49.307', 'testuser5@liquido.de', NULL, '+49123455', 'Test User5', '/static/img/photos/2.png', 'http://www.liquido.de'),
(6, TIMESTAMP '2019-04-23 23:08:49.312', TIMESTAMP '2019-04-23 23:08:49.312', 'testuser6@liquido.de', NULL, '+49123456', 'Test User6', '/static/img/photos/3.png', 'http://www.liquido.de'),
(7, TIMESTAMP '2019-04-23 23:08:49.315', TIMESTAMP '2019-04-23 23:08:49.315', 'testuser7@liquido.de', NULL, '+49123457', 'Test User7', '/static/img/photos/1.png', 'http://www.liquido.de'),
(8, TIMESTAMP '2019-04-23 23:08:49.32', TIMESTAMP '2019-04-23 23:08:49.32', 'testuser8@liquido.de', NULL, '+49123458', 'Test User8', '/static/img/photos/2.png', 'http://www.liquido.de'),
(9, TIMESTAMP '2019-04-23 23:08:49.323', TIMESTAMP '2019-04-23 23:08:49.323', 'testuser9@liquido.de', NULL, '+49123459', 'Test User9', '/static/img/photos/3.png', 'http://www.liquido.de'),
(10, TIMESTAMP '2019-04-23 23:08:49.328', TIMESTAMP '2019-04-23 23:08:49.328', 'testuser10@liquido.de', NULL, '+491234510', 'Test User10', '/static/img/photos/1.png', 'http://www.liquido.de'),
(11, TIMESTAMP '2019-04-23 23:08:49.331', TIMESTAMP '2019-04-23 23:08:49.331', 'testuser11@liquido.de', NULL, '+491234511', 'Test User11', '/static/img/photos/2.png', 'http://www.liquido.de'),
(12, TIMESTAMP '2019-04-23 23:08:49.334', TIMESTAMP '2019-04-23 23:08:49.334', 'testuser12@liquido.de', NULL, '+491234512', 'Test User12', '/static/img/photos/3.png', 'http://www.liquido.de'),
(13, TIMESTAMP '2019-04-23 23:08:49.347', TIMESTAMP '2019-04-23 23:08:49.347', 'testuser13@liquido.de', NULL, '+491234513', 'Test User13', '/static/img/photos/1.png', 'http://www.liquido.de'),
(14, TIMESTAMP '2019-04-23 23:08:49.35', TIMESTAMP '2019-04-23 23:08:49.35', 'testuser14@liquido.de', NULL, '+491234514', 'Test User14', '/static/img/photos/2.png', 'http://www.liquido.de'),
(15, TIMESTAMP '2019-04-23 23:08:49.353', TIMESTAMP '2019-04-23 23:08:49.353', 'testuser15@liquido.de', NULL, '+491234515', 'Test User15', '/static/img/photos/3.png', 'http://www.liquido.de'),
(16, TIMESTAMP '2019-04-23 23:08:49.358', TIMESTAMP '2019-04-23 23:08:49.358', 'testuser16@liquido.de', NULL, '+491234516', 'Test User16', '/static/img/photos/1.png', 'http://www.liquido.de'),
(17, TIMESTAMP '2019-04-23 23:08:49.364', TIMESTAMP '2019-04-23 23:08:49.364', 'testuser17@liquido.de', NULL, '+491234517', 'Test User17', '/static/img/photos/2.png', 'http://www.liquido.de'),
(18, TIMESTAMP '2019-04-23 23:08:49.367', TIMESTAMP '2019-04-23 23:08:49.367', 'testuser18@liquido.de', NULL, '+491234518', 'Test User18', '/static/img/photos/3.png', 'http://www.liquido.de'),
(19, TIMESTAMP '2019-04-23 23:08:49.37', TIMESTAMP '2019-04-23 23:08:49.37', 'testuser19@liquido.de', NULL, '+491234519', 'Test User19', '/static/img/photos/1.png', 'http://www.liquido.de'),
(20, TIMESTAMP '2019-04-23 23:08:49.373', TIMESTAMP '2019-04-23 23:08:49.373', 'testuser20@liquido.de', NULL, '+491234520', 'Test User20', '/static/img/photos/2.png', 'http://www.liquido.de');
-- 0 +/- SELECT COUNT(*) FROM PUBLIC.QRTZ_CALENDARS;
-- 0 +/- SELECT COUNT(*) FROM PUBLIC.QRTZ_CRON_TRIGGERS;
-- 0 +/- SELECT COUNT(*) FROM PUBLIC.QRTZ_FIRED_TRIGGERS;
-- 0 +/- SELECT COUNT(*) FROM PUBLIC.QRTZ_PAUSED_TRIGGER_GRPS;
-- 0 +/- SELECT COUNT(*) FROM PUBLIC.QRTZ_SCHEDULER_STATE;
-- 0 +/- SELECT COUNT(*) FROM PUBLIC.QRTZ_LOCKS;
-- 0 +/- SELECT COUNT(*) FROM PUBLIC.QRTZ_JOB_DETAILS;
-- 0 +/- SELECT COUNT(*) FROM PUBLIC.QRTZ_SIMPLE_TRIGGERS;
-- 0 +/- SELECT COUNT(*) FROM PUBLIC.QRTZ_SIMPROP_TRIGGERS;
-- 0 +/- SELECT COUNT(*) FROM PUBLIC.QRTZ_BLOB_TRIGGERS;
-- 0 +/- SELECT COUNT(*) FROM PUBLIC.QRTZ_TRIGGERS;
ALTER TABLE PUBLIC.AREAS ADD CONSTRAINT PUBLIC.UK_P61HNJ1M450KNDUSCXOLDCHFJ UNIQUE(TITLE);
ALTER TABLE PUBLIC.KEY_VALUE ADD CONSTRAINT PUBLIC.UK_8TE0DHIEXEOWA1RGVA302TO1L UNIQUE(KEY_COL);
ALTER TABLE PUBLIC.USERS ADD CONSTRAINT PUBLIC.UK_6DOTKOTT2KJSP8VW4D0M25FB7 UNIQUE(EMAIL);
ALTER TABLE PUBLIC.LAWS ADD CONSTRAINT PUBLIC.UK_BS516OPV3HONTPTWVPIOOS72B UNIQUE(TITLE);
ALTER TABLE PUBLIC.DELEGATIONS ADD CONSTRAINT PUBLIC.UK2WYH7POIF8NPDWLUR8DFORD0J UNIQUE(AREA_ID, FROM_USER_ID);
ALTER TABLE PUBLIC.LAWS_COMMENTS ADD CONSTRAINT PUBLIC.UK_OF3YV6X3MAHJPHJBJE5XHRXC8 UNIQUE(COMMENTS_ID);
ALTER TABLE PUBLIC.BALLOTS ADD CONSTRAINT PUBLIC.UKHWWEPK8N3CE54LEREWX2FMYXF UNIQUE(POLL_ID, CHECKSUM);
ALTER TABLE PUBLIC.USERS ADD CONSTRAINT PUBLIC.UK_70QE9WOFM8UJ2PEANWKPHERRM UNIQUE(MOBILEPHONE);
ALTER TABLE PUBLIC.CHECKSUMS ADD CONSTRAINT PUBLIC.UKL0XNKLNHLK4PTWSU9B0QXTYBN UNIQUE(AREA_ID, PUBLIC_PROXY_ID);
ALTER TABLE PUBLIC.AREAS ADD CONSTRAINT PUBLIC.FKP9N0U4HM2Q1O7V0068C8GD4EL FOREIGN KEY(CREATED_BY_ID) REFERENCES PUBLIC.USERS(ID) NOCHECK;
ALTER TABLE PUBLIC.DELEGATIONS ADD CONSTRAINT PUBLIC.FK1Y1R0D478R9NTDMUIYKKUHADV FOREIGN KEY(REQUESTED_DELEGATION_FROM_CHECKSUM_CHECKSUM) REFERENCES PUBLIC.CHECKSUMS(CHECKSUM) NOCHECK;
ALTER TABLE PUBLIC.DELEGATIONS ADD CONSTRAINT PUBLIC.FKSWBDEOVC7HSQ5EX30PBMDU9D4 FOREIGN KEY(AREA_ID) REFERENCES PUBLIC.AREAS(ID) NOCHECK;
ALTER TABLE PUBLIC.LAWS ADD CONSTRAINT PUBLIC.FK4QUHD81MM84X6RQ0CCBXSEYXX FOREIGN KEY(POLL_ID) REFERENCES PUBLIC.POLLS(ID) NOCHECK;
ALTER TABLE PUBLIC.LAWS_SUPPORTERS ADD CONSTRAINT PUBLIC.FK9B4I87YIKUCHRIRFJAYMGOHE3 FOREIGN KEY(LAW_MODEL_ID) REFERENCES PUBLIC.LAWS(ID) NOCHECK;
ALTER TABLE PUBLIC.BALLOTS ADD CONSTRAINT PUBLIC.FKOG7SHPLJ1CCOH8N9AO4Y16LQ3 FOREIGN KEY(POLL_ID) REFERENCES PUBLIC.POLLS(ID) NOCHECK;
ALTER TABLE PUBLIC.COMMENTS_DOWN_VOTERS ADD CONSTRAINT PUBLIC.FK62ILAC17TG4CPKRHEONUD72HV FOREIGN KEY(DOWN_VOTERS_ID) REFERENCES PUBLIC.USERS(ID) NOCHECK;
ALTER TABLE PUBLIC.CHECKSUMS ADD CONSTRAINT PUBLIC.FKDFLPSE9FSOGY1FMFDY2W79RG FOREIGN KEY(DELEGATED_TO_CHECKSUM) REFERENCES PUBLIC.CHECKSUMS(CHECKSUM) NOCHECK;
ALTER TABLE PUBLIC.BALLOTS_VOTE_ORDER ADD CONSTRAINT PUBLIC.FKIH6THEWVJEH3OW9DL1YTJ9AWB FOREIGN KEY(BALLOT_MODEL_ID) REFERENCES PUBLIC.BALLOTS(ID) NOCHECK;
ALTER TABLE PUBLIC.COMMENTS ADD CONSTRAINT PUBLIC.FK7PUWBWE4YL8B2O32R798UW8Q7 FOREIGN KEY(PROPOSAL_ID) REFERENCES PUBLIC.LAWS(ID) NOCHECK;
ALTER TABLE PUBLIC.CHECKSUMS ADD CONSTRAINT PUBLIC.FK68FTLVL0MWTVOQD3BFUPP0XRG FOREIGN KEY(PUBLIC_PROXY_ID) REFERENCES PUBLIC.USERS(ID) NOCHECK;
ALTER TABLE PUBLIC.LAWS ADD CONSTRAINT PUBLIC.FKTR1PLL46Q50SHWBFFYIYUAVGN FOREIGN KEY(CREATED_BY_ID) REFERENCES PUBLIC.USERS(ID) NOCHECK;
ALTER TABLE PUBLIC.ONE_TIME_TOKEN ADD CONSTRAINT PUBLIC.FK4O21XT1RMRICB3EA4TO5NKR8D FOREIGN KEY(USER_ID) REFERENCES PUBLIC.USERS(ID) NOCHECK;
ALTER TABLE PUBLIC.BALLOTS_VOTE_ORDER ADD CONSTRAINT PUBLIC.FKOWD5MAD84QVWGST43698A6GX5 FOREIGN KEY(VOTE_ORDER_ID) REFERENCES PUBLIC.LAWS(ID) NOCHECK;
ALTER TABLE PUBLIC.COMMENTS ADD CONSTRAINT PUBLIC.FKAKKM6QFYDU7VGNFNE1YO0XMED FOREIGN KEY(CREATED_BY_ID) REFERENCES PUBLIC.USERS(ID) NOCHECK;
ALTER TABLE PUBLIC.DELEGATIONS ADD CONSTRAINT PUBLIC.FK21A6LG8FU2JS6E0JU41WJ2GQP FOREIGN KEY(TO_PROXY_ID) REFERENCES PUBLIC.USERS(ID) NOCHECK;
ALTER TABLE PUBLIC.LAWS_COMMENTS ADD CONSTRAINT PUBLIC.FK36FBKIUITRV0YRVY8S0IG46IX FOREIGN KEY(LAW_MODEL_ID) REFERENCES PUBLIC.LAWS(ID) NOCHECK;
ALTER TABLE PUBLIC.POLLS ADD CONSTRAINT PUBLIC.FKQADOVSMQ4UOK58SP9HKHWJQIS FOREIGN KEY(WINNER_ID) REFERENCES PUBLIC.LAWS(ID) NOCHECK;
ALTER TABLE PUBLIC.DELEGATIONS ADD CONSTRAINT PUBLIC.FK9KOYA2MI6T18VF7U1FROBKNIQ FOREIGN KEY(FROM_USER_ID) REFERENCES PUBLIC.USERS(ID) NOCHECK;
ALTER TABLE PUBLIC.BALLOTS ADD CONSTRAINT PUBLIC.FK1RRV2WY16UQONFL9CR1CQG2XD FOREIGN KEY(CHECKSUM) REFERENCES PUBLIC.CHECKSUMS(CHECKSUM) NOCHECK;
ALTER TABLE PUBLIC.LAWS ADD CONSTRAINT PUBLIC.FK9VIQDJ5LDUN0AHWQDFF1WUY39 FOREIGN KEY(AREA_ID) REFERENCES PUBLIC.AREAS(ID) NOCHECK;
ALTER TABLE PUBLIC.LAWS_COMMENTS ADD CONSTRAINT PUBLIC.FKFL0Y4QFVFPF9YNMMFJ0JEVXFF FOREIGN KEY(COMMENTS_ID) REFERENCES PUBLIC.COMMENTS(ID) NOCHECK;
ALTER TABLE PUBLIC.COMMENTS_UP_VOTERS ADD CONSTRAINT PUBLIC.FKEUURM027PDC4L5A9G9O2L0UYD FOREIGN KEY(UP_VOTERS_ID) REFERENCES PUBLIC.USERS(ID) NOCHECK;
ALTER TABLE PUBLIC.COMMENTS ADD CONSTRAINT PUBLIC.FKLRI30OKF66PHTCGBE5POK7CC0 FOREIGN KEY(PARENT_ID) REFERENCES PUBLIC.COMMENTS(ID) NOCHECK;
ALTER TABLE PUBLIC.COMMENTS_UP_VOTERS ADD CONSTRAINT PUBLIC.FK8LS8T571Y99VTTW1MDKEBXAGP FOREIGN KEY(COMMENT_MODEL_ID) REFERENCES PUBLIC.COMMENTS(ID) NOCHECK;
ALTER TABLE PUBLIC.LAWS_SUPPORTERS ADD CONSTRAINT PUBLIC.FKK8MVJC4RQ970OJAVYFIA9BQVE FOREIGN KEY(SUPPORTERS_ID) REFERENCES PUBLIC.USERS(ID) NOCHECK;
ALTER TABLE PUBLIC.COMMENTS_DOWN_VOTERS ADD CONSTRAINT PUBLIC.FKJYMYJ54LENHS4KE6MYQHLY72 FOREIGN KEY(COMMENT_MODEL_ID) REFERENCES PUBLIC.COMMENTS(ID) NOCHECK;
ALTER TABLE PUBLIC.CHECKSUMS ADD CONSTRAINT PUBLIC.FKLLW57XBW0D67OPTMWFMU3P2PC FOREIGN KEY(AREA_ID) REFERENCES PUBLIC.AREAS(ID) NOCHECK;
