SET DB_CLOSE_DELAY -1;
;
CREATE USER IF NOT EXISTS SA SALT '3408551fc35c78db' HASH '39ebac4b186e4ced58c21ceb65aa291f8d71bd307f82413f13d2d7d8a92704d6' ADMIN;
CREATE SEQUENCE PUBLIC.HIBERNATE_SEQUENCE START WITH 407;
CREATE MEMORY TABLE PUBLIC.AREAS(
ID BIGINT NOT NULL,
CREATED_AT TIMESTAMP NOT NULL,
UPDATED_AT TIMESTAMP NOT NULL,
DESCRIPTION VARCHAR(255) NOT NULL,
TITLE VARCHAR(255) NOT NULL,
CREATED_BY_ID BIGINT NOT NULL
);
ALTER TABLE PUBLIC.AREAS ADD CONSTRAINT PUBLIC.CONSTRAINT_3 PRIMARY KEY(ID);
-- 10 +/- SELECT COUNT(*) FROM PUBLIC.AREAS;
INSERT INTO PUBLIC.AREAS(ID, CREATED_AT, UPDATED_AT, DESCRIPTION, TITLE, CREATED_BY_ID) VALUES
(21, TIMESTAMP '2019-08-10 21:42:33.297', TIMESTAMP '2019-08-10 21:42:33.297', 'Nice description for test area #0', 'Area 0', 1),
(22, TIMESTAMP '2019-08-10 21:42:33.3', TIMESTAMP '2019-08-10 21:42:33.3', 'Nice description for test area #1', 'Area 1', 1),
(23, TIMESTAMP '2019-08-10 21:42:33.302', TIMESTAMP '2019-08-10 21:42:33.302', 'Nice description for test area #2', 'Area 2', 1),
(24, TIMESTAMP '2019-08-10 21:42:33.302', TIMESTAMP '2019-08-10 21:42:33.302', 'Nice description for test area #3', 'Area 3', 1),
(25, TIMESTAMP '2019-08-10 21:42:33.302', TIMESTAMP '2019-08-10 21:42:33.302', 'Nice description for test area #4', 'Area 4', 1),
(26, TIMESTAMP '2019-08-10 21:42:33.302', TIMESTAMP '2019-08-10 21:42:33.302', 'Nice description for test area #5', 'Area 5', 1),
(27, TIMESTAMP '2019-08-10 21:42:33.302', TIMESTAMP '2019-08-10 21:42:33.302', 'Nice description for test area #6', 'Area 6', 1),
(28, TIMESTAMP '2019-08-10 21:42:33.302', TIMESTAMP '2019-08-10 21:42:33.302', 'Nice description for test area #7', 'Area 7', 1),
(29, TIMESTAMP '2019-08-10 21:42:33.302', TIMESTAMP '2019-08-10 21:42:33.302', 'Nice description for test area #8', 'Area 8', 1),
(30, TIMESTAMP '2019-08-10 21:42:33.365', TIMESTAMP '2019-08-10 21:42:33.365', 'Nice description for test area #9', 'Area 9', 1);
CREATE MEMORY TABLE PUBLIC.BALLOTS(
ID BIGINT NOT NULL,
LEVEL INTEGER NOT NULL,
VOTE_COUNT BIGINT NOT NULL,
CHECKSUM VARCHAR(255) NOT NULL,
POLL_ID BIGINT NOT NULL
);
ALTER TABLE PUBLIC.BALLOTS ADD CONSTRAINT PUBLIC.CONSTRAINT_1 PRIMARY KEY(ID);
-- 32 +/- SELECT COUNT(*) FROM PUBLIC.BALLOTS;
INSERT INTO PUBLIC.BALLOTS(ID, LEVEL, VOTE_COUNT, CHECKSUM, POLL_ID) VALUES
(343, 0, 1, '$2a$10$1IdrGrRAN2Wp3U7QI.JIzuuViLszDdeyBQZ4QNjYJJWIYI5M2O3G2', 314),
(344, 0, 1, '$2a$10$1IdrGrRAN2Wp3U7QI.JIzuDl5QTomD0jkJDoG.VH7LgF6BaMi7mUu', 314),
(345, 0, 4, '$2a$10$1IdrGrRAN2Wp3U7QI.JIzumrB8gg15WYrl/9Od2a/lKdcXxyoRqYe', 314),
(346, 0, 1, '$2a$10$1IdrGrRAN2Wp3U7QI.JIzu0U7xajdi9.MlI8tTpf7ZVQmMn3XTPaq', 314),
(347, 0, 1, '$2a$10$1IdrGrRAN2Wp3U7QI.JIzuA2amXnXPKlVvjlg62SZ08/U45S1krWS', 314),
(348, 0, 1, '$2a$10$1IdrGrRAN2Wp3U7QI.JIzuQi87d/P3rgtaiDqqegSB4vu2sByXkly', 314),
(349, 0, 2, '$2a$10$1IdrGrRAN2Wp3U7QI.JIzumF7aPaiUyhTd0m56K/SiA71ec5pLFu2', 314),
(350, 1, 1, '$2a$10$1IdrGrRAN2Wp3U7QI.JIzu9jY7URudOBmsrn4SD7Sp2bRAti6ztwK', 314),
(351, 0, 1, '$2a$10$1IdrGrRAN2Wp3U7QI.JIzuaW/fGb8Z2mJgsKxYwe5.NrtAFNxSQVS', 314),
(352, 0, 1, '$2a$10$1IdrGrRAN2Wp3U7QI.JIzuWb3cSZmVC9yx83VYQxwLFYSL5g8IoRy', 314),
(353, 0, 1, '$2a$10$1IdrGrRAN2Wp3U7QI.JIzuaXivFiTa4cwzBq6IwpHyvmd9OIEIHwW', 314),
(354, 0, 1, '$2a$10$1IdrGrRAN2Wp3U7QI.JIzuYTSKjBSu3cADo/STK5moSHUhn6NKcyS', 314),
(355, 0, 1, '$2a$10$1IdrGrRAN2Wp3U7QI.JIzuYun6DCp3DqD0HkMSxupTiHcONZRP0YC', 314),
(356, 0, 1, '$2a$10$1IdrGrRAN2Wp3U7QI.JIzuj/DUpsANoEk4usC10lyWBvgCY2jpdQ6', 314),
(357, 0, 1, '$2a$10$1IdrGrRAN2Wp3U7QI.JIzukT2e4dWh2jhcsPdh.C5JEqMyz08zCoa', 314),
(358, 0, 1, '$2a$10$1IdrGrRAN2Wp3U7QI.JIzuRe9KBAxYEu.ylAyhV50ek90rELSRGqG', 314),
(389, 0, 1, '$2a$10$1IdrGrRAN2Wp3U7QI.JIzuuViLszDdeyBQZ4QNjYJJWIYI5M2O3G2', 366),
(390, 0, 1, '$2a$10$1IdrGrRAN2Wp3U7QI.JIzuDl5QTomD0jkJDoG.VH7LgF6BaMi7mUu', 366),
(391, 0, 4, '$2a$10$1IdrGrRAN2Wp3U7QI.JIzumrB8gg15WYrl/9Od2a/lKdcXxyoRqYe', 366),
(392, 0, 1, '$2a$10$1IdrGrRAN2Wp3U7QI.JIzu0U7xajdi9.MlI8tTpf7ZVQmMn3XTPaq', 366),
(393, 0, 1, '$2a$10$1IdrGrRAN2Wp3U7QI.JIzuA2amXnXPKlVvjlg62SZ08/U45S1krWS', 366),
(394, 0, 1, '$2a$10$1IdrGrRAN2Wp3U7QI.JIzuQi87d/P3rgtaiDqqegSB4vu2sByXkly', 366),
(395, 0, 2, '$2a$10$1IdrGrRAN2Wp3U7QI.JIzumF7aPaiUyhTd0m56K/SiA71ec5pLFu2', 366),
(396, 1, 1, '$2a$10$1IdrGrRAN2Wp3U7QI.JIzu9jY7URudOBmsrn4SD7Sp2bRAti6ztwK', 366),
(397, 0, 1, '$2a$10$1IdrGrRAN2Wp3U7QI.JIzuaW/fGb8Z2mJgsKxYwe5.NrtAFNxSQVS', 366),
(398, 0, 1, '$2a$10$1IdrGrRAN2Wp3U7QI.JIzuWb3cSZmVC9yx83VYQxwLFYSL5g8IoRy', 366),
(399, 0, 1, '$2a$10$1IdrGrRAN2Wp3U7QI.JIzuaXivFiTa4cwzBq6IwpHyvmd9OIEIHwW', 366),
(400, 0, 1, '$2a$10$1IdrGrRAN2Wp3U7QI.JIzuYTSKjBSu3cADo/STK5moSHUhn6NKcyS', 366),
(401, 0, 1, '$2a$10$1IdrGrRAN2Wp3U7QI.JIzuYun6DCp3DqD0HkMSxupTiHcONZRP0YC', 366),
(402, 0, 1, '$2a$10$1IdrGrRAN2Wp3U7QI.JIzuj/DUpsANoEk4usC10lyWBvgCY2jpdQ6', 366),
(403, 0, 1, '$2a$10$1IdrGrRAN2Wp3U7QI.JIzukT2e4dWh2jhcsPdh.C5JEqMyz08zCoa', 366),
(404, 0, 1, '$2a$10$1IdrGrRAN2Wp3U7QI.JIzuRe9KBAxYEu.ylAyhV50ek90rELSRGqG', 366);
CREATE MEMORY TABLE PUBLIC.BALLOTS_VOTE_ORDER(
BALLOT_MODEL_ID BIGINT NOT NULL,
VOTE_ORDER_ID BIGINT NOT NULL,
VOTE_ORDER_ORDER INTEGER NOT NULL
);
ALTER TABLE PUBLIC.BALLOTS_VOTE_ORDER ADD CONSTRAINT PUBLIC.CONSTRAINT_5 PRIMARY KEY(BALLOT_MODEL_ID, VOTE_ORDER_ORDER);
-- 143 +/- SELECT COUNT(*) FROM PUBLIC.BALLOTS_VOTE_ORDER;
INSERT INTO PUBLIC.BALLOTS_VOTE_ORDER(BALLOT_MODEL_ID, VOTE_ORDER_ID, VOTE_ORDER_ORDER) VALUES
(343, 328, 0),
(343, 307, 1),
(343, 315, 2),
(343, 322, 3),
(343, 335, 4),
(344, 335, 0),
(344, 315, 1),
(344, 328, 2),
(344, 322, 3),
(344, 307, 4),
(345, 335, 0),
(345, 328, 1),
(345, 322, 2),
(345, 315, 3),
(345, 307, 4),
(349, 307, 0),
(349, 322, 1),
(349, 328, 2),
(350, 307, 0),
(350, 322, 1),
(350, 328, 2),
(351, 315, 0),
(351, 335, 1),
(351, 307, 2),
(351, 328, 3),
(351, 322, 4),
(346, 315, 0),
(346, 322, 1),
(346, 328, 2),
(346, 335, 3),
(346, 307, 4),
(347, 335, 0),
(347, 307, 1),
(347, 315, 2),
(352, 315, 0),
(352, 328, 1),
(352, 322, 2),
(352, 307, 3),
(352, 335, 4),
(353, 328, 0),
(353, 335, 1),
(353, 307, 2),
(353, 315, 3),
(353, 322, 4),
(354, 307, 0),
(354, 328, 1),
(354, 322, 2),
(355, 307, 0),
(355, 328, 1),
(355, 315, 2),
(355, 322, 3),
(356, 335, 0),
(356, 328, 1),
(356, 307, 2),
(356, 322, 3),
(356, 315, 4),
(357, 315, 0),
(357, 322, 1),
(357, 335, 2),
(357, 328, 3),
(357, 307, 4),
(358, 315, 0),
(358, 307, 1),
(358, 328, 2),
(358, 335, 3),
(358, 322, 4),
(348, 307, 0),
(348, 315, 1),
(348, 328, 2),
(348, 335, 3),
(389, 385, 0),
(389, 378, 1),
(389, 371, 2),
(389, 367, 3),
(389, 359, 4),
(390, 385, 0),
(390, 378, 1),
(390, 371, 2),
(390, 367, 3),
(391, 359, 0),
(391, 367, 1),
(391, 385, 2),
(391, 378, 3),
(391, 371, 4),
(395, 359, 0),
(395, 367, 1),
(395, 371, 2),
(395, 378, 3),
(395, 385, 4),
(396, 359, 0),
(396, 367, 1),
(396, 371, 2),
(396, 378, 3),
(396, 385, 4),
(397, 378, 0),
(397, 359, 1),
(397, 385, 2),
(397, 371, 3),
(392, 359, 0),
(392, 371, 1),
(392, 378, 2),
(392, 385, 3),
(392, 367, 4),
(393, 371, 0),
(393, 378, 1),
(393, 359, 2),
(393, 385, 3),
(393, 367, 4),
(398, 385, 0),
(398, 359, 1),
(398, 367, 2),
(398, 378, 3),
(399, 385, 0),
(399, 367, 1),
(399, 371, 2),
(399, 359, 3),
(399, 378, 4),
(400, 385, 0),
(400, 371, 1),
(400, 367, 2),
(400, 359, 3),
(401, 359, 0),
(401, 385, 1),
(401, 367, 2),
(401, 378, 3),
(401, 371, 4),
(402, 359, 0),
(402, 367, 1),
(402, 371, 2),
(402, 378, 3),
(402, 385, 4),
(403, 385, 0),
(403, 378, 1),
(403, 367, 2),
(404, 359, 0),
(404, 367, 1),
(404, 371, 2),
(404, 378, 3),
(394, 359, 0),
(394, 367, 1),
(394, 371, 2),
(394, 378, 3),
(394, 385, 4);
CREATE MEMORY TABLE PUBLIC.CHECKSUMS(
CHECKSUM VARCHAR(255) NOT NULL,
EXPIRES_AT TIMESTAMP,
TRANSITIVE BOOLEAN NOT NULL,
AREA_ID BIGINT,
DELEGATED_TO_CHECKSUM VARCHAR(255),
PUBLIC_PROXY_ID BIGINT
);
ALTER TABLE PUBLIC.CHECKSUMS ADD CONSTRAINT PUBLIC.CONSTRAINT_B PRIMARY KEY(CHECKSUM);
-- 18 +/- SELECT COUNT(*) FROM PUBLIC.CHECKSUMS;
INSERT INTO PUBLIC.CHECKSUMS(CHECKSUM, EXPIRES_AT, TRANSITIVE, AREA_ID, DELEGATED_TO_CHECKSUM, PUBLIC_PROXY_ID) VALUES
('$2a$10$1IdrGrRAN2Wp3U7QI.JIzueyGOu7FMMyyMJw3bvzEU2elpOrru8sy', TIMESTAMP '2019-08-11 21:42:37.756', TRUE, 21, NULL, 1),
('$2a$10$1IdrGrRAN2Wp3U7QI.JIzu9jY7URudOBmsrn4SD7Sp2bRAti6ztwK', TIMESTAMP '2019-08-11 21:42:39.26', TRUE, 21, '$2a$10$1IdrGrRAN2Wp3U7QI.JIzumF7aPaiUyhTd0m56K/SiA71ec5pLFu2', 6),
('$2a$10$1IdrGrRAN2Wp3U7QI.JIzuIvB5fBvUb/y3tpzb1Xahzu9k87H3HZ.', TIMESTAMP '2019-08-11 21:42:39.407', TRUE, 21, '$2a$10$1IdrGrRAN2Wp3U7QI.JIzueyGOu7FMMyyMJw3bvzEU2elpOrru8sy', 4),
('$2a$10$1IdrGrRAN2Wp3U7QI.JIzuuViLszDdeyBQZ4QNjYJJWIYI5M2O3G2', TIMESTAMP '2019-08-11 21:42:48.3', TRUE, 21, NULL, 13),
('$2a$10$1IdrGrRAN2Wp3U7QI.JIzuDl5QTomD0jkJDoG.VH7LgF6BaMi7mUu', TIMESTAMP '2019-08-11 21:42:48.537', TRUE, 21, NULL, 15),
('$2a$10$1IdrGrRAN2Wp3U7QI.JIzumrB8gg15WYrl/9Od2a/lKdcXxyoRqYe', TIMESTAMP '2019-08-11 21:42:48.811', TRUE, 21, '$2a$10$1IdrGrRAN2Wp3U7QI.JIzuIvB5fBvUb/y3tpzb1Xahzu9k87H3HZ.', 7),
('$2a$10$1IdrGrRAN2Wp3U7QI.JIzumF7aPaiUyhTd0m56K/SiA71ec5pLFu2', TIMESTAMP '2019-08-11 21:42:49.055', TRUE, 21, '$2a$10$1IdrGrRAN2Wp3U7QI.JIzueyGOu7FMMyyMJw3bvzEU2elpOrru8sy', 3),
('$2a$10$1IdrGrRAN2Wp3U7QI.JIzuaW/fGb8Z2mJgsKxYwe5.NrtAFNxSQVS', TIMESTAMP '2019-08-11 21:42:49.287', TRUE, 21, NULL, 5),
('$2a$10$1IdrGrRAN2Wp3U7QI.JIzu0U7xajdi9.MlI8tTpf7ZVQmMn3XTPaq', TIMESTAMP '2019-08-11 21:42:49.531', TRUE, 21, '$2a$10$1IdrGrRAN2Wp3U7QI.JIzumrB8gg15WYrl/9Od2a/lKdcXxyoRqYe', 10),
('$2a$10$1IdrGrRAN2Wp3U7QI.JIzuA2amXnXPKlVvjlg62SZ08/U45S1krWS', TIMESTAMP '2019-08-11 21:42:49.757', TRUE, 21, '$2a$10$1IdrGrRAN2Wp3U7QI.JIzumrB8gg15WYrl/9Od2a/lKdcXxyoRqYe', 11),
('$2a$10$1IdrGrRAN2Wp3U7QI.JIzuWb3cSZmVC9yx83VYQxwLFYSL5g8IoRy', TIMESTAMP '2019-08-11 21:42:49.989', TRUE, 21, '$2a$10$1IdrGrRAN2Wp3U7QI.JIzueyGOu7FMMyyMJw3bvzEU2elpOrru8sy', NULL),
('$2a$10$1IdrGrRAN2Wp3U7QI.JIzuaXivFiTa4cwzBq6IwpHyvmd9OIEIHwW', TIMESTAMP '2019-08-11 21:42:50.22', TRUE, 21, NULL, 9),
('$2a$10$1IdrGrRAN2Wp3U7QI.JIzuYTSKjBSu3cADo/STK5moSHUhn6NKcyS', TIMESTAMP '2019-08-11 21:42:50.437', TRUE, 21, NULL, 16),
('$2a$10$1IdrGrRAN2Wp3U7QI.JIzuYun6DCp3DqD0HkMSxupTiHcONZRP0YC', TIMESTAMP '2019-08-11 21:42:50.659', TRUE, 21, NULL, 20),
('$2a$10$1IdrGrRAN2Wp3U7QI.JIzuj/DUpsANoEk4usC10lyWBvgCY2jpdQ6', TIMESTAMP '2019-08-11 21:42:50.891', TRUE, 21, NULL, 18),
('$2a$10$1IdrGrRAN2Wp3U7QI.JIzukT2e4dWh2jhcsPdh.C5JEqMyz08zCoa', TIMESTAMP '2019-08-11 21:42:51.123', TRUE, 21, NULL, 14),
('$2a$10$1IdrGrRAN2Wp3U7QI.JIzuRe9KBAxYEu.ylAyhV50ek90rELSRGqG', TIMESTAMP '2019-08-11 21:42:51.356', TRUE, 21, NULL, 19),
('$2a$10$1IdrGrRAN2Wp3U7QI.JIzuQi87d/P3rgtaiDqqegSB4vu2sByXkly', TIMESTAMP '2019-08-11 21:42:51.577', FALSE, 21, '$2a$10$1IdrGrRAN2Wp3U7QI.JIzumrB8gg15WYrl/9Od2a/lKdcXxyoRqYe', 12);
CREATE MEMORY TABLE PUBLIC.COMMENTS(
ID BIGINT NOT NULL,
CREATED_AT TIMESTAMP NOT NULL,
UPDATED_AT TIMESTAMP NOT NULL,
COMMENT VARCHAR(255) NOT NULL,
CREATED_BY_ID BIGINT NOT NULL,
PARENT_ID BIGINT,
PROPOSAL_ID BIGINT NOT NULL
);
ALTER TABLE PUBLIC.COMMENTS ADD CONSTRAINT PUBLIC.CONSTRAINT_A PRIMARY KEY(ID);
-- 140 +/- SELECT COUNT(*) FROM PUBLIC.COMMENTS;
INSERT INTO PUBLIC.COMMENTS(ID, CREATED_AT, UPDATED_AT, COMMENT, CREATED_BY_ID, PARENT_ID, PROPOSAL_ID) VALUES
(194, TIMESTAMP '2019-08-10 21:42:36.101', TIMESTAMP '2019-08-10 21:42:36.101', 'Comment on root level. I really like this idea, but needs to be improved. 1565466156071', 15, NULL, 193),
(195, TIMESTAMP '2019-08-10 21:42:36.105', TIMESTAMP '2019-08-10 21:42:36.105', 'Reply 0 Lorem ipsum dolor sit amet, consectetur adipiscing', 9, 194, 193),
(196, TIMESTAMP '2019-08-10 21:42:36.109', TIMESTAMP '2019-08-10 21:42:36.109', 'Reply 1 Lorem ipsum dolor ', 17, 194, 193),
(197, TIMESTAMP '2019-08-10 21:42:36.11', TIMESTAMP '2019-08-10 21:42:36.11', 'Reply 2 Lorem ipsum dolor sit amet, consectetur adipiscing elit, sed do eiusmod tempor incididunt ut labore', 6, 194, 193),
(198, TIMESTAMP '2019-08-10 21:42:36.113', TIMESTAMP '2019-08-10 21:42:36.113', 'Reply 3 Lorem ipsum dolor sit amet, consectetur adipiscing elit,', 10, 194, 193),
(199, TIMESTAMP '2019-08-10 21:42:36.116', TIMESTAMP '2019-08-10 21:42:36.116', 'Reply 4 Lorem ipsum dolor sit amet, consectetur adipiscing elit, sed do eiusmod temp', 13, 194, 193),
(200, TIMESTAMP '2019-08-10 21:42:36.117', TIMESTAMP '2019-08-10 21:42:36.117', 'Reply 5 Lorem ipsum dolor sit amet, consectetur adipiscing elit, sed do eiusmod tempor incididunt ut labo', 9, 194, 193),
(201, TIMESTAMP '2019-08-10 21:42:36.12', TIMESTAMP '2019-08-10 21:42:36.12', 'Reply 6 Lorem ipsum dolor sit amet, consectetur adipiscing elit, se', 16, 194, 193),
(203, TIMESTAMP '2019-08-10 21:42:36.148', TIMESTAMP '2019-08-10 21:42:36.148', 'Comment on root level. I really like this idea, but needs to be improved. 1565466156148', 17, NULL, 202),
(204, TIMESTAMP '2019-08-10 21:42:36.15', TIMESTAMP '2019-08-10 21:42:36.15', 'Reply 0 Lorem ipsum dolor sit amet, consectetur adipiscing elit, sed do eiusm', 9, 203, 202),
(205, TIMESTAMP '2019-08-10 21:42:36.151', TIMESTAMP '2019-08-10 21:42:36.151', 'Reply 1 Lorem ipsum dolor sit amet, consectetur adipiscing elit, sed do eiu', 17, 203, 202),
(206, TIMESTAMP '2019-08-10 21:42:36.153', TIMESTAMP '2019-08-10 21:42:36.153', 'Reply 2 Lorem ipsum dolor sit amet, consectetur adipiscing elit, sed do eiusmod tempor ', 14, 203, 202),
(207, TIMESTAMP '2019-08-10 21:42:36.154', TIMESTAMP '2019-08-10 21:42:36.154', 'Reply 3 Lorem ipsum dolor s', 16, 203, 202),
(208, TIMESTAMP '2019-08-10 21:42:36.155', TIMESTAMP '2019-08-10 21:42:36.155', 'Reply 4 Lorem ipsum dolor sit amet, consectetu', 6, 203, 202),
(210, TIMESTAMP '2019-08-10 21:42:36.211', TIMESTAMP '2019-08-10 21:42:36.211', 'Comment on root level. I really like this idea, but needs to be improved. 1565466156210', 17, NULL, 209),
(211, TIMESTAMP '2019-08-10 21:42:36.212', TIMESTAMP '2019-08-10 21:42:36.212', 'Reply 0 Lorem ipsum dolor sit amet, consectetur adipiscing elit, sed do eiusmod tempor incid', 14, 210, 209),
(212, TIMESTAMP '2019-08-10 21:42:36.214', TIMESTAMP '2019-08-10 21:42:36.214', 'Reply 1 Lorem ipsum dolor sit amet, consectetur adipiscing elit, sed do eiusmod tempor incidid', 12, 210, 209),
(213, TIMESTAMP '2019-08-10 21:42:36.215', TIMESTAMP '2019-08-10 21:42:36.215', 'Reply 2 Lorem ipsum dolor sit amet, consectetur adipiscing elit, se', 8, 210, 209),
(215, TIMESTAMP '2019-08-10 21:42:36.241', TIMESTAMP '2019-08-10 21:42:36.241', 'Comment on root level. I really like this idea, but needs to be improved. 1565466156240', 20, NULL, 214),
(216, TIMESTAMP '2019-08-10 21:42:36.243', TIMESTAMP '2019-08-10 21:42:36.243', 'Reply 0 Lorem ipsum dolor sit ', 1, 215, 214),
(217, TIMESTAMP '2019-08-10 21:42:36.244', TIMESTAMP '2019-08-10 21:42:36.244', 'Reply 1 Lorem ipsum dolor sit', 8, 215, 214),
(218, TIMESTAMP '2019-08-10 21:42:36.245', TIMESTAMP '2019-08-10 21:42:36.245', 'Reply 2 Lorem ipsum dolor sit amet,', 5, 215, 214),
(219, TIMESTAMP '2019-08-10 21:42:36.247', TIMESTAMP '2019-08-10 21:42:36.247', 'Reply 3 Lorem ipsum dolor sit', 15, 215, 214),
(220, TIMESTAMP '2019-08-10 21:42:36.249', TIMESTAMP '2019-08-10 21:42:36.249', 'Reply 4 Lorem ipsum dolor sit amet, consectetur adipiscing elit, sed do eiusmo', 17, 215, 214);
INSERT INTO PUBLIC.COMMENTS(ID, CREATED_AT, UPDATED_AT, COMMENT, CREATED_BY_ID, PARENT_ID, PROPOSAL_ID) VALUES
(222, TIMESTAMP '2019-08-10 21:42:36.278', TIMESTAMP '2019-08-10 21:42:36.278', 'Comment on root level. I really like this idea, but needs to be improved. 1565466156278', 18, NULL, 221),
(223, TIMESTAMP '2019-08-10 21:42:36.289', TIMESTAMP '2019-08-10 21:42:36.289', 'Reply 0 Lorem ipsum dolor sit ame', 20, 222, 221),
(224, TIMESTAMP '2019-08-10 21:42:36.29', TIMESTAMP '2019-08-10 21:42:36.29', 'Reply 1 Lorem ipsum dolor sit a', 11, 222, 221),
(225, TIMESTAMP '2019-08-10 21:42:36.3', TIMESTAMP '2019-08-10 21:42:36.3', 'Reply 2 Lorem ipsu', 19, 222, 221),
(236, TIMESTAMP '2019-08-10 21:42:41.682', TIMESTAMP '2019-08-10 21:42:41.682', 'Comment on root level. I really like this idea, but needs to be improved. 1565466161682', 3, NULL, 235),
(237, TIMESTAMP '2019-08-10 21:42:41.682', TIMESTAMP '2019-08-10 21:42:41.682', 'Reply 0 Lorem ipsum dolor sit amet, consectetur adipiscing elit, sed do eiusmod tempor incididunt ut labore', 13, 236, 235),
(238, TIMESTAMP '2019-08-10 21:42:41.682', TIMESTAMP '2019-08-10 21:42:41.682', 'Reply 1 Lorem ipsum dolor sit amet, consectetur adipiscing elit, sed do eiusmod tempor incididunt ut ', 10, 236, 235),
(239, TIMESTAMP '2019-08-10 21:42:41.697', TIMESTAMP '2019-08-10 21:42:41.697', 'Reply 2 Lorem ipsum dolor sit amet, consec', 3, 236, 235),
(244, TIMESTAMP '2019-08-10 21:42:41.734', TIMESTAMP '2019-08-10 21:42:41.734', 'Comment on root level. I really like this idea, but needs to be improved. 1565466161734', 17, NULL, 243),
(245, TIMESTAMP '2019-08-10 21:42:41.735', TIMESTAMP '2019-08-10 21:42:41.735', 'Reply 0 Lorem ipsum do', 12, 244, 243),
(246, TIMESTAMP '2019-08-10 21:42:41.735', TIMESTAMP '2019-08-10 21:42:41.735', 'Reply 1 Lorem ipsum dolor sit amet, consectetur adipiscing elit, sed do eiusmod ', 16, 244, 243),
(247, TIMESTAMP '2019-08-10 21:42:41.735', TIMESTAMP '2019-08-10 21:42:41.735', 'Reply 2 Lorem ipsum dolor sit amet, consectetur adipiscing elit, sed do eiusmod tempor incididunt ut l', 16, 244, 243),
(248, TIMESTAMP '2019-08-10 21:42:41.735', TIMESTAMP '2019-08-10 21:42:41.735', 'Reply 3 Lorem ipsum dolor sit amet, consectetur adipiscing elit, sed do eiusmod tempor i', 7, 244, 243),
(249, TIMESTAMP '2019-08-10 21:42:41.735', TIMESTAMP '2019-08-10 21:42:41.735', 'Reply 4 Lorem ipsum dolor sit amet', 7, 244, 243),
(250, TIMESTAMP '2019-08-10 21:42:41.735', TIMESTAMP '2019-08-10 21:42:41.735', 'Reply 5 Lorem ipsum', 10, 244, 243),
(251, TIMESTAMP '2019-08-10 21:42:41.735', TIMESTAMP '2019-08-10 21:42:41.735', 'Reply 6 Lorem ipsum dolor sit amet, consectetur adipisc', 6, 244, 243),
(253, TIMESTAMP '2019-08-10 21:42:41.767', TIMESTAMP '2019-08-10 21:42:41.767', 'Comment on root level. I really like this idea, but needs to be improved. 1565466161767', 13, NULL, 252),
(254, TIMESTAMP '2019-08-10 21:42:41.767', TIMESTAMP '2019-08-10 21:42:41.767', 'Reply 0 Lorem ipsum dolor sit amet, consectetur adipiscing elit, sed do eiusmod tempor inc', 6, 253, 252),
(255, TIMESTAMP '2019-08-10 21:42:41.767', TIMESTAMP '2019-08-10 21:42:41.767', 'Reply 1 Lorem ipsum dolor sit amet, consectetur adipiscing elit, sed do eiusmod tempo', 5, 253, 252),
(256, TIMESTAMP '2019-08-10 21:42:41.767', TIMESTAMP '2019-08-10 21:42:41.767', 'Reply 2 Lorem ipsum dolor sit amet,', 20, 253, 252),
(257, TIMESTAMP '2019-08-10 21:42:41.767', TIMESTAMP '2019-08-10 21:42:41.767', 'Reply 3 Lorem ipsum dolor sit amet, consectetur adipiscing elit, sed do ', 9, 253, 252),
(259, TIMESTAMP '2019-08-10 21:42:41.798', TIMESTAMP '2019-08-10 21:42:41.798', 'Comment on root level. I really like this idea, but needs to be improved. 1565466161798', 7, NULL, 258),
(260, TIMESTAMP '2019-08-10 21:42:41.798', TIMESTAMP '2019-08-10 21:42:41.798', 'Reply 0 Lorem ipsum dolor sit amet, consectetur adipiscing elit, sed do eiusm', 17, 259, 258),
(261, TIMESTAMP '2019-08-10 21:42:41.798', TIMESTAMP '2019-08-10 21:42:41.798', 'Reply 1 Lorem ipsum dolor sit amet, consectetur adipiscing elit, sed do eiusmod t', 4, 259, 258),
(262, TIMESTAMP '2019-08-10 21:42:41.798', TIMESTAMP '2019-08-10 21:42:41.798', 'Reply 2 Lorem ipsum dolor sit amet, consectetur adipiscing elit, ', 13, 259, 258);
INSERT INTO PUBLIC.COMMENTS(ID, CREATED_AT, UPDATED_AT, COMMENT, CREATED_BY_ID, PARENT_ID, PROPOSAL_ID) VALUES
(263, TIMESTAMP '2019-08-10 21:42:41.798', TIMESTAMP '2019-08-10 21:42:41.798', 'Reply 3 Lorem ipsum dolor ', 20, 259, 258),
(265, TIMESTAMP '2019-08-10 21:42:41.942', TIMESTAMP '2019-08-10 21:42:41.942', 'Comment on root level. I really like this idea, but needs to be improved. 1565466161941', 9, NULL, 264),
(266, TIMESTAMP '2019-08-10 21:42:41.943', TIMESTAMP '2019-08-10 21:42:41.943', 'Reply 0 Lorem ipsum dolor sit amet, conse', 5, 265, 264),
(267, TIMESTAMP '2019-08-10 21:42:41.949', TIMESTAMP '2019-08-10 21:42:41.949', 'Reply 1 Lorem ipsum dolor sit amet, consectetur adipiscing e', 1, 265, 264),
(268, TIMESTAMP '2019-08-10 21:42:41.95', TIMESTAMP '2019-08-10 21:42:41.95', 'Reply 2 Lorem ipsum', 5, 265, 264),
(270, TIMESTAMP '2019-08-10 21:42:41.979', TIMESTAMP '2019-08-10 21:42:41.979', 'Comment on root level. I really like this idea, but needs to be improved. 1565466161978', 7, NULL, 269),
(271, TIMESTAMP '2019-08-10 21:42:41.98', TIMESTAMP '2019-08-10 21:42:41.98', 'Reply 0 Lorem ipsum do', 16, 270, 269),
(272, TIMESTAMP '2019-08-10 21:42:41.982', TIMESTAMP '2019-08-10 21:42:41.982', 'Reply 1 Lorem ipsum dolor sit amet, consectetur adipiscing elit, sed do eiusmod tempor incididunt ut ', 20, 270, 269),
(273, TIMESTAMP '2019-08-10 21:42:41.983', TIMESTAMP '2019-08-10 21:42:41.983', 'Reply 2 Lorem ipsum dolor sit amet, consectetur adipiscing elit, se', 16, 270, 269),
(274, TIMESTAMP '2019-08-10 21:42:41.984', TIMESTAMP '2019-08-10 21:42:41.984', 'Reply 3 Lorem ipsum dolor sit amet, consectetur adipiscing elit, sed do eiusmod tempo', 10, 270, 269),
(275, TIMESTAMP '2019-08-10 21:42:41.985', TIMESTAMP '2019-08-10 21:42:41.985', 'Reply 4 Lorem ipsum dolor sit amet, consectetur adipiscing elit, sed do eiusmod tempor incididunt ut lab', 6, 270, 269),
(276, TIMESTAMP '2019-08-10 21:42:41.986', TIMESTAMP '2019-08-10 21:42:41.986', 'Reply 5 Lorem ipsum dolor sit amet, consectetur adipisc', 18, 270, 269),
(279, TIMESTAMP '2019-08-10 21:42:42.009', TIMESTAMP '2019-08-10 21:42:42.009', 'Comment on root level. I really like this idea, but needs to be improved. 1565466162008', 10, NULL, 278),
(280, TIMESTAMP '2019-08-10 21:42:42.009', TIMESTAMP '2019-08-10 21:42:42.009', 'Reply 0 Lorem ipsum dolor sit', 15, 279, 278),
(281, TIMESTAMP '2019-08-10 21:42:42.01', TIMESTAMP '2019-08-10 21:42:42.01', 'Reply 1 Lorem ipsum dolor sit amet, ', 12, 279, 278),
(282, TIMESTAMP '2019-08-10 21:42:42.011', TIMESTAMP '2019-08-10 21:42:42.011', 'Reply 2 Lorem ipsum dolor sit amet, consectetur adipiscing elit, sed do eiusmod tempor incididunt ut', 17, 279, 278),
(284, TIMESTAMP '2019-08-10 21:42:42.035', TIMESTAMP '2019-08-10 21:42:42.035', 'Comment on root level. I really like this idea, but needs to be improved. 1565466162034', 9, NULL, 283),
(285, TIMESTAMP '2019-08-10 21:42:42.036', TIMESTAMP '2019-08-10 21:42:42.036', 'Reply 0 Lorem ipsum dolor sit amet, consectetur adipiscing elit, sed do eiusmod tempor incididunt ut', 13, 284, 283),
(286, TIMESTAMP '2019-08-10 21:42:42.037', TIMESTAMP '2019-08-10 21:42:42.037', 'Reply 1 Lorem ipsum dolor sit amet, consectetur adipisc', 7, 284, 283),
(287, TIMESTAMP '2019-08-10 21:42:42.038', TIMESTAMP '2019-08-10 21:42:42.038', 'Reply 2 Lorem ipsum dolor sit amet, consectetur adipiscing elit, sed do ', 2, 284, 283),
(288, TIMESTAMP '2019-08-10 21:42:42.039', TIMESTAMP '2019-08-10 21:42:42.039', 'Reply 3 Lorem ipsum dolor sit amet, consectetur adipiscing elit, sed do eiusmod tempor incididun', 13, 284, 283),
(289, TIMESTAMP '2019-08-10 21:42:42.04', TIMESTAMP '2019-08-10 21:42:42.04', 'Reply 4 Lorem ipsum dolor sit amet, consectetur adipiscing elit, sed do eiusm', 5, 284, 283),
(290, TIMESTAMP '2019-08-10 21:42:42.041', TIMESTAMP '2019-08-10 21:42:42.041', 'Reply 5 Lorem ipsum dolor sit amet, consectetur adipiscing elit, sed do eiusmod ', 20, 284, 283),
(292, TIMESTAMP '2019-08-10 21:42:42.093', TIMESTAMP '2019-08-10 21:42:42.093', 'Comment on root level. I really like this idea, but needs to be improved. 1565466162092', 8, NULL, 291);
INSERT INTO PUBLIC.COMMENTS(ID, CREATED_AT, UPDATED_AT, COMMENT, CREATED_BY_ID, PARENT_ID, PROPOSAL_ID) VALUES
(293, TIMESTAMP '2019-08-10 21:42:42.094', TIMESTAMP '2019-08-10 21:42:42.094', 'Reply 0 Lorem ipsum dolor sit amet, consectetur adipiscing elit, sed do eiusmod tem', 2, 292, 291),
(294, TIMESTAMP '2019-08-10 21:42:42.096', TIMESTAMP '2019-08-10 21:42:42.096', 'Reply 1 Lorem ipsum dolor sit amet, consectetur adipiscing elit, sed do ', 15, 292, 291),
(295, TIMESTAMP '2019-08-10 21:42:42.097', TIMESTAMP '2019-08-10 21:42:42.097', 'Reply 2 Lorem ipsum dolor sit amet, consectetur adipiscing elit, sed do eiusm', 10, 292, 291),
(296, TIMESTAMP '2019-08-10 21:42:42.098', TIMESTAMP '2019-08-10 21:42:42.098', 'Reply 3 Lorem ipsum dolor sit amet, consectetur adipiscing elit, sed do eiusmo', 4, 292, 291),
(298, TIMESTAMP '2019-08-10 21:42:42.134', TIMESTAMP '2019-08-10 21:42:42.134', 'Comment on root level. I really like this idea, but needs to be improved. 1565466162134', 1, NULL, 297),
(299, TIMESTAMP '2019-08-10 21:42:42.137', TIMESTAMP '2019-08-10 21:42:42.137', 'Reply 0 Lorem ipsum dolor sit amet, consectetur adipiscing elit, sed do eiu', 12, 298, 297),
(300, TIMESTAMP '2019-08-10 21:42:42.138', TIMESTAMP '2019-08-10 21:42:42.138', 'Reply 1 Lorem ipsum dolor sit amet, consectetur adipiscing e', 11, 298, 297),
(301, TIMESTAMP '2019-08-10 21:42:42.139', TIMESTAMP '2019-08-10 21:42:42.139', 'Reply 2 Lorem ipsum', 12, 298, 297),
(302, TIMESTAMP '2019-08-10 21:42:42.182', TIMESTAMP '2019-08-10 21:42:42.182', 'Reply 3 Lorem ipsum dolor sit amet, consectetur adipiscing elit, sed do eiusmod t', 7, 298, 297),
(303, TIMESTAMP '2019-08-10 21:42:42.184', TIMESTAMP '2019-08-10 21:42:42.184', 'Reply 4 Lorem ipsum dolor sit', 8, 298, 297),
(304, TIMESTAMP '2019-08-10 21:42:42.185', TIMESTAMP '2019-08-10 21:42:42.185', 'Reply 5 Lorem ipsum dolor sit amet, co', 10, 298, 297),
(305, TIMESTAMP '2019-08-10 21:42:42.186', TIMESTAMP '2019-08-10 21:42:42.186', 'Reply 6 Lorem ipsum dolor sit amet, consect', 9, 298, 297),
(306, TIMESTAMP '2019-08-10 21:42:42.187', TIMESTAMP '2019-08-10 21:42:42.187', 'Reply 7 Lorem ipsum dolor sit amet, consectetur adipiscing elit, sed do eiusmod tempor incidi', 5, 298, 297),
(308, TIMESTAMP '2019-08-10 21:42:42.291', TIMESTAMP '2019-08-10 21:42:42.291', 'Comment on root level. I really like this idea, but needs to be improved. 1565466162291', 9, NULL, 307),
(309, TIMESTAMP '2019-08-10 21:42:42.293', TIMESTAMP '2019-08-10 21:42:42.293', 'Reply 0 Lorem ipsum dolor sit amet, con', 20, 308, 307),
(310, TIMESTAMP '2019-08-10 21:42:42.294', TIMESTAMP '2019-08-10 21:42:42.294', 'Reply 1 Lorem ipsum dolor sit amet, conse', 9, 308, 307),
(311, TIMESTAMP '2019-08-10 21:42:42.295', TIMESTAMP '2019-08-10 21:42:42.295', 'Reply 2 Lorem ipsum dolor sit amet, consectetur adipiscing elit, sed do eiusmod tempor incididunt', 6, 308, 307),
(312, TIMESTAMP '2019-08-10 21:42:42.318', TIMESTAMP '2019-08-10 21:42:42.318', 'Reply 3 Lorem ipsum dolor sit amet, consectetur adipiscing elit, sed do eiusmod tempor incididunt ut labo', 20, 308, 307),
(313, TIMESTAMP '2019-08-10 21:42:42.319', TIMESTAMP '2019-08-10 21:42:42.319', 'Reply 4 Lorem ipsum dolor sit amet, consectetur adipiscing elit, sed do eiusmod ', 8, 308, 307),
(316, TIMESTAMP '2019-08-10 21:42:42.345', TIMESTAMP '2019-08-10 21:42:42.345', 'Comment on root level. I really like this idea, but needs to be improved. 1565466162345', 16, NULL, 315),
(317, TIMESTAMP '2019-08-10 21:42:42.348', TIMESTAMP '2019-08-10 21:42:42.348', 'Reply 0 Lorem ipsum dolor sit amet, consec', 13, 316, 315),
(318, TIMESTAMP '2019-08-10 21:42:42.349', TIMESTAMP '2019-08-10 21:42:42.349', 'Reply 1 Lorem ipsum dolor ', 11, 316, 315),
(319, TIMESTAMP '2019-08-10 21:42:42.351', TIMESTAMP '2019-08-10 21:42:42.351', 'Reply 2 Lorem ipsum dolor sit amet, consectetur adipiscing elit, sed do eiusmod tempor inc', 1, 316, 315),
(320, TIMESTAMP '2019-08-10 21:42:42.352', TIMESTAMP '2019-08-10 21:42:42.352', 'Reply 3 Lorem ipsum d', 16, 316, 315),
(321, TIMESTAMP '2019-08-10 21:42:42.353', TIMESTAMP '2019-08-10 21:42:42.353', 'Reply 4 Lorem ipsum dolor sit amet, consectetur adipiscing elit, sed d', 13, 316, 315);
INSERT INTO PUBLIC.COMMENTS(ID, CREATED_AT, UPDATED_AT, COMMENT, CREATED_BY_ID, PARENT_ID, PROPOSAL_ID) VALUES
(323, TIMESTAMP '2019-08-10 21:42:42.417', TIMESTAMP '2019-08-10 21:42:42.417', 'Comment on root level. I really like this idea, but needs to be improved. 1565466162416', 3, NULL, 322),
(324, TIMESTAMP '2019-08-10 21:42:42.418', TIMESTAMP '2019-08-10 21:42:42.418', 'Reply 0 Lorem ipsum dolor sit amet, consectetur adipiscing elit, sed do eiusmod tem', 16, 323, 322),
(325, TIMESTAMP '2019-08-10 21:42:42.419', TIMESTAMP '2019-08-10 21:42:42.419', 'Reply 1 Lorem ipsum dol', 3, 323, 322),
(326, TIMESTAMP '2019-08-10 21:42:42.42', TIMESTAMP '2019-08-10 21:42:42.42', 'Reply 2 Lorem ipsum dolor sit amet, consectetur adipiscing elit, sed do eiusmod tempor incididunt ut ', 3, 323, 322),
(327, TIMESTAMP '2019-08-10 21:42:42.421', TIMESTAMP '2019-08-10 21:42:42.421', 'Reply 3 Lorem ipsum dolor sit amet, consectetur adipiscing elit, sed do eiusmod', 4, 323, 322),
(329, TIMESTAMP '2019-08-10 21:42:42.445', TIMESTAMP '2019-08-10 21:42:42.445', 'Comment on root level. I really like this idea, but needs to be improved. 1565466162445', 6, NULL, 328),
(330, TIMESTAMP '2019-08-10 21:42:42.446', TIMESTAMP '2019-08-10 21:42:42.446', 'Reply 0 Lorem ipsum dolor sit amet, consectetur adipiscing elit,', 7, 329, 328),
(331, TIMESTAMP '2019-08-10 21:42:42.447', TIMESTAMP '2019-08-10 21:42:42.447', 'Reply 1 Lorem ipsum dolor sit amet, conse', 9, 329, 328),
(332, TIMESTAMP '2019-08-10 21:42:42.448', TIMESTAMP '2019-08-10 21:42:42.448', 'Reply 2 Lorem ipsum dolor sit amet, consectetur adipiscing elit, sed d', 9, 329, 328),
(333, TIMESTAMP '2019-08-10 21:42:42.449', TIMESTAMP '2019-08-10 21:42:42.449', 'Reply 3 Lorem ipsum dolor sit amet, consectetur adipis', 19, 329, 328),
(334, TIMESTAMP '2019-08-10 21:42:42.45', TIMESTAMP '2019-08-10 21:42:42.45', 'Reply 4 Lorem ipsum dolor sit amet, consectetur adipiscing elit, sed do eiusmod tempor incididunt ut labore', 10, 329, 328),
(336, TIMESTAMP '2019-08-10 21:42:42.472', TIMESTAMP '2019-08-10 21:42:42.472', 'Comment on root level. I really like this idea, but needs to be improved. 1565466162472', 2, NULL, 335),
(337, TIMESTAMP '2019-08-10 21:42:42.473', TIMESTAMP '2019-08-10 21:42:42.473', 'Reply 0 Lorem ipsum dolor sit amet, consectetur adi', 8, 336, 335),
(338, TIMESTAMP '2019-08-10 21:42:42.474', TIMESTAMP '2019-08-10 21:42:42.474', 'Reply 1 Lorem ipsum dolor sit amet, consectetur adipiscing el', 2, 336, 335),
(339, TIMESTAMP '2019-08-10 21:42:42.475', TIMESTAMP '2019-08-10 21:42:42.475', 'Reply 2 Lorem ipsum dolor sit amet, consectetur adipiscing elit, sed do eiusmod tempor incidid', 4, 336, 335),
(340, TIMESTAMP '2019-08-10 21:42:42.476', TIMESTAMP '2019-08-10 21:42:42.476', 'Reply 3 Lorem ipsum dolor sit amet, consectetur adipisci', 4, 336, 335),
(341, TIMESTAMP '2019-08-10 21:42:42.477', TIMESTAMP '2019-08-10 21:42:42.477', 'Reply 4 Lorem ipsum dolor sit amet, consectetur adipiscing elit, sed do ', 13, 336, 335),
(342, TIMESTAMP '2019-08-10 21:42:42.478', TIMESTAMP '2019-08-10 21:42:42.478', 'Reply 5 Lorem ipsum dolor sit amet, ', 20, 336, 335),
(360, TIMESTAMP '2019-08-10 21:42:48', TIMESTAMP '2019-08-10 21:42:48', 'Comment on root level. I really like this idea, but needs to be improved. 1565466168000', 20, NULL, 359),
(361, TIMESTAMP '2019-08-10 21:42:48.001', TIMESTAMP '2019-08-10 21:42:48.001', 'Reply 0 Lorem ipsum dolor sit amet, consectetu', 20, 360, 359),
(362, TIMESTAMP '2019-08-10 21:42:48.002', TIMESTAMP '2019-08-10 21:42:48.002', 'Reply 1 Lorem ipsum dolor sit amet, consectetur adipiscing elit, sed do eiusmod tempor incididunt', 3, 360, 359),
(363, TIMESTAMP '2019-08-10 21:42:48.002', TIMESTAMP '2019-08-10 21:42:48.002', 'Reply 2 Lorem ipsu', 6, 360, 359),
(364, TIMESTAMP '2019-08-10 21:42:48.002', TIMESTAMP '2019-08-10 21:42:48.002', 'Reply 3 Lorem ipsum dolor sit amet, consectetur adipiscing elit, sed do eiusmod tempor incididu', 3, 360, 359),
(365, TIMESTAMP '2019-08-10 21:42:48.002', TIMESTAMP '2019-08-10 21:42:48.002', 'Reply 4 Lorem ipsum dolor sit amet, consectetur adipiscing elit,', 19, 360, 359);
INSERT INTO PUBLIC.COMMENTS(ID, CREATED_AT, UPDATED_AT, COMMENT, CREATED_BY_ID, PARENT_ID, PROPOSAL_ID) VALUES
(368, TIMESTAMP '2019-08-10 21:42:48.018', TIMESTAMP '2019-08-10 21:42:48.018', 'Comment on root level. I really like this idea, but needs to be improved. 1565466168018', 18, NULL, 367),
(369, TIMESTAMP '2019-08-10 21:42:48.018', TIMESTAMP '2019-08-10 21:42:48.018', 'Reply 0 Lorem ipsum dolor sit amet, consectetur adipiscing elit, sed do eiusmod tempor incididunt ut labore', 4, 368, 367),
(370, TIMESTAMP '2019-08-10 21:42:48.033', TIMESTAMP '2019-08-10 21:42:48.033', 'Reply 1 Lorem ipsum dolor sit amet, consectetur adipiscing elit, se', 11, 368, 367),
(372, TIMESTAMP '2019-08-10 21:42:48.049', TIMESTAMP '2019-08-10 21:42:48.049', 'Comment on root level. I really like this idea, but needs to be improved. 1565466168049', 14, NULL, 371),
(373, TIMESTAMP '2019-08-10 21:42:48.049', TIMESTAMP '2019-08-10 21:42:48.049', 'Reply 0 Lorem ipsum dolor sit amet, consectetur adipiscing e', 17, 372, 371),
(374, TIMESTAMP '2019-08-10 21:42:48.049', TIMESTAMP '2019-08-10 21:42:48.049', 'Reply 1 Lorem ipsum dolor sit amet, consectetur adipiscing elit, sed do eiusmod te', 18, 372, 371),
(375, TIMESTAMP '2019-08-10 21:42:48.049', TIMESTAMP '2019-08-10 21:42:48.049', 'Reply 2 Lorem ipsum dolor sit amet, consectetur adipiscing elit, sed do ', 5, 372, 371),
(376, TIMESTAMP '2019-08-10 21:42:48.049', TIMESTAMP '2019-08-10 21:42:48.049', 'Reply 3 Lorem ipsum dolor sit amet, consectetu', 20, 372, 371),
(377, TIMESTAMP '2019-08-10 21:42:48.049', TIMESTAMP '2019-08-10 21:42:48.049', 'Reply 4 Lorem ipsum dolor s', 9, 372, 371),
(379, TIMESTAMP '2019-08-10 21:42:48.08', TIMESTAMP '2019-08-10 21:42:48.08', 'Comment on root level. I really like this idea, but needs to be improved. 1565466168080', 12, NULL, 378),
(380, TIMESTAMP '2019-08-10 21:42:48.08', TIMESTAMP '2019-08-10 21:42:48.08', 'Reply 0 Lorem ipsum dolor sit ', 11, 379, 378),
(381, TIMESTAMP '2019-08-10 21:42:48.08', TIMESTAMP '2019-08-10 21:42:48.08', 'Reply 1 Lorem ipsum dolor sit amet, consectetur adipiscing elit, sed do eiusmod tempor incid', 17, 379, 378),
(382, TIMESTAMP '2019-08-10 21:42:48.08', TIMESTAMP '2019-08-10 21:42:48.08', 'Reply 2 Lorem ipsum dolor sit amet, consectetur adipisc', 8, 379, 378),
(383, TIMESTAMP '2019-08-10 21:42:48.08', TIMESTAMP '2019-08-10 21:42:48.08', 'Reply 3 Lorem ipsum dolor sit amet, consectetur adipiscing elit, sed do ei', 16, 379, 378),
(384, TIMESTAMP '2019-08-10 21:42:48.08', TIMESTAMP '2019-08-10 21:42:48.08', 'Reply 4 Lorem ipsum dolor sit amet, consectetur ', 9, 379, 378),
(386, TIMESTAMP '2019-08-10 21:42:48.102', TIMESTAMP '2019-08-10 21:42:48.102', 'Comment on root level. I really like this idea, but needs to be improved. 1565466168102', 20, NULL, 385),
(387, TIMESTAMP '2019-08-10 21:42:48.102', TIMESTAMP '2019-08-10 21:42:48.102', 'Reply 0 Lorem ipsum dolor sit amet, consectetur ad', 11, 386, 385),
(388, TIMESTAMP '2019-08-10 21:42:48.102', TIMESTAMP '2019-08-10 21:42:48.102', 'Reply 1 Lorem ipsum dolor sit amet, consectetur adipiscing elit, sed do eiusmod tempor incididun', 19, 386, 385);
CREATE MEMORY TABLE PUBLIC.COMMENTS_DOWN_VOTERS(
COMMENT_MODEL_ID BIGINT NOT NULL,
DOWN_VOTERS_ID BIGINT NOT NULL
);
ALTER TABLE PUBLIC.COMMENTS_DOWN_VOTERS ADD CONSTRAINT PUBLIC.CONSTRAINT_2 PRIMARY KEY(COMMENT_MODEL_ID, DOWN_VOTERS_ID);
-- 302 +/- SELECT COUNT(*) FROM PUBLIC.COMMENTS_DOWN_VOTERS;
INSERT INTO PUBLIC.COMMENTS_DOWN_VOTERS(COMMENT_MODEL_ID, DOWN_VOTERS_ID) VALUES
(194, 7),
(195, 20),
(195, 14),
(197, 19),
(198, 19),
(199, 7),
(199, 12),
(199, 9),
(200, 2),
(200, 7),
(200, 3),
(201, 1),
(201, 12),
(204, 17),
(204, 19),
(205, 11),
(205, 17),
(205, 18),
(205, 20),
(205, 19),
(207, 14),
(210, 11),
(210, 16),
(210, 5),
(211, 17),
(211, 19),
(213, 10),
(213, 12),
(215, 2),
(215, 13),
(215, 11),
(216, 8),
(216, 7),
(216, 19),
(217, 19),
(218, 20),
(218, 12),
(219, 6),
(219, 13),
(219, 20),
(219, 10),
(220, 8),
(220, 14),
(220, 16),
(220, 12),
(222, 4),
(222, 18),
(222, 1),
(222, 5),
(222, 9),
(223, 19),
(224, 8),
(224, 10),
(224, 16),
(224, 5),
(225, 17),
(236, 16),
(237, 18),
(237, 5),
(238, 7),
(239, 15),
(239, 12),
(244, 11),
(244, 20),
(245, 11),
(245, 12),
(246, 13),
(246, 11),
(246, 7),
(246, 3),
(246, 15),
(246, 5),
(247, 6),
(247, 11),
(247, 17),
(247, 9),
(248, 4),
(248, 7),
(249, 13),
(250, 6),
(250, 17),
(250, 19),
(251, 2),
(253, 11),
(254, 18),
(254, 1),
(255, 12),
(256, 8),
(256, 17),
(256, 19),
(257, 11),
(257, 1),
(260, 7),
(260, 1),
(260, 9),
(263, 8),
(266, 8),
(266, 18),
(266, 5),
(267, 18),
(267, 17),
(267, 7),
(267, 19),
(267, 5),
(268, 4),
(268, 6),
(268, 18),
(268, 5),
(270, 19),
(270, 9),
(271, 4),
(271, 13),
(271, 8),
(271, 20),
(271, 10),
(272, 20),
(272, 3),
(273, 9),
(274, 13),
(274, 8),
(274, 17),
(275, 2),
(275, 11),
(275, 5),
(279, 10),
(280, 7),
(280, 1),
(281, 18),
(282, 13),
(282, 11),
(282, 19),
(282, 15),
(284, 2),
(284, 12),
(286, 2),
(286, 13),
(286, 14),
(286, 1),
(287, 6),
(288, 13),
(288, 14),
(288, 3),
(288, 15),
(289, 11),
(289, 5),
(289, 9),
(290, 15),
(290, 12),
(292, 20),
(292, 19),
(295, 2),
(295, 18),
(295, 1),
(295, 19),
(296, 17),
(296, 10),
(296, 3),
(296, 5),
(298, 4),
(298, 8),
(298, 16),
(298, 12),
(298, 9),
(299, 10),
(299, 9),
(300, 11),
(300, 18),
(301, 4),
(301, 1),
(302, 11),
(302, 1),
(303, 4),
(305, 10),
(305, 19),
(306, 8),
(306, 1),
(306, 5),
(306, 12),
(306, 9),
(309, 13),
(309, 20),
(310, 17),
(310, 20),
(311, 17),
(311, 18),
(311, 20),
(311, 10),
(311, 3),
(312, 13),
(312, 15),
(313, 18),
(313, 9),
(316, 2),
(316, 13),
(316, 8),
(317, 14),
(317, 12),
(317, 9),
(318, 19),
(318, 16),
(319, 2),
(319, 11),
(319, 20),
(319, 3),
(319, 9),
(320, 7),
(320, 15),
(320, 5),
(321, 4),
(321, 13),
(321, 11),
(321, 14),
(321, 19),
(323, 3),
(324, 18),
(325, 13),
(325, 14),
(325, 10),
(325, 3),
(325, 9),
(326, 11),
(326, 19),
(326, 15),
(326, 16),
(327, 8),
(327, 11),
(327, 20),
(329, 17),
(329, 3),
(329, 5),
(330, 4),
(330, 3),
(330, 15),
(331, 7),
(331, 1),
(332, 4),
(332, 6),
(332, 1),
(334, 6),
(334, 19),
(336, 11),
(336, 9),
(337, 8),
(337, 3),
(337, 19),
(338, 6),
(338, 16),
(338, 5),
(339, 4),
(339, 2),
(339, 7),
(340, 11),
(340, 7),
(340, 19),
(341, 6),
(341, 17),
(341, 3),
(342, 13),
(342, 11),
(342, 18),
(361, 6),
(361, 17),
(361, 3),
(361, 15),
(362, 18),
(364, 11),
(364, 15),
(365, 11),
(365, 7),
(365, 16),
(368, 2),
(368, 10),
(369, 13),
(369, 3),
(370, 19),
(372, 5),
(373, 6),
(373, 20),
(374, 14),
(374, 3),
(374, 16),
(374, 5),
(377, 17),
(377, 3),
(377, 15),
(377, 9),
(379, 17),
(381, 14),
(382, 6),
(383, 13),
(383, 6),
(383, 10),
(384, 4),
(384, 18),
(384, 7),
(387, 11),
(387, 17),
(387, 15),
(387, 16),
(388, 4),
(388, 17),
(388, 1);
CREATE MEMORY TABLE PUBLIC.COMMENTS_UP_VOTERS(
COMMENT_MODEL_ID BIGINT NOT NULL,
UP_VOTERS_ID BIGINT NOT NULL
);
ALTER TABLE PUBLIC.COMMENTS_UP_VOTERS ADD CONSTRAINT PUBLIC.CONSTRAINT_20 PRIMARY KEY(COMMENT_MODEL_ID, UP_VOTERS_ID);
-- 350 +/- SELECT COUNT(*) FROM PUBLIC.COMMENTS_UP_VOTERS;
INSERT INTO PUBLIC.COMMENTS_UP_VOTERS(COMMENT_MODEL_ID, UP_VOTERS_ID) VALUES
(195, 11),
(195, 20),
(195, 14),
(196, 10),
(197, 2),
(198, 5),
(199, 17),
(199, 7),
(199, 14),
(199, 16),
(201, 20),
(201, 10),
(201, 1),
(203, 17),
(203, 15),
(203, 5),
(205, 17),
(205, 18),
(205, 20),
(205, 10),
(205, 9),
(206, 8),
(206, 5),
(207, 4),
(207, 20),
(207, 14),
(207, 3),
(208, 1),
(208, 19),
(208, 5),
(210, 7),
(210, 19),
(210, 9),
(211, 8),
(211, 14),
(211, 3),
(212, 4),
(212, 6),
(212, 8),
(213, 3),
(213, 9),
(215, 13),
(216, 8),
(216, 7),
(217, 18),
(217, 20),
(217, 19),
(218, 6),
(218, 13),
(218, 18),
(218, 16),
(219, 17),
(219, 7),
(219, 12),
(220, 6),
(220, 18),
(220, 7),
(220, 14),
(222, 17),
(223, 2),
(223, 11),
(223, 16),
(224, 6),
(224, 16),
(224, 9),
(225, 2),
(225, 17),
(225, 14),
(236, 4),
(238, 10),
(238, 15),
(244, 1),
(245, 2),
(245, 13),
(245, 8),
(245, 20),
(245, 1),
(245, 3),
(247, 13),
(247, 11),
(247, 16),
(247, 9),
(248, 4),
(248, 17),
(248, 3),
(248, 19),
(248, 15),
(248, 12),
(248, 9),
(249, 5),
(250, 13),
(251, 8),
(251, 7),
(254, 7),
(254, 16),
(255, 14),
(255, 5),
(256, 6),
(257, 16),
(257, 12),
(259, 3),
(259, 19),
(259, 5),
(260, 20),
(260, 10),
(260, 1),
(260, 19),
(261, 18),
(262, 13),
(262, 11),
(262, 18),
(262, 20),
(262, 14),
(263, 2),
(263, 13),
(263, 19),
(266, 13),
(266, 3),
(267, 9),
(268, 7),
(268, 1),
(268, 12),
(270, 4),
(270, 11),
(270, 7),
(270, 1),
(271, 11),
(271, 18),
(271, 15),
(271, 16),
(272, 4),
(272, 9),
(273, 13),
(273, 1),
(274, 20),
(274, 14),
(274, 1),
(274, 3),
(275, 6),
(275, 14),
(275, 3),
(279, 14),
(281, 16),
(282, 4),
(282, 6),
(282, 8),
(282, 3),
(284, 18),
(284, 19),
(285, 4),
(285, 8),
(285, 18),
(285, 7),
(285, 10),
(285, 16),
(285, 15),
(286, 13),
(286, 20),
(286, 3),
(286, 19),
(287, 6),
(287, 10),
(288, 4),
(288, 15),
(289, 6),
(289, 15),
(290, 8),
(290, 5),
(292, 4),
(292, 2),
(292, 10),
(292, 1),
(293, 11),
(293, 7),
(293, 10),
(294, 18),
(294, 1),
(295, 15),
(296, 4),
(296, 6),
(296, 18),
(296, 3),
(298, 3),
(298, 9),
(299, 2),
(299, 18),
(299, 20),
(299, 14),
(299, 10),
(300, 13),
(300, 10),
(300, 12),
(300, 5),
(301, 18),
(301, 16),
(302, 2),
(302, 13),
(302, 8),
(302, 7),
(302, 19),
(302, 16),
(303, 6),
(303, 12),
(304, 8),
(304, 15),
(305, 18),
(305, 14),
(306, 6),
(306, 17),
(306, 10),
(306, 3),
(308, 6),
(308, 9),
(310, 11),
(310, 14),
(310, 12),
(310, 5),
(311, 2),
(311, 18),
(311, 15),
(312, 13),
(312, 18),
(312, 14),
(312, 12),
(313, 15),
(317, 6),
(317, 17),
(317, 5),
(318, 4),
(318, 17),
(318, 1),
(319, 3),
(319, 15),
(319, 16),
(320, 8),
(320, 20),
(320, 15),
(321, 4),
(321, 3),
(321, 9),
(323, 13),
(323, 14),
(323, 12),
(323, 9),
(324, 8),
(324, 20),
(324, 10),
(324, 19),
(326, 13),
(326, 8),
(326, 1),
(326, 3),
(327, 20),
(329, 11),
(329, 20),
(329, 10),
(329, 1),
(330, 4),
(330, 6),
(330, 1),
(330, 19),
(331, 2),
(331, 13),
(331, 7),
(331, 1),
(332, 18),
(332, 20),
(332, 16),
(332, 15),
(334, 8),
(334, 10),
(334, 15),
(336, 11),
(336, 19),
(337, 4),
(337, 19),
(337, 15),
(338, 8),
(338, 16),
(338, 9),
(339, 13),
(339, 8),
(339, 5),
(340, 19),
(340, 12),
(341, 1),
(342, 5),
(360, 1),
(360, 19),
(361, 4),
(361, 9),
(362, 6),
(362, 8),
(362, 3),
(362, 16),
(363, 6),
(363, 11),
(363, 15),
(364, 2),
(364, 14),
(364, 16),
(365, 17),
(369, 14),
(369, 5),
(370, 7),
(370, 1),
(370, 3),
(370, 19),
(370, 15),
(373, 4),
(373, 6),
(373, 7),
(373, 12),
(373, 5),
(375, 20),
(376, 16),
(377, 2),
(377, 14),
(377, 10),
(377, 16),
(377, 9),
(379, 4),
(379, 8),
(381, 8),
(381, 18),
(381, 7),
(382, 2),
(382, 18),
(382, 19),
(382, 15),
(382, 16),
(382, 12),
(383, 1),
(383, 19),
(383, 12),
(384, 17),
(384, 18),
(384, 3),
(384, 9),
(386, 4),
(386, 18),
(386, 1),
(386, 16),
(386, 15),
(386, 9),
(387, 11),
(387, 17),
(387, 20),
(387, 3),
(388, 3);
CREATE MEMORY TABLE PUBLIC.DELEGATIONS(
ID BIGINT NOT NULL,
CREATED_AT TIMESTAMP NOT NULL,
UPDATED_AT TIMESTAMP NOT NULL,
REQUESTED_DELEGATION_AT TIMESTAMP,
TRANSITIVE BOOLEAN NOT NULL,
AREA_ID BIGINT NOT NULL,
FROM_USER_ID BIGINT NOT NULL,
REQUESTED_DELEGATION_FROM_CHECKSUM_CHECKSUM VARCHAR(255),
TO_PROXY_ID BIGINT NOT NULL
);
ALTER TABLE PUBLIC.DELEGATIONS ADD CONSTRAINT PUBLIC.CONSTRAINT_8 PRIMARY KEY(ID);
-- 9 +/- SELECT COUNT(*) FROM PUBLIC.DELEGATIONS;
INSERT INTO PUBLIC.DELEGATIONS(ID, CREATED_AT, UPDATED_AT, REQUESTED_DELEGATION_AT, TRANSITIVE, AREA_ID, FROM_USER_ID, REQUESTED_DELEGATION_FROM_CHECKSUM_CHECKSUM, TO_PROXY_ID) VALUES
(226, TIMESTAMP '2019-08-10 21:42:37.01', TIMESTAMP '2019-08-10 21:42:37.01', NULL, TRUE, 21, 2, NULL, 1),
(227, TIMESTAMP '2019-08-10 21:42:37.619', TIMESTAMP '2019-08-10 21:42:37.619', NULL, TRUE, 21, 3, NULL, 1),
(228, TIMESTAMP '2019-08-10 21:42:38.223', TIMESTAMP '2019-08-10 21:42:38.223', NULL, TRUE, 21, 4, NULL, 1),
(229, TIMESTAMP '2019-08-10 21:42:38.658', TIMESTAMP '2019-08-10 21:42:38.658', TIMESTAMP '2019-08-10 21:42:38.658', TRUE, 21, 5, '$2a$10$1IdrGrRAN2Wp3U7QI.JIzuaW/fGb8Z2mJgsKxYwe5.NrtAFNxSQVS', 2),
(230, TIMESTAMP '2019-08-10 21:42:39.26', TIMESTAMP '2019-08-10 21:42:39.26', NULL, TRUE, 21, 6, NULL, 3),
(231, TIMESTAMP '2019-08-10 21:42:39.861', TIMESTAMP '2019-08-10 21:42:39.861', NULL, TRUE, 21, 7, NULL, 4),
(232, TIMESTAMP '2019-08-10 21:42:40.479', TIMESTAMP '2019-08-10 21:42:40.479', NULL, TRUE, 21, 10, NULL, 7),
(233, TIMESTAMP '2019-08-10 21:42:41.065', TIMESTAMP '2019-08-10 21:42:41.065', NULL, TRUE, 21, 11, NULL, 7),
(234, TIMESTAMP '2019-08-10 21:42:41.666', TIMESTAMP '2019-08-10 21:42:41.666', NULL, FALSE, 21, 12, NULL, 7);
CREATE MEMORY TABLE PUBLIC.KEY_VALUE(
ID BIGINT NOT NULL,
KEY_COL VARCHAR(255) NOT NULL,
VALUE_COL VARCHAR(255)
);
ALTER TABLE PUBLIC.KEY_VALUE ADD CONSTRAINT PUBLIC.CONSTRAINT_7 PRIMARY KEY(ID);
-- 3 +/- SELECT COUNT(*) FROM PUBLIC.KEY_VALUE;
INSERT INTO PUBLIC.KEY_VALUE(ID, KEY_COL, VALUE_COL) VALUES
(32, 'liquido.supporters.for.proposal', '10'),
(240, 'liquido.days.until.voting.starts', '14'),
(241, 'liquido.duration.of.voting.phase', '14');
CREATE MEMORY TABLE PUBLIC.LAWS(
ID BIGINT NOT NULL,
CREATED_AT TIMESTAMP NOT NULL,
UPDATED_AT TIMESTAMP NOT NULL,
DESCRIPTION VARCHAR(1000) NOT NULL,
REACHED_QUORUM_AT TIMESTAMP,
STATUS INTEGER NOT NULL,
TITLE VARCHAR(255) NOT NULL,
AREA_ID BIGINT NOT NULL,
CREATED_BY_ID BIGINT,
POLL_ID BIGINT
);
ALTER TABLE PUBLIC.LAWS ADD CONSTRAINT PUBLIC.CONSTRAINT_23 PRIMARY KEY(ID);
-- 188 +/- SELECT COUNT(*) FROM PUBLIC.LAWS;
INSERT INTO PUBLIC.LAWS(ID, CREATED_AT, UPDATED_AT, DESCRIPTION, REACHED_QUORUM_AT, STATUS, TITLE, AREA_ID, CREATED_BY_ID, POLL_ID) VALUES
(31, TIMESTAMP '2019-08-09 21:42:33.52', TIMESTAMP '2019-08-10 21:42:33.521', 'GDPFPgAv Lorem ipsum dolor sit amet, consectetur adipiscing elit, sed do eiusmod tempor incididunt ut labore et dolore magna aliqua. Ut enim ad minim veniam, quis nostrud exercitation ullamco laboris nisi ut aliquip ex ea commodo consequat. Duis aute irure dolor in reprehender', NULL, 0, 'Idea 0 title from TestFixtures', 21, 15, NULL),
(33, TIMESTAMP '2019-08-08 21:42:33.532', TIMESTAMP '2019-08-09 21:42:33.532', 'zhZeA07x Lorem ipsum dolor sit amet, consectetur adipiscing elit, sed do eiusmod tempor incididunt ut lab', NULL, 0, 'Idea 1 that suggest that we definitely need a longer title for ideas', 22, 4, NULL),
(34, TIMESTAMP '2019-08-07 21:42:33.535', TIMESTAMP '2019-08-08 21:42:33.535', 'bwv38T39 Lorem ipsum dolor sit amet, consectetur adipis', NULL, 0, 'Idea 2 that suggest that we definitely need a longer title for ideas', 23, 6, NULL),
(35, TIMESTAMP '2019-08-06 21:42:33.565', TIMESTAMP '2019-08-07 21:42:33.565', 'SGWvfv2b Lorem ipsum dolor sit amet, consectetur adipiscing elit, sed do eiusmod tempor incididunt ut labore et dolore magna aliqua. Ut enim ad minim veniam, quis nostrud exercitation ullamco laboris nisi ut aliquip ex ea commodo consequat. Duis aute irure dolor in reprehenderit in voluptate velit esse cillum dolore eu fugiat nu', NULL, 0, 'Idea 3 that suggest that we definitely need a longer title for ideas', 24, 11, NULL),
(36, TIMESTAMP '2019-08-05 21:42:33.594', TIMESTAMP '2019-08-06 21:42:33.594', 'BwUo5rLy Lorem ipsum dolor sit amet', NULL, 0, 'Idea 4 that suggest that we definitely need a longer title for ideas', 25, 10, NULL),
(37, TIMESTAMP '2019-08-04 21:42:33.623', TIMESTAMP '2019-08-05 21:42:33.623', 'fUmNuEgQ Lorem ipsum dolor sit amet, consectetur adipiscing elit, sed do eiusmod tempor incididunt ut labore et dolore magna aliqua. Ut enim ad minim veniam, ', NULL, 0, 'Idea 5 that suggest that we definitely need a longer title for ideas', 26, 20, NULL),
(38, TIMESTAMP '2019-08-03 21:42:33.639', TIMESTAMP '2019-08-04 21:42:33.639', 'eaEHL8la Lorem ipsum dolor sit amet, consectetur adipiscing elit, sed do eiusmod tempor incididunt ut labore et dolore magna aliqua. Ut enim ad minim veniam, quis nostrud exercitation ullamco laboris nisi ut aliquip ex ea commodo consequat. Duis aute irure dolor in reprehenderit in voluptate velit esse cillum dolore', NULL, 0, 'Idea 6 that suggest that we definitely need a longer title for ideas', 27, 8, NULL),
(39, TIMESTAMP '2019-08-02 21:42:33.654', TIMESTAMP '2019-08-03 21:42:33.654', 'P68Vpb78 Lorem ipsum dolor sit am', NULL, 0, 'Idea 7 that suggest that we definitely need a longer title for ideas', 28, 18, NULL),
(40, TIMESTAMP '2019-08-01 21:42:33.654', TIMESTAMP '2019-08-02 21:42:33.654', 'AHGB6Z4q Lorem ipsum dolor sit amet, consectetur adipiscing elit, sed do eiusmod tempor incididunt ut labore et dolore magna aliqua. Ut enim ad', NULL, 0, 'Idea 8 that suggest that we definitely need a longer title for ideas', 29, 9, NULL),
(41, TIMESTAMP '2019-07-31 21:42:33.701', TIMESTAMP '2019-08-01 21:42:33.701', 'pQ8Ls4Pq Lorem ipsum dolor sit amet, consectetur adipiscing elit, sed do eiusmod tempor incididunt ut labore et dolore magna aliqua. Ut enim ad minim veniam, quis nostrud exercitation ullamco laboris nisi ut aliquip ex ea commodo consequat. Duis aute irure dolor in reprehenderit in voluptate velit esse cillum dolore eu fugiat nulla pariatur. Excepteur sint', NULL, 0, 'Idea 9 that suggest that we definitely need a longer title for ideas', 30, 19, NULL),
(42, TIMESTAMP '2019-07-30 21:42:33.719', TIMESTAMP '2019-07-31 21:42:33.719', 'pfYLar3w Lorem ipsum dolor sit amet, consectetur adipiscing elit, sed do eiusmod tempor incididunt ut labore et dolore magna aliqua. Ut enim ad minim veniam, quis nostrud exercitation ullamco laboris nisi ut aliquip ex ea commodo consequat. Duis aute irure ', NULL, 0, 'Idea 10 that suggest that we definitely need a longer title for ideas', 21, 11, NULL);
INSERT INTO PUBLIC.LAWS(ID, CREATED_AT, UPDATED_AT, DESCRIPTION, REACHED_QUORUM_AT, STATUS, TITLE, AREA_ID, CREATED_BY_ID, POLL_ID) VALUES
(43, TIMESTAMP '2019-07-29 21:42:33.721', TIMESTAMP '2019-07-30 21:42:33.722', 'saslvNzF Lorem ipsum dolor sit amet, consectetur adipiscing elit, sed do eiusmod tempor incididunt ut labore et dolore magna aliqua. Ut enim ad minim veniam, quis nostrud exercitation ullamco laboris nisi ut aliquip ex ea commodo consequat. Duis aute irure dolor in reprehenderit in voluptate velit esse cillum dolore eu fugiat nulla pariatur. Excepteur sint oc', NULL, 0, 'Idea 11 that suggest that we definitely need a longer title for ideas', 22, 16, NULL),
(44, TIMESTAMP '2019-07-28 21:42:33.723', TIMESTAMP '2019-07-29 21:42:33.723', '7EGg37oX Lorem ipsum dolor sit amet, consectetur adipiscing elit, sed do eiusmod tempor incididun', NULL, 0, 'Idea 12 that suggest that we definitely need a longer title for ideas', 23, 10, NULL),
(45, TIMESTAMP '2019-07-27 21:42:33.739', TIMESTAMP '2019-07-28 21:42:33.739', 'yVeXmcmk Lorem ipsum dolor sit amet, consectetur adipiscing elit, sed do eiusmod tempor incididunt ut labore e', NULL, 0, 'Idea 13 that suggest that we definitely need a longer title for ideas', 24, 4, NULL),
(46, TIMESTAMP '2019-07-26 21:42:33.739', TIMESTAMP '2019-07-27 21:42:33.739', 'FqyqMMNs Lorem ipsum dolor sit amet, consectetur adipiscing elit, sed do eiusmod tempor incididunt ut labore et dolore magna aliqua. Ut enim ad minim veniam, quis n', NULL, 0, 'Idea 14 that suggest that we definitely need a longer title for ideas', 25, 3, NULL),
(47, TIMESTAMP '2019-07-25 21:42:33.754', TIMESTAMP '2019-07-26 21:42:33.754', 'wKr5beGb Lorem ipsum dolor sit amet, consectetur adipiscing elit, sed do eiusmod', NULL, 0, 'Idea 15 that suggest that we definitely need a longer title for ideas', 26, 3, NULL),
(48, TIMESTAMP '2019-07-24 21:42:33.77', TIMESTAMP '2019-07-25 21:42:33.77', 'HTOtFsUl Lorem ipsum dolor sit amet, consectetur adipiscing elit,', NULL, 0, 'Idea 16 that suggest that we definitely need a longer title for ideas', 27, 20, NULL),
(49, TIMESTAMP '2019-07-23 21:42:33.77', TIMESTAMP '2019-07-24 21:42:33.77', 'VfTXX20S Lorem ipsum dolor sit amet, consectetur adipiscing elit, sed do eiusmod', NULL, 0, 'Idea 17 that suggest that we definitely need a longer title for ideas', 28, 15, NULL),
(50, TIMESTAMP '2019-07-22 21:42:33.77', TIMESTAMP '2019-07-23 21:42:33.77', 'SSqWVzBr Lorem ipsum dolor sit amet, consectetur adipiscing elit, sed do eiusmod tempor incididunt ut labore et dolo', NULL, 0, 'Idea 18 that suggest that we definitely need a longer title for ideas', 29, 18, NULL),
(51, TIMESTAMP '2019-07-21 21:42:33.786', TIMESTAMP '2019-07-22 21:42:33.786', '8BRbQBL0 Lorem ipsum dolor sit amet, consectetur adipiscing elit, sed do eiusmod tempor incididunt ut labore et dolore magna aliqua. Ut enim ad minim veniam, quis nostrud exercitation ullamco laboris nisi ut aliquip ex ea commodo consequat. Duis aute irure dolor in reprehenderit in voluptate velit ess', NULL, 0, 'Idea 19 that suggest that we definitely need a longer title for ideas', 30, 15, NULL),
(52, TIMESTAMP '2019-07-20 21:42:33.801', TIMESTAMP '2019-07-21 21:42:33.801', 'FPR0MKcK Lorem ipsum dolor sit amet, cons', NULL, 0, 'Idea 20 that suggest that we definitely need a longer title for ideas', 21, 13, NULL),
(53, TIMESTAMP '2019-07-19 21:42:33.821', TIMESTAMP '2019-07-20 21:42:33.821', 'Z5FtUgKv Lorem ipsum dolor sit amet, consectetur adipiscing elit, sed do eiusmod tempor incididunt ut labore et dolore magna aliqua. Ut enim ad minim veniam, quis nostrud exercitation ullamco laboris nisi ut aliquip ex ea commodo consequat. Duis aute irure dolor in reprehenderit in voluptate velit esse cillum dolore eu fugiat nulla paria', NULL, 0, 'Idea 21 that suggest that we definitely need a longer title for ideas', 22, 16, NULL),
(54, TIMESTAMP '2019-07-18 21:42:33.823', TIMESTAMP '2019-07-19 21:42:33.823', '0qaCBm5G Lorem ipsum dolor sit amet, consectetur adipiscing elit, sed do eiusmod tempor incididunt ut labore et dolore magna aliqua. Ut enim ad minim veniam, quis nostrud exercitation ullamco laboris nisi ut al', NULL, 0, 'Idea 22 that suggest that we definitely need a longer title for ideas', 23, 13, NULL);
INSERT INTO PUBLIC.LAWS(ID, CREATED_AT, UPDATED_AT, DESCRIPTION, REACHED_QUORUM_AT, STATUS, TITLE, AREA_ID, CREATED_BY_ID, POLL_ID) VALUES
(55, TIMESTAMP '2019-07-17 21:42:33.886', TIMESTAMP '2019-07-18 21:42:33.886', 'NNVfOaVt Lorem ipsum dolor si', NULL, 0, 'Idea 23 that suggest that we definitely need a longer title for ideas', 24, 2, NULL),
(56, TIMESTAMP '2019-07-16 21:42:33.886', TIMESTAMP '2019-07-17 21:42:33.886', 'dwWyqxzl Lorem ipsum dolor sit amet, consectetur', NULL, 0, 'Idea 24 that suggest that we definitely need a longer title for ideas', 25, 5, NULL),
(57, TIMESTAMP '2019-07-15 21:42:33.902', TIMESTAMP '2019-07-16 21:42:33.902', 'fBghZrCm Lorem ipsum dolor sit amet, consectetur adipiscing elit, sed do eiusmod tempor incididunt ut labore et dolore magna aliqua. Ut enim ad minim veniam, quis nostrud exercitation ullamco laboris nisi ut aliquip ex ea commodo consequat. Duis aute irure do', NULL, 0, 'Idea 25 that suggest that we definitely need a longer title for ideas', 26, 12, NULL),
(58, TIMESTAMP '2019-07-14 21:42:33.924', TIMESTAMP '2019-07-15 21:42:33.924', '7HbFhPHN Lorem ipsum dolor', NULL, 0, 'Idea 26 that suggest that we definitely need a longer title for ideas', 27, 2, NULL),
(59, TIMESTAMP '2019-07-13 21:42:33.924', TIMESTAMP '2019-07-14 21:42:33.924', '6kfXvrdp Lorem ipsum dolor sit amet, consectetur adipiscing elit, sed do eiusmod tempor incididunt ut labore et dolore magna aliqua. Ut enim ad minim veniam, quis nostrud exercitation ullamco laboris nisi ut aliquip ex ea commodo consequat. Duis aute irure dolor in reprehenderit in vol', NULL, 0, 'Idea 27 that suggest that we definitely need a longer title for ideas', 28, 1, NULL),
(60, TIMESTAMP '2019-07-12 21:42:33.939', TIMESTAMP '2019-07-13 21:42:33.939', 'cXdawlX5 Lorem ipsum dolor sit amet, consectetur adipiscing elit, sed do eiusmod tempor incididunt ut labore et dolore magna aliqua. Ut enim ad minim veniam, quis nostrud exercitation ullamco laboris nisi ut aliquip ex ea commodo consequat. Duis aute irure dolor in reprehenderit in ', NULL, 0, 'Idea 28 that suggest that we definitely need a longer title for ideas', 29, 17, NULL),
(61, TIMESTAMP '2019-07-11 21:42:33.955', TIMESTAMP '2019-07-12 21:42:33.955', 'HeqEOeBY Lorem ipsum dolor sit amet, consectetur adipiscing elit, sed do eiusmod tempor incididunt ut labore et dolore magna aliqua. Ut enim ad minim veniam, quis nostrud exercitation ullamco laboris nisi ut aliquip ex ea commodo consequat. Duis', NULL, 0, 'Idea 29 that suggest that we definitely need a longer title for ideas', 30, 2, NULL),
(62, TIMESTAMP '2019-07-10 21:42:33.955', TIMESTAMP '2019-07-11 21:42:33.955', 'fdgshb0y Lorem ipsum dolor sit amet, consectetur adipiscing elit, sed do eiusmod tempor incididunt ut labore et dolore magna aliqua. Ut enim ad minim veniam, quis nostrud exercitation ullamco laboris nisi ut aliquip ex ea commodo consequat. Duis aute irure dolor in reprehenderit in voluptate velit esse cillum dolore eu fugiat nulla pariatur. Excepteur sint occaecat cupidatat non proident, sunt in culpa', NULL, 0, 'Idea 30 that suggest that we definitely need a longer title for ideas', 21, 5, NULL),
(63, TIMESTAMP '2019-07-09 21:42:33.971', TIMESTAMP '2019-07-10 21:42:33.971', 'zoqoOUel Lorem ipsum dolor sit amet, consectetur adipiscing elit, sed do eiusmod tempor incididunt ut labore et dolore magna aliqua. Ut enim ad minim veniam, quis nostrud exercitation ullamco laboris nisi ut ', NULL, 0, 'Idea 31 that suggest that we definitely need a longer title for ideas', 22, 4, NULL),
(64, TIMESTAMP '2019-07-08 21:42:33.986', TIMESTAMP '2019-07-09 21:42:33.986', '2hPoCFPH Lorem ipsum dolor sit amet, consectetur adipiscing elit, sed do eiusmod tempor incididunt ut labore et dolore magna aliqua. Ut enim ad minim veniam, quis nostrud exercitation ullamco laboris nisi ut aliquip ex ea commodo consequat. Duis aute irure dolor in reprehenderit in voluptate velit esse cillum dolore eu fugiat nulla pariatur. Excepteur sint occaecat cupidatat non proident, sunt in culpa', NULL, 0, 'Idea 32 that suggest that we definitely need a longer title for ideas', 23, 11, NULL);
INSERT INTO PUBLIC.LAWS(ID, CREATED_AT, UPDATED_AT, DESCRIPTION, REACHED_QUORUM_AT, STATUS, TITLE, AREA_ID, CREATED_BY_ID, POLL_ID) VALUES
(65, TIMESTAMP '2019-07-07 21:42:34.024', TIMESTAMP '2019-07-08 21:42:34.024', '2zvG3Z7u Lorem ipsum dolor sit amet, consectetur adipiscing elit, sed do eiusmod tempor incididunt ut labore et dolore magna aliqua. Ut enim ad min', NULL, 0, 'Idea 33 that suggest that we definitely need a longer title for ideas', 24, 1, NULL),
(66, TIMESTAMP '2019-07-06 21:42:34.055', TIMESTAMP '2019-07-07 21:42:34.055', 's39RGaMF Lorem ipsum dolor sit amet, consectetur adipiscing elit, sed do eiusmod tempor incididunt ut labore et dolore magna aliqua. Ut enim ad minim veniam, quis nostrud exercitation ullamco la', NULL, 0, 'Idea 34 that suggest that we definitely need a longer title for ideas', 25, 14, NULL),
(67, TIMESTAMP '2019-07-05 21:42:34.071', TIMESTAMP '2019-07-06 21:42:34.071', 'F96uPCR3 Lorem ipsum dolor sit amet, consectetur adipiscing elit, sed do eiusmod tempor incididunt ut labore et dolore magna aliqua. Ut enim ad minim veniam, quis nostrud exercitation ullamco laboris nisi ut aliquip ex ea commodo consequat. Duis aute irure dolor in reprehenderit in voluptate velit esse cillu', NULL, 0, 'Idea 35 that suggest that we definitely need a longer title for ideas', 26, 4, NULL),
(68, TIMESTAMP '2019-07-04 21:42:34.123', TIMESTAMP '2019-07-05 21:42:34.124', 'MlbDwg3Z Lorem ipsum dolor sit amet, consectetur adipiscing elit, sed do eiusmod tempor incididunt ut labore et dolore magna aliqua. Ut enim ad minim veniam, quis nostrud exercitation ullamco laboris nisi ut aliquip ex ea commodo consequat. Duis aute irure dolor', NULL, 0, 'Idea 36 that suggest that we definitely need a longer title for ideas', 27, 17, NULL),
(69, TIMESTAMP '2019-07-03 21:42:34.124', TIMESTAMP '2019-07-04 21:42:34.124', '0ayZx9FO Lorem ipsum do', NULL, 0, 'Idea 37 that suggest that we definitely need a longer title for ideas', 28, 20, NULL),
(70, TIMESTAMP '2019-07-02 21:42:34.14', TIMESTAMP '2019-07-03 21:42:34.14', 'av4WMNc5 Lorem ipsum dolor sit amet, consectetur adipiscing elit, sed do eiusmod tempor incididunt ut labore et dolore magna aliqua. Ut enim ad minim veniam, quis nostrud exercitation ullamco laboris nisi ut aliquip ex ea commodo consequat. Duis aute irure dolor in reprehenderit in voluptate velit esse cillum dolore eu fugiat nulla pariatur. Exc', NULL, 0, 'Idea 38 that suggest that we definitely need a longer title for ideas', 29, 5, NULL),
(71, TIMESTAMP '2019-07-01 21:42:34.156', TIMESTAMP '2019-07-02 21:42:34.156', 'LeyU7f0H Lorem ipsum dolor sit amet, consectetur adipiscing elit, sed do eiusmod tempor incididunt ut labore et dolore magna aliqua. Ut enim ad minim veniam, quis nostrud exercitation ullamco laboris nisi ut aliquip ex ea commodo consequat. Duis aute irure dolor in reprehenderit in voluptate velit esse cillum dolore eu fugiat nulla pariatur. Excepteur sint occaecat cupidatat non proident, su', NULL, 0, 'Idea 39 that suggest that we definitely need a longer title for ideas', 30, 14, NULL),
(72, TIMESTAMP '2019-06-30 21:42:34.156', TIMESTAMP '2019-07-01 21:42:34.156', 'NVhPU7Z4 Lorem ipsum dolor sit amet, consectetur adipiscing elit, sed do eiusmod tempor incididunt ut labore et dolore magna aliqua. Ut enim ad minim veniam, quis nostrud exercitation ullamco laboris nisi ut aliquip ex ea commodo consequat. Duis aute irure dolor in reprehenderit in voluptate velit esse cillum dolore eu fugiat ', NULL, 0, 'Idea 40 that suggest that we definitely need a longer title for ideas', 21, 4, NULL),
(73, TIMESTAMP '2019-06-29 21:42:34.156', TIMESTAMP '2019-06-30 21:42:34.156', 'dkC2S8mL Lorem ipsum dolor sit amet, consectetur adipiscing elit, sed do eiusmod tempor incididunt ut labore et dolore magna aliqua. Ut enim ad minim veniam, quis nostrud exercitation ullamco laboris nisi ut aliquip ex ea commodo consequat. Duis aute irure dolor in reprehenderit in voluptate velit esse cillum dolore eu fugiat nulla p', NULL, 0, 'Idea 41 that suggest that we definitely need a longer title for ideas', 22, 2, NULL),
(74, TIMESTAMP '2019-06-28 21:42:34.171', TIMESTAMP '2019-06-29 21:42:34.171', 'hpMtRhbm Lorem ipsum dolor sit amet, consectetur adipiscing elit, sed do eiusmod tempor inc', NULL, 0, 'Idea 42 that suggest that we definitely need a longer title for ideas', 23, 12, NULL);
INSERT INTO PUBLIC.LAWS(ID, CREATED_AT, UPDATED_AT, DESCRIPTION, REACHED_QUORUM_AT, STATUS, TITLE, AREA_ID, CREATED_BY_ID, POLL_ID) VALUES
(75, TIMESTAMP '2019-06-27 21:42:34.187', TIMESTAMP '2019-06-28 21:42:34.187', 'eFvRLRVk Lorem ipsum dolor sit amet, consectetur adipiscing elit, sed do eiusmod tempor inc', NULL, 0, 'Idea 43 that suggest that we definitely need a longer title for ideas', 24, 16, NULL),
(76, TIMESTAMP '2019-06-26 21:42:34.187', TIMESTAMP '2019-06-27 21:42:34.187', 'gmXMlTvZ Lorem ipsum dolor sit amet, consectetur adipiscing elit, sed do eiusmod tempor incididunt ut labore et dolore magna aliqua. Ut enim ad minim veniam, quis nostrud exercitation ullamco laboris nisi ut aliquip ex ea commodo consequat. Duis aute irure dolor in reprehenderit in voluptate velit esse cillum dolore eu fugiat nulla pariatur. Excepteur sint occaecat cupidatat non', NULL, 0, 'Idea 44 that suggest that we definitely need a longer title for ideas', 25, 1, NULL),
(77, TIMESTAMP '2019-06-25 21:42:34.202', TIMESTAMP '2019-06-26 21:42:34.202', 'RDXDTHxq Lorem ipsum dolor sit amet, consectetur adipiscing elit, sed do eiusmod tempor incididunt ut labore et dolore magna aliqua. Ut enim ad minim veniam, quis nostrud exercitation ullamco laboris nisi ut aliquip ex ea commodo', NULL, 0, 'Idea 45 that suggest that we definitely need a longer title for ideas', 26, 14, NULL),
(78, TIMESTAMP '2019-06-24 21:42:34.202', TIMESTAMP '2019-06-25 21:42:34.202', 'lkQbabTY Lorem ipsum dolor sit amet, consectetur adipiscing elit, sed do eiusmod tem', NULL, 0, 'Idea 46 that suggest that we definitely need a longer title for ideas', 27, 17, NULL),
(79, TIMESTAMP '2019-06-23 21:42:34.225', TIMESTAMP '2019-06-24 21:42:34.225', 'AxplMmmv Lorem ipsum dolor sit amet, consectetur adipiscing elit, sed do eiusmod tempor i', NULL, 0, 'Idea 47 that suggest that we definitely need a longer title for ideas', 28, 6, NULL),
(80, TIMESTAMP '2019-06-22 21:42:34.225', TIMESTAMP '2019-06-23 21:42:34.225', 'BmOAFBkM Lorem ipsum dolor sit amet, consectetur adipiscing elit, sed do eiusmod tempor incididunt ut labore et dolore magna aliqua. Ut enim ad minim veniam, quis nostrud exercitation ullamco laboris nisi ut aliquip ex ea commodo consequat. Duis aute irure dolor in reprehenderit in voluptate velit esse cillum dolore eu fugiat nulla pariat', NULL, 0, 'Idea 48 that suggest that we definitely need a longer title for ideas', 29, 4, NULL),
(81, TIMESTAMP '2019-06-21 21:42:34.272', TIMESTAMP '2019-06-22 21:42:34.272', 'FM8r9r2u Lorem ipsum dolor sit amet, consectetur adipiscing elit, sed do eiusmod tempor incididunt ut labore et dolore magna aliqua. Ut enim ad minim veniam, quis nostrud exercitation ullamco laboris nisi ut aliquip ex ea commodo consequat. Duis aute irure dolor in reprehenderit in voluptate velit esse cillum dolore eu fugiat nulla pariatur. Excepteur sint occaecat cupidatat non pr', NULL, 0, 'Idea 49 that suggest that we definitely need a longer title for ideas', 30, 6, NULL),
(82, TIMESTAMP '2019-06-20 21:42:34.287', TIMESTAMP '2019-06-21 21:42:34.287', 'E55W3ECw Lorem ipsum dolor sit amet, consectetur adipiscing elit, sed do eiusmod tempor incididunt ut labore et dolore magna aliqua. Ut enim ad minim veniam, quis nostrud exercitation ullamco laboris nisi ut aliquip ex ea commodo consequat. Duis aute irure dolor in reprehenderit in voluptate velit esse cillum dolore eu fugiat nulla pariatur. Excepteur sint occaecat cupidatat non proident,', NULL, 0, 'Idea 50 that suggest that we definitely need a longer title for ideas', 21, 14, NULL),
(83, TIMESTAMP '2019-06-19 21:42:34.303', TIMESTAMP '2019-06-20 21:42:34.303', 'yqfROU0z Lorem ipsum dolor sit amet, consectetur adipiscing elit, sed do eiusmod tempor incididunt ut labore et dolore magna aliqua. Ut enim ad minim veniam, quis nostrud exercitation ullamco laboris nisi ut aliquip ex ea commodo consequat. ', NULL, 0, 'Idea 51 that suggest that we definitely need a longer title for ideas', 22, 10, NULL),
(84, TIMESTAMP '2019-06-18 21:42:34.303', TIMESTAMP '2019-06-19 21:42:34.303', 'Y3Omo6Gc Lorem ipsum dolor sit amet, consectetur adipiscing elit, sed do eiusmod tempor incididunt ut labore et dolore magna aliqua. Ut enim ad minim veniam, quis nostrud exercitation ullamco laboris nisi ut aliquip ex ea commodo consequat. Duis aute irure dolor in reprehenderit in voluptate velit esse cillum dolore eu fugiat nulla pariatur. Excepteur sint occaecat cupidatat non proid', NULL, 0, 'Idea 52 that suggest that we definitely need a longer title for ideas', 23, 17, NULL);
INSERT INTO PUBLIC.LAWS(ID, CREATED_AT, UPDATED_AT, DESCRIPTION, REACHED_QUORUM_AT, STATUS, TITLE, AREA_ID, CREATED_BY_ID, POLL_ID) VALUES
(85, TIMESTAMP '2019-06-17 21:42:34.325', TIMESTAMP '2019-06-18 21:42:34.325', '7wyF4RKn Lorem ipsum dolor sit amet, consectetur adipiscing elit, sed do eiusmod tempor incididunt ut labore et dolore magna aliqua. Ut enim ad minim veniam, quis nostrud exercitation ullamco lab', NULL, 0, 'Idea 53 that suggest that we definitely need a longer title for ideas', 24, 12, NULL),
(86, TIMESTAMP '2019-06-16 21:42:34.325', TIMESTAMP '2019-06-17 21:42:34.325', 'LcA3qZCy Lorem ipsum dolor sit amet, consectetur adipiscing elit, sed do eiusmod tempor incididunt ut labore et dolore magna aliqua. Ut enim ad minim veniam, quis nostrud exercitation ullamco laboris nisi ut aliquip ex ea commodo', NULL, 0, 'Idea 54 that suggest that we definitely need a longer title for ideas', 25, 16, NULL),
(87, TIMESTAMP '2019-06-15 21:42:34.341', TIMESTAMP '2019-06-16 21:42:34.341', 'lvDrZCXV Lorem ipsum dolor sit amet, consectetur adipiscing elit, sed do eiusmod tempor incididunt ut labore et dolore magna aliqua. Ut enim ad minim veniam, quis nostrud exercita', NULL, 0, 'Idea 55 that suggest that we definitely need a longer title for ideas', 26, 10, NULL),
(88, TIMESTAMP '2019-06-14 21:42:34.356', TIMESTAMP '2019-06-15 21:42:34.356', 'BEKPXGc5 Lorem ipsum dolor sit amet, consectetur adipiscing elit, sed d', NULL, 0, 'Idea 56 that suggest that we definitely need a longer title for ideas', 27, 1, NULL),
(89, TIMESTAMP '2019-06-13 21:42:34.372', TIMESTAMP '2019-06-14 21:42:34.372', 'ft6UXosU Lorem ipsum dolor sit amet, consectetur adipiscing elit, sed do eiusmod tempor incididunt ut labore et dolore magna aliqua. Ut enim ad minim veniam, quis nostrud exercitation ullamco laboris nisi ut aliquip ex ea commodo consequat. Duis aute irure dolor in reprehenderit i', NULL, 0, 'Idea 57 that suggest that we definitely need a longer title for ideas', 28, 6, NULL),
(90, TIMESTAMP '2019-06-12 21:42:34.372', TIMESTAMP '2019-06-13 21:42:34.372', 'yze29BrH Lorem ipsum dolor sit amet, consectetur adipiscing elit, sed do eiusmod tempor incididunt ut lab', NULL, 0, 'Idea 58 that suggest that we definitely need a longer title for ideas', 29, 13, NULL),
(91, TIMESTAMP '2019-06-11 21:42:34.387', TIMESTAMP '2019-06-12 21:42:34.387', '9ne3An7Q Lorem ipsum dolor sit amet, consectetur adipiscing elit, sed do eiusmod tempor incididunt ut labore et dolore magna aliqua. Ut enim ad minim veniam, quis nostrud exercitation ullamco lab', NULL, 0, 'Idea 59 that suggest that we definitely need a longer title for ideas', 30, 16, NULL),
(92, TIMESTAMP '2019-06-10 21:42:34.387', TIMESTAMP '2019-06-11 21:42:34.387', 'KpKpDC7R Lorem ipsum dolor sit amet, consectetur adipiscing elit, sed do eiusmod tempor incididunt ut labore et dolore magna aliqua. Ut enim ad minim veniam, quis nostrud exercitation ullamco laboris nisi ut aliquip ex ea commodo consequat. Duis aute irure dolor in reprehenderit in voluptate velit esse cillum dolore e', NULL, 0, 'Idea 60 that suggest that we definitely need a longer title for ideas', 21, 10, NULL),
(93, TIMESTAMP '2019-06-09 21:42:34.403', TIMESTAMP '2019-06-10 21:42:34.403', 'EMLnBtHM Lorem ipsum dolor sit amet, consectetur adipiscing elit, sed do eiusmod tempor incididunt ut labore et dolore magna aliqua. Ut enim ad minim veniam, quis nostrud exercitation ullamco laboris nisi ut aliquip ex ea commo', NULL, 0, 'Idea 61 that suggest that we definitely need a longer title for ideas', 22, 6, NULL),
(94, TIMESTAMP '2019-06-08 21:42:34.421', TIMESTAMP '2019-06-09 21:42:34.421', '7rxqhanG Lorem ipsum dolor sit amet, consectetur adipiscing elit, sed do eiusmod tempor incididunt ut labore et dolore magna aliqua. Ut enim ad ', NULL, 0, 'Idea 62 that suggest that we definitely need a longer title for ideas', 23, 20, NULL),
(95, TIMESTAMP '2019-06-07 21:42:34.425', TIMESTAMP '2019-06-08 21:42:34.425', 'Na4CBUF4 Lorem ipsum dolor sit amet, consectetur adipiscing elit, sed do eiusmod tempor incididunt ut labore et dolore magna aliqua. Ut enim ad minim veniam, quis nostrud exercitation ullamco laboris nisi ut aliquip ex ea commodo consequat. Duis au', NULL, 0, 'Idea 63 that suggest that we definitely need a longer title for ideas', 24, 14, NULL);
INSERT INTO PUBLIC.LAWS(ID, CREATED_AT, UPDATED_AT, DESCRIPTION, REACHED_QUORUM_AT, STATUS, TITLE, AREA_ID, CREATED_BY_ID, POLL_ID) VALUES
(96, TIMESTAMP '2019-06-06 21:42:34.425', TIMESTAMP '2019-06-07 21:42:34.425', 'g4QudKKa Lorem ipsum dolor sit amet, consectetur adipiscing elit, sed do eiusmod tempor incididunt ut labore et dolore magna aliqua. Ut enim ad minim veniam, quis nostrud exercitation ullamco laboris nisi ut aliquip ex ea commodo consequat. Duis aute irur', NULL, 0, 'Idea 64 that suggest that we definitely need a longer title for ideas', 25, 20, NULL),
(97, TIMESTAMP '2019-06-05 21:42:34.441', TIMESTAMP '2019-06-06 21:42:34.441', 'H2NaTrBG Lorem ipsum dolor sit amet, consectetur adipiscing elit, sed do eiusmod tempor incididunt ut labore et dolore magna aliqua. Ut enim ad minim v', NULL, 0, 'Idea 65 that suggest that we definitely need a longer title for ideas', 26, 3, NULL),
(98, TIMESTAMP '2019-06-04 21:42:34.441', TIMESTAMP '2019-06-05 21:42:34.441', 'SBCFFxYr Lorem ipsum dolor sit amet, consectetur adipiscing elit, sed do eiusmod tempor incididunt ut labore et dolore m', NULL, 0, 'Idea 66 that suggest that we definitely need a longer title for ideas', 27, 10, NULL),
(99, TIMESTAMP '2019-06-03 21:42:34.472', TIMESTAMP '2019-06-04 21:42:34.472', 'czcEDNCG Lorem ipsum dolor sit amet, consectetur adipiscing elit, sed do eiusmod tempor incididunt ut labore et dolore magna aliqua. Ut enim ad minim veniam, quis nostrud exercitation ullamco laboris nisi ut aliquip ex ea commodo consequat. Duis aute irure dolor in reprehenderit in voluptate velit esse cillum dolore eu fugiat nulla pariatur. Excepteur sint occaecat cupidatat non proident, sunt in culpa q', NULL, 0, 'Idea 67 that suggest that we definitely need a longer title for ideas', 28, 4, NULL),
(100, TIMESTAMP '2019-06-02 21:42:34.488', TIMESTAMP '2019-06-03 21:42:34.488', 'T50F5O5s Lorem ipsum dolor sit amet, consectetur adipiscing elit, sed do eiusmod tempor incididunt ut labore et dolore magna aliqua. Ut enim ad minim veniam, quis nostrud exercitation u', NULL, 0, 'Idea 68 that suggest that we definitely need a longer title for ideas', 29, 11, NULL),
(101, TIMESTAMP '2019-06-01 21:42:34.503', TIMESTAMP '2019-06-02 21:42:34.503', '2gftHEwP Lorem ipsum dolor sit amet, consectetur adipiscing elit, sed do eiusmod tempor incididunt ut labore e', NULL, 0, 'Idea 69 that suggest that we definitely need a longer title for ideas', 30, 3, NULL),
(102, TIMESTAMP '2019-05-31 21:42:34.529', TIMESTAMP '2019-06-01 21:42:34.529', '6fWt6cAp Lorem ipsum dolor sit amet, consectetur adipiscing elit, sed do eiusmod tempor incididunt ut labore et dolore magna aliqua. Ut enim ad minim veniam, quis nostrud exercitation ullamco laboris nisi ut aliquip ex ea', NULL, 0, 'Idea 70 that suggest that we definitely need a longer title for ideas', 21, 18, NULL),
(103, TIMESTAMP '2019-05-30 21:42:34.564', TIMESTAMP '2019-05-31 21:42:34.564', 'mezzsGtY Lorem ipsum dolor sit amet, consectetur adipiscing elit, sed do eiusmod tempor incididunt ut labore et dolore magna aliqua. Ut enim ad minim veniam, quis nostrud exercitation ullamco laboris nisi ut aliquip ex ea commodo consequat. Duis aute irure dolor in reprehenderit in voluptate velit esse cillum dolore eu fugiat nulla paria', NULL, 0, 'Idea 71 that suggest that we definitely need a longer title for ideas', 22, 2, NULL),
(104, TIMESTAMP '2019-05-29 21:42:34.575', TIMESTAMP '2019-05-30 21:42:34.576', 'vVYVt0Vt Lorem', NULL, 0, 'Idea 72 that suggest that we definitely need a longer title for ideas', 23, 6, NULL),
(105, TIMESTAMP '2019-05-28 21:42:34.591', TIMESTAMP '2019-05-29 21:42:34.592', 'LnwOkHdC Lorem ipsum dolor sit amet, consectetur adipiscing elit, sed do eiusmod tempor incididunt ut labore et dolore magna aliqua. Ut enim ad minim veniam, quis nostrud exercitation ullamco laboris nisi ut aliquip ex ea commodo consequat. Duis aute irure dolor in reprehenderit in voluptate velit esse cillum dolore eu fugiat nulla pariatur. Excepteur sint occaecat cupidatat non proident, sunt in c', NULL, 0, 'Idea 73 that suggest that we definitely need a longer title for ideas', 24, 8, NULL);
INSERT INTO PUBLIC.LAWS(ID, CREATED_AT, UPDATED_AT, DESCRIPTION, REACHED_QUORUM_AT, STATUS, TITLE, AREA_ID, CREATED_BY_ID, POLL_ID) VALUES
(106, TIMESTAMP '2019-05-27 21:42:34.606', TIMESTAMP '2019-05-28 21:42:34.607', '3noreMXv Lorem ipsum dolor sit amet, consectetur adipiscing elit, sed do eiusmod tempor incididunt ut labore et dolore magna aliqua. Ut enim ad minim veniam, quis nostrud exercitation ullamco laboris nisi ut aliquip ex ea commodo consequat. Duis aute irure dolor in reprehenderit in voluptate velit esse cillum dolore eu fugiat nulla pariatur. Excepteur sint occaecat cupidatat n', NULL, 0, 'Idea 74 that suggest that we definitely need a longer title for ideas', 25, 17, NULL),
(107, TIMESTAMP '2019-05-26 21:42:34.61', TIMESTAMP '2019-05-27 21:42:34.611', 'fSDYKzZp Lorem ipsum dolor sit amet, consectetur adipiscing', NULL, 0, 'Idea 75 that suggest that we definitely need a longer title for ideas', 26, 9, NULL),
(108, TIMESTAMP '2019-05-25 21:42:34.612', TIMESTAMP '2019-05-26 21:42:34.612', 'S6vGUkcw Lorem ipsum dolor sit amet, consectetur adipiscing elit, sed do eiusmod tempor incididunt ut labore et dolore magna aliqua. Ut enim ad minim veniam, quis nostrud exercitation ullamco laboris nisi ut aliquip ex ea commodo conse', NULL, 0, 'Idea 76 that suggest that we definitely need a longer title for ideas', 27, 16, NULL),
(109, TIMESTAMP '2019-05-24 21:42:34.623', TIMESTAMP '2019-05-25 21:42:34.623', 'tG5WUHQE Lorem ipsum dolor sit amet, consectetur adipiscing elit, sed do eiusmod tempor incididunt ut labore et dolore magna aliqua. Ut enim ad minim veniam, quis nostrud exercitation ullamco laboris nisi ut aliquip ex ea commodo consequat. Duis aut', NULL, 0, 'Idea 77 that suggest that we definitely need a longer title for ideas', 28, 16, NULL),
(110, TIMESTAMP '2019-05-23 21:42:34.629', TIMESTAMP '2019-05-24 21:42:34.629', '5qQA0Egu Lorem ipsum dolor sit amet, consectetur adipiscing elit, sed do eiusmod tempor incididunt ut labore et dolore magna aliqua. Ut enim ad minim veniam, quis nostrud exercitation ullamco laboris nisi ut aliquip ex ea commodo consequat. Duis aute irure dolor in reprehenderit in voluptate velit esse cillum dolore eu fugiat nulla pariatur. Excepteur sint occaecat cupid', NULL, 0, 'Idea 78 that suggest that we definitely need a longer title for ideas', 29, 20, NULL),
(111, TIMESTAMP '2019-05-22 21:42:34.637', TIMESTAMP '2019-05-23 21:42:34.637', 'AlCbveQo Lorem ipsum dolor sit amet, consectetur adipiscing elit, sed do', NULL, 0, 'Idea 79 that suggest that we definitely need a longer title for ideas', 30, 19, NULL),
(112, TIMESTAMP '2019-05-21 21:42:34.64', TIMESTAMP '2019-05-22 21:42:34.64', 'sMQ2ZxWO Lorem ipsum do', NULL, 0, 'Idea 80 that suggest that we definitely need a longer title for ideas', 21, 6, NULL),
(113, TIMESTAMP '2019-05-20 21:42:34.649', TIMESTAMP '2019-05-21 21:42:34.649', 'ocC82fqU Lorem ipsum dolor sit amet, consectetur adipiscing elit, sed do eiusmod tempor incididunt ut labore et dolore magna aliqua. Ut enim ad minim veniam, quis nostrud exercitation ullamco laboris nisi ut aliquip ex ea commodo consequat. Duis aute irure dolor in reprehenderit in voluptate velit esse cillum dolore eu fugiat nulla pariatur. Excepteur sint occaecat cupidatat non proident, ', NULL, 0, 'Idea 81 that suggest that we definitely need a longer title for ideas', 22, 14, NULL),
(114, TIMESTAMP '2019-05-19 21:42:34.66', TIMESTAMP '2019-05-20 21:42:34.66', 'F0PRVWnG Lorem ipsum dolor sit amet, consectetur adipiscing elit, sed do eiusmod tempor incididunt ut labore et dolore magna aliqua. Ut enim ad minim veniam, quis nostrud exercitation ullamco laboris nisi ut aliquip ex ea commodo consequat. Duis aute irure dolor in reprehenderit in voluptate velit esse cillum dolore eu fugiat null', NULL, 0, 'Idea 82 that suggest that we definitely need a longer title for ideas', 23, 5, NULL),
(115, TIMESTAMP '2019-05-18 21:42:34.665', TIMESTAMP '2019-05-19 21:42:34.665', 'STYe7hKZ Lorem ipsum dolor sit amet, consectetur adipiscing elit, sed do eiusmod tempor incididunt ut labore et dolore magna aliqua. Ut enim ad minim veniam, quis nostrud exercitation ullamco laboris n', NULL, 0, 'Idea 83 that suggest that we definitely need a longer title for ideas', 24, 3, NULL);
INSERT INTO PUBLIC.LAWS(ID, CREATED_AT, UPDATED_AT, DESCRIPTION, REACHED_QUORUM_AT, STATUS, TITLE, AREA_ID, CREATED_BY_ID, POLL_ID) VALUES
(116, TIMESTAMP '2019-05-17 21:42:34.667', TIMESTAMP '2019-05-18 21:42:34.667', 'PXlLzwvo Lorem ipsum dolor sit amet, consectetur adipiscing elit, sed do eiusmod tempor incididunt ut labore et dolore magna aliqua. Ut enim ad minim veniam, quis nostrud exercitation ullamco laboris nisi ut aliquip ex ea commodo consequat. Duis aute irure dolor in reprehenderit in voluptate velit esse cillum dolore eu fugiat nulla pariatur. Excepteur sint occaecat cupidatat non pro', NULL, 0, 'Idea 84 that suggest that we definitely need a longer title for ideas', 25, 19, NULL),
(117, TIMESTAMP '2019-05-16 21:42:34.672', TIMESTAMP '2019-05-17 21:42:34.672', 'G07KV5S8 Lorem ipsum dolor sit amet, consectetur adipiscing elit, sed do eiusmod tempor incididunt ut labore et dolore magna ali', NULL, 0, 'Idea 85 that suggest that we definitely need a longer title for ideas', 26, 20, NULL),
(118, TIMESTAMP '2019-05-15 21:42:34.681', TIMESTAMP '2019-05-16 21:42:34.681', 'hKafeFcq Lorem ipsum dolor sit amet, consectetur adipiscing elit, ', NULL, 0, 'Idea 86 that suggest that we definitely need a longer title for ideas', 27, 16, NULL),
(119, TIMESTAMP '2019-05-14 21:42:34.683', TIMESTAMP '2019-05-15 21:42:34.683', 'oGAKnuxx Lorem ipsum dolor sit amet, consectetur adipiscing elit, sed do eiusmod tempor incididunt ut', NULL, 0, 'Idea 87 that suggest that we definitely need a longer title for ideas', 28, 3, NULL),
(120, TIMESTAMP '2019-05-13 21:42:34.697', TIMESTAMP '2019-05-14 21:42:34.697', 'OFEqqMHa Lorem ipsum dolor sit amet, consectetur adipiscing elit, sed do eiusmod tempor incididunt ut labore et dolore magna aliqua. Ut enim ad minim veniam, quis nostrud exercitation ullamco laboris nisi ut aliquip ex ea commodo consequat. Duis aute irure dolor in reprehenderit in voluptate velit esse cillum dolore eu', NULL, 0, 'Idea 88 that suggest that we definitely need a longer title for ideas', 29, 6, NULL),
(121, TIMESTAMP '2019-05-12 21:42:34.701', TIMESTAMP '2019-05-13 21:42:34.701', 'Ad9zzthq Lorem ipsum dolor sit amet, consectetur adipiscing elit, sed do eiusmod tempor incididunt ut labore et dolore ', NULL, 0, 'Idea 89 that suggest that we definitely need a longer title for ideas', 30, 6, NULL),
(122, TIMESTAMP '2019-05-11 21:42:34.707', TIMESTAMP '2019-05-12 21:42:34.708', 'FDnQqCVE Lorem ipsum dolor sit amet, consectetur adipiscing elit, sed do eiusmod tempor incididunt ut labore et dolore magna aliqua. Ut enim ad minim veniam, quis nostrud exercitation ullamco laboris nisi ut aliquip ex ea commodo consequat. Duis aute irure dolor in reprehenderit in voluptate velit esse cillum dolore eu fugiat nulla pariatu', NULL, 0, 'Idea 90 that suggest that we definitely need a longer title for ideas', 21, 2, NULL),
(123, TIMESTAMP '2019-05-10 21:42:34.716', TIMESTAMP '2019-05-11 21:42:34.716', 'PnhDvB68 Lorem ipsum dolor sit amet, consectetur adipiscing elit, sed do eiusmod tempor incididunt ut labore et dolore magna aliqua. Ut enim ad minim veniam, quis nostrud exercitation ullamco laboris nisi ut aliqu', NULL, 0, 'Idea 91 that suggest that we definitely need a longer title for ideas', 22, 5, NULL),
(124, TIMESTAMP '2019-05-09 21:42:34.716', TIMESTAMP '2019-05-10 21:42:34.716', 'fgGW58A4 Lorem ipsum dolor sit amet, consectetur adipiscing elit, sed do eiusmod tempor incididunt ut labore et dolore magna aliqua. Ut enim ad minim veniam, quis nostrud exercitation ullamco laboris nisi ut aliquip ex ea commodo consequat. Duis aute irure dolor in reprehenderit in voluptate velit esse cillum dolore eu fugiat nu', NULL, 0, 'Idea 92 that suggest that we definitely need a longer title for ideas', 23, 12, NULL),
(125, TIMESTAMP '2019-05-08 21:42:34.716', TIMESTAMP '2019-05-09 21:42:34.716', '3LMoQmEQ Lorem ipsum dolor s', NULL, 0, 'Idea 93 that suggest that we definitely need a longer title for ideas', 24, 10, NULL),
(126, TIMESTAMP '2019-05-07 21:42:34.716', TIMESTAMP '2019-05-08 21:42:34.732', '7G6BhzB7 Lorem ipsum dolor sit amet, consectetur adipiscing elit, sed do eiusmod tempor incididunt ut labore et dolore magna aliqua. Ut enim ad minim veniam, quis nostrud exercitation ullamco laboris nisi ut aliquip ex ea commodo consequat. ', NULL, 0, 'Idea 94 that suggest that we definitely need a longer title for ideas', 25, 20, NULL);
INSERT INTO PUBLIC.LAWS(ID, CREATED_AT, UPDATED_AT, DESCRIPTION, REACHED_QUORUM_AT, STATUS, TITLE, AREA_ID, CREATED_BY_ID, POLL_ID) VALUES
(127, TIMESTAMP '2019-05-06 21:42:34.732', TIMESTAMP '2019-05-07 21:42:34.747', 'pfE6C25C Lorem ipsum dolor sit amet, consectetur adipiscing elit, sed do eiusmod tempor incididunt ut labore et dolore magna aliqua. Ut enim ad minim veniam, quis nostrud exercitation ullamco labo', NULL, 0, 'Idea 95 that suggest that we definitely need a longer title for ideas', 26, 7, NULL),
(128, TIMESTAMP '2019-05-05 21:42:34.763', TIMESTAMP '2019-05-06 21:42:34.763', 'ANECTsLc Lorem ipsum dolor sit amet, consectetur adipiscing elit, sed do eiusmod tempor incididunt ut labore et dolore magna aliqua. Ut enim ad minim veniam, quis nostrud exercitation ullamco', NULL, 0, 'Idea 96 that suggest that we definitely need a longer title for ideas', 27, 17, NULL),
(129, TIMESTAMP '2019-05-04 21:42:34.794', TIMESTAMP '2019-05-05 21:42:34.794', 'W6OeYVKf Lorem ipsum dolor sit amet, consectetur adipiscing elit, sed do eiusmod tempor incididunt ut labore et dolore magna aliqua. Ut enim ad minim veniam, quis nostrud exercitation ullamco la', NULL, 0, 'Idea 97 that suggest that we definitely need a longer title for ideas', 28, 19, NULL),
(130, TIMESTAMP '2019-05-03 21:42:34.816', TIMESTAMP '2019-05-04 21:42:34.816', '7hGMXS9v Lorem ipsum dolor sit amet, consectetur adipiscing elit, sed do eiusmod tempor incididunt ut labore et dolore magna aliqua. Ut enim ad minim ', NULL, 0, 'Idea 98 that suggest that we definitely need a longer title for ideas', 29, 1, NULL),
(131, TIMESTAMP '2019-05-02 21:42:34.832', TIMESTAMP '2019-05-03 21:42:34.832', 'eRoL94EB Lorem ipsum dolor sit amet, consectetur adipiscing elit, sed do eiusmod tempor incididunt ut labore et dolore magna aliqua. Ut enim ad minim veniam, quis nostrud e', NULL, 0, 'Idea 99 that suggest that we definitely need a longer title for ideas', 30, 6, NULL),
(132, TIMESTAMP '2019-05-01 21:42:34.832', TIMESTAMP '2019-05-02 21:42:34.832', '3Ts8H9wR Lorem ipsum dolor sit amet, consectetur adipiscing elit, sed do eiusmod tempor incididunt ut labore et dolore magna aliqua. Ut enim ad minim veniam, quis nostrud exercitation ullamco laboris nisi ut aliquip ex ea commodo consequat. Duis aute irure dolor in reprehenderit in voluptate velit esse cillum dolore eu fugiat nulla pariatur', NULL, 0, 'Idea 100 that suggest that we definitely need a longer title for ideas', 21, 17, NULL),
(133, TIMESTAMP '2019-04-30 21:42:34.848', TIMESTAMP '2019-05-01 21:42:34.848', 'PhefN98T Lorem ipsum dolor sit amet, consectetur adipiscing elit, sed do eiusmod tempor incididunt ut labore et dolore magna aliqua. Ut enim ad minim veniam, quis nostrud exercitation ullamco laboris nisi ut aliquip ex ea commodo consequat. Duis aute irure dolor in reprehenderit in voluptate velit esse cillum dolore eu fugiat nulla p', NULL, 0, 'Idea 101 that suggest that we definitely need a longer title for ideas', 22, 2, NULL),
(134, TIMESTAMP '2019-04-29 21:42:34.848', TIMESTAMP '2019-04-30 21:42:34.848', 'hYfeFSc7 Lorem ipsum dolor sit amet, consectetur adipiscing elit, sed do eiusmod tempor incididunt ut labore et dolore magna aliqua. Ut enim ad minim veniam, quis nostrud exercitation ullamco laboris nisi ut aliquip ex ea commodo consequat. Duis aute irure dolor in reprehenderit in voluptate velit esse cillum dolore eu fugiat nulla pariatur. Excepteur sint occaecat cupidatat non proident, sunt in c', NULL, 0, 'Idea 102 that suggest that we definitely need a longer title for ideas', 23, 11, NULL),
(135, TIMESTAMP '2019-04-28 21:42:34.848', TIMESTAMP '2019-04-29 21:42:34.848', 'RQ3V0KCl Lorem ipsum dolor sit amet, consectetur adipiscing elit, sed do eiusmod tempor incididunt ut ', NULL, 0, 'Idea 103 that suggest that we definitely need a longer title for ideas', 24, 18, NULL),
(136, TIMESTAMP '2019-04-27 21:42:34.863', TIMESTAMP '2019-04-28 21:42:34.863', 'WQQfFRSF Lorem ipsum dolor sit amet, consectetur adipiscing elit, sed do eiusmod tempor incididunt ut labore et dolore magna aliqua. Ut enim ad minim veniam, quis nostrud exercitation ullamco laboris nisi ', NULL, 0, 'Idea 104 that suggest that we definitely need a longer title for ideas', 25, 18, NULL);
INSERT INTO PUBLIC.LAWS(ID, CREATED_AT, UPDATED_AT, DESCRIPTION, REACHED_QUORUM_AT, STATUS, TITLE, AREA_ID, CREATED_BY_ID, POLL_ID) VALUES
(137, TIMESTAMP '2019-04-26 21:42:34.863', TIMESTAMP '2019-04-27 21:42:34.863', 'sACzCG0m Lorem ipsum dolor sit amet, consectetur adipiscing elit, sed do eiusmod tempor incididunt ut labore et dolore magna aliqua. Ut enim ad minim veniam, quis nostrud exercitation ullamco laboris nisi ut aliquip ex ea commodo consequat. Duis aute irure dolor in reprehenderit in voluptate velit esse cillum dolore eu fugiat nulla pariatur. Excepteur sint oc', NULL, 0, 'Idea 105 that suggest that we definitely need a longer title for ideas', 26, 2, NULL),
(138, TIMESTAMP '2019-04-25 21:42:34.863', TIMESTAMP '2019-04-26 21:42:34.863', 'YBGU342d Lorem ipsum dolor sit amet, consectetur adipiscing elit, sed do eiusmod tempor incididunt ut labore et dolore magna aliqua. Ut enim ad minim veniam, quis nostrud exercitation ullamco laboris nisi ut aliquip ex ea commodo consequat. Duis aute irure dolor in reprehenderit in voluptate velit esse cillum dolore eu fugiat nulla pariatur. Except', NULL, 0, 'Idea 106 that suggest that we definitely need a longer title for ideas', 27, 17, NULL),
(139, TIMESTAMP '2019-04-24 21:42:34.863', TIMESTAMP '2019-04-25 21:42:34.863', 'RhR3vByX Lorem ipsum dolor sit amet, consectetur adipiscing elit, sed do eiusmod tempor incididunt ut labore et dolore magna aliqua. Ut enim ad minim veniam, quis nostrud exercitation ullamco laboris nisi ut aliquip ex ea commodo consequat. Duis aute irure dolor in reprehenderit in voluptate velit esse cillum dolore eu fugiat nulla pariatur. Excepteur sin', NULL, 0, 'Idea 107 that suggest that we definitely need a longer title for ideas', 28, 8, NULL),
(140, TIMESTAMP '2019-04-23 21:42:34.879', TIMESTAMP '2019-04-24 21:42:34.879', '3mzsApt8 Lorem ipsum dolor sit amet, consectetur adipiscing elit, sed do eiusmod tempor incididunt ut labore et dolore magna aliqua. Ut enim ad minim veniam, quis nostrud exercitation ullamco laboris nisi ut aliquip ex ea commodo consequat. Duis a', NULL, 0, 'Idea 108 that suggest that we definitely need a longer title for ideas', 29, 5, NULL),
(141, TIMESTAMP '2019-04-22 21:42:34.894', TIMESTAMP '2019-04-23 21:42:34.894', 'AF5omQKa Lorem ipsum dolor sit amet, consectetur adipiscing elit, sed do eiusmod tempor incididunt ut labore et dolore magna aliqua. Ut enim ad minim veniam, quis nostrud exercitati', NULL, 0, 'Idea 109 that suggest that we definitely need a longer title for ideas', 30, 4, NULL),
(142, TIMESTAMP '2019-04-21 21:42:34.917', TIMESTAMP '2019-04-22 21:42:34.917', 'BZTHUK60 Lorem ipsum dolor sit amet, consectetur adipiscing elit, sed do eiusmod tempor incididunt ut labore et dolore magna aliqua. Ut enim ad minim veniam, quis nostrud exercitation ullamco laboris nisi ut aliquip ex ea commodo consequat. Duis aute irure dolor in reprehenderit in voluptate velit esse cillum dolore eu fugiat nulla pariatur. Excepteur sint occaecat cupidatat non proi', NULL, 0, 'Idea 110 that suggest that we definitely need a longer title for ideas', 21, 15, NULL),
(143, TIMESTAMP '2019-08-09 21:42:34.948', TIMESTAMP '2019-08-10 21:42:34.948', 'Sr5aM00B Lorem ipsum dolor sit amet, consectetur adipiscing elit, sed do eiusmod tempor incididunt ut labore et dolore magna aliqua. Ut enim ad minim veniam, quis nostr', TIMESTAMP '2019-08-10 21:42:34.932', 1, 'Proposal 0 that reached its quorum', 28, 12, NULL),
(144, TIMESTAMP '2019-08-09 21:42:34.979', TIMESTAMP '2019-08-10 21:42:34.979', '3ZUhbMGZ Lorem ipsum dolor sit amet, consectetur adipiscing elit, sed do eiusmod tempor incididunt ut labore et dolore magna al', TIMESTAMP '2019-08-10 21:42:34.979', 1, 'Proposal 1 that reached its quorum', 29, 5, NULL),
(145, TIMESTAMP '2019-08-04 21:42:35.018', TIMESTAMP '2019-08-05 21:42:35.018', 'vkfTv9MB Lorem ipsum dolor sit amet, consectetur adipiscing elit, sed do eiusmod tempor incididunt ut labore et dolore magna aliqua. Ut enim ad minim veniam, quis nostrud exercitation ullamco laboris nisi ut aliquip ex ea commodo consequat. Duis aute irure dolor in reprehenderit in voluptate velit e', TIMESTAMP '2019-08-10 21:42:35.016', 1, 'Proposal 2 that reached its quorum', 25, 1, NULL);
INSERT INTO PUBLIC.LAWS(ID, CREATED_AT, UPDATED_AT, DESCRIPTION, REACHED_QUORUM_AT, STATUS, TITLE, AREA_ID, CREATED_BY_ID, POLL_ID) VALUES
(146, TIMESTAMP '2019-08-05 21:42:35.037', TIMESTAMP '2019-08-06 21:42:35.037', 'QNMhEqdF Lorem ipsum dolor sit amet, consectetur adipiscing elit, sed do eiusmod tempor incididunt ut labore et dolore magna aliq', TIMESTAMP '2019-08-08 21:42:35.035', 1, 'Proposal 3 that reached its quorum', 29, 1, NULL),
(147, TIMESTAMP '2019-08-01 21:42:35.055', TIMESTAMP '2019-08-02 21:42:35.055', 'oXsrBV00 Lorem ip', TIMESTAMP '2019-08-04 21:42:35.052', 1, 'Proposal 4 that reached its quorum', 25, 8, NULL),
(148, TIMESTAMP '2019-08-03 21:42:35.072', TIMESTAMP '2019-08-04 21:42:35.072', 'dQOPbwX2 Lorem ipsum dolor sit amet, consectetur adipiscing elit, sed do eiusmod tempor incididunt ut labore et dolore magna aliqu', TIMESTAMP '2019-08-06 21:42:35.07', 1, 'Proposal 5 that reached its quorum', 30, 10, NULL),
(149, TIMESTAMP '2019-08-09 21:42:35.097', TIMESTAMP '2019-08-10 21:42:35.097', 'knSCZGuk Lorem ipsum dolor sit amet, consectetur adipiscing elit, sed do eiusmod tempor incididunt ut labore et dolore magna aliqua. Ut enim ad minim veniam, quis nostrud exercitation ullamco laboris nisi ut aliquip ex ea commodo consequat. Duis aute irure dolor i', TIMESTAMP '2019-08-10 21:42:35.089', 1, 'Proposal 6 that reached its quorum', 30, 5, NULL),
(150, TIMESTAMP '2019-08-09 21:42:35.139', TIMESTAMP '2019-08-10 21:42:35.139', 'Kc880ozA Lorem ipsum dolor sit amet, consectetur adipiscing elit, sed do eiusmod tempor incididunt ut labore et dolore magna aliqua. Ut enim ad minim veniam, quis nostrud exercitation ullamco laboris nisi ut aliquip ex ea commodo consequat. Duis aute irure dolor in reprehenderit in voluptate velit esse cillum d', TIMESTAMP '2019-08-10 21:42:35.126', 1, 'Proposal 7 that reached its quorum', 21, 20, NULL),
(151, TIMESTAMP '2019-08-01 21:42:35.186', TIMESTAMP '2019-08-02 21:42:35.186', 'qTs2Ywr2 L', TIMESTAMP '2019-08-07 21:42:35.179', 1, 'Proposal 8 that reached its quorum', 30, 4, NULL),
(152, TIMESTAMP '2019-08-06 21:42:35.215', TIMESTAMP '2019-08-07 21:42:35.215', 'lqfkAHBO Lorem ipsum dolor sit amet, consectetur adipiscing elit, sed do eiusmod tempor incididunt ut labore et dolore magna aliqua.', TIMESTAMP '2019-08-10 21:42:35.213', 1, 'Proposal 9 that reached its quorum', 23, 8, NULL),
(153, TIMESTAMP '2019-08-06 21:42:35.231', TIMESTAMP '2019-08-07 21:42:35.231', '8BAtDLb6 Lorem ipsum dolor sit amet, consectetur adipiscing elit, sed do eiusmod tempor incididunt ut labore et dolore magna aliqua. Ut enim ad minim veniam, quis nostrud exercitation ullamco lab', TIMESTAMP '2019-08-10 21:42:35.229', 1, 'Proposal 10 that reached its quorum', 28, 18, NULL),
(154, TIMESTAMP '2019-08-02 21:42:35.247', TIMESTAMP '2019-08-03 21:42:35.247', 'Y4ZzPULE Lorem ipsum dolor sit amet, consectetur adipiscing elit, sed do eiusmod tempor incididunt ut labore et dolore magn', TIMESTAMP '2019-08-05 21:42:35.245', 1, 'Proposal 11 that reached its quorum', 28, 14, NULL),
(155, TIMESTAMP '2019-08-06 21:42:35.261', TIMESTAMP '2019-08-07 21:42:35.261', 'ohN0FgdV Lorem ipsum dolor sit amet, consectetur adipiscing elit, sed do eiusmod tempor incididunt ut labore et dolore magna aliqua. Ut enim ad minim veniam, quis nostrud exercitation ullamco laboris nisi ut aliquip ex ea commodo consequat. Duis aute irure dolor in reprehenderit in volup', TIMESTAMP '2019-08-08 21:42:35.26', 1, 'Proposal 12 that reached its quorum', 21, 3, NULL),
(156, TIMESTAMP '2019-08-02 21:42:35.278', TIMESTAMP '2019-08-03 21:42:35.278', 'AkAkKhEu Lo', TIMESTAMP '2019-08-05 21:42:35.276', 1, 'Proposal 13 that reached its quorum', 25, 4, NULL),
(157, TIMESTAMP '2019-08-09 21:42:35.292', TIMESTAMP '2019-08-10 21:42:35.292', 'KT2QYYRX Lorem ipsum dolor sit amet, consectetur adipiscing elit, sed do eiusmod tempor incididunt ut labore et dolore mag', TIMESTAMP '2019-08-10 21:42:35.29', 1, 'Proposal 14 that reached its quorum', 30, 18, NULL),
(158, TIMESTAMP '2019-08-02 21:42:35.321', TIMESTAMP '2019-08-03 21:42:35.323', 'OS29ZAQT Lorem ipsum dolor sit amet, consectetur adipiscing elit, sed do eiusmod tempor incididunt ut labore et dolore magna aliqua. Ut enim ad minim veniam, quis nostrud exerci', TIMESTAMP '2019-08-09 21:42:35.319', 1, 'Proposal 15 that reached its quorum', 25, 5, NULL);
INSERT INTO PUBLIC.LAWS(ID, CREATED_AT, UPDATED_AT, DESCRIPTION, REACHED_QUORUM_AT, STATUS, TITLE, AREA_ID, CREATED_BY_ID, POLL_ID) VALUES
(159, TIMESTAMP '2019-08-01 21:42:35.366', TIMESTAMP '2019-08-02 21:42:35.368', 'HEwmnOKG Lorem ipsum dolor sit amet, consectetur adipiscing elit, sed do eiusmod tempor incididunt ut labore et dolore magna aliqua. Ut enim ad minim veniam, quis nostrud exercitation ullamco laboris nisi ut aliquip ex ea commodo consequat. Duis aute irure dolor in reprehenderit in voluptate velit esse cillum dolore eu fugiat nulla pariatur. Excepte', TIMESTAMP '2019-08-03 21:42:35.362', 1, 'Proposal 16 that reached its quorum', 30, 11, NULL),
(160, TIMESTAMP '2019-08-01 21:42:35.386', TIMESTAMP '2019-08-02 21:42:35.387', 'ekkMUWA4 Lorem ipsum dolor sit amet, consectetur adipiscing elit, sed do', TIMESTAMP '2019-08-04 21:42:35.385', 1, 'Proposal 17 that reached its quorum', 24, 6, NULL),
(161, TIMESTAMP '2019-08-01 21:42:35.432', TIMESTAMP '2019-08-02 21:42:35.432', '9XS6gStz Lorem ipsum dolor sit amet, consectetur adipiscing elit, sed do eiusmod tempor incididunt ut labore et dolore magna aliqua. Ut enim ad minim veniam, quis nostrud exercitation ullamco laboris nisi ut aliquip ex ea commodo c', TIMESTAMP '2019-08-10 21:42:35.43', 1, 'Proposal 18 that reached its quorum', 29, 15, NULL),
(162, TIMESTAMP '2019-08-03 21:42:35.446', TIMESTAMP '2019-08-04 21:42:35.447', 'fb0nvLxd Lorem ipsum dolor sit amet, consectetur adipiscing elit, sed do eiusmod tempor incididunt ut labore et dolore magna aliqua. Ut enim ad minim veniam, quis nostrud exercitation ullamco laboris nisi ut aliquip ex ea commodo consequat. Duis aute irure dolor in reprehenderit in voluptate velit esse cillum dolore eu fugiat nulla pariatur. Excepteur sint o', TIMESTAMP '2019-08-06 21:42:35.444', 1, 'Proposal 19 that reached its quorum', 22, 16, NULL),
(163, TIMESTAMP '2019-08-08 21:42:35.461', TIMESTAMP '2019-08-09 21:42:35.461', '7rkykkDW Lorem ipsum dolor sit amet, consectetur adipiscing elit, sed do eiusmod tempor incididunt ut labore et dolore magna aliqua. Ut enim ad minim veniam, quis nostrud exercitation ullamco laboris nisi ut aliquip ex ea commodo consequat. Duis aute irure dolor in reprehenderit in voluptate velit esse cillum dolore eu', TIMESTAMP '2019-08-09 21:42:35.458', 1, 'Proposal 20 that reached its quorum', 30, 2, NULL),
(164, TIMESTAMP '2019-08-04 21:42:35.474', TIMESTAMP '2019-08-05 21:42:35.474', 'GYzFpON8 Lorem ipsum dolor sit amet, consectetur adipiscing elit, sed do eiusmod tempor incididunt ut labore et dolore mag', TIMESTAMP '2019-08-05 21:42:35.472', 1, 'Proposal 21 that reached its quorum', 30, 6, NULL),
(165, TIMESTAMP '2019-08-10 21:42:35.486', TIMESTAMP '2019-08-10 21:42:35.486', 'V8aEYsuX Lorem ipsum dolor sit amet, consectetur adipiscing elit, sed do eiusmod tempor incididunt ut labore et dolore magna aliqua. Ut enim ad minim veniam, quis nostrud exercitation ullamco laboris nisi ut aliquip ex ea commodo consequat. Duis aute irure dolor in reprehenderit in voluptate velit esse cillum dolore eu fugiat nulla ', TIMESTAMP '2019-08-10 21:42:35.485', 1, 'Proposal 22 that reached its quorum', 24, 4, NULL),
(166, TIMESTAMP '2019-08-05 21:42:35.5', TIMESTAMP '2019-08-06 21:42:35.5', 'oOXmkwZx Lorem ipsum dolor sit amet, consectetur adipiscing elit, sed do eiusmod tempor incididunt ut labore et dolore magna aliqua. Ut enim ad minim veniam, quis', TIMESTAMP '2019-08-09 21:42:35.499', 1, 'Proposal 23 that reached its quorum', 30, 11, NULL),
(167, TIMESTAMP '2019-08-03 21:42:35.571', TIMESTAMP '2019-08-04 21:42:35.571', 'kM5C05ey Lorem ipsum dolor sit amet, consectetur adipiscing elit, sed do eiusmod tempor incididunt ut labore et dolore magna aliqua. Ut enim ad minim veniam, quis nostrud exercitation ullamco laboris nisi ut aliquip ex ea commodo consequat. Duis aute irure dolor in reprehenderit in voluptate velit esse cillum dolore eu fugiat nulla pariatur. Excepteur sint occaecat cupidatat non proident, sunt in ', TIMESTAMP '2019-08-08 21:42:35.57', 1, 'Proposal 24 that reached its quorum', 23, 20, NULL),
(168, TIMESTAMP '2019-08-04 21:42:35.621', TIMESTAMP '2019-08-05 21:42:35.621', 'Tz8fesFk Lorem ipsum dolor sit amet, consectetur adipiscing elit, sed do eiusmod tempor incididunt ut labore et dolore magna a', TIMESTAMP '2019-08-07 21:42:35.618', 1, 'Proposal 25 that reached its quorum', 24, 13, NULL);
INSERT INTO PUBLIC.LAWS(ID, CREATED_AT, UPDATED_AT, DESCRIPTION, REACHED_QUORUM_AT, STATUS, TITLE, AREA_ID, CREATED_BY_ID, POLL_ID) VALUES
(169, TIMESTAMP '2019-08-03 21:42:35.637', TIMESTAMP '2019-08-04 21:42:35.637', 'P8EQfsmV Lorem ipsum dolor sit amet, consectetur adipiscing elit, sed do eiusmod tempor incididunt ut labore et dolore magna aliqua. Ut enim ad min', TIMESTAMP '2019-08-08 21:42:35.636', 1, 'Proposal 26 that reached its quorum', 23, 13, NULL),
(170, TIMESTAMP '2019-08-01 21:42:35.649', TIMESTAMP '2019-08-02 21:42:35.649', '9aU2DWGX Lorem ipsum dolor sit amet, consectetur adipiscing elit, sed do eiusmod tempor incididunt ut labore et dolore magna aliqua. Ut enim ad minim veniam, quis nostrud exercitation ullamco laboris nisi ut aliquip ex ea commodo conse', TIMESTAMP '2019-08-08 21:42:35.648', 1, 'Proposal 27 that reached its quorum', 26, 6, NULL),
(171, TIMESTAMP '2019-08-10 21:42:35.66', TIMESTAMP '2019-08-10 21:42:35.66', 'EkhGKEno Lorem ipsum dolor sit amet, consectetur adipiscing elit, sed do eiusmod tempor incididunt ut labore et dolore magna aliqua. Ut enim ad minim veniam, quis nostrud exercitation ullamco laboris nisi ut aliquip ex ea commodo consequat. Duis aute irure dolor in reprehenderit in voluptate velit esse', TIMESTAMP '2019-08-10 21:42:35.659', 1, 'Proposal 28 that reached its quorum', 22, 5, NULL),
(172, TIMESTAMP '2019-08-03 21:42:35.671', TIMESTAMP '2019-08-04 21:42:35.672', 'rk0LLudb Lorem ipsum dolor sit amet, consectetur adipiscing elit, sed do eiusmod tempor incididunt ut labore et dolore magna aliqua. Ut enim ad minim veniam, quis nostrud exercitation ullamco laboris nisi ut aliquip ex ea commodo consequat. Duis aute irure dolor in reprehenderit in voluptate velit esse cillum dolore eu fugiat nulla pariatur. Excepteur sint occaecat cupidatat non proident, sunt in cul', TIMESTAMP '2019-08-10 21:42:35.67', 1, 'Proposal 29 that reached its quorum', 23, 11, NULL),
(173, TIMESTAMP '2019-08-06 21:42:35.683', TIMESTAMP '2019-08-07 21:42:35.683', 't78OM9u4 Lorem ipsum dolor sit amet, consectetur adipiscing elit, sed do eiusmod tempor incididunt ut labore et dolore magna aliqua. Ut enim ad minim veniam, quis nostrud exercitation ullamco laboris nisi ut aliquip ex ea commodo consequat. Duis aute irure dolor in reprehenderit in voluptate velit esse cillum dolore eu fugiat nulla pariatur. Excepteur sint occaecat cupidatat n', TIMESTAMP '2019-08-09 21:42:35.681', 1, 'Proposal 30 that reached its quorum', 25, 15, NULL),
(174, TIMESTAMP '2019-08-03 21:42:35.694', TIMESTAMP '2019-08-04 21:42:35.694', '6y88xN9P Lorem ipsum dolor sit amet, c', TIMESTAMP '2019-08-08 21:42:35.692', 1, 'Proposal 31 that reached its quorum', 30, 1, NULL),
(175, TIMESTAMP '2019-08-02 21:42:35.739', TIMESTAMP '2019-08-03 21:42:35.739', 'gq2ME8OA Lorem ipsum dolor sit amet, consectetur adipiscing elit, sed do eiusmod tempor incididunt ut labore et dolore magna aliqua. Ut enim ad minim veniam, quis nostrud exercita', TIMESTAMP '2019-08-05 21:42:35.737', 1, 'Proposal 32 that reached its quorum', 25, 16, NULL),
(176, TIMESTAMP '2019-08-05 21:42:35.749', TIMESTAMP '2019-08-06 21:42:35.75', 'YOdEAMCD Lorem ipsum dolor sit amet, consectetur adipiscing elit, sed do eiusmod tempor incididunt ut labore et dolore magna aliqua. Ut enim ad minim veniam, quis nostrud exercitation ullamco laboris nisi ut aliquip ex ea commodo consequat. Duis aute irure dolor in reprehenderit in voluptate velit ', TIMESTAMP '2019-08-06 21:42:35.748', 1, 'Proposal 33 that reached its quorum', 26, 15, NULL),
(177, TIMESTAMP '2019-08-06 21:42:35.759', TIMESTAMP '2019-08-07 21:42:35.759', 'vw7b3G3Q Lorem ipsum dolor si', TIMESTAMP '2019-08-09 21:42:35.759', 1, 'Proposal 34 that reached its quorum', 21, 5, NULL),
(178, TIMESTAMP '2019-08-04 21:42:35.774', TIMESTAMP '2019-08-05 21:42:35.774', 'gKz6M2RX Lorem ipsum dolor sit amet, consectetur adipiscing elit, sed do eiusmod tempor incididunt ut labore et dolore magna aliqua. Ut enim ad minim veniam, quis nostrud exercitati', TIMESTAMP '2019-08-05 21:42:35.759', 1, 'Proposal 35 that reached its quorum', 29, 11, NULL);
INSERT INTO PUBLIC.LAWS(ID, CREATED_AT, UPDATED_AT, DESCRIPTION, REACHED_QUORUM_AT, STATUS, TITLE, AREA_ID, CREATED_BY_ID, POLL_ID) VALUES
(179, TIMESTAMP '2019-08-10 21:42:35.79', TIMESTAMP '2019-08-10 21:42:35.79', '8v690two Lorem ipsum dolor sit amet, consectetur adipiscing elit, sed do eiusmod tempor i', TIMESTAMP '2019-08-10 21:42:35.79', 1, 'Proposal 36 that reached its quorum', 30, 18, NULL),
(180, TIMESTAMP '2019-08-09 21:42:35.806', TIMESTAMP '2019-08-10 21:42:35.806', 'lZtGkXys Lorem ipsum dolor sit amet, consectetur adipiscing elit, sed do eiusmod tempor incididunt ut labore et dolore magna aliqua. Ut enim ad minim veniam, quis nostrud exercitation ullamco laboris nisi', TIMESTAMP '2019-08-10 21:42:35.806', 1, 'Proposal 37 that reached its quorum', 21, 10, NULL),
(181, TIMESTAMP '2019-08-09 21:42:35.821', TIMESTAMP '2019-08-10 21:42:35.821', 'lTuSF8ud Lorem ipsum dolor sit amet, consectetur adipiscing elit, sed do eiusmod tempor incididunt ut labore et dolore magna aliqua. Ut enim ad minim veniam, quis nostrud exercitation ullamco laboris nisi ut aliquip ex ea commodo consequat. Duis aute irure dolor in reprehenderit in voluptate velit esse cillum dolore eu fugi', TIMESTAMP '2019-08-10 21:42:35.821', 1, 'Proposal 38 that reached its quorum', 23, 19, NULL),
(182, TIMESTAMP '2019-08-10 21:42:35.837', TIMESTAMP '2019-08-10 21:42:35.837', 'cQcDfFk2 Lorem ipsum dolor sit amet, con', TIMESTAMP '2019-08-10 21:42:35.837', 1, 'Proposal 39 that reached its quorum', 30, 20, NULL),
(183, TIMESTAMP '2019-08-01 21:42:35.853', TIMESTAMP '2019-08-02 21:42:35.853', 'L7qdU4mz Lorem ipsum dolor sit amet, co', TIMESTAMP '2019-08-03 21:42:35.837', 1, 'Proposal 40 that reached its quorum', 24, 8, NULL),
(184, TIMESTAMP '2019-08-05 21:42:35.859', TIMESTAMP '2019-08-06 21:42:35.859', 'MemUs72B Lorem ipsum dolor sit amet, consectetur adipiscing elit, sed', TIMESTAMP '2019-08-06 21:42:35.859', 1, 'Proposal 41 that reached its quorum', 27, 6, NULL),
(185, TIMESTAMP '2019-08-08 21:42:35.875', TIMESTAMP '2019-08-09 21:42:35.875', 'ecL4cb4l Lorem ipsum dolor sit amet, ', TIMESTAMP '2019-08-10 21:42:35.875', 1, 'Proposal 42 that reached its quorum', 28, 19, NULL),
(186, TIMESTAMP '2019-08-07 21:42:35.875', TIMESTAMP '2019-08-08 21:42:35.875', 'oalaKbbH Lorem ipsum dolor sit amet, consectetur adipiscing elit, sed do eiusmod tempor incididunt ut labore et dolore magna aliqua. Ut enim ad minim veniam, quis nostrud exercitation ullamco laboris nisi ut aliquip ex ea commodo consequa', TIMESTAMP '2019-08-08 21:42:35.875', 1, 'Proposal 43 that reached its quorum', 26, 17, NULL),
(187, TIMESTAMP '2019-08-06 21:42:35.89', TIMESTAMP '2019-08-07 21:42:35.89', 'zPASoMVN Lorem ipsum dolor sit amet, consectetur adipiscing elit, sed do eiusmod tempor incididunt ut labore et dolore magna aliqua. Ut enim ad minim veniam, quis nostrud exercitation ullamco laboris nisi ut aliquip ex ea commodo consequat. Duis aute irure dolor in reprehenderit in voluptate velit esse cillum dolore eu fugiat nulla pariatur. Excepteur sint occaecat cupidatat non pro', TIMESTAMP '2019-08-10 21:42:35.89', 1, 'Proposal 44 that reached its quorum', 30, 1, NULL),
(188, TIMESTAMP '2019-08-09 21:42:35.906', TIMESTAMP '2019-08-10 21:42:35.906', 'ghS3yLH2 Lorem ipsum dolor sit amet, consectetur adipiscing elit, sed do eiusmod tempor incididunt ut labore et dolore magna aliqua. Ut enim ad minim veniam, quis nostrud e', TIMESTAMP '2019-08-10 21:42:35.906', 1, 'Proposal 45 that reached its quorum', 26, 1, NULL),
(189, TIMESTAMP '2019-08-10 21:42:35.922', TIMESTAMP '2019-08-10 21:42:35.922', 'dZDqt7Xq Lorem ipsum dolor sit amet, consectetur adipiscing elit, sed do eiusmod tempor incididunt ut labore et dolore magna aliqua. Ut enim ad minim veniam, quis nostrud exercitation ullamco laboris', TIMESTAMP '2019-08-10 21:42:35.922', 1, 'Proposal 46 that reached its quorum', 29, 7, NULL),
(190, TIMESTAMP '2019-08-10 21:42:35.922', TIMESTAMP '2019-08-10 21:42:35.922', 'SGBBxhzg Lorem ipsum dolor sit amet, consectetur adipiscing elit, sed do eiusmod tempor incididunt ut labore et dolore magna aliqua. Ut enim ad minim veniam, quis nostrud exercitation ullamco laboris nisi ut aliquip ex ea commodo consequat. Duis aute irure dolor ', TIMESTAMP '2019-08-10 21:42:35.922', 1, 'Proposal 47 that reached its quorum', 25, 2, NULL);
INSERT INTO PUBLIC.LAWS(ID, CREATED_AT, UPDATED_AT, DESCRIPTION, REACHED_QUORUM_AT, STATUS, TITLE, AREA_ID, CREATED_BY_ID, POLL_ID) VALUES
(191, TIMESTAMP '2019-08-09 21:42:35.937', TIMESTAMP '2019-08-10 21:42:35.937', 'KOPsL5es Lorem ipsum dolor sit amet, consectetur adipiscing elit, sed do eiusmod tempor incididunt ut labore et dolore magna aliqua. Ut enim ad minim veniam, quis nostrud exercitation ullamco laboris nisi ut aliquip ex ea commodo consequat. Duis aute irure dolor in reprehenderit in voluptate ', TIMESTAMP '2019-08-10 21:42:35.937', 1, 'Proposal 48 that reached its quorum', 27, 17, NULL),
(192, TIMESTAMP '2019-08-07 21:42:35.937', TIMESTAMP '2019-08-08 21:42:35.937', 'sUnVeysv Lorem ipsum dolor sit amet, c', TIMESTAMP '2019-08-09 21:42:35.937', 1, 'Proposal 49 that reached its quorum', 21, 5, NULL),
(193, TIMESTAMP '2019-08-02 21:42:36.07', TIMESTAMP '2019-08-10 21:42:36.131', 'Lorem ipsum dolor sit amet, consectetur adipiscing elit, sed do eiusmod tempor incididunt ut labore et dolore magna aliqua. Ut enim ad minim veniam, quis nostrud exercitation ullamco laboris nisi ut aliquip ex ea commodo consequat. Duis aute irure dolor in reprehenderit in voluptate velit esse cillum dolore eu fugiat nul', TIMESTAMP '2019-08-06 21:42:36.069', 1, 'Proposal 0 for user testuser1@liquido.de', 29, 1, NULL),
(202, TIMESTAMP '2019-08-01 21:42:36.148', TIMESTAMP '2019-08-02 21:42:36.148', 'Lorem ipsum dolor sit amet, consectetur adipiscing elit, sed do eiusmod tempor incididunt ut labore et dolore magna aliqua. Ut eni', TIMESTAMP '2019-08-03 21:42:36.146', 1, 'Proposal 1 for user testuser1@liquido.de', 24, 1, NULL),
(209, TIMESTAMP '2019-08-02 21:42:36.21', TIMESTAMP '2019-08-03 21:42:36.21', 'Lorem ipsum dolor sit amet, consectetur adipiscing elit, sed do eiusmod tempor incididunt ut labore et dolore magna aliqua. Ut enim ad minim veniam, quis nostrud exercitation ullam', TIMESTAMP '2019-08-07 21:42:36.208', 1, 'Proposal 2 for user testuser1@liquido.de', 29, 1, NULL),
(214, TIMESTAMP '2019-08-09 21:42:36.239', TIMESTAMP '2019-08-10 21:42:36.258', 'Lorem ipsum dolor sit amet, consectetur adipiscing elit, sed do eiusmod tempor incididunt ut labore et dolore magna aliqua.', TIMESTAMP '2019-08-10 21:42:36.237', 1, 'Proposal 3 for user testuser1@liquido.de', 29, 1, NULL),
(221, TIMESTAMP '2019-08-03 21:42:36.278', TIMESTAMP '2019-08-04 21:42:36.278', 'Lorem ipsum dolor sit amet, consectetur adipiscing elit, sed do eiusmod tempor incididunt ut labore et dolore magna aliqua. Ut enim ad minim veniam, quis nostrud exercitation u', TIMESTAMP '2019-08-10 21:42:36.276', 1, 'Proposal 4 for user testuser1@liquido.de', 25, 1, NULL),
(235, TIMESTAMP '2019-07-31 21:42:41.682', TIMESTAMP '2019-08-10 21:42:41.713', 'Lorem ipsum dolor sit amet, consectetur adipiscing elit, sed do eiusmod tempor incididunt ut labore et dolore magna aliqua. Ut enim ad minim veniam, quis nostrud exercitation ullamco laboris nisi ut aliquip ex ea commodo consequat. Duis aute irure dolo', TIMESTAMP '2019-08-03 21:42:41.682', 2, 'Initial Proposal in a poll that is in elaboration 1565466161682', 21, 13, 242),
(243, TIMESTAMP '2019-07-21 21:42:41.734', TIMESTAMP '2019-08-10 21:42:41.751', 'Lorem ipsum dolor sit amet, consectetur adipiscing elit, sed do eiusmod tempor incididunt ut labore et dolore magna aliqua. Ut enim ad minim veniam, quis nostrud exercitation ullamco laboris nisi ut aliquip ex ea commodo consequat. Duis aute irure dolor in reprehenderit in voluptate velit esse cillum dolore eu fugiat nulla pariatur. Excepteur sint occaecat cupidatat non proident, sunt in ', TIMESTAMP '2019-07-23 21:42:41.733', 2, 'Alternative Proposal1 in a poll that is in elaboration1565466161713', 21, 15, 242),
(252, TIMESTAMP '2019-07-21 21:42:41.767', TIMESTAMP '2019-08-10 21:42:41.782', 'Lorem ipsum dolor sit amet, consectetur adipiscing elit, sed do eiusmod tempor incididunt ut labore et dolore magna aliqua. Ut enim ad minim veniam, quis nostrud exercitation ullamco laboris nisi ut aliquip ex ea commodo consequat. Duis aute irure dolor in reprehenderit ', TIMESTAMP '2019-07-23 21:42:41.767', 2, 'Alternative Proposal2 in a poll that is in elaboration1565466161751', 21, 7, 242);
INSERT INTO PUBLIC.LAWS(ID, CREATED_AT, UPDATED_AT, DESCRIPTION, REACHED_QUORUM_AT, STATUS, TITLE, AREA_ID, CREATED_BY_ID, POLL_ID) VALUES
(258, TIMESTAMP '2019-07-21 21:42:41.798', TIMESTAMP '2019-08-10 21:42:41.854', 'Lorem ipsum dolor sit amet, consectetur adipiscing elit, sed do eiusmod tempor incididunt ut labore et dolore magna aliqua. Ut enim ad minim veniam, quis nostrud exercitation ullamco laboris nisi ut aliquip ex ea commodo consequat. Duis aute irure dolor in reprehenderit in voluptate velit esse ci', TIMESTAMP '2019-07-23 21:42:41.798', 2, 'Alternative Proposal3 in a poll that is in elaboration1565466161782', 21, 3, 242),
(264, TIMESTAMP '2019-07-21 21:42:41.941', TIMESTAMP '2019-08-10 21:42:41.966', 'Lorem ipsum dolor sit amet, consectetur adipiscing elit, sed do eiusmod tempor incididunt ut labore et dolore magna aliqua. Ut enim ad minim veniam, quis nostrud exercitation ullamco laboris nisi ut aliquip ex ea commodo', TIMESTAMP '2019-07-23 21:42:41.938', 2, 'Alternative Proposal4 in a poll that is in elaboration1565466161855', 21, 5, 242),
(269, TIMESTAMP '2019-07-31 21:42:41.978', TIMESTAMP '2019-08-10 21:42:42.276', 'Lorem ipsum dolor sit amet, consectetur adipiscing elit, sed do eiusmod tempor incididunt ut labore et dolore magna aliqua. Ut enim ad minim veniam, quis nostrud exercitation ullamco laboris nisi ut aliquip ex ea commodo consequat. Duis aute irure dolor in reprehenderit in voluptate velit esse cillum dolore eu fugiat nulla pariatur. Excepteur sint occaecat cupidatat non proident', TIMESTAMP '2019-08-03 21:42:41.977', 3, 'Proposal 5 in voting phase 1565466162210', 21, 13, 277),
(278, TIMESTAMP '2019-07-21 21:42:42.008', TIMESTAMP '2019-08-10 21:42:42.276', 'Lorem ipsum dolor sit amet, consectetur adipiscing elit, sed do eiusmod tempor incididunt ut labore et dolore magna aliqua. Ut enim ad minim veniam, quis nostrud exercitation ullamco laboris nisi ut aliquip ex ea commodo consequat. Duis aute irure dolor in reprehenderit in voluptate velit esse cillum dolore eu fugiat nulla pariatur. Excepteur sint occaecat cupidatat non proiden', TIMESTAMP '2019-07-23 21:42:42.007', 3, 'Proposal 4 in voting phase 1565466162210', 21, 15, 277),
(283, TIMESTAMP '2019-07-21 21:42:42.034', TIMESTAMP '2019-08-10 21:42:42.276', 'Lorem ipsum dolor sit amet, consectetur adipiscing elit, sed do eiusmod tempor incididunt ut labore et dolore magna aliqua. Ut enim ad minim veniam, quis nostrud exercitation ullamco laboris nisi ut aliquip ex ea commodo consequat. Duis aute irure dolor in reprehenderit in voluptate velit esse cillum dolore eu fugiat nulla pariatur. Excepteur sint occaecat cupidatat non p', TIMESTAMP '2019-07-23 21:42:42.033', 3, 'Proposal 3 in voting phase 1565466162210', 21, 7, 277),
(291, TIMESTAMP '2019-07-21 21:42:42.092', TIMESTAMP '2019-08-10 21:42:42.277', 'Lorem ipsum dolor sit amet, consectetur adipiscing elit, sed do eiusmod tempor incididunt ut labore et dolore magna aliqua. Ut enim ad minim veniam, quis nostrud exercitation ullamco laboris nisi ut aliquip ex ea commodo consequat. Duis aute irure dolor in reprehenderit in voluptate velit esse cillum dolo', TIMESTAMP '2019-07-23 21:42:42.062', 3, 'Proposal 2 in voting phase 1565466162210', 21, 3, 277),
(297, TIMESTAMP '2019-07-21 21:42:42.128', TIMESTAMP '2019-08-10 21:42:42.277', 'Lorem ipsum dolor sit amet, consectetur adipiscing elit, sed do eiusmod tempor incididunt ut labore et dolore magna aliqua. Ut enim ad minim veniam, quis nostrud ex', TIMESTAMP '2019-07-23 21:42:42.127', 3, 'Proposal 1 in voting phase 1565466162210', 21, 5, 277),
(307, TIMESTAMP '2019-07-31 21:42:42.291', TIMESTAMP '2019-08-10 21:42:42.559', 'Lorem ipsum dolor sit amet, consectetur adipiscing elit, sed do eiusmod tempor incididunt ut labore et dolore magna aliqua. Ut enim ad minim veniam, quis nostrud exercitation ullamco laboris nisi u', TIMESTAMP '2019-08-03 21:42:42.29', 3, 'Proposal 5 in voting phase 1565466162491', 21, 13, 314),
(315, TIMESTAMP '2019-07-21 21:42:42.344', TIMESTAMP '2019-08-10 21:42:42.559', 'Lorem ipsum dolor sit amet, consectetur adipiscing elit, sed do eiusmod tempor incididunt ut labore et dolore magna aliqua. Ut enim ad minim veniam,', TIMESTAMP '2019-07-23 21:42:42.341', 3, 'Proposal 4 in voting phase 1565466162491', 21, 15, 314);
INSERT INTO PUBLIC.LAWS(ID, CREATED_AT, UPDATED_AT, DESCRIPTION, REACHED_QUORUM_AT, STATUS, TITLE, AREA_ID, CREATED_BY_ID, POLL_ID) VALUES
(322, TIMESTAMP '2019-07-21 21:42:42.416', TIMESTAMP '2019-08-10 21:42:42.559', 'Lorem ipsum dolor sit amet, consectetur adipiscing elit, sed do eiusmod tempor incididunt ut labore et dolore magna aliqua. Ut enim ad minim veniam, quis nostrud ', TIMESTAMP '2019-07-23 21:42:42.415', 3, 'Proposal 3 in voting phase 1565466162491', 21, 7, 314),
(328, TIMESTAMP '2019-07-21 21:42:42.444', TIMESTAMP '2019-08-10 21:42:42.559', 'Lorem ipsum dolor sit amet, consectetur adipiscing elit, sed do eiusmod tempor incididunt ut labore et dolore magna aliqua. Ut enim ad minim veniam, quis nostrud exercitation ullamco laboris nisi ut aliquip ex ea commodo consequat. Duis aute irure dolor in reprehenderit in voluptate velit esse cillum dolore eu fugiat nulla pa', TIMESTAMP '2019-07-23 21:42:42.443', 3, 'Proposal 2 in voting phase 1565466162491', 21, 3, 314),
(335, TIMESTAMP '2019-07-21 21:42:42.472', TIMESTAMP '2019-08-10 21:42:42.56', 'Lorem ipsum dolor sit amet, consectetur adipiscing elit, sed do eiusmod tempor incididunt ut labore et dolore magna aliqua. Ut enim ad minim veniam, quis nostrud exercitation ullamco laboris nisi ut aliquip ex ea commodo consequat. Duis aute iru', TIMESTAMP '2019-07-23 21:42:42.471', 3, 'Proposal 1 in voting phase 1565466162491', 21, 5, 314),
(359, TIMESTAMP '2019-07-31 21:42:47.999', TIMESTAMP '2019-08-10 21:42:51.693', 'Lorem ipsum dolor sit amet, consectetur adipiscing elit, sed do eiusmod tempor incididunt ut labore et dolore magna aliqua. Ut enim ad minim veniam, quis nostrud exercitation ullamco laboris ni', TIMESTAMP '2019-08-03 21:42:47.998', 4, 'This winning Proposal is now a Law', 21, 13, 366),
(367, TIMESTAMP '2019-07-21 21:42:48.018', TIMESTAMP '2019-08-10 21:42:51.677', 'Lorem ipsum dolor sit amet, consectetur adipiscing elit, sed do eiusmod tempor incididunt ut labore et dolore magna aliqua. Ut enim ad minim veniam, quis nostrud exercitation ullamco laboris nisi ut aliqui', TIMESTAMP '2019-07-23 21:42:48.018', 5, 'Proposal 4 in voting phase 1565466168118', 21, 15, 366),
(371, TIMESTAMP '2019-07-21 21:42:48.049', TIMESTAMP '2019-08-10 21:42:51.677', 'Lorem ipsum dolor sit amet, consectetur adipiscing elit, sed do eiusmod tempor incididunt ut labore et dolore magna aliqua. Ut enim ad minim veniam, quis nostrud exercitation ullamco laboris nisi ut aliquip ex ea commodo', TIMESTAMP '2019-07-23 21:42:48.049', 5, 'Proposal 3 in voting phase 1565466168118', 21, 7, 366),
(378, TIMESTAMP '2019-07-21 21:42:48.08', TIMESTAMP '2019-08-10 21:42:51.677', 'Lorem ipsum dolor sit amet, consectetur adipiscing elit, sed do eiusmod tempor incididunt ut labore et dolore magna aliqua. Ut enim ad minim veniam, quis nostrud exercitation ullamco laboris nisi ut aliquip ex ea commodo consequat. Duis aute irure dolor in reprehenderit in voluptate v', TIMESTAMP '2019-07-23 21:42:48.08', 5, 'Proposal 2 in voting phase 1565466168118', 21, 3, 366),
(385, TIMESTAMP '2019-07-21 21:42:48.102', TIMESTAMP '2019-08-10 21:42:51.677', 'Lorem ipsum dolor sit amet, consectetur adipiscing elit, sed do eiusmod tempor incididunt ut labore et dolore magna aliqua. Ut enim ad minim veniam, quis nostrud exercitation ullamco laboris nisi ut aliquip ex ea commodo consequat. Duis aute irure dolor in r', TIMESTAMP '2019-07-23 21:42:48.102', 5, 'Proposal 1 in voting phase 1565466168118', 21, 5, 366),
(405, TIMESTAMP '2019-07-21 21:42:51.724', TIMESTAMP '2019-08-10 21:42:51.724', 'Lorem ipsum dolor sit amet, consectetur adipiscing elit, sed do eiusmod tempor incididunt ut labore et dolore magna aliqua. Ut enim ', TIMESTAMP '2019-07-17 21:42:51.724', 4, 'Law 0', 21, 1, NULL),
(406, TIMESTAMP '2019-07-20 21:42:51.74', TIMESTAMP '2019-08-10 21:42:51.74', 'Lorem ipsum dolor sit amet, consectetur adipiscing elit, sed do eiusmod tempor incididunt ut labore et dolore magna aliqua. Ut enim ad minim veniam, quis nostrud exercitation ullamco laboris nisi ut aliquip ex ea commodo consequat. Duis aute irure dolor in reprehenderit in voluptate velit esse cillum dolore eu fugiat nulla pariatur. Excepteur sint occaecat cupidatat non proident, sunt', TIMESTAMP '2019-07-17 21:42:51.74', 4, 'Law 1', 21, 1, NULL);
CREATE MEMORY TABLE PUBLIC.LAWS_COMMENTS(
LAW_MODEL_ID BIGINT NOT NULL,
COMMENTS_ID BIGINT NOT NULL
);
ALTER TABLE PUBLIC.LAWS_COMMENTS ADD CONSTRAINT PUBLIC.CONSTRAINT_A0 PRIMARY KEY(LAW_MODEL_ID, COMMENTS_ID);
-- 25 +/- SELECT COUNT(*) FROM PUBLIC.LAWS_COMMENTS;
INSERT INTO PUBLIC.LAWS_COMMENTS(LAW_MODEL_ID, COMMENTS_ID) VALUES
(193, 194),
(202, 203),
(209, 210),
(214, 215),
(221, 222),
(235, 236),
(243, 244),
(252, 253),
(258, 259),
(264, 265),
(269, 270),
(278, 279),
(283, 284),
(291, 292),
(297, 298),
(307, 308),
(315, 316),
(322, 323),
(328, 329),
(335, 336),
(359, 360),
(367, 368),
(371, 372),
(378, 379),
(385, 386);
CREATE MEMORY TABLE PUBLIC.LAWS_SUPPORTERS(
LAW_MODEL_ID BIGINT NOT NULL,
SUPPORTERS_ID BIGINT NOT NULL
);
ALTER TABLE PUBLIC.LAWS_SUPPORTERS ADD CONSTRAINT PUBLIC.CONSTRAINT_C PRIMARY KEY(LAW_MODEL_ID, SUPPORTERS_ID);
-- 1200 +/- SELECT COUNT(*) FROM PUBLIC.LAWS_SUPPORTERS;
INSERT INTO PUBLIC.LAWS_SUPPORTERS(LAW_MODEL_ID, SUPPORTERS_ID) VALUES
(31, 17),
(31, 6),
(33, 2),
(33, 3),
(35, 3),
(35, 17),
(35, 2),
(35, 15),
(35, 5),
(35, 1),
(35, 13),
(36, 15),
(36, 16),
(37, 1),
(37, 14),
(37, 11),
(37, 15),
(37, 9),
(37, 3),
(37, 5),
(37, 17),
(38, 9),
(38, 7),
(39, 10),
(41, 13),
(41, 14),
(41, 3),
(41, 16),
(41, 5),
(41, 2),
(41, 10),
(41, 9),
(44, 1),
(44, 6),
(44, 13),
(44, 12),
(45, 10),
(45, 11),
(46, 19),
(47, 5),
(47, 11),
(47, 13),
(47, 6),
(48, 5),
(48, 6),
(48, 10),
(48, 16),
(48, 11),
(49, 5),
(51, 17),
(52, 17),
(52, 12),
(52, 11),
(52, 15),
(53, 4),
(53, 17),
(53, 1),
(53, 11),
(53, 10),
(54, 9),
(54, 2),
(55, 7),
(55, 15),
(55, 8),
(55, 6),
(55, 14),
(55, 3),
(55, 10),
(57, 9),
(57, 16),
(57, 1),
(57, 15),
(57, 6),
(57, 14),
(57, 8),
(57, 10),
(58, 3),
(58, 13),
(58, 14),
(59, 4),
(59, 5),
(59, 9),
(59, 13),
(59, 17),
(59, 2),
(60, 14),
(60, 12),
(60, 9),
(61, 14),
(61, 6),
(61, 10),
(61, 20),
(62, 12),
(62, 2),
(62, 1),
(63, 15),
(63, 10),
(64, 1),
(64, 20),
(64, 13),
(64, 6),
(64, 2),
(64, 7),
(64, 19),
(64, 14),
(65, 2),
(65, 18),
(65, 3),
(65, 13),
(65, 16),
(65, 15),
(65, 12),
(66, 19),
(66, 5),
(66, 17),
(66, 7),
(66, 3),
(66, 20),
(66, 6),
(66, 8),
(67, 16),
(67, 2),
(67, 12),
(67, 17),
(68, 14),
(68, 15),
(68, 11),
(68, 20),
(68, 6),
(70, 19),
(70, 3),
(70, 1),
(70, 4),
(70, 11),
(70, 7),
(70, 2),
(71, 19),
(71, 17),
(73, 14),
(73, 5),
(73, 11),
(73, 18),
(73, 4),
(74, 4),
(74, 16),
(74, 9),
(74, 3),
(75, 15),
(75, 14),
(75, 9),
(75, 10),
(75, 19),
(75, 17),
(76, 11),
(76, 2),
(76, 18),
(76, 12),
(76, 10),
(76, 16),
(76, 9),
(76, 14),
(77, 5),
(77, 11),
(77, 3),
(77, 10),
(77, 19),
(78, 3),
(78, 19),
(78, 9),
(79, 12),
(79, 19),
(79, 15),
(80, 1),
(80, 7),
(80, 5),
(80, 20),
(80, 13),
(80, 10),
(80, 16),
(80, 17),
(81, 17),
(81, 18),
(81, 3),
(81, 16),
(81, 13),
(81, 10),
(81, 14),
(81, 20),
(82, 9),
(82, 12),
(82, 7),
(82, 10),
(82, 3),
(83, 13),
(83, 15),
(85, 14),
(85, 8),
(85, 16),
(85, 5),
(85, 1),
(85, 18),
(85, 15),
(85, 9),
(86, 4),
(86, 9),
(86, 19),
(86, 13),
(88, 2),
(88, 15),
(89, 4),
(89, 1),
(89, 19),
(89, 9),
(89, 8),
(89, 2),
(89, 16),
(89, 13),
(90, 5),
(90, 10),
(90, 2),
(90, 3),
(90, 6),
(91, 18),
(91, 20),
(91, 11),
(91, 7),
(92, 3),
(92, 15),
(92, 11),
(92, 6),
(92, 20),
(92, 2),
(92, 5),
(93, 11),
(93, 2),
(93, 5),
(93, 12),
(93, 19),
(94, 3),
(94, 4),
(94, 1),
(94, 11),
(94, 9),
(94, 13),
(94, 18),
(95, 3),
(95, 10),
(95, 8),
(95, 11),
(95, 9),
(95, 19),
(95, 5),
(96, 4),
(96, 8),
(96, 19),
(97, 12),
(97, 4),
(97, 18),
(97, 9),
(98, 4),
(98, 8),
(99, 18),
(99, 12),
(99, 11),
(99, 1),
(99, 5),
(99, 6),
(100, 17),
(100, 13),
(100, 10),
(100, 12),
(101, 13),
(101, 20),
(101, 16),
(101, 7),
(101, 2),
(101, 6),
(102, 15),
(102, 5),
(102, 13),
(103, 1),
(103, 11),
(103, 18),
(103, 16),
(103, 14),
(103, 9),
(103, 13),
(104, 18),
(105, 19),
(105, 10),
(105, 11),
(106, 20),
(106, 6),
(106, 4),
(106, 16),
(106, 15),
(106, 18),
(106, 13),
(106, 14),
(107, 4),
(109, 18),
(109, 6),
(109, 15),
(109, 20),
(109, 2),
(109, 8),
(109, 5),
(110, 9),
(110, 3),
(110, 10),
(111, 20),
(111, 12),
(111, 2),
(111, 15),
(111, 10),
(111, 9),
(112, 13),
(113, 8),
(113, 11),
(113, 4),
(113, 10),
(113, 15),
(113, 9),
(114, 15),
(114, 11),
(114, 1),
(114, 2),
(114, 9),
(114, 20),
(114, 16),
(115, 15),
(115, 12),
(115, 14),
(117, 13),
(117, 9),
(117, 12),
(118, 8),
(118, 18),
(118, 6),
(118, 11),
(120, 4),
(120, 10),
(120, 17),
(120, 13),
(120, 11),
(120, 7),
(121, 13),
(122, 9),
(122, 17),
(122, 11),
(122, 3),
(123, 14),
(123, 1),
(123, 4),
(123, 11),
(123, 6),
(123, 3),
(123, 7),
(124, 19),
(126, 4),
(126, 3),
(126, 9),
(126, 8),
(126, 5),
(126, 18),
(127, 16),
(128, 19),
(128, 6),
(128, 3),
(128, 14),
(128, 12),
(128, 20),
(129, 13),
(130, 15),
(130, 6),
(130, 17),
(130, 18),
(130, 5),
(130, 11),
(130, 9),
(130, 16),
(131, 13),
(131, 2),
(131, 20),
(131, 15),
(131, 1),
(131, 18),
(132, 8),
(132, 15),
(132, 13),
(132, 7),
(132, 5),
(133, 10),
(134, 8),
(134, 7),
(134, 18),
(135, 11),
(135, 1),
(135, 5),
(135, 19),
(135, 4),
(136, 8),
(137, 7),
(137, 12),
(137, 9),
(138, 10),
(138, 8);
INSERT INTO PUBLIC.LAWS_SUPPORTERS(LAW_MODEL_ID, SUPPORTERS_ID) VALUES
(138, 16),
(139, 10),
(140, 12),
(141, 11),
(142, 13),
(142, 20),
(142, 17),
(142, 3),
(142, 2),
(143, 18),
(143, 1),
(143, 13),
(143, 7),
(143, 10),
(143, 9),
(143, 4),
(143, 14),
(143, 17),
(143, 19),
(144, 20),
(144, 10),
(144, 4),
(144, 11),
(144, 15),
(144, 7),
(144, 6),
(144, 19),
(144, 17),
(144, 1),
(145, 10),
(145, 2),
(145, 16),
(145, 3),
(145, 13),
(145, 7),
(145, 20),
(145, 9),
(145, 17),
(145, 12),
(146, 14),
(146, 7),
(146, 3),
(146, 9),
(146, 8),
(146, 10),
(146, 6),
(146, 13),
(146, 2),
(146, 20),
(147, 10),
(147, 9),
(147, 20),
(147, 14),
(147, 5),
(147, 2),
(147, 4),
(147, 1),
(147, 16),
(147, 15),
(148, 14),
(148, 19),
(148, 16),
(148, 9),
(148, 12),
(148, 20),
(148, 1),
(148, 13),
(148, 2),
(148, 18),
(149, 1),
(149, 19),
(149, 20),
(149, 10),
(149, 9),
(149, 3),
(149, 2),
(149, 6),
(149, 8),
(149, 18),
(150, 13),
(150, 14),
(150, 18),
(150, 15),
(150, 4),
(150, 16),
(150, 1),
(150, 6),
(150, 7),
(150, 12),
(151, 10),
(151, 11),
(151, 18),
(151, 8),
(151, 12),
(151, 16),
(151, 20),
(151, 9),
(151, 19),
(151, 1),
(152, 11),
(152, 12),
(152, 14),
(152, 17),
(152, 16),
(152, 19),
(152, 10),
(152, 9),
(152, 3),
(152, 5),
(153, 8),
(153, 7),
(153, 14),
(153, 6),
(153, 10),
(153, 17),
(153, 5),
(153, 13),
(153, 20),
(153, 16),
(154, 19),
(154, 1),
(154, 12),
(154, 17),
(154, 5),
(154, 2),
(154, 11),
(154, 20),
(154, 4),
(154, 9),
(155, 14),
(155, 15),
(155, 6),
(155, 17),
(155, 11),
(155, 18),
(155, 2),
(155, 20),
(155, 9),
(155, 7),
(156, 5),
(156, 10),
(156, 16),
(156, 15),
(156, 7),
(156, 9),
(156, 17),
(156, 19),
(156, 2),
(156, 14),
(157, 2),
(157, 7),
(157, 8),
(157, 16),
(157, 17),
(157, 13),
(157, 5),
(157, 9),
(157, 3),
(157, 10),
(158, 9),
(158, 3),
(158, 2),
(158, 4),
(158, 13),
(158, 18),
(158, 19),
(158, 6),
(158, 8),
(158, 1),
(159, 18),
(159, 12),
(159, 10),
(159, 15),
(159, 1),
(159, 6),
(159, 4),
(159, 7),
(159, 19),
(159, 13),
(160, 4),
(160, 10),
(160, 16),
(160, 5),
(160, 12),
(160, 9),
(160, 7),
(160, 18),
(160, 17),
(160, 3),
(161, 2),
(161, 18),
(161, 14),
(161, 9),
(161, 4),
(161, 16),
(161, 19),
(161, 17),
(161, 6),
(161, 7),
(162, 3),
(162, 19),
(162, 15),
(162, 7),
(162, 6),
(162, 17),
(162, 14),
(162, 4),
(162, 12),
(162, 18),
(163, 9),
(163, 10),
(163, 14),
(163, 18),
(163, 4),
(163, 13),
(163, 16),
(163, 5),
(163, 17),
(163, 8),
(164, 12),
(164, 18),
(164, 17),
(164, 14),
(164, 20),
(164, 4),
(164, 10),
(164, 5),
(164, 13),
(164, 11),
(165, 12),
(165, 5),
(165, 20),
(165, 13),
(165, 1),
(165, 19),
(165, 7),
(165, 15),
(165, 10),
(165, 6),
(166, 1),
(166, 17),
(166, 4),
(166, 13),
(166, 2),
(166, 8),
(166, 10),
(166, 6),
(166, 14),
(166, 5),
(167, 4),
(167, 18),
(167, 2),
(167, 11),
(167, 16),
(167, 19),
(167, 14),
(167, 17),
(167, 15),
(167, 7),
(168, 3),
(168, 17),
(168, 6),
(168, 8),
(168, 4),
(168, 18),
(168, 10),
(168, 11),
(168, 20),
(168, 1),
(169, 18),
(169, 3),
(169, 8),
(169, 17),
(169, 20),
(169, 16),
(169, 5),
(169, 15),
(169, 14),
(169, 7),
(170, 16),
(170, 17),
(170, 5),
(170, 1),
(170, 9),
(170, 10),
(170, 15),
(170, 2),
(170, 19),
(170, 4),
(171, 2),
(171, 14),
(171, 6),
(171, 1),
(171, 7),
(171, 17),
(171, 10),
(171, 9),
(171, 16),
(171, 15),
(172, 6),
(172, 17),
(172, 16),
(172, 19),
(172, 1),
(172, 10),
(172, 15),
(172, 12),
(172, 8),
(172, 20),
(173, 14),
(173, 1),
(173, 19),
(173, 16),
(173, 4),
(173, 5),
(173, 6),
(173, 3),
(173, 17),
(173, 12),
(174, 18),
(174, 8),
(174, 12),
(174, 17),
(174, 13),
(174, 6),
(174, 15),
(174, 5),
(174, 9),
(174, 19),
(175, 9),
(175, 6),
(175, 1),
(175, 3),
(175, 12),
(175, 4),
(175, 20),
(175, 8),
(175, 14),
(175, 7),
(176, 6),
(176, 4),
(176, 11),
(176, 7),
(176, 10),
(176, 8),
(176, 12),
(176, 13),
(176, 9),
(176, 17),
(177, 7),
(177, 19),
(177, 16),
(177, 14),
(177, 4),
(177, 13),
(177, 1),
(177, 9),
(177, 11),
(177, 17),
(178, 1),
(178, 13),
(178, 6),
(178, 7),
(178, 8),
(178, 3),
(178, 16),
(178, 9),
(178, 20),
(178, 12),
(179, 4),
(179, 5),
(179, 8),
(179, 9),
(179, 20),
(179, 12),
(179, 3),
(179, 1),
(179, 2),
(179, 19),
(180, 2),
(180, 9),
(180, 4);
INSERT INTO PUBLIC.LAWS_SUPPORTERS(LAW_MODEL_ID, SUPPORTERS_ID) VALUES
(180, 12),
(180, 6),
(180, 8),
(180, 14),
(180, 18),
(180, 1),
(180, 17),
(181, 11),
(181, 16),
(181, 15),
(181, 2),
(181, 3),
(181, 1),
(181, 14),
(181, 17),
(181, 18),
(181, 6),
(182, 12),
(182, 15),
(182, 9),
(182, 11),
(182, 19),
(182, 7),
(182, 3),
(182, 2),
(182, 4),
(182, 5),
(183, 17),
(183, 15),
(183, 5),
(183, 16),
(183, 13),
(183, 12),
(183, 11),
(183, 4),
(183, 18),
(183, 14),
(184, 19),
(184, 8),
(184, 18),
(184, 15),
(184, 20),
(184, 9),
(184, 16),
(184, 13),
(184, 3),
(184, 17),
(185, 20),
(185, 1),
(185, 11),
(185, 13),
(185, 8),
(185, 10),
(185, 16),
(185, 7),
(185, 15),
(185, 18),
(186, 6),
(186, 12),
(186, 15),
(186, 11),
(186, 16),
(186, 20),
(186, 19),
(186, 14),
(186, 18),
(186, 10),
(187, 19),
(187, 17),
(187, 10),
(187, 8),
(187, 9),
(187, 6),
(187, 20),
(187, 13),
(187, 18),
(187, 4),
(188, 12),
(188, 13),
(188, 18),
(188, 5),
(188, 11),
(188, 15),
(188, 14),
(188, 17),
(188, 8),
(188, 16),
(189, 16),
(189, 15),
(189, 4),
(189, 2),
(189, 1),
(189, 17),
(189, 5),
(189, 19),
(189, 9),
(189, 13),
(190, 12),
(190, 6),
(190, 8),
(190, 9),
(190, 16),
(190, 5),
(190, 13),
(190, 17),
(190, 10),
(190, 15),
(191, 10),
(191, 7),
(191, 11),
(191, 8),
(191, 19),
(191, 3),
(191, 9),
(191, 1),
(191, 16),
(191, 13),
(192, 2),
(192, 8),
(192, 11),
(192, 9),
(192, 17),
(192, 10),
(192, 19),
(192, 14),
(192, 15),
(192, 20),
(193, 6),
(193, 17),
(193, 8),
(193, 14),
(193, 16),
(193, 18),
(193, 7),
(193, 11),
(193, 4),
(193, 19),
(202, 9),
(202, 6),
(202, 7),
(202, 8),
(202, 2),
(202, 5),
(202, 14),
(202, 4),
(202, 17),
(202, 3),
(209, 3),
(209, 16),
(209, 13),
(209, 15),
(209, 5),
(209, 17),
(209, 20),
(209, 2),
(209, 10),
(209, 9),
(214, 7),
(214, 10),
(214, 15),
(214, 9),
(214, 12),
(214, 20),
(214, 3),
(214, 8),
(214, 14),
(214, 6),
(221, 14),
(221, 2),
(221, 7),
(221, 12),
(221, 16),
(221, 20),
(221, 10),
(221, 3),
(221, 8),
(221, 19),
(235, 17),
(235, 20),
(235, 12),
(235, 9),
(235, 4),
(235, 15),
(235, 2),
(235, 1),
(235, 16),
(235, 8),
(243, 6),
(243, 2),
(243, 19),
(243, 4),
(243, 7),
(243, 12),
(243, 9),
(243, 3),
(243, 13),
(243, 11),
(252, 1),
(252, 12),
(252, 14),
(252, 16),
(252, 13),
(252, 9),
(252, 5),
(252, 4),
(252, 6),
(252, 11),
(258, 6),
(258, 15),
(258, 12),
(258, 1),
(258, 13),
(258, 20),
(258, 14),
(258, 2),
(258, 5),
(258, 11),
(264, 17),
(264, 13),
(264, 10),
(264, 4),
(264, 18),
(264, 3),
(264, 1),
(264, 11),
(264, 19),
(264, 9),
(269, 3),
(269, 6),
(269, 4),
(269, 9),
(269, 17),
(269, 11),
(269, 19),
(269, 16),
(269, 8),
(269, 12),
(278, 20),
(278, 6),
(278, 7),
(278, 13),
(278, 12),
(278, 5),
(278, 14),
(278, 11),
(278, 2),
(278, 19),
(283, 13),
(283, 3),
(283, 4),
(283, 1),
(283, 17),
(283, 16),
(283, 8),
(283, 20),
(283, 18),
(283, 2),
(291, 11),
(291, 15),
(291, 4),
(291, 13),
(291, 14),
(291, 17),
(291, 19),
(291, 1),
(291, 7),
(291, 5),
(297, 13),
(297, 4),
(297, 10),
(297, 8),
(297, 18),
(297, 20),
(297, 6),
(297, 14),
(297, 7),
(297, 16),
(307, 6),
(307, 14),
(307, 18),
(307, 9),
(307, 4),
(307, 19),
(307, 3),
(307, 2),
(307, 17),
(307, 16),
(315, 14),
(315, 4),
(315, 20),
(315, 7),
(315, 2),
(315, 8),
(315, 11),
(315, 12),
(315, 16),
(315, 5),
(322, 9),
(322, 11),
(322, 6),
(322, 8),
(322, 14),
(322, 18),
(322, 1),
(322, 4),
(322, 13),
(322, 20),
(328, 7),
(328, 11),
(328, 4),
(328, 5),
(328, 15),
(328, 6),
(328, 13),
(328, 19),
(328, 1),
(328, 20),
(335, 18),
(335, 4),
(335, 2),
(335, 8),
(335, 12),
(335, 17),
(335, 1),
(335, 10),
(335, 9),
(335, 11),
(359, 18),
(359, 4),
(359, 20),
(359, 5),
(359, 12),
(359, 8),
(359, 6),
(359, 2),
(359, 1),
(359, 14),
(367, 1),
(367, 7),
(367, 11),
(367, 14),
(367, 12),
(367, 6),
(367, 2),
(367, 4),
(367, 9),
(367, 8),
(371, 5),
(371, 19),
(371, 13),
(371, 11),
(371, 2),
(371, 1),
(371, 16),
(371, 4),
(371, 8),
(371, 17),
(378, 20),
(378, 14),
(378, 13),
(378, 12),
(378, 6),
(378, 17),
(378, 4),
(378, 11),
(378, 2),
(378, 7),
(385, 17),
(385, 4),
(385, 8),
(385, 16),
(385, 15),
(385, 1),
(385, 11),
(385, 12),
(385, 20),
(385, 6),
(405, 9),
(405, 16),
(405, 12),
(405, 19),
(405, 15);
INSERT INTO PUBLIC.LAWS_SUPPORTERS(LAW_MODEL_ID, SUPPORTERS_ID) VALUES
(405, 3),
(405, 13),
(405, 4),
(405, 2),
(405, 11),
(405, 17),
(405, 18),
(405, 7),
(405, 5),
(405, 6),
(405, 20),
(405, 8),
(406, 6),
(406, 5),
(406, 4),
(406, 19),
(406, 15),
(406, 9),
(406, 8),
(406, 17),
(406, 10),
(406, 7),
(406, 12),
(406, 20),
(406, 13),
(406, 2),
(406, 16),
(406, 14),
(406, 18);
CREATE MEMORY TABLE PUBLIC.ONE_TIME_TOKEN(
ID BIGINT NOT NULL,
CREATED_AT TIMESTAMP NOT NULL,
UPDATED_AT TIMESTAMP NOT NULL,
TOKEN VARCHAR(255) NOT NULL,
TOKEN_TYPE INTEGER NOT NULL,
VALID_UNTIL TIMESTAMP NOT NULL,
USER_ID BIGINT NOT NULL
);
ALTER TABLE PUBLIC.ONE_TIME_TOKEN ADD CONSTRAINT PUBLIC.CONSTRAINT_4 PRIMARY KEY(ID);
-- 0 +/- SELECT COUNT(*) FROM PUBLIC.ONE_TIME_TOKEN;
CREATE MEMORY TABLE PUBLIC.POLLS(
ID BIGINT NOT NULL,
CREATED_AT TIMESTAMP NOT NULL,
UPDATED_AT TIMESTAMP NOT NULL,
DUEL_MATRIX VARCHAR(255),
STATUS INTEGER,
TITLE VARCHAR(255),
VOTING_END_AT TIMESTAMP,
VOTING_START_AT TIMESTAMP,
WINNER_ID BIGINT
);
ALTER TABLE PUBLIC.POLLS ADD CONSTRAINT PUBLIC.CONSTRAINT_48 PRIMARY KEY(ID);
-- 4 +/- SELECT COUNT(*) FROM PUBLIC.POLLS;
INSERT INTO PUBLIC.POLLS(ID, CREATED_AT, UPDATED_AT, DUEL_MATRIX, STATUS, TITLE, VOTING_END_AT, VOTING_START_AT, WINNER_ID) VALUES
(242, TIMESTAMP '2019-08-03 21:42:41.967', TIMESTAMP '2019-08-03 21:42:41.967', '', 0, 'Poll from TestDataCreator 1713', TIMESTAMP '2019-09-07 00:00:00', TIMESTAMP '2019-08-24 00:00:00', NULL),
(277, TIMESTAMP '2019-07-26 21:42:42.227', TIMESTAMP '2019-08-10 21:42:42.276', '', 1, 'Poll in voting phase 2266', TIMESTAMP '2019-08-23 00:00:00', TIMESTAMP '2019-08-09 21:42:42.266', NULL),
(314, TIMESTAMP '2019-07-26 21:42:42.524', TIMESTAMP '2019-08-10 21:42:47.988', '[]', 1, 'Poll in voting phase 2539', TIMESTAMP '2019-08-23 00:00:00', TIMESTAMP '2019-08-09 21:42:42.539', NULL),
(366, TIMESTAMP '2019-07-08 21:42:48.149', TIMESTAMP '2019-08-10 21:42:51.693', '[[0,8,9,10,6],[7,0,6,6,5],[7,9,0,5,5],[6,10,9,0,3],[10,10,10,11,0]]', 2, 'Finished Poll 8134', TIMESTAMP '2019-08-10 21:42:51.662', TIMESTAMP '2019-07-22 21:42:48.134', 359);
CREATE MEMORY TABLE PUBLIC.USERS(
ID BIGINT NOT NULL,
CREATED_AT TIMESTAMP NOT NULL,
UPDATED_AT TIMESTAMP NOT NULL,
EMAIL VARCHAR(255) NOT NULL,
LAST_LOGIN TIMESTAMP,
MOBILEPHONE VARCHAR(255),
NAME VARCHAR(255),
PICTURE VARCHAR(255),
WEBSITE VARCHAR(255)
);
ALTER TABLE PUBLIC.USERS ADD CONSTRAINT PUBLIC.CONSTRAINT_4D PRIMARY KEY(ID);
-- 20 +/- SELECT COUNT(*) FROM PUBLIC.USERS;
INSERT INTO PUBLIC.USERS(ID, CREATED_AT, UPDATED_AT, EMAIL, LAST_LOGIN, MOBILEPHONE, NAME, PICTURE, WEBSITE) VALUES
(1, TIMESTAMP '2019-08-10 21:42:33.179', TIMESTAMP '2019-08-10 21:42:33.179', 'testuser1@liquido.de', NULL, '+49123451', 'Donald Duck', '/static/img/photos/1.png', 'http://www.liquido.de'),
(2, TIMESTAMP '2019-08-10 21:42:33.231', TIMESTAMP '2019-08-10 21:42:33.231', 'testuser2@liquido.de', NULL, '+49123452', 'Test User2', '/static/img/photos/2.png', 'http://www.liquido.de'),
(3, TIMESTAMP '2019-08-10 21:42:33.234', TIMESTAMP '2019-08-10 21:42:33.234', 'testuser3@liquido.de', NULL, '+49123453', 'Test User3', '/static/img/photos/3.png', 'http://www.liquido.de'),
(4, TIMESTAMP '2019-08-10 21:42:33.238', TIMESTAMP '2019-08-10 21:42:33.238', 'testuser4@liquido.de', NULL, '+49123454', 'Test User4', '/static/img/photos/1.png', 'http://www.liquido.de'),
(5, TIMESTAMP '2019-08-10 21:42:33.242', TIMESTAMP '2019-08-10 21:42:33.242', 'testuser5@liquido.de', NULL, '+49123455', 'Test User5', '/static/img/photos/2.png', 'http://www.liquido.de'),
(6, TIMESTAMP '2019-08-10 21:42:33.245', TIMESTAMP '2019-08-10 21:42:33.245', 'testuser6@liquido.de', NULL, '+49123456', 'Test User6', '/static/img/photos/3.png', 'http://www.liquido.de'),
(7, TIMESTAMP '2019-08-10 21:42:33.248', TIMESTAMP '2019-08-10 21:42:33.248', 'testuser7@liquido.de', NULL, '+49123457', 'Test User7', '/static/img/photos/1.png', 'http://www.liquido.de'),
(8, TIMESTAMP '2019-08-10 21:42:33.252', TIMESTAMP '2019-08-10 21:42:33.252', 'testuser8@liquido.de', NULL, '+49123458', 'Test User8', '/static/img/photos/2.png', 'http://www.liquido.de'),
(9, TIMESTAMP '2019-08-10 21:42:33.255', TIMESTAMP '2019-08-10 21:42:33.255', 'testuser9@liquido.de', NULL, '+49123459', 'Test User9', '/static/img/photos/3.png', 'http://www.liquido.de'),
(10, TIMESTAMP '2019-08-10 21:42:33.258', TIMESTAMP '2019-08-10 21:42:33.258', 'testuser10@liquido.de', NULL, '+491234510', 'Test User10', '/static/img/photos/1.png', 'http://www.liquido.de'),
(11, TIMESTAMP '2019-08-10 21:42:33.26', TIMESTAMP '2019-08-10 21:42:33.26', 'testuser11@liquido.de', NULL, '+491234511', 'Test User11', '/static/img/photos/2.png', 'http://www.liquido.de'),
(12, TIMESTAMP '2019-08-10 21:42:33.264', TIMESTAMP '2019-08-10 21:42:33.264', 'testuser12@liquido.de', NULL, '+491234512', 'Test User12', '/static/img/photos/3.png', 'http://www.liquido.de'),
(13, TIMESTAMP '2019-08-10 21:42:33.266', TIMESTAMP '2019-08-10 21:42:33.266', 'testuser13@liquido.de', NULL, '+491234513', 'Test User13', '/static/img/photos/1.png', 'http://www.liquido.de'),
(14, TIMESTAMP '2019-08-10 21:42:33.269', TIMESTAMP '2019-08-10 21:42:33.269', 'testuser14@liquido.de', NULL, '+491234514', 'Test User14', '/static/img/photos/2.png', 'http://www.liquido.de'),
(15, TIMESTAMP '2019-08-10 21:42:33.272', TIMESTAMP '2019-08-10 21:42:33.272', 'testuser15@liquido.de', NULL, '+491234515', 'Test User15', '/static/img/photos/3.png', 'http://www.liquido.de'),
(16, TIMESTAMP '2019-08-10 21:42:33.276', TIMESTAMP '2019-08-10 21:42:33.276', 'testuser16@liquido.de', NULL, '+491234516', 'Test User16', '/static/img/photos/1.png', 'http://www.liquido.de'),
(17, TIMESTAMP '2019-08-10 21:42:33.281', TIMESTAMP '2019-08-10 21:42:33.281', 'testuser17@liquido.de', NULL, '+491234517', 'Test User17', '/static/img/photos/2.png', 'http://www.liquido.de'),
(18, TIMESTAMP '2019-08-10 21:42:33.284', TIMESTAMP '2019-08-10 21:42:33.284', 'testuser18@liquido.de', NULL, '+491234518', 'Test User18', '/static/img/photos/3.png', 'http://www.liquido.de'),
(19, TIMESTAMP '2019-08-10 21:42:33.287', TIMESTAMP '2019-08-10 21:42:33.287', 'testuser19@liquido.de', NULL, '+491234519', 'Test User19', '/static/img/photos/1.png', 'http://www.liquido.de'),
(20, TIMESTAMP '2019-08-10 21:42:33.289', TIMESTAMP '2019-08-10 21:42:33.289', 'testuser20@liquido.de', NULL, '+491234520', 'Test User20', '/static/img/photos/2.png', 'http://www.liquido.de');
-- 0 +/- SELECT COUNT(*) FROM PUBLIC.QRTZ_CALENDARS;
-- 0 +/- SELECT COUNT(*) FROM PUBLIC.QRTZ_CRON_TRIGGERS;
-- 0 +/- SELECT COUNT(*) FROM PUBLIC.QRTZ_FIRED_TRIGGERS;
-- 0 +/- SELECT COUNT(*) FROM PUBLIC.QRTZ_PAUSED_TRIGGER_GRPS;
-- 0 +/- SELECT COUNT(*) FROM PUBLIC.QRTZ_SCHEDULER_STATE;
-- 0 +/- SELECT COUNT(*) FROM PUBLIC.QRTZ_LOCKS;
-- 0 +/- SELECT COUNT(*) FROM PUBLIC.QRTZ_JOB_DETAILS;
-- 0 +/- SELECT COUNT(*) FROM PUBLIC.QRTZ_SIMPLE_TRIGGERS;
-- 0 +/- SELECT COUNT(*) FROM PUBLIC.QRTZ_SIMPROP_TRIGGERS;
-- 0 +/- SELECT COUNT(*) FROM PUBLIC.QRTZ_BLOB_TRIGGERS;
-- 0 +/- SELECT COUNT(*) FROM PUBLIC.QRTZ_TRIGGERS;
ALTER TABLE PUBLIC.AREAS ADD CONSTRAINT PUBLIC.UK_P61HNJ1M450KNDUSCXOLDCHFJ UNIQUE(TITLE);
ALTER TABLE PUBLIC.KEY_VALUE ADD CONSTRAINT PUBLIC.UK_8TE0DHIEXEOWA1RGVA302TO1L UNIQUE(KEY_COL);
ALTER TABLE PUBLIC.USERS ADD CONSTRAINT PUBLIC.UK_6DOTKOTT2KJSP8VW4D0M25FB7 UNIQUE(EMAIL);
ALTER TABLE PUBLIC.LAWS ADD CONSTRAINT PUBLIC.UK_BS516OPV3HONTPTWVPIOOS72B UNIQUE(TITLE);
ALTER TABLE PUBLIC.DELEGATIONS ADD CONSTRAINT PUBLIC.UK2WYH7POIF8NPDWLUR8DFORD0J UNIQUE(AREA_ID, FROM_USER_ID);
ALTER TABLE PUBLIC.LAWS_COMMENTS ADD CONSTRAINT PUBLIC.UK_OF3YV6X3MAHJPHJBJE5XHRXC8 UNIQUE(COMMENTS_ID);
ALTER TABLE PUBLIC.BALLOTS ADD CONSTRAINT PUBLIC.UKHWWEPK8N3CE54LEREWX2FMYXF UNIQUE(POLL_ID, CHECKSUM);
ALTER TABLE PUBLIC.USERS ADD CONSTRAINT PUBLIC.UK_70QE9WOFM8UJ2PEANWKPHERRM UNIQUE(MOBILEPHONE);
ALTER TABLE PUBLIC.CHECKSUMS ADD CONSTRAINT PUBLIC.UKL0XNKLNHLK4PTWSU9B0QXTYBN UNIQUE(AREA_ID, PUBLIC_PROXY_ID);
ALTER TABLE PUBLIC.AREAS ADD CONSTRAINT PUBLIC.FKP9N0U4HM2Q1O7V0068C8GD4EL FOREIGN KEY(CREATED_BY_ID) REFERENCES PUBLIC.USERS(ID) NOCHECK;
ALTER TABLE PUBLIC.DELEGATIONS ADD CONSTRAINT PUBLIC.FK1Y1R0D478R9NTDMUIYKKUHADV FOREIGN KEY(REQUESTED_DELEGATION_FROM_CHECKSUM_CHECKSUM) REFERENCES PUBLIC.CHECKSUMS(CHECKSUM) NOCHECK;
ALTER TABLE PUBLIC.DELEGATIONS ADD CONSTRAINT PUBLIC.FKSWBDEOVC7HSQ5EX30PBMDU9D4 FOREIGN KEY(AREA_ID) REFERENCES PUBLIC.AREAS(ID) NOCHECK;
ALTER TABLE PUBLIC.LAWS ADD CONSTRAINT PUBLIC.FK4QUHD81MM84X6RQ0CCBXSEYXX FOREIGN KEY(POLL_ID) REFERENCES PUBLIC.POLLS(ID) NOCHECK;
ALTER TABLE PUBLIC.LAWS_SUPPORTERS ADD CONSTRAINT PUBLIC.FK9B4I87YIKUCHRIRFJAYMGOHE3 FOREIGN KEY(LAW_MODEL_ID) REFERENCES PUBLIC.LAWS(ID) NOCHECK;
ALTER TABLE PUBLIC.BALLOTS ADD CONSTRAINT PUBLIC.FKOG7SHPLJ1CCOH8N9AO4Y16LQ3 FOREIGN KEY(POLL_ID) REFERENCES PUBLIC.POLLS(ID) NOCHECK;
ALTER TABLE PUBLIC.COMMENTS_DOWN_VOTERS ADD CONSTRAINT PUBLIC.FK62ILAC17TG4CPKRHEONUD72HV FOREIGN KEY(DOWN_VOTERS_ID) REFERENCES PUBLIC.USERS(ID) NOCHECK;
ALTER TABLE PUBLIC.CHECKSUMS ADD CONSTRAINT PUBLIC.FKDFLPSE9FSOGY1FMFDY2W79RG FOREIGN KEY(DELEGATED_TO_CHECKSUM) REFERENCES PUBLIC.CHECKSUMS(CHECKSUM) NOCHECK;
ALTER TABLE PUBLIC.BALLOTS_VOTE_ORDER ADD CONSTRAINT PUBLIC.FKIH6THEWVJEH3OW9DL1YTJ9AWB FOREIGN KEY(BALLOT_MODEL_ID) REFERENCES PUBLIC.BALLOTS(ID) NOCHECK;
ALTER TABLE PUBLIC.COMMENTS ADD CONSTRAINT PUBLIC.FK7PUWBWE4YL8B2O32R798UW8Q7 FOREIGN KEY(PROPOSAL_ID) REFERENCES PUBLIC.LAWS(ID) NOCHECK;
ALTER TABLE PUBLIC.CHECKSUMS ADD CONSTRAINT PUBLIC.FK68FTLVL0MWTVOQD3BFUPP0XRG FOREIGN KEY(PUBLIC_PROXY_ID) REFERENCES PUBLIC.USERS(ID) NOCHECK;
ALTER TABLE PUBLIC.LAWS ADD CONSTRAINT PUBLIC.FKTR1PLL46Q50SHWBFFYIYUAVGN FOREIGN KEY(CREATED_BY_ID) REFERENCES PUBLIC.USERS(ID) NOCHECK;
ALTER TABLE PUBLIC.ONE_TIME_TOKEN ADD CONSTRAINT PUBLIC.FK4O21XT1RMRICB3EA4TO5NKR8D FOREIGN KEY(USER_ID) REFERENCES PUBLIC.USERS(ID) NOCHECK;
ALTER TABLE PUBLIC.BALLOTS_VOTE_ORDER ADD CONSTRAINT PUBLIC.FKOWD5MAD84QVWGST43698A6GX5 FOREIGN KEY(VOTE_ORDER_ID) REFERENCES PUBLIC.LAWS(ID) NOCHECK;
ALTER TABLE PUBLIC.COMMENTS ADD CONSTRAINT PUBLIC.FKAKKM6QFYDU7VGNFNE1YO0XMED FOREIGN KEY(CREATED_BY_ID) REFERENCES PUBLIC.USERS(ID) NOCHECK;
ALTER TABLE PUBLIC.DELEGATIONS ADD CONSTRAINT PUBLIC.FK21A6LG8FU2JS6E0JU41WJ2GQP FOREIGN KEY(TO_PROXY_ID) REFERENCES PUBLIC.USERS(ID) NOCHECK;
ALTER TABLE PUBLIC.LAWS_COMMENTS ADD CONSTRAINT PUBLIC.FK36FBKIUITRV0YRVY8S0IG46IX FOREIGN KEY(LAW_MODEL_ID) REFERENCES PUBLIC.LAWS(ID) NOCHECK;
ALTER TABLE PUBLIC.POLLS ADD CONSTRAINT PUBLIC.FKQADOVSMQ4UOK58SP9HKHWJQIS FOREIGN KEY(WINNER_ID) REFERENCES PUBLIC.LAWS(ID) NOCHECK;
ALTER TABLE PUBLIC.DELEGATIONS ADD CONSTRAINT PUBLIC.FK9KOYA2MI6T18VF7U1FROBKNIQ FOREIGN KEY(FROM_USER_ID) REFERENCES PUBLIC.USERS(ID) NOCHECK;
ALTER TABLE PUBLIC.BALLOTS ADD CONSTRAINT PUBLIC.FK1RRV2WY16UQONFL9CR1CQG2XD FOREIGN KEY(CHECKSUM) REFERENCES PUBLIC.CHECKSUMS(CHECKSUM) NOCHECK;
ALTER TABLE PUBLIC.LAWS ADD CONSTRAINT PUBLIC.FK9VIQDJ5LDUN0AHWQDFF1WUY39 FOREIGN KEY(AREA_ID) REFERENCES PUBLIC.AREAS(ID) NOCHECK;
ALTER TABLE PUBLIC.LAWS_COMMENTS ADD CONSTRAINT PUBLIC.FKFL0Y4QFVFPF9YNMMFJ0JEVXFF FOREIGN KEY(COMMENTS_ID) REFERENCES PUBLIC.COMMENTS(ID) NOCHECK;
ALTER TABLE PUBLIC.COMMENTS_UP_VOTERS ADD CONSTRAINT PUBLIC.FKEUURM027PDC4L5A9G9O2L0UYD FOREIGN KEY(UP_VOTERS_ID) REFERENCES PUBLIC.USERS(ID) NOCHECK;
ALTER TABLE PUBLIC.COMMENTS ADD CONSTRAINT PUBLIC.FKLRI30OKF66PHTCGBE5POK7CC0 FOREIGN KEY(PARENT_ID) REFERENCES PUBLIC.COMMENTS(ID) NOCHECK;
ALTER TABLE PUBLIC.COMMENTS_UP_VOTERS ADD CONSTRAINT PUBLIC.FK8LS8T571Y99VTTW1MDKEBXAGP FOREIGN KEY(COMMENT_MODEL_ID) REFERENCES PUBLIC.COMMENTS(ID) NOCHECK;
ALTER TABLE PUBLIC.LAWS_SUPPORTERS ADD CONSTRAINT PUBLIC.FKK8MVJC4RQ970OJAVYFIA9BQVE FOREIGN KEY(SUPPORTERS_ID) REFERENCES PUBLIC.USERS(ID) NOCHECK;
ALTER TABLE PUBLIC.COMMENTS_DOWN_VOTERS ADD CONSTRAINT PUBLIC.FKJYMYJ54LENHS4KE6MYQHLY72 FOREIGN KEY(COMMENT_MODEL_ID) REFERENCES PUBLIC.COMMENTS(ID) NOCHECK;
ALTER TABLE PUBLIC.CHECKSUMS ADD CONSTRAINT PUBLIC.FKLLW57XBW0D67OPTMWFMU3P2PC FOREIGN KEY(AREA_ID) REFERENCES PUBLIC.AREAS(ID) NOCHECK;
